縣市,鄉鎮市區,村里,納稅單位,綜合所得總額,平均數,中位數,第一分位數,第三分位數,標準差,變異係數
台北市,松山區,中崙里,1309,1493246,1141,787,448,1454,1195.98,104.84
台北市,松山區,自強里,2260,2579061,1141,815,469,1406,2919.76,255.86
台北市,松山區,鵬程里,1828,2680437,1466,812,449,1498,10918.43,744.61
台北市,松山區,東榮里,3178,6619189,2083,982,493,2003,10886.35,522.67
台北市,松山區,介壽里,1631,2221046,1362,872,453,1642,1623.94,119.25
台北市,松山區,東勢里,1155,1533545,1328,776,424,1491,2455.99,184.97
台北市,松山區,東光里,2775,3562600,1284,823,456,1555,2015.88,157.02
台北市,松山區,中正里,2850,4837101,1697,969,490,1930,3132.38,184.56
台北市,松山區,復盛里,2191,2334404,1065,758,424,1389,1060.20,99.51
台北市,松山區,復勢里,2202,2631353,1195,806,444,1464,1392.39,116.52
台北市,松山區,美仁里,1191,1638632,1376,882,474,1657,1768.50,128.54
台北市,松山區,吉仁里,1342,1755069,1308,813,461,1600,1637.97,125.25
台北市,松山區,精忠里,1605,3844857,2396,935,502,1753,30826.55,1286.83
台北市,松山區,東昌里,1747,3961007,2267,935,483,1820,22630.20,998.10
台北市,松山區,福成里,972,2381865,2450,946,496,1836,25647.41,1046.63
台北市,松山區,中華里,1799,2998438,1667,1077,570,2027,2230.49,133.82
台北市,松山區,吉祥里,2822,3761458,1333,817,440,1605,3648.09,273.69
台北市,松山區,新東里,1785,1892920,1060,737,416,1359,1024.89,96.65
台北市,松山區,三民里,2910,3846952,1322,847,461,1553,1833.71,138.71
台北市,松山區,復建里,1259,1532370,1217,774,441,1485,1544.39,126.89
台北市,松山區,敦化里,2362,3402574,1441,893,485,1638,3300.74,229.13
台北市,松山區,安平里,2735,2643739,967,691,408,1233,1023.70,105.90
台北市,松山區,富錦里,1953,2509456,1285,779,417,1553,2033.20,158.23
台北市,松山區,莊敬里,1808,1614446,893,648,388,1134,828.41,92.77
台北市,松山區,新益里,1606,1624779,1012,712,390,1274,1114.15,110.13
台北市,松山區,富泰里,1671,1917209,1147,789,420,1463,1263.62,110.13
台北市,松山區,龍田里,1913,2384203,1246,844,466,1600,1941.55,155.78
台北市,松山區,慈祐里,1833,1619966,884,607,350,1034,1167.92,132.15
台北市,松山區,復源里,1088,1166603,1072,740,431,1390,1059.44,98.81
台北市,松山區,民福里,2207,2456008,1113,770,421,1377,1463.00,131.47
台北市,松山區,松基里,1426,2305739,1617,825,435,1739,3249.62,200.98
台北市,松山區,新聚里,2518,2892861,1149,749,434,1351,2479.11,215.79
台北市,松山區,民有里,3362,6151910,1830,939,461,1882,5514.81,301.38
台北市,大安區,建安里,2080,3517661,1691,915,471,1844,4272.44,252.63
台北市,大安區,通安里,1798,1937957,1078,696,408,1247,1661.53,154.15
台北市,大安區,民輝里,2378,5311943,2234,927,473,1907,12820.24,573.92
台北市,大安區,德安里,2114,4048574,1915,910,466,1886,7229.46,377.49
台北市,大安區,敦安里,2492,4852919,1947,1012,504,2075,4528.90,232.56
台北市,大安區,光明里,1132,1652048,1459,833,457,1732,2342.02,160.48
台北市,大安區,永康里,1190,1648695,1385,824,445,1678,3103.13,223.98
台北市,大安區,福住里,1935,3280178,1695,968,505,1890,4231.12,249.60
台北市,大安區,仁愛里,2508,7422773,2960,1056,488,2211,21436.91,724.31
台北市,大安區,義村里,2357,2806540,1191,821,452,1504,1382.10,116.07
台北市,大安區,臥龍里,928,1085075,1169,704,404,1344,2178.29,186.30
台北市,大安區,通化里,1899,1928533,1016,677,392,1208,1629.79,160.48
台北市,大安區,龍生里,2152,2996266,1392,947,483,1881,1508.11,108.32
台北市,大安區,新龍里,2199,3035164,1380,924,490,1674,3506.32,254.04
台北市,大安區,住安里,1756,2455937,1399,791,433,1425,4767.17,340.85
台北市,大安區,錦泰里,1751,2306949,1318,959,476,1757,1406.59,106.76
台北市,大安區,建倫里,2512,4860037,1935,981,481,2101,3971.30,205.26
台北市,大安區,錦華里,1792,2693118,1503,964,461,1861,2790.48,185.68
台北市,大安區,光武里,2941,4147380,1410,812,421,1672,2365.61,167.75
台北市,大安區,仁慈里,1883,3042701,1616,910,466,1919,2595.46,160.62
台北市,大安區,黎孝里,2515,2786854,1108,766,437,1432,1271.69,114.76
台北市,大安區,民炤里,3039,5269664,1734,922,475,1861,3794.01,218.80
台北市,大安區,昌隆里,1419,1953968,1377,881,435,1687,1705.15,123.83
台北市,大安區,黎和里,1297,1168201,901,660,411,1144,749.93,83.26
台北市,大安區,龍雲里,1917,3855066,2011,898,479,1859,7052.05,350.68
台北市,大安區,青？里,442,495223,1120,689,381,1395,1107.17,98.82
台北市,大安區,芳和里,1957,1823799,932,671,405,1178,914.97,98.18
台北市,大安區,龍安里,1956,3232629,1653,1001,494,1996,4429.21,268.00
台北市,大安區,義安里,2071,4904940,2368,994,489,2218,9007.31,380.31
台北市,大安區,虎嘯里,1217,1642953,1350,854,493,1611,1612.57,119.45
台北市,大安區,龍淵里,3081,4422548,1435,942,494,1819,2160.60,150.52
台北市,大安區,龍坡里,1922,2851677,1484,1045,522,1972,1486.15,100.17
台北市,大安區,龍門里,1526,2710217,1776,989,505,2078,2972.12,167.35
台北市,大安區,敦煌里,2357,4487574,1904,983,496,2093,5623.18,295.35
台北市,大安區,？賢里,2122,3466843,1634,867,466,1757,4950.43,303.01
台北市,大安區,車層里,2625,4931472,1879,903,461,1812,6748.92,359.24
台北市,大安區,光信里,2719,4371476,1608,866,468,1770,4270.06,265.59
台北市,大安區,和安里,2290,5465068,2386,963,509,1814,17921.55,750.96
台北市,大安區,正聲里,1861,2963151,1592,958,473,1809,2942.56,184.81
台北市,大安區,誠安里,1629,1956842,1201,775,409,1412,2771.48,230.72
台北市,大安區,華聲里,1588,2227314,1403,863,472,1634,2902.41,206.93
台北市,大安區,臨江里,1353,1194568,883,629,383,1118,1054.71,119.46
台北市,大安區,龍陣里,1343,1713074,1276,909,464,1678,1334.34,104.61
台北市,大安區,龍圖里,2409,3769148,1565,926,483,1805,2908.10,185.87
台北市,大安區,古莊里,2304,3027349,1314,890,472,1666,1740.85,132.49
台北市,大安區,錦安里,1750,2664291,1522,961,497,1869,1930.37,126.79
台北市,大安區,大學里,3440,4942870,1437,911,481,1782,1997.89,139.04
台北市,大安區,古風里,1529,2226080,1456,921,468,1779,2649.24,181.97
台北市,大安區,全安里,1726,3294082,1909,963,508,2005,6010.79,314.95
台北市,大安區,農場里,642,870729,1356,865,437,1869,1363.99,100.57
台北市,大安區,黎元里,1709,1391960,814,612,367,1034,739.62,90.81
台北市,大安區,法治里,1545,2015933,1305,848,460,1588,1670.04,127.99
台北市,大安區,龍泉里,1507,1964678,1304,880,474,1723,1305.34,100.13
台北市,大安區,？英里,2399,2903303,1210,916,493,1575,1184.59,97.88
台北市,中正區,南門里,1114,1322821,1187,814,457,1515,1215.19,102.34
台北市,中正區,龍興里,1164,1273229,1094,712,408,1274,2505.63,229.07
台北市,中正區,愛國里,1094,1404112,1283,799,438,1585,1659.17,129.27
台北市,中正區,龍光里,1276,1675388,1313,924,487,1691,1479.73,112.70
台北市,中正區,河堤里,1729,1982775,1147,797,428,1484,1170.08,102.03
台北市,中正區,龍福里,1910,2557607,1339,963,498,1678,1744.31,130.26
台北市,中正區,螢雪里,1513,1417969,937,668,378,1220,1036.16,110.56
台北市,中正區,永昌里,1606,1346065,838,620,378,1050,776.86,92.69
台北市,中正區,文盛里,993,1277452,1286,859,467,1620,1331.08,103.47
台北市,中正區,忠勤里,1725,1131151,656,527,322,821,569.06,86.78
台北市,中正區,永功里,1924,1914713,995,672,393,1230,1324.76,133.12
台北市,中正區,螢圃里,1865,1950962,1046,720,391,1349,1073.50,102.62
台北市,中正區,幸市里,1734,3476472,2005,847,438,1843,6005.69,299.55
台北市,中正區,文祥里,2368,3521074,1487,924,460,1840,2342.63,157.55
台北市,中正區,黎明里,954,1335515,1400,794,441,1444,2158.38,154.18
台北市,中正區,建國里,457,872757,1910,715,427,1599,6433.56,336.88
台北市,中正區,光復里,1196,2025401,1693,757,390,1536,6930.41,409.24
台北市,中正區,東門里,1288,3149397,2445,874,459,1596,41507.40,1697.52
台北市,中正區,板溪里,1141,1209884,1060,728,405,1376,1160.38,109.43
台北市,中正區,文北里,2025,3339768,1649,950,471,1883,3024.34,183.37
台北市,中正區,梅花里,1264,1704570,1349,795,427,1539,2096.93,155.49
台北市,中正區,廈安里,1100,1050195,955,685,402,1252,911.03,95.42
台北市,中正區,網溪里,1951,2249940,1153,763,436,1433,1790.73,155.28
台北市,中正區,林興里,1532,1746396,1140,735,426,1413,1246.72,109.37
台北市,中正區,幸福里,1508,2115948,1403,829,426,1546,3731.59,265.94
台北市,中正區,水源里,1059,1129574,1067,673,387,1246,1703.90,159.74
台北市,中正區,富水里,725,789968,1090,674,411,1326,1117.25,102.54
台北市,中正區,頂東里,1984,2236616,1127,755,412,1459,1469.57,130.36
台北市,中正區,新營里,2587,3672503,1420,1011,511,1914,1444.91,101.78
台北市,中正區,南福里,2543,3204453,1260,867,460,1634,1480.86,117.52
台北市,中正區,三愛里,2930,4607389,1572,864,446,1735,10097.14,642.11
台北市,萬華區,柳鄉里,1357,915324,675,542,351,857,505.27,74.91
台北市,萬華區,雙園里,1321,1052436,797,556,334,933,919.86,115.46
台北市,萬華區,糖？里,1203,1172627,975,584,339,977,3833.56,393.29
台北市,萬華區,西門里,1034,1020768,987,589,332,1046,2088.13,211.52
台北市,萬華區,仁德里,1790,1689787,944,646,392,1101,1085.19,114.96
台北市,萬華區,新起里,2208,2006045,909,609,359,1036,1327.54,146.12
台北市,萬華區,日善里,1109,858289,774,566,350,952,675.70,87.31
台北市,萬華區,菜園里,1783,1515096,850,585,336,1012,1280.13,150.65
台北市,萬華區,頂碩里,2275,1855929,816,597,363,1001,803.41,98.48
台北市,萬華區,福音里,1068,1094294,1025,579,361,988,5380.82,525.15
台北市,萬華區,華中里,1833,1379564,753,574,360,907,776.00,103.11
台北市,萬華區,青山里,1338,993829,743,566,339,909,685.99,92.36
台北市,萬華區,新和里,2618,2402349,918,679,419,1121,1174.25,127.97
台北市,萬華區,新安里,1706,1267330,743,567,373,895,729.22,98.16
台北市,萬華區,富民里,1467,1200798,819,567,336,985,911.99,111.42
台北市,萬華區,富福里,1494,1565621,1048,620,382,1147,1813.40,173.04
台北市,萬華區,綠堤里,1517,995347,656,530,357,800,491.80,74.96
台北市,萬華區,忠貞里,1321,983552,745,567,348,898,669.62,89.94
台北市,萬華區,日祥里,1467,1072276,731,574,363,907,616.83,84.39
台北市,萬華區,忠德里,1350,1031424,764,571,352,944,737.48,96.53
台北市,萬華區,孝德里,976,671227,688,544,346,845,575.04,83.61
台北市,萬華區,保德里,932,755740,811,618,357,1016,705.28,86.98
台北市,萬華區,全德里,1193,880999,738,559,345,894,688.40,93.22
台北市,萬華區,興德里,1226,920470,751,550,351,926,665.34,88.62
台北市,萬華區,壽德里,1466,1181895,806,603,362,1008,783.52,97.19
台北市,萬華區,凌霄里,1081,758437,702,564,348,900,550.00,78.39
台北市,萬華區,和平里,1947,1376980,707,556,350,903,570.65,80.69
台北市,萬華區,騰雲里,965,829605,860,605,374,1032,937.01,108.99
台北市,萬華區,榮德里,1078,759110,704,542,337,872,726.25,103.13
台北市,萬華區,福星里,1409,1139551,809,562,330,967,884.74,109.39
台北市,萬華區,和德里,1736,1175719,677,523,326,820,586.11,86.54
台北市,萬華區,萬壽里,956,862581,902,610,335,1109,946.21,104.87
台北市,萬華區,銘德里,1404,1098134,782,608,378,992,671.55,85.86
台北市,萬華區,華江里,2383,1812688,761,562,347,941,682.24,89.69
台北市,萬華區,錦德里,1476,1067853,723,580,366,893,600.39,82.99
台北市,萬華區,新忠里,1139,882003,774,615,375,958,631.76,81.58
台北市,大同區,建泰里,1201,1221649,1017,657,390,1163,1392.00,136.85
台北市,大同區,建明里,1337,1532100,1146,683,392,1172,3062.42,267.24
台北市,大同區,雙連里,2629,2200406,837,590,352,988,1239.13,148.05
台北市,大同區,建功里,1302,1163767,894,609,354,1052,1223.10,136.84
台北市,大同區,景星里,729,481030,660,526,341,806,527.42,79.93
台北市,大同區,星明里,1393,1275436,916,638,385,1069,966.91,105.60
台北市,大同區,朝陽里,1203,1246459,1036,580,335,1086,1922.02,185.50
台北市,大同區,大有里,1818,1819646,1001,645,358,1145,1586.05,158.46
台北市,大同區,斯文里,1602,1314956,821,562,340,966,1039.97,126.70
台北市,大同區,揚雅里,935,714521,764,554,350,931,707.56,92.59
台北市,大同區,國順里,1225,836381,683,508,333,814,690.88,101.19
台北市,大同區,國慶里,816,909599,1115,743,396,1300,1368.86,122.80
台北市,大同區,隆和里,1033,946216,916,643,370,1120,1089.81,118.98
台北市,大同區,南芳里,1174,956543,815,587,359,958,874.85,107.37
台北市,大同區,鄰江里,1903,1536019,807,571,352,952,1050.79,130.18
台北市,大同區,玉泉里,1345,1463100,1088,655,360,1211,2012.12,184.97
台北市,大同區,光能里,1586,1485502,937,579,351,1034,1783.95,190.46
台北市,大同區,重慶里,1373,1166715,850,620,383,1052,827.56,97.39
台北市,大同區,至聖里,2620,2285325,872,615,384,1032,1032.60,118.38
台北市,大同區,老師里,1355,1078418,796,582,333,921,1024.53,128.73
台北市,大同區,蓬萊里,1533,1408972,919,615,383,1050,1372.77,149.36
台北市,大同區,民權里,2020,1937131,959,648,383,1110,1349.16,140.69
台北市,大同區,文昌里,369,272414,738,584,379,876,727.18,98.50
台北市,大同區,延平里,1102,948818,861,575,337,1025,991.48,115.16
台北市,大同區,永樂里,1925,2707070,1406,685,381,1212,7446.79,529.54
台北市,大同區,保安里,1890,1641110,868,589,366,982,1427.52,164.40
台北市,中山區,聚盛里,935,778797,833,596,351,1047,884.92,106.24
台北市,中山區,大佳里,306,202792,663,518,311,792,574.29,86.66
台北市,中山區,恆安里,933,1219655,1307,644,383,1192,6211.09,475.13
台北市,中山區,集英里,1808,2004326,1109,641,376,1116,4778.21,431.02
台北市,中山區,正守里,1035,1082763,1046,674,409,1201,1338.07,127.90
台北市,中山區,正義里,1347,1252524,930,644,363,1070,1130.28,121.55
台北市,中山區,新生里,1492,1380059,925,605,363,1093,1222.05,132.12
台北市,中山區,松江里,2280,4332195,1900,762,429,1443,12314.34,648.09
台北市,中山區,江山里,2797,3438844,1229,763,420,1494,1969.27,160.17
台北市,中山區,中山里,1631,1411800,866,585,339,997,993.37,114.76
台北市,中山區,成功里,2174,2981001,1371,756,422,1405,2577.68,187.99
台北市,中山區,下埤里,2768,3080782,1113,697,408,1242,2812.78,252.72
台北市,中山區,中原里,1692,1930772,1141,702,387,1308,1769.26,155.05
台北市,中山區,新庄里,1464,1149586,785,585,344,968,766.78,97.65
台北市,中山區,江寧里,2417,3177299,1315,816,436,1592,1732.28,131.78
台北市,中山區,復華里,1344,1746269,1299,732,416,1269,5593.65,430.51
台北市,中山區,興亞里,1935,2639863,1364,753,425,1397,3129.60,229.40
台北市,中山區,朱園里,1627,2794667,1718,791,418,1632,4496.49,261.78
台北市,中山區,中央里,1280,1441649,1126,695,380,1292,3125.10,277.47
台北市,中山區,新福里,1607,1723315,1072,615,360,1094,4661.01,434.64
台北市,中山區,中庄里,1841,1702222,925,636,369,1092,1119.03,121.03
台北市,中山區,康樂里,793,806761,1017,651,368,1137,1581.83,155.48
台北市,中山區,行政里,1806,1814477,1005,642,360,1151,1980.49,197.12
台北市,中山區,聚葉里,1086,1128197,1039,623,362,1139,2095.18,201.68
台北市,中山區,正得里,1133,1453658,1283,667,361,1320,4634.83,361.24
台北市,中山區,中吉里,1897,2431672,1282,708,397,1284,2976.90,232.23
台北市,中山區,新喜里,1570,1333924,850,603,368,1034,1004.45,118.22
台北市,中山區,埤頭里,1372,1312486,957,665,373,1186,968.09,101.20
台北市,中山區,大直里,3212,4094018,1275,873,451,1604,1649.73,129.43
台北市,中山區,劍潭里,999,875527,876,656,410,1076,778.86,88.87
台北市,中山區,力行里,2343,3584141,1530,783,431,1491,5017.69,328.01
台北市,中山區,朱崙里,1113,1150540,1034,687,413,1240,1142.37,110.51
台北市,中山區,晴光里,1339,2021957,1510,666,357,1254,5566.83,368.65
台北市,中山區,永安里,2776,5347113,1926,1106,527,2167,3960.48,205.61
台北市,中山區,圓山里,1145,1306112,1141,638,369,1126,4541.66,398.14
台北市,中山區,民安里,1721,2013375,1170,690,392,1277,1820.51,155.61
台北市,中山區,行孝里,1191,1017910,855,639,377,1062,751.22,87.90
台北市,中山區,龍洲里,1854,2253551,1216,813,456,1453,4221.15,347.27
台北市,中山區,行仁里,2451,1993443,813,618,382,1019,725.41,89.19
台北市,中山區,朱馥里,1896,1773143,935,645,375,1161,1119.59,119.72
台北市,文山區,景美里,1447,1484480,1026,732,410,1257,1022.98,99.72
台北市,文山區,景行里,1532,1408214,919,629,369,1053,1777.70,193.40
台北市,文山區,景仁里,1564,1641200,1049,711,404,1297,1697.89,161.80
台北市,文山區,萬有里,1493,1748795,1171,828,446,1530,1277.02,109.02
台北市,文山區,景慶里,2020,1948002,964,686,399,1198,1249.03,129.52
台北市,文山區,萬隆里,2123,2361429,1112,823,464,1389,1238.39,111.34
台北市,文山區,萬祥里,1408,1425683,1013,751,419,1295,989.21,97.69
台北市,文山區,萬年里,1767,2011140,1138,771,427,1479,1350.05,118.62
台北市,文山區,萬盛里,1558,1671812,1073,763,418,1388,1053.99,98.22
台北市,文山區,萬和里,966,940447,974,704,439,1180,937.71,96.32
台北市,文山區,興福里,1731,1786798,1032,729,401,1280,1258.23,121.89
台北市,文山區,興得里,1822,1675457,920,705,426,1205,731.04,79.50
台北市,文山區,興豐里,2638,2647918,1004,754,449,1306,1004.99,100.12
台北市,文山區,興旺里,1953,1912434,979,743,420,1262,907.43,92.67
台北市,文山區,興光里,1472,1403667,954,681,391,1183,959.65,100.64
台北市,文山區,興安里,2033,2464199,1212,848,472,1534,1512.45,124.78
台北市,文山區,興昌里,2008,2525658,1258,850,465,1584,2387.42,189.81
台北市,文山區,興泰里,1186,1153430,973,731,421,1274,876.54,90.13
台北市,文山區,興業里,1811,1993909,1101,780,450,1389,1141.33,103.66
台北市,文山區,景東里,2004,2010331,1003,741,452,1253,1027.83,102.46
台北市,文山區,景華里,1766,1861503,1054,739,418,1339,1185.73,112.49
台北市,文山區,興家里,1721,1742291,1012,763,446,1293,1000.26,98.80
台北市,文山區,萬芳里,4029,4904765,1217,784,453,1400,2816.13,231.33
台北市,文山區,木柵里,2617,2811729,1074,718,411,1331,1323.64,123.20
台北市,文山區,博嘉里,1273,1666449,1309,709,400,1444,3787.17,289.30
台北市,文山區,樟？里,2778,2890540,1041,686,411,1244,1606.91,154.43
台北市,文山區,老泉里,200,146992,735,521,326,815,812.52,110.55
台北市,文山區,木新里,2657,2438124,918,636,393,1129,947.81,103.29
台北市,文山區,指南里,763,673247,882,645,375,1090,785.16,88.98
台北市,文山區,華興里,2268,2361389,1041,737,415,1292,1170.89,112.46
台北市,文山區,順興里,3106,3051907,983,705,420,1252,1008.22,102.61
台北市,文山區,萬興里,2909,3781352,1300,868,473,1632,1588.58,122.21
台北市,文山區,明興里,2291,2393498,1045,771,451,1314,1100.21,105.31
台北市,文山區,明義里,878,745322,849,542,327,1004,1150.00,135.47
台北市,文山區,試院里,2055,2199577,1070,765,432,1350,1414.63,132.17
台北市,文山區,樟新里,3392,3792263,1118,730,429,1307,2239.43,200.31
台北市,文山區,樟林里,2775,2967654,1069,772,439,1379,1255.54,117.40
台北市,南港區,南港里,1884,1532546,813,588,355,1028,760.55,93.50
台北市,南港區,三重里,997,664227,666,535,304,870,533.52,80.08
台北市,南港區,新富里,1299,974034,750,577,359,963,637.20,84.98
台北市,南港區,中研里,3091,3097505,1002,723,421,1324,866.90,86.51
台北市,南港區,鴻福里,1558,1447361,929,656,394,1176,909.37,97.89
台北市,南港區,東新里,2197,1763205,803,615,386,991,740.59,92.28
台北市,南港區,西新里,1454,1055313,726,580,369,946,555.84,76.58
台北市,南港區,新光里,1277,1085842,850,631,380,1073,1422.14,167.25
台北市,南港區,百福里,1623,1255152,773,598,360,977,740.14,95.71
台北市,南港區,玉成里,1461,1203808,824,588,357,959,1422.18,172.60
台北市,南港區,成福里,3443,2768111,804,615,393,1001,733.65,91.25
台北市,南港區,中南里,1318,932869,708,565,361,868,636.15,89.88
台北市,南港區,舊庄里,2450,1801876,735,568,362,907,1130.92,153.77
台北市,南港區,九如里,1721,1480100,860,625,384,1052,1131.18,131.53
台北市,南港區,東明里,1479,1308771,885,629,374,1096,848.20,95.85
台北市,南港區,合成里,2009,1608387,801,612,369,979,848.97,106.04
台北市,南港區,聯成里,1676,1480279,883,667,390,1117,831.87,94.19
台北市,南港區,萬福里,1406,1341924,954,691,408,1204,947.86,99.31
台北市,內湖區,紫陽里,2285,2662939,1165,815,450,1472,1598.62,137.17
台北市,內湖區,紫星里,2510,2523278,1005,702,417,1235,1167.96,116.18
台北市,內湖區,湖興里,2526,3047555,1206,782,431,1341,1772.15,146.89
台北市,內湖區,大湖里,3868,6086496,1574,993,516,1751,2832.59,180.01
台北市,內湖區,紫雲里,1567,1342124,856,652,395,1050,945.87,110.44
台北市,內湖區,瑞陽里,2501,2768542,1107,765,451,1355,1385.35,125.15
台北市,內湖區,清白里,1984,2301208,1160,801,447,1422,1414.19,121.92
台北市,內湖區,港墘里,2062,2174817,1055,762,447,1343,1140.14,108.10
台北市,內湖區,西湖里,2405,2329136,968,716,421,1195,1701.23,175.66
台北市,內湖區,石潭里,782,608417,778,571,356,887,1023.15,131.51
台北市,內湖區,葫洲里,7900,10227243,1295,864,473,1573,1853.38,143.16
台北市,內湖區,五分里,2736,2232471,816,626,370,1020,771.91,94.60
台北市,內湖區,內湖里,1934,2168793,1121,789,439,1431,1125.05,100.33
台北市,內湖區,週美里,1476,1046477,709,559,356,904,569.41,80.31
台北市,內湖區,內溝里,2516,2269437,902,701,407,1188,752.43,83.42
台北市,內湖區,碧山里,1950,1884792,967,733,425,1266,824.90,85.34
台北市,內湖區,瑞光里,1447,1381827,955,724,428,1246,819.80,85.85
台北市,內湖區,金龍里,1792,1559657,870,668,403,1090,792.56,91.06
台北市,內湖區,行善里,1764,1319553,748,602,365,951,601.77,80.45
台北市,內湖區,湖濱里,2454,3336421,1360,847,471,1569,2747.70,202.10
台北市,內湖區,東湖里,4177,4193569,1004,730,419,1259,1157.64,115.31
台北市,內湖區,樂康里,2049,1744957,852,643,370,1097,808.77,94.97
台北市,內湖區,西安里,1998,2254496,1128,810,462,1390,1454.04,128.86
台北市,內湖區,西康里,2475,2922642,1181,802,457,1419,1600.23,135.51
台北市,內湖區,港富里,2768,2888269,1043,730,410,1315,1291.00,123.72
台北市,內湖區,港華里,2436,2724778,1119,750,424,1378,1647.98,147.33
台北市,內湖區,港都里,3116,3147886,1010,724,411,1288,1068.18,105.74
台北市,內湖區,金瑞里,1942,1992822,1026,753,414,1304,955.71,93.13
台北市,內湖區,湖元里,1527,1759777,1152,840,459,1448,1134.53,98.45
台北市,士林區,新安里,717,2039344,2844,731,426,1320,12960.05,455.65
台北市,士林區,仁勇里,1475,1483710,1006,642,370,1163,1956.77,194.53
台北市,士林區,福林里,1244,1253417,1008,705,415,1247,1608.83,159.67
台北市,士林區,福志里,2399,2881673,1201,760,447,1423,1679.61,139.83
台北市,士林區,福德里,1437,1391529,968,709,411,1208,960.64,99.20
台北市,士林區,福佳里,2289,2334213,1020,677,389,1211,1834.54,179.90
台北市,士林區,舊佳里,2218,2361785,1065,715,401,1235,2219.53,208.44
台北市,士林區,富光里,1602,1136277,709,544,343,888,625.36,88.17
台北市,士林區,後港里,2489,2314726,930,637,372,1132,1018.66,109.54
台北市,士林區,前港里,1266,1074532,849,595,375,1026,847.77,99.88
台北市,士林區,福中里,1649,1332100,808,600,380,949,843.27,104.39
台北市,士林區,葫蘆里,2083,1641645,788,579,366,925,1486.48,188.61
台北市,士林區,福順里,1652,1252786,758,565,362,909,708.42,93.42
台北市,士林區,葫東里,1168,896177,767,584,363,901,845.22,110.16
台北市,士林區,社新里,2222,1537394,692,536,349,850,592.45,85.63
台北市,士林區,社子里,1757,1355274,771,559,354,883,1769.28,229.37
台北市,士林區,永倫里,2081,1463400,703,547,343,854,770.71,109.60
台北市,士林區,翠山里,2180,3464986,1589,815,443,1476,3724.68,234.34
台北市,士林區,福安里,1183,729528,617,500,308,756,499.59,81.01
台北市,士林區,富洲里,1325,889015,671,544,363,800,595.94,88.82
台北市,士林區,承德里,1683,1574964,936,676,395,1162,1166.59,124.66
台北市,士林區,蘭雅里,2865,3322094,1160,787,437,1435,1561.75,134.69
台北市,士林區,德行里,1357,1258011,927,626,372,1156,942.97,101.72
台北市,士林區,忠誠里,1959,2349327,1199,739,419,1392,1778.37,148.29
台北市,士林區,三玉里,2230,3154575,1415,814,444,1592,2660.64,188.08
台北市,士林區,芝山里,2352,3789891,1611,821,452,1570,9509.83,590.18
台北市,士林區,岩山里,1348,1656288,1229,736,405,1370,2369.51,192.85
台北市,士林區,義信里,817,684317,838,580,345,1014,930.94,111.14
台北市,士林區,永福里,437,1561586,3573,694,428,1609,11937.39,334.06
台北市,士林區,公館里,431,835836,1939,589,361,1131,8690.29,448.12
台北市,士林區,陽明里,985,1413441,1435,735,414,1292,3970.12,276.67
台北市,士林區,菁山里,419,680867,1625,582,380,915,17697.74,1089.10
台北市,士林區,平等里,376,292743,779,560,347,882,779.79,100.16
台北市,士林區,溪山里,391,581496,1487,508,309,769,9108.45,612.46
台北市,士林區,百齡里,2093,1701969,813,618,385,1035,669.59,82.34
台北市,士林區,天玉里,2736,4612308,1686,943,484,1790,4261.88,252.81
台北市,士林區,天福里,1974,2525861,1280,812,442,1571,1919.24,149.99
台北市,士林區,天祿里,1751,2242080,1280,776,427,1497,1871.89,146.19
台北市,士林區,天壽里,1571,2519266,1604,903,467,1801,3176.32,198.07
台北市,士林區,東山里,1560,2226964,1428,755,413,1376,10319.84,722.91
台北市,士林區,福華里,1793,1332317,743,573,360,943,573.20,77.14
台北市,士林區,聖山里,1577,1832687,1162,773,446,1403,1445.87,124.41
台北市,士林區,天和里,2486,4800621,1931,927,478,1768,16138.89,835.75
台北市,士林區,明勝里,1581,1525976,965,639,388,1047,2004.27,207.65
台北市,士林區,社園里,1879,1352289,720,537,346,839,970.96,134.91
台北市,士林區,蘭興里,1981,2460970,1242,755,418,1466,2511.26,202.15
台北市,士林區,天母里,2196,3984171,1814,955,484,1884,4770.80,262.96
台北市,士林區,名山里,2184,3036322,1390,823,448,1501,3428.92,246.64
台北市,士林區,德華里,1767,1830692,1036,628,381,1139,3381.19,326.36
台北市,士林區,天山里,2411,3568193,1480,886,476,1631,5361.50,362.27
台北市,北投區,中央里,2049,1618080,790,592,360,969,847.92,107.37
台北市,北投區,湖山里,788,711420,903,606,369,978,1502.04,166.37
台北市,北投區,永欣里,2176,4038805,1856,1017,509,2099,3320.39,178.89
台北市,北投區,泉源里,618,512652,830,575,359,936,1486.15,179.16
台北市,北投區,一德里,1817,1358359,748,559,350,893,812.56,108.69
台北市,北投區,關渡里,2618,2356511,900,623,368,1024,1852.29,205.78
台北市,北投區,桃源里,1545,1159744,751,574,355,944,636.70,84.82
台北市,北投區,文化里,1232,1197417,972,719,433,1172,1111.70,114.38
台北市,北投區,永和里,2570,4245006,1652,804,437,1550,7434.80,450.12
台北市,北投區,立農里,2361,2054354,870,660,392,1107,766.71,88.12
台北市,北投區,清江里,2310,1708307,740,549,349,900,658.17,89.00
台北市,北投區,八仙里,1442,1310012,908,636,389,1114,937.47,103.19
台北市,北投區,洲美里,496,373420,753,559,333,901,894.84,118.86
台北市,北投區,中和里,1827,1856622,1016,629,379,1061,2499.11,245.92
台北市,北投區,開明里,1984,2031170,1024,650,388,1207,1535.52,149.99
台北市,北投區,長安里,1568,1306822,833,613,355,1020,845.16,101.41
台北市,北投區,大同里,1794,1690761,942,634,372,1117,1086.66,115.30
台北市,北投區,福興里,1940,1790262,923,652,377,1128,1029.14,111.52
台北市,北投區,石牌里,1753,1473477,841,617,367,1086,827.01,98.39
台北市,北投區,奇岩里,2846,3229693,1135,691,400,1285,1666.40,146.84
台北市,北投區,稻香里,1262,998385,791,600,373,958,767.20,96.98
台北市,北投區,溫泉里,1939,1884839,972,649,397,1130,1325.28,136.34
台北市,北投區,立賢里,1538,1357341,883,617,366,1098,1085.31,122.98
台北市,北投區,中心里,1725,1804224,1046,671,381,1258,1562.37,149.38
台北市,北投區,智仁里,1730,1356725,784,624,384,1023,588.51,75.04
台北市,北投區,吉利里,1850,1606910,869,634,380,1111,781.88,90.02
台北市,北投區,尊賢里,1448,1294012,894,633,384,1097,1038.27,116.18
台北市,北投區,東華里,1382,1342510,971,690,420,1219,1059.16,109.03
台北市,北投區,吉慶里,1539,1505388,978,701,399,1211,996.85,101.91
台北市,北投區,中庸里,1231,997512,810,593,360,988,769.84,95.00
台北市,北投區,秀山里,1121,882990,788,580,361,949,727.21,92.32
台北市,北投區,建民里,1466,1319183,900,651,396,1092,915.87,101.78
台北市,北投區,榮光里,2081,1824108,877,607,371,1065,1685.16,192.25
台北市,北投區,裕民里,2107,2211957,1050,689,388,1225,3074.01,292.81
台北市,北投區,振華里,2478,2719769,1098,724,414,1310,1995.94,181.85
台北市,北投區,榮華里,2421,3366671,1391,801,430,1575,2776.70,199.67
台北市,北投區,豐年里,1230,849339,691,544,342,874,525.47,76.10
台北市,北投區,林泉里,942,862226,915,642,392,1081,1867.70,204.05
台北市,北投區,永明里,1386,1415254,1021,699,418,1305,1057.62,103.58
台北市,北投區,文林里,1398,1397109,999,678,403,1241,1167.64,116.84
台北市,信義區,松友里,2027,2030157,1002,756,424,1301,853.77,85.24
台北市,信義區,六藝里,1100,950433,864,659,401,1086,712.22,82.43
台北市,信義區,中興里,1017,1230091,1210,756,407,1414,1779.41,147.12
台北市,信義區,永吉里,1081,828720,767,567,342,914,809.69,105.62
台北市,信義區,敦厚里,1627,1685749,1036,704,411,1326,1044.98,100.86
台北市,信義區,大道里,2216,2229292,1006,709,425,1253,1069.78,106.34
台北市,信義區,安康里,2818,5518735,1958,932,497,1825,6176.14,315.37
台北市,信義區,嘉興里,1170,1087577,930,676,401,1187,935.55,100.65
台北市,信義區,五全里,1736,1650845,951,667,396,1203,1147.07,120.62
台北市,信義區,新仁里,1464,2093922,1430,866,460,1624,3384.32,236.62
台北市,信義區,正和里,1756,2350204,1338,874,467,1673,1753.69,131.03
台北市,信義區,惠安里,2187,2014572,921,664,397,1162,821.75,89.21
台北市,信義區,三？里,1680,2962226,1763,796,450,1603,5963.26,338.20
台北市,信義區,六合里,2227,3847988,1728,849,450,1575,8359.38,483.79
台北市,信義區,泰和里,2487,2230552,897,637,385,1100,1511.49,168.53
台北市,信義區,西村里,1609,1825526,1135,797,469,1506,1082.46,95.41
台北市,信義區,興隆里,1056,4812929,4558,856,441,1836,53974.50,1184.25
台北市,信義區,景新里,1625,2195843,1351,733,426,1413,6674.22,493.92
台北市,信義區,景聯里,1693,1828613,1080,763,415,1302,2444.81,226.35
台北市,信義區,景勤里,1463,1246677,852,611,381,1063,802.03,94.12
台北市,信義區,黎順里,1420,1475262,1039,736,431,1311,1123.57,108.15
台北市,信義區,黎平里,2277,2288919,1005,722,430,1248,1204.40,119.81
台北市,信義區,黎忠里,1513,1292666,854,634,379,1094,745.34,87.24
台北市,信義區,松隆里,756,587854,778,562,350,924,750.91,96.57
台北市,信義區,中坡里,1566,1466440,936,682,398,1166,926.71,98.96
台北市,信義區,永春里,1740,1490953,857,642,375,1054,786.56,91.79
台北市,信義區,富台里,1052,884818,841,622,402,1047,710.50,84.47
台北市,信義區,長春里,1333,1047264,786,609,391,965,666.79,84.87
台北市,信義區,五常里,1240,1164956,939,675,391,1236,900.77,95.88
台北市,信義區,四維里,1946,2239302,1151,798,461,1452,1441.87,125.30
台北市,信義區,雅祥里,1488,1229960,827,637,382,1019,727.27,87.98
台北市,信義區,興雅里,2117,2071440,978,727,417,1262,889.60,90.92
台北市,信義區,廣居里,2128,2651975,1246,879,458,1555,1554.38,124.73
台北市,信義區,中行里,2481,2266292,913,648,386,1144,996.81,109.12
台北市,信義區,四育里,1797,1752058,975,682,394,1197,1617.45,165.89
台北市,信義區,國業里,2248,2359120,1049,781,442,1341,979.16,93.30
台北市,信義區,松光里,1897,1750938,923,669,386,1115,890.02,96.43
台北市,信義區,大仁里,1385,1147613,829,636,381,1070,725.36,87.54
台北市,信義區,雙和里,2225,2233662,1004,707,419,1261,1009.57,100.57
台北市,信義區,黎安里,474,317171,669,537,326,845,488.13,72.95
台北市,信義區,三張里,3254,4142242,1273,705,408,1273,4922.98,386.73
台中市,中區,建國里,107,98617,922,635,347,1159,926.56,100.53
台中市,中區,重慶里,329,342631,1041,581,301,1195,1479.64,142.08
台中市,中區,中山里,228,1006515,4415,631,374,1141,53219.26,1205.55
台中市,中區,南京里,311,255169,820,555,318,931,1097.43,133.76
台中市,中區,繼光里,353,274823,779,519,295,930,835.20,107.28
台中市,中區,繼榮里,223,281580,1263,768,370,1467,1503.27,119.05
台中市,中區,自由里,366,458287,1252,646,344,1506,1882.91,150.37
台中市,中區,錦上里,286,290434,1016,651,351,1234,1524.29,150.10
台中市,中區,錦添里,184,171025,929,632,391,1057,950.97,102.31
台中市,中區,錦花里,308,349811,1136,532,294,939,2894.85,254.88
台中市,中區,大墩里,459,443786,967,555,299,1000,1970.96,203.85
台中市,中區,中墩里,221,196501,889,573,279,1076,1248.98,140.47
台中市,中區,東墩里,92,69672,757,586,285,830,949.99,125.44
台中市,中區,柳原里,203,170450,840,548,322,952,1199.83,142.90
台中市,中區,柳堤里,154,139074,903,529,282,1057,1180.04,130.67
台中市,中區,柳岸里,190,169671,893,540,357,885,1249.20,139.89
台中市,中區,光音里,222,191540,863,572,304,970,1202.17,139.33
台中市,中區,中音里,117,80375,687,568,359,905,499.40,72.70
台中市,中區,正音里,129,146076,1132,614,345,1239,1515.41,133.83
台中市,中區,青松里,125,115379,923,664,327,1292,843.88,91.43
台中市,中區,博松里,100,66715,667,495,311,841,549.70,82.40
台中市,中區,愛松里,122,129296,1060,609,337,1382,1300.54,122.72
台中市,中區,中榮里,109,87404,802,523,335,928,979.77,122.19
台中市,中區,中功里,97,84729,873,599,340,978,954.59,109.28
台中市,中區,中政里,81,49013,605,468,313,664,514.40,85.01
台中市,東區,東勢里,418,315378,754,548,343,939,694.07,91.99
台中市,東區,東門里,1839,1235851,672,490,293,810,799.61,118.99
台中市,東區,成功里,180,111193,618,448,272,787,529.49,85.71
台中市,東區,新庄里,361,330257,915,597,326,1107,1444.18,157.86
台中市,東區,東明里,375,233652,623,509,307,779,501.12,80.43
台中市,東區,泉源里,434,276240,636,477,291,861,574.44,90.25
台中市,東區,文化里,325,214483,660,459,278,804,648.10,98.21
台中市,東區,富台里,337,227202,674,548,329,879,556.99,82.62
台中市,東區,忠孝里,241,139031,577,426,273,734,556.17,96.41
台中市,東區,立德里,251,270941,1079,659,360,1133,1374.78,127.36
台中市,東區,合作里,601,449786,748,608,343,952,896.09,119.73
台中市,東區,翰第里,309,243389,788,519,303,916,989.32,125.60
台中市,東區,振興里,522,448430,859,541,315,931,1694.37,197.24
台中市,東區,曙？里,272,210266,773,621,382,935,602.47,77.94
台中市,東區,頂？里,377,277473,736,553,335,930,622.06,84.52
台中市,東區,朱文里,257,187005,728,515,314,949,658.13,90.45
台中市,東區,東橋里,1292,955618,740,534,324,916,704.41,95.24
台中市,東區,樂業里,28,21902,782,434,289,784,990.05,126.57
台中市,東區,旱溪里,390,250376,642,488,304,791,607.58,94.64
台中市,東區,祖聖里,282,224692,797,583,325,883,822.52,103.23
台中市,東區,樂成里,354,210000,593,452,299,677,560.29,94.45
台中市,東區,干城里,188,156564,833,539,317,924,1135.92,136.40
台中市,東區,東南里,1012,788288,779,554,321,955,883.48,113.42
台中市,東區,尚武里,224,145686,650,527,326,847,478.15,73.52
台中市,東區,十甲里,1872,1367755,731,552,327,915,691.95,94.70
台中市,東區,練武里,78,66645,854,615,442,1028,753.51,88.19
台中市,東區,富仁里,294,208533,709,539,316,873,747.52,105.39
台中市,東區,東興里,682,520652,763,572,325,973,701.95,91.95
台中市,東區,東信里,1568,974788,622,478,288,774,537.74,86.50
台中市,西區,三民里,752,847142,1127,832,440,1530,1061.44,94.22
台中市,西區,光明里,285,327509,1149,648,347,1288,2769.11,240.97
台中市,西區,忠誠里,1832,2014648,1100,646,360,1171,2497.89,227.14
台中市,西區,中興里,1062,1044173,983,645,351,1148,1276.70,129.85
台中市,西區,福壽里,132,101316,768,623,356,956,596.56,77.72
台中市,西區,民生里,389,438197,1126,823,417,1429,1124.21,99.80
台中市,西區,利民里,644,635628,987,724,381,1243,1110.98,112.56
台中市,西區,東昇里,513,615087,1199,710,396,1356,2230.30,186.01
台中市,西區,廣民里,379,378498,999,594,362,1049,2440.02,244.33
台中市,西區,平民里,136,138757,1020,768,391,1367,968.43,94.92
台中市,西區,平和里,528,635367,1203,711,389,1298,2698.88,224.28
台中市,西區,公民里,1612,1846757,1146,708,390,1320,2358.72,205.89
台中市,西區,中民里,759,794102,1046,686,364,1367,1172.22,112.04
台中市,西區,公？里,1527,1213779,795,593,337,947,880.97,110.83
台中市,西區,平龍里,53,53447,1008,587,313,827,2784.03,276.07
台中市,西區,和龍里,437,342813,784,535,304,900,841.95,107.33
台中市,西區,元龍里,177,132907,751,619,360,891,656.65,87.45
台中市,西區,民龍里,693,740356,1068,687,365,1263,1374.15,128.63
台中市,西區,福龍里,232,280644,1210,715,375,1367,1582.94,130.86
台中市,西區,後龍里,153,135710,887,540,311,1007,1092.85,123.21
台中市,西區,靖龍里,689,908460,1319,692,400,1324,3308.70,250.94
台中市,西區,雲龍里,641,604622,943,655,370,1132,1266.67,134.29
台中市,西區,永龍里,307,286680,934,713,376,1146,886.91,94.98
台中市,西區,安龍里,817,789174,966,644,367,1306,979.68,101.42
台中市,西區,忠明里,1538,1645855,1070,610,333,1102,3038.95,283.98
台中市,西區,公正里,4001,4056784,1014,713,390,1264,1396.36,137.72
台中市,西區,昇平里,1290,1162556,901,623,354,1080,1101.30,122.20
台中市,西區,土庫里,2640,2640553,1000,695,411,1236,1148.77,114.85
台中市,西區,藍興里,778,663578,853,608,363,1022,780.05,91.46
台中市,西區,吉龍里,1975,2044643,1035,683,385,1237,1820.25,175.82
台中市,西區,公益里,840,634811,756,545,332,924,685.04,90.65
台中市,南區,南門里,1222,1218450,997,653,367,1184,1582.83,158.74
台中市,南區,和平里,3142,2516099,801,617,364,1027,705.00,88.04
台中市,南區,正義里,272,297566,1094,723,351,1342,1535.25,140.34
台中市,南區,中南里,134,83362,622,448,220,801,750.43,120.63
台中市,南區,福興里,919,764560,832,600,361,1057,875.33,105.21
台中市,南區,南興里,221,230329,1042,704,386,1366,990.71,95.06
台中市,南區,民主里,313,307894,984,597,311,1227,1058.27,107.58
台中市,南區,復興里,646,541482,838,595,340,1005,843.54,100.64
台中市,南區,萬安里,340,266409,784,559,322,1080,682.36,87.08
台中市,南區,信義里,373,380539,1020,676,385,1246,1677.76,164.45
台中市,南區,城隍里,481,358079,744,569,325,964,627.20,84.25
台中市,南區,頂南里,222,195380,880,622,341,1227,819.73,93.14
台中市,南區,德義里,914,808681,885,641,376,1124,800.81,90.51
台中市,南區,積善里,899,758369,844,606,347,1062,782.75,92.79
台中市,南區,江川里,595,459494,772,599,355,1002,635.64,82.31
台中市,南區,新榮里,973,828321,851,655,381,1084,736.27,86.49
台中市,南區,永興里,2383,1879679,789,620,374,1000,664.45,84.24
台中市,南區,樹義里,2925,2389425,817,622,377,1021,849.68,104.01
台中市,南區,樹德里,1318,960825,729,603,381,898,572.43,78.52
台中市,南區,西川里,2045,1630389,797,597,354,1019,745.46,93.50
台中市,南區,國光里,1222,1030552,843,628,351,1096,740.51,87.81
台中市,南區,福平里,2455,1851276,754,574,337,954,661.24,87.69
台中市,北區,金龍里,1329,1131893,852,638,361,1089,773.49,90.82
台中市,北區,平等里,303,315748,1042,598,348,1121,1542.88,148.06
台中市,北區,長安里,137,102443,748,471,263,955,829.59,110.94
台中市,北區,五常里,412,339245,823,607,346,1019,773.11,93.89
台中市,北區,高風里,192,246643,1285,759,410,1511,1652.88,128.67
台中市,北區,遠志里,119,103002,866,651,375,1134,795.65,91.92
台中市,北區,光華里,48,33586,700,423,228,1075,710.08,101.48
台中市,北區,高平里,66,48685,738,518,296,812,707.23,95.88
台中市,北區,南靖里,97,73312,756,508,333,884,841.71,111.37
台中市,北區,文正里,62,49409,797,583,302,1068,734.10,92.12
台中市,北區,大安里,133,87248,656,459,244,716,884.79,134.88
台中市,北區,光興里,100,80902,809,630,374,1115,603.18,74.56
台中市,北區,光榮里,98,64273,656,484,279,842,582.64,88.84
台中市,北區,光正里,29,19783,682,466,338,835,529.20,77.58
台中市,北區,光大里,506,353594,699,519,305,855,654.44,93.65
台中市,北區,湖北里,206,135008,655,489,297,779,647.94,98.86
台中市,北區,中湖里,99,65664,663,474,283,866,556.64,83.92
台中市,北區,湖南里,37,19266,521,484,275,642,344.55,66.17
台中市,北區,仁和里,83,53778,648,424,256,686,889.20,137.24
台中市,北區,香蕉里,94,57151,608,498,285,686,473.51,77.88
台中市,北區,錦和里,333,270506,812,594,340,981,783.46,96.45
台中市,北區,新興里,359,310900,866,586,336,1116,795.87,91.90
台中市,北區,錦村里,980,861346,879,656,381,1121,748.19,85.13
台中市,北區,邱厝里,668,647451,969,688,356,1188,1161.03,119.79
台中市,北區,賴厝里,1798,2391353,1330,683,376,1297,6905.08,519.18
台中市,北區,賴村里,1147,978631,853,607,341,1020,924.54,108.36
台中市,北區,淡溝里,1316,1337355,1016,663,373,1235,1455.66,143.24
台中市,北區,中達里,795,573805,722,558,339,962,610.33,84.56
台中市,北區,新北里,778,1120380,1440,730,394,1386,3413.28,237.02
台中市,北區,樂英里,738,554338,751,565,341,915,670.34,89.24
台中市,北區,武順里,205,177307,865,551,349,917,1503.23,173.80
台中市,北區,錦洲里,934,806568,864,600,336,1018,1592.73,184.44
台中市,北區,文莊里,585,500385,855,582,349,1123,773.34,90.41
台中市,北區,金華里,586,764861,1305,804,421,1400,2901.56,222.30
台中市,北區,育德里,957,860746,899,638,345,1137,980.87,109.06
台中市,北區,頂厝里,2084,1994219,957,618,353,1110,1532.89,160.19
台中市,北區,建興里,1666,1481523,889,640,363,1121,841.77,94.66
台中市,北區,建成里,2171,1557490,717,551,335,881,731.89,102.02
台中市,北區,健行里,1780,1562969,878,606,341,1066,955.82,108.85
台中市,北區,明德里,2143,1958935,914,649,372,1126,1016.58,111.21
台中市,北區,長青里,2412,2247356,932,693,398,1192,873.77,93.78
台中市,北區,賴興里,1896,1676431,884,635,361,1119,924.21,104.53
台中市,北區,賴明里,1562,1512018,968,649,366,1190,1787.06,184.61
台中市,北區,錦祥里,859,749633,873,595,334,1060,1028.70,117.88
台中市,西屯區,鵬程里,23,14233,619,532,362,803,340.40,55.01
台中市,西屯區,永安里,1540,1211698,787,560,345,930,893.95,113.62
台中市,西屯區,西安里,2151,1886193,877,687,379,1125,998.83,113.91
台中市,西屯區,福安里,7184,7179271,999,735,419,1211,1191.47,119.23
台中市,西屯區,西墩里,1077,835244,776,555,343,925,866.04,111.67
台中市,西屯區,潮洋里,709,701587,990,670,398,1178,1097.12,110.87
台中市,西屯區,龍潭里,291,177339,609,485,310,797,497.48,81.63
台中市,西屯區,惠來里,1394,1639018,1176,639,381,1169,3459.21,294.21
台中市,西屯區,何安里,1363,1182505,868,609,355,1061,925.51,106.68
台中市,西屯區,何厝里,1917,1666254,869,630,365,1041,1095.23,126.00
台中市,西屯區,上石里,3063,2514700,821,636,374,1041,752.75,91.69
台中市,西屯區,大河里,1063,805779,758,548,322,932,805.16,106.22
台中市,西屯區,大石里,214,144945,677,575,330,936,475.70,70.23
台中市,西屯區,港尾里,1418,1051953,742,567,343,947,676.73,91.22
台中市,西屯區,廣福里,595,387922,652,541,334,806,527.98,80.98
台中市,西屯區,林厝里,794,848701,1069,583,354,1167,1312.75,122.81
台中市,西屯區,協和里,1137,1082674,952,599,368,997,2771.63,291.07
台中市,西屯區,逢甲里,2322,1795273,773,586,357,983,686.13,88.74
台中市,西屯區,大福里,738,528202,716,546,326,849,772.03,107.87
台中市,西屯區,大鵬里,1136,840195,740,569,338,938,647.22,87.51
台中市,西屯區,西平里,1328,1086431,818,624,377,1055,669.95,81.89
台中市,西屯區,何仁里,1510,1250754,828,633,368,1073,709.29,85.63
台中市,西屯區,何德里,1990,1869416,939,685,382,1163,1194.67,127.17
台中市,西屯區,何源里,1587,1516683,956,693,390,1243,943.18,98.69
台中市,西屯區,何南里,2927,3000267,1025,739,415,1291,1106.46,107.94
台中市,南屯區,黎明里,557,550369,988,706,425,1247,1030.47,104.29
台中市,南屯區,新生里,364,222681,612,490,298,754,576.38,94.22
台中市,南屯區,中和里,1157,786120,679,537,325,890,548.12,80.67
台中市,南屯區,大同里,3079,3030543,984,690,397,1198,1827.42,185.66
台中市,南屯區,南屯里,1808,1473813,815,610,358,1032,829.25,101.73
台中市,南屯區,豐樂里,1921,1732633,902,628,366,1118,958.59,106.28
台中市,南屯區,楓樹里,1255,889415,709,542,325,894,697.47,98.42
台中市,南屯區,鎮平里,515,346067,672,523,316,841,563.96,83.93
台中市,南屯區,春社里,1528,1038608,680,548,335,887,514.92,75.76
台中市,南屯區,文山里,2532,1939422,766,623,375,961,809.55,105.69
台中市,南屯區,永定里,897,666753,743,579,332,961,973.31,130.94
台中市,南屯區,三厝里,4212,4129181,980,783,454,1241,896.14,91.41
台中市,南屯區,溝墘里,4305,5239774,1217,832,458,1492,1774.10,145.76
台中市,南屯區,田心里,4266,4199264,984,659,377,1195,1306.83,132.76
台中市,南屯區,春安里,414,233613,564,471,318,739,364.45,64.59
台中市,南屯區,黎光里,926,752682,813,680,380,1085,591.02,72.71
台中市,北屯區,東光里,1120,749792,669,523,321,815,550.66,82.26
台中市,北屯區,仁愛里,168,130013,774,566,333,932,858.94,110.99
台中市,北屯區,和平里,1215,871398,717,552,326,922,792.55,110.51
台中市,北屯區,東山里,415,285912,689,529,333,827,590.67,85.74
台中市,北屯區,平和里,2329,2186409,939,664,363,1183,969.31,103.25
台中市,北屯區,仁和里,1888,1541252,816,589,345,1014,809.51,99.16
台中市,北屯區,北屯里,1855,1731610,933,624,372,1108,1334.85,143.00
台中市,北屯區,三光里,3220,2665268,828,622,365,1046,720.98,87.10
台中市,北屯區,舊社里,1462,977435,669,545,334,860,495.65,74.14
台中市,北屯區,水景里,1628,1292184,794,569,346,956,1459.13,183.83
台中市,北屯區,軍功里,1751,1246872,712,530,324,892,630.63,88.56
台中市,北屯區,平田里,3235,2714008,839,627,371,1020,781.07,93.10
台中市,北屯區,大坑里,374,247616,662,493,298,775,611.97,92.43
台中市,北屯區,民德里,162,129202,798,531,296,1083,704.70,88.36
台中市,北屯區,？子里,460,326435,710,517,278,830,743.45,104.76
台中市,北屯區,民政里,260,210329,809,481,284,782,1138.28,140.71
台中市,北屯區,松竹里,1721,1737711,1010,725,402,1281,1040.71,103.07
台中市,北屯區,仁美里,1399,954601,682,526,336,839,582.01,85.30
台中市,北屯區,四民里,328,227951,695,542,313,828,611.62,88.01
台中市,北屯區,同榮里,1520,1124965,740,578,336,950,658.14,88.92
台中市,北屯區,陳平里,2273,1992614,877,619,366,1054,1202.48,137.17
台中市,北屯區,后庄里,1623,1228761,757,580,338,939,680.42,89.87
台中市,北屯區,北興里,1060,863495,815,615,358,1038,701.31,86.09
台中市,北屯區,新平里,1206,823427,683,529,327,863,608.36,89.10
台中市,北屯區,水湳里,1727,1344453,778,564,335,970,935.43,120.16
台中市,北屯區,平安里,1348,1216603,903,619,347,1040,2983.99,330.63
台中市,北屯區,平德里,1412,1331618,943,665,381,1219,964.34,102.26
台中市,北屯區,平順里,2590,2351224,908,652,366,1118,1029.80,113.44
台中市,北屯區,大德里,1246,960584,771,620,346,1005,618.60,80.24
台中市,北屯區,松安里,2480,1919714,774,608,355,996,632.96,81.77
台中市,北屯區,松茂里,3456,2977263,861,661,382,1111,780.04,90.55
基隆市,中正區,中正里,736,460110,625,515,318,779,497.60,79.60
基隆市,中正區,建國里,805,641444,797,616,370,1063,609.74,76.52
基隆市,中正區,正義里,523,367425,703,555,332,885,580.87,82.68
基隆市,中正區,信義里,383,269222,703,569,328,933,533.85,75.95
基隆市,中正區,德義里,350,307810,879,653,370,1138,836.40,95.10
基隆市,中正區,義重里,407,259557,638,495,308,818,513.59,80.53
基隆市,中正區,港通里,534,527435,988,635,349,1109,1769.66,179.17
基隆市,中正區,中船里,491,317946,648,510,301,814,563.43,87.01
基隆市,中正區,正船里,530,342240,646,505,315,838,504.17,78.08
基隆市,中正區,入船里,437,330912,757,576,332,1006,633.04,83.60
基隆市,中正區,中砂里,509,348938,686,535,332,840,581.45,84.82
基隆市,中正區,正砂里,878,683055,778,589,370,941,693.56,89.15
基隆市,中正區,真砂里,521,351982,676,561,352,857,513.90,76.07
基隆市,中正區,砂灣里,694,451869,651,525,304,806,513.13,78.81
基隆市,中正區,中濱里,521,316154,607,509,310,742,441.62,72.78
基隆市,中正區,正濱里,459,289532,631,519,302,794,510.37,80.91
基隆市,中正區,社寮里,677,379801,561,471,284,710,430.55,76.75
基隆市,中正區,平寮里,568,355156,625,506,333,785,469.55,75.09
基隆市,中正區,八斗里,458,270843,591,463,296,751,490.98,83.03
基隆市,中正區,長潭里,148,90252,610,486,363,724,445.43,73.04
基隆市,中正區,砂子里,872,498086,571,461,302,719,411.30,72.01
基隆市,中正區,海濱里,437,240822,551,460,286,689,428.37,77.73
基隆市,中正區,和憲里,301,158433,526,460,270,668,365.85,69.51
基隆市,中正區,碧砂里,1002,655085,654,543,342,868,455.85,69.73
基隆市,中正區,新豐里,1550,993263,641,541,344,809,455.59,71.10
基隆市,中山區,安平里,347,214468,618,501,304,792,479.40,77.57
基隆市,中山區,德安里,1132,803145,709,609,375,949,465.76,65.65
基隆市,中山區,通化里,418,256831,614,529,309,776,440.83,71.75
基隆市,中山區,和平里,246,187625,763,659,390,1037,504.44,66.14
基隆市,中山區,中山里,406,237227,584,497,311,756,400.19,68.49
基隆市,中山區,西康里,554,336730,608,504,292,740,608.87,100.17
基隆市,中山區,文化里,364,229071,629,534,310,827,443.34,70.45
基隆市,中山區,中和里,2876,1916190,666,561,362,849,441.74,66.30
基隆市,中山區,中興里,467,264681,567,488,311,733,367.10,64.77
基隆市,中山區,協和里,556,405010,728,557,352,1045,509.92,70.00
基隆市,中山區,安民里,419,270656,646,544,354,800,455.15,70.46
基隆市,中山區,新建里,281,172506,614,483,303,791,468.27,76.28
基隆市,中山區,民治里,366,238380,651,542,347,786,473.47,72.69
基隆市,中山區,仁正里,305,190701,625,523,350,840,394.86,63.15
基隆市,中山區,健民里,543,310870,573,490,307,707,426.29,74.46
基隆市,中山區,居仁里,510,327704,643,543,334,794,437.26,68.05
基隆市,中山區,通明里,751,489857,652,529,337,862,453.06,69.46
基隆市,中山區,仙洞里,267,153365,574,463,303,709,404.07,70.35
基隆市,中山區,太白里,343,209559,611,517,332,790,460.10,75.31
基隆市,中山區,西榮里,280,191705,685,525,320,850,591.11,86.34
基隆市,中山區,西華里,357,224746,630,502,291,825,512.00,81.33
基隆市,中山區,西定里,343,205162,598,490,302,757,497.31,83.14
基隆市,中山區,德和里,1731,1389336,803,641,383,1057,626.37,78.04
基隆市,信義區,東光里,706,473340,670,546,345,870,480.71,71.70
基隆市,信義區,東明里,1221,928168,760,603,349,1013,586.84,77.20
基隆市,信義區,東信里,1245,1020432,820,676,419,1059,618.05,75.41
基隆市,信義區,仁壽里,471,417199,886,620,352,1095,880.40,99.39
基隆市,信義區,仁義里,498,438641,881,656,366,1120,800.18,90.85
基隆市,信義區,義幸里,950,772063,813,623,345,1041,731.38,89.99
基隆市,信義區,義民里,315,216366,687,522,331,862,572.46,83.34
基隆市,信義區,義和里,558,398318,714,583,346,917,525.29,73.59
基隆市,信義區,智慧里,256,186099,727,561,364,948,534.90,73.58
基隆市,信義區,智誠里,542,327305,604,491,316,762,427.00,70.71
基隆市,信義區,禮儀里,607,474793,782,606,361,973,699.33,89.41
基隆市,信義區,禮東里,595,488842,822,627,365,1044,773.17,94.11
基隆市,信義區,信綠里,921,733175,796,618,357,1075,596.39,74.92
基隆市,信義區,孝岡里,296,171182,578,489,309,711,412.11,71.26
基隆市,信義區,孝深里,2458,1683990,685,564,360,884,504.10,73.58
基隆市,信義區,東安里,1016,819969,807,610,358,1077,700.25,86.77
基隆市,信義區,義昭里,384,298537,777,628,387,1036,574.46,73.89
基隆市,信義區,孝賢里,713,597453,838,720,430,1074,583.20,69.60
基隆市,七堵區,自強里,362,204254,564,456,297,705,424.03,75.15
基隆市,七堵區,富民里,1436,1061746,739,564,370,931,617.16,83.47
基隆市,七堵區,永安里,819,546545,667,560,356,862,460.92,69.07
基隆市,七堵區,百福里,1728,1179217,682,567,353,884,489.88,71.79
基隆市,七堵區,八德里,629,415515,661,531,328,828,644.61,97.58
基隆市,七堵區,長興里,1493,995058,666,533,341,853,500.72,75.13
基隆市,七堵區,正光里,779,561086,720,589,366,910,570.80,79.25
基隆市,七堵區,永平里,841,594236,707,561,366,897,544.18,77.02
基隆市,七堵區,泰安里,1226,812473,663,561,351,864,448.41,67.66
基隆市,七堵區,堵南里,1208,804182,666,545,349,827,573.01,86.08
基隆市,七堵區,堵北里,1132,793093,701,571,364,881,549.63,78.45
基隆市,七堵區,六堵里,564,381614,677,560,360,858,493.54,72.94
基隆市,七堵區,友一里,451,664195,1473,735,418,1496,2679.58,181.95
基隆市,七堵區,友二里,133,73245,551,451,313,669,449.87,81.69
基隆市,七堵區,瑪東里,98,54093,552,417,240,760,450.04,81.53
基隆市,七堵區,瑪南里,159,91255,574,469,280,775,400.70,69.82
基隆市,七堵區,瑪西里,108,59852,554,445,267,698,412.66,74.46
基隆市,七堵區,實踐里,1294,861906,666,562,344,851,492.18,73.89
基隆市,七堵區,正明里,803,568565,708,576,346,902,558.18,78.83
基隆市,暖暖區,碇內里,829,585976,707,573,341,926,521.62,73.80
基隆市,暖暖區,過港里,1192,845081,709,576,352,910,564.59,79.64
基隆市,暖暖區,暖暖里,840,618423,736,591,361,956,577.65,78.46
基隆市,暖暖區,暖同里,793,588903,743,612,367,960,532.95,71.76
基隆市,暖暖區,暖西里,1268,968049,763,588,365,997,624.79,81.84
基隆市,暖暖區,暖東里,122,68071,558,511,310,704,363.16,65.09
基隆市,暖暖區,八西里,410,259142,632,502,337,829,445.59,70.50
基隆市,暖暖區,八堵里,270,187592,695,555,333,925,508.56,73.20
基隆市,暖暖區,八南里,209,136397,653,565,309,845,469.04,71.87
基隆市,暖暖區,八中里,222,137484,619,528,320,810,397.86,64.24
基隆市,暖暖區,碇和里,1230,919986,748,599,395,958,549.35,73.45
基隆市,暖暖區,碇安里,1506,1089978,724,598,389,925,498.42,68.87
基隆市,暖暖區,碇祥里,788,588284,747,615,398,953,524.50,70.26
基隆市,仁愛區,吉仁里,990,592255,598,472,308,742,552.02,92.27
基隆市,仁愛區,龍門里,273,148244,543,461,298,732,350.05,64.46
基隆市,仁愛區,仁德里,490,494778,1010,576,350,1039,1817.65,180.01
基隆市,仁愛區,文昌里,351,278508,793,582,352,1016,736.39,92.81
基隆市,仁愛區,智仁里,904,742224,821,603,359,1022,771.37,93.95
基隆市,仁愛區,林泉里,601,401700,668,502,333,800,612.27,91.60
基隆市,仁愛區,光華里,825,589282,714,576,340,934,570.15,79.82
基隆市,仁愛區,明德里,236,150272,637,499,318,861,472.08,74.14
基隆市,仁愛區,和明里,480,376786,785,611,361,991,700.33,89.22
基隆市,仁愛區,水錦里,686,514758,750,560,328,948,717.50,95.62
基隆市,仁愛區,玉田里,408,339348,832,600,368,1038,766.76,92.19
基隆市,仁愛區,新店里,337,367670,1091,681,365,1327,2147.19,196.81
基隆市,仁愛區,誠仁里,363,235181,648,529,299,866,487.63,75.27
基隆市,仁愛區,育仁里,274,154213,563,455,289,811,371.23,65.96
基隆市,仁愛區,博愛里,668,533513,799,577,331,956,908.01,113.69
基隆市,仁愛區,福仁里,313,204366,653,500,309,779,596.27,91.32
基隆市,仁愛區,曲水里,349,195214,559,468,291,684,404.65,72.34
基隆市,仁愛區,德厚里,445,252352,567,450,271,752,420.54,74.16
基隆市,仁愛區,英仁里,464,294589,635,530,338,813,483.62,76.17
基隆市,仁愛區,花崗里,352,243712,692,535,318,956,512.79,74.06
基隆市,仁愛區,同風里,278,179804,647,473,256,846,625.43,96.70
基隆市,仁愛區,虹橋里,553,423142,765,579,364,936,633.49,82.79
基隆市,仁愛區,書院里,370,210568,569,454,282,701,453.79,79.74
基隆市,仁愛區,獅球里,366,230008,628,504,331,768,526.97,83.85
基隆市,仁愛區,忠勇里,368,243777,662,494,290,819,593.65,89.62
基隆市,仁愛區,文安里,353,223055,632,472,298,731,619.41,98.03
基隆市,仁愛區,兆連里,189,100590,532,437,252,666,419.76,78.87
基隆市,仁愛區,崇文里,326,210366,645,513,319,842,487.91,75.61
基隆市,仁愛區,朝棟里,891,561586,630,520,344,792,428.27,67.95
基隆市,安樂區,中崙里,483,342863,710,541,336,959,527.55,74.32
基隆市,安樂區,三民里,1527,1088527,713,582,346,955,523.35,73.42
基隆市,安樂區,永康里,686,406456,593,486,317,746,415.48,70.12
基隆市,安樂區,六合里,1365,1100288,806,625,381,1019,644.45,79.95
基隆市,安樂區,四維里,1501,1116533,744,642,388,993,488.94,65.73
基隆市,安樂區,干城里,728,432946,595,496,324,757,414.10,69.63
基隆市,安樂區,西川里,439,270480,616,477,298,754,629.58,102.18
基隆市,安樂區,嘉仁里,1197,718786,600,481,304,759,460.78,76.73
基隆市,安樂區,樂一里,239,140280,587,534,324,757,371.54,63.30
基隆市,安樂區,定國里,411,249410,607,515,347,757,388.26,63.98
基隆市,安樂區,安和里,294,218256,742,563,356,917,713.70,96.14
基隆市,安樂區,定邦里,493,337759,685,510,321,863,550.63,80.37
基隆市,安樂區,慈仁里,400,229399,573,488,310,715,377.89,65.89
基隆市,安樂區,外寮里,2442,1682605,689,578,359,890,473.79,68.76
基隆市,安樂區,內寮里,1282,904643,706,587,357,904,509.53,72.21
基隆市,安樂區,新西里,522,295271,566,466,300,736,374.95,66.29
基隆市,安樂區,新崙里,1474,1074003,729,607,375,923,534.14,73.31
基隆市,安樂區,鶯歌里,1971,1773662,900,708,427,1199,796.14,88.47
基隆市,安樂區,五福里,1535,1189280,775,599,366,983,668.49,86.28
基隆市,安樂區,七賢里,1119,784888,701,563,342,942,522.13,74.44
基隆市,安樂區,長樂里,720,754764,1048,814,455,1291,1224.36,116.80
基隆市,安樂區,武崙里,785,633744,807,663,392,1057,583.26,72.25
台南市,中區,萬壽里,364,290282,797,508,300,925,898.47,112.66
台南市,中區,文昌里,316,258499,818,603,370,986,754.21,92.20
台南市,中區,中山里,168,139265,829,565,357,916,1133.99,136.80
台南市,中區,中南里,222,203688,918,551,311,1188,1147.21,125.03
台南市,中區,福安里,288,441600,1533,580,355,1085,7301.61,476.19
台南市,中區,公正里,141,166240,1179,687,435,1214,2772.22,235.13
台南市,中區,昇平里,158,184416,1167,736,417,1528,1247.50,106.88
台南市,中區,清水里,242,290665,1201,669,383,1258,3778.93,314.62
台南市,中區,環翠里,237,218380,921,631,358,1119,936.62,101.65
台南市,中區,萬鍾里,406,376981,929,661,353,1119,915.38,98.58
台南市,中區,觀音里,262,261902,1000,595,353,1077,1576.25,157.68
台南市,中區,蓬壺里,323,259345,803,602,311,970,768.00,95.65
台南市,中區,永慶里,150,122902,819,624,374,947,1143.60,139.58
台南市,中區,溫陵里,264,859218,3255,745,355,1513,16307.53,501.06
台南市,中區,啟智里,402,338708,843,614,360,1035,941.21,111.71
台南市,中區,銀同里,471,375841,798,557,333,1006,787.13,98.64
台南市,中區,白金里,215,234047,1089,530,343,944,3405.42,312.83
台南市,中區,天中里,205,332080,1620,551,327,961,9495.44,586.17
台南市,中區,竹翠里,171,174247,1019,586,363,1040,1366.92,134.14
台南市,中區,武聖里,220,889558,4043,547,288,973,26443.97,654.00
台南市,中區,開仙里,249,302837,1216,670,384,1073,2611.89,214.76
台南市,中區,保西里,230,200815,873,627,341,1114,895.04,102.51
台南市,中區,赤崁里,173,522261,3019,601,362,1208,10870.27,360.08
台南市,中區,法華里,1151,1329488,1155,733,438,1369,2275.58,197.01
台南市,中區,郡王里,668,903525,1353,793,423,1439,3313.85,245.00
台南市,中區,開山里,448,395715,883,647,390,1066,1035.67,117.25
台南市,中區,川西里,199,149036,749,551,312,810,871.22,116.33
台南市,中區,五妃里,466,579907,1244,727,410,1341,2591.04,208.21
台南市,中區,大南里,557,563686,1012,664,362,1167,2187.36,216.14
台南市,中區,聖前里,152,127276,837,638,339,1022,770.50,92.02
台南市,中區,小西里,284,218523,769,560,318,986,777.16,101.00
台南市,中區,進學里,259,283947,1096,645,375,1164,1907.80,174.02
台南市,中區,仙草里,687,610406,889,599,335,1079,984.13,110.76
台南市,中區,廣慈里,158,225588,1428,688,401,1444,2376.88,166.47
台南市,東區,自強里,2029,1807871,891,655,379,1094,887.87,99.65
台南市,東區,東光里,1402,1441489,1028,743,417,1335,942.14,91.63
台南市,東區,新東里,853,907825,1064,734,399,1315,1528.59,143.63
台南市,東區,莊敬里,973,935938,962,699,398,1226,955.82,99.37
台南市,東區,大學里,643,898581,1397,1091,546,1905,2073.83,148.40
台南市,東區,和平里,684,497768,728,573,340,948,577.33,79.33
台南市,東區,東明里,1091,1163435,1066,756,423,1311,1231.50,115.48
台南市,東區,中興里,263,142715,543,453,296,676,470.17,86.64
台南市,東區,忠孝里,1300,1276939,982,669,373,1156,2358.12,240.07
台南市,東區,仁和里,1053,708404,673,547,338,840,511.02,75.96
台南市,東區,大福里,429,290172,676,500,292,781,849.55,125.60
台南市,東區,大德里,474,342521,723,531,315,887,648.97,89.81
台南市,東區,東安里,540,454939,842,557,340,963,964.97,114.54
台南市,東區,路東里,403,336378,835,641,378,1073,746.77,89.47
台南市,東區,川東里,210,191732,913,608,361,1035,2156.92,236.24
台南市,東區,府宅里,365,423029,1159,644,356,1118,4349.58,375.29
台南市,東區,德高里,624,451561,724,530,329,842,1276.10,176.34
台南市,東區,小東里,1212,1164032,960,666,383,1232,1103.64,114.91
台南市,東區,後甲里,726,502256,692,546,344,888,526.30,76.08
台南市,東區,關聖里,1318,1325753,1006,722,396,1258,1158.21,115.14
台南市,東區,前鋒里,238,207770,873,654,381,1065,861.43,98.68
台南市,東區,大廟里,416,361914,870,578,319,1013,1671.73,192.16
台南市,東區,圍下里,696,850028,1221,701,413,1292,2671.84,218.77
台南市,東區,圍上里,220,188852,858,660,346,1052,718.49,83.70
台南市,東區,虎尾里,1816,1506289,829,615,379,1060,719.39,86.73
台南市,東區,中西里,1051,1166499,1110,758,441,1381,1381.67,124.49
台南市,東區,泉北里,389,458858,1180,608,342,1079,4416.24,374.39
台南市,東區,泉南里,1277,1248954,978,674,365,1223,1057.38,108.11
台南市,東區,龍山里,2113,2578389,1220,816,434,1474,2259.54,185.17
台南市,東區,崇誨里,776,604322,779,596,356,967,655.89,84.22
台南市,東區,復國里,307,185015,603,493,321,750,446.92,74.16
台南市,東區,大興里,289,197065,682,518,294,867,592.45,86.88
台南市,東區,育樂里,213,166645,782,585,322,1001,839.19,107.26
台南市,東區,大智里,1305,878560,673,557,347,874,478.56,71.08
台南市,東區,富強里,1196,961147,804,583,340,1026,707.12,87.99
台南市,東區,衛國里,434,385731,889,637,353,922,1630.71,183.48
台南市,東區,崇善里,1203,971516,808,597,346,1015,840.83,104.12
台南市,東區,崇學里,1934,1908640,987,676,382,1177,1297.69,131.49
台南市,東區,崇明里,844,833505,988,708,401,1250,1000.46,101.31
台南市,東區,裕農里,868,821207,946,675,366,1159,1025.23,108.37
台南市,東區,富裕里,636,541490,851,632,342,1128,783.68,92.05
台南市,東區,崇德里,1215,1168688,962,713,399,1198,1423.67,148.01
台南市,東區,東智里,525,363730,693,584,356,888,482.56,69.65
台南市,東區,東聖里,578,474622,821,617,383,992,821.80,100.08
台南市,東區,崇成里,1759,1701743,967,720,418,1219,1308.02,135.20
台南市,西區,中正里,254,219091,863,589,353,959,1030.08,119.42
台南市,西區,新安里,214,130944,612,488,322,725,498.31,81.44
台南市,西區,西湖里,860,826950,962,627,374,1207,1077.38,112.04
台南市,西區,民生里,274,189317,691,562,318,896,560.54,81.13
台南市,西區,民主里,237,195998,827,453,279,871,1328.99,160.70
台南市,西區,協和里,580,417811,720,510,314,842,707.39,98.20
台南市,西區,金安里,159,161333,1015,508,321,796,3174.28,312.84
台南市,西區,忠信里,155,102433,661,495,272,838,614.42,92.97
台南市,西區,工業里,175,111999,640,438,273,707,816.94,127.65
台南市,西區,普濟里,140,112428,803,560,360,790,887.41,110.50
台南市,西區,濟同里,169,157809,934,559,364,1003,1413.86,151.41
台南市,西區,水仙里,228,168894,741,529,304,882,877.06,118.40
台南市,西區,北勢里,247,197626,800,536,299,924,1070.95,133.85
台南市,西區,西羅里,253,222257,878,638,362,1033,979.92,111.55
台南市,西區,藥王里,852,736238,864,548,325,967,1199.36,138.79
台南市,西區,安新里,191,212457,1112,595,336,1269,1823.17,163.90
台南市,西區,安海里,283,213883,756,540,323,941,736.63,97.47
台南市,西區,運河里,173,162712,941,551,317,1034,1087.34,115.61
台南市,西區,保良里,94,60673,645,421,264,761,633.31,98.12
台南市,西區,保民里,102,69335,680,410,246,859,743.66,109.40
台南市,西區,北頭里,63,43720,694,488,284,911,727.63,104.85
台南市,西區,大涼里,645,571409,886,605,362,1072,1042.00,117.62
台南市,西區,中頭里,191,121513,636,450,315,755,666.55,104.77
台南市,西區,天池里,55,30338,552,461,329,739,349.48,63.36
台南市,西區,元安里,382,270658,709,515,281,895,712.22,100.52
台南市,西區,協進里,284,247423,871,620,323,1107,820.61,94.19
台南市,西區,正德里,166,118527,714,507,296,902,677.34,94.86
台南市,西區,文賢里,378,252521,668,459,290,760,1163.11,174.11
台南市,西區,光賢里,747,532290,713,550,324,883,684.02,95.99
台南市,西區,西賢里,984,939299,955,706,367,1204,969.47,101.56
台南市,南區,光明里,1001,598452,598,494,315,776,406.66,68.02
台南市,南區,新生里,175,114569,655,527,354,888,443.99,67.82
台南市,南區,明興里,810,492582,608,485,299,743,490.02,80.58
台南市,南區,中和里,162,87217,538,457,277,742,371.33,68.97
台南市,南區,新興里,822,794701,967,562,333,987,2526.69,261.35
台南市,南區,金華里,1379,1052253,763,533,326,937,842.70,110.44
台南市,南區,明德里,211,140294,665,587,368,888,454.31,68.33
台南市,南區,竹溪里,465,485331,1044,674,348,1276,1597.37,153.05
台南市,南區,新昌里,679,503963,742,529,311,840,782.70,105.45
台南市,南區,田寮里,971,737541,760,556,332,944,736.23,96.93
台南市,南區,荔宅里,210,160397,764,591,336,976,738.47,96.68
台南市,南區,興中里,265,207676,784,661,370,955,627.04,80.01
台南市,南區,明亮里,835,522088,625,493,321,753,528.72,84.56
台南市,南區,日新里,475,328512,692,496,292,819,767.38,110.96
台南市,南區,白雪里,425,255653,602,450,278,756,506.77,84.25
台南市,南區,清泉里,197,114434,581,524,339,736,353.29,60.82
台南市,南區,龍崗里,157,88716,565,431,266,720,502.55,88.94
台南市,南區,喜東里,345,210924,611,466,295,753,500.74,81.90
台南市,南區,喜南里,257,137281,534,418,283,657,396.55,74.24
台南市,南區,喜北里,442,234393,530,443,293,645,424.52,80.05
台南市,南區,省躬里,497,267161,538,424,279,646,641.79,119.39
台南市,南區,覺醒里,96,49676,517,456,260,635,364.60,70.46
台南市,南區,海豐里,89,52556,591,425,254,678,771.59,130.66
台南市,南區,松山里,190,112041,590,451,263,726,575.32,97.56
台南市,南區,佛壇里,341,200196,587,440,296,697,522.88,89.06
台南市,南區,南山里,156,91282,585,483,333,706,437.24,74.72
台南市,南區,同安里,368,220062,598,471,306,739,478.01,79.93
台南市,南區,興農里,345,182141,528,449,290,689,364.08,68.96
台南市,南區,廣州里,722,606030,839,546,321,942,1444.46,172.09
台南市,南區,大成里,280,220110,786,576,357,971,782.98,99.60
台南市,南區,國宅里,831,511631,616,476,308,758,547.14,88.87
台南市,南區,大林里,607,666476,1098,653,361,1222,2201.22,200.48
台南市,南區,大忠里,1122,807743,720,536,325,900,639.69,88.86
台南市,南區,大恩里,961,713843,743,576,337,948,613.56,82.60
台南市,南區,文華里,960,830560,865,524,311,928,1769.48,204.52
台南市,南區,再興里,665,593734,893,601,347,960,1634.91,183.12
台南市,南區,南都里,1038,588063,567,475,298,722,410.01,72.37
台南市,南區,開南里,894,505692,566,468,315,718,425.20,75.17
台南市,南區,彰南里,658,731203,1111,575,325,1076,2979.27,268.10
台南市,南區,建南里,979,642808,657,529,322,835,520.14,79.22
台南市,南區,郡南里,793,517747,653,488,312,814,1102.45,168.86
台南市,南區,府南里,1010,784437,777,560,323,965,724.28,93.25
台南市,南區,文南里,1103,916290,831,587,344,987,822.05,98.96
台南市,北區,仁愛里,597,605069,1014,589,354,1164,1717.97,169.51
台南市,北區,光武里,65,35593,548,426,278,779,379.56,69.32
台南市,北區,水源里,278,197362,710,541,309,888,570.91,80.42
台南市,北區,延平里,475,305837,644,508,321,805,579.79,90.05
台南市,北區,成功里,1952,1742251,893,627,368,1083,1284.70,143.94
台南市,北區,力行里,604,487282,807,607,353,1049,674.75,83.64
台南市,北區,華興里,637,457027,717,532,332,932,627.61,87.48
台南市,北區,福德里,132,85344,647,497,353,786,512.03,79.20
台南市,北區,裕民里,364,438970,1206,562,333,881,6713.54,556.70
台南市,北區,大道里,106,78451,740,583,317,900,657.56,88.85
台南市,北區,富台里,64,42641,666,504,325,917,434.86,65.27
台南市,北區,大仁里,223,136674,613,477,299,750,481.25,78.52
台南市,北區,振興里,596,537304,902,625,371,1119,1026.12,113.82
台南市,北區,東興里,530,634358,1197,692,390,1322,1547.53,129.29
台南市,北區,城隍里,107,76122,711,553,354,846,569.71,80.08
台南市,北區,實踐里,367,234542,639,509,336,815,468.13,73.25
台南市,北區,安民里,295,194981,661,481,311,782,807.97,122.24
台南市,北區,西華里,394,340213,863,600,361,977,952.58,110.32
台南市,北區,新勝里,526,430372,818,576,363,1042,900.61,110.07
台南市,北區,開元里,1140,794839,697,527,332,850,687.01,98.53
台南市,北區,大山里,225,135966,604,467,292,717,760.78,125.90
台南市,北區,北門里,265,243487,919,644,378,1030,1335.09,145.31
台南市,北區,花園里,113,124145,1099,560,240,947,2238.34,203.74
台南市,北區,大公里,201,172904,860,553,360,970,1280.14,148.82
台南市,北區,重光里,145,129160,891,626,309,966,1239.54,139.16
台南市,北區,三安里,101,65897,652,519,326,834,598.37,91.71
台南市,北區,保生里,115,71250,620,467,292,709,537.98,86.83
台南市,北區,共和里,256,190783,745,555,334,879,934.43,125.39
台南市,北區,城朔里,274,181615,663,530,319,849,519.57,78.39
台南市,北區,和順里,1443,1544568,1070,707,377,1241,1768.07,165.18
台南市,北區,元和里,122,82363,675,471,266,825,686.95,101.75
台南市,北區,興北里,415,306564,739,544,328,931,684.56,92.67
台南市,北區,興南里,402,331997,826,578,341,904,889.57,107.71
台南市,北區,六甲里,562,387608,690,521,330,828,601.76,87.25
台南市,北區,文元里,1515,1156697,763,559,333,944,729.22,95.51
台南市,北區,大港里,1853,1280648,691,530,321,864,613.16,88.72
台南市,北區,東豐里,335,264285,789,583,337,985,713.83,90.48
台南市,北區,國姓里,464,340764,734,522,320,841,1062.88,144.73
台南市,北區,勝安里,335,280309,837,615,358,1052,780.44,93.27
台南市,北區,正覺里,963,778411,808,516,298,842,2097.08,259.44
台南市,北區,正風里,413,283095,685,507,331,876,606.92,88.54
台南市,北區,小康里,1232,816856,663,533,322,838,510.11,76.94
台南市,北區,北垣里,99,60360,610,433,290,739,537.83,88.21
台南市,北區,大豐里,1692,1318567,779,579,323,976,754.16,96.77
台南市,北區,重興里,772,703875,912,585,351,1011,1192.32,130.77
台南市,北區,國興里,465,408496,878,607,364,1092,906.58,103.20
台南市,安南區,梅花里,607,399340,658,529,318,813,584.12,88.79
台南市,安南區,幸福里,724,414208,572,447,284,695,660.50,115.45
台南市,安南區,長安里,645,380891,591,492,297,736,547.01,92.63
台南市,安南區,公？里,135,78820,584,516,283,754,467.77,80.12
台南市,安南區,南興里,222,137518,619,503,309,723,534.64,86.31
台南市,安南區,安和里,492,329781,670,503,327,753,1666.81,248.67
台南市,安南區,？南里,782,513205,656,531,345,792,529.07,80.62
台南市,安南區,東和里,108,56254,521,453,288,666,315.54,60.58
台南市,安南區,州北里,720,468910,651,530,307,847,533.96,81.99
台南市,安南區,州南里,906,580075,640,488,319,759,621.38,97.05
台南市,安南區,安順里,583,396422,680,548,324,825,697.61,102.59
台南市,安南區,新順里,795,575860,724,556,326,895,607.46,83.86
台南市,安南區,安東里,667,433897,651,498,311,785,602.30,92.59
台南市,安南區,安西里,495,309676,626,469,306,756,704.39,112.59
台南市,安南區,安慶里,998,632969,634,496,315,761,558.57,88.07
台南市,安南區,頂安里,578,370177,640,482,300,834,579.58,90.50
台南市,安南區,原佃里,279,164935,591,486,332,724,420.50,71.13
台南市,安南區,總頭里,337,183299,544,432,242,690,483.66,88.92
台南市,安南區,公親里,197,118943,604,495,288,749,490.76,81.28
台南市,安南區,海東里,710,443412,625,491,298,748,576.72,92.35
台南市,安南區,海西里,387,225561,583,480,311,729,481.08,82.54
台南市,安南區,海南里,410,235471,574,454,272,775,419.09,72.97
台南市,安南區,溪心里,783,522394,667,529,321,808,622.69,93.33
台南市,安南區,淵東里,580,360617,622,503,304,791,475.50,76.48
台南市,安南區,淵中里,524,317882,607,477,297,761,503.86,83.06
台南市,安南區,淵西里,485,282660,583,509,320,774,367.04,62.98
台南市,安南區,佃東里,442,272568,617,498,303,763,496.04,80.44
台南市,安南區,佃西里,275,162364,590,493,320,771,405.82,68.73
台南市,安南區,學東里,302,166664,552,447,280,700,396.38,71.83
台南市,安南區,城東里,180,102034,567,482,323,666,486.83,85.88
台南市,安南區,城西里,124,73792,595,490,289,658,521.11,87.57
台南市,安南區,城南里,356,191123,537,443,271,676,476.68,88.79
台南市,安南區,城北里,200,110350,552,427,243,652,540.90,98.03
台南市,安南區,城中里,119,77915,655,507,293,784,666.69,101.82
台南市,安南區,砂崙里,138,71342,517,412,261,635,358.77,69.40
台南市,安南區,青草里,136,77642,571,486,339,700,369.01,64.64
台南市,安南區,四草里,210,119217,568,488,304,706,435.24,76.67
台南市,安南區,？田里,135,64831,480,416,277,557,288.12,60.00
台南市,安南區,顯宮里,166,87935,530,400,271,686,401.41,75.78
台南市,安南區,鹿耳里,116,68077,587,494,324,775,369.26,62.92
台南市,安南區,溪北里,700,489340,699,528,319,838,1440.29,206.03
台南市,安南區,溪頂里,947,597604,631,507,310,757,530.86,84.12
台南市,安南區,溪墘里,653,396751,608,458,286,697,651.66,107.25
台南市,安南區,海佃里,866,526805,608,466,290,776,488.92,80.37
台南市,安南區,鳳凰里,745,431047,579,500,307,764,392.99,67.92
台南市,安南區,理想里,1343,859893,640,479,300,757,687.65,107.40
台南市,安南區,溪東里,925,671053,725,543,343,870,684.69,94.38
台南市,安南區,布袋里,273,184517,676,564,345,863,516.79,76.46
台南市,安南區,國安里,221,121073,548,465,261,661,604.80,110.40
台南市,安南區,安富里,569,303991,534,434,290,659,421.63,78.92
台南市,安平區,西門里,437,266110,609,500,328,785,482.07,79.16
台南市,安平區,文朱里,67,32084,479,409,283,592,318.71,66.55
台南市,安平區,校前里,2189,1914869,875,617,361,1025,1815.29,207.52
台南市,安平區,金城里,400,276745,692,517,332,877,579.46,83.75
台南市,安平區,妙壽里,69,41484,601,399,265,676,674.73,112.23
台南市,安平區,菩薩里,62,36792,593,485,309,728,459.57,77.44
台南市,安平區,石門里,1257,960107,764,527,317,878,1650.17,216.05
台南市,安平區,安中里,88,42498,483,427,290,657,277.08,57.37
台南市,安平區,海興里,196,123738,631,459,330,728,558.98,88.54
台南市,安平區,漁光里,70,33414,477,412,295,633,256.32,53.70
台南市,安平區,建平里,489,436675,893,651,369,1128,910.47,101.96
台南市,安平區,怡平里,454,483198,1064,691,385,1140,2080.49,195.48
台南市,安平區,華平里,580,421900,727,565,331,945,622.67,85.60
台南市,安平區,平通里,661,494135,748,575,345,896,901.49,120.59
台南市,安平區,文平里,470,378182,805,599,360,1046,682.03,84.76
台南市,安平區,國平里,573,465309,812,655,383,1016,659.00,81.15
台南市,安平區,育平里,938,684801,730,554,362,864,654.61,89.67
台南市,安平區,億載里,189,118889,629,538,312,826,448.76,71.34
高雄市,鹽埕區,光明里,425,415487,978,646,372,1101,1431.93,146.47
高雄市,鹽埕區,中山里,450,454557,1010,653,348,1132,2104.95,208.38
高雄市,鹽埕區,中原里,251,260753,1039,561,335,1143,1747.89,168.25
高雄市,鹽埕區,港都里,387,292241,755,512,289,928,940.51,124.55
高雄市,鹽埕區,新豐里,139,90942,654,544,316,847,529.74,80.97
高雄市,鹽埕區,育仁里,267,214026,802,548,302,994,812.61,101.37
高雄市,鹽埕區,博愛里,200,160963,805,549,290,979,875.05,108.73
高雄市,鹽埕區,藍橋里,317,245465,774,600,360,964,745.62,96.29
高雄市,鹽埕區,慈愛里,145,95949,662,501,324,840,637.52,96.34
高雄市,鹽埕區,陸橋里,386,296317,768,543,323,876,983.81,128.16
高雄市,鹽埕區,壽星里,355,290796,819,587,324,1016,784.12,95.72
高雄市,鹽埕區,瀨南里,233,267538,1148,655,381,1133,1934.97,168.52
高雄市,鹽埕區,新樂里,314,270977,863,593,319,1092,797.92,92.46
高雄市,鹽埕區,教仁里,763,606052,794,549,349,967,780.61,98.28
高雄市,鹽埕區,府北里,449,298688,665,490,300,772,667.94,100.41
高雄市,鹽埕區,江西里,365,325359,891,553,315,931,1439.26,161.46
高雄市,鹽埕區,新化里,222,137201,618,508,300,816,501.45,81.14
高雄市,鹽埕區,江南里,290,228362,787,533,292,956,973.54,123.63
高雄市,鹽埕區,河濱里,674,746431,1107,621,358,1082,2810.83,253.81
高雄市,鹽埕區,南端里,388,342661,883,631,324,1097,847.46,95.96
高雄市,鹽埕區,沙地里,285,384967,1351,577,350,1090,4095.61,303.21
高雄市,鼓山區,自強里,252,205632,816,594,372,977,777.05,95.23
高雄市,鼓山區,建國里,646,511012,791,626,374,973,663.28,83.85
高雄市,鼓山區,延平里,356,265358,745,507,276,879,828.37,111.13
高雄市,鼓山區,桃源里,152,145010,954,680,378,1248,826.15,86.60
高雄市,鼓山區,惠安里,451,335701,744,482,262,855,1030.28,138.41
高雄市,鼓山區,平和里,967,694395,718,558,332,920,583.95,81.32
高雄市,鼓山區,樹德里,274,175101,639,496,308,772,639.80,100.12
高雄市,鼓山區,光榮里,1161,820085,706,522,329,858,929.96,131.65
高雄市,鼓山區,正德里,476,294575,619,502,306,779,468.75,75.74
高雄市,鼓山區,？南里,289,189202,655,474,296,817,649.13,99.15
高雄市,鼓山區,前？里,1388,1215427,876,670,380,1123,763.50,87.19
高雄市,鼓山區,民族里,432,288139,667,510,307,786,675.90,101.34
高雄市,鼓山區,內惟里,312,212014,680,552,363,807,568.10,83.60
高雄市,鼓山區,忠正里,1380,1001088,725,548,341,900,888.86,122.53
高雄市,鼓山區,龍井里,415,272229,656,535,291,808,630.11,96.06
高雄市,鼓山區,龍子里,1665,1394693,838,636,370,1090,731.44,87.32
高雄市,鼓山區,鼓岩里,427,235276,551,450,286,688,408.39,74.12
高雄市,鼓山區,寶樹里,245,168297,687,557,324,867,558.13,81.25
高雄市,鼓山區,綠川里,421,259670,617,500,278,729,595.55,96.56
高雄市,鼓山區,河邊里,430,354744,825,541,327,915,2632.82,319.14
高雄市,鼓山區,興宗里,404,274852,680,533,314,886,572.51,84.15
高雄市,鼓山區,光化里,390,265159,680,528,278,851,618.78,91.01
高雄市,鼓山區,山下里,398,289956,729,532,331,875,776.95,106.65
高雄市,鼓山區,登山里,221,154111,697,493,307,792,784.16,112.45
高雄市,鼓山區,維生里,520,551642,1061,582,341,998,2150.89,202.75
高雄市,鼓山區,新民里,297,207401,698,491,292,772,949.00,135.90
高雄市,鼓山區,壽山里,432,301401,698,462,303,780,981.12,140.63
高雄市,鼓山區,哨船頭,336,255000,759,569,339,1008,686.45,90.45
高雄市,鼓山區,厚生里,558,328876,589,484,290,736,535.75,90.90
高雄市,鼓山區,明誠里,3218,3045244,946,741,431,1216,814.60,86.08
高雄市,鼓山區,民強里,714,467393,655,520,324,813,512.44,78.28
高雄市,鼓山區,裕豐里,936,921249,984,726,415,1235,1416.51,143.92
高雄市,鼓山區,華豐里,1191,1580261,1327,678,406,1173,14605.51,1100.78
高雄市,鼓山區,雄？里,554,397341,717,590,372,958,507.67,70.78
高雄市,鼓山區,鼓？里,505,351507,696,585,373,922,497.64,71.49
高雄市,鼓山區,麗興里,410,341542,833,527,303,881,1240.92,148.97
高雄市,鼓山區,龍水里,351,297168,847,603,321,1034,1067.09,126.04
高雄市,鼓山區,裕興里,687,577384,840,638,376,1090,753.68,89.68
高雄市,左營區,新光里,2624,2234925,852,660,399,1036,1850.55,217.27
高雄市,左營區,中南里,151,85807,568,465,301,678,411.28,72.38
高雄市,左營區,復興里,284,172671,608,520,355,781,400.27,65.83
高雄市,左營區,路東里,258,200671,778,642,387,975,673.01,86.53
高雄市,左營區,進學里,428,292912,684,543,330,839,579.08,84.61
高雄市,左營區,？南里,230,178085,774,582,326,955,812.87,104.98
高雄市,左營區,城南里,191,128242,671,509,333,858,577.39,86.00
高雄市,左營區,自立里,214,153982,720,597,369,987,521.78,72.52
高雄市,左營區,崇實里,313,230624,737,604,354,966,564.36,76.59
高雄市,左營區,合？里,366,316042,864,644,399,1099,774.01,89.64
高雄市,左營區,自治里,416,291102,700,594,360,871,491.67,70.26
高雄市,左營區,頂西里,325,228655,704,558,336,953,576.53,81.95
高雄市,左營區,頂北里,176,119072,677,481,306,801,716.23,105.87
高雄市,左營區,中北里,202,154074,763,619,353,940,673.32,88.28
高雄市,左營區,自助里,614,480310,782,620,372,970,697.18,89.12
高雄市,左營區,自勉里,375,231176,616,527,326,820,417.71,67.76
高雄市,左營區,尾西里,348,244651,703,535,312,881,599.99,85.35
高雄市,左營區,尾北里,653,429936,658,549,332,840,570.72,86.68
高雄市,左營區,廟東里,204,120058,589,440,295,715,461.88,78.48
高雄市,左營區,廟北里,237,144607,610,498,295,782,458.88,75.21
高雄市,左營區,尾南里,191,119501,626,497,288,719,516.85,82.61
高雄市,左營區,？北里,131,90592,692,489,346,815,613.43,88.70
高雄市,左營區,埤東里,300,214582,715,566,368,832,621.99,86.96
高雄市,左營區,埤北里,325,205359,632,491,320,801,501.91,79.43
高雄市,左營區,新上里,5817,6190861,1064,756,422,1311,1269.96,119.33
高雄市,左營區,新中里,1379,1046862,759,587,353,956,679.55,89.52
高雄市,左營區,新下里,2879,2402378,834,645,385,1063,711.82,85.30
高雄市,左營區,聖后里,219,137367,627,517,319,792,500.45,79.79
高雄市,左營區,聖西里,68,43644,642,503,352,856,448.36,69.86
高雄市,左營區,聖南里,145,103464,714,531,331,951,597.29,83.71
高雄市,左營區,埤西里,349,264979,759,561,337,910,765.54,100.83
高雄市,左營區,屏山里,321,202869,632,518,307,761,494.81,78.29
高雄市,左營區,果惠里,379,253743,670,572,339,836,514.39,76.83
高雄市,左營區,果貿里,638,420788,660,551,328,826,537.48,81.49
高雄市,左營區,海光里,120,79896,666,561,362,844,467.57,70.23
高雄市,左營區,海勝里,533,342337,642,508,327,787,812.04,126.43
高雄市,左營區,莒光里,529,377094,713,584,360,958,504.74,70.81
高雄市,左營區,永清里,228,122230,536,479,296,715,344.40,64.24
高雄市,左營區,果？里,451,296980,658,505,312,763,841.87,127.85
高雄市,左營區,光輝里,897,767238,855,711,401,1145,654.55,76.53
高雄市,左營區,菜公里,4599,3515940,765,637,392,972,587.62,76.86
高雄市,左營區,祥和里,111,69012,622,574,331,825,396.40,63.76
高雄市,左營區,明建里,428,366014,855,648,423,1029,719.36,84.12
高雄市,左營區,福山里,5491,4437806,808,631,393,985,746.46,92.36
高雄市,楠梓區,興昌里,806,628132,779,639,386,1038,572.23,73.43
高雄市,楠梓區,中和里,340,226874,667,568,334,887,439.95,65.93
高雄市,楠梓區,中興里,225,143874,639,517,354,851,432.86,67.69
高雄市,楠梓區,五常里,1156,773168,669,545,341,884,494.39,73.92
高雄市,楠梓區,東寧里,634,499219,787,679,399,1018,549.60,69.80
高雄市,楠梓區,享平里,876,711326,812,618,396,1048,705.21,86.85
高雄市,楠梓區,惠民里,999,721502,722,602,351,940,527.88,73.09
高雄市,楠梓區,中陽里,791,573518,725,593,349,961,547.37,75.49
高雄市,楠梓區,清豐里,2296,1679258,731,627,398,937,507.92,69.45
高雄市,楠梓區,稔田里,437,298853,684,565,370,887,451.52,66.02
高雄市,楠梓區,玉屏里,656,460041,701,575,342,927,514.35,73.34
高雄市,楠梓區,錦屏里,1043,772326,740,622,383,961,526.78,71.14
高雄市,楠梓區,金田里,950,663158,698,594,353,940,472.73,67.72
高雄市,楠梓區,廣昌里,858,602673,702,558,364,863,738.52,105.14
高雄市,楠梓區,福昌里,565,398556,705,555,368,904,504.07,71.46
高雄市,楠梓區,泰昌里,424,289395,683,570,346,878,532.41,78.01
高雄市,楠梓區,建昌里,686,524410,764,619,354,995,614.15,80.34
高雄市,楠梓區,藍田里,222,173902,783,584,395,933,640.99,81.83
高雄市,楠梓區,宏毅里,1199,1078206,899,796,408,1295,602.32,66.98
高雄市,楠梓區,宏南里,759,1170155,1542,1560,589,2208,1055.67,68.47
高雄市,楠梓區,宏榮里,568,541543,953,769,415,1337,738.20,77.43
高雄市,楠梓區,和昌里,651,497142,764,618,365,1064,553.03,72.42
高雄市,楠梓區,隆昌里,1007,868596,863,660,401,1088,1010.46,117.15
高雄市,楠梓區,惠楠里,726,557623,768,648,389,985,584.65,76.12
高雄市,楠梓區,瑞屏里,973,756842,778,634,392,1029,599.97,77.13
高雄市,楠梓區,大昌里,533,333066,625,519,341,825,417.68,66.84
高雄市,楠梓區,裕昌里,726,518136,714,575,360,906,539.39,75.58
高雄市,楠梓區,加昌里,1799,1405942,782,657,395,1022,587.06,75.12
高雄市,楠梓區,仁昌里,914,623857,683,585,375,896,509.03,74.58
高雄市,楠梓區,惠豐里,718,485264,676,576,369,880,463.01,68.51
高雄市,楠梓區,翠屏里,3504,2730948,779,678,415,1031,516.53,66.27
高雄市,楠梓區,久昌里,615,421320,685,586,374,910,446.98,65.25
高雄市,楠梓區,盛昌里,1072,855807,798,663,406,1074,546.58,68.47
高雄市,楠梓區,宏昌里,652,521887,800,659,386,1042,608.81,76.06
高雄市,楠梓區,秀昌里,558,519910,932,670,435,1192,1282.98,137.70
高雄市,楠梓區,慶昌里,1042,1006582,966,809,431,1289,750.35,77.67
高雄市,楠梓區,國昌里,821,583394,711,587,373,854,869.09,122.30
高雄市,三民區,興德里,462,390628,846,620,388,1083,733.75,86.78
高雄市,三民區,力行里,324,208310,643,508,318,818,511.79,79.60
高雄市,三民區,九如里,129,97297,754,548,305,908,781.06,103.56
高雄市,三民區,德行里,360,298173,828,628,360,1090,773.24,93.36
高雄市,三民區,裕民里,167,88055,527,448,285,695,322.14,61.09
高雄市,三民區,安康里,641,372806,582,473,296,729,450.00,77.37
高雄市,三民區,立德里,483,389494,806,577,347,997,743.22,92.16
高雄市,三民區,博愛里,362,310333,857,582,372,1040,896.65,104.59
高雄市,三民區,安和里,883,754200,854,592,321,1077,1110.89,130.06
高雄市,三民區,川東里,470,325596,693,555,346,883,546.58,78.90
高雄市,三民區,安東里,1151,1056999,918,639,365,1141,1329.01,144.72
高雄市,三民區,鼎金里,737,512174,695,567,363,873,518.52,74.61
高雄市,三民區,鼎西里,1342,913649,681,548,339,869,502.17,73.76
高雄市,三民區,本館里,2258,1819134,806,632,377,1020,685.64,85.11
高雄市,三民區,寶獅里,1083,925124,854,617,361,1162,726.48,85.05
高雄市,三民區,灣子里,878,685246,780,579,350,942,727.12,93.17
高雄市,三民區,安生里,559,451082,807,599,322,991,852.17,105.60
高雄市,三民區,港東里,386,319149,827,597,351,1011,814.40,98.50
高雄市,三民區,港西里,224,175863,785,578,329,976,713.34,90.86
高雄市,三民區,港北里,130,84972,654,562,326,944,443.20,67.81
高雄市,三民區,建東里,297,208242,701,498,308,873,764.38,109.02
高雄市,三民區,鳳南里,319,241182,756,552,337,903,721.56,95.44
高雄市,三民區,鳳北里,590,435655,738,519,298,891,957.98,129.74
高雄市,三民區,德東里,291,251370,864,627,355,1031,821.62,95.12
高雄市,三民區,德西里,357,273833,767,519,311,868,947.91,123.58
高雄市,三民區,德北里,630,518511,823,582,347,947,1229.39,149.37
高雄市,三民區,千歲里,411,335572,816,584,321,1086,807.39,98.89
高雄市,三民區,千北里,393,311404,792,566,330,1011,741.73,93.61
高雄市,三民區,正興里,2646,2372119,896,707,396,1163,787.57,87.85
高雄市,三民區,十全里,490,425788,869,604,361,1043,1155.72,133.00
高雄市,三民區,豐裕里,737,489616,664,547,344,837,476.83,71.78
高雄市,三民區,立誠里,319,267168,838,624,344,1049,992.77,118.54
高雄市,三民區,達德里,546,501787,919,651,331,1057,1190.83,129.58
高雄市,三民區,灣華里,733,532780,727,562,348,900,747.82,102.89
高雄市,三民區,灣中里,1150,824811,717,559,342,909,636.26,88.71
高雄市,三民區,灣復里,762,567993,745,587,362,956,587.54,78.82
高雄市,三民區,灣興里,470,364538,776,528,314,856,1076.04,138.73
高雄市,三民區,寶珠里,1415,1143131,808,612,361,1032,694.97,86.03
高雄市,三民區,民享里,763,675263,885,624,341,1094,1219.91,137.84
高雄市,三民區,安宜里,1038,778794,750,547,326,930,674.02,89.84
高雄市,三民區,同德里,998,954575,956,636,354,1163,1247.35,130.41
高雄市,三民區,精華里,628,579444,923,670,352,1140,912.81,98.93
高雄市,三民區,長明里,346,279424,808,555,331,1012,845.66,104.72
高雄市,三民區,寶龍里,1145,1003809,877,575,341,1005,1120.36,127.79
高雄市,三民區,港新里,571,478167,837,638,351,1070,754.91,90.15
高雄市,三民區,博惠里,1297,1115082,860,610,349,1074,893.96,103.98
高雄市,三民區,立業里,329,244296,743,553,326,932,695.97,93.73
高雄市,三民區,十美里,594,565031,951,598,344,1011,1336.14,140.46
高雄市,三民區,安邦里,1244,1089759,876,653,377,1147,764.42,87.26
高雄市,三民區,千秋里,616,394719,641,512,314,820,483.30,75.42
高雄市,三民區,灣勝里,583,420988,722,551,344,928,619.16,85.74
高雄市,三民區,灣利里,1021,732720,718,568,352,911,609.89,84.98
高雄市,三民區,達明里,633,545176,861,605,347,1029,945.98,109.84
高雄市,三民區,達勇里,372,320548,862,630,399,1079,812.24,94.26
高雄市,三民區,達仁里,544,538850,991,704,398,1242,976.81,98.61
高雄市,三民區,灣愛里,574,338744,590,471,313,725,586.82,99.44
高雄市,三民區,德智里,814,748541,920,653,388,1172,841.04,91.46
高雄市,三民區,寶興里,1631,1388671,851,643,360,1037,876.94,103.00
高雄市,三民區,安寧里,441,251256,570,459,295,714,517.48,90.83
高雄市,三民區,鼎盛里,1643,1309698,797,654,391,994,722.50,90.64
高雄市,三民區,鼎泰里,5466,5272627,965,742,427,1206,993.11,102.95
高雄市,三民區,本武里,580,459863,793,573,347,1041,752.21,94.87
高雄市,三民區,本文里,651,522984,803,603,366,1008,690.73,85.98
高雄市,三民區,寶盛里,1296,1226881,947,706,385,1192,1585.47,167.48
高雄市,三民區,寶華里,946,940847,995,763,393,1281,940.29,94.54
高雄市,三民區,寶民里,792,741893,937,689,377,1202,874.39,93.34
高雄市,三民區,寶中里,791,684250,865,572,342,992,2467.37,285.23
高雄市,三民區,寶玉里,1965,1671754,851,632,366,1085,824.36,96.90
高雄市,三民區,灣成里,453,303316,670,533,315,894,534.52,79.83
高雄市,三民區,安吉里,1194,1052928,882,658,373,1123,977.20,110.81
高雄市,三民區,安泰里,1334,1067810,800,583,348,989,778.57,97.27
高雄市,三民區,德仁里,617,515803,836,613,364,1040,896.11,107.19
高雄市,三民區,寶國里,1800,1580149,878,667,378,1116,938.48,106.91
高雄市,三民區,正順里,955,854563,895,696,414,1147,765.14,85.51
高雄市,三民區,安發里,1161,1074423,925,709,389,1241,787.07,85.05
高雄市,三民區,鼎中里,876,683549,780,602,356,964,814.15,104.34
高雄市,三民區,寶業里,1176,1114430,948,700,387,1200,956.69,100.96
高雄市,三民區,寶慶里,675,527169,781,611,356,1036,620.65,79.47
高雄市,三民區,寶德里,1267,1091692,862,678,392,1099,788.34,91.49
高雄市,三民區,寶泰里,773,664574,860,593,349,1080,865.03,100.62
高雄市,三民區,寶安里,1614,1523140,944,675,376,1170,1052.60,111.54
高雄市,三民區,本元里,1263,1103547,874,663,390,1095,909.96,104.14
高雄市,三民區,本安里,1090,1279287,1174,788,410,1352,2845.87,242.48
高雄市,三民區,本上里,1252,1519329,1214,930,489,1578,1082.20,89.18
高雄市,三民區,本揚里,1905,1994494,1047,818,424,1377,1040.97,99.43
高雄市,三民區,鼎力里,1025,799753,780,602,370,1005,651.30,83.47
高雄市,三民區,鼎強里,909,689579,759,601,358,993,615.06,81.08
高雄市,三民區,本和里,1737,1483989,854,681,422,1113,671.32,78.58
高雄市,新興區,華聲里,403,488756,1213,704,421,1201,2217.66,182.86
高雄市,新興區,黎明里,289,256942,889,612,338,1212,821.97,92.45
高雄市,新興區,文昌里,953,1014405,1064,732,383,1300,1116.12,104.86
高雄市,新興區,成功里,470,501942,1068,762,410,1324,1105.06,103.47
高雄市,新興區,興昌里,680,668955,984,696,376,1213,1058.30,107.58
高雄市,新興區,南港里,749,709799,948,586,326,1015,2139.71,225.79
高雄市,新興區,振華里,519,596880,1150,673,401,1363,1503.50,130.73
高雄市,新興區,建興里,279,203026,728,564,322,950,628.35,86.35
高雄市,新興區,大明里,364,348312,957,628,341,1103,1192.67,124.64
高雄市,新興區,明莊里,259,345305,1333,584,340,1247,2704.51,202.85
高雄市,新興區,仁聲里,247,218636,885,603,344,1042,958.13,108.24
高雄市,新興區,漢民里,277,302317,1091,627,342,1099,1820.06,166.76
高雄市,新興區,玉衡里,289,217589,753,567,339,956,687.36,91.29
高雄市,新興區,榮治里,161,129640,805,559,347,882,941.58,116.94
高雄市,新興區,浩然里,695,718622,1034,729,381,1379,1124.09,108.71
高雄市,新興區,振成里,559,741696,1327,740,374,1420,2441.44,184.01
高雄市,新興區,德生里,830,958551,1155,763,401,1412,1646.84,142.60
高雄市,新興區,愛平里,350,331846,948,609,358,1173,998.03,105.26
高雄市,新興區,新江里,424,349538,824,517,309,972,993.48,120.51
高雄市,新興區,秋山里,328,243073,741,532,283,990,705.36,95.18
高雄市,新興區,長驛里,218,181574,833,551,313,1079,890.55,106.92
高雄市,新興區,德望里,790,897615,1136,677,374,1365,2195.71,193.25
高雄市,新興區,中東里,783,795126,1015,683,376,1214,1487.92,146.52
高雄市,新興區,東坡里,451,359385,797,588,331,997,719.66,90.31
高雄市,新興區,蕉園里,275,289891,1054,623,342,1328,1561.81,148.16
高雄市,新興區,德政里,247,226980,919,627,356,1032,1093.94,119.04
高雄市,新興區,開平里,1105,1889538,1710,726,396,1386,7503.04,438.78
高雄市,新興區,光耀里,845,1151649,1363,624,322,1178,8916.17,654.21
高雄市,新興區,永寧里,544,516721,950,638,343,1143,1282.55,135.03
高雄市,新興區,順昌里,737,943679,1280,637,344,1127,7609.11,594.26
高雄市,新興區,正氣里,644,689132,1070,669,364,1227,1497.94,139.98
高雄市,新興區,建華里,312,382618,1226,626,332,1123,2395.67,195.35
高雄市,前金區,青山里,532,633527,1191,641,350,1305,3021.73,253.75
高雄市,前金區,新生里,1131,1061477,939,656,348,1224,951.09,101.34
高雄市,前金區,民生里,282,285418,1012,693,394,1341,941.08,92.98
高雄市,前金區,長興里,377,328212,871,560,337,1005,1163.78,133.68
高雄市,前金區,東金里,377,391403,1038,651,355,1387,1147.83,110.56
高雄市,前金區,林投里,368,386234,1050,513,313,873,4488.91,427.70
高雄市,前金區,後金里,354,359817,1016,698,398,1137,1562.69,153.74
高雄市,前金區,文東里,488,573909,1176,705,407,1308,2057.60,174.96
高雄市,前金區,長生里,619,613649,991,717,365,1229,1115.26,112.50
高雄市,前金區,博孝里,305,321929,1056,666,378,1169,1380.30,130.77
高雄市,前金區,復元里,432,512967,1187,755,420,1503,1823.75,153.59
高雄市,前金區,社東里,675,907229,1344,708,397,1341,3350.95,249.32
高雄市,前金區,社西里,390,459791,1179,647,354,1342,2471.53,209.64
高雄市,前金區,國民里,349,440190,1261,655,368,1358,1825.87,144.76
高雄市,前金區,北金里,260,270437,1040,580,329,1208,1635.39,157.23
高雄市,前金區,榮復里,407,336121,826,605,328,1032,1092.53,132.29
高雄市,前金區,文西里,420,349819,833,589,338,950,885.64,106.33
高雄市,前金區,草江里,446,448208,1005,647,397,1209,1222.41,121.64
高雄市,前金區,長城里,437,331471,759,559,334,952,768.49,101.32
高雄市,前金區,三川里,234,181005,774,569,285,909,1175.41,151.95
高雄市,苓雅區,中正里,1077,1805686,1677,829,443,1565,8779.84,523.67
高雄市,苓雅區,永康里,743,638858,860,662,380,1115,757.06,88.05
高雄市,苓雅區,林興里,432,308547,714,529,298,881,908.26,127.17
高雄市,苓雅區,朝陽里,502,414860,826,659,371,1048,672.15,81.33
高雄市,苓雅區,文昌里,1071,830115,775,579,332,1014,648.65,83.69
高雄市,苓雅區,正義里,679,600132,884,616,366,1089,898.61,101.67
高雄市,苓雅區,林泉里,674,843806,1252,866,460,1691,1149.91,91.85
高雄市,苓雅區,福壽里,416,323378,777,557,301,918,1752.48,225.44
高雄市,苓雅區,民主里,1308,1226616,938,693,386,1203,865.40,92.28
高雄市,苓雅區,光華里,223,159373,715,582,343,938,536.20,75.03
高雄市,苓雅區,五福里,1229,1004255,817,616,359,1016,749.22,91.69
高雄市,苓雅區,城東里,592,592944,1002,743,389,1398,982.47,98.09
高雄市,苓雅區,城西里,183,130605,714,534,320,917,690.14,96.70
高雄市,苓雅區,城北里,494,393992,798,596,350,991,753.47,94.47
高雄市,苓雅區,城中里,1,458,458,458,458,458,0,0
高雄市,苓雅區,博仁里,229,175477,766,531,337,828,1303.91,170.16
高雄市,苓雅區,苓洲里,440,397722,904,661,361,1062,1040.67,115.13
高雄市,苓雅區,苓昇里,369,281746,764,577,317,993,793.07,103.87
高雄市,苓雅區,苓雅里,497,442100,890,609,377,1037,1033.50,116.18
高雄市,苓雅區,苓中里,523,359954,688,540,324,860,571.42,83.03
高雄市,苓雅區,苓東里,456,322976,708,568,331,941,560.51,79.14
高雄市,苓雅區,意誠里,695,546257,786,565,322,972,1172.42,149.17
高雄市,苓雅區,鼓中里,390,296828,761,526,301,881,998.78,131.23
高雄市,苓雅區,田西里,552,486885,882,639,348,1119,898.06,101.82
高雄市,苓雅區,日中里,853,719399,843,592,343,1075,876.03,103.87
高雄市,苓雅區,美田里,443,357669,807,637,367,1095,641.82,79.49
高雄市,苓雅區,林西里,651,517326,795,588,312,1000,762.33,95.93
高雄市,苓雅區,林南里,1127,1395094,1238,742,407,1408,3409.40,275.42
高雄市,苓雅區,林德里,609,602611,990,681,353,1240,1415.41,143.04
高雄市,苓雅區,福海里,310,230243,743,581,356,984,578.11,77.84
高雄市,苓雅區,福南里,579,423095,731,590,356,879,604.50,82.73
高雄市,苓雅區,福西里,562,355774,633,541,310,831,480.63,75.92
高雄市,苓雅區,福東里,753,593321,788,601,352,970,684.95,86.93
高雄市,苓雅區,仁政里,548,578233,1055,687,391,1269,1258.62,119.28
高雄市,苓雅區,凱旋里,659,571801,868,700,393,1135,699.31,80.59
高雄市,苓雅區,人和里,694,600664,866,571,361,1062,1190.61,137.56
高雄市,苓雅區,和煦里,709,632438,892,660,352,1122,1046.58,117.33
高雄市,苓雅區,普照里,971,957874,986,653,372,1151,1631.43,165.38
高雄市,苓雅區,晴朗里,346,339809,982,691,373,1182,1129.59,115.02
高雄市,苓雅區,廣澤里,636,546086,859,609,362,1051,887.37,103.35
高雄市,苓雅區,奏捷里,592,424018,716,545,339,871,668.90,93.39
高雄市,苓雅區,林圍里,833,1147569,1378,837,437,1614,3364.03,244.19
高雄市,苓雅區,林靖里,551,442645,803,628,381,1064,607.24,75.59
高雄市,苓雅區,同慶里,441,568333,1289,800,440,1605,1493.06,115.85
高雄市,苓雅區,福隆里,873,734988,842,623,350,1088,791.16,93.97
高雄市,苓雅區,福康里,580,411586,710,542,335,910,635.91,89.61
高雄市,苓雅區,福人里,652,479512,735,560,339,912,719.16,97.79
高雄市,苓雅區,福地里,840,594732,708,570,339,884,692.38,97.79
高雄市,苓雅區,福居里,792,525496,664,540,315,863,511.49,77.09
高雄市,苓雅區,五權里,661,596500,902,668,333,1150,1059.12,117.36
高雄市,苓雅區,林中里,1107,1013909,916,675,377,1145,1072.34,117.08
高雄市,苓雅區,華堂里,1067,1019586,956,662,375,1173,1009.11,105.60
高雄市,苓雅區,林華里,976,825457,846,626,394,1114,744.43,88.02
高雄市,苓雅區,林榮里,1320,1152261,873,661,377,1142,738.43,84.59
高雄市,苓雅區,正心里,1131,1082276,957,687,359,1245,919.07,96.04
高雄市,苓雅區,福祥里,386,283860,735,588,336,928,696.09,94.66
高雄市,苓雅區,安祥里,919,1294792,1409,848,427,1576,2145.33,152.27
高雄市,苓雅區,普天里,1046,1146577,1096,771,426,1382,1061.44,96.83
高雄市,苓雅區,林富里,661,1040403,1574,859,421,1931,2275.99,144.60
高雄市,苓雅區,正仁里,798,691963,867,663,402,1104,762.62,87.95
高雄市,苓雅區,林貴里,433,354089,818,647,349,1031,705.07,86.22
高雄市,苓雅區,正大里,1467,1298223,885,663,374,1111,816.40,92.25
高雄市,苓雅區,正道里,1266,1092786,863,664,374,1138,743.03,86.08
高雄市,苓雅區,衛武里,600,442738,738,607,389,983,537.06,72.78
高雄市,苓雅區,英明里,582,491444,844,625,369,1114,775.19,91.80
高雄市,苓雅區,尚義里,504,566602,1124,759,460,1446,1133.82,100.85
高雄市,苓雅區,林安里,520,494535,951,683,362,1251,899.35,94.57
高雄市,苓雅區,正文里,527,512781,973,742,393,1330,816.33,83.90
高雄市,苓雅區,正言里,777,750747,966,680,380,1202,1220.66,126.33
高雄市,苓雅區,建軍里,583,400393,687,536,340,890,527.97,76.88
高雄市,前鎮區,仁愛里,369,223857,607,512,306,758,429.12,70.74
高雄市,前鎮區,民權里,1289,1509646,1171,829,447,1445,2472.94,211.15
高雄市,前鎮區,明義里,552,368514,668,536,312,887,498.97,74.74
高雄市,前鎮區,忠誠里,521,316414,607,502,319,788,430.98,70.96
高雄市,前鎮區,平等里,439,336762,767,554,343,955,718.41,93.65
高雄市,前鎮區,忠孝里,725,625405,863,663,377,1120,777.64,90.15
高雄市,前鎮區,振興里,467,378316,810,571,346,954,852.60,105.25
高雄市,前鎮區,信義里,362,205288,567,497,288,728,401.77,70.85
高雄市,前鎮區,復國里,888,759200,855,642,391,1094,724.10,84.69
高雄市,前鎮區,興中里,958,698231,729,579,345,911,621.80,85.31
高雄市,前鎮區,鎮北里,258,192832,747,510,307,845,1474.49,197.28
高雄市,前鎮區,草衙里,2478,1643299,663,537,330,834,634.80,95.72
高雄市,前鎮區,前鎮里,483,316157,655,490,331,797,686.36,104.86
高雄市,前鎮區,興邦里,554,451577,815,635,376,1058,660.89,81.08
高雄市,前鎮區,興化里,133,76359,574,420,290,721,457.33,79.66
高雄市,前鎮區,鎮中里,250,172840,691,541,347,740,826.88,119.60
高雄市,前鎮區,西甲里,665,533867,803,615,357,1026,772.93,96.28
高雄市,前鎮區,竹內里,802,552307,689,546,320,911,602.51,87.49
高雄市,前鎮區,西山里,1167,1157460,992,772,417,1291,988.10,99.62
高雄市,前鎮區,良和里,994,1056279,1063,734,399,1341,1028.61,96.80
高雄市,前鎮區,建隆里,273,201532,738,545,339,959,624.92,84.65
高雄市,前鎮區,忠純里,685,432373,631,541,341,803,411.62,65.21
高雄市,前鎮區,瑞竹里,308,196564,638,543,300,837,478.02,74.90
高雄市,前鎮區,鎮東里,572,395491,691,567,341,867,628.10,90.84
高雄市,前鎮區,興仁里,211,111828,530,437,300,714,338.11,63.80
高雄市,前鎮區,明道里,320,192577,602,502,305,770,472.61,78.53
高雄市,前鎮區,明禮里,418,254837,610,502,325,764,432.37,70.92
高雄市,前鎮區,瑞豐里,653,448990,688,531,321,896,585.68,85.18
高雄市,前鎮區,鎮陽里,273,177631,651,548,330,792,491.58,75.55
高雄市,前鎮區,盛興里,886,792539,895,654,369,1133,884.25,98.85
高雄市,前鎮區,鎮榮里,649,401213,618,522,328,773,448.38,72.53
高雄市,前鎮區,瑞南里,1203,835253,694,566,363,888,485.82,69.97
高雄市,前鎮區,瑞崗里,723,557221,771,598,353,943,648.69,84.17
高雄市,前鎮區,瑞東里,698,496309,711,569,361,935,524.86,73.82
高雄市,前鎮區,瑞北里,826,538908,652,534,335,833,476.91,73.10
高雄市,前鎮區,瑞西里,719,473997,659,562,354,849,441.73,67.00
高雄市,前鎮區,瑞興里,781,540349,692,561,341,911,513.64,74.24
高雄市,前鎮區,瑞和里,561,400311,714,572,347,880,961.35,134.72
高雄市,前鎮區,瑞隆里,1007,709663,705,558,350,917,550.30,78.09
高雄市,前鎮區,信德里,654,382717,585,500,326,739,406.95,69.54
高雄市,前鎮區,鎮昌里,586,371299,634,515,325,790,491.13,77.51
高雄市,前鎮區,明正里,996,681477,684,538,317,866,575.66,84.13
高雄市,前鎮區,竹西里,1145,919446,803,621,349,1057,746.12,92.92
高雄市,前鎮區,平昌里,196,114783,586,474,287,723,489.11,83.52
高雄市,前鎮區,明孝里,719,475297,661,503,296,835,552.72,83.61
高雄市,前鎮區,瑞祥里,1337,1079739,808,640,378,1076,641.93,79.49
高雄市,前鎮區,瑞平里,1061,782255,737,616,370,977,576.83,78.24
高雄市,前鎮區,德昌里,631,390903,619,513,330,807,405.11,65.39
高雄市,前鎮區,鎮海里,1177,808713,687,556,319,886,524.65,76.36
高雄市,前鎮區,竹東里,609,443582,728,613,359,978,510.77,70.12
高雄市,前鎮區,竹南里,719,514455,716,593,360,946,497.98,69.60
高雄市,前鎮區,竹北里,595,537313,903,646,344,1105,1287.98,142.63
高雄市,前鎮區,瑞誠里,686,503912,735,589,362,917,676.15,92.05
高雄市,前鎮區,瑞華里,1299,1028509,792,620,362,1019,658.39,83.15
高雄市,前鎮區,瑞昌里,722,517246,716,572,334,958,619.30,86.45
高雄市,前鎮區,瑞文里,645,466596,723,582,349,925,637.75,88.16
高雄市,前鎮區,竹中里,823,695386,845,634,334,1104,782.96,92.66
高雄市,前鎮區,盛豐里,920,700932,762,583,357,962,634.77,83.32
高雄市,前鎮區,興東里,1408,1278498,908,661,373,1135,861.26,94.85
高雄市,旗津區,中華里,274,155227,567,497,312,735,382.62,67.54
高雄市,旗津區,永安里,256,134480,525,455,275,681,347.83,66.21
高雄市,旗津區,中興里,406,231126,569,490,304,718,384.71,67.58
高雄市,旗津區,振興里,449,277392,618,493,288,723,683.04,110.56
高雄市,旗津區,復興里,597,306397,513,438,280,662,364.90,71.10
高雄市,旗津區,實踐里,282,155189,550,448,298,678,441.37,80.20
高雄市,旗津區,安順里,234,132513,566,479,273,716,435.30,76.87
高雄市,旗津區,慈愛里,484,236235,488,429,270,624,334.51,68.53
高雄市,旗津區,旗下里,334,186502,558,434,291,691,429.46,76.91
高雄市,旗津區,上竹里,505,301201,596,467,293,750,518.44,86.92
高雄市,旗津區,南汕里,364,205991,566,483,299,715,413.82,73.13
高雄市,旗津區,中洲里,346,204209,590,503,306,735,415.11,70.33
高雄市,旗津區,北汕里,547,249301,456,403,256,571,331.80,72.80
高雄市,小港區,港墘里,550,452913,823,652,360,1102,656.39,79.71
高雄市,小港區,合作里,572,398456,697,577,351,916,519.80,74.62
高雄市,小港區,海豐里,703,443302,631,531,347,818,427.57,67.80
高雄市,小港區,松山里,420,305283,727,618,359,1021,473.61,65.16
高雄市,小港區,小港里,622,461919,743,546,335,873,1692.08,227.85
高雄市,小港區,鳳宮里,540,412119,763,631,363,1053,549.61,72.02
高雄市,小港區,店鎮里,1435,1210989,844,656,368,1054,1981.21,234.77
高雄市,小港區,山東里,780,559118,717,607,366,978,493.62,68.86
高雄市,小港區,孔宅里,893,615243,689,575,348,928,474.09,68.81
高雄市,小港區,高松里,912,625366,686,571,353,932,461.47,67.30
高雄市,小港區,大坪里,281,186657,664,561,368,808,441.64,66.49
高雄市,小港區,坪頂里,266,167193,629,531,341,796,406.13,64.62
高雄市,小港區,鳳森里,456,327012,717,600,370,932,482.00,67.21
高雄市,小港區,鳳林里,667,457951,687,577,335,928,454.63,66.22
高雄市,小港區,鳳興里,466,312696,671,568,336,912,427.05,63.64
高雄市,小港區,鳳源里,673,453415,674,546,342,913,498.73,74.03
高雄市,小港區,鳳鳴里,665,452732,681,552,341,913,460.99,67.71
高雄市,小港區,海昌里,616,361012,586,507,351,755,355.05,60.58
高雄市,小港區,海原里,822,536995,653,538,365,832,492.37,75.37
高雄市,小港區,海城里,843,539144,640,536,342,829,533.69,83.45
高雄市,小港區,青島里,432,368334,853,568,366,928,3340.41,391.78
高雄市,小港區,海澄里,1245,793367,637,535,342,831,447.54,70.23
高雄市,小港區,濟南里,816,623787,764,658,367,1102,511.93,66.97
高雄市,小港區,港口里,1083,1251787,1156,998,440,1623,926.13,80.13
高雄市,小港區,港興里,643,482634,751,599,344,1059,550.61,73.36
高雄市,小港區,二苓里,946,717192,758,591,354,976,633.71,83.59
高雄市,小港區,大苓里,823,680469,827,682,380,1168,621.90,75.22
高雄市,小港區,中厝里,727,487970,671,547,356,857,465.42,69.34
高雄市,小港區,山明里,1294,962305,744,630,366,1024,536.12,72.09
高雄市,小港區,廈莊里,526,381307,725,609,358,977,513.63,70.85
高雄市,小港區,桂林里,1663,1236176,743,620,367,989,528.09,71.04
高雄市,小港區,龍鳳里,674,504418,748,636,366,1062,474.78,63.44
高雄市,小港區,港南里,363,276366,761,624,360,1080,553.06,72.64
高雄市,小港區,港明里,890,628598,706,570,344,934,528.07,74.77
高雄市,小港區,港后里,537,398262,742,577,360,981,586.28,79.05
高雄市,小港區,港正里,833,735806,883,788,408,1245,596.58,67.54
高雄市,小港區,松金里,556,443665,798,650,384,1056,936.19,117.32
高雄市,小港區,泰山里,629,518786,825,711,423,1148,553.87,67.15
高雄市,小港區,三苓里,740,614695,831,692,382,1132,611.46,73.61
高雄市,小港區,正苓里,1034,870529,842,669,411,1120,800.64,95.10
高雄市,小港區,順苓里,1092,903435,827,743,417,1112,574.63,69.46
高雄市,小港區,宏亮里,687,514802,749,604,359,1022,619.39,82.66
高雄市,小港區,六苓里,399,346325,868,733,428,1240,568.67,65.52
新北市,新莊市,自強里,752,414912,552,465,297,702,396.45,71.85
新北市,新莊市,中華里,446,299001,670,546,375,841,521.25,77.75
新北市,新莊市,民有里,689,509346,739,641,379,933,509.33,68.90
新北市,新莊市,建安里,1548,1160192,749,616,383,954,621.55,82.93
新北市,新莊市,光明里,1066,759468,712,579,358,848,1271.64,178.49
新北市,新莊市,仁愛里,880,495721,563,473,308,720,393.63,69.88
新北市,新莊市,昌隆里,600,495232,825,689,444,1043,580.14,70.29
新北市,新莊市,龍安里,622,436501,702,560,360,883,585.41,83.42
新北市,新莊市,全安里,1264,938243,742,556,334,924,890.68,119.99
新北市,新莊市,龍福里,436,319410,733,683,410,954,435.85,59.49
新北市,新莊市,幸福里,1313,784814,598,504,333,767,404.56,67.68
新北市,新莊市,富民里,517,343880,665,583,366,841,439.24,66.04
新北市,新莊市,和平里,1324,915235,691,558,347,872,584.17,84.51
新北市,新莊市,恆安里,1363,1135265,833,605,360,1034,736.73,88.45
新北市,新莊市,中原里,1724,1285672,746,589,376,907,666.29,89.35
新北市,新莊市,民安里,1723,1263658,733,590,381,898,751.01,102.40
新北市,新莊市,南港里,1305,960795,736,572,356,936,709.03,96.30
新北市,新莊市,後港里,2041,1597872,783,632,384,1000,629.46,80.40
新北市,新莊市,中和里,1412,1104452,782,565,342,887,2338.65,298.99
新北市,新莊市,福興里,669,540976,809,647,405,993,881.76,109.04
新北市,新莊市,裕民里,1598,1042782,653,526,338,830,593.46,90.94
新北市,新莊市,豐年里,1281,885842,692,563,363,862,648.16,93.73
新北市,新莊市,四維里,1163,754105,648,542,340,839,476.44,73.48
新北市,新莊市,忠孝里,1419,1019280,718,561,351,904,605.22,84.26
新北市,新莊市,立德里,840,797958,950,682,410,1181,1050.52,110.59
新北市,新莊市,萬安里,879,573090,652,556,329,836,446.97,68.56
新北市,新莊市,信義里,1313,883471,673,550,348,821,541.38,80.46
新北市,新莊市,光華里,1555,1064725,685,564,349,856,571.26,83.43
新北市,新莊市,光榮里,1334,933515,700,591,366,889,572.16,81.76
新北市,新莊市,光正里,560,381211,681,556,350,855,520.69,76.49
新北市,新莊市,八德里,860,558456,649,532,328,833,548.38,84.45
新北市,新莊市,仁義里,884,550217,622,501,326,762,522.28,83.91
新北市,新莊市,自立里,1330,813178,611,508,336,764,449.02,73.44
新北市,新莊市,龍鳳里,1569,1163508,742,610,374,952,561.41,75.71
新北市,新莊市,海山里,1687,1207342,716,552,343,899,595.80,83.25
新北市,新莊市,文衡里,726,592869,817,570,351,982,795.64,97.43
新北市,新莊市,興漢里,1139,924996,812,605,362,1003,704.57,86.76
新北市,新莊市,榮和里,946,827373,875,614,363,1040,880.02,100.62
新北市,新莊市,文德里,481,400067,832,587,367,957,958.46,115.24
新北市,新莊市,文明里,609,632862,1039,584,357,1048,2485.21,239.15
新北市,新莊市,中港里,1821,1528644,839,613,368,1008,845.09,100.67
新北市,新莊市,頭前里,1284,964788,751,553,355,898,891.06,118.59
新北市,新莊市,丹鳳里,1919,1248140,650,557,358,834,441.15,67.83
新北市,新莊市,西盛里,1719,1435463,835,607,372,962,1024.04,122.63
新北市,新莊市,瓊林里,1647,1090878,662,516,339,825,572.41,86.42
新北市,新莊市,營盤里,948,787674,831,621,363,1074,726.09,87.39
新北市,新莊市,國泰里,571,396775,695,565,369,866,506.53,72.89
新北市,新莊市,立人里,658,560759,852,649,380,1110,716.66,84.09
新北市,新莊市,思源里,1593,1213315,762,541,337,876,1063.63,139.65
新北市,新莊市,化成里,940,717573,763,546,337,852,892.00,116.85
新北市,新莊市,福基里,1221,1060674,869,612,378,985,1958.11,225.41
新北市,新莊市,思賢里,1019,663459,651,537,331,817,480.80,73.85
新北市,新莊市,中美里,1664,1254239,754,571,351,920,736.07,97.65
新北市,新莊市,中泰里,1335,879130,659,531,336,830,503.96,76.53
新北市,新莊市,立言里,1541,1340967,870,605,381,999,1970.37,226.43
新北市,新莊市,立功里,1125,708391,630,500,316,779,509.37,80.89
新北市,新莊市,立志里,1108,758325,684,543,344,846,545.14,79.65
新北市,新莊市,中誠里,651,434707,668,505,326,783,1053.92,157.83
新北市,新莊市,富國里,1089,752990,691,573,353,859,602.36,87.12
新北市,新莊市,民本里,1060,675328,637,524,331,827,479.94,75.33
新北市,新莊市,合鳳里,1428,998155,699,579,358,893,564.15,80.71
新北市,新莊市,雙鳳里,1274,976914,767,573,360,936,735.27,95.89
新北市,新莊市,自信里,632,413753,655,553,345,826,500.79,76.49
新北市,新莊市,全泰里,1564,1348076,862,657,392,1116,719.91,83.52
新北市,新莊市,立泰里,1372,1007907,735,566,360,921,653.17,88.91
新北市,新莊市,立基里,1881,1693135,900,663,386,1088,1012.04,112.43
新北市,新莊市,中宏里,921,626522,680,563,350,847,546.85,80.39
新北市,新莊市,中全里,917,564872,616,512,318,790,453.18,73.57
新北市,新莊市,中隆里,858,616203,718,581,355,911,559.26,77.87
新北市,新莊市,中信里,2006,1520958,758,600,382,961,656.20,86.55
新北市,新莊市,建福里,726,562737,775,630,392,1006,730.61,94.26
新北市,新莊市,文聖里,1124,978884,871,616,364,1066,1039.18,119.32
新北市,新莊市,福營？,738,579464,785,590,367,923,1397.13,177.94
新北市,新莊市,後德里,760,661806,871,736,431,1146,624.11,71.67
新北市,新莊市,昌平里,1376,1142775,831,682,428,1051,707.60,85.20
新北市,新莊市,昌明里,1173,964935,823,629,392,1031,674.27,81.97
新北市,新莊市,成德里,1040,697911,671,570,355,861,467.12,69.61
新北市,新莊市,昌信里,410,351637,858,614,400,1004,1128.18,131.54
新北市,新莊市,中平里,1649,1543969,936,742,458,1188,838.49,89.55
新北市,新莊市,立廷里,584,454628,778,602,369,991,712.82,91.57
新北市,新莊市,泰豐里,442,295179,668,540,349,873,460.78,69.00
新北市,新莊市,祥鳳里,428,297181,694,557,365,892,474.50,68.34
新北市,新莊市,民全里,524,402589,768,568,351,917,1198.49,155.99
新北市,新莊市,光和里,377,247760,657,556,354,845,439.42,66.86
新北市,林口鄉,東林村,1343,1080752,805,571,367,888,1456.71,181.02
新北市,林口鄉,林口村,1238,927014,749,581,369,952,681.81,91.05
新北市,林口鄉,西林村,1129,963641,854,636,380,1032,892.73,104.59
新北市,林口鄉,湖北村,378,228395,604,500,318,757,442.00,73.15
新北市,林口鄉,菁湖村,1246,1339899,1075,713,416,1224,1579.17,146.85
新北市,林口鄉,湖南村,463,330628,714,551,349,918,556.84,77.98
新北市,林口鄉,南勢村,2759,2771821,1005,719,452,1213,1225.35,121.97
新北市,林口鄉,頂福村,312,186454,598,476,321,727,427.22,71.49
新北市,林口鄉,下福村,343,255274,744,491,340,844,1551.50,208.47
新北市,林口鄉,嘉寶村,216,141674,656,505,342,752,997.95,152.15
新北市,林口鄉,瑞平村,134,77713,580,513,333,771,404.03,69.67
新北市,林口鄉,太平村,244,148071,607,520,348,766,405.10,66.75
新北市,林口鄉,中湖村,780,524841,673,534,338,819,607.45,90.28
新北市,林口鄉,東勢村,2241,1934085,863,643,398,1020,903.75,104.72
新北市,五股鄉,興珍村,1473,1285066,872,562,333,944,2712.80,310.95
新北市,五股鄉,更寮村,383,245295,640,490,308,774,550.13,85.90
新北市,五股鄉,集福村,989,677578,685,556,354,867,624.48,91.15
新北市,五股鄉,觀音村,344,196598,572,459,289,716,450.07,78.75
新北市,五股鄉,成州村,1221,803387,658,528,344,810,740.25,112.50
新北市,五股鄉,五股村,1406,996913,709,549,346,856,656.11,92.53
新北市,五股鄉,五龍村,355,220567,621,503,331,775,471.49,75.89
新北市,五股鄉,德音村,1882,1710345,909,648,400,1053,1331.06,146.46
新北市,五股鄉,貿商村,136,81708,601,454,350,658,541.02,90.05
新北市,五股鄉,陸一村,523,298911,572,484,314,755,378.58,66.24
新北市,五股鄉,成功村,1343,865002,644,526,342,816,531.62,82.54
新北市,五股鄉,五福村,1414,1030762,729,588,370,923,584.53,80.19
新北市,五股鄉,成德村,669,439664,657,500,320,795,911.58,138.71
新北市,五股鄉,德泰村,1410,996003,706,592,375,905,519.52,73.55
新北市,五股鄉,六福村,455,314906,692,585,351,910,458.80,66.29
新北市,五股鄉,集賢村,540,348125,645,546,333,794,579.05,89.82
新北市,五股鄉,民義村,459,288775,629,513,315,801,484.74,77.05
新北市,五股鄉,成泰村,554,345376,623,524,318,773,448.40,71.93
新北市,五股鄉,水碓村,1251,905245,724,575,356,919,575.11,79.48
新北市,蘆洲市,中華里,800,549055,686,529,336,856,653.19,95.17
新北市,蘆洲市,光明里,169,172364,1020,762,469,1227,1338.14,131.20
新北市,蘆洲市,永康里,2509,1762673,703,562,360,880,546.68,77.81
新北市,蘆洲市,仁愛里,1333,866585,650,523,321,826,519.62,79.93
新北市,蘆洲市,仁德里,193,169239,877,709,458,1052,653.86,74.57
新北市,蘆洲市,延平里,786,579035,737,597,380,918,690.75,93.76
新北市,蘆洲市,永樂里,1676,1342570,801,623,392,962,930.37,116.14
新北市,蘆洲市,正義里,27,49332,1827,791,463,1634,3586.21,196.28
新北市,蘆洲市,成功里,131,115196,879,753,494,1086,604.10,68.70
新北市,蘆洲市,中原里,978,693623,709,538,348,841,686.51,96.80
新北市,蘆洲市,永安里,158,201400,1275,856,513,1482,1554.73,121.97
新北市,蘆洲市,南港里,1119,800520,715,573,350,920,535.66,74.88
新北市,蘆洲市,福安里,87,76012,874,685,449,1033,729.72,83.52
新北市,蘆洲市,長安里,250,214926,860,631,437,928,1237.52,143.95
新北市,蘆洲市,忠孝里,621,409078,659,530,332,802,501.09,76.07
新北市,蘆洲市,復興里,743,476934,642,537,348,815,471.28,73.42
新北市,蘆洲市,信義里,898,616932,687,533,333,820,658.49,95.85
新北市,蘆洲市,樹德里,863,729609,845,540,348,821,4095.38,484.41
新北市,蘆洲市,光華里,1213,803657,663,539,347,838,491.88,74.24
新北市,蘆洲市,水湳里,1703,1238253,727,559,355,907,769.43,105.82
新北市,蘆洲市,仁義里,112,108706,971,776,497,1256,703.44,72.48
新北市,蘆洲市,溪墘里,853,546918,641,519,342,816,486.70,75.91
新北市,蘆洲市,樓厝里,1244,876127,704,571,356,871,542.90,77.09
新北市,蘆洲市,保和里,660,455364,690,545,328,876,562.11,81.47
新北市,蘆洲市,得勝里,941,724751,770,532,336,859,1178.38,153.00
新北市,蘆洲市,仁復里,537,369445,688,520,310,849,650.91,94.61
新北市,蘆洲市,中路里,964,608608,631,526,333,787,475.58,75.33
新北市,蘆洲市,保佑里,932,550086,590,487,322,721,425.00,72.01
新北市,蘆洲市,恆德里,1514,1121194,741,575,353,910,696.42,94.04
新北市,蘆洲市,鷺江里,1200,809562,675,558,350,814,556.26,82.45
新北市,蘆洲市,玉清里,938,683310,728,558,349,902,797.39,109.46
新北市,蘆洲市,水河里,2482,1657027,668,550,354,831,519.27,77.78
新北市,蘆洲市,忠義里,1396,952816,683,539,341,839,675.42,98.96
新北市,蘆洲市,九芎里,1188,811273,683,564,350,847,564.40,82.65
新北市,蘆洲市,得仁里,711,489796,689,500,333,803,1102.37,160.02
新北市,蘆洲市,保新里,689,427092,620,529,302,785,462.04,74.54
新北市,蘆洲市,民和里,693,412698,596,486,321,752,485.57,81.54
新北市,蘆洲市,永德里,87,94602,1087,777,530,1138,1030.83,94.80
新北市,三重市,自強里,505,330315,654,550,336,821,487.23,74.49
新北市,三重市,介壽里,361,247657,686,519,340,804,667.96,97.37
新北市,三重市,中正里,399,284282,712,522,326,868,638.31,89.59
新北市,三重市,三民里,862,638215,740,535,344,884,722.45,97.58
新北市,三重市,慈祐里,1052,656719,624,504,317,781,486.16,77.88
新北市,三重市,光明里,1714,1287358,751,558,348,935,665.45,88.60
新北市,三重市,龍門里,512,344942,674,534,350,833,534.04,79.27
新北市,三重市,錦安里,534,352474,660,520,332,830,500.51,75.83
新北市,三重市,幸福里,1310,954753,729,521,330,804,1184.73,162.56
新北市,三重市,雙園里,308,210441,683,502,326,830,574.58,84.10
新北市,三重市,仁德里,678,442831,653,511,306,770,662.80,101.48
新北市,三重市,富福里,502,308685,615,511,323,749,514.87,83.73
新北市,三重市,福星里,282,198941,705,547,337,867,578.10,81.95
新北市,三重市,萬壽里,566,408068,721,556,341,854,728.40,101.03
新北市,三重市,大有里,1292,908442,703,563,360,858,578.44,82.27
新北市,三重市,正義里,579,479277,828,558,347,887,1603.31,193.69
新北市,三重市,中山里,824,619195,751,546,337,881,709.87,94.47
新北市,三重市,成功里,1140,813052,713,554,352,901,569.14,79.80
新北市,三重市,中央里,459,311931,680,547,331,885,528.06,77.70
新北市,三重市,永安里,855,535391,626,509,334,775,456.01,72.82
新北市,三重市,福德里,1076,780765,726,564,349,906,619.05,85.31
新北市,三重市,福安里,819,515132,629,496,316,760,604.71,96.14
新北市,三重市,承德里,476,302370,635,503,332,770,482.03,75.88
新北市,三重市,永福里,1353,868254,642,498,317,762,654.72,102.03
新北市,三重市,文化里,769,652849,849,586,355,955,1135.95,133.80
新北市,三重市,長安里,634,457704,722,535,354,840,675.42,93.56
新北市,三重市,大同里,543,432976,797,525,341,854,2226.80,279.27
新北市,三重市,吉利里,415,268449,647,511,328,784,529.23,81.81
新北市,三重市,中興里,1233,917315,744,531,312,927,981.88,131.98
新北市,三重市,永吉里,732,445624,609,505,324,768,489.39,80.39
新北市,三重市,六合里,1105,719386,651,483,327,789,646.49,99.30
新北市,三重市,永春里,433,308016,711,547,336,901,574.03,80.70
新北市,三重市,五常里,1346,861332,640,506,329,771,733.67,114.65
新北市,三重市,忠孝里,529,353552,668,509,326,811,666.79,99.77
新北市,三重市,立德里,846,619661,732,541,339,865,716.63,97.84
新北市,三重市,民生里,1214,802298,661,522,340,805,520.31,78.73
新北市,三重市,平和里,422,258859,613,505,344,747,445.43,72.62
新北市,三重市,中民里,348,239482,688,538,339,833,694.45,100.91
新北市,三重市,永興里,447,359549,804,583,343,944,840.74,104.52
新北市,三重市,光華里,564,387433,687,572,338,824,565.11,82.26
新北市,三重市,大安里,453,275842,609,524,323,786,468.62,76.96
新北市,三重市,光榮里,365,261962,718,519,314,832,746.71,104.04
新北市,三重市,光正里,450,358605,797,565,369,1015,691.16,86.73
新北市,三重市,田心里,1172,790255,674,522,330,824,586.85,87.03
新北市,三重市,大德里,212,191497,903,635,381,1023,1028.37,113.85
新北市,三重市,博愛里,1147,794167,692,584,371,877,485.18,70.07
新北市,三重市,德厚里,140,96305,688,538,274,774,623.10,90.58
新北市,三重市,五福里,700,412250,589,490,320,739,413.36,70.19
新北市,三重市,仁義里,358,242766,678,533,343,815,566.81,83.59
新北市,三重市,崇德里,1067,637865,598,498,313,754,438.62,73.37
新北市,三重市,同安里,363,217139,598,455,308,737,468.34,78.29
新北市,三重市,正德里,369,289163,784,555,355,916,807.70,103.07
新北市,三重市,開元里,415,268347,647,492,335,791,522.42,80.79
新北市,三重市,三安里,828,599545,724,515,324,861,757.74,104.65
新北市,三重市,安慶里,601,372770,620,502,316,785,452.08,72.89
新北市,三重市,慈愛里,992,559356,564,488,319,699,382.67,67.86
新北市,三重市,永清里,1368,871759,637,508,323,779,541.47,84.97
新北市,三重市,光輝里,564,391300,694,533,333,858,588.81,84.87
新北市,三重市,長生里,242,166122,686,578,348,855,522.53,76.12
新北市,三重市,同慶里,452,316371,700,542,330,890,585.17,83.60
新北市,三重市,福隆里,1356,1001277,738,553,341,887,826.93,111.99
新北市,三重市,永德里,1282,768058,599,496,324,741,429.07,71.62
新北市,三重市,二重里,537,319037,594,525,308,764,395.68,66.60
新北市,三重市,五谷里,718,526034,733,550,342,849,742.25,101.31
新北市,三重市,福祉里,1032,781075,757,586,359,945,691.39,91.35
新北市,三重市,過田里,1652,1409272,853,631,381,1044,970.88,113.81
新北市,三重市,溪美里,1673,1118380,668,541,331,823,552.97,82.72
新北市,三重市,厚德里,900,624243,694,555,337,857,604.30,87.12
新北市,三重市,慈化里,609,399277,656,516,323,770,866.93,132.23
新北市,三重市,福利里,564,441360,783,615,369,955,680.41,86.95
新北市,三重市,清和里,741,523337,706,538,345,877,576.98,81.69
新北市,三重市,錦通里,477,299917,629,500,346,787,444.42,70.68
新北市,三重市,大園里,694,476103,686,527,346,810,625.14,91.13
新北市,三重市,菜寮里,569,379978,668,547,345,818,515.52,77.20
新北市,三重市,長泰里,691,449616,651,499,323,764,678.93,104.34
新北市,三重市,長元里,675,430849,638,508,315,815,507.84,79.56
新北市,三重市,長江里,488,285950,586,469,302,712,452.30,77.19
新北市,三重市,錦江里,628,397426,633,504,330,733,710.67,112.30
新北市,三重市,重新里,454,359624,792,592,367,955,734.62,92.74
新北市,三重市,國隆里,670,487108,727,568,360,903,601.44,82.73
新北市,三重市,重陽里,901,628012,697,575,358,876,519.26,74.50
新北市,三重市,信安里,471,320163,680,540,351,825,572.95,84.29
新北市,三重市,順德里,572,353163,617,519,347,738,458.30,74.23
新北市,三重市,瑞德里,648,423086,653,512,326,789,609.64,93.37
新北市,三重市,尚德里,855,564941,661,521,342,804,557.80,84.42
新北市,三重市,培德里,1038,818935,789,563,355,884,1162.82,147.39
新北市,三重市,頂崁里,716,561819,785,583,335,927,1082.73,137.99
新北市,三重市,谷王里,388,282375,728,532,321,849,957.80,131.61
新北市,三重市,重明里,777,523019,673,510,313,824,560.54,83.27
新北市,三重市,光田里,1315,997011,758,560,350,937,690.12,91.02
新北市,三重市,慈生里,627,381674,609,509,341,785,417.62,68.60
新北市,三重市,碧華里,945,695254,736,547,346,898,710.56,96.58
新北市,三重市,長福里,404,220120,545,462,317,681,345.56,63.42
新北市,三重市,奕壽里,430,291822,679,518,310,806,638.87,94.14
新北市,三重市,正安里,541,385448,712,525,310,844,657.59,92.30
新北市,三重市,秀江里,369,242400,657,526,328,833,496.28,75.55
新北市,三重市,龍濱里,786,495703,631,506,317,786,502.35,79.65
新北市,三重市,富華里,654,387434,592,495,307,742,439.63,74.21
新北市,三重市,田安里,1677,1188301,709,550,359,862,658.13,92.88
新北市,三重市,慈惠里,618,340348,551,471,318,676,372.29,67.60
新北市,三重市,慈福里,612,340860,557,459,312,685,397.81,71.43
新北市,三重市,永盛里,901,601504,668,517,321,768,1522.43,228.05
新北市,三重市,福民里,876,799425,913,544,340,926,3541.99,388.13
新北市,三重市,田中里,1463,970103,663,532,341,824,521.07,78.58
新北市,三重市,維德里,775,516956,667,523,347,781,633.52,94.98
新北市,三重市,五華里,884,531384,601,506,334,737,413.62,68.81
新北市,三重市,永煇里,652,418982,643,523,342,792,465.45,72.43
新北市,三重市,錦田里,642,500691,780,556,342,908,1070.96,137.32
新北市,三重市,六福里,1294,902857,698,553,350,861,560.64,80.35
新北市,三重市,光陽里,1796,1393709,776,583,359,952,694.17,89.45
新北市,三重市,福田里,902,689069,764,583,352,934,737.35,96.52
新北市,三重市,仁忠里,756,414681,549,491,314,686,348.80,63.59
新北市,三重市,富貴里,822,507258,617,509,336,733,509.21,82.52
新北市,三重市,永豐里,1028,638550,621,475,313,772,738.72,118.93
新北市,三重市,永順里,1004,615892,613,513,324,759,449.12,73.21
新北市,三重市,永發里,1220,929238,762,564,354,904,801.18,105.19
新北市,三重市,福樂里,619,363370,587,504,300,702,526.68,89.72
新北市,三重市,仁華里,743,462976,623,511,327,770,470.43,75.50
新北市,三重市,五順里,602,366185,608,514,332,784,390.62,64.22
新北市,泰山鄉,黎明村,763,540189,708,551,337,883,609.46,86.08
新北市,泰山鄉,大科村,321,231720,722,599,410,1022,447.17,61.95
新北市,泰山鄉,山？村,1693,1208500,714,558,345,884,637.75,89.34
新北市,泰山鄉,楓樹村,970,640762,661,532,344,810,565.86,85.66
新北市,泰山鄉,同榮村,1060,828644,782,586,369,932,1227.12,156.97
新北市,泰山鄉,義學村,1120,794718,710,586,361,896,567.04,79.91
新北市,泰山鄉,明志村,1177,911860,775,612,362,973,658.61,85.01
新北市,泰山鄉,貴子村,1194,975483,817,672,390,1121,583.84,71.46
新北市,泰山鄉,貴和村,1573,1117462,710,562,348,937,631.56,88.90
新北市,泰山鄉,福泰村,1600,1095460,685,514,333,828,676.98,98.88
新北市,泰山鄉,同興村,700,561900,803,629,366,996,688.17,85.73
新北市,泰山鄉,義仁村,1453,1074056,739,586,369,936,640.55,86.66
新北市,泰山鄉,泰友村,623,477865,767,623,399,1023,594.19,77.47
新北市,泰山鄉,新明村,967,659392,682,541,332,892,503.32,73.81
新北市,泰山鄉,貴賢村,1080,950170,880,658,387,1109,1266.53,143.96
新北市,新店市,中正里,2237,2014784,901,640,393,1117,932.88,103.58
新北市,新店市,中華里,1233,1087951,882,678,380,1141,854.30,96.82
新北市,新店市,吉祥里,1195,1245081,1042,754,454,1310,1098.45,105.43
新北市,新店市,德安里,2596,2201153,848,655,400,1046,772.52,91.11
新北市,新店市,仁愛里,1276,1222396,958,699,410,1195,949.72,99.14
新北市,新店市,建國里,575,489205,851,667,353,1070,763.83,89.78
新北市,新店市,新和里,752,596469,793,626,371,1020,629.62,79.38
新北市,新店市,新安里,1242,1092250,879,678,386,1096,760.99,86.53
新北市,新店市,和平里,264,148319,562,475,305,688,422.59,75.22
新北市,新店市,新生里,1579,1404036,889,659,397,1087,880.29,99.00
新北市,新店市,中山里,448,386257,862,594,366,1006,989.38,114.75
新北市,新店市,中央里,1416,1898616,1341,957,510,1663,1619.20,120.76
新北市,新店市,永安里,2049,1492935,729,613,379,948,512.31,70.31
新北市,新店市,百福里,995,954083,959,700,393,1250,859.84,89.67
新北市,新店市,福德里,1249,1091717,874,670,404,1119,724.31,82.87
新北市,新店市,忠誠里,949,930601,981,709,403,1263,921.15,93.94
新北市,新店市,大同里,1311,1255868,958,670,409,1174,1924.85,200.93
新北市,新店市,中興里,1643,1565951,953,725,426,1222,848.91,89.07
新北市,新店市,長春里,588,978705,1664,1072,566,1892,4793.43,287.99
新北市,新店市,忠孝里,943,719816,763,600,386,945,616.76,80.80
新北市,新店市,復興里,790,625193,791,613,372,991,710.56,89.79
新北市,新店市,信義里,1996,1755220,879,646,392,1096,839.18,95.43
新北市,新店市,明德里,1434,1364247,951,701,419,1216,895.03,94.08
新北市,新店市,大鵬里,381,330578,868,669,382,1128,693.22,79.90
新北市,新店市,永平里,1046,829143,793,638,385,1020,667.03,84.15
新北市,新店市,新店里,592,460455,778,579,350,964,745.62,95.86
新北市,新店市,安和里,1369,1058137,773,625,383,980,625.55,80.93
新北市,新店市,大豐里,1277,1262025,988,694,409,1180,1889.27,191.17
新北市,新店市,寶興里,1678,1963833,1170,723,411,1303,3007.87,257.01
新北市,新店市,寶安里,1986,1908187,961,722,412,1207,863.26,89.85
新北市,新店市,文明里,800,624821,781,572,348,982,707.09,90.53
新北市,新店市,福民里,1383,1492323,1079,805,452,1392,972.66,90.14
新北市,新店市,張北里,1897,1668664,880,645,391,1092,858.30,97.57
新北市,新店市,張南里,438,353724,808,591,380,1074,652.45,80.79
新北市,新店市,廣明里,280,224461,802,579,320,943,1141.33,142.37
新北市,新店市,江陵里,1945,1986893,1022,711,416,1282,1572.49,153.93
新北市,新店市,百忍里,1382,1226943,888,610,377,1126,883.26,99.49
新北市,新店市,青潭里,1212,915497,755,585,363,923,694.02,91.88
新北市,新店市,員潭里,908,660136,727,562,365,922,590.84,81.27
新北市,新店市,雙坑里,203,113350,558,495,300,694,369.21,66.12
新北市,新店市,粗坑里,829,910832,1099,724,423,1294,1349.59,122.83
新北市,新店市,屈尺里,621,455252,733,558,351,908,718.66,98.03
新北市,新店市,廣興里,294,174245,593,438,288,711,524.01,88.41
新北市,新店市,龜山里,453,332736,735,531,340,882,910.16,123.91
新北市,新店市,直潭里,200,134802,674,502,286,809,642.30,95.30
新北市,新店市,塗潭里,565,1053984,1865,905,441,2253,3196.28,171.34
新北市,新店市,公崙里,2518,2058354,817,607,385,979,975.31,119.31
新北市,新店市,柴埕里,2299,1921438,836,634,395,1023,1020.82,122.14
新北市,新店市,雙城里,2013,1515398,753,598,369,947,630.85,83.80
新北市,新店市,頂城里,421,246635,586,459,303,767,464.04,79.21
新北市,新店市,下城里,611,435027,712,483,312,832,767.54,107.80
新北市,新店市,文中里,501,424286,847,647,413,1116,660.97,78.05
新北市,新店市,國校里,712,594216,835,598,355,1035,1152.97,138.15
新北市,新店市,美潭里,1614,1403001,869,660,400,1092,803.74,92.46
新北市,新店市,太平里,1248,1040896,834,645,409,1074,701.41,84.10
新北市,新店市,百和里,1062,960199,904,633,398,1129,952.48,105.35
新北市,新店市,國豐里,1171,1145259,978,718,416,1180,1058.56,108.23
新北市,新店市,新德里,856,641627,750,592,345,933,621.68,82.94
新北市,新店市,五？里,2662,2870162,1078,748,437,1302,1505.14,139.60
新北市,新店市,玫瑰里,1564,1263549,808,630,391,1036,867.89,107.43
新北市,新店市,日興里,1402,921827,658,520,333,823,543.74,82.70
新北市,新店市,寶福里,1286,1065839,829,611,389,1002,1452.33,175.23
新北市,新店市,明城里,1055,1238381,1174,903,483,1596,996.07,84.86
新北市,新店市,小城里,1008,1133447,1124,813,444,1382,1473.32,131.03
新北市,新店市,香坡里,1167,1008423,864,682,432,1095,679.09,78.59
新北市,新店市,美城里,403,360258,894,614,356,1121,1128.18,126.20
新北市,新店市,安昌里,870,743526,855,691,432,1075,670.99,78.51
新北市,石碇鄉,石碇村,126,73533,584,468,293,685,621.23,106.45
新北市,石碇鄉,潭邊村,198,149852,757,566,330,957,671.95,88.78
新北市,石碇鄉,烏塗村,159,94466,594,406,262,607,1185.33,199.51
新北市,石碇鄉,豐林村,75,42498,567,472,300,720,352.04,62.13
新北市,石碇鄉,隆盛村,224,124391,555,479,294,772,365.35,65.79
新北市,石碇鄉,中民村,285,143071,502,420,283,634,343.27,68.38
新北市,石碇鄉,永定村,189,102850,544,447,341,658,391.76,71.99
新北市,石碇鄉,光明村,52,26498,510,483,334,615,253.15,49.68
新北市,石碇鄉,彭山村,81,49193,607,505,281,699,560.85,92.35
新北市,石碇鄉,豐田村,136,90435,665,476,333,766,582.82,87.65
新北市,石碇鄉,格頭村,137,76805,561,447,247,617,547.85,97.72
新北市,石碇鄉,永安村,93,51697,556,502,344,677,317.71,57.15
新北市,石碇鄉,碧山村,4,1668,417,385,288,547,213.77,51.25
新北市,深坑鄉,深坑村,1451,1178351,812,657,400,1022,647.61,79.75
新北市,深坑鄉,萬順村,922,618742,671,536,342,847,510.41,76.06
新北市,深坑鄉,阿柔村,171,97422,570,508,335,733,396.94,69.67
新北市,深坑鄉,昇高村,469,398123,849,597,352,991,1368.06,161.16
新北市,深坑鄉,土庫村,843,624275,741,579,347,945,607.57,82.04
新北市,深坑鄉,埔新村,882,737054,836,630,388,1042,822.58,98.43
新北市,深坑鄉,萬福村,421,272406,647,543,347,821,466.24,72.06
新北市,深坑鄉,賴仲村,397,326346,822,630,384,1035,723.53,88.02
新北市,坪林鄉,坪林村,306,199526,652,534,325,799,499.71,76.64
新北市,坪林鄉,水德村,149,83560,561,480,283,714,386.99,69.01
新北市,坪林鄉,大林村,192,118846,619,533,332,786,392.60,63.43
新北市,坪林鄉,上德村,164,97396,594,480,326,720,476.87,80.30
新北市,坪林鄉,漁光村,118,67426,571,509,316,771,369.32,64.63
新北市,坪林鄉,石？村,72,35078,487,435,240,638,324.12,66.53
新北市,坪林鄉,粗窟村,190,118508,624,471,323,780,540.17,86.60
新北市,烏來鄉,烏來村,415,316479,763,617,365,929,689.97,90.48
新北市,烏來鄉,忠治村,233,147861,635,524,349,780,552.33,87.04
新北市,烏來鄉,孝義村,26,18616,716,578,453,871,419.72,58.62
新北市,烏來鄉,信賢村,71,44324,624,493,287,711,549.03,87.95
新北市,烏來鄉,福山村,48,27737,578,545,269,819,409.07,70.79
新北市,板橋市,自強里,1840,1917055,1042,765,433,1367,924.70,88.75
新北市,板橋市,介壽里,72,71220,989,809,467,1233,795.66,80.44
新北市,板橋市,中正里,134,118785,886,662,474,1126,749.08,84.50
新北市,板橋市,莊敬里,899,781655,869,687,416,1116,737.90,84.87
新北市,板橋市,仁愛里,987,732099,742,591,359,977,747.25,100.74
新北市,板橋市,龍安里,748,468623,627,520,327,771,474.19,75.69
新北市,板橋市,建國里,1061,697227,657,529,329,829,534.10,81.28
新北市,板橋市,光復里,867,592759,684,533,350,815,581.02,84.98
新北市,板橋市,幸福里,1172,772718,659,528,341,825,533.37,80.90
新北市,板橋市,華中里,1231,752400,611,527,337,779,409.50,67.00
新北市,板橋市,和平里,1200,808548,674,540,342,848,542.23,80.47
新北市,板橋市,福星里,954,847458,888,652,389,1113,795.95,89.60
新北市,板橋市,華江里,1303,1078226,827,608,383,1064,692.29,83.66
新北市,板橋市,景星里,976,897863,920,663,385,1121,964.02,104.79
新北市,板橋市,朝陽里,783,490932,627,500,332,761,461.84,73.66
新北市,板橋市,重慶里,2120,1571971,741,587,372,939,560.09,75.53
新北市,板橋市,民權里,954,761735,798,608,368,959,834.89,104.56
新北市,板橋市,新生里,1095,787272,719,581,351,915,568.20,79.03
新北市,板橋市,中山里,136,115652,850,718,444,1048,595.62,70.04
新北市,板橋市,永安里,817,572082,700,567,360,897,509.95,72.83
新北市,板橋市,民安里,633,508546,803,573,355,930,1272.64,158.41
新北市,板橋市,華興里,1067,899834,843,630,390,1043,718.05,85.14
新北市,板橋市,九如里,831,590106,710,546,356,832,681.66,95.99
新北市,板橋市,西安里,778,631064,811,578,370,991,814.01,100.35
新北市,板橋市,福德里,2276,1681532,739,569,361,923,626.50,84.80
新北市,板橋市,福安里,715,457621,640,532,351,809,448.97,70.15
新北市,板橋市,忠誠里,907,835793,921,758,418,1212,718.75,78.00
新北市,板橋市,陽明里,738,576555,781,575,359,952,835.71,106.97
新北市,板橋市,文化里,768,506274,659,539,322,832,483.99,73.42
新北市,板橋市,長安里,1057,829883,785,617,385,1018,677.87,86.34
新北市,板橋市,振興里,1242,859077,692,524,322,823,714.95,103.36
新北市,板橋市,福壽里,798,670315,840,578,364,964,1711.24,203.72
新北市,板橋市,民生里,472,372420,789,586,339,915,845.29,107.13
新北市,板橋市,公？里,1074,779066,725,565,355,909,615.46,84.85
新北市,板橋市,復興里,242,135541,560,462,282,713,430.07,76.79
新北市,板橋市,信義里,1149,775101,675,557,355,851,491.13,72.80
新北市,板橋市,國光里,1217,1138360,935,708,406,1151,1187.30,126.93
新北市,板橋市,光華里,935,801704,857,630,358,1119,747.23,87.15
新北市,板橋市,大安里,83,83362,1004,847,524,1292,763.39,76.01
新北市,板橋市,光榮里,715,561286,785,611,378,933,800.50,101.97
新北市,板橋市,新興里,1843,1266641,687,542,326,845,594.58,86.51
新北市,板橋市,金華里,1074,691166,644,525,324,823,518.71,80.60
新北市,板橋市,港尾里,812,737659,908,671,398,1124,945.25,104.05
新北市,板橋市,廣福里,103,119672,1162,707,390,1220,1930.17,166.13
新北市,板橋市,居仁里,777,546536,703,575,347,907,493.76,70.20
新北市,板橋市,東安里,547,383047,700,552,362,883,521.62,74.49
新北市,板橋市,大豐里,1357,987791,728,566,342,926,633.40,87.01
新北市,板橋市,溪北里,124,123355,995,798,524,1119,807.85,81.21
新北市,板橋市,民族里,1126,929102,825,638,375,1037,799.68,96.92
新北市,板橋市,新民里,1217,942754,775,579,365,934,769.56,99.34
新北市,板橋市,自立里,815,596982,732,585,384,932,597.23,81.53
新北市,板橋市,莒光里,749,563496,752,552,337,920,671.36,89.24
新北市,板橋市,五權里,1080,726666,673,541,342,824,571.69,84.97
新北市,板橋市,海山里,1642,1511074,920,605,366,1002,2284.62,248.26
新北市,板橋市,文德里,765,583472,763,596,385,906,642.75,84.27
新北市,板橋市,國泰里,914,714791,782,596,361,1025,621.74,79.50
新北市,板橋市,文聖里,676,455299,674,545,338,844,539.48,80.10
新北市,板橋市,富貴里,664,743811,1120,674,398,1298,1736.21,154.99
新北市,板橋市,留侯里,415,331121,798,566,340,957,811.54,101.71
新北市,板橋市,流芳里,484,437639,904,604,337,1091,1105.70,122.28
新北市,板橋市,赤松里,248,280160,1130,661,383,1329,1702.72,150.73
新北市,板橋市,黃石里,341,302229,886,605,361,1059,1079.68,121.82
新北市,板橋市,挹秀里,618,738185,1194,722,413,1380,3145.24,263.32
新北市,板橋市,社後里,1639,1234444,753,568,356,928,731.18,97.08
新北市,板橋市,新埔里,700,510661,730,559,316,888,643.66,88.23
新北市,板橋市,江翠里,1282,992317,774,538,343,908,1002.66,129.54
新北市,板橋市,松翠里,996,731660,735,541,338,874,678.78,92.40
新北市,板橋市,嵐翠里,696,465259,668,510,340,809,582.78,87.18
新北市,板橋市,深丘里,2530,2118158,837,600,363,992,1002.46,119.74
新北市,板橋市,埔墘里,1574,1163434,739,559,351,898,958.12,129.62
新北市,板橋市,港嘴里,1378,964258,700,535,333,856,648.01,92.61
新北市,板橋市,湳興里,1206,896905,744,565,360,913,706.52,95.00
新北市,板橋市,鄉雲里,1805,1370750,759,554,329,884,903.57,118.98
新北市,板橋市,溪洲里,1663,1129400,679,558,331,894,491.96,72.44
新北市,板橋市,崑崙里,1920,1395831,727,571,360,884,1135.63,156.21
新北市,板橋市,浮洲里,936,628446,671,540,339,817,541.04,80.58
新北市,板橋市,香丘里,977,723930,741,576,358,955,636.46,85.89
新北市,板橋市,雙玉里,2070,1267218,612,504,328,761,439.16,71.74
新北市,板橋市,玉光里,1337,897344,671,544,345,844,547.43,81.56
新北市,板橋市,百壽里,641,426444,665,518,315,823,539.15,81.04
新北市,板橋市,漢生里,1404,1292881,921,658,382,1152,1138.97,123.69
新北市,板橋市,聯翠里,1002,762675,761,562,352,965,1025.63,134.75
新北市,板橋市,宏翠里,787,513261,652,498,341,740,827.76,126.92
新北市,板橋市,華翠里,957,728045,761,568,353,977,640.77,84.23
新北市,板橋市,福翠里,474,290247,612,497,331,782,439.49,71.77
新北市,板橋市,埤墘里,932,627024,673,540,372,844,510.40,75.87
新北市,板橋市,廣新里,900,559898,622,515,318,759,512.20,82.33
新北市,板橋市,福丘里,690,708452,1027,683,403,1205,1284.69,125.12
新北市,板橋市,廣德里,1616,1403582,869,602,368,962,2718.42,312.98
新北市,板橋市,福祿里,978,832212,851,610,378,1047,877.22,103.09
新北市,板橋市,聚安里,1111,670114,603,513,334,748,447.80,74.24
新北市,板橋市,龍翠里,1065,762134,716,540,340,895,789.26,110.29
新北市,板橋市,柏翠里,869,652557,751,562,363,894,685.16,91.24
新北市,板橋市,文翠里,1122,899394,802,599,366,985,789.33,98.47
新北市,板橋市,青翠里,798,494347,619,506,330,783,454.66,73.39
新北市,板橋市,香社里,1255,870990,694,542,344,857,555.16,79.99
新北市,板橋市,東丘里,1224,875820,716,538,325,864,719.92,100.61
新北市,板橋市,華德里,1804,1305949,724,571,365,917,602.73,83.26
新北市,板橋市,港德里,1337,928912,695,538,331,844,613.98,88.37
新北市,板橋市,忠翠里,2234,2270508,1016,728,423,1274,1070.10,105.29
新北市,板橋市,明翠里,1249,831027,665,518,331,811,601.35,90.38
新北市,板橋市,滿翠里,862,508759,590,495,321,725,460.74,78.06
新北市,板橋市,新翠里,1933,1484699,768,581,367,968,639.54,83.27
新北市,板橋市,溪頭里,1469,1069975,728,556,359,872,684.95,94.04
新北市,板橋市,吉翠里,878,573066,653,502,319,803,576.96,88.40
新北市,板橋市,純翠里,1269,898581,708,572,356,874,546.96,77.24
新北市,板橋市,長壽里,828,585388,707,547,337,912,592.85,83.86
新北市,板橋市,振義里,1049,679015,647,540,347,819,450.24,69.56
新北市,板橋市,光仁里,821,577048,703,554,359,897,601.06,85.52
新北市,板橋市,仁翠里,782,465169,595,499,331,717,426.45,71.69
新北市,板橋市,懷翠里,1369,924634,675,544,347,842,517.10,76.56
新北市,板橋市,德翠里,1378,970553,704,588,376,918,476.62,67.67
新北市,板橋市,僑中里,999,675032,676,549,351,838,744.66,110.20
新北市,板橋市,華貴里,862,588092,682,543,344,866,523.82,76.78
新北市,板橋市,華東里,1621,1733167,1069,735,423,1263,2079.71,194.51
新北市,板橋市,香雅里,703,487864,694,546,347,862,538.53,77.60
新北市,板橋市,後埔里,918,931726,1015,718,400,1273,1181.45,116.40
新北市,板橋市,華福里,551,446576,810,620,381,1005,702.42,86.67
新北市,板橋市,大觀里,749,484239,647,560,358,832,417.73,64.61
新北市,板橋市,歡園里,275,197939,720,552,351,822,1008.46,140.11
新北市,板橋市,成和里,1025,669597,653,528,349,821,539.61,82.60
新北市,板橋市,溪福里,2535,1913750,755,631,396,950,647.63,85.79
新北市,板橋市,堂春里,954,683167,716,591,372,912,505.90,70.65
新北市,板橋市,新海里,746,472880,634,520,336,791,454.80,71.75
新北市,板橋市,松柏里,532,342455,644,517,347,828,492.25,76.47
新北市,板橋市,正泰里,774,620037,801,581,353,963,882.61,110.18
新北市,三峽鎮,介壽里,1161,870196,750,575,365,894,1582.79,211.17
新北市,三峽鎮,中正里,1114,710608,638,516,311,793,531.22,83.28
新北市,三峽鎮,成福里,297,212036,714,491,324,731,2212.73,309.94
新北市,三峽鎮,溪北里,689,397022,576,474,316,753,382.60,66.40
新北市,三峽鎮,溪東里,789,519723,659,516,327,813,783.42,118.93
新北市,三峽鎮,三峽里,221,155029,701,553,325,819,590.68,84.20
新北市,三峽鎮,秀川里,137,71201,520,455,269,698,327.69,63.05
新北市,三峽鎮,八張里,868,527627,608,506,309,781,430.60,70.84
新北市,三峽鎮,中埔里,475,290131,611,520,338,768,411.96,67.45
新北市,三峽鎮,礁溪里,1066,752403,706,547,345,879,891.79,126.35
新北市,三峽鎮,永？里,1583,1161673,734,563,344,917,648.66,88.39
新北市,三峽鎮,鳶山里,1952,1325895,679,532,336,862,642.64,94.61
新北市,三峽鎮,龍埔里,1718,1215941,708,536,338,868,645.83,91.25
新北市,三峽鎮,弘道里,263,136358,518,457,268,682,354.60,68.39
新北市,三峽鎮,大埔里,1396,921079,660,535,324,832,544.72,82.56
新北市,三峽鎮,嘉添里,650,420162,646,483,292,807,660.66,102.21
新北市,三峽鎮,添福里,322,178841,555,450,293,738,382.56,68.88
新北市,三峽鎮,溪南里,396,239263,604,472,313,734,543.45,89.95
新北市,三峽鎮,安坑里,386,217351,563,434,283,666,612.74,108.82
新北市,三峽鎮,竹崙里,492,294142,598,487,320,754,434.21,72.63
新北市,三峽鎮,金圳里,120,61897,516,382,245,620,425.99,82.59
新北市,三峽鎮,五寮里,216,115659,535,450,279,663,439.45,82.07
新北市,三峽鎮,插角里,242,138227,571,477,299,702,377.72,66.13
新北市,三峽鎮,有木里,206,104563,508,417,266,600,421.66,83.07
新北市,三峽鎮,安溪里,1748,1289218,738,606,362,934,614.83,83.36
新北市,三峽鎮,二？里,471,338281,718,548,351,882,660.44,91.96
新北市,鶯歌鎮,永昌里,2086,1356969,651,544,339,826,490.35,75.38
新北市,鶯歌鎮,建國里,109,88566,813,730,393,1103,489.19,60.21
新北市,鶯歌鎮,大湖里,1393,1046587,751,581,355,928,738.28,98.26
新北市,鶯歌鎮,東湖里,60,32767,546,457,318,619,384.19,70.35
新北市,鶯歌鎮,永吉里,1265,725805,574,465,303,719,441.89,77.02
新北市,鶯歌鎮,南靖里,960,614387,640,512,333,803,528.35,82.56
新北市,鶯歌鎮,中湖里,1494,896382,600,509,325,777,408.11,68.02
新北市,鶯歌鎮,同慶里,399,302867,759,473,295,773,1921.37,253.12
新北市,鶯歌鎮,鳳鳴里,1277,835602,654,531,339,832,544.84,83.26
新北市,鶯歌鎮,東鶯里,302,218778,724,558,357,864,575.62,79.46
新北市,鶯歌鎮,西鶯里,640,443273,693,524,313,831,622.85,89.93
新北市,鶯歌鎮,南鶯里,1462,1016131,695,545,321,866,575.39,82.79
新北市,鶯歌鎮,北鶯里,450,282600,628,519,319,799,469.68,74.79
新北市,鶯歌鎮,中鶯里,291,182492,627,471,307,831,483.91,77.16
新北市,鶯歌鎮,建德里,143,78339,548,460,290,724,389.49,71.10
新北市,鶯歌鎮,尖山里,1441,921993,640,519,323,782,514.12,80.35
新北市,鶯歌鎮,二橋里,1577,936178,594,500,318,754,437.52,73.70
新北市,鶯歌鎮,二甲里,271,147573,545,465,280,672,443.59,81.46
新北市,鶯歌鎮,鳳福里,1195,779850,653,526,338,841,456.77,69.99
新北市,鶯歌鎮,鳳祥里,1111,720248,648,517,333,792,918.46,141.67
新北市,樹林市,中華里,647,463135,716,601,371,907,640.04,89.41
新北市,樹林市,和平里,1124,727431,647,532,327,824,474.32,73.29
新北市,樹林市,保安里,1599,1201753,752,579,361,918,725.30,96.50
新北市,樹林市,中山里,980,613990,627,512,317,793,480.50,76.69
新北市,樹林市,東山里,1001,680718,680,502,308,777,1114.13,163.83
新北市,樹林市,大同里,1114,832714,747,624,387,963,563.50,75.38
新北市,樹林市,文林里,1254,903908,721,587,369,955,519.99,72.14
新北市,樹林市,東昇里,1146,859567,750,596,374,952,645.98,86.12
新北市,樹林市,樹德里,1215,918675,756,590,367,907,712.84,94.28
新北市,樹林市,光興里,968,665967,688,586,367,902,464.56,67.53
新北市,樹林市,西山里,88,58414,664,521,319,872,460.43,69.36
新北市,樹林市,樹東里,366,298599,816,603,362,973,778.14,95.38
新北市,樹林市,彭厝里,1205,767336,637,536,338,835,430.81,67.65
新北市,樹林市,樹西里,1601,1404179,877,653,392,1062,876.79,99.97
新北市,樹林市,坡內里,405,247025,610,505,302,747,464.06,76.08
新北市,樹林市,樹北里,343,256187,747,509,339,862,870.82,116.59
新北市,樹林市,潭底里,1331,969827,729,577,350,899,635.45,87.21
新北市,樹林市,？寮里,1281,894089,698,571,369,842,611.31,87.58
新北市,樹林市,三多里,1318,907366,688,542,346,841,1122.83,163.10
新北市,樹林市,樂山里,435,262116,603,494,295,773,448.73,74.47
新北市,樹林市,東園里,452,374127,828,532,351,816,2254.17,272.34
新北市,樹林市,西園里,411,261223,636,537,352,811,436.94,68.75
新北市,樹林市,南園里,256,175204,684,509,330,786,686.00,100.24
新北市,樹林市,北園里,503,345688,687,517,323,828,642.45,93.48
新北市,樹林市,柑園里,502,339239,676,513,302,793,944.86,139.82
新北市,樹林市,樹南里,1250,957042,766,618,374,966,592.88,77.44
新北市,樹林市,樹人里,1047,824176,787,575,348,904,1433.33,182.09
新北市,樹林市,三福里,1132,723728,639,507,334,815,497.96,77.89
新北市,樹林市,三興里,1191,738354,620,529,349,797,395.53,63.80
新北市,樹林市,彭福里,1228,836130,681,558,358,860,525.03,77.11
新北市,樹林市,東陽里,1605,1033648,644,551,333,841,435.09,67.56
新北市,樹林市,圳福里,1069,723327,677,551,342,857,510.41,75.43
新北市,樹林市,圳安里,1185,827346,698,563,361,856,609.62,87.32
新北市,樹林市,樹興里,972,736560,758,578,354,966,683.49,90.20
新北市,樹林市,彭興里,1314,860235,655,554,350,820,470.36,71.85
新北市,樹林市,金寮里,1032,699284,678,572,350,851,517.80,76.42
新北市,樹林市,山佳里,980,661505,675,579,362,867,458.86,67.98
新北市,樹林市,育英里,803,593948,740,578,365,928,573.64,77.55
新北市,樹林市,樹福里,696,548538,788,556,361,929,776.78,98.56
新北市,樹林市,太順里,598,383374,641,553,353,831,428.95,66.91
新北市,樹林市,圳民里,544,373087,686,565,360,845,574.90,83.83
新北市,樹林市,圳生里,325,217492,669,547,344,867,502.77,75.13
新北市,樹林市,三龍里,451,322930,716,570,371,875,586.15,81.86
新北市,中和市,自強里,1277,870492,682,552,335,853,522.47,76.65
新北市,中和市,中正里,1169,760714,651,534,346,830,445.76,68.50
新北市,中和市,安平里,1505,1467759,975,715,406,1219,1051.25,107.79
新北市,中和市,民有里,818,582108,712,545,345,882,591.27,83.09
新北市,中和市,壽德里,593,451576,762,597,366,934,609.06,79.98
新北市,中和市,中山里,633,450421,712,563,350,874,616.15,86.59
新北市,中和市,中原里,1507,1127369,748,606,383,960,572.13,76.48
新北市,中和市,力行里,1520,1247130,820,617,375,1068,719.68,87.71
新北市,中和市,民安里,1225,866576,707,553,350,908,577.74,81.67
新北市,中和市,德行里,1251,1298581,1038,748,447,1249,2160.68,208.15
新北市,中和市,秀山里,1328,1034017,779,606,369,1018,614.68,78.94
新北市,中和市,中興里,1385,1212184,875,679,408,1096,866.88,99.05
新北市,中和市,景新里,1049,787274,750,592,358,952,625.20,83.30
新北市,中和市,忠孝里,1535,1041481,678,525,347,857,548.32,80.82
新北市,中和市,東南里,1438,1083097,753,609,375,946,580.99,77.14
新北市,中和市,民生里,1210,880508,728,584,360,957,566.32,77.82
新北市,中和市,復興里,1670,1160861,695,543,348,836,608.82,87.58
新北市,中和市,頂南里,974,741932,762,609,358,992,571.97,75.09
新北市,中和市,國光里,1145,883343,771,613,395,951,608.16,78.83
新北市,中和市,仁和里,1197,832089,695,570,368,887,488.74,70.31
新北市,中和市,錦和里,1196,986770,825,634,385,987,796.38,96.52
新北市,中和市,明德里,1166,752837,646,504,323,807,560.84,86.86
新北市,中和市,泰安里,1217,1008020,828,590,355,953,1355.34,163.63
新北市,中和市,安和里,989,873338,883,661,415,1132,813.41,92.11
新北市,中和市,南山里,1299,1054006,811,651,382,1033,654.12,80.62
新北市,中和市,興南里,982,685729,698,560,354,898,523.79,75.01
新北市,中和市,文元里,1547,1066829,690,545,343,839,686.17,99.50
新北市,中和市,安順里,1300,1097449,844,675,403,1140,628.80,74.49
新北市,中和市,民享里,872,621399,713,573,355,924,580.77,81.50
新北市,中和市,福南里,1093,772720,707,566,373,883,547.00,77.37
新北市,中和市,福祥里,1288,927020,720,548,343,870,653.66,90.82
新北市,中和市,平河里,1973,1471303,746,586,375,964,578.74,77.61
新北市,中和市,枋寮里,982,791750,806,615,380,1006,694.15,86.09
新北市,中和市,廟美里,1378,1136907,825,567,342,949,1910.89,231.61
新北市,中和市,瓦？里,1309,938046,717,551,352,850,1059.38,147.83
新北市,中和市,積穗里,1599,1230738,770,570,364,933,1097.72,142.62
新北市,中和市,瑞穗里,765,607954,795,604,363,1017,641.38,80.71
新北市,中和市,灰？里,137,84637,618,462,326,731,523.91,84.80
新北市,中和市,內南里,1472,1061983,721,567,346,902,603.01,83.58
新北市,中和市,外南里,1261,935159,742,594,363,905,815.20,109.92
新北市,中和市,橫路里,66,35250,534,464,346,643,291.30,54.54
新北市,中和市,連和里,428,376564,880,617,379,1001,1396.64,158.74
新北市,中和市,漳和里,1021,826663,810,612,367,993,987.16,121.92
新北市,中和市,員山里,1322,903425,683,542,337,860,608.15,88.99
新北市,中和市,安樂里,1209,1257749,1040,743,441,1297,1003.82,96.49
新北市,中和市,新南里,2002,1691250,845,656,400,1067,704.64,83.41
新北市,中和市,崇南里,1253,1003550,801,640,387,1005,677.25,84.56
新北市,中和市,秀明里,1363,1191332,874,639,389,1083,813.18,93.04
新北市,中和市,景平里,1323,980064,741,566,353,927,620.43,83.75
新北市,中和市,嘉穗里,833,608780,731,567,361,906,588.10,80.47
新北市,中和市,景安里,1534,1259059,821,606,380,1051,738.87,90.02
新北市,中和市,連城里,1846,1466169,794,613,391,1004,680.60,85.69
新北市,中和市,福美里,1260,883791,701,555,342,887,565.34,80.60
新北市,中和市,中安里,1405,1473979,1049,791,444,1392,901.19,85.90
新北市,中和市,華南里,1076,763404,709,565,375,868,551.59,77.75
新北市,中和市,秀？里,1309,1028109,785,629,388,1027,604.34,76.94
新北市,中和市,秀水里,1207,853548,707,550,340,886,582.89,82.43
新北市,中和市,景南里,1033,775729,751,578,343,918,706.63,94.10
新北市,中和市,和興里,1217,930689,765,593,360,955,672.87,87.99
新北市,中和市,景福里,1560,1149542,737,558,344,943,637.00,86.44
新北市,中和市,清穗里,938,624185,665,539,335,851,553.87,83.23
新北市,中和市,佳和里,1489,1262622,848,629,367,1058,771.83,91.02
新北市,中和市,德穗里,1323,880843,666,538,340,847,494.20,74.23
新北市,中和市,嘉新里,1084,748091,690,562,359,858,541.05,78.40
新北市,中和市,建和里,1225,915751,748,576,352,902,771.13,103.15
新北市,中和市,秀景里,1822,1728784,949,670,405,1123,1671.80,176.19
新北市,中和市,福善里,1219,926855,760,595,369,950,652.94,85.87
新北市,中和市,福真里,1177,889105,755,585,367,960,638.46,84.52
新北市,中和市,秀仁里,834,666165,799,585,380,1030,677.18,84.78
新北市,中和市,福和里,1090,790336,725,555,356,906,572.88,79.01
新北市,中和市,秀成里,1109,973430,878,654,378,1128,812.74,92.59
新北市,中和市,秀福里,1537,1435621,934,698,398,1206,806.62,86.36
新北市,中和市,華新里,1787,1268922,710,583,360,894,545.01,76.75
新北市,中和市,壽南里,866,664334,767,595,372,936,678.19,88.41
新北市,中和市,信和里,1187,798078,672,539,350,844,533.73,79.38
新北市,中和市,景文里,923,731742,793,614,361,994,822.39,103.73
新北市,中和市,錦昌里,510,355640,697,526,345,842,588.31,84.37
新北市,中和市,安穗里,996,676011,679,557,349,855,512.80,75.55
新北市,中和市,明穗里,1089,907864,834,651,367,1092,672.80,80.70
新北市,中和市,正行里,758,602937,795,650,415,1033,587.60,73.87
新北市,中和市,宜安里,611,554347,907,681,398,1221,755.24,83.24
新北市,中和市,秀義里,727,809788,1114,629,394,1029,8462.34,759.72
新北市,中和市,秀士里,684,539213,788,604,386,1006,705.38,89.48
新北市,中和市,景本里,573,427789,747,568,356,976,608.37,81.49
新北市,中和市,吉興里,688,550019,799,623,389,962,644.29,80.59
新北市,中和市,正南里,1043,694005,665,533,349,819,557.63,83.80
新北市,中和市,錦盛里,955,700580,734,570,358,874,1159.61,158.07
新北市,中和市,冠穗里,878,739006,842,635,376,1080,731.57,86.92
新北市,中和市,嘉慶里,954,608009,637,525,346,820,465.25,73.00
新北市,中和市,錦中里,914,644474,705,554,339,889,580.38,82.31
新北市,中和市,員富里,654,401115,613,507,338,780,401.54,65.47
新北市,中和市,碧河里,877,655959,748,557,370,910,674.08,90.12
新北市,中和市,國華里,801,558229,697,587,350,910,485.89,69.72
新北市,土城市,平和里,1606,1125311,701,556,366,884,580.75,82.88
新北市,土城市,復興里,92,89429,972,827,520,1168,701.77,72.19
新北市,土城市,大安里,1311,958805,731,552,339,886,679.64,92.93
新北市,土城市,廣福里,1400,1243125,888,706,427,1116,719.15,80.99
新北市,土城市,安和里,1143,769877,674,567,374,843,467.09,69.35
新北市,土城市,日新里,1269,828582,653,545,348,827,477.64,73.15
新北市,土城市,清水里,2465,1719621,698,572,355,890,516.00,73.97
新北市,土城市,永寧里,2027,1401803,692,560,355,862,700.95,101.36
新北市,土城市,瑞興里,860,572382,666,542,344,853,550.56,82.72
新北市,土城市,清和里,2356,1621983,688,556,360,868,529.72,76.94
新北市,土城市,永豐里,843,556984,661,551,356,830,476.37,72.10
新北市,土城市,埤塘里,740,501712,678,525,340,835,632.22,93.25
新北市,土城市,土城里,615,408971,665,515,335,819,608.77,91.55
新北市,土城市,員林里,1660,1248301,752,597,376,940,853.80,113.54
新北市,土城市,貨饒里,1100,809876,736,607,368,912,654.64,88.92
新北市,土城市,柑林里,3732,3083007,826,649,414,1018,743.92,90.05
新北市,土城市,埤林里,3003,2536502,845,660,408,1069,756.40,89.55
新北市,土城市,？廷里,1612,1020036,633,526,346,805,432.82,68.40
新北市,土城市,廷寮里,2524,1847936,732,594,373,911,765.48,104.55
新北市,土城市,清化里,427,288767,676,531,323,873,545.56,80.67
新北市,土城市,祖田里,426,279153,655,511,329,802,553.06,84.40
新北市,土城市,頂埔里,1325,861266,650,529,333,822,571.94,87.99
新北市,土城市,沛陂里,917,639566,697,508,340,770,1179.57,169.13
新北市,土城市,頂新里,351,209921,598,500,338,746,412.92,69.04
新北市,土城市,長風里,373,277482,744,576,345,927,685.03,92.08
新北市,土城市,頂福里,1243,740352,596,506,331,764,381.29,64.02
新北市,土城市,員仁里,1571,1046300,666,548,351,831,551.82,82.86
新北市,土城市,清溪里,1717,1314219,765,602,362,956,642.35,83.92
新北市,土城市,日和里,1364,872951,640,536,344,823,440.86,68.88
新北市,土城市,樂利里,1332,959669,720,601,390,896,505.24,70.13
新北市,土城市,學府里,817,538905,660,576,356,853,422.57,64.06
新北市,土城市,延壽里,1972,1354547,687,568,356,886,493.09,71.79
新北市,土城市,青雲里,733,504395,688,571,349,864,485.70,70.58
新北市,土城市,員福里,1484,1184327,798,606,379,956,871.60,109.21
新北市,土城市,延吉里,909,539631,594,500,312,763,387.57,65.28
新北市,土城市,裕生里,1473,1026531,697,553,357,825,610.50,87.60
新北市,土城市,員信里,1075,825287,768,588,366,938,915.07,119.19
新北市,土城市,延和里,1291,910085,705,574,374,896,621.28,88.13
新北市,土城市,學成里,763,541708,710,582,362,901,542.41,76.40
新北市,土城市,永富里,1117,696100,623,531,334,789,467.97,75.09
新北市,瑞芳鎮,福住里,76,48133,633,523,306,776,584.71,92.32
新北市,瑞芳鎮,龍安里,233,136688,587,473,297,711,458.59,78.17
新北市,瑞芳鎮,龍興里,654,467669,715,550,322,906,649.94,90.89
新北市,瑞芳鎮,光復里,103,48628,472,413,266,620,281.72,59.67
新北市,瑞芳鎮,吉慶里,550,317877,578,484,301,730,440.80,76.27
新北市,瑞芳鎮,龍潭里,326,222547,683,529,265,844,652.68,95.61
新北市,瑞芳鎮,海濱里,289,156934,543,460,295,652,402.66,74.15
新北市,瑞芳鎮,崇文里,108,52165,483,411,239,637,326.77,67.65
新北市,瑞芳鎮,龍山里,483,282256,584,480,307,750,406.97,69.64
新北市,瑞芳鎮,永慶里,160,87063,544,469,301,650,380.72,69.97
新北市,瑞芳鎮,東和里,694,345685,498,424,283,639,326.38,65.52
新北市,瑞芳鎮,龍鎮里,480,296126,617,503,303,765,502.43,81.44
新北市,瑞芳鎮,龍川里,568,335999,592,478,295,754,458.50,77.51
新北市,瑞芳鎮,柑坪里,435,228370,525,449,291,661,345.50,65.81
新北市,瑞芳鎮,爪？里,1764,1036840,588,489,314,752,413.70,70.38
新北市,瑞芳鎮,基山里,157,77261,492,423,297,612,293.55,59.65
新北市,瑞芳鎮,頌德里,131,77257,590,452,315,676,713.24,120.94
新北市,瑞芳鎮,瓜山里,93,53861,579,431,307,746,421.03,72.70
新北市,瑞芳鎮,石山里,142,89397,630,558,286,905,427.53,67.91
新北市,瑞芳鎮,新山里,124,75631,610,505,273,876,429.17,70.36
新北市,瑞芳鎮,銅山里,80,45227,565,431,234,764,464.19,82.11
新北市,瑞芳鎮,？洞里,206,124006,602,482,299,856,418.21,69.47
新北市,瑞芳鎮,傑魚里,671,354636,529,466,283,678,344.00,65.09
新北市,瑞芳鎮,上天里,473,255967,541,481,320,695,360.20,66.56
新北市,瑞芳鎮,侯硐里,172,80034,465,406,285,585,257.44,55.33
新北市,瑞芳鎮,弓橋里,73,32963,452,395,263,604,270.41,59.89
新北市,瑞芳鎮,碩仁里,24,11110,463,401,285,606,298.76,64.54
新北市,瑞芳鎮,深澳里,294,144763,492,396,263,598,373.91,75.94
新北市,瑞芳鎮,鼻頭里,99,46514,470,415,276,544,381.81,81.26
新北市,瑞芳鎮,南雅里,41,19369,472,398,288,634,282.48,59.80
新北市,瑞芳鎮,吉安里,1065,604021,567,479,307,716,396.16,69.85
新北市,瑞芳鎮,？新里,76,46432,611,521,346,878,343.16,56.17
新北市,瑞芳鎮,瑞濱里,612,369770,604,470,308,766,450.03,74.48
新北市,瑞芳鎮,新？里,607,346199,570,485,317,692,408.61,71.64
新北市,平溪鄉,東勢村,99,53998,545,424,296,765,367.84,67.44
新北市,平溪鄉,薯榔村,157,76760,489,389,258,592,350.63,71.72
新北市,平溪鄉,白石村,106,56220,530,422,299,681,376.17,70.93
新北市,平溪鄉,菁桐村,105,57386,547,423,296,630,407.55,74.57
新北市,平溪鄉,平溪村,118,60342,511,418,286,689,328.19,64.18
新北市,平溪鄉,石底村,175,94891,542,444,278,619,577.16,106.44
新北市,平溪鄉,嶺？村,218,109458,502,418,277,638,353.43,70.39
新北市,平溪鄉,平湖村,27,17530,649,470,335,829,620.70,95.60
新北市,平溪鄉,南山村,146,66284,454,397,247,546,296.47,65.30
新北市,平溪鄉,新寮村,45,23449,521,471,346,615,329.55,63.24
新北市,平溪鄉,十分村,339,168545,497,413,253,600,429.40,86.37
新北市,平溪鄉,望古村,33,17044,516,363,275,717,349.21,67.61
新北市,雙溪鄉,雙溪村,180,96686,537,445,282,683,354.91,66.07
新北市,雙溪鄉,共和村,158,84412,534,422,294,666,371.27,69.49
新北市,雙溪鄉,新基村,320,175167,547,465,284,695,386.97,70.69
新北市,雙溪鄉,魚行村,188,116606,620,468,304,847,476.55,76.83
新北市,雙溪鄉,三港村,137,74093,541,484,309,738,320.20,59.21
新北市,雙溪鄉,牡丹村,603,315142,523,423,260,670,404.49,77.40
新北市,雙溪鄉,三貂村,94,44175,470,382,247,598,348.78,74.22
新北市,雙溪鄉,平林村,301,161324,536,449,300,661,358.60,66.91
新北市,雙溪鄉,上林村,186,99346,534,437,263,698,362.83,67.93
新北市,雙溪鄉,外柑村,123,59230,482,420,302,609,283.71,58.92
新北市,雙溪鄉,長源村,111,51937,468,396,228,624,312.87,66.87
新北市,雙溪鄉,泰平村,105,63563,605,468,349,665,500.55,82.69
新北市,貢寮鄉,貢寮村,337,207130,615,507,321,748,481.52,78.34
新北市,貢寮鄉,雙玉村,235,136171,579,442,267,671,672.66,116.09
新北市,貢寮鄉,龍崗村,135,73411,544,484,292,708,322.83,59.37
新北市,貢寮鄉,吉林村,112,49773,444,410,261,562,241.94,54.44
新北市,貢寮鄉,龍門村,164,82019,500,444,308,650,277.22,55.43
新北市,貢寮鄉,福隆村,470,267156,568,431,279,682,517.13,90.98
新北市,貢寮鄉,福連村,185,91096,492,435,275,618,314.75,63.92
新北市,貢寮鄉,仁里村,535,342967,641,493,300,817,525.79,82.02
新北市,貢寮鄉,真理村,477,259416,544,454,296,664,420.44,77.31
新北市,貢寮鄉,美豐村,225,109950,489,427,268,619,311.83,63.81
新北市,貢寮鄉,和美村,242,124816,516,442,251,645,375.25,72.76
新北市,金山鄉,和平村,144,83683,581,452,317,665,470.24,80.92
新北市,金山鄉,大同村,204,122324,600,500,294,787,409.88,68.36
新北市,金山鄉,豐漁村,121,59561,492,423,260,557,407.04,82.69
新北市,金山鄉,磺港村,379,178687,471,421,266,593,330.49,70.10
新北市,金山鄉,美田村,2439,1403272,575,476,296,738,456.58,79.36
新北市,金山鄉,五湖村,539,292090,542,468,274,671,384.24,70.90
新北市,金山鄉,重和村,353,184501,523,400,240,621,481.30,92.08
新北市,金山鄉,兩湖村,144,63033,438,371,223,616,269.40,61.54
新北市,金山鄉,六股村,192,101118,527,441,284,646,411.28,78.09
新北市,金山鄉,三界村,199,170734,858,430,267,639,5005.50,583.42
新北市,金山鄉,清泉村,276,132131,479,391,239,603,336.08,70.20
新北市,金山鄉,西湖村,94,46010,489,409,236,622,448.26,91.58
新北市,金山鄉,萬壽村,142,70256,495,418,272,681,323.90,65.47
新北市,金山鄉,永興村,190,86051,453,373,221,586,342.61,75.65
新北市,萬里鄉,萬里村,1147,616263,537,439,290,673,438.43,81.60
新北市,萬里鄉,龜吼村,392,234328,598,454,296,687,620.41,103.79
新北市,萬里鄉,野柳村,535,286009,535,447,285,680,400.75,74.96
新北市,萬里鄉,大鵬村,713,348433,489,416,253,611,360.32,73.73
新北市,萬里鄉,磺潭村,145,87794,605,497,342,744,386.53,63.84
新北市,萬里鄉,雙興村,221,112392,509,438,240,632,404.89,79.61
新北市,萬里鄉,溪底村,149,77454,520,437,235,700,366.92,70.59
新北市,萬里鄉,崁？村,188,95553,508,429,256,660,357.30,70.30
新北市,萬里鄉,中幅村,295,150404,510,403,271,626,407.41,79.91
新北市,萬里鄉,北基村,551,308345,560,460,278,717,531.33,94.95
新北市,淡水鎮,水源里,596,413999,695,529,352,851,665.42,95.79
新北市,淡水鎮,新生里,195,171106,877,640,393,1024,936.43,106.72
新北市,淡水鎮,民安里,290,414276,1429,551,348,979,9409.05,658.65
新北市,淡水鎮,福德里,1902,2252254,1184,775,452,1404,1495.24,126.27
新北市,淡水鎮,文化里,443,389210,879,726,440,1095,689.98,78.53
新北市,淡水鎮,中和里,261,159825,612,513,321,745,509.61,83.22
新北市,淡水鎮,中興里,1314,996029,758,558,340,866,1962.12,258.85
新北市,淡水鎮,永吉里,265,198861,750,586,336,878,768.31,102.38
新北市,淡水鎮,民生里,1684,1572191,934,679,404,1104,998.72,106.97
新北市,淡水鎮,新興里,4914,4097787,834,644,399,1031,804.69,96.50
新北市,淡水鎮,興仁里,543,488037,899,576,350,887,4271.64,475.27
新北市,淡水鎮,坪頂里,404,442370,1095,592,364,1037,1901.26,173.63
新北市,淡水鎮,樹興里,227,168859,744,511,313,843,1231.43,165.54
新北市,淡水鎮,草東里,287,215292,750,579,333,947,624.88,83.30
新北市,淡水鎮,長庚里,588,445069,757,599,328,933,707.22,93.43
新北市,淡水鎮,清文里,358,236262,660,532,290,820,568.14,86.09
新北市,淡水鎮,鄧公里,3569,3719817,1042,637,382,1054,10505.52,1007.96
新北市,淡水鎮,協元里,503,393477,782,574,337,933,786.39,100.53
新北市,淡水鎮,油車里,1265,988450,781,612,377,970,645.88,82.66
新北市,淡水鎮,沙崙里,1676,1277878,762,588,365,961,700.54,91.88
新北市,淡水鎮,水碓里,3413,2861492,838,657,392,1085,726.13,86.61
新北市,淡水鎮,北投里,609,488941,803,592,362,1048,731.73,91.14
新北市,淡水鎮,崁頂里,340,237617,699,530,328,874,664.40,95.07
新北市,淡水鎮,屯山里,381,244058,641,504,310,774,563.92,88.03
新北市,淡水鎮,忠寮里,325,207300,638,520,318,844,471.05,73.85
新北市,淡水鎮,埤島里,404,278436,689,545,333,853,590.82,85.73
新北市,淡水鎮,義山里,826,506345,613,497,310,777,643.48,104.97
新北市,淡水鎮,蕃薯里,286,192671,674,551,342,858,488.69,72.54
新北市,淡水鎮,忠山里,290,183351,632,473,291,801,594.22,93.99
新北市,淡水鎮,賢孝里,465,332995,716,535,341,879,647.60,90.43
新北市,淡水鎮,竿蓁里,994,1137012,1144,663,388,1100,3571.05,312.19
新北市,淡水鎮,八勢里,534,770582,1443,724,441,1414,3001.38,207.99
新北市,淡水鎮,竹圍里,2537,2006820,791,627,393,1012,647.75,81.89
新北市,汐止市,自強里,1246,940650,755,566,360,943,639.61,84.72
新北市,汐止市,東勢里,861,1238412,1438,866,479,1672,2340.59,162.73
新北市,汐止市,仁德里,607,430427,709,574,354,879,552.00,77.84
新北市,汐止市,保安里,512,339254,663,532,323,816,533.06,80.45
新北市,汐止市,興福里,688,610337,887,662,419,1106,755.04,85.11
新北市,汐止市,湖興里,1052,1362762,1295,924,524,1607,1381.23,106.63
新北市,汐止市,金龍里,1178,898969,763,615,390,969,547.73,71.77
新北市,汐止市,福德里,699,556550,796,634,365,1056,617.86,77.60
新北市,汐止市,福安里,691,540212,782,627,364,1027,619.85,79.29
新北市,汐止市,東山里,185,121991,659,537,312,937,478.11,72.51
新北市,汐止市,文化里,1051,813156,774,589,370,1000,626.58,80.99
新北市,汐止市,長安里,583,387393,664,528,315,865,508.67,76.55
新北市,汐止市,大同里,664,532118,801,600,368,1023,675.69,84.32
新北市,汐止市,秀山里,940,1139742,1212,780,476,1347,2074.44,171.09
新北市,汐止市,中興里,2627,2016343,768,595,370,974,618.68,80.60
新北市,汐止市,忠孝里,2006,1543948,770,625,389,988,592.65,77.00
新北市,汐止市,復興里,2026,2059778,1017,761,443,1287,1129.40,111.09
新北市,汐止市,長青里,228,321956,1412,826,468,1716,1684.13,119.27
新北市,汐止市,義民里,463,357178,771,590,404,919,649.66,84.21
新北市,汐止市,智慧里,1362,1214128,891,696,410,1162,710.77,79.73
新北市,汐止市,崇德里,990,729008,736,613,388,947,518.40,70.40
新北市,汐止市,新昌里,1925,1473587,765,595,377,986,619.19,80.89
新北市,汐止市,福山里,1152,1216699,1056,733,434,1350,1023.80,96.94
新北市,汐止市,厚德里,1666,1305114,783,637,397,997,602.22,76.87
新北市,汐止市,秀？里,1294,953896,737,551,350,907,690.42,93.66
新北市,汐止市,忠山里,724,1137466,1571,1074,524,2059,1606.71,102.27
新北市,汐止市,禮門里,372,262385,705,518,326,882,700.12,99.26
新北市,汐止市,信望里,193,145372,753,564,353,855,752.66,99.93
新北市,汐止市,橋東里,3360,2880354,857,672,420,1056,1712.01,199.71
新北市,汐止市,茄苳里,1252,780767,624,515,325,773,497.72,79.81
新北市,汐止市,保長里,1477,961502,651,551,346,858,455.74,70.01
新北市,汐止市,鄉長里,713,520362,730,580,351,946,569.80,78.07
新北市,汐止市,江北里,1611,1185383,736,569,367,931,681.83,92.66
新北市,汐止市,烘內里,473,391012,827,587,360,1037,781.45,94.53
新北市,汐止市,拱北里,1449,1049875,725,580,362,938,528.52,72.94
新北市,汐止市,樟樹里,750,534609,713,525,325,816,1104.59,154.96
新北市,汐止市,北？里,1346,895801,666,541,340,853,501.88,75.41
新北市,汐止市,北山里,2151,2094766,974,687,421,1157,1202.21,123.45
新北市,汐止市,八連里,365,329330,902,589,353,984,1908.14,211.48
新北市,汐止市,白雲里,1217,1078506,886,708,424,1145,746.04,84.18
新北市,汐止市,橫科里,1540,1184789,769,605,354,969,654.64,85.09
新北市,汐止市,宜興里,1151,1178270,1024,689,405,1212,1107.57,108.19
新北市,汐止市,湖光里,1860,2310927,1242,777,451,1402,2459.95,197.99
新北市,汐止市,康福里,623,487846,783,669,405,984,528.99,67.55
新北市,汐止市,環河里,273,220580,808,614,386,1020,619.78,76.71
新北市,汐止市,山光里,624,452094,725,599,356,918,536.59,74.06
新北市,三芝鄉,八賢村,183,99912,546,473,281,744,371.07,67.97
新北市,三芝鄉,埔頭村,1320,793846,601,496,323,767,430.10,71.52
新北市,三芝鄉,古庄村,347,215896,622,501,294,757,502.45,80.76
新北市,三芝鄉,新庄村,268,146685,547,457,278,683,418.49,76.46
新北市,三芝鄉,埔坪村,1748,975407,558,482,298,718,390.01,69.89
新北市,三芝鄉,茂長村,143,78280,547,423,223,708,451.65,82.51
新北市,三芝鄉,橫山村,165,81452,494,381,242,621,493.06,99.88
新北市,三芝鄉,錫板村,285,163729,574,494,305,712,425.02,73.98
新北市,三芝鄉,後厝村,528,405566,768,541,329,960,791.04,102.98
新北市,三芝鄉,福德村,220,173600,789,547,309,954,840.27,106.49
新北市,三芝鄉,圓山村,152,91160,600,439,312,761,714.43,119.12
新北市,三芝鄉,店子村,198,126703,640,482,317,823,532.48,83.21
新北市,三芝鄉,興華村,365,255789,701,523,329,820,674.67,96.27
新北市,石門鄉,德茂村,259,127184,491,384,252,614,426.92,86.94
新北市,石門鄉,富基村,302,160995,533,450,286,710,350.66,65.78
新北市,石門鄉,老梅村,549,300563,547,396,231,623,1293.73,236.31
新北市,石門鄉,山溪村,203,104253,514,446,264,695,322.17,62.73
新北市,石門鄉,石門村,437,251615,576,445,282,730,441.48,76.68
新北市,石門鄉,尖鹿村,439,265414,605,448,290,691,781.86,129.32
新北市,石門鄉,乾華村,75,43105,575,494,320,719,382.74,66.59
新北市,石門鄉,茂林村,189,124069,656,576,348,767,450.81,68.67
新北市,石門鄉,草里村,242,115555,478,417,263,605,332.64,69.66
新北市,八里鄉,龍源村,1542,1215779,788,595,365,951,754.30,95.67
新北市,八里鄉,米倉村,718,528428,736,553,368,874,647.71,88.01
新北市,八里鄉,大崁村,452,295340,653,481,320,731,702.50,107.51
新北市,八里鄉,埤頭村,762,541006,710,546,351,909,586.19,82.56
新北市,八里鄉,頂罟村,363,248498,685,550,347,831,691.37,100.99
新北市,八里鄉,舊城村,1330,975081,733,610,382,929,595.38,81.21
新北市,八里鄉,訊塘村,723,499790,691,525,328,836,707.08,102.29
新北市,八里鄉,荖阡村,375,261467,697,518,347,768,1380.72,198.02
新北市,八里鄉,下罟村,352,189207,538,463,302,668,361.88,67.32
新北市,八里鄉,長坑村,346,194846,563,477,302,717,375.32,66.65
新北市,永和市,光明里,1879,1942546,1034,674,397,1233,2697.78,260.95
新北市,永和市,仁愛里,875,816825,934,669,397,1149,924.82,99.07
新北市,永和市,河堤里,678,625569,923,684,397,1189,1233.85,133.73
新北市,永和市,光復里,576,466876,811,619,368,1051,661.20,81.57
新北市,永和市,網溪里,379,321050,847,608,350,1009,1082.21,127.75
新北市,永和市,水源里,1280,1181683,923,682,399,1184,855.39,92.66
新北市,永和市,和平里,1242,1085729,874,633,404,1112,772.17,88.33
新北市,永和市,民權里,1367,1445140,1057,737,435,1318,1178.98,111.52
新北市,永和市,永樂里,1187,953105,803,620,366,1095,632.79,78.81
新北市,永和市,保安里,3226,3078289,954,693,407,1254,883.56,92.60
新北市,永和市,新生里,218,129137,592,502,336,703,397.78,67.15
新北市,永和市,永安里,1730,1803868,1043,806,444,1354,897.68,86.09
新北市,永和市,福林里,1207,1101881,913,664,370,1133,1043.14,114.27
新北市,永和市,永福里,977,969613,992,696,410,1267,901.45,90.83
新北市,永和市,文化里,896,734289,820,605,350,1063,679.11,82.87
新北市,永和市,大同里,272,175055,644,527,294,794,518.99,80.64
新北市,永和市,中興里,169,236377,1399,1027,562,1798,1194.34,85.39
新北市,永和市,雙和里,1252,1120425,895,663,404,1123,785.10,87.73
新北市,永和市,民生里,212,305266,1440,1133,659,1684,1636.73,113.67
新北市,永和市,復興里,171,256662,1501,1130,674,1877,1307.81,87.13
新北市,永和市,信義里,848,776902,916,668,383,1182,837.46,91.41
新北市,永和市,永興里,1147,1106580,965,664,384,1155,1269.49,131.59
新北市,永和市,協和里,943,835733,886,617,362,1064,1633.59,184.33
新北市,永和市,民治里,960,838471,873,620,372,1080,966.75,110.69
新北市,永和市,安和里,371,455084,1227,920,566,1565,1067.04,86.99
新北市,永和市,河濱里,840,706162,841,644,400,1085,699.11,83.16
新北市,永和市,民族里,1384,1301562,940,665,386,1209,976.08,103.79
新北市,永和市,正興里,789,771346,978,722,406,1255,1145.64,117.19
新北市,永和市,桂林里,1198,1181987,987,692,406,1256,1214.35,123.08
新北市,永和市,民本里,1219,931864,764,597,375,975,612.07,80.07
新北市,永和市,忠義里,192,112713,587,499,332,792,375.62,63.98
新北市,永和市,福和里,379,580974,1533,1087,657,1866,1731.35,112.94
新北市,永和市,秀成里,163,275661,1691,1151,610,1913,2415.95,142.86
新北市,永和市,新？里,793,712760,899,675,419,1177,741.20,82.46
新北市,永和市,下溪里,1164,932587,801,587,369,984,730.87,91.22
新北市,永和市,中溪里,1394,1339687,961,676,397,1167,1778.95,185.11
新北市,永和市,上溪里,686,636737,928,672,427,1142,841.73,90.69
新北市,永和市,後溪里,603,531399,881,652,368,1107,817.46,92.76
新北市,永和市,頂溪里,832,796354,957,686,424,1164,940.36,98.25
新北市,永和市,竹林里,1346,1217050,904,650,382,1107,937.77,103.71
新北市,永和市,店街里,1280,1234696,965,682,384,1223,1448.15,150.13
新北市,永和市,潭墘里,1243,1133752,912,640,403,1113,1229.86,134.84
新北市,永和市,秀朗里,1158,956518,826,607,377,1041,754.34,91.32
新北市,永和市,永成里,286,185712,649,523,336,904,471.80,72.66
新北市,永和市,豫溪里,1204,1175199,976,709,402,1269,1002.95,102.75
新北市,永和市,上林里,1259,1182002,939,676,419,1174,834.80,88.92
新北市,永和市,前溪里,678,611137,901,685,379,1183,770.03,85.43
新北市,永和市,得和里,1501,1455004,969,756,415,1276,822.47,84.85
新北市,永和市,大新里,834,802430,962,682,390,1198,898.29,93.36
新北市,永和市,勵行里,398,357574,898,621,399,1010,935.12,104.08
新北市,永和市,智光里,1055,787063,746,576,359,941,618.34,82.88
新北市,永和市,秀和里,2000,1857526,929,658,383,1187,915.82,98.61
新北市,永和市,潭安里,1345,1235757,919,658,406,1146,921.17,100.26
新北市,永和市,永貞里,1222,1321806,1082,679,421,1222,2384.19,220.42
新北市,永和市,永元里,1539,1466311,953,701,409,1186,981.40,103.00
新北市,永和市,秀林里,1043,920272,882,640,390,1126,805.51,91.29
新北市,永和市,秀得里,1315,1257318,956,736,420,1238,805.90,84.29
新北市,永和市,民樂里,1310,1202911,918,670,403,1192,822.76,89.60
新北市,永和市,保平里,1274,1108197,870,646,403,1135,732.11,84.16
新北市,永和市,民富里,473,371172,785,579,355,1014,646.59,82.40
新北市,永和市,秀元里,1731,1569462,907,635,367,1173,815.96,89.99
新北市,永和市,保順里,1133,1131821,999,766,452,1287,823.22,82.41
宜蘭縣,宜蘭市,中正里,180,130922,727,582,335,969,601.62,82.71
宜蘭縣,宜蘭市,南門里,197,147441,748,552,354,883,791.48,105.75
宜蘭縣,宜蘭市,黎明里,354,234334,662,567,346,857,470.86,71.13
宜蘭縣,宜蘭市,東門里,197,138042,701,487,309,842,665.58,94.98
宜蘭縣,宜蘭市,西門里,365,230343,631,502,328,786,541.22,85.76
宜蘭縣,宜蘭市,菜園里,376,258243,687,579,369,867,539.00,78.48
宜蘭縣,宜蘭市,民權里,547,447071,817,633,378,1038,684.53,83.75
宜蘭縣,宜蘭市,延平里,1077,720972,669,529,329,879,519.22,77.56
宜蘭縣,宜蘭市,新生里,596,363785,610,511,310,760,449.12,73.58
宜蘭縣,宜蘭市,中山里,250,150958,604,492,305,774,431.23,71.42
宜蘭縣,宜蘭市,文化里,900,746474,829,660,408,1065,639.41,77.09
宜蘭縣,宜蘭市,大道里,378,251967,667,528,330,867,505.47,75.83
宜蘭縣,宜蘭市,民生里,121,78550,649,482,278,740,610.67,94.07
宜蘭縣,宜蘭市,昇平里,235,153502,653,585,320,861,479.70,73.44
宜蘭縣,宜蘭市,復興里,920,689607,750,634,364,1001,533.12,71.12
宜蘭縣,宜蘭市,新興里,204,140653,689,573,334,822,564.90,81.93
宜蘭縣,宜蘭市,小東里,380,236911,623,523,291,841,486.09,77.97
宜蘭縣,宜蘭市,北門里,262,164006,626,510,312,786,496.55,79.32
宜蘭縣,宜蘭市,民族里,786,619599,788,632,392,999,593.62,75.30
宜蘭縣,宜蘭市,新民里,233,165570,711,509,315,935,696.20,97.97
宜蘭縣,宜蘭市,凱旋里,325,201768,621,488,321,718,500.47,80.61
宜蘭縣,宜蘭市,建軍里,722,578455,801,620,388,1000,653.87,81.61
宜蘭縣,宜蘭市,思源里,1422,1263659,889,700,405,1205,700.77,78.86
宜蘭縣,宜蘭市,負郭里,663,515033,777,625,384,1003,600.32,77.28
宜蘭縣,宜蘭市,神農里,236,178729,757,593,332,962,647.80,85.54
宜蘭縣,宜蘭市,和睦里,691,523078,757,595,355,935,662.20,87.48
宜蘭縣,宜蘭市,大東里,173,120122,694,525,325,828,571.93,82.37
宜蘭縣,宜蘭市,慈安里,1166,777006,666,552,350,847,472.85,70.96
宜蘭縣,宜蘭市,孝廉里,287,216072,753,507,321,836,1404.62,186.57
宜蘭縣,宜蘭市,鄂王里,240,155652,649,504,308,799,625.94,96.51
宜蘭縣,宜蘭市,慶和里,220,143171,651,547,334,806,491.82,75.57
宜蘭縣,宜蘭市,南津里,244,147516,605,474,288,781,455.76,75.39
宜蘭縣,宜蘭市,建業里,289,208994,723,523,312,858,946.68,130.91
宜蘭縣,宜蘭市,南橋里,188,132680,706,595,356,866,506.99,71.84
宜蘭縣,宜蘭市,進士里,1582,1338325,846,660,390,1077,698.78,82.60
宜蘭縣,宜蘭市,茭白里,518,323322,624,513,333,792,459.04,73.54
宜蘭縣,宜蘭市,梅洲里,656,383789,585,484,294,754,421.05,71.97
宜蘭縣,宜蘭市,北津里,437,299354,685,499,326,821,690.87,100.85
宜蘭縣,宜蘭市,東村里,1121,744429,664,538,329,854,493.50,74.31
宜蘭縣,宜蘭市,七張里,318,201442,633,530,317,804,519.85,82.06
宜蘭縣,頭城鎮,中崙里,267,142777,535,447,289,674,397.16,74.27
宜蘭縣,頭城鎮,福成里,302,156320,518,423,290,647,367.41,70.98
宜蘭縣,頭城鎮,大坑里,364,186826,513,433,255,622,388.64,75.72
宜蘭縣,頭城鎮,新建里,592,375904,635,500,280,792,559.95,88.18
宜蘭縣,頭城鎮,城東里,228,157109,689,485,286,811,893.14,129.61
宜蘭縣,頭城鎮,城西里,228,147369,646,497,260,735,591.50,91.51
宜蘭縣,頭城鎮,城南里,203,135668,668,548,299,885,500.85,74.94
宜蘭縣,頭城鎮,城北里,173,118173,683,532,328,959,558.11,81.71
宜蘭縣,頭城鎮,港口里,196,88420,451,406,248,586,277.70,61.56
宜蘭縣,頭城鎮,頂埔里,376,208692,555,453,288,685,393.01,70.81
宜蘭縣,頭城鎮,石城里,129,59596,462,400,254,560,297.21,64.33
宜蘭縣,頭城鎮,大里里,138,64518,468,424,230,674,288.56,61.72
宜蘭縣,頭城鎮,大溪里,353,173487,491,430,255,617,373.35,75.97
宜蘭縣,頭城鎮,更新里,429,231911,541,422,264,649,511.69,94.66
宜蘭縣,頭城鎮,合興里,100,47599,476,426,280,597,296.81,62.36
宜蘭縣,頭城鎮,外澳里,194,106921,551,405,228,690,646.60,117.32
宜蘭縣,頭城鎮,武營里,414,248727,601,468,291,772,576.46,95.95
宜蘭縣,頭城鎮,竹安里,476,246432,518,445,295,636,462.03,89.24
宜蘭縣,頭城鎮,拔雅里,436,267571,614,510,299,798,487.12,79.38
宜蘭縣,頭城鎮,金面里,512,267779,523,435,287,673,370.74,70.89
宜蘭縣,頭城鎮,金盈里,221,109174,494,401,250,645,366.72,74.24
宜蘭縣,頭城鎮,下埔里,257,154172,600,529,329,754,442.86,73.82
宜蘭縣,頭城鎮,二城里,303,158979,525,441,275,663,348.41,66.40
宜蘭縣,礁溪鄉,大忠村,631,409474,649,526,329,811,524.52,80.83
宜蘭縣,礁溪鄉,大義村,196,106480,543,443,288,679,405.24,74.59
宜蘭縣,礁溪鄉,二龍村,335,167351,500,424,267,661,348.25,69.71
宜蘭縣,礁溪鄉,德陽村,1001,643869,643,510,300,805,561.77,87.34
宜蘭縣,礁溪鄉,白雲村,467,241393,517,437,263,660,342.09,66.18
宜蘭縣,礁溪鄉,玉石村,500,274478,549,460,282,713,368.73,67.17
宜蘭縣,礁溪鄉,六結村,447,336779,753,557,333,939,724.82,96.20
宜蘭縣,礁溪鄉,時潮村,407,211350,519,440,258,687,401.52,77.32
宜蘭縣,礁溪鄉,林美村,334,151531,454,403,240,585,337.96,74.49
宜蘭縣,礁溪鄉,三民村,705,379312,538,439,271,658,447.73,83.22
宜蘭縣,礁溪鄉,玉田村,585,315161,539,470,272,695,373.05,69.25
宜蘭縣,礁溪鄉,白鵝村,222,106433,479,397,246,624,321.89,67.14
宜蘭縣,礁溪鄉,玉光村,287,158868,554,435,284,714,410.09,74.08
宜蘭縣,礁溪鄉,光武村,326,205931,632,536,341,797,466.78,73.89
宜蘭縣,礁溪鄉,匏崙村,267,144413,541,474,303,672,346.65,64.09
宜蘭縣,礁溪鄉,二結村,108,59795,554,471,291,697,447.56,80.84
宜蘭縣,礁溪鄉,吳沙村,684,431558,631,510,319,823,459.84,72.88
宜蘭縣,礁溪鄉,龍潭村,791,451823,571,485,302,720,397.01,69.50
宜蘭縣,壯圍鄉,東港村,252,130770,519,453,264,660,412.99,79.59
宜蘭縣,壯圍鄉,復興村,381,186257,489,430,273,626,301.71,61.72
宜蘭縣,壯圍鄉,吉祥村,775,437566,565,485,291,717,400.98,71.02
宜蘭縣,壯圍鄉,新南村,231,126704,549,483,326,702,332.36,60.59
宜蘭縣,壯圍鄉,美福村,486,279576,575,487,303,738,412.66,71.73
宜蘭縣,壯圍鄉,大福村,424,220721,521,432,260,673,350.79,67.39
宜蘭縣,壯圍鄉,新社村,265,153658,580,471,315,699,446.39,76.99
宜蘭縣,壯圍鄉,忠孝村,574,319593,557,492,297,697,417.06,74.90
宜蘭縣,壯圍鄉,功勞村,264,161175,611,497,321,755,493.07,80.76
宜蘭縣,壯圍鄉,永鎮村,163,90132,553,478,276,702,410.20,74.18
宜蘭縣,壯圍鄉,過嶺村,429,210377,490,413,267,605,335.98,68.51
宜蘭縣,壯圍鄉,美城村,549,337595,615,504,315,757,478.80,77.86
宜蘭縣,壯圍鄉,古亭村,357,217932,610,502,335,739,485.83,79.58
宜蘭縣,員山鄉,湖北村,275,165188,601,485,299,755,560.26,93.27
宜蘭縣,員山鄉,員山村,1259,846319,672,551,333,852,496.66,73.88
宜蘭縣,員山鄉,尚德村,552,319277,578,456,322,738,410.88,71.04
宜蘭縣,員山鄉,內城村,365,205890,564,486,309,663,527.68,93.55
宜蘭縣,員山鄉,惠好村,344,202180,588,498,310,728,433.07,73.68
宜蘭縣,員山鄉,深溝村,353,181697,515,447,253,660,359.40,69.82
宜蘭縣,員山鄉,蓁巷村,339,169275,499,442,283,615,308.67,61.82
宜蘭縣,員山鄉,七賢村,264,151223,573,488,289,716,430.33,75.12
宜蘭縣,員山鄉,永和村,399,224384,562,485,304,760,356.13,63.33
宜蘭縣,員山鄉,枕山村,470,268985,572,459,263,686,524.25,91.60
宜蘭縣,員山鄉,頭分村,322,189991,590,470,279,769,450.11,76.28
宜蘭縣,員山鄉,同樂村,622,355661,572,495,295,742,403.67,70.60
宜蘭縣,員山鄉,湖東村,211,117755,558,481,293,692,372.03,66.66
宜蘭縣,員山鄉,湖西村,418,201606,482,409,265,616,329.79,68.38
宜蘭縣,員山鄉,逸仙村,209,111387,533,435,282,661,374.39,70.25
宜蘭縣,員山鄉,中華村,144,71701,498,435,260,622,346.57,69.60
宜蘭縣,羅東鎮,仁愛里,814,537364,660,532,317,831,540.36,81.85
宜蘭縣,羅東鎮,仁德里,270,171822,636,522,346,816,462.34,72.65
宜蘭縣,羅東鎮,成功里,367,264474,721,541,297,909,637.05,88.40
宜蘭縣,羅東鎮,東明里,140,98433,703,482,277,862,721.80,102.66
宜蘭縣,羅東鎮,西安里,1507,1014359,673,545,324,858,580.01,86.17
宜蘭縣,羅東鎮,公正里,631,535587,849,644,398,1002,888.67,104.70
宜蘭縣,羅東鎮,信義里,975,725683,744,586,359,941,673.45,90.48
宜蘭縣,羅東鎮,居仁里,215,147300,685,516,318,823,613.32,89.52
宜蘭縣,羅東鎮,義和里,244,148736,610,457,270,759,534.32,87.65
宜蘭縣,羅東鎮,東安里,674,442723,657,535,308,836,526.18,80.10
宜蘭縣,羅東鎮,開元里,161,104422,649,509,332,803,518.19,79.90
宜蘭縣,羅東鎮,漢民里,1104,719487,652,504,305,812,617.68,94.78
宜蘭縣,羅東鎮,新？里,631,391729,621,499,304,794,470.52,75.79
宜蘭縣,羅東鎮,竹林里,869,567866,653,527,306,835,542.14,82.96
宜蘭縣,羅東鎮,大新里,423,307315,727,556,300,884,751.60,103.45
宜蘭縣,羅東鎮,羅東里,258,175524,680,554,318,829,569.08,83.65
宜蘭縣,羅東鎮,北成里,1660,1333477,803,610,366,1026,714.32,88.92
宜蘭縣,羅東鎮,賢文里,1096,837666,764,574,361,898,766.91,100.34
宜蘭縣,羅東鎮,羅莊里,583,392968,674,554,332,857,524.41,77.80
宜蘭縣,羅東鎮,浮崙里,235,146364,623,494,250,766,665.07,106.78
宜蘭縣,羅東鎮,南昌里,694,566806,817,587,352,928,919.04,112.53
宜蘭縣,羅東鎮,集祥里,314,274515,874,540,317,969,1123.64,128.53
宜蘭縣,羅東鎮,開羅里,154,103323,671,532,360,780,614.27,91.56
宜蘭縣,羅東鎮,南豪里,446,313942,704,558,314,870,598.44,85.02
宜蘭縣,羅東鎮,樹林里,1089,882803,811,632,370,1075,645.72,79.65
宜蘭縣,五結鄉,二結村,491,300829,613,512,278,777,464.84,75.87
宜蘭縣,五結鄉,五結村,953,563704,592,482,279,745,471.44,79.70
宜蘭縣,五結鄉,協和村,758,438380,578,479,293,742,415.52,71.85
宜蘭縣,五結鄉,大吉村,941,568513,604,513,306,774,421.33,69.74
宜蘭縣,五結鄉,福興村,506,307842,608,494,300,719,603.64,99.22
宜蘭縣,五結鄉,三興村,520,301120,579,517,311,749,372.45,64.32
宜蘭縣,五結鄉,鎮安村,642,418776,652,527,322,884,516.21,79.14
宜蘭縣,五結鄉,中興村,360,222842,619,473,304,796,490.47,79.24
宜蘭縣,五結鄉,四結村,695,460839,663,545,350,869,449.53,67.79
宜蘭縣,五結鄉,上四村,495,310024,626,507,286,795,496.96,79.35
宜蘭縣,五結鄉,利澤村,604,346891,574,493,304,765,383.05,66.70
宜蘭縣,五結鄉,季新村,716,385311,538,437,277,668,463.11,86.06
宜蘭縣,五結鄉,成興村,792,451823,570,496,314,710,405.57,71.09
宜蘭縣,五結鄉,孝威村,410,216500,528,451,251,642,432.09,81.83
宜蘭縣,五結鄉,錦？村,469,260705,556,454,279,662,453.79,81.64
宜蘭縣,冬山鄉,南興村,681,449018,659,551,340,845,468.79,71.10
宜蘭縣,冬山鄉,冬山村,302,203156,673,511,307,803,863.16,128.31
宜蘭縣,冬山鄉,武淵村,320,191515,598,510,317,759,447.05,74.70
宜蘭縣,冬山鄉,珍珠村,444,271457,611,500,322,750,484.23,79.20
宜蘭縣,冬山鄉,三奇村,273,145172,532,471,274,722,324.29,60.98
宜蘭縣,冬山鄉,補城村,331,190641,576,477,293,738,422.37,73.33
宜蘭縣,冬山鄉,大興村,363,212243,585,526,312,763,384.49,65.76
宜蘭縣,冬山鄉,東城村,439,249648,569,503,324,736,340.54,59.88
宜蘭縣,冬山鄉,香和村,714,434529,609,519,337,772,406.76,66.84
宜蘭縣,冬山鄉,安平村,242,139770,578,489,332,724,393.03,68.05
宜蘭縣,冬山鄉,太和村,413,252284,611,520,312,746,496.22,81.23
宜蘭縣,冬山鄉,永美村,694,408320,588,503,314,756,406.52,69.09
宜蘭縣,冬山鄉,八寶村,248,148815,600,517,322,742,442.87,73.80
宜蘭縣,冬山鄉,丸山村,420,248767,592,524,321,750,373.39,63.04
宜蘭縣,冬山鄉,中山村,109,60212,552,465,306,613,479.77,86.85
宜蘭縣,冬山鄉,順安村,1378,816375,592,498,310,746,432.27,72.96
宜蘭縣,冬山鄉,清溝村,875,525418,600,501,319,774,472.33,78.66
宜蘭縣,冬山鄉,？英村,1535,986350,643,509,311,793,529.64,82.43
宜蘭縣,冬山鄉,鹿埔村,621,341588,550,487,289,702,367.43,66.80
宜蘭縣,冬山鄉,得安村,276,144768,525,459,283,670,325.06,61.97
宜蘭縣,冬山鄉,廣興村,676,405542,600,503,322,760,467.77,77.97
宜蘭縣,冬山鄉,廣安村,399,255061,639,532,310,824,469.44,73.44
宜蘭縣,冬山鄉,柯林村,302,193960,642,490,325,763,618.00,96.22
宜蘭縣,冬山鄉,大進村,225,122936,546,485,312,706,357.95,65.51
宜蘭縣,蘇澳鎮,朝陽里,164,99348,606,501,315,746,490.52,80.97
宜蘭縣,蘇澳鎮,永樂里,185,98711,534,455,300,685,340.20,63.76
宜蘭縣,蘇澳鎮,長安里,238,145342,611,523,312,840,390.92,64.01
宜蘭縣,蘇澳鎮,永春里,212,118013,557,475,328,702,361.64,64.97
宜蘭縣,蘇澳鎮,南興里,357,192724,540,446,275,693,375.79,69.61
宜蘭縣,蘇澳鎮,港邊里,348,204019,586,479,299,749,440.59,75.15
宜蘭縣,蘇澳鎮,東澳里,94,47611,507,476,294,617,341.95,67.51
宜蘭縣,蘇澳鎮,聖湖里,1633,1007116,617,512,325,779,455.81,73.91
宜蘭縣,蘇澳鎮,新城里,352,232204,660,547,333,827,511.19,77.49
宜蘭縣,蘇澳鎮,隘丁里,725,410286,566,499,291,728,384.00,67.86
宜蘭縣,蘇澳鎮,永榮里,1017,628650,618,533,324,788,432.70,70.00
宜蘭縣,蘇澳鎮,存仁里,302,160349,531,454,299,709,322.77,60.79
宜蘭縣,蘇澳鎮,頂寮里,240,136437,568,496,308,709,359.92,63.31
宜蘭縣,蘇澳鎮,蘇東里,139,88332,635,521,315,794,468.77,73.77
宜蘭縣,蘇澳鎮,南強里,207,113261,547,498,313,694,350.62,64.08
宜蘭縣,蘇澳鎮,南寧里,256,145069,567,433,299,652,636.30,112.29
宜蘭縣,蘇澳鎮,南安里,339,201974,596,454,283,757,501.00,84.09
宜蘭縣,蘇澳鎮,南正里,240,136709,570,449,272,690,512.51,89.97
宜蘭縣,蘇澳鎮,蘇西里,727,465349,640,510,300,810,496.28,77.53
宜蘭縣,蘇澳鎮,蘇南里,185,142799,772,569,334,927,877.67,113.70
宜蘭縣,蘇澳鎮,蘇北里,363,214253,590,495,300,767,428.63,72.62
宜蘭縣,蘇澳鎮,永光里,168,140174,834,482,323,775,1894.85,227.10
宜蘭縣,蘇澳鎮,岳明里,31,16206,523,379,219,649,465.75,89.09
宜蘭縣,蘇澳鎮,龍德里,955,533923,559,497,315,728,355.16,63.53
宜蘭縣,蘇澳鎮,南成里,258,130532,506,453,285,636,311.79,61.63
宜蘭縣,蘇澳鎮,南建里,242,123547,511,432,284,649,330.29,64.70
宜蘭縣,三星鄉,大義村,311,209441,673,474,311,711,1658.47,246.27
宜蘭縣,三星鄉,員山村,40,22055,551,421,287,684,402.85,73.06
宜蘭縣,三星鄉,月眉村,244,135653,556,472,274,706,420.23,75.59
宜蘭縣,三星鄉,人和村,116,62538,539,456,273,665,361.11,66.98
宜蘭縣,三星鄉,義德村,311,191773,617,487,293,774,484.98,78.65
宜蘭縣,三星鄉,雙賢村,166,97209,586,472,289,823,443.02,75.65
宜蘭縣,三星鄉,集慶村,304,191909,631,496,316,813,469.07,74.30
宜蘭縣,三星鄉,萬德村,125,72529,580,504,288,742,459.51,79.20
宜蘭縣,三星鄉,萬富村,182,108978,599,506,321,757,422.76,70.60
宜蘭縣,三星鄉,貴林村,112,52688,470,423,236,631,312.89,66.51
宜蘭縣,三星鄉,大隱村,946,513915,543,453,262,676,435.83,80.23
宜蘭縣,三星鄉,行健村,178,86115,484,394,252,600,364.34,75.31
宜蘭縣,三星鄉,拱照村,291,159229,547,482,330,697,338.29,61.82
宜蘭縣,三星鄉,大洲村,369,200893,544,470,265,689,412.81,75.82
宜蘭縣,三星鄉,尾塹村,351,196099,559,466,300,693,428.11,76.63
宜蘭縣,三星鄉,尚武村,221,119732,542,487,291,699,349.27,64.47
宜蘭縣,三星鄉,天山村,174,84937,488,399,233,597,378.97,77.63
宜蘭縣,三星鄉,天福村,215,119210,554,449,245,700,457.74,82.55
宜蘭縣,大同鄉,太平村,10,5435,543,310,275,698,455.82,83.87
宜蘭縣,大同鄉,南山村,28,15641,559,531,324,726,338.58,60.61
宜蘭縣,大同鄉,復興村,83,34343,414,391,243,524,228.80,55.30
宜蘭縣,大同鄉,寒溪村,176,85338,485,385,220,687,342.74,70.69
宜蘭縣,大同鄉,松羅村,100,53668,537,458,260,670,436.25,81.29
宜蘭縣,大同鄉,土場村,1,227,227,227,227,227,0,0
宜蘭縣,大同鄉,四季村,68,83178,1223,509,346,738,5374.24,439.36
宜蘭縣,大同鄉,樂水村,43,21097,491,430,254,657,285.65,58.22
宜蘭縣,大同鄉,崙埤村,77,40920,531,468,282,673,319.60,60.14
宜蘭縣,大同鄉,英士村,32,12924,404,352,243,508,223.80,55.41
宜蘭縣,大同鄉,茂安村,29,16134,556,424,219,576,793.26,142.58
宜蘭縣,南澳鄉,南澳村,272,159711,587,516,326,759,405.51,69.06
宜蘭縣,南澳鄉,碧候村,173,64424,372,318,197,533,242.02,64.99
宜蘭縣,南澳鄉,東岳村,96,61690,643,643,424,757,347.35,54.05
宜蘭縣,南澳鄉,武塔村,98,57487,587,564,336,770,299.81,51.11
宜蘭縣,南澳鄉,金岳村,95,34970,368,321,175,549,233.69,63.49
宜蘭縣,南澳鄉,金洋村,58,24735,426,376,262,556,242.47,56.86
宜蘭縣,南澳鄉,澳花村,130,64097,493,468,246,653,335.18,67.98
桃園市,桃園市,自強里,1159,1201202,1036,790,467,1253,1248.15,120.43
桃園市,桃園市,中正里,1512,1431540,947,692,405,1170,1141.89,120.61
桃園市,桃園市,三民里,1350,1599669,1185,792,454,1410,1627.66,137.36
桃園市,桃園市,莊敬里,1906,2080649,1092,839,487,1304,2014.06,184.50
桃園市,桃園市,龍安里,597,532430,892,710,425,1112,739.62,82.93
桃園市,桃園市,南門里,1711,1382172,808,629,394,988,727.80,90.09
桃園市,桃園市,建國里,1494,1176637,788,628,387,1010,739.61,93.91
桃園市,桃園市,東門里,946,952990,1007,688,377,1258,1082.72,107.48
桃園市,桃園市,西門里,485,394605,814,582,345,986,846.83,104.08
桃園市,桃園市,萬壽里,353,295752,838,615,365,1015,808.39,96.49
桃園市,桃園市,朝陽里,567,452166,797,596,354,1004,771.71,96.77
桃園市,桃園市,大有里,618,569387,921,717,446,1193,689.37,74.82
桃園市,桃園市,文昌里,349,353748,1014,651,352,1236,1076.99,106.25
桃園市,桃園市,中山里,2650,2441965,921,703,435,1135,1241.56,134.73
桃園市,桃園市,成功里,1337,1567737,1173,819,428,1420,1907.50,162.68
桃園市,桃園市,中原里,804,737892,918,788,472,1187,658.68,71.77
桃園市,桃園市,永安里,1262,1029796,816,590,355,1013,1273.35,156.05
桃園市,桃園市,西湖里,412,427946,1039,595,340,1115,2323.96,223.74
桃園市,桃園市,福林里,1628,1328934,816,628,379,1027,792.99,97.14
桃園市,桃園市,福安里,1084,929820,858,645,382,1117,735.19,85.71
桃園市,桃園市,東山里,669,616529,922,657,371,1118,946.45,102.70
桃園市,桃園市,文化里,372,417799,1123,754,419,1448,1124.73,100.14
桃園市,桃園市,中和里,525,543690,1036,638,354,1103,1679.36,162.16
桃園市,桃園市,長安里,1242,1138171,916,607,372,1011,2701.55,294.80
桃園市,桃園市,中興里,1585,1451760,916,632,385,1110,997.26,108.88
桃園市,桃園市,民生里,552,748091,1355,663,407,1198,3705.18,273.40
桃園市,桃園市,永興里,679,581877,857,573,338,1027,1371.03,159.99
桃園市,桃園市,光興里,1649,1613802,979,688,381,1178,1151.27,117.64
桃園市,桃園市,龍山里,1150,795719,692,551,366,854,569.55,82.31
桃園市,桃園市,大興里,1751,1456521,832,623,378,1086,743.01,89.32
桃園市,桃園市,同安里,1325,1246004,940,691,411,1185,1140.92,121.33
桃園市,桃園市,大林里,1712,1233559,721,571,365,910,632.15,87.73
桃園市,桃園市,北門里,542,430529,794,580,359,965,780.30,98.23
桃園市,桃園市,大豐里,1334,1079038,809,657,395,1066,650.84,80.46
桃園市,桃園市,寶慶里,1230,1222279,994,791,490,1237,847.10,85.25
桃園市,桃園市,龍鳳里,1169,950201,813,694,440,1040,581.44,71.53
桃園市,桃園市,泰山里,1114,1021037,917,663,398,1112,947.98,103.43
桃園市,桃園市,文明里,531,479632,903,670,401,1126,854.45,94.60
桃園市,桃園市,中泰里,1670,1592625,954,788,489,1243,735.87,77.16
桃園市,桃園市,中信里,803,653618,814,626,389,1039,726.39,89.24
桃園市,桃園市,中平里,803,678781,845,648,405,1068,710.28,84.03
桃園市,桃園市,中路里,1462,1338904,916,719,399,1206,852.99,93.14
桃園市,桃園市,忠義里,1950,1831419,939,670,403,1145,931.01,99.13
桃園市,桃園市,文中里,883,722266,818,584,361,976,1016.04,124.22
桃園市,桃園市,新埔里,1974,1909985,968,688,425,1135,1623.94,167.84
桃園市,桃園市,中埔里,1925,1659021,862,667,413,1064,878.27,101.91
桃園市,桃園市,武陵里,542,517093,954,654,376,1223,1154.78,121.04
桃園市,桃園市,長美里,332,287924,867,630,370,1065,783.70,90.37
桃園市,桃園市,雲林里,1387,1187871,856,637,383,1093,845.36,98.71
桃園市,桃園市,豐林里,1824,1503307,824,612,366,1044,820.88,99.60
桃園市,桃園市,會稽里,2402,2257597,940,712,429,1152,920.24,97.91
桃園市,桃園市,青溪里,1449,1236469,853,630,392,1037,917.70,107.54
桃園市,桃園市,汴洲里,1156,828174,716,553,352,903,582.51,81.31
桃園市,桃園市,東埔里,1345,1030434,766,570,350,951,788.08,102.87
桃園市,桃園市,西埔里,858,675094,787,571,375,960,936.80,119.06
桃園市,桃園市,龍岡里,1801,1542340,856,696,401,1098,725.52,84.72
桃園市,桃園市,南華里,497,412792,831,593,380,993,845.73,101.83
桃園市,桃園市,玉山里,1596,1268193,795,598,361,974,755.87,95.13
桃園市,桃園市,慈文里,1293,957160,740,587,364,986,564.24,76.22
桃園市,桃園市,中成里,1152,961900,835,593,373,971,1775.22,212.61
桃園市,桃園市,春日里,1194,860827,721,571,353,938,558.61,77.48
桃園市,桃園市,信光里,1330,1014049,762,580,363,963,668.33,87.66
桃園市,桃園市,中寧里,2051,2104082,1026,776,470,1234,1208.32,117.78
桃園市,桃園市,中德里,1461,1113389,762,618,388,985,571.39,74.98
桃園市,桃園市,龍祥里,1840,1463769,796,646,417,1006,604.94,76.04
桃園市,桃園市,寶山里,965,826994,857,702,445,1066,786.88,91.82
桃園市,桃園市,長德里,621,543665,875,608,373,1000,1167.85,133.40
桃園市,桃園市,南埔里,779,678050,870,691,400,1078,880.25,101.13
桃園市,桃園市,北埔里,1567,1351672,863,720,450,1083,696.75,80.77
桃園市,大溪鎮,光明里,378,265630,703,564,343,902,510.50,72.65
桃園市,大溪鎮,仁愛里,781,489596,627,530,344,810,431.81,68.88
桃園市,大溪鎮,福安里,620,380935,614,485,293,776,485.94,79.09
桃園市,大溪鎮,永福里,296,405652,1370,538,318,857,4772.54,348.25
桃園市,大溪鎮,一德里,1272,893478,702,530,335,794,1393.21,198.34
桃園市,大溪鎮,南興里,1287,805364,626,510,325,813,473.62,75.69
桃園市,大溪鎮,復興里,216,128340,594,523,317,764,417.57,70.28
桃園市,大溪鎮,仁和里,542,330469,610,496,317,806,428.63,70.30
桃園市,大溪鎮,田心里,699,468057,670,539,344,850,652.07,97.38
桃園市,大溪鎮,福仁里,352,297122,844,513,330,867,1829.68,216.76
桃園市,大溪鎮,仁義里,761,444926,585,494,330,746,383.51,65.59
桃園市,大溪鎮,義和里,440,264687,602,485,314,756,472.42,78.53
桃園市,大溪鎮,瑞興里,720,451397,627,519,323,787,612.89,97.76
桃園市,大溪鎮,員林里,809,573086,708,572,362,894,674.48,95.21
桃園市,大溪鎮,新？里,191,101642,532,459,263,666,362.26,68.07
桃園市,大溪鎮,興和里,539,382956,710,561,314,902,584.71,82.30
桃園市,大溪鎮,一心里,1470,1156665,787,578,351,922,1388.77,176.50
桃園市,大溪鎮,月眉里,332,205483,619,525,356,808,430.78,69.60
桃園市,大溪鎮,康安里,304,188398,620,533,333,801,411.43,66.39
桃園市,大溪鎮,美華里,845,479171,567,455,294,698,477.32,84.17
桃園市,大溪鎮,中新里,481,283938,590,488,329,726,423.57,71.75
桃園市,大溪鎮,仁善里,780,529161,678,559,356,893,507.04,74.74
桃園市,大溪鎮,瑞源里,981,692106,706,558,340,903,578.59,82.01
桃園市,大溪鎮,僑愛里,203,149622,737,528,352,887,788.00,106.91
桃園市,大溪鎮,仁武里,1061,679315,640,533,347,815,470.92,73.55
桃園市,大溪鎮,三元里,625,426604,683,542,374,834,516.71,75.70
桃園市,大溪鎮,仁文里,683,413353,605,505,325,774,410.29,67.79
桃園市,中壢市,自強里,1710,1411541,825,698,428,1052,633.46,76.74
桃園市,中壢市,中正里,1614,1252221,776,661,423,1007,520.01,67.03
桃園市,中壢市,三民里,888,641907,723,537,346,901,609.13,84.27
桃園市,中壢市,光明里,1571,1397236,889,673,397,1140,784.44,88.20
桃園市,中壢市,仁愛里,1316,982201,746,637,402,979,515.49,69.07
桃園市,中壢市,龍安里,460,292328,635,565,367,808,429.21,67.54
桃園市,中壢市,龍興里,1533,1153153,752,595,382,975,584.55,77.71
桃園市,中壢市,幸福里,1039,848192,816,669,404,1061,648.24,79.41
桃園市,中壢市,仁德里,1438,965156,671,571,364,863,465.20,69.31
桃園市,中壢市,和平里,413,297576,721,581,363,940,631.81,87.69
桃園市,中壢市,正義里,691,564611,817,655,380,1086,649.64,79.51
桃園市,中壢市,中山里,1291,1066530,826,705,429,1081,579.18,70.11
桃園市,中壢市,成功里,1391,1108958,797,669,414,1015,590.34,74.05
桃園市,中壢市,中原里,1605,1339375,835,684,411,1034,798.67,95.71
桃園市,中壢市,復華里,789,594906,754,621,389,975,555.94,73.73
桃園市,中壢市,中央里,1331,1307893,983,691,409,1177,1222.84,124.44
桃園市,中壢市,福德里,504,404875,803,676,402,1060,605.89,75.42
桃園市,中壢市,永福里,976,836142,857,678,399,1054,1085.81,126.74
桃園市,中壢市,文化里,1961,1594132,813,655,409,1018,1200.36,147.66
桃園市,中壢市,中榮里,326,313655,962,644,390,1209,964.44,100.24
桃園市,中壢市,忠孝里,445,333464,749,625,382,957,544.20,72.62
桃園市,中壢市,振興里,1227,891653,727,595,357,957,546.03,75.14
桃園市,中壢市,東興里,1827,1536332,841,636,375,1057,806.08,95.86
桃園市,中壢市,復興里,2099,1611371,768,656,410,989,587.60,76.54
桃園市,中壢市,信義里,1535,1416760,923,753,440,1229,706.45,76.54
桃園市,中壢市,德義里,440,361047,821,661,382,1119,600.99,73.24
桃園市,中壢市,永興里,343,295426,861,582,334,1011,989.72,114.91
桃園市,中壢市,新興里,2038,1787047,877,674,400,1112,835.57,95.29
桃園市,中壢市,明德里,753,657356,873,690,407,1121,736.01,84.31
桃園市,中壢市,仁美里,1607,1276707,794,648,406,999,661.33,83.24
桃園市,中壢市,五福里,642,471764,735,578,359,961,590.04,80.30
桃園市,中壢市,仁義里,533,449902,844,658,395,1011,737.86,87.41
桃園市,中壢市,興南里,546,425352,779,630,365,1028,610.70,78.39
桃園市,中壢市,自立里,881,796155,904,739,459,1183,629.73,69.68
桃園市,中壢市,五權里,1803,1538940,854,615,374,1039,1091.82,127.92
桃園市,中壢市,興仁里,1201,951597,792,633,384,1022,636.76,80.36
桃園市,中壢市,山東里,874,618447,708,581,359,929,533.21,75.35
桃園市,中壢市,忠義里,588,441413,751,611,363,995,651.49,86.78
桃園市,中壢市,永光里,1065,1030430,968,625,389,1117,1937.09,200.21
桃園市,中壢市,龍德里,486,354068,729,583,372,917,547.74,75.18
桃園市,中壢市,龍岡里,1228,855311,697,564,359,876,583.45,83.77
桃園市,中壢市,興和里,835,612333,733,568,356,891,642.31,87.59
桃園市,中壢市,月眉里,955,656936,688,580,358,875,474.55,68.99
桃園市,中壢市,後寮里,1896,1529867,807,646,386,1046,710.88,88.10
桃園市,中壢市,石頭里,754,773765,1026,662,379,1254,1200.90,117.02
桃園市,中壢市,普仁里,1743,1543352,885,691,409,1151,733.29,82.81
桃園市,中壢市,普義里,1429,1227978,859,701,408,1129,670.94,78.08
桃園市,中壢市,內壢里,791,571642,723,594,376,895,543.77,75.24
桃園市,中壢市,內定里,1119,809620,724,595,379,943,514.53,71.11
桃園市,中壢市,水尾里,1792,1870960,1044,738,441,1252,1311.54,125.62
桃園市,中壢市,青埔里,403,276087,685,575,354,880,500.52,73.06
桃園市,中壢市,新街里,712,674599,947,689,391,1169,998.97,105.44
桃園市,中壢市,興國里,1582,1311572,829,638,378,1047,815.45,98.36
桃園市,中壢市,中壢里,316,248668,787,556,339,936,720.16,91.52
桃園市,中壢市,中建里,449,401380,894,627,377,1113,915.81,102.45
桃園市,中壢市,舊明里,718,558471,778,586,358,939,734.57,94.44
桃園市,中壢市,新明里,1267,1113890,879,645,387,1100,909.93,103.50
桃園市,中壢市,芝芭里,588,429066,730,604,396,931,538.06,73.74
桃園市,中壢市,內厝里,1211,1095506,905,642,387,1098,984.08,108.78
桃園市,中壢市,過嶺里,850,652512,768,601,376,943,946.01,123.23
桃園市,中壢市,洽溪里,375,227525,607,487,310,807,420.93,69.38
桃園市,中壢市,中堅里,1035,626459,605,511,333,766,414.55,68.49
桃園市,中壢市,篤行里,352,216860,616,492,327,732,500.82,81.29
桃園市,中壢市,忠福里,2958,2418663,818,656,401,1067,649.69,79.46
桃園市,中壢市,龍平里,1093,750999,687,590,368,859,505.25,73.53
桃園市,中壢市,仁祥里,1167,773138,663,551,365,879,449.49,67.85
桃園市,中壢市,龍東里,1279,845846,661,548,351,839,471.43,71.29
桃園市,中壢市,龍昌里,1483,1037350,699,598,378,904,442.55,63.27
桃園市,中壢市,普慶里,788,605291,768,616,361,1005,609.56,79.36
桃園市,中壢市,普忠里,493,593909,1205,681,389,1220,6976.65,579.13
桃園市,中壢市,普強里,654,594938,910,751,404,1278,669.13,73.56
桃園市,中壢市,至善里,984,741296,753,622,418,962,518.47,68.82
桃園市,中壢市,華勛里,551,344613,625,566,353,810,365.54,58.45
桃園市,中壢市,仁福里,827,577027,698,566,383,887,476.90,68.35
桃園市,楊梅鎮,青山里,419,336194,802,657,414,1020,682.57,85.07
桃園市,楊梅鎮,中山里,570,493745,866,714,401,1182,685.19,79.10
桃園市,楊梅鎮,金龍里,335,212807,635,516,338,797,473.20,74.49
桃園市,楊梅鎮,大同里,1384,1159883,838,656,377,1106,690.58,82.40
桃園市,楊梅鎮,四維里,572,418466,732,596,358,961,552.43,75.51
桃園市,楊梅鎮,新榮里,589,481386,817,629,398,1010,688.10,84.19
桃園市,楊梅鎮,光華里,956,675809,707,577,354,915,507.45,71.78
桃園市,楊梅鎮,仁美里,1475,1163693,789,655,373,1008,831.48,105.39
桃園市,楊梅鎮,永平里,339,256016,755,596,365,904,616.42,81.62
桃園市,楊梅鎮,永寧里,1316,1024584,779,645,389,1047,549.71,70.61
桃園市,楊梅鎮,楊梅里,1097,895470,816,619,387,1027,740.45,90.71
桃園市,楊梅鎮,楊江里,428,343113,802,608,359,1046,652.98,81.45
桃園市,楊梅鎮,紅梅里,758,607043,801,648,370,1076,620.65,77.50
桃園市,楊梅鎮,水美里,1205,845607,702,592,361,928,482.07,68.70
桃園市,楊梅鎮,上田里,841,602829,717,587,360,945,571.50,79.73
桃園市,楊梅鎮,東流里,779,539378,692,582,387,927,457.23,66.04
桃園市,楊梅鎮,大平里,1403,994335,709,588,364,949,479.68,67.68
桃園市,楊梅鎮,瑞原里,1146,803860,701,576,359,934,532.19,75.87
桃園市,楊梅鎮,員本里,599,408343,682,522,342,861,888.27,130.30
桃園市,楊梅鎮,富岡里,1494,1027092,687,577,364,890,530.94,77.23
桃園市,楊梅鎮,豐野里,1125,769456,684,590,356,902,496.36,72.57
桃園市,楊梅鎮,上湖里,1130,815916,722,615,361,966,516.50,71.53
桃園市,楊梅鎮,三湖里,1129,834338,739,644,395,951,564.81,76.43
桃園市,楊梅鎮,梅溪里,1510,1331606,882,713,437,1091,832.79,94.44
桃園市,楊梅鎮,瑞塘里,1896,1491408,787,647,400,1009,595.60,75.72
桃園市,楊梅鎮,埔心里,604,442161,732,578,358,910,767.82,104.89
桃園市,楊梅鎮,高山里,1505,1111881,739,609,371,918,670.74,90.79
桃園市,楊梅鎮,高榮里,1154,836017,724,594,378,935,670.44,92.54
桃園市,楊梅鎮,梅新里,577,461744,800,625,389,1017,889.26,111.12
桃園市,楊梅鎮,楊明里,929,815191,877,750,457,1128,635.20,72.39
桃園市,楊梅鎮,金溪里,1242,1406292,1132,788,478,1241,3078.70,271.90
桃園市,楊梅鎮,裕成里,847,752356,888,670,411,1059,1161.53,130.76
桃園市,楊梅鎮,秀才里,702,471444,672,580,348,916,440.29,65.56
桃園市,楊梅鎮,雙榮里,349,275877,790,628,389,1059,596.30,75.44
桃園市,楊梅鎮,瑞坪里,581,452310,779,677,399,1028,519.50,66.73
桃園市,蘆竹鄉,五福村,2027,1892467,934,787,503,1177,699.06,74.88
桃園市,蘆竹鄉,山？村,1243,848307,682,553,361,880,476.36,69.80
桃園市,蘆竹鄉,南興村,2701,2406791,891,748,479,1121,708.00,79.46
桃園市,蘆竹鄉,新興村,1133,859763,759,562,357,963,795.43,104.82
桃園市,蘆竹鄉,中福村,1180,914485,775,618,393,990,623.02,80.39
桃園市,蘆竹鄉,新莊村,1129,920217,815,621,391,1046,863.26,105.91
桃園市,蘆竹鄉,大竹村,1094,980015,896,681,407,1092,1004.72,112.16
桃園市,蘆竹鄉,蘆竹村,1134,820577,724,561,339,876,695.08,96.06
桃園市,蘆竹鄉,南崁村,1121,1026013,915,633,396,1094,1079.78,117.97
桃園市,蘆竹鄉,錦興村,1162,1010590,870,676,403,1130,733.66,84.36
桃園市,蘆竹鄉,內厝村,732,621100,848,629,381,1005,1282.73,151.18
桃園市,蘆竹鄉,山鼻村,559,411512,736,567,360,930,1081.12,146.86
桃園市,蘆竹鄉,坑子村,607,401750,662,569,372,881,439.67,66.43
桃園市,蘆竹鄉,外社村,441,347736,789,600,384,908,1101.77,139.73
桃園市,蘆竹鄉,坑口村,804,545207,678,549,351,853,505.54,74.55
桃園市,蘆竹鄉,海湖村,1417,941775,665,562,353,863,604.90,91.01
桃園市,蘆竹鄉,大華村,429,321211,749,592,396,900,905.99,121.00
桃園市,蘆竹鄉,富竹村,335,246887,737,608,411,939,534.93,72.58
桃園市,蘆竹鄉,上竹村,725,632171,872,663,408,1085,809.56,92.84
桃園市,蘆竹鄉,宏竹村,706,459989,652,549,364,829,437.22,67.11
桃園市,蘆竹鄉,南榮村,898,752230,838,650,398,1112,680.64,81.25
桃園市,蘆竹鄉,長興村,652,474660,728,580,392,927,532.31,73.12
桃園市,蘆竹鄉,錦中村,629,542734,863,674,402,1104,738.67,85.61
桃園市,蘆竹鄉,瓦窯村,429,345818,806,685,426,1056,507.68,62.98
桃園市,蘆竹鄉,營盤村,920,979135,1064,847,513,1273,1323.50,124.36
桃園市,蘆竹鄉,羊稠村,1569,1775355,1132,858,516,1390,1221.20,107.93
桃園市,大園鄉,和平村,407,265884,653,550,367,825,424.57,64.99
桃園市,大園鄉,後厝村,591,434558,735,584,385,917,639.40,86.96
桃園市,大園鄉,大園村,1850,1364638,738,551,344,906,788.05,106.83
桃園市,大園鄉,田心村,1522,1057082,695,552,348,886,559.60,80.57
桃園市,大園鄉,溪海村,1150,802763,698,552,360,855,1125.44,161.22
桃園市,大園鄉,橫？村,1711,1230088,719,582,379,926,572.17,79.59
桃園市,大園鄉,五權村,1335,994317,745,619,389,978,543.41,72.96
桃園市,大園鄉,埔心村,1478,1038689,703,578,352,879,531.43,75.62
桃園市,大園鄉,大海村,411,295189,718,568,365,922,550.35,76.63
桃園市,大園鄉,三石村,964,707386,734,594,370,899,626.25,85.34
桃園市,大園鄉,？林村,1644,1236468,752,612,384,1002,544.28,72.37
桃園市,大園鄉,竹圍村,834,555786,666,544,365,880,464.10,69.64
桃園市,大園鄉,海口村,513,324212,632,507,326,792,471.38,74.59
桃園市,大園鄉,沙崙村,834,520632,624,511,329,772,480.39,76.95
桃園市,大園鄉,圳頭村,667,470892,706,562,351,928,526.96,74.64
桃園市,大園鄉,內海村,628,432043,688,548,353,883,506.18,73.58
桃園市,大園鄉,北港村,735,471306,641,529,348,859,441.10,68.79
桃園市,大園鄉,南港村,907,637268,703,620,392,907,456.11,64.92
桃園市,大園鄉,建華村,247,156860,635,508,358,814,447.52,70.47
桃園市,龜山鄉,楓樹村,1063,786381,740,616,380,959,635.02,85.84
桃園市,龜山鄉,大同村,1507,1063498,706,559,357,901,601.50,85.23
桃園市,龜山鄉,中興村,1675,1239231,740,556,353,906,758.24,102.49
桃園市,龜山鄉,龜山村,1710,1221062,714,557,364,868,714.31,100.03
桃園市,龜山鄉,新路村,1790,1304107,729,577,363,922,593.24,81.43
桃園市,龜山鄉,山頂村,1184,783432,662,558,338,853,459.66,69.47
桃園市,龜山鄉,兔坑村,959,628712,656,558,340,816,630.42,96.16
桃園市,龜山鄉,舊路村,640,405102,633,515,313,819,456.17,72.07
桃園市,龜山鄉,嶺頂村,1479,1225827,829,574,360,867,3647.36,440.07
桃園市,龜山鄉,龍壽村,1529,1110473,726,564,366,874,715.93,98.58
桃園市,龜山鄉,大崗村,2728,2387554,875,654,404,1041,966.50,110.43
桃園市,龜山鄉,公西村,1138,950272,835,655,417,1024,655.26,78.47
桃園市,龜山鄉,樂善村,2025,2484509,1227,912,544,1488,1107.04,90.23
桃園市,龜山鄉,南上村,697,564211,809,618,384,1055,690.35,85.28
桃園市,龜山鄉,大坑村,472,329550,698,559,355,882,610.39,87.42
桃園市,龜山鄉,陸光村,203,118626,584,513,336,767,335.21,57.36
桃園市,龜山鄉,精忠村,537,376011,700,563,352,857,545.75,77.94
桃園市,龜山鄉,山福村,1578,1083116,686,567,355,873,537.17,78.26
桃園市,龜山鄉,山德村,1711,1257661,735,575,356,933,706.57,96.13
桃園市,龜山鄉,文化村,643,553837,861,658,412,1037,778.29,90.36
桃園市,龜山鄉,南美村,318,246409,775,665,419,1013,517.06,66.73
桃園市,龜山鄉,幸福村,765,454808,595,512,339,766,373.43,62.81
桃園市,龜山鄉,福源村,394,277046,703,561,338,868,667.23,94.89
桃園市,龜山鄉,龍華村,525,351131,669,552,348,844,526.75,78.76
桃園市,龜山鄉,迴龍村,760,537852,708,577,371,878,659.96,93.25
桃園市,龜山鄉,新嶺村,526,352230,670,568,335,905,472.50,70.56
桃園市,八德市,大同里,643,429799,668,536,349,809,568.34,85.03
桃園市,八德市,福興里,906,619304,684,564,374,864,501.00,73.29
桃園市,八德市,大仁里,1157,792463,685,568,358,862,534.40,78.02
桃園市,八德市,大安里,868,614224,708,593,378,929,465.82,65.83
桃園市,八德市,大福里,1329,1099889,828,630,387,1020,700.03,84.59
桃園市,八德市,大興里,252,254493,1010,860,538,1269,775.84,76.82
桃園市,八德市,大智里,1567,1427313,911,654,405,1094,975.64,107.11
桃園市,八德市,大成里,1334,883763,662,537,347,839,496.84,75.00
桃園市,八德市,大忠里,565,360225,638,526,339,833,482.45,75.67
桃園市,八德市,大昌里,851,550761,647,554,349,853,416.43,64.34
桃園市,八德市,大明里,687,478078,696,579,357,908,646.28,92.87
桃園市,八德市,興仁里,1110,774802,698,597,360,932,481.37,68.96
桃園市,八德市,瑞豐里,1131,728956,645,549,340,837,445.42,69.11
桃園市,八德市,瑞祥里,928,600201,647,534,346,852,444.19,68.68
桃園市,八德市,瑞德里,1004,637910,635,533,335,815,458.52,72.17
桃園市,八德市,廣興里,1705,1260230,739,585,349,974,572.07,77.40
桃園市,八德市,茄苳里,1792,1221115,681,559,350,868,524.95,77.04
桃園市,八德市,竹園里,906,634958,701,596,369,882,496.03,70.78
桃園市,八德市,霄裡里,1136,708996,624,534,347,798,419.79,67.26
桃園市,八德市,白鷺里,723,490054,678,565,354,884,474.08,69.94
桃園市,八德市,大湳里,1018,693268,681,556,356,874,499.80,73.39
桃園市,八德市,大勇里,981,727793,742,613,379,939,604.29,81.45
桃園市,八德市,大義里,1210,846404,700,583,370,909,530.36,75.82
桃園市,八德市,瑞發里,1051,692378,659,541,328,861,500.74,76.01
桃園市,八德市,廣隆里,1054,705785,670,541,343,880,488.46,72.94
桃園市,八德市,高明里,1373,942291,686,572,369,874,496.46,72.34
桃園市,八德市,大和里,928,711994,767,632,387,992,552.22,71.98
桃園市,八德市,大信里,724,440497,608,513,332,779,388.28,63.82
桃園市,八德市,大華里,1304,885823,679,559,346,893,475.86,70.05
桃園市,八德市,瑞泰里,925,600837,650,569,343,860,420.28,64.70
桃園市,八德市,大正里,848,628124,741,551,348,960,640.47,86.47
桃園市,八德市,大強里,807,547252,678,527,332,904,528.36,77.91
桃園市,八德市,大發里,570,401924,705,579,363,873,601.70,85.33
桃園市,八德市,大竹里,427,310608,727,600,354,953,576.81,79.30
桃園市,八德市,大慶里,295,207303,703,528,334,847,725.62,103.26
桃園市,八德市,大千里,1358,1031245,759,664,419,978,481.02,63.34
桃園市,八德市,大榮里,373,248910,667,548,345,850,488.45,73.20
桃園市,八德市,茄明里,696,506683,728,592,393,934,591.10,81.20
桃園市,八德市,高城里,381,237407,623,535,333,832,398.28,63.92
桃園市,龍潭鄉,上林村,940,687916,732,593,380,926,544.46,74.40
桃園市,龍潭鄉,龍潭村,693,516161,745,573,361,923,759.91,102.03
桃園市,龍潭鄉,中興村,2596,1794633,691,555,354,906,499.11,72.20
桃園市,龍潭鄉,中山村,1287,997364,775,591,349,978,718.77,92.75
桃園市,龍潭鄉,黃唐村,1876,1267455,676,543,347,857,597.46,88.43
桃園市,龍潭鄉,烏林村,2450,1874169,765,611,380,957,754.57,98.64
桃園市,龍潭鄉,八德村,1833,1252680,683,570,366,894,464.81,68.01
桃園市,龍潭鄉,九龍村,1458,1004854,689,580,361,888,505.50,73.35
桃園市,龍潭鄉,佳安村,1178,1174034,997,819,441,1333,756.76,75.93
桃園市,龍潭鄉,三坑村,395,274901,696,525,348,837,598.27,85.96
桃園市,龍潭鄉,大平村,276,197201,714,544,350,918,593.02,83.00
桃園市,龍潭鄉,三林村,2635,2660303,1010,796,429,1337,868.52,86.03
桃園市,龍潭鄉,高平村,876,605308,691,561,354,891,512.80,74.21
桃園市,龍潭鄉,高原村,991,695215,702,585,369,883,519.19,74.01
桃園市,龍潭鄉,三和村,347,330123,951,633,374,1133,964.33,101.36
桃園市,龍潭鄉,三水村,196,113483,579,481,305,762,381.45,65.88
桃園市,龍潭鄉,干城村,136,70307,517,453,325,655,307.52,59.49
桃園市,龍潭鄉,中正村,2597,2076748,800,653,402,1031,619.65,77.49
桃園市,龍潭鄉,凌雲村,1716,1106183,645,549,356,842,420.92,65.30
桃園市,平鎮市,東勢里,1365,945181,692,564,351,895,630.43,91.05
桃園市,平鎮市,中正里,62,49908,805,707,513,983,488.10,60.64
桃園市,平鎮市,莊敬里,1383,869083,628,526,361,820,404.67,64.40
桃園市,平鎮市,建安里,1156,818794,708,599,387,918,476.04,67.21
桃園市,平鎮市,龍興里,105,90595,863,717,464,993,852.04,98.75
桃園市,平鎮市,新安里,869,556501,640,535,339,835,439.86,68.69
桃園市,平鎮市,忠貞里,252,154413,613,510,353,733,421.39,68.77
桃園市,平鎮市,雙連里,1165,825212,708,541,350,863,619.60,87.47
桃園市,平鎮市,新富里,1812,1658233,915,738,446,1183,742.73,81.16
桃園市,平鎮市,福林里,690,472025,684,564,340,862,574.42,83.97
桃園市,平鎮市,新榮里,1606,1232483,767,606,371,983,638.30,83.17
桃園市,平鎮市,北興里,1254,875800,698,591,363,913,484.49,69.37
桃園市,平鎮市,義民里,1228,1037097,845,651,396,1092,692.01,81.94
桃園市,平鎮市,東安里,725,488916,674,569,357,871,504.89,74.87
桃園市,平鎮市,北勢里,926,817773,883,664,382,1145,737.76,83.54
桃園市,平鎮市,廣興里,1365,1215673,891,649,380,1069,882.86,99.13
桃園市,平鎮市,東社里,974,632004,649,536,350,829,480.06,73.98
桃園市,平鎮市,山？里,858,550872,642,540,330,817,465.91,72.57
桃園市,平鎮市,平鎮里,1207,800742,663,578,356,869,440.34,66.38
桃園市,平鎮市,南勢里,1311,919587,701,595,372,907,470.16,67.03
桃園市,平鎮市,宋屋里,1981,1524298,769,665,403,974,596.80,77.56
桃園市,平鎮市,高雙里,906,778432,859,649,399,1018,835.97,97.30
桃園市,平鎮市,復旦里,2181,2107573,966,731,415,1202,991.31,102.58
桃園市,平鎮市,新勢里,1260,1099948,873,627,368,1064,1712.97,196.22
桃園市,平鎮市,貿易里,528,333463,632,545,344,779,469.23,74.30
桃園市,平鎮市,湧光里,1588,1056307,665,561,361,884,441.89,66.43
桃園市,平鎮市,龍恩里,711,454807,640,545,330,795,475.37,74.32
桃園市,平鎮市,北貴里,1097,807866,736,619,368,971,513.02,69.66
桃園市,平鎮市,鎮興里,743,517046,696,602,368,888,496.55,71.35
桃園市,平鎮市,義興里,1658,1311506,791,625,373,1004,650.35,82.22
桃園市,平鎮市,湧豐里,516,380311,737,596,370,883,720.61,97.77
桃園市,平鎮市,湧安里,937,613469,655,575,374,859,405.28,61.90
桃園市,平鎮市,廣達里,971,831116,856,649,380,1112,759.23,88.70
桃園市,平鎮市,金星里,2943,2134010,725,628,377,959,501.06,69.10
桃園市,平鎮市,廣仁里,1255,837229,667,559,353,861,479.61,71.89
桃園市,平鎮市,新貴里,858,634545,740,579,369,942,758.30,102.53
桃園市,平鎮市,北富里,1054,840919,798,629,396,1005,706.52,88.55
桃園市,平鎮市,華安里,1031,648863,629,547,350,831,376.63,59.84
桃園市,平鎮市,金陵里,576,525039,912,634,361,1156,970.44,106.46
桃園市,平鎮市,北安里,595,484462,814,623,376,1036,729.84,89.64
桃園市,平鎮市,北華里,763,726690,952,695,408,1226,866.75,91.01
桃園市,新屋鄉,永安村,770,513534,667,539,343,819,1203.27,180.42
桃園市,新屋鄉,永興村,287,174292,607,500,364,803,430.54,70.90
桃園市,新屋鄉,新屋村,887,653105,736,592,363,961,594.32,80.72
桃園市,新屋鄉,新生村,1067,779687,731,583,357,967,555.86,76.07
桃園市,新屋鄉,後湖村,398,276618,695,586,362,888,507.69,73.05
桃園市,新屋鄉,清華村,1012,670753,663,563,360,863,466.70,70.41
桃園市,新屋鄉,石磊村,518,337456,651,541,356,838,455.34,69.90
桃園市,新屋鄉,東明村,364,251552,691,620,358,916,466.49,67.50
桃園市,新屋鄉,社子村,439,304997,695,574,360,881,529.72,76.25
桃園市,新屋鄉,九斗村,629,483974,769,543,355,877,2413.36,313.65
桃園市,新屋鄉,埔頂村,709,452714,639,530,344,843,420.09,65.79
桃園市,新屋鄉,頭洲村,1019,681890,669,545,345,881,509.32,76.11
桃園市,新屋鄉,大坡村,421,256159,608,520,330,785,411.30,67.60
桃園市,新屋鄉,望間村,477,324630,681,568,362,881,455.50,66.93
桃園市,新屋鄉,後庄村,368,230282,626,535,358,792,403.71,64.51
桃園市,新屋鄉,？榔村,358,206707,577,493,315,751,388.61,67.30
桃園市,新屋鄉,深圳村,205,119403,582,486,305,731,430.56,73.92
桃園市,新屋鄉,蚵間村,241,143143,594,488,307,772,470.42,79.20
桃園市,新屋鄉,笨港村,313,189885,607,504,344,791,383.97,63.29
桃園市,新屋鄉,下埔村,216,140049,648,523,327,894,465.38,71.78
桃園市,新屋鄉,石牌村,231,151548,656,572,356,906,423.60,64.57
桃園市,新屋鄉,下田村,506,323012,638,519,325,854,441.84,69.21
桃園市,新屋鄉,赤欄村,345,231398,671,575,388,931,408.99,60.98
桃園市,觀音鄉,觀音村,923,579688,628,551,345,846,388.84,61.91
桃園市,觀音鄉,大同村,559,382422,684,557,338,888,523.95,76.59
桃園市,觀音鄉,廣興村,417,274925,659,545,357,836,490.97,74.47
桃園市,觀音鄉,新興村,214,137479,642,545,349,878,403.51,62.81
桃園市,觀音鄉,三和村,217,145394,670,580,366,931,412.67,61.59
桃園市,觀音鄉,白玉村,357,220373,617,537,316,815,447.28,72.46
桃園市,觀音鄉,武威村,209,130032,622,451,296,839,553.65,88.99
桃園市,觀音鄉,大潭村,357,237755,666,554,353,866,444.88,66.80
桃園市,觀音鄉,保生村,418,279072,668,557,370,856,588.82,88.19
桃園市,觀音鄉,新坡村,794,506393,638,526,335,829,437.21,68.55
桃園市,觀音鄉,廣福村,549,351890,641,532,319,884,451.46,70.43
桃園市,觀音鄉,金湖村,643,451939,703,610,400,920,450.38,64.08
桃園市,觀音鄉,坑尾村,379,242323,639,545,363,838,402.25,62.91
桃園市,觀音鄉,藍埔村,632,429152,679,596,362,885,438.63,64.60
桃園市,觀音鄉,大堀村,316,226687,717,614,351,952,511.90,71.36
桃園市,觀音鄉,上大村,565,402189,712,620,384,946,436.59,61.33
桃園市,觀音鄉,崙坪村,1095,766630,700,593,381,921,466.63,66.65
桃園市,觀音鄉,保障村,576,370356,643,535,348,827,464.87,72.30
桃園市,觀音鄉,草漯村,1139,789240,693,590,373,922,467.94,67.53
桃園市,觀音鄉,樹林村,588,375445,639,523,330,821,510.04,79.88
桃園市,觀音鄉,富林村,425,275002,647,523,345,836,421.79,65.19
桃園市,觀音鄉,塔？村,331,190039,574,490,285,794,407.51,70.98
桃園市,觀音鄉,富源村,672,496873,739,631,395,969,525.14,71.02
桃園市,復興鄉,三民村,353,203115,575,486,326,742,384.31,66.79
桃園市,復興鄉,長興村,73,44341,607,537,369,746,337.20,55.51
桃園市,復興鄉,澤仁村,269,173117,644,531,328,787,679.16,105.53
桃園市,復興鄉,霞雲村,63,36597,581,534,347,812,277.14,47.71
桃園市,復興鄉,義盛村,72,44817,622,578,388,837,301.10,48.37
桃園市,復興鄉,高義村,77,40590,527,506,317,730,315.53,59.86
桃園市,復興鄉,三光村,76,38269,504,503,315,666,240.68,47.80
桃園市,復興鄉,奎輝村,72,42701,593,548,314,742,317.14,53.47
桃園市,復興鄉,華陵村,116,67104,578,495,322,727,393.66,68.05
桃園市,復興鄉,羅浮村,161,96572,600,518,292,744,462.99,77.19
新竹縣,竹東鎮,中正里,544,349844,643,530,331,841,453.78,70.56
新竹縣,竹東鎮,仁愛里,926,719227,777,583,349,994,775.58,99.86
新竹縣,竹東鎮,中山里,690,517346,750,591,355,948,658.51,87.83
新竹縣,竹東鎮,三重里,2020,2154363,1067,783,451,1287,1115.64,104.61
新竹縣,竹東鎮,東華里,303,270768,894,580,334,1005,1481.96,165.84
新竹縣,竹東鎮,榮華里,1996,1606311,805,645,378,1060,746.86,92.80
新竹縣,竹東鎮,忠孝里,540,423257,784,605,376,1015,636.50,81.21
新竹縣,竹東鎮,東寧里,1051,800012,761,606,381,1008,560.52,73.64
新竹縣,竹東鎮,竹東里,571,490327,859,600,329,1018,1212.84,141.24
新竹縣,竹東鎮,二重里,2385,2123731,890,672,399,1114,932.99,104.78
新竹縣,竹東鎮,員山里,559,438549,785,618,403,1019,552.23,70.39
新竹縣,竹東鎮,南華里,459,374292,815,585,335,1044,747.91,91.72
新竹縣,竹東鎮,上坪里,136,77221,568,532,308,759,354.67,62.46
新竹縣,竹東鎮,瑞？里,91,55141,606,504,376,755,375.73,62.01
新竹縣,竹東鎮,軟橋里,107,64474,603,517,359,727,364.78,60.54
新竹縣,竹東鎮,員崠里,755,596168,790,602,377,1044,862.32,109.21
新竹縣,竹東鎮,上？里,2616,2074828,793,623,395,1005,972.33,122.59
新竹縣,竹東鎮,大鄉里,1278,979834,767,613,391,975,621.56,81.07
新竹縣,竹東鎮,商華里,860,668125,777,595,369,982,669.95,86.23
新竹縣,竹東鎮,榮樂里,545,402835,739,568,320,934,657.54,88.96
新竹縣,竹東鎮,？林里,1237,865413,700,577,355,873,539.51,77.12
新竹縣,竹東鎮,五豐里,2060,1787031,867,700,416,1103,714.73,82.39
新竹縣,竹東鎮,柯湖里,213,164048,770,626,384,1052,547.92,71.14
新竹縣,竹東鎮,頭重里,1352,1184811,876,656,402,1149,795.82,90.81
新竹縣,竹東鎮,陸豐里,165,115432,700,601,389,872,440.75,63.00
新竹縣,關西鎮,東光里,393,238283,606,505,326,743,458.02,75.54
新竹縣,關西鎮,新富里,207,122270,591,503,295,725,519.73,87.99
新竹縣,關西鎮,西安里,623,426618,685,542,339,895,594.19,86.77
新竹縣,關西鎮,東山里,246,156154,635,565,323,850,459.72,72.42
新竹縣,關西鎮,大同里,251,175656,700,538,331,840,1079.01,154.18
新竹縣,關西鎮,東興里,215,134555,626,494,296,836,470.85,75.24
新竹縣,關西鎮,東安里,1047,675581,645,535,341,845,461.79,71.57
新竹縣,關西鎮,南山里,393,235591,599,518,317,785,394.35,65.78
新竹縣,關西鎮,北山里,257,179621,699,558,383,894,497.47,71.18
新竹縣,關西鎮,上林里,292,170939,585,493,338,802,370.23,63.24
新竹縣,關西鎮,玉山里,185,105242,569,471,269,802,426.22,74.92
新竹縣,關西鎮,東平里,317,204662,646,509,336,818,563.75,87.32
新竹縣,關西鎮,南雄里,268,179485,670,529,359,890,480.87,71.80
新竹縣,關西鎮,北斗里,1366,973264,712,561,357,917,558.30,78.36
新竹縣,關西鎮,仁安里,345,219586,636,501,344,754,535.44,84.13
新竹縣,關西鎮,錦山里,333,170275,511,476,293,654,312.14,61.04
新竹縣,關西鎮,金山里,231,138402,599,479,349,741,450.87,75.25
新竹縣,關西鎮,石光里,670,482104,720,586,373,964,508.15,70.62
新竹縣,關西鎮,新力里,189,121321,642,553,386,816,367.51,57.25
新竹縣,關西鎮,南和里,276,186583,676,594,354,905,447.02,66.13
新竹縣,關西鎮,南新里,348,214339,616,498,318,846,427.57,69.42
新竹縣,新埔鎮,新生里,225,168514,749,575,358,924,672.63,89.81
新竹縣,新埔鎮,新北里,182,117332,645,505,337,841,446.79,69.30
新竹縣,新埔鎮,文山里,1591,1149925,723,567,346,938,638.93,88.40
新竹縣,新埔鎮,清水里,132,82269,623,535,352,812,377.39,60.55
新竹縣,新埔鎮,新民里,372,250252,673,564,359,868,503.90,74.90
新竹縣,新埔鎮,新埔里,395,279031,706,556,345,913,572.74,81.08
新竹縣,新埔鎮,四座里,1081,777669,719,585,358,959,520.81,72.40
新竹縣,新埔鎮,五埔里,662,467274,706,609,359,934,483.46,68.49
新竹縣,新埔鎮,田新里,967,730510,755,608,377,982,656.77,86.94
新竹縣,新埔鎮,旱坑里,616,435617,707,599,358,932,493.57,69.80
新竹縣,新埔鎮,北平里,192,122922,640,534,381,776,432.13,67.50
新竹縣,新埔鎮,南平里,345,221051,641,549,317,864,436.11,68.07
新竹縣,新埔鎮,上寮里,637,459658,722,579,345,953,599.57,83.09
新竹縣,新埔鎮,下寮里,686,467762,682,572,339,896,463.61,67.99
新竹縣,新埔鎮,巨埔里,360,259378,720,606,371,960,504.27,69.99
新竹縣,新埔鎮,照門里,438,317710,725,589,377,925,793.45,109.39
新竹縣,新埔鎮,鹿鳴里,196,126402,645,545,318,873,426.54,66.14
新竹縣,新埔鎮,內立里,365,255589,700,575,348,875,544.61,77.77
新竹縣,新埔鎮,寶石里,243,170989,704,596,348,983,454.71,64.62
新竹縣,竹北市,新庄里,339,227438,671,517,354,858,490.52,73.11
新竹縣,竹北市,中興里,500,414883,830,659,370,1064,689.46,83.09
新竹縣,竹北市,泰和里,1339,1078336,805,633,398,1017,719.39,89.33
新竹縣,竹北市,尚義里,473,287131,607,507,324,772,421.97,69.51
新竹縣,竹北市,竹北里,1206,948266,786,644,385,1018,628.05,79.87
新竹縣,竹北市,大義里,482,302384,627,526,330,807,452.93,72.20
新竹縣,竹北市,東平里,14,14857,1061,849,391,1428,850.83,80.17
新竹縣,竹北市,竹仁里,2452,2142159,874,680,405,1103,803.20,91.94
新竹縣,竹北市,竹義里,2711,2201443,812,620,377,1027,748.34,92.16
新竹縣,竹北市,新社里,2006,1709847,852,672,402,1099,770.74,90.42
新竹縣,竹北市,新國里,1359,1166124,858,648,377,1103,761.25,88.72
新竹縣,竹北市,聯興里,1110,844645,761,609,382,931,706.87,92.89
新竹縣,竹北市,斗崙里,3816,3985116,1044,769,428,1331,1121.96,107.43
新竹縣,竹北市,鹿場里,380,311980,821,680,416,1079,580.16,70.67
新竹縣,竹北市,隘口里,220,272727,1240,548,372,1019,7630.04,615.49
新竹縣,竹北市,東海里,932,719060,772,617,396,954,698.12,90.49
新竹縣,竹北市,十興里,1790,1636871,914,698,416,1148,850.91,93.05
新竹縣,竹北市,麻園里,446,301900,677,519,336,872,538.96,79.62
新竹縣,竹北市,溪州里,607,430769,710,550,326,915,592.61,83.51
新竹縣,竹北市,白地里,600,385718,643,528,332,811,473.07,73.59
新竹縣,竹北市,新港里,366,240416,657,517,354,801,553.54,84.27
新竹縣,竹北市,崇義里,568,338311,596,483,326,766,404.89,67.98
新竹縣,竹北市,大眉里,476,408558,858,583,363,1016,1196.61,139.41
新竹縣,湖口鄉,湖南村,472,316522,671,565,358,879,441.56,65.85
新竹縣,湖口鄉,中興村,1252,861251,688,576,366,883,474.26,68.94
新竹縣,湖口鄉,長嶺村,898,634978,707,593,363,941,503.19,71.16
新竹縣,湖口鄉,中勢村,1686,1225212,727,602,374,939,511.56,70.39
新竹縣,湖口鄉,孝勢村,462,336899,729,542,297,862,755.94,103.66
新竹縣,湖口鄉,仁勢村,317,238586,753,563,322,876,852.09,113.21
新竹縣,湖口鄉,愛勢村,1428,1057838,741,605,360,960,571.18,77.10
新竹縣,湖口鄉,信勢村,2035,1529007,751,626,382,1000,582.75,77.56
新竹縣,湖口鄉,和興村,1720,1224944,712,594,365,933,595.36,83.60
新竹縣,湖口鄉,德盛村,1219,890396,730,589,369,954,566.46,77.55
新竹縣,湖口鄉,波羅村,652,447676,687,598,385,915,458.34,66.75
新竹縣,湖口鄉,鳳山村,996,709425,712,593,378,925,524.20,73.60
新竹縣,湖口鄉,鳳凰村,2141,1508336,705,586,364,915,498.24,70.72
新竹縣,湖口鄉,湖口村,850,633615,745,610,385,938,619.92,83.16
新竹縣,湖口鄉,湖鏡村,819,581349,710,571,354,910,521.49,73.47
新竹縣,湖口鄉,長安村,355,253583,714,517,373,869,1253.87,175.53
新竹縣,橫山鄉,豐田村,109,62768,576,480,298,759,380.19,66.02
新竹縣,橫山鄉,橫山村,1276,882734,692,569,360,883,524.05,75.75
新竹縣,橫山鄉,福興村,131,102256,781,549,374,788,1426.36,182.73
新竹縣,橫山鄉,新興村,606,388760,642,529,339,835,485.81,75.73
新竹縣,橫山鄉,內灣村,345,219087,635,490,319,793,585.49,92.20
新竹縣,橫山鄉,田寮村,306,209142,683,567,372,949,420.72,61.56
新竹縣,橫山鄉,沙坑村,367,226872,618,508,312,814,443.96,71.82
新竹縣,橫山鄉,南昌村,35,15678,448,450,179,680,310.23,69.26
新竹縣,橫山鄉,力行村,283,169956,601,502,328,762,420.36,70.00
新竹縣,橫山鄉,大肚村,516,351568,681,586,372,892,440.97,64.72
新竹縣,橫山鄉,豐鄉村,38,21409,563,417,297,600,484.03,85.91
新竹縣,新豐鄉,員山村,2655,2146685,809,682,398,1079,644.37,79.70
新竹縣,新豐鄉,福興村,302,216356,716,564,366,879,630.09,87.95
新竹縣,新豐鄉,後湖村,564,373306,662,557,369,845,468.44,70.77
新竹縣,新豐鄉,重興村,2136,1681833,787,595,356,924,4022.16,510.83
新竹縣,新豐鄉,新豐村,651,366670,563,453,306,712,513.27,91.13
新竹縣,新豐鄉,埔和村,691,421993,611,506,325,759,467.08,76.48
新竹縣,新豐鄉,鳳坑村,304,181004,595,437,298,748,461.40,77.49
新竹縣,新豐鄉,中崙村,852,621291,729,651,402,951,481.39,66.01
新竹縣,新豐鄉,青埔村,461,308834,670,575,353,891,475.46,70.97
新竹縣,新豐鄉,上坑村,454,303553,669,559,349,850,475.30,71.09
新竹縣,新豐鄉,坡頭村,215,118060,549,470,327,706,375.96,68.47
新竹縣,新豐鄉,松林村,1585,1212227,765,621,394,984,563.87,73.73
新竹縣,新豐鄉,瑞興村,444,293982,662,574,356,864,456.63,68.96
新竹縣,芎林鄉,五龍村,181,122087,675,612,399,882,389.80,57.79
新竹縣,芎林鄉,永興村,126,79012,627,534,304,798,415.92,66.33
新竹縣,芎林鄉,華龍村,145,94081,649,515,324,856,518.12,79.85
新竹縣,芎林鄉,秀湖村,323,234707,727,600,358,879,571.41,78.64
新竹縣,芎林鄉,石潭村,883,642124,727,578,360,940,564.21,77.59
新竹縣,芎林鄉,新鳳村,486,321820,662,521,338,895,464.79,70.19
新竹縣,芎林鄉,中坑村,199,125646,631,504,314,806,484.08,76.67
新竹縣,芎林鄉,水坑村,215,151359,704,547,368,893,541.05,76.85
新竹縣,芎林鄉,文林村,768,601902,784,594,361,1027,664.17,84.75
新竹縣,芎林鄉,芎林村,547,405460,741,617,390,965,519.90,70.14
新竹縣,芎林鄉,上山村,1161,1450382,1249,857,459,1460,1694.76,135.66
新竹縣,芎林鄉,下山村,384,332609,866,640,432,998,1661.13,191.78
新竹縣,寶山鄉,雙溪村,1572,2016696,1283,840,452,1559,1980.01,154.34
新竹縣,寶山鄉,新城村,406,244429,602,505,300,768,516.13,85.73
新竹縣,寶山鄉,寶山村,219,170606,779,540,338,934,1516.69,194.69
新竹縣,寶山鄉,深井村,246,151421,616,514,315,805,442.81,71.94
新竹縣,寶山鄉,三？村,249,146357,588,484,300,776,446.34,75.94
新竹縣,寶山鄉,寶斗村,197,115000,584,513,307,784,383.56,65.71
新竹縣,寶山鄉,大崎村,316,209974,664,539,319,817,638.26,96.05
新竹縣,寶山鄉,油田村,144,78518,545,459,278,751,356.20,65.33
新竹縣,寶山鄉,山湖村,180,288828,1605,739,435,1476,4589.12,286.00
新竹縣,北埔鄉,大林村,215,137281,639,561,385,836,375.08,58.74
新竹縣,北埔鄉,南興村,449,310025,690,558,332,873,614.84,89.05
新竹縣,北埔鄉,水？村,225,143134,636,515,339,836,455.84,71.66
新竹縣,北埔鄉,大湖村,139,81386,586,466,318,788,403.92,68.99
新竹縣,北埔鄉,埔尾村,922,626942,680,552,356,832,533.05,78.39
新竹縣,北埔鄉,南坑村,98,54333,554,484,310,684,376.35,67.88
新竹縣,北埔鄉,北埔村,427,279705,655,544,319,860,488.16,74.52
新竹縣,北埔鄉,南埔村,113,83169,736,529,333,783,1323.47,179.82
新竹縣,北埔鄉,外坪村,75,41409,552,476,328,774,346.55,62.77
新竹縣,峨眉鄉,峨眉村,298,211581,710,559,353,967,504.27,71.02
新竹縣,峨眉鄉,富興村,400,237525,594,498,296,760,527.12,88.77
新竹縣,峨眉鄉,中盛村,251,148106,590,501,321,792,383.47,64.99
新竹縣,峨眉鄉,石井村,171,100175,586,517,330,746,357.59,61.04
新竹縣,峨眉鄉,七星村,163,103697,636,532,330,816,543.62,85.45
新竹縣,峨眉鄉,湖光村,240,143528,598,467,343,797,385.44,64.45
新竹縣,尖石鄉,新樂村,231,121915,528,455,258,718,352.03,66.70
新竹縣,尖石鄉,嘉樂村,203,120581,594,487,286,780,426.66,71.83
新竹縣,尖石鄉,義興村,106,64411,608,519,332,766,418.37,68.85
新竹縣,尖石鄉,梅花村,70,46733,668,594,408,856,639.23,95.75
新竹縣,尖石鄉,錦屏村,158,75002,475,403,273,599,303.51,63.94
新竹縣,尖石鄉,玉？村,129,64810,502,458,287,676,290.80,57.88
新竹縣,尖石鄉,秀巒村,107,56136,525,490,300,762,293.49,55.94
新竹縣,五峰鄉,大隘村,324,172944,534,494,292,671,329.51,61.73
新竹縣,五峰鄉,桃山村,162,89790,554,480,286,732,424.61,76.61
新竹縣,五峰鄉,花園村,113,67305,596,498,315,777,477.68,80.20
新竹縣,五峰鄉,竹林村,57,32984,579,486,344,706,382.75,66.14
苗栗縣,苗栗市,水源里,745,527410,708,575,346,905,552.49,78.04
苗栗縣,苗栗市,福星里,2064,1497994,726,598,360,958,521.07,71.79
苗栗縣,苗栗市,建功里,1390,1197356,861,645,388,1143,725.48,84.22
苗栗縣,苗栗市,大同里,212,137796,650,462,275,836,634.84,97.67
苗栗縣,苗栗市,文山里,1670,1188180,711,584,339,949,534.30,75.10
苗栗縣,苗栗市,玉清里,881,729022,827,669,398,1073,607.58,73.42
苗栗縣,苗栗市,中苗里,364,304572,837,590,346,1020,910.14,108.77
苗栗縣,苗栗市,青苗里,377,308626,819,539,310,995,907.93,110.91
苗栗縣,苗栗市,玉苗里,352,243591,692,555,318,976,546.16,78.92
苗栗縣,苗栗市,綠苗里,317,223053,704,547,299,843,658.19,93.54
苗栗縣,苗栗市,高苗里,912,646750,709,551,340,883,646.80,91.21
苗栗縣,苗栗市,恭敬里,526,341111,648,516,295,833,522.34,80.55
苗栗縣,苗栗市,新苗里,353,273030,773,617,345,1046,718.98,92.96
苗栗縣,苗栗市,勝利里,1180,827761,701,564,360,901,541.92,77.25
苗栗縣,苗栗市,維祥里,1118,862386,771,611,362,1019,641.26,83.13
苗栗縣,苗栗市,嘉盛里,2000,1554477,777,634,374,1042,588.37,75.70
苗栗縣,苗栗市,北苗里,1639,1297287,792,628,355,1051,636.09,80.36
苗栗縣,苗栗市,上苗里,692,581112,840,620,349,1069,759.73,90.47
苗栗縣,苗栗市,福麗里,1539,1199585,779,618,349,1006,621.93,79.79
苗栗縣,苗栗市,新川里,369,218217,591,495,299,783,399.15,67.50
苗栗縣,苗栗市,新英里,924,617498,668,558,349,862,472.21,70.66
苗栗縣,苗栗市,清華里,1172,1002434,855,662,388,1138,674.55,78.87
苗栗縣,苗栗市,玉華里,1246,936188,751,580,354,982,617.58,82.20
苗栗縣,苗栗市,維新里,1314,972477,740,595,354,943,582.69,78.73
苗栗縣,苑裡鎮,中正里,582,324085,557,472,293,690,424.84,76.29
苗栗縣,苑裡鎮,西平里,438,225414,515,443,292,681,332.68,64.64
苗栗縣,苑裡鎮,田心里,463,252750,546,472,280,674,391.92,71.79
苗栗縣,苑裡鎮,舊社里,580,307371,530,420,283,662,433.47,81.79
苗栗縣,苑裡鎮,玉田里,566,281133,497,423,250,672,336.91,67.83
苗栗縣,苑裡鎮,福田里,432,223381,517,459,273,663,338.47,65.46
苗栗縣,苑裡鎮,山？里,485,265772,548,459,268,705,429.32,78.35
苗栗縣,苑裡鎮,南勢里,209,114976,550,453,311,619,544.44,98.97
苗栗縣,苑裡鎮,上？里,485,265250,547,448,287,685,598.66,109.46
苗栗縣,苑裡鎮,苑東里,600,383672,639,505,298,812,657.29,102.79
苗栗縣,苑裡鎮,苑南里,565,456132,807,514,278,870,1360.65,168.54
苗栗縣,苑裡鎮,苑北里,280,172559,616,481,302,753,532.50,86.40
苗栗縣,苑裡鎮,西勢里,569,331064,582,477,317,743,413.45,71.06
苗栗縣,苑裡鎮,海岸里,319,156756,491,418,250,671,329.27,67.01
苗栗縣,苑裡鎮,客庄里,1147,710670,620,488,290,783,636.08,102.66
苗栗縣,苑裡鎮,苑坑里,308,139830,454,411,245,584,299.45,65.96
苗栗縣,苑裡鎮,水坡里,190,87607,461,371,221,600,362.14,78.54
苗栗縣,苑裡鎮,石鎮里,208,115872,557,437,269,687,442.04,79.35
苗栗縣,苑裡鎮,蕉埔里,293,183597,627,453,300,703,1335.16,213.08
苗栗縣,苑裡鎮,社苓里,684,376014,550,446,282,668,652.52,118.70
苗栗縣,苑裡鎮,泰田里,511,255982,501,426,261,663,349.05,69.68
苗栗縣,苑裡鎮,山柑里,395,209166,530,447,283,665,390.50,73.74
苗栗縣,苑裡鎮,新復里,372,207629,558,477,289,701,416.33,74.59
苗栗縣,苑裡鎮,苑港里,333,175945,528,435,263,663,397.83,75.30
苗栗縣,苑裡鎮,房裡里,725,376109,519,441,276,647,360.78,69.55
苗栗縣,通霄鎮,內湖里,601,320512,533,444,272,696,396.78,74.40
苗栗縣,通霄鎮,福興里,179,85468,477,404,227,653,347.12,72.70
苗栗縣,通霄鎮,福龍里,147,77142,525,438,248,726,364.43,69.44
苗栗縣,通霄鎮,楓樹里,166,70488,425,356,192,589,318.96,75.12
苗栗縣,通霄鎮,城南里,354,179686,508,415,242,635,509.61,100.40
苗栗縣,通霄鎮,城北里,195,95762,491,418,275,681,294.28,59.92
苗栗縣,通霄鎮,坪頂里,392,220335,562,467,273,749,422.86,75.23
苗栗縣,通霄鎮,新埔里,431,235236,546,444,268,698,485.41,88.94
苗栗縣,通霄鎮,圳頭里,254,126250,497,419,258,614,369.20,74.28
苗栗縣,通霄鎮,南和里,245,130844,534,408,221,690,613.96,114.96
苗栗縣,通霄鎮,通東里,439,283366,645,505,314,832,530.42,82.17
苗栗縣,通霄鎮,通西里,773,516549,668,511,300,836,572.87,85.73
苗栗縣,通霄鎮,平元里,1273,767187,603,507,290,777,441.99,73.34
苗栗縣,通霄鎮,梅南里,514,273419,532,425,260,640,476.24,89.53
苗栗縣,通霄鎮,通灣里,759,377940,498,444,264,641,318.09,63.88
苗栗縣,通霄鎮,白東里,425,251564,592,498,297,741,622.95,105.24
苗栗縣,通霄鎮,白西里,240,131898,550,481,317,676,374.60,68.16
苗栗縣,通霄鎮,內島里,251,142678,568,441,289,702,651.72,114.65
苗栗縣,通霄鎮,烏眉里,271,154795,571,483,274,745,426.99,74.75
苗栗縣,通霄鎮,福源里,242,117577,486,429,249,662,345.64,71.14
苗栗縣,通霄鎮,五北里,470,239275,509,457,262,637,367.81,72.25
苗栗縣,通霄鎮,五南里,458,237206,518,448,277,672,325.54,62.86
苗栗縣,通霄鎮,通南里,899,443400,493,431,255,637,338.94,68.72
苗栗縣,公館鄉,福德村,112,69899,624,521,326,819,431.51,69.14
苗栗縣,公館鄉,大坑村,271,162712,600,510,303,756,444.74,74.07
苗栗縣,公館鄉,館中村,560,378798,676,560,347,910,473.87,70.05
苗栗縣,公館鄉,館南村,918,593377,646,554,322,862,447.67,69.26
苗栗縣,公館鄉,中義村,649,409083,630,528,335,810,431.76,68.50
苗栗縣,公館鄉,玉泉村,554,380641,687,550,340,888,639.44,93.07
苗栗縣,公館鄉,福基村,344,199629,580,475,293,758,420.31,72.43
苗栗縣,公館鄉,福星村,529,335026,633,527,326,860,439.39,69.38
苗栗縣,公館鄉,石墻村,442,275652,624,531,305,871,457.31,73.33
苗栗縣,公館鄉,開礦村,91,52995,582,490,318,722,403.80,69.34
苗栗縣,公館鄉,五谷村,610,381901,626,534,316,817,458.40,73.22
苗栗縣,公館鄉,玉谷村,338,207466,614,505,304,797,507.70,82.71
苗栗縣,公館鄉,鶴岡村,475,300848,633,548,340,857,408.09,64.43
苗栗縣,公館鄉,鶴山村,439,258537,589,490,296,784,455.80,77.40
苗栗縣,公館鄉,尖山村,433,321907,743,560,335,869,1408.51,189.46
苗栗縣,公館鄉,仁安村,368,232893,633,502,343,766,603.77,95.40
苗栗縣,公館鄉,南河村,44,20390,463,421,256,656,260.37,56.19
苗栗縣,公館鄉,北河村,74,41719,564,460,276,739,393.74,69.84
苗栗縣,公館鄉,館東村,772,540593,700,562,345,900,554.24,79.15
苗栗縣,銅鑼鄉,福興村,350,219197,626,517,320,808,438.23,69.97
苗栗縣,銅鑼鄉,銅鑼村,1581,1037341,656,551,325,894,454.67,69.30
苗栗縣,銅鑼鄉,朝陽村,577,373578,647,514,323,875,467.68,72.23
苗栗縣,銅鑼鄉,竹森村,310,194637,628,540,346,842,410.13,65.32
苗栗縣,銅鑼鄉,九湖村,405,230214,568,487,333,707,372.15,65.47
苗栗縣,銅鑼鄉,樟樹村,433,262074,605,501,294,805,405.38,66.98
苗栗縣,銅鑼鄉,興隆村,199,117949,593,523,302,770,386.95,65.29
苗栗縣,銅鑼鄉,盛隆村,155,83920,541,401,254,746,397.64,73.44
苗栗縣,銅鑼鄉,新隆村,163,98379,604,517,306,840,389.19,64.48
苗栗縣,銅鑼鄉,中平村,957,611158,639,535,318,852,460.59,72.12
苗栗縣,三義鄉,西湖村,391,269464,689,521,331,905,808.87,117.37
苗栗縣,三義鄉,廣盛村,1351,947158,701,578,337,967,498.90,71.16
苗栗縣,三義鄉,？湖村,505,324286,642,512,319,865,447.67,69.71
苗栗縣,三義鄉,？潭村,383,256127,669,539,339,909,490.87,73.40
苗栗縣,三義鄉,勝興村,1004,679936,677,543,330,934,491.57,72.59
苗栗縣,三義鄉,龍騰村,121,65476,541,470,240,660,436.93,80.74
苗栗縣,三義鄉,鯉魚潭,288,162431,564,449,284,736,423.78,75.14
苗栗縣,西湖鄉,五湖村,276,181697,658,523,321,938,490.98,74.58
苗栗縣,西湖鄉,湖東村,362,193851,535,476,262,720,365.00,68.16
苗栗縣,西湖鄉,下埔村,192,108435,565,446,259,771,434.85,77.00
苗栗縣,西湖鄉,高埔村,200,116735,584,494,294,753,395.61,67.78
苗栗縣,西湖鄉,四湖村,216,122406,567,466,263,757,444.08,78.36
苗栗縣,西湖鄉,三湖村,306,200127,654,540,344,835,440.03,67.28
苗栗縣,西湖鄉,二湖村,225,115045,511,443,246,708,351.52,68.75
苗栗縣,西湖鄉,龍洞村,170,96299,566,510,308,693,354.36,62.56
苗栗縣,西湖鄉,金獅村,147,88683,603,495,269,795,479.51,79.48
苗栗縣,頭屋鄉,頭屋村,832,562647,676,557,348,858,519.50,76.82
苗栗縣,頭屋鄉,象山村,637,408534,641,546,339,831,467.43,72.88
苗栗縣,頭屋鄉,北坑村,200,106448,532,490,325,675,308.38,57.94
苗栗縣,頭屋鄉,獅潭村,495,329477,666,561,336,889,455.75,68.47
苗栗縣,頭屋鄉,曲洞村,270,179088,663,546,327,860,499.30,75.28
苗栗縣,頭屋鄉,飛鳳村,88,57740,656,525,367,809,622.57,94.88
苗栗縣,頭屋鄉,明德村,382,251793,659,542,359,845,446.23,67.70
苗栗縣,頭屋鄉,鳴鳳村,84,50317,599,516,350,681,387.50,64.69
苗栗縣,竹南鎮,中華里,796,645457,811,563,343,946,2715.42,334.88
苗栗縣,竹南鎮,港墘里,496,308464,622,516,307,826,450.19,72.39
苗栗縣,竹南鎮,公？里,417,243785,585,467,345,763,374.68,64.09
苗栗縣,竹南鎮,開元里,192,123178,642,549,346,752,469.78,73.23
苗栗縣,竹南鎮,竹南里,818,1287658,1574,618,384,1082,11539.00,733.03
苗栗縣,竹南鎮,龍鳳里,1639,1128514,689,538,342,834,1279.95,185.89
苗栗縣,竹南鎮,中港里,331,213836,646,515,322,820,509.04,78.79
苗栗縣,竹南鎮,營盤里,947,660052,697,553,352,871,572.68,82.16
苗栗縣,竹南鎮,中美里,557,339992,610,500,323,786,476.14,78.00
苗栗縣,竹南鎮,大埔里,1123,752853,670,557,343,862,552.28,82.38
苗栗縣,竹南鎮,山佳里,1936,1314216,679,540,332,827,651.34,95.95
苗栗縣,竹南鎮,新南里,975,704151,722,552,346,925,645.02,89.31
苗栗縣,竹南鎮,正南里,895,725043,810,615,343,1014,772.37,95.34
苗栗縣,竹南鎮,頂埔里,820,538879,657,533,331,829,505.15,76.87
苗栗縣,竹南鎮,大厝里,1247,973733,781,601,356,965,791.97,101.42
苗栗縣,竹南鎮,聖福里,863,610945,708,546,348,865,699.48,98.81
苗栗縣,竹南鎮,竹興里,912,523061,574,497,320,737,389.46,67.91
苗栗縣,竹南鎮,中英里,381,229548,602,532,323,770,408.06,67.73
苗栗縣,竹南鎮,海口里,715,448866,628,542,350,781,409.30,65.20
苗栗縣,竹南鎮,崎頂里,936,666542,712,605,367,883,559.08,78.51
苗栗縣,竹南鎮,公義里,352,225188,640,511,330,795,489.38,76.50
苗栗縣,竹南鎮,照南里,915,704238,770,585,359,940,739.26,96.05
苗栗縣,頭份鎮,仁愛里,557,358497,644,514,322,802,541.74,84.17
苗栗縣,頭份鎮,建國里,662,529038,799,650,362,1017,767.95,96.10
苗栗縣,頭份鎮,和平里,384,247128,644,509,322,796,616.93,95.86
苗栗縣,頭份鎮,民權里,459,331142,721,559,365,916,635.44,88.08
苗栗縣,頭份鎮,成功里,693,525918,759,601,361,948,698.29,92.01
苗栗縣,頭份鎮,興隆里,1055,655586,621,515,340,787,435.68,70.11
苗栗縣,頭份鎮,忠孝里,1684,1247770,741,569,360,919,998.40,134.75
苗栗縣,頭份鎮,民生里,564,327502,581,500,320,763,387.78,66.78
苗栗縣,頭份鎮,信義里,303,223284,737,573,294,971,752.11,102.06
苗栗縣,頭份鎮,田寮里,1114,744653,668,537,323,852,549.63,82.22
苗栗縣,頭份鎮,民族里,1001,711591,711,579,333,905,667.51,93.90
苗栗縣,頭份鎮,山下里,825,649760,788,643,379,998,667.01,84.69
苗栗縣,頭份鎮,廣興里,291,180218,619,537,327,792,415.87,67.15
苗栗縣,頭份鎮,尖山里,489,291230,596,505,321,767,387.18,65.01
苗栗縣,頭份鎮,後庄里,1777,1260457,709,592,364,918,523.85,73.85
苗栗縣,頭份鎮,頭份里,999,735207,736,592,357,960,584.81,79.46
苗栗縣,頭份鎮,土牛里,316,189684,600,497,312,757,521.78,86.93
苗栗縣,頭份鎮,上興里,430,263144,612,520,350,766,429.69,70.21
苗栗縣,頭份鎮,下興里,719,480283,668,557,357,875,469.30,70.26
苗栗縣,頭份鎮,東庄里,883,583684,661,534,332,862,510.42,77.22
苗栗縣,頭份鎮,蟠桃里,1405,1044031,743,589,388,963,575.01,77.38
苗栗縣,頭份鎮,新華里,1299,795465,612,535,339,808,391.51,63.93
苗栗縣,頭份鎮,斗煥里,1039,617635,594,516,326,789,369.02,62.08
苗栗縣,頭份鎮,上埔里,900,536489,596,517,339,779,373.22,62.61
苗栗縣,頭份鎮,珊湖里,631,387312,614,531,341,800,406.16,66.17
苗栗縣,頭份鎮,流東里,717,433962,605,521,326,780,420.65,69.50
苗栗縣,頭份鎮,尖下里,912,588260,645,549,344,829,442.55,68.61
苗栗縣,頭份鎮,濫坑里,778,484321,623,546,365,800,361.44,58.06
苗栗縣,頭份鎮,蘆竹里,465,269192,579,472,307,734,407.71,70.43
苗栗縣,造橋鄉,朝陽村,524,304718,582,489,335,746,364.32,62.65
苗栗縣,造橋鄉,造橋村,636,425846,670,577,378,865,426.59,63.71
苗栗縣,造橋鄉,平興村,164,108736,663,522,306,772,745.68,112.47
苗栗縣,造橋鄉,豐湖村,325,212829,655,543,295,869,502.53,76.74
苗栗縣,造橋鄉,錦水村,198,132168,668,568,377,816,432.34,64.77
苗栗縣,造橋鄉,大西村,1192,753418,632,528,324,844,436.57,69.07
苗栗縣,造橋鄉,大龍村,182,115114,632,524,349,860,403.75,63.83
苗栗縣,造橋鄉,談文村,259,145352,561,470,293,707,434.46,77.42
苗栗縣,造橋鄉,龍昇村,292,169533,581,490,302,716,415.50,71.56
苗栗縣,後龍鎮,南港里,396,203980,515,449,291,645,348.31,67.62
苗栗縣,後龍鎮,東明里,439,274837,626,506,327,812,458.97,73.31
苗栗縣,後龍鎮,中和里,329,170374,518,433,288,685,339.75,65.61
苗栗縣,後龍鎮,復興里,183,110593,604,473,300,753,457.74,75.74
苗栗縣,後龍鎮,大山里,508,309895,610,483,296,761,547.62,89.77
苗栗縣,後龍鎮,新民里,468,265236,567,463,297,723,426.41,75.24
苗栗縣,後龍鎮,溪洲里,679,368797,543,451,299,661,440.45,81.09
苗栗縣,後龍鎮,秀水里,199,119903,603,492,319,702,484.07,80.34
苗栗縣,後龍鎮,水尾里,318,157020,494,426,294,610,360.28,72.97
苗栗縣,後龍鎮,南龍里,431,243802,566,455,300,686,421.71,74.55
苗栗縣,後龍鎮,中龍里,326,231340,710,528,287,846,733.10,103.31
苗栗縣,後龍鎮,北龍里,496,319542,644,486,294,783,635.43,98.63
苗栗縣,後龍鎮,大庄里,1171,723875,618,494,310,791,499.49,80.80
苗栗縣,後龍鎮,豐富里,441,261759,594,499,328,761,403.84,68.04
苗栗縣,後龍鎮,校椅里,376,237309,631,498,303,779,589.23,93.36
苗栗縣,後龍鎮,埔頂里,758,427150,564,460,286,684,592.21,105.09
苗栗縣,後龍鎮,灣寶里,411,241840,588,495,308,745,415.57,70.63
苗栗縣,後龍鎮,海寶里,302,161236,534,449,257,718,356.74,66.82
苗栗縣,後龍鎮,外埔里,353,217977,617,477,300,719,936.54,151.67
苗栗縣,後龍鎮,海埔里,306,170187,556,453,284,680,423.56,76.16
苗栗縣,後龍鎮,龍津里,202,105710,523,421,296,640,388.98,74.33
苗栗縣,後龍鎮,龍坑里,415,247572,597,482,311,710,524.70,87.95
苗栗縣,後龍鎮,福寧里,249,136999,550,451,289,688,421.11,76.54
苗栗縣,三灣鄉,永和村,80,42962,537,493,313,729,275.47,51.29
苗栗縣,三灣鄉,內灣村,186,114053,613,560,331,800,377.43,61.55
苗栗縣,三灣鄉,北埔村,169,96594,572,429,263,673,528.30,92.43
苗栗縣,三灣鄉,三灣村,777,501717,646,544,344,831,499.25,77.32
苗栗縣,三灣鄉,銅鏡村,315,188662,599,479,300,739,521.65,87.10
苗栗縣,三灣鄉,頂寮村,64,29491,461,406,294,590,239.51,51.98
苗栗縣,三灣鄉,大河村,162,84152,519,432,303,660,347.99,66.99
苗栗縣,三灣鄉,大坪村,145,88450,610,562,338,830,348.93,57.20
苗栗縣,南庄鄉,東,462,245465,531,458,301,681,340.67,64.12
苗栗縣,南庄鄉,西,228,122119,536,441,280,688,378.87,70.74
苗栗縣,南庄鄉,南江村,355,176703,498,412,251,654,375.98,75.54
苗栗縣,南庄鄉,田美村,278,145813,525,426,297,667,386.01,73.59
苗栗縣,南庄鄉,獅山村,287,153448,535,442,295,677,382.81,71.60
苗栗縣,南庄鄉,南富村,337,188579,560,477,312,702,429.11,76.68
苗栗縣,南庄鄉,員林村,310,173983,561,475,313,747,346.20,61.69
苗栗縣,南庄鄉,蓬萊村,193,89484,464,401,248,586,309.91,66.84
苗栗縣,南庄鄉,東河村,284,132453,466,368,236,577,462.90,99.25
苗栗縣,大湖鄉,大湖村,541,338674,626,500,294,810,537.62,85.88
苗栗縣,大湖鄉,富興村,382,198635,520,429,282,690,347.39,66.81
苗栗縣,大湖鄉,明湖村,202,123106,609,485,277,838,495.95,81.38
苗栗縣,大湖鄉,靜湖村,490,323734,661,536,329,843,519.84,78.68
苗栗縣,大湖鄉,大寮村,330,175602,532,464,264,718,368.37,69.23
苗栗縣,大湖鄉,大南村,179,98325,549,470,271,663,422.86,76.98
苗栗縣,大湖鄉,南湖村,188,104724,557,490,320,715,341.17,61.25
苗栗縣,大湖鄉,義和村,406,193737,477,394,210,645,453.22,94.98
苗栗縣,大湖鄉,東興村,184,87810,477,370,212,630,383.58,80.38
苗栗縣,大湖鄉,武榮村,129,68563,531,481,265,683,352.76,66.37
苗栗縣,大湖鄉,新開村,208,104058,500,392,220,656,431.91,86.33
苗栗縣,大湖鄉,栗林村,189,100290,531,483,254,651,395.63,74.56
苗栗縣,卓蘭鎮,新榮里,278,170241,612,446,242,700,1132.78,184.98
苗栗縣,卓蘭鎮,新厝里,364,231714,637,502,296,804,643.76,101.13
苗栗縣,卓蘭鎮,老庄里,497,311890,628,476,275,794,554.42,88.35
苗栗縣,卓蘭鎮,中街里,221,140435,635,528,288,869,483.68,76.12
苗栗縣,卓蘭鎮,豐田里,200,110487,552,441,288,709,369.36,66.86
苗栗縣,卓蘭鎮,西坪里,113,62593,554,464,293,737,345.95,62.45
苗栗縣,卓蘭鎮,上新里,414,244318,590,491,298,767,476.30,80.71
苗栗縣,卓蘭鎮,內灣里,374,197958,529,454,287,641,376.44,71.12
苗栗縣,卓蘭鎮,苗豐里,140,88074,629,473,306,757,614.96,97.75
苗栗縣,卓蘭鎮,坪林里,270,127845,473,398,262,580,337.82,71.35
苗栗縣,卓蘭鎮,景山里,166,80095,482,422,273,631,313.97,65.07
苗栗縣,獅潭鄉,豐林村,150,89094,594,517,342,746,394.47,66.41
苗栗縣,獅潭鄉,永興村,176,95568,543,460,298,697,350.20,64.49
苗栗縣,獅潭鄉,和興村,147,83579,569,529,329,717,337.81,59.42
苗栗縣,獅潭鄉,新豐村,85,48754,574,461,321,721,385.88,67.28
苗栗縣,獅潭鄉,百壽村,71,37913,534,462,299,669,330.45,61.88
苗栗縣,獅潭鄉,新店村,257,137529,535,456,286,690,370.39,69.21
苗栗縣,獅潭鄉,竹木村,189,101103,535,456,291,687,366.34,68.48
苗栗縣,泰安鄉,中興村,46,27461,597,511,414,755,292.20,48.95
苗栗縣,泰安鄉,大興村,69,46087,668,637,391,788,393.99,58.99
苗栗縣,泰安鄉,錦水村,125,76074,609,505,360,762,387.80,63.72
苗栗縣,泰安鄉,清安村,170,90049,530,444,294,667,364.24,68.76
苗栗縣,泰安鄉,象鼻村,60,35837,597,532,353,744,357.37,59.83
苗栗縣,泰安鄉,梅園村,39,28586,733,690,466,879,475.64,64.89
苗栗縣,泰安鄉,八卦村,36,19070,530,459,285,759,315.08,59.48
苗栗縣,泰安鄉,士林村,33,18843,571,527,415,697,287.76,50.39
臺中縣,豐原市,東勢里,545,381354,700,507,290,839,716.60,102.41
臺中縣,豐原市,中山里,405,427531,1056,589,329,1125,2254.81,213.60
臺中縣,豐原市,西安里,1745,1427443,818,561,324,956,1211.86,148.15
臺中縣,豐原市,葫蘆里,339,249593,736,518,307,924,677.16,91.97
臺中縣,豐原市,陽明里,838,652584,779,552,308,951,1192.97,153.19
臺中縣,豐原市,中興里,961,681411,709,548,317,906,721.65,101.78
臺中縣,豐原市,民生里,347,245688,708,522,303,866,650.71,91.90
臺中縣,豐原市,田心里,1694,1305585,771,559,328,946,893.90,115.98
臺中縣,豐原市,中陽里,1598,1227176,768,543,322,940,1492.96,194.41
臺中縣,豐原市,東陽里,442,278061,629,439,259,709,911.61,144.91
臺中縣,豐原市,大湳里,732,584134,798,511,306,907,2777.34,348.04
臺中縣,豐原市,西勢里,797,633287,795,549,322,985,756.56,95.21
臺中縣,豐原市,豐田里,2754,1722350,625,489,294,794,562.14,89.89
臺中縣,豐原市,豐原里,712,606186,851,549,311,957,1248.85,146.68
臺中縣,豐原市,頂街里,372,336112,904,615,340,1142,883.03,97.73
臺中縣,豐原市,豐榮里,376,353924,941,521,297,988,1420.02,150.86
臺中縣,豐原市,下街里,295,208295,706,483,301,846,685.56,97.09
臺中縣,豐原市,豐西里,622,580027,933,584,337,1056,1979.53,212.28
臺中縣,豐原市,富春里,335,274593,820,555,310,946,1079.50,131.70
臺中縣,豐原市,圳寮里,407,273252,671,501,314,808,632.18,94.16
臺中縣,豐原市,東湳里,1236,681921,552,440,256,708,438.78,79.53
臺中縣,豐原市,西湳里,2032,1318940,649,490,292,808,873.39,134.56
臺中縣,豐原市,南陽里,2197,1607293,732,543,317,884,705.06,96.37
臺中縣,豐原市,北陽里,3355,2361391,704,516,301,858,818.17,116.24
臺中縣,豐原市,鎌村里,1075,629507,586,482,286,759,435.30,74.34
臺中縣,豐原市,社皮里,2490,1620042,651,494,309,815,553.11,85.01
臺中縣,豐原市,三村里,1740,1203146,691,519,311,864,611.80,88.48
臺中縣,豐原市,南村里,1507,1064891,707,500,290,846,1045.14,147.90
臺中縣,豐原市,南田里,1032,625514,606,468,302,743,501.78,82.79
臺中縣,豐原市,南嵩里,865,575939,666,464,294,760,1112.02,167.01
臺中縣,豐原市,翁明里,601,413583,688,515,323,821,726.79,105.61
臺中縣,豐原市,翁子里,862,539501,626,500,302,785,506.46,80.92
臺中縣,豐原市,翁社里,634,350017,552,438,268,672,511.08,92.57
臺中縣,豐原市,朴子里,873,522878,599,458,285,742,658.51,109.94
臺中縣,豐原市,豐圳里,953,611852,642,497,307,808,532.08,82.88
臺中縣,豐原市,北湳里,844,612667,726,532,317,872,754.95,104.00
臺中縣,東勢鎮,延平里,721,533239,740,521,303,866,1190.10,160.92
臺中縣,東勢鎮,埤頭里,158,91926,582,450,271,676,685.44,117.81
臺中縣,東勢鎮,東新里,612,399571,653,523,301,863,516.38,79.09
臺中縣,東勢鎮,興隆里,305,178068,584,480,283,795,397.60,68.10
臺中縣,東勢鎮,北興里,360,231608,643,538,304,836,533.36,82.90
臺中縣,東勢鎮,東安里,443,318965,720,544,324,860,714.71,99.26
臺中縣,東勢鎮,泰昌里,991,659971,666,516,315,859,536.57,80.57
臺中縣,東勢鎮,福隆里,807,485319,601,481,302,780,438.07,72.84
臺中縣,東勢鎮,明正里,290,144953,500,411,263,577,400.80,80.19
臺中縣,東勢鎮,廣興里,451,337759,749,542,324,962,1176.77,157.13
臺中縣,東勢鎮,下城里,235,146220,622,467,265,733,868.72,139.62
臺中縣,東勢鎮,中寧里,253,161461,638,487,289,781,625.71,98.04
臺中縣,東勢鎮,南平里,551,372626,676,490,282,843,655.68,96.96
臺中縣,東勢鎮,上新里,279,197549,708,563,321,950,563.16,79.54
臺中縣,東勢鎮,新盛里,1262,779654,618,483,300,786,493.11,79.82
臺中縣,東勢鎮,詒福里,363,214616,591,460,277,737,462.14,78.17
臺中縣,東勢鎮,上城里,269,162922,606,493,321,748,513.59,84.80
臺中縣,東勢鎮,慶東里,421,263450,626,459,275,807,565.37,90.35
臺中縣,東勢鎮,慶福里,268,130438,487,392,241,633,355.85,73.11
臺中縣,東勢鎮,隆興里,249,137713,553,449,290,685,423.43,76.56
臺中縣,東勢鎮,中嵙里,448,272294,608,496,281,833,458.05,75.36
臺中縣,東勢鎮,粵寧里,472,278264,590,470,255,751,479.49,81.33
臺中縣,東勢鎮,下新里,390,243837,625,519,310,797,464.03,74.22
臺中縣,東勢鎮,茂興里,378,217754,576,467,284,722,486.37,84.43
臺中縣,東勢鎮,泰興里,191,105802,554,457,262,616,539.95,97.48
臺中縣,大甲鎮,龍泉里,446,239301,537,464,285,686,380.64,70.94
臺中縣,大甲鎮,幸福里,693,411007,593,481,312,745,462.37,77.96
臺中縣,大甲鎮,朝陽里,455,341090,750,541,288,969,826.94,110.31
臺中縣,大甲鎮,中山里,1089,688883,633,500,286,800,552.01,87.26
臺中縣,大甲鎮,福德里,307,155345,506,421,268,657,352.52,69.67
臺中縣,大甲鎮,建興里,378,197188,522,466,304,679,327.13,62.71
臺中縣,大甲鎮,平安里,641,445289,695,492,292,846,747.35,107.58
臺中縣,大甲鎮,太白里,399,234518,588,473,295,749,511.36,87.00
臺中縣,大甲鎮,義和里,836,526661,630,502,302,774,577.30,91.64
臺中縣,大甲鎮,江南里,317,174168,549,471,311,674,374.81,68.22
臺中縣,大甲鎮,武陵里,346,226616,655,504,303,750,658.52,100.54
臺中縣,大甲鎮,南陽里,292,190345,652,480,290,762,732.99,112.44
臺中縣,大甲鎮,大甲里,455,389256,856,565,298,1032,1091.19,127.55
臺中縣,大甲鎮,順天里,566,402672,711,522,313,840,737.79,103.70
臺中縣,大甲鎮,孔門里,251,283203,1128,565,305,953,3545.50,314.23
臺中縣,大甲鎮,岷山里,582,350892,603,485,288,729,582.91,96.68
臺中縣,大甲鎮,薰風里,323,241884,749,497,274,897,795.48,106.23
臺中縣,大甲鎮,文曲里,330,166147,503,412,255,674,350.41,69.60
臺中縣,大甲鎮,庄美里,746,564494,757,517,319,871,990.99,130.96
臺中縣,大甲鎮,武曲里,548,587524,1072,452,266,755,4366.67,407.29
臺中縣,大甲鎮,文武里,1608,1193908,742,549,326,923,848.72,114.31
臺中縣,大甲鎮,奉化里,404,250425,620,447,287,784,602.50,97.20
臺中縣,大甲鎮,德化里,467,274459,588,494,307,742,422.22,71.84
臺中縣,大甲鎮,頂店里,1101,815651,741,498,286,822,1553.37,209.68
臺中縣,大甲鎮,孟春里,1020,584397,573,470,289,716,465.33,81.22
臺中縣,大甲鎮,日南里,1418,913717,644,517,307,816,643.45,99.86
臺中縣,大甲鎮,銅安里,336,205972,613,453,296,705,910.03,148.45
臺中縣,大甲鎮,西岐里,508,288837,569,478,311,720,420.05,73.88
臺中縣,大甲鎮,新美里,1024,675321,659,520,302,825,584.95,88.70
臺中縣,清水鎮,臨江里,453,249437,551,431,254,693,539.61,98.00
臺中縣,清水鎮,文昌里,275,181450,660,502,282,872,614.61,93.15
臺中縣,清水鎮,東山里,312,153432,492,430,274,649,303.63,61.74
臺中縣,清水鎮,中興里,160,119221,745,553,280,955,780.79,104.78
臺中縣,清水鎮,海濱里,558,309623,555,437,275,691,501.47,90.37
臺中縣,清水鎮,田寮里,685,364816,533,440,275,655,404.34,75.92
臺中縣,清水鎮,國姓里,599,342695,572,474,300,734,383.32,67.00
臺中縣,清水鎮,清水里,816,595873,730,553,321,933,672.74,92.13
臺中縣,清水鎮,秀水里,1078,623007,578,458,285,717,524.80,90.81
臺中縣,清水鎮,南寧里,757,559603,739,556,320,941,653.10,88.35
臺中縣,清水鎮,鰲？里,400,239392,598,451,261,769,503.05,84.05
臺中縣,清水鎮,靈泉里,396,303685,767,564,333,1012,675.99,88.15
臺中縣,清水鎮,西寧里,494,304915,617,486,281,757,557.83,90.38
臺中縣,清水鎮,北寧里,251,175266,698,482,277,797,793.19,113.59
臺中縣,清水鎮,西社里,785,525619,670,509,316,870,543.75,81.21
臺中縣,清水鎮,南社里,1623,1008770,622,511,313,797,477.27,76.79
臺中縣,清水鎮,裕嘉里,363,217394,599,499,306,769,444.00,74.14
臺中縣,清水鎮,武鹿里,889,517155,582,463,278,732,614.24,105.59
臺中縣,清水鎮,？榔里,1107,672862,608,501,299,760,483.45,79.54
臺中縣,清水鎮,中社里,526,348529,663,534,340,813,539.35,81.40
臺中縣,清水鎮,高西里,373,171204,459,379,226,571,354.57,77.25
臺中縣,清水鎮,高南里,407,233191,573,467,299,693,463.90,80.97
臺中縣,清水鎮,高東里,363,180459,497,428,259,638,374.36,75.30
臺中縣,清水鎮,高北里,336,165222,492,421,267,602,394.61,80.25
臺中縣,清水鎮,高美里,388,208178,537,465,270,740,353.85,65.95
臺中縣,清水鎮,菁埔里,711,396900,558,470,277,694,495.53,88.77
臺中縣,清水鎮,頂湳里,511,261827,512,442,264,650,350.19,68.34
臺中縣,清水鎮,橋頭里,1816,1114030,613,494,297,759,559.29,91.17
臺中縣,清水鎮,下湳里,1021,692532,678,475,275,728,1162.72,171.42
臺中縣,清水鎮,楊厝里,181,94842,524,468,245,669,392.35,74.88
臺中縣,清水鎮,海風里,315,167330,531,433,286,637,438.90,82.62
臺中縣,清水鎮,吳厝里,332,179058,539,460,311,715,343.30,63.65
臺中縣,沙鹿鎮,美仁里,161,151790,943,505,286,786,3872.91,410.79
臺中縣,沙鹿鎮,興安里,805,554335,689,490,306,792,944.11,137.10
臺中縣,沙鹿鎮,福興里,567,325279,574,434,257,637,1382.30,240.95
臺中縣,沙鹿鎮,居仁里,448,320855,716,492,291,822,783.45,109.39
臺中縣,沙鹿鎮,清泉里,500,302150,604,509,325,770,414.26,68.55
臺中縣,沙鹿鎮,北勢里,917,508188,554,437,261,675,475.01,85.71
臺中縣,沙鹿鎮,興仁里,804,544621,677,493,293,836,671.52,99.13
臺中縣,沙鹿鎮,竹林里,1632,1100064,674,517,311,859,561.93,83.37
臺中縣,沙鹿鎮,南勢里,496,267707,540,418,273,643,441.07,81.72
臺中縣,沙鹿鎮,鹿寮里,1507,956811,635,483,288,773,617.68,97.29
臺中縣,沙鹿鎮,西勢里,574,313768,547,459,293,696,379.74,69.47
臺中縣,沙鹿鎮,洛泉里,802,688441,858,546,328,940,2203.16,256.66
臺中縣,沙鹿鎮,沙鹿里,424,466155,1099,576,314,1175,1553.74,141.32
臺中縣,沙鹿鎮,斗抵里,1179,741746,629,494,296,798,546.46,86.86
臺中縣,沙鹿鎮,鹿？里,1074,677358,631,470,292,748,579.55,91.89
臺中縣,沙鹿鎮,？分里,248,125633,507,426,258,655,364.57,71.97
臺中縣,沙鹿鎮,晉江里,298,142393,478,396,253,579,349.74,73.19
臺中縣,沙鹿鎮,六路里,584,348595,597,478,274,738,532.29,89.17
臺中縣,沙鹿鎮,埔子里,1055,536278,508,416,260,653,375.53,73.88
臺中縣,沙鹿鎮,公明里,1080,607023,562,471,301,717,390.24,69.43
臺中縣,梧棲鎮,中正里,1115,793664,712,543,321,854,776.91,109.15
臺中縣,梧棲鎮,永安里,682,472904,693,444,286,686,2530.70,364.97
臺中縣,梧棲鎮,福德里,106,98838,932,788,503,1093,679.12,72.83
臺中縣,梧棲鎮,文化里,397,256254,645,515,282,813,535.99,83.04
臺中縣,梧棲鎮,中和里,176,132178,751,567,345,1011,588.95,78.42
臺中縣,梧棲鎮,興農里,573,294555,514,426,274,651,375.83,73.11
臺中縣,梧棲鎮,永寧里,698,410715,588,462,288,718,528.42,89.80
臺中縣,梧棲鎮,頂寮里,844,602897,714,577,356,906,575.57,80.57
臺中縣,梧棲鎮,下寮里,667,479283,719,553,346,874,659.57,91.79
臺中縣,梧棲鎮,大庄里,1567,928144,592,491,306,742,465.05,78.52
臺中縣,梧棲鎮,安仁里,239,153706,643,505,287,791,709.26,110.28
臺中縣,梧棲鎮,草湳里,1704,1084798,637,516,311,820,516.57,81.14
臺中縣,梧棲鎮,南簡里,755,462232,612,496,306,802,462.25,75.50
臺中縣,梧棲鎮,大村里,1044,664291,636,515,326,781,517.42,81.32
臺中縣,神岡鄉,新庄村,1028,561840,547,453,296,677,403.02,73.74
臺中縣,神岡鄉,神岡村,785,476532,607,480,288,754,534.35,88.02
臺中縣,神岡鄉,庄前村,529,312319,590,456,278,735,470.81,79.74
臺中縣,神岡鄉,庄後村,667,363481,545,413,253,653,549.56,100.85
臺中縣,神岡鄉,北庄村,716,408935,571,447,269,716,453.93,79.48
臺中縣,神岡鄉,圳前村,580,330229,569,461,274,691,551.12,96.80
臺中縣,神岡鄉,圳堵村,561,315417,562,453,288,733,407.86,72.54
臺中縣,神岡鄉,山皮村,297,140608,473,376,235,558,395.91,83.63
臺中縣,神岡鄉,社口村,1702,1082153,636,496,293,774,591.37,93.01
臺中縣,神岡鄉,社南村,1348,846872,628,474,279,765,596.97,95.02
臺中縣,神岡鄉,三角村,734,423899,578,433,271,763,515.13,89.20
臺中縣,神岡鄉,大社村,1004,632620,630,505,319,779,499.72,79.31
臺中縣,神岡鄉,岸裡村,840,533773,635,483,289,777,640.01,100.72
臺中縣,神岡鄉,豐洲村,2061,1315720,638,484,289,805,554.16,86.81
臺中縣,神岡鄉,神洲村,781,487088,624,469,297,778,529.04,84.83
臺中縣,神岡鄉,溪洲村,767,423903,553,437,261,690,509.52,92.19
臺中縣,后里鄉,太平村,629,353253,562,454,272,732,454.16,80.87
臺中縣,后里鄉,仁里村,525,271177,517,414,270,668,377.75,73.13
臺中縣,后里鄉,月眉村,491,259907,529,436,255,700,398.96,75.37
臺中縣,后里鄉,廣福村,400,206388,516,439,250,680,368.42,71.40
臺中縣,后里鄉,義里村,1620,970562,599,490,292,792,449.47,75.02
臺中縣,后里鄉,后里村,1090,668904,614,489,270,782,548.02,89.30
臺中縣,后里鄉,厚里村,553,317262,574,446,274,766,462.17,80.56
臺中縣,后里鄉,墩東村,1325,810237,611,468,280,779,507.92,83.06
臺中縣,后里鄉,墩西村,612,369841,604,444,257,739,574.86,95.13
臺中縣,后里鄉,墩南村,797,425502,534,452,274,705,394.33,73.86
臺中縣,后里鄉,墩北村,954,610338,640,487,286,754,739.76,115.63
臺中縣,后里鄉,中和村,651,384806,591,450,270,714,583.82,98.77
臺中縣,后里鄉,舊社村,375,185931,496,407,247,635,378.31,76.30
臺中縣,后里鄉,聯合村,454,226108,498,404,245,637,392.00,78.71
臺中縣,后里鄉,眉山村,808,497123,615,494,308,806,465.15,75.60
臺中縣,后里鄉,樂業村,109,64297,590,441,256,854,490.60,83.17
臺中縣,后里鄉,公？村,501,268386,536,442,254,691,419.02,78.22
臺中縣,后里鄉,泰安村,354,173325,490,422,264,641,340.18,69.48
臺中縣,大雅鄉,橫山村,1082,662203,612,472,299,753,516.32,84.36
臺中縣,大雅鄉,三和村,1677,1165423,695,532,307,870,732.83,105.45
臺中縣,大雅鄉,員林村,1932,1318355,682,512,309,833,870.28,127.54
臺中縣,大雅鄉,大雅村,2275,1602061,704,533,297,882,667.70,94.82
臺中縣,大雅鄉,六寶村,1541,869889,564,456,286,721,448.69,79.48
臺中縣,大雅鄉,秀山村,912,508588,558,442,272,716,483.21,86.65
臺中縣,大雅鄉,西寶村,1031,673116,653,516,302,829,548.65,84.04
臺中縣,大雅鄉,上楓村,3089,1993715,645,505,310,798,643.65,99.72
臺中縣,大雅鄉,忠義村,774,459391,594,494,310,766,436.30,73.51
臺中縣,大雅鄉,四德村,679,479622,706,538,319,930,593.73,84.05
臺中縣,大雅鄉,上雅村,789,502538,637,504,291,827,533.10,83.70
臺中縣,大雅鄉,二和村,1031,692707,672,533,312,876,615.69,91.64
臺中縣,大雅鄉,文雅村,941,674214,716,566,345,894,594.75,83.01
臺中縣,潭子鄉,栗林村,1555,1000746,644,508,318,807,514.57,79.96
臺中縣,潭子鄉,潭秀村,544,399212,734,526,326,911,850.98,115.96
臺中縣,潭子鄉,潭北村,712,473604,665,516,322,813,574.46,86.36
臺中縣,潭子鄉,潭陽村,2812,1951183,694,563,346,906,522.45,75.29
臺中縣,潭子鄉,福仁村,2360,1518858,644,533,337,826,458.18,71.19
臺中縣,潭子鄉,頭家村,4136,2847355,688,551,330,879,543.10,78.89
臺中縣,潭子鄉,甘蔗村,2162,1611019,745,597,366,921,649.32,87.14
臺中縣,潭子鄉,東寶村,2946,1895011,643,534,326,810,529.43,82.31
臺中縣,潭子鄉,大富村,635,431785,680,505,289,803,1331.87,195.87
臺中縣,潭子鄉,大豐村,1131,751338,664,547,329,844,500.03,75.27
臺中縣,潭子鄉,嘉仁村,1105,667619,604,470,290,766,525.03,86.90
臺中縣,潭子鄉,新田村,480,286023,596,467,289,735,515.95,86.59
臺中縣,潭子鄉,聚興村,893,517538,580,473,300,734,436.51,75.32
臺中縣,新社鄉,新社村,776,507623,654,530,299,809,666.06,101.82
臺中縣,新社鄉,福興村,222,111787,504,408,257,614,427.02,84.80
臺中縣,新社鄉,中興村,100,51828,518,454,266,676,318.25,61.41
臺中縣,新社鄉,中正村,323,193909,600,458,279,768,480.68,80.07
臺中縣,新社鄉,大南村,483,319620,662,544,322,828,505.78,76.43
臺中縣,新社鄉,東興村,309,190501,617,515,333,766,456.75,74.09
臺中縣,新社鄉,中和村,118,90622,768,456,342,676,2035.72,265.07
臺中縣,新社鄉,復盛村,368,209628,570,461,295,739,427.15,74.99
臺中縣,新社鄉,月湖村,214,126244,590,473,321,759,394.70,66.91
臺中縣,新社鄉,崑山村,245,154491,631,425,277,633,1566.84,248.48
臺中縣,新社鄉,慶西村,151,79097,524,415,264,662,451.40,86.17
臺中縣,新社鄉,協成村,486,253830,522,436,285,660,389.81,74.64
臺中縣,新社鄉,永源村,503,270044,537,440,282,675,382.39,71.23
臺中縣,石岡鄉,石岡村,279,179042,642,526,305,773,534.04,83.22
臺中縣,石岡鄉,萬安村,312,184060,590,453,284,801,445.79,75.57
臺中縣,石岡鄉,九房村,308,190067,617,493,315,738,525.46,85.15
臺中縣,石岡鄉,金星村,306,165908,542,448,254,723,390.50,72.02
臺中縣,石岡鄉,龍興村,155,83451,538,424,280,664,449.99,83.58
臺中縣,石岡鄉,和盛村,369,225284,611,483,315,752,460.31,75.40
臺中縣,石岡鄉,德興村,394,241007,612,478,285,787,460.81,75.33
臺中縣,石岡鄉,土牛村,277,170045,614,507,305,835,440.52,71.76
臺中縣,石岡鄉,梅子村,482,297395,617,487,295,778,514.67,83.41
臺中縣,石岡鄉,萬興村,347,219145,632,487,308,765,737.40,116.76
臺中縣,外埔鄉,大同村,1149,691818,602,493,301,768,471.36,78.29
臺中縣,外埔鄉,中山村,324,181406,560,466,257,716,480.24,85.77
臺中縣,外埔鄉,永豐村,261,134724,516,458,265,682,341.80,66.22
臺中縣,外埔鄉,六分村,502,305616,609,487,299,754,538.56,88.46
臺中縣,外埔鄉,三崁村,501,261447,522,440,263,660,368.02,70.52
臺中縣,外埔鄉,水美村,834,500289,600,467,299,766,540.68,90.13
臺中縣,外埔鄉,大東村,1363,793709,582,477,307,728,452.56,77.72
臺中縣,外埔鄉,馬鳴村,394,224563,570,437,275,752,482.96,84.74
臺中縣,外埔鄉,鐵山村,613,323377,528,429,271,665,440.47,83.50
臺中縣,外埔鄉,土城村,433,233010,538,468,266,707,373.82,69.47
臺中縣,外埔鄉,？子村,339,182432,538,450,297,655,371.05,68.95
臺中縣,大安鄉,永安村,456,241656,530,430,265,679,384.52,72.56
臺中縣,大安鄉,福興村,338,192453,569,483,290,705,435.19,76.43
臺中縣,大安鄉,南埔村,339,185619,548,473,320,671,363.51,66.39
臺中縣,大安鄉,東安村,403,221641,550,465,266,703,384.87,69.98
臺中縣,大安鄉,南庄村,350,196984,563,462,264,694,444.62,79.00
臺中縣,大安鄉,中庄村,793,418000,527,435,264,701,403.65,76.58
臺中縣,大安鄉,龜？村,523,268918,514,445,271,665,341.17,66.35
臺中縣,大安鄉,頂安村,262,140981,538,444,282,652,422.61,78.54
臺中縣,大安鄉,福住村,316,170116,538,450,260,677,430.76,80.02
臺中縣,大安鄉,海墘村,397,218616,551,443,307,701,463.54,84.18
臺中縣,大安鄉,西安村,441,232651,528,428,249,701,417.64,79.17
臺中縣,大安鄉,松雅村,249,179097,719,554,341,876,761.29,105.84
臺中縣,烏日鄉,光明村,670,424020,633,494,303,800,576.24,91.05
臺中縣,烏日鄉,三和村,1091,672148,616,499,313,790,454.36,73.75
臺中縣,烏日鄉,烏日村,1905,1301563,683,537,322,873,568.18,83.16
臺中縣,烏日鄉,湖日村,698,436358,625,523,321,795,508.08,81.27
臺中縣,烏日鄉,榮泉村,932,591034,634,527,330,812,445.41,70.24
臺中縣,烏日鄉,學田村,632,389397,616,505,326,809,413.96,67.19
臺中縣,烏日鄉,九德村,3009,2047371,680,550,336,884,527.78,77.57
臺中縣,烏日鄉,前竹村,756,520138,688,503,305,793,1326.12,192.75
臺中縣,烏日鄉,五光村,486,286173,589,500,307,732,402.95,68.43
臺中縣,烏日鄉,東園村,494,297520,602,494,311,733,512.64,85.12
臺中縣,烏日鄉,溪埧村,1135,649798,573,444,267,739,523.23,91.39
臺中縣,烏日鄉,螺潭村,485,295587,609,487,298,752,471.27,77.33
臺中縣,烏日鄉,北里村,432,247505,573,481,272,720,435.40,76.00
臺中縣,烏日鄉,南里村,319,181647,569,470,278,728,419.73,73.71
臺中縣,烏日鄉,溪尾村,228,123803,543,477,333,706,304.44,56.07
臺中縣,烏日鄉,仁德村,1579,1167969,740,562,346,932,855.83,115.70
臺中縣,大肚鄉,成功村,287,157110,547,441,264,709,397.66,72.64
臺中縣,大肚鄉,福山村,1120,672997,601,498,287,781,471.36,78.44
臺中縣,大肚鄉,永和村,304,181045,596,480,284,779,507.79,85.26
臺中縣,大肚鄉,新興村,1521,872701,574,477,291,756,415.65,72.44
臺中縣,大肚鄉,大肚村,645,444730,690,538,327,850,603.87,87.58
臺中縣,大肚鄉,中和村,287,193429,674,547,322,881,499.59,74.13
臺中縣,大肚鄉,大東村,106,97586,921,789,512,1085,766.27,83.23
臺中縣,大肚鄉,王田村,1312,764186,582,489,294,741,452.86,77.75
臺中縣,大肚鄉,社？村,773,452140,585,487,285,786,459.66,78.59
臺中縣,大肚鄉,營埔村,453,248087,548,478,281,691,417.30,76.20
臺中縣,大肚鄉,磺溪村,444,286601,645,565,361,832,427.36,66.21
臺中縣,大肚鄉,永順村,511,283167,554,473,268,720,384.02,69.30
臺中縣,大肚鄉,頂街村,1581,1114135,705,582,340,916,571.74,81.13
臺中縣,大肚鄉,山陽村,480,259515,541,452,265,716,389.55,72.05
臺中縣,大肚鄉,瑞井村,1151,700177,608,520,319,792,432.89,71.16
臺中縣,大肚鄉,蔗？村,1886,1164403,617,515,326,775,468.35,75.86
臺中縣,龍井鄉,山？村,1161,708620,610,491,322,738,509.30,83.44
臺中縣,龍井鄉,龍崗村,667,404645,607,489,315,776,469.81,77.44
臺中縣,龍井鄉,新庄村,1273,766374,602,496,313,772,442.36,73.48
臺中縣,龍井鄉,竹坑村,767,462238,603,499,302,778,453.80,75.30
臺中縣,龍井鄉,龍東村,795,463146,583,478,273,782,432.60,74.26
臺中縣,龍井鄉,龍西村,536,308015,575,451,295,767,407.85,70.97
臺中縣,龍井鄉,田中村,827,484023,585,510,291,764,442.94,75.68
臺中縣,龍井鄉,福田村,312,161934,519,443,258,655,370.16,71.32
臺中縣,龍井鄉,麗水村,665,355474,535,453,289,673,377.37,70.60
臺中縣,龍井鄉,龍津村,1432,786326,549,454,288,690,424.48,77.30
臺中縣,龍井鄉,三德村,767,422357,551,468,301,704,368.74,66.96
臺中縣,龍井鄉,忠和村,1293,757477,586,479,273,723,540.51,92.26
臺中縣,龍井鄉,龍泉村,1418,901794,636,507,292,827,521.91,82.07
臺中縣,龍井鄉,南寮村,387,218037,563,463,277,695,424.20,75.29
臺中縣,龍井鄉,新東村,1334,1115331,836,592,361,1014,1161.88,138.97
臺中縣,龍井鄉,東海村,1347,1215212,902,674,414,1118,964.51,106.91
臺中縣,霧峰鄉,南勢村,331,170883,516,438,262,629,392.64,76.05
臺中縣,霧峰鄉,五福村,707,420820,595,479,284,765,455.96,76.60
臺中縣,霧峰鄉,六股村,682,401905,589,475,305,771,430.75,73.10
臺中縣,霧峰鄉,坑口村,920,652172,709,561,339,887,585.90,82.65
臺中縣,霧峰鄉,中正村,524,412861,788,571,343,960,901.90,114.47
臺中縣,霧峰鄉,四德村,590,384902,652,511,299,862,507.80,77.84
臺中縣,霧峰鄉,桐林村,267,143743,538,434,296,683,397.40,73.82
臺中縣,霧峰鄉,吉？村,2406,1613314,671,513,318,837,624.29,93.10
臺中縣,霧峰鄉,甲寅村,1253,850623,679,502,321,831,724.64,106.74
臺中縣,霧峰鄉,本鄉村,613,440028,718,523,308,833,766.22,106.74
臺中縣,霧峰鄉,錦榮村,279,246718,884,628,334,1020,1154.76,130.59
臺中縣,霧峰鄉,本堂村,1735,1438591,829,624,366,1046,719.09,86.73
臺中縣,霧峰鄉,北柳村,955,602460,631,474,292,800,544.76,86.35
臺中縣,霧峰鄉,南柳村,420,241301,575,482,293,748,409.13,71.21
臺中縣,霧峰鄉,萬豐村,772,445297,577,491,302,735,403.18,69.90
臺中縣,霧峰鄉,舊正村,669,408572,611,493,291,820,464.67,76.09
臺中縣,霧峰鄉,？谷村,339,173548,512,443,284,671,326.36,63.75
臺中縣,霧峰鄉,丁台村,560,315496,563,450,284,718,436.87,77.54
臺中縣,霧峰鄉,北勢村,472,250260,530,432,261,697,424.98,80.15
臺中縣,霧峰鄉,萊園村,334,222212,665,508,312,826,562.57,84.56
臺中縣,太平市,建國里,1319,754378,572,465,285,708,449.40,78.58
臺中縣,太平市,中山里,1750,1211108,692,554,328,890,558.41,80.69
臺中縣,太平市,新福里,1169,909306,778,577,363,942,892.72,114.77
臺中縣,太平市,新光里,2460,1845536,750,543,328,901,1390.93,185.40
臺中縣,太平市,中興里,2089,1427585,683,507,312,806,667.24,97.64
臺中縣,太平市,興隆里,1520,867736,571,477,291,724,419.70,73.52
臺中縣,太平市,光華里,1992,1285282,645,517,325,813,574.40,89.02
臺中縣,太平市,中平里,1794,1080069,602,478,287,755,517.22,85.91
臺中縣,太平市,太平里,1743,1141468,655,488,285,796,650.47,99.33
臺中縣,太平市,東平里,2596,1595991,615,507,305,786,487.55,79.30
臺中縣,太平市,坪林里,2091,1469322,703,514,306,828,2193.88,312.21
臺中縣,太平市,頭汴里,828,490321,592,465,286,739,544.27,91.91
臺中縣,太平市,東汴里,242,120397,498,418,269,643,320.41,64.40
臺中縣,太平市,光隆里,1409,827569,587,477,297,751,480.96,81.89
臺中縣,太平市,黃竹里,212,132696,626,469,289,776,559.90,89.45
臺中縣,太平市,宜欣里,3426,2288744,668,524,309,830,1186.27,177.57
臺中縣,太平市,新坪里,2892,1916217,663,547,333,844,542.85,81.93
臺中縣,太平市,長億里,2194,1370010,624,508,319,793,481.66,77.13
臺中縣,太平市,德隆里,977,559359,573,474,285,717,430.46,75.19
臺中縣,大里市,西湖里,565,367502,650,539,320,841,493.87,75.93
臺中縣,大里市,東湖里,1987,1295703,652,525,321,825,512.05,78.52
臺中縣,大里市,新仁里,1860,1125552,605,482,289,749,516.91,85.42
臺中縣,大里市,東興里,3176,2509913,790,588,340,986,786.69,99.55
臺中縣,大里市,東昇里,791,572404,724,561,339,896,680.03,93.97
臺中縣,大里市,健民里,1115,661473,593,479,303,748,483.09,81.43
臺中縣,大里市,西榮里,3591,2710976,755,571,338,932,727.72,96.39
臺中縣,大里市,日新里,942,600288,637,491,299,795,607.87,95.39
臺中縣,大里市,金城里,2356,1563738,664,517,317,840,596.51,89.87
臺中縣,大里市,大里里,998,634621,636,501,306,781,560.38,88.13
臺中縣,大里市,新里里,2995,2188389,731,577,335,941,604.10,82.68
臺中縣,大里市,樹王里,895,527450,589,491,292,759,441.11,74.85
臺中縣,大里市,祥興里,1729,1177195,681,535,331,851,539.13,79.18
臺中縣,大里市,內新里,2804,2130420,760,577,347,934,923.66,121.57
臺中縣,大里市,大元里,1183,822747,695,529,316,831,696.83,100.19
臺中縣,大里市,仁化里,2969,2104190,709,517,309,822,1717.25,242.30
臺中縣,大里市,塗城里,2003,1203465,601,505,310,774,454.76,75.69
臺中縣,大里市,夏田里,243,173629,715,558,352,872,605.23,84.70
臺中縣,大里市,立仁里,2075,1260390,607,504,307,772,459.53,75.65
臺中縣,大里市,瑞城里,2469,1627646,659,525,324,815,563.02,85.40
臺中縣,和平鄉,南勢村,341,202071,593,495,287,790,481.25,81.21
臺中縣,和平鄉,中坑村,70,40179,574,467,240,805,441.90,76.99
臺中縣,和平鄉,自由村,164,102387,624,474,287,810,555.83,89.03
臺中縣,和平鄉,平等村,69,39724,576,466,345,725,394.81,68.58
臺中縣,和平鄉,博愛村,309,180095,583,422,259,766,605.45,103.88
臺中縣,和平鄉,梨山村,197,113364,575,494,305,722,449.06,78.04
臺中縣,和平鄉,天輪村,105,62154,592,469,251,690,651.85,110.12
臺中縣,和平鄉,達觀村,102,62289,611,569,286,762,427.99,70.08
南投縣,南投市,三民里,216,176659,818,607,340,987,784.79,95.96
南投縣,南投市,光明里,775,684360,883,731,433,1191,626.23,70.92
南投縣,南投市,龍泉里,310,205442,663,518,310,836,538.24,81.22
南投縣,南投市,東山里,86,49445,575,471,267,715,431.18,74.99
南投縣,南投市,福興里,766,475580,621,491,318,804,468.64,75.48
南投縣,南投市,嘉興里,425,266965,628,498,326,764,487.70,77.64
南投縣,南投市,振興里,556,357630,643,533,326,818,492.66,76.59
南投縣,南投市,平和里,1664,1341756,806,635,373,1043,811.29,100.61
南投縣,南投市,永興里,167,90455,542,439,266,718,432.09,79.77
南投縣,南投市,光華里,573,502884,878,700,426,1130,686.51,78.22
南投縣,南投市,光榮里,700,628829,898,734,438,1145,703.60,78.32
南投縣,南投市,仁和里,190,162380,855,553,324,1011,914.11,106.96
南投縣,南投市,新興里,1155,801309,694,554,344,875,560.12,80.73
南投縣,南投市,軍功里,1059,698536,660,550,343,827,487.97,73.98
南投縣,南投市,崇文里,294,228357,777,571,338,932,787.46,101.38
南投縣,南投市,光輝里,204,154365,757,589,397,974,524.32,69.29
南投縣,南投市,福山里,423,243570,576,458,290,749,450.82,78.29
南投縣,南投市,千秋里,244,145634,597,506,297,807,410.55,68.79
南投縣,南投市,鳳鳴里,187,107809,577,505,276,765,405.20,70.28
南投縣,南投市,永豐里,753,491563,653,544,333,832,485.81,74.42
南投縣,南投市,三興里,1241,954816,769,632,360,989,661.22,85.94
南投縣,南投市,漳和里,1796,1332153,742,604,366,956,661.87,89.23
南投縣,南投市,內新里,371,306058,825,570,319,894,2548.25,308.90
南投縣,南投市,康壽里,455,399499,878,638,396,1019,1187.23,135.22
南投縣,南投市,南投里,242,201211,831,585,307,916,1086.53,130.68
南投縣,南投市,彰仁里,177,160535,907,622,312,1015,1043.98,115.11
南投縣,南投市,漳興里,741,593906,801,639,353,1017,650.92,81.21
南投縣,南投市,三和里,1002,832579,831,613,371,1039,777.37,93.56
南投縣,南投市,嘉和里,892,639424,717,576,337,946,536.19,74.80
南投縣,南投市,鳳山里,303,160410,529,449,278,670,357.06,67.45
南投縣,南投市,平山里,1287,871586,677,552,332,888,506.39,74.77
南投縣,南投市,營北里,1681,1698427,1010,782,439,1321,1684.75,166.75
南投縣,南投市,營南里,618,431477,698,576,365,925,460.94,66.02
南投縣,南投市,內興里,1601,1380552,862,671,388,1132,809.96,93.93
南投縣,埔里鎮,南門里,297,227236,765,554,308,983,696.56,91.04
南投縣,埔里鎮,東門里,745,497487,668,516,288,851,653.79,97.91
南投縣,埔里鎮,西門里,763,523096,686,521,321,878,567.81,82.82
南投縣,埔里鎮,成功里,57,26203,460,340,203,656,342.25,74.45
南投縣,埔里鎮,合成里,195,99764,512,409,246,584,397.25,77.65
南投縣,埔里鎮,福興里,164,89262,544,424,250,680,530.85,97.53
南投縣,埔里鎮,泰安里,488,332554,681,541,327,872,556.69,81.69
南投縣,埔里鎮,北門里,594,424848,715,535,313,897,674.58,94.32
南投縣,埔里鎮,溪南里,137,81882,598,498,321,766,419.27,70.15
南投縣,埔里鎮,大湳里,232,141064,608,491,294,758,521.14,85.71
南投縣,埔里鎮,北安里,814,563753,693,518,315,905,551.40,79.62
南投縣,埔里鎮,南村里,256,151258,591,455,287,739,457.27,77.39
南投縣,埔里鎮,薰化里,374,264018,706,512,303,861,692.05,98.03
南投縣,埔里鎮,清新里,773,479180,620,486,315,797,488.56,78.81
南投縣,埔里鎮,同聲里,463,274448,593,484,318,735,473.42,79.87
南投縣,埔里鎮,大城里,1418,946777,668,523,329,868,529.18,79.26
南投縣,埔里鎮,籃城里,168,95888,571,455,282,666,452.84,79.34
南投縣,埔里鎮,枇杷里,1145,734785,642,511,335,835,499.00,77.76
南投縣,埔里鎮,杷城里,544,346664,637,496,290,842,512.96,80.50
南投縣,埔里鎮,水頭里,574,340723,594,463,278,749,508.18,85.61
南投縣,埔里鎮,麒麟里,136,67151,494,406,257,641,356.66,72.23
南投縣,埔里鎮,珠格里,176,102039,580,467,297,713,491.59,84.79
南投縣,埔里鎮,桃米里,194,112588,580,439,312,685,485.87,83.72
南投縣,埔里鎮,愛蘭里,277,798107,2881,562,345,960,33156.71,1150.77
南投縣,埔里鎮,鐵山里,349,207395,594,510,288,749,435.00,73.20
南投縣,埔里鎮,房里里,200,126225,631,510,348,758,483.70,76.64
南投縣,埔里鎮,向善里,98,46599,475,407,214,587,336.94,70.86
南投縣,埔里鎮,一新里,152,67263,443,366,230,554,322.81,72.95
南投縣,埔里鎮,廣成里,195,121443,623,455,275,671,1322.38,212.33
南投縣,埔里鎮,史港里,112,70947,633,454,292,888,523.74,82.68
南投縣,埔里鎮,牛眠里,412,209612,509,450,276,632,333.40,65.53
南投縣,埔里鎮,蜈蚣里,409,249185,609,475,316,758,500.60,82.17
南投縣,埔里鎮,北梅里,484,313978,649,511,312,876,521.26,80.35
南投縣,草屯鎮,中正里,208,154761,744,554,338,917,662.23,89.00
南投縣,草屯鎮,和平里,484,395013,816,586,333,1022,854.16,104.66
南投縣,草屯鎮,中山里,791,595622,753,555,317,968,674.19,89.53
南投縣,草屯鎮,中原里,476,308103,647,520,287,802,515.98,79.72
南投縣,草屯鎮,新庄里,851,545864,641,526,315,835,485.26,75.65
南投縣,草屯鎮,復興里,794,480637,605,510,295,777,462.42,76.39
南投縣,草屯鎮,新豐里,1000,574664,575,459,285,749,426.30,74.18
南投縣,草屯鎮,北勢里,469,277997,593,469,283,711,523.12,88.25
南投縣,草屯鎮,明正里,984,687007,698,530,317,932,548.03,78.49
南投縣,草屯鎮,坪頂里,216,112397,520,448,251,713,381.20,73.26
南投縣,草屯鎮,土城里,366,211037,577,473,271,752,460.35,79.84
南投縣,草屯鎮,北投里,630,373852,593,509,297,791,415.21,69.97
南投縣,草屯鎮,上林里,751,558800,744,581,343,941,615.41,82.71
南投縣,草屯鎮,南埔里,851,523709,615,502,294,777,504.46,81.97
南投縣,草屯鎮,山？里,1995,1690884,848,671,387,1107,718.73,84.80
南投縣,草屯鎮,新厝里,853,631685,741,563,336,999,577.88,78.03
南投縣,草屯鎮,玉？里,566,404794,715,526,306,933,594.67,83.15
南投縣,草屯鎮,炎？里,744,597721,803,581,350,1051,698.90,86.99
南投縣,草屯鎮,敦和里,1583,1100261,695,518,307,878,739.56,106.40
南投縣,草屯鎮,富寮里,1197,838202,700,547,335,890,547.39,78.17
南投縣,草屯鎮,御史里,1457,1010895,694,540,330,852,631.76,91.05
南投縣,草屯鎮,碧？里,906,562579,621,490,304,814,472.55,76.10
南投縣,草屯鎮,石川里,354,206423,583,465,293,761,432.58,74.18
南投縣,草屯鎮,加老里,577,364371,631,486,297,803,547.05,86.63
南投縣,草屯鎮,雙冬里,415,218825,527,438,259,650,501.35,95.08
南投縣,草屯鎮,平林里,209,116673,558,437,270,675,487.67,87.36
南投縣,草屯鎮,碧洲里,506,323128,639,510,309,870,472.78,74.03
南投縣,竹山鎮,中正里,191,140273,734,535,339,933,659.76,89.83
南投縣,竹山鎮,延平里,535,303395,567,479,293,744,401.17,70.74
南投縣,竹山鎮,中山里,978,652336,667,516,313,872,528.95,79.30
南投縣,竹山鎮,中央里,233,132870,570,493,319,742,378.43,66.36
南投縣,竹山鎮,中和里,197,111213,565,467,303,743,390.04,69.09
南投縣,竹山鎮,福興里,76,38143,502,446,302,612,291.72,58.12
南投縣,竹山鎮,社寮里,172,124274,723,493,323,730,1680.24,232.55
南投縣,竹山鎮,瑞竹里,123,76339,621,415,269,750,676.11,108.94
南投縣,竹山鎮,坪頂里,80,38189,477,384,240,658,328.96,68.91
南投縣,竹山鎮,桂林里,727,439742,605,494,279,795,502.22,83.03
南投縣,竹山鎮,延和里,978,674109,689,541,326,878,602.82,87.46
南投縣,竹山鎮,竹圍里,465,301216,648,533,325,827,492.45,76.02
南投縣,竹山鎮,秀林里,124,71456,576,484,327,793,361.71,62.77
南投縣,竹山鎮,雲林里,827,579238,700,536,325,857,639.78,91.34
南投縣,竹山鎮,竹山里,566,391019,691,523,276,875,798.18,115.54
南投縣,竹山鎮,？？里,276,167772,608,492,301,754,448.46,73.78
南投縣,竹山鎮,下坪里,220,143096,650,522,310,795,579.89,89.15
南投縣,竹山鎮,中崎里,284,169321,596,523,301,774,396.35,66.48
南投縣,竹山鎮,德興里,165,80938,491,459,292,675,276.31,56.33
南投縣,竹山鎮,延正里,233,125860,540,462,284,699,384.59,71.20
南投縣,竹山鎮,延山里,109,68192,626,502,296,826,459.28,73.41
南投縣,竹山鎮,山崇里,391,232478,595,486,290,743,449.61,75.62
南投縣,竹山鎮,富州里,133,74750,562,437,282,690,421.51,75.00
南投縣,竹山鎮,大鞍里,17,8453,497,485,359,609,291.32,58.59
南投縣,竹山鎮,田子里,86,45078,524,472,286,725,345.34,65.88
南投縣,竹山鎮,鯉魚里,150,71891,479,450,231,634,320.92,66.96
南投縣,竹山鎮,桶頭里,169,84432,500,444,319,586,309.62,61.97
南投縣,竹山鎮,延祥里,783,436005,557,458,298,722,386.50,69.41
南投縣,集集鎮,永昌里,235,156780,667,541,332,803,565.44,84.75
南投縣,集集鎮,和平里,29,25705,886,638,437,819,1152.57,130.03
南投縣,集集鎮,田寮里,268,133089,497,395,237,660,423.49,85.28
南投縣,集集鎮,廣明里,178,101076,568,458,239,796,425.98,75.02
南投縣,集集鎮,八張里,356,216140,607,493,284,790,427.29,70.38
南投縣,集集鎮,吳厝里,239,159913,669,531,315,889,541.61,80.95
南投縣,集集鎮,集集里,211,149246,707,540,341,874,957.86,135.42
南投縣,集集鎮,林尾里,395,218788,554,467,280,736,396.40,71.57
南投縣,集集鎮,隘寮里,135,93357,692,601,320,899,605.07,87.50
南投縣,集集鎮,玉映里,129,79817,619,475,296,765,495.78,80.13
南投縣,集集鎮,富山里,136,70310,517,403,271,668,360.60,69.75
南投縣,名間鄉,崁？村,156,102749,659,542,368,839,496.25,75.34
南投縣,名間鄉,中山村,418,263472,630,486,289,856,564.72,89.59
南投縣,名間鄉,竹圍村,198,103660,524,435,268,612,405.54,77.46
南投縣,名間鄉,大坑村,173,93579,541,451,281,723,384.83,71.14
南投縣,名間鄉,中正村,744,476691,641,543,330,832,489.38,76.38
南投縣,名間鄉,南雅村,251,161352,643,551,347,851,420.93,65.48
南投縣,名間鄉,濁水村,384,242318,631,511,315,792,493.29,78.17
南投縣,名間鄉,炭寮村,172,93071,541,482,305,691,333.73,61.67
南投縣,名間鄉,新民村,199,102192,514,455,298,629,336.41,65.51
南投縣,名間鄉,新街村,917,567371,619,510,300,806,618.71,100.00
南投縣,名間鄉,東湖村,462,271133,587,507,308,755,389.48,66.37
南投縣,名間鄉,仁和村,188,109277,581,465,309,802,390.79,67.23
南投縣,名間鄉,萬丹村,240,140900,587,486,291,784,417.41,71.10
南投縣,名間鄉,田仔村,282,167344,593,521,317,767,391.84,66.03
南投縣,名間鄉,新光村,341,205300,602,496,295,825,424.41,70.49
南投縣,名間鄉,大庄村,372,208128,559,455,299,755,386.57,69.09
南投縣,名間鄉,？下村,175,103254,590,442,272,754,492.02,83.39
南投縣,名間鄉,赤水村,250,141215,565,454,297,703,551.60,97.65
南投縣,名間鄉,三崙村,232,129348,558,475,287,696,433.77,77.80
南投縣,名間鄉,松山村,250,153166,613,484,296,735,605.53,98.84
南投縣,名間鄉,松柏村,161,84631,526,453,291,703,354.75,67.49
南投縣,名間鄉,埔中村,141,79513,564,463,276,671,496.00,87.95
南投縣,名間鄉,新厝村,171,110476,646,534,321,830,485.94,75.22
南投縣,鹿谷鄉,廣興村,354,206174,582,501,306,735,459.13,78.83
南投縣,鹿谷鄉,鳳凰村,193,115573,599,497,349,684,436.55,72.90
南投縣,鹿谷鄉,竹林村,244,134513,551,481,301,732,343.34,62.28
南投縣,鹿谷鄉,鹿谷村,351,246147,701,529,324,839,659.84,94.09
南投縣,鹿谷鄉,初鄉村,247,144498,585,474,321,761,431.67,73.79
南投縣,鹿谷鄉,彰雅村,195,123514,633,538,339,861,411.08,64.90
南投縣,鹿谷鄉,內湖村,156,87034,558,485,298,660,420.88,75.44
南投縣,鹿谷鄉,竹豐村,110,66319,603,443,273,692,935.71,155.20
南投縣,鹿谷鄉,和雅村,87,42429,488,453,309,651,295.43,60.58
南投縣,鹿谷鄉,永隆村,203,133561,658,511,339,852,581.71,88.41
南投縣,鹿谷鄉,秀？村,141,73671,522,464,300,666,312.21,59.75
南投縣,鹿谷鄉,清水村,136,84839,624,507,357,707,499.28,80.04
南投縣,鹿谷鄉,瑞田村,128,76553,598,474,291,770,618.42,103.40
南投縣,中寮鄉,復興村,51,26549,521,440,277,718,344.51,66.18
南投縣,中寮鄉,內城村,108,51384,476,428,241,638,326.44,68.61
南投縣,中寮鄉,永和村,121,63702,526,437,275,750,341.26,64.82
南投縣,中寮鄉,廣興村,195,110162,565,435,264,714,462.61,81.89
南投縣,中寮鄉,廣福村,137,66008,482,419,207,642,345.08,71.62
南投縣,中寮鄉,和興村,134,68995,515,422,234,652,539.10,104.70
南投縣,中寮鄉,義和村,260,130962,504,417,263,651,373.26,74.10
南投縣,中寮鄉,清水村,195,90459,464,390,242,605,383.19,82.60
南投縣,中寮鄉,崁頂村,92,54154,589,491,332,684,394.86,67.08
南投縣,中寮鄉,八仙村,162,86514,534,443,289,692,348.52,65.26
南投縣,中寮鄉,福盛村,151,86391,572,475,290,697,469.16,82.00
南投縣,中寮鄉,永平村,515,306234,595,482,286,767,507.38,85.33
南投縣,中寮鄉,中寮村,223,118633,532,400,255,663,443.52,83.37
南投縣,中寮鄉,永福村,292,172917,592,487,329,768,405.03,68.40
南投縣,中寮鄉,龍安村,152,69184,455,376,200,602,386.92,85.01
南投縣,中寮鄉,龍岩村,173,98213,568,462,260,712,536.07,94.43
南投縣,中寮鄉,爽文村,160,84189,526,452,266,743,347.95,66.13
南投縣,中寮鄉,永芳村,119,59590,501,395,270,737,334.97,66.89
南投縣,魚池鄉,大林村,182,88547,487,390,274,612,373.33,76.73
南投縣,魚池鄉,共和村,150,82570,550,448,288,703,363.48,66.03
南投縣,魚池鄉,新城村,226,127865,566,464,301,732,373.59,66.03
南投縣,魚池鄉,東池村,314,177388,565,472,288,730,384.35,68.04
南投縣,魚池鄉,魚池村,448,297144,663,502,312,835,575.76,86.81
南投縣,魚池鄉,中明村,184,106779,580,459,297,691,496.75,85.60
南投縣,魚池鄉,大雁村,116,68386,590,432,259,751,572.67,97.14
南投縣,魚池鄉,五城村,122,59430,487,449,234,631,300.16,61.62
南投縣,魚池鄉,東光村,185,91131,493,431,245,662,348.91,70.83
南投縣,魚池鄉,水社村,168,97645,581,465,300,729,413.99,71.23
南投縣,魚池鄉,頭社村,191,106564,558,474,280,709,392.33,70.32
南投縣,魚池鄉,武登村,146,85961,589,470,340,687,426.35,72.41
南投縣,魚池鄉,日月村,112,64169,573,475,292,732,403.00,70.34
南投縣,國姓鄉,石門村,334,185623,556,452,311,684,387.57,69.74
南投縣,國姓鄉,北港村,345,180291,523,440,307,683,338.91,64.85
南投縣,國姓鄉,南港村,352,164635,468,381,256,591,326.73,69.86
南投縣,國姓鄉,國姓村,359,187673,523,422,257,634,392.65,75.11
南投縣,國姓鄉,大旗村,144,69645,484,429,293,680,255.76,52.88
南投縣,國姓鄉,長流村,270,142760,529,448,286,646,392.18,74.17
南投縣,國姓鄉,福龜村,415,209804,506,388,236,657,420.18,83.11
南投縣,國姓鄉,乾溝村,184,95562,519,481,236,718,386.00,74.32
南投縣,國姓鄉,柑林村,261,127185,487,405,278,603,328.20,67.35
南投縣,國姓鄉,北山村,285,142516,500,437,250,607,353.19,70.63
南投縣,國姓鄉,大石村,132,66648,505,408,280,576,431.32,85.42
南投縣,國姓鄉,長福村,117,52406,448,403,270,544,277.99,62.06
南投縣,國姓鄉,長豐村,128,60348,471,387,250,599,337.33,71.55
南投縣,水里鄉,永興村,67,34494,515,428,245,671,358.04,69.54
南投縣,水里鄉,新興村,126,58064,461,385,235,623,347.70,75.45
南投縣,水里鄉,新城村,394,221344,562,461,258,708,489.47,87.13
南投縣,水里鄉,北埔村,280,193595,691,501,311,816,905.32,130.94
南投縣,水里鄉,玉？村,182,95224,523,413,240,639,462.42,88.38
南投縣,水里鄉,興隆村,59,30845,523,444,246,655,409.98,78.42
南投縣,水里鄉,永豐村,335,190820,570,460,265,728,488.94,85.84
南投縣,水里鄉,水里村,213,111944,526,419,213,673,458.62,87.26
南投縣,水里鄉,農富村,145,91317,630,482,266,837,527.35,83.74
南投縣,水里鄉,中央村,160,113898,712,547,304,844,937.31,131.67
南投縣,水里鄉,城中村,255,156578,614,464,275,812,482.39,78.56
南投縣,水里鄉,鉅工村,320,243482,761,567,341,1027,620.06,81.49
南投縣,水里鄉,頂崁村,262,152069,580,450,267,719,562.87,96.98
南投縣,水里鄉,車埕村,132,71172,539,470,264,682,392.93,72.87
南投縣,水里鄉,新山村,72,35402,492,372,197,559,487.80,99.21
南投縣,水里鄉,郡坑村,69,38417,557,412,278,648,579.08,104.01
南投縣,水里鄉,上安村,214,98624,461,402,272,583,321.89,69.85
南投縣,水里鄉,民和村,159,76278,480,400,269,602,344.54,71.82
南投縣,水里鄉,南光村,379,239012,631,531,307,778,446.71,70.84
南投縣,信義鄉,人和村,128,70093,548,510,347,732,275.70,50.35
南投縣,信義鄉,明德村,249,155169,623,515,314,804,470.55,75.51
南投縣,信義鄉,地利村,151,55375,367,308,164,536,263.14,71.75
南投縣,信義鄉,愛國村,101,53276,527,466,286,700,351.91,66.72
南投縣,信義鄉,自強村,93,49769,535,429,259,662,367.50,68.67
南投縣,信義鄉,羅娜村,114,56989,500,487,326,648,268.46,53.70
南投縣,信義鄉,望美村,177,87499,494,451,237,633,373.80,75.62
南投縣,信義鄉,同富村,147,81063,551,449,292,678,438.17,79.46
南投縣,信義鄉,神木村,78,37921,486,461,262,647,281.23,57.85
南投縣,信義鄉,東埔村,69,41432,600,509,267,798,539.17,89.79
南投縣,信義鄉,潭南村,70,18699,267,222,92,368,229.42,85.88
南投縣,信義鄉,雙龍村,78,36944,474,442,253,684,280.25,59.17
南投縣,信義鄉,新鄉村,36,18560,516,493,289,738,346.28,67.17
南投縣,信義鄉,豐丘村,68,35311,519,443,298,724,313.71,60.41
南投縣,仁愛鄉,大同村,233,158992,682,560,318,892,549.74,80.56
南投縣,仁愛鄉,中正村,76,38687,509,449,285,693,300.97,59.13
南投縣,仁愛鄉,新生村,52,34935,672,622,356,878,400.07,59.55
南投縣,仁愛鄉,力行村,50,26121,522,474,300,757,314.26,60.16
南投縣,仁愛鄉,萬豐村,32,16194,506,482,351,609,290.60,57.42
南投縣,仁愛鄉,春陽村,100,64233,642,601,401,833,362.97,56.51
南投縣,仁愛鄉,合作村,66,31680,480,472,238,616,285.46,59.47
南投縣,仁愛鄉,發祥村,61,33161,544,531,312,741,271.49,49.94
南投縣,仁愛鄉,法治村,64,28305,442,393,232,575,287.05,64.90
南投縣,仁愛鄉,親愛村,180,105011,583,483,322,756,387.06,66.35
南投縣,仁愛鄉,互助村,145,83800,578,481,276,764,425.02,73.54
南投縣,仁愛鄉,精英村,109,58965,541,446,300,701,408.27,75.47
南投縣,仁愛鄉,南豐村,157,102510,653,506,364,736,621.15,95.13
南投縣,仁愛鄉,榮興村,6,2816,469,429,344,570,298.96,63.70
彰化縣,彰化市,介壽里,670,572860,855,585,346,1113,825.36,96.53
彰化縣,彰化市,中正里,555,617247,1112,630,357,1171,3566.23,320.66
彰化縣,彰化市,光復里,300,365127,1217,735,366,1270,2171.85,178.45
彰化縣,彰化市,萬壽里,343,244885,714,519,305,921,629.99,88.24
彰化縣,彰化市,民權里,443,329091,743,525,300,858,925.85,124.63
彰化縣,彰化市,延平里,2075,1711701,825,591,345,1017,980.16,118.82
彰化縣,彰化市,中山里,300,215720,719,511,307,852,797.21,110.87
彰化縣,彰化市,成功里,516,372342,722,509,305,891,866.27,120.05
彰化縣,彰化市,中央里,362,270442,747,546,292,928,685.01,91.69
彰化縣,彰化市,中庄里,784,482970,616,491,289,831,501.93,81.48
彰化縣,彰化市,西安里,1001,850222,849,560,322,942,1647.23,193.93
彰化縣,彰化市,福安里,416,321230,772,536,325,1001,763.71,98.90
彰化縣,彰化市,永福里,329,344312,1047,666,374,1161,1786.42,170.70
彰化縣,彰化市,陽明里,669,537062,803,585,334,958,806.45,100.46
彰化縣,彰化市,桃源里,742,534430,720,527,313,855,909.81,126.32
彰化縣,彰化市,文化里,524,484345,924,606,366,1093,1124.41,121.65
彰化縣,彰化市,大同里,415,318286,767,561,323,933,757.62,98.78
彰化縣,彰化市,石牌里,342,192155,562,478,289,720,382.57,68.09
彰化縣,彰化市,忠孝里,417,286621,687,561,329,843,554.77,80.71
彰化縣,彰化市,東興里,580,575005,991,642,357,1222,1143.89,115.38
彰化縣,彰化市,民生里,542,562787,1038,608,342,1163,1496.95,144.17
彰化縣,彰化市,平和里,2062,1627741,789,560,339,962,1003.01,127.06
彰化縣,彰化市,南興里,1771,1372666,775,573,345,978,703.90,90.82
彰化縣,彰化市,復興里,1420,1048366,738,577,342,942,587.78,79.61
彰化縣,彰化市,萬安里,1407,1153905,820,587,336,988,789.12,96.22
彰化縣,彰化市,信義里,371,365548,985,633,354,1178,1189.03,120.68
彰化縣,彰化市,光華里,364,357157,981,562,306,1084,1649.25,168.09
彰化縣,彰化市,新興里,1378,1040056,755,555,334,911,909.76,120.54
彰化縣,彰化市,長樂里,467,392637,841,590,335,1023,859.30,102.21
彰化縣,彰化市,龍山里,778,642016,825,633,357,1049,773.55,93.74
彰化縣,彰化市,興北里,533,465286,873,566,315,1002,1581.28,181.14
彰化縣,彰化市,福山里,1994,1253144,628,492,307,786,587.67,93.51
彰化縣,彰化市,五權里,1080,742271,687,544,318,873,551.50,80.24
彰化縣,彰化市,竹中里,533,319076,599,461,297,768,495.17,82.72
彰化縣,彰化市,田中里,252,157018,623,487,290,794,518.56,83.22
彰化縣,彰化市,福田里,374,215401,576,476,295,736,418.25,72.62
彰化縣,彰化市,富貴里,382,302334,791,499,296,874,1217.45,153.82
彰化縣,彰化市,安溪里,298,191146,641,499,306,827,537.07,83.73
彰化縣,彰化市,延和里,1088,774725,712,514,314,847,1118.44,157.07
彰化縣,彰化市,茄苳里,257,150158,584,471,275,737,457.37,78.28
彰化縣,彰化市,南安里,591,333839,565,443,263,689,487.65,86.33
彰化縣,彰化市,大竹里,908,597162,658,514,314,823,561.51,85.38
彰化縣,彰化市,磚？里,836,617525,739,487,291,735,2361.21,319.66
彰化縣,彰化市,西勢里,877,674118,769,528,309,870,1199.31,156.03
彰化縣,彰化市,新華里,618,417592,676,526,327,799,585.02,86.58
彰化縣,彰化市,三村里,328,198428,605,505,311,747,463.20,76.57
彰化縣,彰化市,下？里,1248,900041,721,542,322,898,655.76,90.93
彰化縣,彰化市,永生里,514,392198,763,513,288,849,960.92,125.93
彰化縣,彰化市,卦山里,819,801162,978,691,425,1148,1496.09,152.94
彰化縣,彰化市,彰安里,1026,851870,830,576,328,1027,977.57,117.74
彰化縣,彰化市,南瑤里,2318,2014488,869,586,333,1010,2203.58,253.56
彰化縣,彰化市,華陽里,737,544696,739,584,342,957,606.37,82.04
彰化縣,彰化市,華北里,550,459649,836,619,347,1036,834.24,99.82
彰化縣,彰化市,光南里,498,412242,828,594,360,1025,770.01,93.02
彰化縣,彰化市,西興里,792,626969,792,507,304,916,985.96,124.55
彰化縣,彰化市,忠權里,874,614700,703,537,324,902,572.07,81.34
彰化縣,彰化市,莿桐里,841,668171,794,528,314,890,1385.47,174.38
彰化縣,彰化市,東芳里,938,563357,601,464,288,752,551.76,91.87
彰化縣,彰化市,南美里,513,303427,591,470,312,699,550.24,93.03
彰化縣,彰化市,阿夷里,1605,1082769,675,528,316,866,579.23,85.86
彰化縣,彰化市,古夷里,782,455614,583,475,282,750,446.17,76.58
彰化縣,彰化市,寶？里,329,205064,623,514,310,772,585.17,93.88
彰化縣,彰化市,茄南里,722,412946,572,461,272,739,461.00,80.60
彰化縣,彰化市,和調里,788,602026,764,575,330,961,801.93,104.97
彰化縣,彰化市,香山里,856,581326,679,534,324,867,535.10,78.79
彰化縣,彰化市,牛埔里,976,569215,583,484,278,744,465.15,79.76
彰化縣,彰化市,國聖里,811,529104,652,512,300,791,571.89,87.66
彰化縣,彰化市,快官里,325,234543,722,498,305,827,853.54,118.27
彰化縣,彰化市,竹巷里,253,133092,526,452,284,675,355.08,67.50
彰化縣,彰化市,建寶里,962,948182,986,668,401,1107,2566.82,260.42
彰化縣,彰化市,台鳳里,953,600999,631,515,311,792,509.21,80.74
彰化縣,彰化市,向陽里,679,556377,819,584,336,1028,829.45,101.23
彰化縣,彰化市,崙平里,920,778025,846,572,338,1017,1002.46,118.54
彰化縣,鹿港鎮,菜園里,313,184331,589,455,278,727,537.88,91.33
彰化縣,鹿港鎮,大有里,352,252490,717,491,287,828,885.92,123.51
彰化縣,鹿港鎮,永安里,759,490574,646,469,274,774,678.74,105.01
彰化縣,鹿港鎮,順興里,290,193104,666,461,284,761,803.47,120.66
彰化縣,鹿港鎮,中興里,229,248255,1084,549,331,996,3046.19,280.99
彰化縣,鹿港鎮,頂厝里,1538,1031105,670,464,266,755,1197.29,178.59
彰化縣,鹿港鎮,溝墘里,1158,702427,607,459,271,703,686.97,113.25
彰化縣,鹿港鎮,長興里,113,86400,765,513,304,955,807.06,105.55
彰化縣,鹿港鎮,龍山里,45,41569,924,610,400,1046,899.25,97.35
彰化縣,鹿港鎮,興化里,442,271844,615,468,263,773,535.00,86.99
彰化縣,鹿港鎮,景福里,359,240730,671,481,300,776,692.16,103.22
彰化縣,鹿港鎮,海埔里,825,435062,527,429,265,670,419.02,79.46
彰化縣,鹿港鎮,泰興里,466,424687,911,548,315,912,2825.45,310.03
彰化縣,鹿港鎮,詔安里,513,251554,490,405,233,593,476.54,97.18
彰化縣,鹿港鎮,洋厝里,704,403440,573,445,274,718,576.74,100.64
彰化縣,鹿港鎮,山崙里,760,393869,518,432,250,663,397.52,76.70
彰化縣,鹿港鎮,頭南里,531,325834,614,422,264,663,1818.82,296.41
彰化縣,鹿港鎮,草中里,912,522386,573,457,283,698,469.70,82.00
彰化縣,鹿港鎮,廖厝里,973,518392,533,428,249,639,493.40,92.61
彰化縣,鹿港鎮,頭崙里,734,447623,610,460,272,727,933.64,153.10
彰化縣,鹿港鎮,東石里,860,441891,514,417,267,645,401.20,78.08
彰化縣,鹿港鎮,頂番里,1028,609823,593,464,261,704,590.83,99.60
彰化縣,鹿港鎮,郭厝里,141,71868,510,408,233,612,422.33,82.86
彰化縣,鹿港鎮,玉順里,369,201111,545,415,238,650,547.15,100.39
彰化縣,鹿港鎮,新宮里,251,147606,588,432,262,752,568.99,96.75
彰化縣,鹿港鎮,洛津里,314,187521,597,489,284,794,462.80,77.49
彰化縣,鹿港鎮,街尾里,636,432069,679,504,279,840,719.09,105.85
彰化縣,鹿港鎮,埔崙里,1326,858306,647,481,296,774,892.60,137.90
彰化縣,鹿港鎮,東崎里,1087,612823,564,453,286,700,513.64,91.11
彰化縣,和美鎮,新庄里,824,468182,568,460,285,710,449.31,79.08
彰化縣,和美鎮,鎮平里,793,469248,592,453,286,714,520.09,87.89
彰化縣,和美鎮,頭前里,469,295800,631,486,309,776,981.75,155.66
彰化縣,和美鎮,月眉里,1051,610588,581,473,299,691,473.30,81.47
彰化縣,和美鎮,竹園里,283,151565,536,461,284,669,356.26,66.52
彰化縣,和美鎮,湖內里,397,195426,492,414,255,635,320.20,65.05
彰化縣,和美鎮,鐵山里,890,717492,806,496,299,845,2100.74,260.58
彰化縣,和美鎮,詔安里,61,49310,808,737,407,994,698.15,86.37
彰化縣,和美鎮,竹營里,1897,1235660,651,494,306,788,1148.06,176.25
彰化縣,和美鎮,和東里,1184,969975,819,525,315,869,1877.04,229.12
彰化縣,和美鎮,和南里,132,86947,659,525,348,751,589.00,89.42
彰化縣,和美鎮,和北里,501,321327,641,483,278,780,619.81,96.64
彰化縣,和美鎮,和西里,1084,788945,728,519,322,873,769.09,105.67
彰化縣,和美鎮,四張里,814,529345,650,509,313,778,729.35,112.16
彰化縣,和美鎮,還社里,270,153168,567,447,282,673,494.40,87.15
彰化縣,和美鎮,大霞里,449,242421,540,437,269,651,493.39,91.38
彰化縣,和美鎮,源埤里,516,299389,580,474,293,719,458.33,78.99
彰化縣,和美鎮,南佃里,484,264449,546,454,298,667,427.15,78.18
彰化縣,和美鎮,雅溝里,387,220830,571,461,288,701,474.25,83.11
彰化縣,和美鎮,面前里,539,302513,561,436,255,660,569.83,101.53
彰化縣,和美鎮,山犁里,1737,1052176,606,501,304,753,469.78,77.55
彰化縣,和美鎮,嘉犁里,489,314643,643,503,297,804,539.64,83.87
彰化縣,和美鎮,柑井里,1013,576972,570,456,268,727,465.12,81.66
彰化縣,和美鎮,犁盛里,680,413686,608,476,288,731,594.65,97.75
彰化縣,和美鎮,中寮里,318,174970,550,447,271,695,469.37,85.31
彰化縣,和美鎮,中圍里,868,492069,567,454,283,682,557.98,98.43
彰化縣,和美鎮,糖友里,833,603272,724,589,375,920,573.26,79.16
彰化縣,和美鎮,塗厝里,561,334659,597,501,305,765,451.88,75.75
彰化縣,和美鎮,地潭里,261,145269,557,478,265,751,385.92,69.34
彰化縣,和美鎮,嘉寶里,579,361425,624,480,289,750,869.87,139.35
彰化縣,和美鎮,好修里,510,281029,551,457,280,677,477.25,86.61
彰化縣,北斗鎮,東光里,470,290322,618,473,302,755,540.35,87.48
彰化縣,北斗鎮,光復里,428,304650,712,553,326,885,604.06,84.86
彰化縣,北斗鎮,重慶里,179,128517,718,597,352,943,541.18,75.38
彰化縣,北斗鎮,文昌里,626,375627,600,503,302,739,492.24,82.03
彰化縣,北斗鎮,新生里,394,228253,579,453,289,744,455.82,78.68
彰化縣,北斗鎮,西安里,442,292908,663,505,310,813,620.83,93.68
彰化縣,北斗鎮,中和里,281,150347,535,429,280,637,411.92,76.99
彰化縣,北斗鎮,大道里,444,278445,627,479,278,784,586.10,93.46
彰化縣,北斗鎮,居仁里,418,307129,735,538,333,921,729.65,99.30
彰化縣,北斗鎮,五權里,238,172176,723,494,300,867,1022.73,141.37
彰化縣,北斗鎮,大新里,405,236979,585,485,315,707,423.56,72.39
彰化縣,北斗鎮,中寮里,526,327107,622,511,316,806,460.17,74.00
彰化縣,北斗鎮,新政里,284,226199,796,528,324,999,770.53,96.74
彰化縣,北斗鎮,七星里,365,218714,599,463,271,750,498.24,83.15
彰化縣,北斗鎮,西德里,1092,742305,680,529,303,849,861.03,126.66
彰化縣,員林鎮,中正里,964,728054,755,608,366,931,638.04,84.48
彰化縣,員林鎮,光明里,348,241115,693,519,293,855,723.62,104.44
彰化縣,員林鎮,黎明里,568,469558,827,532,313,923,1294.16,156.55
彰化縣,員林鎮,三愛里,723,576904,798,573,336,957,829.08,103.90
彰化縣,員林鎮,和平里,910,724553,796,584,338,1006,770.18,96.73
彰化縣,員林鎮,新生里,1272,1101571,866,552,318,938,2665.66,307.81
彰化縣,員林鎮,中山里,286,252867,884,522,303,1121,1024.03,115.82
彰化縣,員林鎮,中央里,434,305369,704,500,307,805,1024.65,145.63
彰化縣,員林鎮,萬年里,922,636524,690,521,308,897,589.30,85.36
彰化縣,員林鎮,振興里,604,350346,580,456,287,720,451.50,77.84
彰化縣,員林鎮,民生里,736,513463,698,522,317,841,781.67,112.04
彰化縣,員林鎮,南興里,1285,804640,626,512,313,800,469.59,74.99
彰化縣,員林鎮,新興里,232,179598,774,518,301,914,898.00,116.00
彰化縣,員林鎮,惠來里,1430,1040469,728,530,296,862,959.41,131.86
彰化縣,員林鎮,林厝里,602,334382,555,480,299,723,383.87,69.11
彰化縣,員林鎮,仁美里,932,849632,912,610,345,1105,1095.92,120.22
彰化縣,員林鎮,東和里,345,243490,706,528,309,819,667.17,94.53
彰化縣,員林鎮,大明里,561,304712,543,482,274,701,393.55,72.46
彰化縣,員林鎮,中東里,386,202492,525,433,272,689,376.14,71.70
彰化縣,員林鎮,大埔里,444,262212,591,459,292,669,619.27,104.86
彰化縣,員林鎮,三多里,675,1098473,1627,619,330,1113,7559.67,464.53
彰化縣,員林鎮,鎮興里,448,246688,551,448,269,723,468.60,85.10
彰化縣,員林鎮,南平里,1060,759520,717,555,317,916,692.58,96.66
彰化縣,員林鎮,三和里,1508,1165197,773,593,333,983,690.78,89.40
彰化縣,員林鎮,三義里,748,504249,674,498,277,848,686.78,101.88
彰化縣,員林鎮,源潭里,444,256086,577,460,276,753,502.78,87.17
彰化縣,員林鎮,三條里,1690,1263645,748,559,323,922,664.73,88.90
彰化縣,員林鎮,三橋里,913,696006,762,534,318,868,2148.63,281.85
彰化縣,員林鎮,溝皂里,667,496247,744,503,300,838,1761.27,236.73
彰化縣,員林鎮,大饒里,745,470260,631,481,290,758,768.29,121.71
彰化縣,員林鎮,崙雅里,687,369014,537,456,272,692,375.55,69.92
彰化縣,員林鎮,出水里,428,232842,544,439,274,711,383.26,70.45
彰化縣,員林鎮,湖水里,306,151763,496,434,271,639,308.84,62.27
彰化縣,員林鎮,大？里,178,92600,520,449,242,666,394.47,75.83
彰化縣,員林鎮,浮圳里,573,304297,531,458,280,700,351.11,66.11
彰化縣,員林鎮,西東里,459,259196,565,475,269,726,491.21,86.99
彰化縣,員林鎮,南東里,485,264606,546,428,263,704,446.72,81.88
彰化縣,員林鎮,東北里,590,338143,573,482,297,722,422.86,73.78
彰化縣,員林鎮,三信里,658,594657,904,637,353,1172,1042.23,115.33
彰化縣,溪湖鎮,中山里,89,78447,881,648,440,938,794.13,90.10
彰化縣,溪湖鎮,平和里,257,187947,731,564,273,963,673.35,92.07
彰化縣,溪湖鎮,光華里,158,106438,674,510,286,814,729.65,108.31
彰化縣,溪湖鎮,北勢里,329,177074,538,442,270,662,428.70,79.65
彰化縣,溪湖鎮,田中里,199,107697,541,453,293,668,464.74,85.87
彰化縣,溪湖鎮,太平里,396,262658,663,539,322,827,553.23,83.41
彰化縣,溪湖鎮,大竹里,674,485385,720,538,309,879,674.83,93.71
彰化縣,溪湖鎮,頂庄里,178,92293,518,459,270,668,380.29,73.35
彰化縣,溪湖鎮,西勢里,468,278302,595,500,292,745,451.26,75.88
彰化縣,溪湖鎮,光平里,377,248186,658,519,302,850,643.47,97.74
彰化縣,溪湖鎮,東寮里,904,605740,670,506,292,834,700.39,104.52
彰化縣,溪湖鎮,西寮里,558,351917,631,513,331,777,574.09,91.03
彰化縣,溪湖鎮,大突里,577,361775,627,493,313,796,487.13,77.69
彰化縣,溪湖鎮,汴頭里,1145,631658,552,450,276,722,406.46,73.68
彰化縣,溪湖鎮,湖西里,559,334858,599,474,266,733,537.85,89.79
彰化縣,溪湖鎮,河東里,405,204040,504,419,269,636,371.08,73.65
彰化縣,溪湖鎮,中竹里,208,116247,559,451,275,709,397.00,71.03
彰化縣,溪湖鎮,東溪里,314,168404,536,418,278,713,390.67,72.84
彰化縣,溪湖鎮,西溪里,446,280903,630,460,267,791,569.70,90.45
彰化縣,溪湖鎮,湖東里,1021,638895,626,486,296,792,553.20,88.41
彰化縣,溪湖鎮,忠覺里,342,210573,616,476,304,780,516.10,83.82
彰化縣,溪湖鎮,湳底里,160,111530,697,449,311,715,1006.44,144.38
彰化縣,溪湖鎮,大庭里,320,179374,561,469,304,738,391.08,69.77
彰化縣,溪湖鎮,媽厝里,312,185746,595,437,270,704,784.54,131.78
彰化縣,溪湖鎮,番婆里,428,246686,576,482,301,735,426.06,73.92
彰化縣,田中鎮,三民里,393,231254,588,465,302,760,503.92,85.64
彰化縣,田中鎮,新庄里,598,417424,698,611,362,912,512.41,73.41
彰化縣,田中鎮,平和里,49,36409,743,597,383,894,534.69,71.96
彰化縣,田中鎮,復興里,413,241041,584,497,323,765,395.16,67.71
彰化縣,田中鎮,龍潭里,172,100159,582,536,306,763,362.48,62.25
彰化縣,田中鎮,三光里,217,129052,595,495,304,789,426.86,71.78
彰化縣,田中鎮,三安里,400,207499,519,436,292,644,357.35,68.89
彰化縣,田中鎮,新民里,995,640495,644,535,344,842,430.02,66.80
彰化縣,田中鎮,中路里,601,452284,753,600,373,975,605.86,80.51
彰化縣,田中鎮,沙崙里,471,265992,565,432,278,714,447.25,79.20
彰化縣,田中鎮,碧？里,570,303133,532,462,284,676,353.33,66.44
彰化縣,田中鎮,香山里,213,106608,501,447,285,669,301.65,60.27
彰化縣,田中鎮,東源里,177,100148,566,460,298,770,370.07,65.41
彰化縣,田中鎮,頂潭里,367,198222,540,460,274,694,378.54,70.09
彰化縣,田中鎮,中潭里,488,271953,557,457,288,733,399.10,71.62
彰化縣,田中鎮,北路里,798,547140,686,533,332,879,555.87,81.07
彰化縣,田中鎮,西路里,623,421971,677,533,305,863,598.46,88.36
彰化縣,田中鎮,東路里,329,227229,691,534,327,859,616.30,89.23
彰化縣,田中鎮,南路里,372,251214,675,556,303,888,509.63,75.47
彰化縣,田中鎮,大崙里,325,187840,578,515,317,736,366.13,63.35
彰化縣,田中鎮,梅州里,369,195009,528,422,274,686,422.48,79.94
彰化縣,田中鎮,大社里,214,109963,514,426,262,648,374.98,72.98
彰化縣,二林鎮,東勢里,216,114635,531,455,313,674,319.30,60.16
彰化縣,二林鎮,萬興里,203,128282,632,527,330,777,534.71,84.61
彰化縣,二林鎮,東華里,228,132130,580,470,286,764,429.18,74.06
彰化縣,二林鎮,振興里,282,149877,531,461,300,696,328.81,61.87
彰化縣,二林鎮,東興里,257,172211,670,530,317,804,853.69,127.40
彰化縣,二林鎮,永興里,324,184467,569,468,278,782,393.92,69.19
彰化縣,二林鎮,頂厝里,296,160841,543,475,320,651,351.96,64.77
彰化縣,二林鎮,西平里,319,196404,616,530,314,751,461.84,75.01
彰化縣,二林鎮,中西里,346,193607,560,465,296,687,393.59,70.34
彰化縣,二林鎮,東和里,594,447029,753,573,319,923,723.89,96.19
彰化縣,二林鎮,廣興里,315,176877,562,503,308,748,353.45,62.95
彰化縣,二林鎮,北平里,615,430868,701,540,338,856,698.49,99.70
彰化縣,二林鎮,豐田里,512,333715,652,496,309,816,540.16,82.87
彰化縣,二林鎮,南光里,768,581489,757,562,347,924,792.24,104.63
彰化縣,二林鎮,香田里,268,166060,620,501,338,759,489.67,79.03
彰化縣,二林鎮,外竹里,227,115079,507,423,263,622,467.63,92.24
彰化縣,二林鎮,興華里,268,163087,609,502,309,772,425.09,69.85
彰化縣,二林鎮,後厝里,641,440873,688,590,333,923,517.78,75.28
彰化縣,二林鎮,趙甲里,324,170704,527,422,259,696,378.58,71.85
彰化縣,二林鎮,西庄里,299,157333,526,432,247,729,381.31,72.47
彰化縣,二林鎮,梅芳里,197,110222,560,470,317,716,402.37,71.91
彰化縣,二林鎮,華崙里,864,493714,571,465,290,707,575.18,100.66
彰化縣,二林鎮,大永里,180,96343,535,428,272,703,382.70,71.50
彰化縣,二林鎮,萬合里,307,157343,513,432,246,675,360.80,70.40
彰化縣,二林鎮,原斗里,293,177025,604,488,279,758,662.29,109.62
彰化縣,二林鎮,西斗里,227,122012,537,470,266,694,377.30,70.20
彰化縣,二林鎮,復豐里,166,80023,482,424,255,641,303.11,62.88
彰化縣,線西鄉,德興村,365,185920,509,416,257,631,372.51,73.13
彰化縣,線西鄉,線西村,607,334439,551,459,275,718,407.41,73.94
彰化縣,線西鄉,頂庄村,365,180151,494,399,266,621,354.64,71.85
彰化縣,線西鄉,寓埔村,607,329210,542,444,266,656,436.07,80.40
彰化縣,線西鄉,？仔村,386,215974,560,462,271,712,449.19,80.28
彰化縣,線西鄉,溝內村,311,164194,528,443,281,655,339.96,64.39
彰化縣,線西鄉,下犁村,552,293476,532,394,240,625,514.26,96.73
彰化縣,線西鄉,頂犁村,751,398136,530,445,261,670,404.76,76.35
彰化縣,伸港鄉,大同村,408,227639,558,457,283,688,435.77,78.10
彰化縣,伸港鄉,溪底村,535,280899,525,446,265,671,379.68,72.31
彰化縣,伸港鄉,新港村,1369,842939,616,483,287,750,678.22,110.15
彰化縣,伸港鄉,什股村,456,247167,542,454,268,656,472.71,87.21
彰化縣,伸港鄉,海尾村,527,277324,526,451,268,668,375.76,71.41
彰化縣,伸港鄉,全興村,439,218392,497,434,258,639,323.55,65.04
彰化縣,伸港鄉,定興村,659,358121,543,460,277,662,466.55,85.85
彰化縣,伸港鄉,泉州村,479,267987,559,476,276,725,389.58,69.63
彰化縣,伸港鄉,泉厝村,324,188978,583,485,288,736,463.07,79.39
彰化縣,伸港鄉,曾家村,464,270686,583,470,285,673,577.98,99.07
彰化縣,伸港鄉,蚵寮村,304,152579,502,428,282,607,352.46,70.23
彰化縣,伸港鄉,埤墘村,267,162777,610,483,307,783,470.95,77.25
彰化縣,伸港鄉,七嘉村,535,287561,537,459,255,688,402.18,74.82
彰化縣,伸港鄉,汴頭村,712,384495,540,417,247,633,515.72,95.50
彰化縣,福興鄉,福興村,836,496607,594,445,268,733,588.33,99.04
彰化縣,福興鄉,三和村,241,125627,521,412,266,656,432.12,82.90
彰化縣,福興鄉,萬豐村,242,138747,573,470,308,722,383.14,66.83
彰化縣,福興鄉,外中村,335,183587,548,443,268,694,454.64,82.96
彰化縣,福興鄉,元中村,353,212853,603,517,304,757,434.54,72.07
彰化縣,福興鄉,大崙村,289,168023,581,450,273,703,566.05,97.36
彰化縣,福興鄉,外埔村,304,176146,579,469,293,722,439.75,75.89
彰化縣,福興鄉,三汴村,392,247311,631,519,317,785,553.41,87.72
彰化縣,福興鄉,番社村,950,572658,603,451,257,712,1128.38,187.19
彰化縣,福興鄉,社尾村,365,184929,507,420,249,653,421.85,83.26
彰化縣,福興鄉,番婆村,565,285498,505,416,258,596,435.23,86.13
彰化縣,福興鄉,橋頭村,98,86689,885,603,429,983,912.32,103.14
彰化縣,福興鄉,秀厝村,491,261960,534,412,245,664,539.90,101.19
彰化縣,福興鄉,鎮平村,315,169254,537,430,259,697,526.00,97.89
彰化縣,福興鄉,麥厝村,486,263138,541,433,255,701,445.08,82.20
彰化縣,福興鄉,廈粘村,507,258037,509,409,221,663,454.84,89.37
彰化縣,福興鄉,頂粘村,511,315653,618,457,275,703,725.05,117.38
彰化縣,福興鄉,福寶村,323,156926,486,338,184,547,578.10,118.99
彰化縣,福興鄉,二港村,368,181255,493,390,239,649,395.28,80.25
彰化縣,福興鄉,福南村,584,379046,649,455,270,691,1437.01,221.40
彰化縣,福興鄉,西勢村,494,289113,585,428,241,687,659.84,112.75
彰化縣,福興鄉,同安村,608,318339,524,412,257,652,570.27,108.92
彰化縣,秀水鄉,義興村,347,205666,593,445,273,683,592.15,99.91
彰化縣,秀水鄉,秀水村,482,262451,545,415,245,679,460.29,84.53
彰化縣,秀水鄉,安溪村,483,312749,648,488,304,753,791.40,122.22
彰化縣,秀水鄉,莊雅村,556,356785,642,511,314,818,526.96,82.12
彰化縣,秀水鄉,陜西村,384,234920,612,483,302,775,534.32,87.34
彰化縣,秀水鄉,金興村,475,265822,560,451,294,722,407.01,72.73
彰化縣,秀水鄉,安東村,1045,665655,637,494,297,789,540.87,84.91
彰化縣,秀水鄉,鶴鳴村,825,511467,620,480,319,762,539.26,86.98
彰化縣,秀水鄉,馬興村,654,394162,603,490,286,750,492.96,81.79
彰化縣,秀水鄉,福安村,1022,652349,638,498,307,787,537.45,84.20
彰化縣,秀水鄉,埔崙村,571,366272,641,505,325,818,518.17,80.78
彰化縣,秀水鄉,曾厝村,410,256624,626,466,290,736,1091.63,174.41
彰化縣,秀水鄉,金陵村,449,259305,578,490,275,742,452.31,78.32
彰化縣,秀水鄉,下崙村,517,317588,614,481,295,778,500.89,81.54
彰化縣,花壇鄉,中庄村,694,387339,558,435,256,682,560.66,100.45
彰化縣,花壇鄉,橋頭村,973,535037,550,445,272,683,576.08,104.76
彰化縣,花壇鄉,花壇村,893,572488,641,471,285,781,583.94,91.09
彰化縣,花壇鄉,金墩村,521,291969,560,452,269,680,470.37,83.93
彰化縣,花壇鄉,劉厝村,291,158245,544,461,262,709,390.98,71.90
彰化縣,花壇鄉,崙雅村,393,217713,554,446,287,684,417.79,75.42
彰化縣,花壇鄉,南口村,457,285726,625,484,292,800,568.95,91.00
彰化縣,花壇鄉,岩竹村,383,225628,589,461,298,715,479.39,81.37
彰化縣,花壇鄉,灣雅村,227,117995,520,422,267,687,389.91,75.01
彰化縣,花壇鄉,灣東村,238,128103,538,445,287,660,361.94,67.24
彰化縣,花壇鄉,三春村,493,254621,516,428,258,656,379.80,73.54
彰化縣,花壇鄉,永春村,465,261655,563,511,300,736,360.37,64.04
彰化縣,花壇鄉,長春村,452,258393,572,467,306,737,433.87,75.90
彰化縣,花壇鄉,中口村,226,138796,614,396,223,652,789.93,128.62
彰化縣,花壇鄉,北口村,523,284780,545,441,291,663,431.15,79.18
彰化縣,花壇鄉,長沙村,1203,781456,650,492,302,794,584.43,89.97
彰化縣,花壇鄉,文德村,756,441421,584,456,278,713,511.48,87.60
彰化縣,花壇鄉,白沙村,1141,888756,779,539,316,871,956.43,122.79
彰化縣,芬園鄉,大竹村,295,146311,496,405,250,634,370.77,74.76
彰化縣,芬園鄉,中崙村,255,132609,520,445,276,682,337.00,64.80
彰化縣,芬園鄉,竹林村,475,254627,536,444,263,683,396.14,73.90
彰化縣,芬園鄉,社口村,688,400778,583,492,302,735,405.40,69.59
彰化縣,芬園鄉,舊社村,441,243654,553,479,274,749,374.63,67.81
彰化縣,芬園鄉,同安村,31,18779,606,469,338,632,542.97,89.63
彰化縣,芬園鄉,楓坑村,155,83990,542,424,266,699,406.56,75.03
彰化縣,芬園鄉,芬園村,242,129829,536,471,300,695,324.63,60.51
彰化縣,芬園鄉,大埔村,364,197160,542,460,295,715,355.16,65.57
彰化縣,芬園鄉,進芬村,287,159319,555,474,278,743,371.81,66.98
彰化縣,芬園鄉,茄荖村,613,340626,556,447,285,696,532.80,95.88
彰化縣,芬園鄉,嘉興村,407,233945,575,479,300,730,423.15,73.62
彰化縣,芬園鄉,縣庄村,303,193421,638,498,309,811,580.69,90.97
彰化縣,芬園鄉,圳墘村,182,108649,597,474,302,713,595.29,99.72
彰化縣,芬園鄉,溪頭村,416,244753,588,524,309,782,373.57,63.49
彰化縣,大村鄉,南勢村,309,174892,566,456,286,756,449.05,79.34
彰化縣,大村鄉,福興村,70,59794,854,708,446,956,869.47,101.79
彰化縣,大村鄉,新興村,306,154745,506,409,260,635,374.72,74.10
彰化縣,大村鄉,大崙村,351,201757,575,483,286,745,418.88,72.87
彰化縣,大村鄉,大村村,574,317204,553,449,261,709,460.79,83.38
彰化縣,大村鄉,田洋村,238,132737,558,453,288,721,386.45,69.29
彰化縣,大村鄉,貢旗村,387,209191,541,413,252,663,483.45,89.44
彰化縣,大村鄉,茄苳村,483,264875,548,442,293,700,401.00,73.12
彰化縣,大村鄉,加錫村,354,168307,475,412,250,626,310.00,65.20
彰化縣,大村鄉,擺塘村,618,337430,546,447,290,680,424.98,77.83
彰化縣,大村鄉,村上村,392,224306,572,464,284,708,455.56,79.61
彰化縣,大村鄉,美港村,819,1042207,1273,492,303,751,9912.29,778.94
彰化縣,大村鄉,過溝村,517,324469,628,496,316,793,505.65,80.57
彰化縣,大村鄉,大橋村,523,280895,537,438,284,677,591.06,110.05
彰化縣,大村鄉,黃厝村,522,280067,537,457,280,667,361.92,67.46
彰化縣,大村鄉,平和村,69,58479,848,695,351,999,828.89,97.80
彰化縣,埔鹽鄉,太平村,381,216683,569,451,294,746,428.56,75.35
彰化縣,埔鹽鄉,西湖村,535,279366,522,437,265,664,405.85,77.72
彰化縣,埔鹽鄉,新興村,11,6989,635,621,446,821,190.25,29.94
彰化縣,埔鹽鄉,南港村,462,262584,568,477,281,709,461.20,81.15
彰化縣,埔鹽鄉,？子村,340,205062,603,538,300,795,399.35,66.21
彰化縣,埔鹽鄉,永平村,300,166757,556,464,288,692,408.47,73.49
彰化縣,埔鹽鄉,埔鹽村,484,285681,590,468,274,745,479.89,81.30
彰化縣,埔鹽鄉,埔南村,495,274137,554,429,243,689,491.50,88.75
彰化縣,埔鹽鄉,出水村,287,148081,516,402,255,677,437.07,84.71
彰化縣,埔鹽鄉,打廉村,276,148419,538,451,242,670,459.42,85.43
彰化縣,埔鹽鄉,豐澤村,364,192508,529,435,264,670,385.98,72.98
彰化縣,埔鹽鄉,崑崙村,478,273570,572,462,262,729,462.38,80.79
彰化縣,埔鹽鄉,角樹村,220,117259,533,422,239,652,459.39,86.19
彰化縣,埔鹽鄉,瓦？村,370,218238,590,458,272,678,733.27,124.32
彰化縣,埔鹽鄉,好修村,434,246189,567,463,291,719,438.88,77.37
彰化縣,埔鹽鄉,大有村,403,202256,502,400,265,652,400.52,79.80
彰化縣,埔鹽鄉,永樂村,209,126799,607,461,265,728,655.99,108.12
彰化縣,埔鹽鄉,石埤村,301,163736,544,432,283,670,554.32,101.90
彰化縣,埔鹽鄉,天盛村,232,132211,570,455,288,718,466.22,81.81
彰化縣,埔鹽鄉,新水村,342,225272,659,506,328,753,1071.95,162.74
彰化縣,埔鹽鄉,三省村,332,183714,553,464,299,682,388.12,70.14
彰化縣,埔鹽鄉,南新村,337,207192,615,482,294,738,615.34,100.09
彰化縣,埔心鄉,太平村,67,53464,798,582,394,1153,556.61,69.75
彰化縣,埔心鄉,仁里村,257,136340,531,430,263,669,432.68,81.56
彰化縣,埔心鄉,大華村,152,85739,564,428,304,670,471.48,83.58
彰化縣,埔心鄉,埔心村,316,184333,583,452,270,702,575.52,98.66
彰化縣,埔心鄉,東門村,748,433608,580,444,273,712,567.25,97.85
彰化縣,埔心鄉,義民村,437,253048,579,467,281,759,451.46,77.96
彰化縣,埔心鄉,油車村,334,179086,536,442,260,711,459.68,85.73
彰化縣,埔心鄉,瓦北村,484,262639,543,451,277,700,418.05,77.04
彰化縣,埔心鄉,瓦中村,496,270076,545,426,268,680,442.29,81.23
彰化縣,埔心鄉,瓦南村,416,226700,545,441,251,695,439.16,80.59
彰化縣,埔心鄉,經口村,459,265531,578,458,267,731,515.99,89.19
彰化縣,埔心鄉,舊？村,336,201004,598,465,269,711,591.48,98.87
彰化縣,埔心鄉,南？村,211,108259,513,422,282,641,356.09,69.40
彰化縣,埔心鄉,新？村,220,107812,490,417,274,603,321.96,65.70
彰化縣,埔心鄉,羅厝村,308,162403,527,420,263,664,427.42,81.06
彰化縣,埔心鄉,芎蕉村,468,251307,537,432,276,663,426.70,79.46
彰化縣,埔心鄉,梧鳳村,203,100019,493,408,251,643,350.50,71.14
彰化縣,埔心鄉,二重村,785,412551,526,439,287,649,374.04,71.17
彰化縣,埔心鄉,埤霞村,219,111042,507,425,273,606,350.14,69.06
彰化縣,埔心鄉,埤？村,207,102746,496,410,255,616,370.12,74.57
彰化縣,永靖鄉,五福村,313,157778,504,427,268,684,353.07,70.04
彰化縣,永靖鄉,永興村,411,234952,572,452,294,678,488.53,85.46
彰化縣,永靖鄉,福興村,294,162792,554,445,285,716,407.19,73.54
彰化縣,永靖鄉,新莊村,224,115892,517,446,282,661,327.52,63.31
彰化縣,永靖鄉,同安村,175,104755,599,453,278,653,1006.31,168.11
彰化縣,永靖鄉,永東村,208,137317,660,518,306,854,541.56,82.03
彰化縣,永靖鄉,永西村,427,284703,667,516,335,789,577.91,86.68
彰化縣,永靖鄉,永北村,519,290356,559,445,279,713,437.02,78.12
彰化縣,永靖鄉,永南村,479,273248,570,457,272,734,479.50,84.06
彰化縣,永靖鄉,港西村,491,250461,510,428,242,648,386.16,75.70
彰化縣,永靖鄉,湳港村,259,171584,662,459,279,763,1795.30,270.99
彰化縣,永靖鄉,浮圳村,300,162113,540,481,315,694,318.77,58.99
彰化縣,永靖鄉,瑚璉村,547,334187,611,496,329,737,519.37,85.01
彰化縣,永靖鄉,五汴村,402,221111,550,434,271,683,429.34,78.06
彰化縣,永靖鄉,光雲村,395,216632,548,419,251,652,1006.76,183.57
彰化縣,永靖鄉,東寧村,437,236927,542,448,258,690,390.99,72.12
彰化縣,永靖鄉,崙子村,365,196257,538,430,269,680,395.23,73.51
彰化縣,永靖鄉,獨鰲村,257,136091,530,452,282,692,448.07,84.62
彰化縣,永靖鄉,敦厚村,192,102552,534,448,244,711,626.35,117.27
彰化縣,永靖鄉,崙美村,151,80182,531,448,260,674,404.69,76.21
彰化縣,永靖鄉,同仁村,234,119468,511,436,254,628,351.61,68.87
彰化縣,永靖鄉,四芳村,164,94560,577,448,267,742,508.03,88.11
彰化縣,永靖鄉,湳墘村,222,109467,493,416,252,612,401.85,81.50
彰化縣,永靖鄉,竹子村,283,142057,502,406,248,645,368.70,73.45
彰化縣,社頭鄉,協和村,482,268766,558,469,292,702,437.08,78.39
彰化縣,社頭鄉,廣興村,1079,628115,582,480,298,733,505.19,86.78
彰化縣,社頭鄉,廣福村,211,110438,523,453,253,701,391.87,74.87
彰化縣,社頭鄉,山湖村,254,135957,535,455,272,724,373.54,69.79
彰化縣,社頭鄉,東興村,301,168622,560,468,286,661,442.07,78.91
彰化縣,社頭鄉,舊社村,320,166644,521,452,285,662,371.03,71.25
彰化縣,社頭鄉,泰安村,224,127960,571,495,335,680,401.30,70.25
彰化縣,社頭鄉,仁和村,162,98008,605,518,317,743,418.37,69.15
彰化縣,社頭鄉,新厝村,348,205324,590,507,336,763,374.95,63.55
彰化縣,社頭鄉,清水村,293,164442,561,481,304,707,363.03,64.68
彰化縣,社頭鄉,橋頭村,513,305869,596,497,296,764,465.34,78.05
彰化縣,社頭鄉,崙雅村,220,119596,544,426,252,677,457.94,84.24
彰化縣,社頭鄉,平和村,256,140502,549,450,276,708,449.21,81.85
彰化縣,社頭鄉,社頭村,776,473168,610,501,290,764,507.19,83.18
彰化縣,社頭鄉,仁雅村,793,535663,675,528,322,780,668.89,99.02
彰化縣,社頭鄉,美雅村,256,143247,560,469,297,755,393.23,70.28
彰化縣,社頭鄉,里仁村,283,156272,552,460,291,680,454.80,82.36
彰化縣,社頭鄉,松竹村,234,139462,596,465,302,771,476.10,79.88
彰化縣,社頭鄉,湳底村,400,215007,538,458,267,654,410.63,76.39
彰化縣,社頭鄉,張厝村,281,148897,530,440,278,689,380.64,71.83
彰化縣,社頭鄉,埤斗村,271,143673,530,456,285,671,430.36,81.18
彰化縣,社頭鄉,朝興村,256,192656,753,530,353,751,1463.33,194.45
彰化縣,社頭鄉,龍井村,233,117003,502,448,281,673,316.60,63.05
彰化縣,社頭鄉,湳雅村,323,192383,596,504,311,747,460.01,77.23
彰化縣,二水鄉,復興村,275,150076,546,461,312,702,393.91,72.18
彰化縣,二水鄉,大園村,194,114201,589,536,379,735,328.92,55.88
彰化縣,二水鄉,文化村,286,202985,710,569,360,853,743.49,104.76
彰化縣,二水鄉,十五村,206,99569,483,418,245,600,316.89,65.56
彰化縣,二水鄉,合和村,223,136285,611,495,285,731,684.40,111.99
彰化縣,二水鄉,上豊村,287,144137,502,423,285,654,310.30,61.79
彰化縣,二水鄉,過圳村,153,84520,552,450,264,649,442.20,80.05
彰化縣,二水鄉,五伯村,169,101154,599,477,324,749,439.86,73.49
彰化縣,二水鄉,光化村,325,223247,687,547,332,844,601.93,87.63
彰化縣,二水鄉,二水村,268,190712,712,579,336,920,578.32,81.27
彰化縣,二水鄉,聖化村,174,116129,667,472,292,808,664.19,99.52
彰化縣,二水鄉,裕民村,250,162424,650,542,312,853,511.40,78.71
彰化縣,二水鄉,惠民村,218,134143,615,552,323,792,408.57,66.40
彰化縣,二水鄉,修仁村,243,140778,579,484,277,789,416.10,71.82
彰化縣,二水鄉,源泉村,196,114112,582,505,291,773,392.41,67.40
彰化縣,二水鄉,倡和村,132,71709,543,429,259,678,454.14,83.60
彰化縣,二水鄉,合興村,226,131971,584,460,317,739,414.39,70.96
彰化縣,田尾鄉,豐田村,154,76058,494,425,256,611,337.48,68.33
彰化縣,田尾鄉,仁里村,376,189926,505,405,252,642,406.47,80.47
彰化縣,田尾鄉,新興村,246,145410,591,472,320,710,483.32,81.77
彰化縣,田尾鄉,新生村,303,155512,513,422,234,659,382.13,74.45
彰化縣,田尾鄉,福田村,229,127474,557,483,282,739,366.02,65.75
彰化縣,田尾鄉,新厝村,89,42815,481,390,232,564,401.46,83.45
彰化縣,田尾鄉,田尾村,274,168620,615,466,280,742,914.27,148.56
彰化縣,田尾鄉,饒平村,521,320846,616,485,289,785,520.07,84.45
彰化縣,田尾鄉,北曾村,275,154301,561,435,275,726,452.33,80.62
彰化縣,田尾鄉,南曾村,254,145786,574,511,278,734,397.70,69.29
彰化縣,田尾鄉,睦宜村,258,134076,520,434,288,655,378.16,72.77
彰化縣,田尾鄉,北鎮村,265,145502,549,460,299,693,444.29,80.92
彰化縣,田尾鄉,南鎮村,160,80601,504,439,270,694,345.56,68.60
彰化縣,田尾鄉,打簾村,334,188592,565,440,307,698,439.30,77.80
彰化縣,田尾鄉,溪畔村,310,174673,563,456,259,695,455.85,80.90
彰化縣,田尾鄉,柳鳳村,164,89300,545,431,276,660,438.22,80.48
彰化縣,田尾鄉,陸豐村,199,111639,561,449,266,718,454.82,81.07
彰化縣,田尾鄉,海豐村,347,207430,598,471,308,729,546.22,91.38
彰化縣,田尾鄉,溪頂村,185,117036,633,509,273,843,488.00,77.14
彰化縣,田尾鄉,正義村,167,109639,657,504,327,857,502.51,76.54
彰化縣,埤頭鄉,新庄村,311,186789,601,471,307,721,534.27,88.96
彰化縣,埤頭鄉,埤頭村,394,236091,599,489,303,791,438.91,73.25
彰化縣,埤頭鄉,竹圍村,195,106229,545,495,310,716,346.35,63.58
彰化縣,埤頭鄉,大湖村,262,137132,523,453,302,660,299.61,57.24
彰化縣,埤頭鄉,中和村,301,173539,577,461,284,703,609.36,105.69
彰化縣,埤頭鄉,崙子村,310,182578,589,481,295,782,413.03,70.13
彰化縣,埤頭鄉,合興村,858,553789,645,496,300,789,650.78,100.83
彰化縣,埤頭鄉,和豊村,555,319804,576,492,295,725,434.29,75.37
彰化縣,埤頭鄉,興農村,381,218384,573,455,307,693,535.26,93.38
彰化縣,埤頭鄉,豊崙村,560,311301,556,467,295,673,440.04,79.16
彰化縣,埤頭鄉,永豊村,398,238371,599,509,329,780,402.24,67.16
彰化縣,埤頭鄉,平原村,440,255974,582,482,293,741,424.58,72.98
彰化縣,埤頭鄉,崙？村,204,135842,666,513,334,804,645.24,96.90
彰化縣,埤頭鄉,元埔村,152,93704,616,510,314,781,468.13,75.94
彰化縣,埤頭鄉,芙朝村,354,223171,630,452,293,750,889.79,141.14
彰化縣,埤頭鄉,陸嘉村,225,131479,584,481,313,755,388.55,66.49
彰化縣,埤頭鄉,庄內村,192,108748,566,465,293,767,451.06,79.64
彰化縣,芳苑鄉,和平村,122,56103,460,421,256,628,283.47,61.64
彰化縣,芳苑鄉,永興村,228,117847,517,429,302,631,409.70,79.27
彰化縣,芳苑鄉,新生村,30,18011,600,575,392,683,293.17,48.83
彰化縣,芳苑鄉,博愛村,151,79417,526,417,261,572,489.41,93.05
彰化縣,芳苑鄉,新街村,195,102949,528,422,275,629,408.16,77.31
彰化縣,芳苑鄉,崙？村,40,26248,656,539,305,815,549.93,83.80
彰化縣,芳苑鄉,芳苑村,164,81960,500,415,278,637,302.20,60.47
彰化縣,芳苑鄉,芳中村,93,47051,506,462,275,650,288.00,56.93
彰化縣,芳苑鄉,仁愛村,150,89167,594,414,290,649,578.22,97.27
彰化縣,芳苑鄉,信義村,90,55443,616,487,305,714,505.22,82.01
彰化縣,芳苑鄉,後寮村,207,123535,597,510,299,769,399.61,66.96
彰化縣,芳苑鄉,三合村,649,382106,589,488,310,720,470.50,79.91
彰化縣,芳苑鄉,頂？村,226,115425,511,423,269,627,365.40,71.55
彰化縣,芳苑鄉,五俊村,93,46582,501,457,308,602,308.00,61.49
彰化縣,芳苑鄉,王功村,365,181138,496,417,264,618,398.46,80.29
彰化縣,芳苑鄉,興仁村,227,132114,582,476,334,717,419.57,72.09
彰化縣,芳苑鄉,民生村,156,81256,521,442,263,714,380.71,73.09
彰化縣,芳苑鄉,新寶村,200,87178,436,367,249,575,276.26,63.38
彰化縣,芳苑鄉,漢寶村,569,317325,558,423,272,642,721.55,129.38
彰化縣,芳苑鄉,路上村,130,66511,512,460,341,680,279.78,54.68
彰化縣,芳苑鄉,路平村,155,90581,584,504,324,739,370.40,63.38
彰化縣,芳苑鄉,三成村,158,85940,544,421,285,697,426.04,78.33
彰化縣,芳苑鄉,福榮村,112,61162,546,501,305,696,386.63,70.80
彰化縣,芳苑鄉,草湖村,271,163322,603,514,333,757,425.89,70.67
彰化縣,芳苑鄉,建平村,367,196967,537,421,268,649,558.70,104.10
彰化縣,芳苑鄉,文津村,170,95573,562,445,281,615,705.74,125.53
彰化縣,大城鄉,山？村,248,125787,507,426,286,619,406.47,80.14
彰化縣,大城鄉,東港村,233,111558,479,438,285,580,288.76,60.31
彰化縣,大城鄉,永和村,151,79321,525,432,290,688,347.52,66.16
彰化縣,大城鄉,東城村,297,153540,517,418,263,621,474.30,91.75
彰化縣,大城鄉,上山村,239,121548,509,413,255,633,473.60,93.12
彰化縣,大城鄉,公？村,213,102203,480,379,274,604,348.17,72.56
彰化縣,大城鄉,頂庄村,151,76985,510,417,302,647,331.93,65.10
彰化縣,大城鄉,潭墘村,264,148347,562,461,306,722,395.93,70.46
彰化縣,大城鄉,大城村,247,126316,511,417,256,613,407.67,79.72
彰化縣,大城鄉,西城村,207,118518,573,435,308,699,619.03,108.12
彰化縣,大城鄉,菜寮村,217,112903,520,433,266,687,382.75,73.57
彰化縣,大城鄉,臺西村,190,91527,482,420,271,584,300.39,62.36
彰化縣,大城鄉,西港村,185,98455,532,452,290,651,350.99,65.95
彰化縣,大城鄉,豐美村,180,86727,482,390,254,644,333.92,69.31
彰化縣,大城鄉,三豐村,138,67820,491,419,298,615,318.49,64.81
彰化縣,竹塘鄉,永安村,151,75789,502,438,282,646,328.07,65.36
彰化縣,竹塘鄉,土庫村,112,54331,485,370,218,608,428.70,88.37
彰化縣,竹塘鄉,長安村,155,78628,507,440,250,688,345.56,68.12
彰化縣,竹塘鄉,竹林村,190,101629,535,418,244,584,913.57,170.80
彰化縣,竹塘鄉,竹元村,254,132496,522,469,291,709,319.76,61.30
彰化縣,竹塘鄉,竹塘村,420,253172,603,482,294,748,512.58,85.03
彰化縣,竹塘鄉,小西村,148,97761,661,518,324,888,494.35,74.84
彰化縣,竹塘鄉,五庄村,361,184187,510,430,238,622,402.77,78.94
彰化縣,竹塘鄉,樹？村,118,64088,543,441,287,696,362.71,66.78
彰化縣,竹塘鄉,田頭村,204,104375,512,435,264,666,333.83,65.25
彰化縣,竹塘鄉,新廣村,273,148947,546,437,279,660,426.42,78.16
彰化縣,竹塘鄉,溪墘村,87,55338,636,478,338,805,508.21,79.90
彰化縣,竹塘鄉,內新村,125,70431,563,499,303,729,357.62,63.47
彰化縣,竹塘鄉,民靖村,162,86341,533,472,297,706,321.53,60.33
彰化縣,溪州鄉,成功村,387,227008,587,479,315,723,443.76,75.65
彰化縣,溪州鄉,大庄村,427,238461,558,439,279,687,468.19,83.84
彰化縣,溪州鄉,張厝村,201,88828,442,342,193,585,386.62,87.48
彰化縣,溪州鄉,溪厝村,440,273890,622,518,295,832,476.26,76.51
彰化縣,溪州鄉,坑厝村,166,86434,521,465,243,737,348.17,66.87
彰化縣,溪州鄉,瓦厝村,234,139956,598,514,296,758,436.36,72.96
彰化縣,溪州鄉,溪州村,485,310716,641,485,300,848,558.91,87.24
彰化縣,溪州鄉,尾厝村,348,214241,616,499,311,758,490.28,79.64
彰化縣,溪州鄉,東州村,418,291224,697,539,325,804,1135.89,163.04
彰化縣,溪州鄉,舊眉村,267,172974,648,507,329,776,522.89,80.71
彰化縣,溪州鄉,圳寮村,297,154426,520,447,274,652,358.51,68.95
彰化縣,溪州鄉,西畔村,426,233362,548,451,302,690,395.12,72.13
彰化縣,溪州鄉,柑園村,199,98173,493,410,248,691,362.51,73.48
彰化縣,溪州鄉,潮洋村,245,131908,538,417,242,635,494.23,91.80
彰化縣,溪州鄉,菜公村,217,121155,558,474,309,679,424.36,76.01
彰化縣,溪州鄉,三圳村,278,152404,548,483,293,689,391.66,71.44
彰化縣,溪州鄉,三條村,192,99096,516,427,226,697,393.89,76.32
彰化縣,溪州鄉,水尾村,266,145884,548,444,292,665,395.04,72.03
彰化縣,溪州鄉,榮光村,167,90359,541,436,279,636,424.94,78.54
雲林縣,斗六市,仁愛里,381,291475,765,550,310,909,763.30,99.77
雲林縣,斗六市,湖山里,283,150285,531,438,285,682,365.11,68.75
雲林縣,斗六市,中和里,208,157203,756,584,321,948,647.23,85.64
雲林縣,斗六市,長安里,664,374513,564,484,300,749,385.06,68.27
雲林縣,斗六市,四維里,249,208526,837,564,326,959,1408.41,168.18
雲林縣,斗六市,忠孝里,465,457720,984,619,347,1067,2478.41,251.78
雲林縣,斗六市,公正里,732,671200,917,734,418,1132,918.16,100.13
雲林縣,斗六市,信義里,322,273597,850,574,333,979,886.48,104.33
雲林縣,斗六市,光興里,296,218999,740,527,289,921,699.04,94.48
雲林縣,斗六市,龍潭里,291,225477,775,577,342,962,698.44,90.14
雲林縣,斗六市,三光里,125,91617,733,590,381,948,630.02,85.96
雲林縣,斗六市,八德里,745,535329,719,565,341,897,648.93,90.31
雲林縣,斗六市,重光里,507,302647,597,488,300,781,423.25,70.90
雲林縣,斗六市,鎮北里,1694,1243747,734,594,350,946,619.47,84.37
雲林縣,斗六市,鎮東里,1202,1013644,843,673,376,1123,674.21,79.95
雲林縣,斗六市,太平里,252,194248,771,602,315,942,738.84,95.85
雲林縣,斗六市,溪洲里,621,440426,709,569,352,904,774.59,109.22
雲林縣,斗六市,鎮南里,1107,956931,864,677,375,1147,700.78,81.07
雲林縣,斗六市,社口里,663,462458,698,569,330,923,539.84,77.39
雲林縣,斗六市,三平里,1106,859796,777,608,344,990,666.09,85.68
雲林縣,斗六市,林頭里,1350,1040671,771,622,374,983,674.61,87.51
雲林縣,斗六市,溝埧里,162,118458,731,681,362,954,481.67,65.87
雲林縣,斗六市,江厝里,305,198877,652,529,338,820,519.82,79.72
雲林縣,斗六市,崙？里,517,420463,813,705,382,1092,614.43,75.55
雲林縣,斗六市,嘉東里,191,134401,704,572,382,938,479.41,68.13
雲林縣,斗六市,久安里,503,350229,696,594,344,925,482.05,69.23
雲林縣,斗六市,長平里,427,280705,657,538,353,847,469.86,71.47
雲林縣,斗六市,保庄里,841,598414,712,554,355,895,640.35,89.99
雲林縣,斗六市,虎溪里,1225,1128832,921,554,334,918,4918.38,533.74
雲林縣,斗六市,梅林里,394,229690,583,499,285,766,424.29,72.78
雲林縣,斗六市,榴中里,1052,758627,721,554,350,816,2552.01,353.89
雲林縣,斗六市,榴北里,243,143816,592,508,314,768,433.01,73.16
雲林縣,斗六市,榴南里,225,137765,612,538,340,804,419.85,68.57
雲林縣,斗六市,十三里,291,180166,619,538,336,832,365.95,59.11
雲林縣,斗六市,鎮西里,811,662317,817,634,390,1022,704.45,86.26
雲林縣,斗南鎮,新光里,615,384206,625,514,324,797,484.00,77.47
雲林縣,斗南鎮,東明里,226,134973,597,499,311,790,425.40,71.23
雲林縣,斗南鎮,舊社里,460,294087,639,523,327,807,501.21,78.40
雲林縣,斗南鎮,新崙里,363,238604,657,459,288,745,1166.19,177.42
雲林縣,斗南鎮,小東里,409,237534,581,470,306,730,438.57,75.52
雲林縣,斗南鎮,新南里,150,79894,533,425,305,707,353.67,66.40
雲林縣,斗南鎮,大東里,253,143141,566,477,295,706,399.97,70.69
雲林縣,斗南鎮,南昌里,614,475578,775,534,278,917,867.01,111.94
雲林縣,斗南鎮,東仁里,289,217620,753,551,343,871,733.04,97.35
雲林縣,斗南鎮,西岐里,1288,981939,762,625,348,1014,592.80,77.76
雲林縣,斗南鎮,埤麻里,223,122730,550,478,274,732,400.05,72.69
雲林縣,斗南鎮,西伯里,250,141891,568,484,271,729,407.33,71.77
雲林縣,斗南鎮,田頭里,463,284485,614,505,290,817,512.39,83.39
雲林縣,斗南鎮,中天里,398,286226,719,536,281,955,640.22,89.02
雲林縣,斗南鎮,北銘里,370,246878,667,536,355,833,601.66,90.17
雲林縣,斗南鎮,明昌里,1135,762580,672,530,324,887,506.95,75.45
雲林縣,斗南鎮,阿丹里,232,127927,551,480,287,731,340.16,61.69
雲林縣,斗南鎮,將軍里,342,203159,594,491,283,789,427.77,72.01
雲林縣,斗南鎮,林子里,302,175105,580,490,268,708,499.28,86.11
雲林縣,斗南鎮,石龜里,208,108397,521,457,297,666,352.42,67.62
雲林縣,斗南鎮,石溪里,214,121272,567,460,294,649,413.08,72.89
雲林縣,斗南鎮,靖興里,205,124889,609,529,309,777,427.53,70.18
雲林縣,虎尾鎮,建國里,145,91677,632,510,283,822,574.57,90.88
雲林縣,虎尾鎮,延平里,184,93809,510,405,260,673,356.92,70.01
雲林縣,虎尾鎮,中山里,344,284538,827,558,280,909,1094.59,132.33
雲林縣,虎尾鎮,西安里,880,713547,811,620,354,1021,736.05,90.77
雲林縣,虎尾鎮,平和里,305,177934,583,458,269,725,481.72,82.57
雲林縣,虎尾鎮,新興里,536,438730,819,566,326,984,916.46,111.96
雲林縣,虎尾鎮,惠來里,538,295406,549,460,298,706,377.05,68.67
雲林縣,虎尾鎮,興中里,370,225317,609,506,309,799,405.23,66.54
雲林縣,虎尾鎮,興南里,491,375766,765,628,357,972,609.35,79.62
雲林縣,虎尾鎮,安慶里,416,351767,846,707,423,1107,638.16,75.47
雲林縣,虎尾鎮,安溪里,379,247674,653,526,336,868,459.46,70.31
雲林縣,虎尾鎮,下溪里,273,159636,585,471,317,749,424.70,72.63
雲林縣,虎尾鎮,中溪里,287,167081,582,469,278,775,439.26,75.45
雲林縣,虎尾鎮,頂溪里,479,263902,551,465,273,735,387.98,70.42
雲林縣,虎尾鎮,東仁里,705,596578,846,596,352,998,1018.08,120.31
雲林縣,虎尾鎮,立仁里,993,775935,781,659,376,1030,568.15,72.71
雲林縣,虎尾鎮,德興里,606,410641,678,561,319,868,531.25,78.40
雲林縣,虎尾鎮,公安里,797,641641,805,648,381,1058,628.88,78.11
雲林縣,虎尾鎮,新吉里,580,435254,750,598,346,949,688.62,91.76
雲林縣,虎尾鎮,穎川里,409,261838,640,535,323,803,456.65,71.33
雲林縣,虎尾鎮,埒內里,543,325289,599,477,292,773,504.85,84.27
雲林縣,虎尾鎮,堀頭里,190,113897,599,532,311,807,385.54,64.32
雲林縣,虎尾鎮,廉使里,628,386346,615,502,329,794,429.19,69.77
雲林縣,虎尾鎮,東屯里,215,144352,671,539,353,816,489.50,72.91
雲林縣,虎尾鎮,西屯里,294,179986,612,511,280,770,495.92,81.01
雲林縣,虎尾鎮,芳草里,153,78566,514,432,266,639,390.88,76.12
雲林縣,虎尾鎮,墾地里,164,93956,573,441,263,684,577.54,100.81
雲林縣,虎尾鎮,北溪里,142,92849,654,567,323,822,440.07,67.30
雲林縣,虎尾鎮,三合里,229,111583,487,412,256,651,356.25,73.11
雲林縣,西螺鎮,新安里,302,156813,519,434,266,662,365.41,70.37
雲林縣,西螺鎮,埤頭里,176,102758,584,443,271,731,697.75,119.51
雲林縣,西螺鎮,永安里,112,60674,542,466,272,797,379.55,70.06
雲林縣,西螺鎮,中和里,185,118596,641,491,270,790,662.55,103.35
雲林縣,西螺鎮,福興里,187,122385,654,496,298,860,579.28,88.51
雲林縣,西螺鎮,中興里,532,350601,659,529,333,874,501.87,76.15
雲林縣,西螺鎮,振興里,326,193078,592,457,281,716,577.62,97.53
雲林縣,西螺鎮,東興里,246,136883,556,452,312,691,447.90,80.49
雲林縣,西螺鎮,公？里,309,160235,519,461,277,667,340.35,65.63
雲林縣,西螺鎮,光華里,250,152201,609,474,260,715,562.65,92.42
雲林縣,西螺鎮,廣福里,423,289272,684,548,310,872,541.92,79.25
雲林縣,西螺鎮,新豐里,258,144999,562,436,254,723,468.32,83.33
雲林縣,西螺鎮,正興里,746,526845,706,560,334,921,557.94,79.00
雲林縣,西螺鎮,大園里,326,189954,583,479,304,745,408.92,70.18
雲林縣,西螺鎮,福田里,265,157193,593,486,272,745,583.58,98.38
雲林縣,西螺鎮,廣興里,212,138104,651,553,364,803,470.23,72.18
雲林縣,西螺鎮,大新里,341,170546,500,409,250,665,343.12,68.61
雲林縣,西螺鎮,鹿場里,322,177724,552,484,302,700,361.32,65.46
雲林縣,西螺鎮,頂湳里,173,96847,560,520,289,791,357.82,63.92
雲林縣,西螺鎮,下湳里,161,92531,575,513,271,736,475.33,82.71
雲林縣,西螺鎮,吳厝里,233,115873,497,446,287,620,301.26,60.58
雲林縣,西螺鎮,詔安里,219,129965,593,407,296,707,735.60,123.95
雲林縣,西螺鎮,漢光里,747,464445,622,500,288,759,529.51,85.16
雲林縣,西螺鎮,河南里,169,117298,694,560,328,827,637.33,91.83
雲林縣,西螺鎮,安定里,330,179518,544,456,301,718,382.62,70.34
雲林縣,西螺鎮,九隆里,176,100009,568,519,306,730,413.13,72.70
雲林縣,西螺鎮,七座里,237,117575,496,402,220,601,452.15,91.14
雲林縣,土庫鎮,新庄里,218,126014,578,462,297,814,413.98,71.62
雲林縣,土庫鎮,西平里,360,210314,584,480,288,743,469.18,80.31
雲林縣,土庫鎮,忠正里,239,178246,746,577,336,999,739.44,99.15
雲林縣,土庫鎮,後埔里,460,262195,570,459,313,737,414.73,72.76
雲林縣,土庫鎮,東平里,347,209069,603,498,322,771,449.90,74.67
雲林縣,土庫鎮,北平里,193,114379,593,474,301,747,440.83,74.38
雲林縣,土庫鎮,南平里,320,193088,603,490,298,824,405.05,67.13
雲林縣,土庫鎮,順天里,250,149409,598,481,259,785,490.71,82.11
雲林縣,土庫鎮,宮北里,342,236394,691,554,332,952,536.20,77.57
雲林縣,土庫鎮,越港里,210,131060,624,530,299,817,434.35,69.60
雲林縣,土庫鎮,溪邊里,192,115260,600,480,283,837,442.46,73.71
雲林縣,土庫鎮,興新里,273,152542,559,462,300,712,414.17,74.12
雲林縣,土庫鎮,奮起里,227,139117,613,502,325,785,455.67,74.35
雲林縣,土庫鎮,埤？里,274,162010,591,494,318,751,434.74,73.53
雲林縣,土庫鎮,大荖里,187,109362,585,502,315,772,388.44,66.42
雲林縣,土庫鎮,石廟里,337,212288,630,501,315,792,568.17,90.20
雲林縣,土庫鎮,崙內里,270,149086,552,462,301,654,470.46,85.20
雲林縣,北港鎮,光復里,327,255308,781,649,375,1035,602.48,77.17
雲林縣,北港鎮,中和里,118,87863,745,541,313,885,1019.59,136.93
雲林縣,北港鎮,大同里,367,274858,749,590,340,879,833.10,111.24
雲林縣,北港鎮,東華里,138,87522,634,544,298,858,438.51,69.14
雲林縣,北港鎮,公？里,160,112469,703,528,295,918,606.67,86.31
雲林縣,北港鎮,仁和里,192,135587,706,590,321,859,798.32,113.05
雲林縣,北港鎮,義民里,112,72792,650,578,328,892,449.24,69.12
雲林縣,北港鎮,東陽里,195,112988,579,465,278,798,426.96,73.69
雲林縣,北港鎮,南安里,273,174799,640,529,313,811,513.49,80.20
雲林縣,北港鎮,新街里,1340,973075,726,621,349,953,548.66,75.55
雲林縣,北港鎮,新厝里,82,34724,423,400,229,602,248.43,58.67
雲林縣,北港鎮,劉厝里,283,146508,518,463,292,704,297.70,57.51
雲林縣,北港鎮,仁安里,147,105428,717,559,340,900,580.62,80.96
雲林縣,北港鎮,西勢里,253,160036,633,542,307,773,459.91,72.71
雲林縣,北港鎮,溝皂里,214,115125,538,472,302,676,350.90,65.23
雲林縣,北港鎮,光民里,191,121804,638,485,292,751,587.61,92.14
雲林縣,北港鎮,共榮里,162,107595,664,552,319,857,515.77,77.66
雲林縣,北港鎮,賜福里,99,60830,614,486,344,808,457.06,74.39
雲林縣,北港鎮,華勝里,1449,1036839,716,572,341,932,576.10,80.51
雲林縣,北港鎮,後溝里,170,92216,542,483,300,714,328.49,60.56
雲林縣,北港鎮,府番里,151,87715,581,465,314,750,462.41,79.60
雲林縣,北港鎮,草湖里,292,157878,541,442,270,722,380.61,70.39
雲林縣,北港鎮,番溝里,184,98207,534,463,278,680,358.87,67.24
雲林縣,北港鎮,大北里,110,54394,494,408,295,634,308.36,62.36
雲林縣,北港鎮,好收里,299,177438,593,475,294,782,446.05,75.16
雲林縣,北港鎮,樹？里,645,444596,689,572,313,877,652.32,94.64
雲林縣,北港鎮,扶朝里,218,135589,622,490,314,706,638.62,102.68
雲林縣,北港鎮,水埔里,120,63407,528,499,281,725,296.55,56.12
雲林縣,古坑鄉,水碓村,248,145705,588,493,301,817,401.26,68.30
雲林縣,古坑鄉,崁？村,270,155059,574,483,301,733,398.79,69.44
雲林縣,古坑鄉,新庄村,268,172604,644,514,299,841,531.81,82.57
雲林縣,古坑鄉,田心村,215,142038,661,555,368,834,437.37,66.20
雲林縣,古坑鄉,朝陽村,483,319691,662,542,329,866,490.34,74.08
雲林縣,古坑鄉,古坑村,466,301358,647,549,331,866,449.26,69.47
雲林縣,古坑鄉,西平村,335,210374,628,527,309,841,453.61,72.23
雲林縣,古坑鄉,永光村,394,257241,653,519,330,812,576.42,88.29
雲林縣,古坑鄉,永昌村,442,271746,615,499,313,786,481.73,78.35
雲林縣,古坑鄉,湳仔村,157,87168,555,483,314,712,352.49,63.49
雲林縣,古坑鄉,高林村,235,152182,648,591,335,807,426.31,65.83
雲林縣,古坑鄉,荷苞村,294,172943,588,498,333,725,416.15,70.74
雲林縣,古坑鄉,東和村,630,399275,634,505,298,804,557.96,88.04
雲林縣,古坑鄉,棋盤村,417,244724,587,464,321,760,441.22,75.18
雲林縣,古坑鄉,麻園村,174,91005,523,434,260,631,402.28,76.92
雲林縣,古坑鄉,華山村,128,69009,539,487,306,632,362.76,67.29
雲林縣,古坑鄉,華南村,52,33393,642,546,335,880,363.30,56.57
雲林縣,古坑鄉,桂林村,176,98963,562,481,299,767,349.48,62.15
雲林縣,古坑鄉,樟湖村,63,39885,633,514,320,708,592.90,93.65
雲林縣,古坑鄉,草嶺村,93,58483,629,480,296,683,642.57,102.18
雲林縣,大埤鄉,豐田村,316,180358,571,482,298,762,409.85,71.81
雲林縣,大埤鄉,嘉興村,511,278386,545,467,285,670,416.15,76.39
雲林縣,大埤鄉,松竹村,248,129254,521,467,286,669,326.77,62.70
雲林縣,大埤鄉,北鎮村,177,90483,511,422,297,645,407.76,79.77
雲林縣,大埤鄉,北和村,190,122517,645,498,341,785,623.85,96.75
雲林縣,大埤鄉,南和村,527,300757,571,482,284,713,450.07,78.86
雲林縣,大埤鄉,大德村,235,129186,550,442,280,668,532.35,96.84
雲林縣,大埤鄉,尚義村,468,253230,541,445,291,683,399.00,73.74
雲林縣,大埤鄉,三結村,314,172780,550,455,263,730,438.06,79.61
雲林縣,大埤鄉,吉田村,195,105216,540,433,280,704,408.38,75.69
雲林縣,大埤鄉,豐岡村,157,81279,518,442,270,635,353.09,68.20
雲林縣,大埤鄉,聯美村,258,137847,534,432,240,679,498.04,93.22
雲林縣,大埤鄉,怡然村,209,143189,685,453,306,726,1503.94,219.52
雲林縣,大埤鄉,興安村,182,96823,532,408,277,647,397.84,74.78
雲林縣,大埤鄉,西鎮村,181,88303,488,405,235,607,409.37,83.91
雲林縣,莿桐鄉,埔尾村,318,184344,580,511,298,746,436.88,75.36
雲林縣,莿桐鄉,義和村,254,121998,480,382,239,556,504.90,105.12
雲林縣,莿桐鄉,饒平村,255,168934,662,544,349,817,540.57,81.60
雲林縣,莿桐鄉,麻園村,50,32160,643,501,338,811,460.01,71.52
雲林縣,莿桐鄉,莿桐村,988,612699,620,485,287,781,645.03,104.01
雲林縣,莿桐鄉,甘厝村,257,117368,457,410,223,582,367.60,80.49
雲林縣,莿桐鄉,甘西村,371,198648,535,430,280,649,415.00,77.51
雲林縣,莿桐鄉,興桐村,336,180233,536,447,252,705,395.96,73.82
雲林縣,莿桐鄉,埔子村,532,299738,563,464,262,716,451.45,80.13
雲林縣,莿桐鄉,大美村,666,402221,604,488,333,776,473.31,78.37
雲林縣,莿桐鄉,興貴村,493,247682,502,414,243,629,409.72,81.55
雲林縣,莿桐鄉,四合村,410,250568,611,464,289,734,748.22,122.43
雲林縣,莿桐鄉,五華村,308,154652,502,435,297,616,325.65,64.86
雲林縣,莿桐鄉,六合村,732,396039,541,459,270,703,404.22,74.71
雲林縣,林內鄉,烏塗村,288,171654,596,526,319,795,372.60,62.51
雲林縣,林內鄉,重興村,406,241508,595,500,324,733,459.81,77.30
雲林縣,林內鄉,林南村,284,155751,548,470,298,725,373.93,68.18
雲林縣,林內鄉,林中村,933,591980,634,527,335,810,459.37,72.40
雲林縣,林內鄉,林北村,554,329439,595,496,328,743,512.11,86.12
雲林縣,林內鄉,坪頂村,120,75407,628,459,244,764,751.20,119.54
雲林縣,林內鄉,林茂村,233,125656,539,412,280,674,464.12,86.06
雲林縣,林內鄉,湖本村,137,79142,578,524,357,729,333.86,57.79
雲林縣,林內鄉,九芎村,650,365197,562,462,289,713,454.21,80.84
雲林縣,林內鄉,烏麻村,285,169729,596,516,322,766,404.91,67.99
雲林縣,二崙鄉,永定村,280,166201,594,526,293,788,397.06,66.89
雲林縣,二崙鄉,大同村,141,83966,596,554,341,749,360.66,60.56
雲林縣,二崙鄉,大義村,177,99182,560,453,296,715,394.19,70.35
雲林縣,二崙鄉,復興村,200,132762,664,466,301,727,1039.71,156.63
雲林縣,二崙鄉,大華村,149,96389,647,488,305,836,545.53,84.33
雲林縣,二崙鄉,三和村,325,190123,585,483,333,697,489.56,83.69
雲林縣,二崙鄉,大庄村,241,141141,586,505,313,714,432.64,73.87
雲林縣,二崙鄉,油車村,407,244267,600,502,323,762,429.63,71.59
雲林縣,二崙鄉,田尾村,389,213642,549,461,294,703,419.93,76.46
雲林縣,二崙鄉,湳仔村,255,150255,589,496,319,715,472.27,80.15
雲林縣,二崙鄉,崙東村,336,222730,663,554,321,897,482.94,72.85
雲林縣,二崙鄉,崙西村,366,220494,602,505,308,765,453.01,75.20
雲林縣,二崙鄉,來惠村,350,199410,570,478,275,725,484.66,85.07
雲林縣,二崙鄉,港後村,342,200824,587,505,309,735,420.96,71.69
雲林縣,二崙鄉,庄西村,211,99780,473,434,282,626,264.83,56.00
雲林縣,二崙鄉,義庄村,128,60895,476,406,248,668,274.10,57.61
雲林縣,二崙鄉,楊賢村,243,138282,569,499,304,692,438.66,77.08
雲林縣,二崙鄉,定安村,165,101956,618,463,316,753,493.95,79.94
雲林縣,崙背鄉,東明村,276,209027,757,514,328,904,772.32,101.98
雲林縣,崙背鄉,大有村,346,179200,518,443,302,666,323.94,62.55
雲林縣,崙背鄉,羅厝村,425,244538,575,420,261,720,517.25,89.90
雲林縣,崙背鄉,草湖村,247,123266,499,423,265,650,333.60,66.85
雲林縣,崙背鄉,水尾村,221,127920,579,460,305,698,589.27,101.80
雲林縣,崙背鄉,西榮村,287,173022,603,473,283,749,508.07,84.28
雲林縣,崙背鄉,南陽村,519,338364,652,526,304,823,542.92,83.28
雲林縣,崙背鄉,崙前村,388,214027,552,456,296,696,403.27,73.11
雲林縣,崙背鄉,港尾村,260,143971,554,455,299,717,397.57,71.80
雲林縣,崙背鄉,阿勸村,365,204090,559,432,270,705,481.78,86.16
雲林縣,崙背鄉,五魁村,183,93924,513,439,273,663,312.74,60.93
雲林縣,崙背鄉,豐榮村,384,197577,515,441,256,676,357.13,69.41
雲林縣,崙背鄉,舊庄村,217,111615,514,445,262,660,376.66,73.23
雲林縣,崙背鄉,枋南村,144,73356,509,426,292,608,349.75,68.66
雲林縣,麥寮鄉,興華村,281,153459,546,478,290,718,375.34,68.73
雲林縣,麥寮鄉,橋頭村,511,309245,605,488,296,767,495.12,81.82
雲林縣,麥寮鄉,瓦？村,286,164197,574,500,301,718,392.35,68.34
雲林縣,麥寮鄉,海豐村,247,129421,524,490,294,704,306.61,58.52
雲林縣,麥寮鄉,麥豐村,652,423544,650,539,295,827,600.18,92.39
雲林縣,麥寮鄉,麥津村,495,296715,599,483,281,792,477.29,79.62
雲林縣,麥寮鄉,崙後村,332,170937,515,455,285,642,351.52,68.27
雲林縣,麥寮鄉,後安村,397,225460,568,467,293,679,476.91,83.98
雲林縣,麥寮鄉,三盛村,406,235211,579,498,295,738,396.87,68.50
雲林縣,麥寮鄉,新吉村,145,81378,561,510,320,710,327.67,58.38
雲林縣,麥寮鄉,施厝村,361,205284,569,486,291,722,419.08,73.70
雲林縣,麥寮鄉,雷厝村,213,115364,542,467,311,684,361.50,66.74
雲林縣,東勢鄉,龍潭村,163,89957,552,478,299,701,388.62,70.42
雲林縣,東勢鄉,復興村,13,10387,799,709,288,955,722.13,90.38
雲林縣,東勢鄉,月眉村,205,120683,589,458,300,677,782.73,132.96
雲林縣,東勢鄉,同安村,384,203827,531,463,301,650,357.28,67.31
雲林縣,東勢鄉,東北村,251,167191,666,539,340,851,488.80,73.38
雲林縣,東勢鄉,東南村,336,209188,623,520,327,769,459.21,73.76
雲林縣,東勢鄉,嘉隆村,350,205596,587,527,301,758,416.41,70.89
雲林縣,東勢鄉,昌南村,207,111868,540,431,267,633,454.99,84.19
雲林縣,東勢鄉,安南村,179,98769,552,474,294,747,354.37,64.22
雲林縣,東勢鄉,新坤村,233,118065,507,437,300,636,345.73,68.23
雲林縣,東勢鄉,四美村,227,117465,517,432,289,659,374.05,72.28
雲林縣,東勢鄉,程海村,192,106774,556,465,261,741,410.38,73.79
雲林縣,褒忠鄉,中民村,402,245274,610,487,301,771,532.06,87.20
雲林縣,褒忠鄉,馬鳴村,276,151013,547,480,266,745,349.78,63.93
雲林縣,褒忠鄉,龍岩村,214,113772,532,461,266,688,375.00,70.54
雲林縣,褒忠鄉,田洋村,161,92537,575,515,319,726,353.55,61.51
雲林縣,褒忠鄉,埔姜村,304,191740,631,540,338,772,506.38,80.28
雲林縣,褒忠鄉,中勝村,296,177953,601,500,314,798,416.42,69.27
雲林縣,褒忠鄉,新湖村,241,134118,557,475,302,725,370.23,66.53
雲林縣,褒忠鄉,有才村,167,87432,524,481,304,677,298.85,57.08
雲林縣,褒忠鄉,潮厝村,167,99681,597,495,324,725,453.53,75.98
雲林縣,臺西鄉,海口村,337,197983,587,467,318,712,642.91,109.43
雲林縣,臺西鄉,永豐村,268,145116,541,463,284,698,455.99,84.21
雲林縣,臺西鄉,泉州村,117,57227,489,423,305,582,283.70,58.00
雲林縣,臺西鄉,溪頂村,243,125116,515,411,255,644,384.74,74.72
雲林縣,臺西鄉,台西村,311,198652,639,513,312,805,498.54,78.05
雲林縣,臺西鄉,海北村,220,115353,524,428,251,690,391.48,74.66
雲林縣,臺西鄉,海南村,183,105205,575,457,267,684,519.36,90.34
雲林縣,臺西鄉,光華村,134,64095,478,400,244,610,338.15,70.70
雲林縣,臺西鄉,山寮村,190,99902,526,442,290,675,376.29,71.56
雲林縣,臺西鄉,五榔村,109,57604,528,413,273,621,485.20,91.81
雲林縣,臺西鄉,牛厝村,328,170026,518,404,255,633,458.80,88.51
雲林縣,臺西鄉,富琦村,281,175269,624,488,279,743,700.89,112.37
雲林縣,臺西鄉,和豐村,546,301838,553,450,288,667,430.36,77.85
雲林縣,臺西鄉,蚊港村,330,185377,562,489,303,690,382.25,68.05
雲林縣,臺西鄉,五港村,339,180929,534,455,268,687,395.03,74.02
雲林縣,元長鄉,後湖村,158,84972,538,450,317,626,410.92,76.41
雲林縣,元長鄉,頂寮村,262,131298,501,451,269,680,310.14,61.89
雲林縣,元長鄉,龍岩村,180,107301,596,490,291,754,564.33,94.67
雲林縣,元長鄉,瓦？村,336,174951,521,433,301,661,360.14,69.17
雲林縣,元長鄉,合和村,186,96556,519,422,292,655,373.22,71.89
雲林縣,元長鄉,新吉村,114,65843,578,476,289,773,389.82,67.49
雲林縣,元長鄉,長南村,717,439528,613,503,298,790,532.83,86.92
雲林縣,元長鄉,長北村,332,186831,563,510,313,713,344.77,61.27
雲林縣,元長鄉,子茂村,287,168157,586,514,302,777,384.35,65.60
雲林縣,元長鄉,山內村,194,116847,602,467,264,721,809.91,134.47
雲林縣,元長鄉,五塊村,218,114275,524,446,297,688,340.04,64.87
雲林縣,元長鄉,潭西村,161,82854,515,416,292,630,382.34,74.30
雲林縣,元長鄉,潭東村,121,62182,514,464,324,681,319.23,62.12
雲林縣,元長鄉,客厝村,184,112769,613,507,297,748,477.33,77.88
雲林縣,元長鄉,卓運村,99,58673,593,485,255,717,480.40,81.06
雲林縣,元長鄉,下寮村,293,162227,554,462,313,746,343.66,62.07
雲林縣,元長鄉,西莊村,162,88787,548,449,294,710,375.16,68.45
雲林縣,元長鄉,鹿北村,217,118075,544,443,266,692,413.11,75.92
雲林縣,元長鄉,鹿南村,184,97760,531,450,277,674,382.86,72.06
雲林縣,元長鄉,內寮村,110,55646,506,415,289,620,316.85,62.63
雲林縣,元長鄉,崙仔村,146,77428,530,422,271,718,358.01,67.51
雲林縣,四湖鄉,溪底村,195,104564,536,468,320,689,327.98,61.16
雲林縣,四湖鄉,新庄村,110,67369,612,525,336,746,413.36,67.49
雲林縣,四湖鄉,湖西村,461,302976,657,504,307,795,918.71,139.79
雲林縣,四湖鄉,四湖村,355,221902,625,500,293,811,576.16,92.17
雲林縣,四湖鄉,？子村,179,90654,506,452,300,637,315.60,62.32
雲林縣,四湖鄉,溪尾村,171,90324,528,446,303,654,334.22,63.28
雲林縣,四湖鄉,內湖村,238,108226,455,401,251,589,274.59,60.38
雲林縣,四湖鄉,蔡厝村,174,103324,594,464,280,702,737.20,124.15
雲林縣,四湖鄉,湖寮村,167,91037,545,446,291,695,363.00,66.59
雲林縣,四湖鄉,鹿場村,247,134455,544,477,283,696,374.77,68.85
雲林縣,四湖鄉,施湖村,210,119824,571,468,272,739,437.85,76.74
雲林縣,四湖鄉,羊調村,210,119342,568,472,290,696,507.59,89.32
雲林縣,四湖鄉,崙南村,161,84839,527,455,300,671,328.38,62.32
雲林縣,四湖鄉,崙北村,356,194885,547,431,276,670,428.73,78.32
雲林縣,四湖鄉,廣溝村,182,82301,452,373,218,627,304.26,67.28
雲林縣,四湖鄉,飛沙村,230,125152,544,443,262,677,488.30,89.74
雲林縣,四湖鄉,三姓村,92,41194,448,389,240,576,306.40,68.43
雲林縣,四湖鄉,林東村,182,91333,502,422,260,651,324.41,64.65
雲林縣,四湖鄉,林厝村,224,127920,571,460,252,705,609.83,106.79
雲林縣,四湖鄉,飛東村,152,82119,540,431,263,691,405.64,75.08
雲林縣,四湖鄉,？東村,205,102819,502,450,300,646,297.81,59.38
雲林縣,口湖鄉,後厝村,152,67144,442,395,197,603,292.16,66.14
雲林縣,口湖鄉,湖東村,273,162733,596,519,280,735,461.88,77.48
雲林縣,口湖鄉,湖口村,175,83838,479,412,248,591,381.41,79.61
雲林縣,口湖鄉,蚵寮村,227,111555,491,411,285,628,322.76,65.68
雲林縣,口湖鄉,下崙村,445,224558,505,423,258,623,382.21,75.74
雲林縣,口湖鄉,埔南村,148,71346,482,369,213,680,370.93,76.95
雲林縣,口湖鄉,港西村,136,66878,492,405,284,665,405.12,82.38
雲林縣,口湖鄉,崙東村,319,178294,559,457,283,699,484.91,86.76
雲林縣,口湖鄉,崙中村,364,207059,569,442,270,657,832.16,146.29
雲林縣,口湖鄉,青蚶村,118,47379,402,338,220,535,287.20,71.53
雲林縣,口湖鄉,梧北村,229,127884,558,473,294,688,424.95,76.10
雲林縣,口湖鄉,梧南村,336,166935,497,424,263,669,312.92,62.98
雲林縣,口湖鄉,水井村,202,87397,433,362,197,583,329.65,76.19
雲林縣,口湖鄉,過港村,192,85144,443,372,211,578,406.55,91.68
雲林縣,口湖鄉,埔北村,200,95711,479,398,218,662,358.04,74.82
雲林縣,口湖鄉,謝厝村,212,96967,457,396,244,603,318.18,69.56
雲林縣,口湖鄉,頂湖村,164,92555,564,435,257,704,736.07,130.43
雲林縣,口湖鄉,口湖村,234,143184,612,501,325,740,503.71,82.32
雲林縣,口湖鄉,港東村,264,118364,448,370,218,587,373.70,83.35
雲林縣,口湖鄉,台子村,217,101344,467,422,257,554,345.48,73.98
雲林縣,口湖鄉,成龍村,180,91628,509,410,260,656,374.50,73.57
雲林縣,水林鄉,山？村,174,95018,546,472,291,688,349.24,63.95
雲林縣,水林鄉,尖山村,133,66888,503,450,281,667,319.59,63.55
雲林縣,水林鄉,萬興村,150,85276,569,451,267,661,564.93,99.37
雲林縣,水林鄉,灣東村,148,81235,549,473,304,769,347.96,63.39
雲林縣,水林鄉,後寮村,156,76123,488,405,276,609,322.97,66.19
雲林縣,水林鄉,溪墘村,157,82685,527,440,278,645,366.76,69.64
雲林縣,水林鄉,水北村,501,314455,628,471,288,763,729.43,116.21
雲林縣,水林鄉,水南村,368,234401,637,487,315,767,784.20,123.12
雲林縣,水林鄉,海埔村,197,103388,525,430,256,684,398.18,75.87
雲林縣,水林鄉,春埔村,206,107279,521,421,255,710,372.61,71.55
雲林縣,水林鄉,西井村,142,73589,518,428,288,675,355.44,68.59
雲林縣,水林鄉,灣西村,183,96598,528,439,273,724,358.09,67.84
雲林縣,水林鄉,蘇秦村,234,127348,544,460,264,746,370.10,68.01
雲林縣,水林鄉,車港村,104,55885,537,432,253,706,484.33,90.13
雲林縣,水林鄉,大山村,203,139434,687,503,308,723,1038.93,151.26
雲林縣,水林鄉,大溝村,185,116874,632,570,378,840,377.93,59.82
雲林縣,水林鄉,順興村,161,85868,533,436,275,662,427.92,80.23
雲林縣,水林鄉,蕃薯村,199,104946,527,435,285,663,367.32,69.65
雲林縣,水林鄉,松北村,231,136753,592,501,303,759,433.02,73.15
雲林縣,水林鄉,松中村,108,61405,569,507,332,758,361.64,63.61
雲林縣,水林鄉,松西村,142,73363,517,492,318,638,287.62,55.67
雲林縣,水林鄉,？埔村,156,69926,448,404,232,577,349.54,77.98
雲林縣,水林鄉,？底村,143,69042,483,362,237,570,438.45,90.81
雲林縣,水林鄉,土厝村,244,137897,565,480,327,734,382.01,67.59
嘉義縣,朴子市,中正里,231,161548,699,510,290,966,622.25,88.98
嘉義縣,朴子市,新庄里,99,58960,596,461,285,743,459.78,77.20
嘉義縣,朴子市,文化里,542,373144,688,519,309,889,687.08,99.80
嘉義縣,朴子市,永和里,604,370957,614,524,317,794,438.08,71.33
嘉義縣,朴子市,平和里,603,442913,735,575,313,937,686.03,93.40
嘉義縣,朴子市,仁和里,125,62581,501,384,277,557,384.03,76.71
嘉義縣,朴子市,開元里,160,97702,611,518,298,781,476.83,78.09
嘉義縣,朴子市,竹圍里,1038,772838,745,605,357,946,611.16,82.08
嘉義縣,朴子市,內厝里,277,172708,623,489,282,786,464.60,74.52
嘉義縣,朴子市,竹村里,210,127168,606,514,289,773,444.54,73.41
嘉義縣,朴子市,大鄉里,687,437495,637,520,310,832,475.99,74.74
嘉義縣,朴子市,順天里,227,153750,677,479,262,793,918.70,135.64
嘉義縣,朴子市,德興里,204,129155,633,521,318,764,519.83,82.11
嘉義縣,朴子市,安福里,488,370247,759,594,363,929,729.82,96.19
嘉義縣,朴子市,博厚里,202,144195,714,511,317,787,784.81,109.94
嘉義縣,朴子市,新寮里,132,64684,490,413,260,634,327.77,66.89
嘉義縣,朴子市,？溪里,100,61923,619,505,292,849,451.38,72.89
嘉義縣,朴子市,溪口里,151,94724,627,458,286,793,508.57,81.07
嘉義縣,朴子市,大葛里,377,233783,620,510,307,816,430.34,69.40
嘉義縣,朴子市,佳禾里,102,51924,509,475,280,680,301.60,59.25
嘉義縣,朴子市,崁前里,166,83113,501,433,301,657,284.30,56.78
嘉義縣,朴子市,崁後里,148,75492,510,448,309,672,295.58,57.95
嘉義縣,朴子市,順安里,45,23451,521,443,255,689,372.25,71.43
嘉義縣,朴子市,德家里,157,82513,526,444,287,673,363.19,69.11
嘉義縣,朴子市,松華里,262,151041,576,449,300,717,482.14,83.63
嘉義縣,朴子市,梅華里,217,118810,548,425,276,661,578.46,105.65
嘉義縣,朴子市,南竹里,98,51797,529,503,305,627,347.60,65.77
嘉義縣,布袋鎮,光復里,480,296823,618,531,321,838,407.59,65.91
嘉義縣,布袋鎮,江山里,63,44395,705,607,422,936,456.09,64.72
嘉義縣,布袋鎮,永安里,276,163527,592,494,280,782,431.53,72.83
嘉義縣,布袋鎮,西安里,240,141032,588,471,290,769,509.70,86.74
嘉義縣,布袋鎮,復興里,481,251329,523,430,280,680,377.65,72.28
嘉義縣,布袋鎮,東安里,271,157329,581,467,267,708,536.15,92.35
嘉義縣,布袋鎮,興中里,280,157688,563,459,302,726,410.92,72.96
嘉義縣,布袋鎮,新民里,234,141202,603,461,312,695,569.33,94.35
嘉義縣,布袋鎮,中安里,291,174372,599,436,293,674,1032.94,172.38
嘉義縣,布袋鎮,樹林里,124,67479,544,422,251,658,474.77,87.25
嘉義縣,布袋鎮,新厝里,167,104590,626,529,295,851,479.65,76.59
嘉義縣,布袋鎮,岱江里,131,67112,512,404,244,645,387.66,75.67
嘉義縣,布袋鎮,九龍里,103,56268,546,470,292,653,412.41,75.49
嘉義縣,布袋鎮,岑海里,332,205713,620,505,319,772,444.94,71.81
嘉義縣,布袋鎮,見龍里,207,108281,523,388,268,730,386.74,73.93
嘉義縣,布袋鎮,龍江里,230,127539,555,461,288,755,374.23,67.49
嘉義縣,布袋鎮,東港里,461,249648,542,449,270,705,398.17,73.53
嘉義縣,布袋鎮,考試里,67,38781,579,500,318,800,420.28,72.61
嘉義縣,布袋鎮,菜舖里,106,65342,616,538,314,786,427.34,69.32
嘉義縣,布袋鎮,振寮里,191,113508,594,436,260,741,568.18,95.61
嘉義縣,布袋鎮,貴舍里,123,72971,593,430,271,797,496.60,83.71
嘉義縣,布袋鎮,好美里,219,108582,496,426,291,610,374.60,75.55
嘉義縣,布袋鎮,新岑里,202,103629,513,409,283,641,362.47,70.65
嘉義縣,大林鎮,湖北里,164,92622,565,465,271,729,419.14,74.21
嘉義縣,大林鎮,義和里,143,79626,557,441,258,732,488.11,87.66
嘉義縣,大林鎮,上林里,152,97569,642,507,309,791,481.99,75.09
嘉義縣,大林鎮,三村里,176,96374,548,456,274,714,379.79,69.36
嘉義縣,大林鎮,三和里,443,269388,608,487,301,817,453.59,74.59
嘉義縣,大林鎮,平林里,1366,947093,693,573,333,880,605.05,87.27
嘉義縣,大林鎮,東林里,162,105996,654,520,256,832,543.87,83.12
嘉義縣,大林鎮,西林里,580,415066,716,564,355,887,595.97,83.28
嘉義縣,大林鎮,吉林里,275,178115,648,534,316,834,483.40,74.63
嘉義縣,大林鎮,明華里,283,165087,583,500,283,764,405.31,69.48
嘉義縣,大林鎮,明和里,350,224037,640,541,323,865,434.23,67.84
嘉義縣,大林鎮,排路里,139,86396,622,525,295,831,401.44,64.59
嘉義縣,大林鎮,西結里,147,90270,614,539,374,769,382.41,62.27
嘉義縣,大林鎮,大糖里,83,55760,672,502,363,945,521.85,77.68
嘉義縣,大林鎮,大美里,380,194087,511,421,253,692,409.71,80.22
嘉義縣,大林鎮,過溪里,302,173543,575,474,301,724,408.17,71.03
嘉義縣,大林鎮,中坑里,304,180201,593,468,297,780,430.73,72.67
嘉義縣,大林鎮,中林里,394,215922,548,443,253,709,430.60,78.57
嘉義縣,大林鎮,溝背里,207,121246,586,466,279,754,477.91,81.59
嘉義縣,大林鎮,內林里,160,109813,686,516,314,810,747.13,108.86
嘉義縣,大林鎮,三角里,188,108166,575,489,294,732,452.92,78.72
嘉義縣,民雄鄉,福興村,480,289228,603,504,284,741,507.24,84.18
嘉義縣,民雄鄉,三興村,242,207794,859,545,277,1205,856.99,99.81
嘉義縣,民雄鄉,大崎村,496,281694,568,467,271,755,425.48,74.92
嘉義縣,民雄鄉,東興村,132,66427,503,419,272,661,361.72,71.88
嘉義縣,民雄鄉,中和村,195,134225,688,578,356,869,494.31,71.81
嘉義縣,民雄鄉,西安村,876,664580,759,595,355,936,701.17,92.42
嘉義縣,民雄鄉,東湖村,427,262138,614,467,270,809,549.02,89.43
嘉義縣,民雄鄉,松山村,372,211326,568,477,295,685,438.16,77.13
嘉義縣,民雄鄉,中央村,322,202193,628,483,326,756,513.49,81.78
嘉義縣,民雄鄉,金興村,579,361118,624,517,332,819,431.70,69.22
嘉義縣,民雄鄉,平和村,214,135636,634,546,341,767,460.28,72.62
嘉義縣,民雄鄉,東榮村,598,454725,760,607,323,942,663.81,87.30
嘉義縣,民雄鄉,中樂村,486,353170,727,531,308,891,872.12,120.01
嘉義縣,民雄鄉,寮頂村,483,329312,682,556,355,818,557.90,81.83
嘉義縣,民雄鄉,福權村,314,208347,664,533,352,877,529.44,79.79
嘉義縣,民雄鄉,豊收村,487,287261,590,483,264,796,466.59,79.10
嘉義縣,民雄鄉,頂崙村,355,234059,659,487,317,835,522.05,79.18
嘉義縣,民雄鄉,鎮北村,182,123155,677,531,334,873,594.99,87.93
嘉義縣,民雄鄉,菁埔村,408,239898,588,469,282,749,645.61,109.80
嘉義縣,民雄鄉,西昌村,194,114422,590,467,299,719,559.04,94.79
嘉義縣,民雄鄉,興中村,426,264004,620,515,308,778,506.94,81.80
嘉義縣,民雄鄉,興南村,615,389706,634,537,345,795,456.78,72.09
嘉義縣,民雄鄉,文隆村,523,389775,745,578,344,883,1506.13,202.09
嘉義縣,民雄鄉,山中村,879,536818,611,523,338,808,393.18,64.38
嘉義縣,民雄鄉,雙福村,530,363589,686,553,327,881,602.29,87.80
嘉義縣,民雄鄉,北斗村,857,518910,605,489,309,750,555.88,91.81
嘉義縣,民雄鄉,秀林村,546,310079,568,482,305,760,387.86,68.30
嘉義縣,民雄鄉,福樂村,1133,806892,712,579,347,910,565.82,79.45
嘉義縣,溪口鄉,坪頂村,217,117377,541,463,305,676,541.72,100.15
嘉義縣,溪口鄉,溪東村,334,196962,590,483,318,712,431.18,73.12
嘉義縣,溪口鄉,溪西村,171,96317,563,469,301,742,389.75,69.20
嘉義縣,溪口鄉,溪北村,135,71071,526,412,252,645,438.12,83.22
嘉義縣,溪口鄉,柴林村,174,91054,523,441,260,646,486.83,93.03
嘉義縣,溪口鄉,林？村,170,93456,550,519,296,734,312.54,56.85
嘉義縣,溪口鄉,美南村,316,155013,491,423,250,627,370.92,75.61
嘉義縣,溪口鄉,美北村,230,123342,536,452,252,719,397.93,74.20
嘉義縣,溪口鄉,本厝村,251,126267,503,433,274,657,371.34,73.82
嘉義縣,溪口鄉,游東村,272,139593,513,426,240,712,367.97,71.70
嘉義縣,溪口鄉,游西村,167,88217,528,473,238,736,409.77,77.57
嘉義縣,溪口鄉,柳溝村,329,169116,514,438,274,675,337.54,65.67
嘉義縣,溪口鄉,疊溪村,257,145140,565,449,254,763,488.21,86.45
嘉義縣,溪口鄉,妙崙村,159,76834,483,407,225,625,365.44,75.62
嘉義縣,新港鄉,共和村,177,106895,604,489,304,760,537.86,89.06
嘉義縣,新港鄉,福德村,359,221526,617,512,289,777,457.80,74.19
嘉義縣,新港鄉,大興村,411,298616,727,489,264,843,1243.65,171.17
嘉義縣,新港鄉,月眉村,413,242352,587,508,309,775,390.81,66.60
嘉義縣,新港鄉,南港村,254,147189,579,497,315,734,361.12,62.32
嘉義縣,新港鄉,大潭村,352,200418,569,451,300,713,462.78,81.28
嘉義縣,新港鄉,中庄村,44,44405,1009,809,568,1180,685.12,67.89
嘉義縣,新港鄉,菜公村,225,131952,586,483,302,792,394.56,67.28
嘉義縣,新港鄉,溪北村,320,181548,567,488,296,707,477.57,84.18
嘉義縣,新港鄉,宮前村,497,331718,667,527,288,889,570.09,85.41
嘉義縣,新港鄉,宮後村,457,289955,634,495,305,822,552.24,87.04
嘉義縣,新港鄉,古民村,256,136998,535,424,287,672,466.10,87.10
嘉義縣,新港鄉,西庄村,223,115996,520,450,276,706,354.35,68.12
嘉義縣,新港鄉,月潭村,355,212090,597,510,299,769,454.31,76.04
嘉義縣,新港鄉,中洋村,242,142395,588,508,315,723,431.76,73.38
嘉義縣,新港鄉,三間村,272,173115,636,609,330,841,400.27,62.89
嘉義縣,新港鄉,安和村,206,110520,537,447,284,691,346.72,64.63
嘉義縣,新港鄉,潭大村,257,175127,681,509,337,762,1161.64,170.47
嘉義縣,新港鄉,板頭村,116,70192,605,546,339,787,366.65,60.59
嘉義縣,新港鄉,埤子村,129,57843,448,342,218,573,320.27,71.43
嘉義縣,新港鄉,南崙村,158,82643,523,438,284,703,343.52,65.68
嘉義縣,新港鄉,北崙村,94,46253,492,461,299,579,309.35,62.87
嘉義縣,新港鄉,海瀛村,85,41954,494,425,268,571,399.57,80.95
嘉義縣,六腳鄉,更寮村,101,64668,640,585,343,820,453.77,70.87
嘉義縣,六腳鄉,正義村,273,154559,566,477,283,763,514.42,90.86
嘉義縣,六腳鄉,潭墘村,177,91522,517,413,268,659,353.45,68.36
嘉義縣,六腳鄉,豐美村,196,106121,541,473,304,693,349.25,64.50
嘉義縣,六腳鄉,溪厝村,89,50014,562,464,330,756,333.26,59.30
嘉義縣,六腳鄉,蒜東村,182,111597,613,487,287,745,520.25,84.85
嘉義縣,六腳鄉,蒜南村,184,114007,620,483,299,792,571.68,92.26
嘉義縣,六腳鄉,蒜頭村,318,236000,742,595,328,996,615.59,82.95
嘉義縣,六腳鄉,工廠村,74,63461,858,846,497,1185,500.30,58.34
嘉義縣,六腳鄉,灣南村,226,131921,584,483,303,758,402.55,68.96
嘉義縣,六腳鄉,灣北村,212,112611,531,462,279,661,344.47,64.85
嘉義縣,六腳鄉,雙涵村,161,85359,530,450,297,650,381.87,72.03
嘉義縣,六腳鄉,塗師村,140,82031,586,480,365,688,361.95,61.77
嘉義縣,六腳鄉,三義村,146,81943,561,450,300,710,438.13,78.06
嘉義縣,六腳鄉,港美村,159,85923,540,468,312,682,339.02,62.73
嘉義縣,六腳鄉,六斗村,155,97164,627,523,331,756,442.14,70.53
嘉義縣,六腳鄉,崙陽村,211,114265,542,466,298,719,340.49,62.87
嘉義縣,六腳鄉,蘇厝村,311,179071,576,472,308,729,404.29,70.21
嘉義縣,六腳鄉,竹本村,111,62440,563,468,326,683,389.93,69.32
嘉義縣,六腳鄉,永賢村,58,27838,480,443,339,612,245.54,51.16
嘉義縣,六腳鄉,魚寮村,123,73420,597,558,313,788,382.13,64.02
嘉義縣,六腳鄉,六南村,109,60165,552,460,254,763,395.53,71.66
嘉義縣,六腳鄉,六？村,186,115622,622,522,297,797,597.75,96.16
嘉義縣,六腳鄉,崩山村,107,57094,534,435,275,689,384.50,72.06
嘉義縣,六腳鄉,古林村,121,64056,529,452,258,638,438.38,82.81
嘉義縣,東石鄉,？仔村,143,69546,486,404,250,579,381.55,78.45
嘉義縣,東石鄉,海埔村,85,37972,447,402,256,580,285.42,63.89
嘉義縣,東石鄉,東石村,296,156422,528,482,272,668,365.80,69.22
嘉義縣,東石鄉,猿樹村,154,88434,574,456,276,695,654.68,114.01
嘉義縣,東石鄉,？港村,209,96980,464,404,286,600,273.65,58.97
嘉義縣,東石鄉,型厝村,216,115582,535,457,244,684,458.37,85.66
嘉義縣,東石鄉,三家村,232,106108,457,382,228,623,330.86,72.34
嘉義縣,東石鄉,永屯村,136,72791,535,463,293,689,337.01,62.96
嘉義縣,東石鄉,龍港村,179,96329,538,460,275,711,350.78,65.18
嘉義縣,東石鄉,副瀨村,192,99516,518,465,326,644,340.84,65.76
嘉義縣,東石鄉,下揖村,141,82074,582,479,339,755,444.99,76.45
嘉義縣,東石鄉,頂揖村,67,35087,524,400,255,664,392.88,75.02
嘉義縣,東石鄉,溪下村,213,114084,536,428,313,634,498.97,93.16
嘉義縣,東石鄉,港口村,67,31849,475,363,215,559,583.70,122.79
嘉義縣,東石鄉,鰲鼓村,242,123804,512,407,268,630,406.66,79.49
嘉義縣,東石鄉,港墘村,264,146678,556,441,284,702,427.04,76.86
嘉義縣,東石鄉,蔦松村,162,83364,515,449,273,673,342.94,66.64
嘉義縣,東石鄉,圍潭村,135,70412,522,420,250,677,365.21,70.02
嘉義縣,東石鄉,洲仔村,170,80881,476,422,246,607,334.47,70.30
嘉義縣,東石鄉,東崙村,168,84201,501,453,240,696,305.35,60.92
嘉義縣,東石鄉,西崙村,183,101029,552,482,273,739,412.30,74.68
嘉義縣,東石鄉,網寮村,186,98604,530,432,277,666,544.52,102.71
嘉義縣,東石鄉,掌潭村,119,71178,598,450,307,806,477.44,79.82
嘉義縣,義竹鄉,平溪村,81,42720,527,447,285,641,365.67,69.33
嘉義縣,義竹鄉,仁里村,201,128627,640,521,287,845,541.65,84.64
嘉義縣,義竹鄉,中平村,95,69399,731,570,352,911,589.71,80.73
嘉義縣,義竹鄉,新店村,282,165305,586,477,300,776,429.81,73.32
嘉義縣,義竹鄉,溪洲村,29,25250,871,677,542,968,632.33,72.62
嘉義縣,義竹鄉,東光村,196,118994,607,516,314,765,458.44,75.51
嘉義縣,義竹鄉,東榮村,106,64492,608,457,300,815,435.58,71.59
嘉義縣,義竹鄉,岸？村,166,108491,654,535,306,845,610.02,93.34
嘉義縣,義竹鄉,義竹村,395,238468,604,521,295,805,428.56,70.99
嘉義縣,義竹鄉,六桂村,332,224494,676,551,325,842,582.99,86.22
嘉義縣,義竹鄉,傳芳村,153,81119,530,434,289,645,408.15,76.98
嘉義縣,義竹鄉,頭竹村,273,156880,575,484,311,738,394.52,68.65
嘉義縣,義竹鄉,五厝村,79,47665,603,549,307,761,399.88,66.28
嘉義縣,義竹鄉,埤前村,151,96301,638,570,395,809,440.44,69.06
嘉義縣,義竹鄉,後鎮村,125,72194,578,444,300,666,698.43,120.93
嘉義縣,義竹鄉,北華村,113,57134,506,451,310,640,292.89,57.93
嘉義縣,義竹鄉,東過村,265,133471,504,424,253,621,373.62,74.18
嘉義縣,義竹鄉,西過村,171,96509,564,471,278,713,393.74,69.77
嘉義縣,義竹鄉,官和村,186,87678,471,389,260,578,365.22,77.48
嘉義縣,義竹鄉,官順村,119,59751,502,453,295,615,328.62,65.45
嘉義縣,義竹鄉,新富村,117,63451,542,505,296,718,335.00,61.77
嘉義縣,義竹鄉,龍蛟村,149,93915,630,522,308,736,516.96,82.02
嘉義縣,鹿草鄉,三角村,401,215007,536,467,296,746,324.42,60.51
嘉義縣,鹿草鄉,松竹村,188,113219,602,530,329,759,402.14,66.78
嘉義縣,鹿草鄉,後寮村,85,54335,639,518,331,874,426.78,66.76
嘉義縣,鹿草鄉,西井村,306,175644,574,463,284,767,423.31,73.75
嘉義縣,鹿草鄉,鹿東村,120,84214,702,517,338,849,646.85,92.17
嘉義縣,鹿草鄉,鹿草村,297,193592,652,522,324,822,670.03,102.79
嘉義縣,鹿草鄉,豊稠村,101,63076,625,451,315,728,750.15,120.12
嘉義縣,鹿草鄉,重寮村,228,123518,542,430,260,690,415.72,76.74
嘉義縣,鹿草鄉,施家村,113,68893,610,454,300,757,520.53,85.38
嘉義縣,鹿草鄉,下潭村,163,92282,566,493,318,732,405.73,71.67
嘉義縣,鹿草鄉,光潭村,225,151918,675,465,282,710,1233.48,182.69
嘉義縣,鹿草鄉,碧潭村,195,125736,645,564,335,786,477.98,74.13
嘉義縣,鹿草鄉,竹山村,185,102731,555,446,299,691,416.50,75.00
嘉義縣,鹿草鄉,後堀村,315,193749,615,520,326,795,416.98,67.79
嘉義縣,鹿草鄉,下麻村,111,61680,556,457,264,713,396.49,71.35
嘉義縣,太保市,東勢里,203,116144,572,483,297,766,389.88,68.14
嘉義縣,太保市,港尾里,140,80865,578,433,272,709,667.10,115.49
嘉義縣,太保市,後庄里,127,78334,617,472,279,697,700.94,113.64
嘉義縣,太保市,南新里,426,259568,609,460,303,735,624.82,102.55
嘉義縣,太保市,安仁里,209,158624,759,631,313,1054,591.59,77.95
嘉義縣,太保市,太保里,437,301913,691,596,324,869,590.71,85.50
嘉義縣,太保市,前潭里,259,158509,612,444,274,729,635.02,103.76
嘉義縣,太保市,後潭里,309,175990,570,469,290,701,410.55,72.08
嘉義縣,太保市,春珠里,183,104063,569,459,252,696,573.88,100.92
嘉義縣,太保市,崙頂里,184,117473,638,518,300,829,526.92,82.53
嘉義縣,太保市,新埤里,290,185184,639,502,316,777,512.80,80.30
嘉義縣,太保市,舊埤里,472,283845,601,523,324,770,420.71,69.96
嘉義縣,太保市,田尾里,174,109618,630,546,352,835,358.22,56.86
嘉義縣,太保市,過溝里,582,420905,723,586,350,886,777.97,107.57
嘉義縣,太保市,麻寮里,743,491308,661,550,350,861,517.15,78.21
嘉義縣,太保市,北新里,512,321681,628,535,337,821,434.03,69.08
嘉義縣,太保市,埤鄉里,166,98340,592,490,298,798,406.40,68.60
嘉義縣,太保市,梅埔里,248,132966,536,443,289,677,375.96,70.12
嘉義縣,水上鄉,三界村,204,105805,519,423,267,666,387.90,74.79
嘉義縣,水上鄉,三和村,389,228021,586,482,292,802,402.07,68.59
嘉義縣,水上鄉,大堀村,339,203439,600,498,312,753,454.60,75.75
嘉義縣,水上鄉,義興村,171,108474,634,486,303,760,617.37,97.32
嘉義縣,水上鄉,溪洲村,269,157672,586,505,290,782,395.28,67.44
嘉義縣,水上鄉,中庄村,330,191373,580,473,302,737,431.04,74.33
嘉義縣,水上鄉,忠和村,400,213744,534,452,295,661,375.44,70.26
嘉義縣,水上鄉,國姓村,247,144505,585,432,292,710,534.73,91.40
嘉義縣,水上鄉,大崙村,468,247049,528,418,247,686,405.87,76.89
嘉義縣,水上鄉,民生村,707,413380,585,496,304,781,406.55,69.53
嘉義縣,水上鄉,南和村,295,191256,648,542,355,883,415.99,64.16
嘉義縣,水上鄉,下寮村,402,297263,739,510,338,759,1902.36,257.26
嘉義縣,水上鄉,水頭村,590,423164,717,567,321,945,654.97,91.32
嘉義縣,水上鄉,水上村,782,493909,632,539,319,826,443.24,70.18
嘉義縣,水上鄉,塗溝村,200,114740,574,470,256,751,452.52,78.88
嘉義縣,水上鄉,粗溪村,372,221297,595,484,282,768,446.99,75.14
嘉義縣,水上鄉,回歸村,130,92985,715,483,304,774,913.95,127.78
嘉義縣,水上鄉,龍德村,483,317113,657,514,310,861,506.21,77.10
嘉義縣,水上鄉,三鎮村,157,93903,598,468,283,833,422.08,70.57
嘉義縣,水上鄉,靖和村,150,117814,785,620,401,1079,536.78,68.34
嘉義縣,水上鄉,柳林村,460,272883,593,486,302,751,419.84,70.77
嘉義縣,水上鄉,柳鄉村,454,278483,613,485,306,777,463.08,75.49
嘉義縣,水上鄉,內溪村,223,125612,563,460,309,757,371.01,65.86
嘉義縣,水上鄉,寬士村,918,581199,633,528,314,817,468.95,74.07
嘉義縣,水上鄉,南鄉村,138,75100,544,510,325,692,276.09,50.73
嘉義縣,水上鄉,柳新村,496,277249,559,491,312,698,358.04,64.05
嘉義縣,中埔鄉,義仁村,228,122364,537,464,273,726,380.92,70.98
嘉義縣,中埔鄉,深坑村,122,67618,554,429,274,677,417.93,75.41
嘉義縣,中埔鄉,石？村,155,89559,578,523,286,748,372.72,64.51
嘉義縣,中埔鄉,龍門村,115,64091,557,468,269,729,423.26,75.95
嘉義縣,中埔鄉,和美村,1313,882370,672,565,329,885,478.40,71.19
嘉義縣,中埔鄉,和興村,1072,635394,593,491,302,742,446.91,75.40
嘉義縣,中埔鄉,中崙村,44,23467,533,383,204,679,546.74,102.51
嘉義縣,中埔鄉,東興村,35,17816,509,509,243,688,375.51,73.77
嘉義縣,中埔鄉,社口村,368,211374,574,520,298,730,446.43,77.72
嘉義縣,中埔鄉,同仁村,405,214696,530,450,284,689,363.05,68.48
嘉義縣,中埔鄉,裕民村,189,120081,635,520,300,794,518.37,81.59
嘉義縣,中埔鄉,中埔村,339,207584,612,528,280,811,440.37,71.92
嘉義縣,中埔鄉,？館村,163,92944,570,467,277,763,399.28,70.02
嘉義縣,中埔鄉,金蘭村,280,165827,592,450,300,748,489.16,82.59
嘉義縣,中埔鄉,富收村,554,305620,552,473,274,707,397.90,72.13
嘉義縣,中埔鄉,和睦村,573,383265,669,531,329,826,630.09,94.20
嘉義縣,中埔鄉,隆興村,390,214334,550,486,283,699,398.30,72.47
嘉義縣,中埔鄉,灣潭村,160,78150,488,408,277,656,328.61,67.28
嘉義縣,中埔鄉,頂埔村,156,79645,511,432,271,663,391.99,76.78
嘉義縣,中埔鄉,瑞豐村,94,44749,476,433,266,608,345.98,72.68
嘉義縣,中埔鄉,沄水村,185,94994,513,430,274,624,503.31,98.02
嘉義縣,中埔鄉,三層村,114,62791,551,423,292,634,567.24,102.98
嘉義縣,竹崎鄉,義仁村,198,109913,555,472,298,731,375.19,67.59
嘉義縣,竹崎鄉,和平村,374,222672,595,507,315,729,424.51,71.30
嘉義縣,竹崎鄉,沙坑村,157,71005,452,364,204,575,396.44,87.66
嘉義縣,竹崎鄉,金獅村,66,33163,502,395,272,710,349.16,69.49
嘉義縣,竹崎鄉,義和村,151,78216,518,440,264,646,358.94,69.30
嘉義縣,竹崎鄉,中和村,18,16187,899,715,512,1006,770.74,85.71
嘉義縣,竹崎鄉,光華村,67,43417,648,474,292,776,630.86,97.35
嘉義縣,竹崎鄉,竹崎村,516,351616,681,532,314,904,564.85,82.89
嘉義縣,竹崎鄉,坑頭村,122,56855,466,468,248,617,263.94,56.64
嘉義縣,竹崎鄉,獅埜村,235,125644,535,471,300,668,328.01,61.35
嘉義縣,竹崎鄉,鹿滿村,313,188719,603,476,290,787,534.62,88.67
嘉義縣,竹崎鄉,紫雲村,247,153960,623,492,277,714,751.96,120.64
嘉義縣,竹崎鄉,灣橋村,1211,794370,656,532,308,830,755.50,115.17
嘉義縣,竹崎鄉,內埔村,330,226544,686,454,311,720,1067.26,155.46
嘉義縣,竹崎鄉,昇平村,326,206454,633,463,266,702,895.25,141.36
嘉義縣,竹崎鄉,桃源村,171,85819,502,439,257,613,393.25,78.36
嘉義縣,竹崎鄉,白杞村,210,107005,510,449,262,637,333.85,65.52
嘉義縣,竹崎鄉,龍山村,280,158735,567,491,321,727,355.96,62.79
嘉義縣,竹崎鄉,義隆村,105,58828,560,475,281,708,438.44,78.26
嘉義縣,竹崎鄉,文？村,131,75442,576,476,300,746,479.48,83.26
嘉義縣,竹崎鄉,塘興村,145,80473,555,436,273,716,392.43,70.71
嘉義縣,竹崎鄉,復金村,344,197584,574,495,325,706,374.35,65.18
嘉義縣,竹崎鄉,緞繻村,176,94213,535,410,272,655,434.34,81.14
嘉義縣,竹崎鄉,仁壽村,42,24327,579,487,245,711,468.86,80.95
嘉義縣,梅山鄉,太平村,79,40443,512,411,272,610,407.54,79.61
嘉義縣,梅山鄉,永興村,99,53621,542,493,256,735,345.76,63.84
嘉義縣,梅山鄉,太和村,127,58070,457,378,185,579,385.48,84.31
嘉義縣,梅山鄉,大南村,291,164032,564,480,280,732,388.33,68.89
嘉義縣,梅山鄉,梅東村,468,280618,600,499,299,775,444.88,74.20
嘉義縣,梅山鄉,梅南村,215,142748,664,552,343,807,522.27,78.66
嘉義縣,梅山鄉,梅北村,793,499335,630,516,303,818,503.01,79.88
嘉義縣,梅山鄉,過山村,123,76758,624,484,295,742,513.14,82.23
嘉義縣,梅山鄉,圳南村,74,41816,565,526,300,725,383.25,67.82
嘉義縣,梅山鄉,圳北村,113,62572,554,486,304,692,359.87,64.99
嘉義縣,梅山鄉,安靖村,147,76221,519,427,253,698,342.02,65.96
嘉義縣,梅山鄉,？溪村,101,59122,585,465,288,747,505.08,86.28
嘉義縣,梅山鄉,半天村,75,40772,544,433,304,660,495.30,91.11
嘉義縣,梅山鄉,龍眼村,49,27300,557,449,242,616,589.22,105.76
嘉義縣,梅山鄉,太興村,51,28106,551,452,224,692,514.29,93.32
嘉義縣,梅山鄉,瑞里村,82,35531,433,361,203,515,354.56,81.83
嘉義縣,梅山鄉,瑞？村,71,29278,412,387,214,547,283.90,68.85
嘉義縣,梅山鄉,碧湖村,41,23203,566,413,283,666,527.76,93.26
嘉義縣,番路鄉,大湖村,139,71486,514,446,295,627,338.49,65.82
嘉義縣,番路鄉,民和村,171,85536,500,420,245,621,373.85,74.74
嘉義縣,番路鄉,內甕村,76,41346,544,466,267,720,398.90,73.32
嘉義縣,番路鄉,江西村,211,161029,763,595,335,1014,672.09,88.07
嘉義縣,番路鄉,新福村,162,80011,494,427,236,667,340.66,68.97
嘉義縣,番路鄉,下坑村,353,221429,627,522,300,802,514.57,82.03
嘉義縣,番路鄉,番路村,169,98705,584,445,285,776,458.91,78.57
嘉義縣,番路鄉,觸口村,147,75184,511,419,250,731,350.08,68.45
嘉義縣,番路鄉,公田村,95,55585,585,460,271,754,437.63,74.79
嘉義縣,番路鄉,公興村,58,48530,837,465,331,687,2092.70,250.11
嘉義縣,番路鄉,草山村,42,16786,400,391,277,500,200.03,50.05
嘉義縣,大埔鄉,和平村,69,27502,399,308,232,492,253.98,63.72
嘉義縣,大埔鄉,大埔村,176,92928,528,432,269,672,381.64,72.28
嘉義縣,大埔鄉,茄苳村,111,50603,456,367,259,538,406.47,89.16
嘉義縣,大埔鄉,永樂村,36,21822,606,388,266,619,826.88,136.41
嘉義縣,大埔鄉,西興村,48,28814,600,482,281,753,455.26,75.84
嘉義縣,阿里山鄉,中山村,70,41931,599,528,335,776,406.00,67.78
嘉義縣,阿里山鄉,中正村,42,26188,624,454,277,684,665.32,106.70
嘉義縣,阿里山鄉,香林村,72,45104,626,587,423,780,337.92,53.94
嘉義縣,阿里山鄉,十字村,45,21016,467,419,334,512,275.80,59.06
嘉義縣,阿里山鄉,達邦村,82,55957,682,582,455,847,429.32,62.91
嘉義縣,阿里山鄉,樂野村,62,33538,541,487,289,650,328.13,60.66
嘉義縣,阿里山鄉,來吉村,31,21563,696,428,314,716,872.96,125.50
嘉義縣,阿里山鄉,里佳村,36,17586,488,497,263,643,262.14,53.66
嘉義縣,阿里山鄉,山美村,51,23559,462,414,288,560,240.77,52.12
嘉義縣,阿里山鄉,新美村,54,17199,319,262,63,431,305.87,96.03
嘉義縣,阿里山鄉,豐山村,34,13381,394,388,201,503,241.64,61.40
嘉義縣,阿里山鄉,茶山村,49,16591,339,263,51,546,307.42,90.79
臺南縣,新營市,民權里,873,800290,917,694,399,1142,885.76,96.62
臺南縣,新營市,延平里,385,236837,615,491,302,755,591.74,96.19
臺南縣,新營市,興安里,144,123903,860,641,361,1093,753.43,87.56
臺南縣,新營市,興業里,504,475637,944,778,390,1252,829.69,87.92
臺南縣,新營市,民生里,1566,1370716,875,713,393,1176,732.44,83.68
臺南縣,新營市,土庫里,402,279468,695,532,309,937,568.34,81.75
臺南縣,新營市,南興里,802,604243,753,588,341,978,741.96,98.48
臺南縣,新營市,新北里,736,587001,798,638,359,1062,622.13,78.00
臺南縣,新營市,新南里,496,384587,775,582,318,1016,680.99,87.83
臺南縣,新營市,永生里,344,405692,1179,625,340,1165,2776.10,235.40
臺南縣,新營市,忠政里,1688,1618835,959,733,416,1197,2025.43,211.20
臺南縣,新營市,三仙里,854,676460,792,608,350,1087,652.11,82.33
臺南縣,新營市,民榮里,1184,822264,694,560,331,911,533.84,76.87
臺南縣,新營市,好平里,231,149299,646,527,337,792,519.07,80.31
臺南縣,新營市,中營里,425,416716,981,643,365,1236,1158.47,118.15
臺南縣,新營市,王公里,1978,1790518,905,700,372,1171,1529.65,168.98
臺南縣,新營市,大宏里,1028,965500,939,683,381,1217,938.57,99.93
臺南縣,新營市,護鎮里,362,242487,670,563,331,868,487.97,72.85
臺南縣,新營市,埤寮里,468,319199,682,576,332,923,482.96,70.81
臺南縣,新營市,太南里,387,220585,570,484,294,729,394.91,69.28
臺南縣,新營市,太北里,436,291072,668,555,359,850,462.72,69.31
臺南縣,新營市,南紙里,912,662035,726,609,398,891,610.00,84.03
臺南縣,新營市,嘉芳里,402,281764,701,545,318,839,1185.20,169.10
臺南縣,新營市,舊？里,84,60901,725,546,321,815,758.21,104.58
臺南縣,新營市,角帶里,96,49914,520,418,263,676,361.08,69.45
臺南縣,新營市,鐵線里,164,97768,596,499,348,757,381.39,63.98
臺南縣,新營市,五興里,231,135216,585,494,307,731,426.80,72.91
臺南縣,新營市,姑爺里,91,56012,616,489,347,716,468.92,76.18
臺南縣,鹽水鎮,南港里,198,111059,561,489,279,751,419.00,74.70
臺南縣,鹽水鎮,田寮里,48,28552,595,456,308,773,503.46,84.64
臺南縣,鹽水鎮,水仙里,100,64942,649,552,319,966,432.60,66.61
臺南縣,鹽水鎮,大豐里,72,46240,642,513,344,867,403.70,62.86
臺南縣,鹽水鎮,河南里,118,65857,558,429,304,716,363.39,65.11
臺南縣,鹽水鎮,水秀里,344,215535,627,481,292,787,847.42,135.25
臺南縣,鹽水鎮,福得里,144,110254,766,588,317,943,762.35,99.57
臺南縣,鹽水鎮,三生里,130,87846,676,511,256,1008,552.82,81.81
臺南縣,鹽水鎮,武廟里,153,146768,959,625,297,992,1704.57,177.70
臺南縣,鹽水鎮,中境里,178,114703,644,502,283,895,546.23,84.76
臺南縣,鹽水鎮,水正里,273,185923,681,565,316,876,574.15,84.31
臺南縣,鹽水鎮,橋南里,848,568770,671,557,361,835,541.71,80.77
臺南縣,鹽水鎮,岸內里,907,615825,679,566,337,914,476.45,70.17
臺南縣,鹽水鎮,義稠里,154,85833,557,459,282,786,412.31,73.98
臺南縣,鹽水鎮,汫水里,185,119400,645,508,329,816,582.68,90.28
臺南縣,鹽水鎮,下中里,149,86177,578,489,321,683,438.82,75.87
臺南縣,鹽水鎮,歡雅里,335,174892,522,418,269,681,363.62,69.65
臺南縣,鹽水鎮,大莊里,98,62172,634,507,322,778,476.29,75.08
臺南縣,鹽水鎮,孫厝里,108,61953,574,481,305,681,428.96,74.78
臺南縣,鹽水鎮,桐寮里,60,38850,647,550,341,855,466.74,72.08
臺南縣,鹽水鎮,後宅里,136,77709,571,441,288,742,499.46,87.41
臺南縣,鹽水鎮,舊營里,189,115225,610,504,326,725,590.31,96.83
臺南縣,鹽水鎮,竹埔里,179,109654,613,477,281,720,615.87,100.54
臺南縣,鹽水鎮,下林里,81,42160,520,480,340,611,326.12,62.66
臺南縣,鹽水鎮,飯店里,70,39935,571,463,330,692,393.14,68.91
臺南縣,白河鎮,永安里,777,523657,674,504,297,896,668.75,99.23
臺南縣,白河鎮,大林里,110,57417,522,457,293,673,347.58,66.59
臺南縣,白河鎮,仙草里,288,140044,486,421,269,638,349.00,71.77
臺南縣,白河鎮,大竹里,258,133750,518,436,250,664,386.40,74.54
臺南縣,白河鎮,詔安里,202,127040,629,445,270,693,1469.65,233.68
臺南縣,白河鎮,汴頭里,143,71502,500,368,218,585,551.39,110.27
臺南縣,白河鎮,河東里,334,184708,553,473,258,739,406.65,73.53
臺南縣,白河鎮,虎山里,110,59463,541,397,249,679,447.43,82.77
臺南縣,白河鎮,白河里,484,313259,647,484,299,820,586.90,90.68
臺南縣,白河鎮,庄內里,372,221030,594,492,298,793,427.75,71.99
臺南縣,白河鎮,外角里,355,214502,604,492,312,810,430.08,71.18
臺南縣,白河鎮,秀祐里,216,147629,683,496,290,787,1186.16,173.55
臺南縣,白河鎮,玉豐里,308,161024,523,439,256,699,374.38,71.61
臺南縣,白河鎮,蓮潭里,198,101923,515,427,243,670,365.17,70.94
臺南縣,白河鎮,廣安里,151,85245,565,436,277,737,455.46,80.68
臺南縣,白河鎮,內角里,207,116610,563,448,256,716,463.37,82.25
臺南縣,白河鎮,草店里,200,107551,538,468,332,704,312.39,58.09
臺南縣,白河鎮,甘宅里,118,61509,521,431,271,672,367.49,70.50
臺南縣,白河鎮,竹門里,218,129802,595,440,264,722,670.17,112.55
臺南縣,白河鎮,崎內里,162,78230,483,406,259,586,350.23,72.53
臺南縣,白河鎮,昇安里,275,158104,575,481,302,785,449.59,78.20
臺南縣,白河鎮,崁頭里,98,47297,483,423,260,646,322.47,66.82
臺南縣,白河鎮,六溪里,144,57203,397,361,193,519,268.23,67.52
臺南縣,白河鎮,關嶺里,259,140491,542,470,275,692,372.13,68.60
臺南縣,柳營鄉,人和村,185,125568,679,556,366,843,473.96,69.83
臺南縣,柳營鄉,士林村,381,281263,738,587,378,923,570.70,77.31
臺南縣,柳營鄉,光福村,495,328891,664,542,328,867,484.47,72.92
臺南縣,柳營鄉,中埕村,197,133022,675,590,376,866,428.69,63.49
臺南縣,柳營鄉,東昇村,627,426487,680,537,322,895,639.95,94.08
臺南縣,柳營鄉,八翁村,310,201023,648,533,304,853,573.68,88.47
臺南縣,柳營鄉,太康村,411,272806,664,576,359,859,441.83,66.57
臺南縣,柳營鄉,重溪村,424,244021,576,500,305,753,381.34,66.26
臺南縣,柳營鄉,篤農村,318,193477,608,475,286,773,499.49,82.10
臺南縣,柳營鄉,大農村,146,76534,524,452,274,669,338.14,64.50
臺南縣,柳營鄉,神農村,300,177846,593,520,315,790,363.81,61.37
臺南縣,柳營鄉,果毅村,272,167702,617,506,324,794,422.50,68.53
臺南縣,柳營鄉,旭山村,378,199110,527,448,283,656,378.98,71.95
臺南縣,後壁鄉,烏林村,35,21175,605,548,310,844,371.10,61.34
臺南縣,後壁鄉,長安村,377,252836,671,554,334,875,461.57,68.82
臺南縣,後壁鄉,頂安村,345,218572,634,521,324,844,445.36,70.30
臺南縣,後壁鄉,新東村,381,251992,661,541,351,851,478.97,72.42
臺南縣,後壁鄉,崁頂村,112,79939,714,622,391,903,523.27,73.31
臺南縣,後壁鄉,福安村,303,211593,698,581,348,945,489.19,70.05
臺南縣,後壁鄉,後壁村,419,296470,708,564,326,941,566.32,80.04
臺南縣,後壁鄉,嘉苳村,302,193169,640,522,353,817,453.37,70.88
臺南縣,後壁鄉,侯伯村,311,209780,675,513,308,902,545.17,80.82
臺南縣,後壁鄉,土溝村,327,187419,573,501,314,755,364.31,63.56
臺南縣,後壁鄉,嘉田村,270,170992,633,499,314,820,484.80,76.55
臺南縣,後壁鄉,嘉民村,284,169071,595,487,283,725,471.60,79.22
臺南縣,後壁鄉,烏樹村,158,91021,576,432,283,814,409.02,71.00
臺南縣,後壁鄉,墨林村,180,106982,594,493,329,792,416.59,70.09
臺南縣,後壁鄉,菁寮村,116,78743,679,594,341,1024,449.21,66.18
臺南縣,後壁鄉,後？村,79,51699,654,534,310,951,481.38,73.56
臺南縣,後壁鄉,菁豊村,190,104942,552,485,308,694,367.54,66.54
臺南縣,後壁鄉,新嘉村,206,118565,576,495,303,730,408.13,70.91
臺南縣,後壁鄉,頂長村,132,77648,588,493,326,705,415.18,70.58
臺南縣,後壁鄉,平安村,249,146554,589,489,315,710,497.75,84.57
臺南縣,後壁鄉,仕安村,126,75063,596,462,296,706,545.68,91.60
臺南縣,後壁鄉,竹新村,354,198666,561,483,306,759,399.97,71.27
臺南縣,東山鄉,南勢村,165,74722,453,425,250,606,282.24,62.32
臺南縣,東山鄉,高原村,160,90275,564,501,324,685,376.18,66.67
臺南縣,東山鄉,東河村,175,93897,537,437,272,680,465.82,86.82
臺南縣,東山鄉,東山村,290,159875,551,471,276,737,395.95,71.82
臺南縣,東山鄉,東中村,604,389119,644,528,323,846,488.53,75.83
臺南縣,東山鄉,東正村,303,174633,576,498,335,757,364.35,63.22
臺南縣,東山鄉,三榮村,189,99283,525,447,281,702,318.70,60.67
臺南縣,東山鄉,大客村,218,115628,530,453,237,708,395.76,74.61
臺南縣,東山鄉,科里村,257,135174,526,462,252,673,361.96,68.82
臺南縣,東山鄉,聖賢村,469,289197,617,509,324,808,432.77,70.18
臺南縣,東山鄉,南溪村,112,52327,467,434,302,596,239.75,51.31
臺南縣,東山鄉,水雲村,96,55879,582,508,277,741,393.53,67.61
臺南縣,東山鄉,林安村,56,31338,560,480,243,724,392.81,70.19
臺南縣,東山鄉,東原村,418,222752,533,435,285,664,478.38,89.77
臺南縣,東山鄉,嶺南村,106,51776,488,448,276,633,277.72,56.86
臺南縣,東山鄉,青山村,173,92964,537,451,284,691,409.28,76.16
臺南縣,麻豆鎮,龍泉里,216,124476,576,534,329,732,340.75,59.13
臺南縣,麻豆鎮,保安里,204,137254,673,488,281,816,682.44,101.43
臺南縣,麻豆鎮,埤頭里,347,199470,575,455,303,761,399.80,69.55
臺南縣,麻豆鎮,中興里,600,476297,794,665,363,1035,623.44,78.54
臺南縣,麻豆鎮,中民里,221,151263,684,428,306,728,1192.07,174.17
臺南縣,麻豆鎮,港尾里,242,139171,575,482,300,677,567.15,98.62
臺南縣,麻豆鎮,新建里,328,217489,663,512,337,825,516.24,77.86
臺南縣,麻豆鎮,興農里,399,256699,643,523,316,875,448.82,69.76
臺南縣,麻豆鎮,北勢里,237,135697,573,465,306,738,423.39,73.95
臺南縣,麻豆鎮,大山里,142,89229,628,506,305,815,459.96,73.20
臺南縣,麻豆鎮,安東里,146,96511,661,564,329,852,490.84,74.25
臺南縣,麻豆鎮,安西里,190,106338,560,445,328,714,375.87,67.16
臺南縣,麻豆鎮,油車里,925,615123,665,541,333,856,494.69,74.39
臺南縣,麻豆鎮,南勢里,675,714868,1059,545,336,926,7092.00,669.65
臺南縣,麻豆鎮,海埔里,255,157320,617,470,295,761,509.01,82.51
臺南縣,麻豆鎮,晉江里,762,573517,753,602,341,957,660.06,87.70
臺南縣,麻豆鎮,榖興里,220,186010,846,559,306,930,1209.38,143.04
臺南縣,麻豆鎮,東角里,689,601221,873,717,392,1033,967.90,110.92
臺南縣,麻豆鎮,巷口里,497,461792,929,662,351,1051,1603.92,172.62
臺南縣,麻豆鎮,大埕里,765,540297,706,530,337,890,710.73,100.63
臺南縣,麻豆鎮,總榮里,187,137173,734,613,388,931,533.55,72.74
臺南縣,麻豆鎮,寮？里,389,240160,617,509,347,766,450.41,72.95
臺南縣,麻豆鎮,安業里,149,104600,702,562,332,958,568.74,81.01
臺南縣,麻豆鎮,謝安里,220,136766,622,507,347,757,447.63,72.01
臺南縣,麻豆鎮,安正里,206,117047,568,430,271,752,439.62,77.37
臺南縣,麻豆鎮,磚井里,312,210161,674,549,334,804,589.94,87.58
臺南縣,麻豆鎮,小埤里,238,154916,651,547,348,808,452.70,69.55
臺南縣,麻豆鎮,莊禮里,123,72918,593,465,304,751,466.26,78.65
臺南縣,麻豆鎮,麻口里,268,153711,574,485,328,766,365.94,63.80
臺南縣,下營鄉,仁里村,661,406100,614,519,333,780,435.75,70.93
臺南縣,下營鄉,新興村,521,326773,627,518,322,806,516.76,82.39
臺南縣,下營鄉,宅內村,250,147645,591,495,287,746,470.52,79.67
臺南縣,下營鄉,後街村,361,221308,613,511,324,783,453.62,73.99
臺南縣,下營鄉,下營村,261,188324,722,540,348,861,761.90,105.59
臺南縣,下營鄉,營前村,561,384282,685,528,339,854,554.56,80.96
臺南縣,下營鄉,大屯村,150,82680,551,462,304,736,335.50,60.87
臺南縣,下營鄉,大埤村,171,95637,559,464,317,719,369.43,66.06
臺南縣,下營鄉,開化村,471,280672,596,489,318,776,415.98,69.81
臺南縣,下營鄉,茅港村,279,183140,656,531,343,825,477.60,72.76
臺南縣,下營鄉,中營村,293,178081,608,475,314,775,522.52,85.97
臺南縣,下營鄉,西連村,208,136210,655,537,354,846,480.56,73.38
臺南縣,下營鄉,賀建村,278,166946,601,517,353,766,370.62,61.72
臺南縣,下營鄉,甲中村,241,132854,551,441,316,727,358.16,64.97
臺南縣,下營鄉,紅厝村,269,168619,627,491,302,768,498.31,79.50
臺南縣,六甲鄉,菁埔村,111,73390,661,529,299,853,511.18,77.31
臺南縣,六甲鄉,六甲村,843,588539,698,543,344,875,587.36,84.13
臺南縣,六甲鄉,甲東村,724,494438,683,547,356,877,576.74,84.45
臺南縣,六甲鄉,甲南村,353,230044,652,517,309,838,543.07,83.33
臺南縣,六甲鄉,龍湖村,271,152214,562,469,301,722,390.76,69.57
臺南縣,六甲鄉,七甲村,242,156810,648,525,362,789,747.75,115.40
臺南縣,六甲鄉,二甲村,831,534803,644,538,334,843,441.29,68.57
臺南縣,六甲鄉,水林村,536,340978,636,548,348,795,450.40,70.80
臺南縣,六甲鄉,中社村,444,282347,636,524,342,815,604.75,95.10
臺南縣,六甲鄉,龜港村,295,189702,643,519,349,847,423.68,65.88
臺南縣,六甲鄉,王爺村,195,99763,512,429,289,653,346.65,67.76
臺南縣,六甲鄉,大丘村,136,68373,503,424,301,642,291.72,58.03
臺南縣,官田鄉,社子村,182,100203,551,482,325,729,339.52,61.67
臺南縣,官田鄉,大崎村,78,52462,673,656,349,939,423.16,62.92
臺南縣,官田鄉,南？村,319,191766,601,476,311,767,556.73,92.61
臺南縣,官田鄉,西庄村,183,108154,591,470,326,757,392.30,66.38
臺南縣,官田鄉,官田村,549,343691,626,516,343,785,431.68,68.95
臺南縣,官田鄉,湖山村,232,144678,624,523,326,845,473.64,75.95
臺南縣,官田鄉,隆田村,558,352339,631,494,311,822,481.61,76.27
臺南縣,官田鄉,二鎮村,757,533702,705,565,343,871,859.63,121.93
臺南縣,官田鄉,東庄村,360,214406,596,466,303,780,481.41,80.83
臺南縣,官田鄉,拔林村,147,92904,632,527,331,775,454.66,71.94
臺南縣,官田鄉,渡頭村,542,353161,652,536,349,845,518.29,79.54
臺南縣,官田鄉,嘉南村,75,44867,598,520,329,704,387.83,64.83
臺南縣,官田鄉,隆本村,827,538577,651,541,354,850,457.39,70.23
臺南縣,大內鄉,頭社村,186,92677,498,425,271,638,344.27,69.09
臺南縣,大內鄉,石湖村,283,152839,540,458,287,674,403.53,74.72
臺南縣,大內鄉,石林村,157,92971,592,484,327,706,410.90,69.39
臺南縣,大內鄉,石城村,386,223030,578,479,316,731,393.14,68.04
臺南縣,大內鄉,內江村,289,174240,603,483,323,710,502.66,83.37
臺南縣,大內鄉,大內村,199,128426,645,540,323,799,494.03,76.55
臺南縣,大內鄉,內郭村,150,79164,528,397,257,647,454.88,86.19
臺南縣,大內鄉,二溪村,191,96383,505,405,280,677,321.05,63.62
臺南縣,大內鄉,曲溪村,111,59054,532,462,315,702,344.11,64.68
臺南縣,大內鄉,環湖村,140,67048,479,401,278,654,309.09,64.54
臺南縣,佳里鎮,龍安里,215,122538,570,446,316,690,477.18,83.72
臺南縣,佳里鎮,民安里,2400,1600807,667,515,319,829,697.38,104.55
臺南縣,佳里鎮,頂？里,194,115208,594,518,304,780,393.21,66.21
臺南縣,佳里鎮,建南里,1570,1103051,703,533,331,839,780.35,111.07
臺南縣,佳里鎮,安西里,354,354817,1002,785,461,1285,804.33,80.25
臺南縣,佳里鎮,東寧里,505,485875,962,545,311,966,2310.02,240.09
臺南縣,佳里鎮,興化里,330,197178,598,501,303,744,422.32,70.68
臺南縣,佳里鎮,海澄里,321,184432,575,469,320,785,362.65,63.12
臺南縣,佳里鎮,溪洲里,90,54735,608,559,303,795,387.59,63.73
臺南縣,佳里鎮,鎮山里,1144,774255,677,520,324,858,882.31,130.37
臺南縣,佳里鎮,六安里,989,781189,790,594,358,1004,969.40,122.73
臺南縣,佳里鎮,佳化里,442,281174,636,516,336,777,622.04,97.78
臺南縣,佳里鎮,禮化里,211,150921,715,549,344,780,798.68,111.66
臺南縣,佳里鎮,營頂里,158,112024,709,530,357,801,580.34,81.85
臺南縣,佳里鎮,漳洲里,135,93535,693,506,335,744,1153.45,166.48
臺南縣,佳里鎮,子龍里,298,192506,646,523,311,845,518.25,80.23
臺南縣,佳里鎮,三協里,201,118358,589,449,292,740,519.17,88.17
臺南縣,佳里鎮,蚶寮里,173,90233,522,440,308,693,315.17,60.43
臺南縣,佳里鎮,通興里,200,108163,541,450,317,633,422.02,78.03
臺南縣,佳里鎮,嘉福里,185,91369,494,399,260,645,310.94,62.96
臺南縣,佳里鎮,忠仁里,697,471058,676,514,327,804,618.69,91.54
臺南縣,西港鄉,竹林村,244,123545,506,410,265,626,378.46,74.74
臺南縣,西港鄉,劉厝村,255,138163,542,439,260,657,506.45,93.47
臺南縣,西港鄉,永樂村,169,85094,504,435,278,612,316.55,62.87
臺南縣,西港鄉,西港村,750,463160,618,511,303,788,469.26,75.99
臺南縣,西港鄉,港東村,305,178189,584,484,312,725,468.49,80.19
臺南縣,西港鄉,南海村,480,334962,698,484,316,747,2301.12,329.75
臺南縣,西港鄉,檨林村,307,169545,552,452,310,713,403.25,73.02
臺南縣,西港鄉,後營村,280,154576,552,486,313,699,351.91,63.74
臺南縣,西港鄉,營西村,237,134603,568,487,315,722,393.27,69.24
臺南縣,西港鄉,金砂村,205,118760,579,465,308,697,613.52,105.90
臺南縣,西港鄉,新復村,174,96899,557,476,288,715,395.84,71.08
臺南縣,西港鄉,慶安村,979,714729,730,559,343,853,1661.98,227.65
臺南縣,七股鄉,？榔村,105,46757,445,361,256,560,351.49,78.93
臺南縣,七股鄉,大潭村,142,80857,569,461,300,671,485.95,85.34
臺南縣,七股鄉,樹林村,216,117421,544,454,315,684,363.34,66.84
臺南縣,七股鄉,大寮村,173,94272,545,439,288,654,485.51,89.10
臺南縣,七股鄉,中寮村,130,68630,528,430,309,618,396.11,75.03
臺南縣,七股鄉,龍山村,305,173010,567,472,306,655,451.31,79.56
臺南縣,七股鄉,後港村,93,46599,501,419,332,632,304.66,60.80
臺南縣,七股鄉,頂山村,183,83126,454,392,257,545,338.62,74.55
臺南縣,七股鄉,西寮村,85,44670,526,425,309,629,394.36,75.04
臺南縣,七股鄉,城內村,75,46114,615,473,284,681,595.92,96.92
臺南縣,七股鄉,篤加村,185,116410,629,426,284,587,897.47,142.63
臺南縣,七股鄉,？埕村,79,47164,597,423,334,620,705.66,118.20
臺南縣,七股鄉,七股村,193,103756,538,454,299,664,379.95,70.67
臺南縣,七股鄉,溪南村,57,38989,684,483,296,735,602.86,88.13
臺南縣,七股鄉,玉成村,179,106003,592,487,321,768,384.17,64.87
臺南縣,七股鄉,大埕村,296,189785,641,468,319,716,1656.70,258.39
臺南縣,七股鄉,看坪村,83,50357,607,473,308,706,510.43,84.13
臺南縣,七股鄉,竹港村,125,71836,575,465,294,713,395.69,68.85
臺南縣,七股鄉,竹橋村,137,76020,555,486,310,697,379.74,68.44
臺南縣,七股鄉,義合村,224,134027,598,510,323,779,444.23,74.24
臺南縣,七股鄉,永吉村,129,60097,466,396,267,569,302.45,64.92
臺南縣,七股鄉,三股村,236,126700,537,441,257,664,460.76,85.82
臺南縣,七股鄉,十份村,204,110495,542,413,256,694,458.66,84.68
臺南縣,將軍鄉,北埔村,110,69968,636,482,296,685,835.37,131.33
臺南縣,將軍鄉,仁和村,133,80269,604,507,318,714,537.58,89.07
臺南縣,將軍鄉,長沙村,254,116665,459,408,280,623,278.55,60.64
臺南縣,將軍鄉,長榮村,207,127559,616,534,340,736,463.27,75.18
臺南縣,將軍鄉,西華村,307,186436,607,492,277,731,490.57,80.78
臺南縣,將軍鄉,西和村,196,116852,596,457,332,750,531.36,89.13
臺南縣,將軍鄉,忠興村,363,200860,553,476,301,701,430.52,77.80
臺南縣,將軍鄉,嘉昌村,167,95264,570,520,308,720,387.54,67.94
臺南縣,將軍鄉,保源村,218,119950,550,452,275,683,444.35,80.76
臺南縣,將軍鄉,苓和村,208,120500,579,484,327,667,550.93,95.10
臺南縣,將軍鄉,將富村,133,80339,604,527,326,751,457.38,75.72
臺南縣,將軍鄉,將貴村,84,52295,623,485,299,748,724.54,116.38
臺南縣,將軍鄉,三吉村,69,54882,795,405,276,590,2469.57,310.48
臺南縣,將軍鄉,玉山村,136,69747,513,411,277,656,370.72,72.29
臺南縣,將軍鄉,廣山村,93,50160,539,405,299,643,404.63,75.02
臺南縣,將軍鄉,平沙村,213,106147,498,425,291,611,330.49,66.32
臺南縣,將軍鄉,鯤鯓村,387,179767,465,403,277,563,298.40,64.24
臺南縣,將軍鄉,鯤溟村,160,78339,490,428,284,593,309.05,63.12
臺南縣,北門鄉,仁里村,155,89896,580,499,346,763,353.49,60.95
臺南縣,北門鄉,三光村,221,109846,497,422,302,627,295.28,59.41
臺南縣,北門鄉,永隆村,73,38834,532,462,333,702,310.80,58.42
臺南縣,北門鄉,北門村,200,117974,590,478,323,773,400.31,67.86
臺南縣,北門鄉,永華村,70,39839,569,443,355,686,383.24,67.34
臺南縣,北門鄉,玉港村,158,86830,550,496,322,700,357.61,65.07
臺南縣,北門鄉,東壁村,109,62136,570,458,322,698,420.99,73.85
臺南縣,北門鄉,鯤江村,132,73158,554,475,343,630,420.79,75.92
臺南縣,北門鄉,保吉村,273,147705,541,457,327,678,356.36,65.87
臺南縣,北門鄉,雙春村,97,101619,1048,465,288,704,4208.21,401.69
臺南縣,北門鄉,錦湖村,171,99819,584,498,326,680,423.91,72.62
臺南縣,北門鄉,慈安村,142,81725,576,471,304,714,514.55,89.40
臺南縣,北門鄉,中樞村,121,73412,607,481,319,754,408.91,67.40
臺南縣,學甲鎮,光明里,85,49767,585,514,288,701,496.19,84.75
臺南縣,學甲鎮,新生里,428,274888,642,535,323,765,549.01,85.48
臺南縣,學甲鎮,百福里,375,249621,666,556,367,849,450.88,67.73
臺南縣,學甲鎮,文化里,153,83485,546,454,321,736,323.33,59.26
臺南縣,學甲鎮,新榮里,383,256519,670,554,343,879,486.23,72.60
臺南縣,學甲鎮,光華里,206,120256,584,532,373,752,304.34,52.13
臺南縣,學甲鎮,大安里,135,78325,580,471,347,734,400.59,69.05
臺南縣,學甲鎮,達明里,134,81227,606,500,301,740,518.68,85.57
臺南縣,學甲鎮,慈生里,144,108204,751,566,359,817,889.98,118.44
臺南縣,學甲鎮,頭港里,96,50814,529,454,280,670,369.39,69.79
臺南縣,學甲鎮,西明里,335,197166,589,468,293,749,436.91,74.24
臺南縣,學甲鎮,宜民里,147,148912,1013,531,293,891,3020.78,298.20
臺南縣,學甲鎮,煥昌里,213,124667,585,493,317,767,454.64,77.68
臺南縣,學甲鎮,仁得里,1006,699223,695,528,316,840,676.04,97.26
臺南縣,學甲鎮,白渚里,93,53870,579,468,289,707,443.59,76.58
臺南縣,學甲鎮,民吉里,126,83580,663,598,365,808,484.20,72.99
臺南縣,學甲鎮,西進里,117,120564,1030,497,336,729,4889.14,474.46
臺南縣,學甲鎮,宅港里,242,140404,580,481,306,748,427.58,73.70
臺南縣,學甲鎮,平東里,104,57534,553,521,349,651,362.87,65.59
臺南縣,學甲鎮,平西里,132,72492,549,493,316,731,317.40,57.80
臺南縣,學甲鎮,美和里,84,43370,516,443,296,693,313.78,60.77
臺南縣,學甲鎮,美豐里,196,105197,537,476,307,673,365.44,68.09
臺南縣,學甲鎮,頂洲里,145,86611,597,457,300,723,461.39,77.24
臺南縣,學甲鎮,紅茄里,98,55044,562,494,332,662,429.80,76.52
臺南縣,學甲鎮,新芳里,113,64046,567,477,321,728,342.71,60.47
臺南縣,學甲鎮,一秀里,345,209892,608,548,324,782,409.85,67.37
臺南縣,新化鎮,東榮里,1085,763648,704,550,327,903,582.10,82.71
臺南縣,新化鎮,中央里,115,79128,688,612,353,889,509.67,74.07
臺南縣,新化鎮,大坑里,68,36591,538,508,287,691,336.29,62.50
臺南縣,新化鎮,北勢里,331,201980,610,534,339,804,413.66,67.79
臺南縣,新化鎮,清水里,249,155573,625,419,282,812,595.99,95.39
臺南縣,新化鎮,觀音里,164,106380,649,509,279,847,558.51,86.10
臺南縣,新化鎮,太平里,1026,666036,649,507,308,779,593.54,91.43
臺南縣,新化鎮,竹林里,97,59447,613,519,335,804,419.81,68.50
臺南縣,新化鎮,山？里,323,236403,732,497,321,779,2195.51,299.97
臺南縣,新化鎮,豐榮里,653,431130,660,528,324,848,513.09,77.71
臺南縣,新化鎮,崙頂里,389,229047,589,467,306,709,592.23,100.58
臺南縣,新化鎮,武安里,463,330609,714,559,347,949,552.14,77.32
臺南縣,新化鎮,護國里,412,288711,701,547,317,915,591.93,84.47
臺南縣,新化鎮,協興里,809,549952,680,530,319,847,585.51,86.13
臺南縣,新化鎮,唪口里,434,299566,690,558,317,853,590.97,85.62
臺南縣,新化鎮,全興里,578,453305,784,631,377,1047,568.85,72.53
臺南縣,新化鎮,知義里,460,261526,569,439,286,737,467.55,82.24
臺南縣,新化鎮,？拔里,487,302764,622,497,324,771,510.92,82.18
臺南縣,新化鎮,羊林里,184,98050,533,464,275,685,348.00,65.31
臺南縣,新化鎮,礁坑里,194,96604,498,419,298,605,358.80,72.05
臺南縣,善化鎮,東昌里,285,172986,607,501,342,744,430.17,70.87
臺南縣,善化鎮,文昌里,601,421581,701,574,343,905,568.30,81.02
臺南縣,善化鎮,文正里,309,193596,627,538,344,805,402.40,64.23
臺南縣,善化鎮,田寮里,66,44017,667,600,386,900,384.84,57.70
臺南縣,善化鎮,溪美里,441,337192,765,633,382,1000,545.10,71.29
臺南縣,善化鎮,東關里,282,226351,803,620,384,961,667.08,83.11
臺南縣,善化鎮,南關里,374,232785,622,507,325,801,471.73,75.79
臺南縣,善化鎮,西關里,182,132452,728,585,314,892,603.82,82.97
臺南縣,善化鎮,北關里,129,77980,604,471,299,774,446.32,73.83
臺南縣,善化鎮,坐駕里,878,698086,795,621,368,1038,628.97,79.11
臺南縣,善化鎮,胡家里,317,177938,561,497,329,717,335.12,59.70
臺南縣,善化鎮,胡厝里,422,258450,612,510,323,792,406.24,66.33
臺南縣,善化鎮,什乃里,242,154006,636,543,348,884,387.70,60.92
臺南縣,善化鎮,六分里,168,105836,630,572,360,793,380.43,60.39
臺南縣,善化鎮,六德里,249,150343,604,472,310,743,547.47,90.67
臺南縣,善化鎮,東隆里,245,155108,633,538,359,835,384.34,60.71
臺南縣,善化鎮,牛庄里,424,318007,750,582,370,943,645.14,86.02
臺南縣,善化鎮,嘉南里,279,191412,686,505,348,820,711.35,103.69
臺南縣,善化鎮,嘉北里,380,254520,670,543,347,858,466.01,69.58
臺南縣,善化鎮,小新里,806,562858,698,601,367,891,469.73,67.26
臺南縣,善化鎮,光文里,1374,1118435,814,610,366,1030,855.53,105.10
臺南縣,新市鄉,大洲村,138,76737,556,444,309,714,361.28,64.97
臺南縣,新市鄉,大社村,1034,702700,680,590,365,915,435.88,64.14
臺南縣,新市鄉,港墘村,929,607666,654,520,341,822,524.55,80.19
臺南縣,新市鄉,新市村,781,546980,700,568,351,909,540.80,77.22
臺南縣,新市鄉,新和村,1753,1260419,719,566,354,902,838.62,116.64
臺南縣,新市鄉,社內村,533,358529,673,556,327,886,510.11,75.83
臺南縣,新市鄉,豊華村,225,128567,571,529,295,738,349.17,61.11
臺南縣,新市鄉,三舍村,302,223584,740,555,318,920,728.23,98.36
臺南縣,新市鄉,大營村,774,520959,673,547,352,872,522.51,77.63
臺南縣,新市鄉,潭頂村,436,276082,633,545,351,814,463.47,73.19
臺南縣,新市鄉,永就村,695,449839,647,546,362,819,441.40,68.20
臺南縣,安定鄉,大同村,124,76337,616,472,315,715,500.37,81.28
臺南縣,安定鄉,港尾村,360,213850,594,496,307,756,493.29,83.04
臺南縣,安定鄉,新吉村,363,199610,550,464,286,688,362.96,66.01
臺南縣,安定鄉,蘇厝村,442,278017,629,530,348,848,408.33,64.92
臺南縣,安定鄉,港口村,556,334568,602,487,308,745,526.18,87.44
臺南縣,安定鄉,蘇林村,505,310302,614,525,331,797,402.34,65.48
臺南縣,安定鄉,安定村,342,213002,623,525,330,754,444.29,71.34
臺南縣,安定鄉,保西村,184,129804,705,529,312,945,613.44,86.96
臺南縣,安定鄉,安加村,296,174974,591,487,305,786,419.18,70.91
臺南縣,安定鄉,中榮村,227,134941,594,458,309,693,533.39,89.73
臺南縣,安定鄉,港南村,475,265446,559,456,289,707,460.09,82.33
臺南縣,安定鄉,六嘉村,297,161308,543,437,302,675,438.15,80.67
臺南縣,安定鄉,海寮村,478,296184,620,490,296,768,602.16,97.18
臺南縣,安定鄉,南安村,124,78071,630,512,306,780,476.67,75.71
臺南縣,安定鄉,中沙村,154,108630,705,495,295,815,718.80,101.90
臺南縣,安定鄉,管寮村,167,119296,714,488,326,813,801.38,112.18
臺南縣,山上鄉,新莊村,226,153095,677,508,340,749,1434.00,211.69
臺南縣,山上鄉,玉？村,125,75596,605,500,325,721,450.66,74.52
臺南縣,山上鄉,山上村,224,140676,628,530,316,817,419.84,66.85
臺南縣,山上鄉,南洲村,457,292175,639,527,330,874,424.05,66.33
臺南縣,山上鄉,明和村,509,325588,640,518,342,851,453.89,70.96
臺南縣,山上鄉,豐德村,89,46361,521,430,259,677,462.19,88.73
臺南縣,山上鄉,平陽村,83,50664,610,535,274,809,526.91,86.32
臺南縣,玉井鄉,玉田村,1033,665953,645,499,298,822,844.62,131.01
臺南縣,玉井鄉,竹圍村,289,178502,618,468,283,799,526.73,85.28
臺南縣,玉井鄉,三和村,163,92892,570,468,260,782,414.08,72.66
臺南縣,玉井鄉,中正村,253,171550,678,485,314,910,543.02,80.08
臺南縣,玉井鄉,玉井村,250,158754,635,490,272,797,630.96,99.36
臺南縣,玉井鄉,沙田村,92,57747,628,571,326,839,387.31,61.71
臺南縣,玉井鄉,三埔村,92,52774,574,477,292,787,392.42,68.41
臺南縣,玉井鄉,望明村,320,169999,531,410,297,695,360.87,67.93
臺南縣,玉井鄉,層林村,111,57182,515,462,280,737,307.29,59.65
臺南縣,玉井鄉,豐里村,186,99866,537,445,275,647,460.47,85.76
臺南縣,楠西鄉,東勢村,521,287458,552,466,282,677,415.94,75.39
臺南縣,楠西鄉,楠西村,381,234402,615,449,262,765,857.94,139.45
臺南縣,楠西鄉,灣丘村,166,77047,464,391,224,619,323.75,69.75
臺南縣,楠西鄉,密枝村,113,55509,491,412,242,610,366.48,74.61
臺南縣,楠西鄉,照興村,179,101307,566,371,231,605,1463.59,258.60
臺南縣,楠西鄉,鹿田村,218,121506,557,480,286,720,415.24,74.50
臺南縣,楠西鄉,龜丹村,146,76780,526,475,260,656,386.03,73.40
臺南縣,南化鄉,中坑村,102,52214,512,432,257,658,340.19,66.45
臺南縣,南化鄉,東和村,137,77479,566,450,296,646,489.00,86.47
臺南縣,南化鄉,玉山村,171,84632,495,384,249,604,441.81,89.27
臺南縣,南化鄉,南化村,297,160563,541,453,290,698,379.23,70.15
臺南縣,南化鄉,小崙村,120,57179,476,424,220,621,376.66,79.05
臺南縣,南化鄉,北平村,97,51970,536,426,252,712,415.14,77.48
臺南縣,南化鄉,西埔村,161,90187,560,448,280,754,474.42,84.69
臺南縣,南化鄉,北寮村,230,132524,576,470,299,706,487.77,84.65
臺南縣,南化鄉,關山村,71,35572,501,411,287,700,311.30,62.13
臺南縣,左鎮鄉,中正村,32,28688,896,714,463,1051,1026.43,114.49
臺南縣,左鎮鄉,草山村,31,15501,500,447,296,672,275.97,55.19
臺南縣,左鎮鄉,光和村,71,39500,556,466,317,697,367.89,66.13
臺南縣,左鎮鄉,榮和村,145,84509,583,492,309,687,468.13,80.32
臺南縣,左鎮鄉,左鎮村,297,170783,575,487,298,766,384.97,66.95
臺南縣,左鎮鄉,睦光村,79,47910,606,493,330,725,452.71,74.65
臺南縣,左鎮鄉,內庄村,100,54113,541,441,301,713,393.54,72.72
臺南縣,左鎮鄉,岡林村,69,35028,508,422,286,595,310.66,61.19
臺南縣,左鎮鄉,二寮村,38,21198,558,433,277,701,438.13,78.54
臺南縣,左鎮鄉,澄山村,84,38264,456,415,276,565,253.18,55.58
臺南縣,仁德鄉,成功村,897,570284,636,528,328,814,526.33,82.79
臺南縣,仁德鄉,土庫村,632,419287,663,470,285,768,1191.44,179.59
臺南縣,仁德鄉,新田村,741,510935,690,557,350,857,650.57,94.35
臺南縣,仁德鄉,仁德村,1176,889912,757,589,344,937,1255.67,165.93
臺南縣,仁德鄉,仁和村,183,115785,633,587,374,756,384.61,60.79
臺南縣,仁德鄉,仁愛村,418,282183,675,537,326,817,551.94,81.76
臺南縣,仁德鄉,後壁村,1829,1265268,692,555,353,879,558.13,80.68
臺南縣,仁德鄉,太子村,1094,722588,661,495,306,806,895.02,135.51
臺南縣,仁德鄉,一甲村,614,427487,696,513,297,844,958.68,137.70
臺南縣,仁德鄉,上崙村,1141,698613,612,512,339,767,464.66,75.89
臺南縣,仁德鄉,田厝村,405,234367,579,472,299,750,421.53,72.84
臺南縣,仁德鄉,三甲村,193,126250,654,565,358,856,456.34,69.76
臺南縣,仁德鄉,保安村,682,454752,667,502,303,823,655.16,98.26
臺南縣,仁德鄉,二行村,532,350083,658,536,327,806,595.99,90.57
臺南縣,仁德鄉,大甲村,461,279532,606,488,302,736,493.11,81.32
臺南縣,仁德鄉,中洲村,333,202473,608,499,337,842,380.86,62.64
臺南縣,仁德鄉,中生村,373,253209,679,532,325,887,524.01,77.19
臺南縣,仁德鄉,仁義村,2069,1484708,718,542,344,903,614.16,85.59
臺南縣,歸仁鄉,南興村,800,543648,680,542,339,835,596.40,87.76
臺南縣,歸仁鄉,沙崙村,140,73190,523,443,279,630,422.88,80.89
臺南縣,歸仁鄉,大潭村,413,247568,599,457,310,751,473.56,79.00
臺南縣,歸仁鄉,六甲村,1380,890397,645,535,340,803,517.63,80.23
臺南縣,歸仁鄉,七甲村,572,376209,658,538,343,801,514.87,78.28
臺南縣,歸仁鄉,西埔村,48,44370,924,891,427,1189,597.12,64.60
臺南縣,歸仁鄉,南保村,1359,935849,689,568,346,878,503.70,73.14
臺南縣,歸仁鄉,歸仁村,561,408969,729,547,346,905,590.92,81.06
臺南縣,歸仁鄉,後市村,1570,1050458,669,542,340,815,544.20,81.34
臺南縣,歸仁鄉,辜厝村,862,578701,671,552,338,835,586.10,87.30
臺南縣,歸仁鄉,許厝村,1030,712453,692,549,331,849,582.03,84.14
臺南縣,歸仁鄉,看西村,394,232588,590,479,306,744,424.51,71.91
臺南縣,歸仁鄉,看東村,342,208691,610,522,320,776,453.12,74.26
臺南縣,歸仁鄉,崙頂村,491,328364,669,492,305,902,541.09,80.91
臺南縣,歸仁鄉,武東村,315,198687,631,566,371,809,362.78,57.51
臺南縣,歸仁鄉,八甲村,505,301559,597,488,314,733,471.32,78.93
臺南縣,歸仁鄉,媽廟村,475,318749,671,537,331,798,593.87,88.50
臺南縣,歸仁鄉,大廟村,591,371926,629,520,313,776,527.40,83.81
臺南縣,關廟鄉,東勢村,108,70580,654,546,344,826,454.57,69.56
臺南縣,關廟鄉,深坑村,429,232762,543,459,294,685,364.55,67.19
臺南縣,關廟鄉,埤頭村,374,207526,555,468,302,684,386.33,69.62
臺南縣,關廟鄉,田中村,177,92681,524,440,300,670,346.26,66.13
臺南縣,關廟鄉,北勢村,690,379134,549,457,289,677,416.79,75.85
臺南縣,關廟鄉,新光村,130,61245,471,375,253,564,340.00,72.17
臺南縣,關廟鄉,關廟村,570,355167,623,510,302,789,468.32,75.16
臺南縣,關廟鄉,山西村,466,293819,631,514,332,826,462.29,73.32
臺南縣,關廟鄉,香洋村,998,628873,630,493,306,769,528.08,83.81
臺南縣,關廟鄉,新埔村,198,100733,509,450,301,639,310.05,60.94
臺南縣,關廟鄉,五甲村,1493,804285,539,439,289,680,412.53,76.58
臺南縣,關廟鄉,松？村,479,271206,566,479,300,720,432.31,76.35
臺南縣,關廟鄉,南花村,395,224747,569,453,299,706,400.46,70.38
臺南縣,關廟鄉,北花村,542,274399,506,418,272,647,357.01,70.52
臺南縣,關廟鄉,布袋村,298,164536,552,452,304,670,436.22,79.01
臺南縣,關廟鄉,龜洞村,178,97740,549,414,284,673,439.22,79.99
臺南縣,關廟鄉,下湖村,76,93300,1228,477,301,756,5925.12,482.65
臺南縣,龍崎鄉,石？村,56,27520,491,452,259,662,293.80,59.79
臺南縣,龍崎鄉,中坑村,34,17453,513,453,340,646,295.43,57.55
臺南縣,龍崎鄉,大坪村,57,28608,502,415,268,635,373.01,74.32
臺南縣,龍崎鄉,崎頂村,278,163176,587,467,273,713,509.50,86.80
臺南縣,龍崎鄉,土崎村,136,66044,486,415,280,617,316.71,65.22
臺南縣,龍崎鄉,楠坑村,56,32445,579,433,262,696,558.15,96.34
臺南縣,龍崎鄉,牛埔村,56,29815,532,494,310,730,308.44,57.93
臺南縣,龍崎鄉,龍船村,97,54334,560,451,288,780,475.28,84.85
臺南縣,永康市,中華里,589,611747,1039,701,402,1291,1348.75,129.86
臺南縣,永康市,三民里,256,174724,683,505,308,773,1021.09,149.61
臺南縣,永康市,永康里,1536,1144905,745,576,346,919,707.63,94.94
臺南縣,永康市,建國里,353,225974,640,506,349,755,594.00,92.79
臺南縣,永康市,光復里,198,120207,607,514,320,735,446.43,73.53
臺南縣,永康市,成功里,468,302450,646,486,310,769,637.13,98.59
臺南縣,永康市,復華里,2745,2013086,733,595,378,928,569.50,77.66
臺南縣,永康市,中興里,706,529179,750,595,367,963,599.18,79.94
臺南縣,永康市,安康里,897,748214,834,597,385,925,1605.90,192.52
臺南縣,永康市,六合里,950,790670,832,599,380,1004,852.13,102.38
臺南縣,永康市,東橋里,625,485126,776,558,325,912,765.00,98.56
臺南縣,永康市,復興里,316,207012,655,474,268,811,633.79,96.75
臺南縣,永康市,龍潭里,1823,1277359,701,573,353,907,544.05,77.65
臺南縣,永康市,復國里,680,472653,695,520,347,830,608.74,87.58
臺南縣,永康市,勝利里,1350,1026629,760,600,368,962,644.77,84.79
臺南縣,永康市,西勢里,1064,716762,674,527,334,839,591.02,87.73
臺南縣,永康市,三合里,794,533213,672,524,321,802,618.47,92.10
臺南縣,永康市,埔園里,1621,1127867,696,566,359,904,501.17,72.03
臺南縣,永康市,網寮里,1153,792199,687,537,349,839,578.39,84.18
臺南縣,永康市,王行里,505,332961,659,514,303,810,591.62,89.73
臺南縣,永康市,大灣里,726,469012,646,520,318,795,503.82,77.99
臺南縣,永康市,東灣里,727,500728,689,508,325,840,640.11,92.94
臺南縣,永康市,西灣里,1338,1003176,750,583,343,939,655.50,87.43
臺南縣,永康市,南灣里,894,573091,641,500,321,795,513.85,80.16
臺南縣,永康市,北灣里,1397,941809,674,534,321,842,629.24,93.34
臺南縣,永康市,新樹里,300,189714,632,473,291,797,514.04,81.29
臺南縣,永康市,？行里,1987,1388479,699,547,331,868,628.32,89.92
臺南縣,永康市,蔦松里,427,288912,677,528,330,784,678.69,100.31
臺南縣,永康市,烏竹里,412,299367,727,582,371,943,537.85,74.02
臺南縣,永康市,神洲里,367,219425,598,535,306,754,407.24,68.11
臺南縣,永康市,大橋里,1407,1583921,1126,661,379,1112,6309.63,560.49
臺南縣,永康市,五王里,1093,759519,695,543,320,877,623.58,89.74
臺南縣,永康市,崑山里,1391,967415,695,524,324,872,622.07,89.44
臺南縣,永康市,？洲里,1317,970994,737,579,343,929,616.28,83.59
臺南縣,永康市,甲頂里,630,458531,728,513,311,869,853.92,117.32
臺南縣,永康市,正強里,1686,1324524,786,614,379,973,1233.07,156.96
臺南縣,永康市,二王里,1526,1225684,803,633,400,961,1109.34,138.11
臺南縣,永康市,西橋里,618,476826,772,587,353,996,658.08,85.29
臺南縣,永康市,尚頂里,1087,864512,795,597,360,936,803.11,100.98
高雄縣,鳳山市,中崙里,481,357188,743,658,437,919,451.40,60.79
高雄縣,鳳山市,中正里,475,323803,682,579,373,868,450.57,66.10
高雄縣,鳳山市,三民里,315,300875,955,637,351,1050,2114.66,221.39
高雄縣,鳳山市,光明里,418,409265,979,608,376,1092,1284.91,131.23
高雄縣,鳳山市,東門里,1035,690916,668,561,346,876,468.63,70.20
高雄縣,鳳山市,和德里,402,290708,723,548,325,971,568.03,78.55
高雄縣,鳳山市,正義里,1591,1108463,697,573,354,878,506.24,72.66
高雄縣,鳳山市,成功里,219,184864,844,504,333,1060,982.39,116.38
高雄縣,鳳山市,新富里,1209,886662,733,609,368,945,551.91,75.25
高雄縣,鳳山市,忠誠里,687,455316,663,564,337,869,481.08,72.59
高雄縣,鳳山市,中和里,961,796999,829,653,364,1093,670.79,80.88
高雄縣,鳳山市,福興里,1563,1044787,668,542,341,852,484.98,72.55
高雄縣,鳳山市,中榮里,664,420306,633,514,311,832,475.47,75.11
高雄縣,鳳山市,忠孝里,1584,1260664,796,637,381,1036,613.82,77.12
高雄縣,鳳山市,中民里,567,327987,578,514,332,736,350.40,60.57
高雄縣,鳳山市,南興里,312,275135,882,637,391,1033,1104.41,125.24
高雄縣,鳳山市,國光里,1129,816125,723,606,368,997,490.44,67.85
高雄縣,鳳山市,新興里,320,268924,840,608,364,961,1159.44,137.97
高雄縣,鳳山市,協和里,1110,1063284,958,830,420,1364,785.58,82.01
高雄縣,鳳山市,文山里,1484,1191496,803,632,382,1012,679.38,84.62
高雄縣,鳳山市,大德里,976,638669,654,530,330,851,462.31,70.65
高雄縣,鳳山市,五福里,888,658096,741,603,365,952,663.51,89.53
高雄縣,鳳山市,興中里,194,128726,664,567,336,913,457.99,69.02
高雄縣,鳳山市,文華里,1227,1004610,819,635,366,1030,954.52,116.58
高雄縣,鳳山市,北門里,942,646824,687,546,353,882,523.12,76.18
高雄縣,鳳山市,新樂里,695,552787,795,649,373,1082,594.66,74.76
高雄縣,鳳山市,海光里,972,702570,723,584,367,946,547.60,75.76
高雄縣,鳳山市,福祥里,438,291867,666,517,310,814,769.17,115.43
高雄縣,鳳山市,鎮北里,1255,928092,740,609,378,944,629.27,85.09
高雄縣,鳳山市,瑞竹里,1393,1009856,725,579,356,939,596.29,82.25
高雄縣,鳳山市,鎮東里,532,384424,723,580,352,926,597.56,82.70
高雄縣,鳳山市,興仁里,1045,834857,799,626,357,992,743.60,93.08
高雄縣,鳳山市,瑞興里,1128,894009,793,651,410,1001,649.23,81.92
高雄縣,鳳山市,文衡里,500,420225,840,661,414,1136,650.70,77.42
高雄縣,鳳山市,文德里,2474,2374575,960,758,439,1255,812.97,84.70
高雄縣,鳳山市,國泰里,1167,905970,776,636,356,1058,715.06,92.11
高雄縣,鳳山市,忠義里,1263,1097891,869,680,406,1121,737.09,84.79
高雄縣,鳳山市,國隆里,822,604070,735,577,348,968,578.40,78.71
高雄縣,鳳山市,二甲里,509,333121,654,522,307,804,539.51,82.43
高雄縣,鳳山市,和興里,1164,977619,840,654,385,1104,711.32,84.69
高雄縣,鳳山市,南成里,1381,936128,678,562,335,884,501.20,73.94
高雄縣,鳳山市,鎮南里,1510,1071609,710,583,344,910,552.89,77.91
高雄縣,鳳山市,南和里,364,236702,650,518,345,772,510.80,78.55
高雄縣,鳳山市,海風里,474,289980,612,514,324,770,455.73,74.49
高雄縣,鳳山市,鎮西里,1428,1156050,810,621,356,1045,734.01,90.67
高雄縣,鳳山市,鳳崗里,408,365473,896,677,423,1097,809.30,90.35
高雄縣,鳳山市,曹公里,649,581997,897,676,364,1126,784.37,87.47
高雄縣,鳳山市,縣衙里,233,208752,896,733,433,1151,968.56,108.11
高雄縣,鳳山市,文英里,812,646303,796,636,379,1019,665.10,83.56
高雄縣,鳳山市,誠正里,232,190043,819,651,403,1098,626.10,76.43
高雄縣,鳳山市,誠義里,99,70094,708,603,335,853,568.76,80.33
高雄縣,鳳山市,縣口里,163,157886,969,607,342,1131,1220.90,126.04
高雄縣,鳳山市,美齡里,149,97041,651,510,332,820,499.38,76.68
高雄縣,鳳山市,埤頂里,1287,918323,714,582,368,921,521.42,73.07
高雄縣,鳳山市,過埤里,783,586048,748,588,355,967,572.80,76.53
高雄縣,鳳山市,生明里,387,279559,722,589,380,932,528.86,73.21
高雄縣,鳳山市,誠德里,937,637711,681,567,347,888,455.84,66.98
高雄縣,鳳山市,老爺里,2075,1385489,668,560,338,872,494.42,74.05
高雄縣,鳳山市,富甲里,1445,1052599,728,591,360,932,555.10,76.20
高雄縣,鳳山市,一甲里,1380,944905,685,571,334,917,498.92,72.87
高雄縣,鳳山市,武漢里,1466,1180049,805,652,399,1040,597.25,74.20
高雄縣,鳳山市,新甲里,1530,1190324,778,651,381,1028,573.50,73.72
高雄縣,鳳山市,福誠里,1154,885294,767,592,352,945,1012.05,131.92
高雄縣,鳳山市,新強里,1055,821684,779,614,382,983,674.36,86.58
高雄縣,鳳山市,天興里,1045,753839,721,564,352,925,887.24,122.99
高雄縣,鳳山市,鳳東里,1132,775935,685,571,350,893,486.03,70.91
高雄縣,鳳山市,武松里,535,375525,702,549,336,924,504.84,71.92
高雄縣,鳳山市,文福里,1078,833545,773,648,374,994,591.07,76.44
高雄縣,鳳山市,誠信里,305,207520,680,614,382,855,427.67,62.86
高雄縣,鳳山市,誠智里,378,268943,711,536,340,903,660.21,92.79
高雄縣,鳳山市,國富里,381,313734,823,720,391,1136,556.44,67.57
高雄縣,鳳山市,武慶里,291,223194,767,553,329,879,1021.45,133.18
高雄縣,鳳山市,海洋里,504,421640,837,609,381,1092,937.15,112.02
高雄縣,鳳山市,新武里,337,214077,635,490,292,792,526.03,82.81
高雄縣,鳳山市,新泰里,486,394322,811,697,404,1068,553.29,68.19
高雄縣,鳳山市,龍成里,464,286922,618,527,298,825,420.43,67.99
高雄縣,鳳山市,富榮里,345,245085,710,548,361,895,806.40,113.52
高雄縣,鳳山市,善美里,830,577318,696,564,334,866,595.78,85.65
高雄縣,鳥松鄉,大竹村,158,99882,632,522,322,859,433.48,68.57
高雄縣,鳥松鄉,大華村,2462,3309542,1344,775,407,1479,3372.87,250.91
高雄縣,鳥松鄉,？埔村,725,539398,744,563,318,958,691.54,92.95
高雄縣,鳥松鄉,鳥松村,2231,2684555,1203,721,396,1350,2098.99,174.44
高雄縣,鳥松鄉,夢裡村,820,882147,1076,679,383,1216,1825.63,169.70
高雄縣,鳥松鄉,仁美村,1425,927148,651,512,307,807,906.66,139.35
高雄縣,鳥松鄉,華美村,831,539384,649,535,319,835,492.75,75.91
高雄縣,仁武鄉,中華村,284,155187,546,474,321,694,351.32,64.29
高雄縣,仁武鄉,烏林村,660,393140,596,485,293,766,467.23,78.44
高雄縣,仁武鄉,八卦村,1524,1066650,700,577,368,894,510.30,72.91
高雄縣,仁武鄉,仁和村,381,310593,815,679,373,1047,626.82,76.89
高雄縣,仁武鄉,後安村,590,380507,645,552,337,831,469.59,72.81
高雄縣,仁武鄉,仁武村,1273,871819,685,558,355,878,498.16,72.74
高雄縣,仁武鄉,文武村,1191,804674,676,557,334,886,496.23,73.45
高雄縣,仁武鄉,竹後村,757,469001,620,514,319,777,542.58,87.58
高雄縣,仁武鄉,大灣村,461,346705,752,581,331,971,709.75,94.37
高雄縣,仁武鄉,灣內村,971,749166,772,586,351,995,675.99,87.62
高雄縣,仁武鄉,考潭村,732,541872,740,553,333,960,590.32,79.74
高雄縣,仁武鄉,仁福村,87,41353,475,385,197,625,365.65,76.93
高雄縣,仁武鄉,高楠村,518,308125,595,458,318,730,525.17,88.29
高雄縣,仁武鄉,五和村,410,246943,602,514,323,742,435.84,72.36
高雄縣,仁武鄉,赤山村,366,286563,783,570,353,960,1310.25,167.35
高雄縣,仁武鄉,仁慈村,305,254397,834,612,386,1034,670.04,80.33
高雄縣,大社鄉,觀音村,1265,914083,723,575,357,947,527.00,72.93
高雄縣,大社鄉,大社村,1578,1172171,743,585,357,945,727.88,97.99
高雄縣,大社鄉,神農村,986,730115,740,599,353,958,589.51,79.61
高雄縣,大社鄉,保安村,421,297593,707,549,342,848,661.61,93.60
高雄縣,大社鄉,嘉誠村,154,164118,1066,483,303,861,5132.50,481.61
高雄縣,大社鄉,保社村,578,398393,689,583,348,890,535.77,77.73
高雄縣,大社鄉,翠屏村,421,291931,693,575,349,926,504.60,72.77
高雄縣,大社鄉,三奶村,685,459070,670,548,334,853,518.21,77.32
高雄縣,大社鄉,中里村,692,530278,766,532,344,856,2202.44,287.41
高雄縣,大樹鄉,大坑村,297,175181,590,498,306,732,612.22,103.80
高雄縣,大樹鄉,三和村,168,96221,573,472,304,719,392.98,68.61
高雄縣,大樹鄉,大樹村,484,271994,562,469,300,730,377.88,67.24
高雄縣,大樹鄉,九曲村,1062,662646,624,530,339,813,425.75,68.23
高雄縣,大樹鄉,久堂村,1039,708942,682,570,362,868,485.42,71.14
高雄縣,大樹鄉,水安村,581,377625,650,517,340,835,474.24,72.97
高雄縣,大樹鄉,水寮村,579,398576,688,579,389,837,538.53,78.23
高雄縣,大樹鄉,井？村,334,220226,659,536,354,875,432.16,65.54
高雄縣,大樹鄉,小坪村,314,218555,696,619,371,912,432.45,62.13
高雄縣,大樹鄉,龍目村,357,215667,604,504,332,781,390.82,64.69
高雄縣,大樹鄉,竹寮村,579,391575,676,580,311,870,526.19,77.80
高雄縣,大樹鄉,檨？村,684,450646,659,549,330,865,545.34,82.77
高雄縣,大樹鄉,興山村,193,92941,482,410,273,610,312.51,64.90
高雄縣,大樹鄉,和山村,173,102925,595,472,287,712,512.72,86.18
高雄縣,大樹鄉,姑山村,252,157690,626,547,340,825,384.43,61.44
高雄縣,大樹鄉,溪埔村,376,217501,578,487,335,742,383.71,66.33
高雄縣,大樹鄉,興田村,424,242974,573,460,301,720,622.48,108.63
高雄縣,大樹鄉,統嶺村,155,100126,646,507,345,749,637.66,98.71
高雄縣,大寮鄉,義仁村,420,264880,631,526,340,838,390.77,61.96
高雄縣,大寮鄉,光武村,319,181246,568,486,313,699,424.90,74.78
高雄縣,大寮鄉,復興村,577,318247,552,476,295,697,364.58,66.10
高雄縣,大寮鄉,中興村,1482,1005486,678,570,360,852,509.82,75.14
高雄縣,大寮鄉,山頂村,1444,1039044,720,611,379,952,500.71,69.59
高雄縣,大寮鄉,後庄村,1285,898912,700,540,345,836,1119.10,159.98
高雄縣,大寮鄉,大寮村,1421,891733,628,500,319,786,526.54,83.91
高雄縣,大寮鄉,義和村,591,382163,647,538,331,814,517.75,80.07
高雄縣,大寮鄉,忠義村,395,220111,557,486,302,743,357.64,64.18
高雄縣,大寮鄉,中庄村,2212,1508101,682,558,347,874,554.81,81.38
高雄縣,大寮鄉,新厝村,310,186935,603,504,321,799,427.95,70.97
高雄縣,大寮鄉,永芳村,1628,1115495,685,548,328,888,525.74,76.73
高雄縣,大寮鄉,會結村,248,150558,607,526,314,764,380.93,62.75
高雄縣,大寮鄉,潮寮村,572,362179,633,531,317,809,535.58,84.59
高雄縣,大寮鄉,拷潭村,355,219090,617,536,330,808,384.72,62.34
高雄縣,大寮鄉,三隆村,1010,652098,646,543,320,847,450.03,69.70
高雄縣,大寮鄉,昭明村,753,527123,700,572,385,894,517.35,73.90
高雄縣,大寮鄉,內坑村,908,565838,623,525,335,811,427.94,68.67
高雄縣,大寮鄉,上寮村,485,313515,646,556,332,883,393.18,60.82
高雄縣,大寮鄉,會社村,1153,809337,702,564,335,893,556.32,79.25
高雄縣,大寮鄉,翁園村,637,409576,643,557,334,832,411.23,63.96
高雄縣,大寮鄉,琉球村,685,474463,693,573,357,913,490.51,70.82
高雄縣,大寮鄉,江山村,399,270704,678,580,332,891,486.35,71.69
高雄縣,大寮鄉,溪寮村,322,215849,670,542,311,857,530.36,79.12
高雄縣,大寮鄉,前庄村,558,412096,739,616,369,1001,500.00,67.70
高雄縣,大寮鄉,過溪村,418,247010,591,494,305,770,410.53,69.47
高雄縣,林園鄉,東林村,856,607549,710,590,341,970,528.51,74.46
高雄縣,林園鄉,五福村,251,140571,560,498,306,780,318.26,56.83
高雄縣,林園鄉,仁愛村,470,318360,677,545,326,881,545.28,80.50
高雄縣,林園鄉,溪州村,991,642773,649,554,328,861,437.84,67.50
高雄縣,林園鄉,林園村,1145,901354,787,658,393,1046,601.83,76.45
高雄縣,林園鄉,潭頭村,532,365605,687,581,356,890,471.95,68.68
高雄縣,林園鄉,中厝村,577,346293,600,506,317,783,397.14,66.17
高雄縣,林園鄉,林內村,329,187603,570,470,305,755,404.54,70.94
高雄縣,林園鄉,王公村,1239,960885,776,678,374,1058,537.12,69.26
高雄縣,林園鄉,林家村,349,212622,609,516,309,818,406.74,66.76
高雄縣,林園鄉,龔厝村,505,345663,684,587,352,957,435.54,63.63
高雄縣,林園鄉,中門村,565,351110,621,514,315,821,457.88,73.68
高雄縣,林園鄉,頂厝村,938,656381,700,601,376,899,455.10,65.04
高雄縣,林園鄉,港嘴村,319,193607,607,500,319,847,382.35,63.00
高雄縣,林園鄉,西溪村,661,404305,612,518,345,768,410.33,67.08
高雄縣,林園鄉,中芸村,403,235689,585,514,317,798,348.59,59.61
高雄縣,林園鄉,鳳芸村,427,253568,594,479,299,778,403.07,67.88
高雄縣,林園鄉,東汕村,219,118955,543,472,289,680,370.48,68.21
高雄縣,林園鄉,西汕村,154,89517,581,481,324,739,438.99,75.52
高雄縣,林園鄉,北汕村,485,277066,571,485,300,743,368.38,64.49
高雄縣,林園鄉,港埔村,455,291753,641,546,349,834,417.87,65.17
高雄縣,林園鄉,文賢村,317,207656,655,561,308,901,463.45,70.75
高雄縣,林園鄉,廣應村,416,272286,655,552,334,840,453.07,69.22
高雄縣,林園鄉,中汕村,290,151619,523,431,291,672,353.44,67.60
高雄縣,岡山鎮,仁愛里,320,222991,697,596,376,901,489.07,70.18
高雄縣,岡山鎮,和平里,214,151072,706,614,360,933,476.09,67.44
高雄縣,岡山鎮,石潭里,317,188537,595,498,291,808,407.56,68.53
高雄縣,岡山鎮,福興里,294,183222,623,517,297,786,469.44,75.33
高雄縣,岡山鎮,嘉興里,1042,678324,651,528,326,841,505.46,77.64
高雄縣,岡山鎮,四維里,228,145978,640,544,354,791,415.46,64.89
高雄縣,岡山鎮,忠孝里,154,150095,975,684,382,1285,872.51,89.52
高雄縣,岡山鎮,復興里,85,55128,649,487,347,737,647.64,99.86
高雄縣,岡山鎮,信義里,603,432858,718,585,346,879,550.58,76.70
高雄縣,岡山鎮,協和里,891,646262,725,587,360,951,541.99,74.72
高雄縣,岡山鎮,平安里,375,294159,784,569,334,927,745.04,94.98
高雄縣,岡山鎮,仁壽里,1026,821404,801,608,373,987,766.25,95.71
高雄縣,岡山鎮,前？里,762,517450,679,529,346,834,632.94,93.21
高雄縣,岡山鎮,潭底里,247,139924,566,487,288,728,416.84,73.58
高雄縣,岡山鎮,竹圍里,1408,1043024,741,607,370,941,583.29,78.74
高雄縣,岡山鎮,劉厝里,357,262723,736,609,369,944,528.12,71.76
高雄縣,岡山鎮,三和里,182,122020,670,524,362,816,582.00,86.81
高雄縣,岡山鎮,大莊里,226,123879,548,453,316,698,352.66,64.34
高雄縣,岡山鎮,岡山里,1206,1007427,835,591,339,954,1365.58,163.47
高雄縣,岡山鎮,維仁里,359,251259,700,540,364,847,595.11,85.03
高雄縣,岡山鎮,壽天里,1005,867221,863,631,379,1072,851.96,98.73
高雄縣,岡山鎮,後紅里,969,724455,748,631,378,966,534.16,71.45
高雄縣,岡山鎮,程香里,906,688945,760,619,366,979,591.21,77.75
高雄縣,岡山鎮,華崗里,422,255957,607,529,300,814,426.42,70.31
高雄縣,岡山鎮,後協里,1395,1017740,730,597,342,946,576.82,79.06
高雄縣,岡山鎮,灣裡里,386,276903,717,589,353,889,556.13,77.52
高雄縣,岡山鎮,白米里,242,163288,675,560,378,885,444.63,65.90
高雄縣,岡山鎮,大遼里,323,203154,629,499,285,845,480.50,76.40
高雄縣,岡山鎮,台上里,930,628505,676,566,343,868,499.25,73.87
高雄縣,岡山鎮,嘉？里,532,335110,630,527,338,815,417.43,66.27
高雄縣,岡山鎮,本洲里,421,249759,593,493,333,715,427.41,72.05
高雄縣,岡山鎮,協榮里,575,415287,722,601,354,951,516.69,71.54
高雄縣,岡山鎮,碧紅里,915,673559,736,576,344,947,626.31,85.08
高雄縣,岡山鎮,為隨里,176,101254,575,536,307,733,337.02,58.58
高雄縣,岡山鎮,壽？里,493,383098,777,631,350,1012,625.94,80.55
高雄縣,茄萣鄉,萬福村,177,84602,478,396,259,611,341.46,71.44
高雄縣,茄萣鄉,福德村,211,110943,526,438,269,636,432.18,82.20
高雄縣,茄萣鄉,白雲村,330,175328,531,447,311,636,362.14,68.16
高雄縣,茄萣鄉,嘉樂村,394,215054,546,463,302,671,384.89,70.52
高雄縣,茄萣鄉,嘉定村,314,165798,528,431,291,670,353.30,66.91
高雄縣,茄萣鄉,嘉安村,289,154397,534,431,291,668,436.74,81.75
高雄縣,茄萣鄉,保定村,630,335764,533,442,282,677,390.42,73.25
高雄縣,茄萣鄉,嘉福村,194,92701,478,403,274,572,389.83,81.58
高雄縣,茄萣鄉,和協村,228,103955,456,366,258,569,306.78,67.28
高雄縣,茄萣鄉,吉定村,240,123993,517,434,263,641,331.08,64.08
高雄縣,茄萣鄉,光定村,205,116935,570,442,283,690,491.59,86.18
高雄縣,茄萣鄉,嘉賜村,596,319284,536,434,280,655,428.47,79.98
高雄縣,茄萣鄉,崎漏村,748,409882,548,434,297,671,428.08,78.12
高雄縣,茄萣鄉,大定村,233,110913,476,418,249,581,320.16,67.26
高雄縣,茄萣鄉,嘉泰村,233,121713,522,404,270,640,441.12,84.45
高雄縣,永安鄉,永安村,425,257523,606,463,297,815,470.13,77.59
高雄縣,永安鄉,新港村,499,268604,538,445,290,695,370.83,68.89
高雄縣,永安鄉,永華村,448,296938,663,546,332,866,473.32,71.41
高雄縣,永安鄉,鹽田村,104,57059,549,394,299,666,419.90,76.53
高雄縣,永安鄉,保寧村,580,353202,609,515,332,765,445.52,73.16
高雄縣,永安鄉,維新村,791,471361,596,492,303,762,445.34,74.73
高雄縣,橋頭鄉,東林村,714,486006,681,556,339,929,465.55,68.40
高雄縣,橋頭鄉,西林村,487,361930,743,592,363,940,600.84,80.85
高雄縣,橋頭鄉,新莊村,406,288706,711,570,359,947,488.38,68.68
高雄縣,橋頭鄉,橋頭村,545,429865,789,586,363,1015,737.63,93.52
高雄縣,橋頭鄉,甲南村,645,439953,682,546,334,906,491.14,72.01
高雄縣,橋頭鄉,橋南村,286,241345,844,588,342,1171,768.73,91.10
高雄縣,橋頭鄉,興糖村,98,60116,613,512,335,845,385.16,62.79
高雄縣,橋頭鄉,仕豐村,689,513083,745,566,347,1008,550.37,73.91
高雄縣,橋頭鄉,仕隆村,700,564666,807,584,355,1016,1320.50,163.70
高雄縣,橋頭鄉,甲北村,638,406379,637,507,316,812,499.02,78.35
高雄縣,橋頭鄉,頂鹽村,289,218644,757,651,368,972,567.06,74.95
高雄縣,橋頭鄉,中崎村,194,128835,664,544,344,854,489.75,73.75
高雄縣,橋頭鄉,筆秀村,426,291451,684,573,357,917,464.39,67.88
高雄縣,橋頭鄉,白樹村,716,538964,753,616,388,923,804.53,106.88
高雄縣,橋頭鄉,德松村,315,232292,737,573,353,943,528.76,71.70
高雄縣,橋頭鄉,芋寮村,604,425800,705,579,371,947,454.40,64.46
高雄縣,橋頭鄉,仕和村,1043,847533,813,594,349,977,2570.28,316.31
高雄縣,梓官鄉,中崙村,328,193771,591,506,317,767,385.10,65.19
高雄縣,梓官鄉,同安村,266,164048,617,472,300,816,477.67,77.45
高雄縣,梓官鄉,茄苳村,620,336794,543,440,282,714,391.58,72.08
高雄縣,梓官鄉,梓義村,576,378693,657,507,299,840,558.93,85.01
高雄縣,梓官鄉,禮蚵村,641,327321,511,422,269,636,405.52,79.41
高雄縣,梓官鄉,大舍村,987,561895,569,494,302,754,378.47,66.48
高雄縣,梓官鄉,梓信村,573,414365,723,558,334,877,970.54,134.21
高雄縣,梓官鄉,智蚵村,610,329961,541,442,272,683,449.76,83.15
高雄縣,梓官鄉,赤崁村,502,252838,504,437,278,624,335.96,66.70
高雄縣,梓官鄉,信蚵村,363,194669,536,441,280,663,496.20,92.53
高雄縣,梓官鄉,梓平村,298,201601,677,567,321,899,494.12,73.04
高雄縣,梓官鄉,赤東村,605,327770,542,457,292,701,353.89,65.32
高雄縣,梓官鄉,赤西村,183,97023,530,428,262,673,374.47,70.63
高雄縣,梓官鄉,梓和村,676,430314,637,539,332,800,464.41,72.96
高雄縣,梓官鄉,典寶村,754,491887,652,503,306,805,657.57,100.80
高雄縣,梓官鄉,茄典村,35,18605,532,471,269,642,403.95,75.99
高雄縣,田寮鄉,大同村,87,47832,550,420,306,668,503.31,91.55
高雄縣,田寮鄉,古亭村,148,71348,482,415,260,637,314.35,65.21
高雄縣,田寮鄉,鹿埔村,67,37655,562,513,275,749,374.10,66.56
高雄縣,田寮鄉,新興村,353,215670,611,512,324,786,479.81,78.53
高雄縣,田寮鄉,三和村,79,37998,481,384,211,617,356.23,74.06
高雄縣,田寮鄉,田寮村,103,65634,637,582,332,808,448.80,70.43
高雄縣,田寮鄉,七星村,211,139073,659,588,331,862,461.94,70.09
高雄縣,田寮鄉,南安村,302,160357,531,459,298,646,346.25,65.21
高雄縣,田寮鄉,西德村,179,86820,485,395,236,582,408.27,84.18
高雄縣,田寮鄉,崇德村,209,104146,498,439,256,643,325.95,65.41
高雄縣,阿蓮鄉,港後村,454,297583,655,494,318,745,852.51,130.06
高雄縣,阿蓮鄉,阿蓮村,1159,726804,627,489,313,753,653.30,104.18
高雄縣,阿蓮鄉,崗山村,169,102262,605,524,374,755,350.69,57.96
高雄縣,阿蓮鄉,復安村,450,255160,567,463,288,690,464.05,81.84
高雄縣,阿蓮鄉,清蓮村,688,439836,639,498,315,806,538.58,84.25
高雄縣,阿蓮鄉,石安村,301,167458,556,451,281,695,471.79,84.80
高雄縣,阿蓮鄉,？山村,270,146833,544,423,275,712,423.88,77.94
高雄縣,阿蓮鄉,青旗村,349,197402,566,454,301,668,498.12,88.07
高雄縣,阿蓮鄉,和蓮村,470,297890,634,539,317,838,435.28,68.68
高雄縣,阿蓮鄉,玉庫村,264,158137,599,489,312,769,440.65,73.56
高雄縣,阿蓮鄉,中路村,519,300542,579,486,296,744,407.51,70.37
高雄縣,阿蓮鄉,南蓮村,717,437704,610,502,313,781,476.81,78.11
高雄縣,路竹鄉,頂寮村,289,162941,564,451,298,711,440.31,78.09
高雄縣,路竹鄉,社南村,1101,757521,688,561,343,877,574.61,83.52
高雄縣,路竹鄉,下坑村,729,400091,549,444,268,672,479.72,87.41
高雄縣,路竹鄉,甲南村,882,539779,612,517,332,796,397.97,65.03
高雄縣,路竹鄉,甲北村,604,477266,790,544,320,827,1863.90,235.88
高雄縣,路竹鄉,竹東村,933,691948,742,548,322,876,823.30,111.01
高雄縣,路竹鄉,竹西村,655,418953,640,493,313,822,550.51,86.07
高雄縣,路竹鄉,竹滬村,612,393084,642,507,324,803,551.23,85.82
高雄縣,路竹鄉,竹園村,498,262483,527,440,267,701,363.08,68.89
高雄縣,路竹鄉,文南村,678,498138,735,567,334,895,729.27,99.26
高雄縣,路竹鄉,文北村,839,541566,645,520,311,829,526.21,81.52
高雄縣,路竹鄉,鴨寮村,495,357613,722,552,358,927,567.05,78.49
高雄縣,路竹鄉,社東村,467,287660,616,543,346,795,414.13,67.23
高雄縣,路竹鄉,社西村,731,461734,632,505,322,791,483.43,76.54
高雄縣,路竹鄉,社中村,267,170641,639,534,337,808,454.53,71.12
高雄縣,路竹鄉,北嶺村,341,200444,588,507,329,768,359.86,61.22
高雄縣,路竹鄉,三爺村,269,176305,655,494,318,777,584.09,89.12
高雄縣,路竹鄉,後鄉村,300,187179,624,518,337,817,430.43,68.99
高雄縣,路竹鄉,新達村,313,173830,555,462,289,682,412.91,74.35
高雄縣,路竹鄉,竹南村,881,734445,834,586,354,970,1187.07,142.39
高雄縣,燕巢鄉,橫山村,446,250616,562,444,270,723,470.87,83.80
高雄縣,燕巢鄉,尖山村,215,131917,614,529,351,749,442.37,72.10
高雄縣,燕巢鄉,東燕村,575,341228,593,489,295,744,431.40,72.70
高雄縣,燕巢鄉,西燕村,749,483926,646,538,331,831,541.28,83.78
高雄縣,燕巢鄉,南燕村,721,451516,626,508,310,792,505.43,80.71
高雄縣,燕巢鄉,金山村,88,42297,481,408,252,556,434.67,90.43
高雄縣,燕巢鄉,鳳雄村,598,388284,649,522,322,862,470.36,72.44
高雄縣,燕巢鄉,深水村,526,288721,549,454,266,686,441.48,80.43
高雄縣,燕巢鄉,角宿村,547,359539,657,533,320,824,621.27,94.52
高雄縣,燕巢鄉,瓊林村,541,337883,625,496,300,805,597.31,95.64
高雄縣,燕巢鄉,安招村,809,506556,626,497,303,798,557.76,89.08
高雄縣,彌陀鄉,南寮村,487,274263,563,443,274,686,456.67,81.09
高雄縣,彌陀鄉,海尾村,179,89346,499,408,271,639,330.49,66.21
高雄縣,彌陀鄉,過港村,237,130612,551,440,312,690,348.09,63.16
高雄縣,彌陀鄉,光和村,293,147376,503,451,287,648,313.93,62.41
高雄縣,彌陀鄉,彌陀村,427,269865,632,520,340,789,561.11,88.78
高雄縣,彌陀鄉,彌仁村,139,87127,627,509,298,885,442.83,70.65
高雄縣,彌陀鄉,彌壽村,182,107490,591,507,276,773,462.42,78.30
高雄縣,彌陀鄉,舊港村,334,185686,556,437,299,714,432.32,77.76
高雄縣,彌陀鄉,漯底村,242,142552,589,478,312,721,422.69,71.76
高雄縣,彌陀鄉,鹽埕村,502,278900,556,471,288,713,389.16,70.05
高雄縣,彌陀鄉,文安村,481,244276,508,434,268,647,341.93,67.33
高雄縣,彌陀鄉,彌靖村,489,309438,633,465,311,772,742.03,117.26
高雄縣,湖內鄉,大湖村,897,584251,651,500,308,803,670.91,103.00
高雄縣,湖內鄉,公？村,492,316732,644,502,320,775,789.61,122.66
高雄縣,湖內鄉,田尾村,378,242693,642,480,283,754,692.42,107.85
高雄縣,湖內鄉,海埔村,404,220002,545,437,283,661,416.83,76.54
高雄縣,湖內鄉,忠興村,176,89819,510,388,252,623,416.88,81.69
高雄縣,湖內鄉,文賢村,331,197288,596,452,272,754,551.05,92.45
高雄縣,湖內鄉,湖內村,1427,875371,613,517,328,780,429.98,70.09
高雄縣,湖內鄉,逸賢村,230,129546,563,444,300,649,511.09,90.74
高雄縣,湖內鄉,中賢村,575,307834,535,431,284,666,393.38,73.48
高雄縣,湖內鄉,太爺村,265,160965,607,461,288,715,537.39,88.47
高雄縣,湖內鄉,葉厝村,487,278704,572,481,309,753,367.96,64.30
高雄縣,湖內鄉,劉家村,258,122339,474,406,262,583,363.28,76.61
高雄縣,湖內鄉,海山村,316,195411,618,470,293,734,624.00,100.91
高雄縣,旗山鎮,中正里,243,128988,531,432,306,712,352.38,66.38
高雄縣,旗山鎮,東昌里,136,92111,677,544,338,925,496.58,73.32
高雄縣,旗山鎮,和平里,131,83234,635,532,319,839,453.21,71.33
高雄縣,旗山鎮,新光里,154,106743,693,566,332,938,478.67,69.06
高雄縣,旗山鎮,永和里,654,451885,691,556,320,904,586.36,84.86
高雄縣,旗山鎮,廣福里,120,78842,657,571,359,920,405.04,61.65
高雄縣,旗山鎮,大德里,632,470850,745,594,349,939,594.25,79.76
高雄縣,旗山鎮,大林里,257,141277,550,442,297,667,479.48,87.22
高雄縣,旗山鎮,大山里,272,162314,597,537,307,795,385.44,64.59
高雄縣,旗山鎮,中洲里,140,97749,698,507,297,820,750.39,107.48
高雄縣,旗山鎮,太平里,500,346682,693,540,318,897,738.42,106.50
高雄縣,旗山鎮,新山里,218,147950,679,524,327,861,542.33,79.91
高雄縣,旗山鎮,東平里,400,284473,711,591,359,932,492.45,69.24
高雄縣,旗山鎮,中寮里,24,11673,486,488,268,660,239.65,49.27
高雄縣,旗山鎮,三協里,367,217897,594,490,320,763,403.28,67.92
高雄縣,旗山鎮,圓富里,329,181209,551,457,277,692,460.30,83.57
高雄縣,旗山鎮,瑞吉里,442,280954,636,514,317,797,488.29,76.82
高雄縣,旗山鎮,竹峰里,101,72295,716,564,336,894,543.41,75.92
高雄縣,旗山鎮,鼓山里,180,131950,733,567,346,1008,574.30,78.34
高雄縣,旗山鎮,湄洲里,216,136598,632,500,301,882,463.81,73.34
高雄縣,旗山鎮,糖廠里,108,78410,726,670,355,968,459.52,63.29
高雄縣,旗山鎮,上洲里,195,132362,679,591,360,870,555.17,81.79
高雄縣,旗山鎮,鯤洲里,171,104371,610,490,311,762,440.45,72.16
高雄縣,旗山鎮,南洲里,321,201486,628,524,334,772,461.73,73.56
高雄縣,旗山鎮,南勝里,426,268043,629,501,313,762,839.41,133.41
高雄縣,六龜鄉,新寮村,95,56483,595,416,263,696,636.56,107.06
高雄縣,六龜鄉,中興村,216,115626,535,461,265,722,369.67,69.06
高雄縣,六龜鄉,新興村,100,49255,493,462,273,636,276.88,56.21
高雄縣,六龜鄉,文武村,244,130172,533,447,278,693,373.01,69.92
高雄縣,六龜鄉,六龜村,177,84847,479,410,245,686,316.83,66.09
高雄縣,六龜鄉,義寶村,235,136069,579,495,305,752,432.54,74.70
高雄縣,六龜鄉,興龍村,119,55685,468,430,247,594,320.34,68.46
高雄縣,六龜鄉,新發村,190,90484,476,379,247,539,408.15,85.70
高雄縣,六龜鄉,荖濃村,182,79091,435,388,226,579,291.73,67.13
高雄縣,六龜鄉,寶來村,137,77305,564,394,252,639,563.97,99.95
高雄縣,六龜鄉,新威村,154,92332,600,499,321,755,420.23,70.09
高雄縣,六龜鄉,大津村,62,36054,582,473,337,643,488.03,83.92
高雄縣,內門鄉,永興村,71,31847,449,422,216,631,265.76,59.25
高雄縣,內門鄉,東埔村,108,59830,554,476,317,695,401.09,72.40
高雄縣,內門鄉,中埔村,106,66208,625,458,311,764,645.02,103.27
高雄縣,內門鄉,永吉村,75,47841,638,583,334,768,574.95,90.13
高雄縣,內門鄉,內門村,176,103858,590,512,330,765,390.99,66.26
高雄縣,內門鄉,永富村,235,117274,499,444,267,592,369.12,73.97
高雄縣,內門鄉,內南村,63,36447,579,482,278,812,388.56,67.16
高雄縣,內門鄉,內豊村,217,104400,481,394,269,592,362.56,75.36
高雄縣,內門鄉,觀亭村,373,191158,512,454,284,652,330.05,64.40
高雄縣,內門鄉,內東村,122,61738,506,408,269,625,364.38,72.00
高雄縣,內門鄉,內興村,118,55647,472,415,267,557,298.95,63.39
高雄縣,內門鄉,木柵村,98,45453,464,401,291,579,243.55,52.51
高雄縣,內門鄉,溝坪村,177,82702,467,403,284,587,293.26,62.76
高雄縣,內門鄉,石坑村,77,43418,564,500,309,756,360.80,63.99
高雄縣,內門鄉,瑞山村,64,29117,455,361,201,665,326.84,71.84
高雄縣,內門鄉,光興村,105,59136,563,521,340,717,324.68,57.65
高雄縣,內門鄉,金竹村,113,60010,531,438,333,634,344.12,64.80
高雄縣,內門鄉,三平村,94,46027,490,426,279,639,302.26,61.73
高雄縣,美濃鎮,東門里,300,191556,639,532,336,875,433.53,67.90
高雄縣,美濃鎮,福安里,529,344887,652,557,341,871,437.91,67.17
高雄縣,美濃鎮,興隆里,229,139806,611,541,341,810,375.51,61.51
高雄縣,美濃鎮,泰安里,349,272344,780,598,375,930,779.50,99.89
高雄縣,美濃鎮,龍山里,431,265374,616,511,325,786,448.89,72.91
高雄縣,美濃鎮,清水里,336,213872,637,551,347,825,406.17,63.81
高雄縣,美濃鎮,廣德里,262,172961,660,523,346,884,452.40,68.53
高雄縣,美濃鎮,德興里,334,228108,683,559,365,896,550.90,80.66
高雄縣,美濃鎮,瀰濃里,452,298399,660,560,374,871,428.76,64.95
高雄縣,美濃鎮,合和里,471,319208,678,581,350,887,474.37,69.99
高雄縣,美濃鎮,中圳里,379,270113,713,555,342,898,805.80,113.06
高雄縣,美濃鎮,中壇里,429,281204,655,552,343,869,441.25,67.32
高雄縣,美濃鎮,祿興里,506,314857,622,526,314,813,483.31,77.67
高雄縣,美濃鎮,吉和里,260,158294,609,520,320,750,462.68,76.00
高雄縣,美濃鎮,吉洋里,336,196042,583,520,356,745,358.10,61.38
高雄縣,美濃鎮,吉東里,292,176120,603,483,305,782,566.71,93.96
高雄縣,美濃鎮,龍肚里,282,192523,683,574,388,863,461.02,67.53
高雄縣,美濃鎮,獅山里,396,245073,619,518,332,781,424.81,68.64
高雄縣,美濃鎮,廣林里,319,191451,600,503,344,765,381.60,63.58
高雄縣,杉林鄉,新庄村,319,162304,509,415,270,635,389.24,76.50
高雄縣,杉林鄉,月眉村,353,197694,560,456,300,694,412.77,73.70
高雄縣,杉林鄉,上平村,266,148897,560,457,300,688,398.55,71.20
高雄縣,杉林鄉,杉林村,167,72776,436,364,240,574,277.98,63.79
高雄縣,杉林鄉,月美村,281,151831,540,458,289,674,376.36,69.65
高雄縣,杉林鄉,集來村,312,135693,435,385,247,559,296.35,68.14
高雄縣,杉林鄉,木梓村,162,69682,430,371,213,516,363.35,84.47
高雄縣,甲仙鄉,東安村,101,48561,481,404,254,553,421.65,87.70
高雄縣,甲仙鄉,西安村,188,127108,676,585,321,885,543.35,80.36
高雄縣,甲仙鄉,關山村,101,42702,423,362,204,547,299.20,70.77
高雄縣,甲仙鄉,和安村,150,83203,555,453,272,702,404.81,72.98
高雄縣,甲仙鄉,小林村,170,71721,422,384,243,499,290.20,68.79
高雄縣,甲仙鄉,大田村,270,127231,471,407,239,629,336.92,71.50
高雄縣,甲仙鄉,寶隆村,153,60142,393,383,217,540,245.49,62.45
高雄縣,茂林鄉,茂林村,101,55438,549,501,257,758,376.79,68.65
高雄縣,茂林鄉,多納村,75,32140,429,403,200,595,258.71,60.37
高雄縣,茂林鄉,萬山村,58,26900,464,390,251,650,348.37,75.11
高雄縣,桃源鄉,復興村,38,20120,529,493,340,710,271.30,51.24
高雄縣,桃源鄉,寶山村,48,25195,525,500,300,739,300.87,57.32
高雄縣,桃源鄉,桃源村,115,72335,629,578,370,815,330.76,52.58
高雄縣,桃源鄉,建山村,82,40445,493,421,269,685,288.23,58.44
高雄縣,桃源鄉,高中村,67,37200,555,476,303,760,342.46,61.68
高雄縣,桃源鄉,勤和村,30,15397,513,487,293,698,298.16,58.09
高雄縣,桃源鄉,梅蘭村,15,8705,580,654,411,743,285.03,49.11
高雄縣,桃源鄉,梅山村,17,9633,567,580,363,747,234.62,41.40
高雄縣,三民鄉,民生村,152,70208,462,445,204,687,311.81,67.51
高雄縣,三民鄉,民族村,86,38627,449,355,165,670,480.46,106.97
高雄縣,三民鄉,民權村,75,42644,569,593,265,808,340.52,59.89
屏東縣,屏東市,鵬程里,220,126563,575,481,334,744,359.13,62.43
屏東縣,屏東市,中正里,1026,876582,854,709,391,1159,654.93,76.66
屏東縣,屏東市,仁愛里,575,445466,775,581,358,993,719.62,92.89
屏東縣,屏東市,永昌里,131,75911,579,515,289,792,386.72,66.74
屏東縣,屏東市,建國里,135,99536,737,630,349,953,609.79,82.70
屏東縣,屏東市,斯文里,516,429147,832,638,387,1023,811.18,97.54
屏東縣,屏東市,民權里,152,116256,765,613,366,917,637.11,83.30
屏東縣,屏東市,新生里,1194,844077,707,570,346,921,558.31,78.98
屏東縣,屏東市,永安里,1630,1147713,704,579,347,932,510.49,72.50
屏東縣,屏東市,萬年里,141,89536,635,451,280,797,637.85,100.45
屏東縣,屏東市,玉成里,234,150329,642,520,327,833,470.66,73.26
屏東縣,屏東市,大湖里,316,201337,637,532,329,810,432.97,67.96
屏東縣,屏東市,瑞光里,1717,1358119,791,631,374,1039,634.12,80.17
屏東縣,屏東市,長安里,324,184223,569,495,270,707,436.78,76.82
屏東縣,屏東市,大同里,240,187064,779,539,283,1016,760.74,97.60
屏東縣,屏東市,長春里,636,556512,875,641,381,1159,774.97,88.57
屏東縣,屏東市,平和里,289,226301,783,537,332,861,984.31,125.70
屏東縣,屏東市,公？里,280,199786,714,582,352,890,519.70,72.84
屏東縣,屏東市,光華里,147,94763,645,490,311,825,497.26,77.14
屏東縣,屏東市,光榮里,223,156023,700,556,326,822,596.60,85.27
屏東縣,屏東市,湖南里,200,120121,601,486,285,804,416.02,69.27
屏東縣,屏東市,新興里,445,291562,655,507,320,803,692.05,105.62
屏東縣,屏東市,大鵬里,115,72666,632,549,391,817,384.44,60.84
屏東縣,屏東市,北興里,1348,972890,722,621,359,945,503.28,69.73
屏東縣,屏東市,泰安里,222,191193,861,676,401,1099,719.84,83.58
屏東縣,屏東市,仁義里,225,140056,622,474,292,787,514.09,82.59
屏東縣,屏東市,海豐里,150,93862,626,526,330,838,428.08,68.41
屏東縣,屏東市,北勢里,711,549042,772,612,372,1025,602.24,77.99
屏東縣,屏東市,厚生里,663,403719,609,491,292,770,478.73,78.62
屏東縣,屏東市,明正里,260,288488,1110,783,427,1401,1191.07,107.35
屏東縣,屏東市,文明里,126,107284,851,628,396,1040,737.07,86.57
屏東縣,屏東市,永順里,110,67632,615,424,267,774,629.08,102.32
屏東縣,屏東市,廣興里,367,209939,572,474,264,757,497.34,86.94
屏東縣,屏東市,太平里,303,263190,869,599,375,1117,817.10,94.07
屏東縣,屏東市,大埔里,184,119442,649,505,303,870,485.95,74.86
屏東縣,屏東市,安樂里,146,133586,915,671,368,1065,953.70,104.23
屏東縣,屏東市,和興里,146,81829,560,440,281,703,414.17,73.90
屏東縣,屏東市,信和里,247,151279,612,533,350,751,426.20,69.59
屏東縣,屏東市,清溪里,1057,730671,691,571,332,889,525.33,76.00
屏東縣,屏東市,潭墘里,1838,1308420,712,585,347,907,608.79,85.52
屏東縣,屏東市,永光里,212,129442,611,489,295,845,420.76,68.91
屏東縣,屏東市,一心里,241,176158,731,581,386,912,541.42,74.07
屏東縣,屏東市,勝利里,1097,878107,800,652,382,1034,660.33,82.49
屏東縣,屏東市,維新里,624,396565,636,517,313,825,505.25,79.50
屏東縣,屏東市,豐田里,1167,983448,843,674,400,1135,623.49,73.99
屏東縣,屏東市,豐榮里,800,672117,840,615,356,1108,781.08,92.97
屏東縣,屏東市,湖西里,317,199081,628,504,305,814,447.00,71.18
屏東縣,屏東市,崇禮里,117,78086,667,540,311,865,509.04,76.27
屏東縣,屏東市,武廟里,168,160047,953,635,364,1163,986.95,103.60
屏東縣,屏東市,橋南里,370,265606,718,512,264,835,1181.78,164.63
屏東縣,屏東市,勝豐里,117,85796,733,545,279,820,784.72,107.01
屏東縣,屏東市,金泉里,185,133240,720,520,285,874,775.53,107.68
屏東縣,屏東市,慶春里,125,118436,947,548,330,1024,1981.78,209.16
屏東縣,屏東市,楠樹里,143,98926,692,461,289,883,605.26,87.49
屏東縣,屏東市,扶風里,172,130220,757,538,359,859,809.48,106.92
屏東縣,屏東市,橋北里,226,137382,608,494,258,822,461.67,75.95
屏東縣,屏東市,歸心里,201,113097,563,475,318,697,364.62,64.80
屏東縣,屏東市,頂宅里,85,45630,537,476,352,666,297.63,55.44
屏東縣,屏東市,安鎮里,400,241634,604,467,305,749,553.80,91.68
屏東縣,屏東市,義勇里,239,203425,851,809,415,1077,562.58,66.10
屏東縣,屏東市,龍華里,490,311008,635,523,322,832,450.12,70.92
屏東縣,屏東市,頂柳里,187,126457,676,559,339,872,503.20,74.41
屏東縣,屏東市,擇仁里,189,116557,617,476,318,744,572.72,92.87
屏東縣,屏東市,前進里,268,166659,622,486,312,747,511.82,82.30
屏東縣,屏東市,大洲里,171,106135,621,521,293,806,489.58,78.88
屏東縣,屏東市,端正里,127,153616,1210,675,332,1404,1887.54,156.05
屏東縣,屏東市,必信里,134,77356,577,429,293,741,477.36,82.69
屏東縣,屏東市,崇智里,151,108999,722,553,319,763,942.64,130.59
屏東縣,屏東市,三山里,228,143546,630,531,366,842,419.12,66.57
屏東縣,屏東市,崇蘭里,1705,1285138,754,612,371,978,558.42,74.09
屏東縣,屏東市,空翔里,404,288650,714,592,342,947,557.95,78.09
屏東縣,屏東市,溝美里,662,501956,758,581,338,984,620.91,81.89
屏東縣,屏東市,永城里,605,390993,646,533,316,803,501.03,77.53
屏東縣,屏東市,華山里,1223,961581,786,619,359,1024,632.53,80.45
屏東縣,屏東市,興樂里,309,262555,850,618,365,1070,787.85,92.72
屏東縣,屏東市,大武里,1695,1279619,755,607,367,974,601.91,79.73
屏東縣,屏東市,崇武里,13,7373,567,494,266,653,576.88,101.71
屏東縣,屏東市,凌雲里,266,168951,635,495,316,833,572.67,90.16
屏東縣,屏東市,豐源里,1174,1021293,870,720,388,1129,683.01,78.51
屏東縣,屏東市,大連里,2678,2495056,932,739,406,1241,780.50,83.77
屏東縣,潮州鎮,蓬萊里,368,222243,604,475,293,814,434.95,72.02
屏東縣,潮州鎮,新生里,297,208358,702,546,294,885,728.04,103.78
屏東縣,潮州鎮,永春里,1123,741735,660,527,318,853,534.94,80.99
屏東縣,潮州鎮,新榮里,366,318451,870,562,323,988,1490.37,171.29
屏東縣,潮州鎮,光華里,939,686931,732,609,350,943,576.95,78.87
屏東縣,潮州鎮,同榮里,204,128991,632,463,292,840,514.73,81.40
屏東縣,潮州鎮,富春里,252,135522,538,447,289,721,368.86,68.59
屏東縣,潮州鎮,三和里,403,271428,674,563,328,887,503.01,74.68
屏東縣,潮州鎮,潮州里,168,134335,800,574,323,998,761.34,95.21
屏東縣,潮州鎮,三星里,1104,821990,745,606,361,986,550.98,74.00
屏東縣,潮州鎮,彭城里,135,83911,622,495,351,750,464.73,74.77
屏東縣,潮州鎮,九塊里,216,106897,495,401,243,599,401.08,81.04
屏東縣,潮州鎮,興美里,162,97917,604,498,301,806,433.49,71.72
屏東縣,潮州鎮,檨子里,92,53308,579,430,259,720,549.50,94.83
屏東縣,潮州鎮,三共里,1483,1184840,799,612,341,978,920.78,115.25
屏東縣,潮州鎮,五魁里,246,171944,699,595,379,911,483.37,69.16
屏東縣,潮州鎮,八爺里,431,285115,662,543,337,842,485.68,73.42
屏東縣,潮州鎮,光春里,260,143706,553,440,280,719,406.62,73.57
屏東縣,潮州鎮,泗林里,304,201391,662,540,357,867,497.30,75.07
屏東縣,潮州鎮,四春里,387,219910,568,474,296,735,426.03,74.97
屏東縣,潮州鎮,崙東里,192,96236,501,430,253,666,346.53,69.14
屏東縣,東港鎮,中興里,167,99364,595,493,282,762,466.08,78.33
屏東縣,東港鎮,大鵬里,37,20024,541,425,264,680,388.83,71.85
屏東縣,東港鎮,八德里,186,124435,669,475,305,884,562.01,84.01
屏東縣,東港鎮,興農里,137,81302,593,535,320,790,363.87,61.32
屏東縣,東港鎮,新勝里,566,427186,755,547,310,899,866.35,114.79
屏東縣,東港鎮,共和里,133,90138,678,587,347,840,502.64,74.16
屏東縣,東港鎮,東和里,142,77477,546,451,249,725,428.38,78.51
屏東縣,東港鎮,鎮海里,435,221718,510,427,288,628,364.60,71.53
屏東縣,東港鎮,興東里,1223,873416,714,554,337,919,620.45,86.88
屏東縣,東港鎮,頂新里,117,78458,671,555,355,803,487.19,72.65
屏東縣,東港鎮,興和里,160,94129,588,522,330,766,322.87,54.88
屏東縣,東港鎮,南平里,222,104813,472,428,266,669,284.65,60.29
屏東縣,東港鎮,下？里,291,170667,586,501,330,794,367.61,62.68
屏東縣,東港鎮,東隆里,238,133884,563,439,315,699,456.96,81.23
屏東縣,東港鎮,豐漁里,148,84844,573,458,244,669,511.67,89.26
屏東縣,東港鎮,盛漁里,258,122503,475,375,242,571,503.08,105.95
屏東縣,東港鎮,興漁里,318,160304,504,431,283,657,314.78,62.44
屏東縣,東港鎮,嘉蓮里,242,133742,553,462,289,657,418.27,75.68
屏東縣,東港鎮,船頭里,730,444384,609,506,303,777,440.28,72.33
屏東縣,東港鎮,頂中里,119,80809,679,521,306,786,587.58,86.53
屏東縣,東港鎮,朝安里,433,260301,601,487,302,748,498.28,82.89
屏東縣,東港鎮,興台里,172,132485,770,527,286,880,848.15,110.11
屏東縣,東港鎮,大潭里,267,165386,619,483,335,819,431.14,69.60
屏東縣,恆春鎮,德和里,116,61353,529,387,264,666,415.70,78.60
屏東縣,恆春鎮,仁壽里,134,63110,471,379,237,586,388.66,82.52
屏東縣,恆春鎮,城西里,296,182923,618,500,292,837,530.84,85.90
屏東縣,恆春鎮,城南里,259,168203,649,497,297,799,536.86,82.67
屏東縣,恆春鎮,城北里,442,300498,680,526,317,856,601.09,88.41
屏東縣,恆春鎮,龍水里,179,88031,492,382,264,628,361.48,73.50
屏東縣,恆春鎮,山？里,829,539185,650,509,306,811,606.19,93.20
屏東縣,恆春鎮,南灣里,268,191890,716,472,291,804,681.48,95.18
屏東縣,恆春鎮,網紗里,591,347040,587,484,300,758,430.52,73.32
屏東縣,恆春鎮,茄湖里,82,37581,458,450,229,651,284.19,62.01
屏東縣,恆春鎮,頭溝里,90,43231,480,368,230,646,379.37,78.98
屏東縣,恆春鎮,四溝里,175,81693,467,425,262,583,270.28,57.90
屏東縣,恆春鎮,山海里,284,128613,453,410,261,581,295.49,65.25
屏東縣,恆春鎮,大光里,338,166574,493,417,272,604,511.32,103.75
屏東縣,恆春鎮,水泉里,236,108403,459,418,263,595,298.94,65.08
屏東縣,恆春鎮,墾丁里,209,125376,600,514,349,770,371.22,61.88
屏東縣,恆春鎮,鵝鑾里,169,81184,480,419,277,570,408.22,84.98
屏東縣,萬丹鄉,新庄村,449,291051,648,533,299,891,471.07,72.67
屏東縣,萬丹鄉,廣安村,467,275242,589,486,298,781,402.20,68.24
屏東縣,萬丹鄉,竹林村,288,153507,533,434,240,694,417.44,78.32
屏東縣,萬丹鄉,社口村,237,134046,566,443,242,802,435.20,76.95
屏東縣,萬丹鄉,萬安村,144,94434,656,464,274,854,585.22,89.24
屏東縣,萬丹鄉,興安村,172,98176,571,495,256,740,403.56,70.70
屏東縣,萬丹鄉,田厝村,198,128527,649,554,310,895,449.20,69.20
屏東縣,萬丹鄉,崙頂村,290,162273,560,492,310,725,395.83,70.74
屏東縣,萬丹鄉,灣內村,203,104746,516,456,300,651,326.83,63.34
屏東縣,萬丹鄉,社中村,260,160913,619,478,300,817,481.09,77.73
屏東縣,萬丹鄉,萬全村,772,524543,679,522,300,882,599.25,88.20
屏東縣,萬丹鄉,萬惠村,169,103852,615,511,283,785,475.66,77.40
屏東縣,萬丹鄉,萬後村,98,55228,564,425,244,762,459.53,81.54
屏東縣,萬丹鄉,萬生村,317,199315,629,512,292,800,610.50,97.10
屏東縣,萬丹鄉,寶厝村,423,272079,643,563,350,833,432.56,67.25
屏東縣,萬丹鄉,四維村,436,248499,570,478,245,738,542.29,95.15
屏東縣,萬丹鄉,社上村,266,186728,702,470,273,830,1401.01,199.58
屏東縣,萬丹鄉,社皮村,355,219074,617,480,288,820,478.94,77.61
屏東縣,萬丹鄉,磚寮村,186,116111,624,519,300,799,473.86,75.91
屏東縣,萬丹鄉,加興村,187,112093,599,524,280,747,454.34,75.80
屏東縣,萬丹鄉,上村村,143,80347,562,450,272,740,428.27,76.22
屏東縣,萬丹鄉,？南村,264,146304,554,462,285,762,382.73,69.06
屏東縣,萬丹鄉,？北村,324,175658,542,430,227,682,496.05,91.50
屏東縣,萬丹鄉,新鐘村,438,254972,582,511,306,776,393.25,67.55
屏東縣,萬丹鄉,水泉村,285,180649,634,467,254,822,673.17,106.20
屏東縣,萬丹鄉,香社村,284,178727,629,536,291,831,491.80,78.15
屏東縣,萬丹鄉,後村村,179,110427,617,527,316,840,399.50,64.76
屏東縣,萬丹鄉,水仙村,122,65796,539,440,307,733,336.61,62.41
屏東縣,萬丹鄉,興全村,217,111304,513,419,255,695,339.93,66.27
屏東縣,萬丹鄉,甘棠村,65,39774,612,501,394,744,380.75,62.22
屏東縣,長治鄉,復興村,252,148438,589,471,285,801,472.79,80.26
屏東縣,長治鄉,長興村,222,160758,724,590,342,993,542.39,74.90
屏東縣,長治鄉,潭頭村,369,249946,677,550,337,856,515.44,76.10
屏東縣,長治鄉,進興村,507,337944,667,591,322,890,436.45,65.48
屏東縣,長治鄉,新潭村,631,449815,713,608,357,958,472.79,66.32
屏東縣,長治鄉,香楊村,443,333946,754,588,370,912,703.59,93.34
屏東縣,長治鄉,德協村,225,145305,646,556,333,843,458.55,71.00
屏東縣,長治鄉,德成村,174,117497,675,517,360,870,523.65,77.55
屏東縣,長治鄉,崙上村,325,207188,638,511,321,834,544.41,85.40
屏東縣,長治鄉,德榮村,210,134185,639,545,307,900,446.24,69.84
屏東縣,長治鄉,德和村,129,58933,457,360,252,578,354.92,77.69
屏東縣,長治鄉,繁隆村,193,130245,675,648,398,907,381.20,56.49
屏東縣,長治鄉,繁華村,340,201479,593,486,298,766,503.29,84.93
屏東縣,長治鄉,繁昌村,272,157008,577,505,271,749,420.26,72.80
屏東縣,長治鄉,繁榮村,223,121436,545,424,259,720,435.25,79.93
屏東縣,長治鄉,榮華村,84,42861,510,435,303,627,308.06,60.37
屏東縣,麟洛鄉,田心村,207,154200,745,629,337,988,550.02,73.84
屏東縣,麟洛鄉,新田村,439,292016,665,563,356,876,432.61,65.04
屏東縣,麟洛鄉,田中村,272,192443,708,595,338,918,513.54,72.58
屏東縣,麟洛鄉,麟頂村,202,150715,746,594,335,896,644.12,86.33
屏東縣,麟洛鄉,麟蹄村,380,237043,624,510,327,829,427.13,68.47
屏東縣,麟洛鄉,麟趾村,573,373686,652,559,331,863,465.80,71.42
屏東縣,麟洛鄉,田道村,149,98773,663,546,341,880,492.04,74.22
屏東縣,九如鄉,後庄村,319,183295,575,481,284,750,421.85,73.42
屏東縣,九如鄉,玉泉村,319,206356,647,490,312,794,620.28,95.89
屏東縣,九如鄉,東寧村,684,405853,593,498,318,787,400.69,67.53
屏東縣,九如鄉,九清村,317,210765,665,530,297,872,528.63,79.51
屏東縣,九如鄉,九塊村,221,127168,575,440,285,711,499.31,86.77
屏東縣,九如鄉,九明村,248,132481,534,460,261,695,343.02,64.21
屏東縣,九如鄉,玉水村,240,143911,600,495,314,774,476.38,79.45
屏東縣,九如鄉,大坵村,162,91423,564,415,274,734,419.38,74.31
屏東縣,九如鄉,三塊村,215,121310,564,430,294,676,563.24,99.82
屏東縣,九如鄉,耆老村,231,151994,658,547,323,899,441.53,67.10
屏東縣,九如鄉,洽興村,226,122017,540,481,300,723,323.16,59.86
屏東縣,里港鄉,土庫村,337,198314,588,503,303,755,420.75,71.50
屏東縣,里港鄉,玉田村,449,300138,668,540,327,869,554.72,82.99
屏東縣,里港鄉,大平村,261,164551,630,523,314,803,474.18,75.21
屏東縣,里港鄉,三？村,303,179310,592,452,287,701,529.78,89.52
屏東縣,里港鄉,中和村,127,65133,513,391,245,677,409.51,79.85
屏東縣,里港鄉,永春村,164,105398,643,516,334,772,505.56,78.67
屏東縣,里港鄉,茄苳村,255,152347,597,464,292,734,583.18,97.61
屏東縣,里港鄉,潮厝村,229,141779,619,539,317,761,432.50,69.86
屏東縣,里港鄉,春林村,252,159692,634,475,294,830,640.48,101.07
屏東縣,里港鄉,過江村,319,191732,601,511,315,785,448.71,74.65
屏東縣,里港鄉,鐵店村,246,156947,638,553,284,887,465.51,72.97
屏東縣,里港鄉,塔樓村,247,160116,648,517,290,860,519.13,80.08
屏東縣,里港鄉,載興村,467,271063,580,502,296,801,411.28,70.86
屏東縣,里港鄉,瀰力村,94,57070,607,434,302,779,514.96,84.82
屏東縣,鹽埔鄉,永隆村,90,37221,414,351,237,564,232.40,56.19
屏東縣,鹽埔鄉,鹽北村,297,175559,591,495,304,796,434.78,73.55
屏東縣,鹽埔鄉,鹽中村,408,239023,586,508,318,768,379.66,64.81
屏東縣,鹽埔鄉,鹽南村,270,155191,575,485,300,766,407.80,70.95
屏東縣,鹽埔鄉,仕絨村,155,99395,641,484,287,859,780.84,121.77
屏東縣,鹽埔鄉,高朗村,396,225678,570,472,297,753,401.90,70.52
屏東縣,鹽埔鄉,振興村,267,150098,562,437,288,733,390.59,69.48
屏東縣,鹽埔鄉,久愛村,121,65083,538,438,280,638,448.97,83.47
屏東縣,鹽埔鄉,新圍村,450,252585,561,471,287,713,434.02,77.32
屏東縣,鹽埔鄉,新二村,501,309689,618,491,300,799,520.15,84.15
屏東縣,鹽埔鄉,彭厝村,189,105774,560,480,311,741,386.95,69.14
屏東縣,鹽埔鄉,洛陽村,270,152447,565,474,335,717,370.52,65.62
屏東縣,高樹鄉,新南村,254,128275,505,428,292,626,320.70,63.50
屏東縣,高樹鄉,廣興村,161,80005,497,419,293,623,295.40,59.45
屏東縣,高樹鄉,廣福村,111,57995,522,450,338,692,289.82,55.47
屏東縣,高樹鄉,新豐村,195,122387,628,478,328,701,633.53,100.94
屏東縣,高樹鄉,東興村,132,81479,617,518,333,788,437.22,70.83
屏東縣,高樹鄉,大埔村,93,49412,531,415,299,677,444.68,83.69
屏東縣,高樹鄉,源泉村,154,80867,525,428,294,651,402.49,76.65
屏東縣,高樹鄉,菜寮村,128,81027,633,523,355,830,453.42,71.63
屏東縣,高樹鄉,舊庄村,122,68144,559,429,304,664,484.19,86.69
屏東縣,高樹鄉,長榮村,264,158841,602,459,299,695,736.97,122.49
屏東縣,高樹鄉,高樹村,433,273798,632,463,293,764,734.75,116.20
屏東縣,高樹鄉,東振村,80,46722,584,529,337,733,317.70,54.40
屏東縣,高樹鄉,建興村,146,73703,505,453,334,609,296.92,58.82
屏東縣,高樹鄉,舊寮村,166,106723,643,492,327,843,511.55,79.57
屏東縣,高樹鄉,司馬村,100,76917,769,578,399,924,992.47,129.03
屏東縣,高樹鄉,田子村,158,92518,586,449,289,738,578.89,98.86
屏東縣,高樹鄉,鹽樹村,184,108155,588,488,296,679,642.40,109.29
屏東縣,高樹鄉,泰山村,297,156218,526,430,269,656,436.55,83.00
屏東縣,高樹鄉,南華村,209,119720,573,493,327,674,464.46,81.08
屏東縣,萬巒鄉,成德村,312,183860,589,513,308,747,478.92,81.27
屏東縣,萬巒鄉,新厝村,197,104617,531,440,264,707,400.02,75.33
屏東縣,萬巒鄉,赤山村,327,144484,442,400,250,558,301.55,68.25
屏東縣,萬巒鄉,萬全村,167,119034,713,614,374,974,440.38,61.78
屏東縣,萬巒鄉,萬巒村,273,197128,722,591,338,922,778.81,107.86
屏東縣,萬巒鄉,萬和村,327,216342,662,579,350,887,427.31,64.59
屏東縣,萬巒鄉,鹿寮村,195,139328,715,578,366,952,514.23,71.97
屏東縣,萬巒鄉,硫黃村,95,59561,627,583,300,822,372.13,59.36
屏東縣,萬巒鄉,泗溝村,287,178114,621,503,319,843,430.29,69.33
屏東縣,萬巒鄉,佳佐村,292,156839,537,474,303,702,336.43,62.64
屏東縣,萬巒鄉,佳和村,322,198402,616,480,277,823,513.28,83.30
屏東縣,萬巒鄉,新置村,204,106984,524,437,265,698,359.15,68.48
屏東縣,萬巒鄉,萬金村,305,148360,486,400,264,602,391.36,80.46
屏東縣,萬巒鄉,五溝村,266,169998,639,493,300,806,494.95,77.45
屏東縣,內埔鄉,東勢村,593,383680,647,508,312,761,957.17,147.94
屏東縣,內埔鄉,黎明村,346,214298,619,515,303,781,495.67,80.03
屏東縣,內埔鄉,豐田村,670,437502,653,550,322,855,455.37,69.74
屏東縣,內埔鄉,龍潭村,438,227844,520,454,280,658,355.10,68.26
屏東縣,內埔鄉,竹圍村,339,205215,605,501,325,802,385.18,63.63
屏東縣,內埔鄉,和興村,476,348347,732,607,369,968,511.25,69.86
屏東縣,內埔鄉,龍泉村,414,216102,522,441,267,675,388.64,74.45
屏東縣,內埔鄉,東寧村,998,716762,718,577,355,924,629.99,87.72
屏東縣,內埔鄉,興南村,303,193261,638,540,325,843,422.39,66.22
屏東縣,內埔鄉,內埔村,861,598399,695,568,336,922,547.03,78.71
屏東縣,內埔鄉,建興村,149,80398,540,450,270,676,427.70,79.27
屏東縣,內埔鄉,義亭村,116,69883,602,475,316,790,394.82,65.54
屏東縣,內埔鄉,美和村,509,342159,672,582,335,888,481.57,71.64
屏東縣,內埔鄉,富田村,445,300884,676,532,337,869,581.72,86.03
屏東縣,內埔鄉,東片村,204,129874,637,503,322,797,455.32,71.52
屏東縣,內埔鄉,上樹村,252,147204,584,489,295,760,437.16,74.84
屏東縣,內埔鄉,老埤村,446,215591,483,392,228,628,406.46,84.09
屏東縣,內埔鄉,中林村,313,134724,430,359,220,549,311.65,72.40
屏東縣,內埔鄉,大新村,322,175531,545,444,289,695,443.48,81.35
屏東縣,內埔鄉,隘寮村,195,96293,494,426,273,659,302.10,61.18
屏東縣,內埔鄉,內田村,714,517657,725,581,352,905,597.24,82.38
屏東縣,內埔鄉,水門村,149,83574,561,465,278,727,443.94,79.15
屏東縣,內埔鄉,振豐村,375,254875,680,570,345,888,487.90,71.78
屏東縣,竹田鄉,南勢村,103,59083,574,510,303,746,346.97,60.49
屏東縣,竹田鄉,大湖村,239,152580,638,528,345,840,473.94,74.24
屏東縣,竹田鄉,永豐村,159,117344,738,691,389,958,440.48,59.68
屏東縣,竹田鄉,福田村,96,66331,691,573,302,893,530.66,76.80
屏東縣,竹田鄉,西勢村,604,364482,603,519,339,796,394.04,65.30
屏東縣,竹田鄉,竹南村,191,95788,502,452,247,666,352.62,70.31
屏東縣,竹田鄉,竹田村,371,236674,638,555,352,838,402.59,63.11
屏東縣,竹田鄉,糶糴村,161,90365,561,489,295,714,390.38,69.55
屏東縣,竹田鄉,二崙村,212,121871,575,490,273,772,376.49,65.49
屏東縣,竹田鄉,美崙村,137,88993,650,549,343,864,430.71,66.31
屏東縣,竹田鄉,頭崙村,325,184576,568,478,289,769,392.24,69.07
屏東縣,竹田鄉,履豐村,160,94291,589,539,316,774,354.80,60.20
屏東縣,竹田鄉,泗洲村,194,113196,583,441,268,753,462.48,79.26
屏東縣,竹田鄉,鳳明村,183,87443,478,402,240,635,366.83,76.77
屏東縣,竹田鄉,六巷村,148,97601,659,560,360,852,454.88,68.98
屏東縣,新埤鄉,南豐村,170,85303,502,418,241,671,356.73,71.09
屏東縣,新埤鄉,新埤村,443,264793,598,474,282,755,500.85,83.79
屏東縣,新埤鄉,建功村,294,169422,576,503,298,794,365.11,63.36
屏東縣,新埤鄉,打鐵村,254,171117,674,563,295,848,930.08,138.06
屏東縣,新埤鄉,餉潭村,358,129440,362,322,194,467,230.02,63.62
屏東縣,新埤鄉,箕湖村,222,94537,426,367,251,577,289.26,67.93
屏東縣,新埤鄉,萬隆村,250,129494,518,435,254,682,404.14,78.02
屏東縣,枋寮鄉,人和村,418,254143,608,467,290,783,630.63,103.72
屏東縣,枋寮鄉,保生村,151,95161,630,522,300,815,582.29,92.40
屏東縣,枋寮鄉,玉泉村,91,35480,390,352,201,463,297.96,76.42
屏東縣,枋寮鄉,新開村,155,64488,416,346,214,576,268.13,64.45
屏東縣,枋寮鄉,東海村,667,378570,568,489,307,722,465.98,82.10
屏東縣,枋寮鄉,大庄村,116,59619,514,428,263,620,348.94,67.89
屏東縣,枋寮鄉,中寮村,94,51795,551,493,340,690,333.98,60.61
屏東縣,枋寮鄉,地利村,331,188412,569,453,274,742,428.27,75.24
屏東縣,枋寮鄉,內寮村,111,49708,448,379,240,610,328.46,73.35
屏東縣,枋寮鄉,枋寮村,264,167956,636,527,314,850,485.55,76.32
屏東縣,枋寮鄉,安樂村,311,176456,567,470,296,780,387.71,68.33
屏東縣,枋寮鄉,天時村,384,235981,615,505,290,809,456.58,74.30
屏東縣,枋寮鄉,太源村,183,76909,420,367,219,546,252.81,60.15
屏東縣,枋寮鄉,新龍村,122,73086,599,410,272,808,478.69,79.91
屏東縣,枋寮鄉,隆山村,645,372334,577,489,308,745,422.55,73.20
屏東縣,新園鄉,共和村,323,161546,500,420,278,630,393.59,78.69
屏東縣,新園鄉,新東村,488,294541,604,492,307,773,455.27,75.43
屏東縣,新園鄉,田洋村,452,279732,619,499,330,825,424.36,68.57
屏東縣,新園鄉,瓦？村,339,205008,605,500,294,813,401.71,66.43
屏東縣,新園鄉,港西村,457,316260,692,558,359,810,951.33,137.47
屏東縣,新園鄉,港墘村,114,74643,655,514,364,741,599.05,91.49
屏東縣,新園鄉,內庄村,158,105925,670,563,355,950,437.59,65.27
屏東縣,新園鄉,中洲村,313,197869,632,541,313,778,510.38,80.74
屏東縣,新園鄉,興龍村,459,316638,690,582,351,883,476.86,69.13
屏東縣,新園鄉,仙吉村,526,326242,620,520,301,829,456.52,73.60
屏東縣,新園鄉,新園村,424,265843,627,507,312,803,501.97,80.06
屏東縣,新園鄉,烏龍村,273,162481,595,499,294,788,400.78,67.34
屏東縣,新園鄉,南龍村,254,174358,686,583,352,912,510.24,74.33
屏東縣,新園鄉,鹽埔村,593,307360,518,446,279,653,360.42,69.54
屏東縣,新園鄉,五房村,532,287460,540,465,296,692,352.61,65.26
屏東縣,崁頂鄉,北勢村,315,179012,568,481,329,757,345.13,60.73
屏東縣,崁頂鄉,崁頂村,419,264637,632,535,317,832,463.90,73.45
屏東縣,崁頂鄉,港東村,335,193943,579,469,308,760,405.98,70.13
屏東縣,崁頂鄉,園寮村,334,200749,601,486,260,810,439.23,73.08
屏東縣,崁頂鄉,力社村,202,117924,584,523,288,792,391.73,67.10
屏東縣,崁頂鄉,圍內村,212,134419,634,542,333,814,452.73,71.40
屏東縣,崁頂鄉,洲子村,144,80981,562,496,261,774,412.28,73.31
屏東縣,崁頂鄉,越溪村,167,101493,608,533,337,797,374.98,61.70
屏東縣,林邊鄉,鎮安村,207,132663,641,518,342,795,730.52,113.99
屏東縣,林邊鄉,竹林村,492,283533,576,494,293,742,416.83,72.33
屏東縣,林邊鄉,仁和村,363,245292,676,549,307,908,549.20,81.27
屏東縣,林邊鄉,永樂村,627,424452,677,552,343,870,521.87,77.09
屏東縣,林邊鄉,田厝村,165,90505,549,474,293,725,377.44,68.81
屏東縣,林邊鄉,中林村,187,119231,638,503,320,830,498.77,78.23
屏東縣,林邊鄉,林邊村,290,175535,605,531,307,860,396.87,65.57
屏東縣,林邊鄉,光林村,318,184557,580,471,312,742,431.22,74.30
屏東縣,林邊鄉,崎？村,229,105811,462,374,232,591,342.67,74.16
屏東縣,林邊鄉,水利村,276,127393,462,393,231,594,356.80,77.30
屏東縣,南州鄉,仁里村,143,96558,675,562,311,882,544.39,80.62
屏東縣,南州鄉,同安村,205,112270,548,468,272,754,356.00,65.00
屏東縣,南州鄉,溪州村,370,239863,648,545,328,896,429.32,66.22
屏東縣,南州鄉,溪北村,238,174694,734,671,389,1008,448.97,61.17
屏東縣,南州鄉,溪南村,232,155704,671,561,330,867,482.46,71.89
屏東縣,南州鄉,南安村,117,72277,618,500,344,766,433.27,70.14
屏東縣,南州鄉,七塊村,220,142653,648,557,365,833,395.70,61.03
屏東縣,南州鄉,萬華村,207,127606,616,549,337,751,397.50,64.48
屏東縣,南州鄉,米崙村,190,136282,717,601,371,932,500.93,69.84
屏東縣,南州鄉,壽元村,217,121397,559,443,254,712,712.98,127.45
屏東縣,佳冬鄉,大同村,215,123983,577,509,325,758,327.32,56.76
屏東縣,佳冬鄉,玉光村,400,230109,575,495,322,736,393.94,68.48
屏東縣,佳冬鄉,佳冬村,357,215928,605,513,316,786,422.88,69.92
屏東縣,佳冬鄉,六根村,307,191752,625,489,307,767,633.35,101.40
屏東縣,佳冬鄉,賴家村,207,123846,598,501,313,750,436.68,72.99
屏東縣,佳冬鄉,萬建村,384,220057,573,479,320,773,373.96,65.26
屏東縣,佳冬鄉,石光村,289,172521,597,521,329,759,416.05,69.69
屏東縣,佳冬鄉,昌隆村,231,135651,587,544,341,774,340.49,57.98
屏東縣,佳冬鄉,豐隆村,165,89004,539,460,313,675,363.58,67.40
屏東縣,佳冬鄉,？園村,168,104241,620,518,288,754,615.91,99.26
屏東縣,佳冬鄉,燄溫村,147,72682,494,429,304,651,279.28,56.48
屏東縣,佳冬鄉,？豐村,238,116775,491,416,241,603,520.97,106.18
屏東縣,琉球鄉,大福村,235,116861,497,426,258,585,363.59,73.12
屏東縣,琉球鄉,天福村,122,63719,522,480,310,678,300.25,57.49
屏東縣,琉球鄉,中福村,147,92146,627,485,300,837,443.84,70.81
屏東縣,琉球鄉,本福村,287,167433,583,433,259,704,551.54,94.54
屏東縣,琉球鄉,漁福村,96,53446,557,415,299,709,401.73,72.16
屏東縣,琉球鄉,南福村,125,59944,480,383,281,535,338.17,70.52
屏東縣,琉球鄉,上福村,174,85739,493,398,279,612,356.03,72.25
屏東縣,琉球鄉,杉福村,86,62822,730,501,309,715,1311.85,179.59
屏東縣,車城鄉,福興村,293,162050,553,448,296,760,410.76,74.27
屏東縣,車城鄉,海口村,140,68131,487,406,268,629,349.08,71.73
屏東縣,車城鄉,田中村,150,71041,474,378,227,653,336.06,70.96
屏東縣,車城鄉,新街村,66,28049,425,352,216,504,332.92,78.34
屏東縣,車城鄉,福安村,109,62127,570,444,303,727,378.82,66.46
屏東縣,車城鄉,統埔村,74,37672,509,370,249,788,358.74,70.47
屏東縣,車城鄉,溫泉村,182,84998,467,426,279,583,313.62,67.15
屏東縣,車城鄉,保力村,237,121339,512,400,253,642,426.51,83.31
屏東縣,車城鄉,埔墘村,96,47539,495,435,284,671,274.10,55.35
屏東縣,車城鄉,射寮村,73,31100,426,371,254,547,259.43,60.90
屏東縣,車城鄉,後灣村,100,47885,479,420,240,603,335.12,69.98
屏東縣,滿州鄉,？林村,90,45328,504,420,281,630,369.21,73.31
屏東縣,滿州鄉,港口村,235,113017,481,400,276,595,322.63,67.08
屏東縣,滿州鄉,滿州村,264,138085,523,425,299,656,433.23,82.83
屏東縣,滿州鄉,里德村,43,27781,646,462,320,803,546.79,84.63
屏東縣,滿州鄉,永靖村,247,122646,497,408,279,659,304.80,61.38
屏東縣,滿州鄉,長樂村,171,82835,484,440,283,642,267.34,55.19
屏東縣,滿州鄉,九棚村,29,17104,590,499,415,781,307.19,52.08
屏東縣,滿州鄉,港仔村,60,37352,623,444,378,851,397.43,63.84
屏東縣,'枋山鄉'T,枋山村,165,94237,571,470,304,736,387.37,67.83
屏東縣,'枋山鄉'T,加祿村,254,135414,533,429,285,685,384.90,72.20
屏東縣,'枋山鄉'T,楓港村,136,74219,546,458,323,677,392.79,71.98
屏東縣,'枋山鄉'T,善餘村,140,69393,496,416,306,631,302.79,61.09
屏東縣,三地門鄉,大社村,54,24626,456,378,177,587,515.24,112.98
屏東縣,三地門鄉,青山村,85,32549,383,307,193,481,295.06,77.05
屏東縣,三地門鄉,三地村,197,119001,604,522,312,762,461.06,76.33
屏東縣,三地門鄉,賽嘉村,72,32939,457,364,253,669,303.55,66.35
屏東縣,三地門鄉,口社村,78,40323,517,427,283,726,314.59,60.85
屏東縣,三地門鄉,安坡村,42,17359,413,408,229,611,202.65,49.03
屏東縣,三地門鄉,達來村,15,6491,433,414,343,540,237.07,54.79
屏東縣,三地門鄉,青葉村,76,29315,386,346,241,534,207.84,53.88
屏東縣,三地門鄉,德文村,47,23278,495,443,316,638,255.39,51.57
屏東縣,三地門鄉,馬兒村,28,10979,392,366,199,480,237.35,60.53
屏東縣,霧臺鄉,霧台村,196,103403,528,443,274,662,384.96,72.97
屏東縣,霧臺鄉,好茶村,50,27329,547,530,336,713,279.31,51.10
屏東縣,霧臺鄉,阿禮村,36,17099,475,440,298,596,269.15,56.67
屏東縣,霧臺鄉,大武村,32,15480,484,493,237,647,299.87,61.99
屏東縣,霧臺鄉,吉露村,11,7523,684,492,445,928,363.65,53.17
屏東縣,霧臺鄉,佳暮村,31,15608,503,530,281,661,288.01,57.20
屏東縣,瑪家鄉,三和村,322,168835,524,474,260,705,338.53,64.56
屏東縣,瑪家鄉,？山村,137,56382,412,344,220,501,328.27,79.76
屏東縣,瑪家鄉,瑪家村,39,16674,428,328,151,692,337.58,78.96
屏東縣,瑪家鄉,北葉村,133,66827,502,445,217,676,372.87,74.21
屏東縣,瑪家鄉,排灣村,60,28593,477,497,296,663,218.99,45.95
屏東縣,瑪家鄉,佳義村,111,55403,499,456,210,725,323.79,64.87
屏東縣,泰武鄉,萬安村,119,55746,468,394,220,530,390.81,83.43
屏東縣,泰武鄉,平和村,94,35504,378,304,182,500,267.81,70.91
屏東縣,泰武鄉,佳平村,95,52606,554,503,243,810,349.18,63.06
屏東縣,泰武鄉,武潭村,149,69013,463,446,221,636,285.17,61.57
屏東縣,泰武鄉,佳興村,40,17315,433,437,251,587,191.25,44.18
屏東縣,泰武鄉,泰武村,59,27032,458,408,226,554,267.73,58.43
屏東縣,來義鄉,南和村,286,104378,365,268,160,503,350.06,95.92
屏東縣,來義鄉,丹林村,165,66707,404,359,216,534,242.66,60.02
屏東縣,來義鄉,來義村,263,94455,359,327,190,485,209.75,58.40
屏東縣,來義鄉,古樓村,254,91602,361,303,194,505,242.82,67.33
屏東縣,來義鄉,望嘉村,212,81781,386,330,218,495,233.82,60.61
屏東縣,來義鄉,文樂村,224,88152,394,315,176,519,329.87,83.82
屏東縣,來義鄉,義林村,140,52916,378,322,188,538,256.93,67.98
屏東縣,春日鄉,春日村,101,44692,442,385,228,598,281.49,63.61
屏東縣,春日鄉,古華村,84,39520,470,411,220,688,295.56,62.82
屏東縣,春日鄉,士文村,21,8120,387,313,185,430,309.75,80.11
屏東縣,春日鄉,力里村,57,21213,372,368,239,469,203.33,54.64
屏東縣,春日鄉,七佳村,159,69829,439,366,227,627,280.37,63.84
屏東縣,春日鄉,歸崇村,113,48987,434,345,201,574,345.20,79.63
屏東縣,獅子鄉,竹坑村,36,18657,518,553,236,712,275.50,53.16
屏東縣,獅子鄉,楓林村,91,52567,578,541,360,800,292.14,50.57
屏東縣,獅子鄉,丹路村,104,56896,547,499,300,748,354.56,64.81
屏東縣,獅子鄉,草埔村,81,47241,583,517,296,805,372.30,63.84
屏東縣,獅子鄉,內文村,43,19440,452,369,210,688,320.31,70.85
屏東縣,獅子鄉,獅子村,56,23851,426,369,212,555,344.88,80.97
屏東縣,獅子鄉,內獅村,86,44634,519,472,309,680,315.87,60.86
屏東縣,獅子鄉,南世村,75,36369,485,401,240,637,391.10,80.65
屏東縣,牡丹鄉,牡丹村,96,54542,568,530,259,826,375.85,66.15
屏東縣,牡丹鄉,石門村,230,135215,588,507,261,798,446.52,75.95
屏東縣,牡丹鄉,東源村,58,28321,488,424,244,635,281.58,57.67
屏東縣,牡丹鄉,旭海村,48,27276,568,546,306,728,308.85,54.35
屏東縣,牡丹鄉,高士村,93,48963,526,472,313,752,294.71,55.98
屏東縣,牡丹鄉,四林村,67,26523,396,324,225,553,234.39,59.21
花蓮縣,花蓮市,民有里,197,119580,607,507,306,840,427.92,70.50
花蓮縣,花蓮市,國慶里,1201,1019466,849,621,348,1012,837.85,98.70
花蓮縣,花蓮市,民權里,132,99050,750,536,236,911,739.04,98.49
花蓮縣,花蓮市,民生里,442,290739,658,489,263,799,622.20,94.59
花蓮縣,花蓮市,民主里,176,116421,661,489,264,863,647.97,97.96
花蓮縣,花蓮市,國光里,408,295422,724,515,280,899,749.95,103.57
花蓮縣,花蓮市,民德里,522,456600,875,709,408,1137,703.07,80.38
花蓮縣,花蓮市,民政里,993,826022,832,661,385,1066,675.25,81.18
花蓮縣,花蓮市,民治里,126,87758,696,606,318,909,546.65,78.49
花蓮縣,花蓮市,國安里,154,134649,874,631,305,1117,1003.58,114.78
花蓮縣,花蓮市,民族里,182,133733,735,485,276,950,732.92,99.74
花蓮縣,花蓮市,民享里,1036,759109,733,551,328,901,1089.07,148.63
花蓮縣,花蓮市,國華里,684,569583,833,665,364,1073,791.11,95.00
花蓮縣,花蓮市,民樂里,195,149215,765,574,364,930,720.55,94.16
花蓮縣,花蓮市,國富里,1566,1265839,808,627,351,1057,751.82,93.01
花蓮縣,花蓮市,民意里,465,276482,595,501,317,766,413.90,69.61
花蓮縣,花蓮市,民運里,614,427238,696,534,310,861,663.73,95.39
花蓮縣,花蓮市,民立里,472,438541,929,726,407,1186,794.87,85.55
花蓮縣,花蓮市,民勤里,1068,937609,878,674,399,1091,822.16,93.65
花蓮縣,花蓮市,主商里,302,220019,729,490,298,853,823.55,113.04
花蓮縣,花蓮市,主勤里,364,256320,704,491,292,889,762.07,108.22
花蓮縣,花蓮市,主工里,196,142657,728,571,300,905,637.65,87.61
花蓮縣,花蓮市,主睦里,162,108586,670,458,254,771,877.26,130.88
花蓮縣,花蓮市,主義里,116,72452,625,457,227,712,654.75,104.83
花蓮縣,花蓮市,主計里,232,153048,660,491,273,842,599.16,90.82
花蓮縣,花蓮市,主信里,272,207061,761,534,333,920,835.87,109.80
花蓮縣,花蓮市,主和里,720,432317,600,482,290,743,481.71,80.23
花蓮縣,花蓮市,主學里,547,394015,720,556,282,923,693.65,96.30
花蓮縣,花蓮市,主農里,1691,1211860,717,567,336,946,575.92,80.36
花蓮縣,花蓮市,主力里,822,609244,741,564,311,905,699.46,94.37
花蓮縣,花蓮市,主權里,1466,1033780,705,559,325,916,553.49,78.49
花蓮縣,花蓮市,國治里,367,320054,872,629,358,1138,778.89,89.31
花蓮縣,花蓮市,國風里,1035,810055,783,579,345,973,688.68,87.99
花蓮縣,花蓮市,國威里,525,468945,893,653,364,1154,824.47,92.30
花蓮縣,花蓮市,國魂里,598,456540,763,606,323,917,708.64,92.82
花蓮縣,花蓮市,國聯里,1480,1024856,692,541,315,909,573.47,82.82
花蓮縣,花蓮市,國福里,301,160060,532,481,301,684,302.52,56.89
花蓮縣,花蓮市,國強里,365,236872,649,538,325,841,484.49,74.66
花蓮縣,花蓮市,國防里,231,148080,641,513,307,806,537.97,83.92
花蓮縣,花蓮市,民心里,259,216562,836,532,299,936,1083.75,129.61
花蓮縣,花蓮市,國裕里,1144,852987,746,606,345,978,579.88,77.77
花蓮縣,光復鄉,大同村,292,170674,584,459,282,803,444.11,75.98
花蓮縣,光復鄉,大興村,129,54020,419,380,225,546,258.08,61.63
花蓮縣,光復鄉,大進村,189,143291,758,668,358,1023,496.25,65.46
花蓮縣,光復鄉,大華村,316,195860,620,475,281,769,662.24,106.85
花蓮縣,光復鄉,大平村,225,108776,483,457,250,668,291.01,60.20
花蓮縣,光復鄉,南富村,253,123244,487,428,250,612,405.89,83.32
花蓮縣,光復鄉,大富村,92,43770,476,435,268,637,274.69,57.74
花蓮縣,光復鄉,大豐村,150,75855,506,429,231,672,495.85,98.05
花蓮縣,光復鄉,大安村,269,171528,638,498,294,864,518.48,81.31
花蓮縣,光復鄉,大全村,198,86792,438,367,211,601,297.49,67.87
花蓮縣,光復鄉,大馬村,213,107767,506,434,273,676,357.30,70.62
花蓮縣,光復鄉,東富村,358,160122,447,367,240,598,337.11,75.37
花蓮縣,光復鄉,西富村,273,134337,492,410,257,644,354.47,72.04
花蓮縣,光復鄉,北富村,244,113293,464,389,252,652,288.20,62.07
花蓮縣,玉里鎮,三民里,175,90299,516,450,273,690,330.17,63.99
花蓮縣,玉里鎮,永昌里,303,198501,655,533,325,864,479.02,73.12
花蓮縣,玉里鎮,東豐里,90,38283,425,384,240,517,264.94,62.28
花蓮縣,玉里鎮,觀音里,325,144571,445,396,240,585,281.43,63.27
花蓮縣,玉里鎮,泰昌里,303,230874,762,580,360,889,759.51,99.68
花蓮縣,玉里鎮,春日里,156,68664,440,402,262,551,252.23,57.30
花蓮縣,玉里鎮,中城里,1332,977653,734,603,351,925,587.28,80.01
花蓮縣,玉里鎮,國武里,408,334492,820,605,342,1020,819.58,99.97
花蓮縣,玉里鎮,啟模里,403,281221,698,506,329,809,803.83,115.19
花蓮縣,玉里鎮,源城里,274,141737,517,437,275,664,440.90,85.23
花蓮縣,玉里鎮,長良里,121,58465,483,387,246,608,379.38,78.52
花蓮縣,玉里鎮,樂合里,289,133657,462,386,234,635,301.96,65.29
花蓮縣,玉里鎮,松浦里,433,165631,383,333,217,487,249.07,65.11
花蓮縣,玉里鎮,德武里,195,75844,389,345,231,498,241.30,62.04
花蓮縣,玉里鎮,大禹里,262,143138,546,471,290,667,423.67,77.55
花蓮縣,新城鄉,順安村,178,96092,540,431,269,689,457.33,84.71
花蓮縣,新城鄉,新城村,426,279389,656,513,319,844,575.90,87.81
花蓮縣,新城鄉,北埔村,1054,639632,607,508,298,793,448.80,73.95
花蓮縣,新城鄉,康樂村,646,372011,576,496,294,740,518.24,89.99
花蓮縣,新城鄉,佳林村,177,97842,553,478,313,728,354.27,64.09
花蓮縣,新城鄉,嘉里村,704,388401,552,477,296,708,382.56,69.34
花蓮縣,新城鄉,嘉新村,179,86228,482,416,240,644,315.86,65.57
花蓮縣,新城鄉,大漢村,475,251176,529,427,256,644,491.27,92.91
花蓮縣,吉安鄉,永安村,997,662204,664,531,321,876,562.05,84.62
花蓮縣,吉安鄉,仁里村,1637,1086125,663,548,329,855,515.86,77.75
花蓮縣,吉安鄉,永興村,665,368449,554,488,300,728,362.18,65.37
花蓮縣,吉安鄉,福興村,589,341463,580,494,281,752,413.27,71.29
花蓮縣,吉安鄉,干城村,301,171716,570,463,286,696,481.61,84.42
花蓮縣,吉安鄉,南昌村,914,586655,642,521,305,833,488.73,76.14
花蓮縣,吉安鄉,仁安村,564,313289,555,463,280,705,411.22,74.03
花蓮縣,吉安鄉,仁和村,1075,599198,557,480,278,731,396.05,71.05
花蓮縣,吉安鄉,光華村,226,139702,618,486,279,707,711.40,115.09
花蓮縣,吉安鄉,南華村,410,216316,528,441,295,676,377.60,71.57
花蓮縣,吉安鄉,東昌村,1281,861006,672,554,341,871,475.76,70.78
花蓮縣,吉安鄉,北昌村,2028,1574452,776,605,336,1042,625.40,80.56
花蓮縣,吉安鄉,宜昌村,1016,668122,658,522,310,859,526.25,80.03
花蓮縣,吉安鄉,太昌村,819,480371,587,493,301,767,411.84,70.22
花蓮縣,吉安鄉,慶豐村,1472,986088,670,542,323,858,564.36,84.25
花蓮縣,吉安鄉,吉安村,1029,784115,762,614,328,1033,627.81,82.39
花蓮縣,吉安鄉,稻香村,757,553190,731,616,352,937,548.47,75.05
花蓮縣,吉安鄉,勝安村,1082,783729,724,537,311,946,647.84,89.44
花蓮縣,壽豐鄉,共和村,140,76820,549,427,270,631,642.53,117.10
花蓮縣,壽豐鄉,月眉村,167,79680,477,451,275,584,306.23,64.18
花蓮縣,壽豐鄉,平和村,314,163346,520,458,283,674,341.03,65.56
花蓮縣,壽豐鄉,豐山村,465,229910,494,391,246,637,395.62,80.02
花蓮縣,壽豐鄉,池南村,199,109021,548,479,299,712,399.96,73.01
花蓮縣,壽豐鄉,志學村,544,321214,590,466,288,731,480.35,81.35
花蓮縣,壽豐鄉,光榮村,238,106795,449,381,210,619,318.49,70.98
花蓮縣,壽豐鄉,壽豐村,451,247383,549,430,261,660,463.26,84.46
花蓮縣,壽豐鄉,豐裡村,350,162590,465,384,220,571,364.19,78.40
花蓮縣,壽豐鄉,豐坪村,210,106996,510,400,244,586,522.60,102.57
花蓮縣,壽豐鄉,溪口村,235,121821,518,451,274,683,334.29,64.49
花蓮縣,壽豐鄉,米棧村,62,21897,353,332,180,464,236.96,67.09
花蓮縣,壽豐鄉,水璉村,184,81019,440,370,229,558,311.29,70.70
花蓮縣,壽豐鄉,鹽寮村,124,58971,476,383,254,610,388.11,81.61
花蓮縣,壽豐鄉,樹湖村,68,36622,539,442,284,648,472.47,87.73
花蓮縣,鳳林鎮,林榮里,255,131434,515,437,248,637,427.99,83.04
花蓮縣,鳳林鎮,大榮里,354,189682,536,431,279,669,458.95,85.65
花蓮縣,鳳林鎮,南平里,173,92118,532,457,306,703,323.29,60.71
花蓮縣,鳳林鎮,鳳仁里,346,195158,564,443,280,702,505.27,89.58
花蓮縣,鳳林鎮,鳳義里,148,99276,671,570,316,809,855.47,127.53
花蓮縣,鳳林鎮,鳳禮里,221,138367,626,454,274,776,575.05,91.85
花蓮縣,鳳林鎮,鳳智里,351,252929,721,601,383,968,470.09,65.24
花蓮縣,鳳林鎮,鳳信里,360,205837,572,480,297,668,443.22,77.52
花蓮縣,鳳林鎮,北林里,157,76884,490,415,272,603,319.92,65.33
花蓮縣,鳳林鎮,山興里,113,47284,418,360,235,522,278.85,66.64
花蓮縣,鳳林鎮,長橋里,248,137661,555,477,330,717,350.95,63.22
花蓮縣,鳳林鎮,森榮里,56,32662,583,539,341,725,382.33,65.55
花蓮縣,豐濱鄉,新社村,177,76477,432,382,218,571,276.71,64.04
花蓮縣,豐濱鄉,港口村,210,76362,364,325,193,485,241.03,66.28
花蓮縣,豐濱鄉,豐濱村,586,228746,390,352,216,532,248.95,63.78
花蓮縣,豐濱鄉,靜浦村,278,100827,363,313,193,478,247.93,68.36
花蓮縣,豐濱鄉,磯崎村,75,28338,378,331,220,519,264.04,69.88
花蓮縣,瑞穗鄉,富源村,198,107909,545,452,288,654,458.98,84.22
花蓮縣,瑞穗鄉,富興村,156,78732,505,427,252,678,338.38,67.05
花蓮縣,瑞穗鄉,鶴岡村,210,91244,434,370,208,587,394.07,90.70
花蓮縣,瑞穗鄉,瑞穗村,463,257988,557,452,265,754,421.93,75.72
花蓮縣,瑞穗鄉,瑞良村,145,64250,443,396,286,573,272.49,61.50
花蓮縣,瑞穗鄉,瑞美村,470,287832,612,508,324,745,457.04,74.63
花蓮縣,瑞穗鄉,瑞祥村,163,95079,583,476,277,716,518.41,88.87
花蓮縣,瑞穗鄉,瑞北村,129,59410,461,388,180,610,376.77,81.81
花蓮縣,瑞穗鄉,奇美村,108,41150,381,362,201,560,230.16,60.41
花蓮縣,瑞穗鄉,富民村,234,98409,421,357,213,570,283.62,67.44
花蓮縣,瑞穗鄉,舞鶴村,240,107292,447,404,229,590,327.75,73.31
花蓮縣,富里鄉,新興村,169,80786,478,384,261,558,347.38,72.67
花蓮縣,富里鄉,石牌村,224,104849,468,374,232,642,327.91,70.05
花蓮縣,富里鄉,永豐村,143,55297,387,329,189,514,282.02,72.93
花蓮縣,富里鄉,學田村,130,56608,435,387,233,554,293.67,67.44
花蓮縣,富里鄉,竹田村,256,117048,457,384,247,584,323.38,70.73
花蓮縣,富里鄉,富里村,379,202937,535,463,258,684,379.74,70.92
花蓮縣,富里鄉,富南村,129,57356,445,358,208,580,357.00,80.29
花蓮縣,富里鄉,明里村,107,50683,474,375,248,576,532.30,112.38
花蓮縣,富里鄉,羅山村,101,41840,414,339,211,595,285.88,69.01
花蓮縣,富里鄉,萬寧村,163,77846,478,413,229,559,518.12,108.49
花蓮縣,富里鄉,豐南村,165,67797,411,333,209,526,301.90,73.48
花蓮縣,富里鄉,東里村,314,155854,496,399,218,658,479.35,96.57
花蓮縣,富里鄉,吳江村,120,57126,476,438,279,623,266.82,56.05
花蓮縣,秀林鄉,和平村,316,159527,505,421,250,638,459.66,91.05
花蓮縣,秀林鄉,秀林村,390,192441,493,418,256,665,350.65,71.06
花蓮縣,秀林鄉,崇德村,333,133287,400,364,198,536,268.75,67.14
花蓮縣,秀林鄉,富世村,440,218092,496,412,236,668,343.13,69.23
花蓮縣,秀林鄉,景美村,328,141746,432,371,211,598,293.27,67.86
花蓮縣,秀林鄉,佳民村,161,72967,453,369,216,589,321.38,70.91
花蓮縣,秀林鄉,銅門村,310,128559,415,311,187,591,360.06,86.82
花蓮縣,秀林鄉,文蘭村,267,132730,497,459,222,672,340.62,68.52
花蓮縣,秀林鄉,水源村,277,107186,387,342,180,527,262.07,67.73
花蓮縣,萬榮鄉,西林村,374,155746,416,371,186,603,295.58,70.98
花蓮縣,萬榮鄉,見晴村,151,63736,422,355,205,573,278.07,65.88
花蓮縣,萬榮鄉,萬榮村,231,109734,475,376,206,629,392.37,82.60
花蓮縣,萬榮鄉,明利村,190,73607,387,323,196,525,294.10,75.92
花蓮縣,萬榮鄉,馬遠村,416,148097,356,311,172,477,248.47,69.79
花蓮縣,萬榮鄉,紅葉村,348,137261,394,351,198,563,269.79,68.40
花蓮縣,卓溪鄉,太平村,129,58826,456,399,246,620,279.68,61.33
花蓮縣,卓溪鄉,崙山村,145,64385,444,392,230,572,294.35,66.29
花蓮縣,卓溪鄉,立山村,266,103905,391,326,203,530,264.66,67.75
花蓮縣,卓溪鄉,卓溪村,151,78358,519,479,272,664,469.10,90.40
花蓮縣,卓溪鄉,卓清村,205,86817,423,390,218,561,256.59,60.59
花蓮縣,卓溪鄉,古風村,192,85851,447,415,251,591,262.10,58.62
臺東縣,臺東市,自強里,1114,978568,878,692,401,1145,770.52,87.72
臺東縣,臺東市,中正里,284,205483,724,526,332,892,670.26,92.64
臺東縣,臺東市,中華里,374,247764,662,569,356,866,477.27,72.04
臺東縣,臺東市,光明里,493,358016,726,658,405,939,462.18,63.64
臺東縣,臺東市,仁愛里,180,116624,648,547,349,809,449.54,69.38
臺東縣,臺東市,建國里,259,153791,594,527,305,772,383.77,64.63
臺東縣,臺東市,民權里,258,225037,872,634,362,956,1061.66,121.72
臺東縣,臺東市,永樂里,308,224026,727,616,395,900,501.04,68.88
臺東縣,臺東市,新生里,1459,1183449,811,639,359,1073,689.67,85.03
臺東縣,臺東市,中山里,332,268148,808,563,299,943,2238.04,277.10
臺東縣,臺東市,成功里,170,102660,604,509,290,846,389.64,64.52
臺東縣,臺東市,康樂里,227,137690,607,541,335,752,481.81,79.43
臺東縣,臺東市,文化里,333,288158,865,740,438,1209,600.25,69.37
臺東縣,臺東市,大同里,179,129375,723,591,350,935,555.75,76.89
臺東縣,臺東市,中心里,755,688495,912,730,402,1168,786.37,86.23
臺東縣,臺東市,豐年里,472,254452,539,460,289,675,392.42,72.79
臺東縣,臺東市,四維里,141,76458,542,428,249,706,423.66,78.13
臺東縣,臺東市,民生里,757,591912,782,620,352,993,623.05,79.68
臺東縣,臺東市,復興里,111,76663,691,565,354,852,502.15,72.71
臺東縣,臺東市,新興里,293,205033,700,567,346,892,525.77,75.13
臺東縣,臺東市,建興里,183,100011,547,465,293,654,379.25,69.39
臺東縣,臺東市,豐樂里,294,194720,662,531,350,848,481.81,72.75
臺東縣,臺東市,復國里,125,81431,651,560,317,807,472.06,72.46
臺東縣,臺東市,民族里,527,490495,931,692,371,1173,921.90,99.05
臺東縣,臺東市,建和里,204,117360,575,518,316,745,343.00,59.62
臺東縣,臺東市,建業里,214,113209,529,475,289,671,344.35,65.09
臺東縣,臺東市,興國里,216,162701,753,557,300,974,749.87,99.55
臺東縣,臺東市,富岡里,256,119214,466,411,253,622,288.49,61.95
臺東縣,臺東市,東海里,799,682351,854,679,377,1075,755.43,88.46
臺東縣,臺東市,豐田里,313,204225,652,558,349,813,594.51,91.12
臺東縣,臺東市,豐原里,184,103729,564,474,293,720,448.71,79.59
臺東縣,臺東市,豐榮里,1679,1281446,763,621,375,972,661.03,86.61
臺東縣,臺東市,寶桑里,175,106447,608,523,312,778,468.55,77.03
臺東縣,臺東市,豐里里,373,219018,587,493,300,772,404.41,68.87
臺東縣,臺東市,鐵花里,132,111109,842,581,368,1104,819.45,97.35
臺東縣,臺東市,強國里,138,89279,647,488,281,830,608.81,94.10
臺東縣,臺東市,馬蘭里,914,735425,805,646,396,1045,693.49,86.19
臺東縣,臺東市,卑南里,546,420786,771,622,375,1028,587.93,76.29
臺東縣,臺東市,南王里,533,350299,657,565,336,829,473.63,72.07
臺東縣,臺東市,知本里,171,93876,549,466,293,726,365.92,66.65
臺東縣,臺東市,南榮里,454,260637,574,456,253,767,456.58,79.53
臺東縣,臺東市,岩灣里,230,143513,624,489,301,839,488.86,78.35
臺東縣,臺東市,新園里,200,102958,515,474,299,657,326.30,63.38
臺東縣,臺東市,豐谷里,1060,700507,661,543,322,863,487.96,73.84
臺東縣,臺東市,建農里,144,70719,491,425,267,642,354.66,72.22
臺東縣,臺東市,富豐里,145,62611,432,391,227,540,265.94,61.59
臺東縣,成功鎮,三民里,724,363380,502,432,257,630,372.87,74.29
臺東縣,成功鎮,和平里,237,104378,440,407,244,586,263.97,59.94
臺東縣,成功鎮,忠孝里,235,103225,439,383,234,584,279.22,63.57
臺東縣,成功鎮,信義里,446,192764,432,376,244,559,281.39,65.11
臺東縣,成功鎮,博愛里,183,75421,412,383,244,520,230.32,55.88
臺東縣,成功鎮,三仙里,443,193546,437,382,251,545,277.87,63.60
臺東縣,成功鎮,忠仁里,490,281469,574,484,329,704,414.05,72.08
臺東縣,成功鎮,忠智里,428,267635,625,487,304,786,510.72,81.67
臺東縣,關山鎮,新福里,194,105502,544,419,252,648,497.13,91.41
臺東縣,關山鎮,德高里,348,178112,512,444,301,627,330.82,64.64
臺東縣,關山鎮,月眉里,121,63951,529,466,327,681,291.59,55.17
臺東縣,關山鎮,里？里,435,299291,688,540,343,893,567.28,82.45
臺東縣,關山鎮,中福里,202,134471,666,569,384,852,408.00,61.29
臺東縣,關山鎮,豐泉里,261,176274,675,557,357,843,540.53,80.03
臺東縣,關山鎮,電光里,100,41788,418,373,250,551,240.88,57.64
臺東縣,卑南鄉,太平村,509,294833,579,493,297,751,408.82,70.58
臺東縣,卑南鄉,富源村,57,30106,528,475,316,733,323.61,61.27
臺東縣,卑南鄉,東興村,161,79292,492,450,281,676,296.46,60.20
臺東縣,卑南鄉,泰安村,149,72189,484,429,245,617,353.86,73.04
臺東縣,卑南鄉,溫泉村,174,96487,555,454,281,721,401.31,72.37
臺東縣,卑南鄉,賓朗村,418,247483,592,487,278,753,461.17,77.89
臺東縣,卑南鄉,美農村,163,88409,542,466,293,679,392.61,72.39
臺東縣,卑南鄉,初鹿村,240,131603,548,498,288,740,359.96,65.65
臺東縣,卑南鄉,嘉豐村,93,38702,416,379,220,539,287.17,69.01
臺東縣,卑南鄉,利嘉村,160,97329,608,518,295,851,426.38,70.09
臺東縣,卑南鄉,利吉村,77,33744,438,360,229,534,366.98,83.74
臺東縣,卑南鄉,明？村,198,108666,549,446,280,701,451.42,82.25
臺東縣,卑南鄉,富山村,102,40149,394,298,202,511,272.42,69.21
臺東縣,大武鄉,南興村,40,21037,526,450,275,691,309.34,58.82
臺東縣,大武鄉,尚武村,228,116473,511,399,249,708,387.52,75.86
臺東縣,大武鄉,大竹村,111,54701,493,437,244,675,295.71,60.01
臺東縣,大武鄉,大武村,273,175963,645,531,318,866,452.59,70.22
臺東縣,大武鄉,大鳥村,189,82083,434,357,217,612,286.55,65.98
臺東縣,太麻里鄉,三和村,89,40099,451,426,291,591,220.60,48.96
臺東縣,太麻里鄉,北里村,54,26339,488,452,264,623,289.83,59.42
臺東縣,太麻里鄉,美和村,213,96269,452,364,217,656,314.43,69.57
臺東縣,太麻里鄉,泰和村,233,150683,647,508,333,809,512.25,79.21
臺東縣,太麻里鄉,大王村,263,156771,596,507,356,754,340.92,57.19
臺東縣,太麻里鄉,金崙村,233,117725,505,448,293,643,303.46,60.06
臺東縣,太麻里鄉,多良村,187,71189,381,329,157,505,293.11,77.00
臺東縣,太麻里鄉,華源村,89,50593,568,450,286,746,416.06,73.19
臺東縣,太麻里鄉,香蘭村,135,61776,458,401,275,593,300.60,65.69
臺東縣,東河鄉,尚德村,37,15088,408,372,202,499,298.27,73.15
臺東縣,東河鄉,東河村,314,141397,450,352,193,563,527.93,117.24
臺東縣,東河鄉,泰源村,400,165810,415,345,196,566,300.67,72.53
臺東縣,東河鄉,北源村,381,145119,381,331,211,485,256.25,67.28
臺東縣,東河鄉,隆昌村,151,63020,417,363,221,561,263.02,63.02
臺東縣,東河鄉,興昌村,235,103767,442,376,235,555,311.98,70.65
臺東縣,東河鄉,都蘭村,514,243730,474,376,240,590,459.38,96.88
臺東縣,長濱鄉,三間村,432,179486,415,359,211,538,284.72,68.53
臺東縣,長濱鄉,樟原村,195,79176,406,400,248,503,214.96,52.94
臺東縣,長濱鄉,長濱村,604,277746,460,378,239,613,311.68,67.78
臺東縣,長濱鄉,忠勇村,163,70424,432,378,211,575,264.64,61.25
臺東縣,長濱鄉,竹湖村,299,118751,397,335,211,512,259.52,65.34
臺東縣,長濱鄉,寧埔村,559,218541,391,321,187,529,285.15,72.94
臺東縣,鹿野鄉,永安村,218,95451,438,395,230,577,307.84,70.31
臺東縣,鹿野鄉,瑞豐村,213,100779,473,402,254,591,347.75,73.50
臺東縣,鹿野鄉,鹿野村,224,126285,564,534,333,697,329.35,58.42
臺東縣,鹿野鄉,瑞源村,187,102481,548,440,259,724,490.46,89.50
臺東縣,鹿野鄉,龍田村,194,108784,561,463,276,669,506.27,90.29
臺東縣,鹿野鄉,瑞隆村,174,89983,517,464,274,665,342.82,66.29
臺東縣,鹿野鄉,瑞和村,169,78022,462,378,181,660,402.67,87.22
臺東縣,池上鄉,新興村,221,110356,499,447,284,643,323.57,64.80
臺東縣,池上鄉,大坡村,88,34988,398,348,214,570,253.31,63.71
臺東縣,池上鄉,富興村,116,45513,392,350,177,526,286.18,72.94
臺東縣,池上鄉,萬安村,93,42918,461,411,209,614,357.28,77.42
臺東縣,池上鄉,大埔村,231,122900,532,428,208,711,449.24,84.44
臺東縣,池上鄉,振興村,106,37794,357,321,189,487,242.46,68.00
臺東縣,池上鄉,慶豐村,163,75965,466,401,227,641,333.16,71.49
臺東縣,池上鄉,福原村,534,319343,598,492,265,782,478.84,80.07
臺東縣,池上鄉,福文村,263,122252,465,376,241,630,339.38,73.01
臺東縣,池上鄉,錦園村,93,49670,534,500,257,730,413.67,77.45
臺東縣,綠島鄉,公？村,142,96902,682,621,360,935,388.45,56.92
臺東縣,綠島鄉,南寮村,170,113444,667,641,403,834,404.93,60.68
臺東縣,綠島鄉,中寮村,147,112637,766,657,458,969,490.58,64.03
臺東縣,延平鄉,桃源村,231,108840,471,409,212,630,359.16,76.23
臺東縣,延平鄉,紅葉村,128,49215,384,325,170,562,282.77,73.54
臺東縣,延平鄉,武陵村,152,59931,394,342,188,585,275.70,69.92
臺東縣,延平鄉,永康村,71,26766,377,346,198,505,238.56,63.28
臺東縣,延平鄉,鸞山村,118,50073,424,352,200,585,312.15,73.56
臺東縣,海端鄉,崁頂村,189,85929,455,450,250,626,273.35,60.12
臺東縣,海端鄉,海端村,234,93508,400,303,180,519,384.09,96.12
臺東縣,海端鄉,加拿村,121,51572,426,351,204,612,288.99,67.80
臺東縣,海端鄉,霧鹿村,50,22157,443,364,234,618,263.98,59.57
臺東縣,海端鄉,利稻村,50,20357,407,387,234,522,261.40,64.20
臺東縣,海端鄉,廣原村,172,73419,427,369,169,636,348.83,81.72
臺東縣,達仁鄉,土？村,145,66047,455,361,215,568,393.00,86.28
臺東縣,達仁鄉,台？村,104,40698,391,301,194,535,294.23,75.19
臺東縣,達仁鄉,新化村,42,22327,532,499,340,644,255.98,48.15
臺東縣,達仁鄉,安朔村,92,53001,576,519,292,870,353.88,61.43
臺東縣,達仁鄉,森永村,46,24956,543,438,244,747,456.19,84.09
臺東縣,達仁鄉,南田村,29,14204,490,413,270,660,280.17,57.20
臺東縣,金峰鄉,新興村,20,11756,588,526,457,665,368.94,62.76
臺東縣,金峰鄉,嘉蘭村,98,57160,583,533,304,811,350.95,60.17
臺東縣,金峰鄉,歷坵村,30,12827,428,381,189,534,278.47,65.13
臺東縣,金峰鄉,賓茂村,54,29459,546,498,274,770,355.08,65.09
臺東縣,金峰鄉,正興村,66,46341,702,677,430,836,459.23,65.40
臺東縣,蘭嶼鄉,紅頭村,74,47645,644,632,373,895,321.11,49.87
臺東縣,蘭嶼鄉,東清村,49,21429,437,388,206,647,285.87,65.37
臺東縣,蘭嶼鄉,朗島村,14,6479,463,417,292,626,224.94,48.61
臺東縣,蘭嶼鄉,椰油村,45,28353,630,624,369,800,343.65,54.54
澎湖縣,馬公市,光明里,312,262588,842,683,389,1128,617.62,73.38
澎湖縣,馬公市,光復里,517,395547,765,606,361,1049,604.36,78.99
澎湖縣,馬公市,菜園里,60,40730,679,553,313,940,481.18,70.88
澎湖縣,馬公市,朝陽里,1315,1182153,899,747,414,1161,722.05,80.32
澎湖縣,馬公市,重慶里,315,238194,756,531,328,861,864.99,114.39
澎湖縣,馬公市,中央里,121,97924,809,721,374,1059,595.29,73.56
澎湖縣,馬公市,陽明里,672,562277,837,661,401,1087,710.91,84.96
澎湖縣,馬公市,長安里,181,131758,728,560,271,1028,626.53,86.07
澎湖縣,馬公市,中興里,241,205875,854,775,419,1147,565.77,66.23
澎湖縣,馬公市,復興里,84,63567,757,659,380,1007,579.11,76.53
澎湖縣,馬公市,光華里,90,65128,724,651,363,895,512.37,70.80
澎湖縣,馬公市,光榮里,723,653337,904,799,453,1168,658.10,72.83
澎湖縣,馬公市,重光里,294,229647,781,706,401,1028,534.61,68.44
澎湖縣,馬公市,興仁里,135,77044,571,488,285,763,382.99,67.11
澎湖縣,馬公市,新復里,59,42935,728,494,350,775,791.68,108.79
澎湖縣,馬公市,鐵線里,60,35928,599,573,302,820,387.59,64.73
澎湖縣,馬公市,啟明里,280,213953,764,517,277,890,813.07,106.41
澎湖縣,馬公市,西衛里,737,579511,786,706,406,1057,501.80,63.82
澎湖縣,馬公市,東文里,528,394797,748,654,386,976,581.82,77.81
澎湖縣,馬公市,西文里,502,407621,812,661,410,1049,731.61,90.10
澎湖縣,馬公市,案山里,305,237902,780,692,391,1024,532.99,68.33
澎湖縣,馬公市,前寮里,131,91996,702,621,344,846,569.78,81.14
澎湖縣,馬公市,石泉里,370,251251,679,621,351,912,415.60,61.20
澎湖縣,馬公市,東衛里,315,229019,727,633,356,931,479.45,65.95
澎湖縣,馬公市,安宅里,87,57944,666,555,293,829,526.96,79.12
澎湖縣,馬公市,烏崁里,171,99366,581,464,274,731,440.82,75.86
澎湖縣,馬公市,山水里,241,131441,545,452,261,741,399.24,73.20
澎湖縣,馬公市,鎖港里,423,214401,507,439,284,667,317.77,62.69
澎湖縣,馬公市,井垵里,65,32521,500,405,228,672,437.28,87.40
澎湖縣,馬公市,蒔裡里,198,103223,521,457,312,666,311.86,59.82
澎湖縣,馬公市,風櫃里,169,81524,482,447,270,638,287.32,59.56
澎湖縣,馬公市,虎井里,102,45056,442,391,206,602,295.46,66.89
澎湖縣,馬公市,桶盤里,29,13168,454,353,279,625,255.97,56.37
澎湖縣,馬公市,五德里,39,27021,693,566,264,869,717.28,103.53
澎湖縣,湖西鄉,成功村,85,53320,627,565,365,780,422.87,67.41
澎湖縣,湖西鄉,潭邊村,47,27731,590,585,379,751,299.54,50.77
澎湖縣,湖西鄉,龍門村,329,186980,568,486,317,713,363.72,64.00
澎湖縣,湖西鄉,湖東村,71,46033,648,591,347,852,409.85,63.21
澎湖縣,湖西鄉,湖西村,187,122457,655,568,319,889,430.37,65.72
澎湖縣,湖西鄉,尖山村,93,52362,563,490,347,702,380.14,67.52
澎湖縣,湖西鄉,南寮村,92,58736,638,538,325,806,430.63,67.45
澎湖縣,湖西鄉,東石村,18,9940,552,516,383,715,207.64,37.60
澎湖縣,湖西鄉,北寮村,50,26490,530,529,276,645,307.78,58.09
澎湖縣,湖西鄉,西溪村,82,45620,556,466,280,705,404.06,72.63
澎湖縣,湖西鄉,白坑村,42,14057,335,256,175,458,308.22,92.09
澎湖縣,湖西鄉,青螺村,31,19198,619,610,185,1012,470.47,75.97
澎湖縣,湖西鄉,紅羅村,99,54615,552,455,276,812,361.91,65.60
澎湖縣,湖西鄉,沙港村,138,69148,501,382,239,703,413.81,82.58
澎湖縣,湖西鄉,鼎灣村,56,41320,738,673,391,897,457.76,62.04
澎湖縣,湖西鄉,中西村,18,11174,621,531,440,815,327.43,52.75
澎湖縣,湖西鄉,許家村,38,30343,799,793,527,1019,551.08,69.01
澎湖縣,湖西鄉,隘門村,148,97078,656,569,309,955,455.83,69.49
澎湖縣,湖西鄉,林投村,186,110463,594,476,300,749,449.32,75.66
澎湖縣,湖西鄉,？葉村,101,54184,536,465,300,748,313.40,58.42
澎湖縣,湖西鄉,城北村,34,23013,677,581,391,874,426.57,63.02
澎湖縣,湖西鄉,太武村,18,12827,713,615,327,1027,485.05,68.06
澎湖縣,白沙鄉,後寮村,104,58713,565,451,301,687,448.54,79.45
澎湖縣,白沙鄉,赤崁村,281,170875,608,523,298,843,424.35,69.78
澎湖縣,白沙鄉,中屯村,96,59302,618,580,316,827,354.35,57.36
澎湖縣,白沙鄉,講美村,95,59267,624,495,308,897,421.18,67.51
澎湖縣,白沙鄉,城前村,18,15301,850,792,488,1094,484.23,56.96
澎湖縣,白沙鄉,鎮海村,17,11776,693,517,359,904,501.37,72.38
澎湖縣,白沙鄉,港子村,46,28046,610,465,353,737,409.92,67.23
澎湖縣,白沙鄉,小赤村,30,16780,559,527,214,698,373.51,66.78
澎湖縣,白沙鄉,岐頭村,24,13410,559,493,311,797,365.93,65.49
澎湖縣,白沙鄉,瓦硐村,41,22291,544,478,321,718,359.10,66.05
澎湖縣,白沙鄉,通梁村,128,62841,491,380,276,634,346.79,70.64
澎湖縣,白沙鄉,吉貝村,131,57537,439,392,220,552,290.59,66.16
澎湖縣,白沙鄉,鳥嶼村,169,70488,417,366,203,547,274.29,65.76
澎湖縣,白沙鄉,員貝村,31,13736,443,304,180,700,337.80,76.24
澎湖縣,白沙鄉,大倉村,22,7623,347,335,197,493,245.79,70.93
澎湖縣,西嶼鄉,合界村,66,39775,603,490,372,790,347.91,57.73
澎湖縣,西嶼鄉,橫礁村,28,11674,417,365,249,562,230.92,55.39
澎湖縣,西嶼鄉,竹灣村,155,69477,448,343,209,570,391.21,87.28
澎湖縣,西嶼鄉,小門村,44,22202,505,429,263,703,315.87,62.60
澎湖縣,西嶼鄉,大池村,78,44295,568,423,310,664,487.93,85.92
澎湖縣,西嶼鄉,二崁村,11,3227,293,280,181,437,138.17,47.10
澎湖縣,西嶼鄉,池東村,114,71980,631,503,334,858,451.86,71.56
澎湖縣,西嶼鄉,池西村,21,15198,724,672,360,758,662.42,91.53
澎湖縣,西嶼鄉,赤馬村,95,48471,510,395,233,681,458.31,89.83
澎湖縣,西嶼鄉,內垵村,167,71795,430,378,221,525,297.26,69.14
澎湖縣,西嶼鄉,外垵村,246,126759,515,415,278,619,376.13,73.00
澎湖縣,望安鄉,東安村,115,68595,596,528,310,850,345.32,57.89
澎湖縣,望安鄉,西安村,81,51423,635,489,325,862,454.74,71.63
澎湖縣,望安鄉,中社村,32,15611,488,400,256,583,332.86,68.23
澎湖縣,望安鄉,將軍村,120,57389,478,464,278,638,276.85,57.89
澎湖縣,望安鄉,花嶼村,20,9671,484,439,268,640,323.07,66.81
澎湖縣,望安鄉,水垵村,46,29587,643,629,405,860,311.35,48.41
澎湖縣,望安鄉,東吉村,18,12473,693,533,399,846,450.28,64.98
澎湖縣,望安鄉,東坪村,31,9624,310,286,168,497,200.59,64.61
澎湖縣,望安鄉,西坪村,4,1809,452,451,389,515,79.10,17.49
澎湖縣,七美鄉,西湖村,81,40354,498,385,244,637,358.82,72.02
澎湖縣,七美鄉,南港村,161,102381,636,504,265,814,587.32,92.36
澎湖縣,七美鄉,中和村,77,40290,523,433,229,700,415.29,79.37
澎湖縣,七美鄉,東湖村,38,15965,420,369,230,500,290.72,69.20
澎湖縣,七美鄉,平和村,52,26195,504,441,263,702,299.99,59.55
澎湖縣,七美鄉,海豐村,49,30907,631,434,299,949,444.55,70.48
金門縣,金城鎮,南門里,566,468044,827,660,399,1084,623.30,75.37
金門縣,金城鎮,東門里,448,340321,760,635,373,1034,537.17,70.71
金門縣,金城鎮,西門里,1062,982305,925,753,448,1198,673.71,72.84
金門縣,金城鎮,北門里,421,375094,891,708,421,1128,748.33,83.99
金門縣,金城鎮,賢庵里,309,233884,757,628,392,945,529.24,69.92
金門縣,金城鎮,金水里,137,103249,754,626,371,970,549.21,72.87
金門縣,金城鎮,古城里,360,254511,707,634,398,905,413.12,58.43
金門縣,金城鎮,珠沙里,165,121239,735,651,423,964,465.44,63.34
金門縣,金寧鄉,古寧村,241,148305,615,520,342,791,395.20,64.22
金門縣,金寧鄉,安美村,357,251043,703,595,366,910,466.15,66.29
金門縣,金寧鄉,湖埔村,352,285024,810,680,441,1039,554.05,68.42
金門縣,金寧鄉,榜林村,345,225746,654,584,364,845,409.09,62.52
金門縣,金寧鄉,盤山村,297,242868,818,663,433,1051,587.07,71.79
金門縣,金寧鄉,后盤村,114,79881,701,558,350,913,558.47,79.70
金門縣,金湖鎮,正義里,168,130226,775,701,406,1027,472.88,61.00
金門縣,金湖鎮,瓊林里,272,190324,700,586,387,916,460.55,65.82
金門縣,金湖鎮,新市里,434,334831,772,635,390,992,566.50,73.43
金門縣,金湖鎮,山外里,318,231907,729,620,372,918,518.27,71.07
金門縣,金湖鎮,溪湖里,118,73497,623,526,334,771,422.25,67.79
金門縣,金湖鎮,蓮庵里,104,70901,682,590,429,826,423.56,62.13
金門縣,金湖鎮,料羅里,153,118177,772,637,429,923,733.96,95.02
金門縣,金湖鎮,新湖里,384,329535,858,734,477,1064,622.06,72.49
金門縣,金沙鎮,西園里,103,80118,778,694,372,1034,495.51,63.70
金門縣,金沙鎮,三山里,123,79455,646,583,412,770,445.18,68.92
金門縣,金沙鎮,汶沙里,427,306488,718,593,396,905,478.19,66.62
金門縣,金沙鎮,何斗里,162,118569,732,613,339,927,527.50,72.07
金門縣,金沙鎮,埔山里,151,94255,624,523,345,843,385.11,61.70
金門縣,金沙鎮,官嶼里,117,92999,795,641,348,1046,615.40,77.42
金門縣,金沙鎮,光前里,171,118247,692,578,382,913,450.36,65.13
金門縣,金沙鎮,大洋里,101,68649,680,604,443,817,382.83,56.32
金門縣,烈嶼鄉,上林村,71,51920,731,555,340,890,561.35,76.76
金門縣,烈嶼鄉,林湖村,221,154715,700,579,350,896,693.26,99.03
金門縣,烈嶼鄉,黃埔村,78,60596,777,568,414,914,706.06,90.89
金門縣,烈嶼鄉,西口村,125,80143,641,544,384,798,367.15,57.26
金門縣,烈嶼鄉,上岐村,174,103462,595,503,361,685,376.92,63.39
金門縣,烏坵鄉,大坵村,26,19664,756,572,459,1119,463.86,61.33
金門縣,烏坵鄉,小坵村,44,43560,990,864,398,1394,684.35,69.13
連江縣,南竿鄉,復興村,160,159850,999,799,553,1333,672.74,67.34
連江縣,南竿鄉,清水村,57,47174,828,736,387,1168,509.00,61.50
連江縣,南竿鄉,仁愛村,71,71960,1014,924,613,1407,596.88,58.89
連江縣,南竿鄉,四維村,19,25463,1340,1004,772,1611,803.31,59.94
連江縣,南竿鄉,介壽村,389,373095,959,798,533,1298,645.04,67.25
連江縣,南竿鄉,福沃村,125,111739,894,758,453,1241,597.46,66.84
連江縣,南竿鄉,珠螺村,23,19281,838,690,502,973,504.08,60.13
連江縣,南竿鄉,津沙村,30,28868,962,696,525,1390,647.14,67.25
連江縣,南竿鄉,馬祖村,120,112128,934,761,442,1285,674.85,72.22
連江縣,北竿鄉,白沙村,12,8698,725,650,514,931,311.44,42.97
連江縣,北竿鄉,塘岐村,132,119990,909,853,535,1215,518.93,57.09
連江縣,北竿鄉,后沃村,20,16552,828,864,318,1355,491.77,59.42
連江縣,北竿鄉,橋仔村,22,13371,608,632,271,803,330.63,54.40
連江縣,北竿鄉,芹壁村,26,18392,707,563,427,1177,396.84,56.10
連江縣,北竿鄉,？里村,37,27722,749,568,389,1080,451.44,60.25
連江縣,莒光鄉,大坪村,74,51191,692,633,339,990,435.14,62.90
連江縣,莒光鄉,青帆村,60,59258,988,872,477,1380,677.31,68.58
連江縣,莒光鄉,田沃村,28,21769,777,676,490,951,368.72,47.43
連江縣,莒光鄉,西坵村,14,11975,855,589,337,1219,686.83,80.30
連江縣,莒光鄉,福正村,9,6484,720,646,561,889,247.79,34.39
連江縣,東引鄉,中柳村,92,74502,810,736,458,1068,448.77,55.42
連江縣,東引鄉,樂華村,78,67718,868,757,546,1096,459.72,52.95
嘉義市,東區,安平里,241,173117,718,560,319,943,632.48,88.05
嘉義市,東區,建國里,225,220245,979,601,293,1078,1539.92,157.32
嘉義市,東區,光復里,323,244889,758,552,318,892,866.30,114.26
嘉義市,東區,文昌里,171,120323,704,552,320,937,567.31,80.62
嘉義市,東區,中庄里,807,638657,791,625,385,1000,645.32,81.54
嘉義市,東區,興安里,530,386826,730,575,348,933,621.38,85.14
嘉義市,東區,東山里,165,138699,841,624,364,968,813.40,96.76
嘉義市,東區,豐年里,436,331752,761,598,354,989,599.94,78.85
嘉義市,東區,仁和里,189,191085,1011,622,360,1032,1556.76,153.98
嘉義市,東區,泰安里,287,210434,733,565,323,929,621.41,84.75
嘉義市,東區,新店里,973,863399,887,664,395,1109,972.10,109.55
嘉義市,東區,崇文里,241,183339,761,644,352,1014,611.05,80.32
嘉義市,東區,仁義里,575,457500,796,613,382,1009,916.90,115.24
嘉義市,東區,東安里,179,130366,728,507,307,827,715.92,98.30
嘉義市,東區,龍山里,211,162389,770,647,388,960,558.49,72.57
嘉義市,東區,興南里,379,314903,831,612,333,1070,830.06,99.90
嘉義市,東區,興仁里,873,656042,751,627,373,951,569.94,75.84
嘉義市,東區,太平里,1220,1257078,1030,709,429,1224,2350.50,228.12
嘉義市,東區,神農里,290,210176,725,536,314,922,631.08,87.08
嘉義市,東區,頂寮里,584,455859,781,571,364,1028,665.73,85.29
嘉義市,東區,仁武里,207,158636,766,551,336,974,698.77,91.18
嘉義市,東區,東仁里,191,152792,800,614,285,1026,809.63,101.21
嘉義市,東區,檜村里,455,390669,859,659,385,1126,708.35,82.50
嘉義市,東區,大街里,198,175831,888,557,331,960,1000.33,112.65
嘉義市,東區,內安里,163,151215,928,663,414,1210,824.81,88.91
嘉義市,東區,希康里,61,40392,662,536,360,781,589.38,89.01
嘉義市,東區,東噴里,425,495062,1165,747,410,1286,3721.53,319.48
嘉義市,東區,雲霄里,435,414615,953,713,434,1176,922.87,96.82
嘉義市,東區,頂庄里,1395,1185434,850,664,384,1085,712.92,83.90
嘉義市,東區,王田里,802,778970,971,703,390,1239,1150.77,118.48
嘉義市,東區,圳頭里,905,713119,788,593,330,977,948.41,120.36
嘉義市,東區,鹿寮里,97,61713,636,489,333,702,562.69,88.44
嘉義市,東區,盧厝里,1038,1180192,1137,760,415,1356,1378.35,121.23
嘉義市,東區,短竹里,1211,1062546,877,670,376,1142,811.00,92.43
嘉義市,東區,長竹里,805,930000,1155,793,438,1408,1270.43,109.97
嘉義市,東區,後庄里,992,809319,816,631,364,1035,954.43,116.99
嘉義市,東區,東川里,609,547084,898,668,417,1103,891.85,99.28
嘉義市,東區,東平里,309,283013,916,676,384,1205,828.79,90.49
嘉義市,東區,鎮南里,120,107722,898,542,362,1011,1169.77,130.31
嘉義市,東區,志航里,273,192489,705,552,334,856,561.61,79.65
嘉義市,東區,祐民里,199,158695,797,454,259,805,1210.24,151.76
嘉義市,東區,蘭井里,165,103553,628,488,297,832,503.08,80.16
嘉義市,東區,新開里,409,332416,813,621,363,995,711.67,87.56
嘉義市,東區,宣信里,453,301879,666,542,330,874,509.16,76.40
嘉義市,東區,芳草？,901,717983,797,600,340,991,746.42,93.67
嘉義市,東區,安寮里,1383,1100510,796,639,380,1042,622.45,78.22
嘉義市,東區,興村里,833,620789,745,606,356,963,592.37,79.49
嘉義市,東區,北城里,298,267480,898,591,363,1130,1030.40,114.80
嘉義市,東區,社口里,308,258392,839,591,350,1008,891.54,106.27
嘉義市,東區,荖藤里,631,410539,651,528,329,840,483.76,74.35
嘉義市,東區,後湖里,960,728381,759,573,331,894,936.05,123.37
嘉義市,東區,初陽里,420,418046,995,628,344,1172,1724.94,173.30
嘉義市,東區,震安里,170,108966,641,531,335,811,520.36,81.18
嘉義市,東區,府路里,310,239703,773,570,363,940,727.41,94.07
嘉義市,東區,芳安里,646,508704,787,600,352,986,658.93,83.68
嘉義市,西區,自強里,362,274356,758,539,334,878,777.95,102.65
嘉義市,西區,菜園里,202,142401,705,519,346,867,579.08,82.14
嘉義市,西區,保安里,2515,1808185,719,578,335,903,615.48,85.61
嘉義市,西區,集英里,113,76615,678,496,314,727,836.29,123.34
嘉義市,西區,下埤里,285,189660,665,520,290,797,675.47,101.50
嘉義市,西區,力行里,291,196391,675,482,302,812,837.04,124.03
嘉義市,西區,民安里,180,149508,831,618,312,1154,714.40,86.01
嘉義市,西區,長安里,282,158948,564,429,277,698,441.86,78.39
嘉義市,西區,中庸里,310,290549,937,746,369,1242,866.61,92.46
嘉義市,西區,民生里,182,159661,877,607,298,993,1071.04,122.09
嘉義市,西區,西平里,325,196717,605,488,327,758,453.03,74.85
嘉義市,西區,書院里,314,247698,789,556,330,952,914.18,115.89
嘉義市,西區,新西里,523,334331,639,530,310,818,507.76,79.43
嘉義市,西區,重興里,505,305154,604,477,290,720,619.13,102.46
嘉義市,西區,自治里,347,262025,755,543,306,955,748.57,99.13
嘉義市,西區,慶昌里,133,81543,613,477,272,791,623.83,101.75
嘉義市,西區,福民里,1184,1039197,878,649,367,1081,1449.69,165.17
嘉義市,西區,育英里,731,643534,880,662,382,1121,757.01,85.99
嘉義市,西區,竹圍里,1062,726440,684,522,308,860,591.09,86.41
嘉義市,西區,大溪里,382,240194,629,535,346,821,434.40,69.09
嘉義市,西區,導民里,317,226495,714,553,338,905,643.21,90.02
嘉義市,西區,華明里,234,222688,952,626,383,1097,1162.69,122.17
嘉義市,西區,湖內里,1582,1055354,667,542,338,832,515.17,77.22
嘉義市,西區,美源里,960,806763,840,625,360,1031,857.72,102.06
嘉義市,西區,致遠里,25,27332,1093,701,304,1132,1347.26,123.23
嘉義市,西區,翠岱里,4,2217,554,542,325,783,321.16,57.95
嘉義市,西區,培元里,274,184761,674,516,307,835,641.49,95.13
嘉義市,西區,車店里,1235,978285,792,621,368,1016,674.28,85.12
嘉義市,西區,光路里,1133,877484,774,619,380,999,587.12,75.81
嘉義市,西區,北杏里,305,306078,1004,668,399,1275,1050.79,104.71
嘉義市,西區,社內里,179,128478,718,533,266,892,666.69,92.89
嘉義市,西區,榮檜里,227,198901,876,641,354,1070,862.76,98.46
嘉義市,西區,慶昇里,142,132757,935,546,275,976,1283.71,137.31
嘉義市,西區,通運里,123,83811,681,492,317,849,905.64,132.91
嘉義市,西區,竹文里,319,197303,619,499,296,747,583.44,94.33
嘉義市,西區,香湖里,275,175819,639,508,310,793,490.49,76.72
嘉義市,西區,湖邊里,511,349428,684,552,328,857,545.26,79.74
嘉義市,西區,小湖里,159,87986,553,426,261,695,493.43,89.17
嘉義市,西區,北榮里,470,338392,720,561,335,916,601.13,83.49
嘉義市,西區,新厝里,806,572001,710,519,314,791,2134.52,300.77
嘉義市,西區,北湖里,557,355225,638,531,326,840,454.72,71.30
嘉義市,西區,竹村里,225,158788,706,567,359,843,552.90,78.35
嘉義市,西區,學圃里,164,117127,714,522,288,892,637.22,89.22
嘉義市,西區,大業里,332,253411,763,483,294,949,1131.24,148.21
嘉義市,西區,功科里,246,183221,745,534,321,906,787.41,105.72
嘉義市,西區,康莊里,235,205313,874,599,354,1091,828.29,94.81
嘉義市,西區,義昌里,186,152931,822,548,288,923,1404.60,170.83
嘉義市,西區,福松里,229,194109,848,570,336,932,1079.29,127.33
嘉義市,西區,驛站里,208,158657,763,508,282,886,1305.87,171.20
嘉義市,西區,福全里,1705,1237907,726,574,339,931,610.14,84.04
嘉義市,西區,磚？里,892,645625,724,551,330,917,661.22,91.35
嘉義市,西區,劉厝里,863,574228,665,517,312,851,564.36,84.82
嘉義市,西區,港坪里,514,427103,831,646,367,1046,764.53,92.01
嘉義市,西區,頭港里,284,179211,631,531,343,752,445.38,70.58
嘉義市,西區,垂楊里,482,377516,783,545,314,956,1226.85,156.64
新竹市,東區,東勢里,396,424668,1072,690,416,1286,1380.86,128.76
新竹市,東區,中正里,225,234331,1041,624,368,1190,1275.28,122.45
新竹市,東區,三民里,1758,1802774,1025,698,395,1240,1265.13,123.37
新竹市,東區,光明里,1364,2870699,2105,1515,692,2561,2971.67,141.20
新竹市,東區,錦華里,515,500358,972,728,404,1250,897.29,92.35
新竹市,東區,南門里,247,223864,906,656,411,1092,885.44,97.70
新竹市,東區,光復里,689,684006,993,625,370,1146,2262.94,227.95
新竹市,東區,東門里,365,345034,945,580,382,1047,1029.70,108.93
新竹市,東區,水源里,1156,818191,708,570,353,870,623.10,88.04
新竹市,東區,建功里,950,1060226,1116,781,421,1350,1682.63,150.77
新竹市,東區,成功里,301,363035,1206,644,352,1176,3508.46,290.89
新竹市,東區,新光里,1114,1056755,949,604,382,1075,2514.90,265.11
新竹市,東區,湖濱里,780,1054041,1351,733,425,1470,2401.57,177.72
新竹市,東區,福德里,514,474913,924,616,382,1084,986.54,106.77
新竹市,東區,東山里,1236,1558760,1261,830,454,1572,1912.06,151.61
新竹市,東區,榮光里,199,282077,1417,825,376,1892,2476.55,174.72
新竹市,東區,振興里,1747,1562584,894,672,398,1149,806.06,90.12
新竹市,東區,復興里,1195,1201058,1005,703,438,1289,928.71,92.40
新竹市,東區,新興里,1183,931792,788,622,384,1012,709.22,90.04
新竹市,東區,軍功里,1065,1099796,1033,724,417,1262,1367.37,132.41
新竹市,東區,龍山里,1174,1421580,1211,864,467,1493,1674.13,138.26
新竹市,東區,文華里,1373,1419240,1034,730,419,1281,1085.79,105.04
新竹市,東區,建華里,815,883340,1084,745,418,1359,1384.98,127.78
新竹市,東區,立功里,263,194695,740,549,344,917,628.02,84.84
新竹市,東區,東園里,971,989299,1019,666,399,1159,1671.46,164.05
新竹市,東區,前溪里,938,715995,763,539,340,863,1122.92,147.11
新竹市,東區,金山里,1398,1434108,1026,777,430,1324,920.14,89.70
新竹市,東區,埔頂里,889,824177,927,641,414,1105,1083.97,116.92
新竹市,東區,育賢里,222,838734,3778,693,373,1297,40177.46,1063.44
新竹市,東區,親仁里,629,692147,1100,702,431,1258,1995.57,181.35
新竹市,東區,公園里,830,727118,876,656,381,1090,785.30,89.64
新竹市,東區,復中里,1542,1836598,1191,709,399,1367,2551.12,214.19
新竹市,東區,綠水里,1623,2206050,1359,951,489,1750,1506.82,110.86
新竹市,東區,千甲里,637,486435,764,564,388,852,760.87,99.64
新竹市,東區,仙宮里,400,473657,1184,851,471,1522,1154.04,97.46
新竹市,東區,仙水里,1267,1728508,1364,968,524,1715,2015.29,147.72
新竹市,東區,新莊里,1693,2088260,1233,751,411,1396,6902.11,559.57
新竹市,東區,關帝里,211,170229,807,545,358,953,841.74,104.33
新竹市,東區,寺前里,294,206269,702,537,342,823,629.50,89.72
新竹市,東區,南市里,341,273827,803,582,352,952,762.74,94.98
新竹市,東區,竹蓮里,295,212695,721,540,360,923,577.93,80.16
新竹市,東區,南大里,524,390400,745,567,333,892,671.10,90.08
新竹市,東區,頂竹里,1155,1084123,939,635,382,1100,1304.56,138.98
新竹市,東區,下竹里,398,332247,835,585,368,951,1070.57,128.24
新竹市,東區,高峰里,1676,1876376,1120,631,373,1230,1857.84,165.94
新竹市,東區,柴橋里,1873,2771801,1480,809,433,1679,3880.32,262.21
新竹市,東區,光鎮里,1232,1088529,884,628,372,1103,909.40,102.93
新竹市,東區,豐功里,950,1086745,1144,770,439,1515,1072.62,93.76
新竹市,東區,武功里,287,207223,722,576,359,883,581.26,80.50
新竹市,東區,偉功里,151,110067,729,600,311,1014,540.31,74.13
新竹市,東區,關東里,1409,1287869,914,665,409,1194,769.15,84.15
新竹市,東區,科園里,2000,5292674,2646,1264,609,2481,8078.53,305.27
新竹市,東區,明湖里,879,835574,951,724,441,1189,821.95,86.47
新竹市,北區,西門里,210,155109,739,549,321,807,766.62,103.79
新竹市,北區,仁德里,297,233573,786,607,363,937,641.66,81.59
新竹市,北區,中山里,272,243099,894,585,331,1004,1389.48,155.47
新竹市,北區,中央里,263,185381,705,543,344,908,564.02,80.02
新竹市,北區,康樂里,598,408241,683,543,332,880,523.57,76.69
新竹市,北區,福林里,1208,1182385,979,627,366,1097,1352.29,138.16
新竹市,北區,大同里,323,403661,1250,701,373,1279,1961.41,156.95
新竹市,北區,中興里,237,189726,801,579,327,1002,761.15,95.08
新竹市,北區,光華里,1007,959188,953,704,412,1242,868.49,91.18
新竹市,北區,金華里,1389,1674818,1206,816,463,1508,1492.55,123.78
新竹市,北區,大鵬里,369,229455,622,548,330,840,414.72,66.69
新竹市,北區,舊社里,1687,1756150,1041,757,443,1341,1029.98,98.94
新竹市,北區,海濱里,442,301524,682,545,343,843,570.61,83.64
新竹市,北區,北門里,354,312583,883,609,354,957,953.25,107.96
新竹市,北區,興南里,512,514576,1005,693,405,1252,1005.02,100.00
新竹市,北區,新民里,527,435921,827,596,355,1041,748.78,90.52
新竹市,北區,港北里,382,237060,621,511,312,755,483.07,77.84
新竹市,北區,光田里,795,640867,806,623,377,998,674.86,83.72
新竹市,北區,育英里,1382,1343097,972,699,416,1194,1157.52,119.10
新竹市,北區,民富里,1522,1239856,815,588,359,984,934.18,114.68
新竹市,北區,武陵里,396,310573,784,588,371,984,732.24,93.37
新竹市,北區,南勢里,1153,751764,652,514,329,819,525.73,80.63
新竹市,北區,中寮里,471,309499,657,520,344,794,524.61,79.84
新竹市,北區,潛園里,340,308989,909,610,384,1085,926.32,101.93
新竹市,北區,崇禮里,476,368574,774,581,356,995,660.07,85.25
新竹市,北區,石坊里,214,172674,807,582,364,1022,725.37,89.90
新竹市,北區,西雅里,921,679473,738,580,371,965,548.41,74.34
新竹市,北區,曲溪里,1522,1106016,727,564,341,933,692.08,95.24
新竹市,北區,客雅里,991,724656,731,545,341,911,680.94,93.12
新竹市,北區,長和里,401,286814,715,555,335,908,660.65,92.37
新竹市,北區,文雅里,1425,1184097,831,621,364,1056,769.88,92.65
新竹市,北區,湳雅里,1392,1433083,1030,695,399,1249,1110.77,107.89
新竹市,北區,士林里,918,658536,717,519,321,866,788.85,109.97
新竹市,北區,古賢里,293,195421,667,532,337,857,502.65,75.36
新竹市,北區,南寮里,1109,694714,626,507,324,764,799.37,127.61
新竹市,北區,舊港里,131,95649,730,492,351,756,999.16,136.84
新竹市,北區,水田里,1013,1034585,1021,684,418,1267,1295.61,126.86
新竹市,北區,境福里,1168,1067102,914,645,402,1090,1254.19,137.28
新竹市,北區,磐石里,1440,1325642,921,653,381,1154,935.76,101.65
新竹市,北區,新雅里,1223,792002,648,535,357,809,458.03,70.73
新竹市,北區,金竹里,1585,1741315,1099,812,460,1402,1395.13,126.99
新竹市,北區,湳中里,1171,1460065,1247,983,560,1585,1134.50,90.99
新竹市,北區,金雅里,396,320305,809,612,370,1030,785.60,97.13
新竹市,北區,台溪里,280,328064,1172,593,404,947,6129.39,523.14
新竹市,香山區,南港里,271,176226,650,501,334,784,536.94,82.57
新竹市,香山區,大湖里,262,188192,718,608,378,881,539.50,75.11
新竹市,香山區,內湖里,1206,776206,644,522,312,827,495.96,77.06
新竹市,香山區,港南里,561,335219,598,514,307,724,442.81,74.11
新竹市,香山區,海山里,628,468524,746,538,348,862,878.93,117.81
新竹市,香山區,中埔里,876,683196,780,614,351,1019,648.40,83.14
新竹市,香山區,頂埔里,1486,1448122,975,644,374,1041,3377.72,346.61
新竹市,香山區,頂福里,583,461617,792,637,359,1009,618.76,78.15
新竹市,香山區,茄苳里,226,134520,595,506,309,776,412.09,69.23
新竹市,香山區,大庄里,733,489718,668,532,357,838,494.84,74.07
新竹市,香山區,香山里,1053,799161,759,566,355,899,1090.24,143.65
新竹市,香山區,牛埔里,853,702647,824,603,370,1000,841.69,102.18
新竹市,香山區,埔前里,834,583329,699,576,351,864,553.59,79.15
新竹市,香山區,樹下里,732,447122,611,515,317,769,427.91,70.05
新竹市,香山區,浸水里,567,342471,604,514,327,766,387.20,64.11
新竹市,香山區,虎林里,676,474620,702,558,346,874,596.75,85.00
新竹市,香山區,虎山里,1496,934373,625,518,330,787,454.13,72.71
新竹市,香山區,香村里,653,697444,1068,630,390,1187,1294.85,121.23
新竹市,香山區,東香里,740,897842,1213,840,452,1549,1269.04,104.59
新竹市,香山區,美山里,321,228149,711,561,320,881,748.11,105.26
新竹市,香山區,朝山里,597,371101,622,482,305,793,508.19,81.75
新竹市,香山區,鹽水里,376,231877,617,525,323,748,526.03,85.30
新竹市,香山區,中隘里,479,364360,761,583,368,917,656.84,86.35
新竹市,香山區,南隘里,229,134014,585,474,313,692,433.78,74.12
