縣市,鄉鎮市區,村里,納稅單位,綜合所得總額,平均數,中位數,第一分位數,第三分位數,標準差,變異係數
台北市,松山區,中崙里,1319,1513944,1148,803,443,1437,1256.62,109.48
台北市,松山區,自強里,2226,2447289,1099,825,446,1450,971.50,88.37
台北市,松山區,鵬程里,1812,2746338,1516,819,455,1563,11376.68,750.62
台北市,松山區,東榮里,3148,6642093,2110,958,475,1975,12783.07,605.85
台北市,松山區,介壽里,1610,2192075,1362,859,454,1687,1627.73,119.55
台北市,松山區,東勢里,1166,1543475,1324,779,433,1476,2367.02,178.81
台北市,松山區,東光里,2722,3529480,1297,814,437,1547,2260.34,174.32
台北市,松山區,中正里,2881,4876383,1693,958,493,1852,4550.25,268.83
台北市,松山區,復盛里,2175,2262669,1040,740,412,1327,1002.84,96.40
台北市,松山區,復勢里,2163,2569434,1188,791,430,1480,1456.21,122.59
台北市,松山區,美仁里,1160,1559447,1344,890,450,1663,1626.88,121.02
台北市,松山區,吉仁里,1301,1679983,1291,841,478,1538,1716.04,132.89
台北市,松山區,精忠里,1623,3555736,2191,893,472,1764,26977.34,1231.37
台北市,松山區,東昌里,1719,4125779,2400,943,473,1859,27781.21,1157.50
台北市,松山區,福成里,977,1895499,1940,913,455,1703,12697.24,654.46
台北市,松山區,中華里,1813,3070714,1694,1068,556,1995,3172.63,187.32
台北市,松山區,吉祥里,2874,3739688,1301,772,424,1529,3760.94,289.03
台北市,松山區,新東里,1729,1792817,1037,724,418,1326,1061.19,102.34
台北市,松山區,三民里,2724,3467571,1273,812,449,1513,1735.42,136.33
台北市,松山區,復建里,1264,1482112,1173,773,416,1481,1546.25,131.87
台北市,松山區,敦化里,2383,3372108,1415,899,474,1654,2664.27,188.28
台北市,松山區,安平里,2672,2542529,952,674,393,1198,969.29,101.87
台北市,松山區,富錦里,1894,2374334,1254,785,424,1543,1687.13,134.58
台北市,松山區,莊敬里,1797,1574511,876,634,387,1110,800.01,91.31
台北市,松山區,新益里,1535,1506058,981,694,393,1244,979.03,99.78
台北市,松山區,富泰里,1687,2028044,1202,815,418,1492,1405.58,116.92
台北市,松山區,龍田里,2022,2567450,1270,829,451,1628,2492.19,196.27
台北市,松山區,慈祐里,1902,1684721,886,584,350,1015,1264.54,142.76
台北市,松山區,復源里,1074,1191375,1109,750,419,1423,1197.46,107.95
台北市,松山區,民福里,2202,2382856,1082,740,418,1356,1465.07,135.39
台北市,松山區,松基里,1390,2213699,1593,820,435,1715,3409.98,214.12
台北市,松山區,新聚里,2551,2814167,1103,727,416,1334,1961.88,177.84
台北市,松山區,民有里,3352,6262716,1868,872,460,1816,8456.26,452.61
台北市,大安區,建安里,2080,3260993,1568,863,429,1777,3612.76,230.44
台北市,大安區,通安里,1823,1974197,1083,700,390,1241,1719.11,158.75
台北市,大安區,民輝里,2405,5676478,2360,922,469,1857,15112.50,640.28
台北市,大安區,德安里,2134,3792690,1777,861,436,1767,5699.99,320.72
台北市,大安區,敦安里,2498,4831885,1934,1013,509,2021,4970.62,256.97
台北市,大安區,光明里,1184,1840598,1555,825,432,1747,5857.41,376.79
台北市,大安區,永康里,1208,1605046,1329,853,459,1743,1369.73,103.09
台北市,大安區,福住里,1997,3484651,1745,1004,499,1931,4415.53,253.05
台北市,大安區,仁愛里,2396,7160500,2989,1010,483,2199,22093.59,739.28
台北市,大安區,義村里,2295,2738969,1193,780,432,1474,1568.05,131.39
台北市,大安區,臥龍里,889,1100582,1238,689,379,1296,3549.20,286.69
台北市,大安區,通化里,1918,1845991,962,667,389,1163,1443.90,150.02
台北市,大安區,龍生里,2123,2937407,1384,941,477,1851,1518.22,109.73
台北市,大安區,新龍里,2211,3015746,1364,904,471,1710,2935.21,215.20
台北市,大安區,住安里,1782,2269353,1273,760,422,1414,1894.03,148.73
台北市,大安區,錦泰里,1726,2379084,1378,993,489,1832,1460.02,105.92
台北市,大安區,建倫里,2456,4817795,1962,994,478,2049,4578.32,233.39
台北市,大安區,錦華里,1769,2687323,1519,977,482,1951,3039.75,200.10
台北市,大安區,光武里,2958,4068836,1376,774,408,1632,2313.85,168.21
台北市,大安區,仁慈里,1869,2910887,1557,912,465,1814,2366.32,151.93
台北市,大安區,黎孝里,2512,2674426,1065,744,424,1364,1103.64,103.66
台北市,大安區,民炤里,3031,5303137,1750,907,458,1814,4952.45,283.06
台北市,大安區,昌隆里,1405,1844462,1313,864,415,1628,1577.48,120.16
台北市,大安區,黎和里,1288,1200828,932,671,416,1198,852.42,91.43
台北市,大安區,龍雲里,1924,4527139,2353,881,452,1741,14192.81,603.18
台北市,大安區,青？里,446,443886,995,629,367,1242,968.11,97.27
台北市,大安區,芳和里,1904,1865438,980,669,388,1223,1109.74,113.27
台北市,大安區,龍安里,2069,3303962,1597,1012,480,2036,2995.90,187.61
台北市,大安區,義安里,2040,4704457,2306,972,476,2098,9364.86,406.09
台北市,大安區,虎嘯里,1214,1660325,1368,837,478,1594,1794.65,131.22
台北市,大安區,龍淵里,3019,4313660,1429,935,488,1806,2224.25,155.67
台北市,大安區,龍坡里,1997,2929979,1467,998,505,1986,1526.33,104.03
台北市,大安區,龍門里,1533,2778931,1813,970,486,2085,3288.94,181.43
台北市,大安區,敦煌里,2329,4081726,1753,947,467,2047,4224.69,241.06
台北市,大安區,？賢里,2203,3694106,1677,886,484,1715,5349.40,319.01
台北市,大安區,車層里,2636,4854542,1842,873,433,1770,8367.47,454.35
台北市,大安區,光信里,2708,4390082,1621,872,469,1741,6192.49,381.98
台北市,大安區,和安里,2245,6052882,2696,1055,519,1950,22788.22,845.21
台北市,大安區,正聲里,1851,2925053,1580,931,448,1820,3052.38,193.16
台北市,大安區,誠安里,1608,1822122,1133,714,394,1361,2055.38,181.38
台北市,大安區,華聲里,1560,2223386,1425,852,462,1643,4836.04,339.31
台北市,大安區,臨江里,1316,1180419,897,625,381,1124,1075.53,119.91
台北市,大安區,龍陣里,1342,1632389,1216,826,444,1621,1332.32,109.53
台北市,大安區,龍圖里,2437,3597908,1476,899,455,1756,2649.65,179.47
台北市,大安區,古莊里,2273,2962427,1303,892,456,1673,1686.65,129.41
台北市,大安區,錦安里,1784,2719429,1524,928,476,1867,2204.77,144.64
台北市,大安區,大學里,3042,4496875,1478,918,469,1788,3016.35,204.05
台北市,大安區,古風里,1480,2120630,1433,937,472,1804,2199.87,153.53
台北市,大安區,全安里,1686,3021349,1792,944,485,1950,4126.21,230.25
台北市,大安區,農場里,577,712624,1235,762,425,1665,1466.83,118.77
台北市,大安區,黎元里,1629,1361881,836,614,372,1038,1233.14,147.50
台北市,大安區,法治里,1533,1965323,1282,805,449,1614,1617.42,126.16
台北市,大安區,龍泉里,1501,1995072,1329,901,472,1734,1359.86,102.31
台北市,大安區,？英里,2472,3107807,1257,908,483,1642,1737.79,138.23
台北市,中正區,南門里,1063,1251795,1178,827,463,1585,1118.48,94.98
台北市,中正區,龍興里,1122,1275673,1137,710,403,1329,2849.29,250.60
台北市,中正區,愛國里,1071,1394738,1302,773,416,1543,1866.96,143.36
台北市,中正區,龍光里,1279,1627800,1273,888,464,1619,1460.71,114.77
台北市,中正區,河堤里,1728,1982987,1148,801,422,1483,1204.10,104.93
台北市,中正區,龍福里,2012,2570414,1278,942,487,1672,1270.98,99.49
台北市,中正區,螢雪里,1446,1348998,933,652,386,1198,916.01,98.19
台北市,中正區,永昌里,1575,1291867,820,592,353,1032,797.47,97.23
台北市,中正區,文盛里,1001,1219339,1218,815,423,1501,1260.60,103.49
台北市,中正區,忠勤里,1688,1134910,672,527,332,824,737.70,109.72
台北市,中正區,永功里,1882,1807528,960,647,392,1221,903.79,94.10
台北市,中正區,螢圃里,1833,1858330,1014,688,368,1296,1169.04,115.31
台北市,中正區,幸市里,1727,3461404,2004,821,429,1779,8074.53,402.86
台北市,中正區,文祥里,2365,3502295,1481,935,458,1865,2592.21,175.04
台北市,中正區,黎明里,977,1331486,1363,752,417,1401,2461.55,180.62
台北市,中正區,建國里,448,692747,1546,831,413,1706,3694.09,238.90
台北市,中正區,光復里,1214,2291670,1888,751,411,1448,16506.08,874.40
台北市,中正區,東門里,1361,3510660,2579,893,476,1645,45193.76,1752.06
台北市,中正區,板溪里,1137,1165179,1025,696,390,1298,1213.80,118.44
台北市,中正區,文北里,1968,3230757,1642,917,465,1888,3891.28,237.04
台北市,中正區,梅花里,1278,1603804,1255,755,419,1463,1950.85,155.45
台北市,中正區,廈安里,1131,1083528,958,690,405,1301,829.41,86.57
台北市,中正區,網溪里,1850,2169821,1173,753,428,1421,1764.28,150.42
台北市,中正區,林興里,1501,1781991,1187,765,423,1425,1323.02,111.44
台北市,中正區,幸福里,1522,2135973,1403,791,418,1457,4391.88,312.95
台北市,中正區,水源里,982,1038856,1058,683,401,1270,1367.29,129.25
台北市,中正區,富水里,806,938113,1164,665,413,1283,1357.49,116.63
台北市,中正區,頂東里,1955,2251435,1152,738,410,1391,2205.17,191.48
台北市,中正區,新營里,2626,3738938,1424,964,491,1920,1607.37,112.89
台北市,中正區,南福里,2511,3160757,1259,836,457,1645,1507.82,119.79
台北市,中正區,三愛里,2770,4332135,1564,854,449,1697,8880.30,567.81
台北市,萬華區,柳鄉里,1328,892607,672,538,339,837,567.66,84.45
台北市,萬華區,雙園里,1340,1098021,819,575,355,939,1017.98,124.23
台北市,萬華區,糖？里,1247,1270488,1019,575,364,981,3827.80,375.70
台北市,萬華區,西門里,1008,987572,980,585,342,1041,1988.48,202.96
台北市,萬華區,仁德里,1615,1531843,949,636,372,1129,1199.82,126.49
台北市,萬華區,新起里,2160,1951293,903,595,347,1014,1367.05,151.33
台北市,萬華區,日善里,1071,822642,768,535,345,959,703.05,91.53
台北市,萬華區,菜園里,1777,1539326,866,564,331,981,1921.54,221.82
台北市,萬華區,頂碩里,2245,1797628,801,568,352,990,783.03,97.79
台北市,萬華區,福音里,1089,1053258,967,563,337,1000,5704.94,589.85
台北市,萬華區,華中里,1802,1367102,759,572,365,913,780.85,102.93
台北市,萬華區,青山里,1308,948260,725,546,341,894,704.77,97.21
台北市,萬華區,新和里,2599,2516318,968,690,412,1131,2399.23,247.81
台北市,萬華區,新安里,1655,1231182,744,558,364,916,643.69,86.53
台北市,萬華區,富民里,1433,1139312,795,549,336,934,865.65,108.88
台北市,萬華區,富福里,1424,1341205,942,622,361,1093,1261.13,133.90
台北市,萬華區,綠堤里,1480,944896,638,513,332,793,489.35,76.65
台北市,萬華區,忠貞里,1311,962317,734,559,346,898,631.73,86.06
台北市,萬華區,日祥里,1484,1082076,729,571,367,893,603.08,82.71
台北市,萬華區,忠德里,1321,1005769,761,562,353,921,768.88,100.99
台北市,萬華區,孝德里,968,668799,691,523,338,852,593.95,85.97
台北市,萬華區,保德里,913,738561,809,603,357,1020,715.74,88.48
台北市,萬華區,全德里,1143,826027,723,550,342,906,601.10,83.18
台北市,萬華區,興德里,1216,912145,750,565,336,915,679.82,90.63
台北市,萬華區,壽德里,1456,1161867,798,593,364,989,775.82,97.22
台北市,萬華區,凌霄里,1045,708952,678,551,344,851,527.09,77.69
台北市,萬華區,和平里,1808,1301784,720,560,350,887,632.37,87.83
台北市,萬華區,騰雲里,965,819209,849,603,371,1035,899.83,106.00
台北市,萬華區,榮德里,1025,731906,714,559,356,857,809.87,113.42
台北市,萬華區,福星里,1378,1055588,766,545,332,952,757.52,98.89
台北市,萬華區,和德里,1632,1063088,651,517,332,813,520.67,79.93
台北市,萬華區,萬壽里,968,867457,896,609,335,1094,1001.06,111.71
台北市,萬華區,銘德里,1367,1067727,781,593,360,975,735.98,94.23
台北市,萬華區,華江里,2272,1708579,752,554,342,912,676.87,90.01
台北市,萬華區,錦德里,1510,1079264,715,559,358,878,608.42,85.12
台北市,萬華區,新忠里,1134,873513,770,617,362,962,630.50,81.85
台北市,大同區,建泰里,1220,1250796,1025,668,393,1176,1554.19,151.59
台北市,大同區,建明里,1330,1442174,1084,618,358,1128,2399.65,221.30
台北市,大同區,雙連里,2659,2186921,822,583,343,991,1149.57,139.77
台北市,大同區,建功里,1285,1107360,862,581,332,1034,1250.14,145.07
台北市,大同區,景星里,725,496486,685,532,345,880,550.80,80.43
台北市,大同區,星明里,1349,1255793,931,625,376,1089,1028.90,110.53
台北市,大同區,朝陽里,1207,1284414,1064,592,335,1113,2085.51,195.98
台北市,大同區,大有里,1735,1569641,905,604,345,1073,1199.81,132.62
台北市,大同區,斯文里,1539,1256562,816,553,349,941,1158.84,141.93
台北市,大同區,揚雅里,938,708461,755,544,358,932,701.63,92.89
台北市,大同區,國順里,1158,794690,686,507,313,832,615.28,89.66
台北市,大同區,國慶里,835,965335,1156,656,378,1219,2465.29,213.24
台北市,大同區,隆和里,1052,894267,850,584,346,1033,936.37,110.15
台北市,大同區,南芳里,1116,880651,789,553,332,934,917.01,116.21
台北市,大同區,鄰江里,1846,1408084,763,562,332,918,763.46,100.09
台北市,大同區,玉泉里,1268,1274201,1005,629,360,1129,1633.99,162.60
台北市,大同區,光能里,1592,1407367,884,574,360,1031,1159.29,131.14
台北市,大同區,重慶里,1438,1304692,907,627,389,1062,1170.02,128.96
台北市,大同區,至聖里,2555,2165958,848,611,373,1040,849.12,100.16
台北市,大同區,老師里,1302,1026397,788,559,337,904,966.30,122.58
台北市,大同區,蓬萊里,1504,1367247,909,622,361,1045,1256.90,138.26
台北市,大同區,民權里,1973,1831292,928,611,363,1068,1395.73,150.37
台北市,大同區,文昌里,363,252887,697,542,343,826,799.13,114.71
台北市,大同區,延平里,1074,897608,836,566,330,1006,1070.34,128.07
台北市,大同區,永樂里,1812,2299824,1269,668,373,1201,6748.51,531.71
台北市,大同區,保安里,1797,1521571,847,585,364,978,1466.93,173.25
台北市,中山區,聚盛里,966,768567,796,584,346,986,736.64,92.59
台北市,中山區,大佳里,282,192328,682,549,346,777,670.83,98.36
台北市,中山區,恆安里,974,1241370,1275,629,376,1147,6086.64,477.57
台北市,中山區,集英里,1764,2266764,1285,655,387,1139,7512.50,584.62
台北市,中山區,正守里,1027,1006027,980,667,383,1178,1071.95,109.43
台北市,中山區,正義里,1360,1213488,892,599,360,1075,998.51,111.91
台北市,中山區,新生里,1476,1316276,892,593,355,1088,975.24,109.36
台北市,中山區,松江里,2226,4198411,1886,727,404,1415,14640.31,776.23
台北市,中山區,江山里,2719,3210258,1181,746,409,1404,1805.33,152.91
台北市,中山區,中山里,1690,1398688,828,571,343,965,942.23,113.85
台北市,中山區,成功里,2824,4019732,1423,763,427,1475,3375.53,237.14
台北市,中山區,下埤里,2393,2535557,1060,684,398,1268,1371.35,129.43
台北市,中山區,中原里,1598,1737740,1087,678,376,1270,1630.72,149.96
台北市,中山區,新庄里,1442,1137392,789,582,359,989,850.80,107.87
台北市,中山區,江寧里,2366,3030929,1281,820,433,1573,1580.08,123.34
台北市,中山區,復華里,1350,1564729,1159,723,403,1261,2988.93,257.88
台北市,中山區,興亞里,1919,2434684,1269,725,401,1331,2664.61,210.02
台北市,中山區,朱園里,1585,2860156,1805,798,421,1479,7720.97,427.87
台北市,中山區,中央里,1228,1313517,1070,665,372,1224,2750.45,257.14
台北市,中山區,新福里,1536,1350980,880,591,358,1054,1201.36,136.59
台北市,中山區,中庄里,1761,1577665,896,610,351,1068,1085.31,121.14
台北市,中山區,康樂里,799,849258,1063,605,341,1143,2219.07,208.78
台北市,中山區,行政里,1697,1622658,956,642,361,1142,1559.10,163.05
台北市,中山區,聚葉里,1068,1132183,1060,624,353,1105,2211.70,208.63
台北市,中山區,正得里,1145,1408782,1230,680,372,1237,3845.66,312.56
台北市,中山區,中吉里,1813,2221098,1225,697,386,1282,3225.84,263.31
台北市,中山區,新喜里,1528,1286201,842,581,358,1051,974.15,115.73
台北市,中山區,埤頭里,1350,1259003,933,635,369,1153,1178.56,126.37
台北市,中山區,大直里,3140,4145639,1320,846,459,1598,2363.36,179.01
台北市,中山區,劍潭里,1019,936894,919,686,425,1131,818.61,89.04
台北市,中山區,力行里,2292,3369219,1470,786,414,1454,5237.59,356.30
台北市,中山區,朱崙里,1089,1174276,1078,678,374,1282,1759.65,163.19
台北市,中山區,晴光里,1284,1636591,1275,654,380,1219,3129.28,245.51
台北市,中山區,永安里,2839,5318389,1873,1085,511,2151,3248.91,173.43
台北市,中山區,圓山里,1127,1262724,1120,619,371,1142,4377.39,390.69
台北市,中山區,民安里,1706,1864871,1093,667,396,1259,1581.20,144.65
台北市,中山區,行孝里,1197,999672,835,607,374,996,779.07,93.28
台北市,中山區,龍洲里,1799,2137850,1188,796,442,1440,3754.30,315.92
台北市,中山區,行仁里,2455,2019989,823,612,380,1035,842.16,102.35
台北市,中山區,朱馥里,1898,1778726,937,626,370,1105,1502.35,160.31
台北市,文山區,景美里,1459,1554331,1065,726,434,1294,1216.90,114.23
台北市,文山區,景行里,1564,1524164,975,632,362,1070,3664.87,376.07
台北市,文山區,景仁里,1533,1537957,1003,714,397,1286,972.98,96.98
台北市,文山區,萬有里,1478,1780074,1204,845,436,1588,1612.33,133.87
台北市,文山區,景慶里,1966,1891666,962,698,409,1223,899.46,93.48
台北市,文山區,萬隆里,2185,2498312,1143,836,460,1445,1267.82,110.88
台北市,文山區,萬祥里,1416,1417900,1001,732,420,1317,919.73,91.85
台北市,文山區,萬年里,1744,1962158,1125,772,420,1439,1483.87,131.89
台北市,文山區,萬盛里,1549,1633493,1055,729,428,1380,994.21,94.28
台北市,文山區,萬和里,934,895437,959,691,418,1162,896.94,93.56
台北市,文山區,興福里,1701,1791056,1053,729,413,1300,1954.62,185.63
台北市,文山區,興得里,1821,1705041,936,693,413,1188,858.46,91.68
台北市,文山區,興豐里,2759,2758399,1000,741,446,1287,964.60,96.48
台北市,文山區,興旺里,2062,2027116,983,742,426,1276,846.75,86.13
台北市,文山區,興光里,1471,1427788,971,686,404,1234,975.11,100.46
台北市,文山區,興安里,2030,2398520,1182,841,467,1521,1175.43,99.48
台北市,文山區,興昌里,2084,2489453,1195,828,446,1560,1230.76,103.03
台北市,文山區,興泰里,1167,1162803,996,730,426,1296,910.39,91.37
台北市,文山區,興業里,1791,1973148,1102,746,426,1353,1600.73,145.30
台北市,文山區,景東里,1980,1985528,1003,746,436,1286,967.46,96.48
台北市,文山區,景華里,1691,1746678,1033,737,420,1337,964.03,93.33
台北市,文山區,興家里,1728,1806435,1045,748,438,1320,1204.43,115.21
台北市,文山區,萬芳里,4232,4863258,1149,763,423,1361,2419.46,210.54
台北市,文山區,木柵里,2474,2637650,1066,711,406,1293,1464.32,137.35
台北市,文山區,博嘉里,1250,1650715,1321,726,399,1462,4037.10,305.71
台北市,文山區,樟？里,2772,2811449,1014,679,412,1217,1356.99,133.79
台北市,文山區,老泉里,182,136444,750,533,304,866,909.47,121.31
台北市,文山區,木新里,2641,2428301,919,643,391,1149,938.01,102.02
台北市,文山區,指南里,805,729713,906,661,381,1122,800.70,88.33
台北市,文山區,華興里,2287,2462570,1077,753,434,1315,1303.61,121.07
台北市,文山區,順興里,3204,3245152,1013,702,402,1296,1301.47,128.50
台北市,文山區,萬興里,3161,4225282,1337,886,477,1655,1732.54,129.61
台北市,文山區,明興里,2275,2368139,1041,772,440,1329,1113.77,107.00
台北市,文山區,明義里,890,769116,864,575,335,1016,925.56,107.10
台北市,文山區,試院里,1990,2174854,1093,761,432,1341,1697.11,155.29
台北市,文山區,樟新里,3447,3750173,1088,726,422,1341,1536.51,141.23
台北市,文山區,樟林里,2701,2930772,1085,753,434,1384,1790.21,164.99
台北市,南港區,南港里,1823,1515725,831,604,350,1040,819.99,98.62
台北市,南港區,三重里,967,638504,660,522,312,816,556.08,84.22
台北市,南港區,新富里,1233,910134,738,571,360,917,634.92,86.02
台北市,南港區,中研里,2967,3010126,1015,704,413,1287,1068.03,105.27
台北市,南港區,鴻福里,1531,1421997,929,635,387,1149,933.09,100.46
台北市,南港區,東新里,2131,1742763,818,602,375,993,801.05,97.95
台北市,南港區,西新里,1427,1007520,706,556,352,914,550.11,77.92
台北市,南港區,新光里,1263,1050305,832,601,358,1040,1332.94,160.29
台北市,南港區,百福里,1582,1230776,778,585,373,992,660.50,84.90
台北市,南港區,玉成里,1436,1091467,760,551,347,922,927.73,122.06
台北市,南港區,成福里,3711,3024574,815,620,391,1030,722.14,88.60
台北市,南港區,中南里,1274,905922,711,559,352,874,708.52,99.64
台北市,南港區,舊庄里,2414,1746525,723,558,356,883,794.13,109.76
台北市,南港區,九如里,1604,1347638,840,614,379,1039,913.37,108.71
台北市,南港區,東明里,1476,1287535,872,618,371,1101,813.52,93.26
台北市,南港區,合成里,1953,1666847,853,607,374,1006,2133.37,249.96
台北市,南港區,聯成里,1682,1455847,866,629,371,1094,811.05,93.70
台北市,南港區,萬福里,1348,1526519,1132,652,390,1168,7090.57,626.14
台北市,內湖區,紫陽里,2282,2571264,1127,776,431,1433,1212.02,107.57
台北市,內湖區,紫星里,2489,2461314,989,695,414,1249,1045.28,105.70
台北市,內湖區,湖興里,2636,3194608,1212,768,423,1377,2750.13,226.92
台北市,內湖區,大湖里,3893,5732706,1473,936,511,1698,2600.51,176.60
台北市,內湖區,紫雲里,1585,1335730,843,615,381,1040,892.82,105.94
台北市,內湖區,瑞陽里,2493,2749939,1103,769,445,1325,1385.38,125.59
台北市,內湖區,清白里,1988,2377414,1196,809,465,1427,1587.15,132.72
台北市,內湖區,港墘里,1914,2030710,1061,786,443,1391,1039.55,97.98
台北市,內湖區,西湖里,2289,2140789,935,688,405,1191,950.55,101.64
台北市,內湖區,石潭里,780,580297,744,545,320,861,1406.00,188.99
台北市,內湖區,葫洲里,8280,11097987,1340,881,478,1626,1974.04,147.28
台北市,內湖區,五分里,2561,2072897,809,614,370,1015,767.44,94.82
台北市,內湖區,內湖里,1867,2178397,1167,768,433,1420,1802.11,154.45
台北市,內湖區,週美里,1457,1009386,693,542,350,888,583.07,84.16
台北市,內湖區,內溝里,2479,2214295,893,677,400,1147,765.54,85.71
台北市,內湖區,碧山里,1926,1879325,976,703,415,1281,873.72,89.54
台北市,內湖區,瑞光里,1417,1372369,969,729,424,1253,899.93,92.92
台北市,內湖區,金龍里,1725,1507502,874,644,375,1117,914.42,104.64
台北市,內湖區,行善里,1801,1335340,741,595,366,956,571.73,77.11
台北市,內湖區,湖濱里,2466,3349410,1358,878,462,1607,2459.26,181.06
台北市,內湖區,東湖里,4086,4056470,993,716,404,1245,1028.21,103.57
台北市,內湖區,樂康里,1982,1686401,851,625,371,1095,790.07,92.86
台北市,內湖區,西安里,1978,2162538,1093,768,441,1372,1502.13,137.39
台北市,內湖區,西康里,2401,2915972,1214,822,468,1430,1822.31,150.05
台北市,內湖區,港富里,2728,2823402,1035,689,398,1288,1366.67,132.05
台北市,內湖區,港華里,2429,3018385,1243,738,425,1382,3412.59,274.62
台北市,內湖區,港都里,3187,3181988,998,704,407,1262,1066.37,106.81
台北市,內湖區,金瑞里,1900,1894679,997,745,428,1286,893.16,89.57
台北市,內湖區,湖元里,1540,1857032,1206,849,460,1514,1956.48,162.25
台北市,士林區,新安里,700,2043403,2919,691,392,1300,14522.97,497.51
台北市,士林區,仁勇里,1413,1362994,965,615,360,1140,1834.28,190.16
台北市,士林區,福林里,1203,1181084,982,677,387,1160,1566.49,159.56
台北市,士林區,福志里,2343,2777825,1186,760,434,1406,1579.10,133.19
台北市,士林區,福德里,1514,1459450,964,682,379,1189,969.39,100.56
台北市,士林區,福佳里,2327,2344991,1008,658,389,1184,1702.95,168.99
台北市,士林區,舊佳里,2190,2278130,1040,681,400,1232,2177.95,209.37
台北市,士林區,富光里,1592,1098018,690,535,348,889,540.89,78.42
台北市,士林區,後港里,2379,2182349,917,624,369,1135,972.57,106.02
台北市,士林區,前港里,1288,1101302,855,585,357,1017,1347.68,157.61
台北市,士林區,福中里,1598,1298025,812,596,374,953,872.86,107.46
台北市,士林區,葫蘆里,1996,1455584,729,572,346,904,682.41,93.58
台北市,士林區,福順里,1593,1155973,726,548,332,878,637.34,87.83
台北市,士林區,葫東里,1151,882504,767,548,343,881,1285.54,167.67
台北市,士林區,社新里,2219,1556596,701,546,350,847,656.05,93.52
台北市,士林區,社子里,1764,1392015,789,536,340,876,2116.72,268.24
台北市,士林區,永倫里,2057,1398738,680,522,342,838,720.60,105.97
台北市,士林區,翠山里,2147,3327830,1550,790,448,1474,3586.57,231.39
台北市,士林區,福安里,1145,717360,627,483,316,753,758.89,121.13
台北市,士林區,富洲里,1334,856641,642,541,360,787,469.90,73.18
台北市,士林區,承德里,1677,1596254,952,678,400,1156,1528.27,160.56
台北市,士林區,蘭雅里,2718,3004828,1106,746,420,1371,1339.93,121.20
台北市,士林區,德行里,1345,1231632,916,611,359,1079,1234.29,134.79
台北市,士林區,忠誠里,1893,2292429,1211,733,414,1407,1860.37,153.62
台北市,士林區,三玉里,2410,3547875,1472,818,441,1585,3043.01,206.71
台北市,士林區,芝山里,2316,4214512,1820,816,439,1576,14206.98,780.72
台北市,士林區,岩山里,1351,1590690,1177,729,408,1392,1856.12,157.64
台北市,士林區,義信里,855,750207,877,596,328,1031,1228.11,139.97
台北市,士林區,永福里,449,1707362,3803,656,413,1383,19358.06,509.08
台北市,士林區,公館里,418,977647,2339,580,319,1040,15745.85,673.23
台北市,士林區,陽明里,1032,1497691,1451,719,406,1314,4145.71,285.66
台北市,士林區,菁山里,447,435392,974,594,368,923,3306.54,339.47
台北市,士林區,平等里,396,323902,818,544,326,897,1411.32,172.55
台北市,士林區,溪山里,402,514412,1280,480,295,735,7419.89,579.84
台北市,士林區,百齡里,2122,1706606,804,609,369,1029,665.94,82.80
台北市,士林區,天玉里,2663,4568091,1715,937,464,1731,4874.06,284.14
台北市,士林區,天福里,1953,2431374,1245,761,437,1515,2133.23,171.35
台北市,士林區,天祿里,1788,2241143,1253,756,417,1480,1805.02,144.01
台北市,士林區,天壽里,1563,2696729,1725,926,472,1834,5851.66,339.16
台北市,士林區,東山里,1556,2046863,1315,707,406,1335,6141.59,466.88
台北市,士林區,福華里,1751,1297541,741,564,365,889,597.95,80.69
台北市,士林區,聖山里,1635,1822497,1115,746,441,1358,1353.32,121.41
台北市,士林區,天和里,2450,4751566,1939,890,464,1732,17430.86,898.77
台北市,士林區,明勝里,1557,1365727,877,613,379,1065,946.01,107.85
台北市,士林區,社園里,1821,1237723,680,526,339,801,669.89,98.56
台北市,士林區,蘭興里,1962,2360182,1203,759,419,1447,1673.67,139.13
台北市,士林區,天母里,2119,3588219,1693,938,475,1882,3783.62,223.44
台北市,士林區,名山里,2171,2656331,1224,767,428,1486,1691.15,138.22
台北市,士林區,德華里,1706,1788824,1049,643,387,1150,3584.40,341.84
台北市,士林區,天山里,2315,3300798,1426,883,452,1674,3148.58,220.82
台北市,北投區,中央里,2055,1570212,764,566,360,956,726.12,95.03
台北市,北投區,湖山里,767,754709,984,613,373,1008,1994.50,202.70
台北市,北投區,永欣里,2130,4137148,1942,1007,506,2156,4388.65,225.95
台北市,北投區,泉源里,622,496362,798,533,339,891,1285.25,161.06
台北市,北投區,一德里,1745,1267371,726,538,336,870,803.48,110.63
台北市,北投區,關渡里,2620,2281882,871,595,366,1000,1758.37,201.89
台北市,北投區,桃源里,1490,1108508,744,569,348,948,633.51,85.15
台北市,北投區,文化里,1243,1193416,960,722,425,1218,852.38,88.78
台北市,北投區,永和里,2539,4371062,1722,811,443,1481,9677.05,562.11
台北市,北投區,立農里,2358,2063701,875,649,390,1124,780.20,89.15
台北市,北投區,清江里,2277,1708519,750,567,342,926,706.83,94.20
台北市,北投區,八仙里,1405,1273829,907,626,380,1079,963.23,106.24
台北市,北投區,洲美里,504,370753,736,555,349,874,749.05,101.83
台北市,北投區,中和里,1855,1819031,981,615,353,1056,2490.21,253.94
台北市,北投區,開明里,1954,2021364,1034,635,374,1185,2003.18,193.64
台北市,北投區,長安里,1630,1374113,843,592,342,1032,919.93,109.12
台北市,北投區,大同里,1794,1674718,934,623,359,1108,1001.70,107.30
台北市,北投區,福興里,1933,1769769,916,655,379,1150,989.96,108.13
台北市,北投區,石牌里,1691,1425873,843,635,382,1105,757.72,89.86
台北市,北投區,奇岩里,2817,3174674,1127,701,394,1290,1635.68,145.14
台北市,北投區,稻香里,1289,1036352,804,577,350,974,966.08,120.16
台北市,北投區,溫泉里,1877,1841468,981,647,392,1095,1597.24,162.81
台北市,北投區,立賢里,1564,1317581,842,599,365,1059,825.16,97.95
台北市,北投區,中心里,1769,1780922,1007,653,378,1207,1358.03,134.89
台北市,北投區,智仁里,1677,1313439,783,603,365,993,631.05,80.57
台北市,北投區,吉利里,1837,1666932,907,646,389,1129,957.14,105.48
台北市,北投區,尊賢里,1411,1238931,878,620,367,1095,958.48,109.16
台北市,北投區,東華里,1361,1350424,992,707,420,1229,1043.30,105.15
台北市,北投區,吉慶里,1552,1475635,951,679,410,1192,913.94,96.12
台北市,北投區,中庸里,1202,941712,783,567,357,937,858.12,109.53
台北市,北投區,秀山里,1043,825472,791,589,367,940,744.71,94.10
台北市,北投區,建民里,1455,1389443,955,638,399,1111,1131.84,118.52
台北市,北投區,榮光里,2025,1695803,837,606,371,1042,845.79,101.00
台北市,北投區,裕民里,2065,2079279,1007,676,393,1215,1612.62,160.15
台北市,北投區,振華里,2515,2700100,1074,721,415,1336,1424.16,132.65
台北市,北投區,榮華里,2378,3362971,1414,811,440,1541,3085.03,218.15
台北市,北投區,豐年里,1231,860802,699,542,342,913,541.42,77.43
台北市,北投區,林泉里,937,841347,898,648,381,1058,1648.27,183.57
台北市,北投區,永明里,1372,1433501,1045,719,424,1328,1032.48,98.82
台北市,北投區,文林里,1414,1424462,1007,668,369,1208,1268.21,125.89
台北市,信義區,松友里,2065,2108433,1021,731,424,1309,976.26,95.62
台北市,信義區,六藝里,1097,951857,868,646,405,1111,755.06,87.02
台北市,信義區,中興里,1043,1265998,1214,782,410,1450,1711.63,141.01
台北市,信義區,永吉里,1053,787090,747,533,337,898,757.43,101.33
台北市,信義區,敦厚里,1626,1630492,1003,693,409,1290,972.99,97.03
台北市,信義區,大道里,2154,2171557,1008,694,405,1297,1015.30,100.71
台北市,信義區,安康里,2898,5614553,1937,896,492,1794,6037.74,311.64
台北市,信義區,嘉興里,1123,1046011,931,682,404,1206,833.38,89.47
台北市,信義區,五全里,1697,1613820,951,689,400,1204,1057.91,111.24
台北市,信義區,新仁里,1431,1834336,1282,825,447,1556,2201.86,171.77
台北市,信義區,正和里,1715,2241238,1307,822,444,1567,1641.94,125.64
台北市,信義區,惠安里,2141,1938651,905,657,409,1148,796.00,87.91
台北市,信義區,三？里,1692,3216894,1901,840,458,1612,7661.35,402.97
台北市,信義區,六合里,2233,4804148,2151,825,445,1538,28691.62,1333.61
台北市,信義區,泰和里,2429,2188548,901,626,380,1101,1522.89,169.02
台北市,信義區,西村里,1572,1760506,1120,818,427,1488,1040.32,92.89
台北市,信義區,興隆里,1081,4391518,4062,783,433,1694,54216.53,1334.57
台北市,信義區,景新里,1664,2771933,1666,767,416,1541,9967.27,598.34
台北市,信義區,景聯里,1679,1782521,1062,751,413,1358,1458.52,137.38
台北市,信義區,景勤里,1395,1190984,854,618,380,1062,779.39,91.29
台北市,信義區,黎順里,1387,1451398,1046,703,409,1299,1265.74,120.96
台北市,信義區,黎平里,2272,2238088,985,708,413,1247,929.04,94.31
台北市,信義區,黎忠里,1507,1299132,862,632,380,1089,777.85,90.23
台北市,信義區,松隆里,757,578012,764,550,336,938,709.64,92.94
台北市,信義區,中坡里,1549,1435908,927,685,397,1168,853.09,92.03
台北市,信義區,永春里,1692,1449644,857,625,360,1088,795.46,92.84
台北市,信義區,富台里,1093,973494,891,661,419,1125,759.21,85.24
台北市,信義區,長春里,1308,1024963,784,579,362,965,741.02,94.57
台北市,信義區,五常里,1230,1158713,942,649,382,1213,931.08,98.84
台北市,信義區,四維里,1865,2172546,1165,763,425,1432,2658.23,228.19
台北市,信義區,雅祥里,1499,1328823,886,641,391,1058,1198.89,135.24
台北市,信義區,興雅里,2052,1955939,953,711,397,1233,886.00,92.95
台北市,信義區,廣居里,2119,2510309,1185,830,442,1554,1276.43,107.75
台北市,信義區,中行里,2457,2208886,899,634,377,1104,967.98,107.67
台北市,信義區,四育里,1799,1686710,938,697,408,1225,788.70,84.12
台北市,信義區,國業里,2193,2311926,1054,750,428,1333,1082.36,102.67
台北市,信義區,松光里,1853,1731418,934,641,383,1131,1198.03,128.22
台北市,信義區,大仁里,1368,1144396,837,631,386,1087,768.11,91.82
台北市,信義區,雙和里,2243,2170588,968,699,412,1236,868.90,89.79
台北市,信義區,黎安里,477,312403,655,534,305,827,519.29,79.29
台北市,信義區,三張里,3112,4792843,1540,727,413,1310,13977.52,907.56
台中市,中區,建國里,105,95975,914,656,417,1057,832.04,91.03
台中市,中區,重慶里,310,327600,1057,660,376,1262,1251.27,118.41
台中市,中區,中山里,201,181383,902,607,345,1156,938.17,103.96
台中市,中區,南京里,300,210598,702,489,243,815,1093.31,155.74
台中市,中區,繼光里,393,340303,866,513,307,997,1575.46,181.94
台中市,中區,繼榮里,202,223194,1105,709,354,1439,1223.24,110.71
台中市,中區,自由里,328,365467,1114,575,317,1331,1821.45,163.47
台中市,中區,錦上里,259,241422,932,628,328,1140,995.54,106.80
台中市,中區,錦添里,171,158408,926,657,369,1158,873.36,94.28
台中市,中區,錦花里,298,319999,1074,526,284,899,3372.94,314.11
台中市,中區,大墩里,501,477983,954,600,314,1068,1453.03,152.30
台中市,中區,中墩里,205,162849,794,435,223,986,1059.70,133.40
台中市,中區,東墩里,100,75978,760,574,331,912,761.56,100.23
台中市,中區,柳原里,187,127628,683,528,306,943,560.30,82.10
台中市,中區,柳堤里,135,122022,904,568,300,941,1316.29,145.63
台中市,中區,柳岸里,193,163418,847,593,344,1007,863.18,101.94
台中市,中區,光音里,207,173150,836,526,281,874,1170.83,139.97
台中市,中區,中音里,112,73587,657,568,296,838,545.59,83.04
台中市,中區,正音里,126,131797,1046,624,357,1129,1448.93,138.52
台中市,中區,青松里,99,81060,819,563,307,1174,790.04,96.49
台中市,中區,博松里,93,57452,618,471,256,822,541.88,87.72
台中市,中區,愛松里,116,102220,881,542,319,932,1230.61,139.65
台中市,中區,中榮里,105,79028,753,502,330,808,888.56,118.06
台中市,中區,中功里,69,61852,896,570,374,956,990.07,110.45
台中市,中區,中政里,82,43781,534,448,269,674,384.80,72.07
台中市,東區,東勢里,459,327161,713,503,315,952,589.54,82.71
台中市,東區,東門里,1710,1136239,664,489,287,800,784.34,118.04
台中市,東區,成功里,158,94677,599,452,254,746,494.82,82.58
台中市,東區,新庄里,435,408971,940,602,322,1095,1495.56,159.07
台中市,東區,東明里,318,180930,569,465,307,710,409.20,71.92
台中市,東區,泉源里,419,271595,648,483,289,865,554.77,85.59
台中市,東區,文化里,283,180614,638,452,290,798,576.72,90.36
台中市,東區,富台里,307,208698,680,543,343,855,596.46,87.74
台中市,東區,忠孝里,238,131585,553,447,267,680,467.92,84.63
台中市,東區,立德里,224,252007,1125,561,311,1262,1733.74,154.11
台中市,東區,合作里,590,436390,740,601,363,961,548.24,74.12
台中市,東區,翰第里,274,190944,697,517,306,844,645.51,92.63
台中市,東區,振興里,582,458580,788,573,340,916,982.87,124.74
台中市,東區,曙？里,248,187014,754,597,373,1008,537.32,71.25
台中市,東區,頂？里,329,240848,732,534,322,908,659.56,90.10
台中市,東區,朱文里,215,159498,742,525,295,909,706.73,95.27
台中市,東區,東橋里,1204,897354,745,542,314,916,771.71,103.54
台中市,東區,樂業里,31,19989,645,550,292,942,412.61,63.99
台中市,東區,旱溪里,434,279058,643,474,300,790,667.84,103.86
台中市,東區,祖聖里,235,170290,725,518,283,913,691.75,95.46
台中市,東區,樂成里,362,214940,594,452,304,699,506.18,85.25
台中市,東區,干城里,254,188907,744,502,296,827,1018.97,137.01
台中市,東區,東南里,992,774193,780,562,338,961,836.47,107.18
台中市,東區,尚武里,204,130735,641,545,317,860,431.66,67.36
台中市,東區,十甲里,1784,1319579,740,537,323,888,772.28,104.41
台中市,東區,練武里,72,58450,812,693,392,967,636.29,78.38
台中市,東區,富仁里,355,248030,699,528,311,894,581.58,83.24
台中市,東區,東興里,706,570048,807,571,316,988,955.95,118.39
台中市,東區,東信里,1496,937578,627,476,289,778,576.61,92.00
台中市,西區,三民里,743,885746,1192,872,459,1612,1183.31,99.26
台中市,西區,光明里,217,206592,952,720,370,1129,980.84,103.03
台中市,西區,忠誠里,1786,1972458,1104,628,357,1171,3025.68,273.97
台中市,西區,中興里,1080,1136757,1053,670,368,1212,1491.44,141.70
台中市,西區,福壽里,120,94887,791,567,346,921,687.06,86.89
台中市,西區,民生里,444,551119,1241,871,467,1616,1223.46,98.57
台中市,西區,利民里,626,644256,1029,751,425,1318,944.47,91.77
台中市,西區,東昇里,595,681713,1146,772,425,1425,1285.54,112.20
台中市,西區,廣民里,407,336446,827,563,306,1035,873.77,105.70
台中市,西區,平民里,119,110881,932,757,402,1195,831.50,89.24
台中市,西區,平和里,537,593849,1106,735,415,1228,2341.90,211.77
台中市,西區,公民里,1554,1670835,1075,695,383,1261,1788.67,166.36
台中市,西區,中民里,588,561729,955,690,392,1226,867.63,90.82
台中市,西區,公？里,1472,1195344,812,572,329,997,900.00,110.83
台中市,西區,平龍里,60,35955,599,439,276,828,472.28,78.81
台中市,西區,和龍里,433,381209,880,559,315,1048,1391.97,158.11
台中市,西區,元龍里,153,108918,712,526,291,883,620.42,87.15
台中市,西區,民龍里,684,732817,1071,650,352,1258,1456.84,135.98
台中市,西區,福龍里,187,179921,962,588,322,1289,1006.03,104.56
台中市,西區,後龍里,265,258991,977,646,376,1043,1067.81,109.26
台中市,西區,靖龍里,603,707547,1173,664,367,1349,2188.97,186.55
台中市,西區,雲龍里,573,504657,881,623,364,1072,900.59,102.26
台中市,西區,永龍里,274,242680,886,617,368,1131,824.97,93.14
台中市,西區,安龍里,789,726410,921,628,332,1236,866.58,94.12
台中市,西區,忠明里,1520,1840097,1211,614,344,1138,3833.15,316.63
台中市,西區,公正里,3556,3565878,1003,686,377,1248,1697.56,169.29
台中市,西區,昇平里,1278,1195521,935,620,362,1128,1325.80,141.73
台中市,西區,土庫里,2470,2396768,970,674,375,1213,1088.99,112.23
台中市,西區,藍興里,806,684295,849,579,334,1076,789.07,92.94
台中市,西區,吉龍里,1980,2045316,1033,702,383,1251,1424.10,137.86
台中市,西區,公益里,861,651704,757,527,309,962,712.09,94.08
台中市,南區,南門里,1161,1149231,990,669,378,1191,1506.20,152.16
台中市,南區,和平里,2618,2055818,785,610,351,992,677.71,86.30
台中市,南區,正義里,219,210986,963,654,376,1276,949.19,98.52
台中市,南區,中南里,93,60624,652,424,256,833,833.68,127.89
台中市,南區,福興里,921,728719,791,575,349,1001,718.11,90.76
台中市,南區,南興里,202,199850,989,677,365,1347,917.49,92.74
台中市,南區,民主里,269,231677,861,613,318,1135,836.02,97.07
台中市,南區,復興里,581,494647,851,594,351,1004,887.74,104.27
台中市,南區,萬安里,277,218017,787,577,348,1016,679.03,86.27
台中市,南區,信義里,297,262782,885,646,354,1120,875.01,98.89
台中市,南區,城隍里,556,432105,777,566,315,994,691.90,89.03
台中市,南區,頂南里,186,151491,814,594,367,1082,706.28,86.72
台中市,南區,德義里,885,796322,900,640,358,1150,903.61,100.42
台中市,南區,積善里,857,704629,822,584,337,1060,737.00,89.64
台中市,南區,江川里,598,456178,763,594,334,998,652.24,85.50
台中市,南區,新榮里,992,834872,842,654,367,1067,730.40,86.79
台中市,南區,永興里,2270,1817494,801,621,373,1023,668.35,83.47
台中市,南區,樹義里,2755,2213934,804,606,365,1001,847.96,105.52
台中市,南區,樹德里,1361,982924,722,585,363,897,571.12,79.08
台中市,南區,西川里,1915,1512397,790,591,351,1022,692.25,87.65
台中市,南區,國光里,1175,1005003,855,624,371,1114,755.70,88.35
台中市,南區,福平里,2263,1705019,753,561,334,940,698.58,92.72
台中市,北區,金龍里,1270,1073038,845,627,350,1072,758.84,89.81
台中市,北區,平等里,246,228580,929,574,321,1060,1116.00,120.11
台中市,北區,長安里,122,80386,659,384,264,715,936.10,142.07
台中市,北區,五常里,407,331278,814,582,333,987,780.39,95.88
台中市,北區,高風里,158,174633,1105,680,381,1452,1337.63,121.02
台中市,北區,遠志里,107,85924,803,566,373,1096,691.75,86.14
台中市,北區,光華里,54,48253,894,582,344,1165,852.96,95.46
台中市,北區,高平里,57,35030,615,525,299,698,478.69,77.89
台中市,北區,南靖里,82,63623,776,533,279,902,756.25,97.47
台中市,北區,文正里,65,63415,976,620,249,944,1378.70,141.32
台中市,北區,大安里,93,60807,654,490,300,676,691.92,105.82
台中市,北區,光興里,93,66414,714,579,344,905,577.78,80.91
台中市,北區,光榮里,75,50560,674,501,260,851,637.85,94.62
台中市,北區,光正里,13,10234,787,468,222,1055,724.66,92.05
台中市,北區,光大里,478,323085,676,509,307,866,577.87,85.50
台中市,北區,湖北里,181,113853,629,498,266,794,583.48,92.76
台中市,北區,中湖里,79,47480,601,458,310,684,517.39,86.09
台中市,北區,湖南里,41,21707,529,467,279,728,344.61,65.09
台中市,北區,仁和里,74,54152,732,435,337,852,1066.03,145.68
台中市,北區,香蕉里,66,40143,608,496,337,805,435.95,71.68
台中市,北區,錦和里,285,233386,819,596,342,1033,794.65,97.04
台中市,北區,新興里,351,317352,904,593,364,1107,906.50,100.26
台中市,北區,錦村里,954,853744,895,661,378,1152,749.94,83.80
台中市,北區,邱厝里,662,618602,934,653,352,1181,1320.98,141.37
台中市,北區,賴厝里,1695,1929623,1138,688,383,1319,1723.41,151.39
台中市,北區,賴村里,1150,994832,865,590,322,1018,1220.33,141.07
台中市,北區,淡溝里,1219,1306907,1072,683,384,1241,2036.90,189.99
台中市,北區,中達里,764,550915,721,549,352,936,592.16,82.12
台中市,北區,新北里,777,1106752,1424,700,357,1351,3628.07,254.71
台中市,北區,樂英里,703,530141,754,550,334,917,714.53,94.75
台中市,北區,武順里,184,226983,1234,545,341,927,3388.71,274.70
台中市,北區,錦洲里,901,742659,824,606,354,995,986.17,119.64
台中市,北區,文莊里,561,472635,842,609,338,1096,760.39,90.25
台中市,北區,金華里,574,779521,1358,738,401,1408,3157.50,232.50
台中市,北區,育德里,956,863171,903,612,349,1142,1074.76,119.03
台中市,北區,頂厝里,1881,1764414,938,615,361,1142,1110.84,118.42
台中市,北區,建興里,1664,1439652,865,614,350,1091,814.26,94.11
台中市,北區,建成里,1963,1453269,740,557,346,922,916.41,123.78
台中市,北區,健行里,1816,1602308,882,592,354,1085,989.32,112.13
台中市,北區,明德里,2001,1795205,897,620,359,1159,949.08,105.79
台中市,北區,長青里,2269,2089617,921,662,381,1174,890.44,96.69
台中市,北區,賴興里,1769,1595109,902,658,368,1115,975.79,108.22
台中市,北區,賴明里,1493,1333398,893,634,366,1099,1032.21,115.58
台中市,北區,錦祥里,858,758918,885,586,348,1064,1079.65,122.06
台中市,西屯區,鵬程里,12,4943,412,414,237,484,227.46,55.22
台中市,西屯區,永安里,1556,1186996,763,555,339,924,714.02,93.60
台中市,西屯區,西安里,1905,1647755,865,648,383,1109,1093.80,126.46
台中市,西屯區,福安里,5845,5659903,968,692,405,1168,1238.06,127.86
台中市,西屯區,西墩里,1082,823630,761,545,331,917,790.90,103.90
台中市,西屯區,潮洋里,717,715153,997,682,362,1240,1056.92,105.97
台中市,西屯區,龍潭里,288,185632,645,498,298,825,539.78,83.74
台中市,西屯區,惠來里,1462,2128717,1456,687,389,1286,8214.08,564.14
台中市,西屯區,何安里,1257,1093235,870,596,351,1089,931.98,107.16
台中市,西屯區,何厝里,1690,1485159,879,605,348,1044,1312.99,149.41
台中市,西屯區,上石里,2623,2125242,810,619,367,1021,881.19,108.76
台中市,西屯區,大河里,1036,749267,723,527,310,891,684.29,94.62
台中市,西屯區,大石里,196,126567,646,522,320,852,463.86,71.83
台中市,西屯區,港尾里,1354,1000396,739,563,337,928,660.62,89.41
台中市,西屯區,廣福里,593,397346,670,516,329,780,690.51,103.05
台中市,西屯區,林厝里,811,897782,1107,592,336,1167,1588.53,143.50
台中市,西屯區,協和里,1082,978671,905,598,363,1048,1502.75,166.14
台中市,西屯區,逢甲里,2065,1589212,770,578,354,954,794.71,103.26
台中市,西屯區,大福里,686,500700,730,522,331,857,883.71,121.08
台中市,西屯區,大鵬里,1080,810243,750,569,348,951,671.66,89.53
台中市,西屯區,西平里,1371,1202782,877,645,374,1132,925.34,105.48
台中市,西屯區,何仁里,1515,1255577,829,617,374,1067,776.63,93.71
台中市,西屯區,何德里,1872,1657788,886,660,372,1128,807.94,91.23
台中市,西屯區,何源里,1536,1455769,948,681,376,1208,1039.67,109.70
台中市,西屯區,何南里,2587,2712401,1048,716,402,1293,1399.38,133.47
台中市,南屯區,黎明里,714,700721,981,704,427,1221,1044.69,106.45
台中市,南屯區,新生里,339,203728,601,499,302,751,472.13,78.56
台中市,南屯區,中和里,1115,757562,679,533,322,905,551.62,81.19
台中市,南屯區,大同里,2787,2698641,968,657,371,1178,2173.37,224.45
台中市,南屯區,南屯里,1724,1446980,839,622,368,1058,900.50,107.29
台中市,南屯區,豐樂里,1968,1871477,951,644,366,1166,1038.44,109.20
台中市,南屯區,楓樹里,1235,855560,693,521,322,870,589.34,85.07
台中市,南屯區,鎮平里,496,340969,687,510,312,861,620.71,90.29
台中市,南屯區,春社里,1513,1032284,682,547,339,880,531.28,77.87
台中市,南屯區,文山里,2326,1792527,771,612,370,969,1000.53,129.83
台中市,南屯區,永定里,914,679622,744,580,324,905,1107.72,148.97
台中市,南屯區,三厝里,3617,3544440,980,773,440,1226,1001.53,102.20
台中市,南屯區,溝墘里,3758,4812967,1281,804,441,1504,3343.51,261.06
台中市,南屯區,田心里,3808,3674150,965,657,370,1162,1147.46,118.93
台中市,南屯區,春安里,399,238260,597,482,310,753,429.02,71.85
台中市,南屯區,黎光里,754,600716,797,608,377,1121,595.70,74.77
台中市,北屯區,東光里,1061,709780,669,517,319,857,549.80,82.19
台中市,北屯區,仁愛里,207,163172,788,596,368,975,709.16,89.96
台中市,北屯區,和平里,1193,844985,708,546,313,895,631.88,89.21
台中市,北屯區,東山里,402,278959,694,525,352,794,738.71,106.45
台中市,北屯區,平和里,1941,1838124,947,676,375,1183,938.92,99.15
台中市,北屯區,仁和里,1675,1372443,819,592,360,1005,828.58,101.12
台中市,北屯區,北屯里,1716,1559307,909,597,349,1028,1908.48,210.03
台中市,北屯區,三光里,3085,2537107,822,604,343,1023,765.13,93.04
台中市,北屯區,舊社里,1446,982895,680,530,320,879,583.47,85.84
台中市,北屯區,水景里,1547,1265776,818,580,347,976,1641.85,200.66
台中市,北屯區,軍功里,1700,1222668,719,535,319,907,640.58,89.07
台中市,北屯區,平田里,2602,2186730,840,603,364,1028,831.77,98.97
台中市,北屯區,大坑里,359,251780,701,494,293,798,983.66,140.25
台中市,北屯區,民德里,159,131130,825,565,320,1048,752.95,91.30
台中市,北屯區,？子里,448,324016,723,513,304,814,784.16,108.42
台中市,北屯區,民政里,242,177070,732,469,303,736,943.12,128.90
台中市,北屯區,松竹里,1707,1831491,1073,726,392,1307,1439.07,134.13
台中市,北屯區,仁美里,1378,938582,681,510,325,813,651.34,95.63
台中市,北屯區,四民里,353,257332,729,505,337,957,651.49,89.37
台中市,北屯區,同榮里,1465,1096256,748,590,339,950,635.70,84.95
台中市,北屯區,陳平里,2049,1711447,835,605,351,1012,955.06,114.34
台中市,北屯區,后庄里,1656,1253784,757,583,354,960,661.59,87.38
台中市,北屯區,北興里,1030,894300,868,619,372,1037,1101.27,126.84
台中市,北屯區,新平里,1169,795345,680,546,325,855,546.30,80.30
台中市,北屯區,水湳里,1712,1297408,758,561,331,941,729.71,96.29
台中市,北屯區,平安里,1342,1221457,910,602,336,1040,3191.88,350.69
台中市,北屯區,平德里,1431,1359849,950,664,367,1194,1093.70,115.09
台中市,北屯區,平順里,2297,2040513,888,633,370,1086,960.99,108.18
台中市,北屯區,大德里,1204,954556,793,624,361,1039,649.80,81.96
台中市,北屯區,松安里,2237,1735261,776,606,361,994,641.44,82.69
台中市,北屯區,松茂里,3089,2619269,848,649,373,1094,755.62,89.11
基隆市,中正區,中正里,642,410965,640,505,302,813,545.83,85.27
基隆市,中正區,建國里,369,336932,913,733,406,1269,663.46,72.66
基隆市,中正區,正義里,493,356499,723,575,353,915,615.09,85.06
基隆市,中正區,信義里,373,269413,722,549,328,994,558.29,77.30
基隆市,中正區,德義里,321,274300,855,679,360,1110,833.66,97.56
基隆市,中正區,義重里,416,274475,660,489,332,824,628.83,95.31
基隆市,中正區,港通里,525,467029,890,586,339,1109,975.87,109.70
基隆市,中正區,中船里,461,304462,660,517,323,821,555.40,84.10
基隆市,中正區,正船里,511,342526,670,517,313,848,546.99,81.60
基隆市,中正區,入船里,422,307252,728,520,351,986,555.11,76.24
基隆市,中正區,中砂里,486,317785,654,517,307,850,513.43,78.52
基隆市,中正區,正砂里,880,695413,790,613,396,987,665.56,84.22
基隆市,中正區,真砂里,528,360315,682,541,351,884,528.56,77.45
基隆市,中正區,砂灣里,679,441540,650,512,324,811,511.84,78.71
基隆市,中正區,中濱里,506,315217,623,512,302,773,533.97,85.72
基隆市,中正區,正濱里,401,261691,653,541,322,802,508.10,77.86
基隆市,中正區,社寮里,682,387505,568,477,300,725,417.36,73.46
基隆市,中正區,平寮里,535,322523,603,494,326,795,437.02,72.49
基隆市,中正區,八斗里,452,271701,601,478,326,787,480.01,79.85
基隆市,中正區,長潭里,164,98498,601,485,320,738,472.88,78.73
基隆市,中正區,砂子里,852,494261,580,474,302,743,422.52,72.83
基隆市,中正區,海濱里,430,247070,575,464,296,734,430.70,74.96
基隆市,中正區,和憲里,313,166385,532,462,287,651,360.94,67.90
基隆市,中正區,碧砂里,423,252601,597,500,303,754,417.58,69.93
基隆市,中正區,新豐里,1940,1283847,662,549,357,832,478.27,72.27
基隆市,中山區,安平里,352,219006,622,492,311,797,459.62,73.87
基隆市,中山區,德安里,1095,774536,707,603,380,919,460.25,65.07
基隆市,中山區,通化里,380,252733,665,557,327,861,532.66,80.09
基隆市,中山區,和平里,237,181549,766,650,414,1046,489.51,63.90
基隆市,中山區,中山里,168,117177,697,506,329,971,561.77,80.54
基隆市,中山區,西康里,518,301942,583,480,288,742,452.85,77.69
基隆市,中山區,文化里,379,236806,625,514,322,818,435.42,69.69
基隆市,中山區,中和里,2768,1818834,657,549,352,832,455.45,69.31
基隆市,中山區,中興里,419,245874,587,500,327,746,380.50,64.84
基隆市,中山區,協和里,524,394800,753,580,349,1063,578.49,76.78
基隆市,中山區,安民里,371,263439,710,564,374,893,535.11,75.36
基隆市,中山區,新建里,267,169143,633,498,317,760,493.46,77.89
基隆市,中山區,民治里,363,228080,628,538,305,795,460.68,73.32
基隆市,中山區,仁正里,281,174542,621,483,325,793,481.42,77.50
基隆市,中山區,健民里,502,291534,581,495,326,753,379.06,65.27
基隆市,中山區,居仁里,494,306969,621,515,319,779,423.33,68.13
基隆市,中山區,通明里,700,454416,649,502,325,873,478.73,73.75
基隆市,中山區,仙洞里,237,136851,577,503,300,718,411.72,71.30
基隆市,中山區,太白里,325,194878,600,502,325,790,460.23,76.75
基隆市,中山區,西榮里,273,193232,708,522,336,810,814.07,115.01
基隆市,中山區,西華里,343,219145,639,521,290,823,529.70,82.91
基隆市,中山區,西定里,317,196903,621,507,307,796,554.46,89.26
基隆市,中山區,德和里,1740,1436070,825,629,378,1057,777.62,94.22
基隆市,信義區,東光里,639,446536,699,571,351,910,494.47,70.76
基隆市,信義區,東明里,1199,931607,777,631,373,1034,579.12,74.53
基隆市,信義區,東信里,1208,1031521,854,707,430,1100,721.61,84.51
基隆市,信義區,仁壽里,450,416588,926,604,346,1168,992.05,107.16
基隆市,信義區,仁義里,483,443854,919,662,370,1163,909.29,98.95
基隆市,信義區,義幸里,887,720382,812,597,351,1032,757.34,93.25
基隆市,信義區,義民里,302,222067,735,561,364,905,610.85,83.07
基隆市,信義區,義和里,479,348192,727,571,352,957,562.65,77.40
基隆市,信義區,智慧里,241,196674,816,634,371,1089,640.13,78.44
基隆市,信義區,智誠里,499,303818,609,488,329,754,442.59,72.69
基隆市,信義區,禮儀里,578,471494,816,615,368,1021,722.27,88.54
基隆市,信義區,禮東里,574,483575,842,625,379,1076,719.90,85.45
基隆市,信義區,信綠里,841,693122,824,625,380,1090,690.45,83.78
基隆市,信義區,孝岡里,302,167167,554,453,282,692,413.98,74.79
基隆市,信義區,孝深里,1942,1248056,643,518,350,825,457.34,71.16
基隆市,信義區,東安里,974,792660,814,594,350,1063,716.94,88.10
基隆市,信義區,義昭里,381,318211,835,592,378,1044,707.44,84.70
基隆市,信義區,孝賢里,1149,975265,849,697,416,1082,621.23,73.19
基隆市,七堵區,自強里,354,201462,569,466,297,691,438.41,77.03
基隆市,七堵區,富民里,1334,1002677,752,583,360,944,671.14,89.29
基隆市,七堵區,永安里,755,498032,660,516,331,853,537.02,81.41
基隆市,七堵區,百福里,1714,1161475,678,532,339,868,528.97,78.06
基隆市,七堵區,八德里,620,408880,659,531,323,838,496.91,75.35
基隆市,七堵區,長興里,1416,958170,677,548,345,866,555.61,82.11
基隆市,七堵區,正光里,768,554031,721,565,355,904,597.99,82.89
基隆市,七堵區,永平里,827,589000,712,575,364,887,545.57,76.60
基隆市,七堵區,泰安里,1224,789570,645,537,337,839,458.63,71.10
基隆市,七堵區,堵南里,1169,759567,650,525,335,827,499.04,76.80
基隆市,七堵區,堵北里,1122,742337,662,535,345,832,517.72,78.25
基隆市,七堵區,六堵里,529,346754,655,534,368,828,429.79,65.57
基隆市,七堵區,友一里,468,672553,1437,747,430,1555,4165.70,289.87
基隆市,七堵區,友二里,140,77770,556,492,318,717,380.94,68.58
基隆市,七堵區,瑪東里,88,48801,555,437,297,714,401.25,72.35
基隆市,七堵區,瑪南里,165,97192,589,457,306,745,473.23,80.34
基隆市,七堵區,瑪西里,98,51239,523,400,258,665,407.23,77.89
基隆市,七堵區,實踐里,1182,775452,656,538,338,838,490.26,74.73
基隆市,七堵區,正明里,745,532419,715,577,345,885,593.90,83.10
基隆市,暖暖區,碇內里,830,589423,710,565,339,929,528.32,74.40
基隆市,暖暖區,過港里,1134,809589,714,562,348,916,585.32,81.99
基隆市,暖暖區,暖暖里,799,593694,743,591,363,947,633.38,85.24
基隆市,暖暖區,暖同里,769,588039,765,599,375,978,584.36,76.42
基隆市,暖暖區,暖西里,1276,970134,760,572,346,969,807.14,106.16
基隆市,暖暖區,暖東里,132,75622,573,465,259,667,515.25,89.94
基隆市,暖暖區,八西里,402,263622,656,537,347,806,500.30,76.29
基隆市,暖暖區,八堵里,250,179412,718,563,369,887,524.66,73.11
基隆市,暖暖區,八南里,230,143663,625,536,336,823,428.83,68.65
基隆市,暖暖區,八中里,224,140517,627,541,314,808,445.86,71.08
基隆市,暖暖區,碇和里,835,617501,740,613,386,941,544.68,73.65
基隆市,暖暖區,碇安里,1509,1097478,727,606,369,930,518.18,71.25
基隆市,暖暖區,碇祥里,1178,903522,767,619,397,947,585.33,76.32
基隆市,仁愛區,吉仁里,929,541590,583,478,305,732,432.23,74.14
基隆市,仁愛區,龍門里,249,132684,533,456,283,734,336.55,63.16
基隆市,仁愛區,仁德里,464,477069,1028,556,329,1071,2224.90,216.39
基隆市,仁愛區,文昌里,356,255057,716,523,319,894,654.38,91.34
基隆市,仁愛區,智仁里,821,705578,859,656,392,1054,806.86,93.89
基隆市,仁愛區,林泉里,565,381507,675,495,328,763,712.11,105.46
基隆市,仁愛區,光華里,800,599698,750,603,370,964,577.18,77.00
基隆市,仁愛區,明德里,232,151606,653,553,327,840,477.29,73.04
基隆市,仁愛區,和明里,445,342626,770,599,349,938,680.99,88.45
基隆市,仁愛區,水錦里,635,496357,782,561,355,944,712.98,91.21
基隆市,仁愛區,玉田里,396,319268,806,576,357,1001,719.37,89.23
基隆市,仁愛區,新店里,335,359850,1074,600,316,1220,2990.14,278.37
基隆市,仁愛區,誠仁里,345,214894,623,504,317,798,457.34,73.42
基隆市,仁愛區,育仁里,273,160636,588,464,302,777,393.11,66.81
基隆市,仁愛區,博愛里,626,490503,784,544,340,1000,854.73,109.08
基隆市,仁愛區,福仁里,272,162414,597,481,306,747,465.96,78.04
基隆市,仁愛區,曲水里,330,200776,608,494,350,783,395.09,64.94
基隆市,仁愛區,德厚里,408,233022,571,447,282,732,438.89,76.85
基隆市,仁愛區,英仁里,439,293821,669,530,308,829,654.03,97.72
基隆市,仁愛區,花崗里,345,246007,713,557,339,905,582.51,81.69
基隆市,仁愛區,同風里,266,172485,648,483,268,842,652.14,100.57
基隆市,仁愛區,虹橋里,543,395636,729,534,334,911,622.97,85.50
基隆市,仁愛區,書院里,317,183579,579,457,302,677,477.19,82.40
基隆市,仁愛區,獅球里,328,220675,673,517,325,846,666.97,99.14
基隆市,仁愛區,忠勇里,355,248955,701,498,290,898,705.77,100.64
基隆市,仁愛區,文安里,325,203566,626,499,305,780,531.48,84.85
基隆市,仁愛區,兆連里,195,101421,520,432,252,655,411.62,79.14
基隆市,仁愛區,崇文里,318,196654,618,491,308,763,456.31,73.79
基隆市,仁愛區,朝棟里,876,568164,649,525,348,846,452.65,69.79
基隆市,安樂區,中崙里,461,339923,737,582,356,1011,594.05,80.56
基隆市,安樂區,三民里,1600,1173665,734,586,364,934,586.56,79.96
基隆市,安樂區,永康里,689,403990,586,475,314,741,437.70,74.65
基隆市,安樂區,六合里,1316,1075815,817,630,381,1057,676.20,82.72
基隆市,安樂區,四維里,1519,1131843,745,614,370,986,506.86,68.02
基隆市,安樂區,干城里,702,419637,598,487,323,766,420.16,70.29
基隆市,安樂區,西川里,420,272586,649,481,303,770,735.09,113.26
基隆市,安樂區,嘉仁里,1122,683256,609,498,317,754,447.75,73.53
基隆市,安樂區,樂一里,224,127588,570,507,310,727,378.38,66.43
基隆市,安樂區,定國里,405,246455,609,515,330,793,406.27,66.76
基隆市,安樂區,安和里,300,215524,718,551,349,888,674.80,93.93
基隆市,安樂區,定邦里,453,306567,677,529,334,800,566.05,83.64
基隆市,安樂區,慈仁里,378,221640,586,502,313,732,399.33,68.10
基隆市,安樂區,外寮里,2306,1550221,672,552,349,877,480.81,71.52
基隆市,安樂區,內寮里,1227,880418,718,573,368,903,557.39,77.68
基隆市,安樂區,新西里,469,266050,567,484,311,744,373.28,65.80
基隆市,安樂區,新崙里,1178,811912,689,574,349,867,527.93,76.60
基隆市,安樂區,鶯歌里,1843,1667759,905,675,407,1201,900.36,99.50
基隆市,安樂區,五福里,1220,906120,743,552,356,925,680.69,91.65
基隆市,安樂區,七賢里,1035,744758,720,557,334,952,564.98,78.52
基隆市,安樂區,長樂里,984,985202,1001,816,453,1292,931.25,93.01
基隆市,安樂區,武崙里,1141,919786,806,637,377,1060,611.72,75.88
台南市,中區,萬壽里,293,241450,824,522,290,925,1064.08,129.13
台南市,中區,文昌里,276,207796,753,539,351,928,733.42,97.41
台南市,中區,中山里,53,42780,807,667,349,834,979.15,121.31
台南市,中區,中南里,145,140710,970,560,305,1067,1465.50,151.02
台南市,中區,福安里,299,580073,1940,565,355,1103,14233.41,733.66
台南市,中區,公正里,207,365309,1765,801,425,1366,9979.59,565.49
台南市,中區,昇平里,123,128128,1042,600,370,1062,1838.61,176.50
台南市,中區,清水里,200,240324,1202,622,363,1138,3618.35,301.12
台南市,中區,環翠里,196,174568,891,619,317,1138,1005.22,112.86
台南市,中區,萬鍾里,326,273736,840,604,332,1047,823.14,98.03
台南市,中區,觀音里,218,189367,869,556,368,962,994.73,114.51
台南市,中區,蓬壺里,259,191784,740,530,306,956,652.55,88.13
台南市,中區,永慶里,109,93719,860,608,381,1052,1146.00,133.29
台南市,中區,溫陵里,216,436374,2020,602,322,1358,9229.09,456.83
台南市,中區,啟智里,309,248584,804,601,352,985,848.31,105.45
台南市,中區,銀同里,465,397462,855,579,323,1063,923.23,108.01
台南市,中區,白金里,162,128512,793,525,343,842,1347.22,169.83
台南市,中區,天中里,134,96312,719,552,286,815,680.29,94.65
台南市,中區,竹翠里,149,121201,813,539,357,845,923.55,113.54
台南市,中區,武聖里,177,349467,1974,486,296,789,14800.82,749.64
台南市,中區,開仙里,211,195078,925,547,314,986,1423.25,153.94
台南市,中區,保西里,193,139504,723,540,337,921,624.72,86.43
台南市,中區,赤崁里,233,485925,2086,651,359,1461,6908.03,331.24
台南市,中區,法華里,1111,1165113,1049,742,422,1311,1010.85,96.39
台南市,中區,郡王里,644,835003,1297,761,410,1412,2977.59,229.65
台南市,中區,開山里,461,398481,864,616,382,1035,962.61,111.36
台南市,中區,川西里,170,116991,688,514,322,756,745.79,108.37
台南市,中區,五妃里,502,557201,1110,717,396,1252,1679.76,151.34
台南市,中區,大南里,545,561761,1031,650,369,1203,2062.19,200.07
台南市,中區,聖前里,141,113057,802,589,334,973,729.51,90.98
台南市,中區,小西里,266,201806,759,580,322,934,749.77,98.83
台南市,中區,進學里,199,192123,965,667,352,1273,1065.11,110.32
台南市,中區,仙草里,664,614775,926,612,355,1138,1045.44,112.92
台南市,中區,廣慈里,111,131621,1186,610,373,1223,1802.67,152.02
台南市,東區,自強里,1931,1745418,904,644,365,1097,982.02,108.64
台南市,東區,東光里,1391,1473227,1059,757,434,1356,989.18,93.40
台南市,東區,新東里,848,917263,1082,736,400,1266,2695.53,249.20
台南市,東區,莊敬里,1004,977150,973,699,400,1212,1004.28,103.19
台南市,東區,大學里,629,915221,1455,1122,555,1870,1950.33,134.04
台南市,東區,和平里,725,531176,733,549,327,958,618.45,84.41
台南市,東區,東明里,509,629905,1238,876,483,1516,1426.53,115.27
台南市,東區,中興里,227,123598,544,486,317,727,315.20,57.89
台南市,東區,忠孝里,612,697830,1140,771,423,1341,2056.76,180.38
台南市,東區,仁和里,1074,718343,669,530,339,818,530.18,79.27
台南市,東區,大福里,444,291450,656,502,286,769,666.42,101.52
台南市,東區,大德里,454,320397,706,521,307,820,610.72,86.54
台南市,東區,東安里,515,472764,918,633,361,1086,1086.70,118.38
台南市,東區,路東里,384,330643,861,643,405,1090,759.28,88.18
台南市,東區,川東里,177,126359,714,496,314,1009,572.82,80.24
台南市,東區,府宅里,282,306444,1087,579,324,1075,2583.41,237.73
台南市,東區,德高里,629,480619,764,503,315,835,1895.12,248.02
台南市,東區,小東里,1196,1176086,983,678,382,1262,1123.04,114.21
台南市,東區,後甲里,729,500777,687,512,325,843,577.00,84.00
台南市,東區,關聖里,1529,1683148,1101,754,427,1354,2091.87,190.03
台南市,東區,前鋒里,181,160404,886,730,418,1165,681.80,76.93
台南市,東區,大廟里,322,284412,883,593,321,1045,1245.54,141.01
台南市,東區,圍下里,684,867853,1269,736,440,1325,2389.83,188.36
台南市,東區,圍上里,168,135513,807,616,335,959,777.64,96.41
台南市,東區,虎尾里,1712,1417197,828,616,372,1040,724.84,87.56
台南市,東區,中西里,1077,1213494,1127,824,440,1462,1128.27,100.14
台南市,東區,泉北里,299,267059,893,591,335,1039,1328.09,148.69
台南市,東區,泉南里,1245,1278454,1027,635,360,1227,1800.49,175.34
台南市,東區,龍山里,2053,2493483,1215,770,408,1418,2463.88,202.86
台南市,東區,崇誨里,787,588756,748,593,344,963,607.67,81.23
台南市,東區,復國里,298,179905,604,510,303,776,428.37,70.96
台南市,東區,大興里,237,163526,690,522,329,852,641.48,92.97
台南市,東區,育樂里,169,147157,871,580,317,1162,869.77,99.89
台南市,東區,大智里,1274,837223,657,546,332,881,463.68,70.56
台南市,東區,富強里,1191,938143,788,579,347,1016,677.40,86.00
台南市,東區,衛國里,422,902281,2138,640,380,1009,19361.33,905.54
台南市,東區,崇善里,1089,859778,790,577,341,984,1009.36,127.85
台南市,東區,崇學里,1761,1673571,950,626,378,1153,1114.30,117.25
台南市,東區,崇明里,867,850866,981,716,419,1250,909.38,92.66
台南市,東區,裕農里,876,830195,948,652,370,1162,1099.55,116.02
台南市,東區,富裕里,645,550263,853,618,359,1131,792.02,92.84
台南市,東區,崇德里,1250,1218005,974,719,404,1257,1447.76,148.58
台南市,東區,東智里,557,385544,692,559,332,893,515.32,74.45
台南市,東區,東聖里,598,504294,843,619,381,1038,891.49,105.71
台南市,東區,崇成里,1846,1913110,1036,705,405,1207,3911.06,377.39
台南市,西區,中正里,258,207419,804,560,324,965,866.49,107.78
台南市,西區,新安里,171,99040,579,474,289,667,534.98,92.37
台南市,西區,西湖里,887,815070,919,597,345,1146,1052.14,114.50
台南市,西區,民生里,136,100985,743,568,349,879,710.35,95.66
台南市,西區,民主里,242,169384,700,472,283,845,777.10,111.03
台南市,西區,協和里,548,398176,727,536,314,879,714.14,98.29
台南市,西區,金安里,127,97120,765,533,334,820,814.20,106.47
台南市,西區,忠信里,276,175586,636,489,279,814,544.21,85.54
台南市,西區,工業里,152,92761,610,436,280,646,813.51,133.30
台南市,西區,普濟里,170,124001,729,464,274,792,958.48,131.40
台南市,西區,濟同里,143,111232,778,515,273,789,1111.73,142.92
台南市,西區,水仙里,232,205286,885,533,332,1013,1152.58,130.26
台南市,西區,北勢里,207,165855,801,520,289,946,1095.34,136.71
台南市,西區,西羅里,197,209947,1066,602,353,1098,3058.33,286.97
台南市,西區,藥王里,854,710062,831,568,330,980,990.28,119.10
台南市,西區,安新里,150,127006,847,493,338,1017,857.67,101.29
台南市,西區,安海里,339,304248,897,587,295,1069,1201.50,133.87
台南市,西區,運河里,156,128143,821,547,319,953,878.63,106.96
台南市,西區,保良里,81,51507,636,400,256,690,677.19,106.49
台南市,西區,保民里,88,56981,648,447,268,906,577.25,89.15
台南市,西區,北頭里,57,32912,577,499,254,870,411.12,71.20
台南市,西區,大涼里,642,563036,877,603,369,1078,1059.71,120.83
台南市,西區,中頭里,170,113295,666,462,294,749,793.92,119.13
台南市,西區,天池里,45,22025,489,431,279,625,344.36,70.36
台南市,西區,元安里,365,256865,704,457,266,853,745.93,106.00
台南市,西區,協進里,286,236226,826,563,332,1070,789.00,95.52
台南市,西區,正德里,139,98612,709,463,324,789,728.03,102.62
台南市,西區,文賢里,371,238474,643,448,276,736,743.53,115.67
台南市,西區,光賢里,752,521954,694,526,327,873,652.43,94.00
台南市,西區,西賢里,981,962951,982,677,376,1240,1009.31,102.82
台南市,南區,光明里,963,579606,602,495,304,765,418.31,69.50
台南市,南區,新生里,168,114568,682,551,351,903,515.11,75.53
台南市,南區,明興里,791,478993,606,472,304,744,486.95,80.41
台南市,南區,中和里,125,68275,546,403,293,739,425.44,77.89
台南市,南區,新興里,799,1019908,1276,555,335,947,7911.95,619.83
台南市,南區,金華里,1337,1037617,776,550,331,979,744.87,95.98
台南市,南區,明德里,192,131037,682,572,348,909,483.92,70.90
台南市,南區,竹溪里,472,457208,969,688,371,1224,1027.11,106.03
台南市,南區,新昌里,649,451635,696,521,324,842,624.09,89.68
台南市,南區,田寮里,939,724879,772,553,324,961,772.55,100.08
台南市,南區,荔宅里,220,153508,698,551,332,869,606.69,86.95
台南市,南區,興中里,257,202540,788,602,364,1039,594.41,75.42
台南市,南區,明亮里,813,521755,642,501,333,746,555.64,86.58
台南市,南區,日新里,474,359145,758,525,318,858,977.34,128.99
台南市,南區,白雪里,437,256775,588,447,289,699,520.89,88.65
台南市,南區,清泉里,174,95342,548,481,326,682,359.86,65.67
台南市,南區,龍崗里,132,64747,491,401,226,628,372.83,76.01
台南市,南區,喜東里,344,205810,598,465,277,723,502.47,83.98
台南市,南區,喜南里,250,134033,536,410,278,671,394.88,73.65
台南市,南區,喜北里,422,219616,520,427,281,623,403.89,77.61
台南市,南區,省躬里,1058,753256,712,504,291,903,805.05,113.07
台南市,南區,覺醒里,88,40900,465,378,221,575,343.14,73.83
台南市,南區,海豐里,95,46753,492,389,273,659,337.69,68.62
台南市,南區,松山里,145,74186,512,413,263,646,354.06,69.20
台南市,南區,佛壇里,337,195835,581,457,289,704,625.17,107.58
台南市,南區,南山里,122,65408,536,464,306,631,387.80,72.33
台南市,南區,同安里,359,195597,545,430,282,667,420.46,77.17
台南市,南區,興農里,358,173836,486,404,273,613,331.99,68.37
台南市,南區,廣州里,737,607115,824,529,325,942,1572.42,190.88
台南市,南區,大成里,297,221046,744,540,350,918,638.99,85.86
台南市,南區,國宅里,786,500588,637,503,313,776,555.82,87.27
台南市,南區,大林里,611,596591,976,636,359,1193,1304.47,133.60
台南市,南區,大忠里,1108,773224,698,518,308,889,622.52,89.20
台南市,南區,大恩里,957,726487,759,567,337,970,658.81,86.78
台南市,南區,文華里,910,911814,1002,527,313,942,3552.98,354.59
台南市,南區,再興里,667,661825,992,578,347,950,2996.48,301.99
台南市,南區,南都里,945,520797,551,459,298,689,387.16,70.25
台南市,南區,開南里,871,481817,553,456,295,690,455.79,82.39
台南市,南區,彰南里,657,697687,1062,554,317,1022,2598.34,244.68
台南市,南區,建南里,992,643596,649,495,313,833,579.92,89.39
台南市,南區,郡南里,790,662860,839,487,303,785,6203.11,739.29
台南市,南區,府南里,1008,758131,752,546,336,911,667.75,88.78
台南市,南區,文南里,1121,893698,797,570,341,971,777.14,97.48
台南市,北區,仁愛里,556,557917,1003,644,403,1096,1501.01,149.59
台南市,北區,光武里,78,42066,539,394,269,690,430.54,79.83
台南市,北區,水源里,232,149202,643,463,285,832,536.59,83.44
台南市,北區,延平里,465,297482,640,473,304,806,612.84,95.79
台南市,北區,成功里,1900,1622680,854,614,367,1052,841.57,98.54
台南市,北區,力行里,636,526519,828,592,361,1040,741.98,89.63
台南市,北區,華興里,613,438677,716,543,333,903,624.50,87.27
台南市,北區,福德里,104,70520,678,506,326,787,676.23,99.73
台南市,北區,裕民里,376,383160,1019,524,328,884,4001.15,392.64
台南市,北區,大道里,107,69949,654,532,268,892,534.35,81.74
台南市,北區,富台里,48,34169,712,697,505,884,347.12,48.76
台南市,北區,大仁里,214,130993,612,476,281,800,488.78,79.85
台南市,北區,振興里,592,509680,861,605,359,1080,899.34,104.46
台南市,北區,東興里,546,670404,1228,703,371,1334,1596.23,130.00
台南市,北區,城隍里,95,72037,758,596,342,990,607.30,80.09
台南市,北區,實踐里,329,209306,636,506,314,828,463.50,72.86
台南市,北區,安民里,307,209791,683,509,323,778,761.49,111.43
台南市,北區,西華里,330,264121,800,527,330,888,988.44,123.50
台南市,北區,新勝里,538,400394,744,528,333,941,635.25,85.36
台南市,北區,開元里,1063,737045,693,515,333,866,614.78,88.67
台南市,北區,大山里,202,129856,643,501,313,737,824.28,128.22
台南市,北區,北門里,206,179965,874,667,363,1036,900.60,103.09
台南市,北區,花園里,100,78699,787,478,316,892,924.63,117.49
台南市,北區,大公里,157,125832,801,548,356,907,1286.93,160.57
台南市,北區,重光里,108,113460,1051,596,313,902,3360.78,319.91
台南市,北區,三安里,86,50379,586,479,303,663,661.48,112.92
台南市,北區,保生里,97,59325,612,470,289,732,535.76,87.60
台南市,北區,共和里,235,172602,734,495,349,875,1266.51,172.44
台南市,北區,城朔里,217,138107,636,502,312,868,477.46,75.02
台南市,北區,和順里,1584,1600962,1011,692,381,1218,1288.38,127.47
台南市,北區,元和里,111,68795,620,512,274,800,536.02,86.49
台南市,北區,興北里,394,272172,691,496,312,848,599.87,86.84
台南市,北區,興南里,383,294005,768,565,332,911,712.03,92.76
台南市,北區,六甲里,591,402373,681,516,294,810,618.18,90.80
台南市,北區,文元里,1472,1121562,762,558,333,961,688.26,90.33
台南市,北區,大港里,1790,1276622,713,537,324,876,762.47,106.91
台南市,北區,東豐里,267,213775,801,614,344,904,838.79,104.76
台南市,北區,國姓里,460,310797,676,509,332,839,723.52,107.09
台南市,北區,勝安里,324,265937,821,573,328,1038,788.92,96.12
台南市,北區,正覺里,896,723214,807,510,309,870,2054.67,254.56
台南市,北區,正風里,397,263073,663,481,301,863,590.68,89.14
台南市,北區,小康里,1118,708491,634,506,301,796,506.87,79.98
台南市,北區,北垣里,80,46452,581,399,273,668,509.67,87.77
台南市,北區,大豐里,1612,1255457,779,560,326,958,779.43,100.08
台南市,北區,重興里,776,716603,923,630,353,984,1270.39,137.57
台南市,北區,國興里,434,357735,824,618,361,1010,772.37,93.70
台南市,安南區,梅花里,612,401661,656,504,312,794,592.49,90.28
台南市,安南區,幸福里,751,432134,575,436,283,709,640.34,111.28
台南市,安南區,長安里,681,397670,584,462,285,713,607.81,104.09
台南市,安南區,公？里,137,73012,533,450,291,762,317.31,59.54
台南市,安南區,南興里,217,131436,606,477,291,724,589.30,97.29
台南市,安南區,安和里,520,327490,630,464,302,722,1370.21,217.57
台南市,安南區,？南里,780,502688,644,506,336,780,833.44,129.32
台南市,安南區,東和里,104,49573,477,379,263,589,300.98,63.14
台南市,安南區,州北里,739,461692,625,500,307,802,489.92,78.42
台南市,安南區,州南里,910,573206,630,484,322,758,673.91,106.99
台南市,安南區,安順里,605,394518,652,508,321,823,599.89,91.99
台南市,安南區,新順里,794,572048,720,548,327,910,651.43,90.42
台南市,安南區,安東里,644,420087,652,492,311,755,851.05,130.47
台南市,安南區,安西里,528,326966,619,469,292,765,545.08,88.02
台南市,安南區,安慶里,1027,639066,622,479,300,754,555.78,89.32
台南市,安南區,頂安里,576,361458,628,503,300,795,567.63,90.45
台南市,安南區,原佃里,291,163004,560,462,288,720,391.61,69.91
台南市,安南區,總頭里,337,191590,569,438,255,717,536.07,94.29
台南市,安南區,公親里,220,131569,598,483,297,739,485.86,81.24
台南市,安南區,海東里,729,467865,642,481,297,753,635.89,99.08
台南市,安南區,海西里,394,223765,568,456,288,683,507.93,89.44
台南市,安南區,海南里,393,224375,571,418,272,734,439.33,76.95
台南市,安南區,溪心里,777,521308,671,534,327,831,591.34,88.14
台南市,安南區,淵東里,605,386933,640,513,308,797,516.34,80.73
台南市,安南區,淵中里,557,336353,604,474,301,753,509.31,84.34
台南市,安南區,淵西里,481,290889,605,502,335,745,474.21,78.41
台南市,安南區,佃東里,394,250030,635,523,310,790,500.77,78.91
台南市,安南區,佃西里,273,160320,587,472,298,796,420.84,71.66
台南市,安南區,學東里,288,153836,534,448,285,655,386.43,72.34
台南市,安南區,城東里,200,103718,519,438,270,624,481.82,92.91
台南市,安南區,城西里,131,76991,588,458,300,649,543.05,92.40
台南市,安南區,城南里,368,194546,529,407,258,625,474.01,89.66
台南市,安南區,城北里,202,116621,577,456,287,632,661.74,114.62
台南市,安南區,城中里,132,84138,637,476,307,723,722.63,113.37
台南市,安南區,砂崙里,144,82409,572,450,328,642,439.07,76.72
台南市,安南區,青草里,149,85584,574,456,322,638,459.82,80.05
台南市,安南區,四草里,224,124309,555,453,295,658,470.01,84.69
台南市,安南區,？田里,115,57513,500,392,274,595,406.07,81.20
台南市,安南區,顯宮里,170,91703,539,429,269,688,381.31,70.69
台南市,安南區,鹿耳里,112,68546,612,507,315,722,426.27,69.65
台南市,安南區,溪北里,678,488290,720,528,313,857,1251.89,173.83
台南市,安南區,溪頂里,954,607093,636,491,307,780,542.37,85.23
台南市,安南區,溪墘里,645,399303,619,438,277,708,966.62,156.14
台南市,安南區,海佃里,806,477632,593,454,281,714,509.32,85.95
台南市,安南區,鳳凰里,724,401720,555,484,297,692,381.12,68.69
台南市,安南區,理想里,1255,831743,663,506,312,799,666.84,100.62
台南市,安南區,溪東里,684,481509,704,535,342,857,590.45,83.88
台南市,安南區,布袋里,289,177226,613,492,320,748,481.46,78.51
台南市,安南區,國安里,329,184013,559,452,287,673,566.98,101.37
台南市,安南區,安富里,868,518760,598,464,296,713,512.77,85.80
台南市,安平區,西門里,423,258366,611,495,319,774,527.39,86.34
台南市,安平區,文朱里,62,25170,406,332,216,473,286.42,70.55
台南市,安平區,校前里,413,267177,647,462,296,823,576.87,89.17
台南市,安平區,金城里,317,189435,598,455,314,716,488.50,81.75
台南市,安平區,妙壽里,62,34979,564,455,286,711,431.81,76.54
台南市,安平區,菩薩里,43,24175,562,485,274,835,355.55,63.24
台南市,安平區,石門里,1131,818845,724,510,304,850,1083.18,149.61
台南市,安平區,安中里,77,36605,475,392,259,564,311.06,65.43
台南市,安平區,海興里,152,86176,567,448,322,686,414.87,73.18
台南市,安平區,漁光里,70,33970,485,392,285,613,304.71,62.79
台南市,安平區,建平里,772,766298,993,657,377,1170,1571.04,158.27
台南市,安平區,怡平里,633,634390,1002,663,403,1113,1462.86,145.97
台南市,安平區,華平里,885,716502,810,626,360,1048,715.29,88.35
台南市,安平區,平通里,926,681539,736,561,339,887,733.48,99.66
台南市,安平區,文平里,758,626683,827,625,346,1052,738.09,89.28
台南市,安平區,國平里,869,745826,858,666,370,1096,755.76,88.06
台南市,安平區,育平里,1273,978895,769,588,373,918,718.87,93.48
台南市,安平區,億載里,324,214638,662,516,346,866,471.74,71.21
高雄市,鹽埕區,光明里,413,349479,846,629,328,1084,821.76,97.11
高雄市,鹽埕區,中山里,452,415580,919,654,336,1108,1153.18,125.42
高雄市,鹽埕區,中原里,250,245168,981,546,297,933,2343.80,239.00
高雄市,鹽埕區,港都里,359,268192,747,513,285,864,967.98,129.57
高雄市,鹽埕區,新豐里,135,82825,614,479,312,729,616.84,100.54
高雄市,鹽埕區,育仁里,276,207348,751,538,316,885,766.63,102.05
高雄市,鹽埕區,博愛里,199,154186,775,562,319,1006,753.42,97.24
高雄市,鹽埕區,藍橋里,332,244896,738,563,309,968,699.90,94.88
高雄市,鹽埕區,慈愛里,134,83558,624,521,357,793,400.66,64.25
高雄市,鹽埕區,陸橋里,387,306290,791,582,349,882,1184.98,149.72
高雄市,鹽埕區,壽星里,355,293366,826,605,334,985,834.75,101.01
高雄市,鹽埕區,瀨南里,211,227733,1079,603,357,1136,1693.58,156.91
高雄市,鹽埕區,新樂里,321,268829,837,596,304,1046,810.90,96.83
高雄市,鹽埕區,教仁里,713,597882,839,575,356,1009,877.86,104.69
高雄市,鹽埕區,府北里,432,284933,660,507,323,834,531.64,80.60
高雄市,鹽埕區,江西里,344,288609,839,525,300,932,1270.55,151.44
高雄市,鹽埕區,新化里,218,145325,667,531,343,857,560.48,84.08
高雄市,鹽埕區,江南里,285,231163,811,487,272,940,1156.60,142.60
高雄市,鹽埕區,河濱里,648,673173,1039,623,367,1115,2172.77,209.15
高雄市,鹽埕區,南端里,390,333319,855,568,323,1036,918.83,107.51
高雄市,鹽埕區,沙地里,294,375168,1276,575,329,1133,3474.94,272.31
高雄市,鼓山區,自強里,277,227119,820,588,352,983,762.72,93.02
高雄市,鼓山區,建國里,627,488076,778,589,371,1012,632.78,81.29
高雄市,鼓山區,延平里,323,234855,727,503,280,852,816.48,112.29
高雄市,鼓山區,桃源里,167,165764,993,685,414,1322,841.53,84.78
高雄市,鼓山區,惠安里,393,267579,681,466,267,869,709.99,104.28
高雄市,鼓山區,平和里,909,672413,740,541,320,920,671.27,90.75
高雄市,鼓山區,樹德里,268,166828,622,480,313,718,562.91,90.43
高雄市,鼓山區,光榮里,1148,800758,698,519,328,865,649.12,93.06
高雄市,鼓山區,正德里,439,291305,664,542,320,833,519.63,78.31
高雄市,鼓山區,？南里,269,173559,645,448,284,766,650.53,100.83
高雄市,鼓山區,前？里,1418,1302635,919,669,384,1179,1146.35,124.79
高雄市,鼓山區,民族里,483,354302,734,541,330,862,668.15,91.09
高雄市,鼓山區,內惟里,312,214546,688,554,356,809,566.17,82.33
高雄市,鼓山區,忠正里,1202,845777,704,556,323,891,618.61,87.92
高雄市,鼓山區,龍井里,413,285329,691,520,280,765,1173.59,169.87
高雄市,鼓山區,龍子里,1634,1381153,845,630,350,1096,787.49,93.17
高雄市,鼓山區,鼓岩里,395,217341,550,449,293,683,394.20,71.64
高雄市,鼓山區,寶樹里,236,156024,661,522,341,809,522.12,78.97
高雄市,鼓山區,綠川里,398,255303,641,521,310,770,572.33,89.22
高雄市,鼓山區,河邊里,433,334455,772,529,301,909,2232.28,289.00
高雄市,鼓山區,興宗里,363,236708,652,507,304,847,522.15,80.07
高雄市,鼓山區,光化里,397,240327,605,454,276,773,498.03,82.27
高雄市,鼓山區,山下里,410,283235,691,530,352,849,533.73,77.26
高雄市,鼓山區,登山里,206,129314,628,433,295,721,630.88,100.50
高雄市,鼓山區,維生里,489,458265,937,561,343,944,1665.18,177.69
高雄市,鼓山區,新民里,288,192256,668,443,266,735,850.76,127.44
高雄市,鼓山區,壽山里,403,287490,713,458,281,828,937.16,131.37
高雄市,鼓山區,哨船頭,342,252404,738,557,329,927,744.18,100.83
高雄市,鼓山區,厚生里,565,337977,598,481,303,747,574.38,96.02
高雄市,鼓山區,明誠里,3247,3083286,950,708,414,1203,851.21,89.64
高雄市,鼓山區,民強里,835,526089,630,504,331,794,456.23,72.41
高雄市,鼓山區,裕豐里,824,768028,932,708,391,1224,791.53,84.92
高雄市,鼓山區,華豐里,1053,1024869,973,704,405,1214,1651.99,169.73
高雄市,鼓山區,雄？里,535,407419,762,606,376,969,877.16,115.18
高雄市,鼓山區,鼓？里,514,345160,672,579,347,859,478.13,71.20
高雄市,鼓山區,麗興里,371,329870,889,547,335,900,1557.16,175.13
高雄市,鼓山區,龍水里,323,271598,841,622,346,1084,765.43,91.03
高雄市,鼓山區,裕興里,839,709376,846,636,371,1100,730.12,86.35
高雄市,左營區,新光里,2697,2205472,818,659,385,1039,713.51,87.25
高雄市,左營區,中南里,147,83208,566,478,324,628,401.09,70.86
高雄市,左營區,復興里,300,187763,626,517,344,799,455.13,72.72
高雄市,左營區,路東里,262,196508,750,613,361,974,645.33,86.04
高雄市,左營區,進學里,374,272669,729,595,348,925,613.51,84.15
高雄市,左營區,？南里,228,165698,727,555,350,979,700.74,96.42
高雄市,左營區,城南里,155,115775,747,581,385,861,676.68,90.59
高雄市,左營區,自立里,216,158875,736,597,366,993,584.17,79.42
高雄市,左營區,崇實里,296,221068,747,601,356,972,575.63,77.07
高雄市,左營區,合？里,367,321256,875,632,426,1148,694.44,79.33
高雄市,左營區,自治里,414,297616,719,575,353,868,567.26,78.91
高雄市,左營區,頂西里,332,226752,683,562,323,886,578.07,84.64
高雄市,左營區,頂北里,161,114900,714,521,320,802,731.33,102.48
高雄市,左營區,中北里,223,148986,668,525,326,855,513.75,76.90
高雄市,左營區,自助里,568,484441,853,598,354,933,2540.35,297.85
高雄市,左營區,自勉里,347,227054,654,526,323,845,492.62,75.29
高雄市,左營區,尾西里,308,216046,701,551,326,910,562.39,80.18
高雄市,左營區,尾北里,617,397580,644,535,327,823,499.84,77.57
高雄市,左營區,廟東里,196,119835,611,479,305,695,468.26,76.59
高雄市,左營區,廟北里,225,136828,608,452,295,786,470.74,77.41
高雄市,左營區,尾南里,172,107806,627,484,306,785,491.54,78.42
高雄市,左營區,？北里,121,83841,693,515,351,799,718.24,103.66
高雄市,左營區,埤東里,298,209256,702,554,352,820,590.39,84.08
高雄市,左營區,埤北里,304,198632,653,495,294,836,521.92,79.88
高雄市,左營區,新上里,5951,6113643,1027,748,411,1303,1079.42,105.07
高雄市,左營區,新中里,1318,949949,721,557,344,914,651.73,90.42
高雄市,左營區,新下里,2940,2531358,861,674,397,1111,716.74,83.24
高雄市,左營區,聖后里,205,131950,644,509,320,788,556.19,86.41
高雄市,左營區,聖西里,69,54419,789,526,349,829,1128.12,143.04
高雄市,左營區,聖南里,142,102777,724,580,364,923,558.00,77.09
高雄市,左營區,埤西里,312,238968,766,564,332,912,782.31,102.14
高雄市,左營區,屏山里,305,195765,642,508,316,778,511.77,79.73
高雄市,左營區,果惠里,392,256296,654,550,336,835,479.31,73.31
高雄市,左營區,果貿里,469,317184,676,572,357,861,507.75,75.08
高雄市,左營區,海光里,85,60011,706,561,357,872,554.09,78.48
高雄市,左營區,海勝里,679,417748,615,523,336,771,427.25,69.44
高雄市,左營區,莒光里,491,357232,728,579,376,995,516.96,71.05
高雄市,左營區,永清里,233,128042,550,452,310,677,390.65,71.09
高雄市,左營區,果？里,386,268333,695,533,336,815,1146.47,164.92
高雄市,左營區,光輝里,859,719503,838,687,373,1131,654.00,78.08
高雄市,左營區,菜公里,4737,3698037,781,638,385,1002,727.74,93.22
高雄市,左營區,祥和里,103,65259,634,541,403,763,401.36,63.35
高雄市,左營區,明建里,408,347536,852,645,390,1088,731.19,85.84
高雄市,左營區,福山里,5783,4755118,822,632,388,1007,793.06,96.45
高雄市,楠梓區,興昌里,825,627316,760,611,391,993,553.32,72.77
高雄市,楠梓區,中和里,337,221372,657,545,337,828,455.12,69.28
高雄市,楠梓區,中興里,224,138965,620,519,331,811,428.52,69.07
高雄市,楠梓區,五常里,1173,756075,645,519,325,849,478.23,74.19
高雄市,楠梓區,東寧里,652,523436,803,667,405,1020,571.69,71.21
高雄市,楠梓區,享平里,857,664478,775,603,361,1005,634.42,81.82
高雄市,楠梓區,惠民里,973,703023,723,600,357,932,551.87,76.38
高雄市,楠梓區,中陽里,751,562113,748,608,377,939,613.18,81.92
高雄市,楠梓區,清豐里,2253,1636144,726,610,369,932,501.74,69.09
高雄市,楠梓區,稔田里,451,312306,692,550,350,916,497.56,71.85
高雄市,楠梓區,玉屏里,656,427505,652,522,331,896,486.30,74.62
高雄市,楠梓區,錦屏里,1048,758441,724,596,377,969,501.97,69.36
高雄市,楠梓區,金田里,944,659303,698,572,355,919,506.32,72.50
高雄市,楠梓區,廣昌里,825,582147,706,552,343,829,1148.76,162.80
高雄市,楠梓區,福昌里,511,363840,712,551,358,917,589.85,82.84
高雄市,楠梓區,泰昌里,404,291626,722,560,351,861,1000.29,138.57
高雄市,楠梓區,建昌里,640,484049,756,594,347,1009,640.80,84.72
高雄市,楠梓區,藍田里,245,184893,755,578,333,897,706.28,93.59
高雄市,楠梓區,宏毅里,1099,981153,893,792,419,1273,660.99,74.04
高雄市,楠梓區,宏南里,730,1085148,1487,1456,549,2128,1071.67,72.09
高雄市,楠梓區,宏榮里,543,503250,927,757,414,1311,684.02,73.80
高雄市,楠梓區,和昌里,594,459683,774,631,383,1012,552.12,71.35
高雄市,楠梓區,隆昌里,941,814211,865,650,402,1057,1169.66,135.18
高雄市,楠梓區,惠楠里,708,524189,740,588,350,980,582.70,78.70
高雄市,楠梓區,瑞屏里,945,714978,757,604,373,1017,567.62,75.02
高雄市,楠梓區,大昌里,535,335973,628,509,331,844,447.53,71.26
高雄市,楠梓區,裕昌里,730,510897,700,553,356,883,544.96,77.87
高雄市,楠梓區,加昌里,1699,1333924,785,636,396,1033,620.76,79.07
高雄市,楠梓區,仁昌里,941,630846,670,572,363,869,464.76,69.33
高雄市,楠梓區,惠豐里,761,500792,658,544,337,835,490.93,74.60
高雄市,楠梓區,翠屏里,3467,2707560,781,666,401,1035,563.04,72.10
高雄市,楠梓區,久昌里,644,434851,675,565,361,897,513.26,76.01
高雄市,楠梓區,盛昌里,1136,903420,795,654,392,1077,553.63,69.62
高雄市,楠梓區,宏昌里,696,561715,807,644,382,1061,654.58,81.11
高雄市,楠梓區,秀昌里,543,514738,948,687,410,1184,1128.57,119.05
高雄市,楠梓區,慶昌里,1072,1026392,957,780,426,1254,750.96,78.43
高雄市,楠梓區,國昌里,830,557756,672,564,353,879,466.27,69.39
高雄市,三民區,興德里,462,372320,806,603,349,1022,696.74,86.46
高雄市,三民區,力行里,311,203648,655,510,311,869,504.42,77.03
高雄市,三民區,九如里,162,135071,834,593,280,889,1070.80,128.43
高雄市,三民區,德行里,338,279214,826,615,346,1039,778.74,94.27
高雄市,三民區,裕民里,153,81388,532,464,283,671,355.25,66.78
高雄市,三民區,安康里,676,387607,573,471,302,709,461.36,80.46
高雄市,三民區,立德里,436,366110,840,597,326,1046,829.55,98.79
高雄市,三民區,博愛里,355,319880,901,599,384,1078,1468.66,162.99
高雄市,三民區,安和里,847,711845,840,589,337,1048,906.71,107.89
高雄市,三民區,川東里,460,313615,682,547,342,838,562.66,82.53
高雄市,三民區,安東里,1070,980323,916,632,381,1123,1266.06,138.19
高雄市,三民區,鼎金里,725,506725,699,550,339,903,569.96,81.55
高雄市,三民區,鼎西里,1390,925363,666,539,337,843,494.78,74.32
高雄市,三民區,本館里,2265,1798177,794,605,361,997,726.01,91.45
高雄市,三民區,寶獅里,994,853823,859,612,367,1140,736.98,85.80
高雄市,三民區,灣子里,831,653749,787,578,349,969,754.32,95.88
高雄市,三民區,安生里,541,439546,812,571,330,1006,862.74,106.19
高雄市,三民區,港東里,391,307544,787,599,324,997,700.19,89.02
高雄市,三民區,港西里,230,205300,893,676,322,1066,1199.40,134.37
高雄市,三民區,港北里,118,77786,659,585,350,910,441.31,66.95
高雄市,三民區,建東里,293,219053,748,513,310,888,1131.10,151.29
高雄市,三民區,鳳南里,289,200552,694,532,334,840,653.09,94.11
高雄市,三民區,鳳北里,573,416329,727,525,283,874,834.35,114.83
高雄市,三民區,德東里,283,238702,843,559,314,1077,875.93,103.85
高雄市,三民區,德西里,341,257524,755,504,321,877,790.46,104.67
高雄市,三民區,德北里,598,470914,787,576,330,934,881.27,111.91
高雄市,三民區,千歲里,400,315845,790,592,323,1074,681.90,86.36
高雄市,三民區,千北里,383,305516,798,600,367,983,685.46,85.93
高雄市,三民區,正興里,2702,2485476,920,719,401,1187,781.12,84.92
高雄市,三民區,十全里,503,436136,867,580,340,1033,1299.93,149.92
高雄市,三民區,豐裕里,699,465552,666,538,327,857,503.16,75.55
高雄市,三民區,立誠里,320,250475,783,541,308,1036,861.33,110.04
高雄市,三民區,達德里,559,559924,1002,619,319,1089,1784.39,178.14
高雄市,三民區,灣華里,740,507674,686,505,314,883,660.31,96.25
高雄市,三民區,灣中里,1070,738416,690,543,339,890,548.18,79.43
高雄市,三民區,灣復里,753,551033,732,573,356,906,590.08,80.64
高雄市,三民區,灣興里,456,378796,831,525,311,863,1704.97,205.25
高雄市,三民區,寶珠里,1391,1129528,812,610,359,1059,690.45,85.03
高雄市,三民區,民享里,736,619947,842,612,349,1017,985.43,116.99
高雄市,三民區,安宜里,969,762101,786,561,344,983,729.86,92.80
高雄市,三民區,同德里,941,876768,932,647,363,1182,935.21,100.37
高雄市,三民區,精華里,581,539127,928,666,365,1121,916.16,98.73
高雄市,三民區,長明里,353,275238,780,548,331,1018,809.50,103.82
高雄市,三民區,寶龍里,1157,1002292,866,591,355,1006,877.51,101.30
高雄市,三民區,港新里,536,454426,848,654,317,1058,741.18,87.42
高雄市,三民區,博惠里,1263,1080884,856,597,339,1066,1058.27,123.66
高雄市,三民區,立業里,336,247033,735,525,329,960,654.28,88.99
高雄市,三民區,十美里,601,500967,834,569,344,950,908.91,109.04
高雄市,三民區,安邦里,1174,1030905,878,658,365,1132,801.00,91.22
高雄市,三民區,千秋里,586,382693,653,500,333,805,510.97,78.24
高雄市,三民區,灣勝里,601,422134,702,517,307,900,689.42,98.15
高雄市,三民區,灣利里,948,674591,712,559,341,916,586.33,82.40
高雄市,三民區,達明里,613,537578,877,627,335,1065,935.26,106.65
高雄市,三民區,達勇里,357,335730,940,686,439,1122,1080.74,114.92
高雄市,三民區,達仁里,517,521524,1009,706,396,1287,998.12,98.95
高雄市,三民區,灣愛里,580,351734,606,474,306,745,565.57,93.26
高雄市,三民區,德智里,790,702776,890,637,356,1102,881.75,99.12
高雄市,三民區,寶興里,1562,1338953,857,613,348,1035,1004.94,117.23
高雄市,三民區,安寧里,404,231301,573,448,305,704,479.41,83.74
高雄市,三民區,鼎盛里,1607,1265662,788,640,384,987,611.95,77.70
高雄市,三民區,鼎泰里,5578,5454580,978,742,426,1242,958.08,97.98
高雄市,三民區,本武里,466,368358,790,576,362,998,710.91,89.93
高雄市,三民區,本文里,631,499084,791,594,368,1017,650.74,82.27
高雄市,三民區,寶盛里,1227,1157747,944,690,386,1185,1673.46,177.36
高雄市,三民區,寶華里,884,855053,967,728,407,1267,910.23,94.11
高雄市,三民區,寶民里,794,708338,892,632,347,1144,841.10,94.28
高雄市,三民區,寶中里,741,587854,793,573,356,991,780.25,98.35
高雄市,三民區,寶玉里,1988,1703329,857,623,355,1104,791.83,92.42
高雄市,三民區,灣成里,453,312430,690,570,367,869,540.06,78.30
高雄市,三民區,安吉里,1169,1261206,1079,626,352,1071,6708.63,621.82
高雄市,三民區,安泰里,1252,1008081,805,589,346,977,783.14,97.26
高雄市,三民區,德仁里,603,502668,834,585,363,1008,921.54,110.55
高雄市,三民區,寶國里,1758,1572594,895,660,383,1123,1064.42,118.99
高雄市,三民區,正順里,979,834793,853,645,393,1086,741.16,86.92
高雄市,三民區,安發里,1214,1131064,932,707,407,1224,840.02,90.16
高雄市,三民區,鼎中里,852,657210,771,595,366,982,741.18,96.09
高雄市,三民區,寶業里,1208,1165744,965,698,397,1222,1164.37,120.66
高雄市,三民區,寶慶里,692,542482,784,613,351,1059,611.38,77.99
高雄市,三民區,寶德里,1339,1149776,859,637,372,1063,1033.23,120.33
高雄市,三民區,寶泰里,794,674718,850,570,350,1027,932.85,109.78
高雄市,三民區,寶安里,1667,1503164,902,644,370,1140,881.21,97.73
高雄市,三民區,本元里,1260,1104285,876,681,389,1134,857.52,97.84
高雄市,三民區,本安里,1103,1220823,1107,765,419,1386,1645.01,148.62
高雄市,三民區,本上里,1282,1547609,1207,903,487,1613,1083.52,89.76
高雄市,三民區,本揚里,1920,2066458,1076,819,429,1411,1162.61,108.02
高雄市,三民區,鼎力里,1018,762774,749,589,357,977,579.35,77.32
高雄市,三民區,鼎強里,973,723190,743,574,331,988,627.07,84.37
高雄市,三民區,本和里,1817,1574155,866,673,403,1131,697.63,80.53
高雄市,新興區,華聲里,405,470973,1163,674,397,1196,2657.35,228.51
高雄市,新興區,黎明里,299,258410,864,578,328,1106,1058.36,122.46
高雄市,新興區,文昌里,993,1131751,1140,797,416,1441,1148.50,100.77
高雄市,新興區,成功里,429,459057,1070,751,402,1350,1140.27,106.56
高雄市,新興區,興昌里,651,660941,1015,649,370,1272,1437.51,141.59
高雄市,新興區,南港里,713,620712,871,574,333,986,1163.41,133.64
高雄市,新興區,振華里,470,531022,1130,687,384,1474,1566.62,138.66
高雄市,新興區,建興里,263,188557,717,557,330,905,604.73,84.35
高雄市,新興區,大明里,405,337746,834,590,323,1028,830.40,99.58
高雄市,新興區,明莊里,246,296017,1203,605,344,1154,2008.86,166.94
高雄市,新興區,仁聲里,272,254166,934,592,371,1110,1013.23,108.43
高雄市,新興區,漢民里,292,294324,1008,545,314,971,2132.03,211.52
高雄市,新興區,玉衡里,282,203152,720,538,310,945,628.45,87.24
高雄市,新興區,榮治里,209,197841,947,546,318,931,1331.71,140.68
高雄市,新興區,浩然里,672,678969,1010,702,396,1357,967.02,95.71
高雄市,新興區,振成里,515,638238,1239,705,385,1400,1900.96,153.39
高雄市,新興區,德生里,788,860099,1091,726,375,1339,1334.46,122.26
高雄市,新興區,愛平里,320,284176,888,586,342,1068,920.68,103.67
高雄市,新興區,新江里,401,330886,825,506,284,966,1067.30,129.35
高雄市,新興區,秋山里,311,211767,681,505,266,868,614.76,90.28
高雄市,新興區,長驛里,216,175472,812,554,301,1040,777.55,95.71
高雄市,新興區,德望里,775,851717,1099,687,373,1290,1893.80,172.32
高雄市,新興區,中東里,738,739527,1002,635,358,1142,1859.03,185.52
高雄市,新興區,東坡里,426,333606,783,570,339,994,712.28,90.95
高雄市,新興區,蕉園里,261,273370,1047,615,357,1166,1693.70,161.71
高雄市,新興區,德政里,236,223336,946,625,362,1157,992.45,104.87
高雄市,新興區,開平里,1069,1619601,1515,729,387,1448,4936.88,325.85
高雄市,新興區,光耀里,787,1005184,1277,619,331,1120,8551.12,669.50
高雄市,新興區,永寧里,521,506626,972,624,349,1173,1452.55,149.38
高雄市,新興區,順昌里,701,709774,1013,615,346,1184,2276.55,224.84
高雄市,新興區,正氣里,600,662940,1105,702,365,1317,1415.04,128.07
高雄市,新興區,建華里,307,277113,903,588,337,1052,1159.86,128.50
高雄市,前金區,青山里,521,586919,1127,662,362,1295,1936.72,171.92
高雄市,前金區,新生里,1075,1063021,989,664,352,1263,1237.29,125.12
高雄市,前金區,民生里,304,311195,1024,694,402,1329,1044.24,102.01
高雄市,前金區,長興里,360,322902,897,582,312,1036,1311.77,146.25
高雄市,前金區,東金里,352,362554,1030,677,381,1393,1000.86,97.17
高雄市,前金區,林投里,323,435545,1348,521,335,878,6998.13,518.98
高雄市,前金區,後金里,339,314587,928,680,383,1106,834.03,89.88
高雄市,前金區,文東里,500,492929,986,640,360,1159,1234.28,125.20
高雄市,前金區,長生里,557,527401,947,735,378,1231,876.10,92.53
高雄市,前金區,博孝里,281,274055,975,643,362,1073,1303.70,133.67
高雄市,前金區,復元里,439,465290,1060,700,357,1285,1233.19,116.35
高雄市,前金區,社東里,630,677690,1076,691,382,1296,1278.86,118.89
高雄市,前金區,社西里,371,389396,1050,639,379,1239,1366.53,130.20
高雄市,前金區,國民里,350,412954,1180,676,335,1328,1605.83,136.10
高雄市,前金區,北金里,260,234099,900,531,310,1045,1776.65,197.32
高雄市,前金區,榮復里,378,292059,773,615,343,978,644.41,83.40
高雄市,前金區,文西里,383,329179,859,596,344,1035,816.40,94.99
高雄市,前金區,草江里,440,423028,961,647,374,1267,940.21,97.79
高雄市,前金區,長城里,403,302361,750,559,331,992,744.26,99.20
高雄市,前金區,三川里,214,161136,753,566,311,889,906.85,120.44
高雄市,苓雅區,中正里,1021,1665519,1631,866,450,1576,7814.31,479.03
高雄市,苓雅區,永康里,711,605103,851,651,359,1083,775.62,91.14
高雄市,苓雅區,林興里,401,285933,713,559,332,912,759.24,106.48
高雄市,苓雅區,朝陽里,460,394923,859,666,389,1125,684.52,79.73
高雄市,苓雅區,文昌里,1094,826649,756,567,320,972,652.11,86.30
高雄市,苓雅區,正義里,643,625859,973,632,385,1186,1005.65,103.32
高雄市,苓雅區,林泉里,689,858531,1246,895,443,1660,1169.93,93.89
高雄市,苓雅區,福壽里,400,298050,745,535,322,929,1175.24,157.72
高雄市,苓雅區,民主里,1256,1200077,955,707,410,1226,995.22,104.16
高雄市,苓雅區,光華里,203,141392,697,545,341,916,525.37,75.43
高雄市,苓雅區,五福里,1201,998769,832,611,352,1023,856.04,102.94
高雄市,苓雅區,城東里,586,560409,956,674,374,1397,896.99,93.80
高雄市,苓雅區,城西里,186,131543,707,537,299,840,667.53,94.39
高雄市,苓雅區,城北里,496,400825,808,601,324,995,784.50,97.08
高雄市,苓雅區,城中里,2,2535,1267,1267,774,1760,697.09,55.00
高雄市,苓雅區,博仁里,222,159659,719,515,333,871,697.14,96.93
高雄市,苓雅區,苓洲里,452,384254,850,636,361,1107,776.06,91.29
高雄市,苓雅區,苓昇里,369,294141,797,586,326,1006,886.31,111.19
高雄市,苓雅區,苓雅里,481,390931,813,561,339,1029,791.41,97.37
高雄市,苓雅區,苓中里,462,317606,687,532,321,888,573.77,83.46
高雄市,苓雅區,苓東里,454,302252,666,541,300,858,512.13,76.92
高雄市,苓雅區,意誠里,695,544914,784,591,356,952,754.11,96.18
高雄市,苓雅區,鼓中里,395,332178,841,526,290,940,1447.22,172.09
高雄市,苓雅區,田西里,504,446459,886,650,387,1062,842.20,95.08
高雄市,苓雅區,日中里,811,705223,870,578,351,1088,910.25,104.68
高雄市,苓雅區,美田里,427,366406,858,626,371,1099,745.12,86.83
高雄市,苓雅區,林西里,593,515598,869,630,326,1131,851.73,97.96
高雄市,苓雅區,林南里,1056,1240592,1175,727,387,1410,2528.15,215.20
高雄市,苓雅區,林德里,572,591252,1034,655,359,1254,2000.78,193.56
高雄市,苓雅區,福海里,315,227913,724,575,320,934,578.09,79.90
高雄市,苓雅區,福南里,576,399680,694,536,331,876,593.33,85.51
高雄市,苓雅區,福西里,536,338719,632,519,332,810,473.37,74.91
高雄市,苓雅區,福東里,742,554551,747,575,334,970,676.21,90.48
高雄市,苓雅區,仁政里,540,510513,945,642,346,1152,1066.62,112.82
高雄市,苓雅區,凱旋里,643,575609,895,729,405,1141,762.40,85.17
高雄市,苓雅區,人和里,657,526689,802,581,333,1034,776.80,96.90
高雄市,苓雅區,和煦里,707,600843,850,644,358,1111,715.49,84.19
高雄市,苓雅區,普照里,954,869821,912,641,370,1065,1182.79,129.73
高雄市,苓雅區,晴朗里,340,369585,1087,673,382,1351,1473.29,135.54
高雄市,苓雅區,廣澤里,606,567517,936,631,381,1166,1047.54,111.86
高雄市,苓雅區,奏捷里,547,410629,751,565,354,921,738.50,98.38
高雄市,苓雅區,林圍里,795,1054337,1326,825,430,1596,2029.90,153.06
高雄市,苓雅區,林靖里,561,489183,872,700,408,1192,649.00,74.43
高雄市,苓雅區,同慶里,484,713310,1474,925,472,1802,1638.92,111.21
高雄市,苓雅區,福隆里,869,711851,819,612,355,1085,712.23,86.95
高雄市,苓雅區,福康里,544,386651,711,561,363,866,624.47,87.86
高雄市,苓雅區,福人里,621,453752,731,551,335,912,692.76,94.81
高雄市,苓雅區,福地里,782,546853,699,536,335,879,675.84,96.64
高雄市,苓雅區,福居里,752,499282,664,518,325,877,505.70,76.17
高雄市,苓雅區,五權里,603,568795,943,701,374,1161,1073.32,113.79
高雄市,苓雅區,林中里,1060,956855,903,653,375,1196,973.45,107.84
高雄市,苓雅區,華堂里,997,911604,914,660,364,1109,891.43,97.49
高雄市,苓雅區,林華里,942,821033,872,637,371,1152,772.48,88.63
高雄市,苓雅區,林榮里,1256,1111909,885,663,385,1118,794.10,89.70
高雄市,苓雅區,正心里,1099,1064290,968,678,369,1273,985.15,101.73
高雄市,苓雅區,福祥里,360,267273,742,593,359,923,606.11,81.64
高雄市,苓雅區,安祥里,856,1150494,1344,827,434,1623,1859.75,138.37
高雄市,苓雅區,普天里,1023,1082106,1058,725,409,1372,1111.61,105.09
高雄市,苓雅區,林富里,678,1095340,1616,879,437,1944,2297.20,142.19
高雄市,苓雅區,正仁里,732,614946,840,607,385,1115,705.98,84.04
高雄市,苓雅區,林貴里,411,350700,853,657,354,1123,702.08,82.28
高雄市,苓雅區,正大里,1385,1342323,969,670,374,1154,2487.58,256.67
高雄市,苓雅區,正道里,1246,1055365,847,638,361,1115,732.53,86.49
高雄市,苓雅區,衛武里,583,456384,783,614,379,982,1110.29,141.83
高雄市,苓雅區,英明里,581,489834,843,620,378,1099,854.95,101.41
高雄市,苓雅區,尚義里,492,531285,1080,713,400,1364,1145.85,106.11
高雄市,苓雅區,林安里,523,493555,944,659,342,1233,967.09,102.48
高雄市,苓雅區,正文里,545,488001,895,657,349,1209,795.81,88.88
高雄市,苓雅區,正言里,852,835690,981,662,365,1184,2076.15,211.67
高雄市,苓雅區,建軍里,569,396497,697,523,330,861,644.25,92.45
高雄市,前鎮區,仁愛里,381,242491,636,513,325,770,534.06,83.91
高雄市,前鎮區,民權里,1285,1471050,1145,827,447,1404,2276.16,198.83
高雄市,前鎮區,明義里,529,355931,673,549,322,880,488.19,72.56
高雄市,前鎮區,忠誠里,466,291683,626,525,345,785,421.67,67.37
高雄市,前鎮區,平等里,444,336318,757,542,355,940,697.17,92.04
高雄市,前鎮區,忠孝里,674,588380,873,676,382,1117,809.73,92.76
高雄市,前鎮區,振興里,604,473125,783,586,332,945,758.83,96.87
高雄市,前鎮區,信義里,385,212904,553,475,277,711,375.31,67.87
高雄市,前鎮區,復國里,824,693919,842,652,370,1087,693.11,82.30
高雄市,前鎮區,興中里,877,617261,704,556,338,886,554.55,78.79
高雄市,前鎮區,鎮北里,275,189802,690,516,288,824,668.61,96.87
高雄市,前鎮區,草衙里,2376,1557942,656,537,330,822,512.16,78.11
高雄市,前鎮區,前鎮里,429,270417,630,477,309,785,544.82,86.43
高雄市,前鎮區,興邦里,639,509169,797,629,389,1021,660.32,82.87
高雄市,前鎮區,興化里,167,105137,630,468,293,833,486.97,77.35
高雄市,前鎮區,鎮中里,246,164165,667,487,337,760,794.23,119.01
高雄市,前鎮區,西甲里,588,480695,818,603,354,1054,708.32,86.64
高雄市,前鎮區,竹內里,770,533717,693,557,326,895,605.58,87.37
高雄市,前鎮區,西山里,1107,1079051,975,750,386,1281,937.01,96.13
高雄市,前鎮區,良和里,937,1006225,1074,779,417,1373,1005.69,93.65
高雄市,前鎮區,建隆里,243,185366,763,597,321,957,677.23,88.78
高雄市,前鎮區,忠純里,630,412818,655,546,345,853,454.04,69.29
高雄市,前鎮區,瑞竹里,291,194100,667,507,304,870,630.00,94.45
高雄市,前鎮區,鎮東里,524,356381,680,564,355,880,489.41,71.96
高雄市,前鎮區,興仁里,207,109237,528,427,313,682,320.69,60.77
高雄市,前鎮區,明道里,312,193575,620,500,323,763,493.36,79.52
高雄市,前鎮區,明禮里,399,237310,595,488,309,753,429.78,72.26
高雄市,前鎮區,瑞豐里,610,418750,686,528,332,901,564.39,82.22
高雄市,前鎮區,鎮陽里,269,175966,654,521,323,794,513.00,78.42
高雄市,前鎮區,盛興里,812,751140,925,652,375,1155,935.11,101.09
高雄市,前鎮區,鎮榮里,590,367471,623,525,317,780,459.42,73.76
高雄市,前鎮區,瑞南里,1164,790454,679,561,345,847,492.37,72.51
高雄市,前鎮區,瑞崗里,691,519320,752,560,328,935,723.71,96.30
高雄市,前鎮區,瑞東里,673,477400,709,577,378,889,518.68,73.12
高雄市,前鎮區,瑞北里,770,495967,644,510,333,808,461.17,71.60
高雄市,前鎮區,瑞西里,719,471923,656,532,326,834,501.42,76.39
高雄市,前鎮區,瑞興里,728,523515,719,584,357,918,511.21,71.09
高雄市,前鎮區,瑞和里,531,391670,738,559,348,851,1646.05,223.16
高雄市,前鎮區,瑞隆里,982,716636,730,584,341,967,568.69,77.93
高雄市,前鎮區,信德里,616,350199,569,466,302,725,402.95,70.88
高雄市,前鎮區,鎮昌里,562,348696,620,501,300,815,470.68,75.86
高雄市,前鎮區,明正里,912,620584,680,536,333,875,543.89,79.93
高雄市,前鎮區,竹西里,1115,900878,808,638,369,1067,633.59,78.42
高雄市,前鎮區,平昌里,191,119066,623,443,253,742,875.28,140.41
高雄市,前鎮區,明孝里,609,428350,703,530,300,850,899.23,127.85
高雄市,前鎮區,瑞祥里,1285,1059563,825,669,386,1082,646.91,78.46
高雄市,前鎮區,瑞平里,1084,818225,755,594,347,969,857.07,113.55
高雄市,前鎮區,德昌里,555,345572,623,500,303,851,476.88,76.59
高雄市,前鎮區,鎮海里,1117,794600,711,562,337,931,535.22,75.24
高雄市,前鎮區,竹東里,576,428107,743,584,362,981,551.45,74.20
高雄市,前鎮區,竹南里,728,519103,713,562,341,938,556.51,78.05
高雄市,前鎮區,竹北里,584,537892,921,656,371,1101,1300.86,141.24
高雄市,前鎮區,瑞誠里,648,491590,759,608,364,942,705.88,93.05
高雄市,前鎮區,瑞華里,1277,1022822,801,614,360,1041,648.13,80.92
高雄市,前鎮區,瑞昌里,727,503323,692,561,331,891,543.23,78.46
高雄市,前鎮區,瑞文里,654,456383,698,585,321,927,565.05,80.97
高雄市,前鎮區,竹中里,832,680582,818,583,317,1110,734.16,89.75
高雄市,前鎮區,盛豐里,902,707020,784,623,372,996,634.82,80.99
高雄市,前鎮區,興東里,1383,1284203,929,687,390,1186,863.36,92.98
高雄市,旗津區,中華里,277,153828,555,456,283,713,386.21,69.55
高雄市,旗津區,永安里,267,147560,553,450,247,706,442.23,80.02
高雄市,旗津區,中興里,414,233930,565,468,297,718,437.52,77.43
高雄市,旗津區,振興里,403,249143,618,473,288,739,618.88,100.11
高雄市,旗津區,復興里,623,312324,501,425,255,647,359.80,71.77
高雄市,旗津區,實踐里,281,149975,534,454,284,710,348.66,65.33
高雄市,旗津區,安順里,215,129369,602,507,279,739,462.12,76.80
高雄市,旗津區,慈愛里,481,236291,491,419,261,617,332.65,67.72
高雄市,旗津區,旗下里,351,199214,568,455,283,709,440.47,77.61
高雄市,旗津區,上竹里,520,312910,602,474,298,717,524.97,87.24
高雄市,旗津區,南汕里,355,197097,555,434,291,689,432.26,77.86
高雄市,旗津區,中洲里,324,187515,579,483,320,732,391.08,67.57
高雄市,旗津區,北汕里,513,246744,481,406,263,589,341.07,70.91
高雄市,小港區,港墘里,506,420146,830,633,370,1085,699.41,84.23
高雄市,小港區,合作里,563,375574,667,543,349,869,468.14,70.18
高雄市,小港區,海豐里,707,449046,635,527,346,817,452.34,71.22
高雄市,小港區,松山里,482,350139,726,561,362,991,533.11,73.39
高雄市,小港區,小港里,562,421073,749,538,319,937,1212.53,161.83
高雄市,小港區,鳳宮里,543,417378,769,654,365,1016,588.30,76.54
高雄市,小港區,店鎮里,1382,1049235,759,621,356,1049,575.87,75.85
高雄市,小港區,山東里,769,546034,710,599,360,936,466.42,65.69
高雄市,小港區,孔宅里,843,581777,690,585,352,916,474.52,68.76
高雄市,小港區,高松里,864,583248,675,543,320,884,495.11,73.34
高雄市,小港區,大坪里,263,177058,673,558,345,882,449.75,66.81
高雄市,小港區,坪頂里,279,169134,606,485,328,756,401.07,66.16
高雄市,小港區,鳳森里,473,336901,712,605,346,935,497.20,69.81
高雄市,小港區,鳳林里,644,457106,710,598,345,966,479.28,67.52
高雄市,小港區,鳳興里,468,322210,688,552,334,925,481.17,69.89
高雄市,小港區,鳳源里,709,473705,668,561,350,874,466.35,69.80
高雄市,小港區,鳳鳴里,664,459934,693,542,342,948,480.42,69.36
高雄市,小港區,海昌里,633,376478,595,505,324,756,389.67,65.52
高雄市,小港區,海原里,818,533919,653,544,351,832,467.66,71.65
高雄市,小港區,海城里,817,533226,653,552,343,852,445.39,68.24
高雄市,小港區,青島里,409,278200,680,553,342,915,479.50,70.49
高雄市,小港區,海澄里,1252,810134,647,528,351,790,477.01,73.72
高雄市,小港區,濟南里,833,633943,761,649,372,1048,500.03,65.70
高雄市,小港區,港口里,1026,1224849,1194,958,447,1641,1096.78,91.87
高雄市,小港區,港興里,606,471799,779,633,367,1071,561.43,72.11
高雄市,小港區,二苓里,899,662257,737,580,343,961,615.76,83.59
高雄市,小港區,大苓里,661,541631,819,674,388,1133,595.65,72.69
高雄市,小港區,中厝里,738,477537,647,546,334,826,444.51,68.70
高雄市,小港區,山明里,1362,995730,731,623,357,980,544.29,74.45
高雄市,小港區,廈莊里,532,375617,706,601,347,971,465.56,65.94
高雄市,小港區,桂林里,1666,1213954,729,604,369,953,520.74,71.46
高雄市,小港區,龍鳳里,659,504601,766,632,362,1054,691.72,90.34
高雄市,小港區,港南里,390,298114,764,599,352,1031,622.88,81.49
高雄市,小港區,港明里,880,619976,705,553,354,917,535.59,76.02
高雄市,小港區,港后里,552,403117,730,570,315,988,587.38,80.43
高雄市,小港區,港正里,900,763760,849,747,389,1198,598.94,70.58
高雄市,小港區,松金里,573,452900,790,641,388,1026,986.51,124.81
高雄市,小港區,泰山里,628,508764,810,692,427,1101,549.14,67.78
高雄市,小港區,三苓里,755,593885,787,622,359,1094,618.96,78.69
高雄市,小港區,正苓里,1011,809819,801,667,371,1105,640.75,79.99
高雄市,小港區,順苓里,1038,853497,822,723,417,1100,541.64,65.87
高雄市,小港區,宏亮里,685,524021,765,616,351,1021,591.43,77.31
高雄市,小港區,六苓里,418,352393,843,698,387,1206,576.37,68.37
新北市,新莊市,自強里,749,414958,554,459,298,691,416.24,75.13
新北市,新莊市,中華里,484,313630,648,528,350,811,514.86,79.45
新北市,新莊市,民有里,902,662456,734,612,384,916,557.55,75.92
新北市,新莊市,建安里,1586,1144127,721,585,374,918,532.04,73.75
新北市,新莊市,光明里,1041,696138,669,548,355,828,500.83,74.89
新北市,新莊市,仁愛里,839,501838,598,466,315,702,891.54,149.05
新北市,新莊市,昌隆里,897,774602,864,696,431,1102,777.51,90.04
新北市,新莊市,龍安里,650,411815,634,483,318,762,531.93,83.96
新北市,新莊市,全安里,1255,903174,720,555,345,904,585.96,81.42
新北市,新莊市,龍福里,530,396069,747,664,398,998,470.12,62.91
新北市,新莊市,幸福里,1255,763442,608,509,326,765,462.32,76.00
新北市,新莊市,富民里,839,607491,724,604,385,909,615.11,84.95
新北市,新莊市,和平里,1313,900063,686,535,346,842,585.34,85.39
新北市,新莊市,恆安里,1358,1083714,798,580,355,1031,699.47,87.65
新北市,新莊市,中原里,1895,1417269,748,591,382,931,626.99,83.83
新北市,新莊市,民安里,1445,998314,691,554,356,857,610.00,88.29
新北市,新莊市,南港里,1248,902863,723,569,360,910,673.99,93.16
新北市,新莊市,後港里,1879,1440575,767,601,365,965,623.99,81.39
新北市,新莊市,中和里,1397,1094273,783,562,349,879,1921.74,245.34
新北市,新莊市,福興里,1017,823077,809,632,402,971,848.11,104.79
新北市,新莊市,裕民里,1616,1038029,642,514,325,790,613.87,95.57
新北市,新莊市,豐年里,1100,749331,681,544,355,848,499.38,73.31
新北市,新莊市,四維里,1198,756997,632,521,333,792,505.84,80.05
新北市,新莊市,忠孝里,1359,975384,718,553,346,882,680.36,94.79
新北市,新莊市,立德里,871,812256,933,659,380,1135,1144.70,122.75
新北市,新莊市,萬安里,907,556232,613,523,329,798,403.26,65.76
新北市,新莊市,信義里,1322,880699,666,520,323,800,563.19,84.54
新北市,新莊市,光華里,1538,1047678,681,542,350,847,569.72,83.63
新北市,新莊市,光榮里,1003,684945,683,555,339,877,609.36,89.23
新北市,新莊市,光正里,813,579067,712,566,365,891,628.46,88.23
新北市,新莊市,八德里,891,562940,632,503,323,805,484.18,76.63
新北市,新莊市,仁義里,926,571337,617,504,332,770,470.69,76.29
新北市,新莊市,自立里,1292,775113,600,492,320,756,448.35,74.73
新北市,新莊市,龍鳳里,1550,1127405,727,590,378,917,537.10,73.84
新北市,新莊市,海山里,1624,1149140,708,552,341,915,550.89,77.85
新北市,新莊市,文衡里,752,610905,812,565,350,975,823.31,101.35
新北市,新莊市,興漢里,1178,946683,804,597,353,1026,708.97,88.22
新北市,新莊市,榮和里,976,833186,854,604,360,1043,838.40,98.21
新北市,新莊市,文德里,538,470387,874,606,396,985,1353.75,154.83
新北市,新莊市,文明里,588,553388,941,593,369,1027,1441.11,153.12
新北市,新莊市,中港里,1706,1415494,830,587,360,991,912.36,109.96
新北市,新莊市,頭前里,1321,950351,719,533,310,840,926.99,128.85
新北市,新莊市,丹鳳里,1937,1232067,636,534,346,817,425.18,66.85
新北市,新莊市,西盛里,1711,1395798,816,573,350,914,1104.00,135.33
新北市,新莊市,瓊林里,1632,1083539,664,517,333,806,708.79,106.76
新北市,新莊市,營盤里,852,723599,849,623,371,1063,782.93,92.19
新北市,新莊市,國泰里,583,407698,699,533,363,844,663.39,94.86
新北市,新莊市,立人里,709,591789,835,646,376,1089,689.76,82.64
新北市,新莊市,思源里,1651,1204915,730,545,342,871,764.20,104.71
新北市,新莊市,化成里,928,718940,775,522,325,824,1247.34,161.01
新北市,新莊市,福基里,940,717459,763,579,365,915,734.38,96.22
新北市,新莊市,思賢里,949,628666,662,530,335,824,528.48,79.78
新北市,新莊市,中美里,1660,1201958,724,558,345,904,689.00,95.16
新北市,新莊市,中泰里,1304,826420,634,515,318,794,501.68,79.16
新北市,新莊市,立言里,1527,1262684,827,598,368,972,1285.43,155.45
新北市,新莊市,立功里,1132,683594,604,483,314,750,460.21,76.21
新北市,新莊市,立志里,1141,771152,676,516,339,823,535.72,79.27
新北市,新莊市,中誠里,636,399648,628,506,315,759,689.36,109.70
新北市,新莊市,富國里,784,489464,624,506,324,785,552.18,88.45
新北市,新莊市,民本里,836,486310,582,477,307,739,428.55,73.67
新北市,新莊市,合鳳里,1214,773204,637,538,332,825,438.21,68.80
新北市,新莊市,雙鳳里,1281,1009899,788,557,332,897,1815.57,230.29
新北市,新莊市,自信里,673,423628,629,502,317,816,498.07,79.13
新北市,新莊市,全泰里,1632,1458143,893,658,399,1150,955.17,106.91
新北市,新莊市,立泰里,1382,1017814,736,566,346,903,657.16,89.23
新北市,新莊市,立基里,1664,1450485,872,620,380,1069,933.38,107.08
新北市,新莊市,中宏里,947,626474,662,543,337,823,534.45,80.79
新北市,新莊市,中全里,933,559448,600,479,317,756,463.15,77.24
新北市,新莊市,中隆里,882,607365,689,558,344,875,520.14,75.53
新北市,新莊市,中信里,1823,1352316,742,594,370,943,626.36,84.44
新北市,新莊市,建福里,701,541384,772,624,395,952,1180.32,152.83
新北市,新莊市,文聖里,1181,1004225,850,608,364,1038,826.67,97.22
新北市,新莊市,福營？,779,596336,766,558,336,919,1036.82,135.44
新北市,新莊市,後德里,783,666988,852,661,409,1087,719.76,84.50
新北市,新莊市,昌平里,1122,937417,835,677,419,1044,759.50,90.90
新北市,新莊市,昌明里,995,767495,771,581,375,973,614.44,79.66
新北市,新莊市,成德里,1092,710185,650,550,338,837,465.65,71.60
新北市,新莊市,昌信里,677,571883,845,657,401,1109,694.72,82.24
新北市,新莊市,中平里,1982,1828356,922,729,432,1156,829.72,89.94
新北市,新莊市,立廷里,815,613791,753,594,360,1010,562.44,74.68
新北市,新莊市,泰豐里,642,460911,718,536,346,840,985.88,137.32
新北市,新莊市,祥鳳里,600,449457,749,602,383,952,594.23,79.33
新北市,新莊市,民全里,786,604803,769,590,354,939,957.74,124.47
新北市,新莊市,光和里,567,391746,691,591,369,858,493.22,71.39
新北市,林口鄉,東林村,1362,1001500,735,540,350,851,1035.80,140.86
新北市,林口鄉,林口村,1201,846144,705,557,353,899,595.45,84.52
新北市,林口鄉,西林村,1205,999085,829,590,363,980,993.00,119.77
新北市,林口鄉,湖北村,392,241889,617,512,343,773,436.88,70.80
新北市,林口鄉,菁湖村,1278,1440713,1127,710,413,1306,2824.60,250.56
新北市,林口鄉,湖南村,455,351950,774,564,373,953,739.36,95.58
新北市,林口鄉,南勢村,2197,2160111,983,701,430,1135,1077.27,109.57
新北市,林口鄉,頂福村,324,300137,926,467,321,745,5648.12,609.72
新北市,林口鄉,下福村,365,241729,662,521,336,761,634.58,95.82
新北市,林口鄉,嘉寶村,241,153069,635,493,318,804,538.39,84.77
新北市,林口鄉,瑞平村,153,96830,633,504,316,739,627.34,99.13
新北市,林口鄉,太平村,246,155287,631,546,377,820,400.28,63.41
新北市,林口鄉,中湖村,786,521801,664,499,330,802,587.24,88.46
新北市,林口鄉,東勢村,2099,1821431,868,635,397,1024,872.40,100.53
新北市,五股鄉,興珍村,1527,1215161,796,546,336,903,1869.54,234.93
新北市,五股鄉,更寮村,431,285351,662,511,329,805,615.69,93.00
新北市,五股鄉,集福村,827,573587,694,557,341,863,579.61,83.57
新北市,五股鄉,觀音村,412,250601,608,466,290,741,526.21,86.51
新北市,五股鄉,成州村,1261,781582,620,487,310,784,571.41,92.19
新北市,五股鄉,五股村,1212,888377,733,540,345,851,802.87,109.53
新北市,五股鄉,五龍村,403,250985,623,490,309,773,505.48,81.16
新北市,五股鄉,德音村,1455,1248367,858,654,400,1069,810.51,94.47
新北市,五股鄉,貿商村,162,111731,690,539,370,786,679.56,98.53
新北市,五股鄉,陸一村,460,264944,576,487,321,738,398.72,69.23
新北市,五股鄉,成功村,1105,682177,617,499,322,785,470.29,76.18
新北市,五股鄉,五福村,958,684749,715,553,342,867,639.22,89.43
新北市,五股鄉,成德村,677,428973,634,494,320,753,897.38,141.62
新北市,五股鄉,德泰村,1452,972539,670,546,340,876,501.59,74.89
新北市,五股鄉,六福村,814,571081,702,593,373,902,492.45,70.19
新北市,五股鄉,集賢村,846,538108,636,524,338,792,549.26,86.35
新北市,五股鄉,民義村,723,468785,648,522,331,788,503.91,77.72
新北市,五股鄉,成泰村,841,542955,646,523,332,787,510.09,79.01
新北市,五股鄉,水碓村,1764,1283466,728,570,367,906,650.36,89.39
新北市,蘆洲市,中華里,817,543446,665,497,322,818,674.00,101.33
新北市,蘆洲市,光明里,1018,761048,748,539,340,911,954.27,127.65
新北市,蘆洲市,永康里,1301,987731,759,610,383,925,617.26,81.30
新北市,蘆洲市,仁愛里,1188,799966,673,526,334,842,590.42,87.68
新北市,蘆洲市,仁德里,1198,783415,654,534,337,817,505.35,77.28
新北市,蘆洲市,延平里,805,573619,713,585,387,886,522.19,73.28
新北市,蘆洲市,永樂里,1323,1054700,797,602,380,957,1089.58,136.68
新北市,蘆洲市,正義里,90,82300,914,572,337,876,1913.73,209.28
新北市,蘆洲市,成功里,1321,983550,745,594,379,900,677.79,91.03
新北市,蘆洲市,中原里,933,632568,678,532,334,813,618.94,91.29
新北市,蘆洲市,永安里,915,694214,759,580,356,917,758.74,100.00
新北市,蘆洲市,南港里,1185,839092,708,561,348,891,573.18,80.95
新北市,蘆洲市,福安里,712,474781,667,509,323,836,523.62,78.52
新北市,蘆洲市,長安里,1035,688115,665,542,346,813,692.36,104.14
新北市,蘆洲市,忠孝里,491,359948,733,600,381,900,604.17,82.41
新北市,蘆洲市,復興里,788,504854,641,514,340,792,570.02,88.97
新北市,蘆洲市,信義里,923,617745,669,499,336,790,655.43,97.93
新北市,蘆洲市,樹德里,875,683577,781,524,351,811,2865.43,366.78
新北市,蘆洲市,光華里,1309,887299,678,551,348,831,513.19,75.71
新北市,蘆洲市,水湳里,1792,1301428,726,546,352,884,726.10,99.98
新北市,蘆洲市,仁義里,725,480125,662,529,340,826,513.30,77.51
新北市,蘆洲市,溪墘里,885,572143,646,535,326,809,498.87,77.17
新北市,蘆洲市,樓厝里,1283,903235,704,546,345,866,572.15,81.27
新北市,蘆洲市,保和里,695,479465,690,539,332,854,574.48,83.27
新北市,蘆洲市,得勝里,898,719667,801,526,317,819,2051.92,256.04
新北市,蘆洲市,仁復里,530,359750,679,499,311,810,756.23,111.41
新北市,蘆洲市,中路里,969,601762,621,496,318,768,470.95,75.84
新北市,蘆洲市,保佑里,901,541785,601,490,317,740,464.11,77.18
新北市,蘆洲市,恆德里,1452,1073846,740,565,349,911,645.17,87.24
新北市,蘆洲市,鷺江里,1215,846584,697,558,352,859,604.38,86.74
新北市,蘆洲市,玉清里,1031,740072,718,557,353,908,589.97,82.19
新北市,蘆洲市,水河里,1745,1227960,704,554,360,887,680.55,96.71
新北市,蘆洲市,忠義里,544,355407,653,526,355,795,538.49,82.42
新北市,蘆洲市,九芎里,1192,789749,663,532,330,825,558.93,84.36
新北市,蘆洲市,得仁里,733,496911,678,507,329,791,1059.53,156.29
新北市,蘆洲市,保新里,694,434401,626,504,309,755,507.79,81.13
新北市,蘆洲市,民和里,746,439677,589,475,308,716,534.75,90.73
新北市,蘆洲市,永德里,828,535200,646,522,331,829,463.95,71.78
新北市,三重市,自強里,496,324845,655,552,336,818,470.62,71.86
新北市,三重市,介壽里,369,255633,693,501,326,787,798.44,115.25
新北市,三重市,中正里,416,298533,718,520,319,890,677.08,94.35
新北市,三重市,三民里,875,647276,740,521,330,889,773.11,104.51
新北市,三重市,慈祐里,1065,673621,633,502,330,754,530.02,83.80
新北市,三重市,光明里,1684,1275879,758,559,344,930,657.87,86.83
新北市,三重市,龍門里,503,337045,670,505,322,836,636.88,95.05
新北市,三重市,錦安里,509,314434,618,497,317,802,448.59,72.62
新北市,三重市,幸福里,1244,892169,717,516,326,822,979.63,136.59
新北市,三重市,雙園里,298,211373,709,545,339,926,567.89,80.06
新北市,三重市,仁德里,636,424398,667,496,306,783,702.61,105.29
新北市,三重市,富福里,482,292911,608,490,306,757,462.17,76.05
新北市,三重市,福星里,286,189288,662,535,315,788,545.81,82.47
新北市,三重市,萬壽里,534,377542,707,547,348,852,590.08,83.46
新北市,三重市,大有里,1246,910920,731,549,348,872,751.82,102.84
新北市,三重市,正義里,576,472222,820,515,326,813,2093.90,255.41
新北市,三重市,中山里,767,565371,737,540,337,897,630.61,85.55
新北市,三重市,成功里,1307,982850,752,597,374,938,583.30,77.57
新北市,三重市,中央里,438,289084,660,517,297,842,532.58,80.69
新北市,三重市,永安里,864,558850,647,510,341,791,557.66,86.22
新北市,三重市,福德里,1071,754844,705,549,354,902,576.10,81.74
新北市,三重市,福安里,838,528131,630,503,316,778,611.68,97.06
新北市,三重市,承德里,474,306889,647,504,340,814,493.56,76.23
新北市,三重市,永福里,1247,833210,668,506,331,785,674.91,101.01
新北市,三重市,文化里,724,604039,834,576,363,968,969.49,116.20
新北市,三重市,長安里,616,429216,697,547,357,843,576.04,82.67
新北市,三重市,大同里,540,426337,790,559,349,937,1179.72,149.42
新北市,三重市,吉利里,398,255961,643,503,318,820,554.98,86.29
新北市,三重市,中興里,1188,877709,739,514,327,893,1047.73,141.81
新北市,三重市,永吉里,747,449155,601,493,311,749,464.05,77.18
新北市,三重市,六合里,1066,683980,642,521,335,773,591.30,92.16
新北市,三重市,永春里,441,295461,670,524,328,875,501.98,74.92
新北市,三重市,五常里,1059,662471,626,495,327,749,647.23,103.46
新北市,三重市,忠孝里,487,322115,661,519,327,823,513.54,77.64
新北市,三重市,立德里,892,646806,725,549,327,865,663.68,91.53
新北市,三重市,民生里,1169,762884,653,511,338,798,531.60,81.46
新北市,三重市,平和里,405,251826,622,490,335,740,474.41,76.30
新北市,三重市,中民里,361,231399,641,512,332,809,456.72,71.25
新北市,三重市,永興里,486,351058,722,548,326,870,747.69,103.51
新北市,三重市,光華里,565,391519,693,534,343,800,613.34,88.51
新北市,三重市,大安里,440,269483,612,519,348,742,456.43,74.52
新北市,三重市,光榮里,369,257431,698,516,335,819,668.55,95.83
新北市,三重市,光正里,454,362500,798,587,369,1006,719.42,90.10
新北市,三重市,田心里,1162,753817,649,515,320,787,524.10,80.79
新北市,三重市,大德里,241,182612,758,574,341,940,704.56,92.98
新北市,三重市,博愛里,1149,789630,687,557,351,856,539.51,78.50
新北市,三重市,德厚里,186,126394,680,488,318,851,559.29,82.30
新北市,三重市,五福里,662,374838,566,472,305,730,392.39,69.30
新北市,三重市,仁義里,355,241440,680,528,343,852,567.01,83.37
新北市,三重市,崇德里,1006,606136,603,494,317,760,446.23,74.06
新北市,三重市,同安里,363,208478,574,448,298,729,446.97,77.83
新北市,三重市,正德里,350,301852,862,559,350,886,1565.66,181.54
新北市,三重市,開元里,442,273079,618,477,322,747,493.90,79.94
新北市,三重市,三安里,779,548999,705,529,338,812,661.22,93.82
新北市,三重市,安慶里,565,348643,617,510,334,768,453.79,73.54
新北市,三重市,慈愛里,959,529843,552,462,310,681,395.10,71.51
新北市,三重市,永清里,1323,863984,653,523,325,807,566.77,86.79
新北市,三重市,光輝里,527,366841,696,509,336,849,613.70,88.16
新北市,三重市,長生里,275,183745,668,529,305,893,521.09,77.99
新北市,三重市,同慶里,468,353431,755,542,328,903,710.52,94.08
新北市,三重市,福隆里,1056,790781,749,553,337,878,837.62,111.85
新北市,三重市,永德里,1229,770040,627,504,339,761,478.35,76.35
新北市,三重市,二重里,634,382455,603,479,305,746,594.15,98.49
新北市,三重市,五谷里,755,551333,730,542,334,882,751.69,102.94
新北市,三重市,福祉里,1027,780707,760,581,357,957,654.08,86.04
新北市,三重市,過田里,1669,1379548,827,616,378,1022,813.94,98.47
新北市,三重市,溪美里,1675,1106246,660,541,344,808,521.48,78.96
新北市,三重市,厚德里,943,641228,680,549,337,857,547.01,80.44
新北市,三重市,慈化里,630,392536,623,487,327,748,503.42,80.80
新北市,三重市,福利里,586,446338,762,590,354,981,686.48,90.13
新北市,三重市,清和里,993,752228,758,570,358,943,675.61,89.19
新北市,三重市,錦通里,488,297773,610,489,325,781,430.63,70.57
新北市,三重市,大園里,676,469974,695,510,330,808,962.21,138.40
新北市,三重市,菜寮里,546,355093,650,521,340,793,494.46,76.03
新北市,三重市,長泰里,661,433523,656,509,331,800,590.25,90.00
新北市,三重市,長元里,678,424144,626,509,318,787,455.67,72.84
新北市,三重市,長江里,537,350967,654,526,350,801,491.25,75.16
新北市,三重市,錦江里,615,397364,646,495,334,726,773.18,119.67
新北市,三重市,重新里,454,349636,770,596,338,970,663.57,86.16
新北市,三重市,國隆里,643,473356,736,563,358,907,611.49,83.06
新北市,三重市,重陽里,892,629582,706,554,355,884,529.13,74.97
新北市,三重市,信安里,468,313500,670,519,329,826,628.16,93.77
新北市,三重市,順德里,545,335598,616,505,337,755,470.46,76.40
新北市,三重市,瑞德里,608,408247,671,540,350,813,668.34,99.54
新北市,三重市,尚德里,851,547011,643,519,323,782,528.61,82.24
新北市,三重市,培德里,950,706705,744,548,341,905,737.87,99.19
新北市,三重市,頂崁里,708,585031,826,572,351,930,1792.49,216.93
新北市,三重市,谷王里,388,282385,728,516,339,790,1013.25,139.22
新北市,三重市,重明里,727,527148,725,552,363,900,634.13,87.45
新北市,三重市,光田里,1303,990929,760,551,346,926,751.18,98.77
新北市,三重市,慈生里,585,357858,612,496,342,774,447.23,73.11
新北市,三重市,碧華里,766,557057,727,532,347,861,761.63,104.73
新北市,三重市,長福里,417,228138,547,459,311,703,368.07,67.28
新北市,三重市,奕壽里,419,287299,686,523,318,807,705.57,102.90
新北市,三重市,正安里,535,394381,737,522,332,902,663.53,90.01
新北市,三重市,秀江里,379,273518,722,526,328,875,823.64,114.13
新北市,三重市,龍濱里,743,482948,650,516,343,797,512.96,78.92
新北市,三重市,富華里,631,356345,565,477,304,737,404.11,71.56
新北市,三重市,田安里,1681,1205997,717,544,356,857,787.35,109.75
新北市,三重市,慈惠里,596,320629,538,451,313,640,380.99,70.82
新北市,三重市,慈福里,576,314789,547,464,302,676,369.49,67.61
新北市,三重市,永盛里,829,523565,632,500,338,745,725.91,114.94
新北市,三重市,福民里,872,793947,910,528,339,879,4784.90,525.53
新北市,三重市,田中里,1511,990703,656,515,331,798,539.45,82.28
新北市,三重市,維德里,744,478762,643,505,309,797,535.15,83.16
新北市,三重市,五華里,873,536402,614,496,323,755,465.31,75.73
新北市,三重市,永煇里,598,384279,643,535,330,795,514.79,80.11
新北市,三重市,錦田里,628,532353,848,558,355,935,1599.67,188.71
新北市,三重市,六福里,1300,883208,679,540,332,844,559.01,82.28
新北市,三重市,光陽里,1756,1391446,792,589,363,962,838.16,105.78
新北市,三重市,福田里,906,673456,743,561,358,909,704.66,94.80
新北市,三重市,仁忠里,738,415842,563,480,308,698,402.07,71.36
新北市,三重市,富貴里,826,491548,595,482,309,720,469.87,78.96
新北市,三重市,永豐里,1065,660228,620,488,309,709,1040.33,167.81
新北市,三重市,永順里,1031,621628,603,491,306,766,461.98,76.62
新北市,三重市,永發里,1305,944924,724,546,356,882,737.35,101.83
新北市,三重市,福樂里,894,551342,617,487,310,731,610.75,99.03
新北市,三重市,仁華里,937,592285,632,509,326,785,518.87,82.09
新北市,三重市,五順里,866,529583,612,509,352,759,447.16,73.12
新北市,泰山鄉,黎明村,841,576830,686,547,350,839,547.21,79.78
新北市,泰山鄉,大科村,352,253586,720,592,380,1000,506.87,70.36
新北市,泰山鄉,山？村,1688,1181397,700,546,334,859,650.80,92.99
新北市,泰山鄉,楓樹村,903,576122,638,512,328,769,529.42,82.98
新北市,泰山鄉,同榮村,1029,772972,751,563,346,882,1098.86,146.28
新北市,泰山鄉,義學村,1131,766785,678,556,349,864,506.56,74.72
新北市,泰山鄉,明志村,1137,863696,760,577,358,952,683.36,89.96
新北市,泰山鄉,貴子村,1219,1010285,829,658,388,1106,620.10,74.82
新北市,泰山鄉,貴和村,1560,1070745,686,540,359,894,559.85,81.57
新北市,泰山鄉,福泰村,1556,1065092,685,527,339,824,686.22,100.25
新北市,泰山鄉,同興村,747,566391,758,589,354,929,648.03,85.47
新北市,泰山鄉,義仁村,1507,1082278,718,546,355,881,614.87,85.62
新北市,泰山鄉,泰友村,638,475932,746,594,383,1015,518.06,69.45
新北市,泰山鄉,新明村,1005,683915,681,555,351,888,486.62,71.51
新北市,泰山鄉,貴賢村,1146,930410,812,636,390,1048,713.29,87.86
新北市,新店市,中正里,2161,1995824,924,660,396,1113,1079.02,116.83
新北市,新店市,中華里,1183,1067255,902,684,383,1160,815.95,90.44
新北市,新店市,吉祥里,1216,1258086,1035,738,420,1288,1248.38,120.66
新北市,新店市,德安里,2321,1915365,825,626,385,1035,768.62,93.14
新北市,新店市,仁愛里,903,875043,969,709,427,1256,870.31,89.81
新北市,新店市,建國里,877,853757,973,712,420,1143,2043.21,209.88
新北市,新店市,新和里,1095,889498,812,650,401,1055,600.87,73.97
新北市,新店市,新安里,1177,1058572,899,656,383,1114,826.38,91.88
新北市,新店市,和平里,217,119921,553,434,314,650,423.00,76.54
新北市,新店市,新生里,1702,1590587,935,702,412,1152,859.30,91.95
新北市,新店市,中山里,459,447359,975,685,380,1119,1209.87,124.13
新北市,新店市,中央里,1473,1945040,1320,954,514,1664,1384.63,104.86
新北市,新店市,永安里,1419,983534,693,581,359,906,496.89,71.69
新北市,新店市,百福里,978,944351,966,687,397,1245,867.06,89.80
新北市,新店市,福德里,1227,1076367,877,650,399,1087,773.91,88.22
新北市,新店市,忠誠里,910,883988,971,710,420,1201,905.35,93.20
新北市,新店市,大同里,1253,1226349,979,654,391,1205,2176.65,222.40
新北市,新店市,中興里,1660,1665494,1003,736,428,1296,983.82,98.06
新北市,新店市,長春里,824,1466062,1779,1070,542,1833,8366.06,470.21
新北市,新店市,忠孝里,929,752395,810,612,389,982,841.87,103.95
新北市,新店市,復興里,1104,870780,789,583,360,965,815.47,103.39
新北市,新店市,信義里,2164,2026323,936,662,388,1174,995.63,106.33
新北市,新店市,明德里,1376,1341741,975,705,433,1233,935.22,95.91
新北市,新店市,大鵬里,474,433403,914,709,422,1202,724.17,79.20
新北市,新店市,永平里,1273,1005088,790,633,392,1036,577.98,73.20
新北市,新店市,新店里,581,447217,770,552,346,947,724.53,94.13
新北市,新店市,安和里,1374,1067292,777,615,389,957,631.46,81.29
新北市,新店市,大豐里,1220,1220845,1001,723,413,1238,1041.85,104.11
新北市,新店市,寶興里,1493,1865971,1250,752,413,1369,3532.76,282.66
新北市,新店市,寶安里,1911,1815400,950,701,419,1222,849.95,89.47
新北市,新店市,文明里,755,598451,793,598,374,967,670.50,84.59
新北市,新店市,福民里,1349,1470250,1090,814,456,1427,1062.27,97.47
新北市,新店市,張北里,1872,1623301,867,626,372,1075,820.56,94.63
新北市,新店市,張南里,425,335346,789,575,375,1060,683.64,86.64
新北市,新店市,廣明里,283,226002,799,590,356,938,895.42,112.12
新北市,新店市,江陵里,1562,1753218,1122,743,423,1368,2268.35,202.09
新北市,新店市,百忍里,1315,1273651,969,620,383,1093,3567.29,368.31
新北市,新店市,青潭里,1304,1009920,774,586,365,974,755.50,97.55
新北市,新店市,員潭里,893,662719,742,580,379,943,583.93,78.68
新北市,新店市,雙坑里,245,151126,617,532,326,814,437.97,71.00
新北市,新店市,粗坑里,832,979399,1177,736,424,1321,1865.92,158.51
新北市,新店市,屈尺里,615,447174,727,547,348,890,630.89,86.77
新北市,新店市,廣興里,307,212862,693,500,320,765,1035.57,149.35
新北市,新店市,龜山里,418,285756,684,527,330,829,538.83,78.82
新北市,新店市,直潭里,218,149785,687,517,321,846,594.65,86.55
新北市,新店市,塗潭里,540,980826,1816,795,430,1885,3489.63,192.12
新北市,新店市,公崙里,2186,1831100,838,592,374,979,1357.38,162.05
新北市,新店市,柴埕里,2248,1880840,837,636,391,1046,796.73,95.23
新北市,新店市,雙城里,1584,1093049,690,552,345,879,558.36,80.92
新北市,新店市,頂城里,412,262047,636,484,320,768,805.31,126.61
新北市,新店市,下城里,613,523813,855,530,355,875,1290.42,151.01
新北市,新店市,文中里,484,405188,837,632,403,1059,662.67,79.16
新北市,新店市,國校里,669,572912,856,629,376,1053,1126.74,131.57
新北市,新店市,美潭里,1534,1365696,890,659,402,1117,829.01,93.12
新北市,新店市,太平里,944,856549,907,676,406,1109,1286.45,141.78
新北市,新店市,百和里,1039,963723,928,660,404,1166,952.34,102.67
新北市,新店市,國豐里,1182,1122207,949,691,406,1173,895.57,94.33
新北市,新店市,新德里,805,628461,781,603,368,959,715.64,91.67
新北市,新店市,五？里,2384,2494407,1046,733,419,1289,1359.89,129.97
新北市,新店市,玫瑰里,1510,1182573,783,623,383,1026,612.34,78.19
新北市,新店市,日興里,1353,903163,668,535,342,813,547.23,81.98
新北市,新店市,寶福里,1480,1269171,858,608,380,997,1504.02,175.39
新北市,新店市,明城里,1034,1224357,1184,888,460,1563,1060.44,89.56
新北市,新店市,小城里,1049,1195993,1140,804,443,1336,1817.65,159.42
新北市,新店市,香坡里,1629,1388444,852,668,426,1095,660.83,77.53
新北市,新店市,美城里,676,613097,907,621,398,1090,1215.50,134.02
新北市,新店市,安昌里,1117,1003844,899,703,433,1132,726.22,80.81
新北市,石碇鄉,石碇村,141,75188,533,436,309,644,343.40,64.40
新北市,石碇鄉,潭邊村,222,166599,750,537,330,853,794.94,105.93
新北市,石碇鄉,烏塗村,182,107416,590,438,289,658,611.39,103.59
新北市,石碇鄉,豐林村,93,56732,610,488,329,756,420.40,68.91
新北市,石碇鄉,隆盛村,255,148856,584,490,279,804,404.29,69.26
新北市,石碇鄉,中民村,275,148929,542,450,305,664,388.23,71.69
新北市,石碇鄉,永定村,222,123019,554,433,294,651,601.51,108.55
新北市,石碇鄉,光明村,69,43551,631,488,355,740,450.59,71.39
新北市,石碇鄉,彭山村,101,60144,595,475,323,764,442.14,74.25
新北市,石碇鄉,豐田村,152,100840,663,524,327,798,563.33,84.91
新北市,石碇鄉,格頭村,157,91383,582,452,308,669,467.53,80.32
新北市,石碇鄉,永安村,106,63495,599,523,313,782,367.18,61.30
新北市,石碇鄉,碧山村,12,14045,1170,499,372,845,1610.79,137.62
新北市,深坑鄉,深坑村,963,789591,820,634,390,1060,671.39,81.88
新北市,深坑鄉,萬順村,703,483030,687,559,346,867,530.06,77.14
新北市,深坑鄉,阿柔村,207,115365,557,478,330,710,364.41,65.39
新北市,深坑鄉,昇高村,500,420843,842,589,347,994,1192.32,141.66
新北市,深坑鄉,土庫村,716,497394,695,532,342,856,575.94,82.91
新北市,深坑鄉,埔新村,1300,1108056,852,632,386,1034,1079.09,126.60
新北市,深坑鄉,萬福村,627,403455,643,516,323,804,469.67,72.99
新北市,深坑鄉,賴仲村,540,481567,892,676,397,1129,826.03,92.63
新北市,坪林鄉,坪林村,319,217368,681,546,331,848,589.21,86.47
新北市,坪林鄉,水德村,171,110204,644,490,317,761,619.73,96.16
新北市,坪林鄉,大林村,233,154435,663,541,346,756,564.21,85.12
新北市,坪林鄉,上德村,180,110634,615,518,356,795,387.36,63.02
新北市,坪林鄉,漁光村,160,102217,639,535,302,781,720.68,112.81
新北市,坪林鄉,石？村,97,57387,592,504,308,675,444.41,75.12
新北市,坪林鄉,粗窟村,213,137226,644,512,336,731,662.86,102.89
新北市,烏來鄉,烏來村,447,335146,750,599,348,930,650.38,86.74
新北市,烏來鄉,忠治村,286,183765,643,549,348,815,469.55,73.08
新北市,烏來鄉,孝義村,76,52468,690,561,333,755,865.71,125.40
新北市,烏來鄉,信賢村,109,71562,657,543,338,867,490.00,74.64
新北市,烏來鄉,福山村,76,45421,598,547,294,813,403.39,67.50
新北市,板橋市,自強里,1786,1814716,1016,750,428,1316,908.87,89.45
新北市,板橋市,介壽里,862,651857,756,554,344,917,704.66,93.18
新北市,板橋市,中正里,1182,834905,706,527,348,871,951.12,134.65
新北市,板橋市,莊敬里,985,875876,889,688,417,1165,749.03,84.23
新北市,板橋市,仁愛里,974,713605,733,571,360,938,741.56,101.22
新北市,板橋市,龍安里,712,431689,606,490,315,749,487.80,80.45
新北市,板橋市,建國里,1004,681391,679,530,353,810,557.30,82.12
新北市,板橋市,光復里,838,570869,681,535,336,848,557.55,81.84
新北市,板橋市,幸福里,1111,729357,656,518,337,818,512.79,78.11
新北市,板橋市,華中里,1190,716639,602,507,320,767,411.22,68.28
新北市,板橋市,和平里,305,191135,627,527,300,790,469.74,74.96
新北市,板橋市,福星里,960,859144,895,674,404,1095,817.89,91.39
新北市,板橋市,華江里,1327,1104482,832,615,374,1058,715.59,85.98
新北市,板橋市,景星里,986,924408,938,652,391,1107,1117.01,119.14
新北市,板橋市,朝陽里,820,521159,636,503,322,775,490.77,77.22
新北市,板橋市,重慶里,2096,1604916,766,604,375,978,595.09,77.72
新北市,板橋市,民權里,871,683922,785,577,342,952,788.86,100.46
新北市,板橋市,新生里,1121,801037,715,576,348,938,530.65,74.26
新北市,板橋市,中山里,1141,688937,604,501,320,752,465.19,77.04
新北市,板橋市,永安里,839,600697,716,572,330,896,787.90,110.05
新北市,板橋市,民安里,684,534996,782,597,348,942,1146.34,146.56
新北市,板橋市,華興里,1074,907596,845,599,381,1061,756.25,89.49
新北市,板橋市,九如里,835,587304,703,543,351,848,685.71,97.49
新北市,板橋市,西安里,748,599485,801,570,351,967,921.75,115.01
新北市,板橋市,福德里,1460,1097982,752,577,360,943,679.59,90.37
新北市,板橋市,福安里,669,420256,628,523,331,809,462.52,73.63
新北市,板橋市,忠誠里,861,779736,906,698,425,1217,694.84,76.73
新北市,板橋市,陽明里,764,592577,776,553,326,925,931.44,120.09
新北市,板橋市,文化里,789,522195,662,532,335,825,481.51,72.75
新北市,板橋市,長安里,966,779070,806,659,386,1056,656.36,81.39
新北市,板橋市,振興里,1181,805576,682,531,333,834,578.12,84.75
新北市,板橋市,福壽里,732,642378,878,575,360,985,1816.44,206.99
新北市,板橋市,民生里,519,421216,812,580,348,953,929.48,114.53
新北市,板橋市,公？里,1008,732027,726,574,352,897,633.80,87.27
新北市,板橋市,復興里,244,147984,606,489,284,754,591.40,97.51
新北市,板橋市,信義里,1172,783927,669,540,335,844,520.48,77.81
新北市,板橋市,國光里,1213,1199321,989,705,421,1249,1660.44,167.94
新北市,板橋市,光華里,844,743914,881,634,370,1140,784.48,89.00
新北市,板橋市,大安里,1053,679981,646,506,327,768,547.17,84.73
新北市,板橋市,光榮里,716,531033,742,568,360,880,661.38,89.18
新北市,板橋市,新興里,789,564701,716,542,353,881,622.90,87.03
新北市,板橋市,金華里,1043,678168,650,532,326,822,501.97,77.20
新北市,板橋市,港尾里,728,701501,964,633,390,1131,1518.29,157.56
新北市,板橋市,廣福里,913,667839,731,572,363,922,662.26,90.54
新北市,板橋市,居仁里,805,566750,704,567,357,900,518.40,73.63
新北市,板橋市,東安里,571,403363,706,553,371,876,561.57,79.50
新北市,板橋市,大豐里,1327,985798,743,564,355,925,696.77,93.79
新北市,板橋市,溪北里,942,635064,674,531,315,849,554.72,82.28
新北市,板橋市,民族里,1107,900230,813,618,371,1037,730.56,89.84
新北市,板橋市,新民里,1195,903948,756,573,356,929,666.92,88.17
新北市,板橋市,自立里,785,568650,724,574,378,934,556.06,76.76
新北市,板橋市,莒光里,767,566160,738,548,337,899,690.70,93.57
新北市,板橋市,五權里,1124,743746,662,524,330,825,525.58,79.43
新北市,板橋市,海山里,1660,1521008,916,556,345,982,3098.71,338.19
新北市,板橋市,文德里,788,598556,760,596,368,933,615.26,81.00
新北市,板橋市,國泰里,849,692312,815,605,372,1028,761.96,93.44
新北市,板橋市,文聖里,809,587695,726,588,381,909,559.66,77.04
新北市,板橋市,富貴里,709,901175,1271,684,403,1357,2462.81,193.76
新北市,板橋市,留侯里,425,318105,748,543,329,935,783.94,104.74
新北市,板橋市,流芳里,473,404706,856,604,346,991,1000.42,116.92
新北市,板橋市,赤松里,276,315979,1145,618,379,1350,1728.81,151.01
新北市,板橋市,黃石里,379,310935,820,583,362,969,920.73,112.23
新北市,板橋市,挹秀里,613,717808,1171,734,401,1339,2842.33,242.73
新北市,板橋市,社後里,1603,1156298,721,545,343,915,581.90,80.67
新北市,板橋市,新埔里,723,527795,730,564,327,927,638.18,87.42
新北市,板橋市,江翠里,1285,989707,770,523,333,867,1101.09,142.96
新北市,板橋市,松翠里,992,740892,747,529,341,865,834.65,111.75
新北市,板橋市,嵐翠里,631,397397,630,495,330,744,535.71,85.06
新北市,板橋市,深丘里,1560,1512531,970,686,392,1195,1093.41,112.77
新北市,板橋市,埔墘里,1503,1109582,738,560,344,914,676.42,91.63
新北市,板橋市,港嘴里,1353,935561,691,544,335,859,568.99,82.29
新北市,板橋市,湳興里,1183,824488,697,523,331,845,705.42,101.22
新北市,板橋市,鄉雲里,969,765615,790,583,349,969,749.80,94.90
新北市,板橋市,溪洲里,1550,1043241,673,546,332,869,501.85,74.56
新北市,板橋市,崑崙里,1835,1295456,706,557,348,886,800.04,113.32
新北市,板橋市,浮洲里,960,627148,653,517,320,779,788.64,120.72
新北市,板橋市,香丘里,990,716658,724,550,353,908,608.36,84.04
新北市,板橋市,雙玉里,944,653677,692,547,355,866,532.94,76.96
新北市,板橋市,玉光里,1300,900414,693,546,356,867,535.40,77.30
新北市,板橋市,百壽里,638,430411,675,531,342,828,520.25,77.12
新北市,板橋市,漢生里,1363,1260084,924,670,394,1168,993.68,107.48
新北市,板橋市,聯翠里,1221,1045322,856,642,400,1061,1188.39,138.81
新北市,板橋市,宏翠里,735,468235,637,514,342,761,538.92,84.60
新北市,板橋市,華翠里,915,709163,775,559,348,996,686.69,88.60
新北市,板橋市,福翠里,449,273102,608,484,330,744,453.94,74.63
新北市,板橋市,埤墘里,889,608434,684,541,348,851,591.90,86.48
新北市,板橋市,廣新里,846,525457,621,493,330,770,467.85,75.32
新北市,板橋市,福丘里,679,692448,1020,680,402,1190,1138.13,111.60
新北市,板橋市,廣德里,1599,1389510,869,593,371,972,2363.38,271.97
新北市,板橋市,福祿里,986,842230,854,619,376,1070,807.41,94.52
新北市,板橋市,聚安里,1107,644581,582,488,320,725,417.64,71.73
新北市,板橋市,龍翠里,1070,737838,690,534,337,875,590.61,85.65
新北市,板橋市,柏翠里,880,715517,813,584,363,967,950.19,116.86
新北市,板橋市,文翠里,1129,900352,797,560,348,942,913.97,114.61
新北市,板橋市,青翠里,733,452277,617,508,332,769,441.86,71.61
新北市,板橋市,香社里,1150,805585,701,547,346,872,582.92,83.21
新北市,板橋市,東丘里,1171,825746,705,522,328,851,793.20,112.48
新北市,板橋市,華德里,1793,1326525,740,583,371,941,609.46,82.38
新北市,板橋市,港德里,1312,918398,700,539,342,844,610.87,87.27
新北市,板橋市,忠翠里,2356,2446919,1039,760,427,1335,1102.22,106.13
新北市,板橋市,明翠里,1225,796508,650,523,329,797,512.81,78.87
新北市,板橋市,滿翠里,800,484228,605,495,325,757,426.40,70.45
新北市,板橋市,新翠里,1879,1485710,791,603,375,1003,652.54,82.53
新北市,板橋市,溪頭里,1462,1006577,688,536,333,831,654.50,95.06
新北市,板橋市,吉翠里,873,539283,618,485,319,754,495.58,80.23
新北市,板橋市,純翠里,1335,912728,684,534,338,845,541.40,79.19
新北市,板橋市,長壽里,815,568728,698,568,332,917,537.32,77.00
新北市,板橋市,振義里,1059,700429,661,534,336,827,504.20,76.23
新北市,板橋市,光仁里,818,588210,719,538,353,883,658.42,91.56
新北市,板橋市,仁翠里,760,439787,579,475,316,710,436.63,75.45
新北市,板橋市,懷翠里,1343,898577,669,547,337,833,516.39,77.18
新北市,板橋市,德翠里,1362,988122,725,594,371,929,534.41,73.66
新北市,板橋市,僑中里,896,582556,650,530,335,816,516.69,79.47
新北市,板橋市,華貴里,771,523249,679,534,351,811,863.31,127.21
新北市,板橋市,華東里,1615,1705485,1056,718,405,1274,1406.39,133.18
新北市,板橋市,香雅里,734,507196,691,556,353,866,538.57,77.94
新北市,板橋市,後埔里,974,966882,993,692,405,1250,1045.32,105.30
新北市,板橋市,華福里,582,458766,788,617,378,1036,637.58,80.89
新北市,板橋市,大觀里,791,503414,636,521,326,820,449.38,70.61
新北市,板橋市,歡園里,274,183519,670,559,348,847,544.54,81.30
新北市,板橋市,成和里,1052,687976,654,523,327,812,626.69,95.83
新北市,板橋市,溪福里,2673,1979271,740,601,374,934,608.60,82.19
新北市,板橋市,堂春里,965,676338,701,563,350,878,521.36,74.39
新北市,板橋市,新海里,809,509911,630,511,321,790,461.33,73.19
新北市,板橋市,松柏里,540,347988,644,515,317,807,505.90,78.50
新北市,板橋市,正泰里,788,635931,807,599,353,979,936.89,116.09
新北市,三峽鎮,介壽里,1177,857517,729,542,345,860,1325.82,181.98
新北市,三峽鎮,中正里,1094,708037,647,512,309,787,605.99,93.63
新北市,三峽鎮,成福里,302,182603,605,475,298,746,649.07,107.35
新北市,三峽鎮,溪北里,671,379203,565,459,299,697,414.87,73.41
新北市,三峽鎮,溪東里,740,473661,640,517,315,789,542.65,84.78
新北市,三峽鎮,三峽里,136,90623,666,481,307,900,551.70,82.79
新北市,三峽鎮,秀川里,145,77342,533,480,268,744,350.32,65.68
新北市,三峽鎮,八張里,874,545163,624,519,323,796,456.34,73.16
新北市,三峽鎮,中埔里,488,297842,610,516,328,778,418.45,68.56
新北市,三峽鎮,礁溪里,1020,698456,685,557,336,884,514.70,75.16
新北市,三峽鎮,永？里,1610,1162344,722,539,330,894,698.35,96.73
新北市,三峽鎮,鳶山里,1950,1292918,663,521,329,836,592.03,89.29
新北市,三峽鎮,龍埔里,1736,1220604,703,540,340,889,587.14,83.51
新北市,三峽鎮,弘道里,269,148761,553,467,311,730,329.72,59.62
新北市,三峽鎮,大埔里,1103,739480,670,540,340,868,507.36,75.68
新北市,三峽鎮,嘉添里,646,405792,628,467,298,803,580.57,92.42
新北市,三峽鎮,添福里,318,184487,580,457,303,738,461.15,79.49
新北市,三峽鎮,溪南里,406,239280,589,452,271,749,518.19,87.92
新北市,三峽鎮,安坑里,381,221530,581,472,305,686,530.36,91.21
新北市,三峽鎮,竹崙里,513,312121,608,476,307,758,501.57,82.44
新北市,三峽鎮,金圳里,121,60932,504,374,259,555,416.88,82.78
新北市,三峽鎮,五寮里,221,117584,532,442,282,661,419.49,78.84
新北市,三峽鎮,插角里,218,130463,598,494,324,732,443.43,74.10
新北市,三峽鎮,有木里,195,107949,554,435,285,659,550.18,99.39
新北市,三峽鎮,安溪里,1708,1240888,727,579,358,911,619.81,85.31
新北市,三峽鎮,二？里,708,529787,748,565,324,912,1015.06,135.65
新北市,鶯歌鎮,永昌里,2071,1305827,631,511,334,805,467.83,74.20
新北市,鶯歌鎮,建國里,1431,907470,634,509,319,803,488.34,77.01
新北市,鶯歌鎮,大湖里,1362,989829,727,554,359,893,667.02,91.78
新北市,鶯歌鎮,東湖里,73,35586,487,412,273,676,266.01,54.57
新北市,鶯歌鎮,永吉里,1218,671880,552,458,301,714,378.98,68.70
新北市,鶯歌鎮,南靖里,916,569864,622,502,317,789,510.32,82.03
新北市,鶯歌鎮,中湖里,1466,864971,590,476,325,761,422.74,71.65
新北市,鶯歌鎮,同慶里,422,276680,656,488,290,774,720.21,109.85
新北市,鶯歌鎮,鳳鳴里,1234,743668,603,492,309,781,450.05,74.68
新北市,鶯歌鎮,東鶯里,338,246409,729,543,323,912,630.71,86.51
新北市,鶯歌鎮,西鶯里,641,455447,711,540,347,821,736.84,103.70
新北市,鶯歌鎮,南鶯里,1369,963730,704,535,332,892,621.79,88.33
新北市,鶯歌鎮,北鶯里,460,277818,604,492,312,751,457.42,75.74
新北市,鶯歌鎮,中鶯里,288,187092,650,480,317,828,501.10,77.14
新北市,鶯歌鎮,建德里,172,95025,552,461,284,656,408.98,74.03
新北市,鶯歌鎮,尖山里,1424,917588,644,508,322,782,529.59,82.19
新北市,鶯歌鎮,二橋里,1619,948636,586,487,317,743,417.34,71.23
新北市,鶯歌鎮,二甲里,291,159481,548,464,285,689,401.35,73.23
新北市,鶯歌鎮,鳳福里,1186,754699,636,531,341,825,429.60,67.51
新北市,鶯歌鎮,鳳祥里,1158,688722,595,486,315,740,510.35,85.81
新北市,樹林市,中華里,771,538130,698,571,351,885,558.00,79.95
新北市,樹林市,和平里,1118,704158,630,507,320,804,474.93,75.40
新北市,樹林市,保安里,1677,1228587,733,556,346,894,716.10,97.75
新北市,樹林市,中山里,1023,617868,604,491,295,777,495.25,82.00
新北市,樹林市,東山里,993,672599,677,505,301,773,1157.84,170.94
新北市,樹林市,大同里,899,667072,742,600,397,893,618.46,83.35
新北市,樹林市,文林里,1310,934359,713,565,347,916,570.28,79.96
新北市,樹林市,東昇里,1102,830846,754,588,365,918,872.48,115.72
新北市,樹林市,樹德里,1147,856188,746,560,351,872,720.85,96.57
新北市,樹林市,光興里,948,652238,688,591,361,874,556.65,80.91
新北市,樹林市,西山里,38,26891,708,643,359,969,437.52,61.83
新北市,樹林市,樹東里,369,289523,785,612,343,1002,689.47,87.87
新北市,樹林市,彭厝里,1182,767266,649,553,342,838,444.66,68.50
新北市,樹林市,樹西里,1547,1334702,863,626,387,1080,836.18,96.92
新北市,樹林市,坡內里,431,256703,596,512,313,732,426.58,71.62
新北市,樹林市,樹北里,335,256200,765,553,325,949,827.91,108.26
新北市,樹林市,潭底里,1263,907692,719,560,340,850,686.07,95.46
新北市,樹林市,？寮里,1232,835921,679,550,357,834,523.27,77.12
新北市,樹林市,三多里,1181,766525,649,528,334,821,536.66,82.68
新北市,樹林市,樂山里,419,260362,621,479,315,762,487.95,78.53
新北市,樹林市,東園里,482,328202,681,500,330,772,991.53,145.62
新北市,樹林市,西園里,413,269316,652,551,350,813,450.69,69.11
新北市,樹林市,南園里,271,184528,681,515,322,831,638.44,93.76
新北市,樹林市,北園里,485,321706,663,516,308,847,555.46,83.74
新北市,樹林市,柑園里,457,313010,685,522,328,797,983.16,143.54
新北市,樹林市,樹南里,1196,920514,770,619,368,1004,589.09,76.54
新北市,樹林市,樹人里,986,810468,822,580,363,928,1623.07,197.46
新北市,樹林市,三福里,1129,726092,643,517,336,803,485.73,75.53
新北市,樹林市,三興里,1155,682688,591,485,329,749,387.37,65.54
新北市,樹林市,彭福里,1256,810302,645,530,333,815,514.86,79.81
新北市,樹林市,東陽里,1590,1013872,638,532,336,798,458.17,71.85
新北市,樹林市,圳福里,1070,699103,653,519,325,814,506.07,77.46
新北市,樹林市,圳安里,1041,710606,683,563,364,812,581.12,85.13
新北市,樹林市,樹興里,1003,756189,754,571,348,947,699.29,92.75
新北市,樹林市,彭興里,1404,887181,632,527,328,793,455.11,72.02
新北市,樹林市,金寮里,1041,670855,644,521,339,815,515.91,80.06
新北市,樹林市,山佳里,1065,681171,640,541,334,816,455.91,71.28
新北市,樹林市,育英里,822,613352,746,587,360,911,650.31,87.15
新北市,樹林市,樹福里,742,564419,761,540,350,941,695.10,91.38
新北市,樹林市,太順里,683,424377,621,522,334,816,440.13,70.83
新北市,樹林市,圳民里,651,422824,649,530,340,819,519.84,80.04
新北市,樹林市,圳生里,471,300110,637,538,316,843,428.12,67.19
新北市,樹林市,三龍里,590,434390,736,538,340,851,1020.67,138.63
新北市,中和市,自強里,1254,890647,710,557,353,872,682.02,96.03
新北市,中和市,中正里,1095,728975,666,540,337,864,485.39,72.91
新北市,中和市,安平里,1552,1534203,989,708,423,1250,948.89,95.99
新北市,中和市,民有里,846,626879,741,565,361,896,785.51,106.01
新北市,中和市,壽德里,650,488003,751,591,358,934,652.08,86.85
新北市,中和市,中山里,631,441395,700,551,360,844,539.51,77.13
新北市,中和市,中原里,1435,1073308,748,608,383,973,553.17,73.96
新北市,中和市,力行里,1607,1371179,853,645,390,1099,794.36,93.10
新北市,中和市,民安里,1186,826511,697,549,332,879,557.16,79.95
新北市,中和市,德行里,1293,1266644,980,726,408,1256,948.32,96.81
新北市,中和市,秀山里,1310,1013008,773,584,367,1027,596.72,77.17
新北市,中和市,中興里,1408,1226309,871,671,398,1115,747.33,85.81
新北市,中和市,景新里,1032,770342,746,570,351,923,642.76,86.11
新北市,中和市,忠孝里,1462,997985,683,537,343,853,530.61,77.73
新北市,中和市,東南里,1357,1024500,755,590,379,954,578.09,76.57
新北市,中和市,民生里,1259,903806,718,549,342,941,616.45,85.87
新北市,中和市,復興里,1608,1150962,716,548,344,855,886.43,123.84
新北市,中和市,頂南里,881,668298,759,609,383,971,567.32,74.79
新北市,中和市,國光里,1096,835514,762,597,364,983,613.53,80.48
新北市,中和市,仁和里,1150,791943,689,552,354,882,496.60,72.11
新北市,中和市,錦和里,1187,1027495,866,631,383,1035,1946.18,224.83
新北市,中和市,明德里,1139,749770,658,537,330,827,510.90,77.61
新北市,中和市,泰安里,1172,973196,830,573,356,946,1406.83,169.42
新北市,中和市,安和里,978,853296,872,645,385,1103,761.94,87.33
新北市,中和市,南山里,1380,1141451,827,648,396,1085,630.06,76.17
新北市,中和市,興南里,983,674931,687,563,355,873,508.30,74.03
新北市,中和市,文元里,1519,1030174,678,528,329,836,652.22,96.17
新北市,中和市,安順里,1318,1122659,852,656,395,1092,787.70,92.48
新北市,中和市,民享里,766,562672,735,570,358,922,762.56,103.81
新北市,中和市,福南里,1118,801098,717,556,363,861,642.47,89.66
新北市,中和市,福祥里,1285,923080,718,549,360,888,630.22,87.73
新北市,中和市,平河里,2193,1624707,741,585,368,937,601.31,81.16
新北市,中和市,枋寮里,983,786590,800,610,373,1020,683.49,85.42
新北市,中和市,廟美里,1329,1205049,907,556,341,958,5065.43,558.65
新北市,中和市,瓦？里,1260,954027,757,551,344,854,1756.36,231.97
新北市,中和市,積穗里,1594,1260029,790,566,363,946,1129.12,142.84
新北市,中和市,瑞穗里,680,530190,780,600,346,993,644.03,82.60
新北市,中和市,灰？里,133,83188,625,502,356,683,550.95,88.09
新北市,中和市,內南里,1452,1041392,717,550,353,898,573.91,80.02
新北市,中和市,外南里,1179,852506,723,562,345,895,614.38,84.97
新北市,中和市,橫路里,84,44682,532,452,304,637,355.37,66.81
新北市,中和市,連和里,443,360670,814,619,360,957,896.63,110.13
新北市,中和市,漳和里,993,802517,808,586,362,970,1268.70,156.98
新北市,中和市,員山里,1262,868081,688,548,348,842,616.82,89.67
新北市,中和市,安樂里,1187,1253592,1056,762,452,1410,958.22,90.73
新北市,中和市,新南里,2418,2163970,895,687,413,1150,900.17,100.58
新北市,中和市,崇南里,1172,936801,799,623,398,999,628.33,78.61
新北市,中和市,秀明里,1455,1308269,899,661,398,1108,872.54,97.04
新北市,中和市,景平里,1269,961937,758,581,370,944,655.83,86.52
新北市,中和市,嘉穗里,771,523902,680,515,328,888,556.01,81.82
新北市,中和市,景安里,1560,1284983,824,606,378,1071,730.87,88.73
新北市,中和市,連城里,1793,1422096,793,606,378,1008,738.82,93.15
新北市,中和市,福美里,1193,845062,708,571,369,880,545.94,77.07
新北市,中和市,中安里,1353,1406099,1039,764,445,1376,863.00,83.04
新北市,中和市,華南里,1067,758032,710,569,367,898,556.99,78.40
新北市,中和市,秀？里,1266,994968,786,617,386,1022,655.17,83.36
新北市,中和市,秀水里,1156,794108,687,539,339,880,563.84,82.08
新北市,中和市,景南里,936,691116,738,557,356,904,632.81,85.70
新北市,中和市,和興里,1213,961208,792,588,374,982,713.55,90.05
新北市,中和市,景福里,1492,1169639,784,577,362,935,1050.58,134.01
新北市,中和市,清穗里,951,633897,667,550,350,850,492.92,73.95
新北市,中和市,佳和里,1476,1247767,845,599,374,1049,775.87,91.78
新北市,中和市,德穗里,1282,881351,687,528,348,860,535.94,77.96
新北市,中和市,嘉新里,1044,723625,693,553,354,869,540.64,78.00
新北市,中和市,建和里,1147,858191,748,591,367,937,599.59,80.14
新北市,中和市,秀景里,1829,1766459,966,664,407,1126,1931.68,200.01
新北市,中和市,福善里,1217,928668,763,607,368,954,660.72,86.59
新北市,中和市,福真里,1175,870474,741,569,359,933,602.05,81.27
新北市,中和市,秀仁里,808,629035,779,566,363,988,745.73,95.79
新北市,中和市,福和里,1090,806545,740,553,368,892,637.15,86.11
新北市,中和市,秀成里,1024,915143,894,636,372,1126,981.88,109.87
新北市,中和市,秀福里,1513,1448126,957,707,415,1210,892.48,93.25
新北市,中和市,華新里,1886,1366982,725,585,375,905,575.01,79.33
新北市,中和市,壽南里,784,597832,763,598,360,890,787.63,103.29
新北市,中和市,信和里,1189,797186,670,534,344,827,578.59,86.30
新北市,中和市,景文里,953,733453,770,586,368,942,727.73,94.56
新北市,中和市,錦昌里,426,302042,709,511,341,910,615.14,86.76
新北市,中和市,安穗里,967,641398,663,530,327,839,534.95,80.65
新北市,中和市,明穗里,1091,924079,847,653,380,1120,726.62,85.79
新北市,中和市,正行里,744,583126,784,649,386,1029,583.31,74.42
新北市,中和市,宜安里,621,555577,895,671,364,1181,776.85,86.83
新北市,中和市,秀義里,765,602153,787,593,369,1009,666.91,84.73
新北市,中和市,秀士里,715,557065,779,608,392,955,647.36,83.09
新北市,中和市,景本里,591,443915,751,569,342,930,671.53,89.40
新北市,中和市,吉興里,715,564637,790,618,361,997,632.34,80.07
新北市,中和市,正南里,1031,691559,671,524,342,804,592.84,88.38
新北市,中和市,錦盛里,1006,714610,710,537,351,831,1042.27,146.73
新北市,中和市,冠穗里,951,786054,827,628,372,1068,743.27,89.92
新北市,中和市,嘉慶里,1013,633647,626,528,346,792,410.79,65.67
新北市,中和市,錦中里,933,639182,685,535,349,860,529.43,77.28
新北市,中和市,員富里,671,408298,608,500,323,762,428.86,70.48
新北市,中和市,碧河里,922,679846,737,552,355,906,760.43,103.13
新北市,中和市,國華里,801,573575,716,590,359,886,532.77,74.40
新北市,土城市,平和里,1535,1062675,692,546,352,882,583.12,84.23
新北市,土城市,復興里,1045,784175,750,569,364,946,631.27,84.12
新北市,土城市,大安里,1261,930096,738,554,355,885,730.28,99.01
新北市,土城市,廣福里,1347,1220751,906,698,431,1151,743.17,82.00
新北市,土城市,安和里,1167,788299,675,543,348,836,766.03,113.40
新北市,土城市,日新里,1265,800882,633,526,337,800,445.28,70.33
新北市,土城市,清水里,1889,1294533,685,561,352,861,517.50,75.51
新北市,土城市,永寧里,1968,1340638,681,538,345,856,616.53,90.50
新北市,土城市,瑞興里,859,550220,641,535,327,814,508.03,79.31
新北市,土城市,清和里,1392,896487,644,529,340,810,490.62,76.18
新北市,土城市,永豐里,732,490552,670,527,332,847,751.62,112.16
新北市,土城市,埤塘里,746,507902,681,514,326,809,894.46,131.38
新北市,土城市,土城里,662,441053,666,522,342,817,590.06,88.56
新北市,土城市,員林里,1575,1185255,753,589,362,945,710.07,94.36
新北市,土城市,貨饒里,1019,727917,714,595,360,893,552.91,77.40
新北市,土城市,柑林里,1089,822486,755,597,384,957,659.77,87.36
新北市,土城市,埤林里,2158,1829468,848,647,390,1074,724.14,85.42
新北市,土城市,？廷里,1620,995003,614,510,335,779,429.73,69.97
新北市,土城市,廷寮里,1296,975390,753,575,362,907,899.76,119.55
新北市,土城市,清化里,418,272895,653,525,329,813,528.47,80.95
新北市,土城市,祖田里,414,250405,605,478,297,747,518.66,85.75
新北市,土城市,頂埔里,1373,887088,646,521,337,804,560.33,86.73
新北市,土城市,沛陂里,880,648963,737,500,325,765,1673.02,226.86
新北市,土城市,頂新里,332,197812,596,492,329,719,515.05,86.44
新北市,土城市,長風里,414,302668,731,585,369,911,519.28,71.03
新北市,土城市,頂福里,1210,705213,583,493,310,750,408.38,70.07
新北市,土城市,員仁里,1465,950774,649,524,336,826,497.07,76.59
新北市,土城市,清溪里,1647,1239370,753,586,371,963,584.95,77.73
新北市,土城市,日和里,1357,853172,629,534,325,819,440.12,70.00
新北市,土城市,樂利里,1334,915568,686,573,360,890,468.69,68.29
新北市,土城市,學府里,838,590667,705,571,349,918,593.64,84.22
新北市,土城市,延壽里,1211,833385,688,552,343,880,526.46,76.50
新北市,土城市,青雲里,720,479125,665,532,342,810,506.16,76.06
新北市,土城市,員福里,1470,1162720,791,598,362,953,1079.05,136.42
新北市,土城市,延吉里,891,534314,600,501,310,752,406.91,67.85
新北市,土城市,裕生里,1523,1029316,676,542,346,831,526.10,77.84
新北市,土城市,員信里,1087,793127,730,567,358,914,699.74,95.90
新北市,土城市,延和里,1376,940846,684,563,362,881,539.63,78.92
新北市,土城市,學成里,795,560718,705,564,370,886,572.93,81.23
新北市,土城市,永富里,1196,738045,617,507,317,790,473.30,76.70
新北市,瑞芳鎮,福住里,62,43893,708,556,365,929,615.23,86.90
新北市,瑞芳鎮,龍安里,217,122022,562,477,270,691,426.82,75.91
新北市,瑞芳鎮,龍興里,645,446196,692,542,329,900,629.58,91.01
新北市,瑞芳鎮,光復里,101,41929,415,354,247,533,261.08,62.89
新北市,瑞芳鎮,吉慶里,464,268562,579,474,308,706,433.35,74.87
新北市,瑞芳鎮,龍潭里,294,204994,697,531,302,834,633.47,90.85
新北市,瑞芳鎮,海濱里,284,150908,531,467,292,681,344.38,64.81
新北市,瑞芳鎮,崇文里,92,47077,512,409,274,655,345.77,67.57
新北市,瑞芳鎮,龍山里,478,279907,586,485,294,731,432.23,73.81
新北市,瑞芳鎮,永慶里,153,76000,497,462,225,645,324.05,65.24
新北市,瑞芳鎮,東和里,646,310241,480,396,271,597,326.79,68.05
新北市,瑞芳鎮,龍鎮里,425,279420,657,510,324,842,565.82,86.06
新北市,瑞芳鎮,龍川里,529,306041,579,462,300,739,415.76,71.86
新北市,瑞芳鎮,柑坪里,377,206582,548,466,304,678,369.40,67.41
新北市,瑞芳鎮,爪？里,1383,803737,581,484,301,754,420.11,72.29
新北市,瑞芳鎮,基山里,139,69307,499,415,252,654,319.88,64.15
新北市,瑞芳鎮,頌德里,117,63313,541,411,252,662,599.56,110.80
新北市,瑞芳鎮,瓜山里,85,47131,554,413,250,676,423.50,76.38
新北市,瑞芳鎮,石山里,132,89220,676,571,303,975,445.32,65.88
新北市,瑞芳鎮,新山里,109,65509,601,455,283,741,449.65,74.82
新北市,瑞芳鎮,銅山里,64,34885,545,460,299,658,415.26,76.18
新北市,瑞芳鎮,？洞里,182,113079,621,491,306,847,422.41,67.99
新北市,瑞芳鎮,傑魚里,640,331330,518,430,264,668,376.19,72.66
新北市,瑞芳鎮,上天里,443,235653,532,460,304,703,320.79,60.31
新北市,瑞芳鎮,侯硐里,164,78129,476,401,282,561,304.28,63.87
新北市,瑞芳鎮,弓橋里,73,37641,516,414,277,666,334.45,64.86
新北市,瑞芳鎮,碩仁里,25,12676,507,444,304,586,320.42,63.19
新北市,瑞芳鎮,深澳里,274,134018,489,401,282,569,379.86,77.66
新北市,瑞芳鎮,鼻頭里,77,33949,441,331,234,491,484.31,109.85
新北市,瑞芳鎮,南雅里,51,24170,474,399,240,623,312.91,66.03
新北市,瑞芳鎮,吉安里,936,528537,565,468,302,720,406.23,71.94
新北市,瑞芳鎮,？新里,82,53542,653,580,340,930,420.36,64.38
新北市,瑞芳鎮,瑞濱里,580,359298,619,450,286,780,514.68,83.08
新北市,瑞芳鎮,新？里,846,481839,570,466,298,709,403.82,70.90
新北市,平溪鄉,東勢村,110,65942,599,433,293,780,577.73,96.37
新北市,平溪鄉,薯榔村,141,73144,519,411,293,628,361.42,69.67
新北市,平溪鄉,白石村,108,58531,542,455,295,720,371.55,68.56
新北市,平溪鄉,菁桐村,99,54633,552,424,280,626,470.99,85.35
新北市,平溪鄉,平溪村,114,57596,505,422,279,653,344.32,68.15
新北市,平溪鄉,石底村,193,101440,526,445,315,651,348.12,66.23
新北市,平溪鄉,嶺？村,229,116172,507,411,281,611,372.07,73.34
新北市,平溪鄉,平湖村,46,26548,577,399,281,568,561.77,97.34
新北市,平溪鄉,南山村,150,77692,518,416,279,621,348.95,67.37
新北市,平溪鄉,新寮村,43,23255,541,519,287,723,338.98,62.68
新北市,平溪鄉,十分村,311,164619,529,414,278,624,562.91,106.35
新北市,平溪鄉,望古村,41,22583,551,488,297,720,315.70,57.32
新北市,雙溪鄉,雙溪村,183,105598,577,449,250,801,575.14,99.67
新北市,雙溪鄉,共和村,158,84385,534,388,251,657,476.54,89.23
新北市,雙溪鄉,新基村,322,178046,553,447,283,713,429.29,77.64
新北市,雙溪鄉,魚行村,217,131514,606,458,279,769,454.82,75.05
新北市,雙溪鄉,三港村,145,83201,574,464,299,694,578.00,100.73
新北市,雙溪鄉,牡丹村,588,307877,524,428,263,659,389.63,74.41
新北市,雙溪鄉,三貂村,93,51781,557,452,318,711,392.45,70.49
新北市,雙溪鄉,平林村,281,167798,597,479,300,681,624.10,104.51
新北市,雙溪鄉,上林村,196,118945,607,453,303,725,524.38,86.41
新北市,雙溪鄉,外柑村,121,57796,478,413,261,620,296.91,62.16
新北市,雙溪鄉,長源村,116,58758,507,450,289,626,295.26,58.29
新北市,雙溪鄉,泰平村,134,85329,637,543,329,804,460.12,72.26
新北市,貢寮鄉,貢寮村,316,189062,598,507,332,715,441.84,73.85
新北市,貢寮鄉,雙玉村,234,140338,600,438,290,746,467.45,77.94
新北市,貢寮鄉,龍崗村,138,75428,547,468,307,667,360.10,65.88
新北市,貢寮鄉,吉林村,149,72063,484,411,295,600,338.16,69.92
新北市,貢寮鄉,龍門村,179,88645,495,430,289,650,307.97,62.19
新北市,貢寮鄉,福隆村,427,251868,590,467,305,701,517.23,87.69
新北市,貢寮鄉,福連村,185,100577,544,451,302,635,458.31,84.30
新北市,貢寮鄉,仁里村,538,346664,644,475,300,805,524.95,81.47
新北市,貢寮鄉,真理村,431,257872,598,459,305,739,485.91,81.21
新北市,貢寮鄉,美豐村,246,125678,511,418,267,635,384.56,75.27
新北市,貢寮鄉,和美村,248,131815,532,439,258,649,429.09,80.73
新北市,金山鄉,和平村,153,88066,576,471,307,662,451.96,78.52
新北市,金山鄉,大同村,189,129557,685,540,340,955,469.88,68.55
新北市,金山鄉,豐漁村,124,68218,550,412,265,647,677.79,123.20
新北市,金山鄉,磺港村,398,179186,450,369,248,560,337.51,74.97
新北市,金山鄉,美田村,2414,1458986,604,461,282,724,1873.42,309.97
新北市,金山鄉,五湖村,544,300168,552,454,281,699,430.02,77.93
新北市,金山鄉,重和村,312,181150,581,439,257,708,539.06,92.84
新北市,金山鄉,兩湖村,141,62621,444,400,233,622,292.34,65.83
新北市,金山鄉,六股村,183,98290,537,459,287,669,390.44,72.69
新北市,金山鄉,三界村,178,94666,532,462,254,652,428.72,80.61
新北市,金山鄉,清泉村,272,138993,511,433,261,654,350.19,68.53
新北市,金山鄉,西湖村,104,54540,524,442,297,589,474.63,90.50
新北市,金山鄉,萬壽村,133,76104,572,473,258,782,380.88,66.56
新北市,金山鄉,永興村,181,82833,458,378,226,586,347.91,76.02
新北市,萬里鄉,萬里村,1102,582035,528,427,268,668,436.51,82.65
新北市,萬里鄉,龜吼村,390,262541,673,464,280,761,1067.47,158.57
新北市,萬里鄉,野柳村,539,282133,523,422,266,681,404.58,77.29
新北市,萬里鄉,大鵬村,701,354133,505,410,272,611,371.26,73.49
新北市,萬里鄉,磺潭村,154,94405,613,522,308,783,418.28,68.23
新北市,萬里鄉,雙興村,228,120810,530,393,237,673,468.95,88.50
新北市,萬里鄉,溪底村,153,81449,532,418,254,737,420.40,78.97
新北市,萬里鄉,崁？村,185,88892,480,399,276,585,323.84,67.40
新北市,萬里鄉,中幅村,280,148362,530,398,255,603,482.34,91.03
新北市,萬里鄉,北基村,513,284062,554,458,279,704,416.12,75.15
新北市,淡水鎮,水源里,569,376077,661,527,315,854,522.93,79.12
新北市,淡水鎮,新生里,166,127612,769,606,361,1006,596.86,77.64
新北市,淡水鎮,民安里,275,415448,1511,543,349,946,10138.37,671.09
新北市,淡水鎮,福德里,1921,2208573,1150,743,440,1387,1527.88,132.89
新北市,淡水鎮,文化里,545,468265,859,709,432,1045,706.72,82.25
新北市,淡水鎮,中和里,220,133714,608,517,341,794,423.33,69.65
新北市,淡水鎮,中興里,1272,974198,766,552,333,853,2632.57,343.73
新北市,淡水鎮,永吉里,271,191852,708,500,333,857,692.17,97.77
新北市,淡水鎮,民生里,1617,1427316,883,633,371,1065,934.23,105.84
新北市,淡水鎮,新興里,5052,4227730,837,622,387,1047,849.42,101.50
新北市,淡水鎮,興仁里,525,592374,1128,564,363,885,9428.17,835.58
新北市,淡水鎮,坪頂里,380,424149,1116,624,361,1115,2045.64,183.27
新北市,淡水鎮,樹興里,211,138749,658,482,297,818,528.44,80.36
新北市,淡水鎮,草東里,290,214523,740,565,347,943,606.28,81.96
新北市,淡水鎮,長庚里,546,429625,787,569,341,901,1312.81,166.84
新北市,淡水鎮,清文里,339,218885,646,506,307,807,546.92,84.71
新北市,淡水鎮,鄧公里,3664,3135764,856,641,383,1055,917.25,107.18
新北市,淡水鎮,協元里,470,351567,748,544,340,939,654.70,87.52
新北市,淡水鎮,油車里,1248,972014,779,614,382,961,643.32,82.60
新北市,淡水鎮,沙崙里,1691,1319943,781,601,369,967,930.14,119.16
新北市,淡水鎮,水碓里,3377,2854904,845,650,399,1095,720.12,85.18
新北市,淡水鎮,北投里,610,496489,814,575,333,1010,1105.63,135.84
新北市,淡水鎮,崁頂里,349,232464,666,513,326,809,637.44,95.70
新北市,淡水鎮,屯山里,339,210956,622,496,326,739,537.94,86.44
新北市,淡水鎮,忠寮里,318,209070,657,520,333,823,555.04,84.42
新北市,淡水鎮,埤島里,406,255746,630,499,297,771,528.00,83.82
新北市,淡水鎮,義山里,783,464650,593,500,303,773,424.50,71.53
新北市,淡水鎮,蕃薯里,279,195065,699,526,328,850,610.20,87.28
新北市,淡水鎮,忠山里,274,174353,636,489,304,747,604.20,94.95
新北市,淡水鎮,賢孝里,480,336786,702,526,339,898,654.33,93.26
新北市,淡水鎮,竿蓁里,1114,1264780,1135,641,389,1111,3354.74,295.48
新北市,淡水鎮,八勢里,610,877231,1438,739,453,1378,3375.37,234.71
新北市,淡水鎮,竹圍里,2608,2131528,817,636,394,1037,715.01,87.48
新北市,汐止市,自強里,1255,946033,754,560,339,939,709.89,94.17
新北市,汐止市,東勢里,961,1391658,1448,867,462,1614,2926.48,202.09
新北市,汐止市,仁德里,581,416442,717,563,344,888,585.39,81.67
新北市,汐止市,保安里,475,339367,714,548,334,860,713.16,99.82
新北市,汐止市,興福里,839,778962,928,690,421,1124,1121.31,120.77
新北市,汐止市,湖興里,1327,1778611,1340,884,490,1622,1613.61,120.39
新北市,汐止市,金龍里,1326,1022243,771,606,374,1000,585.62,75.96
新北市,汐止市,福德里,867,660294,762,614,360,977,594.72,78.09
新北市,汐止市,福安里,832,710491,854,610,380,1023,2218.98,259.85
新北市,汐止市,東山里,179,119417,667,531,321,935,489.74,73.41
新北市,汐止市,文化里,1017,805395,792,601,362,1005,730.10,92.19
新北市,汐止市,長安里,556,404862,728,508,319,824,2166.40,297.51
新北市,汐止市,大同里,701,557322,795,612,394,964,701.19,88.20
新北市,汐止市,秀山里,1037,1229895,1186,753,434,1383,2016.95,170.06
新北市,汐止市,中興里,2090,1559556,746,574,351,939,641.28,85.94
新北市,汐止市,忠孝里,1943,1509897,777,621,374,995,653.97,84.16
新北市,汐止市,復興里,2034,2121954,1043,781,461,1298,1144.79,109.73
新北市,汐止市,長青里,275,418120,1520,840,454,1714,2732.57,179.72
新北市,汐止市,義民里,456,338235,742,573,373,932,561.03,75.64
新北市,汐止市,智慧里,1201,1122033,934,707,410,1209,1211.91,129.72
新北市,汐止市,崇德里,1129,838253,742,584,367,957,565.01,76.10
新北市,汐止市,新昌里,1731,1337333,773,584,364,1000,652.18,84.42
新北市,汐止市,福山里,1146,1245303,1087,743,417,1417,1145.62,105.43
新北市,汐止市,厚德里,1634,1295892,793,645,411,999,628.51,79.25
新北市,汐止市,秀？里,1083,807782,746,546,343,896,1002.13,134.36
新北市,汐止市,忠山里,921,1707877,1854,989,510,1994,4417.42,238.22
新北市,汐止市,禮門里,378,291780,772,561,361,924,758.99,98.33
新北市,汐止市,信望里,182,145723,801,606,345,890,906.23,113.18
新北市,汐止市,橋東里,3370,2902093,861,670,424,1057,1721.17,199.87
新北市,汐止市,茄苳里,1074,669982,624,520,338,798,460.31,73.79
新北市,汐止市,保長里,1537,1009561,657,541,351,839,467.73,71.21
新北市,汐止市,鄉長里,687,513017,747,587,365,915,604.91,81.01
新北市,汐止市,江北里,1614,1157662,717,548,355,874,676.65,94.34
新北市,汐止市,烘內里,455,378676,832,597,347,1066,778.43,93.53
新北市,汐止市,拱北里,1350,980734,726,581,383,928,535.29,73.68
新北市,汐止市,樟樹里,668,448253,671,511,314,792,796.74,118.73
新北市,汐止市,北？里,1196,785861,657,532,341,826,498.47,75.86
新北市,汐止市,北山里,1739,1585546,912,678,425,1128,819.32,89.86
新北市,汐止市,八連里,322,252834,785,579,346,978,731.80,93.20
新北市,汐止市,白雲里,1233,1067645,866,667,396,1108,833.65,96.28
新北市,汐止市,橫科里,1517,1191960,786,594,365,977,701.95,89.34
新北市,汐止市,宜興里,1006,954233,949,662,391,1095,1006.24,106.08
新北市,汐止市,湖光里,1725,2032073,1178,773,455,1344,1967.75,167.04
新北市,汐止市,康福里,746,599553,804,661,416,1004,662.43,82.42
新北市,汐止市,環河里,362,272178,752,572,353,933,665.11,88.46
新北市,汐止市,山光里,672,510043,759,592,368,948,882.07,116.22
新北市,三芝鄉,八賢村,126,64146,509,439,294,679,333.61,65.53
新北市,三芝鄉,埔頭村,1294,764466,591,497,312,757,428.52,72.54
新北市,三芝鄉,古庄村,314,199926,637,497,314,790,508.41,79.85
新北市,三芝鄉,新庄村,271,147106,543,450,276,634,466.78,85.99
新北市,三芝鄉,埔坪村,1722,974894,566,482,300,719,398.55,70.40
新北市,三芝鄉,茂長村,149,76932,516,386,239,637,439.23,85.07
新北市,三芝鄉,橫山村,150,73962,493,381,234,617,502.53,101.92
新北市,三芝鄉,錫板村,277,151615,547,445,287,662,438.24,80.07
新北市,三芝鄉,後厝村,530,419321,791,545,323,964,833.82,105.39
新北市,三芝鄉,福德村,229,173617,758,505,312,896,818.87,108.01
新北市,三芝鄉,圓山村,167,90462,542,447,268,661,484.72,89.48
新北市,三芝鄉,店子村,176,106044,603,479,289,767,458.52,76.10
新北市,三芝鄉,興華村,356,235808,662,502,312,777,656.56,99.12
新北市,石門鄉,德茂村,255,131106,514,408,255,623,466.67,90.77
新北市,石門鄉,富基村,317,163777,517,442,278,674,356.56,69.01
新北市,石門鄉,老梅村,555,310616,560,394,242,616,1230.49,219.86
新北市,石門鄉,山溪村,220,111033,505,436,272,657,325.79,64.55
新北市,石門鄉,石門村,398,232665,585,453,279,747,439.85,75.24
新北市,石門鄉,尖鹿村,431,256172,594,441,286,699,610.80,102.77
新北市,石門鄉,乾華村,83,46559,561,420,270,662,481.60,85.85
新北市,石門鄉,茂林村,195,132984,682,611,333,835,494.13,72.46
新北市,石門鄉,草里村,262,125390,479,399,275,596,317.70,66.38
新北市,八里鄉,龍源村,1545,1189550,770,576,352,927,803.04,104.30
新北市,八里鄉,米倉村,736,545590,741,526,358,822,951.10,128.30
新北市,八里鄉,大崁村,455,296513,652,513,333,747,665.01,102.05
新北市,八里鄉,埤頭村,785,546586,696,533,346,861,569.95,81.86
新北市,八里鄉,頂罟村,380,245761,647,526,323,801,505.51,78.16
新北市,八里鄉,舊城村,1323,945756,715,578,366,905,639.83,89.50
新北市,八里鄉,訊塘村,759,524184,691,525,327,795,896.88,129.86
新北市,八里鄉,荖阡村,392,263855,673,531,329,766,951.97,141.43
新北市,八里鄉,下罟村,359,200732,559,462,303,681,511.25,91.43
新北市,八里鄉,長坑村,324,194548,600,462,286,734,522.04,86.94
新北市,永和市,光明里,1025,1138289,1111,750,417,1370,2681.93,241.50
新北市,永和市,仁愛里,814,773403,950,685,392,1250,837.79,88.18
新北市,永和市,河堤里,682,621020,911,677,395,1180,928.55,101.97
新北市,永和市,光復里,554,473724,855,646,389,1118,763.19,89.25
新北市,永和市,網溪里,375,309174,824,596,374,1058,721.66,87.53
新北市,永和市,水源里,1288,1222862,949,685,388,1272,848.67,89.39
新北市,永和市,和平里,1289,1141123,885,623,396,1096,938.51,106.01
新北市,永和市,民權里,1405,1487418,1059,707,405,1279,1710.32,161.55
新北市,永和市,永樂里,686,603266,879,705,415,1164,694.19,78.94
新北市,永和市,保安里,1930,2086456,1081,796,449,1433,966.04,89.36
新北市,永和市,新生里,206,128897,626,514,351,751,489.27,78.19
新北市,永和市,永安里,1426,1562342,1096,812,441,1397,1130.84,103.22
新北市,永和市,福林里,1145,1072333,937,638,389,1127,1445.16,154.31
新北市,永和市,永福里,956,970249,1015,686,389,1232,1704.10,167.91
新北市,永和市,文化里,873,734728,842,621,380,1050,744.06,88.41
新北市,永和市,大同里,248,165496,667,542,345,808,517.81,77.59
新北市,永和市,中興里,966,879088,910,657,376,1139,901.34,99.04
新北市,永和市,雙和里,1232,1124024,912,677,402,1133,808.65,88.63
新北市,永和市,民生里,1171,1004591,858,617,372,1074,954.15,111.22
新北市,永和市,復興里,812,793853,978,667,409,1226,998.02,102.08
新北市,永和市,信義里,804,784327,976,659,404,1227,988.37,101.32
新北市,永和市,永興里,1091,1033242,947,668,393,1186,1010.24,106.67
新北市,永和市,協和里,936,848118,906,605,362,1038,1525.33,168.34
新北市,永和市,民治里,935,846940,906,618,389,1110,1046.89,115.57
新北市,永和市,安和里,1190,1129726,949,673,404,1254,880.19,92.71
新北市,永和市,河濱里,829,691828,835,621,383,1025,698.09,83.65
新北市,永和市,民族里,1372,1273530,928,643,365,1197,999.50,107.68
新北市,永和市,正興里,768,741655,966,744,417,1250,855.86,88.63
新北市,永和市,桂林里,1176,1153690,981,720,419,1240,897.08,91.44
新北市,永和市,民本里,970,699636,721,562,343,892,597.17,82.79
新北市,永和市,忠義里,187,116559,623,529,335,828,393.83,63.18
新北市,永和市,福和里,1623,1714844,1057,758,410,1392,1004.21,95.04
新北市,永和市,秀成里,911,853540,937,645,385,1118,1335.70,142.56
新北市,永和市,新？里,777,702893,905,675,398,1216,724.58,80.10
新北市,永和市,下溪里,1222,1042004,853,607,385,1022,1311.44,153.80
新北市,永和市,中溪里,1409,1320348,937,658,393,1176,971.28,103.65
新北市,永和市,上溪里,636,569806,896,649,393,1103,819.86,91.51
新北市,永和市,後溪里,595,489727,823,606,357,1065,710.91,86.37
新北市,永和市,頂溪里,849,801062,944,691,402,1134,961.92,101.95
新北市,永和市,竹林里,1289,1196300,928,671,404,1141,962.05,103.66
新北市,永和市,店街里,1250,1229831,984,680,407,1258,1684.99,171.26
新北市,永和市,潭墘里,1317,1266244,961,680,417,1210,1169.82,121.67
新北市,永和市,秀朗里,1136,930782,819,601,357,1033,775.20,94.61
新北市,永和市,永成里,258,171769,666,516,335,837,514.20,77.23
新北市,永和市,豫溪里,1175,1143615,973,667,409,1262,941.38,96.72
新北市,永和市,上林里,1174,1131385,964,687,413,1234,870.02,90.28
新北市,永和市,前溪里,667,612128,918,691,413,1198,760.86,82.91
新北市,永和市,得和里,1464,1435586,981,746,419,1296,839.25,85.59
新北市,永和市,大新里,854,831957,974,676,396,1228,1182.40,121.37
新北市,永和市,勵行里,384,328313,855,583,357,1039,823.30,96.30
新北市,永和市,智光里,1029,786005,764,586,372,927,644.80,84.41
新北市,永和市,秀和里,1393,1367675,982,695,402,1274,895.84,91.24
新北市,永和市,潭安里,1296,1195775,923,675,409,1172,855.32,92.70
新北市,永和市,永貞里,1226,1209535,987,666,398,1195,1504.96,152.54
新北市,永和市,永元里,1514,1395602,922,683,394,1206,785.85,85.25
新北市,永和市,秀林里,1019,896528,880,653,384,1134,769.50,87.46
新北市,永和市,秀得里,895,831928,930,682,417,1244,781.31,84.05
新北市,永和市,民樂里,1291,1270808,984,719,413,1296,847.59,86.11
新北市,永和市,保平里,1334,1232445,924,646,392,1134,1752.15,189.65
新北市,永和市,民富里,778,600810,772,596,383,993,579.84,75.08
新北市,永和市,秀元里,901,814318,904,642,393,1146,795.37,88.00
新北市,永和市,保順里,1549,1533177,990,740,447,1312,831.50,84.01
宜蘭縣,宜蘭市,中正里,177,128774,728,576,343,959,551.65,75.82
宜蘭縣,宜蘭市,南門里,188,140165,746,566,330,934,590.59,79.21
宜蘭縣,宜蘭市,黎明里,364,243616,669,546,348,858,455.58,68.07
宜蘭縣,宜蘭市,東門里,195,137960,707,510,319,901,654.03,92.44
宜蘭縣,宜蘭市,西門里,368,243863,663,525,321,799,605.45,91.36
宜蘭縣,宜蘭市,菜園里,382,269551,706,604,356,889,557.15,78.96
宜蘭縣,宜蘭市,民權里,530,424080,800,611,382,1042,636.25,79.52
宜蘭縣,宜蘭市,延平里,1068,760491,712,548,340,913,566.05,79.49
宜蘭縣,宜蘭市,新生里,569,358000,629,538,307,762,469.94,74.69
宜蘭縣,宜蘭市,中山里,258,149458,579,479,291,773,404.82,69.88
宜蘭縣,宜蘭市,文化里,918,783486,853,671,384,1074,752.67,88.19
宜蘭縣,宜蘭市,大道里,343,234356,683,518,335,880,521.86,76.38
宜蘭縣,宜蘭市,民生里,119,78344,658,497,252,808,642.43,97.58
宜蘭縣,宜蘭市,昇平里,223,147874,663,538,355,859,482.60,72.78
宜蘭縣,宜蘭市,復興里,882,677249,768,640,378,1035,549.43,71.55
宜蘭縣,宜蘭市,新興里,192,130911,682,550,318,870,533.24,78.21
宜蘭縣,宜蘭市,小東里,357,233769,655,557,302,838,502.02,76.67
宜蘭縣,宜蘭市,北門里,245,158665,648,520,329,784,506.51,78.21
宜蘭縣,宜蘭市,民族里,748,608400,813,659,403,1056,598.47,73.58
宜蘭縣,宜蘭市,新民里,208,164739,792,561,348,1005,763.50,96.40
宜蘭縣,宜蘭市,凱旋里,301,176019,585,461,328,707,407.99,69.77
宜蘭縣,宜蘭市,建軍里,678,546914,807,637,381,1023,631.75,78.32
宜蘭縣,宜蘭市,思源里,1433,1336989,933,719,416,1215,914.05,97.97
宜蘭縣,宜蘭市,負郭里,645,496591,770,613,370,1012,590.85,76.74
宜蘭縣,宜蘭市,神農里,218,166752,765,582,337,940,671.53,87.79
宜蘭縣,宜蘭市,和睦里,670,512037,764,592,367,930,702.59,91.93
宜蘭縣,宜蘭市,大東里,174,113271,651,505,295,756,575.20,88.36
宜蘭縣,宜蘭市,慈安里,1177,793950,675,536,344,877,502.97,74.56
宜蘭縣,宜蘭市,孝廉里,293,185305,632,474,319,800,491.79,77.76
宜蘭縣,宜蘭市,鄂王里,213,141138,663,533,331,818,510.33,77.02
宜蘭縣,宜蘭市,慶和里,198,129836,656,514,340,765,487.74,74.38
宜蘭縣,宜蘭市,南津里,219,136052,621,481,318,843,434.94,70.01
宜蘭縣,宜蘭市,建業里,284,204804,721,551,343,849,614.90,85.27
宜蘭縣,宜蘭市,南橋里,187,139942,748,565,361,970,562.71,75.19
宜蘭縣,宜蘭市,進士里,1528,1317850,862,663,382,1112,736.87,85.44
宜蘭縣,宜蘭市,茭白里,500,307067,614,526,319,814,429.47,69.93
宜蘭縣,宜蘭市,梅洲里,675,391449,580,486,309,736,401.83,69.29
宜蘭縣,宜蘭市,北津里,428,295000,689,524,313,873,643.99,93.43
宜蘭縣,宜蘭市,東村里,1093,751595,688,542,329,875,544.31,79.16
宜蘭縣,宜蘭市,七張里,302,195969,649,507,305,783,791.62,121.99
宜蘭縣,頭城鎮,中崙里,274,144655,528,435,253,694,400.57,75.87
宜蘭縣,頭城鎮,福成里,275,144348,525,442,254,658,416.23,79.30
宜蘭縣,頭城鎮,大坑里,310,162430,524,432,267,620,426.71,81.44
宜蘭縣,頭城鎮,新建里,524,352777,673,528,322,854,561.07,83.34
宜蘭縣,頭城鎮,城東里,230,156373,680,480,282,813,834.06,122.68
宜蘭縣,頭城鎮,城西里,215,136012,633,462,307,786,535.65,84.67
宜蘭縣,頭城鎮,城南里,169,122211,723,586,395,943,480.78,66.48
宜蘭縣,頭城鎮,城北里,160,114373,715,518,353,932,605.87,84.76
宜蘭縣,頭城鎮,港口里,175,82047,469,395,299,578,283.53,60.47
宜蘭縣,頭城鎮,頂埔里,357,208441,584,486,278,726,449.15,76.93
宜蘭縣,頭城鎮,石城里,116,52451,452,384,245,595,297.62,65.82
宜蘭縣,頭城鎮,大里里,142,63841,450,401,242,634,277.18,61.65
宜蘭縣,頭城鎮,大溪里,229,121799,532,478,317,657,378.53,71.17
宜蘭縣,頭城鎮,更新里,415,216835,522,391,240,631,466.81,89.34
宜蘭縣,頭城鎮,合興里,88,41926,476,400,254,622,340.24,71.41
宜蘭縣,頭城鎮,外澳里,191,113966,597,461,278,701,632.41,105.99
宜蘭縣,頭城鎮,武營里,396,227215,574,461,272,735,448.62,78.19
宜蘭縣,頭城鎮,竹安里,434,232606,536,462,299,620,540.01,100.76
宜蘭縣,頭城鎮,拔雅里,436,271288,622,515,306,784,499.14,80.22
宜蘭縣,頭城鎮,金面里,465,242944,522,413,268,643,400.33,76.62
宜蘭縣,頭城鎮,金盈里,193,101849,528,440,264,691,399.17,75.64
宜蘭縣,頭城鎮,下埔里,252,157426,625,502,344,793,454.59,72.77
宜蘭縣,頭城鎮,二城里,290,158028,545,462,311,654,359.30,65.94
宜蘭縣,礁溪鄉,大忠村,640,401422,627,499,310,804,498.33,79.45
宜蘭縣,礁溪鄉,大義村,194,108872,561,451,269,718,441.28,78.63
宜蘭縣,礁溪鄉,二龍村,301,149210,496,416,260,657,330.32,66.64
宜蘭縣,礁溪鄉,德陽村,973,648575,667,507,309,799,643.51,96.54
宜蘭縣,礁溪鄉,白雲村,403,216952,538,467,257,700,366.58,68.09
宜蘭縣,礁溪鄉,玉石村,469,265388,566,453,290,733,393.54,69.55
宜蘭縣,礁溪鄉,六結村,443,314326,710,525,300,926,627.13,88.39
宜蘭縣,礁溪鄉,時潮村,376,196577,523,422,265,619,455.99,87.22
宜蘭縣,礁溪鄉,林美村,311,141136,454,414,255,589,278.22,61.31
宜蘭縣,礁溪鄉,三民村,653,348526,534,424,262,669,450.60,84.42
宜蘭縣,礁溪鄉,玉田村,554,303590,548,470,273,709,376.90,68.78
宜蘭縣,礁溪鄉,白鵝村,213,104227,489,387,230,598,365.30,74.65
宜蘭縣,礁溪鄉,玉光村,287,166374,580,451,278,738,469.44,80.98
宜蘭縣,礁溪鄉,光武村,310,190969,616,524,327,808,395.40,64.19
宜蘭縣,礁溪鄉,匏崙村,258,132590,514,443,262,682,376.16,73.19
宜蘭縣,礁溪鄉,二結村,106,56751,535,438,239,726,418.81,78.23
宜蘭縣,礁溪鄉,吳沙村,675,421969,625,525,297,829,497.28,79.55
宜蘭縣,礁溪鄉,龍潭村,771,421173,546,477,292,711,362.69,66.39
宜蘭縣,壯圍鄉,東港村,236,118185,501,409,253,628,395.32,78.94
宜蘭縣,壯圍鄉,復興村,376,183258,487,419,256,622,334.75,68.68
宜蘭縣,壯圍鄉,吉祥村,562,323746,576,464,300,720,433.71,75.29
宜蘭縣,壯圍鄉,新南村,240,136478,569,511,348,725,310.88,54.67
宜蘭縣,壯圍鄉,美福村,474,279557,590,501,323,758,426.42,72.30
宜蘭縣,壯圍鄉,大福村,442,240944,545,446,273,698,386.68,70.93
宜蘭縣,壯圍鄉,新社村,262,144285,551,435,291,657,428.97,77.90
宜蘭縣,壯圍鄉,忠孝村,579,329334,569,492,299,722,391.59,68.84
宜蘭縣,壯圍鄉,功勞村,239,151092,632,533,322,771,452.69,71.61
宜蘭縣,壯圍鄉,永鎮村,174,85497,491,395,260,612,361.10,73.49
宜蘭縣,壯圍鄉,過嶺村,417,209520,502,444,294,636,322.68,64.22
宜蘭縣,壯圍鄉,美城村,529,333011,630,505,322,791,473.85,75.27
宜蘭縣,壯圍鄉,古亭村,370,218123,590,492,321,757,413.57,70.15
宜蘭縣,員山鄉,湖北村,305,190925,626,493,300,787,573.77,91.66
宜蘭縣,員山鄉,員山村,1197,797662,666,536,337,862,488.36,73.29
宜蘭縣,員山鄉,尚德村,513,312345,609,481,308,772,490.66,80.59
宜蘭縣,員山鄉,內城村,338,185292,548,482,304,698,334.38,61.00
宜蘭縣,員山鄉,惠好村,314,193274,616,505,334,764,466.83,75.84
宜蘭縣,員山鄉,深溝村,354,183603,519,439,282,648,357.83,68.99
宜蘭縣,員山鄉,蓁巷村,321,160181,499,442,275,599,328.95,65.92
宜蘭縣,員山鄉,七賢村,260,152799,588,517,306,725,397.53,67.64
宜蘭縣,員山鄉,永和村,389,238106,612,505,306,782,677.65,110.71
宜蘭縣,員山鄉,枕山村,479,268481,561,478,292,708,413.00,73.68
宜蘭縣,員山鄉,頭分村,298,177356,595,471,286,754,461.12,77.48
宜蘭縣,員山鄉,同樂村,594,347039,584,506,318,755,404.96,69.31
宜蘭縣,員山鄉,湖東村,211,121178,574,460,312,723,405.08,70.53
宜蘭縣,員山鄉,湖西村,402,199135,495,416,264,635,353.25,71.31
宜蘭縣,員山鄉,逸仙村,203,110538,545,427,285,676,404.07,74.21
宜蘭縣,員山鄉,中華村,141,74204,526,460,292,656,362.72,68.92
宜蘭縣,羅東鎮,仁愛里,791,555076,702,524,330,857,1012.32,144.26
宜蘭縣,羅東鎮,仁德里,262,165031,630,547,316,816,417.47,66.28
宜蘭縣,羅東鎮,成功里,376,265137,705,529,307,867,628.69,89.16
宜蘭縣,羅東鎮,東明里,135,99405,736,572,321,973,644.03,87.47
宜蘭縣,羅東鎮,西安里,1459,1010102,692,563,336,884,576.50,83.27
宜蘭縣,羅東鎮,公正里,591,524811,888,638,360,1044,1054.85,118.79
宜蘭縣,羅東鎮,信義里,928,695042,749,591,346,936,709.63,94.75
宜蘭縣,羅東鎮,居仁里,207,145817,704,548,332,870,686.22,97.41
宜蘭縣,羅東鎮,義和里,214,134741,630,471,295,724,546.46,86.79
宜蘭縣,羅東鎮,東安里,687,471123,686,528,331,839,567.67,82.78
宜蘭縣,羅東鎮,開元里,167,111660,669,512,314,897,501.31,74.98
宜蘭縣,羅東鎮,漢民里,1077,728041,676,531,342,844,548.52,81.14
宜蘭縣,羅東鎮,新？里,608,390159,642,484,326,821,524.22,81.69
宜蘭縣,羅東鎮,竹林里,756,498089,659,523,327,859,514.83,78.14
宜蘭縣,羅東鎮,大新里,376,282298,751,574,358,880,703.51,93.70
宜蘭縣,羅東鎮,羅東里,215,145546,677,508,330,877,536.13,79.20
宜蘭縣,羅東鎮,北成里,1679,1393856,830,617,369,1054,800.00,96.37
宜蘭縣,羅東鎮,賢文里,1082,824109,762,570,350,917,757.67,99.48
宜蘭縣,羅東鎮,羅莊里,569,391672,688,546,356,858,584.09,84.85
宜蘭縣,羅東鎮,浮崙里,211,139837,663,468,284,778,726.59,109.64
宜蘭縣,羅東鎮,南昌里,684,568266,831,594,359,961,898.14,108.11
宜蘭縣,羅東鎮,集祥里,334,254727,763,496,291,949,868.29,113.85
宜蘭縣,羅東鎮,開羅里,152,100963,664,543,334,820,524.88,79.02
宜蘭縣,羅東鎮,南豪里,422,298420,707,549,305,882,626.59,88.61
宜蘭縣,羅東鎮,樹林里,1102,895704,813,612,376,1070,687.00,84.52
宜蘭縣,五結鄉,二結村,480,306280,638,502,306,803,488.16,76.50
宜蘭縣,五結鄉,五結村,880,544850,619,496,315,765,470.27,75.95
宜蘭縣,五結鄉,協和村,739,431684,584,486,300,738,426.41,73.00
宜蘭縣,五結鄉,大吉村,860,535905,623,513,317,793,462.71,74.25
宜蘭縣,五結鄉,福興村,461,267920,581,500,304,716,407.16,70.06
宜蘭縣,五結鄉,三興村,483,288263,597,502,313,752,410.42,68.77
宜蘭縣,五結鄉,鎮安村,630,460526,731,564,353,870,1349.23,184.57
宜蘭縣,五結鄉,中興村,355,227134,640,494,283,894,503.09,78.63
宜蘭縣,五結鄉,四結村,668,460575,689,555,353,893,491.47,71.28
宜蘭縣,五結鄉,上四村,465,296490,638,501,309,802,519.45,81.47
宜蘭縣,五結鄉,利澤村,571,335844,588,501,300,737,441.54,75.07
宜蘭縣,五結鄉,季新村,700,376833,538,451,308,681,385.31,71.57
宜蘭縣,五結鄉,成興村,735,412149,561,480,306,702,413.51,73.74
宜蘭縣,五結鄉,孝威村,381,195059,512,444,265,672,355.42,69.42
宜蘭縣,五結鄉,錦？村,415,234927,566,468,286,685,435.74,76.97
宜蘭縣,冬山鄉,南興村,680,444587,654,556,347,840,441.48,67.52
宜蘭縣,冬山鄉,冬山村,266,166903,627,522,313,790,464.83,74.08
宜蘭縣,冬山鄉,武淵村,315,192837,612,541,351,774,451.96,73.83
宜蘭縣,冬山鄉,珍珠村,407,260181,639,529,326,804,501.72,78.48
宜蘭縣,冬山鄉,三奇村,274,144103,526,460,284,698,329.81,62.71
宜蘭縣,冬山鄉,補城村,306,183131,598,496,307,772,426.39,71.25
宜蘭縣,冬山鄉,大興村,349,213748,612,543,324,760,422.49,68.98
宜蘭縣,冬山鄉,東城村,407,232840,572,493,304,770,389.54,68.09
宜蘭縣,冬山鄉,香和村,709,426732,602,536,325,754,422.08,70.13
宜蘭縣,冬山鄉,安平村,224,131457,587,499,314,768,377.86,64.39
宜蘭縣,冬山鄉,太和村,403,249808,620,497,321,746,536.39,86.53
宜蘭縣,冬山鄉,永美村,642,396139,617,504,332,753,550.73,89.25
宜蘭縣,冬山鄉,八寶村,258,144337,559,482,288,684,388.94,69.52
宜蘭縣,冬山鄉,丸山村,404,254929,631,525,368,790,430.44,68.21
宜蘭縣,冬山鄉,中山村,105,54138,516,466,304,619,295.35,57.28
宜蘭縣,冬山鄉,順安村,1305,766194,587,498,317,740,410.66,69.94
宜蘭縣,冬山鄉,清溝村,805,514074,639,536,337,812,457.34,71.62
宜蘭縣,冬山鄉,？英村,1409,920621,653,520,308,806,563.42,86.23
宜蘭縣,冬山鄉,鹿埔村,614,326243,531,458,262,704,358.57,67.48
宜蘭縣,冬山鄉,得安村,234,134290,574,486,333,709,373.22,65.03
宜蘭縣,冬山鄉,廣興村,632,384122,608,510,303,781,455.45,74.94
宜蘭縣,冬山鄉,廣安村,387,245566,635,503,310,823,464.05,73.13
宜蘭縣,冬山鄉,柯林村,292,189378,649,520,331,776,770.15,118.75
宜蘭縣,冬山鄉,大進村,214,113052,528,443,316,661,343.88,65.09
宜蘭縣,蘇澳鎮,朝陽里,155,96419,622,489,300,717,569.28,91.52
宜蘭縣,蘇澳鎮,永樂里,164,85783,523,436,279,670,347.86,66.50
宜蘭縣,蘇澳鎮,長安里,218,132119,606,536,336,816,366.25,60.43
宜蘭縣,蘇澳鎮,永春里,182,102732,564,467,301,694,398.93,70.67
宜蘭縣,蘇澳鎮,南興里,335,184654,551,449,308,698,395.46,71.74
宜蘭縣,蘇澳鎮,港邊里,334,198175,593,499,314,738,411.58,69.37
宜蘭縣,蘇澳鎮,東澳里,83,39482,476,414,268,617,299.10,62.88
宜蘭縣,蘇澳鎮,聖湖里,1567,965696,616,509,318,767,474.35,76.97
宜蘭縣,蘇澳鎮,新城里,345,219210,635,543,334,755,473.94,74.59
宜蘭縣,蘇澳鎮,隘丁里,676,404241,598,512,304,781,459.79,76.89
宜蘭縣,蘇澳鎮,永榮里,1008,636373,631,515,329,773,519.20,82.24
宜蘭縣,蘇澳鎮,存仁里,285,153796,540,465,308,666,345.71,64.06
宜蘭縣,蘇澳鎮,頂寮里,245,139351,569,476,291,742,387.71,68.16
宜蘭縣,蘇澳鎮,蘇東里,151,91539,606,462,264,811,476.30,78.57
宜蘭縣,蘇澳鎮,南強里,191,105060,550,480,320,687,345.20,62.76
宜蘭縣,蘇澳鎮,南寧里,245,139548,570,440,306,671,467.13,82.01
宜蘭縣,蘇澳鎮,南安里,311,173762,559,456,279,731,399.99,71.59
宜蘭縣,蘇澳鎮,南正里,241,132053,548,415,293,632,482.26,88.01
宜蘭縣,蘇澳鎮,蘇西里,701,453464,647,529,305,832,511.51,79.07
宜蘭縣,蘇澳鎮,蘇南里,177,125414,709,560,315,918,630.99,89.05
宜蘭縣,蘇澳鎮,蘇北里,369,223289,605,515,306,773,463.95,76.67
宜蘭縣,蘇澳鎮,永光里,157,116276,741,484,335,750,1220.40,164.78
宜蘭縣,蘇澳鎮,岳明里,29,19140,660,535,360,732,558.52,84.63
宜蘭縣,蘇澳鎮,龍德里,916,503796,550,486,318,698,360.58,65.56
宜蘭縣,蘇澳鎮,南成里,255,124494,488,420,278,640,297.40,60.92
宜蘭縣,蘇澳鎮,南建里,239,116576,488,422,259,639,369.37,75.73
宜蘭縣,三星鄉,大義村,298,178730,600,501,296,728,509.71,84.99
宜蘭縣,三星鄉,員山村,62,33841,546,441,321,698,336.20,61.60
宜蘭縣,三星鄉,月眉村,213,131390,617,508,320,744,491.93,79.75
宜蘭縣,三星鄉,人和村,106,75970,717,505,308,734,1413.25,197.19
宜蘭縣,三星鄉,義德村,301,192382,639,510,298,819,529.16,82.79
宜蘭縣,三星鄉,雙賢村,144,85377,593,487,269,704,492.13,83.01
宜蘭縣,三星鄉,集慶村,310,189280,611,483,298,756,451.67,73.97
宜蘭縣,三星鄉,萬德村,133,77108,580,472,317,761,402.85,69.49
宜蘭縣,三星鄉,萬富村,167,113270,678,559,385,823,473.38,69.79
宜蘭縣,三星鄉,貴林村,123,62728,510,459,283,656,325.32,63.79
宜蘭縣,三星鄉,大隱村,929,526354,567,468,291,689,445.12,78.56
宜蘭縣,三星鄉,行健村,168,94784,564,463,275,629,780.29,138.30
宜蘭縣,三星鄉,拱照村,278,149945,539,479,300,691,349.41,64.78
宜蘭縣,三星鄉,大洲村,338,196917,583,499,310,747,414.79,71.20
宜蘭縣,三星鄉,尾塹村,335,179504,536,453,300,705,348.95,65.12
宜蘭縣,三星鄉,尚武村,208,115374,555,488,301,682,421.59,76.01
宜蘭縣,三星鄉,天山村,161,84130,523,422,270,631,408.62,78.20
宜蘭縣,三星鄉,天福村,199,112541,566,496,296,680,397.87,70.35
宜蘭縣,大同鄉,太平村,16,7922,495,387,214,612,370.11,74.75
宜蘭縣,大同鄉,南山村,29,13456,464,478,302,587,239.28,51.57
宜蘭縣,大同鄉,復興村,85,39965,470,405,285,593,274.02,58.28
宜蘭縣,大同鄉,寒溪村,179,82053,458,350,193,664,358.90,78.30
宜蘭縣,大同鄉,松羅村,88,46950,534,467,311,712,349.86,65.58
宜蘭縣,大同鄉,四季村,60,42249,704,575,374,749,971.92,138.03
宜蘭縣,大同鄉,樂水村,35,19586,560,503,259,818,363.43,64.94
宜蘭縣,大同鄉,崙埤村,88,56876,646,576,358,784,381.83,59.08
宜蘭縣,大同鄉,英士村,29,13816,476,371,240,676,343.13,72.02
宜蘭縣,大同鄉,茂安村,27,13883,514,500,354,653,215.52,41.91
宜蘭縣,南澳鄉,南澳村,251,156900,625,592,331,803,416.97,66.70
宜蘭縣,南澳鄉,碧候村,160,59007,369,297,163,580,276.36,74.94
宜蘭縣,南澳鄉,東岳村,88,56928,647,577,385,791,452.64,69.97
宜蘭縣,南澳鄉,武塔村,101,58075,575,512,312,784,366.01,63.65
宜蘭縣,南澳鄉,金岳村,97,36601,377,340,161,479,303.76,80.50
宜蘭縣,南澳鄉,金洋村,50,23808,476,446,288,641,239.46,50.29
宜蘭縣,南澳鄉,澳花村,133,69291,521,417,262,656,431.80,82.88
桃園市,桃園市,自強里,1585,1825842,1152,808,484,1268,2495.33,216.62
桃園市,桃園市,中正里,1514,1434098,947,659,399,1127,1354.06,142.95
桃園市,桃園市,三民里,1407,1681381,1195,790,444,1364,1977.46,165.48
桃園市,桃園市,莊敬里,1683,1764115,1048,827,458,1327,926.71,88.41
桃園市,桃園市,龍安里,809,719443,889,711,426,1139,836.91,94.11
桃園市,桃園市,南門里,1706,1375735,806,605,372,985,769.09,95.37
桃園市,桃園市,建國里,1455,1117858,768,610,370,988,603.21,78.51
桃園市,桃園市,東門里,956,968991,1014,685,376,1250,1272.08,125.50
桃園市,桃園市,西門里,486,392996,809,574,352,989,915.61,113.23
桃園市,桃園市,萬壽里,338,277656,821,608,379,969,766.29,93.28
桃園市,桃園市,朝陽里,592,454553,768,558,345,971,639.23,83.25
桃園市,桃園市,大有里,791,737439,932,719,435,1232,744.04,79.81
桃園市,桃園市,文昌里,359,344698,960,615,369,1277,978.50,101.91
桃園市,桃園市,中山里,1766,1648409,933,672,400,1147,1715.93,183.83
桃園市,桃園市,成功里,1314,1486949,1132,807,439,1390,1351.49,119.43
桃園市,桃園市,中原里,1018,973165,956,786,463,1199,846.67,88.57
桃園市,桃園市,永安里,1223,953534,780,562,347,973,898.28,115.21
桃園市,桃園市,西湖里,445,489775,1101,614,336,1208,2679.88,243.49
桃園市,桃園市,福林里,1595,1275557,800,585,364,1005,847.28,105.95
桃園市,桃園市,福安里,1077,933246,867,656,373,1126,763.29,88.09
桃園市,桃園市,東山里,668,632948,948,662,395,1176,977.20,103.13
桃園市,桃園市,文化里,370,414504,1120,764,417,1415,1146.14,102.31
桃園市,桃園市,中和里,504,482566,957,577,357,1066,1375.73,143.68
桃園市,桃園市,長安里,939,991751,1056,560,356,913,8148.07,771.47
桃園市,桃園市,中興里,1570,1374348,875,603,379,1069,956.94,109.32
桃園市,桃園市,民生里,538,715963,1331,654,370,1234,3654.84,274.64
桃園市,桃園市,永興里,677,553809,818,562,346,956,1102.89,134.82
桃園市,桃園市,光興里,1632,1581311,969,666,375,1143,1323.58,136.60
桃園市,桃園市,龍山里,1131,761759,674,542,355,844,536.09,79.59
桃園市,桃園市,大興里,1944,1658153,853,624,389,1081,1070.46,125.50
桃園市,桃園市,同安里,1418,1310362,924,688,404,1106,1002.77,108.51
桃園市,桃園市,大林里,1730,1189466,688,547,343,893,523.82,76.19
桃園市,桃園市,北門里,533,408819,767,583,346,945,755.93,98.56
桃園市,桃園市,大豐里,1315,1049021,798,620,397,1000,660.02,82.74
桃園市,桃園市,寶慶里,1674,1717837,1026,787,449,1250,1213.35,118.24
桃園市,桃園市,龍鳳里,1471,1213641,825,695,419,1060,624.93,75.74
桃園市,桃園市,泰山里,1118,969875,868,618,395,1071,774.84,89.32
桃園市,桃園市,文明里,554,501629,905,677,383,1135,856.31,94.57
桃園市,桃園市,中泰里,2139,2067395,967,784,478,1238,765.46,79.20
桃園市,桃園市,中信里,1134,1001613,883,689,396,1123,763.70,86.46
桃園市,桃園市,中平里,1119,979369,875,657,413,1134,770.14,87.99
桃園市,桃園市,中路里,1108,994498,898,680,399,1157,794.69,88.54
桃園市,桃園市,忠義里,2039,1930310,947,702,401,1162,921.92,97.38
桃園市,桃園市,文中里,893,719249,805,616,385,987,780.68,96.93
桃園市,桃園市,新埔里,1899,1869640,985,697,432,1145,1438.10,146.07
桃園市,桃園市,中埔里,940,713472,759,557,366,914,786.17,103.58
桃園市,桃園市,武陵里,538,500353,930,623,338,1142,1275.15,137.11
桃園市,桃園市,長美里,336,294054,875,658,360,1098,856.81,97.90
桃園市,桃園市,雲林里,1418,1174957,829,646,387,1059,717.29,86.57
桃園市,桃園市,豐林里,1799,1476886,821,601,370,1028,806.53,98.24
桃園市,桃園市,會稽里,1904,1801424,946,686,404,1172,1137.80,120.26
桃園市,桃園市,青溪里,1411,1188855,843,616,379,1039,884.60,104.99
桃園市,桃園市,汴洲里,1124,781989,696,543,334,873,596.96,85.80
桃園市,桃園市,東埔里,1267,933793,737,561,349,907,685.60,93.02
桃園市,桃園市,西埔里,872,682124,782,569,367,951,928.68,118.72
桃園市,桃園市,龍岡里,1329,1113691,838,683,419,1091,622.95,74.34
桃園市,桃園市,南華里,511,405625,794,576,347,976,743.60,93.68
桃園市,桃園市,玉山里,1528,1194254,782,599,365,971,667.41,85.39
桃園市,桃園市,慈文里,1410,1032167,732,586,372,919,552.26,75.44
桃園市,桃園市,中成里,1233,1180051,957,581,365,967,4789.40,500.43
桃園市,桃園市,春日里,1312,916842,699,547,362,894,543.95,77.84
桃園市,桃園市,信光里,1371,1032706,753,571,353,936,665.78,88.39
桃園市,桃園市,中寧里,2228,2305320,1035,769,446,1229,1853.53,179.14
桃園市,桃園市,中德里,1404,1084558,772,610,382,1003,615.52,79.68
桃園市,桃園市,龍祥里,1903,1492289,784,621,397,981,613.92,78.29
桃園市,桃園市,寶山里,1253,1138729,909,689,419,1084,1432.13,157.58
桃園市,桃園市,長德里,947,847260,895,580,360,996,2177.28,243.36
桃園市,桃園市,南埔里,979,822904,841,630,399,1033,844.41,100.46
桃園市,桃園市,北埔里,2089,1845192,883,712,443,1081,815.93,92.37
桃園市,大溪鎮,光明里,471,368460,782,548,349,920,1728.50,220.95
桃園市,大溪鎮,仁愛里,664,407473,614,516,316,792,423.99,69.09
桃園市,大溪鎮,福安里,603,393457,652,500,287,819,572.13,87.68
桃園市,大溪鎮,永福里,269,252539,939,555,343,839,1853.73,197.46
桃園市,大溪鎮,一德里,1222,853796,699,531,321,837,1103.62,157.96
桃園市,大溪鎮,南興里,1280,796606,622,497,318,799,469.79,75.49
桃園市,大溪鎮,復興里,239,147058,615,522,318,779,451.95,73.45
桃園市,大溪鎮,仁和里,675,411995,610,504,309,781,463.05,75.87
桃園市,大溪鎮,田心里,1059,776220,733,561,329,884,830.40,113.29
桃園市,大溪鎮,福仁里,360,275456,765,535,305,876,1079.10,141.03
桃園市,大溪鎮,仁義里,711,432737,609,515,359,755,390.10,64.09
桃園市,大溪鎮,義和里,448,271977,607,488,306,798,479.83,79.04
桃園市,大溪鎮,瑞興里,721,438944,609,495,312,731,589.46,96.82
桃園市,大溪鎮,員林里,444,303131,683,554,351,863,530.13,77.65
桃園市,大溪鎮,新？里,185,97234,526,452,290,668,336.94,64.11
桃園市,大溪鎮,興和里,545,382496,702,551,315,919,641.28,91.37
桃園市,大溪鎮,一心里,1164,797666,685,525,318,854,668.99,97.62
桃園市,大溪鎮,月眉里,304,183049,602,487,329,751,437.37,72.64
桃園市,大溪鎮,康安里,329,208309,633,488,317,755,754.92,119.23
桃園市,大溪鎮,美華里,809,459571,568,460,293,698,469.66,82.68
桃園市,大溪鎮,中新里,470,279391,594,495,320,747,451.90,76.02
桃園市,大溪鎮,仁善里,767,512942,669,543,350,879,468.85,70.11
桃園市,大溪鎮,瑞源里,962,694950,722,570,359,907,609.89,84.43
桃園市,大溪鎮,僑愛里,183,131212,717,551,338,892,579.94,80.88
桃園市,大溪鎮,仁武里,807,522092,647,529,345,802,483.39,74.72
桃園市,大溪鎮,三元里,872,625445,717,550,359,848,626.81,87.39
桃園市,大溪鎮,仁文里,858,534613,623,532,339,800,407.90,65.46
桃園市,中壢市,自強里,1608,1290585,803,649,419,1018,597.34,74.43
桃園市,中壢市,中正里,1316,991283,753,616,396,955,543.11,72.10
桃園市,中壢市,三民里,832,598609,719,558,356,898,590.91,82.13
桃園市,中壢市,光明里,1532,1392262,909,670,382,1168,1148.21,126.35
桃園市,中壢市,仁愛里,1188,875137,737,624,400,969,483.71,65.66
桃園市,中壢市,龍安里,650,443614,682,571,364,872,545.59,79.94
桃園市,中壢市,龍興里,1216,898764,739,594,365,942,596.59,80.72
桃園市,中壢市,幸福里,1459,1191561,817,656,384,1055,650.36,79.63
桃園市,中壢市,仁德里,1243,796678,641,541,359,836,433.53,67.64
桃園市,中壢市,和平里,658,483423,735,575,375,955,577.45,78.60
桃園市,中壢市,正義里,1040,903645,869,683,398,1108,736.03,84.71
桃園市,中壢市,中山里,1730,1418842,820,683,417,1055,613.41,74.79
桃園市,中壢市,成功里,1053,794976,755,647,402,929,544.58,72.13
桃園市,中壢市,中原里,1351,1046815,775,626,388,1002,584.65,75.45
桃園市,中壢市,復華里,1218,933040,766,626,386,980,745.66,97.34
桃園市,中壢市,中央里,1278,1311110,1026,719,415,1220,1276.35,124.41
桃園市,中壢市,福德里,806,656437,814,686,408,1053,580.70,71.30
桃園市,中壢市,永福里,1465,1442095,984,652,410,1057,6060.45,615.67
桃園市,中壢市,文化里,1781,1405623,789,632,390,983,1004.92,127.33
桃園市,中壢市,中榮里,328,296064,903,611,352,1109,915.71,101.45
桃園市,中壢市,忠孝里,678,557767,823,683,405,1056,726.52,88.31
桃園市,中壢市,振興里,1244,912741,734,562,342,941,720.24,98.16
桃園市,中壢市,東興里,1687,1388411,823,615,372,1035,781.50,94.96
桃園市,中壢市,復興里,1663,1195434,719,600,371,934,494.61,68.81
桃園市,中壢市,信義里,1174,1090135,929,719,415,1224,756.63,81.48
桃園市,中壢市,德義里,701,573986,819,673,382,1037,650.29,79.42
桃園市,中壢市,永興里,330,257743,781,531,317,996,774.16,99.12
桃園市,中壢市,新興里,1994,1780884,893,653,393,1124,844.66,94.57
桃園市,中壢市,明德里,1116,1011741,907,695,404,1213,760.11,83.84
桃園市,中壢市,仁美里,1236,987130,799,625,379,985,738.89,92.52
桃園市,中壢市,五福里,971,730114,752,554,349,943,650.86,86.56
桃園市,中壢市,仁義里,782,697005,891,668,399,1121,874.37,98.10
桃園市,中壢市,興南里,572,460757,806,619,369,1009,713.14,88.53
桃園市,中壢市,自立里,982,859067,875,732,435,1139,608.03,69.50
桃園市,中壢市,五權里,1449,1207698,833,595,370,1020,807.67,96.90
桃園市,中壢市,興仁里,1141,915427,802,613,373,995,695.31,86.66
桃園市,中壢市,山東里,867,612234,706,573,371,899,514.01,72.79
桃園市,中壢市,忠義里,555,415147,748,576,358,923,796.66,106.50
桃園市,中壢市,永光里,1142,971794,851,601,387,1033,824.32,96.87
桃園市,中壢市,龍德里,723,552706,764,587,375,944,700.72,91.66
桃園市,中壢市,龍岡里,1140,785245,689,558,370,864,526.93,76.50
桃園市,中壢市,興和里,849,613059,722,582,341,935,574.29,79.53
桃園市,中壢市,月眉里,992,650056,655,552,351,845,460.15,70.22
桃園市,中壢市,後寮里,1189,955397,804,611,385,1023,1013.73,126.16
桃園市,中壢市,石頭里,711,707371,995,650,379,1188,1232.41,123.87
桃園市,中壢市,普仁里,1128,920609,816,617,367,1049,717.33,87.89
桃園市,中壢市,普義里,864,723338,837,660,398,1069,727.17,86.86
桃園市,中壢市,內壢里,751,541523,721,584,362,887,546.39,75.77
桃園市,中壢市,內定里,1159,846819,731,592,382,930,546.72,74.83
桃園市,中壢市,水尾里,1854,1934548,1043,734,428,1263,1326.29,127.11
桃園市,中壢市,青埔里,394,263948,670,552,357,848,493.09,73.60
桃園市,中壢市,新街里,720,674650,937,668,393,1200,906.43,96.74
桃園市,中壢市,興國里,1588,1303006,821,629,362,1038,714.31,87.06
桃園市,中壢市,中壢里,298,232773,781,557,321,982,710.97,91.02
桃園市,中壢市,中建里,455,382380,840,589,347,1049,830.48,98.82
桃園市,中壢市,舊明里,695,540045,777,575,354,955,763.71,98.28
桃園市,中壢市,新明里,1262,1144754,907,626,387,1106,1203.77,132.71
桃園市,中壢市,芝芭里,608,432465,711,563,359,912,558.23,78.48
桃園市,中壢市,內厝里,1203,1090736,907,628,377,1080,1045.43,115.30
桃園市,中壢市,過嶺里,835,655020,784,588,368,959,1087.84,138.68
桃園市,中壢市,洽溪里,357,214966,602,497,329,798,388.86,64.58
桃園市,中壢市,中堅里,976,627002,642,549,355,837,422.85,65.82
桃園市,中壢市,篤行里,372,226106,608,510,355,769,406.67,66.91
桃園市,中壢市,忠福里,1987,1564670,787,604,373,1005,689.98,87.62
桃園市,中壢市,龍平里,851,567549,667,557,369,846,489.39,73.38
桃園市,中壢市,仁祥里,853,562812,660,538,360,833,477.53,72.38
桃園市,中壢市,龍東里,1260,841208,668,540,344,837,517.07,77.45
桃園市,中壢市,龍昌里,1477,1035529,701,592,385,909,454.42,64.82
桃園市,中壢市,普慶里,784,611294,780,603,352,978,758.27,97.25
桃園市,中壢市,普忠里,728,858340,1179,724,417,1220,6490.44,550.49
桃園市,中壢市,普強里,1013,959602,947,757,424,1298,709.03,74.85
桃園市,中壢市,至善里,1493,1145744,767,639,426,954,656.66,85.57
桃園市,中壢市,華勛里,824,524987,637,542,349,810,419.10,65.78
桃園市,中壢市,仁福里,1166,855917,734,601,391,928,509.37,69.39
桃園市,楊梅鎮,青山里,601,475588,791,633,420,976,629.44,79.54
桃園市,楊梅鎮,中山里,757,690379,912,771,420,1197,715.10,78.41
桃園市,楊梅鎮,金龍里,314,202323,644,527,332,822,468.03,72.64
桃園市,楊梅鎮,大同里,1147,938352,818,619,385,1060,698.64,85.40
桃園市,楊梅鎮,四維里,570,430302,755,619,360,1017,549.77,72.83
桃園市,楊梅鎮,新榮里,821,642215,782,609,378,966,676.52,86.49
桃園市,楊梅鎮,光華里,963,697060,724,571,361,930,579.90,80.11
桃園市,楊梅鎮,仁美里,1465,1138824,777,616,374,990,678.38,87.27
桃園市,楊梅鎮,永平里,456,370282,812,628,386,950,722.06,88.92
桃園市,楊梅鎮,永寧里,1332,1034290,776,627,372,1061,581.92,74.94
桃園市,楊梅鎮,楊梅里,1087,904317,832,644,384,1020,747.35,89.83
桃園市,楊梅鎮,楊江里,431,340868,791,583,328,1074,661.43,83.63
桃園市,楊梅鎮,紅梅里,744,593207,797,605,377,1090,636.04,79.77
桃園市,楊梅鎮,水美里,1194,827640,693,573,347,893,504.45,72.77
桃園市,楊梅鎮,上田里,811,592346,730,602,354,948,590.69,80.87
桃園市,楊梅鎮,東流里,807,563328,698,570,361,916,676.07,96.85
桃園市,楊梅鎮,大平里,1090,726290,666,552,338,887,470.00,70.54
桃園市,楊梅鎮,瑞原里,1097,750665,684,547,358,892,553.53,80.89
桃園市,楊梅鎮,員本里,618,412344,667,524,324,855,571.78,85.70
桃園市,楊梅鎮,富岡里,1429,969818,679,578,366,885,452.35,66.65
桃園市,楊梅鎮,豐野里,1075,755087,702,585,360,937,506.46,72.10
桃園市,楊梅鎮,上湖里,1115,780379,700,598,350,938,485.56,69.38
桃園市,楊梅鎮,三湖里,1118,807668,722,622,385,951,479.75,66.41
桃園市,楊梅鎮,梅溪里,1195,991216,829,689,411,1058,677.57,81.69
桃園市,楊梅鎮,瑞塘里,1478,1062028,719,588,363,951,529.37,73.67
桃園市,楊梅鎮,埔心里,567,419399,740,548,329,911,1017.81,137.60
桃園市,楊梅鎮,高山里,1338,925084,691,567,341,884,682.87,98.77
桃園市,楊梅鎮,高榮里,791,558625,706,568,354,893,750.24,106.23
桃園市,楊梅鎮,梅新里,581,445502,767,610,359,1012,634.00,82.68
桃園市,楊梅鎮,楊明里,1006,902743,897,741,445,1159,746.23,83.16
桃園市,楊梅鎮,金溪里,1364,1472936,1080,777,453,1269,1114.05,103.17
桃園市,楊梅鎮,裕成里,1086,980805,903,673,404,1073,1179.86,130.64
桃園市,楊梅鎮,秀才里,993,704547,710,587,355,937,522.73,73.67
桃園市,楊梅鎮,雙榮里,570,450881,791,634,405,1039,619.40,78.30
桃園市,楊梅鎮,瑞坪里,844,697813,827,675,399,1094,605.02,73.18
桃園市,蘆竹鄉,五福村,1439,1331835,926,773,487,1173,969.91,104.79
桃園市,蘆竹鄉,山？村,1246,827183,664,547,358,862,457.38,68.90
桃園市,蘆竹鄉,南興村,3123,2810860,900,748,482,1139,717.01,79.66
桃園市,蘆竹鄉,新興村,1183,893394,755,558,352,905,900.62,119.26
桃園市,蘆竹鄉,中福村,1207,929132,770,611,380,963,733.48,95.28
桃園市,蘆竹鄉,新莊村,1121,942025,840,640,411,1013,1741.44,207.23
桃園市,蘆竹鄉,大竹村,1066,978417,918,632,391,1035,2291.43,249.65
桃園市,蘆竹鄉,蘆竹村,1025,747642,729,558,369,889,681.30,93.40
桃園市,蘆竹鄉,南崁村,1065,987092,927,637,383,1094,1163.31,125.51
桃園市,蘆竹鄉,錦興村,1131,988869,874,662,396,1122,805.27,92.10
桃園市,蘆竹鄉,內厝村,733,598193,816,608,365,978,1082.29,132.62
桃園市,蘆竹鄉,山鼻村,554,376854,680,534,336,903,736.57,108.28
桃園市,蘆竹鄉,坑子村,605,388217,642,555,371,834,395.47,61.63
桃園市,蘆竹鄉,外社村,464,319942,690,554,339,858,537.43,77.94
桃園市,蘆竹鄉,坑口村,763,506462,664,539,361,848,474.97,71.56
桃園市,蘆竹鄉,海湖村,1431,926977,648,553,356,830,515.33,79.55
桃園市,蘆竹鄉,大華村,399,289145,725,615,395,886,546.47,75.41
桃園市,蘆竹鄉,富竹村,408,324414,795,635,385,955,1014.76,127.62
桃園市,蘆竹鄉,上竹村,758,633141,835,627,373,1043,757.00,90.63
桃園市,蘆竹鄉,宏竹村,743,472909,636,536,347,825,438.06,68.83
桃園市,蘆竹鄉,南榮村,954,806495,845,664,397,1111,676.72,80.05
桃園市,蘆竹鄉,長興村,659,495573,752,583,366,945,648.65,86.26
桃園市,蘆竹鄉,錦中村,672,561483,836,613,375,1080,739.62,88.52
桃園市,蘆竹鄉,瓦窯村,602,475113,789,652,387,1012,580.30,73.53
桃園市,蘆竹鄉,營盤村,1282,1261043,984,795,501,1216,821.52,83.52
桃園市,蘆竹鄉,羊稠村,1938,2276667,1175,888,526,1474,1123.23,95.61
桃園市,大園鄉,和平村,402,267823,666,569,354,856,484.81,72.77
桃園市,大園鄉,後厝村,577,408083,707,570,377,861,518.83,73.36
桃園市,大園鄉,大園村,1797,1299019,723,548,337,870,914.84,126.55
桃園市,大園鄉,田心村,1528,1048728,686,537,343,869,565.39,82.38
桃園市,大園鄉,溪海村,1096,784573,716,558,361,846,1182.34,165.17
桃園市,大園鄉,橫？村,1681,1169142,696,576,377,919,468.21,67.32
桃園市,大園鄉,五權村,1334,984902,738,601,371,932,612.87,83.01
桃園市,大園鄉,埔心村,1448,1026328,709,565,355,897,574.59,81.07
桃園市,大園鄉,大海村,392,278536,711,559,368,911,542.49,76.35
桃園市,大園鄉,三石村,959,671178,700,567,368,895,523.36,74.78
桃園市,大園鄉,？林村,1663,1204970,725,597,371,969,516.61,71.30
桃園市,大園鄉,竹圍村,827,558839,676,539,367,863,482.91,71.46
桃園市,大園鄉,海口村,489,305677,625,506,346,804,448.72,71.78
桃園市,大園鄉,沙崙村,771,480040,623,515,351,774,458.72,73.67
桃園市,大園鄉,圳頭村,656,444842,678,549,362,850,512.53,75.58
桃園市,大園鄉,內海村,600,413807,690,555,352,889,492.00,71.34
桃園市,大園鄉,北港村,736,453858,617,521,347,818,389.08,63.09
桃園市,大園鄉,南港村,897,613095,683,585,378,888,482.24,70.56
桃園市,大園鄉,建華村,249,174166,699,573,378,817,518.34,74.11
桃園市,龜山鄉,楓樹村,1032,775923,752,603,388,958,642.91,85.51
桃園市,龜山鄉,大同村,1478,1051968,712,560,357,905,614.62,86.35
桃園市,龜山鄉,中興村,1575,1166376,741,549,350,893,1256.74,169.70
桃園市,龜山鄉,龜山村,1687,1183269,701,547,358,846,700.10,99.81
桃園市,龜山鄉,新路村,1758,1314385,748,577,367,935,754.25,100.88
桃園市,龜山鄉,山頂村,1166,762365,654,553,343,834,451.99,69.13
桃園市,龜山鄉,兔坑村,764,478097,626,543,338,805,411.14,65.70
桃園市,龜山鄉,舊路村,622,412123,663,520,330,845,536.52,80.98
桃園市,龜山鄉,嶺頂村,1088,771850,709,536,348,872,732.33,103.23
桃園市,龜山鄉,龍壽村,679,447741,659,515,338,791,616.54,93.50
桃園市,龜山鄉,大崗村,2280,1974701,866,631,399,1034,1023.81,118.21
桃園市,龜山鄉,公西村,810,646294,798,660,411,998,600.28,75.23
桃園市,龜山鄉,樂善村,1657,1951854,1178,839,496,1445,1149.19,97.56
桃園市,龜山鄉,南上村,528,397004,752,570,362,967,567.61,75.49
桃園市,龜山鄉,大坑村,467,315746,676,541,325,882,495.60,73.30
桃園市,龜山鄉,陸光村,153,86908,568,503,329,717,333.01,58.63
桃園市,龜山鄉,精忠村,511,371043,726,578,351,902,568.09,78.24
桃園市,龜山鄉,山福村,1049,700638,668,548,348,833,511.58,76.59
桃園市,龜山鄉,山德村,1661,1227648,739,566,355,909,701.27,94.88
桃園市,龜山鄉,文化村,957,828889,866,675,423,1083,817.31,94.36
桃園市,龜山鄉,南美村,496,385045,776,610,388,998,632.52,81.48
桃園市,龜山鄉,幸福村,1192,723537,607,531,340,791,389.47,64.16
桃園市,龜山鄉,福源村,590,379513,643,529,351,835,428.67,66.64
桃園市,龜山鄉,龍華村,842,561083,666,532,357,820,496.55,74.52
桃園市,龜山鄉,迴龍村,1320,931868,706,596,364,883,516.81,73.21
桃園市,龜山鄉,新嶺村,856,581775,680,562,359,872,536.90,79.00
桃園市,八德市,大同里,662,462530,699,521,355,823,805.51,115.29
桃園市,八德市,福興里,975,677642,695,576,389,888,483.97,69.63
桃園市,八德市,大仁里,1081,717813,664,530,361,858,470.35,70.83
桃園市,八德市,大安里,856,610904,714,602,371,935,514.23,72.05
桃園市,八德市,大福里,1277,1087733,852,624,378,1052,779.32,91.49
桃園市,八德市,大興里,1172,843745,720,567,357,923,551.10,76.55
桃園市,八德市,大智里,1446,1243587,860,611,374,1040,1139.31,132.48
桃園市,八德市,大成里,1166,772905,663,529,343,829,497.11,74.99
桃園市,八德市,大忠里,528,339580,643,545,351,787,480.07,74.64
桃園市,八德市,大昌里,856,551448,644,554,346,847,416.91,64.72
桃園市,八德市,大明里,705,470720,668,570,345,868,439.52,65.83
桃園市,八德市,興仁里,1066,743079,697,586,361,905,478.41,68.63
桃園市,八德市,瑞豐里,1025,630488,615,513,330,795,418.87,68.10
桃園市,八德市,瑞祥里,895,593082,663,550,362,866,466.03,70.33
桃園市,八德市,瑞德里,963,617513,641,531,355,804,433.69,67.63
桃園市,八德市,廣興里,1612,1189848,738,580,353,947,590.44,79.99
桃園市,八德市,茄苳里,1432,972082,679,570,355,850,559.17,82.37
桃園市,八德市,竹園里,898,626974,698,575,358,888,514.80,73.73
桃園市,八德市,霄裡里,1073,652466,608,518,334,771,413.76,68.04
桃園市,八德市,白鷺里,759,514061,677,582,360,887,489.07,72.21
桃園市,八德市,大湳里,926,608347,657,552,350,846,439.34,66.87
桃園市,八德市,大勇里,822,586365,713,557,365,924,581.33,81.49
桃園市,八德市,大義里,985,692238,703,569,368,896,625.35,88.98
桃園市,八德市,瑞發里,966,647845,671,520,349,839,546.74,81.52
桃園市,八德市,廣隆里,1000,665746,666,543,349,838,525.07,78.87
桃園市,八德市,高明里,1032,694727,673,573,370,833,493.28,73.28
桃園市,八德市,大和里,903,689653,764,629,392,969,543.96,71.22
桃園市,八德市,大信里,696,422318,607,516,329,778,404.06,66.59
桃園市,八德市,大華里,1246,844021,677,546,345,884,497.46,73.44
桃園市,八德市,瑞泰里,906,586845,648,534,347,827,488.18,75.37
桃園市,八德市,大正里,822,618608,753,555,363,908,666.27,88.53
桃園市,八德市,大強里,830,567077,683,518,347,876,914.31,133.82
桃園市,八德市,大發里,586,422828,722,540,349,853,1368.13,189.61
桃園市,八德市,大竹里,453,311983,689,576,348,905,481.39,69.90
桃園市,八德市,大慶里,407,268540,660,524,328,823,569.78,86.36
桃園市,八德市,大千里,1330,977878,735,642,399,932,497.24,67.63
桃園市,八德市,大榮里,474,331950,700,556,326,909,558.79,79.79
桃園市,八德市,茄明里,970,703092,725,594,386,932,525.84,72.55
桃園市,八德市,高城里,635,407358,642,515,347,838,418.52,65.24
桃園市,龍潭鄉,上林村,941,690441,734,585,369,909,581.52,79.26
桃園市,龍潭鄉,龍潭村,667,516541,774,575,356,969,787.37,101.67
桃園市,龍潭鄉,中興村,2088,1434754,687,538,346,857,568.19,82.69
桃園市,龍潭鄉,中山村,1287,994155,772,572,353,978,705.50,91.33
桃園市,龍潭鄉,黃唐村,1684,1159585,689,557,356,848,921.41,133.81
桃園市,龍潭鄉,烏林村,2139,1526348,714,564,347,909,706.74,99.04
桃園市,龍潭鄉,八德村,1648,1111217,674,554,364,868,461.00,68.37
桃園市,龍潭鄉,九龍村,1323,887309,671,571,359,857,472.99,70.52
桃園市,龍潭鄉,佳安村,1152,1202310,1044,841,464,1381,809.25,77.54
桃園市,龍潭鄉,三坑村,386,280198,726,554,362,937,581.73,80.14
桃園市,龍潭鄉,大平村,301,270376,898,557,362,1080,1035.90,115.32
桃園市,龍潭鄉,三林村,2200,2165704,984,737,400,1305,837.04,85.03
桃園市,龍潭鄉,高平村,836,585112,700,581,358,900,502.46,71.79
桃園市,龍潭鄉,高原村,950,716606,754,600,380,950,777.23,103.04
桃園市,龍潭鄉,三和村,359,372323,1037,633,365,1303,1145.55,110.46
桃園市,龍潭鄉,三水村,181,107975,597,468,343,748,386.41,64.77
桃園市,龍潭鄉,干城村,142,76448,538,462,331,667,325.38,60.44
桃園市,龍潭鄉,中正村,2176,1715677,788,634,385,1002,612.73,77.71
桃園市,龍潭鄉,凌雲村,1487,952851,641,532,341,834,440.39,68.73
桃園市,平鎮市,東勢里,1296,893773,690,563,351,873,536.93,77.86
桃園市,平鎮市,中正里,352,226245,643,541,369,810,468.16,72.84
桃園市,平鎮市,莊敬里,1319,820518,622,517,344,811,399.96,64.30
桃園市,平鎮市,建安里,1126,763495,678,560,362,864,473.70,69.86
桃園市,平鎮市,龍興里,615,381880,621,512,339,806,496.65,79.98
桃園市,平鎮市,新安里,913,580026,635,528,340,820,465.97,73.35
桃園市,平鎮市,忠貞里,266,162086,609,491,330,725,432.64,71.00
桃園市,平鎮市,雙連里,1181,851416,721,558,353,863,636.14,88.24
桃園市,平鎮市,新富里,1648,1485621,901,703,424,1146,759.66,84.27
桃園市,平鎮市,福林里,662,441525,667,543,343,829,521.37,78.17
桃園市,平鎮市,新榮里,1335,1090660,817,617,365,1044,749.71,91.77
桃園市,平鎮市,北興里,1155,819069,709,595,371,928,493.80,69.63
桃園市,平鎮市,義民里,1224,1041227,851,637,378,1086,764.54,89.87
桃園市,平鎮市,東安里,666,452840,680,569,381,865,481.59,70.83
桃園市,平鎮市,北勢里,880,777218,883,652,394,1169,737.41,83.49
桃園市,平鎮市,廣興里,1298,1223858,943,669,394,1156,950.14,100.77
桃園市,平鎮市,東社里,932,617269,662,556,351,831,479.98,72.47
桃園市,平鎮市,山？里,849,528490,622,509,320,813,425.62,68.37
桃園市,平鎮市,平鎮里,1165,743727,638,532,329,826,490.19,76.79
桃園市,平鎮市,南勢里,1281,871381,680,575,352,877,469.80,69.07
桃園市,平鎮市,宋屋里,1804,1349299,748,638,394,950,581.26,77.71
桃園市,平鎮市,高雙里,918,809115,881,641,404,1051,887.26,100.67
桃園市,平鎮市,復旦里,2105,2058948,978,724,425,1222,1114.87,113.98
桃園市,平鎮市,新勢里,1184,1007807,851,602,366,997,1790.02,210.30
桃園市,平鎮市,貿易里,502,308100,614,549,339,797,400.53,65.26
桃園市,平鎮市,湧光里,1500,986380,658,553,345,860,470.36,71.53
桃園市,平鎮市,龍恩里,697,439469,631,530,335,807,433.47,68.75
桃園市,平鎮市,北貴里,1044,758462,726,580,360,958,546.02,75.16
桃園市,平鎮市,鎮興里,818,553955,677,550,360,869,540.23,79.77
桃園市,平鎮市,義興里,1704,1349832,792,613,364,1024,674.47,85.14
桃園市,平鎮市,湧豐里,519,372032,717,577,368,881,630.60,87.97
桃園市,平鎮市,湧安里,942,590953,627,534,347,843,402.60,64.18
桃園市,平鎮市,廣達里,980,810946,827,613,378,1065,739.29,89.34
桃園市,平鎮市,金星里,2592,1800409,695,587,367,919,481.30,69.29
桃園市,平鎮市,廣仁里,1237,807464,653,534,340,832,491.79,75.34
桃園市,平鎮市,新貴里,866,617869,713,561,365,908,687.06,96.30
桃園市,平鎮市,北富里,1087,855403,787,602,374,953,1245.33,158.25
桃園市,平鎮市,華安里,1013,656742,648,556,348,855,420.31,64.83
桃園市,平鎮市,金陵里,600,531786,886,571,349,1031,1098.31,123.92
桃園市,平鎮市,北安里,575,456458,794,588,372,1023,658.18,82.91
桃園市,平鎮市,北華里,807,763316,946,686,390,1212,929.03,98.22
桃園市,新屋鄉,永安村,755,480237,636,510,293,801,1225.38,192.65
桃園市,新屋鄉,永興村,278,166929,600,526,349,794,399.17,66.48
桃園市,新屋鄉,新屋村,845,613358,726,583,364,967,587.46,80.93
桃園市,新屋鄉,新生村,1079,760916,705,558,314,949,626.20,88.80
桃園市,新屋鄉,後湖村,404,262969,651,557,322,868,510.02,78.36
桃園市,新屋鄉,清華村,1022,629210,616,515,298,827,509.81,82.81
桃園市,新屋鄉,石磊村,518,329009,635,547,322,826,474.16,74.65
桃園市,新屋鄉,東明村,384,248443,647,551,328,851,473.80,73.23
桃園市,新屋鄉,社子村,452,300275,664,542,358,909,466.50,70.22
桃園市,新屋鄉,九斗村,638,524152,822,532,343,910,3523.22,428.85
桃園市,新屋鄉,埔頂村,733,440722,601,524,308,814,414.04,68.86
桃園市,新屋鄉,頭洲村,988,611791,619,506,323,824,487.99,78.81
桃園市,新屋鄉,大坡村,397,244097,615,516,326,814,412.52,67.09
桃園市,新屋鄉,望間村,468,322945,690,553,360,893,653.97,94.77
桃園市,新屋鄉,後庄村,371,217671,587,514,303,784,390.79,66.61
桃園市,新屋鄉,？榔村,373,207246,556,475,274,766,436.79,78.61
桃園市,新屋鄉,深圳村,193,108233,561,455,330,670,447.80,79.85
桃園市,新屋鄉,蚵間村,227,130547,575,447,282,720,503.73,87.59
桃園市,新屋鄉,笨港村,304,183133,602,486,306,783,446.54,74.13
桃園市,新屋鄉,下埔村,214,135407,633,529,327,872,421.15,66.56
桃園市,新屋鄉,石牌村,255,166930,655,537,332,857,499.75,76.34
桃園市,新屋鄉,下田村,507,312075,616,506,320,826,459.06,74.58
桃園市,新屋鄉,赤欄村,340,211483,622,527,325,871,398.41,64.05
桃園市,觀音鄉,觀音村,927,585269,631,521,348,835,409.39,64.84
桃園市,觀音鄉,大同村,535,362990,678,571,358,902,459.19,67.68
桃園市,觀音鄉,廣興村,401,266307,664,560,366,839,487.43,73.40
桃園市,觀音鄉,新興村,212,160070,755,512,337,810,1286.48,170.38
桃園市,觀音鄉,三和村,228,148295,650,568,352,864,378.43,58.18
桃園市,觀音鄉,白玉村,348,218731,629,546,328,786,468.42,74.53
桃園市,觀音鄉,武威村,207,127570,616,521,335,806,426.79,69.25
桃園市,觀音鄉,大潭村,350,234028,669,555,380,880,434.94,65.05
桃園市,觀音鄉,保生村,434,293891,677,584,364,877,464.32,68.57
桃園市,觀音鄉,新坡村,781,502876,644,530,331,807,476.73,74.04
桃園市,觀音鄉,廣福村,562,377647,672,556,339,857,486.46,72.39
桃園市,觀音鄉,金湖村,652,468229,718,624,406,953,457.32,63.68
桃園市,觀音鄉,坑尾村,376,253677,675,568,387,813,463.73,68.73
桃園市,觀音鄉,藍埔村,631,404922,642,543,360,844,416.31,64.87
桃園市,觀音鄉,大堀村,317,222354,701,588,322,902,560.45,79.90
桃園市,觀音鄉,上大村,542,368831,680,588,353,933,424.05,62.31
桃園市,觀音鄉,崙坪村,1092,762721,698,586,377,882,673.94,96.49
桃園市,觀音鄉,保障村,581,392071,675,535,337,857,603.35,89.41
桃園市,觀音鄉,草漯村,1115,776868,697,608,375,947,455.56,65.38
桃園市,觀音鄉,樹林村,531,339624,640,535,356,824,445.89,69.72
桃園市,觀音鄉,富林村,422,268226,636,527,335,813,447.67,70.43
桃園市,觀音鄉,塔？村,325,188442,580,485,294,772,409.83,70.68
桃園市,觀音鄉,富源村,663,469040,707,577,359,925,549.44,77.67
桃園市,復興鄉,三民村,374,227786,609,496,349,810,407.91,66.97
桃園市,復興鄉,長興村,73,45900,629,546,386,773,359.05,57.10
桃園市,復興鄉,澤仁村,273,184622,676,560,352,875,531.47,78.59
桃園市,復興鄉,霞雲村,69,41529,602,507,346,864,329.32,54.72
桃園市,復興鄉,義盛村,95,57715,608,540,346,826,365.17,60.11
桃園市,復興鄉,高義村,80,44171,552,565,351,714,294.77,53.39
桃園市,復興鄉,三光村,67,34115,509,515,304,659,240.72,47.28
桃園市,復興鄉,奎輝村,83,48285,582,513,361,729,320.18,55.04
桃園市,復興鄉,華陵村,119,76658,644,536,350,817,476.31,73.94
桃園市,復興鄉,羅浮村,162,103662,640,512,340,781,488.24,76.30
新竹縣,竹東鎮,中正里,529,335960,635,526,321,801,466.07,73.39
新竹縣,竹東鎮,仁愛里,934,738159,790,585,360,998,736.57,93.20
新竹縣,竹東鎮,中山里,671,492677,734,570,333,925,704.11,95.90
新竹縣,竹東鎮,三重里,1990,2229713,1120,804,445,1359,1226.32,109.45
新竹縣,竹東鎮,東華里,314,289801,923,549,314,919,1893.06,205.11
新竹縣,竹東鎮,榮華里,1985,1648372,830,637,380,1044,1086.06,130.78
新竹縣,竹東鎮,忠孝里,526,400928,762,584,334,1011,626.42,82.18
新竹縣,竹東鎮,東寧里,1016,794353,782,608,389,992,608.17,77.79
新竹縣,竹東鎮,竹東里,585,449565,768,573,323,940,765.96,99.67
新竹縣,竹東鎮,二重里,2460,2294640,933,671,399,1132,1403.68,150.48
新竹縣,竹東鎮,員山里,538,445001,827,649,402,1033,763.01,92.25
新竹縣,竹東鎮,南華里,448,377042,842,573,355,1044,836.74,99.42
新竹縣,竹東鎮,上坪里,129,71850,557,471,291,762,391.32,70.26
新竹縣,竹東鎮,瑞？里,102,55865,548,470,329,714,345.18,63.02
新竹縣,竹東鎮,軟橋里,107,63889,597,518,332,709,392.72,65.77
新竹縣,竹東鎮,員崠里,730,575556,788,598,394,1010,1010.64,128.18
新竹縣,竹東鎮,上？里,2495,1987655,797,613,382,1003,1110.25,139.36
新竹縣,竹東鎮,大鄉里,1277,981278,768,616,388,964,623.32,81.12
新竹縣,竹東鎮,商華里,828,652664,788,591,383,947,721.90,91.58
新竹縣,竹東鎮,榮樂里,496,365514,737,568,336,984,581.74,78.94
新竹縣,竹東鎮,？林里,1170,794812,679,537,343,875,513.93,75.65
新竹縣,竹東鎮,五豐里,2078,1888710,909,690,414,1142,821.91,90.43
新竹縣,竹東鎮,柯湖里,215,164334,764,577,326,1016,637.67,83.43
新竹縣,竹東鎮,頭重里,1309,1234320,943,643,398,1122,1498.22,158.89
新竹縣,竹東鎮,陸豐里,157,108283,690,560,371,924,448.27,65.00
新竹縣,關西鎮,東光里,391,223739,572,481,320,766,386.90,67.61
新竹縣,關西鎮,新富里,192,119606,623,516,324,793,540.05,86.69
新竹縣,關西鎮,西安里,592,404702,684,556,339,908,529.33,77.43
新竹縣,關西鎮,東山里,247,159908,647,563,346,836,402.85,62.23
新竹縣,關西鎮,大同里,250,171545,686,563,366,844,617.61,90.01
新竹縣,關西鎮,東興里,194,123127,635,532,308,845,463.14,72.97
新竹縣,關西鎮,東安里,1015,653055,643,542,334,843,466.00,72.43
新竹縣,關西鎮,南山里,372,236055,635,538,327,797,461.30,72.70
新竹縣,關西鎮,北山里,226,159560,706,554,361,839,532.40,75.41
新竹縣,關西鎮,上林里,272,155585,572,513,312,787,348.18,60.87
新竹縣,關西鎮,玉山里,183,102472,560,440,281,746,443.74,79.25
新竹縣,關西鎮,東平里,293,200082,683,589,338,862,542.15,79.39
新竹縣,關西鎮,南雄里,262,163907,626,488,326,788,445.24,71.17
新竹縣,關西鎮,北斗里,1316,937095,712,547,332,926,611.54,85.88
新竹縣,關西鎮,仁安里,379,265694,701,518,327,815,1510.88,215.52
新竹縣,關西鎮,錦山里,310,160740,519,466,306,671,300.71,57.99
新竹縣,關西鎮,金山里,217,128628,593,493,328,775,448.40,75.65
新竹縣,關西鎮,石光里,647,461478,713,584,350,940,551.46,77.32
新竹縣,關西鎮,新力里,204,129462,635,545,347,842,400.47,63.10
新竹縣,關西鎮,南和里,258,178675,693,559,360,889,561.95,81.14
新竹縣,關西鎮,南新里,303,185952,614,504,311,858,428.17,69.77
新竹縣,新埔鎮,新生里,224,161926,723,541,332,892,634.46,87.77
新竹縣,新埔鎮,新北里,168,103535,616,519,351,807,410.68,66.64
新竹縣,新埔鎮,文山里,1503,1094035,728,565,349,924,611.97,84.07
新竹縣,新埔鎮,清水里,123,83500,679,563,366,888,424.51,62.53
新竹縣,新埔鎮,新民里,374,253431,678,545,324,847,568.41,83.88
新竹縣,新埔鎮,新埔里,363,264993,730,590,345,978,553.18,75.78
新竹縣,新埔鎮,四座里,1017,730315,718,578,355,960,517.42,72.05
新竹縣,新埔鎮,五埔里,676,456848,676,529,334,882,545.46,80.71
新竹縣,新埔鎮,田新里,900,671691,746,612,374,973,564.26,75.61
新竹縣,新埔鎮,旱坑里,602,411086,683,560,352,932,496.33,72.68
新竹縣,新埔鎮,北平里,203,127246,627,527,336,858,428.22,68.32
新竹縣,新埔鎮,南平里,336,222856,663,567,349,856,469.86,70.84
新竹縣,新埔鎮,上寮里,625,436317,698,563,339,934,514.49,73.70
新竹縣,新埔鎮,下寮里,648,444405,686,562,363,886,462.69,67.47
新竹縣,新埔鎮,巨埔里,347,248547,716,607,400,929,493.15,68.85
新竹縣,新埔鎮,照門里,427,302479,708,561,384,904,707.14,99.82
新竹縣,新埔鎮,鹿鳴里,183,120176,657,532,354,867,441.49,67.23
新竹縣,新埔鎮,內立里,345,233547,677,544,348,856,498.11,73.58
新竹縣,新埔鎮,寶石里,277,205962,744,593,371,986,572.90,77.05
新竹縣,竹北市,新庄里,354,218833,618,500,317,807,486.90,78.76
新竹縣,竹北市,中興里,462,373826,809,657,409,1044,588.90,72.78
新竹縣,竹北市,泰和里,1392,1049787,754,581,356,962,671.13,88.99
新竹縣,竹北市,尚義里,440,272602,620,522,319,751,485.64,78.39
新竹縣,竹北市,竹北里,1255,1021519,814,628,389,1035,690.28,84.80
新竹縣,竹北市,大義里,487,308814,634,508,316,834,465.46,73.40
新竹縣,竹北市,東平里,116,83518,720,588,395,884,510.48,70.90
新竹縣,竹北市,竹仁里,2463,2190388,889,669,396,1104,943.47,106.09
新竹縣,竹北市,竹義里,1676,1431577,854,629,377,1053,987.70,115.63
新竹縣,竹北市,新社里,2012,1763495,876,667,401,1124,841.49,96.01
新竹縣,竹北市,新國里,1342,1170236,872,647,386,1095,797.49,91.45
新竹縣,竹北市,聯興里,1145,892084,779,616,372,960,810.35,104.01
新竹縣,竹北市,斗崙里,2122,2705926,1275,869,469,1535,2216.34,173.81
新竹縣,竹北市,鹿場里,379,322510,851,654,403,1095,807.67,94.91
新竹縣,竹北市,隘口里,210,315281,1501,555,375,980,11257.48,749.83
新竹縣,竹北市,東海里,912,675615,741,599,381,941,559.72,75.56
新竹縣,竹北市,十興里,1783,1655156,928,688,409,1152,933.69,100.58
新竹縣,竹北市,麻園里,444,305137,687,524,335,855,571.24,83.12
新竹縣,竹北市,溪州里,631,437481,693,521,325,859,670.51,96.71
新竹縣,竹北市,白地里,589,380682,646,513,313,792,520.92,80.60
新竹縣,竹北市,新港里,369,240849,653,508,335,782,537.46,82.34
新竹縣,竹北市,崇義里,576,340973,592,504,312,770,387.71,65.50
新竹縣,竹北市,大眉里,543,491665,905,601,381,1008,1514.55,167.27
新竹縣,湖口鄉,湖南村,451,302233,670,517,329,913,481.11,71.79
新竹縣,湖口鄉,中興村,1240,837831,676,563,352,863,491.17,72.69
新竹縣,湖口鄉,長嶺村,913,648236,710,593,361,946,514.29,72.43
新竹縣,湖口鄉,中勢村,976,702763,720,561,350,955,534.09,74.17
新竹縣,湖口鄉,孝勢村,445,322470,725,515,315,868,744.84,102.79
新竹縣,湖口鄉,仁勢村,298,237123,796,536,347,857,1101.30,138.40
新竹縣,湖口鄉,愛勢村,1372,1000978,730,588,366,923,564.56,77.38
新竹縣,湖口鄉,信勢村,1338,1001034,748,599,371,962,565.36,75.57
新竹縣,湖口鄉,和興村,896,595650,665,552,353,868,479.93,72.19
新竹縣,湖口鄉,德盛村,1215,877945,723,565,356,940,637.24,88.19
新竹縣,湖口鄉,波羅村,694,479286,691,608,389,873,493.13,71.40
新竹縣,湖口鄉,鳳山村,958,646639,675,559,354,873,503.64,74.61
新竹縣,湖口鄉,鳳凰村,1343,918996,684,560,352,879,502.96,73.50
新竹縣,湖口鄉,湖口村,831,604979,728,573,357,945,601.01,82.56
新竹縣,湖口鄉,湖鏡村,791,587150,742,576,365,940,566.81,76.36
新竹縣,湖口鄉,長安村,359,247174,689,536,336,872,1101.85,160.03
新竹縣,橫山鄉,豐田村,111,64654,582,503,325,693,408.38,70.11
新竹縣,橫山鄉,橫山村,1218,828179,680,542,347,865,545.92,80.29
新竹縣,橫山鄉,福興村,130,94544,727,554,365,859,1037.26,142.62
新竹縣,橫山鄉,新興村,565,381658,676,528,342,833,635.22,94.04
新竹縣,橫山鄉,內灣村,316,192730,610,490,335,772,417.58,68.47
新竹縣,橫山鄉,田寮村,295,207553,704,606,354,927,441.69,62.78
新竹縣,橫山鄉,沙坑村,362,225463,623,512,318,828,426.63,68.50
新竹縣,橫山鄉,南昌村,36,19712,548,522,296,804,298.91,54.59
新竹縣,橫山鄉,力行村,267,168570,631,531,322,800,454.42,71.98
新竹縣,橫山鄉,大肚村,512,344066,672,564,345,853,546.61,81.34
新竹縣,橫山鄉,豐鄉村,40,19127,478,386,218,597,405.30,84.76
新竹縣,新豐鄉,員山村,2636,2143270,813,673,401,1069,715.92,88.05
新竹縣,新豐鄉,福興村,288,206696,718,560,357,917,662.42,92.30
新竹縣,新豐鄉,後湖村,547,350806,641,552,333,834,422.86,65.94
新竹縣,新豐鄉,重興村,2039,1683175,825,570,361,896,5838.31,707.25
新竹縣,新豐鄉,新豐村,643,352268,548,446,294,683,410.81,74.99
新竹縣,新豐鄉,埔和村,667,392941,589,478,319,745,445.08,75.55
新竹縣,新豐鄉,鳳坑村,305,192062,630,457,318,770,562.71,89.36
新竹縣,新豐鄉,中崙村,835,602313,721,626,388,943,492.73,68.31
新竹縣,新豐鄉,青埔村,463,310609,671,552,342,875,507.57,75.66
新竹縣,新豐鄉,上坑村,474,322056,679,497,321,828,969.53,142.69
新竹縣,新豐鄉,坡頭村,234,129076,552,456,310,683,428.17,77.62
新竹縣,新豐鄉,松林村,1543,1140251,739,580,362,984,604.62,81.82
新竹縣,新豐鄉,瑞興村,441,287776,653,553,342,837,487.80,74.75
新竹縣,芎林鄉,五龍村,194,126667,653,569,365,861,419.67,64.28
新竹縣,芎林鄉,永興村,133,79730,599,530,347,753,421.01,70.23
新竹縣,芎林鄉,華龍村,139,84298,606,507,306,826,409.36,67.50
新竹縣,芎林鄉,秀湖村,307,222578,725,585,345,916,597.29,82.38
新竹縣,芎林鄉,石潭村,854,618685,724,578,342,917,631.47,87.16
新竹縣,芎林鄉,新鳳村,451,297015,659,530,317,899,476.52,72.36
新竹縣,芎林鄉,中坑村,197,127077,645,495,305,777,801.27,124.22
新竹縣,芎林鄉,水坑村,227,149173,657,533,333,781,495.41,75.39
新竹縣,芎林鄉,文林村,742,607800,819,598,372,1096,775.38,94.66
新竹縣,芎林鄉,芎林村,534,398562,746,580,371,925,592.73,79.41
新竹縣,芎林鄉,上山村,1159,1471390,1270,837,446,1497,1714.87,135.08
新竹縣,芎林鄉,下山村,393,349220,889,645,412,980,1637.18,184.24
新竹縣,寶山鄉,雙溪村,1533,1996505,1302,855,441,1610,1726.90,132.60
新竹縣,寶山鄉,新城村,379,233162,615,505,333,794,452.81,73.60
新竹縣,寶山鄉,寶山村,207,169098,817,590,337,1081,809.38,99.08
新竹縣,寶山鄉,深井村,232,140845,607,511,331,744,416.90,68.67
新竹縣,寶山鄉,三？村,226,137157,607,512,329,797,442.89,72.98
新竹縣,寶山鄉,寶斗村,207,123552,597,504,298,805,406.73,68.14
新竹縣,寶山鄉,大崎村,292,201791,691,569,363,842,585.28,84.69
新竹縣,寶山鄉,油田村,141,80254,569,511,338,751,366.51,64.39
新竹縣,寶山鄉,山湖村,186,261180,1404,763,418,1549,1922.98,136.95
新竹縣,北埔鄉,大林村,207,126307,610,532,337,836,357.53,58.59
新竹縣,北埔鄉,南興村,437,278049,636,493,300,828,514.88,80.92
新竹縣,北埔鄉,水？村,226,127601,565,440,294,706,428.07,75.82
新竹縣,北埔鄉,大湖村,145,88805,612,511,306,828,419.59,68.51
新竹縣,北埔鄉,埔尾村,895,584234,653,523,324,839,490.12,75.08
新竹縣,北埔鄉,南坑村,99,55352,559,494,294,737,353.10,63.15
新竹縣,北埔鄉,北埔村,412,270761,657,516,320,836,569.36,86.64
新竹縣,北埔鄉,南埔村,120,116911,974,517,355,768,2610.04,267.90
新竹縣,北埔鄉,外坪村,76,46878,617,500,303,846,565.18,91.63
新竹縣,峨眉鄉,峨眉村,282,189835,673,535,347,909,463.13,68.80
新竹縣,峨眉鄉,富興村,359,240175,669,521,338,795,639.95,95.66
新竹縣,峨眉鄉,中盛村,208,130928,629,542,338,803,399.11,63.40
新竹縣,峨眉鄉,石井村,166,98088,591,505,306,750,415.77,70.36
新竹縣,峨眉鄉,七星村,159,111593,702,551,335,897,690.38,98.37
新竹縣,峨眉鄉,湖光村,219,134097,612,514,318,853,400.00,65.33
新竹縣,尖石鄉,新樂村,208,107096,515,451,277,686,335.54,65.17
新竹縣,尖石鄉,嘉樂村,200,121354,607,479,325,826,409.95,67.56
新竹縣,尖石鄉,義興村,105,57468,547,434,255,750,375.31,68.57
新竹縣,尖石鄉,梅花村,76,46296,609,499,339,771,559.57,91.86
新竹縣,尖石鄉,錦屏村,133,70597,531,436,317,704,351.65,66.25
新竹縣,尖石鄉,玉？村,121,65378,540,473,333,711,291.82,54.01
新竹縣,尖石鄉,秀巒村,113,61565,545,488,280,714,399.12,73.26
新竹縣,五峰鄉,大隘村,263,143911,547,480,295,754,307.69,56.23
新竹縣,五峰鄉,桃山村,178,106126,596,479,343,712,453.33,76.03
新竹縣,五峰鄉,花園村,109,59630,547,447,300,692,414.17,75.71
新竹縣,五峰鄉,竹林村,59,30257,513,476,326,609,267.33,52.13
苗栗縣,苗栗市,水源里,751,528629,704,544,334,897,568.79,80.81
苗栗縣,苗栗市,福星里,1810,1315930,727,574,359,954,560.24,77.06
苗栗縣,苗栗市,建功里,1362,1181749,868,659,382,1148,723.88,83.43
苗栗縣,苗栗市,大同里,194,133044,686,561,312,921,556.81,81.19
苗栗縣,苗栗市,文山里,1678,1253707,747,594,364,978,627.55,83.99
苗栗縣,苗栗市,玉清里,841,726166,863,703,410,1127,660.61,76.51
苗栗縣,苗栗市,中苗里,367,333374,908,634,366,1067,982.01,108.11
苗栗縣,苗栗市,青苗里,392,323367,825,556,312,973,832.94,100.97
苗栗縣,苗栗市,玉苗里,329,233679,710,538,300,915,640.50,90.18
苗栗縣,苗栗市,綠苗里,294,228286,776,563,342,938,712.05,91.70
苗栗縣,苗栗市,高苗里,862,675904,784,576,367,915,1162.91,148.31
苗栗縣,苗栗市,恭敬里,483,330375,684,524,313,850,574.10,83.93
苗栗縣,苗栗市,新苗里,342,278102,813,586,329,996,1154.35,141.96
苗栗縣,苗栗市,勝利里,1145,828641,724,553,333,947,622.71,86.04
苗栗縣,苗栗市,維祥里,1070,863018,807,619,386,1074,678.43,84.11
苗栗縣,苗栗市,嘉盛里,1778,1376010,774,611,362,1023,629.86,81.39
苗栗縣,苗栗市,北苗里,1537,1294499,842,662,385,1133,695.53,82.58
苗栗縣,苗栗市,上苗里,658,575420,874,637,354,1137,777.31,88.89
苗栗縣,苗栗市,福麗里,1509,1202837,797,621,360,1030,689.34,86.48
苗栗縣,苗栗市,新川里,341,204265,599,509,309,747,463.59,77.39
苗栗縣,苗栗市,新英里,843,564368,669,525,340,853,542.50,81.03
苗栗縣,苗栗市,清華里,1121,1018347,908,696,408,1194,781.05,85.98
苗栗縣,苗栗市,玉華里,1191,897235,753,563,367,979,601.62,79.86
苗栗縣,苗栗市,維新里,1256,978469,779,579,358,989,698.76,89.70
苗栗縣,苑裡鎮,中正里,578,317990,550,457,294,654,427.21,77.65
苗栗縣,苑裡鎮,西平里,413,202247,490,444,272,636,321.54,65.66
苗栗縣,苑裡鎮,田心里,462,250231,542,466,303,694,375.21,69.27
苗栗縣,苑裡鎮,舊社里,563,303559,539,420,264,692,535.11,99.25
苗栗縣,苑裡鎮,玉田里,535,262966,492,414,243,647,342.03,69.59
苗栗縣,苑裡鎮,福田里,434,224434,517,437,264,671,351.08,67.89
苗栗縣,苑裡鎮,山？里,465,270422,582,452,292,715,493.04,84.78
苗栗縣,苑裡鎮,南勢里,203,106891,527,420,292,607,523.00,99.33
苗栗縣,苑裡鎮,上？里,450,238660,530,455,291,651,363.45,68.53
苗栗縣,苑裡鎮,苑東里,581,366815,631,484,298,779,585.49,92.74
苗栗縣,苑裡鎮,苑南里,545,429593,788,493,298,876,1278.04,162.14
苗栗縣,苑裡鎮,苑北里,269,167887,624,457,283,761,574.30,92.02
苗栗縣,苑裡鎮,西勢里,541,310797,574,467,294,754,412.86,71.87
苗栗縣,苑裡鎮,海岸里,307,143577,468,391,230,645,328.43,70.23
苗栗縣,苑裡鎮,客庄里,1106,728742,659,502,305,774,871.21,132.22
苗栗縣,苑裡鎮,苑坑里,290,137452,474,422,224,608,345.28,72.85
苗栗縣,苑裡鎮,水坡里,171,81955,479,394,261,599,362.62,75.66
苗栗縣,苑裡鎮,石鎮里,198,118821,600,439,274,732,501.13,83.51
苗栗縣,苑裡鎮,蕉埔里,299,160768,538,453,291,700,390.08,72.55
苗栗縣,苑裡鎮,社苓里,631,346412,549,448,297,653,587.42,107.00
苗栗縣,苑裡鎮,泰田里,466,242480,520,453,297,643,359.90,69.17
苗栗縣,苑裡鎮,山柑里,397,201021,506,432,283,622,405.56,80.10
苗栗縣,苑裡鎮,新復里,375,199675,532,464,271,686,365.09,68.57
苗栗縣,苑裡鎮,苑港里,336,173538,516,413,254,661,392.77,76.05
苗栗縣,苑裡鎮,房裡里,703,363434,517,429,272,642,377.88,73.10
苗栗縣,通霄鎮,內湖里,549,297221,541,443,255,665,441.20,81.49
苗栗縣,通霄鎮,福興里,168,78469,467,376,201,621,371.39,79.51
苗栗縣,通霄鎮,福龍里,130,68891,530,452,263,751,366.76,69.21
苗栗縣,通霄鎮,楓樹里,161,74717,464,366,204,594,384.31,82.81
苗栗縣,通霄鎮,城南里,333,174822,525,416,239,657,566.43,107.89
苗栗縣,通霄鎮,城北里,199,97007,487,425,266,655,307.93,63.17
苗栗縣,通霄鎮,坪頂里,379,216068,570,487,283,764,411.24,72.14
苗栗縣,通霄鎮,新埔里,418,216893,519,421,258,627,422.12,81.35
苗栗縣,通霄鎮,圳頭里,235,117170,499,429,256,645,372.36,74.68
苗栗縣,通霄鎮,南和里,202,119353,591,434,284,659,671.11,113.58
苗栗縣,通霄鎮,通東里,410,270719,660,512,305,839,546.85,82.82
苗栗縣,通霄鎮,通西里,732,505303,690,518,305,891,584.50,84.67
苗栗縣,通霄鎮,平元里,1219,743847,610,502,285,794,451.46,73.98
苗栗縣,通霄鎮,梅南里,496,259822,524,419,245,651,524.77,100.18
苗栗縣,通霄鎮,通灣里,718,367012,511,452,277,656,340.21,66.56
苗栗縣,通霄鎮,白東里,454,248340,547,447,286,665,455.93,83.35
苗栗縣,通霄鎮,白西里,236,130957,555,471,328,656,599.02,107.95
苗栗縣,通霄鎮,內島里,258,142556,553,454,282,669,679.65,123.00
苗栗縣,通霄鎮,烏眉里,266,145914,549,484,268,727,374.70,68.31
苗栗縣,通霄鎮,福源里,228,111539,489,424,244,638,353.51,72.26
苗栗縣,通霄鎮,五北里,456,229213,503,447,247,650,375.45,74.69
苗栗縣,通霄鎮,五南里,450,228177,507,422,252,657,352.27,69.47
苗栗縣,通霄鎮,通南里,873,430419,493,429,242,629,365.40,74.11
苗栗縣,公館鄉,福德村,111,68760,619,491,325,799,480.01,77.49
苗栗縣,公館鄉,大坑村,260,145669,560,459,296,690,406.90,72.63
苗栗縣,公館鄉,館中村,542,383865,708,574,353,964,491.84,69.44
苗栗縣,公館鄉,館南村,891,593083,666,564,343,891,457.98,68.80
苗栗縣,公館鄉,中義村,613,403137,658,534,331,847,497.58,75.66
苗栗縣,公館鄉,玉泉村,549,398593,726,578,340,949,604.49,83.26
苗栗縣,公館鄉,福基村,335,199183,595,467,264,802,505.05,84.94
苗栗縣,公館鄉,福星村,513,328884,641,539,316,864,452.46,70.57
苗栗縣,公館鄉,石墻村,446,287364,644,538,311,890,460.87,71.53
苗栗縣,公館鄉,開礦村,92,52124,567,447,286,716,449.99,79.42
苗栗縣,公館鄉,五谷村,562,362737,645,546,342,841,461.89,71.56
苗栗縣,公館鄉,玉谷村,354,221765,626,493,302,823,549.66,87.74
苗栗縣,公館鄉,鶴岡村,472,309948,657,559,324,887,451.44,68.75
苗栗縣,公館鄉,鶴山村,426,249358,585,471,277,742,462.48,79.01
苗栗縣,公館鄉,尖山村,415,311610,751,524,369,899,1377.11,183.40
苗栗縣,公館鄉,仁安村,361,225859,626,513,332,754,463.07,74.01
苗栗縣,公館鄉,南河村,54,27625,512,419,246,639,412.75,80.68
苗栗縣,公館鄉,北河村,79,44206,560,493,337,738,331.50,59.24
苗栗縣,公館鄉,館東村,746,520955,698,555,353,884,559.47,80.12
苗栗縣,銅鑼鄉,福興村,341,222926,654,540,324,900,493.97,75.56
苗栗縣,銅鑼鄉,銅鑼村,1479,1011899,684,563,348,901,492.59,72.00
苗栗縣,銅鑼鄉,朝陽村,535,351078,656,513,314,838,508.64,77.51
苗栗縣,銅鑼鄉,竹森村,297,192098,647,516,342,852,445.27,68.84
苗栗縣,銅鑼鄉,九湖村,397,242437,611,499,332,730,470.85,77.10
苗栗縣,銅鑼鄉,樟樹村,402,249479,621,530,312,810,414.71,66.82
苗栗縣,銅鑼鄉,興隆村,183,112794,616,524,331,846,392.10,63.62
苗栗縣,銅鑼鄉,盛隆村,136,81199,597,449,274,841,425.64,71.29
苗栗縣,銅鑼鄉,新隆村,153,87960,575,518,308,729,385.62,67.08
苗栗縣,銅鑼鄉,中平村,899,582784,648,549,328,861,459.81,70.93
苗栗縣,三義鄉,西湖村,404,262518,650,532,312,837,471.31,72.53
苗栗縣,三義鄉,廣盛村,1294,919557,711,568,345,969,530.13,74.60
苗栗縣,三義鄉,？湖村,533,366937,688,571,348,960,459.84,66.79
苗栗縣,三義鄉,？潭村,418,301646,722,581,351,1015,518.80,71.89
苗栗縣,三義鄉,勝興村,964,648222,672,538,355,922,477.94,71.08
苗栗縣,三義鄉,龍騰村,109,62994,578,487,325,673,417.10,72.17
苗栗縣,三義鄉,鯉魚潭,291,162079,557,448,270,705,402.98,72.35
苗栗縣,西湖鄉,五湖村,254,172435,679,512,332,911,550.92,81.15
苗栗縣,西湖鄉,湖東村,332,196590,592,517,319,751,385.97,65.18
苗栗縣,西湖鄉,下埔村,170,115665,680,532,303,913,547.53,80.47
苗栗縣,西湖鄉,高埔村,183,110190,602,510,314,777,393.92,65.42
苗栗縣,西湖鄉,四湖村,189,116878,618,523,297,800,438.77,70.95
苗栗縣,西湖鄉,三湖村,285,188851,663,540,328,915,480.18,72.47
苗栗縣,西湖鄉,二湖村,192,103843,541,512,291,728,330.97,61.19
苗栗縣,西湖鄉,龍洞村,158,92843,588,526,347,714,370.48,63.05
苗栗縣,西湖鄉,金獅村,146,96838,663,533,330,864,502.06,75.69
苗栗縣,頭屋鄉,頭屋村,800,547446,684,554,347,900,540.40,78.97
苗栗縣,頭屋鄉,象山村,619,405938,656,545,360,856,470.93,71.81
苗栗縣,頭屋鄉,北坑村,201,106621,530,482,287,698,335.47,63.24
苗栗縣,頭屋鄉,獅潭村,500,333349,667,492,314,838,703.27,105.49
苗栗縣,頭屋鄉,曲洞村,265,180103,680,578,370,899,479.96,70.62
苗栗縣,頭屋鄉,飛鳳村,92,51162,556,454,304,742,368.44,66.25
苗栗縣,頭屋鄉,明德村,350,239331,684,580,377,875,453.72,66.35
苗栗縣,頭屋鄉,鳴鳳村,94,49913,531,444,335,715,273.87,51.58
苗栗縣,竹南鎮,中華里,779,635795,816,557,335,949,2552.88,312.79
苗栗縣,竹南鎮,港墘里,505,336434,666,515,346,812,659.07,98.93
苗栗縣,竹南鎮,公？里,397,223591,563,462,307,711,419.65,74.51
苗栗縣,竹南鎮,開元里,213,129086,606,508,328,746,433.50,71.53
苗栗縣,竹南鎮,竹南里,839,1160847,1384,634,362,1128,9229.20,667.04
苗栗縣,竹南鎮,龍鳳里,1598,1065666,667,526,337,828,669.72,100.43
苗栗縣,竹南鎮,中港里,348,224157,644,508,285,819,520.09,80.74
苗栗縣,竹南鎮,營盤里,943,664369,705,540,331,876,643.03,91.27
苗栗縣,竹南鎮,中美里,528,315165,597,502,311,745,457.72,76.68
苗栗縣,竹南鎮,大埔里,1060,706698,667,529,326,835,859.73,128.95
苗栗縣,竹南鎮,山佳里,1732,1193167,689,540,343,840,857.40,124.46
苗栗縣,竹南鎮,新南里,969,691098,713,535,334,896,647.27,90.76
苗栗縣,竹南鎮,正南里,872,707913,812,618,337,1014,786.63,96.90
苗栗縣,竹南鎮,頂埔里,794,493015,621,470,311,815,484.96,78.10
苗栗縣,竹南鎮,大厝里,1238,961161,776,592,359,942,728.80,93.87
苗栗縣,竹南鎮,聖福里,846,578577,684,522,320,853,669.75,97.93
苗栗縣,竹南鎮,竹興里,925,494259,534,448,295,676,364.36,68.19
苗栗縣,竹南鎮,中英里,367,216028,589,476,323,783,410.58,69.75
苗栗縣,竹南鎮,海口里,716,448916,627,518,328,789,438.73,69.98
苗栗縣,竹南鎮,崎頂里,918,657167,716,572,369,901,593.53,82.91
苗栗縣,竹南鎮,公義里,313,209367,669,519,356,789,571.40,85.42
苗栗縣,竹南鎮,照南里,890,689748,775,566,340,954,823.26,106.23
苗栗縣,頭份鎮,仁愛里,535,335291,627,507,319,761,525.46,83.84
苗栗縣,頭份鎮,建國里,922,721326,782,632,397,1000,622.57,79.58
苗栗縣,頭份鎮,和平里,344,229992,669,509,328,781,687.99,102.90
苗栗縣,頭份鎮,民權里,596,421720,708,552,325,886,665.82,94.10
苗栗縣,頭份鎮,成功里,967,723508,748,566,339,967,625.16,83.56
苗栗縣,頭份鎮,興隆里,1001,621423,621,501,328,750,459.77,74.06
苗栗縣,頭份鎮,忠孝里,1627,1218308,749,568,336,898,1310.43,175.00
苗栗縣,頭份鎮,民生里,694,422239,608,521,335,793,419.12,68.89
苗栗縣,頭份鎮,信義里,285,213673,750,604,325,981,603.22,80.46
苗栗縣,頭份鎮,田寮里,1058,709973,671,532,315,834,723.00,107.74
苗栗縣,頭份鎮,民族里,636,427791,673,510,315,854,588.28,87.46
苗栗縣,頭份鎮,山下里,804,635540,790,622,377,985,704.35,89.10
苗栗縣,頭份鎮,廣興里,277,170146,614,508,321,765,472.36,76.90
苗栗縣,頭份鎮,尖山里,452,277074,613,501,317,804,422.41,68.91
苗栗縣,頭份鎮,後庄里,1780,1278043,718,574,349,909,590.19,82.20
苗栗縣,頭份鎮,頭份里,985,709194,720,549,340,923,591.36,82.13
苗栗縣,頭份鎮,土牛里,270,177231,656,498,300,791,658.45,100.31
苗栗縣,頭份鎮,上興里,400,239773,599,508,323,734,430.77,71.86
苗栗縣,頭份鎮,下興里,724,458708,634,506,320,825,475.20,75.00
苗栗縣,頭份鎮,東庄里,859,579167,674,523,321,863,602.03,89.29
苗栗縣,頭份鎮,蟠桃里,879,631549,718,537,347,924,702.98,97.84
苗栗縣,頭份鎮,新華里,1253,737279,588,507,325,783,368.44,62.62
苗栗縣,頭份鎮,斗煥里,990,582881,589,490,329,766,385.29,65.44
苗栗縣,頭份鎮,上埔里,876,504346,576,501,309,735,401.22,69.69
苗栗縣,頭份鎮,珊湖里,591,363103,614,510,326,795,439.00,71.45
苗栗縣,頭份鎮,流東里,685,387484,566,479,298,732,447.75,79.15
苗栗縣,頭份鎮,尖下里,846,539644,638,541,343,812,436.07,68.36
苗栗縣,頭份鎮,濫坑里,760,458658,603,512,333,789,384.81,63.76
苗栗縣,頭份鎮,蘆竹里,450,259807,577,463,302,740,428.25,74.18
苗栗縣,造橋鄉,朝陽村,481,279870,582,505,337,741,399.02,68.58
苗栗縣,造橋鄉,造橋村,596,389493,654,578,366,833,417.86,63.94
苗栗縣,造橋鄉,平興村,159,100677,633,528,321,803,456.25,72.06
苗栗縣,造橋鄉,豐湖村,293,199838,682,526,340,872,557.47,81.74
苗栗縣,造橋鄉,錦水村,186,118125,635,533,360,799,398.72,62.78
苗栗縣,造橋鄉,大西村,1114,710571,638,534,326,818,447.50,70.16
苗栗縣,造橋鄉,大龍村,155,98140,633,553,357,868,385.71,60.92
苗栗縣,造橋鄉,談文村,245,139963,571,460,303,689,496.76,86.96
苗栗縣,造橋鄉,龍昇村,289,167389,579,494,336,728,382.18,65.98
苗栗縣,後龍鎮,南港里,354,180460,510,452,287,640,317.17,62.22
苗栗縣,後龍鎮,東明里,429,269791,629,519,343,781,431.11,68.55
苗栗縣,後龍鎮,中和里,303,160692,530,458,328,649,346.13,65.27
苗栗縣,後龍鎮,復興里,187,117128,626,487,322,786,530.10,84.63
苗栗縣,後龍鎮,大山里,460,283535,616,489,295,805,525.42,85.24
苗栗縣,後龍鎮,新民里,426,255353,599,498,307,736,462.63,77.18
苗栗縣,後龍鎮,溪洲里,644,346714,538,438,291,646,442.02,82.10
苗栗縣,後龍鎮,秀水里,182,108141,594,492,342,726,429.09,72.22
苗栗縣,後龍鎮,水尾里,297,145527,490,448,302,604,310.55,63.38
苗栗縣,後龍鎮,南龍里,407,227619,559,460,303,666,438.17,78.35
苗栗縣,後龍鎮,中龍里,310,232193,749,552,341,927,695.37,92.84
苗栗縣,後龍鎮,北龍里,468,303443,648,489,313,826,622.34,95.98
苗栗縣,後龍鎮,大庄里,1158,727291,628,500,312,797,495.44,78.88
苗栗縣,後龍鎮,豐富里,425,264008,621,504,316,794,455.58,73.34
苗栗縣,後龍鎮,校椅里,340,219465,645,504,324,779,725.55,112.40
苗栗縣,後龍鎮,埔頂里,736,402037,546,446,299,670,436.66,79.94
苗栗縣,後龍鎮,灣寶里,385,224958,584,465,308,715,502.67,86.03
苗栗縣,後龍鎮,海寶里,287,164409,573,469,290,737,407.86,71.20
苗栗縣,後龍鎮,外埔里,311,194355,625,480,307,739,748.89,119.84
苗栗縣,後龍鎮,海埔里,265,146916,554,468,299,711,371.91,67.08
苗栗縣,後龍鎮,龍津里,195,110220,565,473,319,688,416.49,73.69
苗栗縣,後龍鎮,龍坑里,380,216234,569,464,288,724,437.59,76.90
苗栗縣,後龍鎮,福寧里,220,123108,560,454,280,734,389.46,69.60
苗栗縣,三灣鄉,永和村,90,44451,494,415,235,594,374.98,75.92
苗栗縣,三灣鄉,內灣村,173,103149,596,519,337,776,388.20,65.11
苗栗縣,三灣鄉,北埔村,158,84672,536,433,276,637,443.29,82.72
苗栗縣,三灣鄉,三灣村,735,452321,615,502,324,792,459.40,74.65
苗栗縣,三灣鄉,銅鏡村,305,182343,598,463,284,758,453.09,75.79
苗栗縣,三灣鄉,頂寮村,59,30870,523,472,270,667,319.15,61.00
苗栗縣,三灣鄉,大河村,146,82772,567,454,315,763,393.10,69.34
苗栗縣,三灣鄉,大坪村,142,86518,609,508,295,729,605.34,99.35
苗栗縣,南庄鄉,東,406,225908,556,470,312,679,384.33,69.07
苗栗縣,南庄鄉,西,203,111949,551,461,318,675,389.66,70.66
苗栗縣,南庄鄉,南江村,345,181613,526,427,254,682,381.81,72.53
苗栗縣,南庄鄉,田美村,235,125207,533,461,297,641,401.63,75.38
苗栗縣,南庄鄉,獅山村,284,143357,505,411,297,609,390.91,77.44
苗栗縣,南庄鄉,南富村,316,180694,572,441,269,713,628.00,109.83
苗栗縣,南庄鄉,員林村,292,158992,544,463,283,723,366.73,67.35
苗栗縣,南庄鄉,蓬萊村,167,83213,498,444,297,632,289.20,58.04
苗栗縣,南庄鄉,東河村,233,115573,496,399,209,611,528.07,106.46
苗栗縣,大湖鄉,大湖村,489,315480,645,517,300,830,544.11,84.34
苗栗縣,大湖鄉,富興村,338,186298,551,471,298,722,379.42,68.84
苗栗縣,大湖鄉,明湖村,203,122582,604,490,298,832,439.68,72.81
苗栗縣,大湖鄉,靜湖村,472,306544,649,514,330,885,478.19,73.63
苗栗縣,大湖鄉,大寮村,297,169731,571,518,314,751,362.40,63.41
苗栗縣,大湖鄉,大南村,150,88872,592,465,310,744,501.46,84.64
苗栗縣,大湖鄉,南湖村,178,104310,586,507,310,724,395.92,67.56
苗栗縣,大湖鄉,義和村,324,172281,532,475,297,706,356.47,67.04
苗栗縣,大湖鄉,東興村,150,81524,543,465,299,713,363.39,66.86
苗栗縣,大湖鄉,武榮村,104,55370,532,500,297,688,324.68,60.98
苗栗縣,大湖鄉,新開村,197,106044,538,412,263,670,476.65,88.55
苗栗縣,大湖鄉,栗林村,179,90893,508,409,212,647,422.71,83.25
苗栗縣,卓蘭鎮,新榮里,269,150793,561,400,238,717,510.40,91.05
苗栗縣,卓蘭鎮,新厝里,329,201442,612,490,300,829,472.54,77.18
苗栗縣,卓蘭鎮,老庄里,472,293533,622,481,290,799,518.94,83.45
苗栗縣,卓蘭鎮,中街里,215,136332,634,520,321,824,458.52,72.31
苗栗縣,卓蘭鎮,豐田里,177,101750,575,478,311,744,402.24,69.97
苗栗縣,卓蘭鎮,西坪里,105,58958,562,463,309,725,351.25,62.56
苗栗縣,卓蘭鎮,上新里,401,240830,601,476,310,751,499.67,83.20
苗栗縣,卓蘭鎮,內灣里,343,196249,572,434,278,680,623.52,108.98
苗栗縣,卓蘭鎮,苗豐里,135,85786,635,493,307,774,545.87,85.90
苗栗縣,卓蘭鎮,坪林里,230,119036,518,430,290,650,387.97,74.96
苗栗縣,卓蘭鎮,景山里,153,79600,520,458,265,678,407.14,78.26
苗栗縣,獅潭鄉,豐林村,129,78562,609,548,353,837,358.14,58.81
苗栗縣,獅潭鄉,永興村,166,88211,531,460,300,657,341.73,64.31
苗栗縣,獅潭鄉,和興村,137,90882,663,475,316,736,764.78,115.29
苗栗縣,獅潭鄉,新豐村,80,50518,631,510,333,796,434.35,68.78
苗栗縣,獅潭鄉,百壽村,68,36936,543,460,325,691,375.35,69.10
苗栗縣,獅潭鄉,新店村,240,125552,523,439,240,699,399.10,76.29
苗栗縣,獅潭鄉,竹木村,185,106212,574,493,303,747,410.87,71.56
苗栗縣,泰安鄉,中興村,36,19918,553,442,280,744,336.60,60.84
苗栗縣,泰安鄉,大興村,71,46646,657,634,416,856,329.95,50.22
苗栗縣,泰安鄉,錦水村,135,88215,653,522,345,846,466.67,71.42
苗栗縣,泰安鄉,清安村,167,90994,545,457,296,682,373.31,68.51
苗栗縣,泰安鄉,象鼻村,67,43717,652,583,363,797,478.76,73.37
苗栗縣,泰安鄉,梅園村,36,25978,722,757,488,919,345.93,47.94
苗栗縣,泰安鄉,八卦村,37,16341,442,420,245,574,234.59,53.12
苗栗縣,泰安鄉,士林村,36,23610,656,622,480,716,383.04,58.41
臺中縣,豐原市,東勢里,528,380397,720,514,291,864,723.32,100.40
臺中縣,豐原市,中山里,405,370241,914,567,316,1057,1146.41,125.40
臺中縣,豐原市,西安里,1699,1360420,801,566,322,926,1075.90,134.37
臺中縣,豐原市,葫蘆里,330,283297,858,526,322,955,2235.48,260.40
臺中縣,豐原市,陽明里,806,611942,759,552,328,919,916.39,120.70
臺中縣,豐原市,中興里,888,630903,710,562,320,928,721.53,101.56
臺中縣,豐原市,民生里,352,250651,712,522,279,898,667.90,93.80
臺中縣,豐原市,田心里,1681,1254558,746,548,309,913,768.26,102.94
臺中縣,豐原市,中陽里,1548,1136391,734,540,310,959,657.74,89.60
臺中縣,豐原市,東陽里,431,266835,619,418,248,731,802.32,129.59
臺中縣,豐原市,大湳里,728,595020,817,487,287,877,4056.04,496.25
臺中縣,豐原市,西勢里,790,634484,803,585,349,1015,743.84,92.62
臺中縣,豐原市,豐田里,2711,1683030,621,479,290,779,538.21,86.69
臺中縣,豐原市,豐原里,707,588098,832,575,327,968,1042.84,125.37
臺中縣,豐原市,頂街里,359,326378,909,571,328,1134,919.18,101.11
臺中縣,豐原市,豐榮里,358,344986,964,517,303,1002,1408.47,146.16
臺中縣,豐原市,下街里,279,178870,641,428,255,802,650.83,101.52
臺中縣,豐原市,豐西里,570,476821,837,543,326,1030,1071.15,128.05
臺中縣,豐原市,富春里,329,268149,815,504,275,965,1161.71,142.53
臺中縣,豐原市,圳寮里,393,269603,686,499,300,818,712.97,103.93
臺中縣,豐原市,東湳里,1189,671470,565,444,266,706,502.14,88.92
臺中縣,豐原市,西湳里,2042,1343436,658,481,293,792,824.78,125.37
臺中縣,豐原市,南陽里,2214,1646554,744,540,309,908,736.23,99.00
臺中縣,豐原市,北陽里,3270,2321403,710,505,292,847,938.84,132.25
臺中縣,豐原市,鎌村里,1093,632606,579,465,283,747,451.73,78.05
臺中縣,豐原市,社皮里,2379,1565367,658,487,307,828,590.20,89.70
臺中縣,豐原市,三村里,1718,1197711,697,525,313,890,632.86,90.78
臺中縣,豐原市,南村里,1476,1047879,710,501,303,865,900.13,126.79
臺中縣,豐原市,南田里,999,599711,600,459,272,743,546.71,91.07
臺中縣,豐原市,南嵩里,887,613122,691,460,265,748,2667.52,385.91
臺中縣,豐原市,翁明里,582,405098,696,519,326,848,720.17,103.47
臺中縣,豐原市,翁子里,861,528403,614,485,288,781,495.95,80.81
臺中縣,豐原市,翁社里,595,323396,544,409,277,664,509.82,93.80
臺中縣,豐原市,朴子里,856,485294,567,440,269,704,511.15,90.16
臺中縣,豐原市,豐圳里,925,607559,657,508,305,819,544.98,82.97
臺中縣,豐原市,北湳里,842,602430,715,524,317,893,730.29,102.07
臺中縣,東勢鎮,延平里,707,508979,720,519,302,847,923.55,128.29
臺中縣,東勢鎮,埤頭里,176,105133,597,475,299,693,668.79,111.96
臺中縣,東勢鎮,東新里,605,393889,651,505,316,865,493.93,75.87
臺中縣,東勢鎮,興隆里,299,170342,570,475,288,739,408.42,71.69
臺中縣,東勢鎮,北興里,365,239712,657,516,300,855,509.00,77.50
臺中縣,東勢鎮,東安里,428,298115,697,520,311,871,634.78,91.13
臺中縣,東勢鎮,泰昌里,951,645445,679,517,314,889,569.32,83.88
臺中縣,東勢鎮,福隆里,753,460757,612,483,302,779,467.24,76.36
臺中縣,東勢鎮,明正里,271,133999,494,393,237,614,416.49,84.23
臺中縣,東勢鎮,廣興里,445,323027,726,538,352,960,580.39,79.95
臺中縣,東勢鎮,下城里,221,123635,559,450,253,700,445.30,79.60
臺中縣,東勢鎮,中寧里,252,163251,648,508,305,827,573.15,88.47
臺中縣,東勢鎮,南平里,523,358474,685,511,301,859,618.15,90.19
臺中縣,東勢鎮,上新里,261,195892,751,577,337,928,741.98,98.86
臺中縣,東勢鎮,新盛里,1242,767313,618,454,290,750,598.05,96.80
臺中縣,東勢鎮,詒福里,356,205477,577,440,278,688,467.22,80.95
臺中縣,東勢鎮,上城里,249,164408,660,551,333,771,539.09,81.65
臺中縣,東勢鎮,慶東里,428,255872,598,449,251,750,548.36,91.72
臺中縣,東勢鎮,慶福里,261,123939,475,400,264,606,346.06,72.88
臺中縣,東勢鎮,隆興里,265,138318,522,429,266,632,421.23,80.70
臺中縣,東勢鎮,中嵙里,419,261711,625,485,322,832,461.39,73.87
臺中縣,東勢鎮,粵寧里,444,269319,607,457,274,773,483.97,79.79
臺中縣,東勢鎮,下新里,390,253817,651,528,325,824,495.61,76.15
臺中縣,東勢鎮,茂興里,374,216681,579,458,285,743,505.55,87.26
臺中縣,東勢鎮,泰興里,178,95852,538,417,258,648,421.88,78.35
臺中縣,大甲鎮,龍泉里,435,218728,503,431,265,644,336.69,66.96
臺中縣,大甲鎮,幸福里,668,377021,564,462,292,698,400.96,71.04
臺中縣,大甲鎮,朝陽里,447,334673,749,547,306,896,858.04,114.60
臺中縣,大甲鎮,中山里,1027,663432,646,502,290,806,557.78,86.34
臺中縣,大甲鎮,福德里,266,140832,529,451,315,701,312.52,59.03
臺中縣,大甲鎮,建興里,364,190938,525,460,307,694,321.60,61.31
臺中縣,大甲鎮,平安里,646,472014,731,501,302,844,958.22,131.14
臺中縣,大甲鎮,太白里,386,227665,590,454,288,712,549.39,93.15
臺中縣,大甲鎮,義和里,812,505036,622,490,284,745,596.96,95.98
臺中縣,大甲鎮,江南里,313,179402,573,477,308,680,418.70,73.05
臺中縣,大甲鎮,武陵里,310,199910,645,456,304,747,714.11,110.74
臺中縣,大甲鎮,南陽里,301,192615,640,454,287,726,757.97,118.45
臺中縣,大甲鎮,大甲里,468,381063,814,564,302,973,821.45,100.89
臺中縣,大甲鎮,順天里,553,374446,677,507,280,827,736.80,108.81
臺中縣,大甲鎮,孔門里,260,297660,1145,551,292,1022,3685.94,321.96
臺中縣,大甲鎮,岷山里,566,337993,597,467,266,750,536.55,89.85
臺中縣,大甲鎮,薰風里,304,219384,722,465,272,823,787.00,109.05
臺中縣,大甲鎮,文曲里,304,159152,524,413,256,644,444.55,84.91
臺中縣,大甲鎮,庄美里,677,504859,746,529,319,830,1036.73,139.02
臺中縣,大甲鎮,武曲里,525,477711,910,450,284,736,2835.06,311.57
臺中縣,大甲鎮,文武里,1533,1147719,749,537,326,926,1007.38,134.56
臺中縣,大甲鎮,奉化里,419,268838,642,477,282,768,619.22,96.51
臺中縣,大甲鎮,德化里,478,261848,548,453,256,678,425.18,77.62
臺中縣,大甲鎮,頂店里,1096,833152,760,491,279,785,2192.86,288.47
臺中縣,大甲鎮,孟春里,1005,575807,573,462,290,715,491.49,85.78
臺中縣,大甲鎮,日南里,1330,849156,638,481,311,762,724.48,113.47
臺中縣,大甲鎮,銅安里,348,190940,549,432,286,668,487.99,88.94
臺中縣,大甲鎮,西岐里,486,284000,584,480,307,705,491.18,84.05
臺中縣,大甲鎮,新美里,970,646682,667,508,299,818,603.95,90.59
臺中縣,清水鎮,臨江里,425,252127,593,471,299,707,557.05,93.90
臺中縣,清水鎮,文昌里,264,184378,698,502,254,901,789.52,113.05
臺中縣,清水鎮,東山里,284,140539,495,417,290,658,309.75,62.59
臺中縣,清水鎮,中興里,143,99472,696,545,280,897,674.02,96.90
臺中縣,清水鎮,海濱里,533,303746,570,466,271,687,554.22,97.25
臺中縣,清水鎮,田寮里,644,347590,540,412,263,643,466.46,86.42
臺中縣,清水鎮,國姓里,568,315697,556,457,281,710,409.88,73.75
臺中縣,清水鎮,清水里,783,575604,735,538,313,918,697.44,94.87
臺中縣,清水鎮,秀水里,1025,582733,569,459,272,706,465.53,81.89
臺中縣,清水鎮,南寧里,709,530483,748,563,325,925,759.09,101.45
臺中縣,清水鎮,鰲？里,374,231271,618,486,271,825,496.73,80.33
臺中縣,清水鎮,靈泉里,376,301658,802,585,357,1036,699.98,87.25
臺中縣,清水鎮,西寧里,480,333591,695,495,318,790,1012.97,145.75
臺中縣,清水鎮,北寧里,241,165431,686,476,276,769,875.40,127.53
臺中縣,清水鎮,西社里,768,490517,639,494,286,815,525.00,82.20
臺中縣,清水鎮,南社里,1626,1026328,631,508,307,809,504.27,79.89
臺中縣,清水鎮,裕嘉里,349,204362,586,492,287,765,439.28,75.02
臺中縣,清水鎮,武鹿里,884,513492,581,446,266,740,528.66,91.01
臺中縣,清水鎮,？榔里,1088,678159,623,495,296,775,542.69,87.07
臺中縣,清水鎮,中社里,398,277232,697,553,360,852,639.04,91.74
臺中縣,清水鎮,高西里,371,174630,471,398,232,600,354.90,75.40
臺中縣,清水鎮,高南里,378,211853,560,466,263,708,460.82,82.22
臺中縣,清水鎮,高東里,354,174290,492,419,262,609,361.40,73.40
臺中縣,清水鎮,高北里,312,150436,482,390,262,578,405.95,84.19
臺中縣,清水鎮,高美里,346,189234,547,453,280,745,364.81,66.70
臺中縣,清水鎮,菁埔里,605,332844,550,464,302,677,406.14,73.82
臺中縣,清水鎮,頂湳里,469,245527,524,416,266,709,371.48,70.96
臺中縣,清水鎮,橋頭里,1784,1085834,609,486,300,750,479.83,78.83
臺中縣,清水鎮,下湳里,968,656841,679,478,286,738,1021.96,150.61
臺中縣,清水鎮,楊厝里,175,94347,539,452,278,703,385.09,71.43
臺中縣,清水鎮,海風里,288,156222,542,440,298,688,404.67,74.60
臺中縣,清水鎮,吳厝里,329,167450,509,444,306,652,283.28,55.66
臺中縣,沙鹿鎮,美仁里,178,166333,934,486,266,751,4118.38,440.73
臺中縣,沙鹿鎮,興安里,816,632538,775,465,288,759,2210.21,285.13
臺中縣,沙鹿鎮,福興里,562,314942,560,430,275,626,1040.13,185.61
臺中縣,沙鹿鎮,居仁里,445,317771,714,456,287,839,811.85,113.69
臺中縣,沙鹿鎮,清泉里,492,306283,623,533,331,801,469.54,75.43
臺中縣,沙鹿鎮,北勢里,899,524912,584,456,294,690,544.82,93.31
臺中縣,沙鹿鎮,興仁里,756,490946,649,475,286,804,636.38,97.99
臺中縣,沙鹿鎮,竹林里,1598,1087284,680,508,301,828,902.95,132.71
臺中縣,沙鹿鎮,南勢里,463,267151,577,454,294,691,477.01,82.67
臺中縣,沙鹿鎮,鹿寮里,1460,934209,640,488,291,800,595.56,93.08
臺中縣,沙鹿鎮,西勢里,554,291802,527,440,295,662,369.24,70.10
臺中縣,沙鹿鎮,洛泉里,793,778260,981,577,335,987,3101.36,316.01
臺中縣,沙鹿鎮,沙鹿里,415,448340,1080,606,321,1158,1665.05,154.12
臺中縣,沙鹿鎮,斗抵里,1159,735710,635,486,300,763,756.87,119.23
臺中縣,沙鹿鎮,鹿？里,1124,694022,617,459,288,723,582.27,94.30
臺中縣,沙鹿鎮,？分里,239,122420,512,448,278,647,370.79,72.39
臺中縣,沙鹿鎮,晉江里,285,143633,504,405,267,597,402.56,79.88
臺中縣,沙鹿鎮,六路里,648,385560,595,467,277,728,563.22,94.66
臺中縣,沙鹿鎮,埔子里,976,504326,517,420,267,656,389.71,75.42
臺中縣,沙鹿鎮,公明里,1015,570866,562,477,287,729,409.50,72.81
臺中縣,梧棲鎮,中正里,1095,806887,737,533,319,865,920.39,124.90
臺中縣,梧棲鎮,永安里,713,530697,744,461,287,707,2700.95,362.88
臺中縣,梧棲鎮,福德里,851,544801,640,494,296,765,587.77,91.81
臺中縣,梧棲鎮,文化里,396,256151,647,503,297,830,542.80,83.92
臺中縣,梧棲鎮,中和里,170,122456,720,565,338,929,568.54,78.93
臺中縣,梧棲鎮,興農里,551,287542,522,434,263,642,409.49,78.47
臺中縣,梧棲鎮,永寧里,709,417439,589,445,283,710,565.97,96.13
臺中縣,梧棲鎮,頂寮里,854,605436,709,562,340,899,582.11,82.11
臺中縣,梧棲鎮,下寮里,652,477619,733,557,346,882,675.97,92.28
臺中縣,梧棲鎮,大庄里,1525,926665,608,478,304,730,525.69,86.51
臺中縣,梧棲鎮,安仁里,257,159425,620,442,275,727,717.04,115.59
臺中縣,梧棲鎮,草湳里,1716,1066181,621,491,300,766,542.72,87.35
臺中縣,梧棲鎮,南簡里,760,448465,590,472,298,753,464.58,78.73
臺中縣,梧棲鎮,大村里,1033,635802,615,495,302,780,480.26,78.03
臺中縣,神岡鄉,新庄村,990,523563,529,426,288,660,397.67,75.20
臺中縣,神岡鄉,神岡村,815,487142,598,459,283,749,524.72,87.79
臺中縣,神岡鄉,庄前村,497,311823,627,460,280,779,617.21,98.37
臺中縣,神岡鄉,庄後村,645,348171,540,396,260,671,536.35,99.36
臺中縣,神岡鄉,北庄村,696,398582,573,432,267,728,469.31,81.95
臺中縣,神岡鄉,圳前村,584,312173,535,442,269,642,475.30,88.92
臺中縣,神岡鄉,圳堵村,567,310861,548,462,293,692,383.27,69.91
臺中縣,神岡鄉,山皮村,271,131467,485,429,260,616,375.48,77.40
臺中縣,神岡鄉,社口村,1653,1047766,634,476,288,751,600.42,94.72
臺中縣,神岡鄉,社南村,1327,841172,634,482,289,769,564.51,89.06
臺中縣,神岡鄉,三角村,724,418008,577,441,282,717,488.79,84.66
臺中縣,神岡鄉,大社村,1009,642266,637,504,330,779,507.17,79.68
臺中縣,神岡鄉,岸裡村,835,506616,607,453,269,745,581.48,95.84
臺中縣,神岡鄉,豐洲村,2016,1258176,624,466,271,764,550.38,88.19
臺中縣,神岡鄉,神洲村,763,470772,617,464,298,790,513.53,83.23
臺中縣,神岡鄉,溪洲村,733,390308,532,428,252,659,485.81,91.24
臺中縣,后里鄉,太平村,611,336084,550,440,266,700,420.99,76.54
臺中縣,后里鄉,仁里村,499,254021,509,424,260,657,354.56,69.65
臺中縣,后里鄉,月眉村,475,253316,533,435,239,672,414.88,77.80
臺中縣,后里鄉,廣福村,407,212538,522,439,260,682,372.13,71.26
臺中縣,后里鄉,義里村,1404,863520,615,491,292,795,502.17,81.65
臺中縣,后里鄉,后里村,1063,651160,613,475,286,774,521.05,85.06
臺中縣,后里鄉,厚里村,561,320041,570,439,262,736,494.27,86.64
臺中縣,后里鄉,墩東村,1323,801427,606,469,284,762,496.89,82.03
臺中縣,后里鄉,墩西村,626,402197,642,473,278,774,612.94,95.40
臺中縣,后里鄉,墩南村,822,430058,523,431,258,664,466.21,89.11
臺中縣,后里鄉,墩北村,915,577117,631,482,279,736,735.56,116.62
臺中縣,后里鄉,中和村,605,362780,600,439,267,722,644.67,107.51
臺中縣,后里鄉,舊社村,387,204737,529,423,264,670,455.16,86.03
臺中縣,后里鄉,聯合村,444,229566,517,418,255,652,458.97,88.77
臺中縣,后里鄉,眉山村,781,476992,611,490,298,763,506.08,82.86
臺中縣,后里鄉,樂業村,108,58297,540,439,295,728,342.20,63.39
臺中縣,后里鄉,公？村,468,240190,513,427,246,672,389.88,75.97
臺中縣,后里鄉,泰安村,337,171517,509,410,251,611,425.56,83.61
臺中縣,大雅鄉,橫山村,1060,647212,611,461,283,730,585.93,95.96
臺中縣,大雅鄉,三和村,1248,825239,661,499,304,854,622.78,94.18
臺中縣,大雅鄉,員林村,1900,1286620,677,505,295,825,866.04,127.89
臺中縣,大雅鄉,大雅村,1268,877653,692,498,293,873,667.50,96.44
臺中縣,大雅鄉,六寶村,1488,821709,552,441,284,676,439.33,79.56
臺中縣,大雅鄉,秀山村,865,490810,567,444,273,710,474.15,83.56
臺中縣,大雅鄉,西寶村,999,659908,661,492,310,801,734.17,111.14
臺中縣,大雅鄉,上楓村,2934,1858678,633,503,303,776,553.71,87.41
臺中縣,大雅鄉,忠義村,691,411349,595,500,313,768,437.49,73.49
臺中縣,大雅鄉,四德村,938,696810,743,581,340,955,661.97,89.11
臺中縣,大雅鄉,上雅村,1212,806943,666,512,303,840,588.75,88.43
臺中縣,大雅鄉,二和村,1124,750552,668,517,328,836,572.23,85.69
臺中縣,大雅鄉,文雅村,1325,965803,729,582,340,910,618.75,84.89
臺中縣,潭子鄉,栗林村,1475,956329,648,497,309,811,532.95,82.20
臺中縣,潭子鄉,潭秀村,536,387700,723,505,303,902,784.69,108.48
臺中縣,潭子鄉,潭北村,665,452239,680,528,319,807,671.92,98.80
臺中縣,潭子鄉,潭陽村,2781,1877271,675,533,330,861,533.67,79.06
臺中縣,潭子鄉,福仁村,2300,1503634,654,534,327,850,533.36,81.58
臺中縣,潭子鄉,頭家村,3545,2443986,689,542,334,865,544.29,78.95
臺中縣,潭子鄉,甘蔗村,2241,1678570,749,592,361,921,743.73,99.29
臺中縣,潭子鄉,東寶村,2840,1835364,646,517,320,817,546.94,84.63
臺中縣,潭子鄉,大富村,637,387766,609,491,289,779,485.84,79.81
臺中縣,潭子鄉,大豐村,1125,781515,695,559,336,887,534.00,76.87
臺中縣,潭子鄉,嘉仁村,1058,642964,608,474,291,744,542.86,89.33
臺中縣,潭子鄉,新田村,464,266164,574,454,285,666,494.62,86.23
臺中縣,潭子鄉,聚興村,896,492660,550,434,280,674,436.90,79.46
臺中縣,新社鄉,新社村,730,499174,684,569,325,852,696.04,101.79
臺中縣,新社鄉,福興村,223,107697,483,387,276,580,362.29,75.02
臺中縣,新社鄉,中興村,98,53779,549,478,299,700,375.77,68.48
臺中縣,新社鄉,中正村,321,191732,597,448,272,742,503.99,84.38
臺中縣,新社鄉,大南村,480,313123,652,529,295,839,528.62,81.03
臺中縣,新社鄉,東興村,303,186992,617,491,316,760,478.35,77.51
臺中縣,新社鄉,中和村,106,89661,846,433,274,665,2900.01,342.85
臺中縣,新社鄉,復盛村,361,199674,553,470,287,706,396.75,71.73
臺中縣,新社鄉,月湖村,208,118987,572,433,302,759,403.15,70.47
臺中縣,新社鄉,崑山村,226,136600,604,428,297,659,974.96,161.30
臺中縣,新社鄉,慶西村,148,78652,531,390,252,617,455.94,85.80
臺中縣,新社鄉,協成村,458,241108,526,462,282,670,363.01,68.96
臺中縣,新社鄉,永源村,491,281776,574,472,323,681,502.81,87.62
臺中縣,石岡鄉,石岡村,281,185497,660,495,315,790,555.21,84.11
臺中縣,石岡鄉,萬安村,320,199204,623,462,285,805,480.93,77.26
臺中縣,石岡鄉,九房村,320,180983,566,444,308,701,434.40,76.81
臺中縣,石岡鄉,金星村,302,165897,549,441,272,694,419.78,76.42
臺中縣,石岡鄉,龍興村,149,77235,518,436,241,637,410.52,79.20
臺中縣,石岡鄉,和盛村,358,223080,623,484,288,787,491.14,78.82
臺中縣,石岡鄉,德興村,366,231750,633,485,301,870,484.49,76.51
臺中縣,石岡鄉,土牛村,274,168135,614,494,293,840,434.04,70.73
臺中縣,石岡鄉,梅子村,477,300177,629,498,294,786,541.49,86.05
臺中縣,石岡鄉,萬興村,354,216368,611,466,292,743,540.64,88.45
臺中縣,外埔鄉,大同村,1090,649719,596,479,287,747,508.30,85.28
臺中縣,外埔鄉,中山村,308,187123,608,475,300,719,561.90,92.49
臺中縣,外埔鄉,永豐村,248,128272,517,457,245,677,368.56,71.26
臺中縣,外埔鄉,六分村,479,293192,612,474,295,758,569.11,92.98
臺中縣,外埔鄉,三崁村,486,253955,523,446,272,663,368.40,70.50
臺中縣,外埔鄉,水美村,817,477909,585,455,282,742,500.55,85.57
臺中縣,外埔鄉,大東村,1337,758457,567,456,286,710,480.50,84.70
臺中縣,外埔鄉,馬鳴村,362,195166,539,438,267,709,392.59,72.82
臺中縣,外埔鄉,鐵山村,542,306124,565,445,256,692,548.54,97.12
臺中縣,外埔鄉,土城村,402,226429,563,464,256,705,513.86,91.23
臺中縣,外埔鄉,？子村,337,173446,515,433,258,627,396.05,76.95
臺中縣,大安鄉,永安村,444,232272,523,437,271,647,377.05,72.07
臺中縣,大安鄉,福興村,323,179151,555,459,281,695,428.79,77.31
臺中縣,大安鄉,南埔村,315,168047,533,459,285,686,357.50,67.01
臺中縣,大安鄉,東安村,384,208468,543,447,262,705,394.92,72.74
臺中縣,大安鄉,南庄村,328,173109,528,414,261,657,404.57,76.66
臺中縣,大安鄉,中庄村,737,390009,529,440,264,701,400.24,75.63
臺中縣,大安鄉,龜？村,482,245526,509,409,259,670,357.91,70.26
臺中縣,大安鄉,頂安村,226,120268,532,416,264,628,451.08,84.77
臺中縣,大安鄉,福住村,301,161270,536,448,258,667,475.95,88.83
臺中縣,大安鄉,海墘村,385,216099,561,426,265,707,506.26,90.19
臺中縣,大安鄉,西安村,400,222779,557,439,278,723,444.92,79.89
臺中縣,大安鄉,松雅村,237,171792,725,551,307,962,745.80,102.89
臺中縣,烏日鄉,光明村,617,366370,594,484,303,760,436.98,73.59
臺中縣,烏日鄉,三和村,1022,612607,599,475,291,739,473.44,78.98
臺中縣,烏日鄉,烏日村,1914,1311917,685,517,313,867,608.24,88.74
臺中縣,烏日鄉,湖日村,649,395116,609,490,300,776,488.57,80.25
臺中縣,烏日鄉,榮泉村,871,536170,616,506,315,787,434.32,70.55
臺中縣,烏日鄉,學田村,596,367616,617,481,315,812,456.90,74.07
臺中縣,烏日鄉,九德村,2909,1982982,682,549,331,869,603.53,88.54
臺中縣,烏日鄉,前竹村,703,539971,768,494,299,789,3243.81,422.32
臺中縣,烏日鄉,五光村,430,253007,588,489,290,739,421.84,71.69
臺中縣,烏日鄉,東園村,482,283214,588,460,280,715,491.17,83.59
臺中縣,烏日鄉,溪埧村,1138,630273,554,431,264,712,462.55,83.52
臺中縣,烏日鄉,螺潭村,461,279235,606,465,283,732,549.94,90.79
臺中縣,烏日鄉,北里村,421,249214,592,477,305,731,458.86,77.52
臺中縣,烏日鄉,南里村,310,176194,568,446,258,692,653.58,114.99
臺中縣,烏日鄉,溪尾村,214,110405,516,452,308,634,288.82,55.98
臺中縣,烏日鄉,仁德村,1574,1173978,746,551,327,925,946.20,126.86
臺中縣,大肚鄉,成功村,262,135890,519,453,267,662,362.32,69.86
臺中縣,大肚鄉,福山村,1077,640195,594,473,293,724,528.93,88.98
臺中縣,大肚鄉,永和村,294,170657,580,452,292,729,478.77,82.48
臺中縣,大肚鄉,新興村,733,411708,562,451,275,724,453.47,80.74
臺中縣,大肚鄉,大肚村,662,456140,689,512,309,858,652.18,94.65
臺中縣,大肚鄉,中和村,280,185768,663,524,320,836,540.10,81.41
臺中縣,大肚鄉,大東村,900,561119,623,492,319,805,532.77,85.45
臺中縣,大肚鄉,王田村,1225,721857,589,464,306,732,533.05,90.46
臺中縣,大肚鄉,社？村,739,429056,581,484,306,763,421.12,72.53
臺中縣,大肚鄉,營埔村,418,224397,537,445,271,692,415.43,77.39
臺中縣,大肚鄉,磺溪村,462,290211,628,526,316,812,438.08,69.74
臺中縣,大肚鄉,永順村,484,269501,557,461,310,716,382.00,68.60
臺中縣,大肚鄉,頂街村,1611,1131291,702,573,338,907,566.35,80.65
臺中縣,大肚鄉,山陽村,427,235411,551,444,280,720,428.85,77.79
臺中縣,大肚鄉,瑞井村,1111,671222,604,496,315,770,508.24,84.12
臺中縣,大肚鄉,蔗？村,1668,1002617,601,511,334,760,440.00,73.20
臺中縣,龍井鄉,山？村,1119,684885,612,501,304,755,506.47,82.75
臺中縣,龍井鄉,龍崗村,665,388603,584,465,276,727,488.15,83.54
臺中縣,龍井鄉,新庄村,1278,770268,603,484,308,759,468.23,77.69
臺中縣,龍井鄉,竹坑村,749,465393,621,504,293,768,573.84,92.35
臺中縣,龍井鄉,龍東村,775,441257,569,457,269,752,423.95,74.46
臺中縣,龍井鄉,龍西村,526,290822,553,443,274,718,404.53,73.17
臺中縣,龍井鄉,田中村,813,475770,585,488,295,751,472.61,80.76
臺中縣,龍井鄉,福田村,278,148170,533,414,271,681,407.19,76.40
臺中縣,龍井鄉,麗水村,654,352296,539,434,295,670,387.96,72.02
臺中縣,龍井鄉,龍津村,1372,756429,551,459,281,690,430.13,78.02
臺中縣,龍井鄉,三德村,783,416013,531,439,275,674,411.97,77.54
臺中縣,龍井鄉,忠和村,1277,719020,563,449,266,730,535.41,95.09
臺中縣,龍井鄉,龍泉村,1389,909761,655,517,306,831,572.14,87.35
臺中縣,龍井鄉,南寮村,385,219303,570,454,300,706,425.50,74.70
臺中縣,龍井鄉,新東村,952,763400,802,603,353,957,1113.06,138.80
臺中縣,龍井鄉,東海村,1671,1554259,930,679,412,1139,1234.78,132.75
臺中縣,霧峰鄉,南勢村,322,163508,508,428,262,616,391.27,77.05
臺中縣,霧峰鄉,五福村,707,413610,585,481,290,724,445.35,76.12
臺中縣,霧峰鄉,六股村,670,382662,571,456,286,739,440.63,77.15
臺中縣,霧峰鄉,坑口村,855,592661,693,546,356,888,550.77,79.46
臺中縣,霧峰鄉,中正村,488,356598,731,545,329,922,629.30,86.12
臺中縣,霧峰鄉,四德村,571,376084,659,513,285,838,567.73,86.20
臺中縣,霧峰鄉,桐林村,264,144158,546,446,283,674,436.93,80.02
臺中縣,霧峰鄉,吉？村,2274,1560705,686,520,320,825,732.50,106.73
臺中縣,霧峰鄉,甲寅村,1196,812633,679,498,309,808,743.68,109.45
臺中縣,霧峰鄉,本鄉村,592,422211,713,542,345,819,685.39,96.10
臺中縣,霧峰鄉,錦榮村,275,242143,881,570,364,982,1146.64,130.22
臺中縣,霧峰鄉,本堂村,1687,1410944,836,638,367,1054,735.93,87.99
臺中縣,霧峰鄉,北柳村,917,573630,626,488,284,770,526.55,84.17
臺中縣,霧峰鄉,南柳村,397,224007,564,480,294,723,426.09,75.52
臺中縣,霧峰鄉,萬豐村,755,423032,560,471,288,724,383.65,68.47
臺中縣,霧峰鄉,舊正村,629,394405,627,483,307,807,516.36,82.35
臺中縣,霧峰鄉,？谷村,327,163535,500,441,271,660,314.58,62.90
臺中縣,霧峰鄉,丁台村,532,304173,572,448,280,721,483.11,84.50
臺中縣,霧峰鄉,北勢村,448,231518,517,419,260,651,387.19,74.92
臺中縣,霧峰鄉,萊園村,298,200274,672,533,310,851,543.35,80.85
臺中縣,太平市,建國里,1254,714951,570,459,289,716,474.57,83.24
臺中縣,太平市,中山里,1694,1180757,697,535,341,893,563.07,80.78
臺中縣,太平市,新福里,1078,807669,749,547,332,937,794.63,106.06
臺中縣,太平市,新光里,2493,1830093,734,530,336,885,1203.60,163.96
臺中縣,太平市,中興里,2030,1360962,670,504,304,801,649.84,96.93
臺中縣,太平市,興隆里,1490,864443,580,468,295,723,617.55,106.44
臺中縣,太平市,光華里,1958,1300603,664,519,329,817,579.53,87.25
臺中縣,太平市,中平里,1711,1035896,605,472,290,764,516.81,85.36
臺中縣,太平市,太平里,1697,1124916,663,471,272,763,1275.83,192.47
臺中縣,太平市,東平里,2521,1547493,614,497,306,774,508.72,82.87
臺中縣,太平市,坪林里,1971,1304891,662,514,312,842,540.88,81.70
臺中縣,太平市,頭汴里,797,458771,576,451,280,730,487.29,84.65
臺中縣,太平市,東汴里,241,117939,489,415,282,615,316.18,64.61
臺中縣,太平市,光隆里,1293,739990,572,467,295,707,445.80,77.89
臺中縣,太平市,黃竹里,209,117877,564,438,262,702,445.55,79.00
臺中縣,太平市,宜欣里,3309,2115384,639,506,301,805,600.67,93.96
臺中縣,太平市,新坪里,2794,1843179,660,527,327,829,570.60,86.49
臺中縣,太平市,長億里,2211,1355061,613,482,303,769,486.78,79.43
臺中縣,太平市,德隆里,946,526461,557,438,266,701,594.25,106.78
臺中縣,大里市,西湖里,601,377683,628,499,297,814,516.58,82.20
臺中縣,大里市,東湖里,1841,1183949,643,530,322,805,493.05,76.67
臺中縣,大里市,新仁里,1815,1071838,591,470,283,726,512.33,86.76
臺中縣,大里市,東興里,2996,2364412,789,578,341,996,794.48,100.67
臺中縣,大里市,東昇里,787,560402,712,552,333,908,580.91,81.58
臺中縣,大里市,健民里,1111,647565,583,467,289,731,489.41,83.97
臺中縣,大里市,西榮里,3184,2328924,731,544,331,907,703.22,96.14
臺中縣,大里市,日新里,923,603701,654,486,299,791,663.93,101.51
臺中縣,大里市,金城里,2258,1461040,647,507,314,790,563.00,87.01
臺中縣,大里市,大里里,955,594557,623,477,298,750,616.42,99.01
臺中縣,大里市,新里里,2881,2099706,729,562,337,925,617.74,84.76
臺中縣,大里市,樹王里,851,490282,576,473,289,750,439.74,76.33
臺中縣,大里市,祥興里,1612,1115344,692,528,323,846,706.50,102.11
臺中縣,大里市,內新里,2523,1862469,738,552,337,926,656.30,88.91
臺中縣,大里市,大元里,1166,802364,688,521,300,820,676.69,98.34
臺中縣,大里市,仁化里,2701,1754062,649,503,314,779,712.54,109.72
臺中縣,大里市,塗城里,1912,1138712,596,487,303,748,482.19,80.96
臺中縣,大里市,夏田里,232,154987,668,501,354,811,543.22,81.31
臺中縣,大里市,立仁里,1908,1131410,593,475,302,747,456.85,77.04
臺中縣,大里市,瑞城里,2415,1557030,645,516,319,794,555.64,86.18
臺中縣,和平鄉,南勢村,350,212559,607,478,291,764,537.03,88.43
臺中縣,和平鄉,中坑村,68,43895,646,480,269,840,522.22,80.90
臺中縣,和平鄉,自由村,135,70306,521,451,233,751,351.07,67.41
臺中縣,和平鄉,平等村,76,58711,773,570,369,930,827.91,107.17
臺中縣,和平鄉,博愛村,289,180598,625,480,322,801,521.60,83.47
臺中縣,和平鄉,梨山村,225,144120,641,500,339,750,879.13,137.25
臺中縣,和平鄉,天輪村,94,65840,700,486,303,865,725.36,103.56
臺中縣,和平鄉,達觀村,106,59855,565,494,264,732,393.01,69.60
南投縣,南投市,三民里,230,195452,850,590,375,1068,784.19,92.28
南投縣,南投市,光明里,694,623254,898,719,430,1243,645.17,71.84
南投縣,南投市,龍泉里,300,198117,660,497,307,839,564.92,85.54
南投縣,南投市,東山里,81,44487,549,464,283,683,424.03,77.21
南投縣,南投市,福興里,719,454128,632,488,324,813,540.62,85.59
南投縣,南投市,嘉興里,411,263992,642,493,339,776,547.42,85.23
南投縣,南投市,振興里,538,456591,849,532,318,828,4426.49,521.57
南投縣,南投市,平和里,1600,1278873,799,601,365,1064,841.48,105.28
南投縣,南投市,永興里,157,85056,542,436,307,724,408.23,75.35
南投縣,南投市,光華里,550,489667,890,722,428,1138,678.04,76.16
南投縣,南投市,光榮里,668,608050,910,741,465,1192,677.70,74.45
南投縣,南投市,仁和里,186,146058,785,535,317,994,786.16,100.11
南投縣,南投市,新興里,1156,778819,674,536,332,872,551.41,81.85
南投縣,南投市,軍功里,1033,675617,654,540,337,852,482.05,73.70
南投縣,南投市,崇文里,289,223357,773,577,328,978,734.21,95.00
南投縣,南投市,光輝里,198,150017,758,569,401,941,671.57,88.64
南投縣,南投市,福山里,417,233039,559,452,273,734,462.72,82.80
南投縣,南投市,千秋里,228,140709,617,518,274,864,445.05,72.11
南投縣,南投市,鳳鳴里,152,94770,623,514,345,790,458.23,73.49
南投縣,南投市,永豐里,739,474557,642,527,324,817,528.89,82.36
南投縣,南投市,三興里,1232,972418,789,616,362,995,1004.85,127.31
南投縣,南投市,漳和里,1745,1260150,722,582,332,941,628.41,87.02
南投縣,南投市,內新里,369,253763,688,541,353,890,507.09,73.74
南投縣,南投市,康壽里,461,407092,883,645,378,1028,1142.02,129.32
南投縣,南投市,南投里,236,196819,834,557,308,1018,1018.75,122.16
南投縣,南投市,彰仁里,168,136780,814,610,305,963,762.80,93.69
南投縣,南投市,漳興里,690,556881,807,597,360,1088,652.02,80.79
南投縣,南投市,三和里,960,804544,838,618,364,1091,748.10,89.26
南投縣,南投市,嘉和里,842,619053,735,595,344,967,559.52,76.10
南投縣,南投市,鳳山里,283,149882,530,430,278,676,396.56,74.88
南投縣,南投市,平山里,1185,805666,680,549,332,866,640.70,94.24
南投縣,南投市,營北里,1634,1618730,991,767,429,1327,801.20,80.88
南投縣,南投市,營南里,583,419284,719,575,365,953,528.99,73.55
南投縣,南投市,內興里,1570,1418391,903,680,369,1161,1236.70,136.89
南投縣,埔里鎮,南門里,305,217465,713,493,295,850,717.87,100.68
南投縣,埔里鎮,東門里,698,464631,666,503,300,865,607.03,91.19
南投縣,埔里鎮,西門里,787,533195,678,520,322,887,533.36,78.72
南投縣,埔里鎮,成功里,51,26140,513,425,256,725,369.44,72.08
南投縣,埔里鎮,合成里,207,106270,513,425,281,615,405.19,78.93
南投縣,埔里鎮,福興里,161,86838,539,416,249,586,525.45,97.42
南投縣,埔里鎮,泰安里,484,337678,698,544,312,915,546.07,78.27
南投縣,埔里鎮,北門里,570,424481,745,540,353,938,678.60,91.12
南投縣,埔里鎮,溪南里,140,86390,617,491,282,785,488.97,79.24
南投縣,埔里鎮,大湳里,225,147678,656,495,296,791,766.43,116.77
南投縣,埔里鎮,北安里,739,522823,707,542,320,962,561.58,79.38
南投縣,埔里鎮,南村里,268,157247,587,458,304,746,483.38,82.38
南投縣,埔里鎮,薰化里,369,242870,658,501,273,805,609.67,92.63
南投縣,埔里鎮,清新里,773,486729,630,472,292,796,539.50,85.68
南投縣,埔里鎮,同聲里,458,276557,604,501,297,754,494.12,81.83
南投縣,埔里鎮,大城里,1373,936758,682,510,327,870,586.19,85.92
南投縣,埔里鎮,籃城里,163,98025,601,484,290,690,451.55,75.09
南投縣,埔里鎮,枇杷里,1142,756837,663,498,335,840,553.36,83.50
南投縣,埔里鎮,杷城里,532,339060,637,507,318,849,455.44,71.46
南投縣,埔里鎮,水頭里,579,342180,591,458,297,747,473.25,80.08
南投縣,埔里鎮,麒麟里,133,68322,514,426,262,643,387.21,75.38
南投縣,埔里鎮,珠格里,159,90698,570,452,290,709,461.64,80.93
南投縣,埔里鎮,桃米里,181,110202,609,482,304,708,469.10,77.05
南投縣,埔里鎮,愛蘭里,287,252464,880,577,367,1044,968.40,110.09
南投縣,埔里鎮,鐵山里,363,208061,573,467,290,690,443.87,77.44
南投縣,埔里鎮,房里里,207,130016,628,483,305,799,476.46,75.86
南投縣,埔里鎮,向善里,90,44233,491,416,278,555,329.07,66.96
南投縣,埔里鎮,一新里,159,90050,566,380,216,610,895.14,158.05
南投縣,埔里鎮,廣成里,188,111431,593,447,289,668,880.79,148.60
南投縣,埔里鎮,史港里,115,74628,649,444,293,842,557.39,85.89
南投縣,埔里鎮,牛眠里,384,206207,537,461,282,652,407.12,75.81
南投縣,埔里鎮,蜈蚣里,432,280144,648,486,292,784,640.79,98.81
南投縣,埔里鎮,北梅里,489,320742,656,492,305,834,551.81,84.13
南投縣,草屯鎮,中正里,210,158533,755,549,344,917,709.83,94.03
南投縣,草屯鎮,和平里,439,344243,784,577,332,1021,744.84,94.99
南投縣,草屯鎮,中山里,755,581312,770,551,332,959,717.62,93.20
南投縣,草屯鎮,中原里,438,280964,641,499,332,810,493.91,77.00
南投縣,草屯鎮,新庄里,785,505641,644,528,313,864,492.60,76.47
南投縣,草屯鎮,復興里,727,430671,592,470,302,771,442.54,74.70
南投縣,草屯鎮,新豐里,920,541441,589,476,306,759,418.78,71.16
南投縣,草屯鎮,北勢里,460,273574,595,460,279,745,526.64,88.55
南投縣,草屯鎮,明正里,963,675019,701,539,320,914,569.65,81.27
南投縣,草屯鎮,坪頂里,205,109252,533,443,279,677,414.46,77.77
南投縣,草屯鎮,土城里,368,219028,595,447,261,758,656.83,110.36
南投縣,草屯鎮,北投里,608,353226,581,470,276,749,542.38,93.36
南投縣,草屯鎮,上林里,757,541704,716,557,318,917,585.62,81.84
南投縣,草屯鎮,南埔里,842,530663,630,502,294,785,513.96,81.55
南投縣,草屯鎮,山？里,2056,1725363,839,658,381,1077,688.16,82.00
南投縣,草屯鎮,新厝里,834,606220,727,548,324,944,615.13,84.63
南投縣,草屯鎮,玉？里,581,436558,751,552,315,945,1010.90,134.54
南投縣,草屯鎮,炎？里,714,585282,820,571,336,1056,778.49,94.97
南投縣,草屯鎮,敦和里,1533,1071526,699,513,316,869,752.77,107.70
南投縣,草屯鎮,富寮里,1208,841342,696,543,322,887,556.60,79.92
南投縣,草屯鎮,御史里,1390,956683,688,523,318,866,622.44,90.44
南投縣,草屯鎮,碧？里,934,577576,618,489,311,787,477.77,77.26
南投縣,草屯鎮,石川里,341,203786,598,464,278,791,500.25,83.71
南投縣,草屯鎮,加老里,538,340441,633,485,279,783,785.48,124.13
南投縣,草屯鎮,雙冬里,362,191351,529,431,266,634,477.62,90.36
南投縣,草屯鎮,平林里,215,119978,558,440,288,667,476.68,85.42
南投縣,草屯鎮,碧洲里,493,321549,652,532,312,870,487.70,74.77
南投縣,竹山鎮,中正里,183,126803,693,535,330,882,550.48,79.44
南投縣,竹山鎮,延平里,514,301063,586,491,302,750,421.96,72.04
南投縣,竹山鎮,中山里,962,657083,683,520,329,852,576.52,84.40
南投縣,竹山鎮,中央里,246,144208,586,467,325,775,388.01,66.19
南投縣,竹山鎮,中和里,208,121903,586,447,289,768,457.39,78.04
南投縣,竹山鎮,福興里,77,39927,519,448,272,648,340.29,65.62
南投縣,竹山鎮,社寮里,166,105970,638,474,304,789,633.18,99.19
南投縣,竹山鎮,瑞竹里,104,69204,665,487,290,819,670.38,100.75
南投縣,竹山鎮,坪頂里,70,32093,458,372,237,601,336.54,73.41
南投縣,竹山鎮,桂林里,685,426877,623,485,305,784,514.42,82.55
南投縣,竹山鎮,延和里,949,671191,707,545,341,914,585.23,82.75
南投縣,竹山鎮,竹圍里,507,336446,664,554,318,844,513.72,77.41
南投縣,竹山鎮,秀林里,117,67962,581,469,288,781,448.83,77.27
南投縣,竹山鎮,雲林里,785,543009,692,534,316,834,662.10,95.72
南投縣,竹山鎮,竹山里,532,379022,712,569,337,886,623.30,87.49
南投縣,竹山鎮,？？里,285,173997,611,488,298,793,493.37,80.81
南投縣,竹山鎮,下坪里,232,153842,663,514,317,838,617.70,93.15
南投縣,竹山鎮,中崎里,277,168476,608,492,328,794,418.21,68.76
南投縣,竹山鎮,德興里,138,71381,517,427,279,641,377.30,72.94
南投縣,竹山鎮,延正里,236,131484,557,474,274,693,410.97,73.76
南投縣,竹山鎮,延山里,113,67024,593,484,279,877,403.49,68.03
南投縣,竹山鎮,山崇里,367,228203,622,462,298,778,572.65,92.09
南投縣,竹山鎮,富州里,137,75083,548,424,256,695,532.09,97.09
南投縣,竹山鎮,大鞍里,38,19184,505,448,311,583,303.56,60.13
南投縣,竹山鎮,田子里,78,42792,549,482,320,732,338.42,61.69
南投縣,竹山鎮,鯉魚里,139,73023,525,431,251,646,371.15,70.65
南投縣,竹山鎮,桶頭里,155,71050,458,390,266,554,325.06,70.92
南投縣,竹山鎮,延祥里,759,429188,565,478,284,735,390.55,69.07
南投縣,集集鎮,永昌里,223,172291,773,539,346,951,989.72,128.10
南投縣,集集鎮,和平里,269,156791,583,484,296,723,428.04,73.44
南投縣,集集鎮,田寮里,225,121651,541,425,278,658,483.72,89.47
南投縣,集集鎮,廣明里,166,96828,583,495,249,774,433.77,74.36
南投縣,集集鎮,八張里,331,203651,615,502,294,797,446.77,72.62
南投縣,集集鎮,吳厝里,217,153948,709,579,360,889,525.42,74.06
南投縣,集集鎮,集集里,199,130958,658,546,342,834,486.74,73.96
南投縣,集集鎮,林尾里,136,85692,630,573,328,880,387.34,61.47
南投縣,集集鎮,隘寮里,133,85867,646,572,314,880,457.55,70.87
南投縣,集集鎮,玉映里,121,74418,615,460,279,816,510.90,83.07
南投縣,集集鎮,富山里,139,74896,539,450,320,696,341.06,63.30
南投縣,名間鄉,崁？村,159,100295,631,545,304,837,442.34,70.12
南投縣,名間鄉,中山村,400,238211,596,467,273,814,531.42,89.24
南投縣,名間鄉,竹圍村,185,94945,513,409,271,641,422.62,82.35
南投縣,名間鄉,大坑村,144,79106,549,431,270,741,401.29,73.05
南投縣,名間鄉,中正村,722,462727,641,525,327,792,534.93,83.47
南投縣,名間鄉,南雅村,256,166628,651,541,357,845,442.08,67.92
南投縣,名間鄉,濁水村,375,238678,636,522,309,800,532.43,83.65
南投縣,名間鄉,炭寮村,153,88510,578,485,303,793,372.09,64.32
南投縣,名間鄉,新民村,195,105815,543,464,284,736,354.16,65.27
南投縣,名間鄉,新街村,904,552648,611,496,290,777,629.79,103.02
南投縣,名間鄉,東湖村,416,247476,595,512,311,770,398.68,67.02
南投縣,名間鄉,仁和村,169,94802,561,465,292,734,390.27,69.57
南投縣,名間鄉,萬丹村,221,132138,598,500,326,774,422.02,70.58
南投縣,名間鄉,田仔村,248,153702,620,526,319,797,426.77,68.86
南投縣,名間鄉,新光村,302,200271,663,549,349,880,494.93,74.63
南投縣,名間鄉,大庄村,344,201724,586,474,293,775,431.65,73.61
南投縣,名間鄉,？下村,187,114546,613,455,285,788,556.64,90.87
南投縣,名間鄉,赤水村,257,149962,584,460,297,716,633.21,108.52
南投縣,名間鄉,三崙村,212,131620,621,502,308,740,548.53,88.35
南投縣,名間鄉,松山村,260,161428,621,482,312,680,695.33,111.99
南投縣,名間鄉,松柏村,167,88871,532,448,270,676,384.19,72.19
南投縣,名間鄉,埔中村,147,74273,505,441,244,652,344.83,68.25
南投縣,名間鄉,新厝村,174,114156,656,563,328,833,441.88,67.35
南投縣,鹿谷鄉,廣興村,351,210900,601,500,285,799,446.66,74.34
南投縣,鹿谷鄉,鳳凰村,176,104564,594,488,333,731,404.70,68.12
南投縣,鹿谷鄉,竹林村,215,127861,595,501,326,753,383.61,64.50
南投縣,鹿谷鄉,鹿谷村,348,237291,682,519,316,859,550.45,80.73
南投縣,鹿谷鄉,初鄉村,238,136905,575,472,298,698,460.26,80.01
南投縣,鹿谷鄉,彰雅村,174,124515,716,618,397,987,454.77,63.55
南投縣,鹿谷鄉,內湖村,152,85846,565,441,290,674,465.75,82.47
南投縣,鹿谷鄉,竹豐村,108,63010,583,474,360,724,462.61,79.29
南投縣,鹿谷鄉,和雅村,83,45016,542,472,326,690,337.91,62.30
南投縣,鹿谷鄉,永隆村,226,147972,655,491,320,833,589.19,89.99
南投縣,鹿谷鄉,秀？村,165,83405,505,432,270,648,345.22,68.29
南投縣,鹿谷鄉,清水村,128,74719,584,491,325,687,412.88,70.73
南投縣,鹿谷鄉,瑞田村,123,77412,629,498,311,784,527.43,83.80
南投縣,中寮鄉,復興村,51,25319,496,415,245,598,422.04,85.01
南投縣,中寮鄉,內城村,98,45014,459,408,239,607,377.07,82.09
南投縣,中寮鄉,永和村,116,59120,510,435,265,729,344.87,67.67
南投縣,中寮鄉,廣興村,182,100138,550,420,272,702,408.69,74.28
南投縣,中寮鄉,廣福村,128,65255,510,442,230,692,340.17,66.72
南投縣,中寮鄉,和興村,116,61871,533,468,279,684,377.76,70.83
南投縣,中寮鄉,義和村,263,135204,514,443,284,649,371.47,72.26
南投縣,中寮鄉,清水村,185,83847,453,384,260,557,288.94,63.75
南投縣,中寮鄉,崁頂村,88,49368,561,431,310,750,384.05,68.46
南投縣,中寮鄉,八仙村,156,79754,511,387,257,688,345.91,67.66
南投縣,中寮鄉,福盛村,146,73569,504,449,289,628,322.34,63.97
南投縣,中寮鄉,永平村,492,302281,614,491,286,799,485.74,79.06
南投縣,中寮鄉,中寮村,177,102769,581,454,289,706,456.52,78.63
南投縣,中寮鄉,永福村,276,163111,591,478,308,764,422.27,71.45
南投縣,中寮鄉,龍安村,136,71003,522,357,217,609,549.53,105.26
南投縣,中寮鄉,龍岩村,150,83767,558,456,311,714,444.67,79.63
南投縣,中寮鄉,爽文村,151,79609,527,392,251,744,430.23,81.60
南投縣,中寮鄉,永芳村,109,62770,576,468,300,760,414.09,71.91
南投縣,魚池鄉,大林村,179,91692,512,376,262,597,431.26,84.19
南投縣,魚池鄉,共和村,142,73411,517,454,281,649,336.24,65.04
南投縣,魚池鄉,新城村,238,134728,566,477,300,720,438.27,77.42
南投縣,魚池鄉,東池村,295,165547,561,454,299,736,397.64,70.86
南投縣,魚池鄉,魚池村,465,304262,654,495,303,886,526.68,80.49
南投縣,魚池鄉,中明村,178,98810,555,424,285,689,482.99,87.01
南投縣,魚池鄉,大雁村,126,67712,537,434,254,645,421.74,78.48
南投縣,魚池鄉,五城村,143,68684,480,412,240,659,286.24,59.59
南投縣,魚池鄉,東光村,173,95120,550,467,300,680,400.06,72.76
南投縣,魚池鄉,水社村,169,93747,555,451,292,671,373.25,67.29
南投縣,魚池鄉,頭社村,176,103176,586,472,266,722,464.28,79.20
南投縣,魚池鄉,武登村,139,80119,576,498,308,686,393.30,68.23
南投縣,魚池鄉,日月村,111,63440,572,455,274,748,416.13,72.81
南投縣,國姓鄉,石門村,344,180467,525,421,273,704,372.07,70.92
南投縣,國姓鄉,北港村,355,175075,493,413,271,630,329.59,66.83
南投縣,國姓鄉,南港村,303,146947,485,401,256,628,324.97,67.01
南投縣,國姓鄉,國姓村,354,192618,544,467,267,692,428.93,78.83
南投縣,國姓鄉,大旗村,141,69270,491,450,256,634,314.76,64.07
南投縣,國姓鄉,長流村,261,135975,521,450,304,651,344.04,66.04
南投縣,國姓鄉,福龜村,399,205514,515,400,242,643,431.30,83.74
南投縣,國姓鄉,乾溝村,167,87241,522,448,287,675,380.68,72.87
南投縣,國姓鄉,柑林村,235,123179,524,434,296,652,352.03,67.16
南投縣,國姓鄉,北山村,260,131747,507,440,272,642,326.11,64.36
南投縣,國姓鄉,大石村,133,74382,559,449,309,622,420.38,75.17
南投縣,國姓鄉,長福村,112,53485,478,407,277,601,316.87,66.35
南投縣,國姓鄉,長豐村,125,57848,463,407,233,587,333.99,72.17
南投縣,水里鄉,永興村,62,31808,513,380,216,695,437.15,85.21
南投縣,水里鄉,新興村,123,59523,484,380,267,618,329.97,68.19
南投縣,水里鄉,新城村,353,205353,582,484,280,730,451.25,77.57
南投縣,水里鄉,北埔村,269,196506,731,501,323,901,1022.18,139.93
南投縣,水里鄉,玉？村,159,87044,547,427,256,734,452.61,82.68
南投縣,水里鄉,興隆村,60,32742,546,496,300,725,394.84,72.36
南投縣,水里鄉,永豐村,313,192894,616,483,308,700,550.10,89.26
南投縣,水里鄉,水里村,192,99016,516,413,234,661,430.95,83.57
南投縣,水里鄉,農富村,130,84907,653,420,269,886,606.80,92.91
南投縣,水里鄉,中央村,158,102693,650,417,256,777,887.35,136.53
南投縣,水里鄉,城中村,228,148149,650,515,324,867,522.05,80.34
南投縣,水里鄉,鉅工村,297,236297,796,593,368,1116,605.23,76.07
南投縣,水里鄉,頂崁村,248,143199,577,423,243,730,564.82,97.82
南投縣,水里鄉,車埕村,117,61074,522,429,273,703,359.84,68.93
南投縣,水里鄉,新山村,57,28373,498,389,282,514,396.07,79.57
南投縣,水里鄉,郡坑村,59,33212,563,440,317,738,394.76,70.13
南投縣,水里鄉,上安村,207,93654,452,390,222,587,339.02,74.93
南投縣,水里鄉,民和村,131,71569,546,424,282,715,409.69,74.99
南投縣,水里鄉,南光村,365,228120,625,480,287,813,470.13,75.22
南投縣,信義鄉,人和村,139,71019,511,468,285,752,318.93,62.42
南投縣,信義鄉,明德村,236,156762,664,554,343,848,512.67,77.18
南投縣,信義鄉,地利村,111,47355,427,402,182,629,304.06,71.27
南投縣,信義鄉,愛國村,81,47739,589,514,300,839,393.99,66.85
南投縣,信義鄉,自強村,100,54351,544,414,273,685,395.91,72.84
南投縣,信義鄉,羅娜村,96,48741,508,431,298,679,282.59,55.66
南投縣,信義鄉,望美村,139,81434,586,512,340,746,373.09,63.68
南投縣,信義鄉,同富村,148,83995,568,456,303,674,427.67,75.36
南投縣,信義鄉,神木村,72,37992,528,453,299,703,321.69,60.96
南投縣,信義鄉,東埔村,67,43015,642,577,313,834,541.47,84.34
南投縣,信義鄉,潭南村,28,14932,533,433,250,702,374.84,70.29
南投縣,信義鄉,雙龍村,57,25015,439,346,192,699,310.14,70.67
南投縣,信義鄉,新鄉村,23,14182,617,474,363,821,445.58,72.26
南投縣,信義鄉,豐丘村,67,38646,577,489,342,773,326.84,56.66
南投縣,仁愛鄉,大同村,217,160653,740,602,386,929,673.89,91.03
南投縣,仁愛鄉,中正村,87,44596,513,445,229,743,333.90,65.14
南投縣,仁愛鄉,新生村,68,44639,656,584,354,896,394.36,60.07
南投縣,仁愛鄉,力行村,37,25812,698,716,436,924,349.98,50.17
南投縣,仁愛鄉,萬豐村,38,20083,529,486,359,693,274.91,52.02
南投縣,仁愛鄉,春陽村,97,65081,671,604,423,933,380.86,56.77
南投縣,仁愛鄉,合作村,104,47874,460,429,189,570,311.57,67.68
南投縣,仁愛鄉,發祥村,68,39280,578,540,388,729,275.96,47.77
南投縣,仁愛鄉,法治村,71,36143,509,384,250,642,368.90,72.47
南投縣,仁愛鄉,親愛村,200,117691,588,517,329,787,365.80,62.16
南投縣,仁愛鄉,互助村,118,74242,629,564,314,858,409.09,65.02
南投縣,仁愛鄉,精英村,112,57407,513,397,234,646,468.75,91.45
南投縣,仁愛鄉,南豐村,139,102142,735,554,360,912,716.45,97.50
南投縣,仁愛鄉,榮興村,3,1490,497,300,104,1087,520.30,104.73
彰化縣,彰化市,介壽里,619,539232,871,597,340,1099,883.08,101.37
彰化縣,彰化市,中正里,550,661812,1203,608,341,1148,5564.19,462.41
彰化縣,彰化市,光復里,300,375640,1252,661,353,1349,2360.93,188.55
彰化縣,彰化市,萬壽里,334,242490,726,527,304,897,662.34,91.23
彰化縣,彰化市,民權里,423,300591,711,497,280,873,773.20,108.81
彰化縣,彰化市,延平里,2092,1698364,812,574,343,1019,811.82,100.00
彰化縣,彰化市,中山里,279,205190,735,551,341,874,773.94,105.23
彰化縣,彰化市,成功里,505,381535,756,530,304,909,819.84,108.51
彰化縣,彰化市,中央里,335,259264,774,551,295,958,750.91,97.03
彰化縣,彰化市,中庄里,745,458767,616,494,307,823,496.94,80.70
彰化縣,彰化市,西安里,983,834128,849,568,322,979,1189.21,140.15
彰化縣,彰化市,福安里,405,314793,777,535,311,1024,855.21,110.03
彰化縣,彰化市,永福里,335,308316,920,598,331,1103,1014.87,110.27
彰化縣,彰化市,陽明里,609,521328,856,598,350,1039,1275.51,149.00
彰化縣,彰化市,桃源里,724,507615,701,504,281,836,976.89,139.33
彰化縣,彰化市,文化里,518,471630,910,582,318,1057,1485.49,163.15
彰化縣,彰化市,大同里,386,307506,797,534,327,1006,838.22,105.22
彰化縣,彰化市,石牌里,339,178030,525,429,267,660,398.65,75.91
彰化縣,彰化市,忠孝里,422,294123,697,544,311,834,611.21,87.69
彰化縣,彰化市,東興里,592,575794,973,652,366,1251,1027.68,105.66
彰化縣,彰化市,民生里,522,519550,995,589,333,1093,1461.84,146.87
彰化縣,彰化市,平和里,1307,941778,721,513,315,893,697.72,96.83
彰化縣,彰化市,南興里,1754,1370988,782,572,336,1012,714.81,91.45
彰化縣,彰化市,復興里,1368,1009918,738,559,337,958,600.04,81.28
彰化縣,彰化市,萬安里,1402,1137161,811,579,329,1000,813.42,100.29
彰化縣,彰化市,信義里,358,358254,1001,575,339,1110,1386.22,138.52
彰化縣,彰化市,光華里,338,305320,903,560,310,1112,1245.30,137.86
彰化縣,彰化市,新興里,1346,1017310,756,558,334,922,897.84,118.79
彰化縣,彰化市,長樂里,455,356509,784,572,325,963,753.98,96.23
彰化縣,彰化市,龍山里,755,623849,826,647,370,1051,671.24,81.24
彰化縣,彰化市,興北里,508,422709,832,589,318,977,1204.88,144.80
彰化縣,彰化市,福山里,1979,1213644,613,476,294,769,550.84,89.82
彰化縣,彰化市,五權里,1089,739485,679,524,297,879,595.97,87.77
彰化縣,彰化市,竹中里,511,305846,599,482,282,763,485.50,81.12
彰化縣,彰化市,田中里,251,145272,579,484,275,750,443.93,76.70
彰化縣,彰化市,福田里,331,188486,569,478,296,755,383.78,67.40
彰化縣,彰化市,富貴里,350,291736,834,504,293,868,1341.67,160.96
彰化縣,彰化市,安溪里,283,182412,645,479,300,806,584.65,90.70
彰化縣,彰化市,延和里,1060,769424,726,522,299,853,1069.14,147.29
彰化縣,彰化市,茄苳里,263,143530,546,444,263,677,453.01,83.01
彰化縣,彰化市,南安里,555,304416,548,438,254,679,502.19,91.56
彰化縣,彰化市,大竹里,874,553375,633,498,315,830,471.63,74.49
彰化縣,彰化市,磚？里,834,548401,658,477,289,718,1505.95,229.02
彰化縣,彰化市,西勢里,852,620590,728,528,315,864,684.77,94.01
彰化縣,彰化市,新華里,589,408539,694,510,334,814,672.60,96.97
彰化縣,彰化市,三村里,322,182775,568,436,285,684,518.31,91.31
彰化縣,彰化市,下？里,1233,866028,702,537,305,869,655.74,93.36
彰化縣,彰化市,永生里,496,359581,725,506,286,828,780.13,107.61
彰化縣,彰化市,卦山里,803,815770,1016,657,392,1163,1650.12,162.43
彰化縣,彰化市,彰安里,1023,829187,811,545,323,1008,911.76,112.49
彰化縣,彰化市,南瑤里,2229,1781063,799,561,327,998,743.44,93.04
彰化縣,彰化市,華陽里,676,506298,749,587,345,958,620.66,82.87
彰化縣,彰化市,華北里,526,456244,867,640,366,1074,863.15,99.51
彰化縣,彰化市,光南里,486,389606,802,571,335,988,793.83,99.02
彰化縣,彰化市,西興里,799,613369,768,504,290,884,909.11,118.42
彰化縣,彰化市,忠權里,890,619874,696,532,315,880,576.46,82.77
彰化縣,彰化市,莿桐里,805,611636,760,557,313,854,1102.57,145.11
彰化縣,彰化市,東芳里,920,526255,572,425,270,703,528.93,92.47
彰化縣,彰化市,南美里,489,282651,578,449,276,691,559.20,96.74
彰化縣,彰化市,阿夷里,1732,1184108,684,533,315,853,590.17,86.32
彰化縣,彰化市,古夷里,766,424089,554,457,273,706,435.04,78.58
彰化縣,彰化市,寶？里,321,195226,608,479,304,729,537.02,88.30
彰化縣,彰化市,茄南里,715,413273,578,469,274,722,526.23,91.04
彰化縣,彰化市,和調里,759,570116,751,569,326,975,744.23,99.08
彰化縣,彰化市,香山里,838,561696,670,522,320,864,552.68,82.45
彰化縣,彰化市,牛埔里,911,525788,577,451,267,757,490.29,84.95
彰化縣,彰化市,國聖里,804,513644,639,490,296,777,684.28,107.11
彰化縣,彰化市,快官里,321,230360,718,498,302,797,930.34,129.64
彰化縣,彰化市,竹巷里,225,118288,526,443,274,658,375.98,71.52
彰化縣,彰化市,建寶里,919,910660,991,676,396,1157,2289.97,231.09
彰化縣,彰化市,台鳳里,1020,627848,616,500,290,758,558.41,90.72
彰化縣,彰化市,向陽里,939,748667,797,607,342,1041,675.52,84.73
彰化縣,彰化市,崙平里,1357,1093078,806,589,332,987,919.43,114.14
彰化縣,鹿港鎮,菜園里,309,163816,530,439,272,680,398.11,75.09
彰化縣,鹿港鎮,大有里,351,255488,728,469,267,799,964.86,132.56
彰化縣,鹿港鎮,永安里,1113,742200,667,482,292,809,941.65,141.21
彰化縣,鹿港鎮,順興里,265,176920,668,471,292,763,811.63,121.57
彰化縣,鹿港鎮,中興里,226,196676,870,537,305,946,1470.82,169.01
彰化縣,鹿港鎮,頂厝里,1560,1100491,705,449,265,752,2426.39,343.95
彰化縣,鹿港鎮,溝墘里,1163,665908,573,439,258,681,560.93,97.97
彰化縣,鹿港鎮,長興里,102,69123,678,495,269,795,683.61,100.88
彰化縣,鹿港鎮,龍山里,275,172129,626,426,290,754,549.39,87.77
彰化縣,鹿港鎮,興化里,207,137375,664,502,250,948,614.85,92.65
彰化縣,鹿港鎮,景福里,346,244792,707,500,286,796,828.84,117.15
彰化縣,鹿港鎮,海埔里,847,442020,522,399,239,659,642.04,123.03
彰化縣,鹿港鎮,泰興里,436,370326,849,578,322,975,1056.60,124.40
彰化縣,鹿港鎮,詔安里,474,241029,508,408,248,597,541.63,106.51
彰化縣,鹿港鎮,洋厝里,645,348825,541,418,252,656,497.60,92.01
彰化縣,鹿港鎮,山崙里,778,387066,498,414,254,626,371.19,74.61
彰化縣,鹿港鎮,頭南里,551,356520,647,408,250,671,1985.10,306.80
彰化縣,鹿港鎮,草中里,877,491462,560,449,271,692,441.76,78.83
彰化縣,鹿港鎮,廖厝里,939,513603,547,425,248,667,541.69,99.04
彰化縣,鹿港鎮,頭崙里,743,446980,602,443,260,701,1027.65,170.82
彰化縣,鹿港鎮,東石里,871,454670,522,427,264,650,416.78,79.84
彰化縣,鹿港鎮,頂番里,1007,575160,571,431,256,671,596.47,104.43
彰化縣,鹿港鎮,郭厝里,130,65433,503,423,261,628,377.30,74.96
彰化縣,鹿港鎮,玉順里,353,195934,555,401,245,647,586.08,105.59
彰化縣,鹿港鎮,新宮里,217,128128,590,451,274,804,465.83,78.89
彰化縣,鹿港鎮,洛津里,314,178840,570,446,262,759,464.10,81.49
彰化縣,鹿港鎮,街尾里,613,415586,678,520,298,854,622.64,91.84
彰化縣,鹿港鎮,埔崙里,962,660485,687,464,273,733,3065.53,446.50
彰化縣,鹿港鎮,東崎里,1109,639016,576,459,283,680,868.35,150.70
彰化縣,和美鎮,新庄里,776,434725,560,454,282,688,433.56,77.39
彰化縣,和美鎮,鎮平里,772,446194,578,442,256,717,518.85,89.77
彰化縣,和美鎮,頭前里,458,295004,644,491,300,772,1118.06,173.58
彰化縣,和美鎮,月眉里,988,564991,572,475,300,682,463.88,81.12
彰化縣,和美鎮,竹園里,270,147877,548,488,305,714,342.85,62.60
彰化縣,和美鎮,湖內里,408,191839,470,383,252,595,331.86,70.58
彰化縣,和美鎮,鐵山里,896,718911,802,489,300,802,2365.02,294.76
彰化縣,和美鎮,詔安里,541,319717,591,467,270,772,520.75,88.12
彰化縣,和美鎮,竹營里,1345,881718,656,493,296,782,775.76,118.34
彰化縣,和美鎮,和東里,1220,928383,761,515,284,828,1508.24,198.20
彰化縣,和美鎮,和南里,130,80422,619,513,346,763,428.08,69.20
彰化縣,和美鎮,和北里,486,304345,626,486,279,779,564.08,90.08
彰化縣,和美鎮,和西里,1059,745854,704,515,321,853,695.57,98.76
彰化縣,和美鎮,四張里,794,497082,626,508,324,757,511.03,81.63
彰化縣,和美鎮,還社里,254,136269,536,454,270,690,445.99,83.13
彰化縣,和美鎮,大霞里,441,241337,547,432,266,679,445.29,81.37
彰化縣,和美鎮,源埤里,499,284954,571,456,281,716,426.53,74.69
彰化縣,和美鎮,南佃里,504,256420,509,413,265,616,432.85,85.08
彰化縣,和美鎮,雅溝里,383,202614,529,431,264,621,442.40,83.63
彰化縣,和美鎮,面前里,534,322794,604,429,266,674,968.37,160.20
彰化縣,和美鎮,山犁里,1760,1067250,606,490,300,745,484.97,79.98
彰化縣,和美鎮,嘉犁里,518,324150,626,489,278,770,527.70,84.33
彰化縣,和美鎮,柑井里,957,540715,565,448,273,719,445.98,78.93
彰化縣,和美鎮,犁盛里,675,409840,607,461,281,705,611.39,100.70
彰化縣,和美鎮,中寮里,324,165410,511,420,255,627,373.62,73.18
彰化縣,和美鎮,中圍里,823,437555,532,441,282,662,440.40,82.84
彰化縣,和美鎮,糖友里,899,629241,700,565,367,905,550.48,78.65
彰化縣,和美鎮,塗厝里,553,321163,581,482,282,740,446.98,76.96
彰化縣,和美鎮,地潭里,232,132145,570,480,293,739,405.63,71.21
彰化縣,和美鎮,嘉寶里,553,340310,615,447,265,707,999.21,162.37
彰化縣,和美鎮,好修里,484,263896,545,430,270,660,527.98,96.83
彰化縣,北斗鎮,東光里,433,263512,609,456,291,779,510.77,83.93
彰化縣,北斗鎮,光復里,426,306548,720,545,306,940,617.08,85.75
彰化縣,北斗鎮,重慶里,174,126596,728,538,337,955,559.22,76.86
彰化縣,北斗鎮,文昌里,583,343829,590,489,288,726,458.01,77.66
彰化縣,北斗鎮,新生里,370,227171,614,491,308,760,473.92,77.19
彰化縣,北斗鎮,西安里,409,274220,670,528,320,823,589.25,87.89
彰化縣,北斗鎮,中和里,280,153271,547,425,262,657,444.54,81.21
彰化縣,北斗鎮,大道里,398,266215,669,515,300,808,623.97,93.29
彰化縣,北斗鎮,居仁里,399,285451,715,527,332,921,661.40,92.45
彰化縣,北斗鎮,五權里,220,147799,672,467,285,784,851.79,126.79
彰化縣,北斗鎮,大新里,405,234336,579,476,322,724,427.39,73.87
彰化縣,北斗鎮,中寮里,481,298405,620,515,321,791,438.25,70.64
彰化縣,北斗鎮,新政里,276,225931,819,613,321,945,807.32,98.62
彰化縣,北斗鎮,七星里,343,206472,602,452,277,761,520.76,86.51
彰化縣,北斗鎮,西德里,1061,722978,681,518,297,844,916.93,134.56
彰化縣,員林鎮,中正里,949,722251,761,596,345,959,633.33,83.22
彰化縣,員林鎮,光明里,322,223897,695,517,291,858,693.26,99.70
彰化縣,員林鎮,黎明里,569,424045,745,507,272,842,1020.77,136.97
彰化縣,員林鎮,三愛里,766,674659,881,518,316,968,3189.93,362.18
彰化縣,員林鎮,和平里,892,700023,785,581,341,1003,775.14,98.77
彰化縣,員林鎮,新生里,1177,996249,846,560,322,940,2373.23,280.38
彰化縣,員林鎮,中山里,271,244109,901,522,301,1142,986.17,109.48
彰化縣,員林鎮,中央里,433,303685,701,474,288,783,991.74,141.40
彰化縣,員林鎮,萬年里,892,611206,685,514,304,893,570.55,83.27
彰化縣,員林鎮,振興里,580,313854,541,431,274,684,421.78,77.95
彰化縣,員林鎮,民生里,750,494782,660,500,304,826,605.02,91.71
彰化縣,員林鎮,南興里,1226,780354,637,515,307,811,524.89,82.46
彰化縣,員林鎮,新興里,251,198737,792,502,297,924,970.79,122.61
彰化縣,員林鎮,惠來里,1357,965234,711,527,310,843,901.06,126.68
彰化縣,員林鎮,林厝里,601,320616,533,438,292,683,403.75,75.68
彰化縣,員林鎮,仁美里,921,831107,902,592,340,1113,1046.95,116.02
彰化縣,員林鎮,東和里,323,247763,767,532,337,927,722.27,94.16
彰化縣,員林鎮,大明里,522,288036,552,459,283,698,391.15,70.89
彰化縣,員林鎮,中東里,386,205350,532,447,279,655,401.52,75.47
彰化縣,員林鎮,大埔里,435,252680,581,457,306,676,498.84,85.88
彰化縣,員林鎮,三多里,703,929932,1323,583,341,1076,5635.29,426.01
彰化縣,員林鎮,鎮興里,427,229991,539,443,272,657,445.14,82.64
彰化縣,員林鎮,南平里,1055,724989,687,532,316,914,562.02,81.78
彰化縣,員林鎮,三和里,1488,1277092,858,569,320,964,3954.06,460.71
彰化縣,員林鎮,三義里,758,484506,639,467,262,826,593.46,92.85
彰化縣,員林鎮,源潭里,408,228485,560,442,270,706,450.61,80.46
彰化縣,員林鎮,三條里,1514,1136735,751,555,332,942,654.12,87.12
彰化縣,員林鎮,三橋里,797,521034,654,510,319,822,528.77,80.88
彰化縣,員林鎮,溝皂里,660,433663,657,492,285,849,602.71,91.73
彰化縣,員林鎮,大饒里,718,445555,621,472,300,743,679.12,109.44
彰化縣,員林鎮,崙雅里,644,345271,536,433,272,711,401.84,74.95
彰化縣,員林鎮,出水里,421,226479,538,429,272,671,403.08,74.93
彰化縣,員林鎮,湖水里,277,140392,507,446,289,641,303.39,59.86
彰化縣,員林鎮,大？里,182,92480,508,439,243,657,354.07,69.68
彰化縣,員林鎮,浮圳里,554,296242,535,468,285,692,367.19,68.67
彰化縣,員林鎮,西東里,434,248965,574,477,286,717,492.60,85.87
彰化縣,員林鎮,南東里,439,246545,562,459,275,694,449.50,80.04
彰化縣,員林鎮,東北里,563,307250,546,456,297,690,389.78,71.42
彰化縣,員林鎮,三信里,652,609842,935,613,338,1192,1199.51,128.24
彰化縣,溪湖鎮,中山里,580,307598,530,444,278,666,396.15,74.70
彰化縣,溪湖鎮,平和里,257,170929,665,517,286,838,579.55,87.14
彰化縣,溪湖鎮,光華里,146,103262,707,517,271,839,715.95,101.23
彰化縣,溪湖鎮,北勢里,314,164985,525,429,272,601,448.46,85.35
彰化縣,溪湖鎮,田中里,185,100634,544,420,274,683,527.31,96.94
彰化縣,溪湖鎮,太平里,376,247183,657,502,277,794,587.69,89.40
彰化縣,溪湖鎮,大竹里,642,459741,716,528,303,873,745.24,104.07
彰化縣,溪湖鎮,頂庄里,182,90137,495,421,250,598,375.29,75.78
彰化縣,溪湖鎮,西勢里,443,263104,594,496,273,747,468.00,78.80
彰化縣,溪湖鎮,光平里,354,238857,675,499,288,850,686.14,101.69
彰化縣,溪湖鎮,東寮里,859,558664,650,488,261,805,696.41,107.08
彰化縣,溪湖鎮,西寮里,547,320457,586,479,272,743,515.99,88.08
彰化縣,溪湖鎮,大突里,540,323694,599,462,280,764,484.51,80.83
彰化縣,溪湖鎮,汴頭里,564,358471,636,512,303,795,505.27,79.50
彰化縣,溪湖鎮,湖西里,550,325467,592,484,262,777,515.51,87.12
彰化縣,溪湖鎮,河東里,378,201219,532,435,269,617,467.03,87.73
彰化縣,溪湖鎮,中竹里,195,117369,602,497,335,774,414.59,68.88
彰化縣,溪湖鎮,東溪里,288,156652,544,429,276,688,421.44,77.48
彰化縣,溪湖鎮,西溪里,400,244218,611,473,267,765,494.98,81.07
彰化縣,溪湖鎮,湖東里,996,613782,616,475,278,806,516.91,83.88
彰化縣,溪湖鎮,忠覺里,310,186672,602,474,266,784,526.88,87.50
彰化縣,溪湖鎮,湳底里,167,113680,681,465,293,794,758.55,111.43
彰化縣,溪湖鎮,大庭里,309,179456,581,500,330,726,418.83,72.12
彰化縣,溪湖鎮,媽厝里,273,159305,584,434,273,739,566.37,97.06
彰化縣,溪湖鎮,番婆里,416,227530,547,447,258,709,432.32,79.04
彰化縣,田中鎮,三民里,384,217600,567,470,312,735,385.80,68.08
彰化縣,田中鎮,新庄里,588,402380,684,561,341,901,524.53,76.65
彰化縣,田中鎮,平和里,373,203658,546,448,305,672,378.55,69.33
彰化縣,田中鎮,復興里,385,226662,589,513,345,734,391.88,66.56
彰化縣,田中鎮,龍潭里,176,102641,583,468,279,748,432.01,74.08
彰化縣,田中鎮,三光里,214,126292,590,481,278,698,539.81,91.47
彰化縣,田中鎮,三安里,360,188041,522,465,281,656,348.14,66.65
彰化縣,田中鎮,新民里,981,640403,653,535,328,877,446.45,68.39
彰化縣,田中鎮,中路里,579,440785,761,601,351,1004,668.69,87.84
彰化縣,田中鎮,沙崙里,418,249230,596,458,284,741,521.85,87.52
彰化縣,田中鎮,碧？里,210,119201,568,520,275,744,360.85,63.57
彰化縣,田中鎮,香山里,211,108986,517,432,297,678,345.49,66.89
彰化縣,田中鎮,東源里,156,88080,565,482,333,683,335.76,59.47
彰化縣,田中鎮,頂潭里,363,200878,553,452,271,692,449.35,81.20
彰化縣,田中鎮,中潭里,475,282756,595,478,300,739,489.53,82.24
彰化縣,田中鎮,北路里,776,574774,741,544,340,874,1627.90,219.78
彰化縣,田中鎮,西路里,607,412933,680,538,312,884,593.80,87.29
彰化縣,田中鎮,東路里,331,219047,662,526,303,864,578.77,87.46
彰化縣,田中鎮,南路里,354,237109,670,562,326,892,503.02,75.10
彰化縣,田中鎮,大崙里,304,179571,591,512,300,747,421.40,71.34
彰化縣,田中鎮,梅州里,339,188596,556,445,290,690,457.47,82.23
彰化縣,田中鎮,大社里,211,109090,517,404,253,655,380.23,73.54
彰化縣,二林鎮,東勢里,214,109803,513,431,284,667,340.44,66.35
彰化縣,二林鎮,萬興里,181,114044,630,500,293,813,575.28,91.30
彰化縣,二林鎮,東華里,210,119058,567,465,286,705,419.11,73.93
彰化縣,二林鎮,振興里,247,135310,548,455,289,732,381.74,69.68
彰化縣,二林鎮,東興里,243,162801,670,506,332,769,994.14,148.39
彰化縣,二林鎮,永興里,316,176133,557,453,286,717,377.44,67.72
彰化縣,二林鎮,頂厝里,269,146928,546,488,292,692,359.44,65.81
彰化縣,二林鎮,西平里,293,181151,618,506,312,788,474.31,76.72
彰化縣,二林鎮,中西里,337,185665,551,459,288,673,399.48,72.51
彰化縣,二林鎮,東和里,573,427504,746,550,337,922,664.16,89.02
彰化縣,二林鎮,廣興里,288,164102,570,497,318,737,365.03,64.06
彰化縣,二林鎮,北平里,583,409051,702,537,331,907,630.73,89.90
彰化縣,二林鎮,豐田里,503,328813,654,501,322,853,519.64,79.49
彰化縣,二林鎮,南光里,732,536896,733,558,340,888,723.14,98.59
彰化縣,二林鎮,香田里,261,156736,601,483,337,732,458.47,76.34
彰化縣,二林鎮,外竹里,204,97774,479,434,267,622,331.05,69.07
彰化縣,二林鎮,興華里,246,154366,628,514,282,822,478.03,76.18
彰化縣,二林鎮,後厝里,647,436255,674,569,343,910,472.58,70.09
彰化縣,二林鎮,趙甲里,296,159585,539,439,275,696,408.02,75.68
彰化縣,二林鎮,西庄里,257,134675,524,449,276,678,354.70,67.69
彰化縣,二林鎮,梅芳里,174,95203,547,452,276,700,427.21,78.08
彰化縣,二林鎮,華崙里,837,444850,531,439,266,674,450.91,84.84
彰化縣,二林鎮,大永里,145,81076,559,463,282,693,404.34,72.31
彰化縣,二林鎮,萬合里,269,137515,511,432,257,653,341.20,66.74
彰化縣,二林鎮,原斗里,282,161882,574,428,267,739,558.07,97.22
彰化縣,二林鎮,西斗里,225,129149,574,472,294,701,451.50,78.66
彰化縣,二林鎮,復豐里,162,84324,521,428,240,685,383.45,73.67
彰化縣,線西鄉,德興村,350,175384,501,399,245,634,394.90,78.81
彰化縣,線西鄉,線西村,607,325067,536,452,258,673,409.50,76.47
彰化縣,線西鄉,頂庄村,336,165390,492,405,253,632,372.29,75.63
彰化縣,線西鄉,寓埔村,579,313433,541,443,269,650,460.59,85.08
彰化縣,線西鄉,？仔村,376,207961,553,441,280,717,430.57,77.85
彰化縣,線西鄉,溝內村,301,148609,494,402,261,625,333.40,67.53
彰化縣,線西鄉,下犁村,535,277863,519,399,242,633,479.29,92.28
彰化縣,線西鄉,頂犁村,717,382266,533,443,268,665,416.84,78.19
彰化縣,伸港鄉,大同村,408,227919,559,431,278,689,455.03,81.45
彰化縣,伸港鄉,溪底村,481,259432,539,444,272,673,420.70,78.00
彰化縣,伸港鄉,新港村,1352,812851,601,460,285,723,568.48,94.55
彰化縣,伸港鄉,什股村,443,233206,526,436,255,629,419.16,79.62
彰化縣,伸港鄉,海尾村,504,261469,519,438,271,658,369.01,71.13
彰化縣,伸港鄉,全興村,443,217408,491,420,252,627,346.05,70.51
彰化縣,伸港鄉,定興村,657,348886,531,435,251,641,519.53,97.83
彰化縣,伸港鄉,泉州村,474,258756,546,453,268,705,427.41,78.29
彰化縣,伸港鄉,泉厝村,344,195100,567,458,284,679,449.22,79.21
彰化縣,伸港鄉,曾家村,421,252589,600,453,280,664,688.79,114.80
彰化縣,伸港鄉,蚵寮村,281,135408,482,410,270,603,332.51,69.00
彰化縣,伸港鄉,埤墘村,242,152976,632,472,298,818,506.38,80.11
彰化縣,伸港鄉,七嘉村,552,303033,549,444,261,672,434.73,79.19
彰化縣,伸港鄉,汴頭村,704,387970,551,420,256,633,582.80,105.75
彰化縣,福興鄉,福興村,779,453026,582,437,262,691,604.46,103.94
彰化縣,福興鄉,三和村,238,122153,513,417,255,647,402.18,78.36
彰化縣,福興鄉,萬豐村,230,133251,579,478,278,753,464.95,80.25
彰化縣,福興鄉,外中村,324,187540,579,459,272,725,518.26,89.54
彰化縣,福興鄉,元中村,348,211938,609,496,322,791,415.15,68.17
彰化縣,福興鄉,大崙村,278,161607,581,476,283,700,517.18,88.97
彰化縣,福興鄉,外埔村,282,170463,604,507,333,742,436.69,72.24
彰化縣,福興鄉,三汴村,391,258937,662,498,313,883,569.69,86.02
彰化縣,福興鄉,番社村,356,230406,647,465,296,724,1288.06,199.02
彰化縣,福興鄉,社尾村,360,176203,489,396,248,609,417.10,85.22
彰化縣,福興鄉,番婆村,552,294101,533,405,248,624,580.45,108.94
彰化縣,福興鄉,橋頭村,651,383910,590,427,274,720,550.40,93.33
彰化縣,福興鄉,秀厝村,472,237056,502,396,232,610,458.42,91.28
彰化縣,福興鄉,鎮平村,300,159015,530,403,263,624,496.38,93.65
彰化縣,福興鄉,麥厝村,463,253599,548,429,263,713,439.13,80.17
彰化縣,福興鄉,廈粘村,474,246329,520,427,237,666,427.83,82.33
彰化縣,福興鄉,頂粘村,501,287633,574,422,251,695,596.01,103.81
彰化縣,福興鄉,福寶村,301,145667,484,352,211,601,482.68,99.74
彰化縣,福興鄉,二港村,361,202176,560,413,246,626,738.77,131.91
彰化縣,福興鄉,福南村,606,349743,577,437,265,676,757.85,131.31
彰化縣,福興鄉,西勢村,463,292944,633,456,266,679,753.76,119.13
彰化縣,福興鄉,同安村,606,329521,544,411,256,636,815.60,149.99
彰化縣,秀水鄉,義興村,309,183781,595,442,277,685,575.43,96.75
彰化縣,秀水鄉,秀水村,467,252201,540,407,231,668,490.27,90.78
彰化縣,秀水鄉,安溪村,450,299446,665,478,299,771,1096.06,164.71
彰化縣,秀水鄉,莊雅村,592,363881,615,487,285,784,515.29,83.83
彰化縣,秀水鄉,陜西村,397,219894,554,438,259,700,497.31,89.78
彰化縣,秀水鄉,金興村,476,255551,537,423,270,708,400.59,74.62
彰化縣,秀水鄉,安東村,1012,627334,620,488,297,749,536.08,86.48
彰化縣,秀水鄉,鶴鳴村,820,482194,588,479,299,721,463.89,78.89
彰化縣,秀水鄉,馬興村,625,371393,594,486,276,747,484.30,81.50
彰化縣,秀水鄉,福安村,971,611667,630,484,292,791,552.29,87.67
彰化縣,秀水鄉,埔崙村,570,351566,617,473,298,810,476.36,77.23
彰化縣,秀水鄉,曾厝村,397,239856,604,450,272,703,832.50,137.79
彰化縣,秀水鄉,金陵村,408,246443,604,499,312,710,487.17,80.65
彰化縣,秀水鄉,下崙村,540,318106,589,487,286,717,483.72,82.11
彰化縣,花壇鄉,中庄村,656,363955,555,438,266,691,418.24,75.38
彰化縣,花壇鄉,橋頭村,926,497736,538,423,263,665,445.91,82.96
彰化縣,花壇鄉,花壇村,889,555919,625,475,292,753,568.28,90.88
彰化縣,花壇鄉,金墩村,495,277392,560,457,288,674,447.02,79.77
彰化縣,花壇鄉,劉厝村,289,154553,535,435,264,682,392.12,73.32
彰化縣,花壇鄉,崙雅村,400,229578,574,461,282,716,463.59,80.77
彰化縣,花壇鄉,南口村,467,283233,606,468,280,757,675.26,111.34
彰化縣,花壇鄉,岩竹村,368,207268,563,421,268,694,525.50,93.30
彰化縣,花壇鄉,灣雅村,232,118025,509,420,252,641,396.55,77.95
彰化縣,花壇鄉,灣東村,249,123591,496,397,263,607,377.62,76.08
彰化縣,花壇鄉,三春村,459,233801,509,413,259,634,377.87,74.18
彰化縣,花壇鄉,永春村,445,241537,543,477,279,716,438.42,80.77
彰化縣,花壇鄉,長春村,419,227961,544,433,258,696,437.97,80.50
彰化縣,花壇鄉,中口村,210,126947,605,386,247,699,703.49,116.37
彰化縣,花壇鄉,北口村,499,256972,515,427,269,654,398.49,77.38
彰化縣,花壇鄉,長沙村,1153,742343,644,511,293,816,575.75,89.42
彰化縣,花壇鄉,文德村,722,420663,583,445,275,715,546.08,93.73
彰化縣,花壇鄉,白沙村,1092,831209,761,516,307,854,910.01,119.55
彰化縣,芬園鄉,大竹村,268,132544,495,402,263,617,345.44,69.85
彰化縣,芬園鄉,中崙村,231,113901,493,403,257,682,324.82,65.88
彰化縣,芬園鄉,竹林村,452,245446,543,435,297,687,390.71,71.95
彰化縣,芬園鄉,社口村,678,384477,567,476,296,729,398.84,70.33
彰化縣,芬園鄉,舊社村,427,229172,537,453,268,698,377.29,70.30
彰化縣,芬園鄉,同安村,299,153693,514,444,272,643,332.31,64.65
彰化縣,芬園鄉,楓坑村,157,81853,521,414,275,660,385.82,74.00
彰化縣,芬園鄉,芬園村,235,118715,505,438,275,649,331.65,65.65
彰化縣,芬園鄉,大埔村,333,179624,539,451,298,706,358.15,66.40
彰化縣,芬園鄉,進芬村,273,153238,561,470,301,713,407.53,72.60
彰化縣,芬園鄉,茄荖村,606,316362,522,429,281,673,367.63,70.42
彰化縣,芬園鄉,嘉興村,392,221354,565,460,308,685,438.24,77.61
彰化縣,芬園鄉,縣庄村,300,182138,607,477,298,774,529.10,87.15
彰化縣,芬園鄉,圳墘村,158,98216,622,470,312,745,711.05,114.39
彰化縣,芬園鄉,溪頭村,372,221615,596,473,318,764,448.88,75.35
彰化縣,大村鄉,南勢村,310,173883,561,456,270,715,459.41,81.91
彰化縣,大村鄉,福興村,532,295006,555,446,264,724,450.90,81.31
彰化縣,大村鄉,新興村,302,161449,535,423,252,618,530.09,99.16
彰化縣,大村鄉,大崙村,327,191489,586,476,293,748,428.30,73.14
彰化縣,大村鄉,大村村,553,324516,587,488,284,746,468.25,79.79
彰化縣,大村鄉,田洋村,248,148014,597,454,260,753,570.77,95.63
彰化縣,大村鄉,貢旗村,393,208978,532,420,238,640,490.63,92.27
彰化縣,大村鄉,茄苳村,459,260540,568,439,270,693,497.74,87.69
彰化縣,大村鄉,加錫村,329,164199,499,437,253,650,323.52,64.82
彰化縣,大村鄉,擺塘村,580,316937,546,433,251,691,455.85,83.42
彰化縣,大村鄉,村上村,371,215201,580,475,300,718,466.64,80.45
彰化縣,大村鄉,美港村,764,670896,878,464,282,707,5999.38,683.19
彰化縣,大村鄉,過溝村,534,332271,622,494,307,794,505.39,81.22
彰化縣,大村鄉,大橋村,514,266665,519,418,266,674,413.24,79.65
彰化縣,大村鄉,黃厝村,499,392605,787,456,280,685,5702.08,724.73
彰化縣,大村鄉,平和村,560,302692,541,448,268,680,462.99,85.66
彰化縣,埔鹽鄉,太平村,357,199777,560,463,270,714,442.15,79.01
彰化縣,埔鹽鄉,西湖村,509,265263,521,430,267,650,416.66,79.95
彰化縣,埔鹽鄉,新興村,116,63881,551,469,296,666,403.42,73.26
彰化縣,埔鹽鄉,南港村,455,247927,545,428,277,691,450.82,82.74
彰化縣,埔鹽鄉,？子村,335,196165,586,465,278,746,442.38,75.55
彰化縣,埔鹽鄉,永平村,299,170041,569,508,288,709,413.75,72.75
彰化縣,埔鹽鄉,埔鹽村,446,272152,610,479,301,740,485.31,79.53
彰化縣,埔鹽鄉,埔南村,468,257332,550,411,246,703,463.76,84.34
彰化縣,埔鹽鄉,出水村,261,146925,563,410,272,689,635.59,112.91
彰化縣,埔鹽鄉,打廉村,263,143652,546,424,259,740,412.60,75.54
彰化縣,埔鹽鄉,豐澤村,341,167468,491,408,235,606,365.50,74.42
彰化縣,埔鹽鄉,崑崙村,322,183389,570,444,241,723,660.35,115.95
彰化縣,埔鹽鄉,角樹村,205,118302,577,468,259,707,502.09,87.00
彰化縣,埔鹽鄉,瓦？村,353,194445,551,440,280,664,412.13,74.82
彰化縣,埔鹽鄉,好修村,399,228095,572,463,281,705,477.56,83.54
彰化縣,埔鹽鄉,大有村,366,190916,522,444,259,672,403.11,77.28
彰化縣,埔鹽鄉,永樂村,193,118549,614,475,257,753,610.37,99.37
彰化縣,埔鹽鄉,石埤村,296,149319,504,444,278,677,325.47,64.52
彰化縣,埔鹽鄉,天盛村,231,132875,575,461,273,711,476.69,82.87
彰化縣,埔鹽鄉,新水村,323,192484,596,475,285,761,534.75,89.73
彰化縣,埔鹽鄉,三省村,316,169097,535,425,293,649,400.00,74.75
彰化縣,埔鹽鄉,南新村,311,177655,571,447,263,666,519.62,90.96
彰化縣,埔心鄉,太平村,515,283792,551,430,260,667,475.24,86.24
彰化縣,埔心鄉,仁里村,227,119718,527,422,253,716,411.05,77.94
彰化縣,埔心鄉,大華村,134,76057,568,481,293,721,437.73,77.12
彰化縣,埔心鄉,埔心村,302,169809,562,449,273,655,552.33,98.23
彰化縣,埔心鄉,東門村,742,414205,558,430,267,701,485.59,86.99
彰化縣,埔心鄉,義民村,405,240176,593,451,295,716,584.25,98.52
彰化縣,埔心鄉,油車村,298,156005,524,430,282,643,380.38,72.66
彰化縣,埔心鄉,瓦北村,451,236706,525,439,256,663,441.09,84.04
彰化縣,埔心鄉,瓦中村,495,265903,537,428,258,681,437.76,81.49
彰化縣,埔心鄉,瓦南村,401,218770,546,437,259,683,446.81,81.90
彰化縣,埔心鄉,經口村,430,237453,552,450,266,699,462.91,83.83
彰化縣,埔心鄉,舊？村,335,198050,591,442,277,671,677.53,114.60
彰化縣,埔心鄉,南？村,202,103326,512,451,271,629,344.87,67.42
彰化縣,埔心鄉,新？村,200,100698,503,407,254,620,410.12,81.45
彰化縣,埔心鄉,羅厝村,281,135869,484,378,249,572,438.31,90.65
彰化縣,埔心鄉,芎蕉村,436,225266,517,432,260,653,403.47,78.09
彰化縣,埔心鄉,梧鳳村,181,87328,482,400,279,590,346.08,71.73
彰化縣,埔心鄉,二重村,276,144290,523,442,289,683,339.95,65.03
彰化縣,埔心鄉,埤霞村,189,99945,529,452,283,626,364.69,68.96
彰化縣,埔心鄉,埤？村,197,103189,524,431,277,632,385.79,73.65
彰化縣,永靖鄉,五福村,270,136913,507,428,263,644,375.32,74.02
彰化縣,永靖鄉,永興村,406,233260,575,468,297,681,446.06,77.64
彰化縣,永靖鄉,福興村,261,149149,571,468,287,710,437.48,76.56
彰化縣,永靖鄉,新莊村,189,101209,535,420,292,648,358.01,66.85
彰化縣,永靖鄉,同安村,163,89928,552,443,279,639,524.76,95.12
彰化縣,永靖鄉,永東村,197,125616,638,516,316,831,500.48,78.49
彰化縣,永靖鄉,永西村,428,282857,661,514,308,811,554.68,83.93
彰化縣,永靖鄉,永北村,462,264595,573,452,285,728,436.08,76.14
彰化縣,永靖鄉,永南村,478,279884,586,460,285,740,473.18,80.81
彰化縣,永靖鄉,港西村,436,227174,521,447,260,670,381.99,73.31
彰化縣,永靖鄉,湳港村,251,140185,559,451,289,709,430.70,77.12
彰化縣,永靖鄉,浮圳村,273,144230,528,473,292,699,320.90,60.74
彰化縣,永靖鄉,瑚璉村,501,306729,612,492,319,765,489.15,79.90
彰化縣,永靖鄉,五汴村,363,204263,563,443,249,699,467.39,83.06
彰化縣,永靖鄉,光雲村,376,202307,538,417,266,653,729.60,135.60
彰化縣,永靖鄉,東寧村,430,229875,535,436,273,667,383.34,71.71
彰化縣,永靖鄉,崙子村,358,192740,538,436,276,665,427.79,79.46
彰化縣,永靖鄉,獨鰲村,224,112502,502,446,269,660,326.82,65.07
彰化縣,永靖鄉,敦厚村,174,89214,513,455,251,668,344.93,67.27
彰化縣,永靖鄉,崙美村,157,81024,516,430,300,653,347.33,67.30
彰化縣,永靖鄉,同仁村,221,113759,515,449,255,657,347.39,67.49
彰化縣,永靖鄉,四芳村,152,86578,570,443,259,719,542.10,95.17
彰化縣,永靖鄉,湳墘村,206,96271,467,381,216,576,326.44,69.85
彰化縣,永靖鄉,竹子村,286,142981,500,434,240,642,389.53,77.92
彰化縣,社頭鄉,協和村,465,261200,562,475,302,719,438.65,78.09
彰化縣,社頭鄉,廣興村,1082,620626,574,472,294,702,487.61,85.01
彰化縣,社頭鄉,廣福村,190,102417,539,416,261,698,451.79,83.81
彰化縣,社頭鄉,山湖村,242,130400,539,449,280,723,389.35,72.26
彰化縣,社頭鄉,東興村,293,157828,539,431,271,640,429.53,79.74
彰化縣,社頭鄉,舊社村,322,165536,514,427,267,654,431.12,83.86
彰化縣,社頭鄉,泰安村,221,121301,549,471,300,663,410.43,74.78
彰化縣,社頭鄉,仁和村,170,101945,600,474,329,767,393.95,65.69
彰化縣,社頭鄉,新厝村,344,197650,575,471,310,738,396.51,69.01
彰化縣,社頭鄉,清水村,273,162717,596,498,312,748,439.68,73.77
彰化縣,社頭鄉,橋頭村,495,287442,581,474,296,739,428.60,73.81
彰化縣,社頭鄉,崙雅村,213,113171,531,428,272,666,403.10,75.87
彰化縣,社頭鄉,平和村,250,130164,521,445,267,627,368.23,70.72
彰化縣,社頭鄉,社頭村,755,461817,612,492,299,762,496.05,81.10
彰化縣,社頭鄉,仁雅村,740,487590,659,518,318,822,544.53,82.64
彰化縣,社頭鄉,美雅村,240,139866,583,493,301,777,382.63,65.66
彰化縣,社頭鄉,里仁村,256,143086,559,460,291,684,442.63,79.19
彰化縣,社頭鄉,松竹村,234,132710,567,475,294,735,418.57,73.80
彰化縣,社頭鄉,湳底村,382,213813,560,470,284,686,453.32,80.99
彰化縣,社頭鄉,張厝村,251,133817,533,448,306,659,353.12,66.23
彰化縣,社頭鄉,埤斗村,274,149592,546,444,287,681,446.40,81.76
彰化縣,社頭鄉,朝興村,247,157234,637,510,306,758,810.42,127.31
彰化縣,社頭鄉,龍井村,218,108012,495,428,274,620,342.02,69.03
彰化縣,社頭鄉,湳雅村,324,184437,569,473,304,700,450.53,79.14
彰化縣,二水鄉,復興村,273,156185,572,472,309,713,415.54,72.63
彰化縣,二水鄉,大園村,192,106709,556,468,314,738,348.60,62.72
彰化縣,二水鄉,文化村,285,207837,729,585,347,861,856.96,117.51
彰化縣,二水鄉,十五村,196,93211,476,411,254,611,302.98,63.71
彰化縣,二水鄉,合和村,228,130128,571,472,316,751,394.06,69.04
彰化縣,二水鄉,上豊村,269,142903,531,436,275,683,409.82,77.14
彰化縣,二水鄉,過圳村,152,83797,551,456,301,725,364.93,66.19
彰化縣,二水鄉,五伯村,165,98109,595,464,320,756,457.20,76.89
彰化縣,二水鄉,光化村,313,217604,695,560,350,912,539.90,77.66
彰化縣,二水鄉,二水村,284,199572,703,562,352,940,511.51,72.79
彰化縣,二水鄉,聖化村,154,107832,700,519,304,890,595.61,85.06
彰化縣,二水鄉,裕民村,248,174433,703,558,344,905,563.54,80.12
彰化縣,二水鄉,惠民村,193,120466,624,556,348,794,391.40,62.71
彰化縣,二水鄉,修仁村,220,135741,617,476,318,823,449.76,72.89
彰化縣,二水鄉,源泉村,176,104159,592,499,303,754,422.76,71.43
彰化縣,二水鄉,倡和村,120,70643,589,471,242,641,656.48,111.52
彰化縣,二水鄉,合興村,218,141310,648,491,329,810,532.58,82.16
彰化縣,田尾鄉,豐田村,142,64543,455,368,231,579,317.19,69.79
彰化縣,田尾鄉,仁里村,352,172121,489,411,252,616,341.40,69.82
彰化縣,田尾鄉,新興村,244,138170,566,440,285,686,473.21,83.57
彰化縣,田尾鄉,新生村,289,152651,528,447,272,670,369.82,70.01
彰化縣,田尾鄉,福田村,219,125272,572,456,276,747,432.46,75.60
彰化縣,田尾鄉,新厝村,78,40183,515,402,257,643,479.44,93.07
彰化縣,田尾鄉,田尾村,268,165983,619,476,291,732,877.42,141.67
彰化縣,田尾鄉,饒平村,501,317604,634,516,302,768,560.14,88.36
彰化縣,田尾鄉,北曾村,269,145886,542,424,265,728,406.25,74.91
彰化縣,田尾鄉,南曾村,254,154267,607,479,310,763,489.61,80.61
彰化縣,田尾鄉,睦宜村,246,128971,524,427,286,667,378.53,72.20
彰化縣,田尾鄉,北鎮村,259,142734,551,466,260,710,430.06,78.04
彰化縣,田尾鄉,南鎮村,158,74974,475,403,249,607,329.06,69.35
彰化縣,田尾鄉,打簾村,331,185102,559,432,278,709,457.54,81.82
彰化縣,田尾鄉,溪畔村,283,160491,567,452,260,677,458.66,80.88
彰化縣,田尾鄉,柳鳳村,160,83361,521,418,247,627,437.06,83.89
彰化縣,田尾鄉,陸豐村,195,105426,541,445,265,703,418.18,77.35
彰化縣,田尾鄉,海豐村,330,181191,549,465,279,679,427.84,77.92
彰化縣,田尾鄉,溪頂村,173,106139,614,481,283,818,456.18,74.35
彰化縣,田尾鄉,正義村,157,103002,656,549,347,843,477.91,72.85
彰化縣,埤頭鄉,新庄村,269,177995,662,524,322,793,601.99,90.98
彰化縣,埤頭鄉,埤頭村,382,240184,629,509,311,806,529.65,84.24
彰化縣,埤頭鄉,竹圍村,172,100823,586,510,336,785,357.50,60.99
彰化縣,埤頭鄉,大湖村,257,140655,547,490,328,675,322.91,59.00
彰化縣,埤頭鄉,中和村,285,163518,574,463,308,716,473.85,82.59
彰化縣,埤頭鄉,崙子村,280,168822,603,480,292,802,435.36,72.21
彰化縣,埤頭鄉,合興村,773,521580,675,496,314,843,658.24,97.55
彰化縣,埤頭鄉,和豊村,527,307070,583,514,325,722,415.42,71.30
彰化縣,埤頭鄉,興農村,339,188800,557,465,285,699,448.80,80.58
彰化縣,埤頭鄉,豊崙村,471,262436,557,451,299,678,450.22,80.80
彰化縣,埤頭鄉,永豊村,350,221709,633,526,300,811,482.31,76.14
彰化縣,埤頭鄉,平原村,412,244209,593,474,303,778,433.21,73.09
彰化縣,埤頭鄉,崙？村,180,121445,675,474,300,780,710.05,105.24
彰化縣,埤頭鄉,元埔村,129,85553,663,522,301,835,624.70,94.19
彰化縣,埤頭鄉,芙朝村,322,245131,761,485,292,724,3173.53,416.87
彰化縣,埤頭鄉,陸嘉村,193,118918,616,521,367,762,398.59,64.69
彰化縣,埤頭鄉,庄內村,185,101799,550,462,296,777,407.09,73.98
彰化縣,芳苑鄉,和平村,131,59871,457,358,240,614,346.90,75.90
彰化縣,芳苑鄉,永興村,219,104310,476,404,267,628,294.72,61.88
彰化縣,芳苑鄉,新生村,188,89732,477,428,274,593,282.37,59.16
彰化縣,芳苑鄉,博愛村,138,71218,516,402,256,603,456.10,88.38
彰化縣,芳苑鄉,新街村,165,88440,536,426,272,715,413.58,77.16
彰化縣,芳苑鄉,崙？村,134,65472,489,428,284,635,312.77,64.02
彰化縣,芳苑鄉,芳苑村,162,87298,539,450,307,700,381.94,70.88
彰化縣,芳苑鄉,芳中村,96,53306,555,479,332,676,358.90,64.63
彰化縣,芳苑鄉,仁愛村,159,90065,566,407,257,646,559.37,98.75
彰化縣,芳苑鄉,信義村,90,52994,589,496,335,644,417.07,70.83
彰化縣,芳苑鄉,後寮村,194,112168,578,477,298,756,415.65,71.89
彰化縣,芳苑鄉,三合村,439,268607,612,519,313,791,410.24,67.05
彰化縣,芳苑鄉,頂？村,113,64419,570,445,331,688,428.73,75.21
彰化縣,芳苑鄉,五俊村,84,39778,474,435,291,566,296.61,62.63
彰化縣,芳苑鄉,王功村,342,175712,514,470,282,655,326.69,63.59
彰化縣,芳苑鄉,興仁村,214,126152,589,486,350,719,389.46,66.07
彰化縣,芳苑鄉,民生村,147,77068,524,425,264,747,371.91,70.94
彰化縣,芳苑鄉,新寶村,172,88937,517,410,294,676,350.38,67.76
彰化縣,芳苑鄉,漢寶村,520,254290,489,407,247,592,393.10,80.39
彰化縣,芳苑鄉,路上村,128,65155,509,477,321,661,277.44,54.50
彰化縣,芳苑鄉,路平村,144,86791,603,476,331,773,415.90,69.00
彰化縣,芳苑鄉,三成村,138,78610,570,454,293,740,416.96,73.20
彰化縣,芳苑鄉,福榮村,118,69750,591,497,271,783,474.98,80.35
彰化縣,芳苑鄉,草湖村,237,139739,590,492,316,771,384.45,65.20
彰化縣,芳苑鄉,建平村,345,178907,519,414,279,624,378.80,73.05
彰化縣,芳苑鄉,文津村,168,95476,568,417,241,571,1030.73,181.37
彰化縣,大城鄉,山？村,222,116406,524,424,264,607,510.52,97.36
彰化縣,大城鄉,東港村,213,95746,450,404,240,549,291.24,64.79
彰化縣,大城鄉,永和村,127,66116,521,415,301,630,369.44,70.96
彰化縣,大城鄉,東城村,262,145639,556,438,283,672,479.24,86.21
彰化縣,大城鄉,上山村,195,100473,515,435,293,615,400.53,77.74
彰化縣,大城鄉,公？村,183,90526,495,396,263,628,360.66,72.91
彰化縣,大城鄉,頂庄村,128,73507,574,473,272,701,452.98,78.88
彰化縣,大城鄉,潭墘村,251,147877,589,445,288,717,490.30,83.22
彰化縣,大城鄉,大城村,230,124828,543,420,239,680,484.35,89.24
彰化縣,大城鄉,西城村,188,100596,535,437,288,648,485.89,90.81
彰化縣,大城鄉,菜寮村,203,110404,544,434,306,656,414.72,76.26
彰化縣,大城鄉,臺西村,177,83332,471,369,252,589,348.38,74.00
彰化縣,大城鄉,西港村,168,88742,528,459,309,664,323.71,61.28
彰化縣,大城鄉,豐美村,184,85827,466,399,242,593,317.37,68.04
彰化縣,大城鄉,三豐村,128,67087,524,472,302,668,328.93,62.76
彰化縣,竹塘鄉,永安村,144,72463,503,445,303,608,315.60,62.72
彰化縣,竹塘鄉,土庫村,106,51224,483,422,230,611,366.76,75.89
彰化縣,竹塘鄉,長安村,146,76489,524,450,263,709,333.00,63.56
彰化縣,竹塘鄉,竹林村,168,89258,531,418,263,640,594.58,111.91
彰化縣,竹塘鄉,竹元村,242,123302,510,451,244,700,324.16,63.62
彰化縣,竹塘鄉,竹塘村,380,246009,647,533,343,829,505.78,78.13
彰化縣,竹塘鄉,小西村,161,93861,583,459,277,759,437.35,75.02
彰化縣,竹塘鄉,五庄村,323,166291,515,426,273,658,359.12,69.75
彰化縣,竹塘鄉,樹？村,117,65710,562,444,316,657,399.60,71.15
彰化縣,竹塘鄉,田頭村,183,100661,550,450,306,710,368.49,66.99
彰化縣,竹塘鄉,新廣村,239,139878,585,446,309,741,435.63,74.43
彰化縣,竹塘鄉,溪墘村,100,62032,620,532,306,765,491.77,79.28
彰化縣,竹塘鄉,內新村,119,67109,564,481,300,705,412.54,73.15
彰化縣,竹塘鄉,民靖村,128,77752,607,504,304,766,471.03,77.54
彰化縣,溪州鄉,成功村,359,209812,584,476,306,719,443.76,75.93
彰化縣,溪州鄉,大庄村,369,221719,601,458,305,745,489.22,81.42
彰化縣,溪州鄉,張厝村,180,88032,489,365,212,570,599.29,122.54
彰化縣,溪州鄉,溪厝村,400,249809,625,513,316,813,478.87,76.68
彰化縣,溪州鄉,坑厝村,162,87840,542,450,277,742,355.83,65.62
彰化縣,溪州鄉,瓦厝村,225,138045,614,523,312,783,485.90,79.20
彰化縣,溪州鄉,溪州村,451,305398,677,532,315,853,598.15,88.33
彰化縣,溪州鄉,尾厝村,325,197061,606,480,302,737,493.42,81.38
彰化縣,溪州鄉,東州村,363,253266,698,504,290,804,1229.11,176.17
彰化縣,溪州鄉,舊眉村,256,165179,645,503,326,773,520.73,80.71
彰化縣,溪州鄉,圳寮村,290,153567,530,444,283,662,357.40,67.49
彰化縣,溪州鄉,西畔村,394,218617,555,456,299,689,433.61,78.15
彰化縣,溪州鄉,柑園村,175,90943,520,456,270,705,368.39,70.89
彰化縣,溪州鄉,潮洋村,215,118501,551,404,246,693,565.98,102.69
彰化縣,溪州鄉,菜公村,206,117506,570,483,290,667,455.03,79.77
彰化縣,溪州鄉,三圳村,253,143979,569,480,300,728,390.93,68.69
彰化縣,溪州鄉,三條村,174,108607,624,475,279,752,676.11,108.32
彰化縣,溪州鄉,水尾村,246,144259,586,475,300,743,466.22,79.50
彰化縣,溪州鄉,榮光村,150,87144,581,471,318,660,567.36,97.66
雲林縣,斗六市,仁愛里,371,298483,805,547,303,935,962.06,119.58
雲林縣,斗六市,湖山里,275,144657,526,449,299,671,342.27,65.07
雲林縣,斗六市,中和里,205,156178,762,574,297,949,698.55,91.69
雲林縣,斗六市,長安里,617,355850,577,479,299,750,408.90,70.90
雲林縣,斗六市,四維里,255,201809,791,554,337,1007,751.70,94.98
雲林縣,斗六市,忠孝里,445,425719,957,588,326,1052,2333.31,243.90
雲林縣,斗六市,公正里,735,661906,901,734,426,1157,718.26,79.76
雲林縣,斗六市,信義里,308,266450,865,606,362,1051,838.58,96.93
雲林縣,斗六市,光興里,286,209762,733,515,245,888,748.65,102.08
雲林縣,斗六市,龍潭里,285,244790,859,603,360,1081,755.65,87.98
雲林縣,斗六市,三光里,134,91978,686,552,363,865,552.32,80.47
雲林縣,斗六市,八德里,744,535544,720,574,342,916,595.28,82.70
雲林縣,斗六市,重光里,470,290504,618,501,302,795,434.08,70.23
雲林縣,斗六市,鎮北里,1552,1158013,746,578,354,940,617.57,82.77
雲林縣,斗六市,鎮東里,1197,1027437,858,671,371,1153,712.10,82.96
雲林縣,斗六市,太平里,235,174131,741,550,326,950,644.12,86.93
雲林縣,斗六市,溪洲里,578,404110,699,563,352,878,583.04,83.39
雲林縣,斗六市,鎮南里,1050,927901,884,680,383,1187,717.81,81.23
雲林縣,斗六市,社口里,636,461523,726,586,363,927,531.71,73.27
雲林縣,斗六市,三平里,1047,837880,800,600,358,1038,682.81,85.32
雲林縣,斗六市,林頭里,1219,926837,760,610,351,985,586.15,77.09
雲林縣,斗六市,溝埧里,177,140792,795,696,396,994,592.34,74.47
雲林縣,斗六市,江厝里,307,197329,643,504,328,797,542.13,84.34
雲林縣,斗六市,崙？里,481,379141,788,660,358,1114,547.07,69.40
雲林縣,斗六市,嘉東里,173,127492,737,585,383,973,563.54,76.47
雲林縣,斗六市,久安里,483,346530,717,571,334,933,532.43,74.21
雲林縣,斗六市,長平里,408,277789,681,570,367,868,484.92,71.22
雲林縣,斗六市,保庄里,818,575545,704,545,322,884,615.06,87.42
雲林縣,斗六市,虎溪里,1222,1186850,971,557,349,945,5197.42,535.13
雲林縣,斗六市,梅林里,368,223175,606,479,318,791,452.34,74.59
雲林縣,斗六市,榴中里,995,671619,675,546,333,810,1038.53,153.86
雲林縣,斗六市,榴北里,235,143836,612,485,304,806,497.23,81.24
雲林縣,斗六市,榴南里,232,151500,653,508,360,808,512.98,78.56
雲林縣,斗六市,十三里,275,172174,626,531,345,807,430.57,68.77
雲林縣,斗六市,鎮西里,815,646396,793,625,382,1018,634.71,80.03
雲林縣,斗南鎮,新光里,585,358320,613,507,321,807,430.13,70.22
雲林縣,斗南鎮,東明里,232,142820,616,478,302,765,508.82,82.65
雲林縣,斗南鎮,舊社里,447,301022,673,553,353,835,618.34,91.82
雲林縣,斗南鎮,新崙里,341,208671,612,456,288,755,548.61,89.65
雲林縣,斗南鎮,小東里,377,224168,595,479,298,767,474.34,79.77
雲林縣,斗南鎮,新南里,137,76993,562,435,297,711,404.27,71.93
雲林縣,斗南鎮,大東里,240,142358,593,465,268,734,549.24,92.60
雲林縣,斗南鎮,南昌里,567,437754,772,512,291,852,923.01,119.55
雲林縣,斗南鎮,東仁里,277,224656,811,565,332,943,931.76,114.89
雲林縣,斗南鎮,西岐里,1261,1001214,794,629,363,1053,642.63,80.94
雲林縣,斗南鎮,埤麻里,197,119083,604,492,291,817,433.08,71.65
雲林縣,斗南鎮,西伯里,232,140102,604,523,324,781,455.28,75.39
雲林縣,斗南鎮,田頭里,445,283055,636,513,311,811,508.99,80.02
雲林縣,斗南鎮,中天里,383,277582,725,535,296,943,636.54,87.83
雲林縣,斗南鎮,北銘里,357,247682,694,545,349,821,639.96,92.24
雲林縣,斗南鎮,明昌里,1110,753919,679,542,330,871,521.56,76.79
雲林縣,斗南鎮,阿丹里,233,137908,592,489,312,770,459.39,77.62
雲林縣,斗南鎮,將軍里,334,202985,608,489,308,794,447.81,73.68
雲林縣,斗南鎮,林子里,283,172217,609,492,296,737,511.50,84.05
雲林縣,斗南鎮,石龜里,206,105338,511,425,243,682,395.26,77.30
雲林縣,斗南鎮,石溪里,219,122076,557,442,273,689,434.68,77.98
雲林縣,斗南鎮,靖興里,199,127208,639,527,278,764,536.52,83.93
雲林縣,虎尾鎮,建國里,147,96151,654,504,260,799,717.76,109.73
雲林縣,虎尾鎮,延平里,178,95861,539,431,268,680,397.27,73.77
雲林縣,虎尾鎮,中山里,323,264954,820,589,299,922,1025.74,125.05
雲林縣,虎尾鎮,西安里,814,649784,798,637,371,1041,647.32,81.09
雲林縣,虎尾鎮,平和里,304,185523,610,464,269,757,527.86,86.50
雲林縣,虎尾鎮,新興里,533,436226,818,603,364,992,890.82,108.84
雲林縣,虎尾鎮,惠來里,489,262584,537,449,290,706,362.31,67.47
雲林縣,虎尾鎮,興中里,343,214471,625,521,321,792,443.31,70.90
雲林縣,虎尾鎮,興南里,485,386235,796,644,397,1015,613.18,77.00
雲林縣,虎尾鎮,安慶里,389,346358,890,726,430,1130,776.54,87.21
雲林縣,虎尾鎮,安溪里,392,253035,645,504,319,843,478.52,74.13
雲林縣,虎尾鎮,下溪里,275,155530,566,442,267,723,434.48,76.82
雲林縣,虎尾鎮,中溪里,308,168931,548,448,285,717,393.26,71.70
雲林縣,虎尾鎮,頂溪里,450,249611,555,455,287,711,389.92,70.29
雲林縣,虎尾鎮,東仁里,677,555388,820,607,341,1002,888.15,108.26
雲林縣,虎尾鎮,立仁里,1009,786587,780,641,373,1008,609.93,78.24
雲林縣,虎尾鎮,德興里,591,405603,686,546,350,873,520.63,75.86
雲林縣,虎尾鎮,公安里,776,643457,829,642,380,1063,707.05,85.27
雲林縣,虎尾鎮,新吉里,588,455043,774,619,341,997,702.19,90.74
雲林縣,虎尾鎮,穎川里,400,242210,606,480,296,790,441.76,72.95
雲林縣,虎尾鎮,埒內里,512,315570,616,483,304,764,541.63,87.88
雲林縣,虎尾鎮,堀頭里,187,110662,592,508,302,844,404.89,68.42
雲林縣,虎尾鎮,廉使里,609,380477,625,501,321,820,495.29,79.28
雲林縣,虎尾鎮,東屯里,202,138257,684,567,389,829,538.82,78.72
雲林縣,虎尾鎮,西屯里,275,180942,658,510,297,833,554.86,84.33
雲林縣,虎尾鎮,芳草里,147,78481,534,448,305,674,381.02,71.37
雲林縣,虎尾鎮,墾地里,163,96806,594,458,294,698,514.71,86.67
雲林縣,虎尾鎮,北溪里,132,86874,658,523,346,856,441.68,67.11
雲林縣,虎尾鎮,三合里,207,107641,520,430,270,635,384.45,73.93
雲林縣,西螺鎮,新安里,249,125885,506,438,268,633,348.83,69.00
雲林縣,西螺鎮,埤頭里,151,97284,644,486,326,827,614.16,95.33
雲林縣,西螺鎮,永安里,107,57793,540,460,263,697,405.63,75.10
雲林縣,西螺鎮,中和里,185,122302,661,502,301,793,676.58,102.34
雲林縣,西螺鎮,福興里,174,108591,624,477,303,758,568.26,91.05
雲林縣,西螺鎮,中興里,550,359946,654,524,310,856,514.50,78.62
雲林縣,西螺鎮,振興里,316,187119,592,472,262,729,575.38,97.17
雲林縣,西螺鎮,東興里,221,125985,570,443,300,681,525.31,92.15
雲林縣,西螺鎮,公？里,263,142545,542,466,301,711,333.56,61.54
雲林縣,西螺鎮,光華里,237,150629,636,492,271,765,592.89,93.29
雲林縣,西螺鎮,廣福里,424,301994,712,553,348,900,583.30,81.90
雲林縣,西螺鎮,新豐里,231,137995,597,487,313,730,501.54,83.96
雲林縣,西螺鎮,正興里,748,521574,697,552,303,926,561.85,80.58
雲林縣,西螺鎮,大園里,320,190545,595,494,280,795,447.69,75.19
雲林縣,西螺鎮,福田里,263,149489,568,480,256,743,465.95,81.98
雲林縣,西螺鎮,廣興里,195,132019,677,573,359,849,472.05,69.73
雲林縣,西螺鎮,大新里,274,151983,555,465,300,718,378.32,68.20
雲林縣,西螺鎮,鹿場里,280,153960,550,470,296,719,387.57,70.49
雲林縣,西螺鎮,頂湳里,166,97429,587,542,286,793,378.44,64.48
雲林縣,西螺鎮,下湳里,158,94342,597,505,273,720,525.47,88.00
雲林縣,西螺鎮,吳厝里,232,116969,504,438,280,612,348.03,69.03
雲林縣,西螺鎮,詔安里,208,125663,604,458,296,712,775.52,128.37
雲林縣,西螺鎮,漢光里,736,451336,613,480,285,771,507.28,82.72
雲林縣,西螺鎮,河南里,167,101562,608,530,328,761,409.93,67.41
雲林縣,西螺鎮,安定里,322,173564,539,428,280,693,374.56,69.49
雲林縣,西螺鎮,九隆里,154,86237,560,534,243,743,411.81,73.54
雲林縣,西螺鎮,七座里,215,102226,475,413,219,613,378.40,79.58
雲林縣,土庫鎮,新庄里,196,121156,618,519,320,792,445.98,72.15
雲林縣,土庫鎮,西平里,311,180697,581,452,287,715,470.20,80.93
雲林縣,土庫鎮,忠正里,248,185590,748,551,323,929,921.83,123.18
雲林縣,土庫鎮,後埔里,432,252442,584,463,293,750,448.28,76.71
雲林縣,土庫鎮,東平里,322,196869,611,495,298,768,469.25,76.75
雲林縣,土庫鎮,北平里,185,107665,582,446,305,789,426.46,73.28
雲林縣,土庫鎮,南平里,295,187968,637,508,306,890,447.38,70.21
雲林縣,土庫鎮,順天里,258,152582,591,457,277,797,450.92,76.25
雲林縣,土庫鎮,宮北里,331,237422,717,560,337,981,571.55,79.68
雲林縣,土庫鎮,越港里,201,127368,634,527,284,865,452.67,71.44
雲林縣,土庫鎮,溪邊里,190,113513,597,467,289,823,451.17,75.52
雲林縣,土庫鎮,興新里,278,166406,599,489,304,732,481.95,80.52
雲林縣,土庫鎮,奮起里,216,134882,624,499,314,785,507.09,81.21
雲林縣,土庫鎮,埤？里,267,149917,561,483,306,726,363.30,64.70
雲林縣,土庫鎮,大荖里,180,99655,554,441,282,717,404.41,73.05
雲林縣,土庫鎮,石廟里,338,209156,619,519,337,811,428.23,69.20
雲林縣,土庫鎮,崙內里,254,141781,558,454,289,663,509.79,91.33
雲林縣,北港鎮,光復里,347,253844,732,581,334,955,588.55,80.45
雲林縣,北港鎮,中和里,118,76346,647,540,333,852,481.34,74.40
雲林縣,北港鎮,大同里,369,279116,756,603,367,932,725.71,95.94
雲林縣,北港鎮,東華里,129,85197,660,532,247,822,523.41,79.25
雲林縣,北港鎮,公？里,176,118518,673,517,335,799,552.83,82.10
雲林縣,北港鎮,仁和里,174,127237,731,587,389,922,753.66,103.07
雲林縣,北港鎮,義民里,106,69071,652,595,335,881,411.07,63.08
雲林縣,北港鎮,東陽里,175,100934,577,445,277,847,413.78,71.74
雲林縣,北港鎮,南安里,264,173921,659,537,310,855,547.12,83.05
雲林縣,北港鎮,新街里,1326,995323,751,617,366,973,592.41,78.92
雲林縣,北港鎮,新厝里,88,41443,471,437,225,608,331.47,70.38
雲林縣,北港鎮,劉厝里,248,132154,533,470,299,726,312.53,58.65
雲林縣,北港鎮,仁安里,148,102716,694,553,297,882,620.02,89.34
雲林縣,北港鎮,西勢里,243,158818,654,561,333,810,473.90,72.51
雲林縣,北港鎮,溝皂里,194,107166,552,486,296,676,359.63,65.10
雲林縣,北港鎮,光民里,174,117046,673,495,322,780,624.08,92.78
雲林縣,北港鎮,共榮里,156,107969,692,577,300,950,524.53,75.79
雲林縣,北港鎮,賜福里,105,62796,598,477,267,799,512.00,85.61
雲林縣,北港鎮,華勝里,1372,1003130,731,579,336,924,629.85,86.15
雲林縣,北港鎮,後溝里,159,96737,608,481,310,766,464.77,76.39
雲林縣,北港鎮,府番里,156,83754,537,428,251,741,374.69,69.79
雲林縣,北港鎮,草湖里,279,160171,574,464,276,758,418.14,72.84
雲林縣,北港鎮,番溝里,194,110045,567,433,304,690,535.81,94.46
雲林縣,北港鎮,大北里,105,56816,541,387,261,663,503.71,93.09
雲林縣,北港鎮,好收里,281,153555,546,422,249,747,463.68,84.85
雲林縣,北港鎮,樹？里,631,438775,695,562,327,880,645.87,92.88
雲林縣,北港鎮,扶朝里,203,119222,587,477,307,734,507.91,86.48
雲林縣,北港鎮,水埔里,133,69243,521,485,299,720,297.61,57.16
雲林縣,古坑鄉,水碓村,247,137908,558,460,264,748,418.42,74.94
雲林縣,古坑鄉,崁？村,262,157387,601,473,298,773,469.53,78.16
雲林縣,古坑鄉,新庄村,246,152471,620,477,307,768,581.63,93.84
雲林縣,古坑鄉,田心村,207,137287,663,523,336,832,502.55,75.77
雲林縣,古坑鄉,朝陽村,480,329040,686,547,342,880,518.12,75.58
雲林縣,古坑鄉,古坑村,450,291938,649,537,323,866,469.40,72.35
雲林縣,古坑鄉,西平村,322,204372,635,524,317,851,463.48,73.02
雲林縣,古坑鄉,永光村,360,243093,675,553,347,857,534.07,79.09
雲林縣,古坑鄉,永昌村,422,262406,622,500,330,787,473.74,76.19
雲林縣,古坑鄉,湳仔村,157,85444,544,476,317,692,357.25,65.64
雲林縣,古坑鄉,高林村,238,149462,628,536,306,856,429.78,68.44
雲林縣,古坑鄉,荷苞村,275,159868,581,489,310,793,395.05,67.96
雲林縣,古坑鄉,東和村,648,422166,651,486,308,835,582.35,89.39
雲林縣,古坑鄉,棋盤村,399,233870,586,469,313,747,445.18,75.95
雲林縣,古坑鄉,麻園村,159,85675,539,437,256,675,415.43,77.10
雲林縣,古坑鄉,華山村,125,69286,554,452,295,646,534.63,96.45
雲林縣,古坑鄉,華南村,50,28247,565,467,306,765,369.68,65.44
雲林縣,古坑鄉,桂林村,167,91934,551,474,288,751,381.72,69.34
雲林縣,古坑鄉,樟湖村,71,36315,511,501,280,615,295.11,57.70
雲林縣,古坑鄉,草嶺村,99,63565,642,448,294,650,807.42,125.75
雲林縣,大埤鄉,豐田村,324,199103,615,475,294,747,540.58,87.97
雲林縣,大埤鄉,嘉興村,465,273793,589,448,280,709,829.46,140.87
雲林縣,大埤鄉,松竹村,237,133161,562,483,278,696,405.47,72.17
雲林縣,大埤鄉,北鎮村,177,89824,507,405,240,662,406.16,80.03
雲林縣,大埤鄉,北和村,165,112182,680,549,376,873,507.20,74.60
雲林縣,大埤鄉,南和村,508,295321,581,473,299,732,472.48,81.27
雲林縣,大埤鄉,大德村,235,124682,531,418,275,681,399.87,75.37
雲林縣,大埤鄉,尚義村,446,252583,566,431,284,697,458.58,80.97
雲林縣,大埤鄉,三結村,298,164718,553,471,289,735,410.60,74.28
雲林縣,大埤鄉,吉田村,190,105696,556,454,291,720,400.87,72.06
雲林縣,大埤鄉,豐岡村,140,74911,535,466,305,681,352.19,65.82
雲林縣,大埤鄉,聯美村,232,134876,581,483,319,705,493.43,84.88
雲林縣,大埤鄉,怡然村,207,120831,584,464,296,707,440.54,75.47
雲林縣,大埤鄉,興安村,177,91633,518,402,259,694,392.59,75.83
雲林縣,大埤鄉,西鎮村,157,80686,514,421,245,652,397.99,77.44
雲林縣,莿桐鄉,埔尾村,312,178164,571,464,293,745,447.67,78.40
雲林縣,莿桐鄉,義和村,233,116720,501,396,238,592,501.13,100.04
雲林縣,莿桐鄉,饒平村,236,152505,646,513,349,834,489.59,75.76
雲林縣,莿桐鄉,麻園村,364,183582,504,409,272,609,395.33,78.38
雲林縣,莿桐鄉,莿桐村,905,566125,626,492,285,793,553.96,88.56
雲林縣,莿桐鄉,甘厝村,221,104368,472,410,227,603,374.87,79.38
雲林縣,莿桐鄉,甘西村,349,179102,513,410,260,664,414.48,80.77
雲林縣,莿桐鄉,興桐村,299,171442,573,457,258,758,449.66,78.42
雲林縣,莿桐鄉,埔子村,502,288685,575,474,314,672,460.21,80.03
雲林縣,莿桐鄉,大美村,599,355815,594,489,322,771,433.62,73.00
雲林縣,莿桐鄉,興貴村,462,227123,492,401,253,617,374.48,76.17
雲林縣,莿桐鄉,四合村,378,220155,582,470,258,770,442.88,76.04
雲林縣,莿桐鄉,五華村,286,150512,526,445,302,657,382.16,72.62
雲林縣,莿桐鄉,六合村,386,221659,574,472,300,713,409.51,71.31
雲林縣,林內鄉,烏塗村,247,150876,611,521,322,836,399.97,65.48
雲林縣,林內鄉,重興村,368,209731,570,499,300,738,385.59,67.66
雲林縣,林內鄉,林南村,271,148998,550,467,276,706,390.91,71.10
雲林縣,林內鄉,林中村,853,541094,634,513,328,779,496.61,78.29
雲林縣,林內鄉,林北村,489,289033,591,478,310,727,523.35,88.54
雲林縣,林內鄉,坪頂村,103,63363,615,463,350,733,579.12,94.14
雲林縣,林內鄉,林茂村,182,98257,540,447,288,680,385.25,71.36
雲林縣,林內鄉,湖本村,142,77986,549,468,299,696,358.42,65.26
雲林縣,林內鄉,九芎村,609,343239,564,449,274,711,463.15,82.17
雲林縣,林內鄉,烏麻村,270,154903,574,494,326,743,327.60,57.10
雲林縣,二崙鄉,永定村,261,151915,582,509,294,751,391.32,67.23
雲林縣,二崙鄉,大同村,144,85171,591,528,336,750,373.57,63.16
雲林縣,二崙鄉,大義村,157,91587,583,496,300,736,385.99,66.17
雲林縣,二崙鄉,復興村,173,111134,642,473,312,693,906.01,141.04
雲林縣,二崙鄉,大華村,140,91410,653,514,318,833,543.98,83.31
雲林縣,二崙鄉,三和村,308,185436,602,513,334,734,408.69,67.88
雲林縣,二崙鄉,大庄村,233,137656,591,503,324,746,419.53,71.01
雲林縣,二崙鄉,油車村,373,230583,618,515,315,780,439.16,71.04
雲林縣,二崙鄉,田尾村,385,217047,564,443,302,723,469.03,83.20
雲林縣,二崙鄉,湳仔村,254,142038,559,464,279,718,411.15,73.52
雲林縣,二崙鄉,崙東村,313,212881,680,564,337,886,533.73,78.48
雲林縣,二崙鄉,崙西村,350,210238,601,501,318,750,454.06,75.59
雲林縣,二崙鄉,來惠村,304,198088,652,509,296,792,638.72,98.02
雲林縣,二崙鄉,港後村,320,187208,585,474,290,771,451.38,77.16
雲林縣,二崙鄉,庄西村,187,94998,508,470,289,626,312.30,61.47
雲林縣,二崙鄉,義庄村,122,59035,484,451,262,648,283.28,58.54
雲林縣,二崙鄉,楊賢村,231,130681,566,498,325,664,435.12,76.91
雲林縣,二崙鄉,定安村,156,97787,627,469,270,802,674.90,107.67
雲林縣,崙背鄉,東明村,275,191999,698,519,336,873,604.80,86.63
雲林縣,崙背鄉,大有村,310,159557,515,434,263,660,357.94,69.54
雲林縣,崙背鄉,羅厝村,371,212021,571,449,262,718,469.80,82.21
雲林縣,崙背鄉,草湖村,214,115172,538,478,279,680,356.49,66.24
雲林縣,崙背鄉,水尾村,213,125597,590,452,279,709,578.28,98.07
雲林縣,崙背鄉,西榮村,260,157167,604,474,266,718,607.59,100.51
雲林縣,崙背鄉,南陽村,505,322455,639,505,286,825,516.48,80.89
雲林縣,崙背鄉,崙前村,359,219333,611,519,340,765,472.82,77.39
雲林縣,崙背鄉,港尾村,249,141229,567,485,317,708,405.39,71.47
雲林縣,崙背鄉,阿勸村,306,182011,595,434,287,743,594.50,99.95
雲林縣,崙背鄉,五魁村,188,97125,517,435,279,683,335.79,65.00
雲林縣,崙背鄉,豐榮村,328,180466,550,473,298,720,370.15,67.28
雲林縣,崙背鄉,舊庄村,205,101874,497,420,205,651,359.67,72.38
雲林縣,崙背鄉,枋南村,137,79734,582,469,308,656,493.34,84.77
雲林縣,麥寮鄉,興華村,277,154645,558,472,300,695,396.42,71.01
雲林縣,麥寮鄉,橋頭村,488,296944,608,507,304,758,683.17,112.27
雲林縣,麥寮鄉,瓦？村,260,149633,576,502,305,705,368.94,64.11
雲林縣,麥寮鄉,海豐村,238,126274,531,518,280,680,320.14,60.34
雲林縣,麥寮鄉,麥豐村,650,433339,667,563,332,826,607.07,91.06
雲林縣,麥寮鄉,麥津村,494,301134,610,505,313,763,451.55,74.08
雲林縣,麥寮鄉,崙後村,313,170716,545,452,280,683,383.10,70.24
雲林縣,麥寮鄉,後安村,390,209107,536,429,271,666,429.19,80.05
雲林縣,麥寮鄉,三盛村,401,247159,616,545,345,740,458.17,74.34
雲林縣,麥寮鄉,新吉村,143,74966,524,458,293,686,326.70,62.32
雲林縣,麥寮鄉,施厝村,372,209411,563,493,304,722,418.29,74.31
雲林縣,麥寮鄉,雷厝村,233,123678,531,468,284,673,407.75,76.82
雲林縣,東勢鄉,龍潭村,150,76961,513,486,286,643,330.94,64.50
雲林縣,東勢鄉,復興村,90,59194,658,520,313,859,518.94,78.90
雲林縣,東勢鄉,月眉村,207,120619,583,499,288,720,680.19,116.73
雲林縣,東勢鄉,同安村,344,182323,530,466,298,668,364.08,68.69
雲林縣,東勢鄉,東北村,258,161561,626,511,311,836,464.47,74.17
雲林縣,東勢鄉,東南村,294,189896,646,533,358,801,464.55,71.92
雲林縣,東勢鄉,嘉隆村,340,199260,586,521,316,736,407.65,69.56
雲林縣,東勢鄉,昌南村,189,103522,548,438,310,649,435.06,79.43
雲林縣,東勢鄉,安南村,157,86836,553,455,302,701,357.33,64.61
雲林縣,東勢鄉,新坤村,209,106256,508,458,306,651,288.42,56.73
雲林縣,東勢鄉,四美村,213,108878,511,418,272,678,367.29,71.85
雲林縣,東勢鄉,程海村,96,55847,582,451,316,737,423.65,72.82
雲林縣,褒忠鄉,中民村,408,252076,618,475,283,804,601.62,97.38
雲林縣,褒忠鄉,馬鳴村,250,145366,581,495,311,776,354.34,60.94
雲林縣,褒忠鄉,龍岩村,199,101409,510,428,274,679,324.16,63.61
雲林縣,褒忠鄉,田洋村,149,87684,588,523,334,722,365.78,62.16
雲林縣,褒忠鄉,埔姜村,297,180082,606,533,322,733,531.84,87.71
雲林縣,褒忠鄉,中勝村,280,177073,632,533,303,851,458.18,72.45
雲林縣,褒忠鄉,新湖村,220,119075,541,470,303,705,343.19,63.41
雲林縣,褒忠鄉,有才村,168,92050,548,484,313,674,461.77,84.28
雲林縣,褒忠鄉,潮厝村,161,97646,606,475,312,737,457.76,75.48
雲林縣,臺西鄉,海口村,320,190989,597,478,300,724,891.20,149.32
雲林縣,臺西鄉,永豐村,224,128447,573,500,300,717,423.04,73.77
雲林縣,臺西鄉,泉州村,94,51999,553,480,295,659,420.51,76.02
雲林縣,臺西鄉,溪頂村,243,133270,548,456,279,678,418.00,76.22
雲林縣,臺西鄉,台西村,266,172166,647,524,320,828,516.15,79.75
雲林縣,臺西鄉,海北村,200,110140,551,466,294,709,366.30,66.51
雲林縣,臺西鄉,海南村,172,97878,569,451,278,701,531.93,93.48
雲林縣,臺西鄉,光華村,135,70939,525,410,272,688,381.01,72.51
雲林縣,臺西鄉,山寮村,195,108862,558,444,281,695,461.36,82.64
雲林縣,臺西鄉,五榔村,101,51853,513,432,277,661,366.29,71.35
雲林縣,臺西鄉,牛厝村,305,173614,569,435,279,624,1111.22,195.22
雲林縣,臺西鄉,富琦村,249,151438,608,515,300,731,516.43,84.91
雲林縣,臺西鄉,和豐村,515,267513,519,424,262,667,378.86,72.94
雲林縣,臺西鄉,蚊港村,341,187668,550,490,292,693,369.71,67.18
雲林縣,臺西鄉,五港村,339,175833,519,447,285,705,345.06,66.53
雲林縣,元長鄉,後湖村,162,89580,553,515,309,674,390.91,70.69
雲林縣,元長鄉,頂寮村,253,131330,519,455,269,655,357.01,68.78
雲林縣,元長鄉,龍岩村,167,98907,592,485,289,724,502.95,84.92
雲林縣,元長鄉,瓦？村,306,173420,567,471,291,722,426.30,75.22
雲林縣,元長鄉,合和村,182,97541,536,440,280,658,376.98,70.34
雲林縣,元長鄉,新吉村,93,61851,665,543,362,836,490.03,73.68
雲林縣,元長鄉,長南村,681,436232,641,524,310,829,543.60,84.86
雲林縣,元長鄉,長北村,326,186165,571,498,323,734,360.39,63.11
雲林縣,元長鄉,子茂村,260,150204,578,508,304,753,363.10,62.85
雲林縣,元長鄉,山內村,198,120342,608,433,289,663,808.14,132.96
雲林縣,元長鄉,五塊村,212,125110,590,502,316,747,424.52,71.93
雲林縣,元長鄉,潭西村,152,80478,529,424,254,634,406.01,76.68
雲林縣,元長鄉,潭東村,110,61515,559,469,303,710,361.92,64.72
雲林縣,元長鄉,客厝村,178,116369,654,492,317,746,657.84,100.62
雲林縣,元長鄉,卓運村,84,47065,560,450,279,705,403.52,72.02
雲林縣,元長鄉,下寮村,305,173876,570,498,319,707,379.75,66.61
雲林縣,元長鄉,西莊村,160,85305,533,433,243,688,398.10,74.67
雲林縣,元長鄉,鹿北村,202,113771,563,418,289,726,421.28,74.80
雲林縣,元長鄉,鹿南村,173,92624,535,473,293,698,352.25,65.79
雲林縣,元長鄉,內寮村,108,61990,574,462,337,722,387.09,67.44
雲林縣,元長鄉,崙仔村,128,73398,573,503,302,797,357.51,62.35
雲林縣,四湖鄉,溪底村,191,111156,582,513,329,736,366.54,62.98
雲林縣,四湖鄉,新庄村,108,63596,589,482,295,769,421.87,71.64
雲林縣,四湖鄉,湖西村,421,265800,631,535,296,828,465.93,73.80
雲林縣,四湖鄉,四湖村,326,200266,614,475,292,764,567.32,92.35
雲林縣,四湖鄉,？子村,165,85232,517,432,302,622,345.99,66.98
雲林縣,四湖鄉,溪尾村,150,86719,578,516,332,723,360.81,62.41
雲林縣,四湖鄉,內湖村,188,98391,523,457,286,663,386.78,73.90
雲林縣,四湖鄉,蔡厝村,163,98975,607,490,265,706,722.66,119.01
雲林縣,四湖鄉,湖寮村,177,92728,524,436,277,702,348.54,66.53
雲林縣,四湖鄉,鹿場村,219,119486,546,467,282,714,404.61,74.16
雲林縣,四湖鄉,施湖村,194,118354,610,508,317,801,419.71,68.80
雲林縣,四湖鄉,羊調村,190,105048,553,494,303,708,401.71,72.66
雲林縣,四湖鄉,崙南村,168,91598,545,481,288,703,446.47,81.89
雲林縣,四湖鄉,崙北村,350,191025,546,443,270,664,440.70,80.75
雲林縣,四湖鄉,廣溝村,184,78547,427,373,198,539,310.95,72.84
雲林縣,四湖鄉,飛沙村,204,102964,505,442,250,682,355.05,70.35
雲林縣,四湖鄉,三姓村,80,38162,477,384,269,636,301.82,63.27
雲林縣,四湖鄉,林東村,175,95578,546,442,310,699,371.09,67.95
雲林縣,四湖鄉,林厝村,216,120983,560,472,277,766,390.03,69.64
雲林縣,四湖鄉,飛東村,132,72615,550,448,298,700,412.63,75.01
雲林縣,四湖鄉,？東村,209,101896,488,447,257,626,294.58,60.42
雲林縣,口湖鄉,後厝村,143,66597,466,405,258,602,337.49,72.47
雲林縣,口湖鄉,湖東村,271,149533,552,456,265,682,470.91,85.34
雲林縣,口湖鄉,湖口村,147,74491,507,422,278,656,330.22,65.17
雲林縣,口湖鄉,蚵寮村,194,100558,518,423,293,648,361.55,69.75
雲林縣,口湖鄉,下崙村,449,219613,489,400,234,640,404.92,82.79
雲林縣,口湖鄉,埔南村,122,64753,531,446,271,699,388.18,73.14
雲林縣,口湖鄉,港西村,150,70014,467,395,233,609,467.98,100.26
雲林縣,口湖鄉,崙東村,302,169364,561,440,269,677,531.88,94.84
雲林縣,口湖鄉,崙中村,338,162586,481,402,264,622,324.34,67.43
雲林縣,口湖鄉,青蚶村,89,42916,482,387,243,555,380.49,78.91
雲林縣,口湖鄉,梧北村,210,117895,561,433,291,700,413.61,73.67
雲林縣,口湖鄉,梧南村,329,168722,513,413,266,698,344.26,67.13
雲林縣,口湖鄉,水井村,184,80080,435,367,209,589,298.92,68.68
雲林縣,口湖鄉,過港村,164,77685,474,388,227,600,395.52,83.50
雲林縣,口湖鄉,埔北村,190,93290,491,383,234,703,387.70,78.96
雲林縣,口湖鄉,謝厝村,199,92501,465,387,241,603,330.71,71.15
雲林縣,口湖鄉,頂湖村,146,78332,537,435,252,660,576.01,107.36
雲林縣,口湖鄉,口湖村,252,141308,561,457,256,710,439.71,78.42
雲林縣,口湖鄉,港東村,238,107916,453,419,243,584,301.68,66.53
雲林縣,口湖鄉,台子村,207,100507,486,456,289,576,339.36,69.89
雲林縣,口湖鄉,成龍村,154,76816,499,410,263,599,368.37,73.85
雲林縣,水林鄉,山？村,160,89092,557,477,317,720,351.60,63.14
雲林縣,水林鄉,尖山村,122,56173,460,397,227,582,306.48,66.56
雲林縣,水林鄉,萬興村,126,78254,621,515,280,708,666.21,107.27
雲林縣,水林鄉,灣東村,137,79976,584,549,334,778,373.91,64.05
雲林縣,水林鄉,後寮村,144,67808,471,449,233,588,299.68,63.64
雲林縣,水林鄉,溪墘村,145,78201,539,424,271,695,429.78,79.69
雲林縣,水林鄉,水北村,455,279732,615,475,311,764,517.73,84.21
雲林縣,水林鄉,水南村,367,237635,648,515,304,779,767.00,118.45
雲林縣,水林鄉,海埔村,192,97469,508,436,263,610,401.06,79.00
雲林縣,水林鄉,春埔村,175,103416,591,479,301,777,450.00,76.15
雲林縣,水林鄉,西井村,135,73033,541,455,322,690,332.42,61.45
雲林縣,水林鄉,灣西村,169,91195,540,454,280,747,366.72,67.96
雲林縣,水林鄉,蘇秦村,223,120429,540,478,242,730,391.93,72.57
雲林縣,水林鄉,車港村,100,48011,480,403,217,672,326.47,68.00
雲林縣,水林鄉,大山村,180,108867,605,471,291,701,774.40,128.04
雲林縣,水林鄉,大溝村,176,108893,619,504,338,836,417.23,67.43
雲林縣,水林鄉,順興村,142,70510,497,401,250,622,407.45,82.06
雲林縣,水林鄉,蕃薯村,200,96539,483,383,243,581,405.05,83.91
雲林縣,水林鄉,松北村,213,127838,600,491,308,721,463.84,77.28
雲林縣,水林鄉,松中村,108,61590,570,497,368,694,356.45,62.50
雲林縣,水林鄉,松西村,129,67578,524,475,335,664,302.60,57.76
雲林縣,水林鄉,？埔村,154,71857,467,387,240,587,405.95,87.00
雲林縣,水林鄉,？底村,135,68062,504,393,258,604,410.56,81.43
雲林縣,水林鄉,土厝村,240,130380,543,485,293,727,326.11,60.03
嘉義縣,朴子市,中正里,224,147378,658,502,273,870,570.73,86.75
嘉義縣,朴子市,新庄里,106,65335,616,485,250,686,553.03,89.72
嘉義縣,朴子市,文化里,541,369783,684,535,311,882,655.08,95.84
嘉義縣,朴子市,永和里,561,351804,627,525,297,867,453.35,72.29
嘉義縣,朴子市,平和里,540,405557,751,621,353,991,651.78,86.78
嘉義縣,朴子市,仁和里,135,69417,514,421,289,648,337.08,65.55
嘉義縣,朴子市,開元里,151,95383,632,549,327,766,471.67,74.67
嘉義縣,朴子市,竹圍里,1084,785481,725,577,328,938,591.29,81.60
嘉義縣,朴子市,內厝里,262,165775,633,503,292,820,499.23,78.90
嘉義縣,朴子市,竹村里,181,110953,613,501,303,773,473.82,77.29
嘉義縣,朴子市,大鄉里,660,425589,645,528,313,813,488.17,75.71
嘉義縣,朴子市,順天里,216,137198,635,499,282,783,521.74,82.14
嘉義縣,朴子市,德興里,198,130531,659,564,322,802,550.73,83.54
嘉義縣,朴子市,安福里,508,383105,754,601,372,915,675.68,89.60
嘉義縣,朴子市,博厚里,181,137166,758,550,347,849,824.57,108.81
嘉義縣,朴子市,新寮里,114,62057,544,448,300,678,423.55,77.81
嘉義縣,朴子市,？溪里,108,56604,524,439,258,727,372.32,71.04
嘉義縣,朴子市,溪口里,142,84910,598,482,276,740,478.16,79.97
嘉義縣,朴子市,大葛里,368,230692,627,485,296,807,505.55,80.65
嘉義縣,朴子市,佳禾里,90,48232,536,449,346,706,328.87,61.37
嘉義縣,朴子市,崁前里,154,83095,540,455,311,706,347.50,64.40
嘉義縣,朴子市,崁後里,133,65102,489,435,287,634,292.60,59.78
嘉義縣,朴子市,順安里,51,28200,553,527,327,723,365.90,66.17
嘉義縣,朴子市,德家里,137,77134,563,485,302,729,385.36,68.44
嘉義縣,朴子市,松華里,255,144657,567,460,310,692,452.54,79.77
嘉義縣,朴子市,梅華里,222,126648,570,449,299,688,528.86,92.70
嘉義縣,朴子市,南竹里,100,49397,494,459,281,638,273.43,55.35
嘉義縣,布袋鎮,光復里,458,283749,620,500,320,799,426.65,68.87
嘉義縣,布袋鎮,江山里,71,45047,634,516,277,804,525.71,82.86
嘉義縣,布袋鎮,永安里,261,155889,597,501,295,798,428.37,71.72
嘉義縣,布袋鎮,西安里,244,140295,575,466,293,743,438.16,76.20
嘉義縣,布袋鎮,復興里,449,251023,559,460,318,683,396.87,70.99
嘉義縣,布袋鎮,東安里,275,156372,569,450,288,694,492.98,86.70
嘉義縣,布袋鎮,興中里,265,155268,586,475,300,719,470.06,80.23
嘉義縣,布袋鎮,新民里,224,139189,621,486,311,707,578.71,93.13
嘉義縣,布袋鎮,中安里,268,165476,617,465,305,730,829.68,134.37
嘉義縣,布袋鎮,樹林里,100,54943,549,451,263,671,416.59,75.82
嘉義縣,布袋鎮,新厝里,173,112022,648,533,308,850,513.23,79.26
嘉義縣,布袋鎮,岱江里,121,62814,519,406,282,631,359.07,69.17
嘉義縣,布袋鎮,九龍里,89,49403,555,490,316,644,369.10,66.49
嘉義縣,布袋鎮,岑海里,323,202930,628,526,331,783,446.58,71.08
嘉義縣,布袋鎮,見龍里,195,114711,588,486,275,789,422.42,71.81
嘉義縣,布袋鎮,龍江里,216,126961,588,496,273,780,426.53,72.57
嘉義縣,布袋鎮,東港里,443,242831,548,456,293,702,403.49,73.61
嘉義縣,布袋鎮,考試里,55,33856,616,509,307,759,442.15,71.83
嘉義縣,布袋鎮,菜舖里,95,47439,499,446,255,631,356.74,71.44
嘉義縣,布袋鎮,振寮里,171,105551,617,481,286,792,561.18,90.92
嘉義縣,布袋鎮,貴舍里,97,54738,564,516,333,659,361.13,63.99
嘉義縣,布袋鎮,好美里,211,103727,492,398,285,605,381.56,77.62
嘉義縣,布袋鎮,新岑里,190,96194,506,410,263,632,374.51,73.97
嘉義縣,大林鎮,湖北里,163,92061,565,505,271,760,409.70,72.54
嘉義縣,大林鎮,義和里,133,77900,586,492,308,787,444.97,75.97
嘉義縣,大林鎮,上林里,157,106258,677,501,343,802,691.22,102.13
嘉義縣,大林鎮,三村里,180,106041,589,439,310,786,431.07,73.17
嘉義縣,大林鎮,三和里,419,251783,601,502,271,799,498.58,82.97
嘉義縣,大林鎮,平林里,1329,935088,704,568,343,881,656.36,93.29
嘉義縣,大林鎮,東林里,154,100872,655,492,281,810,561.58,85.74
嘉義縣,大林鎮,西林里,543,393799,725,564,349,908,609.04,83.98
嘉義縣,大林鎮,吉林里,271,183884,679,548,313,850,548.86,80.89
嘉義縣,大林鎮,明華里,263,163872,623,511,317,863,423.85,68.02
嘉義縣,大林鎮,明和里,324,217305,671,579,335,902,457.30,68.18
嘉義縣,大林鎮,排路里,146,87429,599,466,302,807,442.51,73.90
嘉義縣,大林鎮,西結里,149,90954,610,494,355,699,443.32,72.62
嘉義縣,大林鎮,大糖里,86,62950,732,554,345,925,616.85,84.27
嘉義縣,大林鎮,大美里,343,177893,519,469,257,698,343.54,66.24
嘉義縣,大林鎮,過溪里,303,166668,550,447,295,696,395.32,71.87
嘉義縣,大林鎮,中坑里,282,176838,627,501,323,764,468.45,74.70
嘉義縣,大林鎮,中林里,386,215725,559,465,260,739,433.19,77.51
嘉義縣,大林鎮,溝背里,197,112607,572,481,303,747,433.02,75.76
嘉義縣,大林鎮,內林里,153,105212,688,510,338,807,715.87,104.10
嘉義縣,大林鎮,三角里,193,116306,603,478,301,732,520.08,86.30
嘉義縣,民雄鄉,福興村,455,276266,607,473,303,780,494.17,81.39
嘉義縣,民雄鄉,三興村,241,215423,894,529,305,1194,893.90,100.00
嘉義縣,民雄鄉,大崎村,473,280781,594,485,290,739,468.05,78.85
嘉義縣,民雄鄉,東興村,110,65417,595,518,324,702,456.88,76.83
嘉義縣,民雄鄉,中和村,189,125455,664,541,332,816,516.60,77.83
嘉義縣,民雄鄉,西安村,851,630172,741,590,334,961,635.04,85.76
嘉義縣,民雄鄉,東湖村,371,240555,648,533,328,833,491.29,75.77
嘉義縣,民雄鄉,松山村,362,206431,570,461,285,691,446.53,78.30
嘉義縣,民雄鄉,中央村,302,197064,653,488,313,768,540.98,82.91
嘉義縣,民雄鄉,金興村,599,356485,595,505,313,768,388.49,65.28
嘉義縣,民雄鄉,平和村,202,134681,667,551,333,782,564.51,84.67
嘉義縣,民雄鄉,東榮村,585,449896,769,600,335,929,657.21,85.46
嘉義縣,民雄鄉,中樂村,472,359782,762,542,338,917,1054.57,138.35
嘉義縣,民雄鄉,寮頂村,492,329654,670,528,332,782,596.31,89.00
嘉義縣,民雄鄉,福權村,296,208604,705,554,388,884,588.39,83.49
嘉義縣,民雄鄉,豊收村,482,288927,599,488,292,804,443.47,73.98
嘉義縣,民雄鄉,頂崙村,335,215996,645,476,302,806,513.25,79.60
嘉義縣,民雄鄉,鎮北村,203,142046,700,542,318,886,613.30,87.65
嘉義縣,民雄鄉,菁埔村,354,211903,599,500,306,772,439.78,73.47
嘉義縣,民雄鄉,西昌村,195,114208,586,456,313,754,496.24,84.73
嘉義縣,民雄鄉,興中村,397,251719,634,542,319,826,466.14,73.52
嘉義縣,民雄鄉,興南村,586,368406,629,509,333,781,523.16,83.22
嘉義縣,民雄鄉,文隆村,535,399405,747,546,336,871,1568.53,210.10
嘉義縣,民雄鄉,山中村,839,520373,620,514,339,802,453.33,73.09
嘉義縣,民雄鄉,雙福村,487,342588,703,570,343,906,595.80,84.70
嘉義縣,民雄鄉,北斗村,798,505296,633,507,322,766,591.42,93.40
嘉義縣,民雄鄉,秀林村,474,270110,570,481,297,772,386.55,67.83
嘉義縣,民雄鄉,福樂村,1110,808082,728,590,368,923,561.31,77.10
嘉義縣,溪口鄉,坪頂村,221,122515,554,471,283,675,534.65,96.44
嘉義縣,溪口鄉,溪東村,349,212492,609,461,283,745,541.87,89.00
嘉義縣,溪口鄉,溪西村,155,87561,565,445,247,751,447.65,79.24
嘉義縣,溪口鄉,溪北村,126,72747,577,424,244,680,708.86,122.78
嘉義縣,溪口鄉,柴林村,153,83231,544,475,321,672,386.85,71.11
嘉義縣,溪口鄉,林？村,149,82870,556,510,314,764,322.50,57.99
嘉義縣,溪口鄉,美南村,312,166810,535,422,263,680,405.50,75.84
嘉義縣,溪口鄉,美北村,200,103193,516,418,240,712,388.10,75.22
嘉義縣,溪口鄉,本厝村,242,129751,536,455,264,710,398.78,74.38
嘉義縣,溪口鄉,游東村,258,137291,532,431,283,673,401.68,75.48
嘉義縣,溪口鄉,游西村,151,80991,536,497,261,693,419.69,78.25
嘉義縣,溪口鄉,柳溝村,287,151490,528,430,256,692,372.20,70.51
嘉義縣,溪口鄉,疊溪村,235,135907,578,504,293,774,400.93,69.33
嘉義縣,溪口鄉,妙崙村,141,70229,498,430,261,659,338.38,67.94
嘉義縣,新港鄉,共和村,185,104108,563,451,276,733,397.79,70.69
嘉義縣,新港鄉,福德村,345,224017,649,506,315,781,542.31,83.52
嘉義縣,新港鄉,大興村,382,308515,808,542,307,949,1528.88,189.30
嘉義縣,新港鄉,月眉村,396,253333,640,526,324,832,449.10,70.20
嘉義縣,新港鄉,南港村,247,141754,574,487,289,691,424.98,74.05
嘉義縣,新港鄉,大潭村,329,194876,592,468,318,689,587.99,99.27
嘉義縣,新港鄉,中庄村,277,157058,567,440,272,739,496.98,87.65
嘉義縣,新港鄉,菜公村,215,129580,603,551,292,757,424.39,70.41
嘉義縣,新港鄉,溪北村,315,179850,571,484,308,748,409.78,71.77
嘉義縣,新港鄉,宮前村,482,318359,660,558,308,848,519.60,78.67
嘉義縣,新港鄉,宮後村,418,276578,662,508,316,836,635.33,96.02
嘉義縣,新港鄉,古民村,231,125723,544,438,303,638,480.68,88.32
嘉義縣,新港鄉,西庄村,225,121971,542,474,304,685,378.07,69.74
嘉義縣,新港鄉,月潭村,325,196026,603,515,294,767,460.55,76.36
嘉義縣,新港鄉,中洋村,231,137427,595,527,354,761,357.35,60.07
嘉義縣,新港鄉,三間村,268,178783,667,590,350,879,449.10,67.32
嘉義縣,新港鄉,安和村,187,111286,595,515,328,755,421.80,70.88
嘉義縣,新港鄉,潭大村,249,149600,601,513,355,752,421.48,70.15
嘉義縣,新港鄉,板頭村,112,67131,599,564,324,840,352.18,58.76
嘉義縣,新港鄉,埤子村,111,54364,490,431,250,610,372.50,76.06
嘉義縣,新港鄉,南崙村,158,85589,542,460,304,741,352.03,64.99
嘉義縣,新港鄉,北崙村,98,48238,492,411,275,567,452.44,91.92
嘉義縣,新港鄉,海瀛村,83,40631,490,431,261,584,392.42,80.16
嘉義縣,六腳鄉,更寮村,96,68073,709,615,385,852,489.09,68.97
嘉義縣,六腳鄉,正義村,268,164611,614,493,289,757,821.53,133.75
嘉義縣,六腳鄉,潭墘村,171,100417,587,481,314,690,480.69,81.86
嘉義縣,六腳鄉,豐美村,200,109929,550,467,288,678,462.66,84.17
嘉義縣,六腳鄉,溪厝村,111,62694,565,478,293,741,369.06,65.34
嘉義縣,六腳鄉,蒜東村,187,115841,619,505,291,769,487.93,78.77
嘉義縣,六腳鄉,蒜南村,208,128552,618,536,311,796,462.68,74.86
嘉義縣,六腳鄉,蒜頭村,324,252005,778,596,327,996,670.12,86.16
嘉義縣,六腳鄉,工廠村,79,69127,875,860,448,1241,503.66,57.56
嘉義縣,六腳鄉,灣南村,234,142067,607,527,305,779,412.31,67.91
嘉義縣,六腳鄉,灣北村,233,129800,557,465,296,725,383.18,68.78
嘉義縣,六腳鄉,雙涵村,175,90455,517,481,305,648,307.81,59.55
嘉義縣,六腳鄉,塗師村,145,83229,574,468,322,687,363.74,63.37
嘉義縣,六腳鄉,三義村,127,70735,557,454,319,701,420.06,75.42
嘉義縣,六腳鄉,港美村,157,89337,569,498,366,697,379.18,66.64
嘉義縣,六腳鄉,六斗村,149,89724,602,512,354,733,407.70,67.70
嘉義縣,六腳鄉,崙陽村,217,122447,564,509,300,742,363.06,64.34
嘉義縣,六腳鄉,蘇厝村,304,173640,571,458,295,715,417.88,73.16
嘉義縣,六腳鄉,竹本村,112,67923,606,511,334,833,417.19,68.79
嘉義縣,六腳鄉,永賢村,76,35752,470,391,276,608,284.79,60.54
嘉義縣,六腳鄉,魚寮村,114,71546,628,563,307,840,403.80,64.34
嘉義縣,六腳鄉,六南村,111,64217,579,530,314,755,362.72,62.70
嘉義縣,六腳鄉,六？村,184,113065,614,492,312,840,433.88,70.61
嘉義縣,六腳鄉,崩山村,112,60794,543,417,271,688,388.68,71.61
嘉義縣,六腳鄉,古林村,122,65637,538,452,290,705,438.32,81.47
嘉義縣,東石鄉,？仔村,156,76137,488,408,269,631,301.51,61.78
嘉義縣,東石鄉,海埔村,88,42106,478,414,277,675,280.83,58.69
嘉義縣,東石鄉,東石村,284,153718,541,441,301,680,389.75,72.01
嘉義縣,東石鄉,猿樹村,137,84472,617,526,337,761,455.06,73.80
嘉義縣,東石鄉,？港村,195,88175,452,405,285,598,289.62,64.05
嘉義縣,東石鄉,型厝村,199,106666,536,448,266,708,434.48,81.06
嘉義縣,東石鄉,三家村,219,105472,482,418,240,603,358.40,74.42
嘉義縣,東石鄉,永屯村,127,63062,497,415,249,694,354.15,71.32
嘉義縣,東石鄉,龍港村,167,94786,568,482,277,746,390.20,68.75
嘉義縣,東石鄉,副瀨村,182,99771,548,446,310,683,410.73,74.92
嘉義縣,東石鄉,下揖村,140,77569,554,451,261,644,547.42,98.80
嘉義縣,東石鄉,頂揖村,71,38843,547,433,300,690,362.46,66.25
嘉義縣,東石鄉,溪下村,200,105339,527,447,253,609,552.57,104.91
嘉義縣,東石鄉,港口村,62,28487,459,448,246,627,293.48,63.87
嘉義縣,東石鄉,鰲鼓村,221,110546,500,422,268,610,447.42,89.45
嘉義縣,東石鄉,港墘村,212,128822,608,524,314,761,440.01,72.41
嘉義縣,東石鄉,蔦松村,156,85900,551,478,290,689,390.42,70.90
嘉義縣,東石鄉,圍潭村,126,72015,572,462,283,712,378.48,66.22
嘉義縣,東石鄉,洲仔村,161,78728,489,396,260,641,342.95,70.13
嘉義縣,東石鄉,東崙村,155,83532,539,463,257,682,363.06,67.37
嘉義縣,東石鄉,西崙村,182,96642,531,453,263,673,389.95,73.44
嘉義縣,東石鄉,網寮村,188,99583,530,448,281,636,640.42,120.90
嘉義縣,東石鄉,掌潭村,107,57327,536,456,283,683,404.62,75.52
嘉義縣,義竹鄉,平溪村,83,44656,538,367,269,634,436.42,81.12
嘉義縣,義竹鄉,仁里村,199,134287,675,531,327,883,541.13,80.19
嘉義縣,義竹鄉,中平村,100,71045,710,542,315,834,599.75,84.42
嘉義縣,義竹鄉,新店村,268,160186,598,500,332,752,394.35,65.98
嘉義縣,義竹鄉,溪洲村,158,86227,546,420,224,634,582.32,106.70
嘉義縣,義竹鄉,東光村,183,118588,648,556,347,827,519.32,80.14
嘉義縣,義竹鄉,東榮村,105,61807,589,519,311,730,390.48,66.34
嘉義縣,義竹鄉,岸？村,162,105068,649,560,297,856,443.46,68.37
嘉義縣,義竹鄉,義竹村,372,230764,620,529,303,828,445.50,71.82
嘉義縣,義竹鄉,六桂村,326,221004,678,538,345,833,546.43,80.60
嘉義縣,義竹鄉,傳芳村,166,79856,481,401,229,562,393.26,81.75
嘉義縣,義竹鄉,頭竹村,297,180765,609,502,334,760,477.44,78.44
嘉義縣,義竹鄉,五厝村,80,47980,600,536,322,848,415.62,69.30
嘉義縣,義竹鄉,埤前村,156,96033,616,520,344,726,438.62,71.25
嘉義縣,義竹鄉,後鎮村,121,68501,566,436,244,648,803.76,141.98
嘉義縣,義竹鄉,北華村,104,52460,504,429,291,658,309.00,61.26
嘉義縣,義竹鄉,東過村,143,68392,478,411,264,590,289.30,60.49
嘉義縣,義竹鄉,西過村,161,92181,573,451,258,718,490.79,85.72
嘉義縣,義竹鄉,官和村,191,89830,470,383,235,577,359.56,76.45
嘉義縣,義竹鄉,官順村,112,52634,470,442,272,593,307.42,65.41
嘉義縣,義竹鄉,新富村,119,65185,548,438,292,762,362.60,66.20
嘉義縣,義竹鄉,龍蛟村,128,74367,581,460,311,724,442.13,76.10
嘉義縣,鹿草鄉,三角村,345,202354,587,510,332,757,340.86,58.11
嘉義縣,鹿草鄉,松竹村,185,107932,583,525,319,738,387.61,66.44
嘉義縣,鹿草鄉,後寮村,78,48905,627,462,311,822,441.63,70.44
嘉義縣,鹿草鄉,西井村,281,174377,621,473,314,816,474.18,76.41
嘉義縣,鹿草鄉,鹿東村,122,87411,716,518,336,823,717.74,100.18
嘉義縣,鹿草鄉,鹿草村,289,202215,700,530,322,825,741.91,106.03
嘉義縣,鹿草鄉,豊稠村,100,59041,590,485,315,704,421.87,71.45
嘉義縣,鹿草鄉,重寮村,221,123578,559,475,295,714,387.39,69.28
嘉義縣,鹿草鄉,施家村,113,68993,611,460,287,759,544.35,89.16
嘉義縣,鹿草鄉,下潭村,163,102710,630,520,350,771,430.42,68.31
嘉義縣,鹿草鄉,光潭村,197,122173,620,507,362,787,440.32,71.00
嘉義縣,鹿草鄉,碧潭村,191,120285,630,492,304,749,543.05,86.23
嘉義縣,鹿草鄉,竹山村,174,87158,501,402,261,633,370.59,73.98
嘉義縣,鹿草鄉,後堀村,290,190653,657,568,342,839,419.54,63.82
嘉義縣,鹿草鄉,下麻村,97,55596,573,463,287,830,397.11,69.28
嘉義縣,太保市,東勢里,190,112010,590,489,333,812,354.34,60.11
嘉義縣,太保市,港尾里,137,74216,542,477,267,758,347.27,64.11
嘉義縣,太保市,後庄里,93,61051,656,460,327,688,703.10,107.10
嘉義縣,太保市,南新里,393,253908,646,520,342,770,606.58,93.89
嘉義縣,太保市,安仁里,217,168135,775,637,334,1024,646.28,83.41
嘉義縣,太保市,太保里,436,314209,721,586,349,874,625.35,86.77
嘉義縣,太保市,前潭里,284,162111,571,431,274,684,596.34,104.47
嘉義縣,太保市,後潭里,291,166507,572,462,255,713,471.37,82.38
嘉義縣,太保市,春珠里,189,110027,582,459,275,700,635.51,109.17
嘉義縣,太保市,崙頂里,191,124453,652,533,304,854,482.78,74.09
嘉義縣,太保市,新埤里,293,181607,620,481,289,776,561.81,90.64
嘉義縣,太保市,舊埤里,478,293641,614,544,359,756,408.25,66.46
嘉義縣,太保市,田尾里,160,94887,593,510,324,787,354.90,59.84
嘉義縣,太保市,過溝里,598,431015,721,565,344,908,693.29,96.19
嘉義縣,太保市,麻寮里,734,483186,658,576,344,861,469.99,71.40
嘉義縣,太保市,北新里,514,317115,617,548,302,817,404.72,65.60
嘉義縣,太保市,埤鄉里,154,95935,623,508,326,816,405.35,65.07
嘉義縣,太保市,梅埔里,246,134418,546,446,284,667,381.50,69.82
嘉義縣,水上鄉,三界村,185,100906,545,433,270,644,459.85,84.31
嘉義縣,水上鄉,三和村,374,224579,600,512,305,811,394.23,65.65
嘉義縣,水上鄉,大堀村,313,200588,641,503,343,828,477.02,74.43
嘉義縣,水上鄉,義興村,160,97385,609,486,267,749,509.17,83.65
嘉義縣,水上鄉,溪洲村,262,150716,575,489,255,741,404.89,70.38
嘉義縣,水上鄉,中庄村,327,182184,557,476,300,736,367.27,65.92
嘉義縣,水上鄉,忠和村,342,195679,572,480,319,712,421.24,73.62
嘉義縣,水上鄉,國姓村,236,135924,576,425,283,743,457.93,79.51
嘉義縣,水上鄉,大崙村,413,228596,554,453,282,694,408.33,73.77
嘉義縣,水上鄉,民生村,648,372392,575,475,298,736,399.30,69.48
嘉義縣,水上鄉,南和村,281,178891,637,510,301,827,580.68,91.21
嘉義縣,水上鄉,下寮村,387,274722,710,496,324,742,1456.44,205.17
嘉義縣,水上鄉,水頭村,555,403266,727,542,325,970,660.99,90.97
嘉義縣,水上鄉,水上村,781,493358,632,522,317,846,440.65,69.76
嘉義縣,水上鄉,塗溝村,187,111120,594,515,321,859,407.87,68.64
嘉義縣,水上鄉,粗溪村,334,202987,608,493,285,807,443.42,72.96
嘉義縣,水上鄉,回歸村,115,83522,726,486,344,939,740.52,101.96
嘉義縣,水上鄉,龍德村,461,312184,677,534,314,895,494.35,73.00
嘉義縣,水上鄉,三鎮村,153,102212,668,540,278,825,565.99,84.72
嘉義縣,水上鄉,靖和村,143,116768,817,656,395,1121,558.24,68.37
嘉義縣,水上鄉,柳林村,439,254342,579,466,302,732,426.60,73.63
嘉義縣,水上鄉,柳鄉村,431,261815,607,468,318,734,471.71,77.65
嘉義縣,水上鄉,內溪村,225,129566,576,458,276,766,402.40,69.88
嘉義縣,水上鄉,寬士村,886,566923,640,518,319,780,509.33,79.60
嘉義縣,水上鄉,南鄉村,132,77806,589,475,316,655,761.76,129.24
嘉義縣,水上鄉,柳新村,451,261791,580,525,316,721,381.54,65.73
嘉義縣,中埔鄉,義仁村,213,114695,538,434,258,709,416.21,77.29
嘉義縣,中埔鄉,深坑村,104,57502,553,429,294,710,406.35,73.49
嘉義縣,中埔鄉,石？村,150,91877,613,562,344,777,392.18,64.03
嘉義縣,中埔鄉,龍門村,126,67990,540,436,274,714,388.39,71.98
嘉義縣,中埔鄉,和美村,1308,899797,688,559,338,895,531.46,77.26
嘉義縣,中埔鄉,和興村,1067,633129,593,493,315,753,461.52,77.78
嘉義縣,中埔鄉,中崙村,39,23720,608,497,373,651,634.56,104.33
嘉義縣,中埔鄉,東興村,40,20311,508,454,247,611,394.76,77.74
嘉義縣,中埔鄉,社口村,328,195185,595,517,336,745,414.61,69.67
嘉義縣,中埔鄉,同仁村,365,188354,516,428,279,665,340.86,66.05
嘉義縣,中埔鄉,裕民村,179,113353,633,521,274,793,543.55,85.83
嘉義縣,中埔鄉,中埔村,323,204276,632,541,323,796,468.97,74.15
嘉義縣,中埔鄉,？館村,172,107084,623,465,251,735,525.84,84.46
嘉義縣,中埔鄉,金蘭村,251,155932,621,495,313,778,484.82,78.04
嘉義縣,中埔鄉,富收村,532,312946,588,464,295,715,478.37,81.32
嘉義縣,中埔鄉,和睦村,544,374318,688,525,324,795,778.90,113.20
嘉義縣,中埔鄉,隆興村,350,205661,588,490,281,749,442.10,75.24
嘉義縣,中埔鄉,灣潭村,147,86057,585,462,283,747,503.28,85.97
嘉義縣,中埔鄉,頂埔村,134,77375,577,482,284,718,450.52,78.02
嘉義縣,中埔鄉,瑞豐村,91,44675,491,373,223,640,390.27,79.50
嘉義縣,中埔鄉,沄水村,164,88601,540,444,235,693,480.54,88.95
嘉義縣,中埔鄉,三層村,99,54205,548,465,247,726,374.62,68.42
嘉義縣,竹崎鄉,義仁村,195,106283,545,443,282,696,388.82,71.34
嘉義縣,竹崎鄉,和平村,357,215943,605,504,332,705,445.54,73.66
嘉義縣,竹崎鄉,沙坑村,129,53945,418,357,193,575,301.26,72.04
嘉義縣,竹崎鄉,金獅村,61,32023,525,415,241,659,384.77,73.29
嘉義縣,竹崎鄉,義和村,129,74503,578,493,339,682,401.37,69.50
嘉義縣,竹崎鄉,中和村,113,75113,665,517,351,859,525.58,79.07
嘉義縣,竹崎鄉,光華村,70,34876,498,421,322,573,319.62,64.15
嘉義縣,竹崎鄉,竹崎村,504,353579,702,526,295,895,652.95,93.07
嘉義縣,竹崎鄉,坑頭村,114,54141,475,441,264,645,291.61,61.40
嘉義縣,竹崎鄉,獅埜村,224,125760,561,482,303,723,357.67,63.71
嘉義縣,竹崎鄉,鹿滿村,297,184018,620,496,303,771,531.45,85.77
嘉義縣,竹崎鄉,紫雲村,220,132195,601,450,306,708,719.03,119.66
嘉義縣,竹崎鄉,灣橋村,1166,759733,652,524,322,811,688.45,105.66
嘉義縣,竹崎鄉,內埔村,309,195962,634,470,320,698,683.34,107.75
嘉義縣,竹崎鄉,昇平村,305,205831,675,456,265,716,1105.83,163.86
嘉義縣,竹崎鄉,桃源村,161,81326,505,426,275,609,389.78,77.16
嘉義縣,竹崎鄉,白杞村,117,54715,468,412,271,585,307.80,65.82
嘉義縣,竹崎鄉,龍山村,256,155748,608,525,334,784,424.12,69.71
嘉義縣,竹崎鄉,義隆村,100,54485,545,452,292,651,421.51,77.36
嘉義縣,竹崎鄉,文？村,125,71792,574,467,307,628,551.07,95.95
嘉義縣,竹崎鄉,塘興村,141,75707,537,425,246,658,434.47,80.92
嘉義縣,竹崎鄉,復金村,318,182127,573,465,315,701,377.23,65.87
嘉義縣,竹崎鄉,緞繻村,175,96602,552,405,277,697,466.39,84.49
嘉義縣,竹崎鄉,仁壽村,43,20105,468,420,314,634,251.26,53.74
嘉義縣,梅山鄉,太平村,79,41444,525,463,300,655,384.99,73.39
嘉義縣,梅山鄉,永興村,96,50481,526,487,291,663,303.64,57.74
嘉義縣,梅山鄉,太和村,126,56427,448,370,181,541,360.20,80.43
嘉義縣,梅山鄉,大南村,269,158866,591,496,309,755,403.76,68.37
嘉義縣,梅山鄉,梅東村,463,283273,612,486,281,797,477.81,78.10
嘉義縣,梅山鄉,梅南村,221,154285,698,571,356,872,542.42,77.70
嘉義縣,梅山鄉,梅北村,793,500408,631,510,315,795,491.18,77.84
嘉義縣,梅山鄉,過山村,116,76695,661,502,250,882,581.12,87.89
嘉義縣,梅山鄉,圳南村,69,30851,447,429,247,600,268.65,60.09
嘉義縣,梅山鄉,圳北村,110,54264,493,413,210,682,403.56,81.81
嘉義縣,梅山鄉,安靖村,140,66958,478,399,232,621,331.15,69.24
嘉義縣,梅山鄉,？溪村,101,50333,498,382,269,617,403.10,80.89
嘉義縣,梅山鄉,半天村,65,34574,532,422,269,604,454.85,85.51
嘉義縣,梅山鄉,龍眼村,52,32237,620,469,317,728,625.92,100.96
嘉義縣,梅山鄉,太興村,39,23650,606,429,228,881,563.54,92.93
嘉義縣,梅山鄉,瑞里村,74,34166,462,373,251,571,339.85,73.61
嘉義縣,梅山鄉,瑞？村,85,30482,359,308,126,535,286.04,79.76
嘉義縣,梅山鄉,碧湖村,41,23069,563,410,255,700,472.41,83.96
嘉義縣,番路鄉,大湖村,142,74610,525,440,259,709,377.44,71.84
嘉義縣,番路鄉,民和村,159,76930,484,394,243,627,362.38,74.90
嘉義縣,番路鄉,內甕村,74,41768,564,496,290,768,379.97,67.32
嘉義縣,番路鄉,江西村,200,151527,758,621,336,988,603.67,79.68
嘉義縣,番路鄉,新福村,148,76968,520,449,268,659,352.52,67.78
嘉義縣,番路鄉,下坑村,334,218391,654,530,332,825,526.02,80.45
嘉義縣,番路鄉,番路村,160,96392,602,472,287,764,454.67,75.47
嘉義縣,番路鄉,觸口村,136,79742,586,493,304,717,457.90,78.09
嘉義縣,番路鄉,公田村,100,55985,560,479,288,690,393.15,70.22
嘉義縣,番路鄉,公興村,59,36452,618,439,273,740,601.50,97.36
嘉義縣,番路鄉,草山村,37,18908,511,448,315,556,441.70,86.43
嘉義縣,大埔鄉,和平村,67,30586,457,390,277,583,280.29,61.40
嘉義縣,大埔鄉,大埔村,181,92869,513,430,280,647,348.97,68.01
嘉義縣,大埔鄉,茄苳村,115,57388,499,418,262,627,411.63,82.49
嘉義縣,大埔鄉,永樂村,39,24023,616,451,321,590,738.22,119.85
嘉義縣,大埔鄉,西興村,60,30844,514,425,232,649,428.21,83.30
嘉義縣,阿里山鄉,中山村,84,52599,626,562,337,748,420.15,67.10
嘉義縣,阿里山鄉,中正村,40,33546,839,565,262,983,1133.95,135.21
嘉義縣,阿里山鄉,香林村,66,45876,695,606,485,889,372.10,53.53
嘉義縣,阿里山鄉,十字村,47,26196,557,417,326,571,553.85,99.37
嘉義縣,阿里山鄉,達邦村,89,67014,753,624,467,962,476.66,63.30
嘉義縣,阿里山鄉,樂野村,69,38708,561,441,298,694,410.45,73.17
嘉義縣,阿里山鄉,來吉村,31,21855,705,526,263,831,859.11,121.86
嘉義縣,阿里山鄉,里佳村,29,14012,483,399,297,594,271.74,56.24
嘉義縣,阿里山鄉,山美村,32,15405,481,379,296,601,303.48,63.04
嘉義縣,阿里山鄉,新美村,47,12578,268,220,32,341,278.89,104.21
嘉義縣,阿里山鄉,豐山村,52,20762,399,291,190,518,297.88,74.61
嘉義縣,阿里山鄉,茶山村,39,17483,448,382,230,616,407.34,90.87
臺南縣,新營市,民權里,890,790765,888,653,398,1143,821.44,92.45
臺南縣,新營市,延平里,378,221768,587,479,262,764,465.44,79.33
臺南縣,新營市,興安里,179,151366,846,582,348,1093,823.59,97.40
臺南縣,新營市,興業里,578,561108,971,757,417,1301,823.07,84.78
臺南縣,新營市,民生里,966,760243,787,594,354,1011,745.77,94.76
臺南縣,新營市,土庫里,395,287809,729,538,323,978,583.29,80.05
臺南縣,新營市,南興里,765,567578,742,594,357,985,558.21,75.24
臺南縣,新營市,新北里,1066,951049,892,693,398,1147,1111.00,124.53
臺南縣,新營市,新南里,769,679450,884,673,385,1141,954.70,108.05
臺南縣,新營市,永生里,335,333887,997,618,329,1112,1854.29,186.05
臺南縣,新營市,忠政里,1658,1489453,898,729,395,1215,849.59,94.57
臺南縣,新營市,三仙里,842,659405,783,604,353,1019,636.25,81.24
臺南縣,新營市,民榮里,1141,808739,709,571,332,933,546.98,77.17
臺南縣,新營市,好平里,218,147465,676,516,312,806,589.03,87.08
臺南縣,新營市,中營里,382,335693,879,595,323,1110,938.44,106.79
臺南縣,新營市,王公里,2030,1843308,908,711,405,1200,1271.10,139.98
臺南縣,新營市,大宏里,1039,985684,949,664,395,1168,1347.01,141.99
臺南縣,新營市,護鎮里,357,242736,680,584,358,852,497.60,73.18
臺南縣,新營市,埤寮里,462,331289,717,608,379,945,485.52,67.71
臺南縣,新營市,太南里,398,240846,605,496,326,738,590.67,97.61
臺南縣,新營市,太北里,406,273641,674,540,352,882,499.34,74.09
臺南縣,新營市,南紙里,930,669557,720,599,385,905,623.02,86.54
臺南縣,新營市,嘉芳里,385,281623,731,525,295,832,1335.44,182.56
臺南縣,新營市,舊？里,86,58380,679,529,285,791,725.98,106.94
臺南縣,新營市,角帶里,105,53466,509,436,278,684,339.71,66.72
臺南縣,新營市,鐵線里,168,104281,621,511,332,851,409.53,65.98
臺南縣,新營市,五興里,219,125320,572,455,315,728,410.15,71.67
臺南縣,新營市,姑爺里,103,59926,582,467,266,727,418.54,71.94
臺南縣,鹽水鎮,南港里,180,99794,554,470,304,692,404.09,72.89
臺南縣,鹽水鎮,田寮里,52,26143,503,364,275,627,381.71,75.92
臺南縣,鹽水鎮,水仙里,109,63533,583,484,277,787,394.83,67.74
臺南縣,鹽水鎮,大豐里,62,38138,615,484,317,832,392.31,63.78
臺南縣,鹽水鎮,河南里,109,60927,559,436,307,703,450.25,80.55
臺南縣,鹽水鎮,水秀里,347,225518,650,487,277,803,864.64,133.04
臺南縣,鹽水鎮,福得里,155,114916,741,548,309,932,819.53,110.54
臺南縣,鹽水鎮,三生里,133,84259,634,463,235,911,514.69,81.24
臺南縣,鹽水鎮,武廟里,148,126808,857,650,343,1043,837.52,97.75
臺南縣,鹽水鎮,中境里,154,97956,636,522,290,882,500.00,78.61
臺南縣,鹽水鎮,水正里,255,183142,718,573,349,926,615.45,85.69
臺南縣,鹽水鎮,橋南里,812,521540,642,557,356,832,411.74,64.11
臺南縣,鹽水鎮,岸內里,874,607880,696,564,362,930,479.43,68.93
臺南縣,鹽水鎮,義稠里,157,90880,579,471,290,777,486.27,84.01
臺南縣,鹽水鎮,汫水里,180,114674,637,512,299,796,540.60,84.86
臺南縣,鹽水鎮,下中里,145,88957,613,538,374,725,430.96,70.25
臺南縣,鹽水鎮,歡雅里,331,180933,547,407,275,697,483.43,88.44
臺南縣,鹽水鎮,大莊里,96,58262,607,462,294,740,524.69,86.45
臺南縣,鹽水鎮,孫厝里,105,58855,561,452,312,609,459.75,82.02
臺南縣,鹽水鎮,桐寮里,56,37724,674,536,341,835,528.96,78.52
臺南縣,鹽水鎮,後宅里,129,75026,582,494,306,744,395.73,68.04
臺南縣,鹽水鎮,舊營里,183,103096,563,508,310,705,420.80,74.69
臺南縣,鹽水鎮,竹埔里,161,109125,678,520,362,753,942.72,139.09
臺南縣,鹽水鎮,下林里,84,44571,531,461,339,606,460.87,86.86
臺南縣,鹽水鎮,飯店里,65,36168,556,474,313,635,384.44,69.09
臺南縣,白河鎮,永安里,798,536389,672,510,301,887,767.19,114.14
臺南縣,白河鎮,大林里,107,56429,527,447,283,661,376.59,71.41
臺南縣,白河鎮,仙草里,267,134799,505,427,296,648,347.33,68.80
臺南縣,白河鎮,大竹里,277,143735,519,453,237,693,385.21,74.24
臺南縣,白河鎮,詔安里,196,105810,540,446,272,697,403.60,74.76
臺南縣,白河鎮,汴頭里,129,62253,483,383,224,576,433.02,89.73
臺南縣,白河鎮,河東里,300,181640,605,504,288,788,452.84,74.79
臺南縣,白河鎮,虎山里,108,56091,519,391,243,640,433.81,83.53
臺南縣,白河鎮,白河里,462,308137,667,480,280,849,678.84,101.78
臺南縣,白河鎮,庄內里,347,214081,617,508,283,849,460.92,74.71
臺南縣,白河鎮,外角里,336,209811,624,511,326,840,445.41,71.33
臺南縣,白河鎮,秀祐里,199,130987,658,502,308,841,878.27,133.43
臺南縣,白河鎮,玉豐里,293,162410,554,447,269,703,429.24,77.44
臺南縣,白河鎮,蓮潭里,187,96642,517,395,227,716,411.69,79.66
臺南縣,白河鎮,廣安里,151,88604,587,527,334,741,372.26,63.44
臺南縣,白河鎮,內角里,193,117417,608,451,285,752,497.50,81.78
臺南縣,白河鎮,草店里,188,101274,539,454,294,684,346.91,64.40
臺南縣,白河鎮,甘宅里,123,63683,518,444,258,643,383.79,74.13
臺南縣,白河鎮,竹門里,209,125609,601,432,261,768,586.32,97.56
臺南縣,白河鎮,崎內里,156,79595,510,435,302,649,351.39,68.87
臺南縣,白河鎮,昇安里,263,156355,595,495,316,758,515.07,86.64
臺南縣,白河鎮,崁頭里,85,44979,529,481,324,656,321.09,60.68
臺南縣,白河鎮,六溪里,131,60679,463,366,250,568,491.41,106.09
臺南縣,白河鎮,關嶺里,238,133980,563,452,264,703,429.42,76.28
臺南縣,柳營鄉,人和村,181,124601,688,556,365,812,568.87,82.64
臺南縣,柳營鄉,士林村,408,304454,746,561,348,917,694.11,93.02
臺南縣,柳營鄉,光福村,469,338107,721,524,310,854,1318.84,182.94
臺南縣,柳營鄉,中埕村,200,134784,674,571,358,850,478.58,71.01
臺南縣,柳營鄉,東昇村,626,436967,698,557,320,900,615.36,88.16
臺南縣,柳營鄉,八翁村,314,199384,635,517,325,825,533.60,84.03
臺南縣,柳營鄉,太康村,387,264988,685,581,373,883,472.19,68.96
臺南縣,柳營鄉,重溪村,382,241562,632,533,335,808,455.73,72.07
臺南縣,柳營鄉,篤農村,306,189444,619,487,306,771,496.62,80.22
臺南縣,柳營鄉,大農村,133,73084,550,486,301,701,350.56,63.80
臺南縣,柳營鄉,神農村,290,173456,598,487,307,779,496.80,83.06
臺南縣,柳營鄉,果毅村,279,166820,598,492,342,753,404.01,67.57
臺南縣,柳營鄉,旭山村,350,187510,536,473,294,691,337.68,63.03
臺南縣,後壁鄉,烏林村,26,17308,666,570,324,812,464.86,69.83
臺南縣,後壁鄉,長安村,382,256641,672,563,327,851,471.02,70.11
臺南縣,後壁鄉,頂安村,321,210115,655,522,316,868,487.84,74.53
臺南縣,後壁鄉,新東村,336,224444,668,541,336,891,467.98,70.06
臺南縣,後壁鄉,崁頂村,100,70830,708,620,382,903,484.86,68.45
臺南縣,後壁鄉,福安村,289,200430,694,561,353,947,519.15,74.86
臺南縣,後壁鄉,後壁村,413,296446,718,575,327,968,527.56,73.50
臺南縣,後壁鄉,嘉苳村,283,174816,618,536,347,799,399.20,64.62
臺南縣,後壁鄉,侯伯村,321,218313,680,541,306,890,536.84,78.93
臺南縣,後壁鄉,土溝村,293,175019,597,518,324,777,392.35,65.68
臺南縣,後壁鄉,嘉田村,249,156517,629,493,307,788,527.19,83.87
臺南縣,後壁鄉,嘉民村,285,169518,595,481,300,730,489.95,82.37
臺南縣,後壁鄉,烏樹村,168,101051,601,454,300,836,438.11,72.84
臺南縣,後壁鄉,墨林村,176,103272,587,489,337,763,399.16,68.03
臺南縣,後壁鄉,菁寮村,126,79528,631,482,305,854,455.87,72.23
臺南縣,後壁鄉,後？村,90,61327,681,574,378,842,470.37,69.03
臺南縣,後壁鄉,菁豊村,191,106539,558,500,326,709,340.79,61.10
臺南縣,後壁鄉,新嘉村,190,109646,577,474,303,728,400.84,69.46
臺南縣,後壁鄉,頂長村,133,81316,611,494,341,772,425.83,69.65
臺南縣,後壁鄉,平安村,236,137261,582,475,305,701,503.07,86.49
臺南縣,後壁鄉,仕安村,117,70057,599,457,288,769,484.45,80.91
臺南縣,後壁鄉,竹新村,333,189708,570,495,333,743,354.56,62.24
臺南縣,東山鄉,南勢村,178,82186,462,398,257,577,318.00,68.87
臺南縣,東山鄉,高原村,153,80717,528,470,264,718,347.83,65.93
臺南縣,東山鄉,東河村,175,90480,517,415,287,649,417.50,80.75
臺南縣,東山鄉,東山村,288,158413,550,453,294,721,423.31,76.96
臺南縣,東山鄉,東中村,562,368177,655,525,322,858,511.49,78.08
臺南縣,東山鄉,東正村,309,177267,574,478,317,783,373.36,65.08
臺南縣,東山鄉,三榮村,161,100683,625,521,321,869,414.21,66.24
臺南縣,東山鄉,大客村,207,115770,559,472,277,731,408.10,72.97
臺南縣,東山鄉,科里村,231,132688,574,484,321,697,420.04,73.13
臺南縣,東山鄉,聖賢村,434,270195,623,504,322,830,467.17,75.04
臺南縣,東山鄉,南溪村,95,49143,517,472,331,624,275.21,53.20
臺南縣,東山鄉,水雲村,91,52742,580,450,278,820,414.73,71.56
臺南縣,東山鄉,林安村,65,36668,564,446,274,761,381.72,67.67
臺南縣,東山鄉,東原村,372,190213,511,417,264,625,409.69,80.12
臺南縣,東山鄉,嶺南村,107,50753,474,430,284,635,278.92,58.80
臺南縣,東山鄉,青山村,152,86463,569,470,295,724,402.08,70.69
臺南縣,麻豆鎮,龍泉里,207,119418,577,498,311,714,371.28,64.36
臺南縣,麻豆鎮,保安里,203,140704,693,543,325,837,656.36,94.70
臺南縣,麻豆鎮,埤頭里,327,194872,596,482,306,767,447.36,75.07
臺南縣,麻豆鎮,中興里,595,462387,777,618,352,963,633.35,81.50
臺南縣,麻豆鎮,中民里,200,128984,645,466,306,740,647.61,100.42
臺南縣,麻豆鎮,港尾里,226,123048,544,451,315,649,431.61,79.27
臺南縣,麻豆鎮,新建里,322,212560,660,554,331,856,501.57,75.98
臺南縣,麻豆鎮,興農里,394,249829,634,516,315,853,449.91,70.95
臺南縣,麻豆鎮,北勢里,244,140273,575,454,295,763,431.63,75.08
臺南縣,麻豆鎮,大山里,135,87654,649,509,310,784,499.01,76.85
臺南縣,麻豆鎮,安東里,146,97545,668,605,337,836,479.19,71.72
臺南縣,麻豆鎮,安西里,180,92402,513,405,278,670,376.15,73.28
臺南縣,麻豆鎮,油車里,885,594656,672,555,331,859,509.62,75.84
臺南縣,麻豆鎮,南勢里,657,748337,1139,568,319,905,7890.89,692.78
臺南縣,麻豆鎮,海埔里,241,153319,636,480,309,796,568.13,89.30
臺南縣,麻豆鎮,晉江里,746,553786,742,595,346,947,619.78,83.49
臺南縣,麻豆鎮,榖興里,207,167741,810,541,313,978,1115.11,137.61
臺南縣,麻豆鎮,東角里,683,577557,846,679,388,1081,836.04,98.87
臺南縣,麻豆鎮,巷口里,470,404169,860,643,357,1048,889.09,103.39
臺南縣,麻豆鎮,大埕里,722,506167,701,570,324,887,582.53,83.09
臺南縣,麻豆鎮,總榮里,176,126794,720,609,361,933,504.47,70.02
臺南縣,麻豆鎮,寮？里,395,235700,597,483,338,772,413.80,69.35
臺南縣,麻豆鎮,安業里,147,98870,673,538,341,903,504.24,74.97
臺南縣,麻豆鎮,謝安里,210,114134,543,459,300,696,346.63,63.78
臺南縣,麻豆鎮,安正里,190,108942,573,478,318,722,413.66,72.14
臺南縣,麻豆鎮,磚井里,286,193220,676,547,351,805,601.78,89.07
臺南縣,麻豆鎮,小埤里,245,162849,665,536,373,766,527.64,79.38
臺南縣,麻豆鎮,莊禮里,115,69933,608,474,314,798,482.63,79.36
臺南縣,麻豆鎮,麻口里,255,147534,579,486,340,745,379.67,65.62
臺南縣,下營鄉,仁里村,635,394490,621,508,325,765,463.29,74.57
臺南縣,下營鄉,新興村,502,310328,618,512,310,819,455.94,73.76
臺南縣,下營鄉,宅內村,233,129312,555,465,299,703,381.43,68.73
臺南縣,下營鄉,後街村,350,213401,610,486,332,782,431.61,70.79
臺南縣,下營鄉,下營村,257,193429,753,546,358,941,740.76,98.42
臺南縣,下營鄉,營前村,542,372421,687,536,343,873,548.63,79.84
臺南縣,下營鄉,大屯村,159,84359,531,456,288,694,363.13,68.44
臺南縣,下營鄉,大埤村,142,81505,574,449,302,747,414.79,72.27
臺南縣,下營鄉,開化村,489,295299,604,501,309,757,482.32,79.87
臺南縣,下營鄉,茅港村,270,166581,617,502,309,776,449.37,72.84
臺南縣,下營鄉,中營村,271,156406,577,470,299,735,413.32,71.62
臺南縣,下營鄉,西連村,191,120886,633,480,343,790,523.03,82.64
臺南縣,下營鄉,賀建村,263,159871,608,476,320,744,448.63,73.80
臺南縣,下營鄉,甲中村,233,132831,570,477,311,698,389.74,68.36
臺南縣,下營鄉,紅厝村,249,160184,643,481,318,790,559.08,86.91
臺南縣,六甲鄉,菁埔村,112,90290,806,599,350,967,777.84,96.49
臺南縣,六甲鄉,六甲村,792,557173,704,538,348,905,593.59,84.38
臺南縣,六甲鄉,甲東村,669,453824,678,558,356,876,511.77,75.44
臺南縣,六甲鄉,甲南村,367,236790,645,517,304,884,509.58,78.98
臺南縣,六甲鄉,龍湖村,253,137970,545,441,303,695,382.04,70.06
臺南縣,六甲鄉,七甲村,245,146287,597,477,340,733,604.46,101.23
臺南縣,六甲鄉,二甲村,792,511399,646,526,337,834,435.90,67.51
臺南縣,六甲鄉,水林村,513,316424,617,528,344,813,408.27,66.19
臺南縣,六甲鄉,中社村,431,264245,613,485,307,779,677.09,110.44
臺南縣,六甲鄉,龜港村,288,179501,623,508,355,785,398.83,63.99
臺南縣,六甲鄉,王爺村,178,97471,548,420,273,677,436.22,79.66
臺南縣,六甲鄉,大丘村,134,66438,496,448,300,679,288.30,58.15
臺南縣,官田鄉,社子村,180,97608,542,475,326,711,333.58,61.52
臺南縣,官田鄉,大崎村,85,57431,676,544,348,942,447.70,66.26
臺南縣,官田鄉,南？村,285,171349,601,472,286,715,641.90,106.77
臺南縣,官田鄉,西庄村,169,97178,575,462,325,709,414.65,72.11
臺南縣,官田鄉,官田村,538,337998,628,515,345,794,461.26,73.42
臺南縣,官田鄉,湖山村,243,147367,606,481,307,812,454.50,74.94
臺南縣,官田鄉,隆田村,522,331787,636,490,306,806,499.38,78.57
臺南縣,官田鄉,二鎮村,760,503322,662,520,346,828,550.00,83.05
臺南縣,官田鄉,東庄村,331,208119,629,477,303,788,541.91,86.19
臺南縣,官田鄉,拔林村,131,83455,637,534,328,773,476.57,74.81
臺南縣,官田鄉,渡頭村,529,342733,648,515,333,866,598.41,92.36
臺南縣,官田鄉,嘉南村,86,57784,672,464,311,800,700.37,104.24
臺南縣,官田鄉,隆本村,790,525259,665,550,360,872,449.14,67.55
臺南縣,大內鄉,頭社村,189,90537,479,416,274,632,294.55,61.49
臺南縣,大內鄉,石湖村,268,146934,548,441,291,703,400.21,73.00
臺南縣,大內鄉,石林村,154,89325,580,439,320,716,408.24,70.38
臺南縣,大內鄉,石城村,411,223159,543,421,295,681,387.61,71.39
臺南縣,大內鄉,內江村,269,161483,600,480,294,748,500.92,83.44
臺南縣,大內鄉,大內村,189,123425,653,531,303,852,487.57,74.66
臺南縣,大內鄉,內郭村,165,89147,540,428,303,619,437.62,81.00
臺南縣,大內鄉,二溪村,179,105292,588,475,308,764,447.64,76.10
臺南縣,大內鄉,曲溪村,105,56017,533,461,326,624,357.78,67.06
臺南縣,大內鄉,環湖村,150,73418,489,429,265,636,332.41,67.91
臺南縣,佳里鎮,龍安里,216,121983,565,435,312,685,485.11,85.90
臺南縣,佳里鎮,民安里,298,162948,547,457,294,681,422.34,77.24
臺南縣,佳里鎮,頂？里,191,112556,589,520,330,783,374.07,63.48
臺南縣,佳里鎮,建南里,1587,1082281,682,509,311,816,866.60,127.07
臺南縣,佳里鎮,安西里,2449,1782558,728,552,345,910,633.97,87.10
臺南縣,佳里鎮,東寧里,498,398083,799,591,335,971,995.78,124.57
臺南縣,佳里鎮,興化里,312,202260,648,532,334,813,501.67,77.39
臺南縣,佳里鎮,海澄里,320,183289,573,465,308,751,378.55,66.09
臺南縣,佳里鎮,溪洲里,77,48827,634,566,384,777,369.60,58.29
臺南縣,佳里鎮,鎮山里,1160,756947,653,515,308,812,598.13,91.66
臺南縣,佳里鎮,六安里,1009,752583,746,577,343,991,595.90,79.89
臺南縣,佳里鎮,佳化里,433,267023,617,518,351,749,432.55,70.14
臺南縣,佳里鎮,禮化里,210,139433,664,505,338,763,672.84,101.34
臺南縣,佳里鎮,營頂里,150,106997,713,533,325,908,618.10,86.65
臺南縣,佳里鎮,漳洲里,142,92237,650,455,321,704,1237.16,190.46
臺南縣,佳里鎮,子龍里,283,191462,677,531,323,879,555.08,82.05
臺南縣,佳里鎮,三協里,197,126992,645,494,324,794,597.85,92.74
臺南縣,佳里鎮,蚶寮里,155,79380,512,434,292,674,304.59,59.47
臺南縣,佳里鎮,通興里,196,111330,568,459,303,665,509.86,89.76
臺南縣,佳里鎮,嘉福里,182,92358,507,411,272,651,317.78,62.62
臺南縣,佳里鎮,忠仁里,694,459140,662,503,325,784,571.90,86.44
臺南縣,西港鄉,竹林村,224,109313,488,400,257,587,364.46,74.68
臺南縣,西港鄉,劉厝村,240,123437,514,453,297,609,375.23,72.96
臺南縣,西港鄉,永樂村,172,81701,475,398,284,594,318.11,66.97
臺南縣,西港鄉,西港村,691,427963,619,496,332,765,477.61,77.12
臺南縣,西港鄉,港東村,302,176325,584,466,280,738,512.70,87.81
臺南縣,西港鄉,南海村,487,306175,629,469,316,737,1076.55,171.24
臺南縣,西港鄉,檨林村,294,161207,548,446,285,674,556.61,101.51
臺南縣,西港鄉,後營村,280,154663,552,481,309,652,400.03,72.42
臺南縣,西港鄉,營西村,254,140645,554,438,306,698,403.72,72.91
臺南縣,西港鄉,金砂村,191,111359,583,460,315,764,433.25,74.31
臺南縣,西港鄉,新復村,161,91327,567,463,309,721,392.45,69.19
臺南縣,西港鄉,慶安村,966,765857,793,543,338,850,2834.56,357.53
臺南縣,七股鄉,？榔村,100,48084,481,379,267,594,395.67,82.29
臺南縣,七股鄉,大潭村,141,76063,539,427,279,636,444.44,82.39
臺南縣,七股鄉,樹林村,210,117465,559,462,320,683,374.43,66.94
臺南縣,七股鄉,大寮村,172,88089,512,449,301,633,335.74,65.56
臺南縣,七股鄉,中寮村,139,71792,516,368,241,624,462.79,89.60
臺南縣,七股鄉,龍山村,304,165502,544,463,300,660,395.49,72.64
臺南縣,七股鄉,後港村,100,47250,473,353,260,554,348.87,73.83
臺南縣,七股鄉,頂山村,148,74781,505,402,262,661,398.59,78.89
臺南縣,七股鄉,西寮村,79,45564,577,424,273,583,634.63,110.03
臺南縣,七股鄉,城內村,91,55438,609,420,249,636,668.95,109.81
臺南縣,七股鄉,篤加村,160,103298,646,422,298,697,866.54,134.22
臺南縣,七股鄉,？埕村,74,43886,593,441,288,779,409.87,69.11
臺南縣,七股鄉,七股村,182,105288,579,483,322,688,379.98,65.68
臺南縣,七股鄉,溪南村,51,41313,810,630,354,862,869.99,107.40
臺南縣,七股鄉,玉成村,170,100572,592,449,297,803,415.06,70.16
臺南縣,七股鄉,大埕村,286,145643,509,453,281,678,294.85,57.90
臺南縣,七股鄉,看坪村,83,48149,580,426,261,782,501.94,86.52
臺南縣,七股鄉,竹港村,125,67834,543,426,246,677,450.38,82.99
臺南縣,七股鄉,竹橋村,144,80035,556,472,312,704,400.82,72.12
臺南縣,七股鄉,義合村,218,134554,617,456,309,831,493.43,79.94
臺南縣,七股鄉,永吉村,121,60056,496,416,304,628,345.22,69.55
臺南縣,七股鄉,三股村,234,120956,517,442,260,631,390.08,75.46
臺南縣,七股鄉,十份村,185,97611,528,461,288,632,384.96,72.96
臺南縣,將軍鄉,北埔村,103,65895,640,486,361,699,683.48,106.83
臺南縣,將軍鄉,仁和村,132,75289,570,452,298,673,517.06,90.65
臺南縣,將軍鄉,長沙村,241,106405,442,418,257,551,261.59,59.25
臺南縣,將軍鄉,長榮村,216,126452,585,473,320,739,419.32,71.63
臺南縣,將軍鄉,西華村,303,185931,614,483,305,747,489.43,79.76
臺南縣,將軍鄉,西和村,189,99333,526,446,269,710,338.41,64.39
臺南縣,將軍鄉,忠興村,349,188580,540,462,296,692,357.12,66.09
臺南縣,將軍鄉,嘉昌村,175,97089,555,441,290,705,403.69,72.76
臺南縣,將軍鄉,保源村,202,111335,551,442,307,703,375.85,68.19
臺南縣,將軍鄉,苓和村,204,122566,601,477,308,692,577.66,96.15
臺南縣,將軍鄉,將富村,127,75670,596,462,293,783,497.87,83.56
臺南縣,將軍鄉,將貴村,80,54026,675,508,308,914,660.95,97.87
臺南縣,將軍鄉,三吉村,67,38664,577,479,328,713,434.18,75.24
臺南縣,將軍鄉,玉山村,124,63915,515,429,263,678,376.30,73.00
臺南縣,將軍鄉,廣山村,95,49348,519,402,308,662,393.36,75.73
臺南縣,將軍鄉,平沙村,200,101726,509,422,286,647,326.59,64.21
臺南縣,將軍鄉,鯤鯓村,338,162843,482,400,291,601,296.97,61.64
臺南縣,將軍鄉,鯤溟村,161,76815,477,427,313,577,295.21,61.87
臺南縣,北門鄉,仁里村,161,95290,592,543,313,757,387.06,65.40
臺南縣,北門鄉,三光村,222,112046,505,415,300,558,551.21,109.21
臺南縣,北門鄉,永隆村,65,32539,501,428,254,653,336.75,67.27
臺南縣,北門鄉,北門村,173,101361,586,481,334,733,395.45,67.49
臺南縣,北門鄉,永華村,69,35742,518,444,322,634,333.96,64.47
臺南縣,北門鄉,玉港村,148,86332,583,499,349,716,399.98,68.57
臺南縣,北門鄉,東壁村,120,66138,551,490,289,683,401.88,72.92
臺南縣,北門鄉,鯤江村,141,75266,534,481,338,628,382.49,71.65
臺南縣,北門鄉,保吉村,274,152171,555,453,309,694,423.19,76.20
臺南縣,北門鄉,雙春村,114,101613,891,455,300,659,3065.88,343.96
臺南縣,北門鄉,錦湖村,165,103997,630,514,328,749,486.99,77.26
臺南縣,北門鄉,慈安村,145,81755,564,442,318,621,550.17,97.58
臺南縣,北門鄉,中樞村,123,71526,582,488,314,700,428.62,73.71
臺南縣,學甲鎮,光明里,80,45220,565,440,279,695,479.02,84.74
臺南縣,學甲鎮,新生里,412,247579,601,507,322,718,444.49,73.97
臺南縣,學甲鎮,百福里,349,233214,668,559,358,866,451.41,67.55
臺南縣,學甲鎮,文化里,139,74430,535,455,301,696,327.10,61.09
臺南縣,學甲鎮,新榮里,396,256165,647,551,348,835,440.89,68.16
臺南縣,學甲鎮,光華里,214,123787,578,512,347,718,326.03,56.36
臺南縣,學甲鎮,大安里,127,74264,585,489,290,723,431.24,73.75
臺南縣,學甲鎮,達明里,125,82201,658,515,294,758,886.79,134.85
臺南縣,學甲鎮,慈生里,155,101304,654,508,315,882,566.86,86.73
臺南縣,學甲鎮,頭港里,80,42480,531,467,280,660,403.52,75.99
臺南縣,學甲鎮,西明里,350,206952,591,482,303,748,444.25,75.13
臺南縣,學甲鎮,宜民里,147,144694,984,580,328,916,2738.62,278.23
臺南縣,學甲鎮,煥昌里,205,112032,546,480,282,678,393.30,71.97
臺南縣,學甲鎮,仁得里,1016,668394,658,524,316,826,533.21,81.05
臺南縣,學甲鎮,白渚里,88,51017,580,481,307,711,454.24,78.35
臺南縣,學甲鎮,民吉里,118,77751,659,527,349,837,548.86,83.30
臺南縣,學甲鎮,西進里,120,131784,1098,427,316,624,5655.19,514.95
臺南縣,學甲鎮,宅港里,245,133878,546,474,284,718,335.07,61.32
臺南縣,學甲鎮,平東里,90,46857,521,469,268,616,355.91,68.36
臺南縣,學甲鎮,平西里,121,63464,524,458,319,666,300.91,57.37
臺南縣,學甲鎮,美和里,84,39513,470,391,254,628,303.33,64.48
臺南縣,學甲鎮,美豐里,186,106208,571,510,313,706,374.42,65.57
臺南縣,學甲鎮,頂洲里,154,89378,580,494,304,744,401.20,69.13
臺南縣,學甲鎮,紅茄里,94,53600,570,449,350,643,457.65,80.26
臺南縣,學甲鎮,新芳里,94,53045,564,480,367,697,323.64,57.35
臺南縣,學甲鎮,一秀里,346,213290,616,505,316,788,466.03,75.60
臺南縣,新化鎮,東榮里,1029,749242,728,538,335,917,674.62,92.65
臺南縣,新化鎮,中央里,110,71498,650,524,335,874,488.32,75.13
臺南縣,新化鎮,大坑里,78,43615,559,469,349,686,326.66,58.42
臺南縣,新化鎮,北勢里,316,197289,624,530,360,773,412.84,66.12
臺南縣,新化鎮,清水里,257,157659,613,478,276,774,572.33,93.30
臺南縣,新化鎮,觀音里,151,100913,668,533,316,809,601.80,90.05
臺南縣,新化鎮,太平里,992,648425,654,504,315,803,588.99,90.11
臺南縣,新化鎮,竹林里,97,64401,664,534,298,851,521.32,78.52
臺南縣,新化鎮,山？里,306,196823,643,441,289,739,1284.43,199.69
臺南縣,新化鎮,豐榮里,637,410748,645,499,324,836,493.19,76.49
臺南縣,新化鎮,崙頂里,403,221641,550,433,280,716,411.97,74.91
臺南縣,新化鎮,武安里,462,316526,685,521,332,912,532.25,77.69
臺南縣,新化鎮,護國里,395,270913,686,523,322,896,550.15,80.21
臺南縣,新化鎮,協興里,772,526389,682,515,335,862,598.26,87.74
臺南縣,新化鎮,唪口里,436,293755,674,523,305,842,554.21,82.26
臺南縣,新化鎮,全興里,594,481110,810,672,378,1088,626.24,77.32
臺南縣,新化鎮,知義里,439,246307,561,454,295,666,445.82,79.46
臺南縣,新化鎮,？拔里,471,279518,593,488,326,735,435.04,73.31
臺南縣,新化鎮,羊林里,165,83286,505,413,271,692,336.73,66.71
臺南縣,新化鎮,礁坑里,174,93600,538,435,305,666,424.38,78.89
臺南縣,善化鎮,東昌里,262,163338,623,531,337,817,421.97,67.69
臺南縣,善化鎮,文昌里,591,419671,710,540,341,910,570.60,80.36
臺南縣,善化鎮,文正里,318,200693,631,544,327,807,424.24,67.22
臺南縣,善化鎮,田寮里,477,290132,608,523,328,791,400.88,65.91
臺南縣,善化鎮,溪美里,414,314016,758,608,363,1026,551.76,72.74
臺南縣,善化鎮,東關里,284,225523,794,599,356,972,774.71,97.56
臺南縣,善化鎮,南關里,363,231935,639,500,340,807,513.22,80.32
臺南縣,善化鎮,西關里,184,130728,710,538,316,855,586.01,82.48
臺南縣,善化鎮,北關里,115,71975,626,461,302,703,643.15,102.76
臺南縣,善化鎮,坐駕里,835,665589,797,622,360,1063,640.15,80.31
臺南縣,善化鎮,胡家里,299,166425,557,470,319,731,361.95,65.03
臺南縣,善化鎮,胡厝里,422,254414,603,493,320,770,433.99,71.99
臺南縣,善化鎮,什乃里,246,156008,634,509,360,819,399.47,62.99
臺南縣,善化鎮,六分里,159,99232,624,519,339,820,412.23,66.05
臺南縣,善化鎮,六德里,237,141422,597,449,301,716,668.49,112.03
臺南縣,善化鎮,東隆里,241,135907,564,471,313,727,365.76,64.86
臺南縣,善化鎮,牛庄里,396,281670,711,562,338,915,571.97,80.41
臺南縣,善化鎮,嘉南里,266,180986,680,519,329,800,709.35,104.25
臺南縣,善化鎮,嘉北里,358,236176,660,517,341,903,505.45,76.62
臺南縣,善化鎮,小新里,813,571072,702,573,360,886,511.92,72.88
臺南縣,善化鎮,光文里,1382,1080043,782,579,358,958,766.17,98.04
臺南縣,新市鄉,大洲村,137,81593,596,491,299,715,500.90,84.10
臺南縣,新市鄉,大社村,981,671416,684,596,371,893,414.85,60.61
臺南縣,新市鄉,港墘村,880,552420,628,495,332,772,496.55,79.10
臺南縣,新市鄉,新市村,776,539380,695,567,351,904,512.82,73.78
臺南縣,新市鄉,新和村,1751,1203447,687,539,355,877,616.73,89.73
臺南縣,新市鄉,社內村,525,346239,660,530,342,863,489.34,74.20
臺南縣,新市鄉,豊華村,227,133129,586,495,298,769,395.14,67.38
臺南縣,新市鄉,三舍村,303,224265,740,564,310,929,742.11,100.26
臺南縣,新市鄉,大營村,763,507576,665,523,346,856,499.94,75.15
臺南縣,新市鄉,潭頂村,418,252127,603,546,352,752,381.28,63.21
臺南縣,新市鄉,永就村,725,459028,633,515,343,805,458.46,72.41
臺南縣,安定鄉,大同村,120,72335,603,447,314,690,519.01,86.10
臺南縣,安定鄉,港尾村,352,214078,608,475,292,786,534.99,87.97
臺南縣,安定鄉,新吉村,380,207816,547,454,303,658,369.19,67.51
臺南縣,安定鄉,蘇厝村,444,267522,603,505,319,798,390.33,64.78
臺南縣,安定鄉,港口村,546,335895,615,489,309,778,510.02,82.90
臺南縣,安定鄉,蘇林村,450,285366,634,554,345,854,401.01,63.24
臺南縣,安定鄉,安定村,342,216191,632,519,319,796,476.54,75.39
臺南縣,安定鄉,保西村,169,119830,709,564,327,863,648.53,91.46
臺南縣,安定鄉,安加村,283,177994,629,510,336,790,504.90,80.28
臺南縣,安定鄉,中榮村,232,137295,592,483,317,684,548.56,92.69
臺南縣,安定鄉,港南村,507,277057,546,440,274,684,415.23,75.98
臺南縣,安定鄉,六嘉村,307,161727,527,424,300,668,369.65,70.17
臺南縣,安定鄉,海寮村,472,288081,610,482,315,733,598.38,98.04
臺南縣,安定鄉,南安村,117,71821,614,501,345,745,409.86,66.77
臺南縣,安定鄉,中沙村,170,124129,730,452,256,726,1515.09,207.50
臺南縣,安定鄉,管寮村,162,116437,719,506,338,780,813.12,113.13
臺南縣,山上鄉,新莊村,221,137590,623,498,339,772,661.87,106.31
臺南縣,山上鄉,玉？村,130,73593,566,422,306,707,461.77,81.57
臺南縣,山上鄉,山上村,237,147793,624,532,345,782,428.85,68.77
臺南縣,山上鄉,南洲村,410,265375,647,542,332,858,430.79,66.56
臺南縣,山上鄉,明和村,500,318173,636,497,313,813,493.52,77.56
臺南縣,山上鄉,豐德村,87,41956,482,408,238,628,438.33,90.89
臺南縣,山上鄉,平陽村,76,46938,618,467,295,777,520.70,84.31
臺南縣,玉井鄉,玉田村,946,644103,681,523,306,873,1154.23,169.52
臺南縣,玉井鄉,竹圍村,288,173857,604,450,282,827,502.09,83.17
臺南縣,玉井鄉,三和村,151,87808,582,476,266,772,462.35,79.51
臺南縣,玉井鄉,中正村,246,166066,675,505,318,911,551.75,81.73
臺南縣,玉井鄉,玉井村,221,155498,704,533,311,914,651.32,92.57
臺南縣,玉井鄉,沙田村,103,66180,643,502,330,855,453.54,70.59
臺南縣,玉井鄉,三埔村,78,51030,654,524,334,966,445.95,68.16
臺南縣,玉井鄉,望明村,307,170847,557,459,293,739,390.79,70.22
臺南縣,玉井鄉,層林村,96,51492,536,391,286,688,436.89,81.45
臺南縣,玉井鄉,豐里村,169,94642,560,445,286,658,498.22,88.97
臺南縣,楠西鄉,東勢村,483,291529,604,500,304,733,455.38,75.45
臺南縣,楠西鄉,楠西村,396,239028,604,432,240,755,871.85,144.44
臺南縣,楠西鄉,灣丘村,179,81891,457,392,240,584,306.82,67.07
臺南縣,楠西鄉,密枝村,109,55785,512,408,260,633,399.68,78.10
臺南縣,楠西鄉,照興村,174,94236,542,389,218,585,1110.96,205.13
臺南縣,楠西鄉,鹿田村,209,109177,522,424,275,698,359.89,68.89
臺南縣,楠西鄉,龜丹村,148,76298,516,471,247,640,381.64,74.03
臺南縣,南化鄉,中坑村,101,50845,503,424,251,695,343.10,68.15
臺南縣,南化鄉,東和村,128,72338,565,420,251,594,775.86,137.29
臺南縣,南化鄉,玉山村,167,82690,495,412,241,588,421.75,85.18
臺南縣,南化鄉,南化村,287,162556,566,475,318,692,465.76,82.23
臺南縣,南化鄉,小崙村,129,64625,501,420,277,628,357.66,71.39
臺南縣,南化鄉,北平村,111,56152,506,419,251,622,373.13,73.76
臺南縣,南化鄉,西埔村,159,87206,548,441,312,674,402.92,73.46
臺南縣,南化鄉,北寮村,216,125829,583,435,288,722,475.46,81.62
臺南縣,南化鄉,關山村,66,36894,559,414,283,757,452.52,80.95
臺南縣,左鎮鄉,中正村,196,144926,739,570,355,965,782.11,105.77
臺南縣,左鎮鄉,草山村,46,21710,472,440,234,671,312.63,66.24
臺南縣,左鎮鄉,光和村,60,39000,650,520,259,838,615.75,94.73
臺南縣,左鎮鄉,榮和村,141,75041,532,447,295,614,408.79,76.81
臺南縣,左鎮鄉,左鎮村,115,60178,523,438,277,632,388.77,74.29
臺南縣,左鎮鄉,睦光村,81,49796,615,443,316,801,478.16,77.78
臺南縣,左鎮鄉,內庄村,90,50490,561,453,307,669,414.16,73.83
臺南縣,左鎮鄉,岡林村,61,32629,535,480,285,682,342.35,64.00
臺南縣,左鎮鄉,二寮村,31,19007,613,478,288,825,485.47,79.18
臺南縣,左鎮鄉,澄山村,81,36778,454,400,260,598,270.31,59.53
臺南縣,仁德鄉,成功村,847,530600,626,522,330,803,438.91,70.06
臺南縣,仁德鄉,土庫村,626,380641,608,469,289,774,508.46,83.62
臺南縣,仁德鄉,新田村,722,480096,665,533,339,847,507.39,76.31
臺南縣,仁德鄉,仁德村,1190,834263,701,571,340,878,536.94,76.59
臺南縣,仁德鄉,仁和村,168,108991,649,560,355,795,499.50,76.99
臺南縣,仁德鄉,仁愛村,419,289884,692,558,318,904,553.59,80.02
臺南縣,仁德鄉,後壁村,1868,1227521,657,529,327,828,497.01,75.63
臺南縣,仁德鄉,太子村,1084,697052,643,495,298,780,709.14,110.28
臺南縣,仁德鄉,一甲村,579,371944,642,493,310,793,550.20,85.65
臺南縣,仁德鄉,上崙村,1099,659533,600,499,310,752,452.96,75.48
臺南縣,仁德鄉,田厝村,377,218030,578,460,297,702,468.53,81.01
臺南縣,仁德鄉,三甲村,188,124454,662,543,313,836,511.35,77.24
臺南縣,仁德鄉,保安村,641,446978,697,515,320,826,755.19,108.30
臺南縣,仁德鄉,二行村,527,352580,669,516,324,802,653.04,97.61
臺南縣,仁德鄉,大甲村,456,263138,577,480,308,728,406.88,70.51
臺南縣,仁德鄉,中洲村,333,198651,597,488,288,769,414.43,69.47
臺南縣,仁德鄉,中生村,361,244546,677,514,338,836,555.48,82.00
臺南縣,仁德鄉,仁義村,1973,1402342,711,538,330,876,687.92,96.79
臺南縣,歸仁鄉,南興村,827,543268,657,516,329,841,509.63,77.58
臺南縣,歸仁鄉,沙崙村,134,71863,536,445,275,593,450.62,84.03
臺南縣,歸仁鄉,大潭村,429,253428,591,467,274,771,480.68,81.37
臺南縣,歸仁鄉,六甲村,837,537282,642,510,324,787,505.94,78.82
臺南縣,歸仁鄉,七甲村,560,369951,661,514,321,796,580.43,87.86
臺南縣,歸仁鄉,西埔村,317,202315,638,509,316,846,501.59,78.59
臺南縣,歸仁鄉,南保村,1352,927960,686,548,336,863,562.91,82.01
臺南縣,歸仁鄉,歸仁村,563,462207,821,539,331,896,2218.66,270.25
臺南縣,歸仁鄉,後市村,942,667108,708,529,323,839,835.70,118.01
臺南縣,歸仁鄉,辜厝村,692,469615,679,537,347,827,580.29,85.51
臺南縣,歸仁鄉,許厝村,747,528163,707,557,344,840,588.98,83.30
臺南縣,歸仁鄉,看西村,380,229251,603,499,316,737,432.19,71.64
臺南縣,歸仁鄉,看東村,360,218705,608,491,315,761,495.69,81.59
臺南縣,歸仁鄉,崙頂村,500,335072,670,518,300,831,573.46,85.57
臺南縣,歸仁鄉,武東村,306,196783,643,569,354,845,399.40,62.11
臺南縣,歸仁鄉,八甲村,513,304595,594,477,300,726,494.33,83.25
臺南縣,歸仁鄉,媽廟村,453,290946,642,486,307,778,539.93,84.07
臺南縣,歸仁鄉,大廟村,593,353204,596,483,300,759,490.24,82.31
臺南縣,關廟鄉,東勢村,734,403145,549,449,303,681,376.96,68.63
臺南縣,關廟鄉,深坑村,415,217079,523,431,286,693,343.80,65.73
臺南縣,關廟鄉,埤頭村,340,195848,576,418,260,694,689.45,119.69
臺南縣,關廟鄉,田中村,155,83053,536,435,325,671,355.45,66.34
臺南縣,關廟鄉,北勢村,640,359731,562,452,293,677,445.57,79.27
臺南縣,關廟鄉,新光村,121,57695,477,394,267,616,326.79,68.53
臺南縣,關廟鄉,關廟村,543,337165,621,489,299,789,526.06,84.72
臺南縣,關廟鄉,山西村,469,293724,626,496,320,791,468.01,74.73
臺南縣,關廟鄉,香洋村,960,634009,660,490,315,768,754.55,114.25
臺南縣,關廟鄉,新埔村,185,94419,510,435,285,599,352.10,68.99
臺南縣,關廟鄉,五甲村,754,434240,576,447,284,687,653.91,113.54
臺南縣,關廟鄉,松？村,457,251694,551,453,281,691,410.86,74.60
臺南縣,關廟鄉,南花村,410,226003,551,431,278,694,421.30,76.43
臺南縣,關廟鄉,北花村,515,265729,516,417,273,644,357.05,69.20
臺南縣,關廟鄉,布袋村,278,151439,545,436,278,666,501.95,92.14
臺南縣,關廟鄉,龜洞村,181,121268,670,412,292,667,1623.02,242.25
臺南縣,關廟鄉,下湖村,82,177802,2168,398,283,650,15026.72,693.01
臺南縣,龍崎鄉,石？村,60,29668,494,417,274,627,285.85,57.81
臺南縣,龍崎鄉,中坑村,30,16734,558,507,366,667,320.44,57.45
臺南縣,龍崎鄉,大坪村,59,28875,489,398,240,572,469.49,95.93
臺南縣,龍崎鄉,崎頂村,256,148520,580,484,309,739,411.02,70.85
臺南縣,龍崎鄉,土崎村,118,61676,523,437,305,600,375.08,71.76
臺南縣,龍崎鄉,楠坑村,50,28506,570,402,274,695,486.39,85.31
臺南縣,龍崎鄉,牛埔村,51,27816,545,555,232,797,376.38,69.01
臺南縣,龍崎鄉,龍船村,90,46654,518,411,298,650,357.96,69.06
臺南縣,永康市,中華里,650,673586,1036,689,398,1218,1444.55,139.40
臺南縣,永康市,三民里,234,171395,732,486,308,741,2390.02,326.30
臺南縣,永康市,永康里,1602,1164982,727,563,342,904,645.32,88.74
臺南縣,永康市,建國里,341,218727,641,521,312,740,561.72,87.57
臺南縣,永康市,光復里,169,101463,600,489,290,780,454.94,75.78
臺南縣,永康市,成功里,403,244497,607,487,320,755,466.33,76.86
臺南縣,永康市,復華里,2705,2014109,745,585,369,931,658.36,88.42
臺南縣,永康市,中興里,686,512138,747,599,366,916,633.99,84.92
臺南縣,永康市,安康里,973,800680,823,583,372,950,1252.47,152.20
臺南縣,永康市,六合里,988,800829,811,605,356,977,847.72,104.58
臺南縣,永康市,東橋里,648,492142,759,539,327,975,701.40,92.35
臺南縣,永康市,復興里,298,181593,609,441,279,737,594.91,97.63
臺南縣,永康市,龍潭里,1779,1211405,681,551,352,884,487.46,71.59
臺南縣,永康市,復國里,566,406514,718,537,354,875,712.57,99.21
臺南縣,永康市,勝利里,1415,1036185,732,566,346,933,597.37,81.58
臺南縣,永康市,西勢里,1059,685369,647,492,303,799,613.09,94.73
臺南縣,永康市,三合里,696,454686,653,504,301,799,532.42,81.50
臺南縣,永康市,埔園里,1572,1071728,682,554,345,895,500.24,73.37
臺南縣,永康市,網寮里,1135,771457,680,540,350,850,665.05,97.85
臺南縣,永康市,王行里,489,323560,662,493,291,749,1012.36,153.00
臺南縣,永康市,大灣里,692,455871,659,506,314,798,544.14,82.60
臺南縣,永康市,東灣里,738,498299,675,498,297,812,612.14,90.66
臺南縣,永康市,西灣里,1364,1021653,749,570,339,948,638.26,85.21
臺南縣,永康市,南灣里,914,580464,635,504,314,784,545.13,85.84
臺南縣,永康市,北灣里,1394,935448,671,528,323,820,568.49,84.72
臺南縣,永康市,新樹里,293,186347,636,484,305,777,550.79,86.60
臺南縣,永康市,？行里,1963,1390711,708,550,339,857,657.66,92.83
臺南縣,永康市,蔦松里,416,274343,659,524,344,779,580.43,88.01
臺南縣,永康市,烏竹里,422,297468,705,573,360,912,535.76,76.00
臺南縣,永康市,神洲里,343,205057,598,519,309,745,426.46,71.34
臺南縣,永康市,大橋里,1227,1338897,1091,675,369,1141,4693.38,430.11
臺南縣,永康市,五王里,1012,711750,703,529,324,855,640.25,91.03
臺南縣,永康市,崑山里,1400,968176,692,516,319,853,633.88,91.66
臺南縣,永康市,？洲里,1337,968421,724,568,328,907,662.86,91.51
臺南縣,永康市,甲頂里,532,380889,716,506,299,864,799.97,111.73
臺南縣,永康市,正強里,1676,1260470,752,582,357,969,919.78,122.30
臺南縣,永康市,二王里,1538,1213391,789,630,406,1000,624.71,79.18
臺南縣,永康市,西橋里,643,525469,817,608,351,1061,830.20,101.59
臺南縣,永康市,尚頂里,1096,886035,808,584,358,969,786.15,97.24
高雄縣,鳳山市,中崙里,551,421929,766,651,419,967,519.34,67.82
高雄縣,鳳山市,中正里,455,320728,705,547,379,915,514.69,73.02
高雄縣,鳳山市,三民里,300,286135,954,632,372,1102,2061.58,216.15
高雄縣,鳳山市,光明里,429,407071,949,603,323,1047,1432.30,150.95
高雄縣,鳳山市,東門里,985,667883,678,544,333,880,521.94,76.98
高雄縣,鳳山市,和德里,408,305268,748,582,337,1015,555.44,74.24
高雄縣,鳳山市,正義里,1686,1140604,677,541,351,850,507.63,75.04
高雄縣,鳳山市,成功里,214,185527,867,562,310,1046,972.36,112.16
高雄縣,鳳山市,新富里,926,644630,696,544,342,861,699.79,100.52
高雄縣,鳳山市,忠誠里,741,497923,672,558,320,892,501.03,74.56
高雄縣,鳳山市,中和里,942,799283,848,673,386,1108,670.33,79.00
高雄縣,鳳山市,福興里,1478,985808,667,537,344,855,490.39,73.52
高雄縣,鳳山市,中榮里,891,548706,616,509,321,808,437.55,71.05
高雄縣,鳳山市,忠孝里,1529,1203669,787,604,375,1021,623.44,79.20
高雄縣,鳳山市,中民里,749,447741,598,498,313,781,403.90,67.57
高雄縣,鳳山市,南興里,315,271383,862,579,348,1025,1078.77,125.22
高雄縣,鳳山市,國光里,1047,719250,687,545,326,950,493.61,71.85
高雄縣,鳳山市,新興里,354,290087,819,605,365,961,812.89,99.20
高雄縣,鳳山市,協和里,1118,1093100,978,781,397,1417,797.20,81.54
高雄縣,鳳山市,文山里,1468,1155653,787,608,370,994,682.31,86.67
高雄縣,鳳山市,大德里,1005,648603,645,516,328,820,456.82,70.78
高雄縣,鳳山市,五福里,855,627093,733,597,351,974,600.32,81.85
高雄縣,鳳山市,興中里,180,125676,698,571,339,868,510.30,73.09
高雄縣,鳳山市,文華里,1200,971746,810,636,372,1019,702.93,86.80
高雄縣,鳳山市,北門里,923,616663,668,525,326,855,560.45,83.89
高雄縣,鳳山市,新樂里,949,750473,791,641,375,1085,597.09,75.50
高雄縣,鳳山市,海光里,925,668509,723,577,360,928,655.37,90.68
高雄縣,鳳山市,福祥里,696,546579,785,535,310,872,1969.97,250.85
高雄縣,鳳山市,鎮北里,1178,842778,715,562,341,923,611.43,85.46
高雄縣,鳳山市,瑞竹里,1391,1018058,732,583,345,953,591.24,80.78
高雄縣,鳳山市,鎮東里,518,380290,734,587,353,939,608.77,82.92
高雄縣,鳳山市,興仁里,1025,834909,815,635,371,1019,735.56,90.30
高雄縣,鳳山市,瑞興里,1150,924495,804,643,390,1012,747.74,93.01
高雄縣,鳳山市,文衡里,604,514312,852,674,392,1146,649.78,76.31
高雄縣,鳳山市,文德里,1841,1795291,975,739,445,1212,1004.16,102.97
高雄縣,鳳山市,國泰里,1161,882502,760,599,366,1031,677.62,89.15
高雄縣,鳳山市,忠義里,1275,1128363,885,684,411,1175,732.11,82.73
高雄縣,鳳山市,國隆里,701,489414,698,534,329,903,562.84,80.62
高雄縣,鳳山市,二甲里,844,579050,686,569,339,913,489.55,71.36
高雄縣,鳳山市,和興里,1138,992859,872,686,405,1145,738.34,84.63
高雄縣,鳳山市,南成里,1093,730619,668,542,339,888,503.80,75.37
高雄縣,鳳山市,鎮南里,1209,836238,692,565,335,895,549.49,79.44
高雄縣,鳳山市,南和里,683,469777,688,543,331,865,621.50,90.36
高雄縣,鳳山市,海風里,470,303853,646,521,334,802,529.23,81.86
高雄縣,鳳山市,鎮西里,1369,1131360,826,639,361,1104,702.68,85.03
高雄縣,鳳山市,鳳崗里,403,358359,889,704,382,1139,816.37,91.81
高雄縣,鳳山市,曹公里,665,588918,886,664,378,1125,741.81,83.76
高雄縣,鳳山市,縣衙里,254,221656,873,681,350,1089,922.30,105.69
高雄縣,鳳山市,文英里,851,672023,790,619,366,1028,691.99,87.63
高雄縣,鳳山市,誠正里,237,205469,867,696,408,1132,679.68,78.40
高雄縣,鳳山市,誠義里,120,89382,745,611,378,902,594.65,79.84
高雄縣,鳳山市,縣口里,167,155550,931,618,368,1094,1213.24,130.26
高雄縣,鳳山市,美齡里,150,107783,719,534,352,923,590.10,82.12
高雄縣,鳳山市,埤頂里,1256,907405,722,555,338,906,1096.17,151.73
高雄縣,鳳山市,過埤里,751,550630,733,602,354,939,549.60,74.96
高雄縣,鳳山市,生明里,376,276048,734,578,375,957,550.70,75.01
高雄縣,鳳山市,誠德里,537,371828,692,539,342,882,567.72,81.99
高雄縣,鳳山市,老爺里,1692,1097036,648,535,330,846,447.35,69.00
高雄縣,鳳山市,富甲里,654,402593,616,520,308,769,427.67,69.47
高雄縣,鳳山市,一甲里,1043,707407,678,551,332,919,502.93,74.15
高雄縣,鳳山市,武漢里,1198,984106,821,646,374,1073,690.05,84.00
高雄縣,鳳山市,新甲里,810,574266,709,590,363,940,510.19,71.96
高雄縣,鳳山市,福誠里,883,624026,707,554,341,925,536.61,75.93
高雄縣,鳳山市,新強里,1076,832042,773,606,351,989,657.90,85.08
高雄縣,鳳山市,天興里,1001,698644,698,550,342,903,638.87,91.54
高雄縣,鳳山市,鳳東里,1126,766597,681,553,361,873,473.65,69.57
高雄縣,鳳山市,武松里,630,454050,721,560,358,918,571.82,79.34
高雄縣,鳳山市,文福里,1640,1381121,842,679,379,1115,685.53,81.40
高雄縣,鳳山市,誠信里,500,360786,722,628,371,902,502.15,69.59
高雄縣,鳳山市,誠智里,585,413317,707,551,343,918,588.15,83.25
高雄縣,鳳山市,國富里,599,527250,880,770,401,1210,638.88,72.58
高雄縣,鳳山市,武慶里,569,432769,761,594,361,977,597.43,78.55
高雄縣,鳳山市,海洋里,846,744058,880,684,401,1153,784.91,89.24
高雄縣,鳳山市,新武里,525,354586,675,519,314,874,524.75,77.69
高雄縣,鳳山市,新泰里,775,638393,824,676,411,1084,583.76,70.87
高雄縣,鳳山市,龍成里,696,452607,650,560,325,856,463.54,71.28
高雄縣,鳳山市,富榮里,594,454273,765,595,368,940,723.70,94.63
高雄縣,鳳山市,善美里,1296,957984,739,583,366,975,554.63,75.03
高雄縣,鳥松鄉,大竹村,177,118155,668,522,326,834,657.42,98.48
高雄縣,鳥松鄉,大華村,2500,3217903,1287,802,415,1511,2340.96,181.87
高雄縣,鳥松鄉,？埔村,729,524871,720,545,326,959,624.90,86.79
高雄縣,鳥松鄉,鳥松村,2366,2769762,1171,713,408,1366,1882.78,160.83
高雄縣,鳥松鄉,夢裡村,863,872045,1010,664,380,1277,1223.86,121.12
高雄縣,鳥松鄉,仁美村,1408,908873,646,495,303,798,667.26,103.37
高雄縣,鳥松鄉,華美村,814,532469,654,536,320,824,500.13,76.46
高雄縣,仁武鄉,中華村,309,168083,544,480,303,720,345.05,63.43
高雄縣,仁武鄉,烏林村,655,395349,604,484,299,742,518.95,85.98
高雄縣,仁武鄉,八卦村,1430,977398,683,560,363,855,509.63,74.56
高雄縣,仁武鄉,仁和村,544,478083,879,713,397,1176,730.40,83.11
高雄縣,仁武鄉,後安村,613,378155,617,512,309,783,496.56,80.49
高雄縣,仁武鄉,仁武村,1239,856265,691,547,343,909,513.00,74.23
高雄縣,仁武鄉,文武村,1333,897818,674,560,342,864,513.65,76.26
高雄縣,仁武鄉,竹後村,676,408575,604,486,301,765,572.17,94.67
高雄縣,仁武鄉,大灣村,469,363365,775,565,327,988,718.12,92.69
高雄縣,仁武鄉,灣內村,725,529389,730,542,326,903,671.66,91.98
高雄縣,仁武鄉,考潭村,633,449737,710,529,323,914,625.55,88.05
高雄縣,仁武鄉,仁福村,95,50793,535,405,224,689,462.77,86.55
高雄縣,仁武鄉,高楠村,488,278100,570,462,314,705,416.50,73.09
高雄縣,仁武鄉,五和村,536,325619,607,493,314,769,433.40,71.34
高雄縣,仁武鄉,赤山村,505,372908,738,594,364,968,576.09,78.01
高雄縣,仁武鄉,仁慈村,414,370700,895,682,392,1168,807.93,90.23
高雄縣,大社鄉,觀音村,1340,952949,711,548,345,933,557.69,78.42
高雄縣,大社鄉,大社村,1201,844685,703,559,330,907,577.25,82.08
高雄縣,大社鄉,神農村,1015,744396,733,580,354,919,611.50,83.38
高雄縣,大社鄉,保安村,747,552711,740,566,349,908,684.69,92.54
高雄縣,大社鄉,嘉誠村,173,110006,636,437,268,786,596.22,93.76
高雄縣,大社鄉,保社村,600,407661,679,576,348,862,519.73,76.49
高雄縣,大社鄉,翠屏村,410,271137,661,547,341,859,507.16,76.69
高雄縣,大社鄉,三奶村,711,448705,631,512,310,852,452.67,71.73
高雄縣,大社鄉,中里村,726,465685,641,510,333,828,501.41,78.17
高雄縣,大樹鄉,大坑村,291,167424,575,467,296,749,436.58,75.88
高雄縣,大樹鄉,三和村,155,83483,539,438,308,695,381.30,70.79
高雄縣,大樹鄉,大樹村,500,279562,559,469,302,707,388.53,69.49
高雄縣,大樹鄉,九曲村,1045,653369,625,531,330,806,435.71,69.69
高雄縣,大樹鄉,久堂村,1027,698203,680,579,363,852,480.67,70.70
高雄縣,大樹鄉,水安村,583,372512,639,508,330,812,488.26,76.42
高雄縣,大樹鄉,水寮村,575,391045,680,567,362,873,480.49,70.65
高雄縣,大樹鄉,井？村,336,214036,637,481,333,868,450.85,70.78
高雄縣,大樹鄉,小坪村,307,208760,680,589,351,907,435.00,63.97
高雄縣,大樹鄉,龍目村,348,211171,607,487,331,803,417.63,68.82
高雄縣,大樹鄉,竹寮村,540,379837,703,567,326,885,609.09,86.59
高雄縣,大樹鄉,檨？村,697,452881,650,536,329,844,552.64,85.05
高雄縣,大樹鄉,興山村,192,92917,484,427,269,624,305.92,63.21
高雄縣,大樹鄉,和山村,167,113959,682,463,300,737,1365.04,200.04
高雄縣,大樹鄉,姑山村,247,158766,643,558,359,848,457.95,71.25
高雄縣,大樹鄉,溪埔村,349,212973,610,508,347,732,422.31,69.20
高雄縣,大樹鄉,興田村,429,225609,526,420,246,657,497.84,94.66
高雄縣,大樹鄉,統嶺村,146,90607,621,480,345,758,467.95,75.40
高雄縣,大寮鄉,義仁村,413,253498,614,526,322,787,394.95,64.34
高雄縣,大寮鄉,光武村,307,190131,619,496,335,828,432.72,69.87
高雄縣,大寮鄉,復興村,533,302738,568,472,304,725,395.12,69.56
高雄縣,大寮鄉,中興村,1397,955073,684,576,369,856,532.60,77.90
高雄縣,大寮鄉,山頂村,1478,1049151,710,574,367,918,517.57,72.91
高雄縣,大寮鄉,後庄村,1253,839403,670,537,356,849,547.36,81.71
高雄縣,大寮鄉,大寮村,1357,838300,618,504,327,769,473.15,76.59
高雄縣,大寮鄉,義和村,553,352884,638,527,305,852,460.98,72.24
高雄縣,大寮鄉,忠義村,382,225412,590,495,300,802,412.48,69.90
高雄縣,大寮鄉,中庄村,2140,1418525,663,553,335,838,513.82,77.52
高雄縣,大寮鄉,新厝村,314,194366,619,473,305,782,533.08,86.12
高雄縣,大寮鄉,永芳村,1529,1054741,690,566,341,883,528.00,76.54
高雄縣,大寮鄉,會結村,249,160047,643,526,365,775,454.37,70.69
高雄縣,大寮鄉,潮寮村,545,336173,617,526,313,808,411.07,66.64
高雄縣,大寮鄉,拷潭村,334,201044,602,500,276,799,410.20,68.15
高雄縣,大寮鄉,三隆村,947,611529,646,538,333,850,436.18,67.55
高雄縣,大寮鄉,昭明村,732,480437,656,554,344,869,446.43,68.02
高雄縣,大寮鄉,內坑村,880,570557,648,550,361,834,447.06,68.95
高雄縣,大寮鄉,上寮村,491,312809,637,559,330,866,396.76,62.28
高雄縣,大寮鄉,會社村,1116,764680,685,556,331,895,548.45,80.04
高雄縣,大寮鄉,翁園村,653,416450,638,533,341,839,416.61,65.32
高雄縣,大寮鄉,琉球村,711,473589,666,533,340,867,485.84,72.94
高雄縣,大寮鄉,江山村,402,271996,677,543,331,917,482.19,71.27
高雄縣,大寮鄉,溪寮村,320,208131,650,501,305,819,677.21,104.12
高雄縣,大寮鄉,前庄村,550,419033,762,627,375,1002,570.92,74.94
高雄縣,大寮鄉,過溪村,443,262740,593,485,297,761,433.29,73.06
高雄縣,林園鄉,東林村,667,462393,693,565,345,938,533.77,77.00
高雄縣,林園鄉,五福村,419,237179,566,492,308,743,380.21,67.17
高雄縣,林園鄉,仁愛村,717,551458,769,616,374,994,589.08,76.59
高雄縣,林園鄉,溪州村,843,550372,653,544,325,855,473.29,72.49
高雄縣,林園鄉,林園村,873,654077,749,593,350,962,800.85,106.89
高雄縣,林園鄉,潭頭村,548,360829,658,532,338,857,463.42,70.38
高雄縣,林園鄉,中厝村,599,361206,603,497,323,772,410.63,68.10
高雄縣,林園鄉,林內村,338,195268,578,456,297,758,445.58,77.13
高雄縣,林園鄉,王公村,911,700146,769,666,389,1019,537.45,69.93
高雄縣,林園鄉,林家村,293,179465,613,534,345,785,386.89,63.16
高雄縣,林園鄉,龔厝村,499,341538,684,573,337,932,458.30,66.96
高雄縣,林園鄉,中門村,549,342663,624,474,305,795,585.02,93.73
高雄縣,林園鄉,頂厝村,952,653141,686,581,365,911,470.94,68.64
高雄縣,林園鄉,港嘴村,309,187206,606,517,314,828,383.52,63.30
高雄縣,林園鄉,西溪村,664,401587,605,526,345,782,385.79,63.79
高雄縣,林園鄉,中芸村,381,221969,583,498,304,799,354.14,60.79
高雄縣,林園鄉,鳳芸村,429,263505,614,529,323,805,400.09,65.14
高雄縣,林園鄉,東汕村,216,108708,503,456,287,647,312.59,62.11
高雄縣,林園鄉,西汕村,156,87383,560,462,319,696,385.36,68.80
高雄縣,林園鄉,北汕村,316,171427,542,438,297,697,365.66,67.40
高雄縣,林園鄉,港埔村,449,277519,618,515,318,807,424.23,68.64
高雄縣,林園鄉,文賢村,499,346987,695,605,382,892,446.70,64.24
高雄縣,林園鄉,廣應村,719,504788,702,577,345,976,489.68,69.75
高雄縣,林園鄉,中汕村,450,240644,535,453,283,697,363.47,67.97
高雄縣,岡山鎮,仁愛里,314,233751,744,634,377,938,541.13,72.69
高雄縣,岡山鎮,和平里,211,153012,725,598,362,940,513.87,70.86
高雄縣,岡山鎮,石潭里,304,182837,601,500,295,754,438.48,72.91
高雄縣,岡山鎮,福興里,272,154791,569,468,319,709,374.84,65.87
高雄縣,岡山鎮,嘉興里,1013,635587,627,528,321,799,454.70,72.47
高雄縣,岡山鎮,四維里,231,153050,663,538,344,774,528.62,79.79
高雄縣,岡山鎮,忠孝里,159,155668,979,739,401,1220,815.42,83.29
高雄縣,岡山鎮,復興里,89,58337,655,478,347,804,635.14,96.90
高雄縣,岡山鎮,信義里,596,435130,730,591,371,890,560.71,76.80
高雄縣,岡山鎮,協和里,912,641074,703,556,354,893,544.11,77.41
高雄縣,岡山鎮,平安里,392,290575,741,548,331,895,707.29,95.42
高雄縣,岡山鎮,仁壽里,1024,805957,787,591,348,962,710.33,90.25
高雄縣,岡山鎮,前？里,717,471883,658,510,351,800,560.62,85.18
高雄縣,岡山鎮,潭底里,246,130616,531,424,298,654,372.50,70.16
高雄縣,岡山鎮,竹圍里,1402,1043955,745,594,361,939,633.67,85.10
高雄縣,岡山鎮,劉厝里,347,249882,720,562,357,974,531.64,73.83
高雄縣,岡山鎮,三和里,173,108228,626,497,313,818,506.18,80.91
高雄縣,岡山鎮,大莊里,222,115292,519,428,305,650,351.12,67.61
高雄縣,岡山鎮,岡山里,1167,964200,826,580,341,979,1096.96,132.77
高雄縣,岡山鎮,維仁里,365,244577,670,532,335,799,551.94,82.37
高雄縣,岡山鎮,壽天里,987,838221,849,617,363,1085,813.59,95.80
高雄縣,岡山鎮,後紅里,953,702307,737,625,373,962,538.42,73.06
高雄縣,岡山鎮,程香里,896,664381,741,597,348,945,587.91,79.29
高雄縣,岡山鎮,華崗里,390,235666,604,485,310,769,441.69,73.09
高雄縣,岡山鎮,後協里,1399,994490,711,563,333,914,557.26,78.39
高雄縣,岡山鎮,灣裡里,387,273495,707,585,352,883,563.07,79.68
高雄縣,岡山鎮,白米里,263,185046,704,568,376,905,487.12,69.23
高雄縣,岡山鎮,大遼里,328,204499,623,503,302,795,447.68,71.80
高雄縣,岡山鎮,台上里,1076,704176,654,516,331,832,512.73,78.35
高雄縣,岡山鎮,嘉？里,512,322127,629,523,338,798,502.73,79.91
高雄縣,岡山鎮,本洲里,418,243538,583,476,322,720,438.29,75.23
高雄縣,岡山鎮,協榮里,554,409494,739,615,362,949,553.97,74.95
高雄縣,岡山鎮,碧紅里,960,697668,727,561,339,950,606.06,83.39
高雄縣,岡山鎮,為隨里,170,97831,575,509,312,696,359.07,62.40
高雄縣,岡山鎮,壽？里,555,427877,771,573,358,988,633.62,82.19
高雄縣,茄萣鄉,萬福村,195,91712,470,367,236,580,387.93,82.48
高雄縣,茄萣鄉,福德村,230,118846,517,424,267,618,413.27,79.98
高雄縣,茄萣鄉,白雲村,311,159198,512,408,283,617,375.65,73.38
高雄縣,茄萣鄉,嘉樂村,383,206612,539,428,285,667,393.30,72.91
高雄縣,茄萣鄉,嘉定村,296,152164,514,423,282,637,359.31,69.90
高雄縣,茄萣鄉,嘉安村,276,152461,552,417,291,653,486.72,88.11
高雄縣,茄萣鄉,保定村,614,327246,533,430,269,669,410.37,77.00
高雄縣,茄萣鄉,嘉福村,193,92306,478,387,271,570,380.83,79.63
高雄縣,茄萣鄉,和協村,251,119077,474,398,276,572,291.41,61.43
高雄縣,茄萣鄉,吉定村,236,124909,529,416,276,630,478.91,90.48
高雄縣,茄萣鄉,光定村,198,114116,576,450,285,660,491.15,85.22
高雄縣,茄萣鄉,嘉賜村,603,323391,536,437,279,669,420.75,78.45
高雄縣,茄萣鄉,崎漏村,747,404446,541,436,278,664,415.64,76.77
高雄縣,茄萣鄉,大定村,259,125769,486,398,256,605,351.54,72.39
高雄縣,茄萣鄉,嘉泰村,228,125701,551,433,294,644,450.11,81.64
高雄縣,永安鄉,永安村,409,265380,649,509,310,847,581.62,89.64
高雄縣,永安鄉,新港村,501,276110,551,456,277,725,380.21,68.99
高雄縣,永安鄉,永華村,488,304670,624,503,294,825,490.04,78.49
高雄縣,永安鄉,鹽田村,100,61759,618,477,258,779,499.18,80.83
高雄縣,永安鄉,保寧村,591,365845,619,521,340,774,425.65,68.76
高雄縣,永安鄉,維新村,777,464698,598,471,303,742,463.21,77.45
高雄縣,橋頭鄉,東林村,691,472448,684,543,346,900,488.12,71.39
高雄縣,橋頭鄉,西林村,450,326117,725,586,355,949,549.25,75.79
高雄縣,橋頭鄉,新莊村,387,262220,678,528,322,870,553.70,81.72
高雄縣,橋頭鄉,橋頭村,555,445742,803,591,364,1014,731.83,91.12
高雄縣,橋頭鄉,甲南村,643,432305,672,521,344,866,504.87,75.09
高雄縣,橋頭鄉,橋南村,278,232837,838,611,359,1119,727.55,86.87
高雄縣,橋頭鄉,興糖村,91,58089,638,531,342,861,447.42,70.09
高雄縣,橋頭鄉,仕豐村,654,481336,736,560,338,984,596.26,81.01
高雄縣,橋頭鄉,仕隆村,717,547564,764,559,347,997,637.26,83.45
高雄縣,橋頭鄉,甲北村,594,374695,631,501,297,810,586.06,92.91
高雄縣,橋頭鄉,頂鹽村,316,227804,721,579,343,920,593.12,82.27
高雄縣,橋頭鄉,中崎村,192,131978,687,541,360,826,518.68,75.46
高雄縣,橋頭鄉,筆秀村,427,288403,675,522,315,875,620.86,91.92
高雄縣,橋頭鄉,白樹村,709,522841,737,600,362,952,533.13,72.29
高雄縣,橋頭鄉,德松村,334,238402,714,555,339,935,543.46,76.14
高雄縣,橋頭鄉,芋寮村,556,376486,677,549,353,868,471.36,69.61
高雄縣,橋頭鄉,仕和村,1048,771219,736,566,351,948,980.39,133.22
高雄縣,梓官鄉,中崙村,321,193299,602,499,320,801,403.56,67.02
高雄縣,梓官鄉,同安村,253,151978,601,441,300,765,500.85,83.38
高雄縣,梓官鄉,茄苳村,593,307151,518,417,265,635,382.80,73.90
高雄縣,梓官鄉,梓義村,546,346884,635,496,322,821,506.23,79.68
高雄縣,梓官鄉,禮蚵村,622,319822,514,415,258,639,457.13,88.90
高雄縣,梓官鄉,大舍村,957,539954,564,453,294,742,396.41,70.26
高雄縣,梓官鄉,梓信村,555,388459,700,538,319,867,708.88,101.28
高雄縣,梓官鄉,智蚵村,566,316955,560,454,284,694,573.90,102.48
高雄縣,梓官鄉,赤崁村,462,228233,494,421,281,599,322.40,65.26
高雄縣,梓官鄉,信蚵村,359,196858,548,416,268,668,595.02,108.51
高雄縣,梓官鄉,梓平村,296,196087,662,562,335,868,470.96,71.09
高雄縣,梓官鄉,赤東村,590,318250,539,449,289,705,358.44,66.45
高雄縣,梓官鄉,赤西村,171,86609,506,394,244,669,369.46,72.95
高雄縣,梓官鄉,梓和村,656,406685,620,482,311,762,540.76,87.23
高雄縣,梓官鄉,典寶村,741,473896,640,490,297,773,592.07,92.58
高雄縣,梓官鄉,茄典村,13,8314,640,432,282,635,558.21,87.28
高雄縣,田寮鄉,大同村,94,45334,482,456,298,621,284.52,59.00
高雄縣,田寮鄉,古亭村,128,64082,501,392,263,633,371.12,74.13
高雄縣,田寮鄉,鹿埔村,57,31554,554,430,280,663,448.03,80.93
高雄縣,田寮鄉,新興村,357,212436,595,495,343,732,401.37,67.45
高雄縣,田寮鄉,三和村,79,38852,492,429,249,579,345.31,70.21
高雄縣,田寮鄉,田寮村,108,60684,562,494,290,702,383.43,68.24
高雄縣,田寮鄉,七星村,237,145845,615,486,307,789,427.99,69.55
高雄縣,田寮鄉,南安村,298,146445,491,435,291,629,301.88,61.43
高雄縣,田寮鄉,西德村,179,84048,470,378,223,553,437.81,93.24
高雄縣,田寮鄉,崇德村,189,96348,510,426,282,608,389.08,76.32
高雄縣,阿蓮鄉,港後村,445,274495,617,464,287,717,665.86,107.95
高雄縣,阿蓮鄉,阿蓮村,1114,699973,628,486,295,752,650.65,103.55
高雄縣,阿蓮鄉,崗山村,168,92731,552,486,306,713,349.79,63.37
高雄縣,阿蓮鄉,復安村,453,258618,571,461,283,702,514.02,90.04
高雄縣,阿蓮鄉,清蓮村,672,420857,626,462,305,763,555.92,88.77
高雄縣,阿蓮鄉,石安村,301,169072,562,434,275,684,529.02,94.18
高雄縣,阿蓮鄉,？山村,261,131945,506,436,266,695,345.45,68.33
高雄縣,阿蓮鄉,青旗村,343,191694,559,450,288,667,472.49,84.54
高雄縣,阿蓮鄉,和蓮村,460,278395,605,479,305,786,438.43,72.44
高雄縣,阿蓮鄉,玉庫村,254,145925,575,486,317,709,426.60,74.25
高雄縣,阿蓮鄉,中路村,473,274563,580,492,300,756,400.87,69.06
高雄縣,阿蓮鄉,南蓮村,716,430484,601,481,306,735,494.94,82.32
高雄縣,路竹鄉,頂寮村,269,150686,560,468,316,691,437.09,78.03
高雄縣,路竹鄉,社南村,1157,770608,666,528,340,831,532.68,79.98
高雄縣,路竹鄉,下坑村,663,379032,572,446,281,686,559.58,97.88
高雄縣,路竹鄉,甲南村,853,527947,619,503,314,783,515.65,83.31
高雄縣,路竹鄉,甲北村,584,363391,622,510,324,796,448.19,72.03
高雄縣,路竹鄉,竹東村,953,678720,712,533,324,870,723.66,101.61
高雄縣,路竹鄉,竹西村,630,397542,631,493,311,821,522.23,82.76
高雄縣,路竹鄉,竹滬村,653,431294,660,497,307,779,1181.05,178.82
高雄縣,路竹鄉,竹園村,470,247721,527,423,256,670,424.34,80.51
高雄縣,路竹鄉,文南村,672,457976,682,550,329,875,539.79,79.21
高雄縣,路竹鄉,文北村,803,506853,631,506,306,798,545.65,86.45
高雄縣,路竹鄉,鴨寮村,477,329443,691,552,329,875,553.26,80.11
高雄縣,路竹鄉,社東村,456,270873,594,514,326,772,394.64,66.44
高雄縣,路竹鄉,社西村,667,414801,622,484,317,767,497.57,80.01
高雄縣,路竹鄉,社中村,260,162734,626,519,348,780,440.65,70.40
高雄縣,路竹鄉,北嶺村,342,198586,581,497,326,773,363.57,62.61
高雄縣,路竹鄉,三爺村,261,189097,725,463,301,713,1050.02,144.93
高雄縣,路竹鄉,後鄉村,289,181460,628,484,323,783,496.68,79.10
高雄縣,路竹鄉,新達村,301,170658,567,445,288,679,477.29,84.18
高雄縣,路竹鄉,竹南村,884,738187,835,557,338,942,1243.41,148.90
高雄縣,燕巢鄉,橫山村,411,245228,597,483,300,718,539.82,90.47
高雄縣,燕巢鄉,尖山村,216,138968,643,522,315,778,583.19,90.65
高雄縣,燕巢鄉,東燕村,541,314471,581,459,296,707,436.05,75.02
高雄縣,燕巢鄉,西燕村,743,476213,641,524,339,811,518.81,80.95
高雄縣,燕巢鄉,南燕村,699,434695,622,506,320,779,516.59,83.07
高雄縣,燕巢鄉,金山村,79,38809,491,399,257,574,481.16,97.95
高雄縣,燕巢鄉,鳳雄村,580,376417,649,491,318,825,491.08,75.67
高雄縣,燕巢鄉,深水村,540,286726,531,410,258,657,461.01,86.82
高雄縣,燕巢鄉,角宿村,500,324125,648,514,310,803,590.10,91.03
高雄縣,燕巢鄉,瓊林村,503,296037,589,467,312,748,484.58,82.34
高雄縣,燕巢鄉,安招村,774,463976,599,478,290,762,491.23,81.95
高雄縣,彌陀鄉,南寮村,468,252744,540,429,284,648,447.67,82.89
高雄縣,彌陀鄉,海尾村,170,87904,517,420,291,629,386.54,74.75
高雄縣,彌陀鄉,過港村,234,130328,557,450,299,711,416.87,74.85
高雄縣,彌陀鄉,光和村,251,125914,502,422,292,595,329.39,65.66
高雄縣,彌陀鄉,彌陀村,433,265274,613,510,316,749,559.42,91.31
高雄縣,彌陀鄉,彌仁村,134,82476,615,542,309,819,423.65,68.83
高雄縣,彌陀鄉,彌壽村,182,110565,608,518,315,779,422.63,69.57
高雄縣,彌陀鄉,舊港村,345,180198,522,423,291,675,361.21,69.16
高雄縣,彌陀鄉,漯底村,242,137853,570,479,277,735,406.09,71.29
高雄縣,彌陀鄉,鹽埕村,441,248909,564,474,293,707,396.49,70.25
高雄縣,彌陀鄉,文安村,480,242623,505,432,282,653,321.61,63.63
高雄縣,彌陀鄉,彌靖村,495,295983,598,445,282,724,670.07,112.06
高雄縣,湖內鄉,大湖村,888,560098,631,499,312,793,609.84,96.69
高雄縣,湖內鄉,公？村,497,349206,703,507,325,805,1558.60,221.82
高雄縣,湖內鄉,田尾村,376,230776,614,477,305,731,571.12,93.05
高雄縣,湖內鄉,海埔村,406,213750,526,424,256,631,422.02,80.16
高雄縣,湖內鄉,忠興村,153,76881,502,400,253,622,382.80,76.18
高雄縣,湖內鄉,文賢村,319,189061,593,458,289,723,477.41,80.55
高雄縣,湖內鄉,湖內村,1316,793266,603,503,322,766,437.63,72.60
高雄縣,湖內鄉,逸賢村,215,117858,548,425,287,645,493.72,90.07
高雄縣,湖內鄉,中賢村,530,294110,555,445,292,672,420.63,75.80
高雄縣,湖內鄉,太爺村,251,154760,617,485,281,753,529.85,85.93
高雄縣,湖內鄉,葉厝村,481,281966,586,502,317,731,437.69,74.67
高雄縣,湖內鄉,劉家村,239,110077,461,398,275,556,348.48,75.66
高雄縣,湖內鄉,海山村,301,173454,576,457,287,705,522.52,90.67
高雄縣,旗山鎮,中正里,238,130709,549,425,300,716,394.19,71.78
高雄縣,旗山鎮,東昌里,130,83643,643,540,327,859,420.38,65.34
高雄縣,旗山鎮,和平里,120,81519,679,582,323,876,458.11,67.44
高雄縣,旗山鎮,新光里,148,100533,679,589,320,867,479.13,70.54
高雄縣,旗山鎮,永和里,641,433004,676,513,304,885,595.67,88.18
高雄縣,旗山鎮,廣福里,122,78657,645,565,312,854,421.24,65.34
高雄縣,旗山鎮,大德里,611,448627,734,577,311,937,610.12,83.09
高雄縣,旗山鎮,大林里,240,130043,542,437,292,686,402.80,74.34
高雄縣,旗山鎮,大山里,272,164751,606,520,311,787,415.62,68.62
高雄縣,旗山鎮,中洲里,130,89182,686,515,327,778,709.36,103.40
高雄縣,旗山鎮,太平里,496,366512,739,553,330,931,828.98,112.19
高雄縣,旗山鎮,新山里,221,144376,653,499,281,803,635.93,97.34
高雄縣,旗山鎮,東平里,385,279025,725,585,345,924,580.66,80.12
高雄縣,旗山鎮,中寮里,19,11456,603,588,318,765,299.96,49.75
高雄縣,旗山鎮,三協里,358,217311,607,492,314,801,431.74,71.12
高雄縣,旗山鎮,圓富里,309,173691,562,446,276,734,453.52,80.68
高雄縣,旗山鎮,瑞吉里,411,271863,661,518,332,830,537.16,81.21
高雄縣,旗山鎮,竹峰里,105,76890,732,589,359,977,554.20,75.68
高雄縣,旗山鎮,鼓山里,184,135528,737,532,270,986,666.58,90.50
高雄縣,旗山鎮,湄洲里,199,124004,623,514,317,849,431.94,69.32
高雄縣,旗山鎮,糖廠里,106,77989,736,707,347,1001,517.67,70.36
高雄縣,旗山鎮,上洲里,186,123411,663,590,394,874,397.07,59.85
高雄縣,旗山鎮,鯤洲里,161,94974,590,472,308,754,431.54,73.15
高雄縣,旗山鎮,南洲里,310,199037,642,534,360,765,503.14,78.36
高雄縣,旗山鎮,南勝里,414,256464,619,509,327,788,461.06,74.43
高雄縣,六龜鄉,新寮村,94,61719,657,439,298,732,848.23,129.19
高雄縣,六龜鄉,中興村,197,105245,534,459,288,739,359.56,67.30
高雄縣,六龜鄉,新興村,84,46999,560,445,255,731,440.11,78.66
高雄縣,六龜鄉,文武村,230,124386,541,445,252,693,426.81,78.92
高雄縣,六龜鄉,六龜村,170,86669,510,411,259,660,378.18,74.18
高雄縣,六龜鄉,義寶村,239,138419,579,478,307,724,431.15,74.44
高雄縣,六龜鄉,興龍村,115,52016,452,364,199,562,399.48,88.32
高雄縣,六龜鄉,新發村,161,83238,517,400,250,587,528.88,102.30
高雄縣,六龜鄉,荖濃村,141,63323,449,400,261,601,242.94,54.10
高雄縣,六龜鄉,寶來村,135,79314,588,416,244,691,609.87,103.81
高雄縣,六龜鄉,新威村,146,89836,615,529,326,845,384.97,62.56
高雄縣,六龜鄉,大津村,56,34908,623,494,333,777,508.31,81.55
高雄縣,內門鄉,永興村,66,31932,484,391,238,708,314.85,65.08
高雄縣,內門鄉,東埔村,116,60276,520,441,261,630,464.57,89.41
高雄縣,內門鄉,中埔村,100,56065,561,476,284,719,412.20,73.52
高雄縣,內門鄉,永吉村,82,49554,604,399,272,828,634.76,105.04
高雄縣,內門鄉,內門村,156,86008,551,450,315,690,395.15,71.67
高雄縣,內門鄉,永富村,203,101201,499,403,270,539,433.76,87.01
高雄縣,內門鄉,內南村,62,34469,556,466,327,693,372.84,67.06
高雄縣,內門鄉,內豊村,190,99481,524,449,304,644,348.17,66.50
高雄縣,內門鄉,觀亭村,350,191474,547,453,308,694,366.38,66.97
高雄縣,內門鄉,內東村,119,62527,525,395,244,678,496.22,94.44
高雄縣,內門鄉,內興村,103,45768,444,400,280,505,255.42,57.48
高雄縣,內門鄉,木柵村,83,37731,455,400,300,591,214.26,47.13
高雄縣,內門鄉,溝坪村,159,76196,479,414,270,603,294.43,61.44
高雄縣,內門鄉,石坑村,65,37749,581,453,300,745,407.23,70.12
高雄縣,內門鄉,瑞山村,59,28172,477,407,270,622,297.17,62.24
高雄縣,內門鄉,光興村,100,56446,564,504,289,752,378.10,66.98
高雄縣,內門鄉,金竹村,118,54329,460,413,300,570,251.82,54.69
高雄縣,內門鄉,三平村,94,48429,515,439,300,681,275.68,53.51
高雄縣,美濃鎮,東門里,291,190724,655,520,336,929,441.33,67.34
高雄縣,美濃鎮,福安里,493,341862,693,563,341,941,491.21,70.84
高雄縣,美濃鎮,興隆里,217,139338,642,523,355,827,417.71,65.05
高雄縣,美濃鎮,泰安里,350,275894,788,590,354,969,941.32,119.42
高雄縣,美濃鎮,龍山里,408,257464,631,513,325,802,450.91,71.46
高雄縣,美濃鎮,清水里,330,219904,666,597,392,841,409.38,61.43
高雄縣,美濃鎮,廣德里,262,173660,663,530,332,850,468.13,70.63
高雄縣,美濃鎮,德興里,312,213029,683,556,378,860,465.96,68.24
高雄縣,美濃鎮,瀰濃里,453,324117,715,591,381,927,519.14,72.56
高雄縣,美濃鎮,合和里,471,327055,694,585,347,922,482.55,69.49
高雄縣,美濃鎮,中圳里,365,260707,714,596,359,941,473.04,66.23
高雄縣,美濃鎮,中壇里,397,282047,710,601,380,900,469.80,66.13
高雄縣,美濃鎮,祿興里,465,305024,656,556,324,864,450.80,68.72
高雄縣,美濃鎮,吉和里,267,164138,615,523,313,797,492.63,80.14
高雄縣,美濃鎮,吉洋里,333,195835,588,534,324,752,385.79,65.60
高雄縣,美濃鎮,吉東里,281,169010,601,475,311,786,544.88,90.59
高雄縣,美濃鎮,龍肚里,272,196686,723,616,395,928,594.10,82.16
高雄縣,美濃鎮,獅山里,391,243607,623,510,328,760,485.20,77.88
高雄縣,美濃鎮,廣林里,307,182163,593,492,326,758,407.47,68.67
高雄縣,杉林鄉,新庄村,289,150895,522,428,298,664,346.09,66.28
高雄縣,杉林鄉,月眉村,325,177664,547,437,292,645,418.89,76.63
高雄縣,杉林鄉,上平村,264,139857,530,432,272,685,384.18,72.52
高雄縣,杉林鄉,杉林村,153,66599,435,390,244,552,251.90,57.87
高雄縣,杉林鄉,月美村,240,137579,573,454,324,709,415.45,72.47
高雄縣,杉林鄉,集來村,327,140425,429,366,245,511,417.18,97.15
高雄縣,杉林鄉,木梓村,148,62704,424,360,225,532,283.93,67.02
高雄縣,甲仙鄉,東安村,95,51334,540,422,253,651,462.42,85.58
高雄縣,甲仙鄉,西安村,204,142360,698,581,343,850,556.94,79.81
高雄縣,甲仙鄉,關山村,88,37730,429,358,237,553,282.07,65.79
高雄縣,甲仙鄉,和安村,148,86632,585,446,239,732,517.33,88.38
高雄縣,甲仙鄉,小林村,115,49082,427,395,254,550,238.52,55.89
高雄縣,甲仙鄉,大田村,282,137980,489,402,250,628,381.63,78.00
高雄縣,甲仙鄉,寶隆村,148,52982,358,312,202,486,222.94,62.28
高雄縣,茂林鄉,茂林村,105,61211,583,512,257,856,402.35,69.02
高雄縣,茂林鄉,多納村,110,32452,295,154,68,459,315.16,106.83
高雄縣,茂林鄉,萬山村,47,31144,663,705,373,866,339.22,51.19
高雄縣,桃源鄉,復興村,33,18892,572,514,373,766,281.03,49.09
高雄縣,桃源鄉,寶山村,51,32450,636,617,337,851,496.43,78.02
高雄縣,桃源鄉,桃源村,117,73346,627,559,353,802,352.12,56.17
高雄縣,桃源鄉,建山村,94,41638,443,386,192,619,328.02,74.05
高雄縣,桃源鄉,高中村,74,38730,523,391,216,627,428.33,81.84
高雄縣,桃源鄉,勤和村,33,15831,480,411,218,761,311.55,64.94
高雄縣,桃源鄉,梅蘭村,34,20187,594,590,356,752,336.85,56.74
高雄縣,桃源鄉,梅山村,32,16333,510,489,361,612,239.74,46.97
高雄縣,三民鄉,民生村,137,66144,483,427,223,683,373.48,77.36
高雄縣,三民鄉,民族村,78,38565,494,389,200,649,416.53,84.24
高雄縣,三民鄉,民權村,72,44002,611,575,335,862,369.07,60.39
屏東縣,屏東市,鵬程里,221,127964,579,474,308,734,425.59,73.50
屏東縣,屏東市,中正里,998,867621,869,696,393,1160,693.83,79.81
屏東縣,屏東市,仁愛里,569,440787,775,568,345,956,715.77,92.40
屏東縣,屏東市,永昌里,120,77107,643,520,331,765,631.62,98.30
屏東縣,屏東市,建國里,145,102942,710,553,312,887,630.69,88.84
屏東縣,屏東市,斯文里,520,433966,835,622,375,1042,929.92,111.43
屏東縣,屏東市,民權里,158,116910,740,571,333,956,637.69,86.18
屏東縣,屏東市,新生里,1191,857333,720,570,336,943,620.04,86.14
屏東縣,屏東市,永安里,1616,1165127,721,572,335,953,572.46,79.40
屏東縣,屏東市,萬年里,131,79227,605,456,291,724,550.72,91.06
屏東縣,屏東市,玉成里,243,156648,645,494,317,806,504.79,78.30
屏東縣,屏東市,大湖里,310,199739,644,527,313,835,480.45,74.57
屏東縣,屏東市,瑞光里,1671,1367186,818,638,362,1071,683.52,83.54
屏東縣,屏東市,長安里,309,169399,548,463,278,692,398.03,72.60
屏東縣,屏東市,大同里,244,187848,770,517,280,1009,767.99,99.76
屏東縣,屏東市,長春里,621,561337,904,659,380,1177,845.13,93.50
屏東縣,屏東市,平和里,293,236686,808,530,328,918,1073.61,132.91
屏東縣,屏東市,公？里,293,210342,718,594,373,881,547.43,76.26
屏東縣,屏東市,光華里,141,91881,652,514,316,738,503.52,77.27
屏東縣,屏東市,光榮里,218,147276,676,538,329,834,585.66,86.69
屏東縣,屏東市,湖南里,195,125659,644,532,316,833,454.20,70.48
屏東縣,屏東市,新興里,442,306969,695,493,318,803,1124.18,161.87
屏東縣,屏東市,大鵬里,127,80797,636,575,395,788,411.74,64.72
屏東縣,屏東市,北興里,1347,988554,734,606,343,989,545.57,74.34
屏東縣,屏東市,泰安里,216,189362,877,724,415,1126,909.01,103.69
屏東縣,屏東市,仁義里,198,131864,666,518,337,815,539.80,81.05
屏東縣,屏東市,海豐里,139,86196,620,488,314,758,454.69,73.32
屏東縣,屏東市,北勢里,681,531926,781,581,360,987,983.08,125.86
屏東縣,屏東市,厚生里,655,404819,618,494,300,779,504.31,81.60
屏東縣,屏東市,明正里,257,270219,1051,714,375,1275,1132.37,107.70
屏東縣,屏東市,文明里,115,102941,895,641,413,1168,799.72,89.34
屏東縣,屏東市,永順里,118,71585,607,458,304,743,624.42,102.93
屏東縣,屏東市,廣興里,337,203586,604,477,275,739,568.20,94.06
屏東縣,屏東市,太平里,291,265540,913,639,387,1190,862.20,94.49
屏東縣,屏東市,大埔里,180,123852,688,495,288,896,594.27,86.37
屏東縣,屏東市,安樂里,154,134291,872,571,351,1071,949.89,108.93
屏東縣,屏東市,和興里,130,67338,518,432,273,692,361.53,69.80
屏東縣,屏東市,信和里,232,140969,608,527,308,752,440.75,72.54
屏東縣,屏東市,清溪里,1062,731554,689,546,320,880,586.24,85.10
屏東縣,屏東市,潭墘里,1870,1353122,724,573,355,917,682.66,94.34
屏東縣,屏東市,永光里,223,135465,607,478,299,806,440.33,72.49
屏東縣,屏東市,一心里,274,179571,655,532,356,874,470.09,71.73
屏東縣,屏東市,勝利里,1106,873909,790,621,365,1063,631.00,79.86
屏東縣,屏東市,維新里,630,405632,644,493,313,813,540.17,83.90
屏東縣,屏東市,豐田里,1142,940602,824,639,386,1085,655.65,79.60
屏東縣,屏東市,豐榮里,781,665010,851,635,362,1121,715.13,83.99
屏東縣,屏東市,湖西里,332,200252,603,476,309,804,447.80,74.24
屏東縣,屏東市,崇禮里,127,82204,647,528,297,856,497.27,76.82
屏東縣,屏東市,武廟里,175,144864,828,559,251,1064,899.56,108.67
屏東縣,屏東市,橋南里,354,242344,685,491,271,817,834.01,121.83
屏東縣,屏東市,勝豐里,115,85353,742,516,337,849,821.42,110.67
屏東縣,屏東市,金泉里,187,133902,716,515,288,900,720.42,100.61
屏東縣,屏東市,慶春里,112,141881,1267,540,300,922,4337.06,342.36
屏東縣,屏東市,楠樹里,142,100758,710,491,312,910,628.08,88.52
屏東縣,屏東市,扶風里,155,108985,703,532,327,863,651.37,92.64
屏東縣,屏東市,橋北里,222,137056,617,504,284,788,471.71,76.41
屏東縣,屏東市,歸心里,198,118126,597,472,323,747,447.24,74.97
屏東縣,屏東市,頂宅里,86,49586,577,493,341,738,378.17,65.59
屏東縣,屏東市,安鎮里,390,238176,611,487,314,759,501.73,82.16
屏東縣,屏東市,義勇里,249,209282,840,758,391,1132,591.80,70.41
屏東縣,屏東市,龍華里,515,312577,607,492,300,766,463.69,76.40
屏東縣,屏東市,頂柳里,182,122673,674,533,315,865,513.81,76.23
屏東縣,屏東市,擇仁里,176,107518,611,455,264,788,611.83,100.15
屏東縣,屏東市,前進里,262,154330,589,479,305,761,420.42,71.37
屏東縣,屏東市,大洲里,173,109802,635,489,290,797,549.04,86.50
屏東縣,屏東市,端正里,133,142834,1074,545,243,1328,1467.97,136.69
屏東縣,屏東市,必信里,123,73713,599,456,307,780,460.56,76.85
屏東縣,屏東市,崇智里,151,103076,683,496,299,778,851.12,124.68
屏東縣,屏東市,三山里,212,134242,633,508,342,817,448.12,70.77
屏東縣,屏東市,崇蘭里,1778,1365622,768,605,371,987,570.33,74.26
屏東縣,屏東市,空翔里,361,273739,758,612,356,1001,605.24,79.82
屏東縣,屏東市,溝美里,662,504725,762,593,354,973,634.67,83.24
屏東縣,屏東市,永城里,551,348585,633,507,301,801,538.28,85.08
屏東縣,屏東市,華山里,1235,1008740,817,647,357,1085,706.05,86.44
屏東縣,屏東市,興樂里,302,251889,834,636,398,1094,652.99,78.29
屏東縣,屏東市,大武里,1675,1289746,770,602,350,996,660.25,85.75
屏東縣,屏東市,崇武里,5,6074,1215,1019,921,1113,553.30,45.55
屏東縣,屏東市,凌雲里,260,158430,609,486,326,816,412.25,67.65
屏東縣,屏東市,豐源里,1196,1030411,862,701,379,1159,670.78,77.86
屏東縣,屏東市,大連里,2665,2561064,961,733,400,1270,867.65,90.29
屏東縣,潮州鎮,蓬萊里,331,206587,624,518,312,818,441.67,70.77
屏東縣,潮州鎮,新生里,286,188462,659,507,289,867,542.20,82.28
屏東縣,潮州鎮,永春里,1093,749134,685,543,314,890,596.65,87.05
屏東縣,潮州鎮,新榮里,386,317847,823,566,328,995,1529.48,185.74
屏東縣,潮州鎮,光華里,925,682125,737,592,329,967,585.70,79.42
屏東縣,潮州鎮,同榮里,183,116771,638,467,276,869,544.74,85.37
屏東縣,潮州鎮,富春里,251,136319,543,436,294,733,369.83,68.10
屏東縣,潮州鎮,三和里,422,284206,673,553,323,867,514.68,76.42
屏東縣,潮州鎮,潮州里,163,123317,757,548,291,1025,680.24,89.91
屏東縣,潮州鎮,三星里,1097,829073,756,620,350,981,585.96,77.53
屏東縣,潮州鎮,彭城里,138,82810,600,498,324,803,450.64,75.10
屏東縣,潮州鎮,九塊里,206,102052,495,406,229,586,408.40,82.44
屏東縣,潮州鎮,興美里,151,92836,615,483,314,810,439.53,71.49
屏東縣,潮州鎮,檨子里,87,53868,619,422,298,674,713.90,115.30
屏東縣,潮州鎮,三共里,1474,1222913,830,605,346,1019,1031.87,124.37
屏東縣,潮州鎮,五魁里,261,180330,691,575,357,885,519.41,75.18
屏東縣,潮州鎮,八爺里,431,279585,649,517,323,845,481.46,74.22
屏東縣,潮州鎮,光春里,262,140587,537,436,267,718,402.53,75.02
屏東縣,潮州鎮,泗林里,316,201815,639,517,309,844,479.41,75.07
屏東縣,潮州鎮,四春里,362,198459,548,459,290,710,381.71,69.63
屏東縣,潮州鎮,崙東里,182,93073,511,419,247,601,414.55,81.06
屏東縣,東港鎮,中興里,171,101207,592,493,281,743,454.68,76.82
屏東縣,東港鎮,大鵬里,46,26675,580,508,300,760,417.19,71.94
屏東縣,東港鎮,八德里,166,119831,722,555,345,908,571.99,79.24
屏東縣,東港鎮,興農里,130,78760,606,562,294,793,441.05,72.80
屏東縣,東港鎮,新勝里,557,432019,776,562,350,909,762.05,98.25
屏東縣,東港鎮,共和里,135,98674,731,516,362,908,623.79,85.34
屏東縣,東港鎮,東和里,140,85686,612,486,308,755,472.63,77.22
屏東縣,東港鎮,鎮海里,409,208892,511,412,291,605,393.82,77.11
屏東縣,東港鎮,興東里,1217,873589,718,534,332,930,649.57,90.49
屏東縣,東港鎮,頂新里,109,68276,626,564,334,761,413.83,66.07
屏東縣,東港鎮,興和里,136,82202,604,513,351,772,353.23,58.44
屏東縣,東港鎮,南平里,231,110386,478,413,252,666,294.90,61.71
屏東縣,東港鎮,下？里,283,168477,595,477,327,816,376.44,63.23
屏東縣,東港鎮,東隆里,229,130308,569,473,310,721,379.99,66.78
屏東縣,東港鎮,豐漁里,140,85651,612,484,296,747,508.12,83.06
屏東縣,東港鎮,盛漁里,236,120164,509,413,286,599,555.60,109.12
屏東縣,東港鎮,興漁里,317,164649,519,444,310,641,334.90,64.48
屏東縣,東港鎮,嘉蓮里,221,127234,576,474,303,700,450.95,78.33
屏東縣,東港鎮,船頭里,699,432548,619,508,319,779,440.60,71.20
屏東縣,東港鎮,頂中里,111,82952,747,547,335,939,621.12,83.11
屏東縣,東港鎮,朝安里,406,271327,668,519,319,798,1004.15,150.26
屏東縣,東港鎮,興台里,165,134575,816,525,317,895,874.15,107.18
屏東縣,東港鎮,大潭里,273,169355,620,501,328,777,471.41,75.99
屏東縣,恆春鎮,德和里,121,65879,544,436,318,596,430.15,79.01
屏東縣,恆春鎮,仁壽里,135,59644,442,373,245,582,269.06,60.90
屏東縣,恆春鎮,城西里,288,172670,600,457,286,845,460.88,76.87
屏東縣,恆春鎮,城南里,264,171562,650,540,305,778,524.32,80.68
屏東縣,恆春鎮,城北里,400,280067,700,544,320,904,627.56,89.63
屏東縣,恆春鎮,龍水里,177,96019,542,456,294,697,360.31,66.42
屏東縣,恆春鎮,山？里,765,501949,656,505,302,837,575.47,87.71
屏東縣,恆春鎮,南灣里,235,195470,832,526,317,999,791.04,95.10
屏東縣,恆春鎮,網紗里,547,327340,598,497,318,772,421.47,70.43
屏東縣,恆春鎮,茄湖里,80,38558,482,428,297,675,274.16,56.88
屏東縣,恆春鎮,頭溝里,83,41255,497,366,216,666,434.81,87.48
屏東縣,恆春鎮,四溝里,164,81874,499,431,267,623,314.35,62.97
屏東縣,恆春鎮,山海里,256,113905,445,406,266,563,269.87,60.65
屏東縣,恆春鎮,大光里,290,148768,513,404,283,608,534.80,104.25
屏東縣,恆春鎮,水泉里,225,98428,437,380,257,545,267.20,61.08
屏東縣,恆春鎮,墾丁里,227,139622,615,538,337,803,401.11,65.21
屏東縣,恆春鎮,鵝鑾里,182,88419,486,423,243,615,409.37,84.26
屏東縣,萬丹鄉,新庄村,410,270567,660,532,330,881,465.24,70.50
屏東縣,萬丹鄉,廣安村,439,262634,598,485,288,789,430.22,71.91
屏東縣,萬丹鄉,竹林村,274,157930,576,482,280,747,425.06,73.75
屏東縣,萬丹鄉,社口村,224,135129,603,460,251,790,526.53,87.28
屏東縣,萬丹鄉,萬安村,149,101876,684,495,284,830,705.13,103.13
屏東縣,萬丹鄉,興安村,139,84460,608,486,289,813,435.15,71.61
屏東縣,萬丹鄉,田厝村,191,131106,686,543,299,943,562.56,81.96
屏東縣,萬丹鄉,崙頂村,300,173657,579,522,313,759,390.69,67.49
屏東縣,萬丹鄉,灣內村,198,104433,527,484,273,659,338.38,64.16
屏東縣,萬丹鄉,社中村,244,149630,613,452,286,821,501.88,81.84
屏東縣,萬丹鄉,萬全村,749,509580,680,527,314,885,603.63,88.72
屏東縣,萬丹鄉,萬惠村,162,106382,657,516,304,778,564.48,85.96
屏東縣,萬丹鄉,萬後村,84,53740,640,546,290,814,482.41,75.40
屏東縣,萬丹鄉,萬生村,293,185766,634,515,339,805,555.93,87.68
屏東縣,萬丹鄉,寶厝村,441,279795,634,505,327,818,482.33,76.02
屏東縣,萬丹鄉,四維村,404,239248,592,479,279,756,471.13,79.56
屏東縣,萬丹鄉,社上村,266,163015,613,484,294,776,525.79,85.80
屏東縣,萬丹鄉,社皮村,360,219433,610,477,295,790,467.25,76.66
屏東縣,萬丹鄉,磚寮村,188,123704,658,551,342,868,472.13,71.75
屏東縣,萬丹鄉,加興村,193,114125,591,483,277,807,439.58,74.34
屏東縣,萬丹鄉,上村村,144,89381,621,451,293,725,698.49,112.53
屏東縣,萬丹鄉,？南村,231,133854,579,478,318,761,385.67,66.56
屏東縣,萬丹鄉,？北村,290,164224,566,458,254,700,475.11,83.90
屏東縣,萬丹鄉,新鐘村,401,250470,625,541,319,820,445.48,71.32
屏東縣,萬丹鄉,水泉村,281,182329,649,486,288,920,516.56,79.61
屏東縣,萬丹鄉,香社村,246,163105,663,576,336,853,470.14,70.91
屏東縣,萬丹鄉,後村村,181,107479,594,455,245,834,497.59,83.80
屏東縣,萬丹鄉,水仙村,117,68166,583,476,273,855,385.25,66.12
屏東縣,萬丹鄉,興全村,187,110999,594,455,330,744,485.75,81.83
屏東縣,萬丹鄉,甘棠村,63,39333,624,502,334,868,415.12,66.49
屏東縣,長治鄉,復興村,253,149473,591,439,284,783,454.55,76.94
屏東縣,長治鄉,長興村,223,158395,710,581,358,999,494.56,69.63
屏東縣,長治鄉,潭頭村,367,249085,679,533,342,860,529.87,78.07
屏東縣,長治鄉,進興村,494,342838,694,580,350,915,491.50,70.82
屏東縣,長治鄉,新潭村,629,443164,705,590,366,937,496.93,70.53
屏東縣,長治鄉,香楊村,439,325039,740,597,346,969,559.21,75.53
屏東縣,長治鄉,德協村,221,145211,657,523,325,820,509.53,77.55
屏東縣,長治鄉,德成村,177,118251,668,533,365,832,541.63,81.07
屏東縣,長治鄉,崙上村,303,199981,660,536,318,830,634.42,96.12
屏東縣,長治鄉,德榮村,225,151460,673,523,337,914,501.42,74.49
屏東縣,長治鄉,德和村,122,55718,457,395,238,643,321.17,70.32
屏東縣,長治鄉,繁隆村,213,145236,682,634,363,936,420.09,61.61
屏東縣,長治鄉,繁華村,323,185430,574,489,298,739,410.97,71.59
屏東縣,長治鄉,繁昌村,276,164462,596,472,287,753,439.70,73.79
屏東縣,長治鄉,繁榮村,220,120216,546,428,263,697,448.32,82.04
屏東縣,長治鄉,榮華村,95,50427,531,407,283,628,384.18,72.38
屏東縣,麟洛鄉,田心村,189,139525,738,652,361,976,465.96,63.12
屏東縣,麟洛鄉,新田村,423,285783,676,567,344,944,454.48,67.27
屏東縣,麟洛鄉,田中村,269,193336,719,588,356,958,525.49,73.11
屏東縣,麟洛鄉,麟頂村,219,158339,723,567,328,932,570.24,78.87
屏東縣,麟洛鄉,麟蹄村,391,256638,656,549,342,862,442.69,67.45
屏東縣,麟洛鄉,麟趾村,575,368016,640,511,318,853,464.92,72.64
屏東縣,麟洛鄉,田道村,144,97980,680,582,341,890,500.60,73.57
屏東縣,九如鄉,後庄村,307,174485,568,463,291,720,421.41,74.14
屏東縣,九如鄉,玉泉村,322,211050,655,487,310,830,598.62,91.33
屏東縣,九如鄉,東寧村,661,380000,575,468,298,754,402.14,69.95
屏東縣,九如鄉,九清村,293,199036,679,528,311,923,559.26,82.33
屏東縣,九如鄉,九塊村,224,132065,590,465,297,720,502.14,85.17
屏東縣,九如鄉,九明村,253,140979,557,462,287,726,390.13,70.01
屏東縣,九如鄉,玉水村,223,136436,612,469,272,720,738.41,120.69
屏東縣,九如鄉,大坵村,159,94272,593,446,273,802,457.16,77.10
屏東縣,九如鄉,三塊村,208,110588,532,421,264,714,405.22,76.22
屏東縣,九如鄉,耆老村,234,151154,646,506,355,841,443.44,68.65
屏東縣,九如鄉,洽興村,211,118693,563,472,301,705,408.05,72.54
屏東縣,里港鄉,土庫村,310,189434,611,486,304,762,516.40,84.51
屏東縣,里港鄉,玉田村,453,298365,659,538,318,859,463.89,70.43
屏東縣,里港鄉,大平村,268,202946,757,492,306,830,1548.64,204.51
屏東縣,里港鄉,三？村,271,161332,595,459,262,755,517.88,86.99
屏東縣,里港鄉,中和村,132,66189,501,394,228,617,420.51,83.86
屏東縣,里港鄉,永春村,157,103292,658,519,357,789,499.30,75.89
屏東縣,里港鄉,茄苳村,224,151218,675,507,326,835,609.38,90.27
屏東縣,里港鄉,潮厝村,231,138635,600,485,308,779,439.86,73.29
屏東縣,里港鄉,春林村,230,143751,625,492,284,811,599.84,95.97
屏東縣,里港鄉,過江村,302,190914,632,520,324,800,554.58,87.73
屏東縣,里港鄉,鐵店村,224,143892,642,550,302,798,499.79,77.80
屏東縣,里港鄉,塔樓村,224,145642,650,522,286,935,488.82,75.18
屏東縣,里港鄉,載興村,424,241527,570,487,285,780,404.46,71.00
屏東縣,里港鄉,瀰力村,83,48028,579,439,244,772,504.11,87.12
屏東縣,鹽埔鄉,永隆村,73,34174,468,408,264,616,266.87,57.01
屏東縣,鹽埔鄉,鹽北村,272,165456,608,512,311,809,418.81,68.85
屏東縣,鹽埔鄉,鹽中村,387,235729,609,522,311,820,387.32,63.59
屏東縣,鹽埔鄉,鹽南村,266,165019,620,504,325,801,457.61,73.76
屏東縣,鹽埔鄉,仕絨村,152,97956,644,468,296,830,685.34,106.35
屏東縣,鹽埔鄉,高朗村,395,215593,546,448,268,736,391.96,71.81
屏東縣,鹽埔鄉,振興村,264,151418,574,481,310,741,384.60,67.06
屏東縣,鹽埔鄉,久愛村,90,51581,573,502,345,700,383.22,66.87
屏東縣,鹽埔鄉,新圍村,461,244423,530,439,272,676,384.27,72.48
屏東縣,鹽埔鄉,新二村,473,280208,592,476,282,804,429.53,72.51
屏東縣,鹽埔鄉,彭厝村,174,101993,586,492,315,755,383.82,65.48
屏東縣,鹽埔鄉,洛陽村,272,151337,556,480,305,709,377.44,67.84
屏東縣,高樹鄉,新南村,248,124164,501,435,272,643,311.99,62.32
屏東縣,高樹鄉,廣興村,157,82336,524,406,273,637,462.09,88.11
屏東縣,高樹鄉,廣福村,110,57110,519,452,319,702,297.42,57.29
屏東縣,高樹鄉,新豐村,191,113668,595,442,280,720,541.61,91.01
屏東縣,高樹鄉,東興村,142,80794,569,476,310,709,354.14,62.24
屏東縣,高樹鄉,大埔村,91,46154,507,391,236,643,376.38,74.21
屏東縣,高樹鄉,源泉村,158,83566,529,432,267,673,388.93,73.54
屏東縣,高樹鄉,菜寮村,114,72779,638,509,329,815,476.91,74.70
屏東縣,高樹鄉,舊庄村,114,54481,478,407,298,594,300.77,62.93
屏東縣,高樹鄉,長榮村,252,164090,651,467,280,734,805.91,123.77
屏東縣,高樹鄉,高樹村,413,282738,685,485,290,795,1061.17,155.01
屏東縣,高樹鄉,東振村,74,41933,567,506,296,747,320.92,56.63
屏東縣,高樹鄉,建興村,143,66948,468,421,282,582,340.18,72.66
屏東縣,高樹鄉,舊寮村,173,102942,595,431,285,755,462.06,77.65
屏東縣,高樹鄉,司馬村,110,80963,736,502,353,861,1007.57,136.89
屏東縣,高樹鄉,田子村,150,91125,607,471,327,743,564.73,92.96
屏東縣,高樹鄉,鹽樹村,185,106452,575,477,312,691,609.79,105.97
屏東縣,高樹鄉,泰山村,257,139161,541,433,271,662,463.77,85.65
屏東縣,高樹鄉,南華村,186,103101,554,480,298,659,454.53,82.00
屏東縣,萬巒鄉,成德村,282,162750,577,504,301,726,410.10,71.06
屏東縣,萬巒鄉,新厝村,181,94008,519,404,256,702,381.18,73.39
屏東縣,萬巒鄉,赤山村,285,129119,453,389,250,582,281.14,62.06
屏東縣,萬巒鄉,萬全村,159,111623,702,570,319,923,542.71,77.31
屏東縣,萬巒鄉,萬巒村,280,206021,736,589,358,965,588.70,80.01
屏東縣,萬巒鄉,萬和村,313,204376,653,569,334,872,439.94,67.38
屏東縣,萬巒鄉,鹿寮村,194,135578,699,573,387,930,509.40,72.89
屏東縣,萬巒鄉,硫黃村,88,58102,660,554,400,832,422.96,64.06
屏東縣,萬巒鄉,泗溝村,297,190846,643,524,322,906,458.56,71.36
屏東縣,萬巒鄉,佳佐村,259,146455,565,465,308,728,362.10,64.04
屏東縣,萬巒鄉,佳和村,319,190771,598,463,283,765,449.84,75.22
屏東縣,萬巒鄉,新置村,190,99528,524,409,255,686,381.26,72.78
屏東縣,萬巒鄉,萬金村,335,155657,465,388,239,612,371.14,79.88
屏東縣,萬巒鄉,五溝村,263,179726,683,491,305,856,604.89,88.52
屏東縣,內埔鄉,東勢村,586,382507,653,490,312,785,1073.24,164.42
屏東縣,內埔鄉,黎明村,337,213800,634,492,301,808,543.76,85.71
屏東縣,內埔鄉,豐田村,664,445621,671,565,319,905,477.60,71.17
屏東縣,內埔鄉,龍潭村,405,205738,508,432,284,614,360.61,70.99
屏東縣,內埔鄉,竹圍村,340,205925,606,485,307,803,415.88,68.67
屏東縣,內埔鄉,和興村,465,356892,768,639,389,999,536.58,69.91
屏東縣,內埔鄉,龍泉村,389,209780,539,463,307,663,366.00,67.87
屏東縣,內埔鄉,東寧村,989,709250,717,568,357,938,570.30,79.52
屏東縣,內埔鄉,興南村,291,182852,628,492,320,854,439.91,70.01
屏東縣,內埔鄉,內埔村,840,598038,712,564,331,922,675.09,94.82
屏東縣,內埔鄉,建興村,143,75726,530,406,249,718,443.72,83.79
屏東縣,內埔鄉,義亭村,115,65153,567,531,290,745,367.59,64.88
屏東縣,內埔鄉,美和村,486,334598,688,563,348,904,484.78,70.41
屏東縣,內埔鄉,富田村,433,287157,663,532,334,887,496.83,74.92
屏東縣,內埔鄉,東片村,200,130893,654,527,329,827,608.99,93.05
屏東縣,內埔鄉,上樹村,228,137700,604,505,293,766,436.42,72.26
屏東縣,內埔鄉,老埤村,406,194156,478,362,241,576,407.40,85.19
屏東縣,內埔鄉,中林村,272,136208,501,379,248,548,717.09,143.20
屏東縣,內埔鄉,大新村,309,161309,522,442,286,625,406.68,77.90
屏東縣,內埔鄉,隘寮村,170,79997,471,405,241,592,330.17,70.16
屏東縣,內埔鄉,內田村,688,502365,730,589,361,953,525.82,72.01
屏東縣,內埔鄉,水門村,139,74119,533,433,257,702,413.55,77.56
屏東縣,內埔鄉,振豐村,356,249936,702,585,352,905,506.86,72.20
屏東縣,竹田鄉,南勢村,105,60276,574,518,355,740,312.43,54.43
屏東縣,竹田鄉,大湖村,239,155310,650,515,328,822,577.03,88.80
屏東縣,竹田鄉,永豐村,157,110742,705,642,338,927,454.30,64.41
屏東縣,竹田鄉,福田村,84,62577,745,548,405,940,515.92,69.25
屏東縣,竹田鄉,西勢村,604,374854,621,512,319,809,436.81,70.38
屏東縣,竹田鄉,竹南村,190,99808,525,450,307,653,365.40,69.56
屏東縣,竹田鄉,竹田村,358,230928,645,526,327,846,448.87,69.59
屏東縣,竹田鄉,糶糴村,154,92615,601,500,331,820,403.11,67.03
屏東縣,竹田鄉,二崙村,196,118056,602,517,316,794,386.56,64.18
屏東縣,竹田鄉,美崙村,133,87682,659,560,324,867,444.12,67.37
屏東縣,竹田鄉,頭崙村,294,178938,609,483,328,796,436.38,71.70
屏東縣,竹田鄉,履豐村,154,93140,605,510,303,799,398.79,65.94
屏東縣,竹田鄉,泗洲村,192,109261,569,454,283,756,431.00,75.74
屏東縣,竹田鄉,鳳明村,168,80511,479,400,245,615,374.00,78.04
屏東縣,竹田鄉,六巷村,146,95114,651,569,358,844,436.07,66.94
屏東縣,新埤鄉,南豐村,159,77870,490,393,206,652,381.80,77.96
屏東縣,新埤鄉,新埤村,396,235197,594,456,278,754,508.48,85.61
屏東縣,新埤鄉,建功村,280,170121,608,517,316,845,395.87,65.16
屏東縣,新埤鄉,打鐵村,237,151999,641,517,282,860,496.70,77.45
屏東縣,新埤鄉,餉潭村,310,117832,380,332,209,475,272.21,71.61
屏東縣,新埤鄉,箕湖村,229,89701,392,357,187,506,278.81,71.18
屏東縣,新埤鄉,萬隆村,219,122208,558,468,287,755,403.01,72.22
屏東縣,枋寮鄉,人和村,382,233457,611,475,286,794,572.22,93.63
屏東縣,枋寮鄉,保生村,157,102212,651,475,305,849,610.96,93.85
屏東縣,枋寮鄉,玉泉村,63,27763,441,389,267,614,267.97,60.81
屏東縣,枋寮鄉,新開村,137,65135,475,424,282,630,279.09,58.70
屏東縣,枋寮鄉,東海村,626,358988,573,466,295,740,413.75,72.15
屏東縣,枋寮鄉,大庄村,85,43683,514,409,318,618,345.46,67.22
屏東縣,枋寮鄉,中寮村,88,45137,513,413,246,740,370.08,72.15
屏東縣,枋寮鄉,地利村,318,187568,590,468,292,771,463.00,78.50
屏東縣,枋寮鄉,內寮村,116,45600,393,345,180,520,303.31,77.16
屏東縣,枋寮鄉,枋寮村,251,162699,648,521,341,833,501.06,77.30
屏東縣,枋寮鄉,安樂村,297,193135,650,524,329,828,457.72,70.39
屏東縣,枋寮鄉,天時村,367,235960,643,510,300,808,507.13,78.88
屏東縣,枋寮鄉,太源村,146,68940,472,439,299,578,244.97,51.88
屏東縣,枋寮鄉,新龍村,118,70664,599,413,259,789,506.93,84.65
屏東縣,枋寮鄉,隆山村,626,347456,555,462,276,720,413.97,74.58
屏東縣,新園鄉,共和村,322,159514,495,406,274,595,389.20,78.56
屏東縣,新園鄉,新東村,437,275255,630,515,312,843,444.51,70.57
屏東縣,新園鄉,田洋村,435,279690,643,509,341,848,442.46,68.82
屏東縣,新園鄉,瓦？村,322,199710,620,509,316,832,429.29,69.22
屏東縣,新園鄉,港西村,448,322480,720,553,355,813,1291.39,179.40
屏東縣,新園鄉,港墘村,138,89211,646,520,309,779,560.96,86.77
屏東縣,新園鄉,內庄村,149,97505,654,580,358,844,384.00,58.68
屏東縣,新園鄉,中洲村,312,211536,678,536,325,819,626.48,92.40
屏東縣,新園鄉,興龍村,443,313748,708,568,357,896,509.10,71.88
屏東縣,新園鄉,仙吉村,506,322919,638,511,313,846,480.18,75.24
屏東縣,新園鄉,新園村,384,245678,640,505,320,837,468.32,73.20
屏東縣,新園鄉,烏龍村,255,155825,611,512,305,809,404.50,66.19
屏東縣,新園鄉,南龍村,236,162691,689,583,356,905,498.28,72.28
屏東縣,新園鄉,鹽埔村,571,306813,537,448,298,657,395.90,73.68
屏東縣,新園鄉,五房村,509,287099,564,474,319,721,345.76,61.30
屏東縣,崁頂鄉,北勢村,297,176880,596,529,330,794,358.63,60.22
屏東縣,崁頂鄉,崁頂村,417,270654,649,562,354,857,412.88,63.61
屏東縣,崁頂鄉,港東村,327,191489,586,464,284,823,404.81,69.13
屏東縣,崁頂鄉,園寮村,316,204356,647,542,335,859,435.58,67.35
屏東縣,崁頂鄉,力社村,224,129085,576,481,279,802,381.60,66.22
屏東縣,崁頂鄉,圍內村,208,122077,587,502,303,781,434.93,74.11
屏東縣,崁頂鄉,洲子村,139,78096,562,453,248,689,548.78,97.68
屏東縣,崁頂鄉,越溪村,168,123398,735,571,321,861,992.75,135.16
屏東縣,林邊鄉,鎮安村,196,118893,607,499,316,722,689.23,113.62
屏東縣,林邊鄉,竹林村,481,285847,594,490,319,755,435.61,73.30
屏東縣,林邊鄉,仁和村,342,239083,699,599,329,883,544.45,77.88
屏東縣,林邊鄉,永樂村,642,441909,688,532,314,915,598.75,86.99
屏東縣,林邊鄉,田厝村,152,78542,517,424,253,663,403.73,78.13
屏東縣,林邊鄉,中林村,174,121341,697,535,352,908,568.33,81.50
屏東縣,林邊鄉,林邊村,288,175004,608,525,301,860,418.75,68.91
屏東縣,林邊鄉,光林村,306,189110,618,515,312,780,483.06,78.16
屏東縣,林邊鄉,崎？村,188,97260,517,423,268,661,443.01,85.63
屏東縣,林邊鄉,水利村,247,118229,479,421,281,612,294.20,61.46
屏東縣,南州鄉,仁里村,126,92227,732,605,346,922,582.48,79.58
屏東縣,南州鄉,同安村,218,120529,553,446,281,722,386.05,69.82
屏東縣,南州鄉,溪州村,380,261722,689,554,345,943,597.30,86.72
屏東縣,南州鄉,溪北村,231,175761,761,712,390,1055,480.97,63.21
屏東縣,南州鄉,溪南村,234,156112,667,563,329,875,463.52,69.48
屏東縣,南州鄉,南安村,104,61754,594,472,295,783,396.82,66.83
屏東縣,南州鄉,七塊村,205,153814,750,556,374,894,590.32,78.68
屏東縣,南州鄉,萬華村,193,116566,604,504,322,739,432.09,71.54
屏東縣,南州鄉,米崙村,180,128806,716,577,382,910,489.73,68.44
屏東縣,南州鄉,壽元村,193,102261,530,425,270,670,372.69,70.34
屏東縣,佳冬鄉,大同村,209,121340,581,502,314,774,343.07,59.09
屏東縣,佳冬鄉,玉光村,372,215341,579,484,308,749,395.68,68.35
屏東縣,佳冬鄉,佳冬村,308,187139,608,509,321,829,420.24,69.16
屏東縣,佳冬鄉,六根村,296,187148,632,507,305,805,564.40,89.27
屏東縣,佳冬鄉,賴家村,201,118936,592,527,321,713,396.08,66.94
屏東縣,佳冬鄉,萬建村,339,200083,590,490,284,794,417.24,70.69
屏東縣,佳冬鄉,石光村,291,170502,586,489,309,766,388.36,66.28
屏東縣,佳冬鄉,昌隆村,213,124293,584,519,337,770,381.06,65.30
屏東縣,佳冬鄉,豐隆村,159,81334,512,460,279,690,353.11,69.03
屏東縣,佳冬鄉,？園村,161,101346,629,500,294,748,681.89,108.33
屏東縣,佳冬鄉,燄溫村,147,70150,477,390,283,653,304.68,63.85
屏東縣,佳冬鄉,？豐村,204,95258,467,425,279,570,304.52,65.21
屏東縣,琉球鄉,大福村,237,118357,499,396,242,621,396.31,79.36
屏東縣,琉球鄉,天福村,127,63063,497,388,259,646,364.50,73.41
屏東縣,琉球鄉,中福村,170,112840,664,526,321,919,477.67,71.96
屏東縣,琉球鄉,本福村,312,187333,600,480,285,769,507.18,84.47
屏東縣,琉球鄉,漁福村,112,64923,580,469,307,726,469.29,80.96
屏東縣,琉球鄉,南福村,141,70924,503,423,267,603,355.22,70.62
屏東縣,琉球鄉,上福村,165,88545,537,433,300,637,432.83,80.66
屏東縣,琉球鄉,杉福村,83,55464,668,486,350,735,638.13,95.49
屏東縣,車城鄉,福興村,267,161687,606,479,321,775,484.95,80.08
屏東縣,車城鄉,海口村,122,63265,519,441,278,727,345.90,66.70
屏東縣,車城鄉,田中村,150,73711,491,412,270,650,311.49,63.39
屏東縣,車城鄉,新街村,68,30058,442,379,224,566,305.49,69.11
屏東縣,車城鄉,福安村,100,53964,540,417,288,662,407.10,75.44
屏東縣,車城鄉,統埔村,74,38647,522,446,300,648,311.56,59.66
屏東縣,車城鄉,溫泉村,165,78562,476,390,254,604,362.57,76.15
屏東縣,車城鄉,保力村,226,118612,525,416,260,652,438.78,83.60
屏東縣,車城鄉,埔墘村,99,47927,484,430,281,619,290.25,59.96
屏東縣,車城鄉,射寮村,66,29928,453,380,295,589,248.06,54.70
屏東縣,車城鄉,後灣村,91,42462,467,409,237,606,318.40,68.24
屏東縣,滿州鄉,？林村,83,47198,569,434,302,726,431.78,75.93
屏東縣,滿州鄉,港口村,234,114812,491,402,277,612,354.48,72.25
屏東縣,滿州鄉,滿州村,251,202096,805,485,300,794,2233.64,277.41
屏東縣,滿州鄉,里德村,39,20660,530,370,215,627,514.94,97.20
屏東縣,滿州鄉,永靖村,258,140063,543,470,302,721,329.78,60.75
屏東縣,滿州鄉,長樂村,183,89818,491,421,249,662,347.79,70.86
屏東縣,滿州鄉,九棚村,27,14262,528,504,427,676,235.69,44.62
屏東縣,滿州鄉,港仔村,64,37356,584,435,332,789,393.81,67.47
屏東縣,'枋山鄉'T,枋山村,167,95047,569,455,315,707,403.68,70.93
屏東縣,'枋山鄉'T,加祿村,219,129003,589,466,271,767,530.36,90.04
屏東縣,'枋山鄉'T,楓港村,126,67064,532,460,301,689,354.10,66.53
屏東縣,'枋山鄉'T,善餘村,126,60215,478,412,255,613,305.30,63.88
屏東縣,三地門鄉,大社村,43,21885,509,443,351,605,261.52,51.38
屏東縣,三地門鄉,青山村,78,38812,498,368,250,554,444.19,89.27
屏東縣,三地門鄉,三地村,205,123694,603,510,281,743,572.35,94.86
屏東縣,三地門鄉,賽嘉村,53,26368,498,401,296,590,303.80,61.06
屏東縣,三地門鄉,口社村,53,31971,603,535,320,792,347.03,57.53
屏東縣,三地門鄉,安坡村,38,17472,460,354,272,503,453.12,98.55
屏東縣,三地門鄉,達來村,17,9006,530,541,361,621,286.19,54.02
屏東縣,三地門鄉,青葉村,71,27978,394,369,220,520,209.04,53.05
屏東縣,三地門鄉,德文村,52,27799,535,536,359,635,243.82,45.61
屏東縣,三地門鄉,馬兒村,18,6704,372,282,206,441,278.81,74.86
屏東縣,霧臺鄉,霧台村,240,138568,577,527,345,753,377.64,65.41
屏東縣,霧臺鄉,好茶村,56,27591,493,515,229,645,301.16,61.13
屏東縣,霧臺鄉,阿禮村,45,24518,545,488,306,738,323.90,59.45
屏東縣,霧臺鄉,大武村,32,15496,484,424,241,607,358.42,74.02
屏東縣,霧臺鄉,吉露村,20,11963,598,578,383,878,311.94,52.15
屏東縣,霧臺鄉,佳暮村,37,19643,531,539,299,692,304.98,57.45
屏東縣,瑪家鄉,三和村,299,168861,565,508,287,732,363.75,64.41
屏東縣,瑪家鄉,？山村,139,58368,420,358,192,530,356.55,84.91
屏東縣,瑪家鄉,瑪家村,27,16875,625,575,353,751,356.77,57.08
屏東縣,瑪家鄉,北葉村,173,77410,447,382,199,594,354.97,79.33
屏東縣,瑪家鄉,排灣村,50,24523,490,474,266,710,264.44,53.92
屏東縣,瑪家鄉,佳義村,101,56449,559,535,271,836,335.85,60.09
屏東縣,泰武鄉,萬安村,87,42262,486,425,261,658,282.97,58.25
屏東縣,泰武鄉,平和村,98,42167,430,386,239,580,310.26,72.11
屏東縣,泰武鄉,佳平村,84,47504,566,533,237,818,361.72,63.96
屏東縣,泰武鄉,武潭村,155,66796,431,360,193,605,301.35,69.93
屏東縣,泰武鄉,佳興村,29,15226,525,560,347,744,244.14,46.50
屏東縣,泰武鄉,泰武村,74,34901,472,380,211,580,373.62,79.22
屏東縣,來義鄉,南和村,248,100095,404,279,160,576,449.87,111.46
屏東縣,來義鄉,丹林村,179,73471,410,350,190,539,329.42,80.26
屏東縣,來義鄉,來義村,232,80761,348,303,190,457,234.11,67.25
屏東縣,來義鄉,古樓村,258,90161,349,273,170,440,290.11,83.02
屏東縣,來義鄉,望嘉村,210,77862,371,319,189,520,255.31,68.86
屏東縣,來義鄉,文樂村,192,74166,386,344,177,517,333.88,86.43
屏東縣,來義鄉,義林村,135,47671,353,286,145,507,263.87,74.72
屏東縣,春日鄉,春日村,94,45779,487,421,270,660,290.81,59.71
屏東縣,春日鄉,古華村,82,40130,489,410,264,626,319.13,65.21
屏東縣,春日鄉,士文村,30,7216,241,222,132,322,181.93,75.64
屏東縣,春日鄉,力里村,43,17072,397,332,233,530,240.47,60.57
屏東縣,春日鄉,七佳村,158,63235,400,335,187,613,290.82,72.66
屏東縣,春日鄉,歸崇村,78,37254,478,389,229,640,346.43,72.53
屏東縣,獅子鄉,竹坑村,31,16644,537,517,318,754,281.39,52.41
屏東縣,獅子鄉,楓林村,98,57559,587,547,375,811,315.23,53.67
屏東縣,獅子鄉,丹路村,90,53651,596,524,315,860,353.79,59.35
屏東縣,獅子鄉,草埔村,82,49456,603,529,345,758,351.24,58.24
屏東縣,獅子鄉,內文村,26,11546,444,425,244,586,257.53,57.99
屏東縣,獅子鄉,獅子村,53,22209,419,328,175,515,358.31,85.51
屏東縣,獅子鄉,內獅村,68,38861,571,531,349,750,305.10,53.39
屏東縣,獅子鄉,南世村,50,31714,634,514,347,758,436.57,68.83
屏東縣,牡丹鄉,牡丹村,89,58659,659,622,375,859,404.51,61.37
屏東縣,牡丹鄉,石門村,213,122581,575,508,285,733,426.01,74.02
屏東縣,牡丹鄉,東源村,44,21920,498,420,295,667,276.05,55.41
屏東縣,牡丹鄉,旭海村,48,24982,520,451,285,680,301.34,57.90
屏東縣,牡丹鄉,高士村,79,48162,610,485,333,833,370.69,60.80
屏東縣,牡丹鄉,四林村,62,23396,377,309,197,533,225.32,59.71
花蓮縣,花蓮市,民有里,182,111277,611,494,304,859,448.41,73.34
花蓮縣,花蓮市,國慶里,988,831822,842,583,327,1027,885.55,105.18
花蓮縣,花蓮市,民權里,133,92899,698,508,343,834,606.70,86.86
花蓮縣,花蓮市,民生里,438,285726,652,487,279,789,580.90,89.05
花蓮縣,花蓮市,民主里,181,112708,623,477,306,839,473.74,76.08
花蓮縣,花蓮市,國光里,408,309803,759,519,305,930,807.27,106.32
花蓮縣,花蓮市,民德里,516,476398,923,721,408,1209,765.54,82.92
花蓮縣,花蓮市,民政里,943,797802,846,671,357,1103,723.40,85.51
花蓮縣,花蓮市,民治里,121,85266,705,626,385,934,457.52,64.93
花蓮縣,花蓮市,國安里,148,131216,887,709,385,1077,862.18,97.25
花蓮縣,花蓮市,民族里,198,152374,770,531,294,958,743.17,96.57
花蓮縣,花蓮市,民享里,914,663669,726,586,324,902,624.56,86.01
花蓮縣,花蓮市,國華里,671,576376,859,673,379,1129,772.30,89.91
花蓮縣,花蓮市,民樂里,205,154195,752,546,345,912,742.11,98.66
花蓮縣,花蓮市,國富里,1572,1276877,812,605,358,1051,683.73,84.18
花蓮縣,花蓮市,民意里,437,274672,629,525,311,816,461.72,73.46
花蓮縣,花蓮市,民運里,578,399670,691,535,305,859,646.69,93.52
花蓮縣,花蓮市,民立里,452,430312,952,747,407,1199,781.13,82.05
花蓮縣,花蓮市,民勤里,1037,912193,880,683,393,1110,768.66,87.38
花蓮縣,花蓮市,主商里,278,213891,769,533,298,920,806.57,104.83
花蓮縣,花蓮市,主勤里,331,265522,802,574,339,981,850.22,105.99
花蓮縣,花蓮市,主工里,205,134008,654,481,253,890,570.51,87.28
花蓮縣,花蓮市,主睦里,160,103926,650,512,268,766,592.04,91.15
花蓮縣,花蓮市,主義里,136,84527,622,391,237,768,695.05,111.83
花蓮縣,花蓮市,主計里,208,136745,657,516,279,863,595.91,90.64
花蓮縣,花蓮市,主信里,234,178061,761,549,320,926,693.38,91.12
花蓮縣,花蓮市,主和里,725,446623,616,490,300,776,486.74,79.01
花蓮縣,花蓮市,主學里,544,403960,743,550,325,949,672.17,90.52
花蓮縣,花蓮市,主農里,1551,1123350,724,572,325,959,601.30,83.02
花蓮縣,花蓮市,主力里,850,637798,750,538,303,910,719.41,95.88
花蓮縣,花蓮市,主權里,1429,1021406,715,544,336,933,573.95,80.30
花蓮縣,花蓮市,國治里,382,329647,863,634,350,1107,778.10,90.17
花蓮縣,花蓮市,國風里,1061,804295,758,560,330,917,666.67,87.94
花蓮縣,花蓮市,國威里,527,443928,842,613,328,1106,772.04,91.65
花蓮縣,花蓮市,國魂里,567,436258,769,567,333,938,749.99,97.48
花蓮縣,花蓮市,國聯里,1322,927471,702,540,309,927,594.68,84.77
花蓮縣,花蓮市,國福里,288,148068,514,466,294,647,332.86,64.74
花蓮縣,花蓮市,國強里,377,250379,664,554,328,876,487.13,73.35
花蓮縣,花蓮市,國防里,228,150390,660,523,314,827,520.96,78.98
花蓮縣,花蓮市,民心里,249,195561,785,501,318,951,841.07,107.09
花蓮縣,花蓮市,國裕里,1104,845715,766,601,345,1013,597.13,77.95
花蓮縣,光復鄉,大同村,266,146861,552,426,263,769,444.69,80.54
花蓮縣,光復鄉,大興村,112,46017,411,332,194,537,319.78,77.83
花蓮縣,光復鄉,大進村,171,133907,783,692,413,986,505.57,64.56
花蓮縣,光復鄉,大華村,305,200863,659,510,306,815,637.36,96.78
花蓮縣,光復鄉,大平村,225,105873,471,405,223,697,320.11,68.03
花蓮縣,光復鄉,南富村,236,117411,498,465,246,699,331.68,66.67
花蓮縣,光復鄉,大富村,77,43195,561,534,297,718,334.51,59.63
花蓮縣,光復鄉,大豐村,116,69507,599,432,242,639,1035.91,172.88
花蓮縣,光復鄉,大安村,258,180690,700,537,328,970,600.39,85.73
花蓮縣,光復鄉,大全村,173,76885,444,413,221,577,295.34,66.46
花蓮縣,光復鄉,大馬村,227,109287,481,392,220,661,352.35,73.19
花蓮縣,光復鄉,東富村,324,144910,447,358,201,602,386.39,86.39
花蓮縣,光復鄉,西富村,261,120326,461,404,240,644,316.49,68.65
花蓮縣,光復鄉,北富村,225,98925,440,405,205,617,293.57,66.77
花蓮縣,玉里鎮,三民里,170,93564,550,474,290,720,365.95,66.49
花蓮縣,玉里鎮,永昌里,294,206562,703,563,357,908,518.81,73.84
花蓮縣,玉里鎮,東豐里,98,40519,413,381,225,543,248.91,60.20
花蓮縣,玉里鎮,觀音里,300,131153,437,385,241,572,298.59,68.30
花蓮縣,玉里鎮,泰昌里,288,234129,813,608,352,990,839.56,103.27
花蓮縣,玉里鎮,春日里,134,64177,479,420,300,589,253.00,52.83
花蓮縣,玉里鎮,中城里,1269,948197,747,608,352,963,599.43,80.22
花蓮縣,玉里鎮,國武里,392,335302,855,668,357,1067,823.37,96.26
花蓮縣,玉里鎮,啟模里,368,282667,768,536,314,847,921.99,120.03
花蓮縣,玉里鎮,源城里,265,135251,510,441,282,647,434.16,85.07
花蓮縣,玉里鎮,長良里,128,52691,412,360,245,493,281.84,68.47
花蓮縣,玉里鎮,樂合里,251,109094,435,364,227,587,291.01,66.95
花蓮縣,玉里鎮,松浦里,382,144912,379,338,215,504,235.72,62.14
花蓮縣,玉里鎮,德武里,192,79136,412,367,238,498,272.07,66.01
花蓮縣,玉里鎮,大禹里,243,132204,544,481,314,708,344.59,63.34
花蓮縣,新城鄉,順安村,171,92341,540,432,279,733,387.68,71.79
花蓮縣,新城鄉,新城村,409,258818,633,518,302,808,542.80,85.78
花蓮縣,新城鄉,北埔村,915,566436,619,506,320,788,453.42,73.24
花蓮縣,新城鄉,康樂村,653,377344,578,475,268,724,575.03,99.51
花蓮縣,新城鄉,佳林村,182,97786,537,452,297,687,370.16,68.89
花蓮縣,新城鄉,嘉里村,694,402663,580,480,296,730,442.51,76.27
花蓮縣,新城鄉,嘉新村,204,105113,515,386,255,624,456.80,88.65
花蓮縣,新城鄉,大漢村,593,312371,527,454,291,673,367.75,69.81
花蓮縣,吉安鄉,永安村,983,659946,671,552,321,867,514.67,76.66
花蓮縣,吉安鄉,仁里村,1631,1072414,658,526,317,847,508.32,77.31
花蓮縣,吉安鄉,永興村,684,379826,555,466,298,688,405.44,73.01
花蓮縣,吉安鄉,福興村,581,354497,610,502,290,810,443.37,72.67
花蓮縣,吉安鄉,干城村,262,160955,614,518,330,733,465.14,75.72
花蓮縣,吉安鄉,南昌村,942,605459,643,512,291,854,499.71,77.75
花蓮縣,吉安鄉,仁安村,503,280697,558,444,269,698,461.41,82.68
花蓮縣,吉安鄉,仁和村,1013,586000,578,478,296,748,438.03,75.72
花蓮縣,吉安鄉,光華村,236,143889,610,486,319,699,618.25,101.40
花蓮縣,吉安鄉,南華村,402,224534,559,464,264,700,482.33,86.36
花蓮縣,吉安鄉,東昌村,1224,828057,677,538,329,886,492.26,72.76
花蓮縣,吉安鄉,北昌村,1971,1597790,811,616,341,1091,696.42,85.91
花蓮縣,吉安鄉,宜昌村,976,662278,679,507,300,878,573.08,84.45
花蓮縣,吉安鄉,太昌村,737,460519,625,537,325,778,454.94,72.81
花蓮縣,吉安鄉,慶豐村,1458,1000269,686,552,336,869,570.07,83.09
花蓮縣,吉安鄉,吉安村,1029,807466,785,599,336,1031,716.65,91.33
花蓮縣,吉安鄉,稻香村,742,562791,758,616,334,1012,603.26,79.54
花蓮縣,吉安鄉,勝安村,1041,767980,738,542,319,967,687.01,93.12
花蓮縣,壽豐鄉,共和村,141,77931,553,389,269,658,659.40,119.31
花蓮縣,壽豐鄉,月眉村,164,82007,500,433,263,594,381.84,76.36
花蓮縣,壽豐鄉,平和村,288,157817,548,461,271,723,379.15,69.19
花蓮縣,壽豐鄉,豐山村,448,226996,507,418,243,630,388.50,76.67
花蓮縣,壽豐鄉,池南村,189,108918,576,466,312,723,465.24,80.73
花蓮縣,壽豐鄉,志學村,504,328778,652,501,309,838,520.99,79.86
花蓮縣,壽豐鄉,光榮村,218,104468,479,380,240,661,347.96,72.61
花蓮縣,壽豐鄉,壽豐村,406,243195,599,473,266,732,528.71,88.27
花蓮縣,壽豐鄉,豐裡村,337,165623,491,384,240,604,397.85,80.95
花蓮縣,壽豐鄉,豐坪村,187,106021,567,425,269,641,587.42,103.61
花蓮縣,壽豐鄉,溪口村,214,111922,523,451,279,705,333.53,63.77
花蓮縣,壽豐鄉,米棧村,51,20538,403,399,202,510,237.06,58.87
花蓮縣,壽豐鄉,水璉村,159,76849,483,392,223,642,368.91,76.33
花蓮縣,壽豐鄉,鹽寮村,122,68670,563,429,267,723,481.25,85.50
花蓮縣,壽豐鄉,樹湖村,75,43702,583,461,264,686,676.61,116.12
花蓮縣,鳳林鎮,林榮里,237,126138,532,403,263,660,422.82,79.44
花蓮縣,鳳林鎮,大榮里,356,191254,537,421,256,720,399.32,74.33
花蓮縣,鳳林鎮,南平里,172,86844,505,424,280,650,329.55,65.27
花蓮縣,鳳林鎮,鳳仁里,334,198663,595,478,306,757,478.83,80.50
花蓮縣,鳳林鎮,鳳義里,141,92844,658,481,296,802,809.61,122.95
花蓮縣,鳳林鎮,鳳禮里,199,132575,666,546,297,850,549.80,82.53
花蓮縣,鳳林鎮,鳳智里,345,244083,707,566,345,1022,480.35,67.89
花蓮縣,鳳林鎮,鳳信里,317,189086,596,478,309,737,462.41,77.52
花蓮縣,鳳林鎮,北林里,124,57487,464,397,248,570,337.70,72.84
花蓮縣,鳳林鎮,山興里,104,48440,466,442,301,545,297.17,63.80
花蓮縣,鳳林鎮,長橋里,241,137431,570,500,302,730,368.36,64.60
花蓮縣,鳳林鎮,森榮里,53,30906,583,540,400,671,317.78,54.49
花蓮縣,豐濱鄉,新社村,147,60565,412,358,211,523,296.15,71.88
花蓮縣,豐濱鄉,港口村,207,79040,382,317,190,500,323.31,84.67
花蓮縣,豐濱鄉,豐濱村,488,202758,415,388,216,549,263.31,63.37
花蓮縣,豐濱鄉,靜浦村,245,83943,343,263,150,490,261.99,76.47
花蓮縣,豐濱鄉,磯崎村,68,27535,405,330,187,575,275.45,68.03
花蓮縣,瑞穗鄉,富源村,177,98070,554,465,324,673,373.14,67.35
花蓮縣,瑞穗鄉,富興村,150,76253,508,452,263,687,343.15,67.50
花蓮縣,瑞穗鄉,鶴岡村,209,78836,377,305,180,494,306.40,81.23
花蓮縣,瑞穗鄉,瑞穗村,409,243328,595,457,303,783,450.29,75.69
花蓮縣,瑞穗鄉,瑞良村,128,62195,486,430,285,596,374.02,76.97
花蓮縣,瑞穗鄉,瑞美村,453,271514,599,474,317,732,452.75,75.54
花蓮縣,瑞穗鄉,瑞祥村,178,99987,562,471,278,726,438.78,78.11
花蓮縣,瑞穗鄉,瑞北村,127,59578,469,357,190,659,396.37,84.49
花蓮縣,瑞穗鄉,奇美村,103,34919,339,314,143,490,242.54,71.54
花蓮縣,瑞穗鄉,富民村,225,96740,430,366,237,559,295.71,68.78
花蓮縣,瑞穗鄉,舞鶴村,203,97257,479,417,260,596,346.52,72.33
花蓮縣,富里鄉,新興村,141,64431,457,397,228,603,330.41,72.31
花蓮縣,富里鄉,石牌村,198,105077,531,469,282,737,344.62,64.94
花蓮縣,富里鄉,永豐村,131,54876,419,370,228,579,261.04,62.32
花蓮縣,富里鄉,學田村,105,50494,481,401,300,624,287.44,59.77
花蓮縣,富里鄉,竹田村,225,106606,474,416,234,606,316.36,66.77
花蓮縣,富里鄉,富里村,364,201826,554,465,254,703,419.50,75.66
花蓮縣,富里鄉,富南村,101,50939,504,440,273,656,341.93,67.80
花蓮縣,富里鄉,明里村,96,46142,481,380,225,581,377.86,78.61
花蓮縣,富里鄉,羅山村,87,43471,500,456,278,653,315.66,63.17
花蓮縣,富里鄉,萬寧村,150,78636,524,417,266,622,532.95,101.66
花蓮縣,富里鄉,豐南村,129,53741,417,334,210,529,318.03,76.34
花蓮縣,富里鄉,東里村,284,148093,521,428,249,648,454.10,87.08
花蓮縣,富里鄉,吳江村,124,57653,465,420,250,602,282.46,60.75
花蓮縣,秀林鄉,和平村,278,141436,509,429,282,633,420.10,82.57
花蓮縣,秀林鄉,秀林村,343,181744,530,456,268,732,370.12,69.85
花蓮縣,秀林鄉,崇德村,329,130430,396,339,193,548,292.45,73.77
花蓮縣,秀林鄉,富世村,389,186544,480,402,217,657,378.08,78.84
花蓮縣,秀林鄉,景美村,299,127301,426,354,185,611,345.58,81.17
花蓮縣,秀林鄉,佳民村,159,65453,412,329,200,581,293.42,71.28
花蓮縣,秀林鄉,銅門村,317,145447,459,370,208,645,375.85,81.92
花蓮縣,秀林鄉,文蘭村,226,123138,545,463,234,715,499.04,91.59
花蓮縣,秀林鄉,水源村,235,94932,404,347,197,554,279.43,69.17
花蓮縣,萬榮鄉,西林村,317,137474,434,394,192,655,313.70,72.34
花蓮縣,萬榮鄉,見晴村,164,63126,385,327,129,593,311.38,80.90
花蓮縣,萬榮鄉,萬榮村,173,83639,483,430,226,682,395.75,81.86
花蓮縣,萬榮鄉,明利村,160,72036,450,372,228,650,326.16,72.44
花蓮縣,萬榮鄉,馬遠村,386,127175,329,273,141,462,255.28,77.48
花蓮縣,萬榮鄉,紅葉村,304,122440,403,350,193,538,294.02,73.00
花蓮縣,卓溪鄉,太平村,150,68678,458,411,208,650,311.29,67.99
花蓮縣,卓溪鄉,崙山村,118,58131,493,457,274,590,317.70,64.49
花蓮縣,卓溪鄉,立山村,225,90215,401,341,207,552,291.36,72.67
花蓮縣,卓溪鄉,卓溪村,139,71829,517,454,294,671,295.77,57.24
花蓮縣,卓溪鄉,卓清村,189,82068,434,394,247,564,278.03,64.03
花蓮縣,卓溪鄉,古風村,189,82482,436,393,229,561,286.89,65.74
臺東縣,臺東市,自強里,1062,961388,905,696,405,1176,839.03,92.68
臺東縣,臺東市,中正里,277,200049,722,510,261,930,729.39,101.00
臺東縣,臺東市,中華里,351,222651,634,491,308,836,507.24,79.96
臺東縣,臺東市,光明里,479,366510,765,635,406,974,517.28,67.60
臺東縣,臺東市,仁愛里,177,114992,650,533,345,799,472.81,72.78
臺東縣,臺東市,建國里,259,152766,590,480,301,779,396.39,67.20
臺東縣,臺東市,民權里,277,258645,934,599,364,983,1236.68,132.44
臺東縣,臺東市,永樂里,314,233232,743,628,360,914,597.50,80.44
臺東縣,臺東市,新生里,1447,1187004,820,622,374,1062,687.31,83.79
臺東縣,臺東市,中山里,308,244057,792,548,288,972,1599.47,201.85
臺東縣,臺東市,成功里,166,98173,591,488,307,821,404.80,68.45
臺東縣,臺東市,康樂里,226,143605,635,538,359,820,409.40,64.43
臺東縣,臺東市,文化里,330,280634,850,689,426,1140,772.67,90.86
臺東縣,臺東市,大同里,184,140359,763,627,334,1052,589.33,77.26
臺東縣,臺東市,中心里,727,665430,915,697,404,1197,845.41,92.36
臺東縣,臺東市,豐年里,463,240980,520,443,232,682,399.36,76.73
臺東縣,臺東市,四維里,144,72589,504,390,241,655,386.07,76.59
臺東縣,臺東市,民生里,756,620516,821,628,365,1080,674.51,82.18
臺東縣,臺東市,復興里,108,75523,699,582,351,887,506.65,72.45
臺東縣,臺東市,新興里,290,198317,684,570,339,891,493.67,72.19
臺東縣,臺東市,建興里,171,98658,577,491,280,708,432.79,75.01
臺東縣,臺東市,豐樂里,272,182525,671,532,296,900,526.34,78.44
臺東縣,臺東市,復國里,122,75659,620,513,310,768,460.07,74.19
臺東縣,臺東市,民族里,503,459615,914,671,371,1215,796.71,87.19
臺東縣,臺東市,建和里,206,120394,584,499,355,766,350.30,59.94
臺東縣,臺東市,建業里,212,113346,535,437,281,707,380.04,71.08
臺東縣,臺東市,興國里,199,142429,716,560,322,929,588.12,82.17
臺東縣,臺東市,富岡里,231,116877,506,422,249,665,374.82,74.08
臺東縣,臺東市,東海里,799,714532,894,720,418,1152,741.43,82.91
臺東縣,臺東市,豐田里,302,197291,653,531,334,847,612.17,93.71
臺東縣,臺東市,豐原里,170,100814,593,515,320,788,401.94,67.78
臺東縣,臺東市,豐榮里,1639,1258072,768,615,383,996,627.80,81.79
臺東縣,臺東市,寶桑里,185,116283,629,503,320,800,477.37,75.95
臺東縣,臺東市,豐里里,355,218089,614,520,324,829,398.95,64.94
臺東縣,臺東市,鐵花里,132,106698,808,564,308,1028,801.55,99.16
臺東縣,臺東市,強國里,139,97014,698,528,306,842,623.67,89.36
臺東縣,臺東市,馬蘭里,881,720887,818,658,397,1064,717.45,87.68
臺東縣,臺東市,卑南里,567,451677,797,624,385,1074,591.27,74.22
臺東縣,臺東市,南王里,508,330003,650,562,304,845,459.86,70.79
臺東縣,臺東市,知本里,170,92046,541,439,282,703,372.64,68.82
臺東縣,臺東市,南榮里,394,242053,614,473,286,788,512.66,83.45
臺東縣,臺東市,岩灣里,200,136544,683,574,362,903,467.39,68.46
臺東縣,臺東市,新園里,208,106982,514,451,279,624,352.66,68.57
臺東縣,臺東市,豐谷里,1008,690453,685,548,331,884,501.67,73.24
臺東縣,臺東市,建農里,131,63339,484,435,269,628,298.19,61.67
臺東縣,臺東市,富豐里,144,60371,419,383,218,569,286.46,68.33
臺東縣,成功鎮,三民里,601,326236,543,415,264,648,1052.40,193.88
臺東縣,成功鎮,和平里,189,82059,434,374,247,545,264.17,60.84
臺東縣,成功鎮,忠孝里,206,92625,450,404,255,551,323.09,71.86
臺東縣,成功鎮,信義里,402,174280,434,379,240,560,282.34,65.13
臺東縣,成功鎮,博愛里,172,67871,395,363,224,517,224.56,56.91
臺東縣,成功鎮,三仙里,386,157724,409,355,220,520,262.48,64.24
臺東縣,成功鎮,忠仁里,431,249392,579,496,350,717,411.99,71.20
臺東縣,成功鎮,忠智里,415,274219,661,528,329,877,491.72,74.42
臺東縣,關山鎮,新福里,186,107400,577,440,264,671,571.35,98.95
臺東縣,關山鎮,德高里,353,180924,513,434,299,644,336.62,65.68
臺東縣,關山鎮,月眉里,125,67082,537,447,300,713,343.03,63.92
臺東縣,關山鎮,里？里,397,288113,726,549,351,938,608.26,83.81
臺東縣,關山鎮,中福里,198,141442,714,612,387,925,476.46,66.70
臺東縣,關山鎮,豐泉里,252,180872,718,581,379,929,531.48,74.05
臺東縣,關山鎮,電光里,100,40657,407,351,236,509,251.39,61.83
臺東縣,卑南鄉,太平村,507,313682,619,518,340,776,413.06,66.76
臺東縣,卑南鄉,富源村,56,27221,486,411,274,542,312.35,64.26
臺東縣,卑南鄉,東興村,154,74193,482,409,283,652,284.12,58.97
臺東縣,卑南鄉,泰安村,154,78739,511,445,252,638,376.53,73.64
臺東縣,卑南鄉,溫泉村,165,94945,575,478,284,743,442.43,76.89
臺東縣,卑南鄉,賓朗村,437,269948,618,487,318,778,468.02,75.76
臺東縣,卑南鄉,美農村,135,76510,567,500,255,790,399.23,70.44
臺東縣,卑南鄉,初鹿村,209,135037,646,533,350,781,532.76,82.46
臺東縣,卑南鄉,嘉豐村,79,37174,471,432,245,600,323.90,68.83
臺東縣,卑南鄉,利嘉村,161,103492,643,566,359,827,401.64,62.48
臺東縣,卑南鄉,利吉村,67,30554,456,400,229,565,342.73,75.15
臺東縣,卑南鄉,明？村,190,108758,572,448,275,697,602.88,105.32
臺東縣,卑南鄉,富山村,92,38479,418,379,228,529,261.44,62.51
臺東縣,大武鄉,南興村,37,17908,484,420,291,601,263.94,54.53
臺東縣,大武鄉,尚武村,230,121887,530,411,265,701,378.85,71.49
臺東縣,大武鄉,大竹村,99,49984,505,436,263,701,315.44,62.48
臺東縣,大武鄉,大武村,274,156916,573,440,265,749,448.30,78.28
臺東縣,大武鄉,大鳥村,133,71449,537,504,264,733,324.68,60.44
臺東縣,太麻里鄉,三和村,97,43215,446,405,294,546,232.54,52.20
臺東縣,太麻里鄉,北里村,52,25718,495,360,244,552,464.21,93.86
臺東縣,太麻里鄉,美和村,202,90616,449,357,211,627,324.08,72.24
臺東縣,太麻里鄉,泰和村,237,150365,634,525,342,784,472.85,74.53
臺東縣,太麻里鄉,大王村,258,154247,598,514,339,760,379.25,63.44
臺東縣,太麻里鄉,金崙村,202,97441,482,426,272,633,283.36,58.74
臺東縣,太麻里鄉,多良村,151,57342,380,288,169,518,313.62,82.59
臺東縣,太麻里鄉,華源村,77,43294,562,460,261,700,411.56,73.20
臺東縣,太麻里鄉,香蘭村,116,52714,454,389,231,572,323.85,71.26
臺東縣,東河鄉,尚德村,29,11756,405,414,224,474,271.42,66.95
臺東縣,東河鄉,東河村,245,129384,528,427,260,698,458.44,86.81
臺東縣,東河鄉,泰源村,318,140973,443,372,230,573,309.96,69.92
臺東縣,東河鄉,北源村,317,132434,418,371,252,527,244.11,58.43
臺東縣,東河鄉,隆昌村,141,69535,493,431,256,635,346.72,70.31
臺東縣,東河鄉,興昌村,177,80592,455,388,221,570,346.49,76.10
臺東縣,東河鄉,都蘭村,431,209797,487,370,219,581,581.25,119.41
臺東縣,長濱鄉,三間村,383,153349,400,339,202,543,297.00,74.18
臺東縣,長濱鄉,樟原村,196,80971,413,364,209,518,319.79,77.41
臺東縣,長濱鄉,長濱村,490,234949,479,383,240,607,374.87,78.18
臺東縣,長濱鄉,忠勇村,155,60337,389,342,202,512,267.62,68.75
臺東縣,長濱鄉,竹湖村,261,97117,372,319,198,494,253.50,68.13
臺東縣,長濱鄉,寧埔村,520,177760,342,294,137,485,274.22,80.22
臺東縣,鹿野鄉,永安村,207,102859,497,412,237,625,418.64,84.25
臺東縣,鹿野鄉,瑞豐村,175,92109,526,443,293,654,373.79,71.02
臺東縣,鹿野鄉,鹿野村,209,116369,557,526,355,697,327.67,58.85
臺東縣,鹿野鄉,瑞源村,176,92954,528,439,235,699,428.18,81.07
臺東縣,鹿野鄉,龍田村,167,100479,602,495,355,710,480.42,79.85
臺東縣,鹿野鄉,瑞隆村,173,86671,501,427,277,635,352.92,70.45
臺東縣,鹿野鄉,瑞和村,142,65405,461,382,222,599,351.51,76.32
臺東縣,池上鄉,新興村,203,104915,517,427,275,680,353.71,68.44
臺東縣,池上鄉,大坡村,87,34288,394,338,200,521,250.09,63.46
臺東縣,池上鄉,富興村,103,42896,416,342,215,518,335.46,80.55
臺東縣,池上鄉,萬安村,101,48397,479,352,229,591,373.74,78.00
臺東縣,池上鄉,大埔村,213,116679,548,419,254,686,470.65,85.92
臺東縣,池上鄉,振興村,83,35960,433,404,240,586,258.16,59.59
臺東縣,池上鄉,慶豐村,149,74789,502,432,292,602,323.12,64.38
臺東縣,池上鄉,福原村,492,312437,635,498,295,870,491.54,77.40
臺東縣,池上鄉,福文村,241,115093,478,388,250,637,335.91,70.34
臺東縣,池上鄉,錦園村,88,48341,549,479,266,746,384.46,69.99
臺東縣,綠島鄉,公？村,161,107047,665,624,311,936,419.43,63.08
臺東縣,綠島鄉,南寮村,158,123962,785,714,488,917,553.01,70.49
臺東縣,綠島鄉,中寮村,174,131175,754,644,378,933,535.50,71.03
臺東縣,延平鄉,桃源村,218,102207,469,376,209,673,374.97,79.98
臺東縣,延平鄉,紅葉村,98,42113,430,380,223,571,277.27,64.52
臺東縣,延平鄉,武陵村,121,50945,421,357,184,564,319.98,76.00
臺東縣,延平鄉,永康村,55,22031,401,352,247,510,251.01,62.67
臺東縣,延平鄉,鸞山村,99,40926,413,352,200,521,296.37,71.69
臺東縣,海端鄉,崁頂村,147,83058,565,530,361,715,282.01,49.91
臺東縣,海端鄉,海端村,188,92714,493,421,268,608,363.99,73.81
臺東縣,海端鄉,加拿村,72,35665,495,416,295,689,278.04,56.13
臺東縣,海端鄉,霧鹿村,49,25620,523,409,260,748,321.26,61.44
臺東縣,海端鄉,利稻村,42,17529,417,345,205,529,282.25,67.63
臺東縣,海端鄉,廣原村,119,62883,528,478,292,750,355.44,67.26
臺東縣,達仁鄉,土？村,110,54936,499,390,240,604,465.99,93.31
臺東縣,達仁鄉,台？村,91,39347,432,363,194,590,331.50,76.67
臺東縣,達仁鄉,新化村,37,20085,543,475,297,722,339.52,62.55
臺東縣,達仁鄉,安朔村,72,45550,633,596,352,821,362.44,57.29
臺東縣,達仁鄉,森永村,43,26099,607,466,367,794,354.48,58.40
臺東縣,達仁鄉,南田村,21,13193,628,399,232,908,595.24,94.75
臺東縣,金峰鄉,新興村,35,21077,602,655,336,780,280.96,46.65
臺東縣,金峰鄉,嘉蘭村,103,66268,643,559,390,850,360.37,56.01
臺東縣,金峰鄉,歷坵村,24,11563,482,428,260,572,297.54,61.76
臺東縣,金峰鄉,賓茂村,40,26044,651,535,354,832,447.44,68.72
臺東縣,金峰鄉,正興村,61,39660,650,643,352,887,348.91,53.66
臺東縣,蘭嶼鄉,紅頭村,66,45248,686,601,434,977,379.21,55.31
臺東縣,蘭嶼鄉,東清村,40,19729,493,417,266,703,272.78,55.31
臺東縣,蘭嶼鄉,朗島村,18,8713,484,394,300,726,238.75,49.32
臺東縣,蘭嶼鄉,椰油村,55,36265,659,650,375,823,330.68,50.15
澎湖縣,馬公市,光明里,299,265987,890,716,374,1192,693.12,77.91
澎湖縣,馬公市,光復里,533,416024,781,638,354,1017,620.85,79.54
澎湖縣,馬公市,菜園里,53,41235,778,679,394,975,497.83,63.99
澎湖縣,馬公市,朝陽里,1279,1197877,937,783,423,1210,764.81,81.66
澎湖縣,馬公市,重慶里,314,239464,763,536,300,929,828.52,108.64
澎湖縣,馬公市,中央里,126,99743,792,608,342,1165,589.97,74.53
澎湖縣,馬公市,陽明里,684,597363,873,706,389,1125,747.91,85.64
澎湖縣,馬公市,長安里,174,148982,856,616,313,1065,1022.31,119.40
澎湖縣,馬公市,中興里,238,201105,845,704,394,1211,617.15,73.04
澎湖縣,馬公市,復興里,91,66507,731,673,321,1099,527.49,72.18
澎湖縣,馬公市,光華里,86,64860,754,670,404,1072,464.34,61.57
澎湖縣,馬公市,光榮里,700,651998,931,803,450,1223,673.81,72.34
澎湖縣,馬公市,重光里,285,238627,837,716,419,1033,588.94,70.34
澎湖縣,馬公市,興仁里,136,83668,615,544,319,808,408.20,66.35
澎湖縣,馬公市,新復里,61,44009,721,583,293,790,754.74,104.61
澎湖縣,馬公市,鐵線里,69,43964,637,537,367,824,437.40,68.65
澎湖縣,馬公市,啟明里,285,228558,802,562,297,1000,835.37,104.17
澎湖縣,馬公市,西衛里,740,633637,856,781,424,1119,554.75,64.79
澎湖縣,馬公市,東文里,516,410148,795,721,399,1027,618.78,77.85
澎湖縣,馬公市,西文里,511,406151,795,632,391,1005,608.05,76.50
澎湖縣,馬公市,案山里,300,249966,833,716,415,1101,545.39,65.46
澎湖縣,馬公市,前寮里,134,103622,773,638,385,921,636.08,82.26
澎湖縣,馬公市,石泉里,369,267733,726,643,384,982,466.57,64.30
澎湖縣,馬公市,東衛里,330,235000,712,603,352,948,489.75,68.77
澎湖縣,馬公市,安宅里,86,62765,730,544,319,944,653.52,89.54
澎湖縣,馬公市,烏崁里,176,100920,573,453,266,748,458.22,79.91
澎湖縣,馬公市,山水里,230,126653,551,449,293,764,367.85,66.80
澎湖縣,馬公市,鎖港里,411,213309,519,421,290,677,344.60,66.40
澎湖縣,馬公市,井垵里,57,21840,383,383,218,516,244.28,63.75
澎湖縣,馬公市,蒔裡里,204,105737,518,454,317,642,305.72,58.98
澎湖縣,馬公市,風櫃里,160,71554,447,385,264,562,277.47,62.04
澎湖縣,馬公市,虎井里,122,59564,488,391,258,665,347.68,71.21
澎湖縣,馬公市,桶盤里,30,12844,428,338,264,519,259.55,60.62
澎湖縣,馬公市,五德里,33,26823,813,578,293,922,778.54,95.78
澎湖縣,湖西鄉,成功村,81,48947,604,536,313,796,415.07,68.69
澎湖縣,湖西鄉,潭邊村,49,30278,618,599,351,830,370.21,59.91
澎湖縣,湖西鄉,龍門村,336,179628,535,448,285,697,360.59,67.45
澎湖縣,湖西鄉,湖東村,69,44791,649,568,304,848,472.31,72.76
澎湖縣,湖西鄉,湖西村,182,121546,668,507,288,964,463.73,69.44
澎湖縣,湖西鄉,尖山村,90,52239,580,513,324,807,369.74,63.70
澎湖縣,湖西鄉,南寮村,83,54580,658,553,314,850,462.81,70.38
澎湖縣,湖西鄉,東石村,24,14587,608,592,424,785,267.43,44.00
澎湖縣,湖西鄉,北寮村,44,24088,547,504,310,713,317.28,57.96
澎湖縣,湖西鄉,西溪村,83,48175,580,502,301,805,412.07,71.00
澎湖縣,湖西鄉,白坑村,33,14443,438,344,266,503,366.25,83.68
澎湖縣,湖西鄉,青螺村,26,22458,864,894,378,1229,506.53,58.64
澎湖縣,湖西鄉,紅羅村,94,58286,620,566,341,878,382.29,61.65
澎湖縣,湖西鄉,沙港村,143,76697,536,454,269,705,398.74,74.34
澎湖縣,湖西鄉,鼎灣村,52,40617,781,720,456,972,433.01,55.44
澎湖縣,湖西鄉,中西村,25,16812,672,576,397,859,395.28,58.78
澎湖縣,湖西鄉,許家村,40,30768,769,767,372,1104,446.17,58.00
澎湖縣,湖西鄉,隘門村,140,104319,745,629,359,1057,479.38,64.33
澎湖縣,湖西鄉,林投村,179,103445,578,486,280,740,417.63,72.27
澎湖縣,湖西鄉,？葉村,89,54305,610,510,386,805,382.14,62.63
澎湖縣,湖西鄉,城北村,34,28237,831,624,480,966,590.62,71.12
澎湖縣,湖西鄉,太武村,32,26997,844,513,309,1067,1013.16,120.09
澎湖縣,白沙鄉,後寮村,104,62272,599,499,298,810,426.51,71.23
澎湖縣,白沙鄉,赤崁村,280,183554,656,539,316,928,442.61,67.52
澎湖縣,白沙鄉,中屯村,95,67662,712,689,351,1009,417.60,58.63
澎湖縣,白沙鄉,講美村,93,64404,693,513,327,962,567.59,81.96
澎湖縣,白沙鄉,城前村,20,16937,847,823,462,1088,520.10,61.42
澎湖縣,白沙鄉,鎮海村,15,11751,783,591,362,993,606.93,77.48
澎湖縣,白沙鄉,港子村,44,26473,602,531,315,838,335.27,55.72
澎湖縣,白沙鄉,小赤村,30,19228,641,574,391,761,356.03,55.55
澎湖縣,白沙鄉,岐頭村,31,19822,639,575,316,851,470.64,73.60
澎湖縣,白沙鄉,瓦硐村,42,22416,534,428,305,785,339.89,63.69
澎湖縣,白沙鄉,通梁村,124,71138,574,443,316,711,432.12,75.32
澎湖縣,白沙鄉,吉貝村,122,57230,469,403,251,582,326.01,69.50
澎湖縣,白沙鄉,鳥嶼村,193,80778,419,360,221,524,275.30,65.78
澎湖縣,白沙鄉,員貝村,22,14148,643,461,309,1020,492.20,76.54
澎湖縣,白沙鄉,大倉村,19,9854,519,440,220,604,458.81,88.47
澎湖縣,西嶼鄉,合界村,67,45219,675,568,267,998,482.30,71.46
澎湖縣,西嶼鄉,橫礁村,27,13760,510,512,241,728,295.76,58.03
澎湖縣,西嶼鄉,竹灣村,139,72109,519,400,250,664,414.95,79.99
澎湖縣,西嶼鄉,小門村,43,21272,495,362,304,597,367.67,74.32
澎湖縣,西嶼鄉,大池村,91,50646,557,408,269,685,487.74,87.64
澎湖縣,西嶼鄉,二崁村,11,5553,505,450,289,561,306.32,60.68
澎湖縣,西嶼鄉,池東村,114,81142,712,572,369,903,551.19,77.44
澎湖縣,西嶼鄉,池西村,28,16993,607,422,293,733,571.73,94.21
澎湖縣,西嶼鄉,赤馬村,89,48343,543,458,284,653,421.30,77.56
澎湖縣,西嶼鄉,內垵村,154,71492,464,380,248,559,347.29,74.81
澎湖縣,西嶼鄉,外垵村,226,114928,509,402,257,627,386.36,75.98
澎湖縣,望安鄉,東安村,147,94382,642,570,349,864,423.49,65.96
澎湖縣,望安鄉,西安村,94,64112,682,544,352,884,469.04,68.77
澎湖縣,望安鄉,中社村,32,20283,634,541,331,900,362.57,57.20
澎湖縣,望安鄉,將軍村,152,76500,503,440,278,665,326.53,64.88
澎湖縣,望安鄉,花嶼村,25,11955,478,398,244,615,359.38,75.16
澎湖縣,望安鄉,水垵村,48,33952,707,644,508,952,329.47,46.58
澎湖縣,望安鄉,東吉村,29,21179,730,567,332,783,677.52,92.77
澎湖縣,望安鄉,東坪村,32,15271,477,418,234,692,328.51,68.84
澎湖縣,望安鄉,西坪村,11,5276,480,480,304,722,229.03,47.75
澎湖縣,七美鄉,西湖村,89,56909,639,480,293,779,573.00,89.61
澎湖縣,七美鄉,南港村,155,106271,686,558,300,837,553.61,80.75
澎湖縣,七美鄉,中和村,81,46646,576,439,279,761,467.29,81.14
澎湖縣,七美鄉,東湖村,29,13486,465,405,263,579,308.86,66.42
澎湖縣,七美鄉,平和村,53,33405,630,498,305,836,443.81,70.41
澎湖縣,七美鄉,海豐村,49,32451,662,517,345,727,494.79,74.71
金門縣,金城鎮,南門里,596,521771,875,716,404,1158,661.12,75.52
金門縣,金城鎮,東門里,481,400111,832,671,402,1134,576.41,69.29
金門縣,金城鎮,西門里,1116,1077160,965,776,441,1296,717.68,74.36
金門縣,金城鎮,北門里,406,390603,962,768,457,1215,816.67,84.89
金門縣,金城鎮,賢庵里,312,251517,806,672,407,1035,551.28,68.38
金門縣,金城鎮,金水里,161,118862,738,620,343,1028,513.62,69.57
金門縣,金城鎮,古城里,384,289814,755,672,420,979,476.70,63.16
金門縣,金城鎮,珠沙里,189,145533,770,656,413,1024,510.99,66.36
金門縣,金寧鄉,古寧村,246,169116,687,562,355,834,572.58,83.29
金門縣,金寧鄉,安美村,375,287923,768,663,378,1027,532.47,69.35
金門縣,金寧鄉,湖埔村,361,318948,884,776,515,1142,570.02,64.52
金門縣,金寧鄉,榜林村,357,252052,706,619,384,908,504.37,71.44
金門縣,金寧鄉,盤山村,318,256682,807,658,423,1051,595.68,73.80
金門縣,金寧鄉,后盤村,122,95410,782,627,380,1040,583.47,74.61
金門縣,金湖鎮,正義里,194,152812,788,715,395,1081,476.52,60.50
金門縣,金湖鎮,瓊林里,291,208021,715,602,366,941,472.27,66.07
金門縣,金湖鎮,新市里,458,366023,799,656,408,1036,590.37,73.87
金門縣,金湖鎮,山外里,314,250032,796,654,387,1037,578.64,72.67
金門縣,金湖鎮,溪湖里,118,78326,664,580,387,827,389.40,58.66
金門縣,金湖鎮,蓮庵里,130,87180,671,559,361,812,494.49,73.74
金門縣,金湖鎮,料羅里,145,114833,792,593,388,896,885.30,111.79
金門縣,金湖鎮,新湖里,455,406085,892,749,429,1107,705.81,79.08
金門縣,金沙鎮,西園里,100,81442,814,736,428,1099,486.32,59.71
金門縣,金沙鎮,三山里,137,99154,724,572,409,909,546.92,75.57
金門縣,金沙鎮,汶沙里,460,376449,818,647,387,991,1221.56,149.27
金門縣,金沙鎮,何斗里,160,119357,746,617,378,947,551.70,73.96
金門縣,金沙鎮,埔山里,166,114604,690,621,405,875,403.43,58.44
金門縣,金沙鎮,官嶼里,144,108906,756,624,373,978,576.20,76.19
金門縣,金沙鎮,光前里,182,141596,778,630,427,984,641.17,82.41
金門縣,金沙鎮,大洋里,100,70826,708,656,401,933,416.34,58.78
金門縣,烈嶼鄉,上林村,78,63850,819,659,460,1050,533.84,65.21
金門縣,烈嶼鄉,林湖村,247,167647,679,587,351,901,444.32,65.46
金門縣,烈嶼鄉,黃埔村,88,68821,782,633,448,1002,578.12,73.92
金門縣,烈嶼鄉,西口村,143,92684,648,571,330,834,417.75,64.45
金門縣,烈嶼鄉,上岐村,184,116196,632,509,351,782,418.79,66.32
金門縣,烏坵鄉,大坵村,37,30271,818,684,415,1020,572.44,69.97
金門縣,烏坵鄉,小坵村,58,52662,908,675,406,1328,632.10,69.62
連江縣,南竿鄉,復興村,173,177631,1027,821,533,1346,798.40,77.76
連江縣,南竿鄉,清水村,69,67613,980,752,535,1175,920.32,93.92
連江縣,南竿鄉,仁愛村,104,99092,953,803,506,1376,595.89,62.54
連江縣,南竿鄉,四維村,32,36844,1151,887,622,1502,765.63,66.50
連江縣,南竿鄉,介壽村,469,449782,959,811,498,1253,674.50,70.33
連江縣,南竿鄉,福沃村,175,156472,894,748,502,1203,607.11,67.90
連江縣,南竿鄉,珠螺村,39,31193,800,731,525,1016,441.47,55.20
連江縣,南竿鄉,津沙村,39,42625,1093,963,637,1496,620.82,56.80
連江縣,南竿鄉,馬祖村,121,124995,1033,812,490,1464,715.63,69.28
連江縣,北竿鄉,白沙村,50,34710,694,684,354,884,494.83,71.28
連江縣,北竿鄉,塘岐村,177,147957,836,734,455,1058,548.59,65.63
連江縣,北竿鄉,后沃村,24,19111,796,803,305,1129,521.96,65.55
連江縣,北竿鄉,橋仔村,51,35052,687,613,397,1022,359.23,52.27
連江縣,北竿鄉,芹壁村,41,28209,688,569,497,772,356.06,51.75
連江縣,北竿鄉,？里村,49,44837,915,733,472,1155,613.34,67.03
連江縣,莒光鄉,大坪村,91,63832,701,685,396,917,407.71,58.12
連江縣,莒光鄉,青帆村,82,70496,860,659,400,1226,598.67,69.64
連江縣,莒光鄉,田沃村,29,22735,784,777,455,1008,457.11,58.31
連江縣,莒光鄉,西坵村,17,14544,856,591,435,849,759.41,88.76
連江縣,莒光鄉,福正村,22,16841,766,711,520,906,394.90,51.59
連江縣,東引鄉,中柳村,98,86540,883,727,531,1097,559.17,63.32
連江縣,東引鄉,樂華村,85,84476,994,862,568,1296,592.79,59.65
嘉義市,東區,安平里,236,177283,751,572,351,986,646.47,86.06
嘉義市,東區,建國里,215,196535,914,564,302,1195,971.47,106.27
嘉義市,東區,光復里,409,316937,775,607,338,959,744.12,96.03
嘉義市,東區,文昌里,184,122816,667,499,296,898,552.60,82.79
嘉義市,東區,中庄里,748,593389,793,621,375,1004,644.93,81.30
嘉義市,東區,興安里,549,402000,732,555,343,932,701.40,95.79
嘉義市,東區,東山里,162,130517,806,605,396,949,765.56,95.02
嘉義市,東區,豐年里,415,328724,792,601,358,1005,667.78,84.30
嘉義市,東區,仁和里,77,109310,1420,631,351,1674,2002.92,141.09
嘉義市,東區,泰安里,270,188682,699,515,295,905,616.17,88.17
嘉義市,東區,新店里,954,854854,896,648,400,1136,1042.47,116.34
嘉義市,東區,崇文里,140,119535,854,654,370,1154,828.97,97.09
嘉義市,東區,仁義里,551,439663,798,600,381,1054,1015.67,127.29
嘉義市,東區,東安里,82,76465,932,597,320,1009,1350.06,144.78
嘉義市,東區,龍山里,107,93736,876,734,412,1138,647.29,73.89
嘉義市,東區,興南里,353,298860,847,601,329,1124,761.91,89.99
嘉義市,東區,興仁里,842,638068,758,624,380,960,572.82,75.59
嘉義市,東區,太平里,1241,1258539,1014,694,410,1229,2394.97,236.16
嘉義市,東區,神農里,257,184998,720,547,321,909,607.99,84.46
嘉義市,東區,頂寮里,662,512993,775,576,333,995,686.68,88.61
嘉義市,東區,仁武里,197,158061,802,544,361,1034,858.65,107.02
嘉義市,東區,東仁里,172,149623,870,637,318,1019,905.28,104.07
嘉義市,東區,檜村里,442,374845,848,649,373,1121,683.87,80.64
嘉義市,東區,大街里,196,162470,829,485,325,933,913.95,110.26
嘉義市,東區,內安里,163,152927,938,626,420,1131,1107.57,118.05
嘉義市,東區,希康里,69,46725,677,502,338,802,663.14,97.93
嘉義市,東區,東噴里,407,463024,1138,753,407,1334,2948.80,259.20
嘉義市,東區,雲霄里,515,461505,896,664,389,1226,723.53,80.74
嘉義市,東區,頂庄里,1352,1160177,858,653,371,1124,746.91,87.04
嘉義市,東區,王田里,744,764747,1028,748,422,1235,1130.43,109.98
嘉義市,東區,圳頭里,887,717894,809,612,349,1024,928.72,114.75
嘉義市,東區,鹿寮里,99,61266,619,515,315,710,483.50,78.13
嘉義市,東區,盧厝里,1050,1156337,1101,734,392,1374,1201.35,109.09
嘉義市,東區,短竹里,1197,1080091,902,687,388,1165,825.20,91.45
嘉義市,東區,長竹里,814,886216,1089,764,423,1340,1119.16,102.80
嘉義市,東區,後庄里,999,818935,820,626,366,1055,927.05,113.09
嘉義市,東區,東川里,607,541468,892,666,395,1125,868.04,97.31
嘉義市,東區,東平里,306,270212,883,649,355,1175,800.08,90.60
嘉義市,東區,鎮南里,125,113693,910,504,285,898,1315.93,144.68
嘉義市,東區,志航里,282,209059,741,573,341,867,718.18,96.88
嘉義市,東區,祐民里,203,167888,827,480,292,894,1168.72,141.31
嘉義市,東區,蘭井里,157,92048,586,446,262,769,484.60,82.65
嘉義市,東區,新開里,390,327715,840,635,386,974,886.23,105.47
嘉義市,東區,宣信里,442,284508,644,501,317,852,483.37,75.09
嘉義市,東區,芳草？,893,673914,755,577,351,946,656.93,87.05
嘉義市,東區,安寮里,1319,1027174,779,620,350,1015,613.94,78.84
嘉義市,東區,興村里,836,605446,724,563,332,942,567.77,78.40
嘉義市,東區,北城里,295,260553,883,593,379,1044,996.92,112.87
嘉義市,東區,社口里,301,259447,862,598,353,1067,910.16,105.59
嘉義市,東區,荖藤里,659,421948,640,501,319,797,517.33,80.80
嘉義市,東區,後湖里,912,705840,774,581,360,926,825.06,106.60
嘉義市,東區,初陽里,416,420680,1011,653,337,1236,1471.34,145.50
嘉義市,東區,震安里,191,125153,655,500,295,809,597.54,91.19
嘉義市,東區,府路里,317,234986,741,560,306,891,705.15,95.13
嘉義市,東區,芳安里,640,496870,776,578,362,1004,642.94,82.81
嘉義市,西區,自強里,342,268094,784,572,371,934,715.02,91.21
嘉義市,西區,菜園里,191,127255,666,531,277,908,577.60,86.69
嘉義市,西區,保安里,1864,1255749,674,530,313,862,565.08,83.88
嘉義市,西區,集英里,113,77410,685,505,350,765,664.64,97.02
嘉義市,西區,下埤里,274,163525,597,471,278,698,556.53,93.25
嘉義市,西區,力行里,270,176894,655,502,297,779,614.98,93.87
嘉義市,西區,民安里,167,138677,830,568,341,1090,775.05,93.33
嘉義市,西區,長安里,273,148224,543,449,295,669,383.88,70.70
嘉義市,西區,中庸里,298,286728,962,697,356,1304,860.62,89.45
嘉義市,西區,民生里,90,81721,908,599,334,1129,937.63,103.26
嘉義市,西區,西平里,324,200866,620,494,339,749,517.60,83.49
嘉義市,西區,書院里,289,225659,781,558,288,940,946.41,121.21
嘉義市,西區,新西里,489,314649,643,543,328,837,462.70,71.91
嘉義市,西區,重興里,489,283764,580,459,284,716,515.07,88.76
嘉義市,西區,自治里,359,260033,724,519,300,913,698.19,96.39
嘉義市,西區,慶昌里,128,77186,603,464,275,708,584.21,96.88
嘉義市,西區,福民里,1171,1033230,882,643,374,1103,1355.90,153.67
嘉義市,西區,育英里,726,649648,895,672,366,1131,761.71,85.12
嘉義市,西區,竹圍里,1057,697414,660,521,307,833,520.57,78.90
嘉義市,西區,大溪里,389,223986,576,467,294,746,403.10,70.01
嘉義市,西區,導民里,312,232331,745,548,332,873,904.54,121.47
嘉義市,西區,華明里,228,209019,917,589,357,1105,1162.46,126.80
嘉義市,西區,湖內里,1588,1112591,701,524,326,834,1493.07,213.11
嘉義市,西區,美源里,895,752240,840,617,363,1047,810.28,96.41
嘉義市,西區,致遠里,18,18554,1031,602,301,930,1494.56,144.99
嘉義市,西區,翠岱里,4,2242,561,650,324,797,390.89,69.73
嘉義市,西區,培元里,254,178043,701,563,317,889,614.18,87.62
嘉義市,西區,車店里,1207,961352,796,604,381,1010,650.43,81.66
嘉義市,西區,光路里,1143,897616,785,610,365,1011,629.45,80.15
嘉義市,西區,北杏里,289,289642,1002,684,409,1266,1002.88,100.07
嘉義市,西區,社內里,141,112404,797,599,286,951,773.84,97.07
嘉義市,西區,榮檜里,215,182276,848,581,348,1035,841.82,99.29
嘉義市,西區,慶昇里,138,127987,927,553,317,1025,1229.80,132.60
嘉義市,西區,通運里,113,84595,749,524,293,888,977.68,130.60
嘉義市,西區,竹文里,313,182388,583,438,277,715,674.20,115.70
嘉義市,西區,香湖里,297,179586,605,473,246,756,507.62,83.95
嘉義市,西區,湖邊里,491,343525,700,567,332,868,555.21,79.36
嘉義市,西區,小湖里,140,79182,566,397,244,670,544.94,96.35
嘉義市,西區,北榮里,499,356101,714,553,319,903,616.36,86.37
嘉義市,西區,新厝里,793,585899,739,545,321,876,2023.12,273.82
嘉義市,西區,北湖里,549,344252,627,510,300,788,499.41,79.64
嘉義市,西區,竹村里,250,172644,691,522,348,903,566.97,82.10
嘉義市,西區,學圃里,155,115021,742,521,301,921,735.74,99.15
嘉義市,西區,大業里,307,223963,730,503,295,938,691.67,94.81
嘉義市,西區,功科里,235,172668,735,585,335,903,641.40,87.29
嘉義市,西區,康莊里,214,164922,771,530,311,964,740.23,96.05
嘉義市,西區,義昌里,171,136107,796,554,308,923,940.15,118.12
嘉義市,西區,福松里,220,180921,822,582,334,888,920.92,111.98
嘉義市,西區,驛站里,188,141209,751,506,275,889,839.11,111.72
嘉義市,西區,福全里,1676,1216149,726,561,344,943,589.51,81.24
嘉義市,西區,磚？里,852,633851,744,576,327,957,664.55,89.33
嘉義市,西區,劉厝里,840,562392,670,528,314,828,597.42,89.23
嘉義市,西區,港坪里,496,419327,845,647,375,1047,820.15,97.01
嘉義市,西區,頭港里,283,178149,630,527,324,786,431.53,68.55
嘉義市,西區,垂楊里,494,375003,759,523,288,899,1132.30,149.16
新竹市,東區,東勢里,214,286960,1341,833,527,1569,1579.41,117.78
新竹市,東區,中正里,222,225211,1014,644,384,1162,1283.64,126.53
新竹市,東區,三民里,1704,1820911,1069,698,393,1292,1338.06,125.22
新竹市,東區,光明里,1359,2959294,2178,1622,714,2640,2782.22,127.77
新竹市,東區,錦華里,598,560191,937,680,390,1213,820.98,87.64
新竹市,東區,南門里,251,224087,893,604,349,1100,998.83,111.88
新竹市,東區,光復里,407,496766,1221,674,379,1432,3300.89,270.44
新竹市,東區,東門里,183,164122,897,553,347,967,1084.26,120.90
新竹市,東區,水源里,1119,829872,742,583,361,891,822.97,110.97
新竹市,東區,建功里,904,1130283,1250,791,431,1457,2311.16,184.85
新竹市,東區,成功里,166,183306,1104,698,371,1290,1352.60,122.49
新竹市,東區,新光里,1174,1062013,905,607,386,1080,1266.65,140.02
新竹市,東區,湖濱里,1060,1674522,1580,781,442,1635,4045.28,256.07
新竹市,東區,福德里,468,422223,902,601,357,1044,1035.09,114.73
新竹市,東區,東山里,680,1079573,1588,998,538,1827,2761.33,173.93
新竹市,東區,榮光里,189,241989,1280,886,418,1642,1437.15,112.25
新竹市,東區,振興里,1248,1290231,1034,720,420,1301,1188.59,114.97
新竹市,東區,復興里,962,1058390,1100,729,439,1412,1189.42,108.11
新竹市,東區,新興里,1125,892962,794,602,369,1035,706.54,89.01
新竹市,東區,軍功里,1088,1180907,1085,713,412,1338,1424.96,131.28
新竹市,東區,龍山里,708,1144571,1617,1080,542,2040,2087.34,129.12
新竹市,東區,文華里,1336,1364746,1022,719,414,1295,1043.38,102.14
新竹市,東區,建華里,835,980998,1175,710,408,1339,2810.37,239.21
新竹市,東區,立功里,270,219022,811,544,322,991,973.23,119.98
新竹市,東區,東園里,999,1069186,1070,668,387,1219,2005.72,187.41
新竹市,東區,前溪里,922,725286,787,514,328,890,1231.74,156.58
新竹市,東區,金山里,1496,1864387,1246,832,456,1533,2088.35,167.57
新竹市,東區,埔頂里,879,924901,1052,673,426,1182,1762.27,167.48
新竹市,東區,育賢里,738,783277,1061,728,396,1236,1235.33,116.39
新竹市,東區,親仁里,612,666164,1089,701,418,1290,1824.12,167.58
新竹市,東區,公園里,861,967572,1124,737,416,1271,2998.69,266.84
新竹市,東區,復中里,1525,1896190,1243,725,408,1386,3067.56,246.71
新竹市,東區,綠水里,1571,2288974,1457,971,495,1859,1853.58,127.22
新竹市,東區,千甲里,623,453332,728,562,363,866,688.03,94.55
新竹市,東區,仙宮里,362,448923,1240,832,459,1671,1341.04,108.14
新竹市,東區,仙水里,2126,2510473,1181,807,428,1548,1275.23,107.99
新竹市,東區,新莊里,1622,1840352,1135,784,426,1488,1188.25,104.73
新竹市,東區,關帝里,205,156352,763,533,311,970,771.14,101.11
新竹市,東區,寺前里,273,196412,719,547,363,824,641.50,89.16
新竹市,東區,南市里,316,256909,813,609,374,961,765.35,94.14
新竹市,東區,竹蓮里,310,226627,731,543,316,936,723.00,98.90
新竹市,東區,南大里,520,398545,766,577,343,947,682.89,89.10
新竹市,東區,頂竹里,1108,1019910,920,620,367,1133,1149.08,124.83
新竹市,東區,下竹里,399,332529,833,594,378,1013,918.03,110.15
新竹市,東區,高峰里,1823,2345498,1287,644,368,1275,3310.80,257.33
新竹市,東區,柴橋里,1436,2740666,1909,930,470,2093,6273.68,328.72
新竹市,東區,光鎮里,1158,1062476,918,627,373,1144,1099.34,119.82
新竹市,東區,豐功里,913,1181557,1294,871,457,1690,1289.12,99.61
新竹市,東區,武功里,441,332027,753,567,358,998,634.64,84.29
新竹市,東區,偉功里,51,31810,624,474,324,761,578.59,92.76
新竹市,東區,關東里,1400,1359099,971,689,419,1270,842.63,86.80
新竹市,東區,科園里,2080,6805710,3272,1261,574,2475,13649.66,417.17
新竹市,東區,明湖里,1163,1115670,959,715,424,1178,874.39,91.15
新竹市,北區,西門里,194,160742,829,567,373,922,893.69,107.86
新竹市,北區,仁德里,284,219055,771,613,373,921,601.54,77.99
新竹市,北區,中山里,284,245633,865,557,296,910,1103.11,127.54
新竹市,北區,中央里,193,138983,720,521,355,894,677.61,94.10
新竹市,北區,康樂里,616,431454,700,535,333,876,614.94,87.80
新竹市,北區,福林里,1105,1093702,990,627,356,1098,1399.89,141.44
新竹市,北區,大同里,298,367921,1235,686,390,1374,2058.25,166.71
新竹市,北區,中興里,235,200670,854,571,299,1005,1059.95,124.13
新竹市,北區,光華里,452,497523,1101,744,435,1400,1131.02,102.75
新竹市,北區,金華里,678,971092,1432,962,517,1800,1841.41,128.56
新竹市,北區,大鵬里,326,208241,639,551,366,804,386.86,60.56
新竹市,北區,舊社里,1663,1838986,1106,770,431,1347,1656.93,149.84
新竹市,北區,海濱里,477,315692,662,509,335,836,531.82,80.36
新竹市,北區,北門里,158,127646,808,593,307,1021,792.12,98.05
新竹市,北區,興南里,253,275565,1089,827,428,1468,980.09,89.98
新竹市,北區,新民里,495,421686,852,589,354,1038,887.95,104.23
新竹市,北區,港北里,364,230052,632,496,331,820,448.73,71.00
新竹市,北區,光田里,785,641588,817,586,369,955,808.13,98.88
新竹市,北區,育英里,1299,1298385,1000,712,414,1225,1177.27,117.78
新竹市,北區,民富里,1505,1290812,858,586,343,969,1530.81,178.48
新竹市,北區,武陵里,365,289968,794,586,368,958,819.76,103.19
新竹市,北區,南勢里,1101,730766,664,518,332,834,540.51,81.43
新竹市,北區,中寮里,491,319380,650,522,335,801,537.09,82.57
新竹市,北區,潛園里,320,281932,881,607,361,1030,883.52,100.28
新竹市,北區,崇禮里,435,354426,815,594,356,965,892.30,109.52
新竹市,北區,石坊里,204,166040,814,594,348,997,817.65,100.46
新竹市,北區,西雅里,881,672589,763,612,370,1008,586.59,76.84
新竹市,北區,曲溪里,1385,1028403,743,552,347,948,689.39,92.84
新竹市,北區,客雅里,974,722574,742,551,342,882,731.18,98.56
新竹市,北區,長和里,378,276572,732,570,350,895,614.58,84.00
新竹市,北區,文雅里,1282,1136784,887,623,385,1089,951.38,107.29
新竹市,北區,湳雅里,884,1003737,1135,701,421,1334,1477.01,130.08
新竹市,北區,士林里,968,729369,753,547,343,895,826.03,109.63
新竹市,北區,古賢里,291,197563,679,515,310,834,590.81,87.02
新竹市,北區,南寮里,1100,692540,630,493,309,768,1051.99,167.09
新竹市,北區,舊港里,149,94870,637,471,322,752,601.46,94.46
新竹市,北區,水田里,1016,1175659,1157,695,403,1296,2918.56,252.22
新竹市,北區,境福里,1254,1103749,880,626,381,1106,813.13,92.38
新竹市,北區,磐石里,1480,1333039,901,639,386,1113,962.42,106.85
新竹市,北區,新雅里,1253,813240,649,533,337,823,478.95,73.79
新竹市,北區,金竹里,1593,1762076,1106,792,444,1429,1146.89,103.68
新竹市,北區,湳中里,1640,2110242,1287,989,526,1645,1266.07,98.39
新竹市,北區,金雅里,601,519567,865,601,374,1026,878.75,101.65
新竹市,北區,台溪里,410,319950,780,561,359,931,884.52,113.35
新竹市,香山區,南港里,275,170879,621,477,323,727,581.77,93.62
新竹市,香山區,大湖里,257,183124,713,603,371,910,523.95,73.53
新竹市,香山區,內湖里,1180,791504,671,530,343,828,549.60,81.94
新竹市,香山區,港南里,561,341891,609,498,314,724,532.52,87.38
新竹市,香山區,海山里,615,469945,764,533,346,868,868.70,113.68
新竹市,香山區,中埔里,886,693074,782,587,361,1013,652.27,83.38
新竹市,香山區,頂埔里,1204,1255677,1043,645,385,1098,3200.06,306.84
新竹市,香山區,頂福里,876,692955,791,618,371,1019,661.37,83.61
新竹市,香山區,茄苳里,215,124259,578,480,287,749,416.79,72.11
新竹市,香山區,大庄里,783,515953,659,542,338,825,503.53,76.41
新竹市,香山區,香山里,1001,675288,675,524,343,836,532.21,78.89
新竹市,香山區,牛埔里,871,721042,828,596,366,964,905.88,109.43
新竹市,香山區,埔前里,860,638945,743,571,368,906,658.65,88.65
新竹市,香山區,樹下里,683,407260,596,494,307,749,456.19,76.51
新竹市,香山區,浸水里,558,335799,602,516,328,759,409.16,67.99
新竹市,香山區,虎林里,669,485960,726,555,360,907,661.77,91.10
新竹市,香山區,虎山里,1532,943312,616,491,320,766,504.36,81.91
新竹市,香山區,香村里,670,754841,1127,622,370,1188,1672.30,148.43
新竹市,香山區,東香里,785,1021782,1302,843,427,1642,1997.50,153.46
新竹市,香山區,美山里,300,208831,696,540,355,892,648.28,93.13
新竹市,香山區,朝山里,577,362370,628,508,332,765,487.27,77.59
新竹市,香山區,鹽水里,383,232795,608,521,340,725,494.79,81.40
新竹市,香山區,中隘里,483,358312,742,565,335,880,701.28,94.53
新竹市,香山區,南隘里,217,129996,599,460,313,697,469.41,78.36
