縣市,鄉鎮市區,村里,納稅單位,綜合所得總額,平均數,中位數,第一分位數,第三分位數,標準差,變異係數
台北市,松山區,中崙里,1442,2059016,1428,825,408,1649,2899.44,203.06
台北市,松山區,自強里,3127,4333086,1386,818,410,1620,3440.53,248.29
台北市,松山區,鵬程里,1896,2469560,1303,750,390,1509,3907.91,300.03
台北市,松山區,東榮里,2998,5871152,1958,911,431,1955,7130.13,364.09
台北市,松山區,介壽里,1588,2694752,1697,896,442,1875,4197.34,247.35
台北市,松山區,東勢里,1657,3446534,2080,817,402,1639,26509.44,1274.50
台北市,松山區,東光里,2663,3659164,1374,793,397,1618,2448.59,178.20
台北市,松山區,中正里,3531,7517958,2129,1018,486,2009,15790.60,741.65
台北市,松山區,復盛里,2326,2628507,1130,715,379,1362,2774.75,245.54
台北市,松山區,復勢里,2298,3244958,1412,802,408,1523,5515.51,390.59
台北市,松山區,美仁里,1238,2021690,1633,909,441,1845,2932.89,179.60
台北市,松山區,吉仁里,1441,2041388,1417,797,417,1686,2385.39,168.38
台北市,松山區,精忠里,1563,3141916,2010,959,445,1879,6941.87,345.34
台北市,松山區,東昌里,917,9834891,10725,936,470,1816,261760.62,2440.64
台北市,松山區,福成里,1006,4183728,4159,909,431,1877,54188.45,1302.99
台北市,松山區,中華里,2330,7158748,3072,983,462,2146,33869.42,1102.37
台北市,松山區,吉祥里,3207,4430925,1382,758,395,1495,5032.00,364.20
台北市,松山區,新東里,1788,2059863,1152,779,398,1410,1431.16,124.23
台北市,松山區,三民里,2533,3986348,1574,809,402,1591,6157.36,391.25
台北市,松山區,復建里,1643,2160608,1315,866,433,1726,1447.05,110.04
台北市,松山區,敦化里,2585,4084363,1580,850,438,1688,4274.87,270.56
台北市,松山區,安平里,2902,2920635,1006,661,367,1249,1624.69,161.43
台北市,松山區,富錦里,1878,3306615,1761,780,417,1514,14108.17,801.28
台北市,松山區,莊敬里,1765,1683007,954,717,397,1250,857.11,89.89
台北市,松山區,新益里,1715,1870026,1090,736,389,1421,1343.84,123.24
台北市,松山區,富泰里,1694,2156429,1273,804,407,1570,1872.58,147.10
台北市,松山區,龍田里,3611,5882157,1629,1010,473,1949,6062.06,372.14
台北市,松山區,慈祐里,2353,2209118,939,650,369,1161,984.51,104.86
台北市,松山區,復源里,1140,1631485,1431,778,379,1527,4767.34,333.12
台北市,松山區,民福里,2294,2536021,1106,714,384,1385,1533.61,138.73
台北市,松山區,松基里,1413,3534145,2501,845,401,1816,14301.74,571.80
台北市,松山區,新聚里,2982,3724970,1249,729,386,1374,4135.11,331.03
台北市,松山區,民有里,3464,6560845,1894,836,403,1757,7500.47,396.01
台北市,大安區,建安里,2009,3631896,1808,840,386,1779,4851.25,268.35
台北市,大安區,通安里,1972,2542581,1289,734,396,1434,2288.49,177.49
台北市,大安區,民輝里,2665,11481047,4308,938,442,2102,70173.16,1628.87
台北市,大安區,德安里,2108,3943772,1871,844,407,1852,4913.76,262.65
台北市,大安區,敦安里,2392,5600331,2341,920,413,2053,10826.56,462.42
台北市,大安區,光明里,1224,2762189,2257,1065,488,2148,9855.29,436.71
台北市,大安區,永康里,1332,2057800,1545,874,436,1774,2510.44,162.50
台北市,大安區,福住里,2288,6047522,2643,1050,479,2099,21700.00,820.99
台北市,大安區,仁愛里,2191,6775129,3092,989,422,2272,18748.27,606.30
台北市,大安區,義村里,2263,4541347,2007,750,377,1514,31619.19,1575.62
台北市,大安區,臥龍里,681,1000509,1469,825,383,1661,3214.56,218.80
台北市,大安區,通化里,2108,2920815,1386,691,380,1313,7893.40,569.68
台北市,大安區,龍生里,2390,3949540,1653,975,484,1960,2363.12,143.00
台北市,大安區,新龍里,2398,3409383,1422,884,436,1804,2008.17,141.25
台北市,大安區,住安里,1802,2894711,1606,753,404,1391,6096.14,379.49
台北市,大安區,錦泰里,1269,2878748,2269,946,425,1965,22041.66,971.63
台北市,大安區,建倫里,2390,6819299,2853,933,408,2091,17729.10,621.36
台北市,大安區,錦華里,1976,3685879,1865,1047,512,1991,6844.35,366.93
台北市,大安區,光武里,2887,4416548,1530,817,396,1590,4468.27,292.08
台北市,大安區,仁慈里,1949,4149805,2129,995,461,2165,7673.15,360.38
台北市,大安區,黎孝里,2759,2933679,1063,720,385,1309,1289.05,121.23
台北市,大安區,民炤里,3098,8452887,2728,990,432,2094,14895.13,545.91
台北市,大安區,昌隆里,1237,1769604,1431,832,424,1701,1893.17,132.34
台北市,大安區,黎和里,1696,1866551,1101,717,396,1382,1291.09,117.31
台北市,大安區,龍雲里,1827,4085339,2236,871,419,1868,16788.24,750.78
台北市,大安區,芳和里,1954,2294766,1174,738,395,1424,1625.01,138.37
台北市,大安區,龍安里,2316,5397238,2330,1023,470,2059,9728.54,417.46
台北市,大安區,義安里,2093,5612966,2682,941,433,2090,10714.58,399.53
台北市,大安區,虎嘯里,1435,2481003,1729,852,418,1716,4683.40,270.89
台北市,大安區,龍淵里,3193,4894408,1533,975,446,1959,2473.71,161.38
台北市,大安區,龍坡里,2100,3437063,1637,1004,482,2002,2527.44,154.42
台北市,大安區,龍門里,1609,3361169,2089,1054,472,2164,8143.49,389.83
台北市,大安區,敦煌里,2307,4309869,1868,917,431,1910,6114.95,327.32
台北市,大安區,羣賢里,2235,3764194,1684,800,398,1711,4249.75,252.33
台北市,大安區,車層里,2450,5138942,2098,907,394,1963,5776.00,275.37
台北市,大安區,光信里,2844,4862295,1710,849,430,1766,4221.53,246.92
台北市,大安區,和安里,2431,9673206,3979,973,466,2072,43792.01,1100.55
台北市,大安區,正聲里,1855,3964769,2137,856,428,1895,9171.98,429.13
台北市,大安區,誠安里,1614,2048638,1269,748,353,1413,1865.35,146.96
台北市,大安區,華聲里,1557,3374634,2167,836,409,1721,12426.34,573.33
台北市,大安區,臨江里,1325,1300400,981,650,391,1220,1068.23,108.84
台北市,大安區,龍陣里,1341,2705155,2017,883,456,1781,13701.61,679.22
台北市,大安區,龍圖里,2574,4377568,1701,886,422,1787,5373.92,315.99
台北市,大安區,古莊里,2628,3686259,1403,869,443,1676,2117.25,150.94
台北市,大安區,錦安里,2133,4456968,2090,1028,475,2067,5653.56,270.57
台北市,大安區,大學里,3152,4936254,1566,931,445,1807,2638.93,168.51
台北市,大安區,古風里,1544,2552524,1653,875,443,1848,4400.05,266.16
台北市,大安區,全安里,1716,4676207,2725,850,438,1880,31950.28,1172.46
台北市,大安區,黎元里,1791,1585488,885,626,367,1119,1440.86,162.76
台北市,大安區,法治里,1668,2272811,1363,782,403,1518,2402.73,176.33
台北市,大安區,龍泉里,1797,2636347,1467,889,439,1792,3017.90,205.71
台北市,大安區,羣英里,2592,3320520,1281,817,400,1613,1837.95,143.47
台北市,大安區,學府里,774,940430,1215,732,395,1521,1388.23,114.25
台北市,中正區,南門里,963,1764602,1832,850,405,1750,7474.37,407.90
台北市,中正區,龍興里,1253,1436245,1146,793,400,1496,1424.40,124.27
台北市,中正區,愛國里,1130,1421331,1258,759,411,1435,2214.55,176.06
台北市,中正區,龍光里,1223,1728366,1413,924,465,1718,1916.54,135.62
台北市,中正區,河堤里,1756,2163864,1232,765,415,1456,2068.68,167.88
台北市,中正區,龍福里,2130,2867880,1346,910,440,1769,1441.32,107.05
台北市,中正區,螢雪里,1552,1523707,982,648,371,1230,1141.51,116.27
台北市,中正區,永昌里,1567,1328726,848,596,351,1052,853.54,100.66
台北市,中正區,文盛里,970,1399310,1443,836,416,1614,4504.73,312.27
台北市,中正區,忠勤里,1825,1302378,714,544,332,904,616.07,86.33
台北市,中正區,永功里,2082,2257184,1084,737,381,1391,1226.72,113.15
台北市,中正區,螢圃里,2028,2239360,1104,715,388,1364,1389.42,125.83
台北市,中正區,幸市里,1778,4977118,2799,912,435,1922,15649.90,559.07
台北市,中正區,文祥里,2708,4647217,1716,979,446,2012,4396.28,256.18
台北市,中正區,黎明里,1179,1777791,1508,811,394,1574,4360.76,289.20
台北市,中正區,建國里,538,882323,1640,957,454,1832,2389.93,145.73
台北市,中正區,光復里,1309,2218905,1695,763,390,1480,4970.29,293.21
台北市,中正區,東門里,1472,7997957,5433,886,458,1890,143578.53,2642.52
台北市,中正區,板溪里,1243,1429802,1150,749,388,1432,1645.94,143.09
台北市,中正區,文北里,2142,5735277,2678,961,433,2175,12226.93,456.65
台北市,中正區,梅花里,1308,2161378,1652,835,416,1615,4891.65,296.03
台北市,中正區,廈安里,1400,1775191,1268,767,424,1542,1974.59,155.73
台北市,中正區,網溪里,2144,2507602,1170,768,394,1450,1371.67,117.28
台北市,中正區,林興里,1606,2081421,1296,835,404,1520,2244.24,173.16
台北市,中正區,幸福里,1724,2751285,1596,874,428,1716,3526.23,220.96
台北市,中正區,水源里,1081,1171248,1083,719,393,1334,1235.48,114.03
台北市,中正區,富水里,803,1046694,1303,920,472,1510,1889.83,144.98
台北市,中正區,頂東里,2316,2913480,1258,793,399,1504,3066.58,243.77
台北市,中正區,新營里,3103,5162551,1664,1035,485,2101,2613.27,157.07
台北市,中正區,南福里,3498,5661721,1619,1016,479,1981,3035.25,187.53
台北市,中正區,三愛里,3130,6384892,2040,886,420,1907,11865.94,581.69
台北市,萬華區,柳鄉里,1458,1081403,742,547,314,945,1009.29,136.08
台北市,萬華區,雙園里,1485,1474277,993,628,374,1148,1567.79,157.92
台北市,萬華區,糖里,1763,1546052,877,588,351,1070,1155.97,131.82
台北市,萬華區,西門里,1279,1305145,1020,673,359,1157,3107.94,304.57
台北市,萬華區,仁德里,1725,1991755,1155,678,358,1390,1872.45,162.17
台北市,萬華區,新起里,2306,2610459,1132,666,364,1215,3401.49,300.48
台北市,萬華區,日善里,1119,938381,839,598,358,1009,986.86,117.68
台北市,萬華區,菜園里,1907,1724709,904,609,336,1077,1157.87,128.03
台北市,萬華區,頂碩里,2316,2058485,889,596,347,1076,1330.60,149.71
台北市,萬華區,福音里,1154,1644028,1425,603,351,1052,9174.50,643.99
台北市,萬華區,華中里,1896,1573444,830,606,358,1079,893.52,107.67
台北市,萬華區,青山里,1546,1343464,869,573,326,1025,1085.05,124.86
台北市,萬華區,新和里,2838,2604645,918,655,356,1164,1005.02,109.51
台北市,萬華區,新安里,1731,1383663,799,568,345,964,950.31,118.89
台北市,萬華區,富民里,1500,1266322,844,580,335,1034,1036.99,122.84
台北市,萬華區,富福里,1525,1616283,1060,619,344,1124,2758.61,260.28
台北市,萬華區,綠堤里,1034,690082,667,528,314,849,571.12,85.57
台北市,萬華區,忠貞里,1351,1064799,788,542,318,946,907.70,115.17
台北市,萬華區,日祥里,1619,1482154,915,610,357,1109,1742.73,190.36
台北市,萬華區,忠德里,1280,1090228,852,608,354,1071,1084.81,127.36
台北市,萬華區,孝德里,990,780126,788,582,352,975,728.57,92.46
台北市,萬華區,保德里,1065,1226586,1152,636,369,1192,2957.94,256.83
台北市,萬華區,全德里,1265,1251538,989,654,377,1206,1432.57,144.80
台北市,萬華區,興德里,1209,975705,807,596,342,1020,866.83,107.41
台北市,萬華區,壽德里,1603,1523652,951,656,364,1173,1119.65,117.80
台北市,萬華區,凌霄里,1046,824962,789,589,347,965,730.48,92.62
台北市,萬華區,和平里,1906,1452060,762,576,350,973,673.13,88.36
台北市,萬華區,騰雲里,1025,1034021,1009,622,357,1109,4170.32,413.39
台北市,萬華區,榮德里,987,780944,791,604,359,993,684.46,86.51
台北市,萬華區,福星里,1627,1594428,980,620,345,1153,1360.02,138.78
台北市,萬華區,和德里,1756,1352792,770,544,332,928,835.78,108.49
台北市,萬華區,萬壽里,1118,1184986,1060,658,346,1210,1401.30,132.21
台北市,萬華區,銘德里,1453,1221085,840,583,359,1038,822.64,97.89
台北市,萬華區,華江里,2528,1981856,784,566,324,982,796.72,101.63
台北市,萬華區,錦德里,1649,1285405,780,563,335,944,770.48,98.84
台北市,萬華區,新忠里,1079,962602,892,605,367,1122,923.23,103.49
台北市,大同區,建泰里,1373,1571455,1145,702,382,1248,1879.89,164.25
台北市,大同區,建明里,1263,1476853,1169,616,344,1198,2452.18,209.71
台北市,大同區,雙連里,3091,2940786,951,639,357,1169,1374.37,144.46
台北市,大同區,建功里,1484,1510583,1018,612,345,1144,2069.12,203.27
台北市,大同區,景星里,779,598897,769,561,325,981,731.03,95.09
台北市,大同區,星明里,2003,2493847,1245,700,378,1343,4039.35,324.43
台北市,大同區,朝陽里,1529,1985679,1299,640,340,1260,3722.39,286.63
台北市,大同區,大有里,1725,1765821,1024,619,349,1205,1637.49,159.96
台北市,大同區,斯文里,1696,1741396,1027,601,340,1056,4213.59,410.37
台北市,大同區,揚雅里,1171,1393951,1190,597,357,1056,4950.06,415.83
台北市,大同區,國順里,806,579487,719,541,324,902,615.76,85.65
台北市,大同區,國慶里,1552,1685899,1086,688,381,1309,1922.62,176.99
台北市,大同區,隆和里,957,931141,973,597,336,1137,1438.64,147.86
台北市,大同區,南芳里,1329,1238666,932,590,344,1131,1339.45,143.71
台北市,大同區,鄰江里,2050,1734115,846,585,344,1010,965.77,114.17
台北市,大同區,玉泉里,1080,1214240,1124,684,403,1291,1544.06,137.34
台北市,大同區,光能里,1722,2990074,1736,626,362,1166,21136.41,1217.26
台北市,大同區,重慶里,2328,2544809,1093,705,372,1299,1691.44,154.73
台北市,大同區,至聖里,2749,3086683,1123,622,354,1151,3861.38,343.89
台北市,大同區,老師里,1846,1563330,847,599,358,1054,924.30,109.14
台北市,大同區,蓬萊里,1722,2026398,1177,613,341,1177,3432.73,291.71
台北市,大同區,民權里,2193,2559496,1167,746,400,1379,2123.37,181.93
台北市,大同區,文昌里,2,846,423,423,354,493,196.71,46.50
台北市,大同區,延平里,1336,1273145,953,603,354,1115,1371.37,143.91
台北市,大同區,永樂里,2021,2818781,1395,637,356,1212,5699.16,408.62
台北市,大同區,保安里,1315,1688093,1284,659,363,1216,5874.62,457.62
台北市,中山區,聚盛里,1382,1303028,943,605,336,1088,1528.82,162.15
台北市,中山區,大佳里,277,232341,839,536,323,1053,906.70,108.10
台北市,中山區,恆安里,1706,3164961,1855,697,365,1304,19318.19,1041.30
台北市,中山區,集英里,2357,3710160,1574,684,364,1348,12788.61,812.44
台北市,中山區,正守里,1241,1503665,1212,738,366,1421,1912.65,157.85
台北市,中山區,正義里,1757,1822991,1038,607,337,1108,3331.21,321.06
台北市,中山區,新生里,1657,1546993,934,626,355,1160,1026.87,109.99
台北市,中山區,松江里,2452,4069981,1660,726,381,1430,6477.32,390.23
台北市,中山區,江山里,2850,3656062,1283,742,397,1417,2869.92,223.72
台北市,中山區,中山里,2370,2412828,1018,641,346,1136,2060.92,202.43
台北市,中山區,成功里,2555,9885777,3869,1165,498,2554,24577.08,635.20
台北市,中山區,下埤里,2847,3364903,1182,714,389,1304,2362.02,199.85
台北市,中山區,中原里,1885,2486352,1319,723,380,1380,5238.77,397.17
台北市,中山區,新庄里,1662,1523155,916,610,341,1091,1490.87,162.68
台北市,中山區,江寧里,2666,3693800,1386,797,396,1563,2837.92,204.83
台北市,中山區,復華里,1788,2871426,1606,785,386,1653,3188.33,198.53
台北市,中山區,興亞里,2157,4032874,1870,708,373,1482,13682.03,731.79
台北市,中山區,朱園里,1825,5110283,2800,797,410,1606,24334.86,869.05
台北市,中山區,中央里,1342,3325829,2478,719,365,1343,44070.91,1778.30
台北市,中山區,新福里,1777,7273667,4093,623,350,1164,95694.03,2337.86
台北市,中山區,中庄里,1776,1907273,1074,617,348,1136,3645.33,339.44
台北市,中山區,康樂里,963,1249706,1298,665,327,1316,4195.19,323.27
台北市,中山區,行政里,2058,2089892,1015,628,351,1118,3225.18,317.60
台北市,中山區,聚葉里,1339,1456127,1087,672,357,1222,2087.36,191.95
台北市,中山區,正得里,1452,2432960,1676,702,363,1383,7750.22,462.54
台北市,中山區,中吉里,2066,3148716,1524,745,381,1556,6067.08,398.09
台北市,中山區,新喜里,1823,1955241,1073,636,364,1189,2913.46,271.64
台北市,中山區,埤頭里,1301,1326128,1019,693,373,1227,1366.79,134.09
台北市,中山區,大直里,3338,4288484,1285,778,409,1521,2177.33,169.48
台北市,中山區,劍潭里,1183,1274769,1078,700,388,1267,1369.45,127.09
台北市,中山區,力行里,2363,6774591,2867,814,415,1671,36849.20,1285.31
台北市,中山區,朱崙里,1074,1410273,1313,699,376,1448,2762.14,210.35
台北市,中山區,晴光里,1923,3077825,1601,662,363,1322,10189.54,636.63
台北市,中山區,永安里,3536,8054601,2278,994,469,2129,8151.08,357.84
台北市,中山區,圓山里,1496,1707325,1141,663,356,1207,4897.38,429.12
台北市,中山區,民安里,1686,2147729,1274,676,353,1333,2773.23,217.70
台北市,中山區,行孝里,1329,1167381,878,633,349,1140,832.47,94.77
台北市,中山區,龍洲里,1890,2385234,1262,753,390,1478,2426.13,192.24
台北市,中山區,行仁里,2709,2505385,925,620,355,1094,2084.35,225.37
台北市,中山區,朱馥里,2081,2262150,1087,678,375,1294,1574.92,144.88
台北市,中山區,金泰里,2655,8175253,3079,1026,505,2074,33094.99,1074.80
台北市,中山區,北安里,997,1148265,1152,773,411,1494,1165.86,101.23
台北市,文山區,景美里,1778,2209009,1242,775,423,1498,1744.94,140.45
台北市,文山區,景行里,2240,2479196,1107,733,397,1376,1442.88,130.37
台北市,文山區,景仁里,1633,1998718,1224,805,405,1564,1433.70,117.14
台北市,文山區,萬有里,1923,2366552,1231,801,447,1572,1526.43,124.03
台北市,文山區,景慶里,2131,2224291,1044,722,390,1321,1212.42,116.16
台北市,文山區,萬隆里,2540,2984482,1175,779,396,1531,1569.97,133.62
台北市,文山區,萬祥里,1589,1674833,1054,743,410,1380,1042.79,98.94
台北市,文山區,萬年里,1929,2624682,1361,747,393,1485,8017.94,589.28
台北市,文山區,萬盛里,1673,2005147,1199,762,407,1512,2350.50,196.11
台北市,文山區,萬和里,1056,1291305,1223,784,422,1430,1723.03,140.91
台北市,文山區,興福里,1932,2054297,1063,724,408,1366,1262.40,118.72
台北市,文山區,興得里,1988,2036799,1025,715,384,1339,1026.88,100.23
台北市,文山區,興豐里,1717,2178936,1269,800,417,1577,1628.37,128.32
台北市,文山區,興旺里,2885,3029715,1050,742,434,1366,1160.46,110.50
台北市,文山區,興光里,1143,1396765,1222,760,411,1529,1897.34,155.26
台北市,文山區,興安里,2273,3039571,1337,820,422,1613,2214.81,165.62
台北市,文山區,興昌里,2416,3621308,1499,887,452,1731,3587.61,239.35
台北市,文山區,興泰里,1373,1504974,1096,756,404,1362,1410.49,128.68
台北市,文山區,興業里,1903,2203928,1158,772,416,1425,2191.24,189.20
台北市,文山區,景東里,2370,2667552,1126,810,425,1448,1224.91,108.83
台北市,文山區,景華里,1930,2182937,1131,745,412,1386,1593.93,140.92
台北市,文山區,興家里,2582,2480691,961,689,400,1236,928.06,96.60
台北市,文山區,萬芳里,2757,3065701,1112,756,416,1395,1329.71,119.58
台北市,文山區,木柵里,2945,4281225,1454,824,417,1632,3145.16,216.35
台北市,文山區,博嘉里,1884,3036252,1612,778,422,1498,10063.80,624.46
台北市,文山區,樟腳里,1899,2846286,1499,760,405,1543,5174.43,345.23
台北市,文山區,老泉里,193,139438,722,519,287,905,764.31,105.79
台北市,文山區,木新里,2981,2991600,1004,650,368,1200,2268.41,226.04
台北市,文山區,指南里,1166,1380270,1184,744,386,1536,1251.94,105.76
台北市,文山區,華興里,2934,4308941,1469,813,421,1660,3928.96,267.53
台北市,文山區,順興里,2450,2539435,1037,684,380,1312,1376.44,132.80
台北市,文山區,萬興里,2783,4171727,1499,873,457,1793,2453.08,163.65
台北市,文山區,明興里,2440,2559683,1049,740,413,1361,1023.49,97.56
台北市,文山區,明義里,891,937345,1052,601,322,1204,1572.86,149.51
台北市,文山區,試院里,2409,3018649,1253,797,418,1493,5090.15,406.21
台北市,文山區,樟新里,1966,2483547,1263,797,439,1510,1963.77,155.45
台北市,文山區,樟林里,2873,3069837,1069,710,406,1331,1539.34,144.06
台北市,文山區,忠順里,1407,1838345,1307,804,427,1663,1818.30,139.17
台北市,文山區,萬美里,2375,3477128,1464,744,395,1530,3689.54,252.01
台北市,文山區,興邦里,1650,1819137,1103,792,425,1444,1202.63,109.08
台北市,文山區,樟樹里,1586,1573154,992,703,390,1217,1270.81,128.12
台北市,文山區,政大里,2379,4480795,1883,1241,557,2225,3309.64,175.72
台北市,文山區,樟文里,2009,2116307,1053,713,395,1277,1415.83,134.40
台北市,南港區,南港里,2031,1961845,966,660,371,1196,1057.94,109.52
台北市,南港區,三重里,2333,4109811,1762,941,453,1917,4433.93,251.70
台北市,南港區,新富里,1342,1182394,881,621,371,1071,899.64,102.11
台北市,南港區,中研里,3223,3352521,1040,693,405,1281,1177.19,113.17
台北市,南港區,鴻福里,1667,1771109,1062,691,383,1265,1531.63,144.16
台北市,南港區,東新里,2435,2284609,938,643,363,1173,1076.35,114.72
台北市,南港區,西新里,1688,1449925,859,607,349,1042,960.30,111.80
台北市,南港區,新光里,1301,1459445,1122,611,365,1108,9355.55,833.99
台北市,南港區,百福里,1775,1579670,890,636,375,1088,1045.24,117.45
台北市,南港區,玉成里,1679,1616570,963,662,372,1239,1187.36,123.32
台北市,南港區,成福里,2630,2494139,948,653,382,1195,1018.61,107.41
台北市,南港區,中南里,1180,946203,802,580,340,960,1296.35,161.67
台北市,南港區,舊庄里,2834,2406843,849,611,363,1041,886.51,104.38
台北市,南港區,九如里,2043,1856731,909,628,367,1141,1023.60,112.63
台北市,南港區,東明里,1687,2072702,1229,774,403,1456,1696.17,138.05
台北市,南港區,合成里,2368,2874606,1214,681,382,1243,3120.79,257.08
台北市,南港區,聯成里,1754,1628909,929,627,374,1118,1893.81,203.92
台北市,南港區,萬福里,1510,1564239,1036,668,383,1266,1454.06,140.36
台北市,南港區,仁福里,1854,1846880,996,697,385,1311,986.10,98.99
台北市,南港區,重陽里,1820,3235156,1778,1065,527,2178,2487.71,139.95
台北市,內湖區,紫陽里,3019,3872404,1283,767,422,1502,2302.10,179.48
台北市,內湖區,紫星里,2778,3018410,1087,696,398,1346,1499.44,138.00
台北市,內湖區,湖興里,2748,3357567,1222,715,398,1293,4179.82,342.10
台北市,內湖區,大湖里,2061,3098400,1503,901,449,1684,3001.21,199.63
台北市,內湖區,紫雲里,1883,1985438,1054,735,394,1362,1157.73,109.80
台北市,內湖區,瑞陽里,2752,3277125,1191,756,421,1480,1609.16,135.13
台北市,內湖區,清白里,3190,5385983,1688,918,453,1904,3572.08,211.57
台北市,內湖區,港墘里,2144,2647258,1235,770,408,1486,2537.26,205.49
台北市,內湖區,西湖里,2662,2630822,988,674,389,1204,1515.24,153.32
台北市,內湖區,石潭里,1355,2265529,1672,846,449,1579,6014.19,359.71
台北市,內湖區,葫洲里,2535,3778725,1491,925,472,1829,2404.52,161.31
台北市,內湖區,五分里,3359,3207742,955,690,405,1221,996.46,104.34
台北市,內湖區,內湖里,2211,2480120,1122,720,364,1427,1599.32,142.58
台北市,內湖區,週美里,2689,4170231,1551,774,415,1543,4382.64,282.60
台北市,內湖區,內溝里,1619,1623463,1003,671,387,1263,1118.39,111.53
台北市,內湖區,碧山里,2278,2561737,1125,730,409,1372,2163.16,192.36
台北市,內湖區,瑞光里,1653,1836902,1111,720,405,1330,2477.71,222.97
台北市,內湖區,金龍里,1867,1757819,942,648,384,1176,1343.87,142.73
台北市,內湖區,行善里,2243,2129183,949,676,384,1220,951.38,100.22
台北市,內湖區,湖濱里,2927,4633624,1583,839,424,1711,3950.91,249.57
台北市,內湖區,東湖里,2752,2453898,892,644,364,1136,850.72,95.41
台北市,內湖區,樂康里,2913,2630905,903,678,394,1181,837.61,92.74
台北市,內湖區,西安里,2518,3028426,1203,738,411,1392,4320.57,359.24
台北市,內湖區,西康里,3422,5175805,1513,783,420,1584,5418.92,358.27
台北市,內湖區,港富里,3164,3987242,1260,743,396,1401,4325.67,343.26
台北市,內湖區,港華里,3193,4184040,1310,717,392,1411,4113.80,313.94
台北市,內湖區,港都里,1927,2448030,1270,740,400,1429,2848.29,224.21
台北市,內湖區,金瑞里,2287,2333962,1021,703,399,1278,1102.60,108.04
台北市,內湖區,湖元里,2120,2549402,1203,756,408,1384,1982.96,164.90
台北市,內湖區,安湖里,2645,2982119,1127,748,401,1437,1394.03,123.64
台北市,內湖區,秀湖里,2396,4264942,1780,878,441,1789,3701.28,207.93
台北市,內湖區,安泰里,1811,1666722,920,657,382,1156,1054.64,114.59
台北市,內湖區,金湖里,3435,8723234,2540,1187,538,2595,6541.67,257.60
台北市,內湖區,康寧里,2944,3739048,1270,824,442,1598,2018.32,158.92
台北市,內湖區,明湖里,1774,1876874,1058,698,394,1337,1489.63,140.80
台北市,內湖區,蘆洲里,394,305791,776,525,352,910,967.65,124.68
台北市,內湖區,麗山里,2072,2559871,1235,752,416,1487,2169.43,175.60
台北市,內湖區,寶湖里,3041,6546775,2153,1241,560,2537,3665.94,170.28
台北市,內湖區,南湖里,1862,3205752,1722,1120,537,2208,2227.14,129.36
台北市,士林區,仁勇里,1284,1442942,1124,634,351,1192,4578.44,407.41
台北市,士林區,福林里,1014,2375079,2342,742,393,1438,21510.59,918.36
台北市,士林區,福志里,2806,3647879,1300,752,419,1528,2250.82,173.14
台北市,士林區,福德里,1526,1910828,1252,739,387,1460,3339.06,266.66
台北市,士林區,福佳里,2697,3451542,1280,700,382,1368,2697.56,210.78
台北市,士林區,舊佳里,2188,2678139,1224,662,364,1279,5109.81,417.46
台北市,士林區,富光里,1711,1384502,809,568,355,963,1858.29,229.65
台北市,士林區,後港里,2795,2870174,1027,657,366,1217,1517.90,147.81
台北市,士林區,前港里,1520,1816829,1195,675,374,1304,5211.29,435.99
台北市,士林區,福中里,2294,2261974,986,665,387,1206,1213.78,123.10
台北市,士林區,葫蘆里,2359,1984485,841,620,357,1051,1032.02,122.68
台北市,士林區,福順里,1642,1424198,867,601,358,1044,1012.96,116.79
台北市,士林區,葫東里,1283,1071083,835,608,351,1004,939.35,112.52
台北市,士林區,社新里,2643,2114999,800,579,358,1008,775.51,96.91
台北市,士林區,社子里,1951,1715128,879,621,374,1051,1196.54,136.11
台北市,士林區,永倫里,2338,1890952,809,589,362,1004,773.44,95.63
台北市,士林區,翠山里,1024,1359347,1327,721,383,1510,2590.79,195.17
台北市,士林區,福安里,1178,892298,757,537,340,879,910.76,120.24
台北市,士林區,富洲里,1496,1130040,755,544,345,911,820.80,108.66
台北市,士林區,承德里,2088,2531348,1212,739,404,1368,1977.02,163.08
台北市,士林區,蘭雅里,3131,4317814,1379,768,409,1471,3510.84,254.58
台北市,士林區,德行里,1595,2027611,1271,703,363,1331,4046.80,318.34
台北市,士林區,忠誠里,2090,5320604,2546,759,391,1499,33802.87,1327.82
台北市,士林區,三玉里,2204,4747460,2154,784,421,1562,23039.75,1069.62
台北市,士林區,芝山里,2733,6030998,2207,803,410,1629,19447.00,881.26
台北市,士林區,岩山里,1203,1889167,1570,680,384,1397,6951.90,442.69
台北市,士林區,義信里,1044,1686137,1615,700,381,1297,11771.55,728.86
台北市,士林區,永福里,444,2647112,5962,789,422,1685,28134.55,471.90
台北市,士林區,新安里,698,4053809,5808,645,347,1410,61648.17,1061.48
台北市,士林區,公館里,407,732400,1800,670,356,1277,5554.18,308.65
台北市,士林區,陽明里,989,2148935,2173,747,402,1504,7471.54,343.86
台北市,士林區,菁山里,437,2668287,6106,649,388,1076,71691.56,1174.13
台北市,士林區,平等里,373,373541,1001,622,371,1026,2686.62,268.27
台北市,士林區,溪山里,350,474922,1357,581,345,1027,7715.29,568.59
台北市,士林區,百齡里,2421,2166710,895,639,382,1116,1416.78,158.31
台北市,士林區,天玉里,3122,5444809,1744,816,422,1782,4406.64,252.67
台北市,士林區,天福里,2216,2995816,1352,776,399,1479,3896.09,288.19
台北市,士林區,天祿里,1904,2668212,1401,759,420,1440,3605.20,257.26
台北市,士林區,天壽里,1900,4678238,2462,906,451,1895,10113.64,410.75
台北市,士林區,東山里,1721,3406574,1979,758,408,1512,13178.84,665.79
台北市,士林區,福華里,1915,1627297,850,586,350,1052,1144.41,134.67
台北市,士林區,聖山里,1821,2682691,1473,793,438,1546,4494.17,305.06
台北市,士林區,天和里,2796,6624002,2369,808,409,1665,27046.45,1141.63
台北市,士林區,明勝里,1716,1749881,1020,655,376,1193,2502.71,245.43
台北市,士林區,社園里,2165,1789261,826,602,373,1028,903.40,109.31
台北市,士林區,蘭興里,2391,3488668,1459,812,425,1596,2678.90,183.60
台北市,士林區,天母里,2460,7314562,2973,846,422,1809,17133.48,576.23
台北市,士林區,名山里,2662,3667041,1378,762,401,1537,2785.26,202.19
台北市,士林區,德華里,1926,2235948,1161,682,372,1235,6727.38,579.48
台北市,士林區,天山里,2526,3943960,1561,747,373,1552,7131.96,456.78
台北市,士林區,臨溪里,1109,3978312,3587,887,425,1903,24276.69,676.74
台北市,北投區,湖山里,499,661404,1325,639,361,1231,5139.35,387.74
台北市,北投區,永欣里,2933,5977762,2038,1029,470,2252,4311.73,211.56
台北市,北投區,泉源里,661,698577,1057,557,352,995,2824.25,267.23
台北市,北投區,一德里,2329,2320849,997,651,369,1176,1386.84,139.17
台北市,北投區,關渡里,3589,3722723,1037,640,378,1178,1655.24,159.58
台北市,北投區,桃源里,2065,2014007,975,621,377,1195,1399.54,143.50
台北市,北投區,文化里,1400,1551808,1108,799,411,1550,1025.18,92.49
台北市,北投區,永和里,3202,5191386,1621,819,414,1655,3743.01,230.87
台北市,北投區,立農里,2916,2925351,1003,704,398,1288,1073.78,107.03
台北市,北投區,清江里,2609,2416677,926,626,361,1094,1615.55,174.41
台北市,北投區,八仙里,1797,1929617,1074,669,370,1291,1637.27,152.47
台北市,北投區,洲美里,637,503652,791,552,326,968,760.34,96.16
台北市,北投區,中和里,1715,1883503,1098,669,363,1255,2087.80,190.10
台北市,北投區,開明里,2172,3272973,1507,680,387,1300,10466.67,694.59
台北市,北投區,長安里,2032,1987233,978,628,372,1176,1380.95,141.21
台北市,北投區,大同里,1997,2151160,1077,662,374,1252,1538.14,142.79
台北市,北投區,福興里,2335,2370615,1015,714,401,1264,1132.77,111.58
台北市,北投區,石牌里,1935,1937622,1001,669,401,1247,1028.22,102.68
台北市,北投區,奇岩里,3235,4391622,1358,695,379,1340,5247.68,386.56
台北市,北投區,稻香里,1595,1452965,911,653,367,1112,1093.08,119.99
台北市,北投區,中央里,2909,3262700,1122,659,374,1283,2136.87,190.52
台北市,北投區,溫泉里,2277,2459326,1080,662,367,1258,1911.78,177.00
台北市,北投區,立賢里,1803,1785047,990,680,374,1253,1110.34,112.15
台北市,北投區,中心里,2189,2483589,1135,670,359,1287,2268.89,199.98
台北市,北投區,智仁里,1959,1738681,888,642,386,1130,873.62,98.43
台北市,北投區,吉利里,2258,2498642,1107,737,401,1403,1558.70,140.86
台北市,北投區,尊賢里,1534,1545449,1007,682,382,1236,1272.15,126.27
台北市,北投區,東華里,1457,1553142,1066,675,376,1370,1250.60,117.32
台北市,北投區,吉慶里,1716,1827294,1065,758,411,1377,1116.47,104.85
台北市,北投區,中庸里,1409,1240507,880,598,350,1121,923.37,104.88
台北市,北投區,秀山里,1015,876175,863,596,360,1100,852.05,98.71
台北市,北投區,建民里,1446,1829435,1265,721,391,1453,2126.00,168.04
台北市,北投區,榮光里,2320,2407992,1038,705,390,1271,1449.68,139.67
台北市,北投區,裕民里,2726,3761422,1380,752,403,1480,3024.58,219.20
台北市,北投區,振華里,2714,3146492,1159,738,405,1404,1524.49,131.49
台北市,北投區,榮華里,2784,5133283,1844,821,428,1622,11875.58,644.06
台北市,北投區,豐年里,1404,1176840,838,612,352,1106,782.06,93.30
台北市,北投區,林泉里,1060,1149985,1085,636,359,1185,4310.45,397.32
台北市,北投區,永明里,1590,1938528,1219,773,448,1523,1623.28,133.14
台北市,北投區,文林里,1497,1753927,1172,714,406,1421,1774.20,151.43
台北市,北投區,大屯里,348,586587,1686,592,371,1127,7361.01,436.70
台北市,北投區,湖田里,266,313274,1178,586,332,1037,2943.24,249.91
台北市,信義區,松友里,2337,2424323,1037,710,400,1276,1352.14,130.34
台北市,信義區,六藝里,1200,1160599,967,689,382,1238,945.38,97.75
台北市,信義區,中興里,1289,1627791,1263,757,355,1477,1901.87,150.60
台北市,信義區,永吉里,1017,807986,794,581,346,957,886.54,111.59
台北市,信義區,敦厚里,1947,2239012,1150,750,396,1401,1598.28,138.98
台北市,信義區,大道里,2190,2309712,1055,699,405,1269,1436.88,136.24
台北市,信義區,安康里,3890,16190007,4162,992,471,2170,39748.32,955.04
台北市,信義區,嘉興里,1191,1260613,1058,648,373,1202,2339.15,221.00
台北市,信義區,五全里,1786,1975746,1106,657,379,1231,2997.16,270.93
台北市,信義區,新仁里,1293,1851179,1432,886,422,1608,4479.64,312.89
台北市,信義區,正和里,1710,2730088,1597,778,391,1643,7184.48,450.00
台北市,信義區,惠安里,2195,2209917,1007,698,397,1267,1066.87,105.97
台北市,信義區,三犁里,1941,5280485,2720,796,423,1649,12225.04,449.37
台北市,信義區,六合里,2488,5011570,2014,767,410,1546,21589.81,1071.83
台北市,信義區,泰和里,2633,2639820,1003,653,382,1152,1944.18,193.92
台北市,信義區,西村里,1679,1795405,1069,725,376,1389,1200.81,112.30
台北市,信義區,興隆里,1003,9101589,9074,803,368,1904,205959.91,2269.69
台北市,信義區,景新里,1858,6002674,3231,838,433,1745,19047.05,589.56
台北市,信義區,景聯里,1677,1931559,1152,738,397,1396,1478.07,128.33
台北市,信義區,景勤里,1344,1343236,999,705,402,1270,997.11,99.77
台北市,信義區,黎順里,1464,1621475,1108,698,411,1341,1369.92,123.69
台北市,信義區,黎平里,2571,2777003,1080,725,397,1351,1208.96,111.93
台北市,信義區,黎忠里,1631,1612927,989,696,402,1208,1030.95,104.25
台北市,信義區,松隆里,690,570619,827,597,335,1059,792.52,95.83
台北市,信義區,中坡里,1558,1528263,981,626,367,1162,2307.89,235.28
台北市,信義區,永春里,1627,1486465,914,651,388,1136,924.97,101.24
台北市,信義區,富臺里,1571,1872078,1192,770,409,1457,1589.87,133.42
台北市,信義區,長春里,1299,1137129,875,608,354,1081,895.00,102.24
台北市,信義區,五常里,1313,1453075,1107,691,372,1246,2247.08,203.05
台北市,信義區,四維里,1884,2093659,1111,673,383,1281,2034.64,183.09
台北市,信義區,雅祥里,1715,1909911,1114,699,376,1272,1993.88,179.04
台北市,信義區,興雅里,2102,2348549,1117,740,378,1393,1393.71,124.74
台北市,信義區,廣居里,2827,3693401,1306,816,412,1591,2028.98,155.30
台北市,信義區,中行里,2620,2413423,921,659,388,1179,951.98,103.35
台北市,信義區,四育里,1906,1828082,959,687,399,1261,915.32,95.43
台北市,信義區,國業里,2588,3221558,1245,794,417,1517,2284.51,183.52
台北市,信義區,松光里,1755,1874296,1068,727,413,1315,1212.49,113.53
台北市,信義區,大仁里,1328,1176911,886,657,355,1162,874.00,98.62
台北市,信義區,雙和里,2486,2682826,1079,740,400,1338,1264.73,117.19
台北市,信義區,黎安里,467,371138,795,547,343,957,908.12,114.27
台北市,信義區,三張里,3138,4505460,1436,706,376,1357,6388.46,444.95
台中市,中區,繼光里,476,388209,816,506,278,930,1097.67,134.59
台中市,中區,大墩里,689,670888,974,587,314,1144,1385.00,142.24
台中市,中區,綠川里,527,383656,728,508,261,858,831.04,114.15
台中市,中區,公園里,495,491533,993,596,313,1104,1386.96,139.67
台中市,中區,光復里,611,844526,1382,559,294,1044,9034.61,653.64
台中市,中區,柳川里,454,517207,1139,543,311,996,6726.07,590.41
台中市,中區,大誠里,571,542462,950,565,309,1031,2475.19,260.54
台中市,中區,中華里,435,362201,833,507,290,1024,1126.03,135.24
台中市,東區,新庄里,862,768230,891,584,307,1016,1046.51,117.43
台中市,東區,泉源里,474,351413,741,497,278,909,767.43,103.51
台中市,東區,東門里,2173,1570115,723,503,301,859,980.60,135.71
台中市,東區,東勢里,741,541152,730,556,315,946,657.27,90.00
台中市,東區,合作里,1045,751988,720,573,340,905,619.96,86.15
台中市,東區,振興里,961,767799,799,546,302,939,1320.26,165.25
台中市,東區,東橋里,1153,903442,784,515,295,924,1466.64,187.18
台中市,東區,旱溪里,664,522849,787,538,298,899,1666.52,211.64
台中市,東區,樂成里,583,445450,764,559,292,970,721.67,94.45
台中市,東區,干城里,732,579489,792,570,311,945,911.72,115.17
台中市,東區,東南里,1070,822658,769,551,336,962,751.73,97.77
台中市,東區,十甲里,1340,1084135,809,543,324,958,1104.78,136.55
台中市,東區,富臺里,419,274037,654,525,295,837,556.28,85.06
台中市,東區,富仁里,1139,1003334,881,608,314,1115,1062.14,120.58
台中市,東區,東興里,963,817306,849,586,324,1018,1238.36,145.91
台中市,東區,東信里,2933,2246128,766,540,308,949,923.45,120.58
台中市,東區,東英里,2053,1807168,880,608,337,1115,929.63,105.61
台中市,西區,民生里,711,741249,1043,693,355,1308,1172.44,112.46
台中市,西區,利民里,526,617670,1174,781,409,1484,1339.78,114.09
台中市,西區,三民里,653,789088,1208,842,379,1645,1313.66,108.71
台中市,西區,東昇里,870,882565,1014,681,381,1278,1067.65,105.25
台中市,西區,廣民里,466,423742,909,556,290,1084,1468.54,161.50
台中市,西區,平和里,692,675902,977,687,329,1296,1054.28,107.94
台中市,西區,公民里,1701,1872638,1101,657,360,1286,1656.06,150.43
台中市,西區,公舘里,1793,1636703,913,608,339,1087,1101.97,120.72
台中市,西區,和龍里,642,491142,765,532,299,966,848.19,110.87
台中市,西區,民龍里,1108,1211346,1093,647,350,1296,1403.90,128.41
台中市,西區,後龍里,1190,1510901,1270,639,332,1298,3258.90,256.67
台中市,西區,安龍里,1022,1708045,1671,660,346,1308,17150.13,1026.17
台中市,西區,忠明里,1969,3002443,1525,660,334,1310,7942.10,520.84
台中市,西區,公正里,2273,2366402,1041,687,368,1280,1256.65,120.71
台中市,西區,昇平里,1914,2101835,1098,649,348,1187,2655.27,241.80
台中市,西區,土庫里,1998,2835701,1419,692,361,1396,3706.47,261.15
台中市,西區,藍興里,1401,1458981,1041,681,357,1276,1573.26,151.07
台中市,西區,吉龍里,2385,3220984,1351,727,373,1391,4839.59,358.35
台中市,西區,忠誠里,2143,3210878,1498,619,337,1188,12184.18,813.20
台中市,西區,公益里,895,670208,749,532,305,941,720.70,96.24
台中市,西區,中興里,1312,1966004,1498,637,345,1287,5251.01,350.42
台中市,西區,公平里,1732,1936269,1118,663,350,1214,3631.54,324.84
台中市,西區,公德里,1539,1674174,1088,696,366,1304,1603.68,147.42
台中市,西區,大忠里,1582,1737674,1098,753,392,1415,1444.75,131.53
台中市,西區,双龍里,940,1357752,1444,635,336,1149,8436.53,584.08
台中市,南區,城隍里,1166,956434,820,591,337,1019,945.12,115.22
台中市,南區,南門里,1277,1210569,948,623,350,1116,1397.58,147.43
台中市,南區,德義里,1059,936673,884,623,338,1158,843.12,95.32
台中市,南區,積善里,842,660029,784,563,343,984,766.25,97.75
台中市,南區,江川里,1049,980129,934,658,334,1202,1001.95,107.24
台中市,南區,新榮里,1459,1315535,902,644,379,1186,1083.80,120.20
台中市,南區,福興里,1291,1040296,806,592,321,1051,731.83,90.82
台中市,南區,和平里,1370,1198566,875,637,360,1054,1162.12,132.83
台中市,南區,永興里,2431,2256243,928,658,356,1182,910.18,98.07
台中市,南區,樹義里,3523,3160020,897,660,364,1141,856.50,95.49
台中市,南區,樹德里,2672,2479658,928,688,382,1220,862.41,92.93
台中市,南區,西川里,1483,1380692,931,669,357,1222,866.20,93.04
台中市,南區,國光里,1313,1085019,826,580,316,1029,991.99,120.04
台中市,南區,福平里,1680,1359860,809,581,339,1006,997.75,123.26
台中市,南區,長榮里,950,795051,837,578,313,1033,953.78,113.97
台中市,南區,長春里,714,638053,894,600,320,1064,1276.79,142.88
台中市,南區,福順里,1854,1640572,885,635,366,1094,887.95,100.35
台中市,南區,平和里,1164,974220,837,604,320,1071,860.60,102.83
台中市,南區,南和里,2061,1842181,894,631,340,1188,908.94,101.69
台中市,南區,永和里,1445,1158182,802,600,346,1001,752.25,93.85
台中市,南區,工學里,2210,2061130,933,701,390,1244,842.87,90.37
台中市,南區,崇倫里,1891,1645599,870,637,366,1132,844.18,97.01
台中市,北區,光大里,535,380745,712,457,285,841,770.88,108.32
台中市,北區,新興里,427,325238,762,511,276,928,991.77,130.21
台中市,北區,錦村里,1052,869772,827,595,346,1051,755.84,91.42
台中市,北區,邱厝里,765,843930,1103,672,336,1341,1441.64,130.68
台中市,北區,賴厝里,1395,1450192,1040,713,389,1284,1516.45,145.87
台中市,北區,賴村里,1361,1248755,918,605,337,1044,2439.52,265.88
台中市,北區,淡溝里,1700,1844070,1085,675,361,1305,1429.92,131.82
台中市,北區,中達里,748,601675,804,536,321,941,937.97,116.61
台中市,北區,新北里,666,1411999,2120,642,336,1327,11230.23,529.70
台中市,北區,樂英里,693,485078,700,534,288,849,707.30,101.05
台中市,北區,錦洲里,1057,887009,839,564,325,980,968.26,115.38
台中市,北區,金龍里,1301,996919,766,544,307,930,1154.30,150.64
台中市,北區,文莊里,1013,816127,806,556,307,974,950.67,118.00
台中市,北區,金華里,815,905675,1111,682,352,1290,1419.98,127.78
台中市,北區,五常里,350,290169,829,592,328,979,836.53,100.90
台中市,北區,育德里,1161,1343000,1157,632,359,1286,2546.46,220.14
台中市,北區,頂厝里,1389,1478270,1064,667,347,1272,1584.29,148.86
台中市,北區,建興里,1833,1551208,846,580,323,1062,931.56,110.08
台中市,北區,建成里,1562,1081209,692,524,322,852,623.38,90.06
台中市,北區,健行里,2068,2698620,1305,656,349,1266,10886.04,834.22
台中市,北區,明德里,1841,1696457,921,614,347,1158,1005.02,109.07
台中市,北區,長青里,2001,1665864,833,598,348,1028,940.66,112.99
台中市,北區,賴興里,1342,1539712,1147,639,345,1130,6885.90,600.17
台中市,北區,賴明里,1262,1091330,865,572,320,996,1318.83,152.51
台中市,北區,錦祥里,1008,851940,845,556,327,1040,1011.16,119.64
台中市,北區,建德里,1054,809345,768,549,308,941,1058.93,137.90
台中市,北區,崇德里,1127,1109649,985,648,348,1257,1154.49,117.25
台中市,北區,賴旺里,1206,968106,803,576,327,1027,920.96,114.73
台中市,北區,明新里,859,682036,794,561,335,961,1165.26,146.76
台中市,北區,立人里,1111,960514,865,627,347,1118,902.99,104.45
台中市,北區,賴福里,1313,1583721,1206,759,412,1440,1762.56,146.13
台中市,北區,梅川里,994,1118797,1126,644,345,1209,2264.03,201.15
台中市,北區,錦平里,637,572241,898,615,334,1206,861.81,95.93
台中市,北區,中正里,436,370400,850,598,326,1082,838.87,98.74
台中市,北區,大湖里,497,318777,641,494,288,836,548.93,85.58
台中市,北區,六合里,475,358967,756,523,299,930,789.34,104.45
台中市,西屯區,西安里,1623,2585484,1593,660,357,1221,17619.41,1106.03
台中市,西屯區,西墩里,1470,1733261,1179,653,359,1316,2891.67,245.25
台中市,西屯區,潮洋里,1585,2432471,1535,818,399,1660,4929.76,321.22
台中市,西屯區,龍潭里,224,176640,789,565,347,975,734.51,93.14
台中市,西屯區,惠來里,4809,14083569,2929,1050,479,2377,14980.50,511.53
台中市,西屯區,何安里,1793,1715528,957,617,341,1233,1193.50,124.74
台中市,西屯區,何厝里,1071,1089107,1017,552,316,1004,5222.83,513.60
台中市,西屯區,上石里,1713,1611259,941,716,397,1248,810.41,86.16
台中市,西屯區,大河里,1273,1092185,858,567,332,992,1094.00,127.51
台中市,西屯區,大石里,566,395743,699,552,311,935,556.63,79.61
台中市,西屯區,港尾里,1537,1263614,822,589,325,1082,803.59,97.75
台中市,西屯區,廣福里,756,618526,818,560,327,1018,840.34,102.71
台中市,西屯區,林厝里,1111,1602260,1442,744,395,1585,3652.44,253.26
台中市,西屯區,永安里,4056,4245680,1047,704,393,1258,2388.67,228.20
台中市,西屯區,福安里,1018,1434030,1409,761,404,1494,4908.25,348.43
台中市,西屯區,協和里,1431,1725306,1206,589,342,1072,7140.31,592.23
台中市,西屯區,鵬程里,673,483722,719,572,336,953,564.25,78.50
台中市,西屯區,逢甲里,1442,1237065,858,626,370,1045,1002.20,116.82
台中市,西屯區,大福里,815,549449,674,508,297,849,634.59,94.13
台中市,西屯區,大鵬里,1461,1160381,794,578,338,974,785.82,98.94
台中市,西屯區,西平里,1567,1479257,944,684,360,1274,883.01,93.54
台中市,西屯區,何仁里,2209,1866970,845,610,337,1063,895.03,105.90
台中市,西屯區,何德里,1329,1238281,932,642,353,1175,1060.16,113.78
台中市,西屯區,何源里,2200,2003170,911,618,345,1110,1053.00,115.65
台中市,西屯區,何南里,1602,1542396,963,650,360,1201,1055.72,109.65
台中市,西屯區,至善里,1501,1846016,1230,717,393,1368,6952.23,565.29
台中市,西屯區,上安里,1866,2031823,1089,759,418,1360,1323.94,121.59
台中市,西屯區,上德里,1518,1435135,945,645,361,1232,916.18,96.91
台中市,西屯區,逢福里,1807,1784610,988,696,381,1217,1081.20,109.48
台中市,西屯區,何明里,1250,1098814,879,606,333,1071,1007.58,114.62
台中市,西屯區,何成里,2546,2626539,1032,686,355,1253,1645.90,159.54
台中市,西屯區,何福里,1487,1311757,882,619,341,1093,912.13,103.40
台中市,西屯區,福和里,1355,1205194,889,565,341,964,1714.83,192.80
台中市,西屯區,福中里,1151,1264379,1099,613,365,1070,4267.06,388.44
台中市,西屯區,福恩里,1726,1952493,1131,813,410,1414,1593.31,140.85
台中市,西屯區,福聯里,949,1067815,1125,695,386,1232,2851.23,253.40
台中市,西屯區,福瑞里,1000,1134334,1134,761,416,1312,1203.41,106.09
台中市,西屯區,福林里,2619,3982013,1520,925,479,1699,3072.82,202.10
台中市,西屯區,福雅里,1961,2307178,1177,771,394,1397,1895.19,161.08
台中市,南屯區,南屯里,3005,3337214,1111,767,404,1405,1434.74,129.19
台中市,南屯區,豐樂里,3908,5178283,1325,798,401,1676,2472.07,186.56
台中市,南屯區,楓樹里,1733,1621102,935,619,358,1127,1140.57,121.93
台中市,南屯區,中和里,1396,1018036,729,557,322,882,737.99,101.20
台中市,南屯區,鎮平里,492,387839,788,555,320,977,790.98,100.34
台中市,南屯區,春社里,1785,1425677,799,595,344,1005,839.53,105.11
台中市,南屯區,文山里,3058,2734148,894,690,397,1127,875.02,97.87
台中市,南屯區,新生里,277,217996,787,572,306,888,910.19,115.65
台中市,南屯區,永定里,1540,1468082,953,646,382,1162,1132.26,118.77
台中市,南屯區,三厝里,2272,3043268,1339,815,446,1430,5305.83,396.11
台中市,南屯區,溝墘里,1983,2694619,1359,789,394,1628,2274.21,167.36
台中市,南屯區,田心里,2100,2502740,1192,723,379,1399,2490.49,208.97
台中市,南屯區,春安里,185,180300,975,623,391,1055,1341.98,137.70
台中市,南屯區,黎明里,1545,1494911,968,651,373,1149,1688.01,174.46
台中市,南屯區,大同里,1711,1832759,1071,688,362,1257,3094.75,288.91
台中市,南屯區,文心里,1222,1669216,1366,732,367,1362,4652.26,340.58
台中市,南屯區,同心里,1785,2010473,1126,653,362,1192,3386.09,300.63
台中市,南屯區,向心里,1450,1770638,1221,726,353,1506,1822.58,149.25
台中市,南屯區,大業里,2357,2907001,1233,755,368,1486,2474.26,200.61
台中市,南屯區,惠中里,2572,4333893,1685,848,418,1743,6497.88,385.62
台中市,南屯區,大誠里,1280,1450063,1133,707,398,1371,1970.89,173.97
台中市,南屯區,大興里,1413,1441995,1021,660,350,1190,2109.14,206.67
台中市,南屯區,寶山里,1732,1625190,938,719,401,1118,1541.96,164.33
台中市,南屯區,三和里,2960,4528071,1530,959,487,1718,6360.57,415.79
台中市,南屯區,三義里,2258,2811877,1245,920,469,1597,1389.62,111.59
台中市,北屯區,北屯里,1154,1117283,968,625,348,1165,1382.35,142.78
台中市,北屯區,三光里,2308,1992205,863,621,339,1088,1022.59,118.47
台中市,北屯區,舊社里,1861,1575564,847,605,338,1072,889.95,105.12
台中市,北屯區,水景里,4335,4596278,1060,676,364,1274,2765.05,260.79
台中市,北屯區,軍功里,3505,3259884,930,660,362,1189,909.06,97.74
台中市,北屯區,和平里,2448,2124402,868,603,357,1064,936.44,107.91
台中市,北屯區,平田里,1768,1489220,842,575,331,1081,946.80,112.40
台中市,北屯區,東山里,596,496119,832,542,327,1004,995.89,119.64
台中市,北屯區,大坑里,507,425020,838,548,309,894,1095.34,130.66
台中市,北屯區,民德里,211,187282,888,579,308,1070,1707.45,192.37
台中市,北屯區,子里,1544,1852170,1200,744,388,1332,3479.65,290.07
台中市,北屯區,平和里,1738,1612738,928,645,340,1190,982.75,105.91
台中市,北屯區,民政里,248,264553,1067,546,287,956,2452.31,229.89
台中市,北屯區,松竹里,2858,3091371,1082,708,382,1373,1323.52,122.36
台中市,北屯區,仁美里,2510,2845400,1134,698,372,1347,2116.85,186.73
台中市,北屯區,仁和里,2609,2956381,1133,723,382,1433,1459.28,128.78
台中市,北屯區,四民里,453,331334,731,524,286,930,686.68,93.88
台中市,北屯區,同榮里,1696,1636053,965,618,333,1139,2695.44,279.42
台中市,北屯區,陳平里,1379,1110714,805,596,355,1026,801.94,99.56
台中市,北屯區,后庄里,3103,2976633,959,671,358,1186,1216.94,126.86
台中市,北屯區,仁愛里,295,211884,718,527,285,890,719.58,100.19
台中市,北屯區,北興里,1064,835330,785,560,298,978,831.31,105.89
台中市,北屯區,東光里,1369,1059335,774,591,323,969,708.25,91.53
台中市,北屯區,新平里,1165,823717,707,514,302,873,689.67,97.54
台中市,北屯區,水湳里,1943,1736938,894,579,346,1031,1648.71,184.43
台中市,北屯區,平安里,1761,1461433,830,563,312,993,929.05,111.95
台中市,北屯區,平德里,2122,2000197,943,628,340,1131,1135.31,120.44
台中市,北屯區,平順里,1034,830203,803,598,331,1003,755.82,94.14
台中市,北屯區,大德里,1490,1254897,842,611,341,1060,862.78,102.44
台中市,北屯區,松安里,1589,1297195,816,584,342,1040,837.29,102.56
台中市,北屯區,松茂里,1714,1477342,862,646,363,1107,809.51,93.92
台中市,北屯區,平心里,1531,1291033,843,620,356,1050,820.14,97.26
台中市,北屯區,平福里,1362,1441523,1058,711,367,1405,1210.75,114.40
台中市,北屯區,平昌里,1343,1170638,872,600,354,1074,933.86,107.14
台中市,北屯區,平陽里,1601,1501080,938,610,337,1097,1174.10,125.23
台中市,北屯區,忠平里,1210,1111252,918,608,343,1016,2139.55,232.97
台中市,北屯區,松勇里,1657,1447589,874,610,366,1101,858.49,98.27
台中市,北屯區,松強里,2023,2457063,1215,746,402,1365,2989.59,246.15
台中市,北屯區,松和里,1889,1499991,794,573,334,967,852.31,107.33
台中市,北屯區,平興里,1959,1652675,844,607,348,1066,911.19,108.01
台中市,北屯區,北京里,986,930811,944,576,321,999,2617.55,277.28
台中市,北屯區,三和里,1775,1349601,760,548,321,946,717.57,94.38
台中市,豐原區,豐原里,728,587645,807,553,305,948,924.05,114.47
台中市,豐原區,頂街里,345,317993,922,512,300,1043,1528.21,165.80
台中市,豐原區,中山里,334,527019,1578,643,303,1212,4883.40,309.49
台中市,豐原區,豐榮里,390,487616,1250,654,340,1224,4498.71,359.81
台中市,豐原區,下街里,259,215801,833,553,280,971,955.38,114.66
台中市,豐原區,豐西里,544,536957,987,557,302,991,3502.76,354.87
台中市,豐原區,葫蘆里,247,191138,774,497,274,957,908.91,117.45
台中市,豐原區,富春里,293,225806,771,456,269,849,1043.30,135.38
台中市,豐原區,東勢里,476,407038,855,566,322,1021,1147.18,134.15
台中市,豐原區,西勢里,709,629889,888,563,318,1051,1030.92,116.04
台中市,豐原區,圳寮里,405,303162,749,552,311,964,655.57,87.58
台中市,豐原區,大湳里,882,702071,796,561,315,980,799.47,100.44
台中市,豐原區,東湳里,1295,893524,690,483,296,828,724.65,105.02
台中市,豐原區,西湳里,2806,2132121,760,522,300,875,1154.48,151.94
台中市,豐原區,南陽里,3418,2905115,850,578,320,1045,1063.59,125.14
台中市,豐原區,北陽里,4360,3568035,818,558,320,963,1424.27,174.04
台中市,豐原區,東陽里,505,330102,654,434,272,736,815.44,124.75
台中市,豐原區,田心里,1981,1560328,788,550,320,983,837.97,106.39
台中市,豐原區,鎌村里,1476,992229,672,514,313,835,593.30,88.26
台中市,豐原區,社皮里,3131,2238362,715,527,302,894,702.86,98.31
台中市,豐原區,三村里,2163,1819761,841,566,313,1019,1344.51,159.81
台中市,豐原區,南村里,1824,1541702,845,548,301,960,2223.65,263.08
台中市,豐原區,南田里,1071,714036,667,500,288,838,643.56,96.53
台中市,豐原區,南嵩里,1036,755893,730,510,294,855,1034.88,141.84
台中市,豐原區,翁明里,740,712588,963,544,317,878,3711.87,385.47
台中市,豐原區,翁子里,989,671980,679,512,300,831,709.76,104.46
台中市,豐原區,翁社里,673,561450,834,475,293,766,3513.09,421.11
台中市,豐原區,朴子里,991,723137,730,475,284,789,1382.21,189.42
台中市,豐原區,豐田里,3241,2331014,719,526,305,877,748.88,104.12
台中市,豐原區,豐圳里,1075,774061,720,512,296,834,860.08,119.45
台中市,豐原區,北湳里,1012,1082334,1069,534,312,975,9181.02,858.44
台中市,豐原區,陽明里,981,794449,810,563,323,1026,782.40,96.61
台中市,豐原區,民生里,341,272955,800,554,325,923,1024.13,127.94
台中市,豐原區,中陽里,1808,1399669,774,548,295,961,845.96,109.28
台中市,豐原區,西安里,1797,1446421,805,561,324,975,981.65,121.96
台中市,豐原區,中興里,912,646713,709,535,300,870,637.56,89.91
台中市,東勢區,北興里,400,301151,753,559,317,919,655.37,87.05
台中市,東勢區,中寧里,254,141449,557,449,236,763,441.94,79.36
台中市,東勢區,東安里,334,264622,792,565,301,983,865.79,109.28
台中市,東勢區,南平里,497,339799,684,509,289,897,606.35,88.69
台中市,東勢區,新盛里,1381,894734,648,499,296,809,589.62,91.01
台中市,東勢區,詒福里,367,248777,678,479,308,805,714.50,105.40
台中市,東勢區,下城里,198,122279,618,507,285,803,598.32,96.88
台中市,東勢區,上城里,238,177221,745,500,321,921,717.31,96.33
台中市,東勢區,慶東里,398,256988,646,504,291,820,579.61,89.77
台中市,東勢區,慶福里,219,132232,604,432,242,732,763.85,126.51
台中市,東勢區,隆興里,259,156121,603,470,285,741,517.58,85.87
台中市,東勢區,福隆里,879,600982,684,517,321,850,592.65,86.68
台中市,東勢區,中嵙里,420,295474,704,535,311,884,617.96,87.84
台中市,東勢區,上新里,299,202996,679,499,289,935,606.35,89.31
台中市,東勢區,廣興里,413,329901,799,553,343,987,691.99,86.63
台中市,東勢區,粵寧里,583,380109,652,504,294,828,537.14,82.39
台中市,東勢區,下新里,435,279068,642,461,275,780,592.07,92.29
台中市,東勢區,興隆里,261,154078,590,495,320,736,422.61,71.59
台中市,東勢區,茂興里,407,234902,577,460,295,706,465.95,80.73
台中市,東勢區,泰興里,163,104418,641,510,271,805,551.52,86.09
台中市,東勢區,埤頭里,166,99356,599,459,290,679,576.70,96.35
台中市,東勢區,明正里,218,123037,564,458,281,734,465.84,82.54
台中市,東勢區,泰昌里,1011,761481,753,556,318,963,697.79,92.64
台中市,東勢區,延平里,655,445336,680,511,290,823,683.28,100.50
台中市,東勢區,東新里,551,385634,700,527,325,878,591.17,84.47
台中市,大甲區,朝陽里,481,388605,808,568,317,969,851.55,105.40
台中市,大甲區,大甲里,387,354050,915,542,293,1186,1157.86,126.56
台中市,大甲區,順天里,493,420150,852,520,288,928,1588.12,186.35
台中市,大甲區,孔門里,238,573702,2411,619,377,1159,12665.75,525.44
台中市,大甲區,岷山里,676,559118,827,526,310,878,1602.49,193.75
台中市,大甲區,中山里,1254,907594,724,503,314,888,809.69,111.87
台中市,大甲區,南陽里,238,175360,737,493,289,925,733.39,99.54
台中市,大甲區,薰風里,276,365255,1323,589,310,993,4696.25,354.87
台中市,大甲區,義和里,947,702832,742,525,322,894,792.68,106.81
台中市,大甲區,武陵里,338,230632,682,539,334,848,569.56,83.47
台中市,大甲區,文曲里,278,173530,624,471,306,791,542.99,86.99
台中市,大甲區,平安里,672,554786,826,561,346,1011,910.02,110.23
台中市,大甲區,庄美里,705,805447,1142,548,346,939,4120.90,360.70
台中市,大甲區,武曲里,570,935540,1641,531,279,868,7660.41,466.73
台中市,大甲區,文武里,1755,1572406,896,582,340,987,2557.52,285.45
台中市,大甲區,奉化里,644,550942,856,609,343,1091,861.68,100.72
台中市,大甲區,德化里,524,348180,664,528,295,824,602.46,90.67
台中市,大甲區,江南里,387,263565,681,499,316,836,702.26,103.11
台中市,大甲區,頂店里,1387,1138691,821,557,326,915,1339.25,163.13
台中市,大甲區,太白里,348,246643,709,512,323,837,642.83,90.70
台中市,大甲區,孟春里,1138,789764,694,522,322,843,622.04,89.63
台中市,大甲區,幸福里,682,486972,714,529,331,832,756.81,105.99
台中市,大甲區,日南里,1816,1246206,686,506,325,789,1282.36,186.87
台中市,大甲區,龍泉里,422,265026,628,497,308,800,463.76,73.84
台中市,大甲區,銅安里,388,250027,644,486,331,778,581.80,90.29
台中市,大甲區,西岐里,498,357103,717,493,315,799,1046.60,145.95
台中市,大甲區,福德里,283,165154,584,438,306,703,506.15,86.73
台中市,大甲區,建興里,376,227441,605,490,322,769,431.71,71.37
台中市,大甲區,新美里,1044,798419,765,530,322,919,762.23,99.67
台中市,清水區,鰲峰里,317,250979,792,531,323,989,895.06,113.05
台中市,清水區,靈泉里,352,287116,816,599,356,1071,716.35,87.82
台中市,清水區,清水里,736,571072,776,564,305,1008,911.12,117.43
台中市,清水區,南寧里,587,469191,799,576,317,959,823.77,103.06
台中市,清水區,西寧里,515,331652,644,496,305,830,575.42,89.35
台中市,清水區,北寧里,219,157809,721,524,299,929,653.04,90.63
台中市,清水區,中興里,142,101215,713,540,310,805,741.83,104.08
台中市,清水區,西社里,726,587079,809,588,344,954,908.84,112.39
台中市,清水區,南社里,2864,2280353,796,605,348,1033,694.47,87.22
台中市,清水區,裕嘉里,461,291770,633,483,298,789,595.27,94.05
台中市,清水區,臨江里,431,308724,716,481,305,805,1398.81,195.28
台中市,清水區,秀水里,1272,898581,706,526,329,862,747.72,105.84
台中市,清水區,武鹿里,1043,759223,728,549,335,888,676.26,92.90
台中市,清水區,海濱里,533,345974,649,487,318,724,862.71,132.91
台中市,清水區,槺榔里,1470,1078536,734,569,351,941,616.25,83.99
台中市,清水區,中社里,817,595430,729,596,348,949,553.46,75.94
台中市,清水區,高西里,305,173400,569,424,268,666,637.59,112.15
台中市,清水區,高南里,339,234417,691,487,304,778,765.05,110.64
台中市,清水區,高東里,295,202328,686,517,337,768,795.39,115.97
台中市,清水區,高北里,297,197487,665,493,308,788,982.87,147.81
台中市,清水區,高美里,339,228424,674,494,314,803,593.96,88.15
台中市,清水區,國姓里,600,404669,674,470,303,782,726.76,107.76
台中市,清水區,菁埔里,659,398684,605,477,304,720,526.34,87.00
台中市,清水區,頂湳里,458,296593,648,483,299,777,595.11,91.90
台中市,清水區,田寮里,641,401731,627,507,312,760,496.47,79.22
台中市,清水區,橋頭里,2270,1691898,745,551,329,936,714.54,95.87
台中市,清水區,下湳里,914,639393,700,512,313,821,643.54,91.99
台中市,清水區,東山里,306,176556,577,459,295,736,446.06,77.31
台中市,清水區,楊厝里,256,141006,551,452,276,696,583.46,105.93
台中市,清水區,海風里,349,235416,675,498,340,777,609.61,90.37
台中市,清水區,吳厝里,376,211314,562,469,306,674,430.73,76.64
台中市,清水區,文昌里,243,180352,742,509,294,949,815.76,109.91
台中市,沙鹿區,居仁里,423,360284,852,562,351,1000,956.63,112.32
台中市,沙鹿區,洛泉里,688,699958,1017,582,330,1066,2134.08,209.76
台中市,沙鹿區,沙鹿里,372,491830,1322,593,322,1323,2436.39,184.28
台中市,沙鹿區,美仁里,131,135303,1033,657,364,944,2247.45,217.60
台中市,沙鹿區,興仁里,761,569206,748,536,320,876,819.82,109.61
台中市,沙鹿區,斗抵里,1361,1098987,807,563,343,954,1043.85,129.27
台中市,沙鹿區,鹿峰里,1494,1157710,775,563,335,963,741.29,95.66
台中市,沙鹿區,鹿寮里,2030,1665864,821,590,339,1000,897.12,109.32
台中市,沙鹿區,竹林里,2214,1883070,851,592,351,1014,2550.12,299.83
台中市,沙鹿區,犂分里,298,199189,668,498,331,834,586.16,87.69
台中市,沙鹿區,福興里,1025,862188,841,615,369,1033,1425.39,169.46
台中市,沙鹿區,北勢里,1412,1160247,822,574,343,1030,897.51,109.23
台中市,沙鹿區,晉江里,470,370335,788,539,330,882,888.88,112.81
台中市,沙鹿區,六路里,1507,1288802,855,621,368,1063,833.96,97.52
台中市,沙鹿區,南勢里,988,791873,801,615,374,1005,683.81,85.32
台中市,沙鹿區,埔子里,1578,1524269,966,745,396,1279,909.11,94.12
台中市,沙鹿區,公明里,1216,878358,722,581,361,912,553.80,76.67
台中市,沙鹿區,西勢里,534,319200,598,478,306,757,462.37,77.35
台中市,沙鹿區,清泉里,722,545049,755,644,385,975,550.79,72.96
台中市,沙鹿區,興安里,1105,1326903,1201,567,343,961,11260.95,937.77
台中市,沙鹿區,三鹿里,2037,1590480,781,651,396,1004,605.05,77.49
台中市,梧棲區,頂寮里,935,658552,704,554,327,882,660.43,93.77
台中市,梧棲區,下寮里,606,445409,735,592,345,877,650.05,88.44
台中市,梧棲區,中正里,1303,1012183,777,576,346,932,952.25,122.59
台中市,梧棲區,中和里,166,137876,831,631,383,1048,732.15,88.15
台中市,梧棲區,文化里,415,336058,810,607,363,1023,729.25,90.06
台中市,梧棲區,安仁里,244,173410,711,531,317,884,706.43,99.40
台中市,梧棲區,草湳里,1935,1420445,734,544,350,874,1213.61,165.32
台中市,梧棲區,南簡里,1502,1102741,734,567,349,937,600.95,81.85
台中市,梧棲區,福德里,1306,981906,752,571,347,935,661.98,88.05
台中市,梧棲區,大庄里,2303,1709015,742,573,349,916,723.65,97.52
台中市,梧棲區,大村里,1758,1346721,766,577,342,964,711.83,92.92
台中市,梧棲區,永寧里,730,578375,792,523,324,848,1550.09,195.65
台中市,梧棲區,永安里,821,635036,773,505,307,799,2156.48,278.80
台中市,梧棲區,興農里,716,513837,718,540,325,886,635.07,88.49
台中市,神岡區,神岡里,992,667734,673,492,308,821,723.13,107.43
台中市,神岡區,庄前里,676,466793,691,492,306,829,669.33,96.93
台中市,神岡區,庄後里,628,409422,652,486,295,783,600.65,92.13
台中市,神岡區,北庄里,840,540490,643,474,280,783,661.69,102.84
台中市,神岡區,圳前里,666,428014,643,488,283,756,690.55,107.45
台中市,神岡區,圳堵里,557,335830,603,469,288,752,495.35,82.16
台中市,神岡區,新庄里,1115,670279,601,472,300,729,525.41,87.40
台中市,神岡區,山皮里,282,181410,643,460,272,719,741.31,115.24
台中市,神岡區,社口里,2348,1692843,721,508,304,827,1562.93,216.78
台中市,神岡區,社南里,1737,1191391,686,507,295,854,626.06,91.28
台中市,神岡區,三角里,835,704832,844,528,302,893,2014.03,238.60
台中市,神岡區,大社里,1354,950756,702,528,314,856,670.63,95.51
台中市,神岡區,岸裡里,997,680049,682,478,299,819,836.16,122.59
台中市,神岡區,豐洲里,2319,1569383,677,497,287,822,644.66,95.26
台中市,神岡區,神洲里,875,578178,661,454,282,763,765.90,115.91
台中市,神岡區,溪洲里,777,460580,593,441,272,721,620.01,104.60
台中市,后里區,廣福里,433,256705,593,452,278,739,520.41,87.78
台中市,后里區,仁里里,208,123184,592,460,276,831,493.58,83.34
台中市,后里區,義里里,908,671239,739,545,317,924,691.61,93.56
台中市,后里區,后里里,1122,777277,693,499,293,853,681.96,98.44
台中市,后里區,厚里里,654,422217,646,485,283,788,621.42,96.26
台中市,后里區,墩東里,1447,1063204,735,542,330,941,661.83,90.07
台中市,后里區,墩西里,561,416399,742,541,309,918,721.63,97.22
台中市,后里區,墩南里,998,697013,698,493,300,852,912.77,130.69
台中市,后里區,墩北里,1082,789756,730,527,302,905,839.03,114.95
台中市,后里區,中和里,764,543108,711,525,313,852,777.27,109.34
台中市,后里區,舊社里,533,347939,653,488,288,846,596.32,91.35
台中市,后里區,聯合里,408,270256,662,495,308,770,950.19,143.45
台中市,后里區,太平里,593,376229,634,520,309,818,458.27,72.23
台中市,后里區,眉山里,921,660466,717,539,312,905,640.20,89.27
台中市,后里區,月眉里,479,314280,656,504,288,870,561.07,85.51
台中市,后里區,公館里,506,311967,617,475,296,766,568.63,92.23
台中市,后里區,泰安里,324,230928,713,489,288,755,1158.31,162.52
台中市,后里區,義德里,795,540582,680,548,318,864,553.13,81.34
台中市,大雅區,大雅里,1488,1153220,775,533,301,919,936.13,120.79
台中市,大雅區,員林里,2871,2318544,808,559,324,1015,1056.20,130.79
台中市,大雅區,六寶里,1667,1116917,670,519,307,826,636.61,95.01
台中市,大雅區,秀山里,984,703182,715,487,294,843,789.36,110.46
台中市,大雅區,橫山里,1243,1019891,821,557,331,991,930.51,113.41
台中市,大雅區,三和里,1687,1385300,821,569,346,970,1266.27,154.20
台中市,大雅區,西寶里,1506,1220231,810,541,318,905,1951.32,240.83
台中市,大雅區,上楓里,1893,1371424,724,530,317,890,956.02,131.96
台中市,大雅區,忠義里,846,582600,689,535,329,881,619.44,89.95
台中市,大雅區,四德里,1463,1198438,819,576,336,1002,868.91,106.07
台中市,大雅區,上雅里,1770,1386026,783,556,317,974,788.26,100.66
台中市,大雅區,二和里,1873,1590521,849,601,340,1016,960.94,113.16
台中市,大雅區,文雅里,1874,1493518,797,567,345,991,1001.29,125.64
台中市,大雅區,大楓里,1453,967049,666,492,298,803,698.81,105.00
台中市,大雅區,雅楓里,1045,660771,632,467,307,766,879.91,139.16
台中市,潭子區,潭秀里,470,466875,993,539,284,987,2493.51,251.02
台中市,潭子區,潭北里,752,595120,791,536,326,906,1280.51,161.81
台中市,潭子區,潭陽里,3544,2557624,722,529,326,894,1282.87,177.76
台中市,潭子區,福仁里,3208,2219536,692,527,321,866,613.56,88.68
台中市,潭子區,頭家里,1577,1221450,775,565,334,934,1065.84,137.61
台中市,潭子區,甘蔗里,3079,2432203,790,578,337,991,872.43,110.44
台中市,潭子區,東寶里,3838,2733971,712,540,313,891,709.87,99.65
台中市,潭子區,大富里,837,627957,750,539,303,961,838.48,111.76
台中市,潭子區,大豐里,1979,1675963,847,615,348,1022,1009.11,119.16
台中市,潭子區,栗林里,1615,1220070,755,513,298,868,1270.29,168.15
台中市,潭子區,嘉仁里,1146,800603,699,522,316,850,675.89,96.75
台中市,潭子區,新田里,404,278656,690,490,289,749,752.49,109.10
台中市,潭子區,聚興里,1166,874461,750,534,317,898,798.21,106.43
台中市,潭子區,頭家東里,1326,1061891,801,586,339,1017,903.74,112.85
台中市,潭子區,家興里,2190,1729809,790,607,351,1041,779.50,98.69
台中市,潭子區,家福里,1303,1027084,788,579,334,1013,700.70,88.89
台中市,新社區,新社里,858,609782,711,549,346,909,594.19,83.61
台中市,新社區,復盛里,383,273225,713,581,351,903,569.24,79.79
台中市,新社區,中正里,340,231523,681,533,315,857,607.88,89.27
台中市,新社區,月湖里,219,143196,654,502,321,783,620.97,94.97
台中市,新社區,崑山里,179,111319,622,522,314,746,499.03,80.24
台中市,新社區,慶西里,137,85104,621,484,288,826,548.95,88.37
台中市,新社區,東興里,245,177658,725,564,352,846,645.09,88.96
台中市,新社區,大南里,447,328676,735,531,318,887,768.88,104.57
台中市,新社區,協成里,472,292328,619,476,270,779,579.46,93.56
台中市,新社區,永源里,512,354067,692,523,309,836,627.45,90.73
台中市,新社區,中和里,119,80203,674,431,281,750,770.68,114.35
台中市,新社區,福興里,201,113478,565,410,265,721,451.63,80.00
台中市,新社區,中興里,94,59384,632,522,326,712,583.36,92.34
台中市,石岡區,石岡里,314,211722,674,516,330,798,626.39,92.90
台中市,石岡區,萬安里,420,294301,701,524,305,864,618.41,88.25
台中市,石岡區,九房里,335,225369,673,516,300,777,709.95,105.53
台中市,石岡區,金星里,308,203650,661,531,293,837,569.20,86.09
台中市,石岡區,龍興里,149,92220,619,499,288,752,479.48,77.47
台中市,石岡區,和盛里,321,219275,683,549,303,859,637.66,93.35
台中市,石岡區,德興里,428,297015,694,542,337,899,625.62,90.15
台中市,石岡區,土牛里,278,184194,663,501,304,813,593.19,89.53
台中市,石岡區,梅子里,496,356467,719,529,306,854,782.19,108.84
台中市,石岡區,萬興里,431,383053,889,515,297,863,4155.80,467.60
台中市,外埔區,永豐里,269,173054,643,496,280,829,601.78,93.54
台中市,外埔區,六分里,616,406048,659,533,335,843,522.44,79.26
台中市,外埔區,三崁里,461,312138,677,530,326,842,593.62,87.67
台中市,外埔區,大同里,1323,1003408,758,561,351,908,971.53,128.10
台中市,外埔區,水美里,948,983585,1038,557,322,942,5981.75,576.53
台中市,外埔區,大東里,1740,1193017,686,549,339,866,530.37,77.35
台中市,外埔區,馬鳴里,374,235296,629,465,307,787,549.43,87.33
台中市,外埔區,中山里,331,240017,725,523,342,846,721.71,99.53
台中市,外埔區,鐵山里,537,366579,683,499,305,803,656.26,96.14
台中市,外埔區,土城里,385,288847,750,505,314,854,1320.28,175.98
台中市,外埔區,子里,273,169403,621,469,308,753,558.17,89.95
台中市,大安區,東安里,363,233994,645,495,321,771,562.31,87.23
台中市,大安區,南埔里,224,143371,640,524,315,782,515.74,80.58
台中市,大安區,南庄里,251,159722,636,500,299,799,555.39,87.28
台中市,大安區,中庄里,754,503701,668,481,306,796,740.27,110.81
台中市,大安區,龜売里,430,286399,666,515,301,838,579.91,87.07
台中市,大安區,福興里,325,216620,667,504,302,854,613.77,92.09
台中市,大安區,頂安里,219,134693,615,479,308,751,515.51,83.82
台中市,大安區,永安里,405,252941,625,504,320,767,530.42,84.93
台中市,大安區,福住里,264,163394,619,461,291,717,773.25,124.94
台中市,大安區,海墘里,350,243056,694,498,305,819,645.12,92.90
台中市,大安區,西安里,494,338443,685,508,317,834,626.05,91.38
台中市,大安區,松雅里,247,194594,788,580,329,1008,771.71,97.95
台中市,烏日區,烏日里,2716,2237566,824,619,353,1029,808.54,98.14
台中市,烏日區,湖日里,685,493871,721,544,326,866,655.54,90.92
台中市,烏日區,三和里,1158,923791,798,607,361,1008,720.57,90.33
台中市,烏日區,榮泉里,1179,890100,755,587,351,934,684.48,90.66
台中市,烏日區,學田里,670,926137,1382,539,339,908,9714.78,702.80
台中市,烏日區,九德里,3889,2957630,761,584,343,950,698.72,91.87
台中市,烏日區,前竹里,726,736745,1015,529,323,888,6653.69,655.67
台中市,烏日區,五光里,467,333314,714,523,326,839,650.41,91.13
台中市,烏日區,光明里,657,444687,677,495,297,836,723.27,106.86
台中市,烏日區,東園里,521,388101,745,494,292,847,824.99,110.75
台中市,烏日區,溪埧里,1305,950849,729,529,327,875,755.24,103.65
台中市,烏日區,螺潭里,643,503197,783,531,303,902,1280.43,163.62
台中市,烏日區,北里里,470,452402,963,522,298,899,4857.31,504.63
台中市,烏日區,南里里,333,239206,718,478,300,852,1017.95,141.71
台中市,烏日區,溪尾里,164,103593,632,501,308,667,907.50,143.67
台中市,烏日區,仁德里,2350,2153413,916,613,363,1018,3944.40,430.45
台中市,大肚區,王田里,1344,941695,701,512,308,828,1280.82,182.80
台中市,大肚區,中和里,256,198421,775,588,339,888,971.47,125.34
台中市,大肚區,福山里,1147,769722,671,527,320,829,640.35,95.42
台中市,大肚區,社腳里,782,533593,682,500,331,808,852.21,124.89
台中市,大肚區,營埔里,444,309782,698,532,319,823,926.97,132.86
台中市,大肚區,新興里,810,538211,664,513,327,772,776.71,116.89
台中市,大肚區,大東里,970,716850,739,570,355,904,883.36,119.53
台中市,大肚區,大肚里,647,573973,887,580,363,980,1159.67,130.72
台中市,大肚區,永和里,256,185246,724,551,326,951,628.37,86.84
台中市,大肚區,磺溪里,497,393863,792,575,355,992,855.64,107.97
台中市,大肚區,永順里,483,301334,624,482,317,772,517.72,82.98
台中市,大肚區,成功里,274,189041,690,520,335,820,602.97,87.40
台中市,大肚區,頂街里,2365,1991228,842,630,385,1014,1427.74,169.57
台中市,大肚區,山陽里,426,287460,675,527,327,807,628.76,93.18
台中市,大肚區,瑞井里,1431,944924,660,504,334,812,706.77,107.03
台中市,大肚區,蔗里,1369,951834,695,545,331,849,611.15,87.90
台中市,大肚區,自強里,995,645740,649,506,328,805,535.15,82.46
台中市,龍井區,竹坑里,958,707067,738,529,339,836,1362.51,184.61
台中市,龍井區,龍東里,881,600396,681,537,345,838,596.19,87.48
台中市,龍井區,龍西里,556,378086,680,548,333,890,538.10,79.13
台中市,龍井區,田中里,1027,705804,687,552,323,888,596.05,86.73
台中市,龍井區,福田里,307,209396,682,516,299,873,623.74,91.45
台中市,龍井區,麗水里,658,433929,659,493,311,810,689.05,104.49
台中市,龍井區,龍津里,1513,999728,661,528,317,859,528.36,79.96
台中市,龍井區,三德里,902,608447,675,505,314,813,782.61,116.02
台中市,龍井區,忠和里,1584,1170060,739,541,316,894,714.33,96.70
台中市,龍井區,山腳里,1701,1187286,698,548,332,886,703.88,100.84
台中市,龍井區,龍泉里,2216,1878667,848,650,375,1072,901.54,106.34
台中市,龍井區,龍崗里,799,582098,729,543,318,872,707.21,97.07
台中市,龍井區,新庄里,1773,1375343,776,555,344,949,1015.62,130.93
台中市,龍井區,南寮里,420,276257,658,521,319,802,650.82,98.94
台中市,龍井區,新東里,1458,1295298,888,559,342,968,3259.80,366.93
台中市,龍井區,東海里,2618,3016136,1152,668,376,1215,6382.64,554.01
台中市,霧峰區,桐林里,263,199461,758,513,304,925,816.38,107.64
台中市,霧峰區,吉峰里,2680,1994434,744,511,307,844,1823.32,245.01
台中市,霧峰區,甲寅里,1325,888585,671,524,306,836,570.44,85.06
台中市,霧峰區,本鄉里,687,542628,790,558,339,948,820.89,103.93
台中市,霧峰區,中正里,592,480031,811,558,315,1007,1322.29,163.07
台中市,霧峰區,錦榮里,325,247465,761,569,321,995,643.79,84.55
台中市,霧峰區,本堂里,1799,1518425,844,600,353,1048,851.88,100.93
台中市,霧峰區,坑口里,800,572512,716,547,336,869,711.39,99.41
台中市,霧峰區,北柳里,1086,821335,756,546,348,944,762.96,100.88
台中市,霧峰區,南柳里,485,322570,665,529,299,833,578.80,87.02
台中市,霧峰區,四德里,613,475530,776,521,299,887,1053.57,135.81
台中市,霧峰區,五福里,741,497212,671,482,288,797,725.10,108.06
台中市,霧峰區,萬豐里,687,477934,696,499,290,790,1911.89,274.82
台中市,霧峰區,舊正里,527,369004,700,561,339,894,555.07,79.27
台中市,霧峰區,峰谷里,261,161792,620,469,325,746,513.67,82.86
台中市,霧峰區,六股里,637,403409,633,495,324,806,493.39,77.91
台中市,霧峰區,丁臺里,604,437561,724,531,311,822,736.06,101.60
台中市,霧峰區,北勢里,511,350694,686,528,320,829,567.56,82.70
台中市,霧峰區,南勢里,308,199870,649,483,279,760,609.38,93.91
台中市,霧峰區,萊園里,261,189792,727,521,337,867,721.42,99.21
台中市,太平區,太平里,1850,1448581,783,503,297,876,1175.23,150.09
台中市,太平區,中平里,1157,840454,726,521,311,857,1428.49,196.65
台中市,太平區,東平里,1147,885456,772,522,317,819,2674.93,346.50
台中市,太平區,坪林里,856,613969,717,527,296,924,652.32,90.95
台中市,太平區,新光里,1929,1416798,734,532,325,900,869.42,118.37
台中市,太平區,頭汴里,408,246165,603,396,264,688,906.38,150.23
台中市,太平區,東汴里,183,94429,516,409,283,642,374.45,72.57
台中市,太平區,興隆里,739,446089,604,457,283,722,620.13,102.73
台中市,太平區,光隆里,794,506453,638,480,291,771,594.21,93.16
台中市,太平區,黃竹里,103,63995,621,410,273,887,536.98,86.43
台中市,太平區,中興里,1167,863851,740,535,304,891,794.65,107.35
台中市,太平區,建國里,808,570803,706,498,301,834,757.38,107.21
台中市,太平區,光華里,1362,954375,701,521,323,843,674.52,96.26
台中市,太平區,中山里,792,540794,683,522,309,883,545.08,79.83
台中市,太平區,宜欣里,1768,1153815,653,505,300,828,575.13,88.13
台中市,太平區,新坪里,1964,1505906,767,572,338,982,755.66,98.55
台中市,太平區,新福里,1573,1279087,813,604,348,1004,860.40,105.81
台中市,太平區,長億里,1695,1185099,699,528,320,865,660.42,94.46
台中市,太平區,德隆里,1286,909338,707,487,293,781,1307.76,184.95
台中市,太平區,永成里,1807,1246911,690,528,318,855,654.77,94.89
台中市,太平區,中政里,962,663338,690,514,330,846,628.82,91.19
台中市,太平區,平安里,636,377072,593,488,303,759,431.33,72.75
台中市,太平區,永平里,1142,881151,772,535,329,854,1261.03,163.43
台中市,太平區,建興里,726,478810,660,492,297,754,852.80,129.31
台中市,太平區,成功里,934,638048,683,521,311,816,1157.39,169.42
台中市,太平區,東和里,700,457728,654,493,296,845,604.88,92.50
台中市,太平區,宜佳里,1577,1126731,714,524,321,866,708.16,99.12
台中市,太平區,宜昌里,986,677874,687,529,320,828,611.01,88.87
台中市,太平區,豐年里,1202,886695,738,547,325,909,721.43,97.80
台中市,太平區,大興里,632,452474,716,539,323,858,667.44,93.23
台中市,太平區,勤益里,639,461186,722,552,328,938,624.19,86.49
台中市,太平區,光明里,1002,877886,876,606,354,1034,946.25,108.00
台中市,太平區,新吉里,1451,1087363,749,548,332,916,1236.14,164.95
台中市,太平區,新城里,1299,958999,738,554,332,937,673.19,91.19
台中市,太平區,新興里,1335,1181142,885,709,383,1173,736.61,83.26
台中市,太平區,新高里,1440,1369205,951,612,362,1047,3412.48,358.89
台中市,太平區,聖和里,355,269524,759,510,312,824,943.39,124.26
台中市,太平區,福隆里,918,598004,651,505,298,802,599.44,92.02
台中市,太平區,永隆里,646,389545,603,488,316,736,502.01,83.25
台中市,大里區,大里里,954,671034,703,500,303,838,783.94,111.45
台中市,大里區,新里里,2759,2518986,913,608,347,1158,1322.44,144.84
台中市,大里區,樹王里,990,736051,743,549,304,924,732.32,98.50
台中市,大里區,祥興里,2090,1539338,737,540,312,905,1115.65,151.47
台中市,大里區,內新里,2495,1949147,781,576,337,974,956.02,122.37
台中市,大里區,東昇里,973,761388,783,562,307,962,746.78,95.43
台中市,大里區,大元里,1388,1008423,727,521,310,882,724.39,99.71
台中市,大里區,仁化里,2530,1838473,727,522,318,841,1032.64,142.11
台中市,大里區,健民里,1118,711409,636,486,302,763,883.74,138.88
台中市,大里區,塗城里,2272,1416560,623,508,313,775,496.33,79.61
台中市,大里區,東湖里,2846,2026819,712,552,334,900,655.01,91.98
台中市,大里區,西湖里,837,611683,731,508,295,839,962.24,131.67
台中市,大里區,夏田里,274,194594,710,508,300,924,650.66,91.62
台中市,大里區,東興里,2283,1790363,784,547,321,972,815.33,103.97
台中市,大里區,日新里,1096,812276,741,542,321,925,692.66,93.46
台中市,大里區,西榮里,1698,1275751,751,536,311,952,1107.48,147.40
台中市,大里區,金城里,2694,1833235,680,514,318,840,629.14,92.45
台中市,大里區,立仁里,1422,923948,650,502,302,778,744.17,114.53
台中市,大里區,新仁里,2122,1443107,680,516,312,845,645.90,94.98
台中市,大里區,瑞城里,3469,2476678,714,530,328,873,741.41,103.85
台中市,大里區,中新里,1539,1278128,830,603,349,1043,1074.49,129.38
台中市,大里區,仁德里,1894,1315340,694,523,307,868,633.65,91.24
台中市,大里區,立德里,2266,1643041,725,563,331,892,668.21,92.16
台中市,大里區,國光里,1884,1935477,1027,635,347,1150,4398.62,428.16
台中市,大里區,大明里,1264,926234,733,551,331,915,632.92,86.37
台中市,大里區,永隆里,3066,3361477,1096,787,401,1433,1373.35,125.26
台中市,大里區,長榮里,2745,2379693,867,613,347,1112,864.01,99.66
台中市,和平區,中坑里,83,48991,590,425,280,730,521.85,88.41
台中市,和平區,自由里,137,94407,689,581,359,900,483.87,70.22
台中市,和平區,平等里,113,69306,613,487,324,788,569.22,92.81
台中市,和平區,南勢里,371,262009,706,541,329,846,656.26,92.93
台中市,和平區,博愛里,327,261792,801,475,313,795,2682.93,335.12
台中市,和平區,梨山里,226,141221,625,468,302,839,538.83,86.23
台中市,和平區,天輪里,93,63824,686,499,310,885,633.76,92.35
台中市,和平區,達觀里,124,95065,767,587,330,903,754.58,98.43
基隆市,中正區,德義里,297,250860,845,619,332,1059,869.29,102.92
基隆市,中正區,正義里,407,281038,691,545,338,874,534.66,77.43
基隆市,中正區,信義里,289,216376,749,569,330,936,782.88,104.56
基隆市,中正區,義重里,322,250139,777,617,383,941,693.69,89.30
基隆市,中正區,港通里,503,477990,950,648,357,1192,992.27,104.42
基隆市,中正區,中船里,381,273618,718,590,337,906,573.67,79.88
基隆市,中正區,正船里,414,306994,742,553,354,911,670.12,90.37
基隆市,中正區,入船里,248,192983,778,620,370,1043,611.47,78.58
基隆市,中正區,中砂里,375,272260,726,536,344,941,621.32,85.58
基隆市,中正區,正砂里,801,694519,867,621,378,1075,886.23,102.21
基隆市,中正區,真砂里,458,396341,865,562,343,900,3241.32,374.56
基隆市,中正區,砂灣里,606,430997,711,529,332,883,593.36,83.43
基隆市,中正區,中濱里,361,236719,656,505,293,830,607.72,92.68
基隆市,中正區,中正里,550,374997,682,532,299,838,662.74,97.20
基隆市,中正區,正濱里,297,265510,894,623,386,950,1779.82,199.09
基隆市,中正區,社寮里,524,341409,652,513,337,838,509.73,78.23
基隆市,中正區,平寮里,394,245889,624,530,353,793,524.50,84.04
基隆市,中正區,八斗里,423,270508,639,535,358,844,450.52,70.45
基隆市,中正區,長潭里,127,83682,659,507,330,814,609.29,92.47
基隆市,中正區,砂子里,1404,957066,682,538,340,861,594.78,87.25
基隆市,中正區,海濱里,340,232008,682,534,349,792,844.49,123.76
基隆市,中正區,建國里,594,496929,837,644,400,1084,675.70,80.77
基隆市,中正區,和憲里,239,133440,558,482,307,730,394.64,70.68
基隆市,中正區,碧砂里,345,217138,629,515,322,789,524.31,83.31
基隆市,中正區,新豐里,1725,1397202,810,641,391,1046,686.03,84.70
基隆市,中正區,新富里,1447,1017671,703,550,349,865,554.40,78.83
基隆市,七堵區,八德里,524,346974,662,511,348,803,581.14,87.76
基隆市,七堵區,長興里,1229,896546,729,574,377,913,577.75,79.20
基隆市,七堵區,正光里,822,658171,801,587,332,989,734.37,91.72
基隆市,七堵區,永平里,653,485454,743,587,355,989,593.71,79.86
基隆市,七堵區,富民里,1256,980619,781,583,352,959,827.06,105.93
基隆市,七堵區,自強里,298,209757,704,564,331,892,557.82,79.25
基隆市,七堵區,泰安里,1479,1066607,721,551,361,893,629.80,87.33
基隆市,七堵區,堵南里,647,453695,701,546,350,897,586.96,83.70
基隆市,七堵區,堵北里,1212,875417,722,565,355,886,816.31,113.02
基隆市,七堵區,六堵里,769,597963,778,582,361,994,752.35,96.75
基隆市,七堵區,友一里,669,748244,1118,722,383,1356,1418.26,126.81
基隆市,七堵區,友二里,101,74737,740,473,270,827,1088.68,147.12
基隆市,七堵區,瑪東里,77,51282,666,464,326,729,702.79,105.52
基隆市,七堵區,瑪南里,130,82923,638,504,347,740,660.33,103.52
基隆市,七堵區,瑪西里,88,54621,621,471,301,838,489.61,78.88
基隆市,七堵區,永安里,769,582949,758,561,361,941,686.98,90.62
基隆市,七堵區,百福里,2094,1604634,766,566,354,939,881.97,115.09
基隆市,七堵區,實踐里,1272,857890,674,546,353,823,523.35,77.60
基隆市,七堵區,正明里,735,569457,775,616,370,1006,614.68,79.34
基隆市,七堵區,長安里,692,498507,720,547,365,864,738.23,102.48
基隆市,暖暖區,碇內里,864,688004,796,610,373,1020,667.92,83.88
基隆市,暖暖區,過港里,1142,851269,745,566,359,903,745.71,100.04
基隆市,暖暖區,暖暖里,869,674210,776,598,370,978,610.34,78.67
基隆市,暖暖區,暖同里,822,669391,814,585,373,982,832.74,102.26
基隆市,暖暖區,暖西里,1521,1341551,882,622,368,1081,927.98,105.21
基隆市,暖暖區,暖東里,111,67097,604,497,328,762,412.32,68.21
基隆市,暖暖區,八西里,439,334796,763,577,343,946,727.87,95.44
基隆市,暖暖區,八堵里,188,132701,706,558,361,862,685.33,97.09
基隆市,暖暖區,八南里,215,146956,684,539,341,804,561.56,82.16
基隆市,暖暖區,八中里,125,79061,632,459,324,784,478.75,75.69
基隆市,暖暖區,碇和里,958,756842,790,586,362,995,701.08,88.74
基隆市,暖暖區,碇安里,1617,1267864,784,620,391,1023,616.08,78.57
基隆市,暖暖區,碇祥里,1769,1421270,803,602,374,1024,700.87,87.23
基隆市,仁愛區,仁德里,378,325388,861,548,325,1017,1104.80,128.34
基隆市,仁愛區,和明里,670,736296,1099,732,371,1352,2324.05,211.48
基隆市,仁愛區,水錦里,608,539949,888,683,393,1159,754.73,84.98
基隆市,仁愛區,玉田里,341,282684,829,604,370,1084,802.51,96.81
基隆市,仁愛區,新店里,275,252724,919,629,345,1092,1429.27,155.52
基隆市,仁愛區,文昌里,274,217608,794,544,302,956,804.36,101.28
基隆市,仁愛區,誠仁里,327,216491,662,530,331,823,578.38,87.36
基隆市,仁愛區,林泉里,522,386338,740,580,364,907,654.02,88.37
基隆市,仁愛區,育仁里,205,127445,622,527,326,801,424.44,68.27
基隆市,仁愛區,吉仁里,782,499165,638,501,329,793,504.77,79.08
基隆市,仁愛區,博愛里,527,426881,810,532,340,962,993.96,122.71
基隆市,仁愛區,福仁里,226,148032,655,497,343,822,520.82,79.51
基隆市,仁愛區,智仁里,862,817087,948,718,412,1261,851.07,89.78
基隆市,仁愛區,曲水里,248,194678,785,608,385,902,752.08,95.81
基隆市,仁愛區,德厚里,564,446637,792,612,388,992,694.79,87.74
基隆市,仁愛區,英仁里,361,229433,636,501,308,866,480.57,75.62
基隆市,仁愛區,龍門里,224,142409,636,493,312,782,510.86,80.35
基隆市,仁愛區,花崗里,364,291835,802,649,377,1085,681.08,84.95
基隆市,仁愛區,同風里,187,122353,654,478,267,800,659.42,100.78
基隆市,仁愛區,虹橋里,516,479996,930,658,374,1131,1678.05,180.39
基隆市,仁愛區,書院里,285,192491,675,479,320,804,629.40,93.19
基隆市,仁愛區,獅球里,263,191856,729,527,346,869,600.99,82.38
基隆市,仁愛區,忠勇里,315,272010,864,613,372,1057,806.17,93.36
基隆市,仁愛區,文安里,228,137038,601,482,262,796,526.04,87.52
基隆市,仁愛區,明德里,201,143349,713,586,349,950,577.76,81.01
基隆市,仁愛區,兆連里,185,130609,706,541,345,849,594.24,84.17
基隆市,仁愛區,崇文里,275,190019,691,528,330,873,568.36,82.26
基隆市,仁愛區,朝棟里,853,628841,737,545,333,983,618.05,83.84
基隆市,仁愛區,光華里,764,575527,753,577,351,954,646.73,85.85
基隆市,中山區,安平里,236,164179,696,571,361,854,533.44,76.68
基隆市,中山區,安民里,341,237800,697,550,358,879,527.46,75.64
基隆市,中山區,新建里,234,177209,757,531,340,966,733.89,96.91
基隆市,中山區,中山里,295,198396,673,530,343,808,583.54,86.77
基隆市,中山區,民治里,261,161668,619,515,330,781,460.50,74.34
基隆市,中山區,中興里,418,316289,757,542,347,956,658.93,87.08
基隆市,中山區,仁正里,240,165443,689,524,336,851,655.92,95.15
基隆市,中山區,健民里,312,204236,655,534,355,840,496.72,75.88
基隆市,中山區,通化里,292,191348,655,525,326,789,550.05,83.94
基隆市,中山區,居仁里,378,259075,685,525,344,834,650.82,94.96
基隆市,中山區,通明里,507,353427,697,550,346,904,579.72,83.16
基隆市,中山區,協和里,475,362757,764,573,378,978,607.28,79.52
基隆市,中山區,文化里,282,198099,702,538,333,882,580.69,82.66
基隆市,中山區,和平里,146,120836,828,687,449,1192,535.08,64.65
基隆市,中山區,仙洞里,166,115071,693,545,340,838,566.96,81.79
基隆市,中山區,太白里,256,179056,699,557,359,874,503.49,71.99
基隆市,中山區,西榮里,191,127062,665,470,304,778,654.51,98.39
基隆市,中山區,西華里,293,206930,706,535,335,897,629.36,89.11
基隆市,中山區,西定里,256,170179,665,483,331,839,573.88,86.33
基隆市,中山區,西康里,400,257031,643,559,357,822,411.09,63.98
基隆市,中山區,德和里,2028,1789158,882,628,382,1153,829.12,93.98
基隆市,中山區,德安里,1255,1014452,808,611,395,1027,685.26,84.78
基隆市,中山區,中和里,1816,1393014,767,580,365,975,849.98,110.81
基隆市,中山區,和慶里,1873,1247342,666,556,350,851,466.71,70.08
基隆市,安樂區,嘉仁里,1040,699868,673,511,329,833,583.64,86.73
基隆市,安樂區,樂一里,158,95400,604,533,317,751,516.30,85.51
基隆市,安樂區,定國里,302,209652,694,552,372,853,514.33,74.09
基隆市,安樂區,安和里,286,217971,762,573,344,925,723.50,94.93
基隆市,安樂區,定邦里,345,237595,689,558,337,836,616.64,89.54
基隆市,安樂區,永康里,598,411086,687,550,355,862,556.32,80.93
基隆市,安樂區,慈仁里,293,189545,647,507,330,809,542.40,83.84
基隆市,安樂區,干城里,585,360816,617,525,327,799,432.10,70.06
基隆市,安樂區,外寮里,1279,968331,757,584,361,960,661.39,87.36
基隆市,安樂區,中崙里,531,548101,1032,603,356,1009,5314.10,514.83
基隆市,安樂區,內寮里,1769,1450210,820,592,364,1048,752.82,91.83
基隆市,安樂區,西川里,341,206804,606,489,311,809,451.03,74.37
基隆市,安樂區,新西里,386,256154,664,539,341,841,497.50,74.97
基隆市,安樂區,新崙里,1322,1035301,783,601,380,975,671.75,85.78
基隆市,安樂區,鶯歌里,1059,1005477,949,683,396,1301,881.17,92.81
基隆市,安樂區,三民里,897,613389,684,530,358,863,558.36,81.65
基隆市,安樂區,四維里,1883,1626699,864,643,390,1140,731.66,84.69
基隆市,安樂區,五福里,1216,884171,727,569,360,892,653.46,89.87
基隆市,安樂區,六合里,1439,1191253,828,611,368,1019,807.95,97.60
基隆市,安樂區,七賢里,921,693740,753,602,369,935,619.69,82.27
基隆市,安樂區,長樂里,1283,1563121,1218,773,442,1392,3357.76,275.60
基隆市,安樂區,武崙里,1560,1384535,888,672,400,1129,786.85,88.66
基隆市,安樂區,興寮里,1512,1202581,795,626,386,1068,620.08,77.96
基隆市,安樂區,鶯安里,1142,1118434,979,741,414,1305,871.45,88.98
基隆市,安樂區,壯觀里,1576,1565253,993,811,460,1314,776.03,78.14
基隆市,信義區,仁壽里,436,413073,947,626,349,1063,1147.80,121.15
基隆市,信義區,仁義里,516,483933,938,653,404,1121,932.24,99.40
基隆市,信義區,義幸里,861,710312,825,591,330,1031,788.36,95.56
基隆市,信義區,義民里,229,169112,738,547,352,962,642.76,87.04
基隆市,信義區,義和里,419,306995,733,565,328,943,617.13,84.23
基隆市,信義區,智慧里,248,216384,873,628,361,1222,719.77,82.49
基隆市,信義區,智誠里,440,292981,666,540,339,825,547.19,82.18
基隆市,信義區,禮儀里,548,429411,784,589,356,996,746.45,95.26
基隆市,信義區,禮東里,570,521083,914,613,364,1154,1028.09,112.46
基隆市,信義區,信綠里,738,592169,802,609,349,1085,712.26,88.77
基隆市,信義區,孝岡里,431,322666,749,608,361,985,569.92,76.13
基隆市,信義區,孝深里,1035,668732,646,509,335,816,544.55,84.28
基隆市,信義區,東光里,629,455249,724,553,357,968,561.47,77.58
基隆市,信義區,東安里,956,738341,772,574,366,968,731.38,94.70
基隆市,信義區,義昭里,424,478424,1128,730,394,1442,1285.69,113.94
基隆市,信義區,東明里,1218,945436,776,587,360,985,688.93,88.75
基隆市,信義區,東信里,1432,1229746,859,632,375,1138,757.07,88.16
基隆市,信義區,孝賢里,1160,1044884,901,583,363,996,4261.34,473.08
基隆市,信義區,孝德里,740,479608,648,565,338,832,446.13,68.84
基隆市,信義區,孝忠里,2202,2004028,910,676,397,1183,834.18,91.66
台南市,東區,路東里,545,636376,1168,653,361,1142,3573.72,306.06
台南市,東區,大福里,549,759577,1384,535,318,860,16159.98,1168.00
台南市,東區,東安里,455,403115,886,604,310,1030,1161.00,131.04
台南市,東區,德高里,832,693853,834,589,360,1031,852.25,102.19
台南市,東區,小東里,1453,1522825,1048,697,388,1254,1220.19,116.42
台南市,東區,後甲里,871,664730,763,590,342,980,640.10,83.87
台南市,東區,關聖里,1547,2706322,1749,964,472,1915,6216.93,355.37
台南市,東區,圍下里,720,777010,1079,613,356,1177,1496.45,138.67
台南市,東區,虎尾里,1584,1472642,930,656,381,1171,957.89,103.03
台南市,東區,中西里,1161,1538523,1325,712,384,1481,6597.27,497.84
台南市,東區,泉南里,1649,1768386,1072,659,356,1231,1393.84,129.97
台南市,東區,龍山里,1758,3495329,1988,866,422,1607,16884.02,849.19
台南市,東區,忠孝里,1452,1472543,1014,661,369,1223,1620.21,159.76
台南市,東區,崇誨里,793,572528,722,552,334,949,590.06,81.73
台南市,東區,大學里,515,703478,1366,880,432,1888,1496.62,109.56
台南市,東區,大德里,446,311701,699,532,314,844,637.02,91.15
台南市,東區,東光里,1849,2754967,1490,806,423,1600,4585.26,307.74
台南市,東區,大智里,2109,1799879,853,655,375,1076,748.56,87.71
台南市,東區,新東里,899,929128,1034,689,366,1326,1260.10,121.92
台南市,東區,仁和里,1348,1018307,755,596,346,967,690.06,91.35
台南市,東區,富強里,1513,1433131,947,610,367,1155,1490.91,157.40
台南市,東區,衛國里,466,485844,1043,581,346,1067,2174.92,208.61
台南市,東區,自強里,1779,1917177,1078,656,376,1232,3017.33,279.99
台南市,東區,崇善里,1688,1711022,1014,718,390,1307,960.35,94.74
台南市,東區,崇學里,1041,1179729,1133,629,353,1281,3168.16,279.56
台南市,東區,崇明里,1466,1885042,1286,788,410,1545,3201.18,248.96
台南市,東區,裕農里,983,958480,975,593,329,1138,1967.52,201.79
台南市,東區,莊敬里,1357,1505139,1109,725,397,1337,1390.46,125.36
台南市,東區,和平里,1640,1861634,1135,769,414,1407,1403.86,123.67
台南市,東區,富裕里,693,663574,958,599,346,1019,3236.83,338.04
台南市,東區,東明里,1167,1307723,1121,689,361,1307,1940.60,173.18
台南市,東區,崇德里,1657,1655126,999,663,378,1172,2244.41,224.69
台南市,東區,東智里,682,524870,770,606,351,968,637.62,82.85
台南市,東區,東聖里,718,564193,786,588,348,940,836.74,106.49
台南市,東區,崇成里,1019,1063160,1043,700,383,1260,1372.63,131.56
台南市,東區,東門里,665,910218,1369,601,343,1202,9925.02,725.12
台南市,東區,成大里,630,615429,977,638,368,1245,1098.52,112.45
台南市,東區,大同里,852,731666,859,542,318,956,1365.95,159.06
台南市,東區,德光里,1495,1851673,1239,726,393,1398,4420.85,356.93
台南市,東區,崇信里,1289,1185535,920,657,367,1219,999.49,108.67
台南市,東區,崇文里,2020,2018162,999,723,389,1277,1126.83,112.79
台南市,東區,復興里,1073,901135,840,590,350,1047,842.25,100.29
台南市,東區,裕聖里,1616,2220611,1374,1079,558,1868,1184.97,86.23
台南市,東區,文聖里,1502,2162491,1440,1075,546,1898,1416.84,98.41
台南市,東區,南聖里,865,1233159,1426,915,446,1886,2042.49,143.27
台南市,南區,竹溪里,632,787308,1246,694,377,1349,1881.23,151.01
台南市,南區,新昌里,676,485824,719,517,305,889,668.27,92.99
台南市,南區,田寮里,1002,767575,766,566,344,879,797.90,104.16
台南市,南區,荔宅里,43,48581,1130,1116,489,1603,824.61,72.99
台南市,南區,明亮里,989,681444,689,516,323,828,640.95,93.02
台南市,南區,日新里,552,405432,734,490,305,780,1505.11,204.92
台南市,南區,光明里,1102,725944,659,505,348,780,690.42,104.81
台南市,南區,白雪里,453,292861,646,479,311,764,696.67,107.76
台南市,南區,喜東里,588,444885,757,542,323,934,761.05,100.59
台南市,南區,喜南里,248,156044,629,498,322,718,572.30,90.96
台南市,南區,喜北里,477,287607,603,499,320,774,432.85,71.79
台南市,南區,省躬里,687,432589,630,496,322,783,511.52,81.23
台南市,南區,佛壇里,604,407962,675,517,339,850,564.13,83.52
台南市,南區,同安里,542,354847,655,507,315,803,557.14,85.10
台南市,南區,興農里,514,314006,611,460,303,709,776.63,127.13
台南市,南區,明德里,143,123899,866,646,392,1226,652.05,75.26
台南市,南區,廣州里,716,591819,827,555,305,988,924.07,111.80
台南市,南區,新興里,893,764843,856,576,315,996,1211.35,141.43
台南市,南區,大成里,270,214941,796,537,311,956,828.94,104.13
台南市,南區,國宅里,778,566239,728,546,333,897,692.13,95.10
台南市,南區,新生里,951,634292,667,541,313,862,544.22,81.59
台南市,南區,大林里,753,767828,1020,667,378,1161,1324.82,129.92
台南市,南區,大忠里,1301,926193,712,514,312,900,684.55,96.16
台南市,南區,大恩里,1082,831739,769,564,357,978,715.00,93.01
台南市,南區,明興里,924,614911,665,510,337,813,602.91,90.60
台南市,南區,文華里,1055,867012,822,516,304,845,2712.17,330.02
台南市,南區,再興里,723,767556,1062,558,318,939,3718.40,350.26
台南市,南區,金華里,1530,1241527,811,560,332,942,1203.23,148.28
台南市,南區,南都里,583,376232,645,535,333,807,500.69,77.59
台南市,南區,開南里,1548,936272,605,505,329,763,466.45,77.12
台南市,南區,彰南里,594,810391,1364,600,343,1111,4575.10,335.35
台南市,南區,建南里,1511,1060823,702,540,321,859,625.60,89.11
台南市,南區,郡南里,1046,688358,658,508,326,831,533.98,81.14
台南市,南區,府南里,1433,1074515,750,564,356,932,650.49,86.75
台南市,南區,文南里,1739,1595617,918,611,352,1077,1452.35,158.29
台南市,南區,鯤鯓里,349,207217,594,478,300,759,458.40,77.21
台南市,南區,松安里,386,237664,616,496,324,770,471.06,76.51
台南市,南區,永寧里,379,216513,571,463,306,729,474.68,83.09
台南市,南區,南華里,650,389282,599,470,307,731,570.22,95.21
台南市,北區,振興里,560,509122,909,590,362,1077,988.03,108.68
台南市,北區,新勝里,536,369154,689,480,300,847,660.51,95.90
台南市,北區,開元里,661,474710,718,504,301,845,994.90,138.53
台南市,北區,大道里,539,373123,692,573,324,877,569.03,82.20
台南市,北區,大山里,95,56063,590,517,327,734,431.36,73.09
台南市,北區,和順里,2504,2999216,1198,723,398,1336,2545.26,212.50
台南市,北區,興北里,388,275896,711,552,332,872,627.66,88.27
台南市,北區,興南里,507,459118,906,667,373,1119,929.66,102.66
台南市,北區,六甲里,682,508705,746,546,324,924,720.44,96.59
台南市,北區,安民里,323,251167,778,551,328,985,877.20,112.81
台南市,北區,成功里,1557,1746980,1122,717,396,1250,3633.14,323.80
台南市,北區,文元里,2098,2235711,1066,739,403,1369,1122.97,105.38
台南市,北區,大港里,1632,1256193,770,567,337,928,753.47,97.89
台南市,北區,大仁里,231,157705,683,553,319,836,621.33,91.01
台南市,北區,國姓里,409,340238,832,534,314,911,1223.00,147.02
台南市,北區,實踐里,597,441215,739,602,348,914,681.83,92.26
台南市,北區,延平里,414,269251,650,492,297,796,594.40,91.40
台南市,北區,光武里,372,265078,713,550,373,932,547.41,76.82
台南市,北區,勝安里,310,309699,999,529,325,922,3417.92,342.12
台南市,北區,東興里,672,899982,1339,665,348,1276,3080.73,230.03
台南市,北區,力行里,793,698295,881,601,347,1082,959.89,109.01
台南市,北區,裕民里,387,367329,949,579,328,1099,1275.48,134.38
台南市,北區,仁愛里,667,783765,1175,673,378,1334,1924.49,163.78
台南市,北區,正覺里,848,741973,875,509,310,870,2323.50,265.55
台南市,北區,正風里,388,276539,713,516,307,803,825.11,115.77
台南市,北區,小康里,602,414504,689,488,303,789,789.14,114.61
台南市,北區,華興里,653,580502,889,556,318,897,1984.25,223.21
台南市,北區,大豐里,1282,1078088,841,523,320,906,1606.70,191.06
台南市,北區,重興里,722,854442,1183,716,394,1290,1861.70,157.31
台南市,北區,國興里,557,525978,944,616,346,1143,1272.41,134.75
台南市,北區,長榮里,723,543897,752,551,331,990,688.33,91.50
台南市,北區,中樓里,500,514860,1030,610,363,1089,2704.92,262.68
台南市,北區,公園里,562,498863,888,580,327,1047,1006.19,113.35
台南市,北區,玉皇里,443,418485,945,516,303,883,3407.78,360.74
台南市,北區,長德里,359,271518,756,519,338,846,777.92,102.86
台南市,北區,三德里,313,239790,766,503,333,924,918.69,119.92
台南市,北區,五福里,307,211231,688,498,285,835,744.27,108.17
台南市,北區,元寶里,1057,989895,937,706,397,1223,843.98,90.12
台南市,北區,永祥里,800,517069,646,502,321,788,571.23,88.38
台南市,北區,成德里,4314,5617285,1302,913,453,1655,2021.46,155.25
台南市,北區,文成里,1124,1263183,1124,719,415,1298,2242.72,199.56
台南市,北區,大和里,1164,886373,761,585,340,958,657.66,86.36
台南市,北區,賢北里,1220,1372708,1125,669,359,1226,2763.47,245.60
台南市,安南區,塭南里,1234,886362,718,547,354,877,645.14,89.82
台南市,安南區,東和里,825,1064881,1291,890,497,1617,3100.08,240.17
台南市,安南區,州北里,1328,1032813,778,576,372,933,673.35,86.58
台南市,安南區,州南里,1358,935161,689,529,339,861,588.94,85.52
台南市,安南區,安順里,1442,1206167,836,603,363,1030,865.17,103.43
台南市,安南區,新順里,1994,1656321,831,605,360,1061,736.47,88.66
台南市,安南區,安東里,786,530771,675,520,325,818,589.17,87.25
台南市,安南區,安西里,978,811336,830,590,362,1013,868.24,104.66
台南市,安南區,安慶里,1817,1368734,753,548,331,927,839.68,111.47
台南市,安南區,頂安里,1405,1207004,859,645,384,1052,1162.18,135.28
台南市,安南區,原佃里,555,468323,844,574,356,1004,861.22,102.06
台南市,安南區,總頭里,396,300480,759,523,348,879,903.10,119.02
台南市,安南區,長安里,1132,728641,644,515,328,819,504.13,78.32
台南市,安南區,公親里,266,181600,683,550,356,855,554.47,81.22
台南市,安南區,海東里,1510,1165232,772,558,344,928,1090.84,141.36
台南市,安南區,海西里,565,370280,655,513,337,806,512.40,78.19
台南市,安南區,海南里,522,323528,620,470,314,740,592.28,95.56
台南市,安南區,溪心里,1903,1528123,803,590,363,1006,996.74,124.13
台南市,安南區,淵東里,1204,925280,769,565,345,925,911.57,118.62
台南市,安南區,淵中里,825,597350,724,533,348,866,773.75,106.86
台南市,安南區,淵西里,713,460854,646,504,316,784,544.68,84.27
台南市,安南區,佃東里,783,489595,625,524,339,782,467.54,74.77
台南市,安南區,佃西里,419,290555,693,527,333,861,614.92,88.68
台南市,安南區,公塭里,187,116553,623,508,354,783,454.04,72.85
台南市,安南區,南興里,350,220240,629,516,321,750,547.81,87.06
台南市,安南區,學東里,435,274166,630,501,336,789,482.94,76.62
台南市,安南區,城東里,257,153459,597,467,342,651,504.03,84.41
台南市,安南區,城西里,275,180808,657,548,310,819,510.95,77.71
台南市,安南區,城南里,586,374385,639,505,319,770,596.21,93.32
台南市,安南區,城北里,295,188478,639,513,315,804,558.06,87.34
台南市,安南區,城中里,226,137039,606,468,284,773,507.42,83.68
台南市,安南區,砂崙里,255,154994,608,494,339,749,582.45,95.83
台南市,安南區,青草里,222,136413,614,534,353,778,400.15,65.12
台南市,安南區,四草里,328,229139,699,520,330,825,648.23,92.79
台南市,安南區,塩田里,383,346565,905,636,401,1051,885.20,97.83
台南市,安南區,顯宮里,345,239645,695,533,313,904,641.51,92.35
台南市,安南區,鹿耳里,187,112472,601,452,310,740,461.16,76.67
台南市,安南區,安和里,640,420400,657,516,322,838,613.33,93.37
台南市,安南區,溪北里,846,649568,768,551,358,931,858.95,111.87
台南市,安南區,溪頂里,1332,1013355,761,598,359,955,740.35,97.32
台南市,安南區,溪墘里,835,567318,679,525,321,828,609.31,89.68
台南市,安南區,海佃里,1126,746184,663,492,306,796,807.83,121.90
台南市,安南區,幸福里,986,623922,633,494,317,774,504.51,79.73
台南市,安南區,梅花里,1157,884230,764,547,361,905,1011.60,132.37
台南市,安南區,鳳凰里,1236,881865,713,555,341,866,639.35,89.61
台南市,安南區,理想里,1365,1008973,739,554,337,944,675.30,91.36
台南市,安南區,溪東里,1079,905323,839,577,369,939,1530.09,182.36
台南市,安南區,布袋里,454,332553,732,564,362,872,603.86,82.44
台南市,安南區,國安里,665,508612,765,549,352,986,643.33,84.11
台南市,安南區,安富里,1391,1019512,733,549,331,929,648.07,88.42
台南市,安南區,大安里,913,552658,605,473,307,783,459.16,75.85
台南市,安平區,西門里,284,172845,609,498,310,760,478.36,78.60
台南市,安平區,金城里,499,575036,1152,573,342,957,3941.50,342.03
台南市,安平區,石門里,533,370873,696,522,324,854,644.39,92.61
台南市,安平區,漁光里,80,41897,524,479,304,684,328.81,62.79
台南市,安平區,建平里,1530,1741714,1138,671,364,1281,3227.86,283.55
台南市,安平區,怡平里,1261,1556261,1234,676,368,1323,3079.25,249.50
台南市,安平區,華平里,1480,1232951,833,608,360,1053,833.04,100.00
台南市,安平區,平通里,2052,2081150,1014,639,359,1116,1964.02,193.65
台南市,安平區,文平里,1630,1683011,1033,670,364,1203,2073.47,200.82
台南市,安平區,國平里,2141,2190937,1023,728,402,1285,1052.09,102.81
台南市,安平區,育平里,2213,2034153,919,655,378,1107,1186.87,129.12
台南市,安平區,億載里,880,873821,993,660,384,1196,1139.31,114.74
台南市,安平區,海頭里,337,223988,665,504,303,753,897.41,135.02
台南市,安平區,港仔里,283,226108,799,488,327,828,1089.90,136.41
台南市,安平區,平安里,1020,825726,810,539,324,943,1229.58,151.89
台南市,中西區,銀同里,329,301997,918,541,321,986,1495.72,162.95
台南市,中西區,福安里,328,512290,1562,574,283,1024,6765.82,433.19
台南市,中西區,赤崁里,449,786074,1751,561,319,1016,8441.25,482.16
台南市,中西區,法華里,930,979339,1053,727,386,1304,1190.64,113.07
台南市,中西區,郡王里,524,1230130,2348,736,372,1337,18395.12,783.58
台南市,中西區,開山里,552,470452,852,527,305,994,1278.31,149.99
台南市,中西區,五妃里,634,637456,1005,637,356,1258,1400.35,139.28
台南市,中西區,大南里,457,661682,1448,636,343,1143,6227.26,430.09
台南市,中西區,小西里,213,174994,822,555,325,911,1551.52,188.85
台南市,中西區,仙草里,769,639309,831,592,331,1035,899.79,108.23
台南市,中西區,公正里,528,520262,985,658,289,1223,1217.96,123.61
台南市,中西區,進學里,428,502570,1174,688,353,1326,1592.98,135.66
台南市,中西區,建國里,363,429278,1183,517,281,1090,3567.72,301.69
台南市,中西區,青年里,458,472472,1032,584,286,1179,1590.29,154.16
台南市,中西區,永福里,450,910023,2022,652,353,1229,13818.14,683.30
台南市,中西區,永華里,425,384151,904,587,325,1025,1072.85,118.69
台南市,中西區,天后里,423,1331856,3149,521,288,952,30798.84,978.18
台南市,中西區,三民里,426,389216,914,593,326,1092,1087.44,119.02
台南市,中西區,萬昌里,519,400554,772,527,309,910,898.79,116.46
台南市,中西區,普濟里,274,227945,832,490,272,911,1349.91,162.26
台南市,中西區,水仙里,351,278207,793,507,293,921,908.33,114.60
台南市,中西區,藥王里,1063,989871,931,630,370,1042,1441.06,154.75
台南市,中西區,安海里,462,576045,1247,654,340,1389,2292.46,183.86
台南市,中西區,中正里,352,246239,700,488,262,767,762.68,109.03
台南市,中西區,民主里,294,190556,648,442,263,772,688.88,106.28
台南市,中西區,大涼里,942,837042,889,599,339,1092,937.99,105.56
台南市,中西區,元安里,361,284825,789,490,295,909,1526.79,193.51
台南市,中西區,協進里,325,301262,927,657,339,1285,879.08,94.83
台南市,中西區,協和里,579,451456,780,540,307,909,965.76,123.86
台南市,中西區,民生里,385,289735,753,493,298,864,1096.77,145.74
台南市,中西區,文賢里,365,246875,676,508,320,844,581.84,86.02
台南市,中西區,光賢里,1174,1143092,974,649,372,1193,1292.89,132.78
台南市,中西區,西賢里,1640,1959115,1195,689,380,1291,2900.31,242.79
台南市,中西區,西湖里,1812,2208453,1219,732,402,1430,1889.47,155.03
台南市,中西區,三合里,471,398654,846,528,317,1018,1106.95,130.78
台南市,中西區,民權里,403,367541,912,531,320,954,1803.40,197.74
台南市,中西區,保安里,278,209367,753,474,240,856,981.14,130.28
台南市,中西區,郡西里,276,184183,667,472,251,821,848.03,127.08
台南市,新營區,忠政里,1765,1644415,932,683,396,1146,1073.86,115.26
台南市,新營區,民權里,871,788191,905,623,366,1094,1033.60,114.22
台南市,新營區,三仙里,937,756859,808,560,359,991,797.71,98.76
台南市,新營區,民生里,1061,863568,814,604,337,1054,726.22,89.23
台南市,新營區,民榮里,1350,1092154,809,595,358,999,956.18,118.19
台南市,新營區,好平里,208,152924,735,530,328,895,655.73,89.19
台南市,新營區,延平里,337,213766,634,470,299,820,519.45,81.89
台南市,新營區,南興里,760,578752,762,601,361,1016,615.00,80.76
台南市,新營區,永生里,328,294784,899,596,349,1087,1223.87,136.18
台南市,新營區,中營里,449,435215,969,652,400,1240,1033.38,106.61
台南市,新營區,興業里,549,508476,926,671,422,1173,828.55,89.46
台南市,新營區,興安里,125,110860,887,525,281,1042,1229.34,138.61
台南市,新營區,王公里,1437,1550605,1079,659,388,1183,4250.55,393.91
台南市,新營區,大宏里,1070,986776,922,680,398,1170,887.65,96.25
台南市,新營區,護鎮里,378,286885,759,623,384,996,570.75,75.20
台南市,新營區,埤寮里,496,399636,806,571,360,985,749.83,93.06
台南市,新營區,土庫里,383,284156,742,570,345,927,598.26,80.64
台南市,新營區,太南里,383,298934,781,511,341,790,2713.56,347.67
台南市,新營區,太北里,448,316252,706,547,375,828,587.01,83.16
台南市,新營區,南紙里,1131,850035,752,590,381,963,588.62,78.32
台南市,新營區,嘉芳里,514,371529,723,575,347,882,658.52,91.10
台南市,新營區,舊里,62,42562,686,579,413,826,464.69,67.69
台南市,新營區,角帶里,103,65811,639,527,326,856,428.70,67.09
台南市,新營區,鐵線里,163,103619,636,512,333,751,516.02,81.17
台南市,新營區,五興里,196,132449,676,530,355,744,588.94,87.15
台南市,新營區,姑爺里,111,79847,719,545,358,827,699.81,97.28
台南市,新營區,新北里,1693,1476408,872,657,391,1124,776.84,89.08
台南市,新營區,新南里,1578,1500872,951,689,391,1204,1008.45,106.03
台南市,新營區,新東里,2195,2336256,1064,829,453,1450,917.90,86.24
台南市,鹽水區,水秀里,398,286904,721,538,362,817,726.16,100.74
台南市,鹽水區,福得里,169,131418,778,587,318,1008,685.63,88.17
台南市,鹽水區,三生里,95,73151,770,668,401,957,609.63,79.17
台南市,鹽水區,武廟里,127,104747,825,614,400,1028,755.45,91.59
台南市,鹽水區,中境里,161,115871,720,563,350,849,625.75,86.95
台南市,鹽水區,水正里,233,181867,781,604,364,925,702.35,89.98
台南市,鹽水區,水仙里,83,54388,655,524,332,768,514.33,78.49
台南市,鹽水區,橋南里,1017,705847,694,538,369,867,568.27,81.88
台南市,鹽水區,岸內里,972,712627,733,577,374,946,556.17,75.86
台南市,鹽水區,義稠里,202,134806,667,507,378,793,531.59,79.66
台南市,鹽水區,汫水里,199,136312,685,552,363,852,547.02,79.86
台南市,鹽水區,下中里,152,113056,744,572,377,920,579.21,77.87
台南市,鹽水區,歡雅里,361,227149,629,501,334,788,488.12,77.58
台南市,鹽水區,大莊里,107,62417,583,457,312,695,524.81,89.97
台南市,鹽水區,孫厝里,99,61439,621,475,338,856,455.17,73.34
台南市,鹽水區,桐寮里,75,56312,751,600,375,962,539.15,71.81
台南市,鹽水區,後宅里,126,87462,694,559,376,913,499.48,71.96
台南市,鹽水區,舊營里,197,146197,742,605,391,898,586.16,78.99
台南市,鹽水區,竹埔里,155,120280,776,522,354,912,849.37,109.45
台南市,鹽水區,下林里,70,42304,604,468,294,726,496.72,82.19
台南市,鹽水區,飯店里,83,51380,619,503,256,841,468.81,75.73
台南市,鹽水區,大豐里,51,40027,785,558,397,783,806.33,102.74
台南市,鹽水區,河南里,104,63760,613,480,362,678,480.57,78.39
台南市,鹽水區,南港里,193,114165,592,499,339,790,400.71,67.74
台南市,鹽水區,田寮里,49,40663,830,582,434,1004,857.38,103.32
台南市,白河區,白河里,387,291075,752,582,343,971,632.44,84.09
台南市,白河區,永安里,820,605744,739,545,315,914,678.72,91.88
台南市,白河區,庄內里,373,266892,716,504,334,855,697.13,97.43
台南市,白河區,外角里,314,188972,602,478,274,791,478.74,79.55
台南市,白河區,秀祐里,222,135107,609,497,277,725,519.02,85.28
台南市,白河區,大竹里,275,185442,674,541,317,811,655.97,97.28
台南市,白河區,玉豐里,264,163066,618,508,320,750,540.45,87.50
台南市,白河區,詔安里,165,103833,629,522,345,724,494.19,78.53
台南市,白河區,蓮潭里,168,105526,628,473,300,737,526.98,83.90
台南市,白河區,廣安里,148,105632,714,529,338,918,565.10,79.18
台南市,白河區,內角里,163,108802,667,515,281,746,717.82,107.54
台南市,白河區,草店里,174,110809,637,534,308,801,516.20,81.06
台南市,白河區,甘宅里,104,56085,539,475,277,725,425.03,78.81
台南市,白河區,竹門里,169,116890,692,554,316,844,639.77,92.50
台南市,白河區,崎內里,134,87760,655,511,317,834,524.57,80.10
台南市,白河區,汴頭里,85,54405,640,584,290,866,438.79,68.55
台南市,白河區,昇安里,270,185067,685,561,306,833,639.73,93.33
台南市,白河區,河東里,271,193531,714,544,342,866,574.44,80.44
台南市,白河區,虎山里,86,57166,665,548,255,864,601.46,90.48
台南市,白河區,大林里,98,70596,720,522,319,964,554.89,77.03
台南市,白河區,崁頭里,68,35863,527,441,252,763,390.61,74.06
台南市,白河區,六溪里,82,56014,683,527,342,763,862.21,126.22
台南市,白河區,關嶺里,156,119256,764,527,318,895,845.47,110.60
台南市,白河區,仙草里,159,90375,568,464,271,760,500.80,88.11
台南市,柳營區,士林里,468,388251,830,588,360,1009,1025.63,123.63
台南市,柳營區,光福里,532,377400,709,531,338,893,627.73,88.49
台南市,柳營區,中埕里,251,196782,784,608,355,996,642.88,82.00
台南市,柳營區,東昇里,733,585249,798,575,371,1007,1017.90,127.49
台南市,柳營區,八翁里,357,266958,748,592,384,887,1248.51,166.96
台南市,柳營區,人和里,189,129314,684,534,333,817,556.54,81.34
台南市,柳營區,太康里,371,307455,829,659,395,1009,674.16,81.35
台南市,柳營區,重溪里,418,292325,699,582,350,952,494.45,70.70
台南市,柳營區,篤農里,320,216176,676,497,307,798,627.59,92.90
台南市,柳營區,大農里,132,79238,600,465,302,787,431.17,71.83
台南市,柳營區,神農里,319,205716,645,559,347,820,440.27,68.27
台南市,柳營區,果毅里,272,179224,659,543,362,821,485.32,73.66
台南市,柳營區,旭山里,302,192965,639,507,314,741,581.40,90.99
台南市,後壁區,後壁里,526,391914,745,560,366,892,638.22,85.66
台南市,後壁區,嘉苳里,298,214233,719,607,372,900,681.55,94.80
台南市,後壁區,侯伯里,302,231841,768,564,359,988,650.92,84.79
台南市,後壁區,土溝里,288,190067,660,537,342,857,468.58,71.00
台南市,後壁區,嘉田里,254,190510,750,606,362,925,653.78,87.17
台南市,後壁區,嘉民里,256,161053,629,529,343,815,428.21,68.07
台南市,後壁區,頂安里,332,254791,767,591,379,952,661.55,86.20
台南市,後壁區,長安里,326,234111,718,559,347,958,529.25,73.70
台南市,後壁區,福安里,309,252492,817,565,332,919,1265.67,154.89
台南市,後壁區,烏樹里,158,113572,719,468,295,901,1003.78,139.64
台南市,後壁區,墨林里,164,120031,732,567,361,996,537.72,73.47
台南市,後壁區,菁寮里,83,65066,784,654,355,1035,585.81,74.73
台南市,後壁區,後里,16,12356,772,588,412,945,516.37,66.87
台南市,後壁區,崁頂里,102,79949,784,619,378,910,791.60,100.99
台南市,後壁區,菁豐里,179,130517,729,581,328,1001,525.47,72.07
台南市,後壁區,新嘉里,175,119002,680,559,376,864,485.21,71.35
台南市,後壁區,頂長里,100,64623,646,497,363,751,470.92,72.87
台南市,後壁區,平安里,235,165389,704,593,361,856,532.86,75.71
台南市,後壁區,仕安里,104,67647,650,527,377,885,424.40,65.25
台南市,後壁區,新東里,391,272499,697,540,368,866,623.24,89.43
台南市,後壁區,竹新里,304,211760,697,552,368,858,701.30,100.68
台南市,東山區,東山里,288,190820,663,527,346,804,530.26,80.03
台南市,東山區,東中里,571,414798,726,522,306,870,782.12,107.66
台南市,東山區,東正里,301,192616,640,502,342,828,474.74,74.19
台南市,東山區,三榮里,163,112955,693,481,287,798,907.31,130.93
台南市,東山區,大客里,168,118059,703,585,395,915,450.77,64.15
台南市,東山區,科里里,220,152115,691,558,318,872,605.13,87.52
台南市,東山區,東河里,176,105424,599,465,340,721,452.55,75.55
台南市,東山區,聖賢里,424,317759,749,570,383,923,678.84,90.58
台南市,東山區,南溪里,85,56330,663,531,331,853,544.96,82.23
台南市,東山區,水雲里,59,41017,695,518,329,950,524.21,75.40
台南市,東山區,林安里,66,38646,586,440,279,742,455.95,77.87
台南市,東山區,東原里,380,236679,623,516,324,768,514.02,82.53
台南市,東山區,嶺南里,96,50548,527,444,302,616,381.84,72.52
台南市,東山區,南勢里,157,93189,594,453,312,781,451.53,76.07
台南市,東山區,青山里,153,86259,564,508,278,766,391.18,69.38
台南市,東山區,高原里,154,84840,551,448,301,686,433.73,78.73
台南市,麻豆區,榖興里,225,194376,864,607,342,1088,814.84,94.32
台南市,麻豆區,保安里,178,141610,796,544,278,924,1381.52,173.65
台南市,麻豆區,東角里,913,774707,849,627,391,1069,806.10,95.00
台南市,麻豆區,晉江里,787,609250,774,570,345,926,755.26,97.56
台南市,麻豆區,巷口里,512,439640,859,635,389,1128,1135.32,132.22
台南市,麻豆區,中興里,631,509947,808,625,370,1050,719.23,89.00
台南市,麻豆區,興農里,484,383285,792,568,357,1008,701.90,88.63
台南市,麻豆區,新建里,367,300188,818,595,370,1021,775.93,94.86
台南市,麻豆區,油車里,1100,909849,827,609,387,1017,913.61,110.46
台南市,麻豆區,北勢里,245,175633,717,534,353,895,674.95,94.15
台南市,麻豆區,大埕里,852,668188,784,582,351,956,939.42,119.78
台南市,麻豆區,總榮里,188,143961,766,574,379,845,719.74,93.99
台南市,麻豆區,龍泉里,223,150455,675,557,370,889,483.45,71.66
台南市,麻豆區,寮里,460,309252,672,531,350,838,528.81,78.66
台南市,麻豆區,南勢里,690,643045,932,587,374,1025,2346.45,251.78
台南市,麻豆區,安東里,160,123253,770,504,339,927,816.56,106.00
台南市,麻豆區,安業里,169,122644,726,584,364,969,530.09,73.04
台南市,麻豆區,安西里,188,118830,632,510,307,781,565.88,89.53
台南市,麻豆區,謝安里,228,159626,700,547,372,871,538.80,76.96
台南市,麻豆區,中民里,196,152044,776,569,365,868,740.81,95.50
台南市,麻豆區,安正里,229,141622,618,486,320,830,490.25,79.27
台南市,麻豆區,磚井里,297,196040,660,502,339,811,561.25,85.03
台南市,麻豆區,小埤里,263,185048,704,546,364,834,620.25,88.15
台南市,麻豆區,埤頭里,338,228506,676,516,354,839,534.80,79.11
台南市,麻豆區,大山里,158,114852,727,563,384,866,550.84,75.78
台南市,麻豆區,海埔里,257,169890,661,519,360,789,563.91,85.30
台南市,麻豆區,莊禮里,91,61673,678,465,331,757,684.72,101.03
台南市,麻豆區,港尾里,311,291444,937,575,326,1133,1151.12,122.84
台南市,麻豆區,麻口里,270,193536,717,493,336,755,1090.45,152.13
台南市,下營區,仁里里,742,529829,714,560,374,900,578.97,81.08
台南市,下營區,宅內里,242,156009,645,505,349,835,466.63,72.38
台南市,下營區,後街里,411,291335,709,550,366,874,577.58,81.48
台南市,下營區,新興里,645,480692,745,595,381,979,588.53,78.97
台南市,下營區,下營里,225,167086,743,573,311,942,645.73,86.96
台南市,下營區,營前里,565,421038,745,554,353,1029,582.48,78.16
台南市,下營區,大屯里,187,119098,637,468,338,792,523.50,82.20
台南市,下營區,大埤里,160,108538,678,528,333,875,558.96,82.40
台南市,下營區,開化里,496,368016,742,549,360,931,703.53,94.82
台南市,下營區,茅港里,316,228199,722,522,352,856,740.48,102.54
台南市,下營區,中營里,283,199079,703,564,322,946,620.59,88.22
台南市,下營區,西連里,185,137260,742,589,377,971,527.22,71.06
台南市,下營區,賀建里,305,196382,644,491,333,752,514.28,79.87
台南市,下營區,甲中里,223,163050,731,516,327,939,673.18,92.07
台南市,下營區,紅厝里,257,196050,763,547,348,912,745.56,97.74
台南市,六甲區,六甲里,833,643809,773,596,357,954,668.90,86.55
台南市,六甲區,甲東里,730,514850,705,552,351,867,588.35,83.42
台南市,六甲區,甲南里,423,296090,700,544,358,909,550.56,78.65
台南市,六甲區,龍湖里,263,181851,691,548,345,873,539.53,78.03
台南市,六甲區,七甲里,254,187574,738,519,349,879,669.20,90.62
台南市,六甲區,二甲里,928,687546,741,584,368,916,606.56,81.87
台南市,六甲區,水林里,599,427027,713,591,383,897,509.70,71.50
台南市,六甲區,中社里,437,304414,697,552,364,890,556.89,79.94
台南市,六甲區,龜港里,315,228057,724,598,341,973,525.94,72.64
台南市,六甲區,菁埔里,128,89556,700,569,360,868,539.61,77.12
台南市,六甲區,王爺里,144,91316,634,502,321,793,557.45,87.91
台南市,六甲區,大丘里,89,59604,670,508,331,836,660.99,98.70
台南市,官田區,官田里,561,404996,722,564,373,904,760.95,105.41
台南市,官田區,湖山里,234,172170,736,535,362,950,612.26,83.21
台南市,官田區,隆田里,579,443849,767,595,359,987,644.75,84.11
台南市,官田區,二鎮里,983,707003,719,562,363,916,602.69,83.80
台南市,官田區,東庄里,331,236538,715,573,365,912,503.94,70.52
台南市,官田區,西庄里,166,108254,652,510,364,807,492.11,75.46
台南市,官田區,拔林里,122,82539,677,494,333,928,595.47,88.02
台南市,官田區,渡頭里,575,429838,748,538,348,842,1246.08,166.69
台南市,官田區,社子里,201,124381,619,473,320,804,474.28,76.64
台南市,官田區,大崎里,72,48678,676,501,253,786,675.27,99.88
台南市,官田區,嘉南里,74,59214,800,499,364,818,1324.45,165.52
台南市,官田區,隆本里,911,658658,723,563,359,928,645.22,89.24
台南市,官田區,南里,300,183051,610,516,324,777,460.39,75.45
台南市,大內區,石湖里,231,142607,617,479,327,834,443.31,71.81
台南市,大內區,石林里,135,82356,610,471,305,830,482.62,79.11
台南市,大內區,石城里,397,255455,643,516,339,787,500.02,77.71
台南市,大內區,內江里,232,154436,666,528,346,799,566.49,85.10
台南市,大內區,大內里,197,135800,689,543,343,931,504.59,73.20
台南市,大內區,內郭里,134,83740,625,488,336,756,588.81,94.22
台南市,大內區,頭社里,183,103571,566,506,342,699,328.85,58.10
台南市,大內區,二溪里,169,118581,702,490,333,810,707.22,100.79
台南市,大內區,曲溪里,116,68747,593,511,383,735,297.84,50.25
台南市,大內區,環湖里,101,63822,632,462,310,808,517.12,81.84
台南市,佳里區,鎮山里,1680,1184096,705,540,345,875,626.45,88.88
台南市,佳里區,東寧里,543,415146,765,538,319,930,900.99,117.85
台南市,佳里區,六安里,1334,1165994,874,624,375,1056,1709.37,195.57
台南市,佳里區,安西里,3716,2945196,793,593,356,984,834.09,105.24
台南市,佳里區,建南里,2540,2006736,790,592,357,1006,703.68,89.07
台南市,佳里區,佳化里,601,415807,692,482,330,802,676.26,97.75
台南市,佳里區,禮化里,256,218957,855,517,346,860,2314.51,270.61
台南市,佳里區,興化里,309,215671,698,546,331,881,558.53,80.02
台南市,佳里區,營頂里,149,119551,802,606,373,1015,801.65,99.91
台南市,佳里區,溪洲里,76,49265,648,464,288,799,601.87,92.85
台南市,佳里區,頂里,223,141528,635,519,308,786,504.80,79.54
台南市,佳里區,海澄里,363,234709,647,504,313,829,575.20,88.96
台南市,佳里區,漳洲里,150,82441,550,470,303,700,363.14,66.07
台南市,佳里區,子龍里,320,222429,695,573,324,898,527.44,75.88
台南市,佳里區,三協里,238,184195,774,532,337,897,884.28,114.26
台南市,佳里區,民安里,368,252911,687,554,347,845,523.56,76.18
台南市,佳里區,龍安里,258,171591,665,469,287,798,772.45,116.14
台南市,佳里區,蚶寮里,144,83287,578,496,336,769,362.07,62.60
台南市,佳里區,通興里,201,116081,578,448,316,654,506.37,87.68
台南市,佳里區,嘉福里,194,123049,634,465,326,798,609.47,96.09
台南市,佳里區,忠仁里,786,560062,713,565,367,922,537.28,75.40
台南市,西港區,西港里,906,647818,715,552,367,881,633.90,88.65
台南市,西港區,南海里,619,395466,639,487,311,776,571.64,89.48
台南市,西港區,港東里,376,244794,651,491,317,764,638.86,98.13
台南市,西港區,檨林里,315,190696,605,479,302,708,588.06,97.14
台南市,西港區,後營里,337,205787,611,495,325,760,425.57,69.69
台南市,西港區,營西里,305,222646,730,572,373,887,628.09,86.04
台南市,西港區,金砂里,176,111461,633,530,347,762,548.59,86.62
台南市,西港區,劉厝里,286,171821,601,476,330,738,455.84,75.88
台南市,西港區,竹林里,230,156552,681,477,299,786,691.91,101.65
台南市,西港區,永樂里,194,120048,619,466,303,715,650.89,105.19
台南市,西港區,新復里,213,142802,670,524,325,777,633.63,94.51
台南市,西港區,慶安里,1312,913650,696,514,323,868,644.56,92.56
台南市,七股區,後港里,93,52091,560,451,295,698,429.19,76.62
台南市,七股區,大潭里,126,69042,548,469,301,710,395.51,72.18
台南市,七股區,頂山里,128,77677,607,457,297,664,595.84,98.18
台南市,七股區,西寮里,46,24459,532,476,287,669,376.77,70.86
台南市,七股區,城內里,77,60851,790,562,315,947,904.06,114.40
台南市,七股區,篤加里,150,105688,705,470,347,748,996.21,141.39
台南市,七股區,中寮里,107,70839,662,524,300,755,599.46,90.55
台南市,七股區,塩埕里,51,35059,687,549,308,833,618.36,89.95
台南市,七股區,七股里,199,128223,644,517,340,844,473.54,73.49
台南市,七股區,溪南里,65,49563,763,505,319,857,831.25,109.02
台南市,七股區,玉成里,170,104094,612,440,291,773,598.17,97.69
台南市,七股區,大埕里,383,242806,634,513,325,748,510.96,80.60
台南市,七股區,大寮里,195,113284,581,460,308,696,600.62,103.39
台南市,七股區,看坪里,132,83435,632,479,330,694,693.45,109.71
台南市,七股區,樹林里,250,158205,633,495,335,726,623.23,98.48
台南市,七股區,竹港里,146,89134,611,529,285,816,485.53,79.53
台南市,七股區,竹橋里,126,83231,661,551,325,841,477.52,72.29
台南市,七股區,義合里,245,162260,662,507,321,808,568.63,85.86
台南市,七股區,槺榔里,144,86331,600,470,297,744,455.30,75.94
台南市,七股區,永吉里,170,102471,603,494,321,752,417.00,69.18
台南市,七股區,三股里,205,121943,595,458,319,749,472.56,79.44
台南市,七股區,十份里,196,129365,660,446,294,689,1091.26,165.34
台南市,七股區,龍山里,260,153218,589,484,291,702,502.93,85.34
台南市,將軍區,長榮里,278,164911,593,470,299,746,520.06,87.67
台南市,將軍區,西華里,366,237395,649,518,349,825,467.96,72.15
台南市,將軍區,西和里,197,133369,677,484,312,769,909.63,134.36
台南市,將軍區,忠興里,403,246338,611,494,325,757,447.87,73.27
台南市,將軍區,嘉昌里,155,101698,656,532,326,739,630.41,96.08
台南市,將軍區,保源里,201,112267,559,446,310,617,487.56,87.29
台南市,將軍區,苓和里,225,155719,692,566,380,823,610.61,88.23
台南市,將軍區,仁和里,115,78977,687,564,322,940,565.67,82.37
台南市,將軍區,北埔里,81,53485,660,494,365,801,537.83,81.45
台南市,將軍區,將富里,121,84236,696,513,317,802,862.15,123.84
台南市,將軍區,將貴里,93,63811,686,457,302,719,772.73,112.62
台南市,將軍區,三吉里,81,44801,553,444,317,715,391.23,70.73
台南市,將軍區,玉山里,113,66546,589,480,347,682,548.80,93.19
台南市,將軍區,廣山里,89,56884,639,467,303,812,556.93,87.14
台南市,將軍區,長沙里,250,130044,520,443,283,680,358.56,68.93
台南市,將軍區,平沙里,195,110516,567,463,305,743,417.49,73.66
台南市,將軍區,鯤鯓里,346,206127,596,502,347,761,409.86,68.80
台南市,將軍區,鯤溟里,126,71611,568,471,322,729,398.22,70.07
台南市,北門區,北門里,153,91531,598,498,310,716,520.53,87.01
台南市,北門區,永隆里,82,50436,615,497,260,752,510.11,82.93
台南市,北門區,永華里,59,41190,698,650,425,872,454.30,65.07
台南市,北門區,玉港里,133,84419,635,531,314,861,432.28,68.10
台南市,北門區,東壁里,156,93353,598,498,342,722,417.10,69.70
台南市,北門區,鯤江里,156,97738,627,490,291,765,594.74,94.93
台南市,北門區,保吉里,302,184002,609,450,306,712,559.90,91.90
台南市,北門區,雙春里,80,44432,555,415,268,700,476.73,85.84
台南市,北門區,錦湖里,149,101167,679,544,372,772,579.15,85.30
台南市,北門區,慈安里,134,85016,634,509,346,839,462.29,72.87
台南市,北門區,三光里,225,142247,632,493,336,734,557.59,88.20
台南市,北門區,中樞里,140,88811,634,509,347,755,499.30,78.71
台南市,北門區,仁里里,126,74669,593,490,311,759,446.69,75.38
台南市,學甲區,仁得里,1149,802364,698,541,349,866,615.21,88.10
台南市,學甲區,新榮里,589,406447,690,531,341,846,539.68,78.21
台南市,學甲區,光華里,311,176446,567,453,303,746,411.31,72.50
台南市,學甲區,宅港里,169,107716,637,523,353,839,423.82,66.49
台南市,學甲區,明宜里,551,398329,723,523,310,904,900.61,124.58
台南市,學甲區,慈福里,519,371967,717,583,357,914,606.19,84.58
台南市,學甲區,新達里,578,395618,684,521,330,871,603.18,88.12
台南市,學甲區,大灣里,292,202079,692,488,321,910,611.98,88.43
台南市,學甲區,中洲里,364,233180,641,511,317,787,591.19,92.29
台南市,學甲區,平和里,215,132503,616,488,345,698,550.00,89.24
台南市,學甲區,豐和里,272,165824,610,513,328,803,441.90,72.48
台南市,學甲區,三慶里,307,192226,626,506,325,770,525.48,83.92
台南市,學甲區,秀昌里,637,461475,724,519,347,852,1293.26,178.52
台南市,新化區,武安里,584,435520,746,555,342,908,736.66,98.78
台南市,新化區,東榮里,1097,934473,852,555,347,926,2519.73,295.80
台南市,新化區,護國里,527,390201,740,577,351,968,624.55,84.35
台南市,新化區,太平里,1181,897811,760,552,349,956,691.44,90.95
台南市,新化區,中央里,117,76289,652,544,331,808,521.07,79.91
台南市,新化區,觀音里,130,107976,831,588,380,941,877.15,105.61
台南市,新化區,竹林里,109,73567,675,486,311,962,550.94,81.63
台南市,新化區,清水里,262,176084,672,520,317,857,571.78,85.08
台南市,新化區,協興里,979,669283,684,525,331,822,615.16,89.98
台南市,新化區,唪口里,585,435909,745,575,345,934,645.16,86.58
台南市,新化區,北勢里,416,273937,659,554,364,851,455.43,69.16
台南市,新化區,豐榮里,849,659856,777,564,363,951,689.20,88.68
台南市,新化區,全興里,817,736622,902,662,359,1160,809.18,89.75
台南市,新化區,崙頂里,475,350613,738,545,350,902,868.41,117.65
台南市,新化區,知義里,462,338114,732,496,306,833,1484.50,202.84
台南市,新化區,山腳里,363,254001,700,513,334,834,709.73,101.43
台南市,新化區,大坑里,64,41078,642,522,331,767,514.73,80.20
台南市,新化區,𦰡拔里,529,346274,655,489,325,835,507.01,77.45
台南市,新化區,羊林里,194,124723,643,478,316,771,552.32,85.91
台南市,新化區,礁坑里,156,105241,675,503,303,718,949.71,140.78
台南市,善化區,東關里,367,393377,1072,821,412,1570,837.24,78.11
台南市,善化區,文昌里,799,689368,863,615,369,1064,830.74,96.29
台南市,善化區,南關里,506,418405,827,583,362,1031,794.25,96.05
台南市,善化區,西關里,198,153291,774,593,370,979,583.16,75.32
台南市,善化區,北關里,141,124842,885,687,391,1135,771.38,87.12
台南市,善化區,文正里,471,457940,972,696,411,1221,905.12,93.09
台南市,善化區,坐駕里,1317,1257590,955,710,412,1236,828.39,86.75
台南市,善化區,胡家里,304,202395,666,518,361,835,493.52,74.13
台南市,善化區,胡厝里,413,311152,753,578,378,889,740.16,98.24
台南市,善化區,什乃里,341,258076,757,656,375,983,535.95,70.82
台南市,善化區,溪美里,518,569583,1100,711,403,1258,1637.50,148.92
台南市,善化區,六分里,169,132853,786,552,388,1006,636.50,80.97
台南市,善化區,田寮里,447,321867,720,579,388,930,530.38,73.66
台南市,善化區,六德里,269,179621,668,523,368,798,496.68,74.38
台南市,善化區,東昌里,239,171483,718,560,375,852,594.24,82.82
台南市,善化區,東隆里,227,169774,748,537,363,932,704.50,94.20
台南市,善化區,牛庄里,462,485593,1051,574,355,954,5430.14,516.63
台南市,善化區,嘉南里,253,183438,725,550,350,889,645.25,88.99
台南市,善化區,嘉北里,408,300542,737,564,360,924,599.04,81.32
台南市,善化區,小新里,2131,2374005,1114,873,499,1467,953.19,85.56
台南市,善化區,光文里,1873,1894964,1012,693,392,1255,1678.57,165.91
台南市,新市區,新市里,867,717707,828,578,373,950,1651.41,199.49
台南市,新市區,新和里,2071,1695027,818,584,368,980,1038.87,126.93
台南市,新市區,社內里,643,496518,772,586,357,982,628.24,81.36
台南市,新市區,大洲里,171,110388,646,526,349,785,464.77,72.00
台南市,新市區,豐華里,256,166880,652,470,328,794,589.72,90.46
台南市,新市區,三舍里,467,489564,1048,632,390,1212,1354.52,129.21
台南市,新市區,大營里,1006,797330,793,598,359,988,745.89,94.11
台南市,新市區,大社里,1364,1076828,789,601,378,977,827.04,104.76
台南市,新市區,潭頂里,491,349800,712,549,331,877,648.89,91.08
台南市,新市區,港墘里,1099,736300,670,517,330,821,591.42,88.28
台南市,新市區,永就里,942,742303,788,611,368,995,636.91,80.83
台南市,安定區,蘇林里,557,412926,741,548,360,894,1209.73,163.18
台南市,安定區,蘇厝里,544,400393,736,586,370,914,581.66,79.03
台南市,安定區,安定里,400,283818,710,573,385,900,513.93,72.43
台南市,安定區,保西里,212,165049,779,587,384,960,664.52,85.36
台南市,安定區,安加里,328,282565,861,616,388,1047,874.93,101.56
台南市,安定區,港尾里,387,280046,724,571,348,876,619.39,85.59
台南市,安定區,中榮里,488,418581,858,642,392,1110,755.30,88.06
台南市,安定區,港口里,739,549729,744,560,346,911,671.03,90.21
台南市,安定區,港南里,671,438106,653,494,309,787,592.96,90.82
台南市,安定區,六嘉里,386,225149,583,446,300,707,443.55,76.04
台南市,安定區,新吉里,637,490320,770,562,356,913,712.38,92.55
台南市,安定區,海寮里,648,457309,706,505,328,787,1189.13,168.50
台南市,安定區,南安里,163,133010,816,524,374,860,1122.90,137.61
台南市,安定區,中沙里,180,287320,1596,579,321,945,6405.32,401.28
台南市,安定區,大同里,174,103607,595,477,334,697,460.26,77.30
台南市,安定區,管寮里,235,150432,640,482,346,815,484.38,75.67
台南市,山上區,山上里,246,158104,643,516,315,826,494.95,77.01
台南市,山上區,南洲里,434,296587,683,522,346,850,676.42,98.98
台南市,山上區,明和里,468,374933,801,541,362,886,2032.75,253.73
台南市,山上區,新莊里,276,187459,679,543,354,813,638.58,94.02
台南市,山上區,玉峰里,93,56930,612,498,346,736,428.40,69.98
台南市,山上區,豐德里,77,50732,659,468,341,694,675.73,102.56
台南市,山上區,平陽里,75,46360,618,505,295,755,592.44,95.84
台南市,玉井區,玉井里,224,162771,727,491,320,817,764.01,105.14
台南市,玉井區,玉田里,932,667200,716,546,353,913,589.82,82.39
台南市,玉井區,中正里,232,153457,661,513,305,859,594.83,89.93
台南市,玉井區,竹圍里,287,178388,622,504,333,769,492.80,79.28
台南市,玉井區,沙田里,92,63640,692,546,296,906,604.06,87.32
台南市,玉井區,三埔里,82,58257,710,604,387,897,482.45,67.91
台南市,玉井區,三和里,131,92847,709,566,364,942,519.41,73.28
台南市,玉井區,望明里,262,169910,649,502,331,794,503.40,77.62
台南市,玉井區,層林里,99,62503,631,525,372,743,455.48,72.14
台南市,玉井區,豐里里,169,108294,641,482,288,751,593.21,92.57
台南市,楠西區,楠西里,356,225520,633,496,299,801,509.35,80.40
台南市,楠西區,灣丘里,180,108761,604,474,314,712,472.48,78.20
台南市,楠西區,密枝里,86,68030,791,567,405,964,657.63,83.13
台南市,楠西區,照興里,143,77557,542,434,308,659,389.76,71.86
台南市,楠西區,鹿田里,162,104329,644,546,349,787,475.56,73.84
台南市,楠西區,龜丹里,102,70731,693,553,380,825,722.65,104.21
台南市,楠西區,東勢里,432,263967,611,483,298,768,482.69,79.00
台南市,南化區,南化里,297,191921,646,517,352,777,498.23,77.10
台南市,南化區,小崙里,124,73912,596,491,279,683,502.65,84.33
台南市,南化區,中坑里,90,61484,683,541,365,807,571.09,83.60
台南市,南化區,北平里,71,44743,630,473,341,888,495.48,78.63
台南市,南化區,東和里,100,68733,687,521,345,790,713.30,103.78
台南市,南化區,西埔里,144,89877,624,477,321,767,483.49,77.46
台南市,南化區,北寮里,202,132378,655,502,343,843,579.53,88.43
台南市,南化區,玉山里,162,99428,614,464,293,780,458.01,74.62
台南市,南化區,關山里,141,93998,667,580,358,783,496.30,74.45
台南市,左鎮區,光和里,60,49759,829,587,358,845,1090.58,131.50
台南市,左鎮區,榮和里,108,68677,636,503,357,796,441.21,69.38
台南市,左鎮區,左鎮里,80,46138,577,457,314,780,409.93,71.08
台南市,左鎮區,中正里,156,112781,723,540,334,875,907.98,125.59
台南市,左鎮區,睦光里,78,50756,651,456,318,786,572.09,87.92
台南市,左鎮區,內庄里,73,50869,697,515,378,859,498.42,71.53
台南市,左鎮區,岡林里,54,29014,537,515,293,711,327.66,60.98
台南市,左鎮區,草山里,33,19212,582,479,331,759,461.88,79.34
台南市,左鎮區,二寮里,26,15847,610,600,435,682,295.22,48.43
台南市,左鎮區,澄山里,51,30740,603,491,296,805,490.29,81.34
台南市,仁德區,太子里,1493,1031419,691,537,342,871,639.66,92.59
台南市,仁德區,土庫里,720,522235,725,554,321,924,667.91,92.08
台南市,仁德區,一甲里,895,820776,917,612,355,1056,1268.65,138.34
台南市,仁德區,仁德里,2266,1978950,873,661,386,1121,795.23,91.06
台南市,仁德區,新田里,953,718635,754,568,354,935,668.78,88.69
台南市,仁德區,後壁里,2652,1998769,754,572,356,942,694.69,92.17
台南市,仁德區,上崙里,1395,1001427,718,579,357,886,593.60,82.69
台南市,仁德區,田厝里,357,237618,666,501,315,742,859.87,129.19
台南市,仁德區,三甲里,212,167375,790,554,367,1051,669.20,84.76
台南市,仁德區,保安里,808,647954,802,553,332,903,1860.76,232.04
台南市,仁德區,二行里,581,488095,840,552,353,944,1032.67,122.92
台南市,仁德區,大甲里,594,394861,665,530,346,789,524.44,78.89
台南市,仁德區,中洲里,356,256989,722,526,340,840,767.99,106.39
台南市,仁德區,中生里,338,236307,699,538,372,865,599.87,85.80
台南市,仁德區,仁和里,232,144871,624,526,310,845,490.95,78.62
台南市,仁德區,成功里,1250,1014801,812,568,344,928,1350.60,166.36
台南市,仁德區,仁愛里,420,345146,822,665,359,1126,634.15,77.17
台南市,仁德區,仁義里,2946,2425432,823,597,370,993,1090.53,132.46
台南市,歸仁區,南保里,1902,1453768,764,560,354,914,952.95,124.68
台南市,歸仁區,六甲里,995,727967,732,537,358,898,701.67,95.91
台南市,歸仁區,歸仁里,716,614708,859,611,386,1033,1042.56,121.43
台南市,歸仁區,後市里,1029,869113,845,572,349,918,2837.13,335.91
台南市,歸仁區,辜厝里,956,726086,760,553,349,900,767.63,101.07
台南市,歸仁區,許厝里,942,709320,753,546,358,893,696.52,92.50
台南市,歸仁區,看西里,624,513132,822,608,375,984,923.86,112.35
台南市,歸仁區,看東里,559,410136,734,584,355,935,613.84,83.66
台南市,歸仁區,崙頂里,797,753483,945,663,394,1138,1500.64,158.73
台南市,歸仁區,沙崙里,172,139536,811,501,322,750,2307.83,284.48
台南市,歸仁區,大潭里,447,373991,837,591,364,925,1921.24,229.63
台南市,歸仁區,武東里,421,361296,858,661,382,1067,1072.95,125.03
台南市,歸仁區,八甲里,706,562853,797,576,392,897,1158.09,145.26
台南市,歸仁區,七甲里,898,671146,747,579,367,952,594.72,79.57
台南市,歸仁區,媽廟里,539,396564,736,553,359,889,709.15,96.39
台南市,歸仁區,西埔里,480,337798,704,529,323,878,608.16,86.42
台南市,歸仁區,大廟里,735,516530,703,538,345,838,697.39,99.24
台南市,歸仁區,南興里,1245,1000320,803,597,379,1001,684.47,85.19
台南市,歸仁區,新厝里,732,540324,738,562,358,894,604.39,81.88
台南市,歸仁區,歸南里,656,469596,716,534,350,826,818.80,114.38
台南市,歸仁區,文化里,943,719263,763,568,359,944,758.34,99.42
台南市,關廟區,關廟里,622,495732,797,545,347,886,1623.46,203.70
台南市,關廟區,山西里,520,377861,727,550,361,879,647.86,89.16
台南市,關廟區,香洋里,907,671783,741,536,330,877,1293.98,174.71
台南市,關廟區,北勢里,626,432334,691,540,365,843,543.96,78.76
台南市,關廟區,新埔里,232,150219,647,500,347,861,483.45,74.66
台南市,關廟區,五甲里,853,549910,645,518,328,837,464.13,71.99
台南市,關廟區,東勢里,790,505956,640,527,349,808,460.58,71.92
台南市,關廟區,松腳里,516,698438,1354,518,336,809,8332.56,615.60
台南市,關廟區,南花里,416,300111,721,537,319,835,731.03,101.33
台南市,關廟區,北花里,536,355158,663,496,333,788,596.90,90.08
台南市,關廟區,深坑里,400,272698,682,525,322,842,579.65,85.02
台南市,關廟區,布袋里,308,180816,587,436,298,666,573.27,97.65
台南市,關廟區,田中里,150,87694,585,478,322,696,543.31,92.93
台南市,關廟區,龜洞里,176,107325,610,478,316,765,460.70,75.55
台南市,關廟區,埤頭里,389,261778,673,488,326,738,706.24,104.95
台南市,關廟區,下湖里,99,59461,601,480,316,807,387.89,64.58
台南市,關廟區,新光里,130,70090,539,458,287,700,371.23,68.85
台南市,龍崎區,崎頂里,221,145413,658,560,334,767,577.21,87.73
台南市,龍崎區,土崎里,120,72073,601,498,340,719,411.32,68.48
台南市,龍崎區,中坑里,28,36586,1307,527,348,938,2930.21,224.25
台南市,龍崎區,楠坑里,58,45334,782,531,371,870,829.09,106.07
台南市,龍崎區,牛埔里,86,57846,673,480,300,766,934.15,138.88
台南市,龍崎區,大坪里,61,34557,567,485,348,676,342.25,60.41
台南市,龍崎區,龍船里,71,50373,709,657,352,1012,435.95,61.45
台南市,龍崎區,石𥕢里,63,40214,638,490,319,710,524.73,82.20
台南市,永康區,永康里,2407,2043973,849,604,373,1032,870.33,102.49
台南市,永康區,埔園里,3326,3041147,914,697,417,1196,753.85,82.45
台南市,永康區,網寮里,1953,1796087,920,622,375,1080,2628.45,285.81
台南市,永康區,王行里,735,742236,1010,560,344,927,3522.39,348.80
台南市,永康區,龍潭里,3155,2739102,868,657,393,1076,1030.51,118.70
台南市,永康區,大灣里,974,733226,753,564,330,948,639.87,85.00
台南市,永康區,東灣里,949,687156,724,539,331,930,664.21,91.73
台南市,永康區,西灣里,2248,1880130,836,626,361,1040,761.23,91.02
台南市,永康區,南灣里,1054,706275,670,530,334,822,588.18,87.78
台南市,永康區,北灣里,2571,2110154,821,618,382,1045,695.21,84.70
台南市,永康區,西勢里,1886,1495484,793,592,360,1006,695.74,87.74
台南市,永康區,新樹里,393,296398,754,558,343,854,827.45,109.71
台南市,永康區,三民里,384,372011,969,632,351,1072,1699.53,175.43
台南市,永康區,塩行里,2895,2522350,871,610,362,1016,1110.69,127.48
台南市,永康區,蔦松里,518,383923,741,549,338,889,675.03,91.08
台南市,永康區,烏竹里,804,654769,814,628,394,1051,659.20,80.94
台南市,永康區,建國里,412,286470,695,516,321,888,618.03,88.89
台南市,永康區,復興里,373,274665,736,504,293,861,737.06,100.09
台南市,永康區,成功里,476,329842,693,557,339,845,628.54,90.71
台南市,永康區,光復里,113,73810,653,515,324,786,543.20,83.16
台南市,永康區,神洲里,261,156914,601,514,312,787,420.16,69.89
台南市,永康區,勝利里,2138,1766665,826,610,345,1062,748.10,90.53
台南市,永康區,大橋里,1841,2427874,1319,600,350,1084,13003.40,986.02
台南市,永康區,五王里,1631,1189501,729,560,348,926,624.94,85.69
台南市,永康區,崑山里,1816,1458855,803,579,359,968,778.91,96.96
台南市,永康區,塩洲里,1924,1611532,838,620,374,1040,881.40,105.23
台南市,永康區,甲頂里,694,519555,749,574,342,901,837.32,111.85
台南市,永康區,復國里,2186,1582708,724,564,355,895,610.49,84.32
台南市,永康區,中興里,944,674416,714,571,346,924,565.51,79.16
台南市,永康區,正強里,2421,1953213,807,596,360,1006,801.50,99.35
台南市,永康區,二王里,2352,1990998,847,636,368,1060,969.68,114.55
台南市,永康區,中華里,901,1016416,1128,645,370,1232,4606.50,408.34
台南市,永康區,東橋里,1636,1838722,1124,854,430,1576,954.43,84.92
台南市,永康區,安康里,1478,1398225,946,605,367,999,5236.75,553.55
台南市,永康區,西橋里,951,743893,782,591,357,963,666.96,85.26
台南市,永康區,六合里,1708,1474826,863,627,372,1062,1070.84,124.01
台南市,永康區,三合里,928,638901,688,539,357,862,640.43,93.02
台南市,永康區,尚頂里,1444,1335761,925,607,353,1034,2279.70,246.44
台南市,永康區,復華里,2693,2209379,820,599,353,1001,926.91,112.98
高雄市,鹽埕區,藍橋里,363,290315,800,617,373,1069,706.96,88.40
高雄市,鹽埕區,慈愛里,89,90848,1021,509,303,865,2521.53,247.02
高雄市,鹽埕區,博愛里,158,110330,698,482,304,733,813.71,116.53
高雄市,鹽埕區,陸橋里,309,244512,791,618,341,904,865.08,109.32
高雄市,鹽埕區,壽星里,348,282382,811,552,314,945,851.50,104.94
高雄市,鹽埕區,中山里,385,336997,875,596,345,984,1120.34,127.99
高雄市,鹽埕區,瀨南里,166,291215,1754,552,293,1063,8230.44,469.16
高雄市,鹽埕區,新樂里,299,284548,952,540,332,1068,1314.74,138.15
高雄市,鹽埕區,教仁里,657,1559616,2374,544,320,943,30517.26,1285.56
高雄市,鹽埕區,中原里,197,155106,787,537,297,970,1031.40,131.00
高雄市,鹽埕區,府北里,413,270046,654,493,287,781,592.36,90.59
高雄市,鹽埕區,育仁里,256,216946,847,563,321,1056,967.29,114.14
高雄市,鹽埕區,光明里,408,374838,919,581,307,1000,2155.30,234.60
高雄市,鹽埕區,江西里,320,308609,964,633,400,1151,1108.40,114.93
高雄市,鹽埕區,港都里,279,205145,735,528,295,901,793.31,107.89
高雄市,鹽埕區,新化里,165,111738,677,548,304,847,568.28,83.92
高雄市,鹽埕區,江南里,199,190129,955,551,349,1037,1283.06,134.29
高雄市,鹽埕區,河濱里,600,577840,963,567,300,971,2188.83,227.28
高雄市,鹽埕區,南端里,285,319505,1121,508,331,1023,5528.90,493.18
高雄市,鹽埕區,沙地里,206,460199,2234,596,371,1016,11517.71,515.57
高雄市,鹽埕區,新豐里,232,199200,859,606,326,1067,1061.16,123.59
高雄市,鼓山區,前峰里,1382,1154994,836,630,357,1063,770.65,92.21
高雄市,鼓山區,光榮里,1050,761326,725,543,337,865,706.96,97.50
高雄市,鼓山區,民族里,360,256137,711,554,340,860,677.06,95.16
高雄市,鼓山區,自強里,203,175183,863,597,335,1072,978.98,113.44
高雄市,鼓山區,建國里,751,646697,861,578,343,1000,1161.51,134.88
高雄市,鼓山區,內惟里,282,221374,785,547,335,947,838.94,106.87
高雄市,鼓山區,忠正里,1071,828728,774,549,330,904,1417.41,183.18
高雄市,鼓山區,龍井里,321,220358,686,521,316,838,637.73,92.90
高雄市,鼓山區,平和里,1121,871041,777,573,329,974,763.63,98.28
高雄市,鼓山區,龍子里,5346,6451632,1207,835,448,1520,1496.64,124.02
高雄市,鼓山區,鼓岩里,289,172922,598,463,246,767,521.27,87.12
高雄市,鼓山區,樹德里,340,300021,882,580,340,1015,2203.18,249.68
高雄市,鼓山區,寶樹里,269,174422,648,494,298,769,624.81,96.36
高雄市,鼓山區,綠川里,338,234354,693,557,351,924,583.02,84.09
高雄市,鼓山區,河邊里,408,302294,741,519,326,886,883.51,119.25
高雄市,鼓山區,興宗里,337,225185,668,535,312,859,519.21,77.70
高雄市,鼓山區,光化里,302,197307,653,495,295,803,632.81,96.86
高雄市,鼓山區,山下里,382,317200,830,589,346,985,842.34,101.44
高雄市,鼓山區,登山里,173,151375,875,540,305,1009,1155.63,132.07
高雄市,鼓山區,峰南里,202,136437,675,514,318,832,603.60,89.37
高雄市,鼓山區,維生里,406,497032,1224,578,341,1011,2737.17,223.59
高雄市,鼓山區,延平里,271,261559,965,533,328,983,1823.84,188.97
高雄市,鼓山區,新民里,249,165300,664,480,297,809,606.61,91.38
高雄市,鼓山區,惠安里,334,326579,978,520,296,880,3206.65,327.95
高雄市,鼓山區,壽山里,342,238477,697,510,303,810,1078.81,154.71
高雄市,鼓山區,哨船頭里,281,229972,818,545,334,920,1164.89,142.34
高雄市,鼓山區,桃源里,175,162910,931,674,340,1272,812.06,87.23
高雄市,鼓山區,正德里,564,427928,759,590,341,895,653.81,86.17
高雄市,鼓山區,厚生里,980,726957,742,569,350,926,712.65,96.07
高雄市,鼓山區,明誠里,5559,5801637,1044,759,411,1317,1218.09,116.71
高雄市,鼓山區,民強里,785,528327,673,512,329,860,567.49,84.32
高雄市,鼓山區,裕豐里,934,918988,984,665,372,1198,1081.44,109.91
高雄市,鼓山區,華豐里,1317,1293113,982,647,381,1114,1846.60,188.07
高雄市,鼓山區,雄峰里,563,377689,671,521,304,831,644.09,96.01
高雄市,鼓山區,鼓峰里,511,313595,614,490,313,791,485.97,79.19
高雄市,鼓山區,麗興里,282,339967,1206,531,303,924,3834.35,318.06
高雄市,鼓山區,龍水里,7311,11372944,1556,952,501,1726,3895.68,250.43
高雄市,鼓山區,裕興里,1027,873357,850,619,356,1082,784.82,92.29
高雄市,左營區,自立里,2,2275,1137,1137,842,1433,836.03,73.51
高雄市,左營區,崇實里,1305,1276497,978,789,441,1192,935.98,95.69
高雄市,左營區,合群里,703,571531,813,602,365,997,752.71,92.59
高雄市,左營區,自治里,0,0,0,0,0,0,0.00,0.00
高雄市,左營區,頂西里,268,197888,738,570,353,928,632.25,85.63
高雄市,左營區,頂北里,141,107560,763,539,344,835,963.19,126.27
高雄市,左營區,中北里,139,110068,792,470,313,807,882.91,111.50
高雄市,左營區,中南里,121,87830,726,552,374,870,619.29,85.32
高雄市,左營區,自助里,132,100174,759,570,388,949,723.36,95.32
高雄市,左營區,自勉里,2,2930,1465,1465,1334,1596,370.46,25.29
高雄市,左營區,尾西里,298,188814,634,540,282,840,488.34,77.07
高雄市,左營區,尾北里,849,680299,801,594,378,950,788.21,98.37
高雄市,左營區,南里,170,118603,698,542,302,791,825.85,118.37
高雄市,左營區,廟東里,174,112887,649,506,331,815,559.54,86.25
高雄市,左營區,廟北里,214,114114,533,424,271,639,461.10,86.47
高雄市,左營區,尾南里,153,97426,637,520,275,824,593.30,93.17
高雄市,左營區,北里,85,67612,795,598,358,898,931.72,117.13
高雄市,左營區,埤東里,252,207588,824,514,329,857,1610.55,195.51
高雄市,左營區,埤北里,305,205452,674,543,311,860,585.85,86.97
高雄市,左營區,新上里,8679,10182237,1173,775,407,1451,2511.80,214.10
高雄市,左營區,新中里,1565,1428923,913,624,365,1086,1064.48,116.58
高雄市,左營區,新下里,4308,4552862,1057,754,411,1312,1188.55,112.46
高雄市,左營區,聖后里,199,138585,696,523,309,820,600.19,86.18
高雄市,左營區,聖西里,79,64184,812,592,388,941,951.61,117.13
高雄市,左營區,聖南里,147,106415,724,553,373,959,589.28,81.40
高雄市,左營區,埤西里,286,216931,758,534,310,896,841.56,110.95
高雄市,左營區,路東里,208,164489,791,621,342,1026,775.60,98.08
高雄市,左營區,城南里,135,101179,749,547,327,989,619.44,82.65
高雄市,左營區,進學里,400,280335,701,533,341,878,549.91,78.46
高雄市,左營區,屏山里,360,263861,733,573,330,910,659.46,89.97
高雄市,左營區,果惠里,329,222711,677,575,339,871,547.01,80.81
高雄市,左營區,果貿里,787,589086,749,604,353,958,799.60,106.82
高雄市,左營區,海勝里,1444,984798,682,546,331,883,536.76,78.70
高雄市,左營區,莒光里,513,354707,691,566,335,968,564.45,81.63
高雄市,左營區,永清里,319,318270,998,993,815,1178,378.11,37.90
高雄市,左營區,果峰里,357,222973,625,497,322,794,505.82,80.99
高雄市,左營區,光輝里,837,656097,784,588,346,1086,654.97,83.56
高雄市,左營區,菜公里,9285,9775766,1053,788,433,1336,1177.64,111.85
高雄市,左營區,祥和里,66,43575,660,605,304,951,512.66,77.65
高雄市,左營區,新光里,4383,4740307,1082,748,414,1281,2130.50,196.99
高雄市,左營區,明建里,319,317027,994,853,516,1222,712.93,71.74
高雄市,左營區,福山里,10824,10907182,1008,758,432,1261,965.15,95.78
高雄市,楠梓區,東寧里,1325,1194612,902,737,408,1162,709.97,78.75
高雄市,楠梓區,享平里,951,778044,818,595,337,1038,807.05,98.64
高雄市,楠梓區,五常里,1731,1250288,722,572,346,909,586.77,81.24
高雄市,楠梓區,惠民里,1252,997914,797,600,363,1042,685.96,86.06
高雄市,楠梓區,中陽里,793,602101,759,559,344,912,792.70,104.40
高雄市,楠梓區,清豐里,6565,5815714,886,715,411,1156,730.37,82.45
高雄市,楠梓區,稔田里,439,344571,785,601,338,1003,843.80,107.50
高雄市,楠梓區,玉屏里,692,526585,761,602,372,964,665.62,87.47
高雄市,楠梓區,錦屏里,1022,814438,797,595,360,1025,673.42,84.50
高雄市,楠梓區,金田里,967,777436,804,592,367,1026,852.55,106.04
高雄市,楠梓區,廣昌里,855,622098,728,595,379,928,519.49,71.40
高雄市,楠梓區,福昌里,587,501750,855,637,380,1083,820.27,95.96
高雄市,楠梓區,泰昌里,377,294707,782,620,374,895,730.40,93.44
高雄市,楠梓區,興昌里,1396,1248965,895,672,405,1132,1066.33,119.19
高雄市,楠梓區,建昌里,810,621414,767,584,357,1000,644.92,84.06
高雄市,楠梓區,中和里,561,487253,869,678,381,1087,832.16,95.81
高雄市,楠梓區,中興里,490,437477,893,689,404,1112,732.37,82.03
高雄市,楠梓區,藍田里,1769,2035904,1151,820,469,1389,3174.35,275.82
高雄市,楠梓區,宏毅里,805,709245,881,746,393,1203,689.64,78.27
高雄市,楠梓區,宏南里,587,740126,1261,947,454,1855,1169.47,92.75
高雄市,楠梓區,宏榮里,878,882626,1005,788,430,1307,869.00,86.44
高雄市,楠梓區,和昌里,631,490866,778,593,352,992,667.62,85.82
高雄市,楠梓區,隆昌里,1047,829786,793,597,357,1032,749.30,94.54
高雄市,楠梓區,惠楠里,794,603060,760,576,338,977,719.89,94.78
高雄市,楠梓區,瑞屏里,1227,986368,804,619,381,1019,683.78,85.06
高雄市,楠梓區,大昌里,569,393505,692,558,343,876,555.32,80.30
高雄市,楠梓區,裕昌里,1366,1351443,989,714,416,1151,3640.22,367.94
高雄市,楠梓區,加昌里,2722,2162137,794,630,385,1006,658.80,82.94
高雄市,楠梓區,仁昌里,1544,1169867,758,594,390,938,638.27,84.24
高雄市,楠梓區,惠豐里,1576,1235046,784,625,369,1032,596.75,76.15
高雄市,楠梓區,翠屏里,4640,3676866,792,636,378,1026,654.89,82.64
高雄市,楠梓區,久昌里,772,561882,728,601,369,955,528.30,72.59
高雄市,楠梓區,盛昌里,1795,1553911,866,691,408,1119,714.76,82.57
高雄市,楠梓區,宏昌里,1012,862123,852,676,384,1095,770.44,90.44
高雄市,楠梓區,秀昌里,648,548674,847,627,375,1086,853.33,100.78
高雄市,楠梓區,慶昌里,1118,1021822,914,676,385,1183,938.37,102.67
高雄市,楠梓區,國昌里,1042,803247,771,596,359,951,634.95,82.37
高雄市,三民區,鼎金里,1130,893310,791,573,350,958,882.80,111.67
高雄市,三民區,鼎西里,2183,1737625,796,611,372,998,834.52,104.84
高雄市,三民區,本館里,2681,2306041,860,633,380,1099,784.94,91.26
高雄市,三民區,寶獅里,1132,985727,871,625,356,1057,919.19,105.56
高雄市,三民區,灣子里,1226,1140035,930,657,369,1109,1076.29,115.74
高雄市,三民區,安東里,1038,997285,961,638,377,1133,1345.01,139.99
高雄市,三民區,安生里,480,387799,808,575,337,967,1350.81,167.20
高雄市,三民區,港東里,399,352399,883,528,300,891,1966.38,222.64
高雄市,三民區,港西里,184,138316,752,539,297,983,718.14,95.53
高雄市,三民區,港北里,0,0,0,0,0,0,0.00,0.00
高雄市,三民區,博愛里,381,293284,770,547,333,962,828.31,107.60
高雄市,三民區,建東里,319,227843,714,585,339,902,591.44,82.81
高雄市,三民區,鳳南里,242,175919,727,553,295,909,727.08,100.02
高雄市,三民區,鳳北里,393,277347,706,516,309,862,672.54,95.30
高雄市,三民區,德東里,263,208696,794,592,329,1009,762.07,96.04
高雄市,三民區,德西里,265,245360,926,624,323,1150,951.83,102.80
高雄市,三民區,德北里,554,482771,871,631,346,1111,829.25,95.16
高雄市,三民區,川東里,343,264746,772,567,353,978,713.48,92.44
高雄市,三民區,千歲里,348,277249,797,579,311,1035,754.87,94.75
高雄市,三民區,千北里,313,243921,779,555,324,977,730.72,93.77
高雄市,三民區,興德里,533,505541,948,646,337,1143,1083.49,114.23
高雄市,三民區,正興里,3915,3839797,981,720,406,1242,929.34,94.75
高雄市,三民區,十全里,489,446352,913,609,328,1024,1213.52,132.95
高雄市,三民區,豐裕里,714,527636,739,558,336,911,724.62,98.06
高雄市,三民區,力行里,308,208490,677,512,270,842,636.77,94.07
高雄市,三民區,立誠里,212,194364,917,612,336,1073,1147.07,125.11
高雄市,三民區,立德里,365,288014,789,582,333,1018,687.85,87.17
高雄市,三民區,達德里,504,583390,1158,652,346,1200,2438.83,210.69
高雄市,三民區,灣華里,817,667018,816,582,344,993,976.25,119.58
高雄市,三民區,灣中里,1609,1314397,817,616,373,1014,719.23,88.04
高雄市,三民區,灣復里,1026,772111,753,566,347,987,715.80,95.12
高雄市,三民區,灣興里,601,666966,1110,686,395,1293,1932.60,174.15
高雄市,三民區,寶珠里,1676,1356704,809,584,332,1051,785.84,97.08
高雄市,三民區,民享里,701,632844,903,636,326,1055,978.68,108.41
高雄市,三民區,安宜里,974,846482,869,617,347,1051,1042.71,119.98
高雄市,三民區,同德里,928,859477,926,630,357,1102,1074.67,116.03
高雄市,三民區,精華里,490,474797,969,628,385,1144,1520.14,156.88
高雄市,三民區,長明里,324,288417,890,583,329,953,2352.33,264.25
高雄市,三民區,裕民里,389,361912,930,717,394,1125,810.49,87.12
高雄市,三民區,寶龍里,1239,1783491,1439,639,377,1178,16802.35,1167.27
高雄市,三民區,港新里,512,489215,955,593,337,1063,1418.03,148.41
高雄市,三民區,博惠里,1315,1157839,880,612,353,1071,1137.56,129.20
高雄市,三民區,立業里,259,181658,701,510,294,891,650.46,92.74
高雄市,三民區,十美里,602,509832,847,606,329,1077,829.70,97.97
高雄市,三民區,德行里,368,348893,948,595,345,1096,1510.20,159.29
高雄市,三民區,安邦里,1187,1038922,875,619,357,1114,849.92,97.11
高雄市,三民區,千秋里,536,325544,607,500,299,774,548.48,90.31
高雄市,三民區,灣勝里,546,390707,716,539,321,893,640.19,89.46
高雄市,三民區,灣利里,972,688397,708,529,313,862,627.67,88.62
高雄市,三民區,達明里,534,496914,931,595,330,1093,1227.16,131.87
高雄市,三民區,達勇里,324,322042,994,632,352,1185,1374.06,138.24
高雄市,三民區,達仁里,521,503076,966,615,349,1100,1852.01,191.80
高雄市,三民區,灣愛里,756,531846,703,529,327,852,713.04,101.36
高雄市,三民區,安和里,793,811563,1023,615,350,1019,2181.57,213.17
高雄市,三民區,德智里,756,691232,914,617,346,1129,1048.80,114.71
高雄市,三民區,寶興里,2098,1881609,897,612,356,1069,2137.42,238.32
高雄市,三民區,安康里,605,506103,837,506,319,795,4075.29,487.16
高雄市,三民區,安寧里,369,236411,641,509,325,828,503.65,78.61
高雄市,三民區,鼎盛里,2263,1894971,837,643,394,1060,787.68,94.07
高雄市,三民區,鼎泰里,7001,7934720,1133,783,427,1389,1512.97,133.49
高雄市,三民區,本武里,491,433066,882,673,400,1136,775.08,87.88
高雄市,三民區,本文里,628,478542,762,593,339,948,671.77,88.16
高雄市,三民區,寶盛里,1692,1561450,923,661,378,1180,923.57,100.08
高雄市,三民區,寶華里,1111,1063378,957,677,389,1205,931.45,97.32
高雄市,三民區,寶民里,1060,993143,937,682,387,1187,933.71,99.66
高雄市,三民區,寶中里,935,737161,788,577,352,944,853.80,108.29
高雄市,三民區,寶玉里,2590,2200456,850,633,372,1096,735.94,86.62
高雄市,三民區,灣成里,616,502575,816,642,354,1035,721.29,88.41
高雄市,三民區,安吉里,1480,1301420,879,607,337,1079,1319.76,150.09
高雄市,三民區,安泰里,1261,1133508,899,618,343,1176,898.41,99.95
高雄市,三民區,德仁里,661,707359,1070,650,382,1052,3588.91,335.37
高雄市,三民區,寶國里,2485,2359304,949,689,387,1187,1005.68,105.93
高雄市,三民區,正順里,1267,1150853,908,632,372,1139,882.31,97.13
高雄市,三民區,安發里,1531,1400180,915,615,348,1088,1195.41,130.71
高雄市,三民區,鼎中里,1094,892640,816,567,330,1032,853.82,104.64
高雄市,三民區,寶業里,1717,1652489,962,671,370,1223,939.09,97.57
高雄市,三民區,寶慶里,891,723732,812,611,350,1035,698.79,86.03
高雄市,三民區,寶德里,1589,1287843,810,581,348,980,813.66,100.39
高雄市,三民區,寶泰里,1248,1109125,889,600,357,1086,935.20,105.23
高雄市,三民區,寶安里,2282,2200774,964,657,369,1173,1369.24,141.98
高雄市,三民區,本元里,1704,1550603,910,642,364,1148,1117.79,122.84
高雄市,三民區,本安里,1569,1614473,1029,694,401,1310,1074.48,104.42
高雄市,三民區,本上里,1648,1897579,1151,741,417,1538,1274.33,110.67
高雄市,三民區,本揚里,2530,2559440,1012,702,388,1262,1043.02,103.10
高雄市,三民區,鼎力里,1147,959247,836,608,366,1068,801.04,95.78
高雄市,三民區,鼎強里,1217,920843,757,605,361,982,588.03,77.72
高雄市,三民區,本和里,2473,2310420,934,675,378,1202,1138.16,121.82
高雄市,新興區,大明里,312,261278,837,541,298,912,1324.90,158.21
高雄市,新興區,明莊里,174,164450,945,576,295,1010,1171.94,124.00
高雄市,新興區,仁聲里,319,276947,868,582,300,1008,1091.53,125.73
高雄市,新興區,漢民里,247,215859,874,541,320,921,1232.69,141.05
高雄市,新興區,華聲里,354,404329,1142,545,310,1044,2848.77,249.42
高雄市,新興區,玉衡里,263,202783,771,564,302,859,915.86,118.78
高雄市,新興區,榮治里,237,585303,2470,818,395,1888,5869.93,237.68
高雄市,新興區,浩然里,669,665097,994,656,354,1219,1157.26,116.41
高雄市,新興區,振成里,445,784754,1763,675,373,1376,6312.42,357.95
高雄市,新興區,德生里,1140,1582592,1388,731,390,1545,3037.56,218.81
高雄市,新興區,成功里,396,558859,1411,695,346,1297,3565.39,252.64
高雄市,新興區,愛平里,332,355998,1072,719,369,1414,1067.84,99.59
高雄市,新興區,新江里,402,717619,1785,574,273,1100,13103.71,734.05
高雄市,新興區,黎明里,259,244941,946,545,301,984,2016.52,213.23
高雄市,新興區,秋山里,255,189980,745,527,267,914,792.76,106.41
高雄市,新興區,長驛里,261,218255,836,579,327,1056,1103.14,131.92
高雄市,新興區,建興里,293,347061,1185,561,308,923,6218.57,524.99
高雄市,新興區,德望里,731,755554,1034,641,335,1197,1610.71,155.84
高雄市,新興區,中東里,806,785881,975,560,316,1049,2139.23,219.40
高雄市,新興區,東坡里,373,318095,853,582,320,1014,1024.85,120.17
高雄市,新興區,蕉園里,258,260737,1011,606,310,1209,1269.87,125.65
高雄市,新興區,德政里,228,214203,939,579,334,1100,1199.82,127.71
高雄市,新興區,南港里,629,553897,881,572,324,1044,1245.47,141.43
高雄市,新興區,開平里,1267,2292631,1809,734,378,1509,12492.18,690.37
高雄市,新興區,光耀里,738,674346,914,638,335,1117,1392.44,152.39
高雄市,新興區,永寧里,503,520289,1034,644,354,1156,1596.55,154.35
高雄市,新興區,順昌里,609,611892,1005,641,338,1085,3212.67,319.75
高雄市,新興區,正氣里,506,545577,1078,647,329,1239,2012.88,186.69
高雄市,新興區,建華里,257,377294,1468,614,349,1151,7848.20,534.59
高雄市,新興區,振華里,408,579845,1421,727,340,1449,4721.34,332.21
高雄市,新興區,文昌里,972,1255483,1292,760,378,1544,2511.58,194.45
高雄市,新興區,興昌里,637,614760,965,632,324,1152,1262.66,130.83
高雄市,前金區,青山里,580,693968,1196,666,351,1282,2300.69,192.29
高雄市,前金區,長興里,340,405502,1193,574,349,1047,6343.68,531.90
高雄市,前金區,民生里,247,244972,992,644,336,1118,1113.42,112.26
高雄市,前金區,東金里,341,426201,1250,672,329,1252,2311.12,184.91
高雄市,前金區,林投里,205,258567,1261,542,307,965,5678.78,450.23
高雄市,前金區,後金里,247,258029,1045,658,324,1224,1543.24,147.73
高雄市,前金區,文東里,417,477633,1145,655,339,1336,1723.81,150.50
高雄市,前金區,長生里,604,644774,1068,673,346,1304,1218.22,114.12
高雄市,前金區,博孝里,322,315129,979,575,346,1138,1123.09,114.76
高雄市,前金區,復元里,380,501533,1320,754,399,1379,2899.63,219.70
高雄市,前金區,社東里,612,926011,1513,768,394,1575,3534.36,233.59
高雄市,前金區,社西里,378,483956,1280,699,405,1322,3283.54,256.46
高雄市,前金區,國民里,354,588104,1661,657,377,1379,4970.69,299.20
高雄市,前金區,新生里,1275,1443333,1132,718,363,1382,1797.75,158.81
高雄市,前金區,北金里,252,199441,791,530,295,995,939.36,118.69
高雄市,前金區,榮復里,368,288302,783,516,293,928,892.96,113.98
高雄市,前金區,文西里,316,289312,916,566,322,941,1465.59,160.08
高雄市,前金區,草江里,370,361915,978,633,355,1209,1073.04,109.70
高雄市,前金區,長城里,379,322594,851,597,309,1036,941.49,110.61
高雄市,前金區,三川里,190,124755,657,510,285,776,631.31,96.15
高雄市,苓雅區,博仁里,244,389219,1595,722,406,1712,3692.17,231.46
高雄市,苓雅區,苓洲里,487,612401,1257,650,354,1304,2601.42,206.87
高雄市,苓雅區,苓昇里,333,247616,744,588,307,992,655.63,88.17
高雄市,苓雅區,苓雅里,474,424729,896,599,356,1075,1051.98,117.40
高雄市,苓雅區,苓中里,503,433738,862,556,326,966,1784.12,206.90
高雄市,苓雅區,苓東里,432,424150,982,571,311,963,2484.36,253.03
高雄市,苓雅區,城東里,723,704837,975,665,397,1182,1214.21,124.55
高雄市,苓雅區,城北里,469,464338,990,636,328,1098,1470.60,148.54
高雄市,苓雅區,城西里,155,100701,650,465,316,796,572.79,88.16
高雄市,苓雅區,意誠里,1123,888708,791,568,319,968,931.81,117.75
高雄市,苓雅區,鼓中里,309,244177,790,601,299,994,764.09,96.69
高雄市,苓雅區,田西里,430,412356,959,608,318,1127,1355.93,141.39
高雄市,苓雅區,日中里,747,726789,973,623,373,1171,1055.17,108.45
高雄市,苓雅區,美田里,381,324069,851,602,300,1112,927.88,109.09
高雄市,苓雅區,林西里,540,448310,830,560,346,977,828.02,99.74
高雄市,苓雅區,林南里,1116,1441137,1291,764,415,1423,3125.71,242.05
高雄市,苓雅區,林德里,600,700321,1167,703,386,1476,1383.03,118.49
高雄市,苓雅區,福海里,334,266352,797,620,367,998,659.42,82.69
高雄市,苓雅區,福南里,499,395817,793,564,313,994,881.50,111.13
高雄市,苓雅區,福西里,477,303742,637,514,313,772,536.91,84.32
高雄市,苓雅區,福東里,811,581874,717,563,334,939,630.88,87.93
高雄市,苓雅區,五福里,1176,957597,814,578,330,964,1526.58,187.48
高雄市,苓雅區,仁政里,493,529397,1074,667,332,1257,1735.28,161.60
高雄市,苓雅區,凱旋里,678,790077,1165,721,355,1373,1592.45,136.65
高雄市,苓雅區,人和里,580,577682,996,605,321,1166,1645.84,165.24
高雄市,苓雅區,和煦里,658,644342,979,631,352,1154,1303.79,133.14
高雄市,苓雅區,普照里,1111,1534911,1382,696,389,1313,5014.76,362.98
高雄市,苓雅區,晴朗里,430,518332,1205,686,329,1405,1711.35,141.97
高雄市,苓雅區,廣澤里,580,575909,993,662,362,1188,1689.78,170.18
高雄市,苓雅區,奏捷里,493,416036,844,596,334,1068,797.00,94.44
高雄市,苓雅區,永康里,721,627338,870,634,339,1157,798.02,91.72
高雄市,苓雅區,林圍里,940,1980555,2107,777,388,1556,24074.55,1142.61
高雄市,苓雅區,林興里,360,337231,937,610,356,973,3254.13,347.38
高雄市,苓雅區,林靖里,576,520482,904,661,377,1201,810.35,89.68
高雄市,苓雅區,同慶里,799,1070666,1340,877,464,1634,1488.22,111.06
高雄市,苓雅區,福隆里,784,641829,819,605,357,1007,796.95,97.35
高雄市,苓雅區,福康里,546,403402,739,596,357,982,610.47,82.63
高雄市,苓雅區,福人里,597,461140,772,602,340,980,758.83,98.24
高雄市,苓雅區,福地里,776,558381,720,559,342,870,619.24,86.06
高雄市,苓雅區,福居里,743,518882,698,528,329,890,626.90,89.77
高雄市,苓雅區,五權里,691,604148,874,603,357,1054,1137.92,130.15
高雄市,苓雅區,正義里,873,1027337,1177,743,396,1434,1253.43,106.51
高雄市,苓雅區,福壽里,428,397563,929,524,312,959,2411.24,259.58
高雄市,苓雅區,林中里,1026,916411,893,626,340,1084,1052.49,117.83
高雄市,苓雅區,華堂里,996,894567,898,615,346,1077,1216.31,135.42
高雄市,苓雅區,朝陽里,505,412448,817,597,355,1056,735.59,90.07
高雄市,苓雅區,林華里,893,818359,916,613,366,1070,2546.86,277.92
高雄市,苓雅區,林榮里,1417,1231883,869,590,348,1044,1046.40,120.36
高雄市,苓雅區,正心里,1315,1169789,890,624,358,1096,930.32,104.58
高雄市,苓雅區,福祥里,351,256006,729,547,320,934,644.44,88.36
高雄市,苓雅區,安祥里,913,1224052,1341,736,362,1440,2385.07,177.90
高雄市,苓雅區,中正里,1092,2281515,2089,769,401,1547,26815.48,1283.47
高雄市,苓雅區,普天里,1150,1248193,1085,656,366,1307,1525.20,140.52
高雄市,苓雅區,林富里,733,1359516,1855,820,444,1733,5309.20,286.25
高雄市,苓雅區,民主里,1296,1134415,875,624,360,1140,819.90,93.67
高雄市,苓雅區,正仁里,800,645295,807,599,338,997,817.60,101.36
高雄市,苓雅區,林貴里,642,634910,989,665,368,1347,984.83,99.58
高雄市,苓雅區,正大里,1701,1565566,920,637,371,1107,999.77,108.63
高雄市,苓雅區,光華里,167,130588,782,602,373,889,758.33,96.98
高雄市,苓雅區,正道里,1404,1126928,803,598,349,1004,763.78,95.16
高雄市,苓雅區,衛武里,585,403217,689,540,297,878,646.16,93.75
高雄市,苓雅區,英明里,638,517790,812,560,327,1010,907.75,111.85
高雄市,苓雅區,林泉里,747,867449,1161,789,441,1556,1177.89,101.43
高雄市,苓雅區,尚義里,538,633624,1178,730,386,1321,1605.91,136.36
高雄市,苓雅區,林安里,493,472563,959,678,416,1276,935.30,97.58
高雄市,苓雅區,正文里,706,643032,911,622,353,1137,1457.67,160.04
高雄市,苓雅區,正言里,984,844913,859,603,341,1073,957.19,111.48
高雄市,苓雅區,文昌里,1224,915108,748,568,336,964,644.74,86.24
高雄市,苓雅區,建軍里,581,429878,740,551,312,909,668.91,90.41
高雄市,前鎮區,鎮北里,284,200691,707,510,308,882,767.78,108.65
高雄市,前鎮區,草衙里,2516,1709144,679,529,325,856,615.85,90.66
高雄市,前鎮區,前鎮里,337,242836,721,530,328,1001,578.58,80.29
高雄市,前鎮區,興邦里,1020,970039,951,750,429,1218,800.32,84.15
高雄市,前鎮區,興化里,157,134722,858,530,359,892,1590.98,185.41
高雄市,前鎮區,鎮中里,194,128186,661,483,331,785,532.57,80.60
高雄市,前鎮區,振興里,788,864072,1097,719,374,1260,1521.81,138.78
高雄市,前鎮區,西甲里,649,646063,995,672,362,1227,1021.05,102.57
高雄市,前鎮區,竹內里,823,658499,800,604,359,1047,715.82,89.46
高雄市,前鎮區,西山里,1192,1118326,938,603,360,1169,1693.49,180.51
高雄市,前鎮區,良和里,1013,1061805,1048,705,358,1339,1210.36,115.47
高雄市,前鎮區,建隆里,411,679266,1653,864,390,2005,3866.31,233.94
高雄市,前鎮區,興中里,914,754007,825,561,324,936,1072.55,130.01
高雄市,前鎮區,忠誠里,673,494996,736,681,394,964,469.97,63.90
高雄市,前鎮區,忠純里,1472,1057095,718,580,338,941,586.88,81.72
高雄市,前鎮區,瑞竹里,460,382786,832,620,370,1105,710.94,85.43
高雄市,前鎮區,復國里,813,761102,936,636,351,1166,1036.63,110.73
高雄市,前鎮區,鎮東里,466,336320,722,559,348,946,583.75,80.88
高雄市,前鎮區,忠孝里,949,1013798,1068,662,349,1243,1436.67,134.48
高雄市,前鎮區,仁愛里,302,204045,676,513,306,786,718.01,106.27
高雄市,前鎮區,興仁里,139,77264,556,462,313,779,362.19,65.16
高雄市,前鎮區,信義里,355,242500,683,521,325,882,607.79,88.98
高雄市,前鎮區,平等里,543,469100,864,632,336,1074,808.54,93.59
高雄市,前鎮區,明道里,232,181429,782,545,328,888,1052.03,134.53
高雄市,前鎮區,明禮里,347,236840,683,546,363,852,588.44,86.21
高雄市,前鎮區,瑞豐里,801,662332,827,648,373,1073,771.22,93.27
高雄市,前鎮區,鎮陽里,264,187774,711,533,311,864,670.22,94.23
高雄市,前鎮區,盛興里,908,927994,1022,619,363,1121,2131.60,208.57
高雄市,前鎮區,鎮榮里,531,352119,663,529,326,902,535.77,80.80
高雄市,前鎮區,瑞南里,1316,1037246,788,587,352,982,743.58,94.34
高雄市,前鎮區,瑞崗里,731,569176,779,572,338,952,849.62,109.12
高雄市,前鎮區,瑞東里,673,478892,712,544,329,906,636.55,89.46
高雄市,前鎮區,瑞北里,845,600670,711,552,346,900,580.44,81.65
高雄市,前鎮區,瑞西里,793,601493,759,592,338,948,733.72,96.73
高雄市,前鎮區,瑞興里,742,570549,769,591,349,990,645.20,83.91
高雄市,前鎮區,瑞和里,535,401608,751,579,344,926,747.77,99.61
高雄市,前鎮區,瑞隆里,1012,783609,774,579,339,1002,699.74,90.37
高雄市,前鎮區,信德里,527,337190,640,515,333,845,541.02,84.56
高雄市,前鎮區,鎮昌里,536,386022,720,563,339,856,647.12,89.85
高雄市,前鎮區,明正里,1631,1321767,810,612,378,1042,713.20,88.01
高雄市,前鎮區,竹西里,1348,1233058,915,665,381,1163,912.26,99.73
高雄市,前鎮區,平昌里,134,88579,661,495,298,870,572.27,86.57
高雄市,前鎮區,明孝里,641,467158,729,566,343,917,666.53,91.46
高雄市,前鎮區,瑞祥里,1425,1231283,864,634,363,1095,772.39,89.39
高雄市,前鎮區,瑞平里,1112,901365,811,613,368,1025,729.63,90.01
高雄市,前鎮區,德昌里,493,312628,634,531,338,796,495.36,78.12
高雄市,前鎮區,明義里,685,507178,740,581,351,917,636.79,86.01
高雄市,前鎮區,鎮海里,1302,1069789,822,596,354,1047,740.99,90.18
高雄市,前鎮區,竹東里,719,519827,723,537,320,864,820.17,113.44
高雄市,前鎮區,竹南里,2412,2622525,1087,789,431,1422,1060.61,97.55
高雄市,前鎮區,竹北里,716,645543,902,602,340,1115,1879.78,208.49
高雄市,前鎮區,瑞誠里,777,574105,739,607,360,943,582.99,78.90
高雄市,前鎮區,瑞華里,1431,1269379,887,648,377,1134,790.06,89.07
高雄市,前鎮區,瑞昌里,930,714497,768,600,369,1011,612.87,79.77
高雄市,前鎮區,瑞文里,718,570692,795,557,339,978,1150.80,144.78
高雄市,前鎮區,竹中里,1182,1009552,854,622,345,1103,804.05,94.14
高雄市,前鎮區,民權里,1555,1680291,1081,744,388,1371,1178.79,109.09
高雄市,前鎮區,盛豐里,915,814492,890,605,356,1042,1389.48,156.09
高雄市,前鎮區,興東里,1840,1705547,927,682,369,1201,872.07,94.08
高雄市,旗津區,旗下里,278,173471,624,480,281,817,529.99,84.94
高雄市,旗津區,永安里,240,135920,566,470,300,737,419.44,74.06
高雄市,旗津區,振興里,373,251298,674,475,296,790,931.58,138.27
高雄市,旗津區,慈愛里,427,269841,632,492,290,782,587.21,92.92
高雄市,旗津區,復興里,598,380299,636,508,304,779,752.25,118.29
高雄市,旗津區,實踐里,247,137451,556,500,300,734,352.71,63.38
高雄市,旗津區,上竹里,596,415446,697,576,341,896,500.10,71.74
高雄市,旗津區,南汕里,397,273627,689,568,345,837,582.60,84.53
高雄市,旗津區,中洲里,337,221477,657,491,327,833,516.41,78.58
高雄市,旗津區,安順里,164,102715,626,513,340,768,467.79,74.69
高雄市,旗津區,中興里,615,416998,678,520,330,822,576.14,84.97
高雄市,旗津區,北汕里,529,305684,578,464,272,713,505.38,87.46
高雄市,旗津區,中華里,320,198008,619,484,292,714,699.46,113.04
高雄市,小港區,小港里,707,591430,837,593,363,1073,786.24,93.99
高雄市,小港區,港墘里,582,516724,888,620,362,1175,949.61,106.96
高雄市,小港區,鳳宮里,672,531072,790,610,375,1070,628.86,79.57
高雄市,小港區,店鎮里,1894,1597734,844,616,363,1109,772.77,91.61
高雄市,小港區,山東里,980,777931,794,604,362,1037,681.03,85.79
高雄市,小港區,孔宅里,1212,880823,727,574,344,927,610.78,84.04
高雄市,小港區,高松里,1110,837462,754,596,361,952,600.59,79.60
高雄市,小港區,大坪里,739,567933,769,605,375,983,595.14,77.44
高雄市,小港區,坪頂里,1528,1174432,769,604,356,1003,667.33,86.82
高雄市,小港區,鳳森里,647,518968,802,644,378,1072,620.22,77.32
高雄市,小港區,鳳林里,857,655677,765,587,355,998,590.54,77.19
高雄市,小港區,鳳興里,697,523891,752,597,367,981,581.18,77.32
高雄市,小港區,鳳源里,1036,798482,771,613,383,1002,570.37,74.00
高雄市,小港區,鳳鳴里,834,635685,762,620,362,991,578.72,75.93
高雄市,小港區,青島里,624,457662,733,571,347,988,558.53,76.15
高雄市,小港區,濟南里,1304,1089204,835,655,384,1114,652.30,78.09
高雄市,小港區,港口里,1271,1340398,1055,689,394,1376,1031.63,97.82
高雄市,小港區,港興里,722,605775,839,607,373,1135,675.40,80.50
高雄市,小港區,二苓里,1216,1009211,830,620,378,1036,741.82,89.38
高雄市,小港區,大苓里,847,682907,806,579,350,1020,722.99,89.67
高雄市,小港區,中厝里,920,658981,716,539,339,918,613.39,85.64
高雄市,小港區,山明里,3229,2540296,787,613,374,1020,606.85,77.14
高雄市,小港區,廈莊里,906,710969,785,630,367,1007,710.16,90.50
高雄市,小港區,桂林里,2266,1776019,784,604,361,1015,646.43,82.48
高雄市,小港區,龍鳳里,888,727651,819,645,384,1062,664.53,81.10
高雄市,小港區,港南里,599,526620,879,667,381,1196,712.34,81.02
高雄市,小港區,港明里,940,689536,734,566,343,933,606.07,82.62
高雄市,小港區,港后里,749,609912,814,618,372,1052,779.15,95.68
高雄市,小港區,港正里,913,784365,859,664,395,1146,759.52,88.41
高雄市,小港區,合作里,700,519812,743,584,349,982,567.87,76.47
高雄市,小港區,松山里,1107,958869,866,685,401,1151,671.04,77.47
高雄市,小港區,松金里,808,643737,797,572,364,933,1079.46,135.49
高雄市,小港區,泰山里,1106,1024540,926,737,416,1170,1297.44,140.06
高雄市,小港區,三苓里,864,705000,816,625,346,1099,672.70,82.44
高雄市,小港區,正苓里,1296,1051498,811,578,350,1027,781.18,96.28
高雄市,小港區,順苓里,1424,1103759,775,603,351,998,653.03,84.25
高雄市,小港區,宏亮里,1014,825316,814,612,374,1087,684.02,84.04
高雄市,小港區,六苓里,915,874837,956,738,393,1339,785.41,82.15
高雄市,鳳山區,成功里,191,153627,804,547,318,1080,796.26,99.00
高雄市,鳳山區,和德里,653,600700,920,717,389,1186,858.16,93.29
高雄市,鳳山區,和興里,1483,1288674,869,621,361,1080,1188.32,136.75
高雄市,鳳山區,南興里,266,223367,840,574,314,1014,986.41,117.47
高雄市,鳳山區,鎮南里,1411,1269817,900,590,361,977,2596.62,288.53
高雄市,鳳山區,興仁里,1023,807155,789,624,372,1024,639.17,81.01
高雄市,鳳山區,鳳崗里,373,330466,886,642,393,1079,1013.56,114.40
高雄市,鳳山區,曹公里,651,587280,902,654,359,1146,875.16,97.01
高雄市,鳳山區,鎮北里,2025,1605546,793,618,383,977,692.24,87.31
高雄市,鳳山區,縣衙里,243,195829,806,620,343,1039,1079.51,133.95
高雄市,鳳山區,文山里,1762,1525564,866,630,372,1048,1122.81,129.68
高雄市,鳳山區,文英里,1030,854752,830,635,374,1069,724.71,87.33
高雄市,鳳山區,中和里,1058,941544,890,624,362,1163,853.56,95.91
高雄市,鳳山區,忠義里,1428,1346586,943,650,381,1159,1288.70,136.66
高雄市,鳳山區,誠義里,1372,1388348,1012,816,442,1398,812.99,80.34
高雄市,鳳山區,縣口里,127,108968,858,463,277,904,1794.91,209.19
高雄市,鳳山區,光明里,396,425656,1075,583,336,1052,2877.30,267.68
高雄市,鳳山區,三民里,327,293706,898,653,337,1097,854.14,95.10
高雄市,鳳山區,鎮東里,582,423522,728,575,356,912,702.90,96.59
高雄市,鳳山區,鎮西里,1417,1264525,892,587,343,1001,2507.73,281.01
高雄市,鳳山區,興中里,280,259816,928,688,390,1199,793.00,85.46
高雄市,鳳山區,中正里,858,587648,685,561,322,904,551.07,80.46
高雄市,鳳山區,新興里,425,353925,833,589,332,1067,801.25,96.22
高雄市,鳳山區,埤頂里,1766,1341329,760,595,363,976,646.22,85.08
高雄市,鳳山區,過埤里,3978,3574332,899,745,424,1182,698.77,77.77
高雄市,鳳山區,生明里,581,433311,746,560,324,957,639.42,85.74
高雄市,鳳山區,誠德里,518,390481,754,571,362,956,629.13,83.46
高雄市,鳳山區,瑞竹里,1406,1126467,801,586,351,1002,757.89,94.60
高雄市,鳳山區,老爺里,1987,1442558,726,570,340,959,581.68,80.12
高雄市,鳳山區,五福里,913,730766,800,615,358,1008,764.31,95.49
高雄市,鳳山區,海光里,891,620172,696,558,337,915,548.60,78.82
高雄市,鳳山區,協和里,1180,1079471,915,689,396,1241,895.85,97.93
高雄市,鳳山區,忠誠里,946,753621,797,608,385,1007,681.06,85.49
高雄市,鳳山區,北門里,1052,743034,706,567,332,880,674.40,95.48
高雄市,鳳山區,富甲里,463,307443,664,537,334,787,524.15,78.94
高雄市,鳳山區,南成里,2432,2007092,825,639,382,1067,673.55,81.61
高雄市,鳳山區,東門里,1439,1039598,722,562,349,904,616.16,85.29
高雄市,鳳山區,一甲里,993,704711,710,565,334,930,562.63,79.28
高雄市,鳳山區,正義里,1752,1337994,764,575,361,937,664.93,87.07
高雄市,鳳山區,武漢里,1448,1150732,795,591,355,1010,722.34,90.89
高雄市,鳳山區,新甲里,888,729176,821,623,379,1084,653.27,79.56
高雄市,鳳山區,福興里,1649,1162082,705,555,340,906,567.66,80.55
高雄市,鳳山區,福誠里,1190,1058675,890,668,390,1127,904.07,101.62
高雄市,鳳山區,瑞興里,1388,1195941,862,645,374,1083,1355.59,157.33
高雄市,鳳山區,國泰里,1169,879987,753,583,358,996,651.78,86.58
高雄市,鳳山區,新強里,1612,1486905,922,682,389,1188,939.04,101.80
高雄市,鳳山區,天興里,1008,770428,764,548,351,907,1197.92,156.73
高雄市,鳳山區,鳳東里,1757,1533930,873,673,378,1144,749.86,85.89
高雄市,鳳山區,忠孝里,1648,1361461,826,594,361,1043,850.38,102.94
高雄市,鳳山區,文德里,2950,3141503,1065,735,403,1298,1182.54,111.04
高雄市,鳳山區,文華里,2511,2293319,913,657,366,1117,937.03,102.60
高雄市,鳳山區,國光里,1057,723802,685,524,336,865,576.88,84.25
高雄市,鳳山區,國隆里,758,511277,675,531,333,861,509.33,75.51
高雄市,鳳山區,新富里,1204,921187,765,580,340,969,713.15,93.21
高雄市,鳳山區,大德里,1307,1021027,781,615,376,1000,652.64,83.54
高雄市,鳳山區,武松里,737,565460,767,566,342,935,751.23,97.91
高雄市,鳳山區,文衡里,1388,1359526,979,740,436,1203,990.01,101.07
高雄市,鳳山區,文福里,3002,2785198,928,698,403,1170,942.91,101.63
高雄市,鳳山區,誠信里,568,408707,720,581,337,899,569.49,79.14
高雄市,鳳山區,誠智里,758,568319,750,574,354,956,620.62,82.78
高雄市,鳳山區,國富里,880,773636,879,705,404,1191,651.51,74.11
高雄市,鳳山區,武慶里,741,590321,797,600,379,953,787.51,98.85
高雄市,鳳山區,海洋里,1170,1018408,870,614,359,1078,913.41,104.94
高雄市,鳳山區,新武里,660,503048,762,564,346,969,638.48,83.77
高雄市,鳳山區,新樂里,1388,1253923,903,657,384,1145,944.70,104.57
高雄市,鳳山區,新泰里,1233,1073462,871,663,392,1135,730.54,83.91
高雄市,鳳山區,中崙里,721,529845,735,577,371,954,550.75,74.95
高雄市,鳳山區,中榮里,1121,774428,691,548,331,883,552.45,79.97
高雄市,鳳山區,中民里,1192,838340,703,555,332,914,563.13,80.07
高雄市,鳳山區,二甲里,1376,1051435,764,583,355,943,668.89,87.54
高雄市,鳳山區,龍成里,831,623960,751,591,364,933,608.24,81.01
高雄市,鳳山區,富榮里,727,595359,819,638,374,1042,743.35,90.77
高雄市,鳳山區,善美里,1639,1413474,862,575,351,974,3391.91,393.31
高雄市,鳳山區,南和里,732,586351,801,595,350,985,1454.73,181.61
高雄市,鳳山區,福祥里,808,706823,875,579,343,965,2423.07,276.99
高雄市,鳳山區,保安里,1899,1785173,940,756,441,1193,943.48,100.36
高雄市,鳥松區,鳥松里,3230,6126761,1897,779,419,1406,23735.33,1251.32
高雄市,鳥松區,夢裡里,1587,2502631,1577,805,425,1645,4138.44,262.43
高雄市,鳥松區,大華里,3471,6476859,1866,762,409,1587,12547.75,672.44
高雄市,鳥松區,仁美里,1587,1158813,730,569,342,938,640.65,87.74
高雄市,鳥松區,坔埔里,973,825809,849,581,351,994,967.37,113.98
高雄市,鳥松區,大竹里,182,137774,757,605,370,1015,596.49,78.80
高雄市,鳥松區,華美里,1072,890896,831,584,347,973,1067.24,128.42
高雄市,仁武區,仁武里,1523,1135918,746,571,341,962,638.08,85.55
高雄市,仁武區,文武里,2524,1952966,774,602,348,984,780.06,100.81
高雄市,仁武區,竹後里,565,376853,667,506,316,833,663.12,99.42
高雄市,仁武區,八卦里,4675,4093246,876,688,392,1153,714.72,81.63
高雄市,仁武區,大灣里,1125,899158,799,587,360,1004,736.42,92.14
高雄市,仁武區,灣內里,2000,1716471,858,644,384,1078,776.38,90.46
高雄市,仁武區,考潭里,745,585021,785,568,347,971,789.03,100.48
高雄市,仁武區,烏林里,941,610889,649,516,352,793,517.42,79.70
高雄市,仁武區,仁福里,162,141934,876,508,343,902,1369.64,156.33
高雄市,仁武區,高楠里,437,266278,609,471,304,752,508.66,83.48
高雄市,仁武區,後安里,645,425411,660,529,339,848,599.19,90.85
高雄市,仁武區,中華里,388,228671,589,481,342,726,420.84,71.41
高雄市,仁武區,五和里,1188,863023,726,565,356,915,574.03,79.02
高雄市,仁武區,仁和里,1144,1075723,940,688,395,1169,954.45,101.50
高雄市,仁武區,赤山里,1688,1519011,900,672,378,1122,1029.47,114.40
高雄市,仁武區,仁慈里,726,739262,1018,719,419,1266,1111.17,109.12
高雄市,大社區,大社里,1403,1093812,780,583,346,1031,663.50,85.11
高雄市,大社區,嘉誠里,193,112987,585,476,287,712,493.26,84.26
高雄市,大社區,保社里,859,667556,777,572,348,984,838.34,107.88
高雄市,大社區,翠屏里,483,356829,739,569,360,966,567.45,76.81
高雄市,大社區,三奶里,684,471579,689,527,331,910,539.59,78.27
高雄市,大社區,觀音里,1460,1124926,770,608,362,961,653.21,84.78
高雄市,大社區,神農里,1255,942693,751,580,346,1029,687.60,91.54
高雄市,大社區,中里里,823,594575,722,556,348,929,652.04,90.25
高雄市,大社區,保安里,920,683440,743,570,345,960,636.22,85.64
高雄市,大樹區,大樹里,541,371854,687,538,344,860,644.64,93.79
高雄市,大樹區,九曲里,1179,780791,662,543,342,837,507.49,76.63
高雄市,大樹區,久堂里,1065,767640,721,559,364,910,580.74,80.57
高雄市,大樹區,水安里,618,431053,697,535,335,844,1023.28,146.71
高雄市,大樹區,水寮里,556,400314,720,570,361,919,587.65,81.62
高雄市,大樹區,井腳里,314,227289,724,552,347,919,556.50,76.88
高雄市,大樹區,小坪里,326,235046,721,609,353,887,561.88,77.93
高雄市,大樹區,龍目里,343,236627,690,524,349,796,806.05,116.84
高雄市,大樹區,竹寮里,746,530633,711,545,324,863,1145.96,161.11
高雄市,大樹區,檨腳里,844,587285,696,544,346,867,574.11,82.51
高雄市,大樹區,興山里,203,127873,630,472,327,732,710.91,112.86
高雄市,大樹區,和山里,186,109156,587,499,341,701,402.27,68.55
高雄市,大樹區,姑山里,215,149564,696,587,386,882,484.96,69.71
高雄市,大樹區,大坑里,297,205287,691,541,354,852,566.30,81.93
高雄市,大樹區,三和里,205,237523,1159,603,377,1176,1656.37,142.96
高雄市,大樹區,溪埔里,395,303492,768,643,377,1016,516.92,67.28
高雄市,大樹區,興田里,395,242071,613,498,278,790,526.82,85.96
高雄市,大樹區,統嶺里,145,91112,628,505,328,812,562.12,89.46
高雄市,大寮區,大寮里,1688,1168422,692,526,330,847,648.60,93.70
高雄市,大寮區,義仁里,439,307490,700,561,351,879,608.82,86.92
高雄市,大寮區,新厝里,364,258297,710,535,345,955,544.21,76.69
高雄市,大寮區,會結里,338,247279,732,591,345,891,669.69,91.54
高雄市,大寮區,潮寮里,644,442193,687,553,350,872,508.14,74.00
高雄市,大寮區,拷潭里,370,241750,653,508,359,826,481.27,73.66
高雄市,大寮區,山頂里,1884,1367794,726,573,346,947,563.86,77.67
高雄市,大寮區,三隆里,1123,817427,728,566,337,923,603.04,82.85
高雄市,大寮區,永芳里,1848,1370092,741,550,346,885,830.18,111.98
高雄市,大寮區,昭明里,916,605965,662,533,337,858,483.24,73.05
高雄市,大寮區,內坑里,1317,1060299,805,569,342,870,3573.18,443.83
高雄市,大寮區,上寮里,582,474577,815,589,356,946,2527.89,310.01
高雄市,大寮區,會社里,1390,1046470,753,561,339,947,714.14,94.86
高雄市,大寮區,後庄里,1955,1703080,871,581,348,950,4340.32,498.23
高雄市,大寮區,翁園里,998,738975,740,613,376,957,564.44,76.23
高雄市,大寮區,琉球里,1072,791123,738,559,355,915,610.86,82.77
高雄市,大寮區,江山里,462,336800,729,584,368,923,604.04,82.86
高雄市,大寮區,溪寮里,367,276728,754,568,334,866,1162.70,154.20
高雄市,大寮區,義和里,498,344884,693,560,349,855,661.70,95.55
高雄市,大寮區,前庄里,616,455562,740,585,356,910,602.41,81.46
高雄市,大寮區,中庄里,2873,2003885,697,558,351,866,597.59,85.68
高雄市,大寮區,過溪里,671,829261,1236,529,325,821,12449.34,1007.34
高雄市,大寮區,忠義里,100,62810,628,499,313,838,487.99,77.69
高雄市,大寮區,光武里,17,8731,514,476,286,805,295.75,57.58
高雄市,大寮區,中興里,1676,1219105,727,554,337,915,628.35,86.38
高雄市,林園區,林園里,960,736648,767,599,358,975,638.05,83.15
高雄市,林園區,溪州里,1053,730323,694,574,363,904,477.50,68.85
高雄市,林園區,潭頭里,681,511824,752,594,375,952,628.53,83.63
高雄市,林園區,中厝里,700,482725,690,565,362,863,515.00,74.68
高雄市,林園區,林內里,411,290011,706,556,362,899,574.99,81.49
高雄市,林園區,王公里,1196,947360,792,630,389,1064,564.81,71.31
高雄市,林園區,林家里,344,264938,770,576,363,968,632.98,82.19
高雄市,林園區,龔厝里,539,383529,712,587,353,909,522.51,73.43
高雄市,林園區,中門里,633,465280,735,582,374,951,567.83,77.25
高雄市,林園區,頂厝里,1230,896983,729,590,372,961,520.61,71.39
高雄市,林園區,港嘴里,441,292333,663,554,343,871,443.74,66.94
高雄市,林園區,西溪里,831,535008,644,536,343,837,464.62,72.17
高雄市,林園區,中芸里,467,312968,670,575,378,845,439.65,65.60
高雄市,林園區,鳳芸里,448,316266,706,581,351,968,498.19,70.57
高雄市,林園區,東汕里,200,129300,646,556,376,804,432.90,66.96
高雄市,林園區,西汕里,138,86820,629,558,384,767,398.82,63.39
高雄市,林園區,北汕里,364,250768,689,533,345,840,620.93,90.13
高雄市,林園區,東林里,764,584420,765,632,380,976,636.87,83.26
高雄市,林園區,港埔里,443,321490,726,576,354,872,589.38,81.21
高雄市,林園區,仁愛里,883,734619,832,652,417,1063,634.49,76.27
高雄市,林園區,文賢里,589,441614,750,583,358,981,612.69,81.72
高雄市,林園區,廣應里,981,733427,748,607,386,953,545.38,72.95
高雄市,林園區,五福里,612,399004,652,530,317,832,611.68,93.82
高雄市,林園區,中汕里,504,332379,659,555,376,826,433.59,65.75
高雄市,岡山區,岡山里,1393,1209624,868,564,345,943,1772.73,204.15
高雄市,岡山區,維仁里,309,236059,764,538,331,883,784.44,102.68
高雄市,岡山區,壽天里,1098,2862132,2607,657,392,1154,29241.33,1121.79
高雄市,岡山區,後紅里,1286,1065532,829,652,369,1021,1428.04,172.35
高雄市,岡山區,程香里,1393,1127161,809,598,383,1002,727.42,89.90
高雄市,岡山區,嘉興里,1092,795862,729,554,341,916,667.16,91.54
高雄市,岡山區,華崗里,434,319693,737,533,344,882,659.13,89.48
高雄市,岡山區,潭底里,211,128931,611,519,316,787,424.33,69.44
高雄市,岡山區,石潭里,534,472111,884,618,346,1050,1142.05,129.18
高雄市,岡山區,福興里,296,201542,681,528,304,865,620.43,91.12
高雄市,岡山區,忠孝里,792,621908,785,598,350,941,783.90,99.83
高雄市,岡山區,平安里,409,330776,809,553,330,1012,844.88,104.47
高雄市,岡山區,前峰里,844,666039,789,566,359,910,1853.52,234.88
高雄市,岡山區,後協里,1702,1255956,738,569,353,932,621.35,84.20
高雄市,岡山區,竹圍里,2262,1864097,824,617,367,1053,714.95,86.76
高雄市,岡山區,協和里,1132,886773,783,578,362,949,766.82,97.89
高雄市,岡山區,劉厝里,394,310820,789,571,363,920,858.01,108.76
高雄市,岡山區,灣裡里,608,485908,799,622,357,997,845.95,105.85
高雄市,岡山區,白米里,551,389648,707,590,347,915,524.34,74.15
高雄市,岡山區,大遼里,395,274375,695,534,325,896,594.14,85.53
高雄市,岡山區,臺上里,1761,1827061,1038,611,361,1033,7505.56,723.42
高雄市,岡山區,信義里,583,473610,812,733,394,1030,606.86,74.70
高雄市,岡山區,大莊里,237,261239,1102,481,336,744,6383.06,579.08
高雄市,岡山區,嘉峰里,512,372448,727,562,355,914,600.52,82.55
高雄市,岡山區,和平里,117,92239,788,553,363,1068,657.19,83.36
高雄市,岡山區,三和里,227,143720,633,536,322,836,489.87,77.37
高雄市,岡山區,本洲里,517,419680,812,542,345,878,1068.45,131.62
高雄市,岡山區,仁壽里,1111,1126033,1014,638,390,1033,5346.04,527.47
高雄市,岡山區,協榮里,669,508797,761,595,357,1008,699.86,92.02
高雄市,岡山區,碧紅里,1253,1007526,804,610,370,1034,740.43,92.08
高雄市,岡山區,爲隨里,181,123614,683,597,373,876,488.21,71.49
高雄市,岡山區,壽峰里,777,646184,832,589,365,1016,884.98,106.41
高雄市,岡山區,仁義里,563,416569,740,602,353,1057,538.33,72.76
高雄市,茄萣區,嘉定里,244,153170,628,502,326,786,563.24,89.72
高雄市,茄萣區,嘉安里,429,242611,566,475,325,699,386.80,68.40
高雄市,茄萣區,保定里,737,443925,602,479,308,739,481.79,79.99
高雄市,茄萣區,嘉福里,204,104924,514,437,276,641,372.33,72.39
高雄市,茄萣區,福德里,218,141044,647,490,332,731,641.90,99.21
高雄市,茄萣區,和協里,250,150818,603,527,338,714,432.50,71.69
高雄市,茄萣區,萬福里,190,120823,636,445,280,807,551.52,86.73
高雄市,茄萣區,吉定里,239,158594,664,557,344,812,509.41,76.77
高雄市,茄萣區,白雲里,390,239664,615,492,316,782,454.74,74.00
高雄市,茄萣區,光定里,210,118445,564,426,283,704,461.31,81.79
高雄市,茄萣區,嘉賜里,952,615909,647,512,322,819,534.07,82.55
高雄市,茄萣區,崎漏里,960,620411,646,500,331,768,692.82,107.20
高雄市,茄萣區,大定里,253,159515,630,458,286,710,1137.15,180.36
高雄市,茄萣區,嘉泰里,267,154953,580,459,325,694,511.27,88.10
高雄市,茄萣區,嘉樂里,483,280253,580,447,308,731,429.45,74.01
高雄市,永安區,永安里,386,266244,690,542,321,888,562.60,81.57
高雄市,永安區,新港里,516,310988,603,497,295,789,445.05,73.84
高雄市,永安區,永華里,455,324221,713,544,334,861,606.18,85.07
高雄市,永安區,鹽田里,92,60057,653,515,338,764,597.27,91.50
高雄市,永安區,保寧里,681,492525,723,564,355,895,631.29,87.29
高雄市,永安區,維新里,1010,684919,678,537,324,842,579.99,85.53
高雄市,橋頭區,橋頭里,715,684584,957,730,427,1240,841.96,87.94
高雄市,橋頭區,橋南里,378,323980,857,619,345,1025,1612.57,188.15
高雄市,橋頭區,仕豐里,735,577066,785,605,366,1022,643.12,81.91
高雄市,橋頭區,仕隆里,740,657918,889,669,363,1154,881.59,99.16
高雄市,橋頭區,新莊里,686,729454,1063,705,382,1212,2684.25,252.43
高雄市,橋頭區,甲南里,740,523898,708,552,352,907,600.53,84.82
高雄市,橋頭區,甲北里,583,416578,715,546,357,890,573.12,80.21
高雄市,橋頭區,頂鹽里,353,274424,777,589,352,1021,627.48,80.72
高雄市,橋頭區,中崎里,184,130251,708,540,341,881,599.82,84.73
高雄市,橋頭區,筆秀里,454,373804,823,561,360,910,1178.76,143.17
高雄市,橋頭區,白樹里,907,715459,789,612,365,1036,680.45,86.26
高雄市,橋頭區,德松里,413,340369,824,644,369,1043,711.34,86.31
高雄市,橋頭區,東林里,739,558050,755,595,378,986,580.11,76.82
高雄市,橋頭區,西林里,431,314176,729,573,354,910,568.03,77.93
高雄市,橋頭區,芋寮里,383,303708,793,591,384,1009,657.68,82.94
高雄市,橋頭區,仕和里,1206,987190,819,586,365,1016,1472.55,179.89
高雄市,橋頭區,三德里,230,147733,642,502,346,787,466.54,72.63
高雄市,梓官區,梓義里,572,409193,715,573,336,918,563.22,78.73
高雄市,梓官區,茄苳里,592,370728,626,501,338,793,457.11,72.99
高雄市,梓官區,禮蚵里,501,321563,642,537,324,803,535.37,83.41
高雄市,梓官區,大舍里,960,618353,644,520,334,836,480.89,74.66
高雄市,梓官區,梓信里,637,449731,706,545,323,895,607.11,85.99
高雄市,梓官區,智蚵里,679,445461,656,534,320,843,496.35,75.66
高雄市,梓官區,赤崁里,483,321787,666,526,333,789,621.43,93.28
高雄市,梓官區,信蚵里,512,351911,687,482,313,760,1788.42,260.20
高雄市,梓官區,梓平里,413,297936,721,590,359,916,568.64,78.82
高雄市,梓官區,赤東里,570,340885,598,471,305,752,463.82,77.56
高雄市,梓官區,赤西里,183,113754,622,509,316,758,502.62,80.86
高雄市,梓官區,同安里,266,182963,688,537,319,901,566.71,82.39
高雄市,梓官區,中崙里,321,235703,734,591,354,996,530.02,72.18
高雄市,梓官區,梓和里,701,490065,699,543,326,854,644.63,92.21
高雄市,梓官區,典寶里,794,633381,798,565,344,922,1082.02,135.64
高雄市,梓官區,茄典里,6,3619,603,606,303,930,404.03,66.98
高雄市,田寮區,南安里,190,109835,578,456,312,736,427.19,73.90
高雄市,田寮區,田寮里,65,46824,720,651,316,896,527.54,73.23
高雄市,田寮區,三和里,57,42067,738,504,351,985,669.17,90.67
高雄市,田寮區,古亭里,80,41853,523,431,275,650,385.50,73.69
高雄市,田寮區,大同里,55,29620,539,482,316,697,348.81,64.77
高雄市,田寮區,七星里,104,72637,698,529,343,896,723.67,103.61
高雄市,田寮區,西德里,124,74433,600,452,279,831,455.70,75.92
高雄市,田寮區,崇德里,174,113966,655,501,340,823,527.23,80.50
高雄市,田寮區,新興里,313,235582,753,615,384,945,576.99,76.66
高雄市,田寮區,鹿埔里,70,32467,464,422,316,575,237.71,51.25
高雄市,阿蓮區,阿蓮里,1405,1069971,762,535,338,905,1124.51,147.66
高雄市,阿蓮區,崗山里,178,117866,662,499,306,820,519.81,78.50
高雄市,阿蓮區,復安里,427,279660,655,483,307,817,620.63,94.76
高雄市,阿蓮區,清蓮里,699,515483,737,537,326,882,775.68,105.18
高雄市,阿蓮區,港後里,566,400323,707,484,322,882,715.66,101.18
高雄市,阿蓮區,石安里,316,203288,643,504,328,749,573.54,89.15
高雄市,阿蓮區,峰山里,253,159513,630,523,328,842,415.18,65.85
高雄市,阿蓮區,青旗里,372,274692,738,490,313,838,913.25,123.68
高雄市,阿蓮區,和蓮里,566,430497,761,577,376,945,634.73,83.45
高雄市,阿蓮區,玉庫里,258,177664,689,522,346,834,730.15,106.03
高雄市,阿蓮區,中路里,498,363114,729,543,347,870,705.34,96.74
高雄市,阿蓮區,南蓮里,825,567568,688,512,311,821,846.80,123.09
高雄市,路竹區,竹東里,1160,988773,852,607,375,1034,1007.58,118.21
高雄市,路竹區,竹西里,692,513979,743,544,326,897,786.58,105.90
高雄市,路竹區,竹滬里,848,630079,743,567,363,898,779.90,104.96
高雄市,路竹區,竹園里,481,307683,640,526,316,778,502.15,78.50
高雄市,路竹區,文南里,755,640811,849,642,382,1036,877.60,103.40
高雄市,路竹區,文北里,948,699593,738,561,357,953,586.05,79.41
高雄市,路竹區,甲南里,938,648156,691,547,337,875,571.94,82.77
高雄市,路竹區,甲北里,620,451745,729,575,356,912,592.52,81.32
高雄市,路竹區,下坑里,692,493000,712,510,328,820,1411.61,198.14
高雄市,路竹區,頂寮里,291,188886,649,538,341,824,463.07,71.34
高雄市,路竹區,鴨寮里,628,495432,789,578,357,955,880.40,111.60
高雄市,路竹區,社東里,492,360935,734,545,329,892,985.89,134.39
高雄市,路竹區,社西里,647,466651,721,565,372,869,577.05,80.01
高雄市,路竹區,社中里,250,164761,659,507,343,844,476.61,72.32
高雄市,路竹區,北嶺里,397,287728,725,560,377,884,609.24,84.06
高雄市,路竹區,三爺里,295,507362,1720,511,310,974,7331.05,426.26
高雄市,路竹區,後鄉里,360,285131,792,578,364,963,737.62,93.13
高雄市,路竹區,新達里,291,196996,677,524,321,845,577.71,85.34
高雄市,路竹區,竹南里,914,1009376,1104,641,382,1134,2349.14,212.72
高雄市,路竹區,社南里,1535,1272360,829,612,374,1010,883.82,106.63
高雄市,燕巢區,東燕里,545,368280,676,502,329,793,937.98,138.81
高雄市,燕巢區,西燕里,891,637829,716,561,348,877,639.85,89.38
高雄市,燕巢區,南燕里,932,727890,781,593,373,950,797.32,102.09
高雄市,燕巢區,尖山里,228,178949,785,571,349,909,965.71,123.04
高雄市,燕巢區,金山里,101,64356,637,542,336,896,451.80,70.91
高雄市,燕巢區,鳳雄里,574,462802,806,589,357,998,1154.67,143.21
高雄市,燕巢區,深水里,573,372018,649,506,324,770,820.53,126.38
高雄市,燕巢區,角宿里,667,491704,737,542,328,868,744.98,101.06
高雄市,燕巢區,橫山里,405,278858,689,536,321,882,612.19,88.91
高雄市,燕巢區,瓊林里,575,386434,672,555,335,866,506.84,75.42
高雄市,燕巢區,安招里,873,657605,753,550,318,878,1437.23,190.80
高雄市,彌陀區,彌陀里,450,319501,710,581,336,905,664.03,93.52
高雄市,彌陀區,彌仁里,131,79158,604,503,323,769,442.28,73.19
高雄市,彌陀區,彌壽里,185,146401,791,566,361,977,661.28,83.56
高雄市,彌陀區,舊港里,346,218856,633,497,319,809,476.23,75.29
高雄市,彌陀區,過港里,219,135395,618,471,322,758,568.05,91.88
高雄市,彌陀區,漯底里,273,165371,606,478,307,780,448.92,74.11
高雄市,彌陀區,鹽埕里,485,307699,634,500,314,779,519.11,81.82
高雄市,彌陀區,南寮里,427,263595,617,523,320,751,481.19,77.95
高雄市,彌陀區,文安里,396,234866,593,468,336,746,451.75,76.17
高雄市,彌陀區,光和里,308,192694,626,511,311,752,561.75,89.79
高雄市,彌陀區,海尾里,180,107903,599,457,311,712,444.98,74.23
高雄市,彌陀區,彌靖里,483,350951,727,527,331,828,1613.14,222.01
高雄市,湖內區,湖內里,1049,746756,712,585,352,895,546.45,76.76
高雄市,湖內區,逸賢里,280,158950,568,467,287,709,437.42,77.05
高雄市,湖內區,中賢里,524,321336,613,481,314,783,480.77,78.40
高雄市,湖內區,文賢里,289,220965,765,540,338,905,896.67,117.28
高雄市,湖內區,太爺里,258,184967,717,526,311,841,651.74,90.91
高雄市,湖內區,大湖里,1141,1359066,1191,593,351,943,10161.41,853.10
高雄市,湖內區,葉厝里,766,535259,699,540,328,863,721.03,103.19
高雄市,湖內區,田尾里,329,287823,875,560,343,865,1379.81,157.72
高雄市,湖內區,海埔里,433,267979,619,495,315,786,481.04,77.73
高雄市,湖內區,劉家里,202,121294,600,515,305,805,387.55,64.54
高雄市,湖內區,公舘里,680,496505,730,599,352,968,552.31,75.64
高雄市,湖內區,海山里,279,192768,691,485,313,845,710.87,102.89
高雄市,湖內區,忠興里,149,91274,613,527,371,747,431.22,70.39
高雄市,湖內區,湖東里,746,562477,754,516,325,853,1510.41,200.32
高雄市,旗山區,大林里,240,149802,624,498,322,732,471.40,75.52
高雄市,旗山區,中正里,273,181707,666,525,344,782,513.28,77.12
高雄市,旗山區,圓富里,356,212811,598,461,296,791,510.40,85.38
高雄市,旗山區,永和里,803,566758,706,527,348,876,650.16,92.12
高雄市,旗山區,瑞吉里,461,290033,629,510,300,808,499.71,79.43
高雄市,旗山區,竹峰里,363,309324,852,604,370,1150,735.40,86.30
高雄市,旗山區,湄洲里,451,325607,722,544,312,892,668.12,92.54
高雄市,旗山區,大德里,712,507567,713,550,317,908,636.48,89.28
高雄市,旗山區,太平里,549,385105,701,515,326,845,731.60,104.30
高雄市,旗山區,東昌里,253,168576,666,512,309,874,558.22,83.78
高雄市,旗山區,東平里,428,321859,752,588,359,1010,578.31,76.90
高雄市,旗山區,廣福里,137,106985,781,578,391,872,821.43,105.19
高雄市,旗山區,三協里,466,336188,721,510,304,936,633.72,87.84
高雄市,旗山區,上洲里,188,142535,758,565,343,962,1073.55,141.60
高雄市,旗山區,鯤洲里,144,184129,1279,543,349,781,5055.11,395.34
高雄市,旗山區,大山里,271,195907,723,540,352,903,607.87,84.09
高雄市,旗山區,中洲里,129,94092,729,547,363,883,634.94,87.05
高雄市,旗山區,南洲里,265,184277,695,523,308,879,619.85,89.14
高雄市,旗山區,新光里,166,116713,703,541,369,877,590.30,83.96
高雄市,旗山區,中寮里,22,11877,540,458,245,758,432.18,80.06
高雄市,旗山區,南勝里,423,283055,669,506,286,811,609.19,91.04
高雄市,六龜區,六龜里,135,82553,612,481,289,786,460.63,75.33
高雄市,六龜區,義寶里,198,132617,670,552,348,816,543.07,81.08
高雄市,六龜區,中興里,240,158336,660,519,308,751,946.11,143.41
高雄市,六龜區,興龍里,93,44566,479,364,271,548,475.50,99.23
高雄市,六龜區,新發里,127,87080,686,464,293,723,1004.20,146.46
高雄市,六龜區,荖濃里,121,61937,512,412,268,604,396.97,77.55
高雄市,六龜區,寶來里,123,74938,609,466,251,794,486.70,79.89
高雄市,六龜區,新興里,78,52228,670,525,332,712,716.35,106.98
高雄市,六龜區,新威里,111,72808,656,554,325,867,484.28,73.83
高雄市,六龜區,新寮里,87,60869,700,516,346,947,564.97,80.75
高雄市,六龜區,文武里,199,120920,608,494,326,756,466.48,76.77
高雄市,六龜區,大津里,48,28591,596,571,393,673,365.36,61.34
高雄市,內門區,內門里,184,112087,609,486,338,778,419.43,68.85
高雄市,內門區,永富里,177,101076,571,430,294,646,602.67,105.54
高雄市,內門區,永吉里,66,43955,666,415,317,825,575.81,86.46
高雄市,內門區,內南里,68,39828,586,448,303,767,413.02,70.52
高雄市,內門區,永興里,72,37130,516,462,300,693,300.11,58.19
高雄市,內門區,中埔里,95,62671,660,509,345,867,482.14,73.08
高雄市,內門區,東埔里,85,57190,673,476,284,830,728.01,108.20
高雄市,內門區,內豐里,225,122599,545,438,283,663,424.65,77.93
高雄市,內門區,觀亭里,318,203203,639,538,329,775,508.66,79.60
高雄市,內門區,內東里,134,78887,589,443,304,722,456.40,77.53
高雄市,內門區,內興里,91,45420,499,444,275,597,333.65,66.85
高雄市,內門區,木柵里,82,46472,567,504,282,710,415.61,73.33
高雄市,內門區,溝坪里,142,77597,546,436,273,707,421.40,77.11
高雄市,內門區,石坑里,68,41772,614,502,395,777,360.47,58.68
高雄市,內門區,瑞山里,40,27422,686,485,237,885,722.65,105.41
高雄市,內門區,光興里,93,57148,614,527,271,789,494.97,80.55
高雄市,內門區,金竹里,86,44860,522,466,309,703,349.97,67.09
高雄市,內門區,三平里,90,52687,585,508,336,712,400.51,68.42
高雄市,美濃區,泰安里,390,307332,788,599,353,1088,666.64,84.60
高雄市,美濃區,瀰濃里,514,414575,807,627,384,1053,669.53,83.01
高雄市,美濃區,東門里,286,218104,763,594,351,1010,576.90,75.65
高雄市,美濃區,合和里,541,392712,726,540,334,959,654.84,90.21
高雄市,美濃區,中圳里,437,357630,818,586,366,1050,711.79,86.98
高雄市,美濃區,福安里,579,475878,822,573,369,1012,998.72,121.51
高雄市,美濃區,中壇里,454,359752,792,627,364,993,669.04,84.43
高雄市,美濃區,祿興里,542,410130,757,608,355,985,610.21,80.64
高雄市,美濃區,德興里,312,237445,761,579,355,987,628.71,82.61
高雄市,美濃區,清水里,379,272876,720,615,388,920,506.07,70.29
高雄市,美濃區,吉和里,288,203738,707,560,348,911,588.46,83.18
高雄市,美濃區,吉洋里,333,231877,696,566,391,841,578.09,83.02
高雄市,美濃區,吉東里,338,228723,677,497,314,873,630.09,93.11
高雄市,美濃區,龍肚里,302,226047,749,578,376,994,538.70,71.97
高雄市,美濃區,龍山里,415,311557,751,579,331,1010,581.16,77.41
高雄市,美濃區,獅山里,477,330698,693,560,366,900,509.43,73.48
高雄市,美濃區,廣林里,261,180432,691,557,344,902,516.30,74.68
高雄市,美濃區,廣德里,249,176933,711,539,389,894,547.65,77.07
高雄市,美濃區,興隆里,234,158027,675,537,360,858,507.47,75.14
高雄市,杉林區,上平里,289,177536,614,472,292,781,489.06,79.61
高雄市,杉林區,杉林里,86,41772,486,362,264,613,417.16,85.88
高雄市,杉林區,月眉里,306,217858,712,604,374,945,477.28,67.04
高雄市,杉林區,月美里,193,136734,708,543,345,861,589.79,83.25
高雄市,杉林區,新庄里,250,169469,678,552,347,877,498.62,73.56
高雄市,杉林區,集來里,157,91970,586,441,279,760,542.61,92.63
高雄市,杉林區,木梓里,81,45134,557,449,302,631,478.91,85.95
高雄市,杉林區,大愛里,250,131393,526,437,302,620,442.24,84.14
高雄市,甲仙區,東安里,88,57393,652,474,349,800,566.97,86.93
高雄市,甲仙區,西安里,177,123332,697,569,379,872,495.04,71.05
高雄市,甲仙區,和安里,116,77395,667,528,283,794,594.30,89.07
高雄市,甲仙區,關山里,61,31121,510,456,278,703,366.13,71.77
高雄市,甲仙區,小林里,64,33351,521,437,255,685,350.85,67.33
高雄市,甲仙區,大田里,258,131417,509,420,270,651,412.44,80.97
高雄市,甲仙區,寶隆里,109,48386,444,364,231,535,310.73,70.00
高雄市,茂林區,茂林里,163,117196,719,633,374,958,548.78,76.33
高雄市,茂林區,多納里,91,59336,652,532,365,877,475.97,73.00
高雄市,茂林區,萬山里,79,60548,766,585,377,869,663.53,86.57
高雄市,桃源區,桃源里,128,82072,641,548,353,809,419.38,65.41
高雄市,桃源區,寶山里,80,65185,815,618,404,927,858.67,105.38
高雄市,桃源區,建山里,113,69300,613,586,339,820,389.33,63.48
高雄市,桃源區,高中里,92,67691,736,634,412,830,515.25,70.03
高雄市,桃源區,勤和里,30,18362,612,620,473,806,296.03,48.37
高雄市,桃源區,復興里,44,30453,692,592,409,951,407.70,58.91
高雄市,桃源區,拉芙蘭里,45,31960,710,718,391,924,388.45,54.69
高雄市,桃源區,梅山里,41,26587,648,550,353,819,453.56,69.94
高雄市,那瑪夏區,南沙魯里,84,47969,571,432,271,639,641.95,112.41
高雄市,那瑪夏區,瑪雅里,109,87315,801,722,427,1034,507.58,63.36
高雄市,那瑪夏區,達卡努瓦,194,131113,676,596,381,867,450.24,66.62
新北市,新莊區,海山里,1678,1348723,804,562,339,993,914.66,113.80
新北市,新莊區,全安里,1384,1230124,889,609,354,1073,1356.40,152.61
新北市,新莊區,文衡里,666,590686,887,621,361,1088,856.06,96.52
新北市,新莊區,興漢里,1146,1025290,895,582,347,1006,2015.55,225.29
新北市,新莊區,榮和里,935,859690,919,532,314,948,3831.08,416.67
新北市,新莊區,文德里,535,474027,886,632,381,1135,852.43,96.21
新北市,新莊區,文明里,546,570116,1044,638,361,1162,1847.01,176.89
新北市,新莊區,中港里,2016,1801066,893,586,359,1058,1431.13,160.19
新北市,新莊區,頭前里,2195,2543846,1159,677,370,1267,2523.66,217.76
新北市,新莊區,丹鳳里,2360,1713812,726,551,347,893,788.56,108.59
新北市,新莊區,西盛里,3400,2791382,821,598,368,1006,906.45,110.41
新北市,新莊區,瓊林里,1668,1239951,743,547,332,921,747.41,100.54
新北市,新莊區,營盤里,813,656441,807,543,289,960,1088.13,134.76
新北市,新莊區,後港里,2239,1678546,750,553,335,943,681.84,90.95
新北市,新莊區,國泰里,494,377945,765,518,303,835,1264.80,165.32
新北市,新莊區,立人里,741,798019,1077,684,374,1296,1323.99,122.94
新北市,新莊區,恆安里,1345,1184149,880,607,363,1098,945.86,107.43
新北市,新莊區,思源里,1659,1361742,821,588,357,972,952.41,116.03
新北市,新莊區,化成里,1164,964528,829,563,337,949,941.98,113.68
新北市,新莊區,福基里,1355,1405477,1037,663,364,1264,1281.93,123.59
新北市,新莊區,思賢里,1299,1061830,817,595,363,1021,771.93,94.43
新北市,新莊區,中美里,1668,1338274,802,575,354,963,797.71,99.42
新北市,新莊區,中和里,1412,1103461,781,550,331,895,834.22,106.75
新北市,新莊區,中泰里,1220,841483,690,518,336,872,665.98,96.56
新北市,新莊區,立言里,1698,1402316,826,586,357,1017,783.85,94.91
新北市,新莊區,立功里,1002,665236,664,521,335,831,566.62,85.35
新北市,新莊區,立德里,840,815981,971,644,363,1147,1438.51,148.09
新北市,新莊區,豐年里,1115,810836,727,529,334,874,941.19,129.42
新北市,新莊區,忠孝里,1522,1214630,798,570,345,984,772.84,96.84
新北市,新莊區,立志里,1152,916101,795,555,358,921,978.24,123.01
新北市,新莊區,中誠里,671,793264,1182,531,330,914,7165.19,606.08
新北市,新莊區,自立里,1487,1112824,748,545,339,904,866.90,115.84
新北市,新莊區,自強里,649,396555,611,483,313,717,509.80,83.43
新北市,新莊區,幸福里,1249,777766,623,503,324,779,482.26,77.45
新北市,新莊區,仁愛里,758,477193,630,498,336,782,490.66,77.94
新北市,新莊區,信義里,1619,1220467,754,539,349,902,774.12,102.69
新北市,新莊區,龍鳳里,2708,2525732,933,668,401,1187,1036.85,111.17
新北市,新莊區,民安里,1774,1369993,772,572,357,970,707.66,91.63
新北市,新莊區,光華里,2075,1547912,746,557,355,904,843.36,113.05
新北市,新莊區,富國里,733,479818,655,530,317,815,531.88,81.25
新北市,新莊區,裕民里,1923,1376309,716,528,332,874,841.00,117.51
新北市,新莊區,南港里,1653,1178547,713,556,346,873,624.81,87.63
新北市,新莊區,萬安里,1202,799557,665,524,337,803,679.26,102.12
新北市,新莊區,八德里,917,609606,665,516,341,801,583.91,87.83
新北市,新莊區,民本里,859,520477,606,496,337,744,452.52,74.68
新北市,新莊區,光榮里,1267,910037,718,550,340,904,611.14,85.09
新北市,新莊區,光明里,1293,896525,693,532,331,857,663.24,95.65
新北市,新莊區,合鳳里,1284,822966,641,506,331,780,609.84,95.15
新北市,新莊區,雙鳳里,3334,3113347,934,680,390,1142,1053.39,112.80
新北市,新莊區,和平里,1548,1096190,708,529,346,863,629.31,88.87
新北市,新莊區,自信里,738,605822,821,584,352,975,899.50,109.57
新北市,新莊區,全泰里,1773,1630431,920,622,372,1131,1349.52,146.75
新北市,新莊區,立泰里,1599,1278790,800,574,353,1012,910.89,113.90
新北市,新莊區,立基里,2068,2052167,992,631,370,1189,1540.34,155.22
新北市,新莊區,中宏里,1151,951966,827,593,380,997,824.90,99.74
新北市,新莊區,中全里,1054,731689,694,505,329,801,924.20,133.13
新北市,新莊區,中華里,845,799001,946,647,382,1177,917.38,97.02
新北市,新莊區,中隆里,1362,1309688,962,649,374,1137,1365.36,141.99
新北市,新莊區,中原里,2936,2663472,907,628,368,1081,1127.82,124.32
新北市,新莊區,中信里,2630,2233597,849,599,376,1041,872.40,102.72
新北市,新莊區,仁義里,1063,678631,638,510,317,815,523.19,81.95
新北市,新莊區,建福里,877,558799,637,495,337,791,526.76,82.67
新北市,新莊區,四維里,1266,839119,663,531,346,819,560.86,84.62
新北市,新莊區,文聖里,1265,1107296,875,623,372,1064,910.10,103.97
新北市,新莊區,福營里,861,660385,767,523,312,894,937.92,122.28
新北市,新莊區,後德里,1055,974188,923,583,353,1059,1753.43,189.89
新北市,新莊區,建安里,2064,1616774,783,587,351,1008,672.69,85.88
新北市,新莊區,龍安里,697,465761,668,521,339,820,571.08,85.46
新北市,新莊區,昌平里,1618,1696852,1049,718,414,1260,1226.93,116.99
新北市,新莊區,昌明里,1105,907492,821,550,348,1018,922.98,112.39
新北市,新莊區,成德里,1448,996928,688,530,337,836,604.90,87.86
新北市,新莊區,福興里,1770,1499998,847,584,353,1029,1069.46,126.20
新北市,新莊區,昌信里,1124,1084116,965,686,391,1168,1087.25,112.73
新北市,新莊區,昌隆里,1406,1294900,921,651,375,1157,909.10,98.71
新北市,新莊區,中平里,2666,2774744,1041,720,432,1309,1555.51,149.46
新北市,新莊區,立廷里,3558,4062222,1142,830,455,1468,1237.33,108.37
新北市,新莊區,泰豐里,689,537853,781,573,358,981,728.91,93.37
新北市,新莊區,富民里,1085,759095,700,549,329,895,578.81,82.73
新北市,新莊區,龍福里,655,499966,763,597,376,1002,580.93,76.11
新北市,新莊區,祥鳳里,677,507247,749,560,352,966,643.86,85.93
新北市,新莊區,民全里,1138,898556,790,601,369,941,794.26,100.59
新北市,新莊區,民有里,1178,850224,722,549,356,939,581.43,80.56
新北市,新莊區,光正里,1258,977291,777,571,356,943,771.70,99.34
新北市,新莊區,光和里,770,469055,609,495,325,781,427.13,70.12
新北市,林口區,東林里,1292,963929,746,541,348,862,872.29,116.92
新北市,林口區,林口里,1549,1219244,787,578,338,986,780.15,99.11
新北市,林口區,西林里,2699,3161992,1172,727,400,1417,1802.53,153.86
新北市,林口區,湖北里,420,349318,832,596,372,1034,752.37,90.46
新北市,林口區,菁湖里,1449,1611029,1112,683,360,1289,1624.75,146.13
新北市,林口區,湖南里,5868,7100520,1210,852,469,1495,1441.54,119.13
新北市,林口區,南勢里,5338,7431204,1392,973,504,1757,1719.54,123.52
新北市,林口區,頂福里,303,223815,739,531,336,844,914.55,123.81
新北市,林口區,下福里,391,297379,761,525,338,916,979.81,128.83
新北市,林口區,嘉寶里,233,175220,752,552,323,894,759.75,101.03
新北市,林口區,瑞平里,203,142551,702,535,360,827,735.21,104.70
新北市,林口區,太平里,396,262298,662,530,327,827,557.41,84.15
新北市,林口區,中湖里,1028,941202,916,615,374,1079,1540.18,168.22
新北市,林口區,東勢里,1863,1895622,1018,652,372,1251,1374.26,135.06
新北市,林口區,仁愛里,2079,2715048,1306,836,445,1645,2022.82,154.89
新北市,林口區,麗林里,2545,3061492,1203,852,475,1560,1254.93,104.32
新北市,林口區,麗園里,1220,1287945,1056,621,372,1174,2012.87,190.67
新北市,五股區,興珍里,1643,1571346,956,519,316,881,4440.59,464.31
新北市,五股區,更寮里,343,222651,649,504,289,777,607.69,93.62
新北市,五股區,集福里,1023,719716,704,547,326,877,643.01,91.40
新北市,五股區,觀音里,293,197459,674,518,322,828,610.64,90.61
新北市,五股區,成州里,1433,949458,663,509,318,831,587.01,88.60
新北市,五股區,五股里,1125,843875,750,529,329,846,874.31,116.56
新北市,五股區,五龍里,388,275730,711,484,280,833,838.60,118.01
新北市,五股區,德音里,1561,2443896,1566,637,367,1140,11120.25,710.29
新北市,五股區,貿商里,772,613101,794,604,349,1027,706.96,89.02
新北市,五股區,陸一里,478,356378,746,569,343,908,744.02,99.79
新北市,五股區,成功里,1499,1027683,686,519,327,824,734.96,107.20
新北市,五股區,五福里,1043,666111,639,494,316,786,594.76,93.13
新北市,五股區,成德里,729,480804,660,512,336,787,661.45,100.29
新北市,五股區,德泰里,1243,1861648,1498,610,368,995,19452.23,1298.80
新北市,五股區,六福里,1064,750089,705,542,353,854,592.75,84.08
新北市,五股區,集賢里,988,633973,642,513,327,800,533.69,83.17
新北市,五股區,民義里,911,728820,800,552,350,924,1165.55,145.69
新北市,五股區,成泰里,1743,1368655,785,575,355,947,845.61,107.69
新北市,五股區,水碓里,2219,1754831,791,558,353,928,1177.56,148.90
新北市,五股區,福德里,865,630052,728,570,354,939,553.63,76.01
新北市,蘆洲區,樓厝里,1813,1504591,830,589,364,1004,928.65,111.90
新北市,蘆洲區,保和里,739,540668,732,517,316,867,885.86,121.08
新北市,蘆洲區,得勝里,916,794997,868,511,333,862,2972.83,342.53
新北市,蘆洲區,仁復里,574,490548,855,581,319,989,1186.03,138.78
新北市,蘆洲區,溪墘里,914,673331,737,550,336,917,765.08,103.85
新北市,蘆洲區,中路里,1152,814047,707,556,344,898,592.01,83.78
新北市,蘆洲區,正義里,3593,4195222,1168,815,455,1521,1385.98,118.70
新北市,蘆洲區,水湳里,2960,2593623,876,605,360,1062,1477.71,168.65
新北市,蘆洲區,保佑里,1037,746012,719,529,325,873,818.85,113.83
新北市,蘆洲區,樹德里,958,963509,1006,561,342,936,5405.49,537.46
新北市,蘆洲區,中原里,1530,1207249,789,553,331,970,804.16,101.92
新北市,蘆洲區,恆德里,1810,1553326,858,612,366,1035,885.98,103.24
新北市,蘆洲區,光華里,1425,1129412,793,556,347,929,871.13,109.91
新北市,蘆洲區,鷺江里,1545,1468279,950,588,371,1039,1618.53,170.31
新北市,蘆洲區,南港里,1536,1130781,736,564,341,913,672.53,91.35
新北市,蘆洲區,永樂里,1665,1334823,802,564,351,966,1034.52,129.04
新北市,蘆洲區,永康里,1895,1449425,765,593,353,952,651.86,85.23
新北市,蘆洲區,信義里,1155,773472,670,525,339,792,701.73,104.79
新北市,蘆洲區,玉清里,1681,1506988,896,611,358,1080,1244.73,138.85
新北市,蘆洲區,復興里,978,655462,670,527,344,832,552.02,82.37
新北市,蘆洲區,水河里,2526,1915889,758,570,367,932,676.73,89.22
新北市,蘆洲區,仁愛里,1491,1142052,766,576,364,915,729.17,95.20
新北市,蘆洲區,忠義里,862,629706,731,546,344,884,796.72,109.06
新北市,蘆洲區,九芎里,1444,1026479,711,533,327,909,638.18,89.78
新北市,蘆洲區,中華里,942,722101,767,528,329,881,899.10,117.29
新北市,蘆洲區,得仁里,931,662854,712,522,330,846,665.77,93.51
新北市,蘆洲區,仁德里,1622,1264514,780,541,342,865,1136.17,145.74
新北市,蘆洲區,仁義里,1188,1025016,863,589,354,1013,895.76,103.82
新北市,蘆洲區,光明里,1323,1066627,806,582,365,963,996.10,123.55
新北市,蘆洲區,保新里,701,466604,666,518,334,808,577.64,86.78
新北市,蘆洲區,長安里,1298,942975,726,547,348,851,870.99,119.89
新北市,蘆洲區,民和里,771,542735,704,500,328,801,756.10,107.41
新北市,蘆洲區,忠孝里,722,538820,746,554,339,889,701.89,94.05
新北市,蘆洲區,福安里,920,705240,767,556,351,921,855.99,111.67
新北市,蘆洲區,永安里,1434,1087944,759,559,350,879,973.94,128.37
新北市,蘆洲區,延平里,1057,795342,752,572,351,942,670.84,89.15
新北市,蘆洲區,成功里,1986,1551557,781,562,347,942,792.13,101.39
新北市,蘆洲區,永德里,1220,893406,732,560,323,902,1331.18,181.78
新北市,三重區,二重里,472,285040,604,498,325,731,487.88,80.79
新北市,三重區,五谷里,607,485990,801,603,354,907,855.28,106.82
新北市,三重區,德厚里,107,74220,694,513,307,816,621.48,89.60
新北市,三重區,福祉里,1780,1741242,978,646,363,1178,2016.10,206.10
新北市,三重區,過田里,2062,1804595,875,594,358,1073,1261.50,144.14
新北市,三重區,溪美里,2281,1800930,790,584,367,995,692.82,87.75
新北市,三重區,厚德里,1042,906378,870,607,375,1051,948.08,108.99
新北市,三重區,慈化里,703,495244,704,539,355,872,560.21,79.52
新北市,三重區,永安里,1114,852774,766,568,339,963,730.47,95.42
新北市,三重區,六合里,1048,720129,687,534,316,842,598.16,87.05
新北市,三重區,福利里,723,723529,1001,647,364,1218,1344.54,134.36
新北市,三重區,永興里,406,340727,839,601,360,1038,815.26,97.14
新北市,三重區,清和里,1269,1213463,956,656,379,1233,943.25,98.64
新北市,三重區,仁德里,554,400222,722,523,339,841,1008.99,139.67
新北市,三重區,開元里,409,291045,712,540,353,853,832.36,116.97
新北市,三重區,大德里,247,181599,735,554,376,926,599.07,81.48
新北市,三重區,錦通里,413,250856,607,479,285,766,503.42,82.88
新北市,三重區,光華里,582,473052,813,620,370,951,766.55,94.31
新北市,三重區,光榮里,418,429446,1027,614,373,1132,3171.50,308.70
新北市,三重區,大園里,708,532641,752,541,336,908,849.75,112.95
新北市,三重區,長生里,253,188238,744,534,331,914,744.03,100.00
新北市,三重區,長安里,587,435525,742,532,338,867,828.41,111.65
新北市,三重區,同安里,338,199706,591,449,270,749,512.01,86.66
新北市,三重區,光明里,2264,2205576,974,613,363,1077,1608.05,165.06
新北市,三重區,菜寮里,575,438319,762,561,378,898,832.18,109.17
新北市,三重區,大同里,647,518568,801,575,340,984,829.05,103.44
新北市,三重區,長泰里,630,414104,657,492,325,819,616.23,93.75
新北市,三重區,長元里,648,446516,689,511,316,841,635.22,92.19
新北市,三重區,介壽里,334,249396,747,580,372,874,681.86,91.32
新北市,三重區,三安里,829,606161,731,531,340,874,726.01,99.29
新北市,三重區,文化里,713,609374,855,527,313,898,2166.59,253.50
新北市,三重區,正義里,561,681115,1214,552,334,957,7683.01,632.81
新北市,三重區,中正里,397,317386,799,584,353,927,825.23,103.22
新北市,三重區,仁義里,303,221926,732,535,337,905,704.04,96.12
新北市,三重區,長江里,574,489642,853,579,372,1028,1016.35,119.15
新北市,三重區,錦江里,628,418096,666,489,316,799,788.47,118.43
新北市,三重區,龍門里,520,1060669,2040,515,324,849,30337.55,1487.32
新北市,三重區,大安里,427,288711,676,506,324,802,739.70,109.40
新北市,三重區,光正里,870,985272,1132,729,428,1341,1214.58,107.25
新北市,三重區,重新里,448,329519,736,572,348,890,801.15,108.92
新北市,三重區,民生里,1172,780170,666,522,330,839,572.72,86.04
新北市,三重區,中山里,837,701528,838,530,318,962,1243.19,148.33
新北市,三重區,國隆里,773,625111,809,578,330,951,1337.74,165.42
新北市,三重區,重陽里,1034,877383,849,546,359,911,3351.64,394.99
新北市,三重區,幸福里,1296,1109667,856,538,327,886,2269.80,265.09
新北市,三重區,福安里,882,688193,780,553,357,961,746.20,95.63
新北市,三重區,信安里,628,474288,755,540,338,1002,660.55,87.46
新北市,三重區,安慶里,545,346294,635,485,312,764,554.57,87.28
新北市,三重區,順德里,564,364771,647,498,333,764,576.07,89.07
新北市,三重區,承德里,482,361769,751,583,343,942,661.66,88.16
新北市,三重區,瑞德里,573,382202,667,511,330,801,649.91,97.43
新北市,三重區,崇德里,999,689392,690,537,351,870,576.24,83.50
新北市,三重區,尚德里,885,620788,701,521,331,870,717.77,102.33
新北市,三重區,培德里,1069,979869,917,556,344,959,1683.27,183.64
新北市,三重區,自強里,525,362357,690,506,313,857,597.24,86.53
新北市,三重區,大有里,1783,1315981,738,547,341,906,691.85,93.74
新北市,三重區,頂崁里,790,701342,888,526,327,953,3126.30,352.15
新北市,三重區,谷王里,294,243704,829,599,379,1026,872.80,105.29
新北市,三重區,中興里,1295,1047538,809,556,342,967,976.56,120.73
新北市,三重區,成功里,1908,1843804,966,722,404,1296,894.17,92.53
新北市,三重區,重明里,1040,1241009,1193,673,393,1247,2656.88,222.65
新北市,三重區,光田里,1411,1209116,857,607,367,1048,886.99,103.51
新北市,三重區,田心里,1167,860730,738,534,350,900,939.86,127.43
新北市,三重區,福隆里,1355,1071030,790,594,354,1009,717.49,90.77
新北市,三重區,五常里,1189,806032,678,524,338,830,576.81,85.09
新北市,三重區,慈生里,593,385375,650,514,320,794,596.41,91.77
新北市,三重區,碧華里,2313,2746298,1187,761,406,1445,1893.98,159.52
新北市,三重區,永德里,1336,937245,702,537,333,859,615.77,87.77
新北市,三重區,永福里,1500,1059823,707,515,325,848,868.86,122.97
新北市,三重區,福星里,274,214702,784,560,334,958,858.58,109.57
新北市,三重區,錦安里,515,367033,713,522,334,835,768.01,107.76
新北市,三重區,光輝里,437,354953,812,535,341,914,952.72,117.29
新北市,三重區,同慶里,506,427276,844,621,356,1069,754.06,89.30
新北市,三重區,永春里,577,445637,772,570,350,912,706.41,91.46
新北市,三重區,中民里,358,226325,632,510,318,789,518.53,82.02
新北市,三重區,長福里,449,315453,703,527,317,878,647.98,92.23
新北市,三重區,奕壽里,531,396723,747,514,311,952,722.03,96.64
新北市,三重區,萬壽里,581,468870,807,585,369,972,785.15,97.29
新北市,三重區,中央里,431,305468,709,576,355,927,559.72,78.97
新北市,三重區,雙園里,288,447875,1555,537,325,955,10024.41,644.61
新北市,三重區,正安里,583,441290,757,545,351,884,734.73,97.07
新北市,三重區,吉利里,427,279933,656,517,343,831,529.00,80.69
新北市,三重區,忠孝里,469,348971,744,539,341,892,748.14,100.55
新北市,三重區,秀江里,352,276841,786,541,309,914,1199.82,152.56
新北市,三重區,龍濱里,885,671434,759,554,328,862,776.62,102.36
新北市,三重區,平和里,398,245354,616,472,326,749,503.69,81.71
新北市,三重區,正德里,293,211825,723,500,279,881,858.78,118.79
新北市,三重區,五福里,1109,1011412,912,638,385,1088,1071.12,117.45
新北市,三重區,富華里,951,770002,810,558,350,953,1005.33,124.16
新北市,三重區,田安里,1861,1505937,809,561,341,980,794.09,98.13
新北市,三重區,慈惠里,600,382754,638,497,343,787,541.15,84.83
新北市,三重區,慈福里,580,371427,640,491,313,755,847.09,132.28
新北市,三重區,永盛里,877,605901,691,532,338,855,705.07,102.05
新北市,三重區,福民里,1000,815602,816,555,345,906,1561.41,191.44
新北市,三重區,田中里,1926,1669351,867,563,352,975,2676.37,308.78
新北市,三重區,永清里,1550,1112660,718,545,338,897,638.99,89.02
新北市,三重區,維德里,818,581979,711,517,339,852,781.38,109.83
新北市,三重區,五華里,1527,1477303,967,622,378,1142,1500.50,155.10
新北市,三重區,永煇里,669,408374,610,499,313,744,506.82,83.03
新北市,三重區,三民里,959,772485,806,573,353,1004,776.09,96.35
新北市,三重區,錦田里,645,2231996,3460,534,327,965,49246.90,1423.13
新北市,三重區,慈祐里,1339,1031918,771,543,340,943,734.91,95.36
新北市,三重區,六福里,1614,1141003,707,554,351,868,600.75,84.98
新北市,三重區,光陽里,2071,1888842,912,598,348,1085,1436.74,157.53
新北市,三重區,福田里,1129,934432,828,537,351,907,3271.13,395.22
新北市,三重區,富福里,577,377079,654,499,300,777,599.32,91.71
新北市,三重區,仁忠里,791,485999,614,507,346,782,431.35,70.21
新北市,三重區,富貴里,1992,2534383,1272,719,402,1377,3600.11,282.97
新北市,三重區,慈愛里,943,583928,619,515,326,797,450.20,72.70
新北市,三重區,福德里,1191,1064240,894,563,341,994,2557.73,286.24
新北市,三重區,永豐里,1529,1094997,716,539,340,907,687.66,96.02
新北市,三重區,博愛里,1394,985194,707,530,329,861,645.63,91.35
新北市,三重區,永吉里,885,657167,743,547,345,918,676.19,91.06
新北市,三重區,永順里,1344,885434,659,498,331,808,632.91,96.07
新北市,三重區,永發里,1974,1654287,838,590,353,1035,952.74,113.69
新北市,三重區,立德里,977,771933,790,578,328,975,809.98,102.51
新北市,三重區,福樂里,1024,784170,766,530,331,848,1740.65,227.30
新北市,三重區,仁華里,1267,981747,775,572,351,960,875.62,113.00
新北市,三重區,五順里,982,668845,681,534,338,888,538.63,79.08
新北市,泰山區,黎明里,1023,781314,764,596,367,954,660.88,86.53
新北市,泰山區,大科里,249,185010,743,565,328,965,652.72,87.85
新北市,泰山區,山腳里,2025,1500262,741,553,353,922,720.65,97.27
新北市,泰山區,楓樹里,1263,1094962,867,600,370,1028,1655.66,190.97
新北市,泰山區,同榮里,1283,1054061,822,576,356,988,959.53,116.79
新北市,泰山區,義學里,1330,989101,744,573,351,925,657.64,88.43
新北市,泰山區,明志里,1177,937598,797,552,342,967,931.61,116.95
新北市,泰山區,貴子里,1204,1029787,855,623,335,1063,817.56,95.59
新北市,泰山區,貴和里,1626,1276963,785,591,349,967,859.07,109.39
新北市,泰山區,福泰里,827,550688,666,508,325,816,614.32,92.26
新北市,泰山區,同興里,1165,1100143,944,662,396,1216,944.13,99.98
新北市,泰山區,義仁里,2441,2159293,885,648,391,1139,826.02,93.38
新北市,泰山區,泰友里,638,456480,715,551,336,940,569.77,79.63
新北市,泰山區,新明里,1009,704460,698,547,342,920,527.88,75.61
新北市,泰山區,貴賢里,1252,1130573,903,630,374,1130,836.76,92.66
新北市,泰山區,福興里,1154,1016038,880,681,391,1148,775.17,88.04
新北市,泰山區,全興里,2847,3031030,1065,824,458,1402,940.04,88.30
新北市,新店區,張北里,2657,3115621,1173,717,392,1380,1608.26,137.15
新北市,新店區,張南里,758,912208,1203,734,374,1359,1759.23,146.18
新北市,新店區,廣明里,267,200037,749,585,356,944,633.35,84.54
新北市,新店區,江陵里,2073,3153660,1521,765,410,1659,5532.55,363.67
新北市,新店區,百忍里,1339,1218806,910,635,370,1112,942.14,103.50
新北市,新店區,青潭里,1777,1472473,829,620,369,1053,752.19,90.78
新北市,新店區,員潭里,1379,1129649,819,633,401,1074,831.77,101.54
新北市,新店區,雙坑里,154,86131,559,493,331,725,375.16,67.08
新北市,新店區,粗坑里,959,1272365,1327,692,371,1288,8492.76,640.11
新北市,新店區,屈尺里,627,459274,732,535,339,926,627.25,85.63
新北市,新店區,廣興里,292,204194,699,522,333,845,602.80,86.20
新北市,新店區,龜山里,419,391824,935,511,325,855,3882.73,415.20
新北市,新店區,直潭里,322,387817,1204,572,333,947,4666.03,387.42
新北市,新店區,塗潭里,198,119016,601,496,297,765,601.92,100.14
新北市,新店區,公崙里,3482,3345556,961,662,384,1152,1429.47,148.78
新北市,新店區,柴埕里,2728,2463808,903,638,382,1159,876.80,97.08
新北市,新店區,雙城里,1508,1042076,691,539,344,877,568.75,82.30
新北市,新店區,頂城里,371,275039,741,534,351,854,1388.86,187.34
新北市,新店區,下城里,980,2919767,2979,858,414,2161,16660.77,559.21
新北市,新店區,文中里,603,631742,1048,643,401,1274,1493.52,142.56
新北市,新店區,國校里,805,786636,977,666,370,1230,1893.99,193.82
新北市,新店區,新生里,2039,2178635,1068,692,387,1342,1193.39,111.69
新北市,新店區,中興里,1963,1992920,1015,683,377,1259,1248.80,123.00
新北市,新店區,新安里,1546,1573849,1018,699,389,1250,1159.04,113.85
新北市,新店區,文明里,733,666284,909,589,347,1063,1364.34,150.09
新北市,新店區,寶興里,1930,2678690,1388,762,400,1608,2596.15,187.05
新北市,新店區,寶安里,2020,2100313,1040,672,397,1275,1281.99,123.30
新北市,新店區,信義里,2280,2689172,1179,669,388,1334,4733.83,401.36
新北市,新店區,忠孝里,900,767503,853,616,365,1041,815.74,95.66
新北市,新店區,大鵬里,937,1015194,1083,778,410,1395,1189.94,109.83
新北市,新店區,大豐里,1270,1240303,977,651,360,1242,1389.80,142.31
新北市,新店區,明德里,1405,1510300,1075,699,390,1303,1376.01,128.01
新北市,新店區,中山里,1747,2913440,1668,1036,512,2032,2894.05,173.54
新北市,新店區,和平里,177,116475,658,507,309,839,578.55,87.92
新北市,新店區,仁愛里,716,678457,948,634,357,1130,1336.67,141.06
新北市,新店區,中正里,2091,2084558,997,676,390,1277,1081.26,108.46
新北市,新店區,美潭里,1670,1478013,885,631,376,1134,1034.78,116.92
新北市,新店區,德安里,1787,1361181,762,578,357,954,655.78,86.09
新北市,新店區,太平里,998,980935,983,642,373,1143,1933.05,196.67
新北市,新店區,中央里,2184,3912579,1791,881,417,1857,11441.63,638.67
新北市,新店區,百和里,1141,1107276,970,658,356,1222,1197.96,123.44
新北市,新店區,福德里,1261,1139230,903,637,377,1105,1128.71,124.94
新北市,新店區,福民里,1424,1550533,1089,711,394,1318,1624.87,149.23
新北市,新店區,百福里,1192,1204268,1010,684,390,1250,1095.01,108.39
新北市,新店區,國豐里,1161,1086376,936,642,373,1175,987.48,105.53
新北市,新店區,新德里,866,737783,852,601,361,1032,921.69,108.19
新北市,新店區,五峰里,2630,2909870,1106,667,370,1265,1756.97,158.80
新北市,新店區,中華里,1432,1551125,1083,670,389,1267,1441.98,133.12
新北市,新店區,忠誠里,899,881024,980,677,382,1215,1061.37,108.30
新北市,新店區,永安里,1523,1130181,742,566,351,933,750.66,101.16
新北市,新店區,新店里,558,458930,822,594,331,1092,776.53,94.42
新北市,新店區,大同里,1426,1663654,1167,683,389,1316,3382.14,289.90
新北市,新店區,玫瑰里,1807,1303263,721,549,331,918,651.08,90.27
新北市,新店區,日興里,1552,1074171,692,522,334,835,769.78,111.22
新北市,新店區,寶福里,2495,3168711,1270,693,399,1386,5671.27,446.55
新北市,新店區,安和里,2143,1930698,901,635,383,1122,915.36,101.60
新北市,新店區,明城里,1196,1332242,1114,752,415,1370,1355.84,121.72
新北市,新店區,吉祥里,1456,1353937,930,642,367,1103,1673.44,179.96
新北市,新店區,小城里,1226,1241721,1013,660,377,1213,1218.83,120.34
新北市,新店區,香坡里,3218,3305949,1027,691,399,1252,1586.98,154.48
新北市,新店區,建國里,1048,1014064,968,652,341,1234,1099.83,113.66
新北市,新店區,復興里,1095,943625,862,597,363,1048,894.55,103.80
新北市,新店區,美城里,814,722251,887,554,344,914,3744.71,422.04
新北市,新店區,安昌里,1626,1504538,925,690,406,1185,890.29,96.22
新北市,新店區,長春里,951,1521431,1600,992,464,1855,5270.38,329.44
新北市,新店區,新和里,1334,1055072,791,595,358,1007,704.78,89.11
新北市,新店區,永平里,1654,1441563,872,646,385,1128,790.98,90.75
新北市,新店區,達觀里,1299,1264410,973,671,388,1242,1161.60,119.34
新北市,新店區,華城里,963,4782120,4966,1203,557,2550,52848.22,1064.23
新北市,石碇區,石碇里,121,72716,601,490,329,775,401.32,66.78
新北市,石碇區,潭邊里,187,190111,1017,540,315,928,3527.14,346.94
新北市,石碇區,烏塗里,165,197387,1196,547,379,1055,2516.13,210.33
新北市,石碇區,豐林里,75,54829,731,478,302,755,1193.98,163.32
新北市,石碇區,隆盛里,183,116724,638,475,322,779,580.61,91.03
新北市,石碇區,中民里,178,110806,623,486,344,799,438.66,70.47
新北市,石碇區,永定里,121,73074,604,514,337,766,379.07,62.77
新北市,石碇區,光明里,38,25201,663,448,276,796,665.72,100.38
新北市,石碇區,彭山里,70,44181,631,473,294,705,656.94,104.09
新北市,石碇區,豐田里,88,58303,663,540,316,788,591.54,89.28
新北市,石碇區,格頭里,216,156316,724,508,284,863,1020.30,140.99
新北市,石碇區,永安里,154,89206,579,498,304,742,430.95,74.40
新北市,石碇區,碧山里,0,0,0,0,0,0,0.00,0.00
新北市,深坑區,深坑里,932,790331,848,607,358,1062,823.90,97.16
新北市,深坑區,萬順里,713,563608,790,578,380,1004,658.09,83.25
新北市,深坑區,阿柔里,157,120635,768,593,380,879,817.90,106.45
新北市,深坑區,昇高里,573,457661,799,560,341,983,763.01,95.53
新北市,深坑區,土庫里,887,730539,824,560,336,943,1665.36,202.20
新北市,深坑區,埔新里,1849,1607779,870,619,358,1120,822.65,94.61
新北市,深坑區,萬福里,814,745352,916,598,358,978,1937.14,211.56
新北市,深坑區,賴仲里,689,644670,936,660,415,1161,991.10,105.92
新北市,坪林區,坪林里,313,226378,723,534,309,848,803.26,111.06
新北市,坪林區,水德里,124,81850,660,507,335,768,542.68,82.21
新北市,坪林區,大林里,236,175108,742,542,307,893,750.63,101.17
新北市,坪林區,上德里,157,107623,685,510,303,764,879.84,128.35
新北市,坪林區,漁光里,157,111055,707,554,357,850,517.65,73.18
新北市,坪林區,石𥕢里,90,68064,756,582,359,870,727.05,96.14
新北市,坪林區,粗窟里,200,172736,864,516,331,822,1935.43,224.09
新北市,烏來區,烏來里,567,502051,885,644,388,1004,1386.06,156.54
新北市,烏來區,忠治里,363,261834,721,545,329,926,603.81,83.71
新北市,烏來區,孝義里,54,39441,730,530,367,1009,559.58,76.61
新北市,烏來區,信賢里,97,64790,668,592,353,892,462.09,69.18
新北市,烏來區,福山里,89,59480,668,527,348,921,457.35,68.43
新北市,板橋區,留侯里,446,414379,929,595,372,1055,1557.51,167.64
新北市,板橋區,流芳里,465,449248,966,660,340,1233,1153.25,119.37
新北市,板橋區,赤松里,240,294147,1226,672,377,1309,3963.89,323.42
新北市,板橋區,黃石里,323,254345,787,554,321,1026,732.77,93.06
新北市,板橋區,挹秀里,595,682637,1147,691,381,1454,1441.87,125.68
新北市,板橋區,社後里,1761,1308189,743,555,341,933,652.21,87.80
新北市,板橋區,新埔里,669,687270,1027,595,352,1091,3252.98,316.65
新北市,板橋區,江翠里,1403,1338036,954,586,355,1008,1863.77,195.43
新北市,板橋區,松翠里,1033,879619,852,595,367,1041,844.37,99.16
新北市,板橋區,嵐翠里,645,478232,741,532,349,865,871.63,117.56
新北市,板橋區,深丘里,2922,4379786,1499,823,439,1638,2781.69,185.58
新北市,板橋區,埔墘里,1994,1846035,926,618,363,1111,1532.49,165.53
新北市,板橋區,港嘴里,1845,1520513,824,583,361,1037,762.43,92.51
新北市,板橋區,湳興里,1667,1380028,828,603,359,1025,789.10,95.32
新北市,板橋區,鄉雲里,1200,1141185,951,602,351,1100,1804.63,189.76
新北市,板橋區,景星里,1103,1074522,974,674,375,1199,1264.65,129.82
新北市,板橋區,廣福里,1213,1037746,856,606,364,1025,1244.65,145.48
新北市,板橋區,溪洲里,1797,1411573,786,573,363,929,961.71,122.43
新北市,板橋區,崑崙里,2881,3304326,1147,609,367,1043,17180.66,1497.96
新北市,板橋區,浮洲里,990,697250,704,518,323,861,729.15,103.53
新北市,板橋區,中正里,1261,958291,760,563,360,970,693.57,91.27
新北市,板橋區,中山里,951,633349,666,506,337,801,732.22,109.95
新北市,板橋區,復興里,230,151797,660,533,336,776,614.45,93.10
新北市,板橋區,自強里,1908,1864123,977,674,390,1190,1392.98,142.58
新北市,板橋區,國光里,1253,1319538,1053,730,409,1352,1049.39,99.65
新北市,板橋區,新興里,928,757639,816,621,358,1009,819.36,100.36
新北市,板橋區,福德里,1604,1509849,941,641,377,1146,1417.93,150.64
新北市,板橋區,和平里,1316,1576855,1198,919,481,1600,1125.40,93.92
新北市,板橋區,仁愛里,1013,792857,783,568,343,1000,828.54,105.86
新北市,板橋區,福星里,1172,1161546,991,690,406,1230,1036.65,104.60
新北市,板橋區,公館里,1158,924803,799,571,340,979,768.32,96.21
新北市,板橋區,新民里,1348,1220326,905,635,359,1142,959.31,105.97
新北市,板橋區,振興里,1317,1001876,761,537,342,931,746.68,98.15
新北市,板橋區,光復里,965,956122,991,629,383,1082,3078.41,310.70
新北市,板橋區,香丘里,1178,1045293,887,597,355,1038,1928.90,217.38
新北市,板橋區,雙玉里,1061,890979,840,603,350,1073,769.63,91.65
新北市,板橋區,福壽里,1092,1166755,1068,629,350,1087,2103.18,196.84
新北市,板橋區,玉光里,1547,1276453,825,599,372,968,950.41,115.18
新北市,板橋區,港尾里,975,986139,1011,642,389,1261,1515.64,149.85
新北市,板橋區,民權里,806,669450,831,568,342,1033,855.83,103.04
新北市,板橋區,建國里,1025,748822,731,561,356,914,610.24,83.53
新北市,板橋區,百壽里,631,532862,844,598,364,1067,842.48,99.76
新北市,板橋區,忠誠里,1317,1328190,1008,668,389,1345,1262.06,125.14
新北市,板橋區,幸福里,1134,825472,728,558,361,881,611.67,84.03
新北市,板橋區,漢生里,1420,1489008,1049,633,379,1154,2112.00,201.41
新北市,板橋區,聯翠里,1263,1519778,1203,737,381,1391,1839.66,152.88
新北市,板橋區,宏翠里,1575,1386239,880,621,377,1081,930.92,105.77
新北市,板橋區,華翠里,1156,1050155,908,623,371,1149,911.61,100.35
新北市,板橋區,福翠里,364,243413,669,508,348,807,575.12,86.00
新北市,板橋區,九如里,787,635678,808,571,353,968,927.68,114.85
新北市,板橋區,埤墘里,1218,1143366,939,632,389,1140,1025.99,109.30
新北市,板橋區,廣新里,888,639779,720,569,363,895,598.87,83.12
新北市,板橋區,福丘里,1731,3539981,2045,970,447,2042,5947.81,290.84
新北市,板橋區,廣德里,2142,2017317,942,647,376,1152,1258.82,133.66
新北市,板橋區,福祿里,1209,1102142,912,673,378,1212,895.88,98.27
新北市,板橋區,華興里,1312,1187815,905,658,378,1173,815.37,90.06
新北市,板橋區,聚安里,1511,1073989,711,549,350,876,616.65,86.76
新北市,板橋區,龍翠里,1592,1563756,982,629,376,1167,1285.86,130.91
新北市,板橋區,柏翠里,1231,1341643,1090,661,395,1218,1631.99,149.74
新北市,板橋區,文翠里,1276,1107131,868,588,361,992,1278.58,147.36
新北市,板橋區,青翠里,833,606396,728,544,349,877,666.47,91.55
新北市,板橋區,香社里,1262,973521,771,589,364,949,695.31,90.13
新北市,板橋區,大安里,1130,831196,736,543,368,854,965.66,131.28
新北市,板橋區,東丘里,1321,1169546,885,610,373,1069,910.31,102.82
新北市,板橋區,華德里,2261,2118326,937,679,413,1135,928.56,99.11
新北市,板橋區,國泰里,1114,1076412,966,674,390,1281,928.18,96.06
新北市,板橋區,光華里,928,833839,899,602,335,1055,1292.87,143.89
新北市,板橋區,自立里,809,582558,720,586,365,901,596.26,82.80
新北市,板橋區,重慶里,2703,2213894,819,602,364,1050,787.73,96.18
新北市,板橋區,港德里,1385,1075001,776,567,346,929,758.64,97.74
新北市,板橋區,忠翠里,3402,4877016,1434,873,458,1769,2329.35,162.49
新北市,板橋區,明翠里,1385,1067470,771,558,330,936,749.20,97.21
新北市,板橋區,滿翠里,804,543749,676,518,325,847,580.61,85.85
新北市,板橋區,新翠里,2556,2409961,943,665,396,1159,1256.09,133.22
新北市,板橋區,溪頭里,1753,1532259,874,592,373,1060,1049.86,120.11
新北市,板橋區,華江里,2360,2807973,1190,759,396,1469,1633.49,137.29
新北市,板橋區,海山里,2354,2573059,1093,679,399,1319,1454.83,133.10
新北市,板橋區,大豐里,1418,1137843,802,566,352,997,870.16,108.44
新北市,板橋區,吉翠里,1010,701781,695,531,321,875,632.68,91.06
新北市,板橋區,民族里,1410,1472625,1044,695,384,1293,1154.39,110.53
新北市,板橋區,信義里,1213,955595,788,573,346,937,837.73,106.34
新北市,板橋區,純翠里,1667,1371687,823,602,350,1046,795.04,96.62
新北市,板橋區,長壽里,864,648573,751,556,351,978,617.38,82.24
新北市,板橋區,振義里,1133,914849,807,590,365,1017,808.50,100.13
新北市,板橋區,西安里,777,674730,868,608,373,1037,945.03,108.83
新北市,板橋區,光仁里,884,639265,723,550,320,893,672.30,92.97
新北市,板橋區,介壽里,916,743665,812,573,355,989,770.60,94.92
新北市,板橋區,仁翠里,800,523631,655,514,326,840,495.82,75.75
新北市,板橋區,永安里,1039,914960,881,599,370,1104,977.19,110.97
新北市,板橋區,懷翠里,1682,1301708,774,543,353,967,699.90,90.44
新北市,板橋區,長安里,1385,1277211,922,640,382,1173,1033.87,112.11
新北市,板橋區,德翠里,2253,2018634,896,648,394,1165,793.68,88.58
新北市,板橋區,溪北里,1044,817065,783,547,345,984,837.95,107.07
新北市,板橋區,華中里,1494,939501,629,504,335,787,480.14,76.35
新北市,板橋區,僑中里,1135,737599,650,526,334,804,570.86,87.84
新北市,板橋區,金華里,1156,836648,724,536,361,869,682.76,94.34
新北市,板橋區,華貴里,786,566494,721,557,346,892,574.89,79.76
新北市,板橋區,華東里,2607,3104812,1191,754,402,1440,2073.84,174.13
新北市,板橋區,福安里,767,509663,664,513,336,841,556.78,83.79
新北市,板橋區,龍安里,716,451292,630,524,336,789,490.94,77.89
新北市,板橋區,香雅里,801,605688,756,559,365,918,680.33,89.97
新北市,板橋區,光榮里,794,642319,809,584,352,996,742.91,91.83
新北市,板橋區,新生里,1359,1003748,739,572,365,919,601.13,81.39
新北市,板橋區,民安里,682,542986,796,572,321,983,762.15,95.73
新北市,板橋區,後埔里,1286,1628219,1266,679,396,1309,5996.36,473.60
新北市,板橋區,五權里,1177,878901,747,555,365,900,661.04,88.52
新北市,板橋區,華福里,665,552337,831,588,342,1107,784.62,94.47
新北市,板橋區,大觀里,1091,724511,664,536,349,816,565.86,85.21
新北市,板橋區,歡園里,357,234102,656,534,345,790,524.50,79.98
新北市,板橋區,成和里,1903,1558060,819,611,373,1054,688.79,84.13
新北市,板橋區,溪福里,4092,3540499,865,625,373,1124,988.22,114.22
新北市,板橋區,堂春里,1243,920856,741,557,348,890,686.20,92.63
新北市,板橋區,文德里,961,893345,930,617,368,1165,946.36,101.80
新北市,板橋區,陽明里,888,741446,835,584,361,975,897.79,107.53
新北市,板橋區,文化里,994,972944,979,601,359,1129,1374.71,140.45
新北市,板橋區,朝陽里,953,679633,713,540,350,859,613.64,86.05
新北市,板橋區,新海里,1022,663265,649,522,346,827,522.24,80.47
新北市,板橋區,松柏里,682,588647,863,595,343,1046,946.73,109.69
新北市,板橋區,莒光里,912,868771,953,640,394,1168,1007.49,105.76
新北市,板橋區,文聖里,1174,1033860,881,607,380,1089,893.02,101.41
新北市,板橋區,富貴里,757,827510,1093,647,374,1258,1803.99,165.03
新北市,板橋區,居仁里,1021,815776,799,587,350,1004,704.71,88.20
新北市,板橋區,正泰里,988,771506,781,584,358,996,677.03,86.70
新北市,板橋區,莊敬里,1328,1508820,1136,816,430,1492,1281.12,112.76
新北市,板橋區,民生里,718,660776,920,657,383,1077,1021.40,110.99
新北市,板橋區,東安里,712,533093,749,558,343,943,641.00,85.61
新北市,三峽區,三峽里,84,62528,744,601,350,968,625.39,84.01
新北市,三峽區,秀川里,170,115737,681,539,321,861,554.53,81.45
新北市,三峽區,八張里,985,719874,731,548,351,865,822.96,112.61
新北市,三峽區,中埔里,678,466297,688,552,335,922,510.64,74.25
新北市,三峽區,礁溪里,1493,1088924,729,542,335,905,651.47,89.32
新北市,三峽區,永館里,2025,1626388,803,586,346,1002,871.93,108.56
新北市,三峽區,鳶山里,2610,2071155,794,553,347,948,888.82,112.01
新北市,三峽區,龍埔里,2407,1876177,779,575,346,993,724.24,92.92
新北市,三峽區,弘道里,291,195626,672,508,332,844,605.88,90.13
新北市,三峽區,大埔里,1059,802950,758,583,345,1009,638.22,84.17
新北市,三峽區,嘉添里,534,407289,763,528,316,872,992.63,130.14
新北市,三峽區,添福里,302,199047,659,488,342,805,645.84,97.99
新北市,三峽區,溪南里,375,282133,752,498,303,813,836.38,111.17
新北市,三峽區,溪北里,560,355459,635,511,306,764,514.52,81.06
新北市,三峽區,溪東里,823,549094,667,513,337,802,595.88,89.31
新北市,三峽區,成福里,235,151356,644,536,348,714,618.15,95.98
新北市,三峽區,安坑里,294,185101,630,510,297,771,501.59,79.67
新北市,三峽區,竹崙里,427,401550,940,472,312,777,4839.08,514.58
新北市,三峽區,金圳里,106,61840,583,460,298,690,474.58,81.35
新北市,三峽區,五寮里,153,87210,570,446,279,681,510.44,89.55
新北市,三峽區,插角里,147,103283,703,535,342,901,587.16,83.57
新北市,三峽區,有木里,106,85603,808,468,327,811,1625.27,201.25
新北市,三峽區,安溪里,1965,1569705,799,564,335,974,1784.48,223.39
新北市,三峽區,中正里,1246,846271,679,521,334,879,560.46,82.52
新北市,三峽區,介壽里,1573,1010197,642,496,336,802,489.97,76.29
新北市,三峽區,二鬮里,904,638942,707,532,333,863,732.27,103.61
新北市,三峽區,龍恩里,1702,1911092,1123,832,450,1505,1036.80,92.34
新北市,三峽區,龍學里,4406,5511739,1251,868,462,1527,2536.45,202.76
新北市,鶯歌區,東鶯里,274,214256,782,587,355,1010,775.28,99.15
新北市,鶯歌區,西鶯里,731,554482,759,543,336,905,777.08,102.45
新北市,鶯歌區,南鶯里,1654,1377174,833,584,359,1009,912.54,109.60
新北市,鶯歌區,北鶯里,1236,1210296,979,676,408,1218,1389.83,141.93
新北市,鶯歌區,中鶯里,286,223203,780,571,336,1022,707.52,90.66
新北市,鶯歌區,建德里,128,85715,670,537,326,841,496.10,74.08
新北市,鶯歌區,同慶里,502,418208,833,543,332,987,1113.73,133.69
新北市,鶯歌區,南靖里,998,700484,702,537,325,862,711.27,101.34
新北市,鶯歌區,尖山里,2035,1450638,713,537,348,894,641.28,89.96
新北市,鶯歌區,二橋里,2081,1512054,727,555,354,931,594.60,81.83
新北市,鶯歌區,二甲里,246,166044,675,508,335,876,534.39,79.17
新北市,鶯歌區,東湖里,73,55845,765,513,404,827,788.61,103.09
新北市,鶯歌區,中湖里,1637,1062287,649,512,332,793,593.51,91.46
新北市,鶯歌區,鳳鳴里,1366,935186,685,531,358,834,653.57,95.46
新北市,鶯歌區,永昌里,2507,1858276,741,552,355,907,717.18,96.76
新北市,鶯歌區,永吉里,1500,960418,640,505,341,793,508.94,79.49
新北市,鶯歌區,鳳福里,1213,781205,644,508,337,792,653.00,101.39
新北市,鶯歌區,大湖里,1592,1157518,727,540,352,864,762.50,104.87
新北市,鶯歌區,建國里,1881,1341827,713,542,347,893,917.19,128.57
新北市,鶯歌區,鳳祥里,1393,930841,668,519,345,833,549.47,82.23
新北市,樹林區,樹東里,358,289990,810,539,308,937,1080.93,133.44
新北市,樹林區,彭厝里,1511,1044959,692,534,329,872,566.59,81.93
新北市,樹林區,樹西里,1689,1653629,979,617,352,1164,2122.11,216.75
新北市,樹林區,坡內里,444,289929,653,470,306,756,646.54,99.01
新北市,樹林區,樹北里,283,258326,913,630,387,1090,1177.66,129.01
新北市,樹林區,潭底里,1214,900871,742,538,331,899,806.09,108.63
新北市,樹林區,獇寮里,1357,930018,685,529,335,856,586.15,85.53
新北市,樹林區,三多里,1226,777344,634,500,316,802,553.15,87.24
新北市,樹林區,東山里,1023,759587,743,490,323,809,2054.94,276.76
新北市,樹林區,西山里,4,2778,694,671,374,992,377.95,54.43
新北市,樹林區,樂山里,409,327412,801,521,339,856,1216.00,151.90
新北市,樹林區,東園里,450,343259,763,534,340,915,774.94,101.59
新北市,樹林區,西園里,490,332644,679,499,321,822,607.63,89.51
新北市,樹林區,南園里,4470,5347533,1196,833,447,1480,1446.61,120.92
新北市,樹林區,北園里,632,446907,707,518,313,841,740.05,104.66
新北市,樹林區,柑園里,2888,3700796,1281,844,448,1541,2432.36,189.81
新北市,樹林區,樹南里,1305,1071004,821,587,351,997,827.65,100.85
新北市,樹林區,樹德里,1093,964029,882,554,359,957,2955.61,335.10
新北市,樹林區,樹人里,1038,877105,845,554,346,962,1485.85,175.84
新北市,樹林區,保安里,1916,1516285,791,573,350,984,753.01,95.15
新北市,樹林區,三福里,1094,721366,659,500,316,837,574.13,87.07
新北市,樹林區,三興里,1135,693517,611,507,323,773,468.18,76.62
新北市,樹林區,大同里,1009,829651,822,596,362,1064,747.64,90.93
新北市,樹林區,彭福里,1497,1158063,774,564,357,931,918.72,118.76
新北市,樹林區,東陽里,1734,1250711,721,549,331,912,791.43,109.72
新北市,樹林區,東昇里,1500,1142697,762,566,344,919,1112.32,146.01
新北市,樹林區,和平里,1137,742733,653,516,328,817,531.50,81.36
新北市,樹林區,圳福里,1306,875053,670,522,333,830,571.73,85.33
新北市,樹林區,圳安里,1080,751559,696,556,339,882,686.82,98.70
新北市,樹林區,樹興里,1108,882127,796,567,362,970,837.67,105.22
新北市,樹林區,彭興里,1623,1039403,640,517,331,805,483.15,75.44
新北市,樹林區,文林里,1554,1221317,786,593,369,978,710.61,90.42
新北市,樹林區,光興里,1080,709720,657,524,336,819,511.34,77.81
新北市,樹林區,金寮里,1229,853168,694,548,356,862,559.09,80.54
新北市,樹林區,中山里,1434,1089292,760,575,353,966,644.53,84.85
新北市,樹林區,山佳里,1692,1224345,724,562,346,869,641.43,88.64
新北市,樹林區,育英里,944,802683,850,610,376,1047,815.39,95.89
新北市,樹林區,樹福里,1215,1287611,1060,690,381,1268,1313.82,123.97
新北市,樹林區,中華里,993,695479,700,545,339,916,540.19,77.13
新北市,樹林區,太順里,805,511156,635,509,331,789,571.19,89.95
新北市,樹林區,圳民里,838,591750,706,539,343,872,777.87,110.16
新北市,樹林區,圳生里,635,469167,739,493,313,753,2502.23,338.67
新北市,樹林區,三龍里,718,483728,674,507,309,883,586.24,87.02
新北市,中和區,中原里,1697,1692515,997,647,373,1196,1417.51,142.13
新北市,中和區,平河里,2939,2720263,926,657,386,1164,1106.41,119.54
新北市,中和區,力行里,2012,1952330,970,691,398,1277,909.87,93.77
新北市,中和區,枋寮里,1145,997786,871,605,364,1072,840.17,96.41
新北市,中和區,廟美里,1387,1240855,895,590,372,1008,3609.61,403.47
新北市,中和區,瓦磘里,1642,1514168,922,636,390,1098,1394.18,151.19
新北市,中和區,積穗里,2720,2477349,911,652,400,1115,909.76,99.89
新北市,中和區,瑞穗里,737,591446,803,622,381,1031,666.34,83.03
新北市,中和區,灰磘里,194,147733,762,558,345,1000,672.20,88.27
新北市,中和區,錦和里,1690,1674600,991,661,412,1149,1402.62,141.55
新北市,中和區,內南里,1486,1136736,765,549,365,903,934.40,122.15
新北市,中和區,外南里,1392,1147086,824,597,357,1029,873.68,106.02
新北市,中和區,頂南里,954,810416,849,626,396,1048,772.88,90.98
新北市,中和區,橫路里,87,55558,639,525,314,787,492.26,77.09
新北市,中和區,連和里,872,850067,975,717,397,1197,1144.84,117.44
新北市,中和區,漳和里,1168,1405304,1203,642,382,1172,4846.45,402.81
新北市,中和區,秀山里,1433,1185733,827,605,370,1010,804.35,97.21
新北市,中和區,員山里,1972,1831691,929,639,376,1156,1877.78,202.16
新北市,中和區,安樂里,1246,1422056,1141,771,412,1469,1185.20,103.85
新北市,中和區,壽德里,1346,1174564,873,673,395,1130,779.84,89.37
新北市,中和區,新南里,2800,2960437,1057,751,420,1394,1036.40,98.02
新北市,中和區,崇南里,1316,1184189,900,659,387,1122,847.93,94.23
新北市,中和區,東南里,1248,986483,790,595,351,990,698.74,88.40
新北市,中和區,秀明里,1632,1568972,961,678,380,1183,1326.52,137.98
新北市,中和區,安平里,2040,2364748,1159,750,400,1498,1368.22,118.03
新北市,中和區,景平里,1869,1749105,936,637,371,1139,1079.07,115.30
新北市,中和區,嘉穗里,862,621341,721,548,343,870,700.94,97.24
新北市,中和區,景安里,1579,1379793,874,616,369,1096,874.99,100.13
新北市,中和區,連城里,2019,1857624,920,646,387,1166,1159.95,126.07
新北市,中和區,福美里,1344,1011655,753,550,347,918,1055.53,140.23
新北市,中和區,安和里,1119,1178863,1053,676,381,1300,1323.83,125.66
新北市,中和區,中安里,1639,1827368,1115,755,395,1398,1264.27,113.39
新北市,中和區,泰安里,1104,1030220,933,588,356,998,1741.47,186.62
新北市,中和區,華南里,1625,1579369,972,642,391,1133,1298.41,133.59
新北市,中和區,秀峰里,1421,1225548,862,625,349,1080,1000.23,115.97
新北市,中和區,秀水里,1073,777725,725,560,347,892,639.64,88.25
新北市,中和區,景南里,963,836488,869,557,364,961,1514.35,174.34
新北市,中和區,復興里,1583,1227487,775,579,349,955,730.61,94.22
新北市,中和區,和興里,1403,1345664,959,642,388,1140,1261.41,131.52
新北市,中和區,南山里,1809,1939358,1072,704,406,1329,1592.53,148.55
新北市,中和區,景新里,1100,887515,807,597,373,992,695.02,86.14
新北市,中和區,景福里,1787,1616759,905,617,370,1078,1085.51,119.98
新北市,中和區,清穗里,938,696366,742,590,360,938,609.88,82.15
新北市,中和區,佳和里,1485,1332685,897,622,361,1067,1383.73,154.19
新北市,中和區,德穗里,1355,1200543,886,598,360,1029,1276.11,144.03
新北市,中和區,嘉新里,1163,850415,731,563,357,892,708.61,96.91
新北市,中和區,建和里,1065,836300,785,561,343,967,836.61,106.54
新北市,中和區,仁和里,1280,921177,720,552,338,905,634.56,88.17
新北市,中和區,秀景里,2114,2048122,969,672,392,1259,926.07,95.59
新北市,中和區,中正里,1209,864522,715,533,350,893,612.05,85.59
新北市,中和區,福善里,1356,1082932,799,577,363,977,798.11,99.94
新北市,中和區,福真里,1267,1020229,805,581,356,967,840.39,104.37
新北市,中和區,秀仁里,1071,1005181,939,702,394,1245,803.55,85.62
新北市,中和區,忠孝里,1435,1060534,739,572,356,914,654.35,88.54
新北市,中和區,民享里,820,590398,720,545,371,901,582.04,80.84
新北市,中和區,民生里,1349,1149601,852,647,394,1080,719.80,84.47
新北市,中和區,國光里,1172,964129,823,627,368,1055,756.70,91.98
新北市,中和區,福和里,1142,1071446,938,577,361,984,4430.28,472.20
新北市,中和區,秀成里,1157,1021549,883,597,374,1035,966.30,109.44
新北市,中和區,秀福里,1609,1543920,960,645,377,1154,1092.94,113.90
新北市,中和區,華新里,2216,1820998,822,635,386,1064,692.83,84.31
新北市,中和區,壽南里,667,522525,783,570,346,977,727.10,92.81
新北市,中和區,文元里,1652,1167193,707,550,337,874,588.53,83.30
新北市,中和區,明德里,1153,829522,719,562,347,921,641.34,89.14
新北市,中和區,信和里,1106,836251,756,551,339,954,696.96,92.18
新北市,中和區,福祥里,1514,1250429,826,590,356,994,1006.98,121.92
新北市,中和區,景文里,1088,1083362,996,666,374,1253,1112.80,111.76
新北市,中和區,錦昌里,672,730178,1087,692,393,1285,1470.41,135.33
新北市,中和區,民安里,1507,1155686,767,581,362,980,635.27,82.84
新北市,中和區,安穗里,1400,1157521,827,603,374,1039,820.99,99.30
新北市,中和區,明穗里,1541,1275359,828,602,368,1012,805.64,97.34
新北市,中和區,自強里,1550,1322266,853,561,348,912,5165.51,605.52
新北市,中和區,正行里,995,910318,915,645,398,1088,1316.66,143.91
新北市,中和區,德行里,2317,2574325,1111,763,429,1375,1311.40,118.03
新北市,中和區,安順里,1481,1482967,1001,662,383,1202,1353.54,135.17
新北市,中和區,宜安里,622,583333,938,650,371,1152,1036.17,110.49
新北市,中和區,秀義里,827,756650,915,628,375,1084,1143.61,124.99
新北市,中和區,秀士里,707,641238,907,649,381,1209,812.56,89.59
新北市,中和區,興南里,931,706406,759,556,338,952,794.89,104.76
新北市,中和區,景本里,617,473401,767,546,339,979,802.45,104.59
新北市,中和區,中興里,2270,2403397,1059,753,425,1328,1621.85,153.18
新北市,中和區,吉興里,1038,1028477,991,694,410,1267,993.37,100.26
新北市,中和區,福南里,1291,1060018,821,591,363,1000,917.03,111.69
新北市,中和區,正南里,990,683700,691,539,355,832,593.50,85.94
新北市,中和區,錦盛里,1120,829341,740,562,352,897,757.99,102.36
新北市,中和區,中山里,881,727428,826,617,375,1039,839.37,101.66
新北市,中和區,冠穗里,1099,946085,861,575,362,996,1548.07,179.83
新北市,中和區,嘉慶里,1204,880870,732,559,344,921,643.13,87.90
新北市,中和區,錦中里,1178,952281,808,566,334,1012,852.03,105.40
新北市,中和區,員富里,998,741151,743,579,358,928,659.78,88.84
新北市,中和區,民有里,871,645277,741,543,344,850,756.82,102.16
新北市,中和區,碧河里,1369,1288018,941,651,374,1207,1115.35,118.55
新北市,中和區,國華里,985,769398,781,600,387,990,637.96,81.67
新北市,土城區,埤塘里,1034,758998,734,539,333,916,849.27,115.70
新北市,土城區,土城里,578,425498,736,501,315,874,817.34,111.03
新北市,土城區,員林里,1763,1451224,823,583,352,990,950.14,115.43
新北市,土城區,貨饒里,1251,892437,713,545,353,868,665.62,93.30
新北市,土城區,柑林里,962,877972,913,655,373,1177,793.93,86.99
新北市,土城區,埤林里,2732,2481240,908,664,390,1148,813.17,89.54
新北市,土城區,峰廷里,2015,1349859,670,516,337,839,599.90,89.55
新北市,土城區,廷寮里,1305,967227,741,567,354,940,722.67,97.50
新北市,土城區,清水里,2299,1670918,727,548,349,925,625.68,86.09
新北市,土城區,清化里,423,407550,963,536,333,835,4971.60,516.01
新北市,土城區,大安里,1424,1108381,778,547,337,941,954.11,122.58
新北市,土城區,永寧里,2454,1865157,760,567,359,958,684.88,90.11
新北市,土城區,祖田里,424,262927,620,478,321,781,505.66,81.54
新北市,土城區,頂埔里,1431,1190630,832,543,354,903,2307.04,277.28
新北市,土城區,沛陂里,1379,1107542,803,559,342,936,2079.40,258.91
新北市,土城區,頂新里,846,807775,955,732,420,1224,856.36,89.69
新北市,土城區,長風里,640,592011,925,667,396,1216,1023.99,110.70
新北市,土城區,頂福里,1404,939628,669,517,337,842,601.92,89.94
新北市,土城區,員仁里,1696,1160857,684,501,325,820,1092.76,159.65
新北市,土城區,日新里,1355,958860,708,540,331,916,643.81,90.98
新北市,土城區,瑞興里,875,652223,745,563,350,956,661.76,88.78
新北市,土城區,清溪里,1904,1574372,827,575,347,1008,925.55,111.93
新北市,土城區,清和里,1683,1075884,639,499,330,791,528.60,82.69
新北市,土城區,永豐里,1263,1148737,910,622,375,1151,876.68,96.39
新北市,土城區,日和里,1653,1200977,727,540,341,883,658.01,90.57
新北市,土城區,平和里,1962,1386476,707,535,346,864,683.82,96.77
新北市,土城區,樂利里,1646,1194043,725,548,342,912,609.18,83.98
新北市,土城區,廣福里,1765,1599642,906,618,374,1187,1012.59,111.73
新北市,土城區,學府里,1088,816327,750,556,349,910,663.77,88.47
新北市,土城區,延壽里,1269,877473,691,537,344,839,633.17,91.57
新北市,土城區,安和里,1387,988549,713,561,352,910,555.25,77.91
新北市,土城區,青雲里,827,618318,748,556,347,933,668.31,89.39
新北市,土城區,員福里,1626,1213475,746,524,330,882,1252.29,167.80
新北市,土城區,延吉里,1103,700349,635,482,336,780,591.14,93.10
新北市,土城區,復興里,1386,1102073,795,571,349,949,743.60,93.52
新北市,土城區,裕生里,1678,1333083,794,583,364,974,812.04,102.21
新北市,土城區,員信里,1296,995031,768,562,363,916,922.77,120.19
新北市,土城區,延和里,1891,1476652,781,575,355,961,778.72,99.72
新北市,土城區,學成里,953,772522,811,575,358,961,1427.98,176.16
新北市,土城區,永富里,1402,922647,658,520,339,827,498.74,75.79
新北市,土城區,中正里,952,770501,809,596,355,1054,751.37,92.84
新北市,土城區,學士里,1447,1465542,1013,708,381,1329,970.83,95.85
新北市,土城區,明德里,1900,2024415,1065,748,410,1373,1194.86,112.14
新北市,土城區,廣興里,1081,880580,815,586,343,1017,882.60,108.35
新北市,土城區,青山里,832,580261,697,532,347,835,638.54,91.56
新北市,土城區,金城里,1738,1452532,836,625,373,1075,913.07,109.25
新北市,土城區,延祿里,1098,748818,682,553,356,853,520.61,76.34
新北市,瑞芳區,龍潭里,252,210038,833,586,350,897,1026.73,123.18
新北市,瑞芳區,龍鎮里,376,251086,668,531,313,831,583.52,87.38
新北市,瑞芳區,龍山里,379,247568,653,512,327,787,554.59,84.90
新北市,瑞芳區,龍川里,519,332682,641,481,303,807,548.24,85.53
新北市,瑞芳區,龍安里,179,120216,672,520,309,871,556.86,82.92
新北市,瑞芳區,柑坪里,308,187995,610,481,317,751,505.83,82.87
新北市,瑞芳區,爪峰里,1116,712142,638,511,325,795,511.94,80.23
新北市,瑞芳區,基山里,90,58069,645,534,330,791,527.02,81.68
新北市,瑞芳區,永慶里,77,50924,661,444,282,683,717.57,108.50
新北市,瑞芳區,崇文里,81,60116,742,602,369,929,792.78,106.82
新北市,瑞芳區,福住里,35,24337,695,602,363,971,482.23,69.35
新北市,瑞芳區,頌德里,89,52380,589,486,272,779,494.32,83.99
新北市,瑞芳區,瓜山里,52,39660,763,464,306,1149,712.67,93.44
新北市,瑞芳區,石山里,85,67261,791,564,358,1037,639.88,80.86
新北市,瑞芳區,新山里,86,50452,587,495,300,714,474.58,80.90
新北市,瑞芳區,銅山里,52,31022,597,499,298,692,457.07,76.62
新北市,瑞芳區,龍興里,655,539748,824,613,367,1105,714.85,86.75
新北市,瑞芳區,濓洞里,138,93937,681,478,324,981,588.90,86.51
新北市,瑞芳區,吉慶里,505,313944,622,514,321,786,515.97,83.00
新北市,瑞芳區,傑魚里,592,344208,581,459,302,701,471.54,81.10
新北市,瑞芳區,上天里,400,220750,552,472,311,718,388.65,70.42
新北市,瑞芳區,猴硐里,117,68021,581,434,284,688,568.19,97.73
新北市,瑞芳區,光復里,75,41015,547,506,283,819,333.74,61.03
新北市,瑞芳區,弓橋里,80,46970,587,462,294,716,432.19,73.61
新北市,瑞芳區,碩仁里,37,22554,610,387,293,639,880.82,144.50
新北市,瑞芳區,海濱里,279,183287,657,523,280,851,639.19,97.30
新北市,瑞芳區,深澳里,246,151679,617,499,316,809,492.10,79.81
新北市,瑞芳區,鼻頭里,139,85323,614,468,292,667,1000.60,163.01
新北市,瑞芳區,南雅里,51,28991,568,442,262,605,687.78,120.99
新北市,瑞芳區,吉安里,847,542211,640,526,317,794,541.08,84.52
新北市,瑞芳區,濓新里,61,38925,638,494,271,883,590.28,92.50
新北市,瑞芳區,瑞濱里,512,334269,653,506,311,868,503.77,77.16
新北市,瑞芳區,東和里,444,282644,637,501,325,793,567.01,89.07
新北市,瑞芳區,新峰里,874,570033,652,512,338,831,486.44,74.58
新北市,平溪區,薯榔里,96,49615,517,446,316,651,349.94,67.71
新北市,平溪區,白石里,58,29566,510,473,351,606,268.62,52.70
新北市,平溪區,菁桐里,61,35840,588,439,276,772,505.59,86.05
新北市,平溪區,平溪里,70,39239,561,418,303,739,393.87,70.27
新北市,平溪區,石底里,96,77682,809,462,295,840,1602.81,198.08
新北市,平溪區,嶺腳里,167,105539,632,515,309,741,656.23,103.84
新北市,平溪區,東勢里,82,64411,786,521,354,868,920.15,117.14
新北市,平溪區,平湖里,38,20639,543,504,304,647,319.75,58.87
新北市,平溪區,南山里,85,43859,516,452,270,635,482.14,93.44
新北市,平溪區,新寮里,23,13646,593,456,352,648,420.53,70.88
新北市,平溪區,十分里,165,114685,695,507,308,830,785.36,112.99
新北市,平溪區,望古里,35,23876,682,592,426,901,429.12,62.90
新北市,雙溪區,雙溪里,124,123608,997,491,290,710,4780.36,479.55
新北市,雙溪區,共和里,118,77085,653,477,315,800,553.53,84.73
新北市,雙溪區,新基里,197,134620,683,524,313,837,658.84,96.41
新北市,雙溪區,魚行里,192,126859,661,487,303,833,547.38,82.84
新北市,雙溪區,三港里,109,86663,795,665,395,1042,609.54,76.66
新北市,雙溪區,牡丹里,428,289464,676,507,294,814,612.76,90.60
新北市,雙溪區,三貂里,65,90779,1397,512,318,807,5762.53,412.61
新北市,雙溪區,平林里,256,176045,688,507,314,948,565.88,82.29
新北市,雙溪區,上林里,142,85241,600,496,288,744,451.73,75.25
新北市,雙溪區,外柑里,99,63938,646,489,351,726,487.95,75.55
新北市,雙溪區,長源里,73,44132,605,458,300,700,616.26,101.94
新北市,雙溪區,泰平里,238,163188,686,495,304,807,780.73,113.86
新北市,貢寮區,貢寮里,213,141811,666,507,307,795,585.34,87.92
新北市,貢寮區,雙玉里,148,112565,761,570,382,831,771.84,101.48
新北市,貢寮區,龍崗里,90,56954,633,496,288,689,602.20,95.16
新北市,貢寮區,吉林里,104,64508,620,474,284,772,564.80,91.06
新北市,貢寮區,龍門里,158,97450,617,427,288,744,636.62,103.22
新北市,貢寮區,福隆里,365,232273,636,466,296,773,636.02,99.95
新北市,貢寮區,福連里,175,104679,598,509,306,802,403.79,67.50
新北市,貢寮區,仁里里,445,301771,678,526,320,868,625.54,92.24
新北市,貢寮區,真理里,467,269263,577,428,276,740,496.38,86.09
新北市,貢寮區,美豐里,160,89352,558,476,282,753,396.22,70.95
新北市,貢寮區,和美里,220,139344,633,499,323,701,570.49,90.07
新北市,金山區,和平里,120,94959,791,518,330,1001,894.25,113.01
新北市,金山區,大同里,173,125662,726,546,316,854,782.46,107.72
新北市,金山區,豐漁里,105,58094,553,429,270,674,476.32,86.09
新北市,金山區,磺港里,361,211285,585,440,291,698,505.84,86.43
新北市,金山區,美田里,1211,816583,674,516,303,869,565.31,83.84
新北市,金山區,五湖里,511,364813,714,494,311,844,1171.97,164.16
新北市,金山區,重和里,346,285983,827,460,253,911,1200.77,145.28
新北市,金山區,兩湖里,99,60811,614,395,241,766,623.63,101.53
新北市,金山區,六股里,170,102681,604,463,271,732,599.44,99.24
新北市,金山區,三界里,137,72619,530,411,259,704,434.89,82.04
新北市,金山區,清泉里,195,124680,639,489,288,833,593.05,92.75
新北市,金山區,西湖里,58,39907,688,509,293,881,563.78,81.94
新北市,金山區,萬壽里,92,59438,646,548,368,775,495.67,76.72
新北市,金山區,永興里,137,74911,547,435,264,683,429.50,78.55
新北市,金山區,金美里,1393,875604,629,487,301,799,536.01,85.27
新北市,萬里區,萬里里,1163,745194,641,500,313,801,576.84,90.03
新北市,萬里區,龜吼里,528,449877,852,515,289,885,2886.02,338.72
新北市,萬里區,野柳里,662,429321,649,499,316,790,617.63,95.24
新北市,萬里區,大鵬里,684,427913,626,496,298,765,536.21,85.71
新北市,萬里區,磺潭里,159,96181,605,464,298,758,481.84,79.65
新北市,萬里區,雙興里,215,196691,915,509,297,854,2743.51,299.89
新北市,萬里區,溪底里,153,97740,639,504,324,829,487.81,76.36
新北市,萬里區,崁腳里,113,80440,712,519,356,860,708.31,99.50
新北市,萬里區,中幅里,271,186683,689,488,310,786,1038.49,150.75
新北市,萬里區,北基里,648,375630,580,447,295,679,661.19,114.06
新北市,淡水區,草東里,255,200778,787,533,257,969,829.94,105.41
新北市,淡水區,長庚里,496,416823,840,575,316,1014,933.49,111.08
新北市,淡水區,清文里,328,224121,683,463,284,840,901.76,131.97
新北市,淡水區,鄧公里,2188,3682449,1683,738,423,1311,24082.51,1430.91
新北市,淡水區,永吉里,276,203145,736,534,328,994,638.70,86.78
新北市,淡水區,協元里,449,314028,699,536,316,869,628.98,89.93
新北市,淡水區,民安里,226,188586,834,524,301,974,1141.00,136.74
新北市,淡水區,新生里,191,169597,888,576,364,1017,1311.89,147.75
新北市,淡水區,文化里,565,479293,848,589,336,1103,819.57,96.61
新北市,淡水區,油車里,1647,1316954,800,576,340,1021,803.76,100.52
新北市,淡水區,沙崙里,1088,839860,772,551,341,934,782.49,101.37
新北市,淡水區,水碓里,1790,1404081,784,575,332,1005,823.86,105.03
新北市,淡水區,北投里,2875,2771533,964,727,395,1268,943.25,97.85
新北市,淡水區,崁頂里,2528,2746980,1087,762,408,1345,2303.74,212.01
新北市,淡水區,屯山里,286,196917,689,528,326,849,652.86,94.82
新北市,淡水區,中和里,157,132942,847,553,336,875,1941.97,229.34
新北市,淡水區,水源里,564,440961,782,554,330,937,1156.96,147.98
新北市,淡水區,忠寮里,289,249407,863,519,317,909,1451.97,168.25
新北市,淡水區,樹興里,390,394996,1013,573,313,1192,1737.81,171.58
新北市,淡水區,埤島里,480,412273,859,592,334,974,1080.42,125.79
新北市,淡水區,興仁里,462,512020,1108,533,294,906,6649.54,599.99
新北市,淡水區,義山里,787,527757,671,495,311,799,725.24,108.15
新北市,淡水區,蕃薯里,291,231822,797,577,306,913,1459.42,183.20
新北市,淡水區,忠山里,243,180637,743,550,336,956,640.06,86.10
新北市,淡水區,賢孝里,405,321423,794,569,321,910,1386.97,174.76
新北市,淡水區,竿蓁里,3684,4367497,1186,732,399,1279,4200.52,354.32
新北市,淡水區,坪頂里,445,445668,1002,598,329,1154,1638.53,163.61
新北市,淡水區,八勢里,1993,3184226,1598,805,405,1471,10641.20,666.03
新北市,淡水區,竹圍里,2160,2136788,989,657,383,1223,1155.95,116.85
新北市,淡水區,中興里,1148,861522,750,538,321,920,810.02,107.94
新北市,淡水區,福德里,2359,2960435,1255,805,418,1462,2486.11,198.10
新北市,淡水區,民生里,2407,2293967,953,638,372,1164,1636.35,171.70
新北市,淡水區,新興里,2315,1917923,828,629,368,1059,722.86,87.25
新北市,淡水區,新義里,1219,852578,699,522,324,849,773.38,110.58
新北市,淡水區,新春里,2210,2695576,1220,673,378,1195,12415.76,1017.92
新北市,淡水區,新民里,1444,1443849,1000,642,366,1229,1641.33,164.15
新北市,淡水區,正德里,1389,1207361,869,640,359,1148,767.59,88.31
新北市,淡水區,北新里,909,875991,964,698,384,1327,918.52,95.31
新北市,淡水區,幸福里,1218,948395,779,582,340,981,740.60,95.11
新北市,淡水區,學府里,1305,1067615,818,581,348,1006,1006.07,122.98
新北市,淡水區,民權里,1409,1532716,1088,670,378,1272,3322.40,305.42
新北市,淡水區,大庄里,1802,1678094,931,629,369,1139,1159.39,124.50
新北市,汐止區,仁德里,544,403972,743,560,366,882,720.24,96.99
新北市,汐止區,義民里,419,327577,782,538,332,945,836.62,107.01
新北市,汐止區,禮門里,311,253259,814,559,335,939,1197.37,147.04
新北市,汐止區,智慧里,1475,1556724,1055,728,404,1322,1149.46,108.91
新北市,汐止區,信望里,107,118877,1111,639,356,1083,3081.44,277.36
新北市,汐止區,橋東里,940,811195,863,608,378,1066,1032.49,119.64
新北市,汐止區,茄苳里,1358,951914,701,547,366,900,522.62,74.56
新北市,汐止區,保安里,472,324656,688,498,323,800,881.93,128.22
新北市,汐止區,保長里,1304,979092,751,591,379,981,582.32,77.56
新北市,汐止區,鄉長里,712,545515,766,543,354,917,750.12,97.90
新北市,汐止區,江北里,1813,1363533,752,561,351,907,734.21,97.62
新北市,汐止區,烘內里,449,369263,822,585,371,1041,810.47,98.55
新北市,汐止區,拱北里,1369,931030,680,529,339,840,580.27,85.32
新北市,汐止區,樟樹里,667,430676,646,502,348,790,521.03,80.69
新北市,汐止區,北峰里,1396,923332,661,522,341,820,516.34,78.07
新北市,汐止區,北山里,1831,1609648,879,610,372,1053,983.86,111.92
新北市,汐止區,八連里,296,190132,642,495,311,830,544.25,84.73
新北市,汐止區,白雲里,1305,1291341,990,681,413,1219,1082.00,109.34
新北市,汐止區,橫科里,1389,1125258,810,587,359,987,744.43,91.89
新北市,汐止區,東山里,159,111974,704,508,329,851,693.29,98.45
新北市,汐止區,新昌里,1705,1569666,921,647,372,1094,1398.53,151.91
新北市,汐止區,秀峰里,1270,1007104,793,562,351,1015,727.37,91.72
新北市,汐止區,復興里,2549,2968709,1165,789,428,1499,1431.22,122.89
新北市,汐止區,長安里,465,310908,669,515,327,850,562.96,84.20
新北市,汐止區,福山里,1247,1594472,1279,677,386,1393,2082.24,162.85
新北市,汐止區,宜興里,1004,1075274,1071,685,412,1186,1554.09,145.11
新北市,汐止區,中興里,2459,1934515,787,575,354,961,730.32,92.83
新北市,汐止區,湖光里,2044,2224267,1088,728,401,1345,1367.46,125.66
新北市,汐止區,厚德里,2246,1873293,834,603,379,1015,1726.46,206.99
新北市,汐止區,忠孝里,2488,2010992,808,584,352,988,943.80,116.77
新北市,汐止區,文化里,1380,1262180,915,636,380,1131,1065.49,116.49
新北市,汐止區,自強里,1680,1564772,931,645,371,1180,964.90,103.59
新北市,汐止區,金龍里,1593,1269278,797,600,375,994,711.57,89.31
新北市,汐止區,福德里,1053,806007,765,587,363,966,621.48,81.19
新北市,汐止區,興福里,978,834872,854,632,380,1068,750.12,87.87
新北市,汐止區,康福里,1884,1785563,948,692,398,1165,1265.46,133.52
新北市,汐止區,忠山里,1267,2056726,1623,882,445,1860,2869.04,176.74
新北市,汐止區,環河里,441,335840,762,522,349,862,847.91,111.34
新北市,汐止區,東勢里,1475,2157494,1463,852,454,1732,2466.87,168.65
新北市,汐止區,山光里,766,594769,776,590,380,997,643.70,82.90
新北市,汐止區,大同里,906,778201,859,607,363,1063,940.42,109.49
新北市,汐止區,崇德里,1548,1378326,890,638,392,1112,928.56,104.29
新北市,汐止區,湖興里,2211,3792927,1715,733,403,1316,26488.38,1544.08
新北市,汐止區,長青里,344,550013,1599,757,402,1773,2514.90,157.29
新北市,汐止區,福安里,1860,2073519,1115,810,459,1444,1133.62,101.69
新北市,汐止區,秀山里,1410,1670633,1185,702,372,1318,2256.20,190.42
新北市,汐止區,建成里,1760,1647170,936,732,412,1220,815.95,87.18
新北市,汐止區,城中里,1524,1439571,945,711,415,1224,837.68,88.68
新北市,汐止區,湖蓮里,994,1301494,1309,953,441,1680,1392.48,106.35
新北市,汐止區,保新里,871,622892,715,566,364,903,566.66,79.24
新北市,三芝區,八賢里,89,56709,637,469,258,823,712.70,111.85
新北市,三芝區,埔頭里,1387,838167,604,488,291,762,483.71,80.05
新北市,三芝區,古庄里,286,189911,664,496,283,812,707.30,106.52
新北市,三芝區,新庄里,212,130217,614,476,279,751,564.66,91.93
新北市,三芝區,埔坪里,1757,1116234,635,478,299,776,646.41,101.75
新北市,三芝區,茂長里,178,109065,613,423,266,814,573.06,93.53
新北市,三芝區,橫山里,122,75549,619,416,273,804,547.90,88.48
新北市,三芝區,錫板里,207,144943,700,516,311,819,634.58,90.63
新北市,三芝區,後厝里,671,597608,891,527,314,969,1807.19,202.91
新北市,三芝區,福德里,214,203597,951,586,395,1157,1107.04,116.36
新北市,三芝區,圓山里,139,109164,785,465,274,748,1770.78,225.48
新北市,三芝區,店子里,156,99653,639,507,276,778,598.92,93.76
新北市,三芝區,興華里,346,296578,857,537,332,808,1890.01,220.50
新北市,石門區,德茂里,260,153895,592,456,273,641,696.30,117.64
新北市,石門區,富基里,370,226612,612,452,277,740,588.19,96.04
新北市,石門區,老梅里,561,446945,797,462,278,767,4257.66,534.42
新北市,石門區,山溪里,210,135903,647,460,305,791,598.09,92.42
新北市,石門區,石門里,448,309467,691,519,320,850,568.53,82.30
新北市,石門區,尖鹿里,428,270614,632,489,309,789,606.35,95.90
新北市,石門區,乾華里,74,44657,603,445,257,729,589.65,97.71
新北市,石門區,茂林里,214,165178,772,612,380,1071,523.65,67.84
新北市,石門區,草里里,249,148831,598,451,289,754,469.53,78.55
新北市,八里區,龍源里,2120,2043384,964,597,364,1067,2316.71,240.36
新北市,八里區,米倉里,951,1098610,1155,582,334,978,7954.03,688.53
新北市,八里區,大崁里,784,654741,835,567,332,971,1286.76,154.08
新北市,八里區,埤頭里,963,748528,777,557,350,971,778.55,100.16
新北市,八里區,頂罟里,525,391054,745,540,338,889,754.03,101.23
新北市,八里區,舊城里,1872,1309890,700,537,340,899,609.71,87.13
新北市,八里區,訊塘里,1098,796440,725,550,340,928,676.50,93.26
新北市,八里區,荖阡里,421,320545,761,537,331,892,879.34,115.49
新北市,八里區,下罟里,369,359915,975,527,304,815,5230.80,536.28
新北市,八里區,長坑里,395,269855,683,485,312,839,729.06,106.72
新北市,永和區,下溪里,1175,1150441,979,672,398,1180,1191.57,121.70
新北市,永和區,中溪里,1599,1619779,1013,674,390,1263,1767.47,174.48
新北市,永和區,上溪里,677,630435,931,650,370,1216,874.49,93.91
新北市,永和區,後溪里,598,603456,1009,723,393,1289,1026.88,101.76
新北市,永和區,頂溪里,838,861067,1028,681,375,1313,1298.48,126.37
新北市,永和區,網溪里,365,341217,935,670,368,1236,1054.33,112.78
新北市,永和區,復興里,801,774173,967,686,387,1218,982.07,101.61
新北市,永和區,竹林里,1209,1134343,938,645,357,1159,1143.06,121.83
新北市,永和區,中興里,922,952480,1033,673,370,1210,1420.28,137.48
新北市,永和區,店街里,1434,1769257,1234,727,407,1445,2307.66,187.04
新北市,永和區,潭墘里,1530,1787302,1168,740,397,1493,1901.61,162.78
新北市,永和區,水源里,1348,1323677,982,714,389,1241,1052.07,107.14
新北市,永和區,秀朗里,1231,1078130,876,619,383,1055,1179.26,134.65
新北市,永和區,大同里,253,167051,660,497,345,796,651.20,98.63
新北市,永和區,永成里,233,174221,748,537,358,870,701.23,93.78
新北市,永和區,福和里,1879,2111036,1123,738,383,1412,1591.86,141.69
新北市,永和區,豫溪里,1177,1168803,993,681,379,1312,1010.24,101.73
新北市,永和區,上林里,1102,1136682,1031,689,402,1296,1068.02,103.54
新北市,永和區,新里,738,680742,922,666,350,1133,923.62,100.13
新北市,永和區,和平里,1601,1602990,1001,675,364,1262,1527.58,152.57
新北市,永和區,仁愛里,878,861844,982,664,385,1221,1004.19,102.30
新北市,永和區,前溪里,705,694403,985,689,385,1247,1058.31,107.45
新北市,永和區,永興里,1033,916628,887,651,368,1081,933.98,105.26
新北市,永和區,永安里,1399,1671032,1194,794,409,1517,1407.36,117.83
新北市,永和區,雙和里,1311,1294969,988,713,396,1309,990.48,100.27
新北市,永和區,得和里,1556,1581346,1016,672,387,1280,1194.21,117.51
新北市,永和區,大新里,926,949936,1026,732,381,1373,1060.64,103.39
新北市,永和區,桂林里,1158,1091453,943,640,372,1174,974.95,103.44
新北市,永和區,勵行里,394,358389,910,649,364,1123,1114.44,122.52
新北市,永和區,光復里,558,500079,896,594,368,1126,855.13,95.42
新北市,永和區,光明里,1021,1028431,1007,697,393,1309,1030.09,102.26
新北市,永和區,信義里,957,1037892,1085,682,391,1255,2265.05,208.85
新北市,永和區,正興里,786,761836,969,642,372,1194,1071.53,110.55
新北市,永和區,忠義里,182,128258,705,535,344,859,624.02,88.55
新北市,永和區,新生里,221,167165,756,586,364,962,672.25,88.88
新北市,永和區,河堤里,1071,1291237,1206,818,439,1439,1471.50,122.05
新北市,永和區,民治里,954,859343,901,635,359,1072,1612.55,179.02
新北市,永和區,智光里,1007,795916,790,596,352,1022,668.22,84.54
新北市,永和區,秀和里,1656,1853459,1119,690,393,1341,2106.82,188.24
新北市,永和區,潭安里,1578,1566070,992,689,378,1260,1324.55,133.46
新北市,永和區,永貞里,1139,1150209,1010,674,389,1179,2901.93,287.37
新北市,永和區,福林里,1044,958247,918,643,362,1166,1113.04,121.26
新北市,永和區,安和里,1348,1389060,1030,687,370,1312,1375.52,133.49
新北市,永和區,文化里,848,815082,961,692,366,1225,968.60,100.77
新北市,永和區,民權里,1490,1590351,1067,708,390,1263,1744.13,163.41
新北市,永和區,民生里,1203,1105345,919,607,354,1119,2142.36,233.16
新北市,永和區,永福里,923,1017146,1102,682,380,1258,2862.24,259.73
新北市,永和區,河濱里,1027,1066967,1039,666,381,1249,1324.60,127.50
新北市,永和區,永元里,1616,1559180,965,700,378,1222,988.62,102.46
新北市,永和區,秀成里,886,804729,908,665,379,1123,1195.39,131.61
新北市,永和區,秀林里,1180,1049660,890,628,386,1116,965.44,108.53
新北市,永和區,秀得里,876,806561,921,669,397,1114,1018.16,110.58
新北市,永和區,民族里,1501,1619982,1079,693,392,1245,1625.02,150.57
新北市,永和區,民本里,1315,1533437,1166,732,425,1386,2280.79,195.59
新北市,永和區,民樂里,1596,2010157,1259,736,419,1362,2137.77,169.73
新北市,永和區,協和里,890,771814,867,585,341,1035,1120.85,129.25
新北市,永和區,保平里,1562,1706277,1092,693,391,1242,2377.20,217.62
新北市,永和區,保安里,2453,4072169,1660,796,436,1557,18209.49,1096.91
新北市,永和區,民富里,910,791019,869,662,394,1126,771.95,88.81
新北市,永和區,秀元里,972,905304,931,653,367,1168,998.04,107.16
新北市,永和區,永樂里,798,777996,975,657,391,1244,940.92,96.51
新北市,永和區,保順里,3416,4331224,1268,879,462,1627,1454.43,114.71
宜蘭縣,宜蘭市,南門里,408,302263,741,547,320,901,720.02,97.19
宜蘭縣,宜蘭市,建軍里,535,446497,835,619,372,1060,780.35,93.50
宜蘭縣,宜蘭市,民族里,737,603736,819,607,356,1041,782.61,95.54
宜蘭縣,宜蘭市,思源里,1505,1550488,1030,786,403,1360,1035.67,100.53
宜蘭縣,宜蘭市,負郭里,962,791623,823,635,340,1074,732.77,89.05
宜蘭縣,宜蘭市,神農里,906,678975,749,587,336,947,645.94,86.19
宜蘭縣,宜蘭市,民權里,529,431169,815,617,333,1109,702.99,86.25
宜蘭縣,宜蘭市,慈安里,492,316284,643,534,324,880,466.89,72.63
宜蘭縣,宜蘭市,新民里,498,359400,722,537,287,902,693.34,96.07
宜蘭縣,宜蘭市,東門里,272,220813,812,570,309,1037,833.13,102.63
宜蘭縣,宜蘭市,小東里,429,297301,693,524,335,911,535.72,77.30
宜蘭縣,宜蘭市,菜園里,380,269164,708,548,319,911,627.29,88.56
宜蘭縣,宜蘭市,孝廉里,322,230642,716,580,337,948,575.61,80.36
宜蘭縣,宜蘭市,中山里,288,206397,717,558,322,866,700.23,97.71
宜蘭縣,宜蘭市,北門里,310,215192,694,595,361,851,524.88,75.61
宜蘭縣,宜蘭市,西門里,461,324116,703,556,304,898,626.16,89.06
宜蘭縣,宜蘭市,凱旋里,335,257673,769,561,341,898,802.40,104.32
宜蘭縣,宜蘭市,南津里,562,501909,893,666,367,1170,774.49,86.72
宜蘭縣,宜蘭市,建業里,494,540995,1095,740,369,1497,1066.51,97.39
宜蘭縣,宜蘭市,南橋里,328,293649,895,621,390,1164,805.11,89.93
宜蘭縣,宜蘭市,進士里,752,677247,901,598,359,1035,1252.01,139.02
宜蘭縣,宜蘭市,茭白里,589,416521,707,593,343,944,539.07,76.23
宜蘭縣,宜蘭市,新生里,685,454578,664,536,321,798,578.42,87.16
宜蘭縣,宜蘭市,梅洲里,840,562220,669,526,317,863,584.67,87.35
宜蘭縣,宜蘭市,北津里,603,423848,703,544,318,919,700.22,99.62
宜蘭縣,宜蘭市,東村里,676,569397,842,644,371,1136,667.89,79.29
宜蘭縣,宜蘭市,延平里,968,866817,895,679,372,1213,724.21,80.88
宜蘭縣,宜蘭市,黎明里,563,490350,871,632,402,1109,850.64,97.67
宜蘭縣,宜蘭市,七張里,369,291380,790,557,328,785,2070.81,262.24
宜蘭縣,宜蘭市,復興里,898,743805,828,618,368,1002,1022.66,123.47
宜蘭縣,宜蘭市,文化里,1036,880988,850,621,360,1117,727.94,85.60
宜蘭縣,宜蘭市,七結里,851,824348,969,751,404,1272,793.02,81.87
宜蘭縣,宜蘭市,大新里,235,169170,720,526,325,877,792.49,110.09
宜蘭縣,宜蘭市,中興里,803,563845,702,561,346,888,540.12,76.92
宜蘭縣,宜蘭市,成功里,979,878678,898,689,408,1158,753.37,83.94
宜蘭縣,宜蘭市,泰山里,585,411800,704,554,342,846,600.13,85.25
宜蘭縣,宜蘭市,新東里,945,767048,812,615,346,1014,859.91,105.94
宜蘭縣,宜蘭市,擺厘里,1022,910213,891,663,390,1113,950.47,106.72
宜蘭縣,頭城鎮,石城里,57,35447,622,484,281,702,541.96,87.15
宜蘭縣,頭城鎮,大里里,107,67006,626,584,322,799,466.13,74.44
宜蘭縣,頭城鎮,大溪里,157,90582,577,457,293,702,572.48,99.22
宜蘭縣,頭城鎮,更新里,260,156175,601,439,276,697,656.18,109.24
宜蘭縣,頭城鎮,合興里,66,40340,611,460,319,866,435.29,71.22
宜蘭縣,頭城鎮,外澳里,156,121700,780,561,303,841,1170.55,150.05
宜蘭縣,頭城鎮,港口里,156,97102,622,479,264,731,648.32,104.16
宜蘭縣,頭城鎮,武營里,388,289295,746,574,305,963,671.45,90.05
宜蘭縣,頭城鎮,城東里,196,127370,650,502,280,843,567.24,87.29
宜蘭縣,頭城鎮,城西里,163,109512,672,511,303,732,732.49,109.03
宜蘭縣,頭城鎮,城南里,190,137008,721,532,321,888,649.17,90.03
宜蘭縣,頭城鎮,城北里,128,89528,699,533,367,1013,502.59,71.86
宜蘭縣,頭城鎮,大坑里,279,173754,623,509,301,779,511.17,82.08
宜蘭縣,頭城鎮,竹安里,442,255237,577,475,291,691,489.28,84.73
宜蘭縣,頭城鎮,新建里,530,391519,739,591,332,931,625.79,84.71
宜蘭縣,頭城鎮,拔雅里,493,365526,741,548,346,892,671.58,90.58
宜蘭縣,頭城鎮,福成里,241,159708,663,503,345,739,639.78,96.54
宜蘭縣,頭城鎮,金面里,407,257905,634,525,329,767,482.86,76.20
宜蘭縣,頭城鎮,金盈里,206,131681,639,539,316,832,466.24,72.94
宜蘭縣,頭城鎮,頂埔里,358,230617,644,495,308,748,655.83,101.81
宜蘭縣,頭城鎮,下埔里,222,145750,657,519,307,837,537.38,81.85
宜蘭縣,頭城鎮,中崙里,263,300749,1144,483,285,825,8254.47,721.84
宜蘭縣,頭城鎮,二城里,294,171545,583,469,290,730,476.02,81.58
宜蘭縣,頭城鎮,龜山里,97,58895,607,501,313,721,545.68,89.87
宜蘭縣,礁溪鄉,大忠村,745,521677,700,552,324,868,650.35,92.88
宜蘭縣,礁溪鄉,大義村,154,98483,640,540,260,866,547.18,85.56
宜蘭縣,礁溪鄉,二龍村,295,210520,714,585,332,914,568.80,79.71
宜蘭縣,礁溪鄉,德陽村,1104,883688,800,573,332,1006,960.03,119.94
宜蘭縣,礁溪鄉,白雲村,417,278133,667,520,301,855,598.38,89.71
宜蘭縣,礁溪鄉,玉石村,538,449015,835,530,326,907,2074.78,248.60
宜蘭縣,礁溪鄉,六結村,422,355489,842,584,340,1076,875.59,103.94
宜蘭縣,礁溪鄉,時潮村,348,229821,660,506,319,801,573.15,86.79
宜蘭縣,礁溪鄉,林美村,266,179905,676,504,344,779,612.95,90.63
宜蘭縣,礁溪鄉,三民村,638,388702,609,524,315,760,459.32,75.39
宜蘭縣,礁溪鄉,玉田村,537,384982,717,529,307,868,1250.78,174.47
宜蘭縣,礁溪鄉,白鵝村,211,140366,665,492,312,797,608.67,91.50
宜蘭縣,礁溪鄉,玉光村,262,181798,694,516,292,852,635.72,91.62
宜蘭縣,礁溪鄉,光武村,338,259169,767,573,317,893,806.41,105.17
宜蘭縣,礁溪鄉,匏崙村,177,111760,631,517,333,746,488.30,77.33
宜蘭縣,礁溪鄉,二結村,112,74023,661,483,315,890,645.62,97.69
宜蘭縣,礁溪鄉,吳沙村,678,519487,766,551,329,927,780.24,101.83
宜蘭縣,礁溪鄉,龍潭村,842,535990,637,503,307,832,483.63,75.98
宜蘭縣,壯圍鄉,東港村,185,107879,583,509,300,714,447.10,76.67
宜蘭縣,壯圍鄉,復興村,344,207371,603,512,306,791,424.76,70.46
宜蘭縣,壯圍鄉,吉祥村,661,484355,733,549,342,883,743.42,101.45
宜蘭縣,壯圍鄉,新南村,211,142115,674,523,296,894,552.71,82.06
宜蘭縣,壯圍鄉,美福村,429,293433,684,551,325,884,532.74,77.89
宜蘭縣,壯圍鄉,大福村,415,260886,629,492,286,788,557.06,88.61
宜蘭縣,壯圍鄉,新社村,218,212296,974,531,292,854,3244.04,333.12
宜蘭縣,壯圍鄉,忠孝村,578,385025,666,516,305,829,570.61,85.66
宜蘭縣,壯圍鄉,功勞村,309,239845,776,594,359,1082,644.02,82.97
宜蘭縣,壯圍鄉,永鎮村,155,98429,635,497,273,750,587.52,92.52
宜蘭縣,壯圍鄉,過嶺村,316,198837,629,455,315,783,597.74,95.00
宜蘭縣,壯圍鄉,美城村,508,393867,775,555,350,922,763.07,98.42
宜蘭縣,壯圍鄉,古亭村,382,259358,679,529,307,919,544.48,80.20
宜蘭縣,壯圍鄉,古結村,275,199495,725,566,370,914,644.23,88.81
宜蘭縣,員山鄉,員山村,1618,1306890,808,599,346,980,1399.16,173.22
宜蘭縣,員山鄉,尚德村,592,427600,722,560,341,891,656.37,90.87
宜蘭縣,員山鄉,內城村,337,238661,708,493,288,728,1991.93,281.27
宜蘭縣,員山鄉,惠好村,388,281895,727,587,352,924,579.92,79.82
宜蘭縣,員山鄉,深溝村,444,497610,1121,573,322,975,4860.90,433.72
宜蘭縣,員山鄉,蓁巷村,292,185574,636,457,271,750,1068.78,168.17
宜蘭縣,員山鄉,七賢村,328,305605,932,536,309,828,2309.19,247.84
宜蘭縣,員山鄉,永和村,465,296419,637,492,283,804,565.23,88.67
宜蘭縣,員山鄉,枕山村,505,386448,765,533,320,869,1272.97,166.35
宜蘭縣,員山鄉,頭分村,369,237846,645,489,314,762,556.74,86.37
宜蘭縣,員山鄉,同樂村,565,352848,625,475,294,775,554.22,88.74
宜蘭縣,員山鄉,湖東村,213,135671,637,480,294,790,630.41,98.97
宜蘭縣,員山鄉,湖西村,279,195484,701,498,300,817,852.07,121.61
宜蘭縣,員山鄉,逸仙村,203,163797,807,573,330,1005,803.94,99.64
宜蘭縣,員山鄉,湖北村,265,256697,969,502,285,874,4596.50,474.52
宜蘭縣,員山鄉,中華村,120,87793,732,441,295,737,1433.63,195.96
宜蘭縣,羅東鎮,成功里,487,373743,767,611,355,971,681.86,88.85
宜蘭縣,羅東鎮,北成里,886,808485,913,648,365,1190,855.51,93.75
宜蘭縣,羅東鎮,仁愛里,1165,968076,831,575,353,1041,758.82,91.32
宜蘭縣,羅東鎮,竹林里,931,719150,772,573,337,936,944.53,122.28
宜蘭縣,羅東鎮,賢文里,1179,951952,807,585,337,989,1129.62,139.90
宜蘭縣,羅東鎮,東安里,1138,934205,821,596,345,1001,1087.43,132.46
宜蘭縣,羅東鎮,新羣里,799,580229,726,525,340,904,840.81,115.78
宜蘭縣,羅東鎮,羅莊里,925,704961,762,562,334,967,893.91,117.29
宜蘭縣,羅東鎮,仁德里,340,265911,782,552,348,966,945.94,120.95
宜蘭縣,羅東鎮,漢民里,1115,872622,783,543,325,918,1549.53,197.99
宜蘭縣,羅東鎮,西安里,880,636429,723,585,342,927,595.07,82.28
宜蘭縣,羅東鎮,信義里,1003,875634,873,640,399,1088,983.46,112.65
宜蘭縣,羅東鎮,公正里,914,846512,926,630,352,1032,1668.96,180.20
宜蘭縣,羅東鎮,大新里,448,420773,939,553,352,1008,1762.66,187.67
宜蘭縣,羅東鎮,南昌里,696,584934,840,613,369,1018,885.38,105.35
宜蘭縣,羅東鎮,集祥里,308,279992,909,592,328,1068,1369.51,150.65
宜蘭縣,羅東鎮,南豪里,413,300268,727,558,318,964,579.95,79.77
宜蘭縣,羅東鎮,樹林里,1238,1163629,940,664,369,1186,931.58,99.11
宜蘭縣,羅東鎮,維揚里,893,732247,820,627,377,991,738.45,90.06
宜蘭縣,羅東鎮,開明里,394,281391,714,505,306,871,727.06,101.80
宜蘭縣,羅東鎮,中山里,403,293119,727,521,293,912,717.55,98.65
宜蘭縣,羅東鎮,仁和里,267,183212,686,509,275,843,678.28,98.85
宜蘭縣,羅東鎮,國華里,1449,1253897,865,628,351,1089,843.19,97.44
宜蘭縣,五結鄉,五結村,1067,786358,737,570,362,941,589.93,80.05
宜蘭縣,五結鄉,協和村,916,676284,738,543,323,913,697.48,94.47
宜蘭縣,五結鄉,大吉村,1006,679968,676,540,321,863,564.16,83.47
宜蘭縣,五結鄉,福興村,538,378713,704,524,297,885,622.37,88.41
宜蘭縣,五結鄉,三興村,609,452175,742,562,357,880,715.09,96.31
宜蘭縣,五結鄉,鎮安村,756,524232,693,572,368,877,561.61,80.99
宜蘭縣,五結鄉,中興村,415,292040,704,524,333,910,616.11,87.55
宜蘭縣,五結鄉,四結村,817,703754,861,624,367,1063,806.30,93.61
宜蘭縣,五結鄉,上四村,485,311698,643,541,321,848,464.40,72.26
宜蘭縣,五結鄉,二結村,580,471912,814,634,362,1048,727.43,89.40
宜蘭縣,五結鄉,利澤村,551,360706,655,511,302,841,533.63,81.52
宜蘭縣,五結鄉,季新村,715,442985,620,480,290,743,592.44,95.62
宜蘭縣,五結鄉,成興村,817,577149,706,523,324,793,2412.66,341.53
宜蘭縣,五結鄉,孝威村,396,253986,641,512,326,749,559.69,87.26
宜蘭縣,五結鄉,錦衆村,339,212132,626,477,298,791,556.63,88.95
宜蘭縣,冬山鄉,南興村,944,769589,815,640,376,1055,687.54,84.34
宜蘭縣,冬山鄉,冬山村,218,159554,732,569,322,936,633.26,86.52
宜蘭縣,冬山鄉,武淵村,367,265894,725,526,299,852,802.85,110.81
宜蘭縣,冬山鄉,珍珠村,484,386234,798,583,346,960,817.55,102.45
宜蘭縣,冬山鄉,三奇村,282,174588,619,529,327,857,421.21,68.03
宜蘭縣,冬山鄉,補城村,322,238424,740,593,311,928,693.79,93.70
宜蘭縣,冬山鄉,大興村,286,196101,686,526,350,821,546.68,79.73
宜蘭縣,冬山鄉,東城村,456,305280,669,553,330,831,570.57,85.23
宜蘭縣,冬山鄉,香和村,918,683785,745,571,335,960,660.05,88.61
宜蘭縣,冬山鄉,安平村,211,126117,598,451,315,697,503.62,84.26
宜蘭縣,冬山鄉,太和村,436,312331,716,542,358,843,626.55,87.46
宜蘭縣,冬山鄉,永美村,964,813276,844,589,353,1001,2297.13,272.29
宜蘭縣,冬山鄉,八寶村,245,175108,715,587,354,871,697.60,97.60
宜蘭縣,冬山鄉,丸山村,393,290553,739,570,336,899,985.42,133.29
宜蘭縣,冬山鄉,中山村,111,76259,687,540,313,818,632.19,92.02
宜蘭縣,冬山鄉,順安村,1492,975376,654,508,313,825,666.15,101.90
宜蘭縣,冬山鄉,清溝村,1170,941317,805,599,373,1010,715.04,88.88
宜蘭縣,冬山鄉,羣英村,1435,1033705,720,550,330,895,646.94,89.81
宜蘭縣,冬山鄉,鹿埔村,650,451824,695,539,319,830,778.98,112.07
宜蘭縣,冬山鄉,得安村,265,174712,659,499,287,794,757.57,114.91
宜蘭縣,冬山鄉,廣興村,755,530294,702,524,326,840,706.15,100.54
宜蘭縣,冬山鄉,廣安村,496,376469,759,583,342,967,702.94,92.61
宜蘭縣,冬山鄉,柯林村,463,371789,803,634,340,1082,644.39,80.25
宜蘭縣,冬山鄉,大進村,148,97604,659,460,294,786,693.54,105.16
宜蘭縣,蘇澳鎮,港邊里,349,246901,707,537,344,856,626.43,88.55
宜蘭縣,蘇澳鎮,永春里,160,94147,588,500,324,713,397.15,67.49
宜蘭縣,蘇澳鎮,東澳里,69,42124,610,478,346,699,467.00,76.50
宜蘭縣,蘇澳鎮,聖湖里,743,526355,708,542,356,852,664.74,93.83
宜蘭縣,蘇澳鎮,新城里,398,266769,670,541,349,874,493.55,73.63
宜蘭縣,蘇澳鎮,隘丁里,776,532678,686,560,354,863,501.15,73.01
宜蘭縣,蘇澳鎮,永榮里,1059,738145,697,580,358,881,523.61,75.12
宜蘭縣,蘇澳鎮,存仁里,253,168828,667,551,348,801,499.33,74.83
宜蘭縣,蘇澳鎮,頂寮里,276,184337,668,540,346,770,587.88,88.02
宜蘭縣,蘇澳鎮,永樂里,130,79888,615,431,288,719,854.72,139.09
宜蘭縣,蘇澳鎮,蘇東里,144,104083,723,561,349,808,832.46,115.17
宜蘭縣,蘇澳鎮,朝陽里,105,69820,665,503,372,741,754.91,113.53
宜蘭縣,蘇澳鎮,南強里,146,89793,615,505,356,740,427.23,69.47
宜蘭縣,蘇澳鎮,南寧里,212,183737,867,535,314,842,1513.45,174.62
宜蘭縣,蘇澳鎮,南安里,248,162882,657,488,270,803,628.93,95.76
宜蘭縣,蘇澳鎮,南正里,206,128844,625,550,312,804,442.86,70.81
宜蘭縣,蘇澳鎮,蘇西里,714,511677,717,535,320,917,644.13,89.88
宜蘭縣,蘇澳鎮,蘇南里,138,103858,753,540,348,762,995.73,132.31
宜蘭縣,蘇澳鎮,蘇北里,287,186801,651,540,290,829,523.63,80.45
宜蘭縣,蘇澳鎮,長安里,164,109873,670,565,368,889,418.28,62.43
宜蘭縣,蘇澳鎮,永光里,120,110157,918,464,296,812,1899.01,206.87
宜蘭縣,蘇澳鎮,南興里,281,170825,608,504,332,759,445.57,73.29
宜蘭縣,蘇澳鎮,龍德里,951,597200,628,514,327,797,466.99,74.37
宜蘭縣,蘇澳鎮,南成里,204,122576,601,500,318,725,515.75,85.84
宜蘭縣,蘇澳鎮,南建里,234,142524,609,492,320,729,606.45,99.57
宜蘭縣,蘇澳鎮,聖愛里,769,533835,694,548,341,837,706.52,101.78
宜蘭縣,三星鄉,月眉村,211,141434,670,485,308,811,648.77,96.79
宜蘭縣,三星鄉,人和村,96,70851,738,534,334,807,798.73,108.22
宜蘭縣,三星鄉,義德村,290,214068,738,576,360,892,645.57,87.46
宜蘭縣,三星鄉,雙賢村,120,90096,751,505,262,970,868.11,115.62
宜蘭縣,三星鄉,集慶村,287,191510,667,530,322,795,564.95,84.66
宜蘭縣,三星鄉,萬德村,131,81628,623,492,308,800,499.11,80.10
宜蘭縣,三星鄉,萬富村,171,146373,856,584,337,992,884.86,103.37
宜蘭縣,三星鄉,貴林村,106,65418,617,486,308,727,486.23,78.79
宜蘭縣,三星鄉,大隱村,1147,812016,708,528,313,844,813.71,114.94
宜蘭縣,三星鄉,行健村,192,139954,729,493,291,897,833.23,114.31
宜蘭縣,三星鄉,拱照村,222,150916,680,542,302,882,612.81,90.15
宜蘭縣,三星鄉,大洲村,425,350684,825,602,354,1008,882.31,106.93
宜蘭縣,三星鄉,大義村,310,230868,745,469,264,863,866.87,116.40
宜蘭縣,三星鄉,尾塹村,384,274773,716,593,349,924,584.25,81.65
宜蘭縣,三星鄉,尚武村,176,108288,615,482,319,789,455.10,73.97
宜蘭縣,三星鄉,天山村,126,88008,698,477,312,797,703.13,100.67
宜蘭縣,三星鄉,天福村,137,91521,668,502,289,830,719.44,107.69
宜蘭縣,三星鄉,員山村,59,34293,581,420,277,741,427.85,73.61
宜蘭縣,大同鄉,寒溪村,171,106481,623,488,302,763,759.97,122.04
宜蘭縣,大同鄉,松羅村,108,67891,629,522,357,814,389.21,61.92
宜蘭縣,大同鄉,土場村,0,0,0,0,0,0,0.00,0.00
宜蘭縣,大同鄉,太平村,11,5043,458,238,218,563,470.50,102.62
宜蘭縣,大同鄉,四季村,71,54400,766,632,430,969,516.08,67.36
宜蘭縣,大同鄉,樂水村,44,33061,751,726,464,1005,428.57,57.04
宜蘭縣,大同鄉,南山村,40,26312,658,596,369,886,383.26,58.26
宜蘭縣,大同鄉,崙埤村,105,70666,673,577,381,860,382.62,56.85
宜蘭縣,大同鄉,英士村,38,20493,539,413,264,633,513.66,95.25
宜蘭縣,大同鄉,復興村,38,19531,514,398,235,584,493.26,95.97
宜蘭縣,大同鄉,茂安村,27,17737,657,547,409,795,447.63,68.14
宜蘭縣,南澳鄉,南澳村,317,225948,713,559,371,931,531.85,74.62
宜蘭縣,南澳鄉,碧候村,174,97106,558,509,345,743,317.24,56.84
宜蘭縣,南澳鄉,東岳村,107,76367,714,542,346,910,536.54,75.18
宜蘭縣,南澳鄉,武塔村,93,63114,679,560,334,880,491.90,72.48
宜蘭縣,南澳鄉,金岳村,63,38781,616,541,341,743,454.41,73.82
宜蘭縣,南澳鄉,金洋村,87,49950,574,563,314,737,369.53,64.36
宜蘭縣,南澳鄉,澳花村,184,113067,614,553,304,763,462.76,75.31
桃園市,桃園區,文化里,250,309334,1237,622,316,1202,2931.43,236.91
桃園市,桃園區,武陵里,523,544443,1041,628,371,1136,1839.99,176.75
桃園市,桃園區,文昌里,331,287357,868,620,356,1065,834.62,96.14
桃園市,桃園區,長美里,316,268375,849,615,362,1092,799.43,94.13
桃園市,桃園區,永興里,580,492765,850,572,318,1060,943.78,111.09
桃園市,桃園區,南門里,1892,1754407,927,636,379,1123,1068.17,115.19
桃園市,桃園區,東門里,1033,1009114,977,630,364,1167,1099.01,112.50
桃園市,桃園區,西門里,505,493234,977,563,329,1180,1313.12,134.44
桃園市,桃園區,北門里,522,442526,848,539,338,1012,1205.44,142.19
桃園市,桃園區,雲林里,2123,2025503,954,673,393,1259,894.52,93.76
桃園市,桃園區,豐林里,2137,1833515,858,596,363,1078,1049.23,122.29
桃園市,桃園區,會稽里,3001,2738379,912,663,391,1134,1521.79,166.77
桃園市,桃園區,朝陽里,639,535945,839,604,349,1089,761.31,90.77
桃園市,桃園區,青溪里,1523,1444067,948,604,356,1024,1716.29,181.01
桃園市,桃園區,汴洲里,1487,1216186,818,587,364,976,893.24,109.21
桃園市,桃園區,東埔里,1409,1121220,796,562,340,982,977.68,122.86
桃園市,桃園區,中埔里,767,642909,838,595,354,1093,862.23,102.87
桃園市,桃園區,西埔里,1063,1026733,966,640,373,1187,1199.89,124.23
桃園市,桃園區,中山里,2086,2171126,1041,715,405,1309,1071.11,102.91
桃園市,桃園區,中正里,1737,1813193,1044,673,392,1219,1613.70,154.59
桃園市,桃園區,龍岡里,1931,1793265,929,699,399,1181,934.60,100.64
桃園市,桃園區,東山里,594,547820,922,614,360,1072,1147.02,124.37
桃園市,桃園區,南華里,426,390634,917,544,334,1056,1349.48,147.17
桃園市,桃園區,大林里,3511,3043103,867,655,395,1094,833.89,96.21
桃園市,桃園區,文明里,506,509305,1007,694,374,1207,1231.93,122.39
桃園市,桃園區,建國里,1695,1371155,809,599,361,999,746.92,92.33
桃園市,桃園區,成功里,1483,1853830,1250,702,387,1378,3680.07,294.39
桃園市,桃園區,忠義里,2699,2751772,1020,742,416,1270,1050.81,103.07
桃園市,桃園區,永安里,1433,1156903,807,604,341,1031,759.17,94.03
桃園市,桃園區,玉山里,1678,1522725,907,621,371,1078,1098.17,121.01
桃園市,桃園區,中興里,1764,1649624,935,643,389,1130,1030.12,110.15
桃園市,桃園區,西湖里,480,502749,1047,626,349,1133,1968.94,187.98
桃園市,桃園區,福林里,1966,1844946,938,669,398,1122,1752.72,186.77
桃園市,桃園區,慈文里,1922,1603294,834,623,390,1059,722.05,86.56
桃園市,桃園區,新埔里,3037,3686198,1214,792,426,1473,1828.47,150.64
桃園市,桃園區,萬壽里,351,276262,787,556,336,988,758.81,96.41
桃園市,桃園區,中成里,1458,1378517,945,649,390,1090,1156.27,122.29
桃園市,桃園區,長安里,1056,884676,838,576,352,960,1099.63,131.26
桃園市,桃園區,光興里,1790,1887921,1055,700,402,1276,1357.96,128.75
桃園市,桃園區,龍山里,1109,803519,725,541,355,877,666.73,92.02
桃園市,桃園區,民生里,523,508462,972,668,377,1165,1194.81,122.90
桃園市,桃園區,中和里,448,618128,1380,542,315,986,6902.77,500.29
桃園市,桃園區,大豐里,1617,1379506,853,620,377,1056,1075.36,126.05
桃園市,桃園區,福安里,1437,1445200,1006,658,396,1187,1785.83,177.57
桃園市,桃園區,三民里,1574,2101126,1335,727,408,1329,3767.96,282.27
桃園市,桃園區,大興里,3522,3377438,959,680,388,1229,1012.79,105.61
桃園市,桃園區,春日里,1988,1620438,815,627,374,1037,740.57,90.86
桃園市,桃園區,信光里,2146,2093617,976,673,390,1200,1306.98,133.97
桃園市,桃園區,中寧里,2137,2540574,1189,834,438,1522,1344.40,113.08
桃園市,桃園區,同安里,2638,3770961,1429,732,385,1533,3382.82,236.65
桃園市,桃園區,莊敬里,2836,3977731,1403,815,431,1596,2288.69,163.18
桃園市,桃園區,文中里,808,716552,887,641,364,1107,872.68,98.41
桃園市,桃園區,泰山里,1364,1361820,998,666,375,1207,1277.75,127.98
桃園市,桃園區,中路里,1384,1262576,912,644,385,1110,1077.33,118.09
桃園市,桃園區,中德里,2207,2139980,970,655,394,1108,2695.78,278.02
桃園市,桃園區,龍祥里,1542,1467327,952,700,405,1189,964.86,101.40
桃園市,桃園區,大有里,1658,1645852,993,768,430,1278,918.49,92.53
桃園市,桃園區,寶山里,2610,2328447,892,669,390,1125,1031.53,115.63
桃園市,桃園區,龍鳳里,2295,2152781,938,694,397,1225,883.41,94.18
桃園市,桃園區,龍安里,1717,1773640,1033,733,422,1306,1028.77,99.59
桃園市,桃園區,自強里,2420,2849024,1177,764,439,1388,1600.12,135.92
桃園市,桃園區,中信里,1909,1810461,948,680,389,1199,1013.67,106.88
桃園市,桃園區,長德里,1591,1535266,965,650,389,1138,1346.09,139.50
桃園市,桃園區,中平里,1420,1267046,892,602,367,1110,1115.58,125.02
桃園市,桃園區,中原里,1552,1501373,967,728,406,1231,868.74,89.80
桃園市,桃園區,中泰里,1433,1739318,1214,818,445,1552,1276.26,105.15
桃園市,桃園區,南埔里,1492,1579211,1058,703,387,1252,1789.15,169.03
桃園市,桃園區,寶慶里,2056,2653684,1291,928,488,1602,1655.58,128.27
桃園市,桃園區,北埔里,1535,1673966,1091,783,449,1297,1157.61,106.15
桃園市,桃園區,永和里,6,3262,544,528,323,781,327.57,60.26
桃園市,桃園區,三元里,1124,1123101,999,719,390,1197,1146.53,114.75
桃園市,桃園區,中聖里,1916,2201341,1149,817,433,1483,1105.31,96.20
桃園市,桃園區,龍壽里,1773,1609993,908,684,419,1153,861.09,94.83
桃園市,桃園區,瑞慶里,1821,1843274,1012,743,416,1258,1054.93,104.22
桃園市,桃園區,寶安里,2599,2932648,1128,790,435,1363,1642.17,145.53
桃園市,桃園區,同德里,2052,2791073,1360,972,496,1791,1741.78,128.06
桃園市,桃園區,明德里,1152,2341766,2033,853,436,1844,4746.93,233.52
桃園市,大溪區,興和里,477,363609,762,591,333,959,681.85,89.45
桃園市,大溪區,福仁里,253,323312,1278,521,306,835,6220.25,486.75
桃園市,大溪區,一心里,1331,1133571,852,577,345,985,1531.99,179.88
桃園市,大溪區,月眉里,308,215568,700,552,355,878,594.14,84.89
桃園市,大溪區,康安里,305,218044,715,511,325,810,715.28,100.05
桃園市,大溪區,義和里,398,289645,728,535,359,817,708.61,97.37
桃園市,大溪區,福安里,495,399451,807,552,344,911,980.11,121.46
桃園市,大溪區,美華里,750,501668,669,517,319,803,621.59,92.93
桃園市,大溪區,復興里,171,107396,628,451,299,741,596.81,95.03
桃園市,大溪區,新峰里,123,80945,658,490,309,821,658.30,100.03
桃園市,大溪區,永福里,268,933450,3483,566,354,1122,16940.67,486.38
桃園市,大溪區,瑞興里,669,519792,777,527,343,859,1284.50,165.32
桃園市,大溪區,中新里,411,268901,654,505,321,784,558.26,85.33
桃園市,大溪區,仁善里,2204,1938486,880,633,383,1099,1219.04,138.60
桃園市,大溪區,南興里,1344,907753,675,539,340,829,668.58,98.99
桃園市,大溪區,員林里,477,379019,795,561,343,1002,741.89,93.37
桃園市,大溪區,瑞源里,1139,1004914,882,624,385,1117,1059.88,120.13
桃園市,大溪區,僑愛里,791,643899,814,664,385,1061,709.30,87.13
桃園市,大溪區,一德里,1422,1014936,714,536,346,873,637.15,89.27
桃園市,大溪區,仁愛里,1433,1131093,789,610,377,987,680.84,86.26
桃園市,大溪區,仁義里,696,457447,657,516,329,874,507.20,77.17
桃園市,大溪區,仁武里,901,697502,774,568,345,969,737.15,95.22
桃園市,大溪區,光明里,658,508975,774,585,367,974,692.89,89.58
桃園市,大溪區,三元里,885,769246,869,657,388,1111,887.92,102.15
桃園市,大溪區,田心里,1353,1012299,748,555,353,947,732.38,97.89
桃園市,大溪區,仁文里,994,651250,655,505,328,797,555.76,84.83
桃園市,大溪區,仁和里,1298,1084486,836,626,377,1073,700.26,83.81
桃園市,中壢區,後寮里,1453,1215754,837,620,385,1041,764.56,91.38
桃園市,中壢區,石頭里,601,629537,1047,649,333,1294,1258.69,120.16
桃園市,中壢區,新興里,1278,1154584,903,666,395,1127,841.55,93.15
桃園市,中壢區,仁美里,1823,1589529,872,658,379,1093,807.12,92.57
桃園市,中壢區,普仁里,1262,1077119,854,629,362,1087,768.01,89.98
桃園市,中壢區,普義里,1363,1309682,961,718,420,1231,947.93,98.65
桃園市,中壢區,內壢里,646,534517,827,586,362,989,900.61,108.84
桃園市,中壢區,內定里,2146,1805725,841,627,385,1053,936.27,111.27
桃園市,中壢區,水尾里,1132,1218814,1077,627,387,1059,4579.51,425.33
桃園市,中壢區,青埔里,791,808401,1022,779,421,1248,1008.20,98.65
桃園市,中壢區,新街里,685,677429,989,641,378,1196,1398.43,141.41
桃園市,中壢區,興南里,1074,1065631,992,647,363,1153,1165.57,117.47
桃園市,中壢區,興國里,683,569330,834,615,363,1061,853.97,102.45
桃園市,中壢區,中壢里,213,177234,832,600,333,962,821.32,98.71
桃園市,中壢區,中榮里,274,617160,2252,629,373,1080,17930.29,796.05
桃園市,中壢區,中建里,365,308553,845,526,320,1000,977.08,115.58
桃園市,中壢區,舊明里,495,411405,831,555,331,956,1110.97,133.67
桃園市,中壢區,新明里,1189,1000016,841,630,353,993,950.48,113.01
桃園市,中壢區,三民里,912,764363,838,598,355,1035,884.76,105.57
桃園市,中壢區,五權里,2053,2228965,1086,722,413,1303,1735.43,159.84
桃園市,中壢區,芝芭里,809,825355,1020,703,411,1247,1047.11,102.64
桃園市,中壢區,內厝里,1447,1525388,1054,675,390,1228,1615.65,153.26
桃園市,中壢區,月眉里,1305,1064368,816,617,378,1007,916.13,112.32
桃園市,中壢區,山東里,1014,853138,841,605,385,964,898.83,106.83
桃園市,中壢區,過嶺里,1484,1595128,1075,769,453,1341,1113.60,103.60
桃園市,中壢區,興仁里,1022,839378,821,622,376,995,822.38,100.13
桃園市,中壢區,中原里,1246,1050507,843,626,393,1076,733.73,87.03
桃園市,中壢區,自立里,1390,1073838,773,590,378,977,677.67,87.72
桃園市,中壢區,洽溪里,839,862676,1028,729,420,1363,902.72,87.79
桃園市,中壢區,中堅里,1135,1037907,914,733,427,1216,693.05,75.79
桃園市,中壢區,永興里,304,229064,753,525,333,841,903.06,119.85
桃園市,中壢區,光明里,1890,2045786,1082,672,390,1281,2576.67,238.05
桃園市,中壢區,中央里,1320,1291798,979,685,382,1193,1003.38,102.53
桃園市,中壢區,龍岡里,1395,1100118,789,631,384,1007,661.83,83.92
桃園市,中壢區,中正里,1527,1317339,863,640,383,1051,801.11,92.86
桃園市,中壢區,篤行里,819,795211,971,696,424,1216,904.14,93.12
桃園市,中壢區,信義里,1585,1586539,1001,721,421,1296,1141.72,114.06
桃園市,中壢區,忠義里,1149,1079167,939,722,425,1208,868.37,92.46
桃園市,中壢區,忠福里,2484,2213710,891,664,389,1116,854.18,95.85
桃園市,中壢區,東興里,1091,1139683,1045,671,377,1183,2237.26,214.17
桃園市,中壢區,復興里,3057,2755802,901,694,420,1139,758.88,84.18
桃園市,中壢區,自強里,1182,1164746,985,693,407,1246,942.03,95.60
桃園市,中壢區,龍平里,782,586831,750,610,375,979,563.43,75.08
桃園市,中壢區,成功里,1347,1147661,852,620,398,1033,990.41,116.24
桃園市,中壢區,龍興里,1379,1155442,838,646,392,1082,751.11,89.64
桃園市,中壢區,仁愛里,985,885304,899,634,364,1109,948.10,105.49
桃園市,中壢區,仁德里,890,646811,727,603,383,968,497.96,68.52
桃園市,中壢區,仁祥里,810,564936,697,565,365,894,531.95,76.27
桃園市,中壢區,龍東里,1292,1017162,787,617,379,1004,674.45,85.67
桃園市,中壢區,龍昌里,1642,1251867,762,599,392,978,568.04,74.51
桃園市,中壢區,文化里,2993,2667926,891,634,397,1114,850.27,95.39
桃園市,中壢區,振興里,1479,1147986,776,590,371,984,642.45,82.77
桃園市,中壢區,普慶里,862,789734,916,647,392,1121,991.11,108.18
桃園市,中壢區,興和里,911,755320,829,617,382,1003,760.02,91.67
桃園市,中壢區,永光里,1791,1787292,998,735,423,1267,1011.31,101.34
桃園市,中壢區,復華里,1715,1411646,823,633,379,1048,674.97,82.00
桃園市,中壢區,忠孝里,1555,1565111,1007,732,428,1275,1036.40,102.97
桃園市,中壢區,福德里,852,768573,902,626,388,1095,1551.48,171.99
桃園市,中壢區,和平里,827,650782,787,605,390,991,710.64,90.31
桃園市,中壢區,普忠里,1045,1187387,1136,747,397,1434,2658.40,233.96
桃園市,中壢區,普強里,1261,1200536,952,638,365,1175,1261.26,132.48
桃園市,中壢區,明德里,1597,1464560,917,655,397,1162,921.67,100.50
桃園市,中壢區,至善里,1169,1023660,876,679,414,1112,748.64,85.49
桃園市,中壢區,五福里,981,775888,791,565,353,993,723.99,91.54
桃園市,中壢區,龍德里,1283,1212085,945,737,421,1237,815.05,86.27
桃園市,中壢區,正義里,1483,1344914,907,624,376,1091,1289.98,142.24
桃園市,中壢區,龍安里,568,438896,773,602,381,958,698.00,90.33
桃園市,中壢區,中山里,1641,1496448,912,684,417,1166,963.09,105.61
桃園市,中壢區,德義里,953,795755,835,612,364,1012,790.17,94.63
桃園市,中壢區,仁義里,1286,1206912,939,665,398,1221,887.19,94.53
桃園市,中壢區,華勛里,860,602709,701,544,350,893,585.15,83.49
桃園市,中壢區,仁福里,1490,1208369,811,640,398,988,801.67,98.85
桃園市,中壢區,幸福里,1965,1672565,851,603,372,1061,1216.26,142.89
桃園市,中壢區,永福里,1897,1686892,889,630,380,1102,844.62,94.98
桃園市,中壢區,仁和里,1099,843507,768,645,405,991,514.64,67.05
桃園市,中壢區,華愛里,1075,928674,864,620,387,1076,830.51,96.14
桃園市,中壢區,莊敬里,1065,941344,884,647,390,1115,799.81,90.49
桃園市,中壢區,自治里,997,901781,904,647,396,1159,861.57,95.25
桃園市,中壢區,健行里,1558,1465379,941,697,404,1250,838.53,89.15
桃園市,中壢區,興平里,806,693269,860,642,383,1104,785.52,91.33
桃園市,中壢區,中興里,1057,931157,881,677,402,1085,725.40,82.34
桃園市,中壢區,龍慈里,1492,1373436,921,718,430,1159,800.35,86.94
桃園市,中壢區,自信里,1711,1661019,971,758,419,1280,1032.61,106.37
桃園市,中壢區,林森里,1267,1244366,982,674,385,1209,1048.50,106.76
桃園市,中壢區,金華里,1549,2647655,1709,1008,497,1995,2901.34,169.74
桃園市,楊梅區,楊梅里,1291,1203015,932,655,381,1141,1545.90,165.90
桃園市,楊梅區,楊江里,371,319192,860,566,327,1079,927.82,107.84
桃園市,楊梅區,紅梅里,896,706547,789,599,364,969,1011.80,128.31
桃園市,楊梅區,水美里,1352,1070184,792,600,371,1000,800.06,101.07
桃園市,楊梅區,上田里,850,626909,738,562,363,945,582.21,78.94
桃園市,楊梅區,東流里,840,579558,690,562,363,905,483.17,70.03
桃園市,楊梅區,大平里,1032,781574,757,562,373,919,875.43,115.59
桃園市,楊梅區,永寧里,2076,1900036,915,714,423,1174,860.69,94.04
桃園市,楊梅區,瑞原里,1246,863937,693,546,361,906,520.30,75.04
桃園市,楊梅區,員本里,801,619931,774,603,374,1013,694.29,89.71
桃園市,楊梅區,富岡里,634,485410,766,591,374,976,634.69,82.90
桃園市,楊梅區,豐野里,1190,904901,760,617,387,1002,550.88,72.44
桃園市,楊梅區,上湖里,1683,1286132,764,593,391,967,591.02,77.34
桃園市,楊梅區,三湖里,846,649626,768,585,367,929,844.87,110.03
桃園市,楊梅區,梅溪里,1215,1075864,885,648,395,1109,901.11,101.76
桃園市,楊梅區,瑞塘里,1523,1156381,759,584,362,984,618.00,81.39
桃園市,楊梅區,埔心里,463,370449,800,606,382,1025,639.57,79.94
桃園市,楊梅區,高山里,1292,1056788,818,666,407,1063,610.44,74.63
桃園市,楊梅區,高榮里,1025,1134046,1106,585,379,927,8810.10,796.29
桃園市,楊梅區,金龍里,342,241347,706,576,375,907,560.08,79.37
桃園市,楊梅區,四維里,1482,1574498,1062,850,466,1388,931.55,87.68
桃園市,楊梅區,梅新里,705,584751,829,606,369,1030,729.22,87.92
桃園市,楊梅區,仁美里,1335,1018055,763,586,369,956,656.85,86.13
桃園市,楊梅區,光華里,1037,791546,763,574,361,945,681.58,89.29
桃園市,楊梅區,大同里,1143,967217,846,630,388,1041,811.68,95.92
桃園市,楊梅區,中山里,1065,919121,863,633,390,1057,807.24,93.54
桃園市,楊梅區,楊明里,1767,1615124,914,713,409,1149,827.44,90.52
桃園市,楊梅區,金溪里,1340,2455062,1832,845,454,1603,11187.04,610.60
桃園市,楊梅區,裕成里,1086,1095478,1009,679,387,1193,1556.11,154.26
桃園市,楊梅區,秀才里,1109,767546,692,552,377,872,516.49,74.63
桃園市,楊梅區,青山里,1142,842160,737,580,354,911,731.95,99.25
桃園市,楊梅區,新榮里,1180,1073581,910,663,401,1088,867.97,95.40
桃園市,楊梅區,雙榮里,1080,985777,913,708,432,1187,739.40,81.01
桃園市,楊梅區,瑞坪里,1859,1532662,824,643,394,1056,707.56,85.82
桃園市,楊梅區,永平里,598,453545,758,566,354,966,668.91,88.20
桃園市,楊梅區,瑞溪里,1108,933695,843,691,438,1073,632.51,75.06
桃園市,楊梅區,高上里,858,609459,710,545,336,927,597.22,84.08
桃園市,楊梅區,富豐里,856,639800,747,590,388,961,607.47,81.27
桃園市,楊梅區,裕新里,642,526289,820,626,373,1048,727.85,88.79
桃園市,楊梅區,三民里,1081,923426,854,653,398,1093,692.22,81.03
桃園市,楊梅區,頭湖里,835,648043,776,595,383,969,757.34,97.58
桃園市,蘆竹區,新興里,990,882141,891,560,371,951,2331.89,261.70
桃園市,蘆竹區,中福里,1203,959140,797,598,369,990,718.96,90.18
桃園市,蘆竹區,新莊里,1508,1357834,900,638,384,1091,1323.19,146.95
桃園市,蘆竹區,大竹里,1429,1405458,984,680,412,1226,1409.05,143.27
桃園市,蘆竹區,蘆竹里,1254,1159263,924,635,369,1132,1129.75,122.21
桃園市,蘆竹區,南崁里,1251,1534432,1227,687,389,1272,2681.69,218.63
桃園市,蘆竹區,錦興里,1333,1286413,965,668,398,1146,998.05,103.42
桃園市,蘆竹區,五福里,1035,1128321,1090,736,429,1219,2558.44,234.68
桃園市,蘆竹區,內厝里,819,721011,880,578,350,978,1417.59,161.02
桃園市,蘆竹區,山鼻里,611,453788,743,558,350,847,771.97,103.94
桃園市,蘆竹區,坑子里,507,388612,766,581,377,894,713.14,93.04
桃園市,蘆竹區,外社里,434,397695,916,617,369,965,2032.63,221.82
桃園市,蘆竹區,山腳里,1184,860325,727,565,357,900,629.26,86.60
桃園市,蘆竹區,坑口里,730,574333,787,575,380,929,781.47,99.33
桃園市,蘆竹區,海湖里,1594,1091961,685,546,368,846,554.25,80.91
桃園市,蘆竹區,富竹里,431,364599,846,613,365,1008,818.19,96.72
桃園市,蘆竹區,上竹里,1124,994990,885,635,389,1070,858.75,97.01
桃園市,蘆竹區,宏竹里,943,742941,788,624,389,972,941.86,119.55
桃園市,蘆竹區,南榮里,1187,1419723,1196,676,388,1148,2957.59,247.28
桃園市,蘆竹區,南興里,2172,2523759,1162,822,469,1455,1365.33,117.50
桃園市,蘆竹區,長興里,898,644670,718,540,353,883,620.45,86.43
桃園市,蘆竹區,錦中里,1136,1164488,1025,678,384,1252,1203.50,117.41
桃園市,蘆竹區,瓦窯里,973,846968,870,653,385,1119,765.57,87.95
桃園市,蘆竹區,營盤里,1666,1791727,1075,765,435,1355,1243.98,115.67
桃園市,蘆竹區,羊稠里,1751,2954366,1687,953,526,1767,4330.81,256.68
桃園市,蘆竹區,順興里,1179,1368769,1161,892,520,1385,1407.44,121.23
桃園市,蘆竹區,福昌里,1681,1836188,1092,860,482,1409,1011.34,92.59
桃園市,蘆竹區,福興里,2583,2712136,1050,818,477,1308,1425.26,135.74
桃園市,蘆竹區,蘆興里,524,580692,1108,795,418,1340,1132.54,102.20
桃園市,蘆竹區,長壽里,1808,2000654,1107,847,483,1448,986.80,89.18
桃園市,蘆竹區,吉祥里,1213,2170483,1789,1185,601,2073,4881.64,272.82
桃園市,蘆竹區,中山里,973,963281,990,780,460,1268,823.11,83.14
桃園市,蘆竹區,福祿里,1087,1079620,993,807,454,1253,812.28,81.78
桃園市,蘆竹區,興榮里,949,978997,1032,794,446,1352,872.27,84.55
桃園市,蘆竹區,中興里,1424,1387137,974,778,472,1197,886.93,91.05
桃園市,蘆竹區,上興里,1085,1169257,1078,738,432,1334,1533.35,142.29
桃園市,蘆竹區,營福里,1032,961250,931,752,432,1209,728.83,78.25
桃園市,大園區,大園里,1829,1404703,768,575,350,929,761.96,99.21
桃園市,大園區,田心里,1904,1499534,788,603,380,995,750.27,95.26
桃園市,大園區,溪海里,1321,942629,714,572,369,922,544.40,76.29
桃園市,大園區,和平里,452,345675,765,548,360,955,779.29,101.90
桃園市,大園區,橫峰里,2732,2514877,921,633,387,1112,1041.81,113.18
桃園市,大園區,五權里,1487,1142316,768,581,380,937,696.86,90.71
桃園市,大園區,埔心里,1815,1397053,770,556,365,915,910.20,118.25
桃園市,大園區,大海里,462,381169,825,583,376,972,914.02,110.78
桃園市,大園區,三石里,978,763044,780,593,367,991,704.89,90.35
桃園市,大園區,菓林里,2158,1619212,750,604,381,955,581.94,77.56
桃園市,大園區,竹圍里,988,745549,755,564,385,944,767.02,101.65
桃園市,大園區,海口里,537,441330,822,612,406,930,913.04,111.10
桃園市,大園區,沙崙里,762,546086,717,531,334,888,652.22,91.01
桃園市,大園區,後厝里,738,579381,785,591,377,934,797.31,101.56
桃園市,大園區,圳頭里,795,595824,749,570,359,923,714.74,95.37
桃園市,大園區,內海里,673,493702,734,548,370,896,645.66,88.01
桃園市,大園區,北港里,765,520411,680,546,360,853,527.68,77.57
桃園市,大園區,南港里,1582,1203474,761,620,398,974,642.78,84.50
桃園市,龜山區,龜山里,2147,1779894,829,600,385,982,1061.67,128.06
桃園市,龜山區,新路里,1782,1380266,775,583,362,960,711.14,91.81
桃園市,龜山區,山頂里,1731,1352873,782,633,395,975,618.74,79.17
桃園市,龜山區,兔坑里,1200,769652,641,505,338,786,544.29,84.86
桃園市,龜山區,舊路里,688,570435,829,554,352,900,3498.80,421.99
桃園市,龜山區,嶺頂里,1192,838634,704,529,331,847,637.90,90.67
桃園市,龜山區,龍壽里,486,335242,690,464,301,807,1006.81,145.96
桃園市,龜山區,楓樹里,1913,1686159,881,646,394,1151,741.24,84.10
桃園市,龜山區,大崗里,1176,989082,841,593,380,1013,858.01,102.02
桃園市,龜山區,公西里,346,264589,765,586,342,948,658.83,86.16
桃園市,龜山區,樂善里,1097,827059,754,579,364,939,620.41,82.29
桃園市,龜山區,南上里,623,477849,767,601,362,975,634.90,82.78
桃園市,龜山區,大坑里,557,374195,672,512,338,835,568.72,84.66
桃園市,龜山區,陸光里,981,782248,797,590,367,1039,696.20,87.31
桃園市,龜山區,精忠里,1867,1628783,872,651,390,1090,899.45,103.10
桃園市,龜山區,山福里,1010,725000,718,553,355,897,633.35,88.23
桃園市,龜山區,山德里,1612,1233792,765,566,345,945,744.52,97.27
桃園市,龜山區,中興里,1487,1153157,775,570,365,956,687.17,88.61
桃園市,龜山區,大同里,1820,1519028,835,613,370,1092,736.72,88.27
桃園市,龜山區,文化里,2075,2684752,1294,869,467,1563,1948.08,150.56
桃園市,龜山區,南美里,803,683615,851,661,393,1133,682.00,80.11
桃園市,龜山區,幸福里,1400,815216,582,480,328,711,492.43,84.57
桃園市,龜山區,福源里,622,463303,745,545,363,855,813.72,109.24
桃園市,龜山區,龍華里,996,663924,667,520,321,842,567.78,85.18
桃園市,龜山區,迴龍里,1752,1307670,746,555,352,889,878.38,117.68
桃園市,龜山區,新嶺里,1110,738694,665,515,337,830,601.72,90.42
桃園市,龜山區,大湖里,1893,2084512,1101,834,477,1406,995.44,90.40
桃園市,龜山區,大華里,2859,3087837,1080,781,436,1368,1506.00,139.44
桃園市,龜山區,長庚里,1623,2624304,1617,1162,826,1824,1430.79,88.49
桃園市,龜山區,新興里,594,495058,833,662,401,1050,715.21,85.82
桃園市,八德區,興仁里,1487,1219463,820,587,376,943,820.85,100.09
桃園市,八德區,福興里,1758,1496810,851,678,416,1068,719.80,84.54
桃園市,八德區,瑞豐里,591,449020,760,589,377,973,640.88,84.35
桃園市,八德區,廣興里,1012,718062,710,559,363,902,570.39,80.39
桃園市,八德區,竹園里,995,730790,734,565,354,912,649.74,88.46
桃園市,八德區,霄裡里,539,364304,676,543,366,865,565.97,83.74
桃園市,八德區,茄苳里,897,671500,749,573,369,932,616.80,82.39
桃園市,八德區,白鷺里,940,722373,768,569,371,957,740.35,96.34
桃園市,八德區,大湳里,1244,1035150,832,638,386,1031,848.47,101.97
桃園市,八德區,大安里,1006,821250,816,572,354,931,1559.32,191.01
桃園市,八德區,大興里,1092,980529,898,628,382,1029,1656.76,184.51
桃園市,八德區,大福里,1778,1578547,888,647,385,1117,862.05,97.10
桃園市,八德區,大同里,381,364151,956,520,328,850,4761.33,498.16
桃園市,八德區,大忠里,535,371522,694,538,352,860,542.81,78.17
桃園市,八德區,大勇里,1357,1293004,953,616,379,1109,1790.07,187.87
桃園市,八德區,大義里,1130,988984,875,619,395,1051,846.33,96.70
桃園市,八德區,大成里,969,736436,760,560,356,928,734.64,96.66
桃園市,八德區,瑞發里,982,707305,720,555,351,881,617.31,85.71
桃園市,八德區,瑞祥里,1034,739588,715,597,368,949,485.08,67.82
桃園市,八德區,瑞德里,1004,689163,686,535,347,866,563.08,82.03
桃園市,八德區,廣隆里,1398,1194543,854,633,382,1079,735.02,86.02
桃園市,八德區,高明里,1173,805763,687,557,365,862,519.19,75.58
桃園市,八德區,大和里,2210,1816574,822,633,395,1028,766.36,93.23
桃園市,八德區,大信里,875,576852,659,522,347,831,504.93,76.59
桃園市,八德區,大華里,829,632048,762,572,346,968,645.79,84.70
桃園市,八德區,大仁里,1352,984110,728,546,372,897,669.41,91.97
桃園市,八德區,大智里,1216,1136071,934,679,402,1224,800.86,85.72
桃園市,八德區,瑞泰里,1306,949499,727,570,386,899,572.68,78.77
桃園市,八德區,大昌里,890,590146,663,531,356,831,501.99,75.71
桃園市,八德區,大正里,1433,1302879,909,658,387,1095,1856.26,204.16
桃園市,八德區,大強里,1014,714650,705,553,355,871,592.23,84.03
桃園市,八德區,大發里,686,490447,715,544,338,886,717.30,100.33
桃園市,八德區,大明里,1212,977335,806,568,368,983,765.90,94.98
桃園市,八德區,大竹里,464,329371,710,552,368,838,858.38,120.92
桃園市,八德區,大慶里,415,295271,711,588,375,833,638.03,89.67
桃園市,八德區,大千里,675,524590,777,598,376,946,762.56,98.12
桃園市,八德區,大榮里,588,449302,764,575,371,868,657.23,86.01
桃園市,八德區,茄明里,1385,1028086,742,587,367,927,662.16,89.20
桃園市,八德區,高城里,1033,763619,739,602,388,921,550.93,74.53
桃園市,八德區,瑞興里,826,604481,732,559,385,892,577.65,78.93
桃園市,八德區,大愛里,775,670979,866,678,383,1110,764.52,88.30
桃園市,八德區,大宏里,1081,1069755,990,675,407,1152,1476.58,149.21
桃園市,八德區,大漢里,1248,993182,796,604,378,1007,872.40,109.62
桃園市,八德區,廣德里,867,810889,935,674,407,1143,1118.04,119.54
桃園市,八德區,龍友里,589,411215,698,577,379,869,505.93,72.47
桃園市,八德區,陸光里,1097,739428,674,567,356,870,463.19,68.72
桃園市,八德區,永豐里,888,692191,779,594,364,985,731.65,93.86
桃園市,八德區,大順里,772,523839,679,538,351,845,573.59,84.53
桃園市,龍潭區,黃唐里,1328,1003952,756,562,358,929,703.87,93.11
桃園市,龍潭區,烏林里,1190,808097,679,537,356,843,537.43,79.14
桃園市,龍潭區,八德里,1141,799066,700,553,370,877,556.33,79.44
桃園市,龍潭區,上林里,1265,1063873,841,651,392,1045,791.50,94.11
桃園市,龍潭區,龍潭里,603,471970,783,570,350,906,925.15,118.20
桃園市,龍潭區,九龍里,1059,840364,794,594,378,1001,724.76,91.33
桃園市,龍潭區,佳安里,1109,1121880,1012,849,431,1369,763.44,75.47
桃園市,龍潭區,三坑里,379,273610,722,541,342,896,698.00,96.69
桃園市,龍潭區,大平里,560,603558,1078,737,411,1284,1183.38,109.80
桃園市,龍潭區,三林里,935,1051396,1124,771,450,1428,1318.62,117.26
桃園市,龍潭區,高平里,908,689787,760,601,365,955,681.95,89.77
桃園市,龍潭區,高原里,1372,1165433,849,571,368,973,1166.63,137.34
桃園市,龍潭區,三和里,740,1107077,1496,870,425,1871,2043.18,136.57
桃園市,龍潭區,三水里,163,118604,728,595,419,884,593.36,81.55
桃園市,龍潭區,中興里,1342,1129786,842,597,375,978,908.22,107.88
桃園市,龍潭區,中正里,1600,1748035,1093,710,421,1316,2914.60,266.78
桃園市,龍潭區,中山里,1523,1395328,916,663,387,1138,934.14,101.96
桃園市,龍潭區,凌雲里,984,667228,678,553,361,872,561.87,82.86
桃園市,龍潭區,永興里,833,618993,743,548,365,887,724.05,97.44
桃園市,龍潭區,烏樹林里,710,494576,697,571,364,874,522.35,74.99
桃園市,龍潭區,百年里,1343,1535755,1144,807,441,1375,1458.94,127.58
桃園市,龍潭區,龍祥里,1037,812647,784,599,377,995,734.64,93.75
桃園市,龍潭區,聖德里,924,631487,683,520,362,841,540.95,79.15
桃園市,龍潭區,龍星里,1310,1247949,953,709,424,1205,880.57,92.44
桃園市,龍潭區,上華里,1016,946898,932,664,397,1158,1095.09,117.50
桃園市,龍潭區,武漢里,778,560293,720,553,364,889,640.83,88.98
桃園市,龍潭區,東興里,1196,1112053,930,744,443,1245,695.97,74.85
桃園市,龍潭區,北興里,626,385701,616,515,341,748,554.10,89.93
桃園市,龍潭區,建林里,1299,1478380,1138,763,456,1347,3202.89,281.43
桃園市,龍潭區,富林里,1153,1077275,934,712,419,1237,749.71,80.24
桃園市,平鎮區,忠貞里,134,119193,889,675,437,1104,760.96,85.55
桃園市,平鎮區,東社里,959,660401,689,541,355,881,551.26,80.05
桃園市,平鎮區,東勢里,1636,1205230,737,553,366,913,616.65,83.71
桃園市,平鎮區,山峰里,718,492980,687,538,353,851,540.22,78.68
桃園市,平鎮區,平鎮里,1393,1110441,797,605,387,955,787.89,98.84
桃園市,平鎮區,北勢里,805,734372,912,671,402,1097,894.02,98.00
桃園市,平鎮區,南勢里,1851,1498903,810,609,376,1027,791.23,97.71
桃園市,平鎮區,宋屋里,1209,922876,763,589,372,966,653.25,85.58
桃園市,平鎮區,高雙里,1373,1407503,1025,686,401,1277,1118.60,109.12
桃園市,平鎮區,復旦里,1816,2171413,1196,820,441,1477,1337.86,111.89
桃園市,平鎮區,新勢里,1192,962090,807,601,367,1046,718.42,89.01
桃園市,平鎮區,建安里,1286,951263,740,575,372,910,625.94,84.62
桃園市,平鎮區,中正里,544,522614,961,748,424,1206,954.53,99.36
桃園市,平鎮區,貿易里,620,539780,871,704,445,1144,656.41,75.40
桃園市,平鎮區,湧光里,1667,1177027,706,556,373,870,566.32,80.21
桃園市,平鎮區,義民里,1677,1595711,952,668,383,1146,1313.52,138.04
桃園市,平鎮區,雙連里,1457,1314065,902,633,392,1101,1113.88,123.50
桃園市,平鎮區,東安里,729,544978,748,593,382,947,587.34,78.57
桃園市,平鎮區,龍恩里,761,533063,700,566,355,880,570.82,81.49
桃園市,平鎮區,龍興里,710,538962,759,590,376,993,606.39,79.88
桃園市,平鎮區,廣興里,1819,1905625,1048,718,420,1293,1211.16,115.61
桃園市,平鎮區,莊敬里,1275,918505,720,591,374,892,765.79,106.30
桃園市,平鎮區,新富里,1899,1860053,979,693,413,1259,969.45,98.97
桃園市,平鎮區,北興里,1372,1016811,741,578,370,928,631.04,85.15
桃園市,平鎮區,北貴里,1367,1062762,777,576,369,1008,698.97,89.91
桃園市,平鎮區,新安里,1173,843153,719,592,371,933,508.29,70.71
桃園市,平鎮區,鎮興里,920,654095,711,563,363,915,547.82,77.05
桃園市,平鎮區,義興里,2216,2020413,912,652,380,1101,1129.49,123.88
桃園市,平鎮區,湧豐里,607,456854,753,573,381,887,631.11,83.85
桃園市,平鎮區,湧安里,1400,954282,682,567,371,869,478.17,70.15
桃園市,平鎮區,廣達里,1107,932452,842,628,374,1059,756.97,89.87
桃園市,平鎮區,福林里,1019,894391,878,684,415,1123,788.07,89.79
桃園市,平鎮區,金星里,1927,1678171,871,679,416,1108,703.66,80.80
桃園市,平鎮區,廣仁里,1346,964099,716,545,358,856,654.84,91.42
桃園市,平鎮區,新貴里,1036,839036,810,585,371,972,849.65,104.91
桃園市,平鎮區,北富里,1304,1174018,900,646,393,1097,983.14,109.20
桃園市,平鎮區,新榮里,1782,1521945,854,617,386,1008,1053.95,123.40
桃園市,平鎮區,華安里,1206,836002,693,552,372,877,527.65,76.12
桃園市,平鎮區,金陵里,1036,1047723,1011,700,430,1211,1793.65,177.36
桃園市,平鎮區,北安里,513,441310,860,613,363,1058,849.64,98.77
桃園市,平鎮區,北華里,1303,1370217,1052,680,406,1214,1893.77,180.09
桃園市,平鎮區,復興里,1642,1586127,966,687,389,1233,966.08,100.01
桃園市,平鎮區,平興里,1816,1899862,1046,770,453,1322,979.92,93.67
桃園市,平鎮區,新英里,1100,1033501,940,708,416,1231,809.63,86.17
桃園市,平鎮區,平安里,1329,1036550,780,640,393,991,572.74,73.43
桃園市,平鎮區,平南里,2010,1660628,826,614,378,1020,1138.13,137.76
桃園市,新屋區,新屋里,872,646888,742,586,359,961,592.45,79.86
桃園市,新屋區,新生里,1242,959019,772,603,370,983,631.31,81.76
桃園市,新屋區,後湖里,449,347186,773,609,412,1000,594.29,76.86
桃園市,新屋區,清華里,1190,894244,751,583,358,920,730.90,97.26
桃園市,新屋區,石磊里,584,423231,725,552,364,875,1183.34,163.28
桃園市,新屋區,東明里,419,300890,718,580,380,892,543.92,75.74
桃園市,新屋區,社子里,413,305412,739,595,390,908,587.13,79.40
桃園市,新屋區,九斗里,704,615278,874,572,374,937,3128.30,357.94
桃園市,新屋區,埔頂里,816,567826,696,551,375,858,583.13,83.80
桃園市,新屋區,頭洲里,1246,973074,781,607,386,963,683.63,87.54
桃園市,新屋區,大坡里,349,274659,787,599,408,953,745.48,94.73
桃園市,新屋區,望間里,381,277188,728,571,342,932,597.06,82.07
桃園市,新屋區,後庄里,289,217090,751,570,368,945,613.68,81.70
桃園市,新屋區,槺榔里,296,189277,639,522,324,813,463.73,72.52
桃園市,新屋區,深圳里,143,99682,697,590,390,906,455.30,65.32
桃園市,新屋區,蚵間里,226,149643,662,541,347,826,463.22,69.96
桃園市,新屋區,笨港里,251,179708,716,574,359,823,619.48,86.52
桃園市,新屋區,永興里,247,171157,693,544,367,854,554.66,80.04
桃園市,新屋區,下埔里,168,120321,716,563,370,967,493.79,68.95
桃園市,新屋區,石牌里,232,147710,637,516,358,828,411.52,64.64
桃園市,新屋區,下田里,484,326583,675,538,356,835,621.51,92.11
桃園市,新屋區,赤欄里,349,264452,758,595,365,966,845.65,111.60
桃園市,新屋區,永安里,649,435654,671,541,364,814,490.83,73.12
桃園市,觀音區,觀音里,816,572803,702,592,385,900,490.91,69.93
桃園市,觀音區,廣興里,380,274027,721,588,390,926,570.01,79.04
桃園市,觀音區,白玉里,302,211722,701,558,366,856,734.78,104.81
桃園市,觀音區,武威里,256,182325,712,516,333,896,618.22,86.80
桃園市,觀音區,大潭里,455,308503,678,524,348,876,546.74,80.64
桃園市,觀音區,保生里,587,413517,704,547,359,871,728.26,103.38
桃園市,觀音區,三和里,232,190290,820,603,391,1037,693.93,84.60
桃園市,觀音區,新興里,220,155348,706,564,354,889,603.67,85.49
桃園市,觀音區,新坡里,787,586997,746,548,349,883,826.31,110.79
桃園市,觀音區,廣福里,646,452425,700,534,349,866,556.03,79.39
桃園市,觀音區,金湖里,782,617291,789,618,392,989,689.96,87.41
桃園市,觀音區,坑尾里,479,340924,712,576,392,871,522.39,73.40
桃園市,觀音區,藍埔里,719,558546,777,562,374,919,967.28,124.52
桃園市,觀音區,大堀里,442,337523,764,625,399,961,579.88,75.94
桃園市,觀音區,大同里,958,759266,793,640,389,1019,608.89,76.83
桃園市,觀音區,上大里,705,535138,759,562,373,914,710.48,93.60
桃園市,觀音區,崙坪里,1439,1085718,754,556,375,904,732.46,97.08
桃園市,觀音區,保障里,625,458599,734,598,384,918,608.11,82.88
桃園市,觀音區,草漯里,566,424939,751,573,376,893,672.24,89.54
桃園市,觀音區,樹林里,987,674383,683,575,390,875,467.72,68.45
桃園市,觀音區,富林里,570,401151,704,603,393,895,478.77,68.03
桃園市,觀音區,塔腳里,256,194175,758,598,368,940,608.95,80.28
桃園市,觀音區,富源里,1194,927277,777,604,402,978,630.88,81.23
桃園市,觀音區,草新里,1638,1305357,797,674,415,1085,541.87,67.99
桃園市,復興區,長興里,77,55821,725,675,364,1032,430.53,59.39
桃園市,復興區,三民里,319,219405,688,513,322,847,575.12,83.62
桃園市,復興區,澤仁里,240,180483,752,616,357,965,573.63,76.28
桃園市,復興區,霞雲里,65,47803,735,680,493,973,367.38,49.95
桃園市,復興區,義盛里,92,63279,688,552,376,869,419.15,60.94
桃園市,復興區,高義里,89,49294,554,459,321,750,365.24,65.94
桃園市,復興區,三光里,79,53674,679,571,416,864,446.66,65.74
桃園市,復興區,奎輝里,91,60601,666,558,311,879,493.69,74.13
桃園市,復興區,華陵里,134,106080,792,615,406,1029,590.49,74.59
桃園市,復興區,羅浮里,168,120181,715,555,366,887,570.16,79.70
新竹縣,竹東鎮,上坪里,81,57194,706,604,337,877,502.57,71.18
新竹縣,竹東鎮,瑞峰里,115,90998,791,526,318,840,935.48,118.22
新竹縣,竹東鎮,軟橋里,94,57693,614,477,277,761,467.36,76.15
新竹縣,竹東鎮,員崠里,779,651457,836,628,376,1079,800.30,95.70
新竹縣,竹東鎮,上館里,3071,2641468,860,617,370,1089,952.90,110.79
新竹縣,竹東鎮,東寧里,1144,996129,871,658,381,1157,735.40,84.46
新竹縣,竹東鎮,大鄉里,1518,1445445,952,678,399,1221,1107.18,116.28
新竹縣,竹東鎮,東華里,261,207380,795,519,279,1033,863.63,108.69
新竹縣,竹東鎮,商華里,969,765801,790,587,368,993,689.49,87.24
新竹縣,竹東鎮,竹東里,467,378467,810,571,340,965,1043.35,128.74
新竹縣,竹東鎮,榮樂里,495,409552,827,577,330,981,923.02,111.56
新竹縣,竹東鎮,鷄林里,1341,1082292,807,588,367,1035,709.40,87.90
新竹縣,竹東鎮,五豐里,2581,2333685,904,654,398,1140,873.98,96.66
新竹縣,竹東鎮,三重里,2295,2505687,1092,747,419,1348,1180.03,108.08
新竹縣,竹東鎮,二重里,3399,4185509,1231,749,413,1481,2130.10,172.98
新竹縣,竹東鎮,柯湖里,175,135217,773,556,327,1033,690.52,89.37
新竹縣,竹東鎮,頭重里,1618,1958540,1210,729,409,1495,1418.40,117.18
新竹縣,竹東鎮,員山里,609,662709,1088,700,382,1316,1246.20,114.52
新竹縣,竹東鎮,仁愛里,1082,976925,903,628,387,1122,904.68,100.20
新竹縣,竹東鎮,中山里,566,474994,839,580,329,1079,983.85,117.24
新竹縣,竹東鎮,中正里,637,557515,875,616,344,1073,883.84,100.98
新竹縣,竹東鎮,南華里,366,315473,862,587,365,1155,884.85,102.66
新竹縣,竹東鎮,榮華里,2309,2026187,878,625,367,1123,827.84,94.34
新竹縣,竹東鎮,忠孝里,606,478238,789,586,348,1003,660.46,83.69
新竹縣,竹東鎮,陸豐里,190,155750,820,602,360,1001,1028.63,125.48
新竹縣,關西鎮,東興里,154,120309,781,621,335,1029,656.49,84.03
新竹縣,關西鎮,西安里,614,490730,799,566,378,1018,897.73,112.32
新竹縣,關西鎮,南雄里,235,165698,705,521,352,886,573.15,81.29
新竹縣,關西鎮,北斗里,1210,951473,786,579,376,980,814.43,103.57
新竹縣,關西鎮,仁安里,349,244531,701,545,337,909,615.36,87.83
新竹縣,關西鎮,南山里,321,241637,753,571,327,997,732.52,97.31
新竹縣,關西鎮,北山里,190,152117,801,553,388,861,735.53,91.87
新竹縣,關西鎮,東安里,1180,934847,792,580,381,957,1006.53,127.05
新竹縣,關西鎮,東光里,381,313382,823,597,376,968,790.35,96.09
新竹縣,關西鎮,新富里,151,107857,714,507,355,804,726.47,101.71
新竹縣,關西鎮,玉山里,120,94585,788,525,338,700,1495.50,189.73
新竹縣,關西鎮,錦山里,218,144400,662,532,357,839,483.55,73.00
新竹縣,關西鎮,金山里,140,99655,712,550,383,910,578.86,81.32
新竹縣,關西鎮,石光里,579,465340,804,599,381,1008,697.46,86.78
新竹縣,關西鎮,大同里,243,169079,696,527,353,857,655.60,94.22
新竹縣,關西鎮,上林里,229,188584,824,635,378,947,845.02,102.61
新竹縣,關西鎮,新力里,153,106226,694,512,330,900,563.98,81.23
新竹縣,關西鎮,南和里,257,252471,982,614,397,1052,1819.21,185.18
新竹縣,關西鎮,東山里,227,173247,763,534,347,795,1115.77,146.20
新竹縣,關西鎮,東平里,257,192123,748,587,368,976,581.20,77.75
新竹縣,關西鎮,南新里,236,152262,645,475,320,768,555.72,86.13
新竹縣,新埔鎮,新埔里,326,250753,769,611,345,1048,652.80,84.87
新竹縣,新埔鎮,新生里,178,143162,804,561,328,937,762.10,94.75
新竹縣,新埔鎮,四座里,1201,981802,817,616,372,1043,689.95,84.40
新竹縣,新埔鎮,五埔里,636,434153,683,538,338,905,507.96,74.41
新竹縣,新埔鎮,田新里,872,685284,786,595,338,1061,702.52,89.39
新竹縣,新埔鎮,旱坑里,643,492273,766,575,365,995,680.86,88.93
新竹縣,新埔鎮,北平里,178,118782,667,558,344,871,438.55,65.72
新竹縣,新埔鎮,南平里,292,223672,766,546,352,877,844.01,110.18
新竹縣,新埔鎮,上寮里,621,506037,815,596,379,998,757.57,92.97
新竹縣,新埔鎮,下寮里,830,834599,1006,605,363,1056,1693.72,168.44
新竹縣,新埔鎮,巨埔里,345,274134,795,546,369,971,809.05,101.82
新竹縣,新埔鎮,照門里,446,334309,750,577,365,954,659.17,87.94
新竹縣,新埔鎮,清水里,127,91881,723,592,363,912,618.74,85.52
新竹縣,新埔鎮,鹿鳴里,212,165006,778,600,402,1025,572.04,73.50
新竹縣,新埔鎮,新北里,160,126920,793,541,336,971,874.26,110.21
新竹縣,新埔鎮,內立里,338,249140,737,566,343,972,596.62,80.94
新竹縣,新埔鎮,寶石里,280,233445,834,556,357,1093,1073.09,128.71
新竹縣,新埔鎮,新民里,354,253040,715,589,356,917,536.46,75.05
新竹縣,新埔鎮,文山里,1522,1336854,878,608,377,1068,1227.55,139.76
新竹縣,竹北市,竹北里,2217,2886101,1302,937,465,1765,1240.00,95.25
新竹縣,竹北市,竹仁里,3121,3129987,1003,717,397,1301,960.16,95.74
新竹縣,竹北市,竹義里,1971,1889552,959,707,388,1277,956.66,99.79
新竹縣,竹北市,新社里,2506,2468187,985,701,413,1286,881.91,89.54
新竹縣,竹北市,新國里,1808,1882996,1041,714,400,1340,1032.67,99.15
新竹縣,竹北市,聯興里,1546,1441074,932,675,389,1193,865.68,92.87
新竹縣,竹北市,斗崙里,4437,7758882,1749,1250,614,2250,2108.22,120.56
新竹縣,竹北市,鹿場里,3519,7895879,2244,1690,847,2838,2798.68,124.73
新竹縣,竹北市,東平里,4199,9426623,2245,1749,923,2739,5662.22,252.22
新竹縣,竹北市,中興里,2437,5219309,2142,1578,679,2876,2450.84,114.43
新竹縣,竹北市,隘口里,893,1699151,1903,1341,632,2342,2600.61,136.68
新竹縣,竹北市,東海里,1044,878414,841,620,366,1051,826.89,98.28
新竹縣,竹北市,十興里,3007,5615416,1867,1519,820,2436,1659.33,88.86
新竹縣,竹北市,麻園里,699,614595,879,652,348,1079,812.24,92.38
新竹縣,竹北市,溪州里,811,739557,912,661,359,1150,914.67,100.30
新竹縣,竹北市,白地里,694,551484,795,560,339,903,1253.32,157.72
新竹縣,竹北市,新庄里,356,272920,767,543,317,955,806.16,105.16
新竹縣,竹北市,新港里,372,290916,782,582,366,954,697.32,89.17
新竹縣,竹北市,大義里,488,360399,739,554,359,878,666.80,90.29
新竹縣,竹北市,尚義里,431,327422,760,555,343,962,736.49,96.95
新竹縣,竹北市,崇義里,590,442291,750,554,330,997,666.24,88.87
新竹縣,竹北市,大眉里,644,603427,937,651,388,1116,1160.96,123.90
新竹縣,竹北市,泰和里,2136,2136938,1000,755,433,1311,857.39,85.70
新竹縣,竹北市,北崙里,1417,2044261,1443,948,464,1849,1766.64,122.46
新竹縣,竹北市,新崙里,2229,2613358,1172,784,421,1483,1631.49,139.15
新竹縣,竹北市,福德里,1141,1027125,900,619,334,1134,955.05,106.09
新竹縣,竹北市,興安里,1400,2538194,1813,1381,661,2425,1771.24,97.70
新竹縣,竹北市,東興里,1749,2661879,1522,1132,565,1987,2055.67,135.07
新竹縣,竹北市,北興里,455,830159,1825,1270,648,2493,1976.49,108.33
新竹縣,竹北市,文化里,1210,2334811,1930,1212,550,2327,2732.78,141.62
新竹縣,湖口鄉,長嶺村,970,750057,773,605,367,997,595.11,76.96
新竹縣,湖口鄉,中勢村,939,806522,859,614,401,1037,1351.58,157.36
新竹縣,湖口鄉,孝勢村,474,367375,775,591,370,951,757.36,97.72
新竹縣,湖口鄉,仁勢村,278,201153,724,491,303,863,770.10,106.43
新竹縣,湖口鄉,愛勢村,1359,1093873,805,602,377,1032,700.53,87.03
新竹縣,湖口鄉,信勢村,1761,1495255,849,617,390,1058,792.26,93.31
新竹縣,湖口鄉,和興村,914,661345,724,551,372,940,560.61,77.48
新竹縣,湖口鄉,德盛村,1545,1216295,787,613,377,1061,587.96,74.69
新竹縣,湖口鄉,波羅村,752,595777,792,635,403,1052,599.52,75.67
新竹縣,湖口鄉,鳳山村,1133,792194,699,550,366,902,547.33,78.28
新竹縣,湖口鄉,鳳凰村,1911,1378984,722,575,377,919,542.22,75.14
新竹縣,湖口鄉,湖口村,928,816797,880,608,377,1036,1537.01,174.63
新竹縣,湖口鄉,湖鏡村,825,661149,801,611,372,1051,632.01,78.86
新竹縣,湖口鄉,湖南村,522,398433,763,593,373,977,637.99,83.58
新竹縣,湖口鄉,長安村,372,252836,680,560,342,892,574.11,84.47
新竹縣,湖口鄉,中興村,2078,1617259,778,636,402,1008,585.03,75.17
新竹縣,湖口鄉,信義村,1110,917932,827,627,388,1103,669.60,80.97
新竹縣,湖口鄉,中正村,834,737901,885,663,392,1098,828.03,93.59
新竹縣,湖口鄉,東興村,1445,1207220,835,642,395,1020,999.29,119.61
新竹縣,湖口鄉,勝利村,1428,1187544,832,591,393,981,1874.87,225.45
新竹縣,橫山鄉,橫山村,1073,766236,714,571,352,897,590.39,82.67
新竹縣,橫山鄉,內灣村,226,141141,625,518,306,768,462.87,74.12
新竹縣,橫山鄉,新興村,484,362989,750,568,364,951,707.73,94.37
新竹縣,橫山鄉,田寮村,275,207601,755,600,372,982,575.59,76.25
新竹縣,橫山鄉,福興村,117,74970,641,498,299,826,629.14,98.19
新竹縣,橫山鄉,沙坑村,259,175885,679,538,282,882,601.99,88.65
新竹縣,橫山鄉,南昌村,58,50078,863,482,306,906,1279.29,148.17
新竹縣,橫山鄉,力行村,193,137647,713,593,382,997,469.65,65.85
新竹縣,橫山鄉,大肚村,500,351460,703,506,327,917,617.52,87.85
新竹縣,橫山鄉,豐鄉村,51,38991,765,463,358,885,766.46,100.25
新竹縣,橫山鄉,豐田村,91,58971,648,499,342,790,533.24,82.29
新竹縣,新豐鄉,重興村,1655,1298485,785,579,359,946,1768.50,225.41
新竹縣,新豐鄉,新豐村,574,364978,636,505,323,805,522.37,82.15
新竹縣,新豐鄉,埔和村,847,554234,654,522,361,843,487.31,74.47
新竹縣,新豐鄉,員山村,920,869305,945,668,407,1187,1364.19,144.37
新竹縣,新豐鄉,後湖村,507,375254,740,549,354,925,619.85,83.75
新竹縣,新豐鄉,鳳坑村,321,228493,712,549,341,905,653.27,91.77
新竹縣,新豐鄉,中崙村,1108,914032,825,655,397,1049,745.39,90.36
新竹縣,新豐鄉,青埔村,511,365967,716,572,365,892,552.64,77.17
新竹縣,新豐鄉,上坑村,491,366404,746,558,375,896,696.31,93.31
新竹縣,新豐鄉,坡頭村,219,149814,684,524,362,843,597.01,87.27
新竹縣,新豐鄉,福興村,332,255176,769,541,371,960,869.76,113.16
新竹縣,新豐鄉,松林村,1748,1669311,955,734,425,1263,807.17,84.52
新竹縣,新豐鄉,瑞興村,538,403484,750,587,374,932,642.70,85.70
新竹縣,新豐鄉,忠孝村,1355,1292207,954,750,430,1245,847.09,88.83
新竹縣,新豐鄉,山崎村,1500,1408705,939,678,412,1182,1143.58,121.77
新竹縣,新豐鄉,松柏村,1747,1764787,1010,833,448,1366,772.12,76.43
新竹縣,新豐鄉,崎頂村,931,685911,737,580,364,941,573.90,77.90
新竹縣,芎林鄉,華龍村,122,86653,710,516,324,887,663.17,93.37
新竹縣,芎林鄉,五龍村,162,118789,733,550,362,932,689.32,94.01
新竹縣,芎林鄉,秀湖村,341,259325,760,568,344,917,727.08,95.61
新竹縣,芎林鄉,永興村,117,89649,766,592,365,895,765.66,99.93
新竹縣,芎林鄉,石潭村,868,671074,773,561,336,915,788.69,102.01
新竹縣,芎林鄉,新鳳村,433,341145,788,627,381,966,669.97,85.04
新竹縣,芎林鄉,中坑村,183,138155,755,559,357,902,638.56,84.58
新竹縣,芎林鄉,水坑村,188,142903,760,551,363,964,708.42,93.20
新竹縣,芎林鄉,文林村,843,744428,883,640,383,1113,878.65,99.50
新竹縣,芎林鄉,芎林村,511,417908,818,596,384,1070,711.65,87.02
新竹縣,芎林鄉,上山村,1432,1812758,1266,757,416,1526,2116.20,167.17
新竹縣,芎林鄉,下山村,363,361472,996,662,367,1192,1436.11,144.22
新竹縣,寶山鄉,新城村,342,233302,682,526,330,875,561.54,82.32
新竹縣,寶山鄉,寶山村,268,309309,1154,692,402,1188,1829.03,158.48
新竹縣,寶山鄉,雙溪村,807,944819,1171,650,375,1258,3375.16,288.28
新竹縣,寶山鄉,深井村,228,153589,674,552,364,856,480.07,71.26
新竹縣,寶山鄉,三峰村,293,620620,2118,903,400,2274,3305.93,156.08
新竹縣,寶山鄉,寶斗村,202,128565,636,514,285,812,514.75,80.88
新竹縣,寶山鄉,大崎村,707,1353786,1915,1145,468,2293,2688.58,140.41
新竹縣,寶山鄉,油田村,145,104232,719,533,283,853,1233.14,171.55
新竹縣,寶山鄉,山湖村,171,230094,1346,674,399,1299,2300.40,170.96
新竹縣,寶山鄉,雙新村,929,1063617,1145,711,385,1411,1277.74,111.60
新竹縣,北埔鄉,水磜村,217,137972,636,504,316,786,505.59,79.52
新竹縣,北埔鄉,南興村,371,258789,698,528,312,856,605.21,86.76
新竹縣,北埔鄉,大湖村,147,110989,755,567,336,921,680.02,90.07
新竹縣,北埔鄉,埔尾村,791,600940,760,577,373,960,634.57,83.53
新竹縣,北埔鄉,南坑村,94,75033,798,535,402,860,967.94,121.26
新竹縣,北埔鄉,北埔村,351,258837,737,548,312,993,614.14,83.28
新竹縣,北埔鄉,南埔村,119,83264,700,508,322,853,620.56,88.69
新竹縣,北埔鄉,大林村,252,169890,674,540,353,817,534.87,79.34
新竹縣,北埔鄉,外坪村,74,53708,726,507,292,770,782.06,107.75
新竹縣,峨眉鄉,峨眉村,252,197521,784,607,384,903,662.95,84.58
新竹縣,峨眉鄉,富興村,337,248588,738,566,344,944,629.89,85.39
新竹縣,峨眉鄉,中盛村,199,147058,739,557,371,868,795.21,107.61
新竹縣,峨眉鄉,石井村,158,110595,700,566,336,869,602.71,86.11
新竹縣,峨眉鄉,七星村,125,99184,793,635,324,915,914.44,115.24
新竹縣,峨眉鄉,湖光村,222,138203,623,505,323,815,467.43,75.09
新竹縣,尖石鄉,新樂村,208,139818,672,525,336,870,638.97,95.06
新竹縣,尖石鄉,嘉樂村,186,140229,754,616,399,916,667.32,88.51
新竹縣,尖石鄉,義興村,117,85871,734,611,356,966,509.25,69.39
新竹縣,尖石鄉,梅花村,75,44503,593,513,313,717,394.28,66.45
新竹縣,尖石鄉,錦屏村,178,109458,615,445,309,749,536.90,87.31
新竹縣,尖石鄉,玉峰村,165,93211,565,479,321,760,356.25,63.06
新竹縣,尖石鄉,秀巒村,171,121615,711,582,350,896,667.11,93.80
新竹縣,五峰鄉,大隘村,250,153514,614,494,313,811,433.60,70.61
新竹縣,五峰鄉,桃山村,224,151924,678,550,329,835,583.76,86.07
新竹縣,五峰鄉,花園村,115,61937,539,457,269,686,379.97,70.55
新竹縣,五峰鄉,竹林村,58,40028,690,546,351,853,536.02,77.67
苗栗縣,苗栗市,中苗里,412,345104,838,584,326,1114,820.37,97.94
苗栗縣,苗栗市,青苗里,347,285540,823,611,320,1032,789.03,95.89
苗栗縣,苗栗市,玉苗里,270,191239,708,526,303,828,773.77,109.24
苗栗縣,苗栗市,綠苗里,262,188341,719,542,312,961,601.81,83.72
苗栗縣,苗栗市,高苗里,1064,901798,848,582,339,989,1978.05,233.38
苗栗縣,苗栗市,恭敬里,469,369690,788,592,351,1060,661.92,83.97
苗栗縣,苗栗市,新苗里,335,246191,735,536,309,876,905.93,123.27
苗栗縣,苗栗市,勝利里,1358,1138650,838,592,348,1058,1872.36,223.31
苗栗縣,苗栗市,維祥里,1229,999570,813,602,354,1079,703.42,86.49
苗栗縣,苗栗市,玉清里,842,684677,813,622,380,1106,643.05,79.08
苗栗縣,苗栗市,嘉盛里,1291,1040821,806,602,353,1065,664.81,82.46
苗栗縣,苗栗市,福星里,1448,1233295,852,665,387,1147,697.96,81.95
苗栗縣,苗栗市,北苗里,1913,1695638,886,685,386,1179,727.72,82.10
苗栗縣,苗栗市,上苗里,635,558848,880,664,367,1146,825.99,93.85
苗栗縣,苗栗市,福麗里,1705,1413682,829,610,356,1099,774.66,93.43
苗栗縣,苗栗市,新川里,363,288492,795,563,379,948,1101.31,138.57
苗栗縣,苗栗市,新英里,526,385491,733,586,357,963,578.88,78.99
苗栗縣,苗栗市,清華里,1168,937348,803,591,339,1071,833.29,103.83
苗栗縣,苗栗市,水源里,819,579305,707,553,340,929,567.72,80.26
苗栗縣,苗栗市,文山里,1241,1086560,876,648,383,1188,727.61,83.10
苗栗縣,苗栗市,建功里,1604,1413710,881,644,364,1174,804.99,91.33
苗栗縣,苗栗市,大同里,182,120181,660,492,283,818,735.24,111.34
苗栗縣,苗栗市,玉華里,1253,1104940,882,645,378,1127,1486.68,168.59
苗栗縣,苗栗市,維新里,1328,1094144,824,615,365,1066,746.81,90.64
苗栗縣,苗栗市,福安里,1209,953362,789,625,372,1043,631.71,80.11
苗栗縣,苗栗市,嘉新里,1122,914314,815,636,382,1053,735.19,90.22
苗栗縣,苗栗市,南勢里,608,410255,675,547,352,867,543.84,80.60
苗栗縣,苗栗市,文聖里,1181,958763,812,638,372,1120,643.00,79.20
苗栗縣,苑裡鎮,苑東里,667,546608,820,560,345,1053,973.20,118.75
苗栗縣,苑裡鎮,西平里,436,273420,627,507,316,808,487.23,77.69
苗栗縣,苑裡鎮,苑南里,525,424982,809,558,333,956,947.61,117.06
苗栗縣,苑裡鎮,苑北里,246,178965,728,551,346,946,576.33,79.22
苗栗縣,苑裡鎮,西勢里,605,416756,689,538,339,849,543.32,78.87
苗栗縣,苑裡鎮,海岸里,310,184877,596,472,313,734,477.52,80.07
苗栗縣,苑裡鎮,客庄里,1355,1205971,890,575,348,983,3184.74,357.83
苗栗縣,苑裡鎮,苑坑里,235,151568,645,467,328,729,620.02,96.13
苗栗縣,苑裡鎮,水坡里,146,99835,684,511,334,808,624.73,91.36
苗栗縣,苑裡鎮,山腳里,393,248951,633,492,324,782,517.78,81.74
苗栗縣,苑裡鎮,舊社里,569,383363,674,512,304,824,610.75,90.65
苗栗縣,苑裡鎮,福田里,378,255591,676,511,329,768,641.83,94.92
苗栗縣,苑裡鎮,石鎮里,156,104405,669,540,337,852,501.30,74.90
苗栗縣,苑裡鎮,蕉埔里,224,144581,645,524,330,785,497.12,77.02
苗栗縣,苑裡鎮,社苓里,670,433723,647,486,313,830,534.52,82.57
苗栗縣,苑裡鎮,泰田里,502,318124,634,499,300,798,531.85,83.93
苗栗縣,苑裡鎮,上館里,462,268639,581,470,304,728,428.76,73.74
苗栗縣,苑裡鎮,玉田里,536,336021,627,478,304,776,635.44,101.36
苗栗縣,苑裡鎮,南勢里,178,96003,539,470,281,728,381.18,70.67
苗栗縣,苑裡鎮,山柑里,419,294676,703,508,338,834,730.27,103.84
苗栗縣,苑裡鎮,田心里,569,391568,688,506,322,876,612.90,89.06
苗栗縣,苑裡鎮,新復里,413,312997,758,566,329,948,664.62,87.70
苗栗縣,苑裡鎮,中正里,652,539049,827,510,310,886,2783.42,336.67
苗栗縣,苑裡鎮,苑港里,334,216160,647,489,325,786,586.36,90.60
苗栗縣,苑裡鎮,房裡里,706,434060,615,465,301,738,530.12,86.22
苗栗縣,通霄鎮,通東里,347,264826,763,562,360,917,742.60,97.30
苗栗縣,通霄鎮,通西里,630,472756,750,596,343,970,592.37,78.94
苗栗縣,通霄鎮,平元里,617,431476,699,561,341,927,554.15,79.24
苗栗縣,通霄鎮,圳頭里,181,112397,621,456,298,662,643.62,103.65
苗栗縣,通霄鎮,梅南里,443,285189,644,510,305,842,488.92,75.95
苗栗縣,通霄鎮,通灣里,655,431619,659,510,332,857,518.02,78.61
苗栗縣,通霄鎮,新埔里,335,195987,585,483,318,714,441.90,75.53
苗栗縣,通霄鎮,白東里,449,295080,657,518,354,796,528.06,80.35
苗栗縣,通霄鎮,白西里,212,131117,618,493,312,801,440.57,71.23
苗栗縣,通霄鎮,內島里,224,152463,681,538,339,776,829.80,121.92
苗栗縣,通霄鎮,烏眉里,217,155370,716,564,347,927,638.54,89.18
苗栗縣,通霄鎮,楓樹里,102,73741,723,456,295,751,847.42,117.22
苗栗縣,通霄鎮,內湖里,496,316580,638,539,335,791,485.11,76.00
苗栗縣,通霄鎮,福源里,196,121229,619,476,320,840,445.30,72.00
苗栗縣,通霄鎮,城北里,176,121221,689,490,330,854,582.27,84.54
苗栗縣,通霄鎮,城南里,223,177522,796,554,327,936,831.49,104.45
苗栗縣,通霄鎮,南和里,201,153834,765,553,312,901,862.58,112.71
苗栗縣,通霄鎮,福興里,141,96429,684,529,338,863,568.11,83.07
苗栗縣,通霄鎮,坪頂里,318,206847,650,521,311,841,519.48,79.86
苗栗縣,通霄鎮,五北里,390,330863,848,498,345,803,4453.61,524.96
苗栗縣,通霄鎮,五南里,392,242825,619,464,319,786,526.38,84.98
苗栗縣,通霄鎮,福龍里,93,64667,695,535,324,930,545.40,78.44
苗栗縣,通霄鎮,通南里,820,570475,696,484,302,758,3006.18,432.11
苗栗縣,通霄鎮,平安里,658,512733,779,581,354,1021,660.63,84.78
苗栗縣,公館鄉,館中村,529,394460,746,596,346,987,649.93,87.16
苗栗縣,公館鄉,館南村,1153,854916,741,570,347,953,740.57,99.88
苗栗縣,公館鄉,中義村,719,622655,866,595,377,967,2798.72,323.18
苗栗縣,公館鄉,玉泉村,786,730350,929,612,383,1131,2748.12,295.75
苗栗縣,公館鄉,大坑村,271,179721,663,512,345,843,561.85,84.72
苗栗縣,公館鄉,福基村,284,186419,656,513,312,823,525.40,80.04
苗栗縣,公館鄉,福德村,101,78635,779,585,353,1073,678.59,87.16
苗栗縣,公館鄉,福星村,630,450795,716,566,356,955,522.72,73.05
苗栗縣,公館鄉,石墻村,429,323299,754,539,349,938,823.09,109.22
苗栗縣,公館鄉,開礦村,82,50696,618,388,239,772,663.15,107.27
苗栗縣,公館鄉,五谷村,742,571706,770,582,363,1010,686.42,89.09
苗栗縣,公館鄉,玉谷村,451,322237,714,561,350,926,560.74,78.48
苗栗縣,公館鄉,鶴岡村,522,390243,748,584,355,1004,628.40,84.06
苗栗縣,公館鄉,鶴山村,457,315925,691,532,329,910,565.76,81.84
苗栗縣,公館鄉,尖山村,457,347400,760,571,346,949,842.93,110.89
苗栗縣,公館鄉,仁安村,361,278556,772,597,340,958,740.65,95.99
苗栗縣,公館鄉,南河村,60,36035,601,514,230,796,494.54,82.34
苗栗縣,公館鄉,北河村,86,51828,603,458,325,765,488.84,81.12
苗栗縣,公館鄉,館東村,753,592606,787,590,353,1023,679.90,86.39
苗栗縣,銅鑼鄉,福興村,327,228864,700,564,342,882,563.57,80.52
苗栗縣,銅鑼鄉,銅鑼村,1590,1119344,704,556,350,919,555.73,78.94
苗栗縣,銅鑼鄉,朝陽村,585,388361,664,530,329,857,506.43,76.29
苗栗縣,銅鑼鄉,竹森村,332,243943,735,570,352,910,746.64,101.62
苗栗縣,銅鑼鄉,九湖村,340,221613,652,515,318,862,469.90,72.09
苗栗縣,銅鑼鄉,樟樹村,382,270713,709,560,383,916,548.16,77.35
苗栗縣,銅鑼鄉,興隆村,141,99568,706,542,335,938,576.32,81.61
苗栗縣,銅鑼鄉,盛隆村,110,75374,685,581,361,939,460.51,67.21
苗栗縣,銅鑼鄉,新隆村,148,104920,709,591,344,1021,476.81,67.26
苗栗縣,銅鑼鄉,中平村,1002,705772,704,544,359,907,578.08,82.07
苗栗縣,三義鄉,廣盛村,1321,1012853,767,560,338,934,1666.03,217.29
苗栗縣,三義鄉,双湖村,587,442131,753,587,372,958,661.28,87.80
苗栗縣,三義鄉,双潭村,443,311987,704,564,359,928,524.98,74.54
苗栗縣,三義鄉,勝興村,1162,793644,683,530,345,873,571.23,83.64
苗栗縣,三義鄉,西湖村,413,273272,662,547,338,832,509.15,76.95
苗栗縣,三義鄉,龍騰村,102,101662,997,578,358,996,1558.96,156.41
苗栗縣,三義鄉,鯉魚潭村,294,200205,681,530,334,827,526.90,77.38
苗栗縣,西湖鄉,高埔村,181,136138,752,446,299,860,1970.22,261.95
苗栗縣,西湖鄉,下埔村,170,122354,720,525,333,924,629.38,87.45
苗栗縣,西湖鄉,五湖村,272,196065,721,552,338,973,568.99,78.94
苗栗縣,西湖鄉,四湖村,174,127743,734,550,302,933,749.92,102.15
苗栗縣,西湖鄉,三湖村,240,169129,705,591,336,908,526.56,74.72
苗栗縣,西湖鄉,湖東村,320,218129,682,538,341,849,550.52,80.76
苗栗縣,西湖鄉,二湖村,174,128691,740,575,349,943,607.01,82.07
苗栗縣,西湖鄉,龍洞村,121,85078,703,536,348,945,523.00,74.38
苗栗縣,西湖鄉,金獅村,130,100462,773,552,316,995,945.48,122.35
苗栗縣,頭屋鄉,頭屋村,814,591473,727,595,362,953,565.13,77.77
苗栗縣,頭屋鄉,象山村,629,453687,721,534,330,927,850.79,117.95
苗栗縣,頭屋鄉,北坑村,206,121511,590,496,295,729,447.28,75.83
苗栗縣,頭屋鄉,獅潭村,575,407489,709,568,347,958,516.53,72.89
苗栗縣,頭屋鄉,曲洞村,282,200549,711,565,358,910,564.37,79.36
苗栗縣,頭屋鄉,飛鳳村,110,84837,771,596,341,908,731.92,94.90
苗栗縣,頭屋鄉,明德村,332,232925,702,508,291,976,586.84,83.65
苗栗縣,頭屋鄉,鳴鳳村,78,65028,834,484,326,1083,1103.09,132.31
苗栗縣,竹南鎮,竹南里,796,882771,1109,636,361,1109,3317.47,299.14
苗栗縣,竹南鎮,正南里,952,828580,870,622,347,1104,849.07,97.55
苗栗縣,竹南鎮,新南里,1598,1713292,1072,760,416,1331,2465.81,229.99
苗栗縣,竹南鎮,大厝里,2057,1991547,968,722,409,1268,871.58,90.02
苗栗縣,竹南鎮,營盤里,1237,1168217,944,682,368,1203,1567.27,165.96
苗栗縣,竹南鎮,龍鳳里,790,575329,728,547,363,926,694.79,95.40
苗栗縣,竹南鎮,山佳里,1628,1389144,853,653,383,1112,738.44,86.54
苗栗縣,竹南鎮,中港里,360,304699,846,614,348,1047,941.30,111.21
苗栗縣,竹南鎮,聖福里,1323,1261931,954,704,405,1222,873.32,91.56
苗栗縣,竹南鎮,竹興里,1062,717661,676,533,341,863,522.92,77.38
苗栗縣,竹南鎮,中華里,1046,875028,837,615,391,1024,800.87,95.74
苗栗縣,竹南鎮,中英里,520,362898,698,550,335,874,595.58,85.34
苗栗縣,竹南鎮,中美里,727,513184,706,548,322,891,567.60,80.41
苗栗縣,竹南鎮,開元里,338,261088,772,617,380,1019,592.42,76.69
苗栗縣,竹南鎮,海口里,1259,1113713,885,658,393,1103,826.54,93.44
苗栗縣,竹南鎮,港墘里,709,566339,799,608,371,1010,653.71,81.84
苗栗縣,竹南鎮,公館里,392,273624,698,531,332,876,631.57,90.48
苗栗縣,竹南鎮,大埔里,1100,788830,717,539,340,879,740.49,103.26
苗栗縣,竹南鎮,崎頂里,1252,992838,793,612,380,993,664.83,83.84
苗栗縣,竹南鎮,頂埔里,733,518535,707,553,342,872,621.48,87.85
苗栗縣,竹南鎮,公義里,354,262577,742,527,352,840,1006.52,135.70
苗栗縣,竹南鎮,照南里,1246,1393297,1118,734,399,1416,1353.79,121.07
苗栗縣,竹南鎮,佳興里,1194,1119363,937,673,397,1183,921.46,98.29
苗栗縣,竹南鎮,天文里,789,714406,905,688,410,1129,994.78,109.87
苗栗縣,竹南鎮,龍山里,790,689612,873,637,380,1095,849.13,97.27
苗栗縣,頭份市,頭份里,1150,914499,795,625,381,994,700.48,88.09
苗栗縣,頭份市,忠孝里,1196,1136214,950,632,376,1165,2380.44,250.57
苗栗縣,頭份市,仁愛里,522,343771,659,500,311,797,594.29,90.24
苗栗縣,頭份市,信義里,267,268709,1006,564,339,985,2176.02,216.22
苗栗縣,頭份市,和平里,349,296728,850,592,320,1019,898.98,105.73
苗栗縣,頭份市,民族里,708,536080,757,594,357,949,630.52,83.27
苗栗縣,頭份市,土牛里,266,167893,631,498,341,795,466.92,73.98
苗栗縣,頭份市,上興里,668,469072,702,561,360,856,563.51,80.25
苗栗縣,頭份市,下興里,837,635748,760,580,360,932,669.17,88.10
苗栗縣,頭份市,東庄里,1107,1012996,915,655,386,1181,984.06,107.54
苗栗縣,頭份市,田寮里,1419,1159139,817,624,377,1049,722.49,88.45
苗栗縣,頭份市,蟠桃里,2175,2178082,1001,762,452,1321,802.41,80.13
苗栗縣,頭份市,山下里,1391,1301564,936,689,395,1234,864.10,92.35
苗栗縣,頭份市,後庄里,1483,1563459,1054,778,434,1374,986.44,93.57
苗栗縣,頭份市,新華里,1226,864255,705,531,342,880,762.46,108.16
苗栗縣,頭份市,斗煥里,1057,753826,713,569,369,901,553.51,77.61
苗栗縣,頭份市,興隆里,1464,1369771,936,646,382,1186,943.70,100.86
苗栗縣,頭份市,上埔里,858,623040,726,559,360,918,624.75,86.04
苗栗縣,頭份市,珊湖里,550,368228,670,508,311,812,655.98,97.98
苗栗縣,頭份市,流東里,680,461039,678,525,351,845,563.62,83.13
苗栗縣,頭份市,尖山里,486,339967,700,525,353,874,735.72,105.18
苗栗縣,頭份市,廣興里,291,209203,719,574,328,956,615.80,85.66
苗栗縣,頭份市,尖下里,901,630805,700,539,345,914,571.99,81.70
苗栗縣,頭份市,濫坑里,735,486289,662,531,341,901,469.96,71.03
苗栗縣,頭份市,蘆竹里,467,291415,624,503,319,757,502.46,80.52
苗栗縣,頭份市,民權里,700,573222,819,586,357,948,1129.38,137.92
苗栗縣,頭份市,民生里,816,573274,703,562,352,894,552.24,78.61
苗栗縣,頭份市,建國里,1324,1193216,901,646,401,1143,851.05,94.43
苗栗縣,頭份市,成功里,1365,1143202,838,627,368,1101,784.96,93.73
苗栗縣,頭份市,自強里,720,609058,846,604,348,1039,1103.54,130.45
苗栗縣,頭份市,合興里,980,974516,994,772,454,1295,919.81,92.50
苗栗縣,頭份市,文化里,1291,1342409,1040,759,439,1375,953.81,91.73
苗栗縣,造橋鄉,造橋村,729,580557,796,557,334,937,1933.56,242.79
苗栗縣,造橋鄉,平興村,141,102606,728,619,387,853,541.34,74.39
苗栗縣,造橋鄉,豐湖村,349,239128,685,557,335,909,506.24,73.88
苗栗縣,造橋鄉,錦水村,184,127655,694,595,398,888,459.08,66.17
苗栗縣,造橋鄉,大西村,1227,850766,693,565,345,914,499.55,72.05
苗栗縣,造橋鄉,大龍村,166,104011,627,501,309,851,460.30,73.46
苗栗縣,造橋鄉,朝陽村,434,293110,675,518,323,861,604.06,89.44
苗栗縣,造橋鄉,談文村,211,142099,673,573,345,795,551.14,81.84
苗栗縣,造橋鄉,龍昇村,270,184715,684,508,325,873,573.84,83.88
苗栗縣,後龍鎮,南龍里,406,276140,680,528,321,851,596.76,87.74
苗栗縣,後龍鎮,中龍里,271,216557,799,599,381,1131,636.07,79.60
苗栗縣,後龍鎮,北龍里,418,283419,678,516,307,881,584.12,86.15
苗栗縣,後龍鎮,大庄里,1340,987386,737,554,329,913,703.01,95.41
苗栗縣,後龍鎮,溪洲里,664,455554,686,514,326,832,668.49,97.44
苗栗縣,後龍鎮,豐富里,404,275489,682,540,341,898,505.00,74.06
苗栗縣,後龍鎮,校椅里,249,189782,762,600,346,1022,605.38,79.43
苗栗縣,後龍鎮,埔頂里,852,601684,706,558,345,925,599.16,84.84
苗栗縣,後龍鎮,新民里,423,305541,722,562,356,937,554.67,76.79
苗栗縣,後龍鎮,復興里,177,119731,676,522,338,811,556.88,82.32
苗栗縣,後龍鎮,東明里,417,298695,716,536,357,879,653.49,91.23
苗栗縣,後龍鎮,灣寶里,334,235385,705,528,345,862,601.23,85.31
苗栗縣,後龍鎮,海寶里,230,159653,694,515,325,825,623.62,89.84
苗栗縣,後龍鎮,大山里,445,318349,715,509,328,867,940.60,131.48
苗栗縣,後龍鎮,外埔里,237,159029,671,510,311,864,601.33,89.62
苗栗縣,後龍鎮,海埔里,241,140225,582,483,285,724,476.53,81.90
苗栗縣,後龍鎮,秀水里,196,136474,696,520,319,846,592.83,85.14
苗栗縣,後龍鎮,水尾里,234,138830,593,476,292,757,449.03,75.69
苗栗縣,後龍鎮,龍津里,178,102627,577,463,300,703,482.84,83.75
苗栗縣,後龍鎮,龍坑里,349,250783,719,508,317,852,730.63,101.68
苗栗縣,後龍鎮,福寧里,201,159031,791,524,323,839,2199.05,277.94
苗栗縣,後龍鎮,中和里,262,147469,563,455,302,726,389.83,69.26
苗栗縣,後龍鎮,南港里,315,188848,600,488,308,754,538.61,89.84
苗栗縣,三灣鄉,三灣村,704,500346,711,544,332,917,574.23,80.80
苗栗縣,三灣鄉,內灣村,189,115829,613,500,312,760,482.13,78.67
苗栗縣,三灣鄉,銅鏡村,256,208932,816,572,309,1006,876.09,107.35
苗栗縣,三灣鄉,頂寮村,63,50299,798,532,412,834,732.42,91.74
苗栗縣,三灣鄉,北埔村,141,88303,626,481,349,762,478.87,76.46
苗栗縣,三灣鄉,大河村,124,92207,744,473,307,918,683.56,91.93
苗栗縣,三灣鄉,大坪村,125,91836,735,623,369,983,567.05,77.18
苗栗縣,三灣鄉,永和村,90,65801,731,493,265,881,874.02,119.55
苗栗縣,南庄鄉,東村,255,171127,671,523,317,892,519.22,77.37
苗栗縣,南庄鄉,西村,170,102522,603,495,305,763,477.18,79.12
苗栗縣,南庄鄉,南江村,267,189729,711,544,332,881,652.08,91.77
苗栗縣,南庄鄉,田美村,214,144659,676,516,308,803,614.70,90.93
苗栗縣,南庄鄉,獅山村,193,130450,676,534,303,863,697.91,103.26
苗栗縣,南庄鄉,南富村,294,215770,734,515,347,927,690.68,94.11
苗栗縣,南庄鄉,員林村,282,193248,685,514,316,837,572.64,83.56
苗栗縣,南庄鄉,蓬萊村,154,109841,713,518,321,863,1007.83,141.30
苗栗縣,南庄鄉,東河村,187,112914,604,516,318,772,424.18,70.25
苗栗縣,大湖鄉,大湖村,452,318270,704,567,357,908,524.29,74.46
苗栗縣,大湖鄉,明湖村,182,126724,696,551,301,926,606.63,87.12
苗栗縣,大湖鄉,靜湖村,454,300323,662,524,311,805,584.36,88.34
苗栗縣,大湖鄉,大寮村,297,210719,709,549,324,932,664.41,93.65
苗栗縣,大湖鄉,富興村,290,178384,615,519,304,778,492.35,80.04
苗栗縣,大湖鄉,大南村,104,66149,636,543,374,804,429.95,67.60
苗栗縣,大湖鄉,南湖村,158,103616,656,555,298,874,495.70,75.59
苗栗縣,大湖鄉,義和村,293,202525,691,537,308,856,637.14,92.18
苗栗縣,大湖鄉,東興村,137,96032,701,555,357,841,764.74,109.10
苗栗縣,大湖鄉,武榮村,96,53128,553,448,297,663,415.14,75.01
苗栗縣,大湖鄉,新開村,209,147497,706,559,269,903,725.51,102.80
苗栗縣,大湖鄉,栗林村,160,100534,628,496,281,824,478.59,76.17
苗栗縣,卓蘭鎮,老庄里,478,318099,665,524,325,830,553.27,83.14
苗栗縣,卓蘭鎮,新榮里,246,161926,658,554,329,857,484.78,73.65
苗栗縣,卓蘭鎮,中街里,197,141396,718,548,311,946,634.26,88.37
苗栗縣,卓蘭鎮,新厝里,338,210567,623,505,294,845,538.88,86.50
苗栗縣,卓蘭鎮,豐田里,226,143519,635,529,316,784,479.73,75.54
苗栗縣,卓蘭鎮,西坪里,151,104854,694,527,290,896,617.50,88.93
苗栗縣,卓蘭鎮,上新里,493,314794,639,503,324,785,596.20,93.37
苗栗縣,卓蘭鎮,內灣里,440,278419,633,511,299,775,530.93,83.91
苗栗縣,卓蘭鎮,苗豐里,166,117078,705,539,345,848,586.73,83.19
苗栗縣,卓蘭鎮,坪林里,320,200907,628,473,298,758,607.52,96.76
苗栗縣,卓蘭鎮,景山里,188,133736,711,589,290,902,654.00,91.94
苗栗縣,獅潭鄉,百壽村,55,34147,621,562,274,896,445.62,71.78
苗栗縣,獅潭鄉,永興村,123,79998,650,525,339,835,592.75,91.14
苗栗縣,獅潭鄉,新店村,215,140943,656,516,304,878,495.27,75.55
苗栗縣,獅潭鄉,和興村,112,75054,670,502,360,834,525.78,78.46
苗栗縣,獅潭鄉,豐林村,135,88712,657,516,332,795,649.73,98.87
苗栗縣,獅潭鄉,新豐村,83,58163,701,517,365,1070,497.28,70.96
苗栗縣,獅潭鄉,竹木村,152,103709,682,505,335,908,498.51,73.06
苗栗縣,泰安鄉,錦水村,206,146649,712,573,369,873,656.03,92.15
苗栗縣,泰安鄉,清安村,179,125727,702,552,332,872,564.66,80.39
苗栗縣,泰安鄉,大興村,90,60641,674,588,390,864,418.20,62.07
苗栗縣,泰安鄉,象鼻村,91,67983,747,627,428,1056,484.91,64.91
苗栗縣,泰安鄉,梅園村,44,35186,800,738,508,1052,444.16,55.54
苗栗縣,泰安鄉,八卦村,41,27052,660,477,300,831,578.71,87.71
苗栗縣,泰安鄉,中興村,80,51113,639,507,359,749,447.82,70.09
苗栗縣,泰安鄉,士林村,55,33572,610,574,455,720,280.76,46.00
南投縣,南投市,龍泉里,295,214959,729,536,260,944,724.42,99.42
南投縣,南投市,康壽里,482,421644,875,574,334,1045,1931.19,220.76
南投縣,南投市,三民里,268,228415,852,612,403,1039,819.38,96.14
南投縣,南投市,仁和里,179,217691,1216,518,292,783,6738.08,554.05
南投縣,南投市,南投里,219,154654,706,502,285,785,777.23,110.06
南投縣,南投市,彰仁里,136,90553,666,507,222,907,641.02,96.27
南投縣,南投市,崇文里,304,239450,788,542,302,933,823.07,104.49
南投縣,南投市,漳興里,846,649516,768,603,321,982,685.92,89.34
南投縣,南投市,漳和里,2358,1869973,793,563,332,947,1539.73,194.16
南投縣,南投市,軍功里,1390,985477,709,536,323,919,696.80,98.28
南投縣,南投市,東山里,103,62738,609,485,308,761,531.92,87.33
南投縣,南投市,平和里,1961,1493303,762,558,322,963,746.23,97.99
南投縣,南投市,振興里,580,369919,638,501,305,805,521.91,81.83
南投縣,南投市,千秋里,282,187022,663,527,306,886,527.72,79.57
南投縣,南投市,三興里,1752,1408988,804,581,334,1058,726.86,90.38
南投縣,南投市,三和里,1048,879530,839,613,333,1084,821.52,97.89
南投縣,南投市,嘉興里,571,368499,645,487,302,816,580.90,90.01
南投縣,南投市,嘉和里,1418,1070925,755,540,314,966,946.88,125.38
南投縣,南投市,鳳鳴里,142,90966,641,524,359,798,573.41,89.51
南投縣,南投市,鳳山里,279,194377,697,464,316,730,1283.70,184.26
南投縣,南投市,平山里,1661,1196092,720,534,318,885,769.49,106.86
南投縣,南投市,新興里,1600,1044348,653,508,315,820,591.73,90.66
南投縣,南投市,永豐里,871,818626,940,505,315,793,8993.22,956.86
南投縣,南投市,福興里,843,622972,739,480,301,754,2096.16,283.65
南投縣,南投市,營北里,2265,2363316,1043,726,397,1333,1057.51,101.35
南投縣,南投市,營南里,767,629088,820,584,331,961,944.34,115.14
南投縣,南投市,內新里,412,316479,768,591,315,1017,663.45,86.37
南投縣,南投市,內興里,2155,2026953,941,686,383,1226,1011.35,107.52
南投縣,南投市,光華里,327,259752,794,558,340,872,1080.24,135.99
南投縣,南投市,光榮里,396,287061,725,566,314,897,665.05,91.74
南投縣,南投市,光明里,406,317662,782,642,395,1011,576.62,73.70
南投縣,南投市,光輝里,169,142637,844,618,342,1031,926.78,109.81
南投縣,南投市,福山里,497,294284,592,463,308,722,489.11,82.60
南投縣,南投市,永興里,156,101983,654,458,263,840,661.39,101.17
南投縣,埔里鎮,東門里,681,467625,687,474,275,857,710.16,103.42
南投縣,埔里鎮,西門里,765,535916,701,535,311,911,645.08,92.08
南投縣,埔里鎮,南門里,243,177759,732,498,252,964,722.01,98.70
南投縣,埔里鎮,北門里,600,410701,685,502,305,915,585.81,85.58
南投縣,埔里鎮,薰化里,299,209673,701,499,261,900,690.08,98.41
南投縣,埔里鎮,清新里,788,532269,675,514,310,862,601.46,89.04
南投縣,埔里鎮,同聲里,500,330083,660,478,262,813,767.05,116.19
南投縣,埔里鎮,大城里,1419,1014146,715,528,311,882,873.13,122.17
南投縣,埔里鎮,籃城里,177,126341,714,454,250,835,1114.32,156.11
南投縣,埔里鎮,枇杷里,1728,1228238,711,522,306,896,664.08,93.43
南投縣,埔里鎮,杷城里,617,448665,727,518,328,916,698.89,96.11
南投縣,埔里鎮,水頭里,768,661233,861,496,302,828,4289.13,498.17
南投縣,埔里鎮,麒麟里,163,112883,693,497,312,844,671.25,96.93
南投縣,埔里鎮,珠格里,188,126968,675,491,296,885,694.13,102.78
南投縣,埔里鎮,溪南里,208,131740,633,464,262,802,634.50,100.18
南投縣,埔里鎮,桃米里,203,145187,715,500,308,826,671.19,93.84
南投縣,埔里鎮,南村里,260,176920,680,519,277,898,590.77,86.82
南投縣,埔里鎮,愛蘭里,318,265099,834,644,341,1077,754.34,90.49
南投縣,埔里鎮,鐵山里,354,246863,697,557,375,851,568.18,81.48
南投縣,埔里鎮,房里里,211,131884,625,497,290,753,539.20,86.27
南投縣,埔里鎮,向善里,96,90027,938,449,285,775,3263.41,347.99
南投縣,埔里鎮,一新里,186,125189,673,416,248,680,1094.09,162.55
南投縣,埔里鎮,廣成里,183,116258,635,532,309,853,480.66,75.66
南投縣,埔里鎮,史港里,94,72442,771,506,328,1112,760.58,98.69
南投縣,埔里鎮,福興里,200,133124,666,397,226,717,1172.15,176.10
南投縣,埔里鎮,牛眠里,480,283774,591,429,262,741,589.41,99.70
南投縣,埔里鎮,大湳里,342,252833,739,505,306,1029,681.16,92.14
南投縣,埔里鎮,蜈蚣里,468,301214,644,508,293,859,539.67,83.85
南投縣,埔里鎮,成功里,52,38301,737,497,319,860,700.97,95.17
南投縣,埔里鎮,合成里,202,117444,581,436,257,683,580.92,99.92
南投縣,埔里鎮,北安里,899,652015,725,524,306,914,716.05,98.73
南投縣,埔里鎮,泰安里,565,394081,697,531,311,950,598.69,85.84
南投縣,埔里鎮,北梅里,758,546456,721,552,303,963,616.52,85.52
南投縣,草屯鎮,玉峰里,720,519091,721,556,298,934,651.17,90.32
南投縣,草屯鎮,炎峰里,729,609255,836,607,322,1078,913.24,109.27
南投縣,草屯鎮,和平里,417,324156,777,546,289,992,749.78,96.45
南投縣,草屯鎮,敦和里,1978,1513877,765,528,299,942,1377.55,179.99
南投縣,草屯鎮,山腳里,2520,2322620,922,611,339,1094,2543.10,275.92
南投縣,草屯鎮,富寮里,1839,1442837,785,585,314,1027,767.72,97.85
南投縣,草屯鎮,御史里,1711,1253306,732,538,312,921,758.35,103.53
南投縣,草屯鎮,新豐里,1149,781088,680,521,288,831,634.28,93.30
南投縣,草屯鎮,明正里,1134,842813,743,567,307,948,659.77,88.77
南投縣,草屯鎮,中正里,208,185613,892,509,287,933,1865.38,209.04
南投縣,草屯鎮,碧峰里,1302,932227,716,553,335,886,629.91,87.98
南投縣,草屯鎮,上林里,1008,758078,752,556,320,929,759.27,100.96
南投縣,草屯鎮,新庄里,996,737701,741,539,301,898,814.46,109.96
南投縣,草屯鎮,北投里,774,617343,798,498,288,803,3176.61,398.27
南投縣,草屯鎮,石川里,425,319769,752,551,303,918,920.13,122.29
南投縣,草屯鎮,加老里,729,519079,712,523,299,868,1152.13,161.81
南投縣,草屯鎮,中原里,548,369657,675,523,318,881,604.25,89.58
南投縣,草屯鎮,北勢里,478,285767,598,468,295,726,491.33,82.18
南投縣,草屯鎮,南埔里,1101,805981,732,537,314,889,969.08,132.38
南投縣,草屯鎮,土城里,396,234487,592,459,263,755,559.23,94.44
南投縣,草屯鎮,坪頂里,197,135006,685,483,282,802,749.67,109.39
南投縣,草屯鎮,雙冬里,417,252460,605,502,301,776,478.70,79.07
南投縣,草屯鎮,復興里,812,637835,786,532,312,866,2434.49,309.92
南投縣,草屯鎮,平林里,237,163638,690,516,329,790,713.23,103.30
南投縣,草屯鎮,碧洲里,723,532921,737,559,319,972,621.18,84.27
南投縣,草屯鎮,中山里,774,630919,815,585,310,970,989.29,121.36
南投縣,草屯鎮,新厝里,1008,812465,806,602,351,1013,760.29,94.33
南投縣,竹山鎮,竹山里,553,413700,748,566,331,973,660.72,88.32
南投縣,竹山鎮,中正里,169,123471,731,487,255,960,808.86,110.71
南投縣,竹山鎮,中山里,1080,752774,697,521,303,858,694.67,99.66
南投縣,竹山鎮,雲林里,972,731590,753,565,332,921,730.61,97.07
南投縣,竹山鎮,硘磘里,372,248144,667,506,311,799,593.40,88.96
南投縣,竹山鎮,桂林里,844,591011,700,536,315,918,606.10,86.55
南投縣,竹山鎮,下坪里,260,199017,765,579,397,957,640.09,83.62
南投縣,竹山鎮,中和里,214,131968,617,505,321,778,447.41,72.55
南投縣,竹山鎮,中崎里,305,182287,598,506,314,736,439.44,73.53
南投縣,竹山鎮,德興里,170,109460,644,531,313,777,631.83,98.13
南投縣,竹山鎮,延和里,1296,967244,746,574,331,930,670.79,89.88
南投縣,竹山鎮,延正里,316,210755,667,479,292,736,854.51,128.12
南投縣,竹山鎮,延平里,656,429309,654,503,316,766,637.26,97.38
南投縣,竹山鎮,延山里,163,123431,757,541,361,959,782.16,103.29
南投縣,竹山鎮,山崇里,401,309271,771,583,340,978,792.50,102.76
南投縣,竹山鎮,社寮里,253,181628,718,525,331,889,726.28,101.17
南投縣,竹山鎮,中央里,254,157217,619,505,323,785,465.53,75.21
南投縣,竹山鎮,富州里,135,80994,600,473,314,769,458.05,76.35
南投縣,竹山鎮,大鞍里,39,20922,536,449,296,644,452.27,84.31
南投縣,竹山鎮,田子里,80,50127,627,492,354,777,503.17,80.30
南投縣,竹山鎮,福興里,77,48950,636,503,361,728,450.83,70.92
南投縣,竹山鎮,鯉魚里,129,69583,539,461,245,610,473.85,87.85
南投縣,竹山鎮,坪頂里,62,40927,660,517,320,788,546.52,82.79
南投縣,竹山鎮,瑞竹里,99,57153,577,473,286,719,561.69,97.29
南投縣,竹山鎮,桶頭里,118,64451,546,397,259,664,524.08,95.95
南投縣,竹山鎮,秀林里,116,69776,602,518,309,763,443.39,73.71
南投縣,竹山鎮,延祥里,881,551461,626,509,301,783,510.05,81.48
南投縣,竹山鎮,竹圍里,590,412414,699,563,330,885,561.28,80.30
南投縣,集集鎮,集集里,274,206696,754,558,334,916,667.97,88.55
南投縣,集集鎮,和平里,230,168182,731,532,304,958,705.07,96.42
南投縣,集集鎮,林尾里,113,100940,893,658,367,1117,1137.92,127.39
南投縣,集集鎮,田寮里,318,232426,731,688,328,1008,512.24,70.08
南投縣,集集鎮,隘寮里,113,72708,643,506,304,856,506.80,78.77
南投縣,集集鎮,玉映里,120,79944,666,498,297,876,574.34,86.21
南投縣,集集鎮,吳厝里,220,136462,620,466,269,811,526.56,84.89
南投縣,集集鎮,八張里,340,234206,689,524,319,868,646.00,93.78
南投縣,集集鎮,永昌里,218,190151,872,620,308,1146,974.41,111.71
南投縣,集集鎮,富山里,108,61531,570,487,231,733,481.55,84.52
南投縣,集集鎮,廣明里,195,143902,738,548,304,1008,617.06,83.62
南投縣,名間鄉,南雅村,282,180846,641,511,303,831,496.59,77.43
南投縣,名間鄉,中正村,906,614811,679,532,330,864,585.25,86.24
南投縣,名間鄉,中山村,558,371817,666,497,286,797,819.08,122.92
南投縣,名間鄉,濁水村,363,243755,672,479,296,774,645.64,96.15
南投縣,名間鄉,炭寮村,206,147433,716,506,326,729,1072.70,149.88
南投縣,名間鄉,新民村,209,120789,578,458,302,697,469.50,81.24
南投縣,名間鄉,新街村,1189,758636,638,526,313,828,532.74,83.50
南投縣,名間鄉,東湖村,438,285023,651,508,310,817,569.85,87.57
南投縣,名間鄉,仁和村,186,101882,548,455,280,729,395.80,72.26
南投縣,名間鄉,萬丹村,224,142494,636,457,288,790,806.37,126.76
南投縣,名間鄉,田仔村,301,203225,675,459,289,810,709.89,105.14
南投縣,名間鄉,新光村,423,300420,710,528,314,882,661.66,93.16
南投縣,名間鄉,大庄村,387,267170,690,529,311,902,604.96,87.63
南投縣,名間鄉,下村,160,113015,706,587,357,860,626.73,88.73
南投縣,名間鄉,大坑村,160,105666,660,512,295,812,799.21,121.02
南投縣,名間鄉,竹圍村,176,110722,629,546,323,762,533.57,84.82
南投縣,名間鄉,赤水村,216,146663,679,483,310,867,610.80,89.96
南投縣,名間鄉,三崙村,304,223399,735,527,307,842,1013.50,137.92
南投縣,名間鄉,松山村,354,229721,649,468,289,758,732.39,112.86
南投縣,名間鄉,松柏村,215,134886,627,499,270,787,578.94,92.28
南投縣,名間鄉,埔中村,195,115951,595,447,315,707,512.10,86.12
南投縣,名間鄉,崁腳村,209,134312,643,480,289,827,555.18,86.39
南投縣,名間鄉,新厝村,181,116089,641,478,302,860,512.49,79.90
南投縣,鹿谷鄉,鹿谷村,403,295347,733,534,317,907,724.95,98.92
南投縣,鹿谷鄉,初鄉村,311,209335,673,501,321,841,567.94,84.38
南投縣,鹿谷鄉,彰雅村,267,203114,761,531,343,903,896.45,117.84
南投縣,鹿谷鄉,廣興村,445,334573,752,566,330,1006,613.38,81.58
南投縣,鹿谷鄉,內湖村,191,117009,613,507,290,758,512.60,83.67
南投縣,鹿谷鄉,竹林村,246,180976,736,550,353,867,640.41,87.05
南投縣,鹿谷鄉,竹豐村,145,90914,627,546,379,738,498.69,79.54
南投縣,鹿谷鄉,和雅村,102,66874,656,484,323,861,562.92,85.86
南投縣,鹿谷鄉,鳳凰村,297,222975,751,587,364,811,1055.99,140.66
南投縣,鹿谷鄉,永隆村,331,244523,739,561,377,938,578.57,78.32
南投縣,鹿谷鄉,秀峰村,158,115562,731,504,362,811,796.23,108.86
南投縣,鹿谷鄉,清水村,137,82126,599,509,318,726,439.70,73.35
南投縣,鹿谷鄉,瑞田村,114,95167,835,533,328,877,1620.54,194.12
南投縣,中寮鄉,廣興村,162,98818,610,492,301,759,478.18,78.39
南投縣,中寮鄉,崁頂村,88,56520,642,443,270,840,596.39,92.86
南投縣,中寮鄉,和興村,106,69671,657,493,268,785,672.77,102.36
南投縣,中寮鄉,八仙村,168,102240,609,443,245,735,796.40,130.86
南投縣,中寮鄉,福盛村,114,70279,616,485,285,818,540.82,87.73
南投縣,中寮鄉,永平村,443,287374,649,475,285,777,583.48,89.95
南投縣,中寮鄉,復興村,67,39665,592,439,266,826,511.75,86.44
南投縣,中寮鄉,中寮村,156,100052,641,475,329,765,540.23,84.23
南投縣,中寮鄉,廣福村,102,68997,676,549,309,793,698.48,103.26
南投縣,中寮鄉,永福村,309,220564,714,509,312,887,984.98,137.99
南投縣,中寮鄉,義和村,237,126946,536,432,288,651,414.42,77.37
南投縣,中寮鄉,清水村,140,86011,614,474,261,741,656.71,106.89
南投縣,中寮鄉,龍安村,146,96678,662,506,327,797,644.27,97.30
南投縣,中寮鄉,龍岩村,160,94155,588,454,307,783,451.01,76.64
南投縣,中寮鄉,永和村,111,64029,577,461,267,781,449.74,77.97
南投縣,中寮鄉,內城村,93,63025,678,450,304,693,1267.04,186.96
南投縣,中寮鄉,爽文村,104,54883,528,424,278,613,440.47,83.47
南投縣,中寮鄉,永芳村,89,43618,490,388,230,671,384.38,78.43
南投縣,魚池鄉,東池村,324,206682,638,444,294,826,628.64,98.55
南投縣,魚池鄉,魚池村,468,327589,700,527,319,881,580.81,82.98
南投縣,魚池鄉,中明村,175,102587,586,442,316,723,455.60,77.72
南投縣,魚池鄉,新城村,249,180376,724,538,338,817,1319.32,182.12
南投縣,魚池鄉,大林村,194,105080,542,421,274,671,462.53,85.39
南投縣,魚池鄉,大雁村,124,94469,762,560,355,853,916.82,120.34
南投縣,魚池鄉,五城村,152,88624,583,453,310,693,498.72,85.54
南投縣,魚池鄉,東光村,167,104988,629,478,291,724,597.66,95.07
南投縣,魚池鄉,共和村,146,117228,803,464,287,795,1587.89,197.76
南投縣,魚池鄉,水社村,183,128741,704,539,294,852,612.24,87.03
南投縣,魚池鄉,頭社村,162,106777,659,543,316,753,701.37,106.41
南投縣,魚池鄉,武登村,106,95378,900,538,345,813,2710.34,301.22
南投縣,魚池鄉,日月村,141,142924,1014,488,281,806,3305.37,326.09
南投縣,國姓鄉,國姓村,311,226220,727,469,273,818,1187.39,163.24
南投縣,國姓鄉,石門村,340,221927,653,488,298,791,672.53,103.03
南投縣,國姓鄉,大旗村,89,56337,633,516,353,843,476.41,75.26
南投縣,國姓鄉,北港村,306,201446,658,473,296,793,650.91,98.87
南投縣,國姓鄉,長流村,245,136628,558,443,278,668,481.54,86.35
南投縣,國姓鄉,福龜村,335,196895,588,456,264,746,560.33,95.34
南投縣,國姓鄉,乾溝村,153,93706,612,481,302,732,472.04,77.07
南投縣,國姓鄉,柑林村,194,100662,519,412,231,656,438.77,84.56
南投縣,國姓鄉,南港村,270,156487,580,463,303,729,520.66,89.83
南投縣,國姓鄉,北山村,214,124307,581,448,289,701,555.28,95.59
南投縣,國姓鄉,大石村,110,66552,605,466,300,753,506.50,83.72
南投縣,國姓鄉,長福村,111,51793,467,357,213,563,454.60,97.43
南投縣,國姓鄉,長豐村,92,55059,598,488,324,745,441.14,73.71
南投縣,水里鄉,水里村,178,96360,541,420,245,746,464.83,85.87
南投縣,水里鄉,農富村,139,77709,559,419,217,730,512.85,91.73
南投縣,水里鄉,新城村,358,218155,609,474,259,731,662.52,108.72
南投縣,水里鄉,中央村,140,76558,547,433,250,723,439.00,80.28
南投縣,水里鄉,城中村,190,126998,668,542,255,805,612.09,91.57
南投縣,水里鄉,北埔村,260,176777,680,508,293,792,631.77,92.92
南投縣,水里鄉,鉅工村,281,233254,830,581,319,1292,791.24,95.32
南投縣,水里鄉,永豐村,342,196310,574,460,274,707,496.43,86.49
南投縣,水里鄉,頂崁村,262,161124,615,515,245,813,539.52,87.73
南投縣,水里鄉,車埕村,93,54960,591,472,325,718,591.51,100.09
南投縣,水里鄉,新興村,110,59716,543,475,350,653,342.46,63.08
南投縣,水里鄉,新山村,36,33040,918,572,429,870,1121.36,122.18
南投縣,水里鄉,郡坑村,50,24681,494,391,292,627,320.94,65.02
南投縣,水里鄉,上安村,187,100188,536,460,272,692,363.30,67.81
南投縣,水里鄉,民和村,130,77812,599,425,252,714,607.12,101.43
南投縣,水里鄉,永興村,53,26391,498,402,268,665,353.13,70.92
南投縣,水里鄉,玉峰村,154,85893,558,422,267,736,442.37,79.31
南投縣,水里鄉,興隆村,47,24200,515,419,259,644,415.71,80.74
南投縣,水里鄉,南光村,424,292344,689,526,311,880,590.09,85.58
南投縣,信義鄉,明德村,287,199943,697,544,329,909,606.01,86.99
南投縣,信義鄉,地利村,153,87178,570,486,293,758,423.41,74.31
南投縣,信義鄉,人和村,157,98327,626,561,307,772,420.35,67.12
南投縣,信義鄉,愛國村,91,64921,713,530,316,847,734.26,102.92
南投縣,信義鄉,自強村,129,81828,634,407,266,741,759.35,119.71
南投縣,信義鄉,羅娜村,194,121950,629,542,302,791,464.42,73.88
南投縣,信義鄉,望美村,267,166246,623,477,337,766,513.61,82.49
南投縣,信義鄉,同富村,182,129589,712,553,349,862,633.67,89.00
南投縣,信義鄉,神木村,77,48622,631,399,247,629,1591.92,252.10
南投縣,信義鄉,東埔村,155,97562,629,545,366,762,417.65,66.35
南投縣,信義鄉,潭南村,66,29869,453,367,230,643,327.27,72.32
南投縣,信義鄉,雙龍村,78,39798,510,470,255,659,304.52,59.68
南投縣,信義鄉,新鄉村,84,52012,619,583,269,817,460.73,74.41
南投縣,信義鄉,豐丘村,91,53591,589,520,337,752,395.08,67.09
南投縣,仁愛鄉,大同村,340,246889,726,562,338,907,640.45,88.20
南投縣,仁愛鄉,春陽村,142,82796,583,530,337,708,388.46,66.62
南投縣,仁愛鄉,合作村,60,34481,575,431,296,758,413.79,72.00
南投縣,仁愛鄉,發祥村,95,56710,597,525,326,759,404.94,67.84
南投縣,仁愛鄉,力行村,60,48982,816,620,379,972,639.49,78.33
南投縣,仁愛鄉,法治村,76,46253,609,561,328,765,421.33,69.23
南投縣,仁愛鄉,親愛村,204,144523,708,587,370,866,497.43,70.21
南投縣,仁愛鄉,中正村,129,77073,597,516,327,756,422.23,70.67
南投縣,仁愛鄉,互助村,193,150459,780,650,419,975,534.58,68.57
南投縣,仁愛鄉,新生村,101,65160,645,526,371,764,408.24,63.28
南投縣,仁愛鄉,萬豐村,71,48026,676,617,465,766,404.72,59.83
南投縣,仁愛鄉,精英村,106,61951,584,487,261,738,446.84,76.45
南投縣,仁愛鄉,南豐村,207,129811,627,500,318,823,527.66,84.14
南投縣,仁愛鄉,榮興村,13,8314,640,478,434,1082,415.37,64.95
南投縣,仁愛鄉,翠華村,32,17824,557,425,260,750,420.49,75.49
南投縣,仁愛鄉,都達村,58,36662,632,556,323,821,390.99,61.86
彰化縣,彰化市,中正里,515,997299,1937,533,328,972,20017.18,1033.68
彰化縣,彰化市,文化里,450,392293,872,565,317,1035,1157.87,132.82
彰化縣,彰化市,新興里,1870,1677538,897,644,354,1135,927.64,103.41
彰化縣,彰化市,下里,1766,1770531,1003,641,367,1173,2067.35,206.21
彰化縣,彰化市,民生里,551,545085,989,617,334,1152,1492.54,150.87
彰化縣,彰化市,興北里,560,443450,792,606,323,1103,682.24,86.16
彰化縣,彰化市,信義里,317,373006,1177,641,348,1165,2764.23,234.92
彰化縣,彰化市,陽明里,612,539843,882,588,326,1054,1279.61,145.06
彰化縣,彰化市,萬安里,1413,1270504,899,591,349,1084,1424.78,158.46
彰化縣,彰化市,新華里,502,400890,799,586,342,946,880.51,110.26
彰化縣,彰化市,光華里,289,253529,877,571,284,1209,956.68,109.05
彰化縣,彰化市,光復里,289,385326,1333,594,279,1139,3217.95,241.35
彰化縣,彰化市,龍山里,676,634360,938,639,368,1171,1065.20,113.51
彰化縣,彰化市,中山里,253,204248,807,555,318,977,858.61,106.35
彰化縣,彰化市,永福里,306,417245,1364,665,304,1273,7183.03,526.79
彰化縣,彰化市,永生里,413,293933,712,477,260,839,783.93,110.15
彰化縣,彰化市,桃源里,694,581526,838,523,320,889,1455.45,173.69
彰化縣,彰化市,大同里,334,298329,893,604,270,1114,1046.25,117.13
彰化縣,彰化市,東興里,580,566213,976,595,355,1146,1132.34,115.99
彰化縣,彰化市,卦山里,880,937172,1065,622,329,1148,3407.30,319.94
彰化縣,彰化市,彰安里,1030,870538,845,569,314,1031,956.65,113.19
彰化縣,彰化市,福安里,388,317439,818,602,304,1078,763.97,93.38
彰化縣,彰化市,西安里,942,1170546,1243,604,334,1110,7724.77,621.65
彰化縣,彰化市,成功里,544,517203,951,590,305,1129,1347.67,141.75
彰化縣,彰化市,南瑤里,2756,2472816,897,602,333,1115,1269.89,141.53
彰化縣,彰化市,華陽里,562,488293,869,617,359,1045,1230.79,141.66
彰化縣,彰化市,延和里,1745,1715358,983,581,337,1105,1877.56,191.00
彰化縣,彰化市,延平里,2977,6493343,2181,604,346,1100,42908.78,1967.24
彰化縣,彰化市,華北里,506,398897,788,589,348,1008,728.03,92.35
彰化縣,彰化市,南興里,2500,2079336,832,577,324,1038,912.71,109.74
彰化縣,彰化市,富貴里,311,242400,779,521,241,927,974.61,125.04
彰化縣,彰化市,介壽里,730,697769,956,587,331,1042,2208.10,231.01
彰化縣,彰化市,光南里,532,584912,1099,665,360,1163,4510.90,410.28
彰化縣,彰化市,民權里,349,286908,822,556,312,916,1391.63,169.28
彰化縣,彰化市,萬壽里,305,242346,795,525,320,895,1152.18,145.01
彰化縣,彰化市,中央里,283,244336,863,519,287,918,1905.67,220.72
彰化縣,彰化市,忠孝里,459,518365,1129,639,370,1236,1862.48,164.92
彰化縣,彰化市,五權里,1380,1099261,797,568,339,988,822.65,103.27
彰化縣,彰化市,西興里,1176,1026446,873,618,329,1072,890.85,102.07
彰化縣,彰化市,忠權里,1110,941461,848,590,337,1085,851.69,100.42
彰化縣,彰化市,長樂里,368,294331,800,557,280,998,861.18,107.67
彰化縣,彰化市,西勢里,1298,1160182,894,601,330,1170,933.21,104.41
彰化縣,彰化市,莿桐里,1090,904227,830,521,299,911,1856.36,223.78
彰化縣,彰化市,南安里,699,437900,626,459,261,790,621.85,99.26
彰化縣,彰化市,東芳里,1080,858018,794,510,293,835,2890.89,363.88
彰化縣,彰化市,南美里,568,406391,715,523,300,875,678.90,94.89
彰化縣,彰化市,平和里,1540,1165024,757,553,318,943,757.59,100.14
彰化縣,彰化市,磚磘里,1087,783073,720,503,281,841,1574.06,218.50
彰化縣,彰化市,阿夷里,2728,2341147,858,617,345,1100,855.00,99.63
彰化縣,彰化市,古夷里,780,533278,684,509,312,843,685.43,100.26
彰化縣,彰化市,寶里,351,237181,676,478,284,878,613.69,90.82
彰化縣,彰化市,茄苳里,297,200737,676,474,264,799,708.05,104.76
彰化縣,彰化市,茄南里,930,696324,749,527,306,923,861.12,115.01
彰化縣,彰化市,和調里,936,735694,786,565,313,969,773.25,98.38
彰化縣,彰化市,大竹里,1053,781656,742,535,315,931,752.98,101.44
彰化縣,彰化市,竹中里,546,373442,684,509,316,829,589.12,86.13
彰化縣,彰化市,安溪里,595,433807,729,546,326,928,639.08,87.66
彰化縣,彰化市,香山里,1092,807773,740,559,316,907,703.27,95.07
彰化縣,彰化市,牛埔里,893,589412,660,506,312,838,555.32,84.14
彰化縣,彰化市,三村里,310,210600,679,454,274,762,796.69,117.27
彰化縣,彰化市,國聖里,849,622153,733,494,293,863,960.53,131.08
彰化縣,彰化市,福山里,2219,1472651,664,509,300,836,587.65,88.55
彰化縣,彰化市,中庄里,858,612692,714,560,324,912,626.92,87.79
彰化縣,彰化市,快官里,357,376077,1053,513,324,917,3080.48,292.42
彰化縣,彰化市,竹巷里,230,153803,669,507,320,862,585.99,87.63
彰化縣,彰化市,福田里,366,222900,609,477,309,773,507.28,83.29
彰化縣,彰化市,石牌里,316,267212,846,539,297,858,2964.29,350.55
彰化縣,彰化市,田中里,251,177871,709,552,355,873,571.86,80.70
彰化縣,彰化市,建寶里,830,724908,873,622,340,1123,893.46,102.30
彰化縣,彰化市,復興里,1518,1269704,836,560,322,1002,1511.58,180.72
彰化縣,彰化市,臺鳳里,1453,917559,631,498,288,820,506.54,80.21
彰化縣,彰化市,向陽里,1716,1692589,986,644,360,1174,1621.93,164.44
彰化縣,彰化市,崙平里,1847,1639291,888,595,337,992,3348.14,377.24
彰化縣,鹿港鎮,詔安里,584,336449,576,421,264,682,650.19,112.86
彰化縣,鹿港鎮,洋厝里,648,455236,703,507,307,822,973.74,138.61
彰化縣,鹿港鎮,海埔里,1015,620984,612,468,278,764,556.68,90.99
彰化縣,鹿港鎮,山崙里,788,503010,638,453,285,726,710.21,111.26
彰化縣,鹿港鎮,頭南里,628,2079061,3311,455,279,739,35005.50,1057.37
彰化縣,鹿港鎮,草中里,948,631630,666,478,288,842,643.88,96.64
彰化縣,鹿港鎮,廖厝里,1299,888549,684,485,283,813,790.74,115.60
彰化縣,鹿港鎮,溝墘里,1387,1396707,1007,474,283,788,7961.98,790.66
彰化縣,鹿港鎮,頭崙里,835,599608,718,477,285,862,764.72,106.49
彰化縣,鹿港鎮,東石里,1273,965040,758,486,316,826,1571.33,207.28
彰化縣,鹿港鎮,頂番里,1230,896550,729,498,290,847,848.09,116.35
彰化縣,鹿港鎮,郭厝里,134,90667,677,517,323,854,556.67,82.27
彰化縣,鹿港鎮,玉順里,341,237335,696,465,280,819,754.68,108.43
彰化縣,鹿港鎮,新宮里,239,145855,610,427,232,722,720.16,118.01
彰化縣,鹿港鎮,順興里,261,187146,717,502,297,911,683.25,95.29
彰化縣,鹿港鎮,中興里,176,124891,710,492,262,902,902.74,127.22
彰化縣,鹿港鎮,景福里,385,300660,781,533,314,951,838.35,107.35
彰化縣,鹿港鎮,興化里,173,125253,724,537,309,890,697.00,96.27
彰化縣,鹿港鎮,洛津里,234,160990,688,480,266,863,661.64,96.17
彰化縣,鹿港鎮,街尾里,701,607298,866,539,320,915,1861.95,214.92
彰化縣,鹿港鎮,泰興里,435,539224,1240,605,346,1088,3750.75,302.58
彰化縣,鹿港鎮,埔崙里,1532,1129668,737,522,316,856,1079.14,146.35
彰化縣,鹿港鎮,菜園里,300,193946,646,507,300,866,556.53,86.09
彰化縣,鹿港鎮,長興里,92,90041,979,476,266,952,2585.68,264.19
彰化縣,鹿港鎮,東崎里,1426,945780,663,499,311,798,588.74,88.77
彰化縣,鹿港鎮,龍山里,225,163314,726,451,252,922,949.46,130.81
彰化縣,鹿港鎮,頂厝里,2450,2001063,817,531,310,904,1979.96,242.42
彰化縣,鹿港鎮,大有里,353,390967,1108,511,309,892,5909.44,533.56
彰化縣,鹿港鎮,永安里,1469,1306632,889,557,316,995,2672.00,300.40
彰化縣,和美鎮,竹營里,2051,1583369,772,554,329,914,1329.98,172.28
彰化縣,和美鎮,和東里,1497,1261736,843,535,305,946,1700.86,201.80
彰化縣,和美鎮,和南里,137,94371,689,487,272,840,686.69,99.69
彰化縣,和美鎮,和北里,651,501877,771,496,287,912,1362.72,176.76
彰化縣,和美鎮,和西里,1112,873398,785,571,323,976,767.01,97.65
彰化縣,和美鎮,四張里,984,669758,681,516,311,808,789.71,116.02
彰化縣,和美鎮,頭前里,538,382189,710,515,306,842,758.88,106.83
彰化縣,和美鎮,還社里,272,164782,606,480,284,743,557.65,92.05
彰化縣,和美鎮,鎮平里,929,617419,665,495,295,801,608.41,91.55
彰化縣,和美鎮,大霞里,431,289018,671,464,269,765,861.81,128.52
彰化縣,和美鎮,源埤里,528,351808,666,485,282,857,612.47,91.92
彰化縣,和美鎮,南佃里,662,406719,614,463,285,722,620.28,100.96
彰化縣,和美鎮,雅溝里,450,293618,652,462,283,784,659.80,101.12
彰化縣,和美鎮,面前里,671,470513,701,491,295,803,775.18,110.55
彰化縣,和美鎮,山犁里,1755,1339996,764,539,315,938,829.20,108.60
彰化縣,和美鎮,嘉犁里,621,506876,816,522,294,890,2883.00,353.21
彰化縣,和美鎮,鐵山里,987,835982,847,516,317,872,1446.78,170.81
彰化縣,和美鎮,詔安里,671,452439,674,494,290,822,716.20,106.22
彰化縣,和美鎮,柑井里,1120,778098,695,502,290,851,792.76,114.11
彰化縣,和美鎮,竹園里,304,188023,618,458,274,753,613.99,99.27
彰化縣,和美鎮,新庄里,802,539055,672,505,299,845,621.48,92.46
彰化縣,和美鎮,犁盛里,777,562931,724,528,309,869,719.54,99.32
彰化縣,和美鎮,中寮里,314,194003,618,443,290,725,571.93,92.57
彰化縣,和美鎮,中圍里,935,598540,640,490,299,780,645.75,100.88
彰化縣,和美鎮,糖友里,1466,1120599,764,593,353,1001,666.82,87.24
彰化縣,和美鎮,塗厝里,575,366235,637,482,295,766,594.06,93.27
彰化縣,和美鎮,地潭里,263,171099,651,513,339,818,488.60,75.10
彰化縣,和美鎮,湖內里,391,249336,638,481,280,733,629.14,98.66
彰化縣,和美鎮,嘉寶里,608,396553,652,444,268,709,1191.80,182.73
彰化縣,和美鎮,月眉里,1048,627014,598,451,292,723,541.36,90.48
彰化縣,和美鎮,好修里,538,313715,583,495,287,738,470.38,80.67
彰化縣,和美鎮,仁愛里,868,621692,716,529,300,861,723.47,101.01
彰化縣,北斗鎮,光復里,484,394095,814,618,339,1041,719.27,88.34
彰化縣,北斗鎮,新政里,277,217487,785,575,323,1012,748.09,95.28
彰化縣,北斗鎮,重慶里,146,106374,729,494,332,894,652.84,89.60
彰化縣,北斗鎮,五權里,181,130028,718,534,300,865,1140.30,158.73
彰化縣,北斗鎮,七星里,377,254076,674,518,311,851,566.15,84.01
彰化縣,北斗鎮,居仁里,390,298059,764,561,345,954,676.82,88.56
彰化縣,北斗鎮,東光里,565,390656,691,547,329,920,517.05,74.78
彰化縣,北斗鎮,中和里,299,199999,669,485,319,760,712.53,106.52
彰化縣,北斗鎮,文昌里,802,589241,735,536,319,908,677.75,92.25
彰化縣,北斗鎮,西德里,1326,1013926,765,559,331,936,1013.11,132.49
彰化縣,北斗鎮,西安里,440,362655,824,605,360,968,907.12,110.06
彰化縣,北斗鎮,中寮里,581,417321,718,542,325,932,655.01,91.19
彰化縣,北斗鎮,大道里,457,345478,756,538,290,972,736.02,97.36
彰化縣,北斗鎮,新生里,444,271452,611,495,293,755,514.16,84.10
彰化縣,北斗鎮,大新里,443,303073,684,562,331,835,537.02,78.50
彰化縣,員林市,東和里,314,261710,833,565,291,889,1161.41,139.35
彰化縣,員林市,民生里,791,572092,723,530,306,888,924.82,127.87
彰化縣,員林市,中正里,1055,937272,888,625,349,1125,972.03,109.41
彰化縣,員林市,新興里,215,167668,780,666,370,1013,604.27,77.49
彰化縣,員林市,仁美里,891,815483,915,615,341,1099,982.59,107.36
彰化縣,員林市,和平里,961,802751,835,573,322,994,1140.13,136.49
彰化縣,員林市,光明里,263,213235,811,524,288,913,1579.10,194.76
彰化縣,員林市,中山里,213,199995,939,666,361,1137,945.07,100.65
彰化縣,員林市,黎明里,525,495576,944,542,317,963,2923.12,309.67
彰化縣,員林市,惠來里,1790,1495298,835,581,334,988,1111.54,133.06
彰化縣,員林市,三義里,784,634986,810,593,341,949,881.66,108.86
彰化縣,員林市,南平里,1609,1422871,884,606,354,1048,1465.78,165.75
彰化縣,員林市,大埔里,565,369238,654,515,298,810,581.17,88.93
彰化縣,員林市,源潭里,458,333710,729,562,332,920,636.95,87.42
彰化縣,員林市,三條里,812,755015,930,619,369,1089,1197.24,128.76
彰化縣,員林市,三橋里,934,721814,773,583,361,969,720.50,93.23
彰化縣,員林市,溝皂里,691,708700,1026,567,326,964,3948.21,384.96
彰化縣,員林市,中央里,575,430880,749,545,318,926,731.16,97.57
彰化縣,員林市,大饒里,956,717334,750,544,324,913,680.42,90.68
彰化縣,員林市,大明里,646,422763,654,501,310,814,568.21,86.83
彰化縣,員林市,萬年里,1070,856089,800,562,340,995,805.08,100.62
彰化縣,員林市,崙雅里,699,449355,643,500,292,796,602.36,93.70
彰化縣,員林市,振興里,713,506580,710,513,328,888,675.77,95.11
彰化縣,員林市,林厝里,706,452226,641,504,319,756,838.18,130.85
彰化縣,員林市,出水里,381,244169,641,531,309,832,470.92,73.48
彰化縣,員林市,湖水里,292,185196,634,516,332,756,518.88,81.81
彰化縣,員林市,大峰里,188,120152,639,489,291,734,602.85,94.33
彰化縣,員林市,鎮興里,454,297153,655,539,331,840,489.99,74.86
彰化縣,員林市,浮圳里,619,485222,784,560,335,937,959.19,122.36
彰化縣,員林市,西東里,533,353974,664,538,323,849,541.48,81.53
彰化縣,員林市,南東里,496,330102,666,499,310,761,770.99,115.85
彰化縣,員林市,中東里,453,317637,701,541,331,822,690.48,98.47
彰化縣,員林市,東北里,632,413731,655,512,309,786,555.50,84.86
彰化縣,員林市,新生里,1356,1703953,1257,569,321,995,8756.44,696.83
彰化縣,員林市,三和里,2026,1798037,887,602,348,1066,1177.87,132.72
彰化縣,員林市,南興里,1319,905077,686,552,332,858,533.66,77.77
彰化縣,員林市,三愛里,960,1115490,1162,670,375,1105,3956.54,340.50
彰化縣,員林市,三信里,792,819126,1034,660,373,1240,1554.40,150.29
彰化縣,員林市,三多里,848,2307395,2721,635,348,1186,23621.17,868.11
彰化縣,員林市,仁愛里,502,494827,986,599,320,1232,1246.87,126.49
彰化縣,員林市,忠孝里,698,618379,886,635,370,1128,1172.94,132.40
彰化縣,溪湖鎮,光平里,357,256378,718,536,301,910,633.69,88.24
彰化縣,溪湖鎮,平和里,233,190147,816,633,348,1073,710.35,87.04
彰化縣,溪湖鎮,太平里,536,445309,831,570,333,1054,901.58,108.52
彰化縣,溪湖鎮,光華里,146,132040,904,534,307,912,3034.22,335.50
彰化縣,溪湖鎮,東寮里,985,767522,779,535,319,911,967.78,124.20
彰化縣,溪湖鎮,西寮里,616,481312,781,518,300,847,1147.30,146.83
彰化縣,溪湖鎮,大突里,925,830949,898,556,324,959,3712.34,413.25
彰化縣,溪湖鎮,北勢里,316,203463,644,492,296,805,575.64,89.40
彰化縣,溪湖鎮,汴頭里,753,560685,745,574,365,878,619.59,83.21
彰化縣,溪湖鎮,大竹里,721,552545,766,592,343,976,711.68,92.86
彰化縣,溪湖鎮,湖西里,653,481849,738,580,347,920,592.16,80.25
彰化縣,溪湖鎮,田中里,172,107915,627,533,287,817,446.94,71.24
彰化縣,溪湖鎮,河東里,402,234051,582,444,268,704,528.25,90.73
彰化縣,溪湖鎮,中山里,560,370638,662,511,303,809,591.27,89.34
彰化縣,溪湖鎮,中竹里,212,128437,606,484,327,698,461.87,76.24
彰化縣,溪湖鎮,東溪里,324,220480,680,462,295,803,842.79,123.85
彰化縣,溪湖鎮,西溪里,522,362072,694,526,317,825,630.04,90.83
彰化縣,溪湖鎮,湖東里,1275,974530,764,572,336,980,684.34,89.53
彰化縣,溪湖鎮,頂庄里,160,100118,626,473,321,786,484.54,77.44
彰化縣,溪湖鎮,忠覺里,351,238503,679,509,299,866,570.01,83.89
彰化縣,溪湖鎮,湳底里,132,123520,936,523,345,959,1919.40,205.12
彰化縣,溪湖鎮,大庭里,343,227095,662,560,344,823,495.37,74.82
彰化縣,溪湖鎮,媽厝里,248,161611,652,512,307,803,668.87,102.64
彰化縣,溪湖鎮,西勢里,527,348990,662,501,294,818,588.00,88.79
彰化縣,溪湖鎮,番婆里,392,253978,648,523,325,820,516.94,79.79
彰化縣,田中鎮,香山里,175,110088,629,504,280,767,545.78,86.76
彰化縣,田中鎮,碧峰里,204,134981,662,554,329,858,538.50,81.38
彰化縣,田中鎮,東源里,173,113589,657,534,324,856,479.69,73.06
彰化縣,田中鎮,復興里,400,263014,658,542,348,831,460.49,70.03
彰化縣,田中鎮,平和里,356,222530,625,503,315,777,477.45,76.38
彰化縣,田中鎮,頂潭里,355,258424,728,561,346,905,719.17,98.79
彰化縣,田中鎮,中潭里,464,318786,687,556,345,871,543.13,79.05
彰化縣,田中鎮,龍潭里,154,94125,611,487,311,767,490.99,80.33
彰化縣,田中鎮,北路里,972,761202,783,606,354,1003,655.21,83.67
彰化縣,田中鎮,西路里,674,514763,764,577,358,1002,598.45,78.36
彰化縣,田中鎮,東路里,302,227742,754,540,331,1024,662.38,87.84
彰化縣,田中鎮,南路里,339,238498,704,527,296,896,668.77,95.06
彰化縣,田中鎮,中路里,635,507216,799,617,369,1048,642.60,80.45
彰化縣,田中鎮,新庄里,629,483415,769,619,385,955,614.09,79.90
彰化縣,田中鎮,三安里,363,222397,613,488,316,714,559.74,91.36
彰化縣,田中鎮,大崙里,274,181774,663,516,324,855,580.98,87.57
彰化縣,田中鎮,沙崙里,463,353412,763,526,324,817,1260.80,165.18
彰化縣,田中鎮,新民里,1240,879276,709,575,352,919,572.59,80.75
彰化縣,田中鎮,梅州里,306,197072,644,518,303,783,527.41,81.89
彰化縣,田中鎮,三民里,377,243666,646,515,320,834,610.11,94.40
彰化縣,田中鎮,三光里,194,129347,667,519,312,783,866.20,129.92
彰化縣,田中鎮,大社里,214,136324,637,495,324,734,540.89,84.91
彰化縣,二林鎮,東和里,546,450165,824,578,339,1011,1017.19,123.37
彰化縣,二林鎮,南光里,914,743963,814,611,355,1086,671.91,82.55
彰化縣,二林鎮,西平里,327,228152,698,543,332,870,547.39,78.45
彰化縣,二林鎮,北平里,750,563793,752,572,356,985,650.82,86.58
彰化縣,二林鎮,中西里,313,216923,693,544,325,854,676.62,97.63
彰化縣,二林鎮,廣興里,280,171638,613,494,312,765,488.79,79.74
彰化縣,二林鎮,香田里,215,154766,720,525,338,853,678.66,94.28
彰化縣,二林鎮,外竹里,181,131893,729,511,347,858,883.56,121.25
彰化縣,二林鎮,興華里,221,150354,680,573,360,844,512.92,75.39
彰化縣,二林鎮,東興里,348,258118,742,573,372,886,660.79,89.09
彰化縣,二林鎮,後厝里,896,674815,753,589,368,959,619.39,82.24
彰化縣,二林鎮,豐田里,550,446172,811,578,349,979,1576.57,194.34
彰化縣,二林鎮,頂厝里,253,161055,637,526,357,862,445.60,70.00
彰化縣,二林鎮,趙甲里,256,188936,738,578,332,897,702.02,95.12
彰化縣,二林鎮,振興里,205,133474,651,495,306,827,514.49,79.02
彰化縣,二林鎮,萬興里,158,115178,729,564,334,900,672.18,92.21
彰化縣,二林鎮,永興里,316,228513,723,503,344,808,1069.23,147.86
彰化縣,二林鎮,西庄里,250,166635,667,487,319,769,767.05,115.08
彰化縣,二林鎮,梅芳里,178,120105,675,522,313,847,579.99,85.96
彰化縣,二林鎮,華崙里,812,558870,688,517,312,828,791.08,114.94
彰化縣,二林鎮,東勢里,176,117563,668,507,333,882,510.55,76.43
彰化縣,二林鎮,大永里,158,98791,625,501,328,753,473.00,75.65
彰化縣,二林鎮,萬合里,204,143468,703,550,376,838,598.14,85.05
彰化縣,二林鎮,原斗里,289,186119,644,529,354,810,439.75,68.28
彰化縣,二林鎮,西斗里,221,143770,651,534,327,809,490.46,75.39
彰化縣,二林鎮,東華里,191,140361,735,542,328,909,636.14,86.56
彰化縣,二林鎮,復豐里,128,87659,685,544,338,820,531.89,77.67
彰化縣,線西鄉,線西村,683,465315,681,492,283,763,1187.66,174.33
彰化縣,線西鄉,頂庄村,355,192407,542,419,261,627,480.44,88.64
彰化縣,線西鄉,寓埔村,682,452072,663,467,277,786,696.15,105.02
彰化縣,線西鄉,塭仔村,378,252785,669,464,302,772,823.82,123.19
彰化縣,線西鄉,溝內村,328,196935,600,433,282,745,619.03,103.10
彰化縣,線西鄉,下犁村,570,347823,610,428,275,706,679.56,111.36
彰化縣,線西鄉,頂犁村,767,498343,650,478,288,823,604.90,93.10
彰化縣,線西鄉,德興村,445,287880,647,496,280,796,614.04,94.92
彰化縣,伸港鄉,新港村,1653,1125505,681,512,304,839,650.84,95.59
彰化縣,伸港鄉,什股村,519,293974,566,431,269,697,496.88,87.72
彰化縣,伸港鄉,海尾村,545,327844,602,471,293,742,487.66,81.07
彰化縣,伸港鄉,全興村,409,256795,628,456,282,753,862.93,137.44
彰化縣,伸港鄉,溪底村,558,351578,630,480,313,786,538.78,85.51
彰化縣,伸港鄉,定興村,834,473496,568,460,281,716,453.83,79.94
彰化縣,伸港鄉,泉州村,641,373209,582,469,274,743,475.45,81.66
彰化縣,伸港鄉,泉厝村,394,247031,627,462,283,813,536.45,85.56
彰化縣,伸港鄉,曾家村,473,268218,567,442,265,689,498.00,87.82
彰化縣,伸港鄉,蚵寮村,271,172802,638,461,274,775,730.37,114.54
彰化縣,伸港鄉,埤墘村,418,245573,587,449,270,763,567.80,96.65
彰化縣,伸港鄉,七嘉村,896,572968,639,484,315,793,570.07,89.15
彰化縣,伸港鄉,汴頭村,694,450670,649,446,274,751,1111.45,171.16
彰化縣,伸港鄉,大同村,580,400494,691,527,335,864,633.11,91.69
彰化縣,福興鄉,福興村,1073,686043,639,477,288,782,618.32,96.71
彰化縣,福興鄉,外中村,352,230908,656,546,322,830,508.32,77.49
彰化縣,福興鄉,元中村,361,270154,748,518,305,863,808.32,108.01
彰化縣,福興鄉,大崙村,359,266646,743,537,311,848,840.30,113.13
彰化縣,福興鄉,外埔村,442,300699,680,520,314,859,600.93,88.33
彰化縣,福興鄉,三汴村,459,323937,706,512,313,883,693.99,98.33
彰化縣,福興鄉,萬豐村,290,233201,804,534,342,829,1431.63,178.03
彰化縣,福興鄉,番社村,389,271966,699,514,313,896,664.35,95.02
彰化縣,福興鄉,社尾村,368,232343,631,478,288,737,582.81,92.31
彰化縣,福興鄉,番婆村,659,535842,813,470,292,756,3606.79,443.58
彰化縣,福興鄉,橋頭村,864,734775,850,477,286,804,2920.87,343.46
彰化縣,福興鄉,秀厝村,596,350201,588,431,265,701,627.52,106.80
彰化縣,福興鄉,鎮平村,282,180954,642,440,268,731,777.66,121.19
彰化縣,福興鄉,三和村,242,193168,798,491,283,796,1871.65,234.48
彰化縣,福興鄉,麥厝村,566,344086,608,460,280,726,593.53,97.63
彰化縣,福興鄉,廈粘村,539,324025,601,459,282,741,525.48,87.41
彰化縣,福興鄉,頂粘村,637,545192,856,483,283,792,1859.36,217.25
彰化縣,福興鄉,福寶村,316,219374,694,482,302,786,846.63,121.95
彰化縣,福興鄉,二港村,362,233938,646,490,311,759,626.51,96.95
彰化縣,福興鄉,福南村,772,542689,703,466,276,774,1163.69,165.54
彰化縣,福興鄉,西勢村,569,372453,655,478,286,804,633.35,96.76
彰化縣,福興鄉,同安村,667,412206,618,454,273,777,567.03,91.75
彰化縣,秀水鄉,秀水村,504,344104,683,493,278,834,694.93,101.78
彰化縣,秀水鄉,安溪村,656,526696,803,560,308,964,1021.13,127.18
彰化縣,秀水鄉,莊雅村,863,626098,725,514,308,862,1112.28,153.31
彰化縣,秀水鄉,陜西村,410,261463,638,493,300,840,502.25,78.76
彰化縣,秀水鄉,金興村,486,321854,662,490,302,770,647.68,97.80
彰化縣,秀水鄉,安東村,1255,915115,729,508,307,848,1036.88,142.20
彰化縣,秀水鄉,鶴鳴村,978,688811,704,504,322,847,677.69,96.22
彰化縣,秀水鄉,馬興村,703,497669,708,510,303,848,724.41,102.33
彰化縣,秀水鄉,義興村,368,240346,653,473,287,745,656.12,100.46
彰化縣,秀水鄉,福安村,1432,1046265,731,523,321,905,656.95,89.92
彰化縣,秀水鄉,埔崙村,635,461231,726,531,320,880,675.09,92.94
彰化縣,秀水鄉,曾厝村,507,321183,633,476,303,812,555.13,87.63
彰化縣,秀水鄉,金陵村,513,358590,699,518,330,830,619.13,88.57
彰化縣,秀水鄉,下崙村,624,427097,684,470,278,841,717.52,104.83
彰化縣,花壇鄉,花壇村,1031,742392,720,546,300,903,661.34,91.84
彰化縣,花壇鄉,金墩村,563,372043,661,457,285,787,758.49,114.78
彰化縣,花壇鄉,中庄村,720,495771,689,486,306,778,793.17,115.19
彰化縣,花壇鄉,劉厝村,281,186359,663,503,287,806,604.95,91.22
彰化縣,花壇鄉,崙雅村,424,274038,646,463,275,827,661.62,102.37
彰化縣,花壇鄉,南口村,535,391530,732,545,304,893,743.94,101.66
彰化縣,花壇鄉,岩竹村,354,219462,620,490,258,762,562.70,90.77
彰化縣,花壇鄉,橋頭村,1032,640492,621,470,287,777,547.72,88.25
彰化縣,花壇鄉,灣雅村,255,161356,633,475,273,772,644.58,101.87
彰化縣,花壇鄉,灣東村,220,154465,702,515,306,822,739.38,105.31
彰化縣,花壇鄉,三春村,510,294927,578,469,280,716,490.13,84.75
彰化縣,花壇鄉,永春村,539,346784,643,504,311,794,546.58,84.95
彰化縣,花壇鄉,長春村,444,300333,676,490,301,803,625.91,92.53
彰化縣,花壇鄉,中口村,209,152824,731,534,332,882,719.22,98.36
彰化縣,花壇鄉,北口村,594,385013,648,480,314,757,657.18,101.39
彰化縣,花壇鄉,長沙村,1697,1237405,729,528,305,916,729.03,99.98
彰化縣,花壇鄉,文德村,931,594697,639,465,296,780,646.31,101.18
彰化縣,花壇鄉,白沙村,1462,1640184,1122,532,305,975,5049.46,450.09
彰化縣,芬園鄉,社口村,657,440538,671,511,304,871,569.19,84.89
彰化縣,芬園鄉,竹林村,445,289641,651,502,315,781,602.00,92.49
彰化縣,芬園鄉,楓坑村,133,74115,557,410,259,683,567.45,101.83
彰化縣,芬園鄉,芬園村,245,145007,592,467,286,821,421.91,71.28
彰化縣,芬園鄉,大埔村,325,187851,578,450,274,775,492.41,85.19
彰化縣,芬園鄉,舊社村,433,271600,627,494,280,791,553.77,88.29
彰化縣,芬園鄉,進芬村,251,171451,683,526,313,878,573.22,83.92
彰化縣,芬園鄉,茄荖村,620,379827,613,478,305,765,526.23,85.90
彰化縣,芬園鄉,嘉興村,414,265656,642,495,289,822,559.76,87.23
彰化縣,芬園鄉,縣庄村,300,200303,668,519,308,817,686.30,102.79
彰化縣,芬園鄉,圳墘村,136,101251,744,497,307,864,912.10,122.51
彰化縣,芬園鄉,溪頭村,424,262947,620,483,294,741,615.97,99.32
彰化縣,芬園鄉,同安村,232,143568,619,506,319,789,456.44,73.76
彰化縣,芬園鄉,中崙村,225,145900,648,508,288,833,513.08,79.12
彰化縣,芬園鄉,大竹村,214,133716,625,507,315,785,506.64,81.08
彰化縣,大村鄉,大村村,904,655503,725,560,338,862,708.45,97.70
彰化縣,大村鄉,田洋村,271,174405,644,554,332,851,456.40,70.92
彰化縣,大村鄉,南勢村,329,200626,610,471,299,779,466.18,76.45
彰化縣,大村鄉,貢旗村,363,254528,701,503,298,775,813.38,116.00
彰化縣,大村鄉,茄苳村,378,266955,706,530,312,819,704.48,99.75
彰化縣,大村鄉,加錫村,346,220026,636,494,309,793,565.42,88.91
彰化縣,大村鄉,大崙村,340,207643,611,495,328,778,420.14,68.79
彰化縣,大村鄉,新興村,281,172057,612,477,320,718,508.96,83.12
彰化縣,大村鄉,擺塘村,652,455857,699,544,301,851,668.53,95.62
彰化縣,大村鄉,村上村,424,288291,680,541,333,826,567.37,83.45
彰化縣,大村鄉,美港村,919,5612482,6107,531,294,829,81544.33,1335.22
彰化縣,大村鄉,過溝村,743,570955,768,579,331,940,727.60,94.68
彰化縣,大村鄉,大橋村,496,337829,681,513,313,818,637.97,93.67
彰化縣,大村鄉,黃厝村,576,402141,698,518,323,839,725.05,103.85
彰化縣,大村鄉,福興村,569,342499,602,489,310,756,557.07,92.55
彰化縣,大村鄉,平和村,676,472671,699,511,311,812,838.73,119.95
彰化縣,埔鹽鄉,埔鹽村,479,346815,724,533,334,830,693.70,95.81
彰化縣,埔鹽鄉,埔南村,478,308192,645,477,311,823,546.64,84.78
彰化縣,埔鹽鄉,子村,357,243502,682,518,324,804,601.64,88.21
彰化縣,埔鹽鄉,出水村,257,175041,681,555,290,859,605.02,88.83
彰化縣,埔鹽鄉,南港村,430,294760,685,509,302,901,672.68,98.13
彰化縣,埔鹽鄉,打廉村,226,157400,696,486,328,839,621.37,89.22
彰化縣,埔鹽鄉,豐澤村,341,208916,613,463,292,778,489.16,79.84
彰化縣,埔鹽鄉,崑崙村,309,242288,784,569,327,931,969.19,123.60
彰化縣,埔鹽鄉,角樹村,191,115667,606,463,285,714,513.41,84.78
彰化縣,埔鹽鄉,瓦磘村,323,212023,656,514,317,784,538.12,81.98
彰化縣,埔鹽鄉,好修村,508,337249,664,494,288,871,638.84,96.23
彰化縣,埔鹽鄉,西湖村,479,324415,677,477,297,804,711.81,105.10
彰化縣,埔鹽鄉,大有村,325,199158,613,450,295,756,501.84,81.89
彰化縣,埔鹽鄉,新興村,118,92203,781,600,343,887,711.23,91.02
彰化縣,埔鹽鄉,永平村,290,186049,642,493,292,805,585.00,91.19
彰化縣,埔鹽鄉,永樂村,218,170861,784,492,286,918,838.59,107.00
彰化縣,埔鹽鄉,石埤村,258,149365,579,491,312,693,442.01,76.35
彰化縣,埔鹽鄉,天盛村,182,132068,726,506,307,847,752.24,103.66
彰化縣,埔鹽鄉,太平村,326,190643,585,446,263,793,497.42,85.06
彰化縣,埔鹽鄉,新水村,351,233357,665,500,274,833,669.31,100.67
彰化縣,埔鹽鄉,三省村,299,193878,648,518,274,799,623.16,96.10
彰化縣,埔鹽鄉,南新村,307,200994,655,495,296,790,642.14,98.08
彰化縣,埔心鄉,東門村,998,707435,709,533,320,875,635.98,89.72
彰化縣,埔心鄉,埔心村,338,225629,668,490,303,806,810.22,121.37
彰化縣,埔心鄉,義民村,426,312864,734,575,339,964,628.21,85.54
彰化縣,埔心鄉,油車村,338,211430,626,520,317,733,546.99,87.44
彰化縣,埔心鄉,瓦北村,473,353905,748,506,318,853,863.45,115.40
彰化縣,埔心鄉,瓦中村,544,356077,655,503,289,804,552.71,84.44
彰化縣,埔心鄉,瓦南村,401,251281,627,473,278,768,540.69,86.29
彰化縣,埔心鄉,太平村,555,344451,621,465,290,765,560.70,90.34
彰化縣,埔心鄉,經口村,656,579416,883,541,321,944,4510.23,510.64
彰化縣,埔心鄉,大華村,125,90490,724,464,244,801,911.07,125.85
彰化縣,埔心鄉,仁里村,269,177559,660,504,334,792,556.79,84.35
彰化縣,埔心鄉,舊館村,429,313043,730,511,289,880,829.84,113.72
彰化縣,埔心鄉,南館村,282,167874,595,449,302,724,487.10,81.83
彰化縣,埔心鄉,新館村,196,124084,633,476,314,735,600.56,94.86
彰化縣,埔心鄉,羅厝村,296,170700,577,474,289,711,451.90,78.36
彰化縣,埔心鄉,芎蕉村,480,298840,623,498,312,748,519.86,83.50
彰化縣,埔心鄉,梧鳳村,202,125417,621,518,329,768,528.55,85.13
彰化縣,埔心鄉,二重村,320,212004,663,492,316,817,566.97,85.58
彰化縣,埔心鄉,埤霞村,213,132996,624,504,280,812,504.21,80.75
彰化縣,埔心鄉,埤腳村,221,138068,625,459,280,749,652.69,104.47
彰化縣,永靖鄉,永東村,204,143754,705,581,311,877,553.01,78.48
彰化縣,永靖鄉,永西村,479,368630,770,555,318,879,874.42,113.62
彰化縣,永靖鄉,永北村,582,399543,686,523,315,825,617.75,89.99
彰化縣,永靖鄉,永南村,526,336783,640,506,306,771,561.35,87.67
彰化縣,永靖鄉,港西村,450,290195,645,526,316,845,495.59,76.85
彰化縣,永靖鄉,五福村,332,219096,660,543,305,844,532.74,80.73
彰化縣,永靖鄉,湳港村,284,191012,673,516,317,783,749.16,111.39
彰化縣,永靖鄉,新莊村,241,166580,691,501,300,845,852.12,123.28
彰化縣,永靖鄉,浮圳村,294,172777,588,470,300,747,459.71,78.23
彰化縣,永靖鄉,瑚璉村,724,477959,660,536,315,816,530.81,80.41
彰化縣,永靖鄉,五汴村,428,346990,811,512,303,876,1304.90,160.96
彰化縣,永靖鄉,光雲村,407,257416,632,473,294,759,539.36,85.28
彰化縣,永靖鄉,東寧村,456,296955,651,458,280,803,596.31,91.57
彰化縣,永靖鄉,永興村,438,312741,714,489,317,787,1006.91,141.02
彰化縣,永靖鄉,崙子村,421,292393,695,526,289,850,649.05,93.45
彰化縣,永靖鄉,獨鰲村,205,130246,635,494,305,787,500.27,78.74
彰化縣,永靖鄉,敦厚村,181,118852,657,541,331,837,478.76,72.91
彰化縣,永靖鄉,崙美村,152,98108,645,459,300,740,638.83,98.98
彰化縣,永靖鄉,同安村,159,97287,612,483,343,741,487.17,79.62
彰化縣,永靖鄉,同仁村,179,109013,609,489,303,796,487.61,80.07
彰化縣,永靖鄉,四芳村,147,84571,575,472,340,744,389.27,67.66
彰化縣,永靖鄉,湳墘村,181,103609,572,477,246,727,451.89,78.94
彰化縣,永靖鄉,福興村,245,179953,735,560,339,922,731.16,99.55
彰化縣,永靖鄉,竹子村,286,178556,624,499,312,726,510.82,81.82
彰化縣,社頭鄉,社頭村,813,573294,705,536,307,879,613.38,86.99
彰化縣,社頭鄉,廣興村,1294,831426,643,510,308,806,522.36,81.30
彰化縣,社頭鄉,仁雅村,804,578160,719,538,334,874,851.90,118.47
彰化縣,社頭鄉,崙雅村,272,207583,763,537,359,911,702.64,92.07
彰化縣,社頭鄉,美雅村,310,209328,675,538,336,865,496.55,73.54
彰化縣,社頭鄉,里仁村,260,175673,676,540,334,884,509.07,75.34
彰化縣,社頭鄉,舊社村,389,250238,643,486,280,808,597.53,92.89
彰化縣,社頭鄉,松竹村,274,180617,659,533,325,841,516.77,78.39
彰化縣,社頭鄉,東興村,377,231523,614,501,314,755,498.20,81.12
彰化縣,社頭鄉,廣福村,239,154206,645,505,269,836,555.13,86.04
彰化縣,社頭鄉,橋頭村,511,361644,708,482,297,800,1078.78,152.43
彰化縣,社頭鄉,湳底村,402,270426,673,512,336,818,546.94,81.31
彰化縣,社頭鄉,新厝村,368,245536,667,533,333,822,522.86,78.36
彰化縣,社頭鄉,張厝村,305,192571,631,472,294,774,602.50,95.43
彰化縣,社頭鄉,埤斗村,231,149960,649,486,309,796,625.31,96.32
彰化縣,社頭鄉,清水村,321,307035,956,466,291,717,6302.87,658.95
彰化縣,社頭鄉,山湖村,274,183415,669,477,310,763,644.36,96.26
彰化縣,社頭鄉,朝興村,279,208256,746,510,309,860,1143.91,153.25
彰化縣,社頭鄉,仁和村,172,118034,686,549,325,852,541.60,78.92
彰化縣,社頭鄉,泰安村,255,168344,660,528,310,804,544.61,82.49
彰化縣,社頭鄉,平和村,247,142322,576,457,290,682,469.20,81.43
彰化縣,社頭鄉,龍井村,201,118125,588,457,314,808,426.47,72.57
彰化縣,社頭鄉,湳雅村,350,237930,680,539,355,815,574.17,84.46
彰化縣,社頭鄉,協和村,551,344851,626,485,328,797,554.04,88.52
彰化縣,二水鄉,十五村,167,102526,614,486,354,825,481.59,78.44
彰化縣,二水鄉,合和村,192,127655,665,517,338,798,586.83,88.26
彰化縣,二水鄉,上豊村,234,141465,605,501,336,755,399.90,66.15
彰化縣,二水鄉,過圳村,148,99703,674,524,343,740,927.02,137.61
彰化縣,二水鄉,五伯村,138,107425,778,527,348,922,808.46,103.86
彰化縣,二水鄉,光化村,283,211354,747,560,359,980,599.61,80.29
彰化縣,二水鄉,文化村,260,232397,894,611,379,978,1340.60,149.98
彰化縣,二水鄉,二水村,248,170974,689,582,359,900,468.99,68.03
彰化縣,二水鄉,聖化村,123,90520,736,579,366,982,529.91,72.00
彰化縣,二水鄉,裕民村,254,173839,684,524,323,879,542.34,79.24
彰化縣,二水鄉,惠民村,178,119968,674,571,364,884,441.24,65.47
彰化縣,二水鄉,大園村,172,117707,684,570,346,880,496.13,72.50
彰化縣,二水鄉,修仁村,183,121045,661,536,363,834,465.53,70.38
彰化縣,二水鄉,源泉村,129,100428,779,618,304,949,739.66,95.01
彰化縣,二水鄉,倡和村,106,67358,635,490,334,817,466.16,73.36
彰化縣,二水鄉,復興村,219,133021,607,488,325,744,454.96,74.90
彰化縣,二水鄉,合興村,153,98616,645,545,350,873,447.22,69.38
彰化縣,田尾鄉,田尾村,265,170336,643,469,292,805,580.92,90.38
彰化縣,田尾鄉,豐田村,144,90987,632,525,326,762,507.61,80.34
彰化縣,田尾鄉,饒平村,668,505248,756,576,316,975,663.73,87.75
彰化縣,田尾鄉,北曾村,375,283046,755,566,340,842,937.82,124.25
彰化縣,田尾鄉,南曾村,312,230259,738,521,319,886,830.64,112.55
彰化縣,田尾鄉,睦宜村,239,155347,650,501,306,771,606.70,93.34
彰化縣,田尾鄉,新生村,300,199717,666,527,329,854,535.98,80.51
彰化縣,田尾鄉,北鎮村,304,191143,629,476,290,769,584.51,92.96
彰化縣,田尾鄉,南鎮村,122,80592,661,584,333,839,472.27,71.49
彰化縣,田尾鄉,福田村,185,131038,708,529,307,890,606.26,85.59
彰化縣,田尾鄉,新興村,268,179752,671,530,328,823,567.91,84.67
彰化縣,田尾鄉,打簾村,334,214800,643,474,284,799,587.18,91.30
彰化縣,田尾鄉,溪畔村,276,193057,699,547,331,925,589.25,84.24
彰化縣,田尾鄉,柳鳳村,188,122630,652,490,284,834,564.58,86.55
彰化縣,田尾鄉,陸豐村,171,120652,706,570,334,826,684.49,97.01
彰化縣,田尾鄉,海豐村,271,196018,723,511,328,866,816.38,112.87
彰化縣,田尾鄉,仁里村,337,201288,597,508,303,775,413.92,69.30
彰化縣,田尾鄉,新厝村,62,32728,528,422,295,621,380.31,72.05
彰化縣,田尾鄉,溪頂村,174,125348,720,479,313,805,783.40,108.75
彰化縣,田尾鄉,正義村,217,182596,841,611,333,981,1020.95,121.33
彰化縣,埤頭鄉,和豊村,533,357393,671,507,304,819,667.37,99.53
彰化縣,埤頭鄉,興農村,392,273058,697,522,305,857,755.63,108.48
彰化縣,埤頭鄉,埤頭村,387,275457,712,562,323,899,592.26,83.21
彰化縣,埤頭鄉,豊崙村,518,370563,715,524,337,874,950.98,132.93
彰化縣,埤頭鄉,永豊村,363,264209,728,531,336,880,791.51,108.75
彰化縣,埤頭鄉,崙子村,315,240372,763,566,355,940,727.77,95.37
彰化縣,埤頭鄉,合興村,857,628367,733,553,341,898,693.58,94.59
彰化縣,埤頭鄉,平原村,497,372295,749,549,342,915,719.58,96.06
彰化縣,埤頭鄉,崙腳村,166,115385,695,558,354,766,629.35,90.54
彰化縣,埤頭鄉,元埔村,127,119064,938,468,316,806,3271.30,348.93
彰化縣,埤頭鄉,芙朝村,331,228099,689,537,324,873,552.44,80.17
彰化縣,埤頭鄉,新庄村,232,172851,745,558,332,878,722.55,96.98
彰化縣,埤頭鄉,陸嘉村,155,108603,701,529,363,865,605.24,86.38
彰化縣,埤頭鄉,竹圍村,231,156835,679,540,296,878,578.06,85.14
彰化縣,埤頭鄉,中和村,307,222936,726,526,310,873,754.09,103.84
彰化縣,埤頭鄉,庄內村,207,138004,667,510,295,855,686.04,102.90
彰化縣,埤頭鄉,大湖村,210,145628,693,526,320,822,677.78,97.74
彰化縣,芳苑鄉,芳苑村,153,102177,668,498,328,760,725.37,108.62
彰化縣,芳苑鄉,芳中村,66,48060,728,573,397,798,611.33,83.95
彰化縣,芳苑鄉,仁愛村,132,111610,846,618,360,987,848.30,100.33
彰化縣,芳苑鄉,信義村,95,68775,724,465,312,716,977.73,135.06
彰化縣,芳苑鄉,後寮村,211,155485,737,477,299,834,1393.51,189.11
彰化縣,芳苑鄉,三合村,531,370555,698,510,339,842,774.74,111.02
彰化縣,芳苑鄉,永興村,207,129082,624,483,336,772,466.18,74.76
彰化縣,芳苑鄉,頂村,100,69225,692,471,302,842,647.46,93.53
彰化縣,芳苑鄉,五俊村,60,46166,769,494,311,717,1698.96,220.81
彰化縣,芳苑鄉,王功村,315,191100,607,464,331,833,437.75,72.16
彰化縣,芳苑鄉,博愛村,115,66769,581,471,293,780,417.84,71.97
彰化縣,芳苑鄉,和平村,99,51113,516,405,279,674,354.41,68.64
彰化縣,芳苑鄉,興仁村,184,131291,714,512,349,806,983.62,137.85
彰化縣,芳苑鄉,民生村,123,70208,571,409,293,766,503.96,88.29
彰化縣,芳苑鄉,新寶村,227,125704,554,465,322,673,389.69,70.37
彰化縣,芳苑鄉,漢寶村,635,401625,632,473,283,751,787.99,124.59
彰化縣,芳苑鄉,路上村,103,67651,657,556,340,860,434.37,66.13
彰化縣,芳苑鄉,路平村,130,92488,711,519,338,964,567.99,79.84
彰化縣,芳苑鄉,三成村,146,96347,660,567,310,843,515.24,78.08
彰化縣,芳苑鄉,福榮村,92,57106,621,496,318,789,458.42,73.85
彰化縣,芳苑鄉,新街村,115,79111,688,477,327,782,788.06,114.56
彰化縣,芳苑鄉,草湖村,287,182360,635,524,337,757,524.47,82.54
彰化縣,芳苑鄉,建平村,377,235652,625,464,282,802,648.21,103.70
彰化縣,芳苑鄉,新生村,201,126017,627,458,328,752,701.89,111.95
彰化縣,芳苑鄉,文津村,150,92388,616,476,340,759,502.42,81.57
彰化縣,芳苑鄉,崙腳村,106,70013,661,484,322,867,665.97,100.83
彰化縣,大城鄉,潭墘村,191,149705,784,545,326,923,958.68,122.31
彰化縣,大城鄉,上山村,182,118846,653,493,333,795,540.06,82.70
彰化縣,大城鄉,東城村,269,186595,694,528,358,848,583.61,84.14
彰化縣,大城鄉,大城村,231,147736,640,532,325,844,499.91,78.17
彰化縣,大城鄉,西城村,158,105215,666,518,325,905,554.36,83.25
彰化縣,大城鄉,山腳村,190,128015,674,534,339,840,540.95,80.29
彰化縣,大城鄉,永和村,113,76067,673,510,334,792,555.10,82.46
彰化縣,大城鄉,菜寮村,165,110527,670,513,337,857,477.18,71.24
彰化縣,大城鄉,公館村,143,98353,688,544,331,940,553.87,80.53
彰化縣,大城鄉,頂庄村,110,69279,630,501,342,825,469.44,74.54
彰化縣,大城鄉,臺西村,119,73928,621,500,321,781,503.82,81.10
彰化縣,大城鄉,東港村,177,105102,594,474,311,815,456.37,76.86
彰化縣,大城鄉,西港村,126,77964,619,497,342,785,416.30,67.28
彰化縣,大城鄉,豐美村,140,81084,579,480,328,766,386.68,66.76
彰化縣,大城鄉,三豐村,70,53590,766,501,254,950,910.44,118.92
彰化縣,竹塘鄉,竹元村,225,152451,678,548,337,785,736.50,108.70
彰化縣,竹塘鄉,竹塘村,477,342453,718,595,340,957,527.80,73.52
彰化縣,竹塘鄉,小西村,154,122673,797,660,437,944,678.09,85.12
彰化縣,竹塘鄉,五庄村,283,194738,688,512,325,850,588.57,85.53
彰化縣,竹塘鄉,樹腳村,112,64024,572,550,332,730,361.77,63.29
彰化縣,竹塘鄉,田頭村,199,143500,721,560,356,920,585.54,81.20
彰化縣,竹塘鄉,新廣村,237,175535,741,600,343,954,597.63,80.69
彰化縣,竹塘鄉,溪墘村,69,47335,686,536,390,893,485.44,70.76
彰化縣,竹塘鄉,竹林村,131,85862,655,497,306,791,605.60,92.40
彰化縣,竹塘鄉,土庫村,102,63572,623,444,296,692,944.82,151.60
彰化縣,竹塘鄉,內新村,126,82536,655,522,318,821,501.68,76.59
彰化縣,竹塘鄉,長安村,142,86322,608,523,305,873,404.09,66.47
彰化縣,竹塘鄉,永安村,81,49734,614,592,297,872,416.87,67.89
彰化縣,竹塘鄉,民靖村,146,107955,739,526,341,890,896.21,121.20
彰化縣,溪州鄉,溪厝村,425,278936,656,490,277,827,644.07,98.13
彰化縣,溪州鄉,坑厝村,146,97348,667,595,350,928,440.04,66.00
彰化縣,溪州鄉,瓦厝村,236,163653,693,500,352,885,592.50,85.44
彰化縣,溪州鄉,溪州村,405,408258,1008,569,370,941,3466.67,343.90
彰化縣,溪州鄉,尾厝村,434,315199,726,549,322,914,623.95,85.91
彰化縣,溪州鄉,東州村,475,383245,807,541,320,899,1175.48,145.69
彰化縣,溪州鄉,舊眉村,290,225272,777,531,357,878,745.60,95.98
彰化縣,溪州鄉,圳寮村,276,170262,617,456,309,737,580.45,94.09
彰化縣,溪州鄉,西畔村,388,218250,563,475,301,689,405.79,72.14
彰化縣,溪州鄉,成功村,344,220518,641,475,296,788,555.63,86.68
彰化縣,溪州鄉,大庄村,348,223431,642,470,305,743,591.74,92.16
彰化縣,溪州鄉,柑園村,182,122902,675,520,336,815,575.69,85.25
彰化縣,溪州鄉,潮洋村,163,105225,646,507,306,793,515.86,79.91
彰化縣,溪州鄉,張厝村,115,75861,660,503,299,791,599.32,90.85
彰化縣,溪州鄉,菜公村,155,99584,642,524,267,792,614.99,95.72
彰化縣,溪州鄉,三圳村,243,164757,678,518,319,838,586.54,86.51
彰化縣,溪州鄉,三條村,174,117162,673,514,319,808,572.32,85.00
彰化縣,溪州鄉,水尾村,295,213901,725,538,352,926,588.81,81.21
彰化縣,溪州鄉,榮光村,120,76573,638,547,338,709,806.52,126.39
雲林縣,斗六市,忠孝里,512,416866,814,611,319,1053,1128.91,138.65
雲林縣,斗六市,仁愛里,329,306371,931,568,292,1033,2060.46,221.26
雲林縣,斗六市,信義里,224,174810,780,537,298,1042,813.37,104.23
雲林縣,斗六市,四維里,200,160688,803,519,280,888,1596.19,198.67
雲林縣,斗六市,太平里,266,209964,789,575,296,1055,785.60,99.53
雲林縣,斗六市,中和里,267,214214,802,596,329,1076,711.97,88.74
雲林縣,斗六市,光興里,258,198078,768,490,269,870,1001.25,130.41
雲林縣,斗六市,三平里,1556,1455642,936,677,380,1223,950.19,101.57
雲林縣,斗六市,八德里,981,718595,733,538,336,928,665.39,90.84
雲林縣,斗六市,鎮北里,894,697951,781,611,370,992,659.00,84.41
雲林縣,斗六市,龍潭里,555,677796,1221,791,407,1749,1188.90,97.35
雲林縣,斗六市,鎮南里,1231,995994,809,604,357,1033,726.55,89.80
雲林縣,斗六市,林頭里,1171,935064,799,596,363,1019,889.64,111.41
雲林縣,斗六市,重光里,599,395824,661,496,313,799,712.97,107.89
雲林縣,斗六市,溝埧里,211,176726,838,615,367,1113,700.14,83.59
雲林縣,斗六市,江厝里,563,383303,681,537,339,856,593.87,87.23
雲林縣,斗六市,三光里,119,172645,1451,565,369,943,7881.91,543.28
雲林縣,斗六市,崙峰里,774,697071,901,643,370,1134,890.33,98.86
雲林縣,斗六市,嘉東里,428,375778,878,647,373,1205,731.26,83.29
雲林縣,斗六市,久安里,621,484127,780,568,326,1023,702.59,90.12
雲林縣,斗六市,長平里,451,309356,686,514,338,852,651.82,95.03
雲林縣,斗六市,保庄里,1654,1412921,854,662,384,1115,697.46,81.65
雲林縣,斗六市,虎溪里,1663,2011225,1209,583,350,973,13399.08,1107.92
雲林縣,斗六市,梅林里,364,296766,815,517,336,821,2033.37,249.40
雲林縣,斗六市,湖山里,248,159842,645,505,314,856,545.54,84.64
雲林縣,斗六市,榴中里,1288,874945,679,528,348,837,606.19,89.24
雲林縣,斗六市,榴北里,289,169596,587,522,312,766,381.50,65.01
雲林縣,斗六市,榴南里,537,377447,703,542,338,860,831.88,118.35
雲林縣,斗六市,長安里,781,495634,635,514,329,789,663.69,104.58
雲林縣,斗六市,溪洲里,848,602020,710,529,339,848,605.84,85.34
雲林縣,斗六市,十三里,255,176342,692,483,305,840,917.68,132.70
雲林縣,斗六市,鎮東里,1629,1368860,840,632,355,1078,757.45,90.14
雲林縣,斗六市,鎮西里,1207,989904,820,600,332,1042,776.12,94.63
雲林縣,斗六市,社口里,690,518756,752,570,333,934,702.08,93.38
雲林縣,斗六市,公正里,933,805603,863,639,376,1072,870.81,100.85
雲林縣,斗六市,成功里,779,705457,906,627,374,1115,1554.72,171.68
雲林縣,斗六市,明德里,1059,851955,804,639,376,1008,726.76,90.34
雲林縣,斗六市,公誠里,756,673053,890,605,364,1050,1643.83,184.64
雲林縣,斗南鎮,南昌里,600,457625,763,543,293,890,986.83,129.38
雲林縣,斗南鎮,新光里,686,477979,697,539,306,881,577.17,82.84
雲林縣,斗南鎮,小東里,395,254479,644,500,292,894,516.96,80.24
雲林縣,斗南鎮,大東里,208,129969,625,475,317,767,492.66,78.85
雲林縣,斗南鎮,埤麻里,189,125990,667,536,340,862,521.97,78.30
雲林縣,斗南鎮,西伯里,227,146042,643,547,340,838,476.31,74.04
雲林縣,斗南鎮,新崙里,326,213097,654,470,290,757,1181.55,180.76
雲林縣,斗南鎮,東仁里,368,285970,777,570,302,1044,719.49,92.59
雲林縣,斗南鎮,西岐里,1705,1348990,791,584,337,1023,685.64,86.66
雲林縣,斗南鎮,舊社里,723,542611,750,582,327,980,673.61,89.76
雲林縣,斗南鎮,田頭里,543,411172,757,563,331,903,765.09,101.04
雲林縣,斗南鎮,中天里,345,277526,804,554,326,1028,783.15,97.36
雲林縣,斗南鎮,北銘里,433,313576,724,514,286,899,816.87,112.80
雲林縣,斗南鎮,明昌里,1529,1093523,715,552,320,922,588.95,82.35
雲林縣,斗南鎮,東明里,225,173106,769,504,307,889,1290.10,167.68
雲林縣,斗南鎮,新南里,119,64426,541,407,285,680,409.11,75.57
雲林縣,斗南鎮,阿丹里,225,147763,657,569,317,852,499.64,76.08
雲林縣,斗南鎮,將軍里,393,271534,691,525,335,867,599.33,86.74
雲林縣,斗南鎮,林子里,330,230166,697,536,320,804,660.56,94.71
雲林縣,斗南鎮,石龜里,177,110287,623,505,324,775,465.63,74.73
雲林縣,斗南鎮,石溪里,210,152193,725,527,324,915,637.61,87.98
雲林縣,斗南鎮,靖興里,221,163462,740,571,348,920,628.47,84.97
雲林縣,虎尾鎮,東仁里,830,734596,885,636,378,1208,764.05,86.33
雲林縣,虎尾鎮,新興里,527,437208,830,599,316,1078,832.77,100.38
雲林縣,虎尾鎮,公安里,943,784464,832,648,367,1068,797.98,95.92
雲林縣,虎尾鎮,德興里,721,572498,794,594,358,991,861.99,108.56
雲林縣,虎尾鎮,中山里,297,237760,801,557,243,1045,903.31,112.84
雲林縣,虎尾鎮,西安里,1029,886675,862,632,377,1106,809.38,93.93
雲林縣,虎尾鎮,安慶里,509,458566,901,610,351,1117,941.08,104.46
雲林縣,虎尾鎮,平和里,1283,1479259,1153,912,470,1386,4110.45,356.51
雲林縣,虎尾鎮,興南里,614,580652,946,720,415,1242,778.56,82.33
雲林縣,虎尾鎮,新吉里,1102,1071106,972,763,423,1282,797.12,82.01
雲林縣,虎尾鎮,穎川里,498,396398,796,620,358,1035,642.37,80.70
雲林縣,虎尾鎮,延平里,229,160319,700,518,335,926,580.70,82.95
雲林縣,虎尾鎮,惠來里,495,307061,620,525,325,809,448.25,72.26
雲林縣,虎尾鎮,頂溪里,536,341729,638,524,313,768,543.97,85.32
雲林縣,虎尾鎮,中溪里,320,206018,644,519,321,838,528.18,82.04
雲林縣,虎尾鎮,下溪里,361,261944,726,561,320,910,632.74,87.20
雲林縣,虎尾鎮,埒內里,620,440751,711,544,320,925,594.23,83.59
雲林縣,虎尾鎮,堀頭里,189,124699,660,466,277,866,650.39,98.58
雲林縣,虎尾鎮,安溪里,455,334335,735,575,346,942,596.60,81.19
雲林縣,虎尾鎮,興中里,375,264665,706,528,326,943,595.31,84.35
雲林縣,虎尾鎮,廉使里,714,538779,755,557,328,951,888.79,117.78
雲林縣,虎尾鎮,東屯里,293,206727,706,552,330,888,571.69,81.03
雲林縣,虎尾鎮,西屯里,329,232789,708,540,349,880,584.55,82.61
雲林縣,虎尾鎮,芳草里,160,104839,655,489,343,721,811.06,123.78
雲林縣,虎尾鎮,墾地里,211,145517,690,514,330,921,595.92,86.41
雲林縣,虎尾鎮,北溪里,159,117366,738,604,368,968,541.16,73.31
雲林縣,虎尾鎮,三合里,252,189424,752,580,325,1014,638.95,85.00
雲林縣,虎尾鎮,建國里,106,72596,685,577,354,858,494.14,72.15
雲林縣,虎尾鎮,立仁里,1210,1072632,886,700,409,1181,693.50,78.23
雲林縣,西螺鎮,振興里,323,225790,699,570,324,893,570.99,81.68
雲林縣,西螺鎮,大園里,394,277812,705,567,311,923,612.21,86.83
雲林縣,西螺鎮,廣福里,550,418170,760,611,352,980,653.73,85.98
雲林縣,西螺鎮,正興里,784,618389,789,601,366,991,894.73,113.43
雲林縣,西螺鎮,永安里,96,58821,613,523,317,855,417.06,68.07
雲林縣,西螺鎮,中和里,162,123492,762,556,293,940,755.26,99.08
雲林縣,西螺鎮,福興里,150,99254,662,476,277,962,628.17,94.93
雲林縣,西螺鎮,光華里,255,220456,865,651,395,1104,752.03,86.99
雲林縣,西螺鎮,新安里,225,151905,675,534,296,885,755.56,111.91
雲林縣,西螺鎮,新豐里,244,159750,655,507,279,892,615.55,94.02
雲林縣,西螺鎮,中興里,672,508731,757,590,345,974,626.64,82.77
雲林縣,西螺鎮,漢光里,1027,733945,715,568,331,924,607.04,84.94
雲林縣,西螺鎮,詔安里,213,156722,736,551,342,929,653.41,88.80
雲林縣,西螺鎮,河南里,198,143740,726,582,311,859,668.37,92.07
雲林縣,西螺鎮,安定里,313,237668,759,595,352,929,760.93,100.21
雲林縣,西螺鎮,福田里,240,164219,684,524,321,839,621.81,90.88
雲林縣,西螺鎮,吳厝里,224,130273,582,451,263,753,514.54,88.47
雲林縣,西螺鎮,九隆里,142,106620,751,620,377,939,591.88,78.83
雲林縣,西螺鎮,下湳里,130,90196,694,563,343,883,549.78,79.24
雲林縣,西螺鎮,七座里,162,103749,640,511,335,766,811.25,126.67
雲林縣,西螺鎮,公館里,254,157763,621,506,291,754,524.46,84.44
雲林縣,西螺鎮,大新里,267,189775,711,561,310,850,612.73,86.21
雲林縣,西螺鎮,埤頭里,147,108232,736,554,332,873,662.11,89.93
雲林縣,西螺鎮,廣興里,180,140248,779,535,284,1004,915.11,117.45
雲林縣,西螺鎮,東興里,189,113285,599,497,293,783,475.93,79.40
雲林縣,西螺鎮,頂湳里,160,109406,684,494,301,890,615.33,89.99
雲林縣,西螺鎮,鹿場里,337,210875,626,493,295,811,551.37,88.11
雲林縣,土庫鎮,忠正里,234,182358,779,617,353,929,744.34,95.51
雲林縣,土庫鎮,順天里,241,177894,738,581,331,889,652.43,88.39
雲林縣,土庫鎮,宮北里,359,286239,797,597,352,934,795.81,99.81
雲林縣,土庫鎮,越港里,302,231365,766,615,386,1022,542.30,70.79
雲林縣,土庫鎮,溪邊里,214,144419,675,534,345,923,518.24,76.79
雲林縣,土庫鎮,興新里,318,240266,756,550,343,955,702.47,92.97
雲林縣,土庫鎮,奮起里,222,154604,696,507,318,833,637.48,91.54
雲林縣,土庫鎮,埤腳里,241,163676,679,526,298,815,679.33,100.03
雲林縣,土庫鎮,大荖里,175,138494,791,516,337,968,729.15,92.13
雲林縣,土庫鎮,石廟里,665,507303,763,601,393,984,570.91,74.84
雲林縣,土庫鎮,東平里,372,274515,738,551,325,910,602.88,81.70
雲林縣,土庫鎮,南平里,366,247206,675,541,346,824,585.01,86.61
雲林縣,土庫鎮,西平里,360,245912,683,568,342,863,536.78,78.58
雲林縣,土庫鎮,北平里,199,140432,706,582,335,916,597.54,84.67
雲林縣,土庫鎮,後埔里,471,304611,647,499,302,778,554.69,85.77
雲林縣,土庫鎮,崙內里,254,166542,656,496,302,786,761.36,116.12
雲林縣,土庫鎮,新庄里,248,197229,795,558,354,965,780.95,98.20
雲林縣,北港鎮,東陽里,173,121483,702,516,295,953,672.88,95.82
雲林縣,北港鎮,光民里,167,115050,689,528,329,857,585.07,84.93
雲林縣,北港鎮,東華里,111,82560,744,581,283,949,695.20,93.47
雲林縣,北港鎮,南安里,227,194032,855,600,334,991,1153.65,134.97
雲林縣,北港鎮,中和里,96,84034,875,574,345,1076,892.24,101.93
雲林縣,北港鎮,義民里,113,79397,703,572,338,891,655.87,93.34
雲林縣,北港鎮,共榮里,119,91949,773,509,264,917,860.76,111.40
雲林縣,北港鎮,西勢里,258,193376,750,547,318,935,743.13,99.15
雲林縣,北港鎮,仁和里,152,137080,902,548,336,934,1867.00,207.02
雲林縣,北港鎮,賜福里,93,64530,694,510,355,819,734.55,105.86
雲林縣,北港鎮,公館里,145,95654,660,497,288,829,549.38,83.28
雲林縣,北港鎮,大同里,333,252134,757,604,354,984,598.85,79.09
雲林縣,北港鎮,仁安里,127,102652,808,620,371,984,813.64,100.66
雲林縣,北港鎮,華勝里,1465,1143332,780,607,344,993,689.93,88.40
雲林縣,北港鎮,光復里,500,406066,812,612,360,1110,621.51,76.53
雲林縣,北港鎮,新街里,1872,1536681,821,635,352,1072,681.18,82.98
雲林縣,北港鎮,劉厝里,296,198567,671,549,286,836,665.31,99.18
雲林縣,北港鎮,後溝里,185,130478,705,552,323,858,605.26,85.82
雲林縣,北港鎮,新厝里,88,48308,549,453,260,704,380.02,69.22
雲林縣,北港鎮,府番里,161,115039,715,534,350,774,944.64,132.21
雲林縣,北港鎮,草湖里,236,155537,659,481,235,856,664.35,100.80
雲林縣,北港鎮,溝皂里,188,125870,670,569,328,786,556.95,83.19
雲林縣,北港鎮,番溝里,125,76615,613,507,325,816,401.77,65.55
雲林縣,北港鎮,大北里,96,55745,581,462,264,756,581.15,100.08
雲林縣,北港鎮,好收里,312,199599,640,540,317,799,471.81,73.75
雲林縣,北港鎮,樹腳里,763,571560,749,568,341,932,675.27,90.14
雲林縣,北港鎮,扶朝里,170,98828,581,463,276,747,477.26,82.10
雲林縣,北港鎮,水埔里,90,67373,749,603,336,923,611.09,81.63
雲林縣,古坑鄉,古坑村,564,392190,695,526,342,838,664.85,95.61
雲林縣,古坑鄉,朝陽村,561,433487,773,568,349,900,979.45,126.76
雲林縣,古坑鄉,西平村,358,247911,692,531,339,907,579.16,83.63
雲林縣,古坑鄉,永光村,482,329313,683,503,303,818,841.53,123.17
雲林縣,古坑鄉,永昌村,477,332248,697,557,320,887,577.89,82.97
雲林縣,古坑鄉,湳仔村,145,89160,615,461,275,854,502.52,81.72
雲林縣,古坑鄉,水碓村,255,162475,637,517,289,810,527.89,82.85
雲林縣,古坑鄉,田心村,263,198903,756,659,346,1041,539.32,71.31
雲林縣,古坑鄉,高林村,252,162100,643,504,323,889,480.67,74.72
雲林縣,古坑鄉,荷苞村,283,206309,729,592,342,907,661.59,90.75
雲林縣,古坑鄉,東和村,720,514875,715,538,333,906,667.59,93.36
雲林縣,古坑鄉,新庄村,282,183544,651,485,330,830,525.96,80.81
雲林縣,古坑鄉,棋盤村,417,294874,707,518,354,885,819.54,115.90
雲林縣,古坑鄉,麻園村,141,89586,635,483,260,808,591.28,93.06
雲林縣,古坑鄉,崁腳村,246,152597,620,490,310,823,480.33,77.43
雲林縣,古坑鄉,華山村,128,86889,679,503,293,815,739.70,108.97
雲林縣,古坑鄉,華南村,51,42437,832,635,355,1019,1023.00,122.94
雲林縣,古坑鄉,桂林村,169,102049,604,489,281,795,447.43,74.10
雲林縣,古坑鄉,樟湖村,80,53845,673,527,328,843,549.90,81.70
雲林縣,古坑鄉,草嶺村,74,45109,610,465,280,693,562.27,92.24
雲林縣,大埤鄉,北和村,160,125182,782,557,354,911,961.84,122.94
雲林縣,大埤鄉,南和村,564,375569,666,493,311,829,624.47,93.78
雲林縣,大埤鄉,大德村,206,138107,670,537,351,861,527.23,78.64
雲林縣,大埤鄉,松竹村,210,134131,639,531,305,876,493.80,77.31
雲林縣,大埤鄉,尚義村,417,264768,635,469,286,796,659.75,103.91
雲林縣,大埤鄉,嘉興村,425,281675,663,475,308,793,844.24,127.38
雲林縣,大埤鄉,豐田村,400,267225,668,505,316,824,629.60,94.24
雲林縣,大埤鄉,三結村,283,169411,599,441,272,761,555.78,92.84
雲林縣,大埤鄉,吉田村,163,96139,590,469,263,773,523.94,88.83
雲林縣,大埤鄉,豐岡村,131,86332,659,521,322,870,518.40,78.66
雲林縣,大埤鄉,聯美村,241,147630,613,472,294,744,527.21,86.06
雲林縣,大埤鄉,怡然村,155,128604,830,551,359,978,818.24,98.62
雲林縣,大埤鄉,北鎮村,117,71911,615,492,334,753,570.18,92.77
雲林縣,大埤鄉,興安村,122,87038,713,538,345,958,543.51,76.18
雲林縣,大埤鄉,西鎮村,125,75775,606,475,291,749,504.90,83.29
雲林縣,莿桐鄉,莿桐村,1069,756352,708,538,303,883,666.22,94.16
雲林縣,莿桐鄉,甘厝村,190,119715,630,513,332,755,532.30,84.48
雲林縣,莿桐鄉,甘西村,347,213715,616,475,283,743,546.23,88.69
雲林縣,莿桐鄉,興桐村,267,154877,580,482,298,768,465.79,80.30
雲林縣,莿桐鄉,義和村,205,303169,1479,564,316,936,8585.61,580.55
雲林縣,莿桐鄉,埔子村,465,304546,655,522,318,812,553.58,84.52
雲林縣,莿桐鄉,大美村,807,570699,707,558,344,832,694.54,98.21
雲林縣,莿桐鄉,埔尾村,341,200397,588,487,330,691,486.72,82.82
雲林縣,莿桐鄉,饒平村,301,189285,629,487,283,761,587.29,93.39
雲林縣,莿桐鄉,興貴村,447,316212,707,514,303,797,1587.99,224.48
雲林縣,莿桐鄉,四合村,382,249925,654,529,330,798,504.84,77.16
雲林縣,莿桐鄉,麻園村,299,190664,638,511,307,753,657.69,103.14
雲林縣,莿桐鄉,五華村,269,144419,537,420,258,707,412.72,76.87
雲林縣,莿桐鄉,六合村,459,272524,594,487,309,771,434.93,73.25
雲林縣,林內鄉,林南村,271,186215,687,494,346,854,676.02,98.38
雲林縣,林內鄉,林中村,1021,673441,660,519,331,819,559.36,84.80
雲林縣,林內鄉,林北村,565,338614,599,504,310,791,442.86,73.89
雲林縣,林內鄉,坪頂村,95,63832,672,455,307,695,946.02,140.79
雲林縣,林內鄉,林茂村,172,107629,626,542,343,835,391.41,62.55
雲林縣,林內鄉,湖本村,147,82448,561,486,322,695,402.12,71.70
雲林縣,林內鄉,九芎村,642,398424,621,501,311,780,557.82,89.89
雲林縣,林內鄉,烏塗村,314,184245,587,451,316,798,437.48,74.56
雲林縣,林內鄉,烏麻村,261,152120,583,473,299,732,460.88,79.07
雲林縣,林內鄉,重興村,430,278480,648,488,333,804,565.90,87.38
雲林縣,二崙鄉,崙東村,321,253359,789,579,311,1005,745.09,94.40
雲林縣,二崙鄉,崙西村,340,272909,803,619,321,1005,777.59,96.88
雲林縣,二崙鄉,來惠村,283,181081,640,482,297,841,570.29,89.13
雲林縣,二崙鄉,三和村,283,193553,684,536,334,857,601.40,87.93
雲林縣,二崙鄉,湳仔村,228,151376,664,544,366,844,470.59,70.88
雲林縣,二崙鄉,田尾村,327,248669,760,583,374,903,744.85,97.95
雲林縣,二崙鄉,港後村,284,214547,755,609,370,964,570.52,75.52
雲林縣,二崙鄉,庄西村,149,86780,582,507,266,746,478.35,82.13
雲林縣,二崙鄉,大義村,160,114421,715,639,353,972,489.99,68.52
雲林縣,二崙鄉,大庄村,210,141081,672,532,301,850,583.12,86.80
雲林縣,二崙鄉,復興村,149,101616,682,519,303,890,579.01,84.90
雲林縣,二崙鄉,油車村,383,273958,715,587,363,952,505.71,70.70
雲林縣,二崙鄉,大同村,131,97219,742,546,262,947,731.44,98.56
雲林縣,二崙鄉,大華村,132,104032,788,621,369,943,702.25,89.10
雲林縣,二崙鄉,義庄村,88,60601,689,567,336,896,466.10,67.68
雲林縣,二崙鄉,楊賢村,211,134826,639,510,315,809,515.31,80.64
雲林縣,二崙鄉,定安村,144,101340,704,567,282,908,655.40,93.13
雲林縣,二崙鄉,永定村,224,161361,720,540,323,906,705.80,97.98
雲林縣,崙背鄉,東明村,266,192161,722,529,323,904,627.97,86.93
雲林縣,崙背鄉,西榮村,292,197086,675,510,312,839,746.09,110.54
雲林縣,崙背鄉,南陽村,635,471841,743,617,359,968,575.65,77.47
雲林縣,崙背鄉,崙前村,409,308958,755,594,369,990,592.70,78.46
雲林縣,崙背鄉,羅厝村,402,285479,710,512,311,882,801.92,112.92
雲林縣,崙背鄉,港尾村,230,160668,699,567,324,932,539.23,77.19
雲林縣,崙背鄉,阿勸村,334,216023,647,541,306,846,577.64,89.31
雲林縣,崙背鄉,五魁村,172,120474,700,624,324,948,615.88,87.93
雲林縣,崙背鄉,大有村,273,191274,701,572,353,938,504.99,72.08
雲林縣,崙背鄉,豐榮村,345,252908,733,610,366,943,512.34,69.89
雲林縣,崙背鄉,舊庄村,170,107534,633,486,318,796,566.19,89.51
雲林縣,崙背鄉,草湖村,244,143321,587,461,287,728,489.09,83.27
雲林縣,崙背鄉,水尾村,203,131761,649,530,313,833,523.09,80.59
雲林縣,崙背鄉,枋南村,147,111089,756,499,319,825,1013.77,134.15
雲林縣,麥寮鄉,麥豐村,1692,1345428,795,651,356,1050,615.42,77.39
雲林縣,麥寮鄉,麥津村,877,678287,773,652,360,992,611.60,79.08
雲林縣,麥寮鄉,瓦磘村,377,285451,757,635,340,989,554.79,73.27
雲林縣,麥寮鄉,崙後村,478,358128,749,586,337,1015,724.00,96.63
雲林縣,麥寮鄉,興華村,470,340026,723,580,323,945,599.56,82.87
雲林縣,麥寮鄉,後安村,600,412406,687,568,300,883,590.68,85.94
雲林縣,麥寮鄉,海豐村,414,311864,753,594,339,965,679.21,90.17
雲林縣,麥寮鄉,三盛村,423,339552,803,644,352,1016,799.84,99.64
雲林縣,麥寮鄉,新吉村,207,137496,664,576,339,910,474.29,71.40
雲林縣,麥寮鄉,橋頭村,858,662972,773,628,337,1001,782.49,101.27
雲林縣,麥寮鄉,施厝村,675,569955,844,686,384,1045,1153.38,136.59
雲林縣,麥寮鄉,雷厝村,362,252157,697,542,338,871,609.14,87.45
雲林縣,麥寮鄉,中興村,267,190843,715,540,319,954,585.76,81.95
雲林縣,東勢鄉,東北村,283,202101,714,614,398,942,494.81,69.29
雲林縣,東勢鄉,東南村,348,269520,774,615,366,920,610.29,78.80
雲林縣,東勢鄉,嘉隆村,285,238527,837,620,365,1026,1458.65,174.28
雲林縣,東勢鄉,月眉村,234,172005,735,563,325,893,831.55,113.13
雲林縣,東勢鄉,復興村,105,71615,682,559,323,807,529.49,77.63
雲林縣,東勢鄉,昌南村,176,119666,680,555,334,913,516.48,75.96
雲林縣,東勢鄉,安南村,170,112864,664,511,343,897,526.24,79.26
雲林縣,東勢鄉,新坤村,192,123140,641,573,323,869,451.29,70.37
雲林縣,東勢鄉,四美村,175,112627,644,472,297,852,596.05,92.61
雲林縣,東勢鄉,龍潭村,110,70289,639,490,304,834,507.92,79.49
雲林縣,東勢鄉,程海村,83,54039,651,544,360,859,463.03,71.12
雲林縣,東勢鄉,同安村,355,219309,618,504,292,809,526.01,85.15
雲林縣,褒忠鄉,中民村,482,368004,763,546,331,907,918.26,120.27
雲林縣,褒忠鄉,埔姜村,334,236127,707,632,357,936,514.65,72.80
雲林縣,褒忠鄉,中勝村,327,258608,791,609,350,1041,731.75,92.53
雲林縣,褒忠鄉,馬鳴村,299,234853,785,566,354,974,763.40,97.19
雲林縣,褒忠鄉,新湖村,204,142182,697,551,329,851,582.88,83.63
雲林縣,褒忠鄉,有才村,173,113770,658,499,325,766,547.90,83.31
雲林縣,褒忠鄉,田洋村,148,88227,596,444,269,743,499.18,83.74
雲林縣,褒忠鄉,龍岩村,217,128390,592,465,289,746,517.28,87.43
雲林縣,褒忠鄉,潮厝村,156,109139,700,505,325,807,688.09,98.35
雲林縣,臺西鄉,臺西村,278,213228,767,644,385,967,545.76,71.15
雲林縣,臺西鄉,海北村,220,156104,710,579,330,934,526.30,74.17
雲林縣,臺西鄉,海口村,358,251618,703,574,330,928,547.66,77.92
雲林縣,臺西鄉,海南村,233,157086,674,561,319,897,552.46,81.94
雲林縣,臺西鄉,光華村,159,102917,647,527,337,843,475.55,73.47
雲林縣,臺西鄉,山寮村,141,88979,631,532,319,786,567.27,89.89
雲林縣,臺西鄉,五榔村,77,51853,673,565,397,872,453.29,67.31
雲林縣,臺西鄉,泉州村,111,86241,777,632,425,921,656.95,84.55
雲林縣,臺西鄉,牛厝村,268,171347,639,499,350,804,508.14,79.48
雲林縣,臺西鄉,溪頂村,220,139173,633,452,270,740,679.28,107.38
雲林縣,臺西鄉,永豐村,278,184284,663,543,312,860,471.80,71.17
雲林縣,臺西鄉,富琦村,320,224288,701,570,330,926,532.48,75.97
雲林縣,臺西鄉,和豐村,509,348013,684,589,348,875,618.44,90.45
雲林縣,臺西鄉,蚊港村,359,236091,658,558,325,862,478.21,72.72
雲林縣,臺西鄉,五港村,319,214800,673,552,347,882,494.92,73.50
雲林縣,元長鄉,長南村,773,578684,749,567,334,856,967.15,129.19
雲林縣,元長鄉,長北村,339,217606,642,499,305,762,567.82,88.46
雲林縣,元長鄉,子茂村,248,176972,714,563,356,919,637.01,89.27
雲林縣,元長鄉,後湖村,119,83219,699,524,314,883,594.04,84.95
雲林縣,元長鄉,山內村,175,111900,639,496,299,806,560.22,87.61
雲林縣,元長鄉,合和村,188,116157,618,478,344,806,456.43,73.87
雲林縣,元長鄉,五塊村,185,118825,642,468,288,728,712.77,110.97
雲林縣,元長鄉,潭西村,145,84144,580,469,329,839,423.81,73.03
雲林縣,元長鄉,潭東村,93,51571,555,431,290,644,516.49,93.14
雲林縣,元長鄉,客厝村,169,112862,668,517,328,913,558.56,83.64
雲林縣,元長鄉,卓運村,55,39719,722,561,317,1020,618.42,85.63
雲林縣,元長鄉,頂寮村,243,160704,661,521,293,868,527.99,79.84
雲林縣,元長鄉,下寮村,262,190334,726,544,331,944,749.94,103.23
雲林縣,元長鄉,龍岩村,174,115445,663,500,282,825,657.15,99.05
雲林縣,元長鄉,西莊村,148,102389,692,557,400,816,539.46,77.98
雲林縣,元長鄉,鹿北村,215,131511,612,468,295,773,520.85,85.15
雲林縣,元長鄉,鹿南村,145,86230,595,450,281,750,528.70,88.90
雲林縣,元長鄉,瓦磘村,266,168530,634,464,259,794,700.15,110.51
雲林縣,元長鄉,內寮村,104,71074,683,571,327,940,533.67,78.09
雲林縣,元長鄉,崙仔村,114,72326,634,516,294,757,589.40,92.90
雲林縣,元長鄉,新吉村,125,85486,684,511,334,705,904.61,132.27
雲林縣,四湖鄉,四湖村,379,272798,720,564,328,961,592.70,82.34
雲林縣,四湖鄉,湖西村,527,369298,701,546,326,899,576.38,82.25
雲林縣,四湖鄉,新庄村,104,70356,677,514,315,844,583.66,86.28
雲林縣,四湖鄉,蔡厝村,150,105775,705,560,373,902,491.88,69.75
雲林縣,四湖鄉,湖寮村,165,120622,731,617,363,936,512.52,70.11
雲林縣,四湖鄉,鹿場村,169,104018,615,436,281,722,584.94,95.04
雲林縣,四湖鄉,施湖村,217,130247,600,491,292,835,455.08,75.82
雲林縣,四湖鄉,羊調村,174,114168,656,488,295,781,742.74,113.20
雲林縣,四湖鄉,溪底村,196,128702,657,526,298,888,486.74,74.13
雲林縣,四湖鄉,溪尾村,119,79307,666,426,270,829,677.30,101.63
雲林縣,四湖鄉,崙南村,143,86400,604,480,295,748,529.67,87.67
雲林縣,四湖鄉,崙北村,298,201156,675,550,308,913,537.84,79.68
雲林縣,四湖鄉,內湖村,136,83459,614,481,262,899,494.10,80.52
雲林縣,四湖鄉,子村,140,97520,697,540,278,796,675.88,97.03
雲林縣,四湖鄉,廣溝村,137,84748,619,504,317,852,449.29,72.63
雲林縣,四湖鄉,飛沙村,194,142262,733,535,302,926,759.80,103.61
雲林縣,四湖鄉,三姓村,71,43674,615,534,346,864,397.25,64.58
雲林縣,四湖鄉,林東村,197,132991,675,550,346,885,521.18,77.20
雲林縣,四湖鄉,林厝村,193,126439,655,544,303,880,487.12,74.36
雲林縣,四湖鄉,飛東村,119,73722,620,527,330,817,401.41,64.79
雲林縣,四湖鄉,東村,169,106929,633,517,295,839,479.10,75.72
雲林縣,口湖鄉,下崙村,393,242875,618,476,290,767,613.64,99.29
雲林縣,口湖鄉,崙中村,312,203624,653,511,291,821,711.26,108.98
雲林縣,口湖鄉,崙東村,306,193454,632,491,331,809,493.48,78.06
雲林縣,口湖鄉,青蚶村,92,50124,545,416,268,696,479.17,87.95
雲林縣,口湖鄉,梧北村,190,112993,595,490,302,812,439.03,73.82
雲林縣,口湖鄉,梧南村,315,186288,591,496,297,821,423.05,71.54
雲林縣,口湖鄉,水井村,152,79782,525,418,202,711,445.11,84.80
雲林縣,口湖鄉,湖口村,164,99898,609,462,302,832,514.60,84.48
雲林縣,口湖鄉,後厝村,119,70662,594,483,255,789,490.47,82.60
雲林縣,口湖鄉,過港村,96,54273,565,473,287,679,519.57,91.90
雲林縣,口湖鄉,埔北村,156,93333,598,481,307,757,435.35,72.77
雲林縣,口湖鄉,埔南村,134,84115,628,454,324,732,621.51,99.01
雲林縣,口湖鄉,謝厝村,200,109289,546,454,270,707,413.63,75.69
雲林縣,口湖鄉,頂湖村,129,92381,716,519,312,890,759.89,106.11
雲林縣,口湖鄉,口湖村,258,166677,646,575,342,826,453.04,70.13
雲林縣,口湖鄉,湖東村,259,165274,638,495,297,822,562.01,88.07
雲林縣,口湖鄉,蚵寮村,233,138430,594,475,285,758,619.91,104.34
雲林縣,口湖鄉,港西村,141,95109,675,511,357,791,600.41,89.01
雲林縣,口湖鄉,港東村,265,163989,619,448,247,812,578.90,93.55
雲林縣,口湖鄉,臺子村,289,157533,545,462,317,722,407.47,74.75
雲林縣,口湖鄉,成龍村,157,104010,662,505,237,873,631.93,95.39
雲林縣,水林鄉,水北村,476,347669,730,551,318,936,696.11,95.31
雲林縣,水林鄉,水南村,412,291171,707,552,296,910,692.23,97.95
雲林縣,水林鄉,海埔村,132,75029,568,507,251,686,479.50,84.36
雲林縣,水林鄉,後寮村,124,76249,615,485,260,758,511.43,83.17
雲林縣,水林鄉,春埔村,169,110910,656,552,303,866,505.90,77.09
雲林縣,水林鄉,西井村,111,71083,640,499,318,867,504.82,78.83
雲林縣,水林鄉,灣西村,145,102233,705,502,307,978,598.85,84.94
雲林縣,水林鄉,灣東村,120,73209,610,495,324,777,480.73,78.80
雲林縣,水林鄉,蘇秦村,185,134128,725,584,324,975,583.14,80.43
雲林縣,水林鄉,車港村,77,56744,737,612,367,820,661.14,89.72
雲林縣,水林鄉,萬興村,123,73315,596,504,318,706,524.70,88.03
雲林縣,水林鄉,尖山村,114,72602,637,511,302,825,500.38,78.57
雲林縣,水林鄉,大山村,173,105145,608,459,273,721,524.74,86.34
雲林縣,水林鄉,大溝村,143,94320,660,588,359,873,430.85,65.32
雲林縣,水林鄉,順興村,137,91274,666,581,373,820,536.93,80.59
雲林縣,水林鄉,山腳村,147,89045,606,506,338,760,444.77,73.42
雲林縣,水林鄉,蕃薯村,155,88396,570,466,267,737,452.49,79.34
雲林縣,水林鄉,松北村,175,137863,788,531,337,978,730.32,92.70
雲林縣,水林鄉,松中村,85,56568,666,506,346,825,511.56,76.87
雲林縣,水林鄉,松西村,101,61750,611,494,336,769,444.81,72.76
雲林縣,水林鄉,埔村,105,66030,629,519,330,815,525.66,83.59
雲林縣,水林鄉,塭底村,99,61644,623,487,320,819,489.81,78.66
雲林縣,水林鄉,土厝村,237,147864,624,513,290,801,557.02,89.28
雲林縣,水林鄉,溪墘村,126,68969,547,407,267,740,442.53,80.85
嘉義縣,朴子市,安福里,503,390729,777,632,364,1025,591.51,76.15
嘉義縣,朴子市,平和里,662,578141,873,667,400,1089,753.99,86.34
嘉義縣,朴子市,內厝里,253,188912,747,615,346,1050,518.52,69.44
嘉義縣,朴子市,開元里,124,88187,711,633,324,954,540.29,75.97
嘉義縣,朴子市,順天里,158,122506,775,554,308,897,1019.68,131.51
嘉義縣,朴子市,中正里,195,142093,729,535,282,953,678.00,93.04
嘉義縣,朴子市,博厚里,183,147332,805,614,385,963,678.04,84.22
嘉義縣,朴子市,文化里,517,407371,788,609,335,1009,707.95,89.85
嘉義縣,朴子市,永和里,594,400082,674,532,326,889,534.22,79.32
嘉義縣,朴子市,竹圍里,1263,1026691,813,613,341,1069,722.35,88.86
嘉義縣,朴子市,新寮里,135,79241,587,453,292,755,495.92,84.49
嘉義縣,朴子市,双溪里,114,77605,681,510,322,791,588.69,86.48
嘉義縣,朴子市,溪口里,146,94031,644,518,341,830,460.58,71.51
嘉義縣,朴子市,德興里,231,161163,698,537,324,882,553.67,79.36
嘉義縣,朴子市,仁和里,643,939086,1460,911,579,1491,3144.65,215.32
嘉義縣,朴子市,大鄉里,785,591513,754,566,329,930,738.59,98.02
嘉義縣,朴子市,大葛里,727,689922,949,750,387,1236,875.13,92.22
嘉義縣,朴子市,佳禾里,134,78517,586,466,301,760,439.13,74.94
嘉義縣,朴子市,竹村里,230,148575,646,512,321,742,705.02,109.14
嘉義縣,朴子市,崁前里,149,84561,568,469,291,714,453.90,79.98
嘉義縣,朴子市,崁後里,123,74614,607,498,302,842,426.91,70.37
嘉義縣,朴子市,順安里,42,20276,483,444,275,619,286.67,59.38
嘉義縣,朴子市,德家里,132,75656,573,475,302,680,441.54,77.04
嘉義縣,朴子市,新庄里,142,87548,617,557,302,779,440.43,71.44
嘉義縣,朴子市,松華里,202,140824,697,507,322,891,846.86,121.47
嘉義縣,朴子市,梅華里,166,109471,659,510,289,799,657.88,99.76
嘉義縣,朴子市,南竹里,87,59841,688,539,302,945,533.76,77.60
嘉義縣,布袋鎮,岱江里,102,62001,608,538,366,844,394.19,64.85
嘉義縣,布袋鎮,九龍里,78,51083,655,498,311,874,588.26,89.82
嘉義縣,布袋鎮,岑海里,389,277884,714,578,393,920,519.78,72.76
嘉義縣,布袋鎮,興中里,243,155303,639,521,355,857,444.45,69.54
嘉義縣,布袋鎮,光復里,364,269350,740,594,347,933,632.79,85.52
嘉義縣,布袋鎮,見龍里,189,122794,650,524,351,826,512.70,78.91
嘉義縣,布袋鎮,新厝里,179,125530,701,575,357,878,530.98,75.72
嘉義縣,布袋鎮,龍江里,173,124297,718,620,381,923,513.29,71.44
嘉義縣,布袋鎮,東港里,454,326143,718,565,323,867,711.99,99.11
嘉義縣,布袋鎮,永安里,249,160198,643,535,332,909,444.69,69.12
嘉義縣,布袋鎮,江山里,53,40027,755,556,385,933,754.72,99.93
嘉義縣,布袋鎮,考試里,54,39596,733,511,314,855,849.80,115.89
嘉義縣,布袋鎮,菜舖里,82,53486,652,518,387,867,431.54,66.16
嘉義縣,布袋鎮,振寮里,147,103971,707,549,346,907,625.90,88.49
嘉義縣,布袋鎮,西安里,193,129938,673,515,334,888,550.10,81.71
嘉義縣,布袋鎮,東安里,221,142287,644,504,316,785,559.37,86.88
嘉義縣,布袋鎮,中安里,261,180347,691,532,360,822,565.79,81.88
嘉義縣,布袋鎮,樹林里,87,49932,574,441,334,643,466.75,81.32
嘉義縣,布袋鎮,貴舍里,102,66947,656,541,286,895,474.88,72.35
嘉義縣,布袋鎮,復興里,462,319647,692,533,330,788,766.24,110.75
嘉義縣,布袋鎮,新民里,218,158330,726,530,355,856,664.55,91.50
嘉義縣,布袋鎮,好美里,195,113022,580,445,290,697,516.14,89.05
嘉義縣,布袋鎮,新岑里,219,134296,613,499,353,690,493.29,80.44
嘉義縣,大林鎮,東林里,156,121393,778,564,304,1048,739.53,95.04
嘉義縣,大林鎮,西林里,557,432861,777,598,327,955,776.35,99.90
嘉義縣,大林鎮,吉林里,265,192745,727,547,326,923,614.20,84.45
嘉義縣,大林鎮,平林里,1554,1298879,836,606,348,1040,829.55,99.25
嘉義縣,大林鎮,明華里,232,176574,761,608,334,918,720.72,94.70
嘉義縣,大林鎮,明和里,405,310845,768,572,336,1075,597.58,77.86
嘉義縣,大林鎮,排路里,120,91471,762,564,296,965,701.91,92.08
嘉義縣,大林鎮,西結里,131,87469,668,475,267,805,744.92,111.57
嘉義縣,大林鎮,湖北里,134,85520,638,517,322,806,471.23,73.84
嘉義縣,大林鎮,大糖里,49,28448,581,405,206,823,544.60,93.80
嘉義縣,大林鎮,大美里,307,199625,650,532,352,826,534.97,82.27
嘉義縣,大林鎮,過溪里,269,191261,711,568,360,883,549.50,77.28
嘉義縣,大林鎮,中坑里,215,151642,705,506,314,759,817.96,115.97
嘉義縣,大林鎮,上林里,141,93095,660,516,325,826,659.08,99.82
嘉義縣,大林鎮,中林里,334,259405,777,546,354,871,791.60,101.92
嘉義縣,大林鎮,三和里,452,297871,659,520,300,833,561.27,85.17
嘉義縣,大林鎮,溝背里,189,132281,700,576,343,907,546.74,78.12
嘉義縣,大林鎮,義和里,128,90319,706,551,356,878,547.10,77.54
嘉義縣,大林鎮,內林里,131,97526,744,545,307,936,832.44,111.82
嘉義縣,大林鎮,三角里,140,103298,738,591,370,854,623.46,84.50
嘉義縣,大林鎮,三村里,176,129544,736,529,341,915,727.83,98.88
嘉義縣,民雄鄉,東榮村,652,569556,874,655,338,1103,794.26,90.92
嘉義縣,民雄鄉,中樂村,468,390397,834,589,329,962,1214.00,145.53
嘉義縣,民雄鄉,西安村,933,809357,867,650,355,1091,954.37,110.02
嘉義縣,民雄鄉,寮頂村,536,391445,730,540,295,900,762.19,104.37
嘉義縣,民雄鄉,福權村,402,316166,786,588,376,953,792.32,100.74
嘉義縣,民雄鄉,東湖村,405,272491,673,532,309,910,516.96,76.83
嘉義縣,民雄鄉,豐收村,532,418897,787,565,321,966,785.84,99.80
嘉義縣,民雄鄉,頂崙村,348,256077,736,572,346,930,621.07,84.40
嘉義縣,民雄鄉,鎮北村,244,185714,761,551,312,1033,671.69,88.25
嘉義縣,民雄鄉,三興村,343,450776,1314,860,408,1825,1255.74,95.55
嘉義縣,民雄鄉,東興村,91,74009,813,541,305,1090,738.55,90.81
嘉義縣,民雄鄉,菁埔村,375,254353,678,515,307,860,609.99,89.93
嘉義縣,民雄鄉,中和村,232,173614,748,608,374,968,579.56,77.45
嘉義縣,民雄鄉,西昌村,179,119399,667,506,326,824,599.74,89.91
嘉義縣,民雄鄉,平和村,189,141080,746,578,345,987,667.16,89.38
嘉義縣,民雄鄉,中央村,305,216020,708,559,345,854,561.38,79.26
嘉義縣,民雄鄉,興中村,470,324940,691,536,318,876,607.56,87.88
嘉義縣,民雄鄉,興南村,713,469120,658,503,310,826,584.07,88.77
嘉義縣,民雄鄉,文隆村,620,532106,858,634,373,971,1386.86,161.59
嘉義縣,民雄鄉,山中村,860,611329,711,551,324,938,570.92,80.31
嘉義縣,民雄鄉,福興村,493,321164,651,499,314,835,520.08,79.83
嘉義縣,民雄鄉,松山村,349,227602,652,510,296,802,743.74,114.04
嘉義縣,民雄鄉,雙福村,692,580622,839,628,348,1081,955.09,113.83
嘉義縣,民雄鄉,北斗村,1310,942945,720,549,334,923,703.66,97.76
嘉義縣,民雄鄉,秀林村,585,405604,693,537,319,835,886.98,127.93
嘉義縣,民雄鄉,大崎村,570,384761,675,498,292,808,755.27,111.89
嘉義縣,民雄鄉,金興村,702,438772,625,500,336,784,485.80,77.72
嘉義縣,民雄鄉,福樂村,1764,1373495,779,580,360,992,688.30,88.40
嘉義縣,溪口鄉,溪東村,290,211506,729,570,356,892,623.16,85.44
嘉義縣,溪口鄉,溪西村,119,79800,671,496,287,778,681.28,101.59
嘉義縣,溪口鄉,溪北村,107,70870,662,496,303,805,646.75,97.65
嘉義縣,溪口鄉,柴林村,156,117107,751,544,371,899,702.20,93.54
嘉義縣,溪口鄉,林腳村,148,95363,644,515,290,821,586.24,90.98
嘉義縣,溪口鄉,美南村,221,158699,718,592,316,920,584.99,81.46
嘉義縣,溪口鄉,美北村,180,113517,631,455,281,877,545.08,86.43
嘉義縣,溪口鄉,本厝村,186,122279,657,507,301,815,560.81,85.31
嘉義縣,溪口鄉,游東村,172,111151,646,492,306,880,538.41,83.32
嘉義縣,溪口鄉,游西村,130,96829,745,565,352,897,883.04,118.55
嘉義縣,溪口鄉,柳溝村,268,165892,619,485,321,848,442.21,71.44
嘉義縣,溪口鄉,疊溪村,219,143586,656,490,284,789,635.61,96.94
嘉義縣,溪口鄉,妙崙村,134,89566,668,518,309,773,778.92,116.53
嘉義縣,溪口鄉,坪頂村,190,134406,707,561,366,906,542.22,76.65
嘉義縣,新港鄉,宮前村,563,486977,865,658,364,1126,721.22,83.38
嘉義縣,新港鄉,宮後村,375,311542,831,648,345,1126,709.20,85.37
嘉義縣,新港鄉,大興村,380,280470,738,574,328,925,646.24,87.56
嘉義縣,新港鄉,福德村,373,298487,800,583,329,947,909.66,113.67
嘉義縣,新港鄉,古民村,233,157829,677,522,298,816,625.09,92.28
嘉義縣,新港鄉,中庄村,270,181402,672,533,318,903,522.20,77.72
嘉義縣,新港鄉,大潭村,297,198337,668,535,322,836,546.73,81.87
嘉義縣,新港鄉,西庄村,158,123416,781,594,362,991,612.92,78.47
嘉義縣,新港鄉,月眉村,367,274648,748,603,384,979,600.55,80.25
嘉義縣,新港鄉,月潭村,343,233736,681,501,308,886,574.74,84.34
嘉義縣,新港鄉,溪北村,256,177073,692,525,319,809,605.24,87.50
嘉義縣,新港鄉,菜公村,190,146803,773,530,302,955,1316.08,170.33
嘉義縣,新港鄉,中洋村,256,171671,671,549,315,850,572.91,85.43
嘉義縣,新港鄉,三間村,363,306833,845,719,422,1111,588.75,69.65
嘉義縣,新港鄉,安和村,178,108235,608,510,306,787,474.68,78.06
嘉義縣,新港鄉,潭大村,249,172820,694,515,338,845,622.19,89.65
嘉義縣,新港鄉,南港村,234,177381,758,555,347,927,647.73,85.45
嘉義縣,新港鄉,板頭村,100,70175,702,546,366,876,544.19,77.55
嘉義縣,新港鄉,共和村,161,103385,642,515,294,787,602.60,93.84
嘉義縣,新港鄉,埤子村,88,56620,643,543,306,908,421.27,65.47
嘉義縣,新港鄉,南崙村,130,95673,736,552,338,942,619.45,84.17
嘉義縣,新港鄉,北崙村,74,43520,588,450,292,807,426.78,72.57
嘉義縣,新港鄉,海瀛村,78,49813,639,474,306,836,566.74,88.74
嘉義縣,六腳鄉,蒜東村,173,117795,681,511,303,801,649.58,95.40
嘉義縣,六腳鄉,蒜南村,188,134437,715,583,327,933,574.55,80.35
嘉義縣,六腳鄉,蒜頭村,314,218815,697,548,327,899,593.31,85.14
嘉義縣,六腳鄉,工廠村,60,52327,872,583,281,1338,831.26,95.31
嘉義縣,六腳鄉,灣南村,225,164591,732,551,363,996,530.17,72.48
嘉義縣,六腳鄉,灣北村,211,141829,672,523,291,887,512.77,76.29
嘉義縣,六腳鄉,雙涵村,142,100504,708,568,330,981,545.36,77.05
嘉義縣,六腳鄉,塗師村,118,73024,619,502,307,812,441.01,71.26
嘉義縣,六腳鄉,三義村,114,73556,645,529,357,786,529.40,82.05
嘉義縣,六腳鄉,港美村,160,101553,635,528,302,817,516.17,81.32
嘉義縣,六腳鄉,豐美村,207,137280,663,484,317,822,635.53,95.83
嘉義縣,六腳鄉,六斗村,190,126181,664,570,327,842,507.71,76.45
嘉義縣,六腳鄉,崙陽村,237,169016,713,524,308,912,656.55,92.06
嘉義縣,六腳鄉,蘇厝村,330,218694,663,494,289,854,595.56,89.87
嘉義縣,六腳鄉,竹本村,102,55115,540,440,251,709,439.83,81.40
嘉義縣,六腳鄉,永賢村,70,46183,660,502,339,932,469.98,71.23
嘉義縣,六腳鄉,魚寮村,101,64382,637,504,343,894,468.04,73.42
嘉義縣,六腳鄉,潭墘村,162,113957,703,546,345,953,553.32,78.66
嘉義縣,六腳鄉,正義村,251,163624,652,573,316,867,460.42,70.63
嘉義縣,六腳鄉,溪厝村,118,69319,587,533,309,714,443.89,75.56
嘉義縣,六腳鄉,六南村,104,71629,689,532,320,904,528.35,76.71
嘉義縣,六腳鄉,六腳村,164,107973,658,569,349,900,480.03,72.91
嘉義縣,六腳鄉,崩山村,99,67834,685,547,358,921,521.52,76.11
嘉義縣,六腳鄉,古林村,97,84489,871,596,362,806,1449.41,166.40
嘉義縣,六腳鄉,更寮村,100,90463,905,507,305,912,1654.39,182.88
嘉義縣,東石鄉,東石村,258,156924,608,493,322,760,452.18,74.34
嘉義縣,東石鄉,猿樹村,150,99872,666,458,280,880,766.35,115.10
嘉義縣,東石鄉,塭港村,204,122214,599,514,301,751,452.28,75.49
嘉義縣,東石鄉,型厝村,215,131636,612,489,328,775,487.33,79.60
嘉義縣,東石鄉,三家村,212,133892,632,555,361,782,457.41,72.42
嘉義縣,東石鄉,永屯村,124,72688,586,440,225,795,525.42,89.63
嘉義縣,東石鄉,海埔村,52,30858,593,451,263,709,569.06,95.89
嘉義縣,東石鄉,龍港村,127,88498,697,529,327,814,738.17,105.93
嘉義縣,東石鄉,副瀨村,145,106181,732,540,371,838,757.58,103.45
嘉義縣,東石鄉,下揖村,96,49496,516,463,292,633,343.47,66.62
嘉義縣,東石鄉,頂揖村,52,36066,694,451,277,722,881.63,127.11
嘉義縣,東石鄉,溪下村,134,84857,633,493,292,909,508.37,80.28
嘉義縣,東石鄉,港口村,43,22459,522,423,314,683,368.28,70.51
嘉義縣,東石鄉,鰲鼓村,221,137863,624,506,321,763,515.20,82.59
嘉義縣,東石鄉,港墘村,206,199326,968,596,338,945,2264.52,234.03
嘉義縣,東石鄉,蔦松村,169,111498,660,531,320,832,525.27,79.62
嘉義縣,東石鄉,圍潭村,84,57734,687,562,324,775,583.15,84.85
嘉義縣,東石鄉,洲仔村,137,85588,625,482,303,772,670.57,107.34
嘉義縣,東石鄉,東崙村,135,91108,675,542,294,878,627.55,92.99
嘉義縣,東石鄉,西崙村,218,147180,675,531,331,863,569.96,84.42
嘉義縣,東石鄉,塭仔村,152,88511,582,437,296,744,457.76,78.61
嘉義縣,東石鄉,網寮村,175,106694,610,493,307,762,458.86,75.26
嘉義縣,東石鄉,掌潭村,120,74656,622,511,319,786,517.88,83.24
嘉義縣,義竹鄉,岸腳村,147,97746,665,543,335,806,519.43,78.12
嘉義縣,義竹鄉,義竹村,379,287240,758,583,370,948,654.39,86.34
嘉義縣,義竹鄉,六桂村,284,193937,683,554,340,871,486.14,71.19
嘉義縣,義竹鄉,仁里村,218,162817,747,569,361,950,598.56,80.14
嘉義縣,義竹鄉,傳芳村,155,96046,620,501,333,760,445.27,71.86
嘉義縣,義竹鄉,頭竹村,260,205973,792,566,369,973,693.44,87.53
嘉義縣,義竹鄉,五厝村,94,66830,711,543,354,792,767.31,107.93
嘉義縣,義竹鄉,中平村,69,50835,737,551,307,1026,573.01,77.78
嘉義縣,義竹鄉,埤前村,146,106676,731,597,349,946,579.64,79.33
嘉義縣,義竹鄉,平溪村,84,58598,698,505,318,839,594.85,85.27
嘉義縣,義竹鄉,後鎮村,96,53946,562,472,268,718,440.02,78.30
嘉義縣,義竹鄉,北華村,122,68967,565,454,262,729,443.19,78.40
嘉義縣,義竹鄉,新店村,270,191266,708,541,363,912,535.22,75.55
嘉義縣,義竹鄉,東過村,160,97391,609,515,335,754,445.62,73.21
嘉義縣,義竹鄉,西過村,158,87657,555,417,245,695,668.27,120.45
嘉義縣,義竹鄉,官和村,134,85252,636,542,298,798,511.51,80.40
嘉義縣,義竹鄉,官順村,83,48269,582,466,286,751,486.71,83.69
嘉義縣,義竹鄉,新富村,113,74270,657,540,314,846,526.85,80.16
嘉義縣,義竹鄉,東光村,156,107864,691,540,304,908,594.63,86.00
嘉義縣,義竹鄉,東榮村,67,46974,701,474,330,857,720.11,102.71
嘉義縣,義竹鄉,龍蛟村,104,65404,629,538,295,742,576.96,91.74
嘉義縣,義竹鄉,溪洲村,110,64824,589,543,305,770,406.89,69.05
嘉義縣,鹿草鄉,後寮村,91,67876,746,586,430,815,593.02,79.51
嘉義縣,鹿草鄉,鹿東村,123,88705,721,583,349,940,517.27,71.73
嘉義縣,鹿草鄉,鹿草村,295,190040,644,536,319,797,501.86,77.90
嘉義縣,鹿草鄉,西井村,320,230165,719,530,308,951,604.12,83.99
嘉義縣,鹿草鄉,豐稠村,130,89928,692,609,349,919,472.93,68.37
嘉義縣,鹿草鄉,重寮村,191,126272,661,492,350,783,518.31,78.40
嘉義縣,鹿草鄉,施家村,99,66047,667,508,328,834,557.44,83.56
嘉義縣,鹿草鄉,下潭村,125,87757,702,582,341,915,490.39,69.85
嘉義縣,鹿草鄉,光潭村,194,133922,690,534,337,910,541.02,78.37
嘉義縣,鹿草鄉,碧潭村,137,91826,670,481,320,840,540.97,80.71
嘉義縣,鹿草鄉,松竹村,196,132123,674,535,303,831,588.24,87.26
嘉義縣,鹿草鄉,竹山村,177,113970,644,504,288,803,571.81,88.80
嘉義縣,鹿草鄉,後堀村,312,214032,686,531,325,952,507.92,74.04
嘉義縣,鹿草鄉,三角村,346,232091,671,543,340,892,513.36,76.53
嘉義縣,鹿草鄉,下麻村,121,77428,640,434,323,771,606.67,94.81
嘉義縣,太保市,太保里,608,524757,863,634,361,1052,1030.35,119.38
嘉義縣,太保市,後庄里,108,73549,681,504,354,802,801.68,117.72
嘉義縣,太保市,前潭里,305,228912,751,513,338,791,1055.55,140.64
嘉義縣,太保市,後潭里,375,274555,732,556,322,953,630.98,86.18
嘉義縣,太保市,春珠里,215,163152,759,587,328,941,729.94,96.19
嘉義縣,太保市,崙頂里,204,155389,762,585,324,953,691.41,90.77
嘉義縣,太保市,安仁里,745,764259,1026,854,440,1434,801.74,78.15
嘉義縣,太保市,東勢里,468,514826,1100,815,435,1401,1131.36,102.85
嘉義縣,太保市,新埤里,267,200151,750,560,347,982,581.46,77.57
嘉義縣,太保市,舊埤里,544,389031,715,593,332,1007,503.18,70.36
嘉義縣,太保市,田尾里,148,130085,879,700,375,1109,883.03,100.46
嘉義縣,太保市,港尾里,113,75680,670,542,326,894,546.05,81.53
嘉義縣,太保市,過溝里,848,689288,813,646,388,1052,650.87,80.07
嘉義縣,太保市,麻寮里,1123,891731,794,648,393,1056,620.48,78.14
嘉義縣,太保市,南新里,408,312766,767,551,304,881,1275.39,166.37
嘉義縣,太保市,北新里,700,518118,740,604,351,961,583.27,78.80
嘉義縣,太保市,埤鄉里,143,105796,740,630,331,959,589.09,79.62
嘉義縣,太保市,梅埔里,215,156147,726,517,328,818,833.87,114.82
嘉義縣,水上鄉,水頭村,678,517083,763,598,351,1017,607.15,79.61
嘉義縣,水上鄉,水上村,952,692447,727,561,325,967,587.11,80.72
嘉義縣,水上鄉,大堀村,360,237907,661,498,304,806,670.18,101.41
嘉義縣,水上鄉,大崙村,471,308219,654,511,295,821,601.16,91.87
嘉義縣,水上鄉,塗溝村,187,128104,685,534,342,879,583.01,85.10
嘉義縣,水上鄉,粗溪村,377,263001,698,550,326,859,562.55,80.64
嘉義縣,水上鄉,下寮村,501,367701,734,566,347,880,733.60,99.96
嘉義縣,水上鄉,回歸村,133,112462,846,612,344,920,879.41,104.00
嘉義縣,水上鄉,三和村,473,379169,802,680,384,1076,553.10,69.00
嘉義縣,水上鄉,龍德村,523,399425,764,577,371,997,600.62,78.64
嘉義縣,水上鄉,溪洲村,240,160916,670,530,349,886,494.98,73.82
嘉義縣,水上鄉,三鎮村,143,109397,765,523,294,1002,869.60,113.67
嘉義縣,水上鄉,靖和村,118,90152,764,686,450,1073,503.84,65.95
嘉義縣,水上鄉,南和村,327,235577,720,549,333,925,597.09,82.88
嘉義縣,水上鄉,柳林村,466,290954,624,510,311,774,526.10,84.26
嘉義縣,水上鄉,柳鄉村,489,333521,682,529,357,818,616.60,90.40
嘉義縣,水上鄉,內溪村,251,190450,759,529,324,816,1839.79,242.47
嘉義縣,水上鄉,寬士村,998,701977,703,555,341,904,593.41,84.37
嘉義縣,水上鄉,國姓村,211,130907,620,495,312,765,530.15,85.45
嘉義縣,水上鄉,三界村,173,113074,654,507,321,742,566.58,86.69
嘉義縣,水上鄉,南鄉村,147,101503,690,518,310,784,728.47,105.50
嘉義縣,水上鄉,忠和村,397,231368,583,455,285,727,504.22,86.52
嘉義縣,水上鄉,義興村,186,111593,600,450,270,753,545.32,90.89
嘉義縣,水上鄉,民生村,705,441707,627,511,317,806,493.07,78.70
嘉義縣,水上鄉,中庄村,374,293684,785,476,328,821,2255.45,287.23
嘉義縣,水上鄉,柳新村,383,223995,585,521,325,734,395.62,67.64
嘉義縣,中埔鄉,中埔村,360,239882,666,538,337,834,524.71,78.74
嘉義縣,中埔鄉,塩館村,170,111803,658,499,282,899,516.32,78.51
嘉義縣,中埔鄉,龍門村,128,81094,634,543,322,810,435.40,68.72
嘉義縣,中埔鄉,裕民村,156,100120,642,522,334,771,493.50,76.89
嘉義縣,中埔鄉,金蘭村,262,181411,692,513,297,773,721.29,104.17
嘉義縣,中埔鄉,富收村,600,398422,664,531,316,814,567.82,85.51
嘉義縣,中埔鄉,和睦村,770,558039,725,546,337,939,656.13,90.53
嘉義縣,中埔鄉,隆興村,348,272958,784,509,288,883,1561.36,199.06
嘉義縣,中埔鄉,義仁村,257,174822,680,540,308,892,553.55,81.38
嘉義縣,中埔鄉,社口村,364,222220,610,500,316,770,495.69,81.20
嘉義縣,中埔鄉,灣潭村,141,88620,629,481,327,789,533.06,84.81
嘉義縣,中埔鄉,石硦村,184,114184,621,554,291,852,430.29,69.34
嘉義縣,中埔鄉,頂埔村,131,96123,734,570,363,920,606.19,82.61
嘉義縣,中埔鄉,同仁村,361,219848,609,513,294,813,466.67,76.63
嘉義縣,中埔鄉,深坑村,125,95115,761,548,356,851,783.26,102.94
嘉義縣,中埔鄉,瑞豐村,102,48874,479,388,251,622,364.57,76.09
嘉義縣,中埔鄉,沄水村,142,87097,613,493,291,758,562.43,91.70
嘉義縣,中埔鄉,三層村,114,68160,598,521,317,744,452.13,75.62
嘉義縣,中埔鄉,東興村,39,23709,608,538,359,742,371.63,61.13
嘉義縣,中埔鄉,中崙村,31,22997,742,479,341,897,670.08,90.33
嘉義縣,中埔鄉,和美村,1927,1392618,723,548,330,941,635.96,88.00
嘉義縣,中埔鄉,和興村,1317,885476,672,541,322,838,828.16,123.17
嘉義縣,竹崎鄉,竹崎村,577,378472,656,510,304,826,567.11,86.46
嘉義縣,竹崎鄉,和平村,417,275859,662,499,323,748,664.54,100.45
嘉義縣,竹崎鄉,坑頭村,118,70704,599,471,304,816,449.02,74.94
嘉義縣,竹崎鄉,沙坑村,140,83804,599,467,268,713,518.11,86.55
嘉義縣,竹崎鄉,獅埜村,225,239062,1062,501,318,777,6423.21,604.54
嘉義縣,竹崎鄉,鹿滿村,292,192004,658,507,315,792,554.23,84.29
嘉義縣,竹崎鄉,紫雲村,248,151579,611,470,289,716,642.05,105.05
嘉義縣,竹崎鄉,灣橋村,1220,833047,683,535,336,837,559.93,82.00
嘉義縣,竹崎鄉,義仁村,178,115411,648,533,353,847,479.09,73.89
嘉義縣,竹崎鄉,義和村,126,93280,740,547,355,803,722.41,97.58
嘉義縣,竹崎鄉,內埔村,305,186846,613,525,305,803,480.08,78.37
嘉義縣,竹崎鄉,昇平村,275,185395,674,523,326,819,697.97,103.53
嘉義縣,竹崎鄉,桃源村,148,155627,1052,533,312,825,4747.86,451.52
嘉義縣,竹崎鄉,白杞村,112,67698,604,467,353,659,469.50,77.67
嘉義縣,竹崎鄉,龍山村,304,206538,679,488,325,777,632.37,93.08
嘉義縣,竹崎鄉,義隆村,94,61305,652,442,329,749,636.27,97.56
嘉義縣,竹崎鄉,文峰村,116,78221,674,498,327,785,782.28,116.01
嘉義縣,竹崎鄉,塘興村,127,84934,669,565,337,848,539.60,80.69
嘉義縣,竹崎鄉,復金村,356,210009,590,486,304,755,503.82,85.41
嘉義縣,竹崎鄉,緞繻村,127,79267,624,514,338,791,484.95,77.70
嘉義縣,竹崎鄉,仁壽村,29,49825,1718,546,277,843,5979.59,348.03
嘉義縣,竹崎鄉,金獅村,57,30792,540,423,293,713,404.73,74.92
嘉義縣,竹崎鄉,中和村,100,61856,619,517,283,767,572.72,92.59
嘉義縣,竹崎鄉,光華村,57,29550,518,466,368,633,297.04,57.30
嘉義縣,梅山鄉,梅東村,444,313823,707,590,353,880,577.93,81.77
嘉義縣,梅山鄉,梅南村,194,137521,709,540,346,943,636.57,89.80
嘉義縣,梅山鄉,梅北村,944,683316,724,570,340,898,575.59,79.52
嘉義縣,梅山鄉,過山村,92,65774,715,564,303,876,608.79,85.15
嘉義縣,梅山鄉,圳南村,34,17267,508,474,360,561,285.88,56.29
嘉義縣,梅山鄉,圳北村,78,44604,572,480,280,693,450.79,78.83
嘉義縣,梅山鄉,大南村,269,182277,678,526,347,830,578.27,85.34
嘉義縣,梅山鄉,安靖村,124,69365,559,470,302,690,447.32,79.97
嘉義縣,梅山鄉,双溪村,97,58404,602,480,317,749,410.71,68.21
嘉義縣,梅山鄉,半天村,66,41467,628,499,292,746,547.36,87.12
嘉義縣,梅山鄉,太平村,83,66745,804,656,357,922,724.34,90.07
嘉義縣,梅山鄉,龍眼村,54,35792,663,559,314,736,503.73,76.00
嘉義縣,梅山鄉,太興村,52,29740,572,465,232,765,503.91,88.11
嘉義縣,梅山鄉,瑞里村,61,37192,610,456,241,797,577.13,94.66
嘉義縣,梅山鄉,瑞峰村,67,35723,533,471,211,732,395.62,74.20
嘉義縣,梅山鄉,太和村,64,41998,656,554,302,876,548.73,83.62
嘉義縣,梅山鄉,永興村,91,60117,661,554,311,746,643.50,97.41
嘉義縣,梅山鄉,碧湖村,29,18982,655,461,279,857,602.83,92.10
嘉義縣,番路鄉,內甕村,68,53308,784,483,226,1115,982.03,125.27
嘉義縣,番路鄉,江西村,264,205512,778,552,339,992,796.01,102.26
嘉義縣,番路鄉,新福村,194,118694,612,507,306,760,477.25,78.00
嘉義縣,番路鄉,下坑村,389,290779,748,575,324,918,749.12,100.22
嘉義縣,番路鄉,番路村,166,105006,633,518,281,788,494.77,78.22
嘉義縣,番路鄉,民和村,139,174503,1255,436,254,806,5698.80,453.94
嘉義縣,番路鄉,觸口村,180,108869,605,542,287,847,450.79,74.53
嘉義縣,番路鄉,大湖村,75,46784,624,492,310,692,598.73,95.98
嘉義縣,番路鄉,公田村,133,189421,1424,487,270,768,9422.14,661.57
嘉義縣,番路鄉,公興村,66,35914,544,479,306,667,425.33,78.16
嘉義縣,番路鄉,草山村,41,22827,557,470,315,638,450.77,80.96
嘉義縣,大埔鄉,大埔村,289,189406,655,541,339,862,459.05,70.04
嘉義縣,大埔鄉,茄苳村,148,92256,623,504,307,801,481.38,77.22
嘉義縣,大埔鄉,永樂村,74,44070,596,490,307,709,474.34,79.65
嘉義縣,大埔鄉,和平村,86,63622,740,495,304,799,1126.17,152.23
嘉義縣,大埔鄉,西興村,113,83875,742,546,351,866,762.03,102.66
嘉義縣,阿里山鄉,中山村,83,66739,804,638,399,946,706.07,87.81
嘉義縣,阿里山鄉,中正村,53,44034,831,541,242,1024,899.24,108.23
嘉義縣,阿里山鄉,香林村,49,36335,742,707,469,918,454.11,61.24
嘉義縣,阿里山鄉,十字村,40,25864,647,491,319,756,613.01,94.81
嘉義縣,阿里山鄉,達邦村,90,67316,748,595,374,884,558.80,74.71
嘉義縣,阿里山鄉,樂野村,94,67755,721,562,367,1025,562.67,78.06
嘉義縣,阿里山鄉,來吉村,56,46474,830,559,405,848,943.57,113.70
嘉義縣,阿里山鄉,里佳村,29,20739,715,709,385,1058,409.60,57.28
嘉義縣,阿里山鄉,山美村,50,28007,560,518,348,734,286.62,51.17
嘉義縣,阿里山鄉,新美村,30,13819,461,414,283,630,248.68,53.99
嘉義縣,阿里山鄉,豐山村,31,20532,662,466,270,803,647.18,97.72
嘉義縣,阿里山鄉,茶山村,16,9001,563,593,270,714,407.24,72.39
屏東縣,屏東市,勝豐里,97,60428,623,447,251,871,584.44,93.82
屏東縣,屏東市,金泉里,159,111816,703,434,243,829,858.02,122.01
屏東縣,屏東市,慶春里,86,110702,1287,528,328,985,5294.81,411.33
屏東縣,屏東市,平和里,219,167454,765,511,262,888,900.33,117.75
屏東縣,屏東市,楠樹里,137,89012,650,574,299,808,511.21,78.68
屏東縣,屏東市,扶風里,173,138635,801,539,319,864,1112.20,138.79
屏東縣,屏東市,橋南里,401,332465,829,592,366,1019,884.70,106.71
屏東縣,屏東市,橋北里,242,181632,751,585,343,990,646.87,86.19
屏東縣,屏東市,長春里,612,534790,874,609,376,1148,773.45,88.51
屏東縣,屏東市,豐田里,1327,1177802,888,652,391,1135,826.61,93.13
屏東縣,屏東市,安樂里,145,129244,891,620,286,1159,1113.89,124.97
屏東縣,屏東市,歸心里,231,152664,661,502,316,829,681.64,103.14
屏東縣,屏東市,湖西里,343,240661,702,569,340,927,531.26,75.72
屏東縣,屏東市,瑞光里,2167,1847869,853,642,360,1128,718.41,84.25
屏東縣,屏東市,湖南里,254,173028,681,522,328,848,613.21,90.02
屏東縣,屏東市,長安里,388,244138,629,514,299,763,512.87,81.51
屏東縣,屏東市,厚生里,682,442713,649,513,329,800,559.04,86.12
屏東縣,屏東市,大湖里,395,266906,676,513,322,831,580.44,85.90
屏東縣,屏東市,頂宅里,87,55715,640,516,306,796,514.45,80.33
屏東縣,屏東市,新生里,1470,1116928,760,592,353,994,671.34,88.36
屏東縣,屏東市,永安里,1889,1431888,758,598,351,961,634.73,83.74
屏東縣,屏東市,萬年里,149,100532,675,498,302,849,747.99,110.86
屏東縣,屏東市,安鎮里,454,309537,682,554,328,842,573.42,84.10
屏東縣,屏東市,永昌里,44,31156,708,506,270,862,831.61,117.44
屏東縣,屏東市,光華里,175,121287,693,555,295,961,672.70,97.06
屏東縣,屏東市,一心里,406,360136,887,665,335,1195,743.82,83.85
屏東縣,屏東市,義勇里,428,500329,1169,869,423,1470,1609.05,137.64
屏東縣,屏東市,公館里,333,261803,786,599,356,1007,723.90,92.08
屏東縣,屏東市,龍華里,500,379525,759,546,334,941,775.14,102.12
屏東縣,屏東市,玉成里,309,210189,680,554,340,870,498.53,73.29
屏東縣,屏東市,新興里,763,615208,806,728,424,1043,541.74,67.19
屏東縣,屏東市,頂柳里,247,157537,638,490,303,800,529.65,83.04
屏東縣,屏東市,擇仁里,195,115332,591,452,283,741,482.98,81.66
屏東縣,屏東市,清溪里,1182,907024,767,615,376,988,627.12,81.72
屏東縣,屏東市,前進里,683,450522,660,529,319,842,575.85,87.30
屏東縣,屏東市,大洲里,273,172201,631,514,290,781,511.64,81.11
屏東縣,屏東市,永光里,246,161988,658,512,314,803,620.55,94.24
屏東縣,屏東市,永順里,68,47929,705,567,344,809,640.40,90.86
屏東縣,屏東市,大埔里,170,127323,749,537,298,894,722.74,96.50
屏東縣,屏東市,大同里,197,148310,753,531,262,1012,866.09,115.04
屏東縣,屏東市,文明里,101,98885,979,670,361,1280,1000.17,102.16
屏東縣,屏東市,光榮里,193,144118,747,547,310,918,712.42,95.41
屏東縣,屏東市,端正里,94,81151,863,575,308,1025,880.46,101.99
屏東縣,屏東市,武廟里,140,131365,938,622,348,1191,974.11,103.81
屏東縣,屏東市,必信里,146,102537,702,578,305,929,541.26,77.07
屏東縣,屏東市,崇禮里,75,59175,789,513,285,937,759.86,96.31
屏東縣,屏東市,崇智里,119,77961,655,507,281,806,682.61,104.19
屏東縣,屏東市,民權里,173,125405,725,571,315,893,623.69,86.04
屏東縣,屏東市,維新里,623,427477,686,568,346,827,596.86,86.99
屏東縣,屏東市,斯文里,561,484739,864,637,345,1078,902.78,104.48
屏東縣,屏東市,泰安里,208,205827,990,651,329,1090,1413.01,142.79
屏東縣,屏東市,仁義里,249,176326,708,585,344,890,579.03,81.77
屏東縣,屏東市,三山里,283,180437,638,508,307,843,501.70,78.69
屏東縣,屏東市,海豐里,191,143136,749,604,373,915,599.94,80.06
屏東縣,屏東市,和興里,186,109039,586,493,300,766,430.61,73.45
屏東縣,屏東市,崇蘭里,3471,3065469,883,694,404,1151,787.78,89.20
屏東縣,屏東市,空翔里,325,289706,891,682,397,1111,771.40,86.54
屏東縣,屏東市,廣興里,439,286992,654,527,320,826,525.48,80.38
屏東縣,屏東市,潭墘里,3157,2347189,743,603,361,986,573.03,77.07
屏東縣,屏東市,明正里,243,266273,1096,645,319,1183,3821.37,348.74
屏東縣,屏東市,溝美里,686,543536,792,590,335,956,932.50,117.69
屏東縣,屏東市,勝利里,1407,1137475,808,616,371,1015,727.65,90.01
屏東縣,屏東市,永城里,522,357434,685,524,294,887,633.72,92.55
屏東縣,屏東市,北勢里,718,591230,823,586,341,991,1006.50,122.23
屏東縣,屏東市,華山里,1445,1148882,795,624,379,1032,644.71,81.09
屏東縣,屏東市,太平里,230,211094,918,687,355,1142,928.02,101.11
屏東縣,屏東市,興樂里,221,190683,863,602,336,1104,952.01,110.34
屏東縣,屏東市,大武里,2284,1755855,769,584,352,983,697.90,90.78
屏東縣,屏東市,建國里,231,182953,792,590,319,1076,755.86,95.44
屏東縣,屏東市,崇武里,767,595371,776,624,350,993,668.36,86.10
屏東縣,屏東市,凌雲里,123,77076,627,555,282,875,443.72,70.81
屏東縣,屏東市,鵬程里,166,151509,913,876,682,1128,416.56,45.64
屏東縣,屏東市,豐榮里,812,685302,844,625,356,1076,805.48,95.44
屏東縣,屏東市,信和里,343,239909,699,562,345,895,603.08,86.22
屏東縣,屏東市,豐源里,1310,1140896,871,654,390,1108,780.18,89.58
屏東縣,屏東市,大連里,3384,3172073,937,666,381,1186,1016.59,108.45
屏東縣,屏東市,仁愛里,685,557985,815,591,350,1080,729.86,89.60
屏東縣,屏東市,中正里,1564,1372874,878,657,376,1129,747.35,85.14
屏東縣,屏東市,北興里,1820,1453895,799,615,358,1025,665.81,83.35
屏東縣,潮州鎮,潮州里,155,113034,729,572,274,899,650.14,89.15
屏東縣,潮州鎮,光華里,1242,980820,790,625,354,1041,630.16,79.80
屏東縣,潮州鎮,三星里,1454,1132813,779,614,346,1041,657.48,84.39
屏東縣,潮州鎮,彭城里,179,128668,719,538,328,798,696.45,96.89
屏東縣,潮州鎮,九塊里,255,150778,591,444,279,677,556.28,94.08
屏東縣,潮州鎮,興美里,175,127442,728,565,361,895,833.69,114.48
屏東縣,潮州鎮,檨子里,58,38653,666,495,294,762,637.34,95.63
屏東縣,潮州鎮,新生里,276,206364,748,585,333,947,637.81,85.30
屏東縣,潮州鎮,新榮里,366,282171,771,551,289,1009,780.81,101.28
屏東縣,潮州鎮,同榮里,161,96557,600,454,253,728,615.29,102.59
屏東縣,潮州鎮,三共里,1900,1554364,818,609,363,1041,736.22,89.99
屏東縣,潮州鎮,五魁里,334,237398,711,552,328,915,667.33,93.89
屏東縣,潮州鎮,蓬萊里,508,385975,760,596,353,1017,607.52,79.96
屏東縣,潮州鎮,八爺里,524,344146,657,520,326,866,521.10,79.34
屏東縣,潮州鎮,光春里,286,199907,699,527,331,805,1187.28,169.86
屏東縣,潮州鎮,泗林里,337,252586,750,590,357,976,630.08,84.07
屏東縣,潮州鎮,四春里,382,238217,624,512,323,780,496.06,79.55
屏東縣,潮州鎮,崙東里,224,135483,605,498,304,753,478.19,79.06
屏東縣,潮州鎮,永春里,1776,1305937,735,592,353,995,563.43,76.62
屏東縣,潮州鎮,三和里,567,457156,806,622,342,1025,807.59,100.16
屏東縣,潮州鎮,富春里,249,164796,662,570,310,792,622.61,94.07
屏東縣,東港鎮,八德里,173,130320,753,528,313,918,880.86,116.93
屏東縣,東港鎮,東隆里,259,156979,606,467,302,734,532.01,87.78
屏東縣,東港鎮,共和里,117,105380,901,628,331,1168,973.77,108.12
屏東縣,東港鎮,豐漁里,113,79509,704,529,357,942,649.32,92.28
屏東縣,東港鎮,盛漁里,250,147106,588,491,310,719,454.19,77.19
屏東縣,東港鎮,興漁里,372,229473,617,490,325,768,483.54,78.39
屏東縣,東港鎮,鎮海里,491,285967,582,483,312,719,489.46,84.04
屏東縣,東港鎮,嘉蓮里,303,202429,668,508,334,834,541.46,81.05
屏東縣,東港鎮,南平里,233,120004,515,431,245,693,387.10,75.16
屏東縣,東港鎮,興東里,2110,1668068,791,584,346,993,828.46,104.79
屏東縣,東港鎮,興農里,305,226868,744,585,337,953,723.30,97.24
屏東縣,東港鎮,興和里,226,151956,672,530,333,893,498.62,74.16
屏東縣,東港鎮,船頭里,1229,920560,749,583,348,982,629.65,84.06
屏東縣,東港鎮,下里,372,226323,608,500,322,740,474.33,77.96
屏東縣,東港鎮,新勝里,592,447888,757,553,358,964,670.59,88.64
屏東縣,東港鎮,頂中里,115,84193,732,529,340,903,711.03,97.12
屏東縣,東港鎮,頂新里,128,96589,755,554,353,876,718.11,95.16
屏東縣,東港鎮,東和里,155,97728,631,520,279,782,548.18,86.94
屏東縣,東港鎮,朝安里,364,247610,680,525,269,912,572.40,84.15
屏東縣,東港鎮,興臺里,144,108911,756,537,332,875,806.95,106.69
屏東縣,東港鎮,中興里,175,105905,605,486,312,838,477.01,78.82
屏東縣,東港鎮,大潭里,335,212567,635,496,309,788,544.37,85.79
屏東縣,東港鎮,大鵬里,26,23162,891,706,372,1260,688.63,77.30
屏東縣,恆春鎮,城北里,538,368022,684,525,312,896,595.86,87.11
屏東縣,恆春鎮,城西里,244,175565,720,595,340,975,509.84,70.86
屏東縣,恆春鎮,城南里,242,158905,657,503,326,797,645.08,98.24
屏東縣,恆春鎮,山腳里,912,632234,693,525,309,897,593.43,85.60
屏東縣,恆春鎮,網紗里,653,1677383,2569,508,294,847,47471.62,1848.06
屏東縣,恆春鎮,仁壽里,141,90752,644,493,276,827,550.27,85.49
屏東縣,恆春鎮,茄湖里,67,37882,565,439,293,728,410.37,72.58
屏東縣,恆春鎮,頭溝里,65,41377,637,612,317,813,425.87,66.90
屏東縣,恆春鎮,四溝里,136,88643,652,523,368,857,445.57,68.36
屏東縣,恆春鎮,德和里,162,128898,796,522,287,970,1129.11,141.91
屏東縣,恆春鎮,龍水里,202,229540,1136,441,323,752,7392.43,650.55
屏東縣,恆春鎮,山海里,233,415598,1784,437,292,685,17168.29,962.52
屏東縣,恆春鎮,大光里,339,202504,597,503,313,747,424.06,70.99
屏東縣,恆春鎮,水泉里,204,122196,599,452,288,711,627.94,104.83
屏東縣,恆春鎮,南灣里,384,390428,1017,629,358,1423,1036.60,101.95
屏東縣,恆春鎮,墾丁里,225,155617,692,548,319,871,625.59,90.45
屏東縣,恆春鎮,鵝鑾里,153,84844,555,409,300,633,496.32,89.50
屏東縣,萬丹鄉,萬安村,163,121928,748,500,293,997,693.36,92.69
屏東縣,萬丹鄉,萬全村,887,709089,799,578,347,992,1127.56,141.05
屏東縣,萬丹鄉,萬惠村,201,160196,797,602,358,1093,621.63,78.00
屏東縣,萬丹鄉,萬後村,164,118985,726,591,368,927,561.41,77.38
屏東縣,萬丹鄉,萬生村,354,244006,689,539,334,862,604.43,87.69
屏東縣,萬丹鄉,寶厝村,502,371642,740,583,343,967,576.13,77.82
屏東縣,萬丹鄉,四維村,413,283159,686,529,326,909,517.59,75.49
屏東縣,萬丹鄉,竹林村,286,208581,729,514,310,844,723.82,99.25
屏東縣,萬丹鄉,廣安村,609,417428,685,529,319,871,579.51,84.55
屏東縣,萬丹鄉,田厝村,239,173321,725,594,328,901,610.04,84.12
屏東縣,萬丹鄉,崙頂村,435,294924,678,523,349,870,539.79,79.62
屏東縣,萬丹鄉,社上村,328,215248,656,538,324,795,552.01,84.12
屏東縣,萬丹鄉,社中村,322,223109,693,546,310,869,557.31,80.43
屏東縣,萬丹鄉,社皮村,431,307369,713,532,343,894,635.43,89.10
屏東縣,萬丹鄉,磚寮村,213,147573,693,588,345,864,523.08,75.50
屏東縣,萬丹鄉,社口村,293,213823,730,546,331,887,854.24,117.06
屏東縣,萬丹鄉,加興村,259,188004,726,501,311,878,737.98,101.67
屏東縣,萬丹鄉,上村村,159,146635,922,550,315,874,2146.15,232.71
屏東縣,萬丹鄉,厦南村,287,191523,667,563,338,836,515.07,77.18
屏東縣,萬丹鄉,厦北村,323,209892,650,526,310,747,606.44,93.32
屏東縣,萬丹鄉,新庄村,487,358824,737,579,344,960,591.59,80.29
屏東縣,萬丹鄉,新鐘村,465,327364,704,558,334,922,548.87,77.96
屏東縣,萬丹鄉,水泉村,417,336359,807,658,340,1002,673.57,83.51
屏東縣,萬丹鄉,香社村,336,239951,714,570,352,880,636.82,89.17
屏東縣,萬丹鄉,灣內村,267,178841,670,543,344,824,542.15,80.94
屏東縣,萬丹鄉,後村村,226,147777,654,557,319,849,468.67,71.67
屏東縣,萬丹鄉,水仙村,108,77341,716,605,378,920,494.37,69.03
屏東縣,萬丹鄉,興安村,168,117282,698,628,329,904,503.45,72.12
屏東縣,萬丹鄉,興全村,211,148535,704,497,298,831,795.49,113.00
屏東縣,萬丹鄉,甘棠村,58,34733,599,471,304,773,466.72,77.94
屏東縣,長治鄉,進興村,659,491620,746,582,368,994,567.01,76.01
屏東縣,長治鄉,新潭村,958,743001,776,615,368,1020,615.06,79.30
屏東縣,長治鄉,長興村,282,226864,804,588,368,1022,679.18,84.42
屏東縣,長治鄉,潭頭村,526,440264,837,672,382,1092,650.53,77.72
屏東縣,長治鄉,香楊村,705,623702,885,642,355,1158,765.75,86.56
屏東縣,長治鄉,德協村,244,181379,743,564,346,894,668.65,89.95
屏東縣,長治鄉,德成村,224,167834,749,616,348,988,531.62,70.95
屏東縣,長治鄉,復興村,293,199084,679,524,291,811,657.78,96.81
屏東縣,長治鄉,崙上村,399,286060,717,581,343,919,580.83,81.01
屏東縣,長治鄉,德榮村,284,195780,689,561,356,887,521.53,75.65
屏東縣,長治鄉,德和村,141,80578,571,498,330,673,424.16,74.22
屏東縣,長治鄉,繁隆村,243,158238,651,551,306,879,460.60,70.73
屏東縣,長治鄉,繁華村,439,283940,647,530,338,802,513.02,79.32
屏東縣,長治鄉,繁昌村,322,212265,659,528,300,849,516.52,78.35
屏東縣,長治鄉,繁榮村,233,159887,686,578,347,863,527.22,76.83
屏東縣,長治鄉,榮華村,106,69074,652,475,294,763,824.26,126.49
屏東縣,麟洛鄉,新田村,561,421534,751,618,369,969,554.68,73.82
屏東縣,麟洛鄉,麟頂村,268,208507,778,556,351,964,744.87,95.74
屏東縣,麟洛鄉,麟蹄村,413,297425,720,557,321,909,817.77,113.55
屏東縣,麟洛鄉,麟趾村,680,504600,742,598,347,936,697.37,93.98
屏東縣,麟洛鄉,田心村,233,179563,771,603,343,1025,651.06,84.48
屏東縣,麟洛鄉,田中村,318,250690,788,584,355,1015,663.29,84.14
屏東縣,麟洛鄉,田道村,166,114678,691,575,359,878,554.79,80.31
屏東縣,九如鄉,九清村,319,217725,683,532,315,934,541.59,79.35
屏東縣,九如鄉,九塊村,266,192642,724,548,350,912,641.97,88.64
屏東縣,九如鄉,九明村,304,190756,627,532,327,778,485.16,77.32
屏東縣,九如鄉,玉水村,254,177862,700,519,315,830,1428.68,204.03
屏東縣,九如鄉,玉泉村,346,240994,697,507,320,896,645.13,92.62
屏東縣,九如鄉,東寧村,969,667001,688,549,332,888,529.60,76.94
屏東縣,九如鄉,大坵村,185,132758,718,522,324,865,718.01,100.06
屏東縣,九如鄉,三塊村,267,151032,566,485,293,755,407.41,72.02
屏東縣,九如鄉,後庄村,339,210796,622,547,312,802,452.09,72.71
屏東縣,九如鄉,耆老村,249,171950,691,582,342,927,501.47,72.62
屏東縣,九如鄉,洽興村,243,151314,623,482,314,822,462.87,74.33
屏東縣,里港鄉,玉田村,708,494714,699,559,332,946,544.31,77.90
屏東縣,里港鄉,大平村,274,184250,672,552,315,849,542.97,80.75
屏東縣,里港鄉,永春村,190,135383,713,579,311,871,665.36,93.38
屏東縣,里港鄉,春林村,293,207409,708,559,338,957,568.34,80.29
屏東縣,里港鄉,過江村,444,312973,705,556,350,900,610.19,86.56
屏東縣,里港鄉,鐵店村,299,213739,715,557,335,947,568.05,79.46
屏東縣,里港鄉,塔樓村,322,251254,780,563,339,919,1315.93,168.65
屏東縣,里港鄉,潮厝村,299,207219,693,529,318,900,546.31,78.83
屏東縣,里港鄉,茄苳村,310,216915,700,609,339,935,508.66,72.69
屏東縣,里港鄉,載興村,459,300609,655,519,326,824,526.51,80.39
屏東縣,里港鄉,土庫村,390,256333,657,544,306,899,512.56,77.98
屏東縣,里港鄉,三村,355,246479,694,517,301,876,637.45,91.81
屏東縣,里港鄉,中和村,191,145715,763,519,306,838,1088.00,142.61
屏東縣,里港鄉,瀰力村,91,58512,643,473,300,783,654.43,101.78
屏東縣,鹽埔鄉,鹽北村,382,252996,662,528,358,824,501.70,75.75
屏東縣,鹽埔鄉,鹽中村,412,275448,669,572,340,863,504.36,75.44
屏東縣,鹽埔鄉,鹽南村,326,238066,730,607,395,938,548.19,75.07
屏東縣,鹽埔鄉,仕絨村,192,121409,632,443,262,785,586.49,92.75
屏東縣,鹽埔鄉,高朗村,488,325814,668,551,331,851,506.37,75.84
屏東縣,鹽埔鄉,振興村,269,177657,660,558,346,806,519.36,78.64
屏東縣,鹽埔鄉,久愛村,159,99788,628,505,299,785,495.56,78.96
屏東縣,鹽埔鄉,新圍村,571,354552,621,504,307,787,493.35,79.45
屏東縣,鹽埔鄉,新二村,696,472240,679,552,345,839,519.23,76.53
屏東縣,鹽埔鄉,彭厝村,177,119747,677,544,315,873,539.46,79.74
屏東縣,鹽埔鄉,洛陽村,347,213675,616,486,309,781,508.96,82.65
屏東縣,鹽埔鄉,永隆村,88,54709,622,521,362,787,375.26,60.36
屏東縣,高樹鄉,高樹村,397,294195,741,492,298,792,1198.22,161.69
屏東縣,高樹鄉,長榮村,209,154850,741,500,270,807,1070.28,144.45
屏東縣,高樹鄉,東振村,77,45969,597,501,336,818,420.06,70.36
屏東縣,高樹鄉,東興村,126,92771,736,589,350,844,609.02,82.72
屏東縣,高樹鄉,大埔村,86,62683,729,483,285,775,958.62,131.52
屏東縣,高樹鄉,源泉村,130,79158,609,479,330,736,535.64,87.97
屏東縣,高樹鄉,建興村,149,93947,631,553,357,745,492.42,78.10
屏東縣,高樹鄉,舊寮村,161,108470,674,505,301,881,595.91,88.45
屏東縣,高樹鄉,司馬村,97,63942,659,554,383,769,456.34,69.23
屏東縣,高樹鄉,菜寮村,100,69080,691,513,328,859,600.78,86.97
屏東縣,高樹鄉,新豐村,211,135335,641,516,309,770,543.42,84.72
屏東縣,高樹鄉,田子村,147,92931,632,519,374,748,427.17,67.57
屏東縣,高樹鄉,舊庄村,132,78521,595,476,290,807,447.46,75.22
屏東縣,高樹鄉,鹽樹村,193,119291,618,452,269,755,622.68,100.74
屏東縣,高樹鄉,新南村,229,149949,655,518,333,796,700.95,107.05
屏東縣,高樹鄉,泰山村,231,155610,674,525,292,868,677.37,100.56
屏東縣,高樹鄉,南華村,171,95271,557,425,297,696,479.70,86.10
屏東縣,高樹鄉,廣興村,148,94703,640,506,318,706,632.52,98.85
屏東縣,高樹鄉,廣福村,146,96502,661,472,322,842,576.48,87.22
屏東縣,萬巒鄉,萬巒村,302,248228,822,627,365,1000,749.44,91.18
屏東縣,萬巒鄉,萬全村,180,156072,867,543,354,775,1946.78,224.52
屏東縣,萬巒鄉,萬和村,398,296622,745,628,361,956,541.08,72.60
屏東縣,萬巒鄉,鹿寮村,195,179418,920,740,424,1076,1036.04,112.60
屏東縣,萬巒鄉,硫黃村,110,74198,675,534,378,772,465.32,68.98
屏東縣,萬巒鄉,泗溝村,252,184942,734,568,368,972,606.72,82.67
屏東縣,萬巒鄉,佳佐村,279,168554,604,482,289,728,494.58,81.87
屏東縣,萬巒鄉,佳和村,286,208384,729,496,336,911,634.15,87.03
屏東縣,萬巒鄉,新厝村,190,128581,677,514,303,754,722.92,106.82
屏東縣,萬巒鄉,新置村,176,106866,607,508,332,775,442.80,72.93
屏東縣,萬巒鄉,赤山村,252,143248,568,487,303,672,503.16,88.51
屏東縣,萬巒鄉,萬金村,286,158976,556,454,303,709,413.12,74.32
屏東縣,萬巒鄉,五溝村,244,180399,739,576,333,949,607.35,82.15
屏東縣,萬巒鄉,成德村,262,183414,700,567,329,879,532.09,76.01
屏東縣,內埔鄉,內埔村,1086,836319,770,634,350,998,603.48,78.36
屏東縣,內埔鄉,興南村,289,183959,637,518,315,868,471.03,74.00
屏東縣,內埔鄉,義亭村,115,79438,691,561,346,899,504.37,73.02
屏東縣,內埔鄉,美和村,554,405580,732,576,350,932,673.51,92.00
屏東縣,內埔鄉,和興村,731,594822,814,662,405,1044,606.99,74.60
屏東縣,內埔鄉,豐田村,691,505031,731,583,364,950,573.05,78.41
屏東縣,內埔鄉,竹圍村,433,291660,674,521,331,859,532.18,79.01
屏東縣,內埔鄉,富田村,447,311441,697,557,348,901,549.29,78.84
屏東縣,內埔鄉,東勢村,603,401280,665,546,374,830,460.72,69.23
屏東縣,內埔鄉,東片村,238,165388,695,551,359,851,526.19,75.72
屏東縣,內埔鄉,東寧村,1162,848165,730,579,360,948,551.20,75.51
屏東縣,內埔鄉,上樹村,229,150713,658,540,366,817,508.37,77.24
屏東縣,內埔鄉,老埤村,339,217233,641,525,335,820,440.73,68.78
屏東縣,內埔鄉,中林村,255,137392,539,453,285,721,370.24,68.72
屏東縣,內埔鄉,龍泉村,414,245729,594,482,288,740,531.83,89.60
屏東縣,內埔鄉,建興村,131,87604,669,517,341,916,541.83,81.02
屏東縣,內埔鄉,大新村,323,213170,660,532,328,837,534.68,81.02
屏東縣,內埔鄉,黎明村,387,254596,658,545,357,811,471.03,71.60
屏東縣,內埔鄉,隘寮村,168,104042,619,527,345,779,449.54,72.59
屏東縣,內埔鄉,龍潭村,395,257804,653,549,329,778,514.60,78.85
屏東縣,內埔鄉,內田村,832,616007,740,590,362,958,576.04,77.80
屏東縣,內埔鄉,水門村,137,80985,591,453,262,825,450.20,76.16
屏東縣,內埔鄉,振豐村,412,307988,748,597,321,971,585.04,78.26
屏東縣,竹田鄉,竹田村,385,282529,734,591,355,922,586.07,79.86
屏東縣,竹田鄉,竹南村,170,136951,806,575,357,850,1725.11,214.14
屏東縣,竹田鄉,糶糴村,169,137404,813,648,426,953,809.93,99.62
屏東縣,竹田鄉,二崙村,205,157177,767,650,332,1047,589.48,76.88
屏東縣,竹田鄉,美崙村,171,115244,674,548,356,839,490.02,72.71
屏東縣,竹田鄉,頭崙村,277,193700,699,561,339,887,560.93,80.22
屏東縣,竹田鄉,履豐村,148,107921,729,587,340,1038,520.15,71.33
屏東縣,竹田鄉,泗洲村,216,129781,601,507,272,801,441.71,73.52
屏東縣,竹田鄉,大湖村,228,162618,713,556,353,910,593.21,83.17
屏東縣,竹田鄉,鳳明村,222,134774,607,460,313,769,562.25,92.61
屏東縣,竹田鄉,南勢村,101,71435,707,624,386,911,435.86,61.62
屏東縣,竹田鄉,六巷村,158,120426,762,632,392,919,597.54,78.40
屏東縣,竹田鄉,西勢村,617,426642,691,546,326,869,586.01,84.75
屏東縣,竹田鄉,福田村,111,70843,638,582,353,817,444.37,69.63
屏東縣,竹田鄉,永豐村,185,148250,801,669,440,1079,495.37,61.82
屏東縣,新埤鄉,新埤村,414,282348,682,567,341,846,556.60,81.61
屏東縣,新埤鄉,建功村,216,162976,755,622,368,941,642.14,85.11
屏東縣,新埤鄉,打鐵村,222,172639,778,587,338,1029,635.91,81.77
屏東縣,新埤鄉,南豐村,133,71824,540,476,344,689,339.52,62.87
屏東縣,新埤鄉,餉潭村,178,86034,483,428,297,612,367.84,76.10
屏東縣,新埤鄉,箕湖村,109,57031,523,468,296,667,339.70,64.93
屏東縣,新埤鄉,萬隆村,233,144823,622,525,312,794,534.18,85.94
屏東縣,枋寮鄉,枋寮村,272,180942,665,539,338,847,484.36,72.81
屏東縣,枋寮鄉,保生村,146,89623,614,509,345,794,411.63,67.06
屏東縣,枋寮鄉,中寮村,84,50778,604,524,334,771,330.14,54.61
屏東縣,枋寮鄉,安樂村,301,199208,662,537,322,848,527.33,79.68
屏東縣,枋寮鄉,天時村,407,287333,706,559,368,880,536.28,75.96
屏東縣,枋寮鄉,地利村,298,222626,747,600,356,953,614.81,82.30
屏東縣,枋寮鄉,人和村,429,303823,708,580,361,853,587.24,82.92
屏東縣,枋寮鄉,內寮村,80,47860,598,421,304,817,639.40,106.88
屏東縣,枋寮鄉,新開村,107,58968,551,397,274,677,465.85,84.53
屏東縣,枋寮鄉,東海村,619,425159,687,564,367,883,494.93,72.06
屏東縣,枋寮鄉,大庄村,99,56419,570,517,327,727,337.62,59.24
屏東縣,枋寮鄉,太源村,140,80384,574,484,327,664,440.78,76.77
屏東縣,枋寮鄉,玉泉村,54,28151,521,408,232,713,401.88,77.09
屏東縣,枋寮鄉,新龍村,122,94671,776,604,361,957,829.23,106.86
屏東縣,枋寮鄉,隆山村,750,535340,714,553,346,915,638.50,89.45
屏東縣,新園鄉,內庄村,199,142535,716,578,361,882,530.32,74.04
屏東縣,新園鄉,瓦磘村,323,238561,739,568,335,1012,585.38,79.26
屏東縣,新園鄉,田洋村,444,301618,679,541,331,836,591.35,87.05
屏東縣,新園鄉,仙吉村,660,482467,731,551,348,904,695.07,95.08
屏東縣,新園鄉,港墘村,143,96874,677,480,343,799,571.54,84.37
屏東縣,新園鄉,新東村,505,350997,695,538,325,870,589.58,84.83
屏東縣,新園鄉,新園村,491,361285,736,566,356,949,703.08,95.55
屏東縣,新園鄉,烏龍村,270,200977,744,606,384,974,525.40,70.58
屏東縣,新園鄉,興龍村,534,414246,776,620,367,993,649.48,83.72
屏東縣,新園鄉,南龍村,327,229941,703,548,353,873,565.95,80.48
屏東縣,新園鄉,中洲村,341,238413,699,568,378,869,544.60,77.89
屏東縣,新園鄉,鹽埔村,807,501198,621,496,308,781,496.66,79.97
屏東縣,新園鄉,共和村,372,215863,580,474,295,731,477.26,82.25
屏東縣,新園鄉,五房村,539,354916,658,521,347,831,501.74,76.20
屏東縣,新園鄉,港西村,424,306275,722,622,382,901,504.33,69.82
屏東縣,崁頂鄉,崁頂村,480,348656,726,579,358,965,563.99,77.65
屏東縣,崁頂鄉,園寮村,451,311843,691,537,355,866,550.63,79.63
屏東縣,崁頂鄉,力社村,272,191742,705,591,363,865,580.12,82.29
屏東縣,崁頂鄉,圍內村,282,194030,688,567,346,903,532.24,77.35
屏東縣,崁頂鄉,洲子村,193,125119,648,496,317,877,488.64,75.37
屏東縣,崁頂鄉,北勢村,317,212033,669,556,313,893,497.86,74.43
屏東縣,崁頂鄉,越溪村,208,140834,677,549,354,867,549.70,81.19
屏東縣,崁頂鄉,港東村,385,268253,697,582,317,863,539.95,77.49
屏東縣,林邊鄉,林邊村,321,241028,751,632,381,974,531.97,70.85
屏東縣,林邊鄉,光林村,276,204096,739,562,344,986,648.58,87.71
屏東縣,林邊鄉,仁和村,376,261566,696,578,352,852,555.57,79.86
屏東縣,林邊鄉,中林村,187,146154,782,578,381,901,1041.57,133.27
屏東縣,林邊鄉,永樂村,711,529155,744,585,368,1029,557.42,74.90
屏東縣,林邊鄉,田厝村,164,115407,704,584,374,909,480.63,68.30
屏東縣,林邊鄉,崎峰村,232,123039,530,455,302,688,362.14,68.28
屏東縣,林邊鄉,水利村,299,173709,581,494,305,729,414.58,71.36
屏東縣,林邊鄉,竹林村,394,269683,684,544,345,866,576.41,84.21
屏東縣,林邊鄉,鎮安村,204,156988,770,587,357,915,837.92,108.88
屏東縣,南州鄉,溪州村,385,259774,675,561,347,871,508.67,75.39
屏東縣,南州鄉,溪南村,255,174408,684,507,343,874,539.41,78.87
屏東縣,南州鄉,仁里村,128,104050,813,664,363,1095,677.03,83.29
屏東縣,南州鄉,溪北村,183,151140,826,697,474,1056,513.70,62.20
屏東縣,南州鄉,七塊村,187,152400,815,572,344,1058,1087.29,133.41
屏東縣,南州鄉,萬華村,206,131123,637,472,333,825,512.63,80.54
屏東縣,南州鄉,米崙村,232,162727,701,563,338,831,565.27,80.59
屏東縣,南州鄉,壽元村,161,101020,627,526,319,810,447.27,71.28
屏東縣,南州鄉,同安村,213,147244,691,518,360,882,514.68,74.45
屏東縣,南州鄉,南安村,79,57192,724,583,355,1052,508.10,70.18
屏東縣,佳冬鄉,佳冬村,312,235527,755,607,390,994,552.56,73.20
屏東縣,佳冬鄉,六根村,288,185245,643,548,348,838,468.51,72.84
屏東縣,佳冬鄉,賴家村,161,106211,660,554,355,802,589.56,89.37
屏東縣,佳冬鄉,萬建村,356,243923,685,560,330,904,520.09,75.91
屏東縣,佳冬鄉,石光村,372,261243,702,530,358,850,634.25,90.31
屏東縣,佳冬鄉,玉光村,386,235160,609,494,334,789,444.73,73.00
屏東縣,佳冬鄉,昌隆村,201,139594,694,568,357,875,493.83,71.11
屏東縣,佳冬鄉,豐隆村,110,79070,719,611,371,923,498.38,69.33
屏東縣,佳冬鄉,大同村,216,157098,727,541,362,920,580.37,79.80
屏東縣,佳冬鄉,羗園村,185,150090,811,522,310,815,2790.65,343.97
屏東縣,佳冬鄉,燄溫村,139,79913,575,508,309,719,411.93,71.65
屏東縣,佳冬鄉,塭豐村,296,159164,538,457,314,670,395.44,73.54
屏東縣,琉球鄉,本福村,381,283724,745,580,361,941,614.01,82.45
屏東縣,琉球鄉,中福村,204,160908,789,577,338,963,1092.02,138.45
屏東縣,琉球鄉,漁福村,156,104609,671,569,296,866,489.09,72.94
屏東縣,琉球鄉,大福村,277,182314,658,520,317,792,525.40,79.83
屏東縣,琉球鄉,南福村,174,109173,627,478,311,794,626.04,99.78
屏東縣,琉球鄉,天福村,157,93177,593,498,316,834,434.88,73.28
屏東縣,琉球鄉,上福村,227,143320,631,503,342,772,561.23,88.89
屏東縣,琉球鄉,杉福村,124,79476,641,516,316,831,507.28,79.15
屏東縣,車城鄉,福興村,281,182480,649,551,354,829,459.37,70.74
屏東縣,車城鄉,福安村,98,63316,646,545,255,856,517.69,80.13
屏東縣,車城鄉,統埔村,82,51232,625,495,308,826,493.11,78.92
屏東縣,車城鄉,田中村,120,66504,554,484,340,662,347.10,62.63
屏東縣,車城鄉,海口村,120,89751,748,593,372,983,839.09,112.19
屏東縣,車城鄉,溫泉村,137,88650,647,476,300,797,832.73,128.69
屏東縣,車城鄉,保力村,183,112065,612,489,327,877,412.65,67.39
屏東縣,車城鄉,新街村,47,26240,558,507,341,707,353.40,63.30
屏東縣,車城鄉,埔墘村,93,53506,575,510,343,710,350.51,60.92
屏東縣,車城鄉,射寮村,77,38327,498,406,240,659,350.42,70.40
屏東縣,車城鄉,後灣村,92,56042,609,427,283,852,449.59,73.81
屏東縣,滿州鄉,滿州村,248,192995,778,520,337,843,1147.57,147.46
屏東縣,滿州鄉,里德村,48,33030,688,571,385,925,486.96,70.77
屏東縣,滿州鄉,永靖村,211,134609,638,546,356,784,477.76,74.89
屏東縣,滿州鄉,港口村,191,112037,587,480,288,800,433.52,73.91
屏東縣,滿州鄉,响林村,103,80523,782,512,319,823,1431.29,183.08
屏東縣,滿州鄉,長樂村,160,96163,601,463,307,774,554.84,92.32
屏東縣,滿州鄉,九棚村,45,30549,679,575,410,851,403.19,59.39
屏東縣,滿州鄉,港仔村,56,35335,631,542,336,851,401.09,63.57
屏東縣,枋山鄉,枋山村,160,113807,711,553,327,903,717.77,100.91
屏東縣,枋山鄉,加祿村,244,160317,657,539,341,819,560.24,85.27
屏東縣,枋山鄉,楓港村,125,80981,648,523,319,783,597.36,92.21
屏東縣,枋山鄉,善餘村,113,68913,610,475,307,793,468.01,76.74
屏東縣,三地門鄉,三地村,293,207904,710,587,400,853,547.58,77.17
屏東縣,三地門鄉,賽嘉村,107,64611,604,516,318,711,404.77,67.03
屏東縣,三地門鄉,口社村,108,78880,730,619,343,1007,503.52,68.94
屏東縣,三地門鄉,安坡村,60,33199,553,516,358,662,348.83,63.04
屏東縣,三地門鄉,青山村,116,83413,719,630,412,871,504.44,70.15
屏東縣,三地門鄉,達來村,35,20354,582,608,426,747,210.36,36.17
屏東縣,三地門鄉,青葉村,91,55067,605,560,412,775,300.74,49.70
屏東縣,三地門鄉,德文村,74,39352,532,495,350,671,266.11,50.04
屏東縣,三地門鄉,大社村,103,58353,567,509,309,725,419.92,74.12
屏東縣,三地門鄉,馬兒村,30,21349,712,619,437,860,382.30,53.72
屏東縣,霧臺鄉,霧臺村,297,213372,718,602,360,919,489.76,68.17
屏東縣,霧臺鄉,好茶村,67,39415,588,576,360,766,315.04,53.55
屏東縣,霧臺鄉,阿禮村,63,42835,680,580,377,903,428.04,62.95
屏東縣,霧臺鄉,大武村,53,32319,610,547,386,793,335.31,54.99
屏東縣,霧臺鄉,吉露村,37,21885,591,546,353,760,327.34,55.34
屏東縣,霧臺鄉,佳暮村,70,39615,566,416,288,737,448.45,79.24
屏東縣,瑪家鄉,瑪家村,84,56998,679,575,312,881,517.43,76.26
屏東縣,瑪家鄉,北葉村,183,123699,676,616,405,868,399.01,59.03
屏東縣,瑪家鄉,凉山村,173,105902,612,547,309,797,414.47,67.71
屏東縣,瑪家鄉,排灣村,81,55019,679,619,329,955,413.25,60.84
屏東縣,瑪家鄉,三和村,449,299368,667,599,381,862,432.07,64.80
屏東縣,瑪家鄉,佳義村,148,99406,672,592,399,848,467.82,69.65
屏東縣,泰武鄉,佳平村,166,111567,672,542,346,893,470.38,69.99
屏東縣,泰武鄉,武潭村,173,118368,684,584,371,890,460.47,67.30
屏東縣,泰武鄉,佳興村,53,37052,699,561,346,840,518.29,74.14
屏東縣,泰武鄉,泰武村,97,55798,575,506,318,755,344.39,59.87
屏東縣,泰武鄉,平和村,119,64631,543,498,302,667,351.61,64.74
屏東縣,泰武鄉,萬安村,151,102799,681,617,341,907,441.27,64.82
屏東縣,來義鄉,丹林村,173,110346,638,541,307,813,453.68,71.13
屏東縣,來義鄉,來義村,196,103898,530,470,246,710,380.98,71.87
屏東縣,來義鄉,古樓村,223,129290,580,498,257,760,428.85,73.97
屏東縣,來義鄉,望嘉村,188,122220,650,562,354,818,482.41,74.20
屏東縣,來義鄉,文樂村,167,111890,670,555,309,811,763.06,113.89
屏東縣,來義鄉,義林村,119,72246,607,535,342,731,433.38,71.38
屏東縣,來義鄉,南和村,214,130720,611,536,305,806,533.08,87.27
屏東縣,春日鄉,春日村,125,82287,658,557,353,855,464.79,70.61
屏東縣,春日鄉,古華村,99,52939,535,509,322,650,305.97,57.22
屏東縣,春日鄉,士文村,27,17834,661,543,305,812,436.12,66.03
屏東縣,春日鄉,力里村,80,42148,527,466,275,692,348.47,66.14
屏東縣,春日鄉,七佳村,176,104757,595,511,292,739,463.55,77.88
屏東縣,春日鄉,歸崇村,102,60881,597,518,284,764,425.17,71.23
屏東縣,獅子鄉,楓林村,141,98574,699,614,394,845,401.21,57.39
屏東縣,獅子鄉,丹路村,127,87890,692,581,352,893,539.22,77.92
屏東縣,獅子鄉,草埔村,151,97951,649,512,301,783,553.74,85.36
屏東縣,獅子鄉,內文村,37,19677,532,495,298,682,315.99,59.42
屏東縣,獅子鄉,竹坑村,46,31366,682,645,358,907,404.92,59.38
屏東縣,獅子鄉,獅子村,49,34375,702,628,502,900,366.57,52.25
屏東縣,獅子鄉,內獅村,86,53999,628,487,338,782,453.75,72.26
屏東縣,獅子鄉,南世村,67,44068,658,562,344,852,491.06,74.66
屏東縣,牡丹鄉,石門村,297,217330,732,575,380,889,606.51,82.88
屏東縣,牡丹鄉,牡丹村,128,89455,699,634,436,856,380.12,54.39
屏東縣,牡丹鄉,東源村,66,40353,611,555,410,797,317.24,51.89
屏東縣,牡丹鄉,旭海村,61,43062,706,545,363,1025,487.11,69.00
屏東縣,牡丹鄉,高士村,114,75785,665,541,355,899,419.94,63.17
屏東縣,牡丹鄉,四林村,72,43003,597,465,277,696,524.08,87.75
花蓮縣,花蓮市,民意里,480,338239,705,518,312,889,643.44,91.31
花蓮縣,花蓮市,民政里,1266,1129080,892,664,391,1115,786.47,88.18
花蓮縣,花蓮市,民運里,613,467125,762,532,318,921,876.51,115.02
花蓮縣,花蓮市,民樂里,189,176109,932,643,410,1147,883.51,94.82
花蓮縣,花蓮市,民立里,551,581624,1056,720,363,1294,1394.61,132.12
花蓮縣,花蓮市,民勤里,1066,1165414,1093,802,460,1433,1053.20,96.34
花蓮縣,花蓮市,民德里,556,549184,988,731,397,1217,952.63,96.45
花蓮縣,花蓮市,民權里,107,102522,958,681,350,1339,860.56,89.81
花蓮縣,花蓮市,民有里,185,156597,846,612,378,1176,755.45,89.25
花蓮縣,花蓮市,民主里,158,121147,767,552,299,1045,764.85,99.75
花蓮縣,花蓮市,民治里,12,9248,771,783,530,1049,355.83,46.17
花蓮縣,花蓮市,民族里,136,119538,879,629,359,1098,847.87,96.46
花蓮縣,花蓮市,民生里,377,312200,828,601,313,1081,802.86,96.95
花蓮縣,花蓮市,主商里,216,184088,852,664,334,1081,743.36,87.22
花蓮縣,花蓮市,主勤里,278,240810,866,636,297,1158,840.83,97.07
花蓮縣,花蓮市,主工里,195,152559,782,583,359,955,737.45,94.26
花蓮縣,花蓮市,主睦里,155,114134,736,544,320,914,650.47,88.34
花蓮縣,花蓮市,主義里,132,98922,749,506,327,907,743.90,99.26
花蓮縣,花蓮市,主計里,205,168551,822,578,358,1058,769.37,93.57
花蓮縣,花蓮市,主信里,187,133804,716,514,293,890,683.84,95.57
花蓮縣,花蓮市,主和里,791,531798,672,521,313,859,582.13,86.59
花蓮縣,花蓮市,主學里,600,418583,698,530,311,919,618.35,88.63
花蓮縣,花蓮市,主農里,1139,860061,755,567,327,994,674.50,89.33
花蓮縣,花蓮市,主力里,885,664030,750,575,323,955,706.31,94.13
花蓮縣,花蓮市,主權里,1684,1256235,746,560,341,964,690.58,92.57
花蓮縣,花蓮市,國治里,325,296223,911,596,306,1176,1348.85,147.99
花蓮縣,花蓮市,國風里,1084,898172,829,617,381,1064,758.36,91.53
花蓮縣,花蓮市,國威里,514,441065,858,578,323,1136,909.31,105.97
花蓮縣,花蓮市,國安里,193,147312,763,605,334,1009,646.88,84.75
花蓮縣,花蓮市,國華里,764,650105,851,623,347,1124,769.51,90.43
花蓮縣,花蓮市,國魂里,683,563940,826,569,319,1073,962.20,116.53
花蓮縣,花蓮市,國聯里,921,678906,737,539,306,950,707.91,96.04
花蓮縣,花蓮市,國富里,1695,1355421,800,589,360,1014,770.18,96.31
花蓮縣,花蓮市,國慶里,290,321997,1110,696,401,1288,1185.67,106.79
花蓮縣,花蓮市,國福里,353,202295,573,482,307,730,414.40,72.31
花蓮縣,花蓮市,國強里,530,442410,835,643,358,1069,724.19,86.76
花蓮縣,花蓮市,國防里,245,179627,733,572,326,966,587.37,80.11
花蓮縣,花蓮市,國光里,363,297568,820,555,321,1033,950.63,115.97
花蓮縣,花蓮市,民心里,309,332989,1078,627,401,1248,1514.20,140.51
花蓮縣,花蓮市,民享里,960,869156,905,669,393,1154,987.47,109.07
花蓮縣,花蓮市,國裕里,1415,1146139,810,606,356,1006,822.81,101.58
花蓮縣,花蓮市,國盛里,1085,776470,716,560,337,906,625.73,87.44
花蓮縣,花蓮市,主安里,822,598428,728,551,330,945,636.10,87.37
花蓮縣,花蓮市,國興里,1357,1382320,1019,728,420,1329,931.14,91.41
花蓮縣,花蓮市,民孝里,1066,920117,863,694,408,1098,688.93,79.82
花蓮縣,光復鄉,大安村,224,161439,721,559,305,1010,606.51,84.15
花蓮縣,光復鄉,大全村,150,80701,538,423,272,693,448.38,83.34
花蓮縣,光復鄉,大平村,215,127032,591,474,267,780,451.56,76.43
花蓮縣,光復鄉,大馬村,205,122660,598,476,298,783,443.97,74.20
花蓮縣,光復鄉,大進村,121,98613,815,585,368,1197,650.92,79.87
花蓮縣,光復鄉,大同村,260,168271,647,510,300,838,525.95,81.27
花蓮縣,光復鄉,東富村,199,107541,540,432,296,712,368.80,68.25
花蓮縣,光復鄉,西富村,191,114311,598,516,351,716,505.53,84.47
花蓮縣,光復鄉,南富村,176,111448,633,546,319,811,524.83,82.88
花蓮縣,光復鄉,北富村,156,85569,549,485,297,739,367.29,66.96
花蓮縣,光復鄉,大富村,72,38171,530,397,274,726,391.20,73.79
花蓮縣,光復鄉,大豐村,76,49458,651,481,257,810,782.45,120.24
花蓮縣,光復鄉,大興村,69,40523,587,408,254,624,575.93,98.06
花蓮縣,光復鄉,大華村,298,204020,685,488,304,878,781.87,114.20
花蓮縣,玉里鎮,中城里,1507,1228615,815,616,358,1120,679.81,83.38
花蓮縣,玉里鎮,國武里,398,286721,720,534,335,871,664.28,92.21
花蓮縣,玉里鎮,啓模里,343,242766,708,536,330,817,732.01,103.42
花蓮縣,玉里鎮,泰昌里,244,218702,896,644,335,1060,1196.66,133.51
花蓮縣,玉里鎮,源城里,249,147864,594,521,305,794,392.95,66.17
花蓮縣,玉里鎮,長良里,85,47385,557,476,294,711,362.48,65.02
花蓮縣,玉里鎮,樂合里,142,85308,601,458,303,742,456.28,75.95
花蓮縣,玉里鎮,觀音里,209,118647,568,458,283,643,627.71,110.57
花蓮縣,玉里鎮,松浦里,249,120180,483,431,264,638,317.24,65.73
花蓮縣,玉里鎮,春日里,95,86723,913,530,400,733,2327.68,254.98
花蓮縣,玉里鎮,德武里,99,57567,581,538,356,760,322.11,55.39
花蓮縣,玉里鎮,三民里,138,103700,751,517,362,851,697.47,92.82
花蓮縣,玉里鎮,大禹里,209,127860,612,514,355,743,454.35,74.27
花蓮縣,玉里鎮,東豐里,73,41504,569,401,292,774,420.04,73.88
花蓮縣,玉里鎮,永昌里,302,202568,671,553,310,889,518.02,77.23
花蓮縣,新城鄉,新城村,369,273844,742,541,316,929,968.13,130.45
花蓮縣,新城鄉,順安村,173,110563,639,501,326,778,542.70,84.92
花蓮縣,新城鄉,康樂村,678,667949,985,639,383,1238,2453.51,249.04
花蓮縣,新城鄉,北埔村,1029,765130,744,593,361,935,617.86,83.09
花蓮縣,新城鄉,佳林村,230,170702,742,579,323,924,661.03,89.07
花蓮縣,新城鄉,嘉里村,1126,960777,853,742,441,1075,651.24,76.32
花蓮縣,新城鄉,嘉新村,213,132066,620,528,346,775,425.47,68.62
花蓮縣,新城鄉,大漢村,617,387952,629,514,311,801,544.85,86.65
花蓮縣,吉安鄉,仁里村,1879,1347889,717,564,338,903,597.34,83.27
花蓮縣,吉安鄉,東昌村,1583,1150128,727,577,365,920,572.27,78.76
花蓮縣,吉安鄉,南昌村,1168,869387,744,584,343,954,666.57,89.55
花蓮縣,吉安鄉,北昌村,2394,1882668,786,601,348,1005,710.49,90.35
花蓮縣,吉安鄉,宜昌村,1169,827007,707,554,346,911,568.35,80.34
花蓮縣,吉安鄉,太昌村,890,706437,794,571,337,941,1176.88,148.27
花蓮縣,吉安鄉,慶豐村,2089,1758836,842,649,367,1100,788.96,93.71
花蓮縣,吉安鄉,吉安村,1599,1352305,846,622,369,1162,680.48,80.46
花蓮縣,吉安鄉,福興村,735,594683,809,617,358,1053,730.82,90.33
花蓮縣,吉安鄉,稻香村,945,781712,827,585,357,1108,785.05,94.90
花蓮縣,吉安鄉,永興村,675,439396,651,516,328,824,518.04,79.58
花蓮縣,吉安鄉,南華村,342,257492,753,501,305,869,1405.49,186.68
花蓮縣,吉安鄉,干城村,290,213439,736,574,340,884,658.73,89.50
花蓮縣,吉安鄉,光華村,510,397636,780,588,348,959,700.29,89.82
花蓮縣,吉安鄉,仁和村,1199,797954,666,550,353,845,530.16,79.66
花蓮縣,吉安鄉,仁安村,600,389668,649,501,302,808,628.58,96.79
花蓮縣,吉安鄉,永安村,1297,1082131,834,605,358,1061,792.49,94.98
花蓮縣,吉安鄉,勝安村,1601,1330018,831,620,349,1075,766.64,92.28
花蓮縣,壽豐鄉,池南村,166,103387,623,488,292,758,518.68,83.28
花蓮縣,壽豐鄉,志學村,599,444562,742,548,349,981,644.11,86.79
花蓮縣,壽豐鄉,光榮村,164,102702,626,493,336,767,557.24,88.98
花蓮縣,壽豐鄉,平和村,282,209950,745,546,300,910,718.80,96.55
花蓮縣,壽豐鄉,壽豐村,378,261905,693,506,317,891,596.35,86.07
花蓮縣,壽豐鄉,共和村,126,95815,760,542,308,792,1041.66,136.98
花蓮縣,壽豐鄉,豐山村,453,291681,644,483,311,785,557.78,86.63
花蓮縣,壽豐鄉,豐裡村,319,200063,627,503,304,777,502.22,80.08
花蓮縣,壽豐鄉,豐坪村,176,121583,691,509,305,916,611.38,88.50
花蓮縣,壽豐鄉,溪口村,198,121197,612,460,305,741,478.04,78.10
花蓮縣,壽豐鄉,月眉村,181,93972,519,450,280,680,369.24,71.12
花蓮縣,壽豐鄉,米棧村,42,20291,483,391,273,614,340.81,70.54
花蓮縣,壽豐鄉,水璉村,106,67146,633,485,282,738,873.72,137.93
花蓮縣,壽豐鄉,鹽寮村,85,58002,682,470,246,1059,684.15,100.26
花蓮縣,壽豐鄉,樹湖村,72,44934,624,473,297,629,783.89,125.61
花蓮縣,鳳林鎮,鳳仁里,325,229465,706,549,346,971,504.27,71.42
花蓮縣,鳳林鎮,鳳義里,151,127901,847,619,348,1057,1028.60,121.44
花蓮縣,鳳林鎮,鳳禮里,174,137975,793,568,344,968,1043.94,131.65
花蓮縣,鳳林鎮,鳳智里,312,234221,751,569,363,960,603.82,80.43
花蓮縣,鳳林鎮,鳳信里,304,201726,664,517,333,801,542.27,81.72
花蓮縣,鳳林鎮,林榮里,193,127189,659,484,301,814,781.66,118.61
花蓮縣,鳳林鎮,南平里,101,91928,910,534,377,828,2022.49,222.21
花蓮縣,鳳林鎮,北林里,119,79652,669,526,364,708,689.55,103.02
花蓮縣,鳳林鎮,大榮里,240,150612,628,473,303,847,528.29,84.18
花蓮縣,鳳林鎮,山興里,72,40687,565,467,295,806,385.59,68.23
花蓮縣,鳳林鎮,長橋里,208,137109,659,567,344,797,496.57,75.33
花蓮縣,鳳林鎮,森榮里,25,16568,663,589,266,747,667.19,100.68
花蓮縣,豐濱鄉,豐濱村,311,179119,576,505,309,735,387.88,67.35
花蓮縣,豐濱鄉,港口村,100,106530,1065,438,291,687,5321.81,499.56
花蓮縣,豐濱鄉,靜浦村,82,39886,486,451,281,604,304.66,62.63
花蓮縣,豐濱鄉,新社村,84,45141,537,448,225,689,520.28,96.82
花蓮縣,豐濱鄉,磯崎村,59,32282,547,526,321,689,311.71,56.97
花蓮縣,瑞穗鄉,瑞穗村,469,325204,693,539,313,795,648.95,93.59
花蓮縣,瑞穗鄉,瑞良村,113,65773,582,483,349,615,517.64,88.93
花蓮縣,瑞穗鄉,瑞美村,415,277535,669,555,327,887,491.91,73.56
花蓮縣,瑞穗鄉,瑞祥村,183,135438,740,534,329,792,1276.84,172.52
花蓮縣,瑞穗鄉,瑞北村,96,60111,626,531,310,705,582.04,92.95
花蓮縣,瑞穗鄉,奇美村,61,30506,500,419,242,608,413.05,82.59
花蓮縣,瑞穗鄉,富源村,135,74234,550,465,283,664,465.28,84.61
花蓮縣,瑞穗鄉,富興村,85,49814,586,434,297,756,451.16,76.98
花蓮縣,瑞穗鄉,富民村,142,83035,585,462,282,714,528.65,90.41
花蓮縣,瑞穗鄉,舞鶴村,158,78613,498,466,254,645,356.89,71.73
花蓮縣,瑞穗鄉,鶴岡村,133,68645,516,473,276,660,355.20,68.82
花蓮縣,富里鄉,富里村,255,161244,632,502,265,823,648.78,102.60
花蓮縣,富里鄉,永豐村,82,41340,504,394,270,660,429.57,85.21
花蓮縣,富里鄉,富南村,83,53101,640,524,310,784,590.90,92.36
花蓮縣,富里鄉,學田村,103,64550,627,524,266,773,538.95,86.00
花蓮縣,富里鄉,石牌村,181,108490,599,464,292,710,700.38,116.85
花蓮縣,富里鄉,明里村,60,36898,615,461,299,691,556.35,90.47
花蓮縣,富里鄉,羅山村,66,39495,598,476,327,729,442.70,73.98
花蓮縣,富里鄉,竹田村,203,122321,603,462,293,822,474.26,78.71
花蓮縣,富里鄉,新興村,90,50237,558,509,344,759,341.75,61.22
花蓮縣,富里鄉,萬寧村,89,50393,566,488,355,680,403.79,71.31
花蓮縣,富里鄉,豐南村,72,43123,599,531,334,737,397.13,66.31
花蓮縣,富里鄉,東里村,180,121129,673,530,327,756,618.86,91.96
花蓮縣,富里鄉,吳江村,67,32518,485,406,234,649,373.21,76.90
花蓮縣,秀林鄉,和平村,387,221846,573,456,285,707,501.91,87.56
花蓮縣,秀林鄉,崇德村,307,180477,588,493,295,719,488.44,83.09
花蓮縣,秀林鄉,富世村,423,266015,629,527,310,851,434.07,69.02
花蓮縣,秀林鄉,秀林村,394,249042,632,523,314,829,457.01,72.30
花蓮縣,秀林鄉,景美村,354,213737,604,492,290,733,498.89,82.63
花蓮縣,秀林鄉,佳民村,189,111223,588,514,297,714,502.80,85.44
花蓮縣,秀林鄉,銅門村,290,164091,566,475,278,780,403.18,71.25
花蓮縣,秀林鄉,文蘭村,220,151229,687,580,345,939,488.64,71.09
花蓮縣,秀林鄉,水源村,225,144770,643,510,310,854,501.75,77.98
花蓮縣,萬榮鄉,西林村,274,179554,655,562,356,834,452.57,69.06
花蓮縣,萬榮鄉,見晴村,117,68634,587,523,295,778,366.79,62.53
花蓮縣,萬榮鄉,萬榮村,159,100833,634,527,278,808,514.73,81.17
花蓮縣,萬榮鄉,明利村,119,76236,641,447,301,781,763.04,119.11
花蓮縣,萬榮鄉,馬遠村,270,140045,519,476,297,682,323.12,62.30
花蓮縣,萬榮鄉,紅葉村,266,139785,526,399,252,689,425.81,81.03
花蓮縣,卓溪鄉,崙山村,108,69487,643,580,382,827,408.41,63.48
花蓮縣,卓溪鄉,立山村,235,135217,575,509,307,753,362.06,62.92
花蓮縣,卓溪鄉,太平村,158,100183,634,577,336,795,419.95,66.23
花蓮縣,卓溪鄉,卓溪村,161,96088,597,529,367,725,387.84,64.98
花蓮縣,卓溪鄉,卓清村,189,106594,564,494,304,767,370.02,65.61
花蓮縣,卓溪鄉,古風村,159,95473,600,544,339,743,390.12,64.97
臺東縣,臺東市,中山里,263,212186,807,562,296,884,1857.07,230.18
臺東縣,臺東市,文化里,240,211625,882,631,364,1113,993.35,112.65
臺東縣,臺東市,中正里,280,226315,808,590,322,990,803.17,99.37
臺東縣,臺東市,中華里,363,237824,655,534,332,849,485.34,74.08
臺東縣,臺東市,成功里,178,107160,602,529,274,762,442.23,73.46
臺東縣,臺東市,大同里,198,132923,671,556,279,881,552.43,82.29
臺東縣,臺東市,寶桑里,191,123349,646,485,308,785,622.92,96.46
臺東縣,臺東市,中心里,994,906196,912,660,348,1190,840.09,92.15
臺東縣,臺東市,仁愛里,193,120602,625,528,304,757,502.69,80.45
臺東縣,臺東市,新生里,2043,1724477,844,644,369,1117,701.55,83.11
臺東縣,臺東市,復興里,95,73584,775,575,338,789,1577.25,203.63
臺東縣,臺東市,豐里里,469,345021,736,564,310,960,609.52,82.85
臺東縣,臺東市,豐年里,560,399913,714,509,322,885,652.37,91.35
臺東縣,臺東市,豐原里,218,147097,675,546,343,854,540.05,80.04
臺東縣,臺東市,康樂里,287,198240,691,547,331,838,592.88,85.83
臺東縣,臺東市,光明里,808,887696,1099,747,404,1181,5540.75,504.33
臺東縣,臺東市,鐵花里,123,107407,873,670,341,1231,719.92,82.44
臺東縣,臺東市,四維里,115,67318,585,503,327,711,394.46,67.39
臺東縣,臺東市,新興里,245,176526,721,569,364,965,588.30,81.65
臺東縣,臺東市,豐榮里,2415,2013497,834,651,370,1104,759.92,91.15
臺東縣,臺東市,永樂里,503,482236,959,688,394,1195,942.40,98.30
臺東縣,臺東市,興國里,203,155261,765,573,304,1066,655.38,85.69
臺東縣,臺東市,民族里,473,470638,995,734,394,1287,913.31,91.79
臺東縣,臺東市,建國里,300,172289,574,453,244,749,510.53,88.90
臺東縣,臺東市,強國里,140,94422,674,538,345,775,548.58,81.34
臺東縣,臺東市,民生里,988,792321,802,581,323,1060,719.18,89.68
臺東縣,臺東市,馬蘭里,857,689286,804,636,358,1063,679.34,84.46
臺東縣,臺東市,復國里,102,61998,608,473,272,752,512.91,84.38
臺東縣,臺東市,豐樂里,387,260516,673,528,314,867,547.29,81.30
臺東縣,臺東市,東海里,911,732227,804,624,371,1085,658.31,81.90
臺東縣,臺東市,民權里,259,223747,864,734,401,1076,682.88,79.05
臺東縣,臺東市,卑南里,882,885505,1004,782,428,1351,829.41,82.61
臺東縣,臺東市,南王里,634,469451,740,617,347,973,576.71,77.89
臺東縣,臺東市,建和里,278,173057,623,493,306,757,506.05,81.29
臺東縣,臺東市,知本里,249,152182,611,516,283,805,488.55,79.94
臺東縣,臺東市,富岡里,227,137966,608,487,304,749,546.22,89.87
臺東縣,臺東市,建興里,192,120331,627,508,295,732,559.86,89.33
臺東縣,臺東市,南榮里,614,498113,811,617,382,974,646.70,79.72
臺東縣,臺東市,岩灣里,496,405680,818,659,356,1072,679.28,83.05
臺東縣,臺東市,新園里,236,147162,624,506,325,749,538.72,86.39
臺東縣,臺東市,豐田里,406,258337,636,521,323,772,501.37,78.79
臺東縣,臺東市,自強里,1311,1142191,871,650,362,1134,792.13,90.92
臺東縣,臺東市,豐谷里,1232,881050,715,576,362,911,552.65,77.28
臺東縣,臺東市,建農里,316,183112,579,471,288,676,639.44,110.35
臺東縣,臺東市,建業里,207,136557,660,506,316,802,583.57,88.46
臺東縣,臺東市,富豐里,168,109593,652,562,355,894,418.55,64.16
臺東縣,成功鎮,忠仁里,449,292897,652,540,323,834,481.63,73.83
臺東縣,成功鎮,忠智里,425,296001,696,553,325,851,563.56,80.92
臺東縣,成功鎮,三民里,568,359912,634,514,314,774,518.02,81.75
臺東縣,成功鎮,三仙里,202,112258,556,468,303,715,381.74,68.69
臺東縣,成功鎮,忠孝里,148,90707,613,501,357,683,459.38,74.95
臺東縣,成功鎮,博愛里,99,47947,484,498,273,614,281.96,58.22
臺東縣,成功鎮,信義里,304,167542,551,423,290,637,528.70,95.93
臺東縣,成功鎮,和平里,147,78882,537,461,320,726,369.05,68.78
臺東縣,關山鎮,里壠里,428,292079,682,515,299,889,574.95,84.25
臺東縣,關山鎮,中福里,201,146785,730,567,288,916,642.03,87.92
臺東縣,關山鎮,新福里,172,126495,735,510,311,939,773.62,105.19
臺東縣,關山鎮,德高里,299,179306,600,502,339,736,481.95,80.37
臺東縣,關山鎮,豐泉里,307,233474,761,602,365,1009,566.54,74.50
臺東縣,關山鎮,月眉里,120,79574,663,561,368,812,485.62,73.23
臺東縣,關山鎮,電光里,92,52208,567,482,284,739,421.76,74.32
臺東縣,卑南鄉,賓朗村,436,282244,647,517,315,823,502.48,77.62
臺東縣,卑南鄉,美農村,144,87196,606,488,300,800,490.16,80.95
臺東縣,卑南鄉,初鹿村,223,151494,679,540,337,831,558.88,82.27
臺東縣,卑南鄉,嘉豐村,62,35536,573,514,332,688,354.72,61.89
臺東縣,卑南鄉,太平村,625,453086,725,583,357,924,553.98,76.42
臺東縣,卑南鄉,利嘉村,206,139713,678,564,414,850,461.47,68.04
臺東縣,卑南鄉,東興村,223,129718,582,506,355,733,331.88,57.05
臺東縣,卑南鄉,溫泉村,185,130075,703,507,305,843,680.31,96.76
臺東縣,卑南鄉,利吉村,71,46481,655,502,339,734,616.82,94.22
臺東縣,卑南鄉,富源村,68,40791,600,513,296,756,524.69,87.47
臺東縣,卑南鄉,明峰村,222,148550,669,530,348,761,702.51,104.99
臺東縣,卑南鄉,泰安村,168,114455,681,520,340,737,892.60,131.02
臺東縣,卑南鄉,富山村,57,33644,590,445,247,682,637.97,108.08
臺東縣,大武鄉,大武村,312,200855,644,505,301,871,491.04,76.28
臺東縣,大武鄉,尚武村,247,153388,621,512,279,806,500.68,80.62
臺東縣,大武鄉,大鳥村,170,98834,581,511,336,699,369.18,63.50
臺東縣,大武鄉,大竹村,117,76150,651,536,328,786,565.61,86.90
臺東縣,大武鄉,南興村,97,60486,624,517,327,812,403.42,64.70
臺東縣,太麻里鄉,泰和村,277,175882,635,500,335,821,487.34,76.75
臺東縣,太麻里鄉,大王村,308,203959,662,537,345,861,499.54,75.44
臺東縣,太麻里鄉,美和村,171,99973,585,466,322,706,433.06,74.07
臺東縣,太麻里鄉,金崙村,257,164474,640,550,372,778,414.72,64.80
臺東縣,太麻里鄉,多良村,111,69992,631,554,391,753,366.21,58.08
臺東縣,太麻里鄉,華源村,71,43132,607,420,271,725,678.36,111.67
臺東縣,太麻里鄉,三和村,78,66790,856,446,309,788,2098.56,245.08
臺東縣,太麻里鄉,北里村,74,42806,578,439,293,616,673.10,116.36
臺東縣,太麻里鄉,香蘭村,121,74959,619,545,332,774,450.12,72.66
臺東縣,東河鄉,東河村,190,117238,617,493,297,809,523.81,84.89
臺東縣,東河鄉,泰源村,210,117190,558,474,298,758,363.09,65.06
臺東縣,東河鄉,北源村,189,102571,543,492,317,687,366.06,67.45
臺東縣,東河鄉,隆昌村,69,37006,536,536,274,718,357.02,66.57
臺東縣,東河鄉,興昌村,145,101263,698,486,289,862,748.96,107.24
臺東縣,東河鄉,都蘭村,355,256121,721,487,286,823,1263.46,175.12
臺東縣,東河鄉,尚德村,45,21181,471,361,252,599,396.79,84.30
臺東縣,長濱鄉,樟原村,107,53680,502,445,269,638,340.80,67.93
臺東縣,長濱鄉,三間村,239,140529,588,446,270,722,538.67,91.61
臺東縣,長濱鄉,長濱村,343,208610,608,461,287,758,655.28,107.74
臺東縣,長濱鄉,忠勇村,70,33709,482,418,289,656,312.69,64.93
臺東縣,長濱鄉,竹湖村,154,81307,528,464,274,657,404.30,76.58
臺東縣,長濱鄉,寧埔村,214,118220,552,480,307,728,475.71,86.11
臺東縣,鹿野鄉,鹿野村,170,128277,755,624,393,967,562.56,74.55
臺東縣,鹿野鄉,永安村,239,157232,658,567,342,803,490.56,74.57
臺東縣,鹿野鄉,瑞源村,151,101023,669,561,305,800,494.11,73.85
臺東縣,鹿野鄉,瑞豐村,154,108215,703,545,346,900,544.31,77.46
臺東縣,鹿野鄉,龍田村,182,129300,710,537,351,837,737.19,103.77
臺東縣,鹿野鄉,瑞隆村,139,86566,623,490,325,741,556.91,89.42
臺東縣,鹿野鄉,瑞和村,106,72214,681,574,342,918,532.26,78.13
臺東縣,池上鄉,福原村,441,346098,785,594,342,1070,825.70,105.21
臺東縣,池上鄉,福文村,171,110688,647,469,317,756,602.70,93.11
臺東縣,池上鄉,慶豐村,96,62001,646,548,368,735,434.69,67.31
臺東縣,池上鄉,大坡村,41,28190,688,507,311,815,503.97,73.30
臺東縣,池上鄉,大埔村,164,112968,689,512,350,844,616.60,89.51
臺東縣,池上鄉,新興村,150,105185,701,519,315,779,671.47,95.76
臺東縣,池上鄉,錦園村,59,34260,581,531,320,715,423.98,73.01
臺東縣,池上鄉,萬安村,50,32150,643,525,326,832,458.88,71.36
臺東縣,池上鄉,富興村,49,26811,547,526,336,713,351.50,64.24
臺東縣,池上鄉,振興村,48,27875,581,467,306,707,401.66,69.17
臺東縣,綠島鄉,中寮村,276,219557,795,611,341,993,657.84,82.70
臺東縣,綠島鄉,公館村,223,192533,863,705,409,1127,1185.30,137.29
臺東縣,綠島鄉,南寮村,367,300444,819,684,397,1114,603.30,73.69
臺東縣,延平鄉,桃源村,221,152766,691,552,341,867,537.52,77.76
臺東縣,延平鄉,紅葉村,93,60047,646,534,337,844,465.77,72.14
臺東縣,延平鄉,武陵村,124,84850,684,609,372,875,431.27,63.03
臺東縣,延平鄉,永康村,66,40932,620,524,359,775,427.55,68.94
臺東縣,延平鄉,鸞山村,128,71044,555,490,288,717,390.65,70.38
臺東縣,海端鄉,海端村,219,142728,652,581,357,801,438.16,67.23
臺東縣,海端鄉,崁頂村,134,87111,650,589,382,785,394.46,60.68
臺東縣,海端鄉,加拿村,98,62782,641,538,347,829,397.35,62.03
臺東縣,海端鄉,霧鹿村,50,31161,623,516,404,781,328.57,52.72
臺東縣,海端鄉,利稻村,45,30532,678,624,382,927,372.65,54.92
臺東縣,海端鄉,廣原村,156,95195,610,534,299,772,421.47,69.07
臺東縣,達仁鄉,土坂村,135,87409,647,585,332,841,407.35,62.91
臺東縣,達仁鄉,臺坂村,74,41633,563,488,327,710,335.99,59.72
臺東縣,達仁鄉,新化村,43,29103,677,575,395,890,411.42,60.79
臺東縣,達仁鄉,安朔村,116,89161,769,633,456,1033,469.65,61.10
臺東縣,達仁鄉,森永村,85,55347,651,547,378,861,397.38,61.03
臺東縣,達仁鄉,南田村,55,37879,689,528,368,872,472.81,68.65
臺東縣,金峰鄉,嘉蘭村,172,114080,663,576,332,907,422.09,63.64
臺東縣,金峰鄉,歷坵村,29,18585,641,550,400,626,490.07,76.47
臺東縣,金峰鄉,新興村,101,78188,774,635,446,959,544.37,70.32
臺東縣,金峰鄉,賓茂村,60,44674,745,734,364,1007,414.16,55.63
臺東縣,金峰鄉,正興村,102,86576,849,697,398,1070,691.32,81.45
臺東縣,蘭嶼鄉,紅頭村,257,204773,797,640,400,947,635.17,79.72
臺東縣,蘭嶼鄉,東清村,188,113619,604,521,317,780,400.17,66.21
臺東縣,蘭嶼鄉,朗島村,111,68173,614,526,343,749,452.62,73.70
臺東縣,蘭嶼鄉,椰油村,172,134956,785,731,387,1007,475.62,60.62
澎湖縣,馬公市,長安里,173,170396,985,644,309,1205,1136.87,115.42
澎湖縣,馬公市,復興里,205,181341,885,786,590,1009,569.32,64.36
澎湖縣,馬公市,新復里,1,187,187,187,187,187,0.00,0.00
澎湖縣,馬公市,中央里,144,115778,804,654,301,1032,667.94,83.08
澎湖縣,馬公市,啓明里,307,326855,1065,752,357,1331,1183.87,111.20
澎湖縣,馬公市,重慶里,317,264474,834,605,329,1036,914.98,109.67
澎湖縣,馬公市,光復里,586,512301,874,669,388,1078,961.33,109.96
澎湖縣,馬公市,光明里,432,384359,890,701,409,1174,672.98,75.64
澎湖縣,馬公市,重光里,450,416762,926,761,440,1254,690.85,74.59
澎湖縣,馬公市,西衛里,1270,1208060,951,752,424,1273,717.22,75.40
澎湖縣,馬公市,朝陽里,1697,1520356,896,717,406,1199,718.80,80.23
澎湖縣,馬公市,東文里,941,804920,855,711,393,1163,656.62,76.76
澎湖縣,馬公市,西文里,1009,878485,871,703,406,1172,673.03,77.30
澎湖縣,馬公市,案山里,630,521973,829,737,481,1066,519.71,62.73
澎湖縣,馬公市,光華里,265,247205,933,855,651,1080,500.26,53.63
澎湖縣,馬公市,前寮里,300,299003,997,742,443,1171,966.07,96.93
澎湖縣,馬公市,石泉里,751,687983,916,786,459,1220,620.34,67.72
澎湖縣,馬公市,菜園里,115,89023,774,650,374,1054,539.98,69.76
澎湖縣,馬公市,東衛里,563,487270,865,752,452,1124,606.29,70.05
澎湖縣,馬公市,安宅里,147,119837,815,660,421,1101,589.70,72.34
澎湖縣,馬公市,烏崁里,247,179695,728,611,356,924,577.91,79.44
澎湖縣,馬公市,興仁里,275,219856,799,691,400,962,611.51,76.49
澎湖縣,馬公市,鐵線里,147,109674,746,580,344,881,744.61,99.80
澎湖縣,馬公市,山水里,368,276397,751,615,313,962,620.60,82.63
澎湖縣,馬公市,鎖港里,526,394926,751,636,384,948,565.46,75.31
澎湖縣,馬公市,井垵里,70,50484,721,633,342,841,597.52,82.85
澎湖縣,馬公市,嵵裡里,260,195054,750,620,357,993,557.80,74.35
澎湖縣,馬公市,風櫃里,227,145321,640,538,379,823,436.89,68.25
澎湖縣,馬公市,虎井里,184,131060,712,599,326,919,606.16,85.10
澎湖縣,馬公市,桶盤里,44,27810,632,567,265,889,475.57,75.24
澎湖縣,馬公市,中興里,273,257027,941,751,451,1242,821.48,87.25
澎湖縣,馬公市,五德里,92,66131,719,579,387,775,755.82,105.15
澎湖縣,馬公市,光榮里,1307,1215316,930,756,402,1235,759.56,81.69
澎湖縣,馬公市,陽明里,774,706253,912,685,374,1225,773.58,84.78
澎湖縣,湖西鄉,湖西村,259,216773,837,690,411,1085,602.76,72.02
澎湖縣,湖西鄉,湖東村,75,52919,706,645,330,884,486.67,68.97
澎湖縣,湖西鄉,南寮村,132,98692,748,530,316,944,682.15,91.24
澎湖縣,湖西鄉,白坑村,44,21502,489,359,232,603,462.84,94.71
澎湖縣,湖西鄉,青螺村,47,33849,720,536,312,882,634.33,88.08
澎湖縣,湖西鄉,紅羅村,171,123202,720,592,333,908,569.84,79.09
澎湖縣,湖西鄉,西溪村,201,152442,758,689,503,915,439.86,58.00
澎湖縣,湖西鄉,沙港村,188,151937,808,722,355,1092,603.34,74.65
澎湖縣,湖西鄉,成功村,185,150839,815,668,432,1014,584.69,71.71
澎湖縣,湖西鄉,東石村,26,20481,788,794,360,928,581.21,73.78
澎湖縣,湖西鄉,鼎灣村,156,130710,838,716,421,1153,609.92,72.79
澎湖縣,湖西鄉,中西村,44,44248,1006,728,310,1354,809.73,80.52
澎湖縣,湖西鄉,潭邊村,56,47033,840,748,464,1136,501.58,59.72
澎湖縣,湖西鄉,許家村,88,73311,833,734,446,1112,552.00,66.26
澎湖縣,湖西鄉,隘門村,244,197639,810,676,401,994,552.01,68.15
澎湖縣,湖西鄉,林投村,240,166205,693,568,338,939,495.53,71.55
澎湖縣,湖西鄉,尖山村,146,99101,679,600,340,812,502.70,74.06
澎湖縣,湖西鄉,龍門村,416,273782,658,577,356,847,427.59,64.97
澎湖縣,湖西鄉,菓葉村,125,99203,794,695,396,1019,604.80,76.21
澎湖縣,湖西鄉,北寮村,68,45190,665,636,363,858,398.62,59.98
澎湖縣,湖西鄉,城北村,72,49220,684,640,332,833,536.59,78.49
澎湖縣,湖西鄉,太武村,21,16141,769,569,336,832,680.25,88.50
澎湖縣,白沙鄉,中屯村,141,109600,777,647,354,1116,532.29,68.48
澎湖縣,白沙鄉,講美村,176,128721,731,636,398,971,475.56,65.02
澎湖縣,白沙鄉,城前村,31,28187,909,708,537,1195,595.99,65.55
澎湖縣,白沙鄉,鎮海村,29,29926,1032,591,361,735,1979.91,191.87
澎湖縣,白沙鄉,港子村,70,52693,753,608,362,1120,519.86,69.06
澎湖縣,白沙鄉,小赤村,42,39514,941,737,446,1030,880.35,93.57
澎湖縣,白沙鄉,岐頭村,52,32623,627,491,274,868,502.59,80.11
澎湖縣,白沙鄉,赤崁村,403,321350,797,697,406,1011,551.82,69.20
澎湖縣,白沙鄉,瓦硐村,45,40628,903,773,542,1156,617.57,68.40
澎湖縣,白沙鄉,後寮村,136,106954,786,689,435,976,545.16,69.32
澎湖縣,白沙鄉,通梁村,158,114727,726,588,290,984,565.33,77.86
澎湖縣,白沙鄉,吉貝村,188,128251,682,561,304,845,566.34,83.02
澎湖縣,白沙鄉,鳥嶼村,179,110740,619,481,323,805,479.90,77.57
澎湖縣,白沙鄉,員貝村,33,26335,798,583,376,1144,554.75,69.52
澎湖縣,白沙鄉,大倉村,61,40428,663,610,354,851,415.48,62.69
澎湖縣,西嶼鄉,合界村,86,61887,720,573,291,952,599.44,83.30
澎湖縣,西嶼鄉,橫礁村,34,21148,622,567,315,781,413.59,66.50
澎湖縣,西嶼鄉,竹灣村,158,107214,679,574,319,888,489.09,72.08
澎湖縣,西嶼鄉,小門村,61,42662,699,543,386,870,489.29,69.96
澎湖縣,西嶼鄉,大池村,111,82103,740,511,354,888,648.52,87.68
澎湖縣,西嶼鄉,二崁村,26,34842,1340,545,386,799,3320.63,247.80
澎湖縣,西嶼鄉,池東村,151,125202,829,688,419,1031,654.28,78.91
澎湖縣,西嶼鄉,池西村,36,31356,871,551,352,1211,860.10,98.75
澎湖縣,西嶼鄉,赤馬村,97,51915,535,440,279,748,340.03,63.53
澎湖縣,西嶼鄉,內垵村,249,151605,609,473,283,809,466.24,76.58
澎湖縣,西嶼鄉,外垵村,332,240350,724,579,350,880,650.32,89.83
澎湖縣,望安鄉,東安村,227,187353,825,704,369,1228,564.25,68.37
澎湖縣,望安鄉,西安村,144,124729,866,693,431,1040,686.75,79.29
澎湖縣,望安鄉,將軍村,225,154467,687,547,333,903,563.28,82.05
澎湖縣,望安鄉,中社村,74,56555,764,599,362,980,692.30,90.58
澎湖縣,望安鄉,花嶼村,43,34419,800,722,480,1025,509.74,63.68
澎湖縣,望安鄉,水垵村,88,73486,835,678,413,1197,520.31,62.31
澎湖縣,望安鄉,東吉村,44,33186,754,593,342,1020,545.18,72.28
澎湖縣,望安鄉,東坪村,66,43145,654,598,368,781,453.46,69.37
澎湖縣,望安鄉,西坪村,36,17929,498,420,213,666,431.15,86.57
澎湖縣,七美鄉,東湖村,41,22607,551,440,302,703,374.24,67.87
澎湖縣,七美鄉,西湖村,115,87204,758,521,237,1094,706.29,93.14
澎湖縣,七美鄉,中和村,155,112215,724,609,349,872,595.02,82.19
澎湖縣,七美鄉,平和村,83,63511,765,713,387,1106,494.15,64.58
澎湖縣,七美鄉,南港村,251,181419,723,622,336,986,546.72,75.64
澎湖縣,七美鄉,海豐村,64,49030,766,658,339,1068,549.19,71.69
金門縣,金城鎮,東門里,1430,1301045,910,716,400,1207,729.04,80.13
金門縣,金城鎮,南門里,1689,1571584,930,711,421,1140,991.09,106.51
金門縣,金城鎮,西門里,3286,3301070,1005,768,444,1309,853.88,85.00
金門縣,金城鎮,北門里,1283,1211774,944,731,408,1191,811.17,85.88
金門縣,金城鎮,賢庵里,1253,1099758,878,675,408,1104,821.26,93.57
金門縣,金城鎮,金水里,626,574402,918,739,416,1203,743.08,80.98
金門縣,金城鎮,古城里,1070,972090,908,726,447,1219,676.26,74.44
金門縣,金城鎮,珠沙里,835,734450,880,677,398,1159,732.97,83.33
金門縣,金寧鄉,古寧村,887,784185,884,647,408,1082,1104.53,124.94
金門縣,金寧鄉,安美村,1155,967337,838,655,405,1059,683.80,81.65
金門縣,金寧鄉,湖埔村,1652,1545940,936,751,432,1237,725.67,77.55
金門縣,金寧鄉,榜林村,1454,1306372,898,706,408,1190,832.31,92.64
金門縣,金寧鄉,盤山村,1482,1370589,925,751,415,1217,727.90,78.71
金門縣,金寧鄉,后盤村,384,345659,900,733,450,1193,629.85,69.97
金門縣,金湖鎮,新市里,1400,1392722,995,734,449,1183,917.63,92.24
金門縣,金湖鎮,山外里,1001,844416,844,697,405,1067,659.90,78.23
金門縣,金湖鎮,溪湖里,389,305354,785,612,380,923,773.71,98.56
金門縣,金湖鎮,蓮庵里,502,431488,860,746,428,1142,585.48,68.12
金門縣,金湖鎮,料羅里,627,578680,923,843,493,1205,646.44,70.04
金門縣,金湖鎮,新湖里,2224,2037774,916,744,447,1157,749.29,81.78
金門縣,金湖鎮,正義里,724,615730,850,671,414,1050,675.73,79.46
金門縣,金湖鎮,瓊林里,940,757973,806,623,405,1062,623.90,77.37
金門縣,金沙鎮,汶沙里,1479,1310381,886,696,405,1092,812.34,91.69
金門縣,金沙鎮,何斗里,551,469384,852,678,414,1083,650.51,76.36
金門縣,金沙鎮,浦山里,616,506913,823,656,351,1063,720.39,87.54
金門縣,金沙鎮,西園里,397,332001,836,684,439,1061,663.50,79.34
金門縣,金沙鎮,官嶼里,554,492901,890,708,406,1130,734.35,82.54
金門縣,金沙鎮,光前里,662,591620,894,698,381,1173,845.29,94.58
金門縣,金沙鎮,三山里,486,386883,796,666,421,1041,573.34,72.02
金門縣,金沙鎮,大洋里,337,283669,842,697,383,1113,659.19,78.31
金門縣,烈嶼鄉,林湖村,891,756225,849,699,431,1112,603.96,71.16
金門縣,烈嶼鄉,黃埔村,417,333493,800,620,394,1018,657.26,82.18
金門縣,烈嶼鄉,西口村,660,554324,840,665,423,1063,656.86,78.21
金門縣,烈嶼鄉,上林村,393,310387,790,669,387,1038,576.72,73.02
金門縣,烈嶼鄉,上岐村,761,640910,842,670,406,995,812.30,96.45
金門縣,烏坵鄉,大坵村,77,68142,885,784,457,1162,658.50,74.41
金門縣,烏坵鄉,小坵村,101,92366,915,756,361,1220,702.16,76.78
連江縣,南竿鄉,介壽村,754,777294,1031,860,496,1327,749.61,72.71
連江縣,南竿鄉,復興村,364,366889,1008,776,520,1397,696.29,69.08
連江縣,南竿鄉,福沃村,309,323851,1048,863,503,1312,982.40,93.73
連江縣,南竿鄉,清水村,284,282512,995,731,471,1275,827.32,83.17
連江縣,南竿鄉,珠螺村,47,40479,861,666,480,971,680.87,79.06
連江縣,南竿鄉,仁愛村,164,165876,1011,778,521,1346,702.17,69.42
連江縣,南竿鄉,津沙村,88,98296,1117,853,567,1312,861.57,77.13
連江縣,南竿鄉,馬祖村,163,158303,971,701,418,1257,835.76,86.06
連江縣,南竿鄉,四維村,52,62666,1205,925,615,1454,1007.70,83.62
連江縣,北竿鄉,塘岐村,319,307647,964,749,398,1257,882.08,91.46
連江縣,北竿鄉,后沃村,57,60558,1062,900,557,1440,730.19,68.73
連江縣,北竿鄉,橋仔村,76,78215,1029,789,406,1244,1295.81,125.91
連江縣,北竿鄉,芹壁村,53,50635,955,832,467,1407,714.39,74.77
連江縣,北竿鄉,坂里村,77,64473,837,650,472,1058,546.33,65.25
連江縣,北竿鄉,白沙村,32,21473,671,651,316,881,449.36,66.96
連江縣,莒光鄉,青帆村,156,152309,976,837,542,1218,703.21,72.03
連江縣,莒光鄉,田沃村,68,58894,866,655,376,1184,646.35,74.63
連江縣,莒光鄉,西坵村,25,17811,712,604,301,1049,537.28,75.41
連江縣,莒光鄉,大坪村,137,130122,950,727,471,1171,854.34,89.95
連江縣,莒光鄉,福正村,49,37139,758,596,363,1021,540.95,71.37
連江縣,東引鄉,中柳村,189,174980,926,815,573,1137,601.56,64.98
連江縣,東引鄉,樂華村,225,201534,896,834,483,1120,561.95,62.74
嘉義市,東區,中庄里,977,844839,865,635,348,1107,836.23,96.70
嘉義市,東區,頂庄里,731,660010,903,674,374,1215,779.42,86.33
嘉義市,東區,王田里,884,858451,971,685,370,1227,966.52,99.53
嘉義市,東區,圳頭里,1217,1114209,916,651,363,1141,1475.33,161.14
嘉義市,東區,鹿寮里,233,198206,851,599,354,995,833.91,98.03
嘉義市,東區,盧厝里,480,533499,1111,750,407,1398,1116.95,100.49
嘉義市,東區,短竹里,721,664119,921,660,369,1134,908.52,98.63
嘉義市,東區,長竹里,965,1094670,1134,753,415,1381,1233.96,108.78
嘉義市,東區,後庄里,1222,1014531,830,632,353,1093,733.44,88.34
嘉義市,東區,東川里,627,677950,1081,729,410,1308,1163.48,107.60
嘉義市,東區,太平里,1449,1513900,1045,725,410,1338,1007.70,96.45
嘉義市,東區,興南里,433,330721,764,557,315,985,709.11,92.84
嘉義市,東區,豐年里,419,436787,1042,682,355,1199,1379.15,132.30
嘉義市,東區,新開里,637,526755,827,634,348,1057,701.43,84.82
嘉義市,東區,宣信里,391,278630,713,530,306,908,708.12,99.37
嘉義市,東區,芳草里,910,710969,781,593,365,1002,694.34,88.87
嘉義市,東區,安寮里,856,737841,862,608,358,1091,1234.47,143.22
嘉義市,東區,興村里,1113,871796,783,581,337,967,1275.54,162.84
嘉義市,東區,頂寮里,764,596208,780,589,366,994,642.50,82.33
嘉義市,東區,荖藤里,1203,979926,815,630,374,1043,754.00,92.56
嘉義市,東區,後湖里,1055,773127,733,586,336,930,619.01,84.47
嘉義市,東區,過溝里,718,598533,834,601,324,1078,819.58,98.32
嘉義市,東區,民族里,411,311176,757,541,293,894,1005.45,132.80
嘉義市,東區,朝陽里,576,409249,711,540,307,907,630.57,88.75
嘉義市,東區,華南里,589,443320,753,545,298,966,724.38,96.24
嘉義市,東區,東興里,607,607511,1001,589,328,1109,1774.00,177.25
嘉義市,東區,中山里,678,675258,996,715,395,1258,974.82,97.88
嘉義市,東區,中央里,736,643004,874,530,276,968,1335.97,152.92
嘉義市,東區,林森里,808,821761,1017,763,382,1357,913.85,89.85
嘉義市,東區,北門里,685,610251,891,587,345,1045,1496.16,167.94
嘉義市,東區,蘭潭里,632,573634,908,619,358,1089,913.45,100.64
嘉義市,東區,文雅里,1198,1548215,1292,866,448,1661,1512.20,117.01
嘉義市,東區,安業里,529,417730,790,588,366,988,626.46,79.33
嘉義市,東區,義教里,827,661599,800,590,358,1043,731.28,91.41
嘉義市,東區,興安里,658,505911,769,595,338,1007,627.25,81.58
嘉義市,東區,興仁里,1007,786110,781,600,354,993,656.64,84.11
嘉義市,東區,新店里,1405,1346696,959,646,368,1302,938.21,97.88
嘉義市,東區,仁義里,894,787189,881,627,370,1077,981.05,111.42
嘉義市,東區,芳安里,625,537865,861,668,372,1163,714.52,83.03
嘉義市,西區,永和里,469,366685,782,563,310,958,974.46,124.64
嘉義市,西區,新富里,499,374314,750,538,292,993,760.30,101.36
嘉義市,西區,文化里,759,667678,880,589,312,1055,1008.19,114.61
嘉義市,西區,西榮里,683,535611,784,555,303,949,841.99,107.37
嘉義市,西區,國華里,506,459879,909,590,327,1001,1208.37,132.96
嘉義市,西區,番社里,484,426125,880,574,338,1026,930.11,105.64
嘉義市,西區,導明里,434,334586,771,538,333,925,753.76,97.77
嘉義市,西區,慶安里,375,253672,676,523,333,843,592.51,87.59
嘉義市,西區,後驛里,481,344069,715,518,312,852,776.97,108.62
嘉義市,西區,福安里,1239,1085392,876,648,378,1038,908.92,103.75
嘉義市,西區,獅子里,776,589484,760,595,350,979,645.80,85.01
嘉義市,西區,紅瓦里,405,317262,783,564,343,962,765.21,97.68
嘉義市,西區,保福里,988,825278,835,615,324,1130,849.81,101.74
嘉義市,西區,保生里,1178,946713,804,566,338,988,934.19,116.24
嘉義市,西區,北新里,271,202431,747,603,339,982,583.82,78.16
嘉義市,西區,育英里,582,502010,863,631,334,1067,870.31,100.90
嘉義市,西區,湖內里,1153,884377,767,571,336,955,766.63,99.95
嘉義市,西區,美源里,1120,949220,848,585,330,1042,979.40,115.56
嘉義市,西區,致遠里,474,364378,769,575,324,954,701.47,91.25
嘉義市,西區,翠岱里,372,301538,811,605,328,1006,763.28,94.16
嘉義市,西區,自強里,441,379089,860,590,320,1132,816.23,94.95
嘉義市,西區,培元里,417,325785,781,585,364,970,818.52,104.77
嘉義市,西區,車店里,1732,1479958,854,603,338,1069,1570.41,183.79
嘉義市,西區,光路里,1452,1208278,832,610,334,1103,783.65,94.17
嘉義市,西區,香湖里,198,145601,735,595,324,918,627.47,85.33
嘉義市,西區,湖邊里,582,450537,774,564,319,959,921.06,118.98
嘉義市,西區,重興里,487,338318,695,524,309,919,593.90,85.49
嘉義市,西區,北榮里,607,491046,809,600,333,1037,762.16,94.21
嘉義市,西區,新厝里,1103,909817,825,602,349,1034,1037.48,125.78
嘉義市,西區,竹圍里,1124,848261,755,547,307,903,1020.25,135.19
嘉義市,西區,保安里,962,749970,780,614,331,972,695.93,89.27
嘉義市,西區,北湖里,720,554212,770,622,347,996,635.86,82.61
嘉義市,西區,下埤里,428,292659,684,484,322,805,751.49,109.90
嘉義市,西區,竹村里,299,238223,797,560,325,974,768.59,96.47
嘉義市,西區,書院里,612,509862,833,568,321,1050,859.34,103.15
嘉義市,西區,福全里,1168,902932,773,551,318,932,893.80,115.62
嘉義市,西區,西平里,887,735343,829,600,336,1059,830.07,100.13
嘉義市,西區,磚磘里,972,794131,817,604,370,1056,728.04,89.11
嘉義市,西區,劉厝里,1869,1709360,915,707,386,1213,771.59,84.37
嘉義市,西區,港坪里,952,828879,871,668,369,1157,725.20,83.29
嘉義市,西區,頭港里,428,310767,726,551,319,991,603.99,83.18
嘉義市,西區,大溪里,491,348446,710,537,332,910,623.70,87.89
嘉義市,西區,垂楊里,480,388991,810,605,342,937,876.51,108.16
嘉義市,西區,新西里,515,367971,715,552,339,931,575.00,80.47
嘉義市,西區,福民里,1639,1403447,856,601,328,1088,995.11,116.21
新竹市,東區,榮光里,140,233156,1665,854,438,1772,3604.76,216.45
新竹市,東區,成功里,262,306185,1169,598,310,1079,5543.34,474.34
新竹市,東區,育賢里,329,471953,1435,856,375,1854,2161.16,150.66
新竹市,東區,親仁里,628,1073364,1709,981,476,2033,2808.66,164.33
新竹市,東區,中正里,231,251341,1088,640,358,1387,1199.58,110.25
新竹市,東區,東門里,225,263614,1172,592,327,1143,2274.82,194.16
新竹市,東區,三民里,1832,2141864,1169,704,383,1385,1531.30,130.98
新竹市,東區,文華里,1748,1976847,1131,750,388,1433,1385.68,122.53
新竹市,東區,公園里,1131,1791607,1584,924,485,1924,2032.88,128.33
新竹市,東區,東園里,2102,3083639,1467,1095,540,1940,1726.02,117.66
新竹市,東區,復中里,1704,2428129,1425,772,404,1549,3141.29,220.45
新竹市,東區,東勢里,912,1773674,1945,1374,579,2547,3107.26,159.77
新竹市,東區,綠水里,2314,4149358,1793,1236,531,2341,2991.13,166.81
新竹市,東區,東山里,1247,1692805,1358,856,415,1622,2355.74,173.54
新竹市,東區,水源里,1064,918236,863,575,353,1000,1603.71,185.83
新竹市,東區,前溪里,965,832303,862,591,353,1052,1077.06,124.88
新竹市,東區,光復里,821,1049872,1279,791,395,1653,1894.67,148.16
新竹市,東區,千甲里,675,570315,845,595,357,1007,826.88,97.87
新竹市,東區,仙宮里,499,737562,1478,1077,527,1996,1352.11,91.48
新竹市,東區,光明里,1232,2972295,2413,1449,609,2892,5548.16,229.97
新竹市,東區,建功里,1110,1229323,1107,738,390,1367,1326.04,119.73
新竹市,東區,金山里,1924,2951835,1534,992,491,1977,2649.47,172.69
新竹市,東區,埔頂里,1351,1919173,1421,1011,514,1971,1432.96,100.87
新竹市,東區,仙水里,1704,2662802,1563,1095,516,2076,1668.39,106.76
新竹市,東區,龍山里,2216,3911948,1765,1335,673,2297,1878.12,106.39
新竹市,東區,新莊里,2212,3322081,1502,1099,527,1972,1951.18,129.92
新竹市,東區,南門里,269,281667,1047,523,344,995,2320.53,221.62
新竹市,東區,關帝里,178,163550,919,506,287,1016,1275.35,138.80
新竹市,東區,寺前里,215,211754,985,546,313,984,3622.87,367.84
新竹市,東區,福德里,517,517068,1000,611,324,1309,1211.68,121.15
新竹市,東區,新興里,1079,933102,865,579,347,1061,928.22,107.34
新竹市,東區,南市里,293,236887,808,593,330,982,865.58,107.06
新竹市,東區,振興里,1953,1933275,990,660,393,1210,1306.87,132.02
新竹市,東區,竹蓮里,277,224572,811,674,401,1026,613.71,75.70
新竹市,東區,南大里,454,403667,889,616,356,1122,862.35,96.99
新竹市,東區,頂竹里,1076,1140621,1060,605,353,1085,4681.38,441.62
新竹市,東區,下竹里,191,163899,858,641,358,1217,710.85,82.84
新竹市,東區,高峰里,2105,3807923,1809,728,395,1560,9669.05,534.50
新竹市,東區,柴橋里,1903,3739886,1965,980,479,2139,5508.43,280.29
新竹市,東區,光鎮里,1203,1139475,947,623,356,1148,1094.55,115.56
新竹市,東區,豐功里,1743,3770808,2163,1580,563,3047,2308.04,106.69
新竹市,東區,軍功里,1039,1370878,1319,900,469,1798,1350.09,102.32
新竹市,東區,武功里,1355,1733255,1279,928,481,1796,1128.36,88.21
新竹市,東區,立功里,266,202861,763,517,325,990,708.44,92.89
新竹市,東區,關東里,1653,2433839,1472,864,431,1781,2239.24,152.08
新竹市,東區,科園里,2608,8522118,3268,1217,525,2638,38279.34,1171.45
新竹市,東區,錦華里,675,1028034,1523,873,436,1640,3814.83,250.48
新竹市,東區,建華里,828,953762,1152,722,395,1470,1619.09,140.56
新竹市,東區,復興里,1770,2370934,1340,877,441,1661,2160.57,161.30
新竹市,東區,新光里,1227,1127113,919,655,383,1102,895.26,97.46
新竹市,東區,湖濱里,1293,2997042,2318,774,419,1666,20306.48,876.07
新竹市,東區,明湖里,1800,1978159,1099,732,451,1312,1414.23,128.69
新竹市,東區,關新里,1527,4010643,2626,2206,1402,3251,2428.57,92.46
新竹市,北區,光田里,747,676324,905,644,392,1141,838.47,92.61
新竹市,北區,仁德里,256,206677,807,538,305,931,1113.70,137.95
新竹市,北區,中央里,148,115685,782,521,288,1022,776.60,99.35
新竹市,北區,西門里,195,184956,948,697,394,1178,863.29,91.02
新竹市,北區,興南里,554,744807,1344,708,411,1464,3487.79,259.43
新竹市,北區,潛園里,243,195646,805,613,354,1062,670.57,83.29
新竹市,北區,南勢里,1272,1051208,826,578,357,992,903.43,109.32
新竹市,北區,崇禮里,396,375126,947,646,359,1168,964.97,101.87
新竹市,北區,石坊里,181,153297,847,684,360,1158,728.03,85.96
新竹市,北區,西雅里,947,789520,834,604,361,1018,895.14,107.37
新竹市,北區,曲溪里,1588,1297015,817,599,363,1031,771.73,94.49
新竹市,北區,客雅里,938,853004,909,657,378,1131,997.87,109.73
新竹市,北區,中興里,186,164072,882,604,291,1064,1033.39,117.15
新竹市,北區,大同里,338,526334,1557,744,413,1607,2378.45,152.74
新竹市,北區,中山里,228,225602,989,560,338,896,1849.78,186.94
新竹市,北區,北門里,304,327435,1077,723,400,1327,1140.62,105.90
新竹市,北區,民富里,1594,1472223,924,662,375,1122,1157.05,125.28
新竹市,北區,新民里,544,511137,940,632,354,1151,1330.40,141.59
新竹市,北區,長和里,455,423300,930,650,389,1128,997.47,107.22
新竹市,北區,文雅里,1317,1272524,966,659,392,1162,1518.38,157.14
新竹市,北區,舊社里,2093,2268103,1084,707,390,1334,1334.66,123.16
新竹市,北區,湳雅里,1031,1366597,1326,750,399,1651,2059.15,155.35
新竹市,北區,武陵里,1547,1667192,1078,670,389,1192,1891.45,175.51
新竹市,北區,士林里,517,456383,883,642,353,1112,834.72,94.56
新竹市,北區,福林里,1352,1596564,1181,708,398,1393,1516.90,128.45
新竹市,北區,古賢里,266,220861,830,619,387,922,1334.32,160.70
新竹市,北區,康樂里,859,691817,805,596,363,1032,687.69,85.39
新竹市,北區,南寮里,1613,1247309,773,572,346,991,712.90,92.19
新竹市,北區,中寮里,1181,1051841,891,694,416,1108,802.11,90.06
新竹市,北區,海濱里,1139,916178,804,631,371,1037,711.22,88.42
新竹市,北區,港北里,407,302482,743,548,333,963,649.71,87.42
新竹市,北區,舊港里,147,97886,666,533,356,779,622.55,93.49
新竹市,北區,育英里,1290,1376401,1067,701,388,1356,1492.70,139.90
新竹市,北區,水田里,1095,1364076,1246,674,367,1331,2338.50,187.72
新竹市,北區,大鵬里,113,126819,1122,1027,765,1385,560.35,49.93
新竹市,北區,境福里,1739,1650209,949,656,372,1211,941.07,99.17
新竹市,北區,磐石里,1888,1982587,1050,720,394,1317,1272.67,121.20
新竹市,北區,新雅里,1471,1232371,838,596,363,993,840.91,100.37
新竹市,北區,光華里,1288,1331360,1034,630,369,1169,2032.82,196.66
新竹市,北區,金華里,1886,2194515,1164,754,407,1430,1433.03,123.16
新竹市,北區,金竹里,2053,2281705,1111,761,421,1429,1175.14,105.74
新竹市,北區,湳中里,2595,3727124,1436,1008,508,1848,2105.36,146.58
新竹市,北區,金雅里,791,745282,942,629,389,1137,1032.95,109.63
新竹市,北區,臺溪里,542,458747,846,658,373,1109,750.89,88.72
新竹市,北區,中雅里,854,918159,1075,806,475,1445,924.13,85.96
新竹市,香山區,頂埔里,2029,2248722,1108,874,495,1489,995.92,89.86
新竹市,香山區,中埔里,1055,906360,859,580,360,1056,871.29,101.42
新竹市,香山區,埔前里,1213,1072407,884,652,372,1141,799.24,90.40
新竹市,香山區,牛埔里,1382,1455843,1053,707,409,1279,1607.16,152.56
新竹市,香山區,樹下里,751,529289,705,527,331,882,661.11,93.80
新竹市,香山區,浸水里,724,550098,760,592,375,983,584.86,76.98
新竹市,香山區,虎林里,798,665284,834,624,360,1074,738.29,88.56
新竹市,香山區,虎山里,1699,1170827,689,518,344,845,710.77,103.14
新竹市,香山區,港南里,739,503963,682,540,339,851,620.12,90.93
新竹市,香山區,香村里,1068,1269454,1189,668,388,1341,1845.33,155.25
新竹市,香山區,東香里,1466,2492384,1700,1018,491,1987,6763.49,397.82
新竹市,香山區,香山里,1444,1254140,869,614,378,1108,774.80,89.21
新竹市,香山區,大庄里,939,757168,806,597,358,1031,743.12,92.16
新竹市,香山區,美山里,341,255354,749,520,308,942,822.34,109.81
新竹市,香山區,朝山里,621,481471,775,575,364,1027,660.15,85.15
新竹市,香山區,海山里,690,544673,789,589,357,960,783.12,99.21
新竹市,香山區,鹽水里,449,359217,800,579,372,989,783.12,97.89
新竹市,香山區,南港里,248,186181,751,568,383,922,661.86,88.16
新竹市,香山區,內湖里,1377,1187659,862,585,372,1015,1021.13,118.39
新竹市,香山區,中隘里,556,511823,921,635,382,1060,1136.33,123.44
新竹市,香山區,南隘里,280,259254,926,625,398,1116,862.77,93.18
新竹市,香山區,大湖里,279,207026,742,615,377,939,510.32,68.77
新竹市,香山區,茄苳里,252,197526,784,561,334,913,1227.43,156.59
新竹市,香山區,頂福里,1431,1553267,1085,766,429,1450,1026.20,94.54
