縣市,鄉鎮市區,村里,納稅單位,綜合所得總額,平均數,中位數,第一分位數,第三分位數,標準差,變異係數
台北市,松山區,中崙里,1469,2085583,1420,875,422,1634,2348.64,165.43
台北市,松山區,自強里,3168,4386180,1385,836,419,1622,3506.36,253.25
台北市,松山區,鵬程里,1909,2350968,1232,748,403,1502,1864.91,151.43
台北市,松山區,東榮里,2933,5380598,1835,926,437,1996,4628.81,252.32
台北市,松山區,介壽里,1567,2625538,1676,898,450,1785,4618.73,275.66
台北市,松山區,東勢里,1653,2589287,1566,785,409,1599,8839.33,564.30
台北市,松山區,東光里,2657,3481550,1310,797,401,1623,2078.31,158.61
台北市,松山區,中正里,3542,6432393,1816,1012,474,1976,6504.44,358.17
台北市,松山區,復盛里,2308,2625201,1137,737,385,1365,2800.48,246.21
台北市,松山區,復勢里,2302,2946532,1280,795,411,1581,1635.60,127.78
台北市,松山區,美仁里,1251,1886810,1508,888,434,1779,2114.91,140.22
台北市,松山區,吉仁里,1447,1987867,1374,824,415,1639,2260.89,164.57
台北市,松山區,精忠里,1573,3129364,1989,972,456,1924,7263.01,365.08
台北市,松山區,東昌里,935,1612398,1724,906,426,1807,6162.20,357.33
台北市,松山區,福成里,980,2039760,2081,907,428,1868,11459.14,550.55
台北市,松山區,中華里,2325,4653035,2001,992,467,2148,6123.69,305.98
台北市,松山區,吉祥里,3210,4334217,1350,774,403,1492,4484.60,332.14
台北市,松山區,新東里,1774,2016779,1137,782,397,1417,1262.67,111.07
台北市,松山區,三民里,2517,3541016,1407,803,407,1587,3529.74,250.90
台北市,松山區,復建里,1620,2122384,1310,855,443,1708,1422.20,108.56
台北市,松山區,敦化里,2541,3919057,1542,871,453,1699,4308.93,279.38
台北市,松山區,安平里,2912,2921534,1003,671,366,1268,1183.58,117.97
台北市,松山區,富錦里,1887,2709274,1436,797,404,1535,5867.00,408.63
台北市,松山區,莊敬里,1723,1741714,1011,726,414,1313,1027.19,101.62
台北市,松山區,新益里,1707,1847260,1082,724,386,1407,1201.60,111.04
台北市,松山區,富泰里,1699,2158835,1271,817,414,1579,1929.63,151.86
台北市,松山區,龍田里,3618,5512871,1524,1013,485,1976,1771.74,116.28
台北市,松山區,慈祐里,2411,2292259,951,654,369,1196,1031.68,108.51
台北市,松山區,復源里,1117,1573635,1409,793,401,1634,4265.78,302.79
台北市,松山區,民福里,2321,2548401,1098,719,390,1363,1386.70,126.30
台北市,松山區,松基里,1395,3255892,2334,846,403,1814,13558.14,580.90
台北市,松山區,新聚里,2932,3332362,1137,727,384,1366,1997.89,175.79
台北市,松山區,民有里,3463,6076157,1755,827,398,1745,5581.84,318.13
台北市,大安區,建安里,1991,3389586,1702,859,382,1790,3709.76,217.91
台北市,大安區,通安里,1953,2355964,1206,731,403,1481,1551.02,128.57
台北市,大安區,民輝里,2625,6475688,2467,935,436,2016,8953.01,362.92
台北市,大安區,德安里,2116,3995182,1888,876,415,1909,4742.42,251.18
台北市,大安區,敦安里,2384,4912730,2061,938,447,2085,5903.40,286.47
台北市,大安區,光明里,1262,2943803,2333,1099,512,2072,11233.84,481.59
台北市,大安區,永康里,1339,2082994,1556,896,465,1813,2360.72,151.75
台北市,大安區,福住里,2289,4204410,1837,1037,477,2103,3435.47,187.04
台北市,大安區,仁愛里,2157,6019803,2791,950,426,2199,17887.22,640.93
台北市,大安區,義村里,2256,3528235,1564,773,388,1513,10618.94,678.99
台北市,大安區,臥龍里,690,960029,1391,856,416,1614,2183.76,156.95
台北市,大安區,通化里,2116,2458489,1162,698,396,1336,2399.86,206.55
台北市,大安區,龍生里,2393,3993770,1669,968,485,1967,2523.12,151.18
台北市,大安區,新龍里,2410,3514208,1458,890,430,1841,2559.34,175.52
台北市,大安區,住安里,1808,2623011,1451,766,410,1385,3854.81,265.71
台北市,大安區,錦泰里,1304,2011071,1542,957,449,2005,2065.56,133.93
台北市,大安區,建倫里,2420,6010338,2484,923,415,2037,25442.73,1024.43
台北市,大安區,錦華里,1985,3453164,1740,1046,502,2017,4964.63,285.38
台北市,大安區,光武里,2855,4811825,1685,785,376,1570,9189.52,545.24
台北市,大安區,仁慈里,1973,3984083,2019,995,461,2133,6914.76,342.43
台北市,大安區,黎孝里,2800,3029094,1082,728,391,1361,1340.25,123.89
台北市,大安區,民炤里,3092,7085947,2292,985,442,2100,12370.29,539.79
台北市,大安區,昌隆里,1240,1777631,1434,840,426,1705,1914.27,133.53
台北市,大安區,黎和里,1706,1947379,1141,747,413,1443,1346.25,117.94
台北市,大安區,龍雲里,1829,4219722,2307,842,414,1853,20381.67,883.42
台北市,大安區,芳和里,1990,2308845,1160,728,410,1391,1480.94,127.64
台北市,大安區,龍安里,2330,4966044,2131,1025,471,2107,8179.06,383.75
台北市,大安區,義安里,2080,4661373,2241,940,438,2052,8168.34,364.49
台北市,大安區,虎嘯里,1467,2272817,1549,853,418,1793,2718.44,175.46
台北市,大安區,龍淵里,3203,4883122,1525,967,460,1962,2211.63,145.07
台北市,大安區,龍坡里,2122,3473011,1637,987,464,1995,2807.15,171.52
台北市,大安區,龍門里,1611,3279879,2036,1075,490,2178,6108.60,300.04
台北市,大安區,敦煌里,2290,4034188,1762,965,450,1920,4262.22,241.94
台北市,大安區,羣賢里,2248,3504461,1559,825,408,1684,3184.67,204.29
台北市,大安區,車層里,2442,4408981,1805,878,419,1922,3538.18,195.97
台北市,大安區,光信里,2809,4614451,1643,862,444,1764,3511.88,213.78
台北市,大安區,和安里,2438,9901041,4061,993,475,2049,51424.05,1266.25
台北市,大安區,正聲里,1845,3325332,1802,858,410,1912,5994.33,332.58
台北市,大安區,誠安里,1586,1905728,1202,768,373,1440,1481.18,123.27
台北市,大安區,華聲里,1566,2698769,1723,818,414,1684,6336.65,367.69
台北市,大安區,臨江里,1364,1372343,1006,671,394,1220,1137.06,113.01
台北市,大安區,龍陣里,1329,2200450,1656,877,447,1823,3166.22,191.23
台北市,大安區,龍圖里,2573,4107843,1597,889,421,1800,2584.07,161.86
台北市,大安區,古莊里,2629,3689565,1403,862,439,1678,2163.84,154.18
台北市,大安區,錦安里,2156,4575121,2122,1033,473,2052,6423.34,302.70
台北市,大安區,大學里,3155,4907648,1556,925,448,1844,2815.72,181.02
台北市,大安區,古風里,1567,2391807,1526,885,422,1841,3358.18,220.01
台北市,大安區,全安里,1704,3212953,1886,843,414,1879,5096.06,270.27
台北市,大安區,黎元里,1785,1590494,891,652,393,1156,815.07,91.47
台北市,大安區,法治里,1705,2248094,1319,770,399,1510,1945.36,147.54
台北市,大安區,龍泉里,1808,2652206,1467,861,431,1767,2844.14,193.88
台北市,大安區,羣英里,2605,3309044,1270,813,416,1637,1487.77,117.12
台北市,大安區,學府里,752,916189,1218,733,395,1563,1321.43,108.46
台北市,中正區,南門里,942,1654809,1757,875,426,1836,4990.68,284.09
台北市,中正區,龍興里,1248,1480446,1186,814,427,1548,1299.07,109.51
台北市,中正區,愛國里,1119,1383923,1237,768,393,1449,1971.83,159.44
台北市,中正區,龍光里,1198,1742380,1454,932,473,1763,2511.68,172.69
台北市,中正區,河堤里,1755,2107187,1201,757,411,1444,2243.96,186.89
台北市,中正區,龍福里,2074,3012487,1453,921,445,1781,5268.91,362.75
台北市,中正區,螢雪里,1581,1530839,968,637,381,1229,1094.65,113.05
台北市,中正區,永昌里,1570,1323572,843,596,358,1060,868.90,103.07
台北市,中正區,文盛里,921,1139854,1238,853,402,1648,1354.43,109.44
台北市,中正區,忠勤里,1809,1308905,724,548,338,920,641.87,88.71
台北市,中正區,永功里,2048,2194887,1072,723,384,1365,1185.36,110.60
台北市,中正區,螢圃里,1989,2229497,1121,732,402,1412,1386.18,123.67
台北市,中正區,幸市里,1811,3984094,2200,928,446,1892,7361.61,334.63
台北市,中正區,文祥里,2732,4365107,1598,949,423,1995,2900.17,181.51
台北市,中正區,黎明里,1182,1802387,1525,832,415,1588,4308.57,282.55
台北市,中正區,建國里,536,802749,1498,942,471,1805,2039.93,136.21
台北市,中正區,光復里,1312,2019149,1539,747,373,1539,3819.75,248.20
台北市,中正區,東門里,1469,11696147,7962,912,459,1937,229847.14,2886.81
台北市,中正區,板溪里,1225,1437497,1173,747,409,1458,1813.17,154.51
台北市,中正區,文北里,2162,5585065,2583,950,444,2111,16155.23,625.38
台北市,中正區,梅花里,1293,2066614,1598,856,437,1702,3455.31,216.19
台北市,中正區,廈安里,1396,1744427,1250,791,428,1520,1791.75,143.39
台北市,中正區,網溪里,2176,2602504,1196,795,391,1502,1350.56,112.92
台北市,中正區,林興里,1615,2038958,1263,875,420,1516,1915.54,151.72
台北市,中正區,幸福里,1680,2678192,1594,893,433,1772,3252.82,204.05
台北市,中正區,水源里,1077,1202066,1116,744,382,1388,1285.38,115.16
台北市,中正區,富水里,784,1022896,1305,931,488,1585,1351.00,103.55
台北市,中正區,頂東里,2338,2794509,1195,791,413,1516,1585.03,132.61
台北市,中正區,新營里,3098,5213333,1683,1047,497,2102,2956.99,175.72
台北市,中正區,南福里,3576,5642699,1578,1025,479,1996,2065.77,130.92
台北市,中正區,三愛里,3141,5783404,1841,895,421,1944,7687.77,417.53
台北市,萬華區,柳鄉里,1452,1113690,767,539,335,962,1117.61,145.71
台北市,萬華區,雙園里,1459,1351171,926,629,370,1115,944.85,102.03
台北市,萬華區,糖里,1743,1591887,913,627,375,1115,1040.42,113.92
台北市,萬華區,西門里,1259,1311331,1042,696,378,1242,2806.40,269.44
台北市,萬華區,仁德里,1761,2003496,1138,653,363,1347,1664.27,146.28
台北市,萬華區,新起里,2304,2489561,1081,676,377,1236,2263.16,209.45
台北市,萬華區,日善里,1109,916591,827,600,349,1072,777.32,94.05
台北市,萬華區,菜園里,1939,1779198,918,619,338,1106,1212.07,132.09
台北市,萬華區,頂碩里,2328,2066908,888,609,352,1079,1155.04,130.09
台北市,萬華區,福音里,1157,1815027,1569,610,352,1062,13295.41,847.52
台北市,萬華區,華中里,1851,1566020,846,615,361,1083,896.47,105.96
台北市,萬華區,青山里,1546,1340824,867,574,345,1023,1048.89,120.94
台北市,萬華區,新和里,2824,2637188,934,671,372,1201,973.62,104.26
台北市,萬華區,新安里,1728,1363686,789,573,352,988,783.27,99.25
台北市,萬華區,富民里,1434,1176142,820,599,336,1064,786.36,95.88
台北市,萬華區,富福里,1560,1646091,1055,622,350,1141,2740.30,259.70
台北市,萬華區,綠堤里,1033,723708,701,556,335,882,609.58,87.01
台北市,萬華區,忠貞里,1320,1048729,794,575,336,991,765.15,96.31
台北市,萬華區,日祥里,1615,1485748,920,624,360,1133,1460.25,158.73
台北市,萬華區,忠德里,1278,1060237,830,606,360,1085,719.31,86.71
台北市,萬華區,孝德里,994,798672,803,601,358,1027,715.12,89.00
台北市,萬華區,保德里,1075,1139545,1060,644,364,1204,2083.87,196.58
台北市,萬華區,全德里,1339,1366417,1020,664,392,1260,1620.87,158.83
台北市,萬華區,興德里,1227,1009114,822,627,362,1049,730.51,88.82
台北市,萬華區,壽德里,1597,1505808,943,668,375,1190,943.65,100.08
台北市,萬華區,凌霄里,1075,831353,773,594,354,968,638.55,82.57
台北市,萬華區,和平里,1930,1452153,752,571,347,949,682.38,90.69
台北市,萬華區,騰雲里,1039,1003901,966,636,381,1124,1517.68,157.07
台北市,萬華區,榮德里,1001,784841,784,597,345,965,725.00,92.47
台北市,萬華區,福星里,1586,1626518,1026,639,359,1217,1457.60,142.13
台北市,萬華區,和德里,1725,1350774,783,547,336,944,815.95,104.20
台北市,萬華區,萬壽里,1103,1125736,1021,663,349,1216,1248.98,122.38
台北市,萬華區,銘德里,1446,1247559,863,603,352,1075,932.02,108.03
台北市,萬華區,華江里,2517,2044332,812,587,341,1022,788.66,97.10
台北市,萬華區,錦德里,1647,1311291,796,596,357,983,725.41,91.11
台北市,萬華區,新忠里,1086,989985,912,602,356,1162,956.95,104.98
台北市,大同區,建泰里,1365,1537454,1126,716,391,1337,1881.07,167.01
台北市,大同區,建明里,1248,1875280,1503,619,345,1225,12347.48,821.73
台北市,大同區,雙連里,3087,3072015,995,656,376,1217,1626.57,163.45
台北市,大同區,建功里,1497,1952072,1304,634,354,1168,8188.46,627.95
台北市,大同區,景星里,754,630035,836,614,364,1032,935.91,112.01
台北市,大同區,星明里,2041,2299900,1127,712,379,1340,1843.11,163.56
台北市,大同區,朝陽里,1545,1804491,1168,633,353,1247,2317.62,198.43
台北市,大同區,大有里,1702,1692495,994,640,362,1199,1211.04,121.78
台北市,大同區,斯文里,1716,1670569,974,609,347,1094,2645.00,271.69
台北市,大同區,揚雅里,1171,1131034,966,607,363,1111,1411.89,146.18
台北市,大同區,國順里,785,597098,761,553,347,972,667.50,87.76
台北市,大同區,國慶里,1577,1679069,1065,682,372,1334,1246.68,117.09
台北市,大同區,隆和里,943,944142,1001,630,354,1158,1399.27,139.76
台北市,大同區,南芳里,1323,1221557,923,613,349,1204,967.82,104.82
台北市,大同區,鄰江里,2065,1725094,835,594,357,1034,873.61,104.57
台北市,大同區,玉泉里,1061,1200840,1132,711,390,1317,1460.09,129.01
台北市,大同區,光能里,1675,1682269,1004,644,366,1216,1521.04,151.45
台北市,大同區,重慶里,2225,2540134,1142,719,395,1297,1942.07,170.11
台北市,大同區,至聖里,2757,2790568,1012,647,359,1197,1556.22,153.75
台北市,大同區,老師里,1850,1590984,860,617,368,1023,922.24,107.24
台北市,大同區,蓬萊里,1731,2168080,1253,643,359,1224,4049.60,323.32
台北市,大同區,民權里,2152,2573541,1196,765,409,1431,2184.31,182.65
台北市,大同區,文昌里,2,1162,581,581,572,590,24.75,4.26
台北市,大同區,延平里,1338,1263457,944,594,353,1115,1201.95,127.29
台北市,大同區,永樂里,1990,2666591,1340,659,357,1252,5172.92,386.04
台北市,大同區,保安里,1372,1496219,1091,660,348,1195,2228.44,204.34
台北市,中山區,聚盛里,1384,1332606,963,628,345,1102,1599.89,166.16
台北市,中山區,大佳里,283,259632,917,571,327,1090,1342.57,146.34
台北市,中山區,恆安里,1723,2507300,1455,698,371,1332,8631.85,593.17
台北市,中山區,集英里,2400,3470549,1446,693,371,1399,6841.44,473.11
台北市,中山區,正守里,1241,1497807,1207,722,374,1439,2173.85,180.11
台北市,中山區,正義里,1810,2010280,1111,619,328,1075,8570.69,771.68
台北市,中山區,新生里,1656,1598134,965,635,352,1178,1163.71,120.58
台北市,中山區,松江里,2446,3964308,1621,762,396,1475,6392.04,394.39
台北市,中山區,江山里,2892,3459546,1196,743,400,1420,1726.26,144.31
台北市,中山區,中山里,2411,2415841,1002,644,349,1179,1646.28,164.30
台北市,中山區,成功里,2539,7220062,2844,1159,514,2482,11486.08,403.92
台北市,中山區,下埤里,2814,3240378,1152,725,395,1307,1872.40,162.60
台北市,中山區,中原里,1908,2423825,1270,724,408,1345,3163.74,249.04
台北市,中山區,新庄里,1665,1454065,873,605,338,1140,910.41,104.25
台北市,中山區,江寧里,2650,3479422,1313,813,397,1600,1788.82,136.24
台北市,中山區,復華里,1758,2683899,1527,786,392,1665,2712.97,177.70
台北市,中山區,興亞里,2152,3047207,1416,718,369,1471,3883.52,274.26
台北市,中山區,朱園里,1844,4548108,2466,797,395,1594,20297.63,822.95
台北市,中山區,中央里,1338,2076096,1552,754,380,1360,12237.62,788.69
台北市,中山區,新福里,1819,2582583,1420,636,359,1184,15183.29,1069.41
台北市,中山區,中庄里,1803,1834842,1018,636,358,1180,1655.37,162.66
台北市,中山區,康樂里,967,1188585,1229,716,362,1387,2678.52,217.92
台北市,中山區,行政里,2046,2009227,982,645,354,1176,1927.52,196.28
台北市,中山區,聚葉里,1377,1492445,1084,681,370,1232,1905.41,175.80
台北市,中山區,正得里,1476,2064124,1398,730,377,1402,5646.09,403.74
台北市,中山區,中吉里,2087,3131283,1500,783,407,1532,4421.96,294.72
台北市,中山區,新喜里,1878,1978424,1053,650,377,1212,2575.74,244.50
台北市,中山區,埤頭里,1286,1282955,998,682,380,1226,1123.26,112.59
台北市,中山區,大直里,3368,4147428,1231,778,416,1484,1851.25,150.33
台北市,中山區,劍潭里,1181,1304599,1105,730,402,1323,1315.07,119.05
台北市,中山區,力行里,2378,4624376,1945,813,421,1673,6362.67,327.19
台北市,中山區,朱崙里,1078,1407365,1306,725,384,1461,2092.20,160.26
台北市,中山區,晴光里,1924,2605345,1354,694,362,1303,6652.04,491.24
台北市,中山區,永安里,3543,7373784,2081,988,482,2142,4621.65,222.06
台北市,中山區,圓山里,1502,1686945,1123,660,363,1220,5043.05,449.02
台北市,中山區,民安里,1699,2091282,1231,695,360,1316,2414.37,196.15
台北市,中山區,行孝里,1365,1217244,892,633,361,1124,883.03,99.02
台北市,中山區,龍洲里,1870,2271329,1215,739,390,1480,1609.58,132.52
台北市,中山區,行仁里,2718,2534272,932,643,370,1128,1464.26,157.04
台北市,中山區,朱馥里,2099,2348769,1119,682,379,1296,1751.82,156.55
台北市,中山區,金泰里,2719,6158450,2265,1071,509,2057,8048.18,355.33
台北市,中山區,北安里,961,1132520,1178,790,418,1526,1289.62,109.43
台北市,文山區,景美里,1800,2269240,1261,799,435,1512,2072.20,164.37
台北市,文山區,景行里,2293,2715721,1184,747,420,1402,2066.87,174.52
台北市,文山區,景仁里,1637,1999972,1222,808,410,1538,1427.75,116.86
台北市,文山區,萬有里,1931,2408107,1247,806,433,1567,1471.81,118.02
台北市,文山區,景慶里,2166,2247301,1038,739,398,1343,1055.49,101.73
台北市,文山區,萬隆里,2530,2975199,1176,807,427,1570,1296.55,110.25
台北市,文山區,萬祥里,1594,1694369,1063,768,418,1407,1030.73,96.97
台北市,文山區,萬年里,1920,2619541,1364,746,390,1438,8501.14,623.09
台北市,文山區,萬盛里,1693,2134029,1261,766,407,1470,6027.10,478.15
台北市,文山區,萬和里,1065,1232857,1158,779,425,1416,1408.65,121.69
台北市,文山區,興福里,1880,2038263,1084,752,423,1381,1296.74,119.61
台北市,文山區,興得里,2025,2112440,1043,720,397,1339,1044.56,100.13
台北市,文山區,興豐里,1720,2170786,1262,806,423,1613,1492.39,118.25
台北市,文山區,興旺里,2897,3064416,1058,748,430,1341,1202.91,113.72
台北市,文山區,興光里,1187,1462281,1232,785,424,1540,2004.59,162.72
台北市,文山區,興安里,2291,3001528,1310,803,418,1601,2255.20,172.13
台北市,文山區,興昌里,2424,3427382,1414,859,455,1694,2012.44,142.33
台北市,文山區,興泰里,1419,1600245,1128,756,422,1432,1195.66,106.02
台北市,文山區,興業里,1921,2200893,1146,769,411,1453,1322.27,115.41
台北市,文山區,景東里,2360,2692658,1141,799,441,1473,1335.75,117.07
台北市,文山區,景華里,1929,2209223,1145,766,402,1411,1684.22,147.06
台北市,文山區,興家里,2621,2531992,966,689,409,1244,977.88,101.23
台北市,文山區,萬芳里,2797,3097645,1107,751,404,1377,1451.61,131.07
台北市,文山區,木柵里,2981,4338151,1455,827,414,1639,2954.21,203.00
台北市,文山區,博嘉里,1912,2535868,1326,756,424,1492,5439.05,410.09
台北市,文山區,樟腳里,1887,2443723,1295,747,407,1502,2422.52,187.06
台北市,文山區,老泉里,205,152432,744,543,288,1078,718.30,96.60
台北市,文山區,木新里,3049,3186059,1045,660,377,1223,3270.47,312.98
台北市,文山區,指南里,1199,1432938,1195,756,378,1491,1550.37,129.73
台北市,文山區,華興里,2985,4094004,1372,837,428,1666,2112.68,154.04
台北市,文山區,順興里,2481,2590155,1044,704,382,1315,1262.26,120.91
台北市,文山區,萬興里,2814,4051463,1440,832,446,1786,2086.47,144.92
台北市,文山區,明興里,2444,2579367,1055,753,411,1375,1016.37,96.30
台北市,文山區,明義里,904,899433,995,606,340,1198,1245.90,125.22
台北市,文山區,試院里,2422,3016892,1246,791,420,1514,4508.55,361.95
台北市,文山區,樟新里,1985,2547421,1283,835,436,1544,1625.90,126.69
台北市,文山區,樟林里,2890,3181614,1101,718,400,1378,2618.17,237.82
台北市,文山區,忠順里,1466,1924068,1312,816,442,1629,2269.91,172.95
台北市,文山區,萬美里,2395,3195187,1334,772,414,1545,1988.47,149.05
台北市,文山區,興邦里,1662,1884108,1134,802,425,1463,1324.87,116.87
台北市,文山區,樟樹里,1603,1616585,1008,672,377,1266,1400.17,138.84
台北市,文山區,政大里,2474,4477964,1810,1208,544,2257,2258.40,124.77
台北市,文山區,樟文里,2016,2083301,1033,721,393,1303,1118.42,108.23
台北市,南港區,南港里,1990,1941006,975,679,381,1231,995.96,102.11
台北市,南港區,三重里,2515,4488313,1785,940,450,1975,3538.40,198.27
台北市,南港區,新富里,1371,1227128,895,619,383,1083,954.71,106.66
台北市,南港區,中研里,3286,3532654,1075,714,405,1308,1503.78,139.88
台北市,南港區,鴻福里,1657,1721698,1039,720,395,1288,1212.93,116.73
台北市,南港區,東新里,2452,2321215,947,637,372,1171,1045.51,110.44
台北市,南港區,西新里,1680,1494655,890,629,362,1087,981.17,110.28
台北市,南港區,新光里,1302,1506641,1157,639,381,1132,8343.02,720.98
台北市,南港區,百福里,1795,1626580,906,644,386,1147,965.95,106.60
台北市,南港區,玉成里,1675,1626569,971,685,398,1260,1153.45,118.78
台北市,南港區,成福里,2679,2629524,982,656,380,1211,1137.84,115.92
台北市,南港區,中南里,1175,928687,790,591,342,956,817.98,103.49
台北市,南港區,舊庄里,2879,2409647,837,605,360,1040,841.12,100.50
台北市,南港區,九如里,2034,1898681,933,636,371,1175,1152.93,123.51
台北市,南港區,東明里,1692,2115579,1250,803,427,1501,1745.38,139.59
台北市,南港區,合成里,2380,2880553,1210,681,384,1253,3010.46,248.73
台北市,南港區,聯成里,1746,1627889,932,644,372,1189,1010.58,108.39
台北市,南港區,萬福里,1536,1635741,1065,676,397,1301,1388.09,130.35
台北市,南港區,仁福里,1864,1862285,999,706,405,1352,926.18,92.70
台北市,南港區,重陽里,1911,3253372,1702,1036,507,2186,2217.79,130.27
台北市,內湖區,紫陽里,2967,3852717,1299,783,436,1486,2565.44,197.57
台北市,內湖區,紫星里,2816,3028932,1076,714,404,1350,1213.46,112.82
台北市,內湖區,湖興里,2790,3084427,1106,733,414,1346,1622.11,146.73
台北市,內湖區,大湖里,2087,3047161,1460,896,463,1650,2831.49,193.93
台北市,內湖區,紫雲里,1948,2062608,1059,727,393,1349,1165.41,110.07
台北市,內湖區,瑞陽里,2775,3330527,1200,788,437,1471,1567.64,130.62
台北市,內湖區,清白里,3251,5137234,1580,920,461,1929,2515.05,159.16
台北市,內湖區,港墘里,2178,2575849,1183,762,421,1471,1442.45,121.97
台北市,內湖區,西湖里,2619,2616006,999,670,389,1243,1409.97,141.16
台北市,內湖區,石潭里,1408,1972609,1401,832,427,1592,2263.52,161.56
台北市,內湖區,葫洲里,2524,3640069,1442,942,481,1811,1814.95,125.85
台北市,內湖區,五分里,3389,3271023,965,688,413,1223,1062.34,110.07
台北市,內湖區,內湖里,2214,2488996,1124,726,389,1397,1421.91,126.48
台北市,內湖區,週美里,2796,4150333,1484,802,438,1600,2449.85,165.04
台北市,內湖區,內溝里,1634,1606157,983,672,401,1226,974.37,99.13
台北市,內湖區,碧山里,2298,2599901,1131,741,408,1368,1758.07,155.39
台北市,內湖區,瑞光里,1650,1722428,1044,714,394,1308,1221.88,117.05
台北市,內湖區,金龍里,1861,1734275,932,673,388,1217,928.28,99.61
台北市,內湖區,行善里,2298,2176884,947,684,396,1233,847.71,89.49
台北市,內湖區,湖濱里,2998,4429620,1478,829,426,1688,2814.60,190.49
台北市,內湖區,東湖里,2769,2568700,928,675,387,1169,888.05,95.73
台北市,內湖區,樂康里,2908,2680888,922,689,404,1192,846.55,91.83
台北市,內湖區,西安里,2528,2786563,1102,746,414,1369,1303.26,118.23
台北市,內湖區,西康里,3433,4847723,1412,791,429,1588,3013.71,213.42
台北市,內湖區,港富里,3201,3776478,1180,754,405,1415,1981.59,167.96
台北市,內湖區,港華里,3219,4115876,1279,738,401,1411,2709.14,211.88
台北市,內湖區,港都里,1972,2377316,1206,741,409,1434,2059.79,170.86
台北市,內湖區,金瑞里,2271,2335413,1028,725,416,1282,1056.29,102.72
台北市,內湖區,湖元里,2116,2481398,1173,748,416,1392,2000.05,170.55
台北市,內湖區,安湖里,2712,3091946,1140,734,414,1427,1598.68,140.22
台北市,內湖區,秀湖里,2408,3913777,1625,855,440,1794,2853.78,175.58
台北市,內湖區,安泰里,1814,1641527,905,660,394,1152,875.52,96.75
台北市,內湖區,金湖里,3514,7988533,2273,1177,545,2496,4357.18,191.66
台北市,內湖區,康寧里,2986,3707066,1241,844,450,1606,1678.45,135.20
台北市,內湖區,明湖里,1789,1884066,1053,726,411,1373,1075.25,102.10
台北市,內湖區,蘆洲里,382,299723,785,581,388,945,705.30,89.89
台北市,內湖區,麗山里,2059,2536297,1232,771,432,1486,2108.12,171.14
台北市,內湖區,寶湖里,3148,6494739,2063,1274,566,2521,2849.53,138.12
台北市,內湖區,南湖里,1894,3207906,1694,1125,542,2178,2109.21,124.53
台北市,士林區,仁勇里,1276,1467909,1150,649,359,1257,4928.37,428.40
台北市,士林區,福林里,1019,1599711,1570,759,405,1472,8285.38,527.77
台北市,士林區,福志里,2832,3629152,1281,750,397,1539,2252.31,175.76
台北市,士林區,福德里,1541,1755300,1139,719,391,1475,1303.15,114.40
台北市,士林區,福佳里,2675,3281006,1227,718,385,1395,2137.63,174.28
台北市,士林區,舊佳里,2181,2735274,1254,682,365,1317,5164.43,411.79
台北市,士林區,富光里,1721,1312503,763,579,364,952,682.63,89.51
台北市,士林區,後港里,2776,2907644,1047,672,385,1258,1588.29,151.64
台北市,士林區,前港里,1511,1665981,1103,715,398,1312,1563.14,141.77
台北市,士林區,福中里,2294,2314020,1009,681,395,1248,1275.74,126.47
台北市,士林區,葫蘆里,2389,2076520,869,646,371,1093,1149.69,132.27
台北市,士林區,福順里,1639,1422884,868,612,362,1072,985.08,113.47
台北市,士林區,葫東里,1293,1158131,896,617,355,1074,1317.38,147.08
台北市,士林區,社新里,2697,2189345,812,594,367,1022,734.38,90.47
台北市,士林區,社子里,2012,1748493,869,619,373,1065,936.13,107.72
台北市,士林區,永倫里,2315,1923916,831,606,368,1032,810.23,97.49
台北市,士林區,翠山里,1013,1289969,1273,737,377,1478,2397.95,188.31
台北市,士林區,福安里,1198,914397,763,557,349,895,823.24,107.86
台北市,士林區,富洲里,1547,1141300,738,558,348,923,644.15,87.31
台北市,士林區,承德里,2066,2418269,1171,752,406,1409,1564.93,133.70
台北市,士林區,蘭雅里,3175,4229804,1332,780,407,1494,3254.60,244.30
台北市,士林區,德行里,1592,1895078,1190,699,362,1335,2512.63,211.08
台北市,士林區,忠誠里,2110,3386697,1605,733,389,1495,6643.61,413.91
台北市,士林區,三玉里,2205,3375022,1531,792,424,1515,3849.39,251.49
台北市,士林區,芝山里,2736,5270883,1926,802,413,1588,17316.10,898.84
台北市,士林區,岩山里,1178,1888540,1603,699,387,1460,7791.84,486.03
台北市,士林區,義信里,1044,1261583,1208,708,383,1316,2281.73,188.82
台北市,士林區,永福里,421,1657001,3936,831,430,1930,14968.35,380.31
台北市,士林區,新安里,686,3249519,4737,612,349,1357,52561.08,1109.61
台北市,士林區,公館里,394,698829,1774,668,389,1243,5613.47,316.49
台北市,士林區,陽明里,1005,1780157,1771,712,383,1423,5418.29,305.89
台北市,士林區,菁山里,438,966408,2206,638,395,1076,23101.56,1047.02
台北市,士林區,平等里,380,387336,1019,629,368,999,2646.33,259.62
台北市,士林區,溪山里,368,455366,1237,568,332,960,8213.84,663.79
台北市,士林區,百齡里,2432,2083560,857,643,393,1111,733.68,85.64
台北市,士林區,天玉里,3142,5804766,1847,843,425,1746,8052.71,435.88
台北市,士林區,天福里,2249,2762608,1228,759,400,1435,2220.93,180.80
台北市,士林區,天祿里,1932,2504859,1297,783,418,1467,2558.83,197.36
台北市,士林區,天壽里,1907,4389828,2302,927,475,1891,16146.60,701.43
台北市,士林區,東山里,1726,2950173,1709,736,403,1469,7113.95,416.20
台北市,士林區,福華里,1875,1580638,843,603,373,1057,880.02,104.39
台北市,士林區,聖山里,1810,2456729,1357,814,434,1573,2821.69,207.89
台北市,士林區,天和里,2782,4779848,1718,808,413,1677,6811.06,396.42
台北市,士林區,明勝里,1737,1746397,1005,684,390,1224,1126.25,112.02
台北市,士林區,社園里,2194,1778924,811,601,365,1023,727.48,89.72
台北市,士林區,蘭興里,2368,3280298,1385,822,411,1647,2074.11,149.73
台北市,士林區,天母里,2501,5424513,2169,858,411,1751,12541.81,578.25
台北市,士林區,名山里,2653,3392827,1279,768,405,1536,1817.46,142.12
台北市,士林區,德華里,1957,2184452,1116,683,371,1244,5276.18,472.68
台北市,士林區,天山里,2529,3427382,1355,774,398,1517,2379.56,175.58
台北市,士林區,臨溪里,1119,2489470,2225,876,434,1798,4897.11,220.12
台北市,北投區,湖山里,515,643995,1250,648,366,1193,6565.94,525.07
台北市,北投區,永欣里,2929,5706428,1948,1048,470,2282,3432.14,176.17
台北市,北投區,泉源里,671,642828,958,560,361,946,2362.72,246.63
台北市,北投區,一德里,2377,2419210,1018,659,371,1217,1340.60,131.72
台北市,北投區,關渡里,3631,3786273,1043,660,377,1214,1607.97,154.20
台北市,北投區,桃源里,2078,1999893,962,647,391,1212,1059.03,110.04
台北市,北投區,文化里,1404,1578102,1124,795,407,1537,1140.94,101.51
台北市,北投區,永和里,3189,4939555,1549,828,418,1669,3358.84,216.85
台北市,北投區,立農里,2982,3017918,1012,708,396,1302,1118.74,110.54
台北市,北投區,清江里,2717,2561223,943,634,367,1117,1503.82,159.53
台北市,北投區,八仙里,1849,2011251,1088,683,368,1352,1404.95,129.16
台北市,北投區,洲美里,621,505066,813,596,356,982,761.30,93.60
台北市,北投區,中和里,1720,1855452,1079,669,369,1277,1499.80,139.03
台北市,北投區,開明里,2191,2689846,1228,676,400,1287,3485.11,283.88
台北市,北投區,長安里,2041,2012426,986,640,354,1197,1475.98,149.69
台北市,北投區,大同里,2017,2224756,1103,679,373,1299,1657.45,150.27
台北市,北投區,福興里,2341,2520928,1077,728,406,1340,1277.08,118.59
台北市,北投區,石牌里,1912,1942301,1016,683,390,1256,1094.44,107.74
台北市,北投區,奇岩里,3367,4407750,1309,694,382,1363,5331.65,407.27
台北市,北投區,稻香里,1594,1464119,919,665,372,1117,1075.71,117.11
台北市,北投區,中央里,2914,3100515,1064,676,370,1296,1373.03,129.04
台北市,北投區,溫泉里,2291,2405930,1050,657,369,1285,1641.88,156.35
台北市,北投區,立賢里,1824,1849174,1014,690,380,1289,1098.47,108.35
台北市,北投區,中心里,2197,2482100,1130,682,372,1308,2274.23,201.30
台北市,北投區,智仁里,1982,1726548,871,643,378,1089,813.95,93.44
台北市,北投區,吉利里,2266,2460753,1086,765,401,1408,1120.53,103.18
台北市,北投區,尊賢里,1553,1521679,980,682,384,1235,1224.94,125.02
台北市,北投區,東華里,1490,1573281,1056,671,366,1405,1238.14,117.26
台北市,北投區,吉慶里,1758,1910534,1087,745,409,1389,1291.08,118.80
台北市,北投區,中庸里,1395,1268212,909,612,360,1112,1176.94,129.46
台北市,北投區,秀山里,996,855770,859,598,356,1093,837.06,97.42
台北市,北投區,建民里,1459,1785941,1224,719,385,1356,1862.45,152.15
台北市,北投區,榮光里,2316,2403319,1038,723,395,1295,1110.49,107.01
台北市,北投區,裕民里,2797,3727617,1333,770,404,1462,1958.76,146.97
台北市,北投區,振華里,2696,3163333,1173,748,413,1449,1595.28,135.96
台北市,北投區,榮華里,2736,4277229,1563,819,433,1649,5089.78,325.58
台北市,北投區,豐年里,1421,1201941,846,613,374,1091,777.82,91.96
台北市,北投區,林泉里,1057,1001941,948,664,370,1222,1172.92,123.74
台北市,北投區,永明里,1612,1945340,1207,766,434,1484,1548.15,128.29
台北市,北投區,文林里,1483,1723188,1162,714,392,1360,1830.26,157.51
台北市,北投區,大屯里,346,536612,1551,588,367,1145,7029.89,453.28
台北市,北投區,湖田里,262,267643,1022,586,315,1044,2167.91,212.22
台北市,信義區,松友里,2306,2366184,1026,724,412,1284,1080.63,105.31
台北市,信義區,六藝里,1210,1204853,996,699,400,1257,994.94,99.92
台北市,信義區,中興里,1323,1699156,1284,780,390,1553,1718.13,133.78
台北市,信義區,永吉里,1008,871593,865,588,346,982,1608.16,185.98
台北市,信義區,敦厚里,1955,2237028,1144,752,401,1433,1440.28,125.87
台北市,信義區,大道里,2201,2305483,1047,704,410,1305,1248.44,119.19
台北市,信義區,安康里,3857,12855797,3333,995,482,2193,18271.81,548.19
台北市,信義區,嘉興里,1168,1166569,999,653,371,1255,1157.85,115.93
台北市,信義區,五全里,1765,1878907,1065,666,364,1245,1698.97,159.60
台北市,信義區,新仁里,1258,1731552,1376,862,413,1688,2244.95,163.10
台北市,信義區,正和里,1655,2286983,1382,797,380,1651,2385.16,172.60
台北市,信義區,惠安里,2216,2207064,996,695,400,1286,976.00,98.00
台北市,信義區,三犁里,1927,4367239,2266,805,418,1644,10758.98,474.73
台北市,信義區,六合里,2461,4207270,1710,773,412,1527,10419.23,609.46
台北市,信義區,泰和里,2620,2732658,1043,674,388,1209,1767.92,169.50
台北市,信義區,西村里,1695,1850818,1092,744,384,1397,1233.09,112.93
台北市,信義區,興隆里,1028,4647315,4521,815,387,1802,70619.52,1562.12
台北市,信義區,景新里,1855,4420832,2383,850,421,1730,9088.07,381.34
台北市,信義區,景聯里,1657,1874331,1131,751,392,1397,1331.19,117.68
台北市,信義區,景勤里,1353,1382672,1022,714,415,1269,1096.12,107.26
台北市,信義區,黎順里,1477,1670253,1131,741,397,1409,1289.90,114.07
台北市,信義區,黎平里,2530,2740620,1083,742,403,1349,1181.46,109.07
台北市,信義區,黎忠里,1611,1621073,1006,711,418,1229,1137.07,113.00
台北市,信義區,松隆里,680,572629,842,641,364,1060,773.94,91.91
台北市,信義區,中坡里,1547,1548005,1001,649,384,1166,2176.78,217.54
台北市,信義區,永春里,1611,1511243,938,669,390,1168,931.34,99.28
台北市,信義區,富臺里,1580,1875785,1187,792,403,1493,1493.36,125.79
台北市,信義區,長春里,1328,1191237,897,619,369,1116,955.35,106.50
台北市,信義區,五常里,1283,1352150,1054,694,395,1276,1298.67,123.23
台北市,信義區,四維里,1869,2038601,1091,677,386,1281,1966.23,180.27
台北市,信義區,雅祥里,1721,1937890,1126,704,380,1294,1774.49,157.59
台北市,信義區,興雅里,2090,2381427,1139,754,388,1421,1401.99,123.04
台北市,信義區,廣居里,2810,3644135,1297,830,421,1601,1976.38,152.40
台北市,信義區,中行里,2621,2494819,952,676,394,1172,1130.90,118.81
台北市,信義區,四育里,1922,1899359,988,699,402,1273,1022.72,103.49
台北市,信義區,國業里,2575,3143458,1221,803,414,1522,1565.66,128.25
台北市,信義區,松光里,1739,1839116,1058,716,397,1338,1186.23,112.17
台北市,信義區,大仁里,1297,1181309,911,674,363,1204,871.12,95.64
台北市,信義區,雙和里,2500,2716587,1087,739,415,1377,1268.84,116.77
台北市,信義區,黎安里,453,380171,839,585,351,1055,897.19,106.91
台北市,信義區,三張里,3149,4225647,1342,729,388,1370,5135.09,382.67
台中市,中區,繼光里,455,380839,837,513,304,907,1371.04,163.80
台中市,中區,大墩里,673,773950,1150,569,309,1143,5338.45,464.21
台中市,中區,綠川里,520,392532,755,501,248,883,880.23,116.61
台中市,中區,公園里,475,494159,1040,584,314,1145,1471.72,141.47
台中市,中區,光復里,602,683574,1136,576,291,1136,3252.81,286.46
台中市,中區,柳川里,456,358721,787,534,298,968,908.43,115.48
台中市,中區,大誠里,603,498268,826,596,331,1028,879.52,106.44
台中市,中區,中華里,445,405561,911,543,302,1105,1278.09,140.24
台中市,東區,新庄里,864,750899,869,556,315,988,1023.64,117.78
台中市,東區,泉源里,509,376673,740,538,292,927,692.56,93.59
台中市,東區,東門里,2179,1544954,709,504,294,839,745.32,105.12
台中市,東區,東勢里,737,543034,737,548,323,953,637.02,86.46
台中市,東區,合作里,1063,784292,738,593,336,929,662.17,89.75
台中市,東區,振興里,978,777917,795,548,308,982,1377.67,173.20
台中市,東區,東橋里,1169,991014,848,508,287,918,3467.67,409.05
台中市,東區,旱溪里,689,719474,1044,556,304,906,7960.74,762.36
台中市,東區,樂成里,595,460517,774,551,314,954,766.69,99.06
台中市,東區,干城里,719,577636,803,570,323,969,800.70,99.67
台中市,東區,東南里,1078,813262,754,538,320,924,804.59,106.65
台中市,東區,十甲里,1405,1129037,804,542,319,970,988.80,123.05
台中市,東區,富臺里,439,284346,648,508,290,830,596.51,92.10
台中市,東區,富仁里,1181,1023585,867,599,322,1098,926.97,106.95
台中市,東區,東興里,992,821019,828,576,314,1004,1184.43,143.11
台中市,東區,東信里,3003,2390348,796,544,314,932,2966.69,372.71
台中市,東區,東英里,2155,1899305,881,605,330,1140,1009.59,114.55
台中市,西區,民生里,700,759131,1084,700,349,1313,1918.21,176.88
台中市,西區,利民里,513,643313,1254,803,379,1563,1476.56,117.75
台中市,西區,三民里,675,863344,1279,886,397,1754,1324.77,103.58
台中市,西區,東昇里,871,919114,1055,726,399,1295,1081.34,102.47
台中市,西區,廣民里,454,415834,916,576,305,1017,1495.90,163.32
台中市,西區,平和里,702,694940,990,679,340,1336,1114.00,112.53
台中市,西區,公民里,1693,1808237,1068,649,358,1285,1542.31,144.40
台中市,西區,公舘里,1789,1675138,936,614,343,1129,1151.70,123.00
台中市,西區,和龍里,638,516600,810,524,300,960,1272.19,157.12
台中市,西區,民龍里,1108,1244780,1123,665,364,1276,1434.10,127.65
台中市,西區,後龍里,1163,1518448,1306,671,339,1330,3374.43,258.45
台中市,西區,安龍里,1049,1271620,1212,648,346,1278,3449.91,284.59
台中市,西區,忠明里,2057,2571379,1250,642,341,1323,2396.44,191.71
台中市,西區,公正里,2288,2324143,1016,678,372,1276,1153.45,113.55
台中市,西區,昇平里,1968,1937192,984,646,348,1163,1187.91,120.68
台中市,西區,土庫里,2049,2688734,1312,689,355,1376,3107.13,236.78
台中市,西區,藍興里,1446,1469661,1016,690,369,1267,1304.56,128.36
台中市,西區,吉龍里,2388,3029728,1269,704,355,1366,3882.25,305.99
台中市,西區,忠誠里,2142,2416455,1128,643,330,1162,3471.36,307.71
台中市,西區,公益里,887,661710,746,540,322,933,694.68,93.12
台中市,西區,中興里,1295,2108208,1628,668,339,1328,7941.29,487.81
台中市,西區,公平里,1756,2059459,1173,663,345,1194,6654.04,567.36
台中市,西區,公德里,1567,1663529,1062,693,377,1289,1284.47,120.99
台中市,西區,大忠里,1635,1828315,1118,781,400,1440,1367.08,122.25
台中市,西區,双龍里,963,1029232,1069,621,336,1184,1624.27,151.97
台中市,南區,城隍里,1240,1000118,807,598,320,1028,863.45,107.06
台中市,南區,南門里,1288,1202080,933,625,348,1156,959.42,102.80
台中市,南區,德義里,1058,944702,893,623,352,1148,848.93,95.07
台中市,南區,積善里,863,698712,810,578,355,991,806.93,99.67
台中市,南區,江川里,1051,979229,932,636,327,1149,1052.33,112.95
台中市,南區,新榮里,1515,1367843,903,667,364,1177,971.15,107.56
台中市,南區,福興里,1308,1024970,784,589,326,1012,690.71,88.14
台中市,南區,和平里,1426,1258063,882,631,368,1075,957.69,108.55
台中市,南區,永興里,2523,2358036,935,665,365,1213,922.26,98.68
台中市,南區,樹義里,3705,3325762,898,664,368,1148,817.95,91.12
台中市,南區,樹德里,2861,2708828,947,701,387,1253,885.35,93.51
台中市,南區,西川里,1517,1387207,914,658,351,1203,852.51,93.23
台中市,南區,國光里,1339,1083608,809,579,311,1014,842.50,104.11
台中市,南區,福平里,1789,1424105,796,575,338,1003,797.56,100.19
台中市,南區,長榮里,944,789694,837,576,330,1010,856.86,102.43
台中市,南區,長春里,713,626959,879,603,325,1081,966.53,109.92
台中市,南區,福順里,2164,1886875,872,639,355,1106,813.02,93.24
台中市,南區,平和里,1213,1005796,829,570,334,1013,840.42,101.36
台中市,南區,南和里,2217,1967434,887,631,353,1173,872.20,98.28
台中市,南區,永和里,1508,1215311,806,604,341,1003,775.78,96.26
台中市,南區,工學里,2311,2170724,939,713,382,1228,825.31,87.86
台中市,南區,崇倫里,1920,1705562,888,665,382,1156,823.50,92.70
台中市,北區,光大里,536,383240,715,493,278,860,764.30,106.89
台中市,北區,新興里,427,356067,834,532,291,941,1861.40,223.22
台中市,北區,錦村里,1059,887684,838,608,346,1032,807.37,96.32
台中市,北區,邱厝里,778,865538,1113,672,341,1335,1471.65,132.28
台中市,北區,賴厝里,1391,1388594,998,689,375,1311,1143.36,114.53
台中市,北區,賴村里,1390,1306468,940,598,335,1052,2617.52,278.49
台中市,北區,淡溝里,1705,1786599,1048,667,366,1282,1299.20,123.99
台中市,北區,中達里,779,638284,819,564,340,982,936.21,114.26
台中市,北區,新北里,651,889273,1366,661,338,1321,3550.91,259.95
台中市,北區,樂英里,668,483404,724,550,302,879,720.12,99.51
台中市,北區,錦洲里,1051,868897,827,575,335,989,909.65,110.03
台中市,北區,金龍里,1327,1011103,762,558,312,952,848.47,111.36
台中市,北區,文莊里,1038,826777,797,539,303,941,1058.35,132.87
台中市,北區,金華里,821,921775,1123,714,376,1304,1449.06,129.06
台中市,北區,五常里,377,314450,834,611,334,923,867.69,104.03
台中市,北區,育德里,1214,1424365,1173,622,347,1262,2581.30,220.01
台中市,北區,頂厝里,1436,1491028,1038,676,353,1227,1331.46,128.23
台中市,北區,建興里,1830,1561893,853,599,336,1051,932.96,109.31
台中市,北區,建成里,1592,1111393,698,539,338,879,603.12,86.39
台中市,北區,健行里,2119,3079450,1453,655,346,1226,17585.63,1210.08
台中市,北區,明德里,1873,1726094,922,611,336,1146,1161.10,125.99
台中市,北區,長青里,2041,1683043,825,589,332,1028,860.03,104.29
台中市,北區,賴興里,1361,1196430,879,617,359,1084,1293.76,147.17
台中市,北區,賴明里,1260,1074509,853,565,326,1022,1191.59,139.73
台中市,北區,錦祥里,1038,855196,824,560,336,998,983.05,119.32
台中市,北區,建德里,1037,817352,788,563,315,968,1292.19,163.94
台中市,北區,崇德里,1150,1135363,987,663,353,1249,1099.92,111.41
台中市,北區,賴旺里,1240,998580,805,572,321,991,940.67,116.81
台中市,北區,明新里,877,740194,844,555,327,961,1785.62,211.57
台中市,北區,立人里,1155,974867,844,628,354,1080,805.30,95.41
台中市,北區,賴福里,1313,1624193,1237,764,407,1454,1807.50,146.12
台中市,北區,梅川里,1035,1064815,1029,665,353,1212,1328.41,129.12
台中市,北區,錦平里,627,574641,916,611,345,1246,897.24,97.90
台中市,北區,中正里,434,381175,878,595,345,1160,832.17,94.75
台中市,北區,大湖里,502,332540,662,501,287,833,607.67,91.73
台中市,北區,六合里,491,367509,748,530,281,1022,739.11,98.75
台中市,西屯區,西安里,1648,1791130,1087,684,376,1283,2775.20,255.34
台中市,西屯區,西墩里,1650,1965351,1191,691,366,1356,2117.17,177.75
台中市,西屯區,潮洋里,1663,2227090,1339,792,400,1643,1850.80,138.20
台中市,西屯區,龍潭里,229,183936,803,547,361,949,764.63,95.20
台中市,西屯區,惠來里,4971,11717165,2357,1042,474,2342,6450.26,273.65
台中市,西屯區,何安里,1817,1728006,951,638,349,1168,1075.21,113.06
台中市,西屯區,何厝里,1086,1048311,965,549,328,994,5680.85,588.51
台中市,西屯區,上石里,1712,1651902,965,719,387,1262,894.19,92.67
台中市,西屯區,大河里,1294,1096797,848,577,326,998,970.63,114.51
台中市,西屯區,大石里,581,402491,693,525,302,927,582.48,84.08
台中市,西屯區,港尾里,1522,1291455,849,602,340,1092,874.13,103.02
台中市,西屯區,廣福里,722,579724,803,588,340,1008,803.07,100.02
台中市,西屯區,林厝里,1115,1550009,1390,723,399,1620,2391.12,172.01
台中市,西屯區,永安里,4283,4533110,1058,727,402,1305,1454.56,137.43
台中市,西屯區,福安里,992,1296800,1307,785,395,1540,3142.36,240.38
台中市,西屯區,協和里,1420,1535149,1081,622,347,1117,5576.67,515.84
台中市,西屯區,鵬程里,698,518258,742,597,333,999,595.82,80.25
台中市,西屯區,逢甲里,1445,1268981,878,629,368,1133,979.33,111.52
台中市,西屯區,大福里,805,573832,713,539,318,908,648.70,91.00
台中市,西屯區,大鵬里,1479,1191704,806,590,335,991,811.92,100.77
台中市,西屯區,西平里,1595,1514875,950,673,369,1252,910.02,95.81
台中市,西屯區,何仁里,2187,1864783,853,612,343,1089,840.05,98.52
台中市,西屯區,何德里,1329,1284055,966,666,374,1170,1250.27,129.40
台中市,西屯區,何源里,2193,1988051,907,642,353,1115,926.07,102.15
台中市,西屯區,何南里,1694,1598143,943,651,348,1186,987.76,104.70
台中市,西屯區,至善里,1573,1696532,1079,745,394,1421,1548.78,143.60
台中市,西屯區,上安里,1872,2000548,1069,773,440,1360,1137.21,106.41
台中市,西屯區,上德里,1539,1466811,953,653,366,1219,917.42,96.26
台中市,西屯區,逢福里,1802,1759890,977,703,382,1253,925.77,94.79
台中市,西屯區,何明里,1268,1111520,877,605,347,1062,949.20,108.28
台中市,西屯區,何成里,2578,2567261,996,671,351,1243,1143.18,114.80
台中市,西屯區,何福里,1505,1319880,877,622,349,1079,896.71,102.25
台中市,西屯區,福和里,1396,1216648,872,584,346,1009,1143.39,131.19
台中市,西屯區,福中里,1179,1175087,997,616,368,1082,2728.56,273.76
台中市,西屯區,福恩里,1758,2013429,1145,806,421,1454,1961.48,171.26
台中市,西屯區,福聯里,960,1087707,1133,726,390,1268,2199.85,194.16
台中市,西屯區,福瑞里,1017,1159462,1140,779,434,1343,1185.34,103.97
台中市,西屯區,福林里,2673,3891750,1456,945,478,1752,2147.45,147.50
台中市,西屯區,福雅里,1986,2322084,1169,774,396,1427,1849.08,158.15
台中市,南屯區,南屯里,3036,3411168,1124,751,406,1430,1327.32,118.13
台中市,南屯區,豐樂里,4043,5266298,1303,805,410,1677,2063.96,158.45
台中市,南屯區,楓樹里,1783,1733949,972,668,379,1184,1003.89,103.23
台中市,南屯區,中和里,1407,1031259,733,554,323,922,689.57,94.08
台中市,南屯區,鎮平里,464,378325,815,603,344,1015,804.87,98.71
台中市,南屯區,春社里,1800,1491056,828,622,363,1062,773.89,93.42
台中市,南屯區,文山里,3169,2915190,920,713,411,1148,986.44,107.23
台中市,南屯區,新生里,276,277230,1004,618,339,980,1688.73,168.12
台中市,南屯區,永定里,1573,1523827,969,662,393,1179,1139.74,117.65
台中市,南屯區,三厝里,2301,2826425,1228,818,447,1493,2150.50,175.07
台中市,南屯區,溝墘里,2021,2807759,1389,804,405,1573,2863.15,206.09
台中市,南屯區,田心里,2124,2374147,1118,707,381,1383,1418.59,126.91
台中市,南屯區,春安里,178,170281,957,621,381,1032,1600.20,167.27
台中市,南屯區,黎明里,1546,1433285,927,632,365,1133,1032.97,111.42
台中市,南屯區,大同里,1727,1713303,992,662,361,1245,1320.02,133.06
台中市,南屯區,文心里,1255,1694704,1350,727,373,1383,4819.66,356.92
台中市,南屯區,同心里,1793,1912869,1067,680,367,1273,1708.92,160.18
台中市,南屯區,向心里,1531,1837448,1200,744,357,1509,1441.52,120.11
台中市,南屯區,大業里,2344,2619027,1117,737,375,1460,1209.52,108.25
台中市,南屯區,惠中里,2640,4002250,1516,873,433,1757,2626.46,173.25
台中市,南屯區,大誠里,1325,1438204,1085,700,377,1368,1182.87,108.98
台中市,南屯區,大興里,1432,1452081,1014,671,363,1195,1874.15,184.82
台中市,南屯區,寶山里,1795,1674880,933,687,396,1142,1548.50,165.96
台中市,南屯區,三和里,3004,4492412,1495,965,476,1740,5237.29,350.21
台中市,南屯區,三義里,2276,2845166,1250,905,457,1595,1349.58,107.96
台中市,北屯區,北屯里,1154,1090972,945,626,350,1145,1201.27,127.07
台中市,北屯區,三光里,2353,1970205,837,625,332,1074,834.25,99.63
台中市,北屯區,舊社里,1889,1598926,846,617,337,1066,909.24,107.42
台中市,北屯區,水景里,4484,4636268,1034,680,361,1242,2025.61,195.91
台中市,北屯區,軍功里,3671,3457839,942,651,357,1185,1025.57,108.88
台中市,北屯區,和平里,2741,2480422,905,638,366,1104,974.46,107.68
台中市,北屯區,平田里,1791,1507603,842,588,324,1046,879.87,104.53
台中市,北屯區,東山里,600,490137,817,557,300,982,956.78,117.12
台中市,北屯區,大坑里,549,438238,798,515,307,903,902.88,113.11
台中市,北屯區,民德里,237,197784,835,552,296,1121,773.67,92.71
台中市,北屯區,廍子里,2322,2512108,1082,727,380,1269,2148.29,198.57
台中市,北屯區,平和里,1754,1650356,941,649,354,1212,985.49,104.74
台中市,北屯區,民政里,248,236320,953,507,280,950,1962.50,205.95
台中市,北屯區,松竹里,2962,3102016,1047,704,387,1316,1126.01,107.52
台中市,北屯區,仁美里,2626,2968221,1130,712,367,1346,2324.72,205.67
台中市,北屯區,仁和里,2646,2993264,1131,737,370,1461,1437.85,127.10
台中市,北屯區,四民里,451,328173,728,529,308,935,676.24,92.93
台中市,北屯區,同榮里,1718,1505983,877,622,350,1107,984.64,112.33
台中市,北屯區,陳平里,1393,1117707,802,578,337,1013,794.14,98.97
台中市,北屯區,后庄里,3213,3060979,953,671,355,1209,1110.25,116.54
台中市,北屯區,仁愛里,331,230944,698,489,285,853,765.77,109.75
台中市,北屯區,北興里,1076,836690,778,537,302,952,886.58,114.02
台中市,北屯區,東光里,1388,1073214,773,585,329,1000,687.70,88.94
台中市,北屯區,新平里,1184,840429,710,514,301,866,712.16,100.33
台中市,北屯區,水湳里,2001,1854620,927,575,339,982,3438.50,370.99
台中市,北屯區,平安里,1755,1579710,900,578,311,1038,2185.15,242.76
台中市,北屯區,平德里,2197,2020172,920,646,344,1141,928.34,100.96
台中市,北屯區,平順里,1058,853188,806,615,339,1027,730.06,90.53
台中市,北屯區,大德里,1551,1279260,825,592,343,1018,815.02,98.81
台中市,北屯區,松安里,1613,1409645,874,583,350,1030,2637.57,301.81
台中市,北屯區,松茂里,1746,1509432,865,643,363,1090,819.45,94.79
台中市,北屯區,平心里,1605,1369782,853,620,350,1093,815.67,95.57
台中市,北屯區,平福里,1330,1432571,1077,726,383,1382,1265.15,117.46
台中市,北屯區,平昌里,1370,1195155,872,606,334,1066,957.40,109.75
台中市,北屯區,平陽里,1607,1489531,927,616,341,1107,1115.53,120.35
台中市,北屯區,忠平里,1258,1102306,876,603,343,1018,1708.44,194.97
台中市,北屯區,松勇里,1666,1477241,887,619,368,1116,893.87,100.81
台中市,北屯區,松強里,2162,2532869,1172,758,396,1401,2294.34,195.84
台中市,北屯區,松和里,1926,1551160,805,581,334,984,875.03,108.65
台中市,北屯區,平興里,2027,1712072,845,616,345,1092,835.64,98.94
台中市,北屯區,北京里,1027,955816,931,567,325,989,2758.95,296.44
台中市,北屯區,三和里,1806,1364774,756,560,318,951,726.21,96.10
台中市,豐原區,豐原里,720,582400,809,566,321,948,900.38,111.31
台中市,豐原區,頂街里,341,291276,854,508,297,1012,1265.32,148.13
台中市,豐原區,中山里,315,412426,1309,611,283,1085,3873.91,295.88
台中市,豐原區,豐榮里,381,448855,1178,638,351,1251,3545.45,300.95
台中市,豐原區,下街里,250,220975,884,559,316,1021,1086.64,122.94
台中市,豐原區,豐西里,550,521278,948,570,309,1008,2816.12,297.13
台中市,豐原區,葫蘆里,239,178285,746,529,293,930,805.84,108.03
台中市,豐原區,富春里,282,216206,767,474,272,862,1018.64,132.86
台中市,豐原區,東勢里,493,419937,852,578,324,1018,879.10,103.21
台中市,豐原區,西勢里,719,641320,892,605,331,1045,972.65,109.05
台中市,豐原區,圳寮里,408,313172,768,554,319,964,700.08,91.21
台中市,豐原區,大湳里,860,784749,912,580,329,1001,2474.56,271.19
台中市,豐原區,東湳里,1261,858424,681,504,288,840,662.85,97.37
台中市,豐原區,西湳里,2804,2063861,736,528,296,875,977.69,132.83
台中市,豐原區,南陽里,3491,2946930,844,579,324,1051,1018.02,120.60
台中市,豐原區,北陽里,4410,3540694,803,561,326,983,908.84,113.20
台中市,豐原區,東陽里,486,331334,682,466,276,736,936.97,137.43
台中市,豐原區,田心里,1979,1552097,784,550,328,967,817.46,104.23
台中市,豐原區,鎌村里,1458,982395,674,513,312,840,606.34,89.99
台中市,豐原區,社皮里,3164,2287433,723,543,312,903,691.84,95.70
台中市,豐原區,三村里,2142,1772261,827,575,329,1015,1011.99,122.31
台中市,豐原區,南村里,1835,1481395,807,531,314,950,1628.84,201.76
台中市,豐原區,南田里,1105,727016,658,492,286,826,609.13,92.58
台中市,豐原區,南嵩里,1043,786316,754,521,299,838,1704.06,226.03
台中市,豐原區,翁明里,740,678332,917,570,319,900,2845.84,310.46
台中市,豐原區,翁子里,986,665232,675,506,290,844,686.09,101.69
台中市,豐原區,翁社里,691,445614,645,484,298,795,660.14,102.37
台中市,豐原區,朴子里,1020,744817,730,481,295,781,1420.04,194.47
台中市,豐原區,豐田里,3282,2330969,710,533,305,876,703.06,98.99
台中市,豐原區,豐圳里,1108,816952,737,510,299,888,943.15,127.92
台中市,豐原區,北湳里,1016,759384,747,532,316,951,691.61,92.53
台中市,豐原區,陽明里,941,774091,823,574,339,1009,782.59,95.13
台中市,豐原區,民生里,334,260255,779,538,321,916,859.97,110.36
台中市,豐原區,中陽里,1781,1397480,785,567,302,1010,767.11,97.76
台中市,豐原區,西安里,1786,1418566,794,562,328,959,882.83,111.15
台中市,豐原區,中興里,938,689034,735,556,296,917,708.56,96.46
台中市,東勢區,北興里,388,270162,696,540,307,877,585.21,84.05
台中市,東勢區,中寧里,246,147432,599,477,262,813,473.54,79.01
台中市,東勢區,東安里,319,236879,743,532,278,924,707.33,95.25
台中市,東勢區,南平里,522,352364,675,507,290,834,608.37,90.13
台中市,東勢區,新盛里,1354,903245,667,519,302,834,611.33,91.64
台中市,東勢區,詒福里,363,253138,697,499,305,853,701.32,100.57
台中市,東勢區,下城里,184,123949,674,549,314,876,672.05,99.77
台中市,東勢區,上城里,230,174731,760,532,327,929,712.14,93.74
台中市,東勢區,慶東里,372,243819,655,515,307,833,576.19,87.91
台中市,東勢區,慶福里,222,136175,613,492,284,745,571.87,93.23
台中市,東勢區,隆興里,261,163459,626,484,311,748,549.68,87.77
台中市,東勢區,福隆里,887,607260,685,536,315,868,578.47,84.49
台中市,東勢區,中嵙里,400,282109,705,542,331,886,574.30,81.43
台中市,東勢區,上新里,290,189398,653,484,255,819,633.88,97.06
台中市,東勢區,廣興里,399,318139,797,563,334,1007,691.38,86.71
台中市,東勢區,粵寧里,573,386333,674,528,308,877,544.92,80.82
台中市,東勢區,下新里,434,288527,665,488,289,804,608.41,91.52
台中市,東勢區,興隆里,268,164867,615,508,325,740,470.84,76.54
台中市,東勢區,茂興里,397,242836,612,469,293,765,557.10,91.08
台中市,東勢區,泰興里,145,101969,703,587,326,898,569.12,80.93
台中市,東勢區,埤頭里,154,99021,643,476,301,760,717.56,111.60
台中市,東勢區,明正里,222,127106,573,456,260,723,555.71,97.06
台中市,東勢區,泰昌里,980,756579,772,576,334,963,718.69,93.09
台中市,東勢區,延平里,674,477915,709,522,276,878,693.86,97.85
台中市,東勢區,東新里,541,390094,721,554,340,900,597.44,82.86
台中市,大甲區,朝陽里,478,396750,830,569,308,1023,877.25,105.69
台中市,大甲區,大甲里,380,344580,907,590,305,1101,1138.93,125.60
台中市,大甲區,順天里,502,391611,780,505,305,898,941.68,120.71
台中市,大甲區,孔門里,231,512272,2218,601,359,1087,11268.34,508.13
台中市,大甲區,岷山里,670,517364,772,552,334,927,976.09,126.41
台中市,大甲區,中山里,1304,946708,726,512,331,893,847.11,116.68
台中市,大甲區,南陽里,241,178402,740,495,321,906,697.99,94.29
台中市,大甲區,薰風里,284,268604,946,555,301,982,1630.23,172.37
台中市,大甲區,義和里,955,735730,770,554,341,922,857.29,111.28
台中市,大甲區,武陵里,340,238733,702,568,316,872,598.55,85.25
台中市,大甲區,文曲里,279,180946,649,467,315,806,641.20,98.87
台中市,大甲區,平安里,676,553151,818,566,350,1008,858.92,104.97
台中市,大甲區,庄美里,700,721209,1030,571,351,949,3101.02,300.98
台中市,大甲區,武曲里,573,606764,1059,528,317,887,2761.71,260.80
台中市,大甲區,文武里,1775,1508263,850,571,326,1006,1720.21,202.44
台中市,大甲區,奉化里,638,552059,865,618,364,1076,809.46,93.55
台中市,大甲區,德化里,519,366244,706,560,335,848,663.81,94.07
台中市,大甲區,江南里,413,288570,699,505,307,894,711.48,101.83
台中市,大甲區,頂店里,1418,1154174,814,564,337,967,1269.80,156.01
台中市,大甲區,太白里,357,244860,686,504,341,809,577.47,84.19
台中市,大甲區,孟春里,1200,849984,708,531,333,853,683.46,96.49
台中市,大甲區,幸福里,710,510746,719,522,338,832,767.63,106.71
台中市,大甲區,日南里,1851,1279150,691,514,335,824,981.46,142.02
台中市,大甲區,龍泉里,424,264469,624,480,323,796,501.42,80.39
台中市,大甲區,銅安里,398,266813,670,520,341,812,569.75,84.99
台中市,大甲區,西岐里,504,385267,764,535,329,831,1444.88,189.02
台中市,大甲區,福德里,284,171155,603,481,301,759,495.02,82.14
台中市,大甲區,建興里,379,236269,623,511,334,779,459.86,73.77
台中市,大甲區,新美里,1033,788609,763,535,322,933,746.78,97.82
台中市,清水區,鰲峰里,312,252101,808,575,303,1057,860.33,106.47
台中市,清水區,靈泉里,347,278674,803,595,340,1008,721.53,89.84
台中市,清水區,清水里,722,567563,786,576,318,1058,714.50,90.89
台中市,清水區,南寧里,582,463787,797,574,329,990,858.01,107.67
台中市,清水區,西寧里,507,335543,662,500,316,830,634.16,95.82
台中市,清水區,北寧里,228,154439,677,490,323,853,553.36,81.69
台中市,清水區,中興里,133,101365,762,556,313,903,832.50,109.23
台中市,清水區,西社里,710,602069,848,587,368,1009,1039.72,122.61
台中市,清水區,南社里,2975,2407592,809,612,362,1062,702.00,86.74
台中市,清水區,裕嘉里,464,306887,661,508,324,819,620.04,93.75
台中市,清水區,臨江里,432,318997,738,497,310,788,1535.16,207.90
台中市,清水區,秀水里,1322,925617,700,531,331,854,701.75,100.23
台中市,清水區,武鹿里,1051,789243,751,553,346,917,686.59,91.43
台中市,清水區,海濱里,526,342135,650,481,318,770,813.99,125.14
台中市,清水區,槺榔里,1525,1143583,750,577,371,983,580.62,77.43
台中市,清水區,中社里,863,626333,726,616,347,962,528.05,72.76
台中市,清水區,高西里,301,163645,544,445,281,673,495.97,91.23
台中市,清水區,高南里,334,254951,763,517,301,800,1029.16,134.83
台中市,清水區,高東里,288,208738,725,536,335,831,946.62,130.61
台中市,清水區,高北里,311,206080,663,520,317,756,693.12,104.60
台中市,清水區,高美里,328,224094,683,521,329,828,544.22,79.66
台中市,清水區,國姓里,600,396990,662,492,307,797,624.24,94.35
台中市,清水區,菁埔里,658,401943,611,469,306,736,521.95,85.45
台中市,清水區,頂湳里,469,308304,657,489,310,794,596.33,90.72
台中市,清水區,田寮里,647,424656,656,516,311,786,860.44,131.10
台中市,清水區,橋頭里,2290,1718710,751,559,337,932,703.28,93.70
台中市,清水區,下湳里,925,667380,721,516,317,863,727.04,100.77
台中市,清水區,東山里,303,178903,590,484,313,715,441.37,74.75
台中市,清水區,楊厝里,257,147179,573,466,283,684,534.07,93.26
台中市,清水區,海風里,343,237897,694,494,341,783,669.44,96.52
台中市,清水區,吳厝里,392,227227,580,481,329,699,457.11,78.86
台中市,清水區,文昌里,236,179512,761,523,256,933,932.31,122.57
台中市,沙鹿區,居仁里,431,473132,1098,589,365,1096,2871.84,261.61
台中市,沙鹿區,洛泉里,692,715071,1033,609,337,1126,1996.45,193.20
台中市,沙鹿區,沙鹿里,371,430718,1161,593,341,1218,2063.79,177.76
台中市,沙鹿區,美仁里,135,136439,1011,580,306,1015,2423.89,239.83
台中市,沙鹿區,興仁里,757,572102,756,548,337,896,781.00,103.34
台中市,沙鹿區,斗抵里,1368,1089070,796,575,341,1002,782.22,98.26
台中市,沙鹿區,鹿峰里,1545,1251402,810,578,351,1004,829.73,102.44
台中市,沙鹿區,鹿寮里,2067,1685843,816,584,348,1009,818.85,100.40
台中市,沙鹿區,竹林里,2240,1832963,818,605,366,1031,796.37,97.32
台中市,沙鹿區,犂分里,299,192624,644,495,309,820,502.28,77.97
台中市,沙鹿區,福興里,1039,837303,806,607,374,1030,734.94,91.20
台中市,沙鹿區,北勢里,1432,1202554,840,596,346,1039,960.95,114.43
台中市,沙鹿區,晉江里,485,394404,813,528,326,988,940.02,115.60
台中市,沙鹿區,六路里,1571,1375433,876,629,367,1122,785.46,89.71
台中市,沙鹿區,南勢里,1023,816007,798,599,358,1002,726.74,91.11
台中市,沙鹿區,埔子里,1669,1658130,993,750,430,1318,891.40,89.72
台中市,沙鹿區,公明里,1243,938373,755,600,368,953,597.10,79.09
台中市,沙鹿區,西勢里,535,329805,616,503,312,787,488.47,79.24
台中市,沙鹿區,清泉里,741,554831,749,645,371,984,539.27,72.02
台中市,沙鹿區,興安里,1125,991441,881,580,345,944,1673.81,189.93
台中市,沙鹿區,三鹿里,2219,1853586,835,701,406,1071,658.66,78.85
台中市,梧棲區,頂寮里,966,686486,711,572,342,903,626.39,88.14
台中市,梧棲區,下寮里,595,438982,738,583,368,896,632.28,85.70
台中市,梧棲區,中正里,1285,986689,768,570,346,961,816.02,106.27
台中市,梧棲區,中和里,164,143018,872,620,387,1058,858.13,98.40
台中市,梧棲區,文化里,405,328657,811,625,347,1051,746.78,92.02
台中市,梧棲區,安仁里,237,176500,745,579,328,925,677.86,91.02
台中市,梧棲區,草湳里,1961,1482696,756,551,347,905,1874.81,247.96
台中市,梧棲區,南簡里,1576,1175471,746,580,349,972,606.65,81.34
台中市,梧棲區,福德里,1327,1015540,765,585,345,982,633.25,82.75
台中市,梧棲區,大庄里,2397,1800298,751,584,356,948,672.70,89.57
台中市,梧棲區,大村里,1798,1412433,786,582,354,984,718.56,91.47
台中市,梧棲區,永寧里,726,607806,837,552,341,878,1876.04,224.09
台中市,梧棲區,永安里,811,657148,810,518,329,828,2362.10,291.51
台中市,梧棲區,興農里,742,546356,736,560,346,928,628.64,85.38
台中市,神岡區,神岡里,1005,688966,686,523,322,834,711.24,103.75
台中市,神岡區,庄前里,680,491535,723,528,330,883,661.65,91.53
台中市,神岡區,庄後里,638,414610,650,489,285,795,583.08,89.72
台中市,神岡區,北庄里,835,559881,671,512,307,807,659.22,98.32
台中市,神岡區,圳前里,663,449599,678,523,302,791,713.65,105.24
台中市,神岡區,圳堵里,558,347871,623,483,303,782,523.43,83.96
台中市,神岡區,新庄里,1133,699519,617,496,309,751,522.80,84.68
台中市,神岡區,山皮里,282,168483,597,464,296,685,632.13,105.80
台中市,神岡區,社口里,2335,1598199,684,515,316,831,649.44,94.88
台中市,神岡區,社南里,1749,1196804,684,517,297,865,615.79,89.99
台中市,神岡區,三角里,810,586937,725,516,303,875,813.83,112.31
台中市,神岡區,大社里,1373,983064,716,524,304,871,687.72,96.05
台中市,神岡區,岸裡里,1019,710068,697,492,292,831,1009.80,144.91
台中市,神岡區,豐洲里,2358,1622845,688,503,290,845,687.26,99.86
台中市,神岡區,神洲里,868,572408,659,464,287,788,655.89,99.46
台中市,神岡區,溪洲里,802,477483,595,459,273,719,609.93,102.45
台中市,后里區,廣福里,415,246631,594,460,294,726,511.50,86.07
台中市,后里區,仁里里,217,134695,621,472,284,849,487.04,78.46
台中市,后里區,義里里,912,673858,739,565,325,939,648.22,87.73
台中市,后里區,后里里,1119,790939,707,532,314,879,653.54,92.46
台中市,后里區,厚里里,644,429689,667,505,290,830,636.31,95.37
台中市,后里區,墩東里,1453,1076301,741,550,330,939,693.56,93.63
台中市,后里區,墩西里,566,405146,716,555,319,893,617.18,86.22
台中市,后里區,墩南里,985,702405,713,523,293,884,889.59,124.75
台中市,后里區,墩北里,1087,803314,739,559,316,890,928.12,125.59
台中市,后里區,中和里,755,525629,696,525,310,875,624.15,89.65
台中市,后里區,舊社里,557,358020,643,501,291,861,556.28,86.54
台中市,后里區,聯合里,403,256144,636,493,283,790,637.42,100.29
台中市,后里區,太平里,586,385523,658,550,318,882,468.93,71.28
台中市,后里區,眉山里,899,642448,715,545,315,888,671.21,93.92
台中市,后里區,月眉里,492,321338,653,520,283,871,528.96,80.99
台中市,后里區,公館里,527,332327,631,500,307,805,567.03,89.92
台中市,后里區,泰安里,315,213401,677,495,303,781,720.08,106.29
台中市,后里區,義德里,791,558664,706,560,330,887,602.11,85.25
台中市,大雅區,大雅里,1496,1186104,793,549,313,947,1046.44,131.98
台中市,大雅區,員林里,2922,2377404,814,583,334,1028,863.37,106.11
台中市,大雅區,六寶里,1679,1166831,695,537,322,855,784.39,112.87
台中市,大雅區,秀山里,984,700645,712,518,307,851,668.17,93.84
台中市,大雅區,橫山里,1281,1051874,821,567,342,969,922.41,112.33
台中市,大雅區,三和里,1684,1390867,826,590,354,994,861.74,104.34
台中市,大雅區,西寶里,1502,1135387,756,546,326,919,954.53,126.27
台中市,大雅區,上楓里,1932,1378715,714,535,322,878,683.18,95.73
台中市,大雅區,忠義里,869,600234,691,540,339,873,565.50,81.87
台中市,大雅區,四德里,1491,1252886,840,601,346,1015,985.39,117.27
台中市,大雅區,上雅里,1808,1538783,851,592,334,1011,1824.26,214.34
台中市,大雅區,二和里,1942,1649880,850,604,341,1071,835.74,98.37
台中市,大雅區,文雅里,1864,1483049,796,573,345,984,827.90,104.06
台中市,大雅區,大楓里,1464,972239,664,491,298,831,634.17,95.49
台中市,大雅區,雅楓里,1072,690570,644,475,301,784,828.96,128.68
台中市,潭子區,潭秀里,485,456348,941,552,310,966,1690.36,179.65
台中市,潭子區,潭北里,739,578044,782,548,329,924,916.35,117.15
台中市,潭子區,潭陽里,3598,2525683,702,527,317,898,653.03,93.03
台中市,潭子區,福仁里,3271,2287870,699,540,324,884,613.42,87.70
台中市,潭子區,頭家里,1614,1239904,768,576,347,962,700.31,91.16
台中市,潭子區,甘蔗里,3181,2498507,785,592,341,992,808.76,102.97
台中市,潭子區,東寶里,3926,2826584,720,534,318,896,699.04,97.09
台中市,潭子區,大富里,873,645162,739,537,310,933,808.04,109.34
台中市,潭子區,大豐里,2024,1710473,845,609,348,1022,910.31,107.72
台中市,潭子區,栗林里,1619,1142789,706,519,309,834,694.32,98.36
台中市,潭子區,嘉仁里,1167,810801,695,504,305,854,692.87,99.73
台中市,潭子區,新田里,415,287051,692,501,298,749,756.33,109.35
台中市,潭子區,聚興里,1186,882998,745,534,322,895,786.71,105.67
台中市,潭子區,頭家東里,1355,1076591,795,600,338,1004,769.73,96.88
台中市,潭子區,家興里,2238,1776555,794,609,348,1057,672.62,84.73
台中市,潭子區,家福里,1388,1100903,793,608,340,1061,666.62,84.05
台中市,新社區,新社里,850,616431,725,564,345,944,605.66,83.51
台中市,新社區,復盛里,381,285317,749,592,366,961,626.69,83.69
台中市,新社區,中正里,335,229664,686,528,308,886,608.50,88.76
台中市,新社區,月湖里,208,138764,667,526,327,835,592.80,88.86
台中市,新社區,崑山里,171,108959,637,512,305,858,520.46,81.68
台中市,新社區,慶西里,137,89777,655,503,278,796,655.43,100.02
台中市,新社區,東興里,252,177031,703,540,343,786,651.04,92.67
台中市,新社區,大南里,437,310044,709,523,317,853,688.92,97.10
台中市,新社區,協成里,458,290301,634,500,292,792,564.64,89.08
台中市,新社區,永源里,515,368530,716,526,331,869,658.87,92.07
台中市,新社區,中和里,90,64760,720,498,313,845,734.66,102.10
台中市,新社區,福興里,193,114511,593,440,300,724,484.48,81.66
台中市,新社區,中興里,89,53107,597,462,299,734,489.15,81.97
台中市,石岡區,石岡里,313,214048,684,516,307,821,690.55,100.98
台中市,石岡區,萬安里,418,295988,708,535,344,878,585.85,82.74
台中市,石岡區,九房里,322,213080,662,512,313,820,571.80,86.41
台中市,石岡區,金星里,318,220217,693,506,300,838,622.14,89.84
台中市,石岡區,龍興里,143,90704,634,470,297,842,516.54,81.44
台中市,石岡區,和盛里,313,214334,685,518,308,908,619.91,90.53
台中市,石岡區,德興里,430,298757,695,550,345,885,634.45,91.32
台中市,石岡區,土牛里,261,178587,684,521,310,849,572.48,83.67
台中市,石岡區,梅子里,482,364517,756,570,332,929,890.40,117.74
台中市,石岡區,萬興里,424,346091,816,508,308,841,2708.76,331.85
台中市,外埔區,永豐里,279,185513,665,524,298,830,621.83,93.52
台中市,外埔區,六分里,614,428600,698,569,349,918,513.31,73.54
台中市,外埔區,三崁里,470,326664,695,570,320,867,613.73,88.30
台中市,外埔區,大同里,1356,1022181,754,570,354,914,740.79,98.27
台中市,外埔區,水美里,992,953243,961,554,337,949,4716.75,490.85
台中市,外埔區,大東里,1812,1247542,688,561,344,887,518.02,75.24
台中市,外埔區,馬鳴里,360,232704,646,488,327,788,567.86,87.85
台中市,外埔區,中山里,340,234448,690,522,331,801,606.54,87.96
台中市,外埔區,鐵山里,537,359000,669,506,319,785,583.33,87.26
台中市,外埔區,土城里,392,265366,677,512,333,818,761.68,112.52
台中市,外埔區,子里,266,166140,625,461,315,748,575.96,92.21
台中市,大安區,東安里,362,243430,672,519,350,816,558.92,83.12
台中市,大安區,南埔里,229,146190,638,529,317,785,533.56,83.58
台中市,大安區,南庄里,249,166477,669,522,320,783,600.88,89.87
台中市,大安區,中庄里,764,528573,692,497,303,805,993.37,143.58
台中市,大安區,龜売里,437,285823,654,492,298,831,563.52,86.16
台中市,大安區,福興里,324,215391,665,522,291,855,546.92,82.27
台中市,大安區,頂安里,211,140636,667,481,325,843,570.80,85.64
台中市,大安區,永安里,409,260262,636,515,313,814,542.01,85.18
台中市,大安區,福住里,257,161493,628,496,304,779,551.59,87.78
台中市,大安區,海墘里,360,264800,736,521,308,832,895.23,121.71
台中市,大安區,西安里,511,354515,694,511,321,873,606.97,87.49
台中市,大安區,松雅里,260,205274,790,589,325,978,798.11,101.09
台中市,烏日區,烏日里,2717,2207933,813,612,350,1049,719.53,88.54
台中市,烏日區,湖日里,693,495018,714,555,326,880,645.47,90.36
台中市,烏日區,三和里,1196,968526,810,615,362,1022,719.42,88.84
台中市,烏日區,榮泉里,1352,1081918,800,606,365,1005,702.72,87.81
台中市,烏日區,學田里,676,1067655,1579,558,340,953,15061.43,953.63
台中市,烏日區,九德里,3924,3018451,769,583,346,952,707.32,91.95
台中市,烏日區,前竹里,741,643666,869,540,319,913,2435.56,280.39
台中市,烏日區,五光里,486,334291,688,496,288,859,638.09,92.77
台中市,烏日區,光明里,673,449763,668,515,291,818,721.72,107.99
台中市,烏日區,東園里,514,372055,724,504,290,823,766.76,105.93
台中市,烏日區,溪埧里,1313,943947,719,524,328,869,691.83,96.23
台中市,烏日區,螺潭里,650,498896,768,545,311,939,941.02,122.60
台中市,烏日區,北里里,482,363056,753,526,314,901,754.57,100.18
台中市,烏日區,南里里,354,252967,715,529,310,878,782.14,109.45
台中市,烏日區,溪尾里,165,108613,658,519,313,709,1041.61,158.24
台中市,烏日區,仁德里,2358,1958783,831,625,354,1066,818.43,98.52
台中市,大肚區,王田里,1319,909588,690,535,337,861,638.25,92.55
台中市,大肚區,中和里,265,199636,753,582,325,858,823.88,109.36
台中市,大肚區,福山里,1128,758336,672,513,314,814,698.51,103.90
台中市,大肚區,社腳里,806,531179,659,504,312,789,618.77,93.89
台中市,大肚區,營埔里,443,313393,707,511,323,827,1040.15,147.03
台中市,大肚區,新興里,815,529643,650,500,316,786,628.77,96.75
台中市,大肚區,大東里,961,694553,723,577,357,923,598.21,82.77
台中市,大肚區,大肚里,708,601806,850,606,352,1018,864.12,101.66
台中市,大肚區,永和里,241,169059,701,525,337,926,610.57,87.04
台中市,大肚區,磺溪里,528,406403,770,583,360,1014,651.36,84.62
台中市,大肚區,永順里,486,306578,631,472,316,751,581.43,92.17
台中市,大肚區,成功里,276,195927,710,565,339,875,581.14,81.86
台中市,大肚區,頂街里,2375,1911448,805,615,385,1019,721.31,89.62
台中市,大肚區,山陽里,424,300790,709,520,334,782,819.14,115.47
台中市,大肚區,瑞井里,1450,963206,664,529,342,826,650.62,97.94
台中市,大肚區,蔗里,1415,1004146,710,541,333,860,706.86,99.61
台中市,大肚區,自強里,1005,659167,656,514,321,817,506.76,77.26
台中市,龍井區,竹坑里,956,701009,733,532,346,876,1253.60,170.96
台中市,龍井區,龍東里,877,612947,699,544,351,850,617.90,88.41
台中市,龍井區,龍西里,576,401519,697,555,345,908,525.29,75.36
台中市,龍井區,田中里,1050,723304,689,558,340,895,567.27,82.35
台中市,龍井區,福田里,312,209376,671,522,312,900,512.29,76.34
台中市,龍井區,麗水里,683,450365,659,520,327,827,620.92,94.17
台中市,龍井區,龍津里,1561,1058706,678,535,331,867,539.86,79.60
台中市,龍井區,三德里,913,608002,666,509,316,822,614.43,92.27
台中市,龍井區,忠和里,1631,1248022,765,550,325,941,773.24,101.05
台中市,龍井區,山腳里,1779,1286383,723,559,343,928,749.43,103.64
台中市,龍井區,龍泉里,2285,1936342,847,660,378,1100,721.20,85.11
台中市,龍井區,龍崗里,810,593425,733,536,324,876,732.83,100.03
台中市,龍井區,新庄里,1765,1377103,780,573,354,963,761.43,97.59
台中市,龍井區,南寮里,416,276477,665,548,342,777,567.79,85.43
台中市,龍井區,新東里,1460,1512062,1036,583,356,1028,5657.44,546.27
台中市,龍井區,東海里,2699,3170866,1175,668,373,1222,9317.96,793.13
台中市,霧峰區,桐林里,252,183693,729,523,289,847,829.52,113.80
台中市,霧峰區,吉峰里,2700,2026818,751,517,317,862,1775.80,236.56
台中市,霧峰區,甲寅里,1360,932306,686,523,302,870,598.84,87.36
台中市,霧峰區,本鄉里,694,550231,793,567,347,1010,767.65,96.82
台中市,霧峰區,中正里,604,491391,814,549,331,970,1466.86,180.30
台中市,霧峰區,錦榮里,328,257185,784,616,324,988,665.83,84.92
台中市,霧峰區,本堂里,1842,1553686,843,608,347,1055,868.95,103.02
台中市,霧峰區,坑口里,821,574710,700,563,330,882,624.22,89.17
台中市,霧峰區,北柳里,1096,837839,764,574,345,985,671.05,87.78
台中市,霧峰區,南柳里,500,332909,666,497,311,803,627.98,94.32
台中市,霧峰區,四德里,625,473105,757,511,323,882,893.45,118.03
台中市,霧峰區,五福里,725,488083,673,489,302,809,627.14,93.16
台中市,霧峰區,萬豐里,698,512376,734,493,319,813,1915.87,261.00
台中市,霧峰區,舊正里,525,362697,691,554,325,915,522.22,75.59
台中市,霧峰區,峰谷里,272,166447,612,460,310,735,521.92,85.29
台中市,霧峰區,六股里,634,410058,647,521,331,831,487.71,75.41
台中市,霧峰區,丁臺里,593,402744,679,501,311,826,636.63,93.74
台中市,霧峰區,北勢里,514,348538,678,507,315,862,566.22,83.50
台中市,霧峰區,南勢里,319,206286,647,477,273,741,741.11,114.61
台中市,霧峰區,萊園里,258,173233,671,517,311,868,554.07,82.52
台中市,太平區,太平里,1836,1442737,786,505,309,853,1296.49,164.99
台中市,太平區,中平里,1195,852515,713,515,311,838,1257.52,176.27
台中市,太平區,東平里,1156,844719,731,528,322,845,1683.06,230.33
台中市,太平區,坪林里,852,610795,717,533,298,921,672.53,93.81
台中市,太平區,新光里,2003,1501237,749,543,333,917,798.88,106.59
台中市,太平區,頭汴里,402,242888,604,422,260,725,697.73,115.48
台中市,太平區,東汴里,186,97196,523,432,281,675,376.53,72.05
台中市,太平區,興隆里,724,443534,613,473,286,729,665.20,108.58
台中市,太平區,光隆里,809,536321,663,494,298,773,771.87,116.43
台中市,太平區,黃竹里,110,68543,623,466,258,800,583.42,93.63
台中市,太平區,中興里,1145,842853,736,534,306,883,804.44,109.28
台中市,太平區,建國里,831,577845,695,509,310,835,649.64,93.43
台中市,太平區,光華里,1360,956908,704,546,328,859,669.38,95.13
台中市,太平區,中山里,798,541686,679,532,313,881,548.86,80.86
台中市,太平區,宜欣里,1771,1157975,654,510,309,829,559.56,85.58
台中市,太平區,新坪里,2049,1581008,772,577,345,952,754.38,97.77
台中市,太平區,新福里,1623,1308632,806,596,339,1018,760.25,94.29
台中市,太平區,長億里,1691,1180602,698,530,321,879,609.95,87.37
台中市,太平區,德隆里,1304,899160,690,483,308,778,1431.64,207.62
台中市,太平區,永成里,1858,1259407,678,531,318,841,603.44,89.03
台中市,太平區,中政里,985,677410,688,537,324,842,629.32,91.51
台中市,太平區,平安里,634,377559,596,490,302,778,415.07,69.70
台中市,太平區,永平里,1155,868581,752,535,316,894,854.81,113.67
台中市,太平區,建興里,735,478987,652,511,306,758,738.84,113.37
台中市,太平區,成功里,967,637595,659,529,311,836,590.17,89.51
台中市,太平區,東和里,759,512777,676,503,309,861,623.19,92.24
台中市,太平區,宜佳里,1622,1166215,719,541,325,878,686.93,95.54
台中市,太平區,宜昌里,1017,715258,703,525,323,872,734.95,104.50
台中市,太平區,豐年里,1228,917747,747,563,338,966,704.52,94.27
台中市,太平區,大興里,633,457799,723,552,318,876,685.04,94.72
台中市,太平區,勤益里,623,455698,731,553,325,946,620.85,84.88
台中市,太平區,光明里,1039,878615,846,604,363,1022,873.91,103.34
台中市,太平區,新吉里,1511,1110704,735,572,342,949,624.19,84.91
台中市,太平區,新城里,1327,973949,734,564,333,925,663.55,90.41
台中市,太平區,新興里,1408,1316092,935,714,399,1229,824.97,88.26
台中市,太平區,新高里,1535,1368116,891,610,350,1076,1875.60,210.44
台中市,太平區,聖和里,382,285440,747,528,319,844,844.63,113.04
台中市,太平區,福隆里,961,634797,661,517,318,817,586.39,88.77
台中市,太平區,永隆里,672,409494,609,482,316,751,545.75,89.56
台中市,大里區,大里里,958,658216,687,521,305,841,664.15,96.66
台中市,大里區,新里里,2859,2559922,895,607,341,1116,1349.00,150.66
台中市,大里區,樹王里,1010,758638,751,559,319,943,690.86,91.98
台中市,大里區,祥興里,2105,1477078,702,533,310,906,603.24,85.97
台中市,大里區,內新里,2595,2038457,786,577,337,980,812.73,103.46
台中市,大里區,東昇里,983,766712,780,568,320,994,697.08,89.37
台中市,大里區,大元里,1429,1027122,719,529,316,860,682.82,95.00
台中市,大里區,仁化里,2594,1846040,712,530,323,858,761.37,106.99
台中市,大里區,健民里,1131,706241,624,496,304,780,523.70,83.87
台中市,大里區,塗城里,2364,1474729,624,506,313,775,515.71,82.67
台中市,大里區,東湖里,2944,2069035,703,539,331,885,588.53,83.74
台中市,大里區,西湖里,857,606348,708,528,305,839,757.79,107.10
台中市,大里區,夏田里,262,194431,742,542,320,901,717.32,96.66
台中市,大里區,東興里,2351,1833394,780,554,317,959,779.49,99.96
台中市,大里區,日新里,1143,859793,752,554,324,962,711.06,94.53
台中市,大里區,西榮里,1756,1282685,730,530,308,933,771.86,105.67
台中市,大里區,金城里,2717,1856400,683,527,321,861,619.53,90.67
台中市,大里區,立仁里,1460,959972,658,517,308,802,633.39,96.33
台中市,大里區,新仁里,2168,1476752,681,529,320,860,600.86,88.21
台中市,大里區,瑞城里,3561,2572261,722,535,338,879,802.53,111.10
台中市,大里區,中新里,1580,1297999,822,620,350,1065,793.70,96.61
台中市,大里區,仁德里,1926,1361773,707,532,313,894,657.56,93.00
台中市,大里區,立德里,2344,1756544,749,578,334,931,691.40,92.26
台中市,大里區,國光里,1941,1897294,977,640,350,1178,2733.54,279.65
台中市,大里區,大明里,1248,916734,735,558,328,943,634.69,86.40
台中市,大里區,永隆里,3238,3380537,1044,772,393,1401,958.57,91.82
台中市,大里區,長榮里,2809,2410276,858,626,359,1088,821.65,95.76
台中市,和平區,中坑里,91,58601,644,424,284,761,592.81,92.06
台中市,和平區,自由里,146,98439,674,540,308,814,615.69,91.32
台中市,和平區,平等里,96,55687,580,497,308,827,397.45,68.52
台中市,和平區,南勢里,379,269835,712,555,327,843,609.14,85.56
台中市,和平區,博愛里,319,216353,678,499,306,760,1339.23,197.46
台中市,和平區,梨山里,222,142907,644,468,287,803,593.93,92.26
台中市,和平區,天輪里,93,68803,740,511,311,849,704.51,95.23
台中市,和平區,達觀里,117,81831,699,549,325,837,617.65,88.31
基隆市,中正區,德義里,293,251878,860,626,352,1076,806.06,93.77
基隆市,中正區,正義里,416,301105,724,547,362,862,643.24,88.87
基隆市,中正區,信義里,283,210737,745,546,342,921,770.44,103.46
基隆市,中正區,義重里,328,256559,782,599,391,967,720.60,92.12
基隆市,中正區,港通里,502,470842,938,616,331,1196,1009.42,107.62
基隆市,中正區,中船里,371,274166,739,587,359,905,614.34,83.13
基隆市,中正區,正船里,404,299370,741,578,358,882,684.18,92.33
基隆市,中正區,入船里,245,188667,770,583,350,1050,650.24,84.44
基隆市,中正區,中砂里,353,255877,725,544,330,956,624.33,86.13
基隆市,中正區,正砂里,825,707814,858,597,368,1059,874.18,101.89
基隆市,中正區,真砂里,434,388618,895,576,354,938,3245.80,362.48
基隆市,中正區,砂灣里,597,433816,727,544,344,897,628.59,86.50
基隆市,中正區,中濱里,366,248162,678,519,304,843,636.22,93.83
基隆市,中正區,中正里,526,359197,683,527,314,880,616.63,90.30
基隆市,中正區,正濱里,287,248353,865,639,386,968,1218.54,140.82
基隆市,中正區,社寮里,505,333600,661,520,336,826,548.87,83.09
基隆市,中正區,平寮里,384,247666,645,538,345,791,480.63,74.52
基隆市,中正區,八斗里,400,266010,665,546,363,874,473.39,71.18
基隆市,中正區,長潭里,120,81681,681,527,327,863,539.00,79.19
基隆市,中正區,砂子里,1418,971771,685,545,348,852,571.08,83.33
基隆市,中正區,海濱里,318,210063,661,531,363,831,466.89,70.68
基隆市,中正區,建國里,586,494349,844,636,410,1090,688.48,81.61
基隆市,中正區,和憲里,242,146256,604,526,337,780,432.98,71.64
基隆市,中正區,碧砂里,329,209622,637,529,310,765,578.65,90.82
基隆市,中正區,新豐里,1779,1455889,818,642,394,1071,736.43,89.99
基隆市,中正區,新富里,1452,1037051,714,562,364,895,561.69,78.64
基隆市,七堵區,八德里,523,353320,676,498,345,807,611.96,90.59
基隆市,七堵區,長興里,1224,906738,741,591,383,911,603.56,81.47
基隆市,七堵區,正光里,815,660868,811,610,350,1050,701.51,86.51
基隆市,七堵區,永平里,642,494560,770,588,364,991,619.43,80.41
基隆市,七堵區,富民里,1261,1004711,797,595,360,981,838.80,105.28
基隆市,七堵區,自強里,302,218257,723,568,353,907,582.99,80.67
基隆市,七堵區,泰安里,1487,1113203,749,564,368,910,668.61,89.31
基隆市,七堵區,堵南里,645,450199,698,558,356,880,570.69,81.76
基隆市,七堵區,堵北里,1242,910282,733,562,360,906,685.18,93.49
基隆市,七堵區,六堵里,764,608952,797,588,379,1014,778.46,97.67
基隆市,七堵區,友一里,675,725372,1075,733,368,1358,1154.64,107.45
基隆市,七堵區,友二里,108,80162,742,463,262,745,1048.13,141.21
基隆市,七堵區,瑪東里,65,45654,702,549,389,749,675.73,96.21
基隆市,七堵區,瑪南里,134,92725,692,523,328,816,691.61,99.95
基隆市,七堵區,瑪西里,88,54019,614,450,290,763,509.98,83.08
基隆市,七堵區,永安里,762,576410,756,569,367,950,623.77,82.46
基隆市,七堵區,百福里,2137,1626560,761,560,361,920,777.79,102.19
基隆市,七堵區,實踐里,1294,886562,685,554,362,833,511.74,74.69
基隆市,七堵區,正明里,697,545623,783,618,372,1002,641.46,81.94
基隆市,七堵區,長安里,717,513586,716,544,355,854,794.80,110.96
基隆市,暖暖區,碇內里,879,720482,820,614,379,1024,718.06,87.60
基隆市,暖暖區,過港里,1156,871612,754,571,364,924,757.92,100.52
基隆市,暖暖區,暖暖里,891,722321,811,624,377,1038,650.28,80.21
基隆市,暖暖區,暖同里,810,629618,777,581,356,940,750.62,96.57
基隆市,暖暖區,暖西里,1578,1412997,895,630,365,1102,988.71,110.42
基隆市,暖暖區,暖東里,94,57670,614,511,336,796,413.39,67.38
基隆市,暖暖區,八西里,422,328063,777,573,362,981,686.48,88.30
基隆市,暖暖區,八堵里,197,130148,661,514,345,842,559.69,84.72
基隆市,暖暖區,八南里,219,148369,677,558,339,846,493.40,72.83
基隆市,暖暖區,八中里,126,80651,640,491,313,758,517.02,80.77
基隆市,暖暖區,碇和里,969,783688,809,587,362,1033,754.22,93.26
基隆市,暖暖區,碇安里,1637,1313979,803,639,408,1044,623.95,77.73
基隆市,暖暖區,碇祥里,1819,1491038,820,623,379,1033,703.55,85.83
基隆市,仁愛區,仁德里,380,324264,853,538,299,1015,1370.01,160.55
基隆市,仁愛區,和明里,681,794868,1167,770,428,1413,3251.02,278.53
基隆市,仁愛區,水錦里,614,534172,870,660,391,1144,711.94,81.83
基隆市,仁愛區,玉田里,340,283390,834,593,350,1012,810.32,97.22
基隆市,仁愛區,新店里,275,235546,857,620,298,1100,828.69,96.75
基隆市,仁愛區,文昌里,270,211900,785,535,296,1010,771.37,98.29
基隆市,仁愛區,誠仁里,314,217829,694,561,366,858,509.05,73.38
基隆市,仁愛區,林泉里,529,392919,743,602,372,946,607.98,81.85
基隆市,仁愛區,育仁里,212,140530,663,526,341,856,518.29,78.19
基隆市,仁愛區,吉仁里,782,516680,661,530,345,809,523.50,79.23
基隆市,仁愛區,博愛里,524,439083,838,569,347,996,1122.25,133.93
基隆市,仁愛區,福仁里,226,153902,681,505,331,861,574.58,84.37
基隆市,仁愛區,智仁里,843,778488,923,685,401,1225,798.96,86.52
基隆市,仁愛區,曲水里,250,194807,779,630,386,936,698.96,89.70
基隆市,仁愛區,德厚里,555,455484,821,631,378,1054,708.94,86.38
基隆市,仁愛區,英仁里,367,239499,653,520,301,859,571.04,87.50
基隆市,仁愛區,龍門里,210,139834,666,535,351,773,548.94,82.44
基隆市,仁愛區,花崗里,379,302975,799,607,352,1079,704.09,88.08
基隆市,仁愛區,同風里,183,125207,684,440,290,853,726.35,106.16
基隆市,仁愛區,虹橋里,492,441609,898,688,400,1123,786.08,87.58
基隆市,仁愛區,書院里,265,182859,690,520,314,886,619.09,89.72
基隆市,仁愛區,獅球里,265,187358,707,551,332,862,549.29,77.69
基隆市,仁愛區,忠勇里,305,266056,872,639,382,1075,802.34,91.98
基隆市,仁愛區,文安里,226,132398,586,451,255,762,493.87,84.30
基隆市,仁愛區,明德里,209,152108,728,576,362,973,569.37,78.23
基隆市,仁愛區,兆連里,179,120312,672,515,322,799,588.01,87.48
基隆市,仁愛區,崇文里,264,193406,733,557,362,917,654.62,89.36
基隆市,仁愛區,朝棟里,862,651241,756,570,356,989,637.76,84.42
基隆市,仁愛區,光華里,744,569635,766,598,342,1019,615.95,80.45
基隆市,中山區,安平里,226,162783,720,561,344,883,600.11,83.32
基隆市,中山區,安民里,341,238563,700,573,361,864,536.22,76.65
基隆市,中山區,新建里,231,168742,730,584,348,962,630.51,86.31
基隆市,中山區,中山里,278,190744,686,561,352,834,571.15,83.24
基隆市,中山區,民治里,241,159774,663,540,346,836,488.42,73.67
基隆市,中山區,中興里,387,315838,816,597,380,979,754.02,92.39
基隆市,中山區,仁正里,244,168277,690,558,346,898,576.48,83.59
基隆市,中山區,健民里,313,206939,661,533,344,834,532.57,80.55
基隆市,中山區,通化里,277,183940,664,534,338,796,612.55,92.25
基隆市,中山區,居仁里,374,257825,689,521,354,815,1000.63,145.15
基隆市,中山區,通明里,489,345559,707,563,349,905,574.38,81.28
基隆市,中山區,協和里,465,356992,768,567,382,995,612.65,79.80
基隆市,中山區,文化里,283,202040,714,552,336,938,571.89,80.10
基隆市,中山區,和平里,145,115909,799,643,420,1103,524.37,65.60
基隆市,中山區,仙洞里,167,115823,694,561,331,836,583.29,84.10
基隆市,中山區,太白里,265,199424,753,597,373,978,666.10,88.51
基隆市,中山區,西榮里,187,131546,703,503,338,813,622.04,88.43
基隆市,中山區,西華里,294,196636,669,494,345,882,512.66,76.65
基隆市,中山區,西定里,248,175556,708,519,331,834,713.16,100.74
基隆市,中山區,西康里,384,253231,659,554,344,871,457.51,69.38
基隆市,中山區,德和里,2013,1761102,875,641,382,1145,786.95,89.95
基隆市,中山區,德安里,1259,1019587,810,609,387,1028,703.31,86.85
基隆市,中山區,中和里,1834,1416369,772,583,364,966,932.50,120.75
基隆市,中山區,和慶里,1963,1302133,663,556,348,853,462.35,69.70
基隆市,安樂區,嘉仁里,996,679468,682,536,338,827,593.04,86.93
基隆市,安樂區,樂一里,162,101450,626,533,356,767,477.08,76.18
基隆市,安樂區,定國里,299,203191,680,553,363,819,508.79,74.87
基隆市,安樂區,安和里,290,221642,764,576,367,910,705.86,92.36
基隆市,安樂區,定邦里,327,229604,702,534,334,869,672.94,95.84
基隆市,安樂區,永康里,605,429671,710,556,363,851,597.79,84.17
基隆市,安樂區,慈仁里,282,178292,632,510,347,833,471.17,74.52
基隆市,安樂區,干城里,569,357525,628,532,357,783,434.57,69.16
基隆市,安樂區,外寮里,1261,973221,772,599,365,991,644.88,83.56
基隆市,安樂區,中崙里,540,525267,973,612,368,1045,3816.83,392.39
基隆市,安樂區,內寮里,1765,1501887,851,626,381,1060,840.17,98.74
基隆市,安樂區,西川里,341,217606,638,498,315,813,519.31,81.38
基隆市,安樂區,新西里,379,253438,669,535,331,840,538.69,80.56
基隆市,安樂區,新崙里,1321,1050345,795,603,382,994,683.26,85.93
基隆市,安樂區,鶯歌里,1027,973227,948,691,427,1259,830.47,87.64
基隆市,安樂區,三民里,847,587847,694,565,357,899,514.47,74.13
基隆市,安樂區,四維里,1899,1675295,882,655,403,1168,764.86,86.70
基隆市,安樂區,五福里,1246,927894,745,575,371,918,644.02,86.48
基隆市,安樂區,六合里,1433,1191520,831,623,379,1066,729.18,87.70
基隆市,安樂區,七賢里,892,684269,767,607,385,963,648.52,84.54
基隆市,安樂區,長樂里,1313,1466045,1117,793,431,1413,1172.86,105.04
基隆市,安樂區,武崙里,1578,1447302,917,691,427,1175,802.08,87.45
基隆市,安樂區,興寮里,1544,1225787,794,627,382,1054,632.09,79.62
基隆市,安樂區,鶯安里,1145,1118175,977,758,428,1299,833.41,85.34
基隆市,安樂區,壯觀里,1563,1578719,1010,818,464,1347,790.27,78.24
基隆市,信義區,仁壽里,421,367411,873,633,364,1115,836.97,95.90
基隆市,信義區,仁義里,497,461221,928,644,402,1146,937.38,101.01
基隆市,信義區,義幸里,859,695070,809,582,335,1009,771.63,95.36
基隆市,信義區,義民里,241,178512,741,576,325,960,637.92,86.12
基隆市,信義區,義和里,434,310177,715,526,330,917,610.90,85.48
基隆市,信義區,智慧里,244,219292,899,672,389,1137,738.41,82.16
基隆市,信義區,智誠里,423,283585,670,531,358,834,586.18,87.44
基隆市,信義區,禮儀里,552,442099,801,586,363,998,731.81,91.37
基隆市,信義區,禮東里,567,520257,918,621,390,1100,1033.35,112.62
基隆市,信義區,信綠里,757,605302,800,593,366,1017,725.42,90.72
基隆市,信義區,孝岡里,429,321817,750,608,360,987,579.78,77.29
基隆市,信義區,孝深里,1053,670075,636,519,328,821,469.49,73.78
基隆市,信義區,東光里,621,457985,737,565,357,963,658.75,89.32
基隆市,信義區,東安里,965,757942,785,591,383,969,711.19,90.55
基隆市,信義區,義昭里,441,507379,1151,812,398,1483,1239.80,107.76
基隆市,信義區,東明里,1221,945218,774,579,364,993,705.13,91.09
基隆市,信義區,東信里,1412,1217775,862,652,373,1133,766.36,88.86
基隆市,信義區,孝賢里,1173,929847,793,612,390,1012,652.37,82.30
基隆市,信義區,孝德里,769,507808,660,559,349,840,457.29,69.25
基隆市,信義區,孝忠里,2228,2043330,917,673,408,1183,848.63,92.53
台南市,東區,路東里,558,578922,1037,668,393,1183,1699.70,163.83
台南市,東區,大福里,567,383388,676,539,322,860,587.93,86.95
台南市,東區,東安里,441,396524,899,569,321,1050,1166.19,129.70
台南市,東區,德高里,814,680794,836,596,373,1027,831.22,99.39
台南市,東區,小東里,1475,1546178,1048,701,382,1309,1179.60,112.53
台南市,東區,後甲里,848,682087,804,608,354,997,795.50,98.90
台南市,東區,關聖里,1571,2389840,1521,955,448,1935,2704.57,177.79
台南市,東區,圍下里,709,831329,1173,680,377,1243,2099.85,179.09
台南市,東區,虎尾里,1616,1559616,965,659,384,1218,994.88,103.08
台南市,東區,中西里,1120,1534193,1370,714,386,1436,7104.53,518.65
台南市,東區,泉南里,1655,1826058,1103,684,366,1265,1490.78,135.11
台南市,東區,龍山里,1763,2302268,1306,869,432,1615,1711.98,131.10
台南市,東區,忠孝里,1449,1476827,1019,683,393,1220,1440.03,141.29
台南市,東區,崇誨里,782,594794,761,585,338,966,636.57,83.69
台南市,東區,大學里,497,668438,1345,910,423,1871,1357.66,100.95
台南市,東區,大德里,454,334787,737,542,315,915,659.04,89.37
台南市,東區,東光里,1825,2667136,1461,823,427,1570,3227.55,220.85
台南市,東區,大智里,2153,1874632,871,653,375,1083,808.68,92.88
台南市,東區,新東里,900,932811,1036,714,393,1335,1127.38,108.77
台南市,東區,仁和里,1327,1020737,769,604,368,976,679.90,88.39
台南市,東區,富強里,1528,1423787,932,620,378,1147,1081.72,116.09
台南市,東區,衛國里,457,481750,1054,588,360,1076,2050.48,194.51
台南市,東區,自強里,1764,1808714,1025,677,384,1240,1400.95,136.63
台南市,東區,崇善里,1681,1753694,1043,718,404,1329,1063.30,101.92
台南市,東區,崇學里,1044,1076665,1031,642,344,1267,1249.81,121.19
台南市,東區,崇明里,1482,1807143,1219,800,403,1574,1466.73,120.28
台南市,東區,裕農里,963,923316,959,614,336,1124,1451.68,151.41
台南市,東區,莊敬里,1337,1472112,1101,731,390,1339,1228.28,111.55
台南市,東區,和平里,1698,1959661,1154,769,422,1414,1418.26,122.89
台南市,東區,富裕里,704,592207,841,598,362,1042,798.88,94.97
台南市,東區,東明里,1160,1249165,1077,662,375,1275,1508.06,140.04
台南市,東區,崇德里,1628,1616760,993,696,400,1226,1080.91,108.84
台南市,東區,東智里,665,529086,796,611,367,968,705.71,88.70
台南市,東區,東聖里,720,569497,791,609,371,974,755.90,95.57
台南市,東區,崇成里,999,1038316,1039,694,384,1283,1174.80,113.03
台南市,東區,東門里,660,918508,1392,572,337,1146,10530.93,756.71
台南市,東區,成大里,614,596133,971,649,379,1194,1010.78,104.11
台南市,東區,大同里,844,740406,877,564,337,956,1328.71,151.46
台南市,東區,德光里,1518,1774639,1169,719,394,1383,3236.54,276.85
台南市,東區,崇信里,1254,1169639,933,678,386,1223,941.53,100.94
台南市,東區,崇文里,2034,1996978,982,712,384,1253,997.58,101.61
台南市,東區,復興里,1057,916284,867,615,364,1060,885.25,102.12
台南市,東區,裕聖里,1632,2346617,1438,1091,571,1929,1314.96,91.45
台南市,東區,文聖里,1534,2198604,1433,1064,520,1915,1431.16,99.85
台南市,東區,南聖里,870,1388261,1596,929,451,1921,4369.55,273.83
台南市,南區,竹溪里,628,828977,1320,708,368,1410,2179.84,165.14
台南市,南區,新昌里,657,492868,750,541,300,909,742.44,98.97
台南市,南區,田寮里,955,742185,777,576,368,919,790.99,101.78
台南市,南區,荔宅里,51,59001,1157,1069,392,1779,894.94,77.36
台南市,南區,明亮里,1008,707775,702,530,325,839,633.05,90.16
台南市,南區,日新里,564,396871,704,501,330,790,1103.61,156.84
台南市,南區,光明里,1126,744513,661,522,348,808,544.92,82.41
台南市,南區,白雪里,431,278270,646,516,334,809,572.57,88.68
台南市,南區,喜東里,573,428098,747,561,334,995,598.14,80.06
台南市,南區,喜南里,232,143203,617,506,314,750,488.35,79.12
台南市,南區,喜北里,472,304277,645,526,329,825,498.64,77.35
台南市,南區,省躬里,695,441650,635,501,322,789,572.44,90.08
台南市,南區,佛壇里,620,421834,680,544,345,849,562.68,82.70
台南市,南區,同安里,547,375596,687,532,337,830,601.08,87.54
台南市,南區,興農里,531,338134,637,462,313,725,835.40,131.19
台南市,南區,明德里,182,196681,1081,734,459,1385,1151.29,106.54
台南市,南區,廣州里,718,604337,842,554,324,966,999.96,118.80
台南市,南區,新興里,875,763761,873,595,334,1063,1008.81,115.57
台南市,南區,大成里,273,225738,827,575,341,929,856.17,103.54
台南市,南區,國宅里,793,572949,723,527,332,899,713.61,98.77
台南市,南區,新生里,975,671404,689,559,333,880,591.36,85.88
台南市,南區,大林里,762,785737,1031,698,382,1211,1249.96,121.22
台南市,南區,大忠里,1303,938005,720,529,318,905,672.43,93.41
台南市,南區,大恩里,1065,813776,764,583,364,969,721.01,94.36
台南市,南區,明興里,910,624580,686,505,323,836,663.32,96.64
台南市,南區,文華里,1048,805583,769,527,315,842,1603.03,208.54
台南市,南區,再興里,740,660455,893,563,318,943,1642.61,184.04
台南市,南區,金華里,1518,1249716,823,574,335,961,965.53,117.28
台南市,南區,南都里,614,399076,650,524,333,812,507.46,78.08
台南市,南區,開南里,1565,962192,615,506,327,761,490.09,79.71
台南市,南區,彰南里,590,641125,1087,595,367,1093,2266.36,208.56
台南市,南區,建南里,1536,1090201,710,545,336,862,622.60,87.72
台南市,南區,郡南里,1049,719261,686,543,348,869,556.57,81.17
台南市,南區,府南里,1450,1106487,763,581,369,954,652.19,85.47
台南市,南區,文南里,1728,1562716,904,628,356,1097,1302.53,144.03
台南市,南區,鯤鯓里,353,213491,605,500,327,765,452.40,74.80
台南市,南區,松安里,393,244667,623,490,326,724,504.56,81.05
台南市,南區,永寧里,377,218256,579,495,296,728,427.36,73.82
台南市,南區,南華里,628,387792,618,499,320,771,484.13,78.40
台南市,北區,振興里,528,491523,931,646,376,1118,945.83,101.60
台南市,北區,新勝里,531,374381,705,507,285,892,671.58,95.25
台南市,北區,開元里,673,456036,678,532,302,831,605.61,89.37
台南市,北區,大道里,550,392926,714,576,341,891,582.14,81.49
台南市,北區,大山里,90,53848,598,498,322,766,450.60,75.31
台南市,北區,和順里,2541,2840004,1118,724,387,1331,1536.19,137.45
台南市,北區,興北里,393,287825,732,559,340,860,679.82,92.82
台南市,北區,興南里,500,453630,907,680,383,1166,833.30,91.85
台南市,北區,六甲里,671,513888,766,555,337,928,767.69,100.24
台南市,北區,安民里,319,252463,791,565,331,1051,738.16,93.27
台南市,北區,成功里,1555,1736766,1117,738,394,1278,3290.37,294.60
台南市,北區,文元里,2141,2411524,1126,765,413,1430,1369.20,121.56
台南市,北區,大港里,1652,1311791,794,577,337,979,753.81,94.93
台南市,北區,大仁里,227,156123,688,529,347,870,579.99,84.33
台南市,北區,國姓里,409,318575,779,547,324,877,855.26,109.80
台南市,北區,實踐里,608,460738,758,594,371,996,625.36,82.52
台南市,北區,延平里,415,274809,662,505,308,836,585.75,88.46
台南市,北區,光武里,375,286407,764,599,393,973,591.75,77.48
台南市,北區,勝安里,309,276702,895,548,347,933,1157.08,129.21
台南市,北區,東興里,659,820547,1245,700,371,1330,1878.73,150.88
台南市,北區,力行里,776,702631,905,591,350,1127,1001.26,110.58
台南市,北區,裕民里,394,358017,909,550,306,1093,1021.72,112.44
台南市,北區,仁愛里,655,777190,1187,687,397,1401,1522.17,128.29
台南市,北區,正覺里,849,742220,874,549,334,899,1795.53,205.38
台南市,北區,正風里,380,267229,703,516,319,803,779.40,110.83
台南市,北區,小康里,594,424244,714,532,315,831,771.49,108.02
台南市,北區,華興里,692,676834,978,600,339,1013,1998.74,204.35
台南市,北區,大豐里,1291,1093814,847,532,326,930,1108.13,130.79
台南市,北區,重興里,741,853054,1151,697,394,1306,1731.53,150.41
台南市,北區,國興里,547,511084,934,616,371,1145,933.44,99.90
台南市,北區,長榮里,725,567863,783,575,348,1017,730.83,93.31
台南市,北區,中樓里,511,471310,922,631,373,1111,1143.09,123.94
台南市,北區,公園里,575,555343,966,623,336,1087,1290.77,133.65
台南市,北區,玉皇里,445,391948,881,534,339,915,1841.04,209.02
台南市,北區,長德里,353,274952,779,530,346,871,781.68,100.36
台南市,北區,三德里,311,238221,766,541,325,913,859.88,112.26
台南市,北區,五福里,298,214345,719,502,280,836,903.98,125.68
台南市,北區,元寶里,1121,1075262,959,757,421,1220,869.72,90.67
台南市,北區,永祥里,801,532016,664,520,342,824,522.78,78.71
台南市,北區,成德里,4358,5792613,1329,915,462,1700,1776.89,133.68
台南市,北區,文成里,1165,1199406,1030,724,411,1305,1018.76,98.95
台南市,北區,大和里,1159,908992,784,604,354,978,681.62,86.91
台南市,北區,賢北里,1240,1234358,995,694,365,1224,1086.43,109.14
台南市,安南區,塭南里,1262,894413,709,548,355,879,576.70,81.37
台南市,安南區,東和里,876,1090287,1245,916,511,1652,1233.49,99.11
台南市,安南區,州北里,1374,1081436,787,591,383,938,689.86,87.65
台南市,安南區,州南里,1358,937123,690,541,344,866,555.53,80.50
台南市,安南區,安順里,1456,1230101,845,621,383,1059,770.47,91.20
台南市,安南區,新順里,2013,1734000,861,631,375,1081,789.75,91.68
台南市,安南區,安東里,784,578423,738,542,341,858,799.73,108.40
台南市,安南區,安西里,1058,921504,871,626,382,1047,806.36,92.58
台南市,安南區,安慶里,1842,1379166,749,566,345,913,698.14,93.24
台南市,安南區,頂安里,1419,1233146,869,648,385,1108,891.16,102.55
台南市,安南區,原佃里,565,486337,861,596,366,1012,903.68,104.98
台南市,安南區,總頭里,425,348145,819,557,333,889,1656.86,202.26
台南市,安南區,長安里,1213,805974,664,536,342,834,562.28,84.62
台南市,安南區,公親里,265,179608,678,561,363,875,507.11,74.82
台南市,安南區,海東里,1544,1223712,793,578,359,952,842.18,106.26
台南市,安南區,海西里,601,427242,711,539,349,845,833.84,117.30
台南市,安南區,海南里,536,341598,637,485,319,770,553.15,86.79
台南市,安南區,溪心里,1982,1632460,824,614,367,1021,976.84,118.60
台南市,安南區,淵東里,1232,951129,772,576,354,934,835.12,108.17
台南市,安南區,淵中里,856,612846,716,555,349,853,643.90,89.94
台南市,安南區,淵西里,726,483317,666,522,351,799,551.33,82.82
台南市,安南區,佃東里,842,550699,654,536,360,820,466.55,71.33
台南市,安南區,佃西里,435,304904,701,555,336,857,603.25,86.06
台南市,安南區,公塭里,190,124523,655,563,371,826,471.68,71.97
台南市,安南區,南興里,382,237910,623,508,328,744,528.91,84.92
台南市,安南區,學東里,439,282171,643,532,357,775,489.53,76.16
台南市,安南區,城東里,276,164102,595,509,351,713,415.14,69.82
台南市,安南區,城西里,275,182166,662,510,328,820,554.25,83.67
台南市,安南區,城南里,591,378280,640,510,319,760,593.49,92.72
台南市,安南區,城北里,303,197915,653,526,352,789,534.37,81.81
台南市,安南區,城中里,242,153336,634,484,333,771,513.13,80.98
台南市,安南區,砂崙里,262,168872,645,508,358,776,669.24,103.83
台南市,安南區,青草里,228,136078,597,499,317,765,434.52,72.80
台南市,安南區,四草里,320,232177,726,554,344,835,700.18,96.50
台南市,安南區,塩田里,402,354822,883,610,395,1102,837.86,94.93
台南市,安南區,顯宮里,336,235362,700,508,315,853,718.47,102.57
台南市,安南區,鹿耳里,199,114115,573,457,298,749,434.85,75.83
台南市,安南區,安和里,623,431524,693,552,323,866,622.55,89.88
台南市,安南區,溪北里,841,655695,780,569,363,959,746.85,95.79
台南市,安南區,溪頂里,1333,1013147,760,616,370,974,618.29,81.35
台南市,安南區,溪墘里,853,594242,697,523,336,852,620.82,89.12
台南市,安南區,海佃里,1163,797140,685,513,318,838,642.89,93.80
台南市,安南區,幸福里,990,642611,649,503,328,807,540.39,83.25
台南市,安南區,梅花里,1146,872082,761,572,358,911,792.13,104.09
台南市,安南區,鳳凰里,1246,915908,735,550,368,882,740.63,100.76
台南市,安南區,理想里,1372,1019314,743,571,353,956,643.32,86.59
台南市,安南區,溪東里,1095,847029,774,582,373,947,706.50,91.33
台南市,安南區,布袋里,454,323539,713,563,347,898,547.58,76.84
台南市,安南區,國安里,681,534780,785,571,361,1032,666.19,84.83
台南市,安南區,安富里,1397,1027469,735,560,343,937,647.10,87.98
台南市,安南區,大安里,940,580993,618,494,320,772,468.93,75.87
台南市,安平區,西門里,273,172501,632,507,329,793,577.11,91.33
台南市,安平區,金城里,517,546019,1056,573,360,950,2127.64,201.46
台南市,安平區,石門里,524,356042,679,507,329,842,623.08,91.70
台南市,安平區,漁光里,76,42167,555,494,331,743,333.14,60.04
台南市,安平區,建平里,1559,1617590,1038,694,386,1279,1664.79,160.45
台南市,安平區,怡平里,1305,1447165,1109,704,377,1367,1401.85,126.41
台南市,安平區,華平里,1475,1225342,831,617,368,1035,798.41,96.11
台南市,安平區,平通里,2108,2050163,973,648,367,1122,1324.04,136.14
台南市,安平區,文平里,1679,1688341,1006,687,376,1245,1081.31,107.53
台南市,安平區,國平里,2204,2269204,1030,732,418,1284,1004.84,97.60
台南市,安平區,育平里,2238,2123121,949,674,389,1135,1429.02,150.63
台南市,安平區,億載里,898,910478,1014,697,382,1258,1143.57,112.79
台南市,安平區,海頭里,345,214126,621,491,308,749,524.01,84.43
台南市,安平區,港仔里,273,203854,747,523,331,782,908.42,121.66
台南市,安平區,平安里,1031,860197,834,544,319,980,1229.75,147.39
台南市,中西區,銀同里,335,299726,895,500,302,967,1530.08,171.01
台南市,中西區,福安里,326,491652,1508,544,302,1025,7655.19,507.59
台南市,中西區,赤崁里,454,698054,1538,602,318,1129,6734.61,438.00
台南市,中西區,法華里,924,969434,1049,737,393,1330,1048.67,99.95
台南市,中西區,郡王里,536,835188,1558,763,432,1370,5586.37,358.52
台南市,中西區,開山里,552,475147,861,574,316,1005,1135.96,131.97
台南市,中西區,五妃里,627,630148,1005,675,362,1251,1107.70,110.22
台南市,中西區,大南里,437,586033,1341,664,380,1149,4176.68,311.45
台南市,中西區,小西里,209,164627,788,576,336,937,872.57,110.78
台南市,中西區,仙草里,768,667548,869,580,320,1085,1014.99,116.77
台南市,中西區,公正里,531,549775,1035,654,307,1315,1409.35,136.12
台南市,中西區,進學里,411,462135,1124,681,378,1328,1375.23,122.31
台南市,中西區,建國里,359,435888,1214,544,317,1078,4182.74,344.49
台南市,中西區,青年里,445,448411,1008,634,293,1247,1179.78,117.08
台南市,中西區,永福里,423,661852,1565,677,369,1224,8976.54,573.70
台南市,中西區,永華里,411,344316,838,569,328,1014,930.26,111.04
台南市,中西區,天后里,417,1161812,2786,508,285,946,26190.60,940.04
台南市,中西區,三民里,430,349314,812,547,321,1024,852.92,104.99
台南市,中西區,萬昌里,531,421160,793,543,295,899,935.42,117.94
台南市,中西區,普濟里,259,219021,846,518,270,949,1232.61,145.76
台南市,中西區,水仙里,329,266259,809,542,311,944,888.15,109.74
台南市,中西區,藥王里,1082,973825,900,628,373,1078,977.29,108.59
台南市,中西區,安海里,468,542343,1159,657,385,1351,1824.54,157.44
台南市,中西區,中正里,332,241800,728,535,278,845,784.37,107.70
台南市,中西區,民主里,283,194979,689,463,286,842,734.08,106.55
台南市,中西區,大涼里,939,864384,921,633,360,1125,1007.83,109.48
台南市,中西區,元安里,364,275511,757,514,322,957,985.49,130.20
台南市,中西區,協進里,321,295932,922,644,368,1155,841.08,91.23
台南市,中西區,協和里,571,426037,746,531,301,885,861.44,115.45
台南市,中西區,民生里,398,336266,845,517,301,868,1960.42,232.03
台南市,中西區,文賢里,369,240750,652,515,313,806,550.52,84.38
台南市,中西區,光賢里,1173,1119887,955,677,376,1190,996.24,104.35
台南市,中西區,西賢里,1692,1960292,1159,693,390,1300,2423.09,209.15
台南市,中西區,西湖里,1824,2148040,1178,737,419,1404,1387.35,117.81
台南市,中西區,三合里,465,405191,871,537,326,1007,1132.80,130.00
台南市,中西區,民權里,417,374654,898,520,347,1073,1099.57,122.38
台南市,中西區,保安里,292,222377,762,492,300,839,1072.73,140.86
台南市,中西區,郡西里,267,203555,762,493,280,885,1188.42,155.88
台南市,新營區,忠政里,1743,1640658,941,692,405,1189,1003.65,106.63
台南市,新營區,民權里,871,817380,938,639,371,1156,1015.73,108.24
台南市,新營區,三仙里,932,758805,814,569,365,1022,783.76,96.26
台南市,新營區,民生里,1053,862450,819,599,352,1053,840.14,102.58
台南市,新營區,民榮里,1366,1053849,771,567,350,982,730.50,94.69
台南市,新營區,好平里,206,152092,738,515,331,890,691.34,93.64
台南市,新營區,延平里,330,208373,631,490,295,847,535.09,84.74
台南市,新營區,南興里,751,569854,759,604,368,1004,589.81,77.73
台南市,新營區,永生里,321,263942,822,555,310,1035,804.31,97.82
台南市,新營區,中營里,433,440741,1018,684,453,1219,1064.43,104.57
台南市,新營區,興業里,551,529448,961,690,418,1230,931.14,96.90
台南市,新營區,興安里,126,104504,829,554,338,960,928.76,111.98
台南市,新營區,王公里,1445,1370336,948,684,391,1213,1175.65,123.97
台南市,新營區,大宏里,1083,995049,919,668,393,1142,902.93,98.27
台南市,新營區,護鎮里,392,294466,751,607,384,948,563.09,74.96
台南市,新營區,埤寮里,516,418683,811,599,379,997,721.60,88.93
台南市,新營區,土庫里,372,305815,822,631,376,1021,672.52,81.81
台南市,新營區,太南里,368,313928,853,543,351,815,3779.20,443.01
台南市,新營區,太北里,455,316771,696,543,370,877,547.64,78.66
台南市,新營區,南紙里,1167,869374,745,579,378,956,582.48,78.19
台南市,新營區,嘉芳里,546,395035,724,569,378,916,643.83,88.99
台南市,新營區,舊里,60,42885,715,598,401,878,518.43,72.53
台南市,新營區,角帶里,96,63995,667,564,354,888,415.80,62.37
台南市,新營區,鐵線里,157,106780,680,513,291,867,608.41,89.46
台南市,新營區,五興里,196,133852,683,552,389,763,563.06,82.45
台南市,新營區,姑爺里,107,73395,686,567,338,819,512.95,74.78
台南市,新營區,新北里,1690,1499492,887,658,404,1143,784.84,88.46
台南市,新營區,新南里,1646,1589285,966,706,406,1232,932.50,96.58
台南市,新營區,新東里,2282,2440469,1069,821,464,1430,905.72,84.69
台南市,鹽水區,水秀里,397,274252,691,529,369,802,625.99,90.62
台南市,鹽水區,福得里,164,129342,789,562,358,1037,697.72,88.47
台南市,鹽水區,三生里,89,66066,742,629,388,871,609.45,82.10
台南市,鹽水區,武廟里,133,104906,789,641,370,1040,621.89,78.84
台南市,鹽水區,中境里,157,120006,764,589,342,931,711.51,93.08
台南市,鹽水區,水正里,229,184098,804,593,373,962,707.20,87.97
台南市,鹽水區,水仙里,85,56643,666,536,351,864,506.97,76.08
台南市,鹽水區,橋南里,1031,742111,720,549,376,856,778.26,108.12
台南市,鹽水區,岸內里,1013,758594,749,586,360,974,593.37,79.24
台南市,鹽水區,義稠里,206,135079,656,522,324,813,567.33,86.52
台南市,鹽水區,汫水里,200,137805,689,562,333,910,535.83,77.77
台南市,鹽水區,下中里,152,110033,724,553,403,859,565.45,78.11
台南市,鹽水區,歡雅里,361,239301,663,534,355,790,554.96,83.72
台南市,鹽水區,大莊里,104,65279,628,477,332,769,536.84,85.53
台南市,鹽水區,孫厝里,101,64632,640,466,305,890,526.60,82.29
台南市,鹽水區,桐寮里,66,52305,792,604,408,995,590.62,74.53
台南市,鹽水區,後宅里,128,79092,618,503,306,772,471.14,76.25
台南市,鹽水區,舊營里,198,143182,723,583,399,898,556.08,76.90
台南市,鹽水區,竹埔里,148,115848,783,521,332,949,863.65,110.33
台南市,鹽水區,下林里,67,41764,623,528,351,779,416.64,66.84
台南市,鹽水區,飯店里,83,52077,627,469,247,820,552.84,88.11
台南市,鹽水區,大豐里,49,43373,885,654,403,921,1035.68,117.00
台南市,鹽水區,河南里,107,68005,636,520,381,666,516.35,81.24
台南市,鹽水區,南港里,200,118298,591,504,355,750,378.64,64.01
台南市,鹽水區,田寮里,47,39240,835,625,338,1026,763.78,91.48
台南市,白河區,白河里,395,297872,754,575,349,959,623.24,82.65
台南市,白河區,永安里,803,609389,759,572,324,955,730.58,96.27
台南市,白河區,庄內里,363,250131,689,518,347,857,611.67,88.77
台南市,白河區,外角里,317,195863,618,504,289,805,491.97,79.62
台南市,白河區,秀祐里,219,137444,628,507,287,775,522.05,83.18
台南市,白河區,大竹里,273,179950,659,530,325,815,548.74,83.25
台南市,白河區,玉豐里,250,157389,630,545,324,826,436.84,69.39
台南市,白河區,詔安里,168,107766,641,540,350,766,552.87,86.19
台南市,白河區,蓮潭里,159,110534,695,545,354,907,513.41,73.85
台南市,白河區,廣安里,136,100502,739,563,358,995,587.14,79.45
台南市,白河區,內角里,147,110794,754,551,326,818,959.46,127.30
台南市,白河區,草店里,170,110299,649,531,311,826,551.25,84.96
台南市,白河區,甘宅里,104,59975,577,509,291,765,423.75,73.48
台南市,白河區,竹門里,167,113530,680,569,335,828,506.87,74.56
台南市,白河區,崎內里,137,90448,660,518,323,844,536.78,81.30
台南市,白河區,汴頭里,85,52952,623,544,301,846,446.13,71.61
台南市,白河區,昇安里,276,189599,687,542,342,842,672.91,97.96
台南市,白河區,河東里,258,186146,721,548,348,894,578.49,80.18
台南市,白河區,虎山里,89,65670,738,556,277,885,717.70,97.27
台南市,白河區,大林里,104,63816,614,480,290,852,477.25,77.78
台南市,白河區,崁頭里,65,37786,581,515,295,764,432.25,74.36
台南市,白河區,六溪里,80,55930,699,511,326,726,916.16,131.04
台南市,白河區,關嶺里,163,123991,761,505,306,839,864.48,113.65
台南市,白河區,仙草里,164,84403,515,419,249,726,401.93,78.10
台南市,柳營區,士林里,487,411262,844,632,382,986,1126.82,133.43
台南市,柳營區,光福里,527,375218,712,554,343,870,645.99,90.73
台南市,柳營區,中埕里,260,205662,791,631,349,1035,603.55,76.30
台南市,柳營區,東昇里,777,616510,793,587,378,1045,658.32,82.97
台南市,柳營區,八翁里,348,272686,784,596,365,899,1262.35,161.10
台南市,柳營區,人和里,192,134852,702,537,353,863,592.24,84.32
台南市,柳營區,太康里,377,317663,843,654,403,1040,757.49,89.90
台南市,柳營區,重溪里,419,296152,707,599,349,931,516.40,73.06
台南市,柳營區,篤農里,330,249289,755,505,331,783,1451.97,192.21
台南市,柳營區,大農里,137,83979,613,490,320,772,463.31,75.58
台南市,柳營區,神農里,322,216758,673,566,351,836,494.09,73.40
台南市,柳營區,果毅里,277,183964,664,548,368,805,462.99,69.71
台南市,柳營區,旭山里,287,197395,688,510,318,762,810.16,117.79
台南市,後壁區,後壁里,457,352821,772,595,373,962,635.54,82.32
台南市,後壁區,嘉苳里,299,206531,691,582,374,918,503.22,72.85
台南市,後壁區,侯伯里,308,241476,784,552,374,1004,665.44,84.88
台南市,後壁區,土溝里,268,188311,703,556,352,885,538.00,76.57
台南市,後壁區,嘉田里,253,189227,748,580,372,970,647.93,86.63
台南市,後壁區,嘉民里,239,164157,687,593,339,876,494.60,72.01
台南市,後壁區,頂安里,322,247503,769,590,390,947,592.73,77.11
台南市,後壁區,長安里,321,226820,707,571,351,998,517.61,73.25
台南市,後壁區,福安里,320,244872,765,548,347,973,701.22,91.64
台南市,後壁區,烏樹里,154,101705,660,483,308,834,581.87,88.11
台南市,後壁區,墨林里,166,122372,737,576,371,991,548.13,74.35
台南市,後壁區,菁寮里,85,69404,817,662,400,1052,657.71,80.55
台南市,後壁區,後里,88,68043,773,604,443,952,561.14,72.57
台南市,後壁區,崁頂里,104,80902,778,622,411,901,737.12,94.76
台南市,後壁區,菁豐里,164,128682,785,669,341,1047,602.79,76.82
台南市,後壁區,新嘉里,180,126396,702,544,344,959,533.02,75.91
台南市,後壁區,頂長里,112,83555,746,535,380,786,925.03,123.99
台南市,後壁區,平安里,233,163514,702,586,359,873,538.75,76.77
台南市,後壁區,仕安里,94,63504,676,528,385,950,419.26,62.06
台南市,後壁區,新東里,394,269215,683,549,361,904,503.64,73.71
台南市,後壁區,竹新里,296,214252,724,557,365,874,957.13,132.23
台南市,東山區,東山里,287,203788,710,560,355,821,675.89,95.19
台南市,東山區,東中里,575,430181,748,529,313,892,828.48,110.74
台南市,東山區,東正里,294,199983,680,520,372,824,537.94,79.08
台南市,東山區,三榮里,157,107607,685,517,318,808,733.44,107.01
台南市,東山區,大客里,169,118605,702,603,401,900,454.89,64.82
台南市,東山區,科里里,213,144080,676,534,330,851,580.66,85.84
台南市,東山區,東河里,183,107623,588,472,309,730,446.19,75.87
台南市,東山區,聖賢里,428,316488,739,580,378,955,566.37,76.59
台南市,東山區,南溪里,77,53063,689,510,335,890,631.24,91.60
台南市,東山區,水雲里,62,40875,659,483,348,854,487.86,74.00
台南市,東山區,林安里,62,34497,556,380,254,659,475.02,85.37
台南市,東山區,東原里,376,245895,654,523,327,797,567.29,86.75
台南市,東山區,嶺南里,94,52407,558,459,309,618,454.43,81.51
台南市,東山區,南勢里,151,95835,635,500,341,782,668.27,105.30
台南市,東山區,青山里,155,97525,629,510,331,789,530.18,84.26
台南市,東山區,高原里,140,83579,597,465,288,763,463.78,77.69
台南市,麻豆區,榖興里,213,189349,889,612,388,1201,811.47,91.28
台南市,麻豆區,保安里,178,133950,753,585,311,930,798.88,106.16
台南市,麻豆區,東角里,911,782197,859,639,395,1091,767.18,89.35
台南市,麻豆區,晉江里,792,644796,814,587,382,961,807.19,99.15
台南市,麻豆區,巷口里,533,453908,852,642,407,1157,705.42,82.83
台南市,麻豆區,中興里,635,506816,798,620,370,1061,684.29,85.74
台南市,麻豆區,興農里,466,378331,812,597,383,1067,691.35,85.16
台南市,麻豆區,新建里,374,304050,813,582,373,971,827.40,101.78
台南市,麻豆區,油車里,1123,920699,820,619,389,1019,789.40,96.29
台南市,麻豆區,北勢里,238,176597,742,542,372,858,758.19,102.18
台南市,麻豆區,大埕里,865,683290,790,585,355,999,736.40,93.22
台南市,麻豆區,總榮里,188,143386,763,563,397,839,697.04,91.39
台南市,麻豆區,龍泉里,209,152176,728,578,409,941,513.83,70.57
台南市,麻豆區,寮里,455,314047,690,537,362,856,581.42,84.24
台南市,麻豆區,南勢里,694,593498,855,600,366,1014,1195.57,139.80
台南市,麻豆區,安東里,164,130332,795,500,336,912,884.11,111.25
台南市,麻豆區,安業里,173,128842,745,582,376,972,576.47,77.40
台南市,麻豆區,安西里,185,113884,616,511,337,755,508.68,82.63
台南市,麻豆區,謝安里,235,168378,717,569,380,844,565.38,78.91
台南市,麻豆區,中民里,183,150170,821,592,389,990,731.88,89.19
台南市,麻豆區,安正里,231,151295,655,518,329,866,493.41,75.33
台南市,麻豆區,磚井里,308,204845,665,534,343,836,566.04,85.11
台南市,麻豆區,小埤里,257,186884,727,568,376,874,623.96,85.81
台南市,麻豆區,埤頭里,347,236872,683,522,353,833,559.18,81.92
台南市,麻豆區,大山里,156,119510,766,611,389,905,572.05,74.67
台南市,麻豆區,海埔里,253,177042,700,559,384,881,529.11,75.61
台南市,麻豆區,莊禮里,93,64332,692,494,352,856,629.68,91.03
台南市,麻豆區,港尾里,315,309701,983,582,323,1163,1228.74,124.98
台南市,麻豆區,麻口里,272,175844,646,508,344,760,499.81,77.31
台南市,下營區,仁里里,774,572137,739,590,373,908,650.95,88.06
台南市,下營區,宅內里,235,159647,679,546,361,896,492.01,72.42
台南市,下營區,後街里,423,312011,738,575,363,907,636.50,86.29
台南市,下營區,新興里,636,477293,750,574,379,967,708.79,94.45
台南市,下營區,下營里,215,160876,748,573,344,1034,645.06,86.21
台南市,下營區,營前里,564,430547,763,585,363,1026,592.78,77.65
台南市,下營區,大屯里,187,121967,652,493,298,814,539.73,82.75
台南市,下營區,大埤里,156,108127,693,499,345,898,657.56,94.87
台南市,下營區,開化里,491,350507,714,561,351,911,618.73,86.67
台南市,下營區,茅港里,310,226882,732,535,364,903,659.05,90.05
台南市,下營區,中營里,278,198975,716,580,326,923,625.00,87.32
台南市,下營區,西連里,188,133959,713,548,386,914,512.65,71.95
台南市,下營區,賀建里,298,199485,669,501,347,788,558.87,83.49
台南市,下營區,甲中里,225,167293,744,526,339,919,751.79,101.11
台南市,下營區,紅厝里,245,185508,757,579,357,957,616.60,81.43
台南市,六甲區,六甲里,803,643757,802,599,378,992,717.95,89.55
台南市,六甲區,甲東里,734,524341,714,566,363,851,601.12,84.15
台南市,六甲區,甲南里,411,303575,739,569,357,913,712.72,96.49
台南市,六甲區,龍湖里,266,190023,714,567,360,842,576.81,80.74
台南市,六甲區,七甲里,250,175061,700,523,366,778,597.34,85.31
台南市,六甲區,二甲里,956,707843,740,572,364,905,683.74,92.34
台南市,六甲區,水林里,603,425882,706,577,377,901,502.85,71.20
台南市,六甲區,中社里,439,318643,726,581,374,892,591.93,81.55
台南市,六甲區,龜港里,309,226312,732,571,393,932,622.52,85.00
台南市,六甲區,菁埔里,140,92910,664,541,329,802,534.37,80.52
台南市,六甲區,王爺里,140,92182,658,543,374,793,482.08,73.22
台南市,六甲區,大丘里,88,55657,632,486,363,834,453.28,71.67
台南市,官田區,官田里,567,426038,751,590,374,929,792.55,105.48
台南市,官田區,湖山里,238,176428,741,551,382,865,628.83,84.83
台南市,官田區,隆田里,550,440599,801,602,378,1033,696.19,86.91
台南市,官田區,二鎮里,969,713528,736,565,378,923,652.17,88.57
台南市,官田區,東庄里,323,230219,713,589,371,951,483.35,67.81
台南市,官田區,西庄里,159,104852,659,516,370,796,514.58,78.03
台南市,官田區,拔林里,129,98272,762,536,382,953,904.31,118.71
台南市,官田區,渡頭里,553,395310,715,563,370,884,596.87,83.50
台南市,官田區,社子里,192,116190,605,496,328,766,431.12,71.24
台南市,官田區,大崎里,71,50770,715,508,299,824,749.56,104.82
台南市,官田區,嘉南里,67,50380,752,484,349,889,797.51,106.06
台南市,官田區,隆本里,983,738301,751,587,378,959,632.14,84.17
台南市,官田區,南里,291,184340,633,515,332,779,471.08,74.36
台南市,大內區,石湖里,230,150280,653,494,353,863,487.19,74.56
台南市,大內區,石林里,134,86290,644,485,301,855,536.71,83.35
台南市,大內區,石城里,393,252914,644,519,350,768,456.41,70.92
台南市,大內區,內江里,228,149351,655,502,323,776,594.03,90.68
台南市,大內區,大內里,187,139585,746,626,379,1020,519.83,69.64
台南市,大內區,內郭里,130,74845,576,477,351,717,396.26,68.83
台南市,大內區,頭社里,177,110711,625,551,397,734,370.88,59.29
台南市,大內區,二溪里,165,111855,678,499,323,802,657.34,96.97
台南市,大內區,曲溪里,107,61834,578,517,388,723,297.63,51.50
台南市,大內區,環湖里,95,60811,640,558,366,802,443.34,69.26
台南市,佳里區,鎮山里,1691,1240510,734,571,366,909,617.08,84.12
台南市,佳里區,東寧里,548,452293,825,567,353,922,992.78,120.29
台南市,佳里區,六安里,1330,1167033,877,651,385,1088,1061.90,121.02
台南市,佳里區,安西里,3780,3087415,817,611,378,1002,845.97,103.57
台南市,佳里區,建南里,2595,2089075,805,600,365,1019,729.69,90.64
台南市,佳里區,佳化里,579,419139,724,512,361,868,655.62,90.57
台南市,佳里區,禮化里,259,218838,845,533,366,881,2088.58,247.19
台南市,佳里區,興化里,304,215405,709,575,348,882,615.83,86.91
台南市,佳里區,營頂里,155,123497,797,618,343,979,834.21,104.70
台南市,佳里區,溪洲里,85,60271,709,447,284,896,664.55,93.72
台南市,佳里區,頂里,216,139900,648,523,330,873,480.00,74.11
台南市,佳里區,海澄里,375,240842,642,496,323,832,563.27,87.70
台南市,佳里區,漳洲里,148,79730,539,445,306,693,389.99,72.39
台南市,佳里區,子龍里,318,227115,714,594,353,904,584.51,81.84
台南市,佳里區,三協里,236,175388,743,580,375,910,633.12,85.19
台南市,佳里區,民安里,387,259816,671,533,331,861,526.57,78.43
台南市,佳里區,龍安里,267,179928,674,496,307,796,792.22,117.56
台南市,佳里區,蚶寮里,152,91523,602,513,363,778,392.67,65.21
台南市,佳里區,通興里,204,119242,585,481,338,668,465.45,79.63
台南市,佳里區,嘉福里,197,130431,662,461,317,843,695.76,105.09
台南市,佳里區,忠仁里,793,568407,717,565,356,931,548.58,76.53
台南市,西港區,西港里,935,680880,728,560,369,888,658.12,90.37
台南市,西港區,南海里,631,425354,674,512,350,797,599.17,88.88
台南市,西港區,港東里,411,247008,601,469,310,769,523.54,87.11
台南市,西港區,檨林里,304,203579,670,519,332,830,641.89,95.85
台南市,西港區,後營里,354,225003,636,494,332,824,446.88,70.31
台南市,西港區,營西里,294,211234,718,554,345,879,630.57,87.76
台南市,西港區,金砂里,162,106075,655,529,353,783,566.99,86.59
台南市,西港區,劉厝里,291,177463,610,484,322,758,474.89,77.87
台南市,西港區,竹林里,246,157997,642,462,299,762,612.28,95.33
台南市,西港區,永樂里,197,128004,650,505,293,731,897.25,138.09
台南市,西港區,新復里,210,138621,660,499,331,750,621.87,94.21
台南市,西港區,慶安里,1319,992777,753,553,348,904,814.44,108.21
台南市,七股區,後港里,90,48201,536,470,314,669,390.18,72.85
台南市,七股區,大潭里,126,70599,560,437,298,699,446.37,79.66
台南市,七股區,頂山里,130,78481,604,457,295,652,598.90,99.21
台南市,七股區,西寮里,45,23230,516,469,237,691,367.00,71.09
台南市,七股區,城內里,79,58901,746,496,362,803,918.59,123.20
台南市,七股區,篤加里,144,104423,725,498,366,768,1013.83,139.81
台南市,七股區,中寮里,100,70483,705,516,348,768,680.04,96.48
台南市,七股區,塩埕里,38,27026,711,683,355,924,532.46,74.87
台南市,七股區,七股里,203,130156,641,545,362,789,453.09,70.67
台南市,七股區,溪南里,72,61186,850,553,323,906,1048.77,123.41
台南市,七股區,玉成里,158,103350,654,457,330,848,639.06,97.70
台南市,七股區,大埕里,392,255882,653,516,322,776,548.83,84.08
台南市,七股區,大寮里,191,110417,578,456,309,691,564.28,97.61
台南市,七股區,看坪里,137,85606,625,469,340,778,516.73,82.69
台南市,七股區,樹林里,249,154414,620,510,352,756,452.23,72.92
台南市,七股區,竹港里,137,83642,611,511,341,789,488.49,80.01
台南市,七股區,竹橋里,121,77706,642,565,340,833,422.98,65.86
台南市,七股區,義合里,257,167074,650,527,342,811,478.26,73.57
台南市,七股區,槺榔里,145,86862,599,483,319,783,433.48,72.36
台南市,七股區,永吉里,177,111158,628,513,303,769,534.48,85.11
台南市,七股區,三股里,208,127061,611,490,287,730,506.50,82.92
台南市,七股區,十份里,199,115194,579,457,295,688,531.78,91.87
台南市,七股區,龍山里,277,159780,577,481,304,719,491.12,85.14
台南市,將軍區,長榮里,267,170131,637,498,326,809,542.40,85.12
台南市,將軍區,西華里,384,258950,674,539,372,834,504.74,74.85
台南市,將軍區,西和里,195,123005,631,481,316,782,488.69,77.47
台南市,將軍區,忠興里,407,259988,639,511,317,787,482.33,75.51
台南市,將軍區,嘉昌里,155,96291,621,530,333,746,511.69,82.37
台南市,將軍區,保源里,204,122333,600,471,337,644,541.01,90.22
台南市,將軍區,苓和里,242,163763,677,544,344,800,659.49,97.46
台南市,將軍區,仁和里,124,84658,683,542,332,857,611.96,89.63
台南市,將軍區,北埔里,83,49825,600,487,347,706,486.59,81.06
台南市,將軍區,將富里,121,85393,706,542,338,826,832.62,117.98
台南市,將軍區,將貴里,95,66295,698,528,301,761,900.26,129.01
台南市,將軍區,三吉里,77,45445,590,508,374,723,354.09,59.99
台南市,將軍區,玉山里,111,69485,626,509,337,701,626.31,100.05
台南市,將軍區,廣山里,93,59572,641,452,313,840,560.38,87.48
台南市,將軍區,長沙里,245,141919,579,464,312,753,435.71,75.22
台南市,將軍區,平沙里,184,106815,581,486,315,750,456.61,78.66
台南市,將軍區,鯤鯓里,332,208900,629,520,355,806,445.75,70.84
台南市,將軍區,鯤溟里,127,69340,546,470,308,677,345.80,63.33
台南市,北門區,北門里,160,96038,600,456,297,718,556.49,92.71
台南市,北門區,永隆里,90,56582,629,518,331,801,452.51,71.98
台南市,北門區,永華里,58,40252,694,635,415,854,421.49,60.73
台南市,北門區,玉港里,143,92552,647,522,325,860,460.99,71.23
台南市,北門區,東壁里,150,98694,658,514,390,804,436.76,66.38
台南市,北門區,鯤江里,147,102349,696,519,331,836,626.69,90.01
台南市,北門區,保吉里,300,193068,644,478,304,753,637.23,99.02
台南市,北門區,雙春里,80,45091,564,465,297,770,422.42,74.94
台南市,北門區,錦湖里,135,98798,732,561,358,947,626.25,85.57
台南市,北門區,慈安里,136,91113,670,541,318,857,545.33,81.40
台南市,北門區,三光里,228,133534,586,511,315,718,487.67,83.27
台南市,北門區,中樞里,144,93285,648,507,333,753,620.08,95.72
台南市,北門區,仁里里,121,74116,613,529,394,731,402.65,65.74
台南市,學甲區,仁得里,1153,811465,704,549,352,875,595.86,84.66
台南市,學甲區,新榮里,590,425480,721,568,375,926,535.29,74.23
台南市,學甲區,光華里,307,184303,600,495,343,755,421.52,70.21
台南市,學甲區,宅港里,157,100996,643,551,365,791,416.21,64.70
台南市,學甲區,明宜里,548,394242,719,531,330,896,772.75,107.41
台南市,學甲區,慈福里,518,384673,743,594,352,958,635.85,85.62
台南市,學甲區,新達里,560,398497,712,534,343,866,629.60,88.48
台南市,學甲區,大灣里,264,194680,737,559,361,972,585.58,79.41
台南市,學甲區,中洲里,365,253530,695,533,332,835,713.37,102.70
台南市,學甲區,平和里,216,123068,570,481,312,710,433.84,76.14
台南市,學甲區,豐和里,278,177636,639,527,341,827,491.16,76.87
台南市,學甲區,三慶里,287,186204,649,491,345,772,590.90,91.08
台南市,學甲區,秀昌里,635,456356,719,530,357,870,792.05,110.21
台南市,新化區,武安里,579,420393,726,554,336,861,683.86,94.19
台南市,新化區,東榮里,1107,847768,766,549,345,911,1001.19,130.73
台南市,新化區,護國里,536,398337,743,582,353,975,701.46,94.39
台南市,新化區,太平里,1265,950261,751,569,352,935,639.18,85.09
台南市,新化區,中央里,113,74696,661,515,291,842,598.51,90.54
台南市,新化區,觀音里,130,104746,806,599,390,1048,699.09,86.76
台南市,新化區,竹林里,108,75155,696,542,342,929,510.45,73.35
台南市,新化區,清水里,261,176447,676,507,312,866,603.24,89.23
台南市,新化區,協興里,981,693368,707,532,350,839,684.63,96.86
台南市,新化區,唪口里,599,438599,732,545,348,927,632.46,86.38
台南市,新化區,北勢里,416,285404,686,544,373,886,494.14,72.03
台南市,新化區,豐榮里,871,692053,795,570,356,983,699.68,88.06
台南市,新化區,全興里,844,759475,900,640,362,1138,843.34,93.72
台南市,新化區,崙頂里,482,354246,735,553,332,892,644.71,87.72
台南市,新化區,知義里,475,326230,687,508,330,835,725.87,105.69
台南市,新化區,山腳里,356,260768,732,527,328,896,694.67,94.84
台南市,新化區,大坑里,64,34439,538,429,316,576,432.88,80.44
台南市,新化區,𦰡拔里,508,351173,691,517,333,904,566.91,82.01
台南市,新化區,羊林里,185,118917,643,467,318,772,603.78,93.93
台南市,新化區,礁坑里,157,107611,685,513,306,724,945.75,137.98
台南市,善化區,東關里,401,465305,1160,840,454,1708,958.50,82.60
台南市,善化區,文昌里,828,714780,863,641,362,1071,798.90,92.54
台南市,善化區,南關里,502,424452,846,612,368,1008,776.69,91.86
台南市,善化區,西關里,211,178493,846,631,370,1015,895.59,105.87
台南市,善化區,北關里,153,138554,906,591,380,1133,866.33,95.67
台南市,善化區,文正里,493,473318,960,668,376,1172,931.41,97.01
台南市,善化區,坐駕里,1359,1428180,1051,773,447,1411,902.62,85.89
台南市,善化區,胡家里,292,205248,703,574,408,874,506.30,72.03
台南市,善化區,胡厝里,414,323169,781,582,407,944,798.62,102.31
台南市,善化區,什乃里,350,260072,743,613,351,943,541.17,72.83
台南市,善化區,溪美里,534,585494,1096,693,418,1247,1741.79,158.86
台南市,善化區,六分里,170,136098,801,637,413,1041,569.37,71.12
台南市,善化區,田寮里,449,340620,759,601,392,962,590.00,77.77
台南市,善化區,六德里,272,198113,728,531,378,844,682.74,93.74
台南市,善化區,東昌里,245,182707,746,551,411,888,622.05,83.41
台南市,善化區,東隆里,225,172520,767,561,358,947,736.43,96.05
台南市,善化區,牛庄里,466,457894,983,555,360,966,4366.23,444.35
台南市,善化區,嘉南里,249,189640,762,584,392,946,683.93,89.80
台南市,善化區,嘉北里,450,352567,783,623,400,1017,575.42,73.44
台南市,善化區,小新里,2289,2816959,1231,911,514,1590,1140.62,92.68
台南市,善化區,光文里,1867,1955828,1048,729,416,1301,1579.22,150.75
台南市,新市區,新市里,852,669925,786,592,381,958,655.56,83.37
台南市,新市區,新和里,2097,1768410,843,608,379,1037,786.64,93.28
台南市,新市區,社內里,685,557852,814,599,359,1029,720.84,88.51
台南市,新市區,大洲里,172,114655,667,529,339,826,543.72,81.57
台南市,新市區,豐華里,257,187250,729,526,369,827,789.48,108.36
台南市,新市區,三舍里,494,574361,1163,699,403,1316,1424.30,122.50
台南市,新市區,大營里,1061,897384,846,626,380,1065,752.76,89.00
台南市,新市區,大社里,1357,1087700,802,631,401,995,637.30,79.51
台南市,新市區,潭頂里,494,352573,714,529,331,894,636.03,89.12
台南市,新市區,港墘里,1116,769445,689,532,340,841,575.25,83.43
台南市,新市區,永就里,946,762219,806,606,368,1040,658.34,81.71
台南市,安定區,蘇林里,564,403240,715,548,356,924,573.35,80.19
台南市,安定區,蘇厝里,538,408291,759,607,376,955,603.53,79.53
台南市,安定區,安定里,403,290759,721,588,385,903,554.74,76.89
台南市,安定區,保西里,197,155855,791,620,406,958,653.10,82.55
台南市,安定區,安加里,339,295615,872,597,385,1084,925.66,106.15
台南市,安定區,港尾里,395,295246,747,564,374,876,659.63,88.25
台南市,安定區,中榮里,512,462725,904,674,398,1145,835.70,92.47
台南市,安定區,港口里,755,563910,747,575,367,944,626.96,83.94
台南市,安定區,港南里,681,466749,685,521,350,831,580.36,84.68
台南市,安定區,六嘉里,380,233116,613,473,328,740,464.13,75.66
台南市,安定區,新吉里,670,487682,728,540,346,896,649.25,89.20
台南市,安定區,海寮里,645,439522,681,526,342,819,620.15,91.01
台南市,安定區,南安里,172,130695,760,514,363,875,829.28,109.14
台南市,安定區,中沙里,177,194582,1099,536,345,878,4236.36,385.36
台南市,安定區,大同里,162,99359,613,511,326,751,478.75,78.06
台南市,安定區,管寮里,231,151262,655,512,339,783,499.07,76.22
台南市,山上區,山上里,255,165549,649,519,340,763,493.83,76.07
台南市,山上區,南洲里,427,291515,683,533,348,842,607.53,88.99
台南市,山上區,明和里,457,326029,713,522,361,901,696.17,97.58
台南市,山上區,新莊里,283,190366,673,521,330,783,722.20,107.36
台南市,山上區,玉峰里,94,58167,619,515,344,773,405.91,65.60
台南市,山上區,豐德里,72,47405,658,483,372,762,666.07,101.17
台南市,山上區,平陽里,75,47973,640,522,309,754,564.42,88.24
台南市,玉井區,玉井里,214,152339,712,534,337,856,668.58,93.92
台南市,玉井區,玉田里,932,681900,732,556,368,899,609.11,83.25
台南市,玉井區,中正里,225,158345,704,506,336,822,688.83,97.88
台南市,玉井區,竹圍里,285,179038,628,513,354,817,449.68,71.58
台南市,玉井區,沙田里,88,64087,728,487,291,927,709.08,97.37
台南市,玉井區,三埔里,87,63352,728,604,396,983,532.89,73.18
台南市,玉井區,三和里,138,93481,677,550,368,887,466.64,68.89
台南市,玉井區,望明里,245,161160,658,536,357,780,482.64,73.37
台南市,玉井區,層林里,102,64158,629,534,372,726,443.69,70.54
台南市,玉井區,豐里里,176,112602,640,462,289,733,670.68,104.83
台南市,楠西區,楠西里,337,227732,676,532,320,881,570.31,84.39
台南市,楠西區,灣丘里,170,102650,604,502,314,729,449.13,74.38
台南市,楠西區,密枝里,92,67202,730,587,417,837,609.21,83.40
台南市,楠西區,照興里,148,82518,558,471,328,683,402.25,72.15
台南市,楠西區,鹿田里,163,109189,670,575,354,814,535.47,79.94
台南市,楠西區,龜丹里,104,75342,724,529,355,804,999.00,137.90
台南市,楠西區,東勢里,429,264100,616,478,283,802,492.84,80.06
台南市,南化區,南化里,289,195584,677,528,356,820,514.24,75.99
台南市,南化區,小崙里,124,74958,605,498,302,712,486.90,80.55
台南市,南化區,中坑里,79,56663,717,519,382,817,804.17,112.12
台南市,南化區,北平里,85,52891,622,479,344,697,504.50,81.08
台南市,南化區,東和里,100,67570,676,522,371,756,561.38,83.08
台南市,南化區,西埔里,155,89925,580,461,309,707,403.03,69.47
台南市,南化區,北寮里,198,133061,672,549,322,886,532.57,79.25
台南市,南化區,玉山里,165,103749,629,467,303,783,485.85,77.27
台南市,南化區,關山里,157,103144,657,565,338,829,522.12,79.47
台南市,左鎮區,光和里,51,39489,774,604,380,976,584.60,75.50
台南市,左鎮區,榮和里,118,76929,652,494,354,811,506.44,77.68
台南市,左鎮區,左鎮里,83,47261,569,463,346,691,394.01,69.20
台南市,左鎮區,中正里,144,108545,754,557,345,875,1024.45,135.91
台南市,左鎮區,睦光里,82,49392,602,454,330,669,535.39,88.89
台南市,左鎮區,內庄里,73,53792,737,556,371,889,589.73,80.03
台南市,左鎮區,岡林里,61,36432,597,474,313,765,405.25,67.85
台南市,左鎮區,草山里,31,16923,546,489,304,683,339.92,62.27
台南市,左鎮區,二寮里,25,14771,591,649,340,721,294.06,49.77
台南市,左鎮區,澄山里,56,34643,619,571,336,704,508.34,82.17
台南市,仁德區,太子里,1497,1070111,715,555,362,880,629.46,88.06
台南市,仁德區,土庫里,715,532595,745,568,338,935,660.97,88.73
台南市,仁德區,一甲里,902,851507,944,664,383,1107,1417.85,150.19
台南市,仁德區,仁德里,2307,2056083,891,671,397,1138,802.87,90.09
台南市,仁德區,新田里,966,741142,767,563,358,952,786.28,102.48
台南市,仁德區,後壁里,2697,2072922,769,594,364,993,665.83,86.63
台南市,仁德區,上崙里,1481,1082554,731,589,365,915,584.12,79.91
台南市,仁德區,田厝里,372,238711,642,504,318,767,841.21,131.09
台南市,仁德區,三甲里,211,167617,794,553,336,1024,709.55,89.32
台南市,仁德區,保安里,841,646157,768,583,363,996,704.31,91.67
台南市,仁德區,二行里,569,472854,831,574,362,943,954.92,114.91
台南市,仁德區,大甲里,579,404897,699,540,378,831,588.71,84.19
台南市,仁德區,中洲里,359,253727,707,544,363,898,565.12,79.96
台南市,仁德區,中生里,340,246930,726,546,368,869,704.06,96.94
台南市,仁德區,仁和里,246,168628,685,596,347,898,522.18,76.18
台南市,仁德區,成功里,1280,1049170,820,591,350,969,1019.88,124.43
台南市,仁德區,仁愛里,412,350514,851,666,399,1152,638.07,75.00
台南市,仁德區,仁義里,2971,2541956,856,625,388,1051,918.40,107.34
台南市,歸仁區,南保里,1953,1507214,772,565,364,906,838.63,108.67
台南市,歸仁區,六甲里,999,753523,754,565,365,928,722.25,95.75
台南市,歸仁區,歸仁里,736,622606,846,611,380,1035,857.60,101.38
台南市,歸仁區,後市里,995,839574,844,581,367,929,2117.01,250.89
台南市,歸仁區,辜厝里,981,755885,771,552,353,927,898.78,116.64
台南市,歸仁區,許厝里,967,729628,755,571,362,922,649.19,86.04
台南市,歸仁區,看西里,629,516305,821,637,396,1004,783.91,95.50
台南市,歸仁區,看東里,562,421348,750,596,370,965,598.46,79.82
台南市,歸仁區,崙頂里,860,838688,975,671,408,1162,1655.45,169.75
台南市,歸仁區,沙崙里,173,139277,805,496,294,845,2287.04,284.08
台南市,歸仁區,大潭里,460,381887,830,563,367,951,2090.64,251.83
台南市,歸仁區,武東里,432,384305,890,645,398,1037,1561.60,175.54
台南市,歸仁區,八甲里,695,557740,803,611,401,981,804.07,100.20
台南市,歸仁區,七甲里,950,729722,768,596,369,969,645.42,84.02
台南市,歸仁區,媽廟里,538,408423,759,565,377,885,803.30,105.82
台南市,歸仁區,西埔里,494,362568,734,552,335,913,656.41,89.44
台南市,歸仁區,大廟里,758,549801,725,552,356,881,749.86,103.38
台南市,歸仁區,南興里,1265,1016966,804,601,387,1002,670.01,83.34
台南市,歸仁區,新厝里,738,559828,759,586,372,896,629.20,82.95
台南市,歸仁區,歸南里,665,473613,712,524,358,819,744.23,104.50
台南市,歸仁區,文化里,957,716523,749,570,366,945,620.49,82.87
台南市,關廟區,關廟里,612,452214,739,576,365,891,676.81,91.60
台南市,關廟區,山西里,536,396839,740,561,361,903,644.70,87.08
台南市,關廟區,香洋里,911,681859,748,569,352,910,839.45,112.15
台南市,關廟區,北勢里,628,434512,692,558,373,865,500.04,72.27
台南市,關廟區,新埔里,246,164333,668,478,338,849,555.66,83.18
台南市,關廟區,五甲里,847,566985,669,543,349,872,465.99,69.61
台南市,關廟區,東勢里,809,525216,649,538,364,811,460.41,70.92
台南市,關廟區,松腳里,507,512476,1011,533,340,847,4594.25,454.52
台南市,關廟區,南花里,428,308528,721,531,333,815,737.26,102.27
台南市,關廟區,北花里,553,358503,648,492,331,789,540.94,83.44
台南市,關廟區,深坑里,402,270878,674,536,334,849,519.09,77.04
台南市,關廟區,布袋里,292,171435,587,435,312,707,556.05,94.71
台南市,關廟區,田中里,164,101582,619,483,316,737,536.98,86.69
台南市,關廟區,龜洞里,167,108051,647,513,352,812,474.24,73.30
台南市,關廟區,埤頭里,419,292793,699,489,331,781,750.76,107.44
台南市,關廟區,下湖里,100,60796,608,502,315,717,448.27,73.73
台南市,關廟區,新光里,132,73235,555,465,304,685,397.19,71.59
台南市,龍崎區,崎頂里,232,144104,621,535,304,740,504.39,81.21
台南市,龍崎區,土崎里,113,68323,605,476,336,752,434.64,71.89
台南市,龍崎區,中坑里,23,19170,833,396,336,787,1210.01,145.18
台南市,龍崎區,楠坑里,52,38954,749,549,374,911,670.23,89.47
台南市,龍崎區,牛埔里,78,55154,707,460,312,837,890.38,125.92
台南市,龍崎區,大坪里,63,35483,563,521,331,724,338.86,60.16
台南市,龍崎區,龍船里,70,50925,728,641,330,994,470.02,64.61
台南市,龍崎區,石𥕢里,69,41971,608,452,299,710,533.24,87.66
台南市,永康區,永康里,2462,2105524,855,611,363,1051,879.28,102.81
台南市,永康區,埔園里,3470,3310399,954,707,427,1236,815.99,85.53
台南市,永康區,網寮里,1984,1842179,929,638,383,1125,1903.47,205.00
台南市,永康區,王行里,751,613003,816,571,347,912,1474.93,180.70
台南市,永康區,龍潭里,3248,2801649,863,655,396,1110,798.49,92.57
台南市,永康區,大灣里,966,747320,774,575,339,965,672.76,86.96
台南市,永康區,東灣里,978,708134,724,541,345,888,747.29,103.21
台南市,永康區,西灣里,2271,1932949,851,624,373,1060,800.60,94.06
台南市,永康區,南灣里,1052,736573,700,564,357,853,610.38,87.18
台南市,永康區,北灣里,2636,2231095,846,640,403,1068,740.46,87.48
台南市,永康區,西勢里,1999,1622642,812,604,378,1042,700.69,86.32
台南市,永康區,新樹里,400,294828,737,558,368,877,651.80,88.43
台南市,永康區,三民里,394,364116,924,587,375,1088,1099.13,118.93
台南市,永康區,塩行里,2934,2527846,862,606,358,1018,1034.72,120.10
台南市,永康區,蔦松里,521,381576,732,558,355,881,607.07,82.89
台南市,永康區,烏竹里,832,696868,838,630,388,1086,682.43,81.48
台南市,永康區,建國里,442,327622,741,568,339,911,697.25,94.07
台南市,永康區,復興里,377,284088,754,515,312,855,749.55,99.47
台南市,永康區,成功里,495,362833,733,565,357,897,646.30,88.17
台南市,永康區,光復里,113,74558,660,529,311,811,548.75,83.17
台南市,永康區,神洲里,247,139336,564,471,310,755,402.81,71.41
台南市,永康區,勝利里,2172,1809768,833,606,363,1073,756.29,90.77
台南市,永康區,大橋里,1866,2633756,1411,612,365,1097,14972.27,1060.78
台南市,永康區,五王里,1653,1256564,760,570,364,964,682.71,89.81
台南市,永康區,崑山里,1815,1460159,804,580,366,990,730.80,90.84
台南市,永康區,塩洲里,1935,1627399,841,634,365,1063,767.19,91.22
台南市,永康區,甲頂里,708,528654,747,567,371,900,801.71,107.37
台南市,永康區,復國里,2284,1724043,755,576,362,945,695.65,92.16
台南市,永康區,中興里,972,719262,740,576,366,942,590.29,79.77
台南市,永康區,正強里,2452,2022669,825,616,380,1015,725.74,87.98
台南市,永康區,二王里,2374,2074299,874,636,381,1090,995.76,113.96
台南市,永康區,中華里,919,932732,1015,676,402,1217,1511.26,148.90
台南市,永康區,東橋里,1668,1972881,1183,880,457,1666,1030.27,87.11
台南市,永康區,安康里,1539,1353811,880,607,372,1005,1900.91,216.09
台南市,永康區,西橋里,981,774656,790,582,367,972,681.10,86.25
台南市,永康區,六合里,1770,1523671,861,617,365,1085,1055.41,122.60
台南市,永康區,三合里,921,653924,710,552,360,908,569.31,80.18
台南市,永康區,尚頂里,1436,1268223,883,619,362,1005,1041.87,117.97
台南市,永康區,復華里,2715,2239096,825,606,376,1017,825.05,100.04
高雄市,鹽埕區,藍橋里,360,306117,850,664,379,1122,789.59,92.86
高雄市,鹽埕區,慈愛里,89,92845,1043,508,328,834,2506.24,240.24
高雄市,鹽埕區,博愛里,162,109640,677,470,295,732,786.46,116.20
高雄市,鹽埕區,陸橋里,314,226015,720,544,322,904,600.69,83.45
高雄市,鹽埕區,壽星里,341,279969,821,556,321,1057,866.18,105.50
高雄市,鹽埕區,中山里,380,325949,858,612,336,1017,1035.20,120.69
高雄市,鹽埕區,瀨南里,158,226813,1436,598,323,1118,4629.23,322.48
高雄市,鹽埕區,新樂里,298,277955,933,591,308,1071,1192.64,127.87
高雄市,鹽埕區,教仁里,660,1063273,1611,540,337,957,17498.18,1086.16
高雄市,鹽埕區,中原里,202,177035,876,540,298,962,1500.94,171.26
高雄市,鹽埕區,府北里,412,280684,681,505,292,840,668.88,98.18
高雄市,鹽埕區,育仁里,256,195024,762,565,306,952,724.35,95.08
高雄市,鹽埕區,光明里,394,332739,845,616,284,1065,858.17,101.62
高雄市,鹽埕區,江西里,317,305166,963,598,397,1197,1022.21,106.19
高雄市,鹽埕區,港都里,261,185677,711,505,275,881,739.91,104.01
高雄市,鹽埕區,新化里,162,112645,695,563,322,865,554.44,79.74
高雄市,鹽埕區,江南里,197,187461,952,549,323,1050,1283.89,134.92
高雄市,鹽埕區,河濱里,597,530417,888,555,294,936,1268.02,142.72
高雄市,鹽埕區,南端里,299,272690,912,532,302,973,2351.07,257.79
高雄市,鹽埕區,沙地里,189,278048,1471,574,360,989,5488.74,373.09
高雄市,鹽埕區,新豐里,230,189899,826,633,363,1039,814.82,98.69
高雄市,鼓山區,前峰里,1395,1125469,807,608,355,1053,750.63,93.04
高雄市,鼓山區,光榮里,1046,774020,740,547,339,919,715.89,96.74
高雄市,鼓山區,民族里,350,250809,717,553,326,885,681.62,95.12
高雄市,鼓山區,自強里,205,189034,922,649,326,1048,1329.84,144.22
高雄市,鼓山區,建國里,743,631340,850,581,355,1023,1049.68,123.53
高雄市,鼓山區,內惟里,290,213186,735,549,357,921,621.67,84.57
高雄市,鼓山區,忠正里,1079,847618,786,552,349,917,1549.49,197.25
高雄市,鼓山區,龍井里,327,221459,677,516,300,829,642.84,94.92
高雄市,鼓山區,平和里,1140,872660,765,563,334,966,702.48,91.77
高雄市,鼓山區,龍子里,5423,6608354,1219,848,454,1531,1459.53,119.77
高雄市,鼓山區,鼓岩里,275,162010,589,484,261,748,495.08,84.04
高雄市,鼓山區,樹德里,334,259533,777,569,336,1024,715.69,92.10
高雄市,鼓山區,寶樹里,294,195967,667,501,299,774,647.64,97.16
高雄市,鼓山區,綠川里,351,242840,692,561,333,887,692.24,100.06
高雄市,鼓山區,河邊里,399,295746,741,560,344,860,779.36,105.15
高雄市,鼓山區,興宗里,328,228665,697,543,330,866,562.55,80.69
高雄市,鼓山區,光化里,292,186648,639,475,269,768,716.68,112.12
高雄市,鼓山區,山下里,389,322429,829,573,349,1020,841.99,101.58
高雄市,鼓山區,登山里,157,133664,851,565,333,966,973.19,114.31
高雄市,鼓山區,峰南里,207,141634,684,488,302,851,651.42,95.21
高雄市,鼓山區,維生里,387,380808,984,560,331,1006,1693.16,172.07
高雄市,鼓山區,延平里,247,197854,801,541,361,949,788.25,98.40
高雄市,鼓山區,新民里,247,165906,672,493,301,794,617.11,91.88
高雄市,鼓山區,惠安里,335,306551,915,559,326,878,3260.95,356.36
高雄市,鼓山區,壽山里,324,216715,669,526,317,817,690.30,103.20
高雄市,鼓山區,哨船頭里,276,221305,802,561,331,904,1219.69,152.11
高雄市,鼓山區,桃源里,167,166341,996,670,317,1387,1211.28,121.61
高雄市,鼓山區,正德里,595,451594,759,592,355,910,657.95,86.69
高雄市,鼓山區,厚生里,958,703330,734,562,355,943,596.72,81.28
高雄市,鼓山區,明誠里,5715,5868305,1027,747,408,1302,1110.30,108.13
高雄市,鼓山區,民強里,781,541344,693,539,336,873,602.17,86.88
高雄市,鼓山區,裕豐里,916,910999,995,687,384,1211,1073.27,107.92
高雄市,鼓山區,華豐里,1318,1257112,954,654,373,1129,1319.58,138.35
高雄市,鼓山區,雄峰里,575,393632,685,523,301,844,677.40,98.95
高雄市,鼓山區,鼓峰里,490,304885,622,489,313,794,516.00,82.93
高雄市,鼓山區,麗興里,280,260048,929,515,318,932,2216.55,238.66
高雄市,鼓山區,龍水里,7641,11366151,1488,968,505,1734,2706.44,181.94
高雄市,鼓山區,裕興里,1039,856581,824,599,360,1060,725.51,88.00
高雄市,左營區,自立里,1,1817,1817,1817,1817,1817,0.00,0.00
高雄市,左營區,崇實里,1326,1368087,1032,808,461,1189,1838.47,178.19
高雄市,左營區,合群里,708,597983,845,634,385,1020,802.12,94.97
高雄市,左營區,自治里,0,0,0,0,0,0,0.00,0.00
高雄市,左營區,頂西里,262,189032,721,542,343,969,576.46,79.90
高雄市,左營區,頂北里,142,99205,699,521,356,802,611.06,87.47
高雄市,左營區,中北里,135,107846,799,493,330,903,922.62,115.49
高雄市,左營區,中南里,125,97180,777,572,390,934,697.11,89.67
高雄市,左營區,自助里,131,102341,781,597,388,962,718.05,91.91
高雄市,左營區,自勉里,0,0,0,0,0,0,0.00,0.00
高雄市,左營區,尾西里,301,205320,682,546,322,901,554.71,81.32
高雄市,左營區,尾北里,884,738627,836,617,380,985,838.34,100.33
高雄市,左營區,南里,165,112436,681,498,297,823,705.55,103.54
高雄市,左營區,廟東里,178,109542,615,477,314,742,559.15,90.86
高雄市,左營區,廟北里,199,110904,557,424,280,651,537.15,96.38
高雄市,左營區,尾南里,152,98218,646,501,297,795,626.49,96.95
高雄市,左營區,北里,91,78644,864,590,339,950,1485.01,171.83
高雄市,左營區,埤東里,254,191706,755,521,311,768,1451.99,192.38
高雄市,左營區,埤北里,298,197194,662,533,331,870,557.01,84.18
高雄市,左營區,新上里,8843,10167202,1150,768,415,1444,1468.88,127.76
高雄市,左營區,新中里,1529,1389599,909,656,386,1117,887.10,97.61
高雄市,左營區,新下里,4373,4634710,1060,742,400,1331,1178.65,111.21
高雄市,左營區,聖后里,199,137433,691,514,306,920,576.94,83.54
高雄市,左營區,聖西里,78,70279,901,637,435,1004,1230.98,136.62
高雄市,左營區,聖南里,135,97370,721,557,381,908,555.45,77.01
高雄市,左營區,埤西里,275,220950,803,545,332,905,989.68,123.18
高雄市,左營區,路東里,213,176808,830,631,327,1035,802.57,96.69
高雄市,左營區,城南里,133,97983,737,541,346,965,594.54,80.70
高雄市,左營區,進學里,411,285577,695,544,351,888,578.40,83.24
高雄市,左營區,屏山里,362,265421,733,555,328,904,684.94,93.42
高雄市,左營區,果惠里,335,219974,657,537,320,849,568.33,86.55
高雄市,左營區,果貿里,810,614560,759,608,363,944,892.32,117.61
高雄市,左營區,海勝里,1470,1014620,690,550,329,881,640.48,92.79
高雄市,左營區,莒光里,525,353863,674,558,312,903,558.32,82.83
高雄市,左營區,永清里,335,341210,1019,1006,825,1187,372.48,36.57
高雄市,左營區,果峰里,366,229635,627,502,319,802,518.88,82.70
高雄市,左營區,光輝里,820,647136,789,614,361,1076,665.72,84.35
高雄市,左營區,菜公里,9444,9993966,1058,792,436,1344,1037.23,98.02
高雄市,左營區,祥和里,61,42931,704,605,367,932,524.35,74.50
高雄市,左營區,新光里,4478,4690276,1047,749,417,1304,1206.32,115.17
高雄市,左營區,明建里,329,318552,968,852,477,1216,695.24,71.80
高雄市,左營區,福山里,11188,11434986,1022,770,434,1282,981.14,95.99
高雄市,楠梓區,東寧里,1382,1282235,928,760,445,1190,724.71,78.11
高雄市,楠梓區,享平里,974,776919,798,575,328,1019,780.82,97.89
高雄市,楠梓區,五常里,1753,1276522,728,562,352,922,581.14,79.81
高雄市,楠梓區,惠民里,1265,1003964,794,590,365,1058,687.97,86.68
高雄市,楠梓區,中陽里,807,619041,767,550,364,947,763.61,99.55
高雄市,楠梓區,清豐里,6884,6125502,890,720,417,1151,732.05,82.27
高雄市,楠梓區,稔田里,441,359596,815,602,366,999,861.15,105.61
高雄市,楠梓區,玉屏里,666,516839,776,607,382,975,686.26,88.43
高雄市,楠梓區,錦屏里,994,791579,796,596,363,1012,690.62,86.72
高雄市,楠梓區,金田里,970,789391,814,610,392,1037,735.48,90.37
高雄市,楠梓區,廣昌里,850,602290,709,578,375,868,536.67,75.74
高雄市,楠梓區,福昌里,586,492841,841,633,397,1056,920.41,109.44
高雄市,楠梓區,泰昌里,383,287633,751,592,361,893,643.23,85.65
高雄市,楠梓區,興昌里,1412,1274907,903,688,409,1117,994.58,110.15
高雄市,楠梓區,建昌里,817,656859,804,601,351,1015,912.55,113.50
高雄市,楠梓區,中和里,605,513368,849,667,406,1064,751.11,88.52
高雄市,楠梓區,中興里,503,455109,905,704,453,1122,751.08,83.01
高雄市,楠梓區,藍田里,2121,2207276,1041,804,472,1297,970.40,93.25
高雄市,楠梓區,宏毅里,787,718183,913,723,392,1221,767.40,84.09
高雄市,楠梓區,宏南里,533,691374,1297,934,468,1972,1215.71,93.72
高雄市,楠梓區,宏榮里,893,899626,1007,774,435,1273,906.86,90.02
高雄市,楠梓區,和昌里,602,486396,808,606,374,1045,673.48,83.35
高雄市,楠梓區,隆昌里,1063,840117,790,596,363,1020,752.93,95.27
高雄市,楠梓區,惠楠里,813,635507,782,584,342,997,775.00,99.15
高雄市,楠梓區,瑞屏里,1193,982749,824,633,398,1059,693.61,84.20
高雄市,楠梓區,大昌里,562,393105,699,570,349,933,520.06,74.35
高雄市,楠梓區,裕昌里,1374,1247819,908,701,430,1123,1021.43,112.47
高雄市,楠梓區,加昌里,2826,2256677,799,632,388,1028,644.84,80.75
高雄市,楠梓區,仁昌里,1614,1251024,775,612,395,972,630.10,81.29
高雄市,楠梓區,惠豐里,1602,1237250,772,615,375,1019,572.39,74.11
高雄市,楠梓區,翠屏里,4918,3922133,798,640,391,1025,719.36,90.20
高雄市,楠梓區,久昌里,765,554138,724,589,386,958,510.78,70.51
高雄市,楠梓區,盛昌里,1858,1599478,861,679,399,1122,727.16,84.47
高雄市,楠梓區,宏昌里,1019,892047,875,676,396,1142,798.95,91.27
高雄市,楠梓區,秀昌里,660,596203,903,673,404,1116,978.97,108.37
高雄市,楠梓區,慶昌里,1103,1006954,913,675,389,1208,833.33,91.28
高雄市,楠梓區,國昌里,1080,848116,785,597,359,987,671.87,85.56
高雄市,三民區,鼎金里,1156,907498,785,597,364,982,724.51,92.29
高雄市,三民區,鼎西里,2270,1782400,785,615,367,981,696.54,88.71
高雄市,三民區,本館里,2689,2290684,852,637,380,1072,772.06,90.63
高雄市,三民區,寶獅里,1123,955061,850,620,363,1052,772.57,90.84
高雄市,三民區,灣子里,1283,1177476,918,663,361,1097,962.31,104.86
高雄市,三民區,安東里,1052,1058559,1006,647,377,1129,2701.27,268.45
高雄市,三民區,安生里,476,368772,775,580,327,968,759.80,98.07
高雄市,三民區,港東里,408,381277,935,525,288,921,2513.38,268.95
高雄市,三民區,港西里,197,150461,764,546,301,957,720.00,94.27
高雄市,三民區,港北里,0,0,0,0,0,0,0.00,0.00
高雄市,三民區,博愛里,389,302876,779,566,324,962,867.55,111.42
高雄市,三民區,建東里,329,242602,737,588,304,930,642.98,87.20
高雄市,三民區,鳳南里,238,174248,732,560,313,900,664.32,90.74
高雄市,三民區,鳳北里,396,290008,732,527,310,907,707.75,96.64
高雄市,三民區,德東里,261,224000,858,635,349,1056,849.91,99.03
高雄市,三民區,德西里,271,246148,908,575,316,1129,1004.33,110.57
高雄市,三民區,德北里,557,490950,881,634,357,1125,848.04,96.21
高雄市,三民區,川東里,344,266173,774,577,349,959,752.11,97.20
高雄市,三民區,千歲里,353,295066,836,591,324,975,948.44,113.47
高雄市,三民區,千北里,317,244384,771,535,288,1013,733.53,95.15
高雄市,三民區,興德里,552,512034,928,645,364,1154,931.26,100.39
高雄市,三民區,正興里,3901,3810364,977,731,407,1234,902.35,92.38
高雄市,三民區,十全里,517,486843,942,595,349,1065,1314.38,139.58
高雄市,三民區,豐裕里,711,532779,749,553,350,899,1000.62,133.53
高雄市,三民區,力行里,302,208049,689,491,271,897,661.37,96.00
高雄市,三民區,立誠里,198,183540,927,612,373,1091,1195.48,128.97
高雄市,三民區,立德里,364,272605,749,552,296,939,673.18,89.89
高雄市,三民區,達德里,498,516056,1036,659,370,1204,1275.69,123.11
高雄市,三民區,灣華里,824,680344,826,595,360,988,1290.33,156.28
高雄市,三民區,灣中里,1628,1353799,832,625,379,1050,761.61,91.59
高雄市,三民區,灣復里,1028,750310,730,568,353,930,654.56,89.68
高雄市,三民區,灣興里,615,638278,1038,703,389,1337,1041.47,100.35
高雄市,三民區,寶珠里,1687,1394116,826,596,344,1070,884.37,107.02
高雄市,三民區,民享里,733,622793,850,597,320,1055,908.32,106.91
高雄市,三民區,安宜里,960,821161,855,627,370,1065,815.50,95.34
高雄市,三民區,同德里,936,854383,913,623,354,1104,1071.74,117.41
高雄市,三民區,精華里,498,474881,954,631,384,1165,982.16,103.00
高雄市,三民區,長明里,318,264381,831,559,321,1001,1196.90,143.96
高雄市,三民區,裕民里,392,365180,932,702,400,1130,804.13,86.32
高雄市,三民區,寶龍里,1250,1214517,972,651,365,1193,1142.40,117.58
高雄市,三民區,港新里,516,496456,962,650,354,1188,1056.17,109.77
高雄市,三民區,博惠里,1342,1151240,858,621,355,1046,892.53,104.04
高雄市,三民區,立業里,253,176602,698,548,314,891,646.40,92.60
高雄市,三民區,十美里,609,523349,859,613,333,1036,878.62,102.24
高雄市,三民區,德行里,354,327309,925,617,352,1158,933.08,100.92
高雄市,三民區,安邦里,1196,1049910,878,615,356,1061,883.24,100.61
高雄市,三民區,千秋里,527,320062,607,482,308,788,559.18,92.07
高雄市,三民區,灣勝里,531,365353,688,527,319,884,598.71,87.02
高雄市,三民區,灣利里,960,694742,724,545,344,899,621.05,85.82
高雄市,三民區,達明里,509,475815,935,582,342,1093,1202.05,128.59
高雄市,三民區,達勇里,333,330999,994,632,372,1216,1421.56,143.02
高雄市,三民區,達仁里,527,472035,896,643,352,1109,909.29,101.52
高雄市,三民區,灣愛里,756,522462,691,541,327,856,646.93,93.61
高雄市,三民區,安和里,796,775530,974,618,360,1068,1711.69,175.69
高雄市,三民區,德智里,748,718340,960,633,370,1204,1148.11,119.55
高雄市,三民區,寶興里,2153,1894021,880,622,363,1076,1541.86,175.27
高雄市,三民區,安康里,592,360787,609,525,302,781,455.34,74.72
高雄市,三民區,安寧里,373,230269,617,496,306,806,470.48,76.21
高雄市,三民區,鼎盛里,2280,1885222,827,633,392,1050,712.42,86.16
高雄市,三民區,鼎泰里,7073,7954284,1125,778,436,1405,1290.61,114.76
高雄市,三民區,本武里,497,437268,880,676,390,1151,758.09,86.16
高雄市,三民區,本文里,617,488167,791,602,357,1005,688.69,87.04
高雄市,三民區,寶盛里,1701,1590486,935,680,396,1179,924.82,98.91
高雄市,三民區,寶華里,1101,1051641,955,673,385,1221,941.45,98.56
高雄市,三民區,寶民里,1058,1013736,958,686,392,1202,933.37,97.41
高雄市,三民區,寶中里,921,728729,791,590,360,941,814.95,103.00
高雄市,三民區,寶玉里,2618,2242208,856,641,377,1091,753.03,87.92
高雄市,三民區,灣成里,620,515658,832,652,351,1073,826.23,99.34
高雄市,三民區,安吉里,1501,1338275,892,615,354,1083,1494.47,167.62
高雄市,三民區,安泰里,1290,1152668,894,635,354,1122,900.59,100.79
高雄市,三民區,德仁里,662,671883,1015,608,374,1113,2308.78,227.48
高雄市,三民區,寶國里,2528,2369435,937,678,388,1179,1107.02,118.11
高雄市,三民區,正順里,1288,1186987,922,641,365,1174,917.62,99.57
高雄市,三民區,安發里,1541,1417064,920,623,378,1081,1072.88,116.67
高雄市,三民區,鼎中里,1098,891262,812,574,341,1021,762.52,93.94
高雄市,三民區,寶業里,1804,1817006,1007,691,377,1252,1327.49,131.80
高雄市,三民區,寶慶里,901,739222,820,632,350,1039,720.65,87.84
高雄市,三民區,寶德里,1628,1318431,810,588,364,965,812.10,100.28
高雄市,三民區,寶泰里,1268,1117844,882,598,359,1070,924.83,104.91
高雄市,三民區,寶安里,2326,2172383,934,656,366,1150,1077.14,115.33
高雄市,三民區,本元里,1722,1598313,928,648,386,1182,1000.85,107.83
高雄市,三民區,本安里,1599,1661157,1039,695,410,1335,1190.93,114.64
高雄市,三民區,本上里,1653,1880158,1137,737,410,1480,1275.43,112.13
高雄市,三民區,本揚里,2540,2632918,1037,718,398,1269,1412.45,136.26
高雄市,三民區,鼎力里,1170,998908,854,636,373,1068,816.30,95.61
高雄市,三民區,鼎強里,1226,961957,785,610,371,987,654.97,83.47
高雄市,三民區,本和里,2472,2395895,969,667,387,1188,2397.81,247.40
高雄市,新興區,大明里,319,250519,785,528,264,914,939.71,119.66
高雄市,新興區,明莊里,177,167960,949,570,298,1069,1252.99,132.04
高雄市,新興區,仁聲里,311,265654,854,584,324,1042,854.87,100.08
高雄市,新興區,漢民里,248,223605,902,592,334,941,1150.24,127.57
高雄市,新興區,華聲里,347,370062,1066,580,316,1108,2145.69,201.20
高雄市,新興區,玉衡里,259,205751,794,591,311,868,938.41,118.13
高雄市,新興區,榮治里,234,491963,2102,906,439,1916,4182.69,198.95
高雄市,新興區,浩然里,671,650144,969,621,334,1151,1140.32,117.69
高雄市,新興區,振成里,445,580243,1304,642,339,1362,4037.55,309.65
高雄市,新興區,德生里,1160,1521442,1312,729,390,1526,2404.55,183.33
高雄市,新興區,成功里,411,504826,1228,698,344,1404,1806.21,147.05
高雄市,新興區,愛平里,326,338972,1040,687,357,1324,1060.29,101.97
高雄市,新興區,新江里,387,474269,1226,560,271,1051,7577.37,618.31
高雄市,新興區,黎明里,274,265805,970,546,305,990,2747.87,283.26
高雄市,新興區,秋山里,247,175747,712,556,301,915,673.17,94.61
高雄市,新興區,長驛里,276,214972,779,585,363,1025,772.90,99.23
高雄市,新興區,建興里,294,219549,747,538,320,918,736.00,98.56
高雄市,新興區,德望里,718,728202,1014,652,316,1257,1292.15,127.40
高雄市,新興區,中東里,799,797612,998,612,366,1076,1880.84,188.41
高雄市,新興區,東坡里,353,311040,881,599,336,1020,1159.00,131.54
高雄市,新興區,蕉園里,263,272305,1035,629,333,1294,1115.82,107.77
高雄市,新興區,德政里,230,204126,888,564,312,1082,1074.72,121.09
高雄市,新興區,南港里,631,562434,891,583,315,1035,1641.89,184.21
高雄市,新興區,開平里,1276,1807012,1416,743,390,1510,4999.66,353.05
高雄市,新興區,光耀里,759,665384,877,644,333,1115,1126.06,128.45
高雄市,新興區,永寧里,510,517374,1014,655,351,1217,1214.26,119.70
高雄市,新興區,順昌里,604,589886,977,602,312,1050,3123.39,319.81
高雄市,新興區,正氣里,494,465456,942,656,324,1218,1067.45,113.29
高雄市,新興區,建華里,253,277315,1096,577,324,1031,4159.68,379.50
高雄市,新興區,振華里,398,541980,1362,727,362,1460,4524.27,332.24
高雄市,新興區,文昌里,991,1250549,1262,783,394,1565,1560.65,123.67
高雄市,新興區,興昌里,633,626515,990,659,318,1132,1200.33,121.28
高雄市,前金區,青山里,572,674996,1180,655,356,1276,2113.56,179.11
高雄市,前金區,長興里,341,298084,874,592,345,1100,973.68,111.39
高雄市,前金區,民生里,252,265328,1053,667,325,1207,1369.47,130.07
高雄市,前金區,東金里,349,540538,1549,648,315,1317,7211.87,465.64
高雄市,前金區,林投里,215,273403,1272,531,289,986,5811.34,457.00
高雄市,前金區,後金里,240,267825,1116,661,370,1283,1784.13,159.88
高雄市,前金區,文東里,431,528481,1226,629,319,1199,3922.94,319.93
高雄市,前金區,長生里,586,687553,1173,747,397,1436,1506.35,128.39
高雄市,前金區,博孝里,339,324198,956,626,354,1205,979.94,102.47
高雄市,前金區,復元里,360,414677,1152,732,390,1393,1505.39,130.69
高雄市,前金區,社東里,593,807685,1362,749,398,1461,2304.50,169.20
高雄市,前金區,社西里,405,435917,1076,704,390,1237,1524.66,141.65
高雄市,前金區,國民里,341,447616,1313,654,357,1304,1715.12,130.66
高雄市,前金區,新生里,1340,1443891,1078,688,362,1320,1546.86,143.56
高雄市,前金區,北金里,263,217035,825,564,307,1008,876.83,106.25
高雄市,前金區,榮復里,362,286416,791,551,317,998,812.80,102.73
高雄市,前金區,文西里,327,276637,846,558,325,939,1077.89,127.41
高雄市,前金區,草江里,370,355250,960,628,321,1233,1041.45,108.47
高雄市,前金區,長城里,390,346178,888,603,323,1091,1028.92,115.92
高雄市,前金區,三川里,190,186093,979,512,293,806,3061.12,312.54
高雄市,苓雅區,博仁里,246,367413,1494,724,339,1460,3500.42,234.37
高雄市,苓雅區,苓洲里,488,560300,1148,659,354,1270,1558.61,135.75
高雄市,苓雅區,苓昇里,336,246440,733,565,325,956,609.49,83.10
高雄市,苓雅區,苓雅里,485,440784,909,619,375,1088,1041.33,114.58
高雄市,苓雅區,苓中里,499,363973,729,544,317,917,667.18,91.47
高雄市,苓雅區,苓東里,454,379504,836,595,333,982,955.16,114.27
高雄市,苓雅區,城東里,685,678158,990,717,379,1234,1078.89,108.98
高雄市,苓雅區,城北里,514,461899,899,627,371,1065,1034.59,115.13
高雄市,苓雅區,城西里,161,108857,676,496,298,887,629.39,93.09
高雄市,苓雅區,意誠里,1075,823053,766,555,328,979,774.87,101.21
高雄市,苓雅區,鼓中里,298,262721,882,636,329,1128,999.52,113.37
高雄市,苓雅區,田西里,434,383992,885,606,331,1133,928.22,104.91
高雄市,苓雅區,日中里,742,712861,961,648,370,1168,1056.08,109.92
高雄市,苓雅區,美田里,371,312030,841,601,272,1042,960.36,114.19
高雄市,苓雅區,林西里,525,457606,872,610,360,1025,902.08,103.49
高雄市,苓雅區,林南里,1099,1308959,1191,756,416,1421,1854.04,155.66
高雄市,苓雅區,林德里,617,710708,1152,658,381,1381,1481.98,128.66
高雄市,苓雅區,福海里,325,256376,789,582,351,987,695.33,88.15
高雄市,苓雅區,福南里,490,398526,813,576,317,986,994.66,122.30
高雄市,苓雅區,福西里,463,303093,655,546,324,833,569.64,87.02
高雄市,苓雅區,福東里,803,595966,742,557,341,918,718.75,96.84
高雄市,苓雅區,五福里,1155,903170,782,558,336,952,792.71,101.37
高雄市,苓雅區,仁政里,490,526563,1075,677,350,1275,1822.46,169.59
高雄市,苓雅區,凱旋里,695,872146,1255,727,406,1324,2216.54,176.63
高雄市,苓雅區,人和里,577,494910,858,599,321,1088,897.14,104.60
高雄市,苓雅區,和煦里,664,645447,972,640,344,1146,1156.15,118.94
高雄市,苓雅區,普照里,1135,1445223,1273,674,383,1315,3117.66,244.84
高雄市,苓雅區,晴朗里,408,506912,1242,740,366,1484,1513.29,121.80
高雄市,苓雅區,廣澤里,592,551487,932,619,363,1151,1092.74,117.30
高雄市,苓雅區,奏捷里,511,417163,816,554,337,1040,744.77,91.23
高雄市,苓雅區,永康里,723,622513,861,623,352,1125,838.17,97.35
高雄市,苓雅區,林圍里,928,1270480,1369,824,408,1579,2806.37,204.99
高雄市,苓雅區,林興里,371,288233,777,586,324,956,776.46,99.94
高雄市,苓雅區,林靖里,555,500524,902,713,394,1227,709.35,78.66
高雄市,苓雅區,同慶里,799,1060323,1327,902,451,1641,1462.70,110.22
高雄市,苓雅區,福隆里,790,628223,795,607,339,1000,706.86,88.89
高雄市,苓雅區,福康里,527,391431,743,579,358,932,618.24,83.24
高雄市,苓雅區,福人里,590,445325,755,566,341,941,682.12,90.37
高雄市,苓雅區,福地里,791,563244,712,571,343,871,612.78,86.06
高雄市,苓雅區,福居里,741,526410,710,553,351,896,571.26,80.41
高雄市,苓雅區,五權里,686,599511,874,617,375,1021,1084.90,124.14
高雄市,苓雅區,正義里,879,1040212,1183,727,391,1396,1310.90,110.77
高雄市,苓雅區,福壽里,432,387550,897,513,295,915,2221.24,247.60
高雄市,苓雅區,林中里,1023,902595,882,624,336,1118,855.56,96.97
高雄市,苓雅區,華堂里,1009,848969,841,603,351,1072,792.06,94.14
高雄市,苓雅區,朝陽里,490,402467,821,616,357,1062,724.90,88.26
高雄市,苓雅區,林華里,904,726158,803,595,345,1003,744.48,92.68
高雄市,苓雅區,林榮里,1403,1198601,854,596,341,1060,891.90,104.40
高雄市,苓雅區,正心里,1284,1154046,899,637,383,1086,973.32,108.29
高雄市,苓雅區,福祥里,354,258949,731,566,334,927,624.88,85.43
高雄市,苓雅區,安祥里,908,1124958,1239,755,363,1424,1784.97,144.07
高雄市,苓雅區,中正里,1092,1406484,1288,804,415,1553,2195.37,170.45
高雄市,苓雅區,普天里,1157,1210722,1046,680,369,1314,1200.36,114.71
高雄市,苓雅區,林富里,733,1160338,1583,836,433,1632,4228.15,267.10
高雄市,苓雅區,民主里,1321,1205652,913,621,359,1097,1883.34,206.35
高雄市,苓雅區,正仁里,834,692321,830,615,359,1047,811.79,97.79
高雄市,苓雅區,林貴里,640,658792,1029,686,377,1365,1058.71,102.85
高雄市,苓雅區,正大里,1708,1532833,897,635,358,1083,910.04,101.40
高雄市,苓雅區,光華里,159,131457,827,628,414,1013,776.66,93.94
高雄市,苓雅區,正道里,1375,1121351,816,598,362,993,764.49,93.74
高雄市,苓雅區,衛武里,579,405271,700,544,314,886,649.00,92.72
高雄市,苓雅區,英明里,629,508218,808,593,328,1026,778.63,96.37
高雄市,苓雅區,林泉里,726,858393,1182,804,434,1567,1182.22,99.99
高雄市,苓雅區,尚義里,547,687169,1256,800,410,1458,1637.49,130.35
高雄市,苓雅區,林安里,501,505256,1008,700,398,1210,1253.17,124.26
高雄市,苓雅區,正文里,724,639779,884,635,348,1116,954.65,108.03
高雄市,苓雅區,正言里,988,875133,886,596,341,1061,1245.73,140.64
高雄市,苓雅區,文昌里,1196,909451,760,592,350,972,650.92,85.60
高雄市,苓雅區,建軍里,569,428010,752,579,350,931,633.54,84.22
高雄市,前鎮區,鎮北里,280,201904,721,521,337,892,767.26,106.40
高雄市,前鎮區,草衙里,2517,1684221,669,537,329,857,549.09,82.06
高雄市,前鎮區,前鎮里,323,233815,724,528,319,972,599.70,82.84
高雄市,前鎮區,興邦里,1020,999232,980,749,423,1241,890.95,90.95
高雄市,前鎮區,興化里,153,107231,701,550,319,811,568.28,81.08
高雄市,前鎮區,鎮中里,196,124781,637,498,321,746,532.99,83.72
高雄市,前鎮區,振興里,816,919886,1127,726,396,1316,1687.35,149.68
高雄市,前鎮區,西甲里,684,714951,1045,698,380,1308,1082.55,103.57
高雄市,前鎮區,竹內里,833,678742,815,614,362,1055,754.88,92.64
高雄市,前鎮區,西山里,1195,1098417,919,603,375,1158,1119.53,121.80
高雄市,前鎮區,良和里,1019,1068046,1048,708,367,1338,1104.98,105.42
高雄市,前鎮區,建隆里,420,673171,1603,808,390,1981,3436.59,214.41
高雄市,前鎮區,興中里,910,772788,849,572,335,969,1123.94,132.35
高雄市,前鎮區,忠誠里,676,527698,781,705,390,1019,581.01,74.43
高雄市,前鎮區,忠純里,1492,1123665,753,588,346,953,666.95,88.56
高雄市,前鎮區,瑞竹里,518,436008,842,654,387,1119,688.77,81.83
高雄市,前鎮區,復國里,805,714292,887,610,350,1128,851.05,95.91
高雄市,前鎮區,鎮東里,459,343260,748,579,368,932,615.29,82.28
高雄市,前鎮區,忠孝里,941,997018,1060,650,369,1212,1323.75,124.94
高雄市,前鎮區,仁愛里,313,236127,754,533,306,818,1230.58,163.12
高雄市,前鎮區,興仁里,137,83417,609,511,345,840,412.27,67.71
高雄市,前鎮區,信義里,335,238662,712,537,359,902,726.21,101.94
高雄市,前鎮區,平等里,566,485708,858,630,368,1080,746.00,86.93
高雄市,前鎮區,明道里,237,178829,755,531,352,903,819.89,108.66
高雄市,前鎮區,明禮里,348,238577,686,562,363,881,539.97,78.76
高雄市,前鎮區,瑞豐里,789,665040,843,654,390,1082,746.18,88.53
高雄市,前鎮區,鎮陽里,260,186368,717,543,326,920,642.60,89.65
高雄市,前鎮區,盛興里,907,795396,877,611,346,1055,988.59,112.73
高雄市,前鎮區,鎮榮里,539,363673,675,540,312,887,553.38,82.02
高雄市,前鎮區,瑞南里,1323,1054783,797,600,376,1003,719.64,90.26
高雄市,前鎮區,瑞崗里,746,572254,767,582,335,982,734.25,95.72
高雄市,前鎮區,瑞東里,659,477857,725,572,342,925,584.95,80.67
高雄市,前鎮區,瑞北里,868,640979,738,565,346,940,676.78,91.65
高雄市,前鎮區,瑞西里,794,588446,741,589,335,963,615.90,83.11
高雄市,前鎮區,瑞興里,742,578429,780,589,354,989,672.50,86.27
高雄市,前鎮區,瑞和里,550,423121,769,583,342,1004,720.50,93.66
高雄市,前鎮區,瑞隆里,1025,786667,767,583,360,962,676.07,88.09
高雄市,前鎮區,信德里,515,333446,647,537,340,861,480.17,74.16
高雄市,前鎮區,鎮昌里,519,368213,709,559,358,843,643.02,90.64
高雄市,前鎮區,明正里,1602,1335383,834,634,397,1048,745.07,89.38
高雄市,前鎮區,竹西里,1405,1270191,904,637,363,1155,837.81,92.67
高雄市,前鎮區,平昌里,132,85328,646,483,302,796,530.52,82.07
高雄市,前鎮區,明孝里,664,490103,738,548,321,920,1033.45,140.01
高雄市,前鎮區,瑞祥里,1445,1238310,857,631,378,1094,741.72,86.55
高雄市,前鎮區,瑞平里,1127,918274,815,618,366,1042,713.48,87.57
高雄市,前鎮區,德昌里,498,314667,632,528,321,796,515.34,81.56
高雄市,前鎮區,明義里,692,504062,728,561,363,938,573.00,78.66
高雄市,前鎮區,鎮海里,1294,1096810,848,625,366,1048,813.79,96.01
高雄市,前鎮區,竹東里,712,520418,731,537,321,876,899.42,123.05
高雄市,前鎮區,竹南里,2431,2598973,1069,799,433,1386,993.36,92.92
高雄市,前鎮區,竹北里,719,652836,908,643,360,1178,946.90,104.29
高雄市,前鎮區,瑞誠里,778,584151,751,611,363,965,626.65,83.46
高雄市,前鎮區,瑞華里,1434,1268298,884,648,359,1117,807.57,91.31
高雄市,前鎮區,瑞昌里,952,746991,785,626,379,1033,613.19,78.15
高雄市,前鎮區,瑞文里,733,557903,761,545,323,965,738.16,96.98
高雄市,前鎮區,竹中里,1192,1018956,855,619,352,1089,836.38,97.84
高雄市,前鎮區,民權里,1543,1672194,1084,728,393,1379,1123.11,103.63
高雄市,前鎮區,盛豐里,941,814374,865,616,343,1020,1172.65,135.50
高雄市,前鎮區,興東里,1853,1734220,936,688,383,1224,859.57,91.84
高雄市,旗津區,旗下里,291,194976,670,525,295,864,571.19,85.25
高雄市,旗津區,永安里,251,144411,575,496,281,705,426.33,74.10
高雄市,旗津區,振興里,376,244946,651,493,316,814,725.02,111.29
高雄市,旗津區,慈愛里,451,276325,613,483,285,792,537.41,87.71
高雄市,旗津區,復興里,604,361514,599,500,300,769,489.30,81.75
高雄市,旗津區,實踐里,277,153427,554,461,292,726,388.92,70.22
高雄市,旗津區,上竹里,608,425644,700,575,363,890,510.53,72.93
高雄市,旗津區,南汕里,412,285639,693,570,371,838,537.89,77.58
高雄市,旗津區,中洲里,370,240904,651,521,330,825,499.23,76.68
高雄市,旗津區,安順里,163,97922,601,513,307,761,486.31,80.95
高雄市,旗津區,中興里,620,423348,683,529,326,845,568.81,83.30
高雄市,旗津區,北汕里,526,317968,605,501,269,754,537.97,88.99
高雄市,旗津區,中華里,316,202033,639,498,294,713,959.05,150.01
高雄市,小港區,小港里,699,589666,844,616,375,1048,775.19,91.89
高雄市,小港區,港墘里,573,507159,885,639,376,1086,946.04,106.89
高雄市,小港區,鳳宮里,683,541860,793,648,374,1059,608.86,76.74
高雄市,小港區,店鎮里,1916,1663276,868,629,378,1088,1078.26,124.21
高雄市,小港區,山東里,973,779630,801,613,382,1023,687.41,85.79
高雄市,小港區,孔宅里,1234,893516,724,570,356,938,574.84,79.39
高雄市,小港區,高松里,1141,873896,766,609,358,1005,602.90,78.72
高雄市,小港區,大坪里,749,587996,785,623,378,1018,624.37,79.53
高雄市,小港區,坪頂里,1625,1262693,777,595,378,995,707.82,91.09
高雄市,小港區,鳳森里,653,531588,814,643,389,1080,612.58,75.25
高雄市,小港區,鳳林里,872,692690,794,609,379,1037,606.42,76.34
高雄市,小港區,鳳興里,739,561687,760,586,366,1004,616.87,81.16
高雄市,小港區,鳳源里,1064,828765,779,617,381,1028,592.84,76.11
高雄市,小港區,鳳鳴里,842,642959,764,614,373,962,565.74,74.09
高雄市,小港區,青島里,636,479291,754,575,346,938,933.39,123.86
高雄市,小港區,濟南里,1346,1155904,859,689,400,1131,649.90,75.68
高雄市,小港區,港口里,1267,1356098,1070,692,404,1331,1070.38,100.01
高雄市,小港區,港興里,708,585437,827,624,382,1116,646.46,78.18
高雄市,小港區,二苓里,1206,1026489,851,638,380,1074,851.48,100.04
高雄市,小港區,大苓里,851,684840,805,574,343,1025,719.47,89.40
高雄市,小港區,中厝里,976,683742,701,528,346,898,593.33,84.69
高雄市,小港區,山明里,3319,2600381,783,612,373,1036,598.19,76.35
高雄市,小港區,廈莊里,974,773093,794,651,385,1033,595.34,75.00
高雄市,小港區,桂林里,2307,1794115,778,593,358,1007,680.09,87.45
高雄市,小港區,龍鳳里,925,767120,829,643,376,1070,674.00,81.27
高雄市,小港區,港南里,631,537613,852,618,366,1155,746.31,87.59
高雄市,小港區,港明里,950,689548,726,546,333,957,595.90,82.10
高雄市,小港區,港后里,811,636371,785,578,371,1008,739.75,94.27
高雄市,小港區,港正里,913,777128,851,656,392,1142,682.22,80.15
高雄市,小港區,合作里,712,531612,747,574,351,986,598.59,80.17
高雄市,小港區,松山里,1081,939238,869,689,421,1146,658.24,75.76
高雄市,小港區,松金里,830,640573,772,592,367,918,694.81,90.03
高雄市,小港區,泰山里,1125,1011376,899,712,414,1181,684.75,76.17
高雄市,小港區,三苓里,879,744680,847,610,377,1132,721.95,85.22
高雄市,小港區,正苓里,1289,1040033,807,587,367,1023,723.63,89.69
高雄市,小港區,順苓里,1429,1126961,789,605,357,1038,644.78,81.76
高雄市,小港區,宏亮里,1009,841555,834,630,382,1083,716.14,85.86
高雄市,小港區,六苓里,911,873667,959,722,395,1326,819.00,85.40
高雄市,鳳山區,成功里,191,140806,737,490,263,991,763.50,103.57
高雄市,鳳山區,和德里,671,610034,909,681,374,1176,883.45,97.17
高雄市,鳳山區,和興里,1472,1253822,852,617,369,1099,839.76,98.59
高雄市,鳳山區,南興里,276,224234,812,582,305,1007,872.12,107.35
高雄市,鳳山區,鎮南里,1421,1163407,819,608,373,998,880.00,107.48
高雄市,鳳山區,興仁里,1036,828966,800,626,361,1037,667.03,83.36
高雄市,鳳山區,鳳崗里,375,323564,863,637,365,1092,900.24,104.33
高雄市,鳳山區,曹公里,644,605516,940,647,364,1148,1470.19,156.36
高雄市,鳳山區,鎮北里,2226,1818377,817,636,387,1012,739.23,90.49
高雄市,鳳山區,縣衙里,258,184842,716,529,341,986,588.22,82.10
高雄市,鳳山區,文山里,1791,1529572,854,612,363,1060,882.06,103.28
高雄市,鳳山區,文英里,1032,856669,830,650,384,1074,700.60,84.40
高雄市,鳳山區,中和里,1064,926655,871,646,368,1094,805.97,92.54
高雄市,鳳山區,忠義里,1423,1296069,911,627,368,1135,969.29,106.42
高雄市,鳳山區,誠義里,1412,1437269,1018,789,439,1393,830.38,81.58
高雄市,鳳山區,縣口里,131,116756,891,537,269,917,1829.20,205.24
高雄市,鳳山區,光明里,409,454414,1111,548,327,1067,4248.95,382.43
高雄市,鳳山區,三民里,329,306569,932,654,356,1156,953.08,102.28
高雄市,鳳山區,鎮東里,620,457254,738,552,341,918,733.23,99.42
高雄市,鳳山區,鎮西里,1407,1184194,842,600,363,1000,1065.03,126.54
高雄市,鳳山區,興中里,278,266678,959,675,427,1144,899.31,93.75
高雄市,鳳山區,中正里,890,621582,698,574,346,887,547.89,78.45
高雄市,鳳山區,新興里,422,344901,817,600,343,1001,776.24,94.98
高雄市,鳳山區,埤頂里,1779,1393466,783,628,380,980,669.76,85.51
高雄市,鳳山區,過埤里,4199,3813077,908,753,432,1189,682.65,75.17
高雄市,鳳山區,生明里,573,430826,752,598,344,938,639.35,85.03
高雄市,鳳山區,誠德里,557,423783,761,573,370,973,622.96,81.88
高雄市,鳳山區,瑞竹里,1404,1121920,799,599,366,1004,794.90,99.48
高雄市,鳳山區,老爺里,1969,1431988,727,584,340,970,585.99,80.57
高雄市,鳳山區,五福里,935,734520,786,605,379,981,640.30,81.51
高雄市,鳳山區,海光里,902,632036,701,561,337,910,546.37,77.97
高雄市,鳳山區,協和里,1125,1084577,964,708,404,1306,1125.18,116.71
高雄市,鳳山區,忠誠里,990,812811,821,621,376,1027,753.32,91.75
高雄市,鳳山區,北門里,1075,760083,707,559,338,861,679.75,96.14
高雄市,鳳山區,富甲里,487,323779,665,523,330,813,554.93,83.47
高雄市,鳳山區,南成里,2501,2108100,843,654,393,1121,689.86,81.84
高雄市,鳳山區,東門里,1454,1048909,721,558,355,927,586.37,81.28
高雄市,鳳山區,一甲里,962,718085,746,588,366,972,640.08,85.75
高雄市,鳳山區,正義里,1760,1344288,764,597,364,946,648.78,84.94
高雄市,鳳山區,武漢里,1449,1144624,790,582,356,1001,713.03,90.26
高雄市,鳳山區,新甲里,874,716285,820,620,366,1038,678.97,82.85
高雄市,鳳山區,福興里,1650,1182530,717,557,339,907,600.16,83.74
高雄市,鳳山區,福誠里,1223,1097027,897,659,388,1166,850.53,94.82
高雄市,鳳山區,瑞興里,1405,1209473,861,666,382,1086,858.61,99.74
高雄市,鳳山區,國泰里,1153,891747,773,607,370,1019,599.99,77.58
高雄市,鳳山區,新強里,1644,1495587,910,686,377,1172,871.47,95.80
高雄市,鳳山區,天興里,1023,751547,735,544,353,907,621.31,84.57
高雄市,鳳山區,鳳東里,1786,1587520,889,678,390,1173,740.94,83.36
高雄市,鳳山區,忠孝里,1681,1364260,812,589,364,1043,783.49,96.54
高雄市,鳳山區,文德里,2964,3184336,1074,733,418,1316,1225.84,114.10
高雄市,鳳山區,文華里,2572,2351213,914,668,371,1147,896.55,98.07
高雄市,鳳山區,國光里,1031,707651,686,542,340,860,555.99,81.00
高雄市,鳳山區,國隆里,775,524363,677,553,340,866,512.35,75.72
高雄市,鳳山區,新富里,1163,918996,790,601,368,1006,701.73,88.80
高雄市,鳳山區,大德里,1308,1046082,800,639,373,1032,681.71,85.24
高雄市,鳳山區,武松里,745,559071,750,568,343,936,681.59,90.83
高雄市,鳳山區,文衡里,1408,1339496,951,734,423,1211,925.20,97.25
高雄市,鳳山區,文福里,3052,2832430,928,689,398,1176,1086.54,117.08
高雄市,鳳山區,誠信里,572,415357,726,583,330,907,619.62,85.33
高雄市,鳳山區,誠智里,784,572110,730,574,354,964,566.41,77.62
高雄市,鳳山區,國富里,849,762522,898,733,410,1219,687.84,76.58
高雄市,鳳山區,武慶里,748,594595,795,566,369,970,744.70,93.68
高雄市,鳳山區,海洋里,1184,1018408,860,620,353,1091,837.80,97.40
高雄市,鳳山區,新武里,674,526302,781,591,353,992,646.57,82.80
高雄市,鳳山區,新樂里,1401,1260821,900,647,398,1123,927.52,103.06
高雄市,鳳山區,新泰里,1278,1107341,866,652,376,1159,739.84,85.39
高雄市,鳳山區,中崙里,765,554440,725,584,355,949,555.55,76.65
高雄市,鳳山區,中榮里,1132,784628,693,542,352,891,537.53,77.55
高雄市,鳳山區,中民里,1232,867864,704,564,345,902,585.15,83.07
高雄市,鳳山區,二甲里,1372,1049296,765,592,355,956,655.44,85.70
高雄市,鳳山區,龍成里,814,625254,768,611,384,978,613.79,79.91
高雄市,鳳山區,富榮里,746,608444,816,642,385,1023,758.57,93.01
高雄市,鳳山區,善美里,1608,1233317,767,582,360,969,755.22,98.47
高雄市,鳳山區,南和里,724,561137,775,614,357,988,653.54,84.32
高雄市,鳳山區,福祥里,817,749273,917,564,347,964,2962.74,323.05
高雄市,鳳山區,保安里,2115,1976815,935,759,446,1231,718.78,76.90
高雄市,鳥松區,鳥松里,3333,4539402,1362,781,420,1385,6853.38,503.20
高雄市,鳥松區,夢裡里,1633,2211373,1354,789,409,1550,1837.92,135.72
高雄市,鳥松區,大華里,3527,5498447,1559,763,414,1549,7030.18,450.95
高雄市,鳥松區,仁美里,1624,1205704,742,569,337,954,702.58,94.63
高雄市,鳥松區,坔埔里,968,806062,833,598,362,973,884.25,106.19
高雄市,鳥松區,大竹里,167,133587,800,619,390,1054,617.98,77.26
高雄市,鳥松區,華美里,1086,881558,812,586,354,983,865.59,106.63
高雄市,仁武區,仁武里,1531,1148345,750,576,350,985,643.77,85.83
高雄市,仁武區,文武里,2535,1956486,772,596,359,998,637.91,82.65
高雄市,仁武區,竹後里,560,371315,663,515,332,836,641.30,96.72
高雄市,仁武區,八卦里,4855,4265676,879,686,398,1167,711.10,80.93
高雄市,仁武區,大灣里,1175,934311,795,593,341,1013,740.76,93.16
高雄市,仁武區,灣內里,2097,1809170,863,655,392,1099,784.10,90.88
高雄市,仁武區,考潭里,795,591260,744,530,334,922,698.52,93.92
高雄市,仁武區,烏林里,931,613817,659,528,337,803,529.69,80.34
高雄市,仁武區,仁福里,178,143752,808,540,342,925,862.74,106.83
高雄市,仁武區,高楠里,425,270898,637,494,334,799,521.43,81.81
高雄市,仁武區,後安里,663,428218,646,509,332,827,530.14,82.08
高雄市,仁武區,中華里,415,237455,572,494,327,717,396.30,69.26
高雄市,仁武區,五和里,1231,906677,737,574,364,937,583.68,79.25
高雄市,仁武區,仁和里,1183,1093973,925,681,391,1182,988.79,106.93
高雄市,仁武區,赤山里,1721,1535384,892,655,382,1127,869.10,97.42
高雄市,仁武區,仁慈里,739,778571,1054,709,418,1281,1409.07,133.75
高雄市,大社區,大社里,1446,1145658,792,590,364,1034,671.03,84.69
高雄市,大社區,嘉誠里,210,133932,638,497,289,734,653.33,102.44
高雄市,大社區,保社里,916,712203,778,585,349,964,747.01,96.08
高雄市,大社區,翠屏里,478,354823,742,577,372,937,589.01,79.35
高雄市,大社區,三奶里,696,492707,708,538,353,896,648.78,91.65
高雄市,大社區,觀音里,1517,1150294,758,597,363,937,668.72,88.19
高雄市,大社區,神農里,1305,958707,735,567,341,999,639.94,87.11
高雄市,大社區,中里里,813,590033,726,586,372,913,582.31,80.24
高雄市,大社區,保安里,897,677359,755,594,362,962,626.10,82.91
高雄市,大樹區,大樹里,571,358254,627,513,341,813,469.69,74.86
高雄市,大樹區,九曲里,1221,822562,674,552,351,848,510.09,75.72
高雄市,大樹區,久堂里,1061,750758,708,555,364,892,571.67,80.79
高雄市,大樹區,水安里,627,445103,710,557,348,809,1193.65,168.15
高雄市,大樹區,水寮里,581,408321,703,557,349,862,562.99,80.11
高雄市,大樹區,井腳里,323,236415,732,536,375,938,545.93,74.59
高雄市,大樹區,小坪里,324,232818,719,586,360,909,536.48,74.66
高雄市,大樹區,龍目里,347,242368,698,541,343,817,771.30,110.43
高雄市,大樹區,竹寮里,748,510178,682,540,329,832,636.96,93.39
高雄市,大樹區,檨腳里,873,603149,691,539,343,892,563.48,81.56
高雄市,大樹區,興山里,200,130549,653,513,356,787,675.28,103.45
高雄市,大樹區,和山里,211,132474,628,483,328,704,627.06,99.88
高雄市,大樹區,姑山里,218,151416,695,577,373,870,503.28,72.46
高雄市,大樹區,大坑里,289,195947,678,522,327,828,571.48,84.29
高雄市,大樹區,三和里,213,252787,1187,634,385,1223,1599.83,134.80
高雄市,大樹區,溪埔里,402,305763,761,675,423,927,492.81,64.79
高雄市,大樹區,興田里,396,254632,643,513,302,841,562.63,87.50
高雄市,大樹區,統嶺里,145,94616,653,534,357,857,444.67,68.15
高雄市,大寮區,大寮里,1707,1168205,684,533,341,844,632.46,92.42
高雄市,大寮區,義仁里,456,314881,691,536,364,857,561.76,81.35
高雄市,大寮區,新厝里,384,280805,731,576,377,975,524.44,71.72
高雄市,大寮區,會結里,351,240098,684,543,338,866,513.83,75.12
高雄市,大寮區,潮寮里,654,464757,711,578,361,926,504.82,71.04
高雄市,大寮區,拷潭里,365,245434,672,523,360,855,507.56,75.48
高雄市,大寮區,山頂里,1898,1382192,728,573,353,934,576.07,79.11
高雄市,大寮區,三隆里,1111,816890,735,567,360,938,604.76,82.25
高雄市,大寮區,永芳里,1884,1391423,739,558,353,912,715.72,96.91
高雄市,大寮區,昭明里,924,627226,679,543,350,882,500.89,73.79
高雄市,大寮區,內坑里,1377,982768,714,553,341,873,820.56,114.97
高雄市,大寮區,上寮里,573,426042,744,598,365,945,673.92,90.64
高雄市,大寮區,會社里,1441,1070951,743,555,346,951,631.20,84.93
高雄市,大寮區,後庄里,2011,1500142,746,580,354,940,877.88,117.68
高雄市,大寮區,翁園里,990,744949,752,621,390,982,552.02,73.36
高雄市,大寮區,琉球里,1128,819587,727,567,360,914,598.06,82.31
高雄市,大寮區,江山里,474,348298,735,583,367,925,602.14,81.94
高雄市,大寮區,溪寮里,352,269164,765,577,359,899,1063.01,139.01
高雄市,大寮區,義和里,529,361039,682,562,360,826,546.12,80.02
高雄市,大寮區,前庄里,638,474225,743,589,355,945,600.69,80.81
高雄市,大寮區,中庄里,2969,2079404,700,566,352,883,540.98,77.24
高雄市,大寮區,過溪里,654,576500,881,540,342,826,3486.23,395.49
高雄市,大寮區,忠義里,93,61253,659,548,328,825,493.08,74.86
高雄市,大寮區,光武里,15,7880,525,616,273,777,315.96,60.15
高雄市,大寮區,中興里,1706,1205757,707,552,340,888,582.54,82.42
高雄市,林園區,林園里,965,748191,775,615,372,1027,631.68,81.47
高雄市,林園區,溪州里,1062,736076,693,577,368,896,482.45,69.61
高雄市,林園區,潭頭里,683,501796,735,583,369,931,602.26,81.97
高雄市,林園區,中厝里,699,493686,706,586,373,900,497.57,70.45
高雄市,林園區,林內里,462,330226,715,576,372,901,542.57,75.91
高雄市,林園區,王公里,1195,966477,809,659,406,1056,582.54,72.03
高雄市,林園區,林家里,364,281345,773,580,364,966,636.63,82.37
高雄市,林園區,龔厝里,529,378575,716,570,375,875,527.70,73.74
高雄市,林園區,中門里,636,460477,724,591,389,905,542.44,74.92
高雄市,林園區,頂厝里,1251,913372,730,592,381,954,535.31,73.32
高雄市,林園區,港嘴里,451,302350,670,551,350,881,455.44,67.94
高雄市,林園區,西溪里,864,571373,661,548,368,847,457.90,69.24
高雄市,林園區,中芸里,457,308636,675,586,368,870,430.93,63.81
高雄市,林園區,鳳芸里,433,320346,740,601,371,1004,535.67,72.40
高雄市,林園區,東汕里,200,130926,655,561,342,832,499.11,76.24
高雄市,林園區,西汕里,140,92421,660,599,348,786,437.37,66.25
高雄市,林園區,北汕里,359,246774,687,555,359,825,661.74,96.27
高雄市,林園區,東林里,781,594502,761,623,387,995,597.97,78.56
高雄市,林園區,港埔里,448,336110,750,598,361,901,661.42,88.16
高雄市,林園區,仁愛里,908,758105,835,671,426,1062,624.97,74.85
高雄市,林園區,文賢里,622,457620,736,579,376,984,554.52,75.37
高雄市,林園區,廣應里,1001,758915,758,626,402,957,548.01,72.28
高雄市,林園區,五福里,639,420335,658,527,330,835,573.90,87.25
高雄市,林園區,中汕里,516,346434,671,564,370,851,440.36,65.59
高雄市,岡山區,岡山里,1418,1233506,870,567,348,947,2056.25,236.38
高雄市,岡山區,維仁里,302,238639,790,539,333,859,840.14,106.32
高雄市,岡山區,壽天里,1114,1053987,946,648,390,1166,1325.84,140.13
高雄市,岡山區,後紅里,1289,1063173,825,643,372,1027,1429.14,173.27
高雄市,岡山區,程香里,1442,1166232,809,582,380,1017,716.51,88.59
高雄市,岡山區,嘉興里,1092,803072,735,555,350,915,658.12,89.49
高雄市,岡山區,華崗里,440,340737,774,576,361,932,764.53,98.73
高雄市,岡山區,潭底里,216,132608,614,539,340,795,412.36,67.17
高雄市,岡山區,石潭里,548,450653,822,604,352,1039,773.26,94.03
高雄市,岡山區,福興里,306,209130,683,533,310,821,682.91,99.92
高雄市,岡山區,忠孝里,807,632421,784,593,356,925,771.12,98.40
高雄市,岡山區,平安里,401,344014,858,611,363,1047,987.48,115.11
高雄市,岡山區,前峰里,868,643488,741,571,346,917,656.87,88.61
高雄市,岡山區,後協里,1746,1316986,754,584,364,948,629.79,83.49
高雄市,岡山區,竹圍里,2319,1900483,820,623,380,1045,688.16,83.97
高雄市,岡山區,協和里,1164,917195,788,581,368,946,782.37,99.29
高雄市,岡山區,劉厝里,398,322217,810,600,393,958,830.62,102.60
高雄市,岡山區,灣裡里,628,495840,790,624,377,1009,773.79,98.00
高雄市,岡山區,白米里,554,404953,731,617,392,947,514.80,70.43
高雄市,岡山區,大遼里,402,281834,701,548,340,906,572.99,81.73
高雄市,岡山區,臺上里,1807,1499204,830,628,380,1036,753.45,90.81
高雄市,岡山區,信義里,586,480578,820,714,406,1023,625.46,76.27
高雄市,岡山區,大莊里,254,168855,665,510,323,780,908.95,136.73
高雄市,岡山區,嘉峰里,522,390496,748,569,358,888,649.23,86.79
高雄市,岡山區,和平里,120,85755,715,540,303,900,629.98,88.16
高雄市,岡山區,三和里,224,139320,622,515,326,785,525.57,84.50
高雄市,岡山區,本洲里,531,406880,766,570,352,858,835.61,109.05
高雄市,岡山區,仁壽里,1131,1111115,982,629,374,1029,5007.86,509.75
高雄市,岡山區,協榮里,670,507075,757,581,343,952,709.39,93.73
高雄市,岡山區,碧紅里,1286,1035313,805,615,372,1039,705.70,87.66
高雄市,岡山區,爲隨里,189,136345,721,595,357,870,777.75,107.81
高雄市,岡山區,壽峰里,784,630418,804,597,368,984,1055.17,131.22
高雄市,岡山區,仁義里,569,438586,771,584,346,1056,638.65,82.85
高雄市,茄萣區,嘉定里,249,150129,603,500,333,722,437.01,72.48
高雄市,茄萣區,嘉安里,432,260656,603,503,332,751,415.85,68.92
高雄市,茄萣區,保定里,732,456893,624,484,312,776,494.71,79.26
高雄市,茄萣區,嘉福里,204,110113,540,427,288,670,411.99,76.33
高雄市,茄萣區,福德里,218,140495,644,513,321,786,504.30,78.25
高雄市,茄萣區,和協里,233,143332,615,523,325,738,460.15,74.80
高雄市,茄萣區,萬福里,196,127742,652,463,305,797,582.44,89.37
高雄市,茄萣區,吉定里,250,170185,681,561,355,830,503.28,73.93
高雄市,茄萣區,白雲里,388,244627,630,505,323,787,473.72,75.14
高雄市,茄萣區,光定里,215,123251,573,425,300,749,466.31,81.34
高雄市,茄萣區,嘉賜里,982,643078,655,522,340,819,506.87,77.40
高雄市,茄萣區,崎漏里,996,624261,627,498,326,787,496.62,79.23
高雄市,茄萣區,大定里,239,164450,688,496,316,755,1333.91,193.86
高雄市,茄萣區,嘉泰里,252,145151,576,460,307,677,506.90,88.00
高雄市,茄萣區,嘉樂里,496,292108,589,487,316,741,416.02,70.64
高雄市,永安區,永安里,383,268969,702,582,350,892,522.36,74.38
高雄市,永安區,新港里,521,327127,628,524,300,825,491.78,78.32
高雄市,永安區,永華里,456,326784,717,572,331,913,579.04,80.80
高雄市,永安區,鹽田里,94,62457,664,521,350,796,567.82,85.46
高雄市,永安區,保寧里,706,502999,712,553,360,883,570.77,80.11
高雄市,永安區,維新里,1018,704879,692,553,340,869,530.17,76.57
高雄市,橋頭區,橋頭里,704,690609,981,757,438,1278,880.70,89.78
高雄市,橋頭區,橋南里,369,312993,848,600,372,1011,1532.30,180.65
高雄市,橋頭區,仕豐里,755,603001,799,618,380,1044,645.46,80.82
高雄市,橋頭區,仕隆里,743,664470,894,684,378,1165,860.42,96.21
高雄市,橋頭區,新莊里,691,701282,1015,720,399,1253,1048.61,103.32
高雄市,橋頭區,甲南里,748,523090,699,547,347,907,598.81,85.63
高雄市,橋頭區,甲北里,577,420390,729,561,368,896,621.92,85.36
高雄市,橋頭區,頂鹽里,356,289545,813,634,380,1046,645.22,79.33
高雄市,橋頭區,中崎里,174,130491,750,564,365,920,670.09,89.35
高雄市,橋頭區,筆秀里,456,361832,793,578,361,966,913.53,115.13
高雄市,橋頭區,白樹里,956,761026,796,607,376,1030,673.30,84.58
高雄市,橋頭區,德松里,407,356443,876,655,377,1073,914.67,104.44
高雄市,橋頭區,東林里,745,564299,757,587,383,986,581.26,76.74
高雄市,橋頭區,西林里,436,316286,725,575,353,930,560.76,77.30
高雄市,橋頭區,芋寮里,377,303795,806,599,392,1030,723.96,89.84
高雄市,橋頭區,仕和里,1211,981875,811,582,371,1014,1406.71,173.50
高雄市,橋頭區,三德里,227,149900,660,559,337,837,455.65,69.00
高雄市,梓官區,梓義里,568,418678,737,557,336,914,655.93,88.99
高雄市,梓官區,茄苳里,594,375179,632,513,343,797,450.45,71.32
高雄市,梓官區,禮蚵里,502,325514,648,532,346,794,497.91,76.79
高雄市,梓官區,大舍里,962,638822,664,535,349,858,479.19,72.16
高雄市,梓官區,梓信里,652,449615,690,534,331,877,584.98,84.83
高雄市,梓官區,智蚵里,686,474416,692,553,326,885,583.39,84.36
高雄市,梓官區,赤崁里,481,322765,671,523,319,821,598.04,89.12
高雄市,梓官區,信蚵里,543,350637,646,493,322,781,840.58,130.17
高雄市,梓官區,梓平里,416,313287,753,599,368,965,630.48,83.72
高雄市,梓官區,赤東里,578,348000,602,491,312,787,465.08,77.25
高雄市,梓官區,赤西里,201,123963,617,486,303,722,543.62,88.15
高雄市,梓官區,同安里,269,190806,709,551,339,922,564.24,79.55
高雄市,梓官區,中崙里,329,229123,696,585,341,912,519.34,74.57
高雄市,梓官區,梓和里,696,486078,698,534,350,867,567.62,81.28
高雄市,梓官區,典寶里,834,626402,751,541,340,945,706.10,94.01
高雄市,梓官區,茄典里,5,2334,467,325,283,409,384.14,82.28
高雄市,田寮區,南安里,187,111996,599,469,347,767,436.57,72.89
高雄市,田寮區,田寮里,62,42223,681,525,305,923,594.14,87.24
高雄市,田寮區,三和里,54,39371,729,560,344,943,614.54,84.29
高雄市,田寮區,古亭里,72,37146,516,452,251,649,380.34,73.72
高雄市,田寮區,大同里,57,32083,563,471,346,760,376.11,66.82
高雄市,田寮區,七星里,99,77240,780,618,359,987,607.14,77.82
高雄市,田寮區,西德里,128,81400,636,476,288,849,531.39,83.56
高雄市,田寮區,崇德里,174,109404,629,524,323,745,515.62,82.01
高雄市,田寮區,新興里,314,239425,762,614,379,964,585.85,76.83
高雄市,田寮區,鹿埔里,67,30283,452,401,299,571,262.19,58.01
高雄市,阿蓮區,阿蓮里,1375,1108357,806,568,358,942,1537.27,190.71
高雄市,阿蓮區,崗山里,177,119965,678,505,305,821,575.63,84.93
高雄市,阿蓮區,復安里,430,278645,648,505,312,810,506.59,78.18
高雄市,阿蓮區,清蓮里,722,524048,726,523,328,895,844.66,116.37
高雄市,阿蓮區,港後里,550,394273,717,512,336,855,721.27,100.62
高雄市,阿蓮區,石安里,325,208124,640,489,308,767,556.81,86.95
高雄市,阿蓮區,峰山里,255,162991,639,539,330,837,428.51,67.04
高雄市,阿蓮區,青旗里,376,256531,682,473,302,833,661.92,97.02
高雄市,阿蓮區,和蓮里,577,440040,763,561,359,981,654.02,85.76
高雄市,阿蓮區,玉庫里,263,185357,705,542,362,870,755.31,107.17
高雄市,阿蓮區,中路里,523,370502,708,531,340,872,665.80,93.98
高雄市,阿蓮區,南蓮里,813,581833,716,542,325,864,731.72,102.24
高雄市,路竹區,竹東里,1162,984912,848,630,386,1021,896.16,105.73
高雄市,路竹區,竹西里,692,524143,757,558,345,921,806.60,106.49
高雄市,路竹區,竹滬里,840,639554,761,593,368,942,673.09,88.40
高雄市,路竹區,竹園里,485,318047,656,539,346,817,567.58,86.55
高雄市,路竹區,文南里,756,640877,848,637,386,1040,811.80,95.76
高雄市,路竹區,文北里,968,720948,745,567,352,953,618.84,83.09
高雄市,路竹區,甲南里,944,687886,729,564,349,912,651.27,89.37
高雄市,路竹區,甲北里,618,468577,758,618,372,960,590.95,77.94
高雄市,路竹區,下坑里,688,504450,733,518,335,823,1768.75,241.23
高雄市,路竹區,頂寮里,298,201004,675,559,349,819,484.81,71.88
高雄市,路竹區,鴨寮里,629,491145,781,597,378,949,800.09,102.47
高雄市,路竹區,社東里,501,359963,718,550,339,913,586.83,81.68
高雄市,路竹區,社西里,695,504468,726,561,346,902,593.35,81.75
高雄市,路竹區,社中里,252,160691,638,508,340,813,474.92,74.48
高雄市,路竹區,北嶺里,395,283470,718,550,359,876,578.32,80.59
高雄市,路竹區,三爺里,285,253042,888,520,339,958,1325.20,149.26
高雄市,路竹區,後鄉里,368,271956,739,571,374,948,564.49,76.38
高雄市,路竹區,新達里,298,204231,685,535,311,847,564.66,82.39
高雄市,路竹區,竹南里,894,911419,1019,626,378,1176,1434.84,140.74
高雄市,路竹區,社南里,1571,1325388,844,620,386,990,917.03,108.70
高雄市,燕巢區,東燕里,545,357138,655,511,343,812,531.75,81.15
高雄市,燕巢區,西燕里,869,643875,741,592,348,909,719.00,97.04
高雄市,燕巢區,南燕里,957,723546,756,583,364,957,657.88,87.01
高雄市,燕巢區,尖山里,223,172750,775,569,397,923,816.63,105.42
高雄市,燕巢區,金山里,96,63732,664,513,341,921,472.93,71.24
高雄市,燕巢區,鳳雄里,594,457381,770,581,357,968,740.69,96.19
高雄市,燕巢區,深水里,567,374023,660,529,335,777,807.11,122.35
高雄市,燕巢區,角宿里,694,482349,695,523,325,846,662.54,95.33
高雄市,燕巢區,橫山里,402,294023,731,557,344,903,675.24,92.32
高雄市,燕巢區,瓊林里,581,397421,684,533,328,867,545.05,79.68
高雄市,燕巢區,安招里,855,633953,741,570,356,914,858.54,115.79
高雄市,彌陀區,彌陀里,454,330040,727,575,345,908,751.07,103.32
高雄市,彌陀區,彌仁里,128,81495,637,490,326,748,442.03,69.43
高雄市,彌陀區,彌壽里,194,146854,757,593,378,970,564.58,74.58
高雄市,彌陀區,舊港里,353,219358,621,500,312,845,451.99,72.74
高雄市,彌陀區,過港里,207,127325,615,503,345,780,486.33,79.07
高雄市,彌陀區,漯底里,272,180848,665,499,335,855,510.15,76.73
高雄市,彌陀區,鹽埕里,504,330161,655,498,331,848,577.95,88.23
高雄市,彌陀區,南寮里,425,271196,638,526,331,785,492.09,77.12
高雄市,彌陀區,文安里,409,242965,594,457,316,751,492.66,82.93
高雄市,彌陀區,光和里,315,194002,616,513,318,782,459.52,74.61
高雄市,彌陀區,海尾里,174,102551,589,469,320,740,444.71,75.45
高雄市,彌陀區,彌靖里,467,336896,721,531,331,861,1162.46,161.14
高雄市,湖內區,湖內里,1059,756449,714,573,361,904,528.16,73.94
高雄市,湖內區,逸賢里,292,181467,621,474,306,766,484.89,78.02
高雄市,湖內區,中賢里,545,326161,598,480,321,751,430.24,71.89
高雄市,湖內區,文賢里,313,218992,700,570,369,908,560.40,80.10
高雄市,湖內區,太爺里,258,185886,720,535,333,857,647.78,89.91
高雄市,湖內區,大湖里,1165,1051671,903,624,362,977,3302.01,365.78
高雄市,湖內區,葉厝里,779,563647,724,556,348,915,740.50,102.34
高雄市,湖內區,田尾里,324,266539,823,584,366,911,938.73,114.11
高雄市,湖內區,海埔里,450,286006,636,501,319,762,586.12,92.22
高雄市,湖內區,劉家里,189,116810,618,530,317,811,442.12,71.54
高雄市,湖內區,公舘里,679,502779,740,595,365,937,575.77,77.76
高雄市,湖內區,海山里,271,194704,718,499,324,881,717.53,99.87
高雄市,湖內區,忠興里,152,97199,639,509,359,749,485.55,75.93
高雄市,湖內區,湖東里,770,572298,743,539,344,847,1514.09,203.71
高雄市,旗山區,大林里,234,157767,674,511,342,767,692.32,102.69
高雄市,旗山區,中正里,288,189206,657,531,316,778,531.39,80.89
高雄市,旗山區,圓富里,340,200783,591,502,317,768,438.65,74.28
高雄市,旗山區,永和里,824,570358,692,540,340,850,549.02,79.32
高雄市,旗山區,瑞吉里,442,293081,663,526,334,828,517.53,78.05
高雄市,旗山區,竹峰里,346,286700,829,636,363,1114,679.63,82.02
高雄市,旗山區,湄洲里,425,293885,691,509,290,915,622.51,90.02
高雄市,旗山區,大德里,705,494231,701,547,321,913,601.84,85.85
高雄市,旗山區,太平里,524,366341,699,516,344,832,682.69,97.65
高雄市,旗山區,東昌里,246,166255,676,517,319,896,553.74,81.93
高雄市,旗山區,東平里,425,328634,773,601,368,990,634.98,82.12
高雄市,旗山區,廣福里,138,92772,672,537,354,814,581.28,86.47
高雄市,旗山區,三協里,474,341396,720,509,315,869,676.86,93.98
高雄市,旗山區,上洲里,190,136445,718,602,359,964,506.06,70.47
高雄市,旗山區,鯤洲里,145,124174,856,532,364,884,1294.99,151.22
高雄市,旗山區,大山里,267,202854,760,572,364,939,638.13,83.99
高雄市,旗山區,中洲里,128,100583,786,574,362,936,861.72,109.66
高雄市,旗山區,南洲里,277,188875,682,551,333,885,530.84,77.85
高雄市,旗山區,新光里,158,103776,657,525,337,807,524.51,79.86
高雄市,旗山區,中寮里,22,11881,540,466,315,798,390.06,72.23
高雄市,旗山區,南勝里,414,279819,676,521,317,842,583.19,86.28
高雄市,六龜區,六龜里,135,93300,691,505,339,789,861.91,124.71
高雄市,六龜區,義寶里,211,134209,636,521,340,771,504.29,79.28
高雄市,六龜區,中興里,238,168376,707,537,349,751,993.15,140.38
高雄市,六龜區,興龍里,83,40987,494,447,261,570,475.58,96.30
高雄市,六龜區,新發里,116,67407,581,474,300,679,488.63,84.09
高雄市,六龜區,荖濃里,110,58115,528,421,294,594,403.16,76.31
高雄市,六龜區,寶來里,109,65379,600,510,236,798,499.16,83.22
高雄市,六龜區,新興里,80,58634,733,566,422,845,691.16,94.30
高雄市,六龜區,新威里,115,75259,654,558,388,896,422.87,64.62
高雄市,六龜區,新寮里,75,53260,710,520,345,934,566.79,79.81
高雄市,六龜區,文武里,200,123679,618,497,330,753,464.68,75.14
高雄市,六龜區,大津里,44,25899,589,545,312,752,397.97,67.61
高雄市,內門區,內門里,181,111899,618,508,320,821,428.23,69.27
高雄市,內門區,永富里,173,103158,596,452,278,683,572.65,96.04
高雄市,內門區,永吉里,66,41878,635,461,307,776,548.26,86.41
高雄市,內門區,內南里,68,40936,602,445,304,762,474.11,78.76
高雄市,內門區,永興里,72,35463,493,425,245,730,301.74,61.26
高雄市,內門區,中埔里,94,64028,681,542,349,894,509.67,74.83
高雄市,內門區,東埔里,78,46630,598,426,237,743,689.34,115.31
高雄市,內門區,內豐里,210,114851,547,456,289,644,433.59,79.28
高雄市,內門區,觀亭里,315,206222,655,551,309,774,659.82,100.79
高雄市,內門區,內東里,125,78686,629,506,323,784,441.34,70.11
高雄市,內門區,內興里,78,45212,580,505,327,733,383.70,66.20
高雄市,內門區,木柵里,75,44306,591,527,294,709,435.47,73.71
高雄市,內門區,溝坪里,147,78829,536,451,289,662,402.79,75.11
高雄市,內門區,石坑里,69,44087,639,556,437,766,371.38,58.12
高雄市,內門區,瑞山里,42,27075,645,479,289,843,623.74,96.76
高雄市,內門區,光興里,90,59769,664,508,305,788,518.76,78.11
高雄市,內門區,金竹里,86,48142,560,511,336,762,315.99,56.45
高雄市,內門區,三平里,89,56199,631,494,334,779,459.57,72.78
高雄市,美濃區,泰安里,372,302134,812,627,373,1117,645.86,79.52
高雄市,美濃區,瀰濃里,526,432193,822,621,379,1059,683.45,83.18
高雄市,美濃區,東門里,277,207409,749,589,365,977,552.76,73.82
高雄市,美濃區,合和里,528,389440,738,555,349,902,662.21,89.78
高雄市,美濃區,中圳里,446,363488,815,599,364,1048,681.28,83.59
高雄市,美濃區,福安里,578,471937,817,600,368,1034,902.54,110.54
高雄市,美濃區,中壇里,456,350027,768,626,396,929,586.73,76.44
高雄市,美濃區,祿興里,547,433900,793,600,363,979,748.23,94.33
高雄市,美濃區,德興里,312,233224,748,594,356,964,587.26,78.56
高雄市,美濃區,清水里,384,267439,696,577,372,890,491.16,70.52
高雄市,美濃區,吉和里,282,192651,683,550,340,871,543.26,79.52
高雄市,美濃區,吉洋里,335,231316,690,574,362,821,583.43,84.49
高雄市,美濃區,吉東里,338,226080,669,491,320,849,638.55,95.47
高雄市,美濃區,龍肚里,294,226334,770,601,379,1005,645.98,83.91
高雄市,美濃區,龍山里,391,302120,773,597,372,1061,563.65,72.95
高雄市,美濃區,獅山里,469,327182,698,573,357,895,526.51,75.47
高雄市,美濃區,廣林里,247,174283,706,588,334,920,564.67,80.03
高雄市,美濃區,廣德里,253,177948,703,555,386,898,519.01,73.79
高雄市,美濃區,興隆里,241,171605,712,548,372,947,569.84,80.03
高雄市,杉林區,上平里,267,158091,592,478,309,702,462.23,78.07
高雄市,杉林區,杉林里,82,42611,520,390,299,653,474.47,91.30
高雄市,杉林區,月眉里,300,212636,709,599,360,941,480.21,67.75
高雄市,杉林區,月美里,200,141022,705,557,334,829,598.31,84.85
高雄市,杉林區,新庄里,250,165577,662,526,364,851,480.51,72.55
高雄市,杉林區,集來里,139,80688,580,469,275,722,538.61,92.79
高雄市,杉林區,木梓里,81,47225,583,465,304,653,520.39,89.26
高雄市,杉林區,大愛里,268,140416,524,460,311,648,384.34,73.36
高雄市,甲仙區,東安里,85,62490,735,537,378,880,615.68,83.75
高雄市,甲仙區,西安里,169,125844,745,600,381,956,536.31,72.02
高雄市,甲仙區,和安里,103,75064,729,588,368,917,577.60,79.26
高雄市,甲仙區,關山里,56,31180,557,435,250,772,432.86,77.74
高雄市,甲仙區,小林里,66,32877,498,417,240,647,367.13,73.70
高雄市,甲仙區,大田里,252,128334,509,439,306,623,444.15,87.21
高雄市,甲仙區,寶隆里,96,46069,480,381,261,625,354.82,73.94
高雄市,茂林區,茂林里,141,96897,687,599,353,920,451.25,65.66
高雄市,茂林區,多納里,91,60650,666,602,382,862,396.17,59.44
高雄市,茂林區,萬山里,72,52392,728,603,414,871,537.53,73.87
高雄市,桃源區,桃源里,138,85673,621,526,372,796,443.20,71.39
高雄市,桃源區,寶山里,73,50581,693,588,391,829,508.90,73.45
高雄市,桃源區,建山里,114,69677,611,571,422,763,341.62,55.89
高雄市,桃源區,高中里,93,67810,729,595,433,799,605.65,83.06
高雄市,桃源區,勤和里,37,21561,583,648,381,764,315.27,54.10
高雄市,桃源區,復興里,38,30136,793,667,532,1028,405.35,51.11
高雄市,桃源區,拉芙蘭里,41,28573,697,641,349,939,393.47,56.46
高雄市,桃源區,梅山里,36,23458,652,571,379,853,448.34,68.80
高雄市,那瑪夏區,南沙魯里,89,55145,620,515,333,703,560.09,90.39
高雄市,那瑪夏區,瑪雅里,115,93297,811,718,450,1080,505.55,62.31
高雄市,那瑪夏區,達卡努瓦,194,137018,706,631,399,858,496.30,70.27
新北市,新莊區,海山里,1696,1385918,817,562,339,991,1014.77,124.18
新北市,新莊區,全安里,1386,1230639,888,623,365,1067,1034.29,116.49
新北市,新莊區,文衡里,666,601834,904,628,368,1160,883.69,97.79
新北市,新莊區,興漢里,1130,1073710,950,573,353,1034,4174.87,439.37
新北市,新莊區,榮和里,922,861059,934,549,332,933,4345.41,465.30
新北市,新莊區,文德里,543,476947,878,624,377,1154,812.78,92.53
新北市,新莊區,文明里,565,524920,929,566,352,1064,1417.72,152.60
新北市,新莊區,中港里,2020,1684892,834,601,368,1036,789.37,94.64
新北市,新莊區,頭前里,2491,2879861,1156,702,385,1350,1602.23,138.59
新北市,新莊區,丹鳳里,2353,1752895,745,572,364,930,648.49,87.05
新北市,新莊區,西盛里,3413,2873791,842,622,383,1044,811.94,96.43
新北市,新莊區,瓊林里,1659,1219922,735,545,346,918,655.26,89.11
新北市,新莊區,營盤里,816,630237,772,545,310,993,766.71,99.27
新北市,新莊區,後港里,2219,1701433,767,565,342,970,710.65,92.68
新北市,新莊區,國泰里,500,371116,742,522,302,861,955.24,128.70
新北市,新莊區,立人里,759,773519,1019,674,381,1270,1092.97,107.25
新北市,新莊區,恆安里,1348,1169339,867,624,367,1083,802.19,92.48
新北市,新莊區,思源里,1682,1339819,797,565,355,975,831.72,104.41
新北市,新莊區,化成里,1195,1009773,845,553,334,975,950.26,112.46
新北市,新莊區,福基里,1444,1543536,1069,698,393,1354,1106.28,103.49
新北市,新莊區,思賢里,1284,1080541,842,591,361,1062,845.47,100.47
新北市,新莊區,中美里,1665,1343959,807,574,356,970,797.79,98.84
新北市,新莊區,中和里,1373,1079817,786,547,355,901,787.70,100.16
新北市,新莊區,中泰里,1224,849934,694,530,336,886,569.20,81.97
新北市,新莊區,立言里,1693,1413965,835,588,357,1027,812.56,97.29
新北市,新莊區,立功里,997,689506,692,529,353,870,574.52,83.07
新北市,新莊區,立德里,817,866527,1061,647,343,1149,2152.46,202.94
新北市,新莊區,豐年里,1104,841515,762,554,349,868,1032.98,135.52
新北市,新莊區,忠孝里,1535,1220490,795,588,356,1000,712.60,89.62
新北市,新莊區,立志里,1164,932078,801,569,358,955,882.67,110.23
新北市,新莊區,中誠里,645,802547,1244,555,359,978,7776.22,624.97
新北市,新莊區,自立里,1509,1133749,751,543,344,922,768.08,102.23
新北市,新莊區,自強里,651,397944,611,471,325,729,511.37,83.66
新北市,新莊區,幸福里,1232,795612,646,512,327,802,513.66,79.54
新北市,新莊區,仁愛里,748,480979,643,534,346,793,465.14,72.34
新北市,新莊區,信義里,1608,1267470,788,562,358,938,838.62,106.39
新北市,新莊區,龍鳳里,2795,2655706,950,680,402,1198,1135.87,119.54
新北市,新莊區,民安里,1788,1387432,776,582,364,965,734.14,94.61
新北市,新莊區,光華里,2093,1655833,791,575,368,936,1575.62,199.16
新北市,新莊區,富國里,758,486057,641,521,326,817,501.10,78.15
新北市,新莊區,裕民里,1938,1423147,734,554,344,885,911.48,124.12
新北市,新莊區,南港里,1646,1182241,718,561,349,890,615.83,85.74
新北市,新莊區,萬安里,1200,800804,667,542,336,809,569.00,85.26
新北市,新莊區,八德里,918,621379,677,532,354,803,620.33,91.64
新北市,新莊區,民本里,869,534703,615,503,342,776,461.47,75.00
新北市,新莊區,光榮里,1276,943374,739,563,359,940,618.91,83.71
新北市,新莊區,光明里,1327,919839,693,537,344,860,592.56,85.49
新北市,新莊區,合鳳里,1286,837471,651,520,334,796,573.59,88.08
新北市,新莊區,雙鳳里,3386,3180106,939,677,393,1150,1135.36,120.89
新北市,新莊區,和平里,1548,1129962,730,552,361,907,597.72,81.88
新北市,新莊區,自信里,727,583877,803,561,346,965,858.81,106.93
新北市,新莊區,全泰里,1780,1700437,955,633,370,1177,1526.49,159.79
新北市,新莊區,立泰里,1595,1278925,802,596,374,1028,685.06,85.44
新北市,新莊區,立基里,2057,1990252,968,637,377,1209,1137.38,117.55
新北市,新莊區,中宏里,1174,953653,812,601,364,978,766.93,94.41
新北市,新莊區,中全里,1060,752371,710,511,345,820,912.63,128.58
新北市,新莊區,中華里,863,814972,944,648,403,1116,936.90,99.21
新北市,新莊區,中隆里,1353,1252906,926,644,381,1128,1018.45,109.98
新北市,新莊區,中原里,3046,2823748,927,638,383,1126,1060.95,114.45
新北市,新莊區,中信里,2626,2217961,845,624,382,1072,736.21,87.17
新北市,新莊區,仁義里,1047,681926,651,518,319,820,540.54,82.99
新北市,新莊區,建福里,895,579461,647,509,340,799,519.81,80.29
新北市,新莊區,四維里,1249,855813,685,541,349,841,595.43,86.90
新北市,新莊區,文聖里,1236,1123799,909,652,370,1119,967.64,106.43
新北市,新莊區,福營里,850,689820,812,554,340,929,993.77,122.45
新北市,新莊區,後德里,1030,907937,881,607,378,1061,1030.66,116.92
新北市,新莊區,建安里,2066,1678964,813,598,368,1045,724.60,89.16
新北市,新莊區,龍安里,679,467901,689,540,336,823,571.37,82.91
新北市,新莊區,昌平里,1875,2040166,1088,713,415,1355,1231.04,113.14
新北市,新莊區,昌明里,1097,895882,817,564,357,997,805.30,98.61
新北市,新莊區,成德里,1449,1036651,715,559,358,897,590.23,82.50
新北市,新莊區,福興里,1776,1483341,835,591,353,1008,903.15,108.13
新北市,新莊區,昌信里,1151,1092325,949,673,387,1166,1144.39,120.59
新北市,新莊區,昌隆里,1412,1339857,949,690,382,1211,926.04,97.59
新北市,新莊區,中平里,2688,2793121,1039,728,431,1309,1348.22,129.75
新北市,新莊區,立廷里,3606,4129536,1145,831,461,1507,1088.43,95.04
新北市,新莊區,泰豐里,671,537100,800,598,359,986,756.82,94.55
新北市,新莊區,富民里,1087,776402,714,552,341,908,601.18,84.17
新北市,新莊區,龍福里,653,514982,789,602,389,1044,667.54,84.65
新北市,新莊區,祥鳳里,688,515609,749,585,359,949,602.27,80.36
新北市,新莊區,民全里,1166,913620,784,607,383,959,746.96,95.33
新北市,新莊區,民有里,1178,872592,741,567,362,941,598.00,80.73
新北市,新莊區,光正里,1283,1012788,789,576,371,968,719.93,91.20
新北市,新莊區,光和里,764,470457,616,493,332,772,441.36,71.67
新北市,林口區,東林里,1285,1000259,778,545,357,865,1171.21,150.46
新北市,林口區,林口里,1534,1246279,812,578,354,1017,799.38,98.39
新北市,林口區,西林里,2803,3266590,1165,728,409,1450,1535.86,131.79
新北市,林口區,湖北里,423,363296,859,588,392,1123,826.01,96.18
新北市,林口區,菁湖里,1402,1535018,1095,690,389,1334,1401.16,127.97
新北市,林口區,湖南里,6193,8128607,1313,884,464,1568,7178.25,546.89
新北市,林口區,南勢里,5554,7812591,1407,978,516,1800,1752.35,124.58
新北市,林口區,頂福里,322,219955,683,516,350,832,603.77,88.39
新北市,林口區,下福里,378,287272,760,539,376,941,716.32,94.26
新北市,林口區,嘉寶里,228,166815,732,543,348,878,697.84,95.38
新北市,林口區,瑞平里,208,144565,695,529,363,801,629.65,90.59
新北市,林口區,太平里,391,275598,705,538,328,851,675.06,95.77
新北市,林口區,中湖里,1072,954736,891,653,384,1113,814.00,91.40
新北市,林口區,東勢里,1933,1912552,989,653,388,1211,1172.34,118.49
新北市,林口區,仁愛里,2112,2725723,1291,846,455,1657,1729.18,133.98
新北市,林口區,麗林里,2607,3103505,1190,838,468,1556,1134.31,95.28
新北市,林口區,麗園里,1243,1229270,989,632,371,1160,1327.48,134.23
新北市,五股區,興珍里,1655,1692746,1023,529,329,887,5399.98,527.96
新北市,五股區,更寮里,331,233370,705,513,317,817,717.23,101.73
新北市,五股區,集福里,993,706303,711,565,338,918,554.29,77.93
新北市,五股區,觀音里,294,201178,684,536,314,843,653.29,95.47
新北市,五股區,成州里,1464,1000630,683,519,322,846,682.34,99.83
新北市,五股區,五股里,1102,832433,755,544,343,898,828.19,109.64
新北市,五股區,五龍里,383,268459,701,487,291,816,806.97,115.13
新北市,五股區,德音里,1565,1722013,1100,622,362,1119,3610.66,328.14
新北市,五股區,貿商里,785,633633,807,617,363,1027,721.15,89.34
新北市,五股區,陸一里,513,380189,741,563,338,947,715.60,96.56
新北市,五股區,成功里,1587,1087911,686,536,341,856,584.57,85.27
新北市,五股區,五福里,1002,647099,646,495,323,810,613.37,94.98
新北市,五股區,成德里,734,490395,668,510,322,809,668.11,100.00
新北市,五股區,德泰里,1219,1823316,1496,608,380,1014,23752.43,1588.00
新北市,五股區,六福里,1088,803021,738,580,365,916,626.55,84.89
新北市,五股區,集賢里,1022,663433,649,529,338,806,521.45,80.33
新北市,五股區,民義里,934,724969,776,572,368,927,839.94,108.21
新北市,五股區,成泰里,1929,1652026,856,603,366,1010,1632.30,190.60
新北市,五股區,水碓里,2268,1721462,759,559,360,934,695.89,91.68
新北市,五股區,福德里,881,645069,732,584,364,966,550.64,75.20
新北市,蘆洲區,樓厝里,1861,1523358,819,586,371,1021,738.91,90.27
新北市,蘆洲區,保和里,716,511984,715,547,341,880,632.02,88.39
新北市,蘆洲區,得勝里,918,697777,760,520,346,841,1209.32,159.10
新北市,蘆洲區,仁復里,579,498780,861,585,349,991,1037.95,120.49
新北市,蘆洲區,溪墘里,896,676789,755,546,346,915,834.19,110.44
新北市,蘆洲區,中路里,1160,836878,721,557,337,899,616.51,85.45
新北市,蘆洲區,正義里,3696,4364417,1181,841,461,1533,1315.18,111.38
新北市,蘆洲區,水湳里,3021,2624909,869,613,373,1073,947.42,109.04
新北市,蘆洲區,保佑里,1045,751331,719,550,348,900,614.13,85.42
新北市,蘆洲區,樹德里,986,765619,776,557,344,936,842.43,108.49
新北市,蘆洲區,中原里,1565,1258591,804,569,349,1006,773.41,96.17
新北市,蘆洲區,恆德里,1870,1622063,867,616,371,1068,868.53,100.13
新北市,蘆洲區,光華里,1435,1118455,779,564,344,971,745.44,95.64
新北市,蘆洲區,鷺江里,1525,1358213,891,602,375,1034,1213.03,136.20
新北市,蘆洲區,南港里,1570,1171081,746,567,348,941,656.74,88.04
新北市,蘆洲區,永樂里,1713,1521528,888,578,360,1010,3291.37,370.56
新北市,蘆洲區,永康里,1951,1504945,771,582,366,977,678.96,88.02
新北市,蘆洲區,信義里,1162,806910,694,554,353,835,592.66,85.35
新北市,蘆洲區,玉清里,1702,1519566,893,611,371,1060,1329.11,148.87
新北市,蘆洲區,復興里,965,668922,693,550,352,836,567.83,81.92
新北市,蘆洲區,水河里,2607,1964052,753,570,361,972,632.33,83.93
新北市,蘆洲區,仁愛里,1513,1176035,777,567,368,921,713.30,91.77
新北市,蘆洲區,忠義里,843,627073,744,543,351,889,938.91,126.22
新北市,蘆洲區,九芎里,1482,1083532,731,556,345,908,667.37,91.28
新北市,蘆洲區,中華里,937,728261,777,551,346,906,888.64,114.33
新北市,蘆洲區,得仁里,915,671160,734,551,347,882,671.44,91.54
新北市,蘆洲區,仁德里,1603,1260453,786,556,360,913,906.12,115.24
新北市,蘆洲區,仁義里,1213,1076702,888,634,369,1054,897.49,101.11
新北市,蘆洲區,光明里,1294,1063010,821,597,377,1003,1169.65,142.38
新北市,蘆洲區,保新里,747,495931,664,529,339,828,549.20,82.72
新北市,蘆洲區,長安里,1298,948590,731,553,350,874,807.23,110.46
新北市,蘆洲區,民和里,750,524977,700,517,353,826,631.76,90.26
新北市,蘆洲區,忠孝里,716,525786,734,548,339,914,632.82,86.18
新北市,蘆洲區,福安里,936,715693,765,566,361,919,724.12,94.70
新北市,蘆洲區,永安里,1469,1066017,726,564,358,888,631.97,87.09
新北市,蘆洲區,延平里,1093,849207,777,585,361,973,704.04,90.62
新北市,蘆洲區,成功里,1999,1576559,789,577,360,967,985.85,125.00
新北市,蘆洲區,永德里,1219,895124,734,555,342,901,893.60,121.69
新北市,三重區,二重里,457,285275,624,506,340,785,502.89,80.56
新北市,三重區,五谷里,592,484955,819,614,361,978,828.98,101.20
新北市,三重區,德厚里,107,81988,766,505,308,897,818.19,106.78
新北市,三重區,福祉里,1775,1684928,949,661,388,1193,1174.77,123.76
新北市,三重區,過田里,2064,1795183,870,595,362,1055,949.97,109.22
新北市,三重區,溪美里,2297,1881904,819,586,366,1012,864.73,105.55
新北市,三重區,厚德里,1052,902097,858,612,392,1046,793.96,92.59
新北市,三重區,慈化里,698,502524,720,556,353,906,578.38,80.34
新北市,三重區,永安里,1118,848914,759,576,349,952,684.48,90.14
新北市,三重區,六合里,1046,743373,711,555,327,931,589.90,83.00
新北市,三重區,福利里,759,717556,945,649,378,1232,1069.56,113.13
新北市,三重區,永興里,399,341975,857,601,346,1135,889.33,103.76
新北市,三重區,清和里,1274,1191135,935,660,384,1193,883.12,94.46
新北市,三重區,仁德里,542,393691,726,541,347,872,904.66,124.55
新北市,三重區,開元里,457,372880,816,586,369,933,1133.78,138.96
新北市,三重區,大德里,234,174656,746,562,346,886,692.02,92.71
新北市,三重區,錦通里,400,247806,620,482,306,762,536.32,86.57
新北市,三重區,光華里,586,483204,825,597,364,1000,816.64,99.04
新北市,三重區,光榮里,447,388585,869,574,333,1056,1021.17,117.47
新北市,三重區,大園里,707,558958,791,543,343,1000,918.45,116.17
新北市,三重區,長生里,249,199159,800,571,329,977,796.75,99.61
新北市,三重區,長安里,597,444011,744,537,337,843,815.19,109.61
新北市,三重區,同安里,337,206094,612,482,305,762,506.26,82.78
新北市,三重區,光明里,2277,2165206,951,627,372,1125,1096.21,115.28
新北市,三重區,菜寮里,592,435361,735,573,369,913,590.41,80.28
新北市,三重區,大同里,640,538221,841,612,371,1058,803.16,95.50
新北市,三重區,長泰里,605,519090,858,511,340,879,2712.89,316.19
新北市,三重區,長元里,651,454320,698,530,313,861,712.22,102.05
新北市,三重區,介壽里,332,243037,732,565,361,873,647.37,88.43
新北市,三重區,三安里,837,601928,719,540,342,853,716.71,99.66
新北市,三重區,文化里,697,545824,783,542,332,909,938.70,119.87
新北市,三重區,正義里,569,485450,853,560,344,1006,1504.71,176.37
新北市,三重區,中正里,398,316376,795,598,361,913,799.70,100.60
新北市,三重區,仁義里,283,211326,747,531,342,911,784.63,105.07
新北市,三重區,長江里,568,499178,879,614,383,1066,1007.54,114.64
新北市,三重區,錦江里,628,438914,699,507,317,806,963.17,137.81
新北市,三重區,龍門里,517,358035,693,502,319,876,670.99,96.89
新北市,三重區,大安里,424,299267,706,524,357,872,632.21,89.57
新北市,三重區,光正里,862,977956,1135,741,419,1319,1232.83,108.67
新北市,三重區,重新里,436,330307,758,592,358,906,784.14,103.51
新北市,三重區,民生里,1199,826441,689,537,333,859,659.20,95.64
新北市,三重區,中山里,834,724422,869,547,340,974,1160.48,133.60
新北市,三重區,國隆里,782,606784,776,567,335,969,743.61,95.83
新北市,三重區,重陽里,1035,775141,749,555,350,937,724.54,96.74
新北市,三重區,幸福里,1315,1029907,783,542,334,901,996.40,127.22
新北市,三重區,福安里,890,703606,791,558,363,953,784.31,99.21
新北市,三重區,信安里,608,470332,774,571,369,976,644.88,83.36
新北市,三重區,安慶里,570,368113,646,505,329,764,549.38,85.07
新北市,三重區,順德里,566,370959,655,503,336,800,678.62,103.54
新北市,三重區,承德里,484,367485,759,555,338,967,714.49,94.10
新北市,三重區,瑞德里,589,418198,710,543,343,854,713.62,100.51
新北市,三重區,崇德里,1016,737224,726,542,368,904,773.30,106.57
新北市,三重區,尚德里,886,619831,700,538,338,893,587.11,83.92
新北市,三重區,培德里,1090,1014858,931,569,344,1013,1855.86,199.33
新北市,三重區,自強里,523,380669,728,545,323,902,742.19,101.97
新北市,三重區,大有里,1799,1347527,749,561,357,938,688.81,91.96
新北市,三重區,頂崁里,815,702903,862,564,346,944,2392.64,277.42
新北市,三重區,谷王里,293,239119,816,601,387,1013,750.11,91.91
新北市,三重區,中興里,1303,1046727,803,546,339,951,1001.47,124.67
新北市,三重區,成功里,1941,1935057,997,722,406,1312,1095.10,109.85
新北市,三重區,重明里,1024,1108949,1083,680,402,1288,1566.12,144.62
新北市,三重區,光田里,1410,1199954,851,614,365,1046,852.92,100.22
新北市,三重區,田心里,1191,880407,739,549,358,929,785.27,106.23
新北市,三重區,福隆里,1352,1103028,816,586,348,1018,749.55,91.87
新北市,三重區,五常里,1130,779057,689,531,354,847,544.52,78.98
新北市,三重區,慈生里,604,398789,660,513,333,791,640.22,96.97
新北市,三重區,碧華里,2371,2881024,1215,779,435,1464,2271.18,186.91
新北市,三重區,永德里,1331,979061,736,548,356,886,662.57,90.07
新北市,三重區,永福里,1507,1079377,716,517,343,870,665.26,92.88
新北市,三重區,福星里,285,227869,800,558,324,986,870.75,108.91
新北市,三重區,錦安里,504,370607,735,551,358,921,641.18,87.20
新北市,三重區,光輝里,462,350952,760,507,353,845,794.92,104.64
新北市,三重區,同慶里,510,441518,866,587,338,1058,908.75,104.97
新北市,三重區,永春里,561,442934,790,577,360,939,745.35,94.40
新北市,三重區,中民里,353,234584,665,514,327,822,568.48,85.55
新北市,三重區,長福里,455,325546,715,544,337,900,630.34,88.10
新北市,三重區,奕壽里,520,390864,752,511,312,958,715.41,95.18
新北市,三重區,萬壽里,590,479869,813,588,366,983,832.01,102.30
新北市,三重區,中央里,448,327050,730,580,361,916,585.51,80.20
新北市,三重區,雙園里,290,251740,868,532,335,911,2575.20,296.66
新北市,三重區,正安里,582,430568,740,526,350,892,688.90,93.12
新北市,三重區,吉利里,423,290330,686,523,349,872,553.88,80.70
新北市,三重區,忠孝里,463,348532,753,532,319,917,862.49,114.58
新北市,三重區,秀江里,354,287363,812,551,320,914,1279.59,157.63
新北市,三重區,龍濱里,887,672797,759,556,351,867,746.85,98.46
新北市,三重區,平和里,402,259221,645,484,317,783,603.76,93.63
新北市,三重區,正德里,296,214630,725,510,309,903,812.36,112.03
新北市,三重區,五福里,1108,1015894,917,663,381,1130,879.32,95.90
新北市,三重區,富華里,935,763213,816,571,359,940,922.29,112.99
新北市,三重區,田安里,1843,1509225,819,575,349,1001,788.44,96.28
新北市,三重區,慈惠里,578,378666,655,527,363,801,531.48,81.13
新北市,三重區,慈福里,573,375819,656,525,326,808,576.74,87.93
新北市,三重區,永盛里,866,616438,712,536,357,836,987.86,138.78
新北市,三重區,福民里,1032,784044,760,537,327,907,944.73,124.35
新北市,三重區,田中里,1926,1583329,822,594,354,1025,803.24,97.71
新北市,三重區,永清里,1527,1116977,731,570,354,918,640.50,87.56
新北市,三重區,維德里,829,587351,709,533,319,886,729.22,102.92
新北市,三重區,五華里,1488,1492704,1003,647,400,1200,1193.15,118.94
新北市,三重區,永煇里,660,424763,644,523,335,777,569.61,88.51
新北市,三重區,三民里,980,794155,810,580,346,980,799.30,98.64
新北市,三重區,錦田里,635,832551,1311,569,354,1002,8373.35,638.65
新北市,三重區,慈祐里,1316,1131741,860,567,366,985,1292.95,150.35
新北市,三重區,六福里,1640,1202939,733,578,366,916,677.14,92.32
新北市,三重區,光陽里,2054,1866828,909,621,366,1118,1085.33,119.41
新北市,三重區,福田里,1133,855972,755,569,367,942,640.45,84.77
新北市,三重區,富福里,544,366284,673,519,326,803,589.54,87.56
新北市,三重區,仁忠里,788,503729,639,529,343,802,506.70,79.26
新北市,三重區,富貴里,2031,2384596,1174,727,398,1379,1466.84,124.93
新北市,三重區,慈愛里,938,597214,637,538,340,830,452.30,71.04
新北市,三重區,福德里,1195,1029711,862,586,342,1019,1267.32,147.08
新北市,三重區,永豐里,1549,1139820,736,548,354,948,611.28,83.07
新北市,三重區,博愛里,1401,1021510,729,538,334,873,675.93,92.70
新北市,三重區,永吉里,899,680812,757,561,360,947,678.51,89.60
新北市,三重區,永順里,1355,909899,672,514,337,806,600.34,89.40
新北市,三重區,永發里,1971,1652035,838,596,355,1056,830.06,99.03
新北市,三重區,立德里,962,749687,779,553,330,943,781.39,100.27
新北市,三重區,福樂里,1040,771879,742,546,351,889,895.08,120.60
新北市,三重區,仁華里,1241,970901,782,589,377,989,634.95,81.16
新北市,三重區,五順里,992,679568,685,541,343,854,546.15,79.72
新北市,泰山區,黎明里,1026,796272,776,594,360,977,762.39,98.23
新北市,泰山區,大科里,259,206695,798,613,346,1052,696.32,87.25
新北市,泰山區,山腳里,1981,1503100,759,570,360,939,720.20,94.92
新北市,泰山區,楓樹里,1284,1103197,859,617,376,1010,919.15,106.98
新北市,泰山區,同榮里,1278,1037966,812,581,368,989,813.55,100.17
新北市,泰山區,義學里,1285,973817,758,593,361,947,683.86,90.24
新北市,泰山區,明志里,1166,937159,804,579,353,987,900.18,112.00
新北市,泰山區,貴子里,1223,1048766,858,633,353,1100,794.94,92.70
新北市,泰山區,貴和里,1650,1283902,778,584,347,981,777.85,99.97
新北市,泰山區,福泰里,809,554215,685,527,344,829,620.95,90.64
新北市,泰山區,同興里,1181,1109256,939,668,380,1206,1016.09,108.18
新北市,泰山區,義仁里,2533,2324333,918,676,404,1183,830.63,90.52
新北市,泰山區,泰友里,659,477020,724,554,350,947,579.72,80.09
新北市,泰山區,新明里,1012,719140,711,537,343,906,577.40,81.25
新北市,泰山區,貴賢里,1256,1139572,907,656,384,1153,835.04,92.04
新北市,泰山區,福興里,1164,1048637,901,677,396,1189,860.19,95.48
新北市,泰山區,全興里,2811,3076199,1094,846,474,1453,980.37,89.59
新北市,新店區,張北里,2704,3302911,1221,724,409,1397,2951.50,241.63
新北市,新店區,張南里,726,851769,1173,737,384,1401,1521.87,129.72
新北市,新店區,廣明里,286,269813,943,581,363,935,2645.79,280.45
新北市,新店區,江陵里,2069,2960599,1431,777,410,1652,2964.18,207.15
新北市,新店區,百忍里,1339,1233172,921,639,382,1134,971.97,105.54
新北市,新店區,青潭里,1742,1485625,853,633,385,1089,715.61,83.91
新北市,新店區,員潭里,1415,1137691,804,622,407,1042,644.57,80.17
新北市,新店區,雙坑里,163,99266,609,525,341,716,513.57,84.33
新北市,新店區,粗坑里,967,991498,1025,654,362,1260,1378.25,134.42
新北市,新店區,屈尺里,623,466214,748,565,368,916,636.41,85.04
新北市,新店區,廣興里,304,224879,740,559,347,863,691.95,93.54
新北市,新店區,龜山里,406,320017,788,532,340,903,1113.17,141.23
新北市,新店區,直潭里,329,334997,1018,596,362,1025,2424.96,238.16
新北市,新店區,塗潭里,187,164262,878,485,291,705,4242.08,482.93
新北市,新店區,公崙里,3516,3462905,985,671,397,1190,1212.50,123.11
新北市,新店區,柴埕里,2730,2525869,925,661,385,1189,933.94,100.94
新北市,新店區,雙城里,1490,1064806,715,555,355,913,571.76,80.01
新北市,新店區,頂城里,355,246743,695,534,336,840,661.23,95.13
新北市,新店區,下城里,968,2340152,2418,885,437,2106,7772.79,321.52
新北市,新店區,文中里,594,640737,1079,669,416,1251,1592.54,147.64
新北市,新店區,國校里,831,809355,974,673,394,1194,1503.60,154.38
新北市,新店區,新生里,2035,2232512,1097,704,397,1383,1238.41,112.88
新北市,新店區,中興里,1966,1978351,1006,695,386,1279,1110.08,110.31
新北市,新店區,新安里,1544,1578696,1022,696,373,1270,1168.03,114.24
新北市,新店區,文明里,733,982161,1340,587,344,1055,6955.83,519.12
新北市,新店區,寶興里,1994,3428838,1720,776,414,1635,6294.06,366.02
新北市,新店區,寶安里,2016,2106845,1045,687,399,1278,1413.31,135.24
新北市,新店區,信義里,2252,2447891,1087,663,385,1342,1278.75,117.64
新北市,新店區,忠孝里,896,801070,894,635,378,1111,937.27,104.83
新北市,新店區,大鵬里,916,999532,1091,788,398,1376,1133.90,103.91
新北市,新店區,大豐里,1274,1232962,968,659,376,1230,1030.32,106.46
新北市,新店區,明德里,1375,1435954,1044,698,394,1311,1193.70,114.30
新北市,新店區,中山里,1731,2927894,1691,1040,516,2014,3181.26,188.08
新北市,新店區,和平里,185,121531,657,533,347,824,475.70,72.41
新北市,新店區,仁愛里,713,663598,931,655,390,1252,921.03,98.96
新北市,新店區,中正里,2080,2088526,1004,702,410,1277,1103.90,109.94
新北市,新店區,美潭里,1658,1523892,919,656,386,1179,1068.46,116.25
新北市,新店區,德安里,1783,1363584,765,590,374,957,633.27,82.80
新北市,新店區,太平里,1003,970803,968,629,387,1172,1533.55,158.44
新北市,新店區,中央里,2231,3648389,1635,895,430,1883,5884.60,359.84
新北市,新店區,百和里,1135,1116834,984,670,377,1228,1214.84,123.46
新北市,新店區,福德里,1280,1155313,903,638,379,1101,1149.31,127.33
新北市,新店區,福民里,1419,1475410,1040,709,410,1306,1137.87,109.44
新北市,新店區,百福里,1213,1270682,1048,719,402,1318,1111.32,106.09
新北市,新店區,國豐里,1136,1087922,958,665,399,1176,966.87,100.96
新北市,新店區,新德里,856,734667,858,601,369,1069,887.74,103.44
新北市,新店區,五峰里,2614,2873302,1099,683,380,1310,1643.30,149.50
新北市,新店區,中華里,1417,1603090,1131,696,408,1313,1642.89,145.22
新北市,新店區,忠誠里,879,874012,994,676,380,1215,1118.11,112.45
新北市,新店區,永安里,1526,1130786,741,573,354,911,658.24,88.83
新北市,新店區,新店里,546,479334,878,618,344,1132,896.07,102.07
新北市,新店區,大同里,1426,2090442,1466,693,393,1312,13055.86,890.61
新北市,新店區,玫瑰里,1797,1323803,737,569,349,945,635.48,86.26
新北市,新店區,日興里,1538,1083650,705,540,343,873,755.04,107.16
新北市,新店區,寶福里,2466,3160109,1281,730,403,1434,2664.37,207.91
新北市,新店區,安和里,2202,1993880,905,647,384,1150,895.73,98.92
新北市,新店區,明城里,1189,1261040,1061,722,408,1341,1103.14,104.01
新北市,新店區,吉祥里,1460,1304791,894,639,375,1107,881.15,98.60
新北市,新店區,小城里,1228,1241722,1011,675,379,1232,1301.95,128.76
新北市,新店區,香坡里,3255,3475935,1068,687,400,1263,2369.57,221.90
新北市,新店區,建國里,1035,1006722,973,640,358,1208,1124.33,115.59
新北市,新店區,復興里,1115,985284,884,632,373,1087,946.35,107.09
新北市,新店區,美城里,825,660472,801,569,364,928,1132.59,141.47
新北市,新店區,安昌里,1629,1558150,957,711,416,1236,958.39,100.20
新北市,新店區,長春里,954,1474948,1546,923,442,1761,6111.19,395.27
新北市,新店區,新和里,1360,1078720,793,593,373,1002,684.44,86.29
新北市,新店區,永平里,1680,1469078,874,658,376,1137,807.83,92.38
新北市,新店區,達觀里,1291,1346291,1043,671,386,1298,2415.82,231.66
新北市,新店區,華城里,986,2866913,2908,1177,559,2399,11605.80,399.15
新北市,石碇區,石碇里,107,65418,611,504,334,729,410.22,67.10
新北市,石碇區,潭邊里,177,192836,1089,532,305,855,4165.70,382.36
新北市,石碇區,烏塗里,170,216257,1272,615,382,1054,3035.78,238.64
新北市,石碇區,豐林里,77,57310,744,518,333,855,941.63,126.51
新北市,石碇區,隆盛里,190,126997,668,480,325,820,574.87,86.01
新北市,石碇區,中民里,178,114418,643,511,352,808,450.20,70.04
新北市,石碇區,永定里,116,71503,616,485,336,822,460.08,74.64
新北市,石碇區,光明里,39,30445,781,507,292,865,789.22,101.10
新北市,石碇區,彭山里,60,35747,596,501,301,758,478.23,80.27
新北市,石碇區,豐田里,92,71360,776,600,308,882,829.16,106.90
新北市,石碇區,格頭里,205,145130,708,562,349,911,606.57,85.68
新北市,石碇區,永安里,156,96931,621,509,312,776,482.80,77.70
新北市,石碇區,碧山里,0,0,0,0,0,0,0.00,0.00
新北市,深坑區,深坑里,950,793532,835,623,381,1042,785.51,94.04
新北市,深坑區,萬順里,726,611623,842,628,396,1042,785.58,93.25
新北市,深坑區,阿柔里,150,117414,783,551,369,900,838.25,107.09
新北市,深坑區,昇高里,581,458494,789,548,331,930,769.42,97.50
新北市,深坑區,土庫里,874,786600,900,593,369,954,2804.76,311.64
新北市,深坑區,埔新里,1849,1655753,895,624,367,1140,896.37,100.10
新北市,深坑區,萬福里,799,668575,837,590,357,1017,915.87,109.45
新北市,深坑區,賴仲里,665,617778,929,642,403,1139,1034.44,111.35
新北市,坪林區,坪林里,321,234971,732,534,317,847,793.16,108.36
新北市,坪林區,水德里,120,75562,630,488,322,804,573.69,91.11
新北市,坪林區,大林里,245,183393,749,560,337,929,727.32,97.16
新北市,坪林區,上德里,169,118974,704,521,325,815,762.84,108.36
新北市,坪林區,漁光里,166,118452,714,548,357,934,549.33,76.98
新北市,坪林區,石𥕢里,95,65970,694,556,317,765,705.83,101.64
新北市,坪林區,粗窟里,195,151899,779,532,359,842,1027.64,131.92
新北市,烏來區,烏來里,572,490417,857,663,416,1010,1172.43,136.75
新北市,烏來區,忠治里,369,274491,744,618,391,915,588.95,79.17
新北市,烏來區,孝義里,52,40768,784,594,471,1075,518.58,66.14
新北市,烏來區,信賢里,117,82239,703,555,345,905,526.80,74.95
新北市,烏來區,福山里,104,70335,676,539,331,826,573.47,84.79
新北市,板橋區,留侯里,458,433561,947,609,367,1035,2172.93,229.54
新北市,板橋區,流芳里,449,442567,986,648,331,1192,1333.87,135.33
新北市,板橋區,赤松里,245,292270,1193,752,387,1395,1996.04,167.32
新北市,板橋區,黃石里,322,256995,798,569,330,996,750.98,94.09
新北市,板橋區,挹秀里,607,702951,1158,703,396,1506,1313.63,113.43
新北市,板橋區,社後里,1810,1400737,774,577,348,970,720.21,93.06
新北市,板橋區,新埔里,673,618021,918,610,383,1080,1106.03,120.44
新北市,板橋區,江翠里,1381,1285839,931,600,356,1063,1524.84,163.77
新北市,板橋區,松翠里,1031,894061,867,607,374,1036,832.49,96.00
新北市,板橋區,嵐翠里,656,495845,756,560,365,871,833.50,110.27
新北市,板橋區,深丘里,2909,4421029,1520,831,437,1655,2951.05,194.18
新北市,板橋區,埔墘里,2016,1795978,891,616,367,1101,969.61,108.84
新北市,板橋區,港嘴里,1849,1537760,832,594,368,1036,782.55,94.09
新北市,板橋區,湳興里,1625,1387405,854,631,370,1084,801.97,93.93
新北市,板橋區,鄉雲里,1212,1109198,915,608,356,1136,1024.59,111.95
新北市,板橋區,景星里,1096,1053435,961,658,375,1181,1075.64,111.91
新北市,板橋區,廣福里,1203,1030223,856,627,378,1050,933.52,109.01
新北市,板橋區,溪洲里,1788,1397537,782,590,367,970,705.66,90.28
新北市,板橋區,崑崙里,2880,2488735,864,627,374,1050,2519.37,291.55
新北市,板橋區,浮洲里,1000,828859,829,541,348,855,3896.70,470.13
新北市,板橋區,中正里,1278,1015255,794,583,366,1007,969.82,122.08
新北市,板橋區,中山里,1039,708510,682,538,351,836,535.86,78.58
新北市,板橋區,復興里,230,146831,638,523,341,778,589.73,92.38
新北市,板橋區,自強里,1902,1832072,963,659,396,1179,1396.75,145.01
新北市,板橋區,國光里,1259,1341420,1065,734,414,1382,1080.23,101.39
新北市,板橋區,新興里,920,752378,818,601,367,1036,749.85,91.69
新北市,板橋區,福德里,1570,1477228,941,655,382,1173,1018.64,108.26
新北市,板橋區,和平里,1300,1597260,1229,939,495,1644,1102.18,89.71
新北市,板橋區,仁愛里,982,792120,807,580,356,1036,996.85,123.58
新北市,板橋區,福星里,1154,1182768,1025,732,422,1282,1032.23,100.71
新北市,板橋區,公館里,1133,919175,811,597,358,1023,781.70,96.35
新北市,板橋區,新民里,1334,1256973,942,638,380,1151,1070.24,113.58
新北市,板橋區,振興里,1279,967154,756,555,351,923,712.74,94.26
新北市,板橋區,光復里,998,929686,932,661,403,1144,1009.15,108.33
新北市,板橋區,香丘里,1174,1067950,910,605,368,1071,1891.27,207.91
新北市,板橋區,雙玉里,1081,922264,853,627,353,1078,795.57,93.25
新北市,板橋區,福壽里,1092,1224799,1122,623,380,1146,2508.18,223.62
新北市,板橋區,玉光里,1565,1336258,854,616,383,1040,951.25,111.41
新北市,板橋區,港尾里,963,940094,976,663,408,1256,1031.89,105.70
新北市,板橋區,民權里,808,693626,858,602,357,1060,894.93,104.25
新北市,板橋區,建國里,1038,768770,741,564,359,926,625.77,84.49
新北市,板橋區,百壽里,636,538379,847,592,385,1060,821.68,97.07
新北市,板橋區,忠誠里,1323,1390229,1051,689,402,1335,1504.18,143.14
新北市,板橋區,幸福里,1117,842998,755,568,363,912,738.70,97.88
新北市,板橋區,漢生里,1453,1419219,977,646,385,1179,1203.37,123.20
新北市,板橋區,聯翠里,1284,1476595,1150,742,397,1390,1289.30,112.11
新北市,板橋區,宏翠里,1569,1351587,861,627,376,1083,861.89,100.05
新北市,板橋區,華翠里,1141,1066374,935,625,402,1182,907.32,97.08
新北市,板橋區,福翠里,365,250136,685,506,353,792,603.77,88.10
新北市,板橋區,九如里,784,689863,880,573,355,1026,2357.55,267.93
新北市,板橋區,埤墘里,1209,1171052,969,667,410,1184,997.71,103.00
新北市,板橋區,廣新里,911,677371,744,577,374,945,636.62,85.62
新北市,板橋區,福丘里,1730,3113231,1800,930,451,1973,3542.01,196.83
新北市,板橋區,廣德里,2132,2043340,958,665,388,1187,1123.04,117.18
新北市,板橋區,福祿里,1188,1120348,943,690,388,1218,880.97,93.42
新北市,板橋區,華興里,1311,1189034,907,660,377,1180,816.73,90.05
新北市,板橋區,聚安里,1457,1084929,745,564,366,921,625.72,84.03
新北市,板橋區,龍翠里,1604,1623235,1012,647,383,1218,1343.34,132.74
新北市,板橋區,柏翠里,1249,1362004,1090,680,393,1277,1511.31,138.59
新北市,板橋區,文翠里,1267,1084643,856,614,373,1020,995.32,116.27
新北市,板橋區,青翠里,833,624396,750,566,362,877,751.77,100.29
新北市,板橋區,香社里,1220,962825,789,607,376,963,726.83,92.10
新北市,板橋區,大安里,1131,826801,731,556,365,875,680.57,93.10
新北市,板橋區,東丘里,1343,1196428,891,638,377,1074,878.70,98.63
新北市,板橋區,華德里,2277,2140248,940,684,410,1172,881.95,93.83
新北市,板橋區,國泰里,1119,1096749,980,699,393,1311,940.83,95.99
新北市,板橋區,光華里,927,840597,907,607,347,1076,1367.51,150.81
新北市,板橋區,自立里,812,582631,718,567,365,904,557.06,77.64
新北市,板橋區,重慶里,2717,2214525,815,608,362,1042,717.16,87.99
新北市,板橋區,港德里,1381,1099127,796,566,354,956,757.59,95.19
新北市,板橋區,忠翠里,3416,4918464,1440,879,469,1800,2234.81,155.21
新北市,板橋區,明翠里,1395,1100216,789,578,350,969,729.34,92.48
新北市,板橋區,滿翠里,807,564870,700,534,348,836,645.24,92.18
新北市,板橋區,新翠里,2556,2418091,946,669,403,1167,983.58,103.97
新北市,板橋區,溪頭里,1732,1536291,887,612,376,1073,1038.59,117.09
新北市,板橋區,華江里,2397,2898532,1209,776,409,1514,1523.62,126.00
新北市,板橋區,海山里,2376,2620085,1103,681,402,1320,1449.89,131.48
新北市,板橋區,大豐里,1420,1159578,817,597,367,1016,744.57,91.18
新北市,板橋區,吉翠里,1011,688920,681,525,331,867,571.57,83.88
新北市,板橋區,民族里,1453,1601082,1102,742,399,1394,1508.98,136.94
新北市,板橋區,信義里,1196,993344,831,605,356,1005,864.88,104.13
新北市,板橋區,純翠里,1644,1382375,841,608,369,1083,799.40,95.07
新北市,板橋區,長壽里,870,672326,773,578,359,989,650.91,84.23
新北市,板橋區,振義里,1130,906271,802,594,368,1001,753.48,93.95
新北市,板橋區,西安里,793,705991,890,623,393,1040,892.95,100.30
新北市,板橋區,光仁里,886,663103,748,549,323,946,731.52,97.74
新北市,板橋區,介壽里,898,719086,801,605,375,1011,673.82,84.15
新北市,板橋區,仁翠里,795,526184,662,529,326,842,522.68,78.97
新北市,板橋區,永安里,1028,928156,903,614,371,1163,877.06,97.14
新北市,板橋區,懷翠里,1711,1363415,797,561,358,1001,717.20,90.00
新北市,板橋區,長安里,1402,1365477,974,675,397,1261,975.15,100.12
新北市,板橋區,德翠里,2231,1981596,888,655,393,1177,749.69,84.40
新北市,板橋區,溪北里,1035,796673,770,552,349,968,686.37,89.17
新北市,板橋區,華中里,1475,955377,648,527,356,805,489.07,75.51
新北市,板橋區,僑中里,1139,758350,666,535,362,813,562.37,84.47
新北市,板橋區,金華里,1146,830203,724,546,352,885,671.59,92.70
新北市,板橋區,華貴里,774,580318,750,588,357,926,604.90,80.68
新北市,板橋區,華東里,2561,3060598,1195,769,432,1467,1557.32,130.31
新北市,板橋區,福安里,745,500374,672,527,348,844,525.44,78.23
新北市,板橋區,龍安里,718,459178,640,538,357,807,453.54,70.92
新北市,板橋區,香雅里,802,615456,767,595,381,945,655.72,85.45
新北市,板橋區,光榮里,775,626989,809,582,362,984,760.76,94.04
新北市,板橋區,新生里,1343,998648,744,586,371,914,612.55,82.38
新北市,板橋區,民安里,660,550438,834,596,352,1053,824.77,98.89
新北市,板橋區,後埔里,1276,1727344,1354,699,390,1309,6701.23,495.02
新北市,板橋區,五權里,1149,876468,763,568,380,940,664.69,87.14
新北市,板橋區,華福里,679,573659,845,592,345,1070,770.60,91.21
新北市,板橋區,大觀里,1074,734418,684,532,361,858,602.05,88.04
新北市,板橋區,歡園里,352,233779,664,533,348,842,495.83,74.66
新北市,板橋區,成和里,1882,1573421,836,634,381,1118,678.35,81.14
新北市,板橋區,溪福里,4132,3569505,864,642,385,1123,782.42,90.57
新北市,板橋區,堂春里,1248,913775,732,560,356,904,612.76,83.69
新北市,板橋區,文德里,962,895610,931,640,379,1176,884.80,95.04
新北市,板橋區,陽明里,877,762375,869,594,360,986,1140.00,131.14
新北市,板橋區,文化里,1035,1058609,1023,624,373,1187,1277.61,124.91
新北市,板橋區,朝陽里,933,685880,735,551,368,870,635.44,86.44
新北市,板橋區,新海里,1021,662700,649,527,341,802,516.29,79.54
新北市,板橋區,松柏里,698,597792,856,591,361,1102,836.37,97.66
新北市,板橋區,莒光里,889,840464,945,678,404,1219,867.04,91.71
新北市,板橋區,文聖里,1181,1025566,868,608,387,1049,827.75,95.32
新北市,板橋區,富貴里,761,808742,1063,670,401,1258,1345.01,126.56
新北市,板橋區,居仁里,1026,854226,833,604,378,1042,766.24,92.03
新北市,板橋區,正泰里,982,808950,824,603,383,1010,739.07,89.72
新北市,板橋區,莊敬里,1336,1550262,1160,841,449,1532,1270.14,109.46
新北市,板橋區,民生里,708,641786,906,637,379,1066,907.54,100.12
新北市,板橋區,東安里,719,562287,782,572,348,988,659.80,84.37
新北市,三峽區,三峽里,78,57417,736,514,315,979,686.94,93.32
新北市,三峽區,秀川里,168,121131,721,541,339,940,621.93,86.26
新北市,三峽區,八張里,1033,747462,724,535,348,900,651.99,90.11
新北市,三峽區,中埔里,703,507849,722,571,346,944,529.82,73.34
新北市,三峽區,礁溪里,1514,1109088,733,559,345,920,645.08,88.06
新北市,三峽區,永館里,2043,1694597,829,582,353,1009,974.28,117.46
新北市,三峽區,鳶山里,2670,2121576,795,563,364,988,761.71,95.86
新北市,三峽區,龍埔里,2567,1999639,779,576,344,993,699.00,89.73
新北市,三峽區,弘道里,282,190846,677,511,336,860,565.09,83.50
新北市,三峽區,大埔里,1028,813126,791,636,377,1029,643.23,81.32
新北市,三峽區,嘉添里,552,402598,729,521,310,865,906.14,124.24
新北市,三峽區,添福里,291,191805,659,515,331,847,540.65,82.03
新北市,三峽區,溪南里,354,271915,768,521,305,876,868.50,113.07
新北市,三峽區,溪北里,563,364844,648,490,326,769,541.23,83.52
新北市,三峽區,溪東里,822,578574,704,512,343,835,805.84,114.49
新北市,三峽區,成福里,224,143429,640,515,338,787,524.26,81.88
新北市,三峽區,安坑里,303,193065,637,496,319,776,497.23,78.04
新北市,三峽區,竹崙里,434,298885,689,472,307,757,1861.87,270.36
新北市,三峽區,金圳里,100,67336,673,496,361,811,592.42,87.98
新北市,三峽區,五寮里,155,90960,587,457,288,676,587.44,100.10
新北市,三峽區,插角里,140,103896,742,564,349,955,620.09,83.56
新北市,三峽區,有木里,96,68324,712,480,261,782,887.64,124.72
新北市,三峽區,安溪里,1978,1568331,793,579,351,986,1485.30,187.33
新北市,三峽區,中正里,1272,866134,681,524,352,854,559.25,82.13
新北市,三峽區,介壽里,1625,1053619,648,509,329,808,533.97,82.35
新北市,三峽區,二鬮里,906,639984,706,530,338,876,699.49,99.02
新北市,三峽區,龍恩里,1737,1982171,1141,816,418,1536,1130.64,99.08
新北市,三峽區,龍學里,4577,5575714,1218,869,450,1550,2180.33,178.98
新北市,鶯歌區,東鶯里,284,227680,802,580,376,1056,808.56,100.86
新北市,鶯歌區,西鶯里,683,521526,764,568,356,917,734.15,96.15
新北市,鶯歌區,南鶯里,1648,1363360,827,595,376,1027,813.01,98.28
新北市,鶯歌區,北鶯里,1244,1186117,953,680,392,1202,981.28,102.92
新北市,鶯歌區,中鶯里,290,220601,761,567,347,1001,648.50,85.25
新北市,鶯歌區,建德里,138,92947,674,576,358,842,559.12,83.01
新北市,鶯歌區,同慶里,489,402513,823,549,331,957,1101.14,133.77
新北市,鶯歌區,南靖里,994,697878,702,528,331,878,697.55,99.35
新北市,鶯歌區,尖山里,1995,1457650,731,548,358,925,651.14,89.12
新北市,鶯歌區,二橋里,2092,1557591,745,568,366,934,657.70,88.34
新北市,鶯歌區,二甲里,237,161401,681,533,349,862,525.14,77.11
新北市,鶯歌區,東湖里,70,54367,777,518,354,866,837.87,107.88
新北市,鶯歌區,中湖里,1582,1024814,648,533,346,809,515.46,79.57
新北市,鶯歌區,鳳鳴里,1370,938713,685,533,358,855,598.95,87.41
新北市,鶯歌區,永昌里,2414,1802537,747,557,362,930,694.69,93.03
新北市,鶯歌區,永吉里,1455,950865,654,516,354,811,509.07,77.90
新北市,鶯歌區,鳳福里,1173,756967,645,519,341,808,622.96,96.53
新北市,鶯歌區,大湖里,1546,1118534,724,545,347,846,759.57,104.99
新北市,鶯歌區,建國里,1860,1377863,741,563,353,918,947.77,127.94
新北市,鶯歌區,鳳祥里,1371,950803,694,530,356,856,586.41,84.56
新北市,樹林區,樹東里,348,278622,801,588,322,997,871.36,108.83
新北市,樹林區,彭厝里,1503,1030922,686,530,337,843,559.89,81.63
新北市,樹林區,樹西里,1707,1586227,929,620,364,1167,1144.90,123.21
新北市,樹林區,坡內里,445,297397,668,469,323,764,676.97,101.30
新北市,樹林區,樹北里,280,238511,852,639,389,1000,827.94,97.20
新北市,樹林區,潭底里,1234,937885,760,544,345,913,820.10,107.90
新北市,樹林區,獇寮里,1388,963051,694,535,344,859,596.77,86.01
新北市,樹林區,三多里,1200,769652,641,521,324,821,505.22,78.77
新北市,樹林區,東山里,993,684953,690,517,328,820,1009.73,146.38
新北市,樹林區,西山里,2,903,451,451,336,567,325.59,72.12
新北市,樹林區,樂山里,417,320489,769,550,346,887,836.33,108.82
新北市,樹林區,東園里,451,331482,735,552,346,887,718.34,97.73
新北市,樹林區,西園里,496,332326,670,521,325,826,597.16,89.13
新北市,樹林區,南園里,4533,5395754,1190,843,459,1494,1320.52,110.94
新北市,樹林區,北園里,607,432784,713,527,327,848,740.15,103.81
新北市,樹林區,柑園里,2908,3710322,1276,824,446,1550,2121.40,166.27
新北市,樹林區,樹南里,1293,1075486,832,607,363,995,881.38,105.96
新北市,樹林區,樹德里,1114,894277,803,555,357,953,1224.38,152.52
新北市,樹林區,樹人里,1036,900567,869,578,366,987,1537.83,176.91
新北市,樹林區,保安里,1883,1554604,826,603,369,1039,779.88,94.46
新北市,樹林區,三福里,1084,706607,652,514,318,825,548.66,84.17
新北市,樹林區,三興里,1148,719025,626,517,335,786,485.86,77.57
新北市,樹林區,大同里,1038,843586,813,618,364,1026,688.04,84.66
新北市,樹林區,彭福里,1488,1149077,772,566,352,994,757.06,98.04
新北市,樹林區,東陽里,1782,1258137,706,548,333,914,559.20,79.20
新北市,樹林區,東昇里,1502,1161305,773,576,349,958,737.59,95.40
新北市,樹林區,和平里,1115,771965,692,550,339,872,589.49,85.14
新北市,樹林區,圳福里,1276,886617,695,547,356,858,560.78,80.71
新北市,樹林區,圳安里,1105,786876,712,542,345,919,674.94,94.78
新北市,樹林區,樹興里,1117,898844,805,578,373,992,752.29,93.49
新北市,樹林區,彭興里,1596,1049808,658,519,340,822,506.31,76.97
新北市,樹林區,文林里,1527,1213531,795,602,368,980,727.23,91.51
新北市,樹林區,光興里,1091,728460,668,531,343,856,517.53,77.51
新北市,樹林區,金寮里,1224,888172,726,560,363,912,594.02,81.86
新北市,樹林區,中山里,1448,1102020,761,575,360,932,660.10,86.73
新北市,樹林區,山佳里,1706,1251934,734,569,359,887,662.31,90.25
新北市,樹林區,育英里,954,842610,883,621,383,1118,843.48,95.50
新北市,樹林區,樹福里,1216,1302896,1071,699,398,1296,1237.14,115.46
新北市,樹林區,中華里,974,707239,726,570,356,926,537.39,74.01
新北市,樹林區,太順里,820,538520,657,502,338,823,603.56,91.90
新北市,樹林區,圳民里,836,596474,713,539,348,913,679.12,95.18
新北市,樹林區,圳生里,647,395311,611,482,322,770,488.65,79.98
新北市,樹林區,三龍里,690,501336,727,527,326,911,738.64,101.66
新北市,中和區,中原里,1776,1796608,1012,661,377,1220,1218.37,120.44
新北市,中和區,平河里,2967,2715775,915,652,381,1184,854.82,93.39
新北市,中和區,力行里,2004,2022072,1009,711,416,1300,1027.24,101.81
新北市,中和區,枋寮里,1158,1013806,875,623,365,1062,833.73,95.23
新北市,中和區,廟美里,1392,1128636,811,578,358,994,912.90,112.59
新北市,中和區,瓦磘里,1616,1437824,890,632,383,1119,838.43,94.23
新北市,中和區,積穗里,2701,2520429,933,669,398,1128,1037.64,111.20
新北市,中和區,瑞穗里,748,609201,814,622,384,1052,692.44,85.02
新北市,中和區,灰磘里,181,145273,803,575,352,972,697.76,86.94
新北市,中和區,錦和里,1690,1631481,965,664,390,1170,1206.10,124.94
新北市,中和區,內南里,1465,1131390,772,568,358,897,858.89,111.21
新北市,中和區,外南里,1384,1153052,833,614,371,1054,894.66,107.39
新北市,中和區,頂南里,963,810265,841,642,396,1042,703.68,83.63
新北市,中和區,橫路里,91,55814,613,499,307,742,453.39,73.92
新北市,中和區,連和里,883,859206,973,716,411,1239,1137.41,116.89
新北市,中和區,漳和里,1170,1162753,994,658,377,1183,1311.44,131.96
新北市,中和區,秀山里,1430,1158463,810,588,359,1020,733.12,90.50
新北市,中和區,員山里,2003,1872987,935,649,378,1153,2288.07,244.69
新北市,中和區,安樂里,1265,1424521,1126,738,411,1406,1217.99,108.16
新北市,中和區,壽德里,1345,1206911,897,689,402,1162,780.99,87.03
新北市,中和區,新南里,2788,3032660,1088,766,432,1446,1037.77,95.40
新北市,中和區,崇南里,1325,1206015,910,681,391,1160,829.94,91.18
新北市,中和區,東南里,1274,1042689,818,587,360,1023,913.96,111.67
新北市,中和區,秀明里,1621,1621482,1000,684,384,1219,1509.90,150.94
新北市,中和區,安平里,2112,2511299,1189,774,413,1522,1369.84,115.20
新北市,中和區,景平里,1858,1772967,954,653,381,1134,1146.97,120.20
新北市,中和區,嘉穗里,855,613396,717,550,349,893,687.00,95.76
新北市,中和區,景安里,1572,1417510,902,629,378,1116,926.68,102.77
新北市,中和區,連城里,2040,1865416,914,642,393,1155,926.01,101.27
新北市,中和區,福美里,1332,1009431,758,572,350,961,655.06,86.44
新北市,中和區,安和里,1095,1124777,1027,688,391,1282,1178.87,114.77
新北市,中和區,中安里,1649,1873307,1136,756,419,1387,1392.15,122.55
新北市,中和區,泰安里,1093,971314,889,608,370,1032,1042.34,117.29
新北市,中和區,華南里,1605,1529740,953,640,389,1160,971.35,101.91
新北市,中和區,秀峰里,1410,1198475,850,614,369,1078,832.37,97.93
新北市,中和區,秀水里,1058,816244,771,587,356,937,734.99,95.27
新北市,中和區,景南里,948,786757,830,591,366,1007,842.96,101.57
新北市,中和區,復興里,1551,1255396,809,582,359,989,811.97,100.32
新北市,中和區,和興里,1403,1428754,1018,666,398,1201,1540.23,151.25
新北市,中和區,南山里,1800,1977419,1099,747,414,1371,1370.28,124.73
新北市,中和區,景新里,1087,888646,818,592,377,1005,734.75,89.88
新北市,中和區,景福里,1806,1682474,932,623,378,1107,1133.02,121.62
新北市,中和區,清穗里,951,752727,792,591,366,966,1092.54,138.03
新北市,中和區,佳和里,1449,1282312,885,639,386,1097,870.94,98.42
新北市,中和區,德穗里,1370,1198897,875,612,371,1039,1169.25,133.61
新北市,中和區,嘉新里,1147,869966,758,572,376,934,779.95,102.83
新北市,中和區,建和里,1048,865199,826,581,358,999,972.15,117.75
新北市,中和區,仁和里,1238,912237,737,564,359,902,649.46,88.14
新北市,中和區,秀景里,2089,2092780,1002,686,400,1286,1060.46,105.85
新北市,中和區,中正里,1210,847700,701,552,343,878,564.25,80.54
新北市,中和區,福善里,1390,1106910,796,590,373,959,721.17,90.56
新北市,中和區,福真里,1234,986729,800,592,364,978,711.42,88.97
新北市,中和區,秀仁里,1050,1004461,957,687,392,1245,888.15,92.84
新北市,中和區,忠孝里,1406,1058371,753,585,364,930,662.89,88.06
新北市,中和區,民享里,813,596247,733,552,351,891,635.06,86.59
新北市,中和區,民生里,1339,1187839,887,678,398,1132,748.09,84.33
新北市,中和區,國光里,1197,991920,829,618,363,1050,737.37,88.98
新北市,中和區,福和里,1131,1036852,917,565,352,1021,3540.27,386.17
新北市,中和區,秀成里,1168,1054016,902,627,380,1078,950.73,105.35
新北市,中和區,秀福里,1617,1526799,944,647,388,1160,984.34,104.25
新北市,中和區,華新里,2234,1846942,827,655,392,1061,684.64,82.81
新北市,中和區,壽南里,689,549675,798,563,336,985,786.86,98.63
新北市,中和區,文元里,1627,1171122,720,570,366,923,551.38,76.60
新北市,中和區,明德里,1126,851722,756,591,357,951,666.15,88.07
新北市,中和區,信和里,1114,873591,784,576,357,983,713.31,90.96
新北市,中和區,福祥里,1505,1220059,811,599,361,1003,768.50,94.80
新北市,中和區,景文里,1106,1108935,1003,667,386,1281,1121.91,111.89
新北市,中和區,錦昌里,700,835388,1193,741,411,1382,2010.67,168.48
新北市,中和區,民安里,1487,1143429,769,585,360,999,643.51,83.69
新北市,中和區,安穗里,1378,1168889,848,607,377,1041,980.78,115.62
新北市,中和區,明穗里,1537,1297870,844,618,371,1033,823.30,97.50
新北市,中和區,自強里,1548,1158443,748,569,353,944,614.24,82.08
新北市,中和區,正行里,1004,901552,898,641,395,1102,1175.96,130.96
新北市,中和區,德行里,2287,2591269,1133,792,442,1427,1198.15,105.75
新北市,中和區,安順里,1475,1448086,982,679,386,1199,1159.89,118.14
新北市,中和區,宜安里,635,578858,912,630,371,1154,974.01,106.85
新北市,中和區,秀義里,800,725622,907,662,404,1118,875.08,96.48
新北市,中和區,秀士里,690,625069,906,653,393,1212,786.63,86.83
新北市,中和區,興南里,912,709847,778,544,354,960,833.04,107.03
新北市,中和區,景本里,595,467834,786,572,369,998,729.69,92.80
新北市,中和區,中興里,2261,2403446,1063,770,435,1334,1387.76,130.55
新北市,中和區,吉興里,1020,976489,957,707,418,1273,878.47,91.76
新北市,中和區,福南里,1281,1071918,837,598,371,1000,1017.47,121.59
新北市,中和區,正南里,953,659665,692,541,359,857,558.31,80.66
新北市,中和區,錦盛里,1123,802149,714,554,371,914,556.74,77.94
新北市,中和區,中山里,864,733807,849,633,397,1054,795.73,93.69
新北市,中和區,冠穗里,1098,956097,871,587,360,1033,1683.72,193.36
新北市,中和區,嘉慶里,1212,908801,750,576,351,945,647.52,86.35
新北市,中和區,錦中里,1150,940658,818,561,351,1019,836.85,102.31
新北市,中和區,員富里,1001,750092,749,584,356,943,652.42,87.07
新北市,中和區,民有里,849,642747,757,557,366,905,688.15,90.90
新北市,中和區,碧河里,1333,1279561,960,661,388,1194,1090.76,113.63
新北市,中和區,國華里,994,796757,802,603,385,1051,664.09,82.85
新北市,土城區,埤塘里,1047,760955,727,555,342,909,641.34,88.24
新北市,土城區,土城里,581,444017,764,524,314,930,900.21,117.79
新北市,土城區,員林里,1776,1454679,819,584,357,1014,868.52,106.04
新北市,土城區,貨饒里,1245,903393,726,564,360,875,630.96,86.96
新北市,土城區,柑林里,982,925346,942,696,398,1236,870.08,92.34
新北市,土城區,埤林里,2737,2520526,921,670,383,1177,871.47,94.63
新北市,土城區,峰廷里,2014,1376590,684,535,349,862,573.47,83.90
新北市,土城區,廷寮里,1294,996832,770,589,371,965,843.30,109.47
新北市,土城區,清水里,2287,1661668,727,548,356,907,623.14,85.76
新北市,土城區,清化里,428,330036,771,535,350,899,1246.45,161.64
新北市,土城區,大安里,1444,1125279,779,542,333,931,912.07,117.04
新北市,土城區,永寧里,2403,1843195,767,567,359,958,709.32,92.48
新北市,土城區,祖田里,431,269529,625,503,345,799,448.34,71.69
新北市,土城區,頂埔里,1441,1126444,782,555,355,913,1083.20,138.57
新北市,土城區,沛陂里,1358,1100731,811,581,359,933,1760.93,217.25
新北市,土城區,頂新里,883,861122,975,771,414,1224,873.82,89.60
新北市,土城區,長風里,652,587529,901,625,381,1176,1005.65,111.60
新北市,土城區,頂福里,1397,954417,683,535,352,846,655.20,95.90
新北市,土城區,員仁里,1663,1117951,672,503,326,818,867.56,129.05
新北市,土城區,日新里,1355,981941,725,550,353,943,629.48,86.86
新北市,土城區,瑞興里,886,663922,749,575,364,961,605.76,80.84
新北市,土城區,清溪里,1895,1643238,867,618,368,1055,1337.60,154.25
新北市,土城區,清和里,1663,1089948,655,515,342,806,538.63,82.18
新北市,土城區,永豐里,1309,1220365,932,623,384,1152,964.29,103.43
新北市,土城區,日和里,1659,1236117,745,549,346,924,672.75,90.29
新北市,土城區,平和里,1979,1434932,725,545,353,871,809.56,111.65
新北市,土城區,樂利里,1609,1182359,735,560,359,930,614.61,83.64
新北市,土城區,廣福里,1758,1613815,918,630,365,1190,1087.23,118.44
新北市,土城區,學府里,1088,838158,770,555,364,931,757.43,98.32
新北市,土城區,延壽里,1255,883042,704,546,366,856,593.62,84.37
新北市,土城區,安和里,1354,985408,728,577,371,933,544.88,74.87
新北市,土城區,青雲里,818,642314,785,586,355,941,733.06,93.36
新北市,土城區,員福里,1648,1232466,748,546,341,904,747.06,99.89
新北市,土城區,延吉里,1079,703096,652,503,338,802,582.77,89.43
新北市,土城區,復興里,1387,1119889,807,567,363,951,754.05,93.39
新北市,土城區,裕生里,1694,1344892,794,589,369,1018,701.03,88.30
新北市,土城區,員信里,1298,1004999,774,578,367,924,877.87,113.38
新北市,土城區,延和里,1880,1488371,792,596,373,964,740.49,93.53
新北市,土城區,學成里,1013,816347,806,583,364,969,1182.66,146.76
新北市,土城區,永富里,1406,937836,667,534,344,814,526.25,78.90
新北市,土城區,中正里,949,784877,827,615,371,1083,745.34,90.12
新北市,土城區,學士里,1457,1509773,1036,730,413,1326,997.05,96.22
新北市,土城區,明德里,1919,2036387,1061,746,412,1358,1168.81,110.14
新北市,土城區,廣興里,1100,927379,843,609,358,1074,909.25,107.85
新北市,土城區,青山里,835,623779,747,551,352,862,1197.76,160.33
新北市,土城區,金城里,1746,1474612,845,633,381,1083,927.83,109.86
新北市,土城區,延祿里,1089,769973,707,563,374,879,535.87,75.79
新北市,瑞芳區,龍潭里,255,211854,831,570,322,965,1077.43,129.69
新北市,瑞芳區,龍鎮里,367,256831,700,531,327,858,647.78,92.57
新北市,瑞芳區,龍山里,389,243617,626,506,305,805,517.58,82.65
新北市,瑞芳區,龍川里,505,331895,657,518,320,825,541.20,82.35
新北市,瑞芳區,龍安里,182,128164,704,498,335,856,600.71,85.30
新北市,瑞芳區,柑坪里,285,179344,629,513,326,752,504.17,80.12
新北市,瑞芳區,爪峰里,1125,738894,657,518,347,827,537.31,81.81
新北市,瑞芳區,基山里,89,57535,646,516,316,755,550.40,85.14
新北市,瑞芳區,永慶里,84,56370,671,461,285,659,774.85,115.46
新北市,瑞芳區,崇文里,75,57477,766,528,349,918,1006.49,131.33
新北市,瑞芳區,福住里,35,21163,605,536,236,755,482.85,79.86
新北市,瑞芳區,頌德里,82,49186,600,524,288,804,455.81,75.99
新北市,瑞芳區,瓜山里,49,41416,845,497,321,952,1231.64,145.72
新北市,瑞芳區,石山里,78,67559,866,639,346,1125,713.93,82.43
新北市,瑞芳區,新山里,73,45447,623,499,350,851,439.63,70.62
新北市,瑞芳區,銅山里,43,27398,637,465,314,702,632.79,99.31
新北市,瑞芳區,龍興里,665,560301,843,616,377,1074,768.31,91.19
新北市,瑞芳區,濓洞里,125,85107,681,481,306,994,578.88,85.02
新北市,瑞芳區,吉慶里,517,319417,618,485,326,789,524.59,84.91
新北市,瑞芳區,傑魚里,571,346747,607,481,323,733,524.12,86.31
新北市,瑞芳區,上天里,387,225287,582,486,350,710,394.75,67.81
新北市,瑞芳區,猴硐里,110,62648,570,423,289,659,525.94,92.35
新北市,瑞芳區,光復里,61,33879,555,511,317,769,301.20,54.23
新北市,瑞芳區,弓橋里,81,47098,581,457,300,707,452.49,77.82
新北市,瑞芳區,碩仁里,39,18493,474,399,298,606,368.12,77.63
新北市,瑞芳區,海濱里,282,182736,648,549,313,858,508.56,78.48
新北市,瑞芳區,深澳里,237,142606,602,512,330,803,389.75,64.77
新北市,瑞芳區,鼻頭里,150,98964,660,505,305,718,812.22,123.11
新北市,瑞芳區,南雅里,56,33071,591,418,227,680,826.05,139.88
新北市,瑞芳區,吉安里,852,563864,662,550,337,831,556.88,84.14
新北市,瑞芳區,濓新里,62,35533,573,406,251,764,520.99,90.91
新北市,瑞芳區,瑞濱里,512,337710,660,504,312,843,512.63,77.72
新北市,瑞芳區,東和里,433,284165,656,516,350,819,519.90,79.22
新北市,瑞芳區,新峰里,858,597476,696,533,351,864,647.78,93.02
新北市,平溪區,薯榔里,87,47669,548,475,308,648,396.84,72.43
新北市,平溪區,白石里,63,32880,522,467,308,624,345.30,66.16
新北市,平溪區,菁桐里,63,40998,651,518,282,784,560.00,86.05
新北市,平溪區,平溪里,69,42778,620,493,320,765,450.45,72.66
新北市,平溪區,石底里,95,68276,719,532,335,808,661.28,92.01
新北市,平溪區,嶺腳里,155,98320,634,521,313,782,508.97,80.24
新北市,平溪區,東勢里,85,67248,791,582,384,1000,870.38,110.01
新北市,平溪區,平湖里,32,18430,576,455,351,626,354.55,61.56
新北市,平溪區,南山里,82,47787,583,488,305,701,492.28,84.47
新北市,平溪區,新寮里,20,13013,651,519,341,804,482.34,74.13
新北市,平溪區,十分里,161,117579,730,551,325,937,755.14,103.40
新北市,平溪區,望古里,38,24665,649,543,374,771,410.71,63.27
新北市,雙溪區,雙溪里,121,129521,1070,521,322,847,5005.24,467.60
新北市,雙溪區,共和里,107,68534,641,498,311,736,555.83,86.78
新北市,雙溪區,新基里,188,133973,713,539,285,825,738.73,103.66
新北市,雙溪區,魚行里,185,131314,710,519,323,913,572.46,80.65
新北市,雙溪區,三港里,110,84802,771,625,391,1016,571.73,74.16
新北市,雙溪區,牡丹里,403,272642,677,514,303,839,590.58,87.30
新北市,雙溪區,三貂里,71,101298,1427,509,361,947,5918.14,414.80
新北市,雙溪區,平林里,255,188269,738,538,345,924,672.65,91.11
新北市,雙溪區,上林里,134,91064,680,547,339,794,613.62,90.29
新北市,雙溪區,外柑里,93,58448,628,521,327,701,502.12,79.90
新北市,雙溪區,長源里,69,50816,736,522,372,758,739.65,100.43
新北市,雙溪區,泰平里,245,177810,726,561,316,861,734.09,101.15
新北市,貢寮區,貢寮里,205,133188,650,513,350,790,481.21,74.07
新北市,貢寮區,雙玉里,147,110435,751,550,390,888,680.47,90.58
新北市,貢寮區,龍崗里,96,59449,619,499,289,754,499.66,80.69
新北市,貢寮區,吉林里,96,60890,634,493,353,755,533.35,84.09
新北市,貢寮區,龍門里,144,96679,671,484,345,761,788.52,117.45
新北市,貢寮區,福隆里,346,221185,639,480,306,736,598.00,93.55
新北市,貢寮區,福連里,166,103950,626,521,314,799,501.15,80.03
新北市,貢寮區,仁里里,438,308376,704,519,315,914,673.25,95.62
新北市,貢寮區,真理里,451,279937,621,435,285,771,576.32,92.85
新北市,貢寮區,美豐里,153,87550,572,500,304,795,375.72,65.66
新北市,貢寮區,和美里,202,120443,596,481,325,718,453.00,75.97
新北市,金山區,和平里,118,94974,805,525,360,1063,940.71,116.88
新北市,金山區,大同里,175,124688,713,543,324,862,640.26,89.86
新北市,金山區,豐漁里,112,65382,584,444,212,750,518.77,88.87
新北市,金山區,磺港里,359,213629,595,464,287,683,557.58,93.70
新北市,金山區,美田里,1169,804800,688,525,311,904,593.60,86.22
新北市,金山區,五湖里,493,352503,715,506,313,840,1170.60,163.72
新北市,金山區,重和里,359,296095,825,485,280,912,1200.97,145.61
新北市,金山區,兩湖里,87,56730,652,494,274,759,608.35,93.30
新北市,金山區,六股里,155,110624,714,506,319,829,730.15,102.31
新北市,金山區,三界里,139,83920,604,474,296,732,513.14,84.99
新北市,金山區,清泉里,198,125967,636,496,303,768,565.02,88.81
新北市,金山區,西湖里,57,42513,746,537,268,1140,656.83,88.07
新北市,金山區,萬壽里,86,53885,627,560,339,810,404.67,64.59
新北市,金山區,永興里,137,84812,619,487,316,764,562.16,90.81
新北市,金山區,金美里,1405,897304,639,486,303,810,554.48,86.82
新北市,萬里區,萬里里,1193,781543,655,513,303,823,559.70,85.44
新北市,萬里區,龜吼里,534,397944,745,511,310,895,871.02,116.88
新北市,萬里區,野柳里,657,446902,680,529,343,841,601.88,88.48
新北市,萬里區,大鵬里,689,446894,649,512,307,839,594.47,91.65
新北市,萬里區,磺潭里,147,94714,644,496,339,772,475.99,73.88
新北市,萬里區,雙興里,207,180849,874,530,331,875,2333.02,267.04
新北市,萬里區,溪底里,153,104370,682,559,307,876,549.25,80.52
新北市,萬里區,崁脚里,114,80795,709,533,334,824,727.61,102.66
新北市,萬里區,中幅里,259,166553,643,507,347,829,505.88,78.67
新北市,萬里區,北基里,634,374743,591,466,296,716,518.12,87.66
新北市,淡水區,草東里,245,212322,867,592,304,995,911.11,105.13
新北市,淡水區,長庚里,481,400335,832,558,302,994,948.82,114.00
新北市,淡水區,清文里,321,249284,777,511,304,900,1105.40,142.34
新北市,淡水區,鄧公里,2174,3656319,1682,738,418,1318,27062.14,1609.08
新北市,淡水區,永吉里,279,205807,738,527,323,969,634.34,85.99
新北市,淡水區,協元里,435,310290,713,539,332,938,630.19,88.35
新北市,淡水區,民安里,223,201259,903,533,286,951,1464.47,162.27
新北市,淡水區,新生里,171,128387,751,561,365,946,598.94,79.77
新北市,淡水區,文化里,545,467487,858,623,326,1124,786.19,91.66
新北市,淡水區,油車里,1640,1368349,834,590,352,1029,894.21,107.17
新北市,淡水區,沙崙里,1170,928976,794,561,343,946,808.29,101.80
新北市,淡水區,水碓里,1771,1387551,783,568,330,1009,801.12,102.25
新北市,淡水區,北投里,3091,3061416,990,746,416,1289,999.77,100.94
新北市,淡水區,崁頂里,3079,3242960,1053,743,419,1312,1504.77,142.87
新北市,淡水區,屯山里,299,203654,681,508,321,855,679.30,99.73
新北市,淡水區,中和里,157,103427,659,529,342,804,554.30,84.14
新北市,淡水區,水源里,569,456299,802,560,338,973,1102.14,137.44
新北市,淡水區,忠寮里,300,238332,794,540,333,831,969.14,121.99
新北市,淡水區,樹興里,398,480056,1206,627,345,1178,3359.52,278.53
新北市,淡水區,埤島里,458,382951,836,575,312,977,950.07,113.63
新北市,淡水區,興仁里,468,489895,1047,557,308,943,6079.52,580.78
新北市,淡水區,義山里,758,510449,673,512,317,767,728.44,108.17
新北市,淡水區,蕃薯里,277,221547,800,556,318,927,1165.84,145.77
新北市,淡水區,忠山里,237,173677,733,544,329,921,683.28,93.24
新北市,淡水區,賢孝里,408,389241,954,546,349,932,2980.88,312.45
新北市,淡水區,竿蓁里,3682,4008910,1089,751,401,1325,1551.25,142.47
新北市,淡水區,坪頂里,457,457993,1002,612,319,1230,1580.47,157.70
新北市,淡水區,八勢里,2026,2916340,1439,818,402,1476,5827.94,404.87
新北市,淡水區,竹圍里,2153,2154633,1001,674,380,1251,1307.90,130.69
新北市,淡水區,中興里,1148,878840,766,545,325,930,945.46,123.50
新北市,淡水區,福德里,2384,2914775,1223,808,427,1436,2076.75,169.86
新北市,淡水區,民生里,2434,2334964,959,648,380,1189,1382.86,144.15
新北市,淡水區,新興里,2367,1972733,833,623,372,1088,738.61,88.62
新北市,淡水區,新義里,1200,873787,728,555,331,894,767.35,105.38
新北市,淡水區,新春里,2310,2178729,943,681,392,1211,1107.59,117.43
新北市,淡水區,新民里,1451,1456087,1004,652,352,1249,1522.79,151.75
新北市,淡水區,正德里,1405,1235250,879,655,374,1144,814.96,92.70
新北市,淡水區,北新里,902,906890,1005,711,412,1413,944.85,93.98
新北市,淡水區,幸福里,1193,958564,803,613,352,1009,803.95,100.06
新北市,淡水區,學府里,1339,1051552,785,576,340,1013,734.75,93.56
新北市,淡水區,民權里,1437,1496256,1041,687,387,1285,1238.00,118.90
新北市,淡水區,大庄里,1853,1756204,948,654,377,1158,1199.90,126.60
新北市,汐止區,仁德里,535,394767,738,556,371,870,693.76,94.02
新北市,汐止區,義民里,424,335441,791,565,361,963,788.19,99.63
新北市,汐止區,禮門里,295,228488,775,548,330,932,885.17,114.28
新北市,汐止區,智慧里,1505,1573087,1045,718,398,1297,1175.96,112.51
新北市,汐止區,信望里,105,128406,1223,666,367,1085,4196.85,343.18
新北市,汐止區,橋東里,919,776757,845,612,376,1039,863.67,102.18
新北市,汐止區,茄苳里,1343,987183,735,580,374,933,600.78,81.73
新北市,汐止區,保安里,498,348454,700,527,344,816,813.34,116.24
新北市,汐止區,保長里,1293,1000581,774,617,381,999,600.10,77.55
新北市,汐止區,鄉長里,711,525234,739,558,367,879,634.33,85.87
新北市,汐止區,江北里,1848,1412353,764,561,357,923,729.24,95.42
新北市,汐止區,烘內里,463,402805,870,604,355,1037,1117.35,128.43
新北市,汐止區,拱北里,1374,932931,679,536,347,866,543.44,80.04
新北市,汐止區,樟樹里,670,459143,685,523,357,814,618.05,90.19
新北市,汐止區,北峰里,1394,956920,686,529,344,857,583.73,85.04
新北市,汐止區,北山里,1854,1629278,879,609,372,1022,1002.16,114.04
新北市,汐止區,八連里,297,184698,622,498,323,830,470.31,75.63
新北市,汐止區,白雲里,1280,1294202,1011,721,423,1235,1025.34,101.41
新北市,汐止區,橫科里,1397,1168317,836,606,368,1075,732.54,87.59
新北市,汐止區,東山里,160,110798,692,517,344,810,638.28,92.17
新北市,汐止區,新昌里,1751,1563308,893,634,374,1118,920.26,103.08
新北市,汐止區,秀峰里,1308,1058531,809,580,360,1037,761.31,94.07
新北市,汐止區,復興里,2537,2965332,1169,800,431,1495,1208.97,103.43
新北市,汐止區,長安里,470,327856,698,542,346,867,573.38,82.20
新北市,汐止區,福山里,1221,1527765,1251,686,403,1388,1919.78,153.43
新北市,汐止區,宜興里,1034,1062512,1028,687,399,1174,1293.63,125.89
新北市,汐止區,中興里,2512,1982363,789,571,359,946,733.34,92.93
新北市,汐止區,湖光里,2050,2207750,1077,733,415,1331,1277.41,118.61
新北市,汐止區,厚德里,2275,1840153,809,612,391,1034,669.18,82.73
新北市,汐止區,忠孝里,2494,2070471,830,594,358,1022,913.64,110.05
新北市,汐止區,文化里,1435,1329403,926,641,393,1151,915.69,98.84
新北市,汐止區,自強里,1673,1646195,984,644,375,1234,1123.75,114.20
新北市,汐止區,金龍里,1592,1308134,822,627,377,1039,714.23,86.92
新北市,汐止區,福德里,1072,827450,772,579,362,973,647.80,83.93
新北市,汐止區,興福里,984,827662,841,625,391,1072,717.51,85.30
新北市,汐止區,康福里,1854,1783015,962,697,412,1203,1322.62,137.53
新北市,汐止區,忠山里,1294,1944461,1503,868,439,1768,2257.14,150.21
新北市,汐止區,環河里,455,330283,726,548,343,816,709.46,97.74
新北市,汐止區,東勢里,1480,2083227,1408,849,450,1738,1840.55,130.76
新北市,汐止區,山光里,767,607266,792,608,392,961,668.62,84.45
新北市,汐止區,大同里,889,755153,849,593,356,1079,925.57,108.96
新北市,汐止區,崇德里,1561,1408101,902,655,399,1141,866.79,96.09
新北市,汐止區,湖興里,2209,2516706,1139,736,415,1343,1480.76,129.97
新北市,汐止區,長青里,353,519019,1470,718,388,1734,1913.40,130.14
新北市,汐止區,福安里,1917,2154907,1124,816,467,1470,1202.49,106.97
新北市,汐止區,秀山里,1414,1690218,1195,689,383,1313,2260.15,189.08
新北市,汐止區,建成里,1743,1682107,965,743,443,1279,858.98,89.01
新北市,汐止區,城中里,1521,1469278,966,724,428,1269,852.18,88.22
新北市,汐止區,湖蓮里,1015,1352741,1333,964,445,1666,1484.20,111.36
新北市,汐止區,保新里,893,643868,721,566,375,907,573.63,79.56
新北市,三芝區,八賢里,92,55405,602,468,228,807,542.07,90.01
新北市,三芝區,埔頭里,1404,850103,605,485,296,775,509.02,84.07
新北市,三芝區,古庄里,297,188555,635,479,292,845,554.78,87.39
新北市,三芝區,新庄里,207,124111,600,471,299,785,484.71,80.84
新北市,三芝區,埔坪里,1775,1135854,640,484,312,779,654.74,102.32
新北市,三芝區,茂長里,172,115895,674,546,291,887,541.36,80.34
新北市,三芝區,橫山里,111,69602,627,513,285,851,479.43,76.46
新北市,三芝區,錫板里,205,142716,696,537,314,852,687.04,98.69
新北市,三芝區,後厝里,668,548150,821,526,316,901,1448.63,176.54
新北市,三芝區,福德里,210,197672,941,653,363,1089,1129.96,120.04
新北市,三芝區,圓山里,122,114287,937,531,312,892,2754.07,293.99
新北市,三芝區,店子里,165,111273,674,534,311,853,626.96,92.97
新北市,三芝區,興華里,336,259150,771,518,311,834,1199.20,155.48
新北市,石門區,德茂里,243,139299,573,440,288,680,542.12,94.57
新北市,石門區,富基里,351,235263,670,522,297,843,660.56,98.55
新北市,石門區,老梅里,571,462907,811,452,274,831,4581.21,565.10
新北市,石門區,山溪里,215,134363,625,487,316,762,542.19,86.76
新北市,石門區,石門里,439,300473,684,514,313,842,572.96,83.71
新北市,石門區,尖鹿里,417,264948,635,477,299,785,637.71,100.37
新北市,石門區,乾華里,78,44953,576,439,288,758,448.25,77.78
新北市,石門區,茂林里,227,175185,772,585,383,1130,563.41,73.01
新北市,石門區,草里里,220,126327,574,462,280,724,442.73,77.10
新北市,八里區,龍源里,2165,1957476,904,581,351,1047,1413.61,156.35
新北市,八里區,米倉里,952,862929,906,584,335,990,2052.96,226.49
新北市,八里區,大崁里,827,696556,842,571,338,957,1194.47,141.82
新北市,八里區,埤頭里,1019,760532,746,546,354,924,797.93,106.91
新北市,八里區,頂罟里,525,393530,750,568,360,900,676.87,90.30
新北市,八里區,舊城里,1903,1328389,698,548,346,894,566.17,81.11
新北市,八里區,訊塘里,1093,811911,743,573,350,931,696.22,93.73
新北市,八里區,荖阡里,436,316335,726,511,331,908,692.07,95.39
新北市,八里區,下罟里,384,326176,849,512,317,833,3303.62,388.93
新北市,八里區,長坑里,383,272599,712,521,331,870,761.20,106.95
新北市,永和區,下溪里,1198,1197236,999,692,398,1168,1225.34,122.61
新北市,永和區,中溪里,1619,1586262,980,656,391,1260,1117.64,114.07
新北市,永和區,上溪里,669,642007,960,682,381,1238,936.07,97.54
新北市,永和區,後溪里,625,652862,1045,720,400,1339,1038.47,99.41
新北市,永和區,頂溪里,836,871284,1042,700,397,1322,1259.65,120.86
新北市,永和區,網溪里,349,328397,941,662,374,1219,961.17,102.15
新北市,永和區,復興里,800,751160,939,678,389,1209,921.95,98.19
新北市,永和區,竹林里,1225,1143787,934,640,377,1165,908.61,97.31
新北市,永和區,中興里,926,945075,1021,679,380,1210,1208.62,118.42
新北市,永和區,店街里,1451,1850690,1275,747,402,1434,3713.07,291.12
新北市,永和區,潭墘里,1490,1727226,1159,768,401,1471,2001.09,172.63
新北市,永和區,水源里,1327,1306423,984,708,398,1242,982.81,99.83
新北市,永和區,秀朗里,1243,1076304,866,629,386,1041,1028.78,118.81
新北市,永和區,大同里,239,172132,720,571,362,896,644.02,89.42
新北市,永和區,永成里,230,179963,782,576,347,844,765.04,97.78
新北市,永和區,福和里,1875,2058908,1098,736,397,1386,1280.16,116.58
新北市,永和區,豫溪里,1198,1167458,975,661,370,1257,1005.44,103.17
新北市,永和區,上林里,1104,1123934,1018,695,394,1266,1092.27,107.29
新北市,永和區,新里,719,671684,934,692,378,1196,840.70,89.99
新北市,永和區,和平里,1589,1676544,1055,663,367,1268,2133.43,202.20
新北市,永和區,仁愛里,890,859887,966,655,357,1201,948.14,98.13
新北市,永和區,前溪里,708,719000,1016,691,391,1223,1084.90,106.83
新北市,永和區,永興里,1018,921460,905,657,369,1113,893.09,98.67
新北市,永和區,永安里,1396,1682771,1205,793,420,1516,1378.33,114.34
新北市,永和區,雙和里,1342,1338246,997,716,396,1310,1025.04,102.79
新北市,永和區,得和里,1506,1585830,1053,722,407,1332,1200.83,114.04
新北市,永和區,大新里,923,980404,1062,742,390,1381,1189.74,112.01
新北市,永和區,桂林里,1139,1111890,976,660,383,1203,1006.13,103.07
新北市,永和區,勵行里,395,351465,890,646,379,1135,828.33,93.09
新北市,永和區,光復里,547,490650,897,639,354,1118,896.58,99.96
新北市,永和區,光明里,1014,1044829,1030,713,399,1322,1075.96,104.42
新北市,永和區,信義里,946,1014965,1073,689,389,1268,1704.51,158.87
新北市,永和區,正興里,785,795643,1014,672,383,1254,1193.70,117.77
新北市,永和區,忠義里,185,141058,762,574,343,962,660.22,86.59
新北市,永和區,新生里,210,164191,782,627,389,1027,590.64,75.54
新北市,永和區,河堤里,1072,1300525,1213,832,461,1477,1332.94,109.87
新北市,永和區,民治里,945,946938,1002,645,375,1090,4011.53,400.33
新北市,永和區,智光里,991,782955,790,611,356,1017,650.87,82.38
新北市,永和區,秀和里,1663,1889624,1136,700,405,1349,2300.33,202.45
新北市,永和區,潭安里,1553,1560623,1005,724,394,1260,1308.46,130.21
新北市,永和區,永貞里,1142,1116730,978,668,394,1179,1375.56,140.67
新北市,永和區,福林里,1046,934020,893,632,355,1132,844.93,94.62
新北市,永和區,安和里,1337,1366448,1022,693,376,1285,1085.35,106.20
新北市,永和區,文化里,856,849709,993,677,358,1265,1171.91,118.06
新北市,永和區,民權里,1465,1568218,1070,703,388,1267,2104.89,196.64
新北市,永和區,民生里,1215,1114728,917,621,367,1150,1211.36,132.03
新北市,永和區,永福里,943,1051908,1115,685,385,1284,2560.08,229.50
新北市,永和區,河濱里,1041,1120331,1076,680,407,1277,1591.57,147.89
新北市,永和區,永元里,1592,1510039,949,676,396,1209,914.27,96.39
新北市,永和區,秀成里,886,778554,879,643,373,1110,844.06,96.05
新北市,永和區,秀林里,1144,1030402,901,622,381,1158,894.71,99.34
新北市,永和區,秀得里,884,829809,939,675,391,1098,1075.19,114.54
新北市,永和區,民族里,1466,1603170,1094,694,415,1300,1573.98,143.93
新北市,永和區,民本里,1303,1457005,1118,748,430,1395,1161.51,103.87
新北市,永和區,民樂里,1605,2000995,1247,776,430,1432,1888.96,151.51
新北市,永和區,協和里,842,762058,905,628,374,1158,913.53,100.94
新北市,永和區,保平里,1576,1632030,1036,685,376,1256,1481.30,143.04
新北市,永和區,保安里,2452,3868712,1578,809,428,1509,17509.79,1109.78
新北市,永和區,民富里,899,794610,884,656,402,1157,770.09,87.13
新北市,永和區,秀元里,972,912857,939,680,389,1156,923.05,98.29
新北市,永和區,永樂里,788,767987,975,671,403,1201,999.10,102.51
新北市,永和區,保順里,3431,4393564,1281,878,462,1661,1559.88,121.81
宜蘭縣,宜蘭市,南門里,402,299969,746,560,331,956,678.88,90.98
宜蘭縣,宜蘭市,建軍里,528,437401,828,606,361,1067,723.17,87.30
宜蘭縣,宜蘭市,民族里,741,594755,803,604,349,1042,730.62,91.03
宜蘭縣,宜蘭市,思源里,1548,1582214,1022,785,407,1345,928.34,90.83
宜蘭縣,宜蘭市,負郭里,962,791109,822,630,349,1067,727.58,88.47
宜蘭縣,宜蘭市,神農里,938,695610,742,574,327,954,626.37,84.46
宜蘭縣,宜蘭市,民權里,533,442364,830,605,360,1129,721.64,86.95
宜蘭縣,宜蘭市,慈安里,506,330166,653,541,319,846,481.75,73.83
宜蘭縣,宜蘭市,新民里,487,344809,708,544,298,924,621.56,87.79
宜蘭縣,宜蘭市,東門里,272,222178,817,548,326,1009,847.30,103.73
宜蘭縣,宜蘭市,小東里,436,310255,712,534,336,959,568.74,79.92
宜蘭縣,宜蘭市,菜園里,393,274158,698,534,342,899,588.53,84.37
宜蘭縣,宜蘭市,孝廉里,309,239277,774,623,382,1010,635.86,82.11
宜蘭縣,宜蘭市,中山里,273,197952,725,575,338,940,628.26,86.64
宜蘭縣,宜蘭市,北門里,305,206960,679,589,330,880,483.05,71.19
宜蘭縣,宜蘭市,西門里,454,322605,711,550,332,917,599.52,84.37
宜蘭縣,宜蘭市,凱旋里,385,288985,751,551,348,890,797.55,106.25
宜蘭縣,宜蘭市,南津里,566,507763,897,655,350,1217,775.37,86.43
宜蘭縣,宜蘭市,建業里,510,564788,1107,689,368,1462,1124.31,101.52
宜蘭縣,宜蘭市,南橋里,339,303653,896,632,351,1173,820.81,91.64
宜蘭縣,宜蘭市,進士里,715,647623,906,607,364,1042,1280.46,141.37
宜蘭縣,宜蘭市,茭白里,606,454105,749,593,365,979,605.02,80.74
宜蘭縣,宜蘭市,新生里,692,458410,662,529,311,840,591.40,89.28
宜蘭縣,宜蘭市,梅洲里,857,570483,666,511,299,870,655.26,98.44
宜蘭縣,宜蘭市,北津里,622,448811,722,564,328,913,698.96,96.87
宜蘭縣,宜蘭市,東村里,690,596258,864,678,364,1184,670.66,77.61
宜蘭縣,宜蘭市,延平里,979,871544,890,658,383,1181,753.16,84.60
宜蘭縣,宜蘭市,黎明里,590,547412,928,667,417,1108,1225.35,132.07
宜蘭縣,宜蘭市,七張里,372,256229,689,530,314,779,760.60,110.43
宜蘭縣,宜蘭市,復興里,889,719670,810,612,360,1030,868.70,107.31
宜蘭縣,宜蘭市,文化里,1042,893571,858,632,370,1094,756.24,88.19
宜蘭縣,宜蘭市,七結里,845,853568,1010,752,418,1298,1109.54,109.84
宜蘭縣,宜蘭市,大新里,227,173766,765,562,328,874,819.14,107.01
宜蘭縣,宜蘭市,中興里,836,572301,685,539,342,881,518.68,75.77
宜蘭縣,宜蘭市,成功里,1007,870963,865,685,391,1151,684.41,79.13
宜蘭縣,宜蘭市,泰山里,584,411618,705,552,341,864,590.38,83.76
宜蘭縣,宜蘭市,新東里,968,790102,816,603,345,986,945.73,115.87
宜蘭縣,宜蘭市,擺厘里,1023,889421,869,665,411,1096,755.12,86.85
宜蘭縣,頭城鎮,石城里,48,30613,638,493,272,833,577.61,90.57
宜蘭縣,頭城鎮,大里里,113,69802,618,523,338,798,433.58,70.19
宜蘭縣,頭城鎮,大溪里,142,90441,637,522,293,747,671.71,105.46
宜蘭縣,頭城鎮,更新里,239,150296,629,478,288,683,695.78,110.64
宜蘭縣,頭城鎮,合興里,64,38797,606,533,340,686,444.45,73.32
宜蘭縣,頭城鎮,外澳里,160,156144,976,485,317,848,2671.93,273.79
宜蘭縣,頭城鎮,港口里,173,106980,618,430,294,704,630.11,101.90
宜蘭縣,頭城鎮,武營里,385,303432,788,564,337,979,745.62,94.61
宜蘭縣,頭城鎮,城東里,195,131501,674,533,302,861,568.35,84.28
宜蘭縣,頭城鎮,城西里,168,119910,714,510,321,834,743.13,104.12
宜蘭縣,頭城鎮,城南里,179,131554,735,545,348,869,641.07,87.23
宜蘭縣,頭城鎮,城北里,129,95272,739,614,351,999,526.86,71.34
宜蘭縣,頭城鎮,大坑里,301,181839,604,515,326,769,463.89,76.79
宜蘭縣,頭城鎮,竹安里,449,270967,603,489,314,705,507.54,84.10
宜蘭縣,頭城鎮,新建里,534,386192,723,556,342,912,610.83,84.46
宜蘭縣,頭城鎮,拔雅里,521,898840,1725,545,359,860,22546.87,1306.90
宜蘭縣,頭城鎮,福成里,232,155191,669,521,356,758,571.65,85.46
宜蘭縣,頭城鎮,金面里,426,282426,663,544,319,837,522.94,78.88
宜蘭縣,頭城鎮,金盈里,186,131070,705,540,333,859,579.86,82.29
宜蘭縣,頭城鎮,頂埔里,366,240433,657,493,297,784,717.12,109.16
宜蘭縣,頭城鎮,下埔里,221,146436,663,525,326,819,542.14,81.82
宜蘭縣,頭城鎮,中崙里,263,170834,650,534,308,858,518.83,79.87
宜蘭縣,頭城鎮,二城里,293,178568,609,500,296,786,489.48,80.32
宜蘭縣,頭城鎮,龜山里,93,57534,619,537,361,799,417.79,67.53
宜蘭縣,礁溪鄉,大忠村,752,535138,712,556,331,876,630.54,88.61
宜蘭縣,礁溪鄉,大義村,148,92693,626,515,283,836,499.83,79.81
宜蘭縣,礁溪鄉,二龍村,303,209526,692,532,334,934,519.81,75.17
宜蘭縣,礁溪鄉,德陽村,1164,921637,792,581,348,1009,768.59,97.07
宜蘭縣,礁溪鄉,白雲村,419,285270,681,526,298,832,627.15,92.12
宜蘭縣,礁溪鄉,玉石村,566,442629,782,550,318,897,1326.72,169.65
宜蘭縣,礁溪鄉,六結村,413,358245,867,601,357,1092,902.65,104.06
宜蘭縣,礁溪鄉,時潮村,352,241896,687,534,328,821,583.91,84.97
宜蘭縣,礁溪鄉,林美村,267,172525,646,511,323,771,562.39,87.04
宜蘭縣,礁溪鄉,三民村,655,389842,595,495,315,748,445.18,74.80
宜蘭縣,礁溪鄉,玉田村,567,392095,692,537,316,875,553.35,80.02
宜蘭縣,礁溪鄉,白鵝村,205,146008,712,501,328,816,692.77,97.27
宜蘭縣,礁溪鄉,玉光村,269,199741,743,526,320,944,770.27,103.74
宜蘭縣,礁溪鄉,光武村,354,271811,768,572,339,915,794.51,103.48
宜蘭縣,礁溪鄉,匏崙村,178,118585,666,557,350,831,516.83,77.58
宜蘭縣,礁溪鄉,二結村,102,67795,665,536,337,845,566.48,85.23
宜蘭縣,礁溪鄉,吳沙村,693,541435,781,567,353,936,792.29,101.41
宜蘭縣,礁溪鄉,龍潭村,880,577344,656,524,320,846,523.29,79.76
宜蘭縣,壯圍鄉,東港村,175,105368,602,519,328,741,476.25,79.10
宜蘭縣,壯圍鄉,復興村,337,208315,618,538,318,813,416.13,67.32
宜蘭縣,壯圍鄉,吉祥村,666,490073,736,573,337,918,646.82,87.90
宜蘭縣,壯圍鄉,新南村,223,143520,644,516,325,820,468.64,72.82
宜蘭縣,壯圍鄉,美福村,422,297751,706,553,323,903,561.00,79.51
宜蘭縣,壯圍鄉,大福村,406,273282,673,548,333,822,637.38,94.69
宜蘭縣,壯圍鄉,新社村,227,188059,828,536,307,887,1486.97,179.49
宜蘭縣,壯圍鄉,忠孝村,606,415913,686,518,306,859,610.62,88.97
宜蘭縣,壯圍鄉,功勞村,324,255227,788,600,377,1029,649.08,82.40
宜蘭縣,壯圍鄉,永鎮村,149,83747,562,461,279,729,444.62,79.11
宜蘭縣,壯圍鄉,過嶺村,319,207339,650,493,315,762,631.44,97.15
宜蘭縣,壯圍鄉,美城村,538,415653,773,565,339,911,752.51,97.40
宜蘭縣,壯圍鄉,古亭村,406,278813,687,542,306,875,557.62,81.20
宜蘭縣,壯圍鄉,古結村,282,205735,730,577,350,867,637.71,87.41
宜蘭縣,員山鄉,員山村,1667,1379987,828,604,357,988,1628.19,196.68
宜蘭縣,員山鄉,尚德村,581,426766,735,580,354,886,698.37,95.08
宜蘭縣,員山鄉,內城村,352,243626,692,474,294,755,1860.63,268.83
宜蘭縣,員山鄉,惠好村,406,299164,737,593,349,902,606.96,82.37
宜蘭縣,員山鄉,深溝村,481,536620,1116,554,314,928,5437.10,487.36
宜蘭縣,員山鄉,蓁巷村,292,196445,673,488,300,843,1103.33,164.00
宜蘭縣,員山鄉,七賢村,337,259626,770,553,336,875,948.33,123.10
宜蘭縣,員山鄉,永和村,447,288626,646,512,300,795,539.51,83.56
宜蘭縣,員山鄉,枕山村,524,393280,751,545,324,876,885.72,118.01
宜蘭縣,員山鄉,頭分村,376,241717,643,507,317,738,554.56,86.26
宜蘭縣,員山鄉,同樂村,587,368179,627,478,312,811,547.12,87.23
宜蘭縣,員山鄉,湖東村,204,137603,675,508,333,816,623.95,92.50
宜蘭縣,員山鄉,湖西村,274,190738,696,493,302,809,817.59,117.45
宜蘭縣,員山鄉,逸仙村,217,161688,745,542,319,915,714.22,95.85
宜蘭縣,員山鄉,湖北村,251,179725,716,485,290,767,1511.32,211.07
宜蘭縣,員山鄉,中華村,112,83928,749,445,269,732,1714.69,228.82
宜蘭縣,羅東鎮,成功里,478,384474,804,622,344,992,748.28,93.03
宜蘭縣,羅東鎮,北成里,883,829120,939,658,383,1191,935.39,99.62
宜蘭縣,羅東鎮,仁愛里,1166,966853,829,599,358,1033,762.97,92.01
宜蘭縣,羅東鎮,竹林里,941,739607,786,601,357,962,731.73,93.10
宜蘭縣,羅東鎮,賢文里,1172,957009,817,604,341,1006,1054.75,129.17
宜蘭縣,羅東鎮,東安里,1135,865318,762,609,351,978,633.86,83.14
宜蘭縣,羅東鎮,新羣里,812,600656,740,543,343,925,827.76,111.90
宜蘭縣,羅東鎮,羅莊里,976,755341,774,580,342,992,780.34,100.83
宜蘭縣,羅東鎮,仁德里,359,275845,768,555,361,925,834.63,108.62
宜蘭縣,羅東鎮,漢民里,1118,843859,755,555,324,938,719.45,95.32
宜蘭縣,羅東鎮,西安里,866,642509,742,614,350,955,580.06,78.18
宜蘭縣,羅東鎮,信義里,1005,881221,877,654,391,1121,824.26,94.00
宜蘭縣,羅東鎮,公正里,923,774940,840,627,356,1036,872.28,103.89
宜蘭縣,羅東鎮,大新里,434,390371,899,554,334,991,1620.06,180.11
宜蘭縣,羅東鎮,南昌里,727,595622,819,612,369,1004,820.02,100.09
宜蘭縣,羅東鎮,集祥里,305,257745,845,538,286,1003,945.80,111.92
宜蘭縣,羅東鎮,南豪里,412,316476,768,589,332,993,646.78,84.20
宜蘭縣,羅東鎮,樹林里,1256,1167500,930,669,393,1191,834.33,89.76
宜蘭縣,羅東鎮,維揚里,925,764994,827,627,380,1019,801.27,96.89
宜蘭縣,羅東鎮,開明里,378,280663,742,558,339,889,719.30,96.88
宜蘭縣,羅東鎮,中山里,410,278711,680,516,274,838,628.93,92.52
宜蘭縣,羅東鎮,仁和里,254,169685,668,493,279,865,619.16,92.68
宜蘭縣,羅東鎮,國華里,1454,1303218,896,660,373,1128,846.26,94.42
宜蘭縣,五結鄉,五結村,1093,826942,757,593,362,964,601.08,79.45
宜蘭縣,五結鄉,協和村,937,696227,743,560,333,917,701.57,94.42
宜蘭縣,五結鄉,大吉村,1007,686393,682,550,345,873,546.35,80.15
宜蘭縣,五結鄉,福興村,567,430781,760,561,312,963,742.59,97.74
宜蘭縣,五結鄉,三興村,642,478780,746,579,354,936,650.71,87.25
宜蘭縣,五結鄉,鎮安村,779,561705,721,591,379,920,567.79,78.74
宜蘭縣,五結鄉,中興村,413,290910,704,558,323,888,595.51,84.54
宜蘭縣,五結鄉,四結村,813,716539,881,609,381,1081,859.30,97.50
宜蘭縣,五結鄉,上四村,497,343630,691,542,343,912,521.74,75.46
宜蘭縣,五結鄉,二結村,592,487848,824,628,403,1033,788.42,95.67
宜蘭縣,五結鄉,利澤村,562,385346,686,527,333,841,574.79,83.83
宜蘭縣,五結鄉,季新村,702,446625,636,507,320,782,542.13,85.21
宜蘭縣,五結鄉,成興村,848,564318,665,530,338,809,622.38,93.52
宜蘭縣,五結鄉,孝威村,388,253078,652,525,333,817,533.10,81.73
宜蘭縣,五結鄉,錦衆村,331,221749,670,527,300,824,657.61,98.16
宜蘭縣,冬山鄉,南興村,948,769253,811,623,375,1033,644.25,79.40
宜蘭縣,冬山鄉,冬山村,218,159534,732,577,325,950,586.67,80.17
宜蘭縣,冬山鄉,武淵村,356,279955,786,548,338,940,878.45,111.71
宜蘭縣,冬山鄉,珍珠村,492,389668,792,604,364,968,782.59,98.81
宜蘭縣,冬山鄉,三奇村,271,173785,641,545,345,853,452.29,70.53
宜蘭縣,冬山鄉,補城村,319,234733,736,583,333,945,613.34,83.35
宜蘭縣,冬山鄉,大興村,294,208900,711,552,336,835,778.03,109.50
宜蘭縣,冬山鄉,東城村,444,313538,706,589,380,858,577.59,81.79
宜蘭縣,冬山鄉,香和村,967,747675,773,592,353,968,680.96,88.07
宜蘭縣,冬山鄉,安平村,191,117142,613,480,336,723,488.12,79.59
宜蘭縣,冬山鄉,太和村,423,307531,727,579,378,909,561.83,77.28
宜蘭縣,冬山鄉,永美村,987,799270,810,615,370,972,1084.05,133.87
宜蘭縣,冬山鄉,八寶村,259,193245,746,570,370,822,846.38,113.44
宜蘭縣,冬山鄉,丸山村,403,332354,825,564,350,919,1798.91,218.13
宜蘭縣,冬山鄉,中山村,115,74564,648,527,315,802,533.57,82.29
宜蘭縣,冬山鄉,順安村,1495,991773,663,523,330,850,655.63,98.83
宜蘭縣,冬山鄉,清溝村,1172,959458,819,623,365,1041,713.79,87.19
宜蘭縣,冬山鄉,羣英村,1449,1049791,724,560,347,903,614.38,84.80
宜蘭縣,冬山鄉,鹿埔村,651,449312,690,548,349,826,640.19,92.76
宜蘭縣,冬山鄉,得安村,253,172973,684,492,300,786,819.62,119.88
宜蘭縣,冬山鄉,廣興村,751,555445,740,559,346,866,928.76,125.57
宜蘭縣,冬山鄉,廣安村,515,397093,771,605,344,965,692.94,89.87
宜蘭縣,冬山鄉,柯林村,495,397489,803,613,350,1056,730.31,90.95
宜蘭縣,冬山鄉,大進村,166,115129,694,495,312,853,728.33,105.01
宜蘭縣,蘇澳鎮,港邊里,315,228200,724,554,367,882,574.65,79.32
宜蘭縣,蘇澳鎮,永春里,145,89004,614,518,326,776,416.48,67.85
宜蘭縣,蘇澳鎮,東澳里,69,50181,727,507,416,822,587.93,80.84
宜蘭縣,蘇澳鎮,聖湖里,749,520222,695,553,355,851,581.37,83.70
宜蘭縣,蘇澳鎮,新城里,401,266634,665,553,347,843,498.23,74.93
宜蘭縣,蘇澳鎮,隘丁里,789,550240,697,559,372,886,497.22,71.30
宜蘭縣,蘇澳鎮,永榮里,1092,785085,719,588,375,921,537.55,74.77
宜蘭縣,蘇澳鎮,存仁里,237,166550,703,630,359,889,496.36,70.63
宜蘭縣,蘇澳鎮,頂寮里,289,200439,694,550,398,799,583.37,84.11
宜蘭縣,蘇澳鎮,永樂里,117,72755,622,456,333,757,725.55,116.68
宜蘭縣,蘇澳鎮,蘇東里,129,87022,675,568,337,846,541.89,80.33
宜蘭縣,蘇澳鎮,朝陽里,103,67605,656,489,324,683,730.90,111.36
宜蘭縣,蘇澳鎮,南強里,137,89135,651,540,346,766,469.14,72.11
宜蘭縣,蘇澳鎮,南寧里,224,156557,699,542,300,825,661.18,94.60
宜蘭縣,蘇澳鎮,南安里,225,153950,684,528,300,843,615.26,89.92
宜蘭縣,蘇澳鎮,南正里,190,115267,607,525,333,786,442.79,72.99
宜蘭縣,蘇澳鎮,蘇西里,675,505189,748,563,326,925,767.79,102.59
宜蘭縣,蘇澳鎮,蘇南里,133,98162,738,540,367,774,814.76,110.39
宜蘭縣,蘇澳鎮,蘇北里,293,187974,642,504,317,787,541.48,84.40
宜蘭縣,蘇澳鎮,長安里,154,104270,677,549,370,918,446.63,65.96
宜蘭縣,蘇澳鎮,永光里,117,100451,859,504,304,801,1516.09,176.59
宜蘭縣,蘇澳鎮,南興里,268,173235,646,540,320,804,487.47,75.41
宜蘭縣,蘇澳鎮,龍德里,955,621743,651,536,345,808,483.87,74.32
宜蘭縣,蘇澳鎮,南成里,192,121897,635,545,357,743,466.89,73.54
宜蘭縣,蘇澳鎮,南建里,222,148632,670,522,336,754,752.09,112.33
宜蘭縣,蘇澳鎮,聖愛里,784,552473,705,555,347,873,636.37,90.31
宜蘭縣,三星鄉,月眉村,218,152507,700,523,300,852,666.66,95.30
宜蘭縣,三星鄉,人和村,89,70378,791,589,360,915,823.92,104.19
宜蘭縣,三星鄉,義德村,283,218815,773,580,379,915,719.92,93.11
宜蘭縣,三星鄉,雙賢村,118,88411,749,533,271,1030,674.10,89.97
宜蘭縣,三星鄉,集慶村,279,183550,658,513,334,814,540.05,82.09
宜蘭縣,三星鄉,萬德村,134,92485,690,567,326,833,599.74,86.90
宜蘭縣,三星鄉,萬富村,180,151180,840,588,358,985,861.30,102.55
宜蘭縣,三星鄉,貴林村,105,65304,622,511,312,723,483.96,77.81
宜蘭縣,三星鄉,大隱村,1162,811651,698,553,325,862,615.54,88.12
宜蘭縣,三星鄉,行健村,196,144910,739,515,302,912,862.13,116.61
宜蘭縣,三星鄉,拱照村,237,170282,718,548,336,875,717.49,99.86
宜蘭縣,三星鄉,大洲村,424,365003,861,600,368,1064,1404.26,163.12
宜蘭縣,三星鄉,大義村,282,237335,842,514,298,954,1210.63,143.85
宜蘭縣,三星鄉,尾塹村,382,279959,733,621,354,950,519.14,70.84
宜蘭縣,三星鄉,尚武村,193,123209,638,498,322,744,536.98,84.11
宜蘭縣,三星鄉,天山村,115,74776,650,446,299,785,552.92,85.03
宜蘭縣,三星鄉,天福村,135,95521,708,513,283,847,872.84,123.36
宜蘭縣,三星鄉,員山村,48,30595,637,579,321,781,465.63,73.05
宜蘭縣,大同鄉,寒溪村,175,103541,592,501,307,782,444.06,75.05
宜蘭縣,大同鄉,松羅村,105,66747,636,512,358,839,404.52,63.63
宜蘭縣,大同鄉,土場村,1,244,244,244,244,244,0.00,0.00
宜蘭縣,大同鄉,太平村,9,5926,658,409,300,444,643.41,97.72
宜蘭縣,大同鄉,四季村,69,49725,721,610,357,980,527.40,73.18
宜蘭縣,大同鄉,樂水村,39,25822,662,592,375,935,412.76,62.34
宜蘭縣,大同鄉,南山村,38,27880,734,728,479,935,379.41,51.71
宜蘭縣,大同鄉,崙埤村,98,69823,712,653,434,886,400.25,56.18
宜蘭縣,大同鄉,英士村,39,22706,582,413,287,784,495.38,85.09
宜蘭縣,大同鄉,復興村,43,23552,548,446,276,662,455.81,83.22
宜蘭縣,大同鄉,茂安村,29,18863,650,567,416,748,450.52,69.26
宜蘭縣,南澳鄉,南澳村,314,213277,679,578,368,900,451.95,66.54
宜蘭縣,南澳鄉,碧候村,191,104246,546,500,297,709,344.61,63.14
宜蘭縣,南澳鄉,東岳村,108,83315,771,651,361,910,586.68,76.05
宜蘭縣,南澳鄉,武塔村,97,65126,671,572,367,834,476.51,70.97
宜蘭縣,南澳鄉,金岳村,66,37867,574,551,312,716,414.31,72.21
宜蘭縣,南澳鄉,金洋村,91,54767,602,584,361,760,324.13,53.86
宜蘭縣,南澳鄉,澳花村,167,104435,625,549,341,820,402.79,64.41
桃園市,桃園區,文化里,256,311175,1216,663,371,1430,1729.61,142.29
桃園市,桃園區,武陵里,536,581206,1084,654,379,1184,2207.66,203.59
桃園市,桃園區,文昌里,320,313820,981,654,381,1094,1739.68,177.39
桃園市,桃園區,長美里,329,288281,876,579,358,1136,855.21,97.60
桃園市,桃園區,永興里,564,492386,873,596,321,1058,980.88,112.35
桃園市,桃園區,南門里,1928,1784534,926,623,380,1139,1004.76,108.55
桃園市,桃園區,東門里,1042,1046200,1004,619,364,1210,1282.87,127.77
桃園市,桃園區,西門里,507,482924,953,580,346,1187,1203.58,126.36
桃園市,桃園區,北門里,552,443088,803,562,335,964,952.55,118.67
桃園市,桃園區,雲林里,2182,2098696,962,684,401,1235,925.47,96.22
桃園市,桃園區,豐林里,2126,1855785,873,613,381,1077,921.52,105.57
桃園市,桃園區,會稽里,3118,2849934,914,683,403,1158,846.95,92.66
桃園市,桃園區,朝陽里,653,549576,842,608,356,1072,765.28,90.93
桃園市,桃園區,青溪里,1526,1440734,944,615,366,1073,1498.09,158.68
桃園市,桃園區,汴洲里,1524,1268288,832,606,372,1018,913.63,109.78
桃園市,桃園區,東埔里,1419,1187474,837,589,369,1004,1102.53,131.75
桃園市,桃園區,中埔里,773,641112,829,605,367,1065,738.33,89.02
桃園市,桃園區,西埔里,1032,963918,934,650,396,1177,907.51,97.16
桃園市,桃園區,中山里,2170,2229855,1028,707,409,1299,1047.25,101.91
桃園市,桃園區,中正里,1766,1787057,1012,680,399,1270,1098.08,108.51
桃園市,桃園區,龍岡里,1934,1803291,932,707,405,1199,877.18,94.08
桃園市,桃園區,東山里,585,591198,1011,641,354,1085,2242.28,221.88
桃園市,桃園區,南華里,431,391332,908,592,334,1052,1311.38,144.43
桃園市,桃園區,大林里,3635,3300850,908,680,413,1121,1348.34,148.48
桃園市,桃園區,文明里,498,479227,962,676,384,1139,1267.97,131.76
桃園市,桃園區,建國里,1732,1402419,810,597,372,1002,729.27,90.07
桃園市,桃園區,成功里,1520,1685931,1109,681,380,1311,1831.10,165.09
桃園市,桃園區,忠義里,2735,2788350,1020,737,418,1270,1020.02,100.05
桃園市,桃園區,永安里,1421,1173714,826,640,371,1062,705.76,85.44
桃園市,桃園區,玉山里,1684,1545597,918,625,384,1086,1020.53,111.19
桃園市,桃園區,中興里,1797,1686040,938,663,401,1134,943.82,100.59
桃園市,桃園區,西湖里,464,488276,1052,662,366,1188,1690.62,160.66
桃園市,桃園區,福林里,2003,1856796,927,686,404,1151,876.99,94.60
桃園市,桃園區,慈文里,1945,1682187,865,641,396,1116,823.74,95.24
桃園市,桃園區,新埔里,3102,3875152,1249,805,445,1470,1787.20,143.06
桃園市,桃園區,萬壽里,352,277839,789,539,354,977,806.93,102.23
桃園市,桃園區,中成里,1474,1411101,957,642,387,1108,1126.42,117.66
桃園市,桃園區,長安里,1094,960270,878,571,357,979,1930.85,219.98
桃園市,桃園區,光興里,1793,1830906,1021,715,417,1262,1015.93,99.49
桃園市,桃園區,龍山里,1105,829694,751,554,365,899,683.71,91.06
桃園市,桃園區,民生里,542,550974,1017,649,382,1181,1543.32,151.82
桃園市,桃園區,中和里,467,401901,861,548,306,1032,1147.45,133.33
桃園市,桃園區,大豐里,1667,1446219,868,610,378,1050,1353.25,155.98
桃園市,桃園區,福安里,1459,1407371,965,661,390,1160,1621.80,168.13
桃園市,桃園區,三民里,1578,1970819,1249,759,421,1350,1899.04,152.05
桃園市,桃園區,大興里,3604,3596828,998,698,397,1262,1324.51,132.72
桃園市,桃園區,春日里,2085,1747655,838,653,397,1059,717.19,85.56
桃園市,桃園區,信光里,2240,2184571,975,662,391,1187,1273.55,130.59
桃園市,桃園區,中寧里,2205,2614140,1186,855,449,1520,1228.74,103.64
桃園市,桃園區,同安里,2704,3678528,1360,753,399,1533,2487.97,182.88
桃園市,桃園區,莊敬里,2940,4125256,1403,832,430,1639,2147.43,153.04
桃園市,桃園區,文中里,793,703596,887,636,379,1131,803.53,90.56
桃園市,桃園區,泰山里,1359,1357332,999,672,374,1224,1378.75,138.04
桃園市,桃園區,中路里,1379,1251816,908,658,410,1122,851.11,93.76
桃園市,桃園區,中德里,2200,2031935,924,668,400,1147,952.51,103.13
桃園市,桃園區,龍祥里,1580,1523458,964,716,419,1205,1060.23,109.96
桃園市,桃園區,大有里,1816,1789788,986,769,436,1274,889.72,90.27
桃園市,桃園區,寶山里,2682,2452929,915,683,401,1155,932.03,101.91
桃園市,桃園區,龍鳳里,2365,2208541,934,704,408,1212,841.28,90.09
桃園市,桃園區,龍安里,1757,1779712,1013,730,418,1272,930.33,91.85
桃園市,桃園區,自強里,2490,3180848,1277,772,448,1441,4153.09,325.11
桃園市,桃園區,中信里,1990,1878772,944,679,398,1179,915.25,96.94
桃園市,桃園區,長德里,1651,1592796,965,651,390,1151,1046.79,108.50
桃園市,桃園區,中平里,1463,1333663,912,631,380,1141,1046.02,114.75
桃園市,桃園區,中原里,1615,1561333,967,746,417,1253,820.75,84.90
桃園市,桃園區,中泰里,1458,1796406,1232,839,451,1557,1324.05,107.46
桃園市,桃園區,南埔里,1615,1724820,1068,732,410,1352,1299.57,121.68
桃園市,桃園區,寶慶里,2094,2728389,1303,939,488,1612,1579.28,121.21
桃園市,桃園區,北埔里,1569,1663815,1060,751,436,1311,1039.71,98.05
桃園市,桃園區,永和里,1,1263,1263,1263,1263,1263,0.00,0.00
桃園市,桃園區,三元里,1124,1089572,969,703,387,1200,981.59,101.26
桃園市,桃園區,中聖里,1984,2280958,1150,817,425,1470,1103.15,95.95
桃園市,桃園區,龍壽里,1904,1774713,932,727,443,1171,788.22,84.56
桃園市,桃園區,瑞慶里,1856,1874741,1010,732,427,1276,1017.37,100.72
桃園市,桃園區,寶安里,2658,2913104,1096,786,428,1381,1199.81,109.47
桃園市,桃園區,同德里,2114,2908788,1376,960,492,1812,1733.20,125.96
桃園市,桃園區,明德里,1208,2096822,1736,876,448,1842,3121.58,179.84
桃園市,大溪區,興和里,486,372965,767,575,318,974,701.21,91.37
桃園市,大溪區,福仁里,254,186450,734,496,319,862,825.53,112.46
桃園市,大溪區,一心里,1391,1110783,799,583,356,961,739.30,92.58
桃園市,大溪區,月眉里,305,215216,706,532,340,885,600.93,85.16
桃園市,大溪區,康安里,320,225834,706,534,320,869,653.34,92.58
桃園市,大溪區,義和里,412,285898,694,547,344,817,660.60,95.20
桃園市,大溪區,福安里,525,395511,753,531,325,880,748.38,99.34
桃園市,大溪區,美華里,753,506454,673,520,337,783,601.44,89.42
桃園市,大溪區,復興里,164,100588,613,446,322,819,508.65,82.93
桃園市,大溪區,新峰里,126,74657,593,484,296,701,609.04,102.79
桃園市,大溪區,永福里,275,384156,1397,555,333,953,4729.87,338.59
桃園市,大溪區,瑞興里,674,519795,771,546,349,896,1245.69,161.52
桃園市,大溪區,中新里,402,267263,665,526,332,797,612.24,92.09
桃園市,大溪區,仁善里,2259,1948074,862,653,378,1115,769.07,89.18
桃園市,大溪區,南興里,1370,934076,682,538,349,851,577.67,84.73
桃園市,大溪區,員林里,475,386708,814,573,351,1020,770.27,94.61
桃園市,大溪區,瑞源里,1161,1010512,870,640,378,1095,1014.17,116.52
桃園市,大溪區,僑愛里,809,668706,827,636,398,1076,707.30,85.57
桃園市,大溪區,一德里,1467,1047160,714,549,344,888,643.31,90.12
桃園市,大溪區,仁愛里,1502,1195693,796,613,392,1005,664.46,83.47
桃園市,大溪區,仁義里,742,485466,654,522,331,835,517.06,79.03
桃園市,大溪區,仁武里,918,724362,789,589,339,964,827.81,104.91
桃園市,大溪區,光明里,698,516157,739,550,350,938,673.68,91.10
桃園市,大溪區,三元里,881,748140,849,681,404,1113,683.03,80.43
桃園市,大溪區,田心里,1368,1034848,756,569,351,940,764.19,101.02
桃園市,大溪區,仁文里,1074,743751,693,538,345,876,606.18,87.53
桃園市,大溪區,仁和里,1345,1114318,828,635,376,1041,693.91,83.76
桃園市,中壢區,後寮里,1472,1236217,840,638,397,1030,738.52,87.94
桃園市,中壢區,石頭里,612,626088,1023,647,340,1227,1204.98,117.79
桃園市,中壢區,新興里,1276,1176445,922,660,395,1131,927.93,100.65
桃園市,中壢區,仁美里,1850,1666288,901,657,404,1126,862.74,95.79
桃園市,中壢區,普仁里,1258,1112010,884,647,379,1137,813.93,92.08
桃園市,中壢區,普義里,1403,1335243,952,724,423,1220,863.17,90.70
桃園市,中壢區,內壢里,611,516456,845,612,397,997,915.89,108.36
桃園市,中壢區,內定里,2181,1834879,841,645,391,1066,744.57,88.50
桃園市,中壢區,水尾里,1138,1154587,1015,608,377,1052,3761.81,370.78
桃園市,中壢區,青埔里,928,975854,1052,777,445,1293,1140.14,108.42
桃園市,中壢區,新街里,696,704628,1012,641,375,1203,1333.57,131.72
桃園市,中壢區,興南里,1060,1055511,996,667,387,1174,1186.78,119.18
桃園市,中壢區,興國里,657,562848,857,600,345,1055,926.31,108.13
桃園市,中壢區,中壢里,231,187271,811,599,355,982,750.79,92.61
桃園市,中壢區,中榮里,278,313291,1127,613,351,1128,2601.22,230.82
桃園市,中壢區,中建里,384,310194,808,540,328,897,926.12,114.65
桃園市,中壢區,舊明里,498,422427,848,576,313,963,1109.65,130.82
桃園市,中壢區,新明里,1177,994058,845,634,365,1052,866.39,102.58
桃園市,中壢區,三民里,914,790264,865,609,371,1033,931.22,107.70
桃園市,中壢區,五權里,2097,2234959,1066,716,405,1293,1608.48,150.92
桃園市,中壢區,芝芭里,864,875245,1013,692,404,1246,1119.66,110.53
桃園市,中壢區,內厝里,1489,1515404,1018,685,397,1245,1256.70,123.48
桃園市,中壢區,月眉里,1364,1116963,819,609,382,1018,805.59,98.38
桃園市,中壢區,山東里,1018,831447,817,601,384,969,808.63,99.01
桃園市,中壢區,過嶺里,1666,1795478,1078,775,451,1339,1081.39,100.34
桃園市,中壢區,興仁里,1085,886259,817,615,379,1007,845.69,103.53
桃園市,中壢區,中原里,1235,1045310,846,647,381,1109,723.88,85.52
桃園市,中壢區,自立里,1409,1123518,797,620,393,1016,721.18,90.44
桃園市,中壢區,洽溪里,982,1052774,1072,745,432,1422,1011.12,94.31
桃園市,中壢區,中堅里,1132,1051600,929,755,448,1236,703.59,75.74
桃園市,中壢區,永興里,307,242277,789,565,359,898,936.74,118.70
桃園市,中壢區,光明里,1885,2014497,1069,676,400,1318,1808.54,169.23
桃園市,中壢區,中央里,1343,1345331,1002,664,390,1243,1093.52,109.16
桃園市,中壢區,龍岡里,1456,1181021,811,653,399,1063,650.23,80.16
桃園市,中壢區,中正里,1533,1338447,873,635,400,1062,802.91,91.96
桃園市,中壢區,篤行里,835,819505,981,715,416,1221,909.65,92.68
桃園市,中壢區,信義里,1590,1661150,1045,760,454,1310,1243.14,118.99
桃園市,中壢區,忠義里,1237,1183857,957,732,421,1224,930.28,97.20
桃園市,中壢區,忠福里,2562,2310045,902,660,398,1137,880.33,97.63
桃園市,中壢區,東興里,1093,1114196,1019,677,379,1184,2160.79,211.97
桃園市,中壢區,復興里,3169,2927973,924,716,441,1169,781.41,84.57
桃園市,中壢區,自強里,1192,1153759,968,686,397,1208,942.86,97.41
桃園市,中壢區,龍平里,771,607464,788,633,396,1013,624.50,79.26
桃園市,中壢區,成功里,1352,1167935,864,637,410,1061,955.14,110.57
桃園市,中壢區,龍興里,1378,1205639,875,684,408,1135,762.78,87.18
桃園市,中壢區,仁愛里,974,888621,912,646,385,1132,927.12,101.62
桃園市,中壢區,仁德里,911,678342,745,622,383,1010,524.02,70.37
桃園市,中壢區,仁祥里,816,586998,719,577,367,915,586.14,81.48
桃園市,中壢區,龍東里,1420,1143448,805,644,384,1043,671.19,83.35
桃園市,中壢區,龍昌里,1692,1290594,763,600,394,981,572.96,75.12
桃園市,中壢區,文化里,3021,2724821,902,646,400,1123,908.49,100.72
桃園市,中壢區,振興里,1460,1181652,809,609,400,1010,682.28,84.30
桃園市,中壢區,普慶里,848,752691,888,630,392,1104,868.31,97.83
桃園市,中壢區,興和里,923,791600,858,635,384,1035,791.34,92.27
桃園市,中壢區,永光里,1846,1877616,1017,736,429,1271,1087.15,106.88
桃園市,中壢區,復華里,1792,1545449,862,653,404,1084,741.04,85.93
桃園市,中壢區,忠孝里,1589,1627928,1024,725,433,1258,1138.34,111.11
桃園市,中壢區,福德里,873,730217,836,619,380,1095,688.51,82.31
桃園市,中壢區,和平里,841,676599,805,612,406,1004,769.48,95.65
桃園市,中壢區,普忠里,1061,1146404,1080,747,409,1408,1203.33,111.37
桃園市,中壢區,普強里,1285,1235406,961,661,389,1178,1283.63,133.52
桃園市,中壢區,明德里,1685,1542276,915,647,388,1109,872.98,95.38
桃園市,中壢區,至善里,1206,1063844,882,700,402,1108,738.39,83.71
桃園市,中壢區,五福里,1048,845737,807,578,351,1008,757.29,93.84
桃園市,中壢區,龍德里,1352,1309768,969,764,432,1292,796.02,82.17
桃園市,中壢區,正義里,1492,1331275,892,644,386,1108,880.29,98.66
桃園市,中壢區,龍安里,592,464887,785,624,389,927,672.68,85.66
桃園市,中壢區,中山里,1680,1536061,914,692,424,1142,803.58,87.89
桃園市,中壢區,德義里,979,829280,847,612,364,1010,802.62,94.75
桃園市,中壢區,仁義里,1312,1264546,964,691,405,1229,912.57,94.68
桃園市,中壢區,華勛里,869,611600,704,559,365,896,543.53,77.23
桃園市,中壢區,仁福里,1529,1242636,813,628,398,993,831.53,102.32
桃園市,中壢區,幸福里,2000,1684052,842,613,382,1050,798.03,94.77
桃園市,中壢區,永福里,1961,1729661,882,638,381,1096,830.32,94.14
桃園市,中壢區,仁和里,1157,896092,774,652,423,993,522.71,67.49
桃園市,中壢區,華愛里,1087,946974,871,632,397,1117,831.30,95.42
桃園市,中壢區,莊敬里,1104,979428,887,663,392,1101,833.46,93.95
桃園市,中壢區,自治里,1048,950323,907,659,399,1161,877.93,96.82
桃園市,中壢區,健行里,1562,1515005,970,722,409,1268,882.37,90.97
桃園市,中壢區,興平里,806,697235,865,640,361,1118,814.83,94.19
桃園市,中壢區,中興里,1073,971373,905,685,430,1121,786.49,86.88
桃園市,中壢區,龍慈里,1518,1408173,928,721,440,1166,818.91,88.28
桃園市,中壢區,自信里,1852,1811252,978,748,427,1315,797.92,81.59
桃園市,中壢區,林森里,1292,1241847,961,670,390,1191,967.82,100.69
桃園市,中壢區,金華里,1626,2584698,1590,985,484,1975,2017.51,126.92
桃園市,楊梅區,楊梅里,1306,1154882,884,663,378,1167,776.04,87.76
桃園市,楊梅區,楊江里,374,332200,888,638,359,1067,914.70,102.98
桃園市,楊梅區,紅梅里,869,751946,865,607,380,983,2269.54,262.28
桃園市,楊梅區,水美里,1368,1089048,796,620,359,1033,736.08,92.46
桃園市,楊梅區,上田里,861,617471,717,571,349,912,551.65,76.92
桃園市,楊梅區,東流里,870,600251,690,564,354,915,504.24,73.08
桃園市,楊梅區,大平里,1036,814355,786,584,357,925,1009.02,128.37
桃園市,楊梅區,永寧里,2176,1971697,906,699,418,1160,758.39,83.70
桃園市,楊梅區,瑞原里,1267,880640,695,554,359,876,537.91,77.39
桃園市,楊梅區,員本里,807,638360,791,608,395,1023,737.40,93.22
桃園市,楊梅區,富岡里,612,476435,778,619,393,995,609.23,78.26
桃園市,楊梅區,豐野里,1218,951591,781,638,389,1017,573.27,73.38
桃園市,楊梅區,上湖里,1711,1320279,772,598,384,984,627.98,81.38
桃園市,楊梅區,三湖里,858,660968,770,569,378,926,803.40,104.29
桃園市,楊梅區,梅溪里,1267,1113624,879,663,387,1097,783.08,89.09
桃園市,楊梅區,瑞塘里,1565,1230112,786,603,382,1025,685.62,87.23
桃園市,楊梅區,埔心里,477,369968,776,591,351,984,629.75,81.19
桃園市,楊梅區,高山里,1301,1069466,822,654,415,1085,612.54,74.52
桃園市,楊梅區,高榮里,1042,919259,882,614,392,977,1579.42,179.03
桃園市,楊梅區,金龍里,354,263115,743,625,380,947,638.51,85.91
桃園市,楊梅區,四維里,1522,1617720,1063,821,453,1381,966.01,90.88
桃園市,楊梅區,梅新里,700,590371,843,625,363,1067,805.74,95.54
桃園市,楊梅區,仁美里,1338,1034525,773,596,375,960,708.54,91.64
桃園市,楊梅區,光華里,1044,816002,782,573,363,964,733.46,93.84
桃園市,楊梅區,大同里,1160,948433,818,604,378,1018,733.60,89.72
桃園市,楊梅區,中山里,1072,933174,870,641,397,1105,786.94,90.40
桃園市,楊梅區,楊明里,1919,1794025,935,725,428,1169,839.67,89.82
桃園市,楊梅區,金溪里,1370,1984456,1449,856,464,1653,2494.05,172.18
桃園市,楊梅區,裕成里,1111,1064631,958,660,405,1188,1049.25,109.50
桃園市,楊梅區,秀才里,1135,793790,699,564,377,864,514.34,73.54
桃園市,楊梅區,青山里,1170,875558,748,600,382,942,712.63,95.23
桃園市,楊梅區,新榮里,1187,1089220,918,660,399,1105,852.50,92.90
桃園市,楊梅區,雙榮里,1098,1022233,931,721,421,1182,776.23,83.38
桃園市,楊梅區,瑞坪里,1843,1557728,845,654,410,1086,699.96,82.82
桃園市,楊梅區,永平里,610,467225,766,554,356,953,719.59,93.95
桃園市,楊梅區,瑞溪里,1186,1011647,853,689,415,1101,640.23,75.06
桃園市,楊梅區,高上里,862,621567,721,557,352,906,596.79,82.76
桃園市,楊梅區,富豐里,860,642777,747,592,396,953,556.60,74.47
桃園市,楊梅區,裕新里,698,562188,805,591,365,994,733.07,91.02
桃園市,楊梅區,三民里,1093,955595,874,681,405,1128,726.72,83.12
桃園市,楊梅區,頭湖里,880,683909,777,618,402,950,635.84,81.81
桃園市,蘆竹區,新興里,976,798646,818,569,357,964,939.10,114.76
桃園市,蘆竹區,中福里,1188,951267,801,618,392,1006,671.00,83.80
桃園市,蘆竹區,新莊里,1540,1406095,913,657,397,1123,1526.80,167.22
桃園市,蘆竹區,大竹里,1522,1474303,969,700,415,1197,1138.39,117.52
桃園市,蘆竹區,蘆竹里,1288,1166634,906,656,395,1154,858.25,94.75
桃園市,蘆竹區,南崁里,1278,1496522,1171,704,402,1256,1897.75,162.06
桃園市,蘆竹區,錦興里,1399,1335508,955,663,403,1164,986.54,103.34
桃園市,蘆竹區,五福里,984,1077513,1095,733,420,1274,1823.03,166.48
桃園市,蘆竹區,內厝里,780,689401,884,597,375,1017,1363.75,154.30
桃園市,蘆竹區,山鼻里,613,472358,771,554,356,909,898.94,116.66
桃園市,蘆竹區,坑子里,514,387903,755,572,374,910,642.88,85.19
桃園市,蘆竹區,外社里,463,366481,792,591,376,974,798.95,100.94
桃園市,蘆竹區,山腳里,1208,888485,736,563,367,910,620.87,84.41
桃園市,蘆竹區,坑口里,731,587018,803,569,385,953,882.99,109.96
桃園市,蘆竹區,海湖里,1653,1145304,693,552,369,870,564.90,81.53
桃園市,蘆竹區,富竹里,436,365134,837,637,358,1056,755.54,90.22
桃園市,蘆竹區,上竹里,1184,1062870,898,638,389,1074,888.86,99.02
桃園市,蘆竹區,宏竹里,937,745016,795,626,417,998,877.27,110.33
桃園市,蘆竹區,南榮里,1206,1479536,1227,712,395,1214,2860.69,233.18
桃園市,蘆竹區,南興里,2052,2391612,1166,860,462,1528,1073.55,92.11
桃園市,蘆竹區,長興里,913,680787,746,548,367,889,723.77,97.06
桃園市,蘆竹區,錦中里,1155,1179008,1021,682,392,1243,1162.56,113.89
桃園市,蘆竹區,瓦窯里,1021,915621,897,669,387,1168,839.44,93.60
桃園市,蘆竹區,營盤里,1692,1852284,1095,789,447,1409,1093.96,99.93
桃園市,蘆竹區,羊稠里,1718,2505806,1459,958,530,1755,2044.74,140.19
桃園市,蘆竹區,順興里,1284,1506578,1173,911,522,1437,1104.49,94.13
桃園市,蘆竹區,福昌里,1782,1967197,1104,861,496,1446,949.41,86.00
桃園市,蘆竹區,福興里,2718,2846959,1047,813,487,1337,1020.88,97.46
桃園市,蘆竹區,蘆興里,552,593468,1075,715,412,1366,1090.90,101.47
桃園市,蘆竹區,長壽里,1899,2087100,1099,866,478,1442,1003.43,91.30
桃園市,蘆竹區,吉祥里,1304,2064295,1583,1149,552,1975,1965.09,124.13
桃園市,蘆竹區,中山里,1037,1043696,1006,792,453,1293,857.80,85.23
桃園市,蘆竹區,福祿里,1121,1127154,1005,826,452,1313,799.48,79.51
桃園市,蘆竹區,興榮里,998,1052117,1054,797,459,1400,982.95,93.24
桃園市,蘆竹區,中興里,1545,1496409,969,777,466,1210,805.33,83.15
桃園市,蘆竹區,上興里,1184,1274017,1076,757,437,1303,1658.52,154.13
桃園市,蘆竹區,營福里,1099,1049257,955,763,455,1251,744.60,77.99
桃園市,大園區,大園里,1833,1406672,767,585,360,943,733.85,95.63
桃園市,大園區,田心里,1940,1552963,800,605,397,995,752.07,93.95
桃園市,大園區,溪海里,1303,968333,743,590,386,923,678.24,91.26
桃園市,大園區,和平里,443,328973,743,557,343,973,648.48,87.33
桃園市,大園區,橫峰里,2862,2802511,979,667,406,1168,1146.50,117.08
桃園市,大園區,五權里,1498,1192603,796,601,387,982,671.80,84.38
桃園市,大園區,埔心里,1843,1396750,758,575,370,943,706.07,93.16
桃園市,大園區,大海里,426,341268,801,599,398,992,691.46,86.31
桃園市,大園區,三石里,948,767094,809,610,387,1010,688.62,85.10
桃園市,大園區,菓林里,2185,1653599,757,610,391,976,557.15,73.62
桃園市,大園區,竹圍里,1003,741866,740,563,377,931,616.46,83.34
桃園市,大園區,海口里,550,441913,803,625,392,950,721.88,89.84
桃園市,大園區,沙崙里,771,558513,724,556,347,926,645.20,89.07
桃園市,大園區,後厝里,734,587837,801,600,396,958,716.21,89.43
桃園市,大園區,圳頭里,778,601722,773,571,361,933,906.09,117.15
桃園市,大園區,內海里,682,478653,702,558,375,856,580.02,82.64
桃園市,大園區,北港里,778,532874,685,544,374,857,508.75,74.28
桃園市,大園區,南港里,1662,1264277,761,618,400,988,598.70,78.70
桃園市,龜山區,龜山里,2269,1893394,834,620,386,1031,953.43,114.26
桃園市,龜山區,新路里,1767,1361991,771,584,365,940,718.98,93.28
桃園市,龜山區,山頂里,1760,1407612,800,626,407,1006,641.17,80.17
桃園市,龜山區,兔坑里,1212,783130,646,539,338,802,529.58,81.96
桃園市,龜山區,舊路里,693,566592,818,555,355,948,2280.47,278.92
桃園市,龜山區,嶺頂里,1197,858408,717,527,351,853,750.83,104.70
桃園市,龜山區,龍壽里,497,331042,666,511,299,812,735.40,110.41
桃園市,龜山區,楓樹里,1964,1768860,901,654,390,1182,825.14,91.62
桃園市,龜山區,大崗里,1178,960413,815,596,386,998,783.23,96.07
桃園市,龜山區,公西里,346,259787,751,565,330,956,642.41,85.56
桃園市,龜山區,樂善里,1175,890031,757,591,374,956,625.82,82.62
桃園市,龜山區,南上里,634,490474,774,599,371,989,627.88,81.16
桃園市,龜山區,大坑里,557,383327,688,520,341,878,560.08,81.38
桃園市,龜山區,陸光里,1019,814260,799,594,358,1029,696.69,87.19
桃園市,龜山區,精忠里,1969,1753404,891,657,402,1123,868.45,97.52
桃園市,龜山區,山福里,1012,735051,726,560,354,921,635.73,87.53
桃園市,龜山區,山德里,1597,1230332,770,578,352,963,714.98,92.81
桃園市,龜山區,中興里,1507,1188290,789,591,370,989,717.33,90.97
桃園市,龜山區,大同里,1851,1617611,874,619,380,1097,1411.98,161.57
桃園市,龜山區,文化里,2142,2749112,1283,872,489,1571,1651.32,128.66
桃園市,龜山區,南美里,830,714058,860,669,391,1145,707.75,82.27
桃園市,龜山區,幸福里,1399,837192,598,504,346,751,452.43,75.60
桃園市,龜山區,福源里,623,445972,716,573,384,888,567.67,79.30
桃園市,龜山區,龍華里,1028,697233,678,532,333,874,548.16,80.82
桃園市,龜山區,迴龍里,1775,1350754,761,568,358,933,742.63,97.59
桃園市,龜山區,新嶺里,1144,779132,681,532,355,835,595.03,87.37
桃園市,龜山區,大湖里,1944,2177435,1120,837,465,1435,1032.18,92.15
桃園市,龜山區,大華里,2939,3170310,1079,801,449,1407,984.30,91.25
桃園市,龜山區,長庚里,1674,2725492,1628,1173,830,1875,1456.58,89.46
桃園市,龜山區,新興里,624,510724,818,651,407,985,684.97,83.69
桃園市,八德區,興仁里,1696,1399577,825,603,371,990,828.74,100.43
桃園市,八德區,福興里,2063,1777393,862,691,421,1090,685.76,79.60
桃園市,八德區,瑞豐里,912,766007,840,674,418,1058,671.61,79.96
桃園市,八德區,廣興里,1005,713699,710,565,360,892,534.27,75.23
桃園市,八德區,竹園里,999,759055,760,567,368,930,856.89,112.78
桃園市,八德區,霄裡里,565,384049,680,554,369,879,525.93,77.37
桃園市,八德區,茄苳里,907,682720,753,575,375,936,636.96,84.62
桃園市,八德區,白鷺里,947,721312,762,566,360,921,705.64,92.64
桃園市,八德區,大湳里,1262,1079373,855,631,379,1057,1010.89,118.19
桃園市,八德區,大安里,1043,824814,791,577,363,969,942.27,119.15
桃園市,八德區,大興里,1143,997504,873,613,375,1077,938.58,107.55
桃園市,八德區,大福里,1847,1713437,928,675,400,1166,1264.79,136.34
桃園市,八德區,大同里,405,291580,720,533,304,840,812.64,112.87
桃園市,八德區,大忠里,527,378354,718,549,342,894,666.06,92.77
桃園市,八德區,大勇里,1381,1238452,897,608,381,1078,900.07,100.37
桃園市,八德區,大義里,1129,1001789,887,626,384,1096,871.04,98.16
桃園市,八德區,大成里,961,749227,780,580,379,954,702.43,90.10
桃園市,八德區,瑞發里,993,697980,703,538,347,861,652.05,92.77
桃園市,八德區,瑞祥里,1052,754048,717,620,388,930,451.75,63.03
桃園市,八德區,瑞德里,998,691280,693,546,353,902,519.21,74.96
桃園市,八德區,廣隆里,1394,1197190,859,632,382,1074,751.25,87.48
桃園市,八德區,高明里,1202,851282,708,573,376,896,537.20,75.85
桃園市,八德區,大和里,2258,1860230,824,647,400,1053,696.90,84.59
桃園市,八德區,大信里,889,592519,667,536,354,845,503.06,75.48
桃園市,八德區,大華里,839,653977,779,593,368,969,643.38,82.54
桃園市,八德區,大仁里,1391,1032365,742,564,373,910,727.91,98.08
桃園市,八德區,大智里,1265,1219898,964,693,400,1275,863.37,89.53
桃園市,八德區,瑞泰里,1375,1045454,760,583,382,917,711.72,93.61
桃園市,八德區,大昌里,885,602121,680,535,372,853,508.63,74.76
桃園市,八德區,大正里,1460,1285743,881,663,400,1093,772.89,87.76
桃園市,八德區,大強里,997,719520,722,568,372,913,586.14,81.22
桃園市,八德區,大發里,692,495846,717,568,359,907,588.87,82.18
桃園市,八德區,大明里,1207,973710,807,579,374,1005,726.41,90.04
桃園市,八德區,大竹里,473,340714,720,570,368,857,821.60,114.06
桃園市,八德區,大慶里,413,294014,712,592,379,877,563.58,79.17
桃園市,八德區,大千里,677,516605,763,614,382,970,623.87,81.76
桃園市,八德區,大榮里,599,461632,771,578,384,891,664.02,86.16
桃園市,八德區,茄明里,1439,1100667,765,594,378,987,609.90,79.74
桃園市,八德區,高城里,1045,786682,753,610,396,966,560.06,74.40
桃園市,八德區,瑞興里,888,672876,758,573,382,926,644.23,85.02
桃園市,八德區,大愛里,776,702006,905,687,398,1127,1078.42,119.21
桃園市,八德區,大宏里,1108,1066294,962,661,409,1192,959.08,99.66
桃園市,八德區,大漢里,1287,1030186,800,618,387,1021,910.99,113.81
桃園市,八德區,廣德里,905,852946,942,681,406,1128,1204.59,127.81
桃園市,八德區,龍友里,581,412443,710,571,376,888,532.85,75.06
桃園市,八德區,陸光里,1113,749109,673,552,362,842,481.08,71.48
桃園市,八德區,永豐里,918,715588,780,585,364,948,732.35,93.95
桃園市,八德區,大順里,805,550005,683,550,361,884,562.96,82.40
桃園市,龍潭區,黃唐里,1356,1036339,764,587,370,941,689.40,90.20
桃園市,龍潭區,烏林里,1212,842213,695,536,352,873,582.25,83.79
桃園市,龍潭區,八德里,1187,822176,693,549,356,869,557.22,80.45
桃園市,龍潭區,上林里,1321,1068121,809,631,387,1031,671.52,83.05
桃園市,龍潭區,龍潭里,581,467345,804,564,348,952,954.19,118.62
桃園市,龍潭區,九龍里,1077,850898,790,576,371,988,745.56,94.37
桃園市,龍潭區,佳安里,1120,1137226,1015,833,447,1367,766.08,75.45
桃園市,龍潭區,三坑里,388,288019,742,545,343,878,813.05,109.53
桃園市,龍潭區,大平里,625,647900,1037,706,377,1248,1286.45,124.10
桃園市,龍潭區,三林里,968,1049535,1084,715,429,1403,1123.28,103.60
桃園市,龍潭區,高平里,963,720027,748,577,370,935,666.44,89.13
桃園市,龍潭區,高原里,1452,1218784,839,583,364,1005,917.73,109.33
桃園市,龍潭區,三和里,784,1128644,1440,836,430,1860,1934.38,134.37
桃園市,龍潭區,三水里,166,139744,842,592,405,1001,977.28,116.09
桃園市,龍潭區,中興里,1383,1239086,896,593,385,987,2032.20,226.82
桃園市,龍潭區,中正里,1686,1751881,1039,722,431,1320,1124.51,108.22
桃園市,龍潭區,中山里,1611,1500680,932,680,383,1159,942.89,101.22
桃園市,龍潭區,凌雲里,1038,693561,668,539,357,841,519.37,77.73
桃園市,龍潭區,永興里,864,639094,740,556,353,908,705.81,95.42
桃園市,龍潭區,烏樹林里,713,505685,709,581,382,903,521.26,73.50
桃園市,龍潭區,百年里,1406,1538358,1094,779,449,1357,1216.89,111.22
桃園市,龍潭區,龍祥里,1086,885193,815,642,396,1007,742.54,91.10
桃園市,龍潭區,聖德里,972,631231,649,526,362,826,477.20,73.48
桃園市,龍潭區,龍星里,1376,1326092,964,707,410,1212,1000.14,103.78
桃園市,龍潭區,上華里,1037,971558,937,665,389,1161,1068.00,113.99
桃園市,龍潭區,武漢里,796,593912,746,585,380,899,669.55,89.74
桃園市,龍潭區,東興里,1229,1144145,931,759,445,1246,686.53,73.74
桃園市,龍潭區,北興里,639,393727,616,519,351,782,411.58,66.80
桃園市,龍潭區,建林里,1318,1406791,1067,758,436,1309,1615.74,151.38
桃園市,龍潭區,富林里,1179,1093746,928,714,416,1209,760.35,81.96
桃園市,平鎮區,忠貞里,171,165688,969,726,449,1276,796.52,82.21
桃園市,平鎮區,東社里,954,672783,705,560,363,921,534.42,75.78
桃園市,平鎮區,東勢里,1680,1276486,760,588,379,968,603.16,79.38
桃園市,平鎮區,山峰里,715,496935,695,557,360,892,538.13,77.43
桃園市,平鎮區,平鎮里,1456,1167385,802,622,399,980,763.08,95.17
桃園市,平鎮區,北勢里,811,736736,908,666,400,1151,850.07,93.58
桃園市,平鎮區,南勢里,1906,1605880,843,641,396,1042,837.59,99.41
桃園市,平鎮區,宋屋里,1221,958542,785,599,388,992,676.57,86.18
桃園市,平鎮區,高雙里,1380,1435241,1040,703,402,1310,1091.19,104.92
桃園市,平鎮區,復旦里,1887,2249159,1192,824,453,1473,1341.90,112.58
桃園市,平鎮區,新勢里,1203,970545,807,606,370,1029,712.67,88.34
桃園市,平鎮區,建安里,1310,1001604,765,589,378,933,742.17,97.07
桃園市,平鎮區,中正里,541,515239,952,734,449,1237,819.63,86.06
桃園市,平鎮區,貿易里,647,557881,862,692,450,1129,613.45,71.14
桃園市,平鎮區,湧光里,1704,1232502,723,577,369,898,609.85,84.32
桃園市,平鎮區,義民里,1716,1748054,1019,677,399,1175,2785.73,273.47
桃園市,平鎮區,雙連里,1468,1303141,888,636,389,1097,1051.18,118.42
桃園市,平鎮區,東安里,749,554571,740,586,384,913,574.37,77.57
桃園市,平鎮區,龍恩里,763,543695,713,560,362,874,569.75,79.96
桃園市,平鎮區,龍興里,693,535204,772,598,391,993,596.74,77.27
桃園市,平鎮區,廣興里,1859,1908546,1027,716,423,1280,1141.95,111.23
桃園市,平鎮區,莊敬里,1296,985867,761,616,387,937,878.58,115.50
桃園市,平鎮區,新富里,1949,1935652,993,718,419,1273,945.22,95.17
桃園市,平鎮區,北興里,1365,1055348,773,596,373,990,670.87,86.77
桃園市,平鎮區,北貴里,1368,1090514,797,604,399,1034,688.67,86.39
桃園市,平鎮區,新安里,1198,873952,730,609,377,941,540.98,74.16
桃園市,平鎮區,鎮興里,911,679142,745,569,367,936,624.01,83.70
桃園市,平鎮區,義興里,2243,2044681,912,656,403,1112,970.50,106.46
桃園市,平鎮區,湧豐里,597,465604,780,580,377,933,696.90,89.36
桃園市,平鎮區,湧安里,1436,1010470,704,578,385,898,502.66,71.43
桃園市,平鎮區,廣達里,1195,1040158,870,642,381,1112,792.66,91.07
桃園市,平鎮區,福林里,1046,936514,895,724,418,1129,819.43,91.52
桃園市,平鎮區,金星里,2052,1814506,884,691,422,1126,726.73,82.19
桃園市,平鎮區,廣仁里,1358,963417,709,550,365,848,624.25,87.99
桃園市,平鎮區,新貴里,1044,838291,803,602,379,994,793.72,98.85
桃園市,平鎮區,北富里,1319,1163156,882,652,395,1093,868.65,98.50
桃園市,平鎮區,新榮里,1788,1524166,852,633,389,1022,980.11,114.98
桃園市,平鎮區,華安里,1201,858646,715,587,383,896,518.55,72.53
桃園市,平鎮區,金陵里,1017,994412,978,750,423,1258,851.30,87.06
桃園市,平鎮區,北安里,522,458013,877,632,367,1119,872.95,99.49
桃園市,平鎮區,北華里,1351,1385824,1026,714,420,1240,1285.22,125.29
桃園市,平鎮區,復興里,1700,1625584,956,665,398,1233,953.84,99.75
桃園市,平鎮區,平興里,1854,1982594,1069,792,469,1347,945.97,88.46
桃園市,平鎮區,新英里,1199,1133261,945,737,415,1236,782.82,82.82
桃園市,平鎮區,平安里,1471,1175895,799,650,399,1022,584.28,73.09
桃園市,平鎮區,平南里,2210,1799206,814,635,396,1019,671.00,82.42
桃園市,新屋區,新屋里,865,660072,763,619,380,994,563.66,73.86
桃園市,新屋區,新生里,1264,998166,790,625,399,971,621.50,78.70
桃園市,新屋區,後湖里,451,344763,764,600,413,948,579.77,75.84
桃園市,新屋區,清華里,1194,914329,766,581,377,947,704.43,91.99
桃園市,新屋區,石磊里,587,422839,720,550,338,883,989.83,137.41
桃園市,新屋區,東明里,410,292852,714,588,375,881,530.59,74.28
桃園市,新屋區,社子里,400,313475,784,583,390,933,681.33,86.94
桃園市,新屋區,九斗里,719,577555,803,594,364,956,1885.14,234.68
桃園市,新屋區,埔頂里,808,562498,696,558,380,875,541.75,77.82
桃園市,新屋區,頭洲里,1294,1032613,798,615,384,988,698.26,87.50
桃園市,新屋區,大坡里,349,259622,744,603,384,959,561.11,75.43
桃園市,新屋區,望間里,381,288607,757,576,351,906,838.34,110.67
桃園市,新屋區,後庄里,292,219837,753,582,359,913,704.70,93.60
桃園市,新屋區,槺榔里,302,190557,631,524,343,803,431.82,68.44
桃園市,新屋區,深圳里,147,106604,725,558,361,910,600.22,82.77
桃園市,新屋區,蚵間里,234,167016,714,566,375,877,529.94,74.25
桃園市,新屋區,笨港里,250,175537,702,567,378,821,533.83,76.03
桃園市,新屋區,永興里,252,175566,697,557,367,859,606.31,87.03
桃園市,新屋區,下埔里,175,121368,694,560,334,895,499.43,72.01
桃園市,新屋區,石牌里,240,156700,653,554,343,837,466.30,71.42
桃園市,新屋區,下田里,472,321238,681,554,360,852,609.44,89.55
桃園市,新屋區,赤欄里,377,270923,719,561,363,914,616.30,85.76
桃園市,新屋區,永安里,654,431487,660,532,365,802,502.41,76.15
桃園市,觀音區,觀音里,805,576324,716,602,390,927,494.66,69.09
桃園市,觀音區,廣興里,403,292779,726,598,388,916,593.04,81.63
桃園市,觀音區,白玉里,325,226630,697,575,382,930,477.55,68.48
桃園市,觀音區,武威里,268,188069,702,522,311,881,602.50,85.86
桃園市,觀音區,大潭里,471,336650,715,560,383,900,605.66,84.74
桃園市,觀音區,保生里,593,420253,709,560,374,864,652.69,92.10
桃園市,觀音區,三和里,216,176864,819,626,375,1071,688.68,84.11
桃園市,觀音區,新興里,240,169701,707,562,335,921,582.78,82.42
桃園市,觀音區,新坡里,812,603528,743,555,375,886,752.19,101.20
桃園市,觀音區,廣福里,675,491013,727,545,355,929,591.00,81.25
桃園市,觀音區,金湖里,773,602745,780,624,398,988,583.83,74.87
桃園市,觀音區,坑尾里,483,353922,733,588,403,918,520.28,71.00
桃園市,觀音區,藍埔里,746,569684,764,569,386,943,656.03,85.91
桃園市,觀音區,大堀里,451,353631,784,603,398,993,680.10,86.74
桃園市,觀音區,大同里,973,774567,796,653,403,1016,598.77,75.22
桃園市,觀音區,上大里,717,540504,754,597,377,934,629.42,83.50
桃園市,觀音區,崙坪里,1466,1096973,748,573,386,915,638.24,85.29
桃園市,觀音區,保障里,610,445286,730,592,374,922,581.90,79.71
桃園市,觀音區,草漯里,566,440239,778,610,405,969,635.29,81.68
桃園市,觀音區,樹林里,1016,703572,692,583,399,905,471.24,68.05
桃園市,觀音區,富林里,571,397021,695,592,395,916,469.76,67.56
桃園市,觀音區,塔腳里,269,208124,774,588,351,968,672.39,86.91
桃園市,觀音區,富源里,1262,975509,773,604,403,968,605.63,78.35
桃園市,觀音區,草新里,1812,1490170,822,688,427,1089,576.04,70.04
桃園市,復興區,長興里,78,55093,706,569,308,1074,541.26,76.63
桃園市,復興區,三民里,323,230844,715,543,351,910,577.03,80.74
桃園市,復興區,澤仁里,239,182779,765,627,355,942,672.25,87.90
桃園市,復興區,霞雲里,72,50797,706,636,435,957,404.44,57.33
桃園市,復興區,義盛里,92,61910,673,562,383,825,422.31,62.76
桃園市,復興區,高義里,83,46713,563,504,341,694,345.52,61.39
桃園市,復興區,三光里,76,46994,618,565,346,814,346.44,56.03
桃園市,復興區,奎輝里,96,61730,643,555,371,819,422.33,65.68
桃園市,復興區,華陵里,148,112115,758,585,399,878,621.46,82.04
桃園市,復興區,羅浮里,190,130657,688,536,338,880,565.59,82.25
新竹縣,竹東鎮,上坪里,74,56209,760,617,377,938,538.34,70.87
新竹縣,竹東鎮,瑞峰里,112,92482,826,483,317,822,963.08,116.63
新竹縣,竹東鎮,軟橋里,91,66605,732,548,325,927,639.08,87.31
新竹縣,竹東鎮,員崠里,811,662915,817,637,382,1062,695.89,85.13
新竹縣,竹東鎮,上館里,3168,2798489,883,637,378,1112,1026.43,116.20
新竹縣,竹東鎮,東寧里,1131,1027552,909,666,395,1187,779.46,85.79
新竹縣,竹東鎮,大鄉里,1562,1526600,977,669,402,1218,1170.45,119.76
新竹縣,竹東鎮,東華里,257,204906,797,532,315,1006,863.91,108.35
新竹縣,竹東鎮,商華里,960,773650,806,606,383,1017,687.49,85.31
新竹縣,竹東鎮,竹東里,473,374157,791,548,355,962,994.01,125.66
新竹縣,竹東鎮,榮樂里,497,401543,808,570,314,997,851.57,105.40
新竹縣,竹東鎮,鷄林里,1332,1096813,823,617,375,1042,718.06,87.20
新竹縣,竹東鎮,五豐里,2596,2371521,914,655,401,1154,882.39,96.59
新竹縣,竹東鎮,三重里,2342,2688453,1148,770,416,1420,1426.34,124.25
新竹縣,竹東鎮,二重里,3663,4604387,1257,817,449,1566,1838.40,146.25
新竹縣,竹東鎮,柯湖里,178,135252,760,530,327,1009,793.24,104.39
新竹縣,竹東鎮,頭重里,1605,2120831,1321,771,420,1610,1748.83,132.35
新竹縣,竹東鎮,員山里,603,639760,1061,671,380,1275,1193.38,112.48
新竹縣,竹東鎮,仁愛里,1080,1002348,928,648,372,1192,916.50,98.75
新竹縣,竹東鎮,中山里,556,449494,808,573,329,1023,918.53,113.62
新竹縣,竹東鎮,中正里,648,573064,884,586,331,1075,936.96,105.95
新竹縣,竹東鎮,南華里,372,323775,870,590,362,1053,903.00,103.75
新竹縣,竹東鎮,榮華里,2328,2132085,916,643,378,1177,896.07,97.84
新竹縣,竹東鎮,忠孝里,598,471819,789,581,339,1014,695.93,88.20
新竹縣,竹東鎮,陸豐里,188,143517,763,591,344,1003,627.42,82.19
新竹縣,關西鎮,東興里,151,116464,771,623,352,993,625.28,81.07
新竹縣,關西鎮,西安里,598,479026,801,598,396,1033,709.67,88.59
新竹縣,關西鎮,南雄里,233,176618,758,541,360,936,643.31,84.87
新竹縣,關西鎮,北斗里,1228,986815,804,590,382,979,921.67,114.69
新竹縣,關西鎮,仁安里,334,232041,695,550,357,889,574.09,82.63
新竹縣,關西鎮,南山里,310,233621,754,585,327,978,728.65,96.69
新竹縣,關西鎮,北山里,195,153819,789,545,376,805,772.34,97.91
新竹縣,關西鎮,東安里,1188,956527,805,585,373,934,977.10,121.36
新竹縣,關西鎮,東光里,381,333635,876,634,422,997,824.32,94.14
新竹縣,關西鎮,新富里,150,119063,794,545,374,831,940.43,118.48
新竹縣,關西鎮,玉山里,114,72590,637,515,305,693,566.15,88.91
新竹縣,關西鎮,錦山里,206,133319,647,520,334,829,454.13,70.17
新竹縣,關西鎮,金山里,140,98444,703,536,357,877,586.31,83.38
新竹縣,關西鎮,石光里,566,454035,802,609,378,1001,659.63,82.23
新竹縣,關西鎮,大同里,227,166965,736,588,372,883,705.66,95.94
新竹縣,關西鎮,上林里,220,184046,837,625,408,1003,784.80,93.81
新竹縣,關西鎮,新力里,156,115002,737,497,301,877,958.09,129.96
新竹縣,關西鎮,南和里,256,291346,1138,627,395,1126,2985.57,262.34
新竹縣,關西鎮,東山里,233,172071,739,561,355,850,673.74,91.23
新竹縣,關西鎮,東平里,252,194005,770,614,390,986,583.87,75.84
新竹縣,關西鎮,南新里,231,158608,687,500,317,822,706.47,102.89
新竹縣,新埔鎮,新埔里,316,271622,860,658,374,1106,772.79,89.90
新竹縣,新埔鎮,新生里,175,146649,838,574,354,1066,779.10,92.97
新竹縣,新埔鎮,四座里,1191,998484,838,641,398,1053,720.09,85.89
新竹縣,新埔鎮,五埔里,625,432497,692,565,343,892,520.44,75.21
新竹縣,新埔鎮,田新里,871,712487,818,623,357,1090,706.62,86.38
新竹縣,新埔鎮,旱坑里,628,477877,761,575,364,983,663.98,87.26
新竹縣,新埔鎮,北平里,177,117198,662,547,340,901,483.76,73.06
新竹縣,新埔鎮,南平里,298,238949,802,545,353,978,906.32,113.03
新竹縣,新埔鎮,上寮里,633,514534,813,589,362,1011,756.72,93.09
新竹縣,新埔鎮,下寮里,850,902578,1062,596,358,1073,2726.28,256.75
新竹縣,新埔鎮,巨埔里,346,271921,786,563,353,981,682.82,86.88
新竹縣,新埔鎮,照門里,423,327105,773,608,386,964,652.42,84.37
新竹縣,新埔鎮,清水里,126,93938,746,628,392,887,628.83,84.35
新竹縣,新埔鎮,鹿鳴里,194,160386,827,665,416,1059,634.66,76.77
新竹縣,新埔鎮,新北里,169,130615,773,585,367,915,809.96,104.80
新竹縣,新埔鎮,內立里,347,260457,751,575,357,958,624.86,83.25
新竹縣,新埔鎮,寶石里,280,219243,783,560,377,1092,662.04,84.55
新竹縣,新埔鎮,新民里,348,250932,721,576,361,946,513.77,71.25
新竹縣,新埔鎮,文山里,1541,1420874,922,614,371,1061,1764.83,191.40
新竹縣,竹北市,竹北里,2269,3150529,1389,972,483,1887,1408.62,101.45
新竹縣,竹北市,竹仁里,3129,3234507,1034,733,398,1344,992.69,96.03
新竹縣,竹北市,竹義里,2053,2021748,985,726,405,1298,966.19,98.11
新竹縣,竹北市,新社里,2542,2555178,1005,715,406,1317,940.89,93.60
新竹縣,竹北市,新國里,1941,2132874,1099,769,433,1400,1109.86,101.00
新竹縣,竹北市,聯興里,1574,1513787,962,699,389,1251,874.04,90.88
新竹縣,竹北市,斗崙里,4791,9013354,1881,1297,625,2415,2479.93,131.82
新竹縣,竹北市,鹿場里,3780,9243817,2445,1768,855,3049,3923.20,160.43
新竹縣,竹北市,東平里,4426,10367395,2342,1832,933,3010,2859.76,122.09
新竹縣,竹北市,中興里,2545,5838180,2294,1579,691,3062,2992.14,130.43
新竹縣,竹北市,隘口里,928,1852534,1996,1307,610,2343,2785.16,139.52
新竹縣,竹北市,東海里,1042,884323,849,611,369,1077,916.83,108.03
新竹縣,竹北市,十興里,2913,5798150,1990,1589,827,2541,1862.10,93.55
新竹縣,竹北市,麻園里,704,638805,907,662,369,1139,853.60,94.07
新竹縣,竹北市,溪州里,827,779337,942,657,364,1168,992.49,105.32
新竹縣,竹北市,白地里,717,544400,759,568,349,950,689.67,90.83
新竹縣,竹北市,新庄里,359,306064,853,578,321,1019,1032.03,121.05
新竹縣,竹北市,新港里,377,316935,841,630,393,1001,874.44,104.02
新竹縣,竹北市,大義里,506,396518,784,561,360,911,780.75,99.63
新竹縣,竹北市,尚義里,442,332576,752,546,328,941,774.18,102.89
新竹縣,竹北市,崇義里,576,441395,766,568,348,990,719.23,93.86
新竹縣,竹北市,大眉里,643,592543,922,690,401,1145,844.45,91.64
新竹縣,竹北市,泰和里,2150,2176135,1012,760,432,1294,885.95,87.53
新竹縣,竹北市,北崙里,1429,2090999,1463,921,449,1823,1862.25,127.27
新竹縣,竹北市,新崙里,2253,2658624,1180,799,427,1542,1401.57,118.77
新竹縣,竹北市,福德里,1155,1087093,941,638,359,1167,1100.62,116.94
新竹縣,竹北市,興安里,1414,2754995,1948,1388,649,2525,2121.81,108.90
新竹縣,竹北市,東興里,1953,3115220,1595,1188,558,2060,2452.44,153.75
新竹縣,竹北市,北興里,641,1242740,1939,1431,713,2691,1857.04,95.79
新竹縣,竹北市,文化里,1229,2299303,1871,1071,513,2321,2938.97,157.09
新竹縣,湖口鄉,長嶺村,978,758336,775,615,369,1002,605.91,78.14
新竹縣,湖口鄉,中勢村,940,772401,822,637,407,1038,655.41,79.76
新竹縣,湖口鄉,孝勢村,453,349428,771,572,377,962,679.23,88.06
新竹縣,湖口鄉,仁勢村,275,210784,766,544,311,972,776.02,101.24
新竹縣,湖口鄉,愛勢村,1354,1097934,811,623,380,1028,667.94,82.37
新竹縣,湖口鄉,信勢村,1788,1520732,851,620,389,1073,799.32,93.98
新竹縣,湖口鄉,和興村,925,696718,753,565,367,952,703.02,93.34
新竹縣,湖口鄉,德盛村,1591,1253831,788,618,380,1025,609.10,77.29
新竹縣,湖口鄉,波羅村,768,601962,784,631,399,1040,573.21,73.13
新竹縣,湖口鄉,鳳山村,1147,832430,726,567,371,961,531.59,73.25
新竹縣,湖口鄉,鳳凰村,1886,1398027,741,589,380,951,563.75,76.05
新竹縣,湖口鄉,湖口村,911,744000,817,594,356,1052,757.77,92.79
新竹縣,湖口鄉,湖鏡村,836,667885,799,616,370,1039,628.87,78.72
新竹縣,湖口鄉,湖南村,531,405453,764,598,367,983,657.59,86.12
新竹縣,湖口鄉,長安村,363,257406,709,535,375,892,590.23,83.24
新竹縣,湖口鄉,中興村,2144,1665304,777,651,408,1005,567.21,73.03
新竹縣,湖口鄉,信義村,1166,976746,838,623,381,1104,688.24,82.16
新竹縣,湖口鄉,中正村,873,784744,899,666,392,1118,823.16,91.57
新竹縣,湖口鄉,東興村,1451,1234115,851,647,393,1052,1073.68,126.24
新竹縣,湖口鄉,勝利村,1502,1151244,766,597,380,981,708.56,92.44
新竹縣,橫山鄉,橫山村,1029,762108,741,572,371,944,610.30,82.40
新竹縣,橫山鄉,內灣村,210,140494,669,542,349,833,513.61,76.77
新竹縣,橫山鄉,新興村,479,374250,781,578,363,984,782.47,100.15
新竹縣,橫山鄉,田寮村,261,221961,850,642,420,1085,711.93,83.71
新竹縣,橫山鄉,福興村,111,77160,695,537,319,843,644.64,92.74
新竹縣,橫山鄉,沙坑村,251,175611,700,522,347,858,581.55,83.12
新竹縣,橫山鄉,南昌村,60,59174,986,521,326,872,2005.48,203.35
新竹縣,橫山鄉,力行村,200,152194,761,574,374,1005,608.77,80.00
新竹縣,橫山鄉,大肚村,478,338438,708,542,350,910,552.57,78.04
新竹縣,橫山鄉,豐鄉村,54,39931,739,429,290,833,1179.84,159.55
新竹縣,橫山鄉,豐田村,87,62270,716,548,321,804,743.75,103.91
新竹縣,新豐鄉,重興村,1611,1282796,796,602,388,962,1188.00,149.19
新竹縣,新豐鄉,新豐村,578,396824,687,517,336,849,775.08,112.90
新竹縣,新豐鄉,埔和村,817,548681,672,532,370,847,510.47,76.01
新竹縣,新豐鄉,員山村,914,870789,953,717,427,1216,928.05,97.41
新竹縣,新豐鄉,後湖村,481,365062,759,593,365,942,629.13,82.89
新竹縣,新豐鄉,鳳坑村,298,209849,704,551,330,913,595.90,84.62
新竹縣,新豐鄉,中崙村,1110,870810,785,636,403,1008,574.58,73.24
新竹縣,新豐鄉,青埔村,506,378693,748,574,381,932,588.91,78.69
新竹縣,新豐鄉,上坑村,479,364915,762,568,370,908,703.22,92.31
新竹縣,新豐鄉,坡頭村,220,136390,620,498,344,778,502.58,81.07
新竹縣,新豐鄉,福興村,318,248879,783,583,370,954,712.30,91.01
新竹縣,新豐鄉,松林村,1688,1665084,986,746,434,1302,843.71,85.53
新竹縣,新豐鄉,瑞興村,541,405720,750,586,365,931,751.64,100.23
新竹縣,新豐鄉,忠孝村,1334,1287998,966,759,441,1231,821.93,85.13
新竹縣,新豐鄉,山崎村,1464,1380163,943,710,424,1249,880.56,93.41
新竹縣,新豐鄉,松柏村,1830,1934396,1057,886,474,1412,830.46,78.56
新竹縣,新豐鄉,崎頂村,929,704121,758,604,391,967,568.96,75.07
新竹縣,芎林鄉,華龍村,113,83886,742,550,358,995,611.73,82.40
新竹縣,芎林鄉,五龍村,160,123736,773,595,403,889,821.81,106.27
新竹縣,芎林鄉,秀湖村,329,263073,800,563,355,938,815.94,102.04
新竹縣,芎林鄉,永興村,119,91891,772,542,352,802,807.72,104.60
新竹縣,芎林鄉,石潭村,841,670851,798,567,356,949,838.54,105.12
新竹縣,芎林鄉,新鳳村,461,377820,820,591,365,979,829.54,101.22
新竹縣,芎林鄉,中坑村,172,125142,728,590,379,866,537.45,73.87
新竹縣,芎林鄉,水坑村,189,142664,755,570,399,987,551.58,73.07
新竹縣,芎林鄉,文林村,817,741224,907,649,400,1128,853.39,94.06
新竹縣,芎林鄉,芎林村,492,434063,882,646,391,1118,876.25,99.32
新竹縣,芎林鄉,上山村,1419,1848746,1303,764,432,1507,2764.17,212.16
新竹縣,芎林鄉,下山村,358,333171,931,653,386,1145,1001.04,107.56
新竹縣,寶山鄉,新城村,338,236042,698,555,337,859,598.57,85.71
新竹縣,寶山鄉,寶山村,269,330027,1227,703,368,1248,1948.66,158.83
新竹縣,寶山鄉,雙溪村,818,929106,1136,679,398,1232,2085.14,183.58
新竹縣,寶山鄉,深井村,220,169471,770,630,407,934,577.71,75.00
新竹縣,寶山鄉,三峰村,298,700984,2352,867,411,2428,3796.01,161.37
新竹縣,寶山鄉,寶斗村,212,139335,657,532,297,835,537.75,81.82
新竹縣,寶山鄉,大崎村,727,1457470,2005,1089,487,2479,3604.18,179.78
新竹縣,寶山鄉,油田村,145,94063,649,506,298,813,628.13,96.83
新竹縣,寶山鄉,山湖村,166,202127,1218,569,317,1179,2112.60,173.50
新竹縣,寶山鄉,雙新村,922,1104154,1198,747,411,1429,1352.93,112.97
新竹縣,北埔鄉,水磜村,221,138484,627,504,319,836,471.22,75.20
新竹縣,北埔鄉,南興村,369,261051,707,521,321,874,619.20,87.53
新竹縣,北埔鄉,大湖村,150,117734,785,597,326,1013,705.23,89.85
新竹縣,北埔鄉,埔尾村,777,597625,769,596,374,1006,643.37,83.65
新竹縣,北埔鄉,南坑村,78,63289,811,529,364,855,1028.95,126.81
新竹縣,北埔鄉,北埔村,330,250380,759,574,370,993,607.15,80.02
新竹縣,北埔鄉,南埔村,109,76878,705,527,332,801,638.43,90.52
新竹縣,北埔鄉,大林村,240,167855,699,560,369,863,581.30,83.11
新竹縣,北埔鄉,外坪村,67,62818,938,533,296,810,1835.80,195.80
新竹縣,峨眉鄉,峨眉村,241,189298,785,624,378,895,672.51,85.62
新竹縣,峨眉鄉,富興村,342,264570,774,564,354,963,690.66,89.28
新竹縣,峨眉鄉,中盛村,196,148077,755,546,373,854,903.94,119.65
新竹縣,峨眉鄉,石井村,147,102955,700,546,344,866,576.80,82.36
新竹縣,峨眉鄉,七星村,133,104420,785,590,375,947,694.72,88.49
新竹縣,峨眉鄉,湖光村,212,129252,610,503,310,779,465.98,76.43
新竹縣,尖石鄉,新樂村,213,147734,694,533,351,853,682.49,98.40
新竹縣,尖石鄉,嘉樂村,191,132422,693,553,417,808,467.28,67.40
新竹縣,尖石鄉,義興村,105,72246,688,580,352,985,465.54,67.66
新竹縣,尖石鄉,梅花村,82,46447,566,507,322,703,363.44,64.16
新竹縣,尖石鄉,錦屏村,174,115791,665,516,317,758,657.64,98.82
新竹縣,尖石鄉,玉峰村,174,93484,537,467,318,714,338.69,63.04
新竹縣,尖石鄉,秀巒村,197,135404,687,557,366,888,497.79,72.42
新竹縣,五峰鄉,大隘村,242,153172,633,509,334,797,478.25,75.56
新竹縣,五峰鄉,桃山村,215,147767,687,572,313,850,659.85,96.01
新竹縣,五峰鄉,花園村,112,65963,589,477,352,777,446.16,75.76
新竹縣,五峰鄉,竹林村,60,40434,674,561,361,877,497.31,73.79
苗栗縣,苗栗市,中苗里,400,361384,903,629,371,1184,879.75,97.38
苗栗縣,苗栗市,青苗里,334,267835,802,607,303,1016,750.61,93.60
苗栗縣,苗栗市,玉苗里,265,188328,711,536,326,852,677.83,95.38
苗栗縣,苗栗市,綠苗里,251,184541,735,540,320,1048,607.25,82.59
苗栗縣,苗栗市,高苗里,1047,863556,825,590,365,1043,901.09,109.25
苗栗縣,苗栗市,恭敬里,468,379562,811,618,369,1103,719.58,88.72
苗栗縣,苗栗市,新苗里,330,249168,755,569,334,892,1015.09,134.44
苗栗縣,苗栗市,勝利里,1344,1113140,828,618,382,1075,721.58,87.12
苗栗縣,苗栗市,維祥里,1165,985977,846,631,392,1109,716.06,84.61
苗栗縣,苗栗市,玉清里,808,683569,846,661,414,1121,642.95,76.00
苗栗縣,苗栗市,嘉盛里,1261,1041214,826,636,366,1105,688.77,83.42
苗栗縣,苗栗市,福星里,1444,1268996,879,691,411,1182,705.76,80.31
苗栗縣,苗栗市,北苗里,1867,1686405,903,698,415,1202,716.01,79.27
苗栗縣,苗栗市,上苗里,626,535006,855,650,377,1131,751.14,87.89
苗栗縣,苗栗市,福麗里,1698,1469665,866,650,376,1121,795.15,91.87
苗栗縣,苗栗市,新川里,339,285795,843,562,351,1012,1269.99,150.64
苗栗縣,苗栗市,新英里,505,391061,774,618,400,985,646.33,83.46
苗栗縣,苗栗市,清華里,1155,961367,832,654,372,1089,718.74,86.35
苗栗縣,苗栗市,水源里,809,571385,706,559,354,886,545.83,77.28
苗栗縣,苗栗市,文山里,1206,1064053,882,669,405,1213,673.50,76.33
苗栗縣,苗栗市,建功里,1537,1384718,901,666,391,1213,817.48,90.74
苗栗縣,苗栗市,大同里,170,114131,671,541,310,801,732.44,109.10
苗栗縣,苗栗市,玉華里,1233,1071264,869,656,388,1186,703.36,80.95
苗栗縣,苗栗市,維新里,1261,1079091,856,628,393,1087,783.51,91.56
苗栗縣,苗栗市,福安里,1170,950109,812,650,393,1077,612.53,75.43
苗栗縣,苗栗市,嘉新里,1099,932112,848,648,406,1139,665.60,78.48
苗栗縣,苗栗市,南勢里,576,384833,668,558,353,856,479.66,71.79
苗栗縣,苗栗市,文聖里,1157,1012701,875,688,413,1191,674.85,77.10
苗栗縣,苑裡鎮,苑東里,676,563664,834,590,347,1038,1214.79,145.69
苗栗縣,苑裡鎮,西平里,456,296495,650,511,324,825,558.10,85.83
苗栗縣,苑裡鎮,苑南里,521,415137,797,580,317,969,869.98,109.18
苗栗縣,苑裡鎮,苑北里,259,192074,742,560,319,937,658.75,88.83
苗栗縣,苑裡鎮,西勢里,588,422252,718,563,362,903,574.82,80.05
苗栗縣,苑裡鎮,海岸里,283,176339,623,511,360,795,457.30,73.39
苗栗縣,苑裡鎮,客庄里,1306,1068561,818,576,350,1007,950.50,116.17
苗栗縣,苑裡鎮,苑坑里,238,163330,686,495,348,801,668.36,97.39
苗栗縣,苑裡鎮,水坡里,149,104826,704,529,366,833,606.53,86.21
苗栗縣,苑裡鎮,山腳里,381,251935,661,506,307,803,582.38,88.07
苗栗縣,苑裡鎮,舊社里,587,390863,666,508,308,816,608.20,91.34
苗栗縣,苑裡鎮,福田里,379,273103,721,550,333,839,688.07,95.49
苗栗縣,苑裡鎮,石鎮里,156,105616,677,530,321,894,524.20,77.43
苗栗縣,苑裡鎮,蕉埔里,222,141727,638,502,336,749,557.95,87.40
苗栗縣,苑裡鎮,社苓里,683,448435,657,507,315,845,551.83,84.05
苗栗縣,苑裡鎮,泰田里,496,317560,640,489,301,833,501.61,78.35
苗栗縣,苑裡鎮,上館里,458,273489,597,475,308,747,460.14,77.06
苗栗縣,苑裡鎮,玉田里,514,336400,654,520,325,800,533.67,81.54
苗栗縣,苑裡鎮,南勢里,174,110384,634,530,361,776,443.43,69.90
苗栗縣,苑裡鎮,山柑里,401,283510,707,523,360,852,715.28,101.17
苗栗縣,苑裡鎮,田心里,568,386242,680,513,318,862,578.12,85.02
苗栗縣,苑裡鎮,新復里,424,319609,754,569,345,962,665.29,88.26
苗栗縣,苑裡鎮,中正里,652,463562,711,528,328,858,909.19,127.88
苗栗縣,苑裡鎮,苑港里,327,215456,659,479,347,802,550.96,83.62
苗栗縣,苑裡鎮,房裡里,704,443771,630,480,320,749,540.72,85.78
苗栗縣,通霄鎮,通東里,343,266710,778,566,364,973,701.95,90.27
苗栗縣,通霄鎮,通西里,606,465596,768,595,359,1004,630.31,82.04
苗栗縣,通霄鎮,平元里,614,440243,717,593,359,914,549.58,76.65
苗栗縣,通霄鎮,圳頭里,164,92929,567,461,294,718,407.92,71.99
苗栗縣,通霄鎮,梅南里,436,281884,647,509,334,760,574.27,88.82
苗栗縣,通霄鎮,通灣里,640,430388,672,530,323,864,510.96,75.98
苗栗縣,通霄鎮,新埔里,330,199885,606,492,324,724,463.08,76.45
苗栗縣,通霄鎮,白東里,427,291983,684,538,361,843,551.36,80.63
苗栗縣,通霄鎮,白西里,208,125567,604,522,324,771,433.18,71.76
苗栗縣,通霄鎮,內島里,214,145883,682,561,388,813,537.03,78.78
苗栗縣,通霄鎮,烏眉里,208,151417,728,555,353,899,653.83,89.82
苗栗縣,通霄鎮,楓樹里,89,68465,769,554,354,878,814.73,105.91
苗栗縣,通霄鎮,內湖里,492,316004,642,533,333,803,491.83,76.58
苗栗縣,通霄鎮,福源里,189,117289,621,486,304,849,464.12,74.79
苗栗縣,通霄鎮,城北里,178,130902,735,546,371,895,639.87,87.01
苗栗縣,通霄鎮,城南里,227,166730,734,542,337,904,648.55,88.30
苗栗縣,通霄鎮,南和里,194,146292,754,616,313,945,708.78,93.99
苗栗縣,通霄鎮,福興里,134,109089,814,579,403,1011,720.02,88.44
苗栗縣,通霄鎮,坪頂里,315,208725,663,510,344,851,497.66,75.11
苗栗縣,通霄鎮,五北里,381,244641,642,521,344,794,545.42,84.94
苗栗縣,通霄鎮,五南里,370,281735,761,516,335,830,1875.59,246.32
苗栗縣,通霄鎮,福龍里,91,62139,683,537,337,898,524.70,76.84
苗栗縣,通霄鎮,通南里,804,542414,675,490,317,756,1972.41,292.36
苗栗縣,通霄鎮,平安里,621,496618,800,601,381,992,665.00,83.16
苗栗縣,公館鄉,館中村,493,397440,806,612,387,1019,764.85,94.87
苗栗縣,公館鄉,館南村,1145,864912,755,596,377,989,571.48,75.65
苗栗縣,公館鄉,中義村,706,579256,820,626,371,992,1489.03,181.48
苗栗縣,公館鄉,玉泉村,786,699658,890,617,371,1139,1124.18,126.29
苗栗縣,公館鄉,大坑村,268,194846,727,575,368,893,611.91,84.16
苗栗縣,公館鄉,福基村,269,189559,705,536,341,859,578.02,82.03
苗栗縣,公館鄉,福德村,95,70693,744,632,389,1009,516.63,69.43
苗栗縣,公館鄉,福星村,612,462550,756,588,389,992,551.40,72.96
苗栗縣,公館鄉,石墻村,402,282368,702,547,359,900,507.62,72.27
苗栗縣,公館鄉,開礦村,79,48454,613,477,269,745,577.41,94.14
苗栗縣,公館鄉,五谷村,718,555345,773,612,363,1038,650.40,84.09
苗栗縣,公館鄉,玉谷村,451,342158,759,603,396,944,615.25,81.10
苗栗縣,公館鄉,鶴岡村,514,381695,743,569,371,988,569.21,76.65
苗栗縣,公館鄉,鶴山村,447,314773,704,561,338,946,542.41,77.03
苗栗縣,公館鄉,尖山村,446,353269,792,603,370,1006,839.22,105.95
苗栗縣,公館鄉,仁安村,355,278802,785,603,373,992,692.53,88.18
苗栗縣,公館鄉,南河村,61,43107,707,493,326,846,766.58,108.48
苗栗縣,公館鄉,北河村,82,49355,602,503,339,796,412.33,68.51
苗栗縣,公館鄉,館東村,738,602825,817,618,356,1036,734.18,89.88
苗栗縣,銅鑼鄉,福興村,326,241395,740,572,348,897,611.82,82.62
苗栗縣,銅鑼鄉,銅鑼村,1599,1130972,707,542,344,931,565.16,79.90
苗栗縣,銅鑼鄉,朝陽村,577,378623,656,524,338,827,472.18,71.96
苗栗縣,銅鑼鄉,竹森村,332,257647,776,598,357,907,1045.75,134.75
苗栗縣,銅鑼鄉,九湖村,341,224463,658,506,327,864,504.99,76.72
苗栗縣,銅鑼鄉,樟樹村,370,264870,716,567,376,894,687.04,95.97
苗栗縣,銅鑼鄉,興隆村,140,98632,705,574,355,829,544.52,77.29
苗栗縣,銅鑼鄉,盛隆村,99,74949,757,577,352,953,737.44,97.41
苗栗縣,銅鑼鄉,新隆村,134,101175,755,647,368,1068,470.71,62.34
苗栗縣,銅鑼鄉,中平村,1018,722056,709,558,353,915,584.32,82.38
苗栗縣,三義鄉,廣盛村,1322,1004478,760,555,349,927,1456.45,191.68
苗栗縣,三義鄉,双湖村,591,449202,760,579,387,998,693.11,91.19
苗栗縣,三義鄉,双潭村,430,319568,743,567,369,997,587.00,78.98
苗栗縣,三義鄉,勝興村,1145,781137,682,546,342,866,547.27,80.22
苗栗縣,三義鄉,西湖村,407,274366,674,558,352,861,490.52,72.76
苗栗縣,三義鄉,龍騰村,100,95125,951,621,362,1009,1271.13,133.63
苗栗縣,三義鄉,鯉魚潭村,292,189561,649,522,317,838,498.31,76.76
苗栗縣,西湖鄉,高埔村,166,143566,865,555,369,957,2486.63,287.52
苗栗縣,西湖鄉,下埔村,161,124080,771,550,352,907,709.02,92.00
苗栗縣,西湖鄉,五湖村,261,195210,748,581,360,985,602.97,80.62
苗栗縣,西湖鄉,四湖村,156,118502,760,575,369,942,783.90,103.19
苗栗縣,西湖鄉,三湖村,232,167668,723,565,363,940,521.36,72.14
苗栗縣,西湖鄉,湖東村,301,209979,698,580,345,856,503.88,72.23
苗栗縣,西湖鄉,二湖村,167,128737,771,576,397,975,598.30,77.61
苗栗縣,西湖鄉,龍洞村,118,89570,759,591,380,926,565.02,74.44
苗栗縣,西湖鄉,金獅村,130,105788,814,599,330,1123,810.34,99.58
苗栗縣,頭屋鄉,頭屋村,763,587849,770,616,385,970,770.85,100.05
苗栗縣,頭屋鄉,象山村,574,421610,735,561,364,943,709.96,96.66
苗栗縣,頭屋鄉,北坑村,194,124672,643,536,331,833,468.71,72.94
苗栗縣,頭屋鄉,獅潭村,544,414474,762,598,377,968,738.48,96.93
苗栗縣,頭屋鄉,曲洞村,282,203138,720,576,392,916,530.22,73.61
苗栗縣,頭屋鄉,飛鳳村,99,78186,790,608,358,936,730.90,92.55
苗栗縣,頭屋鄉,明德村,308,226558,736,548,335,1022,590.87,80.33
苗栗縣,頭屋鄉,鳴鳳村,68,67895,998,592,407,1155,1297.00,129.90
苗栗縣,竹南鎮,竹南里,810,749768,926,624,362,1098,1087.89,117.53
苗栗縣,竹南鎮,正南里,964,828579,860,607,350,1094,849.94,98.89
苗栗縣,竹南鎮,新南里,1680,1803473,1073,777,427,1418,1117.09,104.06
苗栗縣,竹南鎮,大厝里,2085,2035312,976,715,405,1278,868.44,88.96
苗栗縣,竹南鎮,營盤里,1297,1221519,942,688,363,1234,867.54,92.11
苗栗縣,竹南鎮,龍鳳里,773,547644,708,535,336,893,643.33,90.81
苗栗縣,竹南鎮,山佳里,1632,1426551,874,648,396,1111,795.79,91.04
苗栗縣,竹南鎮,中港里,351,301832,860,640,363,1020,979.05,113.85
苗栗縣,竹南鎮,聖福里,1314,1283551,977,699,408,1260,912.90,93.46
苗栗縣,竹南鎮,竹興里,1083,759263,701,523,335,878,605.48,86.36
苗栗縣,竹南鎮,中華里,1075,897255,835,617,388,1066,702.77,84.20
苗栗縣,竹南鎮,中英里,556,392020,705,531,343,888,653.63,92.70
苗栗縣,竹南鎮,中美里,736,548411,745,557,344,937,651.26,87.40
苗栗縣,竹南鎮,開元里,390,311354,798,635,392,1072,609.36,76.33
苗栗縣,竹南鎮,海口里,1337,1195543,894,659,387,1132,821.00,91.81
苗栗縣,竹南鎮,港墘里,741,587186,792,607,352,1017,666.49,84.11
苗栗縣,竹南鎮,公館里,401,295275,736,553,361,900,855.47,116.18
苗栗縣,竹南鎮,大埔里,1164,876363,753,565,350,935,733.44,97.42
苗栗縣,竹南鎮,崎頂里,1289,1044502,810,600,378,1009,732.95,90.45
苗栗縣,竹南鎮,頂埔里,743,533745,718,549,366,892,627.25,87.32
苗栗縣,竹南鎮,公義里,368,275560,749,529,362,838,1128.78,150.74
苗栗縣,竹南鎮,照南里,1241,1387676,1118,722,406,1434,1310.86,117.23
苗栗縣,竹南鎮,佳興里,1219,1169288,959,687,393,1200,920.01,95.91
苗栗縣,竹南鎮,天文里,825,781898,948,690,418,1171,1428.31,150.70
苗栗縣,竹南鎮,龍山里,805,726110,902,664,397,1137,838.09,92.91
苗栗縣,頭份市,頭份里,1150,922871,802,629,370,1047,689.52,85.92
苗栗縣,頭份市,忠孝里,1217,1189122,977,634,366,1167,2438.55,249.57
苗栗縣,頭份市,仁愛里,507,345483,681,505,296,817,742.94,109.03
苗栗縣,頭份市,信義里,261,227459,871,562,350,1032,1272.47,146.01
苗栗縣,頭份市,和平里,349,314893,902,586,330,1053,1025.96,113.71
苗栗縣,頭份市,民族里,731,584012,799,589,364,1011,695.23,87.02
苗栗縣,頭份市,土牛里,309,214517,694,544,354,898,560.01,80.67
苗栗縣,頭份市,上興里,697,482754,693,566,371,857,536.16,77.41
苗栗縣,頭份市,下興里,852,659457,774,592,359,969,700.96,90.56
苗栗縣,頭份市,東庄里,1129,1027734,910,651,368,1179,864.58,94.98
苗栗縣,頭份市,田寮里,1459,1201070,823,620,376,1062,745.50,90.56
苗栗縣,頭份市,蟠桃里,2257,2340624,1037,796,456,1373,865.91,83.50
苗栗縣,頭份市,山下里,1392,1339683,962,704,402,1231,922.17,95.82
苗栗縣,頭份市,後庄里,1530,1682454,1100,791,426,1405,1113.23,101.24
苗栗縣,頭份市,新華里,1227,870026,709,541,345,891,587.59,82.87
苗栗縣,頭份市,斗煥里,1048,754521,720,559,376,912,555.34,77.13
苗栗縣,頭份市,興隆里,1458,1388241,952,644,400,1208,958.74,100.69
苗栗縣,頭份市,上埔里,848,630600,744,559,349,938,666.62,89.64
苗栗縣,頭份市,珊湖里,540,363438,673,524,316,839,580.53,86.26
苗栗縣,頭份市,流東里,688,458797,667,525,331,841,577.00,86.52
苗栗縣,頭份市,尖山里,481,341721,710,534,333,879,783.74,110.32
苗栗縣,頭份市,廣興里,285,210891,740,567,361,922,657.32,88.83
苗栗縣,頭份市,尖下里,911,648512,712,550,360,938,589.03,82.74
苗栗縣,頭份市,濫坑里,767,505499,659,525,351,856,456.66,69.29
苗栗縣,頭份市,蘆竹里,457,289269,633,509,312,783,528.31,83.46
苗栗縣,頭份市,民權里,705,563907,800,594,366,964,827.03,103.40
苗栗縣,頭份市,民生里,842,613278,728,578,371,925,593.41,81.47
苗栗縣,頭份市,建國里,1353,1244625,920,663,409,1217,833.73,90.63
苗栗縣,頭份市,成功里,1395,1170121,839,637,370,1086,744.39,88.74
苗栗縣,頭份市,自強里,742,625948,844,600,347,1008,881.78,104.53
苗栗縣,頭份市,合興里,978,1014162,1037,783,477,1316,976.83,94.20
苗栗縣,頭份市,文化里,1311,1395134,1064,763,461,1411,972.24,91.36
苗栗縣,造橋鄉,造橋村,750,626562,835,568,347,934,2783.89,333.23
苗栗縣,造橋鄉,平興村,149,111424,748,618,400,924,536.60,71.76
苗栗縣,造橋鄉,豐湖村,349,243920,699,568,356,907,513.88,73.53
苗栗縣,造橋鄉,錦水村,181,118163,653,534,371,904,394.39,60.41
苗栗縣,造橋鄉,大西村,1207,867819,719,588,375,950,497.07,69.13
苗栗縣,造橋鄉,大龍村,165,106854,648,515,351,883,478.26,73.85
苗栗縣,造橋鄉,朝陽村,431,278423,646,521,329,836,497.35,76.99
苗栗縣,造橋鄉,談文村,214,139227,651,566,316,793,487.36,74.91
苗栗縣,造橋鄉,龍昇村,283,187097,661,514,349,858,497.10,75.19
苗栗縣,後龍鎮,南龍里,396,281223,710,534,309,856,785.00,110.54
苗栗縣,後龍鎮,中龍里,251,212593,847,629,384,1017,718.90,84.88
苗栗縣,後龍鎮,北龍里,418,286416,685,496,319,895,617.83,90.17
苗栗縣,後龍鎮,大庄里,1313,985031,750,563,351,961,641.69,85.53
苗栗縣,後龍鎮,溪洲里,650,447329,688,518,342,825,580.40,84.34
苗栗縣,後龍鎮,豐富里,396,280199,708,549,343,899,583.27,82.43
苗栗縣,後龍鎮,校椅里,246,197808,804,614,365,1099,657.83,81.81
苗栗縣,後龍鎮,埔頂里,821,571475,696,557,360,865,580.10,83.34
苗栗縣,後龍鎮,新民里,415,293629,708,555,364,913,524.49,74.13
苗栗縣,後龍鎮,復興里,188,131019,697,506,335,784,654.30,93.89
苗栗縣,後龍鎮,東明里,408,299577,734,543,360,901,671.21,91.41
苗栗縣,後龍鎮,灣寶里,329,236587,719,558,382,873,577.82,80.35
苗栗縣,後龍鎮,海寶里,221,152565,690,535,328,802,607.47,88.00
苗栗縣,後龍鎮,大山里,438,291715,666,505,338,836,547.56,82.21
苗栗縣,後龍鎮,外埔里,220,161714,735,575,377,951,719.13,97.83
苗栗縣,後龍鎮,海埔里,229,144551,631,509,323,785,497.88,78.87
苗栗縣,後龍鎮,秀水里,180,132428,736,540,309,867,848.53,115.33
苗栗縣,後龍鎮,水尾里,222,138441,624,501,328,812,440.25,70.60
苗栗縣,後龍鎮,龍津里,166,102881,620,494,327,780,443.69,71.59
苗栗縣,後龍鎮,龍坑里,345,248767,721,493,332,887,800.41,111.00
苗栗縣,後龍鎮,福寧里,182,123892,681,513,327,872,581.44,85.42
苗栗縣,後龍鎮,中和里,243,147552,607,500,334,777,420.50,69.25
苗栗縣,後龍鎮,南港里,298,200100,671,552,350,854,640.30,95.36
苗栗縣,三灣鄉,三灣村,677,484173,715,575,338,946,553.84,77.44
苗栗縣,三灣鄉,內灣村,191,118750,622,475,347,766,498.84,80.23
苗栗縣,三灣鄉,銅鏡村,251,203182,809,568,320,987,886.27,109.49
苗栗縣,三灣鄉,頂寮村,67,44491,664,507,334,822,540.79,81.44
苗栗縣,三灣鄉,北埔村,141,88457,627,502,338,772,462.31,73.69
苗栗縣,三灣鄉,大河村,124,89186,719,503,290,964,639.51,88.92
苗栗縣,三灣鄉,大坪村,116,86111,742,599,381,958,543.13,73.16
苗栗縣,三灣鄉,永和村,85,60280,709,589,297,928,602.46,84.95
苗栗縣,南庄鄉,東村,264,184426,699,534,330,916,591.60,84.69
苗栗縣,南庄鄉,西村,168,109740,653,510,328,801,616.12,94.32
苗栗縣,南庄鄉,南江村,252,174673,693,559,338,848,668.84,96.49
苗栗縣,南庄鄉,田美村,203,141413,697,549,347,849,622.76,89.40
苗栗縣,南庄鄉,獅山村,191,133838,701,490,296,788,1004.51,143.35
苗栗縣,南庄鄉,南富村,294,221340,753,515,348,918,802.41,106.58
苗栗縣,南庄鄉,員林村,276,194957,706,545,341,873,603.97,85.50
苗栗縣,南庄鄉,蓬萊村,142,101535,715,519,299,800,1192.03,166.71
苗栗縣,南庄鄉,東河村,178,116589,655,553,370,778,465.19,71.02
苗栗縣,大湖鄉,大湖村,433,315589,729,566,375,940,550.98,75.60
苗栗縣,大湖鄉,明湖村,174,117692,676,513,314,890,616.52,91.15
苗栗縣,大湖鄉,靜湖村,452,307438,680,533,329,826,584.55,85.94
苗栗縣,大湖鄉,大寮村,304,219258,721,578,330,905,618.02,85.69
苗栗縣,大湖鄉,富興村,282,190088,674,567,338,876,502.91,74.61
苗栗縣,大湖鄉,大南村,100,73007,730,572,371,897,638.49,87.46
苗栗縣,大湖鄉,南湖村,148,104058,703,526,316,898,579.12,82.37
苗栗縣,大湖鄉,義和村,287,201535,702,556,359,870,598.26,85.20
苗栗縣,大湖鄉,東興村,136,86483,636,568,350,791,498.00,78.31
苗栗縣,大湖鄉,武榮村,89,52909,594,501,340,726,460.96,77.54
苗栗縣,大湖鄉,新開村,217,152995,705,554,300,866,647.96,91.90
苗栗縣,大湖鄉,栗林村,155,100655,649,484,318,836,521.83,80.36
苗栗縣,卓蘭鎮,老庄里,447,309008,691,530,341,890,563.80,81.56
苗栗縣,卓蘭鎮,新榮里,229,159182,695,563,339,874,530.98,76.39
苗栗縣,卓蘭鎮,中街里,183,129956,710,565,318,967,545.71,76.85
苗栗縣,卓蘭鎮,新厝里,329,216206,657,530,321,886,528.66,80.45
苗栗縣,卓蘭鎮,豐田里,212,141441,667,540,352,826,493.31,73.94
苗栗縣,卓蘭鎮,西坪里,141,107557,763,582,302,937,701.37,91.94
苗栗縣,卓蘭鎮,上新里,471,313830,666,519,329,812,646.28,96.99
苗栗縣,卓蘭鎮,內灣里,410,269005,656,540,334,812,536.95,81.84
苗栗縣,卓蘭鎮,苗豐里,157,115114,733,535,407,857,604.72,82.48
苗栗縣,卓蘭鎮,坪林里,303,205671,679,510,321,856,757.69,111.63
苗栗縣,卓蘭鎮,景山里,197,143008,726,571,313,936,618.11,85.15
苗栗縣,獅潭鄉,百壽村,54,30172,559,416,231,867,460.71,82.45
苗栗縣,獅潭鄉,永興村,116,81944,706,536,365,805,682.16,96.57
苗栗縣,獅潭鄉,新店村,197,134666,684,557,350,902,488.15,71.41
苗栗縣,獅潭鄉,和興村,110,80556,732,577,372,916,580.73,79.30
苗栗縣,獅潭鄉,豐林村,134,87646,654,510,311,897,586.15,89.62
苗栗縣,獅潭鄉,新豐村,77,55873,726,509,396,1029,494.50,68.15
苗栗縣,獅潭鄉,竹木村,134,99315,741,600,351,972,533.35,71.96
苗栗縣,泰安鄉,錦水村,185,144021,778,644,408,958,597.53,76.75
苗栗縣,泰安鄉,清安村,176,125161,711,565,357,919,523.40,73.60
苗栗縣,泰安鄉,大興村,81,60809,751,638,425,942,498.98,66.47
苗栗縣,泰安鄉,象鼻村,77,58338,758,627,434,1051,502.21,66.29
苗栗縣,泰安鄉,梅園村,37,28797,778,797,489,947,398.50,51.20
苗栗縣,泰安鄉,八卦村,36,19639,546,460,305,673,365.40,66.98
苗栗縣,泰安鄉,中興村,75,49171,656,471,385,827,463.08,70.63
苗栗縣,泰安鄉,士林村,58,34935,602,525,419,803,305.22,50.67
南投縣,南投市,龍泉里,295,216438,734,540,293,890,727.28,99.13
南投縣,南投市,康壽里,489,446229,913,631,336,1055,2357.22,258.32
南投縣,南投市,三民里,264,227560,862,618,405,1003,873.79,101.37
南投縣,南投市,仁和里,178,129067,725,535,286,886,672.38,92.73
南投縣,南投市,南投里,211,157362,746,502,299,874,793.99,106.46
南投縣,南投市,彰仁里,138,92774,672,522,186,902,647.42,96.30
南投縣,南投市,崇文里,296,240977,814,568,331,971,851.18,104.55
南投縣,南投市,漳興里,829,629185,759,570,315,951,709.41,93.47
南投縣,南投市,漳和里,2343,1870873,798,573,341,966,1341.04,167.95
南投縣,南投市,軍功里,1388,995320,717,546,330,925,660.05,92.05
南投縣,南投市,東山里,101,65718,651,489,357,818,540.11,83.01
南投縣,南投市,平和里,1958,1540677,787,579,333,992,750.50,95.38
南投縣,南投市,振興里,575,382062,664,533,305,863,563.11,84.75
南投縣,南投市,千秋里,284,199084,701,566,333,912,535.93,76.45
南投縣,南投市,三興里,1767,1442486,816,601,334,1095,700.19,85.77
南投縣,南投市,三和里,1029,864503,840,615,354,1085,776.63,92.44
南投縣,南投市,嘉興里,570,372680,654,495,315,804,589.38,90.14
南投縣,南投市,嘉和里,1433,1089093,760,567,342,983,695.66,91.53
南投縣,南投市,鳳鳴里,136,88941,654,538,400,802,461.52,70.57
南投縣,南投市,鳳山里,262,191725,732,503,336,753,1372.49,187.56
南投縣,南投市,平山里,1664,1210911,728,533,328,862,774.52,106.43
南投縣,南投市,新興里,1575,1048628,666,528,324,825,561.44,84.33
南投縣,南投市,永豐里,883,751752,851,520,321,797,6136.51,720.79
南投縣,南投市,福興里,842,678068,805,504,307,785,2902.13,360.38
南投縣,南投市,營北里,2243,2315152,1032,739,404,1349,983.15,95.25
南投縣,南投市,營南里,787,644091,818,575,357,957,848.41,103.67
南投縣,南投市,內新里,403,304008,754,614,332,1029,617.34,81.84
南投縣,南投市,內興里,2142,2018485,942,678,388,1247,881.90,93.59
南投縣,南投市,光華里,315,237209,753,566,329,880,802.30,106.54
南投縣,南投市,光榮里,375,269786,719,549,324,935,630.51,87.64
南投縣,南投市,光明里,366,297320,812,655,382,1075,611.56,75.28
南投縣,南投市,光輝里,169,184405,1091,633,335,1141,2769.02,253.77
南投縣,南投市,福山里,487,291069,598,461,311,734,475.22,79.51
南投縣,南投市,永興里,158,112024,709,483,317,894,685.36,96.66
南投縣,埔里鎮,東門里,679,473991,698,479,277,841,712.71,102.10
南投縣,埔里鎮,西門里,753,524755,697,533,318,908,685.51,98.37
南投縣,埔里鎮,南門里,241,181604,754,539,252,1081,757.11,100.47
南投縣,埔里鎮,北門里,604,418174,692,524,320,885,603.81,87.21
南投縣,埔里鎮,薰化里,315,243817,774,485,250,886,1446.34,186.86
南投縣,埔里鎮,清新里,821,554866,676,499,298,879,595.36,88.09
南投縣,埔里鎮,同聲里,498,340301,683,466,266,839,707.27,103.50
南投縣,埔里鎮,大城里,1421,1013428,713,541,321,912,653.22,91.59
南投縣,埔里鎮,籃城里,179,130813,731,471,314,758,1286.42,176.03
南投縣,埔里鎮,枇杷里,1795,1301589,725,528,304,912,712.27,98.23
南投縣,埔里鎮,杷城里,628,436389,695,511,308,874,628.62,90.46
南投縣,埔里鎮,水頭里,788,642076,815,508,306,871,3457.24,424.30
南投縣,埔里鎮,麒麟里,162,110755,684,469,289,866,607.02,88.79
南投縣,埔里鎮,珠格里,184,129049,701,506,289,922,730.36,104.14
南投縣,埔里鎮,溪南里,217,143615,662,473,272,775,697.63,105.41
南投縣,埔里鎮,桃米里,217,144376,665,487,269,833,605.77,91.05
南投縣,埔里鎮,南村里,274,183046,668,491,303,888,600.82,89.94
南投縣,埔里鎮,愛蘭里,316,253667,803,602,351,964,704.36,87.74
南投縣,埔里鎮,鐵山里,379,244487,645,527,346,812,525.31,81.43
南投縣,埔里鎮,房里里,208,124795,600,478,273,762,507.95,84.66
南投縣,埔里鎮,向善里,93,53835,579,410,301,662,561.20,96.95
南投縣,埔里鎮,一新里,195,122913,630,405,256,639,1049.75,166.54
南投縣,埔里鎮,廣成里,186,117751,633,497,309,871,497.05,78.52
南投縣,埔里鎮,史港里,99,69835,705,429,307,847,720.29,102.11
南投縣,埔里鎮,福興里,195,112611,577,413,172,745,657.18,113.80
南投縣,埔里鎮,牛眠里,486,291799,600,465,287,754,530.09,88.29
南投縣,埔里鎮,大湳里,371,275095,741,509,296,1037,685.62,92.46
南投縣,埔里鎮,蜈蚣里,487,318227,653,521,312,870,524.67,80.29
南投縣,埔里鎮,成功里,53,37591,709,486,297,905,583.41,82.25
南投縣,埔里鎮,合成里,213,126213,593,439,266,708,628.83,106.12
南投縣,埔里鎮,北安里,892,648153,727,529,306,939,688.33,94.73
南投縣,埔里鎮,泰安里,598,405899,679,515,306,878,558.01,82.21
南投縣,埔里鎮,北梅里,774,578808,748,573,316,1017,640.32,85.62
南投縣,草屯鎮,玉峰里,692,511412,739,551,317,955,666.44,90.18
南投縣,草屯鎮,炎峰里,703,579178,824,623,328,1020,845.86,102.67
南投縣,草屯鎮,和平里,429,337170,786,528,292,944,789.35,100.43
南投縣,草屯鎮,敦和里,1907,1522851,799,551,315,983,1492.08,186.85
南投縣,草屯鎮,山腳里,2517,2336270,928,618,359,1117,1782.90,192.08
南投縣,草屯鎮,富寮里,1860,1455922,783,584,330,1035,696.96,89.04
南投縣,草屯鎮,御史里,1711,1337588,782,530,307,947,1772.95,226.79
南投縣,草屯鎮,新豐里,1132,795703,703,524,308,892,645.32,91.81
南投縣,草屯鎮,明正里,1121,851474,760,569,310,971,716.95,94.39
南投縣,草屯鎮,中正里,209,177586,850,563,311,1017,1064.62,125.29
南投縣,草屯鎮,碧峰里,1277,932819,730,575,333,896,634.29,86.83
南投縣,草屯鎮,上林里,1002,776592,775,566,325,963,835.85,107.85
南投縣,草屯鎮,新庄里,1017,764441,752,553,314,913,778.20,103.53
南投縣,草屯鎮,北投里,793,668064,842,502,308,821,3821.51,453.62
南投縣,草屯鎮,石川里,441,335467,761,575,301,932,817.50,107.47
南投縣,草屯鎮,加老里,712,507743,713,509,295,853,1124.07,157.63
南投縣,草屯鎮,中原里,544,384394,707,537,330,887,648.95,91.84
南投縣,草屯鎮,北勢里,473,295663,625,511,292,741,536.10,85.76
南投縣,草屯鎮,南埔里,1107,804899,727,524,306,918,785.51,108.03
南投縣,草屯鎮,土城里,386,236014,611,457,259,764,597.05,97.65
南投縣,草屯鎮,坪頂里,206,151651,736,503,274,799,1512.49,205.45
南投縣,草屯鎮,雙冬里,430,254351,592,496,266,770,477.41,80.71
南投縣,草屯鎮,復興里,806,598490,743,535,326,894,1138.67,153.35
南投縣,草屯鎮,平林里,225,155690,692,491,285,793,891.96,128.90
南投縣,草屯鎮,碧洲里,719,541594,753,567,317,1004,672.23,89.24
南投縣,草屯鎮,中山里,772,639225,828,595,321,1011,851.55,102.84
南投縣,草屯鎮,新厝里,1022,840119,822,600,371,1012,750.97,91.35
南投縣,竹山鎮,竹山里,561,412363,735,551,327,909,656.66,89.34
南投縣,竹山鎮,中正里,167,118476,709,503,305,914,720.93,101.62
南投縣,竹山鎮,中山里,1107,769958,696,513,299,884,652.97,93.88
南投縣,竹山鎮,雲林里,987,735245,745,574,345,929,695.37,93.35
南投縣,竹山鎮,硘磘里,395,257094,651,482,295,808,568.40,87.33
南投縣,竹山鎮,桂林里,841,605337,720,551,321,961,628.94,87.38
南投縣,竹山鎮,下坪里,278,214481,772,560,372,984,665.77,86.29
南投縣,竹山鎮,中和里,212,129999,613,522,299,818,478.47,78.03
南投縣,竹山鎮,中崎里,310,192292,620,503,325,775,498.58,80.38
南投縣,竹山鎮,德興里,158,104922,664,530,313,752,729.46,109.85
南投縣,竹山鎮,延和里,1333,980149,735,562,322,927,661.11,89.91
南投縣,竹山鎮,延正里,326,223303,685,474,299,726,960.37,140.20
南投縣,竹山鎮,延平里,665,432493,650,502,305,784,558.54,85.88
南投縣,竹山鎮,延山里,158,134740,853,573,345,1009,1056.35,123.87
南投縣,竹山鎮,山崇里,405,307619,760,542,354,971,805.18,106.01
南投縣,竹山鎮,社寮里,275,189230,688,500,312,849,676.98,98.38
南投縣,竹山鎮,中央里,255,164823,646,519,299,836,497.87,77.03
南投縣,竹山鎮,富州里,143,88559,619,529,295,780,463.40,74.83
南投縣,竹山鎮,大鞍里,42,22737,541,457,354,686,326.87,60.38
南投縣,竹山鎮,田子里,90,55612,618,490,317,817,521.03,84.32
南投縣,竹山鎮,福興里,78,48884,627,442,297,789,514.26,82.06
南投縣,竹山鎮,鯉魚里,133,70366,529,458,236,682,456.47,86.28
南投縣,竹山鎮,坪頂里,56,41423,740,570,329,1048,658.74,89.06
南投縣,竹山鎮,瑞竹里,100,55702,557,446,265,677,604.29,108.49
南投縣,竹山鎮,桶頭里,109,83704,768,445,233,674,2477.91,322.67
南投縣,竹山鎮,秀林里,114,68203,598,510,290,767,456.78,76.35
南投縣,竹山鎮,延祥里,902,561335,622,506,290,800,516.65,83.02
南投縣,竹山鎮,竹圍里,588,413688,704,542,344,886,588.78,83.69
南投縣,集集鎮,集集里,269,199694,742,572,320,909,651.98,87.83
南投縣,集集鎮,和平里,217,161247,743,558,342,945,703.68,94.70
南投縣,集集鎮,林尾里,113,99124,877,616,382,1087,828.99,94.50
南投縣,集集鎮,田寮里,299,230207,770,723,383,1024,513.02,66.63
南投縣,集集鎮,隘寮里,105,78705,750,605,337,952,736.57,98.27
南投縣,集集鎮,玉映里,119,86646,728,558,324,956,609.13,83.66
南投縣,集集鎮,吳厝里,207,136724,661,494,321,841,549.42,83.18
南投縣,集集鎮,八張里,332,226707,683,540,318,889,639.88,93.71
南投縣,集集鎮,永昌里,229,196622,859,589,330,1092,1115.68,129.94
南投縣,集集鎮,富山里,103,63212,614,476,286,758,611.23,99.60
南投縣,集集鎮,廣明里,187,149482,799,573,345,1051,680.78,85.16
南投縣,名間鄉,南雅村,257,176832,688,539,324,913,530.81,77.15
南投縣,名間鄉,中正村,876,618327,706,549,334,885,636.86,90.23
南投縣,名間鄉,中山村,555,372854,672,508,290,779,762.15,113.45
南投縣,名間鄉,濁水村,354,241399,682,509,308,786,640.26,93.89
南投縣,名間鄉,炭寮村,210,159688,760,505,326,773,1449.20,190.58
南投縣,名間鄉,新民村,205,121034,590,481,288,742,474.52,80.37
南投縣,名間鄉,新街村,1168,756844,648,505,305,822,601.12,92.77
南投縣,名間鄉,東湖村,409,279246,683,546,343,827,566.16,82.92
南投縣,名間鄉,仁和村,178,108388,609,493,319,784,460.67,75.65
南投縣,名間鄉,萬丹村,221,148920,674,508,301,837,780.42,115.82
南投縣,名間鄉,田仔村,305,208030,682,487,297,877,620.12,90.92
南投縣,名間鄉,新光村,414,298947,722,564,329,907,665.63,92.18
南投縣,名間鄉,大庄村,375,255296,681,548,311,864,558.12,81.98
南投縣,名間鄉,下村,159,117406,738,562,356,900,707.94,95.87
南投縣,名間鄉,大坑村,165,107802,653,526,278,828,568.92,87.08
南投縣,名間鄉,竹圍村,175,111068,635,520,312,774,585.31,92.22
南投縣,名間鄉,赤水村,212,146928,693,515,296,841,657.06,94.81
南投縣,名間鄉,三崙村,306,215067,703,540,322,868,593.62,84.46
南投縣,名間鄉,松山村,352,232049,659,469,311,781,752.51,114.15
南投縣,名間鄉,松柏村,227,146144,644,516,291,784,612.81,95.19
南投縣,名間鄉,埔中村,200,121582,608,445,297,671,599.84,98.67
南投縣,名間鄉,崁腳村,205,133303,650,502,300,821,541.44,83.26
南投縣,名間鄉,新厝村,169,106925,633,470,282,832,546.89,86.44
南投縣,鹿谷鄉,鹿谷村,405,305215,754,582,334,937,742.69,98.55
南投縣,鹿谷鄉,初鄉村,313,213097,681,504,333,861,596.83,87.66
南投縣,鹿谷鄉,彰雅村,265,214694,810,575,336,918,1002.86,123.78
南投縣,鹿谷鄉,廣興村,445,351752,790,584,329,1015,675.13,85.41
南投縣,鹿谷鄉,內湖村,194,126526,652,526,282,762,643.74,98.70
南投縣,鹿谷鄉,竹林村,242,187332,774,543,330,948,768.11,99.23
南投縣,鹿谷鄉,竹豐村,152,97539,642,538,335,793,550.13,85.73
南投縣,鹿谷鄉,和雅村,104,66938,644,492,313,807,581.35,90.32
南投縣,鹿谷鄉,鳳凰村,292,200767,688,552,338,832,663.46,96.50
南投縣,鹿谷鄉,永隆村,339,255032,752,585,379,924,623.31,82.85
南投縣,鹿谷鄉,秀峰村,141,105342,747,524,363,813,814.67,109.04
南投縣,鹿谷鄉,清水村,131,86326,659,536,339,782,542.03,82.25
南投縣,鹿谷鄉,瑞田村,121,100868,834,550,382,861,1571.09,188.47
南投縣,中寮鄉,廣興村,159,94026,591,441,275,748,501.58,84.82
南投縣,中寮鄉,崁頂村,91,58327,641,436,252,819,591.23,92.24
南投縣,中寮鄉,和興村,105,67253,641,518,249,795,690.16,107.75
南投縣,中寮鄉,八仙村,167,104928,628,474,272,773,631.62,100.53
南投縣,中寮鄉,福盛村,107,69208,647,505,330,855,528.97,81.78
南投縣,中寮鄉,永平村,437,277986,636,476,276,770,556.10,87.42
南投縣,中寮鄉,復興村,62,36333,586,445,259,887,444.61,75.87
南投縣,中寮鄉,中寮村,158,106442,674,479,308,718,846.30,125.62
南投縣,中寮鄉,廣福村,101,72103,714,524,283,833,806.28,112.94
南投縣,中寮鄉,永福村,321,225519,703,495,290,873,768.56,109.39
南投縣,中寮鄉,義和村,238,134187,564,459,307,678,416.76,73.92
南投縣,中寮鄉,清水村,122,76637,628,539,302,765,611.51,97.35
南投縣,中寮鄉,龍安村,149,89075,598,522,338,704,469.23,78.49
南投縣,中寮鄉,龍岩村,151,90259,598,463,299,725,477.31,79.85
南投縣,中寮鄉,永和村,107,59169,553,442,266,639,481.42,87.06
南投縣,中寮鄉,內城村,90,60674,674,483,311,835,773.89,114.79
南投縣,中寮鄉,爽文村,103,57223,556,460,317,668,421.73,75.91
南投縣,中寮鄉,永芳村,86,43535,506,425,241,646,402.91,79.59
南投縣,魚池鄉,東池村,327,216221,661,459,312,852,618.16,93.49
南投縣,魚池鄉,魚池村,471,341518,725,557,336,964,572.82,79.00
南投縣,魚池鄉,中明村,178,107838,606,488,321,734,494.12,81.56
南投縣,魚池鄉,新城村,240,153607,640,534,324,827,569.76,89.02
南投縣,魚池鄉,大林村,199,116043,583,469,285,734,503.40,86.33
南投縣,魚池鄉,大雁村,127,101121,796,555,318,888,1101.79,138.38
南投縣,魚池鄉,五城村,161,98618,613,483,298,749,527.66,86.14
南投縣,魚池鄉,東光村,164,113836,694,483,292,768,1214.08,174.91
南投縣,魚池鄉,共和村,144,88319,613,481,304,697,667.26,108.79
南投縣,魚池鄉,水社村,180,130869,727,510,334,876,647.30,89.03
南投縣,魚池鄉,頭社村,155,92013,594,490,275,721,582.25,98.08
南投縣,魚池鄉,武登村,101,63037,624,477,311,804,504.30,80.80
南投縣,魚池鄉,日月村,149,180290,1210,517,315,914,4856.25,401.34
南投縣,國姓鄉,國姓村,318,224632,706,468,292,868,835.86,118.33
南投縣,國姓鄉,石門村,339,213477,630,487,289,810,556.13,88.31
南投縣,國姓鄉,大旗村,82,51112,623,526,348,776,478.78,76.81
南投縣,國姓鄉,北港村,312,205093,657,460,272,837,625.78,95.20
南投縣,國姓鄉,長流村,246,139150,566,473,296,710,450.61,79.66
南投縣,國姓鄉,福龜村,336,208350,620,469,276,749,661.74,106.72
南投縣,國姓鄉,乾溝村,144,89878,624,498,311,807,482.32,77.28
南投縣,國姓鄉,柑林村,202,105777,524,412,239,710,435.81,83.23
南投縣,國姓鄉,南港村,283,153132,541,461,269,744,421.88,77.97
南投縣,國姓鄉,北山村,216,130373,604,468,297,675,621.91,103.04
南投縣,國姓鄉,大石村,112,76918,687,551,289,858,611.20,89.00
南投縣,國姓鄉,長福村,117,53443,457,361,213,621,382.22,83.68
南投縣,國姓鄉,長豐村,97,59667,615,498,302,685,550.40,89.48
南投縣,水里鄉,水里村,156,89323,573,493,273,745,458.92,80.15
南投縣,水里鄉,農富村,127,75519,595,455,269,762,491.15,82.60
南投縣,水里鄉,新城村,328,210842,643,507,276,777,778.42,121.10
南投縣,水里鄉,中央村,137,80405,587,456,254,777,474.16,80.79
南投縣,水里鄉,城中村,182,128709,707,536,284,858,649.04,91.78
南投縣,水里鄉,北埔村,264,178542,676,539,322,841,586.64,86.74
南投縣,水里鄉,鉅工村,278,232490,836,594,323,1322,761.39,91.04
南投縣,水里鄉,永豐村,323,193269,598,459,272,734,522.58,87.34
南投縣,水里鄉,頂崁村,258,153538,595,490,254,766,504.73,84.81
南投縣,水里鄉,車埕村,83,51987,626,450,254,785,728.89,116.37
南投縣,水里鄉,新興村,104,56308,541,507,332,702,331.06,61.15
南投縣,水里鄉,新山村,37,38846,1050,692,601,1008,1278.02,121.73
南投縣,水里鄉,郡坑村,49,24666,503,437,282,649,355.57,70.64
南投縣,水里鄉,上安村,183,106586,582,499,301,748,423.41,72.70
南投縣,水里鄉,民和村,116,68457,590,430,251,655,590.99,100.14
南投縣,水里鄉,永興村,58,31539,544,510,312,708,336.00,61.79
南投縣,水里鄉,玉峰村,149,82913,556,458,252,715,442.47,79.51
南投縣,水里鄉,興隆村,48,26781,558,448,290,714,475.54,85.23
南投縣,水里鄉,南光村,412,280624,681,526,323,890,570.26,83.72
南投縣,信義鄉,明德村,280,194557,695,529,325,909,579.73,83.43
南投縣,信義鄉,地利村,147,89117,606,525,378,757,429.23,70.80
南投縣,信義鄉,人和村,147,97276,662,603,435,784,403.21,60.93
南投縣,信義鄉,愛國村,92,64579,702,522,296,815,751.35,107.04
南投縣,信義鄉,自強村,121,77144,638,427,278,768,709.74,111.32
南投縣,信義鄉,羅娜村,189,129147,683,586,359,903,496.58,72.67
南投縣,信義鄉,望美村,244,164886,676,541,355,811,574.66,85.04
南投縣,信義鄉,同富村,191,137687,721,560,338,875,635.72,88.19
南投縣,信義鄉,神木村,76,43599,574,418,257,617,821.93,143.28
南投縣,信義鄉,東埔村,163,101690,624,567,389,781,382.37,61.29
南投縣,信義鄉,潭南村,67,33004,493,414,238,697,338.15,68.65
南投縣,信義鄉,雙龍村,72,37088,515,492,243,660,341.35,66.27
南投縣,信義鄉,新鄉村,80,57504,719,623,462,898,431.91,60.09
南投縣,信義鄉,豐丘村,94,59951,638,551,347,850,443.82,69.59
南投縣,仁愛鄉,大同村,323,236384,732,577,316,928,627.93,85.80
南投縣,仁愛鄉,春陽村,150,86377,576,524,346,727,335.69,58.29
南投縣,仁愛鄉,合作村,60,37476,625,508,283,827,492.94,78.92
南投縣,仁愛鄉,發祥村,95,59747,629,514,375,786,436.17,69.35
南投縣,仁愛鄉,力行村,68,51524,758,627,382,975,515.80,68.07
南投縣,仁愛鄉,法治村,82,50177,612,553,343,757,385.39,62.98
南投縣,仁愛鄉,親愛村,199,133297,670,556,360,851,467.71,69.83
南投縣,仁愛鄉,中正村,139,86700,624,534,329,745,551.80,88.47
南投縣,仁愛鄉,互助村,194,141946,732,617,362,996,486.72,66.52
南投縣,仁愛鄉,新生村,97,60007,619,508,361,781,434.45,70.23
南投縣,仁愛鄉,萬豐村,75,48534,647,565,381,791,447.58,69.17
南投縣,仁愛鄉,精英村,111,69875,630,496,253,809,525.93,83.55
南投縣,仁愛鄉,南豐村,202,136200,674,570,355,860,505.46,74.97
南投縣,仁愛鄉,榮興村,11,7484,680,502,330,1006,502.77,73.90
南投縣,仁愛鄉,翠華村,41,22356,545,465,266,701,396.29,72.68
南投縣,仁愛鄉,都達村,56,36348,649,610,317,864,421.67,64.97
彰化縣,彰化市,中正里,515,584155,1134,568,327,1017,5490.92,484.09
彰化縣,彰化市,文化里,425,370112,871,587,338,1042,1088.28,124.97
彰化縣,彰化市,新興里,1891,1693011,895,640,353,1117,906.98,101.30
彰化縣,彰化市,下廍里,1829,1776039,971,646,364,1198,1467.82,151.16
彰化縣,彰化市,民生里,530,522569,986,611,339,1167,1420.22,144.04
彰化縣,彰化市,興北里,560,468277,836,632,321,1084,732.37,87.58
彰化縣,彰化市,信義里,309,328202,1062,694,370,1256,1453.34,136.83
彰化縣,彰化市,陽明里,620,567209,915,619,349,1097,1200.83,131.26
彰化縣,彰化市,萬安里,1409,1216939,864,600,341,1086,927.33,107.37
彰化縣,彰化市,新華里,515,411100,798,580,353,984,770.01,96.46
彰化縣,彰化市,光華里,284,244819,862,531,277,1174,886.21,102.80
彰化縣,彰化市,光復里,282,296923,1053,585,287,1115,1569.18,149.03
彰化縣,彰化市,龍山里,673,622540,925,663,375,1176,967.75,104.62
彰化縣,彰化市,中山里,238,206758,869,613,360,1083,865.09,99.58
彰化縣,彰化市,永福里,309,425980,1379,707,360,1331,6755.09,490.01
彰化縣,彰化市,永生里,420,312367,744,507,288,882,803.89,108.09
彰化縣,彰化市,桃源里,683,544464,797,522,305,890,1036.34,130.00
彰化縣,彰化市,大同里,331,290358,877,541,281,1021,1084.61,123.64
彰化縣,彰化市,東興里,568,554764,977,635,379,1180,1060.75,108.61
彰化縣,彰化市,卦山里,891,851781,956,618,340,1126,1517.20,158.71
彰化縣,彰化市,彰安里,1028,862611,839,545,297,1009,1039.51,123.88
彰化縣,彰化市,福安里,390,337158,865,641,312,1108,790.51,91.44
彰化縣,彰化市,西安里,990,1005298,1015,606,340,1131,2561.00,252.20
彰化縣,彰化市,成功里,525,491709,937,614,315,1094,1234.61,131.82
彰化縣,彰化市,南瑤里,2798,2563313,916,616,351,1105,1384.28,151.10
彰化縣,彰化市,華陽里,557,475943,854,589,344,1010,1223.69,143.21
彰化縣,彰化市,延和里,1731,1688138,975,594,343,1114,2039.83,209.16
彰化縣,彰化市,延平里,3050,2821678,925,622,353,1130,1161.95,125.60
彰化縣,彰化市,華北里,511,410475,803,569,328,1046,773.12,96.25
彰化縣,彰化市,南興里,2513,2082989,829,601,331,1050,832.49,100.43
彰化縣,彰化市,富貴里,322,246948,767,551,259,952,845.95,110.31
彰化縣,彰化市,介壽里,750,661614,882,613,350,1055,1059.50,120.10
彰化縣,彰化市,光南里,544,726111,1335,641,348,1077,10245.36,767.58
彰化縣,彰化市,民權里,333,266246,800,577,288,920,1022.71,127.91
彰化縣,彰化市,萬壽里,315,253414,804,537,286,915,1063.25,132.17
彰化縣,彰化市,中央里,293,268578,917,552,305,927,1752.29,191.16
彰化縣,彰化市,忠孝里,436,497697,1142,689,382,1225,2020.48,177.00
彰化縣,彰化市,五權里,1393,1137765,817,586,347,1013,928.23,113.65
彰化縣,彰化市,西興里,1174,1027476,875,610,336,1071,872.55,99.70
彰化縣,彰化市,忠權里,1115,940375,843,602,337,1083,829.09,98.30
彰化縣,彰化市,長樂里,369,299134,811,535,257,977,948.23,116.97
彰化縣,彰化市,西勢里,1316,1190484,905,625,324,1205,888.79,98.25
彰化縣,彰化市,莿桐里,1100,899388,818,529,300,935,2315.72,283.22
彰化縣,彰化市,南安里,740,457154,618,472,268,769,617.17,99.90
彰化縣,彰化市,東芳里,1091,751554,689,515,303,869,624.35,90.63
彰化縣,彰化市,南美里,587,428075,729,525,297,883,760.40,104.27
彰化縣,彰化市,平和里,1523,1154805,758,554,313,947,708.64,93.46
彰化縣,彰化市,磚磘里,1095,808765,739,511,288,867,1963.98,265.91
彰化縣,彰化市,阿夷里,2812,2495190,887,630,356,1141,931.05,104.93
彰化縣,彰化市,古夷里,792,545343,689,491,302,849,658.96,95.70
彰化縣,彰化市,寶廍里,353,243579,690,503,284,878,607.86,88.09
彰化縣,彰化市,茄苳里,307,208622,680,458,270,795,710.52,104.56
彰化縣,彰化市,茄南里,976,725178,743,540,305,903,784.03,105.52
彰化縣,彰化市,和調里,948,767067,809,568,330,983,813.16,100.50
彰化縣,彰化市,大竹里,1063,776732,731,541,312,910,703.64,96.30
彰化縣,彰化市,竹中里,545,380099,697,510,313,828,642.70,92.15
彰化縣,彰化市,安溪里,601,440091,732,551,332,930,622.28,84.98
彰化縣,彰化市,香山里,1093,832388,762,584,334,951,680.38,89.34
彰化縣,彰化市,牛埔里,892,601335,674,522,312,847,557.29,82.67
彰化縣,彰化市,三村里,311,217776,700,461,288,771,751.28,107.29
彰化縣,彰化市,國聖里,841,645223,767,505,290,863,1378.37,179.66
彰化縣,彰化市,福山里,2217,1521710,686,525,310,858,630.36,91.84
彰化縣,彰化市,中庄里,845,616173,729,561,330,926,646.54,88.66
彰化縣,彰化市,快官里,340,300740,885,555,345,893,1510.37,170.75
彰化縣,彰化市,竹巷里,232,149322,644,498,306,793,545.80,84.80
彰化縣,彰化市,福田里,352,206931,588,466,305,757,474.98,80.80
彰化縣,彰化市,石牌里,294,294144,1000,541,335,863,5202.21,519.97
彰化縣,彰化市,田中里,257,182903,712,543,340,841,603.03,84.73
彰化縣,彰化市,建寶里,826,747045,904,648,352,1185,937.83,103.69
彰化縣,彰化市,復興里,1522,1200844,789,563,316,984,874.24,110.80
彰化縣,彰化市,臺鳳里,1435,907850,633,503,289,816,498.63,78.82
彰化縣,彰化市,向陽里,1834,1801920,983,676,376,1212,1300.18,132.33
彰化縣,彰化市,崙平里,1836,1549803,844,591,336,1015,1395.61,165.33
彰化縣,鹿港鎮,詔安里,589,341553,580,419,264,706,730.36,125.95
彰化縣,鹿港鎮,洋厝里,654,457260,699,503,306,853,822.32,117.61
彰化縣,鹿港鎮,海埔里,984,629643,640,487,291,800,577.81,90.30
彰化縣,鹿港鎮,山崙里,798,537178,673,458,288,734,832.82,123.72
彰化縣,鹿港鎮,頭南里,660,739844,1121,482,295,769,6398.36,570.79
彰化縣,鹿港鎮,草中里,938,630144,672,486,295,835,643.88,95.84
彰化縣,鹿港鎮,廖厝里,1320,874207,662,479,266,821,766.15,115.68
彰化縣,鹿港鎮,溝墘里,1371,1115432,814,489,290,819,2754.73,338.59
彰化縣,鹿港鎮,頭崙里,816,581532,713,500,293,886,744.42,104.46
彰化縣,鹿港鎮,東石里,1267,926824,732,516,311,847,976.78,133.53
彰化縣,鹿港鎮,頂番里,1236,922332,746,515,297,883,839.78,112.54
彰化縣,鹿港鎮,郭厝里,134,96000,716,516,327,900,607.77,84.83
彰化縣,鹿港鎮,玉順里,334,250527,750,481,291,912,801.14,106.81
彰化縣,鹿港鎮,新宮里,242,141383,584,437,247,688,541.51,92.69
彰化縣,鹿港鎮,順興里,258,189292,734,503,294,991,683.08,93.10
彰化縣,鹿港鎮,中興里,180,136227,757,516,281,923,1059.11,139.94
彰化縣,鹿港鎮,景福里,383,307098,802,561,323,1011,838.26,104.54
彰化縣,鹿港鎮,興化里,169,129395,766,557,300,977,699.58,91.37
彰化縣,鹿港鎮,洛津里,232,170111,733,504,296,894,813.21,110.91
彰化縣,鹿港鎮,街尾里,692,680995,984,573,328,961,2975.77,302.39
彰化縣,鹿港鎮,泰興里,428,542395,1267,598,334,1079,4152.08,327.64
彰化縣,鹿港鎮,埔崙里,1595,1169011,733,535,327,870,740.82,101.08
彰化縣,鹿港鎮,菜園里,298,198385,666,519,294,878,565.24,84.91
彰化縣,鹿港鎮,長興里,85,73810,868,496,373,1013,1040.51,119.82
彰化縣,鹿港鎮,東崎里,1475,991195,672,518,319,818,582.68,86.71
彰化縣,鹿港鎮,龍山里,233,172927,742,490,269,912,1008.87,135.93
彰化縣,鹿港鎮,頂厝里,2527,2127514,842,555,323,932,1766.46,209.82
彰化縣,鹿港鎮,大有里,348,275201,791,532,322,892,1062.40,134.34
彰化縣,鹿港鎮,永安里,1477,1330063,901,581,330,993,2427.41,269.56
彰化縣,和美鎮,竹營里,2138,1685836,789,570,349,942,1063.41,134.86
彰化縣,和美鎮,和東里,1502,1244823,829,535,301,940,1617.94,195.22
彰化縣,和美鎮,和南里,128,86606,677,490,292,798,682.70,100.90
彰化縣,和美鎮,和北里,675,534535,792,508,311,964,1496.30,188.95
彰化縣,和美鎮,和西里,1099,892296,812,596,330,1004,863.03,106.30
彰化縣,和美鎮,四張里,982,671484,684,521,304,828,728.52,106.54
彰化縣,和美鎮,頭前里,548,388658,709,534,320,886,670.60,94.55
彰化縣,和美鎮,還社里,259,164813,636,485,307,735,631.20,99.19
彰化縣,和美鎮,鎮平里,942,610448,648,497,300,797,577.79,89.16
彰化縣,和美鎮,大霞里,411,275543,670,504,292,784,696.62,103.91
彰化縣,和美鎮,源埤里,546,385634,706,483,286,899,680.04,96.28
彰化縣,和美鎮,南佃里,678,428491,632,476,290,746,636.01,100.64
彰化縣,和美鎮,雅溝里,450,302468,672,478,281,796,650.36,96.76
彰化縣,和美鎮,面前里,709,483899,683,505,306,846,607.89,89.07
彰化縣,和美鎮,山犁里,1802,1373111,762,545,331,975,743.96,97.63
彰化縣,和美鎮,嘉犁里,640,509213,796,543,312,907,1711.55,215.12
彰化縣,和美鎮,鐵山里,981,808455,824,499,308,875,1361.35,165.19
彰化縣,和美鎮,詔安里,694,482457,695,519,308,847,756.76,108.86
彰化縣,和美鎮,柑井里,1131,847907,750,544,316,897,1030.58,137.47
彰化縣,和美鎮,竹園里,311,195700,629,455,286,762,588.35,93.50
彰化縣,和美鎮,新庄里,784,540425,689,531,314,865,618.24,89.69
彰化縣,和美鎮,犁盛里,763,570844,748,550,322,898,745.26,99.61
彰化縣,和美鎮,中寮里,325,201032,619,455,309,728,541.47,87.54
彰化縣,和美鎮,中圍里,924,582600,631,501,295,798,549.85,87.21
彰化縣,和美鎮,糖友里,1507,1178319,782,596,364,1010,676.22,86.48
彰化縣,和美鎮,塗厝里,590,381140,646,492,303,793,621.44,96.20
彰化縣,和美鎮,地潭里,259,167492,647,514,338,796,497.41,76.92
彰化縣,和美鎮,湖內里,394,253621,644,512,311,734,628.22,97.59
彰化縣,和美鎮,嘉寶里,605,379965,628,455,272,730,677.90,107.94
彰化縣,和美鎮,月眉里,1000,627089,627,484,304,799,529.72,84.47
彰化縣,和美鎮,好修里,546,337616,618,526,296,785,503.77,81.47
彰化縣,和美鎮,仁愛里,900,626698,696,520,325,860,653.01,93.78
彰化縣,北斗鎮,光復里,495,406617,821,627,339,1054,721.67,87.85
彰化縣,北斗鎮,新政里,265,212889,803,608,354,1049,746.09,92.87
彰化縣,北斗鎮,重慶里,149,112681,756,527,343,883,694.15,91.79
彰化縣,北斗鎮,五權里,183,127271,695,538,332,844,583.95,83.97
彰化縣,北斗鎮,七星里,382,277589,727,549,319,904,665.30,91.55
彰化縣,北斗鎮,居仁里,410,316008,771,556,333,933,718.23,93.19
彰化縣,北斗鎮,東光里,591,420907,712,545,317,942,584.25,82.04
彰化縣,北斗鎮,中和里,313,205990,658,500,296,767,703.84,106.95
彰化縣,北斗鎮,文昌里,848,622609,734,550,314,916,669.13,91.14
彰化縣,北斗鎮,西德里,1366,1030008,754,556,323,932,811.48,107.62
彰化縣,北斗鎮,西安里,458,392202,856,595,389,981,979.79,114.42
彰化縣,北斗鎮,中寮里,598,427409,715,540,315,952,600.38,84.00
彰化縣,北斗鎮,大道里,486,378985,780,531,294,1043,736.53,94.45
彰化縣,北斗鎮,新生里,454,289360,637,478,288,749,666.17,104.52
彰化縣,北斗鎮,大新里,451,315114,699,527,320,827,668.80,95.72
彰化縣,員林市,東和里,301,245505,816,563,328,932,948.36,116.27
彰化縣,員林市,民生里,811,587411,724,541,304,877,884.50,122.12
彰化縣,員林市,中正里,1084,983696,907,646,366,1143,991.76,109.29
彰化縣,員林市,新興里,224,186037,831,661,325,1128,688.83,82.94
彰化縣,員林市,仁美里,894,837584,937,632,342,1151,1004.05,107.17
彰化縣,員林市,和平里,977,787795,806,567,312,982,932.88,115.69
彰化縣,員林市,光明里,268,209619,782,513,307,893,1512.54,193.38
彰化縣,員林市,中山里,219,201798,921,668,365,1151,838.66,91.01
彰化縣,員林市,黎明里,547,541039,989,534,322,999,3090.49,312.45
彰化縣,員林市,惠來里,1825,1536194,842,593,340,1020,991.72,117.82
彰化縣,員林市,三義里,815,616132,756,553,334,898,760.29,100.57
彰化縣,員林市,南平里,1649,1503012,911,621,359,1119,1671.60,183.40
彰化縣,員林市,大埔里,565,372808,660,525,312,822,537.27,81.42
彰化縣,員林市,源潭里,489,354200,724,565,360,968,569.68,78.65
彰化縣,員林市,三條里,855,780573,913,612,367,1105,1174.74,128.68
彰化縣,員林市,三橋里,946,748900,792,585,359,964,764.24,96.54
彰化縣,員林市,溝皂里,705,669250,949,560,337,986,3141.50,330.93
彰化縣,員林市,中央里,597,539767,904,582,333,945,2369.28,262.05
彰化縣,員林市,大饒里,949,732174,772,580,339,959,668.29,86.62
彰化縣,員林市,大明里,656,434768,663,509,329,846,576.68,87.01
彰化縣,員林市,萬年里,1077,861885,800,584,344,975,754.35,94.26
彰化縣,員林市,崙雅里,697,460926,661,494,305,818,619.50,93.68
彰化縣,員林市,振興里,728,515217,708,543,345,904,589.02,83.23
彰化縣,員林市,林厝里,720,488831,679,536,330,796,986.02,145.23
彰化縣,員林市,出水里,390,250469,642,515,320,813,487.00,75.83
彰化縣,員林市,湖水里,280,191345,683,547,346,800,560.03,81.95
彰化縣,員林市,大峰里,186,118890,639,467,311,741,564.20,88.27
彰化縣,員林市,鎮興里,473,312715,661,546,330,829,527.73,79.82
彰化縣,員林市,浮圳里,627,474633,757,579,354,937,672.95,88.90
彰化縣,員林市,西東里,529,364168,688,555,363,864,527.67,76.65
彰化縣,員林市,南東里,500,338741,677,511,315,788,712.26,105.13
彰化縣,員林市,中東里,479,332684,695,567,340,864,570.71,82.17
彰化縣,員林市,東北里,647,431393,667,518,323,813,549.70,82.44
彰化縣,員林市,新生里,1382,1719755,1244,581,328,1009,9790.26,786.75
彰化縣,員林市,三和里,2027,1805217,891,608,358,1078,1110.95,124.74
彰化縣,員林市,南興里,1339,946444,707,561,342,887,584.90,82.75
彰化縣,員林市,三愛里,967,1048896,1085,678,393,1129,3098.51,285.66
彰化縣,員林市,三信里,838,834148,995,664,371,1231,1096.05,110.11
彰化縣,員林市,三多里,855,2029252,2373,670,390,1162,21846.03,920.46
彰化縣,員林市,仁愛里,516,517734,1003,627,372,1208,1245.56,124.14
彰化縣,員林市,忠孝里,711,598940,842,636,370,1085,757.49,89.92
彰化縣,溪湖鎮,光平里,360,266208,739,546,320,929,714.61,96.64
彰化縣,溪湖鎮,平和里,222,195154,879,664,390,1131,745.97,84.86
彰化縣,溪湖鎮,太平里,542,454982,839,596,347,1066,934.54,111.33
彰化縣,溪湖鎮,光華里,147,104157,709,578,325,942,598.82,84.51
彰化縣,溪湖鎮,東寮里,1004,778781,776,544,333,933,819.29,105.62
彰化縣,溪湖鎮,西寮里,627,450660,719,506,306,872,796.13,110.77
彰化縣,溪湖鎮,大突里,961,766147,797,582,344,981,816.66,102.44
彰化縣,溪湖鎮,北勢里,320,213044,666,504,310,817,618.89,92.96
彰化縣,溪湖鎮,汴頭里,781,604323,774,568,370,943,718.12,92.81
彰化縣,溪湖鎮,大竹里,747,584380,782,583,334,986,776.57,99.27
彰化縣,溪湖鎮,湖西里,663,493907,745,566,347,936,611.09,82.03
彰化縣,溪湖鎮,田中里,175,109947,628,518,303,818,449.07,71.48
彰化縣,溪湖鎮,河東里,373,225525,605,465,257,736,614.10,101.57
彰化縣,溪湖鎮,中山里,578,408362,707,549,331,872,689.90,97.65
彰化縣,溪湖鎮,中竹里,222,135342,610,507,326,701,481.20,78.93
彰化縣,溪湖鎮,東溪里,326,224902,690,467,305,829,714.79,103.61
彰化縣,溪湖鎮,西溪里,525,363758,693,522,317,808,647.18,93.41
彰化縣,溪湖鎮,湖東里,1266,975952,771,589,350,978,692.01,89.77
彰化縣,溪湖鎮,頂庄里,162,103264,637,497,291,828,499.91,78.43
彰化縣,溪湖鎮,忠覺里,359,236825,660,497,309,854,533.74,80.91
彰化縣,溪湖鎮,湳底里,138,109355,792,518,302,871,1077.53,135.98
彰化縣,溪湖鎮,大庭里,353,241821,685,569,346,899,525.80,76.75
彰化縣,溪湖鎮,媽厝里,254,167503,659,507,320,781,665.45,100.91
彰化縣,溪湖鎮,西勢里,530,350521,661,512,292,820,586.40,88.67
彰化縣,溪湖鎮,番婆里,394,260374,661,549,345,838,487.60,73.78
彰化縣,田中鎮,香山里,181,116758,645,511,281,812,559.14,86.68
彰化縣,田中鎮,碧峰里,210,147530,703,602,351,849,586.25,83.45
彰化縣,田中鎮,東源里,168,117907,702,574,345,910,531.23,75.69
彰化縣,田中鎮,復興里,385,254720,662,566,365,846,435.57,65.84
彰化縣,田中鎮,平和里,349,228330,654,489,324,844,560.47,85.67
彰化縣,田中鎮,頂潭里,338,264045,781,577,344,934,847.12,108.44
彰化縣,田中鎮,中潭里,473,316484,669,540,321,876,552.49,82.57
彰化縣,田中鎮,龍潭里,145,93960,648,524,378,813,490.26,75.66
彰化縣,田中鎮,北路里,1001,802686,802,625,356,1036,718.92,89.65
彰化縣,田中鎮,西路里,661,518756,785,573,367,1012,676.76,86.23
彰化縣,田中鎮,東路里,296,231302,781,564,349,989,706.24,90.38
彰化縣,田中鎮,南路里,336,249009,741,563,326,933,700.94,94.58
彰化縣,田中鎮,中路里,641,521083,813,613,393,1034,673.10,82.80
彰化縣,田中鎮,新庄里,635,483409,761,624,389,951,613.45,80.58
彰化縣,田中鎮,三安里,373,232235,623,492,317,768,518.53,83.28
彰化縣,田中鎮,大崙里,300,197096,657,512,318,817,616.12,93.78
彰化縣,田中鎮,沙崙里,461,338326,734,516,325,796,1072.35,146.12
彰化縣,田中鎮,新民里,1258,908287,722,579,378,911,554.70,76.83
彰化縣,田中鎮,梅州里,302,203978,675,518,317,862,541.81,80.22
彰化縣,田中鎮,三民里,390,260630,668,519,324,836,747.98,111.93
彰化縣,田中鎮,三光里,202,135761,672,508,326,782,736.42,109.57
彰化縣,田中鎮,大社里,206,137603,668,543,319,771,527.79,79.01
彰化縣,二林鎮,東和里,546,434767,796,600,343,973,716.50,89.98
彰化縣,二林鎮,南光里,904,758595,839,633,379,1075,716.43,85.38
彰化縣,二林鎮,西平里,348,247500,711,564,332,869,588.09,82.69
彰化縣,二林鎮,北平里,761,579071,761,588,347,991,658.64,86.56
彰化縣,二林鎮,中西里,306,214150,700,531,315,894,655.77,93.70
彰化縣,二林鎮,廣興里,265,168993,638,523,321,806,535.99,84.05
彰化縣,二林鎮,香田里,216,157388,729,538,373,831,653.39,89.67
彰化縣,二林鎮,外竹里,189,133921,709,517,325,799,787.39,111.12
彰化縣,二林鎮,興華里,232,153228,660,535,315,853,543.17,82.24
彰化縣,二林鎮,東興里,355,259079,730,562,360,936,601.81,82.46
彰化縣,二林鎮,後厝里,886,702745,793,618,384,1010,681.11,85.87
彰化縣,二林鎮,豐田里,585,436598,746,565,351,972,830.49,111.28
彰化縣,二林鎮,頂厝里,256,170825,667,550,371,890,479.08,71.80
彰化縣,二林鎮,趙甲里,258,179294,695,572,295,880,660.05,94.98
彰化縣,二林鎮,振興里,207,129999,628,511,316,716,479.06,76.28
彰化縣,二林鎮,萬興里,165,120350,729,575,343,897,629.81,86.35
彰化縣,二林鎮,永興里,324,215689,666,494,312,797,673.25,101.13
彰化縣,二林鎮,西庄里,256,167144,653,487,319,764,654.41,100.23
彰化縣,二林鎮,梅芳里,187,125938,673,510,318,820,555.74,82.52
彰化縣,二林鎮,華崙里,825,547223,663,499,310,800,586.06,88.36
彰化縣,二林鎮,東勢里,163,110676,679,536,361,866,521.59,76.82
彰化縣,二林鎮,大永里,163,102745,630,520,343,821,432.56,68.62
彰化縣,二林鎮,萬合里,203,142731,703,580,383,890,510.84,72.65
彰化縣,二林鎮,原斗里,289,198639,687,543,359,854,518.76,75.47
彰化縣,二林鎮,西斗里,220,140730,640,542,334,816,503.89,78.77
彰化縣,二林鎮,東華里,192,140472,732,587,355,920,571.72,78.14
彰化縣,二林鎮,復豐里,132,85372,647,497,300,840,534.50,82.64
彰化縣,線西鄉,線西村,684,471542,689,495,305,773,1175.86,170.57
彰化縣,線西鄉,頂庄村,366,197677,540,427,253,659,494.86,91.62
彰化縣,線西鄉,寓埔村,682,458414,672,470,286,812,680.53,101.24
彰化縣,線西鄉,塭仔村,379,253438,669,504,311,810,642.96,96.15
彰化縣,線西鄉,溝內村,329,188828,574,436,274,716,474.63,82.70
彰化縣,線西鄉,下犁村,586,393928,672,445,268,736,957.28,142.40
彰化縣,線西鄉,頂犁村,773,528151,683,493,285,852,700.28,102.49
彰化縣,線西鄉,德興村,442,294898,667,499,303,826,641.54,96.16
彰化縣,伸港鄉,新港村,1666,1151673,691,514,307,838,672.15,97.23
彰化縣,伸港鄉,什股村,557,319252,573,446,285,707,479.12,83.59
彰化縣,伸港鄉,海尾村,552,339856,616,492,307,762,525.39,85.33
彰化縣,伸港鄉,全興村,426,278146,653,464,276,747,940.95,144.11
彰化縣,伸港鄉,溪底村,559,361354,646,489,319,784,565.04,87.41
彰化縣,伸港鄉,定興村,842,489298,581,462,288,721,464.03,79.85
彰化縣,伸港鄉,泉州村,633,376073,594,480,284,779,485.05,81.64
彰化縣,伸港鄉,泉厝村,397,245425,618,460,273,801,594.06,96.10
彰化縣,伸港鄉,曾家村,468,265580,567,439,273,709,548.27,96.61
彰化縣,伸港鄉,蚵寮村,267,161564,605,475,288,774,548.43,90.63
彰化縣,伸港鄉,埤墘村,431,259261,602,471,293,800,468.65,77.91
彰化縣,伸港鄉,七嘉村,925,595484,644,485,311,801,577.45,89.70
彰化縣,伸港鄉,汴頭村,683,450410,659,460,288,778,909.13,137.86
彰化縣,伸港鄉,大同村,649,457784,705,535,333,901,624.77,88.57
彰化縣,福興鄉,福興村,1073,711409,663,482,300,811,667.26,100.64
彰化縣,福興鄉,外中村,355,227006,639,530,309,811,478.45,74.82
彰化縣,福興鄉,元中村,377,281482,747,536,305,850,775.10,103.81
彰化縣,福興鄉,大崙村,360,265694,738,556,280,864,910.01,123.30
彰化縣,福興鄉,外埔村,429,287942,671,532,325,849,604.58,90.08
彰化縣,福興鄉,三汴村,462,330227,715,526,330,891,593.75,83.07
彰化縣,福興鄉,萬豐村,293,240597,821,499,325,838,1533.17,186.71
彰化縣,福興鄉,番社村,403,283587,704,500,314,881,643.45,91.44
彰化縣,福興鄉,社尾村,362,240575,665,498,299,769,656.53,98.79
彰化縣,福興鄉,番婆村,665,488459,735,504,298,790,2176.57,296.32
彰化縣,福興鄉,橋頭村,856,843372,985,500,288,836,3809.20,386.62
彰化縣,福興鄉,秀厝村,596,359289,603,451,269,755,642.13,106.52
彰化縣,福興鄉,鎮平村,275,174877,636,420,270,757,734.36,115.48
彰化縣,福興鄉,三和村,242,188506,779,506,283,882,1249.56,160.42
彰化縣,福興鄉,麥厝村,553,357773,647,476,280,759,697.90,107.87
彰化縣,福興鄉,廈粘村,532,324333,610,482,291,747,527.82,86.58
彰化縣,福興鄉,頂粘村,647,542595,839,496,294,813,1516.00,180.77
彰化縣,福興鄉,福寶村,315,205168,651,463,289,723,696.07,106.87
彰化縣,福興鄉,二港村,362,241592,667,517,306,781,608.96,91.25
彰化縣,福興鄉,福南村,781,548397,702,472,289,790,1328.24,189.16
彰化縣,福興鄉,西勢村,577,377581,654,480,285,808,604.53,92.38
彰化縣,福興鄉,同安村,665,411874,619,477,273,800,551.10,88.98
彰化縣,秀水鄉,秀水村,501,344284,687,492,291,857,654.66,95.27
彰化縣,秀水鄉,安溪村,661,516229,781,557,330,955,906.05,116.01
彰化縣,秀水鄉,莊雅村,858,633026,738,518,321,897,873.44,118.39
彰化縣,秀水鄉,陜西村,410,277230,676,536,301,880,541.64,80.10
彰化縣,秀水鄉,金興村,503,372836,741,473,311,799,1527.71,206.11
彰化縣,秀水鄉,安東村,1271,934108,735,516,303,880,948.52,129.06
彰化縣,秀水鄉,鶴鳴村,974,697481,716,530,328,874,651.46,90.97
彰化縣,秀水鄉,馬興村,706,498488,706,528,322,856,697.91,98.84
彰化縣,秀水鄉,義興村,378,265152,701,487,288,757,766.06,109.21
彰化縣,秀水鄉,福安村,1447,1081887,748,537,323,921,705.92,94.42
彰化縣,秀水鄉,埔崙村,623,469498,754,524,328,926,687.88,91.28
彰化縣,秀水鄉,曾厝村,517,340090,658,483,314,847,604.25,91.86
彰化縣,秀水鄉,金陵村,521,370234,711,532,331,863,692.40,97.44
彰化縣,秀水鄉,下崙村,613,439598,717,502,293,870,753.96,105.14
彰化縣,花壇鄉,花壇村,1053,762693,724,546,300,903,679.00,93.75
彰化縣,花壇鄉,金墩村,557,372148,668,481,304,792,663.80,99.35
彰化縣,花壇鄉,中庄村,710,489726,690,514,312,823,729.22,105.72
彰化縣,花壇鄉,劉厝村,289,207710,719,530,292,877,658.63,91.64
彰化縣,花壇鄉,崙雅村,420,267597,637,467,277,794,630.52,98.96
彰化縣,花壇鄉,南口村,548,410659,749,527,314,903,802.74,107.12
彰化縣,花壇鄉,岩竹村,360,237942,661,477,288,795,641.37,97.04
彰化縣,花壇鄉,橋頭村,1046,675518,646,484,286,821,617.24,95.58
彰化縣,花壇鄉,灣雅村,241,146658,609,493,266,772,517.55,85.05
彰化縣,花壇鄉,灣東村,227,158124,697,480,286,817,742.13,106.54
彰化縣,花壇鄉,三春村,526,312510,594,493,290,724,483.88,81.44
彰化縣,花壇鄉,永春村,565,374540,663,516,326,788,567.23,85.57
彰化縣,花壇鄉,長春村,435,297322,683,515,297,814,657.57,96.21
彰化縣,花壇鄉,中口村,221,163981,742,570,332,864,703.06,94.75
彰化縣,花壇鄉,北口村,598,385182,644,482,300,778,595.73,92.49
彰化縣,花壇鄉,長沙村,1700,1248067,734,522,304,925,740.73,100.89
彰化縣,花壇鄉,文德村,932,599103,643,484,296,794,602.78,93.77
彰化縣,花壇鄉,白沙村,1495,1439197,963,541,311,1002,1824.78,189.55
彰化縣,芬園鄉,社口村,646,449646,696,515,316,884,624.69,89.75
彰化縣,芬園鄉,竹林村,439,282923,644,499,335,826,487.25,75.60
彰化縣,芬園鄉,楓坑村,128,64915,507,407,260,645,386.75,76.26
彰化縣,芬園鄉,芬園村,241,141686,588,451,290,786,445.60,75.79
彰化縣,芬園鄉,大埔村,333,200556,602,473,277,799,512.31,85.06
彰化縣,芬園鄉,舊社村,438,279603,638,517,302,792,543.05,85.07
彰化縣,芬園鄉,進芬村,254,175385,690,521,308,872,586.45,84.93
彰化縣,芬園鄉,茄荖村,634,392832,620,486,298,797,532.97,86.02
彰化縣,芬園鄉,嘉興村,413,280842,680,504,287,850,685.59,100.82
彰化縣,芬園鄉,縣庄村,314,198255,631,493,300,792,614.39,97.31
彰化縣,芬園鄉,圳墘村,137,103267,754,498,297,783,1078.85,143.13
彰化縣,芬園鄉,溪頭村,450,279794,622,469,299,721,626.68,100.79
彰化縣,芬園鄉,同安村,245,155413,634,511,312,778,542.84,85.58
彰化縣,芬園鄉,中崙村,211,132430,628,493,281,842,499.50,79.58
彰化縣,芬園鄉,大竹村,224,147068,657,508,347,813,525.92,80.10
彰化縣,大村鄉,大村村,913,674606,739,562,338,919,647.09,87.58
彰化縣,大村鄉,田洋村,281,196492,699,573,368,899,523.63,74.88
彰化縣,大村鄉,南勢村,358,221450,619,475,299,776,495.69,80.13
彰化縣,大村鄉,貢旗村,379,254286,671,494,307,749,648.25,96.62
彰化縣,大村鄉,茄苳村,396,267513,676,505,301,801,614.13,90.91
彰化縣,大村鄉,加錫村,362,229957,635,484,307,766,571.07,89.90
彰化縣,大村鄉,大崙村,352,219050,622,509,310,820,463.21,74.44
彰化縣,大村鄉,新興村,279,174359,625,492,310,770,489.63,78.35
彰化縣,大村鄉,擺塘村,667,470876,706,540,312,881,634.41,89.86
彰化縣,大村鄉,村上村,428,294725,689,532,332,883,634.69,92.17
彰化縣,大村鄉,美港村,952,5363732,5634,540,298,835,74619.89,1324.42
彰化縣,大村鄉,過溝村,761,574237,755,584,344,955,665.89,88.25
彰化縣,大村鄉,大橋村,494,353708,716,546,334,846,716.97,100.13
彰化縣,大村鄉,黃厝村,592,403580,682,507,335,817,663.93,97.39
彰化縣,大村鄉,福興村,581,352365,606,500,313,748,520.93,85.89
彰化縣,大村鄉,平和村,732,505187,690,531,328,848,643.77,93.28
彰化縣,埔鹽鄉,埔鹽村,497,357320,719,520,332,840,702.07,97.65
彰化縣,埔鹽鄉,埔南村,470,324051,689,502,309,858,654.26,94.89
彰化縣,埔鹽鄉,廍子村,369,250880,680,502,320,819,607.36,89.33
彰化縣,埔鹽鄉,出水村,262,184918,706,529,290,884,776.91,110.08
彰化縣,埔鹽鄉,南港村,441,294557,668,525,323,879,539.13,80.72
彰化縣,埔鹽鄉,打廉村,233,154328,662,509,329,796,573.72,86.62
彰化縣,埔鹽鄉,豐澤村,331,202851,613,476,290,760,512.37,83.61
彰化縣,埔鹽鄉,崑崙村,303,234616,774,547,328,867,952.01,122.95
彰化縣,埔鹽鄉,角樹村,194,126334,651,495,338,765,530.96,81.53
彰化縣,埔鹽鄉,瓦磘村,322,211468,657,517,316,831,542.77,82.65
彰化縣,埔鹽鄉,好修村,527,353401,671,510,295,861,608.04,90.67
彰化縣,埔鹽鄉,西湖村,471,328231,697,507,307,842,660.78,94.82
彰化縣,埔鹽鄉,大有村,338,210223,622,471,302,770,513.05,82.49
彰化縣,埔鹽鄉,新興村,117,92004,786,597,364,1005,653.90,83.16
彰化縣,埔鹽鄉,永平村,299,194338,650,528,309,813,552.61,85.02
彰化縣,埔鹽鄉,永樂村,225,178340,793,496,312,973,835.77,105.44
彰化縣,埔鹽鄉,石埤村,252,145322,577,487,299,725,432.30,74.97
彰化縣,埔鹽鄉,天盛村,178,132187,743,497,319,847,679.11,91.45
彰化縣,埔鹽鄉,太平村,327,202362,619,470,278,808,637.46,103.01
彰化縣,埔鹽鄉,新水村,331,214001,647,509,285,792,543.42,84.05
彰化縣,埔鹽鄉,三省村,299,198940,665,540,307,810,569.93,85.66
彰化縣,埔鹽鄉,南新村,318,208306,655,510,277,821,612.68,93.53
彰化縣,埔心鄉,東門村,1038,733679,707,524,321,911,600.56,84.97
彰化縣,埔心鄉,埔心村,346,222181,642,501,299,791,578.40,90.07
彰化縣,埔心鄉,義民村,449,338190,753,559,323,925,926.98,123.07
彰化縣,埔心鄉,油車村,342,220264,644,540,330,782,505.94,78.56
彰化縣,埔心鄉,瓦北村,459,334973,730,529,323,881,709.97,97.28
彰化縣,埔心鄉,瓦中村,535,354932,663,504,308,817,544.01,82.00
彰化縣,埔心鄉,瓦南村,404,255337,632,479,291,783,542.02,85.76
彰化縣,埔心鄉,太平村,566,354190,626,471,289,765,575.81,92.02
彰化縣,埔心鄉,經口村,668,472737,708,570,344,930,525.87,74.31
彰化縣,埔心鄉,大華村,120,90491,754,478,299,825,879.97,116.69
彰化縣,埔心鄉,仁里村,289,195120,675,532,347,814,580.58,85.99
彰化縣,埔心鄉,舊館村,439,320898,731,517,298,822,820.10,112.19
彰化縣,埔心鄉,南館村,283,178292,630,475,321,794,513.02,81.43
彰化縣,埔心鄉,新館村,201,137357,683,552,345,811,604.92,88.52
彰化縣,埔心鄉,羅厝村,304,178541,587,469,295,690,513.01,87.35
彰化縣,埔心鄉,芎蕉村,465,294300,633,494,335,751,607.48,95.98
彰化縣,埔心鄉,梧鳳村,202,121760,603,500,318,694,487.53,80.88
彰化縣,埔心鄉,二重村,325,215736,664,507,310,793,606.96,91.44
彰化縣,埔心鄉,埤霞村,214,133005,622,489,296,842,494.43,79.55
彰化縣,埔心鄉,埤腳村,220,126907,577,454,286,742,483.12,83.75
彰化縣,永靖鄉,永東村,212,147194,694,592,333,891,500.54,72.09
彰化縣,永靖鄉,永西村,483,363793,753,545,326,903,762.65,101.25
彰化縣,永靖鄉,永北村,600,429923,717,537,324,882,657.00,91.69
彰化縣,永靖鄉,永南村,532,346336,651,512,309,763,592.72,91.05
彰化縣,永靖鄉,港西村,446,294078,659,527,325,854,505.12,76.61
彰化縣,永靖鄉,五福村,331,222490,672,548,300,830,536.40,79.80
彰化縣,永靖鄉,湳港村,283,198389,701,520,312,761,796.51,113.62
彰化縣,永靖鄉,新莊村,239,170694,714,500,295,811,904.66,126.67
彰化縣,永靖鄉,浮圳村,295,177617,602,466,312,722,497.02,82.55
彰化縣,永靖鄉,瑚璉村,740,503459,680,552,328,863,523.59,76.96
彰化縣,永靖鄉,五汴村,426,334706,786,533,321,852,1057.27,134.57
彰化縣,永靖鄉,光雲村,425,275360,648,500,312,814,525.23,81.07
彰化縣,永靖鄉,東寧村,476,329286,692,474,305,815,681.45,98.51
彰化縣,永靖鄉,永興村,439,308259,702,504,310,818,745.90,106.23
彰化縣,永靖鄉,崙子村,420,306234,729,557,315,852,707.48,97.03
彰化縣,永靖鄉,獨鰲村,189,123217,652,531,334,820,503.17,77.18
彰化縣,永靖鄉,敦厚村,177,126147,713,576,342,941,591.84,83.04
彰化縣,永靖鄉,崙美村,158,98884,626,478,295,795,559.87,89.46
彰化縣,永靖鄉,同安村,171,108993,637,515,350,780,451.84,70.89
彰化縣,永靖鄉,同仁村,175,118155,675,482,321,805,669.73,99.19
彰化縣,永靖鄉,四芳村,154,90587,588,486,312,740,471.65,80.18
彰化縣,永靖鄉,湳墘村,187,108794,582,429,242,733,657.20,112.96
彰化縣,永靖鄉,福興村,242,184454,762,552,365,906,800.87,105.07
彰化縣,永靖鄉,竹子村,295,184531,626,503,327,747,471.70,75.41
彰化縣,社頭鄉,社頭村,808,594439,736,560,330,904,693.01,94.20
彰化縣,社頭鄉,廣興村,1289,850543,660,527,305,818,592.70,89.82
彰化縣,社頭鄉,仁雅村,822,600352,730,544,342,880,760.66,104.15
彰化縣,社頭鄉,崙雅村,282,212911,755,540,356,896,707.00,93.64
彰化縣,社頭鄉,美雅村,319,225686,707,559,357,900,511.07,72.24
彰化縣,社頭鄉,里仁村,261,180410,691,548,366,916,499.11,72.21
彰化縣,社頭鄉,舊社村,402,267897,666,501,317,800,598.34,89.79
彰化縣,社頭鄉,松竹村,281,181410,646,520,320,793,491.84,76.18
彰化縣,社頭鄉,東興村,384,237547,619,506,330,768,465.59,75.26
彰化縣,社頭鄉,廣福村,229,158832,694,515,318,874,637.26,91.88
彰化縣,社頭鄉,橋頭村,520,368904,709,495,320,828,784.98,110.65
彰化縣,社頭鄉,湳底村,434,290912,670,506,325,812,593.38,88.52
彰化縣,社頭鄉,新厝村,363,262780,724,555,340,916,598.68,82.70
彰化縣,社頭鄉,張厝村,307,196890,641,510,293,832,568.86,88.70
彰化縣,社頭鄉,埤斗村,238,158549,666,503,316,781,797.64,119.74
彰化縣,社頭鄉,清水村,320,220133,688,461,293,742,1421.31,206.61
彰化縣,社頭鄉,山湖村,273,186981,685,521,326,772,625.17,91.28
彰化縣,社頭鄉,朝興村,287,201317,701,484,282,827,1116.38,159.15
彰化縣,社頭鄉,仁和村,175,118549,677,529,319,823,531.49,78.46
彰化縣,社頭鄉,泰安村,252,174004,690,559,326,855,561.01,81.25
彰化縣,社頭鄉,平和村,247,145901,591,474,288,730,505.91,85.65
彰化縣,社頭鄉,龍井村,201,125866,626,480,313,756,622.79,99.46
彰化縣,社頭鄉,湳雅村,357,243655,683,559,346,852,545.07,79.86
彰化縣,社頭鄉,協和村,555,364016,656,510,336,765,691.56,105.44
彰化縣,二水鄉,十五村,162,109906,678,515,353,867,744.78,109.78
彰化縣,二水鄉,合和村,198,130740,660,539,329,821,525.45,79.58
彰化縣,二水鄉,上豊村,236,141264,599,501,320,785,439.57,73.44
彰化縣,二水鄉,過圳村,137,90800,663,547,349,784,616.22,92.98
彰化縣,二水鄉,五伯村,153,122265,799,533,325,880,1027.66,128.60
彰化縣,二水鄉,光化村,278,214184,770,572,371,984,646.23,83.88
彰化縣,二水鄉,文化村,265,211265,797,586,369,921,817.44,102.54
彰化縣,二水鄉,二水村,254,184435,726,603,389,962,508.13,69.98
彰化縣,二水鄉,聖化村,126,95450,758,601,332,1003,630.17,83.19
彰化縣,二水鄉,裕民村,259,184771,713,567,375,895,579.81,81.27
彰化縣,二水鄉,惠民村,170,121522,715,601,398,919,464.01,64.91
彰化縣,二水鄉,大園村,173,115082,665,578,336,832,477.68,71.81
彰化縣,二水鄉,修仁村,188,122820,653,512,353,848,429.09,65.68
彰化縣,二水鄉,源泉村,129,103534,803,658,367,1021,694.22,86.50
彰化縣,二水鄉,倡和村,111,76029,685,533,345,916,503.67,73.54
彰化縣,二水鄉,復興村,224,134783,602,488,305,738,477.32,79.33
彰化縣,二水鄉,合興村,162,107663,665,547,352,893,502.17,75.56
彰化縣,田尾鄉,田尾村,274,184843,675,505,313,820,602.58,89.32
彰化縣,田尾鄉,豐田村,145,93070,642,556,332,814,475.16,74.03
彰化縣,田尾鄉,饒平村,682,528533,775,588,322,1002,701.16,90.47
彰化縣,田尾鄉,北曾村,379,263025,694,545,346,873,558.22,80.44
彰化縣,田尾鄉,南曾村,316,208611,660,518,314,781,667.24,101.07
彰化縣,田尾鄉,睦宜村,243,164425,677,531,302,827,607.96,89.85
彰化縣,田尾鄉,新生村,324,219023,676,518,331,832,560.04,82.85
彰化縣,田尾鄉,北鎮村,300,183897,613,473,309,743,509.24,83.07
彰化縣,田尾鄉,南鎮村,118,82650,700,580,372,850,522.28,74.57
彰化縣,田尾鄉,福田村,180,119914,666,513,274,802,643.33,96.57
彰化縣,田尾鄉,新興村,262,186829,713,560,366,930,554.62,77.78
彰化縣,田尾鄉,打簾村,351,218997,624,442,278,766,577.94,92.63
彰化縣,田尾鄉,溪畔村,285,202562,711,574,335,908,649.67,91.41
彰化縣,田尾鄉,柳鳳村,198,132789,671,546,309,856,556.55,82.99
彰化縣,田尾鄉,陸豐村,175,118940,680,555,341,807,638.77,93.98
彰化縣,田尾鄉,海豐村,263,189690,721,552,338,832,706.46,97.95
彰化縣,田尾鄉,仁里村,333,203196,610,526,307,803,430.32,70.52
彰化縣,田尾鄉,新厝村,61,34962,573,503,272,680,388.57,67.80
彰化縣,田尾鄉,溪頂村,165,126146,765,510,325,821,917.83,120.05
彰化縣,田尾鄉,正義村,206,162768,790,577,298,1004,765.91,96.93
彰化縣,埤頭鄉,和豊村,569,375808,660,498,306,802,662.95,100.38
彰化縣,埤頭鄉,興農村,413,295367,715,508,293,890,909.74,127.21
彰化縣,埤頭鄉,埤頭村,388,283094,730,563,335,915,625.77,85.77
彰化縣,埤頭鄉,豊崙村,549,380348,693,522,338,857,675.66,97.53
彰化縣,埤頭鄉,永豊村,374,263546,705,524,324,891,643.23,91.28
彰化縣,埤頭鄉,崙子村,309,232176,751,588,343,909,655.42,87.23
彰化縣,埤頭鄉,合興村,913,691465,757,553,340,898,1028.13,135.75
彰化縣,埤頭鄉,平原村,550,423196,769,563,336,982,733.04,95.27
彰化縣,埤頭鄉,崙腳村,169,118313,700,559,340,822,600.10,85.72
彰化縣,埤頭鄉,元埔村,121,99794,825,500,346,823,1926.97,233.64
彰化縣,埤頭鄉,芙朝村,343,236324,689,531,317,813,594.46,86.28
彰化縣,埤頭鄉,新庄村,229,168901,738,558,347,868,688.02,93.28
彰化縣,埤頭鄉,陸嘉村,162,113248,699,537,339,866,613.14,87.71
彰化縣,埤頭鄉,竹圍村,245,167667,684,560,337,853,504.74,73.75
彰化縣,埤頭鄉,中和村,317,234643,740,535,320,866,827.81,111.84
彰化縣,埤頭鄉,庄內村,222,147001,662,526,351,854,606.96,91.66
彰化縣,埤頭鄉,大湖村,208,141258,679,518,343,818,541.11,79.68
彰化縣,芳苑鄉,芳苑村,150,94034,627,488,319,741,656.70,104.76
彰化縣,芳苑鄉,芳中村,65,40900,629,553,353,672,506.52,80.50
彰化縣,芳苑鄉,仁愛村,136,105946,779,566,341,937,740.54,95.06
彰化縣,芳苑鄉,信義村,88,64870,737,480,318,759,959.41,130.15
彰化縣,芳苑鄉,後寮村,207,144176,697,476,302,761,1171.76,168.24
彰化縣,芳苑鄉,三合村,549,368238,671,525,345,825,598.24,89.19
彰化縣,芳苑鄉,永興村,215,130948,609,485,332,721,435.54,71.51
彰化縣,芳苑鄉,頂村,107,75415,705,505,338,820,643.32,91.28
彰化縣,芳苑鄉,五俊村,61,44215,725,476,373,739,1258.56,173.63
彰化縣,芳苑鄉,王功村,325,196884,606,502,328,809,425.08,70.17
彰化縣,芳苑鄉,博愛村,118,73066,619,486,316,816,466.62,75.36
彰化縣,芳苑鄉,和平村,99,51657,522,440,290,726,353.37,67.72
彰化縣,芳苑鄉,興仁村,177,127685,721,537,343,853,886.63,122.91
彰化縣,芳苑鄉,民生村,123,68826,560,461,288,717,399.11,71.33
彰化縣,芳苑鄉,新寶村,229,126913,554,463,316,697,407.06,73.45
彰化縣,芳苑鄉,漢寶村,661,412339,624,493,281,764,618.26,99.11
彰化縣,芳苑鄉,路上村,106,66383,626,550,355,864,377.48,60.28
彰化縣,芳苑鄉,路平村,137,99692,728,544,359,938,548.18,75.33
彰化縣,芳苑鄉,三成村,150,94972,633,523,303,813,508.26,80.28
彰化縣,芳苑鄉,福榮村,98,61457,627,570,350,834,391.89,62.49
彰化縣,芳苑鄉,新街村,119,79543,668,559,317,858,527.94,78.98
彰化縣,芳苑鄉,草湖村,287,179655,626,512,317,772,523.15,83.57
彰化縣,芳苑鄉,建平村,383,226042,590,461,285,775,516.83,87.57
彰化縣,芳苑鄉,新生村,211,127608,605,461,316,703,620.82,102.65
彰化縣,芳苑鄉,文津村,164,90292,551,477,277,721,417.45,75.82
彰化縣,芳苑鄉,崙腳村,115,75205,654,490,345,743,677.26,103.56
彰化縣,大城鄉,潭墘村,186,147142,791,561,341,957,942.62,119.16
彰化縣,大城鄉,上山村,180,119147,662,533,371,784,528.61,79.86
彰化縣,大城鄉,東城村,285,198447,696,531,350,870,570.27,81.90
彰化縣,大城鄉,大城村,219,142675,651,514,342,822,535.93,82.26
彰化縣,大城鄉,西城村,152,107696,709,542,363,882,581.82,82.12
彰化縣,大城鄉,山腳村,200,130074,650,540,353,815,518.43,79.71
彰化縣,大城鄉,永和村,111,76680,691,526,357,785,569.13,82.39
彰化縣,大城鄉,菜寮村,158,106616,675,568,335,858,498.76,73.91
彰化縣,大城鄉,公館村,138,104133,755,513,321,959,862.89,114.35
彰化縣,大城鄉,頂庄村,101,65044,644,519,381,833,425.46,66.07
彰化縣,大城鄉,臺西村,110,70607,642,540,326,787,529.92,82.56
彰化縣,大城鄉,東港村,188,118429,630,502,315,809,505.47,80.24
彰化縣,大城鄉,西港村,132,82004,621,514,341,837,405.30,65.24
彰化縣,大城鄉,豐美村,136,90333,664,496,345,842,522.10,78.60
彰化縣,大城鄉,三豐村,70,51080,730,482,266,822,826.25,113.23
彰化縣,竹塘鄉,竹元村,243,171246,705,535,323,798,830.48,117.85
彰化縣,竹塘鄉,竹塘村,463,362642,783,630,352,979,717.70,91.63
彰化縣,竹塘鄉,小西村,161,123323,766,628,380,959,609.81,79.61
彰化縣,竹塘鄉,五庄村,286,192236,672,483,313,826,621.55,92.47
彰化縣,竹塘鄉,樹腳村,115,69370,603,544,336,762,367.88,60.99
彰化縣,竹塘鄉,田頭村,197,140460,713,570,361,879,553.43,77.62
彰化縣,竹塘鄉,新廣村,239,173008,724,592,350,942,554.86,76.65
彰化縣,竹塘鄉,溪墘村,65,43061,662,558,374,917,499.29,75.37
彰化縣,竹塘鄉,竹林村,133,90705,682,555,344,846,519.11,76.12
彰化縣,竹塘鄉,土庫村,96,62151,647,458,292,733,980.93,151.52
彰化縣,竹塘鄉,內新村,113,75195,665,539,331,788,529.30,79.54
彰化縣,竹塘鄉,長安村,135,87682,649,570,365,897,443.41,68.27
彰化縣,竹塘鄉,永安村,78,47261,606,576,301,823,448.49,74.02
彰化縣,竹塘鄉,民靖村,143,113753,795,568,353,877,1028.25,129.26
彰化縣,溪州鄉,溪厝村,426,277909,652,492,288,819,590.36,90.49
彰化縣,溪州鄉,坑厝村,148,95681,646,557,352,859,434.72,67.24
彰化縣,溪州鄉,瓦厝村,232,166601,718,539,324,888,658.57,91.71
彰化縣,溪州鄉,溪州村,413,347200,841,585,363,920,1452.96,172.83
彰化縣,溪州鄉,尾厝村,472,337685,715,527,315,914,629.35,87.97
彰化縣,溪州鄉,東州村,495,410146,829,556,327,902,1233.80,148.91
彰化縣,溪州鄉,舊眉村,294,235531,801,564,383,961,707.43,88.30
彰化縣,溪州鄉,圳寮村,299,181086,606,468,296,701,569.10,93.97
彰化縣,溪州鄉,西畔村,403,243209,603,496,313,712,491.66,81.47
彰化縣,溪州鄉,成功村,358,231601,647,468,292,789,577.27,89.23
彰化縣,溪州鄉,大庄村,344,235695,685,491,333,805,634.81,92.65
彰化縣,溪州鄉,柑園村,190,126117,664,499,319,733,625.79,94.28
彰化縣,溪州鄉,潮洋村,162,102290,631,512,303,757,506.28,80.18
彰化縣,溪州鄉,張厝村,121,80539,666,485,291,787,635.42,95.46
彰化縣,溪州鄉,菜公村,164,100768,614,475,293,756,589.64,95.96
彰化縣,溪州鄉,三圳村,243,170630,702,531,330,915,630.31,89.76
彰化縣,溪州鄉,三條村,187,128258,686,505,317,886,587.99,85.73
彰化縣,溪州鄉,水尾村,307,224003,730,556,345,873,610.42,83.66
彰化縣,溪州鄉,榮光村,125,78593,629,517,351,720,669.33,106.46
雲林縣,斗六市,忠孝里,467,399933,856,634,345,1118,1366.06,159.51
雲林縣,斗六市,仁愛里,302,310897,1029,624,320,1069,2368.20,230.04
雲林縣,斗六市,信義里,226,175691,777,538,318,989,823.37,105.91
雲林縣,斗六市,四維里,210,170542,812,519,294,875,1523.64,187.62
雲林縣,斗六市,太平里,254,199883,787,579,291,1067,820.54,104.27
雲林縣,斗六市,中和里,253,219742,869,645,378,1209,749.13,86.25
雲林縣,斗六市,光興里,250,192986,772,497,265,862,1382.50,179.09
雲林縣,斗六市,三平里,1548,1484657,959,697,390,1243,923.69,96.31
雲林縣,斗六市,八德里,967,756600,782,575,367,949,829.23,105.98
雲林縣,斗六市,鎮北里,894,708709,793,600,363,1002,691.82,87.27
雲林縣,斗六市,龍潭里,548,672049,1226,768,440,1728,1194.51,97.40
雲林縣,斗六市,鎮南里,1214,986074,812,614,369,1035,708.17,87.19
雲林縣,斗六市,林頭里,1160,951195,820,618,375,1028,811.94,99.02
雲林縣,斗六市,重光里,618,417002,675,499,325,827,717.60,106.35
雲林縣,斗六市,溝埧里,208,181079,871,649,408,1163,664.32,76.31
雲林縣,斗六市,江厝里,539,369902,686,536,345,893,601.24,87.61
雲林縣,斗六市,三光里,117,98818,845,606,387,950,1237.61,146.53
雲林縣,斗六市,崙峰里,754,686406,910,661,386,1180,943.09,103.60
雲林縣,斗六市,嘉東里,436,389029,892,662,393,1224,720.82,80.79
雲林縣,斗六市,久安里,622,496217,798,599,354,1000,700.19,87.77
雲林縣,斗六市,長平里,423,297703,704,561,347,907,564.07,80.15
雲林縣,斗六市,保庄里,1681,1479041,880,685,408,1179,712.42,80.97
雲林縣,斗六市,虎溪里,1681,2110635,1256,610,366,1063,13630.41,1085.58
雲林縣,斗六市,梅林里,377,318240,844,529,344,863,2570.46,304.51
雲林縣,斗六市,湖山里,239,182339,763,525,339,795,1808.38,237.03
雲林縣,斗六市,榴中里,1261,875459,694,548,363,863,585.54,84.34
雲林縣,斗六市,榴北里,275,170429,620,546,366,799,395.69,63.85
雲林縣,斗六市,榴南里,545,381148,699,563,368,874,599.24,85.68
雲林縣,斗六市,長安里,787,520486,661,529,336,799,611.21,92.42
雲林縣,斗六市,溪洲里,834,622629,747,571,375,891,621.49,83.25
雲林縣,斗六市,十三里,252,177093,703,528,317,872,702.24,99.93
雲林縣,斗六市,鎮東里,1644,1400704,852,643,372,1096,737.89,86.61
雲林縣,斗六市,鎮西里,1158,1012236,874,623,377,1079,856.46,97.98
雲林縣,斗六市,社口里,693,543512,784,573,339,983,833.58,106.28
雲林縣,斗六市,公正里,942,817103,867,646,381,1058,852.35,98.26
雲林縣,斗六市,成功里,774,683834,884,650,402,1112,828.57,93.78
雲林縣,斗六市,明德里,1074,894478,833,652,387,1058,684.17,82.15
雲林縣,斗六市,公誠里,758,639448,844,598,365,1026,1311.87,155.51
雲林縣,斗南鎮,南昌里,588,476349,810,562,318,921,1146.41,141.51
雲林縣,斗南鎮,新光里,674,493334,732,568,342,910,626.98,85.66
雲林縣,斗南鎮,小東里,383,268923,702,528,324,936,564.69,80.42
雲林縣,斗南鎮,大東里,197,123886,629,489,328,770,468.70,74.53
雲林縣,斗南鎮,埤麻里,186,137505,739,583,375,901,599.73,81.12
雲林縣,斗南鎮,西伯里,205,143115,698,591,364,856,532.82,76.32
雲林縣,斗南鎮,新崙里,311,213947,688,509,336,750,1371.59,199.38
雲林縣,斗南鎮,東仁里,385,306332,796,593,343,1076,689.88,86.70
雲林縣,斗南鎮,西岐里,1665,1363743,819,618,366,1068,707.86,86.42
雲林縣,斗南鎮,舊社里,700,544445,778,588,372,1015,661.72,85.08
雲林縣,斗南鎮,田頭里,532,410873,772,586,344,917,772.77,100.06
雲林縣,斗南鎮,中天里,332,265362,799,556,306,1073,779.23,97.49
雲林縣,斗南鎮,北銘里,430,323230,752,544,307,918,820.34,109.13
雲林縣,斗南鎮,明昌里,1502,1113389,741,582,363,941,590.57,79.67
雲林縣,斗南鎮,東明里,217,165913,765,522,346,954,1040.38,136.07
雲林縣,斗南鎮,新南里,106,56804,536,444,264,712,412.66,77.01
雲林縣,斗南鎮,阿丹里,211,155309,736,580,346,874,789.77,107.30
雲林縣,斗南鎮,將軍里,376,267289,711,532,360,915,604.32,85.01
雲林縣,斗南鎮,林子里,321,212064,661,538,334,792,549.29,83.15
雲林縣,斗南鎮,石龜里,183,111359,609,519,343,775,405.07,66.57
雲林縣,斗南鎮,石溪里,204,141472,693,494,315,920,564.75,81.44
雲林縣,斗南鎮,靖興里,214,158492,741,541,345,929,648.75,87.60
雲林縣,虎尾鎮,東仁里,806,719762,893,656,381,1202,778.05,87.13
雲林縣,虎尾鎮,新興里,553,458073,828,590,301,1024,825.78,99.69
雲林縣,虎尾鎮,公安里,947,784517,828,644,360,1068,725.47,87.57
雲林縣,虎尾鎮,德興里,693,546699,789,607,368,1023,702.27,89.02
雲林縣,虎尾鎮,中山里,280,223378,798,556,282,1028,801.54,100.47
雲林縣,虎尾鎮,西安里,1033,894088,866,651,374,1155,719.63,83.14
雲林縣,虎尾鎮,安慶里,495,440868,891,611,356,1100,935.97,105.09
雲林縣,虎尾鎮,平和里,1345,1420249,1056,910,466,1390,925.54,87.65
雲林縣,虎尾鎮,興南里,637,634759,996,761,420,1325,813.58,81.65
雲林縣,虎尾鎮,新吉里,1126,1088049,966,743,404,1302,776.21,80.33
雲林縣,虎尾鎮,穎川里,523,420944,805,634,350,1074,645.76,80.23
雲林縣,虎尾鎮,延平里,221,163707,741,540,308,1051,644.88,87.06
雲林縣,虎尾鎮,惠來里,511,322292,631,522,340,811,464.07,73.58
雲林縣,虎尾鎮,頂溪里,529,344486,651,542,329,806,501.76,77.05
雲林縣,虎尾鎮,中溪里,334,212142,635,521,316,809,505.41,79.57
雲林縣,虎尾鎮,下溪里,366,265354,725,563,317,911,654.25,90.24
雲林縣,虎尾鎮,埒內里,636,456005,717,550,337,939,600.12,83.70
雲林縣,虎尾鎮,堀頭里,191,134687,705,481,290,865,831.52,117.92
雲林縣,虎尾鎮,安溪里,459,344216,750,565,351,971,638.77,85.18
雲林縣,虎尾鎮,興中里,380,277630,731,551,331,918,617.95,84.58
雲林縣,虎尾鎮,廉使里,724,549614,759,568,344,981,1020.32,134.41
雲林縣,虎尾鎮,東屯里,282,201762,715,575,334,917,577.16,80.67
雲林縣,虎尾鎮,西屯里,321,243612,759,598,339,937,619.80,81.67
雲林縣,虎尾鎮,芳草里,160,101486,634,500,315,755,542.66,85.55
雲林縣,虎尾鎮,墾地里,259,197982,764,598,343,953,638.24,83.49
雲林縣,虎尾鎮,北溪里,174,131676,757,597,390,950,624.18,82.48
雲林縣,虎尾鎮,三合里,254,198673,782,629,365,998,677.22,86.58
雲林縣,虎尾鎮,建國里,102,75341,739,630,396,899,544.18,73.67
雲林縣,虎尾鎮,立仁里,1215,1067171,878,682,395,1163,704.12,80.17
雲林縣,西螺鎮,振興里,298,226435,760,595,359,934,649.57,85.49
雲林縣,西螺鎮,大園里,386,287553,745,570,343,970,646.50,86.78
雲林縣,西螺鎮,廣福里,554,433561,783,615,357,1014,702.50,89.76
雲林縣,西螺鎮,正興里,768,625658,815,638,372,1031,731.44,89.78
雲林縣,西螺鎮,永安里,92,62305,677,550,312,989,462.22,68.25
雲林縣,西螺鎮,中和里,149,109285,733,553,319,913,663.81,90.51
雲林縣,西螺鎮,福興里,142,103449,729,546,323,1005,724.90,99.50
雲林縣,西螺鎮,光華里,251,223180,889,688,416,1159,734.21,82.57
雲林縣,西螺鎮,新安里,207,141459,683,574,345,947,470.68,68.88
雲林縣,西螺鎮,新豐里,246,164687,669,510,277,907,642.02,95.90
雲林縣,西螺鎮,中興里,656,514444,784,616,378,1003,648.82,82.74
雲林縣,西螺鎮,漢光里,1009,716324,710,587,343,920,552.80,77.87
雲林縣,西螺鎮,詔安里,204,161681,793,577,336,1025,707.78,89.30
雲林縣,西螺鎮,河南里,195,149894,769,643,327,895,676.60,88.02
雲林縣,西螺鎮,安定里,297,239059,805,629,388,973,717.29,89.11
雲林縣,西螺鎮,福田里,221,153866,696,547,326,878,596.24,85.64
雲林縣,西螺鎮,吳厝里,191,115135,603,500,273,809,487.40,80.86
雲林縣,西螺鎮,九隆里,133,101906,766,631,363,977,597.93,78.04
雲林縣,西螺鎮,下湳里,119,84068,706,582,395,924,489.88,69.34
雲林縣,西螺鎮,七座里,147,102236,695,549,329,781,1116.08,160.48
雲林縣,西螺鎮,公館里,232,152277,656,494,314,864,571.53,87.07
雲林縣,西螺鎮,大新里,259,188694,729,597,360,852,600.20,82.38
雲林縣,西螺鎮,埤頭里,147,124020,844,611,372,915,1134.25,134.44
雲林縣,西螺鎮,廣興里,170,133262,784,624,328,1049,649.56,82.86
雲林縣,西螺鎮,東興里,182,119266,655,549,319,779,531.29,81.08
雲林縣,西螺鎮,頂湳里,156,109131,700,520,332,900,627.73,89.73
雲林縣,西螺鎮,鹿場里,329,219735,668,529,357,856,555.07,83.11
雲林縣,土庫鎮,忠正里,220,179182,814,648,378,943,738.43,90.66
雲林縣,土庫鎮,順天里,234,175352,749,588,350,929,661.48,88.27
雲林縣,土庫鎮,宮北里,349,301344,863,631,388,1033,985.06,114.08
雲林縣,土庫鎮,越港里,289,229107,793,606,382,1058,597.50,75.37
雲林縣,土庫鎮,溪邊里,220,146896,668,530,318,920,527.62,79.02
雲林縣,土庫鎮,興新里,331,251842,761,584,342,981,745.76,98.02
雲林縣,土庫鎮,奮起里,214,158867,742,544,323,871,752.17,101.32
雲林縣,土庫鎮,埤腳里,235,158581,675,512,319,824,675.88,100.16
雲林縣,土庫鎮,大荖里,174,138941,799,518,344,953,758.03,94.93
雲林縣,土庫鎮,石廟里,703,545733,776,618,387,1012,601.01,77.42
雲林縣,土庫鎮,東平里,382,278116,728,542,328,913,625.63,85.93
雲林縣,土庫鎮,南平里,363,245085,675,537,336,840,598.30,88.62
雲林縣,土庫鎮,西平里,359,238221,664,555,335,831,489.57,73.78
雲林縣,土庫鎮,北平里,186,135706,730,574,325,919,644.48,88.33
雲林縣,土庫鎮,後埔里,464,309801,668,538,313,813,552.21,82.71
雲林縣,土庫鎮,崙內里,246,167902,683,527,314,798,806.58,118.17
雲林縣,土庫鎮,新庄里,258,188413,730,537,359,872,697.14,95.46
雲林縣,北港鎮,東陽里,176,121026,688,552,325,867,601.26,87.44
雲林縣,北港鎮,光民里,159,114880,723,554,352,851,642.08,88.87
雲林縣,北港鎮,東華里,113,88451,783,561,298,906,793.50,101.37
雲林縣,北港鎮,南安里,215,189632,882,629,352,990,1088.71,123.44
雲林縣,北港鎮,中和里,93,70238,755,517,339,962,686.61,90.91
雲林縣,北港鎮,義民里,106,73957,698,580,336,899,629.98,90.29
雲林縣,北港鎮,共榮里,123,93151,757,490,241,883,842.20,111.21
雲林縣,北港鎮,西勢里,253,190963,755,548,336,938,742.20,98.33
雲林縣,北港鎮,仁和里,150,137087,914,551,305,997,1870.96,204.72
雲林縣,北港鎮,賜福里,98,65115,664,545,348,726,615.96,92.70
雲林縣,北港鎮,公館里,142,95490,672,542,291,833,554.82,82.51
雲林縣,北港鎮,大同里,323,237145,734,584,347,935,602.69,82.09
雲林縣,北港鎮,仁安里,129,111811,867,718,412,1055,842.22,97.17
雲林縣,北港鎮,華勝里,1464,1155993,790,630,330,1009,715.21,90.58
雲林縣,北港鎮,光復里,508,409671,806,617,372,1019,670.06,83.09
雲林縣,北港鎮,新街里,1943,1590503,819,635,363,1070,690.81,84.39
雲林縣,北港鎮,劉厝里,298,196883,661,530,302,836,656.23,99.33
雲林縣,北港鎮,後溝里,191,130614,684,529,314,873,543.46,79.47
雲林縣,北港鎮,新厝里,85,50577,595,552,283,783,398.83,67.03
雲林縣,北港鎮,府番里,175,113141,647,572,323,800,503.04,77.81
雲林縣,北港鎮,草湖里,250,161178,645,466,242,865,641.81,99.55
雲林縣,北港鎮,溝皂里,196,140203,715,523,307,818,852.29,119.15
雲林縣,北港鎮,番溝里,132,82122,622,493,323,844,480.04,77.16
雲林縣,北港鎮,大北里,94,58814,626,458,284,731,678.28,108.41
雲林縣,北港鎮,好收里,310,208579,673,557,349,847,502.06,74.62
雲林縣,北港鎮,樹腳里,755,573400,759,593,332,965,692.05,91.12
雲林縣,北港鎮,扶朝里,176,99684,566,437,238,774,462.98,81.74
雲林縣,北港鎮,水埔里,94,65338,695,527,339,896,580.92,83.57
雲林縣,古坑鄉,古坑村,553,369412,668,526,330,798,664.10,99.41
雲林縣,古坑鄉,朝陽村,555,420982,759,578,346,925,869.57,114.64
雲林縣,古坑鄉,西平村,361,258151,715,570,329,909,587.19,82.11
雲林縣,古坑鄉,永光村,467,312240,669,497,298,775,943.77,141.15
雲林縣,古坑鄉,永昌村,468,324756,694,560,339,847,550.75,79.37
雲林縣,古坑鄉,湳仔村,149,95227,639,487,295,894,497.68,77.87
雲林縣,古坑鄉,水碓村,262,176428,673,551,301,836,543.67,80.74
雲林縣,古坑鄉,田心村,271,209053,771,626,349,1078,580.92,75.31
雲林縣,古坑鄉,高林村,262,171612,655,527,326,886,483.09,73.75
雲林縣,古坑鄉,荷苞村,292,218395,748,583,345,909,851.73,113.88
雲林縣,古坑鄉,東和村,748,548626,733,553,355,929,658.86,89.83
雲林縣,古坑鄉,新庄村,297,187596,632,491,302,765,517.33,81.90
雲林縣,古坑鄉,棋盤村,437,305353,699,545,356,880,648.72,92.84
雲林縣,古坑鄉,麻園村,144,84532,587,447,273,718,547.18,93.21
雲林縣,古坑鄉,崁腳村,253,160208,633,486,306,795,584.97,92.38
雲林縣,古坑鄉,華山村,120,81654,680,492,259,923,730.48,107.35
雲林縣,古坑鄉,華南村,54,43402,804,582,378,1036,784.26,97.58
雲林縣,古坑鄉,桂林村,180,119089,662,509,305,862,675.89,102.16
雲林縣,古坑鄉,樟湖村,81,55798,689,525,277,872,660.36,95.86
雲林縣,古坑鄉,草嶺村,80,46140,577,450,290,607,527.32,91.43
雲林縣,大埤鄉,北和村,163,130235,799,588,384,938,752.77,94.22
雲林縣,大埤鄉,南和村,534,378130,708,533,333,912,624.44,88.18
雲林縣,大埤鄉,大德村,201,143040,712,564,362,878,624.60,87.77
雲林縣,大埤鄉,松竹村,206,133065,646,537,321,842,448.54,69.44
雲林縣,大埤鄉,尚義村,403,262032,650,484,317,786,636.35,97.87
雲林縣,大埤鄉,嘉興村,393,277901,707,510,336,816,869.62,122.98
雲林縣,大埤鄉,豐田村,374,254520,681,550,339,863,559.63,82.23
雲林縣,大埤鄉,三結村,251,162849,649,496,319,829,546.69,84.26
雲林縣,大埤鄉,吉田村,154,91202,592,466,274,766,495.62,83.69
雲林縣,大埤鄉,豐岡村,130,81983,631,503,322,796,496.65,78.75
雲林縣,大埤鄉,聯美村,232,160160,690,515,327,821,631.29,91.45
雲林縣,大埤鄉,怡然村,148,120313,813,569,378,933,724.98,89.18
雲林縣,大埤鄉,北鎮村,122,74542,611,480,310,690,635.27,103.97
雲林縣,大埤鄉,興安村,114,88566,777,568,384,1060,606.32,78.04
雲林縣,大埤鄉,西鎮村,116,77564,669,524,326,847,530.99,79.41
雲林縣,莿桐鄉,莿桐村,1045,772402,739,575,342,928,655.44,88.68
雲林縣,莿桐鄉,甘厝村,175,111434,637,484,352,806,504.70,79.26
雲林縣,莿桐鄉,甘西村,324,212258,655,507,291,803,577.10,88.09
雲林縣,莿桐鄉,興桐村,256,157784,616,502,287,776,513.48,83.31
雲林縣,莿桐鄉,義和村,211,162346,769,544,331,849,1037.84,134.89
雲林縣,莿桐鄉,埔子村,461,323994,703,561,350,871,598.41,85.15
雲林縣,莿桐鄉,大美村,779,578083,742,607,367,910,606.17,81.68
雲林縣,莿桐鄉,埔尾村,332,216171,651,542,356,759,618.16,94.94
雲林縣,莿桐鄉,饒平村,291,186325,640,499,316,795,504.32,78.76
雲林縣,莿桐鄉,興貴村,427,296503,694,514,322,843,1150.56,165.69
雲林縣,莿桐鄉,四合村,385,256236,666,544,351,805,523.84,78.71
雲林縣,莿桐鄉,麻園村,282,198744,705,547,332,803,854.31,121.22
雲林縣,莿桐鄉,五華村,236,136347,578,486,315,731,403.75,69.88
雲林縣,莿桐鄉,六合村,424,270797,639,507,336,846,458.66,71.81
雲林縣,林內鄉,林南村,273,185895,681,510,328,811,662.20,97.25
雲林縣,林內鄉,林中村,1013,675846,667,529,330,830,642.65,96.32
雲林縣,林內鄉,林北村,561,346951,618,534,312,821,450.74,72.88
雲林縣,林內鄉,坪頂村,92,61068,664,456,328,633,779.46,117.43
雲林縣,林內鄉,林茂村,167,110866,664,578,344,890,426.09,64.18
雲林縣,林內鄉,湖本村,150,85101,567,438,311,677,434.65,76.61
雲林縣,林內鄉,九芎村,633,405814,641,524,324,804,564.53,88.06
雲林縣,林內鄉,烏塗村,321,199086,620,488,348,817,471.11,75.96
雲林縣,林內鄉,烏麻村,264,157654,597,458,287,756,525.15,87.94
雲林縣,林內鄉,重興村,441,279497,634,503,307,813,515.92,81.40
雲林縣,二崙鄉,崙東村,340,246906,726,533,322,906,644.60,88.76
雲林縣,二崙鄉,崙西村,356,283415,796,618,347,973,723.00,90.82
雲林縣,二崙鄉,來惠村,273,187261,686,523,308,902,589.32,85.91
雲林縣,二崙鄉,三和村,285,196141,688,564,336,861,542.44,78.82
雲林縣,二崙鄉,湳仔村,233,150360,645,531,332,823,469.07,72.69
雲林縣,二崙鄉,田尾村,358,261175,730,563,342,929,650.46,89.16
雲林縣,二崙鄉,港後村,269,208165,774,636,361,945,587.08,75.87
雲林縣,二崙鄉,庄西村,146,87490,599,485,274,801,499.64,83.38
雲林縣,二崙鄉,大義村,163,109377,671,590,326,914,468.84,69.87
雲林縣,二崙鄉,大庄村,193,129995,674,536,263,884,611.50,90.79
雲林縣,二崙鄉,復興村,145,105619,728,546,311,910,714.03,98.03
雲林縣,二崙鄉,油車村,380,269997,711,587,356,908,515.68,72.58
雲林縣,二崙鄉,大同村,132,98390,745,566,311,1020,661.19,88.70
雲林縣,二崙鄉,大華村,136,112152,825,617,381,937,767.08,93.02
雲林縣,二崙鄉,義庄村,83,61743,744,632,436,998,516.90,69.49
雲林縣,二崙鄉,楊賢村,208,131621,633,512,323,845,471.18,74.46
雲林縣,二崙鄉,定安村,132,98270,744,567,274,986,713.39,95.82
雲林縣,二崙鄉,永定村,238,162028,681,517,323,907,594.01,87.25
雲林縣,崙背鄉,東明村,266,204958,771,556,309,940,736.41,95.57
雲林縣,崙背鄉,西榮村,296,204273,690,525,314,853,720.93,104.47
雲林縣,崙背鄉,南陽村,624,468040,750,596,347,961,615.42,82.05
雲林縣,崙背鄉,崙前村,422,319337,757,610,363,996,580.95,76.77
雲林縣,崙背鄉,羅厝村,394,277893,705,524,300,917,735.90,104.34
雲林縣,崙背鄉,港尾村,224,155320,693,554,332,928,513.44,74.05
雲林縣,崙背鄉,阿勸村,351,236173,673,533,300,866,693.41,103.06
雲林縣,崙背鄉,五魁村,166,118466,714,644,327,922,582.94,81.68
雲林縣,崙背鄉,大有村,260,187378,721,577,369,943,531.42,73.74
雲林縣,崙背鄉,豐榮村,336,265222,789,608,379,1019,595.33,75.42
雲林縣,崙背鄉,舊庄村,174,120443,692,526,319,855,626.92,90.57
雲林縣,崙背鄉,草湖村,240,144479,602,482,276,802,507.96,84.38
雲林縣,崙背鄉,水尾村,192,127937,666,555,334,856,493.52,74.07
雲林縣,崙背鄉,枋南村,140,87408,624,519,306,777,490.21,78.52
雲林縣,麥寮鄉,麥豐村,1715,1386342,808,666,373,1060,641.61,79.37
雲林縣,麥寮鄉,麥津村,880,689223,783,635,360,1004,650.75,83.09
雲林縣,麥寮鄉,瓦磘村,408,304939,747,620,343,998,585.42,78.33
雲林縣,麥寮鄉,崙後村,506,381403,754,613,363,1005,607.17,80.55
雲林縣,麥寮鄉,興華村,491,344427,701,547,315,907,594.22,84.71
雲林縣,麥寮鄉,後安村,616,422839,686,566,336,904,546.66,79.64
雲林縣,麥寮鄉,海豐村,419,305600,729,573,350,931,657.67,90.17
雲林縣,麥寮鄉,三盛村,439,338553,771,629,358,999,700.49,90.83
雲林縣,麥寮鄉,新吉村,213,146727,689,576,343,931,480.64,69.77
雲林縣,麥寮鄉,橋頭村,845,655845,776,645,362,1028,704.82,90.81
雲林縣,麥寮鄉,施厝村,702,585198,834,692,395,1021,1017.96,122.11
雲林縣,麥寮鄉,雷厝村,399,267335,670,534,326,828,545.03,81.35
雲林縣,麥寮鄉,中興村,289,206174,713,556,331,885,591.33,82.89
雲林縣,東勢鄉,東北村,293,209523,715,586,359,915,565.14,79.03
雲林縣,東勢鄉,東南村,340,272797,802,636,412,980,648.28,80.80
雲林縣,東勢鄉,嘉隆村,281,227491,810,654,388,1010,1282.45,158.41
雲林縣,東勢鄉,月眉村,218,172647,792,570,347,992,961.22,121.37
雲林縣,東勢鄉,復興村,106,81184,766,552,359,880,677.90,88.51
雲林縣,東勢鄉,昌南村,168,108118,644,515,328,891,465.49,72.33
雲林縣,東勢鄉,安南村,156,106352,682,547,345,825,552.44,81.03
雲林縣,東勢鄉,新坤村,189,125131,662,542,325,843,616.70,93.15
雲林縣,東勢鄉,四美村,168,109935,654,540,292,880,504.09,77.03
雲林縣,東勢鄉,龍潭村,103,70105,681,552,320,927,528.52,77.65
雲林縣,東勢鄉,程海村,87,58162,669,603,347,881,433.73,64.88
雲林縣,東勢鄉,同安村,333,214593,644,545,318,822,527.28,81.82
雲林縣,褒忠鄉,中民村,474,367558,775,574,349,896,951.80,122.74
雲林縣,褒忠鄉,埔姜村,328,240936,735,648,326,955,628.54,85.57
雲林縣,褒忠鄉,中勝村,334,255898,766,599,342,1007,698.12,91.12
雲林縣,褒忠鄉,馬鳴村,308,226371,735,601,348,987,588.60,80.08
雲林縣,褒忠鄉,新湖村,199,136894,688,579,339,868,536.42,77.98
雲林縣,褒忠鄉,有才村,154,100079,650,537,323,733,512.97,78.93
雲林縣,褒忠鄉,田洋村,143,92643,648,499,283,859,529.77,81.77
雲林縣,褒忠鄉,龍岩村,205,120243,587,508,294,756,435.30,74.21
雲林縣,褒忠鄉,潮厝村,156,101188,649,482,311,806,567.65,87.51
雲林縣,臺西鄉,臺西村,283,218074,771,657,372,1015,550.42,71.43
雲林縣,臺西鄉,海北村,219,161546,738,595,354,987,607.71,82.38
雲林縣,臺西鄉,海口村,352,246498,700,580,341,909,535.12,76.41
雲林縣,臺西鄉,海南村,249,165349,664,548,325,884,535.43,80.63
雲林縣,臺西鄉,光華村,157,106937,681,556,339,895,507.58,74.52
雲林縣,臺西鄉,山寮村,136,84428,621,543,315,786,492.82,79.39
雲林縣,臺西鄉,五榔村,72,49587,689,601,399,907,448.31,65.09
雲林縣,臺西鄉,泉州村,103,78695,764,599,424,904,666.96,87.29
雲林縣,臺西鄉,牛厝村,266,178476,671,512,336,802,593.66,88.48
雲林縣,臺西鄉,溪頂村,202,130893,648,490,306,801,645.27,99.58
雲林縣,臺西鄉,永豐村,286,195444,683,592,327,865,504.49,73.82
雲林縣,臺西鄉,富琦村,325,230491,709,593,368,922,497.14,70.10
雲林縣,臺西鄉,和豐村,499,355934,713,588,353,875,689.63,96.68
雲林縣,臺西鄉,蚊港村,348,234295,673,592,348,860,484.15,71.91
雲林縣,臺西鄉,五港村,309,207036,670,561,296,859,523.31,78.10
雲林縣,元長鄉,長南村,775,555436,717,573,345,881,650.06,90.70
雲林縣,元長鄉,長北村,347,218357,629,481,309,761,541.41,86.04
雲林縣,元長鄉,子茂村,233,169515,728,555,336,935,731.37,100.53
雲林縣,元長鄉,後湖村,124,83629,674,477,300,863,649.19,96.26
雲林縣,元長鄉,山內村,171,111880,654,525,301,795,546.21,83.48
雲林縣,元長鄉,合和村,191,120537,631,474,308,822,476.78,75.55
雲林縣,元長鄉,五塊村,178,122738,690,469,308,805,802.28,116.35
雲林縣,元長鄉,潭西村,149,89180,599,514,346,807,426.24,71.21
雲林縣,元長鄉,潭東村,94,56859,605,483,290,673,588.55,97.30
雲林縣,元長鄉,客厝村,170,112241,660,508,332,875,537.32,81.38
雲林縣,元長鄉,卓運村,57,38513,676,558,267,972,591.64,87.56
雲林縣,元長鄉,頂寮村,242,157482,651,520,336,862,471.41,72.44
雲林縣,元長鄉,下寮村,256,173507,678,556,330,900,545.87,80.54
雲林縣,元長鄉,龍岩村,170,117258,690,524,314,867,671.42,97.34
雲林縣,元長鄉,西莊村,136,92794,682,568,375,811,508.19,74.48
雲林縣,元長鄉,鹿北村,209,134701,645,531,323,860,488.39,75.78
雲林縣,元長鄉,鹿南村,148,83965,567,448,272,751,500.12,88.15
雲林縣,元長鄉,瓦磘村,256,175303,685,493,278,834,805.34,117.61
雲林縣,元長鄉,內寮村,103,69672,676,595,306,925,508.52,75.18
雲林縣,元長鄉,崙仔村,114,79292,696,544,332,760,656.28,94.36
雲林縣,元長鄉,新吉村,129,89416,693,536,365,798,679.56,98.04
雲林縣,四湖鄉,四湖村,382,275969,722,558,334,952,628.56,87.01
雲林縣,四湖鄉,湖西村,529,376790,712,572,336,922,568.31,79.79
雲林縣,四湖鄉,新庄村,108,76142,705,554,338,891,566.65,80.37
雲林縣,四湖鄉,蔡厝村,148,100630,680,564,355,929,479.75,70.56
雲林縣,四湖鄉,湖寮村,160,115516,722,643,350,894,505.78,70.05
雲林縣,四湖鄉,鹿場村,159,104023,654,500,318,793,570.55,87.21
雲林縣,四湖鄉,施湖村,205,125432,612,510,312,813,464.93,75.99
雲林縣,四湖鄉,羊調村,169,112939,668,520,295,845,612.35,91.63
雲林縣,四湖鄉,溪底村,190,119058,627,541,319,814,429.55,68.55
雲林縣,四湖鄉,溪尾村,115,75490,656,437,307,832,650.07,99.03
雲林縣,四湖鄉,崙南村,142,86325,608,460,300,765,548.15,90.17
雲林縣,四湖鄉,崙北村,299,211699,708,565,303,955,583.46,82.41
雲林縣,四湖鄉,內湖村,143,86452,605,481,247,856,530.98,87.83
雲林縣,四湖鄉,子村,129,92990,721,550,306,857,652.82,90.56
雲林縣,四湖鄉,廣溝村,135,79423,588,502,282,779,431.87,73.41
雲林縣,四湖鄉,飛沙村,201,148386,738,506,291,884,932.77,126.35
雲林縣,四湖鄉,三姓村,70,45739,653,586,365,910,411.42,62.96
雲林縣,四湖鄉,林東村,195,129664,665,526,331,835,526.72,79.21
雲林縣,四湖鄉,林厝村,189,124261,657,523,300,911,494.59,75.23
雲林縣,四湖鄉,飛東村,118,75979,644,506,332,819,434.94,67.55
雲林縣,四湖鄉,東村,171,110456,646,526,335,847,480.33,74.36
雲林縣,口湖鄉,下崙村,382,237313,621,476,294,802,552.26,88.90
雲林縣,口湖鄉,崙中村,313,206660,660,534,315,842,635.57,96.26
雲林縣,口湖鄉,崙東村,293,187150,639,510,301,818,529.06,82.83
雲林縣,口湖鄉,青蚶村,89,48664,547,422,284,716,462.60,84.60
雲林縣,口湖鄉,梧北村,192,107326,559,472,294,735,411.48,73.61
雲林縣,口湖鄉,梧南村,314,195534,623,523,311,864,460.77,73.99
雲林縣,口湖鄉,水井村,146,89840,615,511,278,833,499.22,81.13
雲林縣,口湖鄉,湖口村,155,90825,586,462,303,776,475.25,81.10
雲林縣,口湖鄉,後厝村,123,69227,563,454,238,729,500.29,88.89
雲林縣,口湖鄉,過港村,97,53351,550,468,283,705,454.05,82.55
雲林縣,口湖鄉,埔北村,158,93201,590,444,296,765,492.55,83.50
雲林縣,口湖鄉,埔南村,139,87587,630,478,317,785,508.13,80.64
雲林縣,口湖鄉,謝厝村,202,117094,580,466,262,740,460.65,79.47
雲林縣,口湖鄉,頂湖村,114,73942,649,547,312,867,594.26,91.62
雲林縣,口湖鄉,口湖村,239,158407,663,592,345,829,479.22,72.30
雲林縣,口湖鄉,湖東村,240,161180,672,537,309,822,570.15,84.90
雲林縣,口湖鄉,蚵寮村,219,139955,639,511,338,825,504.49,78.94
雲林縣,口湖鄉,港西村,139,92712,667,479,316,852,601.25,90.14
雲林縣,口湖鄉,港東村,250,148524,594,475,277,732,516.82,86.99
雲林縣,口湖鄉,臺子村,286,168850,590,495,305,774,497.84,84.32
雲林縣,口湖鄉,成龍村,160,107650,673,525,300,861,626.56,93.13
雲林縣,水林鄉,水北村,478,357436,748,568,345,950,699.18,93.50
雲林縣,水林鄉,水南村,411,296962,723,553,305,903,757.43,104.83
雲林縣,水林鄉,海埔村,134,75897,566,478,286,682,487.90,86.14
雲林縣,水林鄉,後寮村,122,75916,622,504,295,796,518.13,83.27
雲林縣,水林鄉,春埔村,168,113611,676,579,318,888,503.29,74.42
雲林縣,水林鄉,西井村,109,70533,647,506,299,803,598.59,92.51
雲林縣,水林鄉,灣西村,148,98630,666,473,295,868,576.64,86.53
雲林縣,水林鄉,灣東村,121,75550,624,477,348,795,461.48,73.91
雲林縣,水林鄉,蘇秦村,174,132598,762,594,348,1088,621.13,81.51
雲林縣,水林鄉,車港村,81,56095,693,613,410,878,454.19,65.58
雲林縣,水林鄉,萬興村,125,77842,623,501,309,710,638.26,102.49
雲林縣,水林鄉,尖山村,121,69723,576,467,291,769,442.91,76.86
雲林縣,水林鄉,大山村,175,112940,645,503,291,793,554.28,85.89
雲林縣,水林鄉,大溝村,142,97381,686,579,364,917,485.07,70.73
雲林縣,水林鄉,順興村,142,94295,664,540,344,851,510.00,76.80
雲林縣,水林鄉,山腳村,143,89906,629,533,346,775,477.64,75.97
雲林縣,水林鄉,蕃薯村,156,93119,597,537,274,776,465.99,78.07
雲林縣,水林鄉,松北村,172,126040,733,543,319,898,659.86,90.05
雲林縣,水林鄉,松中村,86,61280,713,566,352,902,528.22,74.13
雲林縣,水林鄉,松西村,104,64820,623,478,314,824,485.93,77.96
雲林縣,水林鄉,埔村,111,70067,631,527,327,755,520.59,82.47
雲林縣,水林鄉,塭底村,98,66463,678,527,327,905,558.77,82.39
雲林縣,水林鄉,土厝村,237,141543,597,483,280,741,498.54,83.48
雲林縣,水林鄉,溪墘村,128,74237,580,480,274,782,449.53,77.51
嘉義縣,朴子市,安福里,505,393074,778,668,381,1022,576.74,74.10
嘉義縣,朴子市,平和里,668,585406,876,676,399,1123,762.07,86.96
嘉義縣,朴子市,內厝里,262,201975,771,614,357,1005,587.54,76.22
嘉義縣,朴子市,開元里,113,82731,732,617,353,932,562.92,76.89
嘉義縣,朴子市,順天里,157,120120,765,569,301,895,1123.17,146.80
嘉義縣,朴子市,中正里,194,139106,717,462,248,968,756.69,105.53
嘉義縣,朴子市,博厚里,171,141971,830,646,378,1054,661.02,79.62
嘉義縣,朴子市,文化里,511,403612,790,604,332,992,789.96,100.01
嘉義縣,朴子市,永和里,596,421784,708,541,367,909,583.92,82.51
嘉義縣,朴子市,竹圍里,1288,1047864,814,600,333,1057,744.23,91.48
嘉義縣,朴子市,新寮里,127,79436,625,450,287,764,581.15,92.91
嘉義縣,朴子市,双溪里,118,77559,657,494,299,803,628.13,95.57
嘉義縣,朴子市,溪口里,137,86898,634,531,316,804,488.39,77.00
嘉義縣,朴子市,德興里,229,157819,689,535,336,886,554.22,80.42
嘉義縣,朴子市,仁和里,697,901294,1293,891,601,1447,1325.81,102.53
嘉義縣,朴子市,大鄉里,794,624596,787,615,357,1004,733.16,93.20
嘉義縣,朴子市,大葛里,739,704937,954,780,415,1269,773.39,81.08
嘉義縣,朴子市,佳禾里,134,76187,569,439,247,704,458.93,80.72
嘉義縣,朴子市,竹村里,242,158388,654,516,339,783,586.87,89.67
嘉義縣,朴子市,崁前里,148,88042,595,503,327,748,431.36,72.51
嘉義縣,朴子市,崁後里,110,69789,634,538,390,805,386.16,60.87
嘉義縣,朴子市,順安里,41,17888,436,413,240,550,276.34,63.34
嘉義縣,朴子市,德家里,117,75665,647,517,332,732,527.93,81.63
嘉義縣,朴子市,新庄里,135,86850,643,535,316,802,503.43,78.25
嘉義縣,朴子市,松華里,194,136493,704,521,347,910,775.91,110.28
嘉義縣,朴子市,梅華里,157,103734,661,503,284,835,681.30,103.11
嘉義縣,朴子市,南竹里,87,57014,655,512,336,852,450.42,68.73
嘉義縣,布袋鎮,岱江里,97,60400,623,536,371,832,393.55,63.20
嘉義縣,布袋鎮,九龍里,75,42599,568,467,247,870,534.24,94.06
嘉義縣,布袋鎮,岑海里,385,285111,741,603,422,948,523.02,70.63
嘉義縣,布袋鎮,興中里,233,176732,759,589,392,919,1064.29,140.31
嘉義縣,布袋鎮,光復里,364,262017,720,556,372,884,626.16,86.99
嘉義縣,布袋鎮,見龍里,192,124955,651,517,309,805,570.85,87.71
嘉義縣,布袋鎮,新厝里,172,132842,772,598,402,902,824.06,106.70
嘉義縣,布袋鎮,龍江里,173,118253,684,605,333,918,512.18,74.93
嘉義縣,布袋鎮,東港里,451,349086,774,599,371,916,793.77,102.55
嘉義縣,布袋鎮,永安里,247,164377,665,512,334,833,538.46,80.91
嘉義縣,布袋鎮,江山里,53,41229,778,551,337,1036,824.75,106.02
嘉義縣,布袋鎮,考試里,54,44027,815,550,375,921,916.73,112.44
嘉義縣,布袋鎮,菜舖里,80,54704,684,591,392,911,440.17,64.37
嘉義縣,布袋鎮,振寮里,156,116656,748,586,381,983,640.46,85.65
嘉義縣,布袋鎮,西安里,186,129740,698,528,340,857,597.88,85.72
嘉義縣,布袋鎮,東安里,206,136470,662,519,326,772,606.17,91.50
嘉義縣,布袋鎮,中安里,254,177454,699,543,335,829,578.52,82.81
嘉義縣,布袋鎮,樹林里,87,55168,634,465,336,710,558.13,88.02
嘉義縣,布袋鎮,貴舍里,105,75629,720,562,348,896,533.73,74.10
嘉義縣,布袋鎮,復興里,457,302530,662,514,336,769,667.40,100.82
嘉義縣,布袋鎮,新民里,212,144987,684,534,345,798,612.13,89.50
嘉義縣,布袋鎮,好美里,191,110191,577,452,273,702,553.50,95.94
嘉義縣,布袋鎮,新岑里,203,134908,665,557,410,771,467.74,70.38
嘉義縣,大林鎮,東林里,162,129965,802,552,314,1123,877.21,109.34
嘉義縣,大林鎮,西林里,554,425961,769,580,356,951,671.63,87.35
嘉義縣,大林鎮,吉林里,251,187724,748,601,347,970,623.02,83.30
嘉義縣,大林鎮,平林里,1574,1340114,851,623,379,1083,792.84,93.12
嘉義縣,大林鎮,明華里,225,175190,779,579,356,929,967.23,124.22
嘉義縣,大林鎮,明和里,417,329682,791,607,351,1094,614.23,77.69
嘉義縣,大林鎮,排路里,120,96858,807,576,325,1008,741.28,91.84
嘉義縣,大林鎮,西結里,134,87887,656,453,282,773,739.06,112.68
嘉義縣,大林鎮,湖北里,124,91526,738,619,386,1042,564.29,76.45
嘉義縣,大林鎮,大糖里,46,29253,636,452,291,891,553.21,86.99
嘉義縣,大林鎮,大美里,294,200639,682,578,375,856,627.72,91.98
嘉義縣,大林鎮,過溪里,265,192601,727,568,395,905,570.86,78.54
嘉義縣,大林鎮,中坑里,220,154875,704,528,316,854,620.94,88.20
嘉義縣,大林鎮,上林里,136,90153,663,524,310,861,536.80,80.98
嘉義縣,大林鎮,中林里,325,256356,789,556,356,884,751.31,95.25
嘉義縣,大林鎮,三和里,453,296427,654,502,310,801,546.64,83.54
嘉義縣,大林鎮,溝背里,196,139843,713,594,315,996,546.07,76.54
嘉義縣,大林鎮,義和里,129,90171,699,600,351,858,510.71,73.06
嘉義縣,大林鎮,內林里,118,92964,788,589,307,942,852.12,108.16
嘉義縣,大林鎮,三角里,132,99989,757,586,359,928,601.91,79.46
嘉義縣,大林鎮,三村里,181,135284,747,585,332,928,646.64,86.52
嘉義縣,民雄鄉,東榮村,656,573698,875,646,356,1117,785.50,89.82
嘉義縣,民雄鄉,中樂村,457,388947,851,600,349,1007,981.79,115.36
嘉義縣,民雄鄉,西安村,965,847172,878,654,359,1122,830.63,94.62
嘉義縣,民雄鄉,寮頂村,540,392190,726,539,304,903,706.70,97.30
嘉義縣,民雄鄉,福權村,402,312156,777,620,378,968,599.92,77.26
嘉義縣,民雄鄉,東湖村,418,278888,667,508,318,891,531.52,79.66
嘉義縣,民雄鄉,豐收村,524,416797,795,572,331,965,772.24,97.09
嘉義縣,民雄鄉,頂崙村,362,276258,763,589,352,985,624.38,81.82
嘉義縣,民雄鄉,鎮北村,251,206790,824,600,326,1094,764.00,92.73
嘉義縣,民雄鄉,三興村,354,435942,1231,792,371,1753,1137.10,92.34
嘉義縣,民雄鄉,東興村,77,65731,854,625,337,991,866.68,101.53
嘉義縣,民雄鄉,菁埔村,374,267057,714,546,346,888,624.62,87.47
嘉義縣,民雄鄉,中和村,250,187248,749,615,363,1010,543.07,72.51
嘉義縣,民雄鄉,西昌村,172,118133,687,523,346,832,679.96,99.00
嘉義縣,民雄鄉,平和村,199,146723,737,569,358,930,602.60,81.73
嘉義縣,民雄鄉,中央村,304,212113,698,548,339,890,538.07,77.12
嘉義縣,民雄鄉,興中村,463,320690,693,555,331,883,552.78,79.81
嘉義縣,民雄鄉,興南村,711,469312,660,528,338,807,551.90,83.61
嘉義縣,民雄鄉,文隆村,633,497096,785,598,353,979,671.29,85.48
嘉義縣,民雄鄉,山中村,860,621344,722,558,345,957,561.20,77.67
嘉義縣,民雄鄉,福興村,504,325159,645,491,314,822,501.67,77.76
嘉義縣,民雄鄉,松山村,367,243486,663,527,313,799,759.67,114.50
嘉義縣,民雄鄉,雙福村,677,569443,841,648,376,1106,772.70,91.86
嘉義縣,民雄鄉,北斗村,1351,999768,740,578,340,956,714.03,96.49
嘉義縣,民雄鄉,秀林村,605,442662,732,527,326,859,1119.28,152.98
嘉義縣,民雄鄉,大崎村,564,379533,673,491,288,830,731.57,108.71
嘉義縣,民雄鄉,金興村,681,435716,640,530,353,811,468.41,73.21
嘉義縣,民雄鄉,福樂村,1818,1422256,782,584,354,1010,711.36,90.93
嘉義縣,溪口鄉,溪東村,304,218119,717,603,358,864,526.20,73.34
嘉義縣,溪口鄉,溪西村,126,81317,645,540,298,799,628.64,97.41
嘉義縣,溪口鄉,溪北村,104,67753,651,535,338,790,527.26,80.93
嘉義縣,溪口鄉,柴林村,155,108380,699,550,375,862,575.95,82.37
嘉義縣,溪口鄉,林腳村,141,97939,695,512,344,839,645.63,92.95
嘉義縣,溪口鄉,美南村,206,155728,756,599,342,987,589.57,77.99
嘉義縣,溪口鄉,美北村,179,116390,650,475,298,844,600.30,92.32
嘉義縣,溪口鄉,本厝村,181,134403,743,555,337,920,797.17,107.35
嘉義縣,溪口鄉,游東村,161,105876,658,495,304,878,552.41,84.00
嘉義縣,溪口鄉,游西村,119,86321,725,595,364,893,627.14,86.46
嘉義縣,溪口鄉,柳溝村,264,167100,633,503,323,809,490.51,77.50
嘉義縣,溪口鄉,疊溪村,217,145575,671,498,307,805,617.89,92.10
嘉義縣,溪口鄉,妙崙村,129,83721,649,523,319,733,729.71,112.44
嘉義縣,溪口鄉,坪頂村,192,136308,710,553,348,896,594.56,83.75
嘉義縣,新港鄉,宮前村,579,501607,866,695,366,1160,692.52,79.94
嘉義縣,新港鄉,宮後村,370,301689,815,633,369,1074,746.05,91.50
嘉義縣,新港鄉,大興村,372,278149,748,557,324,882,700.91,93.74
嘉義縣,新港鄉,福德村,395,305752,774,530,344,926,812.43,104.96
嘉義縣,新港鄉,古民村,228,170136,746,567,371,923,606.19,81.24
嘉義縣,新港鄉,中庄村,268,206333,770,550,348,932,1176.82,152.85
嘉義縣,新港鄉,大潭村,298,218945,735,574,347,906,616.32,83.89
嘉義縣,新港鄉,西庄村,157,129782,827,618,382,1062,695.50,84.14
嘉義縣,新港鄉,月眉村,367,297628,811,595,350,1002,952.76,117.48
嘉義縣,新港鄉,月潭村,337,229407,681,485,306,889,585.49,86.01
嘉義縣,新港鄉,溪北村,253,169357,669,520,308,829,562.29,84.00
嘉義縣,新港鄉,菜公村,196,133771,683,542,345,870,502.61,73.64
嘉義縣,新港鄉,中洋村,237,163033,688,568,331,920,533.96,77.62
嘉義縣,新港鄉,三間村,370,309029,835,715,446,1035,581.94,69.68
嘉義縣,新港鄉,安和村,175,117297,670,531,316,781,1080.24,161.16
嘉義縣,新港鄉,潭大村,229,167724,732,570,355,890,690.24,94.24
嘉義縣,新港鄉,南港村,235,170498,726,563,342,886,615.65,84.86
嘉義縣,新港鄉,板頭村,93,67165,722,568,372,888,598.16,82.82
嘉義縣,新港鄉,共和村,171,117427,687,496,277,850,898.02,130.77
嘉義縣,新港鄉,埤子村,86,52674,612,543,300,823,405.90,66.27
嘉義縣,新港鄉,南崙村,131,95140,726,572,317,899,657.89,90.59
嘉義縣,新港鄉,北崙村,82,51183,624,491,282,741,669.21,107.21
嘉義縣,新港鄉,海瀛村,69,52403,759,523,402,955,694.38,91.43
嘉義縣,六腳鄉,蒜東村,171,127795,747,539,351,834,802.20,107.34
嘉義縣,六腳鄉,蒜南村,195,138890,712,570,346,908,572.21,80.34
嘉義縣,六腳鄉,蒜頭村,309,216082,699,570,328,918,551.04,78.80
嘉義縣,六腳鄉,工廠村,61,51382,842,540,363,1172,842.93,100.07
嘉義縣,六腳鄉,灣南村,216,164060,760,564,355,1008,585.20,77.05
嘉義縣,六腳鄉,灣北村,211,139970,663,527,328,877,540.66,81.50
嘉義縣,六腳鄉,雙涵村,145,99936,689,536,343,975,517.05,75.02
嘉義縣,六腳鄉,塗師村,115,71812,624,526,354,835,430.47,68.94
嘉義縣,六腳鄉,三義村,118,72753,617,530,323,764,475.37,77.10
嘉義縣,六腳鄉,港美村,153,96144,628,529,288,814,488.75,77.78
嘉義縣,六腳鄉,豐美村,203,131708,649,518,327,792,536.38,82.67
嘉義縣,六腳鄉,六斗村,192,125069,651,556,344,815,497.28,76.34
嘉義縣,六腳鄉,崙陽村,232,165013,711,548,334,929,544.99,76.62
嘉義縣,六腳鄉,蘇厝村,322,223776,695,524,319,887,604.39,86.97
嘉義縣,六腳鄉,竹本村,97,55160,569,466,299,704,459.53,80.81
嘉義縣,六腳鄉,永賢村,73,51647,707,506,348,889,561.63,79.38
嘉義縣,六腳鄉,魚寮村,104,68522,659,530,316,906,484.64,73.56
嘉義縣,六腳鄉,潭墘村,165,114470,694,514,336,929,561.11,80.88
嘉義縣,六腳鄉,正義村,251,162774,649,575,327,850,460.76,71.05
嘉義縣,六腳鄉,溪厝村,100,65027,650,575,334,768,518.53,79.74
嘉義縣,六腳鄉,六南村,98,72589,741,567,333,982,599.53,80.94
嘉義縣,六腳鄉,六腳村,152,106935,704,557,315,957,536.31,76.23
嘉義縣,六腳鄉,崩山村,92,70296,764,575,383,1011,573.26,75.03
嘉義縣,六腳鄉,古林村,95,119836,1261,609,351,953,4110.79,325.88
嘉義縣,六腳鄉,更寮村,93,78046,839,541,345,1004,837.18,99.76
嘉義縣,東石鄉,東石村,250,153762,615,519,331,799,456.53,74.23
嘉義縣,東石鄉,猿樹村,138,93180,675,514,346,907,525.10,77.77
嘉義縣,東石鄉,塭港村,196,117953,602,488,288,754,462.01,76.77
嘉義縣,東石鄉,型厝村,198,123203,622,498,327,793,479.80,77.11
嘉義縣,東石鄉,三家村,205,139440,680,551,363,820,522.43,76.81
嘉義縣,東石鄉,永屯村,117,66389,567,495,305,786,416.08,73.33
嘉義縣,東石鄉,海埔村,49,29544,603,485,315,746,522.57,86.67
嘉義縣,東石鄉,龍港村,126,81446,646,557,298,825,563.35,87.15
嘉義縣,東石鄉,副瀨村,132,102605,777,591,401,862,731.41,94.09
嘉義縣,東石鄉,下揖村,94,56928,606,502,326,725,485.17,80.11
嘉義縣,東石鄉,頂揖村,52,30562,588,465,279,674,540.48,91.96
嘉義縣,東石鄉,溪下村,134,78195,584,443,278,720,460.48,78.91
嘉義縣,東石鄉,港口村,43,20944,487,408,295,571,365.62,75.06
嘉義縣,東石鄉,鰲鼓村,209,136499,653,506,319,794,598.41,91.63
嘉義縣,東石鄉,港墘村,213,186108,874,615,364,979,1100.21,125.92
嘉義縣,東石鄉,蔦松村,158,99902,632,525,331,786,475.38,75.18
嘉義縣,東石鄉,圍潭村,85,47040,553,533,285,697,360.74,65.18
嘉義縣,東石鄉,洲仔村,139,84199,606,493,241,761,659.85,108.93
嘉義縣,東石鄉,東崙村,135,94747,702,557,335,847,666.07,94.90
嘉義縣,東石鄉,西崙村,202,138826,687,539,362,863,518.90,75.50
嘉義縣,東石鄉,塭仔村,149,87254,586,472,295,747,422.77,72.19
嘉義縣,東石鄉,網寮村,169,109226,646,538,351,860,464.24,71.83
嘉義縣,東石鄉,掌潭村,110,73943,672,553,371,835,519.01,77.21
嘉義縣,義竹鄉,岸腳村,149,99869,670,523,317,825,558.13,83.27
嘉義縣,義竹鄉,義竹村,388,289141,745,575,367,918,657.70,88.26
嘉義縣,義竹鄉,六桂村,273,194671,713,560,363,956,528.63,74.13
嘉義縣,義竹鄉,仁里村,204,162076,794,585,372,958,735.09,92.52
嘉義縣,義竹鄉,傳芳村,148,92098,622,500,332,825,456.89,73.42
嘉義縣,義竹鄉,頭竹村,240,204101,850,598,383,976,769.50,90.48
嘉義縣,義竹鄉,五厝村,83,61462,741,609,431,820,669.62,90.43
嘉義縣,義竹鄉,中平村,63,51670,820,703,390,1169,553.93,67.54
嘉義縣,義竹鄉,埤前村,144,107349,745,595,374,974,535.37,71.82
嘉義縣,義竹鄉,平溪村,81,56156,693,513,354,776,545.18,78.64
嘉義縣,義竹鄉,後鎮村,94,57663,613,497,308,755,477.02,77.76
嘉義縣,義竹鄉,北華村,126,74651,592,474,322,722,445.87,75.26
嘉義縣,義竹鄉,新店村,262,192569,735,579,392,962,536.81,73.04
嘉義縣,義竹鄉,東過村,159,99602,626,510,346,825,419.58,66.98
嘉義縣,義竹鄉,西過村,147,87840,598,422,278,650,722.75,120.95
嘉義縣,義竹鄉,官和村,142,97001,683,482,333,808,613.97,89.88
嘉義縣,義竹鄉,官順村,83,51436,620,515,336,737,506.91,81.80
嘉義縣,義竹鄉,新富村,112,77212,689,589,352,900,474.39,68.81
嘉義縣,義竹鄉,東光村,147,103483,704,546,333,929,540.35,76.76
嘉義縣,義竹鄉,東榮村,63,45350,720,511,330,891,661.07,91.84
嘉義縣,義竹鄉,龍蛟村,98,59346,606,554,279,782,508.85,84.03
嘉義縣,義竹鄉,溪洲村,104,66172,636,574,337,858,431.89,67.88
嘉義縣,鹿草鄉,後寮村,85,62723,738,558,387,891,592.27,80.26
嘉義縣,鹿草鄉,鹿東村,116,83833,723,561,372,922,543.13,75.15
嘉義縣,鹿草鄉,鹿草村,287,190239,663,535,348,804,559.28,84.37
嘉義縣,鹿草鄉,西井村,322,236924,736,534,312,968,637.09,86.59
嘉義縣,鹿草鄉,豐稠村,132,96568,732,596,355,927,573.12,78.34
嘉義縣,鹿草鄉,重寮村,173,122669,709,525,369,909,527.71,74.42
嘉義縣,鹿草鄉,施家村,92,56206,611,503,339,737,460.83,75.43
嘉義縣,鹿草鄉,下潭村,121,85338,705,620,354,928,480.01,68.06
嘉義縣,鹿草鄉,光潭村,185,128996,697,566,357,913,489.44,70.19
嘉義縣,鹿草鄉,碧潭村,146,97789,670,469,336,851,578.39,86.35
嘉義縣,鹿草鄉,松竹村,189,128818,682,581,318,823,593.22,87.04
嘉義縣,鹿草鄉,竹山村,174,119442,686,509,293,767,686.17,99.96
嘉義縣,鹿草鄉,後堀村,303,219604,725,555,339,958,563.85,77.80
嘉義縣,鹿草鄉,三角村,328,227374,693,555,334,941,518.87,74.85
嘉義縣,鹿草鄉,下麻村,122,74404,610,453,303,833,451.86,74.09
嘉義縣,太保市,太保里,625,523923,838,636,354,1038,833.90,99.48
嘉義縣,太保市,後庄里,107,75972,710,514,355,798,842.10,118.60
嘉義縣,太保市,前潭里,323,229917,712,508,319,813,864.70,121.48
嘉義縣,太保市,後潭里,378,271956,719,546,324,899,604.49,84.02
嘉義縣,太保市,春珠里,208,148044,712,587,353,919,598.18,84.04
嘉義縣,太保市,崙頂里,203,159324,785,549,333,1020,704.97,89.82
嘉義縣,太保市,安仁里,758,781265,1031,839,452,1432,831.83,80.71
嘉義縣,太保市,東勢里,468,527697,1128,860,437,1444,1083.60,96.10
嘉義縣,太保市,新埤里,270,203468,754,589,347,945,588.68,78.12
嘉義縣,太保市,舊埤里,544,403215,741,609,346,1001,584.55,78.87
嘉義縣,太保市,田尾里,155,127940,825,652,362,1072,706.15,85.55
嘉義縣,太保市,港尾里,106,68425,646,559,327,942,460.80,71.38
嘉義縣,太保市,過溝里,892,733192,822,656,380,1062,804.54,97.88
嘉義縣,太保市,麻寮里,1145,925366,808,657,415,1056,611.98,75.72
嘉義縣,太保市,南新里,418,342645,820,567,331,869,1317.29,160.70
嘉義縣,太保市,北新里,709,538207,759,616,363,993,590.69,77.81
嘉義縣,太保市,埤鄉里,148,102907,695,599,311,898,521.63,75.02
嘉義縣,太保市,梅埔里,220,163497,743,526,317,850,986.95,132.80
嘉義縣,水上鄉,水頭村,668,513375,769,597,348,1010,622.81,81.04
嘉義縣,水上鄉,水上村,972,724532,745,574,337,978,600.16,80.51
嘉義縣,水上鄉,大堀村,349,238274,683,528,327,834,614.79,90.05
嘉義縣,水上鄉,大崙村,466,312670,671,535,323,843,621.24,92.59
嘉義縣,水上鄉,塗溝村,175,122614,701,579,360,897,585.77,83.60
嘉義縣,水上鄉,粗溪村,374,272765,729,551,351,869,637.65,87.43
嘉義縣,水上鄉,下寮村,509,374712,736,572,342,910,696.39,94.60
嘉義縣,水上鄉,回歸村,126,96635,767,558,319,948,725.84,94.64
嘉義縣,水上鄉,三和村,462,399433,865,710,409,1133,683.94,79.11
嘉義縣,水上鄉,龍德村,529,399649,755,577,363,996,590.68,78.19
嘉義縣,水上鄉,溪洲村,238,162126,681,515,350,893,527.23,77.40
嘉義縣,水上鄉,三鎮村,152,110371,726,510,309,920,818.63,112.74
嘉義縣,水上鄉,靖和村,117,89506,765,668,435,992,498.32,65.14
嘉義縣,水上鄉,南和村,337,247056,733,557,362,916,645.90,88.10
嘉義縣,水上鄉,柳林村,479,308805,645,526,349,773,541.47,83.99
嘉義縣,水上鄉,柳鄉村,487,326246,670,540,336,845,520.35,77.68
嘉義縣,水上鄉,內溪村,258,186072,721,508,293,836,1561.94,216.57
嘉義縣,水上鄉,寬士村,1032,739987,717,577,346,891,634.90,88.54
嘉義縣,水上鄉,國姓村,219,136333,623,496,337,803,495.32,79.57
嘉義縣,水上鄉,三界村,165,111879,678,528,315,762,607.29,89.56
嘉義縣,水上鄉,南鄉村,148,104693,707,502,324,739,777.18,109.87
嘉義縣,水上鄉,忠和村,401,234591,585,481,294,745,477.20,81.57
嘉義縣,水上鄉,義興村,178,113951,640,454,290,736,606.75,94.78
嘉義縣,水上鄉,民生村,718,462014,643,531,329,833,476.67,74.08
嘉義縣,水上鄉,中庄村,374,261885,700,519,338,851,1085.06,154.96
嘉義縣,水上鄉,柳新村,358,214055,598,520,340,771,391.83,65.53
嘉義縣,中埔鄉,中埔村,350,226717,648,555,318,844,490.45,75.71
嘉義縣,中埔鄉,塩館村,183,131241,717,546,322,977,558.26,77.84
嘉義縣,中埔鄉,龍門村,125,84607,677,584,359,850,443.36,65.50
嘉義縣,中埔鄉,裕民村,153,97945,640,532,329,772,490.58,76.63
嘉義縣,中埔鄉,金蘭村,258,169333,656,539,301,781,574.77,87.57
嘉義縣,中埔鄉,富收村,598,397218,664,522,301,827,601.12,90.50
嘉義縣,中埔鄉,和睦村,765,563252,736,559,358,916,640.97,87.06
嘉義縣,中埔鄉,隆興村,353,247435,701,516,303,829,865.68,123.50
嘉義縣,中埔鄉,義仁村,248,162418,655,504,302,862,578.97,88.40
嘉義縣,中埔鄉,社口村,360,222859,619,501,318,782,472.50,76.33
嘉義縣,中埔鄉,灣潭村,145,88915,613,447,332,772,522.26,85.17
嘉義縣,中埔鄉,石硦村,184,112721,613,556,336,773,406.86,66.41
嘉義縣,中埔鄉,頂埔村,136,94982,698,550,352,875,540.27,77.36
嘉義縣,中埔鄉,同仁村,349,215817,618,532,329,795,471.23,76.20
嘉義縣,中埔鄉,深坑村,115,85125,740,569,395,908,638.11,86.21
嘉義縣,中埔鄉,瑞豐村,102,48971,480,419,223,629,350.98,73.10
嘉義縣,中埔鄉,沄水村,133,92543,696,559,333,811,738.34,106.11
嘉義縣,中埔鄉,三層村,119,70023,588,523,307,732,437.76,74.39
嘉義縣,中埔鄉,東興村,32,16903,528,488,315,709,317.48,60.10
嘉義縣,中埔鄉,中崙村,38,25722,677,535,376,868,451.33,66.68
嘉義縣,中埔鄉,和美村,1937,1442492,745,581,352,966,641.65,86.16
嘉義縣,中埔鄉,和興村,1292,858823,665,536,329,863,505.70,76.08
嘉義縣,竹崎鄉,竹崎村,575,375836,654,534,306,814,529.32,80.98
嘉義縣,竹崎鄉,和平村,410,266951,651,512,321,773,669.38,102.81
嘉義縣,竹崎鄉,坑頭村,123,82803,673,497,342,792,702.08,104.29
嘉義縣,竹崎鄉,沙坑村,146,80564,552,447,237,679,529.98,96.04
嘉義縣,竹崎鄉,獅埜村,216,139078,644,508,324,781,528.77,82.12
嘉義縣,竹崎鄉,鹿滿村,299,196729,658,512,312,804,561.25,85.30
嘉義縣,竹崎鄉,紫雲村,254,164089,646,492,322,753,696.54,107.82
嘉義縣,竹崎鄉,灣橋村,1237,888590,718,546,355,900,589.45,82.06
嘉義縣,竹崎鄉,義仁村,185,118250,639,511,333,808,494.75,77.40
嘉義縣,竹崎鄉,義和村,129,93124,722,593,350,861,588.59,81.53
嘉義縣,竹崎鄉,內埔村,304,192390,633,526,306,792,495.78,78.34
嘉義縣,竹崎鄉,昇平村,284,197631,696,549,339,848,688.30,98.91
嘉義縣,竹崎鄉,桃源村,163,106669,654,542,300,847,610.21,93.25
嘉義縣,竹崎鄉,白杞村,119,73911,621,484,308,700,489.94,78.88
嘉義縣,竹崎鄉,龍山村,313,215901,690,515,337,783,615.88,89.29
嘉義縣,竹崎鄉,義隆村,95,64664,681,493,291,802,661.09,97.12
嘉義縣,竹崎鄉,文峰村,109,78554,721,501,280,887,982.60,136.34
嘉義縣,竹崎鄉,塘興村,120,80133,668,576,333,788,534.25,80.00
嘉義縣,竹崎鄉,復金村,363,211032,581,461,312,759,523.05,89.97
嘉義縣,竹崎鄉,緞繻村,134,84141,628,473,317,778,568.91,90.60
嘉義縣,竹崎鄉,仁壽村,29,28957,999,581,352,878,1972.33,197.52
嘉義縣,竹崎鄉,金獅村,45,27423,609,510,241,715,518.95,85.16
嘉義縣,竹崎鄉,中和村,108,69028,639,523,247,698,646.55,101.16
嘉義縣,竹崎鄉,光華村,58,30260,522,456,355,664,312.90,59.97
嘉義縣,梅山鄉,梅東村,438,324843,742,618,383,866,607.90,81.97
嘉義縣,梅山鄉,梅南村,197,144823,735,554,335,890,699.85,95.20
嘉義縣,梅山鄉,梅北村,952,691133,726,567,358,901,593.89,81.80
嘉義縣,梅山鄉,過山村,83,63021,759,606,335,962,623.96,82.18
嘉義縣,梅山鄉,圳南村,41,21460,523,469,374,648,286.38,54.71
嘉義縣,梅山鄉,圳北村,76,44730,589,470,297,748,464.80,78.97
嘉義縣,梅山鄉,大南村,262,182692,697,513,308,852,693.37,99.44
嘉義縣,梅山鄉,安靖村,128,78358,612,504,350,743,480.72,78.53
嘉義縣,梅山鄉,双溪村,103,60651,589,468,306,754,428.95,72.85
嘉義縣,梅山鄉,半天村,70,40750,582,448,312,663,445.13,76.46
嘉義縣,梅山鄉,太平村,82,53258,649,482,274,779,554.54,85.38
嘉義縣,梅山鄉,龍眼村,57,35967,631,546,265,866,503.02,79.72
嘉義縣,梅山鄉,太興村,52,33923,652,418,290,794,660.98,101.32
嘉義縣,梅山鄉,瑞里村,65,40207,619,493,236,746,594.31,96.08
嘉義縣,梅山鄉,瑞峰村,57,32419,569,521,215,743,458.08,80.54
嘉義縣,梅山鄉,太和村,63,47182,749,585,363,915,608.55,81.26
嘉義縣,梅山鄉,永興村,90,59945,666,583,307,824,508.63,76.36
嘉義縣,梅山鄉,碧湖村,28,17219,615,520,262,674,591.04,96.11
嘉義縣,番路鄉,內甕村,79,59134,749,472,310,872,887.05,118.50
嘉義縣,番路鄉,江西村,256,209028,817,579,381,1098,752.60,92.17
嘉義縣,番路鄉,新福村,192,125641,654,535,349,784,494.72,75.60
嘉義縣,番路鄉,下坑村,379,275557,727,564,326,951,584.14,80.34
嘉義縣,番路鄉,番路村,162,103164,637,534,292,802,485.28,76.20
嘉義縣,番路鄉,民和村,134,81799,610,466,259,785,544.25,89.16
嘉義縣,番路鄉,觸口村,173,112499,650,564,348,861,487.02,74.89
嘉義縣,番路鄉,大湖村,72,44151,613,462,286,638,679.54,110.82
嘉義縣,番路鄉,公田村,120,147434,1229,519,349,887,6247.71,508.52
嘉義縣,番路鄉,公興村,69,37088,538,381,244,624,579.60,107.83
嘉義縣,番路鄉,草山村,39,24103,618,498,375,722,477.65,77.29
嘉義縣,大埔鄉,大埔村,276,192356,697,582,363,909,578.55,83.01
嘉義縣,大埔鄉,茄苳村,148,95893,648,520,328,852,514.67,79.43
嘉義縣,大埔鄉,永樂村,64,39758,621,482,363,781,434.30,69.91
嘉義縣,大埔鄉,和平村,75,48365,645,516,297,829,554.94,86.06
嘉義縣,大埔鄉,西興村,124,85423,689,563,329,780,629.43,91.37
嘉義縣,阿里山鄉,中山村,88,70454,801,685,359,930,701.01,87.56
嘉義縣,阿里山鄉,中正村,50,42596,852,570,273,1047,850.04,99.78
嘉義縣,阿里山鄉,香林村,48,38063,793,673,532,912,473.98,59.77
嘉義縣,阿里山鄉,十字村,37,23854,645,507,352,699,578.73,89.77
嘉義縣,阿里山鄉,達邦村,97,69674,718,598,369,903,479.88,66.81
嘉義縣,阿里山鄉,樂野村,96,70710,737,569,373,1078,491.66,66.75
嘉義縣,阿里山鄉,來吉村,47,38631,822,452,289,846,959.05,116.68
嘉義縣,阿里山鄉,里佳村,27,19386,718,595,422,1032,354.70,49.40
嘉義縣,阿里山鄉,山美村,46,23797,517,497,315,727,276.50,53.45
嘉義縣,阿里山鄉,新美村,28,14088,503,454,171,729,413.35,82.15
嘉義縣,阿里山鄉,豐山村,30,19055,635,477,282,695,628.35,98.93
嘉義縣,阿里山鄉,茶山村,15,9400,627,551,373,778,371.86,59.34
屏東縣,屏東市,勝豐里,94,64954,691,490,304,924,650.41,94.13
屏東縣,屏東市,金泉里,148,109443,739,470,266,873,860.19,116.32
屏東縣,屏東市,慶春里,84,95493,1137,557,322,883,4259.38,374.67
屏東縣,屏東市,平和里,223,167265,750,498,258,890,865.30,115.36
屏東縣,屏東市,楠樹里,143,92626,648,578,303,843,481.39,74.32
屏東縣,屏東市,扶風里,162,138973,858,547,363,992,1114.58,129.93
屏東縣,屏東市,橋南里,405,349015,862,645,377,1110,844.63,98.01
屏東縣,屏東市,橋北里,236,178721,757,600,363,931,632.57,83.53
屏東縣,屏東市,長春里,614,539562,879,638,396,1134,748.83,85.21
屏東縣,屏東市,豐田里,1331,1155477,868,651,378,1118,788.89,90.87
屏東縣,屏東市,安樂里,143,132658,928,585,318,1072,1189.31,128.20
屏東縣,屏東市,歸心里,233,148703,638,519,299,808,587.72,92.09
屏東縣,屏東市,湖西里,346,250595,724,579,360,963,565.32,78.05
屏東縣,屏東市,瑞光里,2195,1900518,866,654,365,1154,748.97,86.50
屏東縣,屏東市,湖南里,254,175763,692,563,347,860,533.31,77.07
屏東縣,屏東市,長安里,402,259988,647,523,318,788,522.37,80.77
屏東縣,屏東市,厚生里,710,461391,650,529,334,808,505.62,77.81
屏東縣,屏東市,大湖里,406,270288,666,542,328,817,540.17,81.14
屏東縣,屏東市,頂宅里,94,64987,691,531,328,854,548.78,79.38
屏東縣,屏東市,新生里,1520,1155096,760,588,367,1005,622.70,81.94
屏東縣,屏東市,永安里,1947,1480186,760,585,367,976,633.02,83.27
屏東縣,屏東市,萬年里,135,93669,694,514,297,933,568.94,82.00
屏東縣,屏東市,安鎮里,474,324084,684,554,315,858,581.94,85.11
屏東縣,屏東市,永昌里,44,28697,652,434,290,712,898.90,137.82
屏東縣,屏東市,光華里,178,125046,703,551,296,953,701.02,99.79
屏東縣,屏東市,一心里,428,372933,871,612,324,1190,789.55,90.61
屏東縣,屏東市,義勇里,450,517429,1150,860,412,1497,1303.08,113.33
屏東縣,屏東市,公館里,342,261851,766,610,378,944,619.14,80.87
屏東縣,屏東市,龍華里,523,398612,762,540,332,927,851.76,111.76
屏東縣,屏東市,玉成里,319,226404,710,553,355,935,525.48,74.04
屏東縣,屏東市,新興里,766,624756,816,733,437,1058,541.53,66.40
屏東縣,屏東市,頂柳里,240,156146,651,502,329,761,514.97,79.15
屏東縣,屏東市,擇仁里,190,112446,592,459,293,771,454.94,76.87
屏東縣,屏東市,清溪里,1219,930970,764,614,375,1004,601.75,78.79
屏東縣,屏東市,前進里,693,470718,679,539,342,859,553.04,81.42
屏東縣,屏東市,大洲里,284,184609,650,513,314,813,522.22,80.34
屏東縣,屏東市,永光里,246,166016,675,531,328,773,595.86,88.29
屏東縣,屏東市,永順里,63,42269,671,505,347,816,567.81,84.63
屏東縣,屏東市,大埔里,174,122824,706,529,301,927,603.10,85.44
屏東縣,屏東市,大同里,189,139074,736,538,281,892,785.65,106.77
屏東縣,屏東市,文明里,89,87101,979,677,349,1330,1038.78,106.14
屏東縣,屏東市,光榮里,191,143634,752,559,304,862,755.79,100.50
屏東縣,屏東市,端正里,88,85972,977,666,349,1039,1176.56,120.43
屏東縣,屏東市,武廟里,134,130287,972,673,389,1165,1022.76,105.19
屏東縣,屏東市,必信里,147,106972,728,578,310,946,624.66,85.84
屏東縣,屏東市,崇禮里,63,54688,868,573,362,1051,911.66,105.02
屏東縣,屏東市,崇智里,120,76652,639,501,298,833,544.42,85.23
屏東縣,屏東市,民權里,181,138574,766,576,337,964,624.56,81.58
屏東縣,屏東市,維新里,631,428101,678,565,328,850,578.95,85.33
屏東縣,屏東市,斯文里,542,473616,874,642,366,1104,844.58,96.65
屏東縣,屏東市,泰安里,210,211280,1006,683,329,1134,1710.75,170.04
屏東縣,屏東市,仁義里,252,175280,696,601,334,909,536.14,77.08
屏東縣,屏東市,三山里,300,194552,649,506,322,850,518.03,79.88
屏東縣,屏東市,海豐里,193,146578,759,602,363,860,894.12,117.73
屏東縣,屏東市,和興里,181,111706,617,524,329,779,480.36,77.84
屏東縣,屏東市,崇蘭里,3652,3224140,883,698,414,1142,757.17,85.76
屏東縣,屏東市,空翔里,427,360084,843,631,368,1090,739.14,87.65
屏東縣,屏東市,廣興里,474,328836,694,559,323,851,610.71,88.03
屏東縣,屏東市,潭墘里,3199,2427356,759,619,368,992,607.77,80.10
屏東縣,屏東市,明正里,237,266437,1124,678,363,1165,3649.74,324.65
屏東縣,屏東市,溝美里,679,540610,796,590,367,994,693.42,87.09
屏東縣,屏東市,勝利里,1437,1192535,830,631,376,1042,765.79,92.28
屏東縣,屏東市,永城里,500,354647,709,529,318,901,642.66,90.61
屏東縣,屏東市,北勢里,722,607794,842,618,369,1015,1230.31,146.15
屏東縣,屏東市,華山里,1456,1166886,801,629,374,1012,674.97,84.22
屏東縣,屏東市,太平里,226,207563,918,683,362,1203,914.70,99.59
屏東縣,屏東市,興樂里,218,194106,890,587,315,1067,1124.96,126.34
屏東縣,屏東市,大武里,2317,1779363,768,584,353,965,743.90,96.87
屏東縣,屏東市,建國里,229,187011,817,617,342,1054,786.57,96.32
屏東縣,屏東市,崇武里,781,614406,787,650,369,1000,636.16,80.87
屏東縣,屏東市,凌雲里,77,43256,562,497,273,660,452.82,80.61
屏東縣,屏東市,鵬程里,124,117271,946,867,753,1159,360.20,38.09
屏東縣,屏東市,豐榮里,815,694723,852,631,353,1100,838.35,98.35
屏東縣,屏東市,信和里,354,236695,669,561,333,849,524.63,78.46
屏東縣,屏東市,豐源里,1275,1138489,893,666,404,1131,770.24,86.26
屏東縣,屏東市,大連里,3415,3162782,926,673,389,1199,858.46,92.69
屏東縣,屏東市,仁愛里,679,570470,840,620,361,1073,821.63,97.79
屏東縣,屏東市,中正里,1584,1423625,899,694,396,1152,737.97,82.11
屏東縣,屏東市,北興里,1843,1479401,803,628,374,1007,650.73,81.07
屏東縣,潮州鎮,潮州里,155,121444,784,579,279,909,747.69,95.43
屏東縣,潮州鎮,光華里,1276,989086,775,609,349,1006,622.49,80.31
屏東縣,潮州鎮,三星里,1488,1167404,785,614,364,1044,644.03,82.09
屏東縣,潮州鎮,彭城里,190,126122,664,525,315,829,530.85,79.97
屏東縣,潮州鎮,九塊里,252,148953,591,449,280,692,575.20,97.31
屏東縣,潮州鎮,興美里,183,128791,704,607,366,903,514.49,73.11
屏東縣,潮州鎮,檨子里,58,38471,663,508,312,754,596.04,89.86
屏東縣,潮州鎮,新生里,271,203955,753,572,348,906,658.55,87.50
屏東縣,潮州鎮,新榮里,348,272866,784,622,320,1015,714.64,91.14
屏東縣,潮州鎮,同榮里,161,102193,635,462,268,772,678.05,106.82
屏東縣,潮州鎮,三共里,1945,1596965,821,613,370,1020,761.47,92.74
屏東縣,潮州鎮,五魁里,354,266665,753,564,340,917,805.14,106.88
屏東縣,潮州鎮,蓬萊里,533,400170,751,591,355,997,587.10,78.20
屏東縣,潮州鎮,八爺里,544,363322,668,552,327,902,518.56,77.64
屏東縣,潮州鎮,光春里,294,227022,772,528,338,807,1882.22,243.75
屏東縣,潮州鎮,泗林里,356,253284,711,561,336,939,570.67,80.21
屏東縣,潮州鎮,四春里,372,237050,637,530,319,833,483.35,75.85
屏東縣,潮州鎮,崙東里,227,134102,591,498,292,758,465.52,78.80
屏東縣,潮州鎮,永春里,1844,1369410,743,579,352,988,596.65,80.34
屏東縣,潮州鎮,三和里,579,468737,810,626,336,1035,798.68,98.66
屏東縣,潮州鎮,富春里,247,145976,591,521,307,768,404.77,68.49
屏東縣,東港鎮,八德里,163,132243,811,564,326,973,938.31,115.65
屏東縣,東港鎮,東隆里,250,153212,613,481,304,720,535.73,87.42
屏東縣,東港鎮,共和里,106,100416,947,644,421,1154,1001.63,105.73
屏東縣,東港鎮,豐漁里,114,80450,706,549,299,932,669.62,94.89
屏東縣,東港鎮,盛漁里,246,149809,609,525,348,731,429.48,70.52
屏東縣,東港鎮,興漁里,386,246056,637,505,326,779,503.80,79.03
屏東縣,東港鎮,鎮海里,492,303414,617,501,312,790,516.10,83.69
屏東縣,東港鎮,嘉蓮里,317,210285,663,535,335,820,553.43,83.43
屏東縣,東港鎮,南平里,238,124567,523,430,250,698,407.63,77.88
屏東縣,東港鎮,興東里,2210,1773454,802,597,352,1005,833.98,103.93
屏東縣,東港鎮,興農里,323,256988,796,581,361,1045,935.87,117.63
屏東縣,東港鎮,興和里,232,156859,676,519,328,868,540.17,79.89
屏東縣,東港鎮,船頭里,1236,959774,777,606,373,1003,642.15,82.70
屏東縣,東港鎮,下里,382,236860,620,515,343,738,468.50,75.56
屏東縣,東港鎮,新勝里,591,469525,794,592,365,964,755.88,95.14
屏東縣,東港鎮,頂中里,106,70969,670,525,312,896,565.81,84.51
屏東縣,東港鎮,頂新里,130,96907,745,575,353,861,672.09,90.16
屏東縣,東港鎮,東和里,156,98044,628,517,325,759,555.20,88.34
屏東縣,東港鎮,朝安里,349,240981,690,515,301,933,574.64,83.22
屏東縣,東港鎮,興臺里,141,114592,813,529,348,967,858.89,105.68
屏東縣,東港鎮,中興里,181,116159,642,515,292,888,583.11,90.86
屏東縣,東港鎮,大潭里,334,215837,646,522,317,794,539.88,83.54
屏東縣,東港鎮,大鵬里,28,31969,1142,653,368,1165,1733.91,151.87
屏東縣,恆春鎮,城北里,541,382176,706,528,314,963,605.94,85.78
屏東縣,恆春鎮,城西里,240,179977,750,582,356,976,570.30,76.05
屏東縣,恆春鎮,城南里,223,162744,730,527,341,903,833.43,114.20
屏東縣,恆春鎮,山腳里,913,642420,704,521,328,914,586.12,83.30
屏東縣,恆春鎮,網紗里,670,528571,789,510,308,828,2619.06,331.98
屏東縣,恆春鎮,仁壽里,131,79944,610,477,295,750,508.01,83.25
屏東縣,恆春鎮,茄湖里,66,38764,587,509,344,659,381.82,65.01
屏東縣,恆春鎮,頭溝里,55,37095,674,625,303,844,485.04,71.92
屏東縣,恆春鎮,四溝里,138,94936,688,535,346,858,486.40,70.70
屏東縣,恆春鎮,德和里,155,122264,789,567,336,1037,741.86,94.05
屏東縣,恆春鎮,龍水里,186,251939,1355,490,332,836,9534.10,703.88
屏東縣,恆春鎮,山海里,244,185229,759,463,299,734,1678.91,221.16
屏東縣,恆春鎮,大光里,326,207713,637,508,310,789,517.63,81.24
屏東縣,恆春鎮,水泉里,202,123047,609,465,304,720,605.12,99.34
屏東縣,恆春鎮,南灣里,363,379854,1046,672,383,1406,1043.04,99.68
屏東縣,恆春鎮,墾丁里,211,158643,752,585,365,928,776.34,103.26
屏東縣,恆春鎮,鵝鑾里,164,94323,575,440,282,636,650.67,113.13
屏東縣,萬丹鄉,萬安村,170,122694,722,517,290,802,692.83,96.00
屏東縣,萬丹鄉,萬全村,885,679704,768,574,357,997,670.17,87.26
屏東縣,萬丹鄉,萬惠村,205,169439,827,606,352,1124,666.72,80.67
屏東縣,萬丹鄉,萬後村,163,128351,787,631,419,998,584.90,74.28
屏東縣,萬丹鄉,萬生村,357,263023,737,561,327,903,702.73,95.38
屏東縣,萬丹鄉,寶厝村,513,389484,759,579,361,974,589.36,77.63
屏東縣,萬丹鄉,四維村,409,294009,719,539,347,966,538.71,74.94
屏東縣,萬丹鄉,竹林村,301,211671,703,520,292,893,622.74,88.55
屏東縣,萬丹鄉,廣安村,592,418624,707,555,341,859,631.99,89.37
屏東縣,萬丹鄉,田厝村,221,172980,783,644,396,975,666.11,85.10
屏東縣,萬丹鄉,崙頂村,434,289010,666,515,331,867,526.54,79.07
屏東縣,萬丹鄉,社上村,349,234209,671,547,324,850,580.02,86.43
屏東縣,萬丹鄉,社中村,309,218274,706,570,336,857,585.37,82.87
屏東縣,萬丹鄉,社皮村,428,304231,711,541,334,907,580.14,81.62
屏東縣,萬丹鄉,磚寮村,222,154906,698,597,368,884,504.25,72.27
屏東縣,萬丹鄉,社口村,290,206829,713,536,348,895,613.78,86.06
屏東縣,萬丹鄉,加興村,253,191934,759,526,354,944,757.75,99.88
屏東縣,萬丹鄉,上村村,159,118180,743,504,324,860,899.85,121.07
屏東縣,萬丹鄉,厦南村,284,186936,658,540,307,831,555.99,84.47
屏東縣,萬丹鄉,厦北村,320,220194,688,544,338,825,643.58,93.53
屏東縣,萬丹鄉,新庄村,490,380189,776,612,387,995,608.23,78.39
屏東縣,萬丹鄉,新鐘村,453,333542,736,583,344,989,566.02,76.87
屏東縣,萬丹鄉,水泉村,427,347441,814,652,362,1027,657.34,80.79
屏東縣,萬丹鄉,香社村,336,226584,674,573,344,841,505.06,74.90
屏東縣,萬丹鄉,灣內村,265,181119,683,540,322,814,578.35,84.62
屏東縣,萬丹鄉,後村村,216,152900,708,577,345,947,523.62,73.97
屏東縣,萬丹鄉,水仙村,110,85253,775,692,408,954,520.01,67.10
屏東縣,萬丹鄉,興安村,177,127670,721,608,398,911,546.89,75.82
屏東縣,萬丹鄉,興全村,207,144835,700,537,281,846,660.20,94.36
屏東縣,萬丹鄉,甘棠村,60,37113,619,485,323,814,467.81,75.63
屏東縣,長治鄉,進興村,670,507590,758,606,379,994,568.53,75.04
屏東縣,長治鄉,新潭村,981,789202,804,642,374,1041,673.90,83.77
屏東縣,長治鄉,長興村,280,228472,816,627,376,1064,631.78,77.43
屏東縣,長治鄉,潭頭村,540,440737,816,651,378,1077,633.26,77.59
屏東縣,長治鄉,香楊村,723,662373,916,701,364,1213,773.90,84.47
屏東縣,長治鄉,德協村,247,181378,734,565,354,914,616.72,83.98
屏東縣,長治鄉,德成村,222,170219,767,650,325,997,578.59,75.46
屏東縣,長治鄉,復興村,297,201378,678,534,305,848,620.48,91.51
屏東縣,長治鄉,崙上村,406,301392,742,584,346,944,609.09,82.05
屏東縣,長治鄉,德榮村,295,208667,707,572,352,891,542.97,76.76
屏東縣,長治鄉,德和村,143,82310,576,505,339,711,389.38,67.65
屏東縣,長治鄉,繁隆村,231,160376,694,612,350,917,479.34,69.04
屏東縣,長治鄉,繁華村,431,287088,666,545,344,816,496.25,74.50
屏東縣,長治鄉,繁昌村,342,236180,691,531,322,840,617.21,89.37
屏東縣,長治鄉,繁榮村,243,174623,719,553,342,859,775.22,107.88
屏東縣,長治鄉,榮華村,114,72390,635,511,343,828,455.47,71.73
屏東縣,麟洛鄉,新田村,560,442954,791,632,371,1037,589.67,74.55
屏東縣,麟洛鄉,麟頂村,258,203877,790,564,362,966,725.74,91.84
屏東縣,麟洛鄉,麟蹄村,410,310967,758,565,329,943,814.54,107.39
屏東縣,麟洛鄉,麟趾村,675,505441,749,620,339,990,568.62,75.94
屏東縣,麟洛鄉,田心村,233,185103,794,637,384,983,597.38,75.20
屏東縣,麟洛鄉,田中村,317,245966,776,608,393,985,596.84,76.92
屏東縣,麟洛鄉,田道村,172,114973,668,541,337,879,511.49,76.52
屏東縣,九如鄉,九清村,323,221746,687,552,312,898,517.99,75.45
屏東縣,九如鄉,九塊村,271,194807,719,564,338,903,598.00,83.19
屏東縣,九如鄉,九明村,332,216486,652,531,333,811,518.52,79.52
屏東縣,九如鄉,玉水村,244,177903,729,512,338,883,1537.41,210.86
屏東縣,九如鄉,玉泉村,344,240817,700,534,336,889,662.92,94.70
屏東縣,九如鄉,東寧村,941,668820,711,567,355,894,566.50,79.70
屏東縣,九如鄉,大坵村,197,132822,674,507,305,780,785.50,116.50
屏東縣,九如鄉,三塊村,266,154001,579,475,300,777,438.67,75.77
屏東縣,九如鄉,後庄村,342,218103,638,555,338,839,470.96,73.85
屏東縣,九如鄉,耆老村,249,182097,731,653,362,973,511.14,69.89
屏東縣,九如鄉,洽興村,246,152674,621,481,308,802,498.51,80.32
屏東縣,里港鄉,玉田村,721,531439,737,593,353,991,575.54,78.08
屏東縣,里港鄉,大平村,276,196706,713,579,341,912,588.67,82.60
屏東縣,里港鄉,永春村,188,141593,753,550,335,970,658.69,87.46
屏東縣,里港鄉,春林村,288,215016,747,569,352,930,702.22,94.06
屏東縣,里港鄉,過江村,442,309744,701,558,362,844,559.52,79.84
屏東縣,里港鄉,鐵店村,314,232737,741,568,360,916,600.41,81.01
屏東縣,里港鄉,塔樓村,325,241408,743,554,375,888,724.16,97.49
屏東縣,里港鄉,潮厝村,301,209082,695,554,366,897,499.38,71.89
屏東縣,里港鄉,茄苳村,325,225610,694,567,314,936,540.51,77.86
屏東縣,里港鄉,載興村,472,320364,679,553,342,886,540.65,79.66
屏東縣,里港鄉,土庫村,366,286045,782,574,332,895,1738.68,222.47
屏東縣,里港鄉,三村,355,259678,731,566,325,956,610.33,83.44
屏東縣,里港鄉,中和村,188,144658,769,595,343,955,667.37,86.73
屏東縣,里港鄉,瀰力村,87,61669,709,567,362,888,530.96,74.91
屏東縣,鹽埔鄉,鹽北村,371,246618,665,534,364,821,506.72,76.23
屏東縣,鹽埔鄉,鹽中村,416,278725,670,563,333,839,494.34,73.78
屏東縣,鹽埔鄉,鹽南村,317,230245,726,598,385,907,536.72,73.90
屏東縣,鹽埔鄉,仕絨村,184,126392,687,496,319,824,623.72,90.80
屏東縣,鹽埔鄉,高朗村,468,311389,665,535,345,809,501.97,75.44
屏東縣,鹽埔鄉,振興村,272,183788,676,534,353,835,521.38,77.16
屏東縣,鹽埔鄉,久愛村,146,101190,693,554,340,859,517.27,74.63
屏東縣,鹽埔鄉,新圍村,568,361768,637,522,322,808,491.69,77.20
屏東縣,鹽埔鄉,新二村,697,475337,682,562,351,851,507.62,74.43
屏東縣,鹽埔鄉,彭厝村,189,129751,687,542,329,826,601.72,87.65
屏東縣,鹽埔鄉,洛陽村,349,227345,651,519,332,857,520.51,79.90
屏東縣,鹽埔鄉,永隆村,88,53238,605,544,353,748,356.46,58.92
屏東縣,高樹鄉,高樹村,381,268380,704,501,285,808,846.78,120.21
屏東縣,高樹鄉,長榮村,214,165893,775,525,316,862,973.04,125.52
屏東縣,高樹鄉,東振村,73,49260,675,549,383,842,475.04,70.40
屏東縣,高樹鄉,東興村,128,93044,727,573,314,852,653.26,89.87
屏東縣,高樹鄉,大埔村,96,66001,688,472,270,791,776.34,112.92
屏東縣,高樹鄉,源泉村,142,92225,649,500,300,878,557.16,85.79
屏東縣,高樹鄉,建興村,156,107848,691,530,335,779,808.39,116.93
屏東縣,高樹鄉,舊寮村,168,110856,660,533,287,906,538.15,81.56
屏東縣,高樹鄉,司馬村,91,56636,622,546,338,762,404.39,64.98
屏東縣,高樹鄉,菜寮村,99,63979,646,474,303,808,549.10,84.97
屏東縣,高樹鄉,新豐村,213,128433,603,501,291,697,517.11,85.76
屏東縣,高樹鄉,田子村,157,94704,603,518,352,763,411.63,68.24
屏東縣,高樹鄉,舊庄村,135,75394,558,418,255,753,433.74,77.67
屏東縣,高樹鄉,鹽樹村,172,104209,606,481,300,729,571.34,94.30
屏東縣,高樹鄉,新南村,250,157701,631,494,350,789,483.40,76.63
屏東縣,高樹鄉,泰山村,233,165803,712,504,312,875,882.07,123.96
屏東縣,高樹鄉,南華村,175,97281,556,474,319,699,450.78,81.09
屏東縣,高樹鄉,廣興村,161,95770,595,473,324,756,492.47,82.79
屏東縣,高樹鄉,廣福村,138,88620,642,482,350,828,521.89,81.27
屏東縣,萬巒鄉,萬巒村,305,241796,793,624,367,1014,740.78,93.44
屏東縣,萬巒鄉,萬全村,185,137525,743,557,352,742,867.17,116.65
屏東縣,萬巒鄉,萬和村,401,309136,771,629,407,992,556.52,72.19
屏東縣,萬巒鄉,鹿寮村,199,180816,909,699,413,1074,1076.47,118.47
屏東縣,萬巒鄉,硫黃村,105,75466,719,606,357,938,516.62,71.88
屏東縣,萬巒鄉,泗溝村,242,188568,779,583,358,989,701.21,89.99
屏東縣,萬巒鄉,佳佐村,292,175233,600,492,271,777,465.45,77.56
屏東縣,萬巒鄉,佳和村,290,219341,756,537,339,970,684.89,90.55
屏東縣,萬巒鄉,新厝村,190,117988,621,492,316,714,580.86,93.54
屏東縣,萬巒鄉,新置村,180,111181,618,475,330,815,547.83,88.69
屏東縣,萬巒鄉,赤山村,279,157970,566,491,300,705,415.92,73.46
屏東縣,萬巒鄉,萬金村,299,161717,541,446,288,697,396.08,73.23
屏東縣,萬巒鄉,五溝村,251,184959,737,574,350,937,608.17,82.53
屏東縣,萬巒鄉,成德村,259,178914,691,571,370,874,515.21,74.58
屏東縣,內埔鄉,內埔村,1114,851133,764,629,345,990,627.58,82.14
屏東縣,內埔鄉,興南村,286,190977,668,553,338,888,485.55,72.71
屏東縣,內埔鄉,義亭村,113,75902,672,570,314,890,519.26,77.31
屏東縣,內埔鄉,美和村,575,432293,752,592,354,950,685.52,91.18
屏東縣,內埔鄉,和興村,738,581710,788,640,389,1041,603.57,76.57
屏東縣,內埔鄉,豐田村,715,516157,722,594,354,969,537.69,74.48
屏東縣,內埔鄉,竹圍村,427,289821,679,544,324,863,515.44,75.94
屏東縣,內埔鄉,富田村,443,315585,712,579,387,919,533.32,74.86
屏東縣,內埔鄉,東勢村,607,403474,665,540,360,846,482.58,72.60
屏東縣,內埔鄉,東片村,238,167207,703,565,336,931,532.39,75.78
屏東縣,內埔鄉,東寧村,1166,867498,744,583,357,992,569.44,76.54
屏東縣,內埔鄉,上樹村,250,165059,660,514,308,784,548.65,83.10
屏東縣,內埔鄉,老埤村,338,217323,643,520,327,838,478.54,74.43
屏東縣,內埔鄉,中林村,262,146165,558,451,297,735,388.47,69.63
屏東縣,內埔鄉,龍泉村,427,257981,604,505,292,755,592.00,97.99
屏東縣,內埔鄉,建興村,136,88702,652,562,349,915,407.91,62.54
屏東縣,內埔鄉,大新村,325,216853,667,534,347,849,527.23,79.02
屏東縣,內埔鄉,黎明村,397,268736,677,551,347,834,697.80,103.08
屏東縣,內埔鄉,隘寮村,166,102145,615,528,346,777,387.59,62.99
屏東縣,內埔鄉,龍潭村,404,260967,646,540,299,800,536.83,83.11
屏東縣,內埔鄉,內田村,851,635941,747,593,345,974,612.50,81.96
屏東縣,內埔鄉,水門村,138,79403,575,440,256,777,441.68,76.76
屏東縣,內埔鄉,振豐村,403,303782,754,612,363,979,575.80,76.39
屏東縣,竹田鄉,竹田村,397,288148,726,572,349,894,583.87,80.44
屏東縣,竹田鄉,竹南村,182,149258,820,571,346,842,2146.40,261.72
屏東縣,竹田鄉,糶糴村,165,137025,830,615,408,1023,836.40,100.72
屏東縣,竹田鄉,二崙村,209,157357,753,591,354,985,559.66,74.33
屏東縣,竹田鄉,美崙村,169,113589,672,571,357,832,485.22,72.19
屏東縣,竹田鄉,頭崙村,282,199224,706,576,367,881,583.05,82.53
屏東縣,竹田鄉,履豐村,156,116431,746,629,347,980,629.32,84.32
屏東縣,竹田鄉,泗洲村,219,133406,609,534,300,802,423.62,69.54
屏東縣,竹田鄉,大湖村,229,163456,714,574,341,847,627.07,87.85
屏東縣,竹田鄉,鳳明村,209,121271,580,486,312,698,451.37,77.79
屏東縣,竹田鄉,南勢村,113,75429,668,543,348,910,446.38,66.87
屏東縣,竹田鄉,六巷村,162,117512,725,567,376,884,600.12,82.73
屏東縣,竹田鄉,西勢村,613,436128,711,584,340,930,590.33,82.97
屏東縣,竹田鄉,福田村,110,72176,656,541,343,859,456.31,69.54
屏東縣,竹田鄉,永豐村,194,154297,795,666,407,1036,513.27,64.53
屏東縣,新埤鄉,新埤村,413,279070,676,559,334,879,567.07,83.92
屏東縣,新埤鄉,建功村,224,165179,737,595,358,956,606.32,82.22
屏東縣,新埤鄉,打鐵村,226,187458,829,618,405,1106,649.11,78.26
屏東縣,新埤鄉,南豐村,135,74003,548,478,331,720,362.74,66.17
屏東縣,新埤鄉,餉潭村,170,93747,551,469,330,669,472.45,85.67
屏東縣,新埤鄉,箕湖村,109,60838,558,480,292,734,376.31,67.42
屏東縣,新埤鄉,萬隆村,242,145003,599,499,313,746,474.98,79.27
屏東縣,枋寮鄉,枋寮村,273,184454,676,556,326,881,488.53,72.30
屏東縣,枋寮鄉,保生村,146,92545,634,555,338,826,441.62,69.67
屏東縣,枋寮鄉,中寮村,89,49685,558,503,328,747,319.86,57.30
屏東縣,枋寮鄉,安樂村,303,192405,635,520,322,841,455.59,71.75
屏東縣,枋寮鄉,天時村,413,301655,730,569,377,932,557.82,76.37
屏東縣,枋寮鄉,地利村,305,235171,771,609,362,1013,667.16,86.53
屏東縣,枋寮鄉,人和村,420,297328,708,586,337,863,584.41,82.55
屏東縣,枋寮鄉,內寮村,88,49865,567,452,285,806,457.97,80.82
屏東縣,枋寮鄉,新開村,114,55341,485,407,273,605,367.30,75.66
屏東縣,枋寮鄉,東海村,613,416413,679,570,360,880,474.54,69.86
屏東縣,枋寮鄉,大庄村,99,62449,631,550,362,764,436.32,69.17
屏東縣,枋寮鄉,太源村,142,81180,572,518,325,699,427.61,74.80
屏東縣,枋寮鄉,玉泉村,51,29359,576,473,323,795,375.04,65.15
屏東縣,枋寮鄉,新龍村,126,101453,805,582,354,1026,811.77,100.82
屏東縣,枋寮鄉,隆山村,740,539861,730,556,332,924,666.00,91.29
屏東縣,新園鄉,內庄村,190,135350,712,597,361,929,508.97,71.45
屏東縣,新園鄉,瓦磘村,322,244937,761,575,367,1030,596.93,78.47
屏東縣,新園鄉,田洋村,456,307364,674,552,345,810,567.16,84.14
屏東縣,新園鄉,仙吉村,658,484727,737,563,358,907,688.86,93.51
屏東縣,新園鄉,港墘村,140,92289,659,481,351,832,490.82,74.46
屏東縣,新園鄉,新東村,510,348845,684,532,327,864,566.71,82.85
屏東縣,新園鄉,新園村,510,362974,712,545,359,883,747.71,105.06
屏東縣,新園鄉,烏龍村,296,227270,768,630,391,978,555.14,72.30
屏東縣,新園鄉,興龍村,544,424167,780,610,381,990,675.82,86.68
屏東縣,新園鄉,南龍村,317,218800,690,547,347,889,514.71,74.57
屏東縣,新園鄉,中洲村,357,241349,676,557,382,868,478.66,70.80
屏東縣,新園鄉,鹽埔村,810,500860,618,505,317,775,479.52,77.55
屏東縣,新園鄉,共和村,377,228448,606,488,306,753,546.31,90.16
屏東縣,新園鄉,五房村,544,355501,653,512,352,833,495.73,75.86
屏東縣,新園鄉,港西村,433,316456,731,619,394,909,498.64,68.23
屏東縣,崁頂鄉,崁頂村,486,364855,751,589,360,940,635.27,84.62
屏東縣,崁頂鄉,園寮村,452,320076,708,566,362,904,562.55,79.44
屏東縣,崁頂鄉,力社村,278,196556,707,541,354,847,588.77,83.27
屏東縣,崁頂鄉,圍內村,289,204423,707,580,368,878,543.08,76.78
屏東縣,崁頂鄉,洲子村,187,124387,665,511,312,884,522.47,78.55
屏東縣,崁頂鄉,北勢村,314,216042,688,571,354,895,523.75,76.12
屏東縣,崁頂鄉,越溪村,208,138442,666,532,344,836,544.26,81.77
屏東縣,崁頂鄉,港東村,395,284543,720,570,318,908,561.06,77.89
屏東縣,林邊鄉,林邊村,334,256463,768,593,374,990,600.63,78.22
屏東縣,林邊鄉,光林村,297,214281,721,543,332,939,650.38,90.14
屏東縣,林邊鄉,仁和村,394,273136,693,571,367,847,514.77,74.26
屏東縣,林邊鄉,中林村,184,128408,698,523,350,863,570.93,81.81
屏東縣,林邊鄉,永樂村,703,527886,751,582,367,1025,578.16,77.00
屏東縣,林邊鄉,田厝村,166,112892,680,550,341,948,493.16,72.52
屏東縣,林邊鄉,崎峰村,232,128761,555,459,344,681,378.95,68.28
屏東縣,林邊鄉,水利村,319,193128,605,508,320,784,442.18,73.04
屏東縣,林邊鄉,竹林村,380,253005,666,544,333,911,515.12,77.37
屏東縣,林邊鄉,鎮安村,225,147655,656,541,353,868,485.93,74.05
屏東縣,南州鄉,溪州村,368,248837,676,566,362,868,497.87,73.63
屏東縣,南州鄉,溪南村,261,179768,689,526,333,880,550.41,79.91
屏東縣,南州鄉,仁里村,127,95642,753,626,377,1008,568.94,75.55
屏東縣,南州鄉,溪北村,191,155501,814,726,466,1052,510.93,62.76
屏東縣,南州鄉,七塊村,184,158426,861,589,357,1043,1402.29,162.87
屏東縣,南州鄉,萬華村,205,135958,663,509,326,855,523.18,78.89
屏東縣,南州鄉,米崙村,239,169628,710,575,333,839,589.25,83.02
屏東縣,南州鄉,壽元村,159,104843,659,544,347,826,464.79,70.49
屏東縣,南州鄉,同安村,218,152063,698,545,389,907,511.35,73.31
屏東縣,南州鄉,南安村,80,57578,720,572,390,1062,461.84,64.17
屏東縣,佳冬鄉,佳冬村,314,242058,771,629,399,983,552.57,71.68
屏東縣,佳冬鄉,六根村,282,185301,657,574,364,785,477.73,72.70
屏東縣,佳冬鄉,賴家村,163,112797,692,569,351,862,568.58,82.16
屏東縣,佳冬鄉,萬建村,364,261164,717,579,356,908,535.98,74.70
屏東縣,佳冬鄉,石光村,369,262546,712,524,354,901,661.65,92.99
屏東縣,佳冬鄉,玉光村,369,232534,630,492,317,764,535.76,85.02
屏東縣,佳冬鄉,昌隆村,192,130426,679,566,345,887,490.56,72.21
屏東縣,佳冬鄉,豐隆村,119,76995,647,522,333,928,436.34,67.44
屏東縣,佳冬鄉,大同村,210,154798,737,548,376,895,595.01,80.72
屏東縣,佳冬鄉,羗園村,185,138532,749,563,329,847,1447.11,193.25
屏東縣,佳冬鄉,燄溫村,141,80504,571,516,324,703,387.75,67.91
屏東縣,佳冬鄉,塭豐村,297,166820,562,483,326,720,411.20,73.21
屏東縣,琉球鄉,本福村,380,290607,765,606,396,906,630.36,82.43
屏東縣,琉球鄉,中福村,205,151335,738,575,391,977,530.53,71.87
屏東縣,琉球鄉,漁福村,151,101132,670,606,354,862,452.68,67.59
屏東縣,琉球鄉,大福村,276,196917,713,557,341,858,593.51,83.19
屏東縣,琉球鄉,南福村,191,123062,644,474,314,757,685.05,106.32
屏東縣,琉球鄉,天福村,153,96015,628,528,388,732,441.46,70.35
屏東縣,琉球鄉,上福村,222,142407,641,491,294,754,642.11,100.10
屏東縣,琉球鄉,杉福村,132,83746,634,515,339,806,487.47,76.83
屏東縣,車城鄉,福興村,266,182185,685,573,354,915,487.21,71.13
屏東縣,車城鄉,福安村,95,65263,687,565,330,890,486.79,70.86
屏東縣,車城鄉,統埔村,75,50466,673,491,322,959,522.59,77.66
屏東縣,車城鄉,田中村,120,68618,572,488,325,712,357.13,62.45
屏東縣,車城鄉,海口村,114,91385,802,632,405,1021,778.86,97.16
屏東縣,車城鄉,溫泉村,119,73995,622,483,312,769,641.76,103.21
屏東縣,車城鄉,保力村,184,111804,608,513,345,799,390.89,64.33
屏東縣,車城鄉,新街村,43,21996,512,503,314,661,289.16,56.53
屏東縣,車城鄉,埔墘村,91,54877,603,570,361,765,377.03,62.52
屏東縣,車城鄉,射寮村,81,40302,498,356,283,666,345.65,69.47
屏東縣,車城鄉,後灣村,83,51472,620,443,322,833,440.09,70.97
屏東縣,滿州鄉,滿州村,255,198830,780,528,338,818,1375.41,176.40
屏東縣,滿州鄉,里德村,42,28328,674,596,387,803,469.05,69.54
屏東縣,滿州鄉,永靖村,217,134663,621,509,321,800,478.99,77.19
屏東縣,滿州鄉,港口村,185,118699,642,538,323,847,461.80,71.97
屏東縣,滿州鄉,响林村,104,81618,785,485,332,824,1499.54,191.08
屏東縣,滿州鄉,長樂村,156,92989,596,491,329,769,427.85,71.78
屏東縣,滿州鄉,九棚村,46,30680,667,589,447,865,349.20,52.36
屏東縣,滿州鄉,港仔村,45,25426,565,485,295,860,380.37,67.32
屏東縣,枋山鄉,枋山村,141,100695,714,547,330,822,756.91,105.99
屏東縣,枋山鄉,加祿村,256,168702,659,579,334,806,521.44,79.13
屏東縣,枋山鄉,楓港村,128,82382,644,483,285,798,547.71,85.10
屏東縣,枋山鄉,善餘村,106,65939,622,472,289,812,485.89,78.11
屏東縣,三地門鄉,三地村,306,213888,699,588,351,843,579.16,82.86
屏東縣,三地門鄉,賽嘉村,104,66904,643,563,364,785,451.54,70.19
屏東縣,三地門鄉,口社村,108,74746,692,636,374,893,451.25,65.20
屏東縣,三地門鄉,安坡村,58,35280,608,561,446,721,324.29,53.31
屏東縣,三地門鄉,青山村,119,77497,651,567,366,840,431.97,66.33
屏東縣,三地門鄉,達來村,40,25639,641,614,507,768,268.29,41.86
屏東縣,三地門鄉,青葉村,96,57645,600,550,427,766,305.56,50.89
屏東縣,三地門鄉,德文村,84,44336,528,469,308,700,331.26,62.76
屏東縣,三地門鄉,大社村,96,50676,528,503,323,725,313.54,59.40
屏東縣,三地門鄉,馬兒村,28,17676,631,599,379,781,378.73,59.99
屏東縣,霧臺鄉,霧臺村,264,191850,727,615,386,949,471.48,64.88
屏東縣,霧臺鄉,好茶村,67,36254,541,473,333,702,355.38,65.68
屏東縣,霧臺鄉,阿禮村,59,41754,708,627,384,928,423.32,59.82
屏東縣,霧臺鄉,大武村,54,30135,558,517,341,725,311.42,55.81
屏東縣,霧臺鄉,吉露村,45,27057,601,560,340,700,366.59,60.97
屏東縣,霧臺鄉,佳暮村,67,38298,572,467,270,768,388.71,68.00
屏東縣,瑪家鄉,瑪家村,88,59989,682,599,407,831,435.40,63.87
屏東縣,瑪家鄉,北葉村,189,124349,658,599,355,819,413.41,62.83
屏東縣,瑪家鄉,凉山村,175,110954,634,554,313,863,407.34,64.25
屏東縣,瑪家鄉,排灣村,84,55806,664,638,320,904,403.10,60.68
屏東縣,瑪家鄉,三和村,468,311666,666,588,351,855,457.85,68.75
屏東縣,瑪家鄉,佳義村,150,105322,702,625,401,883,490.07,69.80
屏東縣,泰武鄉,佳平村,158,105648,669,569,365,839,446.72,66.81
屏東縣,泰武鄉,武潭村,188,127794,680,572,340,869,477.00,70.17
屏東縣,泰武鄉,佳興村,54,39355,729,629,431,908,516.53,70.87
屏東縣,泰武鄉,泰武村,108,65298,605,548,341,728,374.35,61.92
屏東縣,泰武鄉,平和村,119,67072,564,528,292,696,370.55,65.74
屏東縣,泰武鄉,萬安村,152,103801,683,624,347,937,413.70,60.58
屏東縣,來義鄉,丹林村,172,111234,647,557,307,802,467.82,72.34
屏東縣,來義鄉,來義村,184,101391,551,499,233,751,411.47,74.67
屏東縣,來義鄉,古樓村,241,140200,582,437,269,745,442.07,75.99
屏東縣,來義鄉,望嘉村,188,120682,642,576,339,825,454.96,70.87
屏東縣,來義鄉,文樂村,163,107641,660,563,311,832,592.62,89.74
屏東縣,來義鄉,義林村,118,72838,617,561,317,810,418.06,67.73
屏東縣,來義鄉,南和村,206,124288,603,543,311,821,505.86,83.84
屏東縣,春日鄉,春日村,120,82674,689,592,408,839,488.68,70.93
屏東縣,春日鄉,古華村,100,56812,568,525,331,678,387.33,68.18
屏東縣,春日鄉,士文村,27,17474,647,574,296,901,462.65,71.49
屏東縣,春日鄉,力里村,70,43456,621,565,317,825,392.56,63.23
屏東縣,春日鄉,七佳村,178,110752,622,539,343,742,449.26,72.20
屏東縣,春日鄉,歸崇村,103,61371,596,507,270,795,440.76,73.97
屏東縣,獅子鄉,楓林村,135,91793,680,604,438,876,384.40,56.53
屏東縣,獅子鄉,丹路村,121,86960,719,580,366,938,616.29,85.75
屏東縣,獅子鄉,草埔村,136,90797,668,552,309,821,560.93,84.02
屏東縣,獅子鄉,內文村,34,18646,548,590,323,714,303.76,55.39
屏東縣,獅子鄉,竹坑村,46,30820,670,543,408,785,380.41,56.78
屏東縣,獅子鄉,獅子村,48,32304,673,602,489,809,331.04,49.19
屏東縣,獅子鄉,內獅村,83,54236,653,593,369,851,404.85,61.96
屏東縣,獅子鄉,南世村,57,44105,774,641,470,948,487.18,62.96
屏東縣,牡丹鄉,石門村,303,216158,713,561,354,901,548.15,76.84
屏東縣,牡丹鄉,牡丹村,115,84680,736,659,486,958,412.09,55.96
屏東縣,牡丹鄉,東源村,65,44636,687,615,490,854,370.48,53.95
屏東縣,牡丹鄉,旭海村,61,40179,659,491,338,783,523.81,79.52
屏東縣,牡丹鄉,高士村,112,72359,646,546,310,876,455.83,70.56
屏東縣,牡丹鄉,四林村,70,40613,580,449,300,713,493.89,85.13
花蓮縣,花蓮市,民意里,505,366389,726,545,332,885,754.02,103.93
花蓮縣,花蓮市,民政里,1262,1141177,904,668,380,1146,829.48,91.73
花蓮縣,花蓮市,民運里,637,482061,757,552,320,881,821.61,108.57
花蓮縣,花蓮市,民樂里,201,181607,904,595,324,1098,1198.19,132.61
花蓮縣,花蓮市,民立里,540,571687,1059,759,398,1333,1310.55,123.79
花蓮縣,花蓮市,民勤里,1103,1153285,1046,778,437,1392,966.94,92.48
花蓮縣,花蓮市,民德里,575,539198,938,678,371,1192,864.63,92.20
花蓮縣,花蓮市,民權里,118,102132,866,616,331,1256,835.78,96.56
花蓮縣,花蓮市,民有里,172,136659,795,583,370,1047,640.34,80.59
花蓮縣,花蓮市,民主里,155,111628,720,530,268,925,679.90,94.41
花蓮縣,花蓮市,民治里,12,6390,532,512,184,583,434.39,81.58
花蓮縣,花蓮市,民族里,148,122307,826,590,354,1056,808.59,97.84
花蓮縣,花蓮市,民生里,394,310380,788,570,315,997,745.77,94.67
花蓮縣,花蓮市,主商里,210,177871,847,612,344,1066,751.73,88.75
花蓮縣,花蓮市,主勤里,282,225814,801,606,307,1055,772.71,96.50
花蓮縣,花蓮市,主工里,196,148290,757,597,280,925,733.31,96.92
花蓮縣,花蓮市,主睦里,158,113116,716,554,321,940,629.91,87.99
花蓮縣,花蓮市,主義里,135,100207,742,542,345,901,737.56,99.36
花蓮縣,花蓮市,主計里,207,166823,806,586,343,1046,788.14,97.80
花蓮縣,花蓮市,主信里,180,120498,669,499,289,846,587.58,87.77
花蓮縣,花蓮市,主和里,787,541674,688,545,331,847,604.13,87.77
花蓮縣,花蓮市,主學里,595,425296,715,541,336,926,598.37,83.71
花蓮縣,花蓮市,主農里,1140,874915,767,575,338,1010,677.60,88.29
花蓮縣,花蓮市,主力里,885,675338,763,574,323,946,737.04,96.59
花蓮縣,花蓮市,主權里,1685,1251924,743,543,331,961,709.13,95.44
花蓮縣,花蓮市,國治里,313,295798,945,599,309,1115,1567.72,165.89
花蓮縣,花蓮市,國風里,1086,930965,857,623,364,1076,1356.99,158.30
花蓮縣,花蓮市,國威里,511,448871,878,602,336,1139,920.35,104.77
花蓮縣,花蓮市,國安里,183,144482,790,640,393,989,640.39,81.11
花蓮縣,花蓮市,國華里,766,652744,852,615,347,1139,781.27,91.68
花蓮縣,花蓮市,國魂里,676,539928,799,564,306,1077,804.81,100.76
花蓮縣,花蓮市,國聯里,953,707634,743,554,304,942,712.13,95.91
花蓮縣,花蓮市,國富里,1748,1392698,797,574,341,1006,774.53,97.21
花蓮縣,花蓮市,國慶里,300,331373,1105,660,345,1272,1245.70,112.78
花蓮縣,花蓮市,國福里,367,211913,577,496,315,715,399.13,69.12
花蓮縣,花蓮市,國強里,532,452848,851,661,370,1112,739.05,86.82
花蓮縣,花蓮市,國防里,260,179565,691,548,324,902,524.92,76.00
花蓮縣,花蓮市,國光里,353,288329,817,581,345,996,786.68,96.31
花蓮縣,花蓮市,民心里,319,322670,1012,642,399,1161,1270.52,125.61
花蓮縣,花蓮市,民享里,984,874442,889,650,392,1139,884.62,99.55
花蓮縣,花蓮市,國裕里,1479,1137852,769,583,346,971,732.09,95.16
花蓮縣,花蓮市,國盛里,1130,812050,719,555,330,925,636.96,88.64
花蓮縣,花蓮市,主安里,813,598494,736,546,331,974,664.09,90.21
花蓮縣,花蓮市,國興里,1384,1426936,1031,714,415,1338,976.69,94.73
花蓮縣,花蓮市,民孝里,1104,955960,866,687,409,1091,715.17,82.59
花蓮縣,光復鄉,大安村,212,150449,710,561,298,1001,575.65,81.11
花蓮縣,光復鄉,大全村,156,82887,531,482,254,671,417.68,78.61
花蓮縣,光復鄉,大平村,215,126917,590,453,276,777,483.41,81.89
花蓮縣,光復鄉,大馬村,203,116369,573,461,284,779,397.34,69.31
花蓮縣,光復鄉,大進村,134,101995,761,571,335,1123,666.03,87.50
花蓮縣,光復鄉,大同村,254,158717,625,463,278,819,549.54,87.94
花蓮縣,光復鄉,東富村,197,114400,581,463,318,861,388.26,66.86
花蓮縣,光復鄉,西富村,188,115072,612,568,347,743,454.32,74.22
花蓮縣,光復鄉,南富村,180,113163,629,514,324,779,523.44,83.26
花蓮縣,光復鄉,北富村,159,88549,557,488,312,767,390.16,70.06
花蓮縣,光復鄉,大富村,72,38837,539,455,321,622,396.28,73.47
花蓮縣,光復鄉,大豐村,76,53526,704,429,277,959,894.70,127.04
花蓮縣,光復鄉,大興村,72,40654,565,441,259,657,458.79,81.26
花蓮縣,光復鄉,大華村,293,195314,667,485,276,846,718.16,107.73
花蓮縣,玉里鎮,中城里,1499,1227623,819,623,365,1118,715.08,87.32
花蓮縣,玉里鎮,國武里,405,294008,726,568,320,911,646.04,88.99
花蓮縣,玉里鎮,啓模里,352,252053,716,535,336,815,777.03,108.51
花蓮縣,玉里鎮,泰昌里,220,189693,862,608,341,1045,1132.47,131.34
花蓮縣,玉里鎮,源城里,249,153210,615,540,332,780,397.42,64.59
花蓮縣,玉里鎮,長良里,83,43385,523,492,275,714,340.91,65.22
花蓮縣,玉里鎮,樂合里,151,90195,597,484,300,742,454.77,76.14
花蓮縣,玉里鎮,觀音里,208,114545,551,494,308,686,352.77,64.06
花蓮縣,玉里鎮,松浦里,237,126153,532,474,293,681,356.05,66.89
花蓮縣,玉里鎮,春日里,97,64369,664,519,353,677,889.79,134.09
花蓮縣,玉里鎮,德武里,91,54482,599,547,339,776,336.85,56.26
花蓮縣,玉里鎮,三民里,137,99137,724,542,362,849,700.93,96.86
花蓮縣,玉里鎮,大禹里,212,124837,589,500,325,720,444.15,75.43
花蓮縣,玉里鎮,東豐里,67,39780,594,469,301,805,379.83,63.97
花蓮縣,玉里鎮,永昌里,283,192350,680,564,311,885,531.34,78.18
花蓮縣,新城鄉,新城村,376,267238,711,561,323,903,917.51,129.09
花蓮縣,新城鄉,順安村,183,112830,617,502,335,769,504.86,81.88
花蓮縣,新城鄉,康樂村,690,619501,898,646,379,1207,1290.17,143.70
花蓮縣,新城鄉,北埔村,1042,767824,737,595,352,958,588.44,79.86
花蓮縣,新城鄉,佳林村,244,178166,730,549,300,903,647.71,88.71
花蓮縣,新城鄉,嘉里村,1154,984319,853,734,430,1089,656.95,77.02
花蓮縣,新城鄉,嘉新村,210,130624,622,523,309,837,434.62,69.87
花蓮縣,新城鄉,大漢村,647,414615,641,517,305,801,666.51,104.01
花蓮縣,吉安鄉,仁里村,1930,1371544,711,557,330,902,584.59,82.26
花蓮縣,吉安鄉,東昌村,1615,1202854,745,594,373,963,568.89,76.38
花蓮縣,吉安鄉,南昌村,1195,884821,740,561,336,959,676.89,91.42
花蓮縣,吉安鄉,北昌村,2459,1952900,794,596,344,1020,722.41,90.96
花蓮縣,吉安鄉,宜昌村,1178,822333,698,548,335,889,563.76,80.76
花蓮縣,吉安鄉,太昌村,911,718856,789,567,345,956,894.37,113.34
花蓮縣,吉安鄉,慶豐村,2169,1822828,840,648,372,1113,705.98,84.01
花蓮縣,吉安鄉,吉安村,1622,1400250,863,654,379,1180,711.59,82.43
花蓮縣,吉安鄉,福興村,774,619730,801,613,356,989,726.14,90.69
花蓮縣,吉安鄉,稻香村,997,822148,825,591,337,1118,788.65,95.64
花蓮縣,吉安鄉,永興村,717,457066,637,521,313,817,510.80,80.13
花蓮縣,吉安鄉,南華村,373,259308,695,509,301,854,689.65,99.20
花蓮縣,吉安鄉,干城村,293,214796,733,578,345,881,659.71,89.99
花蓮縣,吉安鄉,光華村,522,379262,727,559,341,925,626.80,86.27
花蓮縣,吉安鄉,仁和村,1245,832098,668,545,337,840,509.38,76.21
花蓮縣,吉安鄉,仁安村,639,423730,663,494,305,813,720.11,108.59
花蓮縣,吉安鄉,永安村,1324,1111780,840,612,357,1072,789.37,94.00
花蓮縣,吉安鄉,勝安村,1602,1336834,834,622,358,1104,726.55,87.07
花蓮縣,壽豐鄉,池南村,160,104009,650,512,316,829,590.90,90.90
花蓮縣,壽豐鄉,志學村,641,479098,747,562,332,955,661.64,88.52
花蓮縣,壽豐鄉,光榮村,162,96450,595,511,317,737,463.89,77.92
花蓮縣,壽豐鄉,平和村,273,190516,698,522,310,907,594.43,85.18
花蓮縣,壽豐鄉,壽豐村,367,251810,686,544,347,850,560.31,81.66
花蓮縣,壽豐鄉,共和村,129,97024,752,483,287,737,1159.14,154.11
花蓮縣,壽豐鄉,豐山村,462,296676,642,498,309,789,554.50,86.35
花蓮縣,壽豐鄉,豐裡村,336,210766,627,492,311,781,527.22,84.05
花蓮縣,壽豐鄉,豐坪村,194,125625,648,491,330,838,537.43,82.99
花蓮縣,壽豐鄉,溪口村,198,119731,605,471,312,735,494.49,81.77
花蓮縣,壽豐鄉,月眉村,194,110767,571,498,339,692,394.98,69.18
花蓮縣,壽豐鄉,米棧村,44,20570,468,374,292,549,319.05,68.25
花蓮縣,壽豐鄉,水璉村,102,63992,627,527,358,777,562.13,89.60
花蓮縣,壽豐鄉,鹽寮村,92,69099,751,430,236,804,1016.75,135.37
花蓮縣,壽豐鄉,樹湖村,75,43473,580,373,229,646,849.27,146.51
花蓮縣,鳳林鎮,鳳仁里,335,240560,718,561,340,929,553.33,77.06
花蓮縣,鳳林鎮,鳳義里,154,124524,809,577,383,999,945.22,116.90
花蓮縣,鳳林鎮,鳳禮里,166,134359,809,586,367,983,1006.09,124.30
花蓮縣,鳳林鎮,鳳智里,316,238547,755,583,364,948,591.06,78.30
花蓮縣,鳳林鎮,鳳信里,322,208813,648,501,325,798,524.63,80.90
花蓮縣,鳳林鎮,林榮里,198,127839,646,473,283,814,580.04,89.84
花蓮縣,鳳林鎮,南平里,97,87310,900,527,324,805,2031.43,225.69
花蓮縣,鳳林鎮,北林里,122,76720,629,534,333,735,480.29,76.38
花蓮縣,鳳林鎮,大榮里,239,151994,636,484,304,749,546.71,85.97
花蓮縣,鳳林鎮,山興里,76,42353,557,453,306,654,433.11,77.72
花蓮縣,鳳林鎮,長橋里,200,136651,683,569,344,840,501.67,73.42
花蓮縣,鳳林鎮,森榮里,24,13715,571,590,298,755,307.48,53.81
花蓮縣,豐濱鄉,豐濱村,309,176455,571,483,305,750,411.84,72.12
花蓮縣,豐濱鄉,港口村,95,94404,994,413,277,649,4408.79,443.66
花蓮縣,豐濱鄉,靜浦村,91,43913,483,443,288,587,348.22,72.16
花蓮縣,豐濱鄉,新社村,89,48328,543,468,252,690,553.15,101.87
花蓮縣,豐濱鄉,磯崎村,57,30628,537,564,279,712,329.96,61.41
花蓮縣,瑞穗鄉,瑞穗村,462,315938,684,531,320,817,645.80,94.44
花蓮縣,瑞穗鄉,瑞良村,98,56945,581,472,322,637,557.41,95.93
花蓮縣,瑞穗鄉,瑞美村,426,273818,643,523,301,843,492.26,76.58
花蓮縣,瑞穗鄉,瑞祥村,181,137670,761,534,360,740,1835.99,241.38
花蓮縣,瑞穗鄉,瑞北村,101,65566,649,489,365,701,585.83,90.24
花蓮縣,瑞穗鄉,奇美村,55,32301,587,497,333,663,479.70,81.68
花蓮縣,瑞穗鄉,富源村,136,80831,594,496,326,710,478.55,80.52
花蓮縣,瑞穗鄉,富興村,86,56969,662,544,290,844,599.43,90.49
花蓮縣,瑞穗鄉,富民村,156,89156,572,501,309,695,456.79,79.93
花蓮縣,瑞穗鄉,舞鶴村,160,85022,531,488,332,653,339.89,63.96
花蓮縣,瑞穗鄉,鶴岡村,128,65090,509,461,303,661,328.82,64.66
花蓮縣,富里鄉,富里村,260,165629,637,465,280,820,584.64,91.77
花蓮縣,富里鄉,永豐村,78,43615,559,436,294,644,461.97,82.62
花蓮縣,富里鄉,富南村,72,44159,613,515,296,720,733.06,119.52
花蓮縣,富里鄉,學田村,97,66238,683,522,340,838,630.51,92.33
花蓮縣,富里鄉,石牌村,179,106386,594,450,292,773,569.06,95.75
花蓮縣,富里鄉,明里村,66,38893,589,453,343,712,422.99,71.78
花蓮縣,富里鄉,羅山村,67,38594,576,526,339,699,390.64,67.81
花蓮縣,富里鄉,竹田村,211,124460,590,460,295,747,468.95,79.50
花蓮縣,富里鄉,新興村,92,51362,558,505,298,784,368.14,65.94
花蓮縣,富里鄉,萬寧村,94,52864,562,488,361,673,347.27,61.75
花蓮縣,富里鄉,豐南村,69,43716,634,570,418,768,406.96,64.23
花蓮縣,富里鄉,東里村,172,122847,714,544,352,848,626.39,87.70
花蓮縣,富里鄉,吳江村,71,39296,553,429,268,675,495.46,89.52
花蓮縣,秀林鄉,和平村,407,226952,558,466,271,703,476.10,85.38
花蓮縣,秀林鄉,崇德村,312,183115,587,506,327,738,432.87,73.76
花蓮縣,秀林鄉,富世村,440,271182,616,522,312,790,437.87,71.05
花蓮縣,秀林鄉,秀林村,426,256503,602,494,292,766,463.20,76.93
花蓮縣,秀林鄉,景美村,374,235766,630,504,342,747,470.58,74.65
花蓮縣,秀林鄉,佳民村,208,123190,592,520,340,706,439.96,74.29
花蓮縣,秀林鄉,銅門村,295,166707,565,476,274,780,402.47,71.22
花蓮縣,秀林鄉,文蘭村,224,152886,683,563,324,900,505.17,74.01
花蓮縣,秀林鄉,水源村,246,153201,623,490,328,820,484.10,77.73
花蓮縣,萬榮鄉,西林村,284,176974,623,526,330,766,444.46,71.33
花蓮縣,萬榮鄉,見晴村,129,73639,571,508,288,738,403.74,70.73
花蓮縣,萬榮鄉,萬榮村,170,105605,621,511,287,774,510.15,82.12
花蓮縣,萬榮鄉,明利村,133,69448,522,439,257,635,464.53,88.96
花蓮縣,萬榮鄉,馬遠村,273,139128,510,443,302,680,311.23,61.07
花蓮縣,萬榮鄉,紅葉村,261,144393,553,417,273,708,451.00,81.52
花蓮縣,卓溪鄉,崙山村,116,72517,625,536,325,756,466.52,74.63
花蓮縣,卓溪鄉,立山村,215,124099,577,529,317,772,360.16,62.40
花蓮縣,卓溪鄉,太平村,163,100807,618,557,345,786,402.67,65.11
花蓮縣,卓溪鄉,卓溪村,159,96445,607,522,365,721,370.56,61.09
花蓮縣,卓溪鄉,卓清村,186,104453,562,517,334,707,354.64,63.15
花蓮縣,卓溪鄉,古風村,171,103374,605,504,322,766,438.16,72.48
臺東縣,臺東市,中山里,258,184822,716,523,276,891,715.95,99.94
臺東縣,臺東市,文化里,223,195953,879,612,368,1122,903.97,102.87
臺東縣,臺東市,中正里,272,229382,843,603,353,1053,808.57,95.88
臺東縣,臺東市,中華里,382,256716,672,510,322,843,535.92,79.75
臺東縣,臺東市,成功里,177,110152,622,541,315,795,451.15,72.49
臺東縣,臺東市,大同里,205,140335,685,504,291,857,614.63,89.79
臺東縣,臺東市,寶桑里,192,122497,638,485,304,784,588.16,92.19
臺東縣,臺東市,中心里,1015,934265,920,699,394,1195,810.31,88.03
臺東縣,臺東市,仁愛里,191,114890,602,512,323,747,473.46,78.71
臺東縣,臺東市,新生里,2079,1766960,850,665,382,1111,698.46,82.18
臺東縣,臺東市,復興里,103,73770,716,453,319,798,1505.44,210.19
臺東縣,臺東市,豐里里,474,351477,742,581,346,969,582.37,78.54
臺東縣,臺東市,豐年里,640,478303,747,545,327,950,682.56,91.33
臺東縣,臺東市,豐原里,236,158954,674,534,328,871,564.78,83.85
臺東縣,臺東市,康樂里,301,221039,734,553,334,926,722.45,98.38
臺東縣,臺東市,光明里,837,813856,972,729,409,1206,1920.81,197.54
臺東縣,臺東市,鐵花里,118,103408,876,631,343,1290,702.13,80.12
臺東縣,臺東市,四維里,122,79814,654,547,348,828,479.78,73.34
臺東縣,臺東市,新興里,239,179688,752,587,338,1002,649.56,86.40
臺東縣,臺東市,豐榮里,2496,2065574,828,647,372,1096,732.91,88.56
臺東縣,臺東市,永樂里,511,479909,939,712,382,1272,797.82,84.95
臺東縣,臺東市,興國里,200,163714,819,624,310,1128,704.23,86.03
臺東縣,臺東市,民族里,468,455302,973,699,374,1252,926.47,95.23
臺東縣,臺東市,建國里,301,184401,613,460,257,779,588.67,96.09
臺東縣,臺東市,強國里,143,95922,671,531,312,768,546.43,81.46
臺東縣,臺東市,民生里,985,817079,830,609,359,1078,734.38,88.53
臺東縣,臺東市,馬蘭里,865,695364,804,625,372,1080,653.48,81.29
臺東縣,臺東市,復國里,109,62525,574,419,235,748,487.96,85.07
臺東縣,臺東市,豐樂里,397,283525,714,545,345,953,569.99,79.81
臺東縣,臺東市,東海里,917,744417,812,625,379,1057,670.85,82.64
臺東縣,臺東市,民權里,249,221861,891,761,384,1190,732.57,82.22
臺東縣,臺東市,卑南里,876,892528,1019,781,437,1416,848.65,83.29
臺東縣,臺東市,南王里,651,478084,734,593,364,1006,545.27,74.25
臺東縣,臺東市,建和里,292,177836,609,473,301,780,493.56,81.04
臺東縣,臺東市,知本里,239,148599,622,524,324,741,443.96,71.40
臺東縣,臺東市,富岡里,223,137891,618,492,282,740,570.30,92.23
臺東縣,臺東市,建興里,207,133951,647,519,310,775,528.95,81.74
臺東縣,臺東市,南榮里,648,523267,808,620,386,1023,644.46,79.81
臺東縣,臺東市,岩灣里,537,449172,836,652,387,1105,842.61,100.74
臺東縣,臺東市,新園里,236,134902,572,482,297,721,482.42,84.40
臺東縣,臺東市,豐田里,418,268886,643,529,333,785,513.91,79.89
臺東縣,臺東市,自強里,1325,1140944,861,654,364,1143,726.31,84.35
臺東縣,臺東市,豐谷里,1315,940785,715,568,352,914,550.44,76.94
臺東縣,臺東市,建農里,316,197382,625,519,327,779,462.82,74.09
臺東縣,臺東市,建業里,212,145419,686,526,340,809,592.52,86.38
臺東縣,臺東市,富豐里,163,108925,668,582,342,871,447.62,66.98
臺東縣,成功鎮,忠仁里,431,276378,641,543,324,825,480.77,74.97
臺東縣,成功鎮,忠智里,418,293951,703,544,338,914,592.39,84.24
臺東縣,成功鎮,三民里,528,354392,671,555,334,821,555.84,82.81
臺東縣,成功鎮,三仙里,191,117794,617,495,316,785,499.32,80.96
臺東縣,成功鎮,忠孝里,147,86944,591,471,342,743,371.42,62.80
臺東縣,成功鎮,博愛里,102,54521,535,509,327,650,297.55,55.67
臺東縣,成功鎮,信義里,305,172178,565,447,281,619,606.22,107.39
臺東縣,成功鎮,和平里,138,73046,529,470,272,702,378.24,71.46
臺東縣,關山鎮,里壠里,409,292783,716,548,323,923,597.43,83.46
臺東縣,關山鎮,中福里,193,141776,735,529,287,941,652.49,88.82
臺東縣,關山鎮,新福里,166,110896,668,515,316,845,569.07,85.18
臺東縣,關山鎮,德高里,290,178556,616,545,331,729,496.46,80.63
臺東縣,關山鎮,豐泉里,316,233544,739,562,359,944,611.85,82.79
臺東縣,關山鎮,月眉里,114,76974,675,562,372,949,491.58,72.80
臺東縣,關山鎮,電光里,91,49954,549,450,263,733,412.29,75.11
臺東縣,卑南鄉,賓朗村,422,270165,640,511,318,816,496.52,77.56
臺東縣,卑南鄉,美農村,140,88341,631,491,284,766,595.02,94.30
臺東縣,卑南鄉,初鹿村,225,151795,675,511,309,804,607.94,90.11
臺東縣,卑南鄉,嘉豐村,67,37021,553,483,295,692,419.36,75.90
臺東縣,卑南鄉,太平村,632,456693,723,568,346,954,543.20,75.17
臺東縣,卑南鄉,利嘉村,214,147912,691,578,359,877,540.66,78.22
臺東縣,卑南鄉,東興村,236,139833,593,527,376,771,338.06,57.05
臺東縣,卑南鄉,溫泉村,184,142001,772,554,341,890,836.12,108.34
臺東縣,卑南鄉,利吉村,75,49346,658,480,298,777,671.50,102.06
臺東縣,卑南鄉,富源村,63,34444,547,510,275,743,364.54,66.68
臺東縣,卑南鄉,明峰村,210,140620,670,520,351,779,612.34,91.45
臺東縣,卑南鄉,泰安村,183,112190,613,524,305,735,504.68,82.32
臺東縣,卑南鄉,富山村,68,35154,517,434,207,596,539.51,104.36
臺東縣,大武鄉,大武村,308,195908,636,499,302,868,481.46,75.69
臺東縣,大武鄉,尚武村,232,153106,660,554,312,803,517.33,78.39
臺東縣,大武鄉,大鳥村,184,108246,588,529,373,690,358.02,60.86
臺東縣,大武鄉,大竹村,108,69188,641,513,331,808,513.66,80.18
臺東縣,大武鄉,南興村,85,52882,622,559,355,819,340.89,54.79
臺東縣,太麻里鄉,泰和村,280,192507,688,549,313,836,636.15,92.53
臺東縣,太麻里鄉,大王村,322,224549,697,546,350,919,525.70,75.39
臺東縣,太麻里鄉,美和村,183,107232,586,474,309,703,446.20,76.15
臺東縣,太麻里鄉,金崙村,253,164811,651,562,401,791,380.84,58.46
臺東縣,太麻里鄉,多良村,121,71665,592,545,385,766,325.24,54.91
臺東縣,太麻里鄉,華源村,68,35281,519,385,228,739,401.53,77.39
臺東縣,太麻里鄉,三和村,75,42455,566,462,282,747,380.26,67.18
臺東縣,太麻里鄉,北里村,78,40245,516,478,355,639,263.01,50.98
臺東縣,太麻里鄉,香蘭村,118,70272,596,547,296,760,389.41,65.39
臺東縣,東河鄉,東河村,187,111641,597,498,318,764,417.89,70.00
臺東縣,東河鄉,泰源村,195,112538,577,458,300,763,415.32,71.97
臺東縣,東河鄉,北源村,178,100923,567,517,325,696,366.47,64.63
臺東縣,東河鄉,隆昌村,68,38364,564,544,287,797,368.91,65.39
臺東縣,東河鄉,興昌村,140,110384,788,476,296,883,1054.98,133.80
臺東縣,東河鄉,都蘭村,354,391797,1107,475,259,791,8013.09,724.01
臺東縣,東河鄉,尚德村,38,19078,502,452,256,568,490.27,97.65
臺東縣,長濱鄉,樟原村,82,43354,529,488,320,687,346.03,65.45
臺東縣,長濱鄉,三間村,208,135099,650,486,299,803,624.08,96.08
臺東縣,長濱鄉,長濱村,354,207765,587,446,281,746,620.53,105.73
臺東縣,長濱鄉,忠勇村,73,39877,546,369,291,716,458.29,83.90
臺東縣,長濱鄉,竹湖村,139,73940,532,498,298,685,325.72,61.23
臺東縣,長濱鄉,寧埔村,207,116691,564,479,326,720,397.69,70.55
臺東縣,鹿野鄉,鹿野村,175,128245,733,588,388,933,570.47,77.85
臺東縣,鹿野鄉,永安村,251,165646,660,551,312,805,548.88,83.17
臺東縣,鹿野鄉,瑞源村,141,95615,678,575,361,813,482.70,71.18
臺東縣,鹿野鄉,瑞豐村,142,93591,659,540,363,769,513.76,77.95
臺東縣,鹿野鄉,龍田村,191,131903,691,509,302,861,670.73,97.12
臺東縣,鹿野鄉,瑞隆村,134,83421,623,496,326,741,537.06,86.27
臺東縣,鹿野鄉,瑞和村,111,69711,628,548,365,763,457.65,72.87
臺東縣,池上鄉,福原村,439,335004,763,557,343,1047,736.28,96.48
臺東縣,池上鄉,福文村,176,107486,611,479,324,757,499.70,81.82
臺東縣,池上鄉,慶豐村,108,69810,646,535,374,727,467.76,72.37
臺東縣,池上鄉,大坡村,42,29390,700,545,344,861,552.81,79.00
臺東縣,池上鄉,大埔村,158,111223,704,547,361,884,584.98,83.10
臺東縣,池上鄉,新興村,145,94410,651,476,322,756,572.58,87.94
臺東縣,池上鄉,錦園村,55,32774,596,555,357,764,373.46,62.67
臺東縣,池上鄉,萬安村,52,32255,620,463,322,692,466.90,75.27
臺東縣,池上鄉,富興村,54,32473,601,502,319,802,420.76,69.97
臺東縣,池上鄉,振興村,47,28532,607,492,338,783,431.14,71.02
臺東縣,綠島鄉,中寮村,284,238329,839,673,357,1095,689.19,82.13
臺東縣,綠島鄉,公館村,221,182278,825,694,405,1018,969.78,117.58
臺東縣,綠島鄉,南寮村,362,296999,820,666,366,1105,618.68,75.41
臺東縣,延平鄉,桃源村,217,143970,663,546,303,864,511.08,77.03
臺東縣,延平鄉,紅葉村,93,66299,713,584,366,961,512.57,71.90
臺東縣,延平鄉,武陵村,118,83931,711,596,390,936,479.21,67.37
臺東縣,延平鄉,永康村,52,35954,691,588,381,839,413.13,59.75
臺東縣,延平鄉,鸞山村,113,63908,566,454,285,709,414.97,73.37
臺東縣,海端鄉,海端村,221,145717,659,553,388,807,445.68,67.59
臺東縣,海端鄉,崁頂村,143,90574,633,561,371,818,396.80,62.65
臺東縣,海端鄉,加拿村,91,60727,667,577,385,939,367.65,55.09
臺東縣,海端鄉,霧鹿村,45,29320,652,596,450,809,342.51,52.57
臺東縣,海端鄉,利稻村,46,32074,697,616,434,834,371.90,53.34
臺東縣,海端鄉,廣原村,148,92791,627,586,362,770,382.70,61.04
臺東縣,達仁鄉,土坂村,129,83306,646,596,397,787,412.38,63.86
臺東縣,達仁鄉,臺坂村,78,44790,574,494,348,717,332.26,57.86
臺東縣,達仁鄉,新化村,39,25960,666,515,389,985,394.66,59.29
臺東縣,達仁鄉,安朔村,121,88838,734,608,398,1008,488.00,66.47
臺東縣,達仁鄉,森永村,83,55829,673,571,391,881,389.44,57.90
臺東縣,達仁鄉,南田村,65,43967,676,524,404,837,447.51,66.16
臺東縣,金峰鄉,嘉蘭村,187,119036,637,552,366,789,409.05,64.26
臺東縣,金峰鄉,歷坵村,30,19314,644,590,389,742,387.39,60.17
臺東縣,金峰鄉,新興村,99,79726,805,679,465,965,554.49,68.85
臺東縣,金峰鄉,賓茂村,52,41868,805,702,484,1049,457.29,56.80
臺東縣,金峰鄉,正興村,110,89557,814,702,423,1016,663.67,81.52
臺東縣,蘭嶼鄉,紅頭村,270,218453,809,637,437,998,665.48,82.25
臺東縣,蘭嶼鄉,東清村,194,121358,626,540,347,823,418.11,66.84
臺東縣,蘭嶼鄉,朗島村,111,68288,615,546,350,788,406.49,66.07
臺東縣,蘭嶼鄉,椰油村,189,142926,756,654,374,1007,507.43,67.10
澎湖縣,馬公市,長安里,175,166872,954,649,315,1185,1095.35,114.87
澎湖縣,馬公市,復興里,224,188434,841,746,561,984,553.20,65.76
澎湖縣,馬公市,新復里,0,0,0,0,0,0,0.00,0.00
澎湖縣,馬公市,中央里,144,110414,767,606,315,1081,648.05,84.52
澎湖縣,馬公市,啓明里,289,303469,1050,717,386,1319,1119.48,106.61
澎湖縣,馬公市,重慶里,319,271837,852,624,316,1076,948.22,111.27
澎湖縣,馬公市,光復里,599,519764,868,673,384,1065,831.51,95.83
澎湖縣,馬公市,光明里,424,390409,921,741,430,1236,709.90,77.10
澎湖縣,馬公市,重光里,449,413923,922,745,448,1207,690.90,74.94
澎湖縣,馬公市,西衛里,1316,1265071,961,755,437,1280,808.45,84.10
澎湖縣,馬公市,朝陽里,1741,1557239,894,700,411,1198,715.96,80.04
澎湖縣,馬公市,東文里,998,868389,870,705,407,1190,710.42,81.65
澎湖縣,馬公市,西文里,1029,919850,894,709,416,1225,716.59,80.16
澎湖縣,馬公市,案山里,668,560302,839,749,480,1060,551.03,65.69
澎湖縣,馬公市,光華里,297,273853,922,846,635,1067,501.35,54.37
澎湖縣,馬公市,前寮里,302,300058,994,759,470,1215,930.65,93.67
澎湖縣,馬公市,石泉里,785,871847,1111,765,467,1241,3959.24,356.49
澎湖縣,馬公市,菜園里,109,87937,807,667,407,1036,546.57,67.75
澎湖縣,馬公市,東衛里,587,506137,862,741,434,1150,629.85,73.05
澎湖縣,馬公市,安宅里,142,121913,859,707,405,1155,660.18,76.90
澎湖縣,馬公市,烏崁里,233,171587,736,615,384,950,512.13,69.54
澎湖縣,馬公市,興仁里,287,227332,792,651,380,964,613.25,77.42
澎湖縣,馬公市,鐵線里,142,102968,725,566,311,832,817.35,112.72
澎湖縣,馬公市,山水里,357,276411,774,596,322,967,683.07,88.22
澎湖縣,馬公市,鎖港里,557,415620,746,632,384,966,556.86,74.63
澎湖縣,馬公市,井垵里,66,48491,735,652,378,894,529.42,72.06
澎湖縣,馬公市,嵵裡里,251,194601,775,634,392,986,578.01,74.55
澎湖縣,馬公市,風櫃里,222,146431,660,587,380,835,470.80,71.38
澎湖縣,馬公市,虎井里,185,140214,758,642,365,940,606.92,80.08
澎湖縣,馬公市,桶盤里,43,29489,686,621,369,956,492.32,71.79
澎湖縣,馬公市,中興里,285,261460,917,732,450,1217,766.88,83.59
澎湖縣,馬公市,五德里,132,93167,706,629,420,785,620.73,87.95
澎湖縣,馬公市,光榮里,1329,1256285,945,741,414,1244,788.94,83.46
澎湖縣,馬公市,陽明里,777,721079,928,717,383,1249,783.84,84.46
澎湖縣,湖西鄉,湖西村,272,232632,855,700,399,1122,616.93,72.13
澎湖縣,湖西鄉,湖東村,71,52676,742,652,362,957,513.51,69.21
澎湖縣,湖西鄉,南寮村,137,104097,760,559,314,954,675.80,88.94
澎湖縣,湖西鄉,白坑村,42,23023,548,376,228,641,610.44,111.36
澎湖縣,湖西鄉,青螺村,49,36938,754,579,338,997,631.69,83.80
澎湖縣,湖西鄉,紅羅村,171,122769,718,615,299,889,584.31,81.39
澎湖縣,湖西鄉,西溪村,213,164015,770,705,513,909,462.00,60.00
澎湖縣,湖西鄉,沙港村,193,157268,815,712,359,1109,614.75,75.44
澎湖縣,湖西鄉,成功村,215,166641,775,646,399,953,557.84,71.97
澎湖縣,湖西鄉,東石村,24,19599,817,713,399,1041,600.69,73.56
澎湖縣,湖西鄉,鼎灣村,166,135549,817,676,432,1063,624.59,76.49
澎湖縣,湖西鄉,中西村,46,40843,888,662,492,1134,749.58,84.42
澎湖縣,湖西鄉,潭邊村,55,43365,788,677,368,1014,523.74,66.43
澎湖縣,湖西鄉,許家村,92,76707,834,627,436,1101,576.89,69.19
澎湖縣,湖西鄉,隘門村,256,212845,831,710,469,1023,563.63,67.79
澎湖縣,湖西鄉,林投村,231,162920,705,575,385,939,500.41,70.95
澎湖縣,湖西鄉,尖山村,152,107258,706,599,351,859,529.62,75.05
澎湖縣,湖西鄉,龍門村,428,291039,680,594,365,890,445.44,65.51
澎湖縣,湖西鄉,菓葉村,139,104439,751,660,375,966,562.13,74.81
澎湖縣,湖西鄉,北寮村,66,45954,696,627,403,828,410.23,58.92
澎湖縣,湖西鄉,城北村,85,63034,742,617,460,905,517.49,69.78
澎湖縣,湖西鄉,太武村,21,15737,749,608,380,798,522.88,69.77
澎湖縣,白沙鄉,中屯村,132,108622,823,666,405,1189,564.95,68.65
澎湖縣,白沙鄉,講美村,174,131999,759,659,419,943,559.66,73.77
澎湖縣,白沙鄉,城前村,33,30519,925,692,476,1240,681.15,73.65
澎湖縣,白沙鄉,鎮海村,34,22302,656,525,338,767,506.22,77.17
澎湖縣,白沙鄉,港子村,75,52532,700,526,330,938,560.32,80.00
澎湖縣,白沙鄉,小赤村,45,38853,863,678,373,891,836.88,96.93
澎湖縣,白沙鄉,岐頭村,51,36091,708,538,325,889,550.26,77.76
澎湖縣,白沙鄉,赤崁村,398,330172,830,728,422,1044,568.05,68.47
澎湖縣,白沙鄉,瓦硐村,44,40438,919,761,527,1198,619.32,67.39
澎湖縣,白沙鄉,後寮村,136,98316,723,629,375,899,527.53,72.97
澎湖縣,白沙鄉,通梁村,161,112264,697,544,301,896,582.37,83.52
澎湖縣,白沙鄉,吉貝村,186,132558,713,568,321,836,650.31,91.25
澎湖縣,白沙鄉,鳥嶼村,176,113755,646,510,348,834,469.98,72.71
澎湖縣,白沙鄉,員貝村,40,31822,796,620,368,1174,582.43,73.21
澎湖縣,白沙鄉,大倉村,64,40564,634,594,378,798,391.81,61.82
澎湖縣,西嶼鄉,合界村,76,61359,807,639,361,1056,677.91,83.97
澎湖縣,西嶼鄉,橫礁村,49,32827,670,538,442,767,532.45,79.48
澎湖縣,西嶼鄉,竹灣村,156,111350,714,590,349,917,509.71,71.41
澎湖縣,西嶼鄉,小門村,58,43972,758,605,430,948,550.13,72.56
澎湖縣,西嶼鄉,大池村,109,80791,741,546,352,847,708.81,95.63
澎湖縣,西嶼鄉,二崁村,23,41178,1790,597,357,913,5365.97,299.72
澎湖縣,西嶼鄉,池東村,145,119604,825,686,384,1030,674.31,81.75
澎湖縣,西嶼鄉,池西村,38,36345,956,685,361,1243,891.95,93.26
澎湖縣,西嶼鄉,赤馬村,100,56522,565,515,291,796,355.67,62.92
澎湖縣,西嶼鄉,內垵村,251,166020,661,533,342,808,569.49,86.10
澎湖縣,西嶼鄉,外垵村,331,237502,718,588,369,884,606.83,84.57
澎湖縣,望安鄉,東安村,228,204725,898,782,396,1327,591.28,65.85
澎湖縣,望安鄉,西安村,141,118993,844,733,381,1039,664.37,78.72
澎湖縣,望安鄉,將軍村,218,153797,705,584,320,917,598.22,84.79
澎湖縣,望安鄉,中社村,76,57536,757,554,307,937,734.74,97.05
澎湖縣,望安鄉,花嶼村,45,34792,773,665,476,944,468.84,60.64
澎湖縣,望安鄉,水垵村,83,70151,845,696,383,1178,584.26,69.13
澎湖縣,望安鄉,東吉村,48,31314,652,585,326,875,486.05,74.50
澎湖縣,望安鄉,東坪村,71,49492,697,600,382,869,482.46,69.21
澎湖縣,望安鄉,西坪村,42,22427,534,443,251,735,472.21,88.43
澎湖縣,七美鄉,東湖村,43,25065,583,485,330,753,380.65,65.30
澎湖縣,七美鄉,西湖村,109,82199,754,541,265,1028,681.97,90.43
澎湖縣,七美鄉,中和村,156,108252,694,644,350,869,481.90,69.45
澎湖縣,七美鄉,平和村,87,71507,822,743,590,1108,443.62,53.97
澎湖縣,七美鄉,南港村,250,197568,790,648,369,1013,634.57,80.30
澎湖縣,七美鄉,海豐村,54,41617,771,703,323,1093,558.62,72.48
金門縣,金城鎮,東門里,1488,1365454,918,710,399,1201,769.71,83.88
金門縣,金城鎮,南門里,1776,1658987,934,717,428,1159,959.00,102.66
金門縣,金城鎮,西門里,3471,3499718,1008,760,452,1315,861.44,85.44
金門縣,金城鎮,北門里,1348,1266990,940,724,404,1199,837.39,89.09
金門縣,金城鎮,賢庵里,1358,1169886,861,665,393,1086,736.62,85.51
金門縣,金城鎮,金水里,660,609462,923,752,401,1216,735.32,79.63
金門縣,金城鎮,古城里,1144,1046717,915,730,449,1199,704.01,76.94
金門縣,金城鎮,珠沙里,863,764933,886,702,392,1171,744.87,84.04
金門縣,金寧鄉,古寧村,934,860377,921,689,427,1139,1232.00,133.74
金門縣,金寧鄉,安美村,1233,1057789,858,687,426,1086,672.07,78.34
金門縣,金寧鄉,湖埔村,1785,1673363,937,740,446,1230,730.61,77.94
金門縣,金寧鄉,榜林村,1579,1418468,898,705,409,1164,830.36,92.43
金門縣,金寧鄉,盤山村,1600,1527427,955,770,428,1257,768.06,80.45
金門縣,金寧鄉,后盤村,416,373103,897,744,455,1156,633.00,70.58
金門縣,金湖鎮,新市里,1439,1417439,985,744,466,1202,865.96,87.91
金門縣,金湖鎮,山外里,1044,930411,891,718,420,1146,696.93,78.20
金門縣,金湖鎮,溪湖里,422,334347,792,596,408,924,710.00,89.61
金門縣,金湖鎮,蓮庵里,519,456952,880,744,446,1148,595.22,67.60
金門縣,金湖鎮,料羅里,650,602089,926,844,480,1181,717.83,77.50
金門縣,金湖鎮,新湖里,2426,2211778,912,729,448,1160,743.05,81.50
金門縣,金湖鎮,正義里,767,654989,854,699,428,1076,664.90,77.86
金門縣,金湖鎮,瓊林里,994,821781,827,675,404,1058,671.92,81.27
金門縣,金沙鎮,汶沙里,1563,1389658,889,705,413,1118,744.10,83.69
金門縣,金沙鎮,何斗里,586,510300,871,685,406,1100,742.23,85.23
金門縣,金沙鎮,浦山里,645,527031,817,648,374,1064,671.40,82.17
金門縣,金沙鎮,西園里,435,354549,815,666,402,1032,698.80,85.74
金門縣,金沙鎮,官嶼里,596,543238,911,727,432,1183,743.18,81.54
金門縣,金沙鎮,光前里,683,629439,922,726,420,1216,809.77,87.87
金門縣,金沙鎮,三山里,525,414550,790,661,401,1030,571.53,72.38
金門縣,金沙鎮,大洋里,341,291538,855,645,413,1116,755.27,88.34
金門縣,烈嶼鄉,林湖村,975,855140,877,733,433,1152,651.65,74.30
金門縣,烈嶼鄉,黃埔村,434,356073,820,637,392,1008,714.57,87.10
金門縣,烈嶼鄉,西口村,691,579859,839,666,422,1057,682.12,81.29
金門縣,烈嶼鄉,上林村,412,340396,826,674,412,1074,647.01,78.31
金門縣,烈嶼鄉,上岐村,810,703321,868,692,419,1044,806.80,92.92
金門縣,烏坵鄉,大坵村,78,72064,924,826,463,1172,655.89,70.99
金門縣,烏坵鄉,小坵村,101,90465,896,715,444,1233,685.41,76.52
連江縣,南竿鄉,介壽村,738,778848,1055,834,491,1383,804.88,76.27
連江縣,南竿鄉,復興村,365,359871,986,796,472,1325,708.28,71.84
連江縣,南竿鄉,福沃村,275,275768,1003,816,485,1384,724.57,72.26
連江縣,南竿鄉,清水村,287,291940,1017,754,480,1298,809.45,79.58
連江縣,南竿鄉,珠螺村,43,39799,926,750,495,998,709.80,76.69
連江縣,南竿鄉,仁愛村,164,174130,1062,813,544,1377,746.48,70.31
連江縣,南竿鄉,津沙村,95,96692,1018,808,486,1258,754.50,74.13
連江縣,南竿鄉,馬祖村,172,169184,984,706,455,1255,814.44,82.80
連江縣,南竿鄉,四維村,46,48536,1055,676,543,1175,908.95,86.15
連江縣,北竿鄉,塘岐村,313,299955,958,721,450,1262,802.33,83.72
連江縣,北竿鄉,后沃村,59,58684,995,797,502,1251,753.87,75.79
連江縣,北竿鄉,橋仔村,83,71595,863,714,411,1189,666.10,77.22
連江縣,北竿鄉,芹壁村,66,56298,853,616,406,1288,661.78,77.58
連江縣,北竿鄉,坂里村,91,75449,829,615,465,953,609.21,73.48
連江縣,北竿鄉,白沙村,38,27559,725,731,502,952,370.68,51.11
連江縣,莒光鄉,青帆村,163,159318,977,893,544,1221,733.21,75.02
連江縣,莒光鄉,田沃村,67,63401,946,783,478,1322,609.48,64.41
連江縣,莒光鄉,西坵村,26,19947,767,676,468,1037,474.50,61.85
連江縣,莒光鄉,大坪村,159,147471,927,699,416,1282,762.74,82.24
連江縣,莒光鄉,福正村,59,48001,814,618,410,990,625.03,76.83
連江縣,東引鄉,中柳村,190,176697,930,816,587,1124,552.36,59.39
連江縣,東引鄉,樂華村,230,214919,934,885,533,1169,588.83,63.02
嘉義市,東區,中庄里,982,894439,911,662,383,1109,939.38,103.13
嘉義市,東區,頂庄里,730,638384,874,647,365,1199,752.09,86.00
嘉義市,東區,王田里,868,851279,981,693,392,1240,969.10,98.81
嘉義市,東區,圳頭里,1223,1100390,900,675,366,1133,847.53,94.20
嘉義市,東區,鹿寮里,227,196550,866,606,347,1000,1004.34,115.99
嘉義市,東區,盧厝里,486,557942,1148,734,418,1374,1237.84,107.82
嘉義市,東區,短竹里,713,685359,961,677,382,1185,951.87,99.03
嘉義市,東區,長竹里,987,1174597,1190,811,414,1496,1347.95,113.27
嘉義市,東區,後庄里,1198,972223,812,624,370,1059,687.85,84.76
嘉義市,東區,東川里,620,644029,1039,695,414,1261,1077.50,103.73
嘉義市,東區,太平里,1425,1476771,1036,732,411,1272,995.42,96.05
嘉義市,東區,興南里,428,341065,797,579,332,1004,762.23,95.65
嘉義市,東區,豐年里,425,427144,1005,682,352,1140,1169.64,116.38
嘉義市,東區,新開里,633,541898,856,661,361,1084,725.76,84.78
嘉義市,東區,宣信里,384,281072,732,549,311,918,767.60,104.87
嘉義市,東區,芳草里,965,772868,801,587,373,1002,721.35,90.07
嘉義市,東區,安寮里,841,729166,867,620,374,1088,1075.62,124.06
嘉義市,東區,興村里,1166,943715,809,583,349,1009,1340.92,165.68
嘉義市,東區,頂寮里,763,609241,798,611,378,986,660.21,82.68
嘉義市,東區,荖藤里,1234,1031431,836,635,369,1072,805.48,96.37
嘉義市,東區,後湖里,1063,826766,778,600,362,980,688.33,88.50
嘉義市,東區,過溝里,716,613760,857,617,346,1143,814.93,95.07
嘉義市,東區,民族里,396,305116,770,563,292,900,1085.21,140.85
嘉義市,東區,朝陽里,553,406269,735,575,326,937,624.35,84.98
嘉義市,東區,華南里,581,451573,777,553,316,1026,737.21,94.85
嘉義市,東區,東興里,619,610490,986,602,344,1094,1710.82,173.47
嘉義市,東區,中山里,680,696238,1024,714,397,1254,1082.57,105.73
嘉義市,東區,中央里,730,689533,945,549,292,1031,1498.43,158.64
嘉義市,東區,林森里,805,864120,1073,783,400,1419,1313.89,122.40
嘉義市,東區,北門里,666,598286,898,605,342,1091,1016.43,113.15
嘉義市,東區,蘭潭里,653,607222,930,631,342,1133,962.59,103.52
嘉義市,東區,文雅里,1226,1608623,1312,870,478,1626,1585.35,120.83
嘉義市,東區,安業里,530,428257,808,616,364,1020,687.75,85.11
嘉義市,東區,義教里,834,677346,812,598,360,1048,743.42,91.54
嘉義市,東區,興安里,648,503584,777,611,379,974,607.49,78.17
嘉義市,東區,興仁里,1042,804943,772,587,339,979,674.23,87.28
嘉義市,東區,新店里,1427,1418171,994,688,378,1286,1004.20,101.04
嘉義市,東區,仁義里,872,790835,907,638,394,1128,973.67,107.36
嘉義市,東區,芳安里,630,579382,920,687,385,1186,800.71,87.07
嘉義市,西區,永和里,454,337699,744,537,284,953,779.05,104.74
嘉義市,西區,新富里,484,375742,776,581,294,995,772.14,99.46
嘉義市,西區,文化里,739,698319,945,629,359,1133,1071.17,113.36
嘉義市,西區,西榮里,694,557893,804,549,304,960,1066.28,132.64
嘉義市,西區,國華里,480,443217,923,623,340,1070,1100.81,119.22
嘉義市,西區,番社里,479,424289,886,572,334,1055,977.68,110.38
嘉義市,西區,導明里,436,353817,812,591,356,1017,775.06,95.51
嘉義市,西區,慶安里,371,252303,680,517,313,864,628.96,92.49
嘉義市,西區,後驛里,480,357297,744,538,308,888,845.61,113.60
嘉義市,西區,福安里,1250,1110075,888,676,380,1075,960.22,108.13
嘉義市,西區,獅子里,776,601852,776,618,390,954,629.40,81.15
嘉義市,西區,紅瓦里,405,304753,752,583,348,936,641.89,85.30
嘉義市,西區,保福里,1028,884144,860,629,354,1113,973.39,113.18
嘉義市,西區,保生里,1180,957137,811,593,350,1015,859.16,105.92
嘉義市,西區,北新里,282,212683,754,575,332,1013,624.44,82.80
嘉義市,西區,育英里,581,517622,891,637,360,1066,929.86,104.37
嘉義市,西區,湖內里,1136,884699,779,577,340,979,762.16,97.87
嘉義市,西區,美源里,1100,936054,851,593,332,1041,1014.46,119.21
嘉義市,西區,致遠里,487,381299,783,579,329,964,710.15,90.70
嘉義市,西區,翠岱里,375,300610,802,585,314,969,849.82,106.01
嘉義市,西區,自強里,436,382034,876,595,330,1165,822.52,93.87
嘉義市,西區,培元里,426,372420,874,614,356,1009,1476.85,168.93
嘉義市,西區,車店里,1725,1427684,828,619,358,1088,732.36,88.49
嘉義市,西區,光路里,1473,1275292,866,627,366,1131,830.44,95.92
嘉義市,西區,香湖里,196,140028,714,568,333,869,552.38,77.32
嘉義市,西區,湖邊里,592,462691,782,558,324,951,833.32,106.62
嘉義市,西區,重興里,483,352516,730,585,337,982,574.46,78.71
嘉義市,西區,北榮里,637,513762,807,608,325,1019,778.07,96.47
嘉義市,西區,新厝里,1101,928547,843,598,362,1058,1170.54,138.79
嘉義市,西區,竹圍里,1090,822150,754,551,337,921,766.73,101.65
嘉義市,西區,保安里,956,750288,785,624,321,1003,689.81,87.89
嘉義市,西區,北湖里,714,575303,806,644,382,1071,632.56,78.51
嘉義市,西區,下埤里,416,291116,700,514,331,833,689.90,98.59
嘉義市,西區,竹村里,295,233111,790,577,347,946,803.55,101.69
嘉義市,西區,書院里,616,509693,827,544,303,1043,878.99,106.23
嘉義市,西區,福全里,1207,940371,779,560,315,975,773.90,99.33
嘉義市,西區,西平里,929,770697,830,587,328,1107,780.65,94.10
嘉義市,西區,磚磘里,985,814919,827,603,381,1097,751.47,90.83
嘉義市,西區,劉厝里,1908,1758052,921,713,400,1231,760.60,82.55
嘉義市,西區,港坪里,969,865013,893,699,387,1216,734.42,82.27
嘉義市,西區,頭港里,471,361786,768,621,339,1055,648.61,84.44
嘉義市,西區,大溪里,500,353725,707,526,332,935,590.11,83.41
嘉義市,西區,垂楊里,493,406124,824,586,325,972,912.69,110.79
嘉義市,西區,新西里,511,374063,732,570,349,965,592.15,80.89
嘉義市,西區,福民里,1669,1447269,867,604,339,1073,952.61,109.86
新竹市,東區,榮光里,143,201421,1409,727,449,1686,1815.72,128.91
新竹市,東區,成功里,254,294952,1161,655,365,1251,3176.34,273.53
新竹市,東區,育賢里,350,526701,1505,834,445,1981,1798.50,119.51
新竹市,東區,親仁里,637,1154629,1813,1083,510,2229,2369.90,130.75
新竹市,東區,中正里,220,255368,1161,711,330,1369,1364.71,117.57
新竹市,東區,東門里,224,304620,1360,620,344,1054,3969.00,291.86
新竹市,東區,三民里,1867,2217282,1188,714,378,1441,1527.12,128.59
新竹市,東區,文華里,1754,2017956,1150,736,390,1430,1455.16,126.48
新竹市,東區,公園里,1125,1899296,1688,893,440,1930,2849.93,168.81
新竹市,東區,東園里,2190,3346940,1528,1139,560,2072,1530.35,100.14
新竹市,東區,復中里,1672,2541041,1520,784,416,1599,3804.36,250.33
新竹市,東區,東勢里,905,1817354,2008,1310,566,2646,2684.57,133.69
新竹市,東區,綠水里,2374,4410241,1858,1231,528,2381,3718.96,200.19
新竹市,東區,東山里,1220,1695483,1390,883,435,1702,2213.19,159.25
新竹市,東區,水源里,1066,920422,863,605,361,1066,839.76,97.26
新竹市,東區,前溪里,996,856471,860,557,335,1038,1177.66,136.95
新竹市,東區,光復里,875,1128024,1289,813,418,1644,1481.22,114.90
新竹市,東區,千甲里,680,577206,849,606,360,1023,826.35,97.35
新竹市,東區,仙宮里,500,768720,1537,1097,529,2002,1511.47,98.31
新竹市,東區,光明里,1233,3028846,2456,1467,599,2965,5209.92,212.09
新竹市,東區,建功里,1129,1332062,1180,717,386,1439,1867.22,158.26
新竹市,東區,金山里,1905,3124552,1640,1013,486,2058,2743.59,167.27
新竹市,東區,埔頂里,1439,2216132,1540,1064,503,2165,1662.39,107.94
新竹市,東區,仙水里,1723,2828879,1642,1116,518,2188,1820.88,110.91
新竹市,東區,龍山里,2632,5317041,2020,1536,761,2676,2064.59,102.20
新竹市,東區,新莊里,2225,3508503,1577,1117,525,2092,1748.64,110.89
新竹市,東區,南門里,262,244166,932,563,316,1064,1511.96,162.24
新竹市,東區,關帝里,167,150954,904,607,293,1090,1035.04,114.51
新竹市,東區,寺前里,212,168483,795,556,336,1004,773.70,97.35
新竹市,東區,福德里,503,506686,1007,656,346,1249,1110.23,110.21
新竹市,東區,新興里,1082,944840,873,589,351,1072,934.82,107.05
新竹市,東區,南市里,285,232025,814,583,331,1040,863.51,106.07
新竹市,東區,振興里,1966,2041625,1038,660,377,1233,1918.19,184.71
新竹市,東區,竹蓮里,288,275908,958,630,373,1037,1367.22,142.71
新竹市,東區,南大里,459,404563,881,594,370,1106,823.89,93.47
新竹市,東區,頂竹里,1060,1231459,1162,606,360,1129,6895.73,593.56
新竹市,東區,下竹里,191,166203,870,626,343,1233,723.04,83.09
新竹市,東區,高峰里,2106,3768328,1789,718,383,1566,12846.54,717.95
新竹市,東區,柴橋里,1960,3890358,1985,942,436,2108,6791.84,342.18
新竹市,東區,光鎮里,1197,1141806,954,617,356,1147,1203.09,126.12
新竹市,東區,豐功里,1756,3982925,2268,1548,583,3173,2403.25,105.95
新竹市,東區,軍功里,1050,1378652,1313,825,465,1780,1431.09,108.99
新竹市,東區,武功里,1394,1853517,1330,944,472,1850,1220.23,91.77
新竹市,東區,立功里,272,206975,761,494,336,884,845.77,111.15
新竹市,東區,關東里,1709,2747260,1608,901,438,1898,2459.91,153.02
新竹市,東區,科園里,2631,8552608,3251,1181,526,2659,45845.19,1410.31
新竹市,東區,錦華里,665,1042332,1567,825,434,1712,4052.00,258.51
新竹市,東區,建華里,839,1020835,1217,724,380,1518,2520.94,207.19
新竹市,東區,復興里,1771,2338971,1321,875,435,1678,1655.68,125.36
新竹市,東區,新光里,1254,1182008,943,668,387,1125,933.00,98.98
新竹市,東區,湖濱里,1332,3221317,2418,753,402,1609,28178.17,1165.15
新竹市,東區,明湖里,1848,2106968,1140,753,435,1336,2135.92,187.34
新竹市,東區,關新里,1587,4672990,2945,2425,1454,3668,2554.39,86.75
新竹市,北區,光田里,768,719181,936,666,377,1165,886.05,94.62
新竹市,北區,仁德里,255,209337,821,583,324,932,1011.80,123.25
新竹市,北區,中央里,137,112205,819,556,310,1119,806.49,98.47
新竹市,北區,西門里,204,214074,1049,724,366,1231,1719.06,163.82
新竹市,北區,興南里,565,683229,1209,709,398,1497,1410.82,116.67
新竹市,北區,潛園里,257,211162,822,635,367,1005,712.00,86.66
新竹市,北區,南勢里,1302,1108044,851,592,362,991,1034.28,121.53
新竹市,北區,崇禮里,389,337683,868,606,333,985,914.02,105.29
新竹市,北區,石坊里,182,155866,856,617,381,1219,731.58,85.42
新竹市,北區,西雅里,970,838931,865,617,368,1052,935.77,108.20
新竹市,北區,曲溪里,1591,1350487,849,607,372,1035,913.50,107.62
新竹市,北區,客雅里,662,601455,909,644,346,1126,1032.21,113.61
新竹市,北區,中興里,199,172882,869,539,326,989,1150.99,132.49
新竹市,北區,大同里,336,633688,1886,828,415,1817,4590.70,243.41
新竹市,北區,中山里,228,242275,1063,561,303,980,2013.74,189.51
新竹市,北區,北門里,318,347654,1093,686,400,1381,1157.07,105.84
新竹市,北區,民富里,1628,1516806,932,638,368,1159,966.64,103.75
新竹市,北區,新民里,572,547864,958,638,356,1195,1325.72,138.41
新竹市,北區,長和里,450,420400,934,675,364,1150,960.76,102.84
新竹市,北區,文雅里,1341,1283784,957,670,394,1218,909.79,95.03
新竹市,北區,舊社里,2097,2295711,1095,699,384,1370,1453.37,132.76
新竹市,北區,湳雅里,1025,1365014,1332,744,387,1676,1678.50,126.04
新竹市,北區,武陵里,1590,1725489,1085,657,379,1224,1883.46,173.56
新竹市,北區,士林里,542,482203,890,641,347,1111,869.56,97.74
新竹市,北區,福林里,1350,1626694,1205,725,396,1388,1503.94,124.81
新竹市,北區,古賢里,272,219652,808,617,385,955,765.47,94.79
新竹市,北區,康樂里,854,680412,797,588,364,1011,714.20,89.64
新竹市,北區,南寮里,1700,1383809,814,597,358,1041,793.16,97.44
新竹市,北區,中寮里,1222,1116976,914,690,427,1182,849.71,92.96
新竹市,北區,海濱里,1158,925025,799,622,364,1017,659.61,82.57
新竹市,北區,港北里,431,318145,738,580,342,968,595.70,80.70
新竹市,北區,舊港里,150,111008,740,572,374,896,656.09,88.65
新竹市,北區,育英里,1372,1480536,1079,683,382,1341,1792.45,166.10
新竹市,北區,水田里,1127,1351781,1199,658,377,1352,1967.27,164.01
新竹市,北區,大鵬里,113,127317,1127,1074,790,1392,554.22,49.19
新竹市,北區,境福里,1738,1693227,974,653,380,1236,1001.18,102.77
新竹市,北區,磐石里,1903,1998427,1050,714,398,1327,1124.01,107.03
新竹市,北區,新雅里,1459,1264383,867,630,362,1060,863.87,99.68
新竹市,北區,光華里,1284,1376519,1072,653,378,1165,2414.65,225.24
新竹市,北區,金華里,1899,2186002,1151,740,404,1394,1420.36,123.39
新竹市,北區,金竹里,2072,2338445,1129,761,409,1411,1239.76,109.85
新竹市,北區,湳中里,2602,3752459,1442,1009,503,1902,1485.14,102.98
新竹市,北區,金雅里,801,754933,942,636,389,1130,1021.92,108.43
新竹市,北區,臺溪里,567,483513,853,640,365,1128,745.50,87.42
新竹市,北區,中雅里,1102,1156756,1050,768,452,1416,930.41,88.64
新竹市,香山區,頂埔里,2065,2351649,1139,892,513,1540,973.38,85.47
新竹市,香山區,中埔里,1069,945547,885,600,373,1099,971.14,109.79
新竹市,香山區,埔前里,1229,1099707,895,655,369,1158,830.51,92.82
新竹市,香山區,牛埔里,1534,1834462,1196,731,413,1330,4199.06,351.13
新竹市,香山區,樹下里,753,521856,693,543,331,870,620.96,89.60
新竹市,香山區,浸水里,751,599889,799,612,379,1005,651.68,81.58
新竹市,香山區,虎林里,811,707446,872,629,370,1139,789.78,90.54
新竹市,香山區,虎山里,1730,1208427,699,524,342,850,657.99,94.20
新竹市,香山區,港南里,737,523590,710,556,360,883,669.99,94.31
新竹市,香山區,香村里,1115,1338785,1201,671,377,1319,1761.96,146.74
新竹市,香山區,東香里,1492,2608582,1748,994,481,1997,8716.22,498.53
新竹市,香山區,香山里,1473,1301869,884,639,369,1125,803.98,90.97
新竹市,香山區,大庄里,912,761804,835,600,362,1055,773.49,92.60
新竹市,香山區,美山里,355,249926,704,498,311,888,735.53,104.48
新竹市,香山區,朝山里,633,488234,771,553,358,1015,664.79,86.19
新竹市,香山區,海山里,710,553882,780,558,359,957,771.73,98.93
新竹市,香山區,鹽水里,443,346325,782,598,377,952,770.86,98.60
新竹市,香山區,南港里,251,179445,715,527,374,863,619.71,86.68
新竹市,香山區,內湖里,1381,1233955,894,610,382,1023,1067.06,119.42
新竹市,香山區,中隘里,555,499728,900,565,383,1014,1220.47,135.55
新竹市,香山區,南隘里,272,263739,970,622,383,1134,986.69,101.76
新竹市,香山區,大湖里,281,217361,774,609,366,958,668.51,86.42
新竹市,香山區,茄苳里,279,220244,789,546,322,951,1010.25,127.98
新竹市,香山區,頂福里,1414,1574351,1113,778,434,1457,1084.89,97.44
