縣市,鄉鎮市區,村里,納稅單位,綜合所得總額,平均數,中位數,第一分位數,第三分位數,標準差,變異係數
台北市,松山區,中崙里,1441,2028162,1407,859,441,1654,2219.18,157.67
台北市,松山區,自強里,3164,4316374,1364,833,412,1634,2762.43,202.49
台北市,松山區,鵬程里,1813,2214261,1221,744,398,1524,1796.59,147.10
台北市,松山區,東榮里,2924,5328058,1822,907,430,1976,4543.64,249.35
台北市,松山區,介壽里,1574,2710878,1722,889,434,1897,6483.89,376.47
台北市,松山區,東勢里,1611,2454656,1524,787,387,1616,6483.63,425.52
台北市,松山區,東光里,2625,3440834,1311,764,385,1538,2162.08,164.94
台北市,松山區,中正里,3499,6212481,1776,986,475,2008,3531.77,198.92
台北市,松山區,復盛里,2288,2565786,1121,714,374,1330,2551.58,227.53
台北市,松山區,復勢里,2328,2957032,1270,784,400,1556,1636.56,128.84
台北市,松山區,美仁里,1250,1803894,1443,842,403,1742,1963.80,136.08
台北市,松山區,吉仁里,1415,1902463,1344,783,400,1596,2486.97,184.97
台北市,松山區,精忠里,1569,3383916,2157,951,449,1926,11071.83,513.36
台北市,松山區,東昌里,933,6609250,7084,916,425,1846,78187.31,1103.74
台北市,松山區,福成里,953,1619159,1699,879,398,1948,3018.98,177.69
台北市,松山區,中華里,2345,4774042,2036,954,461,2083,8130.04,399.35
台北市,松山區,吉祥里,3204,4119774,1286,762,403,1530,3128.89,243.34
台北市,松山區,新東里,1750,2027171,1158,775,400,1433,1379.72,119.11
台北市,松山區,三民里,2515,3467027,1379,795,394,1559,3374.49,244.79
台北市,松山區,復建里,1624,2145202,1321,869,438,1677,1433.08,108.49
台北市,松山區,敦化里,2528,4037619,1597,870,446,1654,5621.90,351.99
台北市,松山區,安平里,2932,2957072,1009,683,374,1269,1132.77,112.32
台北市,松山區,富錦里,1859,2576370,1386,836,414,1577,3190.18,230.19
台北市,松山區,莊敬里,1697,1725802,1017,757,416,1332,984.55,96.81
台北市,松山區,新益里,1673,1806571,1080,721,388,1405,1315.47,121.82
台北市,松山區,富泰里,1720,2211390,1286,823,413,1579,2329.16,181.16
台北市,松山區,龍田里,3599,5608300,1558,1026,484,2028,1895.37,121.63
台北市,松山區,慈祐里,2453,2364959,964,662,359,1224,1074.47,111.45
台北市,松山區,復源里,1085,1502914,1385,831,407,1553,3776.44,272.63
台北市,松山區,民福里,2303,2601023,1129,733,395,1349,1557.08,137.87
台北市,松山區,松基里,1396,3150066,2256,818,390,1749,16402.11,726.88
台北市,松山區,新聚里,2962,3464562,1170,722,385,1373,2535.06,216.73
台北市,松山區,民有里,3451,6152885,1783,839,412,1759,6932.67,388.84
台北市,大安區,建安里,1947,3317469,1704,828,383,1771,3657.47,214.65
台北市,大安區,通安里,1959,2378399,1214,707,384,1468,1674.08,137.89
台北市,大安區,民輝里,2622,6356716,2424,898,422,2065,8669.16,357.58
台北市,大安區,德安里,2066,3809736,1844,865,413,1918,4760.84,258.18
台北市,大安區,敦安里,2362,4925723,2085,961,454,2078,5644.91,270.69
台北市,大安區,光明里,1288,3555654,2761,1084,483,2082,25210.36,913.22
台北市,大安區,永康里,1350,2205691,1634,930,480,1795,4399.35,269.26
台北市,大安區,福住里,2301,4171022,1813,991,478,2052,3409.70,188.10
台北市,大安區,仁愛里,2090,6398978,3062,978,431,2202,18425.75,601.81
台北市,大安區,義村里,2156,3499680,1623,756,375,1498,13588.30,837.12
台北市,大安區,臥龍里,718,1094513,1524,890,411,1821,2499.39,163.96
台北市,大安區,通化里,2123,2435889,1147,682,378,1348,2209.23,192.55
台北市,大安區,龍生里,2408,4065467,1688,958,445,1964,2969.17,175.87
台北市,大安區,新龍里,2425,3488413,1439,877,426,1859,1949.02,135.49
台北市,大安區,住安里,1807,2810882,1556,756,406,1429,6362.32,409.01
台北市,大安區,錦泰里,1317,2082347,1581,1052,436,2071,2041.85,129.14
台北市,大安區,建倫里,2367,5364563,2266,956,400,2072,11589.42,511.36
台北市,大安區,錦華里,2054,3639137,1772,1021,487,2046,6560.74,370.30
台北市,大安區,光武里,2756,4288866,1556,786,363,1606,6417.37,412.38
台北市,大安區,仁慈里,1988,3832113,1928,982,448,2106,7227.40,374.94
台北市,大安區,黎孝里,2731,2987437,1094,743,390,1357,1323.26,120.97
台北市,大安區,民炤里,3100,7083274,2285,954,422,2104,9887.81,432.74
台北市,大安區,昌隆里,1260,2172785,1724,841,411,1733,6554.09,380.07
台北市,大安區,黎和里,1723,2004203,1163,780,416,1403,1679.10,144.35
台北市,大安區,龍雲里,1823,4522896,2481,830,404,1738,20386.65,821.71
台北市,大安區,芳和里,1978,2259600,1142,731,389,1381,1465.88,128.32
台北市,大安區,龍安里,2325,4898022,2107,1010,432,2054,9139.38,433.83
台北市,大安區,義安里,2109,4858603,2304,936,438,2013,7942.78,344.78
台北市,大安區,虎嘯里,1495,2388175,1597,851,409,1794,3514.45,220.01
台北市,大安區,龍淵里,3223,4924841,1528,955,456,1893,2644.95,173.10
台北市,大安區,龍坡里,2116,3494794,1652,1016,481,2091,2628.48,159.15
台北市,大安區,龍門里,1568,3035882,1936,1080,479,2163,4157.03,214.71
台北市,大安區,敦煌里,2329,3920539,1683,917,449,1884,4006.48,238.01
台北市,大安區,羣賢里,2250,3377545,1501,789,372,1618,3084.23,205.46
台北市,大安區,車層里,2390,4092222,1712,872,405,1858,3316.39,193.69
台北市,大安區,光信里,2827,4436229,1569,843,417,1701,3075.10,195.96
台北市,大安區,和安里,2468,8764231,3551,1015,456,2114,42315.53,1191.60
台北市,大安區,正聲里,1848,3851749,2084,830,408,1893,10246.14,491.59
台北市,大安區,誠安里,1552,1828697,1178,738,356,1460,1410.03,119.67
台北市,大安區,華聲里,1590,2240451,1409,789,384,1605,2653.25,188.30
台北市,大安區,臨江里,1349,1292805,958,652,372,1182,1009.78,105.37
台北市,大安區,龍陣里,1303,2143146,1645,809,405,1681,3554.56,216.11
台北市,大安區,龍圖里,2604,4098969,1574,853,416,1784,2499.54,158.79
台北市,大安區,古莊里,2670,3905623,1463,866,448,1732,2726.38,186.38
台北市,大安區,錦安里,2155,4469836,2074,995,465,2086,6511.38,313.93
台北市,大安區,大學里,3138,4601880,1467,883,427,1789,2301.22,156.92
台北市,大安區,古風里,1574,2588744,1645,860,404,1749,5431.91,330.27
台北市,大安區,全安里,1724,2922606,1695,846,414,1846,3114.13,183.70
台北市,大安區,黎元里,1800,1584253,880,654,382,1144,764.59,86.87
台北市,大安區,法治里,1716,2222298,1295,777,399,1537,1845.68,142.52
台北市,大安區,龍泉里,1764,2599186,1473,866,412,1794,3898.65,264.59
台北市,大安區,羣英里,2575,3213828,1248,756,384,1588,1907.40,152.83
台北市,大安區,學府里,733,889362,1213,730,418,1504,1340.62,110.49
台北市,中正區,南門里,943,2271848,2409,881,410,1826,12030.08,499.35
台北市,中正區,龍興里,1248,1438881,1153,772,408,1527,1219.26,105.75
台北市,中正區,愛國里,1106,1418874,1283,807,380,1512,2022.50,157.65
台北市,中正區,龍光里,1176,1645853,1400,911,465,1772,1834.64,131.09
台北市,中正區,河堤里,1784,2093203,1173,739,397,1428,1636.60,139.48
台北市,中正區,龍福里,1979,3203673,1619,914,435,1789,10980.94,678.32
台北市,中正區,螢雪里,1541,1580025,1025,701,406,1270,1185.96,115.67
台北市,中正區,永昌里,1599,1503199,940,609,340,1110,2927.27,311.38
台北市,中正區,文盛里,847,1026305,1212,820,388,1595,1323.80,109.25
台北市,中正區,忠勤里,1797,1321818,736,545,331,935,684.47,93.05
台北市,中正區,永功里,2054,2218309,1080,717,371,1317,1345.67,124.60
台北市,中正區,螢圃里,2031,2233912,1100,707,381,1378,1403.93,127.64
台北市,中正區,幸市里,1816,4070480,2241,935,422,1932,10452.56,466.33
台北市,中正區,文祥里,2763,4592355,1662,944,442,2041,2563.49,154.23
台北市,中正區,黎明里,1191,1745683,1466,795,391,1529,3451.17,235.46
台北市,中正區,建國里,560,827464,1478,928,434,1707,2390.05,161.75
台北市,中正區,光復里,1352,1955317,1446,733,404,1466,2985.62,206.44
台北市,中正區,東門里,1445,10857218,7514,912,454,1969,205149.77,2730.36
台北市,中正區,板溪里,1194,1357778,1137,748,404,1430,1279.26,112.50
台北市,中正區,文北里,2140,4742481,2216,965,432,2056,6323.82,285.36
台北市,中正區,梅花里,1259,2061619,1638,882,425,1749,3659.19,223.46
台北市,中正區,廈安里,1439,1723173,1197,797,416,1516,1369.88,114.40
台北市,中正區,網溪里,2186,2681550,1227,790,397,1567,1483.91,120.97
台北市,中正區,林興里,1636,2273625,1390,858,423,1624,2798.48,201.37
台北市,中正區,幸福里,1768,2722813,1540,849,422,1709,2945.56,191.26
台北市,中正區,水源里,1079,1184821,1098,742,389,1342,1195.88,108.91
台北市,中正區,富水里,852,1051123,1234,907,456,1574,1281.57,103.88
台北市,中正區,頂東里,2325,2719417,1170,777,397,1461,1476.41,126.23
台北市,中正區,新營里,3080,5101605,1656,1067,488,2107,2245.84,135.59
台北市,中正區,南福里,3625,5973234,1648,997,478,2062,2334.83,141.69
台北市,中正區,三愛里,3141,5681976,1809,877,408,1897,7615.68,421.00
台北市,萬華區,柳鄉里,1448,1099881,760,542,333,941,1430.57,188.34
台北市,萬華區,雙園里,1460,1435520,983,659,383,1226,1066.04,108.42
台北市,萬華區,糖廍里,1719,1530044,890,626,368,1118,961.03,107.97
台北市,萬華區,西門里,1242,1258566,1013,701,366,1221,1538.38,151.81
台北市,萬華區,仁德里,1810,1973503,1090,646,342,1278,1744.84,160.03
台北市,萬華區,新起里,2255,2507677,1112,682,374,1302,2061.48,185.38
台北市,萬華區,日善里,1139,959528,842,586,357,1057,855.75,101.58
台北市,萬華區,菜園里,1951,1846687,947,628,348,1155,1273.99,134.60
台北市,萬華區,頂碩里,2313,2088671,903,624,364,1102,1170.40,129.61
台北市,萬華區,福音里,1363,2064317,1515,634,370,1081,12724.60,840.16
台北市,萬華區,華中里,1876,1592912,849,599,358,1070,937.56,110.42
台北市,萬華區,青山里,1604,1413588,881,586,353,1071,1027.29,116.57
台北市,萬華區,新和里,2829,2662479,941,657,378,1197,1085.02,115.29
台北市,萬華區,新安里,1718,1362266,793,575,362,975,764.91,96.47
台北市,萬華區,富民里,1440,1180847,820,594,343,1034,820.32,100.03
台北市,萬華區,富福里,1571,1632416,1039,628,338,1141,2237.97,215.38
台北市,萬華區,綠堤里,1036,737640,712,556,339,894,640.73,89.99
台北市,萬華區,忠貞里,1304,1039371,797,568,343,998,808.71,101.46
台北市,萬華區,日祥里,1628,1460779,897,618,361,1144,922.31,102.79
台北市,萬華區,忠德里,1321,1115720,845,627,369,1072,783.44,92.76
台北市,萬華區,孝德里,1004,814370,811,579,355,1026,746.82,92.07
台北市,萬華區,保德里,1093,1184218,1083,595,349,1168,2719.44,251.00
台北市,萬華區,全德里,1392,1480791,1064,682,383,1261,1987.25,186.81
台北市,萬華區,興德里,1245,1014017,814,607,347,1049,790.58,97.07
台北市,萬華區,壽德里,1587,1521674,959,679,388,1215,978.40,102.04
台北市,萬華區,凌霄里,1077,868666,807,599,374,1039,685.50,84.99
台北市,萬華區,和平里,1968,1547612,786,594,359,1018,704.17,89.54
台北市,萬華區,騰雲里,1044,992004,950,631,379,1159,1082.47,113.92
台北市,萬華區,榮德里,1027,813735,792,581,362,983,680.95,85.94
台北市,萬華區,福星里,1613,1627327,1009,632,354,1155,1608.92,159.48
台北市,萬華區,和德里,1729,1357678,785,552,346,970,794.80,101.22
台北市,萬華區,萬壽里,1094,1171107,1070,676,353,1261,1306.62,122.06
台北市,萬華區,銘德里,1470,1302821,886,633,368,1078,915.31,103.28
台北市,萬華區,華江里,2613,2110445,808,584,348,1032,790.16,97.83
台北市,萬華區,錦德里,1662,1334430,803,599,358,999,724.25,90.20
台北市,萬華區,新忠里,1032,934237,905,635,359,1142,910.80,100.61
台北市,大同區,建泰里,1365,1578321,1156,729,392,1359,2054.80,177.71
台北市,大同區,建明里,1239,1580376,1276,603,331,1195,6086.52,477.18
台北市,大同區,雙連里,3024,2994463,990,674,376,1220,1242.28,125.45
台北市,大同區,建功里,1547,1775943,1148,658,355,1227,3995.42,348.04
台北市,大同區,景星里,762,618765,812,595,351,1031,799.42,98.45
台北市,大同區,星明里,2037,3077384,1511,757,403,1405,9862.85,652.85
台北市,大同區,朝陽里,1587,1787118,1126,646,358,1249,2072.91,184.08
台北市,大同區,大有里,1706,1727220,1012,620,352,1171,1453.05,143.52
台北市,大同區,斯文里,1677,1713199,1022,630,349,1137,2558.29,250.42
台北市,大同區,揚雅里,1175,1132356,964,611,348,1111,1607.32,166.78
台北市,大同區,國順里,767,584696,762,563,344,957,744.16,97.62
台北市,大同區,國慶里,1600,1789328,1118,696,397,1353,1573.56,140.71
台北市,大同區,隆和里,988,966843,979,646,364,1147,1158.65,118.40
台北市,大同區,南芳里,1338,1277784,955,651,368,1191,1009.02,105.66
台北市,大同區,鄰江里,2079,1772362,853,598,348,1041,949.32,111.36
台北市,大同區,玉泉里,1057,1206050,1141,679,371,1348,1585.72,138.98
台北市,大同區,光能里,1709,1695320,992,676,383,1232,1164.69,117.41
台北市,大同區,重慶里,2189,2421679,1106,706,386,1324,1706.16,154.22
台北市,大同區,至聖里,2805,2715930,968,643,365,1166,1175.23,121.38
台北市,大同區,老師里,1878,1610986,858,606,357,1085,858.62,100.09
台北市,大同區,蓬萊里,1755,2033373,1159,661,363,1266,2699.11,232.96
台北市,大同區,民權里,2179,2534397,1163,753,402,1464,1554.84,133.68
台北市,大同區,文昌里,1,631,631,631,631,631,0.00,0.00
台北市,大同區,延平里,1381,1324326,959,608,350,1192,1101.23,114.84
台北市,大同區,永樂里,1957,2706291,1383,677,360,1290,4576.58,330.95
台北市,大同區,保安里,1371,1566412,1143,640,363,1231,3665.58,320.83
台北市,中山區,聚盛里,1419,1354314,954,607,343,1136,1349.87,141.43
台北市,中山區,大佳里,304,258318,850,560,331,1039,1055.59,124.23
台北市,中山區,恆安里,1778,3226064,1814,723,363,1361,16255.06,895.87
台北市,中山區,集英里,2421,4089365,1689,746,382,1459,12233.34,724.24
台北市,中山區,正守里,1248,1491074,1195,724,382,1439,1702.43,142.49
台北市,中山區,正義里,1807,1927190,1067,618,328,1086,6565.49,615.60
台北市,中山區,新生里,1679,1649192,982,652,370,1251,1060.75,107.99
台北市,中山區,松江里,2436,4769704,1958,767,398,1483,13826.99,706.18
台北市,中山區,江山里,2913,3489888,1198,753,398,1451,1641.45,137.01
台北市,中山區,中山里,2543,2677165,1053,660,363,1227,1680.66,159.64
台北市,中山區,成功里,2561,7346640,2869,1157,530,2511,10022.55,349.38
台北市,中山區,下埤里,2885,3385521,1173,712,389,1338,2632.29,224.31
台北市,中山區,中原里,1891,2351224,1243,736,401,1379,2267.82,182.39
台北市,中山區,新庄里,1646,1448754,880,619,355,1134,937.62,106.53
台北市,中山區,江寧里,2661,3409967,1281,807,405,1617,1548.10,120.81
台北市,中山區,復華里,1780,2756300,1548,785,399,1649,2794.70,180.48
台北市,中山區,興亞里,2205,3050466,1383,748,368,1567,3123.45,225.78
台北市,中山區,朱園里,1888,4120465,2182,801,398,1636,13093.30,599.94
台北市,中山區,中央里,1362,2067638,1518,719,354,1384,9927.35,653.94
台北市,中山區,新福里,1786,2193764,1228,652,364,1189,9800.01,797.84
台北市,中山區,中庄里,1818,1853076,1019,648,374,1178,1444.59,141.73
台北市,中山區,康樂里,971,1079871,1112,700,349,1387,1522.02,136.86
台北市,中山區,行政里,2069,2061119,996,630,351,1200,2056.10,206.40
台北市,中山區,聚葉里,1426,1908797,1339,698,373,1258,9391.61,701.62
台北市,中山區,正得里,1482,2214075,1494,713,376,1457,6899.57,461.83
台北市,中山區,中吉里,2071,2965731,1432,796,400,1538,3466.61,242.08
台北市,中山區,新喜里,1847,1930761,1045,648,369,1230,2583.03,247.10
台北市,中山區,埤頭里,1289,1359078,1054,693,384,1302,1228.70,116.53
台北市,中山區,大直里,3370,4104938,1218,770,412,1467,1912.51,157.01
台北市,中山區,劍潭里,1186,1345541,1135,760,427,1397,1209.17,106.58
台北市,中山區,力行里,2397,4846700,2022,824,408,1686,7050.96,348.71
台北市,中山區,朱崙里,1059,1393164,1316,745,379,1489,2050.51,155.87
台北市,中山區,晴光里,2006,2608138,1300,706,365,1385,3356.74,258.18
台北市,中山區,永安里,3522,7227310,2052,984,469,2148,4585.75,223.47
台北市,中山區,圓山里,1476,1532567,1038,679,362,1243,1941.21,186.96
台北市,中山區,民安里,1676,2161257,1290,685,361,1350,3065.16,237.70
台北市,中山區,行孝里,1393,1249793,897,665,373,1154,856.22,95.43
台北市,中山區,龍洲里,1873,2213498,1182,717,370,1431,1552.30,131.35
台北市,中山區,行仁里,2696,2577901,956,657,373,1163,1544.23,161.50
台北市,中山區,朱馥里,2099,2347592,1118,700,380,1341,1707.21,152.64
台北市,中山區,金泰里,2790,6178587,2215,1041,497,2072,8921.71,402.87
台北市,中山區,北安里,973,1190305,1223,801,417,1480,1900.26,155.33
台北市,文山區,景美里,1831,2246798,1227,788,413,1528,1871.80,152.54
台北市,文山區,景行里,2431,2935400,1207,793,419,1440,1877.36,155.48
台北市,文山區,景仁里,1710,2168506,1268,825,432,1623,1456.67,114.87
台北市,文山區,萬有里,1992,2450989,1230,796,428,1575,1418.96,115.32
台北市,文山區,景慶里,2207,2250329,1020,720,397,1314,1016.88,99.73
台北市,文山區,萬隆里,2568,2950628,1149,790,410,1489,1221.91,106.35
台北市,文山區,萬祥里,1577,1644813,1043,735,397,1377,1082.46,103.78
台北市,文山區,萬年里,1968,2695024,1369,719,386,1421,8430.74,615.64
台北市,文山區,萬盛里,1700,1969750,1159,776,398,1486,1302.13,112.38
台北市,文山區,萬和里,1115,1363768,1223,798,446,1517,1321.07,108.01
台北市,文山區,興福里,1904,2096809,1101,735,401,1389,1423.59,129.27
台北市,文山區,興得里,2007,2014793,1004,709,402,1289,967.00,96.33
台北市,文山區,興豐里,1722,2209423,1283,800,408,1668,1562.01,121.74
台北市,文山區,興旺里,2988,3106792,1040,749,420,1375,982.94,94.54
台北市,文山區,興光里,1158,1484810,1282,755,411,1482,2271.19,177.13
台北市,文山區,興安里,2377,3153812,1327,816,426,1599,2374.67,178.98
台北市,文山區,興昌里,2451,3391592,1384,812,427,1673,2143.16,154.88
台北市,文山區,興泰里,1449,1624674,1121,749,399,1429,1229.67,109.67
台北市,文山區,興業里,1937,2189105,1130,757,393,1439,1433.37,126.83
台北市,文山區,景東里,2389,2787494,1167,799,434,1489,1551.09,132.93
台北市,文山區,景華里,1942,2198195,1132,753,405,1417,1221.71,107.93
台北市,文山區,興家里,2673,2613254,978,685,407,1237,1020.40,104.37
台北市,文山區,萬芳里,2789,3075959,1103,742,401,1377,1336.49,121.18
台北市,文山區,木柵里,3055,4385232,1435,842,415,1653,2333.50,162.56
台北市,文山區,博嘉里,1980,2729571,1379,771,416,1444,6973.36,505.84
台北市,文山區,樟腳里,1940,2607342,1344,746,407,1548,2473.84,184.07
台北市,文山區,老泉里,212,148932,703,538,289,911,624.34,88.87
台北市,文山區,木新里,3036,3190746,1051,662,382,1211,3612.93,343.77
台北市,文山區,指南里,1250,1489640,1192,754,374,1541,1594.49,133.80
台北市,文山區,華興里,3022,4042682,1338,823,423,1600,2050.92,153.31
台北市,文山區,順興里,2512,2615110,1041,687,384,1313,1308.63,125.70
台北市,文山區,萬興里,2892,4031734,1394,816,427,1769,1925.97,138.15
台北市,文山區,明興里,2438,2624094,1076,748,412,1422,1075.89,99.96
台北市,文山區,明義里,999,1003955,1005,625,346,1221,1173.52,116.77
台北市,文山區,試院里,2420,3150623,1302,798,412,1514,5303.16,407.34
台北市,文山區,樟新里,2013,2605959,1295,817,439,1568,1717.32,132.66
台北市,文山區,樟林里,2916,3145203,1079,736,414,1395,1201.59,111.40
台北市,文山區,忠順里,1480,1958396,1323,804,427,1662,1869.08,141.25
台北市,文山區,萬美里,2457,3375941,1374,739,393,1521,2706.57,196.98
台北市,文山區,興邦里,1745,1975250,1132,760,410,1449,1444.10,127.58
台北市,文山區,樟樹里,1620,1704414,1052,700,388,1284,1559.43,148.22
台北市,文山區,政大里,2535,4626146,1825,1213,561,2205,2569.72,140.81
台北市,文山區,樟文里,2084,2120418,1017,701,386,1323,1049.37,103.13
台北市,南港區,南港里,2074,2055937,991,669,387,1245,1054.12,106.34
台北市,南港區,三重里,2759,5308412,1924,988,462,2099,5009.53,260.37
台北市,南港區,新富里,1406,1263123,898,620,371,1093,997.01,110.98
台北市,南港區,中研里,3391,3674511,1084,722,414,1344,1490.30,137.53
台北市,南港區,鴻福里,1652,1700406,1029,706,395,1275,1180.46,114.69
台北市,南港區,東新里,2520,2525910,1002,661,380,1236,1366.52,136.33
台北市,南港區,西新里,1702,1547900,909,634,368,1096,1121.58,123.32
台北市,南港區,新光里,1301,1538325,1182,672,404,1206,6092.33,515.24
台北市,南港區,百福里,1816,1659343,914,665,394,1161,905.56,99.11
台北市,南港區,玉成里,1665,1617592,972,664,383,1226,1315.04,135.36
台北市,南港區,成福里,2695,2799611,1039,680,390,1283,1311.13,126.21
台北市,南港區,中南里,1217,982466,807,587,357,1003,829.33,102.73
台北市,南港區,舊庄里,2889,2461621,852,623,374,1060,846.70,99.37
台北市,南港區,九如里,2036,1958539,962,661,384,1206,1237.19,128.61
台北市,南港區,東明里,1729,2210282,1278,802,407,1557,1847.46,144.52
台北市,南港區,合成里,2341,2893845,1236,685,388,1290,2552.97,206.52
台北市,南港區,聯成里,1778,1631269,917,639,373,1194,888.75,96.87
台北市,南港區,萬福里,1614,1840487,1140,683,401,1315,1767.12,154.97
台北市,南港區,仁福里,1854,1869698,1008,694,401,1321,1057.86,104.90
台北市,南港區,重陽里,1944,3470197,1785,1044,509,2177,2911.24,163.09
台北市,內湖區,紫陽里,2985,3687365,1235,776,420,1538,1552.19,125.65
台北市,內湖區,紫星里,2856,3033828,1062,711,402,1349,1186.85,111.73
台北市,內湖區,湖興里,2793,3240612,1160,725,402,1350,3167.80,273.02
台北市,內湖區,大湖里,2121,3126741,1474,842,428,1696,2769.89,187.89
台北市,內湖區,紫雲里,1935,2069173,1069,745,402,1309,1209.39,113.10
台北市,內湖區,瑞陽里,2747,3312830,1206,784,419,1483,1717.02,142.38
台北市,內湖區,清白里,3270,5374194,1643,938,455,1935,2730.96,166.17
台北市,內湖區,港墘里,2217,2635631,1189,755,405,1453,1469.35,123.60
台北市,內湖區,西湖里,2630,2703314,1028,679,390,1235,1763.42,171.56
台北市,內湖區,石潭里,1524,2239801,1470,812,433,1639,2720.32,185.10
台北市,內湖區,葫洲里,2568,3661672,1426,898,481,1777,1970.50,138.20
台北市,內湖區,五分里,3514,3486194,992,722,423,1265,934.36,94.18
台北市,內湖區,內湖里,2282,2602373,1140,734,383,1439,1375.90,120.65
台北市,內湖區,週美里,2983,4626589,1551,780,426,1602,2888.30,186.22
台北市,內湖區,內溝里,1669,1637920,981,678,396,1238,984.46,100.31
台北市,內湖區,碧山里,2370,2687905,1134,742,408,1394,1705.58,150.39
台北市,內湖區,瑞光里,1670,1727758,1035,711,418,1317,1134.07,109.62
台北市,內湖區,金龍里,1836,1774522,967,693,405,1239,926.25,95.83
台北市,內湖區,行善里,2311,2291164,991,695,399,1293,933.08,94.12
台北市,內湖區,湖濱里,3081,4457920,1447,826,426,1688,2753.07,190.27
台北市,內湖區,東湖里,2679,2536036,947,677,409,1188,991.55,104.74
台北市,內湖區,樂康里,2939,2776646,945,708,424,1242,826.31,87.46
台北市,內湖區,西安里,2538,2813668,1109,724,408,1321,1526.05,137.65
台北市,內湖區,西康里,3539,4936051,1395,782,426,1549,3563.97,255.53
台北市,內湖區,港富里,3307,4048528,1224,754,424,1455,2466.78,201.50
台北市,內湖區,港華里,3222,4226217,1312,760,421,1461,2961.16,225.75
台北市,內湖區,港都里,2008,2469904,1230,724,412,1454,1945.40,158.16
台北市,內湖區,金瑞里,2259,2430889,1076,730,417,1339,1172.75,108.98
台北市,內湖區,湖元里,2091,2564973,1227,761,418,1414,2165.55,176.54
台北市,內湖區,安湖里,2741,3162944,1154,750,425,1429,1755.74,152.15
台北市,內湖區,秀湖里,2453,3851808,1570,836,432,1671,3207.80,204.29
台北市,內湖區,安泰里,1846,1693877,918,667,392,1165,908.90,99.05
台北市,內湖區,金湖里,3611,8201688,2271,1151,524,2447,5726.66,252.13
台北市,內湖區,康寧里,3039,3820412,1257,843,441,1639,1781.88,141.74
台北市,內湖區,明湖里,1879,2022834,1077,761,426,1439,1078.49,100.18
台北市,內湖區,蘆洲里,393,291304,741,550,364,848,717.78,96.84
台北市,內湖區,麗山里,2076,2555958,1231,790,431,1510,1788.85,145.29
台北市,內湖區,寶湖里,3352,7056977,2105,1194,530,2550,3059.03,145.30
台北市,內湖區,南湖里,1982,3419671,1725,1097,530,2114,2537.95,147.10
台北市,士林區,仁勇里,1257,1538233,1224,668,367,1266,7073.70,578.04
台北市,士林區,福林里,1038,2138602,2060,722,392,1436,16826.18,816.68
台北市,士林區,福志里,2864,3561725,1244,736,401,1533,1834.79,147.54
台北市,士林區,福德里,1549,1769100,1142,729,385,1442,1412.26,123.66
台北市,士林區,福佳里,2671,3176823,1189,713,388,1409,1733.33,145.73
台北市,士林區,舊佳里,2265,2632168,1162,709,366,1314,2251.69,193.76
台北市,士林區,富光里,1748,1373221,786,586,368,977,780.89,99.40
台北市,士林區,後港里,2827,2878008,1018,670,388,1256,1310.56,128.73
台北市,士林區,前港里,1555,1713038,1102,723,389,1373,1349.33,122.48
台北市,士林區,福中里,2344,2393028,1021,669,389,1288,1262.07,123.62
台北市,士林區,葫蘆里,2398,2128842,888,654,381,1129,989.27,111.43
台北市,士林區,福順里,1661,1460747,879,598,368,1075,1013.53,115.25
台北市,士林區,葫東里,1294,1163745,899,659,375,1102,1081.89,120.30
台北市,士林區,社新里,2723,2217587,814,592,372,1021,757.26,92.99
台北市,士林區,社子里,2003,1778569,888,608,372,1095,969.86,109.22
台北市,士林區,永倫里,2320,1895830,817,600,356,1031,833.84,102.04
台北市,士林區,翠山里,1008,1308000,1298,774,378,1487,2187.13,168.55
台北市,士林區,福安里,1218,920724,756,549,331,889,827.94,109.53
台北市,士林區,富洲里,1564,1186069,758,569,354,947,669.78,88.32
台北市,士林區,承德里,2058,2417879,1175,736,392,1399,1625.83,138.38
台北市,士林區,蘭雅里,3201,4237768,1324,765,406,1449,4041.07,305.24
台北市,士林區,德行里,1583,1848310,1168,699,360,1345,1815.58,155.50
台北市,士林區,忠誠里,2092,3305641,1580,754,387,1513,5562.49,352.03
台北市,士林區,三玉里,2169,3314898,1528,795,420,1509,4096.62,268.05
台北市,士林區,芝山里,2723,5111118,1877,753,418,1503,18473.05,984.17
台北市,士林區,岩山里,1162,1704520,1467,724,378,1447,6626.17,451.72
台北市,士林區,義信里,1074,1309160,1219,746,401,1360,1703.68,139.77
台北市,士林區,永福里,409,1567025,3831,804,407,1817,16679.89,435.35
台北市,士林區,新安里,647,3310193,5116,631,361,1421,56006.20,1094.68
台北市,士林區,公館里,422,706788,1675,663,383,1213,7069.91,422.12
台北市,士林區,陽明里,979,1894499,1935,721,378,1467,5394.27,278.75
台北市,士林區,菁山里,430,833259,1938,628,384,1116,20705.59,1068.50
台北市,士林區,平等里,387,508071,1313,617,372,991,9373.58,713.99
台北市,士林區,溪山里,362,385466,1065,556,344,961,3899.60,366.22
台北市,士林區,百齡里,2405,2169257,902,661,381,1162,913.75,101.30
台北市,士林區,天玉里,3164,5387966,1703,835,413,1696,4949.93,290.68
台北市,士林區,天福里,2269,2783852,1227,760,380,1490,1911.59,155.81
台北市,士林區,天祿里,1902,2435250,1280,763,403,1488,2195.63,171.48
台北市,士林區,天壽里,1906,4479613,2350,894,443,1876,17993.61,765.60
台北市,士林區,東山里,1779,3315550,1864,721,402,1468,12210.66,655.18
台北市,士林區,福華里,1904,1627360,855,621,386,1067,912.37,106.75
台北市,士林區,聖山里,1820,2476278,1361,800,425,1570,2225.49,163.57
台北市,士林區,天和里,2782,4103057,1475,817,408,1676,3737.22,253.40
台北市,士林區,明勝里,1773,1751747,988,666,369,1203,1067.68,108.06
台北市,士林區,社園里,2212,1811222,819,613,369,1050,717.06,87.57
台北市,士林區,蘭興里,2310,3130645,1355,785,409,1606,2297.23,169.51
台北市,士林區,天母里,2496,5824613,2334,864,421,1831,14804.57,634.41
台北市,士林區,名山里,2622,3364930,1283,769,397,1583,1701.48,132.58
台北市,士林區,德華里,1951,2147472,1101,683,374,1250,5486.45,498.45
台北市,士林區,天山里,2540,3294748,1297,759,374,1545,1793.96,138.30
台北市,士林區,臨溪里,1144,2494731,2181,860,427,1840,4679.40,214.58
台北市,北投區,湖山里,503,615426,1224,632,354,1196,5735.41,468.77
台北市,北投區,永欣里,3044,6213383,2041,1028,463,2290,6560.09,321.39
台北市,北投區,泉源里,702,706375,1006,573,361,944,3338.11,331.74
台北市,北投區,一德里,2451,2591100,1057,680,374,1243,1495.08,141.42
台北市,北投區,關渡里,3706,3845708,1038,674,390,1211,1507.76,145.30
台北市,北投區,桃源里,2143,2016804,941,648,377,1161,1032.55,109.72
台北市,北投區,文化里,1416,1562153,1103,767,401,1489,1144.86,103.77
台北市,北投區,永和里,3179,4941502,1554,810,408,1663,3682.03,236.87
台北市,北投區,立農里,2987,3138006,1051,743,416,1355,1078.63,102.67
台北市,北投區,清江里,2725,2590847,951,610,362,1105,1660.23,174.62
台北市,北投區,八仙里,1909,2075335,1087,683,377,1334,1418.32,130.46
台北市,北投區,洲美里,625,505933,809,596,369,978,754.89,93.25
台北市,北投區,中和里,1689,1846880,1093,676,375,1290,1838.58,168.14
台北市,北投區,開明里,2239,2666822,1191,681,381,1298,2574.94,216.19
台北市,北投區,長安里,2097,2088051,996,647,342,1214,1400.57,140.66
台北市,北投區,大同里,2012,2276575,1131,687,375,1306,1863.79,164.72
台北市,北投區,福興里,2344,2587584,1104,715,397,1377,1328.25,120.32
台北市,北投區,石牌里,1876,1916803,1022,695,393,1260,1079.18,105.62
台北市,北投區,奇岩里,3528,4456508,1263,713,389,1408,2068.54,163.76
台北市,北投區,稻香里,1703,1563921,918,655,377,1187,914.02,99.53
台北市,北投區,中央里,2930,3175652,1084,669,369,1300,1622.03,149.66
台北市,北投區,溫泉里,2324,2311960,995,634,361,1221,1335.81,134.28
台北市,北投區,立賢里,1806,1874163,1038,705,376,1338,1098.30,105.84
台北市,北投區,中心里,2224,2593740,1166,696,369,1347,2476.99,212.39
台北市,北投區,智仁里,1955,1768216,904,660,385,1107,850.95,94.08
台北市,北投區,吉利里,2300,2542991,1106,765,414,1440,1195.98,108.17
台北市,北投區,尊賢里,1556,1532199,985,727,404,1272,988.19,100.35
台北市,北投區,東華里,1514,1685853,1114,701,387,1375,1437.82,129.13
台北市,北投區,吉慶里,1756,1967339,1120,769,406,1459,1225.36,109.37
台北市,北投區,中庸里,1377,1234253,896,635,364,1142,959.34,107.03
台北市,北投區,秀山里,1010,854713,846,580,356,1041,855.19,101.06
台北市,北投區,建民里,1447,1753702,1212,729,384,1340,1815.27,149.78
台北市,北投區,榮光里,2315,2474062,1069,739,402,1327,1172.52,109.71
台北市,北投區,裕民里,2788,3645725,1308,767,407,1469,1901.52,145.41
台北市,北投區,振華里,2671,3135044,1174,781,403,1469,1414.95,120.55
台北市,北投區,榮華里,2729,4573164,1676,838,442,1655,6992.76,417.29
台北市,北投區,豐年里,1440,1259280,874,618,358,1099,902.76,103.23
台北市,北投區,林泉里,992,1137355,1147,659,368,1207,7967.94,694.96
台北市,北投區,永明里,1636,1990032,1216,779,434,1503,1613.75,132.67
台北市,北投區,文林里,1539,1861775,1210,760,413,1445,1680.45,138.91
台北市,北投區,大屯里,348,524614,1508,613,357,1059,7332.19,486.38
台北市,北投區,湖田里,257,286980,1117,560,330,1050,2622.68,234.87
台北市,信義區,松友里,2291,2447470,1068,739,408,1340,1229.59,115.10
台北市,信義區,六藝里,1201,1180919,983,713,391,1279,899.13,91.44
台北市,信義區,中興里,1324,1756490,1327,776,396,1517,1921.27,144.82
台北市,信義區,永吉里,1035,1128275,1090,615,356,1026,6807.08,624.43
台北市,信義區,敦厚里,1999,2302890,1152,753,397,1432,1393.43,120.96
台北市,信義區,大道里,2178,2297157,1055,704,415,1313,1232.43,116.85
台北市,信義區,安康里,3832,12596333,3287,998,470,2213,14630.01,445.07
台北市,信義區,嘉興里,1142,1146797,1004,678,369,1216,1376.16,137.04
台北市,信義區,五全里,1803,1951006,1082,679,380,1242,1858.45,171.75
台北市,信義區,新仁里,1230,1637137,1331,809,416,1630,2432.90,182.79
台北市,信義區,正和里,1656,2329343,1407,782,386,1642,2508.37,178.33
台北市,信義區,惠安里,2249,2265465,1007,686,397,1262,1238.92,122.99
台北市,信義區,三犁里,1957,4221331,2157,805,411,1655,10450.11,484.46
台北市,信義區,六合里,2457,3988163,1623,769,409,1520,12320.68,759.04
台北市,信義區,泰和里,2627,2688299,1023,692,385,1222,1653.55,161.58
台北市,信義區,西村里,1662,1837373,1106,762,380,1428,1254.64,113.49
台北市,信義區,興隆里,995,4212640,4234,818,381,1762,63125.05,1490.98
台北市,信義區,景新里,1848,4501015,2436,874,433,1765,15158.11,622.35
台北市,信義區,景聯里,1713,1846044,1078,708,387,1298,1262.93,117.19
台北市,信義區,景勤里,1332,1334292,1002,696,402,1244,1021.96,102.02
台北市,信義區,黎順里,1449,1668421,1151,752,398,1456,1417.99,123.15
台北市,信義區,黎平里,2553,2672533,1047,730,402,1361,1052.47,100.54
台北市,信義區,黎忠里,1621,1616229,997,706,406,1221,1004.81,100.78
台北市,信義區,松隆里,699,567884,812,621,377,1079,677.92,83.44
台北市,信義區,中坡里,1568,1614188,1029,665,404,1194,2091.75,203.19
台北市,信義區,永春里,1652,1584554,959,675,399,1198,977.75,101.94
台北市,信義區,富臺里,1552,1940117,1250,783,417,1553,1661.19,132.89
台北市,信義區,長春里,1378,1214094,881,636,366,1133,864.34,98.10
台北市,信義區,五常里,1294,1370973,1059,693,386,1294,1254.65,118.42
台北市,信義區,四維里,1897,2116201,1116,681,362,1292,2164.85,194.06
台北市,信義區,雅祥里,1749,2024428,1157,720,409,1340,1597.35,138.00
台北市,信義區,興雅里,2117,2491457,1177,745,389,1406,2033.79,172.81
台北市,信義區,廣居里,2795,3528136,1262,837,410,1597,1746.64,138.37
台北市,信義區,中行里,2622,2456576,937,663,384,1136,1156.63,123.45
台北市,信義區,四育里,1943,1882327,969,685,385,1249,1047.71,108.15
台北市,信義區,國業里,2584,3177741,1230,801,410,1541,1477.13,120.11
台北市,信義區,松光里,1780,1866300,1048,691,380,1355,1253.69,119.57
台北市,信義區,大仁里,1283,1172932,914,668,369,1170,890.93,97.45
台北市,信義區,雙和里,2492,2643390,1061,727,403,1341,1145.07,107.95
台北市,信義區,黎安里,445,389900,876,590,374,1002,1105.99,126.23
台北市,信義區,三張里,3116,4468451,1434,723,388,1375,6115.51,426.46
台中市,中區,繼光里,449,346598,772,528,310,914,854.17,110.65
台中市,中區,大墩里,647,704156,1088,562,302,1112,3288.68,302.17
台中市,中區,綠川里,530,434065,819,493,258,958,1598.70,195.20
台中市,中區,公園里,453,449636,993,528,280,1112,1590.50,160.24
台中市,中區,光復里,582,683425,1174,597,310,1107,3381.50,287.97
台中市,中區,柳川里,459,328938,717,526,282,914,793.57,110.73
台中市,中區,大誠里,628,548035,873,582,314,1024,1240.72,142.18
台中市,中區,中華里,470,405264,862,545,303,1159,1029.35,119.38
台中市,東區,新庄里,814,719804,884,581,341,1029,1006.06,113.77
台中市,東區,泉源里,552,441466,800,583,303,1077,715.50,89.46
台中市,東區,東門里,2362,1767696,748,552,318,911,810.36,108.28
台中市,東區,東勢里,676,489381,724,534,320,941,626.65,86.56
台中市,東區,合作里,1140,852093,747,586,352,942,673.03,90.04
台中市,東區,振興里,969,779186,804,572,303,1022,988.31,122.91
台中市,東區,東橋里,1190,903531,759,535,296,932,854.88,112.59
台中市,東區,旱溪里,694,745339,1074,559,308,941,7969.51,742.06
台中市,東區,樂成里,597,501363,840,603,329,1090,899.73,107.14
台中市,東區,干城里,676,573396,848,592,341,1021,1164.66,137.31
台中市,東區,東南里,1096,833248,760,560,334,930,741.51,97.53
台中市,東區,十甲里,1486,1239006,834,573,346,1048,925.60,111.01
台中市,東區,富臺里,440,287808,654,510,296,791,576.16,88.08
台中市,東區,富仁里,1179,1035461,878,609,325,1119,967.80,110.20
台中市,東區,東興里,976,800066,820,587,340,1004,953.79,116.35
台中市,東區,東信里,3004,2420213,806,565,333,982,2073.05,257.31
台中市,東區,東英里,2262,2040366,902,639,346,1138,1016.19,112.66
台中市,西區,民生里,657,690251,1051,701,374,1278,1527.57,145.40
台中市,西區,利民里,512,610570,1193,752,388,1497,1436.55,120.46
台中市,西區,三民里,641,793926,1239,811,409,1754,1210.70,97.75
台中市,西區,東昇里,862,878325,1019,716,383,1256,1043.39,102.40
台中市,西區,廣民里,456,440969,967,548,305,998,1862.99,192.65
台中市,西區,平和里,695,682249,982,681,351,1287,1020.82,103.99
台中市,西區,公民里,1770,1895007,1071,641,348,1259,1823.55,170.33
台中市,西區,公舘里,1907,1776045,931,609,347,1117,1171.79,125.82
台中市,西區,和龍里,635,514788,811,533,296,970,1029.61,127.00
台中市,西區,民龍里,1111,1219473,1098,670,351,1297,1419.95,129.36
台中市,西區,後龍里,1222,1586312,1298,666,339,1295,3634.38,279.97
台中市,西區,安龍里,1097,1350533,1231,653,361,1269,3518.02,285.76
台中市,西區,忠明里,2139,2838457,1327,640,339,1358,3766.80,283.86
台中市,西區,公正里,2345,2394956,1021,685,373,1247,1244.06,121.81
台中市,西區,昇平里,2012,2059003,1023,668,371,1183,1297.41,126.78
台中市,西區,土庫里,2110,2823544,1338,698,351,1404,2896.63,216.46
台中市,西區,藍興里,1444,1460006,1011,659,360,1251,1118.21,110.60
台中市,西區,吉龍里,2465,3102152,1258,684,356,1303,5618.63,446.46
台中市,西區,忠誠里,2145,2272121,1059,627,337,1123,2739.87,258.66
台中市,西區,公益里,912,680508,746,532,302,912,907.41,121.61
台中市,西區,中興里,1330,1854216,1394,642,334,1291,3727.41,267.36
台中市,西區,公平里,1800,2086500,1159,647,353,1209,5296.19,456.90
台中市,西區,公德里,1612,1736063,1077,696,381,1304,1431.56,132.93
台中市,西區,大忠里,1706,1874036,1098,759,400,1448,1129.16,102.79
台中市,西區,双龍里,953,980521,1029,602,326,1137,1676.98,162.99
台中市,南區,城隍里,1214,1011966,834,616,337,1045,893.38,107.17
台中市,南區,南門里,1285,1214973,946,638,362,1192,1072.98,113.48
台中市,南區,德義里,1062,951142,896,614,351,1132,880.56,98.32
台中市,南區,積善里,826,672632,814,582,344,1021,834.08,102.43
台中市,南區,江川里,1010,965100,956,634,339,1229,1056.76,110.59
台中市,南區,新榮里,1576,1405003,891,636,356,1144,1040.08,116.67
台中市,南區,福興里,1265,1051910,832,617,329,1084,769.49,92.54
台中市,南區,和平里,1374,1254308,913,660,365,1137,1222.47,133.91
台中市,南區,永興里,2704,2556180,945,676,376,1210,932.09,98.60
台中市,南區,樹義里,4058,3780097,932,692,384,1193,859.79,92.30
台中市,南區,樹德里,2921,2920085,1000,749,415,1296,1047.01,104.73
台中市,南區,西川里,1518,1423621,938,669,382,1233,876.70,93.48
台中市,南區,國光里,1329,1095980,825,604,339,1016,799.16,96.91
台中市,南區,福平里,1809,1475615,816,587,340,1020,809.81,99.28
台中市,南區,長榮里,937,762480,814,567,329,1007,788.80,96.93
台中市,南區,長春里,695,601892,866,586,328,1056,1233.13,142.39
台中市,南區,福順里,1935,1778261,919,645,376,1156,949.70,103.34
台中市,南區,平和里,1160,1042022,898,634,358,1121,931.17,103.66
台中市,南區,南和里,2315,2153633,930,650,378,1227,903.54,97.12
台中市,南區,永和里,1486,1288013,867,637,370,1101,845.85,97.59
台中市,南區,工學里,2385,2413493,1012,762,420,1309,897.75,88.72
台中市,南區,崇倫里,1906,1780849,934,694,406,1213,863.28,92.39
台中市,北區,光大里,592,438217,740,504,310,871,813.93,109.96
台中市,北區,新興里,447,334389,748,545,296,937,753.77,100.76
台中市,北區,錦村里,1093,910831,833,586,329,1031,827.07,99.25
台中市,北區,邱厝里,818,959317,1173,677,373,1325,1572.90,134.12
台中市,北區,賴厝里,1412,1443133,1022,660,359,1255,1176.89,115.15
台中市,北區,賴村里,1461,1361536,932,601,349,1063,2236.38,239.97
台中市,北區,淡溝里,1769,1981611,1120,678,370,1253,1575.99,140.69
台中市,北區,中達里,838,674645,805,561,321,995,899.44,111.72
台中市,北區,新北里,619,673278,1088,616,304,1236,1775.31,163.22
台中市,北區,樂英里,682,504965,740,545,301,883,1108.55,149.72
台中市,北區,錦洲里,1113,932602,838,582,325,949,1157.08,138.09
台中市,北區,金龍里,1321,991573,751,542,307,905,937.07,124.84
台中市,北區,文莊里,1025,806072,786,560,329,935,900.49,114.51
台中市,北區,金華里,912,1088679,1194,721,362,1397,2317.84,194.17
台中市,北區,五常里,422,355206,842,625,351,1049,821.59,97.61
台中市,北區,育德里,1266,1582396,1250,652,362,1299,2634.03,210.74
台中市,北區,頂厝里,1468,1528161,1041,644,339,1178,1705.21,163.81
台中市,北區,建興里,1868,1638200,877,587,331,1053,1102.55,125.72
台中市,北區,建成里,1671,1169434,700,541,326,872,605.13,86.47
台中市,北區,健行里,2226,3541305,1591,645,330,1197,21839.40,1372.78
台中市,北區,明德里,1937,1799350,929,625,349,1124,1107.34,119.20
台中市,北區,長青里,2051,1711748,835,599,343,1058,846.07,101.38
台中市,北區,賴興里,1402,1218360,869,606,324,1093,1107.79,127.48
台中市,北區,賴明里,1325,1101611,831,572,317,1019,1119.82,134.69
台中市,北區,錦祥里,1160,970428,837,585,331,1044,911.23,108.92
台中市,北區,建德里,1029,801242,779,557,312,934,1457.92,187.23
台中市,北區,崇德里,1205,1168688,970,638,342,1231,1121.79,115.66
台中市,北區,賴旺里,1323,1003263,758,549,312,967,766.92,101.13
台中市,北區,明新里,870,698575,803,577,313,962,1039.05,129.40
台中市,北區,立人里,1242,1054668,849,627,360,1071,784.79,92.42
台中市,北區,賴福里,1365,1749517,1282,768,381,1489,1940.93,151.43
台中市,北區,梅川里,1063,1090368,1026,645,340,1227,1208.77,117.84
台中市,北區,錦平里,616,566893,920,631,344,1189,945.36,102.72
台中市,北區,中正里,406,360640,888,603,317,1154,898.83,101.19
台中市,北區,大湖里,538,350507,651,533,306,815,559.27,85.84
台中市,北區,六合里,499,365558,733,538,289,952,724.16,98.85
台中市,西屯區,西安里,1705,1832527,1075,690,384,1303,1766.66,164.37
台中市,西屯區,西墩里,1926,2640154,1371,788,400,1614,2938.07,214.33
台中市,西屯區,潮洋里,1794,2555821,1425,838,418,1680,1928.00,135.33
台中市,西屯區,龍潭里,199,205873,1035,604,380,1196,1551.78,150.00
台中市,西屯區,惠來里,5461,13905890,2546,1067,486,2396,8641.03,339.34
台中市,西屯區,何安里,1835,1764236,961,646,360,1198,1092.83,113.67
台中市,西屯區,何厝里,1098,886549,807,587,332,1001,798.24,98.86
台中市,西屯區,上石里,1792,1808203,1009,742,399,1307,936.44,92.80
台中市,西屯區,大河里,1305,1127525,864,578,334,993,1021.73,118.25
台中市,西屯區,大石里,606,461210,761,574,350,1008,610.87,80.26
台中市,西屯區,港尾里,1569,1397347,891,619,354,1091,1039.99,116.77
台中市,西屯區,廣福里,719,617802,859,602,324,1047,1276.39,148.55
台中市,西屯區,林厝里,1137,1544670,1359,735,382,1635,2390.33,175.95
台中市,西屯區,永安里,4520,5203452,1151,765,428,1404,1479.98,128.56
台中市,西屯區,福安里,1025,1419354,1385,814,426,1536,4501.26,325.06
台中市,西屯區,協和里,1475,1555789,1055,640,378,1164,2317.59,219.72
台中市,西屯區,鵬程里,735,578524,787,615,350,1029,708.97,90.07
台中市,西屯區,逢甲里,1543,1348121,874,645,359,1111,914.26,104.64
台中市,西屯區,大福里,821,598785,729,538,328,922,662.27,90.80
台中市,西屯區,大鵬里,1528,1288844,843,593,355,1024,954.67,113.18
台中市,西屯區,西平里,1599,1503463,940,667,371,1256,914.84,97.30
台中市,西屯區,何仁里,2185,1971353,902,627,362,1172,1000.77,110.92
台中市,西屯區,何德里,1354,1283921,948,665,385,1202,1084.82,114.40
台中市,西屯區,何源里,2261,2026352,896,638,355,1122,903.78,100.84
台中市,西屯區,何南里,1691,1638017,969,650,356,1177,1102.18,113.78
台中市,西屯區,至善里,1573,1756772,1117,742,395,1436,2063.02,184.72
台中市,西屯區,上安里,1912,2094459,1095,791,439,1399,1056.38,96.44
台中市,西屯區,上德里,1560,1504147,964,647,390,1234,975.85,101.21
台中市,西屯區,逢福里,1826,1833487,1004,706,388,1264,979.99,97.60
台中市,西屯區,何明里,1293,1142391,884,603,351,1077,1004.12,113.65
台中市,西屯區,何成里,2669,2584011,968,663,366,1197,1065.22,110.03
台中市,西屯區,何福里,1533,1378697,899,643,353,1139,896.38,99.67
台中市,西屯區,福和里,1442,1354113,939,615,371,1061,1347.09,143.45
台中市,西屯區,福中里,1172,1179700,1007,646,384,1135,2524.86,250.84
台中市,西屯區,福恩里,1854,2171926,1171,789,422,1437,2760.42,235.64
台中市,西屯區,福聯里,1022,1216920,1191,691,404,1333,2056.23,172.69
台中市,西屯區,福瑞里,1073,1232619,1149,780,444,1372,1213.73,105.66
台中市,西屯區,福林里,2817,4015518,1425,932,467,1778,1711.74,120.08
台中市,西屯區,福雅里,2053,2487882,1212,752,421,1406,2794.13,230.57
台中市,南屯區,南屯里,3127,3580202,1145,764,408,1467,1332.12,116.35
台中市,南屯區,豐樂里,4266,5766741,1352,818,422,1678,2480.66,183.51
台中市,南屯區,楓樹里,1948,1973135,1013,681,397,1243,1032.83,101.97
台中市,南屯區,中和里,1381,1039013,752,570,342,938,736.13,97.84
台中市,南屯區,鎮平里,459,377705,823,595,361,993,800.95,97.33
台中市,南屯區,春社里,1869,1557449,833,637,378,1063,778.85,93.47
台中市,南屯區,文山里,3608,3440207,953,738,439,1204,1051.35,110.26
台中市,南屯區,新生里,392,479213,1222,678,384,1228,2635.37,215.58
台中市,南屯區,永定里,1608,1615829,1005,660,391,1227,1340.89,133.44
台中市,南屯區,三厝里,2330,2752927,1182,831,436,1480,1437.52,121.67
台中市,南屯區,溝墘里,2064,3344487,1620,780,385,1551,10334.16,637.76
台中市,南屯區,田心里,2173,2549414,1173,743,401,1428,1486.14,126.67
台中市,南屯區,春安里,204,198911,975,637,374,1081,1359.36,139.41
台中市,南屯區,黎明里,1541,1427755,927,644,373,1142,1068.65,115.34
台中市,南屯區,大同里,1687,1645303,975,684,360,1250,1029.58,105.57
台中市,南屯區,文心里,1338,1962345,1467,733,394,1375,6477.12,441.63
台中市,南屯區,同心里,1850,1880726,1017,671,373,1195,1539.49,151.43
台中市,南屯區,向心里,1680,2064697,1229,724,373,1502,1500.37,122.08
台中市,南屯區,大業里,2418,2716298,1123,744,381,1437,1229.54,109.45
台中市,南屯區,惠中里,2756,4582509,1663,848,421,1698,7466.17,449.03
台中市,南屯區,大誠里,1357,1483487,1093,706,397,1351,1167.70,106.81
台中市,南屯區,大興里,1522,1645011,1081,687,382,1292,1953.00,180.70
台中市,南屯區,寶山里,1888,1756097,930,706,412,1159,1108.47,119.17
台中市,南屯區,三和里,3086,4353311,1411,935,463,1701,3125.07,221.53
台中市,南屯區,三義里,2315,2917014,1260,879,463,1570,1644.64,130.52
台中市,北屯區,北屯里,1153,1106312,960,631,353,1121,1649.95,171.96
台中市,北屯區,三光里,2403,2002161,833,611,336,1055,841.24,100.97
台中市,北屯區,舊社里,1896,1611768,850,606,350,1054,922.23,108.49
台中市,北屯區,水景里,4684,4860935,1038,686,373,1250,1389.92,133.93
台中市,北屯區,軍功里,3960,3767950,952,665,373,1202,967.90,101.72
台中市,北屯區,和平里,3337,3190326,956,665,372,1191,1147.16,119.99
台中市,北屯區,平田里,1793,1514100,844,585,333,1056,881.16,104.35
台中市,北屯區,東山里,605,502437,830,587,327,1022,922.60,111.09
台中市,北屯區,大坑里,542,451036,832,526,331,926,1869.79,224.69
台中市,北屯區,民德里,222,186616,841,565,343,1055,804.44,95.70
台中市,北屯區,廍子里,3585,3804875,1061,768,413,1303,1534.19,144.55
台中市,北屯區,平和里,1835,1635238,891,624,351,1132,935.51,104.98
台中市,北屯區,民政里,249,266216,1069,550,305,877,1929.46,180.47
台中市,北屯區,松竹里,3074,3206313,1043,720,383,1338,1189.23,114.02
台中市,北屯區,仁美里,2915,3538454,1214,734,387,1374,4039.83,332.80
台中市,北屯區,仁和里,2828,3136001,1109,694,372,1405,1317.36,118.80
台中市,北屯區,四民里,468,345231,738,558,303,964,631.11,85.55
台中市,北屯區,同榮里,1749,1574724,900,615,347,1094,1825.51,202.75
台中市,北屯區,陳平里,1500,1276544,851,614,351,1082,1163.31,136.69
台中市,北屯區,后庄里,3418,3311905,969,669,364,1222,1310.68,135.27
台中市,北屯區,仁愛里,335,234607,700,489,293,869,689.15,98.41
台中市,北屯區,北興里,1071,816543,762,562,316,942,838.31,109.96
台中市,北屯區,東光里,1468,1167452,795,579,330,990,780.90,98.19
台中市,北屯區,新平里,1199,882945,736,519,307,904,779.45,105.85
台中市,北屯區,水湳里,2113,1866010,883,580,346,1021,1243.93,140.86
台中市,北屯區,平安里,1788,1568052,877,580,328,1016,1455.54,165.97
台中市,北屯區,平德里,2267,2083869,919,620,348,1117,979.30,106.54
台中市,北屯區,平順里,1089,880235,808,597,344,1035,738.57,91.37
台中市,北屯區,大德里,1583,1292991,817,601,348,1004,804.61,98.51
台中市,北屯區,松安里,1688,1379927,817,602,350,1030,756.95,92.59
台中市,北屯區,松茂里,1805,1548938,858,642,373,1089,801.63,93.42
台中市,北屯區,平心里,1654,1397103,845,600,349,1074,888.79,105.22
台中市,北屯區,平福里,1385,1494419,1079,717,389,1321,1367.06,126.70
台中市,北屯區,平昌里,1484,1319028,889,606,339,1082,979.98,110.26
台中市,北屯區,平陽里,1686,1551336,920,606,332,1080,1265.63,137.55
台中市,北屯區,忠平里,1315,1132614,861,610,343,1018,1369.64,159.02
台中市,北屯區,松勇里,1764,1572269,891,602,366,1082,1487.96,166.94
台中市,北屯區,松強里,2363,2651833,1122,757,387,1404,1486.84,132.49
台中市,北屯區,松和里,2022,1622930,803,584,347,1007,779.19,97.08
台中市,北屯區,平興里,2138,1846047,863,620,356,1073,923.95,107.01
台中市,北屯區,北京里,1023,903806,883,582,324,1001,1645.11,186.21
台中市,北屯區,三和里,1840,1422235,773,565,334,960,747.97,96.77
台中市,豐原區,豐原里,735,641559,873,571,321,1001,1386.66,158.86
台中市,豐原區,頂街里,341,278811,818,529,318,988,954.04,116.68
台中市,豐原區,中山里,325,444701,1368,611,310,1051,4324.78,316.07
台中市,豐原區,豐榮里,392,463387,1182,623,311,1103,4121.58,348.66
台中市,豐原區,下街里,235,209175,890,524,301,1174,1019.01,114.48
台中市,豐原區,豐西里,535,553319,1034,593,340,1065,3463.67,334.90
台中市,豐原區,葫蘆里,243,182629,752,523,302,960,760.09,101.13
台中市,豐原區,富春里,264,222179,842,514,285,939,1167.75,138.76
台中市,豐原區,東勢里,476,400901,842,574,355,1061,857.51,101.81
台中市,豐原區,西勢里,737,651769,884,616,344,1044,944.85,106.84
台中市,豐原區,圳寮里,397,309186,779,573,353,986,670.19,86.05
台中市,豐原區,大湳里,889,911227,1025,583,329,1001,4400.86,429.35
台中市,豐原區,東湳里,1226,878973,717,529,315,877,756.05,105.45
台中市,豐原區,西湳里,2838,2241430,790,561,346,937,914.57,115.80
台中市,豐原區,南陽里,3558,3078275,865,609,343,1070,963.51,111.37
台中市,豐原區,北陽里,4465,3751452,840,600,346,1023,1024.76,121.97
台中市,豐原區,東陽里,471,339548,721,532,340,815,898.73,124.67
台中市,豐原區,田心里,1957,1577868,806,575,329,1005,890.75,110.48
台中市,豐原區,鎌村里,1420,1019530,718,564,334,896,609.65,84.91
台中市,豐原區,社皮里,3179,2394762,753,567,334,941,710.46,94.31
台中市,豐原區,三村里,2124,1803225,849,600,359,1029,1054.81,124.25
台中市,豐原區,南村里,1791,1582850,884,554,329,1011,3066.70,347.00
台中市,豐原區,南田里,1047,717791,686,523,312,845,622.54,90.81
台中市,豐原區,南嵩里,1044,843610,808,558,340,874,2190.18,271.04
台中市,豐原區,翁明里,755,727377,963,573,324,951,3353.87,348.12
台中市,豐原區,翁子里,943,689349,731,539,330,869,814.67,111.44
台中市,豐原區,翁社里,655,472227,721,535,305,855,885.30,122.79
台中市,豐原區,朴子里,982,715026,728,510,307,846,1007.61,138.38
台中市,豐原區,豐田里,3235,2380655,736,553,332,940,657.12,89.29
台中市,豐原區,豐圳里,1085,832170,767,563,340,934,782.27,101.99
台中市,豐原區,北湳里,993,781272,787,558,333,992,719.18,91.41
台中市,豐原區,陽明里,917,772374,842,566,350,1003,860.20,102.13
台中市,豐原區,民生里,338,267684,792,587,322,957,859.01,108.47
台中市,豐原區,中陽里,1703,1363268,801,581,334,1040,762.53,95.26
台中市,豐原區,西安里,1748,1409059,806,582,340,1008,807.82,100.21
台中市,豐原區,中興里,932,727065,780,564,329,959,777.37,99.65
台中市,東勢區,北興里,404,292005,723,528,309,941,659.21,91.20
台中市,東勢區,中寧里,256,158174,618,467,278,805,533.20,86.30
台中市,東勢區,東安里,309,226082,732,530,281,915,705.97,96.49
台中市,東勢區,南平里,529,395486,748,578,335,915,669.89,89.60
台中市,東勢區,新盛里,1354,923890,682,552,318,873,569.41,83.45
台中市,東勢區,詒福里,357,257283,721,527,297,853,749.33,103.98
台中市,東勢區,下城里,187,132755,710,564,308,893,685.86,96.61
台中市,東勢區,上城里,238,185495,779,578,352,965,698.07,89.57
台中市,東勢區,慶東里,384,248011,646,493,293,826,606.82,93.95
台中市,東勢區,慶福里,218,143919,660,529,307,755,903.64,136.88
台中市,東勢區,隆興里,296,191031,645,500,319,772,545.05,84.45
台中市,東勢區,福隆里,930,639560,688,542,318,853,571.88,83.16
台中市,東勢區,中嵙里,382,265237,694,500,318,929,596.98,85.98
台中市,東勢區,上新里,281,181023,644,524,285,810,538.37,83.57
台中市,東勢區,廣興里,408,331029,811,574,345,1028,748.61,92.27
台中市,東勢區,粵寧里,582,405417,697,528,329,940,546.14,78.40
台中市,東勢區,下新里,447,298393,668,499,297,862,572.82,85.81
台中市,東勢區,興隆里,281,171962,612,518,327,743,425.82,69.58
台中市,東勢區,茂興里,419,243078,580,499,282,740,458.27,78.99
台中市,東勢區,泰興里,149,100202,672,552,366,856,498.14,74.07
台中市,東勢區,埤頭里,146,95577,655,516,310,814,602.53,92.04
台中市,東勢區,明正里,220,136115,619,489,311,818,472.71,76.40
台中市,東勢區,泰昌里,1023,795699,778,579,353,942,720.18,92.59
台中市,東勢區,延平里,628,467829,745,542,300,949,784.15,105.26
台中市,東勢區,東新里,552,392190,710,526,315,906,610.80,85.97
台中市,大甲區,朝陽里,471,389064,826,583,343,987,898.33,108.75
台中市,大甲區,大甲里,379,359457,948,553,310,1073,1880.12,198.23
台中市,大甲區,順天里,492,398046,809,525,305,972,942.43,116.49
台中市,大甲區,孔門里,233,479841,2059,570,357,1113,10472.34,508.51
台中市,大甲區,岷山里,677,550866,814,563,340,963,1036.36,127.37
台中市,大甲區,中山里,1327,1025888,773,567,344,956,877.49,113.50
台中市,大甲區,南陽里,228,170140,746,485,314,884,762.71,102.21
台中市,大甲區,薰風里,266,258266,971,567,325,1106,1478.75,152.30
台中市,大甲區,義和里,978,774996,792,585,355,958,807.70,101.93
台中市,大甲區,武陵里,346,253568,733,568,358,880,648.41,88.48
台中市,大甲區,文曲里,293,190431,650,504,348,810,599.85,92.29
台中市,大甲區,平安里,686,559312,815,571,354,1017,806.08,98.87
台中市,大甲區,庄美里,730,668023,915,550,332,993,1472.03,160.86
台中市,大甲區,武曲里,584,707630,1212,559,330,889,4042.27,333.60
台中市,大甲區,文武里,1798,1503648,836,598,345,1028,895.36,107.06
台中市,大甲區,奉化里,658,573309,871,594,365,1136,814.96,93.54
台中市,大甲區,德化里,559,385566,690,548,318,892,564.28,81.81
台中市,大甲區,江南里,425,326086,767,539,336,913,839.37,109.40
台中市,大甲區,頂店里,1464,1199498,819,590,348,974,1122.85,137.05
台中市,大甲區,太白里,365,241217,661,501,323,820,581.68,88.02
台中市,大甲區,孟春里,1235,868384,703,533,347,888,579.62,82.43
台中市,大甲區,幸福里,728,513471,705,510,330,832,726.30,102.98
台中市,大甲區,日南里,1888,1316607,697,536,348,844,785.44,112.63
台中市,大甲區,龍泉里,438,276332,631,474,329,793,526.05,83.38
台中市,大甲區,銅安里,407,269793,663,518,334,835,542.34,81.82
台中市,大甲區,西岐里,499,372055,746,522,344,846,1203.63,161.43
台中市,大甲區,福德里,296,190610,644,492,327,758,536.54,83.32
台中市,大甲區,建興里,385,241878,628,488,322,784,494.63,78.73
台中市,大甲區,新美里,1055,812612,770,546,345,917,755.78,98.12
台中市,清水區,鰲峰里,305,252226,827,625,306,1085,842.28,101.85
台中市,清水區,靈泉里,350,294382,841,602,363,1043,780.46,92.79
台中市,清水區,清水里,743,586455,789,570,329,1056,774.25,98.09
台中市,清水區,南寧里,594,502207,845,609,337,1029,972.49,115.02
台中市,清水區,西寧里,503,341714,679,527,331,819,688.42,101.33
台中市,清水區,北寧里,213,147392,692,511,293,869,621.60,89.83
台中市,清水區,中興里,114,93668,822,599,392,973,871.26,106.04
台中市,清水區,西社里,750,635416,847,607,377,1022,800.32,94.46
台中市,清水區,南社里,3188,2680789,841,630,368,1098,745.44,88.65
台中市,清水區,裕嘉里,488,324097,664,498,322,875,567.80,85.50
台中市,清水區,臨江里,455,335801,738,534,329,824,1226.31,166.16
台中市,清水區,秀水里,1410,1029367,730,560,352,911,642.18,87.96
台中市,清水區,武鹿里,1034,781243,756,568,351,944,640.08,84.72
台中市,清水區,海濱里,523,363394,695,510,336,801,1021.76,147.05
台中市,清水區,槺榔里,1657,1307735,789,612,379,1015,723.54,91.68
台中市,清水區,中社里,919,714267,777,638,374,996,619.33,79.69
台中市,清水區,高西里,314,180618,575,428,274,682,555.92,96.64
台中市,清水區,高南里,342,242370,709,503,316,833,806.95,113.87
台中市,清水區,高東里,308,218964,711,527,329,822,925.53,130.19
台中市,清水區,高北里,321,199503,622,500,324,767,499.41,80.35
台中市,清水區,高美里,317,220911,697,532,328,889,561.80,80.62
台中市,清水區,國姓里,621,411693,663,504,317,816,647.85,97.72
台中市,清水區,菁埔里,663,426706,644,512,337,769,524.42,81.48
台中市,清水區,頂湳里,454,317618,700,521,331,832,635.37,90.82
台中市,清水區,田寮里,690,447105,648,509,312,821,493.84,76.21
台中市,清水區,橋頭里,2396,1813333,757,566,352,957,678.25,89.62
台中市,清水區,下湳里,920,649280,706,517,320,842,655.41,92.87
台中市,清水區,東山里,329,201237,612,487,327,745,498.53,81.50
台中市,清水區,楊厝里,288,165598,575,481,289,692,442.05,76.88
台中市,清水區,海風里,394,258637,656,511,329,778,582.26,88.70
台中市,清水區,吳厝里,385,230565,599,509,336,720,389.34,65.01
台中市,清水區,文昌里,246,188333,766,533,307,922,898.40,117.35
台中市,沙鹿區,居仁里,449,507612,1131,592,366,1104,2815.55,249.04
台中市,沙鹿區,洛泉里,668,651229,975,586,346,1083,1434.79,147.17
台中市,沙鹿區,沙鹿里,354,504889,1426,686,370,1479,2435.80,170.78
台中市,沙鹿區,美仁里,135,240170,1779,574,302,1056,9540.63,536.28
台中市,沙鹿區,興仁里,807,606977,752,534,332,876,770.38,102.43
台中市,沙鹿區,斗抵里,1411,1168003,828,606,359,1050,889.16,107.41
台中市,沙鹿區,鹿峰里,1614,1376211,853,616,367,1031,881.54,103.39
台中市,沙鹿區,鹿寮里,2155,1799673,835,601,349,1025,859.21,102.88
台中市,沙鹿區,竹林里,2416,2028546,840,609,364,1050,803.01,95.64
台中市,沙鹿區,犂分里,339,239575,707,593,323,885,574.96,81.36
台中市,沙鹿區,福興里,1135,964168,849,635,380,1049,910.00,107.12
台中市,沙鹿區,北勢里,1465,1296959,885,615,374,1097,928.65,104.90
台中市,沙鹿區,晉江里,508,435575,857,574,354,1023,1016.22,118.52
台中市,沙鹿區,六路里,1705,1562934,917,660,379,1161,881.07,96.12
台中市,沙鹿區,南勢里,1073,966432,901,667,382,1082,1494.72,165.95
台中市,沙鹿區,埔子里,1871,1875457,1002,743,414,1301,926.37,92.42
台中市,沙鹿區,公明里,1299,993080,764,612,373,976,608.84,79.64
台中市,沙鹿區,西勢里,558,327377,587,501,302,767,421.72,71.88
台中市,沙鹿區,清泉里,761,600404,789,659,384,1020,660.73,83.75
台中市,沙鹿區,興安里,1174,1065491,908,610,357,1039,1295.12,142.70
台中市,沙鹿區,三鹿里,2438,2108314,865,686,416,1116,745.62,86.22
台中市,梧棲區,頂寮里,1005,742826,739,584,372,899,673.92,91.18
台中市,梧棲區,下寮里,613,443194,723,581,363,924,594.81,82.27
台中市,梧棲區,中正里,1298,1021566,787,588,364,978,742.24,94.31
台中市,梧棲區,中和里,162,144621,893,623,363,1075,904.34,101.30
台中市,梧棲區,文化里,391,314908,805,592,340,1003,780.58,96.92
台中市,梧棲區,安仁里,234,163561,699,544,346,889,593.80,84.95
台中市,梧棲區,草湳里,2022,1483233,734,579,356,901,645.55,88.00
台中市,梧棲區,南簡里,1716,1358391,792,621,370,1013,646.18,81.63
台中市,梧棲區,福德里,1442,1140464,791,611,362,1036,648.04,81.94
台中市,梧棲區,大庄里,2480,1952100,787,599,362,991,806.73,102.49
台中市,梧棲區,大村里,1919,1523898,794,590,358,987,781.04,98.35
台中市,梧棲區,永寧里,737,537384,729,552,345,860,717.74,98.44
台中市,梧棲區,永安里,806,657219,815,537,334,906,2531.63,310.47
台中市,梧棲區,興農里,760,581084,765,581,354,935,654.78,85.64
台中市,神岡區,神岡里,979,695770,711,542,338,881,612.23,86.15
台中市,神岡區,庄前里,707,539606,763,554,346,912,717.30,93.98
台中市,神岡區,庄後里,639,426681,668,512,314,854,575.38,86.17
台中市,神岡區,北庄里,839,604211,720,526,335,849,708.97,98.45
台中市,神岡區,圳前里,658,471145,716,541,335,838,866.13,120.96
台中市,神岡區,圳堵里,539,365585,678,526,333,860,555.91,81.96
台中市,神岡區,新庄里,1103,744564,675,535,342,805,642.99,95.25
台中市,神岡區,山皮里,266,181822,684,482,299,776,907.70,132.79
台中市,神岡區,社口里,2315,1714194,740,563,343,899,720.09,97.25
台中市,神岡區,社南里,1710,1226765,717,534,322,897,651.30,90.79
台中市,神岡區,三角里,797,609449,765,537,317,857,931.02,121.75
台中市,神岡區,大社里,1381,1012679,733,552,329,927,648.08,88.38
台中市,神岡區,岸裡里,996,741683,745,522,322,879,1072.62,144.04
台中市,神岡區,豐洲里,2358,1700563,721,530,316,892,680.62,94.37
台中市,神岡區,神洲里,874,585687,670,493,314,797,660.89,98.62
台中市,神岡區,溪洲里,796,497053,624,463,301,749,743.50,119.07
台中市,后里區,廣福里,427,280304,656,536,363,800,501.29,76.36
台中市,后里區,仁里里,217,146077,673,539,334,914,580.91,86.29
台中市,后里區,義里里,923,699952,758,582,338,926,704.59,92.91
台中市,后里區,后里里,1107,847458,766,601,346,943,746.11,97.46
台中市,后里區,厚里里,641,457317,713,538,337,862,705.36,98.87
台中市,后里區,墩東里,1390,1088873,783,583,357,994,722.04,92.17
台中市,后里區,墩西里,548,409958,748,578,328,983,624.53,83.48
台中市,后里區,墩南里,1001,754674,754,576,351,938,753.53,99.95
台中市,后里區,墩北里,1100,861185,783,576,334,937,1323.31,169.03
台中市,后里區,中和里,766,540798,706,534,333,918,604.85,85.67
台中市,后里區,舊社里,560,378789,676,530,319,899,542.46,80.20
台中市,后里區,聯合里,393,277811,707,549,347,828,700.04,99.03
台中市,后里區,太平里,562,391592,697,578,350,899,495.05,71.05
台中市,后里區,眉山里,912,688430,755,569,342,959,628.88,83.31
台中市,后里區,月眉里,540,390291,723,573,334,916,584.09,80.81
台中市,后里區,公館里,503,329025,654,519,323,821,548.81,83.90
台中市,后里區,泰安里,313,219218,700,547,328,850,667.65,95.33
台中市,后里區,義德里,786,568483,723,574,355,898,588.80,81.41
台中市,大雅區,大雅里,1458,1204760,826,584,349,999,935.42,113.20
台中市,大雅區,員林里,2996,2496016,833,611,359,1029,864.27,103.74
台中市,大雅區,六寶里,1686,1208138,717,560,346,879,624.97,87.22
台中市,大雅區,秀山里,963,719787,747,567,350,920,674.49,90.24
台中市,大雅區,橫山里,1371,1175032,857,597,367,1057,930.04,108.51
台中市,大雅區,三和里,1748,1466731,839,596,371,1022,835.16,99.53
台中市,大雅區,西寶里,1517,1180182,778,584,351,962,745.66,95.85
台中市,大雅區,上楓里,2016,1485763,737,553,340,907,682.57,92.62
台中市,大雅區,忠義里,855,609267,713,574,360,889,545.51,76.55
台中市,大雅區,四德里,1564,1358277,868,621,358,1044,1267.74,145.97
台中市,大雅區,上雅里,1955,1710065,875,621,374,1092,819.51,93.69
台中市,大雅區,二和里,1935,1669909,863,619,369,1076,816.12,94.57
台中市,大雅區,文雅里,1881,1574209,837,594,362,1021,1109.26,132.54
台中市,大雅區,大楓里,1510,1045419,692,516,328,859,649.44,93.80
台中市,大雅區,雅楓里,1095,757586,692,520,328,826,867.03,125.32
台中市,潭子區,潭秀里,454,431364,950,594,342,1081,1755.17,184.73
台中市,潭子區,潭北里,745,595767,800,543,332,958,999.62,125.00
台中市,潭子區,潭陽里,3504,2579564,736,556,348,919,696.21,94.57
台中市,潭子區,福仁里,3236,2364940,731,572,352,925,605.56,82.86
台中市,潭子區,頭家里,1675,1304000,779,609,377,987,683.14,87.75
台中市,潭子區,甘蔗里,3151,2547513,808,600,361,1015,781.65,96.68
台中市,潭子區,東寶里,3962,2949670,744,559,338,919,699.87,94.01
台中市,潭子區,大富里,901,730506,811,609,343,1021,829.99,102.37
台中市,潭子區,大豐里,2057,1786439,868,627,368,1074,922.49,106.22
台中市,潭子區,栗林里,1605,1185483,739,547,333,872,717.48,97.14
台中市,潭子區,嘉仁里,1156,839225,726,546,353,903,650.81,89.65
台中市,潭子區,新田里,397,263225,663,486,324,783,609.79,91.97
台中市,潭子區,聚興里,1154,901236,781,566,340,952,830.56,106.35
台中市,潭子區,頭家東里,1344,1108980,825,632,376,990,774.64,93.88
台中市,潭子區,家興里,2203,1836082,833,651,374,1079,697.33,83.67
台中市,潭子區,家福里,1424,1160818,815,621,373,1057,684.86,84.01
台中市,新社區,新社里,902,654638,726,558,350,927,584.98,80.60
台中市,新社區,復盛里,406,307761,758,576,340,961,798.49,105.34
台中市,新社區,中正里,329,245505,746,543,326,971,765.89,102.64
台中市,新社區,月湖里,203,138713,683,514,339,818,633.87,92.76
台中市,新社區,崑山里,180,117866,655,527,338,838,481.42,73.52
台中市,新社區,慶西里,143,90644,634,466,276,745,589.45,92.99
台中市,新社區,東興里,261,187818,720,560,349,817,659.67,91.67
台中市,新社區,大南里,414,304210,735,539,329,886,751.69,102.30
台中市,新社區,協成里,494,303001,613,512,297,752,487.13,79.42
台中市,新社區,永源里,523,379997,727,550,306,900,702.77,96.72
台中市,新社區,中和里,85,56755,668,514,315,787,544.55,81.56
台中市,新社區,福興里,195,116993,600,487,325,746,433.36,72.23
台中市,新社區,中興里,104,64413,619,468,300,726,537.37,86.76
台中市,石岡區,石岡里,332,235620,710,534,323,831,772.48,108.85
台中市,石岡區,萬安里,430,324012,754,559,347,936,697.31,92.54
台中市,石岡區,九房里,338,242305,717,542,337,860,692.02,96.53
台中市,石岡區,金星里,314,209725,668,506,302,886,554.66,83.04
台中市,石岡區,龍興里,156,104691,671,466,305,866,594.35,88.57
台中市,石岡區,和盛里,320,217653,680,502,320,875,611.40,89.89
台中市,石岡區,德興里,431,300099,696,580,330,865,655.69,94.17
台中市,石岡區,土牛里,279,187361,672,491,316,837,551.58,82.14
台中市,石岡區,梅子里,496,378169,762,527,340,890,852.27,111.78
台中市,石岡區,萬興里,442,343785,778,529,319,878,1870.39,240.47
台中市,外埔區,永豐里,292,217753,746,496,324,812,1063.82,142.65
台中市,外埔區,六分里,635,449810,708,574,360,928,512.08,72.29
台中市,外埔區,三崁里,481,346082,720,600,347,926,663.94,92.28
台中市,外埔區,大同里,1415,1098370,776,583,360,945,758.46,97.71
台中市,外埔區,水美里,1041,953832,916,572,351,940,3700.32,403.85
台中市,外埔區,大東里,1841,1339277,727,584,368,926,548.11,75.34
台中市,外埔區,馬鳴里,372,247603,666,499,338,778,648.59,97.44
台中市,外埔區,中山里,347,257057,741,529,338,900,677.31,91.43
台中市,外埔區,鐵山里,532,370176,696,552,350,825,617.12,88.69
台中市,外埔區,土城里,407,275847,678,541,345,852,737.88,108.87
台中市,外埔區,廍子里,276,179340,650,463,318,763,642.53,98.88
台中市,大安區,東安里,381,240203,630,499,323,784,514.42,81.59
台中市,大安區,南埔里,244,153764,630,525,306,803,482.21,76.52
台中市,大安區,南庄里,245,168534,688,542,330,864,602.20,87.54
台中市,大安區,中庄里,754,521823,692,522,314,817,729.74,105.44
台中市,大安區,龜売里,428,287825,672,519,329,785,599.43,89.14
台中市,大安區,福興里,322,216690,673,551,312,844,527.10,78.33
台中市,大安區,頂安里,219,150532,687,511,301,837,759.02,110.43
台中市,大安區,永安里,424,265754,627,518,322,811,490.23,78.21
台中市,大安區,福住里,241,164850,684,533,359,852,563.36,82.36
台中市,大安區,海墘里,373,253794,680,481,304,836,635.09,93.34
台中市,大安區,西安里,514,344746,671,506,319,816,574.99,85.73
台中市,大安區,松雅里,261,213306,817,618,365,1019,756.24,92.53
台中市,烏日區,烏日里,2944,2461047,836,624,361,1050,806.00,96.42
台中市,烏日區,湖日里,706,514728,729,561,345,890,690.13,94.66
台中市,烏日區,三和里,1438,1239710,862,640,386,1085,784.69,91.02
台中市,烏日區,榮泉里,1710,1462541,855,664,380,1111,770.85,90.13
台中市,烏日區,學田里,709,1276649,1801,562,344,989,18907.60,1050.05
台中市,烏日區,九德里,4082,3131495,767,587,351,950,747.32,97.42
台中市,烏日區,前竹里,762,590259,775,519,322,887,1468.80,189.62
台中市,烏日區,五光里,483,349456,724,539,299,916,676.65,93.52
台中市,烏日區,光明里,694,457520,659,493,303,814,672.16,101.96
台中市,烏日區,東園里,605,447433,740,538,322,863,737.31,99.70
台中市,烏日區,溪埧里,1363,980378,719,531,331,865,697.11,96.92
台中市,烏日區,螺潭里,668,509105,762,548,325,952,790.80,103.76
台中市,烏日區,北里里,508,398697,785,531,334,928,803.38,102.36
台中市,烏日區,南里里,409,276649,676,521,302,818,626.83,92.67
台中市,烏日區,溪尾里,162,118672,733,549,336,760,1777.34,242.63
台中市,烏日區,仁德里,2542,2216732,872,638,375,1086,1025.65,117.61
台中市,大肚區,王田里,1345,946067,703,537,333,851,717.11,101.95
台中市,大肚區,中和里,270,189720,703,584,331,913,544.11,77.44
台中市,大肚區,福山里,1129,789411,699,536,336,871,748.12,106.99
台中市,大肚區,社腳里,785,545300,695,530,348,853,757.63,109.07
台中市,大肚區,營埔里,446,313646,703,517,326,811,1230.87,175.03
台中市,大肚區,新興里,826,540685,655,513,338,813,563.25,86.05
台中市,大肚區,大東里,969,727659,751,606,369,970,626.89,83.48
台中市,大肚區,大肚里,763,679204,890,623,369,1146,875.44,98.34
台中市,大肚區,永和里,248,174681,704,537,324,941,618.49,87.81
台中市,大肚區,磺溪里,531,413994,780,607,351,1000,673.11,86.33
台中市,大肚區,永順里,492,329427,670,516,321,818,582.19,86.95
台中市,大肚區,成功里,280,207832,742,601,361,927,604.53,81.44
台中市,大肚區,頂街里,2493,1998276,802,626,382,1032,662.74,82.68
台中市,大肚區,山陽里,437,307880,705,545,348,827,634.78,90.10
台中市,大肚區,瑞井里,1543,1070841,694,548,346,844,712.16,102.62
台中市,大肚區,蔗廍里,1476,1047117,709,554,360,846,623.46,87.88
台中市,大肚區,自強里,1033,698323,676,545,351,842,509.12,75.31
台中市,龍井區,竹坑里,993,706386,711,556,343,888,601.80,84.60
台中市,龍井區,龍東里,897,665259,742,569,363,913,695.25,93.74
台中市,龍井區,龍西里,577,419708,727,571,378,947,542.40,74.57
台中市,龍井區,田中里,1101,789572,717,568,342,933,570.94,79.61
台中市,龍井區,福田里,301,204381,679,521,348,869,498.59,73.43
台中市,龍井區,麗水里,677,463540,685,539,343,901,510.57,74.57
台中市,龍井區,龍津里,1609,1150336,715,558,343,901,665.81,93.13
台中市,龍井區,三德里,951,624758,657,508,314,825,535.68,81.54
台中市,龍井區,忠和里,1730,1351363,781,579,350,982,743.22,95.15
台中市,龍井區,山腳里,1840,1357814,738,579,348,970,598.71,81.13
台中市,龍井區,龍泉里,2488,2149643,864,676,392,1099,767.40,88.82
台中市,龍井區,龍崗里,845,627523,743,548,336,889,728.26,98.07
台中市,龍井區,新庄里,1872,1412153,754,570,348,957,675.01,89.48
台中市,龍井區,南寮里,431,302547,702,556,361,845,577.54,82.27
台中市,龍井區,新東里,1534,1476451,962,585,345,1012,5912.52,614.30
台中市,龍井區,東海里,2909,3448701,1186,672,378,1215,11486.08,968.86
台中市,霧峰區,桐林里,258,190150,737,529,291,911,764.02,103.66
台中市,霧峰區,吉峰里,2913,2216092,761,522,320,863,1600.03,210.32
台中市,霧峰區,甲寅里,1394,993198,712,525,324,882,686.69,96.38
台中市,霧峰區,本鄉里,719,569687,792,572,323,958,831.12,104.90
台中市,霧峰區,中正里,631,500156,793,569,356,980,1246.17,157.22
台中市,霧峰區,錦榮里,333,254498,764,569,316,1016,671.64,87.88
台中市,霧峰區,本堂里,1945,1583300,814,594,341,999,845.81,103.90
台中市,霧峰區,坑口里,880,599755,682,530,323,861,658.42,96.61
台中市,霧峰區,北柳里,1169,923195,790,563,343,978,1070.06,135.50
台中市,霧峰區,南柳里,524,349609,667,509,302,801,579.76,86.90
台中市,霧峰區,四德里,683,513818,752,525,327,845,818.65,108.82
台中市,霧峰區,五福里,725,501566,692,512,319,886,635.85,91.91
台中市,霧峰區,萬豐里,732,526086,719,494,312,805,1937.16,269.54
台中市,霧峰區,舊正里,571,398817,698,543,331,937,561.62,80.41
台中市,霧峰區,峰谷里,282,184494,654,513,327,758,534.76,81.74
台中市,霧峰區,六股里,648,416038,642,516,324,832,492.52,76.71
台中市,霧峰區,丁臺里,633,442197,699,528,309,825,679.14,97.22
台中市,霧峰區,北勢里,534,383657,718,548,325,866,627.26,87.31
台中市,霧峰區,南勢里,301,204761,680,516,320,789,711.48,104.59
台中市,霧峰區,萊園里,282,206271,731,496,338,919,676.10,92.43
台中市,太平區,太平里,1871,1399131,748,504,302,860,994.75,133.02
台中市,太平區,中平里,1215,880192,724,534,314,844,1409.07,194.51
台中市,太平區,東平里,1204,871259,724,546,337,852,1238.20,171.11
台中市,太平區,坪林里,879,631846,719,537,323,892,649.59,90.37
台中市,太平區,新光里,2149,1645818,766,564,332,936,844.45,110.26
台中市,太平區,頭汴里,407,241064,592,433,254,710,681.94,115.14
台中市,太平區,東汴里,205,112714,550,431,279,671,449.75,81.80
台中市,太平區,興隆里,752,472284,628,470,289,771,608.27,96.85
台中市,太平區,光隆里,840,546156,650,504,322,806,548.27,84.33
台中市,太平區,黃竹里,101,66415,658,533,288,923,496.42,75.49
台中市,太平區,中興里,1129,801302,710,553,314,871,695.81,98.04
台中市,太平區,建國里,865,587277,679,507,292,798,713.31,105.06
台中市,太平區,光華里,1473,1042670,708,555,331,869,661.83,93.50
台中市,太平區,中山里,854,600509,703,547,334,880,576.34,81.96
台中市,太平區,宜欣里,1731,1125510,650,518,312,829,567.83,87.33
台中市,太平區,新坪里,2185,1739049,796,589,355,998,781.04,98.13
台中市,太平區,新福里,1846,1561007,846,625,367,1081,751.73,88.90
台中市,太平區,長億里,1737,1224602,705,559,336,899,596.64,84.63
台中市,太平區,德隆里,1363,977371,717,493,318,784,2352.50,328.07
台中市,太平區,永成里,1928,1325445,687,531,317,873,612.78,89.13
台中市,太平區,中政里,1022,676910,662,536,319,848,544.25,82.17
台中市,太平區,平安里,653,403144,617,505,308,809,461.40,74.74
台中市,太平區,永平里,1215,926845,763,561,329,922,834.43,109.39
台中市,太平區,建興里,766,490286,640,526,315,766,587.47,91.78
台中市,太平區,成功里,1031,706499,685,533,305,839,637.41,93.02
台中市,太平區,東和里,790,564117,714,523,324,883,672.83,94.22
台中市,太平區,宜佳里,1755,1257608,717,538,330,880,651.86,90.97
台中市,太平區,宜昌里,1092,766278,702,545,332,881,610.11,86.94
台中市,太平區,豐年里,1314,985445,750,560,335,945,736.84,98.25
台中市,太平區,大興里,684,470865,688,532,311,845,605.99,88.03
台中市,太平區,勤益里,640,499229,780,556,326,906,1658.51,212.62
台中市,太平區,光明里,1063,875119,823,599,363,1005,833.14,101.20
台中市,太平區,新吉里,1690,1269714,751,571,353,984,634.02,84.39
台中市,太平區,新城里,1445,1073846,743,591,349,927,630.61,84.86
台中市,太平區,新興里,1732,1649481,952,729,397,1250,894.80,93.96
台中市,太平區,新高里,2220,2092314,942,679,391,1166,1259.03,133.59
台中市,太平區,聖和里,388,306340,790,528,315,841,1070.59,135.60
台中市,太平區,福隆里,1012,643171,636,506,307,821,542.10,85.30
台中市,太平區,永隆里,685,441651,645,483,323,757,638.71,99.06
台中市,大里區,大里里,1024,724937,708,526,318,876,655.59,92.60
台中市,大里區,新里里,2998,2684046,895,615,343,1146,1031.28,115.19
台中市,大里區,樹王里,1056,774252,733,551,312,932,682.06,93.03
台中市,大里區,祥興里,2208,1557885,706,548,315,900,607.01,86.03
台中市,大里區,內新里,2720,2140699,787,604,348,1006,732.03,93.01
台中市,大里區,東昇里,1045,855069,818,581,334,991,920.26,112.47
台中市,大里區,大元里,1453,1072463,738,540,315,901,711.67,96.42
台中市,大里區,仁化里,2655,1929779,727,534,335,886,849.42,116.86
台中市,大里區,健民里,1164,736571,633,497,306,767,612.25,96.75
台中市,大里區,塗城里,2489,1601293,643,522,330,796,525.69,81.71
台中市,大里區,東湖里,3124,2257126,723,560,344,908,620.64,85.90
台中市,大里區,西湖里,895,677632,757,528,321,892,1108.07,146.35
台中市,大里區,夏田里,274,206701,754,527,306,885,791.14,104.87
台中市,大里區,東興里,2426,1927421,794,570,343,975,812.61,102.28
台中市,大里區,日新里,1195,927623,776,569,338,985,715.95,92.23
台中市,大里區,西榮里,1824,1317713,722,540,311,923,737.37,102.07
台中市,大里區,金城里,2810,1919839,683,532,331,844,630.12,92.23
台中市,大里區,立仁里,1546,1010140,653,513,308,799,601.49,92.06
台中市,大里區,新仁里,2273,1536692,676,524,309,853,617.32,91.31
台中市,大里區,瑞城里,3720,2734196,735,540,342,883,848.62,115.46
台中市,大里區,中新里,1710,1429910,836,612,366,1050,1164.84,139.30
台中市,大里區,仁德里,1965,1408152,717,539,312,913,643.99,89.87
台中市,大里區,立德里,2486,1912144,769,579,345,980,698.80,90.85
台中市,大里區,國光里,2053,1946360,948,639,359,1180,2119.80,223.59
台中市,大里區,大明里,1292,988580,765,570,326,956,752.60,98.36
台中市,大里區,永隆里,3468,3626954,1046,759,403,1385,983.74,94.06
台中市,大里區,長榮里,3010,2597057,863,596,344,1084,917.56,106.35
台中市,和平區,中坑里,89,57798,649,447,315,823,562.44,86.61
台中市,和平區,自由里,150,108365,722,573,337,951,652.74,90.35
台中市,和平區,平等里,114,76254,669,559,361,829,471.44,70.48
台中市,和平區,南勢里,395,273746,693,527,325,841,611.80,88.28
台中市,和平區,博愛里,341,269082,789,527,320,792,2704.49,342.73
台中市,和平區,梨山里,253,152960,605,507,343,741,449.21,74.30
台中市,和平區,天輪里,88,58797,668,463,287,870,623.60,93.33
台中市,和平區,達觀里,138,96431,699,545,295,845,599.06,85.73
基隆市,中正區,德義里,297,248307,836,615,325,1129,764.45,91.44
基隆市,中正區,正義里,401,278318,694,537,353,866,575.98,82.99
基隆市,中正區,信義里,269,200591,746,562,326,914,762.61,102.27
基隆市,中正區,義重里,326,254784,782,599,384,979,643.65,82.36
基隆市,中正區,港通里,505,462195,915,628,341,1134,983.72,107.48
基隆市,中正區,中船里,379,280418,740,574,346,891,630.37,85.20
基隆市,中正區,正船里,406,275138,678,544,320,864,568.03,83.82
基隆市,中正區,入船里,244,169518,695,534,314,937,534.45,76.93
基隆市,中正區,中砂里,395,303511,768,551,345,992,713.71,92.88
基隆市,中正區,正砂里,806,710505,882,634,375,1108,928.31,105.31
基隆市,中正區,真砂里,431,402704,934,586,367,950,3919.43,419.48
基隆市,中正區,砂灣里,625,433792,694,529,330,854,621.63,89.56
基隆市,中正區,中濱里,369,241718,655,518,332,784,591.45,90.29
基隆市,中正區,中正里,540,376950,698,551,332,880,631.65,90.49
基隆市,中正區,正濱里,268,239359,893,606,391,964,1422.30,159.25
基隆市,中正區,社寮里,510,320325,628,513,316,776,535.27,85.22
基隆市,中正區,平寮里,377,238820,633,530,343,782,499.84,78.90
基隆市,中正區,八斗里,390,251944,646,543,336,813,498.17,77.11
基隆市,中正區,長潭里,109,73634,676,498,309,806,590.87,87.47
基隆市,中正區,砂子里,1530,1060534,693,550,363,859,610.83,88.12
基隆市,中正區,海濱里,305,187832,616,538,345,785,405.23,65.80
基隆市,中正區,建國里,600,497103,829,636,391,1051,696.44,84.06
基隆市,中正區,和憲里,250,149173,597,503,312,718,492.79,82.59
基隆市,中正區,碧砂里,319,206583,648,519,310,804,537.75,83.04
基隆市,中正區,新豐里,1916,1629650,851,630,391,1089,936.09,110.06
基隆市,中正區,新富里,1539,1100194,715,553,352,877,659.46,92.25
基隆市,七堵區,八德里,547,374133,684,543,351,844,579.13,84.67
基隆市,七堵區,長興里,1264,915227,724,572,365,915,600.19,82.89
基隆市,七堵區,正光里,806,650611,807,590,356,990,771.66,95.60
基隆市,七堵區,永平里,650,497539,765,593,368,991,612.45,80.01
基隆市,七堵區,富民里,1264,1036005,820,627,367,980,897.42,109.49
基隆市,七堵區,自強里,316,216377,685,549,349,861,514.59,75.15
基隆市,七堵區,泰安里,1526,1104670,724,558,358,897,624.47,86.26
基隆市,七堵區,堵南里,670,474400,708,550,343,884,608.56,85.95
基隆市,七堵區,堵北里,1249,899074,720,560,374,913,552.30,76.73
基隆市,七堵區,六堵里,776,631751,814,620,366,1032,774.99,95.19
基隆市,七堵區,友一里,738,762175,1033,719,397,1336,1031.24,99.85
基隆市,七堵區,友二里,114,84297,739,455,276,818,982.39,132.86
基隆市,七堵區,瑪東里,75,53428,712,532,367,805,641.58,90.06
基隆市,七堵區,瑪南里,121,84665,700,560,329,901,639.57,91.40
基隆市,七堵區,瑪西里,107,64186,600,472,306,764,458.23,76.39
基隆市,七堵區,永安里,815,626339,769,565,366,971,650.90,84.70
基隆市,七堵區,百福里,2221,1693145,762,569,358,944,730.63,95.84
基隆市,七堵區,實踐里,1314,870308,662,544,349,836,494.94,74.73
基隆市,七堵區,正明里,695,549361,790,602,360,1033,702.00,88.81
基隆市,七堵區,長安里,814,545705,670,546,358,822,544.62,81.24
基隆市,暖暖區,碇內里,887,715049,806,590,369,1021,729.97,90.55
基隆市,暖暖區,過港里,1204,890700,740,563,352,881,763.46,103.20
基隆市,暖暖區,暖暖里,942,749523,796,619,390,1030,628.42,78.98
基隆市,暖暖區,暖同里,800,604448,756,585,368,941,683.81,90.50
基隆市,暖暖區,暖西里,1630,1401307,860,607,365,1050,936.11,108.89
基隆市,暖暖區,暖東里,104,64464,620,510,338,787,424.25,68.45
基隆市,暖暖區,八西里,437,319328,731,584,369,947,566.62,77.54
基隆市,暖暖區,八堵里,196,128770,657,565,354,828,470.59,71.63
基隆市,暖暖區,八南里,234,159867,683,565,349,845,575.01,84.16
基隆市,暖暖區,八中里,113,73496,650,541,370,827,418.67,64.37
基隆市,暖暖區,碇和里,1048,831762,794,599,361,987,733.04,92.36
基隆市,暖暖區,碇安里,1767,1403589,794,611,384,1040,641.51,80.76
基隆市,暖暖區,碇祥里,2005,1573623,785,608,370,1001,646.79,82.41
基隆市,仁愛區,仁德里,361,316046,875,513,279,964,1268.19,144.86
基隆市,仁愛區,和明里,669,783708,1171,732,386,1398,3195.09,272.74
基隆市,仁愛區,水錦里,609,548541,901,656,388,1181,797.51,88.54
基隆市,仁愛區,玉田里,328,279588,852,647,366,1095,766.64,89.94
基隆市,仁愛區,新店里,258,216961,841,660,327,1135,754.25,89.69
基隆市,仁愛區,文昌里,269,213495,794,537,302,984,767.84,96.75
基隆市,仁愛區,誠仁里,318,204164,642,521,358,820,463.64,72.22
基隆市,仁愛區,林泉里,537,408859,761,607,373,954,622.86,81.81
基隆市,仁愛區,育仁里,213,139615,655,530,364,817,453.95,69.26
基隆市,仁愛區,吉仁里,799,518632,649,522,345,798,558.01,85.97
基隆市,仁愛區,博愛里,510,413406,811,578,348,967,868.13,107.10
基隆市,仁愛區,福仁里,233,157401,676,530,333,818,525.81,77.84
基隆市,仁愛區,智仁里,848,788973,930,670,370,1231,891.21,95.79
基隆市,仁愛區,曲水里,258,188921,732,592,332,945,578.46,79.00
基隆市,仁愛區,德厚里,579,459708,794,605,374,962,641.48,80.79
基隆市,仁愛區,英仁里,379,250635,661,512,307,876,569.70,86.15
基隆市,仁愛區,龍門里,231,151987,658,505,329,758,566.37,86.08
基隆市,仁愛區,花崗里,375,302833,808,577,389,1095,660.68,81.81
基隆市,仁愛區,同風里,187,117565,629,447,272,884,545.65,86.79
基隆市,仁愛區,虹橋里,499,493503,989,675,435,1141,1246.81,126.07
基隆市,仁愛區,書院里,266,186054,699,528,354,856,684.54,97.87
基隆市,仁愛區,獅球里,270,184379,683,522,336,851,563.09,82.46
基隆市,仁愛區,忠勇里,293,252165,861,612,373,1072,783.31,91.02
基隆市,仁愛區,文安里,208,133096,640,547,312,823,508.14,79.41
基隆市,仁愛區,明德里,196,137519,702,531,324,995,542.97,77.39
基隆市,仁愛區,兆連里,205,128241,626,536,325,828,483.48,77.29
基隆市,仁愛區,崇文里,267,198087,742,555,372,893,863.13,116.34
基隆市,仁愛區,朝棟里,854,658303,771,588,359,993,645.70,83.77
基隆市,仁愛區,光華里,749,567035,757,561,354,974,646.22,85.36
基隆市,中山區,安平里,238,169221,711,517,352,952,590.49,83.05
基隆市,中山區,安民里,348,249116,716,563,333,922,594.88,83.10
基隆市,中山區,新建里,239,180423,755,550,337,902,736.84,97.61
基隆市,中山區,中山里,278,198575,714,581,364,839,625.19,87.53
基隆市,中山區,民治里,252,160916,639,516,326,805,518.20,81.15
基隆市,中山區,中興里,394,307928,782,567,344,946,829.13,106.09
基隆市,中山區,仁正里,243,158334,652,521,336,869,485.51,74.51
基隆市,中山區,健民里,319,217069,680,545,353,836,580.02,85.24
基隆市,中山區,通化里,264,173060,656,534,336,824,588.58,89.79
基隆市,中山區,居仁里,354,225120,636,549,370,793,405.11,63.70
基隆市,中山區,通明里,503,355940,708,575,386,877,567.29,80.17
基隆市,中山區,協和里,467,354195,758,581,396,984,577.32,76.12
基隆市,中山區,文化里,277,206180,744,537,334,955,806.59,108.36
基隆市,中山區,和平里,149,122197,820,662,436,1137,745.65,90.92
基隆市,中山區,仙洞里,158,117682,745,550,361,867,689.41,92.56
基隆市,中山區,太白里,272,191457,704,532,358,858,613.98,87.23
基隆市,中山區,西榮里,199,133904,673,501,330,788,589.61,87.62
基隆市,中山區,西華里,279,197753,709,560,352,932,541.29,76.37
基隆市,中山區,西定里,246,176672,718,567,356,883,580.59,80.84
基隆市,中山區,西康里,407,276901,680,576,391,855,467.29,68.68
基隆市,中山區,德和里,2024,1763605,871,646,391,1131,781.68,89.71
基隆市,中山區,德安里,1289,1025429,796,602,398,1005,650.96,81.83
基隆市,中山區,中和里,1858,1412928,760,565,366,939,926.06,121.78
基隆市,中山區,和慶里,2078,1406979,677,554,368,877,521.35,77.00
基隆市,安樂區,嘉仁里,1023,696346,681,543,342,824,554.37,81.44
基隆市,安樂區,樂一里,170,110636,651,508,323,739,613.89,94.33
基隆市,安樂區,定國里,302,223784,741,582,380,895,814.07,109.86
基隆市,安樂區,安和里,288,208805,725,523,346,912,748.57,103.25
基隆市,安樂區,定邦里,314,225822,719,552,343,850,702.68,97.71
基隆市,安樂區,永康里,628,419591,668,533,326,845,563.46,84.33
基隆市,安樂區,慈仁里,275,181440,660,559,366,847,484.75,73.47
基隆市,安樂區,干城里,558,349523,626,518,346,771,454.71,72.59
基隆市,安樂區,外寮里,1298,971150,748,582,372,937,612.80,81.90
基隆市,安樂區,中崙里,596,602191,1010,618,364,1020,4798.97,474.96
基隆市,安樂區,內寮里,1840,1482980,806,578,362,984,772.29,95.82
基隆市,安樂區,西川里,337,224969,668,530,325,886,533.85,79.97
基隆市,安樂區,新西里,393,259024,659,546,336,835,500.73,75.97
基隆市,安樂區,新崙里,1410,1138857,808,597,375,1031,755.25,93.51
基隆市,安樂區,鶯歌里,980,895078,913,663,402,1242,760.05,83.22
基隆市,安樂區,三民里,812,554131,682,547,360,863,520.91,76.33
基隆市,安樂區,四維里,1833,1619148,883,658,398,1177,737.74,83.52
基隆市,安樂區,五福里,1215,887008,730,571,350,914,631.27,86.47
基隆市,安樂區,六合里,1500,1280816,854,612,389,1068,860.30,100.75
基隆市,安樂區,七賢里,851,654406,769,596,385,959,725.65,94.36
基隆市,安樂區,長樂里,1302,1376595,1057,741,410,1386,991.50,93.78
基隆市,安樂區,武崙里,1698,1541765,908,697,425,1177,770.11,84.81
基隆市,安樂區,興寮里,1644,1293920,787,607,374,1052,621.40,78.95
基隆市,安樂區,鶯安里,1795,1918528,1069,773,424,1376,1292.34,120.91
基隆市,安樂區,壯觀里,1710,1752685,1025,830,486,1349,828.99,80.88
基隆市,信義區,仁壽里,422,363914,862,617,337,1050,923.36,107.07
基隆市,信義區,仁義里,490,447850,914,643,410,1099,918.70,100.52
基隆市,信義區,義幸里,871,689542,792,582,345,991,759.44,95.93
基隆市,信義區,義民里,229,168491,736,566,328,923,649.17,88.23
基隆市,信義區,義和里,438,321170,733,543,324,979,630.92,86.04
基隆市,信義區,智慧里,238,215421,905,647,372,1309,735.97,81.31
基隆市,信義區,智誠里,456,300055,658,512,346,796,543.28,82.56
基隆市,信義區,禮儀里,559,436024,780,581,375,961,689.73,88.43
基隆市,信義區,禮東里,565,495958,878,588,356,1065,977.77,111.39
基隆市,信義區,信綠里,760,574050,755,595,350,994,608.19,80.52
基隆市,信義區,孝岡里,442,331042,749,612,361,927,590.09,78.79
基隆市,信義區,孝深里,1076,718563,668,542,345,826,538.78,80.68
基隆市,信義區,東光里,594,427305,719,552,360,918,587.41,81.66
基隆市,信義區,東安里,1018,756973,744,578,357,921,674.90,90.76
基隆市,信義區,義昭里,470,514704,1095,644,362,1305,1314.04,119.99
基隆市,信義區,東明里,1221,953244,781,604,377,992,670.99,85.95
基隆市,信義區,東信里,1483,1254277,846,630,379,1116,751.56,88.86
基隆市,信義區,孝賢里,1262,969473,768,606,372,1013,601.22,78.26
基隆市,信義區,孝德里,768,491826,640,551,355,817,425.90,66.51
基隆市,信義區,孝忠里,2471,2233673,904,687,391,1174,804.72,89.02
台南市,東區,路東里,570,603924,1060,685,412,1138,1947.17,183.78
台南市,東區,大福里,505,352787,699,568,342,893,563.95,80.73
台南市,東區,東安里,415,402191,969,566,332,1105,1539.55,158.86
台南市,東區,德高里,860,770630,896,628,388,1076,969.32,108.17
台南市,東區,小東里,1447,1556489,1076,713,394,1314,1277.32,118.75
台南市,東區,後甲里,866,706990,816,627,363,1028,724.35,88.73
台南市,東區,關聖里,1611,2428453,1507,968,484,1892,2190.45,145.31
台南市,東區,圍下里,707,807229,1142,687,384,1326,1371.97,120.16
台南市,東區,虎尾里,1658,1632402,985,682,397,1207,1070.29,108.71
台南市,東區,中西里,1119,1710238,1528,700,389,1398,12862.41,841.58
台南市,東區,泉南里,1685,2050107,1217,676,371,1257,3035.80,249.51
台南市,東區,龍山里,1871,2753658,1472,906,451,1693,2051.29,139.38
台南市,東區,忠孝里,1430,1481739,1036,672,386,1208,1758.20,169.68
台南市,東區,崇誨里,744,568614,764,587,329,952,665.88,87.13
台南市,東區,大學里,482,635832,1319,876,391,1855,1334.28,101.15
台南市,東區,大德里,445,332722,748,550,332,898,669.44,89.53
台南市,東區,東光里,1812,2565854,1416,807,417,1521,2703.86,190.95
台南市,東區,大智里,2189,1966245,898,650,387,1119,838.12,93.31
台南市,東區,新東里,892,919822,1031,709,419,1286,1123.68,108.97
台南市,東區,仁和里,1352,1071744,793,610,389,1016,769.12,97.02
台南市,東區,富強里,1554,1558610,1003,656,380,1212,1712.64,170.76
台南市,東區,衛國里,437,433291,992,572,348,1104,2086.45,210.43
台南市,東區,自強里,1863,1905322,1023,699,406,1227,1242.59,121.50
台南市,東區,崇善里,1738,1871574,1077,737,403,1324,1280.59,118.92
台南市,東區,崇學里,1005,1057372,1052,669,362,1274,1209.15,114.93
台南市,東區,崇明里,1478,1751949,1185,769,388,1511,1429.99,120.64
台南市,東區,裕農里,983,897137,913,613,346,1088,1039.45,113.89
台南市,東區,莊敬里,1356,1482321,1093,702,402,1278,1256.93,114.98
台南市,東區,和平里,1735,2065956,1191,786,436,1472,1665.43,139.86
台南市,東區,富裕里,729,619186,849,604,348,1072,820.93,96.65
台南市,東區,東明里,1141,1241646,1088,693,388,1276,1762.71,161.98
台南市,東區,崇德里,1610,1602369,995,720,410,1257,1109.92,111.52
台南市,東區,東智里,654,542394,829,624,393,996,768.95,92.72
台南市,東區,東聖里,721,569435,790,625,375,973,703.81,89.11
台南市,東區,崇成里,1056,1115438,1056,673,384,1286,1491.65,141.22
台南市,東區,東門里,655,1262182,1927,615,334,1177,18405.54,955.14
台南市,東區,成大里,612,584010,954,651,371,1180,974.87,102.16
台南市,東區,大同里,818,767837,939,582,341,960,1966.52,209.50
台南市,東區,德光里,1491,1815372,1218,725,405,1428,3834.53,314.94
台南市,東區,崇信里,1285,1195143,930,663,387,1208,955.96,102.78
台南市,東區,崇文里,2024,2031825,1004,725,411,1286,1000.01,99.62
台南市,東區,復興里,1058,920182,870,644,370,1082,838.98,96.46
台南市,東區,裕聖里,1749,2607750,1491,1084,541,1930,1816.88,121.86
台南市,東區,文聖里,1591,2307944,1451,1054,523,1912,1538.99,106.09
台南市,東區,南聖里,878,1264205,1440,972,431,1868,1902.04,132.10
台南市,南區,竹溪里,619,825541,1334,742,380,1512,2053.92,154.01
台南市,南區,新昌里,698,538364,771,543,326,916,771.43,100.02
台南市,南區,田寮里,966,739378,765,574,344,935,758.56,99.11
台南市,南區,明亮里,1017,754288,742,555,349,938,639.34,86.20
台南市,南區,光明里,1139,786030,690,536,363,843,734.63,106.45
台南市,南區,喜東里,595,457741,769,590,341,972,650.76,84.59
台南市,南區,喜南里,230,146304,636,515,347,812,489.10,76.89
台南市,南區,喜北里,466,305726,656,528,354,841,491.25,74.88
台南市,南區,省躬里,873,602764,690,554,360,848,619.10,89.67
台南市,南區,佛壇里,672,470174,700,537,344,876,602.31,86.09
台南市,南區,同安里,561,371291,662,510,330,829,559.99,84.61
台南市,南區,興農里,514,365670,711,519,344,762,1022.60,143.74
台南市,南區,明德里,237,251340,1061,837,498,1340,907.41,85.56
台南市,南區,廣州里,734,592136,807,539,325,928,959.55,118.94
台南市,南區,新興里,891,801370,899,597,333,1081,1081.53,120.25
台南市,南區,大成里,447,454729,1017,705,408,1341,951.18,93.50
台南市,南區,國宅里,809,601791,744,551,343,915,731.59,98.35
台南市,南區,新生里,968,686866,710,581,344,906,578.24,81.49
台南市,南區,大林里,765,786075,1028,681,390,1198,1488.85,144.89
台南市,南區,大忠里,1311,1005389,767,569,344,936,740.68,96.58
台南市,南區,大恩里,1057,848203,802,599,363,1014,695.76,86.70
台南市,南區,明興里,918,696678,759,548,345,888,989.49,130.38
台南市,南區,文華里,1051,767283,730,544,337,887,781.44,107.04
台南市,南區,再興里,732,674451,921,596,355,1007,1373.42,149.06
台南市,南區,金華里,1486,1212864,816,567,344,954,870.19,106.62
台南市,南區,南都里,616,432251,702,556,346,838,699.99,99.76
台南市,南區,開南里,1563,994720,636,520,344,808,497.04,78.10
台南市,南區,彰南里,556,606303,1090,639,387,1129,2325.00,213.21
台南市,南區,建南里,1618,1223724,756,575,366,915,653.01,86.34
台南市,南區,郡南里,1052,739597,703,548,345,856,596.02,84.78
台南市,南區,府南里,1514,1225276,809,607,378,1012,728.74,90.05
台南市,南區,文南里,1787,1588520,889,627,361,1072,994.29,111.85
台南市,南區,鯤鯓里,360,235628,655,535,355,789,495.69,75.73
台南市,南區,松安里,394,268590,682,536,344,804,593.66,87.08
台南市,南區,永寧里,354,216883,613,464,289,765,511.85,83.55
台南市,南區,南華里,648,414069,639,519,324,806,524.33,82.06
台南市,南區,鹽埕里,571,456449,799,587,364,914,1028.07,128.61
台南市,北區,振興里,591,571826,968,617,368,1156,1368.26,141.41
台南市,北區,開元里,907,659788,727,550,333,878,760.96,104.61
台南市,北區,和順里,2507,2775777,1107,728,388,1333,1460.27,131.89
台南市,北區,成功里,1624,1844457,1136,718,412,1256,3141.00,276.56
台南市,北區,文元里,2109,2389731,1133,765,425,1427,1258.63,111.08
台南市,北區,大港里,1648,1348411,818,615,356,995,783.12,95.71
台南市,北區,東興里,641,770831,1203,658,373,1314,1829.65,152.15
台南市,北區,力行里,794,728444,917,616,371,1145,950.02,103.55
台南市,北區,仁愛里,688,852529,1239,689,369,1423,1853.63,149.59
台南市,北區,正覺里,842,672757,799,544,328,916,1285.64,160.91
台南市,北區,大豐里,1286,1170272,910,563,346,965,1839.72,202.16
台南市,北區,重興里,767,925987,1207,708,389,1293,1810.22,149.94
台南市,北區,中樓里,536,508243,948,625,390,1123,1177.78,124.21
台南市,北區,公園里,636,652187,1025,599,351,1062,2035.40,198.49
台南市,北區,元寶里,1492,1476560,990,759,437,1249,875.71,88.49
台南市,北區,永祥里,851,592248,696,514,333,836,683.37,98.19
台南市,北區,成德里,4295,5780508,1346,920,453,1684,2104.98,156.40
台南市,北區,文成里,1144,1233230,1078,714,387,1308,1636.04,151.77
台南市,北區,大和里,1199,972824,811,632,365,1037,700.65,86.36
台南市,北區,賢北里,1305,1290219,989,685,405,1250,975.47,98.67
台南市,北區,長勝里,638,618105,969,662,374,1191,1149.70,118.67
台南市,北區,合興里,635,769421,1212,816,452,1507,1268.28,104.67
台南市,北區,北門里,903,780796,865,627,384,1033,891.77,103.13
台南市,北區,小北里,659,575307,873,617,378,1029,886.49,101.54
台南市,北區,大光里,751,630251,839,662,416,1074,651.79,77.67
台南市,北區,大興里,413,329589,798,596,365,1012,740.75,92.82
台南市,北區,長興里,460,499908,1087,776,428,1429,1026.30,94.44
台南市,北區,北華里,571,538864,944,607,350,1074,1639.66,173.74
台南市,北區,華德里,104,139756,1344,1006,472,1648,1333.25,99.21
台南市,北區,福德里,177,278529,1574,1179,591,1981,1603.06,101.87
台南市,北區,立人里,328,279641,853,608,336,1104,839.89,98.51
台南市,北區,雙安里,218,256373,1176,779,421,1544,1188.87,101.09
台南市,北區,元美里,97,136552,1408,1093,627,1968,1123.40,79.80
台南市,安南區,塭南里,1282,958649,748,573,364,905,655.62,87.68
台南市,安南區,東和里,1024,1366166,1334,972,530,1764,1300.05,97.44
台南市,安南區,州北里,1426,1141251,800,600,369,964,730.21,91.24
台南市,安南區,州南里,1383,1007930,729,576,376,915,576.16,79.06
台南市,安南區,安順里,1517,1341141,884,633,390,1072,861.03,97.39
台南市,安南區,新順里,2084,1805808,867,656,377,1107,776.79,89.65
台南市,安南區,安東里,797,595453,747,548,331,889,769.06,102.94
台南市,安南區,安西里,1170,1039243,888,632,372,1112,857.24,96.51
台南市,安南區,安慶里,1950,1565679,803,587,370,993,812.23,101.16
台南市,安南區,頂安里,1488,1329345,893,696,400,1125,922.44,103.25
台南市,安南區,原佃里,606,538452,889,586,352,1019,1017.70,114.54
台南市,安南區,總頭里,433,418981,968,575,353,917,3033.73,313.52
台南市,安南區,長安里,1312,905992,691,559,357,867,564.99,81.82
台南市,安南區,公親里,273,187644,687,532,356,902,542.93,78.99
台南市,安南區,海東里,1646,1351658,821,599,372,982,854.64,104.08
台南市,安南區,海西里,637,491554,772,593,369,933,1056.64,136.93
台南市,安南區,海南里,513,328181,640,498,331,782,538.01,84.10
台南市,安南區,溪心里,2181,1782632,817,607,367,1049,714.20,87.38
台南市,安南區,淵東里,1283,1023673,798,595,369,984,776.18,97.28
台南市,安南區,淵中里,888,649635,732,550,343,864,793.59,108.48
台南市,安南區,淵西里,808,543766,673,543,337,831,516.71,76.78
台南市,安南區,佃東里,896,597899,667,561,361,844,474.39,71.09
台南市,安南區,佃西里,452,317926,703,551,355,894,576.01,81.89
台南市,安南區,公塭里,224,143086,639,525,377,812,467.03,73.11
台南市,安南區,南興里,443,285378,644,548,338,799,464.38,72.09
台南市,安南區,學東里,485,316715,653,541,354,823,492.21,75.37
台南市,安南區,城東里,307,188818,615,514,333,749,468.95,76.25
台南市,安南區,城西里,285,190611,669,544,358,844,500.50,74.83
台南市,安南區,城南里,615,405451,659,509,331,820,572.78,86.88
台南市,安南區,城北里,320,206807,646,535,327,801,535.91,82.92
台南市,安南區,城中里,246,164849,670,496,311,735,630.11,94.03
台南市,安南區,砂崙里,256,163848,640,519,340,776,699.65,109.31
台南市,安南區,青草里,250,146940,588,486,302,740,453.12,77.09
台南市,安南區,四草里,343,260042,758,567,335,867,885.27,116.77
台南市,安南區,塩田里,434,379416,874,637,376,1047,924.43,105.74
台南市,安南區,顯宮里,356,240463,675,511,322,808,652.55,96.61
台南市,安南區,鹿耳里,194,125288,646,501,314,833,480.96,74.47
台南市,安南區,安和里,606,423184,698,559,349,893,561.78,80.45
台南市,安南區,溪北里,868,667663,769,569,362,965,691.28,89.87
台南市,安南區,溪頂里,1316,1022913,777,626,390,957,631.39,81.23
台南市,安南區,溪墘里,886,636095,718,543,344,876,667.41,92.96
台南市,安南區,海佃里,1194,845306,708,550,322,860,660.69,93.32
台南市,安南區,幸福里,960,627486,654,510,329,801,577.51,88.35
台南市,安南區,梅花里,1184,930474,786,568,353,931,880.14,111.99
台南市,安南區,鳳凰里,1286,948015,737,577,354,895,717.30,97.30
台南市,安南區,理想里,1385,1068413,771,585,364,934,747.77,96.93
台南市,安南區,溪東里,1102,901834,818,618,399,1034,766.19,93.63
台南市,安南區,布袋里,463,335347,724,566,373,884,604.20,83.42
台南市,安南區,國安里,678,556686,821,611,384,1046,721.57,87.88
台南市,安南區,安富里,1476,1107479,750,576,348,960,658.05,87.70
台南市,安南區,大安里,966,605199,627,502,326,780,491.14,78.39
台南市,安平區,金城里,563,603244,1071,573,353,986,2933.99,273.83
台南市,安平區,漁光里,76,44937,591,495,299,688,546.98,92.51
台南市,安平區,建平里,1694,1861660,1099,713,407,1267,1827.01,166.25
台南市,安平區,怡平里,1406,1458834,1038,676,363,1285,1169.40,112.70
台南市,安平區,華平里,1566,1315139,840,599,370,1051,847.17,100.88
台南市,安平區,平通里,2133,2003255,939,661,384,1115,1059.15,112.78
台南市,安平區,文平里,1805,1961672,1087,692,384,1287,1496.07,137.66
台南市,安平區,國平里,2407,2490539,1035,739,395,1255,1047.30,101.22
台南市,安平區,育平里,2382,2302594,967,702,404,1184,1210.81,125.26
台南市,安平區,億載里,953,1003972,1053,708,412,1230,1263.02,119.89
台南市,安平區,平安里,1067,918029,860,559,341,958,1384.53,160.92
台南市,安平區,王城里,332,250549,755,566,354,936,729.09,96.61
台南市,安平區,天妃里,450,354539,788,549,355,914,863.54,109.61
台南市,中西區,赤崁里,1288,2775880,2155,602,324,1137,19829.32,920.07
台南市,中西區,法華里,970,1080617,1114,719,381,1344,1362.52,122.30
台南市,中西區,郡王里,1200,1615545,1346,726,389,1380,4445.45,330.20
台南市,中西區,開山里,715,665924,931,615,344,1044,1226.13,131.65
台南市,中西區,永華里,645,570802,885,623,364,1024,931.67,105.28
台南市,中西區,藥王里,1409,1418112,1006,646,365,1171,1779.90,176.85
台南市,中西區,大涼里,916,918952,1003,673,381,1164,1210.31,120.64
台南市,中西區,光賢里,1225,1172591,957,664,381,1188,980.09,102.39
台南市,中西區,西賢里,1707,1918867,1124,719,394,1309,1887.25,167.89
台南市,中西區,西湖里,1975,2425109,1228,769,432,1405,1717.05,139.84
台南市,中西區,城隍里,760,955634,1257,786,388,1527,1509.77,120.07
台南市,中西區,南美里,662,1245729,1882,736,395,1502,11167.77,593.47
台南市,中西區,南門里,567,925874,1633,827,434,1668,4332.48,265.32
台南市,中西區,小西門里,613,564901,922,623,385,1102,1079.42,117.13
台南市,中西區,五條港里,398,424030,1065,605,374,1127,1900.36,178.37
台南市,中西區,兌悅里,613,560744,915,599,347,1019,1250.03,136.65
台南市,中西區,淺草里,523,651761,1246,716,358,1409,1852.73,148.67
台南市,中西區,府前里,331,310598,938,630,324,1094,1244.64,132.64
台南市,中西區,南廠里,569,504760,887,629,380,1058,1041.09,117.36
台南市,中西區,西和里,361,389736,1080,696,387,1278,1257.43,116.47
台南市,新營區,忠政里,1764,1615882,916,678,381,1159,1011.64,110.44
台南市,新營區,民權里,864,841584,974,628,364,1124,1721.71,176.76
台南市,新營區,三仙里,940,783390,833,606,361,1051,819.79,98.37
台南市,新營區,民生里,1069,864390,809,587,352,1026,796.81,98.54
台南市,新營區,民榮里,1416,1098789,776,571,362,975,708.85,91.35
台南市,新營區,南興里,740,556805,752,587,363,1012,593.72,78.91
台南市,新營區,中營里,444,431005,971,698,429,1203,937.50,96.58
台南市,新營區,興業里,647,612139,946,657,401,1195,943.56,99.73
台南市,新營區,王公里,1505,1444692,960,663,379,1162,1659.17,172.84
台南市,新營區,大宏里,1088,1034033,950,664,398,1169,1009.60,106.23
台南市,新營區,護鎮里,395,304609,771,596,374,999,634.69,82.30
台南市,新營區,埤寮里,506,413611,817,599,357,1015,784.71,96.00
台南市,新營區,土庫里,401,311397,777,585,360,1013,648.62,83.53
台南市,新營區,太南里,432,299512,693,582,369,857,499.38,72.03
台南市,新營區,太北里,468,330272,706,551,385,889,576.85,81.74
台南市,新營區,南紙里,1227,894386,729,578,355,911,605.85,83.12
台南市,新營區,嘉芳里,572,391577,685,552,342,868,551.96,80.63
台南市,新營區,五興里,366,250386,684,533,336,814,606.47,88.65
台南市,新營區,姑爺里,201,140930,701,527,365,810,599.48,85.50
台南市,新營區,新北里,1757,1576273,897,669,410,1126,792.80,88.37
台南市,新營區,新南里,1777,1755049,988,715,417,1245,1101.90,111.57
台南市,新營區,新東里,2440,2575357,1055,814,459,1402,896.22,84.91
台南市,新營區,永平里,469,383098,817,600,336,1042,780.77,95.58
台南市,鹽水區,水秀里,403,282727,702,552,343,881,594.96,84.81
台南市,鹽水區,橋南里,1099,810964,738,577,366,897,745.14,100.98
台南市,鹽水區,岸內里,1077,795803,739,572,367,945,589.22,79.74
台南市,鹽水區,汫水里,205,143118,698,568,345,854,535.65,76.73
台南市,鹽水區,歡雅里,387,268462,694,538,336,832,638.69,92.07
台南市,鹽水區,津城里,211,188140,892,681,414,1098,892.98,100.15
台南市,鹽水區,月港里,246,216934,882,653,365,1040,801.86,90.93
台南市,鹽水區,三明里,186,147907,795,623,423,882,681.60,85.71
台南市,鹽水區,義中里,202,151928,752,569,346,954,591.88,78.69
台南市,鹽水區,文昌里,131,101505,775,564,355,1086,594.41,76.71
台南市,鹽水區,竹林里,134,91065,680,508,336,867,622.98,91.67
台南市,鹽水區,三和里,125,109905,879,667,398,994,889.99,101.22
台南市,鹽水區,坔頭港里,152,101825,670,586,379,834,437.95,65.38
台南市,白河區,白河里,401,298082,743,594,341,936,645.58,86.85
台南市,白河區,永安里,802,598445,746,569,331,958,649.85,87.09
台南市,白河區,庄內里,383,269460,704,544,335,817,629.05,89.41
台南市,白河區,外角里,320,204116,638,521,327,820,510.27,80.00
台南市,白河區,秀祐里,216,148214,686,516,294,867,571.79,83.33
台南市,白河區,大竹里,282,175759,623,509,292,787,495.52,79.50
台南市,白河區,內角里,146,110781,759,560,338,861,974.00,128.37
台南市,白河區,竹門里,168,120276,716,601,343,848,663.93,92.74
台南市,白河區,崎內里,128,81532,637,481,299,844,545.35,85.62
台南市,白河區,汴頭里,87,56072,645,519,345,823,482.13,74.81
台南市,白河區,昇安里,273,191933,703,536,341,790,816.98,116.20
台南市,白河區,河東里,258,197795,767,580,361,940,687.15,89.63
台南市,白河區,虎山里,75,53072,708,551,316,894,604.18,85.38
台南市,白河區,大林里,108,70450,652,489,332,865,474.70,72.77
台南市,白河區,崁頭里,68,39376,579,492,334,718,466.55,80.57
台南市,白河區,六溪里,75,55691,743,585,360,784,926.43,124.76
台南市,白河區,關嶺里,168,112759,671,497,275,745,764.09,113.84
台南市,白河區,仙草里,157,87932,560,444,263,750,454.43,81.14
台南市,白河區,廣蓮里,176,142719,811,626,345,1105,647.71,79.87
台南市,白河區,詔豐里,228,174403,765,631,364,958,658.27,86.06
台南市,白河區,馬稠後里,144,102628,713,530,350,898,640.59,89.88
台南市,柳營區,士林里,574,466228,812,627,389,971,1097.98,135.18
台南市,柳營區,光福里,444,317007,714,534,330,884,652.10,91.33
台南市,柳營區,中埕里,349,262878,753,589,388,925,589.00,78.20
台南市,柳營區,東昇里,801,619808,774,594,362,962,649.57,83.95
台南市,柳營區,八翁里,369,281475,763,613,340,998,1031.36,135.21
台南市,柳營區,人和里,190,124592,656,494,318,778,548.53,83.65
台南市,柳營區,太康里,378,344669,912,639,386,1062,1865.03,204.54
台南市,柳營區,重溪里,429,314698,734,566,370,931,588.72,80.26
台南市,柳營區,篤農里,334,242708,727,519,329,792,1234.39,169.87
台南市,柳營區,大農里,144,93167,647,496,334,875,508.70,78.63
台南市,柳營區,神農里,325,231455,712,583,374,878,593.82,83.38
台南市,柳營區,果毅里,284,197944,697,541,390,841,575.94,82.63
台南市,柳營區,旭山里,303,198013,654,523,329,764,595.93,91.19
台南市,後壁區,後壁里,500,390555,781,611,391,947,637.26,81.58
台南市,後壁區,嘉苳里,306,227380,743,601,382,903,707.48,95.21
台南市,後壁區,侯伯里,323,245565,760,576,370,930,635.40,83.58
台南市,後壁區,土溝里,277,197178,712,538,343,874,603.75,84.82
台南市,後壁區,頂安里,340,270679,796,653,411,992,641.44,80.57
台南市,後壁區,長安里,340,247122,727,546,345,925,614.59,84.56
台南市,後壁區,福安里,345,265891,771,559,346,993,678.28,88.01
台南市,後壁區,菁寮里,231,205288,889,697,424,1119,846.75,95.28
台南市,後壁區,菁豐里,240,190765,795,618,348,1032,654.33,82.32
台南市,後壁區,新嘉里,188,135045,718,569,382,971,538.29,74.94
台南市,後壁區,新東里,410,284065,693,553,352,901,531.68,76.74
台南市,後壁區,竹新里,307,221699,722,564,359,907,979.64,135.66
台南市,後壁區,上茄苳里,265,207284,782,622,350,949,641.33,81.99
台南市,後壁區,長短樹里,204,160912,789,569,371,1002,679.47,86.14
台南市,東山區,東山里,304,206982,681,547,359,805,535.73,78.68
台南市,東山區,東中里,595,459323,772,547,312,925,924.11,119.71
台南市,東山區,東正里,286,194779,681,535,363,826,548.85,80.59
台南市,東山區,三榮里,164,106824,651,486,323,786,657.09,100.88
台南市,東山區,大客里,184,122916,668,535,396,862,424.56,63.56
台南市,東山區,科里里,204,137473,674,560,374,828,489.75,72.68
台南市,東山區,東河里,194,111122,573,467,302,702,421.72,73.62
台南市,東山區,聖賢里,423,313634,741,576,348,887,629.50,84.90
台南市,東山區,南溪里,74,52296,707,523,379,900,665.87,94.22
台南市,東山區,水雲里,54,40627,752,571,373,1063,557.11,74.05
台南市,東山區,林安里,61,35604,584,423,264,747,488.39,83.68
台南市,東山區,東原里,376,246459,655,561,336,826,515.62,78.66
台南市,東山區,嶺南里,88,52423,596,471,353,630,609.15,102.25
台南市,東山區,南勢里,149,99563,668,513,336,829,656.46,98.24
台南市,東山區,青山里,154,94026,611,484,304,749,528.75,86.60
台南市,東山區,高原里,141,88232,626,487,311,778,566.40,90.51
台南市,麻豆區,東角里,912,795418,872,636,383,1117,758.77,87.00
台南市,麻豆區,晋江里,779,641975,824,610,373,963,806.53,97.87
台南市,麻豆區,巷口里,728,624098,857,644,394,1081,780.73,91.07
台南市,麻豆區,中興里,629,515410,819,639,377,1100,675.59,82.45
台南市,麻豆區,興農里,472,383676,813,632,380,1091,635.95,78.23
台南市,麻豆區,油車里,1121,981091,875,660,401,1063,992.82,113.44
台南市,麻豆區,北勢里,250,180949,724,544,343,886,628.83,86.88
台南市,麻豆區,大埕里,892,724441,812,597,374,998,753.16,92.74
台南市,麻豆區,寮廍里,454,319455,704,584,390,878,512.24,72.80
台南市,麻豆區,南勢里,705,610425,866,592,378,1047,1183.48,136.68
台南市,麻豆區,安業里,361,251160,696,555,341,869,587.54,84.45
台南市,麻豆區,安正里,238,156973,660,523,346,800,544.38,82.54
台南市,麻豆區,埤頭里,628,447787,713,569,368,868,572.52,80.29
台南市,麻豆區,海埔里,496,367381,741,576,384,938,610.34,82.40
台南市,麻豆區,港尾里,349,309474,887,537,310,961,1183.28,133.44
台南市,麻豆區,麻口里,284,185733,654,543,347,799,503.97,77.06
台南市,麻豆區,新興里,338,330362,977,718,441,1248,899.76,92.06
台南市,麻豆區,謝厝寮里,229,197928,864,633,394,1049,793.91,91.85
台南市,麻豆區,井東里,225,187272,832,531,367,960,1056.94,126.99
台南市,麻豆區,清水里,195,165191,847,656,414,1068,678.58,80.10
台南市,下營區,仁里里,783,581278,742,578,364,901,751.24,101.19
台南市,下營區,宅內里,262,177183,676,544,350,887,524.74,77.59
台南市,下營區,後街里,416,309883,745,590,377,876,597.90,80.26
台南市,下營區,新興里,651,462606,711,553,352,943,552.61,77.77
台南市,下營區,下營里,281,224098,798,616,390,998,712.62,89.36
台南市,下營區,營前里,556,436522,785,634,407,1065,564.08,71.85
台南市,下營區,開化里,482,348618,723,548,336,979,635.76,87.90
台南市,下營區,西連里,203,144454,712,532,361,952,551.90,77.56
台南市,下營區,賀建里,293,208936,713,548,356,888,599.03,84.00
台南市,下營區,大吉里,188,126502,673,552,341,962,474.88,70.57
台南市,下營區,茅營里,309,275932,893,660,386,1141,800.54,89.65
台南市,下營區,紅甲里,234,210487,900,659,418,1123,763.53,84.88
台南市,六甲區,六甲里,836,661801,792,607,362,965,702.72,88.77
台南市,六甲區,甲東里,750,555084,740,567,364,940,650.70,87.92
台南市,六甲區,甲南里,394,285993,726,602,345,955,551.68,76.00
台南市,六甲區,七甲里,508,367161,723,565,358,849,611.39,84.59
台南市,六甲區,二甲里,980,746391,762,595,379,932,680.43,89.34
台南市,六甲區,水林里,604,442610,733,574,390,915,586.33,80.01
台南市,六甲區,中社里,423,311841,737,592,379,914,525.10,71.23
台南市,六甲區,龜港里,332,246496,742,590,397,897,607.72,81.85
台南市,六甲區,菁埔里,154,95796,622,501,330,742,496.05,79.74
台南市,六甲區,王爺里,144,98215,682,553,372,811,503.64,73.84
台南市,六甲區,大丘里,84,53146,633,495,325,913,484.98,76.65
台南市,官田區,官田里,618,472784,765,578,389,958,951.11,124.32
台南市,官田區,隆田里,575,440419,766,590,364,942,642.93,83.94
台南市,官田區,二鎮里,1019,735648,722,578,383,910,546.41,75.69
台南市,官田區,社子里,187,107428,574,491,314,713,369.25,64.28
台南市,官田區,大崎里,65,52840,813,558,363,1077,677.35,83.32
台南市,官田區,隆本里,1078,794348,737,595,377,949,604.53,82.04
台南市,官田區,南廍里,304,200412,659,549,349,866,482.77,73.23
台南市,官田區,渡拔里,360,290348,807,613,386,969,837.16,103.80
台南市,官田區,烏山頭里,149,144794,972,778,493,1171,829.17,85.33
台南市,官田區,東西庄里,236,192764,817,619,403,1080,584.48,71.56
台南市,大內區,石湖里,229,154614,675,487,353,814,518.11,76.74
台南市,大內區,石林里,137,86493,631,498,305,768,547.69,86.75
台南市,大內區,石城里,366,229957,628,520,331,786,481.14,76.58
台南市,大內區,內江里,218,141948,651,510,356,821,545.54,83.78
台南市,大內區,大內里,190,125115,659,535,350,870,492.03,74.72
台南市,大內區,內郭里,143,86221,603,482,356,781,482.97,80.10
台南市,大內區,頭社里,181,115780,640,567,399,801,396.02,61.91
台南市,大內區,二溪里,163,143870,883,553,345,931,1488.65,168.66
台南市,大內區,曲溪里,112,65901,588,525,368,771,355.55,60.43
台南市,大內區,環湖里,94,61430,654,560,391,826,411.19,62.92
台南市,佳里區,鎮山里,1712,1273007,744,580,373,944,613.65,82.53
台南市,佳里區,東寧里,548,449154,820,580,341,979,986.13,120.31
台南市,佳里區,六安里,1319,1183293,897,653,397,1101,1185.20,132.11
台南市,佳里區,安西里,3667,3061799,835,627,390,1031,881.27,105.55
台南市,佳里區,建南里,2616,2204689,843,626,386,1064,790.57,93.81
台南市,佳里區,佳化里,631,463201,734,535,363,836,700.53,95.43
台南市,佳里區,海澄里,542,369625,682,554,349,840,557.69,81.78
台南市,佳里區,子龍里,575,417231,726,604,381,923,556.82,76.74
台南市,佳里區,民安里,393,284836,725,592,380,950,535.72,73.91
台南市,佳里區,忠仁里,796,596778,750,585,339,957,681.30,90.87
台南市,佳里區,下營里,221,167333,757,575,350,1080,708.17,93.53
台南市,佳里區,營溪里,120,102780,857,564,373,1011,786.84,91.87
台南市,佳里區,塭內里,311,243029,781,563,383,887,969.95,124.12
台南市,佳里區,佳興里,334,266114,797,613,404,956,672.03,84.35
台南市,佳里區,南勢里,66,77871,1180,888,542,1725,901.82,76.43
台南市,佳里區,文新里,111,103807,935,667,404,1212,808.04,86.40
台南市,西港區,西港里,900,688961,766,588,393,911,709.37,92.67
台南市,西港區,南海里,635,452127,712,526,353,823,1003.73,140.97
台南市,西港區,港東里,426,269050,632,512,317,764,510.79,80.88
台南市,西港區,檨林里,322,212988,661,536,345,769,552.44,83.52
台南市,西港區,後營里,353,232668,659,515,343,834,478.30,72.57
台南市,西港區,營西里,351,259771,740,565,342,889,718.51,97.08
台南市,西港區,金砂里,161,114222,709,555,329,884,674.67,95.10
台南市,西港區,劉厝里,287,185766,647,513,360,816,459.64,71.01
台南市,西港區,竹林里,297,206109,694,539,327,829,702.32,101.20
台南市,西港區,永樂里,262,171353,654,498,318,759,714.52,109.25
台南市,西港區,新復里,154,101466,659,497,338,759,656.18,99.59
台南市,西港區,慶安里,1287,1001695,778,576,368,943,820.92,105.47
台南市,七股區,後港里,167,117015,701,537,356,835,718.22,102.50
台南市,七股區,大潭里,122,67688,555,457,318,740,345.42,62.26
台南市,七股區,頂山里,127,77242,608,464,313,716,616.46,101.36
台南市,七股區,西寮里,52,33253,639,494,261,732,614.63,96.11
台南市,七股區,篤加里,159,107927,679,502,324,769,869.32,128.07
台南市,七股區,中寮里,102,69571,682,497,301,821,690.03,101.17
台南市,七股區,塩埕里,57,37112,651,538,314,913,461.20,70.83
台南市,七股區,七股里,206,138429,672,540,332,864,549.33,81.75
台南市,七股區,溪南里,69,61266,888,592,369,1016,1067.09,120.18
台南市,七股區,玉成里,174,111876,643,499,294,876,522.12,81.21
台南市,七股區,大埕里,595,385414,648,520,335,773,557.00,85.99
台南市,七股區,樹林里,374,241337,645,526,355,777,504.92,78.25
台南市,七股區,竹橋里,247,175725,711,581,339,942,569.31,80.02
台南市,七股區,義合里,400,265036,663,539,334,821,544.42,82.17
台南市,七股區,永吉里,164,108222,660,527,329,830,677.18,102.62
台南市,七股區,三股里,210,134052,638,489,305,765,555.73,87.06
台南市,七股區,十份里,204,134077,657,534,339,753,692.70,105.39
台南市,七股區,龍山里,252,157653,626,524,331,799,492.77,78.77
台南市,將軍區,長榮里,270,180514,669,522,352,838,551.27,82.45
台南市,將軍區,玉山里,120,78588,655,504,344,643,960.56,146.67
台南市,將軍區,廣山里,89,60810,683,461,333,831,643.13,94.13
台南市,將軍區,長沙里,219,139954,639,510,356,796,514.55,80.52
台南市,將軍區,平沙里,187,114760,614,506,300,778,500.03,81.48
台南市,將軍區,鯤鯓里,324,204913,632,548,376,767,449.04,71.00
台南市,將軍區,鯤溟里,130,77733,598,495,328,748,450.42,75.33
台南市,將軍區,西甲里,332,263342,793,589,411,967,615.90,77.65
台南市,將軍區,忠嘉里,305,217156,712,552,373,845,533.61,74.95
台南市,將軍區,苓仔寮里,228,165720,727,552,350,882,690.90,95.06
台南市,將軍區,巷埔里,94,80476,856,679,462,1065,647.90,75.68
台南市,將軍區,將軍里,244,192993,791,534,331,885,1043.15,131.88
台南市,北門區,北門里,159,111536,701,575,358,779,619.28,88.28
台南市,北門區,永隆里,152,92279,607,491,326,760,468.68,77.20
台南市,北門區,玉港里,137,92313,674,583,361,891,453.72,67.34
台南市,北門區,保吉里,301,193612,643,508,330,774,505.62,78.61
台南市,北門區,雙春里,66,41452,628,507,331,764,475.01,75.63
台南市,北門區,錦湖里,129,97169,753,566,397,892,685.29,90.98
台南市,北門區,慈安里,138,98173,711,623,356,942,564.50,79.35
台南市,北門區,三光里,226,139104,616,541,359,753,432.76,70.31
台南市,北門區,蚵寮里,157,125246,798,586,404,980,674.50,84.55
台南市,北門區,文山里,124,95678,772,665,381,987,548.55,71.09
台南市,學甲區,仁得里,1152,844410,733,567,352,885,798.61,108.95
台南市,學甲區,新榮里,640,472317,738,586,396,903,585.99,79.40
台南市,學甲區,光華里,299,188475,630,516,332,780,537.46,85.26
台南市,學甲區,宅港里,170,118590,698,559,354,925,497.10,71.26
台南市,學甲區,明宜里,525,390414,744,580,360,948,644.69,86.69
台南市,學甲區,慈福里,533,390757,733,605,358,927,640.53,87.37
台南市,學甲區,新達里,526,392780,747,569,373,894,647.41,86.70
台南市,學甲區,大灣里,250,186131,745,566,352,980,608.80,81.77
台南市,學甲區,中洲里,342,260479,762,577,390,898,797.68,104.73
台南市,學甲區,平和里,217,131327,605,529,320,744,449.24,74.23
台南市,學甲區,豐和里,292,199276,682,541,337,861,548.40,80.36
台南市,學甲區,三慶里,261,174762,670,555,364,821,505.47,75.49
台南市,學甲區,秀昌里,660,481254,729,565,366,890,684.68,93.90
台南市,新化區,武安里,954,689225,722,534,333,887,695.51,96.27
台南市,新化區,東榮里,1125,867828,771,558,357,942,995.13,129.00
台南市,新化區,護國里,779,594071,763,590,360,965,811.33,106.39
台南市,新化區,太平里,1276,1017903,798,592,366,988,765.08,95.91
台南市,新化區,協興里,984,676739,688,516,341,854,601.87,87.51
台南市,新化區,唪口里,603,452795,751,563,358,935,648.79,86.40
台南市,新化區,北勢里,423,293280,693,578,365,898,489.92,70.66
台南市,新化區,豐榮里,945,755731,800,602,377,974,681.71,85.24
台南市,新化區,全興里,834,736118,883,629,352,1108,846.92,95.95
台南市,新化區,崙頂里,488,369310,757,581,371,931,695.14,91.85
台南市,新化區,知義里,501,348932,696,527,343,818,696.96,100.07
台南市,新化區,山腳里,363,277231,764,575,357,877,766.67,100.39
台南市,新化區,大坑里,68,39045,574,496,308,660,455.29,79.29
台南市,新化區,𦰡拔里,519,364537,702,512,343,890,597.10,85.01
台南市,新化區,羊林里,192,125600,654,496,353,803,524.51,80.18
台南市,新化區,礁坑里,158,101854,645,514,335,707,736.47,114.24
台南市,善化區,東關里,413,514088,1245,854,477,1838,1096.31,88.07
台南市,善化區,文昌里,880,800037,909,633,379,1126,879.80,96.77
台南市,善化區,南關里,523,450013,860,618,360,1061,820.02,95.30
台南市,善化區,文正里,510,528519,1036,705,411,1287,1000.03,96.50
台南市,善化區,坐駕里,1431,1602060,1120,789,445,1410,1278.64,114.21
台南市,善化區,胡家里,312,226707,727,584,410,826,592.94,81.60
台南市,善化區,胡厝里,490,399845,816,607,390,993,813.01,99.63
台南市,善化區,什乃里,388,293598,757,604,378,1019,574.71,75.95
台南市,善化區,溪美里,551,670571,1217,717,410,1248,2687.77,220.85
台南市,善化區,六分里,187,148764,796,607,375,1062,610.32,76.72
台南市,善化區,田寮里,467,355266,761,601,397,925,598.54,78.68
台南市,善化區,六德里,286,201471,704,516,362,851,602.67,85.55
台南市,善化區,牛庄里,512,500442,977,621,377,1070,3330.64,340.76
台南市,善化區,嘉南里,249,190529,765,575,352,943,672.81,87.93
台南市,善化區,嘉北里,471,387087,822,657,402,1017,665.57,80.98
台南市,善化區,小新里,2388,3056526,1280,959,526,1712,1125.85,87.96
台南市,善化區,光文里,1887,2063665,1094,746,429,1322,1787.84,163.48
台南市,善化區,頂街里,203,226066,1114,940,479,1449,930.57,83.56
台南市,善化區,昌隆里,284,241279,850,592,395,1053,795.54,93.64
台南市,善化區,蓮潭里,190,358757,1888,1687,1011,2457,1272.72,67.40
台南市,新市區,新市里,958,771395,805,610,388,975,673.53,83.65
台南市,新市區,新和里,2152,1922797,893,641,398,1091,840.57,94.08
台南市,新市區,社內里,769,641975,835,647,397,1035,717.75,85.98
台南市,新市區,大洲里,167,114761,687,547,349,858,527.66,76.79
台南市,新市區,豐華里,260,193554,744,511,346,859,842.98,113.24
台南市,新市區,三舍里,517,599867,1160,687,434,1353,1402.76,120.90
台南市,新市區,大營里,1089,918781,844,620,390,1049,764.42,90.60
台南市,新市區,大社里,1424,1141598,802,611,390,984,686.87,85.68
台南市,新市區,潭頂里,520,381374,733,549,346,921,721.19,98.33
台南市,新市區,港墘里,1107,774653,700,562,353,857,550.11,78.61
台南市,新市區,永就里,967,821425,849,649,391,1127,693.90,81.69
台南市,安定區,蘇林里,583,412276,707,572,366,886,620.24,87.71
台南市,安定區,蘇厝里,566,445254,787,613,372,987,674.09,85.69
台南市,安定區,安定里,407,316290,777,617,430,972,603.88,77.71
台南市,安定區,安加里,540,455172,843,663,401,1065,676.45,80.25
台南市,安定區,港尾里,379,290359,766,585,360,931,678.85,88.61
台南市,安定區,中榮里,544,540129,993,723,416,1232,1071.11,107.88
台南市,安定區,港口里,817,625292,765,599,386,947,657.26,85.88
台南市,安定區,港南里,701,523494,747,572,356,906,632.80,84.74
台南市,安定區,新吉里,685,513130,749,561,361,913,672.25,89.74
台南市,安定區,海寮里,652,465712,714,554,369,860,624.44,87.42
台南市,安定區,中沙里,177,220053,1243,584,351,871,6655.38,535.33
台南市,安定區,嘉同里,371,259936,701,550,352,835,632.55,90.28
台南市,安定區,文科里,195,159795,819,559,408,956,781.93,95.42
台南市,山上區,山上里,283,197459,698,554,357,865,540.07,77.40
台南市,山上區,南洲里,416,292149,702,550,374,837,597.89,85.14
台南市,山上區,明和里,428,317819,743,579,385,905,883.92,119.04
台南市,山上區,新莊里,280,177129,633,533,350,796,431.71,68.24
台南市,山上區,玉峯里,98,62293,636,557,378,762,394.53,62.07
台南市,山上區,豐德里,80,54652,683,506,374,807,641.17,93.86
台南市,山上區,平陽里,83,53494,645,541,319,794,500.54,77.66
台南市,玉井區,玉井里,313,231436,739,556,349,967,612.33,82.81
台南市,玉井區,玉田里,866,640100,739,579,364,930,644.13,87.15
台南市,玉井區,中正里,218,164753,756,558,344,943,674.18,89.21
台南市,玉井區,竹圍里,290,181217,625,518,348,781,425.67,68.12
台南市,玉井區,沙田里,93,67929,730,488,341,904,760.17,104.07
台南市,玉井區,三埔里,81,62821,776,582,411,1077,529.34,68.25
台南市,玉井區,三和里,129,91848,712,557,371,888,520.82,73.15
台南市,玉井區,望明里,257,161108,627,504,372,723,448.14,71.49
台南市,玉井區,層林里,94,60791,647,544,381,808,458.26,70.86
台南市,玉井區,豐里里,167,119641,716,528,355,777,843.62,117.76
台南市,楠西區,楠西里,319,218726,686,568,341,848,544.92,79.47
台南市,楠西區,灣丘里,166,110140,663,505,285,815,563.57,84.94
台南市,楠西區,密枝里,95,65806,693,552,361,859,543.61,78.48
台南市,楠西區,照興里,134,77282,577,468,346,727,452.62,78.48
台南市,楠西區,鹿田里,178,114091,641,519,343,778,494.61,77.17
台南市,楠西區,龜丹里,100,67158,672,600,361,861,538.16,80.13
台南市,楠西區,東勢里,402,258782,644,506,321,838,482.76,74.99
台南市,南化區,南化里,272,186897,687,530,359,837,557.25,81.10
台南市,南化區,小崙里,124,72739,587,496,323,749,431.19,73.51
台南市,南化區,中坑里,78,50617,649,554,369,804,416.92,64.25
台南市,南化區,北平里,85,51620,607,463,281,698,595.07,97.99
台南市,南化區,東和里,98,68692,701,519,350,871,583.41,83.23
台南市,南化區,西埔里,149,91064,611,490,328,756,451.77,73.92
台南市,南化區,北寮里,202,138696,687,573,373,835,538.99,78.50
台南市,南化區,玉山里,166,109891,662,514,330,858,479.43,72.42
台南市,南化區,關山里,177,120309,680,531,362,833,553.10,81.37
台南市,左鎮區,光和里,54,38128,706,555,323,931,586.51,83.07
台南市,左鎮區,榮和里,120,75942,633,513,344,770,461.83,72.98
台南市,左鎮區,左鎮里,84,52768,628,524,330,820,444.63,70.78
台南市,左鎮區,中正里,144,98794,686,495,333,883,579.65,84.49
台南市,左鎮區,睦光里,72,46042,639,564,333,759,471.05,73.66
台南市,左鎮區,內庄里,70,47777,683,565,399,898,468.53,68.65
台南市,左鎮區,岡林里,65,39097,601,474,286,884,444.61,73.92
台南市,左鎮區,草山里,33,19793,600,534,309,631,480.41,80.10
台南市,左鎮區,二寮里,20,11383,569,577,294,754,345.87,60.77
台南市,左鎮區,澄山里,55,33868,616,542,387,715,483.44,78.51
台南市,仁德區,太子里,1519,1141719,752,600,375,929,628.28,83.59
台南市,仁德區,土庫里,791,606293,766,583,366,978,670.74,87.51
台南市,仁德區,一甲里,934,871729,933,620,370,1096,1067.67,114.39
台南市,仁德區,仁德里,2374,2160711,910,692,400,1168,819.32,90.02
台南市,仁德區,新田里,1015,813861,802,599,351,994,1050.75,131.04
台南市,仁德區,後壁里,2839,2231814,786,601,377,1006,646.65,82.26
台南市,仁德區,上崙里,1665,1302079,782,611,384,998,683.96,87.46
台南市,仁德區,保安里,850,649774,764,569,364,942,681.66,89.17
台南市,仁德區,二行里,590,493102,836,586,374,964,955.80,114.36
台南市,仁德區,大甲里,568,408216,719,548,356,878,708.52,98.58
台南市,仁德區,中洲里,708,518996,733,555,352,918,681.51,92.97
台南市,仁德區,仁和里,330,236005,715,611,351,915,549.86,76.89
台南市,仁德區,成功里,1339,1097401,820,576,373,992,856.74,104.54
台南市,仁德區,仁愛里,390,316814,812,638,394,1051,614.22,75.61
台南市,仁德區,仁義里,3023,2714433,898,630,388,1054,1892.89,210.81
台南市,仁德區,文賢里,284,229307,807,599,372,969,725.75,89.88
台南市,歸仁區,南保里,1965,1568716,798,591,378,965,852.49,106.78
台南市,歸仁區,六甲里,1050,789299,752,579,370,900,783.24,104.19
台南市,歸仁區,歸仁里,736,639920,869,635,393,1075,847.19,97.44
台南市,歸仁區,後市里,1019,870052,854,600,378,955,1207.59,141.43
台南市,歸仁區,辜厝里,986,788550,800,582,374,937,1047.11,130.93
台南市,歸仁區,許厝里,996,769288,772,601,382,982,662.98,85.84
台南市,歸仁區,看西里,653,542608,831,652,413,1055,670.93,80.74
台南市,歸仁區,看東里,588,473572,805,621,397,956,1011.19,125.55
台南市,歸仁區,崙頂里,922,932959,1012,669,408,1156,1819.11,179.77
台南市,歸仁區,沙崙里,172,130830,761,529,337,858,1133.03,148.96
台南市,歸仁區,大潭里,489,396880,812,566,337,884,2310.89,284.73
台南市,歸仁區,武東里,437,418862,958,696,440,1085,1854.20,193.45
台南市,歸仁區,八甲里,723,598658,828,642,402,1033,791.02,95.53
台南市,歸仁區,七甲里,970,791615,816,631,385,1039,733.16,89.84
台南市,歸仁區,媽廟里,513,417638,814,592,386,953,1022.32,125.57
台南市,歸仁區,西埔里,522,399072,765,578,369,943,682.76,89.31
台南市,歸仁區,大廟里,842,629594,748,568,363,927,672.47,89.93
台南市,歸仁區,南興里,1349,1103353,818,603,396,1019,734.23,89.77
台南市,歸仁區,新厝里,717,570121,795,580,381,930,706.44,88.84
台南市,歸仁區,歸南里,680,492096,724,560,362,840,677.04,93.56
台南市,歸仁區,文化里,961,727088,757,575,370,947,738.32,97.58
台南市,關廟區,關廟里,628,479833,764,573,363,896,814.93,106.66
台南市,關廟區,山西里,554,402586,727,553,356,887,654.61,90.08
台南市,關廟區,香洋里,934,724460,776,580,372,936,830.17,107.03
台南市,關廟區,北勢里,619,440495,712,573,377,865,520.19,73.10
台南市,關廟區,新埔里,242,171224,708,543,345,894,630.11,89.06
台南市,關廟區,五甲里,895,632502,707,573,352,887,555.08,78.54
台南市,關廟區,東勢里,843,576475,684,577,380,856,494.58,72.32
台南市,關廟區,松腳里,474,556991,1175,562,361,871,6247.36,531.65
台南市,關廟區,深坑里,392,272977,696,561,363,875,527.05,75.68
台南市,關廟區,布袋里,283,179601,635,463,326,688,727.42,114.62
台南市,關廟區,埤頭里,465,324609,698,535,361,798,674.20,96.58
台南市,關廟區,下湖里,110,65809,598,545,289,762,446.36,74.61
台南市,關廟區,新光里,131,73619,562,445,288,633,502.93,89.49
台南市,關廟區,南雄里,135,95346,706,587,361,902,631.92,89.47
台南市,關廟區,花園里,470,366772,780,635,395,955,649.25,83.20
台南市,龍崎區,崎頂里,212,135447,639,540,299,828,500.84,78.39
台南市,龍崎區,土崎里,116,68015,586,455,339,642,438.36,74.76
台南市,龍崎區,中坑里,18,14400,800,501,318,706,1011.86,126.48
台南市,龍崎區,楠坑里,54,41119,761,580,407,930,710.10,93.25
台南市,龍崎區,牛埔里,78,59230,759,534,372,843,861.35,113.43
台南市,龍崎區,大坪里,66,40327,611,518,354,806,379.59,62.12
台南市,龍崎區,龍船里,66,47289,717,574,308,955,521.08,72.73
台南市,龍崎區,石𥕢里,69,43610,632,462,331,734,540.88,85.58
台南市,永康區,永康里,2485,2198229,885,630,386,1099,878.02,99.26
台南市,永康區,埔園里,3598,3641693,1012,749,446,1303,909.04,89.81
台南市,永康區,網寮里,2194,2139409,975,672,392,1140,2274.88,233.29
台南市,永康區,王行里,759,685249,903,585,350,964,2040.45,226.01
台南市,永康區,龍潭里,3279,2949426,899,681,410,1144,807.14,89.73
台南市,永康區,大灣里,969,755576,780,592,355,999,679.17,87.10
台南市,永康區,東灣里,985,761279,773,555,356,891,905.69,117.18
台南市,永康區,西灣里,2284,1967575,861,633,378,1071,889.03,103.20
台南市,永康區,南灣里,1048,775998,740,593,377,921,616.49,83.26
台南市,永康區,北灣里,2709,2396953,885,667,404,1115,832.55,94.09
台南市,永康區,西勢里,2085,1758381,843,622,392,1063,721.89,85.60
台南市,永康區,新樹里,414,304886,736,582,400,829,614.53,83.45
台南市,永康區,三民里,388,394976,1018,674,371,1150,1417.80,139.28
台南市,永康區,塩行里,2994,2624133,876,611,369,1047,1070.16,122.10
台南市,永康區,蔦松里,528,396618,751,579,344,940,661.62,88.08
台南市,永康區,烏竹里,878,757490,863,670,417,1103,696.20,80.70
台南市,永康區,建國里,502,362304,722,602,347,948,605.94,83.96
台南市,永康區,復興里,376,293199,780,538,313,902,798.37,102.38
台南市,永康區,成功里,522,409832,785,596,366,964,708.11,90.19
台南市,永康區,光復里,107,89051,832,564,329,919,1698.24,204.05
台南市,永康區,神洲里,269,162212,603,489,322,791,430.33,71.36
台南市,永康區,勝利里,2233,1945032,871,626,369,1100,857.82,98.48
台南市,永康區,大橋里,1923,2326186,1210,628,374,1088,12300.65,1016.86
台南市,永康區,五王里,1697,1306300,770,578,361,951,786.77,102.21
台南市,永康區,崑山里,1833,1518371,828,623,394,992,767.94,92.71
台南市,永康區,塩洲里,1981,1734812,876,641,382,1074,859.77,98.18
台南市,永康區,甲頂里,710,547645,771,604,390,913,714.91,92.69
台南市,永康區,復國里,2514,1931630,768,597,376,955,697.50,90.78
台南市,永康區,中興里,998,773593,775,593,377,967,654.91,84.49
台南市,永康區,正強里,2480,2096668,845,624,390,1032,811.67,96.01
台南市,永康區,二王里,2424,2070692,854,644,385,1066,791.64,92.67
台南市,永康區,中華里,956,977515,1023,722,408,1256,1032.66,100.99
台南市,永康區,東橋里,2212,2796153,1264,941,490,1729,1203.73,95.23
台南市,永康區,安康里,1567,1368010,873,632,382,1009,1267.02,145.13
台南市,永康區,西橋里,1007,819426,814,618,385,1031,672.58,82.65
台南市,永康區,六合里,1801,1603687,890,647,389,1096,924.64,103.84
台南市,永康區,三合里,940,688522,732,562,357,933,602.54,82.26
台南市,永康區,尚頂里,1456,1354820,931,623,374,1043,1446.45,155.45
台南市,永康區,復華里,2841,2332321,821,613,382,1007,841.44,102.50
台南市,永康區,龍埔里,78,95756,1228,1047,604,1735,882.21,71.86
台南市,永康區,永明里,95,100806,1061,847,474,1486,780.78,73.58
台南市,永康區,塩興里,59,55744,945,661,453,1239,780.13,82.57
台南市,永康區,北興里,57,64765,1136,911,437,1621,798.81,70.30
高雄市,鹽埕區,藍橋里,372,297608,800,612,341,1101,700.77,87.59
高雄市,鹽埕區,慈愛里,91,86320,949,582,367,932,1337.64,141.02
高雄市,鹽埕區,博愛里,164,110669,675,459,296,718,777.50,115.22
高雄市,鹽埕區,陸橋里,323,233390,723,567,328,921,599.45,82.96
高雄市,鹽埕區,壽星里,328,263583,804,524,294,939,899.50,111.93
高雄市,鹽埕區,中山里,361,334522,927,583,325,1022,1383.04,149.25
高雄市,鹽埕區,瀨南里,160,237990,1487,561,288,1115,5352.48,359.85
高雄市,鹽埕區,新樂里,299,269146,900,520,292,1013,1487.45,165.24
高雄市,鹽埕區,教仁里,654,509182,779,540,317,979,899.25,115.50
高雄市,鹽埕區,中原里,200,183470,917,585,314,845,1696.35,184.92
高雄市,鹽埕區,府北里,430,319593,743,527,304,887,779.75,104.91
高雄市,鹽埕區,育仁里,233,185792,797,596,336,1039,712.69,89.38
高雄市,鹽埕區,光明里,368,324863,883,670,333,1156,881.80,99.89
高雄市,鹽埕區,江西里,316,299465,948,623,361,1100,1121.63,118.36
高雄市,鹽埕區,港都里,273,186522,683,513,272,803,651.60,95.37
高雄市,鹽埕區,新化里,144,94859,659,554,280,887,494.99,75.14
高雄市,鹽埕區,江南里,181,174732,965,585,305,1084,1217.09,126.08
高雄市,鹽埕區,河濱里,604,550509,911,574,319,978,1372.06,150.54
高雄市,鹽埕區,南端里,301,285959,950,532,297,1040,2488.56,261.95
高雄市,鹽埕區,沙地里,212,288369,1360,504,327,896,5453.61,400.93
高雄市,鹽埕區,新豐里,236,205572,871,632,346,1079,975.98,112.04
高雄市,鼓山區,前峰里,1355,1065456,786,593,334,1043,686.09,87.25
高雄市,鼓山區,光榮里,1031,765560,743,562,342,895,723.31,97.41
高雄市,鼓山區,民族里,354,261354,738,549,345,917,705.59,95.57
高雄市,鼓山區,自強里,222,167604,755,551,324,928,846.33,112.10
高雄市,鼓山區,建國里,798,684942,858,579,336,1013,1261.73,147.00
高雄市,鼓山區,內惟里,269,201152,748,562,329,891,716.64,95.84
高雄市,鼓山區,忠正里,1065,773064,726,551,336,888,701.82,96.69
高雄市,鼓山區,龍井里,316,230440,729,565,340,922,758.26,103.98
高雄市,鼓山區,平和里,1122,878815,783,582,339,1011,723.35,92.35
高雄市,鼓山區,龍子里,5837,7316664,1253,862,443,1528,1630.43,130.07
高雄市,鼓山區,鼓岩里,278,170726,614,492,287,761,540.42,88.00
高雄市,鼓山區,樹德里,328,258593,788,559,349,965,731.25,92.75
高雄市,鼓山區,寶樹里,297,206712,696,523,317,838,691.31,99.33
高雄市,鼓山區,綠川里,347,258576,745,571,355,897,1036.39,139.08
高雄市,鼓山區,河邊里,402,286100,712,568,328,903,580.60,81.58
高雄市,鼓山區,興宗里,328,223521,681,541,333,854,547.81,80.39
高雄市,鼓山區,光化里,267,170806,640,474,294,779,639.47,99.96
高雄市,鼓山區,山下里,399,335403,841,596,369,994,786.18,93.52
高雄市,鼓山區,登山里,154,125537,815,512,331,824,993.06,121.82
高雄市,鼓山區,峰南里,204,119098,584,437,298,749,505.85,86.64
高雄市,鼓山區,維生里,390,395727,1015,582,310,1037,2053.24,202.35
高雄市,鼓山區,延平里,233,190116,816,568,317,1023,861.54,105.59
高雄市,鼓山區,新民里,250,174362,697,522,321,862,603.77,86.57
高雄市,鼓山區,惠安里,316,309154,978,615,362,1017,3419.97,349.57
高雄市,鼓山區,壽山里,324,214278,661,522,342,799,657.97,99.49
高雄市,鼓山區,哨船頭里,276,201428,730,546,338,860,759.96,104.13
高雄市,鼓山區,桃源里,163,153166,940,632,378,1358,825.56,87.86
高雄市,鼓山區,正德里,586,427168,729,549,333,899,645.41,88.54
高雄市,鼓山區,厚生里,944,717639,760,593,370,968,625.54,82.29
高雄市,鼓山區,明誠里,5967,6159695,1032,751,403,1319,1052.93,102.00
高雄市,鼓山區,民強里,805,576426,716,554,338,888,651.49,90.98
高雄市,鼓山區,裕豐里,910,887973,976,656,377,1240,1036.20,106.19
高雄市,鼓山區,華豐里,1370,1306027,953,669,351,1114,1576.98,165.42
高雄市,鼓山區,雄峰里,562,386512,688,522,311,852,695.20,101.08
高雄市,鼓山區,鼓峰里,488,301971,619,498,323,773,536.74,86.74
高雄市,鼓山區,麗興里,276,316630,1147,528,312,884,5744.37,500.73
高雄市,鼓山區,龍水里,8677,13252967,1527,968,494,1755,3085.15,201.99
高雄市,鼓山區,裕興里,1068,840296,787,575,345,998,742.53,94.37
高雄市,左營區,自立里,2,3406,1703,1703,1170,2236,1507.91,88.55
高雄市,左營區,崇實里,1323,1319277,997,790,457,1243,992.47,99.53
高雄市,左營區,合群里,808,690679,855,671,386,1036,798.13,93.37
高雄市,左營區,自治里,0,0,0,0,0,0,0.00,0.00
高雄市,左營區,頂西里,259,182212,704,530,337,945,583.15,82.89
高雄市,左營區,頂北里,134,87284,651,536,314,754,593.53,91.12
高雄市,左營區,中北里,133,109364,822,448,310,911,1065.53,129.58
高雄市,左營區,中南里,139,102205,735,551,399,898,593.81,80.76
高雄市,左營區,自助里,120,94932,791,656,387,978,676.17,85.47
高雄市,左營區,自勉里,0,0,0,0,0,0,0.00,0.00
高雄市,左營區,尾西里,293,200058,683,527,308,878,572.32,83.82
高雄市,左營區,尾北里,903,757013,838,613,365,1001,910.07,108.56
高雄市,左營區,廍南里,163,105638,648,510,300,810,589.69,90.99
高雄市,左營區,廟東里,168,109134,650,510,313,782,591.92,91.12
高雄市,左營區,廟北里,199,120896,608,445,300,766,589.84,97.09
高雄市,左營區,尾南里,166,107818,650,494,312,819,642.42,98.91
高雄市,左營區,廍北里,86,72229,840,588,404,999,1169.73,139.27
高雄市,左營區,埤東里,247,188301,762,530,318,903,1346.35,176.60
高雄市,左營區,埤北里,284,193553,682,526,306,872,589.36,86.48
高雄市,左營區,新上里,9089,10279551,1131,756,412,1410,1348.72,119.25
高雄市,左營區,新中里,1507,1402643,931,659,374,1156,1007.12,108.20
高雄市,左營區,新下里,4568,4821693,1056,739,403,1317,1120.04,106.11
高雄市,左營區,聖后里,186,134816,725,521,333,852,651.53,89.89
高雄市,左營區,聖西里,84,68986,821,655,382,987,800.82,97.51
高雄市,左營區,聖南里,124,96978,782,611,362,943,661.67,84.60
高雄市,左營區,埤西里,268,211407,789,569,321,884,922.06,116.89
高雄市,左營區,路東里,208,171186,823,599,320,1067,854.19,103.79
高雄市,左營區,城南里,136,91100,670,506,299,831,579.46,86.50
高雄市,左營區,進學里,384,267432,696,544,323,887,597.08,85.73
高雄市,左營區,屏山里,347,270554,780,569,335,928,888.01,113.89
高雄市,左營區,果惠里,360,249159,692,556,321,867,701.02,101.29
高雄市,左營區,果貿里,787,581402,739,600,350,951,611.16,82.73
高雄市,左營區,海勝里,1513,1031085,681,556,320,858,627.46,92.07
高雄市,左營區,莒光里,517,356780,690,559,331,917,569.89,82.58
高雄市,左營區,永清里,258,273277,1059,1033,831,1246,508.51,48.01
高雄市,左營區,果峰里,384,234592,611,480,299,768,499.00,81.68
高雄市,左營區,光輝里,809,643065,795,609,360,1043,675.72,85.01
高雄市,左營區,菜公里,9963,10640617,1068,780,432,1349,1093.72,102.41
高雄市,左營區,祥和里,62,44721,721,617,386,894,550.61,76.34
高雄市,左營區,新光里,4687,4902541,1046,733,406,1298,1221.42,116.77
高雄市,左營區,明建里,286,265337,928,809,441,1185,659.71,71.11
高雄市,左營區,福山里,11731,12056731,1028,753,430,1283,1130.18,109.96
高雄市,左營區,聖北里,1,138,138,138,138,138,0.00,0.00
高雄市,左營區,路南里,1,2403,2403,2403,2403,2403,0.00,0.00
高雄市,楠梓區,東寧里,1417,1381325,975,768,454,1244,807.24,82.81
高雄市,楠梓區,享平里,1013,827973,817,599,348,1030,799.45,97.81
高雄市,楠梓區,五常里,1904,1426719,749,593,385,963,583.50,77.87
高雄市,楠梓區,惠民里,1309,1077158,823,617,377,1057,770.49,93.63
高雄市,楠梓區,中陽里,987,757068,767,587,364,904,917.63,119.63
高雄市,楠梓區,清豐里,7430,6680132,899,727,423,1165,734.21,81.66
高雄市,楠梓區,稔田里,437,364013,833,605,358,1011,939.22,112.75
高雄市,楠梓區,玉屏里,635,479459,755,603,358,949,594.69,78.76
高雄市,楠梓區,錦屏里,960,758815,790,592,363,1025,692.98,87.67
高雄市,楠梓區,金田里,1007,795037,790,625,369,1020,724.55,91.77
高雄市,楠梓區,廣昌里,829,587379,709,586,376,909,508.58,71.78
高雄市,楠梓區,福昌里,606,485161,801,651,372,982,703.42,87.86
高雄市,楠梓區,泰昌里,380,286663,754,601,357,896,669.02,88.68
高雄市,楠梓區,興昌里,1439,1323353,920,700,417,1127,1085.25,118.01
高雄市,楠梓區,建昌里,827,670863,811,601,364,1066,783.98,96.64
高雄市,楠梓區,中和里,923,774739,839,697,431,1035,727.63,86.69
高雄市,楠梓區,中興里,521,474310,910,719,440,1155,735.64,80.81
高雄市,楠梓區,藍田里,2619,2698077,1030,809,486,1289,923.25,89.62
高雄市,楠梓區,宏毅里,718,673522,938,745,390,1264,769.80,82.06
高雄市,楠梓區,宏南里,352,450168,1279,888,423,1792,1588.92,124.24
高雄市,楠梓區,宏榮里,875,902924,1032,800,421,1308,982.40,95.20
高雄市,楠梓區,和昌里,614,482843,786,609,365,995,668.56,85.02
高雄市,楠梓區,隆昌里,1060,868478,819,608,378,1022,911.57,111.26
高雄市,楠梓區,惠楠里,829,627810,757,556,326,950,791.05,104.45
高雄市,楠梓區,瑞屏里,1246,1005960,807,630,392,1018,674.52,83.55
高雄市,楠梓區,大昌里,570,406214,713,578,357,886,551.52,77.39
高雄市,楠梓區,裕昌里,1515,1372761,906,713,423,1180,838.29,92.51
高雄市,楠梓區,加昌里,2910,2378010,817,638,400,1035,716.06,87.63
高雄市,楠梓區,仁昌里,1755,1354938,772,606,385,977,662.16,85.77
高雄市,楠梓區,惠豐里,1636,1322921,809,650,389,1062,651.85,80.61
高雄市,楠梓區,翠屏里,5383,4254843,790,633,388,1012,681.15,86.18
高雄市,楠梓區,久昌里,912,658830,722,593,374,932,524.32,72.58
高雄市,楠梓區,盛昌里,1969,1671850,849,642,385,1131,735.91,86.67
高雄市,楠梓區,宏昌里,1077,939939,873,655,387,1128,801.71,91.86
高雄市,楠梓區,秀昌里,718,627140,873,657,387,1067,849.17,97.22
高雄市,楠梓區,慶昌里,1129,1006764,892,655,383,1155,832.14,93.32
高雄市,楠梓區,國昌里,1107,884438,799,596,372,1006,691.83,86.59
高雄市,三民區,鼎金里,1168,932686,799,600,373,1010,736.61,92.25
高雄市,三民區,鼎西里,2250,1811762,805,633,388,1020,694.54,86.25
高雄市,三民區,本館里,2774,2415219,871,652,391,1088,821.03,94.30
高雄市,三民區,寶獅里,1114,919421,825,613,363,991,830.30,100.60
高雄市,三民區,灣子里,1293,1170648,905,630,366,1128,943.73,104.24
高雄市,三民區,安東里,1027,1364310,1328,655,368,1141,12148.43,914.49
高雄市,三民區,安生里,474,359256,758,578,306,987,703.01,92.75
高雄市,三民區,港東里,411,369633,899,528,292,860,2731.56,303.73
高雄市,三民區,港西里,192,144657,753,608,319,979,673.17,89.35
高雄市,三民區,港北里,0,0,0,0,0,0,0.00,0.00
高雄市,三民區,博愛里,393,297876,758,506,316,894,1155.85,152.50
高雄市,三民區,建東里,335,238033,711,559,330,936,592.87,83.44
高雄市,三民區,鳳南里,239,178981,749,550,322,955,693.24,92.57
高雄市,三民區,鳳北里,387,294950,762,542,289,965,771.13,101.18
高雄市,三民區,德東里,243,212077,873,628,343,1181,818.21,93.75
高雄市,三民區,德西里,265,257961,973,612,336,1218,1159.59,119.12
高雄市,三民區,德北里,541,475194,878,626,363,1109,858.15,97.70
高雄市,三民區,川東里,342,260664,762,581,349,962,716.38,93.99
高雄市,三民區,千歲里,334,298329,893,667,369,1124,968.81,108.47
高雄市,三民區,千北里,311,243062,782,564,340,1045,725.42,92.82
高雄市,三民區,興德里,556,518566,933,675,374,1193,893.00,95.75
高雄市,三民區,正興里,4035,3940321,977,717,402,1251,946.17,96.89
高雄市,三民區,十全里,528,529734,1003,637,336,1174,1538.52,153.35
高雄市,三民區,豐裕里,696,501158,720,565,368,886,615.95,85.54
高雄市,三民區,力行里,311,210643,677,481,295,879,621.53,91.76
高雄市,三民區,立誠里,190,162043,853,596,325,1143,1022.41,119.88
高雄市,三民區,立德里,382,283637,743,572,329,942,637.80,85.90
高雄市,三民區,達德里,484,516364,1067,673,352,1140,1530.88,143.49
高雄市,三民區,灣華里,819,658532,804,590,348,1006,744.61,92.61
高雄市,三民區,灣中里,1646,1398179,849,637,367,1063,805.57,94.84
高雄市,三民區,灣復里,1038,778381,750,577,357,935,705.31,94.06
高雄市,三民區,灣興里,602,698620,1160,726,380,1354,2957.02,254.81
高雄市,三民區,寶珠里,1632,1351037,828,619,355,1096,750.22,90.62
高雄市,三民區,民享里,710,584013,823,595,313,1038,881.81,107.20
高雄市,三民區,安宜里,955,803858,842,601,345,1005,945.13,112.28
高雄市,三民區,同德里,913,830649,910,617,362,1119,961.43,105.67
高雄市,三民區,精華里,482,453016,940,630,348,1131,980.25,104.30
高雄市,三民區,長明里,337,277842,824,561,318,1091,882.49,107.04
高雄市,三民區,裕民里,404,395815,980,729,399,1174,967.90,98.79
高雄市,三民區,寶龍里,1278,1214405,950,640,363,1159,1130.71,118.99
高雄市,三民區,港新里,529,526551,995,638,345,1181,1232.37,123.81
高雄市,三民區,博惠里,1351,1148357,850,620,358,1050,827.34,97.33
高雄市,三民區,立業里,254,183598,723,537,316,939,729.43,100.91
高雄市,三民區,十美里,594,491735,828,597,324,1004,873.40,105.50
高雄市,三民區,德行里,352,302918,861,604,359,1063,843.05,97.96
高雄市,三民區,安邦里,1215,1089936,897,649,385,1117,870.45,97.03
高雄市,三民區,千秋里,509,323925,636,512,330,782,604.32,94.96
高雄市,三民區,灣勝里,542,376835,695,549,347,881,555.43,79.89
高雄市,三民區,灣利里,939,689252,734,564,352,916,623.23,84.91
高雄市,三民區,達明里,520,487447,937,606,355,1052,1622.17,173.05
高雄市,三民區,達勇里,338,320540,948,613,350,1087,1525.59,160.87
高雄市,三民區,達仁里,509,459503,903,616,341,1146,971.71,107.64
高雄市,三民區,灣愛里,774,558412,721,533,339,898,645.17,89.43
高雄市,三民區,安和里,792,968964,1223,610,365,1046,6755.51,552.17
高雄市,三民區,德智里,731,653119,893,594,325,1145,931.43,104.25
高雄市,三民區,寶興里,2222,1977195,890,639,358,1087,1639.51,184.25
高雄市,三民區,安康里,563,362493,644,561,339,840,466.36,72.43
高雄市,三民區,安寧里,358,223982,626,512,304,812,494.90,79.10
高雄市,三民區,鼎盛里,2483,2005930,808,631,385,1028,685.86,84.90
高雄市,三民區,鼎泰里,7413,8229390,1110,769,424,1372,1346.02,121.25
高雄市,三民區,本武里,510,448094,879,645,364,1195,795.17,90.50
高雄市,三民區,本文里,620,492176,794,614,353,1020,669.27,84.31
高雄市,三民區,寶盛里,1724,1618418,939,685,387,1185,962.67,102.55
高雄市,三民區,寶華里,1085,1039609,958,642,369,1219,1296.39,135.30
高雄市,三民區,寶民里,1047,980932,937,668,384,1188,912.18,97.36
高雄市,三民區,寶中里,910,734171,807,588,339,1038,770.02,95.44
高雄市,三民區,寶玉里,2716,2303988,848,626,376,1069,790.98,93.24
高雄市,三民區,灣成里,638,519773,815,625,362,1048,772.54,94.83
高雄市,三民區,安吉里,1480,1278971,864,598,332,1077,1116.31,129.18
高雄市,三民區,安泰里,1258,1091919,868,635,364,1092,819.80,94.45
高雄市,三民區,德仁里,649,640625,987,623,385,1092,1761.87,178.49
高雄市,三民區,寶國里,2539,2340740,922,671,385,1176,965.52,104.73
高雄市,三民區,正順里,1311,1194627,911,652,364,1141,950.71,104.33
高雄市,三民區,安發里,1502,1403309,934,648,382,1101,1102.76,118.03
高雄市,三民區,鼎中里,1148,971023,846,625,377,1070,764.66,90.40
高雄市,三民區,寶業里,1908,2043065,1071,725,386,1329,1251.95,116.92
高雄市,三民區,寶慶里,862,731972,849,644,363,1118,731.89,86.19
高雄市,三民區,寶德里,1693,1371606,810,596,359,965,850.02,104.92
高雄市,三民區,寶泰里,1311,1143237,872,598,361,1061,874.20,100.25
高雄市,三民區,寶安里,2332,2154341,924,642,374,1151,1044.50,113.06
高雄市,三民區,本元里,1717,1579716,920,657,383,1134,888.87,96.61
高雄市,三民區,本安里,1602,1645876,1027,692,390,1288,1125.07,109.51
高雄市,三民區,本上里,1737,1898519,1093,728,418,1427,1178.57,107.83
高雄市,三民區,本揚里,2640,2736406,1037,723,404,1281,1313.69,126.74
高雄市,三民區,鼎力里,1230,1051390,855,637,395,1067,755.81,88.42
高雄市,三民區,鼎強里,1192,930308,780,622,366,985,637.99,81.75
高雄市,三民區,本和里,2481,2292585,924,668,386,1161,984.88,106.58
高雄市,新興區,大明里,312,260019,833,560,314,958,1065.99,127.91
高雄市,新興區,明莊里,190,189849,999,558,307,1072,1635.41,163.67
高雄市,新興區,仁聲里,308,274160,890,610,330,1135,944.28,106.08
高雄市,新興區,漢民里,221,227386,1029,568,317,1095,1599.54,155.46
高雄市,新興區,華聲里,357,336734,943,567,299,1010,1769.54,187.60
高雄市,新興區,玉衡里,255,215407,845,592,328,942,1196.89,141.69
高雄市,新興區,榮治里,229,455765,1990,864,408,1717,4176.63,209.86
高雄市,新興區,浩然里,678,670291,989,656,342,1177,1092.83,110.54
高雄市,新興區,振成里,430,541126,1258,668,342,1315,3038.71,241.47
高雄市,新興區,德生里,1179,1488554,1263,722,382,1471,2067.04,163.72
高雄市,新興區,成功里,454,556662,1226,664,334,1259,2328.39,189.90
高雄市,新興區,愛平里,339,314375,927,632,312,1188,969.87,104.58
高雄市,新興區,新江里,377,327829,870,594,322,1072,911.50,104.82
高雄市,新興區,黎明里,269,252539,939,550,305,949,2824.39,300.85
高雄市,新興區,秋山里,260,193047,742,549,291,939,704.97,94.95
高雄市,新興區,長驛里,280,207035,739,579,314,948,725.33,98.10
高雄市,新興區,建興里,288,231693,804,592,323,967,884.37,109.93
高雄市,新興區,德望里,691,713151,1032,639,347,1194,1455.27,141.01
高雄市,新興區,中東里,795,743542,935,597,340,1066,1313.65,140.46
高雄市,新興區,東坡里,361,310698,861,628,331,1016,1011.60,117.54
高雄市,新興區,蕉園里,260,265364,1021,613,322,1259,1202.44,117.81
高雄市,新興區,德政里,223,191815,860,568,307,1024,1026.52,119.34
高雄市,新興區,南港里,625,588115,941,614,324,1050,1946.84,206.89
高雄市,新興區,開平里,1299,1800336,1386,751,379,1445,4761.43,343.55
高雄市,新興區,光耀里,739,678348,918,640,344,1133,1274.49,138.84
高雄市,新興區,永寧里,500,512408,1025,653,376,1217,1171.25,114.29
高雄市,新興區,順昌里,619,606926,980,603,326,1061,2811.37,286.73
高雄市,新興區,正氣里,469,474906,1013,680,354,1259,1181.76,116.71
高雄市,新興區,建華里,245,208244,850,551,284,1027,978.90,115.17
高雄市,新興區,振華里,378,524904,1389,712,394,1500,4499.29,324.01
高雄市,新興區,文昌里,1018,1300379,1277,797,391,1590,1553.14,121.59
高雄市,新興區,興昌里,574,572916,998,645,331,1145,1264.99,126.74
高雄市,前金區,青山里,612,724468,1184,698,410,1318,2009.51,169.76
高雄市,前金區,長興里,332,283560,854,601,317,1109,865.62,101.35
高雄市,前金區,民生里,285,294054,1032,644,313,1130,1407.08,136.38
高雄市,前金區,東金里,339,483639,1427,699,304,1337,3938.87,276.09
高雄市,前金區,林投里,209,265329,1270,574,329,1044,4822.75,379.89
高雄市,前金區,後金里,222,236890,1067,646,372,1321,1610.65,150.94
高雄市,前金區,文東里,426,908722,2133,682,335,1263,22075.13,1034.86
高雄市,前金區,長生里,581,708032,1219,736,339,1393,1792.82,147.12
高雄市,前金區,博孝里,324,316737,978,679,319,1242,1148.34,117.47
高雄市,前金區,復元里,358,398745,1114,678,403,1348,1252.62,112.46
高雄市,前金區,社東里,599,820152,1369,708,400,1409,2960.91,216.25
高雄市,前金區,社西里,390,412157,1057,685,376,1175,1569.68,148.53
高雄市,前金區,國民里,335,458797,1370,679,344,1363,2788.29,203.59
高雄市,前金區,新生里,1322,1370828,1037,680,365,1252,1384.00,133.47
高雄市,前金區,北金里,250,212214,849,557,314,1037,925.46,109.02
高雄市,前金區,榮復里,373,331019,887,552,296,1011,2171.90,244.73
高雄市,前金區,文西里,326,334382,1026,582,321,1027,2185.41,213.06
高雄市,前金區,草江里,364,351840,967,631,341,1316,1000.87,103.55
高雄市,前金區,長城里,381,349722,918,624,350,1067,1041.71,113.49
高雄市,前金區,三川里,179,138955,776,570,343,954,723.43,93.19
高雄市,苓雅區,博仁里,263,325629,1238,640,337,1362,1618.59,130.73
高雄市,苓雅區,苓洲里,499,554907,1112,658,377,1242,1517.02,136.42
高雄市,苓雅區,苓昇里,317,247259,780,575,310,1022,707.86,90.75
高雄市,苓雅區,苓雅里,469,401042,855,600,342,1028,1051.07,122.92
高雄市,苓雅區,苓中里,498,369031,741,556,312,946,704.34,95.05
高雄市,苓雅區,苓東里,439,388935,886,612,328,1016,1140.66,128.75
高雄市,苓雅區,城東里,689,734714,1066,709,407,1274,1468.62,137.72
高雄市,苓雅區,城北里,507,449263,886,599,335,1068,1014.53,114.49
高雄市,苓雅區,城西里,149,102609,689,492,316,794,697.26,101.25
高雄市,苓雅區,意誠里,1108,879919,794,569,349,938,884.24,111.34
高雄市,苓雅區,鼓中里,285,245176,860,651,304,1081,1221.79,142.02
高雄市,苓雅區,田西里,428,392981,918,644,340,1204,974.71,106.16
高雄市,苓雅區,日中里,746,742027,995,652,357,1275,1128.70,113.47
高雄市,苓雅區,美田里,382,299062,783,581,321,1018,722.44,92.28
高雄市,苓雅區,林西里,526,463189,881,611,372,1030,949.06,107.78
高雄市,苓雅區,林南里,1087,1315880,1211,735,372,1477,2129.40,175.90
高雄市,苓雅區,林德里,644,705720,1096,668,365,1311,1384.90,126.38
高雄市,苓雅區,福海里,326,258114,792,568,346,915,830.10,104.84
高雄市,苓雅區,福南里,494,380690,771,588,354,955,732.23,95.02
高雄市,苓雅區,福西里,456,317720,697,554,354,866,598.43,85.89
高雄市,苓雅區,福東里,800,618376,773,590,357,924,814.78,105.41
高雄市,苓雅區,五福里,1136,882018,776,566,328,958,747.07,96.22
高雄市,苓雅區,仁政里,482,506627,1051,674,348,1266,1596.17,151.86
高雄市,苓雅區,凱旋里,690,816436,1183,711,371,1362,1751.65,148.04
高雄市,苓雅區,人和里,571,488780,856,612,311,1112,872.70,101.95
高雄市,苓雅區,和煦里,663,605787,914,614,339,1152,990.34,108.39
高雄市,苓雅區,普照里,1156,1610570,1393,693,389,1353,4375.75,314.07
高雄市,苓雅區,晴朗里,421,750299,1782,717,350,1314,8138.40,456.65
高雄市,苓雅區,廣澤里,553,538580,974,672,380,1138,1118.72,114.87
高雄市,苓雅區,奏捷里,492,436016,886,570,322,1144,919.17,103.72
高雄市,苓雅區,永康里,710,680499,958,604,350,1072,2066.61,215.62
高雄市,苓雅區,林圍里,928,1258720,1356,762,404,1548,3415.56,251.81
高雄市,苓雅區,林興里,371,277461,748,576,338,899,705.34,94.31
高雄市,苓雅區,林靖里,568,502546,885,639,399,1172,741.89,83.85
高雄市,苓雅區,同慶里,784,1033202,1318,895,445,1659,1458.25,110.65
高雄市,苓雅區,福隆里,786,626480,797,618,345,1013,717.74,90.05
高雄市,苓雅區,福康里,532,398704,749,592,359,934,650.27,86.77
高雄市,苓雅區,福人里,576,429740,746,567,321,955,676.36,90.66
高雄市,苓雅區,福地里,769,557802,725,575,336,931,617.53,85.13
高雄市,苓雅區,福居里,730,518039,710,553,325,917,598.02,84.27
高雄市,苓雅區,五權里,716,686422,959,645,368,1124,1068.72,111.48
高雄市,苓雅區,正義里,855,1029549,1204,770,435,1498,1275.70,105.94
高雄市,苓雅區,福壽里,431,356847,828,529,322,924,1179.88,142.51
高雄市,苓雅區,林中里,1010,861632,853,613,318,1087,910.27,106.70
高雄市,苓雅區,華堂里,967,878814,909,628,351,1077,1755.98,193.22
高雄市,苓雅區,朝陽里,485,429094,885,627,373,1046,1630.29,184.27
高雄市,苓雅區,林華里,890,721165,810,593,350,1022,737.17,90.97
高雄市,苓雅區,林榮里,1341,1125086,839,574,354,1018,913.16,108.84
高雄市,苓雅區,正心里,1267,1122517,886,616,365,1093,991.57,111.92
高雄市,苓雅區,福祥里,355,270720,763,564,345,924,732.45,96.05
高雄市,苓雅區,安祥里,859,1122586,1307,731,403,1351,3423.03,261.93
高雄市,苓雅區,中正里,1084,1335099,1232,771,421,1481,1982.30,160.95
高雄市,苓雅區,普天里,1247,1271263,1019,695,370,1268,1143.42,112.16
高雄市,苓雅區,林富里,742,1203119,1621,836,419,1599,4056.69,250.19
高雄市,苓雅區,民主里,1305,1196973,917,586,343,1074,2502.01,272.78
高雄市,苓雅區,正仁里,804,676416,841,617,347,1069,865.61,102.89
高雄市,苓雅區,林貴里,693,722259,1042,711,390,1365,1043.04,100.08
高雄市,苓雅區,正大里,1725,1572053,911,625,351,1081,996.60,109.36
高雄市,苓雅區,光華里,164,141702,864,682,439,1050,752.98,87.15
高雄市,苓雅區,正道里,1353,1075495,795,594,350,1000,722.37,90.88
高雄市,苓雅區,衛武里,579,415081,717,550,334,885,666.68,93.00
高雄市,苓雅區,英明里,615,515001,837,594,346,1017,915.31,109.30
高雄市,苓雅區,林泉里,730,861433,1180,754,414,1521,1272.61,107.84
高雄市,苓雅區,尚義里,558,780871,1399,824,409,1522,2424.13,173.23
高雄市,苓雅區,林安里,503,482064,958,692,397,1231,915.31,95.51
高雄市,苓雅區,正文里,754,702831,932,665,354,1189,1271.50,136.41
高雄市,苓雅區,正言里,974,823157,845,596,336,1059,857.92,101.51
高雄市,苓雅區,文昌里,1191,917726,771,616,360,979,632.42,82.07
高雄市,苓雅區,建軍里,573,402595,703,540,342,875,567.77,80.81
高雄市,前鎮區,鎮北里,290,215944,745,547,329,877,792.49,106.43
高雄市,前鎮區,草衙里,2523,1712545,679,538,349,866,548.67,80.83
高雄市,前鎮區,前鎮里,320,226160,707,543,344,906,587.74,83.16
高雄市,前鎮區,興邦里,1006,966542,961,756,438,1215,825.60,85.93
高雄市,前鎮區,興化里,151,113907,754,613,423,920,542.63,71.93
高雄市,前鎮區,鎮中里,189,122031,646,494,342,770,508.65,78.78
高雄市,前鎮區,振興里,842,904312,1074,682,373,1251,1681.00,156.52
高雄市,前鎮區,西甲里,689,698413,1014,713,383,1275,1014.00,100.03
高雄市,前鎮區,竹內里,805,658886,818,593,353,1060,783.56,95.73
高雄市,前鎮區,西山里,1190,1081844,909,618,382,1114,1018.35,112.02
高雄市,前鎮區,良和里,1037,1083633,1045,702,379,1324,1269.43,121.48
高雄市,前鎮區,建隆里,447,868950,1944,940,434,2186,4213.74,216.76
高雄市,前鎮區,興中里,915,784254,857,587,371,975,1064.22,124.16
高雄市,前鎮區,忠誠里,693,539336,778,698,429,989,574.81,73.86
高雄市,前鎮區,忠純里,1506,1101470,731,584,336,953,622.86,85.16
高雄市,前鎮區,瑞竹里,499,462758,927,757,432,1226,707.86,76.33
高雄市,前鎮區,復國里,824,741658,900,597,341,1109,1032.33,114.69
高雄市,前鎮區,鎮東里,453,328161,724,566,350,932,619.20,85.48
高雄市,前鎮區,忠孝里,960,1008058,1050,648,353,1244,1441.17,137.25
高雄市,前鎮區,仁愛里,326,233396,716,523,338,769,1454.15,203.11
高雄市,前鎮區,興仁里,136,83621,615,521,353,813,409.93,66.67
高雄市,前鎮區,信義里,349,243335,697,539,318,872,699.18,100.28
高雄市,前鎮區,平等里,588,494284,841,607,374,1049,743.35,88.43
高雄市,前鎮區,明道里,215,165637,770,631,402,933,731.31,94.93
高雄市,前鎮區,明禮里,344,250292,728,575,373,916,632.17,86.88
高雄市,前鎮區,瑞豐里,793,647560,817,607,381,1071,786.51,96.32
高雄市,前鎮區,鎮陽里,250,191290,765,537,322,931,769.17,100.52
高雄市,前鎮區,盛興里,908,782635,862,626,354,1038,942.94,109.40
高雄市,前鎮區,鎮榮里,539,371797,690,553,352,906,547.37,79.35
高雄市,前鎮區,瑞南里,1332,1112240,835,627,391,1024,746.79,89.43
高雄市,前鎮區,瑞崗里,742,554045,747,546,330,932,698.84,93.59
高雄市,前鎮區,瑞東里,714,558027,782,611,371,1021,625.04,79.97
高雄市,前鎮區,瑞北里,963,731182,759,575,381,975,670.89,88.36
高雄市,前鎮區,瑞西里,741,544337,735,578,343,941,611.60,83.26
高雄市,前鎮區,瑞興里,741,577957,780,591,355,1002,747.12,95.79
高雄市,前鎮區,瑞和里,538,418110,777,609,349,1021,770.48,99.14
高雄市,前鎮區,瑞隆里,988,786494,796,620,369,999,678.42,85.22
高雄市,前鎮區,信德里,513,332539,648,532,346,825,477.15,73.61
高雄市,前鎮區,鎮昌里,524,367535,701,562,358,867,561.15,80.00
高雄市,前鎮區,明正里,1694,1409425,832,631,377,1073,728.31,87.54
高雄市,前鎮區,竹西里,1439,1263409,878,619,374,1107,790.46,90.03
高雄市,前鎮區,平昌里,139,91761,660,503,302,929,501.86,76.02
高雄市,前鎮區,明孝里,658,495131,752,567,350,917,843.96,112.16
高雄市,前鎮區,瑞祥里,1453,1245627,857,631,373,1087,862.18,100.57
高雄市,前鎮區,瑞平里,1129,938754,831,634,381,1028,791.21,95.16
高雄市,前鎮區,德昌里,514,327696,638,550,342,835,457.89,71.82
高雄市,前鎮區,明義里,677,487248,720,589,360,937,521.47,72.45
高雄市,前鎮區,鎮海里,1283,1077728,840,596,368,1040,780.84,92.96
高雄市,前鎮區,竹東里,684,506960,741,550,326,876,886.90,119.66
高雄市,前鎮區,竹南里,2477,2738896,1106,813,438,1441,1058.45,95.72
高雄市,前鎮區,竹北里,741,682873,922,625,351,1176,1271.11,137.93
高雄市,前鎮區,瑞誠里,793,587766,741,595,356,933,619.63,83.60
高雄市,前鎮區,瑞華里,1457,1277090,877,651,373,1124,777.68,88.72
高雄市,前鎮區,瑞昌里,957,783045,818,636,390,1067,661.70,80.87
高雄市,前鎮區,瑞文里,728,567633,780,557,335,971,874.70,112.18
高雄市,前鎮區,竹中里,1167,987945,847,623,341,1081,819.86,96.85
高雄市,前鎮區,民權里,1456,1518698,1043,709,375,1340,1187.18,113.82
高雄市,前鎮區,盛豐里,946,827878,875,620,361,1092,943.40,107.80
高雄市,前鎮區,興東里,1866,1734419,929,671,373,1226,847.76,91.21
高雄市,旗津區,旗下里,294,197503,672,504,297,831,604.68,90.01
高雄市,旗津區,永安里,231,140299,607,502,328,799,423.55,69.74
高雄市,旗津區,振興里,386,271950,705,556,323,830,796.57,113.06
高雄市,旗津區,慈愛里,446,291471,654,537,324,840,538.12,82.34
高雄市,旗津區,復興里,626,388936,621,518,309,773,516.98,83.21
高雄市,旗津區,實踐里,288,162412,564,488,320,729,371.65,65.90
高雄市,旗津區,上竹里,580,404176,697,590,371,871,507.80,72.87
高雄市,旗津區,南汕里,434,304033,701,582,385,859,552.28,78.84
高雄市,旗津區,中洲里,391,266353,681,523,361,868,519.70,76.29
高雄市,旗津區,安順里,165,102539,621,515,352,781,539.10,86.75
高雄市,旗津區,中興里,640,449514,702,554,364,875,545.99,77.74
高雄市,旗津區,北汕里,511,318323,623,520,291,804,570.19,91.53
高雄市,旗津區,中華里,342,207200,606,488,324,750,481.77,79.52
高雄市,小港區,小港里,695,590305,849,605,365,1050,807.18,95.03
高雄市,小港區,港墘里,580,488036,841,609,381,1070,800.90,95.18
高雄市,小港區,鳳宮里,878,704088,802,645,382,1057,629.71,78.52
高雄市,小港區,店鎮里,1906,1618873,849,624,381,1081,761.63,89.67
高雄市,小港區,山東里,980,806313,823,640,400,1043,657.03,79.86
高雄市,小港區,孔宅里,1345,969130,721,582,354,923,558.96,77.58
高雄市,小港區,高松里,1179,907377,770,612,365,1006,601.16,78.11
高雄市,小港區,大坪里,807,632224,783,614,389,1055,600.61,76.66
高雄市,小港區,坪頂里,1780,1419633,798,622,385,990,742.85,93.14
高雄市,小港區,鳳森里,691,579543,839,679,404,1113,645.58,76.97
高雄市,小港區,鳳林里,913,741206,812,631,392,1093,612.96,75.50
高雄市,小港區,鳳興里,789,622513,789,612,372,1023,640.04,81.12
高雄市,小港區,鳳源里,1096,874463,798,624,385,1070,592.99,74.32
高雄市,小港區,鳳鳴里,896,694431,775,635,384,997,564.77,72.87
高雄市,小港區,青島里,684,496741,726,563,372,932,555.29,76.46
高雄市,小港區,濟南里,1381,1188711,861,666,404,1110,751.05,87.25
高雄市,小港區,港口里,1251,1267674,1013,700,398,1243,1091.29,107.69
高雄市,小港區,港興里,724,588827,813,614,365,1027,667.16,82.03
高雄市,小港區,二苓里,1200,967632,806,621,363,1017,669.45,83.02
高雄市,小港區,大苓里,854,691379,810,569,346,1008,828.05,102.28
高雄市,小港區,中厝里,1047,767465,733,557,365,897,629.63,85.90
高雄市,小港區,山明里,3542,2837606,801,633,398,1048,621.66,77.60
高雄市,小港區,廈莊里,1167,941261,807,664,394,1045,618.50,76.68
高雄市,小港區,桂林里,2375,1857742,782,607,367,982,675.94,86.41
高雄市,小港區,龍鳳里,959,838014,874,678,390,1125,699.96,80.10
高雄市,小港區,港南里,666,581594,873,639,394,1185,705.81,80.82
高雄市,小港區,港明里,933,699700,750,593,364,969,639.23,85.24
高雄市,小港區,港后里,817,656188,803,610,365,1015,788.12,98.13
高雄市,小港區,港正里,896,749613,837,644,375,1140,666.27,79.64
高雄市,小港區,合作里,720,529747,736,575,361,941,576.04,78.29
高雄市,小港區,松山里,1151,1007891,876,669,403,1163,727.41,83.07
高雄市,小港區,松金里,834,675158,810,614,367,967,802.81,99.17
高雄市,小港區,泰山里,1135,1023253,902,705,402,1181,716.91,79.52
高雄市,小港區,三苓里,892,750438,841,604,363,1095,723.04,85.94
高雄市,小港區,正苓里,1317,1061371,806,595,379,1023,684.61,84.95
高雄市,小港區,順苓里,1426,1144488,803,625,361,1057,717.57,89.41
高雄市,小港區,宏亮里,1030,882447,857,666,389,1123,765.32,89.33
高雄市,小港區,六苓里,914,855424,936,686,391,1275,797.51,85.21
高雄市,鳳山區,成功里,197,155580,790,557,317,1023,759.77,96.20
高雄市,鳳山區,和德里,687,663220,965,729,395,1263,999.24,103.51
高雄市,鳳山區,和興里,1529,1316016,861,641,366,1082,1214.76,141.14
高雄市,鳳山區,南興里,255,215485,845,607,334,1056,877.89,103.89
高雄市,鳳山區,鎮南里,1456,1285293,883,623,384,1052,1299.49,147.21
高雄市,鳳山區,興仁里,1038,799335,770,613,365,988,615.19,79.89
高雄市,鳳山區,鳳崗里,370,333573,902,656,409,1166,944.63,104.78
高雄市,鳳山區,曹公里,642,607892,947,636,360,1122,1192.03,125.89
高雄市,鳳山區,鎮北里,2924,2391054,818,651,388,1018,710.72,86.91
高雄市,鳳山區,縣衙里,242,180043,744,556,355,1030,622.58,83.68
高雄市,鳳山區,文山里,1878,1615878,860,617,367,1069,882.95,102.62
高雄市,鳳山區,文英里,1149,950510,827,655,367,1085,780.72,94.38
高雄市,鳳山區,中和里,1108,930715,840,625,365,1064,728.21,86.69
高雄市,鳳山區,忠義里,1413,1289734,913,655,373,1151,967.96,106.05
高雄市,鳳山區,誠義里,1476,1512163,1025,797,444,1392,860.36,83.98
高雄市,鳳山區,縣口里,131,101723,777,456,230,853,1160.62,149.47
高雄市,鳳山區,光明里,412,434936,1056,572,315,1053,3263.49,309.14
高雄市,鳳山區,三民里,334,305860,916,601,333,1050,1064.81,116.28
高雄市,鳳山區,鎮東里,699,514670,736,575,336,920,733.68,99.65
高雄市,鳳山區,鎮西里,1497,1217698,813,586,336,976,852.13,104.76
高雄市,鳳山區,興中里,284,267388,942,720,418,1246,800.93,85.07
高雄市,鳳山區,中正里,987,689052,698,580,341,895,533.39,76.40
高雄市,鳳山區,新興里,409,346957,848,592,328,1002,975.20,114.96
高雄市,鳳山區,埤頂里,1876,1454079,775,618,367,970,701.37,90.49
高雄市,鳳山區,過埤里,4616,4224104,915,744,429,1198,715.02,78.14
高雄市,鳳山區,生明里,595,441289,742,579,343,916,622.05,83.87
高雄市,鳳山區,誠德里,749,590661,789,611,384,1027,655.98,83.18
高雄市,鳳山區,瑞竹里,1456,1129858,776,600,359,992,674.65,86.94
高雄市,鳳山區,老爺里,2005,1480018,738,588,359,975,605.60,82.04
高雄市,鳳山區,五福里,927,722600,780,601,367,986,653.17,83.79
高雄市,鳳山區,海光里,933,663000,711,566,357,916,555.32,78.15
高雄市,鳳山區,協和里,1125,1095977,974,707,398,1255,1206.12,123.81
高雄市,鳳山區,忠誠里,1111,918077,826,605,360,1020,781.13,94.53
高雄市,鳳山區,北門里,1101,778076,707,556,329,880,661.00,93.53
高雄市,鳳山區,富甲里,492,324388,659,554,340,835,525.12,79.64
高雄市,鳳山區,南成里,2600,2216128,852,664,396,1103,714.58,83.84
高雄市,鳳山區,東門里,1512,1085044,718,564,340,924,586.77,81.77
高雄市,鳳山區,一甲里,1026,747003,728,567,337,917,621.66,85.38
高雄市,鳳山區,正義里,1832,1393784,761,582,348,956,695.04,91.36
高雄市,鳳山區,武漢里,1514,1178482,778,585,353,1008,715.58,91.93
高雄市,鳳山區,新甲里,870,702588,808,614,367,1061,665.68,82.43
高雄市,鳳山區,福興里,1652,1206854,731,559,341,937,594.52,81.38
高雄市,鳳山區,福誠里,1517,1339889,883,670,390,1130,810.65,91.78
高雄市,鳳山區,瑞興里,1472,1284392,873,676,382,1090,884.90,101.42
高雄市,鳳山區,國泰里,1110,839809,757,611,364,998,584.21,77.22
高雄市,鳳山區,新強里,1687,1544166,915,644,377,1191,897.30,98.03
高雄市,鳳山區,天興里,1069,778040,728,580,350,916,589.75,81.03
高雄市,鳳山區,鳳東里,1934,1694466,876,668,383,1133,755.59,86.24
高雄市,鳳山區,忠孝里,1663,1340681,806,587,359,1035,823.68,102.17
高雄市,鳳山區,文德里,3182,3358063,1055,717,401,1270,1266.32,119.99
高雄市,鳳山區,文華里,2684,2434498,907,675,372,1173,873.70,96.32
高雄市,鳳山區,國光里,1022,704002,689,541,336,866,553.53,80.36
高雄市,鳳山區,國隆里,769,513731,668,527,316,850,545.65,81.68
高雄市,鳳山區,新富里,1228,933060,760,588,355,934,640.50,84.30
高雄市,鳳山區,大德里,1342,1073790,800,639,375,1036,696.30,87.02
高雄市,鳳山區,武松里,781,583181,747,554,328,906,749.40,100.36
高雄市,鳳山區,文衡里,1426,1362279,955,748,403,1218,961.20,100.62
高雄市,鳳山區,文福里,3242,2991967,923,689,410,1172,945.68,102.47
高雄市,鳳山區,誠信里,616,427127,693,545,339,878,581.99,83.93
高雄市,鳳山區,誠智里,813,591441,727,587,350,922,573.66,78.86
高雄市,鳳山區,國富里,903,778072,862,679,400,1156,677.18,78.59
高雄市,鳳山區,武慶里,756,594081,786,575,350,961,759.00,96.59
高雄市,鳳山區,海洋里,1227,1062252,866,633,358,1152,825.10,95.31
高雄市,鳳山區,新武里,680,521181,766,585,360,979,619.04,80.77
高雄市,鳳山區,新樂里,1449,1284332,886,645,378,1120,922.81,104.11
高雄市,鳳山區,新泰里,1357,1176572,867,652,373,1149,770.03,88.81
高雄市,鳳山區,中崙里,803,576839,718,603,361,906,533.56,74.28
高雄市,鳳山區,中榮里,1212,835308,689,546,357,834,559.07,81.12
高雄市,鳳山區,中民里,1319,914280,693,552,333,877,574.75,82.92
高雄市,鳳山區,二甲里,1409,1063049,754,570,346,963,642.04,85.10
高雄市,鳳山區,龍成里,845,642821,761,587,373,951,669.56,88.01
高雄市,鳳山區,富榮里,765,635694,831,637,379,1053,857.19,103.16
高雄市,鳳山區,善美里,1711,1299891,760,589,358,951,712.68,93.81
高雄市,鳳山區,南和里,779,592857,761,564,351,931,710.90,93.41
高雄市,鳳山區,福祥里,816,666791,817,582,350,983,1103.55,135.05
高雄市,鳳山區,保安里,2227,2132105,957,756,446,1282,757.04,79.07
高雄市,鳥松區,鳥松里,3391,4428840,1306,741,403,1373,5629.10,431.00
高雄市,鳥松區,夢裡里,1754,2440403,1391,798,414,1627,1901.95,136.70
高雄市,鳥松區,大華里,3673,5892302,1604,764,404,1557,5623.39,350.54
高雄市,鳥松區,仁美里,1651,1203773,729,573,342,902,662.14,90.81
高雄市,鳥松區,坔埔里,1028,861834,838,596,362,993,887.89,105.91
高雄市,鳥松區,大竹里,185,150101,811,608,344,1064,788.56,97.19
高雄市,鳥松區,華美里,1176,937527,797,577,352,964,948.42,118.97
高雄市,仁武區,仁武里,1580,1194879,756,582,349,995,636.36,84.15
高雄市,仁武區,文武里,2659,2122196,798,618,358,1003,766.85,96.08
高雄市,仁武區,竹後里,599,401736,671,542,322,845,621.35,92.64
高雄市,仁武區,八卦里,5401,4789973,887,689,401,1156,756.76,85.33
高雄市,仁武區,大灣里,1263,1055867,836,613,364,1061,823.85,98.55
高雄市,仁武區,灣內里,2408,2101951,873,650,385,1105,811.96,93.02
高雄市,仁武區,考潭里,815,590330,724,562,331,919,633.58,87.47
高雄市,仁武區,烏林里,981,654474,667,529,325,839,560.77,84.05
高雄市,仁武區,仁福里,183,136483,746,554,301,833,784.25,105.15
高雄市,仁武區,高楠里,482,351597,729,529,342,921,651.24,89.28
高雄市,仁武區,後安里,642,416725,649,529,347,833,480.46,74.02
高雄市,仁武區,中華里,410,237684,580,508,333,749,399.12,68.85
高雄市,仁武區,五和里,1360,1005301,739,591,364,951,602.31,81.48
高雄市,仁武區,仁和里,1249,1139683,912,653,369,1127,1076.64,117.99
高雄市,仁武區,赤山里,2018,1847355,915,672,391,1159,933.58,101.98
高雄市,仁武區,仁慈里,782,819125,1047,715,410,1228,1351.08,128.98
高雄市,大社區,大社里,1475,1159622,786,603,368,1020,661.24,84.11
高雄市,大社區,嘉誠里,187,119588,640,522,327,753,568.32,88.87
高雄市,大社區,保社里,1001,794233,793,616,361,1024,745.56,93.97
高雄市,大社區,翠屏里,477,359420,754,598,370,951,607.96,80.68
高雄市,大社區,三奶里,721,536003,743,560,363,917,721.67,97.07
高雄市,大社區,觀音里,1576,1175732,746,595,357,956,624.29,83.68
高雄市,大社區,神農里,1413,1041376,737,577,342,955,653.77,88.71
高雄市,大社區,中里里,822,584775,711,567,366,877,591.87,83.20
高雄市,大社區,保安里,939,710499,757,595,362,935,656.75,86.80
高雄市,大樹區,大樹里,575,364982,635,532,332,813,490.10,77.21
高雄市,大樹區,九曲里,1316,887113,674,552,341,850,506.77,75.18
高雄市,大樹區,久堂里,1113,773756,695,555,346,861,577.87,83.12
高雄市,大樹區,水安里,625,456006,730,570,353,863,1114.13,152.70
高雄市,大樹區,水寮里,600,419886,700,560,349,871,541.81,77.42
高雄市,大樹區,井腳里,327,251200,768,624,399,969,560.15,72.92
高雄市,大樹區,小坪里,337,228329,678,566,336,873,513.24,75.75
高雄市,大樹區,龍目里,344,240166,698,567,341,891,576.57,82.59
高雄市,大樹區,竹寮里,777,534756,688,567,336,855,573.08,83.27
高雄市,大樹區,檨腳里,893,613826,687,552,353,875,529.43,77.02
高雄市,大樹區,興山里,205,128283,626,514,346,753,536.39,85.72
高雄市,大樹區,和山里,211,125465,595,479,328,675,506.11,85.11
高雄市,大樹區,姑山里,212,149166,704,576,365,866,590.73,83.96
高雄市,大樹區,大坑里,310,203388,656,533,325,792,532.14,81.11
高雄市,大樹區,三和里,231,226921,982,584,338,1050,1575.84,160.42
高雄市,大樹區,溪埔里,411,307873,749,666,412,951,499.30,66.66
高雄市,大樹區,興田里,418,254860,610,498,270,781,545.80,89.52
高雄市,大樹區,統嶺里,152,97709,643,500,333,769,598.55,93.11
高雄市,大寮區,大寮里,1800,1238165,688,540,341,834,624.24,90.75
高雄市,大寮區,義仁里,461,329096,714,569,379,866,597.95,83.76
高雄市,大寮區,新厝里,373,274134,735,561,362,942,578.03,78.65
高雄市,大寮區,會結里,393,260573,663,529,345,824,668.25,100.79
高雄市,大寮區,潮寮里,714,510011,714,545,349,908,541.49,75.81
高雄市,大寮區,拷潭里,386,258374,669,526,344,849,515.89,77.07
高雄市,大寮區,山頂里,1985,1426821,719,569,336,943,595.15,82.80
高雄市,大寮區,三隆里,1179,828920,703,538,331,883,592.03,84.21
高雄市,大寮區,永芳里,1998,1483035,742,557,350,922,748.58,100.85
高雄市,大寮區,昭明里,1017,710994,699,569,359,890,529.43,75.73
高雄市,大寮區,內坑里,1466,1023817,698,554,340,864,628.89,90.05
高雄市,大寮區,上寮里,637,515636,809,545,350,899,2865.61,354.01
高雄市,大寮區,會社里,1537,1100350,716,551,343,918,587.30,82.04
高雄市,大寮區,後庄里,2136,1547991,725,572,346,923,622.93,85.96
高雄市,大寮區,翁園里,1098,812977,740,589,377,977,577.38,77.98
高雄市,大寮區,琉球里,1231,897901,729,560,362,908,607.23,83.25
高雄市,大寮區,江山里,506,357030,706,576,371,868,573.47,81.27
高雄市,大寮區,溪寮里,381,322873,847,601,390,951,1793.24,211.61
高雄市,大寮區,義和里,552,370220,671,548,339,862,548.17,81.73
高雄市,大寮區,前庄里,680,497049,731,581,345,918,613.68,83.96
高雄市,大寮區,中庄里,3161,2254243,713,576,353,908,571.81,80.18
高雄市,大寮區,過溪里,701,596792,851,537,324,820,3308.05,388.57
高雄市,大寮區,忠義里,97,56725,585,502,311,707,531.72,90.92
高雄市,大寮區,光武里,16,9284,580,573,341,715,347.54,59.90
高雄市,大寮區,中興里,1828,1270187,695,550,340,876,565.13,81.33
高雄市,林園區,林園里,967,751076,777,604,370,979,713.65,91.88
高雄市,林園區,溪州里,1098,772104,703,566,363,939,505.58,71.90
高雄市,林園區,潭頭里,732,545763,746,583,363,931,645.25,86.54
高雄市,林園區,中厝里,720,527552,733,594,380,943,552.56,75.41
高雄市,林園區,林內里,477,325191,682,583,366,852,474.65,69.62
高雄市,林園區,王公里,1263,1041783,825,655,416,1088,610.42,74.00
高雄市,林園區,林家里,392,299051,763,570,363,943,650.77,85.30
高雄市,林園區,龔厝里,573,413975,722,587,374,885,548.76,75.96
高雄市,林園區,中門里,677,509334,752,588,384,960,575.18,76.45
高雄市,林園區,頂厝里,1286,958626,745,605,381,987,565.19,75.82
高雄市,林園區,港嘴里,463,310608,671,540,340,844,477.58,71.19
高雄市,林園區,西溪里,914,618326,677,555,360,874,483.91,71.53
高雄市,林園區,中芸里,475,343686,724,587,359,957,524.00,72.42
高雄市,林園區,鳳芸里,432,343295,795,655,411,1080,535.56,67.40
高雄市,林園區,東汕里,205,144389,704,585,352,836,578.47,82.13
高雄市,林園區,西汕里,143,95555,668,552,363,804,512.00,76.62
高雄市,林園區,北汕里,389,267849,689,544,371,849,632.36,91.84
高雄市,林園區,東林里,791,597406,755,630,378,1023,548.92,72.68
高雄市,林園區,港埔里,491,357443,728,550,357,878,619.82,85.14
高雄市,林園區,仁愛里,950,785017,826,638,401,1035,650.10,78.67
高雄市,林園區,文賢里,657,500373,762,606,366,989,576.20,75.66
高雄市,林園區,廣應里,1019,789223,775,614,409,988,582.02,75.15
高雄市,林園區,五福里,664,442717,667,554,362,832,501.51,75.22
高雄市,林園區,中汕里,522,374550,718,610,374,931,502.43,70.02
高雄市,岡山區,岡山里,1428,1244537,872,568,339,962,1960.84,224.99
高雄市,岡山區,維仁里,292,225361,772,603,321,878,787.45,102.03
高雄市,岡山區,壽天里,1151,1096104,952,634,377,1132,1401.38,147.16
高雄市,岡山區,後紅里,1383,1121126,811,646,382,1036,681.12,84.02
高雄市,岡山區,程香里,1486,1216809,819,576,383,1037,720.60,88.00
高雄市,岡山區,嘉興里,1087,798562,735,579,367,948,573.96,78.13
高雄市,岡山區,華崗里,477,359575,754,595,364,911,663.78,88.05
高雄市,岡山區,潭底里,217,141853,654,563,347,813,521.97,79.85
高雄市,岡山區,石潭里,547,472788,864,628,378,1022,960.64,111.14
高雄市,岡山區,福興里,300,208541,695,575,342,870,683.24,98.29
高雄市,岡山區,忠孝里,889,727188,818,614,375,1007,778.97,95.23
高雄市,岡山區,平安里,386,315366,817,616,362,1006,775.24,94.89
高雄市,岡山區,前峰里,888,647370,729,574,347,880,662.95,90.94
高雄市,岡山區,後協里,1801,1378814,766,599,370,957,652.39,85.21
高雄市,岡山區,竹圍里,2468,2095632,849,642,384,1071,757.44,89.20
高雄市,岡山區,協和里,1199,922719,770,588,364,958,704.51,91.55
高雄市,岡山區,劉厝里,406,321783,793,590,382,955,772.01,97.41
高雄市,岡山區,灣裡里,654,510263,780,599,361,968,721.78,92.51
高雄市,岡山區,白米里,590,430800,730,620,377,914,519.73,71.18
高雄市,岡山區,大遼里,394,281105,713,566,354,883,608.97,85.35
高雄市,岡山區,臺上里,1876,1556234,830,631,386,1058,745.12,89.82
高雄市,岡山區,信義里,528,415769,787,663,390,1038,569.08,72.27
高雄市,岡山區,大莊里,240,160308,668,539,323,814,823.61,123.30
高雄市,岡山區,嘉峰里,532,408648,768,570,361,938,743.39,96.78
高雄市,岡山區,和平里,123,88082,716,565,321,979,581.71,81.23
高雄市,岡山區,三和里,228,145545,638,522,336,762,525.33,82.29
高雄市,岡山區,本洲里,553,431252,780,570,354,886,812.76,104.22
高雄市,岡山區,仁壽里,1141,1105952,969,628,379,1031,4535.29,467.90
高雄市,岡山區,協榮里,687,532265,775,595,366,973,771.96,99.64
高雄市,岡山區,碧紅里,1357,1099650,810,604,374,1026,721.70,89.06
高雄市,岡山區,爲隨里,191,129037,676,572,339,851,539.66,79.88
高雄市,岡山區,壽峰里,781,635300,813,609,383,994,894.31,109.94
高雄市,岡山區,仁義里,600,471929,787,589,343,1033,787.60,100.13
高雄市,茄萣區,嘉定里,242,151073,624,482,329,720,508.90,81.52
高雄市,茄萣區,嘉安里,467,310860,666,509,352,787,529.94,79.61
高雄市,茄萣區,保定里,738,473440,642,512,324,799,516.19,80.46
高雄市,茄萣區,嘉福里,197,114511,581,486,312,683,486.81,83.75
高雄市,茄萣區,福德里,240,160343,668,500,325,790,576.86,86.34
高雄市,茄萣區,和協里,245,152829,624,533,348,777,479.90,76.93
高雄市,茄萣區,萬福里,195,126153,647,479,315,790,564.09,87.19
高雄市,茄萣區,吉定里,247,182416,739,580,376,878,623.87,84.47
高雄市,茄萣區,白雲里,399,268625,673,547,351,840,479.34,71.20
高雄市,茄萣區,光定里,207,117354,567,439,306,730,429.20,75.71
高雄市,茄萣區,嘉賜里,1042,679349,652,528,336,802,544.30,83.49
高雄市,茄萣區,崎漏里,993,637219,642,518,341,780,491.63,76.61
高雄市,茄萣區,大定里,254,171472,675,497,331,747,1057.47,156.64
高雄市,茄萣區,嘉泰里,259,155466,600,473,316,721,561.61,93.56
高雄市,茄萣區,嘉樂里,542,346757,640,514,339,789,479.69,74.98
高雄市,永安區,永安里,401,291239,726,568,346,953,563.20,77.55
高雄市,永安區,新港里,516,346609,672,554,334,853,515.17,76.69
高雄市,永安區,永華里,471,344782,732,568,349,908,576.81,78.80
高雄市,永安區,鹽田里,99,66530,672,567,372,842,495.09,73.67
高雄市,永安區,保寧里,739,528507,715,545,352,855,600.15,83.92
高雄市,永安區,維新里,1085,752356,693,567,339,886,542.16,78.19
高雄市,橋頭區,橋頭里,711,671846,945,725,399,1235,831.41,87.99
高雄市,橋頭區,橋南里,363,295329,814,658,311,1039,904.30,111.15
高雄市,橋頭區,仕豐里,781,649488,832,626,376,1092,712.63,85.69
高雄市,橋頭區,仕隆里,757,660076,872,652,385,1150,766.14,87.86
高雄市,橋頭區,新莊里,873,861603,987,729,419,1235,951.37,96.40
高雄市,橋頭區,甲南里,741,535150,722,571,364,925,574.36,79.53
高雄市,橋頭區,甲北里,601,438806,730,551,363,883,626.42,85.80
高雄市,橋頭區,頂鹽里,386,289574,750,596,372,937,577.01,76.91
高雄市,橋頭區,中崎里,174,132398,761,582,387,909,707.05,92.92
高雄市,橋頭區,筆秀里,479,387607,809,603,363,952,1091.51,134.89
高雄市,橋頭區,白樹里,1045,841023,805,621,384,1055,632.17,78.55
高雄市,橋頭區,德松里,455,409177,899,686,416,1098,1093.45,121.59
高雄市,橋頭區,東林里,787,586777,746,581,382,940,574.66,77.08
高雄市,橋頭區,西林里,435,318731,733,574,366,962,556.42,75.94
高雄市,橋頭區,芋寮里,372,292536,786,598,383,1002,622.33,79.14
高雄市,橋頭區,仕和里,1230,1021380,830,611,375,1016,1282.78,154.48
高雄市,橋頭區,三德里,226,155556,688,532,368,851,482.44,70.09
高雄市,梓官區,梓義里,577,447078,775,588,388,935,683.45,88.21
高雄市,梓官區,茄苳里,634,389352,614,506,341,788,425.46,69.28
高雄市,梓官區,禮蚵里,498,315483,633,536,346,770,479.00,75.61
高雄市,梓官區,大舍里,998,666325,668,560,347,857,493.57,73.92
高雄市,梓官區,梓信里,649,484544,747,593,383,921,624.47,83.64
高雄市,梓官區,智蚵里,743,493832,665,522,305,883,541.82,81.52
高雄市,梓官區,赤崁里,483,326959,677,539,346,837,550.92,81.38
高雄市,梓官區,信蚵里,571,376226,659,495,320,786,976.37,148.18
高雄市,梓官區,梓平里,464,355894,767,630,376,965,627.13,81.76
高雄市,梓官區,赤東里,574,365959,638,521,314,840,510.07,80.00
高雄市,梓官區,赤西里,184,118543,644,549,342,828,520.48,80.79
高雄市,梓官區,同安里,290,208667,720,543,343,912,657.49,91.38
高雄市,梓官區,中崙里,337,241660,717,599,355,939,522.98,72.93
高雄市,梓官區,梓和里,701,496315,708,538,363,883,565.39,79.86
高雄市,梓官區,典寶里,851,659049,774,569,365,936,766.97,99.04
高雄市,梓官區,茄典里,1,3327,3327,3327,3327,3327,0.00,0.00
高雄市,田寮區,南安里,191,120227,629,515,343,778,439.79,69.87
高雄市,田寮區,田寮里,72,47788,664,529,333,892,465.69,70.16
高雄市,田寮區,三和里,55,41736,759,565,391,834,677.75,89.31
高雄市,田寮區,古亭里,70,41755,596,484,307,736,424.40,71.15
高雄市,田寮區,大同里,58,30452,525,447,367,525,336.15,64.02
高雄市,田寮區,七星里,101,64692,641,527,353,827,426.93,66.65
高雄市,田寮區,西德里,136,83400,613,458,301,783,491.77,80.19
高雄市,田寮區,崇德里,180,116252,646,518,345,805,511.31,79.17
高雄市,田寮區,新興里,313,240984,770,588,348,1004,633.08,82.23
高雄市,田寮區,鹿埔里,54,29023,537,477,316,657,340.72,63.40
高雄市,阿蓮區,阿蓮里,1429,1107519,775,558,360,907,950.62,122.66
高雄市,阿蓮區,崗山里,179,124215,694,529,325,829,581.16,83.75
高雄市,阿蓮區,復安里,429,285414,665,515,341,838,548.47,82.44
高雄市,阿蓮區,清蓮里,718,506232,705,532,335,891,596.56,84.61
高雄市,阿蓮區,港後里,568,414221,729,510,313,857,748.41,102.63
高雄市,阿蓮區,石安里,331,213751,646,515,345,782,519.49,80.44
高雄市,阿蓮區,峰山里,282,191879,680,565,345,870,467.36,68.69
高雄市,阿蓮區,青旗里,380,265142,698,497,318,847,671.71,96.27
高雄市,阿蓮區,和蓮里,590,443533,752,585,367,923,617.34,82.12
高雄市,阿蓮區,玉庫里,268,197831,738,544,369,810,937.44,126.99
高雄市,阿蓮區,中路里,527,407623,773,581,350,940,745.44,96.37
高雄市,阿蓮區,南蓮里,826,605633,733,567,349,856,756.12,103.12
高雄市,路竹區,竹東里,1170,1044619,893,646,394,1077,966.18,108.21
高雄市,路竹區,竹西里,705,521775,740,550,339,890,754.02,101.88
高雄市,路竹區,竹滬里,896,692179,773,605,379,957,686.21,88.83
高雄市,路竹區,竹園里,503,339866,676,527,346,818,661.98,97.97
高雄市,路竹區,文南里,781,693636,888,660,381,1022,1089.01,122.62
高雄市,路竹區,文北里,980,739501,755,585,361,959,686.03,90.91
高雄市,路竹區,甲南里,1001,729490,729,565,365,946,573.80,78.74
高雄市,路竹區,甲北里,628,458768,731,598,390,917,548.25,75.05
高雄市,路竹區,下坑里,683,465668,682,541,349,820,604.38,88.65
高雄市,路竹區,頂寮里,304,221481,729,623,373,842,595.50,81.74
高雄市,路竹區,鴨寮里,667,494807,742,595,378,922,606.45,81.75
高雄市,路竹區,社東里,496,372719,751,574,384,922,591.53,78.72
高雄市,路竹區,社西里,736,556848,757,587,365,934,713.64,94.32
高雄市,路竹區,社中里,244,168471,690,506,349,847,550.93,79.79
高雄市,路竹區,北嶺里,427,299571,702,565,371,922,551.53,78.61
高雄市,路竹區,三爺里,279,265759,953,531,344,1028,1511.06,158.63
高雄市,路竹區,後鄉里,378,296751,785,590,376,999,883.51,112.54
高雄市,路竹區,新達里,298,212085,712,545,330,868,596.20,83.77
高雄市,路竹區,竹南里,904,945593,1046,623,383,1142,2837.31,271.25
高雄市,路竹區,社南里,1616,1384027,856,633,400,1025,793.66,92.67
高雄市,燕巢區,東燕里,582,377686,649,530,344,781,484.41,74.65
高雄市,燕巢區,西燕里,901,648851,720,552,358,891,730.01,101.37
高雄市,燕巢區,南燕里,1037,794636,766,588,379,953,818.43,106.81
高雄市,燕巢區,尖山里,232,186656,805,568,364,913,948.20,117.85
高雄市,燕巢區,金山里,100,71502,715,551,350,907,563.77,78.85
高雄市,燕巢區,鳳雄里,596,448505,753,568,368,917,784.67,104.27
高雄市,燕巢區,深水里,554,369679,667,496,334,769,873.35,130.88
高雄市,燕巢區,角宿里,732,530392,725,552,358,897,818.96,113.03
高雄市,燕巢區,橫山里,397,287030,723,534,343,877,705.07,97.52
高雄市,燕巢區,瓊林里,603,414359,687,556,353,854,552.86,80.46
高雄市,燕巢區,安招里,903,694473,769,576,352,902,1571.03,204.28
高雄市,彌陀區,彌陀里,469,350878,748,590,349,948,804.52,107.54
高雄市,彌陀區,彌仁里,128,84409,659,543,366,817,467.88,70.95
高雄市,彌陀區,彌壽里,201,159687,794,599,394,960,649.23,81.72
高雄市,彌陀區,舊港里,372,226709,609,495,330,749,429.89,70.54
高雄市,彌陀區,過港里,211,137141,650,529,332,803,551.66,84.88
高雄市,彌陀區,漯底里,300,202553,675,509,330,889,538.06,79.69
高雄市,彌陀區,鹽埕里,525,341481,650,521,328,813,526.07,80.88
高雄市,彌陀區,南寮里,447,288975,646,521,332,817,502.21,77.68
高雄市,彌陀區,文安里,418,264228,632,492,347,737,551.22,87.20
高雄市,彌陀區,光和里,339,215905,637,512,326,810,504.67,79.24
高雄市,彌陀區,海尾里,170,103794,611,493,323,745,434.58,71.18
高雄市,彌陀區,彌靖里,493,354175,718,562,346,860,923.82,128.59
高雄市,湖內區,湖內里,1112,799006,719,575,360,909,552.59,76.91
高雄市,湖內區,逸賢里,290,178966,617,501,331,765,469.35,76.05
高雄市,湖內區,中賢里,580,355131,612,495,335,779,419.90,68.58
高雄市,湖內區,文賢里,324,225836,697,560,345,854,614.18,88.11
高雄市,湖內區,太爺里,249,176929,711,526,310,835,636.31,89.55
高雄市,湖內區,大湖里,1187,1066453,898,607,376,959,3108.82,346.02
高雄市,湖內區,葉厝里,830,643357,775,604,355,985,730.59,94.25
高雄市,湖內區,田尾里,302,240010,795,581,374,896,778.58,97.97
高雄市,湖內區,海埔里,451,281345,624,497,331,794,589.00,94.42
高雄市,湖內區,劉家里,210,126858,604,523,352,754,415.11,68.72
高雄市,湖內區,公舘里,717,553445,772,608,400,976,601.78,77.96
高雄市,湖內區,海山里,261,190129,728,510,337,881,738.04,101.31
高雄市,湖內區,忠興里,158,102129,646,522,366,780,480.92,74.40
高雄市,湖內區,湖東里,852,658427,773,567,359,856,1555.75,201.31
高雄市,旗山區,大林里,247,161629,654,503,346,761,565.68,86.45
高雄市,旗山區,中正里,291,179914,618,533,328,777,421.99,68.25
高雄市,旗山區,圓富里,365,229593,629,525,319,822,522.80,83.11
高雄市,旗山區,永和里,851,596918,701,550,348,863,561.95,80.12
高雄市,旗山區,瑞吉里,461,319706,694,530,336,884,598.22,86.26
高雄市,旗山區,竹峰里,342,287914,842,638,383,1135,675.55,80.25
高雄市,旗山區,湄洲里,402,290150,722,531,299,868,774.71,107.34
高雄市,旗山區,大德里,673,476387,708,569,355,879,576.85,81.49
高雄市,旗山區,太平里,518,375038,724,536,344,848,767.48,106.00
高雄市,旗山區,東昌里,244,164356,674,550,351,850,503.24,74.71
高雄市,旗山區,東平里,454,341764,753,570,345,965,655.33,87.05
高雄市,旗山區,廣福里,134,98501,735,536,345,853,719.36,97.86
高雄市,旗山區,三協里,461,338024,733,559,339,904,600.15,81.85
高雄市,旗山區,上洲里,201,138371,688,578,319,923,520.06,75.54
高雄市,旗山區,鯤洲里,139,122277,880,563,371,946,1485.09,168.82
高雄市,旗山區,大山里,278,207678,747,553,362,929,601.49,80.52
高雄市,旗山區,中洲里,133,93775,705,578,388,827,564.74,80.10
高雄市,旗山區,南洲里,273,187132,685,550,356,873,550.17,80.26
高雄市,旗山區,新光里,154,106143,689,553,399,858,528.33,76.65
高雄市,旗山區,中寮里,25,15612,624,504,335,901,488.20,78.18
高雄市,旗山區,南勝里,402,276337,687,512,335,829,581.88,84.65
高雄市,六龜區,六龜里,125,83824,671,548,361,810,546.15,81.44
高雄市,六龜區,義寶里,206,127943,621,512,312,792,481.76,77.57
高雄市,六龜區,中興里,254,184975,728,554,363,753,1009.93,138.68
高雄市,六龜區,興龍里,95,49420,520,444,299,598,494.11,94.98
高雄市,六龜區,新發里,134,86863,648,489,294,744,582.06,89.79
高雄市,六龜區,荖濃里,124,64299,519,452,312,604,384.43,74.14
高雄市,六龜區,寶來里,98,63247,645,505,252,926,537.45,83.28
高雄市,六龜區,新興里,82,56307,687,571,340,828,634.33,92.38
高雄市,六龜區,新威里,119,87087,732,609,408,952,493.42,67.42
高雄市,六龜區,新寮里,79,58065,735,617,408,945,446.80,60.79
高雄市,六龜區,文武里,187,119484,639,537,348,754,452.50,70.82
高雄市,六龜區,大津里,47,29749,633,566,328,750,453.56,71.66
高雄市,內門區,內門里,200,127942,640,533,317,851,482.38,75.41
高雄市,內門區,永富里,163,88255,541,452,295,682,419.12,77.41
高雄市,內門區,永吉里,62,40722,657,465,329,758,524.59,79.87
高雄市,內門區,內南里,67,44256,661,534,320,862,491.76,74.45
高雄市,內門區,永興里,70,39535,565,522,349,739,314.59,55.70
高雄市,內門區,中埔里,88,59501,676,524,361,846,498.68,73.75
高雄市,內門區,東埔里,89,53138,597,446,294,801,516.06,86.43
高雄市,內門區,內豐里,220,123760,563,479,322,688,386.64,68.73
高雄市,內門區,觀亭里,319,217406,682,532,325,869,589.70,86.53
高雄市,內門區,內東里,116,77470,668,517,361,805,547.46,81.97
高雄市,內門區,內興里,71,42257,595,513,356,738,442.55,74.36
高雄市,內門區,木柵里,68,44063,648,514,380,822,423.06,65.29
高雄市,內門區,溝坪里,136,77855,572,495,301,704,444.40,77.63
高雄市,內門區,石坑里,60,41262,688,580,477,818,387.46,56.34
高雄市,內門區,瑞山里,43,26935,626,539,249,937,541.41,86.43
高雄市,內門區,光興里,101,69100,684,519,350,811,667.32,97.54
高雄市,內門區,金竹里,90,54681,608,522,323,775,453.82,74.70
高雄市,內門區,三平里,95,54367,572,507,298,729,411.90,71.97
高雄市,美濃區,泰安里,378,305058,807,647,357,1148,603.67,74.80
高雄市,美濃區,瀰濃里,503,415332,826,645,409,1044,660.81,80.03
高雄市,美濃區,東門里,283,212817,752,617,372,1002,546.62,72.69
高雄市,美濃區,合和里,541,402357,744,582,348,885,665.21,89.44
高雄市,美濃區,中圳里,459,372276,811,626,390,1089,618.58,76.27
高雄市,美濃區,福安里,597,504579,845,611,391,1017,895.64,105.97
高雄市,美濃區,中壇里,447,346912,776,578,368,946,774.83,99.84
高雄市,美濃區,祿興里,554,422664,763,587,348,972,653.34,85.64
高雄市,美濃區,德興里,320,235392,736,603,401,914,555.91,75.57
高雄市,美濃區,清水里,380,283466,746,613,406,962,550.24,73.76
高雄市,美濃區,吉和里,308,211037,685,560,340,856,587.22,85.70
高雄市,美濃區,吉洋里,333,231617,696,552,367,839,614.98,88.42
高雄市,美濃區,吉東里,354,237292,670,514,312,835,618.84,92.32
高雄市,美濃區,龍肚里,286,212683,744,606,359,1006,544.86,73.27
高雄市,美濃區,龍山里,386,291489,755,596,367,979,573.36,75.93
高雄市,美濃區,獅山里,491,348531,710,586,353,920,552.27,77.80
高雄市,美濃區,廣林里,232,168128,725,557,360,918,602.37,83.12
高雄市,美濃區,廣德里,241,176613,733,577,358,961,574.10,78.34
高雄市,美濃區,興隆里,225,158492,704,544,356,888,554.48,78.72
高雄市,杉林區,上平里,288,173582,603,494,321,756,448.93,74.48
高雄市,杉林區,杉林里,86,44550,518,411,278,659,377.60,72.89
高雄市,杉林區,月眉里,314,216415,689,611,360,904,470.57,68.28
高雄市,杉林區,月美里,223,147890,663,517,326,837,546.96,82.47
高雄市,杉林區,新庄里,245,153815,628,527,348,828,425.77,67.82
高雄市,杉林區,集來里,139,76372,549,448,279,712,521.64,94.94
高雄市,杉林區,木梓里,82,53576,653,465,282,772,621.79,95.17
高雄市,杉林區,大愛里,266,141210,531,503,313,668,348.52,65.65
高雄市,甲仙區,東安里,81,58142,718,552,368,797,615.61,85.76
高雄市,甲仙區,西安里,160,112531,703,564,348,879,516.91,73.50
高雄市,甲仙區,和安里,107,76571,716,574,438,870,482.37,67.41
高雄市,甲仙區,關山里,61,30843,506,410,199,657,404.89,80.08
高雄市,甲仙區,小林里,58,36786,634,559,333,795,455.02,71.74
高雄市,甲仙區,大田里,242,130463,539,455,310,686,410.69,76.18
高雄市,甲仙區,寶隆里,89,46813,526,422,327,668,331.29,62.98
高雄市,茂林區,茂林里,171,119573,699,625,380,859,517.70,74.04
高雄市,茂林區,多納里,96,68740,716,661,436,884,474.82,66.31
高雄市,茂林區,萬山里,93,69764,750,605,458,875,541.17,72.14
高雄市,桃源區,桃源里,142,95534,673,592,387,782,454.93,67.62
高雄市,桃源區,寶山里,81,60881,752,610,396,941,517.34,68.83
高雄市,桃源區,建山里,111,70445,635,568,425,815,361.99,57.04
高雄市,桃源區,高中里,109,82277,755,566,405,872,631.05,83.60
高雄市,桃源區,勤和里,42,25845,615,617,449,766,295.38,48.00
高雄市,桃源區,復興里,33,25497,773,685,521,969,468.15,60.59
高雄市,桃源區,拉芙蘭里,39,29382,753,617,373,1119,493.89,65.56
高雄市,桃源區,梅山里,36,21615,600,561,318,676,438.74,73.07
高雄市,那瑪夏區,南沙魯里,87,48692,560,506,301,679,407.57,72.82
高雄市,那瑪夏區,瑪雅里,111,94786,854,783,527,1105,472.68,55.35
高雄市,那瑪夏區,達卡努瓦,216,149227,691,582,425,857,448.89,64.98
新北市,新莊區,海山里,1714,1418719,828,575,343,1021,995.83,120.31
新北市,新莊區,全安里,1392,1250259,898,621,377,1097,1067.32,118.83
新北市,新莊區,文衡里,678,622640,918,635,362,1170,961.20,104.67
新北市,新莊區,興漢里,1096,1002225,914,595,363,1078,2209.52,241.63
新北市,新莊區,榮和里,882,722430,819,575,346,967,1037.30,126.64
新北市,新莊區,文德里,549,500364,911,631,361,1167,959.19,105.24
新北市,新莊區,文明里,562,548516,976,592,352,1111,1305.07,133.72
新北市,新莊區,中港里,2024,1726216,853,610,361,1047,869.50,101.95
新北市,新莊區,頭前里,2929,3580871,1223,746,404,1415,2254.01,184.37
新北市,新莊區,丹鳳里,2636,2153581,817,617,374,1034,877.08,107.36
新北市,新莊區,西盛里,3856,3287368,853,644,389,1070,769.38,90.25
新北市,新莊區,瓊林里,1647,1213166,737,552,335,920,667.35,90.60
新北市,新莊區,營盤里,789,618542,784,549,337,997,788.99,100.64
新北市,新莊區,後港里,2339,1765698,755,553,343,940,700.28,92.77
新北市,新莊區,國泰里,489,358636,733,541,328,862,822.79,112.19
新北市,新莊區,立人里,788,809845,1028,647,385,1299,1129.18,109.87
新北市,新莊區,恆安里,1373,1196921,872,621,366,1126,806.03,92.46
新北市,新莊區,思源里,1692,1380626,816,581,363,986,916.23,112.29
新北市,新莊區,化成里,1241,1066059,859,591,356,1003,961.78,111.96
新北市,新莊區,福基里,1618,1752830,1083,680,386,1341,1223.36,112.93
新北市,新莊區,思賢里,1328,1119557,843,605,360,1069,822.87,97.61
新北市,新莊區,中美里,1724,1379468,800,588,356,982,783.04,97.86
新北市,新莊區,中和里,1418,1096507,773,548,350,942,735.71,95.14
新北市,新莊區,中泰里,1272,871803,685,523,330,867,567.28,82.77
新北市,新莊區,立言里,1715,1459651,851,593,358,1039,850.07,99.88
新北市,新莊區,立功里,1017,727610,715,558,348,906,605.16,84.58
新北市,新莊區,立德里,845,778796,922,599,337,1117,1445.81,156.87
新北市,新莊區,豐年里,1121,815205,727,550,353,863,652.26,89.69
新北市,新莊區,忠孝里,1536,1276668,831,604,356,1034,797.61,95.96
新北市,新莊區,立志里,1170,932497,797,562,353,914,1099.47,137.95
新北市,新莊區,中誠里,645,862965,1338,561,375,965,10079.18,753.34
新北市,新莊區,自立里,1534,1195993,780,566,354,947,832.95,106.84
新北市,新莊區,自強里,686,424056,618,488,325,753,522.19,84.48
新北市,新莊區,幸福里,1266,838866,663,510,334,832,548.76,82.82
新北市,新莊區,仁愛里,732,477096,652,523,356,781,499.75,76.68
新北市,新莊區,信義里,1625,1282668,789,581,353,974,736.76,93.34
新北市,新莊區,龍鳳里,2980,2773027,931,681,406,1218,820.19,88.14
新北市,新莊區,民安里,1864,1454544,780,594,370,976,676.00,86.63
新北市,新莊區,光華里,2128,1706553,802,574,366,959,1107.34,138.08
新北市,新莊區,富國里,736,473667,644,522,351,822,458.15,71.19
新北市,新莊區,裕民里,1975,1452036,735,541,353,885,725.05,98.62
新北市,新莊區,南港里,1677,1257719,750,569,371,893,675.59,90.08
新北市,新莊區,萬安里,1175,792079,674,546,342,814,544.72,80.81
新北市,新莊區,八德里,910,627677,690,550,371,833,600.80,87.10
新北市,新莊區,民本里,848,536301,632,509,333,804,508.15,80.35
新北市,新莊區,光榮里,1261,960466,762,570,368,956,725.68,95.27
新北市,新莊區,光明里,1397,1031644,738,568,363,925,634.24,85.89
新北市,新莊區,合鳳里,1289,853747,662,526,332,829,535.14,80.80
新北市,新莊區,雙鳳里,3546,3477567,981,695,404,1191,1276.83,130.20
新北市,新莊區,和平里,1553,1148034,739,560,366,919,630.08,85.23
新北市,新莊區,自信里,732,625626,855,586,354,996,1037.79,121.42
新北市,新莊區,全泰里,1756,1642706,935,641,381,1151,1184.09,126.58
新北市,新莊區,立泰里,1593,1332033,836,612,374,1085,794.19,94.98
新北市,新莊區,立基里,2097,2109159,1006,649,392,1183,1559.86,155.09
新北市,新莊區,中宏里,1186,945809,797,577,366,986,719.11,90.17
新北市,新莊區,中全里,1079,758304,703,519,339,850,752.23,107.04
新北市,新莊區,中華里,918,937708,1021,642,386,1181,1874.69,183.53
新北市,新莊區,中隆里,1388,1243315,896,620,377,1137,905.62,101.10
新北市,新莊區,中原里,3459,3468670,1003,655,388,1200,1286.10,128.25
新北市,新莊區,中信里,2693,2307916,857,636,389,1083,749.53,87.46
新北市,新莊區,仁義里,1053,728720,692,547,343,860,565.99,81.79
新北市,新莊區,建福里,857,560043,653,523,352,827,529.45,81.02
新北市,新莊區,四維里,1282,901276,703,559,360,860,594.79,84.60
新北市,新莊區,文聖里,1214,1121239,924,655,375,1136,926.83,100.35
新北市,新莊區,福營里,873,715193,819,544,328,931,984.47,120.17
新北市,新莊區,後德里,1091,930175,853,616,376,1029,862.61,101.17
新北市,新莊區,建安里,2135,1738583,814,601,365,1046,705.52,86.64
新北市,新莊區,龍安里,693,494423,713,549,356,861,640.38,89.76
新北市,新莊區,昌平里,2330,2610488,1120,744,417,1389,1222.82,109.14
新北市,新莊區,昌明里,1138,929604,817,557,353,997,814.63,99.73
新北市,新莊區,成德里,1510,1082202,717,561,347,903,591.05,82.47
新北市,新莊區,福興里,1843,1546015,839,603,361,1024,889.20,106.00
新北市,新莊區,昌信里,1217,1192991,980,666,409,1209,1366.23,139.37
新北市,新莊區,昌隆里,1453,1347180,927,665,382,1181,928.85,100.18
新北市,新莊區,中平里,2762,2855393,1034,728,425,1279,1652.62,159.86
新北市,新莊區,立廷里,3745,4212338,1125,828,453,1485,1055.75,93.86
新北市,新莊區,泰豐里,712,568585,799,577,365,966,781.33,97.84
新北市,新莊區,富民里,1145,804436,703,544,347,898,544.86,77.55
新北市,新莊區,龍福里,695,521980,751,560,365,991,566.76,75.46
新北市,新莊區,祥鳳里,727,537761,740,577,366,936,592.41,80.09
新北市,新莊區,民全里,1187,892044,752,578,360,932,679.10,90.36
新北市,新莊區,民有里,1256,918863,732,554,355,937,596.75,81.57
新北市,新莊區,光正里,1326,1016185,766,582,371,976,631.93,82.46
新北市,新莊區,光和里,781,512642,656,534,350,814,502.92,76.62
新北市,林口區,東林里,1296,968676,747,554,365,857,1038.63,138.96
新北市,林口區,林口里,1615,1325194,821,573,354,986,882.04,107.49
新北市,林口區,西林里,3019,3448972,1142,711,397,1397,1467.02,128.41
新北市,林口區,湖北里,427,346315,811,578,384,995,730.56,90.08
新北市,林口區,菁湖里,1410,1498368,1063,669,379,1290,1327.42,124.91
新北市,林口區,湖南里,6997,9277677,1326,893,477,1598,5131.27,386.99
新北市,林口區,南勢里,6447,9685651,1502,1001,510,1826,2650.43,176.42
新北市,林口區,頂福里,310,224108,723,542,353,902,613.00,84.79
新北市,林口區,下福里,381,300827,790,596,392,940,787.01,99.68
新北市,林口區,嘉寶里,247,172755,699,525,337,839,662.34,94.70
新北市,林口區,瑞平里,218,147337,676,546,342,769,616.04,91.15
新北市,林口區,太平里,410,288663,704,568,356,847,613.07,87.08
新北市,林口區,中湖里,1235,1148696,930,642,389,1151,1001.70,107.70
新北市,林口區,東勢里,1969,1911792,971,647,386,1181,1027.83,105.86
新北市,林口區,仁愛里,2265,2943972,1300,823,448,1614,1961.74,150.93
新北市,林口區,麗林里,2758,3316128,1202,810,444,1553,1642.15,136.58
新北市,林口區,麗園里,1306,1268597,971,626,375,1116,1379.67,142.03
新北市,五股區,興珍里,1604,1278069,797,542,334,924,1473.02,184.87
新北市,五股區,更寮里,315,242873,771,590,336,904,1000.86,129.81
新北市,五股區,集福里,1043,723404,694,557,346,897,533.10,76.86
新北市,五股區,觀音里,294,206688,703,566,361,874,560.88,79.78
新北市,五股區,成州里,1584,1102616,696,524,332,849,773.36,111.10
新北市,五股區,五股里,1120,831279,742,533,342,857,839.44,113.10
新北市,五股區,五龍里,362,247094,683,495,305,783,700.53,102.63
新北市,五股區,德音里,1608,2060791,1282,629,388,1098,7294.34,569.17
新北市,五股區,貿商里,826,678710,822,592,369,989,808.54,98.40
新北市,五股區,陸一里,600,460443,767,564,335,946,771.60,100.55
新北市,五股區,成功里,1824,1323664,726,560,360,933,609.22,83.95
新北市,五股區,五福里,1030,673992,654,489,322,828,613.34,93.73
新北市,五股區,成德里,799,560797,702,537,347,845,655.93,93.45
新北市,五股區,德泰里,1329,1874387,1410,592,370,996,21062.65,1493.41
新北市,五股區,六福里,1129,831252,736,572,353,939,636.44,86.44
新北市,五股區,集賢里,1104,708175,641,526,340,811,466.81,72.77
新北市,五股區,民義里,964,751018,779,574,371,957,826.66,106.11
新北市,五股區,成泰里,2470,2138206,866,635,376,1091,873.18,100.87
新北市,五股區,水碓里,2326,1792567,771,567,360,938,763.43,99.06
新北市,五股區,福德里,955,702498,736,592,355,948,565.44,76.87
新北市,蘆洲區,樓厝里,1918,1577888,823,609,372,1022,771.79,93.81
新北市,蘆洲區,保和里,699,520319,744,551,356,924,633.83,85.15
新北市,蘆洲區,得勝里,942,695491,738,533,339,855,909.11,123.13
新北市,蘆洲區,仁復里,565,466622,826,556,343,923,1042.88,126.27
新北市,蘆洲區,溪墘里,889,672244,756,537,340,925,1043.93,138.05
新北市,蘆洲區,中路里,1169,866950,742,569,356,926,631.10,85.10
新北市,蘆洲區,正義里,4080,4807715,1178,824,444,1563,1375.27,116.71
新北市,蘆洲區,水湳里,3135,2705769,863,621,373,1100,796.92,92.33
新北市,蘆洲區,保佑里,1065,783249,735,554,353,890,625.04,84.99
新北市,蘆洲區,樹德里,1013,828916,818,563,348,937,1416.01,173.05
新北市,蘆洲區,中原里,1658,1409141,850,577,355,1022,922.21,108.51
新北市,蘆洲區,恆德里,1816,1607791,885,613,374,1073,919.57,103.87
新北市,蘆洲區,光華里,1509,1234526,818,593,372,997,821.57,100.42
新北市,蘆洲區,鷺江里,1619,1466576,906,589,365,1032,1392.49,153.72
新北市,蘆洲區,南港里,1615,1241957,769,564,360,941,737.44,95.89
新北市,蘆洲區,永樂里,1787,1475855,826,561,360,961,1210.35,146.55
新北市,蘆洲區,永康里,1993,1533841,770,593,370,978,676.49,87.90
新北市,蘆洲區,信義里,1157,829810,717,548,360,855,838.57,116.92
新北市,蘆洲區,玉清里,1753,1630809,930,637,386,1104,1542.22,165.78
新北市,蘆洲區,復興里,973,687145,706,547,364,829,598.34,84.72
新北市,蘆洲區,水河里,2702,2035031,753,575,363,943,650.41,86.36
新北市,蘆洲區,仁愛里,1570,1186562,756,563,368,913,689.06,91.17
新北市,蘆洲區,忠義里,898,700385,780,548,369,904,1085.35,139.16
新北市,蘆洲區,九芎里,1534,1146963,748,560,359,933,725.73,97.06
新北市,蘆洲區,中華里,943,777611,825,580,356,949,907.28,110.02
新北市,蘆洲區,得仁里,951,708309,745,564,369,912,645.21,86.63
新北市,蘆洲區,仁德里,1608,1279891,796,578,364,917,908.54,114.15
新北市,蘆洲區,仁義里,1260,1123220,891,606,377,1042,898.31,100.77
新北市,蘆洲區,光明里,1367,1117367,817,569,368,991,1275.51,156.05
新北市,蘆洲區,保新里,842,629149,747,538,345,907,708.98,94.88
新北市,蘆洲區,長安里,1334,926794,695,553,343,847,684.13,98.47
新北市,蘆洲區,民和里,782,555629,711,538,345,882,638.31,89.84
新北市,蘆洲區,忠孝里,744,567348,763,575,359,927,674.53,88.46
新北市,蘆洲區,福安里,989,762191,771,559,355,962,680.57,88.31
新北市,蘆洲區,永安里,1492,1109581,744,581,362,926,610.09,82.04
新北市,蘆洲區,延平里,1133,866572,765,578,367,952,694.64,90.82
新北市,蘆洲區,成功里,2111,1648909,781,584,367,971,698.86,89.47
新北市,蘆洲區,永德里,1294,961399,743,568,348,911,1028.64,138.45
新北市,三重區,二重里,467,297993,638,505,333,806,521.06,81.66
新北市,三重區,五谷里,598,482325,807,598,379,977,764.94,94.84
新北市,三重區,德厚里,105,86597,825,595,398,958,781.24,94.73
新北市,三重區,福祉里,1835,1722791,939,641,374,1189,1171.73,124.80
新北市,三重區,過田里,2099,1817217,866,587,360,1067,883.78,102.08
新北市,三重區,溪美里,2369,1962873,829,603,381,1018,867.86,104.74
新北市,三重區,厚德里,1061,943874,890,617,398,1099,843.50,94.82
新北市,三重區,慈化里,716,539980,754,554,364,921,666.16,88.33
新北市,三重區,永安里,1145,891193,778,604,362,984,680.30,87.40
新北市,三重區,六合里,1041,766125,736,563,348,930,623.53,84.72
新北市,三重區,福利里,757,720654,952,679,382,1278,848.06,89.08
新北市,三重區,永興里,424,352846,832,618,384,1094,695.15,83.53
新北市,三重區,清和里,1298,1231199,949,661,378,1207,990.50,104.42
新北市,三重區,仁德里,525,376805,718,517,318,893,898.31,125.16
新北市,三重區,開元里,487,391540,804,600,370,981,799.06,99.39
新北市,三重區,大德里,232,176459,761,577,356,947,623.09,81.92
新北市,三重區,錦通里,397,257654,649,482,313,782,726.03,111.87
新北市,三重區,光華里,605,505770,836,600,366,1010,856.34,102.44
新北市,三重區,光榮里,462,392589,850,586,316,1079,1063.50,125.15
新北市,三重區,大園里,755,664715,880,584,352,1034,1159.81,131.73
新北市,三重區,長生里,248,211836,854,573,355,996,1018.48,119.24
新北市,三重區,長安里,613,443992,724,542,356,845,686.11,94.73
新北市,三重區,同安里,349,203703,584,472,303,729,434.14,74.38
新北市,三重區,光明里,2372,2250284,949,631,379,1124,1146.33,120.83
新北市,三重區,菜寮里,610,455087,746,583,370,954,599.24,80.32
新北市,三重區,大同里,659,560545,851,623,372,1069,805.53,94.70
新北市,三重區,長泰里,614,440273,717,536,336,833,693.77,96.75
新北市,三重區,長元里,652,468657,719,560,325,878,675.53,93.98
新北市,三重區,介壽里,344,246704,717,535,330,839,630.06,87.85
新北市,三重區,三安里,789,582127,738,561,352,870,712.90,96.63
新北市,三重區,文化里,702,562898,802,553,359,970,970.06,120.98
新北市,三重區,正義里,572,487521,852,573,327,974,1468.58,172.31
新北市,三重區,中正里,402,305044,759,601,356,910,704.76,92.88
新北市,三重區,仁義里,314,238151,758,549,328,917,770.93,101.65
新北市,三重區,長江里,580,519936,896,636,382,1082,1241.07,138.44
新北市,三重區,錦江里,621,409046,659,504,334,847,561.23,85.20
新北市,三重區,龍門里,518,389762,752,559,331,936,756.12,100.49
新北市,三重區,大安里,431,308425,716,533,334,884,665.59,93.01
新北市,三重區,光正里,914,1068377,1169,776,425,1491,1261.42,107.91
新北市,三重區,重新里,447,321343,719,563,355,867,770.14,107.13
新北市,三重區,民生里,1180,820735,696,548,347,862,568.48,81.73
新北市,三重區,中山里,885,841438,951,586,369,1081,1198.19,126.02
新北市,三重區,國隆里,799,636605,797,564,360,992,735.56,92.32
新北市,三重區,重陽里,1037,763025,736,565,361,949,620.63,84.35
新北市,三重區,幸福里,1337,1054691,789,537,336,909,1019.01,129.18
新北市,三重區,福安里,929,755422,813,580,365,977,819.67,100.80
新北市,三重區,信安里,618,511529,828,636,372,1086,701.71,84.78
新北市,三重區,安慶里,588,408764,695,523,338,860,626.63,90.14
新北市,三重區,順德里,574,373480,651,522,335,781,581.63,89.39
新北市,三重區,承德里,485,366982,757,588,357,940,709.07,93.71
新北市,三重區,瑞德里,598,422963,707,523,329,842,668.38,94.50
新北市,三重區,崇德里,1020,723728,710,549,346,882,567.49,79.98
新北市,三重區,尚德里,892,629718,706,529,340,885,635.63,90.04
新北市,三重區,培德里,1126,1032829,917,594,361,1024,1794.68,195.66
新北市,三重區,自強里,504,374182,742,549,360,909,658.95,88.76
新北市,三重區,大有里,1757,1349519,768,585,361,939,868.89,113.12
新北市,三重區,頂崁里,819,645642,788,562,343,952,1082.59,137.33
新北市,三重區,谷王里,278,224218,807,575,374,963,783.32,97.12
新北市,三重區,中興里,1352,1091331,807,553,349,968,869.56,107.73
新北市,三重區,成功里,2069,2057463,994,709,392,1284,966.95,97.24
新北市,三重區,重明里,1062,1136628,1070,635,384,1296,1589.94,148.55
新北市,三重區,光田里,1429,1238573,867,608,360,1049,1000.25,115.40
新北市,三重區,田心里,1219,862793,708,550,350,882,595.20,84.09
新北市,三重區,福隆里,1376,1166931,848,627,369,1035,786.68,92.76
新北市,三重區,五常里,1180,862859,731,546,362,861,980.90,134.14
新北市,三重區,慈生里,597,406606,681,523,344,812,654.08,96.03
新北市,三重區,碧華里,2668,3308020,1240,802,431,1522,2811.20,226.73
新北市,三重區,永德里,1362,955311,701,539,347,873,585.60,83.49
新北市,三重區,永福里,1503,1123770,748,563,362,933,654.55,87.54
新北市,三重區,福星里,345,291855,846,569,360,907,990.05,117.03
新北市,三重區,錦安里,524,382308,730,557,381,912,609.52,83.54
新北市,三重區,光輝里,460,355790,773,543,346,896,810.94,104.85
新北市,三重區,同慶里,500,426210,852,596,354,1031,822.55,96.50
新北市,三重區,永春里,580,465542,803,577,374,991,767.72,95.65
新北市,三重區,中民里,375,244323,652,526,343,830,539.66,82.83
新北市,三重區,長福里,455,324370,713,545,329,929,573.12,80.39
新北市,三重區,奕壽里,531,407592,768,533,347,939,731.58,95.31
新北市,三重區,萬壽里,585,469264,802,589,381,1026,691.89,86.25
新北市,三重區,中央里,480,350469,730,559,347,904,617.54,84.58
新北市,三重區,雙園里,283,250528,885,533,344,859,2511.08,283.66
新北市,三重區,正安里,597,458388,768,556,358,941,725.71,94.52
新北市,三重區,吉利里,436,310599,712,573,348,873,571.28,80.19
新北市,三重區,忠孝里,492,364408,741,583,366,953,610.22,82.39
新北市,三重區,秀江里,352,289143,821,568,339,926,1394.67,169.79
新北市,三重區,龍濱里,903,694456,769,547,353,895,778.63,101.25
新北市,三重區,平和里,388,235382,607,457,308,733,529.34,87.26
新北市,三重區,正德里,288,212537,738,541,331,929,791.41,107.24
新北市,三重區,五福里,1147,1116151,973,661,405,1213,1081.34,111.12
新北市,三重區,富華里,990,838790,847,609,364,1044,967.01,114.13
新北市,三重區,田安里,1885,1573530,835,606,368,1006,809.20,96.94
新北市,三重區,慈惠里,577,411345,713,534,359,840,815.35,114.37
新北市,三重區,慈福里,561,382575,682,533,331,855,619.79,90.88
新北市,三重區,永盛里,858,597303,696,543,344,874,724.04,104.01
新北市,三重區,福民里,995,754108,758,554,347,947,752.09,99.23
新北市,三重區,田中里,1926,1565182,813,584,352,1008,787.36,96.89
新北市,三重區,永清里,1556,1179257,758,576,368,926,706.54,93.23
新北市,三重區,維德里,822,635135,773,564,349,913,968.91,125.40
新北市,三重區,五華里,1566,1593094,1017,630,386,1182,1216.51,119.58
新北市,三重區,永煇里,690,466800,677,519,340,822,584.94,86.46
新北市,三重區,三民里,998,862348,864,597,375,1038,922.19,106.73
新北市,三重區,錦田里,644,696191,1081,593,332,1015,4458.49,412.43
新北市,三重區,慈祐里,1299,1046120,805,585,371,987,807.86,100.31
新北市,三重區,六福里,1617,1198517,741,583,362,945,623.85,84.17
新北市,三重區,光陽里,2130,1940795,911,607,380,1100,1019.76,111.92
新北市,三重區,福田里,1121,867506,774,571,367,930,735.78,95.08
新北市,三重區,富福里,547,394967,722,524,336,877,660.88,91.53
新北市,三重區,仁忠里,817,551250,675,551,348,856,538.06,79.75
新北市,三重區,富貴里,2043,2653226,1299,745,418,1442,2313.41,178.13
新北市,三重區,慈愛里,943,615167,652,548,360,824,462.80,70.94
新北市,三重區,福德里,1253,1076179,859,581,339,981,1337.53,155.73
新北市,三重區,永豐里,1612,1230345,763,584,379,959,628.43,82.34
新北市,三重區,博愛里,1387,1037829,748,557,363,942,623.83,83.37
新北市,三重區,永吉里,903,709273,785,571,359,931,854.93,108.84
新北市,三重區,永順里,1446,1013734,701,539,348,838,616.59,87.95
新北市,三重區,永發里,2012,1699329,845,605,356,1038,853.88,101.10
新北市,三重區,立德里,966,726228,752,544,336,916,770.28,102.46
新北市,三重區,福樂里,1038,803427,774,558,353,912,1488.97,192.37
新北市,三重區,仁華里,1273,996270,783,580,353,982,697.14,89.08
新北市,三重區,五順里,1035,745556,720,543,360,916,578.58,80.32
新北市,泰山區,黎明里,1060,810663,765,581,338,960,730.51,95.52
新北市,泰山區,大科里,272,223425,821,624,335,1111,680.89,82.89
新北市,泰山區,山腳里,2032,1543969,760,574,351,959,685.84,90.26
新北市,泰山區,楓樹里,1336,1129188,845,597,362,1035,952.36,112.68
新北市,泰山區,同榮里,1298,1034644,797,577,365,1026,726.07,91.09
新北市,泰山區,義學里,1412,1074916,761,599,360,960,672.13,88.29
新北市,泰山區,明志里,1170,938147,802,570,349,948,891.67,111.20
新北市,泰山區,貴子里,1289,1102008,855,625,347,1063,909.03,106.33
新北市,泰山區,貴和里,1654,1310500,792,588,370,1008,705.88,89.09
新北市,泰山區,福泰里,798,525374,658,523,327,850,541.07,82.18
新北市,泰山區,同興里,1181,1102426,933,658,373,1253,901.24,96.55
新北市,泰山區,義仁里,2671,2464759,923,676,401,1197,846.88,91.77
新北市,泰山區,泰友里,658,499336,759,587,358,958,624.25,82.26
新北市,泰山區,新明里,1003,713850,712,547,328,870,588.44,82.68
新北市,泰山區,貴賢里,1299,1243920,958,621,388,1152,1520.73,158.81
新北市,泰山區,福興里,1165,1086034,932,681,381,1209,885.72,95.01
新北市,泰山區,全興里,2902,3152485,1086,848,468,1426,908.09,83.59
新北市,新店區,張北里,2963,3727953,1258,725,408,1422,2472.15,196.49
新北市,新店區,張南里,742,845355,1139,707,362,1372,1507.06,132.28
新北市,新店區,廣明里,306,269682,881,595,340,1017,1078.19,122.34
新北市,新店區,江陵里,2104,2977929,1415,736,408,1546,3309.72,233.84
新北市,新店區,百忍里,1319,1177332,893,644,390,1117,853.20,95.59
新北市,新店區,青潭里,1721,1456831,847,641,392,1092,693.75,81.96
新北市,新店區,員潭里,1540,1305325,848,651,395,1073,1146.61,135.27
新北市,新店區,雙坑里,168,102075,608,493,319,737,558.08,91.85
新北市,新店區,粗坑里,998,968516,970,641,355,1224,1077.15,110.99
新北市,新店區,屈尺里,633,444209,702,536,326,892,607.99,86.64
新北市,新店區,廣興里,291,249929,859,550,344,931,1518.83,176.84
新北市,新店區,龜山里,424,320738,756,537,324,867,1045.26,138.18
新北市,新店區,直潭里,355,348055,980,559,327,1044,2212.43,225.66
新北市,新店區,塗潭里,207,143360,693,508,308,773,946.69,136.69
新北市,新店區,公崙里,3858,3754903,973,681,401,1224,998.68,102.61
新北市,新店區,柴埕里,2820,2590075,918,663,383,1144,973.69,106.01
新北市,新店區,雙城里,1571,1133769,722,568,354,902,598.62,82.95
新北市,新店區,頂城里,374,267844,716,533,355,903,635.11,88.68
新北市,新店區,下城里,978,2339079,2392,839,417,1890,9112.44,381.00
新北市,新店區,文中里,598,627406,1049,699,422,1293,1147.85,109.40
新北市,新店區,國校里,844,796895,944,640,378,1176,1288.90,136.51
新北市,新店區,新生里,2072,2242660,1082,687,382,1323,1286.77,118.89
新北市,新店區,中興里,1869,1855343,993,689,379,1248,1090.42,109.84
新北市,新店區,新安里,1639,1667706,1018,658,373,1230,1396.43,137.24
新北市,新店區,文明里,797,806261,1012,640,352,1202,1346.22,133.08
新北市,新店區,寶興里,2020,3064913,1517,769,398,1520,4834.34,318.62
新北市,新店區,寶安里,2005,2159012,1077,682,393,1283,2034.24,188.91
新北市,新店區,信義里,2308,2642373,1145,681,383,1372,2044.43,178.57
新北市,新店區,忠孝里,894,805901,901,636,374,1146,933.21,103.52
新北市,新店區,大鵬里,960,1020133,1063,735,393,1310,1201.08,113.03
新北市,新店區,大豐里,1312,1265807,965,661,378,1229,969.66,100.50
新北市,新店區,明德里,1450,1531489,1056,685,386,1273,1309.55,123.99
新北市,新店區,中山里,1734,3012869,1738,1018,496,2035,4404.80,253.51
新北市,新店區,和平里,180,119158,662,523,330,806,541.48,81.80
新北市,新店區,仁愛里,711,651562,916,630,366,1189,913.78,99.71
新北市,新店區,中正里,2060,2088723,1014,697,404,1251,1173.10,115.70
新北市,新店區,美潭里,1678,1506527,898,636,389,1130,879.31,97.94
新北市,新店區,德安里,1815,1398266,770,578,364,950,722.10,93.73
新北市,新店區,太平里,1004,929713,926,623,383,1169,1016.15,109.73
新北市,新店區,中央里,2206,3284709,1489,863,433,1850,2218.29,148.98
新北市,新店區,百和里,1115,1078984,968,643,359,1245,1003.56,103.71
新北市,新店區,福德里,1274,1161957,912,651,387,1144,1055.34,115.71
新北市,新店區,福民里,1415,1499367,1060,720,378,1335,1334.51,125.94
新北市,新店區,百福里,1280,1383546,1081,733,412,1327,1124.79,104.06
新北市,新店區,國豐里,1176,1109181,943,659,392,1143,961.01,101.89
新北市,新店區,新德里,878,768058,875,608,348,1061,945.17,108.05
新北市,新店區,五峰里,2700,3189471,1181,686,392,1312,2246.62,190.18
新北市,新店區,中華里,1463,1801761,1232,715,403,1402,2112.88,171.56
新北市,新店區,忠誠里,880,880914,1001,685,379,1253,1312.79,131.14
新北市,新店區,永安里,1551,1163080,750,566,367,926,657.21,87.64
新北市,新店區,新店里,564,485244,860,594,350,1105,854.67,99.34
新北市,新店區,大同里,1457,1960837,1346,659,383,1242,10327.70,767.40
新北市,新店區,玫瑰里,1809,1370006,757,568,358,940,758.71,100.18
新北市,新店區,日興里,1559,1098987,705,530,365,844,826.88,117.30
新北市,新店區,寶福里,2490,2921104,1173,733,404,1370,1685.62,143.68
新北市,新店區,安和里,2380,2320523,975,665,382,1167,1751.80,179.67
新北市,新店區,明城里,1210,1238409,1023,680,391,1250,1200.93,117.34
新北市,新店區,吉祥里,1513,1310890,866,626,364,1045,979.87,113.09
新北市,新店區,小城里,1247,1236740,992,652,388,1202,1275.87,128.65
新北市,新店區,香坡里,3324,3611850,1087,705,403,1271,2706.26,249.06
新北市,新店區,建國里,1024,997479,974,672,367,1203,1083.65,111.25
新北市,新店區,復興里,1086,960009,884,617,378,1105,876.76,99.18
新北市,新店區,美城里,868,684003,788,536,354,925,1193.08,151.40
新北市,新店區,安昌里,1788,1736797,971,698,405,1272,991.88,102.11
新北市,新店區,長春里,963,1511090,1569,889,436,1709,7634.77,486.55
新北市,新店區,新和里,1354,1100930,813,621,383,1045,686.41,84.42
新北市,新店區,永平里,1729,1490556,862,636,379,1111,773.66,89.74
新北市,新店區,達觀里,1352,1271613,941,650,370,1211,935.76,99.49
新北市,新店區,華城里,1020,3081253,3021,1130,486,2351,17206.77,569.60
新北市,石碇區,石碇里,115,73696,641,459,352,725,562.16,87.72
新北市,石碇區,潭邊里,190,219255,1154,597,300,933,2859.95,247.83
新北市,石碇區,烏塗里,153,171589,1121,591,362,1104,1624.62,144.86
新北市,石碇區,豐林里,79,52442,664,505,327,848,652.76,98.33
新北市,石碇區,隆盛里,190,134603,708,544,304,815,654.63,92.40
新北市,石碇區,中民里,184,120000,652,533,345,781,497.60,76.30
新北市,石碇區,永定里,126,76983,611,493,325,810,427.81,70.02
新北市,石碇區,光明里,47,34836,741,521,282,801,791.55,106.80
新北市,石碇區,彭山里,61,34525,566,539,337,689,356.52,62.99
新北市,石碇區,豐田里,89,74494,837,527,282,891,1312.67,156.83
新北市,石碇區,格頭里,213,150392,706,538,315,874,673.17,95.34
新北市,石碇區,永安里,186,122252,657,516,320,747,514.40,78.26
新北市,石碇區,碧山里,0,0,0,0,0,0,0.00,0.00
新北市,深坑區,深坑里,978,824636,843,611,372,1091,762.23,90.40
新北市,深坑區,萬順里,793,654707,826,614,366,1023,747.57,90.55
新北市,深坑區,阿柔里,164,113033,689,564,383,817,590.46,85.67
新北市,深坑區,昇高里,575,477394,830,585,384,1017,777.31,93.62
新北市,深坑區,土庫里,849,701816,827,596,372,1020,902.45,109.17
新北市,深坑區,埔新里,1930,1706404,884,617,370,1141,885.85,100.19
新北市,深坑區,萬福里,809,778053,962,583,370,1008,2720.22,282.84
新北市,深坑區,賴仲里,701,612727,874,664,409,1141,738.24,84.46
新北市,坪林區,坪林里,338,246029,728,541,328,843,771.42,105.98
新北市,坪林區,水德里,132,93856,711,571,366,889,585.88,82.40
新北市,坪林區,大林里,231,182187,789,597,326,926,835.96,105.99
新北市,坪林區,上德里,171,120394,704,506,311,774,1050.08,149.15
新北市,坪林區,漁光里,161,115083,715,580,369,909,546.86,76.51
新北市,坪林區,石𥕢里,88,60951,693,556,305,800,600.36,86.68
新北市,坪林區,粗窟里,199,159600,802,544,366,901,960.56,119.77
新北市,烏來區,烏來里,639,528490,827,674,381,1005,819.13,99.04
新北市,烏來區,忠治里,401,312002,778,613,400,957,870.04,111.82
新北市,烏來區,孝義里,67,53788,803,735,419,1071,510.21,63.55
新北市,烏來區,信賢里,124,86393,697,569,382,914,514.03,73.78
新北市,烏來區,福山里,111,74923,675,532,326,810,514.11,76.17
新北市,板橋區,留侯里,456,427085,937,626,363,1111,1885.01,201.26
新北市,板橋區,流芳里,484,442457,914,595,330,1103,1069.78,117.02
新北市,板橋區,赤松里,256,284547,1112,755,389,1429,1620.84,145.82
新北市,板橋區,黃石里,306,262438,858,624,357,1041,889.20,103.68
新北市,板橋區,挹秀里,648,862882,1332,724,410,1448,3144.02,236.11
新北市,板橋區,社後里,1859,1463941,787,565,357,979,811.06,102.99
新北市,板橋區,新埔里,651,613013,942,623,385,1133,1076.52,114.32
新北市,板橋區,江翠里,1434,1347103,939,618,370,1047,1493.60,159.00
新北市,板橋區,松翠里,1025,885533,864,611,396,1019,847.42,98.09
新北市,板橋區,嵐翠里,657,486036,740,569,370,872,758.79,102.57
新北市,板橋區,深丘里,2988,4539054,1519,832,436,1668,3219.04,211.91
新北市,板橋區,埔墘里,2025,1851541,914,612,377,1094,1010.92,110.56
新北市,板橋區,港嘴里,1857,1622053,873,595,375,1060,872.59,99.90
新北市,板橋區,湳興里,1616,1412353,874,635,377,1110,797.56,91.26
新北市,板橋區,鄉雲里,1256,1216804,969,646,389,1151,1149.46,118.65
新北市,板橋區,景星里,1129,1079331,956,654,375,1249,962.07,100.63
新北市,板橋區,廣福里,1207,1033555,856,626,379,1056,822.96,96.11
新北市,板橋區,溪洲里,1838,1488185,810,580,357,944,1005.70,124.21
新北市,板橋區,崑崙里,2879,2561029,890,624,387,1069,2689.34,302.32
新北市,板橋區,浮洲里,974,702580,721,552,364,884,605.67,83.97
新北市,板橋區,中正里,1259,990968,787,600,385,1011,656.36,83.39
新北市,板橋區,中山里,1615,1252731,776,604,388,1009,648.06,83.55
新北市,板橋區,復興里,221,145029,656,490,354,776,846.05,128.92
新北市,板橋區,自強里,1928,1821401,945,665,383,1196,1133.89,120.03
新北市,板橋區,國光里,1259,1303817,1036,703,380,1373,1051.88,101.57
新北市,板橋區,新興里,944,771418,817,630,357,1070,704.75,86.24
新北市,板橋區,福德里,1581,1532411,969,674,371,1235,1197.56,123.55
新北市,板橋區,和平里,1311,1617453,1234,911,497,1647,1116.49,90.50
新北市,板橋區,仁愛里,970,776656,801,573,367,1005,1194.25,149.15
新北市,板橋區,福星里,1180,1150958,975,694,402,1223,939.89,96.36
新北市,板橋區,公館里,1137,967380,851,603,371,1034,989.59,116.31
新北市,板橋區,新民里,1307,1245934,953,648,375,1151,1049.50,110.09
新北市,板橋區,振興里,1341,1014146,756,557,349,894,730.70,96.62
新北市,板橋區,光復里,1003,924551,922,634,382,1139,996.04,108.06
新北市,板橋區,香丘里,1171,1029702,879,618,348,1084,842.11,95.77
新北市,板橋區,雙玉里,1104,977862,886,623,372,1125,831.23,93.85
新北市,板橋區,福壽里,1070,1215977,1136,659,402,1181,2229.68,196.20
新北市,板橋區,玉光里,1580,1342597,850,605,377,1018,948.27,111.59
新北市,板橋區,港尾里,1006,987750,982,691,392,1256,1089.41,110.95
新北市,板橋區,民權里,847,722447,853,606,355,1066,874.38,102.51
新北市,板橋區,建國里,1027,757089,737,560,352,909,621.39,84.29
新北市,板橋區,百壽里,743,700120,942,656,376,1149,1039.47,110.31
新北市,板橋區,忠誠里,1359,1428250,1051,685,383,1316,1480.10,140.83
新北市,板橋區,幸福里,1151,859083,746,566,370,925,598.94,80.25
新北市,板橋區,漢生里,1406,1381638,983,657,376,1186,1146.69,116.69
新北市,板橋區,聯翠里,1268,1463226,1154,745,416,1417,1252.82,108.57
新北市,板橋區,宏翠里,1551,1339836,864,627,386,1082,802.72,92.92
新北市,板橋區,華翠里,1170,1152409,985,669,402,1202,1076.38,109.28
新北市,板橋區,福翠里,379,264430,698,543,355,851,575.79,82.53
新北市,板橋區,九如里,779,642451,825,566,379,980,892.23,108.19
新北市,板橋區,埤墘里,1280,1387214,1084,660,409,1226,1398.52,129.04
新北市,板橋區,廣新里,937,733659,783,579,372,937,795.83,101.64
新北市,板橋區,福丘里,1772,3530447,1992,929,449,2020,5250.70,263.54
新北市,板橋區,廣德里,2166,2187489,1010,669,381,1223,1306.80,129.40
新北市,板橋區,福祿里,1197,1107798,925,670,392,1230,825.22,89.17
新北市,板橋區,華興里,1285,1175542,915,664,400,1176,793.63,86.75
新北市,板橋區,聚安里,1444,1088277,754,580,367,945,675.32,89.61
新北市,板橋區,龍翠里,1644,1694331,1031,653,384,1239,1351.16,131.10
新北市,板橋區,柏翠里,1290,1344857,1043,696,397,1299,1113.90,106.85
新北市,板橋區,文翠里,1276,1191783,934,627,388,1050,1339.16,143.38
新北市,板橋區,青翠里,819,659393,805,590,391,937,821.99,102.10
新北市,板橋區,香社里,1220,971699,796,589,371,955,791.64,99.39
新北市,板橋區,大安里,1114,816577,733,557,354,883,756.30,103.18
新北市,板橋區,東丘里,1309,1199818,917,642,373,1098,1092.14,119.15
新北市,板橋區,華德里,2307,2184499,947,673,412,1188,896.73,94.70
新北市,板橋區,國泰里,1115,1123229,1007,672,388,1339,1029.11,102.16
新北市,板橋區,光華里,932,823501,884,626,364,1079,967.49,109.50
新北市,板橋區,自立里,825,612416,742,604,354,968,570.19,76.81
新北市,板橋區,重慶里,2665,2220301,833,618,379,1075,728.88,87.49
新北市,板橋區,港德里,1335,1075602,806,586,363,1010,723.96,89.86
新北市,板橋區,忠翠里,3517,5112960,1454,861,448,1817,2521.75,173.46
新北市,板橋區,明翠里,1379,1115232,809,579,356,1000,821.76,101.61
新北市,板橋區,滿翠里,842,591437,702,546,353,896,581.34,82.76
新北市,板橋區,新翠里,2567,2425186,945,660,397,1205,904.68,95.76
新北市,板橋區,溪頭里,1799,1616820,899,616,373,1064,1091.30,121.43
新北市,板橋區,華江里,2454,2976346,1213,781,422,1503,1533.91,126.47
新北市,板橋區,海山里,2334,2658127,1139,709,419,1341,1704.13,149.63
新北市,板橋區,大豐里,1427,1208788,847,595,381,1014,836.64,98.77
新北市,板橋區,吉翠里,971,688806,709,527,348,882,613.49,86.48
新北市,板橋區,民族里,1447,1656421,1145,772,411,1424,1787.93,156.19
新北市,板橋區,信義里,1255,1037632,827,596,365,982,859.37,103.94
新北市,板橋區,純翠里,1727,1486348,861,603,376,1085,903.85,105.02
新北市,板橋區,長壽里,896,732468,817,597,388,1026,728.26,89.09
新北市,板橋區,振義里,1128,889352,788,596,357,997,715.87,90.80
新北市,板橋區,西安里,817,726254,889,624,367,1068,920.84,103.59
新北市,板橋區,光仁里,880,689462,783,568,337,982,773.15,98.68
新北市,板橋區,介壽里,910,768024,844,621,390,1078,713.96,84.59
新北市,板橋區,仁翠里,793,554215,699,540,350,862,556.14,79.57
新北市,板橋區,永安里,1047,970710,927,633,385,1143,932.14,100.54
新北市,板橋區,懷翠里,1753,1421597,811,580,376,998,754.32,93.02
新北市,板橋區,長安里,1419,1394156,982,693,402,1248,1056.53,107.54
新北市,板橋區,德翠里,2302,2125928,924,672,391,1218,811.51,87.87
新北市,板橋區,溪北里,1042,815798,783,564,366,998,703.25,89.82
新北市,板橋區,華中里,1453,962540,662,531,357,818,512.56,77.37
新北市,板橋區,僑中里,1253,896380,715,556,356,880,603.30,84.33
新北市,板橋區,金華里,1161,844130,727,552,361,905,676.36,93.02
新北市,板橋區,華貴里,783,606153,774,594,376,972,636.92,82.27
新北市,板橋區,華東里,2661,3389488,1274,829,440,1557,1615.32,126.81
新北市,板橋區,福安里,750,520892,695,535,340,884,560.46,80.70
新北市,板橋區,龍安里,748,492333,658,528,347,819,521.11,79.17
新北市,板橋區,香雅里,787,613070,779,604,373,983,650.31,83.48
新北市,板橋區,光榮里,752,603351,802,571,333,961,942.26,117.44
新北市,板橋區,新生里,1330,1042863,784,592,387,949,674.12,85.97
新北市,板橋區,民安里,652,551729,846,627,350,1057,795.05,93.95
新北市,板橋區,後埔里,1247,1661487,1332,688,389,1274,8620.81,647.02
新北市,板橋區,五權里,1147,869267,758,595,367,957,651.00,85.90
新北市,板橋區,華福里,694,567964,818,569,366,1024,741.25,90.57
新北市,板橋區,大觀里,1075,736888,685,553,366,885,500.07,72.95
新北市,板橋區,歡園里,331,243034,734,538,361,780,1356.19,184.71
新北市,板橋區,成和里,1946,1680250,863,669,394,1127,689.34,79.84
新北市,板橋區,溪福里,4286,3752702,876,637,386,1135,858.60,98.06
新北市,板橋區,堂春里,1283,1014677,791,578,379,957,974.25,123.19
新北市,板橋區,文德里,980,909418,928,629,390,1134,982.71,105.90
新北市,板橋區,陽明里,842,790019,938,599,363,998,1696.18,180.78
新北市,板橋區,文化里,1061,1114000,1050,642,389,1196,1256.34,119.66
新北市,板橋區,朝陽里,925,696899,753,569,364,903,674.45,89.52
新北市,板橋區,新海里,1017,695935,684,541,334,842,595.18,86.98
新北市,板橋區,松柏里,705,655035,929,631,391,1145,883.03,95.04
新北市,板橋區,莒光里,901,888452,986,660,395,1259,983.33,99.72
新北市,板橋區,文聖里,1220,1066910,875,610,381,1087,867.22,99.17
新北市,板橋區,富貴里,784,887977,1133,668,391,1248,1859.29,164.16
新北市,板橋區,居仁里,1043,887487,851,594,379,1025,852.48,100.19
新北市,板橋區,正泰里,978,810804,829,595,368,1014,773.29,93.28
新北市,板橋區,莊敬里,1357,1517316,1118,767,435,1490,1215.67,108.72
新北市,板橋區,民生里,703,633007,900,665,370,1071,893.06,99.18
新北市,板橋區,東安里,706,588861,834,617,369,1079,727.76,87.25
新北市,三峽區,三峽里,69,46998,681,474,351,922,504.00,73.99
新北市,三峽區,秀川里,170,120007,706,549,345,909,554.35,78.53
新北市,三峽區,八張里,1113,810003,728,556,347,900,659.89,90.67
新北市,三峽區,中埔里,881,642611,729,554,341,938,596.73,81.81
新北市,三峽區,礁溪里,1576,1180581,749,565,365,949,639.69,85.40
新北市,三峽區,永館里,2105,1747892,830,589,357,1004,953.79,114.87
新北市,三峽區,鳶山里,2829,2266255,801,592,364,989,748.60,93.45
新北市,三峽區,龍埔里,2691,2143402,797,609,368,1022,682.34,85.67
新北市,三峽區,弘道里,273,187013,685,540,372,860,612.00,89.34
新北市,三峽區,大埔里,1064,819183,770,614,379,1002,583.99,75.85
新北市,三峽區,嘉添里,545,415172,762,532,343,840,970.94,127.46
新北市,三峽區,添福里,298,198368,666,515,355,822,545.39,81.93
新北市,三峽區,溪南里,388,274857,708,516,311,828,710.07,100.24
新北市,三峽區,溪北里,591,394322,667,514,329,797,579.70,86.88
新北市,三峽區,溪東里,854,577292,676,532,352,801,852.11,126.05
新北市,三峽區,成福里,225,152437,677,516,355,810,629.10,92.86
新北市,三峽區,安坑里,290,180632,623,513,319,751,472.27,75.82
新北市,三峽區,竹崙里,418,288156,689,494,332,763,1181.14,171.34
新北市,三峽區,金圳里,99,60903,615,486,298,775,567.58,92.26
新北市,三峽區,五寮里,152,87553,576,447,282,653,617.80,107.26
新北市,三峽區,插角里,140,107480,768,621,354,937,768.29,100.08
新北市,三峽區,有木里,104,102057,981,502,280,779,2095.55,213.54
新北市,三峽區,安溪里,2076,1636918,788,562,355,957,1679.38,212.98
新北市,三峽區,中正里,1322,918311,695,537,341,875,574.26,82.67
新北市,三峽區,介壽里,1679,1063747,634,505,328,799,467.78,73.83
新北市,三峽區,二鬮里,959,683180,712,526,326,866,814.28,114.30
新北市,三峽區,龍恩里,2061,2333276,1132,808,422,1525,1076.80,95.11
新北市,三峽區,龍學里,4863,5965008,1227,891,471,1621,1255.27,102.34
新北市,鶯歌區,東鶯里,310,241320,778,576,355,1004,680.17,87.37
新北市,鶯歌區,西鶯里,669,521019,779,566,365,949,765.82,98.33
新北市,鶯歌區,南鶯里,1658,1403042,846,592,374,1056,879.03,103.88
新北市,鶯歌區,北鶯里,1244,1240461,997,694,408,1259,1298.80,130.25
新北市,鶯歌區,中鶯里,292,239783,821,593,368,1022,742.31,90.40
新北市,鶯歌區,建德里,127,89265,703,561,336,974,511.43,72.76
新北市,鶯歌區,同慶里,487,379954,780,541,330,902,871.68,111.73
新北市,鶯歌區,南靖里,1002,695120,694,534,336,840,633.78,91.36
新北市,鶯歌區,尖山里,2216,1645332,742,559,360,930,697.57,93.95
新北市,鶯歌區,二橋里,2180,1615342,741,569,368,921,637.52,86.04
新北市,鶯歌區,二甲里,230,157719,686,540,357,902,540.92,78.88
新北市,鶯歌區,東湖里,65,49280,758,536,377,902,772.63,101.91
新北市,鶯歌區,中湖里,1582,1051832,665,533,359,816,591.47,88.96
新北市,鶯歌區,鳳鳴里,1353,919837,680,525,347,868,554.59,81.57
新北市,鶯歌區,永昌里,2473,1842060,745,570,363,930,669.63,89.90
新北市,鶯歌區,永吉里,1472,1007515,684,538,368,852,530.04,77.44
新北市,鶯歌區,鳳福里,1144,751778,657,534,354,811,946.76,144.07
新北市,鶯歌區,大湖里,1502,1086100,723,547,359,878,759.05,104.97
新北市,鶯歌區,建國里,1929,1455568,755,576,364,927,882.75,116.99
新北市,鶯歌區,鳳祥里,1313,938929,715,544,364,871,623.36,87.17
新北市,樹林區,樹東里,352,297298,845,585,337,1021,993.67,117.65
新北市,樹林區,彭厝里,1535,1074964,700,542,351,863,572.04,81.68
新北市,樹林區,樹西里,1714,1591811,929,622,358,1148,1212.05,130.51
新北市,樹林區,坡內里,474,308375,651,452,307,773,661.01,101.60
新北市,樹林區,樹北里,282,248901,883,642,337,1053,921.69,104.43
新北市,樹林區,潭底里,1216,932905,767,557,355,956,836.77,109.07
新北市,樹林區,獇寮里,1414,1018674,720,563,359,891,676.54,93.91
新北市,樹林區,三多里,1238,820236,663,535,326,843,560.90,84.66
新北市,樹林區,東山里,1041,728953,700,518,331,828,1018.39,145.43
新北市,樹林區,西山里,0,0,0,0,0,0,0.00,0.00
新北市,樹林區,樂山里,476,371141,780,570,359,909,802.41,102.91
新北市,樹林區,東園里,449,329887,735,543,345,912,638.45,86.90
新北市,樹林區,西園里,487,327905,673,527,344,819,542.94,80.64
新北市,樹林區,南園里,4733,5743597,1214,876,459,1574,1326.80,109.33
新北市,樹林區,北園里,637,442668,695,541,336,850,621.74,89.47
新北市,樹林區,柑園里,3051,3968071,1301,860,449,1621,2716.55,208.87
新北市,樹林區,樹南里,1271,1041907,820,603,376,1006,773.60,94.37
新北市,樹林區,樹德里,1122,887097,791,580,350,960,761.58,96.33
新北市,樹林區,樹人里,1044,889251,852,579,355,987,961.09,112.83
新北市,樹林區,保安里,1918,1552119,809,588,360,988,802.23,99.13
新北市,樹林區,三福里,1121,762992,681,536,339,856,597.25,87.75
新北市,樹林區,三興里,1207,763336,632,505,340,761,554.67,87.70
新北市,樹林區,大同里,1106,888676,804,617,386,1046,660.13,82.16
新北市,樹林區,彭福里,1534,1172980,765,577,365,971,625.72,81.83
新北市,樹林區,東陽里,1816,1303829,718,564,351,914,575.57,80.17
新北市,樹林區,東昇里,1544,1236478,801,583,361,978,932.97,116.50
新北市,樹林區,和平里,1135,795546,701,559,346,887,574.69,81.99
新北市,樹林區,圳福里,1313,928081,707,555,360,853,581.09,82.21
新北市,樹林區,圳安里,1150,815271,709,542,356,879,606.42,85.54
新北市,樹林區,樹興里,1128,894355,793,583,370,978,693.09,87.42
新北市,樹林區,彭興里,1678,1099914,655,529,346,824,511.60,78.05
新北市,樹林區,文林里,1511,1216597,805,598,372,999,752.81,93.50
新北市,樹林區,光興里,1166,773810,664,532,355,821,548.01,82.58
新北市,樹林區,金寮里,1222,907052,742,578,376,933,579.67,78.09
新北市,樹林區,中山里,1535,1180169,769,564,361,964,668.19,86.91
新北市,樹林區,山佳里,1672,1274947,763,595,370,919,661.04,86.69
新北市,樹林區,育英里,963,846375,879,604,379,1033,1060.93,120.71
新北市,樹林區,樹福里,1238,1384879,1119,718,382,1322,1363.45,121.88
新北市,樹林區,中華里,1039,761350,733,575,363,916,588.36,80.29
新北市,樹林區,太順里,803,525582,655,518,347,802,499.01,76.24
新北市,樹林區,圳民里,855,624322,730,572,364,923,731.30,100.15
新北市,樹林區,圳生里,596,402738,676,507,318,754,859.12,127.14
新北市,樹林區,三龍里,710,493253,695,543,336,879,599.96,86.36
新北市,中和區,中原里,1958,2077027,1061,693,400,1273,1370.28,129.18
新北市,中和區,平河里,2971,2760550,929,661,392,1198,945.71,101.78
新北市,中和區,力行里,2049,2059667,1005,692,405,1284,1008.15,100.29
新北市,中和區,枋寮里,1150,1060695,922,637,377,1096,1046.70,113.48
新北市,中和區,廟美里,1384,1101289,796,584,372,960,849.04,106.70
新北市,中和區,瓦磘里,1709,1557311,911,651,388,1166,821.60,90.16
新北市,中和區,積穗里,2716,2613957,962,676,394,1160,1106.85,115.01
新北市,中和區,瑞穗里,729,608297,834,628,395,1058,722.81,86.62
新北市,中和區,灰磘里,193,156168,809,545,355,986,806.29,99.65
新北市,中和區,錦和里,1694,1538365,908,656,389,1166,890.27,98.03
新北市,中和區,內南里,1476,1134843,769,560,362,911,753.25,97.97
新北市,中和區,外南里,1381,1144404,829,604,369,1037,811.17,97.89
新北市,中和區,頂南里,948,819379,864,630,389,1034,1041.51,120.50
新北市,中和區,橫路里,89,55785,627,465,254,756,595.86,95.06
新北市,中和區,連和里,902,895387,993,713,387,1249,1001.83,100.92
新北市,中和區,漳和里,1203,1185165,985,654,377,1144,1216.02,123.43
新北市,中和區,秀山里,1425,1217322,854,604,371,1050,856.22,100.23
新北市,中和區,員山里,2099,2032218,968,662,388,1181,2349.68,242.69
新北市,中和區,安樂里,1277,1427827,1118,766,411,1474,1126.50,100.75
新北市,中和區,壽德里,1360,1223383,900,669,378,1185,793.67,88.23
新北市,中和區,新南里,2859,3152143,1103,785,423,1423,1089.44,98.81
新北市,中和區,崇南里,1365,1244653,912,679,404,1186,809.28,88.75
新北市,中和區,東南里,1296,1065365,822,593,353,1024,805.15,97.95
新北市,中和區,秀明里,1617,1514612,937,659,366,1177,966.62,103.20
新北市,中和區,安平里,2176,2624611,1206,757,403,1539,1581.29,131.10
新北市,中和區,景平里,1831,1801458,984,680,398,1224,1020.00,103.67
新北市,中和區,嘉穗里,909,695834,765,582,376,934,695.20,90.82
新北市,中和區,景安里,1559,1411898,906,660,388,1144,914.24,100.95
新北市,中和區,連城里,2045,1875704,917,661,394,1181,877.81,95.70
新北市,中和區,福美里,1284,1002453,781,598,379,992,650.88,83.37
新北市,中和區,安和里,1068,1100497,1030,698,394,1294,1129.19,109.58
新北市,中和區,中安里,1622,1835950,1132,723,411,1405,1305.10,115.30
新北市,中和區,泰安里,1066,933358,876,613,363,1096,902.38,103.06
新北市,中和區,華南里,1589,1590335,1001,672,407,1199,1074.27,107.34
新北市,中和區,秀峰里,1491,1268981,851,603,373,1059,1042.22,122.46
新北市,中和區,秀水里,1083,824415,761,574,370,925,667.14,87.64
新北市,中和區,景南里,941,802505,853,580,377,1042,841.70,98.70
新北市,中和區,復興里,1498,1253159,837,601,374,1066,801.21,95.78
新北市,中和區,和興里,1412,1349514,956,662,388,1183,976.85,102.21
新北市,中和區,南山里,1806,2022990,1120,746,410,1360,1458.13,130.17
新北市,中和區,景新里,1064,879281,826,600,377,1030,757.44,91.66
新北市,中和區,景福里,1871,1804600,965,662,380,1134,1164.70,120.76
新北市,中和區,清穗里,935,755537,808,601,383,999,753.51,93.25
新北市,中和區,佳和里,1493,1379655,924,628,364,1098,1618.32,175.13
新北市,中和區,德穗里,1362,1173459,862,600,369,1024,992.38,115.18
新北市,中和區,嘉新里,1193,902128,756,574,369,915,702.08,92.85
新北市,中和區,建和里,1030,886032,860,618,368,1056,925.52,107.59
新北市,中和區,仁和里,1219,937206,769,594,364,945,791.16,102.90
新北市,中和區,秀景里,2050,2014934,983,672,396,1277,973.67,99.06
新北市,中和區,中正里,1205,863543,717,570,361,886,567.84,79.24
新北市,中和區,福善里,1397,1126695,807,609,370,997,737.84,91.49
新北市,中和區,福真里,1224,1000838,818,606,389,1006,717.00,87.69
新北市,中和區,秀仁里,1038,1025118,988,711,404,1243,1024.45,103.73
新北市,中和區,忠孝里,1436,1108992,772,598,364,955,731.41,94.71
新北市,中和區,民享里,772,574596,744,567,345,903,663.98,89.21
新北市,中和區,民生里,1288,1156559,898,665,390,1161,784.69,87.39
新北市,中和區,國光里,1217,1030855,847,620,374,1069,783.74,92.53
新北市,中和區,福和里,1151,925569,804,579,363,1001,746.25,92.80
新北市,中和區,秀成里,1210,1106611,915,618,396,1075,1030.53,112.68
新北市,中和區,秀福里,1557,1478889,950,660,394,1172,993.68,104.62
新北市,中和區,華新里,2252,1893805,841,652,392,1077,701.58,83.43
新北市,中和區,壽南里,656,531625,810,611,354,1021,770.39,95.06
新北市,中和區,文元里,1610,1190769,740,583,364,942,586.23,79.26
新北市,中和區,明德里,1133,874395,772,588,359,980,711.84,92.24
新北市,中和區,信和里,1149,903085,786,585,364,953,727.55,92.57
新北市,中和區,福祥里,1482,1241662,838,604,365,1022,824.40,98.40
新北市,中和區,景文里,1182,1236618,1046,694,401,1329,1302.77,124.52
新北市,中和區,錦昌里,685,793677,1159,736,402,1428,1489.68,128.57
新北市,中和區,民安里,1472,1153029,783,608,367,1010,660.81,84.36
新北市,中和區,安穗里,1400,1197227,855,610,383,1071,868.59,101.57
新北市,中和區,明穗里,1510,1303733,863,631,383,1071,832.94,96.47
新北市,中和區,自強里,1499,1150918,768,588,373,964,632.21,82.34
新北市,中和區,正行里,979,897606,917,656,401,1135,1143.92,124.77
新北市,中和區,德行里,2313,2652561,1147,814,440,1471,1224.80,106.80
新北市,中和區,安順里,1457,1466961,1007,701,414,1233,1037.30,103.03
新北市,中和區,宜安里,621,574078,924,673,369,1220,979.82,105.99
新北市,中和區,秀義里,834,762681,914,643,385,1129,1040.40,113.77
新北市,中和區,秀士里,669,606219,906,641,388,1140,967.17,106.73
新北市,中和區,興南里,904,696020,770,571,353,958,713.57,92.68
新北市,中和區,景本里,591,475949,805,598,359,1006,765.47,95.05
新北市,中和區,中興里,2275,2404680,1057,764,446,1349,1061.59,100.43
新北市,中和區,吉興里,1043,1051335,1008,697,412,1328,975.45,96.77
新北市,中和區,福南里,1269,1042405,821,584,375,997,957.90,116.61
新北市,中和區,正南里,945,692002,732,557,357,866,744.13,101.62
新北市,中和區,錦盛里,1155,839750,727,570,373,925,567.08,78.00
新北市,中和區,中山里,842,751507,893,658,388,1091,1009.14,113.07
新北市,中和區,冠穗里,1089,972430,893,609,388,1068,1763.18,197.45
新北市,中和區,嘉慶里,1217,957941,787,603,387,987,662.07,84.11
新北市,中和區,錦中里,1248,1002446,803,576,361,1051,748.89,93.23
新北市,中和區,員富里,1019,789367,775,584,381,981,682.48,88.10
新北市,中和區,民有里,822,618575,753,563,368,881,706.01,93.82
新北市,中和區,碧河里,1371,1356481,989,681,397,1247,1145.55,115.78
新北市,中和區,國華里,985,806000,818,616,376,1073,668.90,81.74
新北市,土城區,埤塘里,1071,785717,734,561,354,936,605.69,82.56
新北市,土城區,土城里,557,425541,764,554,333,911,865.47,113.28
新北市,土城區,員林里,1884,1598482,848,596,361,1045,924.14,108.92
新北市,土城區,貨饒里,1385,1147362,828,600,373,976,842.77,101.73
新北市,土城區,柑林里,1007,961336,955,714,392,1253,811.49,85.00
新北市,土城區,埤林里,2815,2542596,903,634,378,1156,839.30,92.92
新北市,土城區,峰廷里,2048,1403701,685,533,351,870,572.48,83.52
新北市,土城區,廷寮里,1378,1028010,746,560,358,907,1118.33,149.91
新北市,土城區,清水里,2341,1741713,744,564,362,938,653.97,87.90
新北市,土城區,清化里,433,328966,760,551,364,955,764.56,100.63
新北市,土城區,大安里,1477,1090494,738,555,348,913,683.32,92.55
新北市,土城區,永寧里,2437,1922124,789,584,363,1006,702.27,89.04
新北市,土城區,祖田里,466,324031,695,529,384,808,728.20,104.73
新北市,土城區,頂埔里,1482,1241238,838,568,355,935,2494.59,297.85
新北市,土城區,沛陂里,1435,1203790,839,597,366,932,2264.47,269.94
新北市,土城區,頂新里,936,954925,1020,765,412,1327,938.32,91.97
新北市,土城區,長風里,678,617645,911,639,373,1123,968.01,106.26
新北市,土城區,頂福里,1482,1040117,702,549,360,868,662.62,94.41
新北市,土城區,員仁里,1672,1124107,672,522,343,829,544.56,81.00
新北市,土城區,日新里,1365,1006373,737,550,356,928,662.22,89.82
新北市,土城區,瑞興里,902,657975,729,568,360,937,586.52,80.40
新北市,土城區,清溪里,1907,1618669,849,617,361,1030,866.30,102.06
新北市,土城區,清和里,1681,1112940,662,527,350,823,514.87,77.77
新北市,土城區,永豐里,1331,1266645,952,634,398,1142,1117.21,117.40
新北市,土城區,日和里,1675,1259254,752,570,365,914,659.29,87.70
新北市,土城區,平和里,2064,1524144,738,539,356,878,1875.15,253.93
新北市,土城區,樂利里,1613,1181287,732,544,360,916,627.97,85.75
新北市,土城區,廣福里,1806,1549626,858,612,367,1089,789.39,92.00
新北市,土城區,學府里,1113,865219,777,574,375,935,691.90,89.00
新北市,土城區,延壽里,1240,869358,701,557,370,893,537.77,76.70
新北市,土城區,安和里,1444,1068689,740,577,366,931,594.71,80.36
新北市,土城區,青雲里,845,679048,804,572,366,968,768.16,95.59
新北市,土城區,員福里,1666,1257661,755,551,350,914,764.63,101.29
新北市,土城區,延吉里,1111,735109,662,517,343,790,594.02,89.78
新北市,土城區,復興里,1423,1160983,816,588,375,990,742.62,91.02
新北市,土城區,裕生里,1691,1392892,824,595,363,1016,853.46,103.61
新北市,土城區,員信里,1382,1041014,753,550,339,903,754.83,100.21
新北市,土城區,延和里,1938,1562297,806,596,384,960,824.22,102.24
新北市,土城區,學成里,1027,847289,825,581,368,952,1713.63,207.71
新北市,土城區,永富里,1472,985817,670,527,348,810,536.26,80.07
新北市,土城區,中正里,1007,849823,844,599,371,1047,1024.82,121.44
新北市,土城區,學士里,1491,1559558,1046,723,400,1376,1025.38,98.03
新北市,土城區,明德里,2011,2092772,1041,742,397,1357,1159.17,111.39
新北市,土城區,廣興里,1105,902774,817,632,358,1032,722.32,88.41
新北市,土城區,青山里,823,597143,726,570,367,924,592.96,81.72
新北市,土城區,金城里,1859,1549358,833,609,375,1067,1039.99,124.78
新北市,土城區,延祿里,1132,814541,720,553,376,881,577.98,80.32
新北市,瑞芳區,龍潭里,243,191605,788,591,317,974,854.78,108.41
新北市,瑞芳區,龍鎮里,367,258007,703,578,352,907,538.75,76.63
新北市,瑞芳區,龍山里,405,267731,661,530,350,839,502.74,76.05
新北市,瑞芳區,龍川里,509,339533,667,514,319,833,551.99,82.75
新北市,瑞芳區,龍安里,185,124294,672,493,367,796,546.96,81.41
新北市,瑞芳區,柑坪里,273,173375,635,514,332,758,513.39,80.84
新北市,瑞芳區,爪峰里,1129,740545,656,539,359,821,476.64,72.67
新北市,瑞芳區,基山里,91,56389,620,519,310,773,532.69,85.96
新北市,瑞芳區,永慶里,84,51232,610,478,314,672,606.27,99.40
新北市,瑞芳區,崇文里,75,47520,634,473,293,853,488.93,77.17
新北市,瑞芳區,福住里,31,21713,700,621,263,828,810.81,115.76
新北市,瑞芳區,頌德里,73,47176,646,576,240,864,615.12,95.18
新北市,瑞芳區,瓜山里,46,39221,853,567,384,878,882.85,103.54
新北市,瑞芳區,石山里,84,63205,752,501,346,882,708.47,94.16
新北市,瑞芳區,新山里,80,51073,638,552,314,862,486.70,76.24
新北市,瑞芳區,銅山里,38,26123,687,464,306,879,714.19,103.89
新北市,瑞芳區,龍興里,641,510468,796,573,335,1004,758.04,95.19
新北市,瑞芳區,濓洞里,124,83749,675,520,291,880,567.46,84.02
新北市,瑞芳區,吉慶里,525,328080,625,502,335,806,571.38,91.43
新北市,瑞芳區,傑魚里,578,353977,612,494,330,737,510.49,83.36
新北市,瑞芳區,上天里,377,218607,580,496,345,690,388.51,67.00
新北市,瑞芳區,猴硐里,109,72586,666,445,299,785,976.36,146.62
新北市,瑞芳區,光復里,53,28296,534,433,332,661,327.90,61.42
新北市,瑞芳區,弓橋里,74,39660,536,510,317,640,346.13,64.58
新北市,瑞芳區,碩仁里,40,19943,499,438,279,619,375.51,75.32
新北市,瑞芳區,海濱里,295,194476,659,535,331,845,508.61,77.15
新北市,瑞芳區,深澳里,241,155425,645,508,339,821,501.18,77.71
新北市,瑞芳區,鼻頭里,141,85802,609,481,289,763,600.43,98.67
新北市,瑞芳區,南雅里,51,32595,639,440,270,705,767.93,120.16
新北市,瑞芳區,吉安里,869,581507,669,545,348,815,549.71,82.15
新北市,瑞芳區,濓新里,75,41954,559,481,334,661,392.29,70.13
新北市,瑞芳區,瑞濱里,510,333223,653,513,325,812,528.98,80.96
新北市,瑞芳區,東和里,437,276332,632,513,339,788,491.30,77.70
新北市,瑞芳區,新峰里,943,621650,659,530,343,841,516.81,78.40
新北市,平溪區,薯榔里,92,53856,585,480,324,716,436.34,74.54
新北市,平溪區,白石里,67,34693,518,483,311,628,305.95,59.09
新北市,平溪區,菁桐里,53,32725,617,500,319,744,438.35,70.99
新北市,平溪區,平溪里,61,39132,642,491,309,808,476.58,74.29
新北市,平溪區,石底里,105,81800,779,543,329,882,868.71,111.51
新北市,平溪區,嶺腳里,146,96578,661,547,352,850,479.91,72.55
新北市,平溪區,東勢里,77,61502,799,553,353,942,782.07,97.91
新北市,平溪區,平湖里,32,18635,582,451,332,695,386.64,66.39
新北市,平溪區,南山里,89,55063,619,524,327,795,448.79,72.54
新北市,平溪區,新寮里,25,14789,592,502,347,635,438.07,74.06
新北市,平溪區,十分里,155,126606,817,533,333,871,1401.83,171.62
新北市,平溪區,望古里,36,24260,674,561,380,794,473.66,70.29
新北市,雙溪區,雙溪里,112,105533,942,488,322,777,3559.04,377.71
新北市,雙溪區,共和里,93,60886,655,572,305,736,570.65,87.16
新北市,雙溪區,新基里,190,139023,732,544,301,900,803.46,109.81
新北市,雙溪區,魚行里,172,125981,732,565,323,1024,551.62,75.31
新北市,雙溪區,三港里,98,76919,785,598,342,905,710.52,90.52
新北市,雙溪區,牡丹里,368,243812,663,501,300,832,611.72,92.33
新北市,雙溪區,三貂里,64,105446,1648,459,294,781,8189.63,497.07
新北市,雙溪區,平林里,256,179639,702,527,333,869,598.47,85.29
新北市,雙溪區,上林里,143,86378,604,495,305,766,451.98,74.83
新北市,雙溪區,外柑里,81,48339,597,503,326,722,474.94,79.58
新北市,雙溪區,長源里,62,44338,715,521,386,757,782.82,109.47
新北市,雙溪區,泰平里,278,209616,754,583,330,934,786.91,104.36
新北市,貢寮區,貢寮里,195,132572,680,545,323,825,594.29,87.41
新北市,貢寮區,雙玉里,156,124143,796,585,391,881,753.76,94.72
新北市,貢寮區,龍崗里,97,56794,586,452,324,793,435.24,74.34
新北市,貢寮區,吉林里,108,70352,651,515,302,778,626.05,96.11
新北市,貢寮區,龍門里,140,91889,656,552,358,779,519.21,79.11
新北市,貢寮區,福隆里,361,230730,639,497,330,767,532.90,83.38
新北市,貢寮區,福連里,167,107978,647,502,342,812,489.85,75.76
新北市,貢寮區,仁里里,427,293886,688,545,330,867,580.36,84.32
新北市,貢寮區,真理里,444,266176,599,457,290,757,511.70,85.36
新北市,貢寮區,美豐里,149,83143,558,479,281,706,420.65,75.38
新北市,貢寮區,和美里,202,133998,663,525,338,768,754.84,113.79
新北市,金山區,和平里,134,96365,719,510,294,936,690.61,96.03
新北市,金山區,大同里,177,126240,713,522,363,958,562.14,78.82
新北市,金山區,豐漁里,101,63449,628,504,256,763,588.10,93.62
新北市,金山區,磺港里,386,236879,614,473,319,700,562.52,91.66
新北市,金山區,美田里,1190,838864,705,535,323,899,618.48,87.74
新北市,金山區,五湖里,503,360446,717,523,343,855,806.93,112.61
新北市,金山區,重和里,372,296583,797,500,300,917,1119.01,140.36
新北市,金山區,兩湖里,90,59897,666,403,272,704,706.44,106.15
新北市,金山區,六股里,161,102743,638,482,285,807,575.09,90.12
新北市,金山區,三界里,136,87012,640,459,303,808,540.28,84.45
新北市,金山區,清泉里,199,129742,652,525,331,809,534.68,82.01
新北市,金山區,西湖里,58,43876,756,522,336,1019,626.48,82.82
新北市,金山區,萬壽里,96,57277,597,531,297,856,408.02,68.39
新北市,金山區,永興里,141,81684,579,471,302,719,519.44,89.66
新北市,金山區,金美里,1409,905658,643,491,319,778,560.09,87.14
新北市,萬里區,萬里里,1216,813244,669,525,333,822,618.36,92.46
新北市,萬里區,龜吼里,553,411955,745,547,323,862,866.74,116.35
新北市,萬里區,野柳里,678,458695,677,523,343,833,592.17,87.53
新北市,萬里區,大鵬里,704,475333,675,511,325,811,824.00,122.04
新北市,萬里區,磺潭里,157,105436,672,547,358,763,589.35,87.76
新北市,萬里區,雙興里,210,179784,856,552,364,950,1073.34,125.37
新北市,萬里區,溪底里,139,89399,643,546,318,808,475.57,73.94
新北市,萬里區,崁脚里,106,78110,737,511,315,976,766.87,104.07
新北市,萬里區,中幅里,273,179767,658,521,337,807,553.57,84.07
新北市,萬里區,北基里,628,398342,634,471,304,719,1236.23,194.90
新北市,淡水區,草東里,240,215971,900,637,326,1080,952.74,105.87
新北市,淡水區,長庚里,467,401507,860,562,330,1058,1072.83,124.78
新北市,淡水區,清文里,318,226651,713,490,303,806,914.78,128.35
新北市,淡水區,鄧公里,2169,3398210,1567,762,422,1314,14835.62,946.92
新北市,淡水區,永吉里,284,208427,734,577,320,908,640.58,87.28
新北市,淡水區,協元里,432,309226,716,514,329,902,684.60,95.64
新北市,淡水區,民安里,225,183610,816,517,319,913,1111.27,136.18
新北市,淡水區,新生里,162,113940,703,562,309,906,605.82,86.14
新北市,淡水區,文化里,572,457988,801,603,338,1076,674.10,84.19
新北市,淡水區,油車里,1676,1355771,809,580,351,975,872.08,107.81
新北市,淡水區,沙崙里,1248,1016148,814,576,329,1007,837.20,102.82
新北市,淡水區,水碓里,1790,1404821,785,559,341,970,832.15,106.03
新北市,淡水區,北投里,3343,3329990,996,742,411,1313,952.79,95.65
新北市,淡水區,崁頂里,4167,4177370,1002,740,403,1288,1014.81,101.23
新北市,淡水區,屯山里,313,199413,637,537,326,778,546.53,85.78
新北市,淡水區,中和里,161,115846,720,565,298,883,619.95,86.16
新北市,淡水區,水源里,568,440974,776,541,330,935,875.56,112.78
新北市,淡水區,忠寮里,285,232435,816,563,356,990,867.15,106.33
新北市,淡水區,樹興里,404,492658,1219,596,357,1095,4377.92,359.01
新北市,淡水區,埤島里,481,419533,872,619,373,1035,940.41,107.82
新北市,淡水區,興仁里,485,382758,789,520,330,844,1347.66,170.76
新北市,淡水區,義山里,763,500445,656,507,315,772,689.99,105.20
新北市,淡水區,蕃薯里,275,201791,734,589,367,896,676.36,92.17
新北市,淡水區,忠山里,255,178070,698,509,282,911,673.19,96.40
新北市,淡水區,賢孝里,406,314718,775,554,347,888,936.61,120.83
新北市,淡水區,竿蓁里,3792,4049449,1068,755,386,1299,1275.20,119.41
新北市,淡水區,坪頂里,461,423061,918,601,345,1132,1340.68,146.09
新北市,淡水區,八勢里,2198,3129371,1424,801,406,1482,3367.91,236.55
新北市,淡水區,竹圍里,2181,2133966,978,657,375,1270,1039.49,106.24
新北市,淡水區,中興里,1127,885461,786,541,346,947,997.37,126.94
新北市,淡水區,福德里,2435,2879939,1183,789,416,1394,1891.73,159.95
新北市,淡水區,民生里,2457,2335093,950,665,386,1176,1125.48,118.42
新北市,淡水區,新興里,2419,2002113,828,613,370,1088,735.13,88.82
新北市,淡水區,新義里,1226,871497,711,541,333,872,699.17,98.36
新北市,淡水區,新春里,2651,2432782,918,682,390,1191,902.70,98.37
新北市,淡水區,新民里,1488,1470020,988,635,363,1173,1517.86,153.64
新北市,淡水區,正德里,1461,1231780,843,637,360,1133,720.29,85.43
新北市,淡水區,北新里,917,899812,981,691,392,1282,1016.89,103.63
新北市,淡水區,幸福里,1210,958186,792,595,357,976,915.54,115.62
新北市,淡水區,學府里,1403,1144231,816,593,347,1039,783.90,96.12
新北市,淡水區,民權里,1507,1564575,1038,682,384,1255,1326.60,127.78
新北市,淡水區,大庄里,2326,2435852,1047,655,375,1181,4852.14,463.33
新北市,汐止區,仁德里,545,437462,803,573,369,919,1151.29,143.43
新北市,汐止區,義民里,422,316520,750,562,342,956,676.90,90.25
新北市,汐止區,禮門里,321,289774,903,583,367,1017,1181.60,130.89
新北市,汐止區,智慧里,1651,1684259,1020,715,371,1274,1111.21,108.93
新北市,汐止區,信望里,103,112632,1094,621,372,1110,2842.62,259.95
新北市,汐止區,橋東里,984,840882,855,643,376,1078,817.33,95.64
新北市,汐止區,茄苳里,1360,1014578,746,587,367,961,602.52,80.77
新北市,汐止區,保安里,504,345324,685,537,361,802,658.79,96.15
新北市,汐止區,保長里,1518,1224310,807,633,391,1021,647.02,80.22
新北市,汐止區,鄉長里,705,529683,751,569,370,907,649.43,86.44
新北市,汐止區,江北里,1930,1471919,763,572,363,925,738.77,96.87
新北市,汐止區,烘內里,488,418138,857,557,356,1022,1450.12,169.24
新北市,汐止區,拱北里,1456,977616,671,530,346,821,578.46,86.15
新北市,汐止區,樟樹里,686,464544,677,531,357,819,566.85,83.71
新北市,汐止區,北峰里,1473,1041139,707,529,342,854,760.11,107.54
新北市,汐止區,北山里,1950,1681469,862,602,370,1048,1005.82,116.64
新北市,汐止區,八連里,311,194488,625,500,332,762,531.27,84.95
新北市,汐止區,白雲里,1375,1406692,1023,671,387,1213,1461.38,142.85
新北市,汐止區,橫科里,1482,1191761,804,588,355,980,723.57,89.98
新北市,汐止區,東山里,162,110223,680,484,307,744,681.51,100.16
新北市,汐止區,新昌里,1816,1611758,888,637,384,1117,856.68,96.52
新北市,汐止區,秀峰里,1369,1162360,849,603,360,1033,1088.05,128.15
新北市,汐止區,復興里,2602,3028096,1164,779,418,1505,1203.17,103.39
新北市,汐止區,長安里,462,320784,694,540,348,856,568.56,81.89
新北市,汐止區,福山里,1259,1554222,1234,688,405,1363,1804.77,146.20
新北市,汐止區,宜興里,1043,1054665,1011,678,389,1230,1188.47,117.53
新北市,汐止區,中興里,2668,2144963,804,568,349,950,878.24,109.24
新北市,汐止區,湖光里,2179,2257753,1036,711,399,1318,1158.30,111.79
新北市,汐止區,厚德里,2335,1903819,815,625,388,1044,692.47,84.93
新北市,汐止區,忠孝里,2739,2317214,846,611,373,1071,973.54,115.08
新北市,汐止區,文化里,1463,1384307,946,659,396,1165,924.90,97.75
新北市,汐止區,自強里,1716,1671189,974,638,362,1211,1119.33,114.93
新北市,汐止區,金龍里,1693,1405697,830,629,377,1025,852.68,102.70
新北市,汐止區,福德里,1085,837110,772,588,370,975,640.37,83.00
新北市,汐止區,興福里,1021,856479,839,616,377,1042,727.69,86.75
新北市,汐止區,康福里,1895,1786396,943,676,408,1181,979.41,103.90
新北市,汐止區,忠山里,1308,1881451,1438,785,415,1682,2342.29,162.84
新北市,汐止區,環河里,458,335960,734,549,359,829,679.75,92.67
新北市,汐止區,東勢里,1545,2244684,1453,800,426,1617,3146.33,216.56
新北市,汐止區,山光里,773,617042,798,592,389,981,719.88,90.18
新北市,汐止區,大同里,957,825451,863,594,364,1099,888.17,102.97
新北市,汐止區,崇德里,1646,1435937,872,627,379,1106,817.98,93.76
新北市,汐止區,湖興里,2248,2498704,1112,737,412,1302,1494.10,134.42
新北市,汐止區,長青里,370,523443,1415,699,395,1590,2001.35,141.47
新北市,汐止區,福安里,1994,2185573,1096,812,439,1462,976.96,89.13
新北市,汐止區,秀山里,1463,1628882,1113,647,367,1290,2125.95,190.95
新北市,汐止區,建成里,1829,1770757,968,724,420,1283,956.28,98.77
新北市,汐止區,城中里,1549,1496513,966,710,436,1268,830.33,85.95
新北市,汐止區,湖蓮里,1054,1374394,1304,865,425,1670,1523.74,116.85
新北市,汐止區,保新里,951,673297,708,567,372,898,551.17,77.85
新北市,三芝區,八賢里,83,49928,602,428,267,725,753.47,125.26
新北市,三芝區,埔頭里,1498,925567,618,484,313,790,535.24,86.63
新北市,三芝區,古庄里,298,198053,665,492,318,872,611.04,91.94
新北市,三芝區,新庄里,216,129943,602,462,305,784,470.76,78.25
新北市,三芝區,埔坪里,1798,1116376,621,481,316,770,571.06,91.97
新北市,三芝區,茂長里,181,120075,663,480,293,922,573.30,86.42
新北市,三芝區,橫山里,106,64608,610,463,283,830,504.08,82.70
新北市,三芝區,錫板里,188,131915,702,552,331,786,688.62,98.14
新北市,三芝區,後厝里,668,531615,796,509,289,874,1169.44,146.95
新北市,三芝區,福德里,224,203530,909,670,395,1045,1083.74,119.27
新北市,三芝區,圓山里,135,100096,741,557,269,954,701.43,94.60
新北市,三芝區,店子里,153,109216,714,557,350,910,721.03,101.01
新北市,三芝區,興華里,345,268947,780,528,328,893,1047.36,134.35
新北市,石門區,德茂里,274,171292,625,466,313,754,556.13,88.96
新北市,石門區,富基里,342,230660,674,512,327,855,686.56,101.80
新北市,石門區,老梅里,559,421128,753,466,293,789,2697.34,358.04
新北市,石門區,山溪里,199,141466,711,504,315,751,1061.11,149.27
新北市,石門區,石門里,445,315898,710,535,339,862,589.76,83.08
新北市,石門區,尖鹿里,400,255468,639,516,316,786,520.24,81.46
新北市,石門區,乾華里,85,49333,580,420,273,724,558.11,96.16
新北市,石門區,茂林里,214,173384,810,670,392,1115,597.07,73.69
新北市,石門區,草里里,219,123919,566,471,304,708,394.51,69.72
新北市,八里區,龍源里,2248,2020373,899,595,370,1061,1190.31,132.44
新北市,八里區,米倉里,986,915867,929,580,349,999,2347.22,252.70
新北市,八里區,大崁里,875,751623,859,590,352,1009,957.76,111.50
新北市,八里區,埤頭里,992,756435,763,570,358,964,733.03,96.13
新北市,八里區,頂罟里,568,417547,735,558,340,903,721.51,98.15
新北市,八里區,舊城里,1975,1386593,702,534,356,884,609.61,86.83
新北市,八里區,訊塘里,1175,898881,765,573,357,950,767.45,100.32
新北市,八里區,荖阡里,457,340242,745,522,319,884,955.07,128.28
新北市,八里區,下罟里,412,301171,731,512,314,758,1376.71,188.33
新北市,八里區,長坑里,400,286709,717,539,340,869,706.69,98.59
新北市,永和區,下溪里,1202,1219091,1014,681,377,1215,1245.54,122.81
新北市,永和區,中溪里,1679,1646952,981,659,385,1221,1179.31,120.23
新北市,永和區,上溪里,655,639090,976,651,388,1214,991.44,101.61
新北市,永和區,後溪里,659,694278,1054,740,392,1346,1114.91,105.83
新北市,永和區,頂溪里,867,865221,998,703,392,1279,1009.72,101.18
新北市,永和區,網溪里,351,327581,933,674,400,1205,951.92,102.00
新北市,永和區,復興里,800,770435,963,700,387,1199,977.19,101.47
新北市,永和區,竹林里,1228,1124434,916,667,395,1145,856.40,93.53
新北市,永和區,中興里,944,961505,1019,693,385,1223,1235.86,121.34
新北市,永和區,店街里,1448,1679193,1160,717,389,1406,1575.22,135.83
新北市,永和區,潭墘里,1504,1785321,1187,736,393,1450,3547.12,298.82
新北市,永和區,水源里,1277,1225868,960,693,386,1216,948.60,98.82
新北市,永和區,秀朗里,1204,1045730,869,628,383,1069,1072.01,123.43
新北市,永和區,大同里,261,179701,689,549,373,897,501.22,72.80
新北市,永和區,永成里,248,178374,719,490,313,876,707.09,98.31
新北市,永和區,福和里,1898,2087038,1100,751,387,1410,1199.54,109.09
新北市,永和區,豫溪里,1177,1126456,957,665,351,1239,979.25,102.32
新北市,永和區,上林里,1130,1189064,1052,711,390,1287,1149.03,109.20
新北市,永和區,新廍里,703,656739,934,681,383,1237,842.54,90.19
新北市,永和區,和平里,1639,1685356,1028,678,387,1269,1266.50,123.17
新北市,永和區,仁愛里,905,898300,993,684,387,1311,954.09,96.12
新北市,永和區,前溪里,687,724891,1055,722,398,1261,1178.15,111.66
新北市,永和區,永興里,999,922472,923,649,371,1178,963.69,104.36
新北市,永和區,永安里,1401,1580767,1128,753,402,1381,1291.61,114.47
新北市,永和區,雙和里,1308,1335595,1021,719,424,1297,1002.89,98.22
新北市,永和區,得和里,1455,1584168,1089,723,408,1325,1626.77,149.41
新北市,永和區,大新里,907,927758,1023,707,382,1293,1092.25,106.78
新北市,永和區,桂林里,1149,1149435,1000,661,382,1223,1249.76,124.93
新北市,永和區,勵行里,390,347726,892,647,374,1090,900.00,100.94
新北市,永和區,光復里,561,536214,956,662,355,1193,1029.64,107.72
新北市,永和區,光明里,1026,1063891,1037,697,377,1314,1512.60,145.87
新北市,永和區,信義里,977,1047322,1072,678,390,1305,1609.66,150.16
新北市,永和區,正興里,784,796698,1016,668,374,1229,1289.51,126.90
新北市,永和區,忠義里,197,149523,759,571,358,899,673.41,88.72
新北市,永和區,新生里,218,172606,792,593,375,1032,638.53,80.65
新北市,永和區,河堤里,1129,1334198,1182,778,429,1434,1336.87,113.13
新北市,永和區,民治里,914,845440,925,627,359,1116,1768.30,191.17
新北市,永和區,智光里,985,751466,763,576,334,977,667.13,87.45
新北市,永和區,秀和里,1651,1867805,1131,689,389,1281,2218.28,196.08
新北市,永和區,潭安里,1571,1592082,1013,691,386,1277,1273.57,125.67
新北市,永和區,永貞里,1142,1105781,968,668,391,1176,1226.78,126.70
新北市,永和區,福林里,1052,956316,909,622,359,1172,894.75,98.43
新北市,永和區,安和里,1340,1351335,1008,705,396,1290,1010.25,100.18
新北市,永和區,文化里,873,837553,959,672,391,1213,1022.08,106.53
新北市,永和區,民權里,1443,1472221,1020,721,395,1291,1060.42,103.94
新北市,永和區,民生里,1223,1083500,886,639,370,1115,992.43,112.02
新北市,永和區,永福里,932,969410,1040,678,376,1261,1587.53,152.63
新北市,永和區,河濱里,1009,1072739,1063,677,401,1239,1522.16,143.17
新北市,永和區,永元里,1584,1491377,942,660,381,1198,880.36,93.50
新北市,永和區,秀成里,893,822067,921,651,375,1111,1594.42,173.20
新北市,永和區,秀林里,1163,1052039,905,638,383,1139,891.82,98.59
新北市,永和區,秀得里,861,814066,945,664,393,1171,1157.49,122.42
新北市,永和區,民族里,1504,1566460,1042,704,394,1319,1098.39,105.46
新北市,永和區,民本里,1305,1530591,1173,758,419,1373,1538.51,131.18
新北市,永和區,民樂里,1591,1997111,1255,765,410,1408,2186.35,174.18
新北市,永和區,協和里,882,798587,905,640,364,1165,921.45,101.77
新北市,永和區,保平里,1584,1660263,1048,692,386,1316,1612.73,153.86
新北市,永和區,保安里,2488,3078157,1237,791,411,1537,1687.65,136.41
新北市,永和區,民富里,902,829644,920,689,411,1163,908.57,98.78
新北市,永和區,秀元里,973,890682,915,648,365,1138,901.62,98.49
新北市,永和區,永樂里,782,775031,991,683,379,1261,1144.50,115.48
新北市,永和區,保順里,3411,4355023,1277,869,433,1687,1446.63,113.30
宜蘭縣,宜蘭市,南門里,391,294866,754,569,355,959,654.71,86.82
宜蘭縣,宜蘭市,建軍里,552,448270,812,621,372,1057,667.92,82.25
宜蘭縣,宜蘭市,民族里,725,581284,802,595,360,1056,715.73,89.27
宜蘭縣,宜蘭市,思源里,1606,1623092,1011,736,401,1365,935.32,92.55
宜蘭縣,宜蘭市,負郭里,980,814794,831,622,354,1073,741.06,89.13
宜蘭縣,宜蘭市,神農里,944,717761,760,574,354,952,631.41,83.04
宜蘭縣,宜蘭市,民權里,539,463838,861,613,360,1074,1479.54,171.93
宜蘭縣,宜蘭市,慈安里,512,346568,677,559,353,871,503.69,74.41
宜蘭縣,宜蘭市,新民里,454,351987,775,575,293,962,840.99,108.47
宜蘭縣,宜蘭市,東門里,279,222272,797,576,336,1005,778.13,97.67
宜蘭縣,宜蘭市,小東里,460,343057,746,535,336,946,720.64,96.63
宜蘭縣,宜蘭市,菜園里,398,293857,738,569,376,932,599.37,81.18
宜蘭縣,宜蘭市,孝廉里,305,229418,752,593,344,999,666.68,88.63
宜蘭縣,宜蘭市,中山里,268,186011,694,511,303,854,699.21,100.74
宜蘭縣,宜蘭市,北門里,308,218128,708,570,338,931,559.98,79.07
宜蘭縣,宜蘭市,西門里,453,319485,705,564,342,926,544.48,77.20
宜蘭縣,宜蘭市,凱旋里,392,303893,775,598,345,959,676.86,87.31
宜蘭縣,宜蘭市,南津里,633,603477,953,683,363,1262,999.51,104.84
宜蘭縣,宜蘭市,建業里,578,664954,1150,684,382,1375,1406.97,122.30
宜蘭縣,宜蘭市,南橋里,351,310197,884,615,363,1209,777.97,88.03
宜蘭縣,宜蘭市,進士里,732,625182,854,609,374,1033,808.18,94.63
宜蘭縣,宜蘭市,茭白里,643,496871,773,601,363,1011,655.20,84.79
宜蘭縣,宜蘭市,新生里,756,520848,689,528,333,846,652.83,94.76
宜蘭縣,宜蘭市,梅洲里,911,613937,674,541,318,850,548.53,81.39
宜蘭縣,宜蘭市,北津里,657,473265,720,562,344,917,597.46,82.94
宜蘭縣,宜蘭市,東村里,743,670833,903,630,364,1151,826.33,91.52
宜蘭縣,宜蘭市,延平里,1071,957767,894,658,387,1175,729.49,81.57
宜蘭縣,宜蘭市,黎明里,594,532725,897,669,386,1137,832.47,92.82
宜蘭縣,宜蘭市,七張里,400,279434,699,547,357,822,697.77,99.88
宜蘭縣,宜蘭市,復興里,883,700050,793,605,362,1004,831.64,104.90
宜蘭縣,宜蘭市,文化里,1028,898811,874,625,373,1100,800.72,91.58
宜蘭縣,宜蘭市,七結里,910,906983,997,721,415,1264,1111.47,111.52
宜蘭縣,宜蘭市,大新里,233,164291,705,531,314,856,702.69,99.66
宜蘭縣,宜蘭市,中興里,881,603648,685,549,341,889,529.94,77.34
宜蘭縣,宜蘭市,成功里,1040,928781,893,662,383,1155,1013.25,113.46
宜蘭縣,宜蘭市,泰山里,578,404222,699,543,328,863,652.95,93.37
宜蘭縣,宜蘭市,新東里,996,803858,807,613,370,996,715.70,88.68
宜蘭縣,宜蘭市,擺厘里,1050,907227,864,655,387,1090,793.55,91.84
宜蘭縣,頭城鎮,石城里,42,28907,688,603,367,916,453.44,65.88
宜蘭縣,頭城鎮,大里里,123,70443,573,488,286,766,414.16,72.32
宜蘭縣,頭城鎮,大溪里,129,87848,681,541,306,797,702.37,103.14
宜蘭縣,頭城鎮,更新里,240,146893,612,489,318,760,494.84,80.85
宜蘭縣,頭城鎮,合興里,60,36091,602,534,323,754,466.18,77.50
宜蘭縣,頭城鎮,外澳里,169,117508,695,519,337,819,664.70,95.60
宜蘭縣,頭城鎮,港口里,178,117873,662,474,283,804,616.93,93.16
宜蘭縣,頭城鎮,武營里,419,329624,787,569,325,950,878.03,111.61
宜蘭縣,頭城鎮,城東里,185,136204,736,555,315,944,650.48,88.35
宜蘭縣,頭城鎮,城西里,166,127969,771,606,330,905,809.84,105.05
宜蘭縣,頭城鎮,城南里,184,129424,703,571,320,872,618.91,87.99
宜蘭縣,頭城鎮,城北里,124,89494,722,567,308,859,749.22,103.81
宜蘭縣,頭城鎮,大坑里,299,201743,675,557,359,824,567.44,84.10
宜蘭縣,頭城鎮,竹安里,449,278203,620,490,325,748,543.76,87.76
宜蘭縣,頭城鎮,新建里,533,385820,724,548,349,912,629.73,87.00
宜蘭縣,頭城鎮,拔雅里,527,417578,792,571,345,908,774.01,97.68
宜蘭縣,頭城鎮,福成里,241,163875,680,530,330,837,585.50,86.11
宜蘭縣,頭城鎮,金面里,441,296146,672,540,328,837,569.91,84.87
宜蘭縣,頭城鎮,金盈里,181,130521,721,562,335,903,626.64,86.90
宜蘭縣,頭城鎮,頂埔里,349,245590,704,519,329,812,992.85,141.09
宜蘭縣,頭城鎮,下埔里,228,152972,671,523,334,833,536.76,80.00
宜蘭縣,頭城鎮,中崙里,276,177595,643,500,307,774,545.02,84.70
宜蘭縣,頭城鎮,二城里,296,185382,626,497,312,832,500.21,79.87
宜蘭縣,頭城鎮,龜山里,82,41526,506,489,248,726,331.05,65.37
宜蘭縣,礁溪鄉,大忠村,762,561616,737,568,349,895,645.78,87.62
宜蘭縣,礁溪鄉,大義村,153,104568,683,484,300,893,559.13,81.81
宜蘭縣,礁溪鄉,二龍村,305,217216,712,554,364,889,597.10,83.84
宜蘭縣,礁溪鄉,德陽村,1255,1026111,818,607,365,1040,936.79,114.58
宜蘭縣,礁溪鄉,白雲村,444,312622,704,531,312,900,625.33,88.81
宜蘭縣,礁溪鄉,玉石村,579,478300,826,547,313,910,1275.78,154.44
宜蘭縣,礁溪鄉,六結村,425,361479,851,622,379,1022,905.63,106.48
宜蘭縣,礁溪鄉,時潮村,352,224251,637,525,326,800,486.00,76.29
宜蘭縣,礁溪鄉,林美村,277,174563,630,518,342,793,498.84,79.16
宜蘭縣,礁溪鄉,三民村,626,398022,636,542,336,786,509.87,80.19
宜蘭縣,礁溪鄉,玉田村,554,401891,725,557,342,917,600.54,82.78
宜蘭縣,礁溪鄉,白鵝村,195,140225,719,504,347,952,656.06,91.23
宜蘭縣,礁溪鄉,玉光村,288,219455,762,523,316,977,808.19,106.06
宜蘭縣,礁溪鄉,光武村,379,273556,722,544,335,863,722.68,100.12
宜蘭縣,礁溪鄉,匏崙村,192,109260,569,483,301,703,441.93,77.66
宜蘭縣,礁溪鄉,二結村,109,78975,725,581,323,987,574.04,79.23
宜蘭縣,礁溪鄉,吳沙村,736,570871,776,576,370,938,700.75,90.34
宜蘭縣,礁溪鄉,龍潭村,946,629960,666,523,328,857,540.58,81.18
宜蘭縣,壯圍鄉,東港村,176,101568,577,523,335,755,396.61,68.73
宜蘭縣,壯圍鄉,復興村,345,205174,595,510,320,750,402.67,67.71
宜蘭縣,壯圍鄉,吉祥村,710,532180,750,595,325,985,628.90,83.90
宜蘭縣,壯圍鄉,新南村,215,151366,704,578,350,873,529.86,75.26
宜蘭縣,壯圍鄉,美福村,448,307646,687,547,326,896,546.25,79.55
宜蘭縣,壯圍鄉,大福村,415,276653,667,553,375,813,489.26,73.39
宜蘭縣,壯圍鄉,新社村,255,198902,780,551,307,873,987.01,126.54
宜蘭縣,壯圍鄉,忠孝村,645,456147,707,541,349,831,612.25,86.57
宜蘭縣,壯圍鄉,功勞村,353,291327,825,581,385,1084,704.29,85.34
宜蘭縣,壯圍鄉,永鎮村,158,93848,594,489,299,772,474.55,79.90
宜蘭縣,壯圍鄉,過嶺村,316,205823,651,511,332,809,580.92,89.19
宜蘭縣,壯圍鄉,美城村,646,507265,785,573,355,928,922.27,117.45
宜蘭縣,壯圍鄉,古亭村,431,312400,725,556,358,914,627.97,86.64
宜蘭縣,壯圍鄉,古結村,296,208954,706,546,359,875,613.24,86.87
宜蘭縣,員山鄉,員山村,1768,1434675,811,582,360,945,1617.25,199.30
宜蘭縣,員山鄉,尚德村,602,420996,699,539,345,852,634.75,90.77
宜蘭縣,員山鄉,內城村,363,225680,622,522,327,769,477.24,76.76
宜蘭縣,員山鄉,惠好村,437,328144,751,565,357,920,651.50,86.76
宜蘭縣,員山鄉,深溝村,476,428017,899,608,332,1031,1174.22,130.59
宜蘭縣,員山鄉,蓁巷村,293,201930,689,505,308,851,789.33,114.53
宜蘭縣,員山鄉,七賢村,411,315231,767,550,324,871,917.77,119.66
宜蘭縣,員山鄉,永和村,485,309896,639,506,300,785,545.54,85.38
宜蘭縣,員山鄉,枕山村,563,431068,766,558,349,850,800.62,104.57
宜蘭縣,員山鄉,頭分村,374,249568,667,525,338,769,549.24,82.31
宜蘭縣,員山鄉,同樂村,610,404391,663,513,334,825,568.30,85.73
宜蘭縣,員山鄉,湖東村,213,136023,639,502,305,812,584.28,91.49
宜蘭縣,員山鄉,湖西村,280,221528,791,533,349,878,1243.08,157.12
宜蘭縣,員山鄉,逸仙村,223,165925,744,512,323,838,764.36,102.73
宜蘭縣,員山鄉,湖北村,261,172375,660,460,295,761,684.85,103.70
宜蘭縣,員山鄉,中華村,112,80180,716,417,252,760,1520.08,212.33
宜蘭縣,羅東鎮,成功里,503,407429,810,608,361,1000,754.90,93.20
宜蘭縣,羅東鎮,北成里,907,832225,918,624,363,1116,933.11,101.69
宜蘭縣,羅東鎮,仁愛里,1251,1021171,816,596,358,988,751.21,92.03
宜蘭縣,羅東鎮,竹林里,946,745248,788,598,363,976,680.72,86.41
宜蘭縣,羅東鎮,賢文里,1199,977538,815,581,324,977,1073.56,131.68
宜蘭縣,羅東鎮,東安里,1210,946582,782,606,350,978,746.48,95.42
宜蘭縣,羅東鎮,新羣里,904,661856,732,570,360,909,781.16,106.69
宜蘭縣,羅東鎮,羅莊里,1058,782338,739,573,359,950,635.42,85.93
宜蘭縣,羅東鎮,仁德里,352,279060,793,569,384,964,952.57,120.16
宜蘭縣,羅東鎮,漢民里,1142,851372,746,578,339,922,675.30,90.58
宜蘭縣,羅東鎮,西安里,890,649066,729,583,345,950,583.00,79.94
宜蘭縣,羅東鎮,信義里,1006,849989,845,646,397,1075,727.33,86.08
宜蘭縣,羅東鎮,公正里,918,793908,865,610,350,1069,1049.68,121.38
宜蘭縣,羅東鎮,大新里,458,407879,891,596,336,1068,1591.45,178.70
宜蘭縣,羅東鎮,南昌里,765,598111,782,601,346,953,773.84,98.98
宜蘭縣,羅東鎮,集祥里,306,265135,866,571,278,1033,996.08,114.96
宜蘭縣,羅東鎮,南豪里,430,314528,731,555,327,929,609.25,83.29
宜蘭縣,羅東鎮,樹林里,1308,1209381,925,660,373,1161,875.11,94.65
宜蘭縣,羅東鎮,維揚里,967,772878,799,585,360,1001,747.50,93.52
宜蘭縣,羅東鎮,開明里,396,296688,749,573,333,958,722.13,96.39
宜蘭縣,羅東鎮,中山里,420,297332,708,509,284,848,915.15,129.27
宜蘭縣,羅東鎮,仁和里,248,171543,692,483,283,812,836.00,120.86
宜蘭縣,羅東鎮,國華里,1521,1324350,871,623,364,1078,876.38,100.65
宜蘭縣,五結鄉,五結村,1126,860112,764,588,361,970,621.79,81.40
宜蘭縣,五結鄉,協和村,1065,815851,766,556,346,918,802.57,104.77
宜蘭縣,五結鄉,大吉村,1148,792638,690,564,347,896,529.09,76.63
宜蘭縣,五結鄉,福興村,579,439547,759,550,339,936,771.84,101.67
宜蘭縣,五結鄉,三興村,660,509996,773,607,364,949,739.40,95.69
宜蘭縣,五結鄉,鎮安村,845,623608,738,588,378,949,562.57,76.23
宜蘭縣,五結鄉,中興村,440,315273,717,556,310,915,636.16,88.78
宜蘭縣,五結鄉,四結村,860,754360,877,628,375,1097,819.17,93.39
宜蘭縣,五結鄉,上四村,524,363219,693,569,339,887,521.38,75.22
宜蘭縣,五結鄉,二結村,607,468203,771,599,381,1001,628.26,81.45
宜蘭縣,五結鄉,利澤村,566,377661,667,521,317,845,562.05,84.23
宜蘭縣,五結鄉,季新村,738,460450,624,504,330,761,491.23,78.73
宜蘭縣,五結鄉,成興村,906,593882,655,538,338,787,586.26,89.44
宜蘭縣,五結鄉,孝威村,446,295970,664,513,328,802,632.28,95.28
宜蘭縣,五結鄉,錦衆村,358,231694,647,515,305,843,561.42,86.75
宜蘭縣,冬山鄉,南興村,1011,791946,783,611,352,1059,645.95,82.46
宜蘭縣,冬山鄉,冬山村,216,156129,723,570,334,954,530.48,73.39
宜蘭縣,冬山鄉,武淵村,375,303637,810,570,319,940,1163.04,143.64
宜蘭縣,冬山鄉,珍珠村,524,402052,767,592,367,942,732.11,95.42
宜蘭縣,冬山鄉,三奇村,275,182071,662,512,344,844,515.17,77.81
宜蘭縣,冬山鄉,補城村,342,260294,761,616,362,942,615.28,80.84
宜蘭縣,冬山鄉,大興村,300,203676,679,558,356,843,542.60,79.92
宜蘭縣,冬山鄉,東城村,456,329617,723,579,361,909,593.27,82.07
宜蘭縣,冬山鄉,香和村,1028,812624,790,592,357,945,1075.83,136.10
宜蘭縣,冬山鄉,安平村,197,118374,601,465,334,783,442.52,73.65
宜蘭縣,冬山鄉,太和村,482,332724,690,497,326,869,604.20,87.53
宜蘭縣,冬山鄉,永美村,1041,840475,807,622,377,950,866.23,107.29
宜蘭縣,冬山鄉,八寶村,278,207280,746,574,381,877,740.24,99.28
宜蘭縣,冬山鄉,丸山村,449,338927,755,572,346,843,1522.00,201.63
宜蘭縣,冬山鄉,中山村,123,78355,637,531,384,756,525.31,82.46
宜蘭縣,冬山鄉,順安村,1533,1075016,701,541,329,826,1304.18,185.98
宜蘭縣,冬山鄉,清溝村,1241,976717,787,587,364,1000,690.60,87.75
宜蘭縣,冬山鄉,羣英村,1490,1071044,719,558,330,905,654.57,91.06
宜蘭縣,冬山鄉,鹿埔村,710,511384,720,544,340,868,953.84,132.43
宜蘭縣,冬山鄉,得安村,290,199510,688,486,297,767,849.67,123.50
宜蘭縣,冬山鄉,廣興村,766,548730,716,556,339,862,770.43,107.55
宜蘭縣,冬山鄉,廣安村,518,393317,759,562,342,956,705.44,92.91
宜蘭縣,冬山鄉,柯林村,543,456518,841,580,357,1002,1236.00,147.01
宜蘭縣,冬山鄉,大進村,170,110902,652,499,351,850,486.01,74.50
宜蘭縣,蘇澳鎮,港邊里,331,235131,710,570,338,882,575.51,81.02
宜蘭縣,蘇澳鎮,永春里,149,91244,612,482,301,788,468.76,76.55
宜蘭縣,蘇澳鎮,東澳里,75,50191,669,522,389,750,574.20,85.80
宜蘭縣,蘇澳鎮,聖湖里,695,490107,705,554,357,873,597.58,84.74
宜蘭縣,蘇澳鎮,新城里,406,272522,671,544,359,803,529.53,78.89
宜蘭縣,蘇澳鎮,隘丁里,882,625442,709,587,382,912,497.69,70.18
宜蘭縣,蘇澳鎮,永榮里,1162,816638,703,575,371,878,530.09,75.43
宜蘭縣,蘇澳鎮,存仁里,222,148227,668,559,331,820,509.82,76.36
宜蘭縣,蘇澳鎮,頂寮里,341,234333,687,559,388,807,575.08,83.69
宜蘭縣,蘇澳鎮,永樂里,130,80389,618,509,327,753,666.86,107.84
宜蘭縣,蘇澳鎮,蘇東里,133,85171,640,484,321,772,500.17,78.11
宜蘭縣,蘇澳鎮,朝陽里,95,66433,699,473,293,694,953.58,136.36
宜蘭縣,蘇澳鎮,南強里,147,88698,603,494,302,781,483.26,80.09
宜蘭縣,蘇澳鎮,南寧里,223,154194,691,538,312,885,712.94,103.11
宜蘭縣,蘇澳鎮,南安里,232,159882,689,502,292,874,670.48,97.29
宜蘭縣,蘇澳鎮,南正里,196,132438,676,598,320,865,565.73,83.72
宜蘭縣,蘇澳鎮,蘇西里,682,516490,757,569,343,936,706.28,93.26
宜蘭縣,蘇澳鎮,蘇南里,142,102984,725,597,400,876,596.84,82.30
宜蘭縣,蘇澳鎮,蘇北里,288,192630,669,534,306,831,694.98,103.91
宜蘭縣,蘇澳鎮,長安里,151,98972,655,545,334,883,427.53,65.23
宜蘭縣,蘇澳鎮,永光里,116,109043,940,510,350,865,1657.10,176.28
宜蘭縣,蘇澳鎮,南興里,263,180879,688,509,310,816,848.56,123.38
宜蘭縣,蘇澳鎮,龍德里,1038,680206,655,533,356,820,482.71,73.66
宜蘭縣,蘇澳鎮,南成里,196,126492,645,546,364,786,531.48,82.35
宜蘭縣,蘇澳鎮,南建里,231,155674,674,513,331,777,715.42,106.16
宜蘭縣,蘇澳鎮,聖愛里,820,552242,673,543,354,828,548.27,81.41
宜蘭縣,三星鄉,月眉村,228,171842,754,548,316,867,758.06,100.58
宜蘭縣,三星鄉,人和村,105,85757,817,643,311,969,980.45,120.05
宜蘭縣,三星鄉,義德村,301,225120,748,540,345,947,688.88,92.11
宜蘭縣,三星鄉,雙賢村,115,86150,749,562,356,948,643.56,85.91
宜蘭縣,三星鄉,集慶村,284,183655,647,502,311,751,665.17,102.86
宜蘭縣,三星鄉,萬德村,157,105364,671,511,315,847,581.70,86.68
宜蘭縣,三星鄉,萬富村,172,147417,857,571,336,1051,1017.09,118.67
宜蘭縣,三星鄉,貴林村,112,67318,601,510,320,748,447.93,74.53
宜蘭縣,三星鄉,大隱村,1255,914104,728,544,320,890,681.32,93.54
宜蘭縣,三星鄉,行健村,241,186282,773,527,293,870,908.72,117.57
宜蘭縣,三星鄉,拱照村,257,180985,704,564,317,867,617.41,87.67
宜蘭縣,三星鄉,大洲村,475,355427,748,577,336,916,693.18,92.64
宜蘭縣,三星鄉,大義村,318,255665,804,516,314,837,1061.31,132.01
宜蘭縣,三星鄉,尾塹村,405,311381,769,619,392,925,811.89,105.60
宜蘭縣,三星鄉,尚武村,213,141626,665,500,310,794,610.27,91.78
宜蘭縣,三星鄉,天山村,109,72874,669,459,320,735,612.52,91.62
宜蘭縣,三星鄉,天福村,136,86484,636,511,299,847,480.12,75.50
宜蘭縣,三星鄉,員山村,55,36736,668,525,301,767,543.53,81.38
宜蘭縣,大同鄉,寒溪村,181,94165,520,445,279,754,352.50,67.76
宜蘭縣,大同鄉,松羅村,115,73637,640,535,316,812,446.36,69.71
宜蘭縣,大同鄉,土場村,0,0,0,0,0,0,0.00,0.00
宜蘭縣,大同鄉,太平村,9,5751,639,564,267,658,422.47,66.11
宜蘭縣,大同鄉,四季村,82,63285,772,629,344,1004,571.76,74.09
宜蘭縣,大同鄉,樂水村,48,27739,578,547,298,656,387.05,66.97
宜蘭縣,大同鄉,南山村,49,29713,606,547,336,856,370.09,61.03
宜蘭縣,大同鄉,崙埤村,121,84143,695,629,444,913,378.16,54.38
宜蘭縣,大同鄉,英士村,49,25978,530,405,242,692,449.65,84.81
宜蘭縣,大同鄉,復興村,45,29667,659,515,323,800,547.22,83.00
宜蘭縣,大同鄉,茂安村,36,22863,635,520,302,811,468.74,73.81
宜蘭縣,南澳鄉,南澳村,328,214012,652,572,364,836,449.68,68.92
宜蘭縣,南澳鄉,碧候村,236,129999,551,496,301,694,391.36,71.05
宜蘭縣,南澳鄉,東岳村,112,81835,731,632,440,910,487.59,66.73
宜蘭縣,南澳鄉,武塔村,104,74796,719,612,386,864,477.33,66.37
宜蘭縣,南澳鄉,金岳村,82,50000,610,554,347,796,354.02,58.06
宜蘭縣,南澳鄉,金洋村,88,51854,589,594,368,714,337.52,57.28
宜蘭縣,南澳鄉,澳花村,173,103729,600,543,327,783,392.86,65.52
桃園市,桃園區,文化里,262,336030,1283,691,368,1414,2185.80,170.43
桃園市,桃園區,武陵里,545,503476,924,632,376,1107,992.30,107.41
桃園市,桃園區,文昌里,305,291367,955,634,352,1162,1174.65,122.96
桃園市,桃園區,長美里,351,316642,902,573,371,1165,901.97,99.98
桃園市,桃園區,永興里,571,489368,857,618,341,1056,922.88,107.68
桃園市,桃園區,南門里,1960,1794737,916,656,400,1140,952.37,104.01
桃園市,桃園區,東門里,1087,1055581,971,630,372,1175,1129.54,116.32
桃園市,桃園區,西門里,500,504380,1009,656,350,1153,1262.97,125.20
桃園市,桃園區,北門里,566,449307,794,546,330,938,772.95,97.37
桃園市,桃園區,雲林里,2219,2110234,951,684,408,1225,889.67,93.55
桃園市,桃園區,豐林里,2144,1867685,871,628,387,1082,838.50,96.25
桃園市,桃園區,會稽里,3261,3049180,935,697,408,1182,860.49,92.03
桃園市,桃園區,朝陽里,635,558372,879,621,365,1153,851.90,96.88
桃園市,桃園區,青溪里,1488,1435925,965,635,372,1132,1250.08,129.54
桃園市,桃園區,汴洲里,1706,1417745,831,650,396,1042,720.26,86.67
桃園市,桃園區,東埔里,1432,1217161,850,611,368,1049,1151.71,135.50
桃園市,桃園區,中埔里,752,649805,864,628,382,1107,754.21,87.28
桃園市,桃園區,西埔里,1022,959727,939,686,403,1219,845.35,90.02
桃園市,桃園區,中山里,2385,2493512,1045,725,419,1316,1047.34,100.18
桃園市,桃園區,中正里,1900,1975303,1040,714,411,1301,1118.18,107.56
桃園市,桃園區,龍岡里,2047,1937369,946,702,420,1220,926.09,97.85
桃園市,桃園區,東山里,645,581804,902,590,366,1050,1223.23,135.61
桃園市,桃園區,南華里,424,385944,910,610,330,1162,1067.30,117.25
桃園市,桃園區,大林里,3735,3407101,912,704,411,1162,830.23,91.01
桃園市,桃園區,文明里,477,436487,915,647,379,1139,1170.02,127.86
桃園市,桃園區,建國里,1807,1521287,842,629,387,1074,748.89,88.95
桃園市,桃園區,成功里,1516,1680644,1109,665,391,1289,1965.57,177.30
桃園市,桃園區,忠義里,2712,2709247,999,724,408,1265,994.51,99.55
桃園市,桃園區,永安里,1441,1200774,833,629,351,1046,767.95,92.16
桃園市,桃園區,玉山里,1718,1588033,924,653,389,1079,969.38,104.87
桃園市,桃園區,中興里,1838,1758621,957,653,391,1123,1168.88,122.16
桃園市,桃園區,西湖里,491,557734,1136,634,381,1236,2453.41,215.99
桃園市,桃園區,福林里,2089,1934041,926,674,406,1157,895.89,96.77
桃園市,桃園區,慈文里,2082,1813627,871,657,392,1100,785.94,90.22
桃園市,桃園區,新埔里,3408,4012890,1177,790,420,1442,1398.40,118.76
桃園市,桃園區,萬壽里,327,267676,819,576,345,1006,807.45,98.64
桃園市,桃園區,中成里,1511,1411624,934,652,407,1094,1052.71,112.68
桃園市,桃園區,長安里,1174,991411,844,607,382,1006,949.57,112.45
桃園市,桃園區,光興里,1809,1802738,997,680,408,1238,1071.12,107.48
桃園市,桃園區,龍山里,1104,812538,736,569,364,905,622.15,84.53
桃園市,桃園區,民生里,548,559883,1022,634,358,1106,1808.60,177.02
桃園市,桃園區,中和里,468,398241,851,563,314,1001,1051.42,123.56
桃園市,桃園區,大豐里,1735,1519091,876,634,388,1075,935.34,106.83
桃園市,桃園區,福安里,1441,1412194,980,708,414,1172,1722.08,175.72
桃園市,桃園區,三民里,1623,2079547,1281,759,407,1381,3299.37,257.50
桃園市,桃園區,大興里,3655,3662180,1002,699,406,1230,1821.48,181.79
桃園市,桃園區,春日里,2195,1861074,848,649,385,1101,751.47,88.63
桃園市,桃園區,信光里,2398,2412812,1006,701,402,1263,1217.43,121.00
桃園市,桃園區,中寧里,2301,2763440,1201,838,430,1544,1392.12,115.92
桃園市,桃園區,同安里,3022,4430206,1466,774,418,1608,2912.35,198.66
桃園市,桃園區,莊敬里,3157,4322935,1369,798,431,1567,2125.14,155.20
桃園市,桃園區,文中里,807,746387,925,673,396,1150,895.36,96.81
桃園市,桃園區,泰山里,1412,1405998,996,656,369,1231,1240.65,124.60
桃園市,桃園區,中路里,1419,1369332,965,654,399,1158,1601.85,166.00
桃園市,桃園區,中德里,2240,2121790,947,671,407,1173,997.56,105.31
桃園市,桃園區,龍祥里,1677,1575934,940,702,417,1197,828.22,88.13
桃園市,桃園區,大有里,2100,2068737,985,767,430,1262,870.82,88.40
桃園市,桃園區,寶山里,2798,2537077,907,674,403,1162,846.15,93.32
桃園市,桃園區,龍鳳里,2584,2430895,941,704,414,1235,823.78,87.57
桃園市,桃園區,龍安里,1923,1979795,1030,746,433,1322,937.33,91.04
桃園市,桃園區,自強里,2683,3348752,1248,763,440,1435,4444.62,356.10
桃園市,桃園區,中信里,2095,2012758,961,694,406,1231,917.35,95.48
桃園市,桃園區,長德里,1705,1626011,954,666,398,1142,1020.79,107.04
桃園市,桃園區,中平里,1591,1427808,897,617,369,1115,1093.29,121.82
桃園市,桃園區,中原里,1660,1656023,998,726,413,1272,915.13,91.73
桃園市,桃園區,中泰里,1520,1810610,1191,814,430,1488,1299.39,109.08
桃園市,桃園區,南埔里,1734,1848011,1066,742,420,1366,1133.46,106.35
桃園市,桃園區,寶慶里,2235,2826752,1265,877,466,1597,1510.71,119.45
桃園市,桃園區,北埔里,1704,1852840,1087,766,436,1385,1117.74,102.79
桃園市,桃園區,永和里,5,2376,475,480,435,615,174.52,36.73
桃園市,桃園區,三元里,1173,1142625,974,703,397,1170,1295.71,133.02
桃園市,桃園區,中聖里,2084,2416047,1159,789,427,1477,1219.94,105.23
桃園市,桃園區,龍壽里,2009,1892590,942,729,421,1185,818.60,86.89
桃園市,桃園區,瑞慶里,1980,2036685,1029,740,417,1271,1051.84,102.26
桃園市,桃園區,寶安里,2780,3088614,1111,784,432,1365,1537.49,138.39
桃園市,桃園區,同德里,2249,3076416,1368,955,500,1753,1760.23,128.68
桃園市,桃園區,明德里,1247,2129375,1708,827,436,1704,3396.87,198.93
桃園市,桃園區,大樹里,184,220741,1200,727,424,1217,2337.59,194.85
桃園市,桃園區,大業里,102,134972,1323,994,413,1942,1119.67,84.61
桃園市,桃園區,福元里,196,307298,1568,1342,657,2155,1185.80,75.63
桃園市,大溪區,興和里,456,357195,783,578,338,957,728.16,92.96
桃園市,大溪區,福仁里,257,187430,729,530,306,854,822.34,112.76
桃園市,大溪區,一心里,1422,1125353,791,599,366,956,784.22,99.09
桃園市,大溪區,月眉里,321,231386,721,557,360,938,557.10,77.29
桃園市,大溪區,康安里,358,284236,794,555,341,901,942.67,118.73
桃園市,大溪區,義和里,440,315293,717,553,355,809,708.52,98.88
桃園市,大溪區,福安里,530,400500,756,546,367,930,697.29,92.28
桃園市,大溪區,美華里,781,588915,754,579,367,882,765.46,101.51
桃園市,大溪區,復興里,168,119431,711,535,374,855,683.30,96.12
桃園市,大溪區,新峰里,139,93226,671,483,331,834,653.01,97.36
桃園市,大溪區,永福里,273,393786,1442,568,372,1165,4126.62,286.09
桃園市,大溪區,瑞興里,689,538420,781,582,364,920,930.90,119.12
桃園市,大溪區,中新里,411,297164,723,549,348,883,650.23,89.93
桃園市,大溪區,仁善里,2190,1865962,852,640,382,1112,708.03,83.10
桃園市,大溪區,南興里,1454,1028212,707,556,362,875,610.43,86.32
桃園市,大溪區,員林里,492,393182,799,582,358,1020,720.53,90.16
桃園市,大溪區,瑞源里,1183,1021988,864,630,393,1103,868.98,100.59
桃園市,大溪區,僑愛里,821,683018,832,667,408,1095,653.52,78.55
桃園市,大溪區,一德里,1538,1116868,726,558,350,895,664.02,91.44
桃園市,大溪區,仁愛里,1644,1356415,825,630,389,1044,729.28,88.39
桃園市,大溪區,仁義里,748,515266,689,538,358,868,571.11,82.91
桃園市,大溪區,仁武里,950,767003,807,584,353,990,769.99,95.37
桃園市,大溪區,光明里,682,512767,752,583,391,934,594.84,79.12
桃園市,大溪區,三元里,898,768972,856,672,405,1083,743.86,86.87
桃園市,大溪區,田心里,1381,1058667,767,583,357,974,750.40,97.89
桃園市,大溪區,仁文里,1187,895314,754,557,362,930,766.82,101.66
桃園市,大溪區,仁和里,1447,1232615,852,661,385,1090,710.01,83.35
桃園市,大溪區,仁美里,149,135198,907,726,423,1145,730.49,80.51
桃園市,中壢區,後寮里,1659,1389445,838,650,410,1049,698.97,83.46
桃園市,中壢區,石頭里,601,601947,1002,625,345,1190,1176.92,117.51
桃園市,中壢區,新興里,1292,1249700,967,665,398,1131,1459.49,150.89
桃園市,中壢區,仁美里,1820,1683262,925,678,413,1155,932.57,100.83
桃園市,中壢區,普仁里,1321,1162659,880,652,363,1119,827.83,94.06
桃園市,中壢區,普義里,1461,1421516,973,723,419,1261,912.88,93.82
桃園市,中壢區,內壢里,612,536621,877,636,394,1011,1129.45,128.81
桃園市,中壢區,內定里,2299,1959850,852,647,406,1072,718.58,84.29
桃園市,中壢區,水尾里,1184,1186777,1002,658,398,1072,3232.67,322.51
桃園市,中壢區,青埔里,1317,1467021,1114,811,444,1388,1168.56,104.91
桃園市,中壢區,新街里,689,686601,997,620,366,1189,1416.91,142.19
桃園市,中壢區,興南里,1108,1052301,950,650,365,1157,1033.24,108.79
桃園市,中壢區,興國里,660,589252,893,627,366,1147,929.88,104.15
桃園市,中壢區,中壢里,243,178263,734,532,331,965,688.19,93.81
桃園市,中壢區,中榮里,291,354069,1217,586,344,1090,4020.07,330.40
桃園市,中壢區,中建里,390,323960,831,549,309,1063,936.71,112.77
桃園市,中壢區,舊明里,503,418004,831,547,329,1032,973.50,117.15
桃園市,中壢區,新明里,1235,1021610,827,624,366,1031,764.87,92.46
桃園市,中壢區,三民里,958,821389,857,598,379,1015,880.78,102.73
桃園市,中壢區,五權里,2163,2293037,1060,743,437,1318,1161.57,109.57
桃園市,中壢區,芝芭里,1094,1259575,1151,717,400,1363,1673.45,145.35
桃園市,中壢區,內厝里,1561,1628538,1043,679,410,1231,1286.00,123.27
桃園市,中壢區,月眉里,1691,1407589,832,629,393,1005,874.18,105.02
桃園市,中壢區,山東里,1145,929259,812,601,380,972,771.86,95.11
桃園市,中壢區,過嶺里,2364,2531919,1071,812,476,1364,967.09,90.30
桃園市,中壢區,興仁里,1105,922343,835,633,406,1025,789.60,94.60
桃園市,中壢區,中原里,1229,1025392,834,614,388,1053,753.90,90.36
桃園市,中壢區,自立里,1482,1150224,776,609,391,998,616.01,79.37
桃園市,中壢區,洽溪里,1776,2110477,1188,854,469,1581,1098.46,92.44
桃園市,中壢區,中堅里,1200,1111285,926,756,431,1246,688.40,74.34
桃園市,中壢區,永興里,326,277680,852,595,340,920,1294.03,151.92
桃園市,中壢區,光明里,1940,2071630,1068,694,417,1274,1459.28,136.66
桃園市,中壢區,中央里,1373,1363124,993,688,379,1248,1055.08,106.27
桃園市,中壢區,龍岡里,1488,1234019,829,665,404,1052,708.56,85.44
桃園市,中壢區,中正里,1650,1460485,885,649,417,1063,874.03,98.74
桃園市,中壢區,篤行里,890,890309,1000,733,435,1249,926.15,92.58
桃園市,中壢區,信義里,1662,1712715,1031,738,429,1343,1304.90,126.63
桃園市,中壢區,忠義里,1358,1309047,964,742,434,1221,895.53,92.90
桃園市,中壢區,忠福里,2638,2445713,927,680,419,1164,942.40,101.65
桃園市,中壢區,東興里,1187,1167441,984,672,381,1188,1229.84,125.04
桃園市,中壢區,復興里,3415,3217679,942,747,443,1211,790.14,83.86
桃園市,中壢區,自強里,1236,1216414,984,714,408,1226,966.79,98.24
桃園市,中壢區,龍平里,771,616017,799,632,367,1023,664.82,83.21
桃園市,中壢區,成功里,1437,1213222,844,650,421,1071,697.27,82.59
桃園市,中壢區,龍興里,1506,1326052,881,692,431,1141,708.07,80.42
桃園市,中壢區,仁愛里,1026,908693,886,673,415,1130,810.53,91.52
桃園市,中壢區,仁德里,897,694297,774,635,400,1037,535.19,69.14
桃園市,中壢區,仁祥里,851,619146,728,570,370,892,600.72,82.57
桃園市,中壢區,龍東里,1492,1216127,815,658,386,1036,679.58,83.37
桃園市,中壢區,龍昌里,1719,1365206,794,625,410,986,616.74,77.66
桃園市,中壢區,文化里,3153,2920987,926,669,414,1149,899.73,97.12
桃園市,中壢區,振興里,1580,1291159,817,617,405,1025,669.81,81.97
桃園市,中壢區,普慶里,882,732751,831,628,388,1037,729.90,87.86
桃園市,中壢區,興和里,931,801510,861,613,393,1055,855.10,99.32
桃園市,中壢區,永光里,1900,1930630,1016,745,419,1303,1075.39,105.83
桃園市,中壢區,復華里,1915,1710509,893,685,424,1145,866.32,96.99
桃園市,中壢區,忠孝里,1750,1820034,1040,778,467,1308,1071.30,103.01
桃園市,中壢區,福德里,946,847356,896,648,391,1123,891.80,99.56
桃園市,中壢區,和平里,849,699569,824,620,399,1020,805.65,97.77
桃園市,中壢區,普忠里,1120,1263356,1128,786,428,1466,1248.74,110.70
桃園市,中壢區,普強里,1379,1316894,955,661,388,1166,1139.91,119.37
桃園市,中壢區,明德里,1748,1628297,932,653,389,1137,923.68,99.16
桃園市,中壢區,至善里,1183,1028963,870,698,420,1113,677.67,77.91
桃園市,中壢區,五福里,1123,925829,824,597,374,1017,772.92,93.75
桃園市,中壢區,龍德里,1435,1388934,968,740,436,1286,780.63,80.65
桃園市,中壢區,正義里,1550,1364191,880,621,375,1114,841.37,95.60
桃園市,中壢區,龍安里,591,457283,774,608,384,944,674.35,87.15
桃園市,中壢區,中山里,1720,1603259,932,716,424,1185,804.14,86.27
桃園市,中壢區,德義里,991,849151,857,625,371,1058,808.05,94.30
桃園市,中壢區,仁義里,1384,1341835,970,677,399,1217,938.83,96.83
桃園市,中壢區,華勛里,1121,868318,775,637,401,994,583.01,75.27
桃園市,中壢區,仁福里,1604,1278750,797,621,404,1006,662.04,83.04
桃園市,中壢區,幸福里,2147,1855508,864,635,405,1079,762.39,88.22
桃園市,中壢區,永福里,1996,1791457,898,633,397,1121,847.75,94.45
桃園市,中壢區,仁和里,1180,918046,778,657,392,998,568.80,73.11
桃園市,中壢區,華愛里,1219,1105300,907,658,420,1141,915.64,100.98
桃園市,中壢區,莊敬里,1153,1017227,882,665,404,1121,752.82,85.33
桃園市,中壢區,自治里,1077,993110,922,673,415,1166,856.13,92.84
桃園市,中壢區,健行里,1591,1505919,947,710,402,1267,809.78,85.55
桃園市,中壢區,興平里,803,702975,875,674,391,1108,837.38,95.65
桃園市,中壢區,中興里,1166,1046893,898,686,426,1113,818.53,91.17
桃園市,中壢區,龍慈里,1638,1478332,903,690,426,1171,767.37,85.03
桃園市,中壢區,自信里,2051,1986016,968,717,428,1254,824.30,85.13
桃園市,中壢區,林森里,1344,1240818,923,645,366,1148,949.08,102.80
桃園市,中壢區,金華里,1677,2700226,1610,1002,494,2062,1915.45,118.96
桃園市,楊梅區,楊梅里,1334,1195788,896,654,371,1140,856.64,95.57
桃園市,楊梅區,楊江里,371,331630,894,660,366,1143,948.13,106.07
桃園市,楊梅區,紅梅里,878,689421,785,610,395,1020,611.27,77.85
桃園市,楊梅區,水美里,1424,1132394,795,617,383,1011,738.23,92.83
桃園市,楊梅區,上田里,896,644801,720,562,364,951,543.77,75.56
桃園市,楊梅區,東流里,875,634155,725,583,380,940,559.57,77.21
桃園市,楊梅區,大平里,1037,839143,809,593,384,970,934.11,115.44
桃園市,楊梅區,永寧里,2357,2164438,918,695,427,1202,768.55,83.69
桃園市,楊梅區,瑞原里,1274,902105,708,573,379,886,514.95,72.72
桃園市,楊梅區,員本里,893,711165,796,613,397,996,906.03,113.77
桃園市,楊梅區,富岡里,583,471242,808,604,385,992,706.67,87.43
桃園市,楊梅區,豐野里,1320,1039223,787,621,403,1039,564.91,71.75
桃園市,楊梅區,上湖里,1937,1531199,791,620,398,1000,620.13,78.45
桃園市,楊梅區,三湖里,908,699861,771,583,373,934,818.49,106.19
桃園市,楊梅區,梅溪里,1390,1246066,896,669,416,1128,814.15,90.82
桃園市,楊梅區,瑞塘里,1901,1568824,825,628,396,1048,727.26,88.13
桃園市,楊梅區,埔心里,502,389716,776,579,373,950,666.63,85.87
桃園市,楊梅區,高山里,1347,1085748,806,655,404,1047,597.83,74.17
桃園市,楊梅區,高榮里,1158,1166392,1007,617,397,1026,4406.64,437.49
桃園市,楊梅區,金龍里,367,284363,775,637,392,979,562.62,72.61
桃園市,楊梅區,四維里,1630,1751612,1075,797,452,1397,1278.63,118.99
桃園市,楊梅區,梅新里,713,605916,850,621,370,1069,1004.15,118.16
桃園市,楊梅區,仁美里,1378,1109507,805,600,394,969,713.29,88.59
桃園市,楊梅區,光華里,1071,839245,784,560,359,939,835.22,106.59
桃園市,楊梅區,大同里,1186,1019889,860,657,400,1059,794.63,92.40
桃園市,楊梅區,中山里,1126,1009053,896,648,406,1086,909.46,101.49
桃園市,楊梅區,楊明里,2446,2272142,929,726,448,1188,788.92,84.93
桃園市,楊梅區,金溪里,1440,2222034,1543,845,462,1626,4467.73,289.53
桃園市,楊梅區,裕成里,1184,1153724,974,673,396,1135,1167.79,119.84
桃園市,楊梅區,秀才里,1170,856333,732,602,395,927,541.99,74.05
桃園市,楊梅區,青山里,1278,949709,743,594,385,962,659.15,88.70
桃園市,楊梅區,新榮里,1253,1152910,920,665,403,1107,926.81,100.73
桃園市,楊梅區,雙榮里,1173,1125606,960,743,434,1237,771.64,80.41
桃園市,楊梅區,瑞坪里,1908,1613130,845,664,413,1099,685.55,81.09
桃園市,楊梅區,永平里,646,493811,764,561,360,931,701.32,91.75
桃園市,楊梅區,瑞溪里,1378,1210704,879,699,451,1159,645.52,73.47
桃園市,楊梅區,高上里,907,692656,764,588,376,947,656.84,86.01
桃園市,楊梅區,富豐里,930,711255,765,607,394,969,565.09,73.89
桃園市,楊梅區,裕新里,742,583042,786,596,370,986,681.26,86.70
桃園市,楊梅區,三民里,1147,1030453,898,690,431,1157,732.46,81.53
桃園市,楊梅區,頭湖里,957,752316,786,616,401,972,654.67,83.28
桃園市,蘆竹區,新興里,973,841297,865,588,376,980,1583.82,183.18
桃園市,蘆竹區,中福里,1287,1048246,814,621,402,1006,790.88,97.10
桃園市,蘆竹區,新莊里,1719,1521720,885,659,402,1082,1021.94,115.44
桃園市,蘆竹區,大竹里,1736,1693020,975,715,440,1207,1279.88,131.24
桃園市,蘆竹區,蘆竹里,1333,1214960,911,655,395,1128,841.19,92.29
桃園市,蘆竹區,南崁里,1437,1688777,1175,721,389,1317,1912.55,162.74
桃園市,蘆竹區,錦興里,1416,1364960,964,661,398,1195,1018.27,105.63
桃園市,蘆竹區,五福里,992,1053839,1062,739,403,1255,1441.11,135.65
桃園市,蘆竹區,內厝里,801,705793,881,613,381,1015,976.24,110.79
桃園市,蘆竹區,山鼻里,561,453406,808,559,367,931,1108.55,137.16
桃園市,蘆竹區,坑子里,519,420724,811,601,392,928,936.74,115.55
桃園市,蘆竹區,外社里,493,385199,781,573,380,982,796.78,101.98
桃園市,蘆竹區,山腳里,1212,922289,761,592,368,965,641.18,84.26
桃園市,蘆竹區,坑口里,773,618637,800,588,398,949,738.70,92.30
桃園市,蘆竹區,海湖里,1652,1157291,701,561,378,880,679.02,96.93
桃園市,蘆竹區,富竹里,459,402267,876,667,401,1016,1085.07,123.81
桃園市,蘆竹區,上竹里,1218,1110489,912,641,413,1127,851.90,93.44
桃園市,蘆竹區,宏竹里,966,776982,804,631,399,1004,766.21,95.26
桃園市,蘆竹區,南榮里,1245,1470627,1181,711,412,1225,2602.56,220.33
桃園市,蘆竹區,南興里,2063,2482864,1204,903,493,1580,1041.45,86.53
桃園市,蘆竹區,長興里,919,726032,790,563,368,962,823.43,104.23
桃園市,蘆竹區,錦中里,1184,1223783,1034,666,386,1259,1168.86,113.09
桃園市,蘆竹區,瓦窯里,1154,1023936,887,658,399,1149,773.63,87.19
桃園市,蘆竹區,營盤里,1807,1980929,1096,754,441,1349,1209.13,110.30
桃園市,蘆竹區,羊稠里,1762,2561194,1454,980,512,1831,1634.44,112.44
桃園市,蘆竹區,順興里,1465,1767956,1207,901,514,1508,1264.29,104.76
桃園市,蘆竹區,福昌里,1879,2149573,1144,894,511,1493,969.93,84.78
桃園市,蘆竹區,福興里,2688,2878493,1071,826,483,1362,1257.06,117.39
桃園市,蘆竹區,蘆興里,584,643087,1101,692,396,1300,1278.10,116.07
桃園市,蘆竹區,長壽里,2078,2293748,1104,840,471,1419,1050.73,95.19
桃園市,蘆竹區,吉祥里,1400,2251669,1608,1111,545,2058,1926.58,119.79
桃園市,蘆竹區,中山里,1166,1157935,993,797,452,1251,896.89,90.31
桃園市,蘆竹區,福祿里,1244,1256984,1010,792,476,1297,824.23,81.57
桃園市,蘆竹區,興榮里,1083,1149350,1061,760,426,1393,1193.34,112.44
桃園市,蘆竹區,中興里,1827,1882384,1030,835,488,1278,931.63,90.42
桃園市,蘆竹區,上興里,1254,1324124,1056,780,446,1294,1206.50,114.26
桃園市,蘆竹區,營福里,1192,1184979,994,775,474,1297,901.14,90.65
桃園市,蘆竹區,正興里,164,191599,1168,969,554,1560,842.05,72.08
桃園市,蘆竹區,濱海里,147,108037,735,508,339,1014,623.03,84.77
桃園市,大園區,大園里,1888,1467903,777,577,362,965,853.08,109.72
桃園市,大園區,田心里,2128,1774621,834,645,413,1040,835.13,100.14
桃園市,大園區,溪海里,1422,1056140,743,595,377,927,714.20,96.16
桃園市,大園區,和平里,477,341033,715,550,357,896,603.87,84.46
桃園市,大園區,橫峰里,3617,3719903,1028,712,424,1217,1243.20,120.88
桃園市,大園區,五權里,1589,1292089,813,617,403,1011,746.79,91.84
桃園市,大園區,埔心里,1922,1478649,769,574,376,945,742.56,96.52
桃園市,大園區,大海里,457,389331,852,600,376,1021,877.28,102.98
桃園市,大園區,三石里,982,805489,820,638,411,1023,680.53,82.97
桃園市,大園區,菓林里,2360,1852700,785,626,400,998,621.33,79.15
桃園市,大園區,竹圍里,1051,782335,744,594,383,932,561.50,75.43
桃園市,大園區,海口里,577,475123,823,627,381,956,802.42,97.45
桃園市,大園區,沙崙里,802,566324,706,571,350,913,563.58,79.81
桃園市,大園區,後厝里,729,587679,806,632,401,994,641.54,79.58
桃園市,大園區,圳頭里,798,629092,788,581,366,947,861.61,109.29
桃園市,大園區,內海里,690,507387,735,565,391,894,690.02,93.84
桃園市,大園區,北港里,856,595490,696,557,365,881,521.78,75.00
桃園市,大園區,南港里,1868,1441018,771,634,413,992,573.43,74.33
桃園市,龜山區,龜山里,2330,2018255,866,622,395,1053,1091.36,125.99
桃園市,龜山區,新路里,1788,1405003,786,601,379,950,681.71,86.75
桃園市,龜山區,山頂里,1813,1469287,810,645,413,1020,619.47,76.44
桃園市,龜山區,兔坑里,1295,833003,643,519,347,794,505.14,78.53
桃園市,龜山區,舊路里,708,548440,775,562,353,923,1002.74,129.45
桃園市,龜山區,嶺頂里,1275,934691,733,541,350,890,748.81,102.14
桃園市,龜山區,龍壽里,512,347099,678,503,337,787,817.23,120.55
桃園市,龜山區,楓樹里,1972,1716608,870,641,389,1124,782.48,89.89
桃園市,龜山區,大崗里,1370,1146756,837,643,405,1010,758.79,90.65
桃園市,龜山區,公西里,357,276175,774,554,344,936,766.58,99.09
桃園市,龜山區,樂善里,3399,2750568,809,657,395,1088,605.19,74.79
桃園市,龜山區,南上里,654,509921,780,592,354,1022,649.67,83.32
桃園市,龜山區,大坑里,591,401329,679,517,336,853,550.81,81.11
桃園市,龜山區,陸光里,1101,913154,829,613,366,1062,729.14,87.91
桃園市,龜山區,精忠里,2061,1817705,882,669,408,1136,801.26,90.85
桃園市,龜山區,山福里,1083,822539,760,571,367,965,679.55,89.47
桃園市,龜山區,山德里,1600,1238144,774,575,359,982,704.08,90.98
桃園市,龜山區,中興里,1550,1281452,827,605,385,1008,854.15,103.32
桃園市,龜山區,大同里,1957,1650080,843,610,373,1068,778.04,92.28
桃園市,龜山區,文化里,2250,3054396,1358,905,483,1694,2309.20,170.11
桃園市,龜山區,南美里,863,738499,856,676,384,1116,678.94,79.34
桃園市,龜山區,幸福里,1406,858175,610,520,352,777,425.22,69.67
桃園市,龜山區,福源里,627,454499,725,592,383,876,582.91,80.41
桃園市,龜山區,龍華里,1112,741328,667,528,337,853,520.45,78.07
桃園市,龜山區,迴龍里,1991,1545594,776,569,356,952,811.19,104.50
桃園市,龜山區,新嶺里,1168,819480,702,551,363,861,673.98,96.06
桃園市,龜山區,大湖里,2128,2425440,1140,835,468,1486,1060.54,93.05
桃園市,龜山區,大華里,3256,3585513,1101,815,452,1460,998.60,90.68
桃園市,龜山區,長庚里,1754,3068398,1749,1294,923,2071,1478.61,84.52
桃園市,龜山區,新興里,666,552638,830,620,386,1019,843.60,101.66
桃園市,龜山區,文青里,549,568328,1035,867,531,1359,788.10,76.13
桃園市,龜山區,楓福里,194,240550,1240,989,465,1658,1081.63,87.23
桃園市,八德區,興仁里,2264,1931912,853,636,392,1042,837.74,98.17
桃園市,八德區,福興里,2955,2587441,876,707,425,1115,715.96,81.77
桃園市,八德區,瑞豐里,1235,1061923,860,685,411,1100,680.60,79.15
桃園市,八德區,廣興里,1005,726914,723,564,383,930,535.29,74.01
桃園市,八德區,竹園里,1019,755383,741,562,381,929,664.51,89.64
桃園市,八德區,霄裡里,594,409502,689,560,361,884,552.11,80.09
桃園市,八德區,茄苳里,928,691419,745,570,380,916,635.28,85.27
桃園市,八德區,白鷺里,952,724631,761,572,376,922,674.00,88.55
桃園市,八德區,大湳里,1328,1113855,839,635,392,1067,672.03,80.12
桃園市,八德區,大安里,1114,922264,828,597,377,982,1280.25,154.64
桃園市,八德區,大興里,1226,1125569,918,663,400,1141,1076.16,117.22
桃園市,八德區,大福里,1833,1649088,900,681,406,1157,764.94,85.03
桃園市,八德區,大同里,387,294258,760,557,352,898,897.60,118.05
桃園市,八德區,大忠里,533,395658,742,579,378,888,618.05,83.26
桃園市,八德區,大勇里,1392,1299342,933,630,378,1122,1381.67,148.02
桃園市,八德區,大義里,1170,1050951,898,628,399,1114,816.21,90.87
桃園市,八德區,大成里,1001,773472,773,579,364,924,710.76,91.98
桃園市,八德區,瑞發里,1005,731239,728,567,372,891,655.90,90.15
桃園市,八德區,瑞祥里,1082,790626,731,606,397,957,488.88,66.91
桃園市,八德區,瑞德里,1010,719204,712,576,379,914,556.08,78.09
桃園市,八德區,廣隆里,1499,1338320,893,656,397,1153,774.26,86.72
桃園市,八德區,高明里,1264,940904,744,600,393,933,558.27,75.00
桃園市,八德區,大和里,2494,2229590,894,684,414,1130,793.79,88.79
桃園市,八德區,大信里,919,621864,677,555,372,851,481.86,71.21
桃園市,八德區,大華里,873,690473,791,599,387,981,638.59,80.74
桃園市,八德區,大仁里,1422,1067095,750,578,379,955,612.94,81.68
桃園市,八德區,大智里,1440,1554703,1080,722,413,1398,1415.98,131.15
桃園市,八德區,瑞泰里,1401,1118857,799,604,399,962,770.10,96.43
桃園市,八德區,大昌里,918,636026,693,553,350,872,567.52,81.91
桃園市,八德區,大正里,1484,1331617,897,681,410,1134,886.13,98.75
桃園市,八德區,大強里,1064,789678,742,579,377,940,603.78,81.35
桃園市,八德區,大發里,710,533615,752,596,373,908,735.71,97.89
桃園市,八德區,大明里,1289,1043393,809,585,368,1017,753.71,93.11
桃園市,八德區,大竹里,478,332616,696,538,361,877,656.37,94.33
桃園市,八德區,大慶里,413,305634,740,601,386,908,611.94,82.69
桃園市,八德區,大千里,700,559592,799,640,390,1000,758.59,94.89
桃園市,八德區,大榮里,622,474594,763,555,360,922,705.92,92.52
桃園市,八德區,茄明里,1541,1196341,776,632,389,988,605.26,77.96
桃園市,八德區,高城里,1047,843428,806,661,436,1024,579.88,71.98
桃園市,八德區,瑞興里,944,741033,785,597,392,951,682.02,86.88
桃園市,八德區,大愛里,861,774159,899,669,407,1197,803.00,89.31
桃園市,八德區,大宏里,1445,1448852,1003,726,419,1250,960.76,95.82
桃園市,八德區,大漢里,1315,1100359,837,643,389,1048,1415.29,169.14
桃園市,八德區,廣德里,939,859645,915,664,405,1127,845.85,92.39
桃園市,八德區,龍友里,582,429367,738,594,405,866,594.05,80.52
桃園市,八德區,陸光里,1196,846523,708,574,368,882,551.09,77.86
桃園市,八德區,永豐里,956,743672,778,576,363,975,700.69,90.07
桃園市,八德區,大順里,814,570125,700,558,360,890,601.45,85.87
桃園市,龍潭區,黃唐里,1413,1110079,786,600,394,1004,670.62,85.36
桃園市,龍潭區,烏林里,1255,922811,735,585,381,920,569.18,77.41
桃園市,龍潭區,八德里,1260,910768,723,567,384,900,590.61,81.71
桃園市,龍潭區,上林里,1377,1157906,841,641,404,1046,844.34,100.41
桃園市,龍潭區,龍潭里,606,482183,796,571,344,956,847.33,106.49
桃園市,龍潭區,九龍里,1142,915799,802,598,373,1001,783.81,97.74
桃園市,龍潭區,佳安里,1265,1276126,1009,854,464,1340,790.94,78.40
桃園市,龍潭區,三坑里,400,297338,743,549,360,885,782.08,105.21
桃園市,龍潭區,大平里,625,620658,993,700,374,1241,1140.90,114.89
桃園市,龍潭區,三林里,1061,1085228,1023,732,419,1286,947.03,92.59
桃園市,龍潭區,高平里,1022,762463,746,573,366,937,643.68,86.28
桃園市,龍潭區,高原里,1501,1246934,831,606,379,1000,793.74,95.55
桃園市,龍潭區,三和里,861,1271623,1477,888,466,1849,2076.19,140.58
桃園市,龍潭區,三水里,178,138306,777,607,399,953,759.06,97.69
桃園市,龍潭區,中興里,1410,1214457,861,614,404,964,1026.19,119.14
桃園市,龍潭區,中正里,1961,2112901,1077,762,438,1340,1739.91,161.48
桃園市,龍潭區,中山里,1698,1656088,975,697,410,1178,1133.44,116.21
桃園市,龍潭區,凌雲里,1159,810251,699,552,385,884,537.10,76.83
桃園市,龍潭區,永興里,856,633103,740,571,370,938,646.97,87.47
桃園市,龍潭區,烏樹林里,765,546453,714,576,369,913,523.68,73.31
桃園市,龍潭區,百年里,1481,1550173,1047,736,417,1297,1210.54,115.65
桃園市,龍潭區,龍祥里,1137,930921,819,621,400,1056,717.38,87.62
桃園市,龍潭區,聖德里,1028,677105,659,541,369,814,512.48,77.81
桃園市,龍潭區,龍星里,1404,1402421,999,709,417,1232,1102.82,110.41
桃園市,龍潭區,上華里,1082,1029871,952,687,408,1193,922.99,96.97
桃園市,龍潭區,武漢里,788,581640,738,591,375,926,670.03,90.78
桃園市,龍潭區,東興里,1278,1201684,940,762,433,1278,712.34,75.76
桃園市,龍潭區,北興里,657,426559,649,545,366,804,492.79,75.90
桃園市,龍潭區,建林里,1334,1362735,1022,753,452,1260,1183.78,115.88
桃園市,龍潭區,富林里,1164,1106369,950,719,437,1217,835.33,87.88
桃園市,龍潭區,祥和里,65,51876,798,683,354,995,618.65,77.52
桃園市,平鎮區,忠貞里,402,442350,1100,767,431,1383,1479.36,134.44
桃園市,平鎮區,東社里,973,700390,720,570,375,927,562.50,78.14
桃園市,平鎮區,東勢里,1775,1375582,775,610,392,966,662.19,85.45
桃園市,平鎮區,山峰里,720,524736,729,558,361,910,585.94,80.40
桃園市,平鎮區,平鎮里,1549,1226184,792,623,403,968,666.51,84.20
桃園市,平鎮區,北勢里,866,792304,915,688,405,1169,809.59,88.49
桃園市,平鎮區,南勢里,2067,1818409,880,657,394,1092,1181.33,134.28
桃園市,平鎮區,宋屋里,1325,1044197,788,600,379,1004,737.26,93.55
桃園市,平鎮區,高雙里,1422,1495264,1052,715,422,1305,1125.19,107.01
桃園市,平鎮區,復旦里,2004,2331624,1163,799,437,1456,1330.32,114.34
桃園市,平鎮區,新勢里,1228,999131,814,613,378,1041,688.63,84.64
桃園市,平鎮區,建安里,1373,1049094,764,585,389,953,634.33,83.02
桃園市,平鎮區,中正里,562,534643,951,740,458,1263,765.51,80.47
桃園市,平鎮區,貿易里,661,600542,909,748,472,1167,658.81,72.51
桃園市,平鎮區,湧光里,1731,1259906,728,588,381,916,632.43,86.89
桃園市,平鎮區,義民里,1808,1770683,979,670,408,1200,1550.65,158.33
桃園市,平鎮區,雙連里,1553,1368917,881,622,375,1073,1192.97,135.34
桃園市,平鎮區,東安里,836,588273,704,570,361,888,548.07,77.89
桃園市,平鎮區,龍恩里,786,553856,705,564,367,859,589.05,83.59
桃園市,平鎮區,龍興里,690,546249,792,603,392,1018,624.59,78.90
桃園市,平鎮區,廣興里,1915,1962384,1025,720,437,1303,1044.30,101.91
桃園市,平鎮區,莊敬里,1359,1048075,771,637,398,971,599.25,77.70
桃園市,平鎮區,新富里,2062,2056667,997,717,424,1276,927.19,92.96
桃園市,平鎮區,北興里,1339,1068493,798,611,385,1003,694.70,87.06
桃園市,平鎮區,北貴里,1415,1153321,815,614,399,1004,748.07,91.78
桃園市,平鎮區,新安里,1314,962384,732,600,382,953,521.97,71.27
桃園市,平鎮區,鎮興里,917,685883,748,577,375,963,598.21,79.98
桃園市,平鎮區,義興里,2273,2084314,917,659,400,1103,998.37,108.88
桃園市,平鎮區,湧豐里,614,495258,807,592,379,976,758.68,94.06
桃園市,平鎮區,湧安里,1481,1083558,732,609,403,945,521.61,71.29
桃園市,平鎮區,廣達里,1340,1170927,874,641,396,1065,823.59,94.25
桃園市,平鎮區,福林里,1099,980444,892,719,408,1129,723.10,81.05
桃園市,平鎮區,金星里,2187,1978064,904,710,431,1135,733.13,81.06
桃園市,平鎮區,廣仁里,1374,989874,720,562,377,861,601.56,83.50
桃園市,平鎮區,新貴里,1044,843862,808,612,384,962,760.18,94.05
桃園市,平鎮區,北富里,1355,1230558,908,636,408,1094,1154.87,127.17
桃園市,平鎮區,新榮里,1856,1592312,858,641,398,1057,872.80,101.73
桃園市,平鎮區,華安里,1259,896400,712,581,386,892,501.98,70.50
桃園市,平鎮區,金陵里,1035,1001377,968,738,425,1239,828.17,85.60
桃園市,平鎮區,北安里,529,496749,939,702,416,1130,905.67,96.45
桃園市,平鎮區,北華里,1381,1419775,1028,743,430,1289,995.40,96.82
桃園市,平鎮區,復興里,1754,1680862,958,672,405,1225,969.55,101.17
桃園市,平鎮區,平興里,2016,2202462,1092,806,474,1400,990.59,90.67
桃園市,平鎮區,新英里,1333,1296211,972,752,427,1296,784.80,80.71
桃園市,平鎮區,平安里,1663,1380663,830,674,424,1080,608.47,73.29
桃園市,平鎮區,平南里,2390,2035679,852,664,409,1053,813.66,95.53
桃園市,新屋區,新屋里,907,678521,748,592,372,995,542.79,72.56
桃園市,新屋區,新生里,1375,1134104,825,610,387,986,1592.17,193.04
桃園市,新屋區,後湖里,486,367686,757,599,384,930,587.78,77.69
桃園市,新屋區,清華里,1300,983457,757,592,380,924,636.99,84.20
桃園市,新屋區,石磊里,604,444791,736,539,359,936,753.35,102.30
桃園市,新屋區,東明里,442,318641,721,563,370,917,547.27,75.91
桃園市,新屋區,社子里,432,334047,773,593,412,927,637.36,82.42
桃園市,新屋區,九斗里,740,586813,793,612,386,965,1149.84,145.00
桃園市,新屋區,埔頂里,826,585194,708,571,381,862,535.30,75.56
桃園市,新屋區,頭洲里,1343,1115081,830,636,386,1066,879.54,105.93
桃園市,新屋區,大坡里,364,273189,751,576,390,970,547.37,72.93
桃園市,新屋區,望間里,381,276745,726,599,394,929,500.56,68.91
桃園市,新屋區,後庄里,323,244649,757,551,375,932,693.70,91.59
桃園市,新屋區,槺榔里,317,199397,629,515,358,785,425.33,67.62
桃園市,新屋區,深圳里,151,113534,752,605,413,907,589.59,78.42
桃園市,新屋區,蚵間里,232,161360,696,578,366,862,458.32,65.90
桃園市,新屋區,笨港里,254,184984,728,553,383,908,557.01,76.48
桃園市,新屋區,永興里,266,184409,693,538,353,870,594.12,85.70
桃園市,新屋區,下埔里,198,140100,708,548,376,869,649.73,91.82
桃園市,新屋區,石牌里,249,173449,697,558,370,919,531.97,76.37
桃園市,新屋區,下田里,497,327595,659,546,342,851,522.28,79.24
桃園市,新屋區,赤欄里,402,306241,762,590,363,920,815.64,107.07
桃園市,新屋區,永安里,659,445965,677,541,365,848,528.87,78.15
桃園市,觀音區,觀音里,797,590707,741,610,393,959,576.48,77.78
桃園市,觀音區,廣興里,411,304177,740,556,380,873,990.85,133.88
桃園市,觀音區,白玉里,318,229545,722,589,363,930,630.07,87.29
桃園市,觀音區,武威里,266,217059,816,556,362,916,1372.85,168.24
桃園市,觀音區,大潭里,511,357583,700,561,362,914,561.89,80.30
桃園市,觀音區,保生里,650,474159,729,575,389,953,575.47,78.89
桃園市,觀音區,三和里,224,170618,762,624,373,1051,545.53,71.62
桃園市,觀音區,新興里,232,174725,753,588,383,963,640.52,85.05
桃園市,觀音區,新坡里,865,629513,728,559,379,884,677.88,93.15
桃園市,觀音區,廣福里,730,533990,731,565,370,901,604.06,82.58
桃園市,觀音區,金湖里,839,651566,777,596,382,973,668.45,86.07
桃園市,觀音區,坑尾里,482,356978,741,589,393,912,543.75,73.42
桃園市,觀音區,藍埔里,781,590251,756,586,392,895,659.18,87.22
桃園市,觀音區,大堀里,495,378714,765,603,412,961,600.99,78.55
桃園市,觀音區,大同里,1003,816816,814,631,408,1035,624.96,76.74
桃園市,觀音區,上大里,763,596328,782,608,398,970,671.44,85.91
桃園市,觀音區,崙坪里,1548,1184448,765,573,368,908,819.99,107.17
桃園市,觀音區,保障里,636,474855,747,588,391,939,609.73,81.66
桃園市,觀音區,草漯里,625,488956,782,620,404,942,713.10,91.15
桃園市,觀音區,樹林里,1220,845594,693,592,397,888,465.34,67.14
桃園市,觀音區,富林里,612,430829,704,584,391,904,445.98,63.35
桃園市,觀音區,塔腳里,261,225005,862,608,368,1070,987.69,114.57
桃園市,觀音區,富源里,1342,1035839,772,612,395,986,604.20,78.28
桃園市,觀音區,草新里,2002,1651994,825,689,433,1096,553.59,67.09
桃園市,復興區,長興里,84,64180,764,578,392,1042,530.30,69.41
桃園市,復興區,三民里,325,240293,739,578,369,904,723.50,97.85
桃園市,復興區,澤仁里,263,208632,793,636,399,938,789.71,99.55
桃園市,復興區,霞雲里,91,58567,644,557,311,972,410.64,63.80
桃園市,復興區,義盛里,99,73075,738,571,370,973,520.99,70.58
桃園市,復興區,高義里,95,60638,638,598,409,766,331.99,52.01
桃園市,復興區,三光里,89,56327,633,565,377,799,370.72,58.58
桃園市,復興區,奎輝里,113,77612,687,586,383,860,459.97,66.97
桃園市,復興區,華陵里,165,111805,678,569,370,754,520.45,76.81
桃園市,復興區,羅浮里,210,159477,759,569,400,897,682.56,89.88
新竹縣,竹東鎮,上坪里,69,58345,846,657,438,1058,648.54,76.70
新竹縣,竹東鎮,瑞峰里,116,107000,922,538,319,844,1229.75,133.32
新竹縣,竹東鎮,軟橋里,103,75088,729,588,360,859,691.97,94.92
新竹縣,竹東鎮,員崠里,770,618735,804,625,378,1040,644.88,80.25
新竹縣,竹東鎮,上舘里,3270,3003396,918,648,397,1168,1176.19,128.06
新竹縣,竹東鎮,東寧里,1134,1039895,917,640,386,1198,836.83,91.26
新竹縣,竹東鎮,大鄉里,1607,1593275,991,667,409,1208,1193.54,120.38
新竹縣,竹東鎮,東華里,250,202639,811,584,309,1015,861.16,106.24
新竹縣,竹東鎮,商華里,949,747825,788,586,362,1011,680.61,86.37
新竹縣,竹東鎮,竹東里,458,372866,814,562,323,930,1423.55,174.86
新竹縣,竹東鎮,榮樂里,453,365509,807,588,357,968,821.37,101.80
新竹縣,竹東鎮,鷄林里,1346,1134920,843,603,369,1061,809.97,96.06
新竹縣,竹東鎮,五豐里,2633,2402966,913,658,394,1145,885.67,97.05
新竹縣,竹東鎮,三重里,2356,2743132,1164,767,426,1465,1347.58,115.74
新竹縣,竹東鎮,二重里,4200,5483440,1306,886,473,1631,2147.44,164.48
新竹縣,竹東鎮,柯湖里,169,145146,859,568,405,1088,900.06,104.80
新竹縣,竹東鎮,頭重里,1625,2184882,1345,781,420,1661,1876.13,139.54
新竹縣,竹東鎮,員山里,635,674936,1063,668,380,1296,1238.97,116.57
新竹縣,竹東鎮,仁愛里,1075,1030254,958,666,384,1206,1011.07,105.50
新竹縣,竹東鎮,中山里,561,439995,784,577,335,1024,720.07,91.81
新竹縣,竹東鎮,中正里,652,600073,920,630,361,1115,970.52,105.45
新竹縣,竹東鎮,南華里,357,326412,914,634,354,1076,907.03,99.20
新竹縣,竹東鎮,榮華里,2411,2218308,920,648,364,1159,939.28,102.09
新竹縣,竹東鎮,忠孝里,580,466991,805,573,350,1035,788.49,97.93
新竹縣,竹東鎮,陸豐里,181,148681,821,670,394,1027,656.14,79.88
新竹縣,關西鎮,東興里,142,115246,812,680,357,1064,607.30,74.83
新竹縣,關西鎮,西安里,608,480890,791,593,365,940,843.74,106.68
新竹縣,關西鎮,南雄里,212,170565,805,585,334,1015,690.88,85.87
新竹縣,關西鎮,北斗里,1200,983447,820,608,393,1018,831.48,101.46
新竹縣,關西鎮,仁安里,339,241079,711,555,367,844,852.70,119.91
新竹縣,關西鎮,南山里,309,231827,750,592,352,1009,677.86,90.35
新竹縣,關西鎮,北山里,192,152357,794,561,374,819,822.26,103.62
新竹縣,關西鎮,東安里,1164,943817,811,607,387,978,843.52,104.03
新竹縣,關西鎮,東光里,398,343422,863,595,409,1011,873.82,101.27
新竹縣,關西鎮,新富里,140,124678,891,565,389,904,1239.51,139.18
新竹縣,關西鎮,玉山里,108,79427,735,565,343,776,947.25,128.80
新竹縣,關西鎮,錦山里,212,132283,624,535,353,788,411.97,66.02
新竹縣,關西鎮,金山里,141,102516,727,551,380,971,587.19,80.76
新竹縣,關西鎮,石光里,546,442470,810,608,385,1008,696.26,85.92
新竹縣,關西鎮,大同里,228,171094,750,583,367,918,785.42,104.67
新竹縣,關西鎮,上林里,220,187433,852,633,412,1033,775.16,90.98
新竹縣,關西鎮,新力里,153,108841,711,530,364,934,604.00,84.91
新竹縣,關西鎮,南和里,271,276685,1021,599,376,1005,2603.08,254.96
新竹縣,關西鎮,東山里,230,168285,732,584,392,821,613.56,83.86
新竹縣,關西鎮,東平里,256,206335,806,602,398,1078,651.65,80.85
新竹縣,關西鎮,南新里,215,164217,764,587,384,911,773.67,101.29
新竹縣,新埔鎮,新埔里,297,252437,850,634,385,1076,849.94,100.00
新竹縣,新埔鎮,新生里,180,149376,830,572,344,979,800.56,96.47
新竹縣,新埔鎮,四座里,1161,981587,845,645,387,1085,715.76,84.66
新竹縣,新埔鎮,五埔里,607,440153,725,597,367,939,515.02,71.02
新竹縣,新埔鎮,田新里,879,761735,867,643,386,1149,793.47,91.56
新竹縣,新埔鎮,旱坑里,636,474951,747,580,372,929,634.41,84.95
新竹縣,新埔鎮,北平里,175,122467,700,592,412,878,455.86,65.14
新竹縣,新埔鎮,南平里,281,204766,729,557,371,864,624.95,85.76
新竹縣,新埔鎮,上寮里,590,499281,846,598,375,1037,822.75,97.22
新竹縣,新埔鎮,下寮里,854,963761,1129,624,398,1171,2832.70,251.01
新竹縣,新埔鎮,巨埔里,352,287146,816,567,366,1043,732.54,89.80
新竹縣,新埔鎮,照門里,423,325687,770,613,359,915,802.30,104.20
新竹縣,新埔鎮,清水里,136,110915,816,640,353,991,963.64,118.16
新竹縣,新埔鎮,鹿鳴里,192,151399,789,628,392,1021,592.43,75.13
新竹縣,新埔鎮,新北里,149,113145,759,502,337,914,926.17,121.97
新竹縣,新埔鎮,內立里,335,260410,777,599,392,974,609.95,78.47
新竹縣,新埔鎮,寶石里,274,223010,814,618,383,1079,692.66,85.10
新竹縣,新埔鎮,新民里,366,274718,751,580,375,952,582.55,77.61
新竹縣,新埔鎮,文山里,1554,1442146,928,630,392,1086,1018.98,109.80
新竹縣,竹北市,竹北里,2427,3573942,1473,997,499,1899,2325.57,157.93
新竹縣,竹北市,竹仁里,3223,3410891,1058,739,407,1350,1017.86,96.18
新竹縣,竹北市,竹義里,2117,2170826,1025,722,416,1300,1081.02,105.42
新竹縣,竹北市,新社里,2495,2584568,1036,714,413,1340,1186.00,114.49
新竹縣,竹北市,新國里,2074,2362423,1139,794,463,1466,1069.17,93.86
新竹縣,竹北市,聯興里,1597,1567131,981,705,410,1238,910.38,92.77
新竹縣,竹北市,斗崙里,2633,5000605,1899,1348,636,2443,2053.85,108.14
新竹縣,竹北市,鹿場里,4260,11099688,2606,1902,870,3203,4628.31,177.63
新竹縣,竹北市,東平里,4884,11962062,2449,1963,1030,3166,2444.91,99.82
新竹縣,竹北市,中興里,2906,7141068,2457,1703,726,3250,3460.84,140.84
新竹縣,竹北市,隘口里,1042,2204334,2115,1455,676,2590,2950.22,139.46
新竹縣,竹北市,東海里,1028,906620,882,645,378,1101,881.36,99.94
新竹縣,竹北市,十興里,2865,5860825,2046,1632,833,2667,1967.74,96.19
新竹縣,竹北市,麻園里,700,692255,989,694,411,1231,998.40,100.96
新竹縣,竹北市,溪州里,837,817113,976,663,391,1202,1034.07,105.92
新竹縣,竹北市,白地里,692,540788,781,597,383,960,654.00,83.69
新竹縣,竹北市,新庄里,359,301017,838,562,367,968,1196.22,142.66
新竹縣,竹北市,新港里,381,341625,897,616,387,1110,887.03,98.93
新竹縣,竹北市,大義里,484,398132,823,590,385,962,800.16,97.27
新竹縣,竹北市,尚義里,431,336974,782,574,366,963,757.61,96.90
新竹縣,竹北市,崇義里,598,459421,768,558,360,992,735.52,95.74
新竹縣,竹北市,大眉里,651,609156,936,695,402,1148,869.02,92.87
新竹縣,竹北市,泰和里,2210,2354579,1065,773,439,1368,980.11,91.99
新竹縣,竹北市,北崙里,1437,2060090,1434,870,428,1736,1956.80,136.50
新竹縣,竹北市,新崙里,2386,2829562,1186,818,444,1573,1224.92,103.29
新竹縣,竹北市,福德里,1142,1067882,935,635,371,1182,989.75,105.84
新竹縣,竹北市,興安里,1407,2800834,1991,1300,632,2617,2434.17,122.28
新竹縣,竹北市,東興里,2546,4215183,1656,1261,634,2219,1860.64,112.38
新竹縣,竹北市,北興里,1449,2577028,1778,1332,698,2384,1613.91,90.75
新竹縣,竹北市,文化里,1302,2355929,1809,1029,488,2246,2619.36,144.76
新竹縣,竹北市,中崙里,2430,4583341,1886,1332,610,2486,2636.10,139.76
新竹縣,湖口鄉,長嶺村,1012,808566,799,617,385,1054,658.43,82.41
新竹縣,湖口鄉,中勢村,959,828816,864,698,415,1131,659.59,76.32
新竹縣,湖口鄉,孝勢村,431,326089,757,570,372,927,681.66,90.10
新竹縣,湖口鄉,仁勢村,274,200255,731,538,336,878,694.84,95.07
新竹縣,湖口鄉,愛勢村,1347,1101870,818,620,400,1033,717.22,87.68
新竹縣,湖口鄉,信勢村,1800,1543346,857,642,398,1099,714.31,83.31
新竹縣,湖口鄉,和興村,934,720582,772,586,389,987,627.41,81.32
新竹縣,湖口鄉,德盛村,1645,1339702,814,635,395,1038,684.18,84.01
新竹縣,湖口鄉,波羅村,767,616340,804,643,387,1069,619.59,77.10
新竹縣,湖口鄉,鳳山村,1152,859212,746,577,384,979,543.94,72.93
新竹縣,湖口鄉,鳳凰村,1912,1439357,753,600,392,948,572.99,76.11
新竹縣,湖口鄉,湖口村,945,768316,813,601,385,1060,724.79,89.15
新竹縣,湖口鄉,湖鏡村,801,659103,823,617,370,1057,672.72,81.76
新竹縣,湖口鄉,湖南村,507,387836,765,593,372,977,616.96,80.65
新竹縣,湖口鄉,長安村,346,258586,747,596,390,975,582.60,77.95
新竹縣,湖口鄉,中興村,2199,1794480,816,679,438,1044,574.18,70.36
新竹縣,湖口鄉,信義村,1264,1105633,875,647,399,1128,746.72,85.37
新竹縣,湖口鄉,中正村,997,939494,942,699,414,1193,812.56,86.23
新竹縣,湖口鄉,東興村,1459,1240069,850,638,418,1050,803.88,94.58
新竹縣,湖口鄉,勝利村,1503,1181833,786,607,408,997,699.40,88.95
新竹縣,橫山鄉,橫山村,1087,815154,750,568,365,963,699.88,93.33
新竹縣,橫山鄉,內灣村,204,128958,632,530,321,805,493.62,78.09
新竹縣,橫山鄉,新興村,473,368863,780,590,362,923,727.46,93.28
新竹縣,橫山鄉,田寮村,254,203829,802,631,364,952,729.23,90.87
新竹縣,橫山鄉,福興村,112,80705,721,531,322,778,804.18,111.60
新竹縣,橫山鄉,沙坑村,235,158459,674,522,327,799,591.40,87.71
新竹縣,橫山鄉,南昌村,52,47389,911,601,351,900,1634.87,179.39
新竹縣,橫山鄉,力行村,202,152991,757,634,370,972,563.13,74.35
新竹縣,橫山鄉,大肚村,499,358424,718,555,365,947,560.09,77.98
新竹縣,橫山鄉,豐鄉村,53,39980,754,482,345,688,1149.59,152.40
新竹縣,橫山鄉,豐田村,72,51078,709,608,386,971,482.01,67.94
新竹縣,新豐鄉,重興村,1747,1385357,793,597,381,966,1308.47,165.00
新竹縣,新豐鄉,新豐村,577,380229,659,507,343,856,509.08,77.25
新竹縣,新豐鄉,埔和村,836,582913,697,553,382,862,588.34,84.38
新竹縣,新豐鄉,員山村,988,934564,946,712,431,1227,790.80,83.60
新竹縣,新豐鄉,後湖村,490,376965,769,592,396,958,622.37,80.90
新竹縣,新豐鄉,鳳坑村,299,225424,754,543,357,972,706.56,93.72
新竹縣,新豐鄉,中崙村,1154,925619,802,642,400,1032,638.23,79.57
新竹縣,新豐鄉,青埔村,559,405723,726,583,367,934,639.81,88.15
新竹縣,新豐鄉,上坑村,487,364333,748,551,362,929,640.15,85.57
新竹縣,新豐鄉,坡頭村,212,136430,644,510,332,793,617.80,96.00
新竹縣,新豐鄉,福興村,336,246214,733,578,365,916,708.44,96.68
新竹縣,新豐鄉,松林村,1687,1723977,1022,734,434,1359,962.78,94.21
新竹縣,新豐鄉,瑞興村,563,426696,758,587,391,945,690.06,91.05
新竹縣,新豐鄉,忠孝村,1415,1361642,962,713,421,1244,842.61,87.56
新竹縣,新豐鄉,山崎村,1488,1420907,955,722,444,1197,927.55,97.13
新竹縣,新豐鄉,松柏村,2173,2371198,1091,875,491,1447,1038.29,95.15
新竹縣,新豐鄉,崎頂村,962,741787,771,622,392,993,600.19,77.84
新竹縣,芎林鄉,華龍村,109,79063,725,559,384,900,552.73,76.20
新竹縣,芎林鄉,五龍村,155,112914,728,637,414,891,529.40,72.67
新竹縣,芎林鄉,秀湖村,333,250491,752,554,353,921,716.59,95.26
新竹縣,芎林鄉,永興村,109,84348,774,547,305,934,850.81,109.95
新竹縣,芎林鄉,石潭村,859,708689,825,577,363,920,998.60,121.04
新竹縣,芎林鄉,新鳳村,476,380902,800,574,370,1009,867.89,108.46
新竹縣,芎林鄉,中坑村,172,127875,743,601,393,907,576.19,77.50
新竹縣,芎林鄉,水坑村,187,149403,799,554,386,961,954.80,119.51
新竹縣,芎林鄉,文林村,810,743851,918,663,395,1127,926.14,100.85
新竹縣,芎林鄉,芎林村,488,441487,905,655,375,1090,960.05,106.12
新竹縣,芎林鄉,上山村,1572,1939647,1234,718,426,1444,1916.04,155.29
新竹縣,芎林鄉,下山村,349,311076,891,651,377,1162,860.27,96.52
新竹縣,寶山鄉,新城村,326,256279,786,544,371,895,1080.03,137.39
新竹縣,寶山鄉,寶山村,268,335023,1250,672,396,1365,1818.26,145.45
新竹縣,寶山鄉,雙溪村,972,1095742,1127,720,416,1312,1557.47,138.16
新竹縣,寶山鄉,深井村,218,160685,737,611,392,942,501.17,67.99
新竹縣,寶山鄉,三峰村,303,714898,2359,836,438,2561,3756.90,159.23
新竹縣,寶山鄉,寶斗村,211,155731,738,587,357,878,680.49,92.20
新竹縣,寶山鄉,大崎村,747,1530949,2049,1072,487,2392,3965.50,193.49
新竹縣,寶山鄉,油田村,141,95267,676,573,376,845,476.00,70.45
新竹縣,寶山鄉,山湖村,184,218605,1188,607,350,1255,1964.63,165.36
新竹縣,寶山鄉,雙新村,965,1155908,1198,704,432,1393,1455.31,121.50
新竹縣,北埔鄉,水磜村,231,147495,639,533,347,844,440.20,68.94
新竹縣,北埔鄉,南興村,348,261514,751,576,354,913,621.26,82.67
新竹縣,北埔鄉,大湖村,155,122542,791,580,349,987,712.65,90.14
新竹縣,北埔鄉,埔尾村,780,591748,759,582,366,948,620.88,81.84
新竹縣,北埔鄉,南坑村,78,66970,859,569,391,866,1055.11,122.89
新竹縣,北埔鄉,北埔村,323,259327,803,600,353,1025,730.88,91.03
新竹縣,北埔鄉,南埔村,107,81848,765,534,347,875,786.06,102.76
新竹縣,北埔鄉,大林村,223,163165,732,608,393,845,594.79,81.29
新竹縣,北埔鄉,外坪村,63,46513,738,517,343,815,745.28,100.94
新竹縣,峨眉鄉,峨眉村,241,193938,805,617,385,951,719.50,89.41
新竹縣,峨眉鄉,富興村,334,271819,814,571,387,1009,742.65,91.25
新竹縣,峨眉鄉,中盛村,200,153657,768,582,376,901,853.17,111.05
新竹縣,峨眉鄉,石井村,154,110304,716,584,352,839,664.55,92.78
新竹縣,峨眉鄉,七星村,121,91187,754,646,356,882,761.46,101.04
新竹縣,峨眉鄉,湖光村,209,135896,650,517,342,801,540.14,83.07
新竹縣,尖石鄉,新樂村,219,150407,687,524,391,858,605.43,88.15
新竹縣,尖石鄉,嘉樂村,172,127002,738,565,413,828,746.03,101.04
新竹縣,尖石鄉,義興村,98,72829,743,639,377,1010,498.75,67.11
新竹縣,尖石鄉,梅花村,80,55621,695,582,379,830,726.11,104.44
新竹縣,尖石鄉,錦屏村,191,134137,702,531,367,706,737.30,104.99
新竹縣,尖石鄉,玉峰村,189,115150,609,574,353,813,370.52,60.82
新竹縣,尖石鄉,秀巒村,203,130508,643,549,368,827,441.68,68.70
新竹縣,五峰鄉,大隘村,217,137961,636,534,347,776,451.03,70.94
新竹縣,五峰鄉,桃山村,196,128159,654,525,354,840,557.12,85.20
新竹縣,五峰鄉,花園村,104,72068,693,528,339,711,829.62,119.72
新竹縣,五峰鄉,竹林村,61,51529,845,518,365,843,1585.57,187.70
苗栗縣,苗栗市,中苗里,395,379078,960,678,368,1249,1010.43,105.29
苗栗縣,苗栗市,青苗里,337,269326,799,586,313,1052,724.78,90.69
苗栗縣,苗栗市,玉苗里,260,194157,747,539,335,914,743.56,99.57
苗栗縣,苗栗市,綠苗里,254,184052,725,540,339,1047,627.71,86.63
苗栗縣,苗栗市,高苗里,1035,913668,883,620,388,1065,1333.58,151.07
苗栗縣,苗栗市,恭敬里,446,372325,835,628,365,1085,817.44,97.92
苗栗縣,苗栗市,新苗里,311,239107,769,550,358,937,989.07,128.65
苗栗縣,苗栗市,勝利里,1365,1158435,849,632,395,1110,708.35,83.47
苗栗縣,苗栗市,維祥里,1170,995704,851,632,388,1118,730.15,85.80
苗栗縣,苗栗市,玉清里,785,673573,858,668,419,1151,671.79,78.29
苗栗縣,苗栗市,嘉盛里,1279,1059305,828,612,379,1071,721.07,87.06
苗栗縣,苗栗市,福星里,1441,1243844,863,693,408,1179,653.58,75.72
苗栗縣,苗栗市,北苗里,1859,1650171,888,667,409,1189,731.05,82.36
苗栗縣,苗栗市,上苗里,594,522492,880,648,367,1156,853.68,97.05
苗栗縣,苗栗市,福麗里,1704,1493309,876,668,387,1156,806.49,92.03
苗栗縣,苗栗市,新川里,334,297975,892,585,359,971,1374.75,154.10
苗栗縣,苗栗市,新英里,506,388849,768,635,364,969,656.96,85.49
苗栗縣,苗栗市,清華里,1155,973048,842,636,395,1114,712.19,84.54
苗栗縣,苗栗市,水源里,816,600090,735,595,371,920,551.47,74.99
苗栗縣,苗栗市,文山里,1259,1145397,910,692,415,1217,714.74,78.56
苗栗縣,苗栗市,建功里,1494,1343056,899,659,376,1170,883.29,98.26
苗栗縣,苗栗市,大同里,157,108776,693,531,295,815,849.20,122.57
苗栗縣,苗栗市,玉華里,1240,1101488,888,645,384,1168,1140.85,128.43
苗栗縣,苗栗市,維新里,1221,1016787,833,604,374,1074,790.00,94.87
苗栗縣,苗栗市,福安里,1214,1020415,841,654,418,1138,626.49,74.53
苗栗縣,苗栗市,嘉新里,1084,944359,871,683,410,1164,680.09,78.07
苗栗縣,苗栗市,南勢里,574,393517,686,559,361,874,506.50,73.88
苗栗縣,苗栗市,文聖里,1234,1075813,872,687,419,1203,661.22,75.84
苗栗縣,苑裡鎮,苑東里,687,565127,823,587,351,1011,993.63,120.79
苗栗縣,苑裡鎮,西平里,446,286418,642,507,343,796,519.92,80.96
苗栗縣,苑裡鎮,苑南里,479,401514,838,632,342,1038,911.77,108.77
苗栗縣,苑裡鎮,苑北里,255,198089,777,570,342,937,903.99,116.37
苗栗縣,苑裡鎮,西勢里,603,434721,721,547,379,870,589.47,81.77
苗栗縣,苑裡鎮,海岸里,275,167311,608,500,334,753,434.49,71.41
苗栗縣,苑裡鎮,客庄里,1263,1030275,816,564,350,990,922.59,113.10
苗栗縣,苑裡鎮,苑坑里,228,159608,700,482,332,815,735.48,105.06
苗栗縣,苑裡鎮,水坡里,151,103265,684,528,323,806,562.71,82.28
苗栗縣,苑裡鎮,山腳里,371,253702,684,519,330,845,626.09,91.56
苗栗縣,苑裡鎮,舊社里,579,374277,646,506,309,806,549.02,84.93
苗栗縣,苑裡鎮,福田里,358,258650,722,544,351,852,712.22,98.58
苗栗縣,苑裡鎮,石鎮里,140,102578,733,558,366,826,615.52,84.01
苗栗縣,苑裡鎮,蕉埔里,205,140649,686,534,345,835,640.55,93.36
苗栗縣,苑裡鎮,社苓里,698,470934,675,505,343,865,575.27,85.26
苗栗縣,苑裡鎮,泰田里,484,312677,646,517,331,832,524.47,81.18
苗栗縣,苑裡鎮,上館里,440,258235,587,464,291,755,461.19,78.58
苗栗縣,苑裡鎮,玉田里,533,346370,650,522,327,794,512.35,78.84
苗栗縣,苑裡鎮,南勢里,173,103807,600,486,319,749,453.43,75.57
苗栗縣,苑裡鎮,山柑里,413,280491,679,516,352,859,578.04,85.11
苗栗縣,苑裡鎮,田心里,589,400148,679,507,325,866,549.94,80.95
苗栗縣,苑裡鎮,新復里,412,330155,801,578,354,980,802.92,100.20
苗栗縣,苑裡鎮,中正里,637,465710,731,537,342,878,735.72,100.63
苗栗縣,苑裡鎮,苑港里,322,203320,631,488,337,769,513.13,81.27
苗栗縣,苑裡鎮,房裡里,654,423282,647,505,323,805,546.84,84.49
苗栗縣,通霄鎮,通東里,340,242164,712,572,341,864,648.42,91.04
苗栗縣,通霄鎮,通西里,580,459234,792,594,354,991,902.37,113.97
苗栗縣,通霄鎮,平元里,593,429927,725,587,374,972,544.44,75.09
苗栗縣,通霄鎮,圳頭里,163,96571,592,470,313,710,481.03,81.19
苗栗縣,通霄鎮,梅南里,432,282058,653,505,325,821,563.56,86.32
苗栗縣,通霄鎮,通灣里,641,422585,659,533,338,844,467.59,70.93
苗栗縣,通霄鎮,新埔里,307,186193,606,495,306,779,448.26,73.91
苗栗縣,通霄鎮,白東里,423,304229,719,552,367,858,605.15,84.14
苗栗縣,通霄鎮,白西里,193,119535,619,543,346,740,434.59,70.17
苗栗縣,通霄鎮,內島里,209,141450,677,581,378,811,458.00,67.67
苗栗縣,通霄鎮,烏眉里,210,165134,786,572,366,910,890.67,113.27
苗栗縣,通霄鎮,楓樹里,91,63724,700,471,302,844,803.28,114.71
苗栗縣,通霄鎮,內湖里,498,328353,659,550,336,816,490.02,74.32
苗栗縣,通霄鎮,福源里,183,139809,764,573,384,914,665.64,87.13
苗栗縣,通霄鎮,城北里,172,123646,719,513,366,854,623.53,86.74
苗栗縣,通霄鎮,城南里,207,164730,796,543,321,991,776.68,97.60
苗栗縣,通霄鎮,南和里,175,126930,725,609,370,890,586.62,80.88
苗栗縣,通霄鎮,福興里,137,94688,691,544,327,876,614.52,88.91
苗栗縣,通霄鎮,坪頂里,314,210035,669,543,331,831,542.87,81.16
苗栗縣,通霄鎮,五北里,345,231222,670,543,362,839,491.67,73.36
苗栗縣,通霄鎮,五南里,377,276859,734,501,331,826,1624.26,221.18
苗栗縣,通霄鎮,福龍里,86,52601,612,441,321,739,503.02,82.24
苗栗縣,通霄鎮,通南里,792,488855,617,504,331,772,474.16,76.82
苗栗縣,通霄鎮,平安里,608,460053,757,583,364,984,593.95,78.50
苗栗縣,公館鄉,館中村,503,390767,777,613,373,1012,648.99,83.54
苗栗縣,公館鄉,館南村,1140,884128,776,615,406,1001,571.51,73.69
苗栗縣,公館鄉,中義村,695,560205,806,646,392,1005,699.37,86.77
苗栗縣,公館鄉,玉泉村,787,704351,895,663,389,1169,873.13,97.56
苗栗縣,公館鄉,大坑村,276,191082,692,555,386,906,528.89,76.39
苗栗縣,公館鄉,福基村,269,189990,706,580,357,971,488.67,69.19
苗栗縣,公館鄉,福德村,96,76285,795,608,426,1066,572.42,72.04
苗栗縣,公館鄉,福星村,645,483427,749,607,382,1004,538.31,71.82
苗栗縣,公館鄉,石墻村,431,300650,698,542,351,888,547.50,78.49
苗栗縣,公館鄉,開礦村,69,46199,670,463,272,847,654.53,97.76
苗栗縣,公館鄉,五谷村,711,558266,785,624,384,1052,623.52,79.41
苗栗縣,公館鄉,玉谷村,438,342960,783,599,414,984,630.06,80.47
苗栗縣,公館鄉,鶴岡村,527,398390,756,577,374,1021,595.20,78.73
苗栗縣,公館鄉,鶴山村,425,309404,728,565,373,945,586.00,80.49
苗栗縣,公館鄉,尖山村,440,365179,830,621,395,1057,912.23,109.91
苗栗縣,公館鄉,仁安村,358,278403,778,578,366,958,694.75,89.34
苗栗縣,公館鄉,南河村,50,42190,844,566,428,880,950.11,112.60
苗栗縣,公館鄉,北河村,75,53223,710,508,376,791,580.60,81.82
苗栗縣,公館鄉,館東村,743,613588,826,600,382,1093,722.14,87.44
苗栗縣,銅鑼鄉,福興村,294,217605,740,567,360,930,574.10,77.57
苗栗縣,銅鑼鄉,銅鑼村,1529,1146929,750,589,374,966,594.24,79.22
苗栗縣,銅鑼鄉,朝陽村,542,382833,706,552,355,871,550.50,77.94
苗栗縣,銅鑼鄉,竹森村,310,243167,784,600,368,906,1194.80,152.32
苗栗縣,銅鑼鄉,九湖村,309,220220,713,553,382,910,495.60,69.54
苗栗縣,銅鑼鄉,樟樹村,387,288377,745,605,384,928,682.20,91.55
苗栗縣,銅鑼鄉,興隆村,121,87766,725,581,370,896,527.43,72.72
苗栗縣,銅鑼鄉,盛隆村,94,75562,804,704,419,1028,536.18,66.70
苗栗縣,銅鑼鄉,新隆村,128,102267,799,716,404,1095,479.18,59.98
苗栗縣,銅鑼鄉,中平村,991,729853,736,587,381,944,561.05,76.18
苗栗縣,三義鄉,廣盛村,1269,971772,766,578,378,943,1181.84,154.33
苗栗縣,三義鄉,双湖村,583,441174,757,601,411,938,553.99,73.21
苗栗縣,三義鄉,双潭村,422,336726,798,568,386,969,1293.24,162.08
苗栗縣,三義鄉,勝興村,1085,750635,692,550,364,853,576.85,83.38
苗栗縣,三義鄉,西湖村,375,264437,705,588,378,911,473.29,67.12
苗栗縣,三義鄉,龍騰村,93,75986,817,550,388,983,896.34,109.70
苗栗縣,三義鄉,鯉魚潭村,296,192519,650,536,366,816,450.66,69.29
苗栗縣,西湖鄉,高埔村,175,158105,903,541,352,913,2834.92,313.79
苗栗縣,西湖鄉,下埔村,154,123854,804,563,353,1014,740.52,92.08
苗栗縣,西湖鄉,五湖村,235,188280,801,640,420,1036,587.39,73.31
苗栗縣,西湖鄉,四湖村,162,127780,789,609,381,1015,760.23,96.38
苗栗縣,西湖鄉,三湖村,230,176808,769,608,387,986,562.93,73.23
苗栗縣,西湖鄉,湖東村,296,217416,735,590,359,916,605.48,82.43
苗栗縣,西湖鄉,二湖村,170,135687,798,594,388,1059,647.05,81.07
苗栗縣,西湖鄉,龍洞村,118,92421,783,577,364,1077,595.31,76.01
苗栗縣,西湖鄉,金獅村,122,102619,841,659,447,1076,618.66,73.55
苗栗縣,頭屋鄉,頭屋村,800,615692,770,585,372,974,896.81,116.53
苗栗縣,頭屋鄉,象山村,568,425934,750,590,380,946,724.45,96.61
苗栗縣,頭屋鄉,北坑村,200,132824,664,530,330,823,517.42,77.91
苗栗縣,頭屋鄉,獅潭村,548,413298,754,587,380,966,615.48,81.61
苗栗縣,頭屋鄉,曲洞村,262,195195,745,604,434,965,479.92,64.42
苗栗縣,頭屋鄉,飛鳳村,97,73136,754,604,352,990,635.34,84.27
苗栗縣,頭屋鄉,明德村,301,216295,719,518,368,977,564.58,78.57
苗栗縣,頭屋鄉,鳴鳳村,73,74038,1014,637,380,1143,1439.41,141.92
苗栗縣,竹南鎮,竹南里,781,772807,990,679,337,1240,1143.77,115.59
苗栗縣,竹南鎮,正南里,971,854797,880,645,340,1150,816.69,92.77
苗栗縣,竹南鎮,新南里,1787,2032014,1137,787,430,1445,1748.58,153.77
苗栗縣,竹南鎮,大厝里,2105,2100192,998,747,412,1294,882.17,88.42
苗栗縣,竹南鎮,營盤里,1324,1301248,983,673,401,1235,960.19,97.70
苗栗縣,竹南鎮,龍鳳里,769,571083,743,562,350,935,708.13,95.35
苗栗縣,竹南鎮,山佳里,1706,1584402,929,685,419,1179,1090.75,117.45
苗栗縣,竹南鎮,中港里,347,323930,934,639,379,1170,1042.73,111.70
苗栗縣,竹南鎮,聖福里,1339,1379953,1031,703,394,1312,1064.08,103.25
苗栗縣,竹南鎮,竹興里,1076,792998,737,549,350,919,617.32,83.76
苗栗縣,竹南鎮,中華里,1061,939525,886,627,384,1100,843.39,95.24
苗栗縣,竹南鎮,中英里,559,421888,755,575,369,919,726.72,96.29
苗栗縣,竹南鎮,中美里,703,537949,765,569,340,974,684.58,89.46
苗栗縣,竹南鎮,開元里,434,345992,797,639,407,1074,583.67,73.21
苗栗縣,竹南鎮,海口里,1476,1313276,890,656,376,1136,842.76,94.72
苗栗縣,竹南鎮,港墘里,756,627707,830,598,343,1045,764.51,92.08
苗栗縣,竹南鎮,公館里,401,297546,742,560,368,926,772.27,104.08
苗栗縣,竹南鎮,大埔里,1407,1212082,861,609,361,1083,933.50,108.36
苗栗縣,竹南鎮,崎頂里,1334,1084960,813,600,395,980,793.17,97.52
苗栗縣,竹南鎮,頂埔里,759,532062,701,541,337,895,614.61,87.68
苗栗縣,竹南鎮,公義里,348,259247,745,555,354,832,778.34,104.48
苗栗縣,竹南鎮,照南里,1262,1453044,1151,748,403,1456,1244.40,108.08
苗栗縣,竹南鎮,佳興里,1220,1203972,987,692,410,1202,1044.61,105.85
苗栗縣,竹南鎮,天文里,841,772745,919,707,420,1202,747.44,81.35
苗栗縣,竹南鎮,龍山里,876,808007,922,641,392,1198,875.74,94.94
苗栗縣,頭份市,頭份里,1218,978715,804,626,362,1012,718.80,89.45
苗栗縣,頭份市,忠孝里,1192,1163282,976,623,361,1195,2494.91,255.65
苗栗縣,頭份市,仁愛里,501,339779,678,513,306,843,667.05,98.36
苗栗縣,頭份市,信義里,270,230444,853,554,346,994,1305.21,152.93
苗栗縣,頭份市,和平里,354,314884,890,587,317,1051,1104.40,124.16
苗栗縣,頭份市,民族里,746,604741,811,588,372,998,710.49,87.64
苗栗縣,頭份市,土牛里,314,232745,741,561,347,947,605.69,81.71
苗栗縣,頭份市,上興里,685,473003,691,529,352,858,595.54,86.25
苗栗縣,頭份市,下興里,884,666377,754,568,338,954,713.20,94.61
苗栗縣,頭份市,東庄里,1220,1145561,939,643,359,1203,993.62,105.82
苗栗縣,頭份市,田寮里,1599,1379715,863,634,397,1134,736.24,85.32
苗栗縣,頭份市,蟠桃里,2118,2234985,1055,799,446,1361,949.55,89.98
苗栗縣,頭份市,山下里,1446,1386603,959,705,413,1254,857.67,89.44
苗栗縣,頭份市,後庄里,1607,1835507,1142,805,441,1451,1183.24,103.59
苗栗縣,頭份市,新華里,1252,892806,713,546,351,900,609.50,85.47
苗栗縣,頭份市,斗煥里,1038,734991,708,567,369,920,522.60,73.81
苗栗縣,頭份市,興隆里,1578,1585146,1005,679,423,1201,1310.34,130.44
苗栗縣,頭份市,上埔里,887,690164,778,611,376,988,673.73,86.59
苗栗縣,頭份市,珊湖里,550,365327,664,519,308,833,588.28,88.57
苗栗縣,頭份市,流東里,657,467984,712,566,359,885,609.41,85.55
苗栗縣,頭份市,尖山里,475,346873,730,540,355,858,875.47,119.89
苗栗縣,頭份市,廣興里,292,210917,722,537,337,885,674.56,93.39
苗栗縣,頭份市,尖下里,894,623611,698,560,356,934,515.82,73.95
苗栗縣,頭份市,濫坑里,799,532999,667,557,345,874,457.84,68.63
苗栗縣,頭份市,蘆竹里,460,295891,643,524,305,764,572.09,88.94
苗栗縣,頭份市,民權里,780,638200,818,602,366,1029,785.72,96.03
苗栗縣,頭份市,民生里,866,662653,765,592,380,947,715.01,93.44
苗栗縣,頭份市,建國里,1348,1221598,906,671,403,1165,819.18,90.39
苗栗縣,頭份市,成功里,1370,1175842,858,635,381,1137,719.59,83.84
苗栗縣,頭份市,自強里,748,629466,842,594,337,1012,909.33,108.06
苗栗縣,頭份市,合興里,997,1029913,1033,760,459,1326,923.89,89.44
苗栗縣,頭份市,文化里,1407,1545085,1098,802,466,1444,1027.20,93.54
苗栗縣,頭份市,中興里,250,319467,1278,1052,543,1823,990.53,77.51
苗栗縣,造橋鄉,造橋村,715,532286,744,560,345,954,631.37,84.81
苗栗縣,造橋鄉,平興村,142,105393,742,547,344,874,612.07,82.47
苗栗縣,造橋鄉,豐湖村,356,252851,710,548,362,934,559.87,78.83
苗栗縣,造橋鄉,錦水村,168,118546,706,597,374,980,473.48,67.10
苗栗縣,造橋鄉,大西村,1220,880409,722,597,387,936,508.04,70.40
苗栗縣,造橋鄉,大龍村,166,113862,686,548,345,946,511.71,74.60
苗栗縣,造橋鄉,朝陽村,432,295689,684,547,345,882,575.21,84.04
苗栗縣,造橋鄉,談文村,212,137020,646,527,300,799,528.44,81.76
苗栗縣,造橋鄉,龍昇村,274,177676,648,507,354,791,492.09,75.89
苗栗縣,後龍鎮,南龍里,407,313390,770,582,359,949,1021.48,132.66
苗栗縣,後龍鎮,中龍里,250,215575,862,651,383,1136,706.51,81.93
苗栗縣,後龍鎮,北龍里,377,271925,721,573,329,946,570.22,79.06
苗栗縣,後龍鎮,大庄里,1302,1008493,775,572,372,971,728.16,94.01
苗栗縣,後龍鎮,溪洲里,630,455838,724,554,377,866,604.22,83.51
苗栗縣,後龍鎮,豐富里,372,277059,745,575,373,953,582.11,78.16
苗栗縣,後龍鎮,校椅里,262,218738,835,621,366,1119,680.61,81.52
苗栗縣,後龍鎮,埔頂里,819,597281,729,583,378,908,611.93,83.91
苗栗縣,後龍鎮,新民里,414,303691,734,590,381,950,549.85,74.96
苗栗縣,後龍鎮,復興里,191,135059,707,562,320,875,616.86,87.24
苗栗縣,後龍鎮,東明里,407,304632,748,541,356,941,681.02,90.99
苗栗縣,後龍鎮,灣寶里,328,226116,689,544,368,841,579.06,84.00
苗栗縣,後龍鎮,海寶里,221,161476,731,569,377,877,600.79,82.22
苗栗縣,後龍鎮,大山里,418,286588,686,535,358,853,525.53,76.65
苗栗縣,後龍鎮,外埔里,228,169855,745,557,368,861,756.24,101.51
苗栗縣,後龍鎮,海埔里,213,134374,631,498,315,811,507.51,80.45
苗栗縣,後龍鎮,秀水里,157,115240,734,560,385,944,530.24,72.24
苗栗縣,後龍鎮,水尾里,214,134232,627,520,346,790,462.41,73.72
苗栗縣,後龍鎮,龍津里,157,102550,653,519,358,759,482.36,73.85
苗栗縣,後龍鎮,龍坑里,320,243994,762,518,364,916,826.17,108.35
苗栗縣,後龍鎮,福寧里,174,122936,707,584,342,881,540.92,76.56
苗栗縣,後龍鎮,中和里,227,140695,620,491,304,774,463.26,74.74
苗栗縣,後龍鎮,南港里,279,200074,717,606,398,900,666.75,92.98
苗栗縣,三灣鄉,三灣村,688,490377,713,542,330,915,576.71,80.91
苗栗縣,三灣鄉,內灣村,194,129203,666,553,328,869,514.92,77.32
苗栗縣,三灣鄉,銅鏡村,239,178619,747,545,344,923,693.24,92.76
苗栗縣,三灣鄉,頂寮村,59,41734,707,572,382,871,518.77,73.34
苗栗縣,三灣鄉,北埔村,141,83905,595,487,287,805,460.72,77.42
苗栗縣,三灣鄉,大河村,129,91769,711,483,312,938,664.63,93.43
苗栗縣,三灣鄉,大坪村,113,80050,708,566,358,988,494.57,69.81
苗栗縣,三灣鄉,永和村,92,65982,717,548,306,883,736.32,102.67
苗栗縣,南庄鄉,東村,265,179989,679,546,318,906,556.17,81.89
苗栗縣,南庄鄉,西村,150,101840,679,526,332,807,649.72,95.70
苗栗縣,南庄鄉,南江村,257,180332,702,567,347,885,576.80,82.20
苗栗縣,南庄鄉,田美村,191,123190,645,506,339,768,550.18,85.30
苗栗縣,南庄鄉,獅山村,194,129801,669,492,313,808,1015.16,151.72
苗栗縣,南庄鄉,南富村,301,216989,721,501,328,859,968.73,134.38
苗栗縣,南庄鄉,員林村,271,195063,720,522,346,866,626.64,87.06
苗栗縣,南庄鄉,蓬萊村,145,102957,710,482,307,862,967.18,136.21
苗栗縣,南庄鄉,東河村,173,112634,651,570,395,766,437.92,67.26
苗栗縣,大湖鄉,大湖村,420,317891,757,611,389,940,617.64,81.60
苗栗縣,大湖鄉,明湖村,144,102823,714,533,321,918,596.94,83.60
苗栗縣,大湖鄉,靜湖村,447,315516,706,557,364,898,563.07,79.77
苗栗縣,大湖鄉,大寮村,299,220526,738,578,341,889,684.10,92.75
苗栗縣,大湖鄉,富興村,285,197945,695,561,364,885,493.11,71.00
苗栗縣,大湖鄉,大南村,95,64488,679,554,369,861,516.05,76.02
苗栗縣,大湖鄉,南湖村,143,108672,760,538,333,960,712.20,93.72
苗栗縣,大湖鄉,義和村,266,189322,712,584,369,889,581.37,81.68
苗栗縣,大湖鄉,東興村,126,85095,675,560,368,781,684.59,101.37
苗栗縣,大湖鄉,武榮村,106,71936,679,538,389,806,546.56,80.54
苗栗縣,大湖鄉,新開村,211,148829,705,590,351,861,566.31,80.29
苗栗縣,大湖鄉,栗林村,167,116019,695,594,357,826,506.24,72.87
苗栗縣,卓蘭鎮,老庄里,432,302603,700,565,354,874,549.64,78.47
苗栗縣,卓蘭鎮,新榮里,222,156249,704,555,335,902,547.14,77.74
苗栗縣,卓蘭鎮,中街里,183,131954,721,535,355,1002,618.36,85.76
苗栗縣,卓蘭鎮,新厝里,332,225472,679,553,354,884,528.34,77.80
苗栗縣,卓蘭鎮,豐田里,206,137687,668,516,368,833,494.18,73.94
苗栗縣,卓蘭鎮,西坪里,157,112886,719,486,363,787,693.46,96.45
苗栗縣,卓蘭鎮,上新里,459,311262,678,529,355,817,696.61,102.72
苗栗縣,卓蘭鎮,內灣里,430,280613,653,560,337,844,475.62,72.88
苗栗縣,卓蘭鎮,苗豐里,154,114396,743,564,367,818,636.94,85.75
苗栗縣,卓蘭鎮,坪林里,330,227749,690,536,350,863,721.95,104.61
苗栗縣,卓蘭鎮,景山里,191,141078,739,590,342,955,578.03,78.26
苗栗縣,獅潭鄉,百壽村,51,34779,682,583,306,925,483.10,70.84
苗栗縣,獅潭鄉,永興村,113,81383,720,613,368,918,512.35,71.14
苗栗縣,獅潭鄉,新店村,200,132139,661,533,329,804,483.93,73.25
苗栗縣,獅潭鄉,和興村,111,83661,754,565,368,981,645.69,85.67
苗栗縣,獅潭鄉,豐林村,114,78022,684,580,348,907,536.41,78.38
苗栗縣,獅潭鄉,新豐村,74,52444,709,533,319,967,556.30,78.50
苗栗縣,獅潭鄉,竹木村,132,98930,749,571,357,979,610.17,81.41
苗栗縣,泰安鄉,錦水村,179,141019,788,607,417,1029,575.13,73.00
苗栗縣,泰安鄉,清安村,175,122790,702,540,326,952,579.15,82.54
苗栗縣,泰安鄉,大興村,85,64274,756,657,458,891,481.73,63.71
苗栗縣,泰安鄉,象鼻村,78,54970,705,597,417,938,474.01,67.26
苗栗縣,泰安鄉,梅園村,45,34585,769,707,493,988,408.89,53.20
苗栗縣,泰安鄉,八卦村,39,25565,656,586,345,856,424.43,64.75
苗栗縣,泰安鄉,中興村,83,54518,657,540,374,792,462.55,70.42
苗栗縣,泰安鄉,士林村,81,48658,601,590,463,703,299.56,49.87
南投縣,南投市,龍泉里,294,221115,752,557,324,905,720.03,95.74
南投縣,南投市,康壽里,468,419683,897,603,366,985,1922.69,214.40
南投縣,南投市,三民里,252,221840,880,609,363,1058,1001.63,113.78
南投縣,南投市,仁和里,181,132721,733,515,299,887,809.41,110.38
南投縣,南投市,南投里,210,164207,782,550,304,943,789.11,100.92
南投縣,南投市,彰仁里,138,92356,669,478,193,967,639.58,95.57
南投縣,南投市,崇文里,305,250310,821,572,316,962,882.62,107.55
南投縣,南投市,漳興里,828,642668,776,599,355,1003,690.97,89.02
南投縣,南投市,漳和里,2372,1944586,820,583,354,975,1721.48,209.99
南投縣,南投市,軍功里,1366,990700,725,557,355,946,661.72,91.24
南投縣,南投市,東山里,96,71628,746,544,357,1033,592.14,79.36
南投縣,南投市,平和里,1931,1532831,794,585,355,994,748.87,94.34
南投縣,南投市,振興里,573,399229,697,545,338,875,593.21,85.14
南投縣,南投市,千秋里,280,200712,717,613,341,935,538.95,75.19
南投縣,南投市,三興里,1843,1519472,824,605,364,1072,762.51,92.49
南投縣,南投市,三和里,975,815993,837,606,356,1067,791.60,94.59
南投縣,南投市,嘉興里,548,360255,657,499,332,828,602.52,91.65
南投縣,南投市,嘉和里,1427,1085046,760,558,347,965,705.69,92.81
南投縣,南投市,鳳鳴里,143,90313,632,534,349,775,464.85,73.60
南投縣,南投市,鳳山里,256,158700,620,541,332,779,536.31,86.51
南投縣,南投市,平山里,1676,1235479,737,552,344,879,718.89,97.52
南投縣,南投市,新興里,1588,1067557,672,538,340,845,548.61,81.61
南投縣,南投市,永豐里,889,743541,836,517,336,818,5679.52,679.06
南投縣,南投市,福興里,903,613097,679,522,334,794,715.03,105.31
南投縣,南投市,營北里,2244,2318496,1033,719,397,1334,1032.30,99.91
南投縣,南投市,營南里,801,641185,800,597,370,1006,718.56,89.77
南投縣,南投市,內新里,404,319133,790,619,374,1084,638.70,80.85
南投縣,南投市,內興里,2172,2038445,939,679,393,1198,959.77,102.27
南投縣,南投市,光華里,266,209761,789,558,336,883,957.61,121.44
南投縣,南投市,光榮里,337,251439,746,562,308,955,737.84,98.89
南投縣,南投市,光明里,343,275203,802,619,399,1010,604.29,75.32
南投縣,南投市,光輝里,169,142993,846,612,351,1060,977.73,115.56
南投縣,南投市,福山里,469,306892,654,513,360,807,509.00,77.79
南投縣,南投市,永興里,142,102538,722,530,339,858,683.00,94.58
南投縣,埔里鎮,東門里,676,466942,691,500,289,841,655.94,94.96
南投縣,埔里鎮,西門里,795,533129,671,521,306,877,625.84,93.32
南投縣,埔里鎮,南門里,229,181844,794,568,268,1031,865.06,108.94
南投縣,埔里鎮,北門里,599,409760,684,519,306,881,593.52,86.76
南投縣,埔里鎮,薰化里,308,243656,791,526,272,870,1355.96,171.40
南投縣,埔里鎮,清新里,818,568256,695,504,313,890,655.30,94.33
南投縣,埔里鎮,同聲里,495,334085,675,519,285,796,825.18,122.26
南投縣,埔里鎮,大城里,1449,1002121,692,530,310,892,617.31,89.26
南投縣,埔里鎮,籃城里,188,123621,658,517,305,790,615.25,93.57
南投縣,埔里鎮,枇杷里,1810,1339810,740,543,314,927,701.22,94.73
南投縣,埔里鎮,杷城里,662,462083,698,543,325,864,622.45,89.18
南投縣,埔里鎮,水頭里,808,552558,684,506,302,839,681.11,99.60
南投縣,埔里鎮,麒麟里,143,94998,664,505,293,776,621.71,93.58
南投縣,埔里鎮,珠格里,197,144579,734,537,326,859,767.77,104.61
南投縣,埔里鎮,溪南里,228,149254,655,481,296,735,688.67,105.20
南投縣,埔里鎮,桃米里,215,143613,668,519,273,846,585.68,87.68
南投縣,埔里鎮,南村里,274,173824,634,512,312,858,522.06,82.29
南投縣,埔里鎮,愛蘭里,339,266316,786,595,341,937,749.85,95.45
南投縣,埔里鎮,鐵山里,354,227513,643,534,330,779,531.01,82.62
南投縣,埔里鎮,房里里,218,130749,600,473,302,748,520.20,86.73
南投縣,埔里鎮,向善里,103,62196,604,482,269,650,596.42,98.77
南投縣,埔里鎮,一新里,183,121872,666,444,263,706,972.87,146.08
南投縣,埔里鎮,廣成里,186,123076,662,500,309,897,538.60,81.40
南投縣,埔里鎮,史港里,102,69946,686,432,292,788,673.82,98.26
南投縣,埔里鎮,福興里,193,117444,609,410,198,761,914.30,150.25
南投縣,埔里鎮,牛眠里,506,312087,617,488,304,769,561.05,90.97
南投縣,埔里鎮,大湳里,379,296818,783,571,325,1064,778.41,99.39
南投縣,埔里鎮,蜈蚣里,510,333269,653,493,299,849,662.77,101.42
南投縣,埔里鎮,成功里,48,29746,620,491,275,785,508.44,82.05
南投縣,埔里鎮,合成里,214,135978,635,468,257,743,799.59,125.84
南投縣,埔里鎮,北安里,917,667377,728,539,318,932,655.38,90.05
南投縣,埔里鎮,泰安里,569,375562,660,526,307,869,545.91,82.71
南投縣,埔里鎮,北梅里,814,622329,765,591,312,979,911.85,119.27
南投縣,草屯鎮,玉峰里,678,531733,784,575,327,957,816.40,104.10
南投縣,草屯鎮,炎峰里,685,560702,819,604,323,1070,767.04,93.71
南投縣,草屯鎮,和平里,412,324572,788,536,296,979,815.64,103.53
南投縣,草屯鎮,敦和里,1917,1577936,823,560,338,957,1999.80,242.95
南投縣,草屯鎮,山腳里,2509,2334512,930,634,371,1133,1601.84,172.16
南投縣,草屯鎮,富寮里,1905,1508560,792,607,335,1045,691.80,87.36
南投縣,草屯鎮,御史里,1725,1314068,762,549,329,916,878.84,115.37
南投縣,草屯鎮,新豐里,1109,818073,738,541,325,899,728.51,98.76
南投縣,草屯鎮,明正里,1110,857558,773,572,327,980,789.44,102.18
南投縣,草屯鎮,中正里,199,175385,881,577,343,1073,969.98,110.06
南投縣,草屯鎮,碧峰里,1296,980363,756,600,366,928,649.01,85.80
南投縣,草屯鎮,上林里,1023,772355,755,565,337,919,705.29,93.42
南投縣,草屯鎮,新庄里,1022,824245,807,589,352,970,1155.58,143.28
南投縣,草屯鎮,北投里,798,645094,808,524,336,820,2486.04,307.53
南投縣,草屯鎮,石川里,454,326405,719,528,340,858,661.58,92.02
南投縣,草屯鎮,加老里,684,485002,709,536,327,924,625.92,88.27
南投縣,草屯鎮,中原里,573,403926,705,556,333,856,654.03,92.78
南投縣,草屯鎮,北勢里,466,311964,669,533,347,807,551.34,82.36
南投縣,草屯鎮,南埔里,1132,826945,731,541,341,922,701.23,95.99
南投縣,草屯鎮,土城里,375,233335,622,492,324,762,560.05,90.01
南投縣,草屯鎮,坪頂里,206,129555,629,503,319,748,572.78,91.08
南投縣,草屯鎮,雙冬里,420,280049,667,497,321,787,867.58,130.11
南投縣,草屯鎮,復興里,813,634576,781,578,369,917,1438.68,184.32
南投縣,草屯鎮,平林里,215,174506,812,523,355,788,1722.20,212.18
南投縣,草屯鎮,碧洲里,724,561678,776,596,353,933,699.80,90.20
南投縣,草屯鎮,中山里,760,633961,834,610,329,1097,783.13,93.88
南投縣,草屯鎮,新厝里,1018,842702,828,599,366,1031,750.04,90.61
南投縣,竹山鎮,竹山里,564,402202,713,546,319,886,661.16,92.71
南投縣,竹山鎮,中正里,165,115894,702,488,252,854,756.84,107.75
南投縣,竹山鎮,中山里,1116,794309,712,535,301,879,691.08,97.10
南投縣,竹山鎮,雲林里,1005,781666,778,579,342,950,827.99,106.46
南投縣,竹山鎮,硘磘里,417,271385,651,512,323,793,527.40,81.04
南投縣,竹山鎮,桂林里,874,639334,732,534,317,914,850.41,116.25
南投縣,竹山鎮,下坪里,274,218682,798,583,347,1059,682.63,85.53
南投縣,竹山鎮,中和里,220,140410,638,545,328,768,549.82,86.15
南投縣,竹山鎮,中崎里,324,196342,606,520,318,730,525.55,86.73
南投縣,竹山鎮,德興里,147,92315,628,515,281,785,532.43,84.78
南投縣,竹山鎮,延和里,1355,1006206,743,587,347,952,619.08,83.37
南投縣,竹山鎮,延正里,328,213805,652,479,273,790,759.04,116.45
南投縣,竹山鎮,延平里,681,445749,655,536,334,803,521.34,79.65
南投縣,竹山鎮,延山里,152,113692,748,522,312,995,870.40,116.37
南投縣,竹山鎮,山崇里,406,323285,796,584,366,1005,871.52,109.45
南投縣,竹山鎮,社寮里,291,206480,710,545,354,894,561.07,79.07
南投縣,竹山鎮,中央里,262,174338,665,528,344,804,674.95,101.43
南投縣,竹山鎮,富州里,136,80032,588,483,302,743,452.21,76.85
南投縣,竹山鎮,大鞍里,45,29929,665,408,295,556,1008.75,151.67
南投縣,竹山鎮,田子里,97,54386,561,487,298,740,382.27,68.18
南投縣,竹山鎮,福興里,74,44139,596,468,314,769,466.67,78.24
南投縣,竹山鎮,鯉魚里,145,81551,562,452,273,700,466.52,82.95
南投縣,竹山鎮,坪頂里,60,42159,703,510,347,898,608.18,86.55
南投縣,竹山鎮,瑞竹里,87,53930,620,503,282,733,652.15,105.20
南投縣,竹山鎮,桶頭里,113,63784,564,488,252,709,537.10,95.15
南投縣,竹山鎮,秀林里,125,79247,634,555,330,824,445.37,70.25
南投縣,竹山鎮,延祥里,897,580666,647,528,296,849,503.70,77.81
南投縣,竹山鎮,竹圍里,628,419991,669,525,312,830,569.79,85.20
南投縣,集集鎮,集集里,253,191878,758,541,330,934,861.54,113.60
南投縣,集集鎮,和平里,203,163487,805,626,336,1098,735.75,91.36
南投縣,集集鎮,林尾里,123,104949,853,594,387,998,863.97,101.26
南投縣,集集鎮,田寮里,290,218627,754,706,400,999,519.22,68.87
南投縣,集集鎮,隘寮里,103,70376,683,592,341,879,577.64,84.54
南投縣,集集鎮,玉映里,117,79962,683,543,305,857,553.72,81.02
南投縣,集集鎮,吳厝里,195,133608,685,530,301,848,610.52,89.11
南投縣,集集鎮,八張里,333,241225,724,561,351,894,679.32,93.78
南投縣,集集鎮,永昌里,227,206100,908,617,323,1094,1429.17,157.41
南投縣,集集鎮,富山里,105,66574,634,450,262,784,593.14,93.55
南投縣,集集鎮,廣明里,181,140649,777,560,364,924,704.45,90.65
南投縣,名間鄉,南雅村,274,185261,676,526,302,894,561.35,83.02
南投縣,名間鄉,中正村,875,643593,736,576,369,886,700.38,95.22
南投縣,名間鄉,中山村,531,374656,706,516,304,805,943.80,133.77
南投縣,名間鄉,濁水村,328,227763,694,535,327,821,634.04,91.31
南投縣,名間鄉,炭寮村,212,142892,674,513,328,844,624.72,92.69
南投縣,名間鄉,新民村,180,111161,618,514,328,780,459.61,74.42
南投縣,名間鄉,新街村,1199,793254,662,531,330,858,541.25,81.81
南投縣,名間鄉,東湖村,411,289680,705,550,357,897,593.79,84.25
南投縣,名間鄉,仁和村,181,124604,688,528,346,817,832.63,120.95
南投縣,名間鄉,萬丹村,229,162904,711,548,330,888,695.62,97.79
南投縣,名間鄉,田仔村,299,202646,678,527,315,849,583.21,86.05
南投縣,名間鄉,新光村,406,281161,693,556,345,877,568.69,82.12
南投縣,名間鄉,大庄村,359,254577,709,557,330,908,596.48,84.11
南投縣,名間鄉,下村,160,116483,728,550,315,949,628.54,86.34
南投縣,名間鄉,大坑村,160,99632,623,529,298,773,485.49,77.97
南投縣,名間鄉,竹圍村,181,116678,645,527,315,775,596.85,92.59
南投縣,名間鄉,赤水村,208,137881,663,526,318,830,566.86,85.51
南投縣,名間鄉,三崙村,304,232808,766,574,374,912,664.54,86.77
南投縣,名間鄉,松山村,333,225279,677,480,333,790,665.35,98.35
南投縣,名間鄉,松柏村,230,156340,680,520,319,827,644.21,94.77
南投縣,名間鄉,埔中村,185,121584,657,481,325,705,889.27,135.31
南投縣,名間鄉,崁腳村,205,127501,622,497,295,776,518.62,83.39
南投縣,名間鄉,新厝村,160,97811,611,496,306,877,461.20,75.44
南投縣,鹿谷鄉,鹿谷村,437,335854,769,596,340,962,735.00,95.64
南投縣,鹿谷鄉,初鄉村,321,244536,762,495,322,812,1561.72,205.01
南投縣,鹿谷鄉,彰雅村,285,224641,788,556,349,894,1376.14,174.59
南投縣,鹿谷鄉,廣興村,456,348746,765,567,353,972,659.85,86.28
南投縣,鹿谷鄉,內湖村,203,142030,700,513,281,818,799.35,114.25
南投縣,鹿谷鄉,竹林村,221,167764,759,590,358,921,654.31,86.19
南投縣,鹿谷鄉,竹豐村,154,95296,619,516,311,805,501.06,80.97
南投縣,鹿谷鄉,和雅村,109,69797,640,496,290,783,611.45,95.49
南投縣,鹿谷鄉,鳳凰村,305,210195,689,559,342,871,697.04,101.14
南投縣,鹿谷鄉,永隆村,375,269002,717,574,354,901,553.03,77.10
南投縣,鹿谷鄉,秀峰村,150,114410,763,499,328,783,1070.80,140.39
南投縣,鹿谷鄉,清水村,135,92489,685,556,342,845,548.94,80.12
南投縣,鹿谷鄉,瑞田村,126,103883,824,583,370,932,1561.80,189.43
南投縣,中寮鄉,廣興村,147,93466,636,509,320,772,509.76,80.17
南投縣,中寮鄉,崁頂村,92,72351,786,543,343,990,697.73,88.72
南投縣,中寮鄉,和興村,102,63375,621,465,249,756,648.13,104.31
南投縣,中寮鄉,八仙村,165,105918,642,467,275,800,564.00,87.86
南投縣,中寮鄉,福盛村,119,83275,700,494,328,860,611.13,87.33
南投縣,中寮鄉,永平村,400,263504,659,470,280,863,582.07,88.36
南投縣,中寮鄉,復興村,54,37051,686,452,311,1014,526.47,76.73
南投縣,中寮鄉,中寮村,147,97303,662,470,313,763,655.45,99.02
南投縣,中寮鄉,廣福村,93,62692,674,554,348,830,535.98,79.51
南投縣,中寮鄉,永福村,317,226450,714,469,302,867,765.45,107.15
南投縣,中寮鄉,義和村,242,143476,593,506,325,729,441.67,74.50
南投縣,中寮鄉,清水村,145,89297,616,556,307,770,494.39,80.28
南投縣,中寮鄉,龍安村,149,93706,629,512,375,734,500.08,79.52
南投縣,中寮鄉,龍岩村,144,95308,662,477,323,758,630.36,95.24
南投縣,中寮鄉,永和村,90,57507,639,506,292,885,552.15,86.41
南投縣,中寮鄉,內城村,87,58086,668,480,304,804,911.53,136.53
南投縣,中寮鄉,爽文村,111,68604,618,527,359,731,437.20,70.74
南投縣,中寮鄉,永芳村,82,47828,583,498,311,784,453.78,77.80
南投縣,魚池鄉,東池村,342,234073,684,517,324,845,912.72,133.36
南投縣,魚池鄉,魚池村,475,334604,704,565,330,916,623.29,88.48
南投縣,魚池鄉,中明村,180,115837,644,515,353,735,628.45,97.65
南投縣,魚池鄉,新城村,243,158078,651,518,322,812,522.59,80.33
南投縣,魚池鄉,大林村,194,116298,599,465,294,748,481.12,80.26
南投縣,魚池鄉,大雁村,127,102186,805,483,326,887,1281.00,159.21
南投縣,魚池鄉,五城村,158,101798,644,515,322,793,587.63,91.21
南投縣,魚池鄉,東光村,179,143743,803,496,305,831,1447.28,180.23
南投縣,魚池鄉,共和村,151,88193,584,467,283,746,454.83,77.87
南投縣,魚池鄉,水社村,181,142254,786,576,366,869,748.61,95.25
南投縣,魚池鄉,頭社村,168,104132,620,526,371,724,454.26,73.29
南投縣,魚池鄉,武登村,102,71754,703,438,269,757,1086.43,154.44
南投縣,魚池鄉,日月村,158,185993,1177,467,250,730,7339.97,623.52
南投縣,國姓鄉,國姓村,341,225727,662,479,309,779,695.30,105.04
南投縣,國姓鄉,石門村,328,207517,633,501,304,787,513.52,81.17
南投縣,國姓鄉,大旗村,97,59093,609,474,325,757,512.13,84.07
南投縣,國姓鄉,北港村,302,186905,619,465,287,808,545.89,88.20
南投縣,國姓鄉,長流村,255,145931,572,475,316,719,494.73,86.45
南投縣,國姓鄉,福龜村,353,227131,643,455,288,775,629.89,97.90
南投縣,國姓鄉,乾溝村,152,99818,657,526,307,814,554.68,84.47
南投縣,國姓鄉,柑林村,191,103116,540,467,268,726,396.02,73.35
南投縣,國姓鄉,南港村,268,152901,571,488,277,739,474.67,83.20
南投縣,國姓鄉,北山村,230,135411,589,495,296,715,502.71,85.39
南投縣,國姓鄉,大石村,127,80992,638,530,299,790,549.50,86.16
南投縣,國姓鄉,長福村,112,54486,486,345,220,583,577.43,118.70
南投縣,國姓鄉,長豐村,94,59028,628,522,338,697,533.71,84.99
南投縣,水里鄉,水里村,148,87735,593,498,297,774,491.83,82.97
南投縣,水里鄉,農富村,126,79182,628,476,282,876,552.52,87.92
南投縣,水里鄉,新城村,322,191534,595,478,320,773,454.95,76.48
南投縣,水里鄉,中央村,134,92515,690,462,265,928,724.15,104.89
南投縣,水里鄉,城中村,173,130628,755,550,321,905,674.74,89.36
南投縣,水里鄉,北埔村,270,180265,668,535,320,805,582.20,87.20
南投縣,水里鄉,鉅工村,277,223023,805,607,354,1164,686.79,85.30
南投縣,水里鄉,永豐村,318,193672,609,479,301,741,528.80,86.83
南投縣,水里鄉,頂崁村,258,161150,625,507,276,792,523.16,83.76
南投縣,水里鄉,車埕村,85,60204,708,537,320,846,812.54,114.72
南投縣,水里鄉,新興村,101,57445,569,499,367,681,308.92,54.31
南投縣,水里鄉,新山村,37,43212,1168,657,483,1021,1736.86,148.72
南投縣,水里鄉,郡坑村,48,25346,528,449,305,664,332.82,63.03
南投縣,水里鄉,上安村,168,92654,552,487,312,694,382.59,69.37
南投縣,水里鄉,民和村,121,66811,552,430,288,679,428.09,77.53
南投縣,水里鄉,永興村,52,27805,535,477,277,684,381.37,71.32
南投縣,水里鄉,玉峰村,141,81675,579,500,269,753,434.54,75.02
南投縣,水里鄉,興隆村,45,23880,531,441,258,635,382.05,72.00
南投縣,水里鄉,南光村,418,291363,697,536,320,893,600.62,86.17
南投縣,信義鄉,明德村,306,218774,715,588,370,916,546.05,76.38
南投縣,信義鄉,地利村,148,92695,626,571,421,782,369.89,59.06
南投縣,信義鄉,人和村,168,113027,673,608,443,792,415.16,61.71
南投縣,信義鄉,愛國村,92,59431,646,493,341,683,713.00,110.37
南投縣,信義鄉,自強村,121,75082,621,518,306,770,531.15,85.60
南投縣,信義鄉,羅娜村,199,145939,733,598,402,878,523.17,71.34
南投縣,信義鄉,望美村,265,178126,672,570,357,806,500.62,74.48
南投縣,信義鄉,同富村,183,131030,716,598,367,852,592.43,82.74
南投縣,信義鄉,神木村,74,45596,616,514,317,781,615.24,99.85
南投縣,信義鄉,東埔村,158,90757,574,538,349,698,382.17,66.53
南投縣,信義鄉,潭南村,70,41234,589,539,414,711,323.04,54.84
南投縣,信義鄉,雙龍村,67,44893,670,583,420,744,509.78,76.08
南投縣,信義鄉,新鄉村,100,73955,740,624,465,954,455.26,61.56
南投縣,信義鄉,豐丘村,96,61132,637,591,337,845,420.20,65.99
南投縣,仁愛鄉,大同村,324,253242,782,591,349,956,728.84,93.25
南投縣,仁愛鄉,春陽村,154,88602,575,531,346,731,330.87,57.51
南投縣,仁愛鄉,合作村,77,58528,760,583,408,857,632.33,83.19
南投縣,仁愛鄉,發祥村,99,66772,674,586,382,758,459.94,68.19
南投縣,仁愛鄉,力行村,61,43370,711,570,456,925,417.58,58.73
南投縣,仁愛鄉,法治村,80,48467,606,551,345,694,378.46,62.47
南投縣,仁愛鄉,親愛村,206,138514,672,585,362,878,434.47,64.61
南投縣,仁愛鄉,中正村,135,88333,654,568,401,781,449.06,68.63
南投縣,仁愛鄉,互助村,207,158179,764,682,416,1049,452.69,59.24
南投縣,仁愛鄉,新生村,88,55053,626,525,346,724,463.34,74.06
南投縣,仁愛鄉,萬豐村,81,49142,607,544,356,758,360.34,59.39
南投縣,仁愛鄉,精英村,104,64920,624,551,279,821,518.45,83.05
南投縣,仁愛鄉,南豐村,225,160745,714,563,369,853,728.33,101.95
南投縣,仁愛鄉,榮興村,10,5896,590,473,90,985,538.56,91.35
南投縣,仁愛鄉,翠華村,49,24625,503,467,262,627,399.41,79.48
南投縣,仁愛鄉,都達村,48,31839,663,610,350,885,381.74,57.55
彰化縣,彰化市,中正里,498,504722,1013,608,320,1116,3188.20,314.57
彰化縣,彰化市,文化里,413,330178,799,538,307,1016,791.12,98.96
彰化縣,彰化市,新興里,1850,1703900,921,658,375,1137,960.51,104.29
彰化縣,彰化市,下廍里,1793,1802090,1005,674,375,1197,1316.08,130.94
彰化縣,彰化市,民生里,499,512908,1028,682,343,1219,1549.44,150.74
彰化縣,彰化市,興北里,553,475040,859,620,343,1105,836.40,97.37
彰化縣,彰化市,信義里,297,331576,1116,644,322,1225,1723.75,154.40
彰化縣,彰化市,陽明里,609,540540,888,622,348,1106,870.88,98.12
彰化縣,彰化市,萬安里,1420,1241714,874,612,338,1098,1023.70,117.07
彰化縣,彰化市,新華里,509,418831,823,579,364,1022,871.84,105.95
彰化縣,彰化市,光華里,277,248400,897,572,284,1238,881.74,98.33
彰化縣,彰化市,光復里,264,297384,1126,617,303,1210,1547.77,137.40
彰化縣,彰化市,龍山里,673,636611,946,640,368,1156,1135.79,120.07
彰化縣,彰化市,中山里,233,222657,956,607,314,1103,1659.11,173.62
彰化縣,彰化市,永福里,303,415486,1371,679,377,1309,6477.06,472.35
彰化縣,彰化市,永生里,399,302599,758,523,296,914,834.02,109.97
彰化縣,彰化市,桃源里,689,580062,842,531,328,909,1161.79,138.00
彰化縣,彰化市,大同里,339,319908,944,605,294,1115,1241.79,131.59
彰化縣,彰化市,東興里,560,531131,948,601,354,1131,1108.44,116.87
彰化縣,彰化市,卦山里,895,850239,950,609,338,1131,1655.12,174.23
彰化縣,彰化市,彰安里,1007,889403,883,592,339,1043,1099.36,124.47
彰化縣,彰化市,福安里,379,324556,856,639,343,1090,769.47,89.85
彰化縣,彰化市,西安里,965,937675,972,630,382,1144,1392.19,143.28
彰化縣,彰化市,成功里,558,562312,1008,611,350,1193,1460.64,144.94
彰化縣,彰化市,南瑤里,2799,2646951,946,620,352,1098,1438.60,152.12
彰化縣,彰化市,華陽里,572,478743,837,574,331,1041,1115.57,133.29
彰化縣,彰化市,延和里,1771,1785848,1008,627,365,1146,2282.64,226.37
彰化縣,彰化市,延平里,3170,2974907,938,634,363,1139,1076.16,114.67
彰化縣,彰化市,華北里,509,406821,799,565,334,1029,770.75,96.43
彰化縣,彰化市,南興里,2562,2189153,854,613,349,1048,837.54,98.02
彰化縣,彰化市,富貴里,292,223103,764,539,292,993,829.44,108.56
彰化縣,彰化市,介壽里,730,693968,951,647,350,1104,1431.40,150.57
彰化縣,彰化市,光南里,537,510476,951,648,351,1171,1158.61,121.88
彰化縣,彰化市,民權里,332,265280,799,569,319,910,903.08,113.02
彰化縣,彰化市,萬壽里,308,245435,797,544,304,952,1001.63,125.70
彰化縣,彰化市,中央里,295,265967,902,530,304,1003,1653.41,183.39
彰化縣,彰化市,忠孝里,440,498579,1133,667,366,1203,2584.93,228.12
彰化縣,彰化市,五權里,1403,1150834,820,592,354,1018,962.72,117.37
彰化縣,彰化市,西興里,1191,1051431,883,631,339,1121,873.16,98.91
彰化縣,彰化市,忠權里,1079,929628,862,625,337,1133,849.39,98.59
彰化縣,彰化市,長樂里,360,290906,808,527,287,998,910.72,112.70
彰化縣,彰化市,西勢里,1337,1234709,923,614,334,1222,927.06,100.39
彰化縣,彰化市,莿桐里,1093,928647,850,538,307,947,2579.46,303.60
彰化縣,彰化市,南安里,732,482974,660,512,294,793,729.07,110.50
彰化縣,彰化市,東芳里,1109,804877,726,541,332,899,646.06,89.02
彰化縣,彰化市,南美里,612,454775,743,550,335,909,693.38,93.31
彰化縣,彰化市,平和里,1482,1178960,796,568,322,1008,789.90,99.29
彰化縣,彰化市,磚磘里,1073,776692,724,548,325,890,658.94,91.03
彰化縣,彰化市,阿夷里,2877,2672062,929,665,384,1179,966.46,104.06
彰化縣,彰化市,古夷里,760,541298,712,519,317,897,707.40,99.32
彰化縣,彰化市,寶廍里,365,256780,704,511,275,925,687.90,97.78
彰化縣,彰化市,茄苳里,302,219443,727,500,278,859,777.25,106.97
彰化縣,彰化市,茄南里,991,802302,810,571,324,987,936.03,115.62
彰化縣,彰化市,和調里,960,789459,822,585,347,996,844.23,102.66
彰化縣,彰化市,大竹里,1060,835931,789,578,345,989,825.12,104.63
彰化縣,彰化市,竹中里,554,391072,706,547,339,892,589.54,83.52
彰化縣,彰化市,安溪里,603,466188,773,625,380,968,611.73,79.12
彰化縣,彰化市,香山里,1100,876871,797,591,349,1019,710.15,89.09
彰化縣,彰化市,牛埔里,921,618583,672,516,317,838,550.84,82.01
彰化縣,彰化市,三村里,311,218838,704,483,300,813,699.88,99.46
彰化縣,彰化市,國聖里,857,615126,718,511,303,878,800.98,111.59
彰化縣,彰化市,福山里,2184,1567998,718,555,338,888,723.80,100.81
彰化縣,彰化市,中庄里,809,629901,779,569,331,988,709.65,91.14
彰化縣,彰化市,快官里,341,290917,853,576,324,970,1023.88,120.01
彰化縣,彰化市,竹巷里,239,155755,652,529,315,834,502.66,77.13
彰化縣,彰化市,福田里,368,230045,625,475,308,753,518.16,82.89
彰化縣,彰化市,石牌里,289,306855,1062,527,342,865,6014.74,566.48
彰化縣,彰化市,田中里,257,187632,730,527,344,874,647.96,88.75
彰化縣,彰化市,建寶里,813,707355,870,647,349,1131,863.11,99.20
彰化縣,彰化市,復興里,1472,1141799,776,575,322,996,706.50,91.08
彰化縣,彰化市,臺鳳里,1432,954642,667,525,312,858,540.45,81.07
彰化縣,彰化市,向陽里,1922,1906164,992,708,392,1241,1135.25,114.47
彰化縣,彰化市,崙平里,1871,1625436,869,618,355,1044,1522.09,175.20
彰化縣,鹿港鎮,詔安里,610,381118,625,470,287,762,671.70,107.51
彰化縣,鹿港鎮,洋厝里,648,448695,692,536,327,847,799.48,115.46
彰化縣,鹿港鎮,海埔里,1022,686672,672,517,322,847,588.76,87.63
彰化縣,鹿港鎮,山崙里,775,514831,664,481,298,773,698.20,105.10
彰化縣,鹿港鎮,頭南里,675,596618,884,491,294,810,3235.75,366.09
彰化縣,鹿港鎮,草中里,921,642720,698,512,306,866,686.37,98.36
彰化縣,鹿港鎮,廖厝里,1347,926686,688,505,297,827,880.88,128.04
彰化縣,鹿港鎮,溝墘里,1357,1075943,793,529,314,868,1300.67,164.04
彰化縣,鹿港鎮,頭崙里,817,615779,754,508,303,856,896.08,118.89
彰化縣,鹿港鎮,東石里,1327,1000533,754,550,331,904,829.83,110.06
彰化縣,鹿港鎮,頂番里,1251,969164,775,526,329,883,974.01,125.73
彰化縣,鹿港鎮,郭厝里,130,93871,722,535,290,895,601.74,83.33
彰化縣,鹿港鎮,玉順里,328,247805,756,485,290,938,846.98,112.11
彰化縣,鹿港鎮,新宮里,248,149892,604,494,268,762,530.71,87.81
彰化縣,鹿港鎮,順興里,267,210903,790,580,360,959,791.11,100.15
彰化縣,鹿港鎮,中興里,192,132579,691,520,295,883,675.56,97.83
彰化縣,鹿港鎮,景福里,386,317592,823,550,342,1049,832.07,101.13
彰化縣,鹿港鎮,興化里,162,127336,786,548,321,977,702.04,89.31
彰化縣,鹿港鎮,洛津里,231,176625,765,546,293,965,705.06,92.21
彰化縣,鹿港鎮,街尾里,680,569318,837,606,353,964,942.45,112.57
彰化縣,鹿港鎮,泰興里,423,451450,1067,608,347,1091,1980.19,185.54
彰化縣,鹿港鎮,埔崙里,1667,1278146,767,549,343,927,779.66,101.69
彰化縣,鹿港鎮,菜園里,280,195598,699,561,325,919,589.25,84.35
彰化縣,鹿港鎮,長興里,90,66920,744,547,314,931,694.24,93.37
彰化縣,鹿港鎮,東崎里,1547,1110530,718,542,334,853,712.75,99.29
彰化縣,鹿港鎮,龍山里,216,168352,779,498,280,968,1094.18,140.39
彰化縣,鹿港鎮,頂厝里,2582,2449026,948,572,334,973,5945.08,626.79
彰化縣,鹿港鎮,大有里,343,275119,802,595,339,979,779.87,97.23
彰化縣,鹿港鎮,永安里,1502,1319014,878,579,322,1000,1592.60,181.35
彰化縣,和美鎮,竹營里,2199,1786385,812,588,357,978,1052.96,129.62
彰化縣,和美鎮,和東里,1549,1360266,878,561,318,951,2091.92,238.22
彰化縣,和美鎮,和南里,126,91321,725,491,302,854,754.29,104.07
彰化縣,和美鎮,和北里,665,520570,783,552,311,953,1031.40,131.76
彰化縣,和美鎮,和西里,1093,911280,834,604,347,1027,1003.57,120.37
彰化縣,和美鎮,四張里,975,677129,694,530,335,835,678.50,97.70
彰化縣,和美鎮,頭前里,580,395195,681,526,327,874,603.65,88.59
彰化縣,和美鎮,還社里,259,170412,658,524,316,832,618.47,94.00
彰化縣,和美鎮,鎮平里,910,638312,701,515,313,861,691.03,98.52
彰化縣,和美鎮,大霞里,449,319603,712,526,308,826,753.35,105.84
彰化縣,和美鎮,源埤里,557,385378,692,508,300,893,621.14,89.78
彰化縣,和美鎮,南佃里,706,473490,671,497,305,797,697.59,104.02
彰化縣,和美鎮,雅溝里,428,300099,701,507,324,832,692.14,98.71
彰化縣,和美鎮,面前里,755,547462,725,519,311,851,853.03,117.64
彰化縣,和美鎮,山犁里,1840,1480628,805,570,330,990,1051.38,130.66
彰化縣,和美鎮,嘉犁里,651,521488,801,540,317,909,1962.90,245.04
彰化縣,和美鎮,鐵山里,979,794131,811,530,318,852,1216.88,150.02
彰化縣,和美鎮,詔安里,690,503063,729,540,314,865,911.95,125.08
彰化縣,和美鎮,柑井里,1137,899842,791,552,324,916,1615.51,204.13
彰化縣,和美鎮,竹園里,299,197896,662,514,328,813,562.25,84.95
彰化縣,和美鎮,新庄里,800,582607,728,558,334,903,660.83,90.74
彰化縣,和美鎮,犁盛里,774,570209,737,548,331,895,696.24,94.51
彰化縣,和美鎮,中寮里,330,208854,633,490,324,761,522.50,82.56
彰化縣,和美鎮,中圍里,912,624622,685,538,326,855,602.97,88.04
彰化縣,和美鎮,糖友里,1535,1224280,798,592,373,1003,726.56,91.10
彰化縣,和美鎮,塗厝里,582,403817,694,536,329,846,636.34,91.71
彰化縣,和美鎮,地潭里,254,167619,660,551,344,839,471.50,71.45
彰化縣,和美鎮,湖內里,389,247152,635,490,315,780,556.78,87.63
彰化縣,和美鎮,嘉寶里,607,376928,621,465,303,735,589.54,94.94
彰化縣,和美鎮,月眉里,992,646232,651,491,300,827,585.73,89.91
彰化縣,和美鎮,好修里,541,349979,647,519,305,783,603.59,93.30
彰化縣,和美鎮,仁愛里,928,669072,721,538,335,852,722.53,100.21
彰化縣,北斗鎮,光復里,542,435203,803,617,362,1023,689.01,85.81
彰化縣,北斗鎮,新政里,257,208287,810,618,351,1033,674.59,83.24
彰化縣,北斗鎮,重慶里,146,117103,802,650,392,1017,651.33,81.21
彰化縣,北斗鎮,五權里,189,137836,729,562,354,921,640.13,87.77
彰化縣,北斗鎮,七星里,384,293861,765,536,329,894,890.44,116.36
彰化縣,北斗鎮,居仁里,417,315164,756,564,333,964,668.86,88.50
彰化縣,北斗鎮,東光里,614,425943,694,545,318,924,572.27,82.49
彰化縣,北斗鎮,中和里,323,232191,719,510,304,786,1081.06,150.39
彰化縣,北斗鎮,文昌里,870,634077,729,562,330,924,625.49,85.82
彰化縣,北斗鎮,西德里,1350,1093461,810,581,346,991,1161.54,143.40
彰化縣,北斗鎮,西安里,472,412675,874,602,369,1016,1259.91,144.10
彰化縣,北斗鎮,中寮里,622,463762,746,553,325,921,678.40,90.99
彰化縣,北斗鎮,大道里,479,383475,801,592,337,1023,731.83,91.41
彰化縣,北斗鎮,新生里,478,319640,669,509,312,809,739.25,110.55
彰化縣,北斗鎮,大新里,468,321829,688,525,334,804,720.37,104.76
彰化縣,員林市,東和里,303,269140,888,599,341,1040,1285.28,144.70
彰化縣,員林市,民生里,821,625510,762,556,329,927,1217.02,159.74
彰化縣,員林市,中正里,1075,1023459,952,661,398,1143,1029.68,108.15
彰化縣,員林市,新興里,217,197674,911,668,312,1264,857.17,94.10
彰化縣,員林市,仁美里,878,837271,954,636,346,1129,1156.40,121.27
彰化縣,員林市,和平里,979,804543,822,575,333,945,1263.66,153.77
彰化縣,員林市,光明里,254,177935,701,530,283,853,719.12,102.65
彰化縣,員林市,中山里,204,180465,885,581,334,1126,911.37,103.02
彰化縣,員林市,黎明里,534,497906,932,611,341,1026,1997.23,214.20
彰化縣,員林市,惠來里,1881,1613152,858,599,345,1056,926.38,108.02
彰化縣,員林市,三義里,813,624188,768,579,336,958,743.27,96.81
彰化縣,員林市,南平里,1676,1605040,958,651,379,1158,1455.77,152.01
彰化縣,員林市,大埔里,586,398558,680,541,331,870,523.38,76.95
彰化縣,員林市,源潭里,503,376778,749,576,354,999,614.29,82.01
彰化縣,員林市,三條里,897,842607,939,643,380,1128,1007.83,107.29
彰化縣,員林市,三橋里,953,790382,829,616,367,968,949.90,114.53
彰化縣,員林市,溝皂里,723,674277,933,601,373,1017,2518.83,270.08
彰化縣,員林市,中央里,610,462315,758,582,328,941,738.67,97.46
彰化縣,員林市,大饒里,960,762292,794,608,385,992,646.46,81.41
彰化縣,員林市,大明里,665,457975,689,541,319,864,597.41,86.75
彰化縣,員林市,萬年里,1194,1007999,844,596,362,1036,831.48,98.49
彰化縣,員林市,崙雅里,734,515932,703,541,336,868,621.09,88.36
彰化縣,員林市,振興里,737,513533,697,553,352,888,560.09,80.38
彰化縣,員林市,林厝里,750,546470,729,568,340,861,1023.57,140.48
彰化縣,員林市,出水里,397,354590,893,522,356,798,3451.58,386.44
彰化縣,員林市,湖水里,282,203558,722,552,339,869,670.65,92.91
彰化縣,員林市,大峰里,190,114831,604,444,293,722,570.73,94.43
彰化縣,員林市,鎮興里,487,330661,679,561,329,858,556.53,81.97
彰化縣,員林市,浮圳里,646,486480,753,558,344,897,709.51,94.22
彰化縣,員林市,西東里,540,370999,687,561,341,877,544.15,79.20
彰化縣,員林市,南東里,538,363755,676,497,324,805,684.49,101.24
彰化縣,員林市,中東里,471,351979,747,580,340,930,658.30,88.09
彰化縣,員林市,東北里,669,443754,663,530,318,820,529.48,79.82
彰化縣,員林市,新生里,1405,1645490,1171,616,357,1047,6897.94,588.98
彰化縣,員林市,三和里,2063,1870181,907,623,367,1126,1071.34,118.18
彰化縣,員林市,南興里,1389,1047107,754,577,350,933,684.69,90.82
彰化縣,員林市,三愛里,980,1043112,1064,673,404,1129,2794.80,262.57
彰化縣,員林市,三信里,858,847647,988,661,355,1280,1082.52,109.57
彰化縣,員林市,三多里,884,1733523,1961,666,378,1145,15015.46,765.70
彰化縣,員林市,仁愛里,537,577796,1076,643,380,1199,2376.52,220.87
彰化縣,員林市,忠孝里,735,619395,843,628,362,1093,767.17,91.04
彰化縣,溪湖鎮,光平里,352,274169,779,550,313,905,809.23,103.90
彰化縣,溪湖鎮,平和里,222,190914,860,643,351,1131,750.38,87.26
彰化縣,溪湖鎮,太平里,579,506690,875,613,375,1112,879.40,100.49
彰化縣,溪湖鎮,光華里,137,88784,648,512,346,885,465.86,71.88
彰化縣,溪湖鎮,東寮里,1037,803299,775,565,338,943,792.40,102.29
彰化縣,溪湖鎮,西寮里,649,493539,760,566,331,927,884.15,116.26
彰化縣,溪湖鎮,大突里,983,777124,791,578,332,971,837.25,105.90
彰化縣,溪湖鎮,北勢里,343,222418,648,529,296,834,520.03,80.20
彰化縣,溪湖鎮,汴頭里,862,663567,770,595,360,964,773.65,100.50
彰化縣,溪湖鎮,大竹里,775,595900,769,582,347,968,685.44,89.15
彰化縣,溪湖鎮,湖西里,663,510466,770,597,345,985,627.13,81.45
彰化縣,溪湖鎮,田中里,176,116256,661,539,315,854,485.28,73.47
彰化縣,溪湖鎮,河東里,386,236666,613,462,289,730,606.41,98.91
彰化縣,溪湖鎮,中山里,593,428193,722,572,328,929,633.03,87.67
彰化縣,溪湖鎮,中竹里,228,143792,631,517,344,759,452.08,71.68
彰化縣,溪湖鎮,東溪里,335,231448,691,552,311,807,711.08,102.92
彰化縣,溪湖鎮,西溪里,541,397905,735,542,330,843,826.78,112.41
彰化縣,溪湖鎮,湖東里,1346,1028443,764,600,355,963,655.60,85.80
彰化縣,溪湖鎮,頂庄里,178,120712,678,534,299,798,559.35,82.48
彰化縣,溪湖鎮,忠覺里,373,255647,685,521,334,843,552.74,80.65
彰化縣,溪湖鎮,湳底里,151,116584,772,529,324,847,1093.44,141.62
彰化縣,溪湖鎮,大庭里,349,241885,693,574,344,876,522.05,75.32
彰化縣,溪湖鎮,媽厝里,253,164952,652,519,293,824,642.91,98.61
彰化縣,溪湖鎮,西勢里,557,391708,703,562,342,853,601.96,85.60
彰化縣,溪湖鎮,番婆里,422,285895,677,549,339,862,504.43,74.46
彰化縣,田中鎮,香山里,187,122076,653,466,285,850,593.59,90.93
彰化縣,田中鎮,碧峰里,223,159510,715,559,370,901,607.28,84.90
彰化縣,田中鎮,東源里,179,129293,722,587,390,864,522.76,72.37
彰化縣,田中鎮,復興里,374,254694,681,561,364,914,438.16,64.34
彰化縣,田中鎮,平和里,352,240154,682,528,366,832,594.62,87.16
彰化縣,田中鎮,頂潭里,329,249071,757,542,360,890,769.41,101.63
彰化縣,田中鎮,中潭里,482,313087,650,523,322,864,501.90,77.27
彰化縣,田中鎮,龍潭里,140,91291,652,534,332,894,441.76,67.75
彰化縣,田中鎮,北路里,995,832623,837,650,388,1088,685.00,81.86
彰化縣,田中鎮,西路里,699,537622,769,597,357,959,697.58,90.70
彰化縣,田中鎮,東路里,307,238089,776,579,345,997,698.13,90.02
彰化縣,田中鎮,南路里,328,263823,804,581,360,954,965.29,120.01
彰化縣,田中鎮,中路里,622,515230,828,635,387,996,700.10,84.52
彰化縣,田中鎮,新庄里,666,505077,758,616,380,949,626.94,82.67
彰化縣,田中鎮,三安里,353,235151,666,508,341,804,664.08,99.69
彰化縣,田中鎮,大崙里,311,200522,645,503,317,771,499.08,77.41
彰化縣,田中鎮,沙崙里,466,347307,745,562,352,872,726.28,97.45
彰化縣,田中鎮,新民里,1302,966548,742,604,384,947,542.56,73.09
彰化縣,田中鎮,梅州里,303,207927,686,554,318,835,612.35,89.23
彰化縣,田中鎮,三民里,379,268315,708,550,361,896,843.43,119.14
彰化縣,田中鎮,三光里,199,133724,672,545,370,809,708.67,105.46
彰化縣,田中鎮,大社里,198,135323,683,539,333,774,602.39,88.14
彰化縣,二林鎮,東和里,561,468069,834,575,323,1043,985.92,118.17
彰化縣,二林鎮,南光里,900,761713,846,635,366,1077,783.37,92.56
彰化縣,二林鎮,西平里,355,261761,737,602,350,923,562.16,76.24
彰化縣,二林鎮,北平里,775,624273,806,600,351,1002,830.41,103.09
彰化縣,二林鎮,中西里,308,215565,700,554,335,900,559.08,79.88
彰化縣,二林鎮,廣興里,267,172585,646,540,352,791,490.78,75.93
彰化縣,二林鎮,香田里,219,161622,738,575,385,872,603.55,81.78
彰化縣,二林鎮,外竹里,181,120936,668,524,343,822,676.09,101.19
彰化縣,二林鎮,興華里,238,150150,631,513,316,788,493.68,78.25
彰化縣,二林鎮,東興里,401,286938,716,559,367,952,536.59,74.99
彰化縣,二林鎮,後厝里,932,752808,808,608,391,1034,764.73,94.68
彰化縣,二林鎮,豐田里,595,472962,795,600,376,1014,794.67,99.97
彰化縣,二林鎮,頂厝里,260,181525,698,568,354,895,573.55,82.15
彰化縣,二林鎮,趙甲里,266,188081,707,542,302,924,678.99,96.03
彰化縣,二林鎮,振興里,211,133016,630,517,312,771,511.87,81.20
彰化縣,二林鎮,萬興里,161,129766,806,587,368,1014,790.41,98.07
彰化縣,二林鎮,永興里,331,234367,708,520,325,873,700.86,98.98
彰化縣,二林鎮,西庄里,245,166652,680,535,351,791,683.17,100.43
彰化縣,二林鎮,梅芳里,184,126347,687,524,308,852,587.33,85.53
彰化縣,二林鎮,華崙里,815,540436,663,532,316,821,529.46,79.85
彰化縣,二林鎮,東勢里,166,115994,699,518,340,947,582.29,83.33
彰化縣,二林鎮,大永里,162,99485,614,532,347,758,419.35,68.29
彰化縣,二林鎮,萬合里,204,147425,723,582,355,926,545.55,75.49
彰化縣,二林鎮,原斗里,280,198568,709,579,368,910,496.08,69.95
彰化縣,二林鎮,西斗里,228,143522,629,504,297,793,520.65,82.71
彰化縣,二林鎮,東華里,185,133083,719,583,359,884,537.49,74.72
彰化縣,二林鎮,復豐里,129,95116,737,570,344,907,597.65,81.06
彰化縣,線西鄉,線西村,688,468906,682,530,326,825,656.69,96.35
彰化縣,線西鄉,頂庄村,363,220941,609,464,296,725,551.91,90.68
彰化縣,線西鄉,寓埔村,672,463145,689,529,288,876,637.41,92.48
彰化縣,線西鄉,塭仔村,381,274345,720,513,315,869,989.51,137.42
彰化縣,線西鄉,溝內村,323,189278,586,454,276,764,475.79,81.19
彰化縣,線西鄉,下犁村,579,383692,663,469,286,796,708.47,106.91
彰化縣,線西鄉,頂犁村,807,574349,712,534,321,873,694.85,97.63
彰化縣,線西鄉,德興村,434,302019,696,557,330,880,625.05,89.82
彰化縣,伸港鄉,新港村,1678,1205595,718,521,322,833,811.00,112.88
彰化縣,伸港鄉,什股村,650,411362,633,500,315,814,500.40,79.07
彰化縣,伸港鄉,海尾村,554,351022,634,516,298,776,546.72,86.29
彰化縣,伸港鄉,全興村,427,307630,720,506,309,881,1001.49,139.01
彰化縣,伸港鄉,溪底村,573,390366,681,510,332,831,590.64,86.70
彰化縣,伸港鄉,定興村,843,526632,625,495,312,793,500.33,80.09
彰化縣,伸港鄉,泉州村,628,416549,663,525,329,801,551.05,83.08
彰化縣,伸港鄉,泉厝村,404,270636,670,515,330,818,544.48,81.28
彰化縣,伸港鄉,曾家村,455,280391,616,478,318,721,530.47,86.08
彰化縣,伸港鄉,蚵寮村,260,160639,618,474,298,764,554.81,89.80
彰化縣,伸港鄉,埤墘村,450,294234,654,519,327,854,497.12,76.03
彰化縣,伸港鄉,七嘉村,972,660039,679,534,327,849,589.28,86.78
彰化縣,伸港鄉,汴頭村,707,472716,669,477,305,771,740.61,110.77
彰化縣,伸港鄉,大同村,768,565581,736,588,362,976,572.60,77.75
彰化縣,福興鄉,福興村,1127,795426,706,527,319,868,722.04,102.30
彰化縣,福興鄉,外中村,353,237299,672,562,335,865,481.69,71.65
彰化縣,福興鄉,元中村,400,303765,759,545,345,865,717.91,94.53
彰化縣,福興鄉,大崙村,389,287951,740,534,336,889,762.90,103.06
彰化縣,福興鄉,外埔村,447,301960,676,503,331,868,610.07,90.31
彰化縣,福興鄉,三汴村,468,325856,696,527,324,831,607.96,87.32
彰化縣,福興鄉,萬豐村,283,230085,813,499,320,880,1282.16,157.70
彰化縣,福興鄉,番社村,434,302661,697,536,329,827,628.82,90.17
彰化縣,福興鄉,社尾村,360,261172,725,544,339,853,674.41,92.96
彰化縣,福興鄉,番婆村,685,543392,793,532,320,851,2721.27,343.04
彰化縣,福興鄉,橋頭村,862,731778,849,513,304,875,1723.06,202.97
彰化縣,福興鄉,秀厝村,613,384060,627,458,285,768,618.16,98.66
彰化縣,福興鄉,鎮平村,293,200260,683,488,287,846,703.09,102.87
彰化縣,福興鄉,三和村,231,178237,772,556,307,919,777.54,100.77
彰化縣,福興鄉,麥厝村,546,354211,649,481,299,769,608.54,93.80
彰化縣,福興鄉,廈粘村,546,352185,645,512,288,809,555.52,86.12
彰化縣,福興鄉,頂粘村,644,584841,908,519,298,874,1800.31,198.24
彰化縣,福興鄉,福寶村,323,206739,640,441,290,799,627.29,98.01
彰化縣,福興鄉,二港村,362,260741,720,540,296,820,839.85,116.60
彰化縣,福興鄉,福南村,773,594006,768,492,307,817,1672.94,217.71
彰化縣,福興鄉,西勢村,595,393273,661,498,319,843,549.56,83.15
彰化縣,福興鄉,同安村,669,420446,628,506,306,777,549.77,87.48
彰化縣,秀水鄉,秀水村,497,345312,695,504,333,833,630.48,90.74
彰化縣,秀水鄉,安溪村,682,560719,822,568,344,929,1554.96,189.13
彰化縣,秀水鄉,莊雅村,884,698520,790,528,323,908,1453.41,183.93
彰化縣,秀水鄉,陜西村,434,291557,672,553,301,842,542.24,80.72
彰化縣,秀水鄉,金興村,519,391646,755,508,331,844,1475.37,195.51
彰化縣,秀水鄉,安東村,1265,989793,782,548,328,893,1340.38,171.31
彰化縣,秀水鄉,鶴鳴村,1017,741052,729,525,318,886,730.57,100.26
彰化縣,秀水鄉,馬興村,723,528366,731,541,342,861,797.23,109.09
彰化縣,秀水鄉,義興村,421,286245,680,513,309,774,656.21,96.51
彰化縣,秀水鄉,福安村,1458,1115826,765,569,340,952,691.61,90.37
彰化縣,秀水鄉,埔崙村,641,481776,752,571,354,931,673.22,89.57
彰化縣,秀水鄉,曾厝村,551,368677,669,504,341,836,607.13,90.74
彰化縣,秀水鄉,金陵村,543,406639,749,577,360,877,642.90,85.85
彰化縣,秀水鄉,下崙村,619,458606,741,525,323,885,706.65,95.38
彰化縣,花壇鄉,花壇村,1094,785582,718,546,303,934,644.93,89.81
彰化縣,花壇鄉,金墩村,553,390356,706,517,311,786,810.51,114.82
彰化縣,花壇鄉,中庄村,709,503485,710,529,332,848,841.76,118.54
彰化縣,花壇鄉,劉厝村,302,218365,723,547,311,920,667.57,92.32
彰化縣,花壇鄉,崙雅村,415,283163,682,510,303,835,672.14,98.51
彰化縣,花壇鄉,南口村,576,446250,775,580,341,957,763.19,98.51
彰化縣,花壇鄉,岩竹村,375,267859,714,518,313,890,704.95,98.69
彰化縣,花壇鄉,橋頭村,1034,690862,668,504,311,853,571.90,85.59
彰化縣,花壇鄉,灣雅村,254,160664,633,498,290,787,559.44,88.44
彰化縣,花壇鄉,灣東村,231,163576,708,547,302,861,721.62,101.91
彰化縣,花壇鄉,三春村,528,332737,630,504,314,805,534.37,84.80
彰化縣,花壇鄉,永春村,585,385265,659,527,351,792,524.66,79.67
彰化縣,花壇鄉,長春村,451,329306,730,532,331,848,737.19,100.96
彰化縣,花壇鄉,中口村,245,183886,751,533,322,897,660.63,88.02
彰化縣,花壇鄉,北口村,598,428290,716,509,326,806,1523.01,212.65
彰化縣,花壇鄉,長沙村,1705,1332830,782,572,318,975,839.74,107.42
彰化縣,花壇鄉,文德村,961,634521,660,515,314,802,558.34,84.56
彰化縣,花壇鄉,白沙村,1502,1384889,922,558,328,1009,1385.55,150.27
彰化縣,芬園鄉,社口村,686,487000,710,519,330,908,620.13,87.35
彰化縣,芬園鄉,竹林村,470,316605,674,532,347,851,577.29,85.70
彰化縣,芬園鄉,楓坑村,122,66456,545,432,262,626,478.82,87.90
彰化縣,芬園鄉,芬園村,239,151160,632,487,315,794,504.44,79.76
彰化縣,芬園鄉,大埔村,310,187193,604,481,276,788,507.57,84.06
彰化縣,芬園鄉,舊社村,441,275707,625,497,321,792,530.38,84.84
彰化縣,芬園鄉,進芬村,241,180957,751,588,360,966,568.40,75.70
彰化縣,芬園鄉,茄荖村,647,402178,622,487,301,774,524.25,84.34
彰化縣,芬園鄉,嘉興村,426,294599,692,531,310,836,832.02,120.31
彰化縣,芬園鄉,縣庄村,302,200874,665,516,330,841,680.32,102.28
彰化縣,芬園鄉,圳墘村,151,109207,723,467,292,756,1048.38,144.96
彰化縣,芬園鄉,溪頭村,434,303630,700,549,342,836,681.24,97.38
彰化縣,芬園鄉,同安村,251,157865,629,536,335,763,450.44,71.62
彰化縣,芬園鄉,中崙村,192,130827,681,532,342,890,518.33,76.07
彰化縣,芬園鄉,大竹村,248,163214,658,497,333,815,553.79,84.15
彰化縣,大村鄉,大村村,967,742819,768,575,357,933,888.44,115.66
彰化縣,大村鄉,田洋村,293,205676,702,564,367,860,597.91,85.18
彰化縣,大村鄉,南勢村,373,230522,618,495,313,788,453.66,73.40
彰化縣,大村鄉,貢旗村,378,263766,698,552,362,764,674.38,96.64
彰化縣,大村鄉,茄苳村,389,273643,703,545,323,885,598.64,85.10
彰化縣,大村鄉,加錫村,376,252992,673,525,304,808,706.50,105.00
彰化縣,大村鄉,大崙村,353,226292,641,517,342,801,490.69,76.54
彰化縣,大村鄉,新興村,279,181153,649,524,312,776,509.39,78.45
彰化縣,大村鄉,擺塘村,696,527216,757,567,335,914,754.66,99.63
彰化縣,大村鄉,村上村,444,344628,776,566,347,929,901.07,116.09
彰化縣,大村鄉,美港村,980,5065918,5169,548,325,865,63720.58,1232.67
彰化縣,大村鄉,過溝村,836,619050,740,572,350,932,649.52,87.71
彰化縣,大村鄉,大橋村,512,385431,753,552,319,853,922.44,122.53
彰化縣,大村鄉,黃厝村,664,452507,681,534,335,854,566.93,83.19
彰化縣,大村鄉,福興村,588,363632,618,504,327,767,570.49,92.25
彰化縣,大村鄉,平和村,728,494062,679,548,337,827,600.69,88.51
彰化縣,埔鹽鄉,埔鹽村,498,374000,751,530,336,850,780.25,103.89
彰化縣,埔鹽鄉,埔南村,475,338601,713,560,341,906,644.37,90.39
彰化縣,埔鹽鄉,廍子村,363,255563,704,523,336,857,610.33,86.69
彰化縣,埔鹽鄉,出水村,273,198623,728,576,314,893,689.86,94.82
彰化縣,埔鹽鄉,南港村,434,281472,649,524,318,826,495.05,76.33
彰化縣,埔鹽鄉,打廉村,248,177825,717,555,348,828,722.92,100.82
彰化縣,埔鹽鄉,豐澤村,326,213853,656,505,336,802,531.49,81.02
彰化縣,埔鹽鄉,崑崙村,318,239592,753,557,328,933,824.61,109.45
彰化縣,埔鹽鄉,角樹村,202,132258,655,514,343,777,531.70,81.21
彰化縣,埔鹽鄉,瓦磘村,318,218536,687,569,361,843,533.26,77.60
彰化縣,埔鹽鄉,好修村,533,363450,682,521,310,883,601.20,88.17
彰化縣,埔鹽鄉,西湖村,478,341895,715,561,326,930,615.59,86.07
彰化縣,埔鹽鄉,大有村,315,202011,641,482,302,828,564.41,88.01
彰化縣,埔鹽鄉,新興村,123,96151,782,602,344,1001,626.74,80.17
彰化縣,埔鹽鄉,永平村,292,193933,664,506,305,811,570.18,85.85
彰化縣,埔鹽鄉,永樂村,239,186258,779,537,277,980,811.46,104.12
彰化縣,埔鹽鄉,石埤村,264,161309,611,492,321,748,470.75,77.04
彰化縣,埔鹽鄉,天盛村,179,135007,754,522,331,967,646.62,85.73
彰化縣,埔鹽鄉,太平村,329,202854,617,473,295,762,553.11,89.71
彰化縣,埔鹽鄉,新水村,323,204930,634,503,282,812,527.06,83.07
彰化縣,埔鹽鄉,三省村,289,197962,685,562,320,856,552.65,80.68
彰化縣,埔鹽鄉,南新村,343,214462,625,492,293,779,544.80,87.13
彰化縣,埔心鄉,東門村,1072,808408,754,549,346,920,671.50,89.05
彰化縣,埔心鄉,埔心村,347,219513,633,527,303,801,504.52,79.75
彰化縣,埔心鄉,義民村,461,336469,730,547,334,866,1034.10,141.68
彰化縣,埔心鄉,油車村,374,242301,648,508,302,794,560.87,86.57
彰化縣,埔心鄉,瓦北村,467,345903,741,553,307,955,716.45,96.73
彰化縣,埔心鄉,瓦中村,554,388356,701,559,327,855,553.08,78.90
彰化縣,埔心鄉,瓦南村,406,271591,669,518,306,847,562.28,84.05
彰化縣,埔心鄉,太平村,589,414415,704,524,320,879,706.59,100.43
彰化縣,埔心鄉,經口村,692,513627,742,563,348,961,613.40,82.64
彰化縣,埔心鄉,大華村,137,102679,749,537,293,838,866.82,115.66
彰化縣,埔心鄉,仁里村,285,198125,695,544,358,899,587.68,84.54
彰化縣,埔心鄉,舊館村,459,364198,793,555,321,935,892.40,112.47
彰化縣,埔心鄉,南館村,306,197620,646,505,361,750,553.29,85.67
彰化縣,埔心鄉,新館村,214,153046,715,537,330,871,690.88,96.60
彰化縣,埔心鄉,羅厝村,307,183395,597,485,314,698,491.37,82.25
彰化縣,埔心鄉,芎蕉村,471,321041,682,549,374,829,573.54,84.14
彰化縣,埔心鄉,梧鳳村,202,137271,680,515,324,848,584.82,86.06
彰化縣,埔心鄉,二重村,340,232877,685,526,336,840,694.30,101.37
彰化縣,埔心鄉,埤霞村,204,132850,651,526,324,832,526.05,80.78
彰化縣,埔心鄉,埤腳村,233,138836,596,467,296,739,499.09,83.76
彰化縣,永靖鄉,永東村,212,156464,738,584,344,884,585.92,79.39
彰化縣,永靖鄉,永西村,486,398825,821,587,355,939,970.92,118.31
彰化縣,永靖鄉,永北村,631,505467,801,581,362,936,903.49,112.79
彰化縣,永靖鄉,永南村,524,363491,694,520,337,851,618.88,89.22
彰化縣,永靖鄉,港西村,445,289816,651,515,314,841,545.15,83.71
彰化縣,永靖鄉,五福村,335,241889,722,559,349,914,587.30,81.34
彰化縣,永靖鄉,湳港村,296,226431,765,531,297,784,1384.34,180.97
彰化縣,永靖鄉,新莊村,250,188217,753,552,328,885,831.14,110.40
彰化縣,永靖鄉,浮圳村,317,200992,634,517,319,775,530.53,83.67
彰化縣,永靖鄉,瑚璉村,766,548721,716,568,332,894,585.78,81.77
彰化縣,永靖鄉,五汴村,443,376034,849,555,354,887,1300.74,153.24
彰化縣,永靖鄉,光雲村,429,278828,650,500,324,802,530.70,81.65
彰化縣,永靖鄉,東寧村,499,342821,687,507,315,788,662.05,96.37
彰化縣,永靖鄉,永興村,444,328174,739,537,333,846,733.89,99.29
彰化縣,永靖鄉,崙子村,446,318816,715,523,316,869,739.32,103.43
彰化縣,永靖鄉,獨鰲村,184,116377,632,520,338,791,456.86,72.23
彰化縣,永靖鄉,敦厚村,182,132407,728,619,372,924,545.25,74.95
彰化縣,永靖鄉,崙美村,159,107549,676,555,347,802,561.78,83.05
彰化縣,永靖鄉,同安村,171,106521,623,524,312,824,442.99,71.11
彰化縣,永靖鄉,同仁村,169,116130,687,544,323,849,615.01,89.50
彰化縣,永靖鄉,四芳村,157,91938,586,514,338,767,362.63,61.93
彰化縣,永靖鄉,湳墘村,180,105201,584,455,302,769,426.24,72.93
彰化縣,永靖鄉,福興村,249,187735,754,536,331,843,900.48,119.43
彰化縣,永靖鄉,竹子村,297,189603,638,505,334,774,497.91,77.99
彰化縣,社頭鄉,社頭村,803,616841,768,595,363,931,695.57,90.55
彰化縣,社頭鄉,廣興村,1341,893725,666,539,324,836,574.02,86.13
彰化縣,社頭鄉,仁雅村,827,596446,721,566,346,888,736.49,102.12
彰化縣,社頭鄉,崙雅村,288,226009,785,566,373,958,697.07,88.83
彰化縣,社頭鄉,美雅村,318,225779,710,572,360,884,514.50,72.47
彰化縣,社頭鄉,里仁村,256,187510,732,567,399,905,524.94,71.67
彰化縣,社頭鄉,舊社村,435,290857,669,520,330,792,610.04,91.24
彰化縣,社頭鄉,松竹村,278,181187,652,516,292,762,588.12,90.24
彰化縣,社頭鄉,東興村,392,245093,625,514,327,794,470.23,75.21
彰化縣,社頭鄉,廣福村,227,148659,655,537,288,830,529.44,80.85
彰化縣,社頭鄉,橋頭村,547,394882,722,528,325,869,837.47,116.01
彰化縣,社頭鄉,湳底村,445,283998,638,509,325,808,521.39,81.70
彰化縣,社頭鄉,新厝村,372,268188,721,583,353,908,538.23,74.66
彰化縣,社頭鄉,張厝村,310,200109,646,528,298,817,554.69,85.93
彰化縣,社頭鄉,埤斗村,241,173777,721,531,382,861,649.41,90.06
彰化縣,社頭鄉,清水村,322,235698,732,493,305,765,2051.55,280.27
彰化縣,社頭鄉,山湖村,293,203860,696,493,317,764,697.08,100.19
彰化縣,社頭鄉,朝興村,281,215271,766,561,344,876,819.91,107.03
彰化縣,社頭鄉,仁和村,186,123119,662,511,338,793,519.06,78.42
彰化縣,社頭鄉,泰安村,261,187744,719,548,312,884,645.12,89.68
彰化縣,社頭鄉,平和村,242,149045,616,518,323,807,442.69,71.88
彰化縣,社頭鄉,龍井村,199,115730,582,482,334,734,405.16,69.67
彰化縣,社頭鄉,湳雅村,379,259266,684,566,353,841,557.41,81.48
彰化縣,社頭鄉,協和村,577,406688,705,537,326,821,1104.57,156.71
彰化縣,二水鄉,十五村,159,100886,635,508,334,860,460.16,72.52
彰化縣,二水鄉,合和村,210,133777,637,552,335,781,448.59,70.42
彰化縣,二水鄉,上豊村,237,158935,671,557,351,788,621.18,92.63
彰化縣,二水鄉,過圳村,136,91001,669,514,357,858,486.02,72.63
彰化縣,二水鄉,五伯村,150,121474,810,569,361,945,896.14,110.66
彰化縣,二水鄉,光化村,269,205740,765,575,364,979,656.20,85.80
彰化縣,二水鄉,文化村,272,215052,791,575,365,903,932.62,117.96
彰化縣,二水鄉,二水村,244,188476,772,628,426,1019,515.93,66.79
彰化縣,二水鄉,聖化村,135,102065,756,595,334,1030,611.16,80.84
彰化縣,二水鄉,裕民村,257,189506,737,553,360,926,628.36,85.21
彰化縣,二水鄉,惠民村,178,120883,679,596,360,882,422.25,62.18
彰化縣,二水鄉,大園村,165,110875,672,523,321,925,502.47,74.78
彰化縣,二水鄉,修仁村,194,128578,663,535,323,887,530.86,80.10
彰化縣,二水鄉,源泉村,136,106338,782,529,339,906,864.02,110.50
彰化縣,二水鄉,倡和村,113,70453,623,503,324,776,430.50,69.05
彰化縣,二水鄉,復興村,223,139158,624,526,336,780,498.46,79.88
彰化縣,二水鄉,合興村,159,103543,651,521,367,821,464.45,71.32
彰化縣,田尾鄉,田尾村,283,198375,701,544,306,840,681.07,97.16
彰化縣,田尾鄉,豐田村,173,122348,707,591,412,864,537.92,76.06
彰化縣,田尾鄉,饒平村,717,554835,774,579,324,968,735.24,95.01
彰化縣,田尾鄉,北曾村,395,263775,668,518,331,812,640.50,95.91
彰化縣,田尾鄉,南曾村,310,217918,703,527,319,838,861.76,122.59
彰化縣,田尾鄉,睦宜村,246,170662,694,502,302,823,682.11,98.32
彰化縣,田尾鄉,新生村,346,242044,700,531,338,853,559.65,80.00
彰化縣,田尾鄉,北鎮村,306,197164,644,520,309,792,534.19,82.91
彰化縣,田尾鄉,南鎮村,135,101036,748,566,353,911,621.50,83.04
彰化縣,田尾鄉,福田村,176,112676,640,503,286,780,527.77,82.44
彰化縣,田尾鄉,新興村,261,191966,736,544,347,933,624.27,84.88
彰化縣,田尾鄉,打簾村,359,228443,636,447,289,770,629.29,98.89
彰化縣,田尾鄉,溪畔村,288,212565,738,559,325,883,730.01,98.91
彰化縣,田尾鄉,柳鳳村,194,127823,659,517,272,895,547.57,83.11
彰化縣,田尾鄉,陸豐村,173,123636,715,588,322,921,636.87,89.12
彰化縣,田尾鄉,海豐村,285,205564,721,537,341,864,740.61,102.68
彰化縣,田尾鄉,仁里村,346,219473,634,523,319,776,531.91,83.85
彰化縣,田尾鄉,新厝村,61,35466,581,544,321,737,391.62,67.36
彰化縣,田尾鄉,溪頂村,174,127205,731,483,321,854,842.46,115.24
彰化縣,田尾鄉,正義村,227,173047,762,546,317,882,792.12,103.91
彰化縣,埤頭鄉,和豊村,593,404398,682,490,317,836,646.06,94.74
彰化縣,埤頭鄉,興農村,433,315614,729,502,305,842,1065.13,146.13
彰化縣,埤頭鄉,埤頭村,398,294275,739,550,327,965,717.90,97.09
彰化縣,埤頭鄉,豊崙村,566,424085,749,559,351,835,881.37,117.63
彰化縣,埤頭鄉,永豊村,373,292480,784,581,347,939,747.75,95.36
彰化縣,埤頭鄉,崙子村,333,248057,745,590,359,947,626.54,84.11
彰化縣,埤頭鄉,合興村,937,705278,753,544,343,868,1120.48,148.86
彰化縣,埤頭鄉,平原村,609,485709,798,571,357,970,781.42,97.98
彰化縣,埤頭鄉,崙腳村,178,141048,792,563,408,861,788.27,99.48
彰化縣,埤頭鄉,元埔村,129,99073,768,536,360,810,1189.00,154.82
彰化縣,埤頭鄉,芙朝村,342,238311,697,528,335,879,589.09,84.54
彰化縣,埤頭鄉,新庄村,218,171736,788,599,331,937,751.99,95.46
彰化縣,埤頭鄉,陸嘉村,158,111431,705,535,350,904,544.65,77.23
彰化縣,埤頭鄉,竹圍村,266,172335,648,535,301,796,508.47,78.48
彰化縣,埤頭鄉,中和村,315,243096,772,548,316,891,865.56,112.16
彰化縣,埤頭鄉,庄內村,221,156256,707,535,324,867,695.29,98.34
彰化縣,埤頭鄉,大湖村,208,141891,682,515,343,782,558.74,81.91
彰化縣,芳苑鄉,芳苑村,142,100583,708,504,333,801,746.67,105.41
彰化縣,芳苑鄉,芳中村,57,36436,639,581,375,727,482.67,75.51
彰化縣,芳苑鄉,仁愛村,143,104553,731,513,314,935,675.28,92.36
彰化縣,芳苑鄉,信義村,81,71634,884,524,370,827,1514.69,171.27
彰化縣,芳苑鄉,後寮村,215,141541,658,504,364,826,663.17,100.74
彰化縣,芳苑鄉,三合村,560,378455,676,536,327,846,573.35,84.84
彰化縣,芳苑鄉,永興村,217,135306,624,495,344,739,473.53,75.94
彰化縣,芳苑鄉,頂廍村,115,78827,685,518,322,830,579.86,84.60
彰化縣,芳苑鄉,五俊村,63,42861,680,492,331,830,715.66,105.19
彰化縣,芳苑鄉,王功村,318,186540,587,479,318,791,421.50,71.85
彰化縣,芳苑鄉,博愛村,118,74327,630,528,306,850,484.56,76.93
彰化縣,芳苑鄉,和平村,95,56588,596,500,344,789,346.22,58.12
彰化縣,芳苑鄉,興仁村,160,122518,766,563,342,873,1108.32,144.74
彰化縣,芳苑鄉,民生村,113,72557,642,518,313,841,472.99,73.66
彰化縣,芳苑鄉,新寶村,242,140159,579,488,260,775,459.52,79.34
彰化縣,芳苑鄉,漢寶村,664,448189,675,519,306,837,669.76,99.23
彰化縣,芳苑鄉,路上村,114,74606,654,572,431,909,342.42,52.32
彰化縣,芳苑鄉,路平村,138,101882,738,616,389,907,539.95,73.14
彰化縣,芳苑鄉,三成村,147,98865,673,540,339,873,504.45,75.01
彰化縣,芳苑鄉,福榮村,101,62236,616,512,358,850,388.10,62.98
彰化縣,芳苑鄉,新街村,117,77941,666,480,304,791,675.90,101.46
彰化縣,芳苑鄉,草湖村,296,182066,615,517,326,768,458.58,74.56
彰化縣,芳苑鄉,建平村,359,209572,584,485,307,768,526.16,90.13
彰化縣,芳苑鄉,新生村,210,122498,583,450,295,651,634.18,108.72
彰化縣,芳苑鄉,文津村,172,95798,557,461,325,708,394.10,70.76
彰化縣,芳苑鄉,崙腳村,115,76151,662,502,313,745,719.04,108.59
彰化縣,大城鄉,潭墘村,177,134879,762,528,314,924,861.70,113.08
彰化縣,大城鄉,上山村,180,126752,704,594,382,865,530.15,75.29
彰化縣,大城鄉,東城村,276,203844,739,577,356,913,610.19,82.62
彰化縣,大城鄉,大城村,216,144069,667,532,358,842,491.01,73.62
彰化縣,大城鄉,西城村,156,109697,703,573,377,903,560.80,79.75
彰化縣,大城鄉,山腳村,198,136015,687,505,331,871,724.14,105.42
彰化縣,大城鄉,永和村,106,73114,690,518,372,815,549.59,79.68
彰化縣,大城鄉,菜寮村,155,110035,710,530,339,860,631.47,88.95
彰化縣,大城鄉,公館村,150,105794,705,547,312,895,636.63,90.26
彰化縣,大城鄉,頂庄村,100,69248,692,564,384,885,484.73,70.00
彰化縣,大城鄉,臺西村,117,76514,654,519,321,730,702.77,107.46
彰化縣,大城鄉,東港村,186,119908,645,508,314,849,525.85,81.57
彰化縣,大城鄉,西港村,134,90391,675,489,339,777,769.72,114.11
彰化縣,大城鄉,豐美村,150,87866,586,462,307,735,491.66,83.93
彰化縣,大城鄉,三豐村,75,57017,760,499,269,861,924.44,121.60
彰化縣,竹塘鄉,竹元村,243,181824,748,601,359,872,782.36,104.56
彰化縣,竹塘鄉,竹塘村,485,393204,811,639,364,1028,706.26,87.11
彰化縣,竹塘鄉,小西村,161,124410,773,656,354,971,622.04,80.50
彰化縣,竹塘鄉,五庄村,285,202587,711,545,319,903,602.41,84.75
彰化縣,竹塘鄉,樹腳村,121,75768,626,568,348,781,419.87,67.05
彰化縣,竹塘鄉,田頭村,218,149524,686,538,338,859,563.96,82.22
彰化縣,竹塘鄉,新廣村,231,166388,720,581,365,929,544.66,75.62
彰化縣,竹塘鄉,溪墘村,78,49423,634,549,297,837,479.47,75.67
彰化縣,竹塘鄉,竹林村,141,98024,695,526,328,871,589.98,84.86
彰化縣,竹塘鄉,土庫村,104,71558,688,541,301,787,946.37,137.54
彰化縣,竹塘鄉,內新村,108,73014,676,520,313,861,546.61,80.85
彰化縣,竹塘鄉,長安村,131,86425,660,559,321,888,483.77,73.33
彰化縣,竹塘鄉,永安村,85,50785,597,544,307,876,402.97,67.45
彰化縣,竹塘鄉,民靖村,143,121869,852,588,375,1040,1142.85,134.10
彰化縣,溪州鄉,溪厝村,420,290304,691,542,332,881,575.64,83.28
彰化縣,溪州鄉,坑厝村,159,103106,648,565,345,841,436.24,67.27
彰化縣,溪州鄉,瓦厝村,229,165414,722,549,339,878,656.73,90.92
彰化縣,溪州鄉,溪州村,406,354840,874,593,355,926,1653.30,189.17
彰化縣,溪州鄉,尾厝村,473,369858,782,568,370,968,668.16,85.45
彰化縣,溪州鄉,東州村,514,427164,831,582,371,960,1049.51,126.29
彰化縣,溪州鄉,舊眉村,308,227873,740,563,331,892,656.87,88.78
彰化縣,溪州鄉,圳寮村,295,186366,632,498,316,708,653.79,103.49
彰化縣,溪州鄉,西畔村,394,237725,603,519,326,753,443.45,73.50
彰化縣,溪州鄉,成功村,349,227710,652,484,290,783,566.13,86.77
彰化縣,溪州鄉,大庄村,359,246173,686,498,318,845,645.59,94.15
彰化縣,溪州鄉,柑園村,192,137298,715,523,349,797,696.02,97.33
彰化縣,溪州鄉,潮洋村,160,102880,643,501,299,777,529.22,82.31
彰化縣,溪州鄉,張厝村,127,86627,682,529,308,797,612.62,89.81
彰化縣,溪州鄉,菜公村,168,104950,625,507,300,744,597.68,95.67
彰化縣,溪州鄉,三圳村,259,187243,723,551,344,857,686.76,94.99
彰化縣,溪州鄉,三條村,183,130554,713,566,342,880,614.76,86.17
彰化縣,溪州鄉,水尾村,312,232451,745,565,311,926,684.67,91.90
彰化縣,溪州鄉,榮光村,128,94099,735,519,355,698,1568.18,213.32
雲林縣,斗六市,忠孝里,442,366361,829,619,360,1048,1141.99,137.78
雲林縣,斗六市,仁愛里,302,288994,957,572,344,1044,1442.19,150.71
雲林縣,斗六市,信義里,218,191555,879,562,318,1053,1010.23,114.97
雲林縣,斗六市,四維里,200,161913,810,491,272,916,1523.05,188.13
雲林縣,斗六市,太平里,256,218317,853,555,330,1119,999.76,117.23
雲林縣,斗六市,中和里,244,214466,879,648,353,1148,771.91,87.82
雲林縣,斗六市,光興里,246,192510,783,497,294,908,1252.67,160.07
雲林縣,斗六市,三平里,1621,1606337,991,697,404,1267,1046.21,105.58
雲林縣,斗六市,八德里,991,782394,789,603,365,949,871.80,110.42
雲林縣,斗六市,鎮北里,895,712648,796,610,370,1026,672.13,84.41
雲林縣,斗六市,龍潭里,579,728553,1258,816,434,1704,1255.71,99.79
雲林縣,斗六市,鎮南里,1181,982903,832,610,376,1060,734.65,88.27
雲林縣,斗六市,林頭里,1196,979596,819,632,376,1052,724.21,88.42
雲林縣,斗六市,重光里,595,428439,720,539,359,849,669.59,92.99
雲林縣,斗六市,溝埧里,226,192500,852,613,396,1103,720.83,84.63
雲林縣,斗六市,江厝里,599,416596,695,545,371,857,581.23,83.57
雲林縣,斗六市,三光里,117,86277,737,561,345,856,707.08,95.89
雲林縣,斗六市,崙峰里,792,699684,883,645,379,1108,976.06,110.48
雲林縣,斗六市,嘉東里,454,420605,926,686,396,1255,783.03,84.52
雲林縣,斗六市,久安里,676,530985,785,591,361,950,709.37,90.31
雲林縣,斗六市,長平里,460,332514,723,592,379,923,559.05,77.34
雲林縣,斗六市,保庄里,1819,1652922,909,696,409,1203,757.02,83.31
雲林縣,斗六市,虎溪里,1723,2603984,1511,622,386,1053,20221.11,1337.99
雲林縣,斗六市,梅林里,426,348601,818,525,341,759,2162.49,264.26
雲林縣,斗六市,湖山里,250,165226,661,504,362,777,726.21,109.88
雲林縣,斗六市,榴中里,1321,970028,734,573,374,860,942.87,128.40
雲林縣,斗六市,榴北里,280,174823,624,529,351,794,416.23,66.66
雲林縣,斗六市,榴南里,590,417840,708,572,372,917,615.87,86.96
雲林縣,斗六市,長安里,835,588099,704,572,359,846,661.23,93.88
雲林縣,斗六市,溪洲里,902,671051,744,584,381,916,592.36,79.62
雲林縣,斗六市,十三里,264,200952,761,534,327,859,904.87,118.88
雲林縣,斗六市,鎮東里,1695,1487679,878,659,382,1108,789.36,89.94
雲林縣,斗六市,鎮西里,1186,1078553,909,635,361,1126,950.05,104.47
雲林縣,斗六市,社口里,695,559687,805,596,351,1019,756.40,93.93
雲林縣,斗六市,公正里,982,825922,841,619,382,1037,912.22,108.46
雲林縣,斗六市,成功里,823,719483,874,648,368,1109,846.96,96.88
雲林縣,斗六市,明德里,1151,1021666,888,684,398,1137,747.02,84.16
雲林縣,斗六市,公誠里,730,623460,854,623,364,1031,1167.31,136.68
雲林縣,斗南鎮,南昌里,604,466552,772,555,327,909,808.14,104.62
雲林縣,斗南鎮,新光里,683,522431,765,577,360,954,665.39,86.99
雲林縣,斗南鎮,小東里,387,280134,724,557,340,957,585.66,80.91
雲林縣,斗南鎮,大東里,215,136602,635,508,329,760,476.18,74.95
雲林縣,斗南鎮,埤麻里,196,167011,852,571,351,897,2300.86,270.02
雲林縣,斗南鎮,西伯里,218,150480,690,553,343,829,600.50,86.99
雲林縣,斗南鎮,新崙里,321,215245,671,510,320,776,1223.43,182.45
雲林縣,斗南鎮,東仁里,374,289414,774,579,362,977,680.80,87.98
雲林縣,斗南鎮,西岐里,1711,1424700,833,608,360,1033,886.31,106.44
雲林縣,斗南鎮,舊社里,754,602682,799,607,373,1033,644.90,80.68
雲林縣,斗南鎮,田頭里,597,447645,750,593,361,900,636.96,84.95
雲林縣,斗南鎮,中天里,343,253076,738,517,287,898,738.15,100.04
雲林縣,斗南鎮,北銘里,446,338086,758,583,325,957,805.86,106.31
雲林縣,斗南鎮,明昌里,1606,1236591,770,608,369,979,623.50,80.98
雲林縣,斗南鎮,東明里,228,192504,844,576,359,849,1720.19,203.74
雲林縣,斗南鎮,新南里,117,59433,508,418,270,664,397.74,78.30
雲林縣,斗南鎮,阿丹里,219,145763,666,537,332,809,552.51,83.01
雲林縣,斗南鎮,將軍里,402,298841,743,549,343,967,639.46,86.02
雲林縣,斗南鎮,林子里,335,233355,697,554,330,838,604.41,86.77
雲林縣,斗南鎮,石龜里,168,106432,634,571,378,784,379.09,59.84
雲林縣,斗南鎮,石溪里,203,140120,690,508,343,878,555.10,80.42
雲林縣,斗南鎮,靖興里,204,161925,794,595,398,1038,655.32,82.56
雲林縣,虎尾鎮,東仁里,800,737602,922,659,385,1155,865.16,93.84
雲林縣,虎尾鎮,新興里,522,446485,855,594,321,1099,919.60,107.51
雲林縣,虎尾鎮,公安里,920,778915,847,652,384,1079,781.56,92.31
雲林縣,虎尾鎮,德興里,673,532066,791,611,379,1023,655.59,82.92
雲林縣,虎尾鎮,中山里,280,254815,910,620,331,1156,1113.86,122.39
雲林縣,虎尾鎮,西安里,1068,953897,893,661,387,1152,795.74,89.09
雲林縣,虎尾鎮,安慶里,500,443888,888,612,352,1072,948.87,106.88
雲林縣,虎尾鎮,平和里,1445,1593706,1103,934,493,1477,927.33,84.08
雲林縣,虎尾鎮,興南里,658,656785,998,753,399,1347,837.14,83.87
雲林縣,虎尾鎮,新吉里,1204,1216116,1010,749,401,1365,857.94,84.94
雲林縣,虎尾鎮,穎川里,537,450076,838,620,357,1139,748.02,89.25
雲林縣,虎尾鎮,延平里,243,200909,827,609,354,1178,695.21,84.09
雲林縣,虎尾鎮,惠來里,517,343825,665,550,352,843,479.82,72.15
雲林縣,虎尾鎮,頂溪里,560,371123,663,537,341,821,525.04,79.23
雲林縣,虎尾鎮,中溪里,360,236817,658,513,314,880,537.11,81.65
雲林縣,虎尾鎮,下溪里,361,276967,767,571,355,924,744.35,97.02
雲林縣,虎尾鎮,埒內里,649,510709,787,599,380,1019,679.16,86.31
雲林縣,虎尾鎮,堀頭里,199,146784,738,555,333,962,666.58,90.37
雲林縣,虎尾鎮,安溪里,453,338196,747,574,361,1011,597.02,79.97
雲林縣,虎尾鎮,興中里,387,292696,756,549,364,968,665.02,87.93
雲林縣,虎尾鎮,廉使里,766,592707,774,572,357,931,857.85,110.87
雲林縣,虎尾鎮,東屯里,287,209472,730,588,344,974,558.26,76.49
雲林縣,虎尾鎮,西屯里,320,248466,776,602,368,965,612.72,78.91
雲林縣,虎尾鎮,芳草里,163,108107,663,561,347,866,624.11,94.10
雲林縣,虎尾鎮,墾地里,372,315127,847,704,352,1100,688.01,81.22
雲林縣,虎尾鎮,北溪里,172,130693,760,567,388,995,575.49,75.74
雲林縣,虎尾鎮,三合里,283,235374,832,637,384,1067,675.48,81.22
雲林縣,虎尾鎮,建國里,123,83760,681,553,345,901,481.96,70.77
雲林縣,虎尾鎮,立仁里,1194,1073653,899,696,409,1198,729.66,81.14
雲林縣,西螺鎮,振興里,306,238014,778,621,343,958,731.91,94.10
雲林縣,西螺鎮,大園里,417,319913,767,600,350,937,724.38,94.42
雲林縣,西螺鎮,廣福里,617,519457,842,675,402,1083,735.27,87.33
雲林縣,西螺鎮,正興里,764,630915,826,617,352,1070,765.20,92.66
雲林縣,西螺鎮,永安里,93,64567,694,599,338,1026,456.20,65.71
雲林縣,西螺鎮,中和里,152,110976,730,543,333,942,679.85,93.12
雲林縣,西螺鎮,福興里,157,114078,727,562,352,942,649.27,89.36
雲林縣,西螺鎮,光華里,252,236608,939,709,417,1174,855.11,91.07
雲林縣,西螺鎮,新安里,212,149316,704,587,352,882,541.58,76.89
雲林縣,西螺鎮,新豐里,260,182061,700,530,304,911,688.75,98.36
雲林縣,西螺鎮,中興里,703,544717,775,592,357,1014,640.02,82.60
雲林縣,西螺鎮,漢光里,1066,791230,742,606,347,968,606.09,81.66
雲林縣,西螺鎮,詔安里,211,164381,779,578,324,958,696.47,89.40
雲林縣,西螺鎮,河南里,198,165256,835,670,386,1014,742.07,88.91
雲林縣,西螺鎮,安定里,299,247303,827,624,411,1044,691.26,83.58
雲林縣,西螺鎮,福田里,239,186665,781,538,344,894,1066.18,136.51
雲林縣,西螺鎮,吳厝里,227,141433,623,504,304,764,586.64,94.16
雲林縣,西螺鎮,九隆里,148,116916,790,602,368,1052,617.41,78.16
雲林縣,西螺鎮,下湳里,117,85884,734,593,364,974,571.26,77.82
雲林縣,西螺鎮,七座里,145,98582,680,471,308,831,1169.16,171.97
雲林縣,西螺鎮,公館里,250,164044,656,515,338,804,539.10,82.16
雲林縣,西螺鎮,大新里,258,173699,673,559,317,842,563.95,83.77
雲林縣,西螺鎮,埤頭里,155,131901,851,596,391,996,1119.30,131.53
雲林縣,西螺鎮,廣興里,174,154096,886,612,308,1185,903.01,101.96
雲林縣,西螺鎮,東興里,184,123937,674,546,341,874,505.75,75.08
雲林縣,西螺鎮,頂湳里,167,115933,694,537,327,870,604.73,87.11
雲林縣,西螺鎮,鹿場里,330,217974,661,544,323,844,541.70,82.01
雲林縣,土庫鎮,忠正里,226,179537,794,653,365,1053,693.23,87.26
雲林縣,土庫鎮,順天里,225,173529,771,596,373,955,700.02,90.77
雲林縣,土庫鎮,宮北里,352,293531,834,628,362,1013,832.05,99.78
雲林縣,土庫鎮,越港里,289,234678,812,618,344,1117,633.94,78.07
雲林縣,土庫鎮,溪邊里,209,140518,672,547,332,884,492.35,73.23
雲林縣,土庫鎮,興新里,321,250323,780,581,344,1047,744.57,95.48
雲林縣,土庫鎮,奮起里,213,168900,793,560,333,881,1010.71,127.46
雲林縣,土庫鎮,埤腳里,236,167629,710,512,335,900,645.72,90.91
雲林縣,土庫鎮,大荖里,177,137832,779,531,318,967,762.33,97.90
雲林縣,土庫鎮,石廟里,745,630630,846,642,409,1114,690.14,81.53
雲林縣,土庫鎮,東平里,360,270042,750,567,340,962,620.56,82.73
雲林縣,土庫鎮,南平里,371,276706,746,629,395,936,719.27,96.44
雲林縣,土庫鎮,西平里,357,252924,708,552,353,883,588.41,83.05
雲林縣,土庫鎮,北平里,171,125781,736,572,344,924,644.83,87.66
雲林縣,土庫鎮,後埔里,458,300419,656,550,325,834,523.00,79.73
雲林縣,土庫鎮,崙內里,250,174920,700,550,339,862,831.35,118.82
雲林縣,土庫鎮,新庄里,228,173489,761,550,349,894,808.29,106.23
雲林縣,北港鎮,東陽里,181,136610,755,569,317,955,694.33,91.99
雲林縣,北港鎮,光民里,163,112173,688,551,345,874,557.21,80.97
雲林縣,北港鎮,東華里,115,80632,701,492,261,833,712.22,101.58
雲林縣,北港鎮,南安里,207,190060,918,606,366,993,1342.43,146.21
雲林縣,北港鎮,中和里,101,80428,796,526,356,951,878.13,110.27
雲林縣,北港鎮,義民里,101,73929,732,566,329,902,783.28,107.01
雲林縣,北港鎮,共榮里,121,93614,774,514,299,869,929.73,120.17
雲林縣,北港鎮,西勢里,249,192586,773,595,361,961,737.85,95.40
雲林縣,北港鎮,仁和里,151,121009,801,547,262,935,994.18,124.06
雲林縣,北港鎮,賜福里,94,71577,761,584,418,949,722.02,94.82
雲林縣,北港鎮,公館里,131,85478,653,516,303,807,520.93,79.84
雲林縣,北港鎮,大同里,307,227314,740,574,324,980,622.01,84.01
雲林縣,北港鎮,仁安里,128,100197,783,651,317,1131,671.13,85.74
雲林縣,北港鎮,華勝里,1410,1127806,800,625,346,1026,698.89,87.38
雲林縣,北港鎮,光復里,526,453722,863,621,376,1071,836.16,96.94
雲林縣,北港鎮,新街里,1926,1632372,848,648,376,1125,706.74,83.39
雲林縣,北港鎮,劉厝里,290,215251,742,577,315,912,850.32,114.56
雲林縣,北港鎮,後溝里,200,135252,676,533,353,807,548.58,81.12
雲林縣,北港鎮,新厝里,79,47167,597,500,332,792,410.73,68.79
雲林縣,北港鎮,府番里,155,115030,742,593,394,907,559.58,75.40
雲林縣,北港鎮,草湖里,263,185978,707,498,291,846,726.30,102.71
雲林縣,北港鎮,溝皂里,193,132925,689,563,348,772,618.15,89.75
雲林縣,北港鎮,番溝里,139,89126,641,517,310,797,519.19,80.97
雲林縣,北港鎮,大北里,90,61192,680,497,303,824,776.31,114.18
雲林縣,北港鎮,好收里,319,212982,668,505,341,844,540.46,80.95
雲林縣,北港鎮,樹腳里,754,578089,767,598,348,963,831.09,108.40
雲林縣,北港鎮,扶朝里,186,114834,617,504,293,755,489.66,79.31
雲林縣,北港鎮,水埔里,96,72790,758,626,387,967,561.62,74.07
雲林縣,古坑鄉,古坑村,542,381495,704,545,348,846,814.25,115.68
雲林縣,古坑鄉,朝陽村,556,432435,778,585,357,955,893.18,114.84
雲林縣,古坑鄉,西平村,355,262683,740,619,386,938,586.47,79.26
雲林縣,古坑鄉,永光村,470,335408,714,530,330,818,983.37,137.80
雲林縣,古坑鄉,永昌村,459,327522,714,574,342,884,561.04,78.63
雲林縣,古坑鄉,湳仔村,136,88263,649,521,308,879,504.43,77.73
雲林縣,古坑鄉,水碓村,269,178309,663,541,320,814,550.03,82.98
雲林縣,古坑鄉,田心村,273,208495,764,596,385,1039,578.37,75.73
雲林縣,古坑鄉,高林村,252,170004,675,549,356,944,470.47,69.74
雲林縣,古坑鄉,荷苞村,291,225719,776,574,380,900,793.98,102.36
雲林縣,古坑鄉,東和村,766,566412,739,567,356,928,630.58,85.28
雲林縣,古坑鄉,新庄村,284,186947,658,517,324,820,576.79,87.62
雲林縣,古坑鄉,棋盤村,437,308066,705,543,368,872,645.86,91.62
雲林縣,古坑鄉,麻園村,132,87860,666,541,316,829,659.03,99.01
雲林縣,古坑鄉,崁腳村,258,170155,660,537,329,869,489.06,74.15
雲林縣,古坑鄉,華山村,118,88868,753,535,291,984,788.35,104.68
雲林縣,古坑鄉,華南村,58,45943,792,554,359,928,911.32,115.05
雲林縣,古坑鄉,桂林村,183,131974,721,552,326,913,860.34,119.30
雲林縣,古坑鄉,樟湖村,74,52501,709,548,320,910,590.01,83.16
雲林縣,古坑鄉,草嶺村,78,45893,588,509,336,648,507.61,86.27
雲林縣,大埤鄉,北和村,161,134255,834,629,371,1069,812.27,97.41
雲林縣,大埤鄉,南和村,545,380065,697,541,333,889,576.08,82.61
雲林縣,大埤鄉,大德村,204,144810,710,514,335,920,704.99,99.32
雲林縣,大埤鄉,松竹村,206,131958,641,531,343,814,442.84,69.13
雲林縣,大埤鄉,尚義村,408,263853,647,500,306,796,648.27,100.24
雲林縣,大埤鄉,嘉興村,389,269937,694,529,333,816,841.18,121.22
雲林縣,大埤鄉,豐田村,391,294460,753,578,349,952,634.77,84.29
雲林縣,大埤鄉,三結村,266,171583,645,525,318,806,528.09,81.87
雲林縣,大埤鄉,吉田村,151,85774,568,435,308,715,440.22,77.50
雲林縣,大埤鄉,豐岡村,130,86703,667,477,296,892,592.44,88.83
雲林縣,大埤鄉,聯美村,214,153582,718,535,362,812,689.23,96.04
雲林縣,大埤鄉,怡然村,150,127482,850,518,331,933,948.18,111.57
雲林縣,大埤鄉,北鎮村,126,80660,640,495,334,852,586.70,91.65
雲林縣,大埤鄉,興安村,119,85324,717,610,353,953,489.71,68.30
雲林縣,大埤鄉,西鎮村,107,70844,662,535,303,838,548.50,82.84
雲林縣,莿桐鄉,莿桐村,1131,862070,762,578,359,931,723.17,94.88
雲林縣,莿桐鄉,甘厝村,179,113600,635,482,334,755,533.85,84.12
雲林縣,莿桐鄉,甘西村,324,225158,695,515,300,865,632.49,91.01
雲林縣,莿桐鄉,興桐村,274,168867,616,500,303,786,487.09,79.03
雲林縣,莿桐鄉,義和村,212,175805,829,598,365,957,1076.70,129.84
雲林縣,莿桐鄉,埔子村,499,346728,695,567,353,861,548.58,78.95
雲林縣,莿桐鄉,大美村,811,624468,770,638,387,953,600.78,78.02
雲林縣,莿桐鄉,埔尾村,334,216862,649,573,347,773,509.46,78.46
雲林縣,莿桐鄉,饒平村,284,186889,658,542,346,771,506.20,76.92
雲林縣,莿桐鄉,興貴村,453,304028,671,524,314,838,627.77,93.54
雲林縣,莿桐鄉,四合村,383,262137,684,553,362,812,570.17,83.31
雲林縣,莿桐鄉,麻園村,282,195889,695,547,352,812,769.48,110.77
雲林縣,莿桐鄉,五華村,249,143827,578,484,342,746,380.41,65.86
雲林縣,莿桐鄉,六合村,440,290759,661,522,339,811,592.62,89.68
雲林縣,林內鄉,林南村,236,169656,719,580,390,838,555.88,77.33
雲林縣,林內鄉,林中村,1011,682494,675,548,346,840,584.86,86.64
雲林縣,林內鄉,林北村,542,344145,635,541,332,819,468.91,73.85
雲林縣,林內鄉,坪頂村,94,64113,682,508,333,743,735.16,107.79
雲林縣,林內鄉,林茂村,143,101248,708,583,413,903,474.00,66.95
雲林縣,林內鄉,湖本村,149,79293,532,449,310,647,389.58,73.21
雲林縣,林內鄉,九芎村,641,422056,658,547,345,844,482.39,73.26
雲林縣,林內鄉,烏塗村,319,208303,653,559,378,839,460.03,70.45
雲林縣,林內鄉,烏麻村,252,156205,620,507,335,816,455.11,73.42
雲林縣,林內鄉,重興村,418,273544,654,534,337,798,514.21,78.58
雲林縣,二崙鄉,崙東村,335,261177,780,600,362,963,739.88,94.90
雲林縣,二崙鄉,崙西村,352,281401,799,622,377,1029,688.97,86.18
雲林縣,二崙鄉,來惠村,269,205971,766,616,331,976,671.83,87.74
雲林縣,二崙鄉,三和村,270,187659,695,536,318,892,599.71,86.29
雲林縣,二崙鄉,湳仔村,237,154935,654,509,313,817,555.61,84.99
雲林縣,二崙鄉,田尾村,380,275420,725,594,359,908,586.63,80.94
雲林縣,二崙鄉,港後村,294,226615,771,638,375,912,619.09,80.32
雲林縣,二崙鄉,庄西村,130,84219,648,552,303,834,557.72,86.09
雲林縣,二崙鄉,大義村,162,116740,721,569,346,935,544.49,75.56
雲林縣,二崙鄉,大庄村,188,138204,735,567,320,895,650.50,88.49
雲林縣,二崙鄉,復興村,153,105319,688,549,349,866,579.40,84.17
雲林縣,二崙鄉,油車村,398,285980,719,565,338,944,540.75,75.26
雲林縣,二崙鄉,大同村,143,106708,746,565,337,932,688.67,92.29
雲林縣,二崙鄉,大華村,127,95447,752,599,366,931,631.53,84.03
雲林縣,二崙鄉,義庄村,92,65105,708,574,318,969,497.35,70.28
雲林縣,二崙鄉,楊賢村,216,147073,681,562,342,889,493.80,72.52
雲林縣,二崙鄉,定安村,130,89820,691,517,336,928,576.14,83.39
雲林縣,二崙鄉,永定村,252,177405,704,571,348,911,577.41,82.02
雲林縣,崙背鄉,東明村,270,219720,814,520,311,950,905.62,111.29
雲林縣,崙背鄉,西榮村,299,240428,804,519,322,988,1253.90,155.94
雲林縣,崙背鄉,南陽村,629,471711,750,610,343,954,636.06,84.82
雲林縣,崙背鄉,崙前村,406,314183,774,574,358,1011,655.62,84.72
雲林縣,崙背鄉,羅厝村,391,290207,742,536,335,922,759.42,102.32
雲林縣,崙背鄉,港尾村,228,162715,714,595,328,899,592.21,82.98
雲林縣,崙背鄉,阿勸村,332,242188,729,592,341,920,745.67,102.22
雲林縣,崙背鄉,五魁村,152,119554,787,662,370,1052,657.42,83.58
雲林縣,崙背鄉,大有村,273,211163,773,620,342,1051,598.91,77.43
雲林縣,崙背鄉,豐榮村,318,263935,830,610,399,1159,612.81,73.83
雲林縣,崙背鄉,舊庄村,180,130732,726,531,337,886,654.06,90.05
雲林縣,崙背鄉,草湖村,244,162585,666,547,335,823,524.66,78.74
雲林縣,崙背鄉,水尾村,183,123420,674,555,373,858,493.11,73.11
雲林縣,崙背鄉,枋南村,152,105301,693,504,331,830,656.69,94.79
雲林縣,麥寮鄉,麥豐村,1875,1623637,866,740,391,1158,634.92,73.32
雲林縣,麥寮鄉,麥津村,916,773004,844,669,396,1132,641.51,76.02
雲林縣,麥寮鄉,瓦磘村,421,324450,771,664,361,1028,578.75,75.10
雲林縣,麥寮鄉,崙後村,533,412637,774,622,347,1006,654.34,84.52
雲林縣,麥寮鄉,興華村,523,375200,717,579,326,971,558.95,77.91
雲林縣,麥寮鄉,後安村,657,490016,746,570,344,962,625.60,83.88
雲林縣,麥寮鄉,海豐村,450,346148,769,611,358,994,658.03,85.54
雲林縣,麥寮鄉,三盛村,458,355670,777,654,362,1061,583.59,75.15
雲林縣,麥寮鄉,新吉村,218,170935,784,592,332,992,939.29,119.79
雲林縣,麥寮鄉,橋頭村,927,733984,792,637,382,1045,628.57,79.39
雲林縣,麥寮鄉,施厝村,775,672554,868,686,392,1135,1179.78,135.95
雲林縣,麥寮鄉,雷厝村,418,308001,737,555,354,972,582.47,79.05
雲林縣,麥寮鄉,中興村,353,265547,752,574,372,936,652.97,86.80
雲林縣,東勢鄉,東北村,300,225312,751,632,367,966,583.60,77.71
雲林縣,東勢鄉,東南村,332,267624,806,664,422,1003,617.38,76.59
雲林縣,東勢鄉,嘉隆村,285,224437,787,635,371,1029,764.86,97.13
雲林縣,東勢鄉,月眉村,205,171225,835,615,418,1025,677.30,81.09
雲林縣,東勢鄉,復興村,112,89259,797,594,348,905,799.11,100.27
雲林縣,東勢鄉,昌南村,162,117284,724,572,364,948,561.27,77.53
雲林縣,東勢鄉,安南村,156,112224,719,585,373,956,528.35,73.44
雲林縣,東勢鄉,新坤村,186,121912,655,578,320,939,450.47,68.73
雲林縣,東勢鄉,四美村,159,119710,753,533,362,1028,714.91,94.95
雲林縣,東勢鄉,龍潭村,111,79621,717,546,335,956,564.40,78.68
雲林縣,東勢鄉,程海村,87,57672,663,641,310,940,401.26,60.53
雲林縣,東勢鄉,同安村,318,211554,665,550,336,819,551.85,82.95
雲林縣,褒忠鄉,中民村,465,360382,775,580,368,875,859.01,110.84
雲林縣,褒忠鄉,埔姜村,339,248479,733,614,361,931,681.49,92.98
雲林縣,褒忠鄉,中勝村,352,279448,794,599,363,999,733.39,92.38
雲林縣,褒忠鄉,馬鳴村,309,244474,791,600,349,998,722.13,91.27
雲林縣,褒忠鄉,新湖村,215,154777,720,571,336,889,626.95,87.09
雲林縣,褒忠鄉,有才村,159,109947,691,556,312,851,581.13,84.04
雲林縣,褒忠鄉,田洋村,142,89021,627,502,310,788,502.62,80.17
雲林縣,褒忠鄉,龍岩村,203,120932,596,519,302,808,425.26,71.39
雲林縣,褒忠鄉,潮厝村,167,121738,729,563,343,873,710.13,97.41
雲林縣,臺西鄉,臺西村,302,241018,798,661,357,1033,620.21,77.71
雲林縣,臺西鄉,海北村,230,175664,764,599,352,1018,621.67,81.40
雲林縣,臺西鄉,海口村,375,270754,722,598,347,944,537.20,74.40
雲林縣,臺西鄉,海南村,245,177848,726,609,361,948,582.90,80.30
雲林縣,臺西鄉,光華村,144,94800,658,539,345,855,498.60,75.74
雲林縣,臺西鄉,山寮村,138,96214,697,577,365,869,607.46,87.13
雲林縣,臺西鄉,五榔村,76,53461,703,603,388,992,561.45,79.82
雲林縣,臺西鄉,泉州村,115,89502,778,594,374,934,686.15,88.16
雲林縣,臺西鄉,牛厝村,275,179817,654,535,337,855,481.58,73.65
雲林縣,臺西鄉,溪頂村,203,139508,687,523,344,868,606.66,88.28
雲林縣,臺西鄉,永豐村,294,211923,721,594,341,967,535.07,74.23
雲林縣,臺西鄉,富琦村,318,247604,779,631,394,1008,656.46,84.31
雲林縣,臺西鄉,和豐村,487,352915,725,590,349,905,661.09,91.23
雲林縣,臺西鄉,蚊港村,354,252973,715,627,380,901,517.64,72.44
雲林縣,臺西鄉,五港村,316,226560,717,571,356,950,566.07,78.95
雲林縣,元長鄉,長南村,769,596496,776,596,349,928,979.38,126.26
雲林縣,元長鄉,長北村,317,214157,676,537,336,846,546.10,80.84
雲林縣,元長鄉,子茂村,239,179968,753,616,342,989,608.29,80.78
雲林縣,元長鄉,後湖村,128,85678,669,549,312,840,568.25,84.89
雲林縣,元長鄉,山內村,158,101667,643,563,313,763,478.06,74.29
雲林縣,元長鄉,合和村,189,128480,680,539,323,862,561.28,82.57
雲林縣,元長鄉,五塊村,173,127593,738,477,298,817,1071.97,145.35
雲林縣,元長鄉,潭西村,143,83012,581,503,334,738,374.15,64.45
雲林縣,元長鄉,潭東村,94,60503,644,460,294,776,628.83,97.70
雲林縣,元長鄉,客厝村,174,135490,779,588,372,935,744.45,95.60
雲林縣,元長鄉,卓運村,57,39074,686,538,247,1006,655.77,95.66
雲林縣,元長鄉,頂寮村,234,165790,709,569,384,902,494.77,69.83
雲林縣,元長鄉,下寮村,267,180776,677,555,332,965,468.05,69.13
雲林縣,元長鄉,龍岩村,168,124861,743,540,347,907,733.79,98.73
雲林縣,元長鄉,西莊村,160,108885,681,548,339,864,537.86,79.04
雲林縣,元長鄉,鹿北村,191,123043,644,532,296,821,532.01,82.58
雲林縣,元長鄉,鹿南村,143,84064,588,463,297,706,514.12,87.46
雲林縣,元長鄉,瓦磘村,247,174108,705,529,297,856,677.92,96.17
雲林縣,元長鄉,內寮村,92,70958,771,686,362,1071,531.15,68.87
雲林縣,元長鄉,崙仔村,107,71534,669,519,309,781,688.31,102.96
雲林縣,元長鄉,新吉村,126,89012,706,627,352,846,540.19,76.47
雲林縣,四湖鄉,四湖村,376,274416,730,565,374,952,564.73,77.38
雲林縣,四湖鄉,湖西村,548,406496,742,579,361,913,655.08,88.31
雲林縣,四湖鄉,新庄村,108,76856,712,561,351,907,546.94,76.86
雲林縣,四湖鄉,蔡厝村,137,93053,679,585,343,843,507.44,74.71
雲林縣,四湖鄉,湖寮村,154,112919,733,611,408,879,523.52,71.40
雲林縣,四湖鄉,鹿場村,158,107071,678,523,345,869,481.74,71.09
雲林縣,四湖鄉,施湖村,209,137820,659,558,327,822,511.40,77.55
雲林縣,四湖鄉,羊調村,147,102839,700,571,319,827,555.13,79.35
雲林縣,四湖鄉,溪底村,185,128036,692,596,386,905,467.80,67.59
雲林縣,四湖鄉,溪尾村,111,76888,693,514,333,857,579.62,83.68
雲林縣,四湖鄉,崙南村,135,84526,626,528,294,841,485.56,77.55
雲林縣,四湖鄉,崙北村,300,207018,690,564,325,885,609.59,88.34
雲林縣,四湖鄉,內湖村,135,92751,687,537,351,906,564.55,82.17
雲林縣,四湖鄉,子村,121,88015,727,566,340,882,613.72,84.37
雲林縣,四湖鄉,廣溝村,128,77257,604,509,310,764,429.02,71.08
雲林縣,四湖鄉,飛沙村,181,138545,765,564,324,963,924.47,120.78
雲林縣,四湖鄉,三姓村,61,36913,605,568,379,745,371.25,61.35
雲林縣,四湖鄉,林東村,174,125236,720,585,343,934,558.32,77.57
雲林縣,四湖鄉,林厝村,165,116068,703,588,330,943,535.91,76.18
雲林縣,四湖鄉,飛東村,114,70175,616,505,345,841,379.03,61.57
雲林縣,四湖鄉,東村,168,110948,660,546,330,881,498.32,75.46
雲林縣,口湖鄉,下崙村,373,246164,660,508,320,807,582.83,88.31
雲林縣,口湖鄉,崙中村,307,207943,677,535,320,876,658.65,97.24
雲林縣,口湖鄉,崙東村,296,205107,693,534,346,893,604.21,87.20
雲林縣,口湖鄉,青蚶村,90,59000,656,537,361,808,482.88,73.66
雲林縣,口湖鄉,梧北村,192,104428,544,461,327,734,350.23,64.39
雲林縣,口湖鄉,梧南村,322,201996,627,543,307,821,480.24,76.56
雲林縣,口湖鄉,水井村,149,99507,668,505,282,812,858.46,128.54
雲林縣,口湖鄉,湖口村,144,88343,613,483,305,808,503.08,82.00
雲林縣,口湖鄉,後厝村,118,68349,579,501,298,715,512.16,88.42
雲林縣,口湖鄉,過港村,90,49551,551,462,301,690,382.03,69.39
雲林縣,口湖鄉,埔北村,147,102054,694,505,332,863,676.52,97.45
雲林縣,口湖鄉,埔南村,137,96737,706,557,337,893,590.90,83.68
雲林縣,口湖鄉,謝厝村,190,114886,605,502,339,801,423.75,70.08
雲林縣,口湖鄉,頂湖村,123,80326,653,480,298,856,721.32,110.45
雲林縣,口湖鄉,口湖村,250,181148,725,588,332,900,851.48,117.51
雲林縣,口湖鄉,湖東村,259,180485,697,534,356,909,567.18,81.39
雲林縣,口湖鄉,蚵寮村,219,159396,728,570,331,840,720.53,99.00
雲林縣,口湖鄉,港西村,138,94232,683,488,272,881,625.65,91.62
雲林縣,口湖鄉,港東村,242,153381,634,518,328,786,510.99,80.62
雲林縣,口湖鄉,臺子村,266,177769,668,558,324,820,629.70,94.22
雲林縣,口湖鄉,成龍村,150,106997,713,556,332,846,636.50,89.23
雲林縣,水林鄉,水北村,464,334946,722,573,352,920,570.47,79.03
雲林縣,水林鄉,水南村,419,307869,735,565,316,955,746.63,101.61
雲林縣,水林鄉,海埔村,143,91529,640,536,318,796,488.65,76.34
雲林縣,水林鄉,後寮村,111,71475,644,570,384,803,395.67,61.45
雲林縣,水林鄉,春埔村,163,126350,775,622,348,1020,667.55,86.12
雲林縣,水林鄉,西井村,125,80429,643,506,328,821,572.92,89.04
雲林縣,水林鄉,灣西村,140,89172,637,484,292,826,514.08,80.71
雲林縣,水林鄉,灣東村,125,85491,684,601,371,896,478.99,70.03
雲林縣,水林鄉,蘇秦村,175,139421,797,627,306,1156,656.26,82.37
雲林縣,水林鄉,車港村,87,62344,717,632,349,931,511.51,71.38
雲林縣,水林鄉,萬興村,122,81043,664,491,318,721,844.92,127.19
雲林縣,水林鄉,尖山村,106,64842,612,498,312,835,424.13,69.33
雲林縣,水林鄉,大山村,165,103657,628,526,303,787,515.35,82.03
雲林縣,水林鄉,大溝村,144,108026,750,632,402,970,489.09,65.20
雲林縣,水林鄉,順興村,128,86429,675,574,348,858,590.11,87.39
雲林縣,水林鄉,山腳村,146,95398,653,527,342,745,566.56,86.71
雲林縣,水林鄉,蕃薯村,151,92921,615,547,317,742,499.14,81.11
雲林縣,水林鄉,松北村,162,124591,769,601,310,976,690.69,89.81
雲林縣,水林鄉,松中村,87,62068,713,565,377,830,565.95,79.33
雲林縣,水林鄉,松西村,107,69511,650,523,355,801,490.01,75.43
雲林縣,水林鄉,埔村,103,72442,703,537,338,870,648.53,92.21
雲林縣,水林鄉,塭底村,92,65854,716,545,342,933,626.85,87.57
雲林縣,水林鄉,土厝村,237,152260,642,503,313,825,543.79,84.64
雲林縣,水林鄉,溪墘村,130,79152,609,496,288,782,502.31,82.50
嘉義縣,朴子市,安福里,494,403090,816,650,407,1065,604.83,74.12
嘉義縣,朴子市,平和里,683,600153,879,654,416,1108,775.92,88.30
嘉義縣,朴子市,內厝里,297,219577,739,601,358,1002,550.68,74.49
嘉義縣,朴子市,開元里,111,78928,711,605,385,954,466.99,65.67
嘉義縣,朴子市,順天里,167,132757,795,571,362,954,1015.57,127.75
嘉義縣,朴子市,中正里,187,142513,762,519,289,968,767.72,100.74
嘉義縣,朴子市,博厚里,192,163842,853,599,363,1125,739.41,86.65
嘉義縣,朴子市,文化里,530,438549,827,613,358,1040,803.76,97.14
嘉義縣,朴子市,永和里,638,451552,708,556,348,899,575.33,81.29
嘉義縣,朴子市,竹圍里,1294,1080699,835,623,365,1082,755.03,90.41
嘉義縣,朴子市,新寮里,125,82072,657,455,269,755,637.27,97.06
嘉義縣,朴子市,双溪里,107,76184,712,539,375,845,723.08,101.56
嘉義縣,朴子市,溪口里,129,88123,683,565,359,889,516.96,75.68
嘉義縣,朴子市,德興里,233,164298,705,562,377,841,547.32,77.62
嘉義縣,朴子市,仁和里,745,1006285,1351,988,660,1594,1306.37,96.72
嘉義縣,朴子市,大鄉里,834,668818,802,605,368,988,822.06,102.51
嘉義縣,朴子市,大葛里,784,766042,977,735,398,1285,849.48,86.94
嘉義縣,朴子市,佳禾里,135,82606,612,488,282,783,481.34,78.66
嘉義縣,朴子市,竹村里,245,165094,674,553,314,817,627.95,93.19
嘉義縣,朴子市,崁前里,143,84916,594,519,285,834,409.92,69.03
嘉義縣,朴子市,崁後里,114,71659,629,547,368,781,390.98,62.20
嘉義縣,朴子市,順安里,46,22205,483,425,309,623,291.94,60.48
嘉義縣,朴子市,德家里,121,74338,614,458,298,696,542.31,88.27
嘉義縣,朴子市,新庄里,141,93727,665,532,326,829,591.71,89.02
嘉義縣,朴子市,松華里,187,128204,686,544,347,863,518.22,75.59
嘉義縣,朴子市,梅華里,152,107670,708,539,325,890,678.11,95.73
嘉義縣,朴子市,南竹里,74,45453,614,512,341,764,447.51,72.86
嘉義縣,布袋鎮,岱江里,100,66898,669,553,399,856,436.73,65.28
嘉義縣,布袋鎮,九龍里,72,42614,592,512,297,908,428.56,72.41
嘉義縣,布袋鎮,岑海里,390,302457,776,619,408,1010,594.45,76.65
嘉義縣,布袋鎮,興中里,227,172177,758,588,374,877,984.02,129.73
嘉義縣,布袋鎮,光復里,364,281131,772,607,381,946,696.55,90.19
嘉義縣,布袋鎮,見龍里,187,133595,714,621,396,890,526.03,73.63
嘉義縣,布袋鎮,新厝里,175,152087,869,687,382,989,1242.52,142.97
嘉義縣,布袋鎮,龍江里,166,115693,697,581,340,996,470.01,67.44
嘉義縣,布袋鎮,東港里,432,329720,763,625,395,931,722.99,94.73
嘉義縣,布袋鎮,永安里,243,161092,663,558,357,835,465.71,70.25
嘉義縣,布袋鎮,江山里,62,42464,685,585,332,894,506.80,74.00
嘉義縣,布袋鎮,考試里,52,43566,838,563,386,962,863.99,103.13
嘉義縣,布袋鎮,菜舖里,76,53288,701,575,337,1015,491.03,70.03
嘉義縣,布袋鎮,振寮里,150,120622,804,618,392,1039,692.72,86.14
嘉義縣,布袋鎮,西安里,185,129057,698,566,410,864,488.82,70.07
嘉義縣,布袋鎮,東安里,218,152966,702,523,341,798,748.14,106.62
嘉義縣,布袋鎮,中安里,252,168327,668,563,314,824,549.94,82.33
嘉義縣,布袋鎮,樹林里,83,56100,676,484,321,814,594.59,87.97
嘉義縣,布袋鎮,貴舍里,93,68841,740,562,336,1090,540.04,72.96
嘉義縣,布袋鎮,復興里,444,316697,713,557,367,836,620.38,86.98
嘉義縣,布袋鎮,新民里,219,151508,692,525,336,795,605.92,87.58
嘉義縣,布袋鎮,好美里,190,115372,607,502,313,730,481.79,79.34
嘉義縣,布袋鎮,新岑里,190,120893,636,529,396,748,419.99,66.01
嘉義縣,大林鎮,東林里,148,110247,745,539,312,1019,635.39,85.30
嘉義縣,大林鎮,西林里,544,427406,786,602,374,934,810.32,103.14
嘉義縣,大林鎮,吉林里,255,206875,811,611,379,1035,713.83,87.99
嘉義縣,大林鎮,平林里,1654,1404675,849,608,371,1056,826.74,97.35
嘉義縣,大林鎮,明華里,240,197836,824,564,338,1043,1122.62,136.19
嘉義縣,大林鎮,明和里,438,363461,830,613,396,1133,642.39,77.41
嘉義縣,大林鎮,排路里,125,99335,795,535,318,1070,681.15,85.71
嘉義縣,大林鎮,西結里,126,82997,659,512,275,799,712.70,108.20
嘉義縣,大林鎮,湖北里,121,89213,737,606,349,962,583.76,79.18
嘉義縣,大林鎮,大糖里,41,26466,646,529,340,682,557.16,86.31
嘉義縣,大林鎮,大美里,307,212587,692,565,374,827,839.36,121.21
嘉義縣,大林鎮,過溪里,276,201567,730,615,361,951,553.29,75.76
嘉義縣,大林鎮,中坑里,212,154463,729,526,348,905,675.08,92.65
嘉義縣,大林鎮,上林里,130,95773,737,528,345,970,654.07,88.78
嘉義縣,大林鎮,中林里,342,277704,812,544,353,949,891.87,109.84
嘉義縣,大林鎮,三和里,470,328179,698,509,323,885,629.31,90.13
嘉義縣,大林鎮,溝背里,198,139548,705,561,316,987,570.18,80.90
嘉義縣,大林鎮,義和里,136,89310,657,561,335,808,515.85,78.55
嘉義縣,大林鎮,內林里,116,94427,814,528,287,926,1264.63,155.36
嘉義縣,大林鎮,三角里,147,97597,664,512,314,876,496.64,74.80
嘉義縣,大林鎮,三村里,188,136603,727,582,326,826,686.23,94.44
嘉義縣,民雄鄉,東榮村,679,604887,891,672,379,1154,776.97,87.22
嘉義縣,民雄鄉,中樂村,472,401096,850,581,339,1094,817.46,96.20
嘉義縣,民雄鄉,西安村,1009,888596,881,638,368,1142,786.36,89.29
嘉義縣,民雄鄉,寮頂村,545,424432,779,569,345,952,716.15,91.96
嘉義縣,民雄鄉,福權村,420,345173,822,632,390,1068,656.08,79.83
嘉義縣,民雄鄉,東湖村,453,315891,697,537,338,915,558.61,80.11
嘉義縣,民雄鄉,豐收村,539,445526,827,584,327,976,1002.82,121.32
嘉義縣,民雄鄉,頂崙村,354,272324,769,639,362,960,625.02,81.25
嘉義縣,民雄鄉,鎮北村,270,217302,805,578,349,1049,659.38,81.93
嘉義縣,民雄鄉,三興村,380,472347,1243,803,383,1754,1218.77,98.05
嘉義縣,民雄鄉,東興村,81,62845,776,551,341,1015,711.33,91.68
嘉義縣,民雄鄉,菁埔村,391,277584,710,560,355,859,613.43,86.41
嘉義縣,民雄鄉,中和村,268,205010,765,646,368,1042,536.81,70.18
嘉義縣,民雄鄉,西昌村,179,130522,729,536,331,898,720.49,98.81
嘉義縣,民雄鄉,平和村,224,168911,754,611,376,931,695.31,92.21
嘉義縣,民雄鄉,中央村,296,210761,712,576,353,851,552.34,77.57
嘉義縣,民雄鄉,興中村,477,339701,712,586,349,880,564.24,79.23
嘉義縣,民雄鄉,興南村,750,521003,695,559,335,863,540.49,77.80
嘉義縣,民雄鄉,文隆村,693,544218,785,592,353,990,689.11,87.75
嘉義縣,民雄鄉,山中村,896,671621,750,585,346,1014,602.95,80.44
嘉義縣,民雄鄉,福興村,485,331173,683,542,331,864,556.15,81.45
嘉義縣,民雄鄉,松山村,374,257896,690,538,315,799,784.97,113.84
嘉義縣,民雄鄉,雙福村,713,595302,835,633,370,1094,723.14,86.61
嘉義縣,民雄鄉,北斗村,1374,1026858,747,583,355,977,644.34,86.22
嘉義縣,民雄鄉,秀林村,622,441276,709,550,349,868,688.87,97.10
嘉義縣,民雄鄉,大崎村,572,414680,725,538,324,888,767.39,105.85
嘉義縣,民雄鄉,金興村,752,472596,628,530,332,789,463.98,73.83
嘉義縣,民雄鄉,福樂村,1955,1557694,797,595,366,1009,742.54,93.19
嘉義縣,溪口鄉,溪東村,298,202639,680,552,356,875,500.78,73.64
嘉義縣,溪口鄉,溪西村,123,83490,679,486,317,779,638.55,94.07
嘉義縣,溪口鄉,溪北村,122,81530,668,517,372,754,567.93,84.98
嘉義縣,溪口鄉,柴林村,159,115292,725,544,370,930,610.25,84.16
嘉義縣,溪口鄉,林腳村,135,90632,671,512,300,823,630.20,93.87
嘉義縣,溪口鄉,美南村,207,151894,734,577,360,962,572.69,78.05
嘉義縣,溪口鄉,美北村,197,134690,684,529,343,823,601.80,88.02
嘉義縣,溪口鄉,本厝村,185,151731,820,553,333,1007,1209.54,147.47
嘉義縣,溪口鄉,游東村,152,105720,696,527,331,921,566.73,81.48
嘉義縣,溪口鄉,游西村,121,83804,693,538,299,830,776.48,112.11
嘉義縣,溪口鄉,柳溝村,263,173822,661,525,327,779,524.99,79.43
嘉義縣,溪口鄉,疊溪村,218,144587,663,503,292,836,621.68,93.73
嘉義縣,溪口鄉,妙崙村,137,88884,649,530,351,791,575.51,88.71
嘉義縣,溪口鄉,坪頂村,206,146201,710,548,355,880,577.43,81.36
嘉義縣,新港鄉,宮前村,589,531035,902,691,382,1190,783.95,86.95
嘉義縣,新港鄉,宮後村,369,298730,810,617,364,1052,710.16,87.72
嘉義縣,新港鄉,大興村,374,296367,792,590,346,986,719.15,90.75
嘉義縣,新港鄉,福德村,386,341935,886,597,362,1037,1298.94,146.63
嘉義縣,新港鄉,古民村,233,184935,794,577,344,1024,709.49,89.39
嘉義縣,新港鄉,中庄村,276,194723,706,571,352,921,509.41,72.20
嘉義縣,新港鄉,大潭村,330,238554,723,560,321,882,613.21,84.83
嘉義縣,新港鄉,西庄村,154,127681,829,675,395,1067,704.21,84.94
嘉義縣,新港鄉,月眉村,370,309547,837,633,366,1053,1117.00,133.51
嘉義縣,新港鄉,月潭村,339,253211,747,527,346,973,651.43,87.21
嘉義縣,新港鄉,溪北村,254,183405,722,552,370,899,599.69,83.05
嘉義縣,新港鄉,菜公村,199,131903,663,515,309,857,498.71,75.24
嘉義縣,新港鄉,中洋村,248,178119,718,627,373,951,488.62,68.03
嘉義縣,新港鄉,三間村,413,362667,878,744,452,1129,644.54,73.40
嘉義縣,新港鄉,安和村,181,130785,723,527,326,814,1517.76,210.05
嘉義縣,新港鄉,潭大村,232,176486,761,554,368,872,770.80,101.33
嘉義縣,新港鄉,南港村,238,180627,759,593,332,1008,673.87,88.79
嘉義縣,新港鄉,板頭村,98,72641,741,567,332,995,661.80,89.28
嘉義縣,新港鄉,共和村,168,115309,686,560,337,803,588.83,85.79
嘉義縣,新港鄉,埤子村,81,61309,757,670,408,1030,504.83,66.70
嘉義縣,新港鄉,南崙村,127,103719,817,613,383,965,764.70,93.63
嘉義縣,新港鄉,北崙村,78,50390,646,554,329,785,489.54,75.78
嘉義縣,新港鄉,海瀛村,70,53737,768,572,350,880,683.08,88.98
嘉義縣,六腳鄉,蒜東村,175,123734,707,540,402,854,585.33,82.79
嘉義縣,六腳鄉,蒜南村,196,139835,713,540,321,871,689.06,96.58
嘉義縣,六腳鄉,蒜頭村,306,225421,737,578,360,907,619.42,84.08
嘉義縣,六腳鄉,工廠村,60,42685,711,462,293,1135,618.55,86.95
嘉義縣,六腳鄉,灣南村,233,172565,741,584,340,950,577.27,77.94
嘉義縣,六腳鄉,灣北村,201,143986,716,576,342,858,634.82,88.62
嘉義縣,六腳鄉,雙涵村,151,104634,693,535,307,891,584.03,84.28
嘉義縣,六腳鄉,塗師村,100,68221,682,497,344,866,628.14,92.07
嘉義縣,六腳鄉,三義村,116,76715,661,559,344,792,544.47,82.33
嘉義縣,六腳鄉,港美村,151,97890,648,511,338,808,499.27,77.01
嘉義縣,六腳鄉,豐美村,213,137091,644,533,367,766,535.65,83.22
嘉義縣,六腳鄉,六斗村,189,130732,692,604,327,934,539.89,78.05
嘉義縣,六腳鄉,崙陽村,239,169785,710,583,344,904,558.23,78.58
嘉義縣,六腳鄉,蘇厝村,326,230014,706,548,321,906,587.45,83.26
嘉義縣,六腳鄉,竹本村,98,55611,567,508,308,805,352.73,62.16
嘉義縣,六腳鄉,永賢村,60,41890,698,614,316,978,468.07,67.04
嘉義縣,六腳鄉,魚寮村,105,69615,663,546,304,819,523.23,78.92
嘉義縣,六腳鄉,潭墘村,164,120034,732,536,320,949,672.32,91.86
嘉義縣,六腳鄉,正義村,259,174927,675,577,327,870,495.14,73.31
嘉義縣,六腳鄉,溪厝村,118,76896,652,553,362,742,515.75,79.14
嘉義縣,六腳鄉,六南村,98,68156,695,556,351,906,545.24,78.40
嘉義縣,六腳鄉,六腳村,152,106946,704,584,337,889,546.78,77.71
嘉義縣,六腳鄉,崩山村,82,57473,701,550,352,970,518.18,73.93
嘉義縣,六腳鄉,古林村,96,137662,1434,610,391,940,4884.50,340.63
嘉義縣,六腳鄉,更寮村,108,85758,794,504,307,959,846.77,106.64
嘉義縣,東石鄉,東石村,244,161268,661,587,354,873,451.66,68.34
嘉義縣,東石鄉,猿樹村,164,105279,642,506,336,809,485.40,75.61
嘉義縣,東石鄉,塭港村,196,111163,567,473,284,717,455.98,80.40
嘉義縣,東石鄉,型厝村,198,119780,605,526,327,782,435.31,71.96
嘉義縣,東石鄉,三家村,197,132619,673,574,365,850,522.07,77.55
嘉義縣,東石鄉,永屯村,111,69626,627,474,296,783,556.76,88.76
嘉義縣,東石鄉,海埔村,45,28573,635,543,405,742,451.86,71.16
嘉義縣,東石鄉,龍港村,126,84825,673,567,325,815,539.33,80.11
嘉義縣,東石鄉,副瀨村,152,114853,756,577,381,873,798.84,105.72
嘉義縣,東石鄉,下揖村,91,52445,576,488,317,766,365.45,63.41
嘉義縣,東石鄉,頂揖村,51,26463,519,442,266,685,394.94,76.12
嘉義縣,東石鄉,溪下村,133,85925,646,558,324,859,454.60,70.37
嘉義縣,東石鄉,港口村,38,22085,581,477,340,764,428.11,73.66
嘉義縣,東石鄉,鰲鼓村,224,148044,661,525,311,782,607.32,91.89
嘉義縣,東石鄉,港墘村,211,178975,848,563,354,924,1213.58,143.07
嘉義縣,東石鄉,蔦松村,159,108599,683,548,368,845,516.36,75.60
嘉義縣,東石鄉,圍潭村,92,53106,577,445,296,755,433.36,75.08
嘉義縣,東石鄉,洲仔村,133,85769,645,548,346,797,514.38,79.76
嘉義縣,東石鄉,東崙村,137,92378,674,502,299,870,751.96,111.52
嘉義縣,東石鄉,西崙村,191,122135,639,515,343,832,509.81,79.73
嘉義縣,東石鄉,塭仔村,149,90181,605,476,313,758,499.28,82.49
嘉義縣,東石鄉,網寮村,165,112297,681,502,348,785,600.79,88.28
嘉義縣,東石鄉,掌潭村,115,70746,615,532,367,770,383.43,62.33
嘉義縣,義竹鄉,岸腳村,147,106500,724,535,393,845,590.86,81.55
嘉義縣,義竹鄉,義竹村,389,300833,773,597,383,955,655.50,84.76
嘉義縣,義竹鄉,六桂村,295,205747,697,554,365,865,529.15,75.87
嘉義縣,義竹鄉,仁里村,211,161261,764,596,389,879,604.33,79.07
嘉義縣,義竹鄉,傳芳村,159,108176,680,533,352,866,617.81,90.81
嘉義縣,義竹鄉,頭竹村,243,188174,774,578,343,945,667.07,86.14
嘉義縣,義竹鄉,五厝村,78,61206,785,629,417,897,705.07,89.85
嘉義縣,義竹鄉,中平村,63,50834,807,629,416,994,525.80,65.16
嘉義縣,義竹鄉,埤前村,151,117975,781,576,379,976,620.09,79.37
嘉義縣,義竹鄉,平溪村,91,59666,656,467,300,716,650.81,99.26
嘉義縣,義竹鄉,後鎮村,95,60790,640,551,310,840,525.04,82.05
嘉義縣,義竹鄉,北華村,130,84992,654,519,326,776,559.32,85.55
嘉義縣,義竹鄉,新店村,274,197314,720,564,330,943,553.23,76.82
嘉義縣,義竹鄉,東過村,171,112424,657,528,345,821,481.46,73.23
嘉義縣,義竹鄉,西過村,146,85553,586,426,292,658,654.83,111.75
嘉義縣,義竹鄉,官和村,143,93365,653,465,302,810,626.97,96.03
嘉義縣,義竹鄉,官順村,89,57303,644,544,369,743,572.21,88.87
嘉義縣,義竹鄉,新富村,112,76964,687,534,357,925,480.87,69.98
嘉義縣,義竹鄉,東光村,139,103939,748,597,353,1032,571.00,76.36
嘉義縣,義竹鄉,東榮村,59,38503,653,528,337,749,607.30,93.06
嘉義縣,義竹鄉,龍蛟村,94,66486,707,564,322,845,829.34,117.26
嘉義縣,義竹鄉,溪洲村,95,67173,707,606,353,893,590.80,83.55
嘉義縣,鹿草鄉,後寮村,96,68970,718,511,367,845,619.26,86.20
嘉義縣,鹿草鄉,鹿東村,123,92004,748,639,396,1001,565.60,75.61
嘉義縣,鹿草鄉,鹿草村,294,212301,722,577,390,895,610.74,84.58
嘉義縣,鹿草鄉,西井村,305,239623,786,586,323,980,722.31,91.94
嘉義縣,鹿草鄉,豐稠村,123,95624,777,621,383,989,589.59,75.84
嘉義縣,鹿草鄉,重寮村,172,120541,701,538,352,904,577.39,82.39
嘉義縣,鹿草鄉,施家村,93,60729,653,510,361,736,503.83,77.16
嘉義縣,鹿草鄉,下潭村,115,83788,729,655,391,862,556.84,76.43
嘉義縣,鹿草鄉,光潭村,170,129402,761,618,403,937,561.53,73.77
嘉義縣,鹿草鄉,碧潭村,143,104290,729,522,319,941,625.94,85.83
嘉義縣,鹿草鄉,松竹村,185,126050,681,556,336,848,536.72,78.77
嘉義縣,鹿草鄉,竹山村,184,135310,735,540,315,850,751.04,102.13
嘉義縣,鹿草鄉,後堀村,288,211444,734,602,399,945,536.19,73.03
嘉義縣,鹿草鄉,三角村,322,219782,683,526,333,879,557.84,81.73
嘉義縣,鹿草鄉,下麻村,121,83716,692,463,302,858,653.88,94.51
嘉義縣,太保市,太保里,656,559960,854,627,371,1075,867.39,101.62
嘉義縣,太保市,後庄里,106,66959,632,459,330,732,698.96,110.65
嘉義縣,太保市,前潭里,326,239908,736,562,329,850,846.59,115.04
嘉義縣,太保市,後潭里,384,293354,764,583,333,970,646.29,84.60
嘉義縣,太保市,春珠里,268,255558,954,677,408,1076,1462.62,153.38
嘉義縣,太保市,崙頂里,201,182122,906,661,386,1151,954.73,105.37
嘉義縣,太保市,安仁里,813,837508,1030,786,445,1409,860.27,83.51
嘉義縣,太保市,東勢里,499,578484,1159,853,450,1475,1079.42,93.11
嘉義縣,太保市,新埤里,289,220949,765,554,353,1009,663.30,86.76
嘉義縣,太保市,舊埤里,609,461588,758,626,352,1095,558.83,73.73
嘉義縣,太保市,田尾里,175,140137,801,613,345,1060,666.87,83.28
嘉義縣,太保市,港尾里,111,74409,670,541,340,840,485.00,72.35
嘉義縣,太保市,過溝里,986,850188,862,666,395,1138,839.38,97.35
嘉義縣,太保市,麻寮里,1264,1072954,849,685,403,1124,654.39,77.09
嘉義縣,太保市,南新里,439,362206,825,587,330,983,1166.22,141.35
嘉義縣,太保市,北新里,774,624942,807,623,381,1071,656.64,81.33
嘉義縣,太保市,埤鄉里,144,102839,714,583,333,912,537.74,75.30
嘉義縣,太保市,梅埔里,226,168122,744,480,298,823,1037.39,139.45
嘉義縣,水上鄉,水頭村,686,555457,810,648,378,1068,650.23,80.30
嘉義縣,水上鄉,水上村,1041,782792,752,585,363,978,583.72,77.63
嘉義縣,水上鄉,大堀村,341,243580,714,546,340,873,726.69,101.73
嘉義縣,水上鄉,大崙村,452,320288,709,543,319,854,674.05,95.12
嘉義縣,水上鄉,塗溝村,178,131690,740,558,325,917,663.81,89.72
嘉義縣,水上鄉,粗溪村,373,278959,748,561,359,894,673.36,90.04
嘉義縣,水上鄉,下寮村,500,366705,733,550,347,912,678.55,92.52
嘉義縣,水上鄉,回歸村,119,98593,829,604,356,962,832.89,100.53
嘉義縣,水上鄉,三和村,491,406136,827,703,419,1100,566.50,68.49
嘉義縣,水上鄉,龍德村,493,392486,796,596,375,1083,640.84,80.50
嘉義縣,水上鄉,溪洲村,234,171436,733,558,357,899,674.32,92.04
嘉義縣,水上鄉,三鎮村,137,96746,706,559,278,911,645.85,91.46
嘉義縣,水上鄉,靖和村,113,86657,767,620,370,1057,543.95,70.93
嘉義縣,水上鄉,南和村,320,248013,775,585,347,930,725.10,93.56
嘉義縣,水上鄉,柳林村,467,323173,692,567,369,857,597.76,86.38
嘉義縣,水上鄉,柳鄉村,499,339438,680,565,340,864,504.96,74.23
嘉義縣,水上鄉,內溪村,259,160988,622,504,316,791,476.42,76.65
嘉義縣,水上鄉,寬士村,1063,797995,751,569,358,934,656.60,87.46
嘉義縣,水上鄉,國姓村,201,136885,681,516,368,829,574.90,84.42
嘉義縣,水上鄉,三界村,162,118751,733,582,355,858,636.05,86.77
嘉義縣,水上鄉,南鄉村,155,101053,652,532,344,780,559.41,85.81
嘉義縣,水上鄉,忠和村,425,275997,649,496,313,755,1329.05,204.66
嘉義縣,水上鄉,義興村,166,130285,785,522,311,907,894.89,114.02
嘉義縣,水上鄉,民生村,716,477044,666,550,315,869,504.38,75.70
嘉義縣,水上鄉,中庄村,382,254137,665,528,348,804,600.81,90.31
嘉義縣,水上鄉,柳新村,402,248629,618,550,346,795,438.41,70.89
嘉義縣,中埔鄉,中埔村,363,244997,675,560,347,881,481.12,71.28
嘉義縣,中埔鄉,塩舘村,188,146019,777,610,379,1042,596.59,76.81
嘉義縣,中埔鄉,龍門村,135,92721,687,591,363,864,489.02,71.20
嘉義縣,中埔鄉,裕民村,162,100623,621,513,314,767,488.32,78.62
嘉義縣,中埔鄉,金蘭村,273,185853,681,525,286,800,651.32,95.67
嘉義縣,中埔鄉,富收村,619,413815,669,527,320,808,587.74,87.92
嘉義縣,中埔鄉,和睦村,807,602555,747,581,340,921,675.83,90.51
嘉義縣,中埔鄉,隆興村,350,255743,731,512,311,848,1106.01,151.36
嘉義縣,中埔鄉,義仁村,263,171043,650,522,329,800,549.57,84.50
嘉義縣,中埔鄉,社口村,355,214082,603,480,307,786,464.51,77.03
嘉義縣,中埔鄉,灣潭村,150,87499,583,461,310,680,421.70,72.29
嘉義縣,中埔鄉,石硦村,178,119101,669,531,326,872,496.73,74.24
嘉義縣,中埔鄉,頂埔村,146,100768,690,567,329,909,516.60,74.85
嘉義縣,中埔鄉,同仁村,351,221222,630,510,321,830,454.55,72.12
嘉義縣,中埔鄉,深坑村,132,90360,685,549,366,869,516.16,75.40
嘉義縣,中埔鄉,瑞豐村,104,59074,568,490,329,696,407.40,71.72
嘉義縣,中埔鄉,沄水村,126,81635,648,521,318,799,605.28,93.42
嘉義縣,中埔鄉,三層村,110,67640,615,550,378,738,438.18,71.26
嘉義縣,中埔鄉,東興村,36,20174,560,457,323,709,477.31,85.18
嘉義縣,中埔鄉,中崙村,34,23866,702,617,381,817,522.64,74.46
嘉義縣,中埔鄉,和美村,1974,1496936,758,573,350,986,672.67,88.70
嘉義縣,中埔鄉,和興村,1318,919672,698,560,336,881,574.58,82.34
嘉義縣,竹崎鄉,竹崎村,586,392836,670,552,316,844,549.81,82.02
嘉義縣,竹崎鄉,和平村,430,274586,639,530,326,791,530.71,83.11
嘉義縣,竹崎鄉,坑頭村,120,86415,720,554,366,839,730.34,101.42
嘉義縣,竹崎鄉,沙坑村,141,82197,583,498,302,740,471.16,80.82
嘉義縣,竹崎鄉,獅埜村,218,153720,705,537,348,845,568.72,80.65
嘉義縣,竹崎鄉,鹿滿村,323,223243,691,540,361,815,566.05,81.90
嘉義縣,竹崎鄉,紫雲村,253,169301,669,490,334,794,671.61,100.36
嘉義縣,竹崎鄉,灣橋村,1258,942230,749,570,362,934,896.51,119.70
嘉義縣,竹崎鄉,義仁村,186,121379,653,541,288,797,565.51,86.66
嘉義縣,竹崎鄉,義和村,123,89264,726,532,378,786,628.92,86.66
嘉義縣,竹崎鄉,內埔村,299,209605,701,537,341,865,648.13,92.46
嘉義縣,竹崎鄉,昇平村,283,211336,747,532,305,868,939.27,125.78
嘉義縣,竹崎鄉,桃源村,162,108794,672,556,345,807,606.87,90.37
嘉義縣,竹崎鄉,白杞村,103,64893,630,469,326,779,482.72,76.62
嘉義縣,竹崎鄉,龍山村,315,220355,700,555,348,814,612.76,87.59
嘉義縣,竹崎鄉,義隆村,95,74470,784,559,382,908,811.83,103.56
嘉義縣,竹崎鄉,文峰村,104,80097,770,628,315,1005,764.53,99.27
嘉義縣,竹崎鄉,塘興村,122,80666,661,549,357,811,514.63,77.83
嘉義縣,竹崎鄉,復金村,347,217226,626,518,309,747,531.54,84.91
嘉義縣,竹崎鄉,緞繻村,126,84372,670,549,354,795,584.55,87.30
嘉義縣,竹崎鄉,仁壽村,28,38094,1361,553,273,956,3886.02,285.63
嘉義縣,竹崎鄉,金獅村,52,33737,649,526,360,718,520.91,80.29
嘉義縣,竹崎鄉,中和村,106,71158,671,508,297,769,688.20,102.52
嘉義縣,竹崎鄉,光華村,63,34214,543,497,311,666,385.68,71.02
嘉義縣,梅山鄉,梅東村,441,325937,739,580,359,916,627.24,84.87
嘉義縣,梅山鄉,梅南村,197,149034,757,591,368,861,673.52,89.03
嘉義縣,梅山鄉,梅北村,949,725988,765,612,392,938,673.65,88.06
嘉義縣,梅山鄉,過山村,89,66616,748,538,369,911,648.07,86.58
嘉義縣,梅山鄉,圳南村,44,23606,537,502,365,665,305.41,56.93
嘉義縣,梅山鄉,圳北村,86,46974,546,477,259,690,451.46,82.65
嘉義縣,梅山鄉,大南村,259,182689,705,545,350,829,639.98,90.73
嘉義縣,梅山鄉,安靖村,118,75080,636,549,396,762,459.09,72.15
嘉義縣,梅山鄉,双溪村,100,61442,614,523,347,755,428.31,69.71
嘉義縣,梅山鄉,半天村,61,44975,737,613,395,876,496.30,67.31
嘉義縣,梅山鄉,太平村,74,53023,717,534,279,867,675.97,94.34
嘉義縣,梅山鄉,龍眼村,62,37580,606,563,264,750,483.03,79.69
嘉義縣,梅山鄉,太興村,52,31167,599,480,321,781,490.48,81.83
嘉義縣,梅山鄉,瑞里村,60,36305,605,495,217,879,533.44,88.16
嘉義縣,梅山鄉,瑞峰村,59,33344,565,469,239,707,491.89,87.04
嘉義縣,梅山鄉,太和村,70,52145,745,589,287,994,649.57,87.20
嘉義縣,梅山鄉,永興村,89,58121,653,537,305,783,573.39,87.80
嘉義縣,梅山鄉,碧湖村,33,18990,575,429,280,706,593.16,103.07
嘉義縣,番路鄉,內甕村,81,58250,719,568,279,906,691.70,96.19
嘉義縣,番路鄉,江西村,264,214235,811,593,366,1021,768.11,94.65
嘉義縣,番路鄉,新福村,194,127929,659,528,315,856,531.74,80.64
嘉義縣,番路鄉,下坑村,398,317305,797,599,347,1054,721.53,90.50
嘉義縣,番路鄉,番路村,160,105008,656,520,333,836,486.93,74.19
嘉義縣,番路鄉,民和村,144,99677,692,469,291,794,1004.14,145.07
嘉義縣,番路鄉,觸口村,196,115557,590,489,306,780,432.32,73.33
嘉義縣,番路鄉,大湖村,76,48013,632,527,349,675,821.87,130.09
嘉義縣,番路鄉,公田村,138,100807,730,509,290,751,1638.07,224.24
嘉義縣,番路鄉,公興村,70,37250,532,410,282,663,482.02,90.58
嘉義縣,番路鄉,草山村,46,31351,682,522,373,768,541.82,79.50
嘉義縣,大埔鄉,大埔村,287,202406,705,516,318,869,692.68,98.22
嘉義縣,大埔鄉,茄苳村,158,99303,628,499,298,739,561.74,89.38
嘉義縣,大埔鄉,永樂村,78,46225,593,457,337,778,473.65,79.92
嘉義縣,大埔鄉,和平村,81,51484,636,526,357,835,448.19,70.51
嘉義縣,大埔鄉,西興村,128,91021,711,535,324,809,691.23,97.20
嘉義縣,阿里山鄉,中山村,79,55716,705,641,386,923,496.32,70.37
嘉義縣,阿里山鄉,中正村,52,42982,827,488,297,879,1190.28,144.00
嘉義縣,阿里山鄉,香林村,41,33410,815,644,493,955,590.71,72.49
嘉義縣,阿里山鄉,十字村,30,22752,758,563,368,869,663.64,87.50
嘉義縣,阿里山鄉,達邦村,95,66030,695,583,395,871,424.31,61.05
嘉義縣,阿里山鄉,樂野村,106,74573,704,590,399,925,481.32,68.42
嘉義縣,阿里山鄉,來吉村,52,45642,878,586,329,909,840.26,95.73
嘉義縣,阿里山鄉,里佳村,28,20604,736,622,456,932,400.19,54.38
嘉義縣,阿里山鄉,山美村,53,29340,554,480,386,755,325.86,58.86
嘉義縣,阿里山鄉,新美村,23,12658,550,537,400,673,221.24,40.20
嘉義縣,阿里山鄉,豐山村,25,14903,596,411,237,782,552.24,92.64
嘉義縣,阿里山鄉,茶山村,20,11455,573,542,299,712,384.05,67.06
屏東縣,屏東市,勝豐里,92,63294,688,478,270,793,680.56,98.92
屏東縣,屏東市,金泉里,155,121623,785,501,302,953,944.78,120.41
屏東縣,屏東市,慶春里,75,93656,1249,574,342,988,4294.66,343.92
屏東縣,屏東市,平和里,220,166243,756,477,268,876,914.34,121.00
屏東縣,屏東市,楠樹里,129,87594,679,589,327,869,602.24,88.69
屏東縣,屏東市,扶風里,164,140092,854,540,324,942,1078.60,126.27
屏東縣,屏東市,橋南里,433,378603,874,639,378,1146,809.71,92.61
屏東縣,屏東市,橋北里,253,176715,698,582,325,919,591.74,84.72
屏東縣,屏東市,長春里,603,513410,851,644,407,1067,702.17,82.47
屏東縣,屏東市,豐田里,1341,1183644,883,646,393,1122,847.12,95.97
屏東縣,屏東市,安樂里,136,121121,891,613,358,1158,1050.70,117.98
屏東縣,屏東市,歸心里,250,159516,638,492,361,800,465.90,73.02
屏東縣,屏東市,湖西里,353,273496,775,588,363,912,930.06,120.04
屏東縣,屏東市,瑞光里,2289,1946245,850,639,360,1091,770.03,90.56
屏東縣,屏東市,湖南里,268,182029,679,559,348,853,519.20,76.44
屏東縣,屏東市,長安里,424,279448,659,549,341,810,510.05,77.39
屏東縣,屏東市,厚生里,720,492012,683,560,333,852,539.00,78.88
屏東縣,屏東市,大湖里,431,275679,640,503,306,813,529.18,82.73
屏東縣,屏東市,頂宅里,101,72314,716,548,342,884,630.03,88.00
屏東縣,屏東市,新生里,1585,1189509,750,576,349,951,665.13,88.63
屏東縣,屏東市,永安里,2021,1544906,764,584,363,958,671.75,87.88
屏東縣,屏東市,萬年里,146,90946,623,463,290,833,507.32,81.44
屏東縣,屏東市,安鎮里,484,347898,719,570,352,911,591.49,82.29
屏東縣,屏東市,永昌里,37,25130,679,461,229,766,962.46,141.71
屏東縣,屏東市,光華里,170,129370,761,524,290,923,1157.71,152.13
屏東縣,屏東市,一心里,442,373622,845,614,310,1149,750.70,88.81
屏東縣,屏東市,義勇里,450,546680,1215,748,401,1437,2064.54,169.94
屏東縣,屏東市,公館里,344,265799,773,605,390,925,654.84,84.75
屏東縣,屏東市,龍華里,537,409732,763,552,338,928,882.28,115.63
屏東縣,屏東市,玉成里,361,247837,687,538,345,851,545.58,79.47
屏東縣,屏東市,新興里,757,610343,806,709,428,1070,549.68,68.18
屏東縣,屏東市,頂柳里,253,159855,632,511,315,767,502.09,79.47
屏東縣,屏東市,擇仁里,195,116034,595,481,292,765,477.62,80.27
屏東縣,屏東市,清溪里,1275,961281,754,616,370,958,579.17,76.82
屏東縣,屏東市,前進里,705,503171,714,562,351,875,610.19,85.49
屏東縣,屏東市,大洲里,294,198314,675,527,367,825,556.43,82.49
屏東縣,屏東市,永光里,245,155609,635,528,293,766,560.99,88.33
屏東縣,屏東市,永順里,54,32882,609,522,288,761,510.92,83.91
屏東縣,屏東市,大埔里,169,123804,733,493,339,1012,634.90,86.67
屏東縣,屏東市,大同里,174,119891,689,506,267,788,719.28,104.39
屏東縣,屏東市,文明里,74,70440,952,680,347,1146,964.40,101.31
屏東縣,屏東市,光榮里,201,154803,770,559,291,914,806.65,104.74
屏東縣,屏東市,端正里,89,93586,1052,584,384,1183,1443.00,137.23
屏東縣,屏東市,武廟里,130,129537,996,664,388,1150,1083.28,108.72
屏東縣,屏東市,必信里,134,97424,727,603,335,920,567.86,78.11
屏東縣,屏東市,崇禮里,69,62795,910,543,429,985,899.36,98.82
屏東縣,屏東市,崇智里,122,78539,644,448,254,902,579.27,89.98
屏東縣,屏東市,民權里,173,133957,774,556,323,969,685.18,88.49
屏東縣,屏東市,維新里,635,438381,690,576,346,877,572.65,82.95
屏東縣,屏東市,斯文里,526,452280,860,622,355,1069,855.14,99.45
屏東縣,屏東市,泰安里,170,167049,983,657,368,1159,1489.50,151.58
屏東縣,屏東市,仁義里,247,173740,703,581,327,945,563.56,80.12
屏東縣,屏東市,三山里,303,208808,689,551,361,874,540.27,78.40
屏東縣,屏東市,海豐里,191,135249,708,534,332,863,633.85,89.51
屏東縣,屏東市,和興里,191,115307,604,473,292,754,484.87,80.32
屏東縣,屏東市,崇蘭里,3834,3406947,889,704,418,1145,746.76,84.04
屏東縣,屏東市,空翔里,466,388783,834,606,377,1024,777.37,93.18
屏東縣,屏東市,廣興里,525,349163,665,546,328,868,522.99,78.64
屏東縣,屏東市,潭墘里,3417,2563650,750,604,368,963,632.75,84.34
屏東縣,屏東市,明正里,223,243766,1093,611,337,1113,3469.61,317.40
屏東縣,屏東市,溝美里,687,531710,774,609,362,946,676.66,87.43
屏東縣,屏東市,勝利里,1515,1250199,825,608,367,1019,803.29,97.34
屏東縣,屏東市,永城里,493,368895,748,579,323,959,663.29,88.64
屏東縣,屏東市,北勢里,735,623395,848,595,361,986,1575.47,185.75
屏東縣,屏東市,華山里,1469,1187324,808,618,366,1032,709.54,87.79
屏東縣,屏東市,太平里,214,204678,956,727,399,1237,971.50,101.57
屏東縣,屏東市,興樂里,233,241228,1035,698,379,1093,1556.48,150.34
屏東縣,屏東市,大武里,2470,1870101,757,584,349,938,690.83,91.24
屏東縣,屏東市,建國里,240,199436,831,610,363,1030,830.36,99.92
屏東縣,屏東市,崇武里,867,661772,763,639,355,1022,580.27,76.02
屏東縣,屏東市,凌雲里,74,50737,686,425,275,709,982.06,143.23
屏東縣,屏東市,鵬程里,114,105689,927,859,735,1147,383.35,41.35
屏東縣,屏東市,豐榮里,829,711663,858,619,337,1117,828.38,96.50
屏東縣,屏東市,信和里,355,244923,690,584,346,854,536.73,77.80
屏東縣,屏東市,豐源里,1268,1119245,883,653,379,1121,824.15,93.37
屏東縣,屏東市,大連里,3462,3164497,914,678,391,1158,899.87,98.45
屏東縣,屏東市,仁愛里,688,554843,806,589,358,1023,777.67,96.43
屏東縣,屏東市,中正里,1606,1420074,884,672,386,1113,749.34,84.74
屏東縣,屏東市,北興里,1912,1522567,796,618,362,1004,713.16,89.56
屏東縣,潮州鎮,潮州里,154,144768,940,526,289,987,1374.30,146.19
屏東縣,潮州鎮,光華里,1267,983784,776,610,367,1006,619.95,79.84
屏東縣,潮州鎮,三星里,1553,1249720,805,632,372,1026,658.33,81.81
屏東縣,潮州鎮,彭城里,202,134428,665,516,308,800,686.47,103.15
屏東縣,潮州鎮,九塊里,258,164850,639,511,331,752,602.26,94.26
屏東縣,潮州鎮,興美里,171,124914,730,587,352,865,742.83,101.69
屏東縣,潮州鎮,檨子里,53,30850,582,426,253,669,581.38,99.88
屏東縣,潮州鎮,新生里,254,197827,779,591,340,912,718.38,92.24
屏東縣,潮州鎮,新榮里,356,286449,805,580,339,1039,785.46,97.62
屏東縣,潮州鎮,同榮里,156,105229,675,454,242,745,1013.76,150.29
屏東縣,潮州鎮,三共里,2013,1653163,821,623,364,1064,755.25,91.96
屏東縣,潮州鎮,五魁里,372,273836,736,575,359,944,696.90,94.67
屏東縣,潮州鎮,蓬萊里,564,439478,779,604,363,1027,651.86,83.66
屏東縣,潮州鎮,八爺里,566,411451,727,599,380,956,527.81,72.61
屏東縣,潮州鎮,光春里,312,229364,735,542,345,848,1411.06,191.94
屏東縣,潮州鎮,泗林里,377,262438,696,568,332,931,541.81,77.83
屏東縣,潮州鎮,四春里,368,241363,656,563,330,828,470.52,71.74
屏東縣,潮州鎮,崙東里,228,141216,619,544,336,752,440.71,71.15
屏東縣,潮州鎮,永春里,1961,1432527,731,572,346,972,597.32,81.77
屏東縣,潮州鎮,三和里,584,468442,802,627,343,1047,724.09,90.27
屏東縣,潮州鎮,富春里,245,148216,605,514,306,784,455.52,75.30
屏東縣,東港鎮,八德里,169,123374,730,527,346,863,718.50,98.42
屏東縣,東港鎮,東隆里,252,158776,630,547,329,758,472.52,75.00
屏東縣,東港鎮,共和里,123,119811,974,604,347,1225,1164.67,119.57
屏東縣,東港鎮,豐漁里,116,79344,684,553,298,839,609.08,89.05
屏東縣,東港鎮,盛漁里,261,163379,626,509,354,751,471.68,75.35
屏東縣,東港鎮,興漁里,372,240690,647,524,341,774,519.86,80.35
屏東縣,東港鎮,鎮海里,523,324688,621,517,317,765,522.32,84.13
屏東縣,東港鎮,嘉蓮里,300,208548,695,566,375,835,546.28,78.58
屏東縣,東港鎮,南平里,211,128354,608,512,284,828,515.57,84.75
屏東縣,東港鎮,興東里,2380,1892663,795,598,354,993,784.62,98.66
屏東縣,東港鎮,興農里,352,272617,774,594,363,980,815.22,105.26
屏東縣,東港鎮,興和里,240,170721,711,579,409,848,510.94,71.83
屏東縣,東港鎮,船頭里,1287,1007835,783,606,373,986,692.44,88.42
屏東縣,東港鎮,下廍里,390,251632,645,543,361,791,470.07,72.86
屏東縣,東港鎮,新勝里,587,467414,796,585,350,991,762.56,95.77
屏東縣,東港鎮,頂中里,101,68663,680,563,329,848,577.97,85.02
屏東縣,東港鎮,頂新里,134,90303,674,505,279,860,595.20,88.32
屏東縣,東港鎮,東和里,155,100557,649,534,294,821,604.32,93.15
屏東縣,東港鎮,朝安里,345,237644,689,571,301,911,569.41,82.66
屏東縣,東港鎮,興臺里,133,114071,858,678,352,999,876.24,102.17
屏東縣,東港鎮,中興里,164,116594,711,524,278,849,1156.02,162.60
屏東縣,東港鎮,大潭里,339,235807,696,538,339,839,666.53,95.82
屏東縣,恆春鎮,城北里,539,385957,716,552,330,922,619.77,86.55
屏東縣,恆春鎮,城西里,249,179126,719,569,343,1006,521.29,72.46
屏東縣,恆春鎮,城南里,222,179306,808,542,334,956,1206.10,149.33
屏東縣,恆春鎮,山腳里,897,644934,719,547,340,915,608.26,84.60
屏東縣,恆春鎮,網紗里,666,465530,699,514,324,870,691.30,98.90
屏東縣,恆春鎮,仁壽里,146,86128,590,473,290,721,513.20,86.99
屏東縣,恆春鎮,茄湖里,75,42701,569,449,314,749,353.81,62.14
屏東縣,恆春鎮,頭溝里,56,33709,602,497,324,755,419.62,69.71
屏東縣,恆春鎮,四溝里,142,97983,690,571,383,864,479.63,69.51
屏東縣,恆春鎮,德和里,182,128356,705,525,317,867,647.77,91.85
屏東縣,恆春鎮,龍水里,185,285482,1543,551,348,816,12036.60,780.01
屏東縣,恆春鎮,山海里,246,164619,669,466,316,772,1386.49,207.19
屏東縣,恆春鎮,大光里,348,232033,667,538,336,822,603.51,90.51
屏東縣,恆春鎮,水泉里,206,128144,622,491,320,820,457.63,73.57
屏東縣,恆春鎮,南灣里,321,303518,946,588,341,1097,1013.28,107.16
屏東縣,恆春鎮,墾丁里,209,146859,703,537,346,831,691.79,98.45
屏東縣,恆春鎮,鵝鑾里,148,97327,658,471,333,794,695.12,105.70
屏東縣,萬丹鄉,萬安村,174,128644,739,533,293,864,714.06,96.58
屏東縣,萬丹鄉,萬全村,896,682422,762,592,347,979,659.23,86.56
屏東縣,萬丹鄉,萬惠村,218,182204,836,635,363,1136,672.32,80.44
屏東縣,萬丹鄉,萬後村,163,130627,801,617,402,1043,628.82,78.47
屏東縣,萬丹鄉,萬生村,367,270398,737,558,329,886,634.27,86.09
屏東縣,萬丹鄉,寶厝村,556,404224,727,557,356,878,593.89,81.69
屏東縣,萬丹鄉,四維村,454,322925,711,556,357,921,541.09,76.07
屏東縣,萬丹鄉,竹林村,313,228009,728,486,302,839,790.61,108.53
屏東縣,萬丹鄉,廣安村,604,405214,671,544,309,857,567.59,84.60
屏東縣,萬丹鄉,田厝村,233,186553,801,648,379,992,763.14,95.31
屏東縣,萬丹鄉,崙頂村,461,308457,669,535,334,863,521.97,78.01
屏東縣,萬丹鄉,社上村,382,258583,677,545,325,783,610.31,90.16
屏東縣,萬丹鄉,社中村,335,240359,717,560,365,870,567.69,79.12
屏東縣,萬丹鄉,社皮村,469,341251,728,555,359,929,568.84,78.18
屏東縣,萬丹鄉,磚寮村,232,160358,691,560,353,874,542.99,78.56
屏東縣,萬丹鄉,社口村,325,239087,736,576,382,911,606.74,82.48
屏東縣,萬丹鄉,加興村,278,211318,760,520,350,952,728.19,95.80
屏東縣,萬丹鄉,上村村,168,120066,715,550,336,913,608.12,85.09
屏東縣,萬丹鄉,厦南村,297,203599,686,601,328,891,505.97,73.81
屏東縣,萬丹鄉,厦北村,324,221527,684,555,326,821,673.16,98.45
屏東縣,萬丹鄉,新庄村,510,416872,817,605,345,987,860.29,105.25
屏東縣,萬丹鄉,新鐘村,455,330736,727,603,347,978,518.25,71.30
屏東縣,萬丹鄉,水泉村,442,355113,803,630,358,1023,661.43,82.33
屏東縣,萬丹鄉,香社村,332,224948,678,549,356,836,530.30,78.27
屏東縣,萬丹鄉,灣內村,256,169872,664,584,336,838,502.19,75.68
屏東縣,萬丹鄉,後村村,231,151451,656,522,331,862,493.16,75.22
屏東縣,萬丹鄉,水仙村,120,89000,742,624,418,968,451.63,60.89
屏東縣,萬丹鄉,興安村,178,133736,751,637,437,909,485.98,64.68
屏東縣,萬丹鄉,興全村,210,149231,711,538,318,868,697.46,98.15
屏東縣,萬丹鄉,甘棠村,63,38443,610,466,295,756,504.42,82.66
屏東縣,長治鄉,進興村,692,538644,778,638,373,1044,571.48,73.42
屏東縣,長治鄉,新潭村,1043,831018,797,637,382,1038,617.30,77.48
屏東縣,長治鄉,長興村,281,225410,802,611,359,1031,649.38,80.95
屏東縣,長治鄉,潭頭村,585,470505,804,633,385,1014,626.02,77.84
屏東縣,長治鄉,香楊村,791,715715,905,652,389,1190,793.56,87.70
屏東縣,長治鄉,德協村,270,191312,709,546,348,865,563.20,79.48
屏東縣,長治鄉,德成村,211,167881,796,635,374,994,644.26,80.97
屏東縣,長治鄉,復興村,320,219614,686,550,301,821,628.26,91.54
屏東縣,長治鄉,崙上村,417,320368,768,582,356,1045,605.58,78.82
屏東縣,長治鄉,德榮村,307,217076,707,560,363,919,536.31,75.85
屏東縣,長治鄉,德和村,151,124327,823,517,304,786,2491.89,302.65
屏東縣,長治鄉,繁隆村,225,157714,701,650,347,936,471.64,67.29
屏東縣,長治鄉,繁華村,470,309848,659,557,332,807,537.76,81.57
屏東縣,長治鄉,繁昌村,355,229762,647,523,323,832,531.16,82.07
屏東縣,長治鄉,繁榮村,259,191018,738,577,359,840,923.31,125.19
屏東縣,長治鄉,榮華村,120,83189,693,528,380,797,752.53,108.55
屏東縣,麟洛鄉,新田村,587,461513,786,631,371,1060,588.52,74.85
屏東縣,麟洛鄉,麟頂村,269,222697,828,576,341,956,886.76,107.11
屏東縣,麟洛鄉,麟蹄村,429,304522,710,568,347,873,629.62,88.70
屏東縣,麟洛鄉,麟趾村,707,560497,793,616,366,1007,968.92,122.22
屏東縣,麟洛鄉,田心村,233,198353,851,681,428,1090,623.48,73.24
屏東縣,麟洛鄉,田中村,314,241000,768,612,397,980,584.23,76.12
屏東縣,麟洛鄉,田道村,166,115725,697,568,312,844,583.21,83.66
屏東縣,九如鄉,九清村,331,243713,736,596,341,953,589.58,80.07
屏東縣,九如鄉,九塊村,318,211074,664,562,348,863,516.83,77.87
屏東縣,九如鄉,九明村,355,234055,659,553,337,815,511.60,77.60
屏東縣,九如鄉,玉水村,255,166784,654,537,320,860,481.71,73.65
屏東縣,九如鄉,玉泉村,384,282223,735,553,371,895,679.94,92.51
屏東縣,九如鄉,東寧村,969,692592,715,592,364,916,540.71,75.65
屏東縣,九如鄉,大坵村,215,137213,638,488,304,738,717.61,112.44
屏東縣,九如鄉,三塊村,275,163257,594,519,301,815,427.65,72.04
屏東縣,九如鄉,後庄村,359,226635,631,531,305,796,467.98,74.13
屏東縣,九如鄉,耆老村,259,175567,678,563,336,908,504.86,74.48
屏東縣,九如鄉,洽興村,270,174981,648,539,334,833,500.70,77.26
屏東縣,里港鄉,玉田村,745,558400,750,611,373,968,592.75,79.08
屏東縣,里港鄉,大平村,272,209574,770,586,311,886,866.22,112.42
屏東縣,里港鄉,永春村,190,148571,782,567,376,961,760.83,97.30
屏東縣,里港鄉,春林村,291,206348,709,576,332,927,546.93,77.13
屏東縣,里港鄉,過江村,466,330519,709,587,372,896,528.44,74.50
屏東縣,里港鄉,鐵店村,317,228055,719,565,349,878,641.18,89.13
屏東縣,里港鄉,塔樓村,326,231837,711,568,365,836,613.21,86.23
屏東縣,里港鄉,潮厝村,321,215809,672,535,358,849,490.11,72.90
屏東縣,里港鄉,茄苳村,303,214518,708,600,321,949,554.95,78.38
屏東縣,里港鄉,載興村,464,333780,719,607,358,897,528.17,73.42
屏東縣,里港鄉,土庫村,389,326790,840,568,302,936,2613.39,311.09
屏東縣,里港鄉,三廍村,375,264659,706,551,335,855,642.30,91.01
屏東縣,里港鄉,中和村,181,156205,863,583,312,874,1518.96,176.01
屏東縣,里港鄉,瀰力村,85,64706,761,617,368,886,612.11,80.41
屏東縣,鹽埔鄉,鹽北村,364,242192,665,558,339,888,490.16,73.67
屏東縣,鹽埔鄉,鹽中村,432,292361,677,544,341,876,515.31,76.14
屏東縣,鹽埔鄉,鹽南村,337,233048,692,567,362,876,505.20,73.05
屏東縣,鹽埔鄉,仕絨村,202,138308,685,533,305,813,611.92,89.37
屏東縣,鹽埔鄉,高朗村,498,330436,664,560,333,810,526.45,79.34
屏東縣,鹽埔鄉,振興村,291,187083,643,515,346,766,513.28,79.84
屏東縣,鹽埔鄉,久愛村,147,101286,689,545,288,885,587.97,85.33
屏東縣,鹽埔鄉,新圍村,629,396033,630,532,334,839,466.00,74.01
屏東縣,鹽埔鄉,新二村,766,506664,661,525,336,818,608.05,91.93
屏東縣,鹽埔鄉,彭厝村,197,135708,689,553,358,885,532.93,77.36
屏東縣,鹽埔鄉,洛陽村,340,212896,626,481,326,803,490.47,78.33
屏東縣,鹽埔鄉,永隆村,89,51696,581,535,324,748,365.27,62.89
屏東縣,高樹鄉,高樹村,381,260391,683,516,286,827,659.27,96.46
屏東縣,高樹鄉,長榮村,228,172805,758,523,328,855,934.67,123.32
屏東縣,高樹鄉,東振村,70,42144,602,547,304,771,417.73,69.38
屏東縣,高樹鄉,東興村,124,91943,741,590,329,968,589.07,79.45
屏東縣,高樹鄉,大埔村,83,66870,806,525,330,847,1350.11,167.58
屏東縣,高樹鄉,源泉村,151,95523,633,493,321,815,517.77,81.85
屏東縣,高樹鄉,建興村,140,92369,660,510,371,772,583.45,88.43
屏東縣,高樹鄉,舊寮村,168,112127,667,515,291,815,632.29,94.74
屏東縣,高樹鄉,司馬村,77,47475,617,535,302,772,422.19,68.48
屏東縣,高樹鄉,菜寮村,111,68250,615,509,320,797,460.42,74.88
屏東縣,高樹鄉,新豐村,208,134215,645,525,300,830,543.00,84.15
屏東縣,高樹鄉,田子村,161,101892,633,548,350,764,450.07,71.12
屏東縣,高樹鄉,舊庄村,148,84008,568,499,291,725,401.08,70.66
屏東縣,高樹鄉,鹽樹村,183,124877,682,514,308,774,802.32,117.57
屏東縣,高樹鄉,新南村,265,166860,630,528,330,769,478.46,75.99
屏東縣,高樹鄉,泰山村,249,171601,689,536,300,867,671.93,97.50
屏東縣,高樹鄉,南華村,194,115867,597,516,316,705,500.07,83.73
屏東縣,高樹鄉,廣興村,179,106173,593,472,334,711,500.18,84.33
屏東縣,高樹鄉,廣福村,164,115866,706,528,332,855,609.00,86.20
屏東縣,萬巒鄉,萬巒村,309,237418,768,582,354,906,753.78,98.10
屏東縣,萬巒鄉,萬全村,189,144964,767,603,367,871,835.04,108.87
屏東縣,萬巒鄉,萬和村,420,321607,766,616,393,973,580.88,75.86
屏東縣,萬巒鄉,鹿寮村,211,197052,934,677,412,1044,1169.33,125.21
屏東縣,萬巒鄉,硫黃村,107,82789,774,563,371,970,604.67,78.15
屏東縣,萬巒鄉,泗溝村,251,183234,730,565,366,899,629.87,86.28
屏東縣,萬巒鄉,佳佐村,304,186249,613,515,317,764,492.76,80.43
屏東縣,萬巒鄉,佳和村,285,228404,801,569,347,977,779.55,97.27
屏東縣,萬巒鄉,新厝村,202,119401,591,502,325,711,534.74,90.47
屏東縣,萬巒鄉,新置村,193,121046,627,525,314,704,656.92,104.74
屏東縣,萬巒鄉,赤山村,284,168762,594,522,317,735,420.83,70.82
屏東縣,萬巒鄉,萬金村,308,172241,559,464,311,694,415.08,74.22
屏東縣,萬巒鄉,五溝村,246,195169,793,597,375,992,624.62,78.73
屏東縣,萬巒鄉,成德村,266,186035,699,564,329,885,580.29,82.97
屏東縣,內埔鄉,內埔村,1132,863103,762,602,347,977,603.99,79.22
屏東縣,內埔鄉,興南村,301,208021,691,569,358,876,524.98,75.96
屏東縣,內埔鄉,義亭村,107,72584,678,536,350,855,563.34,83.04
屏東縣,內埔鄉,美和村,550,415949,756,596,373,962,633.28,83.74
屏東縣,內埔鄉,和興村,755,590028,781,617,357,1017,643.59,82.35
屏東縣,內埔鄉,豐田村,743,533529,718,585,360,929,553.02,77.01
屏東縣,內埔鄉,竹圍村,450,314548,699,552,353,880,514.02,73.54
屏東縣,內埔鄉,富田村,462,325769,705,579,362,899,550.10,78.01
屏東縣,內埔鄉,東勢村,628,414272,660,549,358,839,478.24,72.50
屏東縣,內埔鄉,東片村,252,183256,727,556,322,952,592.66,81.50
屏東縣,內埔鄉,東寧村,1223,891832,729,573,350,965,567.72,77.85
屏東縣,內埔鄉,上樹村,244,171825,704,565,379,840,561.07,79.68
屏東縣,內埔鄉,老埤村,401,260628,650,533,339,776,523.88,80.60
屏東縣,內埔鄉,中林村,278,160503,577,470,325,729,421.20,72.95
屏東縣,內埔鄉,龍泉村,455,273388,601,491,310,749,578.66,96.31
屏東縣,內埔鄉,建興村,153,102693,671,542,344,899,464.49,69.20
屏東縣,內埔鄉,大新村,327,234878,718,559,347,882,706.53,98.36
屏東縣,內埔鄉,黎明村,414,276632,668,570,373,793,517.84,77.50
屏東縣,內埔鄉,隘寮村,194,110648,570,507,313,668,407.52,71.45
屏東縣,內埔鄉,龍潭村,427,280843,658,545,332,822,509.44,77.46
屏東縣,內埔鄉,內田村,862,649715,754,608,368,975,613.03,81.33
屏東縣,內埔鄉,水門村,142,88312,622,522,305,754,454.99,73.16
屏東縣,內埔鄉,振豐村,404,299544,741,607,384,950,559.92,75.52
屏東縣,竹田鄉,竹田村,391,273021,698,550,347,907,562.15,80.51
屏東縣,竹田鄉,竹南村,195,133761,686,576,324,879,563.24,82.11
屏東縣,竹田鄉,糶糴村,176,149310,848,631,423,982,1263.41,148.93
屏東縣,竹田鄉,二崙村,217,171874,792,617,369,950,801.63,101.21
屏東縣,竹田鄉,美崙村,158,106927,677,560,339,820,527.79,77.99
屏東縣,竹田鄉,頭崙村,311,205203,660,541,327,831,544.16,82.47
屏東縣,竹田鄉,履豐村,150,111618,744,616,371,957,541.17,72.73
屏東縣,竹田鄉,泗洲村,229,145986,637,528,326,797,511.94,80.31
屏東縣,竹田鄉,大湖村,236,168786,715,595,334,918,649.71,90.84
屏東縣,竹田鄉,鳳明村,203,127535,628,503,342,827,464.77,73.98
屏東縣,竹田鄉,南勢村,114,71247,625,546,327,822,400.22,64.04
屏東縣,竹田鄉,六巷村,166,127542,768,594,380,911,707.80,92.12
屏東縣,竹田鄉,西勢村,597,432200,724,579,346,934,613.14,84.69
屏東縣,竹田鄉,福田村,106,76170,719,570,329,869,598.40,83.27
屏東縣,竹田鄉,永豐村,204,151881,745,630,350,943,518.25,69.61
屏東縣,新埤鄉,新埤村,426,302469,710,579,345,901,579.50,81.62
屏東縣,新埤鄉,建功村,222,156743,706,559,324,910,588.47,83.35
屏東縣,新埤鄉,打鐵村,226,189191,837,646,397,1116,665.82,79.54
屏東縣,新埤鄉,南豐村,146,83779,574,501,332,778,374.69,65.30
屏東縣,新埤鄉,餉潭村,186,105389,567,480,332,756,357.25,63.05
屏東縣,新埤鄉,箕湖村,110,61868,562,498,313,725,371.75,66.10
屏東縣,新埤鄉,萬隆村,246,153998,626,533,346,802,458.71,73.28
屏東縣,枋寮鄉,枋寮村,261,177922,682,561,336,892,495.94,72.75
屏東縣,枋寮鄉,保生村,165,110464,669,545,347,832,498.48,74.46
屏東縣,枋寮鄉,中寮村,93,57281,616,526,351,859,389.71,63.27
屏東縣,枋寮鄉,安樂村,310,215120,694,552,354,860,544.29,78.44
屏東縣,枋寮鄉,天時村,420,315261,751,592,378,932,574.07,76.48
屏東縣,枋寮鄉,地利村,297,229718,773,601,366,998,718.08,92.84
屏東縣,枋寮鄉,人和村,427,290071,679,546,328,839,570.32,83.95
屏東縣,枋寮鄉,內寮村,93,53498,575,522,301,686,430.55,74.85
屏東縣,枋寮鄉,新開村,124,64313,519,443,286,613,401.80,77.47
屏東縣,枋寮鄉,東海村,607,415647,685,551,349,882,508.64,74.28
屏東縣,枋寮鄉,大庄村,108,73368,679,564,315,811,558.91,82.27
屏東縣,枋寮鄉,太源村,142,87055,613,524,321,692,485.15,79.14
屏東縣,枋寮鄉,玉泉村,53,30490,575,536,234,872,430.97,74.92
屏東縣,枋寮鄉,新龍村,125,99076,793,608,432,903,769.16,97.04
屏東縣,枋寮鄉,隆山村,767,548102,715,561,359,883,595.55,83.34
屏東縣,新園鄉,內庄村,205,142327,694,576,351,846,514.75,74.14
屏東縣,新園鄉,瓦磘村,328,249873,762,594,358,1004,599.99,78.76
屏東縣,新園鄉,田洋村,460,316958,689,553,356,826,606.18,87.97
屏東縣,新園鄉,仙吉村,667,619073,928,607,386,902,3954.29,426.04
屏東縣,新園鄉,港墘村,136,96294,708,528,373,913,535.75,75.67
屏東縣,新園鄉,新東村,514,373618,727,537,356,901,640.52,88.12
屏東縣,新園鄉,新園村,528,382293,724,525,345,891,1004.65,138.76
屏東縣,新園鄉,烏龍村,303,230360,760,610,400,974,548.26,72.11
屏東縣,新園鄉,興龍村,556,436973,786,595,375,970,674.74,85.85
屏東縣,新園鄉,南龍村,314,208723,665,546,346,813,485.14,72.98
屏東縣,新園鄉,中洲村,353,248131,703,586,387,896,496.24,70.60
屏東縣,新園鄉,鹽埔村,812,503897,621,510,333,768,474.22,76.42
屏東縣,新園鄉,共和村,401,240651,600,508,335,713,480.55,80.07
屏東縣,新園鄉,五房村,532,356512,670,560,355,857,467.48,69.76
屏東縣,新園鄉,港西村,442,314130,711,583,369,904,519.78,73.14
屏東縣,崁頂鄉,崁頂村,500,368529,737,571,345,920,774.11,105.03
屏東縣,崁頂鄉,園寮村,461,324761,704,579,379,904,548.63,77.88
屏東縣,崁頂鄉,力社村,279,192399,690,511,341,881,535.20,77.61
屏東縣,崁頂鄉,圍內村,299,201957,675,553,341,885,508.76,75.32
屏東縣,崁頂鄉,洲子村,196,127361,650,495,322,829,524.41,80.70
屏東縣,崁頂鄉,北勢村,302,205050,679,534,348,811,564.50,83.14
屏東縣,崁頂鄉,越溪村,232,155998,672,534,365,760,679.00,100.98
屏東縣,崁頂鄉,港東村,411,292520,712,555,343,853,602.93,84.71
屏東縣,林邊鄉,林邊村,334,257446,771,630,400,993,574.54,74.54
屏東縣,林邊鄉,光林村,294,213082,725,546,336,931,667.52,92.10
屏東縣,林邊鄉,仁和村,389,273274,703,575,361,839,607.07,86.41
屏東縣,林邊鄉,中林村,190,132903,699,555,344,832,561.30,80.24
屏東縣,林邊鄉,永樂村,706,528695,749,567,349,947,930.35,124.24
屏東縣,林邊鄉,田厝村,159,117460,739,628,389,975,522.44,70.72
屏東縣,林邊鄉,崎峰村,224,123181,550,465,286,695,417.69,75.96
屏東縣,林邊鄉,水利村,293,192378,657,542,360,862,484.79,73.84
屏東縣,林邊鄉,竹林村,371,255439,689,560,348,859,559.76,81.30
屏東縣,林邊鄉,鎮安村,219,148139,676,550,358,861,532.04,78.65
屏東縣,南州鄉,溪州村,379,264370,698,556,346,907,512.81,73.52
屏東縣,南州鄉,溪南村,259,172812,667,556,328,863,522.94,78.38
屏東縣,南州鄉,仁里村,136,95985,706,603,313,865,571.59,80.99
屏東縣,南州鄉,溪北村,201,150819,750,664,396,972,496.58,66.18
屏東縣,南州鄉,七塊村,189,156953,830,577,360,937,1041.50,125.42
屏東縣,南州鄉,萬華村,191,135680,710,580,382,893,518.27,72.96
屏東縣,南州鄉,米崙村,226,167811,743,582,385,944,623.66,83.99
屏東縣,南州鄉,壽元村,176,108661,617,508,346,753,438.68,71.05
屏東縣,南州鄉,同安村,219,164405,751,590,413,1008,531.96,70.86
屏東縣,南州鄉,南安村,86,59818,696,575,373,888,494.27,71.06
屏東縣,佳冬鄉,佳冬村,327,245987,752,610,402,950,551.42,73.30
屏東縣,佳冬鄉,六根村,267,173631,650,561,352,818,454.55,69.90
屏東縣,佳冬鄉,賴家村,154,107600,699,615,385,857,498.28,71.32
屏東縣,佳冬鄉,萬建村,390,273382,701,570,360,837,536.87,76.59
屏東縣,佳冬鄉,石光村,375,266624,711,540,334,839,740.16,104.10
屏東縣,佳冬鄉,玉光村,386,252020,653,556,357,808,472.02,72.29
屏東縣,佳冬鄉,昌隆村,180,121062,673,573,371,854,463.11,68.86
屏東縣,佳冬鄉,豐隆村,128,80709,631,560,347,831,398.58,63.21
屏東縣,佳冬鄉,大同村,203,150943,744,586,386,944,625.01,84.06
屏東縣,佳冬鄉,羗園村,192,131283,684,581,381,802,529.59,77.45
屏東縣,佳冬鄉,燄溫村,145,84615,584,509,307,743,415.71,71.24
屏東縣,佳冬鄉,塭豐村,312,173463,556,515,332,711,380.21,68.39
屏東縣,琉球鄉,本福村,376,286893,763,609,394,956,571.70,74.93
屏東縣,琉球鄉,中福村,218,151563,695,542,320,954,534.32,76.85
屏東縣,琉球鄉,漁福村,163,109179,670,572,369,857,463.23,69.16
屏東縣,琉球鄉,大福村,294,210960,718,576,346,844,621.14,86.56
屏東縣,琉球鄉,南福村,171,109898,643,519,336,851,485.40,75.53
屏東縣,琉球鄉,天福村,149,98245,659,538,350,852,513.53,77.88
屏東縣,琉球鄉,上福村,243,155071,638,522,345,763,490.12,76.80
屏東縣,琉球鄉,杉福村,136,88524,651,480,322,759,543.77,83.54
屏東縣,車城鄉,福興村,264,179602,680,573,361,869,470.11,69.10
屏東縣,車城鄉,福安村,91,54458,598,517,292,800,441.75,73.82
屏東縣,車城鄉,統埔村,80,55244,691,514,366,842,538.90,78.04
屏東縣,車城鄉,田中村,106,62449,589,470,342,720,403.56,68.50
屏東縣,車城鄉,海口村,115,89199,776,632,388,1020,635.50,81.93
屏東縣,車城鄉,溫泉村,118,76548,649,467,294,832,690.62,106.46
屏東縣,車城鄉,保力村,180,105558,586,485,339,715,415.09,70.78
屏東縣,車城鄉,新街村,50,26266,525,420,331,666,314.63,59.89
屏東縣,車城鄉,埔墘村,93,54727,588,522,315,738,416.66,70.80
屏東縣,車城鄉,射寮村,69,36972,536,388,306,661,379.51,70.83
屏東縣,車城鄉,後灣村,74,43106,583,448,329,692,409.02,70.22
屏東縣,滿州鄉,滿州村,273,195631,717,531,344,783,1103.76,154.03
屏東縣,滿州鄉,里德村,48,28112,586,494,341,736,356.21,60.82
屏東縣,滿州鄉,永靖村,204,138789,680,546,332,867,516.89,75.97
屏東縣,滿州鄉,港口村,199,115895,582,537,336,724,389.00,66.79
屏東縣,滿州鄉,响林村,102,65655,644,511,364,767,564.72,87.73
屏東縣,滿州鄉,長樂村,175,100630,575,449,303,789,417.22,72.56
屏東縣,滿州鄉,九棚村,40,26183,655,619,371,813,335.75,51.29
屏東縣,滿州鄉,港仔村,38,24524,645,563,406,847,375.65,58.21
屏東縣,枋山鄉,枋山村,153,102163,668,511,317,774,922.96,138.22
屏東縣,枋山鄉,加祿村,237,158125,667,548,371,853,480.87,72.07
屏東縣,枋山鄉,楓港村,129,83431,647,478,335,690,594.55,91.93
屏東縣,枋山鄉,善餘村,115,66000,574,476,311,677,412.96,71.96
屏東縣,三地門鄉,三地村,342,228132,667,574,369,804,491.74,73.72
屏東縣,三地門鄉,賽嘉村,127,78537,618,547,340,802,442.27,71.52
屏東縣,三地門鄉,口社村,110,73879,672,589,375,842,432.57,64.41
屏東縣,三地門鄉,安坡村,64,37173,581,540,365,715,341.33,58.77
屏東縣,三地門鄉,青山村,119,82975,697,577,342,855,513.04,73.58
屏東縣,三地門鄉,達來村,46,27890,606,626,325,783,367.73,60.65
屏東縣,三地門鄉,青葉村,98,62702,640,607,450,830,351.69,54.97
屏東縣,三地門鄉,德文村,80,42207,528,512,283,698,311.72,59.08
屏東縣,三地門鄉,大社村,109,60996,560,552,361,703,314.24,56.15
屏東縣,三地門鄉,馬兒村,39,24690,633,602,340,771,372.48,58.84
屏東縣,霧臺鄉,霧臺村,273,188436,690,593,355,884,477.21,69.14
屏東縣,霧臺鄉,好茶村,82,48146,587,577,304,758,373.99,63.70
屏東縣,霧臺鄉,阿禮村,59,57759,979,679,434,939,1990.89,203.37
屏東縣,霧臺鄉,大武村,58,35426,611,547,357,678,360.30,58.99
屏東縣,霧臺鄉,吉露村,40,26955,674,634,421,813,365.87,54.29
屏東縣,霧臺鄉,佳暮村,74,42722,577,507,332,682,376.10,65.14
屏東縣,瑪家鄉,瑪家村,90,63898,710,584,343,877,548.37,77.24
屏東縣,瑪家鄉,北葉村,184,124115,675,614,381,849,430.36,63.80
屏東縣,瑪家鄉,凉山村,182,115564,635,581,349,796,410.04,64.58
屏東縣,瑪家鄉,排灣村,89,62068,697,652,416,933,380.46,54.55
屏東縣,瑪家鄉,三和村,470,313431,667,592,347,868,431.55,64.71
屏東縣,瑪家鄉,佳義村,154,103044,669,612,368,852,465.69,69.60
屏東縣,泰武鄉,佳平村,159,115075,724,633,403,899,468.64,64.75
屏東縣,泰武鄉,武潭村,188,132471,705,637,388,893,442.84,62.85
屏東縣,泰武鄉,佳興村,59,41736,707,573,378,789,552.50,78.10
屏東縣,泰武鄉,泰武村,99,59341,599,574,345,740,384.45,64.14
屏東縣,泰武鄉,平和村,130,76182,586,559,346,717,351.45,59.97
屏東縣,泰武鄉,萬安村,144,104679,727,690,433,944,401.80,55.27
屏東縣,來義鄉,丹林村,176,113307,644,590,301,821,444.13,68.99
屏東縣,來義鄉,來義村,186,108023,581,572,302,760,382.73,65.90
屏東縣,來義鄉,古樓村,232,144065,621,550,333,819,428.09,68.94
屏東縣,來義鄉,望嘉村,194,127597,658,564,325,876,471.02,71.61
屏東縣,來義鄉,文樂村,166,111852,674,577,319,814,695.72,103.25
屏東縣,來義鄉,義林村,135,85275,632,572,357,764,409.16,64.78
屏東縣,來義鄉,南和村,210,129263,616,562,325,726,501.89,81.54
屏東縣,春日鄉,春日村,134,95620,714,613,412,928,499.53,70.00
屏東縣,春日鄉,古華村,114,80911,710,570,379,728,991.54,139.70
屏東縣,春日鄉,士文村,35,21940,627,549,298,875,418.60,66.78
屏東縣,春日鄉,力里村,71,47766,673,592,398,859,372.71,55.40
屏東縣,春日鄉,七佳村,191,131487,688,577,391,810,486.38,70.65
屏東縣,春日鄉,歸崇村,111,74133,668,607,382,862,423.90,63.47
屏東縣,獅子鄉,楓林村,134,83938,626,545,357,797,397.10,63.39
屏東縣,獅子鄉,丹路村,110,86623,787,632,464,970,585.39,74.34
屏東縣,獅子鄉,草埔村,133,98922,744,636,371,892,563.87,75.81
屏東縣,獅子鄉,內文村,40,21911,548,435,296,689,378.45,69.09
屏東縣,獅子鄉,竹坑村,49,34457,703,660,497,796,356.54,50.70
屏東縣,獅子鄉,獅子村,55,30733,559,504,312,796,394.83,70.66
屏東縣,獅子鄉,內獅村,95,67661,712,601,408,874,479.29,67.30
屏東縣,獅子鄉,南世村,67,47940,716,605,434,957,406.53,56.82
屏東縣,牡丹鄉,石門村,331,248944,752,614,397,975,529.34,70.38
屏東縣,牡丹鄉,牡丹村,123,90674,737,656,519,937,408.95,55.47
屏東縣,牡丹鄉,東源村,72,52777,733,646,411,920,459.01,62.62
屏東縣,牡丹鄉,旭海村,67,45758,683,623,423,868,426.57,62.46
屏東縣,牡丹鄉,高士村,128,84217,658,529,327,895,526.89,80.08
屏東縣,牡丹鄉,四林村,73,42443,581,447,323,775,438.18,75.36
花蓮縣,花蓮市,民意里,504,355969,706,533,310,845,708.41,100.30
花蓮縣,花蓮市,民政里,1293,1158542,896,663,371,1147,837.49,93.47
花蓮縣,花蓮市,民運里,628,436906,696,527,330,864,618.60,88.92
花蓮縣,花蓮市,民樂里,205,158789,775,546,338,987,689.21,88.98
花蓮縣,花蓮市,民立里,546,553509,1014,659,396,1198,1703.30,168.02
花蓮縣,花蓮市,民勤里,1127,1161760,1031,749,426,1356,964.65,93.58
花蓮縣,花蓮市,民德里,576,521636,906,659,387,1195,762.59,84.21
花蓮縣,花蓮市,民權里,119,98229,825,562,299,1164,770.23,93.31
花蓮縣,花蓮市,民有里,169,137714,815,561,383,1005,805.60,98.86
花蓮縣,花蓮市,民主里,161,119923,745,589,297,894,700.00,93.98
花蓮縣,花蓮市,民治里,16,8310,519,513,362,598,300.58,57.88
花蓮縣,花蓮市,民族里,154,132453,860,564,284,911,1433.64,166.69
花蓮縣,花蓮市,民生里,385,289617,752,583,293,929,795.51,105.75
花蓮縣,花蓮市,主商里,214,169758,793,558,293,1101,719.31,90.68
花蓮縣,花蓮市,主勤里,264,208361,789,558,285,1011,784.68,99.42
花蓮縣,花蓮市,主工里,196,149937,765,624,338,932,606.65,79.30
花蓮縣,花蓮市,主睦里,152,118271,778,536,317,921,733.95,94.33
花蓮縣,花蓮市,主義里,135,104124,771,614,311,834,787.52,102.10
花蓮縣,花蓮市,主計里,214,165501,773,595,335,974,706.65,91.37
花蓮縣,花蓮市,主信里,180,139715,776,614,354,1063,620.55,79.95
花蓮縣,花蓮市,主和里,808,529830,656,527,306,839,580.32,88.50
花蓮縣,花蓮市,主學里,598,423017,707,572,322,930,592.23,83.72
花蓮縣,花蓮市,主農里,1169,889387,761,579,339,998,651.13,85.58
花蓮縣,花蓮市,主力里,909,649460,714,554,315,925,619.75,86.74
花蓮縣,花蓮市,主權里,1700,1262115,742,557,319,972,693.82,93.45
花蓮縣,花蓮市,國治里,311,276393,889,585,314,1130,972.93,109.48
花蓮縣,花蓮市,國風里,1111,852959,768,578,336,1002,693.39,90.32
花蓮縣,花蓮市,國威里,505,407412,807,564,330,1017,844.43,104.67
花蓮縣,花蓮市,國安里,186,145842,784,629,348,985,751.92,95.90
花蓮縣,花蓮市,國華里,785,644537,821,606,335,1040,775.96,94.51
花蓮縣,花蓮市,國魂里,640,500697,782,573,337,995,754.14,96.40
花蓮縣,花蓮市,國聯里,973,691845,711,553,313,912,653.59,91.92
花蓮縣,花蓮市,國富里,1724,1347882,782,570,340,975,776.14,99.27
花蓮縣,花蓮市,國慶里,325,352790,1086,643,332,1266,1341.50,123.58
花蓮縣,花蓮市,國福里,344,212407,617,527,349,733,476.62,77.19
花蓮縣,花蓮市,國強里,558,460955,826,624,380,1079,707.03,85.59
花蓮縣,花蓮市,國防里,277,193405,698,559,344,914,536.06,76.78
花蓮縣,花蓮市,國光里,347,258709,746,553,289,1007,678.99,91.07
花蓮縣,花蓮市,民心里,328,319718,975,635,370,1103,1223.10,125.48
花蓮縣,花蓮市,民享里,1013,902406,891,670,416,1127,884.52,99.29
花蓮縣,花蓮市,國裕里,1463,1111965,760,590,353,969,688.63,90.60
花蓮縣,花蓮市,國盛里,1156,810486,701,530,320,879,645.09,92.01
花蓮縣,花蓮市,主安里,816,595612,730,573,339,915,655.22,89.77
花蓮縣,花蓮市,國興里,1410,1449253,1028,716,403,1311,1025.71,99.79
花蓮縣,花蓮市,民孝里,1136,950140,836,643,407,1072,730.65,87.36
花蓮縣,光復鄉,大安村,228,161769,710,548,295,960,615.79,86.79
花蓮縣,光復鄉,大全村,144,88515,615,499,284,781,503.75,81.95
花蓮縣,光復鄉,大平村,179,114081,637,543,326,844,452.78,71.04
花蓮縣,光復鄉,大馬村,210,115761,551,477,276,725,418.66,75.95
花蓮縣,光復鄉,大進村,124,89822,724,578,361,912,539.84,74.52
花蓮縣,光復鄉,大同村,249,154767,622,498,325,742,473.21,76.13
花蓮縣,光復鄉,東富村,193,109946,570,538,354,685,321.93,56.51
花蓮縣,光復鄉,西富村,195,122639,629,568,364,779,464.72,73.89
花蓮縣,光復鄉,南富村,177,112614,636,539,325,741,584.54,91.88
花蓮縣,光復鄉,北富村,178,104759,589,514,277,794,457.91,77.81
花蓮縣,光復鄉,大富村,62,39122,631,476,267,759,571.65,90.59
花蓮縣,光復鄉,大豐村,76,51083,672,456,318,923,677.94,100.86
花蓮縣,光復鄉,大興村,83,48327,582,475,293,742,415.15,71.30
花蓮縣,光復鄉,大華村,295,195587,663,516,322,749,658.82,99.37
花蓮縣,玉里鎮,中城里,1544,1203589,780,582,350,1030,701.20,89.95
花蓮縣,玉里鎮,國武里,380,279006,734,557,329,918,659.32,89.80
花蓮縣,玉里鎮,啓模里,353,247902,702,514,342,784,756.78,107.76
花蓮縣,玉里鎮,泰昌里,243,197622,813,571,338,940,1176.05,144.61
花蓮縣,玉里鎮,源城里,250,149220,597,509,302,758,441.93,74.04
花蓮縣,玉里鎮,長良里,78,46470,596,501,303,642,524.96,88.11
花蓮縣,玉里鎮,樂合里,144,90472,628,521,363,804,415.74,66.17
花蓮縣,玉里鎮,觀音里,227,121461,535,468,295,645,442.57,82.71
花蓮縣,玉里鎮,松浦里,240,124932,521,476,298,696,337.01,64.74
花蓮縣,玉里鎮,春日里,111,69443,626,545,327,688,744.19,118.95
花蓮縣,玉里鎮,德武里,109,74876,687,533,348,800,609.65,88.75
花蓮縣,玉里鎮,三民里,146,99206,679,512,307,715,747.84,110.06
花蓮縣,玉里鎮,大禹里,203,138614,683,559,360,879,533.34,78.11
花蓮縣,玉里鎮,東豐里,78,45041,577,518,309,709,430.81,74.61
花蓮縣,玉里鎮,永昌里,277,193408,698,581,327,870,530.84,76.03
花蓮縣,新城鄉,新城村,366,262648,718,557,339,889,1055.61,147.10
花蓮縣,新城鄉,順安村,195,115873,594,500,304,745,472.32,79.48
花蓮縣,新城鄉,康樂村,705,571504,811,618,374,1002,1669.07,205.89
花蓮縣,新城鄉,北埔村,1125,809794,720,582,330,908,606.68,84.28
花蓮縣,新城鄉,佳林村,256,190819,745,526,298,959,729.91,97.92
花蓮縣,新城鄉,嘉里村,1181,990807,839,707,410,1047,698.42,83.25
花蓮縣,新城鄉,嘉新村,226,146244,647,554,343,808,457.76,70.74
花蓮縣,新城鄉,大漢村,675,401780,595,501,302,765,497.75,83.62
花蓮縣,吉安鄉,仁里村,1930,1347109,698,550,327,896,612.33,87.73
花蓮縣,吉安鄉,東昌村,1686,1232028,731,588,373,947,571.34,78.19
花蓮縣,吉安鄉,南昌村,1222,880237,720,563,335,919,624.21,86.66
花蓮縣,吉安鄉,北昌村,2450,1941545,792,602,340,1038,720.75,90.95
花蓮縣,吉安鄉,宜昌村,1188,840137,707,552,341,888,591.04,83.58
花蓮縣,吉安鄉,太昌村,980,749917,765,560,328,893,889.31,116.22
花蓮縣,吉安鄉,慶豐村,2243,1838737,820,620,361,1099,707.94,86.36
花蓮縣,吉安鄉,吉安村,1668,1381522,828,596,353,1123,720.57,87.00
花蓮縣,吉安鄉,福興村,842,652683,775,581,346,977,708.72,91.43
花蓮縣,吉安鄉,稻香村,1044,870263,834,567,345,1029,1130.91,135.67
花蓮縣,吉安鄉,永興村,744,484037,651,533,320,819,502.24,77.20
花蓮縣,吉安鄉,南華村,368,261122,710,547,312,821,677.00,95.41
花蓮縣,吉安鄉,干城村,290,217210,749,583,384,843,666.38,88.97
花蓮縣,吉安鄉,光華村,569,427024,750,542,330,952,719.79,95.91
花蓮縣,吉安鄉,仁和村,1273,856884,673,562,342,859,525.31,78.04
花蓮縣,吉安鄉,仁安村,674,429128,637,508,306,792,588.50,92.43
花蓮縣,吉安鄉,永安村,1341,1095734,817,618,365,1074,753.36,92.20
花蓮縣,吉安鄉,勝安村,1648,1355154,822,625,358,1096,741.88,90.22
花蓮縣,壽豐鄉,池南村,151,99510,659,495,315,767,580.69,88.12
花蓮縣,壽豐鄉,志學村,671,499367,744,570,348,943,655.85,88.13
花蓮縣,壽豐鄉,光榮村,172,104662,608,507,315,742,787.62,129.44
花蓮縣,壽豐鄉,平和村,293,204571,698,507,309,846,665.19,95.27
花蓮縣,壽豐鄉,壽豐村,367,248767,678,519,317,829,582.17,85.89
花蓮縣,壽豐鄉,共和村,168,154734,921,558,332,1096,1138.20,123.58
花蓮縣,壽豐鄉,豐山村,445,278497,626,490,302,785,574.10,91.73
花蓮縣,壽豐鄉,豐裡村,353,224483,636,505,313,811,554.29,87.16
花蓮縣,壽豐鄉,豐坪村,199,147432,741,539,333,958,643.30,86.83
花蓮縣,壽豐鄉,溪口村,194,124465,642,495,346,743,548.02,85.42
花蓮縣,壽豐鄉,月眉村,195,110042,564,527,334,754,334.53,59.28
花蓮縣,壽豐鄉,米棧村,40,18978,474,377,252,638,383.08,80.74
花蓮縣,壽豐鄉,水璉村,96,58753,612,536,389,853,374.49,61.19
花蓮縣,壽豐鄉,鹽寮村,100,76172,762,488,302,724,1189.88,156.21
花蓮縣,壽豐鄉,樹湖村,73,55505,760,552,371,772,917.99,120.73
花蓮縣,鳳林鎮,鳳仁里,322,246678,766,582,364,961,586.10,76.51
花蓮縣,鳳林鎮,鳳義里,145,110044,759,501,283,945,1186.37,156.32
花蓮縣,鳳林鎮,鳳禮里,161,127096,789,582,326,1038,859.77,108.91
花蓮縣,鳳林鎮,鳳智里,320,223562,699,535,340,921,547.31,78.34
花蓮縣,鳳林鎮,鳳信里,307,193326,630,510,355,720,481.89,76.52
花蓮縣,鳳林鎮,林榮里,204,135070,662,473,319,731,754.66,113.98
花蓮縣,鳳林鎮,南平里,101,72678,720,569,341,781,844.50,117.36
花蓮縣,鳳林鎮,北林里,115,79485,691,564,342,979,522.85,75.65
花蓮縣,鳳林鎮,大榮里,252,166464,661,551,337,829,490.13,74.20
花蓮縣,鳳林鎮,山興里,81,41545,513,436,309,586,344.74,67.21
花蓮縣,鳳林鎮,長橋里,197,133808,679,565,346,859,516.98,76.11
花蓮縣,鳳林鎮,森榮里,27,14276,529,518,335,629,231.12,43.71
花蓮縣,豐濱鄉,豐濱村,280,158002,564,508,331,747,348.40,61.74
花蓮縣,豐濱鄉,港口村,101,86815,860,443,337,669,3437.95,399.97
花蓮縣,豐濱鄉,靜浦村,94,44251,471,434,270,600,286.18,60.79
花蓮縣,豐濱鄉,新社村,97,48530,500,426,293,612,344.91,68.94
花蓮縣,豐濱鄉,磯崎村,50,31215,624,525,375,751,386.61,61.93
花蓮縣,瑞穗鄉,瑞穗村,442,306276,693,545,340,837,623.19,89.94
花蓮縣,瑞穗鄉,瑞良村,102,59185,580,454,311,645,577.84,99.59
花蓮縣,瑞穗鄉,瑞美村,420,277163,660,565,297,868,511.87,77.57
花蓮縣,瑞穗鄉,瑞祥村,188,127995,681,540,409,797,605.73,88.97
花蓮縣,瑞穗鄉,瑞北村,95,64348,677,490,324,692,627.38,92.62
花蓮縣,瑞穗鄉,奇美村,56,31226,558,481,308,639,378.70,67.91
花蓮縣,瑞穗鄉,富源村,126,71989,571,461,327,674,450.24,78.80
花蓮縣,瑞穗鄉,富興村,85,54537,642,473,303,803,634.94,98.96
花蓮縣,瑞穗鄉,富民村,148,84736,573,515,304,724,427.42,74.65
花蓮縣,瑞穗鄉,舞鶴村,172,91905,534,480,295,687,393.58,73.66
花蓮縣,瑞穗鄉,鶴岡村,138,70556,511,480,294,677,315.89,61.78
花蓮縣,富里鄉,富里村,252,161400,640,521,283,801,588.63,91.91
花蓮縣,富里鄉,永豐村,82,43168,526,442,233,642,467.72,88.85
花蓮縣,富里鄉,富南村,66,44018,667,527,335,765,840.49,126.02
花蓮縣,富里鄉,學田村,105,66096,629,514,305,720,570.92,90.70
花蓮縣,富里鄉,石牌村,175,103074,589,483,295,749,495.69,84.16
花蓮縣,富里鄉,明里村,65,42149,648,514,350,730,549.73,84.78
花蓮縣,富里鄉,羅山村,76,42943,565,437,291,725,524.28,92.79
花蓮縣,富里鄉,竹田村,231,143116,620,493,311,743,515.47,83.20
花蓮縣,富里鄉,新興村,97,58017,598,545,331,818,372.37,62.26
花蓮縣,富里鄉,萬寧村,93,49162,529,481,263,707,340.55,64.42
花蓮縣,富里鄉,豐南村,84,51594,614,557,361,768,492.18,80.13
花蓮縣,富里鄉,東里村,188,132814,706,514,316,819,766.27,108.47
花蓮縣,富里鄉,吳江村,72,37516,521,447,252,665,419.45,80.50
花蓮縣,秀林鄉,和平村,413,240920,583,465,292,719,530.24,90.90
花蓮縣,秀林鄉,崇德村,333,198162,595,506,319,757,455.29,76.51
花蓮縣,秀林鄉,富世村,464,297390,641,568,349,811,417.40,65.12
花蓮縣,秀林鄉,秀林村,442,274839,622,520,339,780,441.01,70.92
花蓮縣,秀林鄉,景美村,405,254243,628,549,354,746,535.63,85.32
花蓮縣,秀林鄉,佳民村,217,131115,604,540,365,732,453.98,75.14
花蓮縣,秀林鄉,銅門村,317,187547,592,465,297,816,419.35,70.88
花蓮縣,秀林鄉,文蘭村,238,160773,676,573,383,841,454.68,67.31
花蓮縣,秀林鄉,水源村,262,160991,614,531,331,781,422.32,68.73
花蓮縣,萬榮鄉,西林村,264,171692,650,537,336,806,481.85,74.09
花蓮縣,萬榮鄉,見晴村,148,86129,582,526,355,687,382.65,65.75
花蓮縣,萬榮鄉,萬榮村,178,113052,635,560,346,794,424.30,66.81
花蓮縣,萬榮鄉,明利村,134,79198,591,550,332,675,394.95,66.82
花蓮縣,萬榮鄉,馬遠村,291,152826,525,456,299,686,326.91,62.25
花蓮縣,萬榮鄉,紅葉村,257,150787,587,480,315,728,442.01,75.34
花蓮縣,卓溪鄉,崙山村,120,75189,627,527,333,792,440.83,70.36
花蓮縣,卓溪鄉,立山村,219,129643,592,536,347,753,354.42,59.87
花蓮縣,卓溪鄉,太平村,173,109753,634,586,403,766,383.67,60.48
花蓮縣,卓溪鄉,卓溪村,172,108225,629,546,366,775,447.70,71.15
花蓮縣,卓溪鄉,卓清村,210,113576,541,510,289,691,339.55,62.78
花蓮縣,卓溪鄉,古風村,186,107002,575,526,339,727,350.94,61.00
臺東縣,臺東市,中山里,234,170000,726,532,283,1019,722.92,99.51
臺東縣,臺東市,文化里,204,186772,916,601,337,1237,1032.10,112.73
臺東縣,臺東市,中正里,268,229368,856,595,326,1057,871.74,101.86
臺東縣,臺東市,中華里,418,277743,664,541,325,830,553.08,83.24
臺東縣,臺東市,成功里,185,110418,597,520,306,775,467.60,78.34
臺東縣,臺東市,大同里,189,128600,680,519,303,922,549.61,80.77
臺東縣,臺東市,寶桑里,208,129484,623,474,300,735,610.21,98.02
臺東縣,臺東市,中心里,1007,961333,955,696,391,1243,991.84,103.90
臺東縣,臺東市,仁愛里,189,117058,619,505,320,789,507.29,81.91
臺東縣,臺東市,新生里,2060,1700810,826,622,383,1074,669.06,81.04
臺東縣,臺東市,復興里,95,62757,661,470,332,847,649.63,98.34
臺東縣,臺東市,豐里里,511,382754,749,561,351,946,685.52,91.52
臺東縣,臺東市,豐年里,727,560290,771,624,367,948,627.85,81.47
臺東縣,臺東市,豐原里,238,169205,711,567,334,861,615.90,86.63
臺東縣,臺東市,康樂里,297,208080,701,539,361,885,567.17,80.95
臺東縣,臺東市,光明里,826,826388,1000,733,420,1218,2604.68,260.35
臺東縣,臺東市,鐵花里,118,92193,781,573,343,998,648.86,83.05
臺東縣,臺東市,四維里,136,81410,599,521,330,736,415.92,69.48
臺東縣,臺東市,新興里,244,180423,739,548,352,974,685.02,92.64
臺東縣,臺東市,豐榮里,2514,2022051,804,643,365,1053,670.86,83.41
臺東縣,臺東市,永樂里,516,491035,952,730,406,1260,796.46,83.70
臺東縣,臺東市,興國里,218,168811,774,618,353,1024,621.52,80.26
臺東縣,臺東市,民族里,503,461861,918,682,361,1223,821.92,89.51
臺東縣,臺東市,建國里,270,171642,636,479,252,764,673.82,105.99
臺東縣,臺東市,強國里,144,90808,631,481,313,783,508.21,80.59
臺東縣,臺東市,民生里,1004,831401,828,602,370,994,760.31,91.82
臺東縣,臺東市,馬蘭里,850,664920,782,609,358,1016,634.82,81.15
臺東縣,臺東市,復國里,108,60997,565,474,250,756,442.28,78.31
臺東縣,臺東市,豐樂里,381,272020,714,559,333,953,551.55,77.25
臺東縣,臺東市,東海里,898,720896,803,614,378,1017,681.77,84.93
臺東縣,臺東市,民權里,260,241561,929,746,427,1201,776.60,83.59
臺東縣,臺東市,卑南里,910,887751,976,745,444,1372,792.67,81.25
臺東縣,臺東市,南王里,671,481421,717,573,372,936,525.73,73.28
臺東縣,臺東市,建和里,279,167675,601,512,326,747,432.03,71.89
臺東縣,臺東市,知本里,263,159585,607,516,299,824,449.98,74.16
臺東縣,臺東市,富岡里,223,148762,667,517,320,768,596.48,89.41
臺東縣,臺東市,建興里,207,135913,657,514,304,784,564.22,85.93
臺東縣,臺東市,南榮里,654,531386,813,630,378,1036,673.11,82.84
臺東縣,臺東市,岩灣里,551,453619,823,668,391,1081,653.47,79.38
臺東縣,臺東市,新園里,269,155492,578,521,333,712,397.89,68.84
臺東縣,臺東市,豐田里,406,262118,646,543,335,790,497.37,77.04
臺東縣,臺東市,自強里,1361,1146892,843,637,361,1141,695.27,82.51
臺東縣,臺東市,豐谷里,1353,983107,727,582,373,921,562.16,77.37
臺東縣,臺東市,建農里,326,213484,655,562,379,799,445.00,67.95
臺東縣,臺東市,建業里,220,147818,672,526,342,789,658.26,97.97
臺東縣,臺東市,富豐里,164,107821,657,564,377,865,425.88,64.78
臺東縣,成功鎮,忠仁里,422,268015,635,520,310,837,493.42,77.69
臺東縣,成功鎮,忠智里,395,286213,725,569,352,940,561.47,77.49
臺東縣,成功鎮,三民里,558,377816,677,545,350,812,609.15,89.97
臺東縣,成功鎮,三仙里,181,124744,689,578,379,889,551.07,79.96
臺東縣,成功鎮,忠孝里,141,77730,551,488,312,698,344.27,62.45
臺東縣,成功鎮,博愛里,87,48629,559,488,371,746,285.42,51.06
臺東縣,成功鎮,信義里,284,169948,598,473,313,688,544.56,91.00
臺東縣,成功鎮,和平里,129,68138,528,474,320,706,329.42,62.37
臺東縣,關山鎮,里壠里,397,287985,725,553,354,925,570.14,78.60
臺東縣,關山鎮,中福里,198,156609,791,606,316,981,707.57,89.46
臺東縣,關山鎮,新福里,169,116050,687,526,361,823,625.98,91.16
臺東縣,關山鎮,德高里,299,181956,609,522,347,745,468.02,76.91
臺東縣,關山鎮,豐泉里,308,236609,768,565,370,983,768.81,100.08
臺東縣,關山鎮,月眉里,104,79535,765,640,434,942,529.52,69.24
臺東縣,關山鎮,電光里,88,53149,604,528,359,778,403.53,66.81
臺東縣,卑南鄉,賓朗村,442,289006,654,536,317,878,528.18,80.78
臺東縣,卑南鄉,美農村,131,85792,655,536,333,834,521.96,79.70
臺東縣,卑南鄉,初鹿村,216,143481,664,535,335,845,571.30,86.01
臺東縣,卑南鄉,嘉豐村,68,39568,582,405,250,774,491.44,84.46
臺東縣,卑南鄉,太平村,677,492140,727,567,355,945,582.32,80.11
臺東縣,卑南鄉,利嘉村,235,157092,668,573,379,871,463.60,69.35
臺東縣,卑南鄉,東興村,231,142611,617,553,397,780,350.90,56.84
臺東縣,卑南鄉,溫泉村,185,111329,602,459,301,742,545.11,90.58
臺東縣,卑南鄉,利吉村,71,45975,648,478,320,743,668.02,103.16
臺東縣,卑南鄉,富源村,59,35190,596,569,366,706,397.31,66.61
臺東縣,卑南鄉,明峰村,210,137306,654,535,355,759,547.87,83.79
臺東縣,卑南鄉,泰安村,189,124101,657,534,310,737,815.54,124.20
臺東縣,卑南鄉,富山村,65,37556,578,457,188,712,526.39,91.11
臺東縣,大武鄉,大武村,280,177775,635,530,306,829,462.42,72.83
臺東縣,大武鄉,尚武村,245,167944,685,543,336,848,567.00,82.72
臺東縣,大武鄉,大鳥村,178,107487,604,556,377,738,351.16,58.15
臺東縣,大武鄉,大竹村,109,79965,734,578,385,838,690.88,94.17
臺東縣,大武鄉,南興村,97,52305,539,425,304,729,345.13,64.00
臺東縣,太麻里鄉,泰和村,280,173961,621,519,309,789,469.75,75.61
臺東縣,太麻里鄉,大王村,318,216116,680,561,349,858,488.89,71.94
臺東縣,太麻里鄉,美和村,188,111320,592,509,285,735,443.01,74.82
臺東縣,太麻里鄉,金崙村,268,170998,638,570,382,784,398.70,62.49
臺東縣,太麻里鄉,多良村,119,82471,693,643,435,806,425.14,61.35
臺東縣,太麻里鄉,華源村,73,38269,524,473,290,715,366.65,69.94
臺東縣,太麻里鄉,三和村,80,48080,601,507,260,855,482.27,80.24
臺東縣,太麻里鄉,北里村,79,45294,573,455,347,690,393.16,68.57
臺東縣,太麻里鄉,香蘭村,121,75123,621,533,344,790,444.57,71.61
臺東縣,東河鄉,東河村,179,122453,684,543,322,846,778.57,113.81
臺東縣,東河鄉,泰源村,167,97285,583,504,342,747,368.77,63.30
臺東縣,東河鄉,北源村,167,102057,611,529,345,836,388.28,63.54
臺東縣,東河鄉,隆昌村,76,56399,742,571,332,768,1602.36,215.93
臺東縣,東河鄉,興昌村,146,127190,871,509,303,935,1303.16,149.59
臺東縣,東河鄉,都蘭村,348,342090,983,484,295,794,5755.83,585.53
臺東縣,東河鄉,尚德村,39,22156,568,378,237,694,561.68,98.87
臺東縣,長濱鄉,樟原村,82,48404,590,531,339,721,360.93,61.14
臺東縣,長濱鄉,三間村,192,117699,613,531,334,748,504.29,82.26
臺東縣,長濱鄉,長濱村,326,197434,606,484,301,756,570.70,94.23
臺東縣,長濱鄉,忠勇村,71,41145,580,448,310,728,485.33,83.75
臺東縣,長濱鄉,竹湖村,130,78418,603,518,315,742,448.39,74.33
臺東縣,長濱鄉,寧埔村,195,115913,594,508,349,740,409.15,68.83
臺東縣,鹿野鄉,鹿野村,182,127072,698,560,385,920,558.96,80.06
臺東縣,鹿野鄉,永安村,260,166320,640,542,307,824,506.24,79.14
臺東縣,鹿野鄉,瑞源村,156,101060,648,500,339,795,476.56,73.56
臺東縣,鹿野鄉,瑞豐村,134,91535,683,586,342,852,542.48,79.41
臺東縣,鹿野鄉,龍田村,190,147639,777,593,358,944,773.53,99.55
臺東縣,鹿野鄉,瑞隆村,147,95358,649,534,343,802,559.47,86.25
臺東縣,鹿野鄉,瑞和村,110,68665,624,563,426,792,350.43,56.14
臺東縣,池上鄉,福原村,424,319919,755,548,309,989,721.44,95.61
臺東縣,池上鄉,福文村,172,109800,638,491,347,771,494.20,77.41
臺東縣,池上鄉,慶豐村,111,68249,615,540,379,712,419.32,68.20
臺東縣,池上鄉,大坡村,38,28832,759,651,434,933,534.34,70.43
臺東縣,池上鄉,大埔村,144,102887,714,578,357,892,581.03,81.32
臺東縣,池上鄉,新興村,142,96211,678,473,341,804,595.66,87.91
臺東縣,池上鄉,錦園村,49,32071,655,562,343,853,486.34,74.31
臺東縣,池上鄉,萬安村,50,34685,694,574,309,972,543.87,78.40
臺東縣,池上鄉,富興村,54,34008,630,492,308,674,541.80,86.03
臺東縣,池上鄉,振興村,54,38114,706,581,347,756,703.34,99.65
臺東縣,綠島鄉,中寮村,264,230270,872,671,401,1120,674.49,77.33
臺東縣,綠島鄉,公館村,265,217391,820,702,418,1036,658.94,80.32
臺東縣,綠島鄉,南寮村,367,280815,765,629,357,1028,588.36,76.89
臺東縣,延平鄉,桃源村,218,149311,685,575,334,875,498.42,72.77
臺東縣,延平鄉,紅葉村,104,74884,720,613,410,878,511.50,71.04
臺東縣,延平鄉,武陵村,125,75893,607,560,367,796,355.11,58.49
臺東縣,延平鄉,永康村,66,47536,720,572,462,816,457.37,63.50
臺東縣,延平鄉,鸞山村,113,73841,653,553,358,760,509.33,77.94
臺東縣,海端鄉,海端村,225,152779,679,567,400,860,420.93,61.99
臺東縣,海端鄉,崁頂村,138,90046,653,557,423,829,362.60,55.57
臺東縣,海端鄉,加拿村,90,59859,665,582,406,892,355.99,53.52
臺東縣,海端鄉,霧鹿村,44,28527,648,615,473,774,310.65,47.91
臺東縣,海端鄉,利稻村,48,32177,670,588,329,822,431.67,64.39
臺東縣,海端鄉,廣原村,131,86042,657,615,326,830,410.18,62.45
臺東縣,達仁鄉,土坂村,150,104523,697,575,413,826,458.62,65.82
臺東縣,達仁鄉,臺坂村,79,48217,610,538,353,808,401.78,65.83
臺東縣,達仁鄉,新化村,46,32292,702,614,350,953,403.80,57.52
臺東縣,達仁鄉,安朔村,110,80996,736,626,442,972,453.41,61.58
臺東縣,達仁鄉,森永村,68,49790,732,669,436,934,360.56,49.24
臺東縣,達仁鄉,南田村,67,44169,659,575,448,774,385.22,58.43
臺東縣,金峰鄉,嘉蘭村,208,136545,656,593,412,821,389.07,59.27
臺東縣,金峰鄉,歷坵村,30,18557,619,621,452,768,364.94,59.00
臺東縣,金峰鄉,新興村,98,84307,860,717,509,1057,551.79,64.14
臺東縣,金峰鄉,賓茂村,54,41346,766,618,341,944,632.90,82.66
臺東縣,金峰鄉,正興村,119,88963,748,677,402,953,604.47,80.86
臺東縣,蘭嶼鄉,紅頭村,257,210978,821,654,435,970,665.38,81.05
臺東縣,蘭嶼鄉,東清村,187,119314,638,543,340,873,409.70,64.21
臺東縣,蘭嶼鄉,朗島村,125,73131,585,472,318,779,390.88,66.81
臺東縣,蘭嶼鄉,椰油村,192,151086,787,662,443,1063,495.28,62.94
澎湖縣,馬公市,長安里,182,168972,928,596,369,1131,1169.02,125.91
澎湖縣,馬公市,復興里,231,199038,862,757,589,1001,532.37,61.79
澎湖縣,馬公市,新復里,0,0,0,0,0,0,0.00,0.00
澎湖縣,馬公市,中央里,147,119266,811,638,377,1114,656.43,80.91
澎湖縣,馬公市,啓明里,307,317376,1034,685,393,1274,1171.81,113.35
澎湖縣,馬公市,重慶里,315,299270,950,631,352,1100,1899.81,199.97
澎湖縣,馬公市,光復里,629,534028,849,687,394,1049,737.65,86.88
澎湖縣,馬公市,光明里,422,392687,931,737,444,1178,728.73,78.31
澎湖縣,馬公市,重光里,487,435152,894,718,427,1197,680.33,76.14
澎湖縣,馬公市,西衛里,1453,1377113,948,756,441,1262,737.72,77.84
澎湖縣,馬公市,朝陽里,1737,1542693,888,703,417,1182,701.63,79.00
澎湖縣,馬公市,東文里,1072,917488,856,671,381,1144,734.49,85.82
澎湖縣,馬公市,西文里,1064,931625,876,694,407,1141,722.49,82.52
澎湖縣,馬公市,案山里,763,649071,851,792,525,1077,498.54,58.60
澎湖縣,馬公市,光華里,369,335959,910,823,650,1009,463.46,50.90
澎湖縣,馬公市,前寮里,326,311496,956,777,469,1156,886.10,92.74
澎湖縣,馬公市,石泉里,862,916508,1063,749,476,1221,3400.38,319.81
澎湖縣,馬公市,菜園里,114,84053,737,605,313,1004,539.77,73.21
澎湖縣,馬公市,東衛里,659,583563,886,722,468,1135,700.00,79.05
澎湖縣,馬公市,安宅里,168,147700,879,693,405,1038,717.86,81.65
澎湖縣,馬公市,烏崁里,241,176549,733,624,380,919,522.09,71.27
澎湖縣,馬公市,興仁里,316,251819,797,679,444,959,564.28,70.81
澎湖縣,馬公市,鐵線里,161,126078,783,625,404,1016,563.44,71.95
澎湖縣,馬公市,山水里,375,295519,788,613,358,996,730.81,92.74
澎湖縣,馬公市,鎖港里,605,458346,758,639,390,954,589.06,77.75
澎湖縣,馬公市,井垵里,88,60850,691,572,370,875,529.76,76.61
澎湖縣,馬公市,嵵裡里,248,192723,777,644,373,993,620.01,79.78
澎湖縣,馬公市,風櫃里,250,171581,686,558,373,895,497.97,72.56
澎湖縣,馬公市,虎井里,210,170510,812,683,449,982,665.90,82.01
澎湖縣,馬公市,桶盤里,53,37740,712,668,422,908,421.96,59.26
澎湖縣,馬公市,中興里,302,281211,931,741,478,1159,764.03,82.05
澎湖縣,馬公市,五德里,155,120559,778,677,532,832,732.99,94.24
澎湖縣,馬公市,光榮里,1344,1258553,936,747,425,1217,762.78,81.46
澎湖縣,馬公市,陽明里,801,758686,947,730,412,1226,823.89,86.98
澎湖縣,湖西鄉,湖西村,310,250333,808,657,392,1031,594.45,73.61
澎湖縣,湖西鄉,湖東村,68,52571,773,633,387,978,607.18,78.54
澎湖縣,湖西鄉,南寮村,152,113799,749,582,343,910,672.91,89.88
澎湖縣,湖西鄉,白坑村,50,24961,499,355,207,658,468.49,93.84
澎湖縣,湖西鄉,青螺村,50,37730,755,591,386,1024,630.19,83.51
澎湖縣,湖西鄉,紅羅村,199,146821,738,636,333,920,570.66,77.35
澎湖縣,湖西鄉,西溪村,241,189672,787,700,570,945,458.10,58.21
澎湖縣,湖西鄉,沙港村,178,142336,800,666,411,1050,625.31,78.20
澎湖縣,湖西鄉,成功村,246,187955,764,644,398,938,546.58,71.54
澎湖縣,湖西鄉,東石村,29,23151,798,785,328,1095,564.91,70.76
澎湖縣,湖西鄉,鼎灣村,169,143421,849,741,408,1061,595.91,70.22
澎湖縣,湖西鄉,中西村,55,47837,870,693,267,1053,798.21,91.77
澎湖縣,湖西鄉,潭邊村,57,42594,747,685,416,1097,494.89,66.23
澎湖縣,湖西鄉,許家村,97,82789,853,657,421,1172,594.36,69.64
澎湖縣,湖西鄉,隘門村,294,245265,834,744,533,1021,510.59,61.20
澎湖縣,湖西鄉,林投村,236,163117,691,596,359,880,494.22,71.50
澎湖縣,湖西鄉,尖山村,151,107336,711,580,376,923,538.33,75.73
澎湖縣,湖西鄉,龍門村,455,322936,710,622,418,894,448.12,63.14
澎湖縣,湖西鄉,菓葉村,140,103893,742,661,417,892,545.07,73.45
澎湖縣,湖西鄉,北寮村,69,49876,723,621,403,946,440.36,60.92
澎湖縣,湖西鄉,城北村,79,56166,711,644,416,822,541.95,76.23
澎湖縣,湖西鄉,太武村,18,12547,697,640,378,842,439.77,63.09
澎湖縣,白沙鄉,中屯村,138,129025,935,770,404,1295,681.49,72.89
澎湖縣,白沙鄉,講美村,189,145162,768,667,390,971,587.87,76.54
澎湖縣,白沙鄉,城前村,40,34483,862,629,326,1192,782.01,90.71
澎湖縣,白沙鄉,鎮海村,36,26500,736,603,297,828,641.24,87.11
澎湖縣,白沙鄉,港子村,65,51218,788,658,428,1121,525.44,66.68
澎湖縣,白沙鄉,小赤村,37,31356,847,617,454,844,938.70,110.77
澎湖縣,白沙鄉,岐頭村,55,40785,742,544,364,929,549.30,74.07
澎湖縣,白沙鄉,赤崁村,444,344725,776,671,369,1059,549.29,70.75
澎湖縣,白沙鄉,瓦硐村,51,40023,785,596,338,1039,633.03,80.66
澎湖縣,白沙鄉,後寮村,158,122686,776,666,443,962,552.26,71.12
澎湖縣,白沙鄉,通梁村,163,122398,751,600,350,962,575.44,76.63
澎湖縣,白沙鄉,吉貝村,202,140796,697,607,335,830,526.01,75.47
澎湖縣,白沙鄉,鳥嶼村,181,108098,597,505,339,756,378.93,63.45
澎湖縣,白沙鄉,員貝村,49,40442,825,672,336,1113,627.80,76.06
澎湖縣,白沙鄉,大倉村,54,32922,610,453,221,744,561.67,92.13
澎湖縣,西嶼鄉,合界村,85,62685,737,618,360,902,556.08,75.40
澎湖縣,西嶼鄉,橫礁村,46,32526,707,613,486,821,562.87,79.60
澎湖縣,西嶼鄉,竹灣村,178,126537,711,575,309,858,656.45,92.34
澎湖縣,西嶼鄉,小門村,58,41138,709,594,349,906,557.82,78.65
澎湖縣,西嶼鄉,大池村,124,86530,698,605,369,779,574.09,82.27
澎湖縣,西嶼鄉,二崁村,26,55497,2135,646,313,1103,7425.70,347.89
澎湖縣,西嶼鄉,池東村,170,141047,830,679,376,1019,683.63,82.40
澎湖縣,西嶼鄉,池西村,36,28342,787,593,390,961,633.19,80.43
澎湖縣,西嶼鄉,赤馬村,100,60443,604,553,338,833,374.41,61.94
澎湖縣,西嶼鄉,內垵村,265,178947,675,545,359,906,490.78,72.68
澎湖縣,西嶼鄉,外垵村,361,265826,736,625,371,906,604.57,82.10
澎湖縣,望安鄉,東安村,275,236991,862,757,405,1241,570.59,66.21
澎湖縣,望安鄉,西安村,144,109857,763,595,375,1023,571.73,74.94
澎湖縣,望安鄉,將軍村,227,167170,736,618,330,940,607.36,82.47
澎湖縣,望安鄉,中社村,86,68134,792,587,402,948,732.70,92.48
澎湖縣,望安鄉,花嶼村,39,31761,814,733,557,972,411.07,50.48
澎湖縣,望安鄉,水垵村,95,71401,752,645,326,1063,543.36,72.29
澎湖縣,望安鄉,東吉村,45,36193,804,659,387,929,592.36,73.65
澎湖縣,望安鄉,東坪村,80,57164,715,631,365,881,508.97,71.23
澎湖縣,望安鄉,西坪村,45,30153,670,609,366,809,524.76,78.31
澎湖縣,七美鄉,東湖村,53,29712,561,482,290,651,417.00,74.38
澎湖縣,七美鄉,西湖村,122,97015,795,526,290,1085,743.01,93.44
澎湖縣,七美鄉,中和村,172,142176,827,713,401,988,788.26,95.36
澎湖縣,七美鄉,平和村,93,72940,784,747,428,1078,487.25,62.13
澎湖縣,七美鄉,南港村,273,208220,763,661,384,991,583.47,76.50
澎湖縣,七美鄉,海豐村,70,58274,832,602,355,1073,682.78,82.02
金門縣,金城鎮,東門里,1541,1393755,904,690,403,1187,738.96,81.70
金門縣,金城鎮,南門里,1876,1785777,952,716,428,1186,1358.48,142.71
金門縣,金城鎮,西門里,3570,3603814,1009,765,452,1324,862.27,85.42
金門縣,金城鎮,北門里,1418,1332527,940,709,412,1200,802.66,85.41
金門縣,金城鎮,賢庵里,1443,1280837,888,702,405,1139,727.39,81.95
金門縣,金城鎮,金水里,724,683836,945,737,425,1278,740.12,78.36
金門縣,金城鎮,古城里,1247,1131727,908,716,421,1170,895.48,98.67
金門縣,金城鎮,珠沙里,935,817493,874,708,387,1165,690.11,78.93
金門縣,金寧鄉,古寧村,1009,908437,900,690,429,1116,1129.50,125.45
金門縣,金寧鄉,安美村,1417,1227023,866,694,390,1087,760.72,87.85
金門縣,金寧鄉,湖埔村,2132,2009115,942,724,415,1226,804.12,85.33
金門縣,金寧鄉,榜林村,1749,1586273,907,703,429,1154,935.56,103.15
金門縣,金寧鄉,盤山村,1776,1685009,949,749,433,1214,851.36,89.73
金門縣,金寧鄉,后盤村,462,396194,858,689,425,1125,627.63,73.19
金門縣,金湖鎮,新市里,1501,1463232,975,727,446,1223,842.78,86.45
金門縣,金湖鎮,山外里,1037,937985,905,737,429,1199,670.82,74.16
金門縣,金湖鎮,溪湖里,448,375312,838,598,395,976,1041.01,124.26
金門縣,金湖鎮,蓮庵里,557,505934,908,750,439,1188,680.76,74.95
金門縣,金湖鎮,料羅里,729,663280,910,786,472,1173,651.84,71.64
金門縣,金湖鎮,新湖里,2686,2462119,917,731,440,1146,786.38,85.79
金門縣,金湖鎮,正義里,835,738670,885,681,431,1155,779.61,88.13
金門縣,金湖鎮,瓊林里,1035,914579,884,703,421,1131,736.65,83.36
金門縣,金沙鎮,汶沙里,1672,1498424,896,697,425,1116,784.70,87.56
金門縣,金沙鎮,何斗里,630,538284,854,686,420,1065,658.83,77.11
金門縣,金沙鎮,浦山里,713,616735,865,656,398,1084,742.61,85.85
金門縣,金沙鎮,西園里,476,414987,872,709,418,1071,919.38,105.46
金門縣,金沙鎮,官嶼里,648,601874,929,736,446,1193,760.71,81.90
金門縣,金沙鎮,光前里,717,644161,898,705,399,1165,892.17,99.30
金門縣,金沙鎮,三山里,560,482904,862,700,431,1098,627.17,72.73
金門縣,金沙鎮,大洋里,373,324326,870,658,400,1111,798.40,91.82
金門縣,烈嶼鄉,林湖村,1043,897821,861,713,441,1088,648.47,75.33
金門縣,烈嶼鄉,黃埔村,492,410137,834,642,412,1022,785.93,94.28
金門縣,烈嶼鄉,西口村,725,613699,846,669,399,1042,685.94,81.03
金門縣,烈嶼鄉,上林村,426,356393,837,682,416,1020,726.08,86.79
金門縣,烈嶼鄉,上岐村,893,783408,877,675,428,1067,786.24,89.62
金門縣,烏坵鄉,大坵村,89,84068,945,742,526,1327,624.19,66.08
金門縣,烏坵鄉,小坵村,110,106482,968,825,495,1322,743.34,76.79
連江縣,南竿鄉,介壽村,772,831116,1077,866,560,1433,767.92,71.33
連江縣,南竿鄉,復興村,363,369340,1017,794,476,1296,826.63,81.24
連江縣,南竿鄉,福沃村,280,278280,994,832,515,1243,759.25,76.39
連江縣,南竿鄉,清水村,337,348011,1033,805,497,1313,834.83,80.84
連江縣,南竿鄉,珠螺村,55,50782,923,707,512,1020,735.29,79.64
連江縣,南竿鄉,仁愛村,179,172791,965,769,480,1297,695.47,72.05
連江縣,南竿鄉,津沙村,134,135435,1011,824,592,1274,668.91,66.18
連江縣,南竿鄉,馬祖村,199,191493,962,733,460,1164,827.90,86.04
連江縣,南竿鄉,四維村,48,55083,1148,842,568,1433,967.69,84.33
連江縣,北竿鄉,塘岐村,322,306508,952,694,434,1192,880.34,92.48
連江縣,北竿鄉,后沃村,58,57086,984,717,504,1205,783.13,79.57
連江縣,北竿鄉,橋仔村,89,77155,867,680,419,1151,690.28,79.63
連江縣,北竿鄉,芹壁村,75,69284,924,687,442,1177,740.20,80.13
連江縣,北竿鄉,坂里村,98,83483,852,664,498,1073,580.29,68.12
連江縣,北竿鄉,白沙村,39,32538,834,838,591,1041,391.21,46.89
連江縣,莒光鄉,青帆村,181,180001,994,818,516,1267,795.21,79.96
連江縣,莒光鄉,田沃村,74,72588,981,837,465,1404,649.68,66.23
連江縣,莒光鄉,西坵村,30,24820,827,780,583,1060,436.68,52.78
連江縣,莒光鄉,大坪村,207,194518,940,706,492,1061,809.15,86.11
連江縣,莒光鄉,福正村,69,59258,859,577,366,1137,719.98,83.83
連江縣,東引鄉,中柳村,219,216860,990,885,608,1195,615.46,62.15
連江縣,東引鄉,樂華村,228,222939,978,870,555,1227,624.89,63.91
嘉義市,東區,中庄里,969,877702,906,649,370,1073,924.13,102.03
嘉義市,東區,頂庄里,727,668316,919,666,397,1215,751.89,81.79
嘉義市,東區,王田里,831,838795,1009,689,383,1259,1007.81,99.84
嘉義市,東區,圳頭里,1257,1164015,926,694,382,1161,879.97,95.03
嘉義市,東區,鹿寮里,228,201118,882,610,352,1045,947.93,107.46
嘉義市,東區,盧厝里,532,643986,1210,728,443,1516,1290.11,106.58
嘉義市,東區,短竹里,740,710064,960,659,362,1221,1107.74,115.44
嘉義市,東區,長竹里,984,1201614,1221,775,430,1483,1416.87,116.03
嘉義市,東區,後庄里,1212,1012570,835,637,376,1075,723.19,86.56
嘉義市,東區,東川里,638,692121,1085,722,420,1314,1147.69,105.79
嘉義市,東區,太平里,1465,1534807,1048,731,402,1279,1032.78,98.58
嘉義市,東區,興南里,422,347480,823,605,359,1015,810.20,98.40
嘉義市,東區,豐年里,385,390333,1014,711,370,1250,1196.63,118.03
嘉義市,東區,新開里,672,595329,886,629,372,1110,1156.68,130.56
嘉義市,東區,宣信里,360,282207,784,582,348,928,814.26,103.87
嘉義市,東區,芳草里,963,807816,839,620,378,1049,815.18,97.18
嘉義市,東區,安寮里,842,739967,879,608,360,1070,1414.77,160.98
嘉義市,東區,興村里,1222,998889,817,581,357,995,1660.09,203.09
嘉義市,東區,頂寮里,776,623509,803,615,382,1018,685.94,85.37
嘉義市,東區,荖藤里,1373,1222873,891,665,388,1127,864.72,97.09
嘉義市,東區,後湖里,1100,876786,797,610,370,1006,730.52,91.65
嘉義市,東區,過溝里,712,607886,854,593,317,1069,872.35,102.18
嘉義市,東區,民族里,395,302576,766,547,300,972,985.06,128.60
嘉義市,東區,朝陽里,556,412981,743,571,327,980,634.33,85.40
嘉義市,東區,華南里,586,442379,755,557,316,977,701.38,92.91
嘉義市,東區,東興里,622,602825,969,584,330,1081,1659.60,171.24
嘉義市,東區,中山里,669,713058,1066,723,406,1301,1097.95,103.01
嘉義市,東區,中央里,730,681780,934,566,300,1032,1513.56,162.06
嘉義市,東區,林森里,779,783095,1005,748,409,1355,883.55,87.89
嘉義市,東區,北門里,651,586960,902,586,378,1065,1233.56,136.81
嘉義市,東區,蘭潭里,672,606646,903,605,329,1135,979.57,108.51
嘉義市,東區,文雅里,1282,1638698,1278,796,445,1570,1851.20,144.82
嘉義市,東區,安業里,574,467144,814,601,374,1064,708.63,87.07
嘉義市,東區,義教里,872,732527,840,625,372,1061,778.95,92.73
嘉義市,東區,興安里,630,504819,801,598,381,1028,665.15,83.01
嘉義市,東區,興仁里,1077,846550,786,607,379,978,660.00,83.97
嘉義市,東區,新店里,1422,1450866,1020,720,408,1272,1075.32,105.39
嘉義市,東區,仁義里,903,798919,885,627,407,1066,897.07,101.39
嘉義市,東區,芳安里,617,574073,930,691,386,1232,799.07,85.88
嘉義市,西區,永和里,451,345286,766,523,294,958,884.18,115.49
嘉義市,西區,新富里,475,382406,805,573,315,1005,925.71,114.99
嘉義市,西區,文化里,719,659693,918,632,355,1097,1003.54,109.38
嘉義市,西區,西榮里,647,511502,791,576,298,1006,863.12,109.18
嘉義市,西區,國華里,470,439911,936,602,345,1054,1227.41,131.14
嘉義市,西區,番社里,443,398647,900,619,361,1060,897.44,99.73
嘉義市,西區,導明里,432,353836,819,620,354,1033,730.79,89.22
嘉義市,西區,慶安里,361,244534,677,519,316,856,642.77,94.89
嘉義市,西區,後驛里,507,411688,812,557,325,967,1003.54,123.59
嘉義市,西區,福安里,1305,1188723,911,664,416,1096,891.66,97.89
嘉義市,西區,獅子里,793,633539,799,613,372,1022,684.36,85.66
嘉義市,西區,紅瓦里,438,347585,794,607,343,1047,696.61,87.78
嘉義市,西區,保福里,1096,943877,861,641,357,1095,924.91,107.40
嘉義市,西區,保生里,1258,1028837,818,608,356,1041,764.68,93.50
嘉義市,西區,北新里,300,229516,765,629,375,1041,588.73,76.95
嘉義市,西區,育英里,562,513913,914,667,350,1077,964.56,105.48
嘉義市,西區,湖內里,1128,904802,802,589,341,1044,745.02,92.88
嘉義市,西區,美源里,1104,986245,893,615,354,1084,1084.40,121.39
嘉義市,西區,致遠里,521,427293,820,584,337,999,790.05,96.33
嘉義市,西區,翠岱里,399,338161,848,585,356,1104,852.41,100.58
嘉義市,西區,自強里,457,431149,943,604,360,1209,933.41,98.94
嘉義市,西區,培元里,452,357938,792,577,338,1014,794.53,100.33
嘉義市,西區,車店里,1709,1454093,851,628,363,1089,905.73,106.45
嘉義市,西區,光路里,1469,1306143,889,653,368,1134,844.27,94.95
嘉義市,西區,香湖里,196,144274,736,623,376,929,579.15,78.68
嘉義市,西區,湖邊里,593,466962,787,552,326,934,1036.02,131.56
嘉義市,西區,重興里,493,375947,763,604,339,1028,642.98,84.32
嘉義市,西區,北榮里,653,538279,824,628,344,1047,796.23,96.59
嘉義市,西區,新厝里,1114,971087,872,619,361,1092,1472.85,168.96
嘉義市,西區,竹圍里,1149,901246,784,582,355,948,741.38,94.52
嘉義市,西區,保安里,988,799125,809,622,366,1023,740.60,91.56
嘉義市,西區,北湖里,774,615863,796,630,376,1039,629.76,79.15
嘉義市,西區,下埤里,436,313233,718,524,343,871,697.37,97.07
嘉義市,西區,竹村里,287,231924,808,590,364,1015,744.68,92.15
嘉義市,西區,書院里,617,515866,836,566,322,1033,878.70,105.10
嘉義市,西區,福全里,1245,1004695,807,578,333,996,839.52,104.03
嘉義市,西區,西平里,988,868079,879,611,344,1157,813.31,92.57
嘉義市,西區,磚磘里,1067,880314,825,600,361,1073,764.72,92.69
嘉義市,西區,劉厝里,2020,1958047,969,727,399,1270,873.62,90.13
嘉義市,西區,港坪里,1022,906247,887,673,398,1182,738.08,83.24
嘉義市,西區,頭港里,497,402832,811,614,384,1087,743.16,91.69
嘉義市,西區,大溪里,509,388501,763,552,352,983,685.91,89.86
嘉義市,西區,垂楊里,500,415212,830,571,349,1008,867.63,104.48
嘉義市,西區,新西里,496,373957,754,573,359,984,627.54,83.23
嘉義市,西區,福民里,1663,1473730,886,616,336,1122,967.53,109.18
新竹市,東區,榮光里,143,178737,1250,711,458,1572,1334.96,106.80
新竹市,東區,成功里,253,226044,893,591,343,1098,913.17,102.21
新竹市,東區,育賢里,348,548709,1577,911,425,2053,1855.69,117.69
新竹市,東區,親仁里,658,1211617,1841,1006,475,2171,3007.72,163.34
新竹市,東區,中正里,212,252453,1191,758,328,1400,1428.06,119.92
新竹市,東區,東門里,228,234046,1027,558,329,1091,1378.42,134.28
新竹市,東區,三民里,1850,2231886,1206,719,371,1453,1678.36,139.12
新竹市,東區,文華里,1736,2043337,1177,747,390,1425,1482.12,125.92
新竹市,東區,公園里,1114,1812774,1627,904,469,1992,2208.70,135.73
新竹市,東區,東園里,2333,3846768,1649,1202,563,2233,1776.81,107.76
新竹市,東區,復中里,1653,2420154,1464,764,411,1611,3306.94,225.87
新竹市,東區,東勢里,903,1887525,2090,1379,554,2607,3401.52,162.73
新竹市,東區,綠水里,2418,4419544,1828,1219,528,2401,2599.62,142.23
新竹市,東區,東山里,1230,1688432,1373,841,419,1665,2118.40,154.32
新竹市,東區,水源里,1126,1017541,904,625,381,1093,971.84,107.54
新竹市,東區,前溪里,988,871374,882,587,358,1069,1015.65,115.16
新竹市,東區,光復里,1003,1337119,1333,828,436,1735,1391.51,104.38
新竹市,東區,千甲里,689,607795,882,633,377,1026,924.01,104.75
新竹市,東區,仙宮里,489,765208,1565,1072,524,2176,1535.43,98.12
新竹市,東區,光明里,1248,2810442,2252,1296,566,2725,3326.30,147.71
新竹市,東區,建功里,1186,1403067,1183,732,399,1578,1228.81,103.87
新竹市,東區,金山里,1910,3069732,1607,952,461,2082,2393.34,148.91
新竹市,東區,埔頂里,2093,3810776,1821,1466,612,2518,1754.31,96.35
新竹市,東區,仙水里,1728,2859602,1655,1137,511,2205,2004.38,121.12
新竹市,東區,龍山里,3495,7492103,2144,1755,856,2872,1961.70,91.51
新竹市,東區,新莊里,2179,3318320,1523,1025,480,2017,1598.98,105.00
新竹市,東區,南門里,256,240885,941,597,327,1079,1348.01,143.26
新竹市,東區,關帝里,161,137034,851,579,338,957,982.18,115.40
新竹市,東區,寺前里,212,165547,781,543,301,967,786.27,100.69
新竹市,東區,福德里,506,503091,994,641,361,1305,1070.57,107.68
新竹市,東區,新興里,1059,962046,908,625,371,1134,900.20,99.09
新竹市,東區,南市里,285,235091,825,549,308,1033,949.79,115.14
新竹市,東區,振興里,2020,2040076,1010,669,384,1238,1376.73,136.32
新竹市,東區,竹蓮里,275,229458,834,654,385,1043,699.36,83.82
新竹市,東區,南大里,460,400996,872,597,338,1067,859.45,98.59
新竹市,東區,頂竹里,1052,1106038,1051,611,378,1150,2408.05,229.04
新竹市,東區,下竹里,175,164172,938,690,366,1281,805.84,85.90
新竹市,東區,高峰里,2092,3496711,1671,727,400,1559,6663.65,398.67
新竹市,東區,柴橋里,2057,3890557,1891,903,433,2058,4283.72,226.49
新竹市,東區,光鎮里,1224,1184085,967,605,357,1170,1348.88,139.43
新竹市,東區,豐功里,1742,4003632,2298,1586,578,3203,2583.77,112.42
新竹市,東區,軍功里,1031,1339183,1299,836,457,1764,1354.48,104.28
新竹市,東區,武功里,1465,2016127,1376,940,474,1914,1344.12,97.67
新竹市,東區,立功里,255,208883,819,586,361,994,765.66,93.47
新竹市,東區,關東里,1757,2819122,1605,882,448,1932,2231.99,139.11
新竹市,東區,科園里,2652,7163518,2701,1159,539,2616,18223.14,674.64
新竹市,東區,錦華里,679,1165819,1717,853,420,1747,5927.41,345.23
新竹市,東區,建華里,867,1052751,1214,732,397,1552,1512.27,124.54
新竹市,東區,復興里,1811,2351347,1298,826,430,1648,1535.72,118.28
新竹市,東區,新光里,1244,1176301,946,663,371,1154,973.84,102.99
新竹市,東區,湖濱里,1339,2754037,2057,752,392,1550,15482.27,752.74
新竹市,東區,明湖里,1870,2117008,1132,731,437,1361,1635.26,144.45
新竹市,東區,關新里,1761,5366265,3047,2529,1461,3770,2985.26,97.96
新竹市,北區,光田里,781,752806,964,632,376,1147,1246.28,129.30
新竹市,北區,仁德里,260,203272,782,567,340,935,775.54,99.20
新竹市,北區,中央里,142,110467,778,476,283,988,882.16,113.40
新竹市,北區,西門里,213,223812,1051,718,396,1435,982.15,93.47
新竹市,北區,興南里,544,667530,1227,776,373,1557,1391.07,113.36
新竹市,北區,潛園里,249,218037,876,608,384,1072,854.15,97.54
新竹市,北區,南勢里,1385,1239212,895,601,371,1073,1016.35,113.59
新竹市,北區,崇禮里,354,327433,925,638,366,1090,967.76,104.63
新竹市,北區,石坊里,199,153990,774,569,350,993,636.10,82.20
新竹市,北區,西雅里,1013,902717,891,627,374,1105,832.42,93.41
新竹市,北區,曲溪里,1618,1352538,836,593,349,1038,851.10,101.81
新竹市,北區,客雅里,617,559650,907,613,350,1106,1021.26,112.59
新竹市,北區,中興里,200,169985,850,541,296,1043,1073.82,126.34
新竹市,北區,大同里,323,700611,2169,792,419,1674,12380.47,570.77
新竹市,北區,中山里,303,407273,1344,660,349,1254,1994.61,148.39
新竹市,北區,北門里,328,366665,1118,726,387,1467,1147.21,102.62
新竹市,北區,民富里,1624,1588745,978,677,368,1185,1123.33,114.83
新竹市,北區,新民里,581,593919,1022,625,376,1220,1440.42,140.91
新竹市,北區,長和里,471,452870,962,686,398,1175,992.56,103.23
新竹市,北區,文雅里,1440,1499096,1041,684,387,1258,1562.96,150.13
新竹市,北區,舊社里,2181,2454430,1125,698,389,1368,1646.42,146.30
新竹市,北區,湳雅里,1071,1352984,1263,727,380,1482,1616.53,127.96
新竹市,北區,武陵里,1618,1717989,1062,670,378,1260,1462.89,137.77
新竹市,北區,士林里,554,500419,903,672,367,1109,904.16,100.10
新竹市,北區,福林里,1399,1651385,1180,690,365,1381,1502.93,127.32
新竹市,北區,古賢里,270,230858,855,626,393,1066,770.21,90.08
新竹市,北區,康樂里,1026,871123,849,636,364,1090,801.28,94.37
新竹市,北區,南寮里,1785,1472651,825,608,370,1085,792.09,96.01
新竹市,北區,中寮里,1249,1172906,939,726,416,1144,970.43,103.34
新竹市,北區,海濱里,1193,975169,817,631,365,1033,703.81,86.10
新竹市,北區,港北里,484,397678,822,583,365,969,1526.34,185.76
新竹市,北區,舊港里,144,104456,725,572,371,850,683.07,94.17
新竹市,北區,育英里,1348,1441727,1070,702,398,1320,1421.85,132.94
新竹市,北區,水田里,1143,1442045,1262,708,397,1379,2004.70,158.90
新竹市,北區,大鵬里,116,121204,1045,914,801,1309,425.58,40.73
新竹市,北區,境福里,1738,1728642,995,660,390,1271,1007.87,101.33
新竹市,北區,磐石里,1936,2020540,1044,713,398,1311,1079.45,103.43
新竹市,北區,新雅里,1492,1333668,894,642,382,1091,873.69,97.74
新竹市,北區,光華里,1301,1386198,1065,677,385,1143,1907.01,178.98
新竹市,北區,金華里,1894,2234988,1180,736,394,1444,1471.16,124.67
新竹市,北區,金竹里,2167,2418147,1116,735,399,1389,1201.08,107.63
新竹市,北區,湳中里,2648,3929297,1484,998,484,1912,1839.26,123.95
新竹市,北區,金雅里,779,771256,990,654,400,1159,1116.26,112.75
新竹市,北區,臺溪里,599,508637,849,623,375,1111,745.21,87.76
新竹市,北區,中雅里,1198,1362813,1138,808,448,1498,1127.69,99.13
新竹市,香山區,頂埔里,2133,2480975,1163,894,488,1560,1046.34,89.96
新竹市,香山區,中埔里,1110,946629,853,615,368,1097,796.09,93.35
新竹市,香山區,埔前里,1237,1138321,920,668,403,1152,864.65,93.96
新竹市,香山區,牛埔里,1649,1832257,1111,742,426,1349,1647.77,148.30
新竹市,香山區,樹下里,772,573178,742,564,347,941,691.52,93.14
新竹市,香山區,浸水里,810,664411,820,630,401,1042,661.35,80.63
新竹市,香山區,虎林里,805,715125,888,624,364,1134,831.65,93.62
新竹市,香山區,虎山里,1782,1260279,707,536,344,872,607.71,85.93
新竹市,香山區,港南里,795,577478,726,564,353,904,711.72,97.98
新竹市,香山區,香村里,1183,1381544,1168,675,384,1368,1510.05,129.30
新竹市,香山區,東香里,1543,2464325,1597,981,454,1957,3540.55,221.69
新竹市,香山區,香山里,1521,1405943,924,672,380,1162,865.09,93.59
新竹市,香山區,大庄里,949,824980,869,592,377,1033,1090.41,125.43
新竹市,香山區,美山里,352,271402,771,519,344,913,1101.64,142.88
新竹市,香山區,朝山里,635,521216,821,596,378,1034,719.50,87.66
新竹市,香山區,海山里,762,629614,826,602,363,1015,819.96,99.24
新竹市,香山區,鹽水里,430,352920,821,630,394,989,776.12,94.56
新竹市,香山區,南港里,252,189827,753,552,367,866,676.24,89.77
新竹市,香山區,內湖里,1448,1316807,909,616,376,1031,1232.60,135.54
新竹市,香山區,中隘里,599,526055,878,571,344,976,1090.20,124.14
新竹市,香山區,南隘里,260,259060,996,667,344,1203,990.56,99.41
新竹市,香山區,大湖里,288,221650,770,602,382,964,665.79,86.51
新竹市,香山區,茄苳里,258,192586,746,549,299,842,817.26,109.49
新竹市,香山區,頂福里,1537,1702456,1108,788,443,1464,1012.39,91.40
