縣市,鄉鎮市區,村里,納稅單位,綜合所得總額,平均數,中位數,第一分位數,第三分位數,標準差,變異係數
台北市,松山區,中崙里,1415,1773727,1254,725,318,1571,1727.73,137.83
台北市,松山區,自強里,3170,3882575,1225,620,258,1430,2839.39,231.83
台北市,松山區,鵬程里,1841,1905986,1035,554,247,1298,1399.74,135.20
台北市,松山區,東榮里,2867,4401263,1535,735,320,1736,3421.52,222.88
台北市,松山區,介壽里,1537,2024757,1317,714,282,1613,2099.84,159.40
台北市,松山區,東勢里,1584,1891080,1194,641,267,1424,1975.74,165.49
台北市,松山區,東光里,2587,2966733,1147,606,251,1363,1918.21,167.27
台北市,松山區,中正里,3462,5216154,1507,823,332,1799,2227.20,147.82
台北市,松山區,復盛里,2216,1983972,895,532,239,1128,1091.18,121.88
台北市,松山區,復勢里,2372,2748895,1159,650,267,1380,1808.29,156.04
台北市,松山區,美仁里,1258,1542038,1226,701,285,1518,1598.42,130.40
台北市,松山區,吉仁里,1414,1666243,1178,628,269,1445,1759.83,149.34
台北市,松山區,精忠里,1574,2474393,1572,792,309,1740,5233.90,332.94
台北市,松山區,東昌里,931,1245714,1338,715,264,1584,2653.70,198.33
台北市,松山區,福成里,929,1362608,1467,763,312,1679,2037.94,138.94
台北市,松山區,中華里,2355,3808191,1617,815,334,1816,2679.73,165.72
台北市,松山區,吉祥里,3142,3270209,1041,578,261,1285,1505.56,144.65
台北市,松山區,新東里,1725,1690436,980,612,267,1284,1161.68,118.54
台北市,松山區,三民里,2449,2824250,1153,638,284,1337,1681.62,145.82
台北市,松山區,復建里,1628,1942654,1193,646,277,1516,1601.15,134.18
台北市,松山區,敦化里,2453,2991940,1220,670,289,1475,1921.09,157.50
台北市,松山區,安平里,2980,2599549,872,507,237,1085,1404.16,160.97
台北市,松山區,富錦里,1835,2075995,1131,641,266,1340,1744.98,154.24
台北市,松山區,莊敬里,1671,1400864,838,569,258,1065,1137.02,135.63
台北市,松山區,新益里,1655,1485639,898,541,232,1193,1048.32,116.78
台北市,松山區,富泰里,1677,1819376,1085,633,257,1382,1604.85,147.93
台北市,松山區,龍田里,3594,4968629,1382,853,365,1823,1652.36,119.52
台北市,松山區,慈祐里,2434,1995078,820,499,224,1005,1408.70,171.86
台北市,松山區,復源里,1089,1302755,1196,684,286,1419,2298.76,192.16
台北市,松山區,民福里,2256,2108845,935,546,252,1139,1352.15,144.65
台北市,松山區,松基里,1380,2823357,2046,635,265,1498,18721.89,915.09
台北市,松山區,新聚里,2927,2749057,939,547,238,1144,1406.00,149.70
台北市,松山區,民有里,3405,4976376,1461,668,277,1511,4099.22,280.48
台北市,大安區,建安里,1879,2668291,1420,725,263,1624,2689.64,189.40
台北市,大安區,通安里,1884,1975935,1049,539,243,1229,1632.94,155.70
台北市,大安區,民輝里,2590,4370493,1687,732,295,1873,3045.68,180.49
台北市,大安區,德安里,2092,3115611,1489,740,312,1649,2631.28,176.68
台北市,大安區,敦安里,2336,3889185,1665,828,331,1888,2809.10,168.73
台北市,大安區,光明里,1316,2056747,1563,918,364,1927,2353.78,150.61
台北市,大安區,永康里,1332,1880196,1412,755,334,1686,2393.15,169.54
台北市,大安區,福住里,2308,3545013,1536,824,340,1854,2650.25,172.55
台北市,大安區,仁愛里,2060,4044509,1963,868,336,2072,5266.39,268.23
台北市,大安區,義村里,2091,2252598,1077,598,256,1323,1545.79,143.49
台北市,大安區,臥龍里,754,1093503,1450,742,301,1629,2180.85,150.38
台北市,大安區,通化里,2104,2095132,996,534,249,1156,1499.66,150.60
台北市,大安區,龍生里,2392,3522140,1472,766,326,1829,2307.64,156.72
台北市,大安區,新龍里,2412,3245850,1346,756,315,1630,2160.12,160.52
台北市,大安區,住安里,1799,2175779,1209,598,276,1256,2790.16,230.70
台北市,大安區,錦泰里,1345,1943643,1445,834,288,1820,1978.69,136.93
台北市,大安區,建倫里,2326,3792011,1630,807,299,1822,3332.15,204.39
台北市,大安區,錦華里,2071,3034226,1465,864,353,1937,2240.73,152.94
台北市,大安區,光武里,2676,3091435,1155,648,269,1383,2257.52,195.41
台北市,大安區,仁慈里,1958,3099995,1583,824,326,1893,2611.49,164.95
台北市,大安區,黎孝里,2666,2405437,902,555,257,1145,1175.24,130.25
台北市,大安區,民炤里,3084,4967326,1611,808,315,1926,2457.16,152.55
台北市,大安區,昌隆里,1254,1879272,1499,714,314,1603,4207.69,280.77
台北市,大安區,黎和里,1691,1632679,966,565,261,1196,1191.11,123.37
台北市,大安區,龍雲里,1785,2562068,1435,663,295,1575,2667.77,185.86
台北市,大安區,芳和里,1919,1921627,1001,542,257,1222,1501.52,149.95
台北市,大安區,龍安里,2382,3967877,1666,820,305,1868,4004.22,240.38
台北市,大安區,義安里,2074,3538024,1706,770,307,1873,3421.32,200.56
台北市,大安區,虎嘯里,1465,2002091,1367,714,281,1588,2266.41,165.84
台北市,大安區,龍淵里,3236,4184269,1293,779,306,1706,1595.07,123.36
台北市,大安區,龍坡里,2082,2977081,1430,806,330,1844,1949.53,136.34
台北市,大安區,龍門里,1560,2522194,1617,907,379,1952,2208.19,136.58
台北市,大安區,敦煌里,2215,3226176,1457,806,313,1736,2125.61,145.94
台北市,大安區,羣賢里,2206,2862368,1298,656,276,1470,2114.51,162.96
台北市,大安區,車層里,2409,3401387,1412,703,290,1637,2296.85,162.67
台北市,大安區,光信里,2707,3720646,1374,684,291,1509,2768.17,201.40
台北市,大安區,和安里,2411,3970487,1647,816,300,1870,3949.17,239.81
台北市,大安區,正聲里,1780,2921867,1641,723,290,1668,5277.90,321.53
台北市,大安區,誠安里,1541,1645190,1068,570,242,1319,1547.21,144.92
台北市,大安區,華聲里,1547,1871738,1210,663,261,1458,1691.51,139.80
台北市,大安區,臨江里,1323,1067996,807,497,231,995,1047.46,129.76
台北市,大安區,龍陣里,1305,1690277,1295,668,273,1556,2094.65,161.72
台北市,大安區,龍圖里,2579,3616441,1402,686,285,1579,2505.87,178.70
台北市,大安區,古莊里,2725,3416797,1254,704,296,1544,1815.52,144.79
台北市,大安區,錦安里,2167,3663104,1690,863,341,1900,3184.69,188.40
台北市,大安區,大學里,3187,4170261,1309,710,298,1585,2323.59,177.57
台北市,大安區,古風里,1563,1998036,1278,732,311,1621,1710.68,133.82
台北市,大安區,全安里,1647,2919027,1772,724,305,1819,5505.07,310.61
台北市,大安區,黎元里,1742,1250284,718,489,236,965,730.17,101.73
台北市,大安區,法治里,1698,1848525,1089,584,253,1274,1744.13,160.21
台北市,大安區,龍泉里,1790,2399674,1341,740,292,1715,2830.61,211.14
台北市,大安區,羣英里,2514,2733214,1087,620,253,1379,1640.60,150.90
台北市,大安區,學府里,711,759276,1068,593,268,1310,1802.02,168.74
台北市,中正區,南門里,921,1703370,1849,689,277,1547,8282.46,447.83
台北市,中正區,龍興里,1187,1135099,956,591,256,1246,1193.29,124.79
台北市,中正區,愛國里,1103,1172471,1063,645,250,1338,1423.46,133.91
台北市,中正區,龍光里,1143,1333699,1167,685,300,1498,1527.43,130.90
台北市,中正區,河堤里,1748,1771028,1013,563,241,1276,1599.43,157.86
台北市,中正區,龍福里,1884,2241710,1190,744,311,1552,1429.65,120.15
台北市,中正區,螢雪里,1544,1309306,848,529,239,1107,1049.74,123.79
台北市,中正區,永昌里,1544,1087030,704,424,189,918,845.09,120.03
台北市,中正區,文盛里,913,1019421,1117,665,278,1432,1376.42,123.27
台北市,中正區,忠勤里,1714,950045,554,365,173,683,717.19,129.39
台北市,中正區,永功里,2033,1862912,916,532,238,1148,1257.89,137.27
台北市,中正區,螢圃里,2024,2083511,1029,570,262,1216,1650.42,160.33
台北市,中正區,幸市里,1766,2604613,1475,754,299,1750,2254.03,152.83
台北市,中正區,文祥里,2814,4181934,1486,808,315,1885,2342.63,157.63
台北市,中正區,黎明里,1173,1427992,1217,664,276,1360,2174.76,178.64
台北市,中正區,建國里,553,756672,1368,795,306,1585,1998.09,146.03
台北市,中正區,光復里,1347,1439304,1069,616,262,1237,1630.03,152.55
台北市,中正區,東門里,1402,2209641,1576,794,342,1709,4547.31,288.52
台北市,中正區,板溪里,1197,1188352,993,561,227,1271,1406.62,141.69
台北市,中正區,文北里,2153,4114967,1911,828,334,1921,4964.91,259.77
台北市,中正區,梅花里,1218,1706504,1401,695,306,1491,4502.81,321.38
台北市,中正區,廈安里,1451,1514028,1043,616,262,1300,1345.26,128.93
台北市,中正區,網溪里,2104,2204544,1048,628,267,1334,1414.25,134.98
台北市,中正區,林興里,1622,1858726,1146,684,287,1415,1544.88,134.81
台北市,中正區,幸福里,1715,2225116,1297,674,279,1556,1917.83,147.82
台北市,中正區,水源里,1090,1048106,962,592,268,1190,1153.57,119.97
台北市,中正區,富水里,853,950039,1114,702,307,1337,1457.38,130.85
台北市,中正區,頂東里,2246,2304757,1026,636,276,1296,1231.51,120.01
台北市,中正區,新營里,3009,4403149,1463,894,354,1887,1980.57,135.35
台北市,中正區,南福里,3819,5679586,1487,852,354,1863,2408.87,161.97
台北市,中正區,三愛里,3112,4530852,1456,765,297,1754,2451.35,168.37
台北市,萬華區,柳鄉里,1403,804772,574,390,194,751,616.31,107.45
台北市,萬華區,雙園里,1406,1220572,868,502,224,1048,1416.84,163.21
台北市,萬華區,糖廍里,1668,1201112,720,455,222,898,904.29,125.58
台北市,萬華區,西門里,1205,1068441,887,551,237,1061,1393.87,157.20
台北市,萬華區,仁德里,1750,1673130,956,497,222,1148,1574.76,164.71
台北市,萬華區,新起里,2376,2124377,894,522,232,1110,1218.17,136.25
台北市,萬華區,日善里,1110,775932,699,443,218,877,898.68,128.56
台北市,萬華區,菜園里,1970,1573182,799,477,218,993,1118.37,140.05
台北市,萬華區,頂碩里,2272,1602029,705,437,200,887,1235.79,175.26
台北市,萬華區,福音里,1327,981812,740,470,223,908,897.70,121.33
台北市,萬華區,華中里,1788,1252755,701,441,205,889,894.72,127.70
台北市,萬華區,青山里,1545,1130755,732,420,200,857,1137.33,155.40
台北市,萬華區,新和里,2745,2145689,782,493,231,998,944.15,120.79
台北市,萬華區,新安里,1709,994802,582,381,193,732,663.12,113.92
台北市,萬華區,富民里,1414,961577,680,442,200,849,897.51,131.98
台北市,萬華區,富福里,1513,1223605,809,467,207,972,1200.75,148.47
台北市,萬華區,綠堤里,983,546568,556,368,179,713,666.00,119.78
台北市,萬華區,忠貞里,1305,802626,615,393,196,792,770.65,125.30
台北市,萬華區,日祥里,1719,1212453,705,455,208,887,843.16,119.54
台北市,萬華區,忠德里,1331,936948,704,444,217,895,955.62,135.75
台北市,萬華區,孝德里,977,629142,644,400,188,787,846.58,131.47
台北市,萬華區,保德里,1007,930802,924,431,202,934,2340.59,253.22
台北市,萬華區,全德里,1309,1159075,885,526,236,1107,1227.86,138.67
台北市,萬華區,興德里,1215,795637,655,429,217,828,797.75,121.82
台北市,萬華區,壽德里,1541,1253194,813,496,241,1028,1000.92,123.08
台北市,萬華區,凌霄里,1040,651795,627,410,184,817,732.54,116.88
台北市,萬華區,和平里,1893,1163646,615,400,196,783,715.34,116.37
台北市,萬華區,騰雲里,1008,794499,788,460,230,955,1067.39,135.42
台北市,萬華區,榮德里,958,571447,597,418,206,769,616.15,103.29
台北市,萬華區,福星里,1612,1309948,813,445,203,990,1263.48,155.48
台北市,萬華區,和德里,1687,1044349,619,393,182,767,778.81,125.81
台北市,萬華區,萬壽里,1026,973729,949,505,216,1133,1468.64,154.75
台北市,萬華區,銘德里,1417,1025971,724,448,221,899,867.17,119.77
台北市,萬華區,華江里,2483,1598235,644,416,200,797,796.70,123.77
台北市,萬華區,錦德里,1597,1027760,644,428,203,815,749.71,116.49
台北市,萬華區,新忠里,1028,845763,823,509,245,1054,957.48,116.38
台北市,大同區,建泰里,1341,1338098,998,556,244,1188,1530.05,153.34
台北市,大同區,建明里,1176,1033459,879,477,202,1000,1377.02,156.69
台北市,大同區,雙連里,2964,2462972,831,527,236,1037,1063.47,127.98
台北市,大同區,建功里,1588,1411544,889,500,224,1041,1291.15,145.26
台北市,大同區,景星里,735,475470,647,406,197,802,800.40,123.73
台北市,大同區,星明里,2028,1916481,945,567,247,1159,1252.37,132.52
台北市,大同區,朝陽里,1565,1439692,920,489,211,1047,1515.38,164.73
台北市,大同區,大有里,1602,1393232,870,480,210,998,1297.23,149.16
台北市,大同區,斯文里,1535,1224412,798,441,199,920,1302.47,163.29
台北市,大同區,揚雅里,1166,886011,760,423,206,865,1260.89,165.93
台北市,大同區,國順里,723,406921,563,378,169,700,645.55,114.70
台北市,大同區,國慶里,1609,1479660,920,520,237,1129,1237.54,134.57
台北市,大同區,隆和里,1005,784155,780,465,209,972,949.85,121.74
台北市,大同區,南芳里,1295,1033987,798,461,230,1003,995.15,124.64
台北市,大同區,鄰江里,2059,1426467,693,420,202,869,894.76,129.15
台北市,大同區,玉泉里,1033,1115607,1080,520,244,1173,4430.39,410.23
台北市,大同區,光能里,1705,1526379,895,501,240,1075,1485.61,165.95
台北市,大同區,重慶里,2184,1920604,879,516,232,1107,1375.25,156.39
台北市,大同區,至聖里,2750,2185808,795,466,212,986,1219.69,153.45
台北市,大同區,老師里,1858,1256537,676,433,206,833,816.21,120.69
台北市,大同區,蓬萊里,1760,1687686,959,475,208,1058,2055.43,214.35
台北市,大同區,民權里,2171,2091834,964,593,249,1232,1307.29,135.68
台北市,大同區,文昌里,2,764,382,382,315,449,188.87,49.42
台北市,大同區,延平里,1391,1082981,779,453,224,944,962.78,123.66
台北市,大同區,永樂里,1876,2002151,1067,515,229,1088,2706.47,253.59
台北市,大同區,保安里,1366,1296335,949,486,233,1094,3171.91,334.24
台北市,中山區,聚盛里,1442,1361132,944,421,181,953,5863.54,621.19
台北市,中山區,大佳里,291,206602,710,429,180,790,1052.83,148.29
台北市,中山區,恆安里,1799,1949171,1083,581,231,1269,1729.23,159.60
台北市,中山區,集英里,2427,2521107,1039,550,243,1201,2400.42,231.08
台北市,中山區,正守里,1251,1236901,989,533,236,1172,1343.21,135.85
台北市,中山區,正義里,1798,1380200,768,470,204,937,1189.22,154.92
台北市,中山區,新生里,1632,1389517,851,501,220,1014,1287.05,151.16
台北市,中山區,松江里,2350,2487947,1059,577,246,1276,1610.08,152.08
台北市,中山區,江山里,2843,2946296,1036,583,268,1248,1572.25,151.71
台北市,中山區,中山里,2617,2393322,915,522,232,1073,1406.62,153.81
台北市,中山區,成功里,2572,5128583,1994,950,374,2332,3587.80,179.93
台北市,中山區,下埤里,2813,2605204,926,546,243,1117,1256.05,135.62
台北市,中山區,中原里,1921,2173635,1132,570,259,1243,2192.98,193.81
台北市,中山區,新庄里,1680,1124828,670,406,188,851,930.63,139.00
台北市,中山區,江寧里,2632,2911184,1106,609,260,1400,1573.37,142.25
台北市,中山區,復華里,1805,2425416,1344,633,265,1471,2462.93,183.29
台北市,中山區,興亞里,2172,2442373,1124,568,248,1369,1712.24,152.27
台北市,中山區,朱園里,1903,2490137,1309,675,273,1410,2657.36,203.08
台北市,中山區,中央里,1324,1323969,1000,571,232,1196,1505.95,150.60
台北市,中山區,新福里,1777,1555732,875,487,219,997,1563.07,178.54
台北市,中山區,中庄里,1814,1552708,856,484,218,1033,1282.40,149.82
台北市,中山區,康樂里,975,943002,967,535,229,1163,1381.71,142.86
台北市,中山區,行政里,2025,1612336,796,460,208,1001,1063.66,133.59
台北市,中山區,聚葉里,1392,1297945,932,530,226,1082,1570.86,168.47
台北市,中山區,正得里,1429,1674992,1172,595,252,1287,3003.03,256.20
台北市,中山區,中吉里,2096,2476087,1181,622,255,1336,2117.59,179.25
台北市,中山區,新喜里,1797,1559018,868,472,219,1051,1646.52,189.79
台北市,中山區,埤頭里,1226,1176159,959,509,233,1089,2219.78,231.38
台北市,中山區,大直里,3225,3297918,1023,597,258,1281,1479.82,144.71
台北市,中山區,劍潭里,1147,1224400,1067,560,304,1263,1852.04,173.50
台北市,中山區,力行里,2458,3512846,1429,659,270,1456,3643.75,254.96
台北市,中山區,朱崙里,1130,1319157,1167,604,258,1249,1983.98,169.95
台北市,中山區,晴光里,1976,2328601,1178,553,243,1236,4257.21,361.26
台北市,中山區,永安里,3496,5665373,1621,828,344,1930,2703.08,166.80
台北市,中山區,圓山里,1443,1210718,839,524,232,1026,1463.25,174.40
台北市,中山區,民安里,1693,1754879,1037,524,229,1143,1579.59,152.39
台北市,中山區,行孝里,1367,1041059,762,489,225,1005,850.25,111.64
台北市,中山區,龍洲里,1870,1953570,1045,559,252,1263,1733.95,165.98
台北市,中山區,行仁里,2631,1991181,757,478,230,974,884.70,116.90
台北市,中山區,朱馥里,2065,1950638,945,534,236,1130,1337.67,141.61
台北市,中山區,金泰里,2821,5168909,1832,863,329,1922,5919.23,323.05
台北市,中山區,北安里,924,910013,985,613,276,1315,1086.12,110.28
台北市,文山區,景美里,1787,1860005,1041,623,284,1282,1365.28,131.17
台北市,文山區,景行里,2486,2526019,1016,617,274,1256,2105.04,207.17
台北市,文山區,景仁里,1924,2138077,1111,655,284,1419,1432.75,128.93
台北市,文山區,萬有里,1965,2098419,1068,637,284,1334,1533.00,143.55
台北市,文山區,景慶里,2156,1846006,856,538,243,1131,997.82,116.54
台北市,文山區,萬隆里,2475,2508136,1013,608,263,1314,1250.88,123.44
台北市,文山區,萬祥里,1584,1391353,878,540,233,1131,1145.53,130.41
台北市,文山區,萬年里,1899,1835034,966,566,275,1196,1444.39,149.47
台北市,文山區,萬盛里,1654,1621155,980,577,265,1282,1210.61,123.51
台北市,文山區,萬和里,1119,1349560,1206,685,296,1466,1807.74,149.89
台北市,文山區,興福里,1848,1646254,891,543,241,1142,1231.93,138.29
台北市,文山區,興得里,1990,1687571,848,530,244,1081,1022.80,120.61
台北市,文山區,興豐里,1694,1897731,1120,596,253,1453,1485.66,132.62
台北市,文山區,興旺里,2933,2525904,861,557,255,1157,964.76,112.03
台北市,文山區,興光里,1133,1185282,1046,551,269,1243,1643.78,157.13
台北市,文山區,興安里,2335,2693585,1154,629,283,1406,1706.19,147.90
台北市,文山區,興昌里,2382,2810211,1180,650,290,1449,1868.82,158.41
台北市,文山區,興泰里,1444,1446102,1001,592,247,1278,1433.11,143.10
台北市,文山區,興業里,1924,1876885,976,572,249,1192,2239.91,229.61
台北市,文山區,景東里,2379,2229167,937,596,257,1236,1172.48,125.13
台北市,文山區,景華里,1932,1902970,985,589,258,1293,1194.88,121.31
台北市,文山區,興家里,2578,2098855,814,516,248,1039,1165.52,143.16
台北市,文山區,萬芳里,2680,2452748,915,531,249,1161,1248.51,136.42
台北市,文山區,木柵里,3097,4055724,1310,633,275,1418,3591.57,274.26
台北市,文山區,博嘉里,1939,2026710,1045,555,252,1225,1942.28,185.82
台北市,文山區,樟腳里,1839,2017796,1097,574,253,1283,1759.96,160.40
台北市,文山區,老泉里,203,104727,516,383,158,634,654.18,126.80
台北市,文山區,木新里,2985,2448713,820,487,221,1013,1055.80,128.70
台北市,文山區,指南里,1257,1251774,996,527,230,1276,1448.68,145.47
台北市,文山區,華興里,2982,3770073,1264,642,274,1410,4602.94,364.08
台北市,文山區,順興里,2393,2072113,866,503,225,1072,1542.55,178.14
台北市,文山區,萬興里,2901,3542556,1221,616,266,1489,2016.45,165.13
台北市,文山區,明興里,2381,2063311,867,560,252,1130,1133.16,130.76
台北市,文山區,明義里,1152,873698,758,399,162,907,1076.36,141.92
台北市,文山區,試院里,2382,2499561,1049,593,273,1264,2218.80,211.44
台北市,文山區,樟新里,1941,2099540,1082,598,266,1332,1551.60,143.44
台北市,文山區,樟林里,2837,2581605,910,545,244,1161,1882.73,206.90
台北市,文山區,忠順里,1491,1739111,1166,624,289,1415,1988.56,170.49
台北市,文山區,萬美里,2411,2767998,1148,555,234,1301,2480.65,216.07
台北市,文山區,興邦里,1714,1649219,962,591,278,1242,1215.97,126.37
台北市,文山區,樟樹里,1546,1270908,822,478,211,1035,1113.80,135.49
台北市,文山區,政大里,2605,4165829,1599,956,359,2004,2973.20,185.92
台北市,文山區,樟文里,2027,1743192,860,542,232,1124,1098.41,127.72
台北市,南港區,南港里,2026,1850828,914,532,246,1104,1199.71,131.33
台北市,南港區,三重里,2859,4944846,1730,823,325,2010,3521.55,203.61
台北市,南港區,新富里,1350,1029439,763,457,228,897,1084.89,142.27
台北市,南港區,中研里,3321,2990206,900,532,249,1115,1209.59,134.34
台北市,南港區,鴻福里,1575,1368100,869,535,248,1076,1248.53,143.73
台北市,南港區,東新里,2417,1922051,795,471,231,982,1062.65,133.63
台北市,南港區,西新里,1611,1223552,759,465,222,909,1095.52,144.24
台北市,南港區,新光里,1242,1024626,825,474,219,988,1224.49,148.43
台北市,南港區,百福里,1716,1283943,748,497,229,965,856.51,114.47
台北市,南港區,玉成里,1620,1286146,794,476,232,1019,1608.99,202.66
台北市,南港區,成福里,2556,2356520,922,505,249,1112,1686.08,182.88
台北市,南港區,中南里,1157,755327,653,434,223,779,781.71,119.74
台北市,南港區,舊庄里,2756,1822969,661,432,207,835,832.60,125.87
台北市,南港區,九如里,2029,1578948,778,476,213,989,1018.76,130.91
台北市,南港區,東明里,1845,1900560,1030,589,247,1278,1392.19,135.15
台北市,南港區,合成里,2277,2337361,1027,536,243,1158,1809.08,176.24
台北市,南港區,聯成里,1709,1267399,742,479,219,964,828.96,111.78
台北市,南港區,萬福里,1566,1455418,929,514,250,1098,1574.62,169.43
台北市,南港區,仁福里,1768,1518536,859,515,249,1111,1022.71,119.07
台北市,南港區,重陽里,1999,3158071,1580,780,320,1972,2767.99,175.21
台北市,內湖區,紫陽里,2977,3133674,1053,586,268,1283,1738.03,165.11
台北市,內湖區,紫星里,2803,2537668,905,533,235,1113,1324.48,146.30
台北市,內湖區,湖興里,2667,2441598,915,565,254,1129,1121.93,122.55
台北市,內湖區,大湖里,2078,2421066,1165,654,290,1449,1696.68,145.63
台北市,內湖區,紫雲里,1955,1762452,902,514,243,1097,1197.35,132.82
台北市,內湖區,瑞陽里,2714,2740274,1010,575,270,1247,1395.40,138.20
台北市,內湖區,清白里,3314,4871449,1470,738,295,1749,2559.28,174.11
台北市,內湖區,港墘里,2183,2286841,1048,594,271,1287,1424.26,135.96
台北市,內湖區,西湖里,2540,2086470,821,497,228,1015,1289.57,156.99
台北市,內湖區,石潭里,1502,1972624,1313,673,275,1441,2464.35,187.64
台北市,內湖區,葫洲里,2602,3208442,1233,706,305,1540,1926.68,156.25
台北市,內湖區,五分里,3438,2801693,815,524,250,1056,992.33,121.77
台北市,內湖區,內湖里,2363,2441606,1033,558,254,1239,1538.17,148.87
台北市,內湖區,週美里,3176,4567671,1438,616,276,1476,3856.54,268.15
台北市,內湖區,內溝里,1678,1343940,801,492,236,1009,975.06,121.74
台北市,內湖區,碧山里,2345,2269205,968,544,250,1174,1735.76,179.37
台北市,內湖區,瑞光里,1672,1386804,829,523,243,1067,1050.16,126.61
台北市,內湖區,金龍里,1840,1445683,786,486,223,1006,937.02,119.26
台北市,內湖區,行善里,2332,2031656,871,531,255,1115,1001.23,114.92
台北市,內湖區,湖濱里,3051,3728955,1222,641,269,1469,2666.13,218.14
台北市,內湖區,東湖里,2582,1886582,731,478,226,952,871.65,119.29
台北市,內湖區,樂康里,2808,2174043,774,514,256,1028,829.54,107.14
台北市,內湖區,西安里,2449,2204940,900,553,254,1135,1149.49,127.67
台北市,內湖區,西康里,3505,3963887,1131,613,269,1315,2147.29,189.87
台北市,內湖區,港富里,3258,3266114,1002,570,252,1222,1492.09,148.84
台北市,內湖區,港華里,3247,3424524,1055,582,257,1255,1774.77,168.28
台北市,內湖區,港都里,1970,2133214,1083,608,264,1288,2079.90,192.08
台北市,內湖區,金瑞里,2290,2022296,883,526,248,1093,1130.51,128.02
台北市,內湖區,湖元里,2038,2005814,984,563,252,1164,1610.87,163.67
台北市,內湖區,安湖里,2772,2577880,930,554,257,1169,1342.61,144.37
台北市,內湖區,秀湖里,2416,3031525,1255,664,278,1412,2440.48,194.50
台北市,內湖區,安泰里,1787,1263377,707,465,227,936,787.30,111.36
台北市,內湖區,金湖里,3592,6726281,1873,930,368,2194,3851.17,205.66
台北市,內湖區,康寧里,3021,3279676,1086,655,283,1453,1301.16,119.85
台北市,內湖區,明湖里,1886,1742219,924,607,285,1240,1057.54,114.48
台北市,內湖區,蘆洲里,382,218278,571,382,199,716,640.43,112.08
台北市,內湖區,麗山里,2026,2119442,1046,592,291,1300,1500.35,143.42
台北市,內湖區,寶湖里,3551,7032523,1980,1033,400,2375,3384.21,170.88
台北市,內湖區,南湖里,2027,2983540,1472,866,356,1820,2050.14,139.29
台北市,士林區,仁勇里,1249,1067979,855,503,229,1054,1384.87,161.96
台北市,士林區,福林里,1029,1234961,1200,554,225,1218,2820.78,235.03
台北市,士林區,福志里,2821,3010725,1067,612,272,1301,1591.62,149.13
台北市,士林區,福德里,1505,1473663,979,568,252,1259,1284.22,131.15
台北市,士林區,福佳里,2656,2660659,1002,550,235,1195,1358.51,135.61
台北市,士林區,舊佳里,2223,2110198,949,536,246,1122,1439.07,151.60
台北市,士林區,富光里,1723,1077893,626,402,201,810,708.69,113.28
台北市,士林區,後港里,2726,2266877,832,494,232,1044,1050.37,126.31
台北市,士林區,前港里,1515,1349895,891,503,226,1116,1183.22,132.79
台北市,士林區,福中里,2224,1894165,852,502,246,1062,1074.41,126.15
台北市,士林區,葫蘆里,2307,1630203,707,460,207,903,779.00,110.24
台北市,士林區,福順里,1652,1156005,700,453,212,882,875.95,125.18
台北市,士林區,葫東里,1311,961574,733,435,206,877,1037.17,141.41
台北市,士林區,社新里,2663,1696845,637,397,204,801,765.07,120.07
台北市,士林區,社子里,1941,1369179,705,435,202,880,909.52,128.94
台北市,士林區,永倫里,2211,1472168,666,434,213,827,1100.05,165.21
台北市,士林區,翠山里,987,964691,977,509,227,1210,1363.99,139.55
台北市,士林區,福安里,1230,697380,567,366,176,704,688.09,121.36
台北市,士林區,富洲里,1703,1016526,597,382,195,725,711.50,119.20
台北市,士林區,承德里,1954,1858660,951,573,243,1160,1342.58,141.14
台北市,士林區,蘭雅里,3146,3765198,1197,620,266,1260,4954.50,413.97
台北市,士林區,德行里,1625,1637765,1008,565,235,1165,1523.22,151.13
台北市,士林區,忠誠里,2037,2388400,1173,557,258,1238,2190.58,186.83
台北市,士林區,三玉里,2123,2691035,1268,595,267,1330,3366.29,265.57
台北市,士林區,芝山里,2734,3186721,1166,593,261,1299,2005.43,172.05
台北市,士林區,岩山里,1151,1220979,1061,530,235,1203,2074.94,195.60
台北市,士林區,義信里,1101,1171254,1064,576,260,1181,1669.58,156.94
台北市,士林區,永福里,417,902882,2165,636,262,1626,7082.94,327.13
台北市,士林區,新安里,640,840321,1313,484,205,1194,3401.50,259.06
台北市,士林區,公館里,397,406534,1024,460,218,993,2121.70,207.19
台北市,士林區,陽明里,1010,1358643,1345,539,236,1189,3929.84,292.14
台北市,士林區,菁山里,430,510942,1188,437,215,872,9633.20,810.71
台北市,士林區,平等里,406,298368,735,423,198,841,1595.86,217.15
台北市,士林區,溪山里,367,249759,681,377,191,773,1299.12,190.90
台北市,士林區,百齡里,2319,1723233,743,484,230,994,820.84,110.46
台北市,士林區,天玉里,3124,4161722,1332,667,286,1499,2302.66,172.85
台北市,士林區,天福里,2267,2356558,1040,587,246,1317,1416.04,136.22
台北市,士林區,天祿里,1903,2075646,1091,623,248,1324,1644.25,150.75
台北市,士林區,天壽里,1869,2646121,1416,704,295,1662,2367.54,167.22
台北市,士林區,東山里,1748,1915587,1096,581,251,1227,2167.72,197.81
台北市,士林區,福華里,1782,1222276,686,436,208,870,995.41,145.12
台北市,士林區,聖山里,1783,2191827,1229,646,268,1431,1919.85,156.18
台北市,士林區,天和里,2738,3288741,1201,627,267,1482,1874.82,156.09
台北市,士林區,明勝里,1726,1435720,832,490,216,1003,1208.92,145.33
台北市,士林區,社園里,2181,1396769,640,433,213,834,737.16,115.10
台北市,士林區,蘭興里,2280,2495832,1095,616,243,1306,1621.84,148.16
台北市,士林區,天母里,2418,3678354,1521,713,289,1604,3860.02,253.74
台北市,士林區,名山里,2533,2736400,1080,586,261,1357,1440.41,133.33
台北市,士林區,德華里,1927,1620725,841,514,223,1065,1106.76,131.59
台北市,士林區,天山里,2506,2869748,1145,584,233,1370,1874.96,163.73
台北市,士林區,臨溪里,1109,1811612,1634,716,294,1656,3103.87,190.01
台北市,北投區,湖山里,483,487809,1010,498,193,1051,2576.17,255.08
台北市,北投區,永欣里,3059,5124495,1675,865,332,2073,2325.53,138.82
台北市,北投區,泉源里,676,573275,848,409,195,752,3936.98,464.25
台北市,北投區,一德里,2436,2041997,838,507,226,1048,1091.50,130.21
台北市,北投區,關渡里,3666,3057399,834,483,223,1007,1174.56,140.84
台北市,北投區,桃源里,2046,1587111,776,467,222,946,1027.07,132.40
台北市,北投區,文化里,1422,1275058,897,569,248,1194,1015.22,113.22
台北市,北投區,永和里,3210,3903720,1216,623,258,1399,2120.98,174.41
台北市,北投區,立農里,2968,2678727,903,555,253,1159,1096.91,121.54
台北市,北投區,清江里,2693,2095803,778,444,204,903,1801.15,231.44
台北市,北投區,八仙里,1870,1697329,908,505,226,1105,1319.00,145.32
台北市,北投區,洲美里,695,452601,651,417,210,796,743.44,114.16
台北市,北投區,中和里,1649,1469909,891,491,203,1066,1529.74,171.61
台北市,北投區,開明里,2252,2065988,917,507,229,1075,1397.12,152.29
台北市,北投區,長安里,2153,1810805,841,472,198,1008,1312.97,156.11
台北市,北投區,大同里,1983,1811216,913,490,217,1056,1383.67,151.49
台北市,北投區,福興里,2325,2204474,948,540,247,1214,1334.52,140.75
台北市,北投區,石牌里,1795,1536943,856,499,230,1050,1136.75,132.76
台北市,北投區,奇岩里,3747,4225579,1128,576,242,1278,1921.57,170.39
台北市,北投區,稻香里,1689,1266461,750,487,217,934,933.41,124.48
台北市,北投區,中央里,2825,2650968,938,508,234,1106,1454.38,154.99
台北市,北投區,溫泉里,2316,1847868,798,454,195,990,1096.40,137.42
台北市,北投區,立賢里,1817,1545904,851,531,232,1119,1142.48,134.28
台北市,北投區,中心里,2219,1929794,870,497,220,1101,1159.02,133.27
台北市,北投區,智仁里,1924,1347707,700,439,212,905,798.13,113.94
台北市,北投區,吉利里,2258,2020411,895,596,263,1191,959.52,107.24
台北市,北投區,尊賢里,1515,1302188,860,558,253,1093,1076.99,125.30
台北市,北投區,東華里,1462,1365523,934,528,244,1168,1355.36,145.11
台北市,北投區,吉慶里,1717,1644559,958,584,264,1221,1241.22,129.59
台北市,北投區,中庸里,1344,974310,725,462,209,927,920.41,126.97
台北市,北投區,秀山里,965,621382,644,422,204,792,753.37,117.00
台北市,北投區,建民里,1479,1574415,1065,591,242,1200,1698.85,159.59
台北市,北投區,榮光里,2364,1996617,845,515,238,1073,1053.34,124.72
台北市,北投區,裕民里,2764,3182331,1151,584,246,1275,1867.68,162.22
台北市,北投區,振華里,2582,2537833,983,582,241,1259,1205.07,122.60
台北市,北投區,榮華里,2711,3734738,1378,695,286,1492,5129.00,372.31
台北市,北投區,豐年里,1414,971722,687,421,192,872,831.98,121.07
台北市,北投區,林泉里,964,709151,736,467,237,969,894.85,121.64
台北市,北投區,永明里,1631,1720879,1055,619,288,1337,1275.24,120.86
台北市,北投區,文林里,1550,1565499,1010,558,260,1187,1657.77,164.14
台北市,北投區,大屯里,359,317518,884,463,246,943,1347.45,152.35
台北市,北投區,湖田里,245,210078,857,416,217,780,2402.04,280.13
台北市,信義區,松友里,2254,2072231,919,584,278,1194,1042.41,113.38
台北市,信義區,六藝里,1196,939926,786,500,226,990,1136.59,144.62
台北市,信義區,中興里,1300,1520791,1170,624,266,1324,1909.49,163.23
台北市,信義區,永吉里,992,782607,789,467,224,886,1643.39,208.31
台北市,信義區,敦厚里,1927,1961395,1018,614,267,1269,1423.39,139.84
台北市,信義區,大道里,2152,1954054,908,549,260,1122,1222.40,134.62
台北市,信義區,安康里,3809,7682633,2017,807,315,1916,6294.16,312.06
台北市,信義區,嘉興里,1103,956284,867,508,222,1026,1751.33,202.00
台北市,信義區,五全里,1726,1515545,878,502,238,1006,1439.58,163.95
台北市,信義區,新仁里,1210,1332827,1102,614,266,1363,1737.06,157.70
台北市,信義區,正和里,1642,2010582,1224,639,271,1371,1991.75,162.66
台北市,信義區,惠安里,2220,1840825,829,504,239,1016,1049.61,126.58
台北市,信義區,三犁里,1932,3310661,1714,625,260,1463,6819.59,397.97
台北市,信義區,六合里,2403,3092259,1287,576,260,1288,5309.39,412.59
台北市,信義區,泰和里,2604,2178306,837,491,238,1015,1475.09,176.34
台北市,信義區,西村里,1631,1536480,942,563,242,1220,1170.78,124.28
台北市,信義區,興隆里,951,1577504,1659,671,273,1615,4129.97,248.98
台北市,信義區,景新里,1820,2642230,1452,661,274,1508,2957.49,203.72
台北市,信義區,景聯里,1689,1520556,900,510,229,1100,1186.16,131.76
台北市,信義區,景勤里,1269,1066898,841,481,230,1053,1040.84,123.80
台北市,信義區,黎順里,1409,1421566,1009,573,255,1198,1474.45,146.14
台北市,信義區,黎平里,2463,2223163,903,557,254,1118,1079.71,119.62
台北市,信義區,黎忠里,1585,1269932,801,507,256,1000,926.79,115.67
台北市,信義區,松隆里,665,427084,642,424,203,850,722.70,112.53
台北市,信義區,中坡里,1519,1190775,784,500,227,992,1036.56,132.23
台北市,信義區,永春里,1593,1351189,848,542,272,1111,951.07,112.13
台北市,信義區,富臺里,1514,1654254,1093,611,272,1387,1592.28,145.73
台北市,信義區,長春里,1358,978492,721,458,222,916,871.58,120.96
台北市,信義區,五常里,1248,1133004,908,517,241,1080,1244.32,137.06
台北市,信義區,四維里,1861,1613270,867,512,226,1032,1414.16,163.13
台北市,信義區,雅祥里,1740,1804184,1037,549,245,1136,1825.07,176.01
台北市,信義區,興雅里,2045,2032847,994,551,252,1205,1342.10,135.01
台北市,信義區,廣居里,2773,3037325,1095,614,267,1356,2079.43,189.85
台北市,信義區,中行里,2563,1912331,746,464,221,919,1138.89,152.64
台北市,信義區,四育里,1898,1524024,803,505,241,1051,1077.48,134.19
台北市,信義區,國業里,2541,2702369,1064,603,276,1342,1402.43,131.87
台北市,信義區,松光里,1690,1546548,915,532,249,1155,1446.83,158.10
台北市,信義區,大仁里,1274,940525,738,499,220,925,881.41,119.39
台北市,信義區,雙和里,2448,2207208,902,532,243,1125,1243.65,137.93
台北市,信義區,黎安里,448,310297,693,410,205,774,1029.40,148.62
台北市,信義區,三張里,3098,3389533,1094,537,247,1208,2737.45,250.20
台中市,中區,繼光里,429,296093,690,426,208,859,893.65,129.48
台中市,中區,大墩里,609,451830,742,407,190,909,982.21,132.39
台中市,中區,綠川里,514,311956,607,377,139,731,810.75,133.59
台中市,中區,公園里,433,370400,855,435,174,894,1381.74,161.53
台中市,中區,光復里,603,542514,900,376,186,854,2494.84,277.30
台中市,中區,柳川里,464,286335,617,365,141,765,867.50,140.58
台中市,中區,大誠里,622,434931,699,412,187,785,1120.10,160.19
台中市,中區,中華里,469,326316,696,357,158,929,932.98,134.09
台中市,東區,新庄里,816,606658,743,410,183,858,1026.47,138.07
台中市,東區,泉源里,602,425636,707,433,181,972,860.76,121.74
台中市,東區,東門里,2398,1405165,586,383,163,734,690.59,117.85
台中市,東區,東勢里,647,386983,598,398,183,787,659.73,110.30
台中市,東區,合作里,1101,612945,557,399,176,729,599.22,107.63
台中市,東區,振興里,967,635403,657,383,165,809,913.26,138.99
台中市,東區,東橋里,1248,771076,618,370,176,775,782.11,126.59
台中市,東區,旱溪里,710,433302,610,374,161,754,842.00,137.97
台中市,東區,樂成里,647,412566,638,395,183,848,769.91,120.74
台中市,東區,干城里,637,442224,694,451,208,882,797.38,114.86
台中市,東區,東南里,1084,644689,595,358,169,695,783.42,131.73
台中市,東區,十甲里,1564,1014254,649,418,195,842,760.45,117.26
台中市,東區,富臺里,439,226130,515,340,143,615,689.63,133.88
台中市,東區,富仁里,1153,814408,706,418,180,902,844.50,119.56
台中市,東區,東興里,977,572444,586,372,171,765,770.12,131.44
台中市,東區,東信里,3042,1862952,612,395,182,805,697.12,113.83
台中市,東區,東英里,2420,1700910,703,417,194,895,873.47,124.27
台中市,西區,民生里,635,533582,840,520,233,1083,953.01,113.42
台中市,西區,利民里,508,532750,1049,593,259,1229,1473.62,140.52
台中市,西區,三民里,611,643842,1054,623,292,1451,1181.21,112.10
台中市,西區,東昇里,889,739397,832,506,223,1078,1008.49,121.25
台中市,西區,廣民里,456,339905,745,414,175,823,1186.10,159.12
台中市,西區,平和里,688,573310,833,472,192,1045,1155.50,138.67
台中市,西區,公民里,1786,1562489,875,502,216,1036,1746.99,199.69
台中市,西區,公舘里,1920,1606216,837,440,196,936,3597.91,430.08
台中市,西區,和龍里,619,405975,656,340,142,762,1036.21,157.99
台中市,西區,民龍里,1199,1167279,974,520,220,1163,1495.66,153.63
台中市,西區,後龍里,1244,1206907,970,499,192,1104,1568.37,161.66
台中市,西區,安龍里,1100,1047367,952,486,215,1128,1404.92,147.55
台中市,西區,忠明里,2141,2260718,1056,495,189,1157,1864.61,176.59
台中市,西區,公正里,2428,1974224,813,494,212,1038,1045.59,128.59
台中市,西區,昇平里,2057,1740770,846,479,222,989,1267.74,149.80
台中市,西區,土庫里,2147,2335213,1088,530,217,1201,2130.48,195.88
台中市,西區,藍興里,1461,1218656,834,490,227,1021,1025.70,122.97
台中市,西區,吉龍里,2483,2414181,972,497,211,1123,1549.68,159.39
台中市,西區,忠誠里,2116,1731505,818,458,205,946,1178.69,144.04
台中市,西區,公益里,920,514937,560,360,148,730,660.10,117.94
台中市,西區,中興里,1317,1320332,1003,466,186,1100,1726.71,172.23
台中市,西區,公平里,1838,1682364,915,463,193,1064,1961.03,214.24
台中市,西區,公德里,1600,1405861,879,517,219,1116,1136.12,129.30
台中市,西區,大忠里,1756,1606948,915,554,226,1187,1190.12,130.05
台中市,西區,双龍里,946,792197,837,446,198,946,1247.66,148.99
台中市,南區,城隍里,1216,831939,684,435,190,879,866.62,126.67
台中市,南區,南門里,1284,959299,747,446,211,978,940.92,125.94
台中市,南區,德義里,1088,829736,763,448,198,968,974.66,127.80
台中市,南區,積善里,812,511097,629,420,192,782,774.30,123.02
台中市,南區,江川里,1019,814807,800,457,187,1014,1022.03,127.82
台中市,南區,新榮里,1632,1197106,734,466,201,945,845.87,115.32
台中市,南區,福興里,1258,802718,638,399,187,836,700.31,109.75
台中市,南區,和平里,1440,1012422,703,443,176,888,920.19,130.88
台中市,南區,永興里,2760,2121449,769,493,223,1011,852.62,110.93
台中市,南區,樹義里,4387,3160582,720,476,208,967,780.94,108.40
台中市,南區,樹德里,3108,2471033,795,535,238,1068,850.47,106.97
台中市,南區,西川里,1566,1163024,743,468,205,976,882.40,118.81
台中市,南區,國光里,1326,864178,652,431,179,839,822.94,126.27
台中市,南區,福平里,1809,1181285,653,405,189,826,795.87,121.88
台中市,南區,長榮里,907,601723,663,433,173,870,778.96,117.41
台中市,南區,長春里,689,474434,689,416,178,895,884.21,128.41
台中市,南區,福順里,1978,1451491,734,493,208,981,831.83,113.36
台中市,南區,平和里,1209,869138,719,427,200,902,887.56,123.46
台中市,南區,南和里,2453,1844236,752,458,205,1013,885.17,117.74
台中市,南區,永和里,1486,998720,672,447,204,872,799.38,118.94
台中市,南區,工學里,2477,1984719,801,529,232,1056,902.87,112.68
台中市,南區,崇倫里,1975,1459790,739,487,218,971,857.50,116.01
台中市,北區,光大里,585,366746,627,344,157,777,894.35,142.66
台中市,北區,新興里,451,275943,612,381,161,741,791.89,129.43
台中市,北區,錦村里,1063,724606,682,418,190,845,860.42,126.22
台中市,北區,邱厝里,845,873309,1034,510,216,1150,1611.00,155.88
台中市,北區,賴厝里,1423,1163027,817,488,195,1047,1056.00,129.21
台中市,北區,賴村里,1442,1077533,747,454,191,910,1076.40,144.05
台中市,北區,淡溝里,1848,1711440,926,507,217,1069,1348.81,145.64
台中市,北區,中達里,823,536509,652,377,158,773,951.68,145.99
台中市,北區,新北里,599,565656,944,484,204,1112,1478.91,156.61
台中市,北區,樂英里,678,342733,506,331,133,675,565.32,111.83
台中市,北區,錦洲里,1075,725242,675,423,168,794,1026.77,152.19
台中市,北區,金龍里,1348,805905,598,374,157,725,901.34,150.76
台中市,北區,文莊里,1033,643654,623,398,173,749,850.47,136.49
台中市,北區,金華里,967,888745,919,514,206,1061,1470.18,159.96
台中市,北區,五常里,416,295225,710,462,210,884,803.81,113.26
台中市,北區,育德里,1266,1309874,1035,472,201,1084,2318.74,224.11
台中市,北區,頂厝里,1457,1277071,877,472,204,999,1267.60,144.62
台中市,北區,建興里,1921,1309858,682,414,191,849,859.07,125.99
台中市,北區,建成里,1746,892069,511,346,165,639,565.06,110.60
台中市,北區,健行里,2236,2045280,915,459,199,1009,2323.65,254.03
台中市,北區,明德里,1959,1485489,758,462,207,937,983.67,129.72
台中市,北區,長青里,2032,1341037,660,415,173,827,813.92,123.33
台中市,北區,賴興里,1368,987795,722,455,193,930,990.39,137.16
台中市,北區,賴明里,1329,884722,666,409,164,806,919.24,138.09
台中市,北區,錦祥里,1309,896570,685,416,183,877,865.91,126.42
台中市,北區,建德里,1032,580668,563,373,151,718,726.22,129.07
台中市,北區,崇德里,1229,976807,795,443,188,1028,1040.24,130.88
台中市,北區,賴旺里,1306,729910,559,354,154,711,671.24,120.10
台中市,北區,明新里,876,555494,634,405,176,784,937.65,147.87
台中市,北區,立人里,1324,959879,725,459,197,885,899.04,124.01
台中市,北區,賴福里,1440,1561453,1084,567,235,1347,1475.06,136.03
台中市,北區,梅川里,1178,998827,848,451,190,1036,1197.13,141.19
台中市,北區,錦平里,608,468068,770,451,213,936,977.93,127.03
台中市,北區,中正里,398,259742,653,357,171,819,804.30,123.24
台中市,北區,大湖里,537,264057,492,338,136,625,537.50,109.31
台中市,北區,六合里,483,293856,608,360,161,753,807.89,132.79
台中市,西屯區,西安里,1765,1520324,861,507,244,1046,1127.92,130.94
台中市,西屯區,西墩里,2166,2525263,1166,650,268,1535,1452.57,124.59
台中市,西屯區,潮洋里,2123,2502125,1179,615,261,1439,1648.50,139.87
台中市,西屯區,龍潭里,253,230460,911,478,222,1153,1298.85,142.59
台中市,西屯區,惠來里,5986,11517885,1924,914,345,2222,4922.41,255.82
台中市,西屯區,何安里,1879,1477764,786,472,205,968,1010.28,128.46
台中市,西屯區,何厝里,1093,704452,645,393,176,802,789.59,122.51
台中市,西屯區,上石里,1847,1577572,854,537,254,1093,1011.74,118.45
台中市,西屯區,大河里,1274,948804,745,410,194,844,1166.43,156.62
台中市,西屯區,大石里,625,385316,617,420,210,798,613.26,99.47
台中市,西屯區,港尾里,1575,1140188,724,441,209,940,940.63,129.93
台中市,西屯區,廣福里,708,456025,644,418,183,811,826.03,128.24
台中市,西屯區,林厝里,1182,1343189,1136,574,256,1422,1622.35,142.77
台中市,西屯區,永安里,4646,4584240,987,585,268,1225,1321.65,133.95
台中市,西屯區,福安里,1056,1093320,1035,563,252,1300,1340.52,129.48
台中市,西屯區,協和里,1510,1174289,778,458,212,852,1114.77,143.35
台中市,西屯區,鵬程里,731,419189,573,395,174,752,617.10,107.61
台中市,西屯區,逢甲里,1501,1091887,727,476,200,907,985.50,135.48
台中市,西屯區,大福里,830,530713,639,384,192,822,746.27,116.71
台中市,西屯區,大鵬里,1472,1008290,685,430,198,830,975.01,142.34
台中市,西屯區,西平里,1646,1273751,774,480,209,1048,907.31,117.25
台中市,西屯區,何仁里,2142,1574360,735,444,207,942,920.90,125.29
台中市,西屯區,何德里,1337,1019348,762,477,230,984,1118.01,146.64
台中市,西屯區,何源里,2266,1633754,721,440,203,896,901.33,125.01
台中市,西屯區,何南里,1674,1329312,794,479,204,1019,940.95,118.49
台中市,西屯區,至善里,1620,1439648,889,536,248,1155,1025.23,115.37
台中市,西屯區,上安里,1984,1814599,915,601,258,1201,1023.90,111.95
台中市,西屯區,上德里,1528,1193044,781,462,208,1006,958.71,122.79
台中市,西屯區,逢福里,1889,1530590,810,498,228,1028,955.76,117.96
台中市,西屯區,何明里,1255,857912,684,419,206,822,887.73,129.86
台中市,西屯區,何成里,2676,2145502,802,487,210,1015,1048.12,130.73
台中市,西屯區,何福里,1537,1125426,732,431,201,928,926.98,126.60
台中市,西屯區,福和里,1449,1119389,773,421,219,833,1902.85,246.32
台中市,西屯區,福中里,1187,847534,714,437,211,880,958.43,134.23
台中市,西屯區,福恩里,1864,1718304,922,562,256,1192,1117.72,121.25
台中市,西屯區,福聯里,1065,1002197,941,509,212,1125,1562.65,166.06
台中市,西屯區,福瑞里,1064,1034082,972,537,245,1133,1630.48,167.77
台中市,西屯區,福林里,2986,3609270,1209,703,299,1577,1508.99,124.84
台中市,西屯區,福雅里,2114,2106988,997,581,269,1227,1329.55,133.40
台中市,南屯區,南屯里,3207,3082858,961,589,245,1246,1253.05,130.35
台中市,南屯區,豐樂里,4524,5321082,1176,622,269,1445,1988.43,169.06
台中市,南屯區,楓樹里,2032,1689285,831,485,224,1021,1056.76,127.11
台中市,南屯區,中和里,1331,749895,563,389,177,721,648.86,115.17
台中市,南屯區,鎮平里,424,267946,632,402,194,756,713.11,112.84
台中市,南屯區,春社里,1945,1328855,683,450,215,888,792.83,116.04
台中市,南屯區,文山里,4155,3088734,743,539,271,959,828.91,111.51
台中市,南屯區,新生里,757,934217,1234,645,289,1421,2539.10,205.74
台中市,南屯區,永定里,1782,1477961,829,484,215,1039,1246.43,150.28
台中市,南屯區,三厝里,2431,2312721,951,582,253,1188,1273.55,133.87
台中市,南屯區,溝墘里,2159,2346769,1087,574,265,1313,1585.06,145.82
台中市,南屯區,田心里,2292,2332878,1018,568,235,1226,1514.08,148.76
台中市,南屯區,春安里,246,184166,749,454,215,840,1166.73,155.85
台中市,南屯區,黎明里,1474,1109333,753,466,214,922,1068.45,141.97
台中市,南屯區,大同里,1789,1475913,825,477,216,1011,1075.90,130.41
台中市,南屯區,文心里,1387,1377663,993,519,226,1163,1681.43,169.28
台中市,南屯區,同心里,1889,1536581,813,514,229,1020,1068.77,131.39
台中市,南屯區,向心里,1779,1969476,1107,564,245,1378,1536.93,138.83
台中市,南屯區,大業里,2517,2358495,937,525,231,1180,1253.51,133.78
台中市,南屯區,惠中里,2947,3842344,1304,682,265,1527,2130.22,163.38
台中市,南屯區,大誠里,1357,1299147,957,550,257,1178,1197.58,125.09
台中市,南屯區,大興里,1625,1458705,898,493,231,1050,1210.04,134.80
台中市,南屯區,寶山里,1955,1361476,696,496,246,903,708.58,101.75
台中市,南屯區,三和里,3252,3693956,1136,709,292,1431,1454.41,128.04
台中市,南屯區,三義里,2400,2451402,1021,660,276,1312,1217.35,119.18
台中市,北屯區,北屯里,1174,985598,840,463,210,940,1943.06,231.45
台中市,北屯區,三光里,2369,1582983,668,418,188,825,851.39,127.41
台中市,北屯區,舊社里,1948,1345220,691,442,199,888,841.49,121.86
台中市,北屯區,水景里,4902,4200976,857,519,231,1057,1165.25,135.97
台中市,北屯區,軍功里,4151,3325181,801,484,222,1016,990.80,123.69
台中市,北屯區,和平里,3741,2979799,797,509,242,997,967.85,121.51
台中市,北屯區,平田里,1886,1254749,665,414,175,822,885.02,133.03
台中市,北屯區,東山里,596,395699,664,403,173,830,825.54,124.34
台中市,北屯區,大坑里,526,309531,588,366,169,677,895.26,152.14
台中市,北屯區,民德里,244,176837,725,424,219,950,1276.92,176.19
台中市,北屯區,廍子里,4914,4147118,844,583,260,1093,934.52,110.73
台中市,北屯區,平和里,1807,1359139,752,471,206,967,921.58,122.53
台中市,北屯區,民政里,234,208378,891,445,191,887,1541.44,173.10
台中市,北屯區,松竹里,3199,2930600,916,554,245,1138,1576.25,172.06
台中市,北屯區,仁美里,3297,3220240,977,559,230,1188,1792.66,183.54
台中市,北屯區,仁和里,2905,2762173,951,537,228,1210,1258.69,132.38
台中市,北屯區,四民里,485,279911,577,402,171,732,638.80,110.68
台中市,北屯區,同榮里,1768,1207372,683,439,201,870,786.27,115.14
台中市,北屯區,陳平里,1509,966647,641,418,200,845,696.67,108.75
台中市,北屯區,后庄里,3507,2744410,783,477,206,982,1025.98,131.11
台中市,北屯區,仁愛里,335,173614,518,307,148,658,683.28,131.84
台中市,北屯區,北興里,1036,628717,607,400,169,753,784.07,129.20
台中市,北屯區,東光里,1396,882189,632,413,181,782,731.63,115.78
台中市,北屯區,新平里,1207,694406,575,349,158,715,732.07,127.25
台中市,北屯區,水湳里,2142,1501583,701,405,197,839,1096.14,156.36
台中市,北屯區,平安里,1739,1285120,739,419,177,869,1340.11,181.34
台中市,北屯區,平德里,2252,1723103,765,455,200,927,1152.58,150.64
台中市,北屯區,平順里,1116,714446,640,432,188,838,758.02,118.41
台中市,北屯區,大德里,1560,977899,627,420,194,803,721.74,115.14
台中市,北屯區,松安里,1635,1050542,643,426,203,822,700.31,108.99
台中市,北屯區,松茂里,1806,1217421,674,423,196,838,896.11,132.93
台中市,北屯區,平心里,1658,1125830,679,456,195,875,801.05,117.97
台中市,北屯區,平福里,1363,1177251,864,514,230,1120,1095.77,126.87
台中市,北屯區,平昌里,1437,1051462,732,456,204,914,892.42,121.96
台中市,北屯區,平陽里,1722,1320905,767,426,186,868,1132.12,147.59
台中市,北屯區,忠平里,1302,853878,656,422,205,818,863.62,131.68
台中市,北屯區,松勇里,1746,1207979,692,440,202,850,861.40,124.51
台中市,北屯區,松強里,2436,2321974,953,566,250,1219,1211.97,127.15
台中市,北屯區,松和里,2040,1262556,619,397,184,767,956.22,154.50
台中市,北屯區,平興里,2152,1459436,678,436,197,870,799.65,117.91
台中市,北屯區,北京里,1011,682582,675,396,185,809,966.67,143.18
台中市,北屯區,三和里,1792,1035070,578,373,173,733,672.64,116.45
台中市,豐原區,豐原里,767,515563,672,385,167,767,1079.31,160.57
台中市,豐原區,頂街里,336,232480,692,402,206,871,916.43,132.45
台中市,豐原區,中山里,319,252382,791,455,200,960,1127.99,142.57
台中市,豐原區,豐榮里,414,329523,796,406,190,924,1086.83,136.55
台中市,豐原區,下街里,228,172159,755,409,185,930,1237.06,163.83
台中市,豐原區,豐西里,552,418964,759,402,182,861,1320.32,173.96
台中市,豐原區,葫蘆里,218,142425,653,381,191,790,858.47,131.40
台中市,豐原區,富春里,256,166585,651,357,160,711,959.60,147.47
台中市,豐原區,東勢里,476,323741,680,392,180,835,1003.52,147.55
台中市,豐原區,西勢里,774,583463,754,447,203,886,982.76,130.37
台中市,豐原區,圳寮里,395,245396,621,400,203,796,660.87,106.38
台中市,豐原區,大湳里,870,579212,666,421,183,826,880.90,132.32
台中市,豐原區,東湳里,1214,628368,518,336,155,635,684.93,132.33
台中市,豐原區,西湳里,2951,1749460,593,372,171,710,815.37,137.54
台中市,豐原區,南陽里,3764,2455552,652,399,191,810,822.08,126.01
台中市,豐原區,北陽里,4520,2940177,650,398,189,798,821.38,126.27
台中市,豐原區,東陽里,468,257547,550,313,157,593,951.66,172.93
台中市,豐原區,田心里,1985,1306846,658,385,173,782,1052.17,159.82
台中市,豐原區,鎌村里,1435,770544,537,362,167,697,557.88,103.90
台中市,豐原區,社皮里,3235,1860727,575,366,176,701,765.95,133.17
台中市,豐原區,三村里,2125,1379067,649,399,182,802,799.99,123.27
台中市,豐原區,南村里,1895,1172156,619,360,163,763,795.88,128.67
台中市,豐原區,南田里,1046,531202,508,336,162,586,603.11,118.76
台中市,豐原區,南嵩里,1065,611254,574,344,168,689,798.48,139.12
台中市,豐原區,翁明里,796,488930,614,370,169,744,790.52,128.70
台中市,豐原區,翁子里,1042,581583,558,373,176,714,642.78,115.16
台中市,豐原區,翁社里,643,339688,528,325,147,631,659.37,124.81
台中市,豐原區,朴子里,960,511316,533,342,171,646,693.76,130.25
台中市,豐原區,豐田里,3284,1852593,564,365,168,701,699.01,123.91
台中市,豐原區,豐圳里,1165,750007,644,390,183,750,1422.07,220.89
台中市,豐原區,北湳里,988,586690,594,374,177,725,690.52,116.28
台中市,豐原區,陽明里,913,610793,669,404,196,793,902.64,134.92
台中市,豐原區,民生里,355,235294,663,393,177,829,924.60,139.50
台中市,豐原區,中陽里,1719,1136833,661,398,182,812,864.06,130.65
台中市,豐原區,西安里,1714,1080828,631,401,198,782,779.23,123.57
台中市,豐原區,中興里,940,565991,602,349,163,720,768.21,127.58
台中市,東勢區,北興里,395,230380,583,380,166,726,681.97,116.93
台中市,東勢區,中寧里,241,117573,488,344,134,605,524.76,107.57
台中市,東勢區,東安里,297,178690,602,367,142,780,737.20,122.53
台中市,東勢區,南平里,522,302034,579,383,180,724,663.21,114.62
台中市,東勢區,新盛里,1299,666858,513,377,166,639,536.52,104.51
台中市,東勢區,詒福里,353,178904,507,324,154,603,612.57,120.87
台中市,東勢區,下城里,184,102647,558,387,154,673,737.98,132.29
台中市,東勢區,上城里,226,134005,593,351,164,687,783.09,132.07
台中市,東勢區,慶東里,372,182790,491,334,157,662,545.83,111.08
台中市,東勢區,慶福里,215,110073,512,376,186,652,605.28,118.23
台中市,東勢區,隆興里,275,127206,463,299,153,580,522.73,113.01
台中市,東勢區,福隆里,988,499782,506,356,160,635,533.37,105.44
台中市,東勢區,中嵙里,365,180334,494,326,138,634,541.39,109.58
台中市,東勢區,上新里,261,125801,482,326,143,595,546.90,113.47
台中市,東勢區,廣興里,402,267219,665,421,180,857,736.11,110.74
台中市,東勢區,粵寧里,582,302338,519,338,184,720,498.52,95.96
台中市,東勢區,下新里,434,221514,510,320,150,640,542.04,106.20
台中市,東勢區,興隆里,281,123097,438,296,151,534,484.03,110.49
台中市,東勢區,茂興里,408,178863,438,310,144,577,473.06,107.91
台中市,東勢區,泰興里,152,77020,507,372,194,675,487.59,96.23
台中市,東勢區,埤頭里,148,79152,535,330,162,564,753.79,140.94
台中市,東勢區,明正里,227,94836,418,308,151,529,458.60,109.77
台中市,東勢區,泰昌里,991,601410,607,398,195,752,641.81,105.76
台中市,東勢區,延平里,614,380148,619,409,175,738,763.49,123.32
台中市,東勢區,東新里,551,308875,561,364,170,767,587.94,104.88
台中市,大甲區,朝陽里,469,318881,680,449,200,801,826.99,121.63
台中市,大甲區,大甲里,368,271813,739,476,200,910,899.02,121.72
台中市,大甲區,順天里,482,325196,675,401,182,816,915.33,135.67
台中市,大甲區,孔門里,234,205292,877,410,195,909,2360.75,269.09
台中市,大甲區,岷山里,653,385071,590,378,169,689,817.18,138.58
台中市,大甲區,中山里,1373,814041,593,361,173,749,999.61,168.60
台中市,大甲區,南陽里,226,130902,579,343,173,671,747.05,128.98
台中市,大甲區,薰風里,264,212347,804,413,199,853,1381.03,171.70
台中市,大甲區,義和里,1010,637850,632,403,190,758,826.54,130.88
台中市,大甲區,武陵里,344,178972,520,339,168,620,588.79,113.17
台中市,大甲區,文曲里,289,137744,477,340,172,615,467.21,98.03
台中市,大甲區,平安里,692,445933,644,378,181,777,859.52,133.38
台中市,大甲區,庄美里,708,460986,651,386,185,731,886.04,136.08
台中市,大甲區,武曲里,595,397958,669,376,189,691,1189.32,177.82
台中市,大甲區,文武里,1797,1190059,662,412,195,816,836.41,126.30
台中市,大甲區,奉化里,657,411549,626,422,182,832,676.52,108.00
台中市,大甲區,德化里,535,277643,519,347,184,668,561.78,108.25
台中市,大甲區,江南里,435,261614,601,345,161,698,1032.34,171.65
台中市,大甲區,頂店里,1485,915917,617,388,192,723,830.98,134.73
台中市,大甲區,太白里,364,170468,468,335,170,618,495.00,105.70
台中市,大甲區,孟春里,1179,634971,539,350,182,663,641.42,119.10
台中市,大甲區,幸福里,723,386370,534,337,147,618,782.61,146.45
台中市,大甲區,日南里,1840,922027,501,363,185,601,660.46,131.80
台中市,大甲區,龍泉里,427,196611,460,330,160,586,516.37,112.15
台中市,大甲區,銅安里,408,206073,505,342,170,592,598.83,118.56
台中市,大甲區,西岐里,506,257530,509,340,182,606,658.68,129.42
台中市,大甲區,福德里,297,131215,442,308,160,511,488.24,110.51
台中市,大甲區,建興里,363,163726,451,344,169,564,436.12,96.69
台中市,大甲區,新美里,1032,605120,586,375,184,729,663.41,113.14
台中市,清水區,鰲峰里,319,207452,650,411,182,803,810.93,124.70
台中市,清水區,靈泉里,333,248109,745,467,196,882,1016.33,136.41
台中市,清水區,清水里,730,465165,637,401,178,863,711.12,111.60
台中市,清水區,南寧里,589,405996,689,417,199,831,989.60,143.57
台中市,清水區,西寧里,495,254857,515,335,160,655,685.59,133.16
台中市,清水區,北寧里,207,113945,550,332,174,689,641.25,116.49
台中市,清水區,中興里,116,73109,630,437,215,798,687.52,109.09
台中市,清水區,西社里,729,483219,663,405,214,813,761.31,114.85
台中市,清水區,南社里,3342,2171391,650,431,201,844,740.42,113.96
台中市,清水區,裕嘉里,481,239735,498,332,170,629,619.91,124.38
台中市,清水區,臨江里,429,225144,525,346,176,643,581.83,110.86
台中市,清水區,秀水里,1453,809884,557,373,183,715,629.98,113.02
台中市,清水區,武鹿里,1061,620680,585,389,181,744,678.76,116.03
台中市,清水區,海濱里,550,253738,461,342,181,566,468.05,101.45
台中市,清水區,槺榔里,2073,1238867,598,443,217,780,682.75,114.24
台中市,清水區,中社里,940,578760,616,470,225,792,702.26,114.06
台中市,清水區,高西里,304,135049,444,264,118,533,560.39,126.14
台中市,清水區,高南里,348,173544,499,338,162,611,555.37,111.37
台中市,清水區,高東里,306,156863,513,329,167,557,993.27,193.76
台中市,清水區,高北里,306,144654,473,313,149,555,596.66,126.22
台中市,清水區,高美里,306,157559,515,342,171,650,676.01,131.29
台中市,清水區,國姓里,605,300814,497,324,159,581,671.11,134.97
台中市,清水區,菁埔里,677,310957,459,329,155,559,516.06,112.35
台中市,清水區,頂湳里,470,240345,511,350,154,620,578.98,113.22
台中市,清水區,田寮里,728,342155,470,322,150,612,497.86,105.93
台中市,清水區,橋頭里,2498,1460236,585,391,191,753,654.09,111.89
台中市,清水區,下湳里,869,517352,595,332,167,647,916.22,153.90
台中市,清水區,東山里,339,141643,418,282,145,520,468.49,112.12
台中市,清水區,楊厝里,293,123784,422,304,167,482,539.89,127.79
台中市,清水區,海風里,397,208666,526,331,176,621,664.08,126.35
台中市,清水區,吳厝里,386,158557,411,328,159,539,382.17,93.04
台中市,清水區,文昌里,244,164182,673,407,202,767,868.60,129.09
台中市,沙鹿區,居仁里,456,385814,846,446,205,878,1394.60,164.83
台中市,沙鹿區,洛泉里,664,543819,819,433,222,914,1262.79,154.19
台中市,沙鹿區,沙鹿里,339,343281,1013,542,253,1124,1409.97,139.24
台中市,沙鹿區,美仁里,136,89423,658,425,155,806,861.56,131.03
台中市,沙鹿區,興仁里,797,483194,606,376,186,726,770.05,127.02
台中市,沙鹿區,斗抵里,1452,898237,619,409,194,791,713.00,115.26
台中市,沙鹿區,鹿峰里,1712,1149452,671,440,209,867,811.71,120.90
台中市,沙鹿區,鹿寮里,2248,1529779,681,430,199,866,839.52,123.37
台中市,沙鹿區,竹林里,2484,1628012,655,421,193,825,770.24,117.52
台中市,沙鹿區,犂分里,345,181611,526,388,185,692,510.00,96.88
台中市,沙鹿區,福興里,1181,784111,664,441,211,877,778.71,117.29
台中市,沙鹿區,北勢里,1507,1052550,698,425,203,829,1082.32,154.96
台中市,沙鹿區,晉江里,522,350447,671,418,180,794,977.86,145.65
台中市,沙鹿區,六路里,1934,1369453,708,466,206,924,800.73,113.08
台中市,沙鹿區,南勢里,1088,733397,674,454,202,863,813.17,120.63
台中市,沙鹿區,埔子里,2011,1650068,821,548,249,1083,881.53,107.44
台中市,沙鹿區,公明里,1351,785786,582,413,205,764,591.21,101.65
台中市,沙鹿區,西勢里,546,235102,431,324,154,533,458.64,106.51
台中市,沙鹿區,清泉里,760,424957,559,422,207,728,529.42,94.68
台中市,沙鹿區,興安里,1182,797009,674,408,207,776,1006.65,149.29
台中市,沙鹿區,三鹿里,2597,1768984,681,478,247,905,774.62,113.72
台中市,梧棲區,頂寮里,1242,799109,643,473,231,891,696.92,108.32
台中市,梧棲區,下寮里,653,365942,560,387,184,704,664.01,118.49
台中市,梧棲區,中正里,1287,808626,628,400,194,764,849.68,135.23
台中市,梧棲區,中和里,157,107085,682,423,191,794,870.29,127.60
台中市,梧棲區,文化里,379,237681,627,378,167,801,797.78,127.21
台中市,梧棲區,安仁里,228,124484,546,342,180,653,723.28,132.47
台中市,梧棲區,草湳里,2059,1167685,567,388,193,697,647.77,114.22
台中市,梧棲區,南簡里,1746,1060398,607,423,195,778,631.41,103.96
台中市,梧棲區,福德里,1592,948637,596,418,199,794,614.79,103.17
台中市,梧棲區,大庄里,2538,1528905,602,399,196,744,751.44,124.74
台中市,梧棲區,大村里,1946,1158073,595,397,182,779,682.14,114.63
台中市,梧棲區,永寧里,739,410219,555,349,171,630,794.64,143.15
台中市,梧棲區,永安里,790,438353,555,357,170,689,742.84,133.87
台中市,梧棲區,興農里,769,417575,543,369,175,698,583.18,107.40
台中市,神岡區,神岡里,987,515828,523,355,163,668,571.50,109.35
台中市,神岡區,庄前里,747,446848,598,372,175,737,710.74,118.82
台中市,神岡區,庄後里,704,339043,482,320,151,614,553.55,114.94
台中市,神岡區,北庄里,845,461130,546,345,179,643,689.58,126.36
台中市,神岡區,圳前里,647,346428,535,340,165,635,732.06,136.72
台中市,神岡區,圳堵里,547,270345,494,342,160,606,547.00,110.68
台中市,神岡區,新庄里,1116,542689,486,347,179,603,512.11,105.31
台中市,神岡區,山皮里,276,140169,508,311,162,573,711.46,140.09
台中市,神岡區,社口里,2474,1421670,575,374,181,683,1049.34,182.61
台中市,神岡區,社南里,1761,959768,545,361,166,681,637.76,117.02
台中市,神岡區,三角里,836,480240,574,347,174,651,860.29,149.76
台中市,神岡區,大社里,1405,771833,549,354,168,674,702.72,127.92
台中市,神岡區,岸裡里,1023,589210,576,344,175,667,1007.85,174.99
台中市,神岡區,豐洲里,2428,1341959,553,345,160,666,696.47,126.01
台中市,神岡區,神洲里,855,427406,500,297,143,592,629.71,125.97
台中市,神岡區,溪洲里,816,365316,448,302,139,566,516.32,115.33
台中市,后里區,廣福里,478,215596,451,328,168,578,487.45,108.07
台中市,后里區,仁里里,226,115020,509,391,169,679,501.66,98.57
台中市,后里區,義里里,921,553369,601,405,193,756,712.44,118.57
台中市,后里區,后里里,1134,668586,590,385,193,733,751.11,127.40
台中市,后里區,厚里里,612,348185,569,380,185,706,679.19,119.38
台中市,后里區,墩東里,1505,920112,611,394,196,749,732.92,119.88
台中市,后里區,墩西里,538,315471,586,408,177,751,697.07,118.88
台中市,后里區,墩南里,1088,586170,539,363,167,689,622.53,115.55
台中市,后里區,墩北里,1108,650892,587,391,166,725,749.71,127.62
台中市,后里區,中和里,745,396475,532,346,170,671,600.14,112.77
台中市,后里區,舊社里,609,298560,490,313,136,663,596.29,121.63
台中市,后里區,聯合里,374,205709,550,381,195,655,660.56,120.10
台中市,后里區,太平里,573,284402,496,369,177,637,488.47,98.41
台中市,后里區,眉山里,933,530458,569,371,179,724,613.79,107.96
台中市,后里區,月眉里,528,286375,542,389,184,652,614.50,113.30
台中市,后里區,公館里,550,262562,477,318,150,619,531.01,111.23
台中市,后里區,泰安里,348,175546,504,335,164,631,615.28,121.97
台中市,后里區,義德里,790,433404,549,392,198,690,585.51,106.73
台中市,大雅區,大雅里,1450,928709,640,406,184,792,809.75,126.43
台中市,大雅區,員林里,3040,1938247,638,407,195,783,771.49,121.00
台中市,大雅區,六寶里,1709,883812,517,356,174,646,598.58,115.75
台中市,大雅區,秀山里,988,569090,576,386,191,709,760.45,132.02
台中市,大雅區,橫山里,1415,938020,663,420,206,821,820.87,123.83
台中市,大雅區,三和里,1804,1136537,630,397,198,789,770.15,122.24
台中市,大雅區,西寶里,1560,918377,589,379,189,700,689.23,117.08
台中市,大雅區,上楓里,2056,1160386,564,376,178,676,741.16,131.32
台中市,大雅區,忠義里,855,415594,486,368,170,635,487.26,100.24
台中市,大雅區,四德里,1641,1112988,678,433,201,805,1293.04,190.65
台中市,大雅區,上雅里,2065,1476507,715,447,203,923,928.92,129.92
台中市,大雅區,二和里,2052,1358748,662,406,183,802,858.51,129.65
台中市,大雅區,文雅里,1993,1222074,613,408,205,758,677.15,110.43
台中市,大雅區,大楓里,1624,821583,506,335,156,614,668.34,132.11
台中市,大雅區,雅楓里,1120,544801,486,316,160,603,554.72,114.04
台中市,潭子區,潭秀里,453,321297,709,410,205,849,956.59,134.87
台中市,潭子區,潭北里,748,476859,638,360,171,692,951.37,149.23
台中市,潭子區,潭陽里,3551,1940788,547,374,186,671,629.23,115.13
台中市,潭子區,福仁里,3388,1861017,549,369,183,690,650.49,118.42
台中市,潭子區,頭家里,1789,1066165,596,409,196,749,724.15,121.51
台中市,潭子區,甘蔗里,3266,1974805,605,393,188,758,709.12,117.28
台中市,潭子區,東寶里,4008,2217389,553,365,179,685,650.91,117.65
台中市,潭子區,大富里,939,582274,620,397,194,728,777.85,125.44
台中市,潭子區,大豐里,2115,1356200,641,429,198,790,779.33,121.54
台中市,潭子區,栗林里,1637,944980,577,365,168,677,796.74,138.02
台中市,潭子區,嘉仁里,1280,720766,563,386,190,675,709.83,126.06
台中市,潭子區,新田里,415,199682,481,308,155,570,582.56,121.07
台中市,潭子區,聚興里,1161,676934,583,364,162,715,720.56,123.58
台中市,潭子區,頭家東里,1378,852140,618,395,197,769,742.93,120.14
台中市,潭子區,家興里,2234,1381104,618,409,195,808,657.06,106.28
台中市,潭子區,家福里,1495,932627,624,410,196,822,654.92,104.98
台中市,新社區,新社里,906,506594,559,389,194,749,572.26,102.34
台中市,新社區,復盛里,395,222304,563,406,210,693,878.64,156.12
台中市,新社區,中正里,324,172454,532,379,170,653,641.80,120.58
台中市,新社區,月湖里,205,97871,477,359,185,600,463.62,97.11
台中市,新社區,崑山里,175,84439,483,333,135,635,508.88,105.46
台中市,新社區,慶西里,134,60534,452,307,127,537,524.27,116.05
台中市,新社區,東興里,259,151660,586,391,218,671,863.34,147.44
台中市,新社區,大南里,442,224893,509,334,179,601,570.72,112.17
台中市,新社區,協成里,487,251214,516,340,153,617,1093.83,212.05
台中市,新社區,永源里,517,279322,540,352,175,663,632.46,117.06
台中市,新社區,中和里,81,39065,482,360,188,604,445.01,92.27
台中市,新社區,福興里,194,84537,436,314,152,568,422.61,96.98
台中市,新社區,中興里,98,53751,548,333,210,575,651.90,118.86
台中市,石岡區,石岡里,322,173571,539,361,179,627,635.53,117.90
台中市,石岡區,萬安里,426,259336,609,395,205,764,683.69,112.31
台中市,石岡區,九房里,334,180483,540,351,171,697,746.03,138.06
台中市,石岡區,金星里,313,157194,502,360,150,611,571.67,113.83
台中市,石岡區,龍興里,145,80067,552,350,184,635,693.07,125.51
台中市,石岡區,和盛里,322,163016,506,373,159,679,616.62,121.80
台中市,石岡區,德興里,413,203024,492,331,185,629,505.41,102.81
台中市,石岡區,土牛里,277,124940,451,320,162,566,436.19,96.71
台中市,石岡區,梅子里,480,283121,590,386,166,707,821.75,139.32
台中市,石岡區,萬興里,435,233023,536,337,161,637,701.57,130.97
台中市,外埔區,永豐里,315,157600,500,319,165,604,634.27,126.77
台中市,外埔區,六分里,666,347100,521,387,196,664,523.19,100.39
台中市,外埔區,三崁里,488,261536,536,367,171,683,614.01,114.57
台中市,外埔區,大同里,1471,854035,581,388,188,724,670.51,115.49
台中市,外埔區,水美里,1075,637966,593,402,190,741,754.29,127.10
台中市,外埔區,大東里,1866,1020979,547,395,199,685,570.67,104.30
台中市,外埔區,馬鳴里,354,171358,484,312,164,609,572.81,118.33
台中市,外埔區,中山里,342,180950,529,345,154,638,639.06,120.78
台中市,外埔區,鐵山里,534,276788,518,337,187,607,631.36,121.81
台中市,外埔區,土城里,415,186650,450,327,164,591,432.58,96.18
台中市,外埔區,廍子里,262,116614,445,282,152,530,555.86,124.89
台中市,大安區,東安里,366,170949,467,337,168,553,499.62,106.97
台中市,大安區,南埔里,226,101537,449,314,167,557,457.70,101.88
台中市,大安區,南庄里,233,122955,528,338,194,615,606.29,114.89
台中市,大安區,中庄里,763,394654,517,341,157,645,696.34,134.63
台中市,大安區,龜売里,431,210278,488,337,170,585,511.87,104.92
台中市,大安區,福興里,327,177859,544,363,171,645,626.11,115.11
台中市,大安區,頂安里,205,99405,485,309,155,526,743.64,153.36
台中市,大安區,永安里,440,182576,415,305,124,562,422.52,101.83
台中市,大安區,福住里,259,107622,416,294,165,511,465.46,112.02
台中市,大安區,海墘里,376,200148,532,324,165,595,773.51,145.31
台中市,大安區,西安里,512,273014,533,361,175,670,597.74,112.10
台中市,大安區,松雅里,273,161969,593,391,201,785,674.12,113.62
台中市,烏日區,烏日里,2996,1974143,659,430,193,849,804.96,122.16
台中市,烏日區,湖日里,712,391500,550,384,175,714,569.62,103.59
台中市,烏日區,三和里,1658,1142925,689,456,209,884,804.50,116.71
台中市,烏日區,榮泉里,2016,1416082,702,462,210,868,818.66,116.55
台中市,烏日區,學田里,802,600567,749,380,175,695,3402.94,454.43
台中市,烏日區,九德里,4163,2394682,575,388,181,743,655.91,114.02
台中市,烏日區,前竹里,555,348416,628,376,175,739,951.68,151.60
台中市,烏日區,五光里,507,280797,554,352,161,631,720.98,130.18
台中市,烏日區,光明里,677,327417,484,310,150,599,580.71,120.07
台中市,烏日區,東園里,621,333107,536,347,166,619,675.57,125.94
台中市,烏日區,溪埧里,1366,737878,540,340,167,662,740.38,137.06
台中市,烏日區,螺潭里,723,411264,569,368,170,716,713.56,125.44
台中市,烏日區,北里里,518,278511,538,338,154,685,597.82,111.19
台中市,烏日區,南里里,414,231596,559,375,165,711,803.79,143.68
台中市,烏日區,溪尾里,156,71874,461,303,165,520,632.77,137.34
台中市,烏日區,仁德里,2529,1707107,675,446,196,860,768.53,113.85
台中市,大肚區,王田里,1346,713884,530,351,159,651,731.98,138.01
台中市,大肚區,中和里,258,130818,507,370,180,638,523.75,103.29
台中市,大肚區,福山里,1111,567689,511,336,159,629,697.86,136.57
台中市,大肚區,社腳里,778,417864,537,343,170,655,757.73,141.08
台中市,大肚區,營埔里,424,206816,488,337,171,643,504.24,103.37
台中市,大肚區,新興里,836,400763,479,327,164,618,553.98,115.56
台中市,大肚區,大東里,986,543273,551,381,196,674,584.71,106.12
台中市,大肚區,大肚里,775,522978,675,430,202,876,742.11,109.97
台中市,大肚區,永和里,250,129180,517,375,164,645,571.27,110.56
台中市,大肚區,磺溪里,540,296181,548,390,203,701,570.37,103.99
台中市,大肚區,永順里,480,235964,492,333,143,588,624.97,127.13
台中市,大肚區,成功里,291,160282,551,378,179,688,627.35,113.90
台中市,大肚區,頂街里,2570,1509790,587,409,202,764,642.95,109.44
台中市,大肚區,山陽里,433,234928,543,364,174,629,698.20,128.69
台中市,大肚區,瑞井里,1577,793493,503,357,182,603,688.55,136.84
台中市,大肚區,蔗廍里,1475,800766,543,359,176,650,693.51,127.74
台中市,大肚區,自強里,1048,508109,485,351,180,618,501.17,103.37
台中市,龍井區,竹坑里,992,509165,513,335,175,616,678.16,132.13
台中市,龍井區,龍東里,877,459719,524,362,172,666,578.55,110.37
台中市,龍井區,龍西里,584,298740,512,345,167,691,504.05,98.54
台中市,龍井區,田中里,1173,606043,517,361,165,710,516.82,100.03
台中市,龍井區,福田里,290,144002,497,348,162,678,471.80,95.01
台中市,龍井區,麗水里,687,334452,487,326,156,576,542.54,111.44
台中市,龍井區,龍津里,1621,796940,492,336,165,627,509.18,103.57
台中市,龍井區,三德里,918,443517,483,313,163,606,564.09,116.76
台中市,龍井區,忠和里,1791,1104881,617,391,192,770,788.83,127.87
台中市,龍井區,山腳里,1842,994803,540,368,175,687,567.76,105.13
台中市,龍井區,龍泉里,2559,1681998,657,453,224,860,686.09,104.38
台中市,龍井區,龍崗里,819,484655,592,368,165,705,780.73,131.93
台中市,龍井區,新庄里,1960,1175223,600,414,191,777,668.15,111.43
台中市,龍井區,南寮里,440,213496,485,347,186,585,481.85,99.31
台中市,龍井區,新東里,1571,1054193,671,413,199,777,1723.80,256.89
台中市,龍井區,東海里,3015,2377146,788,456,218,972,1986.64,251.97
台中市,霧峰區,桐林里,276,153680,557,388,162,669,694.70,124.76
台中市,霧峰區,吉峰里,2875,1521588,529,334,160,627,795.81,150.37
台中市,霧峰區,甲寅里,1414,757254,536,348,164,689,593.48,110.82
台中市,霧峰區,本鄉里,719,464143,646,379,168,783,871.58,135.02
台中市,霧峰區,中正里,650,382381,588,390,192,777,1002.72,170.45
台中市,霧峰區,錦榮里,360,203251,565,387,157,726,668.53,118.41
台中市,霧峰區,本堂里,1947,1258392,646,409,194,814,814.51,126.02
台中市,霧峰區,坑口里,871,427522,491,347,161,613,540.75,110.17
台中市,霧峰區,北柳里,1205,679182,564,353,172,698,674.21,119.62
台中市,霧峰區,南柳里,538,259694,483,308,142,564,591.80,122.60
台中市,霧峰區,四德里,725,405677,560,334,163,686,724.02,129.39
台中市,霧峰區,五福里,758,375634,496,326,159,615,647.20,130.60
台中市,霧峰區,萬豐里,735,377892,514,318,132,593,1149.28,223.53
台中市,霧峰區,舊正里,558,284371,510,350,158,659,530.13,104.02
台中市,霧峰區,峰谷里,281,137624,490,314,149,588,649.46,132.61
台中市,霧峰區,六股里,657,295940,450,311,155,576,481.69,106.94
台中市,霧峰區,丁臺里,616,308350,501,312,158,606,612.52,122.36
台中市,霧峰區,北勢里,532,269637,507,339,171,633,556.29,109.76
台中市,霧峰區,南勢里,302,147608,489,316,146,598,699.49,143.11
台中市,霧峰區,萊園里,281,190715,679,338,154,733,2322.63,342.22
台中市,太平區,太平里,1814,1015791,560,333,153,650,827.14,147.71
台中市,太平區,中平里,1194,617006,517,342,158,630,829.04,160.43
台中市,太平區,東平里,1226,605202,494,341,162,607,615.12,124.61
台中市,太平區,坪林里,898,497508,554,360,165,720,665.23,120.07
台中市,太平區,新光里,2304,1359684,590,395,184,726,690.71,117.04
台中市,太平區,頭汴里,407,171254,421,265,127,476,679.93,161.59
台中市,太平區,東汴里,205,82804,404,264,123,556,480.13,118.87
台中市,太平區,興隆里,753,348383,463,310,133,580,557.34,120.46
台中市,太平區,光隆里,823,407455,495,333,153,590,547.79,110.65
台中市,太平區,黃竹里,104,53950,519,354,154,709,463.43,89.34
台中市,太平區,中興里,1098,608425,554,361,168,699,689.38,124.41
台中市,太平區,建國里,858,429575,501,331,146,590,625.66,124.96
台中市,太平區,光華里,1512,776742,514,354,162,621,601.89,117.16
台中市,太平區,中山里,882,443790,503,350,158,663,550.08,109.33
台中市,太平區,宜欣里,1707,825668,484,332,152,598,629.16,130.07
台中市,太平區,新坪里,2364,1418909,600,400,190,786,665.04,110.80
台中市,太平區,新福里,2186,1482481,678,457,209,892,748.54,110.38
台中市,太平區,長億里,1802,922031,512,361,178,659,542.24,105.98
台中市,太平區,德隆里,1382,652453,472,293,147,551,750.77,159.03
台中市,太平區,永成里,2044,1024668,501,350,158,637,551.92,110.10
台中市,太平區,中政里,1018,512404,503,344,167,618,584.21,116.07
台中市,太平區,平安里,647,286250,442,280,132,585,464.14,104.91
台中市,太平區,永平里,1204,686515,570,361,180,664,730.27,128.07
台中市,太平區,建興里,775,350815,453,307,138,569,537.87,118.82
台中市,太平區,成功里,1094,538314,492,324,152,602,650.98,132.30
台中市,太平區,東和里,850,438301,516,334,172,640,579.34,112.35
台中市,太平區,宜佳里,1807,946770,524,364,166,654,594.86,113.53
台中市,太平區,宜昌里,1114,581417,522,343,153,657,618.62,118.53
台中市,太平區,豐年里,1337,743968,556,375,171,703,632.68,113.70
台中市,太平區,大興里,679,342531,504,368,173,636,540.30,107.10
台中市,太平區,勤益里,650,343188,528,339,164,669,618.99,117.24
台中市,太平區,光明里,1076,694242,645,416,193,802,800.18,124.02
台中市,太平區,新吉里,1812,1047981,578,397,193,755,610.39,105.54
台中市,太平區,新城里,1587,915390,577,405,181,743,675.03,117.03
台中市,太平區,新興里,1996,1540914,772,560,247,1044,789.49,102.27
台中市,太平區,新高里,2678,2078113,776,533,241,1001,967.38,124.66
台中市,太平區,聖和里,397,242316,610,332,166,690,962.18,157.64
台中市,太平區,福隆里,1009,488094,484,337,150,592,629.27,130.08
台中市,太平區,永隆里,659,299820,455,316,148,563,538.67,118.40
台中市,大里區,大里里,1055,559189,530,358,166,661,594.59,112.18
台中市,大里區,新里里,3206,2260271,705,443,191,893,851.34,120.75
台中市,大里區,樹王里,1118,598910,536,358,154,682,603.87,112.73
台中市,大里區,祥興里,2300,1228418,534,365,167,691,597.65,111.90
台中市,大里區,內新里,2815,1715832,610,394,171,778,735.62,120.69
台中市,大里區,東昇里,1089,649613,597,365,169,758,765.15,128.27
台中市,大里區,大元里,1453,836737,576,341,167,695,751.42,130.48
台中市,大里區,仁化里,2692,1407428,523,342,160,647,773.24,147.90
台中市,大里區,健民里,1186,511370,431,297,135,547,545.28,126.46
台中市,大里區,塗城里,2513,1128067,449,318,153,567,489.60,109.07
台中市,大里區,東湖里,3260,1729647,531,366,176,664,611.24,115.21
台中市,大里區,西湖里,895,494454,552,341,158,665,675.39,122.25
台中市,大里區,夏田里,281,154803,551,350,165,658,629.69,114.30
台中市,大里區,東興里,2382,1434793,602,392,177,744,702.68,116.66
台中市,大里區,日新里,1220,718174,589,387,180,710,685.55,116.46
台中市,大里區,西榮里,1824,1024061,561,360,155,692,776.33,138.28
台中市,大里區,金城里,2817,1407480,500,341,159,629,622.09,124.51
台中市,大里區,立仁里,1580,759015,480,314,150,578,578.83,120.49
台中市,大里區,新仁里,2327,1126151,484,332,159,636,515.09,106.43
台中市,大里區,瑞城里,3745,2013059,538,356,174,658,684.75,127.39
台中市,大里區,中新里,1782,1146202,643,410,182,796,1242.40,193.16
台中市,大里區,仁德里,1991,1085771,545,349,164,696,622.56,114.16
台中市,大里區,立德里,2516,1480543,588,388,181,764,652.73,110.92
台中市,大里區,國光里,2108,1481466,703,423,190,920,853.29,121.42
台中市,大里區,大明里,1290,741954,575,377,170,706,672.58,116.94
台中市,大里區,永隆里,3673,3192356,869,567,238,1143,1081.81,124.47
台中市,大里區,長榮里,3038,2080047,685,433,198,884,812.63,118.69
台中市,和平區,中坑里,94,47299,503,333,137,666,570.65,113.41
台中市,和平區,自由里,158,80595,510,363,136,639,510.04,99.99
台中市,和平區,平等里,131,67869,518,359,224,694,455.93,88.00
台中市,和平區,南勢里,382,206093,540,366,174,690,598.21,110.88
台中市,和平區,博愛里,322,163873,509,368,167,631,538.24,105.76
台中市,和平區,梨山里,242,104047,430,319,145,544,419.98,97.68
台中市,和平區,天輪里,88,50960,579,365,163,803,612.73,105.81
台中市,和平區,達觀里,168,84437,503,356,191,562,560.30,111.48
基隆市,中正區,德義里,271,193962,716,539,255,962,656.36,91.71
基隆市,中正區,正義里,398,216762,545,370,198,669,636.82,116.93
基隆市,中正區,信義里,265,146859,554,383,195,662,741.64,133.83
基隆市,中正區,義重里,324,183239,566,391,229,703,597.69,105.68
基隆市,中正區,港通里,487,378351,777,434,210,998,925.71,119.15
基隆市,中正區,中船里,363,216492,596,439,222,783,570.01,95.58
基隆市,中正區,正船里,402,202904,505,356,176,682,514.03,101.84
基隆市,中正區,入船里,227,123486,544,383,158,778,517.19,95.07
基隆市,中正區,中砂里,395,237658,602,415,182,807,625.62,103.98
基隆市,中正區,正砂里,793,513344,647,414,200,862,780.97,120.64
基隆市,中正區,真砂里,424,233108,550,390,207,706,615.68,111.99
基隆市,中正區,砂灣里,598,310813,520,353,178,657,570.25,109.71
基隆市,中正區,中濱里,369,184897,501,350,174,586,584.89,116.73
基隆市,中正區,中正里,499,286421,574,393,187,695,729.23,127.05
基隆市,中正區,正濱里,260,180115,693,428,202,777,1572.58,227.01
基隆市,中正區,社寮里,484,225591,466,340,170,556,529.64,113.63
基隆市,中正區,平寮里,336,152046,453,329,170,563,456.98,100.99
基隆市,中正區,八斗里,358,174940,489,371,187,632,526.38,107.72
基隆市,中正區,長潭里,92,47837,520,285,153,559,670.55,128.96
基隆市,中正區,砂子里,1703,844374,496,365,185,653,500.17,100.88
基隆市,中正區,海濱里,294,137646,468,352,200,578,494.83,105.69
基隆市,中正區,建國里,587,394617,672,436,220,863,778.29,115.77
基隆市,中正區,和憲里,247,105220,426,333,167,539,439.22,103.11
基隆市,中正區,碧砂里,321,154340,481,341,151,619,507.28,105.51
基隆市,中正區,新豐里,1970,1298185,659,455,214,858,1469.32,222.97
基隆市,中正區,新富里,1564,806566,516,372,186,645,528.96,102.57
基隆市,七堵區,八德里,537,263450,491,336,162,654,531.89,108.42
基隆市,七堵區,長興里,1229,660896,538,396,193,705,574.86,106.90
基隆市,七堵區,正光里,813,515944,635,391,191,782,746.40,117.61
基隆市,七堵區,永平里,658,393123,597,398,189,756,646.15,108.15
基隆市,七堵區,富民里,1263,761517,603,416,215,762,704.72,116.88
基隆市,七堵區,自強里,371,214469,578,414,183,686,686.59,118.77
基隆市,七堵區,泰安里,1527,861964,564,384,200,710,741.15,131.30
基隆市,七堵區,堵南里,687,348104,507,360,182,617,660.05,130.26
基隆市,七堵區,堵北里,1306,721711,553,381,201,693,586.97,106.22
基隆市,七堵區,六堵里,835,492083,589,388,190,738,723.55,122.78
基隆市,七堵區,友一里,744,599988,806,487,238,1074,978.76,121.37
基隆市,七堵區,友二里,112,70661,631,350,190,643,915.27,145.07
基隆市,七堵區,瑪東里,86,46279,538,354,216,620,655.05,121.73
基隆市,七堵區,瑪南里,116,60482,521,396,195,632,653.76,125.39
基隆市,七堵區,瑪西里,97,44617,460,324,190,563,474.81,103.23
基隆市,七堵區,永安里,826,486864,589,394,192,782,621.59,105.46
基隆市,七堵區,百福里,2251,1330151,591,383,186,730,782.73,132.46
基隆市,七堵區,實踐里,1341,620079,462,337,172,591,459.80,99.44
基隆市,七堵區,正明里,673,428753,637,434,205,839,841.06,132.02
基隆市,七堵區,長安里,829,386914,467,344,168,588,503.30,107.84
基隆市,暖暖區,碇內里,935,575633,616,399,183,764,751.15,122.01
基隆市,暖暖區,過港里,1263,679823,538,364,183,654,696.38,129.38
基隆市,暖暖區,暖暖里,907,553954,611,420,215,792,646.49,105.85
基隆市,暖暖區,暖同里,846,457933,541,362,186,657,659.64,121.86
基隆市,暖暖區,暖西里,1688,1143352,677,421,205,821,1090.38,160.98
基隆市,暖暖區,暖東里,110,48085,437,368,192,646,331.33,75.79
基隆市,暖暖區,八西里,424,226366,534,370,186,657,572.38,107.21
基隆市,暖暖區,八堵里,199,103384,520,410,203,665,475.36,91.50
基隆市,暖暖區,八南里,270,136406,505,357,181,656,512.80,101.50
基隆市,暖暖區,八中里,117,50415,431,325,151,548,393.23,91.26
基隆市,暖暖區,碇和里,1033,634449,614,425,215,766,684.09,111.38
基隆市,暖暖區,碇安里,1761,1035857,588,405,209,771,600.78,102.14
基隆市,暖暖區,碇祥里,2011,1187692,591,404,196,760,642.20,108.74
基隆市,仁愛區,仁德里,347,265776,766,460,208,948,1008.54,131.68
基隆市,仁愛區,和明里,664,642658,968,582,250,1189,1599.66,165.28
基隆市,仁愛區,水錦里,595,435371,732,499,245,990,800.97,109.46
基隆市,仁愛區,玉田里,318,212310,668,422,194,831,752.71,112.74
基隆市,仁愛區,新店里,252,194360,771,526,225,981,841.90,109.16
基隆市,仁愛區,文昌里,249,164138,659,461,206,793,709.30,107.60
基隆市,仁愛區,誠仁里,303,152969,505,363,190,680,500.05,99.05
基隆市,仁愛區,林泉里,517,312459,604,444,223,784,600.01,99.28
基隆市,仁愛區,育仁里,209,98209,470,338,191,589,464.73,98.90
基隆市,仁愛區,吉仁里,765,344360,450,328,155,559,524.23,116.46
基隆市,仁愛區,博愛里,504,354424,703,439,220,800,887.42,126.19
基隆市,仁愛區,福仁里,224,119821,535,356,185,709,518.84,97.00
基隆市,仁愛區,智仁里,824,614015,745,497,221,973,838.02,112.46
基隆市,仁愛區,曲水里,253,144099,570,387,182,685,627.06,110.10
基隆市,仁愛區,德厚里,556,336129,605,413,208,780,609.83,100.87
基隆市,仁愛區,英仁里,344,172061,500,334,159,691,543.61,108.68
基隆市,仁愛區,龍門里,216,107829,499,380,170,579,553.96,110.97
基隆市,仁愛區,花崗里,378,236131,625,428,195,828,637.75,102.09
基隆市,仁愛區,同風里,184,94757,515,355,161,642,542.12,105.27
基隆市,仁愛區,虹橋里,483,339245,702,486,226,896,772.88,110.04
基隆市,仁愛區,書院里,251,123285,491,319,156,616,565.05,115.04
基隆市,仁愛區,獅球里,270,131070,485,315,156,647,492.20,101.39
基隆市,仁愛區,忠勇里,292,202675,694,425,229,872,807.45,116.33
基隆市,仁愛區,文安里,197,93187,473,370,175,640,431.84,91.29
基隆市,仁愛區,明德里,205,117521,573,417,235,708,588.11,102.59
基隆市,仁愛區,兆連里,180,97635,542,391,190,718,521.80,96.20
基隆市,仁愛區,崇文里,272,154733,569,376,187,738,608.99,107.05
基隆市,仁愛區,朝棟里,860,521873,607,399,209,816,644.90,106.27
基隆市,仁愛區,光華里,704,425981,605,416,217,802,606.93,100.30
基隆市,中山區,安平里,227,127294,561,360,195,687,595.34,106.17
基隆市,中山區,安民里,333,189405,569,384,199,795,564.12,99.18
基隆市,中山區,新建里,250,143522,574,371,184,725,679.11,118.29
基隆市,中山區,中山里,282,149920,532,385,197,658,576.66,108.47
基隆市,中山區,民治里,234,122007,521,361,214,601,616.78,118.29
基隆市,中山區,中興里,394,253985,645,396,204,781,739.19,114.67
基隆市,中山區,仁正里,235,116787,497,331,173,623,484.95,97.58
基隆市,中山區,健民里,309,157617,510,356,170,682,562.94,110.36
基隆市,中山區,通化里,259,132008,510,355,198,623,524.03,102.82
基隆市,中山區,居仁里,346,160925,465,382,207,628,377.14,81.09
基隆市,中山區,通明里,490,253093,517,393,216,663,503.69,97.52
基隆市,中山區,協和里,448,246704,551,378,195,702,558.22,101.37
基隆市,中山區,文化里,281,156230,556,373,188,714,598.53,107.65
基隆市,中山區,和平里,153,90246,590,396,222,892,575.74,97.61
基隆市,中山區,仙洞里,140,72824,520,380,182,652,521.98,100.35
基隆市,中山區,太白里,252,128068,508,382,211,626,535.76,105.42
基隆市,中山區,西榮里,197,102033,518,380,189,655,490.92,94.78
基隆市,中山區,西華里,250,138484,554,407,204,764,512.81,92.58
基隆市,中山區,西定里,254,133198,524,369,182,674,544.46,103.83
基隆市,中山區,西康里,392,191936,490,366,203,610,463.82,94.73
基隆市,中山區,德和里,1929,1336474,693,462,225,908,767.16,110.73
基隆市,中山區,德安里,1284,770136,600,418,225,767,644.86,107.51
基隆市,中山區,中和里,1801,988722,549,388,201,703,686.78,125.10
基隆市,中山區,和慶里,2070,973788,470,354,183,609,505.93,107.55
基隆市,安樂區,嘉仁里,1017,507460,499,343,174,623,571.54,114.54
基隆市,安樂區,樂一里,159,79003,497,336,182,568,557.17,112.14
基隆市,安樂區,定國里,298,140911,473,373,214,605,413.56,87.46
基隆市,安樂區,安和里,287,158062,551,328,176,715,817.15,148.37
基隆市,安樂區,定邦里,313,184860,591,418,224,695,743.63,125.91
基隆市,安樂區,永康里,615,306422,498,343,166,617,577.05,115.82
基隆市,安樂區,慈仁里,274,131597,480,388,188,678,424.85,88.46
基隆市,安樂區,干城里,532,251129,472,335,178,593,522.96,110.79
基隆市,安樂區,外寮里,1317,737839,560,371,191,730,683.83,122.06
基隆市,安樂區,中崙里,596,369210,619,424,203,805,663.40,107.09
基隆市,安樂區,內寮里,1872,1169337,625,405,198,768,811.66,129.94
基隆市,安樂區,西川里,350,161489,461,332,166,558,521.24,112.97
基隆市,安樂區,新西里,372,182459,490,380,210,634,427.91,87.24
基隆市,安樂區,新崙里,1402,862587,615,420,210,798,679.25,110.40
基隆市,安樂區,鶯歌里,951,701628,738,495,241,971,813.08,110.21
基隆市,安樂區,三民里,789,397673,504,362,193,672,494.87,98.18
基隆市,安樂區,四維里,1831,1257027,687,455,225,925,704.70,102.65
基隆市,安樂區,五福里,1198,650126,543,383,189,674,626.61,115.47
基隆市,安樂區,六合里,1504,999012,664,441,232,828,736.75,110.92
基隆市,安樂區,七賢里,792,470251,594,432,221,773,593.65,99.98
基隆市,安樂區,長樂里,1310,1102270,841,553,256,1105,924.06,109.82
基隆市,安樂區,武崙里,1846,1306557,708,516,256,930,731.27,103.32
基隆市,安樂區,興寮里,1661,973635,586,437,211,782,564.74,96.34
基隆市,安樂區,鶯安里,2013,1754232,871,564,246,1112,1164.47,133.62
基隆市,安樂區,壯觀里,1689,1377088,815,603,295,1092,814.72,99.92
基隆市,信義區,仁壽里,395,309147,783,452,213,889,1278.56,163.36
基隆市,信義區,仁義里,484,364820,754,483,229,931,1020.73,135.42
基隆市,信義區,義幸里,877,543663,620,419,197,755,721.13,116.33
基隆市,信義區,義民里,227,132836,585,382,170,811,642.51,109.80
基隆市,信義區,義和里,403,231462,574,371,165,749,641.59,111.71
基隆市,信義區,智慧里,227,163487,720,384,201,1080,765.73,106.32
基隆市,信義區,智誠里,442,209037,473,344,182,622,443.65,93.81
基隆市,信義區,禮儀里,554,332113,599,404,184,723,733.46,122.35
基隆市,信義區,禮東里,546,371117,680,427,207,788,872.81,128.41
基隆市,信義區,信綠里,689,400121,581,406,205,775,610.74,105.17
基隆市,信義區,孝岡里,441,253369,575,406,210,738,598.27,104.13
基隆市,信義區,孝深里,1428,837642,587,393,201,739,762.33,129.96
基隆市,信義區,東光里,590,304676,516,378,187,700,518.39,100.39
基隆市,信義區,東安里,998,535273,536,353,165,708,662.56,123.53
基隆市,信義區,義昭里,473,494324,1045,515,202,1225,1850.53,177.07
基隆市,信義區,東明里,1242,717815,578,401,203,785,594.84,102.92
基隆市,信義區,東信里,1461,928549,636,437,208,878,645.81,101.61
基隆市,信義區,孝賢里,1254,748581,597,417,191,798,633.09,106.05
基隆市,信義區,孝德里,770,357765,465,370,192,615,405.90,87.36
基隆市,信義區,孝忠里,2769,1933208,698,470,227,924,759.99,108.86
台南市,東區,路東里,548,450333,822,502,229,988,1402.52,170.67
台南市,東區,大福里,493,276174,560,395,184,733,559.82,99.93
台南市,東區,東安里,416,291656,701,404,193,816,1150.71,164.13
台南市,東區,德高里,948,702843,741,453,228,879,979.82,132.16
台南市,東區,小東里,1443,1242005,861,502,236,1072,1266.52,147.15
台南市,東區,後甲里,850,543321,639,443,185,824,698.69,109.31
台南市,東區,關聖里,1678,2108216,1256,743,321,1647,1603.66,127.64
台南市,東區,圍下里,671,673651,1004,534,240,1085,1436.97,143.13
台南市,東區,虎尾里,1775,1469471,828,505,230,1010,1065.25,128.67
台南市,東區,中西里,1110,1202645,1083,526,217,1156,4192.46,386.95
台南市,東區,泉南里,1665,1579774,949,508,218,1047,1694.78,178.62
台南市,東區,龍山里,1888,2415540,1279,745,298,1514,1734.57,135.57
台南市,東區,忠孝里,1455,1150567,791,455,222,974,1047.11,132.42
台南市,東區,崇誨里,750,457015,609,381,177,791,766.68,125.82
台南市,東區,大學里,458,529703,1157,726,280,1579,1287.08,111.29
台南市,東區,大德里,421,230378,547,349,169,685,611.55,111.76
台南市,東區,東光里,1816,2103669,1158,598,259,1292,1702.35,146.96
台南市,東區,大智里,2222,1551446,698,445,214,874,828.84,118.71
台南市,東區,新東里,865,743383,859,511,243,1082,1190.86,138.57
台南市,東區,仁和里,1407,821189,584,399,199,730,641.39,109.89
台南市,東區,富強里,1554,1254540,807,471,216,985,1096.09,135.77
台南市,東區,衛國里,440,319409,726,433,169,867,1052.93,145.05
台南市,東區,自強里,1905,1613276,847,489,231,1040,1089.05,128.60
台南市,東區,崇善里,1791,1548622,865,517,242,1080,1147.43,132.70
台南市,東區,崇學里,1001,890613,890,504,223,1043,1416.58,159.22
台南市,東區,崇明里,1473,1498184,1017,551,219,1252,1980.23,194.69
台南市,東區,裕農里,961,712582,742,437,185,914,974.93,131.48
台南市,東區,莊敬里,1357,1290380,951,533,248,1123,1326.89,139.54
台南市,東區,和平里,1906,1847552,969,598,266,1204,1284.88,132.55
台南市,東區,富裕里,706,481284,682,437,181,895,813.41,119.32
台南市,東區,東明里,1092,937105,858,512,226,999,1227.57,143.05
台南市,東區,崇德里,1600,1296346,810,500,242,1019,1017.48,125.58
台南市,東區,東智里,853,652965,765,493,226,951,884.25,115.51
台南市,東區,東聖里,709,447705,631,411,214,799,783.23,124.03
台南市,東區,崇成里,1050,887382,845,484,225,1080,1111.38,131.50
台南市,東區,東門里,645,633437,982,467,220,1048,5081.83,517.46
台南市,東區,成大里,579,443936,767,471,228,961,935.23,121.98
台南市,東區,大同里,819,545690,666,385,167,738,1107.01,166.15
台南市,東區,德光里,1520,1403743,924,528,238,1119,1317.90,142.71
台南市,東區,崇信里,1295,963867,744,468,209,993,910.50,122.33
台南市,東區,崇文里,2021,1683012,833,521,244,1049,1046.04,125.61
台南市,東區,復興里,1064,709179,667,421,203,868,783.46,117.54
台南市,東區,裕聖里,1855,2387426,1287,822,346,1695,1738.78,135.10
台南市,東區,文聖里,1695,2061331,1216,764,344,1575,1531.71,125.95
台南市,東區,南聖里,901,1038201,1152,694,271,1498,1375.15,119.34
台南市,南區,竹溪里,598,648682,1085,565,224,1274,1717.68,158.35
台南市,南區,新昌里,700,423772,605,356,172,732,792.95,130.98
台南市,南區,田寮里,946,564752,597,401,199,727,713.69,119.55
台南市,南區,明亮里,989,552399,559,342,188,677,687.14,123.02
台南市,南區,光明里,1083,548774,507,347,164,645,633.57,125.03
台南市,南區,喜東里,599,372475,622,418,189,798,641.64,103.19
台南市,南區,喜南里,224,106575,476,326,183,551,525.04,110.35
台南市,南區,喜北里,482,228254,474,318,165,605,522.92,110.42
台南市,南區,省躬里,1020,561981,551,394,185,679,641.23,116.38
台南市,南區,佛壇里,644,340463,529,361,179,647,609.13,115.22
台南市,南區,同安里,553,286482,518,358,178,629,526.91,101.71
台南市,南區,興農里,749,403674,539,397,206,646,595.41,110.48
台南市,南區,明德里,529,419357,793,607,316,1037,751.78,94.83
台南市,南區,廣州里,725,459718,634,365,177,749,853.91,134.67
台南市,南區,新興里,885,648147,732,457,201,885,969.96,132.44
台南市,南區,大成里,558,519186,930,582,271,1193,1047.65,112.60
台南市,南區,國宅里,804,466830,581,374,171,742,660.84,113.81
台南市,南區,新生里,1004,549476,547,375,174,697,652.94,119.31
台南市,南區,大林里,741,657721,888,482,222,1026,1524.79,171.79
台南市,南區,大忠里,1317,779155,592,381,181,757,689.63,116.57
台南市,南區,大恩里,1015,615774,607,410,209,755,654.21,107.84
台南市,南區,明興里,901,497808,553,378,171,659,702.74,127.19
台南市,南區,文華里,1045,583124,558,360,170,695,726.43,130.18
台南市,南區,再興里,734,551149,751,437,216,851,1101.69,146.72
台南市,南區,金華里,1474,978197,664,400,186,811,929.97,140.13
台南市,南區,南都里,603,317730,527,362,191,642,642.35,121.91
台南市,南區,開南里,1508,717204,476,347,178,610,537.99,113.12
台南市,南區,彰南里,524,430645,822,464,210,904,1316.12,160.14
台南市,南區,建南里,1609,905947,563,377,183,708,627.00,111.36
台南市,南區,郡南里,1066,569790,535,384,191,638,583.93,109.24
台南市,南區,府南里,1499,936276,625,408,201,760,772.13,123.62
台南市,南區,文南里,1736,1211996,698,438,198,888,855.34,122.51
台南市,南區,鯤鯓里,362,152853,422,300,126,526,454.97,107.75
台南市,南區,松安里,425,202271,476,342,166,606,493.22,103.63
台南市,南區,永寧里,336,150646,448,321,150,587,458.82,102.33
台南市,南區,南華里,630,302626,480,331,158,580,583.63,121.50
台南市,南區,鹽埕里,990,520551,526,359,173,621,625.47,118.95
台南市,北區,振興里,620,466679,753,433,188,928,999.11,132.73
台南市,北區,開元里,1024,572046,559,353,163,688,715.53,128.08
台南市,北區,和順里,1841,1655038,899,508,226,1059,1367.28,152.09
台南市,北區,成功里,1633,1342523,822,529,226,1029,1008.22,122.64
台南市,北區,文元里,1219,1026364,842,530,259,1108,906.58,107.67
台南市,北區,大港里,1648,1035228,628,420,202,787,679.07,108.10
台南市,北區,東興里,625,588391,941,483,203,1029,1463.38,155.44
台南市,北區,力行里,766,554142,723,446,221,910,843.74,116.63
台南市,北區,仁愛里,779,929223,1193,559,243,1355,1867.80,156.58
台南市,北區,正覺里,829,512019,618,371,176,713,864.11,139.91
台南市,北區,大豐里,1253,848022,677,382,178,743,1033.35,152.68
台南市,北區,重興里,674,611729,908,480,213,1018,1403.57,154.64
台南市,北區,中樓里,483,373342,773,428,222,954,1108.05,143.35
台南市,北區,公園里,592,495481,837,442,192,905,1302.56,155.63
台南市,北區,元寶里,1617,1279164,791,535,263,1005,917.89,116.03
台南市,北區,永祥里,827,433481,524,327,175,603,703.87,134.28
台南市,北區,成德里,1747,1876497,1074,667,294,1351,1325.81,123.43
台南市,北區,文成里,978,812632,831,501,236,1050,1106.30,133.14
台南市,北區,大和里,1164,759071,652,434,212,866,681.27,104.47
台南市,北區,賢北里,1281,992175,775,464,228,1034,899.52,116.14
台南市,北區,長勝里,1170,772449,660,406,197,791,869.81,131.75
台南市,北區,合興里,1135,984162,867,477,221,1005,1219.92,140.69
台南市,北區,北門里,1473,821392,558,383,182,679,712.34,127.74
台南市,北區,小北里,1133,687823,607,382,185,734,717.21,118.14
台南市,北區,大光里,1333,768193,576,396,196,741,607.92,105.49
台南市,北區,大興里,760,460917,606,400,201,738,714.74,117.85
台南市,北區,長興里,817,574704,703,435,210,882,848.21,120.58
台南市,北區,北華里,996,589092,591,349,165,717,764.58,129.27
台南市,北區,華德里,1343,1530388,1140,746,304,1576,1217.59,106.85
台南市,北區,福德里,1713,2095435,1223,757,314,1578,1489.19,121.74
台南市,北區,立人里,808,542498,671,463,219,920,757.41,112.81
台南市,北區,雙安里,855,917507,1073,591,248,1381,1440.20,134.21
台南市,北區,元美里,1053,1088600,1034,596,260,1329,1322.98,127.97
台南市,安南區,塭南里,1345,721909,537,385,191,668,562.81,104.86
台南市,安南區,東和里,1095,1218925,1113,725,337,1509,1198.88,107.70
台南市,安南區,州北里,1404,872402,621,416,225,751,696.76,112.13
台南市,安南區,州南里,1473,846812,575,416,213,725,578.01,100.54
台南市,安南區,安順里,1563,1079405,691,448,228,878,782.66,113.33
台南市,安南區,新順里,2098,1425126,679,455,213,885,742.27,109.27
台南市,安南區,安東里,773,439654,569,371,197,689,650.57,114.38
台南市,安南區,安西里,1162,823265,708,459,219,899,799.73,112.88
台南市,安南區,安慶里,1962,1262289,643,416,213,785,908.91,141.27
台南市,安南區,頂安里,1513,1074980,710,496,247,925,780.10,109.80
台南市,安南區,原佃里,604,412650,683,387,201,843,907.60,132.85
台南市,安南區,總頭里,441,300735,682,383,209,674,1445.08,211.91
台南市,安南區,長安里,1338,689386,515,366,194,640,548.22,106.40
台南市,安南區,公親里,279,133435,478,315,164,600,513.13,107.29
台南市,安南區,海東里,1633,1100161,674,426,212,812,869.16,129.01
台南市,安南區,海西里,685,382089,558,413,206,722,545.83,97.86
台南市,安南區,海南里,535,271031,507,347,190,632,637.66,125.87
台南市,安南區,溪心里,2272,1473652,649,437,210,834,690.50,106.46
台南市,安南區,淵東里,1325,792348,598,412,202,745,680.44,113.79
台南市,安南區,淵中里,910,508589,559,373,171,666,788.74,141.13
台南市,安南區,淵西里,949,482445,508,373,175,646,518.07,101.91
台南市,安南區,佃東里,894,434020,485,378,203,616,451.67,93.04
台南市,安南區,佃西里,503,278158,553,378,179,658,697.67,126.16
台南市,安南區,公塭里,233,107461,461,351,158,632,413.17,89.58
台南市,安南區,南興里,452,206322,456,354,167,592,417.69,91.51
台南市,安南區,學東里,551,260247,472,342,183,589,474.57,100.48
台南市,安南區,城東里,321,153382,478,343,185,579,523.74,109.61
台南市,安南區,城西里,313,152531,487,373,184,624,469.83,96.41
台南市,安南區,城南里,684,337531,493,360,185,607,541.68,109.77
台南市,安南區,城北里,365,180102,493,354,171,585,528.05,107.02
台南市,安南區,城中里,249,120582,484,317,177,595,497.63,102.76
台南市,安南區,砂崙里,257,107387,418,316,139,512,467.91,111.98
台南市,安南區,青草里,249,97050,390,329,139,536,352.63,90.47
台南市,安南區,四草里,381,213551,561,374,189,688,605.06,107.95
台南市,安南區,塩田里,459,323532,705,437,220,843,927.88,131.64
台南市,安南區,顯宮里,426,229843,540,357,182,682,694.97,128.81
台南市,安南區,鹿耳里,234,107438,459,332,172,594,415.54,90.50
台南市,安南區,安和里,626,329319,526,368,174,672,552.69,105.06
台南市,安南區,溪北里,874,528351,605,391,206,755,677.52,112.08
台南市,安南區,溪頂里,1314,765941,583,417,216,736,586.69,100.65
台南市,安南區,溪墘里,874,506978,580,358,188,661,885.20,152.60
台南市,安南區,海佃里,1151,648254,563,390,176,715,644.89,114.50
台南市,安南區,幸福里,939,457661,487,343,166,588,544.65,111.75
台南市,安南區,梅花里,1123,661495,589,409,206,734,650.88,110.50
台南市,安南區,鳳凰里,1262,683963,542,362,181,665,583.25,107.62
台南市,安南區,理想里,1373,800495,583,403,213,702,683.33,117.20
台南市,安南區,溪東里,1200,782704,652,453,224,849,736.39,112.90
台南市,安南區,布袋里,444,243933,549,393,184,702,591.23,107.61
台南市,安南區,國安里,716,500066,698,448,222,902,770.47,110.32
台南市,安南區,安富里,1512,861393,570,382,180,746,647.13,113.59
台南市,安南區,大安里,939,436068,464,318,171,600,481.33,103.65
台南市,安平區,金城里,540,364536,675,404,206,767,891.74,132.10
台南市,安平區,漁光里,65,27597,425,319,164,452,502.01,118.24
台南市,安平區,建平里,1777,1707171,961,532,246,1136,1429.93,148.84
台南市,安平區,怡平里,1420,1234655,869,497,224,1050,1337.85,153.87
台南市,安平區,華平里,1564,1021689,653,402,190,773,887.91,135.92
台南市,安平區,平通里,2222,1733483,780,458,221,906,1146.88,147.01
台南市,安平區,文平里,1804,1662072,921,496,236,1107,1518.92,164.86
台南市,安平區,國平里,2698,2367836,878,543,238,1051,1113.02,126.82
台南市,安平區,育平里,2530,1861320,736,467,217,932,888.96,120.83
台南市,安平區,億載里,987,886561,898,501,237,1051,1360.89,151.51
台南市,安平區,平安里,1010,648580,642,401,184,771,901.53,140.39
台南市,安平區,王城里,614,313730,511,341,173,601,651.84,127.57
台南市,安平區,天妃里,776,432833,558,348,172,640,762.69,136.74
台南市,中西區,赤嵌里,1245,1047588,841,445,212,989,1679.57,199.61
台南市,中西區,法華里,997,985762,989,573,259,1214,1227.25,124.12
台南市,中西區,郡王里,1203,1195815,994,559,239,1196,1370.41,137.86
台南市,中西區,開山里,790,565647,716,396,177,840,1015.50,141.83
台南市,中西區,永華里,805,574189,713,428,186,883,943.82,132.32
台南市,中西區,藥王里,1042,820617,788,448,193,919,1153.53,146.47
台南市,中西區,大涼里,873,729810,836,493,223,994,1104.62,132.14
台南市,中西區,光賢里,1169,905040,774,459,222,967,954.35,123.27
台南市,中西區,西賢里,1812,1628179,899,486,217,1055,1459.74,162.45
台南市,中西區,西湖里,2144,2230620,1040,579,267,1219,1526.85,146.76
台南市,中西區,城隍里,1304,1247331,957,525,208,1150,1310.64,137.02
台南市,中西區,南美里,1109,1025520,925,457,192,1051,1615.39,174.69
台南市,中西區,南門里,903,885123,980,559,254,1128,1383.52,141.15
台南市,中西區,小西門里,992,662978,668,403,183,777,922.63,138.05
台南市,中西區,五條港里,564,393000,697,382,176,792,1063.37,152.61
台南市,中西區,兌悅里,1017,670732,660,372,167,714,1327.44,201.27
台南市,中西區,淺草里,749,690588,922,443,177,975,1554.73,168.62
台南市,中西區,府前里,540,345976,641,378,145,802,949.89,148.26
台南市,中西區,南廠里,984,596587,606,375,174,752,859.01,141.68
台南市,中西區,西和里,1198,844705,705,434,187,871,837.83,118.82
台南市,新營區,忠政里,1708,1277477,748,515,238,981,963.03,128.76
台南市,新營區,民權里,844,646471,766,455,213,947,966.28,126.15
台南市,新營區,三仙里,907,628795,693,447,212,890,817.67,117.94
台南市,新營區,民生里,1033,671427,650,435,212,839,725.89,111.68
台南市,新營區,民榮里,1423,860043,604,402,195,774,725.79,120.09
台南市,新營區,南興里,700,389270,556,386,189,736,554.42,99.70
台南市,新營區,中營里,447,358737,803,525,270,1011,899.70,112.11
台南市,新營區,興業里,613,474206,774,469,236,941,976.55,126.24
台南市,新營區,王公里,1440,1103059,766,481,233,1031,924.88,120.74
台南市,新營區,大宏里,1038,839724,809,521,229,965,1066.55,131.84
台南市,新營區,護鎮里,400,240606,602,414,211,698,723.04,120.20
台南市,新營區,埤寮里,490,301293,615,390,196,848,651.45,105.95
台南市,新營區,土庫里,399,234657,588,409,199,756,626.28,106.49
台南市,新營區,太南里,427,212128,497,370,186,633,460.40,92.68
台南市,新營區,太北里,499,268703,538,372,208,651,723.38,134.34
台南市,新營區,南紙里,1221,653381,535,393,196,694,530.74,99.18
台南市,新營區,嘉芳里,588,306179,521,383,206,650,622.81,119.61
台南市,新營區,五興里,324,167406,517,350,174,605,647.72,125.36
台南市,新營區,姑爺里,197,101637,516,372,203,667,484.05,93.82
台南市,新營區,新北里,1795,1297023,723,518,249,972,727.09,100.62
台南市,新營區,新南里,1797,1424051,792,526,250,1057,884.36,111.60
台南市,新營區,新東里,2502,2129757,851,597,283,1155,892.41,104.84
台南市,新營區,永平里,811,474224,585,387,189,711,691.15,118.20
台南市,鹽水區,水秀里,393,207978,529,377,198,671,621.23,117.39
台南市,鹽水區,橋南里,1061,555019,523,371,200,682,583.19,111.48
台南市,鹽水區,岸內里,1115,625471,561,389,209,706,599.07,106.79
台南市,鹽水區,汫水里,187,101275,542,389,201,637,561.79,103.73
台南市,鹽水區,歡雅里,350,167461,478,347,152,570,531.80,111.15
台南市,鹽水區,津城里,388,251612,648,438,206,813,827.64,127.63
台南市,鹽水區,月港里,475,292887,617,431,231,731,698.31,113.25
台南市,鹽水區,三明里,372,200703,540,365,204,680,603.11,111.78
台南市,鹽水區,義中里,368,184076,500,349,194,602,525.15,104.99
台南市,鹽水區,文昌里,217,105749,487,348,176,569,526.93,108.13
台南市,鹽水區,竹林里,216,106886,495,369,193,573,551.69,111.49
台南市,鹽水區,三和里,161,88188,548,351,192,663,724.91,132.34
台南市,鹽水區,坔頭港里,295,130584,443,346,192,563,404.18,91.31
台南市,白河區,白河里,375,238182,635,417,215,794,690.35,108.69
台南市,白河區,永安里,818,489874,599,406,197,757,687.43,114.79
台南市,白河區,庄內里,380,210145,553,379,174,694,578.43,104.60
台南市,白河區,外角里,307,146613,478,358,164,634,469.10,98.23
台南市,白河區,秀祐里,214,100851,471,352,156,607,448.20,95.11
台南市,白河區,大竹里,268,126390,472,332,179,592,467.68,99.17
台南市,白河區,內角里,126,83571,663,440,249,754,993.13,149.74
台南市,白河區,竹門里,162,89987,555,392,226,702,681.66,122.72
台南市,白河區,崎內里,129,62370,483,302,140,663,559.80,115.78
台南市,白河區,汴頭里,81,41216,509,405,164,643,499.65,98.19
台南市,白河區,昇安里,274,167475,611,312,146,576,1749.68,286.26
台南市,白河區,河東里,277,148260,535,365,197,667,547.99,102.38
台南市,白河區,虎山里,68,40659,598,379,168,721,694.91,116.22
台南市,白河區,大林里,91,45893,504,355,239,623,429.03,85.07
台南市,白河區,崁頭里,64,27575,431,374,170,538,386.89,89.80
台南市,白河區,六溪里,77,41148,534,396,166,560,775.29,145.08
台南市,白河區,關嶺里,149,82021,550,375,178,574,683.18,124.11
台南市,白河區,仙草里,149,54980,369,292,119,497,339.02,91.88
台南市,白河區,廣蓮里,290,152932,527,387,187,637,509.61,96.64
台南市,白河區,詔豐里,367,238777,651,370,165,628,3295.52,506.52
台南市,白河區,馬稠後里,232,115393,497,361,189,662,521.99,104.95
台南市,柳營區,士林里,583,368082,631,433,233,786,708.72,112.25
台南市,柳營區,光福里,416,239429,576,377,172,695,708.88,123.17
台南市,柳營區,中埕里,359,204507,570,406,222,670,590.59,103.68
台南市,柳營區,東昇里,783,466114,595,408,199,783,671.06,112.73
台南市,柳營區,八翁里,394,224770,570,395,196,740,702.75,123.18
台南市,柳營區,人和里,190,100439,529,358,179,680,597.74,113.07
台南市,柳營區,太康里,402,256789,639,428,237,768,789.19,123.55
台南市,柳營區,重溪里,408,221588,543,382,197,692,566.16,104.24
台南市,柳營區,篤農里,323,169190,524,337,180,603,740.06,141.28
台南市,柳營區,大農里,146,71533,490,341,175,691,450.06,91.86
台南市,柳營區,神農里,319,162998,511,386,213,668,477.45,93.44
台南市,柳營區,果毅里,287,154733,539,386,221,646,550.89,102.18
台南市,柳營區,旭山里,287,142191,495,372,205,573,524.64,105.89
台南市,後壁區,後壁里,441,272863,619,426,219,747,663.68,107.26
台南市,後壁區,嘉苳里,287,165634,577,425,241,712,574.56,99.56
台南市,後壁區,侯伯里,312,178326,572,399,214,705,599.43,104.88
台南市,後壁區,土溝里,270,138285,512,364,195,676,502.59,98.13
台南市,後壁區,頂安里,335,200709,599,431,227,815,566.21,94.50
台南市,後壁區,長安里,333,175835,528,378,181,711,493.88,93.53
台南市,後壁區,福安里,439,261366,595,394,211,773,635.50,106.74
台南市,後壁區,菁寮里,298,191862,644,460,229,824,656.21,101.92
台南市,後壁區,菁豐里,286,182973,640,423,197,874,721.96,112.85
台南市,後壁區,新嘉里,191,99358,520,395,200,700,516.01,99.20
台南市,後壁區,新東里,423,222686,526,392,179,681,563.84,107.10
台南市,後壁區,竹新里,275,129017,469,353,191,633,421.49,89.84
台南市,後壁區,上茄苳里,453,253600,560,375,206,783,546.02,97.53
台南市,後壁區,長短樹里,406,212026,522,385,193,699,510.23,97.70
台南市,東山區,東山里,295,134957,457,326,171,587,423.23,92.51
台南市,東山區,東中里,623,352986,567,367,196,708,716.71,126.49
台南市,東山區,東正里,282,145912,517,365,194,679,511.94,98.94
台南市,東山區,三榮里,174,87735,504,335,180,595,690.56,136.96
台南市,東山區,大客里,185,83126,449,358,194,566,395.53,88.03
台南市,東山區,科里里,207,111231,537,409,230,656,575.93,107.18
台南市,東山區,東河里,182,79737,438,327,155,595,416.17,94.99
台南市,東山區,聖賢里,430,240489,559,386,208,692,572.71,102.40
台南市,東山區,南溪里,78,40130,514,321,185,596,697.42,135.56
台南市,東山區,水雲里,59,33761,572,351,190,691,789.76,138.02
台南市,東山區,林安里,62,25237,407,253,148,504,412.59,101.36
台南市,東山區,東原里,376,188507,501,372,162,606,549.67,109.64
台南市,東山區,嶺南里,83,39838,480,361,225,571,537.83,112.05
台南市,東山區,南勢里,140,66589,476,337,185,540,613.83,129.05
台南市,東山區,青山里,164,71518,436,331,159,588,399.55,91.62
台南市,東山區,高原里,131,59648,455,303,186,523,466.50,102.45
台南市,麻豆區,東角里,914,611685,669,470,214,908,678.08,101.32
台南市,麻豆區,晋江里,796,525358,660,435,238,818,777.87,117.86
台南市,麻豆區,巷口里,697,470626,675,448,223,889,696.49,103.15
台南市,麻豆區,中興里,624,378693,607,423,229,876,560.32,92.33
台南市,麻豆區,興農里,453,282434,623,451,196,830,612.21,98.19
台南市,麻豆區,油車里,1087,692863,637,425,215,828,760.04,119.24
台南市,麻豆區,北勢里,230,125008,544,392,177,651,598.08,110.04
台南市,麻豆區,大埕里,876,602652,688,442,230,868,791.19,115.01
台南市,麻豆區,寮廍里,444,232448,524,396,211,657,520.46,99.41
台南市,麻豆區,南勢里,683,431979,632,399,208,803,719.65,113.78
台南市,麻豆區,安業里,313,173723,555,352,185,677,629.57,113.43
台南市,麻豆區,安正里,233,114624,492,334,195,631,504.02,102.45
台南市,麻豆區,埤頭里,614,324875,529,372,200,629,568.45,107.43
台南市,麻豆區,海埔里,508,289883,571,387,208,698,608.80,106.69
台南市,麻豆區,港尾里,325,226852,698,381,172,724,948.70,135.92
台南市,麻豆區,麻口里,292,148696,509,371,215,590,489.97,96.22
台南市,麻豆區,新興里,555,394941,712,447,225,908,878.75,123.49
台南市,麻豆區,謝厝寮里,379,216399,571,374,208,689,667.37,116.88
台南市,麻豆區,井東里,449,253700,565,367,185,657,795.29,140.75
台南市,麻豆區,清水里,427,240876,564,423,218,731,545.94,96.78
台南市,下營區,仁里里,525,311250,593,380,184,692,860.32,145.11
台南市,下營區,宅內里,397,215287,542,393,223,727,519.86,95.87
台南市,下營區,後街里,400,240009,600,410,213,736,681.17,113.52
台南市,下營區,新興里,532,296789,558,394,213,731,554.32,99.36
台南市,下營區,下營里,389,220282,566,425,202,765,563.10,99.44
台南市,下營區,營前里,563,337861,600,432,230,831,568.03,94.65
台南市,下營區,開化里,458,250526,547,371,191,760,641.86,117.34
台南市,下營區,西連里,201,109426,544,396,216,722,494.30,90.80
台南市,下營區,賀建里,288,155320,539,400,201,681,525.74,97.48
台南市,下營區,大吉里,333,167849,504,368,191,678,463.67,91.99
台南市,下營區,茅營里,568,320753,565,380,184,716,657.34,116.40
台南市,下營區,紅甲里,453,251958,556,368,183,697,630.16,113.30
台南市,六甲區,六甲里,859,518027,603,406,201,765,708.92,117.55
台南市,六甲區,甲東里,706,394678,559,387,187,663,636.71,113.90
台南市,六甲區,甲南里,384,221312,576,423,219,760,525.43,91.17
台南市,六甲區,七甲里,477,254318,533,374,202,621,572.34,107.35
台南市,六甲區,二甲里,977,566787,580,407,222,729,650.47,112.12
台南市,六甲區,水林里,594,318693,537,394,224,644,545.89,101.75
台南市,六甲區,中社里,423,236747,560,412,222,702,560.74,100.19
台南市,六甲區,龜港里,312,167878,538,418,225,693,542.10,100.75
台南市,六甲區,菁埔里,146,68091,466,379,195,535,468.49,100.45
台南市,六甲區,王爺里,136,68108,501,355,190,597,515.58,102.95
台南市,六甲區,大丘里,88,41143,468,366,162,634,447.88,95.80
台南市,官田區,官田里,598,325382,544,393,202,700,601.56,110.56
台南市,官田區,隆田里,584,349664,599,424,243,769,614.53,102.64
台南市,官田區,二鎮里,1020,568784,558,408,219,712,609.74,109.35
台南市,官田區,社子里,182,94298,518,303,154,560,940.21,181.46
台南市,官田區,大崎里,69,47132,683,379,213,934,685.25,100.32
台南市,官田區,隆本里,1136,637617,561,415,222,729,568.92,101.36
台南市,官田區,南廍里,347,155062,447,329,167,592,435.82,97.53
台南市,官田區,渡拔里,627,339277,541,372,197,656,674.80,124.71
台南市,官田區,烏山頭里,304,197115,648,407,221,762,869.04,134.03
台南市,官田區,東西庄里,443,221727,501,384,200,611,472.12,94.33
台南市,大內區,石湖里,209,102753,492,356,181,660,475.01,96.62
台南市,大內區,石林里,131,57907,442,308,179,522,481.36,108.90
台南市,大內區,石城里,359,161347,449,335,153,552,508.64,113.17
台南市,大內區,內江里,201,87504,435,340,163,554,410.63,94.32
台南市,大內區,大內里,181,91049,503,379,198,747,437.80,87.03
台南市,大內區,內郭里,138,52729,382,305,135,535,335.78,87.88
台南市,大內區,頭社里,173,68949,399,320,200,521,311.47,78.15
台南市,大內區,二溪里,152,95324,627,409,211,837,666.17,106.22
台南市,大內區,曲溪里,108,44725,414,356,178,577,336.15,81.17
台南市,大內區,環湖里,99,41413,418,296,185,532,369.21,88.26
台南市,佳里區,鎮山里,1656,910509,550,387,194,716,560.57,101.96
台南市,佳里區,東寧里,676,447373,662,408,212,783,875.51,132.29
台南市,佳里區,六安里,1337,931379,697,459,227,918,775.06,111.26
台南市,佳里區,安西里,1942,1223924,630,417,215,801,725.35,115.09
台南市,佳里區,建南里,1317,884601,672,421,211,813,861.18,128.21
台南市,佳里區,佳化里,635,337862,532,345,199,628,727.32,136.70
台南市,佳里區,海澄里,529,254603,481,340,166,634,523.23,108.71
台南市,佳里區,子龍里,550,311672,567,392,187,699,679.47,119.90
台南市,佳里區,民安里,437,233363,534,400,212,744,464.93,87.06
台南市,佳里區,忠仁里,795,464825,585,409,194,745,703.72,120.36
台南市,佳里區,下營里,404,202461,501,375,193,651,458.87,91.57
台南市,佳里區,營溪里,248,139633,563,368,160,658,801.97,142.44
台南市,佳里區,塭內里,583,261759,449,320,168,538,532.42,118.58
台南市,佳里區,佳興里,557,309044,555,397,218,689,669.23,120.62
台南市,佳里區,南勢里,1425,929584,652,458,235,850,671.20,102.89
台南市,佳里區,文新里,1740,1151312,662,452,222,854,908.11,137.24
台南市,西港區,西港里,881,503956,572,389,208,679,683.46,119.48
台南市,西港區,南海里,630,323853,514,342,184,586,769.17,149.63
台南市,西港區,港東里,427,197750,463,350,152,617,455.87,98.44
台南市,西港區,檨林里,340,165201,486,351,184,610,533.59,109.82
台南市,西港區,後營里,371,183328,494,352,189,613,470.89,95.29
台南市,西港區,營西里,350,206645,590,404,204,709,935.41,158.43
台南市,西港區,金砂里,157,85991,548,363,210,652,591.62,108.02
台南市,西港區,劉厝里,301,146074,485,350,175,591,542.27,111.74
台南市,西港區,竹林里,297,158647,534,342,164,629,795.30,148.89
台南市,西港區,永樂里,274,140023,511,313,167,532,759.17,148.56
台南市,西港區,新復里,148,65888,445,294,151,568,531.75,119.44
台南市,西港區,慶安里,1309,757979,579,390,193,735,678.18,117.12
台南市,七股區,後港里,165,88225,535,350,193,642,665.35,124.43
台南市,七股區,大潭里,116,50382,434,287,165,618,420.18,96.74
台南市,七股區,頂山里,116,53180,458,268,127,469,751.12,163.84
台南市,七股區,西寮里,53,23309,440,338,154,500,532.40,121.06
台南市,七股區,篤加里,162,90515,559,327,136,620,939.66,168.18
台南市,七股區,中寮里,88,49396,561,326,197,675,619.74,110.41
台南市,七股區,塩埕里,41,20070,490,353,174,742,449.08,91.74
台南市,七股區,七股里,198,106235,537,351,170,688,575.27,107.22
台南市,七股區,溪南里,67,48182,719,362,191,1010,1017.50,141.49
台南市,七股區,玉成里,168,83751,499,354,191,600,575.85,115.51
台南市,七股區,大埕里,590,283078,480,334,150,589,597.82,124.60
台南市,七股區,樹林里,378,175356,464,323,175,555,563.11,121.38
台南市,七股區,竹橋里,246,123221,501,376,163,686,496.02,99.03
台南市,七股區,義合里,386,185152,480,339,172,573,611.28,127.44
台南市,七股區,永吉里,174,85662,492,318,157,661,529.34,107.52
台南市,七股區,三股里,192,112027,583,311,180,597,1565.61,268.33
台南市,七股區,十份里,195,106746,547,364,171,562,817.25,149.29
台南市,七股區,龍山里,250,117627,471,349,177,594,509.36,108.26
台南市,將軍區,長榮里,287,152698,532,390,202,647,576.90,108.43
台南市,將軍區,玉山里,118,49564,420,338,193,511,416.96,99.27
台南市,將軍區,廣山里,74,36533,494,302,205,524,587.96,119.10
台南市,將軍區,長沙里,210,93366,445,327,160,562,445.75,100.26
台南市,將軍區,平沙里,173,82738,478,329,164,647,516.99,108.10
台南市,將軍區,鯤鯓里,297,132831,447,307,192,569,441.28,98.67
台南市,將軍區,鯤溟里,121,51186,423,325,150,586,363.91,86.03
台南市,將軍區,西甲里,562,299583,533,389,216,713,500.00,93.80
台南市,將軍區,忠嘉里,550,265320,482,321,179,554,573.46,118.88
台南市,將軍區,苓仔寮里,408,193080,473,332,178,517,581.30,122.84
台南市,將軍區,巷埔里,181,94479,522,361,215,651,547.20,104.83
台南市,將軍區,將軍里,288,155760,541,352,181,580,913.90,168.98
台南市,北門區,北門里,156,81388,522,379,203,590,561.48,107.62
台南市,北門區,永隆里,148,67190,454,314,145,599,496.55,109.38
台南市,北門區,玉港里,131,68543,523,399,228,673,456.36,87.22
台南市,北門區,保吉里,265,129096,487,343,167,623,530.07,108.81
台南市,北門區,雙春里,62,35337,570,364,137,611,851.93,149.47
台南市,北門區,錦湖里,120,72447,604,391,206,752,671.66,111.25
台南市,北門區,慈安里,133,73084,550,415,213,741,484.39,88.15
台南市,北門區,三光里,192,87112,454,337,190,581,401.45,88.48
台南市,北門區,蚵寮里,260,132176,508,313,148,621,582.77,114.64
台南市,北門區,文山里,240,117548,490,377,206,626,479.12,97.82
台南市,學甲區,仁得里,1128,663075,588,400,211,733,685.51,116.62
台南市,學甲區,新榮里,631,347856,551,400,233,691,519.10,94.16
台南市,學甲區,光華里,277,114741,414,303,166,501,410.20,99.03
台南市,學甲區,宅港里,176,91073,517,375,174,708,497.83,96.21
台南市,學甲區,明宜里,482,260325,540,381,192,692,545.81,101.06
台南市,學甲區,慈福里,574,311564,543,375,185,692,639.95,117.90
台南市,學甲區,新達里,520,301051,579,398,212,722,595.87,102.92
台南市,學甲區,大灣里,249,131664,529,353,187,710,569.32,107.67
台南市,學甲區,中洲里,313,190354,608,371,185,687,1072.96,176.43
台南市,學甲區,平和里,202,85443,423,360,187,524,387.56,91.63
台南市,學甲區,豐和里,302,137509,455,317,176,623,416.04,91.37
台南市,學甲區,三慶里,263,118353,450,340,182,550,416.46,92.54
台南市,學甲區,秀昌里,649,351597,542,381,203,680,590.20,108.94
台南市,新化區,武安里,892,510322,572,380,193,713,685.84,119.88
台南市,新化區,東榮里,1129,662299,587,380,193,731,747.61,127.44
台南市,新化區,護國里,773,460402,596,420,192,740,788.41,132.37
台南市,新化區,太平里,1304,779098,597,394,180,735,699.53,117.08
台南市,新化區,協興里,944,493899,523,337,184,666,592.34,113.21
台南市,新化區,唪口里,597,336842,564,367,184,693,653.25,115.78
台南市,新化區,北勢里,427,224222,525,363,198,669,517.33,98.52
台南市,新化區,豐榮里,952,595571,626,426,210,765,666.13,106.48
台南市,新化區,全興里,852,613169,720,441,212,881,923.14,128.27
台南市,新化區,崙頂里,557,334073,600,405,211,725,721.91,120.36
台南市,新化區,知義里,510,293989,576,353,182,628,919.56,159.52
台南市,新化區,山腳里,372,208306,560,356,193,631,707.93,126.42
台南市,新化區,大坑里,57,25281,444,288,196,580,436.59,98.44
台南市,新化區,𦰡拔里,528,272081,515,353,191,622,550.98,106.92
台南市,新化區,羊林里,183,86853,475,336,162,590,479.45,101.02
台南市,新化區,礁坑里,158,84498,535,334,137,478,930.83,174.05
台南市,善化區,東關里,406,468128,1153,750,328,1686,1117.34,96.90
台南市,善化區,文昌里,888,659115,742,431,228,956,856.83,115.44
台南市,善化區,南關里,545,365559,671,415,210,824,814.14,121.38
台南市,善化區,文正里,506,416185,822,506,248,1108,895.31,108.85
台南市,善化區,坐駕里,1451,1283025,884,575,270,1174,945.61,106.94
台南市,善化區,胡家里,304,173131,570,420,234,672,663.98,116.59
台南市,善化區,胡厝里,650,432661,666,459,235,825,783.80,117.75
台南市,善化區,什乃里,359,215768,601,422,222,771,682.95,113.63
台南市,善化區,溪美里,578,538167,931,513,258,1025,1654.53,177.70
台南市,善化區,六分里,181,121785,673,447,246,910,628.30,93.38
台南市,善化區,田寮里,478,261629,547,393,210,706,552.44,100.93
台南市,善化區,六德里,281,147970,527,341,175,640,592.95,112.60
台南市,善化區,牛庄里,548,358217,654,438,225,853,677.58,103.66
台南市,善化區,嘉南里,281,167144,595,416,189,767,650.91,109.43
台南市,善化區,嘉北里,459,288536,629,419,243,809,644.09,102.46
台南市,善化區,小新里,1563,1262079,807,545,273,1029,900.52,111.52
台南市,善化區,光文里,1908,1650455,865,533,256,1099,1068.73,123.55
台南市,善化區,頂街里,373,275769,739,467,241,1011,790.49,106.92
台南市,善化區,昌隆里,522,309868,594,385,196,785,685.50,115.48
台南市,善化區,蓮潭里,1446,2237084,1547,1289,657,2142,1229.18,79.45
台南市,新市區,新市里,903,573643,635,418,211,769,711.82,112.05
台南市,新市區,新和里,2312,1722028,745,482,249,933,836.62,112.32
台南市,新市區,社內里,859,535715,624,440,227,830,618.77,99.22
台南市,新市區,大洲里,174,93889,540,399,184,650,592.00,109.71
台南市,新市區,豐華里,232,132579,571,334,194,635,1039.08,181.83
台南市,新市區,三舍里,530,557336,1052,532,260,1282,1534.83,145.95
台南市,新市區,大營里,1089,720595,662,424,231,838,768.33,116.11
台南市,新市區,大社里,1427,838727,588,416,217,752,628.68,106.96
台南市,新市區,潭頂里,523,260601,498,340,181,630,536.07,107.58
台南市,新市區,港墘里,1105,590612,534,366,190,661,560.31,104.83
台南市,新市區,永就里,980,614572,627,427,211,826,620.32,98.92
台南市,安定區,蘇林里,549,293725,535,376,190,718,514.20,96.11
台南市,安定區,蘇厝里,578,321868,557,412,200,758,543.34,97.57
台南市,安定區,安定里,367,215697,588,422,221,721,596.51,101.49
台南市,安定區,安加里,548,343685,627,453,239,852,588.04,93.76
台南市,安定區,港尾里,369,214081,580,405,181,724,676.50,116.60
台南市,安定區,中榮里,533,410499,770,475,200,999,955.64,124.08
台南市,安定區,港口里,817,457361,560,404,213,705,565.78,101.07
台南市,安定區,港南里,746,410473,550,363,182,673,621.94,113.03
台南市,安定區,新吉里,709,396874,560,351,184,692,705.36,126.01
台南市,安定區,海寮里,660,349499,530,369,192,640,603.37,113.94
台南市,安定區,中沙里,176,105436,599,414,177,746,769.98,128.53
台南市,安定區,嘉同里,582,282444,485,335,188,583,581.03,119.73
台南市,安定區,文科里,399,224833,563,369,192,684,712.94,126.52
台南市,山上區,山上里,276,135427,491,370,193,689,424.86,86.59
台南市,山上區,南洲里,404,194756,482,344,180,586,498.73,103.46
台南市,山上區,明和里,417,217056,521,370,198,674,561.22,107.82
台南市,山上區,新莊里,292,121273,415,306,180,539,397.76,95.77
台南市,山上區,玉峯里,89,34199,384,285,165,487,320.52,83.41
台南市,山上區,豐德里,79,35202,446,251,144,481,684.70,153.66
台南市,山上區,平陽里,86,37337,434,377,159,569,385.32,88.75
台南市,玉井區,玉井里,294,183220,623,391,221,774,659.66,105.85
台南市,玉井區,玉田里,850,496789,584,405,214,710,657.88,112.56
台南市,玉井區,中正里,218,110918,509,376,208,610,509.51,100.14
台南市,玉井區,竹圍里,279,134329,481,376,180,624,464.33,96.44
台南市,玉井區,沙田里,80,43694,546,419,222,751,492.84,90.23
台南市,玉井區,三埔里,72,45273,629,461,245,819,612.73,97.45
台南市,玉井區,三和里,134,71112,531,403,144,724,519.45,97.88
台南市,玉井區,望明里,246,119956,488,332,197,545,507.45,104.07
台南市,玉井區,層林里,93,41508,446,335,182,568,455.11,101.97
台南市,玉井區,豐里里,168,92032,548,346,155,617,802.14,146.43
台南市,楠西區,楠西里,316,165670,524,388,219,627,587.24,112.01
台南市,楠西區,灣丘里,154,73395,477,309,161,580,495.10,103.88
台南市,楠西區,密枝里,88,50865,578,371,238,656,637.40,110.28
台南市,楠西區,照興里,138,54668,396,293,151,517,423.38,106.88
台南市,楠西區,鹿田里,145,70712,488,368,180,616,469.86,96.35
台南市,楠西區,龜丹里,103,49084,477,357,164,614,495.82,104.05
台南市,楠西區,東勢里,396,195903,495,353,187,597,461.38,93.26
台南市,南化區,南化里,257,137655,536,361,215,677,509.91,95.20
台南市,南化區,小崙里,111,52215,470,363,193,585,414.16,88.04
台南市,南化區,中坑里,70,39261,561,414,213,643,586.40,104.55
台南市,南化區,北平里,82,36458,445,341,158,636,379.80,85.42
台南市,南化區,東和里,89,50639,569,412,213,670,657.31,115.52
台南市,南化區,西埔里,139,63999,460,330,176,581,417.75,90.73
台南市,南化區,北寮里,197,98571,500,374,219,554,488.75,97.68
台南市,南化區,玉山里,176,76047,432,311,186,632,374.04,86.57
台南市,南化區,關山里,185,95319,515,393,175,713,516.12,100.17
台南市,左鎮區,光和里,54,26489,491,340,179,498,535.52,109.17
台南市,左鎮區,榮和里,113,53294,472,336,194,649,428.12,90.77
台南市,左鎮區,左鎮里,75,30317,404,307,166,531,351.74,87.02
台南市,左鎮區,中正里,135,68741,509,337,140,571,597.18,117.28
台南市,左鎮區,睦光里,59,28770,488,267,151,528,535.47,109.81
台南市,左鎮區,內庄里,68,39525,581,444,206,757,605.11,104.10
台南市,左鎮區,岡林里,55,29608,538,345,108,640,629.04,116.85
台南市,左鎮區,草山里,34,17464,514,315,87,661,601.70,117.14
台南市,左鎮區,二寮里,18,8136,452,347,241,693,295.61,65.40
台南市,左鎮區,澄山里,60,20092,335,255,111,473,326.22,97.42
台南市,仁德區,太子里,1561,886240,568,399,201,708,600.68,105.80
台南市,仁德區,土庫里,775,451164,582,397,192,748,652.82,112.14
台南市,仁德區,一甲里,894,663057,742,445,220,925,943.20,127.17
台南市,仁德區,仁德里,2380,1727107,726,497,247,959,781.76,107.73
台南市,仁德區,新田里,1058,658950,623,422,219,766,770.30,123.68
台南市,仁德區,後壁里,2903,1799620,620,439,221,791,629.16,101.49
台南市,仁德區,上崙里,1778,1046557,589,419,217,745,598.92,101.75
台南市,仁德區,保安里,823,471830,573,399,201,715,577.66,100.76
台南市,仁德區,二行里,589,364643,619,381,187,790,751.00,121.31
台南市,仁德區,大甲里,566,302306,534,367,208,694,592.88,111.00
台南市,仁德區,中洲里,684,393063,575,396,195,692,693.36,120.66
台南市,仁德區,仁和里,406,244602,602,450,219,802,616.30,102.30
台南市,仁德區,成功里,1394,932141,669,408,221,761,899.34,134.49
台南市,仁德區,仁愛里,373,230070,617,450,239,813,561.97,91.11
台南市,仁德區,仁義里,2973,2050487,690,447,222,829,890.35,129.09
台南市,仁德區,文賢里,596,330609,555,364,204,647,792.83,142.93
台南市,歸仁區,南保里,1890,1138473,602,415,219,735,689.50,114.47
台南市,歸仁區,六甲里,1053,578277,549,389,203,666,625.91,113.97
台南市,歸仁區,歸仁里,714,505011,707,461,245,874,750.48,106.10
台南市,歸仁區,後市里,1001,665466,665,436,231,769,1229.84,184.99
台南市,歸仁區,辜厝里,933,564077,605,404,209,720,680.33,112.53
台南市,歸仁區,許厝里,976,600973,616,421,224,762,644.59,104.68
台南市,歸仁區,看西里,661,434350,657,449,246,801,753.30,114.64
台南市,歸仁區,看東里,581,343699,592,434,227,758,572.52,96.78
台南市,歸仁區,崙頂里,964,755220,783,463,239,901,1196.66,152.75
台南市,歸仁區,沙崙里,162,87540,540,390,167,652,616.25,114.04
台南市,歸仁區,大潭里,491,295140,601,393,188,682,1224.75,203.75
台南市,歸仁區,武東里,445,311656,700,512,257,869,762.80,108.92
台南市,歸仁區,八甲里,706,432817,613,429,205,766,656.55,107.09
台南市,歸仁區,七甲里,1009,618797,613,428,219,783,785.16,128.03
台南市,歸仁區,媽廟里,512,307014,600,384,202,668,797.17,132.94
台南市,歸仁區,西埔里,518,286194,552,374,181,671,600.55,108.70
台南市,歸仁區,大廟里,871,486239,558,405,210,702,616.05,110.35
台南市,歸仁區,南興里,1342,836504,623,416,232,775,698.29,112.03
台南市,歸仁區,新厝里,740,447287,604,399,209,745,677.19,112.04
台南市,歸仁區,歸南里,673,370438,550,362,185,666,632.61,114.93
台南市,歸仁區,文化里,940,544921,580,395,213,697,737.57,127.23
台南市,關廟區,關廟里,606,382452,631,409,215,764,827.95,131.19
台南市,關廟區,山西里,541,304686,563,383,194,638,845.31,150.09
台南市,關廟區,香洋里,931,542510,583,397,211,744,667.32,114.52
台南市,關廟區,北勢里,635,327894,516,386,211,655,493.02,95.48
台南市,關廟區,新埔里,264,136042,515,387,197,664,579.74,112.50
台南市,關廟區,五甲里,897,457916,510,377,187,680,518.61,101.59
台南市,關廟區,東勢里,829,391458,472,351,197,608,497.48,105.35
台南市,關廟區,松腳里,514,314283,611,375,166,629,1269.77,207.67
台南市,關廟區,深坑里,375,178523,476,348,174,610,468.54,98.42
台南市,關廟區,布袋里,285,126040,442,290,140,470,640.78,144.89
台南市,關廟區,埤頭里,474,278696,588,372,208,676,753.78,128.20
台南市,關廟區,下湖里,104,46193,444,394,171,585,372.94,83.97
台南市,關廟區,新光里,125,51470,412,318,172,528,404.91,98.34
台南市,關廟區,南雄里,295,136140,461,349,193,589,464.45,100.64
台南市,關廟區,花園里,905,457050,505,342,171,606,587.37,116.30
台南市,龍崎區,崎頂里,190,92268,486,393,178,599,481.62,99.18
台南市,龍崎區,土崎里,117,49624,424,307,117,483,489.91,115.51
台南市,龍崎區,中坑里,19,12264,645,422,184,562,853.28,132.19
台南市,龍崎區,楠坑里,57,27141,476,361,166,621,480.47,100.91
台南市,龍崎區,牛埔里,74,44786,605,337,193,654,1042.28,172.22
台南市,龍崎區,大坪里,58,25355,437,336,187,532,367.84,84.14
台南市,龍崎區,龍船里,68,37200,547,380,194,710,509.05,93.05
台南市,龍崎區,石𥕢里,59,29582,501,375,179,577,535.05,106.71
台南市,永康區,永康里,2434,1686306,693,444,222,857,819.31,118.26
台南市,永康區,埔園里,2442,1891843,775,502,243,1001,868.11,112.06
台南市,永康區,網寮里,2266,1661480,733,464,225,928,1108.39,151.17
台南市,永康區,王行里,725,501989,692,412,198,763,1067.11,154.12
台南市,永康區,龍潭里,1911,1285604,673,452,232,845,734.14,109.13
台南市,永康區,大灣里,975,608998,625,401,186,804,712.39,114.05
台南市,永康區,東灣里,974,599896,616,395,193,717,834.82,135.54
台南市,永康區,西灣里,2318,1542915,666,423,210,840,792.24,119.02
台南市,永康區,南灣里,1064,585139,550,390,215,677,541.08,98.39
台南市,永康區,北灣里,1240,730275,589,413,200,745,645.41,109.59
台南市,永康區,西勢里,1958,1258759,643,440,220,817,684.38,106.46
台南市,永康區,新樹里,562,319205,568,407,205,702,576.84,101.56
台南市,永康區,三民里,424,324668,766,440,207,900,1154.43,150.76
台南市,永康區,塩行里,1708,1132551,663,423,206,789,867.06,130.76
台南市,永康區,蔦松里,554,304311,549,360,197,702,569.35,103.65
台南市,永康區,烏竹里,898,608098,677,481,230,852,670.99,99.09
台南市,永康區,建國里,583,397049,681,458,246,884,703.88,103.35
台南市,永康區,復興里,383,224659,587,372,182,656,735.53,125.39
台南市,永康區,成功里,540,348916,646,426,193,754,849.45,131.47
台南市,永康區,光復里,133,92094,692,431,222,770,958.37,138.41
台南市,永康區,神洲里,266,112293,422,297,147,546,397.04,94.05
台南市,永康區,勝利里,2321,1558464,671,434,206,874,767.84,114.35
台南市,永康區,大橋里,1940,1952102,1006,440,229,892,10529.21,1046.39
台南市,永康區,五王里,1646,964484,586,412,211,727,639.73,109.18
台南市,永康區,崑山里,1839,1172049,637,407,203,778,747.36,117.26
台南市,永康區,塩洲里,1970,1330203,675,430,222,841,753.94,111.66
台南市,永康區,甲頂里,694,423720,611,448,228,721,788.86,129.20
台南市,永康區,復國里,2650,1565774,591,424,210,753,694.72,117.58
台南市,永康區,中興里,986,600468,609,430,223,765,635.06,104.28
台南市,永康區,正強里,2485,1600213,644,436,219,809,736.49,114.37
台南市,永康區,二王里,2420,1593567,658,442,221,854,743.81,112.96
台南市,永康區,中華里,947,801914,847,497,261,1053,1100.93,130.01
台南市,永康區,東橋里,2952,3182332,1078,755,344,1483,1095.54,101.62
台南市,永康區,安康里,1582,1091573,690,453,216,839,1075.06,155.81
台南市,永康區,西橋里,995,578393,581,400,193,739,596.52,102.62
台南市,永康區,六合里,1841,1253712,681,431,196,845,819.74,120.37
台南市,永康區,三合里,961,526104,547,393,200,688,555.43,101.46
台南市,永康區,尚頂里,1410,1012919,718,439,211,814,993.64,138.32
台南市,永康區,復華里,2845,1739544,611,412,215,758,734.57,120.14
台南市,永康區,龍埔里,1340,1174139,876,618,303,1192,852.15,97.25
台南市,永康區,永明里,1520,1129552,743,501,248,963,815.31,109.71
台南市,永康區,塩興里,1323,997153,754,484,242,898,1135.32,150.63
台南市,永康區,北興里,1594,1143405,717,495,242,947,764.71,106.61
高雄市,鹽埕區,藍橋里,383,234094,611,408,172,830,713.20,116.69
高雄市,鹽埕區,慈愛里,91,55119,606,419,249,705,770.85,127.26
高雄市,鹽埕區,博愛里,149,76763,515,285,123,613,699.82,135.84
高雄市,鹽埕區,陸橋里,298,166141,558,369,200,720,625.57,112.21
高雄市,鹽埕區,壽星里,335,204729,611,342,166,738,750.29,122.77
高雄市,鹽埕區,中山里,416,286283,688,446,187,833,840.05,122.07
高雄市,鹽埕區,瀨南里,157,207374,1321,368,148,892,5362.22,405.97
高雄市,鹽埕區,新樂里,286,212162,742,430,191,875,1194.29,160.99
高雄市,鹽埕區,教仁里,605,343841,568,358,171,700,762.21,134.11
高雄市,鹽埕區,中原里,197,148620,754,423,195,798,1196.57,158.61
高雄市,鹽埕區,府北里,491,268550,547,358,174,668,610.59,111.64
高雄市,鹽埕區,育仁里,228,154414,677,436,185,850,839.54,123.96
高雄市,鹽埕區,光明里,359,279870,780,475,196,990,1215.92,155.97
高雄市,鹽埕區,江西里,335,253367,756,420,171,882,1168.76,154.53
高雄市,鹽埕區,港都里,272,144365,531,339,141,692,656.01,123.60
高雄市,鹽埕區,新化里,149,69743,468,301,130,561,555.67,118.71
高雄市,鹽埕區,江南里,184,162334,882,420,179,909,1423.21,161.32
高雄市,鹽埕區,河濱里,563,395430,702,402,158,797,1031.87,146.91
高雄市,鹽埕區,南端里,308,216005,701,392,175,864,901.91,128.60
高雄市,鹽埕區,沙地里,187,135779,726,431,228,778,1058.62,145.80
高雄市,鹽埕區,新豐里,252,162497,645,391,231,844,741.48,114.99
高雄市,鼓山區,前峰里,1327,829098,625,412,190,812,719.65,115.18
高雄市,鼓山區,光榮里,1022,593607,581,380,176,705,726.14,125.02
高雄市,鼓山區,民族里,343,206072,601,388,198,745,695.85,115.82
高雄市,鼓山區,自強里,211,125180,593,448,215,770,753.65,127.03
高雄市,鼓山區,建國里,819,547527,669,431,183,830,766.22,114.61
高雄市,鼓山區,內惟里,295,179941,610,398,191,759,797.16,130.69
高雄市,鼓山區,忠正里,1065,602050,565,378,197,693,710.05,125.61
高雄市,鼓山區,龍井里,324,183303,566,361,160,657,791.45,139.89
高雄市,鼓山區,平和里,1082,680251,629,403,180,804,772.69,122.90
高雄市,鼓山區,龍子里,6038,6562402,1087,688,294,1367,1385.30,127.46
高雄市,鼓山區,鼓岩里,270,116069,430,281,120,552,507.52,118.06
高雄市,鼓山區,樹德里,336,208216,620,374,174,759,743.57,119.99
高雄市,鼓山區,寶樹里,299,154892,518,343,142,689,605.10,116.81
高雄市,鼓山區,綠川里,323,172430,534,362,172,693,545.17,102.12
高雄市,鼓山區,河邊里,376,200228,533,383,198,678,526.60,98.89
高雄市,鼓山區,興宗里,325,181828,559,373,185,686,648.62,115.94
高雄市,鼓山區,光化里,258,127417,494,327,128,599,645.78,130.76
高雄市,鼓山區,山下里,408,276391,677,396,187,845,806.11,118.99
高雄市,鼓山區,登山里,143,92623,648,312,129,657,1089.94,168.28
高雄市,鼓山區,峰南里,207,96776,468,324,135,612,585.99,125.34
高雄市,鼓山區,維生里,382,272141,712,405,193,845,1142.10,160.32
高雄市,鼓山區,延平里,226,133989,593,371,179,754,737.66,124.42
高雄市,鼓山區,新民里,228,121923,535,348,191,630,601.67,112.52
高雄市,鼓山區,惠安里,311,268519,863,433,214,815,4141.40,479.66
高雄市,鼓山區,壽山里,308,154403,501,327,181,625,596.83,119.06
高雄市,鼓山區,哨船頭里,271,153794,568,393,177,676,698.56,123.09
高雄市,鼓山區,桃源里,164,114713,699,382,179,1020,770.92,110.21
高雄市,鼓山區,正德里,549,312126,569,376,178,721,643.28,113.15
高雄市,鼓山區,厚生里,953,555769,583,392,197,774,610.10,104.62
高雄市,鼓山區,明誠里,6043,5127911,849,550,250,1093,1012.61,119.33
高雄市,鼓山區,民強里,763,414762,544,370,173,695,650.62,119.69
高雄市,鼓山區,裕豐里,896,695341,776,459,236,979,912.10,117.53
高雄市,鼓山區,華豐里,1356,1024527,756,474,213,915,1011.51,133.88
高雄市,鼓山區,雄峰里,574,299911,522,348,160,663,660.31,126.38
高雄市,鼓山區,鼓峰里,485,229386,473,342,154,593,533.83,112.87
高雄市,鼓山區,麗興里,261,182355,699,406,169,733,1224.89,175.32
高雄市,鼓山區,龍水里,9346,12063072,1291,799,344,1578,1863.85,144.40
高雄市,鼓山區,裕興里,1068,705072,660,408,186,847,870.13,131.80
高雄市,左營區,自立里,1,1104,1104,1104,1104,1104,0.00,0.00
高雄市,左營區,崇實里,1303,1051970,807,615,281,1062,837.92,103.79
高雄市,左營區,合群里,816,583036,715,487,238,865,848.39,118.74
高雄市,左營區,自治里,1,247,247,247,247,247,0.00,0.00
高雄市,左營區,頂西里,268,146237,546,375,199,718,554.96,101.71
高雄市,左營區,頂北里,128,69420,542,387,203,689,563.51,103.90
高雄市,左營區,中北里,137,76460,558,293,146,650,844.15,151.25
高雄市,左營區,中南里,123,67189,546,379,186,663,617.89,113.11
高雄市,左營區,自助里,122,73939,606,487,262,851,490.41,80.92
高雄市,左營區,自勉里,0,0,0,0,0,0,0.00,0.00
高雄市,左營區,尾西里,303,169608,560,385,171,718,568.18,101.50
高雄市,左營區,尾北里,913,614735,673,419,188,798,946.75,140.61
高雄市,左營區,廍南里,164,85005,518,376,192,713,514.93,99.34
高雄市,左營區,廟東里,169,92103,545,352,172,611,683.88,125.48
高雄市,左營區,廟北里,182,87803,482,284,149,594,596.79,123.70
高雄市,左營區,尾南里,170,83147,489,322,147,625,526.24,107.59
高雄市,左營區,廍北里,82,50294,613,345,209,674,1083.00,176.58
高雄市,左營區,埤東里,257,160425,624,339,157,658,1617.09,259.06
高雄市,左營區,埤北里,274,138660,506,343,146,636,633.23,125.13
高雄市,左營區,新上里,9318,8826700,947,556,254,1182,1283.38,135.48
高雄市,左營區,新中里,1509,1126249,746,472,219,932,934.12,125.16
高雄市,左營區,新下里,4893,4283213,875,544,245,1104,1077.86,123.13
高雄市,左營區,聖后里,192,100442,523,352,166,737,517.69,98.96
高雄市,左營區,聖西里,86,59709,694,497,244,890,786.01,113.21
高雄市,左營區,聖南里,123,76973,626,396,210,706,659.18,105.33
高雄市,左營區,埤西里,257,157261,612,369,151,722,893.49,146.02
高雄市,左營區,路東里,210,133000,633,390,174,803,783.57,123.72
高雄市,左營區,城南里,136,78152,575,402,156,774,646.06,112.43
高雄市,左營區,進學里,400,218214,546,366,178,718,628.28,115.17
高雄市,左營區,屏山里,343,204763,597,420,200,761,633.88,106.18
高雄市,左營區,果惠里,346,160519,464,358,152,628,473.81,102.13
高雄市,左營區,果貿里,808,443400,549,396,181,737,639.70,116.57
高雄市,左營區,海勝里,1514,782202,517,368,166,648,579.59,112.18
高雄市,左營區,莒光里,486,257465,530,390,199,721,544.04,102.70
高雄市,左營區,永清里,263,216457,823,822,636,990,317.12,38.53
高雄市,左營區,果峰里,366,174563,477,330,144,608,517.49,108.50
高雄市,左營區,光輝里,779,517247,664,442,200,884,766.50,115.44
高雄市,左營區,菜公里,10186,8927039,876,580,272,1131,1066.28,121.67
高雄市,左營區,祥和里,73,34477,472,392,201,637,367.60,77.83
高雄市,左營區,新光里,4824,4251224,881,540,249,1070,1200.30,136.20
高雄市,左營區,明建里,266,211308,794,661,318,1043,725.55,91.33
高雄市,左營區,福山里,12323,10154157,824,546,257,1038,976.19,118.47
高雄市,左營區,聖北里,0,0,0,0,0,0,0.00,0.00
高雄市,左營區,路南里,0,0,0,0,0,0,0.00,0.00
高雄市,楠梓區,東寧里,1407,1101625,783,564,269,1018,787.06,100.52
高雄市,楠梓區,享平里,1046,655116,626,422,204,825,748.08,119.44
高雄市,楠梓區,五常里,1963,1096884,559,403,200,731,562.24,100.62
高雄市,楠梓區,惠民里,1353,853550,631,441,210,842,680.76,107.91
高雄市,楠梓區,中陽里,1064,650889,612,431,224,733,817.11,133.57
高雄市,楠梓區,清豐里,7719,5490543,711,516,251,928,845.69,118.89
高雄市,楠梓區,稔田里,413,275592,667,419,186,868,953.23,142.85
高雄市,楠梓區,玉屏里,600,361069,602,435,225,754,612.07,101.71
高雄市,楠梓區,錦屏里,893,527246,590,399,196,771,611.78,103.62
高雄市,楠梓區,金田里,1239,766759,619,434,210,849,692.90,111.97
高雄市,楠梓區,廣昌里,858,453609,529,394,206,697,505.96,95.70
高雄市,楠梓區,福昌里,587,385852,657,452,204,804,763.97,116.22
高雄市,楠梓區,泰昌里,370,218549,591,405,191,737,626.49,106.06
高雄市,楠梓區,興昌里,1502,1062939,708,514,240,918,810.71,114.56
高雄市,楠梓區,建昌里,794,495453,624,421,207,804,722.00,115.71
高雄市,楠梓區,中和里,1445,948613,656,518,274,849,683.93,104.18
高雄市,楠梓區,中興里,550,400131,728,512,258,941,768.24,105.60
高雄市,楠梓區,藍田里,2956,2408807,815,607,317,1035,820.17,100.65
高雄市,楠梓區,宏毅里,673,499739,743,557,246,1081,674.68,90.86
高雄市,楠梓區,宏南里,284,291355,1026,640,275,1238,1699.69,165.68
高雄市,楠梓區,宏榮里,873,715712,820,583,265,1092,862.23,105.17
高雄市,楠梓區,和昌里,603,373919,620,428,201,782,672.13,108.39
高雄市,楠梓區,隆昌里,1028,650666,633,425,206,813,806.18,127.37
高雄市,楠梓區,惠楠里,819,489848,598,395,174,747,697.41,116.60
高雄市,楠梓區,瑞屏里,1165,744544,639,454,246,830,639.16,100.01
高雄市,楠梓區,大昌里,572,303087,530,391,206,693,516.55,97.49
高雄市,楠梓區,裕昌里,1633,1133165,694,497,247,937,810.64,116.82
高雄市,楠梓區,加昌里,2869,1805998,629,449,215,806,717.94,114.05
高雄市,楠梓區,仁昌里,1743,1059292,608,431,219,785,684.20,112.58
高雄市,楠梓區,惠豐里,1612,977041,606,444,226,821,562.06,92.73
高雄市,楠梓區,翠屏里,5647,3398852,602,437,223,788,634.34,105.39
高雄市,楠梓區,久昌里,872,484575,556,403,200,733,528.93,95.18
高雄市,楠梓區,盛昌里,1915,1301874,680,457,210,893,782.74,115.14
高雄市,楠梓區,宏昌里,1115,764804,686,476,226,870,795.66,116.00
高雄市,楠梓區,秀昌里,685,451527,659,451,235,808,809.70,122.84
高雄市,楠梓區,慶昌里,1094,774300,708,494,240,942,774.87,109.48
高雄市,楠梓區,國昌里,1083,639382,590,405,213,733,633.03,107.22
高雄市,三民區,鼎金里,1168,720564,617,406,205,775,688.34,111.58
高雄市,三民區,鼎西里,2253,1411711,627,457,225,820,648.66,103.52
高雄市,三民區,本館里,2752,1882199,684,468,223,885,758.73,110.94
高雄市,三民區,寶獅里,1114,708948,636,419,199,773,774.76,121.74
高雄市,三民區,灣子里,1279,926594,724,434,206,878,943.62,130.25
高雄市,三民區,安東里,1015,775244,764,493,234,970,874.19,114.45
高雄市,三民區,安生里,445,264827,595,409,185,767,648.42,108.96
高雄市,三民區,港東里,372,217448,585,369,155,726,677.78,115.95
高雄市,三民區,港西里,183,103850,567,411,199,739,600.82,105.87
高雄市,三民區,港北里,0,0,0,0,0,0,0.00,0.00
高雄市,三民區,博愛里,353,236977,671,375,157,804,1307.69,194.79
高雄市,三民區,建東里,320,200852,628,427,174,793,683.81,108.94
高雄市,三民區,鳳南里,233,154201,662,431,221,795,777.56,117.49
高雄市,三民區,鳳北里,388,264690,682,399,175,844,1003.52,147.10
高雄市,三民區,德東里,241,175656,729,469,189,969,866.66,118.91
高雄市,三民區,德西里,299,246054,823,446,199,1038,1019.81,123.93
高雄市,三民區,德北里,580,423521,730,493,214,982,817.83,112.00
高雄市,三民區,川東里,332,198875,599,415,187,762,630.07,105.18
高雄市,三民區,千歲里,359,252791,704,466,198,901,1009.79,143.40
高雄市,三民區,千北里,324,194795,601,369,162,782,752.28,125.13
高雄市,三民區,興德里,578,465240,805,513,224,994,1013.36,125.90
高雄市,三民區,正興里,4107,3252431,792,526,236,1031,919.26,116.08
高雄市,三民區,十全里,535,419860,785,489,228,1016,977.59,124.57
高雄市,三民區,豐裕里,670,371987,555,386,207,677,623.94,112.38
高雄市,三民區,力行里,288,144988,503,340,151,652,555.57,110.36
高雄市,三民區,立誠里,195,150206,770,529,256,990,926.84,120.32
高雄市,三民區,立德里,375,227669,607,436,186,768,631.90,104.08
高雄市,三民區,達德里,456,399668,876,516,217,1113,1297.84,148.08
高雄市,三民區,灣華里,828,521925,630,412,191,780,754.61,119.71
高雄市,三民區,灣中里,1658,1110285,670,446,216,866,787.75,117.64
高雄市,三民區,灣復里,1009,594160,589,411,214,734,682.29,115.87
高雄市,三民區,灣興里,602,541440,899,534,226,1103,1144.24,127.22
高雄市,三民區,寶珠里,1641,1054543,643,439,199,883,688.87,107.20
高雄市,三民區,民享里,683,484703,710,424,194,898,921.21,129.81
高雄市,三民區,安宜里,969,675084,697,450,210,837,849.54,121.94
高雄市,三民區,同德里,883,652206,739,443,214,904,929.41,125.83
高雄市,三民區,精華里,480,369959,771,463,209,931,1043.34,135.37
高雄市,三民區,長明里,301,199624,663,388,189,923,825.42,124.46
高雄市,三民區,裕民里,418,314268,752,483,220,912,851.06,113.20
高雄市,三民區,寶龍里,1297,1011941,780,459,213,935,1093.88,140.20
高雄市,三民區,港新里,509,441311,867,516,227,1013,1525.12,175.90
高雄市,三民區,博惠里,1315,935248,711,471,225,918,842.63,118.48
高雄市,三民區,立業里,249,140452,564,364,166,719,683.95,121.25
高雄市,三民區,十美里,582,411373,707,436,196,827,1007.28,142.51
高雄市,三民區,德行里,356,256723,721,424,233,919,874.41,121.26
高雄市,三民區,安邦里,1254,908012,724,461,219,922,894.91,123.59
高雄市,三民區,千秋里,499,226783,454,329,136,570,603.78,132.85
高雄市,三民區,灣勝里,542,298395,551,373,191,707,570.99,103.71
高雄市,三民區,灣利里,912,501740,550,399,184,725,575.77,104.66
高雄市,三民區,達明里,490,393418,803,454,204,961,1388.89,172.99
高雄市,三民區,達勇里,331,237474,717,421,202,840,1120.46,156.17
高雄市,三民區,達仁里,500,377694,755,466,205,907,969.99,128.41
高雄市,三民區,灣愛里,779,430988,553,361,182,703,659.83,119.26
高雄市,三民區,安和里,782,669405,856,451,219,885,2002.88,233.98
高雄市,三民區,德智里,684,520355,761,476,212,923,930.09,122.26
高雄市,三民區,寶興里,2174,1489318,685,450,216,883,854.57,124.74
高雄市,三民區,安康里,548,255085,465,345,173,631,462.11,99.27
高雄市,三民區,安寧里,349,164284,471,303,146,648,502.06,106.66
高雄市,三民區,鼎盛里,2477,1613110,651,456,227,849,675.21,103.68
高雄市,三民區,鼎泰里,7640,6994817,916,552,252,1148,1269.62,138.67
高雄市,三民區,本武里,491,359549,732,469,212,1028,919.12,125.52
高雄市,三民區,本文里,598,370218,619,451,200,801,643.25,103.90
高雄市,三民區,寶盛里,1663,1246150,749,508,226,984,864.81,115.41
高雄市,三民區,寶華里,1129,845701,749,487,236,984,841.20,112.30
高雄市,三民區,寶民里,1067,791502,742,474,232,945,884.87,119.29
高雄市,三民區,寶中里,903,551426,611,421,202,790,692.88,113.46
高雄市,三民區,寶玉里,2729,1795871,658,452,217,858,714.18,108.53
高雄市,三民區,灣成里,665,440807,663,449,204,842,800.91,120.82
高雄市,三民區,安吉里,1436,1032369,719,431,204,898,1212.02,168.59
高雄市,三民區,安泰里,1223,886150,725,469,212,900,863.31,119.15
高雄市,三民區,德仁里,611,503678,824,478,208,876,1491.88,180.98
高雄市,三民區,寶國里,2562,1855257,724,483,218,942,896.14,123.75
高雄市,三民區,正順里,1327,1012802,763,453,212,949,1074.65,140.80
高雄市,三民區,安發里,1450,1087114,750,465,217,891,1040.84,138.83
高雄市,三民區,鼎中里,1145,760957,665,441,209,851,733.42,110.36
高雄市,三民區,寶業里,2084,1962402,942,555,237,1157,1280.55,135.99
高雄市,三民區,寶慶里,841,565967,673,467,218,854,720.47,107.06
高雄市,三民區,寶德里,1626,1033180,635,407,187,797,809.08,127.33
高雄市,三民區,寶泰里,1306,945023,724,443,210,847,948.28,131.05
高雄市,三民區,寶安里,2312,1789677,774,486,229,962,1000.55,129.26
高雄市,三民區,本元里,1716,1272267,741,463,231,954,941.83,127.03
高雄市,三民區,本安里,1591,1330846,836,501,236,1049,1014.75,121.31
高雄市,三民區,本上里,1704,1517103,890,549,243,1145,1086.31,122.01
高雄市,三民區,本揚里,2614,2231117,854,543,244,1067,1020.59,119.57
高雄市,三民區,鼎力里,1311,902784,689,479,215,887,785.62,114.09
高雄市,三民區,鼎強里,1165,727302,624,422,225,812,677.24,108.48
高雄市,三民區,本和里,2466,1753105,711,463,205,941,801.48,112.74
高雄市,新興區,大明里,291,197684,679,382,132,795,1167.18,171.81
高雄市,新興區,明莊里,204,165124,809,426,220,989,1148.83,141.93
高雄市,新興區,仁聲里,318,218139,686,465,214,903,740.28,107.92
高雄市,新興區,漢民里,215,159980,744,444,218,808,1072.58,144.15
高雄市,新興區,華聲里,336,259589,773,442,207,918,1028.76,133.16
高雄市,新興區,玉衡里,226,157250,696,464,210,842,869.63,124.98
高雄市,新興區,榮治里,220,388393,1765,608,279,1715,3328.29,188.53
高雄市,新興區,浩然里,668,561664,841,494,219,963,1134.56,134.94
高雄市,新興區,振成里,396,373078,942,497,218,1067,1319.39,140.05
高雄市,新興區,德生里,1163,1214068,1044,533,246,1263,1417.88,135.82
高雄市,新興區,成功里,483,487392,1009,502,206,1101,1603.58,158.91
高雄市,新興區,愛平里,353,306085,867,543,239,1072,1068.51,123.23
高雄市,新興區,新江里,357,266015,745,420,195,853,949.14,127.38
高雄市,新興區,黎明里,266,186003,699,433,208,844,831.76,118.95
高雄市,新興區,秋山里,319,210576,660,437,198,845,696.89,105.57
高雄市,新興區,長驛里,266,159866,601,404,185,827,718.82,119.60
高雄市,新興區,建興里,295,202994,688,432,184,807,836.43,121.55
高雄市,新興區,德望里,688,614771,894,476,189,1077,1347.33,150.78
高雄市,新興區,中東里,779,580989,746,423,199,840,1146.79,153.76
高雄市,新興區,東坡里,341,254706,747,437,208,863,1076.00,144.06
高雄市,新興區,蕉園里,255,218272,856,442,220,1009,1261.39,147.36
高雄市,新興區,德政里,200,142583,713,453,217,916,940.01,131.85
高雄市,新興區,南港里,638,449132,704,432,185,862,1032.08,146.61
高雄市,新興區,開平里,1285,1289920,1004,602,238,1274,1350.21,134.51
高雄市,新興區,光耀里,748,553594,740,485,182,942,1134.07,153.23
高雄市,新興區,永寧里,480,446776,931,572,264,1146,1189.38,127.78
高雄市,新興區,順昌里,684,523155,765,493,214,921,974.78,127.45
高雄市,新興區,正氣里,463,393199,849,500,191,1031,1268.25,149.34
高雄市,新興區,建華里,247,195996,794,445,203,931,1059.72,133.55
高雄市,新興區,振華里,373,406179,1089,581,257,1218,2175.38,199.77
高雄市,新興區,文昌里,1075,1230220,1144,648,265,1462,1450.07,126.71
高雄市,新興區,興昌里,599,472343,789,492,208,991,1012.56,128.41
高雄市,前金區,青山里,705,701707,995,547,246,1177,1484.29,149.13
高雄市,前金區,長興里,368,269756,733,463,225,934,888.19,121.17
高雄市,前金區,民生里,288,243489,845,531,243,1022,1004.12,118.77
高雄市,前金區,東金里,354,408542,1154,563,218,1130,2404.32,208.33
高雄市,前金區,林投里,230,187717,816,392,179,820,1365.00,167.25
高雄市,前金區,後金里,227,215434,949,451,227,1029,1624.81,171.20
高雄市,前金區,文東里,405,400995,990,493,210,1160,1450.84,146.53
高雄市,前金區,長生里,592,596350,1007,559,249,1206,1366.63,135.67
高雄市,前金區,博孝里,352,288971,821,483,234,933,1048.94,127.77
高雄市,前金區,復元里,358,300626,840,451,226,1084,1014.48,120.81
高雄市,前金區,社東里,586,622497,1062,558,254,1213,1772.28,166.84
高雄市,前金區,社西里,399,354836,889,541,198,1029,1212.53,136.34
高雄市,前金區,國民里,332,374601,1128,553,235,1209,1697.04,150.40
高雄市,前金區,新生里,1353,1286774,951,543,238,1080,1696.27,178.36
高雄市,前金區,北金里,236,162205,687,386,204,755,1006.16,146.39
高雄市,前金區,榮復里,353,237430,673,409,198,826,1032.35,153.49
高雄市,前金區,文西里,331,251317,759,422,203,844,1174.95,154.75
高雄市,前金區,草江里,358,292961,818,500,207,996,1075.52,131.43
高雄市,前金區,長城里,382,289939,759,423,171,816,1272.38,167.64
高雄市,前金區,三川里,171,108975,637,376,159,794,797.33,125.11
高雄市,苓雅區,博仁里,249,280973,1128,555,247,1385,1515.12,134.27
高雄市,苓雅區,苓洲里,498,598795,1202,507,254,1123,4208.88,350.04
高雄市,苓雅區,苓昇里,307,198857,648,427,207,810,707.57,109.24
高雄市,苓雅區,苓雅里,474,294243,621,394,197,794,750.49,120.90
高雄市,苓雅區,苓中里,508,290333,572,394,188,722,613.65,107.37
高雄市,苓雅區,苓東里,416,267752,644,379,169,753,923.55,143.49
高雄市,苓雅區,城東里,687,631827,920,535,258,1058,1305.81,141.98
高雄市,苓雅區,城北里,530,422805,798,479,218,952,1083.34,135.80
高雄市,苓雅區,城西里,140,88235,630,369,194,712,806.43,127.95
高雄市,苓雅區,意誠里,1079,663739,615,408,185,775,780.09,126.82
高雄市,苓雅區,鼓中里,284,197926,697,466,169,830,1147.69,164.68
高雄市,苓雅區,田西里,434,325093,749,469,195,1020,890.46,118.88
高雄市,苓雅區,日中里,763,611056,801,456,209,1007,1118.88,139.71
高雄市,苓雅區,美田里,368,235279,639,371,162,769,824.59,128.97
高雄市,苓雅區,林西里,495,368332,744,456,228,893,941.29,126.50
高雄市,苓雅區,林南里,1056,1029485,975,609,245,1265,1166.74,119.68
高雄市,苓雅區,林德里,611,574901,941,491,235,1132,1250.69,132.92
高雄市,苓雅區,福海里,297,175335,590,368,181,748,699.07,118.41
高雄市,苓雅區,福南里,477,280752,589,395,199,714,701.63,119.21
高雄市,苓雅區,福西里,461,236156,512,358,186,668,541.39,105.69
高雄市,苓雅區,福東里,770,447249,581,404,184,736,672.24,115.73
高雄市,苓雅區,五福里,1145,696470,608,398,184,773,714.29,117.43
高雄市,苓雅區,仁政里,466,469337,1007,497,226,1071,2785.74,276.59
高雄市,苓雅區,凱旋里,713,738218,1035,537,236,1126,1508.27,145.67
高雄市,苓雅區,人和里,549,407519,742,457,192,914,921.52,124.14
高雄市,苓雅區,和煦里,670,508999,760,485,215,989,929.89,122.40
高雄市,苓雅區,普照里,1158,1291213,1115,549,253,1228,1999.24,179.30
高雄市,苓雅區,晴朗里,579,618449,1068,658,286,1255,1395.03,130.60
高雄市,苓雅區,廣澤里,547,473248,865,514,265,973,1159.26,133.99
高雄市,苓雅區,奏捷里,496,351030,708,419,188,834,912.83,128.98
高雄市,苓雅區,永康里,686,503247,734,441,208,888,1019.37,138.95
高雄市,苓雅區,林圍里,902,992447,1100,648,294,1292,1739.76,158.12
高雄市,苓雅區,林興里,355,221258,623,425,188,786,691.30,110.92
高雄市,苓雅區,林靖里,545,379306,696,466,227,965,671.27,96.45
高雄市,苓雅區,同慶里,781,909902,1165,756,298,1550,1306.97,112.18
高雄市,苓雅區,福隆里,748,477912,639,434,200,838,686.05,107.38
高雄市,苓雅區,福康里,530,324354,612,415,193,804,699.27,114.26
高雄市,苓雅區,福人里,583,338952,581,379,171,707,704.75,121.22
高雄市,苓雅區,福地里,754,412820,548,381,172,685,620.22,113.28
高雄市,苓雅區,福居里,716,393667,550,376,183,715,584.27,106.27
高雄市,苓雅區,五權里,736,569779,774,481,210,966,934.13,120.66
高雄市,苓雅區,正義里,840,885593,1054,613,252,1299,1256.86,119.22
高雄市,苓雅區,福壽里,416,296830,714,387,184,789,1136.41,159.26
高雄市,苓雅區,林中里,947,658451,695,459,197,891,738.09,106.15
高雄市,苓雅區,華堂里,974,669402,687,444,204,866,833.07,121.21
高雄市,苓雅區,朝陽里,474,301595,636,447,180,831,731.94,115.03
高雄市,苓雅區,林華里,860,564766,657,433,195,850,760.54,115.81
高雄市,苓雅區,林榮里,1290,867295,672,414,203,828,842.55,125.32
高雄市,苓雅區,正心里,1252,873034,697,450,226,871,765.23,109.74
高雄市,苓雅區,福祥里,353,222407,630,446,199,801,676.84,107.43
高雄市,苓雅區,安祥里,873,882612,1011,582,289,1180,1332.05,131.75
高雄市,苓雅區,中正里,1068,1131509,1059,614,269,1332,1734.69,163.73
高雄市,苓雅區,普天里,1306,1164057,891,563,243,1106,1090.38,122.33
高雄市,苓雅區,林富里,791,957298,1210,706,290,1476,1709.08,141.22
高雄市,苓雅區,民主里,1268,970477,765,459,217,923,1250.49,163.39
高雄市,苓雅區,正仁里,805,509598,633,461,194,786,699.60,110.51
高雄市,苓雅區,林貴里,673,553353,822,531,216,1082,917.73,111.62
高雄市,苓雅區,正大里,1686,1248765,741,451,217,872,1014.32,136.95
高雄市,苓雅區,光華里,162,101969,629,420,233,814,617.10,98.04
高雄市,苓雅區,正道里,1314,827847,630,423,191,819,708.85,112.51
高雄市,苓雅區,衛武里,546,302061,553,394,196,702,585.18,105.78
高雄市,苓雅區,英明里,561,385252,687,427,200,852,821.72,119.66
高雄市,苓雅區,林泉里,692,684688,989,585,274,1277,1125.15,113.72
高雄市,苓雅區,尚義里,555,644721,1162,650,266,1369,1783.90,153.56
高雄市,苓雅區,林安里,484,403519,834,533,224,1110,946.27,113.50
高雄市,苓雅區,正文里,775,584284,754,471,220,962,982.18,130.28
高雄市,苓雅區,正言里,957,658224,688,435,200,876,798.94,116.16
高雄市,苓雅區,文昌里,1131,687455,608,432,195,786,655.64,107.87
高雄市,苓雅區,建軍里,571,309398,542,370,166,710,554.00,102.24
高雄市,前鎮區,鎮北里,287,168683,588,353,163,682,799.24,135.98
高雄市,前鎮區,草衙里,2553,1286529,504,351,170,626,562.98,111.72
高雄市,前鎮區,前鎮里,312,161623,518,359,190,734,482.07,93.06
高雄市,前鎮區,興邦里,1003,782337,780,550,272,1067,750.42,96.21
高雄市,前鎮區,興化里,145,81409,561,381,200,655,562.84,100.25
高雄市,前鎮區,鎮中里,240,128963,537,351,191,711,598.59,111.40
高雄市,前鎮區,振興里,851,736890,866,530,215,1079,1196.20,138.14
高雄市,前鎮區,西甲里,688,628258,913,551,230,1142,1150.53,125.99
高雄市,前鎮區,竹內里,794,521579,657,454,196,858,724.99,110.37
高雄市,前鎮區,西山里,1143,858309,751,452,210,891,1062.19,141.45
高雄市,前鎮區,良和里,1069,926774,867,519,218,1097,1134.66,130.88
高雄市,前鎮區,建隆里,437,734137,1680,751,308,1959,3559.40,211.88
高雄市,前鎮區,興中里,882,591978,671,427,202,781,927.26,138.15
高雄市,前鎮區,忠誠里,662,411950,622,518,246,891,511.22,82.15
高雄市,前鎮區,忠純里,1671,1169265,700,442,195,900,892.86,127.60
高雄市,前鎮區,瑞竹里,480,372705,776,579,279,1082,672.96,86.67
高雄市,前鎮區,復國里,782,575083,735,439,201,933,1135.31,154.38
高雄市,前鎮區,鎮東里,421,238350,566,415,193,712,570.39,100.75
高雄市,前鎮區,忠孝里,1023,965386,944,524,222,1096,1354.59,143.54
高雄市,前鎮區,仁愛里,328,172862,527,348,177,569,793.66,150.59
高雄市,前鎮區,興仁里,151,69812,462,305,173,590,448.99,97.11
高雄市,前鎮區,信義里,347,189973,547,358,165,673,867.63,158.48
高雄市,前鎮區,平等里,622,436557,702,470,227,894,788.86,112.40
高雄市,前鎮區,明道里,228,123720,543,397,206,684,537.19,99.00
高雄市,前鎮區,明禮里,335,184284,550,386,180,712,637.61,115.91
高雄市,前鎮區,瑞豐里,799,522249,654,428,204,820,979.22,149.81
高雄市,前鎮區,鎮陽里,229,130902,572,345,160,692,694.61,121.52
高雄市,前鎮區,盛興里,912,679642,745,450,207,915,931.42,124.99
高雄市,前鎮區,鎮榮里,547,273957,501,362,174,657,483.00,96.44
高雄市,前鎮區,瑞南里,1396,919311,659,431,208,855,789.11,119.83
高雄市,前鎮區,瑞崗里,718,427576,596,409,174,740,700.38,117.61
高雄市,前鎮區,瑞東里,712,441558,620,431,203,792,642.90,103.67
高雄市,前鎮區,瑞北里,948,575103,607,414,192,767,711.48,117.28
高雄市,前鎮區,瑞西里,746,429066,575,420,205,743,565.86,98.38
高雄市,前鎮區,瑞興里,701,433577,619,438,201,828,643.64,104.06
高雄市,前鎮區,瑞和里,519,312508,602,404,197,772,753.94,125.21
高雄市,前鎮區,瑞隆里,1005,600487,597,396,198,785,655.41,109.69
高雄市,前鎮區,信德里,521,230537,442,333,150,608,402.19,90.89
高雄市,前鎮區,鎮昌里,510,289754,568,378,219,717,647.07,113.89
高雄市,前鎮區,明正里,1663,1080411,650,439,230,847,686.63,105.69
高雄市,前鎮區,竹西里,1418,1015064,716,452,217,922,778.64,108.77
高雄市,前鎮區,平昌里,131,71663,547,365,193,750,518.69,94.82
高雄市,前鎮區,明孝里,621,346412,558,388,182,717,654.37,117.31
高雄市,前鎮區,瑞祥里,1427,915071,641,430,219,810,688.62,107.39
高雄市,前鎮區,瑞平里,1085,699150,644,445,206,830,705.97,109.56
高雄市,前鎮區,德昌里,518,238030,460,372,187,635,392.25,85.36
高雄市,前鎮區,明義里,664,364337,549,415,210,745,481.08,87.68
高雄市,前鎮區,鎮海里,1258,851552,677,443,222,858,751.33,110.99
高雄市,前鎮區,竹東里,633,393202,621,377,176,762,1027.78,165.46
高雄市,前鎮區,竹南里,2516,2280389,906,617,273,1231,979.36,108.05
高雄市,前鎮區,竹北里,764,571099,748,451,201,1034,847.71,113.40
高雄市,前鎮區,瑞誠里,749,400880,535,428,203,733,479.44,89.58
高雄市,前鎮區,瑞華里,1436,1005488,700,466,218,937,722.00,103.11
高雄市,前鎮區,瑞昌里,1016,655452,645,487,233,833,649.78,100.72
高雄市,前鎮區,瑞文里,736,435750,592,386,174,754,738.74,124.78
高雄市,前鎮區,竹中里,1170,845619,723,457,197,931,878.76,121.59
高雄市,前鎮區,民權里,1508,1266501,840,524,245,1083,976.99,116.33
高雄市,前鎮區,盛豐里,951,666565,701,453,208,872,869.39,124.04
高雄市,前鎮區,興東里,1969,1537999,781,522,234,1047,850.36,108.87
高雄市,旗津區,旗下里,286,153473,537,389,162,680,677.97,126.34
高雄市,旗津區,永安里,242,108257,447,314,167,559,437.68,97.84
高雄市,旗津區,振興里,373,189695,509,358,177,632,639.26,125.70
高雄市,旗津區,慈愛里,420,194814,464,341,151,620,474.65,102.33
高雄市,旗津區,復興里,624,276314,443,311,148,555,478.24,108.00
高雄市,旗津區,實踐里,301,119507,397,321,113,520,396.73,99.92
高雄市,旗津區,上竹里,608,309865,510,385,203,673,473.64,92.94
高雄市,旗津區,南汕里,455,234789,516,406,188,648,533.88,103.46
高雄市,旗津區,中洲里,387,200815,519,366,183,667,536.94,103.48
高雄市,旗津區,安順里,150,71238,475,360,158,607,557.43,117.37
高雄市,旗津區,中興里,630,326422,518,387,211,638,512.19,98.85
高雄市,旗津區,北汕里,516,236722,459,330,163,580,566.69,123.53
高雄市,旗津區,中華里,343,150734,439,344,160,592,421.44,95.90
高雄市,小港區,小港里,695,472423,680,422,203,840,842.09,123.88
高雄市,小港區,港墘里,560,356536,637,443,207,852,661.74,103.94
高雄市,小港區,鳳宮里,857,558985,652,468,239,886,596.75,91.49
高雄市,小港區,店鎮里,1905,1261135,662,442,220,850,691.85,104.51
高雄市,小港區,山東里,982,616632,628,428,206,833,644.73,102.68
高雄市,小港區,孔宅里,1425,773578,543,407,206,723,501.61,92.40
高雄市,小港區,高松里,1195,702989,588,410,196,798,586.20,99.65
高雄市,小港區,大坪里,816,480988,589,432,225,777,568.46,96.44
高雄市,小港區,坪頂里,1841,1147452,623,427,208,779,749.00,120.17
高雄市,小港區,鳳森里,693,469581,678,501,260,927,660.14,97.42
高雄市,小港區,鳳林里,897,592055,660,480,229,904,642.11,97.28
高雄市,小港區,鳳興里,777,458407,590,432,212,760,584.58,99.09
高雄市,小港區,鳳源里,1093,667104,610,424,204,801,605.33,99.18
高雄市,小港區,鳳鳴里,917,527441,575,430,215,776,525.26,91.32
高雄市,小港區,青島里,675,379117,562,377,190,742,572.86,101.99
高雄市,小港區,濟南里,1396,947846,679,470,227,929,671.65,98.92
高雄市,小港區,港口里,1181,908719,769,479,229,913,1073.01,139.45
高雄市,小港區,港興里,723,458467,634,451,216,838,647.78,102.16
高雄市,小港區,二苓里,1133,699257,617,423,206,802,637.28,103.26
高雄市,小港區,大苓里,805,493816,613,398,189,740,900.00,146.71
高雄市,小港區,中厝里,1138,628489,552,398,202,729,558.25,101.08
高雄市,小港區,山明里,3551,2198648,619,454,224,820,597.69,96.53
高雄市,小港區,廈莊里,1272,791288,622,470,225,844,566.48,91.06
高雄市,小港區,桂林里,2371,1428942,603,419,202,777,665.07,110.35
高雄市,小港區,龍鳳里,972,655374,674,466,238,871,646.14,95.83
高雄市,小港區,港南里,816,568427,697,501,256,942,657.27,94.35
高雄市,小港區,港明里,911,521987,573,398,189,746,598.54,104.46
高雄市,小港區,港后里,806,500062,620,446,211,785,704.59,113.57
高雄市,小港區,港正里,855,529497,619,420,192,892,620.05,100.12
高雄市,小港區,合作里,719,402657,560,406,186,713,581.48,103.83
高雄市,小港區,松山里,1134,797254,703,494,242,919,704.15,100.16
高雄市,小港區,松金里,810,490316,605,402,222,747,735.33,121.48
高雄市,小港區,泰山里,1122,822421,733,507,239,971,747.93,102.04
高雄市,小港區,三苓里,870,574503,660,426,222,875,693.08,104.96
高雄市,小港區,正苓里,1244,808239,650,429,230,886,671.90,103.41
高雄市,小港區,順苓里,1340,821607,613,436,212,809,624.27,101.81
高雄市,小港區,宏亮里,1013,667771,659,448,230,860,668.63,101.43
高雄市,小港區,六苓里,870,643202,739,501,240,1020,750.56,101.52
高雄市,鳳山區,成功里,174,107061,615,413,187,811,660.47,107.34
高雄市,鳳山區,和德里,680,541239,796,538,236,1047,1048.28,131.70
高雄市,鳳山區,和興里,1479,998898,675,447,219,877,758.49,112.31
高雄市,鳳山區,南興里,255,164873,647,462,197,776,789.42,122.10
高雄市,鳳山區,鎮南里,1419,902595,636,426,192,813,768.79,120.86
高雄市,鳳山區,興仁里,1055,637782,605,442,209,815,575.23,95.15
高雄市,鳳山區,鳳崗里,347,254966,735,478,230,885,948.94,129.15
高雄市,鳳山區,曹公里,623,459274,737,475,204,925,932.26,126.46
高雄市,鳳山區,鎮北里,3553,2287839,644,494,246,823,644.93,100.16
高雄市,鳳山區,縣衙里,236,135302,573,468,151,821,513.01,89.48
高雄市,鳳山區,文山里,2014,1323114,657,427,213,852,752.66,114.57
高雄市,鳳山區,文英里,1142,745011,652,461,222,869,668.69,102.50
高雄市,鳳山區,中和里,1099,702244,639,415,186,846,677.11,105.97
高雄市,鳳山區,忠義里,1474,1071853,727,457,207,936,897.95,123.48
高雄市,鳳山區,誠義里,1478,1220555,826,576,259,1131,835.26,101.14
高雄市,鳳山區,縣口里,118,80339,681,426,175,676,1049.04,154.08
高雄市,鳳山區,光明里,404,406334,1006,389,183,835,5650.78,561.83
高雄市,鳳山區,三民里,339,282859,834,513,206,1025,1145.29,137.26
高雄市,鳳山區,鎮東里,741,421774,569,390,197,723,673.55,118.33
高雄市,鳳山區,鎮西里,1445,909983,630,404,196,779,835.16,132.62
高雄市,鳳山區,興中里,293,222410,759,524,213,1046,773.65,101.92
高雄市,鳳山區,中正里,1051,579201,551,412,199,722,524.25,95.13
高雄市,鳳山區,新興里,416,273144,657,398,187,803,927.37,141.24
高雄市,鳳山區,埤頂里,1855,1164683,628,439,212,782,752.47,119.85
高雄市,鳳山區,過埤里,4896,3571488,729,548,260,974,718.56,98.50
高雄市,鳳山區,生明里,577,322141,558,379,170,702,619.59,110.98
高雄市,鳳山區,誠德里,791,468181,592,412,192,753,680.86,115.03
高雄市,鳳山區,瑞竹里,1517,946090,624,414,194,763,731.92,117.36
高雄市,鳳山區,老爺里,1986,1127545,568,396,193,761,585.37,103.10
高雄市,鳳山區,五福里,901,572959,636,447,228,811,685.99,107.88
高雄市,鳳山區,海光里,919,491828,535,382,205,693,521.53,97.45
高雄市,鳳山區,協和里,1061,783503,738,517,235,1001,809.16,109.57
高雄市,鳳山區,忠誠里,1095,718912,657,419,197,812,749.35,114.14
高雄市,鳳山區,北門里,1104,591596,536,375,187,658,610.38,113.91
高雄市,鳳山區,富甲里,474,226679,478,342,162,596,528.53,110.52
高雄市,鳳山區,南成里,2636,1770903,672,458,211,911,704.56,104.87
高雄市,鳳山區,東門里,1505,834827,555,388,196,717,583.84,105.25
高雄市,鳳山區,一甲里,986,567015,575,404,190,735,638.65,111.06
高雄市,鳳山區,正義里,1790,1077591,602,412,197,785,685.08,113.80
高雄市,鳳山區,武漢里,1421,862017,607,419,203,797,661.27,109.01
高雄市,鳳山區,新甲里,876,544906,622,427,210,789,651.01,104.66
高雄市,鳳山區,福興里,1640,890583,543,379,185,690,554.96,102.20
高雄市,鳳山區,福誠里,1601,1190915,744,498,234,955,881.02,118.44
高雄市,鳳山區,瑞興里,1537,1030704,671,446,216,864,769.07,114.68
高雄市,鳳山區,國泰里,1078,612531,568,409,191,739,594.23,104.58
高雄市,鳳山區,新強里,1716,1300086,758,477,220,1023,880.73,116.25
高雄市,鳳山區,天興里,1033,560466,543,397,211,683,542.31,99.95
高雄市,鳳山區,鳳東里,2008,1398439,696,476,223,898,750.08,107.70
高雄市,鳳山區,忠孝里,1677,1014173,605,409,197,773,684.40,113.17
高雄市,鳳山區,文德里,3226,2672334,828,513,227,1056,1030.69,124.42
高雄市,鳳山區,文華里,2662,1949664,732,473,214,947,894.02,122.07
高雄市,鳳山區,國光里,978,500354,512,373,168,667,532.71,104.12
高雄市,鳳山區,國隆里,687,342407,498,352,164,658,504.13,101.15
高雄市,鳳山區,新富里,1210,739328,611,399,195,801,698.59,114.33
高雄市,鳳山區,大德里,1312,808629,616,440,218,818,619.38,100.49
高雄市,鳳山區,武松里,773,428503,554,384,198,680,599.30,108.11
高雄市,鳳山區,文衡里,1438,1099444,765,512,239,1015,963.70,126.04
高雄市,鳳山區,文福里,3357,2478466,738,497,236,956,847.79,114.83
高雄市,鳳山區,誠信里,628,325311,518,371,176,681,554.53,107.05
高雄市,鳳山區,誠智里,834,444842,533,378,180,709,537.33,100.74
高雄市,鳳山區,國富里,903,596620,661,460,217,908,649.91,98.37
高雄市,鳳山區,武慶里,739,471324,638,419,201,791,742.92,116.48
高雄市,鳳山區,海洋里,1228,826287,673,423,203,867,778.85,115.75
高雄市,鳳山區,新武里,695,417085,600,421,194,764,615.72,102.60
高雄市,鳳山區,新樂里,1448,1016531,702,453,210,857,1331.60,189.68
高雄市,鳳山區,新泰里,1311,921429,703,481,217,947,785.54,111.77
高雄市,鳳山區,中崙里,807,438392,543,391,198,714,542.54,99.87
高雄市,鳳山區,中榮里,1199,591276,493,356,178,623,506.57,102.72
高雄市,鳳山區,中民里,1319,681445,517,381,187,664,525.29,101.67
高雄市,鳳山區,二甲里,1410,841442,597,395,188,763,652.59,109.35
高雄市,鳳山區,龍成里,807,472627,586,410,199,754,627.16,107.09
高雄市,鳳山區,富榮里,806,475939,590,408,209,787,607.60,102.90
高雄市,鳳山區,善美里,1717,988787,576,396,196,735,668.56,116.09
高雄市,鳳山區,南和里,781,456110,584,379,185,739,650.31,111.35
高雄市,鳳山區,福祥里,779,483045,620,392,184,752,772.38,124.56
高雄市,鳳山區,保安里,2350,1822417,775,553,271,1049,754.59,97.30
高雄市,鳥松區,鳥松里,3704,3589222,969,569,246,1147,1363.72,140.73
高雄市,鳥松區,夢裡里,1804,2113961,1172,631,258,1327,1701.32,145.19
高雄市,鳥松區,大華里,3780,4359649,1153,601,262,1296,1759.90,152.59
高雄市,鳥松區,仁美里,1697,999963,589,404,184,742,811.99,137.80
高雄市,鳥松區,坔埔里,1016,699544,689,444,220,836,879.42,127.73
高雄市,鳥松區,大竹里,189,114755,607,389,181,722,726.44,119.64
高雄市,鳥松區,華美里,1135,685254,604,383,174,755,809.53,134.08
高雄市,仁武區,仁武里,1587,948464,598,410,217,746,658.49,110.18
高雄市,仁武區,文武里,2773,1588615,573,406,187,750,593.98,103.68
高雄市,仁武區,竹後里,594,294501,496,360,173,601,656.44,132.40
高雄市,仁武區,八卦里,5770,4004273,694,489,244,915,725.82,104.59
高雄市,仁武區,大灣里,1320,864977,655,424,201,809,853.90,130.31
高雄市,仁武區,灣內里,2538,1748089,689,463,220,889,756.25,109.80
高雄市,仁武區,考潭里,803,462352,576,384,187,744,648.90,112.70
高雄市,仁武區,烏林里,1011,496576,491,350,173,622,517.85,105.43
高雄市,仁武區,仁福里,184,124353,676,394,196,704,946.76,140.09
高雄市,仁武區,高楠里,719,483965,673,452,201,852,756.65,112.41
高雄市,仁武區,後安里,654,310258,474,337,176,616,529.61,111.64
高雄市,仁武區,中華里,405,164466,406,309,158,523,379.57,93.47
高雄市,仁武區,五和里,1564,925912,592,422,225,767,607.29,102.58
高雄市,仁武區,仁和里,1285,898964,700,472,213,915,822.35,117.55
高雄市,仁武區,赤山里,2240,1646715,735,492,243,942,838.95,114.12
高雄市,仁武區,仁慈里,798,730753,916,521,235,1056,1925.84,210.31
高雄市,大社區,大社里,1453,908038,625,418,202,818,680.30,108.86
高雄市,大社區,嘉誠里,192,97405,507,293,150,558,887.63,174.97
高雄市,大社區,保社里,1043,631085,605,395,193,737,851.94,140.80
高雄市,大社區,翠屏里,485,278386,574,395,193,735,607.23,105.79
高雄市,大社區,三奶里,723,407232,563,386,185,724,609.59,108.23
高雄市,大社區,觀音里,1607,921453,573,399,192,738,637.07,111.10
高雄市,大社區,神農里,1443,796569,552,383,189,717,628.66,113.88
高雄市,大社區,中里里,859,444083,517,364,186,657,555.76,107.50
高雄市,大社區,保安里,929,523644,564,393,203,688,646.55,114.70
高雄市,大樹區,大樹里,564,262451,465,351,178,615,444.02,95.42
高雄市,大樹區,九曲里,1358,649466,478,354,169,638,466.06,97.45
高雄市,大樹區,久堂里,1109,590568,533,376,188,673,578.11,108.56
高雄市,大樹區,水安里,651,342936,527,352,167,618,924.80,175.56
高雄市,大樹區,水寮里,559,296579,531,360,185,666,560.99,105.74
高雄市,大樹區,井腳里,329,186624,567,407,216,753,531.62,93.72
高雄市,大樹區,小坪里,343,175492,512,348,152,637,583.10,113.97
高雄市,大樹區,龍目里,358,183044,511,328,159,603,730.66,142.90
高雄市,大樹區,竹寮里,794,396616,500,374,183,636,519.12,103.93
高雄市,大樹區,檨腳里,870,449495,517,366,190,662,517.35,100.13
高雄市,大樹區,興山里,196,95682,488,366,206,582,549.86,112.64
高雄市,大樹區,和山里,212,97330,459,373,191,586,415.15,90.43
高雄市,大樹區,姑山里,219,105926,484,349,174,626,514.47,106.37
高雄市,大樹區,大坑里,346,154724,447,324,163,580,453.55,101.42
高雄市,大樹區,三和里,237,208113,878,391,218,812,1739.36,198.08
高雄市,大樹區,溪埔里,388,233744,602,513,253,814,478.40,79.41
高雄市,大樹區,興田里,396,191713,484,361,148,604,518.80,107.16
高雄市,大樹區,統嶺里,151,76357,506,365,185,696,564.46,111.63
高雄市,大寮區,大寮里,1786,889520,498,354,183,617,567.75,113.99
高雄市,大寮區,義仁里,438,230016,525,372,182,673,561.20,106.87
高雄市,大寮區,新厝里,381,198767,522,369,171,660,526.19,100.86
高雄市,大寮區,會結里,359,179100,499,361,196,699,494.44,99.11
高雄市,大寮區,潮寮里,696,363721,523,346,163,712,542.19,103.75
高雄市,大寮區,拷潭里,367,182255,497,358,203,674,474.89,95.63
高雄市,大寮區,山頂里,2022,1045301,517,357,174,659,566.52,109.59
高雄市,大寮區,三隆里,1221,656867,538,361,172,664,597.86,111.13
高雄市,大寮區,永芳里,1974,1071461,543,383,184,685,635.75,117.13
高雄市,大寮區,昭明里,1035,518291,501,374,184,649,475.60,94.97
高雄市,大寮區,內坑里,1471,739875,503,362,177,620,594.31,118.16
高雄市,大寮區,上寮里,636,356950,561,362,187,648,1558.82,277.74
高雄市,大寮區,會社里,1571,857774,546,376,183,726,554.64,101.58
高雄市,大寮區,後庄里,2222,1211822,545,389,189,714,606.98,111.30
高雄市,大寮區,翁園里,1100,595310,541,405,205,709,525.84,97.16
高雄市,大寮區,琉球里,1259,690644,549,382,185,689,605.82,110.44
高雄市,大寮區,江山里,495,253700,513,360,206,643,497.38,97.04
高雄市,大寮區,溪寮里,380,242425,638,418,196,761,1256.19,196.91
高雄市,大寮區,義和里,580,289038,498,375,177,628,503.49,101.03
高雄市,大寮區,前庄里,677,390132,576,399,183,728,631.24,109.54
高雄市,大寮區,中庄里,3048,1651918,542,387,191,709,540.46,99.72
高雄市,大寮區,過溪里,685,341643,499,340,184,607,540.34,108.34
高雄市,大寮區,忠義里,102,39488,387,252,111,486,450.22,116.30
高雄市,大寮區,光武里,17,6656,392,397,152,631,262.13,66.95
高雄市,大寮區,中興里,1830,938771,513,372,175,656,535.39,104.37
高雄市,林園區,林園里,929,538517,580,405,189,754,604.44,104.27
高雄市,林園區,溪州里,1148,578235,504,365,191,686,458.26,90.98
高雄市,林園區,潭頭里,770,433674,563,363,189,672,1032.41,183.31
高雄市,林園區,中厝里,754,402276,534,386,192,708,525.20,98.44
高雄市,林園區,林內里,489,239684,490,372,192,650,450.03,91.81
高雄市,林園區,王公里,1314,823837,627,472,219,837,575.56,91.80
高雄市,林園區,林家里,354,214110,605,425,186,748,666.78,110.24
高雄市,林園區,龔厝里,592,322226,544,393,198,690,533.68,98.05
高雄市,林園區,中門里,663,372992,563,411,217,721,698.05,124.08
高雄市,林園區,頂厝里,1352,724235,536,385,194,707,520.08,97.09
高雄市,林園區,港嘴里,436,203658,467,355,179,621,422.68,90.49
高雄市,林園區,西溪里,944,463539,491,376,200,637,453.42,92.34
高雄市,林園區,中芸里,457,243183,532,383,195,724,513.89,96.57
高雄市,林園區,鳳芸里,441,255054,578,439,208,830,507.08,87.68
高雄市,林園區,東汕里,209,110684,530,370,187,685,548.70,103.61
高雄市,林園區,西汕里,149,67387,452,333,164,603,435.99,96.40
高雄市,林園區,北汕里,387,199345,515,367,197,671,717.92,139.37
高雄市,林園區,東林里,787,458756,583,443,228,791,533.52,91.53
高雄市,林園區,港埔里,479,254173,531,371,187,612,614.22,115.75
高雄市,林園區,仁愛里,951,582039,612,427,210,793,598.13,97.73
高雄市,林園區,文賢里,664,401097,604,430,217,782,597.04,98.84
高雄市,林園區,廣應里,1018,617374,606,446,226,799,593.15,97.81
高雄市,林園區,五福里,672,320674,477,365,166,640,490.94,102.88
高雄市,林園區,中汕里,500,259321,519,405,189,702,456.05,87.93
高雄市,岡山區,岡山里,1442,901546,625,395,189,744,863.13,138.06
高雄市,岡山區,維仁里,296,177874,601,418,213,716,684.90,113.97
高雄市,岡山區,壽天里,1130,814281,721,442,205,850,1089.35,151.17
高雄市,岡山區,後紅里,1397,843979,604,415,215,764,659.35,109.14
高雄市,岡山區,程香里,1485,917457,618,412,221,802,634.07,102.63
高雄市,岡山區,嘉興里,1090,595687,547,386,197,674,579.77,106.09
高雄市,岡山區,華崗里,501,280077,559,353,188,681,702.81,125.72
高雄市,岡山區,潭底里,211,97289,461,344,164,562,759.36,164.69
高雄市,岡山區,石潭里,557,361247,649,454,203,833,702.08,108.25
高雄市,岡山區,福興里,316,165227,523,362,164,630,737.79,141.10
高雄市,岡山區,忠孝里,927,591428,638,435,221,803,729.83,114.39
高雄市,岡山區,平安里,379,259473,685,442,211,873,783.08,114.38
高雄市,岡山區,前峰里,892,502990,564,356,178,674,912.09,161.75
高雄市,岡山區,後協里,1838,1078007,587,417,222,729,610.46,104.08
高雄市,岡山區,竹圍里,2507,1629205,650,440,212,841,733.11,112.81
高雄市,岡山區,協和里,1227,696267,567,378,184,685,661.50,116.57
高雄市,岡山區,劉厝里,412,256967,624,427,209,762,771.61,123.71
高雄市,岡山區,灣裡里,657,387721,590,419,201,746,670.22,113.57
高雄市,岡山區,白米里,586,314077,536,405,209,680,501.66,93.60
高雄市,岡山區,大遼里,398,225511,567,394,196,725,602.99,106.42
高雄市,岡山區,臺上里,1972,1257477,638,438,214,823,700.21,109.81
高雄市,岡山區,信義里,505,310378,615,462,225,793,571.13,92.93
高雄市,岡山區,大莊里,247,113802,461,339,168,558,588.52,127.73
高雄市,岡山區,嘉峰里,543,287658,530,347,180,651,690.69,130.38
高雄市,岡山區,和平里,125,65522,524,359,140,733,624.52,119.14
高雄市,岡山區,三和里,218,97780,449,326,163,577,476.30,106.19
高雄市,岡山區,本洲里,542,303770,560,369,204,657,672.23,119.94
高雄市,岡山區,仁壽里,1111,755680,680,467,219,827,814.79,119.79
高雄市,岡山區,協榮里,674,401550,596,404,216,710,812.43,136.37
高雄市,岡山區,碧紅里,1351,842203,623,430,222,815,638.02,102.35
高雄市,岡山區,爲隨里,184,84050,457,346,169,605,413.21,90.46
高雄市,岡山區,壽峰里,769,465185,605,420,197,765,662.24,109.47
高雄市,岡山區,仁義里,584,366207,627,448,222,827,690.56,110.13
高雄市,茄萣區,嘉定里,239,113249,474,323,177,583,499.63,105.44
高雄市,茄萣區,嘉安里,462,236285,511,327,172,608,576.56,112.73
高雄市,茄萣區,保定里,740,362462,490,342,173,577,626.11,127.83
高雄市,茄萣區,嘉福里,186,70917,381,278,145,493,412.20,108.11
高雄市,茄萣區,福德里,237,115974,489,304,168,593,571.47,116.78
高雄市,茄萣區,和協里,242,109149,451,324,181,569,472.33,104.72
高雄市,茄萣區,萬福里,184,91196,496,303,176,649,529.11,106.76
高雄市,茄萣區,吉定里,255,124753,489,355,167,600,528.48,108.02
高雄市,茄萣區,白雲里,392,198317,506,321,160,609,526.98,104.16
高雄市,茄萣區,光定里,192,90858,473,329,165,554,539.82,114.08
高雄市,茄萣區,嘉賜里,1001,503703,503,340,192,636,543.43,107.99
高雄市,茄萣區,崎漏里,994,473898,477,347,185,596,476.42,99.93
高雄市,茄萣區,大定里,242,114381,473,313,172,556,531.46,112.44
高雄市,茄萣區,嘉泰里,254,106031,417,306,161,505,458.30,109.79
高雄市,茄萣區,嘉樂里,544,246376,453,306,151,592,479.60,105.89
高雄市,永安區,永安里,399,220156,552,390,188,756,554.90,100.57
高雄市,永安區,新港里,511,257776,504,364,187,637,560.76,111.16
高雄市,永安區,永華里,454,232926,513,343,157,665,524.18,102.17
高雄市,永安區,鹽田里,104,53488,514,399,148,639,539.41,104.88
高雄市,永安區,保寧里,755,389957,516,348,196,618,572.19,110.78
高雄市,永安區,維新里,1073,549444,512,368,181,671,518.18,101.19
高雄市,橋頭區,橋頭里,706,549907,779,536,250,1019,827.64,106.26
高雄市,橋頭區,橋南里,344,206917,602,402,173,812,669.79,111.35
高雄市,橋頭區,仕豐里,821,534828,651,455,232,847,674.33,103.51
高雄市,橋頭區,仕隆里,764,516172,676,461,226,898,735.46,108.86
高雄市,橋頭區,新莊里,1351,1093935,810,581,298,1050,858.89,106.07
高雄市,橋頭區,甲南里,728,388006,533,381,205,660,615.77,115.54
高雄市,橋頭區,甲北里,583,312833,537,385,204,651,627.92,117.02
高雄市,橋頭區,頂鹽里,376,223234,594,395,224,743,624.74,105.23
高雄市,橋頭區,中崎里,168,98536,587,394,205,717,644.23,109.84
高雄市,橋頭區,筆秀里,475,273538,576,374,170,663,958.38,166.42
高雄市,橋頭區,白樹里,1062,661199,623,436,231,782,611.04,98.14
高雄市,橋頭區,德松里,464,326676,704,466,237,870,981.05,139.34
高雄市,橋頭區,東林里,754,455249,604,423,227,759,649.27,107.54
高雄市,橋頭區,西林里,426,235414,553,401,187,741,548.55,99.26
高雄市,橋頭區,芋寮里,362,218073,602,406,230,787,599.19,99.47
高雄市,橋頭區,仕和里,1161,740596,638,417,203,798,1017.40,159.49
高雄市,橋頭區,三德里,209,107044,512,359,211,667,460.50,89.91
高雄市,梓官區,梓義里,572,321184,562,380,198,699,612.80,109.13
高雄市,梓官區,茄苳里,593,284394,480,360,200,618,424.26,88.46
高雄市,梓官區,禮蚵里,503,231657,461,343,172,561,478.73,103.95
高雄市,梓官區,大舍里,1000,512376,512,374,186,644,610.37,119.13
高雄市,梓官區,梓信里,649,367550,566,386,177,687,629.13,111.09
高雄市,梓官區,智蚵里,732,372243,509,363,178,713,498.93,98.11
高雄市,梓官區,赤崁里,457,238153,521,362,200,613,597.70,114.70
高雄市,梓官區,信蚵里,554,267112,482,358,169,629,502.04,104.13
高雄市,梓官區,梓平里,468,275047,588,414,210,753,665.99,113.32
高雄市,梓官區,赤東里,558,255140,457,348,166,576,490.09,107.18
高雄市,梓官區,赤西里,190,83932,442,332,196,601,451.48,102.20
高雄市,梓官區,同安里,307,173635,566,392,202,700,645.88,114.20
高雄市,梓官區,中崙里,361,178345,494,370,188,692,436.36,88.33
高雄市,梓官區,梓和里,670,362131,540,392,212,704,532.11,98.45
高雄市,梓官區,典寶里,862,513894,596,383,194,706,1401.64,235.11
高雄市,梓官區,茄典里,2,1717,858,858,626,1091,657.71,76.62
高雄市,田寮區,南安里,175,76182,435,320,192,593,368.24,84.59
高雄市,田寮區,田寮里,83,41765,503,309,179,550,585.51,116.36
高雄市,田寮區,三和里,51,29445,577,401,225,681,633.09,109.65
高雄市,田寮區,古亭里,58,29316,505,341,169,617,540.70,106.98
高雄市,田寮區,大同里,55,19770,359,281,178,389,329.32,91.62
高雄市,田寮區,七星里,94,46860,499,350,185,645,486.05,97.50
高雄市,田寮區,西德里,123,60653,493,335,158,707,486.67,98.69
高雄市,田寮區,崇德里,183,82560,451,337,184,531,475.89,105.48
高雄市,田寮區,新興里,303,170222,562,380,193,693,599.87,106.78
高雄市,田寮區,鹿埔里,56,18167,324,283,168,468,230.10,70.93
高雄市,阿蓮區,阿蓮里,1436,839680,585,361,181,681,771.60,131.96
高雄市,阿蓮區,崗山里,180,97954,544,357,179,597,632.63,116.25
高雄市,阿蓮區,復安里,432,204731,474,317,167,595,549.09,115.86
高雄市,阿蓮區,清蓮里,700,391822,560,359,176,695,664.40,118.70
高雄市,阿蓮區,港後里,574,313430,546,334,176,641,701.61,128.49
高雄市,阿蓮區,石安里,329,158865,483,342,195,565,532.65,110.31
高雄市,阿蓮區,峰山里,277,130604,471,388,170,622,459.72,97.50
高雄市,阿蓮區,青旗里,380,202982,534,326,173,650,692.39,129.62
高雄市,阿蓮區,和蓮里,585,347719,594,390,205,733,681.65,114.68
高雄市,阿蓮區,玉庫里,268,155190,579,355,197,622,1022.41,176.56
高雄市,阿蓮區,中路里,493,281523,571,374,193,690,665.87,116.61
高雄市,阿蓮區,南蓮里,819,470518,575,399,196,690,755.62,131.53
高雄市,路竹區,竹東里,1179,803547,682,448,230,853,843.10,123.70
高雄市,路竹區,竹西里,720,412324,573,390,192,685,717.73,125.33
高雄市,路竹區,竹滬里,917,503970,550,391,195,707,589.90,107.34
高雄市,路竹區,竹園里,499,245032,491,365,197,642,508.15,103.48
高雄市,路竹區,文南里,782,517996,662,430,202,793,906.55,136.86
高雄市,路竹區,文北里,947,554709,586,396,210,712,671.64,114.66
高雄市,路竹區,甲南里,984,529591,538,377,201,675,563.29,104.66
高雄市,路竹區,甲北里,626,335102,535,394,219,679,496.65,92.78
高雄市,路竹區,下坑里,675,344391,510,367,184,610,636.83,124.82
高雄市,路竹區,頂寮里,295,150308,510,401,211,637,516.95,101.46
高雄市,路竹區,鴨寮里,661,347943,526,375,185,666,536.66,101.95
高雄市,路竹區,社東里,505,280900,556,392,217,692,536.59,96.47
高雄市,路竹區,社西里,710,402754,567,389,204,712,634.53,111.86
高雄市,路竹區,社中里,250,118167,473,334,172,589,461.36,97.61
高雄市,路竹區,北嶺里,405,211892,523,389,190,643,547.19,104.59
高雄市,路竹區,三爺里,277,208488,753,364,172,734,1492.38,198.28
高雄市,路竹區,後鄉里,368,202147,549,390,201,680,649.89,118.31
高雄市,路竹區,新達里,306,158384,518,393,177,648,521.86,100.82
高雄市,路竹區,竹南里,865,660033,763,450,211,934,1225.57,160.62
高雄市,路竹區,社南里,1603,1068659,667,431,217,811,781.91,117.29
高雄市,燕巢區,東燕里,553,268729,486,369,186,638,454.24,93.48
高雄市,燕巢區,西燕里,916,517788,565,389,204,685,818.51,144.80
高雄市,燕巢區,南燕里,1028,593536,577,402,211,726,620.78,107.52
高雄市,燕巢區,尖山里,239,132825,556,354,168,615,916.11,164.84
高雄市,燕巢區,金山里,95,51803,545,374,196,739,508.51,93.26
高雄市,燕巢區,鳳雄里,643,371354,578,414,204,702,658.87,114.08
高雄市,燕巢區,深水里,541,251057,464,328,188,575,478.83,103.18
高雄市,燕巢區,角宿里,738,389760,528,352,188,660,598.39,113.30
高雄市,燕巢區,橫山里,402,217995,542,362,163,665,649.37,119.75
高雄市,燕巢區,瓊林里,606,283716,468,330,159,613,467.27,99.81
高雄市,燕巢區,安招里,919,487179,530,370,178,738,535.88,101.09
高雄市,彌陀區,彌陀里,481,280798,584,391,180,701,830.84,142.32
高雄市,彌陀區,彌仁里,127,64623,509,393,219,700,454.81,89.38
高雄市,彌陀區,彌壽里,183,101738,556,395,207,738,514.54,92.55
高雄市,彌陀區,舊港里,346,151403,438,307,174,548,419.95,95.97
高雄市,彌陀區,過港里,222,105006,473,333,175,557,565.17,119.49
高雄市,彌陀區,漯底里,285,144451,507,339,177,614,539.51,106.45
高雄市,彌陀區,鹽埕里,542,242647,448,323,167,556,476.83,106.51
高雄市,彌陀區,南寮里,461,221464,480,357,182,613,458.31,95.40
高雄市,彌陀區,文安里,433,186101,430,286,162,518,492.32,114.55
高雄市,彌陀區,光和里,359,157767,439,317,145,568,520.90,118.53
高雄市,彌陀區,海尾里,171,73287,429,285,149,525,400.99,93.56
高雄市,彌陀區,彌靖里,504,237226,471,348,160,596,518.48,110.15
高雄市,湖內區,湖內里,1104,556032,504,379,188,660,493.84,98.05
高雄市,湖內區,逸賢里,307,138827,452,312,161,551,536.07,118.55
高雄市,湖內區,中賢里,580,256465,442,313,153,556,464.13,104.96
高雄市,湖內區,文賢里,326,170005,521,384,206,665,532.28,102.07
高雄市,湖內區,太爺里,232,140449,605,385,161,755,711.71,117.56
高雄市,湖內區,大湖里,1209,690941,571,395,177,719,634.19,110.97
高雄市,湖內區,葉厝里,825,468925,568,381,200,739,599.23,105.43
高雄市,湖內區,田尾里,304,195896,644,411,221,741,964.64,149.70
高雄市,湖內區,海埔里,443,196679,444,325,162,570,419.84,94.57
高雄市,湖內區,劉家里,201,88762,442,318,186,508,455.92,103.24
高雄市,湖內區,公舘里,719,413340,575,411,223,736,607.21,105.62
高雄市,湖內區,海山里,265,151266,571,329,182,638,871.99,152.76
高雄市,湖內區,忠興里,164,79587,485,324,185,603,512.82,105.67
高雄市,湖內區,湖東里,845,450413,533,366,197,613,772.79,144.98
高雄市,旗山區,大林里,257,115996,451,331,164,548,474.69,105.17
高雄市,旗山區,中正里,276,124108,450,336,158,582,417.25,92.79
高雄市,旗山區,圓富里,346,175274,507,377,162,671,550.82,108.73
高雄市,旗山區,永和里,836,446558,534,381,200,682,550.29,103.02
高雄市,旗山區,瑞吉里,479,243827,509,368,190,661,495.28,97.30
高雄市,旗山區,竹峰里,343,221887,647,444,215,846,656.51,101.48
高雄市,旗山區,湄洲里,375,210336,561,414,185,703,645.41,115.07
高雄市,旗山區,大德里,648,365250,564,406,215,730,552.30,97.99
高雄市,旗山區,太平里,505,281011,556,369,188,666,655.40,117.78
高雄市,旗山區,東昌里,239,121306,508,372,187,653,510.11,100.50
高雄市,旗山區,東平里,450,260910,580,395,180,758,648.72,111.89
高雄市,旗山區,廣福里,125,71931,575,397,220,699,625.80,108.75
高雄市,旗山區,三協里,483,259001,536,386,185,658,545.49,101.73
高雄市,旗山區,上洲里,195,111931,574,399,217,775,538.81,93.87
高雄市,旗山區,鯤洲里,132,86908,658,423,172,712,1354.12,205.67
高雄市,旗山區,大山里,268,148396,554,382,208,733,535.60,96.73
高雄市,旗山區,中洲里,133,67756,509,394,161,598,521.98,102.46
高雄市,旗山區,南洲里,278,142502,513,402,195,636,530.00,103.40
高雄市,旗山區,新光里,158,84824,537,358,222,671,561.87,104.66
高雄市,旗山區,中寮里,24,10705,446,295,159,572,490.01,109.86
高雄市,旗山區,南勝里,428,215592,504,343,192,598,529.62,105.14
高雄市,六龜區,六龜里,125,77609,621,347,197,606,1778.29,286.42
高雄市,六龜區,義寶里,205,92751,452,323,172,542,484.36,107.05
高雄市,六龜區,中興里,234,134454,575,360,170,611,1189.26,206.98
高雄市,六龜區,興龍里,87,31838,366,263,146,414,470.63,128.60
高雄市,六龜區,新發里,137,60960,445,340,188,579,408.64,91.84
高雄市,六龜區,荖濃里,129,44583,346,259,107,456,364.17,105.37
高雄市,六龜區,寶來里,94,53434,568,413,158,751,596.88,105.00
高雄市,六龜區,新興里,84,48834,581,383,150,774,686.27,118.05
高雄市,六龜區,新威里,115,66422,578,462,275,738,474.82,82.21
高雄市,六龜區,新寮里,86,44234,514,402,216,716,407.28,79.18
高雄市,六龜區,文武里,180,83161,462,367,167,572,443.13,95.91
高雄市,六龜區,大津里,47,25843,550,372,247,588,586.55,106.67
高雄市,內門區,內門里,201,91021,453,333,134,619,428.08,94.53
高雄市,內門區,永富里,161,58010,360,288,122,487,326.78,90.69
高雄市,內門區,永吉里,50,24514,490,351,146,542,512.84,104.60
高雄市,內門區,內南里,58,29614,511,347,171,661,489.20,95.81
高雄市,內門區,永興里,75,29192,389,345,154,518,316.89,81.41
高雄市,內門區,中埔里,86,41157,479,341,202,538,438.76,91.68
高雄市,內門區,東埔里,91,40778,448,278,120,560,651.59,145.41
高雄市,內門區,內豐里,226,87993,389,321,151,536,335.68,86.21
高雄市,內門區,觀亭里,312,148913,477,294,130,615,568.36,119.08
高雄市,內門區,內東里,108,46008,426,339,194,488,381.22,89.49
高雄市,內門區,內興里,67,30572,456,344,162,527,504.92,110.65
高雄市,內門區,木柵里,68,31023,456,336,194,626,400.95,87.88
高雄市,內門區,溝坪里,139,53686,386,276,144,505,399.60,103.46
高雄市,內門區,石坑里,65,27514,423,349,188,541,351.61,83.06
高雄市,內門區,瑞山里,41,20184,492,427,149,767,398.49,80.95
高雄市,內門區,光興里,106,45953,434,313,183,587,409.25,94.40
高雄市,內門區,金竹里,83,37634,453,363,206,528,401.45,88.54
高雄市,內門區,三平里,98,41552,424,393,169,577,339.85,80.15
高雄市,美濃區,泰安里,383,239511,625,431,204,896,617.58,98.76
高雄市,美濃區,瀰濃里,502,317013,631,433,234,807,612.99,97.07
高雄市,美濃區,東門里,240,137573,573,422,212,780,519.78,90.68
高雄市,美濃區,合和里,531,308983,582,396,212,727,722.29,124.13
高雄市,美濃區,中圳里,448,284088,634,467,234,878,556.33,87.73
高雄市,美濃區,福安里,586,363180,620,422,204,789,782.11,126.20
高雄市,美濃區,中壇里,457,249908,547,382,190,681,564.02,103.14
高雄市,美濃區,祿興里,556,303319,546,384,179,687,584.52,107.15
高雄市,美濃區,德興里,313,166963,533,420,221,691,497.80,93.32
高雄市,美濃區,清水里,371,205244,553,426,213,725,528.66,95.56
高雄市,美濃區,吉和里,281,141086,502,392,213,662,437.65,87.17
高雄市,美濃區,吉洋里,329,172310,524,396,226,618,565.12,107.90
高雄市,美濃區,吉東里,351,183654,523,372,172,701,567.07,108.38
高雄市,美濃區,龍肚里,273,159944,586,410,209,766,543.45,92.76
高雄市,美濃區,龍山里,381,234421,615,443,239,799,608.26,98.86
高雄市,美濃區,獅山里,494,259406,525,392,200,657,513.67,97.82
高雄市,美濃區,廣林里,234,119046,509,394,211,628,475.00,93.37
高雄市,美濃區,廣德里,215,106166,494,363,165,644,497.32,100.71
高雄市,美濃區,興隆里,218,118888,545,397,208,671,532.80,97.70
高雄市,杉林區,上平里,266,119732,450,317,144,561,513.96,114.18
高雄市,杉林區,杉林里,87,32340,372,314,183,486,327.79,88.18
高雄市,杉林區,月眉里,293,149523,510,411,198,692,439.88,86.20
高雄市,杉林區,月美里,210,109742,523,366,178,686,539.53,103.24
高雄市,杉林區,新庄里,228,101021,443,297,171,593,424.27,95.76
高雄市,杉林區,集來里,134,54359,406,309,141,533,443.01,109.21
高雄市,杉林區,木梓里,68,31116,458,354,159,520,462.89,101.16
高雄市,杉林區,大愛里,282,110943,393,326,146,499,386.77,98.31
高雄市,甲仙區,東安里,78,45120,578,399,276,680,569.07,98.38
高雄市,甲仙區,西安里,166,89152,537,389,192,705,472.55,87.99
高雄市,甲仙區,和安里,95,51833,546,389,213,665,551.72,101.12
高雄市,甲仙區,關山里,57,25748,452,362,203,612,344.12,76.18
高雄市,甲仙區,小林里,64,26670,417,360,138,613,360.26,86.45
高雄市,甲仙區,大田里,254,93010,366,275,127,497,341.63,93.30
高雄市,甲仙區,寶隆里,81,26717,330,239,131,440,311.91,94.57
高雄市,茂林區,茂林里,156,73948,474,381,189,629,469.73,99.09
高雄市,茂林區,多納里,85,43914,517,456,251,660,419.01,81.10
高雄市,茂林區,萬山里,86,59313,690,471,265,757,945.75,137.13
高雄市,桃源區,桃源里,143,67041,469,413,188,602,395.55,84.37
高雄市,桃源區,寶山里,82,44360,541,448,244,699,431.48,79.76
高雄市,桃源區,建山里,110,50869,462,387,248,580,373.87,80.85
高雄市,桃源區,高中里,119,62015,521,406,221,622,482.46,92.58
高雄市,桃源區,勤和里,44,18748,426,423,243,616,273.38,64.16
高雄市,桃源區,復興里,42,21388,509,440,296,727,353.50,69.42
高雄市,桃源區,拉芙蘭里,51,23276,456,394,191,672,389.75,85.40
高雄市,桃源區,梅山里,30,12197,407,408,250,468,271.49,66.77
高雄市,那瑪夏區,南沙魯里,73,29301,401,397,183,531,295.17,73.54
高雄市,那瑪夏區,瑪雅里,116,74518,642,568,364,830,407.86,63.49
高雄市,那瑪夏區,達卡努瓦里,218,121964,559,442,248,713,471.74,84.32
新北市,新莊區,海山里,1698,1047160,617,384,168,799,706.37,114.54
新北市,新莊區,全安里,1376,971818,706,430,205,870,883.17,125.05
新北市,新莊區,文衡里,701,537031,766,471,222,1002,837.36,109.30
新北市,新莊區,興漢里,1054,734313,697,435,215,854,876.82,125.85
新北市,新莊區,榮和里,959,668913,698,437,206,816,901.44,129.24
新北市,新莊區,文德里,549,421567,768,493,208,908,1098.38,143.04
新北市,新莊區,文明里,550,397752,723,398,180,869,1019.14,140.92
新北市,新莊區,中港里,2018,1350962,669,426,204,819,801.33,119.70
新北市,新莊區,頭前里,3201,3485654,1089,597,262,1320,1924.59,176.74
新北市,新莊區,丹鳳里,2722,1693497,622,419,201,795,859.27,138.11
新北市,新莊區,西盛里,4052,2711401,669,457,230,866,736.96,110.13
新北市,新莊區,瓊林里,1625,936186,576,384,189,688,663.77,115.22
新北市,新莊區,營盤里,764,469041,614,389,197,808,681.82,111.06
新北市,新莊區,後港里,2290,1341756,586,381,192,718,718.55,122.64
新北市,新莊區,國泰里,488,275593,565,373,158,669,759.84,134.55
新北市,新莊區,立人里,690,637351,924,514,231,1168,1282.89,138.89
新北市,新莊區,恆安里,1362,943452,693,437,211,860,888.88,128.32
新北市,新莊區,思源里,1658,1042443,629,392,196,794,800.54,127.33
新北市,新莊區,化成里,1336,1001238,749,439,206,924,974.65,130.05
新北市,新莊區,福基里,1810,1809004,999,557,245,1183,1401.04,140.18
新北市,新莊區,思賢里,1303,867358,666,409,194,821,853.79,128.26
新北市,新莊區,中美里,1712,1129337,660,440,210,823,727.82,110.33
新北市,新莊區,中和里,1359,835594,615,374,185,732,858.48,139.62
新北市,新莊區,中泰里,1277,674645,528,355,167,687,570.13,107.92
新北市,新莊區,立言里,1649,1073225,651,415,203,814,727.61,111.80
新北市,新莊區,立功里,984,522763,531,373,175,668,612.86,115.36
新北市,新莊區,立德里,856,635465,742,453,207,951,961.50,129.52
新北市,新莊區,豐年里,1142,618504,542,350,190,647,625.69,115.53
新北市,新莊區,忠孝里,1532,990973,647,400,187,806,799.58,123.61
新北市,新莊區,立志里,1140,684883,601,391,203,727,715.77,119.14
新北市,新莊區,中誠里,621,370156,596,395,195,695,701.92,117.76
新北市,新莊區,自立里,1482,866177,584,370,177,729,675.84,115.63
新北市,新莊區,自強里,644,290041,450,323,156,579,464.50,103.14
新北市,新莊區,幸福里,1210,618074,511,346,179,645,605.93,118.62
新北市,新莊區,仁愛里,726,351329,484,348,180,593,518.71,107.19
新北市,新莊區,信義里,1617,978752,605,379,196,757,731.21,120.80
新北市,新莊區,龍鳳里,3278,2577394,786,524,250,1044,842.83,107.19
新北市,新莊區,民安里,1847,1086238,588,396,196,729,653.39,111.10
新北市,新莊區,光華里,2101,1181949,563,381,189,692,673.57,119.73
新北市,新莊區,富國里,699,346212,495,358,184,644,510.74,103.12
新北市,新莊區,裕民里,1897,1076580,568,360,183,680,736.03,129.69
新北市,新莊區,南港里,1639,891767,544,361,193,659,610.39,112.18
新北市,新莊區,萬安里,1159,569309,491,348,170,634,514.04,104.65
新北市,新莊區,八德里,890,466526,524,357,204,653,638.56,121.82
新北市,新莊區,民本里,801,358124,447,349,171,582,463.39,103.65
新北市,新莊區,光榮里,1246,702117,563,387,196,713,647.57,114.92
新北市,新莊區,光明里,1430,812690,568,378,197,715,634.51,111.65
新北市,新莊區,合鳳里,1250,619015,495,345,177,625,533.17,107.66
新北市,新莊區,雙鳳里,3667,2803470,765,496,237,984,908.68,118.86
新北市,新莊區,和平里,1522,826840,543,379,191,707,553.26,101.84
新北市,新莊區,自信里,743,474236,638,371,190,754,1045.60,163.82
新北市,新莊區,全泰里,1667,1273607,764,475,228,950,870.27,113.91
新北市,新莊區,立泰里,1559,1042659,669,433,206,888,754.25,112.78
新北市,新莊區,立基里,2044,1546516,757,448,222,952,956.38,126.40
新北市,新莊區,中宏里,1174,699147,596,399,204,759,658.39,110.56
新北市,新莊區,中全里,1011,515834,510,356,166,644,563.72,110.49
新北市,新莊區,中華里,923,781451,847,503,225,1067,1159.23,136.92
新北市,新莊區,中隆里,1558,1188302,763,467,213,978,952.31,124.86
新北市,新莊區,中原里,4032,3481573,863,495,225,1085,1121.03,129.83
新北市,新莊區,中信里,2635,1793735,681,454,219,874,734.08,107.84
新北市,新莊區,仁義里,1040,538855,518,349,174,661,575.27,111.03
新北市,新莊區,建福里,836,420416,503,358,194,670,534.23,106.23
新北市,新莊區,四維里,1255,632643,504,349,171,639,579.18,114.90
新北市,新莊區,文聖里,1168,904209,774,498,226,981,922.07,119.11
新北市,新莊區,福營里,880,535182,608,379,199,704,813.84,133.82
新北市,新莊區,後德里,1062,706079,665,442,214,810,853.09,128.31
新北市,新莊區,建安里,2164,1334763,617,399,192,809,687.32,111.43
新北市,新莊區,龍安里,654,340377,520,349,171,608,706.77,135.80
新北市,新莊區,昌平里,2701,2734147,1012,604,272,1262,1320.47,130.45
新北市,新莊區,昌明里,1116,697453,625,374,189,780,757.83,121.26
新北市,新莊區,成德里,1501,803116,535,377,188,670,582.51,108.87
新北市,新莊區,福興里,1871,1201179,642,394,191,782,779.67,121.44
新北市,新莊區,昌信里,1222,912629,747,485,219,1017,808.91,108.31
新北市,新莊區,昌隆里,1454,1029818,708,459,213,904,813.18,114.81
新北市,新莊區,中平里,2847,2309917,811,515,242,1057,993.73,122.48
新北市,新莊區,立廷里,3909,3653568,935,616,270,1228,1128.82,120.77
新北市,新莊區,泰豐里,735,445746,606,388,193,748,736.52,121.45
新北市,新莊區,富民里,1202,634990,528,386,194,685,515.02,97.49
新北市,新莊區,龍福里,694,391208,564,387,199,750,565.66,100.35
新北市,新莊區,祥鳳里,729,392393,538,392,180,672,574.98,106.82
新北市,新莊區,民全里,1200,699621,583,396,197,702,684.24,117.36
新北市,新莊區,民有里,1243,699748,563,386,185,730,617.36,109.67
新北市,新莊區,光正里,1325,769873,581,390,191,737,717.49,123.49
新北市,新莊區,光和里,765,359754,470,364,173,590,526.68,112.00
新北市,林口區,東林里,1218,660707,542,368,199,613,763.50,140.75
新北市,林口區,林口里,1614,996605,617,376,187,751,796.31,128.96
新北市,林口區,西林里,3304,3045576,922,511,235,1110,1339.34,145.30
新北市,林口區,湖北里,441,277488,629,382,201,792,781.12,124.14
新北市,林口區,菁湖里,1405,1206406,859,494,212,1043,1158.09,134.87
新北市,林口區,湖南里,7983,8750835,1096,699,320,1411,1530.86,139.65
新北市,林口區,南勢里,8014,10366912,1294,814,339,1651,2523.33,195.06
新北市,林口區,頂福里,290,152760,527,349,193,666,577.83,109.70
新北市,林口區,下福里,385,212489,552,368,209,677,725.92,131.53
新北市,林口區,嘉寶里,256,124335,486,334,180,591,569.30,117.22
新北市,林口區,瑞平里,211,108728,515,340,188,591,680.39,132.04
新北市,林口區,太平里,431,228299,530,348,193,632,603.33,113.90
新北市,林口區,中湖里,1368,1033700,756,497,243,970,917.64,121.44
新北市,林口區,東勢里,2184,1644538,753,445,211,895,999.14,132.69
新北市,林口區,仁愛里,2350,2529409,1076,616,276,1370,1517.22,140.96
新北市,林口區,麗林里,2846,2845050,1000,590,260,1270,1220.94,122.13
新北市,林口區,麗園里,1322,1052483,796,425,207,871,1429.84,179.60
新北市,五股區,興珍里,1559,936755,601,361,174,726,1017.67,169.37
新北市,五股區,更寮里,310,175175,565,403,185,658,673.43,119.17
新北市,五股區,集福里,1063,548121,516,383,183,665,517.65,100.39
新北市,五股區,觀音里,292,154892,530,377,199,695,508.34,95.83
新北市,五股區,成州里,1578,817774,518,350,167,648,645.31,124.52
新北市,五股區,五股里,1141,664963,583,355,174,669,787.92,135.20
新北市,五股區,五龍里,345,184179,534,344,183,597,732.62,137.23
新北市,五股區,德音里,1630,1185645,727,411,210,853,1217.73,167.41
新北市,五股區,貿商里,847,534517,631,422,211,764,729.59,115.61
新北市,五股區,陸一里,645,383157,594,370,174,743,754.02,126.93
新北市,五股區,成功里,2005,1092711,545,396,196,714,548.37,100.62
新北市,五股區,五福里,1025,489596,478,335,170,577,589.42,123.40
新北市,五股區,成德里,909,492509,542,379,196,676,649.57,119.89
新北市,五股區,德泰里,1345,871667,648,390,184,733,2251.36,347.39
新北市,五股區,六福里,1130,591151,523,359,182,638,586.13,112.04
新北市,五股區,集賢里,1106,522246,472,360,206,619,422.09,89.39
新北市,五股區,民義里,1037,600271,579,381,207,724,676.11,116.80
新北市,五股區,成泰里,3272,2228084,681,463,221,901,776.92,114.09
新北市,五股區,水碓里,2370,1400048,591,388,192,736,735.20,124.45
新北市,五股區,福德里,1001,579335,579,398,186,777,637.51,110.15
新北市,蘆洲區,樓厝里,1976,1288607,652,418,205,813,744.18,114.12
新北市,蘆洲區,保和里,719,417776,581,393,184,739,612.85,105.47
新北市,蘆洲區,得勝里,915,497992,544,364,186,678,659.74,121.22
新北市,蘆洲區,仁復里,573,378875,661,388,167,775,1034.12,156.40
新北市,蘆洲區,溪墘里,895,494231,552,367,181,700,696.75,126.17
新北市,蘆洲區,中路里,1198,668028,558,376,198,705,620.34,111.25
新北市,蘆洲區,正義里,4429,4378923,989,630,282,1316,1249.77,126.41
新北市,蘆洲區,水湳里,3192,2138226,670,430,207,853,754.95,112.70
新北市,蘆洲區,保佑里,1079,602356,558,364,193,699,607.85,108.88
新北市,蘆洲區,樹德里,963,582516,605,392,194,733,846.65,139.97
新北市,蘆洲區,中原里,1731,1215787,702,417,206,860,956.51,136.18
新北市,蘆洲區,恆德里,1847,1293513,700,417,205,864,866.77,123.77
新北市,蘆洲區,光華里,1539,966779,628,417,204,794,746.44,118.82
新北市,蘆洲區,鷺江里,1614,1100729,682,420,214,809,1055.26,154.73
新北市,蘆洲區,南港里,1656,979437,591,378,195,736,706.58,119.47
新北市,蘆洲區,永樂里,1812,1114725,615,384,197,772,730.82,118.80
新北市,蘆洲區,永康里,1979,1132544,572,390,193,754,627.57,109.66
新北市,蘆洲區,信義里,1102,608122,552,374,189,680,617.23,111.85
新北市,蘆洲區,玉清里,1774,1277862,720,442,206,840,1021.29,141.78
新北市,蘆洲區,復興里,964,502823,522,374,187,643,571.70,109.60
新北市,蘆洲區,水河里,2777,1568525,565,383,197,723,632.35,111.95
新北市,蘆洲區,仁愛里,1593,934073,586,388,199,741,655.46,111.79
新北市,蘆洲區,忠義里,916,554473,605,379,195,706,1124.07,185.70
新北市,蘆洲區,九芎里,1558,862979,554,371,185,705,650.21,117.39
新北市,蘆洲區,中華里,940,594963,633,384,197,744,876.23,138.44
新北市,蘆洲區,得仁里,932,507746,545,363,186,657,666.88,122.41
新北市,蘆洲區,仁德里,1634,986849,604,388,195,737,748.73,123.97
新北市,蘆洲區,仁義里,1288,952819,740,436,211,873,943.27,127.51
新北市,蘆洲區,光明里,1360,848844,624,410,206,807,689.90,110.53
新北市,蘆洲區,保新里,1036,678191,655,398,190,798,780.44,119.22
新北市,蘆洲區,長安里,1372,680275,496,342,177,620,535.33,107.97
新北市,蘆洲區,民和里,752,408876,544,365,183,651,639.10,117.54
新北市,蘆洲區,忠孝里,718,404922,564,402,192,695,613.46,108.78
新北市,蘆洲區,福安里,982,573462,584,383,180,733,750.91,128.59
新北市,蘆洲區,永安里,1529,862383,564,387,187,730,692.04,122.70
新北市,蘆洲區,延平里,1141,661369,580,406,200,731,674.69,116.40
新北市,蘆洲區,成功里,2177,1271815,584,386,206,721,684.41,117.15
新北市,蘆洲區,永德里,1340,726788,542,371,183,667,845.46,155.88
新北市,三重區,二重里,451,209824,465,339,197,599,420.38,90.36
新北市,三重區,五谷里,642,403184,628,424,215,776,797.09,126.92
新北市,三重區,德厚里,103,58990,573,367,182,664,699.58,122.15
新北市,三重區,福祉里,1865,1404764,753,466,221,968,848.24,112.61
新北市,三重區,過田里,2093,1473493,704,421,199,855,985.25,139.95
新北市,三重區,溪美里,2556,1690395,661,425,210,842,761.15,115.09
新北市,三重區,厚德里,1076,761733,708,433,215,866,917.97,129.67
新北市,三重區,慈化里,696,384188,552,387,188,717,567.84,102.87
新北市,三重區,永安里,1137,696972,613,406,200,808,649.41,105.94
新北市,三重區,六合里,1059,593125,560,378,188,717,629.63,112.42
新北市,三重區,福利里,760,604110,795,515,257,1040,886.81,111.57
新北市,三重區,永興里,431,273287,634,414,206,796,695.50,109.69
新北市,三重區,清和里,1341,989495,738,460,196,944,864.40,117.15
新北市,三重區,仁德里,558,308246,552,366,165,715,655.44,118.65
新北市,三重區,開元里,479,339693,709,477,238,894,828.88,116.88
新北市,三重區,大德里,249,138907,558,343,200,743,574.31,102.95
新北市,三重區,錦通里,380,187469,493,337,178,647,513.49,104.09
新北市,三重區,光華里,686,472675,689,425,198,873,924.53,134.18
新北市,三重區,光榮里,467,321807,689,432,206,840,859.09,124.67
新北市,三重區,大園里,751,538119,717,414,198,883,1117.65,155.98
新北市,三重區,長生里,254,162154,638,397,178,823,825.00,129.23
新北市,三重區,長安里,607,349784,576,372,191,668,744.24,129.15
新北市,三重區,同安里,342,164927,482,338,195,603,468.47,97.14
新北市,三重區,光明里,2384,1851350,777,456,209,903,1152.39,148.39
新北市,三重區,菜寮里,631,371164,588,391,208,757,646.54,109.92
新北市,三重區,大同里,653,439012,672,423,190,839,795.52,118.33
新北市,三重區,長泰里,601,348442,580,370,197,705,751.16,129.56
新北市,三重區,長元里,671,354179,528,375,172,687,545.68,103.38
新北市,三重區,介壽里,353,203160,576,368,177,659,670.52,116.51
新北市,三重區,三安里,773,464670,601,399,198,768,693.34,115.34
新北市,三重區,文化里,696,444536,639,362,196,753,1120.02,175.36
新北市,三重區,正義里,574,379300,661,377,192,790,991.44,150.04
新北市,三重區,中正里,398,229367,576,388,185,732,751.34,130.37
新北市,三重區,仁義里,343,215468,628,342,165,639,1088.19,173.23
新北市,三重區,長江里,594,414174,697,421,207,802,1003.72,143.95
新北市,三重區,錦江里,604,310285,514,349,177,627,673.80,131.16
新北市,三重區,龍門里,513,307347,599,373,185,755,760.79,126.98
新北市,三重區,大安里,407,214268,526,354,169,711,530.41,100.75
新北市,三重區,光正里,895,874336,977,578,247,1289,1147.05,117.42
新北市,三重區,重新里,438,242226,553,376,187,662,663.20,119.92
新北市,三重區,民生里,1168,627221,537,355,177,670,599.92,111.72
新北市,三重區,中山里,922,714701,775,408,208,937,1070.33,138.08
新北市,三重區,國隆里,801,517651,646,415,211,818,711.17,110.04
新北市,三重區,重陽里,1042,583797,560,388,189,717,614.75,109.72
新北市,三重區,幸福里,1339,782204,584,365,174,699,733.83,125.62
新北市,三重區,福安里,894,552273,618,409,202,745,746.86,120.90
新北市,三重區,信安里,648,432181,667,418,217,847,752.98,112.90
新北市,三重區,安慶里,583,305496,524,347,180,666,630.75,120.37
新北市,三重區,順德里,588,289585,492,341,158,616,572.02,116.15
新北市,三重區,承德里,457,286396,627,433,193,779,758.53,121.04
新北市,三重區,瑞德里,612,318490,520,346,173,659,566.75,108.91
新北市,三重區,崇德里,1030,574275,558,387,196,701,576.90,103.47
新北市,三重區,尚德里,850,483313,569,356,186,710,720.81,126.77
新北市,三重區,培德里,1135,759093,669,418,215,771,885.64,132.42
新北市,三重區,自強里,510,283478,556,365,184,709,599.25,107.81
新北市,三重區,大有里,1740,1012276,582,393,201,751,660.61,113.55
新北市,三重區,頂崁里,814,529999,651,376,182,816,934.09,143.46
新北市,三重區,谷王里,281,180534,642,429,234,806,704.51,109.66
新北市,三重區,中興里,1362,928016,681,408,196,842,876.68,128.67
新北市,三重區,成功里,2103,1749317,832,519,242,1080,1038.64,124.86
新北市,三重區,重明里,1151,1000329,869,475,235,1091,1321.35,152.04
新北市,三重區,光田里,1385,992687,717,462,214,859,977.93,136.44
新北市,三重區,田心里,1172,638522,545,370,181,701,586.18,107.59
新北市,三重區,福隆里,1403,922694,658,424,212,834,732.88,111.44
新北市,三重區,五常里,1184,639598,540,372,195,660,587.57,108.77
新北市,三重區,慈生里,602,312285,519,347,192,648,644.15,124.17
新北市,三重區,碧華里,2878,3020409,1049,617,261,1322,1677.25,159.82
新北市,三重區,永德里,1312,719755,549,368,189,707,607.99,110.83
新北市,三重區,永福里,1490,849954,570,384,193,703,633.50,111.05
新北市,三重區,福星里,386,263852,684,417,203,814,875.06,128.02
新北市,三重區,錦安里,502,286808,571,367,193,730,703.19,123.08
新北市,三重區,光輝里,439,268115,611,371,201,686,884.14,144.77
新北市,三重區,同慶里,529,348947,660,413,189,840,767.60,116.37
新北市,三重區,永春里,563,351982,625,409,213,754,777.78,124.41
新北市,三重區,中民里,340,164272,483,343,160,622,533.28,110.37
新北市,三重區,長福里,453,254814,563,369,181,767,564.04,100.27
新北市,三重區,奕壽里,527,326161,619,377,192,748,831.40,134.34
新北市,三重區,萬壽里,560,345455,617,404,226,806,630.93,102.28
新北市,三重區,中央里,481,280229,583,372,190,708,669.85,114.98
新北市,三重區,雙園里,289,164945,571,380,195,664,670.87,117.54
新北市,三重區,正安里,588,341784,581,366,186,709,672.32,115.66
新北市,三重區,吉利里,392,211799,540,393,195,688,587.44,108.72
新北市,三重區,忠孝里,531,309300,582,368,190,720,673.26,115.58
新北市,三重區,秀江里,357,203293,569,400,176,726,628.05,110.29
新北市,三重區,龍濱里,937,573221,612,367,190,703,775.97,126.84
新北市,三重區,平和里,377,175330,465,285,156,588,557.36,119.85
新北市,三重區,正德里,304,170644,561,380,175,719,655.19,116.72
新北市,三重區,五福里,1130,914800,810,477,241,1042,1038.88,128.33
新北市,三重區,富華里,1012,685451,677,424,215,871,891.30,131.59
新北市,三重區,田安里,1853,1182066,638,412,207,811,741.04,116.16
新北市,三重區,慈惠里,607,370310,610,392,218,744,894.63,146.64
新北市,三重區,慈福里,568,281307,495,347,182,665,488.65,98.67
新北市,三重區,永盛里,852,452230,531,363,191,667,567.26,106.87
新北市,三重區,福民里,1027,580160,565,372,188,737,600.15,106.24
新北市,三重區,田中里,1888,1204859,638,425,217,817,700.30,109.74
新北市,三重區,永清里,1557,874523,562,390,191,712,640.17,113.98
新北市,三重區,維德里,799,470924,589,383,198,724,1056.40,179.24
新北市,三重區,五華里,1592,1376124,864,456,227,1012,1271.54,147.10
新北市,三重區,永煇里,696,360888,519,358,174,652,581.31,112.11
新北市,三重區,三民里,967,666360,689,446,225,900,846.21,122.80
新北市,三重區,錦田里,643,439916,684,400,198,826,1158.12,169.28
新北市,三重區,慈祐里,1392,891810,641,413,209,789,764.54,119.33
新北市,三重區,六福里,1634,951778,582,396,193,741,672.63,115.48
新北市,三重區,光陽里,2153,1622841,754,460,227,896,1008.15,133.75
新北市,三重區,福田里,1100,641620,583,383,200,737,699.87,119.99
新北市,三重區,富福里,548,287799,525,362,184,653,594.53,113.20
新北市,三重區,仁忠里,795,396142,498,357,184,696,473.36,95.00
新北市,三重區,富貴里,2122,2260385,1065,573,252,1283,1480.07,138.95
新北市,三重區,慈愛里,897,427428,477,350,178,624,471.13,98.87
新北市,三重區,福德里,1288,928784,721,391,188,830,1238.78,171.79
新北市,三重區,永豐里,1657,936488,565,378,196,732,590.06,104.40
新北市,三重區,博愛里,1380,832128,603,381,192,692,1348.52,223.64
新北市,三重區,永吉里,875,521378,596,402,198,723,767.13,128.74
新北市,三重區,永順里,1426,747431,524,349,179,655,602.10,114.87
新北市,三重區,永發里,1965,1289906,656,417,204,844,762.82,116.21
新北市,三重區,立德里,993,605080,609,354,178,756,770.12,126.39
新北市,三重區,福樂里,1023,636856,623,377,201,699,1512.63,242.98
新北市,三重區,仁華里,1266,814725,644,412,194,842,699.25,108.66
新北市,三重區,五順里,1070,560649,524,374,192,671,517.65,98.79
新北市,泰山區,黎明里,1068,600912,563,377,180,731,645.61,114.74
新北市,泰山區,大科里,257,161677,629,436,204,971,597.17,94.92
新北市,泰山區,山腳里,1968,1135456,577,390,190,753,649.98,112.66
新北市,泰山區,楓樹里,1335,907679,680,435,204,858,833.10,122.53
新北市,泰山區,同榮里,1243,738640,594,393,189,813,641.59,107.97
新北市,泰山區,義學里,1436,851538,593,421,191,798,674.10,113.68
新北市,泰山區,明志里,1148,724525,631,392,196,712,956.54,151.56
新北市,泰山區,貴子里,1299,883638,680,453,201,878,762.26,112.06
新北市,泰山區,貴和里,1642,992465,604,417,204,787,641.24,106.09
新北市,泰山區,福泰里,792,404370,511,336,175,636,594.35,116.41
新北市,泰山區,同興里,1160,846703,730,458,200,993,863.16,118.25
新北市,泰山區,義仁里,2736,1996223,730,471,228,970,793.05,108.69
新北市,泰山區,泰友里,639,365023,571,380,190,724,618.77,108.32
新北市,泰山區,新明里,949,505685,533,360,179,679,554.47,104.06
新北市,泰山區,貴賢里,1280,932212,728,432,231,900,1013.27,139.13
新北市,泰山區,福興里,1140,830014,728,485,224,985,767.15,105.37
新北市,泰山區,全興里,2978,2627550,882,616,282,1187,932.57,105.70
新北市,新店區,張北里,3061,3142060,1026,573,255,1256,1359.46,132.44
新北市,新店區,張南里,738,732336,992,578,243,1244,1382.70,139.34
新北市,新店區,廣明里,297,240754,811,464,238,917,1183.47,146.00
新北市,新店區,江陵里,2069,2374696,1148,575,260,1344,1864.05,162.41
新北市,新店區,百忍里,1268,950248,749,478,229,931,897.22,119.72
新北市,新店區,青潭里,1692,1107496,655,447,218,861,676.92,103.42
新北市,新店區,員潭里,1573,1049487,667,451,230,873,738.94,110.75
新北市,新店區,雙坑里,154,68407,444,311,183,576,465.96,104.90
新北市,新店區,粗坑里,992,808733,815,438,205,1044,1218.95,149.52
新北市,新店區,屈尺里,624,341669,548,368,184,677,610.69,111.53
新北市,新店區,廣興里,305,185383,608,362,185,693,774.94,127.50
新北市,新店區,龜山里,423,243477,576,356,171,671,862.30,149.81
新北市,新店區,直潭里,342,295573,864,414,203,853,2062.98,238.70
新北市,新店區,塗潭里,197,102612,521,315,161,517,849.48,163.09
新北市,新店區,公崙里,4219,3354202,795,507,242,1025,941.03,118.37
新北市,新店區,柴埕里,2870,2039897,711,466,207,930,819.01,115.23
新北市,新店區,雙城里,1524,830049,545,378,182,685,622.53,114.30
新北市,新店區,頂城里,383,223215,583,388,183,717,652.34,111.93
新北市,新店區,下城里,1032,2082946,2018,641,274,1803,6055.42,300.02
新北市,新店區,文中里,602,551529,916,536,240,1096,1272.97,138.95
新北市,新店區,國校里,826,639405,774,476,216,1020,940.27,121.47
新北市,新店區,新生里,2051,1917533,935,538,233,1120,1329.53,142.21
新北市,新店區,中興里,1814,1497134,825,513,232,1043,986.58,119.54
新北市,新店區,新安里,1594,1316086,826,469,222,993,1621.14,196.35
新北市,新店區,文明里,803,703275,876,472,206,1039,1341.76,153.20
新北市,新店區,寶興里,2014,2558755,1270,612,253,1379,2481.15,195.29
新北市,新店區,寶安里,1986,1692745,852,485,239,1018,1212.51,142.26
新北市,新店區,信義里,2376,2297627,967,497,231,1147,1537.66,159.01
新北市,新店區,忠孝里,902,709227,786,471,220,881,1779.91,226.37
新北市,新店區,大鵬里,960,864270,900,567,261,1165,1177.12,130.75
新北市,新店區,大豐里,1312,1035000,789,481,223,986,967.96,122.70
新北市,新店區,明德里,1453,1282232,882,509,236,1065,1400.26,158.67
新北市,新店區,中山里,1722,2537446,1474,840,328,1775,3309.37,224.59
新北市,新店區,和平里,180,89917,500,367,165,636,528.83,105.86
新北市,新店區,仁愛里,717,561202,783,485,218,963,985.85,125.95
新北市,新店區,中正里,1997,1712612,858,518,254,1029,1227.18,143.10
新北市,新店區,美潭里,1696,1201150,708,433,199,907,925.63,130.70
新北市,新店區,德安里,1784,1056353,592,395,198,744,679.00,114.67
新北市,新店區,太平里,1013,756486,747,445,208,940,945.98,126.68
新北市,新店區,中央里,2292,2833653,1236,682,279,1575,1700.00,137.50
新北市,新店區,百和里,1103,874945,793,483,212,1049,959.48,120.96
新北市,新店區,福德里,1264,950433,752,453,222,954,1011.77,134.56
新北市,新店區,福民里,1417,1251880,883,551,260,1140,1117.79,126.52
新北市,新店區,百福里,1317,1204319,914,514,244,1145,1206.36,131.92
新北市,新店區,國豐里,1112,876712,788,489,241,982,1283.37,162.78
新北市,新店區,新德里,929,729684,785,464,211,910,1064.56,135.54
新北市,新店區,五峰里,2854,3017697,1057,511,225,1131,3350.23,316.85
新北市,新店區,中華里,1454,1464441,1007,533,234,1224,1594.62,158.33
新北市,新店區,忠誠里,887,753883,850,511,225,1087,1264.91,148.83
新北市,新店區,永安里,1550,873162,563,387,210,691,612.14,108.66
新北市,新店區,新店里,563,392478,697,392,182,898,888.25,127.42
新北市,新店區,大同里,1440,1272848,884,492,218,1063,1463.40,165.56
新北市,新店區,玫瑰里,1873,1048910,560,377,186,701,815.11,145.55
新北市,新店區,日興里,1562,774246,496,351,171,639,559.74,112.92
新北市,新店區,寶福里,2454,2373545,967,531,230,1149,1399.37,144.68
新北市,新店區,安和里,2480,1894031,764,472,217,970,958.41,125.49
新北市,新店區,明城里,1156,1022076,884,511,229,1099,1251.11,141.51
新北市,新店區,吉祥里,1535,1034390,674,444,210,796,873.68,129.65
新北市,新店區,小城里,1234,1018882,826,479,226,970,1294.23,156.75
新北市,新店區,香坡里,3479,3059638,879,511,236,1063,1614.43,183.57
新北市,新店區,建國里,1019,798579,784,503,199,981,1035.59,132.14
新北市,新店區,復興里,1093,765453,700,434,206,925,860.50,122.87
新北市,新店區,美城里,822,446653,543,359,176,671,621.27,114.34
新北市,新店區,安昌里,1826,1374204,753,491,235,993,844.64,112.23
新北市,新店區,長春里,967,1320666,1366,651,262,1486,6368.73,466.32
新北市,新店區,新和里,1357,828132,610,402,188,783,678.92,111.25
新北市,新店區,永平里,1759,1167743,664,428,198,845,799.25,120.39
新北市,新店區,達觀里,1403,997775,711,457,211,939,790.72,111.19
新北市,新店區,華城里,1047,1877234,1793,974,332,2121,2829.32,157.80
新北市,石碇區,石碇里,115,54591,475,321,167,564,501.94,105.74
新北市,石碇區,潭邊里,192,128028,667,357,174,658,1220.27,183.00
新北市,石碇區,烏塗里,158,79132,501,330,154,664,571.35,114.08
新北市,石碇區,豐林里,85,40884,481,324,147,616,558.97,116.21
新北市,石碇區,隆盛里,179,100501,561,357,203,689,600.58,106.97
新北市,石碇區,中民里,191,86688,454,340,183,582,395.95,87.24
新北市,石碇區,永定里,121,54672,452,298,146,486,621.46,137.54
新北市,石碇區,光明里,51,36236,711,334,160,733,972.21,136.83
新北市,石碇區,彭山里,66,24050,364,307,186,456,282.52,77.53
新北市,石碇區,豐田里,91,59019,649,406,196,714,757.96,116.87
新北市,石碇區,格頭里,233,123422,530,357,176,649,614.22,115.95
新北市,石碇區,永安里,207,97944,473,319,170,563,511.27,108.05
新北市,石碇區,碧山里,0,0,0,0,0,0,0.00,0.00
新北市,深坑區,深坑里,1002,642844,642,415,199,857,699.51,109.03
新北市,深坑區,萬順里,803,494685,616,397,193,774,728.04,118.18
新北市,深坑區,阿柔里,161,78873,490,379,200,606,474.47,96.85
新北市,深坑區,昇高里,585,376546,644,392,224,811,732.02,113.73
新北市,深坑區,土庫里,886,525365,593,375,200,703,776.51,130.95
新北市,深坑區,埔新里,1904,1301269,683,425,209,879,782.80,114.54
新北市,深坑區,萬福里,792,556134,702,401,201,812,1093.79,155.77
新北市,深坑區,賴仲里,711,499227,702,464,224,913,771.75,109.91
新北市,坪林區,坪林里,381,197799,519,364,200,652,603.30,116.21
新北市,坪林區,水德里,138,69206,501,404,237,678,381.17,76.01
新北市,坪林區,大林里,271,150793,556,367,146,661,846.51,152.13
新北市,坪林區,上德里,180,102665,570,302,164,560,1447.15,253.72
新北市,坪林區,漁光里,152,80190,528,407,175,669,492.74,93.40
新北市,坪林區,石𥕢里,90,56141,624,347,214,661,1028.61,164.90
新北市,坪林區,粗窟里,205,132620,647,404,211,657,1030.06,159.22
新北市,烏來區,烏來里,644,399223,620,445,216,810,692.14,111.65
新北市,烏來區,忠治里,409,215677,527,388,191,680,519.53,98.52
新北市,烏來區,孝義里,63,32321,513,380,200,800,483.04,94.15
新北市,烏來區,信賢里,124,67620,545,434,227,676,475.73,87.24
新北市,烏來區,福山里,122,57281,470,342,177,612,443.60,94.48
新北市,板橋區,留侯里,453,308814,682,436,194,888,826.47,121.24
新北市,板橋區,流芳里,467,372701,798,461,226,1011,1062.05,133.08
新北市,板橋區,赤松里,307,273098,890,542,263,1113,1072.97,120.62
新北市,板橋區,黃石里,353,310211,879,508,243,1049,1222.53,139.12
新北市,板橋區,挹秀里,682,782274,1147,564,262,1254,2996.95,261.28
新北市,板橋區,社後里,1905,1218206,639,406,202,785,875.52,136.91
新北市,板橋區,新埔里,654,527198,806,484,246,1005,1038.79,128.86
新北市,板橋區,江翠里,1510,1184899,785,457,218,955,1056.65,134.66
新北市,板橋區,松翠里,1010,706925,700,450,234,848,814.36,116.35
新北市,板橋區,嵐翠里,655,383508,586,379,212,725,813.30,138.90
新北市,板橋區,深丘里,3002,3748683,1249,687,282,1448,1991.07,159.45
新北市,板橋區,埔墘里,2051,1528730,745,465,223,916,936.09,125.59
新北市,板橋區,港嘴里,1855,1319655,711,442,216,862,915.67,128.71
新北市,板橋區,湳興里,1572,1109965,706,462,215,929,859.57,121.74
新北市,板橋區,鄉雲里,1296,1059876,818,482,234,988,1094.88,133.88
新北市,板橋區,景星里,1145,908533,793,507,244,1009,969.85,122.23
新北市,板橋區,廣福里,1230,807750,657,425,199,840,815.51,124.18
新北市,板橋區,溪洲里,1809,1106871,612,388,189,743,760.93,124.36
新北市,板橋區,崑崙里,2861,1894793,662,433,213,855,843.24,127.32
新北市,板橋區,浮洲里,1040,627057,603,390,196,764,777.44,128.94
新北市,板橋區,中正里,1326,891977,673,446,224,844,821.15,122.07
新北市,板橋區,中山里,2126,1294431,609,445,212,805,632.06,103.81
新北市,板橋區,復興里,202,107362,531,360,202,632,872.06,164.08
新北市,板橋區,自強里,1853,1390353,750,484,235,949,857.71,114.31
新北市,板橋區,國光里,1248,1075576,862,530,247,1151,1007.74,116.93
新北市,板橋區,新興里,913,595167,652,456,220,848,664.67,101.96
新北市,板橋區,福德里,1572,1235712,786,481,239,976,1075.91,136.87
新北市,板橋區,和平里,1311,1420224,1083,724,320,1506,1110.94,102.55
新北市,板橋區,仁愛里,949,566793,597,419,200,764,621.16,104.00
新北市,板橋區,福星里,1163,976213,839,539,237,1085,984.16,117.25
新北市,板橋區,公館里,1125,769937,684,427,207,863,838.26,122.48
新北市,板橋區,新民里,1301,1007431,774,483,229,994,955.63,123.41
新北市,板橋區,振興里,1285,752969,586,395,182,709,718.73,122.66
新北市,板橋區,光復里,1036,755283,729,448,209,929,950.20,130.34
新北市,板橋區,香丘里,1156,798769,691,435,223,896,756.99,109.55
新北市,板橋區,雙玉里,1100,786114,715,454,217,933,802.61,112.31
新北市,板橋區,福壽里,1042,945402,907,498,247,1021,1532.53,168.91
新北市,板橋區,玉光里,1574,1099630,699,447,216,854,940.55,134.63
新北市,板橋區,港尾里,982,776394,791,513,252,1027,873.89,110.53
新北市,板橋區,民權里,839,567494,676,434,196,865,784.04,115.91
新北市,板橋區,建國里,1037,592911,572,385,188,711,642.45,112.36
新北市,板橋區,百壽里,812,688067,847,511,238,1046,1124.51,132.71
新北市,板橋區,忠誠里,1342,1205472,898,545,257,1167,1098.59,122.30
新北市,板橋區,幸福里,1125,657463,584,397,184,739,620.51,106.18
新北市,板橋區,漢生里,1406,1105970,787,495,245,989,885.80,112.61
新北市,板橋區,聯翠里,1259,1201712,954,578,260,1157,1131.91,118.59
新北市,板橋區,宏翠里,1677,1237042,738,508,240,976,787.48,106.75
新北市,板橋區,華翠里,1144,892558,780,480,242,953,890.39,114.12
新北市,板橋區,福翠里,349,177184,508,366,178,695,508.71,100.20
新北市,板橋區,九如里,809,543888,672,400,218,814,875.61,130.24
新北市,板橋區,埤墘里,1314,1167497,889,499,255,1027,1247.41,140.39
新北市,板橋區,廣新里,924,533848,578,384,208,701,678.56,117.45
新北市,板橋區,福丘里,1873,2824881,1508,754,298,1810,2342.95,155.35
新北市,板橋區,廣德里,2126,1696951,798,480,226,997,956.42,119.82
新北市,板橋區,福祿里,1167,910619,780,507,233,1013,911.87,116.86
新北市,板橋區,華興里,1331,978952,736,503,233,980,763.89,103.86
新北市,板橋區,聚安里,1394,821156,589,406,206,739,648.15,110.03
新北市,板橋區,龍翠里,1592,1443420,907,495,246,1062,1969.95,217.27
新北市,板橋區,柏翠里,1466,1296321,884,535,250,1105,1100.51,124.46
新北市,板橋區,文翠里,1293,925912,716,456,220,864,987.69,137.93
新北市,板橋區,青翠里,810,499164,616,413,216,772,673.18,109.24
新北市,板橋區,香社里,1229,742826,604,413,200,750,703.02,116.31
新北市,板橋區,大安里,1073,606889,566,376,193,693,775.78,137.16
新北市,板橋區,東丘里,1280,957343,748,470,225,901,960.82,128.46
新北市,板橋區,華德里,2276,1768597,777,502,240,1013,917.30,118.05
新北市,板橋區,國泰里,1124,892652,794,497,227,1051,886.23,111.59
新北市,板橋區,光華里,905,650536,719,448,222,897,809.52,112.62
新北市,板橋區,自立里,801,447322,558,409,203,750,534.12,95.64
新北市,板橋區,重慶里,2619,1704291,651,438,210,849,702.17,107.90
新北市,板橋區,港德里,1310,876355,669,424,212,836,820.60,122.67
新北市,板橋區,忠翠里,3643,4452380,1222,680,301,1527,1977.78,161.82
新北市,板橋區,明翠里,1363,899639,660,415,199,771,814.79,123.45
新北市,板橋區,滿翠里,774,421999,545,371,199,688,605.82,111.12
新北市,板橋區,新翠里,2617,2070514,791,489,237,1006,932.87,117.91
新北市,板橋區,溪頭里,1773,1339422,755,472,237,948,992.20,131.34
新北市,板橋區,華江里,2467,2595547,1052,590,270,1360,1327.92,126.21
新北市,板橋區,海山里,2393,2181140,911,541,253,1135,1115.60,122.40
新北市,板橋區,大豐里,1381,922749,668,440,210,827,785.27,117.52
新北市,板橋區,吉翠里,993,563324,567,380,208,707,655.28,115.51
新北市,板橋區,民族里,1425,1404269,985,592,270,1221,1708.66,173.39
新北市,板橋區,信義里,1284,812125,632,403,202,802,734.24,116.09
新北市,板橋區,純翠里,1731,1236587,714,453,228,927,893.10,125.02
新北市,板橋區,長壽里,918,617629,673,420,212,842,880.92,130.93
新北市,板橋區,振義里,1113,707724,636,435,216,815,700.32,110.14
新北市,板橋區,西安里,821,620944,756,457,215,909,952.26,125.91
新北市,板橋區,光仁里,859,562563,655,431,202,834,787.89,120.31
新北市,板橋區,介壽里,892,634174,711,459,226,951,793.69,111.64
新北市,板橋區,仁翠里,745,397135,533,374,212,676,554.05,103.94
新北市,板橋區,永安里,1042,786219,755,454,213,939,950.96,126.03
新北市,板橋區,懷翠里,1742,1097763,630,392,200,802,737.75,117.07
新北市,板橋區,長安里,1377,1084754,788,476,234,1065,917.26,116.44
新北市,板橋區,德翠里,2343,1772145,756,477,229,992,881.65,116.56
新北市,板橋區,溪北里,1052,640182,609,396,212,750,678.26,111.46
新北市,板橋區,華中里,1452,712454,491,353,178,604,528.43,107.69
新北市,板橋區,僑中里,1227,693606,565,377,195,680,638.80,113.00
新北市,板橋區,金華里,1125,633366,563,369,199,681,718.99,127.71
新北市,板橋區,華貴里,752,442416,588,399,205,776,615.86,104.68
新北市,板橋區,華東里,2840,3139825,1106,657,285,1387,1514.40,136.98
新北市,板橋區,福安里,2442,1701710,697,506,251,972,653.26,93.74
新北市,板橋區,龍安里,738,380989,516,365,200,636,542.72,105.13
新北市,板橋區,香雅里,764,451915,592,418,204,757,600.63,101.54
新北市,板橋區,光榮里,774,492126,636,411,198,773,780.65,122.78
新北市,板橋區,新生里,1315,781108,594,409,214,769,612.13,103.05
新北市,板橋區,民安里,655,461759,705,454,224,922,795.01,112.77
新北市,板橋區,後埔里,1253,1259791,1005,540,233,1125,3628.53,360.90
新北市,板橋區,五權里,1141,657500,576,399,206,721,670.56,116.37
新北市,板橋區,華福里,640,428515,670,434,208,863,747.01,111.57
新北市,板橋區,大觀里,1034,538192,520,389,192,674,540.23,103.79
新北市,板橋區,歡園里,316,151890,481,373,195,620,471.50,98.09
新北市,板橋區,成和里,2122,1456258,686,476,229,945,667.85,97.32
新北市,板橋區,溪福里,4325,2904685,672,437,210,880,769.77,114.62
新北市,板橋區,堂春里,1260,734357,583,395,197,745,615.65,105.63
新北市,板橋區,文德里,979,718552,734,425,209,916,884.17,120.47
新北市,板橋區,陽明里,813,571283,703,430,217,828,968.14,137.78
新北市,板橋區,文化里,1067,955803,896,445,227,1035,1301.61,145.30
新北市,板橋區,朝陽里,892,538843,604,393,208,760,693.18,114.75
新北市,板橋區,新海里,982,505505,515,383,181,673,541.25,105.14
新北市,板橋區,松柏里,653,480382,736,489,240,927,804.71,109.39
新北市,板橋區,莒光里,887,730261,823,480,229,1037,1009.67,122.64
新北市,板橋區,文聖里,1212,856557,707,447,218,842,906.89,128.32
新北市,板橋區,富貴里,758,749298,989,528,247,1091,1769.39,178.99
新北市,板橋區,居仁里,1191,847165,711,444,219,919,839.68,118.05
新北市,板橋區,正泰里,964,639043,663,421,219,818,761.70,114.90
新北市,板橋區,莊敬里,1375,1309317,952,588,272,1238,1486.82,156.14
新北市,板橋區,民生里,715,540195,756,522,227,939,926.75,122.66
新北市,板橋區,東安里,676,430108,636,421,216,803,702.92,110.48
新北市,三峽區,三峽里,75,41882,558,396,205,710,586.95,105.11
新北市,三峽區,秀川里,175,99004,566,415,186,736,552.32,97.63
新北市,三峽區,八張里,1108,611243,552,376,190,677,723.45,131.14
新北市,三峽區,中埔里,894,502914,563,375,193,727,569.51,101.24
新北市,三峽區,礁溪里,1631,935776,574,406,194,756,582.26,101.48
新北市,三峽區,永舘里,2128,1385228,651,420,208,804,832.06,127.82
新北市,三峽區,鳶山里,2812,1738529,618,407,197,764,773.49,125.11
新北市,三峽區,龍埔里,2746,1723050,627,426,197,824,683.93,109.00
新北市,三峽區,弘道里,262,133645,510,353,196,647,632.33,123.96
新北市,三峽區,大埔里,1084,603289,557,402,188,779,522.36,93.86
新北市,三峽區,嘉添里,527,294718,559,339,171,667,846.20,151.31
新北市,三峽區,添福里,249,140171,563,351,184,721,628.85,111.71
新北市,三峽區,溪南里,369,192894,523,344,183,573,678.44,129.78
新北市,三峽區,溪北里,550,262244,477,320,168,565,574.16,120.42
新北市,三峽區,溪東里,832,397807,478,328,184,567,685.05,143.28
新北市,三峽區,成福里,223,104953,471,309,163,540,605.36,128.62
新北市,三峽區,安坑里,282,135338,480,324,170,587,493.15,102.76
新北市,三峽區,竹崙里,399,188450,472,317,176,531,610.62,129.28
新北市,三峽區,金圳里,96,45044,469,300,151,615,484.96,103.36
新北市,三峽區,五寮里,130,57319,441,301,153,490,577.07,130.88
新北市,三峽區,插角里,114,69433,609,369,230,716,777.47,127.65
新北市,三峽區,有木里,95,58753,618,330,174,744,746.39,120.69
新北市,三峽區,安溪里,2124,1218073,573,376,185,707,1506.56,262.71
新北市,三峽區,中正里,1361,676941,497,344,177,644,529.75,106.51
新北市,三峽區,介壽里,1683,778918,463,332,175,600,454.51,98.21
新北市,三峽區,二鬮里,953,505254,530,354,156,645,771.91,145.60
新北市,三峽區,龍恩里,2221,2175488,980,626,280,1310,1103.70,112.68
新北市,三峽區,龍學里,5094,5308922,1042,694,299,1380,1206.28,115.74
新北市,鶯歌區,東鶯里,314,206616,658,439,206,809,768.03,116.72
新北市,鶯歌區,西鶯里,651,370735,569,366,185,704,703.52,123.54
新北市,鶯歌區,南鶯里,1656,1070810,647,402,199,780,880.35,136.15
新北市,鶯歌區,北鶯里,1260,961855,763,503,230,1018,859.16,112.55
新北市,鶯歌區,中鶯里,291,196465,675,446,198,824,876.06,129.76
新北市,鶯歌區,建德里,119,62501,525,395,225,684,472.69,90.00
新北市,鶯歌區,同慶里,465,288476,620,358,179,690,1015.94,163.76
新北市,鶯歌區,南靖里,982,525712,535,354,178,651,684.46,127.85
新北市,鶯歌區,尖山里,2559,1447309,566,390,212,718,650.73,115.06
新北市,鶯歌區,二橋里,2313,1259073,544,377,195,681,605.14,111.17
新北市,鶯歌區,二甲里,228,107327,471,336,176,578,467.79,99.38
新北市,鶯歌區,東湖里,53,38079,718,377,219,658,986.41,137.29
新北市,鶯歌區,中湖里,1591,732685,461,346,172,567,494.72,107.43
新北市,鶯歌區,鳳鳴里,1564,861208,551,387,194,703,642.55,116.69
新北市,鶯歌區,永昌里,2448,1330802,544,360,184,658,647.28,119.07
新北市,鶯歌區,永吉里,1423,728651,512,356,194,629,516.25,100.82
新北市,鶯歌區,鳳福里,1147,553147,482,353,176,612,540.75,112.13
新北市,鶯歌區,大湖里,1437,772059,537,356,186,651,679.50,126.47
新北市,鶯歌區,建國里,2040,1205417,591,394,197,737,851.63,144.13
新北市,鶯歌區,鳳祥里,1230,628131,511,344,184,625,556.38,108.95
新北市,樹林區,樹東里,359,236729,659,367,144,877,806.66,122.33
新北市,樹林區,彭厝里,1486,722139,486,337,169,607,502.89,103.48
新北市,樹林區,樹西里,1673,1205148,720,452,199,957,816.10,113.29
新北市,樹林區,坡內里,465,223986,482,317,172,549,577.96,119.99
新北市,樹林區,樹北里,293,212204,724,483,205,880,909.16,125.53
新北市,樹林區,潭底里,1234,716502,581,379,197,711,677.67,116.71
新北市,樹林區,獇寮里,1416,721126,509,355,177,634,642.10,126.08
新北市,樹林區,三多里,1185,574345,485,357,189,582,488.16,100.72
新北市,樹林區,東山里,977,460527,471,323,161,593,581.79,123.43
新北市,樹林區,西山里,0,0,0,0,0,0,0.00,0.00
新北市,樹林區,樂山里,530,393079,742,356,188,676,3276.91,441.83
新北市,樹林區,東園里,437,246904,565,373,194,679,681.67,120.65
新北市,樹林區,西園里,481,243169,506,349,191,626,553.27,109.44
新北市,樹林區,南園里,4916,5049024,1027,676,295,1352,1225.76,119.35
新北市,樹林區,北園里,603,320301,531,346,180,668,624.06,117.49
新北市,樹林區,柑園里,3161,3484635,1102,679,275,1428,1453.95,131.89
新北市,樹林區,樹南里,1289,775611,602,408,199,771,645.16,107.22
新北市,樹林區,樹德里,1094,684460,626,421,200,785,767.44,122.66
新北市,樹林區,樹人里,1050,687984,655,382,198,752,906.07,138.28
新北市,樹林區,保安里,1912,1138439,595,398,199,741,660.68,110.96
新北市,樹林區,三福里,1102,579955,526,332,170,651,673.85,128.04
新北市,樹林區,三興里,1174,523876,446,322,171,545,500.67,112.20
新北市,樹林區,大同里,1116,669864,600,402,195,822,654.92,109.11
新北市,樹林區,彭福里,1528,911667,597,395,194,760,662.87,111.10
新北市,樹林區,東陽里,1804,959895,532,372,187,693,534.31,100.42
新北市,樹林區,東昇里,1600,957980,599,390,192,730,698.46,116.65
新北市,樹林區,和平里,1121,588167,525,354,190,663,603.10,114.95
新北市,樹林區,圳福里,1260,677857,538,371,191,679,607.60,112.94
新北市,樹林區,圳安里,1141,583077,511,377,182,657,541.97,106.06
新北市,樹林區,樹興里,1073,643750,600,393,188,766,670.70,111.79
新北市,樹林區,彭興里,1599,746026,467,329,171,591,524.28,112.37
新北市,樹林區,文林里,1525,911449,598,399,190,756,691.17,115.64
新北市,樹林區,光興里,1179,583685,495,352,184,613,575.83,116.31
新北市,樹林區,金寮里,1268,696589,549,377,190,693,592.35,107.82
新北市,樹林區,中山里,1509,870251,577,373,196,709,655.68,113.69
新北市,樹林區,山佳里,1676,931245,556,381,200,697,624.00,112.30
新北市,樹林區,育英里,978,653064,668,427,211,793,825.57,123.63
新北市,樹林區,樹福里,1214,1108663,913,517,230,1151,1152.78,126.23
新北市,樹林區,中華里,1051,565617,538,370,199,694,543.18,100.93
新北市,樹林區,太順里,778,353171,454,338,166,586,425.76,93.79
新北市,樹林區,圳民里,888,474665,535,368,185,670,871.65,163.07
新北市,樹林區,圳生里,563,285471,507,353,175,582,615.98,121.48
新北市,樹林區,三龍里,688,374927,545,362,171,673,634.44,116.42
新北市,中和區,中原里,2319,2197217,947,535,253,1173,1305.69,137.81
新北市,中和區,平河里,2948,2180722,740,467,224,980,817.71,110.54
新北市,中和區,力行里,2018,1682566,834,528,248,1080,1005.78,120.63
新北市,中和區,枋寮里,1162,896365,771,472,220,962,919.18,119.16
新北市,中和區,廟美里,1424,922881,648,419,204,782,846.97,130.69
新北市,中和區,瓦磘里,1752,1307961,747,488,238,969,791.80,106.06
新北市,中和區,積穗里,2710,2152460,794,482,234,952,1500.08,188.86
新北市,中和區,瑞穗里,744,508560,684,453,216,909,797.33,116.65
新北市,中和區,灰磘里,185,128531,695,393,177,866,954.11,137.33
新北市,中和區,錦和里,1708,1211774,709,453,219,877,882.74,124.42
新北市,中和區,內南里,1429,817613,572,381,196,700,712.32,124.50
新北市,中和區,外南里,1394,906986,651,425,200,810,766.46,117.80
新北市,中和區,頂南里,911,597559,656,455,217,808,743.05,113.28
新北市,中和區,橫路里,82,42222,515,359,106,599,589.77,114.54
新北市,中和區,連和里,901,737316,818,511,223,1013,1128.66,137.92
新北市,中和區,漳和里,1285,1090484,849,517,232,990,1492.29,175.85
新北市,中和區,秀山里,1393,905246,650,448,216,844,696.49,107.18
新北市,中和區,員山里,2090,1580332,756,479,226,989,1067.71,141.21
新北市,中和區,安樂里,1243,1187243,955,589,250,1216,1182.82,123.84
新北市,中和區,壽德里,1331,971095,730,475,226,968,848.59,116.31
新北市,中和區,新南里,2887,2598375,900,576,258,1187,1029.15,114.35
新北市,中和區,崇南里,1436,1083159,754,501,230,981,845.02,112.03
新北市,中和區,東南里,1306,886542,679,404,199,838,1091.28,160.76
新北市,中和區,秀明里,1667,1301409,781,479,222,951,1055.05,135.14
新北市,中和區,安平里,2182,2239667,1026,578,257,1328,1378.13,134.26
新北市,中和區,景平里,1830,1445816,790,508,234,1056,882.35,111.68
新北市,中和區,嘉穗里,912,528694,580,387,197,706,611.68,105.52
新北市,中和區,景安里,1594,1174523,737,468,219,905,921.99,125.13
新北市,中和區,連城里,2042,1678520,822,469,238,992,3538.11,430.43
新北市,中和區,福美里,1268,763842,602,409,210,794,616.33,102.31
新北市,中和區,安和里,1076,912506,848,520,242,1090,1000.20,117.94
新北市,中和區,中安里,1617,1544767,955,568,254,1188,1316.31,137.79
新北市,中和區,泰安里,1077,746572,693,439,209,883,873.90,126.07
新北市,中和區,華南里,1548,1293801,836,488,231,989,1094.13,130.91
新北市,中和區,秀峰里,1593,1041525,654,421,215,810,967.91,148.04
新北市,中和區,秀水里,1089,644993,592,419,204,745,661.55,111.69
新北市,中和區,景南里,926,631763,682,401,189,822,881.78,129.25
新北市,中和區,復興里,1486,937299,631,401,185,815,789.40,125.15
新北市,中和區,和興里,1437,1130060,786,471,225,962,1058.10,134.55
新北市,中和區,南山里,1767,1759926,996,560,248,1131,3352.73,336.62
新北市,中和區,景新里,1062,684314,644,402,198,785,765.96,118.87
新北市,中和區,景福里,1930,1570511,814,490,226,970,1140.64,140.17
新北市,中和區,清穗里,885,574964,650,427,218,790,770.26,118.56
新北市,中和區,佳和里,1556,1184584,761,452,217,917,1086.64,142.73
新北市,中和區,德穗里,1382,968699,701,435,208,870,853.26,121.73
新北市,中和區,嘉新里,1170,687206,587,403,206,722,855.67,145.68
新北市,中和區,建和里,1010,690812,684,433,217,856,902.26,131.91
新北市,中和區,仁和里,1175,692966,590,408,207,747,671.08,113.79
新北市,中和區,秀景里,2096,1676419,800,480,235,1040,971.74,121.49
新北市,中和區,中正里,1131,625174,553,387,182,707,621.51,112.44
新北市,中和區,福善里,1412,931600,660,438,213,846,767.59,116.34
新北市,中和區,福真里,1205,780843,648,421,207,804,769.70,118.78
新北市,中和區,秀仁里,1059,889841,840,541,226,1109,1113.09,132.47
新北市,中和區,忠孝里,1362,794115,583,407,204,752,628.02,107.71
新北市,中和區,民享里,754,446728,592,415,211,732,647.37,109.27
新北市,中和區,民生里,1280,931354,728,469,229,949,775.33,106.56
新北市,中和區,國光里,1230,786307,639,432,204,848,668.39,104.56
新北市,中和區,福和里,1107,723984,654,402,212,814,800.75,122.44
新北市,中和區,秀成里,1160,847646,731,446,216,886,1001.34,137.03
新北市,中和區,秀福里,1584,1232906,778,488,227,997,955.64,122.78
新北市,中和區,華新里,2206,1458780,661,449,226,871,704.92,106.60
新北市,中和區,壽南里,666,423388,636,424,208,785,767.64,120.75
新北市,中和區,文元里,1578,883978,560,396,201,737,571.17,101.96
新北市,中和區,明德里,1121,615702,549,386,197,711,569.55,103.70
新北市,中和區,信和里,1149,655249,570,380,197,690,660.33,115.79
新北市,中和區,福祥里,1505,966894,642,408,189,800,779.72,121.37
新北市,中和區,景文里,1237,1135443,918,511,244,1116,1182.68,128.85
新北市,中和區,錦昌里,682,641710,941,525,226,1141,1255.05,133.38
新北市,中和區,民安里,1462,915741,626,434,206,834,659.78,105.34
新北市,中和區,安穗里,1387,938906,677,427,207,856,912.26,134.76
新北市,中和區,明穗里,1463,1003606,686,471,209,881,794.06,115.75
新北市,中和區,自強里,1481,891335,602,420,212,783,596.70,99.15
新北市,中和區,正行里,981,749273,764,500,250,975,903.27,118.26
新北市,中和區,德行里,2321,2216825,955,621,283,1241,1078.01,112.87
新北市,中和區,安順里,1473,1184503,804,496,234,983,986.40,122.66
新北市,中和區,宜安里,594,431841,727,474,234,967,783.05,107.71
新北市,中和區,秀義里,859,631117,735,467,230,888,1208.86,164.54
新北市,中和區,秀士里,703,513637,731,482,225,978,811.54,111.07
新北市,中和區,興南里,857,523486,611,400,194,768,665.19,108.90
新北市,中和區,景本里,599,379240,633,413,205,771,691.03,109.15
新北市,中和區,中興里,2348,2014771,858,542,252,1142,979.79,114.18
新北市,中和區,吉興里,1026,853763,832,532,236,1160,897.30,107.83
新北市,中和區,福南里,1273,803845,631,378,188,781,790.34,125.16
新北市,中和區,正南里,931,502530,540,371,166,684,586.63,108.68
新北市,中和區,錦盛里,1128,616113,546,392,191,708,546.98,100.14
新北市,中和區,中山里,809,554473,685,454,210,842,934.22,136.31
新北市,中和區,冠穗里,1067,746474,700,432,219,829,1260.31,180.15
新北市,中和區,嘉慶里,1216,723306,595,406,206,756,650.92,109.43
新北市,中和區,錦中里,1256,816864,650,415,208,822,886.99,136.38
新北市,中和區,員富里,1052,644648,613,399,195,775,680.59,111.06
新北市,中和區,民有里,804,444069,552,390,187,669,610.15,110.47
新北市,中和區,碧河里,1498,1257286,839,501,230,1075,1054.69,125.66
新北市,中和區,國華里,991,634436,640,410,219,820,689.53,107.71
新北市,土城區,埤塘里,1092,592718,543,393,192,704,526.43,96.99
新北市,土城區,土城里,585,363267,621,389,188,724,923.16,148.66
新北市,土城區,員林里,2206,1668004,756,465,221,939,913.11,120.76
新北市,土城區,貨饒里,1420,1000421,705,429,219,826,914.31,129.78
新北市,土城區,柑林里,1066,854986,802,523,232,1072,1135.03,141.52
新北市,土城區,埤林里,2779,2030814,731,468,222,944,843.26,115.39
新北市,土城區,峰廷里,1998,969209,485,352,184,644,488.84,100.77
新北市,土城區,廷寮里,1359,774813,570,393,202,740,609.40,106.89
新北市,土城區,清水里,2357,1278402,542,368,190,695,567.59,104.65
新北市,土城區,清化里,408,232931,571,389,185,708,687.83,120.48
新北市,土城區,大安里,1481,879734,594,383,194,723,697.95,117.50
新北市,土城區,永寧里,2403,1465883,610,392,193,756,727.16,119.20
新北市,土城區,祖田里,470,217357,462,341,179,573,485.03,104.88
新北市,土城區,頂埔里,1526,951135,623,397,191,767,1050.20,168.49
新北市,土城區,沛陂里,1432,869686,607,390,188,722,779.46,128.34
新北市,土城區,頂新里,1004,840023,837,546,252,1142,875.50,104.64
新北市,土城區,長風里,664,466269,702,437,206,892,787.00,112.07
新北市,土城區,頂福里,1457,767304,527,367,192,647,563.19,106.94
新北市,土城區,員仁里,1651,857550,519,355,187,659,554.65,106.78
新北市,土城區,日新里,1361,745827,548,372,177,709,605.65,110.52
新北市,土城區,瑞興里,872,496420,569,406,200,714,603.94,106.09
新北市,土城區,清溪里,1930,1289726,668,432,212,835,783.53,117.25
新北市,土城區,清和里,1640,791813,483,350,182,626,495.85,102.70
新北市,土城區,永豐里,1315,970512,738,468,216,932,893.69,121.09
新北市,土城區,日和里,1745,1082854,621,393,198,770,733.75,118.24
新北市,土城區,平和里,2037,1049894,515,365,186,652,554.90,107.66
新北市,土城區,樂利里,1595,940023,589,376,208,711,672.02,114.03
新北市,土城區,廣福里,1815,1208710,666,422,198,869,752.31,112.97
新北市,土城區,學府里,1073,667147,622,414,206,744,686.65,110.44
新北市,土城區,延壽里,1230,634932,516,351,180,662,570.41,110.50
新北市,土城區,安和里,1475,788111,534,378,190,704,550.46,103.02
新北市,土城區,青雲里,840,510893,608,398,198,752,684.39,112.53
新北市,土城區,員福里,1702,958973,563,361,184,657,783.85,139.12
新北市,土城區,延吉里,1081,533565,494,335,170,603,567.06,114.89
新北市,土城區,復興里,1418,903907,637,402,204,804,733.06,115.00
新北市,土城區,裕生里,1675,1062392,634,405,208,824,707.79,111.59
新北市,土城區,員信里,1342,761810,568,376,193,671,696.00,122.61
新北市,土城區,延和里,2002,1254323,627,418,212,764,729.06,116.36
新北市,土城區,學成里,1045,599587,574,396,184,754,602.33,104.98
新北市,土城區,永富里,1529,815079,533,365,193,682,560.98,105.23
新北市,土城區,中正里,1015,640025,631,418,205,829,667.92,105.92
新北市,土城區,學士里,1543,1310093,849,521,236,1153,957.37,112.76
新北市,土城區,明德里,2080,1798404,865,550,249,1136,1261.06,145.85
新北市,土城區,廣興里,1136,728300,641,440,200,836,675.71,105.40
新北市,土城區,青山里,813,432919,532,372,175,690,548.09,102.93
新北市,土城區,金城里,1871,1128369,603,399,197,819,625.99,103.80
新北市,土城區,延祿里,1141,605419,531,387,186,671,558.48,105.25
新北市,瑞芳區,龍潭里,241,158800,659,440,214,819,934.62,141.84
新北市,瑞芳區,龍鎮里,351,185348,528,396,197,706,517.38,97.98
新北市,瑞芳區,龍山里,408,194759,477,343,164,587,507.01,106.21
新北市,瑞芳區,龍川里,505,251496,498,325,168,633,533.39,107.10
新北市,瑞芳區,龍安里,170,79862,470,331,133,599,487.13,103.69
新北市,瑞芳區,柑坪里,263,128459,488,350,187,575,540.77,110.71
新北市,瑞芳區,爪峰里,1120,519908,464,336,163,590,555.87,119.75
新北市,瑞芳區,基山里,79,38143,483,337,188,633,497.72,103.08
新北市,瑞芳區,永慶里,96,38435,400,270,101,504,465.03,116.15
新北市,瑞芳區,崇文里,75,33168,442,309,141,582,437.14,98.85
新北市,瑞芳區,福住里,28,29738,1062,560,273,1019,1431.38,134.77
新北市,瑞芳區,頌德里,77,40968,532,336,171,646,874.46,164.36
新北市,瑞芳區,瓜山里,44,28981,659,399,226,728,799.64,121.40
新北市,瑞芳區,石山里,78,45731,586,336,192,857,616.01,105.07
新北市,瑞芳區,新山里,80,39624,495,371,148,662,457.07,92.28
新北市,瑞芳區,銅山里,39,20724,531,268,123,685,687.72,129.42
新北市,瑞芳區,龍興里,617,379633,615,427,185,776,683.60,111.10
新北市,瑞芳區,濓洞里,122,62680,514,335,193,627,498.90,97.11
新北市,瑞芳區,吉慶里,535,240579,450,330,170,570,518.55,115.32
新北市,瑞芳區,傑魚里,551,241967,439,308,176,520,528.45,120.34
新北市,瑞芳區,上天里,371,149173,402,315,171,493,394.45,98.10
新北市,瑞芳區,猴硐里,100,53760,538,288,137,531,1377.26,256.19
新北市,瑞芳區,光復里,55,19631,357,277,155,423,326.01,91.34
新北市,瑞芳區,弓橋里,74,28037,379,272,125,495,402.74,106.30
新北市,瑞芳區,碩仁里,29,13979,482,287,163,486,690.86,143.32
新北市,瑞芳區,海濱里,279,131152,470,330,140,633,484.29,103.02
新北市,瑞芳區,深澳里,238,115764,486,367,168,620,497.68,102.32
新北市,瑞芳區,鼻頭里,147,81753,556,289,144,536,1072.88,192.92
新北市,瑞芳區,南雅里,51,15782,309,261,119,428,255.04,82.42
新北市,瑞芳區,吉安里,897,408566,455,334,178,564,490.44,107.67
新北市,瑞芳區,濓新里,66,27254,413,268,146,503,427.65,103.56
新北市,瑞芳區,瑞濱里,480,215088,448,342,172,572,429.87,95.93
新北市,瑞芳區,東和里,438,198997,454,321,193,594,436.75,96.13
新北市,瑞芳區,新峰里,927,450044,485,361,185,603,478.14,98.49
新北市,平溪區,薯榔里,88,30454,346,283,157,466,326.48,94.34
新北市,平溪區,白石里,60,20867,348,289,123,455,353.60,101.67
新北市,平溪區,菁桐里,50,18911,378,335,169,535,281.31,74.38
新北市,平溪區,平溪里,55,25492,463,284,168,507,508.25,109.66
新北市,平溪區,石底里,110,65163,592,360,178,608,799.63,134.98
新北市,平溪區,嶺腳里,140,64755,463,356,164,598,444.22,96.04
新北市,平溪區,東勢里,66,42458,643,325,164,670,940.23,146.16
新北市,平溪區,平湖里,26,11075,426,352,190,616,323.13,75.86
新北市,平溪區,南山里,84,36753,438,315,200,546,382.23,87.36
新北市,平溪區,新寮里,20,9783,489,391,240,546,405.86,82.98
新北市,平溪區,十分里,142,74620,525,376,209,600,627.47,119.41
新北市,平溪區,望古里,36,19071,530,465,178,653,442.24,83.48
新北市,雙溪區,雙溪里,117,128142,1095,290,130,543,7356.62,671.69
新北市,雙溪區,共和里,89,43078,484,391,236,545,430.21,88.88
新北市,雙溪區,新基里,165,85240,517,347,160,658,673.08,130.29
新北市,雙溪區,魚行里,175,89931,514,346,171,687,510.90,99.42
新北市,雙溪區,三港里,88,56522,642,459,234,789,690.54,107.51
新北市,雙溪區,牡丹里,336,154052,458,321,151,567,535.41,116.78
新北市,雙溪區,三貂里,60,27216,454,309,162,638,429.45,94.68
新北市,雙溪區,平林里,240,121794,507,332,175,622,519.21,102.31
新北市,雙溪區,上林里,146,63754,437,308,153,658,407.46,93.31
新北市,雙溪區,外柑里,73,33130,454,351,218,541,396.45,87.36
新北市,雙溪區,長源里,64,41115,642,366,222,671,997.95,155.34
新北市,雙溪區,泰平里,302,174177,577,385,179,752,668.98,115.99
新北市,貢寮區,貢寮里,179,91103,509,378,186,672,535.46,105.21
新北市,貢寮區,雙玉里,147,87996,599,380,206,634,795.55,132.90
新北市,貢寮區,龍崗里,89,34796,391,301,177,569,295.32,75.54
新北市,貢寮區,吉林里,100,56297,563,322,173,554,1241.87,220.59
新北市,貢寮區,龍門里,123,56640,460,329,173,583,432.21,93.86
新北市,貢寮區,福隆里,336,165429,492,349,184,605,511.91,103.97
新北市,貢寮區,福連里,162,75160,464,346,211,579,436.68,94.12
新北市,貢寮區,仁里里,424,211575,499,307,164,654,554.99,111.22
新北市,貢寮區,真理里,427,183931,431,287,141,564,453.16,105.20
新北市,貢寮區,美豐里,144,51795,360,309,145,511,269.97,75.06
新北市,貢寮區,和美里,197,87836,446,318,184,504,465.31,104.36
新北市,金山區,和平里,121,62634,518,332,164,593,665.60,128.58
新北市,金山區,大同里,172,94725,551,381,191,726,583.53,105.96
新北市,金山區,豐漁里,92,45928,499,350,159,586,550.62,110.30
新北市,金山區,磺港里,371,160914,434,275,145,498,543.36,125.28
新北市,金山區,美田里,1152,579679,503,344,162,676,498.28,99.02
新北市,金山區,五湖里,486,261400,538,368,168,651,652.37,121.29
新北市,金山區,重和里,334,215901,646,333,119,660,1322.88,204.65
新北市,金山區,兩湖里,91,45338,498,222,79,493,777.66,156.09
新北市,金山區,六股里,167,70285,421,296,148,511,535.22,127.17
新北市,金山區,三界里,128,75012,586,281,142,574,1929.55,329.26
新北市,金山區,清泉里,194,85732,442,317,138,511,466.19,105.49
新北市,金山區,西湖里,49,28512,582,342,183,913,553.45,95.12
新北市,金山區,萬壽里,100,40935,409,264,153,632,362.38,88.52
新北市,金山區,永興里,136,64055,471,340,154,584,491.77,104.41
新北市,金山區,金美里,1419,651481,459,307,150,570,549.13,119.61
新北市,萬里區,萬里里,1222,593782,486,342,180,615,547.67,112.71
新北市,萬里區,龜吼里,541,296042,547,347,172,713,757.39,138.41
新北市,萬里區,野柳里,665,329207,495,344,174,599,581.16,117.40
新北市,萬里區,大鵬里,704,335625,477,320,168,587,628.94,131.92
新北市,萬里區,磺潭里,145,66176,456,339,158,552,435.32,95.38
新北市,萬里區,雙興里,204,133811,656,416,209,767,906.92,138.26
新北市,萬里區,溪底里,124,62304,502,391,167,660,454.28,90.41
新北市,萬里區,崁脚里,110,52879,481,305,150,562,651.79,135.59
新北市,萬里區,中幅里,275,125664,457,328,178,599,446.29,97.67
新北市,萬里區,北基里,605,258550,427,311,151,517,549.66,128.62
新北市,淡水區,草東里,250,176708,707,440,192,883,779.81,110.32
新北市,淡水區,長庚里,478,321803,673,384,184,827,867.06,128.79
新北市,淡水區,清文里,331,185857,562,315,153,607,925.53,164.83
新北市,淡水區,鄧公里,2176,1883786,866,542,252,1084,1393.74,160.99
新北市,淡水區,永吉里,268,167870,626,380,183,744,723.87,115.56
新北市,淡水區,協元里,425,233151,549,347,159,664,705.66,128.63
新北市,淡水區,民安里,205,146818,716,426,198,900,951.57,132.87
新北市,淡水區,新生里,152,77327,509,333,167,677,526.02,103.40
新北市,淡水區,文化里,565,352611,624,434,182,855,638.53,102.31
新北市,淡水區,油車里,1714,1046045,610,376,179,761,765.18,125.38
新北市,淡水區,沙崙里,1345,809605,602,374,162,749,735.69,122.22
新北市,淡水區,水碓里,1784,1098541,616,389,185,756,835.50,135.68
新北市,淡水區,北投里,3520,2826716,803,553,243,1093,869.33,108.25
新北市,淡水區,崁頂里,5801,4703730,811,535,244,1039,1023.24,126.19
新北市,淡水區,屯山里,304,139545,459,334,181,572,539.78,117.59
新北市,淡水區,中和里,156,77261,495,324,168,595,540.08,109.05
新北市,淡水區,水源里,566,310874,549,348,170,670,800.14,145.68
新北市,淡水區,忠寮里,297,178804,602,341,192,681,866.16,143.87
新北市,淡水區,樹興里,417,375998,902,404,197,944,1891.03,209.72
新北市,淡水區,埤島里,504,359239,713,487,224,943,819.85,115.02
新北市,淡水區,興仁里,475,274738,578,350,164,588,1002.67,173.35
新北市,淡水區,義山里,729,353628,485,343,179,578,636.59,131.23
新北市,淡水區,蕃薯里,273,130511,478,358,173,593,617.20,129.10
新北市,淡水區,忠山里,244,134352,551,351,175,661,650.47,118.13
新北市,淡水區,賢孝里,385,219123,569,338,169,621,995.39,174.89
新北市,淡水區,竿蓁里,4019,3487038,868,554,229,1088,1162.28,133.96
新北市,淡水區,坪頂里,453,393390,868,435,194,901,2648.61,304.99
新北市,淡水區,八勢里,2475,2792366,1128,626,270,1266,1874.47,166.14
新北市,淡水區,竹圍里,2193,1703899,777,459,206,1005,965.14,124.22
新北市,淡水區,中興里,1116,653722,586,374,177,705,846.44,144.50
新北市,淡水區,福德里,2544,2347308,923,558,244,1153,1372.34,148.73
新北市,淡水區,民生里,2512,1908135,760,473,215,958,935.96,123.22
新北市,淡水區,新興里,2462,1581511,642,420,192,852,782.11,121.75
新北市,淡水區,新義里,1237,638075,516,341,158,647,643.68,124.79
新北市,淡水區,新春里,2859,2072765,725,487,215,991,766.36,105.70
新北市,淡水區,新民里,1483,1158038,781,436,206,951,1228.97,157.38
新北市,淡水區,正德里,1540,1012888,658,438,202,899,689.32,104.80
新北市,淡水區,北新里,913,697670,764,469,228,1019,997.61,130.55
新北市,淡水區,幸福里,1173,689463,588,394,185,727,753.91,128.27
新北市,淡水區,學府里,1404,885420,631,402,186,793,786.03,124.64
新北市,淡水區,民權里,1575,1331270,845,510,222,1012,1287.72,152.35
新北市,淡水區,大庄里,2964,2198969,742,458,210,953,1189.80,160.37
新北市,汐止區,仁德里,576,341600,593,402,208,717,649.25,109.48
新北市,汐止區,義民里,418,243672,583,380,169,814,653.23,112.06
新北市,汐止區,禮門里,332,238996,720,422,178,816,1744.65,242.36
新北市,汐止區,智慧里,1682,1372750,816,498,219,1013,1032.73,126.54
新北市,汐止區,信望里,108,78514,727,477,217,916,876.81,120.61
新北市,汐止區,橋東里,1054,719145,682,457,215,893,710.95,104.20
新北市,汐止區,茄苳里,1321,714409,541,391,193,703,551.49,101.97
新北市,汐止區,保安里,516,247932,480,348,173,574,507.29,105.58
新北市,汐止區,保長里,1568,976594,623,426,217,809,858.38,137.82
新北市,汐止區,鄉長里,711,378191,532,353,187,661,559.13,105.12
新北市,汐止區,江北里,1961,1091156,556,366,196,677,665.70,119.64
新北市,汐止區,烘內里,495,292085,590,370,174,719,843.70,142.98
新北市,汐止區,拱北里,1490,712228,478,341,183,603,518.66,108.51
新北市,汐止區,樟樹里,670,352256,526,377,184,649,563.94,107.26
新北市,汐止區,北峰里,1540,852760,554,374,197,695,593.43,107.17
新北市,汐止區,北山里,1952,1301029,667,418,203,811,794.60,119.22
新北市,汐止區,八連里,297,140720,474,377,172,597,452.07,95.41
新北市,汐止區,白雲里,1410,1113345,790,443,210,940,1110.97,140.70
新北市,汐止區,橫科里,1452,930812,641,416,206,788,735.28,114.70
新北市,汐止區,東山里,180,98968,550,359,157,571,685.74,124.72
新北市,汐止區,新昌里,1812,1274085,703,461,223,895,831.08,118.20
新北市,汐止區,秀峰里,1356,931161,687,415,212,878,876.56,127.65
新北市,汐止區,復興里,2638,2656501,1007,596,261,1291,1309.93,130.08
新北市,汐止區,長安里,472,239277,507,349,167,625,537.86,106.10
新北市,汐止區,福山里,1327,1357897,1023,518,241,1158,1574.84,153.90
新北市,汐止區,宜興里,1007,857059,851,513,240,1011,1103.57,129.66
新北市,汐止區,中興里,2776,1902525,685,390,199,769,2745.08,400.54
新北市,汐止區,湖光里,2211,1970191,891,526,242,1082,1344.69,150.90
新北市,汐止區,厚德里,2355,1455312,618,414,219,797,687.72,111.29
新北市,汐止區,忠孝里,2860,1994178,697,434,214,870,859.12,123.21
新北市,汐止區,文化里,1550,1276924,824,501,222,1042,1140.12,138.39
新北市,汐止區,自強里,2021,1767406,875,502,231,1092,1253.13,143.29
新北市,汐止區,金龍里,1698,1133789,668,439,215,832,795.54,119.14
新北市,汐止區,福德里,1056,609049,577,399,193,741,609.54,105.68
新北市,汐止區,興福里,1047,675691,645,428,202,801,738.61,114.45
新北市,汐止區,康福里,1893,1413078,746,493,234,959,884.71,118.52
新北市,汐止區,忠山里,1304,1664616,1277,629,266,1479,2204.70,172.71
新北市,汐止區,環河里,443,254959,576,390,205,722,696.06,120.94
新北市,汐止區,東勢里,1632,1786738,1095,614,279,1347,1606.77,146.76
新北市,汐止區,山光里,890,529047,594,386,196,715,714.16,120.14
新北市,汐止區,大同里,971,664573,684,441,218,869,825.38,120.60
新北市,汐止區,崇德里,1687,1112938,660,435,211,843,730.67,110.75
新北市,汐止區,湖興里,2305,2102288,912,509,248,1075,1494.36,163.85
新北市,汐止區,長青里,354,450430,1272,622,264,1315,2031.02,159.62
新北市,汐止區,福安里,2267,2190181,966,615,282,1287,1098.51,113.70
新北市,汐止區,秀山里,1529,1299278,850,430,200,1022,1442.85,169.80
新北市,汐止區,建成里,1902,1407632,740,497,230,975,803.16,108.52
新北市,汐止區,城中里,1558,1252520,804,554,267,1033,918.34,114.23
新北市,汐止區,湖蓮里,1058,1183516,1119,680,297,1439,1365.84,122.10
新北市,汐止區,保新里,998,513269,514,385,199,681,508.26,98.83
新北市,三芝區,八賢里,79,27061,343,255,108,484,345.65,100.91
新北市,三芝區,埔頭里,1515,651243,430,293,158,529,461.03,107.25
新北市,三芝區,古庄里,300,139511,465,295,118,546,677.10,145.60
新北市,三芝區,新庄里,187,78837,422,311,163,549,386.47,91.67
新北市,三芝區,埔坪里,1722,755978,439,298,137,539,574.38,130.84
新北市,三芝區,茂長里,174,78611,452,318,143,582,478.54,105.92
新北市,三芝區,橫山里,108,50961,472,346,122,659,478.73,101.46
新北市,三芝區,錫板里,181,88699,490,327,154,576,603.03,123.05
新北市,三芝區,後厝里,681,398211,585,319,150,651,879.46,150.40
新北市,三芝區,福德里,228,136704,600,395,141,833,709.82,118.39
新北市,三芝區,圓山里,132,68283,517,363,146,701,555.49,107.38
新北市,三芝區,店子里,142,69511,490,357,126,594,569.30,116.30
新北市,三芝區,興華里,341,193339,567,369,195,682,854.18,150.65
新北市,石門區,德茂里,256,115348,451,323,192,533,500.70,111.12
新北市,石門區,富基里,341,162389,476,316,142,629,608.79,127.84
新北市,石門區,老梅里,540,292584,542,310,141,644,1383.76,255.39
新北市,石門區,山溪里,201,95443,475,310,191,546,574.41,120.97
新北市,石門區,石門里,454,238432,525,344,138,643,640.26,121.91
新北市,石門區,尖鹿里,402,184731,460,308,146,569,528.93,115.10
新北市,石門區,乾華里,74,30646,414,293,140,443,426.25,102.92
新北市,石門區,茂林里,190,104100,548,395,161,798,571.14,104.24
新北市,石門區,草里里,220,92279,419,292,163,531,412.62,98.37
新北市,八里區,龍源里,2268,1597875,705,408,198,823,1194.64,169.57
新北市,八里區,米倉里,1064,697447,655,397,195,808,896.31,136.74
新北市,八里區,大崁里,1009,632439,627,397,185,771,863.44,137.75
新北市,八里區,埤頭里,1092,615088,563,356,183,685,691.97,122.85
新北市,八里區,頂罟里,602,335384,557,355,169,663,900.56,161.65
新北市,八里區,舊城里,2000,1017063,509,356,184,653,554.24,108.99
新北市,八里區,訊塘里,1225,686799,561,376,197,710,678.58,121.03
新北市,八里區,荖阡里,457,254004,556,339,150,664,853.81,153.62
新北市,八里區,下罟里,428,207812,486,285,137,589,636.17,131.02
新北市,八里區,長坑里,424,222526,525,332,171,638,678.72,129.32
新北市,永和區,下溪里,1260,1080167,857,520,239,1072,1285.63,149.97
新北市,永和區,中溪里,1662,1369292,824,501,234,1053,1001.99,121.62
新北市,永和區,上溪里,647,486102,751,465,216,969,907.69,120.81
新北市,永和區,後溪里,680,647791,953,557,259,1267,1130.53,118.67
新北市,永和區,頂溪里,860,702836,817,500,218,1019,1144.99,140.10
新北市,永和區,網溪里,353,262496,744,525,247,943,857.15,115.27
新北市,永和區,復興里,794,638214,804,502,228,1000,1020.14,126.92
新北市,永和區,竹林里,1209,936860,775,479,243,1007,894.98,115.50
新北市,永和區,中興里,990,980519,990,526,237,1159,1926.92,194.56
新北市,永和區,店街里,1428,1405950,985,560,262,1202,1429.83,145.23
新北市,永和區,潭墘里,1537,1482977,965,542,247,1210,1462.10,151.54
新北市,永和區,水源里,1277,978957,767,499,234,979,870.28,113.52
新北市,永和區,秀朗里,1160,829530,715,444,205,859,1490.55,208.44
新北市,永和區,大同里,209,110796,530,390,202,705,513.65,96.89
新北市,永和區,永成里,230,138495,602,382,183,709,799.73,132.81
新北市,永和區,福和里,1871,1930528,1032,553,260,1190,3898.67,377.85
新北市,永和區,豫溪里,1230,1015551,826,515,236,1054,1083.05,131.18
新北市,永和區,上林里,1105,941543,852,530,231,1058,1051.45,123.40
新北市,永和區,新廍里,723,561133,776,488,229,1015,833.07,107.34
新北市,永和區,和平里,1621,1367800,844,499,234,1024,1133.78,134.37
新北市,永和區,仁愛里,895,780064,872,513,254,1120,1024.01,117.49
新北市,永和區,前溪里,683,602572,882,567,273,1069,1125.16,127.53
新北市,永和區,永興里,991,770895,778,461,226,967,973.94,125.20
新北市,永和區,永安里,1413,1355866,960,559,249,1181,1323.06,137.88
新北市,永和區,雙和里,1298,1111596,856,573,271,1067,987.13,115.27
新北市,永和區,得和里,1471,1286169,874,527,239,1115,1185.40,135.58
新北市,永和區,大新里,923,794231,860,542,249,1149,971.70,112.92
新北市,永和區,桂林里,1189,956449,804,475,213,998,1094.09,136.01
新北市,永和區,勵行里,386,270599,701,469,220,989,748.63,106.79
新北市,永和區,光復里,559,422309,755,466,208,980,838.27,110.96
新北市,永和區,光明里,1032,878317,851,547,231,1065,1225.19,143.96
新北市,永和區,信義里,954,837559,878,523,253,1109,1197.45,136.39
新北市,永和區,正興里,752,632375,841,536,244,1037,1059.29,125.97
新北市,永和區,忠義里,193,113268,587,384,204,657,681.65,116.15
新北市,永和區,新生里,169,109440,648,452,233,877,677.30,104.59
新北市,永和區,河堤里,1145,1195853,1044,611,283,1274,1769.09,169.39
新北市,永和區,民治里,921,701753,762,474,209,888,1791.27,235.09
新北市,永和區,智光里,937,604465,645,447,223,828,659.10,102.17
新北市,永和區,秀和里,1672,1491360,892,510,252,1117,1546.03,173.33
新北市,永和區,潭安里,1564,1308100,836,535,242,1079,1093.22,130.71
新北市,永和區,永貞里,1085,885506,816,534,251,1052,893.93,109.53
新北市,永和區,福林里,1036,736284,711,465,217,926,777.70,109.43
新北市,永和區,安和里,1326,1148028,866,552,246,1085,1054.38,121.78
新北市,永和區,文化里,879,682128,776,465,215,1031,977.23,125.93
新北市,永和區,民權里,1469,1242940,846,517,227,1029,1139.26,134.65
新北市,永和區,民生里,1179,842551,715,454,216,936,909.36,127.25
新北市,永和區,永福里,896,801126,894,543,243,1078,1281.68,143.35
新北市,永和區,河濱里,1003,921207,918,502,236,1076,1782.77,194.11
新北市,永和區,永元里,1551,1233471,795,511,225,1017,909.88,114.41
新北市,永和區,秀成里,913,648422,710,443,220,871,1167.92,164.45
新北市,永和區,秀林里,1248,1026346,822,511,244,1053,972.02,118.19
新北市,永和區,秀得里,856,613730,717,467,211,926,860.45,120.01
新北市,永和區,民族里,1497,1317238,880,553,243,1110,1149.99,130.69
新北市,永和區,民本里,1266,1220768,964,574,259,1155,1328.79,137.80
新北市,永和區,民樂里,1562,1687090,1080,581,237,1231,1898.79,175.80
新北市,永和區,協和里,880,649179,738,463,228,985,855.02,115.90
新北市,永和區,保平里,1550,1364679,880,517,243,1095,1398.46,158.84
新北市,永和區,保安里,2528,2600777,1029,607,246,1254,1650.86,160.47
新北市,永和區,民富里,852,615218,722,500,255,946,727.49,100.75
新北市,永和區,秀元里,966,722150,748,462,212,959,857.96,114.77
新北市,永和區,永樂里,759,598353,788,516,233,1015,889.09,112.78
新北市,永和區,保順里,3507,3857551,1100,674,279,1475,1363.17,123.93
宜蘭縣,宜蘭市,南門里,384,222984,581,394,214,758,589.78,101.57
宜蘭縣,宜蘭市,建軍里,560,323153,577,403,197,780,552.99,95.83
宜蘭縣,宜蘭市,民族里,703,451245,642,427,201,843,713.60,111.17
宜蘭縣,宜蘭市,思源里,1640,1326216,809,525,243,1107,857.07,105.98
宜蘭縣,宜蘭市,負郭里,941,600676,638,422,202,845,709.06,111.08
宜蘭縣,宜蘭市,神農里,886,521901,589,406,201,759,591.85,100.47
宜蘭縣,宜蘭市,民權里,515,328318,638,428,204,846,693.33,108.76
宜蘭縣,宜蘭市,慈安里,507,254178,501,379,195,650,469.09,93.57
宜蘭縣,宜蘭市,新民里,451,274318,608,400,177,754,713.38,117.29
宜蘭縣,宜蘭市,東門里,267,167581,628,415,198,790,696.08,110.90
宜蘭縣,宜蘭市,小東里,476,283028,595,398,193,841,602.12,101.27
宜蘭縣,宜蘭市,菜園里,405,242274,598,389,179,782,691.17,115.54
宜蘭縣,宜蘭市,孝廉里,303,170808,564,422,197,760,504.23,89.45
宜蘭縣,宜蘭市,中山里,260,152146,585,400,198,723,705.36,120.54
宜蘭縣,宜蘭市,北門里,314,177847,566,394,201,698,667.64,117.88
宜蘭縣,宜蘭市,西門里,460,242202,527,397,192,679,513.04,97.44
宜蘭縣,宜蘭市,凱旋里,398,239915,603,409,195,734,661.73,109.78
宜蘭縣,宜蘭市,南津里,714,565538,792,506,225,1032,1069.43,135.02
宜蘭縣,宜蘭市,建業里,588,607485,1033,557,252,1206,2159.94,209.07
宜蘭縣,宜蘭市,南橋里,374,287069,768,474,213,1017,950.97,123.89
宜蘭縣,宜蘭市,進士里,745,475731,639,412,208,787,697.51,109.23
宜蘭縣,宜蘭市,茭白里,656,396103,604,417,206,790,685.78,113.57
宜蘭縣,宜蘭市,新生里,734,389706,531,369,190,639,592.96,111.68
宜蘭縣,宜蘭市,梅洲里,907,445882,492,351,177,639,486.47,98.96
宜蘭縣,宜蘭市,北津里,640,329420,515,372,179,671,499.12,96.97
宜蘭縣,宜蘭市,東村里,745,499627,671,467,226,919,656.09,97.83
宜蘭縣,宜蘭市,延平里,1098,766654,698,469,221,919,748.98,107.27
宜蘭縣,宜蘭市,黎明里,580,431682,744,503,253,957,803.46,107.95
宜蘭縣,宜蘭市,七張里,420,222275,529,344,181,639,655.82,123.92
宜蘭縣,宜蘭市,復興里,868,533417,615,416,197,797,732.47,119.19
宜蘭縣,宜蘭市,文化里,993,704695,710,459,213,884,790.81,111.43
宜蘭縣,宜蘭市,七結里,925,702434,759,511,222,1019,906.07,119.32
宜蘭縣,宜蘭市,大新里,229,133286,582,372,195,684,770.77,132.43
宜蘭縣,宜蘭市,中興里,845,443493,525,388,200,656,515.82,98.28
宜蘭縣,宜蘭市,成功里,1026,706006,688,506,246,940,640.08,93.02
宜蘭縣,宜蘭市,泰山里,563,304855,541,385,191,731,561.44,103.69
宜蘭縣,宜蘭市,新東里,972,635012,653,445,202,820,833.12,127.52
宜蘭縣,宜蘭市,擺厘里,1066,732400,687,454,203,886,831.02,120.95
宜蘭縣,頭城鎮,石城里,43,16496,384,332,151,489,319.90,83.39
宜蘭縣,頭城鎮,大里里,111,49710,448,305,146,542,461.58,103.07
宜蘭縣,頭城鎮,大溪里,113,62328,552,380,169,685,730.40,132.42
宜蘭縣,頭城鎮,更新里,248,112150,452,347,163,562,485.94,107.46
宜蘭縣,頭城鎮,合興里,63,25609,406,316,107,506,405.21,99.69
宜蘭縣,頭城鎮,外澳里,161,76658,476,379,181,515,478.59,100.51
宜蘭縣,頭城鎮,港口里,181,92943,513,344,143,613,579.01,112.76
宜蘭縣,頭城鎮,武營里,398,246462,619,418,200,763,677.45,109.40
宜蘭縣,頭城鎮,城東里,183,101705,556,386,174,774,560.96,100.94
宜蘭縣,頭城鎮,城西里,162,88453,546,375,193,634,756.33,138.52
宜蘭縣,頭城鎮,城南里,170,91879,540,380,200,686,582.13,107.71
宜蘭縣,頭城鎮,城北里,123,62126,505,377,168,690,478.50,94.74
宜蘭縣,頭城鎮,大坑里,291,150898,519,385,201,669,550.25,106.11
宜蘭縣,頭城鎮,竹安里,451,194514,431,311,153,536,439.11,101.81
宜蘭縣,頭城鎮,新建里,528,288006,545,379,193,702,572.99,105.05
宜蘭縣,頭城鎮,拔雅里,541,351879,650,416,207,804,804.79,123.73
宜蘭縣,頭城鎮,福成里,226,117013,518,323,190,577,625.61,120.83
宜蘭縣,頭城鎮,金面里,454,230591,508,348,177,641,604.25,118.97
宜蘭縣,頭城鎮,金盈里,190,105118,553,398,160,647,698.32,126.22
宜蘭縣,頭城鎮,頂埔里,332,193522,583,355,183,624,1324.96,227.31
宜蘭縣,頭城鎮,下埔里,196,104768,535,356,183,681,671.83,125.69
宜蘭縣,頭城鎮,中崙里,264,135180,512,357,170,662,520.49,101.65
宜蘭縣,頭城鎮,二城里,274,121816,445,318,145,551,501.20,112.73
宜蘭縣,頭城鎮,龜山里,76,31240,411,305,153,528,370.28,90.08
宜蘭縣,礁溪鄉,大忠村,746,417045,559,408,196,722,567.55,101.52
宜蘭縣,礁溪鄉,大義村,157,81124,517,338,153,707,542.18,104.93
宜蘭縣,礁溪鄉,二龍村,290,160833,555,416,213,647,566.13,102.08
宜蘭縣,礁溪鄉,德陽村,1234,807510,654,445,210,838,763.52,116.68
宜蘭縣,礁溪鄉,白雲村,447,228789,512,356,146,669,538.03,105.12
宜蘭縣,礁溪鄉,玉石村,585,379565,649,414,203,724,992.18,152.92
宜蘭縣,礁溪鄉,六結村,402,269134,669,460,221,816,758.07,113.23
宜蘭縣,礁溪鄉,時潮村,356,179723,505,352,173,611,608.75,120.58
宜蘭縣,礁溪鄉,林美村,270,127700,473,354,172,639,477.08,100.87
宜蘭縣,礁溪鄉,三民村,606,291718,481,367,184,597,521.71,108.38
宜蘭縣,礁溪鄉,玉田村,563,321015,570,379,173,722,640.75,112.38
宜蘭縣,礁溪鄉,白鵝村,195,112148,575,363,164,744,772.22,134.27
宜蘭縣,礁溪鄉,玉光村,295,166375,564,334,170,702,650.19,115.29
宜蘭縣,礁溪鄉,光武村,386,212689,551,392,184,668,662.15,120.17
宜蘭縣,礁溪鄉,匏崙村,189,72848,385,324,150,498,373.25,96.84
宜蘭縣,礁溪鄉,二結村,96,64885,676,400,166,829,923.89,136.69
宜蘭縣,礁溪鄉,吳沙村,735,432862,589,396,194,721,665.77,113.05
宜蘭縣,礁溪鄉,龍潭村,955,464837,487,351,170,638,487.95,100.25
宜蘭縣,壯圍鄉,東港村,158,75298,477,342,175,575,556.96,116.87
宜蘭縣,壯圍鄉,復興村,332,160023,482,350,178,606,442.44,91.79
宜蘭縣,壯圍鄉,吉祥村,751,441572,588,405,207,740,630.85,107.29
宜蘭縣,壯圍鄉,新南村,239,122070,511,377,196,620,509.12,99.68
宜蘭縣,壯圍鄉,美福村,480,271831,566,406,201,723,583.30,103.00
宜蘭縣,壯圍鄉,大福村,426,210380,494,377,204,629,461.59,93.47
宜蘭縣,壯圍鄉,新社村,274,146656,535,327,163,616,703.25,131.39
宜蘭縣,壯圍鄉,忠孝村,643,352891,549,385,192,666,587.49,107.05
宜蘭縣,壯圍鄉,功勞村,372,231657,623,398,192,780,688.49,110.56
宜蘭縣,壯圍鄉,永鎮村,157,63668,406,279,161,528,408.37,100.70
宜蘭縣,壯圍鄉,過嶺村,297,136479,460,318,149,560,489.62,106.55
宜蘭縣,壯圍鄉,美城村,643,406852,633,400,183,727,969.40,153.21
宜蘭縣,壯圍鄉,古亭村,444,242694,547,359,175,674,644.55,117.92
宜蘭縣,壯圍鄉,古結村,332,167305,504,356,178,617,570.83,113.27
宜蘭縣,員山鄉,員山村,1800,1098652,610,410,203,748,911.99,149.42
宜蘭縣,員山鄉,尚德村,571,313439,549,384,178,637,679.57,123.80
宜蘭縣,員山鄉,內城村,343,184844,539,350,189,578,926.62,171.94
宜蘭縣,員山鄉,惠好村,451,270686,600,396,206,755,722.30,120.35
宜蘭縣,員山鄉,深溝村,524,355503,678,427,196,818,899.92,132.64
宜蘭縣,員山鄉,蓁巷村,305,149418,490,327,152,535,630.12,128.62
宜蘭縣,員山鄉,七賢村,417,247833,594,404,197,713,713.89,120.12
宜蘭縣,員山鄉,永和村,477,231684,486,335,178,618,594.59,122.42
宜蘭縣,員山鄉,枕山村,569,331011,582,388,200,649,776.82,133.53
宜蘭縣,員山鄉,頭分村,370,184886,500,366,169,627,510.74,102.21
宜蘭縣,員山鄉,同樂村,575,265141,461,327,155,612,473.52,102.69
宜蘭縣,員山鄉,湖東村,218,102179,469,325,142,636,578.55,123.43
宜蘭縣,員山鄉,湖西村,283,161913,572,371,166,640,778.53,136.08
宜蘭縣,員山鄉,逸仙村,232,126160,544,363,159,670,612.63,112.66
宜蘭縣,員山鄉,湖北村,257,133839,521,338,155,624,785.40,150.81
宜蘭縣,員山鄉,中華村,100,53690,537,248,134,587,951.09,177.15
宜蘭縣,羅東鎮,成功里,516,314675,610,408,187,828,644.43,105.67
宜蘭縣,羅東鎮,北成里,937,701040,748,457,212,955,898.88,120.14
宜蘭縣,羅東鎮,仁愛里,1243,820696,660,408,197,819,784.15,118.77
宜蘭縣,羅東鎮,竹林里,957,566253,592,391,203,738,664.90,112.37
宜蘭縣,羅東鎮,賢文里,1200,743780,620,403,187,773,798.82,128.88
宜蘭縣,羅東鎮,東安里,1235,722580,585,395,185,729,786.96,134.50
宜蘭縣,羅東鎮,新羣里,913,482911,529,357,164,683,643.37,121.64
宜蘭縣,羅東鎮,羅莊里,1011,554956,549,391,182,717,567.06,103.30
宜蘭縣,羅東鎮,仁德里,354,203844,576,361,190,685,763.88,132.66
宜蘭縣,羅東鎮,漢民里,1169,654053,559,383,175,697,655.05,117.08
宜蘭縣,羅東鎮,西安里,915,513418,561,387,179,755,571.24,101.80
宜蘭縣,羅東鎮,信義里,1019,691799,679,460,224,896,731.99,107.82
宜蘭縣,羅東鎮,公正里,933,648619,695,424,197,860,937.24,134.82
宜蘭縣,羅東鎮,大新里,464,297904,642,405,177,817,808.53,125.93
宜蘭縣,羅東鎮,南昌里,781,471224,603,390,193,717,826.87,137.04
宜蘭縣,羅東鎮,集祥里,314,232259,740,398,182,851,1084.02,146.55
宜蘭縣,羅東鎮,南豪里,427,238937,560,394,179,694,549.28,98.16
宜蘭縣,羅東鎮,樹林里,1276,933186,731,475,229,948,836.71,114.41
宜蘭縣,羅東鎮,維揚里,953,569887,598,412,185,740,736.70,123.20
宜蘭縣,羅東鎮,開明里,405,227047,561,380,178,676,681.85,121.63
宜蘭縣,羅東鎮,中山里,397,218704,551,357,174,682,630.16,114.39
宜蘭縣,羅東鎮,仁和里,244,148282,608,375,156,638,874.58,143.91
宜蘭縣,羅東鎮,國華里,1504,1016579,676,431,204,849,805.93,119.24
宜蘭縣,五結鄉,五結村,1198,715030,597,393,180,741,836.61,140.17
宜蘭縣,五結鄉,協和村,1111,634787,571,351,170,686,865.96,151.56
宜蘭縣,五結鄉,大吉村,1174,585545,499,370,164,649,514.85,103.23
宜蘭縣,五結鄉,福興村,593,351683,593,393,171,713,731.02,123.26
宜蘭縣,五結鄉,三興村,693,387791,560,392,178,706,636.34,113.72
宜蘭縣,五結鄉,鎮安村,870,483507,556,413,201,741,525.26,94.51
宜蘭縣,五結鄉,中興村,445,240656,541,368,156,725,586.70,108.49
宜蘭縣,五結鄉,四結村,919,622561,677,428,201,863,789.27,116.51
宜蘭縣,五結鄉,上四村,515,271671,528,380,160,690,510.46,96.77
宜蘭縣,五結鄉,二結村,642,370605,577,410,213,760,566.71,98.17
宜蘭縣,五結鄉,利澤村,587,268531,457,315,137,588,491.85,107.52
宜蘭縣,五結鄉,季新村,747,325961,436,323,155,570,446.84,102.40
宜蘭縣,五結鄉,成興村,954,458812,481,351,167,589,598.41,124.43
宜蘭縣,五結鄉,孝威村,484,238569,493,338,166,618,525.55,106.62
宜蘭縣,五結鄉,錦衆村,371,159508,430,296,136,564,440.88,102.54
宜蘭縣,冬山鄉,南興村,1026,599310,584,412,204,756,566.75,97.03
宜蘭縣,冬山鄉,冬山村,216,121117,561,393,176,779,566.95,101.11
宜蘭縣,冬山鄉,武淵村,406,240466,592,374,174,700,934.15,157.72
宜蘭縣,冬山鄉,珍珠村,552,341999,620,434,199,757,775.47,125.16
宜蘭縣,冬山鄉,三奇村,281,121019,431,297,150,544,465.64,108.12
宜蘭縣,冬山鄉,補城村,358,199747,558,379,162,736,617.48,110.67
宜蘭縣,冬山鄉,大興村,295,149641,507,377,199,605,544.99,107.44
宜蘭縣,冬山鄉,東城村,457,247674,542,403,200,679,550.32,101.54
宜蘭縣,冬山鄉,香和村,1033,647126,626,409,198,749,761.48,121.55
宜蘭縣,冬山鄉,安平村,204,85694,420,275,148,534,494.33,117.68
宜蘭縣,冬山鄉,太和村,462,238976,517,350,180,624,576.62,111.47
宜蘭縣,冬山鄉,永美村,1068,665437,623,423,213,803,807.15,129.54
宜蘭縣,冬山鄉,八寶村,288,175849,611,406,181,680,1082.27,177.25
宜蘭縣,冬山鄉,丸山村,466,232716,499,355,172,609,617.51,123.65
宜蘭縣,冬山鄉,中山村,121,54783,453,319,197,568,505.16,111.58
宜蘭縣,冬山鄉,順安村,1518,816413,538,361,169,627,1115.60,207.43
宜蘭縣,冬山鄉,清溝村,1280,796627,622,416,201,823,655.20,105.28
宜蘭縣,冬山鄉,羣英村,1475,824264,559,382,182,683,679.45,121.59
宜蘭縣,冬山鄉,鹿埔村,758,379386,501,358,179,609,566.17,113.12
宜蘭縣,冬山鄉,得安村,281,141677,504,301,136,591,766.18,151.96
宜蘭縣,冬山鄉,廣興村,775,414542,535,367,175,610,933.88,174.59
宜蘭縣,冬山鄉,廣安村,545,308537,566,335,160,735,735.08,129.84
宜蘭縣,冬山鄉,柯林村,559,353377,632,419,191,799,803.50,127.10
宜蘭縣,冬山鄉,大進村,170,82608,486,309,187,623,515.66,106.12
宜蘭縣,蘇澳鎮,港邊里,312,155023,497,374,184,631,498.81,100.39
宜蘭縣,蘇澳鎮,永春里,142,63849,450,305,149,611,424.53,94.42
宜蘭縣,蘇澳鎮,東澳里,62,30353,490,360,194,593,573.85,117.22
宜蘭縣,蘇澳鎮,聖湖里,690,353517,512,370,186,595,591.02,115.36
宜蘭縣,蘇澳鎮,新城里,426,187632,440,349,173,571,425.60,96.63
宜蘭縣,蘇澳鎮,隘丁里,939,467214,498,385,205,671,428.66,86.15
宜蘭縣,蘇澳鎮,永榮里,1177,610464,519,382,184,668,526.95,101.60
宜蘭縣,蘇澳鎮,存仁里,213,100511,472,371,174,617,468.86,99.36
宜蘭縣,蘇澳鎮,頂寮里,330,165944,503,369,194,566,606.70,120.65
宜蘭縣,蘇澳鎮,永樂里,127,59412,468,310,167,572,641.40,137.11
宜蘭縣,蘇澳鎮,蘇東里,133,54235,408,310,143,537,380.04,93.20
宜蘭縣,蘇澳鎮,朝陽里,95,39579,417,305,133,530,416.85,100.05
宜蘭縣,蘇澳鎮,南強里,138,66212,480,344,210,623,472.20,98.42
宜蘭縣,蘇澳鎮,南寧里,218,123726,568,403,154,731,652.67,115.00
宜蘭縣,蘇澳鎮,南安里,228,124534,546,357,170,646,642.77,117.68
宜蘭縣,蘇澳鎮,南正里,194,107916,556,383,195,646,713.06,128.19
宜蘭縣,蘇澳鎮,蘇西里,663,385913,582,387,201,721,637.05,109.45
宜蘭縣,蘇澳鎮,蘇南里,144,68230,474,396,219,615,372.14,78.54
宜蘭縣,蘇澳鎮,蘇北里,285,154030,540,353,166,585,834.05,154.32
宜蘭縣,蘇澳鎮,長安里,157,70286,448,369,169,634,393.10,87.81
宜蘭縣,蘇澳鎮,永光里,122,84196,690,386,163,657,1237.11,179.26
宜蘭縣,蘇澳鎮,南興里,266,134439,505,329,153,618,649.33,128.48
宜蘭縣,蘇澳鎮,龍德里,1032,466524,452,334,172,585,452.96,100.20
宜蘭縣,蘇澳鎮,南成里,185,87150,471,345,190,579,472.83,100.37
宜蘭縣,蘇澳鎮,南建里,212,103194,487,338,160,608,682.34,140.18
宜蘭縣,蘇澳鎮,聖愛里,815,376525,462,335,174,615,457.99,99.13
宜蘭縣,三星鄉,月眉村,223,120361,540,348,159,652,635.35,117.71
宜蘭縣,三星鄉,人和村,88,67597,768,440,130,789,1394.55,181.55
宜蘭縣,三星鄉,義德村,281,155272,553,365,186,673,656.59,118.82
宜蘭縣,三星鄉,雙賢村,118,59377,503,359,163,677,517.42,102.83
宜蘭縣,三星鄉,集慶村,281,132092,470,347,167,579,466.00,99.13
宜蘭縣,三星鄉,萬德村,148,72851,492,357,146,615,540.86,109.88
宜蘭縣,三星鄉,萬富村,173,104085,602,395,241,830,543.46,90.33
宜蘭縣,三星鄉,貴林村,130,56340,433,358,150,576,362.14,83.56
宜蘭縣,三星鄉,大隱村,1301,706013,543,353,163,654,695.32,128.13
宜蘭縣,三星鄉,行健村,231,139542,604,321,124,726,959.18,158.78
宜蘭縣,三星鄉,拱照村,272,154128,567,374,173,684,702.73,124.01
宜蘭縣,三星鄉,大洲村,483,287067,594,383,191,697,743.01,125.01
宜蘭縣,三星鄉,大義村,368,230271,626,355,181,667,1037.68,165.83
宜蘭縣,三星鄉,尾塹村,437,239788,549,395,200,663,689.71,125.70
宜蘭縣,三星鄉,尚武村,200,104535,523,323,150,588,686.31,131.31
宜蘭縣,三星鄉,天山村,99,51009,515,335,154,681,564.28,109.52
宜蘭縣,三星鄉,天福村,129,56748,440,320,139,604,421.46,95.81
宜蘭縣,三星鄉,員山村,63,28333,450,311,154,520,553.86,123.15
宜蘭縣,大同鄉,寒溪村,183,66858,365,280,122,480,355.87,97.41
宜蘭縣,大同鄉,松羅村,127,54724,431,356,167,599,342.40,79.46
宜蘭縣,大同鄉,土場村,0,0,0,0,0,0,0.00,0.00
宜蘭縣,大同鄉,太平村,9,4411,490,429,378,504,295.87,60.37
宜蘭縣,大同鄉,四季村,114,57427,504,395,185,626,446.78,88.69
宜蘭縣,大同鄉,樂水村,57,20893,367,335,146,417,328.46,89.61
宜蘭縣,大同鄉,南山村,55,22930,417,349,218,551,315.85,75.76
宜蘭縣,大同鄉,崙埤村,138,67238,487,368,186,601,545.88,112.04
宜蘭縣,大同鄉,英士村,53,23799,449,259,125,473,656.16,146.13
宜蘭縣,大同鄉,復興村,53,24167,456,316,101,514,545.84,119.71
宜蘭縣,大同鄉,茂安村,38,15269,402,285,138,552,362.60,90.24
宜蘭縣,南澳鄉,南澳村,313,133488,426,360,124,616,377.30,88.47
宜蘭縣,南澳鄉,碧候村,250,80757,323,267,95,450,286.30,88.63
宜蘭縣,南澳鄉,東岳村,105,54223,516,374,215,740,458.39,88.77
宜蘭縣,南澳鄉,武塔村,104,51497,495,410,185,659,435.80,88.01
宜蘭縣,南澳鄉,金岳村,90,36183,402,404,190,550,281.25,69.96
宜蘭縣,南澳鄉,金洋村,91,37522,412,367,176,556,307.28,74.52
宜蘭縣,南澳鄉,澳花村,196,77076,393,285,129,533,400.24,101.78
桃園市,桃園區,文化里,354,425488,1202,645,267,1547,1608.93,133.86
桃園市,桃園區,武陵里,554,435486,786,493,265,931,1081.11,137.53
桃園市,桃園區,文昌里,282,221639,786,465,237,971,1158.07,147.35
桃園市,桃園區,長美里,327,225734,690,408,241,910,786.52,113.94
桃園市,桃園區,永興里,654,448702,686,439,194,881,889.49,129.65
桃園市,桃園區,南門里,2007,1453586,724,441,227,912,868.58,119.93
桃園市,桃園區,東門里,1096,903544,824,492,228,1022,1186.86,143.97
桃園市,桃園區,西門里,523,455672,871,494,207,976,1314.12,150.83
桃園市,桃園區,北門里,567,387467,683,444,201,824,806.82,118.07
桃園市,桃園區,雲林里,2246,1714831,764,484,237,990,876.36,114.78
桃園市,桃園區,豐林里,2166,1429335,660,431,212,832,731.90,110.91
桃園市,桃園區,會稽里,3422,2445430,715,490,230,923,807.95,113.06
桃園市,桃園區,朝陽里,651,424558,652,415,188,834,767.15,117.63
桃園市,桃園區,青溪里,1534,1174272,765,431,210,951,1074.04,140.31
桃園市,桃園區,汴洲里,2085,1385496,665,476,236,857,766.64,115.37
桃園市,桃園區,東埔里,1445,928914,643,417,201,828,704.30,109.56
桃園市,桃園區,中埔里,847,611239,722,439,224,905,892.66,123.70
桃園市,桃園區,西埔里,1035,773826,748,475,231,921,907.78,121.42
桃園市,桃園區,中山里,2492,2072061,831,530,253,1048,958.31,115.25
桃園市,桃園區,中正里,2339,2059920,881,564,265,1105,1095.42,124.38
桃園市,桃園區,龍岡里,2072,1484938,717,506,243,948,747.63,104.32
桃園市,桃園區,東山里,646,453862,703,428,212,823,1064.94,151.58
桃園市,桃園區,南華里,425,303789,715,456,200,930,853.81,119.45
桃園市,桃園區,大林里,2761,2078215,753,523,252,995,810.56,107.69
桃園市,桃園區,文明里,497,378119,761,474,225,925,1214.16,159.59
桃園市,桃園區,建國里,1824,1216915,667,439,219,867,717.26,107.51
桃園市,桃園區,成功里,1521,1376471,905,496,234,1073,1766.23,195.17
桃園市,桃園區,忠義里,1308,934181,714,438,212,897,928.71,130.03
桃園市,桃園區,永安里,1466,1020124,696,444,216,857,871.19,125.20
桃園市,桃園區,玉山里,1721,1237466,719,439,216,849,937.16,130.33
桃園市,桃園區,中興里,1960,1491178,761,484,220,922,952.28,125.17
桃園市,桃園區,西湖里,508,417803,822,443,198,932,1283.17,156.02
桃園市,桃園區,福林里,2082,1623921,780,515,254,1016,884.52,113.40
桃園市,桃園區,慈文里,2098,1440713,687,458,228,921,746.46,108.70
桃園市,桃園區,新埔里,3662,3692667,1008,587,266,1257,1383.75,137.23
桃園市,桃園區,萬壽里,311,203105,653,381,198,738,866.99,132.76
桃園市,桃園區,中成里,1691,1335128,790,477,244,902,1119.78,141.83
桃園市,桃園區,長安里,1160,774613,668,430,223,801,853.83,127.86
桃園市,桃園區,光興里,1771,1407617,795,504,233,961,1024.02,128.84
桃園市,桃園區,龍山里,1088,602548,554,373,186,655,665.85,120.23
桃園市,桃園區,民生里,527,423761,804,475,226,942,1141.68,141.98
桃園市,桃園區,中和里,464,342478,738,429,191,865,1011.61,137.06
桃園市,桃園區,大豐里,1753,1192432,680,428,217,867,887.55,130.48
桃園市,桃園區,福安里,1468,1144040,779,491,231,979,1433.93,184.00
桃園市,桃園區,三民里,1645,1611953,980,561,243,1127,1513.09,154.41
桃園市,桃園區,大興里,1987,1394194,702,440,221,866,863.02,123.00
桃園市,桃園區,春日里,2183,1445775,662,451,231,855,690.23,104.22
桃園市,桃園區,信光里,2458,1980691,806,484,229,1029,1340.19,166.32
桃園市,桃園區,中寧里,2316,2316769,1000,620,289,1294,1105.92,110.56
桃園市,桃園區,同安里,3481,4270477,1227,603,264,1409,2154.29,175.60
桃園市,桃園區,莊敬里,3254,3714970,1142,599,267,1289,1895.44,166.02
桃園市,桃園區,文中里,1060,881780,832,554,247,1049,891.11,107.12
桃園市,桃園區,泰山里,1400,1079775,771,475,222,955,1006.78,130.54
桃園市,桃園區,中路里,1407,1048109,745,476,247,917,856.32,114.95
桃園市,桃園區,中德里,2246,1656531,738,458,228,921,977.06,132.47
桃園市,桃園區,龍祥里,1798,1340429,746,492,247,962,842.63,113.03
桃園市,桃園區,大有里,2325,1809044,778,533,249,1037,836.19,107.47
桃園市,桃園區,寶山里,2949,2043254,693,455,218,896,871.96,125.85
桃園市,桃園區,龍鳳里,2702,2009321,744,501,244,977,797.14,107.19
桃園市,桃園區,龍安里,2097,1800945,859,565,258,1103,1041.27,121.24
桃園市,桃園區,自強里,2760,2762459,1001,558,258,1192,2945.83,294.32
桃園市,桃園區,中信里,2083,1627539,781,482,238,972,988.39,126.50
桃園市,桃園區,長德里,1725,1308045,758,467,230,902,1063.10,140.20
桃園市,桃園區,中平里,1617,1104109,683,422,198,872,838.68,122.83
桃園市,桃園區,中原里,1701,1319369,776,482,242,1014,885.37,114.15
桃園市,桃園區,中泰里,1556,1545447,993,575,264,1185,1361.23,137.05
桃園市,桃園區,南埔里,1833,1575816,860,517,242,1093,1047.89,121.89
桃園市,桃園區,寶慶里,2353,2493439,1060,646,274,1352,1333.73,125.86
桃園市,桃園區,北埔里,1781,1544720,867,553,251,1068,1044.03,120.37
桃園市,桃園區,三元里,1364,981818,720,455,200,919,935.42,129.95
桃園市,桃園區,中聖里,2063,1956519,948,581,255,1195,1135.17,119.69
桃園市,桃園區,龍壽里,2448,1798872,735,522,252,956,796.67,108.41
桃園市,桃園區,瑞慶里,2151,1788649,832,515,253,1056,1022.05,122.91
桃園市,桃園區,寶安里,2878,2416389,840,528,241,1093,1030.36,122.72
桃園市,桃園區,同德里,2355,2609576,1108,687,295,1425,1413.32,127.54
桃園市,桃園區,明德里,1285,1747521,1360,629,286,1517,2756.01,202.66
桃園市,桃園區,大樹里,1311,855701,653,455,221,798,807.29,123.68
桃園市,桃園區,大業里,1853,1656848,894,563,248,1118,1758.99,196.72
桃園市,桃園區,福元里,1691,1527473,903,605,267,1192,1039.39,115.07
桃園市,大溪區,興和里,459,278829,607,440,209,809,619.53,101.99
桃園市,大溪區,福仁里,267,152754,572,378,210,667,754.15,131.82
桃園市,大溪區,一心里,1403,835348,595,387,189,742,724.87,121.74
桃園市,大溪區,月眉里,330,169989,515,349,192,611,562.30,109.16
桃園市,大溪區,康安里,348,192830,554,360,182,642,661.16,119.32
桃園市,大溪區,義和里,463,251808,544,345,179,632,891.06,163.84
桃園市,大溪區,福安里,540,323233,599,394,183,700,758.21,126.67
桃園市,大溪區,美華里,813,433157,533,378,186,654,649.67,121.94
桃園市,大溪區,復興里,170,83055,489,337,144,580,774.57,158.54
桃園市,大溪區,新峰里,133,68604,516,315,179,623,610.58,118.37
桃園市,大溪區,永福里,272,244288,898,441,188,898,1455.38,162.05
桃園市,大溪區,瑞興里,704,383311,544,348,175,610,824.27,151.39
桃園市,大溪區,中新里,417,206097,494,329,171,594,549.19,111.12
桃園市,大溪區,仁善里,1539,1143487,743,506,239,938,866.86,116.67
桃園市,大溪區,南興里,1510,780586,517,359,188,625,592.74,114.66
桃園市,大溪區,員林里,496,291098,587,398,191,690,668.57,113.92
桃園市,大溪區,瑞源里,1207,768925,637,431,227,865,756.83,118.80
桃園市,大溪區,僑愛里,823,541975,659,478,248,811,740.94,112.51
桃園市,大溪區,一德里,1628,861801,529,364,169,638,624.42,117.96
桃園市,大溪區,仁愛里,1711,1045685,611,409,214,771,701.68,114.81
桃園市,大溪區,仁義里,765,367349,480,331,165,588,525.30,109.39
桃園市,大溪區,仁武里,1006,621388,618,400,198,771,723.15,117.07
桃園市,大溪區,光明里,711,386442,544,387,201,685,533.21,98.10
桃園市,大溪區,三元里,1023,652169,638,473,246,863,581.09,91.15
桃園市,大溪區,田心里,1382,760798,551,367,172,721,639.44,116.16
桃園市,大溪區,仁文里,1215,692487,570,386,182,721,668.81,117.35
桃園市,大溪區,仁和里,1533,958082,625,405,200,795,667.42,106.79
桃園市,大溪區,仁美里,1040,641829,617,411,207,782,733.62,118.87
桃園市,中壢區,後寮里,1678,1079608,643,466,238,812,653.92,101.64
桃園市,中壢區,石頭里,596,480713,807,492,210,1047,960.86,119.13
桃園市,中壢區,新興里,1288,928622,721,462,237,874,858.04,119.01
桃園市,中壢區,仁美里,1905,1366565,717,486,238,893,847.98,118.21
桃園市,中壢區,普仁里,1323,909964,688,461,215,867,754.95,109.76
桃園市,中壢區,普義里,1460,1143979,784,532,243,1048,891.58,113.79
桃園市,中壢區,內壢里,611,401653,657,437,234,778,814.41,123.89
桃園市,中壢區,內定里,2426,1570027,647,435,233,809,724.84,112.00
桃園市,中壢區,水尾里,1169,843754,722,448,225,857,1223.16,169.47
桃園市,中壢區,青埔里,2060,2187642,1062,688,324,1346,1401.11,131.94
桃園市,中壢區,新街里,796,776123,975,502,229,1126,1673.04,171.59
桃園市,中壢區,興南里,1069,868781,813,471,215,952,1089.64,134.08
桃園市,中壢區,興國里,642,470999,734,464,223,932,905.29,123.40
桃園市,中壢區,中壢里,241,164637,683,410,214,854,956.49,140.01
桃園市,中壢區,中榮里,271,203841,752,404,200,841,1037.75,137.97
桃園市,中壢區,中建里,390,293408,752,419,172,850,1121.50,149.07
桃園市,中壢區,舊明里,488,332351,681,418,193,854,917.74,134.75
桃園市,中壢區,新明里,1274,844562,663,442,217,846,745.87,112.51
桃園市,中壢區,三民里,972,677526,697,436,218,805,887.79,127.37
桃園市,中壢區,五權里,2189,1876884,857,537,258,1080,1062.19,123.88
桃園市,中壢區,芝芭里,1298,1261360,972,547,263,1181,1287.54,132.49
桃園市,中壢區,內厝里,1674,1375657,822,462,242,972,1174.05,142.87
桃園市,中壢區,月眉里,1899,1169961,616,431,212,767,702.40,114.01
桃園市,中壢區,山東里,1175,703326,599,410,206,714,718.41,120.02
桃園市,中壢區,過嶺里,2834,2422461,855,582,305,1100,905.69,105.95
桃園市,中壢區,興仁里,1141,700486,614,418,206,750,793.96,129.33
桃園市,中壢區,中原里,1231,777718,632,421,222,802,671.77,106.33
桃園市,中壢區,自立里,1569,942795,601,417,220,767,627.87,104.49
桃園市,中壢區,洽溪里,2494,2624727,1052,682,328,1394,1252.11,118.97
桃園市,中壢區,中堅里,1210,870153,719,534,253,983,682.00,94.84
桃園市,中壢區,永興里,319,218799,686,424,198,849,944.82,137.75
桃園市,中壢區,光明里,1896,1597134,842,503,240,1042,1147.38,136.21
桃園市,中壢區,中央里,1340,1116886,833,499,238,1053,1094.28,131.29
桃園市,中壢區,龍岡里,1510,978808,648,467,235,820,684.74,105.63
桃園市,中壢區,中正里,1838,1271009,692,452,228,859,806.01,116.56
桃園市,中壢區,篤行里,936,730117,780,495,251,963,906.36,116.19
桃園市,中壢區,信義里,1642,1370606,835,530,249,1085,1186.86,142.19
桃園市,中壢區,忠義里,1462,1084214,742,524,278,976,781.27,105.35
桃園市,中壢區,忠福里,2795,2045848,732,491,239,931,856.36,116.99
桃園市,中壢區,東興里,1228,1019634,830,518,230,999,1432.01,172.46
桃園市,中壢區,復興里,3608,2556479,709,519,263,921,698.31,98.55
桃園市,中壢區,自強里,1258,983917,782,475,223,1001,941.26,120.35
桃園市,中壢區,龍平里,806,485829,603,433,211,757,653.88,108.48
桃園市,中壢區,成功里,1438,896487,623,437,223,824,661.29,106.07
桃園市,中壢區,龍興里,1527,1011098,662,475,244,857,710.77,107.34
桃園市,中壢區,仁愛里,1099,755628,688,448,228,851,788.71,114.71
桃園市,中壢區,仁德里,908,514188,566,398,222,770,517.55,91.39
桃園市,中壢區,仁祥里,821,423846,516,377,203,628,593.15,114.89
桃園市,中壢區,龍東里,1474,898115,609,431,220,776,665.36,109.20
桃園市,中壢區,龍昌里,1713,974654,569,412,217,725,582.56,102.39
桃園市,中壢區,文化里,3167,2242392,708,455,239,874,846.06,119.49
桃園市,中壢區,振興里,1644,1040201,633,448,231,791,697.79,110.28
桃園市,中壢區,普慶里,863,559619,648,439,218,816,723.44,111.56
桃園市,中壢區,興和里,910,586510,645,444,220,785,741.52,115.05
桃園市,中壢區,永光里,1973,1577961,800,542,250,1050,904.43,113.09
桃園市,中壢區,復華里,2018,1388102,688,485,239,907,734.19,106.74
桃園市,中壢區,忠孝里,1749,1432785,819,547,280,1077,971.16,118.55
桃園市,中壢區,福德里,980,715389,730,435,214,887,951.48,130.34
桃園市,中壢區,和平里,850,526017,619,428,226,785,759.96,122.80
桃園市,中壢區,普忠里,1152,1047978,910,566,253,1174,1116.67,122.75
桃園市,中壢區,普強里,1366,1057447,774,477,226,924,1146.78,148.14
桃園市,中壢區,明德里,1772,1314825,742,480,227,956,862.83,116.28
桃園市,中壢區,至善里,1228,779272,635,489,221,854,596.82,94.05
桃園市,中壢區,五福里,1110,724600,653,419,208,776,776.98,119.02
桃園市,中壢區,龍德里,1476,1121857,760,529,254,997,782.66,102.97
桃園市,中壢區,正義里,1580,1104874,699,440,218,910,786.23,112.43
桃園市,中壢區,龍安里,592,352150,595,402,204,754,731.49,122.97
桃園市,中壢區,中山里,1779,1236637,695,472,238,881,839.65,120.79
桃園市,中壢區,德義里,923,615555,667,447,216,860,691.79,103.73
桃園市,中壢區,仁義里,1420,1087459,766,494,247,989,863.88,112.80
桃園市,中壢區,華勛里,1216,681783,561,424,220,718,545.20,97.24
桃園市,中壢區,仁福里,1586,941944,594,430,214,754,621.61,104.66
桃園市,中壢區,幸福里,2135,1384960,649,435,234,827,688.87,106.19
桃園市,中壢區,永福里,1995,1384189,694,454,233,866,770.70,111.08
桃園市,中壢區,仁和里,1168,674970,578,425,218,744,577.43,99.92
桃園市,中壢區,華愛里,1235,830391,672,435,233,862,804.10,119.59
桃園市,中壢區,莊敬里,1198,806777,673,474,238,867,735.59,109.23
桃園市,中壢區,自治里,1146,861965,752,511,255,975,836.03,111.15
桃園市,中壢區,健行里,1621,1256676,775,530,254,1044,816.74,105.35
桃園市,中壢區,興平里,796,593798,746,486,226,972,962.64,129.04
桃園市,中壢區,中興里,1223,898567,735,448,234,847,2018.27,274.70
桃園市,中壢區,龍慈里,1704,1161100,681,455,226,901,768.09,112.72
桃園市,中壢區,自信里,2071,1613261,779,520,247,1022,825.02,105.91
桃園市,中壢區,林森里,1345,999635,743,472,230,949,886.76,119.31
桃園市,中壢區,金華里,1711,2361549,1380,818,322,1731,1794.90,130.04
桃園市,楊梅區,楊梅里,1358,933064,687,453,212,907,774.02,112.65
桃園市,楊梅區,楊江里,350,249062,712,466,220,909,853.85,119.99
桃園市,楊梅區,紅梅里,864,507566,587,407,208,766,575.27,97.93
桃園市,楊梅區,水美里,1378,801539,582,412,202,747,648.77,111.54
桃園市,楊梅區,上田里,894,455522,510,359,189,680,485.39,95.26
桃園市,楊梅區,東流里,945,472468,500,379,189,644,493.35,98.68
桃園市,楊梅區,大平里,1038,643576,620,412,218,700,1382.44,222.97
桃園市,楊梅區,永寧里,2499,1806266,723,486,253,916,899.71,124.48
桃園市,楊梅區,瑞原里,1241,586584,473,352,187,603,456.25,96.53
桃園市,楊梅區,員本里,915,521310,570,398,213,736,844.72,148.27
桃園市,楊梅區,富岡里,589,358694,609,420,210,753,699.85,114.92
桃園市,楊梅區,豐野里,1342,739459,551,408,212,729,531.43,96.45
桃園市,楊梅區,上湖里,2037,1126635,553,401,214,705,544.53,98.45
桃園市,楊梅區,三湖里,927,520987,562,371,218,644,799.94,142.34
桃園市,楊梅區,梅溪里,1623,1115387,687,476,243,857,731.83,106.49
桃園市,楊梅區,瑞塘里,2028,1271565,627,424,211,794,761.42,121.44
桃園市,楊梅區,埔心里,484,305035,630,431,225,804,701.05,111.24
桃園市,楊梅區,高山里,1354,823074,608,439,232,757,606.78,99.82
桃園市,楊梅區,高榮里,1217,807346,663,416,221,749,1014.51,152.93
桃園市,楊梅區,金龍里,390,237055,608,430,217,770,763.88,125.67
桃園市,楊梅區,四維里,1692,1457440,861,574,273,1151,911.38,105.81
桃園市,楊梅區,梅新里,733,480494,656,429,220,818,969.19,147.85
桃園市,楊梅區,仁美里,1317,788429,599,389,199,730,916.39,153.07
桃園市,楊梅區,光華里,1046,599388,573,379,195,750,668.34,116.63
桃園市,楊梅區,大同里,1186,771587,651,430,216,795,1070.11,164.49
桃園市,楊梅區,中山里,1127,775844,688,446,243,819,830.91,120.70
桃園市,楊梅區,楊明里,2912,2081408,715,508,272,933,741.66,103.76
桃園市,楊梅區,金溪里,1571,1773574,1129,595,292,1299,1934.84,171.38
桃園市,楊梅區,裕成里,1180,944182,800,470,240,974,1195.89,149.46
桃園市,楊梅區,秀才里,1134,589535,520,404,207,686,516.76,99.40
桃園市,楊梅區,青山里,1456,759592,522,380,208,651,559.94,107.33
桃園市,楊梅區,新榮里,1259,846995,673,424,212,802,799.90,118.90
桃園市,楊梅區,雙榮里,1196,905326,757,504,246,1004,796.84,105.27
桃園市,楊梅區,瑞坪里,2040,1292950,634,442,220,818,656.67,103.61
桃園市,楊梅區,永平里,682,408870,600,381,205,695,981.73,163.75
桃園市,楊梅區,瑞溪里,1439,964298,670,477,260,875,654.38,97.65
桃園市,楊梅區,高上里,912,498948,547,372,193,673,646.24,118.12
桃園市,楊梅區,富豐里,944,507930,538,392,212,692,525.83,97.73
桃園市,楊梅區,裕新里,791,465825,589,404,201,732,703.47,119.45
桃園市,楊梅區,三民里,1206,784100,650,442,226,848,676.40,104.03
桃園市,楊梅區,頭湖里,968,548312,566,405,220,717,583.19,102.96
桃園市,蘆竹區,新興里,1010,711158,704,411,213,780,1466.56,208.28
桃園市,蘆竹區,中福里,1406,871175,620,429,222,750,793.38,128.04
桃園市,蘆竹區,新莊里,1802,1164916,646,439,231,818,687.36,106.33
桃園市,蘆竹區,大竹里,1974,1437039,728,496,249,916,1081.94,148.62
桃園市,蘆竹區,蘆竹里,1322,930627,704,453,225,884,791.72,112.47
桃園市,蘆竹區,南崁里,1465,1407360,961,528,244,1100,1448.83,150.82
桃園市,蘆竹區,錦興里,1486,1124169,757,448,225,939,985.54,130.28
桃園市,蘆竹區,五福里,998,819534,821,477,240,967,1259.96,153.43
桃園市,蘆竹區,內厝里,777,554231,713,441,238,835,855.44,119.93
桃園市,蘆竹區,山鼻里,596,380150,638,368,185,642,1651.35,258.90
桃園市,蘆竹區,坑子里,509,296645,583,402,231,651,805.86,138.27
桃園市,蘆竹區,外社里,456,267564,587,398,209,746,699.57,119.23
桃園市,蘆竹區,山腳里,1191,672811,565,391,195,688,674.53,119.40
桃園市,蘆竹區,坑口里,798,454985,570,391,208,678,718.36,125.99
桃園市,蘆竹區,海湖里,1041,522601,502,383,202,618,488.30,97.27
桃園市,蘆竹區,富竹里,446,287668,645,474,232,866,673.17,104.37
桃園市,蘆竹區,上竹里,1273,948186,745,443,228,876,978.91,131.43
桃園市,蘆竹區,宏竹里,956,584040,611,423,233,757,730.02,119.50
桃園市,蘆竹區,南榮里,1304,1174175,900,536,262,1041,1378.68,153.11
桃園市,蘆竹區,南興里,2106,2164162,1028,709,330,1323,1084.90,105.57
桃園市,蘆竹區,長興里,907,526441,580,363,193,664,845.35,145.64
桃園市,蘆竹區,錦中里,1227,1032920,842,517,243,1065,1044.60,124.09
桃園市,蘆竹區,瓦窯里,1266,857392,677,455,216,861,743.76,109.82
桃園市,蘆竹區,營盤里,1931,1680549,870,545,256,1075,1098.94,126.27
桃園市,蘆竹區,羊稠里,1818,2218902,1221,756,341,1611,1394.06,114.22
桃園市,蘆竹區,順興里,1575,1617951,1027,696,353,1323,1054.24,102.62
桃園市,蘆竹區,福昌里,1912,1768066,925,639,312,1193,988.28,106.87
桃園市,蘆竹區,福興里,1377,1365734,992,683,339,1226,1208.02,121.80
桃園市,蘆竹區,蘆興里,592,517296,874,473,207,1074,1265.17,144.79
桃園市,蘆竹區,長壽里,2142,1872737,874,592,291,1101,1052.58,120.39
桃園市,蘆竹區,吉祥里,1468,1966851,1340,836,349,1788,1585.96,118.37
桃園市,蘆竹區,中山里,1264,979155,775,536,262,970,944.95,121.98
桃園市,蘆竹區,福祿里,1247,991524,795,532,275,1002,832.96,104.76
桃園市,蘆竹區,興榮里,1137,913770,804,530,255,1089,880.62,109.58
桃園市,蘆竹區,中興里,2055,1705796,830,612,310,1032,901.89,108.65
桃園市,蘆竹區,上興里,1275,1065265,836,541,273,1037,936.04,112.03
桃園市,蘆竹區,營福里,1263,971574,769,547,272,966,884.65,115.00
桃園市,蘆竹區,正興里,1560,1104125,708,515,249,944,726.30,102.62
桃園市,蘆竹區,濱海里,746,359988,483,348,180,617,513.45,106.40
桃園市,大園區,大園里,1876,1111882,593,377,201,733,698.07,117.78
桃園市,大園區,田心里,2370,1502897,634,430,224,765,842.52,132.86
桃園市,大園區,溪海里,1449,757188,523,371,203,653,602.29,115.26
桃園市,大園區,和平里,470,245725,523,350,198,608,646.56,123.67
桃園市,大園區,橫峰里,4296,3900675,908,530,260,1081,1324.47,145.87
桃園市,大園區,五權里,1699,1048432,617,421,219,733,753.86,122.16
桃園市,大園區,埔心里,1943,1083265,558,370,188,675,703.17,126.12
桃園市,大園區,大海里,487,326699,671,389,196,759,1167.84,174.09
桃園市,大園區,三石里,1002,596402,595,426,225,752,650.82,109.34
桃園市,大園區,菓林里,2495,1493139,598,427,222,757,851.98,142.36
桃園市,大園區,竹圍里,1115,619155,555,403,206,727,603.11,108.61
桃園市,大園區,海口里,578,373738,647,411,224,775,847.12,131.01
桃園市,大園區,沙崙里,829,514586,621,376,192,677,988.45,159.24
桃園市,大園區,後厝里,809,468520,579,384,207,701,656.98,113.44
桃園市,大園區,圳頭里,821,473228,576,408,197,704,736.42,127.76
桃園市,大園區,內海里,703,419355,597,379,207,671,1377.11,230.86
桃園市,大園區,北港里,893,418322,468,343,180,593,511.50,109.19
桃園市,大園區,南港里,1979,1063166,537,400,214,702,568.57,105.84
桃園市,龜山區,龜山里,2354,1561892,664,427,218,813,977.73,147.36
桃園市,龜山區,新路里,1777,1086394,611,402,208,754,707.37,115.70
桃園市,龜山區,山頂里,1846,1093574,592,425,215,759,581.55,98.17
桃園市,龜山區,兔坑里,1308,562204,430,312,175,535,439.87,102.34
桃園市,龜山區,舊路里,745,411029,552,362,181,660,686.18,124.37
桃園市,龜山區,嶺頂里,1279,659615,516,347,186,608,706.70,137.03
桃園市,龜山區,龍壽里,492,252000,512,341,171,612,651.07,127.11
桃園市,龜山區,楓樹里,1387,874590,631,407,213,773,809.03,128.30
桃園市,龜山區,大崗里,1432,914462,639,445,231,816,681.86,106.78
桃園市,龜山區,公西里,356,261768,735,446,204,849,974.32,132.51
桃園市,龜山區,樂善里,1299,779381,600,414,220,765,631.03,105.17
桃園市,龜山區,南上里,674,409437,607,412,197,771,719.83,118.50
桃園市,龜山區,大坑里,607,323129,532,367,185,659,594.68,111.71
桃園市,龜山區,陸光里,1104,728116,660,413,209,843,754.32,114.37
桃園市,龜山區,精忠里,1820,1264034,695,476,242,900,728.83,104.94
桃園市,龜山區,山福里,1126,659314,586,392,209,750,610.25,104.22
桃園市,龜山區,山德里,1613,979281,607,385,192,765,761.07,125.36
桃園市,龜山區,中興里,1515,1002962,662,405,199,785,1053.68,159.16
桃園市,龜山區,大同里,1987,1268340,638,408,209,792,751.14,117.67
桃園市,龜山區,文化里,2590,3098681,1196,727,319,1483,1622.65,135.63
桃園市,龜山區,南美里,886,569351,643,449,206,825,682.61,106.22
桃園市,龜山區,幸福里,1487,619459,417,310,163,526,439.21,105.43
桃園市,龜山區,福源里,662,347746,525,342,188,622,761.34,144.93
桃園市,龜山區,龍華里,1128,549516,487,341,166,627,552.67,113.45
桃園市,龜山區,迴龍里,2024,1183016,584,384,187,728,686.64,117.48
桃園市,龜山區,新嶺里,1179,578013,490,345,185,645,545.84,111.34
桃園市,龜山區,大湖里,2212,2089299,945,600,268,1190,1158.52,122.66
桃園市,龜山區,大華里,3532,3173956,899,586,267,1196,1000.00,111.28
桃園市,龜山區,長庚里,1917,2844099,1484,1044,699,1689,1523.43,102.68
桃園市,龜山區,新興里,664,427220,643,447,217,780,958.48,148.97
桃園市,龜山區,文青里,3021,2108155,698,522,246,990,637.78,91.39
桃園市,龜山區,楓福里,1227,942094,768,515,260,1033,805.82,104.95
桃園市,八德區,興仁里,2716,1888943,695,465,242,871,834.08,119.93
桃園市,八德區,福興里,3676,2472012,672,489,251,901,675.03,100.38
桃園市,八德區,瑞豐里,1591,1028186,646,498,256,849,607.84,94.06
桃園市,八德區,廣興里,1017,541556,533,398,200,682,518.99,97.46
桃園市,八德區,竹園里,1004,551840,550,378,202,655,631.41,114.88
桃園市,八德區,霄裡里,638,323499,507,393,204,676,563.84,111.20
桃園市,八德區,茄苳里,920,460373,500,355,187,633,514.24,102.76
桃園市,八德區,白鷺里,923,524364,568,399,217,691,635.51,111.86
桃園市,八德區,大湳里,1301,835628,642,434,226,823,714.22,111.20
桃園市,八德區,大安里,1164,683377,587,390,203,714,903.89,153.96
桃園市,八德區,大興里,1266,940157,743,455,228,916,1363.09,183.55
桃園市,八德區,大福里,1882,1342221,713,477,217,930,785.02,110.07
桃園市,八德區,大同里,396,242830,613,377,194,672,1031.63,168.23
桃園市,八德區,大忠里,540,312997,580,418,195,700,652.76,112.62
桃園市,八德區,大勇里,1421,1054154,742,441,214,896,937.08,126.32
桃園市,八德區,大義里,1198,795997,664,423,217,811,762.05,114.69
桃園市,八德區,大成里,1005,596832,594,407,206,727,652.92,109.95
桃園市,八德區,瑞發里,968,540113,558,369,191,715,612.89,109.84
桃園市,八德區,瑞祥里,1070,581882,544,418,214,731,478.09,87.91
桃園市,八德區,瑞德里,1022,528295,517,355,186,674,496.37,96.02
桃園市,八德區,廣隆里,1574,1094656,695,445,217,899,781.79,112.41
桃園市,八德區,高明里,1256,703476,560,399,208,701,589.30,105.21
桃園市,八德區,大和里,2661,1950558,733,476,235,911,864.93,118.00
桃園市,八德區,大信里,882,426463,484,363,190,620,508.52,105.17
桃園市,八德區,大華里,862,505509,586,409,203,745,595.88,101.61
桃園市,八德區,大仁里,1433,789485,551,379,193,682,614.79,111.59
桃園市,八德區,大智里,1512,1375207,910,565,249,1192,1083.31,119.11
桃園市,八德區,瑞泰里,1364,837180,614,400,221,744,825.90,134.56
桃園市,八德區,大昌里,888,449798,507,383,188,664,549.22,108.43
桃園市,八德區,大正里,1562,1096200,702,486,234,877,764.47,108.93
桃園市,八德區,大強里,1044,565055,541,380,202,685,613.02,113.26
桃園市,八德區,大發里,694,386237,557,387,206,666,713.56,128.21
桃園市,八德區,大明里,1251,783525,626,388,204,777,770.27,122.98
桃園市,八德區,大竹里,454,226390,499,346,179,640,537.18,107.72
桃園市,八德區,大慶里,403,237018,588,433,208,754,662.10,112.58
桃園市,八德區,大千里,725,422291,582,421,205,734,587.58,100.88
桃園市,八德區,大榮里,625,354994,568,372,181,699,627.95,110.56
桃園市,八德區,茄明里,1633,963054,590,419,218,771,615.68,104.40
桃園市,八德區,高城里,1055,630901,598,452,236,741,615.43,102.91
桃園市,八德區,瑞興里,947,548572,579,396,208,705,613.07,105.83
桃園市,八德區,大愛里,855,601682,704,479,231,939,744.72,105.83
桃園市,八德區,大宏里,1619,1349053,833,508,255,1036,1346.24,161.56
桃園市,八德區,大漢里,1410,791608,561,409,208,722,585.85,104.35
桃園市,八德區,廣德里,920,624413,679,431,215,849,764.55,112.65
桃園市,八德區,龍友里,591,321686,544,387,190,644,981.90,180.39
桃園市,八德區,陸光里,1200,612615,511,375,185,655,504.14,98.75
桃園市,八德區,永豐里,945,543644,575,393,205,719,647.54,112.56
桃園市,八德區,大順里,797,410616,515,368,172,640,646.60,125.50
桃園市,龍潭區,黃唐里,1468,856325,583,403,210,728,653.62,112.05
桃園市,龍潭區,烏林里,1369,724152,529,366,193,666,584.73,110.54
桃園市,龍潭區,八德里,1344,679146,505,374,197,634,497.95,98.54
桃園市,龍潭區,上林里,1431,900106,629,419,212,788,972.76,154.65
桃園市,龍潭區,龍潭里,589,387541,658,418,208,785,837.96,127.36
桃園市,龍潭區,九龍里,1194,694614,582,401,200,720,659.67,113.39
桃園市,龍潭區,佳安里,1291,1053328,816,629,296,1106,776.94,95.22
桃園市,龍潭區,三坑里,391,246058,629,417,201,766,1033.11,164.17
桃園市,龍潭區,大平里,683,540885,792,518,242,962,1016.33,128.34
桃園市,龍潭區,三林里,1087,849509,782,504,256,1000,906.61,116.01
桃園市,龍潭區,高平里,1032,535674,519,363,183,644,579.86,111.71
桃園市,龍潭區,高原里,1508,974648,646,388,211,741,893.28,138.21
桃園市,龍潭區,三和里,917,1209936,1319,663,297,1591,2311.91,175.22
桃園市,龍潭區,三水里,172,102261,595,403,255,698,617.20,103.81
桃園市,龍潭區,中興里,1417,842009,594,384,198,683,760.80,128.03
桃園市,龍潭區,中正里,1999,1617247,809,526,252,1067,920.46,113.77
桃園市,龍潭區,中山里,1791,1372457,766,477,250,955,905.69,118.19
桃園市,龍潭區,凌雲里,1164,568773,489,363,189,635,481.27,98.49
桃園市,龍潭區,永興里,862,473607,549,373,198,679,646.10,117.60
桃園市,龍潭區,烏樹林里,874,458994,525,364,184,688,557.79,106.21
桃園市,龍潭區,百年里,1523,1248287,820,500,239,1021,1073.72,131.00
桃園市,龍潭區,龍祥里,1168,698352,598,426,211,772,662.17,110.75
桃園市,龍潭區,聖德里,1021,462230,453,329,183,572,522.61,115.44
桃園市,龍潭區,龍星里,1449,1073234,741,498,246,983,787.64,106.34
桃園市,龍潭區,上華里,1126,803521,714,458,208,900,930.00,130.32
桃園市,龍潭區,武漢里,446,253781,569,407,206,664,667.30,117.27
桃園市,龍潭區,東興里,1242,893145,719,513,249,1000,684.08,95.13
桃園市,龍潭區,北興里,652,306143,470,344,169,581,598.63,127.49
桃園市,龍潭區,建林里,1308,1064605,814,525,258,1023,1347.35,165.54
桃園市,龍潭區,富林里,1152,838078,727,494,269,933,792.52,108.94
桃園市,龍潭區,祥和里,528,289579,548,402,217,659,584.53,106.58
桃園市,平鎮區,忠貞里,464,393026,847,626,276,1100,910.13,107.45
桃園市,平鎮區,東社里,952,494430,519,380,203,651,528.53,101.77
桃園市,平鎮區,東勢里,1743,998634,573,401,214,703,653.27,114.02
桃園市,平鎮區,山峰里,706,359986,510,352,184,631,542.22,106.34
桃園市,平鎮區,平鎮里,1530,946792,619,429,225,736,956.76,154.61
桃園市,平鎮區,北勢里,874,659313,754,472,245,942,884.95,117.31
桃園市,平鎮區,南勢里,2043,1346402,659,455,237,851,841.24,127.65
桃園市,平鎮區,宋屋里,1498,944065,630,421,218,775,806.31,127.94
桃園市,平鎮區,高雙里,1480,1231538,832,512,240,1065,957.75,115.10
桃園市,平鎮區,復旦里,2023,1853657,916,574,266,1152,1293.70,141.19
桃園市,平鎮區,新勢里,1206,793867,658,433,195,870,788.23,119.74
桃園市,平鎮區,建安里,1353,766164,566,391,207,681,871.33,153.87
桃園市,平鎮區,中正里,553,427356,773,527,266,993,836.14,108.20
桃園市,平鎮區,貿易里,678,459249,677,498,247,886,653.77,96.52
桃園市,平鎮區,湧光里,1671,896006,536,386,199,684,553.96,103.31
桃園市,平鎮區,義民里,1843,1558750,846,473,235,945,4057.61,479.75
桃園市,平鎮區,雙連里,1556,1037459,667,427,210,807,919.71,137.94
桃園市,平鎮區,東安里,847,422065,498,356,179,649,547.65,109.90
桃園市,平鎮區,龍恩里,759,380366,501,378,213,601,505.69,100.91
桃園市,平鎮區,龍興里,702,404087,576,393,214,725,664.53,115.45
桃園市,平鎮區,廣興里,1907,1527727,801,514,242,1001,993.53,124.02
桃園市,平鎮區,莊敬里,1364,789037,578,407,220,733,655.93,113.39
桃園市,平鎮區,新富里,2117,1601317,756,486,235,967,868.37,114.80
桃園市,平鎮區,北興里,1280,760851,594,424,218,765,608.37,102.35
桃園市,平鎮區,北貴里,1381,828539,600,416,219,761,665.16,110.87
桃園市,平鎮區,新安里,1371,695435,507,381,212,687,451.14,88.94
桃園市,平鎮區,鎮興里,921,511630,556,404,212,694,548.89,98.81
桃園市,平鎮區,義興里,2409,1750641,727,466,233,888,1051.56,144.70
桃園市,平鎮區,湧豐里,602,363693,604,376,203,684,925.51,153.19
桃園市,平鎮區,湧安里,1482,739331,499,399,209,653,446.60,89.52
桃園市,平鎮區,廣達里,1354,969936,716,467,238,915,776.39,108.38
桃園市,平鎮區,福林里,1134,760370,671,460,222,883,775.46,115.65
桃園市,平鎮區,金星里,2424,1727996,713,501,259,899,756.24,106.08
桃園市,平鎮區,廣仁里,1344,694650,517,366,193,637,577.93,111.82
桃園市,平鎮區,新貴里,1024,615291,601,403,216,727,703.26,117.04
桃園市,平鎮區,北富里,1367,911210,667,424,217,817,922.23,138.35
桃園市,平鎮區,新榮里,1890,1307209,692,465,233,849,885.93,128.09
桃園市,平鎮區,華安里,1240,607062,490,369,197,616,457.74,93.50
桃園市,平鎮區,金陵里,1084,851875,786,528,255,1023,809.67,103.03
桃園市,平鎮區,北安里,528,381680,723,464,219,878,887.28,122.74
桃園市,平鎮區,北華里,1410,1199804,851,548,280,1102,1056.63,124.17
桃園市,平鎮區,復興里,1791,1432680,800,495,250,975,1423.15,177.91
桃園市,平鎮區,平興里,2103,1787508,850,566,281,1099,1043.96,122.82
桃園市,平鎮區,新英里,1383,1025197,741,520,262,968,815.73,110.04
桃園市,平鎮區,平安里,1797,1133330,631,482,244,830,560.26,88.83
桃園市,平鎮區,平南里,2383,1508515,633,449,225,820,676.53,106.87
桃園市,新屋區,新屋里,909,514611,566,413,225,737,521.41,92.10
桃園市,新屋區,新生里,1368,803864,588,421,229,737,609.35,103.70
桃園市,新屋區,後湖里,507,256278,505,361,213,624,496.79,98.28
桃園市,新屋區,清華里,1321,719448,545,372,200,656,609.08,111.83
桃園市,新屋區,石磊里,655,334054,510,353,181,674,515.37,101.05
桃園市,新屋區,東明里,459,230911,503,370,199,650,474.61,94.34
桃園市,新屋區,社子里,417,240821,578,386,198,688,666.87,115.47
桃園市,新屋區,九斗里,711,374412,527,406,202,666,537.19,102.01
桃園市,新屋區,埔頂里,839,422220,503,346,203,607,582.06,115.66
桃園市,新屋區,頭洲里,1443,887876,615,417,212,762,753.68,122.49
桃園市,新屋區,大坡里,355,196939,555,396,206,690,589.93,106.34
桃園市,新屋區,望間里,379,197948,522,401,220,636,512.40,98.11
桃園市,新屋區,後庄里,309,170788,553,392,197,717,559.52,101.23
桃園市,新屋區,槺榔里,296,128888,435,318,185,543,381.52,87.62
桃園市,新屋區,深圳里,160,90772,567,438,234,696,551.73,97.25
桃園市,新屋區,蚵間里,238,112464,473,362,188,637,411.39,87.06
桃園市,新屋區,笨港里,270,150977,559,365,204,632,882.31,157.79
桃園市,新屋區,永興里,279,137084,491,336,165,587,638.92,130.04
桃園市,新屋區,下埔里,208,98803,475,378,205,612,425.32,89.54
桃園市,新屋區,石牌里,255,114412,449,337,178,616,397.83,88.67
桃園市,新屋區,下田里,483,218968,453,317,165,601,464.15,102.38
桃園市,新屋區,赤欄里,409,236456,578,405,198,716,743.31,128.57
桃園市,新屋區,永安里,683,335620,491,355,194,621,526.46,107.14
桃園市,觀音區,觀音里,802,408810,510,392,211,638,498.85,97.86
桃園市,觀音區,廣興里,399,202696,508,372,204,650,483.60,95.19
桃園市,觀音區,白玉里,269,130647,486,385,214,637,405.44,83.48
桃園市,觀音區,武威里,271,149179,550,370,221,727,568.16,103.21
桃園市,觀音區,大潭里,575,258223,449,341,188,573,417.51,92.97
桃園市,觀音區,保生里,687,370564,539,385,194,667,712.91,132.17
桃園市,觀音區,三和里,225,120118,534,394,192,710,518.58,97.14
桃園市,觀音區,新興里,240,153784,641,398,231,719,1208.22,188.56
桃園市,觀音區,新坡里,890,481689,541,397,220,660,598.32,110.55
桃園市,觀音區,廣福里,768,419377,546,387,211,659,599.59,109.80
桃園市,觀音區,金湖里,861,441652,513,370,191,634,556.65,108.52
桃園市,觀音區,坑尾里,540,274867,509,368,214,631,544.83,107.04
桃園市,觀音區,藍埔里,805,426805,530,382,200,623,610.92,115.23
桃園市,觀音區,大堀里,481,255887,532,374,205,652,576.17,108.31
桃園市,觀音區,大同里,1013,572671,565,411,224,731,540.40,95.59
桃園市,觀音區,上大里,815,451908,554,393,217,708,569.65,102.73
桃園市,觀音區,崙坪里,1533,820804,535,371,200,651,586.25,109.49
桃園市,觀音區,保障里,629,327044,520,361,192,646,680.84,130.94
桃園市,觀音區,草漯里,783,432059,552,433,253,671,536.24,97.18
桃園市,觀音區,樹林里,1350,613602,455,370,207,594,424.38,93.37
桃園市,觀音區,富林里,606,271273,448,364,210,578,373.33,83.40
桃園市,觀音區,塔腳里,269,155687,579,367,190,670,717.39,123.95
桃園市,觀音區,富源里,1309,734386,561,404,224,724,548.80,97.82
桃園市,觀音區,草新里,2099,1238832,590,441,247,781,536.09,90.83
桃園市,復興區,長興里,92,50640,550,428,195,713,538.42,97.82
桃園市,復興區,三民里,368,196403,534,408,224,690,483.65,90.62
桃園市,復興區,澤仁里,280,161852,578,422,211,711,649.75,112.41
桃園市,復興區,霞雲里,87,41252,474,353,234,623,384.43,81.08
桃園市,復興區,義盛里,114,56407,495,378,172,659,430.81,87.07
桃園市,復興區,高義里,121,50832,420,349,198,599,305.79,72.79
桃園市,復興區,三光里,97,43829,452,392,210,585,343.94,76.12
桃園市,復興區,奎輝里,140,67752,484,374,206,599,407.73,84.25
桃園市,復興區,華陵里,186,93711,504,377,234,600,486.52,96.56
桃園市,復興區,羅浮里,218,104736,480,366,188,636,475.03,98.87
新竹縣,竹東鎮,上坪里,63,36444,578,454,227,794,531.78,91.93
新竹縣,竹東鎮,瑞峰里,108,68453,634,333,157,685,1026.84,162.01
新竹縣,竹東鎮,軟橋里,103,61817,600,370,157,631,816.25,136.00
新竹縣,竹東鎮,員崠里,778,476797,613,426,208,819,628.74,102.59
新竹縣,竹東鎮,上舘里,3212,2276858,709,446,217,893,845.22,119.24
新竹縣,竹東鎮,東寧里,1109,805703,727,460,222,936,811.80,111.74
新竹縣,竹東鎮,大鄉里,1630,1283582,787,452,227,979,1188.19,150.89
新竹縣,竹東鎮,東華里,225,148566,660,401,182,795,891.80,135.06
新竹縣,竹東鎮,商華里,913,537572,589,396,200,735,642.72,109.16
新竹縣,竹東鎮,竹東里,435,263655,606,396,185,774,719.70,118.74
新竹縣,竹東鎮,榮樂里,438,286215,653,438,213,779,772.67,118.24
新竹縣,竹東鎮,鷄林里,1330,881182,663,418,204,818,773.75,116.79
新竹縣,竹東鎮,五豐里,2593,1735146,669,421,209,853,821.38,122.75
新竹縣,竹東鎮,三重里,2387,2194618,919,548,252,1135,1215.39,132.19
新竹縣,竹東鎮,二重里,4766,5320486,1116,711,319,1437,1649.80,147.79
新竹縣,竹東鎮,柯湖里,166,114395,689,392,210,716,1116.95,162.08
新竹縣,竹東鎮,頭重里,1596,1898673,1190,597,256,1485,1964.72,165.15
新竹縣,竹東鎮,員山里,681,598001,878,487,238,1042,1171.80,133.44
新竹縣,竹東鎮,仁愛里,1090,805221,739,481,232,987,823.01,111.41
新竹縣,竹東鎮,中山里,530,314026,593,379,165,724,775.16,130.83
新竹縣,竹東鎮,中正里,692,533294,771,466,203,958,987.76,128.17
新竹縣,竹東鎮,南華里,347,257198,741,465,206,972,837.97,113.06
新竹縣,竹東鎮,榮華里,2482,1865535,752,471,224,931,899.78,119.71
新竹縣,竹東鎮,忠孝里,561,346802,618,425,194,787,692.71,112.06
新竹縣,竹東鎮,陸豐里,173,111947,647,451,255,835,852.27,131.71
新竹縣,關西鎮,東興里,135,82812,613,445,183,825,613.83,100.07
新竹縣,關西鎮,西安里,595,357546,601,404,195,736,894.34,148.83
新竹縣,關西鎮,南雄里,201,118396,589,366,182,709,621.44,105.50
新竹縣,關西鎮,北斗里,1173,744907,635,409,219,794,813.12,128.04
新竹縣,關西鎮,仁安里,308,161604,525,383,197,627,675.89,128.82
新竹縣,關西鎮,南山里,285,162051,569,407,222,750,677.57,119.16
新竹縣,關西鎮,北山里,186,101321,545,368,206,631,608.42,111.69
新竹縣,關西鎮,東安里,1190,710346,597,381,200,720,801.66,134.30
新竹縣,關西鎮,東光里,382,262583,687,410,217,825,981.83,142.84
新竹縣,關西鎮,新富里,133,77909,586,377,201,695,874.34,149.26
新竹縣,關西鎮,玉山里,102,50924,499,373,191,577,671.28,134.46
新竹縣,關西鎮,錦山里,175,83831,479,392,238,568,417.88,87.23
新竹縣,關西鎮,金山里,129,65839,510,388,195,634,534.44,104.71
新竹縣,關西鎮,石光里,544,345012,634,424,233,772,896.76,141.40
新竹縣,關西鎮,大同里,221,121103,548,394,241,671,597.73,109.08
新竹縣,關西鎮,上林里,204,145485,713,435,247,821,989.23,138.71
新竹縣,關西鎮,新力里,146,82304,564,347,189,728,639.34,113.41
新竹縣,關西鎮,南和里,270,150794,558,418,222,674,539.64,96.62
新竹縣,關西鎮,東山里,223,112279,503,360,222,594,550.44,109.32
新竹縣,關西鎮,東平里,268,159146,594,389,182,738,683.63,115.12
新竹縣,關西鎮,南新里,209,117939,564,374,184,668,783.72,138.88
新竹縣,新埔鎮,新埔里,283,215004,760,472,241,897,1059.43,139.45
新竹縣,新埔鎮,新生里,173,115701,669,424,221,810,766.45,114.60
新竹縣,新埔鎮,四座里,1152,766316,665,463,233,866,734.85,110.47
新竹縣,新埔鎮,五埔里,622,326064,524,407,223,691,468.00,89.27
新竹縣,新埔鎮,田新里,964,652878,677,467,218,936,718.96,106.16
新竹縣,新埔鎮,旱坑里,587,350195,597,419,219,695,620.63,104.03
新竹縣,新埔鎮,北平里,190,100901,531,379,195,680,488.61,92.01
新竹縣,新埔鎮,南平里,266,145939,549,355,204,696,585.72,106.76
新竹縣,新埔鎮,上寮里,599,386520,645,406,207,768,823.41,127.61
新竹縣,新埔鎮,下寮里,862,743102,862,434,207,889,2342.78,271.76
新竹縣,新埔鎮,巨埔里,358,210186,587,402,186,725,699.78,119.19
新竹縣,新埔鎮,照門里,382,221812,581,425,247,698,663.00,114.18
新竹縣,新埔鎮,清水里,119,64937,546,409,203,663,516.49,94.65
新竹縣,新埔鎮,鹿鳴里,192,112292,585,420,242,780,508.26,86.90
新竹縣,新埔鎮,新北里,145,94719,653,374,177,680,1409.62,215.79
新竹縣,新埔鎮,內立里,312,170164,545,383,188,646,576.63,105.73
新竹縣,新埔鎮,寶石里,285,184648,648,422,208,795,895.20,138.17
新竹縣,新埔鎮,新民里,354,205628,581,435,217,718,554.60,95.48
新竹縣,新埔鎮,文山里,1542,1183662,768,455,220,890,1055.10,137.45
新竹縣,竹北市,竹北里,2914,3502727,1202,783,335,1627,1345.20,111.91
新竹縣,竹北市,竹仁里,3281,2726891,831,525,239,1070,937.33,112.78
新竹縣,竹北市,竹義里,2076,1671966,805,518,238,1056,930.04,115.48
新竹縣,竹北市,新社里,2532,2167547,856,523,243,1100,1064.56,124.35
新竹縣,竹北市,新國里,2371,2324522,980,661,304,1292,1043.84,106.47
新竹縣,竹北市,聯興里,1603,1256179,784,481,223,972,1140.60,145.55
新竹縣,竹北市,斗崙里,2966,4956822,1671,1091,463,2221,1958.99,117.22
新竹縣,竹北市,鹿場里,4520,10445475,2311,1676,700,3048,2687.32,116.29
新竹縣,竹北市,東平里,5584,12652414,2266,1783,807,3033,2266.77,100.04
新竹縣,竹北市,中興里,3477,8069829,2321,1579,615,3110,2942.37,126.78
新竹縣,竹北市,隘口里,1223,2430066,1987,1371,537,2396,4019.94,202.31
新竹縣,竹北市,東海里,1023,722202,706,464,228,895,799.81,113.29
新竹縣,竹北市,十興里,2956,5434389,1838,1413,622,2490,1907.26,103.74
新竹縣,竹北市,麻園里,712,568851,799,482,234,1022,956.44,119.71
新竹縣,竹北市,溪州里,858,674485,786,463,204,933,1140.02,145.02
新竹縣,竹北市,白地里,724,428308,592,399,203,732,658.45,111.30
新竹縣,竹北市,新庄里,345,210965,611,387,193,719,951.32,155.57
新竹縣,竹北市,新港里,368,235708,641,400,170,821,765.78,119.56
新竹縣,竹北市,大義里,505,317962,630,406,214,723,770.99,122.45
新竹縣,竹北市,尚義里,500,314559,629,406,195,770,779.82,123.95
新竹縣,竹北市,崇義里,609,365977,601,409,211,736,703.53,117.07
新竹縣,竹北市,大眉里,643,460968,717,450,227,936,800.88,111.71
新竹縣,竹北市,泰和里,2261,1962723,868,542,258,1131,996.01,114.74
新竹縣,竹北市,北崙里,1432,1730710,1209,626,277,1474,1810.70,149.82
新竹縣,竹北市,新崙里,2530,2535755,1002,624,280,1340,1144.45,114.18
新竹縣,竹北市,福德里,1132,869835,768,477,205,959,929.88,121.01
新竹縣,竹北市,興安里,1444,2466103,1708,1093,403,2290,2046.04,119.80
新竹縣,竹北市,東興里,3004,4490046,1495,1099,485,2031,1656.82,110.85
新竹縣,竹北市,北興里,2380,3871806,1627,1213,559,2188,1600.10,98.36
新竹縣,竹北市,文化里,1354,2133099,1575,842,331,2044,2182.26,138.52
新竹縣,竹北市,中崙里,2587,4348146,1681,1116,449,2327,1959.93,116.61
新竹縣,湖口鄉,長嶺村,1032,621911,603,415,220,730,728.13,120.83
新竹縣,湖口鄉,中勢村,1083,721328,666,480,252,863,650.67,97.69
新竹縣,湖口鄉,孝勢村,435,264683,608,406,203,765,773.45,127.12
新竹縣,湖口鄉,仁勢村,267,156050,584,384,188,664,763.89,130.70
新竹縣,湖口鄉,愛勢村,1332,786026,590,409,218,768,631.79,107.06
新竹縣,湖口鄉,信勢村,1827,1186641,650,438,228,816,697.58,107.40
新竹縣,湖口鄉,和興村,919,507211,552,386,200,670,623.95,113.05
新竹縣,湖口鄉,德盛村,1694,1002903,592,424,223,753,759.74,128.33
新竹縣,湖口鄉,波羅村,785,467756,596,418,210,769,673.02,112.95
新竹縣,湖口鄉,鳳山村,1166,612680,525,382,197,679,493.60,93.94
新竹縣,湖口鄉,鳳凰村,1876,1005489,536,405,208,683,534.74,99.77
新竹縣,湖口鄉,湖口村,959,575246,600,392,207,760,698.11,116.38
新竹縣,湖口鄉,湖鏡村,792,521125,658,454,211,812,740.29,112.51
新竹縣,湖口鄉,湖南村,498,276340,555,376,187,659,625.67,112.75
新竹縣,湖口鄉,長安村,336,180715,538,397,214,679,596.43,110.89
新竹縣,湖口鄉,中興村,2262,1308480,578,444,249,750,529.97,91.62
新竹縣,湖口鄉,信義村,1322,886553,671,469,238,820,724.59,108.05
新竹縣,湖口鄉,中正村,1172,900743,769,524,269,1003,802.00,104.35
新竹縣,湖口鄉,東興村,1480,898248,607,419,221,777,722.35,119.02
新竹縣,湖口鄉,勝利村,1563,850047,544,396,211,689,522.69,96.11
新竹縣,橫山鄉,橫山村,1045,568808,544,384,198,685,582.32,106.98
新竹縣,橫山鄉,內灣村,212,87550,413,301,135,555,399.68,96.78
新竹縣,橫山鄉,新興村,470,287082,611,431,211,730,777.84,127.34
新竹縣,橫山鄉,田寮村,247,150579,610,400,192,687,737.03,120.90
新竹縣,橫山鄉,福興村,109,56500,518,335,149,630,709.33,136.84
新竹縣,橫山鄉,沙坑村,229,115723,505,372,147,598,549.99,108.84
新竹縣,橫山鄉,南昌村,52,37191,715,382,198,709,1425.41,199.30
新竹縣,橫山鄉,力行村,209,109337,523,398,202,668,539.28,103.08
新竹縣,橫山鄉,大肚村,503,261040,519,350,180,699,557.09,107.35
新竹縣,橫山鄉,豐鄉村,53,33348,629,352,195,578,946.83,150.48
新竹縣,橫山鄉,豐田村,80,40171,502,405,195,638,500.61,99.70
新竹縣,新豐鄉,重興村,1792,1013130,565,399,198,705,709.43,125.48
新竹縣,新豐鄉,新豐村,554,257370,465,338,177,603,454.44,97.82
新竹縣,新豐鄉,埔和村,872,433286,497,350,193,610,624.72,125.73
新竹縣,新豐鄉,員山村,990,735382,743,486,253,938,859.31,115.68
新竹縣,新豐鄉,後湖村,536,286318,534,390,220,659,550.81,103.11
新竹縣,新豐鄉,鳳坑村,298,159883,537,348,181,682,677.68,126.31
新竹縣,新豐鄉,中崙村,1180,661504,561,404,202,703,603.14,107.59
新竹縣,新豐鄉,青埔村,616,321735,522,382,197,646,665.23,127.37
新竹縣,新豐鄉,上坑村,508,288509,568,397,215,716,668.41,117.69
新竹縣,新豐鄉,坡頭村,230,107051,465,339,193,549,615.01,132.13
新竹縣,新豐鄉,福興村,339,173666,512,370,198,621,631.08,123.19
新竹縣,新豐鄉,松林村,1636,1310994,801,514,251,1046,942.46,117.61
新竹縣,新豐鄉,瑞興村,589,328685,558,375,228,698,647.83,116.09
新竹縣,新豐鄉,忠孝村,1366,1004332,735,502,254,960,778.67,105.91
新竹縣,新豐鄉,山崎村,1657,1235444,746,507,277,913,897.20,120.33
新竹縣,新豐鄉,松柏村,2365,2030817,859,618,301,1137,861.93,100.38
新竹縣,新豐鄉,崎頂村,965,553067,573,433,222,736,603.65,105.33
新竹縣,芎林鄉,華龍村,94,49770,529,377,209,620,575.92,108.77
新竹縣,芎林鄉,五龍村,156,97232,623,424,237,694,1131.76,181.58
新竹縣,芎林鄉,秀湖村,324,196484,606,389,188,681,774.47,127.71
新竹縣,芎林鄉,永興村,118,67274,570,360,194,808,583.99,102.43
新竹縣,芎林鄉,石潭村,836,530553,635,395,195,724,1098.66,173.12
新竹縣,芎林鄉,新鳳村,468,262683,561,364,190,647,763.28,135.99
新竹縣,芎林鄉,中坑村,170,89838,528,342,196,620,629.66,119.15
新竹縣,芎林鄉,水坑村,186,115872,623,421,235,719,767.68,123.23
新竹縣,芎林鄉,文林村,796,568455,714,448,206,875,941.62,131.85
新竹縣,芎林鄉,芎林村,511,377731,739,498,242,920,979.08,132.45
新竹縣,芎林鄉,上山村,1663,1647874,991,541,270,1199,1502.37,151.62
新竹縣,芎林鄉,下山村,332,215815,650,441,226,882,716.27,110.19
新竹縣,寶山鄉,新城村,294,185157,630,420,224,736,795.95,126.38
新竹縣,寶山鄉,寶山村,271,304399,1123,478,208,1070,2108.92,187.75
新竹縣,寶山鄉,雙溪村,1050,949076,904,521,257,1060,1615.69,178.75
新竹縣,寶山鄉,深井村,213,121342,570,420,225,701,512.65,89.99
新竹縣,寶山鄉,三峰村,314,713645,2273,627,249,2193,5114.54,225.04
新竹縣,寶山鄉,寶斗村,200,110319,552,372,194,661,612.74,111.08
新竹縣,寶山鄉,大崎村,786,1343081,1709,870,315,2142,2657.70,155.53
新竹縣,寶山鄉,油田村,142,66575,469,364,216,579,382.33,81.55
新竹縣,寶山鄉,山湖村,177,167649,947,436,197,1006,1367.95,144.42
新竹縣,寶山鄉,雙新村,973,976999,1004,509,256,1134,1541.24,153.49
新竹縣,北埔鄉,水磜村,210,98872,471,320,184,588,453.33,96.28
新竹縣,北埔鄉,南興村,332,191416,577,394,189,682,652.94,113.25
新竹縣,北埔鄉,大湖村,134,90545,676,434,205,828,770.18,113.98
新竹縣,北埔鄉,埔尾村,800,457864,572,389,198,748,622.81,108.82
新竹縣,北埔鄉,南坑村,70,39377,563,323,199,592,857.35,152.41
新竹縣,北埔鄉,北埔村,315,190158,604,394,178,776,728.99,120.76
新竹縣,北埔鄉,南埔村,109,63279,581,364,185,693,658.28,113.39
新竹縣,北埔鄉,大林村,222,113976,513,369,202,609,566.25,110.29
新竹縣,北埔鄉,外坪村,63,37239,591,367,148,659,849.45,143.71
新竹縣,峨眉鄉,峨眉村,257,151026,588,411,181,751,656.21,111.67
新竹縣,峨眉鄉,富興村,336,203132,605,394,201,728,699.52,115.71
新竹縣,峨眉鄉,中盛村,191,107764,564,403,199,706,560.83,99.40
新竹縣,峨眉鄉,石井村,159,88706,558,406,200,716,605.55,108.54
新竹縣,峨眉鄉,七星村,136,78719,579,423,187,742,672.59,116.20
新竹縣,峨眉鄉,湖光村,225,101244,450,311,144,548,521.67,115.93
新竹縣,尖石鄉,新樂村,242,104664,432,372,190,575,355.40,82.17
新竹縣,尖石鄉,嘉樂村,176,91754,521,364,206,667,605.00,116.05
新竹縣,尖石鄉,義興村,100,47538,475,363,218,632,398.99,83.93
新竹縣,尖石鄉,梅花村,83,41421,499,319,183,569,708.93,142.06
新竹縣,尖石鄉,錦屏村,168,88580,527,352,147,545,893.18,169.40
新竹縣,尖石鄉,玉峰村,229,90375,395,315,163,530,318.16,80.62
新竹縣,尖石鄉,秀巒村,206,93178,452,351,181,584,432.83,95.69
新竹縣,五峰鄉,大隘村,232,101951,439,319,168,533,564.81,128.53
新竹縣,五峰鄉,桃山村,194,83502,430,343,178,541,495.15,115.04
新竹縣,五峰鄉,花園村,109,50198,461,342,174,555,514.74,111.77
新竹縣,五峰鄉,竹林村,53,38548,727,370,170,695,2004.88,275.65
苗栗縣,苗栗市,中苗里,401,314575,784,490,225,1091,958.35,122.16
苗栗縣,苗栗市,青苗里,371,222384,599,403,192,740,642.57,107.20
苗栗縣,苗栗市,玉苗里,252,135691,538,353,165,660,578.91,107.51
苗栗縣,苗栗市,綠苗里,254,151441,596,369,186,765,705.56,118.34
苗栗縣,苗栗市,高苗里,1096,774430,707,411,205,831,2464.26,348.75
苗栗縣,苗栗市,恭敬里,441,282586,641,434,203,833,691.64,107.94
苗栗縣,苗栗市,新苗里,289,161845,560,381,191,740,568.17,101.46
苗栗縣,苗栗市,勝利里,1343,857075,638,450,210,843,666.66,104.46
苗栗縣,苗栗市,維祥里,1179,779910,662,433,203,900,745.73,112.73
苗栗縣,苗栗市,玉清里,773,483401,625,444,222,851,600.46,96.02
苗栗縣,苗栗市,嘉盛里,1234,801538,650,433,201,872,742.62,114.33
苗栗縣,苗栗市,福星里,1480,969731,655,494,225,914,610.05,93.11
苗栗縣,苗栗市,北苗里,1870,1299708,695,475,232,948,710.27,102.19
苗栗縣,苗栗市,上苗里,584,404415,692,485,202,915,741.21,107.04
苗栗縣,苗栗市,福麗里,1832,1265933,691,460,228,908,802.35,116.11
苗栗縣,苗栗市,新川里,325,219768,676,406,218,736,1393.33,206.05
苗栗縣,苗栗市,新英里,511,286747,561,421,201,716,561.82,100.12
苗栗縣,苗栗市,清華里,1143,750002,656,461,212,869,700.79,106.80
苗栗縣,苗栗市,水源里,825,457529,555,397,209,723,550.82,99.32
苗栗縣,苗栗市,文山里,1340,943573,704,491,241,982,710.67,100.92
苗栗縣,苗栗市,建功里,1479,1053090,712,461,214,897,874.02,122.75
苗栗縣,苗栗市,大同里,165,86846,526,343,102,631,783.93,148.94
苗栗縣,苗栗市,玉華里,1247,815249,654,443,211,902,680.82,104.14
苗栗縣,苗栗市,維新里,1209,763626,632,421,214,840,721.25,114.19
苗栗縣,苗栗市,福安里,1216,746939,614,441,219,841,581.43,94.66
苗栗縣,苗栗市,嘉新里,1061,708622,668,470,226,902,698.72,104.62
苗栗縣,苗栗市,南勢里,563,262891,467,346,178,607,443.64,95.01
苗栗縣,苗栗市,文聖里,1211,830001,685,471,248,941,690.34,100.72
苗栗縣,苑裡鎮,苑東里,666,399454,600,373,154,789,744.26,124.09
苗栗縣,苑裡鎮,西平里,469,212632,453,334,170,551,545.52,120.32
苗栗縣,苑裡鎮,苑南里,450,286239,636,429,183,759,864.21,135.86
苗栗縣,苑裡鎮,苑北里,250,149847,599,374,177,714,1067.44,178.09
苗栗縣,苑裡鎮,西勢里,625,320312,512,353,188,606,631.97,123.31
苗栗縣,苑裡鎮,海岸里,274,116494,425,315,148,556,420.21,98.83
苗栗縣,苑裡鎮,客庄里,1321,804282,609,395,192,767,688.44,113.07
苗栗縣,苑裡鎮,苑坑里,239,113201,474,283,165,538,717.52,151.49
苗栗縣,苑裡鎮,水坡里,155,78053,504,312,160,626,562.65,111.73
苗栗縣,苑裡鎮,山腳里,381,186710,490,335,181,632,532.78,108.72
苗栗縣,苑裡鎮,舊社里,553,262963,476,323,147,592,585.76,123.18
苗栗縣,苑裡鎮,福田里,353,188127,533,348,182,634,653.24,122.57
苗栗縣,苑裡鎮,石鎮里,131,74277,567,368,196,604,723.91,127.67
苗栗縣,苑裡鎮,蕉埔里,188,96088,511,334,176,636,671.67,131.41
苗栗縣,苑裡鎮,社苓里,711,342758,482,322,156,590,570.97,118.44
苗栗縣,苑裡鎮,泰田里,487,218626,449,314,148,600,475.32,105.88
苗栗縣,苑裡鎮,上舘里,451,182046,404,265,138,484,440.02,109.01
苗栗縣,苑裡鎮,玉田里,530,246300,465,314,155,550,520.30,111.96
苗栗縣,苑裡鎮,南勢里,168,71945,428,319,154,537,430.35,100.49
苗栗縣,苑裡鎮,山柑里,407,210840,518,326,164,617,655.13,126.46
苗栗縣,苑裡鎮,田心里,607,301358,496,337,145,615,568.69,114.55
苗栗縣,苑裡鎮,新復里,434,259840,599,372,168,694,884.65,147.76
苗栗縣,苑裡鎮,中正里,656,333010,508,337,162,645,620.58,122.25
苗栗縣,苑裡鎮,苑港里,313,136402,436,329,166,531,439.67,100.89
苗栗縣,苑裡鎮,房裡里,628,298733,476,338,171,593,567.20,119.24
苗栗縣,通霄鎮,通東里,328,176849,539,377,177,681,587.70,109.00
苗栗縣,通霄鎮,通西里,586,339974,580,417,169,785,554.16,95.52
苗栗縣,通霄鎮,平元里,574,297563,518,383,179,689,512.73,98.91
苗栗縣,通霄鎮,圳頭里,161,67982,422,318,149,541,440.35,104.29
苗栗縣,通霄鎮,梅南里,426,196965,462,318,143,571,530.05,114.64
苗栗縣,通霄鎮,通灣里,630,310180,492,325,162,610,584.76,118.77
苗栗縣,通霄鎮,新埔里,294,126810,431,303,128,532,471.39,109.29
苗栗縣,通霄鎮,白東里,420,234551,558,373,204,645,684.88,122.64
苗栗縣,通霄鎮,白西里,178,74947,421,318,159,565,413.67,98.25
苗栗縣,通霄鎮,內島里,206,90257,438,343,154,575,409.13,93.38
苗栗縣,通霄鎮,烏眉里,206,118026,573,386,184,730,740.08,129.17
苗栗縣,通霄鎮,楓樹里,95,47522,500,307,173,636,621.21,124.18
苗栗縣,通霄鎮,內湖里,490,243179,496,356,165,666,527.25,106.24
苗栗縣,通霄鎮,福源里,179,99980,559,365,198,599,813.07,145.57
苗栗縣,通霄鎮,城北里,152,82072,540,364,194,660,601.57,111.41
苗栗縣,通霄鎮,城南里,223,132222,593,348,159,697,727.14,122.64
苗栗縣,通霄鎮,南和里,181,102338,565,366,155,651,707.71,125.17
苗栗縣,通霄鎮,福興里,136,70280,517,369,118,571,649.48,125.68
苗栗縣,通霄鎮,坪頂里,325,148503,457,311,156,567,456.22,99.84
苗栗縣,通霄鎮,五北里,344,161640,470,354,186,606,452.36,96.27
苗栗縣,通霄鎮,五南里,355,157700,444,306,162,559,456.95,102.86
苗栗縣,通霄鎮,福龍里,80,36317,454,246,161,614,461.61,101.68
苗栗縣,通霄鎮,通南里,784,328032,418,321,164,524,405.88,97.01
苗栗縣,通霄鎮,平安里,639,343845,538,375,189,694,543.13,100.93
苗栗縣,公館鄉,館中村,493,299261,607,439,212,824,630.62,103.89
苗栗縣,公館鄉,館南村,1137,654842,576,406,220,769,548.81,95.29
苗栗縣,公館鄉,中義村,691,394222,571,422,222,745,550.69,96.53
苗栗縣,公館鄉,玉泉村,785,544428,694,455,243,939,714.70,103.05
苗栗縣,公館鄉,大坑村,272,139397,512,364,211,661,575.50,112.29
苗栗縣,公館鄉,福基村,253,125950,498,370,188,618,464.51,93.31
苗栗縣,公館鄉,福德村,95,52367,551,419,200,865,469.96,85.26
苗栗縣,公館鄉,福星村,663,360772,544,384,194,710,559.45,102.81
苗栗縣,公館鄉,石墻村,418,206839,495,363,179,637,618.44,124.98
苗栗縣,公館鄉,開礦村,62,33996,548,287,191,498,839.44,153.09
苗栗縣,公館鄉,五谷村,716,424600,593,425,200,777,630.16,106.26
苗栗縣,公館鄉,玉谷村,473,257835,545,391,203,689,582.04,106.78
苗栗縣,公館鄉,鶴岡村,529,286482,542,356,177,727,548.29,101.24
苗栗縣,公館鄉,鶴山村,441,249779,566,391,201,753,647.52,114.32
苗栗縣,公館鄉,尖山村,431,265689,616,425,214,766,879.44,142.66
苗栗縣,公館鄉,仁安村,374,212731,569,376,189,727,627.01,110.23
苗栗縣,公館鄉,南河村,54,28453,527,446,229,655,488.47,92.70
苗栗縣,公館鄉,北河村,82,41278,503,274,113,661,555.59,110.37
苗栗縣,公館鄉,館東村,742,456045,615,421,194,822,651.33,105.97
苗栗縣,銅鑼鄉,福興村,288,156211,542,432,190,726,483.71,89.18
苗栗縣,銅鑼鄉,銅鑼村,1520,824705,543,397,205,740,521.21,96.06
苗栗縣,銅鑼鄉,朝陽村,534,261225,489,359,181,616,500.76,102.37
苗栗縣,銅鑼鄉,竹森村,297,160484,540,372,214,647,704.71,130.42
苗栗縣,銅鑼鄉,九湖村,311,142214,457,321,179,597,417.48,91.30
苗栗縣,銅鑼鄉,樟樹村,387,201547,521,381,187,630,662.87,127.28
苗栗縣,銅鑼鄉,興隆村,117,58701,502,341,171,610,584.07,116.41
苗栗縣,銅鑼鄉,盛隆村,89,49553,557,400,210,675,689.22,123.79
苗栗縣,銅鑼鄉,新隆村,130,65335,503,401,180,692,407.73,81.13
苗栗縣,銅鑼鄉,中平村,974,507577,521,380,206,660,601.78,115.48
苗栗縣,三義鄉,廣盛村,1257,645562,514,365,200,654,517.00,100.67
苗栗縣,三義鄉,双湖村,551,287514,522,381,182,698,499.40,95.71
苗栗縣,三義鄉,双潭村,415,222839,537,356,190,638,719.65,134.02
苗栗縣,三義鄉,勝興村,1054,530056,503,379,190,645,552.74,109.91
苗栗縣,三義鄉,西湖村,412,189813,461,356,190,622,388.52,84.33
苗栗縣,三義鄉,龍騰村,101,59923,593,347,237,712,747.50,125.99
苗栗縣,三義鄉,鯉魚潭村,305,140858,462,353,187,568,443.63,96.06
苗栗縣,西湖鄉,高埔村,184,95893,521,336,181,616,695.48,133.45
苗栗縣,西湖鄉,下埔村,151,85142,564,385,205,690,579.37,102.75
苗栗縣,西湖鄉,五湖村,217,132225,609,448,268,769,561.14,92.09
苗栗縣,西湖鄉,四湖村,170,91709,539,400,206,701,479.18,88.82
苗栗縣,西湖鄉,三湖村,237,134967,569,381,198,726,614.41,107.89
苗栗縣,西湖鄉,湖東村,297,161677,544,360,198,680,627.15,115.21
苗栗縣,西湖鄉,二湖村,166,97968,590,440,209,743,572.68,97.04
苗栗縣,西湖鄉,龍洞村,123,65893,536,410,160,772,456.49,85.21
苗栗縣,西湖鄉,金獅村,129,76570,594,436,256,729,553.97,93.33
苗栗縣,頭屋鄉,頭屋村,772,429584,556,383,200,709,719.35,129.27
苗栗縣,頭屋鄉,象山村,554,317186,573,395,190,738,837.08,146.20
苗栗縣,頭屋鄉,北坑村,188,86703,461,310,163,559,520.45,112.85
苗栗縣,頭屋鄉,獅潭村,561,316545,564,378,192,709,1378.65,244.33
苗栗縣,頭屋鄉,曲洞村,262,131049,500,395,208,694,424.67,84.90
苗栗縣,頭屋鄉,飛鳳村,96,50091,522,333,157,606,642.49,123.13
苗栗縣,頭屋鄉,明德村,302,163260,541,360,194,741,548.42,101.45
苗栗縣,頭屋鄉,鳴鳳村,65,51538,793,464,271,995,1282.73,161.78
苗栗縣,竹南鎮,竹南里,758,610185,805,467,200,953,1055.82,131.16
苗栗縣,竹南鎮,正南里,981,678470,692,429,179,898,853.11,123.35
苗栗縣,竹南鎮,新南里,1885,1732513,919,592,267,1223,1105.67,120.30
苗栗縣,竹南鎮,大厝里,2090,1739169,832,532,244,1108,911.30,109.51
苗栗縣,竹南鎮,營盤里,1313,1050890,800,487,248,994,965.39,120.62
苗栗縣,竹南鎮,龍鳳里,763,438043,574,396,189,717,714.66,124.48
苗栗縣,竹南鎮,山佳里,1756,1218298,694,473,244,917,747.55,107.75
苗栗縣,竹南鎮,中港里,366,270800,740,456,206,894,1005.19,135.86
苗栗縣,竹南鎮,聖福里,1270,1090419,859,509,246,1106,1067.66,124.35
苗栗縣,竹南鎮,竹興里,1054,589987,560,380,180,694,617.49,110.31
苗栗縣,竹南鎮,中華里,1076,738594,686,473,228,879,753.06,109.71
苗栗縣,竹南鎮,中英里,556,298424,537,400,196,707,517.28,96.38
苗栗縣,竹南鎮,中美里,666,373113,560,373,193,682,607.29,108.40
苗栗縣,竹南鎮,開元里,460,289998,630,462,240,847,613.81,97.36
苗栗縣,竹南鎮,海口里,1518,1027115,677,457,226,872,792.71,117.16
苗栗縣,竹南鎮,港墘里,770,482420,627,415,200,804,686.13,109.51
苗栗縣,竹南鎮,公館里,368,185754,505,393,195,626,533.65,105.72
苗栗縣,竹南鎮,大埔里,1563,1124001,719,456,221,952,862.09,119.88
苗栗縣,竹南鎮,崎頂里,1342,799981,596,401,202,715,720.27,120.83
苗栗縣,竹南鎮,頂埔里,703,352060,501,345,167,623,541.63,108.15
苗栗縣,竹南鎮,公義里,345,179012,519,351,162,605,714.70,137.74
苗栗縣,竹南鎮,照南里,1274,1339273,1051,597,258,1363,1350.45,128.46
苗栗縣,竹南鎮,佳興里,1241,949743,765,478,240,963,878.68,114.81
苗栗縣,竹南鎮,天文里,856,641956,750,486,235,984,783.06,104.41
苗栗縣,竹南鎮,龍山里,899,626133,696,446,218,914,856.44,122.97
苗栗縣,頭份市,頭份里,1196,733156,613,414,185,784,701.64,114.46
苗栗縣,頭份市,忠孝里,1140,864417,758,446,208,923,1045.68,137.91
苗栗縣,頭份市,仁愛里,467,236093,506,334,146,632,584.95,115.70
苗栗縣,頭份市,信義里,262,167093,638,437,206,770,804.61,126.16
苗栗縣,頭份市,和平里,360,244920,680,412,198,823,827.49,121.63
苗栗縣,頭份市,民族里,724,447388,618,421,206,772,698.08,112.97
苗栗縣,頭份市,土牛里,329,198756,604,460,233,811,576.90,95.49
苗栗縣,頭份市,上興里,714,337661,473,360,173,605,518.52,109.64
苗栗縣,頭份市,下興里,862,496446,576,381,177,732,726.59,126.16
苗栗縣,頭份市,東庄里,1586,1185800,748,479,220,962,893.33,119.48
苗栗縣,頭份市,田寮里,1601,1123888,702,467,236,915,770.92,109.82
苗栗縣,頭份市,蟠桃里,1378,1237987,898,602,284,1211,941.06,104.75
苗栗縣,頭份市,山下里,1520,1154683,760,509,256,1013,796.64,104.87
苗栗縣,頭份市,後庄里,1680,1548094,921,584,263,1203,1081.88,117.41
苗栗縣,頭份市,新華里,1219,633769,520,360,186,635,576.45,110.88
苗栗縣,頭份市,斗煥里,990,505548,511,374,203,646,516.69,101.18
苗栗縣,頭份市,興隆里,1567,1222465,780,458,231,957,1031.77,132.26
苗栗縣,頭份市,上埔里,902,500990,555,383,184,681,671.80,120.95
苗栗縣,頭份市,珊湖里,520,253471,487,342,168,610,524.02,107.50
苗栗縣,頭份市,流東里,615,299481,487,348,164,592,518.88,106.55
苗栗縣,頭份市,尖山里,465,246774,531,379,173,628,728.60,137.29
苗栗縣,頭份市,廣興里,280,148205,529,339,162,662,673.44,127.23
苗栗縣,頭份市,尖下里,822,405424,493,367,191,666,468.78,95.04
苗栗縣,頭份市,濫坑里,787,350017,445,356,163,618,390.01,87.69
苗栗縣,頭份市,蘆竹里,443,207521,468,321,176,557,507.55,108.35
苗栗縣,頭份市,民權里,837,526095,629,429,219,836,668.81,106.41
苗栗縣,頭份市,民生里,795,428167,539,371,203,657,618.94,114.92
苗栗縣,頭份市,建國里,1306,941976,721,460,247,921,799.12,110.79
苗栗縣,頭份市,成功里,1336,905248,678,432,206,853,873.21,128.87
苗栗縣,頭份市,自強里,688,478071,695,417,206,830,971.95,139.87
苗栗縣,頭份市,合興里,983,826401,841,539,263,1081,931.26,110.77
苗栗縣,頭份市,文化里,1451,1242374,856,569,291,1123,943.30,110.17
苗栗縣,頭份市,中興里,1140,1027803,902,622,259,1208,979.14,108.60
苗栗縣,造橋鄉,造橋村,671,377934,563,374,185,741,593.77,105.42
苗栗縣,造橋鄉,平興村,140,61641,440,322,133,582,449.83,102.17
苗栗縣,造橋鄉,豐湖村,331,171973,520,398,204,700,454.76,87.53
苗栗縣,造橋鄉,錦水村,157,82653,526,390,190,680,488.01,92.70
苗栗縣,造橋鄉,大西村,1155,593076,513,393,201,676,463.08,90.18
苗栗縣,造橋鄉,大龍村,155,78407,506,396,198,657,496.59,98.17
苗栗縣,造橋鄉,朝陽村,395,185038,468,335,162,608,479.80,102.42
苗栗縣,造橋鄉,談文村,221,104016,471,339,162,551,534.79,113.63
苗栗縣,造橋鄉,龍昇村,273,126816,465,316,191,515,513.65,110.57
苗栗縣,後龍鎮,南龍里,413,222310,538,335,178,671,593.18,110.20
苗栗縣,後龍鎮,中龍里,227,158821,700,509,252,951,648.71,92.72
苗栗縣,後龍鎮,北龍里,383,222462,581,369,178,742,652.25,112.29
苗栗縣,後龍鎮,大庄里,1325,788297,595,389,205,769,640.58,107.67
苗栗縣,後龍鎮,溪洲里,606,311345,514,370,195,645,578.93,112.68
苗栗縣,後龍鎮,豐富里,381,219235,575,390,215,774,564.45,98.09
苗栗縣,後龍鎮,校椅里,296,202997,686,514,263,858,660.20,96.27
苗栗縣,後龍鎮,埔頂里,813,433235,533,394,206,688,565.83,106.18
苗栗縣,後龍鎮,新民里,404,216405,536,377,197,717,525.80,98.16
苗栗縣,後龍鎮,復興里,191,95454,500,323,139,597,583.92,116.84
苗栗縣,後龍鎮,東明里,408,225809,553,384,191,688,594.82,107.47
苗栗縣,後龍鎮,灣寶里,337,176684,524,361,201,618,621.66,118.57
苗栗縣,後龍鎮,海寶里,224,123609,552,390,195,645,582.32,105.53
苗栗縣,後龍鎮,大山里,409,205953,504,337,177,605,552.41,109.70
苗栗縣,後龍鎮,外埔里,218,130574,599,406,233,722,678.26,113.24
苗栗縣,後龍鎮,海埔里,205,92494,451,319,160,562,449.91,99.72
苗栗縣,後龍鎮,秀水里,158,89833,569,414,231,723,521.47,91.72
苗栗縣,後龍鎮,水尾里,232,100581,434,299,173,566,481.89,111.15
苗栗縣,後龍鎮,龍津里,162,78687,486,319,175,558,595.36,122.57
苗栗縣,後龍鎮,龍坑里,325,191253,588,375,196,644,884.81,150.36
苗栗縣,後龍鎮,福寧里,170,92782,546,402,220,657,500.39,91.68
苗栗縣,後龍鎮,中和里,232,97796,422,313,145,526,430.49,102.12
苗栗縣,後龍鎮,南港里,289,148151,513,400,204,644,639.00,124.65
苗栗縣,三灣鄉,三灣村,681,350864,515,354,173,690,526.69,102.23
苗栗縣,三灣鄉,內灣村,180,85613,476,369,188,608,468.07,98.41
苗栗縣,三灣鄉,銅鏡村,241,127593,529,309,171,663,703.73,132.92
苗栗縣,三灣鄉,頂寮村,51,23402,459,355,217,647,354.54,77.27
苗栗縣,三灣鄉,北埔村,141,64100,455,307,113,562,507.82,111.70
苗栗縣,三灣鄉,大河村,112,59132,528,350,179,677,567.40,107.47
苗栗縣,三灣鄉,大坪村,119,58722,493,348,194,635,466.08,94.45
苗栗縣,三灣鄉,永和村,90,51973,577,316,144,629,983.18,170.25
苗栗縣,南庄鄉,東村,267,142805,535,380,193,700,558.74,104.47
苗栗縣,南庄鄉,西村,140,66170,473,337,185,596,576.02,121.87
苗栗縣,南庄鄉,南江村,242,118419,489,358,174,683,488.04,99.74
苗栗縣,南庄鄉,田美村,176,85737,487,314,136,581,621.69,127.62
苗栗縣,南庄鄉,獅山村,177,82719,467,323,119,586,677.99,145.07
苗栗縣,南庄鄉,南富村,292,157697,540,348,176,590,1017.40,188.39
苗栗縣,南庄鄉,員林村,270,137290,508,307,155,571,679.21,133.58
苗栗縣,南庄鄉,蓬萊村,134,85435,638,374,136,597,1711.88,268.50
苗栗縣,南庄鄉,東河村,157,70696,450,340,207,553,428.67,95.20
苗栗縣,大湖鄉,大湖村,404,235103,582,431,216,733,691.79,118.88
苗栗縣,大湖鄉,明湖村,146,83475,572,375,157,734,700.39,122.50
苗栗縣,大湖鄉,靜湖村,428,213596,499,364,193,630,508.66,101.92
苗栗縣,大湖鄉,大寮村,282,144206,511,367,176,630,654.73,128.04
苗栗縣,大湖鄉,富興村,294,138026,469,352,178,638,443.95,94.56
苗栗縣,大湖鄉,大南村,100,46254,463,365,184,521,429.38,92.83
苗栗縣,大湖鄉,南湖村,123,68793,559,314,139,670,696.05,124.45
苗栗縣,大湖鄉,義和村,268,131670,491,348,156,639,624.25,127.06
苗栗縣,大湖鄉,東興村,118,66279,562,465,224,679,648.02,115.37
苗栗縣,大湖鄉,武榮村,95,44628,470,437,198,667,369.87,78.73
苗栗縣,大湖鄉,新開村,195,101081,518,407,200,634,630.58,121.65
苗栗縣,大湖鄉,栗林村,180,92645,515,336,163,614,571.58,111.05
苗栗縣,卓蘭鎮,老庄里,411,206699,503,346,178,677,498.27,99.08
苗栗縣,卓蘭鎮,新榮里,224,109759,490,362,157,678,478.39,97.63
苗栗縣,卓蘭鎮,中街里,164,95821,584,411,210,811,558.08,95.52
苗栗縣,卓蘭鎮,新厝里,348,177810,511,361,192,677,510.32,99.88
苗栗縣,卓蘭鎮,豐田里,205,93781,457,303,169,605,508.41,111.13
苗栗縣,卓蘭鎮,西坪里,163,91598,562,343,194,572,796.15,141.68
苗栗縣,卓蘭鎮,上新里,458,250560,547,374,187,650,1257.29,229.82
苗栗縣,卓蘭鎮,內灣里,424,208927,493,370,200,627,501.98,101.87
苗栗縣,卓蘭鎮,苗豐里,143,100021,699,428,240,728,1091.96,156.12
苗栗縣,卓蘭鎮,坪林里,327,177318,542,378,216,699,822.39,151.66
苗栗縣,卓蘭鎮,景山里,207,100516,486,348,150,675,485.72,100.03
苗栗縣,獅潭鄉,百壽村,46,29823,648,502,286,884,599.44,92.46
苗栗縣,獅潭鄉,永興村,106,53569,505,442,200,642,466.44,92.30
苗栗縣,獅潭鄉,新店村,197,100258,509,350,196,616,485.39,95.37
苗栗縣,獅潭鄉,和興村,112,58176,519,332,204,667,544.61,104.85
苗栗縣,獅潭鄉,豐林村,115,57398,499,376,167,664,504.73,101.12
苗栗縣,獅潭鄉,新豐村,72,34133,474,347,156,545,454.95,95.97
苗栗縣,獅潭鄉,竹木村,121,69827,577,427,213,741,606.34,105.07
苗栗縣,泰安鄉,錦水村,191,113106,592,404,204,699,817.65,138.07
苗栗縣,泰安鄉,清安村,175,92342,528,349,165,689,600.58,113.82
苗栗縣,泰安鄉,大興村,90,49604,551,426,286,680,388.83,70.55
苗栗縣,泰安鄉,象鼻村,104,49721,478,384,216,670,405.90,84.90
苗栗縣,泰安鄉,梅園村,46,28135,612,445,321,799,473.26,77.38
苗栗縣,泰安鄉,八卦村,38,14724,387,328,154,561,311.69,80.44
苗栗縣,泰安鄉,中興村,81,34971,432,313,203,483,394.11,91.29
苗栗縣,泰安鄉,士林村,92,41073,446,403,263,579,274.24,61.43
南投縣,南投市,龍泉里,287,155995,544,359,171,686,620.10,114.09
南投縣,南投市,康壽里,454,286676,631,442,192,753,747.78,118.42
南投縣,南投市,三民里,229,159599,697,412,222,916,813.25,116.69
南投縣,南投市,仁和里,170,110336,649,410,197,732,867.46,133.65
南投縣,南投市,南投里,200,138226,691,380,207,828,834.98,120.81
南投縣,南投市,彰仁里,127,71925,566,390,114,822,620.66,109.59
南投縣,南投市,崇文里,306,209376,684,404,210,769,903.02,131.98
南投縣,南投市,漳興里,838,490641,585,386,179,762,694.71,118.65
南投縣,南投市,漳和里,2328,1367185,587,391,192,746,667.82,113.71
南投縣,南投市,軍功里,1360,723021,532,359,184,700,557.87,104.93
南投縣,南投市,東山里,96,49758,518,340,173,695,535.96,103.41
南投縣,南投市,平和里,1977,1209476,612,405,200,777,727.09,118.85
南投縣,南投市,振興里,573,306309,535,368,191,692,561.57,105.05
南投縣,南投市,千秋里,278,150595,542,371,194,679,581.23,107.30
南投縣,南投市,三興里,1882,1193239,634,430,201,841,681.36,107.47
南投縣,南投市,三和里,946,671388,710,483,206,947,771.79,108.75
南投縣,南投市,嘉興里,563,278336,494,345,166,612,549.15,111.08
南投縣,南投市,嘉和里,1430,824749,577,394,200,724,746.24,129.39
南投縣,南投市,鳳鳴里,133,62112,467,309,181,603,477.00,102.14
南投縣,南投市,鳳山里,243,117731,484,326,167,581,639.39,131.97
南投縣,南投市,平山里,1657,890307,537,365,173,635,677.63,126.12
南投縣,南投市,新興里,1601,783203,489,345,168,638,521.89,106.68
南投縣,南投市,永豐里,860,409773,476,330,167,588,617.24,129.54
南投縣,南投市,福興里,881,451166,512,335,161,592,725.39,141.65
南投縣,南投市,營北里,2234,1891813,847,524,240,1078,1015.52,119.92
南投縣,南投市,營南里,797,474696,596,392,202,725,687.80,115.48
南投縣,南投市,內新里,411,244027,594,443,208,801,588.46,99.11
南投縣,南投市,內興里,2224,1651073,742,490,230,977,874.66,117.82
南投縣,南投市,光華里,230,153535,668,415,205,745,1079.42,161.70
南投縣,南投市,光榮里,313,180489,577,385,133,797,645.66,111.97
南投縣,南投市,光明里,313,211804,677,477,264,862,725.95,107.28
南投縣,南投市,光輝里,165,113911,690,463,192,847,876.08,126.90
南投縣,南投市,福山里,471,213646,454,337,160,583,474.74,104.66
南投縣,南投市,永興里,141,83386,591,373,216,654,698.46,118.10
南投縣,埔里鎮,東門里,638,342063,536,328,154,645,648.14,120.89
南投縣,埔里鎮,西門里,790,392471,497,352,155,663,532.45,107.18
南投縣,埔里鎮,南門里,231,158221,685,418,188,840,844.19,123.25
南投縣,埔里鎮,北門里,593,327455,552,379,168,691,602.84,109.17
南投縣,埔里鎮,薰化里,295,192917,654,417,171,695,1062.18,162.42
南投縣,埔里鎮,清新里,818,419295,513,344,151,638,582.61,113.66
南投縣,埔里鎮,同聲里,494,237114,480,331,157,614,529.77,110.37
南投縣,埔里鎮,大城里,1441,786279,546,367,163,704,639.59,117.22
南投縣,埔里鎮,籃城里,201,104177,518,330,147,632,588.47,113.54
南投縣,埔里鎮,枇杷里,1844,1030523,559,368,170,728,622.90,111.46
南投縣,埔里鎮,杷城里,666,357587,537,353,156,679,622.43,115.93
南投縣,埔里鎮,水頭里,839,431227,514,318,138,626,651.94,126.84
南投縣,埔里鎮,麒麟里,151,76844,509,356,153,581,629.93,123.78
南投縣,埔里鎮,珠格里,202,120352,596,369,133,732,789.38,132.49
南投縣,埔里鎮,溪南里,249,121197,487,298,146,548,652.06,133.97
南投縣,埔里鎮,桃米里,211,128429,609,338,132,758,812.48,133.48
南投縣,埔里鎮,南村里,280,139897,500,335,131,619,570.62,114.21
南投縣,埔里鎮,愛蘭里,323,203091,629,441,186,780,703.51,111.89
南投縣,埔里鎮,鐵山里,371,166114,448,318,160,563,489.03,109.22
南投縣,埔里鎮,房里里,228,105662,463,320,150,617,480.21,103.62
南投縣,埔里鎮,向善里,108,45003,417,276,128,476,652.60,156.61
南投縣,埔里鎮,一新里,175,95062,543,261,89,539,946.06,174.16
南投縣,埔里鎮,廣成里,200,93051,465,296,163,563,502.33,107.97
南投縣,埔里鎮,史港里,107,64412,602,383,150,732,696.10,115.63
南投縣,埔里鎮,福興里,198,104334,527,258,90,577,1029.58,195.39
南投縣,埔里鎮,牛眠里,518,235350,454,310,137,569,557.92,122.80
南投縣,埔里鎮,大湳里,390,235818,605,407,154,816,736.53,121.81
南投縣,埔里鎮,蜈蚣里,495,256552,518,328,153,674,686.13,132.38
南投縣,埔里鎮,成功里,37,15238,412,312,42,554,516.07,125.31
南投縣,埔里鎮,合成里,213,103031,484,301,125,610,686.20,141.86
南投縣,埔里鎮,北安里,925,532601,576,397,185,721,636.31,110.51
南投縣,埔里鎮,泰安里,567,282234,498,344,146,614,616.10,123.77
南投縣,埔里鎮,北梅里,858,466220,543,375,160,715,593.12,109.15
南投縣,草屯鎮,玉峰里,639,407489,638,411,205,751,762.55,119.58
南投縣,草屯鎮,炎峰里,656,423431,645,434,200,841,690.15,106.92
南投縣,草屯鎮,和平里,414,260803,630,405,208,810,655.76,104.10
南投縣,草屯鎮,敦和里,1950,1174426,602,402,196,727,700.97,116.39
南投縣,草屯鎮,山腳里,2463,1705596,692,448,208,906,852.96,123.17
南投縣,草屯鎮,富寮里,2000,1201970,601,420,190,824,621.59,103.43
南投縣,草屯鎮,御史里,1752,1012285,578,369,180,707,717.74,124.22
南投縣,草屯鎮,新豐里,1097,623375,568,369,172,698,738.58,129.97
南投縣,草屯鎮,明正里,1076,653137,607,401,196,771,690.96,113.83
南投縣,草屯鎮,中正里,189,130631,691,384,171,804,959.39,138.81
南投縣,草屯鎮,碧峰里,1275,750868,589,400,209,731,668.86,113.58
南投縣,草屯鎮,上林里,1034,612822,593,378,182,714,744.02,125.54
南投縣,草屯鎮,新庄里,1086,630960,581,397,202,709,641.71,110.45
南投縣,草屯鎮,北投里,802,414291,517,342,172,643,539.69,104.48
南投縣,草屯鎮,石川里,434,230206,530,367,178,634,593.37,111.87
南投縣,草屯鎮,加老里,636,331908,522,355,179,673,546.29,104.68
南投縣,草屯鎮,中原里,566,297348,525,378,184,687,590.60,112.42
南投縣,草屯鎮,北勢里,448,231960,518,392,209,647,506.15,97.76
南投縣,草屯鎮,南埔里,1098,601200,548,380,183,705,572.25,104.51
南投縣,草屯鎮,土城里,375,170561,455,306,140,587,540.43,118.82
南投縣,草屯鎮,坪頂里,217,110253,508,324,149,557,657.16,129.34
南投縣,草屯鎮,雙冬里,418,186076,445,320,121,582,517.17,116.18
南投縣,草屯鎮,復興里,798,430334,539,374,185,674,587.06,108.86
南投縣,草屯鎮,平林里,225,119362,530,333,166,613,728.17,137.26
南投縣,草屯鎮,碧洲里,763,426150,559,370,181,691,657.13,117.66
南投縣,草屯鎮,中山里,759,542276,714,462,204,931,780.49,109.24
南投縣,草屯鎮,新厝里,1037,732140,706,461,225,889,834.33,118.17
南投縣,竹山鎮,竹山里,533,311042,584,392,195,725,683.29,117.09
南投縣,竹山鎮,中正里,157,86570,551,353,189,709,685.89,124.39
南投縣,竹山鎮,中山里,1073,635566,592,397,189,732,682.47,115.22
南投縣,竹山鎮,雲林里,951,580242,610,420,204,758,692.22,113.45
南投縣,竹山鎮,硘磘里,400,199768,499,357,165,590,538.39,107.80
南投縣,竹山鎮,桂林里,820,436456,532,363,170,700,581.99,109.34
南投縣,竹山鎮,下坪里,273,174828,640,424,193,821,931.94,145.53
南投縣,竹山鎮,中和里,188,88501,471,361,166,619,472.69,100.41
南投縣,竹山鎮,中崎里,319,148317,465,332,187,560,526.21,113.18
南投縣,竹山鎮,德興里,149,71472,480,327,180,569,502.01,104.66
南投縣,竹山鎮,延和里,1347,776321,576,398,199,747,633.92,109.99
南投縣,竹山鎮,延正里,314,185147,590,353,134,645,1050.22,178.11
南投縣,竹山鎮,延平里,642,331671,517,349,181,611,568.29,110.00
南投縣,竹山鎮,延山里,151,87413,579,386,185,770,849.17,146.69
南投縣,竹山鎮,山崇里,392,238656,609,413,204,732,880.67,144.65
南投縣,竹山鎮,社寮里,287,160297,559,377,191,725,589.12,105.48
南投縣,竹山鎮,中央里,242,131421,543,356,187,679,583.01,107.36
南投縣,竹山鎮,富州里,140,63318,452,344,135,617,515.40,113.96
南投縣,竹山鎮,大鞍里,48,18530,386,324,142,440,333.25,86.33
南投縣,竹山鎮,田子里,89,37429,421,314,150,599,386.11,91.81
南投縣,竹山鎮,福興里,75,35059,467,303,190,494,526.25,112.58
南投縣,竹山鎮,鯉魚里,123,51562,419,299,108,493,473.63,112.98
南投縣,竹山鎮,坪頂里,67,40035,598,474,169,795,593.36,99.30
南投縣,竹山鎮,瑞竹里,89,37693,424,351,181,510,381.53,90.09
南投縣,竹山鎮,桶頭里,107,40335,377,297,139,478,339.85,90.16
南投縣,竹山鎮,秀林里,124,58263,470,387,151,610,413.78,88.06
南投縣,竹山鎮,延祥里,890,409900,461,326,163,595,455.99,99.01
南投縣,竹山鎮,竹圍里,587,293780,500,358,179,636,517.13,103.33
南投縣,集集鎮,集集里,262,161021,615,357,160,762,951.98,154.90
南投縣,集集鎮,和平里,198,118249,597,433,167,737,644.76,107.96
南投縣,集集鎮,林尾里,120,68298,569,398,209,731,571.69,100.45
南投縣,集集鎮,田寮里,293,170318,581,523,211,770,599.10,103.06
南投縣,集集鎮,隘寮里,99,44967,454,369,181,574,406.92,89.59
南投縣,集集鎮,玉映里,116,64205,553,388,199,827,515.11,93.07
南投縣,集集鎮,吳厝里,202,111114,550,381,181,650,625.13,113.65
南投縣,集集鎮,八張里,329,171921,523,367,158,691,591.24,113.14
南投縣,集集鎮,永昌里,234,148118,633,396,184,811,763.89,120.68
南投縣,集集鎮,富山里,110,47361,431,283,126,582,449.77,104.46
南投縣,集集鎮,廣明里,175,99924,571,364,134,710,652.98,114.36
南投縣,名間鄉,南雅村,252,133330,529,343,154,629,641.99,121.34
南投縣,名間鄉,中正村,879,472904,538,398,191,677,580.19,107.84
南投縣,名間鄉,中山村,544,251575,462,291,132,590,597.35,129.17
南投縣,名間鄉,濁水村,326,169427,520,344,174,620,602.75,115.98
南投縣,名間鄉,炭寮村,190,99938,526,378,192,659,587.83,111.76
南投縣,名間鄉,新民村,189,78565,416,317,158,592,380.73,91.59
南投縣,名間鄉,新街村,1163,546267,470,348,163,612,463.82,98.75
南投縣,名間鄉,東湖村,420,207506,494,344,183,672,576.76,116.74
南投縣,名間鄉,仁和村,174,75694,435,323,147,591,428.49,98.50
南投縣,名間鄉,萬丹村,220,105788,481,319,157,647,636.80,132.43
南投縣,名間鄉,田仔村,280,135453,484,339,160,621,550.17,113.73
南投縣,名間鄉,新光村,406,211504,521,402,166,671,567.06,108.85
南投縣,名間鄉,大庄村,355,192382,542,364,190,678,597.17,110.19
南投縣,名間鄉,廍下村,167,81766,490,366,181,619,495.96,101.29
南投縣,名間鄉,大坑村,156,73140,469,299,154,614,495.32,105.65
南投縣,名間鄉,竹圍村,184,79706,433,337,172,546,511.35,118.05
南投縣,名間鄉,赤水村,214,107657,503,332,172,613,504.45,100.27
南投縣,名間鄉,三崙村,287,155645,542,378,226,691,554.66,102.28
南投縣,名間鄉,松山村,321,171637,535,345,197,603,647.66,121.13
南投縣,名間鄉,松柏村,226,117766,521,383,193,667,519.80,99.75
南投縣,名間鄉,埔中村,185,97475,527,298,173,588,801.56,152.13
南投縣,名間鄉,崁腳村,202,86273,427,318,146,524,448.93,105.11
南投縣,名間鄉,新厝村,165,72594,440,318,160,630,389.96,88.63
南投縣,鹿谷鄉,鹿谷村,415,260862,629,429,201,794,747.79,118.96
南投縣,鹿谷鄉,初鄉村,306,165299,540,371,182,678,610.45,113.01
南投縣,鹿谷鄉,彰雅村,271,158303,584,411,197,736,666.87,114.16
南投縣,鹿谷鄉,廣興村,434,261175,602,418,230,767,593.24,98.58
南投縣,鹿谷鄉,內湖村,189,121164,641,370,161,673,1040.38,162.29
南投縣,鹿谷鄉,竹林村,224,132136,590,367,187,689,758.99,128.67
南投縣,鹿谷鄉,竹豐村,150,67869,452,377,159,588,396.59,87.65
南投縣,鹿谷鄉,和雅村,105,55457,528,321,164,720,622.12,117.79
南投縣,鹿谷鄉,鳳凰村,287,162237,565,405,229,677,713.61,126.24
南投縣,鹿谷鄉,永隆村,357,195423,547,404,212,690,518.59,94.74
南投縣,鹿谷鄉,秀峰村,139,77645,559,327,128,644,797.15,142.71
南投縣,鹿谷鄉,清水村,139,77969,561,337,185,671,795.34,141.79
南投縣,鹿谷鄉,瑞田村,120,81717,681,463,225,766,1270.55,186.58
南投縣,中寮鄉,廣興村,160,65696,411,275,137,492,425.13,103.54
南投縣,中寮鄉,崁頂村,90,48418,538,279,117,761,651.61,121.12
南投縣,中寮鄉,和興村,100,44232,442,273,145,596,480.17,108.56
南投縣,中寮鄉,八仙村,152,72456,477,328,148,656,468.95,98.38
南投縣,中寮鄉,福盛村,109,63426,582,368,200,615,875.93,150.53
南投縣,中寮鄉,永平村,394,207332,526,304,135,641,655.58,124.58
南投縣,中寮鄉,復興村,52,27631,531,335,138,818,541.49,101.90
南投縣,中寮鄉,中寮村,132,55601,421,279,127,534,504.14,119.69
南投縣,中寮鄉,廣福村,90,49119,546,387,193,655,603.44,110.57
南投縣,中寮鄉,永福村,335,164583,491,303,167,619,578.11,117.67
南投縣,中寮鄉,義和村,251,100433,400,300,157,522,379.28,94.79
南投縣,中寮鄉,清水村,148,74733,505,363,157,563,903.67,178.96
南投縣,中寮鄉,龍安村,132,52683,399,317,157,543,338.35,84.78
南投縣,中寮鄉,龍岩村,134,63986,478,327,165,602,503.36,105.41
南投縣,中寮鄉,永和村,87,37637,433,359,146,523,392.09,90.63
南投縣,中寮鄉,內城村,91,41776,459,287,169,603,542.71,118.22
南投縣,中寮鄉,爽文村,103,40908,397,313,155,498,385.23,97.00
南投縣,中寮鄉,永芳村,85,37972,447,298,150,495,684.03,153.12
南投縣,魚池鄉,東池村,347,160494,463,291,138,617,558.75,120.80
南投縣,魚池鄉,魚池村,474,247661,522,380,147,650,579.06,110.83
南投縣,魚池鄉,中明村,170,72202,425,281,157,507,545.79,128.51
南投縣,魚池鄉,新城村,253,125736,497,339,185,568,619.42,124.64
南投縣,魚池鄉,大林村,195,83976,431,304,152,525,466.25,108.27
南投縣,魚池鄉,大雁村,126,68228,541,282,136,615,703.75,129.96
南投縣,魚池鄉,五城村,151,63691,422,281,150,544,494.99,117.36
南投縣,魚池鄉,東光村,187,118981,636,313,150,616,1936.23,304.31
南投縣,魚池鄉,共和村,160,67159,420,319,164,551,405.29,96.56
南投縣,魚池鄉,水社村,168,106363,633,421,226,731,695.13,109.80
南投縣,魚池鄉,頭社村,160,68937,431,327,185,552,464.28,107.76
南投縣,魚池鄉,武登村,103,56723,551,270,112,523,945.31,171.65
南投縣,魚池鄉,日月村,153,88006,575,323,148,691,780.40,135.67
南投縣,國姓鄉,國姓村,337,159380,473,317,176,562,512.13,108.29
南投縣,國姓鄉,石門村,337,163335,485,331,175,599,495.68,102.27
南投縣,國姓鄉,大旗村,99,48382,489,375,190,658,451.42,92.37
南投縣,國姓鄉,北港村,288,138030,479,305,158,591,680.36,141.96
南投縣,國姓鄉,長流村,241,103686,430,355,172,551,392.58,91.25
南投縣,國姓鄉,福龜村,352,148978,423,290,126,525,516.50,122.04
南投縣,國姓鄉,乾溝村,154,70168,456,333,166,563,450.82,98.94
南投縣,國姓鄉,柑林村,203,77389,381,310,121,505,369.52,96.93
南投縣,國姓鄉,南港村,265,115535,436,319,135,561,470.48,107.91
南投縣,國姓鄉,北山村,240,105332,439,301,148,547,497.87,113.44
南投縣,國姓鄉,大石村,126,58660,466,306,172,554,494.73,106.27
南投縣,國姓鄉,長福村,114,41641,365,254,100,466,406.43,111.27
南投縣,國姓鄉,長豐村,100,37726,377,293,163,494,330.83,87.69
南投縣,水里鄉,水里村,136,57580,423,321,145,562,421.68,99.60
南投縣,水里鄉,農富村,119,65950,554,424,153,707,613.07,110.62
南投縣,水里鄉,新城村,299,139394,466,328,151,631,503.85,108.08
南投縣,水里鄉,中央村,130,68673,528,346,151,610,662.65,125.44
南投縣,水里鄉,城中村,177,100787,569,379,184,727,636.68,111.81
南投縣,水里鄉,北埔村,255,147723,579,402,175,736,692.96,119.62
南投縣,水里鄉,鉅工村,254,154898,610,412,206,894,596.38,97.79
南投縣,水里鄉,永豐村,313,140465,449,319,181,560,433.84,96.67
南投縣,水里鄉,頂崁村,281,134811,480,336,157,569,511.37,106.59
南投縣,水里鄉,車埕村,81,36023,445,285,159,491,494.20,111.12
南投縣,水里鄉,新興村,95,40517,426,330,197,527,388.91,91.19
南投縣,水里鄉,新山村,26,34872,1341,760,215,1043,2189.53,163.25
南投縣,水里鄉,郡坑村,36,16955,471,478,193,628,342.04,72.62
南投縣,水里鄉,上安村,182,73565,404,304,159,528,359.40,88.92
南投縣,水里鄉,民和村,111,50727,457,277,156,493,606.87,132.79
南投縣,水里鄉,永興村,46,20837,453,367,225,630,390.04,86.11
南投縣,水里鄉,玉峰村,132,62482,473,341,151,638,437.92,92.52
南投縣,水里鄉,興隆村,40,15315,383,343,131,576,285.41,74.54
南投縣,水里鄉,南光村,401,225893,563,387,213,720,583.88,103.65
南投縣,信義鄉,明德村,318,162210,510,379,185,685,524.23,102.77
南投縣,信義鄉,地利村,147,62331,424,375,208,542,344.33,81.21
南投縣,信義鄉,人和村,189,87931,465,415,231,589,376.96,81.02
南投縣,信義鄉,愛國村,91,41514,456,338,183,504,469.32,102.88
南投縣,信義鄉,自強村,128,65231,510,336,159,556,623.88,122.42
南投縣,信義鄉,羅娜村,197,107040,543,402,223,623,510.00,93.86
南投縣,信義鄉,望美村,255,134666,528,393,230,660,553.33,104.78
南投縣,信義鄉,同富村,186,101136,544,423,231,665,520.51,95.73
南投縣,信義鄉,神木村,72,35159,488,347,139,501,1008.12,206.45
南投縣,信義鄉,東埔村,145,65517,452,393,194,593,335.56,74.27
南投縣,信義鄉,潭南村,66,28906,438,387,204,590,323.74,73.92
南投縣,信義鄉,雙龍村,72,32097,446,405,243,550,291.62,65.42
南投縣,信義鄉,新鄉村,114,56834,499,420,270,616,370.77,74.37
南投縣,信義鄉,豐丘村,102,51287,503,384,226,697,399.60,79.47
南投縣,仁愛鄉,大同村,326,180225,553,358,187,648,711.24,128.65
南投縣,仁愛鄉,春陽村,165,62178,377,340,193,521,283.57,75.25
南投縣,仁愛鄉,合作村,73,35846,491,371,219,506,494.73,100.75
南投縣,仁愛鄉,發祥村,107,52548,491,394,219,613,415.65,84.63
南投縣,仁愛鄉,力行村,62,30456,491,376,234,672,362.53,73.80
南投縣,仁愛鄉,法治村,90,36222,402,372,227,543,277.35,68.91
南投縣,仁愛鄉,親愛村,223,99795,448,390,147,632,382.37,85.44
南投縣,仁愛鄉,中正村,152,59659,392,307,131,473,448.24,114.20
南投縣,仁愛鄉,互助村,236,127505,540,430,225,761,455.16,84.25
南投縣,仁愛鄉,新生村,96,41399,431,327,203,508,387.23,89.80
南投縣,仁愛鄉,萬豐村,79,36869,467,391,235,559,378.14,81.02
南投縣,仁愛鄉,精英村,109,48799,448,322,140,549,480.78,107.39
南投縣,仁愛鄉,南豐村,234,126206,539,373,168,635,718.39,133.20
南投縣,仁愛鄉,榮興村,6,2479,413,311,44,706,437.37,105.85
南投縣,仁愛鄉,翠華村,40,14658,366,234,111,463,413.48,112.83
南投縣,仁愛鄉,都達村,55,20701,376,314,161,508,310.61,82.52
彰化縣,彰化市,中正里,486,372718,767,435,197,981,1257.85,164.02
彰化縣,彰化市,文化里,387,260772,674,406,195,877,765.75,113.64
彰化縣,彰化市,新興里,1865,1406491,754,467,211,944,977.07,129.56
彰化縣,彰化市,下廍里,1788,1451576,812,499,219,1036,999.83,123.16
彰化縣,彰化市,民生里,482,385481,800,480,202,991,1074.92,134.41
彰化縣,彰化市,興北里,538,377181,701,481,220,913,807.49,115.18
彰化縣,彰化市,信義里,287,266054,927,460,199,973,1612.91,173.99
彰化縣,彰化市,陽明里,614,448538,731,440,221,912,880.66,120.55
彰化縣,彰化市,萬安里,1393,929489,667,433,205,862,785.57,117.73
彰化縣,彰化市,新華里,487,318068,653,432,201,821,790.71,121.07
彰化縣,彰化市,光華里,263,211322,804,454,195,1071,973.34,121.14
彰化縣,彰化市,光復里,234,242185,1035,500,191,913,2262.06,218.56
彰化縣,彰化市,龍山里,651,478996,736,456,210,897,900.28,122.36
彰化縣,彰化市,中山里,216,145120,672,426,163,875,792.37,117.94
彰化縣,彰化市,永福里,292,250468,858,491,196,1087,1066.95,124.39
彰化縣,彰化市,永生里,405,252276,623,385,174,729,810.85,130.17
彰化縣,彰化市,桃源里,678,431435,636,351,166,631,1102.76,173.30
彰化縣,彰化市,大同里,338,245024,725,423,168,871,1045.61,144.24
彰化縣,彰化市,東興里,579,432662,747,441,186,889,980.87,131.26
彰化縣,彰化市,卦山里,879,702345,799,460,197,947,1511.09,189.12
彰化縣,彰化市,彰安里,987,736426,746,417,193,874,1401.37,187.82
彰化縣,彰化市,福安里,356,231106,649,422,189,832,709.40,109.28
彰化縣,彰化市,西安里,960,706615,736,427,202,868,1017.46,138.23
彰化縣,彰化市,成功里,545,439351,806,436,200,985,1142.22,141.69
彰化縣,彰化市,南瑤里,2746,2060109,750,454,206,909,1032.37,137.61
彰化縣,彰化市,華陽里,528,358451,679,425,193,808,960.12,141.43
彰化縣,彰化市,延和里,1775,1386463,781,437,203,913,1168.50,149.60
彰化縣,彰化市,延平里,3199,2388070,747,457,204,950,944.57,126.53
彰化縣,彰化市,華北里,503,336821,670,428,178,844,825.51,123.28
彰化縣,彰化市,南興里,2670,1979009,741,429,186,872,3180.73,429.13
彰化縣,彰化市,富貴里,298,180822,607,361,166,824,731.79,120.60
彰化縣,彰化市,介壽里,738,526851,714,442,205,848,926.27,129.75
彰化縣,彰化市,光南里,534,444149,832,468,196,898,1302.38,156.59
彰化縣,彰化市,民權里,331,215055,650,398,195,736,820.18,126.24
彰化縣,彰化市,萬壽里,267,192525,721,410,202,804,914.85,126.87
彰化縣,彰化市,中央里,274,182887,667,409,163,820,864.28,129.49
彰化縣,彰化市,忠孝里,412,356699,866,466,218,1082,1104.51,127.58
彰化縣,彰化市,五權里,1386,842096,608,392,188,749,732.11,120.50
彰化縣,彰化市,西興里,1147,808464,705,465,200,917,775.32,110.00
彰化縣,彰化市,忠權里,1083,745257,688,459,195,918,741.56,107.76
彰化縣,彰化市,長樂里,330,231157,700,366,178,796,1037.81,148.16
彰化縣,彰化市,西勢里,1316,981230,746,460,199,961,867.42,116.34
彰化縣,彰化市,莿桐里,1080,670950,621,376,169,695,1158.92,186.55
彰化縣,彰化市,南安里,687,315259,459,317,165,584,478.13,104.19
彰化縣,彰化市,東芳里,1119,636418,569,364,166,696,723.32,127.18
彰化縣,彰化市,南美里,636,382443,601,393,197,722,735.24,122.27
彰化縣,彰化市,平和里,1467,894890,610,375,167,778,726.78,119.14
彰化縣,彰化市,磚磘里,1057,593518,562,360,167,685,714.22,127.20
彰化縣,彰化市,阿夷里,2970,2162846,728,467,216,946,854.93,117.40
彰化縣,彰化市,古夷里,729,394499,541,352,160,675,687.99,127.14
彰化縣,彰化市,寶廍里,346,194871,563,304,163,678,804.76,142.89
彰化縣,彰化市,茄苳里,289,156791,543,343,145,658,640.44,118.05
彰化縣,彰化市,茄南里,971,604126,622,395,178,801,725.59,116.62
彰化縣,彰化市,和調里,903,613153,679,428,201,836,811.23,119.47
彰化縣,彰化市,大竹里,1068,669526,627,393,182,805,727.48,116.04
彰化縣,彰化市,竹中里,517,301992,584,366,185,733,702.39,120.25
彰化縣,彰化市,安溪里,596,347245,583,426,207,788,587.57,100.85
彰化縣,彰化市,香山里,1133,698956,617,409,180,761,712.32,115.47
彰化縣,彰化市,牛埔里,935,486273,520,350,164,653,555.90,106.89
彰化縣,彰化市,三村里,327,179356,548,309,133,579,745.86,135.98
彰化縣,彰化市,國聖里,829,466182,562,346,153,633,777.82,138.32
彰化縣,彰化市,福山里,2114,1094596,518,358,168,653,575.46,111.14
彰化縣,彰化市,中庄里,758,448417,592,390,182,739,659.58,111.50
彰化縣,彰化市,快官里,332,228812,689,394,161,783,1030.43,149.51
彰化縣,彰化市,竹巷里,230,117742,512,371,164,689,536.99,104.90
彰化縣,彰化市,福田里,353,175410,497,342,154,617,580.52,116.83
彰化縣,彰化市,石牌里,272,145945,537,360,154,641,610.88,113.85
彰化縣,彰化市,田中里,259,122324,472,317,177,578,509.43,107.86
彰化縣,彰化市,建寶里,795,569307,716,462,215,916,903.01,126.10
彰化縣,彰化市,復興里,1433,871743,608,394,175,774,716.32,117.75
彰化縣,彰化市,臺鳳里,1383,687019,497,324,160,651,559.16,112.56
彰化縣,彰化市,向陽里,1944,1559605,802,491,236,1006,1002.65,124.98
彰化縣,彰化市,崙平里,1841,1253436,681,442,199,852,881.90,129.53
彰化縣,鹿港鎮,詔安里,621,292532,471,293,143,574,610.31,129.56
彰化縣,鹿港鎮,洋厝里,668,310225,464,306,151,593,525.06,113.06
彰化縣,鹿港鎮,海埔里,1014,508680,502,341,173,613,609.39,121.48
彰化縣,鹿港鎮,山崙里,753,373384,496,319,170,574,626.18,126.28
彰化縣,鹿港鎮,頭南里,647,341402,528,319,160,588,962.06,182.32
彰化縣,鹿港鎮,草中里,933,504302,541,334,145,653,696.92,128.94
彰化縣,鹿港鎮,廖厝里,1316,677183,515,339,161,612,668.27,129.87
彰化縣,鹿港鎮,溝墘里,1331,767096,576,342,153,656,902.26,156.55
彰化縣,鹿港鎮,頭崙里,818,463287,566,341,157,663,779.02,137.55
彰化縣,鹿港鎮,東石里,1317,750026,569,350,168,664,760.40,133.52
彰化縣,鹿港鎮,頂番里,1242,750264,604,362,165,693,916.34,151.69
彰化縣,鹿港鎮,郭厝里,125,59294,474,293,137,675,510.68,107.66
彰化縣,鹿港鎮,玉順里,313,178546,570,353,169,665,723.51,126.83
彰化縣,鹿港鎮,新宮里,236,106297,450,306,140,525,521.66,115.82
彰化縣,鹿港鎮,順興里,269,158344,589,378,190,817,689.81,117.19
彰化縣,鹿港鎮,中興里,173,100833,583,398,209,713,680.26,116.71
彰化縣,鹿港鎮,景福里,344,254998,741,488,229,953,810.58,109.35
彰化縣,鹿港鎮,興化里,150,99578,664,405,156,818,890.35,134.12
彰化縣,鹿港鎮,洛津里,221,134225,607,344,152,783,791.77,130.36
彰化縣,鹿港鎮,街尾里,676,414767,614,402,187,741,763.14,124.38
彰化縣,鹿港鎮,泰興里,422,329493,781,407,188,892,1127.27,144.38
彰化縣,鹿港鎮,埔崙里,1667,976579,586,366,177,717,697.80,119.11
彰化縣,鹿港鎮,菜園里,274,153982,562,392,174,691,630.85,112.26
彰化縣,鹿港鎮,長興里,98,68464,699,415,222,825,815.60,116.75
彰化縣,鹿港鎮,東崎里,1534,802958,523,343,177,632,654.10,124.96
彰化縣,鹿港鎮,龍山里,208,120754,581,304,145,733,866.07,149.18
彰化縣,鹿港鎮,頂厝里,2597,1641289,632,398,188,755,849.21,134.37
彰化縣,鹿港鎮,大有里,335,210331,628,368,177,748,774.81,123.41
彰化縣,鹿港鎮,永安里,1495,976808,653,388,167,786,889.48,136.13
彰化縣,和美鎮,竹營里,2164,1316491,608,386,180,772,790.66,129.97
彰化縣,和美鎮,和東里,1573,1075630,684,388,200,799,1084.88,158.65
彰化縣,和美鎮,和南里,125,71954,576,408,180,740,701.63,121.89
彰化縣,和美鎮,和北里,636,396563,624,383,174,771,789.18,126.57
彰化縣,和美鎮,和西里,1077,722122,670,413,188,810,857.16,127.84
彰化縣,和美鎮,四張里,911,477963,525,338,164,651,690.66,131.64
彰化縣,和美鎮,頭前里,566,269143,476,325,161,616,521.81,109.73
彰化縣,和美鎮,還社里,264,117620,446,325,127,549,485.79,109.04
彰化縣,和美鎮,鎮平里,904,472019,522,336,151,648,705.40,135.10
彰化縣,和美鎮,大霞里,461,244714,531,317,161,555,750.59,141.40
彰化縣,和美鎮,源埤里,584,294615,504,320,151,642,577.84,114.54
彰化縣,和美鎮,南佃里,677,328041,485,329,169,560,603.82,124.61
彰化縣,和美鎮,雅溝里,401,227783,568,342,178,669,692.80,121.96
彰化縣,和美鎮,面前里,719,384826,535,351,161,655,668.40,124.88
彰化縣,和美鎮,山犁里,1803,1162607,645,404,185,815,828.93,128.55
彰化縣,和美鎮,嘉犁里,638,375339,588,349,156,692,1060.69,180.30
彰化縣,和美鎮,鐵山里,935,579750,620,350,191,701,858.81,138.51
彰化縣,和美鎮,詔安里,691,376047,544,362,177,668,643.49,118.24
彰化縣,和美鎮,柑井里,1140,639380,561,365,169,672,681.05,121.43
彰化縣,和美鎮,竹園里,297,143921,485,314,140,608,538.76,111.18
彰化縣,和美鎮,新庄里,771,428328,556,373,173,721,624.08,112.33
彰化縣,和美鎮,犁盛里,744,437785,588,380,170,705,786.74,133.70
彰化縣,和美鎮,中寮里,324,158991,491,314,177,612,562.03,114.53
彰化縣,和美鎮,中圍里,884,415387,470,338,146,616,514.97,109.59
彰化縣,和美鎮,糖友里,1590,954622,600,398,187,758,766.58,127.68
彰化縣,和美鎮,塗厝里,540,280731,520,342,171,639,655.68,126.12
彰化縣,和美鎮,地潭里,228,107149,470,336,184,598,449.38,95.62
彰化縣,和美鎮,湖內里,377,158859,421,288,153,508,483.20,114.67
彰化縣,和美鎮,嘉寶里,607,262701,433,273,136,521,515.28,119.06
彰化縣,和美鎮,月眉里,960,435964,454,300,152,568,518.48,114.17
彰化縣,和美鎮,好修里,509,228655,449,330,163,542,523.29,116.49
彰化縣,和美鎮,仁愛里,928,488905,527,353,168,651,607.25,115.26
彰化縣,北斗鎮,光復里,535,337855,632,441,202,868,652.39,103.31
彰化縣,北斗鎮,新政里,248,182147,734,491,204,956,886.99,120.77
彰化縣,北斗鎮,重慶里,142,83179,586,392,187,743,604.33,103.17
彰化縣,北斗鎮,五權里,180,107593,598,386,171,681,775.72,129.78
彰化縣,北斗鎮,七星里,363,215574,594,352,177,726,868.96,146.32
彰化縣,北斗鎮,居仁里,397,241813,609,425,208,800,641.21,105.27
彰化縣,北斗鎮,東光里,633,340702,538,347,162,648,750.29,139.40
彰化縣,北斗鎮,中和里,334,163127,488,323,151,528,662.12,135.57
彰化縣,北斗鎮,文昌里,878,481215,548,363,163,689,614.63,112.14
彰化縣,北斗鎮,西德里,1352,813386,602,390,177,731,1223.52,203.37
彰化縣,北斗鎮,西安里,486,338130,696,447,215,884,788.50,113.33
彰化縣,北斗鎮,中寮里,656,374194,570,405,182,741,563.37,98.76
彰化縣,北斗鎮,大道里,511,310406,607,396,192,759,615.13,101.27
彰化縣,北斗鎮,新生里,471,232364,493,336,158,598,602.65,122.16
彰化縣,北斗鎮,大新里,469,232964,497,341,158,564,706.94,142.32
彰化縣,員林市,東和里,291,206715,710,424,193,888,893.08,125.72
彰化縣,員林市,民生里,791,437815,553,382,176,691,636.27,114.96
彰化縣,員林市,中正里,1055,794096,753,461,222,931,972.04,129.14
彰化縣,員林市,新興里,217,166561,768,531,184,973,880.00,114.65
彰化縣,員林市,仁美里,823,641502,779,499,226,951,912.15,117.02
彰化縣,員林市,和平里,963,615893,640,397,196,771,938.33,146.72
彰化縣,員林市,光明里,241,132668,550,363,146,680,667.70,121.29
彰化縣,員林市,中山里,210,160649,765,449,225,970,916.17,119.76
彰化縣,員林市,黎明里,524,354421,676,391,182,785,1329.39,196.55
彰化縣,員林市,惠來里,1907,1303408,683,408,176,844,918.08,134.32
彰化縣,員林市,三義里,863,523561,607,389,193,761,777.34,128.13
彰化縣,員林市,南平里,1923,1394886,725,442,200,891,909.59,125.40
彰化縣,員林市,大埔里,582,284156,488,365,170,630,473.82,97.05
彰化縣,員林市,源潭里,512,284119,555,405,199,722,563.39,101.53
彰化縣,員林市,三條里,969,737989,762,430,216,950,968.94,127.22
彰化縣,員林市,三橋里,963,611160,635,442,195,818,737.46,116.20
彰化縣,員林市,溝皂里,867,528847,610,421,201,809,607.45,99.59
彰化縣,員林市,中央里,623,363303,583,387,172,698,814.02,139.59
彰化縣,員林市,大饒里,1017,622635,612,413,194,778,697.93,114.00
彰化縣,員林市,大明里,675,351545,521,342,161,628,704.21,135.21
彰化縣,員林市,萬年里,1211,802703,663,428,190,827,828.16,124.94
彰化縣,員林市,崙雅里,712,393600,553,362,173,649,690.12,124.84
彰化縣,員林市,振興里,771,380063,493,350,161,646,522.46,105.99
彰化縣,員林市,林厝里,744,373066,501,357,177,634,548.79,109.44
彰化縣,員林市,出水里,413,201125,487,333,168,545,644.83,132.41
彰化縣,員林市,湖水里,291,156249,537,346,157,642,670.07,124.79
彰化縣,員林市,大峰里,170,79151,466,288,121,549,622.58,133.72
彰化縣,員林市,鎮興里,504,233292,463,347,165,599,443.92,95.90
彰化縣,員林市,浮圳里,601,341918,569,365,168,747,624.66,109.80
彰化縣,員林市,西東里,533,268411,504,361,187,669,543.33,107.89
彰化縣,員林市,南東里,532,251367,472,304,136,589,611.81,129.49
彰化縣,員林市,中東里,462,276508,599,405,185,711,735.64,122.91
彰化縣,員林市,東北里,620,309264,499,347,168,627,556.65,111.60
彰化縣,員林市,新生里,1401,967439,691,424,190,825,956.89,138.57
彰化縣,員林市,三和里,2064,1481811,718,425,206,918,872.77,121.57
彰化縣,員林市,南興里,1457,858523,589,412,196,755,627.42,106.48
彰化縣,員林市,三愛里,1043,764061,733,484,223,924,866.21,118.24
彰化縣,員林市,三信里,876,699434,798,490,214,1015,938.79,117.58
彰化縣,員林市,三多里,948,864825,912,499,230,992,1845.14,202.26
彰化縣,員林市,仁愛里,508,404149,796,443,195,1022,998.80,125.54
彰化縣,員林市,忠孝里,752,484451,644,403,191,815,797.82,123.84
彰化縣,溪湖鎮,光平里,337,198334,589,404,184,745,654.70,111.24
彰化縣,溪湖鎮,平和里,223,155321,697,442,218,862,733.03,105.24
彰化縣,溪湖鎮,太平里,557,383129,688,403,184,878,860.82,125.15
彰化縣,溪湖鎮,光華里,142,69120,487,390,198,650,424.82,87.27
彰化縣,溪湖鎮,東寮里,1069,657082,615,389,191,736,759.51,123.56
彰化縣,溪湖鎮,西寮里,678,390179,575,360,166,768,663.60,115.31
彰化縣,溪湖鎮,大突里,1032,608243,589,392,169,777,686.05,116.40
彰化縣,溪湖鎮,北勢里,360,172549,479,336,154,602,527.62,110.08
彰化縣,溪湖鎮,汴頭里,866,462026,534,380,179,677,561.48,105.24
彰化縣,溪湖鎮,大竹里,743,463266,624,407,186,808,743.53,119.25
彰化縣,溪湖鎮,湖西里,681,410927,603,413,195,760,771.72,127.89
彰化縣,溪湖鎮,田中里,178,83409,469,352,159,580,473.24,100.99
彰化縣,溪湖鎮,河東里,389,166232,427,294,144,527,460.89,107.85
彰化縣,溪湖鎮,中山里,555,286590,516,365,148,685,525.88,101.84
彰化縣,溪湖鎮,中竹里,222,100200,451,333,168,582,457.27,101.31
彰化縣,溪湖鎮,東溪里,339,192295,567,367,164,647,884.84,155.99
彰化縣,溪湖鎮,西溪里,529,291301,551,349,177,630,817.05,148.38
彰化縣,溪湖鎮,湖東里,1342,792814,591,411,188,756,640.53,108.42
彰化縣,溪湖鎮,頂庄里,171,77412,453,311,115,528,475.29,104.99
彰化縣,溪湖鎮,忠覺里,380,185816,489,326,166,652,516.44,105.61
彰化縣,溪湖鎮,湳底里,148,84085,568,319,163,665,869.63,153.06
彰化縣,溪湖鎮,大庭里,358,181439,507,384,173,649,487.96,96.28
彰化縣,溪湖鎮,媽厝里,244,125316,514,317,153,616,688.11,133.98
彰化縣,溪湖鎮,西勢里,540,278788,516,381,179,665,530.01,102.66
彰化縣,溪湖鎮,番婆里,430,222776,518,379,177,725,490.03,94.59
彰化縣,田中鎮,香山里,188,86646,461,325,131,652,462.30,100.31
彰化縣,田中鎮,碧峰里,204,105981,520,370,202,621,673.81,129.70
彰化縣,田中鎮,東源里,191,98735,517,400,166,642,567.48,109.78
彰化縣,田中鎮,復興里,372,174897,470,363,177,609,440.24,93.64
彰化縣,田中鎮,平和里,363,173166,477,308,168,573,622.82,130.56
彰化縣,田中鎮,頂潭里,318,167144,526,357,216,637,626.55,119.20
彰化縣,田中鎮,中潭里,484,224526,464,326,139,619,497.71,107.29
彰化縣,田中鎮,龍潭里,141,59202,420,320,185,536,339.91,80.95
彰化縣,田中鎮,北路里,950,622124,655,441,226,878,672.35,102.67
彰化縣,田中鎮,西路里,679,434759,640,433,214,821,757.18,118.26
彰化縣,田中鎮,東路里,314,192659,614,415,181,788,666.87,108.69
彰化縣,田中鎮,南路里,318,172666,543,393,174,696,622.75,114.69
彰化縣,田中鎮,中路里,613,405918,662,464,235,842,694.89,104.94
彰化縣,田中鎮,新庄里,683,378462,554,415,213,684,601.95,108.63
彰化縣,田中鎮,三安里,338,170235,504,330,185,598,636.41,126.36
彰化縣,田中鎮,大崙里,312,145910,468,298,147,610,509.43,108.93
彰化縣,田中鎮,沙崙里,474,268148,566,360,183,638,848.75,150.03
彰化縣,田中鎮,新民里,1312,705454,538,397,206,719,496.71,92.38
彰化縣,田中鎮,梅州里,323,159359,493,353,171,657,498.47,101.03
彰化縣,田中鎮,三民里,369,190829,517,364,198,638,771.71,149.22
彰化縣,田中鎮,三光里,213,105673,496,321,183,636,584.95,117.91
彰化縣,田中鎮,大社里,212,102787,485,334,175,591,518.30,106.90
彰化縣,二林鎮,東和里,547,349815,640,397,189,790,743.05,116.19
彰化縣,二林鎮,南光里,913,610784,669,458,210,866,819.66,122.52
彰化縣,二林鎮,西平里,359,205503,572,416,215,695,565.74,98.83
彰化縣,二林鎮,北平里,795,495335,623,426,216,763,799.29,128.28
彰化縣,二林鎮,中西里,297,148650,501,370,186,658,456.89,91.29
彰化縣,二林鎮,廣興里,264,131430,498,367,204,605,479.89,96.39
彰化縣,二林鎮,香田里,207,106858,516,379,198,643,530.70,102.80
彰化縣,二林鎮,外竹里,182,91311,502,321,146,578,855.77,170.57
彰化縣,二林鎮,興華里,235,112359,478,355,142,664,462.22,96.67
彰化縣,二林鎮,東興里,400,213496,534,375,190,707,522.71,97.93
彰化縣,二林鎮,後厝里,954,586801,615,419,200,818,670.74,109.05
彰化縣,二林鎮,豐田里,604,374965,621,410,190,808,797.54,128.47
彰化縣,二林鎮,頂厝里,262,125792,480,378,219,605,427.64,89.07
彰化縣,二林鎮,趙甲里,266,136376,513,360,175,657,630.45,122.97
彰化縣,二林鎮,振興里,219,97226,444,306,152,545,452.99,102.03
彰化縣,二林鎮,萬興里,168,90245,537,387,160,614,608.02,113.19
彰化縣,二林鎮,永興里,324,166531,514,361,152,674,650.92,126.64
彰化縣,二林鎮,西庄里,248,108359,437,317,160,560,443.62,101.53
彰化縣,二林鎮,梅芳里,190,101803,536,357,171,680,612.61,114.33
彰化縣,二林鎮,華崙里,774,378930,490,337,153,616,522.59,106.74
彰化縣,二林鎮,東勢里,154,79203,514,340,212,716,549.97,106.93
彰化縣,二林鎮,大永里,169,70585,418,310,139,605,402.88,96.46
彰化縣,二林鎮,萬合里,200,116266,581,424,206,712,648.82,111.61
彰化縣,二林鎮,原斗里,276,146394,530,376,177,676,533.08,100.50
彰化縣,二林鎮,西斗里,226,108291,479,367,155,633,498.89,104.12
彰化縣,二林鎮,東華里,175,104422,597,396,198,746,687.42,115.20
彰化縣,二林鎮,復豐里,123,66673,542,374,171,661,562.36,103.75
彰化縣,線西鄉,線西村,653,330030,505,339,160,613,632.90,125.23
彰化縣,線西鄉,頂庄村,357,169932,476,319,163,577,578.35,121.50
彰化縣,線西鄉,寓埔村,676,343919,509,342,150,651,560.46,110.16
彰化縣,線西鄉,塭仔村,369,193361,524,354,150,640,713.34,136.13
彰化縣,線西鄉,溝內村,303,126373,417,280,148,544,429.49,102.98
彰化縣,線西鄉,下犁村,580,283764,489,298,139,567,715.77,146.30
彰化縣,線西鄉,頂犁村,802,425499,531,361,171,676,683.18,128.77
彰化縣,線西鄉,德興村,445,226765,510,363,181,633,627.64,123.17
彰化縣,伸港鄉,新港村,1658,900927,543,345,168,641,739.24,136.04
彰化縣,伸港鄉,什股村,692,341273,493,322,167,640,534.37,108.36
彰化縣,伸港鄉,海尾村,535,255841,478,316,149,571,547.60,114.51
彰化縣,伸港鄉,全興村,419,224718,536,335,162,658,900.71,167.94
彰化縣,伸港鄉,溪底村,573,288012,503,334,183,629,546.92,108.81
彰化縣,伸港鄉,定興村,831,361169,435,293,146,528,518.50,119.30
彰化縣,伸港鄉,泉州村,602,283381,471,324,149,614,492.27,104.58
彰化縣,伸港鄉,泉厝村,385,179770,467,311,155,574,506.28,108.43
彰化縣,伸港鄉,曾家村,472,213729,453,306,148,552,492.77,108.82
彰化縣,伸港鄉,蚵寮村,264,114999,436,297,154,571,535.46,122.92
彰化縣,伸港鄉,埤墘村,479,230425,481,351,151,628,477.32,99.22
彰化縣,伸港鄉,七嘉村,979,466796,477,320,146,605,530.56,111.27
彰化縣,伸港鄉,汴頭村,702,322979,460,303,132,571,567.57,123.36
彰化縣,伸港鄉,大同村,845,457254,541,395,187,704,540.04,99.80
彰化縣,福興鄉,福興村,1131,599988,530,348,163,664,698.76,131.72
彰化縣,福興鄉,外中村,329,164741,501,381,193,688,466.70,93.20
彰化縣,福興鄉,元中村,403,226435,562,347,169,615,722.72,128.63
彰化縣,福興鄉,大崙村,397,218219,550,329,165,658,697.51,126.90
彰化縣,福興鄉,外埔村,449,234691,523,335,179,650,596.54,114.13
彰化縣,福興鄉,三汴村,465,245713,528,363,171,627,608.29,115.12
彰化縣,福興鄉,萬豐村,274,152924,558,346,155,670,780.39,139.83
彰化縣,福興鄉,番社村,419,228154,545,353,200,625,654.43,120.19
彰化縣,福興鄉,社尾村,386,196446,509,326,152,631,586.62,115.27
彰化縣,福興鄉,番婆村,691,345535,500,334,167,616,525.61,105.11
彰化縣,福興鄉,橋頭村,888,501730,565,350,141,627,949.41,168.03
彰化縣,福興鄉,秀厝村,628,289542,461,301,163,536,540.35,117.20
彰化縣,福興鄉,鎮平村,273,138330,507,315,153,586,634.84,125.29
彰化縣,福興鄉,三和村,236,138911,589,336,150,714,807.74,137.23
彰化縣,福興鄉,麥厝村,541,259371,479,340,147,566,544.75,113.63
彰化縣,福興鄉,廈粘村,523,244407,467,337,160,592,515.08,110.22
彰化縣,福興鄉,頂粘村,628,377979,602,334,166,664,941.70,156.46
彰化縣,福興鄉,福寶村,312,145047,465,317,145,609,525.37,113.01
彰化縣,福興鄉,二港村,357,185137,519,340,177,576,711.81,137.26
彰化縣,福興鄉,福南村,767,404889,528,302,142,613,860.68,163.04
彰化縣,福興鄉,西勢村,587,299279,510,327,163,674,577.41,113.25
彰化縣,福興鄉,同安村,694,307917,444,293,140,550,506.56,114.17
彰化縣,秀水鄉,秀水村,490,255734,522,317,160,657,597.29,114.44
彰化縣,秀水鄉,安溪村,670,390274,582,381,168,744,660.63,113.41
彰化縣,秀水鄉,莊雅村,863,471938,547,338,160,661,686.56,125.55
彰化縣,秀水鄉,陜西村,420,202048,481,350,176,587,506.94,105.38
彰化縣,秀水鄉,金興村,509,285453,561,341,175,610,1285.03,229.14
彰化縣,秀水鄉,安東村,1272,747431,588,361,166,724,729.08,124.08
彰化縣,秀水鄉,鶴鳴村,1017,563224,554,349,177,664,668.05,120.63
彰化縣,秀水鄉,馬興村,753,404994,538,349,170,623,694.58,129.14
彰化縣,秀水鄉,義興村,424,220607,520,336,147,625,627.05,120.52
彰化縣,秀水鄉,福安村,1451,854259,589,381,187,748,652.80,110.88
彰化縣,秀水鄉,埔崙村,635,358827,565,404,204,690,635.95,112.54
彰化縣,秀水鄉,曾厝村,544,272828,502,330,147,609,687.58,137.10
彰化縣,秀水鄉,金陵村,555,311415,561,387,181,662,625.31,111.44
彰化縣,秀水鄉,下崙村,587,320493,546,334,161,674,676.84,123.97
彰化縣,花壇鄉,花壇村,1037,561543,542,368,160,682,607.33,112.15
彰化縣,花壇鄉,金墩村,535,290024,542,330,168,620,672.54,124.06
彰化縣,花壇鄉,中庄村,667,350696,526,358,158,621,675.07,128.39
彰化縣,花壇鄉,劉厝村,295,154128,522,351,157,644,626.60,119.93
彰化縣,花壇鄉,崙雅村,392,192971,492,313,149,627,715.34,145.31
彰化縣,花壇鄉,南口村,599,370904,619,391,185,752,831.19,134.23
彰化縣,花壇鄉,岩竹村,353,191836,543,350,150,694,659.76,121.40
彰化縣,花壇鄉,橋頭村,979,468715,479,315,155,612,524.59,109.57
彰化縣,花壇鄉,灣雅村,253,113687,449,306,131,561,599.90,133.50
彰化縣,花壇鄉,灣東村,233,118692,509,354,164,612,619.11,121.53
彰化縣,花壇鄉,三春村,533,247980,465,318,142,568,502.95,108.10
彰化縣,花壇鄉,永春村,579,269680,466,318,160,577,643.00,138.05
彰化縣,花壇鄉,長春村,423,220128,520,355,156,635,621.04,119.34
彰化縣,花壇鄉,中口村,260,143595,552,362,155,654,631.85,114.41
彰化縣,花壇鄉,北口村,580,316139,545,363,172,658,796.65,146.16
彰化縣,花壇鄉,長沙村,1696,993459,586,374,172,743,705.44,120.43
彰化縣,花壇鄉,文德村,929,443744,478,324,169,589,509.62,106.69
彰化縣,花壇鄉,白沙村,1511,1099554,728,383,168,790,1335.33,183.50
彰化縣,芬園鄉,社口村,674,352554,523,337,175,648,603.25,115.33
彰化縣,芬園鄉,竹林村,451,220104,488,354,172,587,516.29,105.79
彰化縣,芬園鄉,楓坑村,119,47482,399,289,128,481,436.49,109.39
彰化縣,芬園鄉,芬園村,234,103215,441,323,176,561,411.55,93.30
彰化縣,芬園鄉,大埔村,329,140625,427,287,162,570,459.88,107.59
彰化縣,芬園鄉,舊社村,417,200607,481,320,147,555,564.76,117.40
彰化縣,芬園鄉,進芬村,238,125074,526,357,179,664,547.08,104.10
彰化縣,芬園鄉,茄荖村,663,299081,451,319,169,548,504.18,111.77
彰化縣,芬園鄉,嘉興村,419,218149,521,326,164,602,811.09,155.79
彰化縣,芬園鄉,縣庄村,294,152583,519,336,171,638,648.22,124.90
彰化縣,芬園鄉,圳墘村,148,84865,573,331,166,636,732.90,127.81
彰化縣,芬園鄉,溪頭村,439,214740,489,346,174,601,516.31,105.55
彰化縣,芬園鄉,同安村,248,108633,438,280,137,550,472.86,107.95
彰化縣,芬園鄉,中崙村,183,92036,503,347,170,735,515.66,102.53
彰化縣,芬園鄉,大竹村,243,123277,507,350,165,629,579.56,114.24
彰化縣,大村鄉,大村村,984,552154,561,375,191,700,670.80,119.54
彰化縣,大村鄉,田洋村,296,133167,450,369,195,562,401.32,89.21
彰化縣,大村鄉,南勢村,387,162876,421,304,137,520,443.92,105.48
彰化縣,大村鄉,貢旗村,383,187639,490,339,185,570,540.17,110.26
彰化縣,大村鄉,茄苳村,385,204618,531,337,169,629,673.78,126.78
彰化縣,大村鄉,加錫村,395,193687,490,318,144,551,707.63,144.31
彰化縣,大村鄉,大崙村,385,162809,423,309,151,528,444.68,105.16
彰化縣,大村鄉,新興村,270,125896,466,327,172,557,488.72,104.81
彰化縣,大村鄉,擺塘村,680,383308,564,352,157,679,757.28,134.34
彰化縣,大村鄉,村上村,439,233900,533,395,198,651,548.56,102.96
彰化縣,大村鄉,美港村,907,558200,615,380,186,673,1705.80,277.17
彰化縣,大村鄉,過溝村,877,526121,600,371,176,689,1719.69,286.66
彰化縣,大村鄉,大橋村,517,267731,518,338,156,617,681.81,131.66
彰化縣,大村鄉,黃厝村,667,332910,499,368,181,597,550.03,110.20
彰化縣,大村鄉,福興村,581,283348,488,347,167,569,692.76,142.05
彰化縣,大村鄉,平和村,709,351053,495,357,171,621,550.89,111.26
彰化縣,埔鹽鄉,埔鹽村,500,291140,582,378,191,645,761.39,130.76
彰化縣,埔鹽鄉,埔南村,475,258000,543,354,188,651,624.25,114.93
彰化縣,埔鹽鄉,廍子村,370,194910,527,348,177,627,619.44,117.59
彰化縣,埔鹽鄉,出水村,261,143116,548,358,153,700,663.65,121.03
彰化縣,埔鹽鄉,南港村,451,216854,481,322,139,623,545.77,113.51
彰化縣,埔鹽鄉,打廉村,238,119963,504,354,180,605,629.33,124.86
彰化縣,埔鹽鄉,豐澤村,347,152820,440,293,138,557,498.48,113.19
彰化縣,埔鹽鄉,崑崙村,321,193124,602,368,183,703,1006.63,167.32
彰化縣,埔鹽鄉,角樹村,195,95495,490,337,168,549,531.21,108.47
彰化縣,埔鹽鄉,瓦磘村,322,165630,514,358,172,631,606.24,117.86
彰化縣,埔鹽鄉,好修村,544,255620,470,291,125,604,610.23,129.87
彰化縣,埔鹽鄉,西湖村,495,256555,518,341,148,597,625.90,120.76
彰化縣,埔鹽鄉,大有村,323,137952,427,296,140,514,480.89,112.59
彰化縣,埔鹽鄉,新興村,130,83182,640,337,157,773,844.74,132.02
彰化縣,埔鹽鄉,永平村,291,153024,526,377,177,638,517.01,98.32
彰化縣,埔鹽鄉,永樂村,222,141536,638,417,183,780,716.85,112.44
彰化縣,埔鹽鄉,石埤村,271,116967,432,307,119,568,455.03,105.43
彰化縣,埔鹽鄉,天盛村,178,108365,609,395,183,768,656.02,107.76
彰化縣,埔鹽鄉,太平村,327,148733,455,281,139,596,495.71,108.98
彰化縣,埔鹽鄉,新水村,320,149322,467,315,154,569,494.57,105.99
彰化縣,埔鹽鄉,三省村,304,156002,513,337,121,636,677.88,132.10
彰化縣,埔鹽鄉,南新村,344,158448,461,306,147,558,546.72,118.69
彰化縣,埔心鄉,東門村,1130,619903,549,366,174,694,610.72,111.33
彰化縣,埔心鄉,埔心村,346,159450,461,318,149,586,503.05,109.16
彰化縣,埔心鄉,義民村,446,231566,519,348,174,659,596.60,114.91
彰化縣,埔心鄉,油車村,358,174597,488,328,164,589,574.32,117.76
彰化縣,埔心鄉,瓦北村,495,271156,548,358,149,720,592.14,108.10
彰化縣,埔心鄉,瓦中村,598,340229,569,372,166,698,642.50,112.93
彰化縣,埔心鄉,瓦南村,429,212715,496,310,155,570,600.42,121.09
彰化縣,埔心鄉,太平村,605,290494,480,328,147,587,615.69,128.23
彰化縣,埔心鄉,經口村,708,381633,539,376,165,712,571.19,105.97
彰化縣,埔心鄉,大華村,171,86379,505,357,164,565,627.42,124.21
彰化縣,埔心鄉,仁里村,313,154260,493,345,172,601,587.43,119.19
彰化縣,埔心鄉,舊館村,469,267238,570,357,159,676,758.81,133.17
彰化縣,埔心鄉,南館村,294,140782,479,312,163,550,555.12,115.93
彰化縣,埔心鄉,新館村,231,117550,509,334,160,592,614.82,120.82
彰化縣,埔心鄉,羅厝村,308,127601,414,297,133,521,528.70,127.62
彰化縣,埔心鄉,芎蕉村,458,221080,483,353,167,610,522.76,108.30
彰化縣,埔心鄉,梧鳳村,198,91123,460,320,148,640,483.25,105.00
彰化縣,埔心鄉,二重村,367,189482,516,352,170,628,616.14,119.34
彰化縣,埔心鄉,埤霞村,191,84000,440,332,145,592,424.11,96.43
彰化縣,埔心鄉,埤腳村,233,104360,448,304,129,572,509.93,113.85
彰化縣,永靖鄉,永東村,207,123602,597,427,212,736,624.67,104.62
彰化縣,永靖鄉,永西村,442,284040,643,412,197,789,868.72,135.18
彰化縣,永靖鄉,永北村,616,349020,567,376,175,681,659.59,116.41
彰化縣,永靖鄉,永南村,507,252045,497,356,151,644,545.84,109.80
彰化縣,永靖鄉,港西村,462,212822,461,317,153,597,453.72,98.49
彰化縣,永靖鄉,五福村,340,171954,506,337,167,648,541.38,107.04
彰化縣,永靖鄉,湳港村,298,162147,544,340,117,588,948.51,174.32
彰化縣,永靖鄉,新莊村,279,147552,529,365,162,638,754.42,142.65
彰化縣,永靖鄉,浮圳村,328,147178,449,320,160,549,498.92,111.19
彰化縣,永靖鄉,瑚璉村,763,388499,509,359,151,680,532.88,104.66
彰化縣,永靖鄉,五汴村,408,269998,662,369,188,701,1147.97,173.47
彰化縣,永靖鄉,光雲村,410,191062,466,317,135,586,508.81,109.19
彰化縣,永靖鄉,東寧村,526,249788,475,306,152,577,556.22,117.13
彰化縣,永靖鄉,永興村,408,216363,530,387,174,650,556.86,105.01
彰化縣,永靖鄉,崙子村,432,236178,547,361,162,667,749.36,137.07
彰化縣,永靖鄉,獨鰲村,175,74489,426,335,119,570,400.99,94.21
彰化縣,永靖鄉,敦厚村,180,93745,521,382,164,651,540.81,103.84
彰化縣,永靖鄉,崙美村,157,72892,464,323,172,517,566.06,121.92
彰化縣,永靖鄉,同安村,159,75791,477,327,157,604,488.73,102.53
彰化縣,永靖鄉,同仁村,176,91753,521,341,180,684,551.90,105.86
彰化縣,永靖鄉,四芳村,151,63922,423,285,150,612,401.50,94.84
彰化縣,永靖鄉,湳墘村,183,77856,425,316,134,585,401.51,94.37
彰化縣,永靖鄉,福興村,234,130109,556,351,156,593,973.28,175.04
彰化縣,永靖鄉,竹子村,275,130904,476,373,166,587,483.36,101.54
彰化縣,社頭鄉,社頭村,817,486536,596,417,196,711,698.64,117.32
彰化縣,社頭鄉,廣興村,1330,648327,487,333,151,621,556.61,114.18
彰化縣,社頭鄉,仁雅村,862,471536,547,389,196,696,598.46,109.40
彰化縣,社頭鄉,崙雅村,305,174108,571,347,181,723,674.09,118.09
彰化縣,社頭鄉,美雅村,332,172931,521,365,177,694,500.33,96.06
彰化縣,社頭鄉,里仁村,263,135685,516,373,201,666,478.27,92.70
彰化縣,社頭鄉,舊社村,441,198328,450,325,133,580,482.42,107.27
彰化縣,社頭鄉,松竹村,281,128699,458,351,159,588,477.23,104.20
彰化縣,社頭鄉,東興村,369,167182,453,319,162,506,504.67,111.39
彰化縣,社頭鄉,廣福村,212,110078,519,370,178,632,552.85,106.47
彰化縣,社頭鄉,橋頭村,519,269653,520,351,154,625,582.17,112.05
彰化縣,社頭鄉,湳底村,446,217145,487,329,163,587,573.85,117.86
彰化縣,社頭鄉,新厝村,378,188856,500,360,176,662,494.60,99.00
彰化縣,社頭鄉,張厝村,305,142398,467,336,144,589,542.80,116.26
彰化縣,社頭鄉,埤斗村,229,118257,516,345,186,613,652.86,126.42
彰化縣,社頭鄉,清水村,318,276537,870,352,151,596,6745.25,775.66
彰化縣,社頭鄉,山湖村,303,148734,491,275,142,546,664.93,135.46
彰化縣,社頭鄉,朝興村,285,157728,553,347,169,658,823.75,148.84
彰化縣,社頭鄉,仁和村,173,81578,472,330,158,620,468.47,99.35
彰化縣,社頭鄉,泰安村,267,132409,496,351,163,642,548.24,110.55
彰化縣,社頭鄉,平和村,251,103028,410,309,133,555,423.39,103.15
彰化縣,社頭鄉,龍井村,197,92284,468,304,148,571,799.00,170.56
彰化縣,社頭鄉,湳雅村,385,182131,473,348,165,608,468.26,98.98
彰化縣,社頭鄉,協和村,574,286539,499,337,138,620,751.17,150.47
彰化縣,二水鄉,十五村,152,67745,446,339,195,610,402.04,90.21
彰化縣,二水鄉,合和村,219,97928,447,330,150,598,439.89,98.37
彰化縣,二水鄉,上豊村,219,102078,466,343,171,572,512.83,110.02
彰化縣,二水鄉,過圳村,134,58451,436,281,157,601,435.38,99.81
彰化縣,二水鄉,五伯村,154,91313,593,380,189,749,686.71,115.81
彰化縣,二水鄉,光化村,260,151465,583,405,191,765,611.44,104.96
彰化縣,二水鄉,文化村,269,160198,596,396,197,703,762.66,128.06
彰化縣,二水鄉,二水村,216,123052,570,399,231,754,556.83,97.74
彰化縣,二水鄉,聖化村,129,72880,565,416,200,768,528.78,93.60
彰化縣,二水鄉,裕民村,253,138318,547,394,189,720,578.78,105.87
彰化縣,二水鄉,惠民村,178,87664,492,385,213,642,401.03,81.43
彰化縣,二水鄉,大園村,175,84212,481,318,143,596,531.69,110.49
彰化縣,二水鄉,修仁村,182,87076,478,347,167,637,475.12,99.30
彰化縣,二水鄉,源泉村,131,96222,735,443,231,774,1235.83,168.25
彰化縣,二水鄉,倡和村,107,51385,480,335,189,642,461.88,96.18
彰化縣,二水鄉,復興村,237,100987,426,336,169,548,395.46,92.81
彰化縣,二水鄉,合興村,153,76311,499,324,184,540,692.92,138.93
彰化縣,田尾鄉,田尾村,300,150612,502,336,150,638,620.73,123.64
彰化縣,田尾鄉,豐田村,190,94053,495,372,183,599,529.34,106.93
彰化縣,田尾鄉,饒平村,741,436105,589,387,167,725,695.16,118.12
彰化縣,田尾鄉,北曾村,402,198987,495,341,167,616,536.33,108.35
彰化縣,田尾鄉,南曾村,305,166807,547,361,199,633,902.75,165.06
彰化縣,田尾鄉,睦宜村,251,125459,500,350,147,583,619.36,123.91
彰化縣,田尾鄉,新生村,349,180735,518,355,163,665,538.65,104.01
彰化縣,田尾鄉,北鎮村,317,152239,480,337,116,661,509.98,106.19
彰化縣,田尾鄉,南鎮村,126,70411,559,371,195,611,637.92,114.16
彰化縣,田尾鄉,福田村,167,82547,494,369,154,614,495.34,100.21
彰化縣,田尾鄉,新興村,234,127899,547,369,185,711,571.43,104.55
彰化縣,田尾鄉,打簾村,364,181648,499,316,156,560,633.44,126.93
彰化縣,田尾鄉,溪畔村,281,154281,549,349,165,709,644.87,117.45
彰化縣,田尾鄉,柳鳳村,194,113355,584,392,169,750,621.95,106.44
彰化縣,田尾鄉,陸豐村,183,92471,505,337,161,624,593.48,117.45
彰化縣,田尾鄉,海豐村,300,158636,529,331,155,625,758.25,143.40
彰化縣,田尾鄉,仁里村,355,154720,436,322,166,528,499.68,114.65
彰化縣,田尾鄉,新厝村,61,26331,432,374,139,601,380.71,88.20
彰化縣,田尾鄉,溪頂村,168,95177,567,335,181,677,682.91,120.54
彰化縣,田尾鄉,正義村,228,122315,536,367,128,671,623.46,116.21
彰化縣,埤頭鄉,和豊村,593,296185,499,329,168,619,558.17,111.75
彰化縣,埤頭鄉,興農村,433,230689,533,336,166,615,693.38,130.15
彰化縣,埤頭鄉,埤頭村,379,212076,560,361,177,744,647.30,115.68
彰化縣,埤頭鄉,豊崙村,567,305525,539,348,163,614,695.19,129.01
彰化縣,埤頭鄉,永豊村,395,207524,525,337,174,638,630.54,120.02
彰化縣,埤頭鄉,崙子村,321,187110,583,387,172,681,711.03,121.98
彰化縣,埤頭鄉,合興村,920,513697,558,369,177,656,693.30,124.17
彰化縣,埤頭鄉,平原村,618,374767,606,402,191,747,715.11,117.92
彰化縣,埤頭鄉,崙腳村,186,99119,533,354,198,582,639.60,120.02
彰化縣,埤頭鄉,元埔村,141,70783,502,334,173,632,683.21,136.10
彰化縣,埤頭鄉,芙朝村,319,161424,506,364,180,655,505.90,99.97
彰化縣,埤頭鄉,新庄村,211,121904,578,401,175,741,646.54,111.91
彰化縣,埤頭鄉,陸嘉村,172,93340,543,335,186,708,679.64,125.24
彰化縣,埤頭鄉,竹圍村,272,128740,473,353,143,587,497.22,105.05
彰化縣,埤頭鄉,中和村,314,184007,586,388,210,716,766.55,130.81
彰化縣,埤頭鄉,庄內村,229,116508,509,322,148,675,624.79,122.80
彰化縣,埤頭鄉,大湖村,214,108746,508,321,146,599,628.59,123.70
彰化縣,芳苑鄉,芳苑村,138,75440,547,352,216,636,766.74,140.26
彰化縣,芳苑鄉,芳中村,52,27128,522,285,154,646,579.55,111.09
彰化縣,芳苑鄉,仁愛村,145,76707,529,354,163,712,547.36,103.47
彰化縣,芳苑鄉,信義村,83,44019,530,290,191,546,766.04,144.44
彰化縣,芳苑鄉,後寮村,227,107266,473,317,160,565,693.28,146.71
彰化縣,芳苑鄉,三合村,540,257591,477,341,173,636,474.20,99.41
彰化縣,芳苑鄉,永興村,221,103189,467,334,190,560,463.26,99.22
彰化縣,芳苑鄉,頂廍村,115,53024,461,308,173,599,450.27,97.65
彰化縣,芳苑鄉,五俊村,72,36282,504,345,176,554,770.54,152.91
彰化縣,芳苑鄉,王功村,317,153065,483,364,186,626,436.69,90.44
彰化縣,芳苑鄉,博愛村,107,53380,499,356,173,642,497.39,99.70
彰化縣,芳苑鄉,和平村,86,42004,488,394,190,706,409.73,83.89
彰化縣,芳苑鄉,興仁村,169,86554,512,367,192,688,502.36,98.09
彰化縣,芳苑鄉,民生村,118,60268,511,352,207,626,502.25,98.34
彰化縣,芳苑鄉,新寶村,269,137179,510,325,144,532,692.58,135.81
彰化縣,芳苑鄉,漢寶村,659,332003,504,327,166,575,722.74,143.46
彰化縣,芳苑鄉,路上村,107,49620,464,415,229,634,306.74,66.15
彰化縣,芳苑鄉,路平村,145,81820,564,448,233,777,478.40,84.78
彰化縣,芳苑鄉,三成村,156,81333,521,343,160,676,517.55,99.27
彰化縣,芳苑鄉,福榮村,91,47303,520,291,196,693,579.69,111.52
彰化縣,芳苑鄉,新街村,124,59098,477,304,153,644,516.24,108.32
彰化縣,芳苑鄉,草湖村,290,129349,446,345,184,543,447.31,100.29
彰化縣,芳苑鄉,建平村,366,156541,428,330,157,539,524.80,122.70
彰化縣,芳苑鄉,新生村,224,91374,408,271,145,524,470.55,115.35
彰化縣,芳苑鄉,文津村,171,75361,441,337,166,560,502.72,114.07
彰化縣,芳苑鄉,崙腳村,122,62031,508,303,150,584,704.27,138.51
彰化縣,大城鄉,潭墘村,176,100380,570,346,176,690,698.35,122.44
彰化縣,大城鄉,上山村,188,94898,505,370,196,587,642.06,127.20
彰化縣,大城鄉,東城村,286,157297,550,390,208,692,568.37,103.34
彰化縣,大城鄉,大城村,212,111698,527,339,181,600,688.62,130.70
彰化縣,大城鄉,西城村,139,73274,527,378,217,643,515.79,97.85
彰化縣,大城鄉,山腳村,197,97516,495,338,179,681,484.94,97.97
彰化縣,大城鄉,永和村,112,56511,505,357,191,599,527.61,104.57
彰化縣,大城鄉,菜寮村,145,83947,579,360,219,715,670.36,115.79
彰化縣,大城鄉,公館村,152,77628,511,385,176,648,575.60,112.71
彰化縣,大城鄉,頂庄村,105,57361,546,374,216,661,717.97,131.43
彰化縣,大城鄉,臺西村,110,49006,446,274,158,537,554.62,124.49
彰化縣,大城鄉,東港村,197,97999,497,401,184,666,443.66,89.18
彰化縣,大城鄉,西港村,127,58976,464,331,190,650,410.00,88.29
彰化縣,大城鄉,豐美村,140,57499,411,326,166,606,326.75,79.56
彰化縣,大城鄉,三豐村,87,43561,501,321,151,591,607.26,121.28
彰化縣,竹塘鄉,竹元村,257,135110,526,365,186,663,668.34,127.13
彰化縣,竹塘鄉,竹塘村,485,288649,595,429,205,749,639.07,107.38
彰化縣,竹塘鄉,小西村,144,79850,555,444,186,691,560.15,101.02
彰化縣,竹塘鄉,五庄村,277,140476,507,334,155,672,551.32,108.71
彰化縣,竹塘鄉,樹腳村,112,54117,483,409,197,582,420.52,87.03
彰化縣,竹塘鄉,田頭村,222,118381,533,405,200,655,536.77,100.66
彰化縣,竹塘鄉,新廣村,236,128166,543,381,196,692,544.87,100.33
彰化縣,竹塘鄉,溪墘村,67,29317,438,406,164,564,351.18,80.26
彰化縣,竹塘鄉,竹林村,145,66853,461,294,127,548,580.14,125.83
彰化縣,竹塘鄉,土庫村,99,57360,579,384,177,663,942.77,162.72
彰化縣,竹塘鄉,內新村,95,51136,538,358,123,720,590.87,109.77
彰化縣,竹塘鄉,長安村,121,56108,464,390,162,662,409.17,88.24
彰化縣,竹塘鄉,永安村,86,39339,457,382,163,616,418.68,91.53
彰化縣,竹塘鄉,民靖村,149,88463,594,377,193,723,691.70,116.50
彰化縣,溪州鄉,溪厝村,413,201699,488,337,143,633,539.61,110.49
彰化縣,溪州鄉,坑厝村,151,72100,477,324,170,623,445.27,93.25
彰化縣,溪州鄉,瓦厝村,224,127347,569,389,181,617,712.27,125.29
彰化縣,溪州鄉,溪州村,421,254469,604,430,184,756,689.25,114.03
彰化縣,溪州鄉,尾厝村,499,284899,571,393,183,748,625.96,109.64
彰化縣,溪州鄉,東州村,509,304173,598,391,213,720,724.62,121.26
彰化縣,溪州鄉,舊眉村,318,196933,619,383,177,660,1786.15,288.42
彰化縣,溪州鄉,圳寮村,300,141739,472,333,158,562,625.30,132.35
彰化縣,溪州鄉,西畔村,381,170291,447,308,172,552,463.50,103.70
彰化縣,溪州鄉,成功村,347,165756,478,336,163,598,502.27,105.15
彰化縣,溪州鄉,大庄村,353,185440,525,334,153,667,599.16,114.05
彰化縣,溪州鄉,柑園村,189,101237,536,323,162,625,762.33,142.32
彰化縣,溪州鄉,潮洋村,156,82376,528,353,131,714,562.07,106.44
彰化縣,溪州鄉,張厝村,130,63263,487,340,126,613,577.06,118.58
彰化縣,溪州鄉,菜公村,156,73833,473,323,142,557,665.73,140.66
彰化縣,溪州鄉,三圳村,257,137520,535,363,166,606,676.39,126.40
彰化縣,溪州鄉,三條村,183,103607,566,389,187,791,564.95,99.79
彰化縣,溪州鄉,水尾村,337,191351,568,394,185,678,598.42,105.39
彰化縣,溪州鄉,榮光村,140,77883,556,329,174,529,1943.01,349.27
雲林縣,斗六市,忠孝里,449,324077,722,474,218,893,1423.82,197.27
雲林縣,斗六市,仁愛里,316,251222,795,398,194,821,1339.56,168.50
雲林縣,斗六市,信義里,210,172509,821,459,231,931,1117.44,136.03
雲林縣,斗六市,四維里,192,111076,579,332,160,664,742.09,128.27
雲林縣,斗六市,太平里,256,166926,652,441,196,878,850.84,130.49
雲林縣,斗六市,中和里,255,191827,752,500,186,1042,806.23,107.17
雲林縣,斗六市,光興里,217,127729,589,343,165,710,750.73,127.54
雲林縣,斗六市,三平里,1695,1381335,815,511,244,1076,924.33,113.42
雲林縣,斗六市,八德里,982,587812,599,404,215,740,671.55,112.19
雲林縣,斗六市,鎮北里,857,540401,631,422,206,837,669.75,106.21
雲林縣,斗六市,龍潭里,601,681153,1133,632,292,1528,1402.94,123.78
雲林縣,斗六市,鎮南里,1167,809086,693,452,226,876,805.34,116.16
雲林縣,斗六市,林頭里,1250,735770,589,413,196,763,614.78,104.45
雲林縣,斗六市,重光里,605,302112,499,336,183,585,575.02,115.15
雲林縣,斗六市,溝埧里,217,153243,706,453,240,926,687.93,97.41
雲林縣,斗六市,江厝里,587,302194,515,364,193,623,617.62,119.97
雲林縣,斗六市,三光里,117,71311,609,424,210,707,791.36,129.84
雲林縣,斗六市,崙峰里,784,548899,700,472,221,932,768.85,109.82
雲林縣,斗六市,嘉東里,468,355334,759,495,239,1037,804.80,106.00
雲林縣,斗六市,久安里,687,413220,601,435,215,740,663.32,110.28
雲林縣,斗六市,長平里,493,254396,516,376,204,648,495.62,96.05
雲林縣,斗六市,保庄里,1904,1384738,727,506,245,961,764.68,105.14
雲林縣,斗六市,虎溪里,1696,1265997,746,440,212,876,1269.66,170.09
雲林縣,斗六市,梅林里,454,281264,620,376,202,632,1710.20,276.05
雲林縣,斗六市,湖山里,237,118456,500,357,224,626,489.81,98.00
雲林縣,斗六市,榴中里,1362,686248,504,363,194,605,613.55,121.77
雲林縣,斗六市,榴北里,285,120455,423,335,179,587,350.23,82.87
雲林縣,斗六市,榴南里,649,316465,488,375,199,614,469.13,96.21
雲林縣,斗六市,長安里,862,463655,538,371,185,640,667.29,124.06
雲林縣,斗六市,溪洲里,913,494468,542,393,204,667,558.81,103.18
雲林縣,斗六市,十三里,251,159221,634,388,196,687,815.18,128.51
雲林縣,斗六市,鎮東里,914,633055,693,468,229,942,705.06,101.80
雲林縣,斗六市,鎮西里,1177,867865,737,470,224,947,920.43,124.83
雲林縣,斗六市,社口里,704,466801,663,430,207,865,805.77,121.52
雲林縣,斗六市,公正里,984,663216,674,444,218,881,839.07,124.49
雲林縣,斗六市,成功里,857,626687,731,488,230,932,872.79,119.35
雲林縣,斗六市,明德里,1185,882889,745,495,251,962,827.43,111.06
雲林縣,斗六市,公誠里,696,463487,666,420,208,808,886.18,133.07
雲林縣,斗六市,文化里,785,560420,714,469,223,901,865.04,121.17
雲林縣,斗南鎮,南昌里,593,391807,661,425,209,778,836.15,126.55
雲林縣,斗南鎮,新光里,698,417079,598,424,215,808,608.24,101.79
雲林縣,斗南鎮,小東里,366,212917,582,399,201,754,608.42,104.59
雲林縣,斗南鎮,大東里,211,102401,485,330,165,564,505.15,104.09
雲林縣,斗南鎮,埤麻里,206,110923,538,373,201,701,600.21,111.47
雲林縣,斗南鎮,西伯里,200,102553,513,389,176,635,488.21,95.21
雲林縣,斗南鎮,新崙里,312,142359,456,328,168,584,448.44,98.28
雲林縣,斗南鎮,東仁里,357,226188,634,431,210,834,664.21,104.83
雲林縣,斗南鎮,西岐里,681,458550,673,447,218,866,759.02,112.72
雲林縣,斗南鎮,舊社里,769,467737,608,435,214,825,616.64,101.38
雲林縣,斗南鎮,田頭里,602,345913,575,390,206,715,644.74,112.21
雲林縣,斗南鎮,中天里,405,248082,613,387,199,728,675.09,110.21
雲林縣,斗南鎮,北銘里,458,262330,573,372,166,751,810.74,141.55
雲林縣,斗南鎮,明昌里,981,585370,597,406,195,747,627.39,105.14
雲林縣,斗南鎮,東明里,227,156911,691,352,182,646,2602.61,376.51
雲林縣,斗南鎮,新南里,119,47547,400,306,145,523,396.29,99.18
雲林縣,斗南鎮,阿丹里,212,105137,496,329,124,673,558.77,112.67
雲林縣,斗南鎮,將軍里,413,242181,586,375,193,723,650.76,110.98
雲林縣,斗南鎮,林子里,332,180494,544,366,186,711,576.47,106.04
雲林縣,斗南鎮,石龜里,168,75256,448,382,191,596,347.87,77.66
雲林縣,斗南鎮,石溪里,202,108482,537,355,177,664,572.31,106.57
雲林縣,斗南鎮,靖興里,228,135153,593,383,192,741,676.27,114.08
雲林縣,斗南鎮,大同里,965,636065,659,423,190,848,785.00,119.09
雲林縣,斗南鎮,僑真里,633,385844,610,451,227,814,560.62,91.97
雲林縣,虎尾鎮,東仁里,801,591454,738,507,210,1009,756.52,102.46
雲林縣,虎尾鎮,新興里,499,333696,669,415,199,880,857.38,128.21
雲林縣,虎尾鎮,公安里,915,640434,700,491,224,930,728.19,104.04
雲林縣,虎尾鎮,德興里,672,407462,606,424,194,803,668.06,110.18
雲林縣,虎尾鎮,中山里,264,191936,727,497,202,1003,830.73,114.26
雲林縣,虎尾鎮,西安里,1036,731064,706,475,246,941,741.31,105.05
雲林縣,虎尾鎮,安慶里,491,352481,718,449,194,883,932.70,129.92
雲林縣,虎尾鎮,平和里,1546,1393809,902,711,329,1227,850.35,94.32
雲林縣,虎尾鎮,興南里,708,570983,806,510,250,1112,838.65,103.99
雲林縣,虎尾鎮,新吉里,1212,1024519,845,561,257,1144,862.13,101.99
雲林縣,虎尾鎮,穎川里,556,359446,646,428,201,908,687.39,106.33
雲林縣,虎尾鎮,延平里,265,158204,597,389,174,844,593.37,99.39
雲林縣,虎尾鎮,惠來里,501,247535,494,361,181,676,464.95,94.10
雲林縣,虎尾鎮,頂溪里,551,267868,486,358,170,629,483.20,99.39
雲林縣,虎尾鎮,中溪里,372,186432,501,346,157,624,597.02,119.13
雲林縣,虎尾鎮,下溪里,381,218469,573,378,172,789,672.66,117.31
雲林縣,虎尾鎮,埒內里,675,407357,603,406,211,792,620.35,102.79
雲林縣,虎尾鎮,堀頭里,202,115412,571,399,206,792,540.69,94.63
雲林縣,虎尾鎮,安溪里,473,272939,577,387,189,807,603.79,104.64
雲林縣,虎尾鎮,興中里,374,223344,597,400,190,723,666.02,111.53
雲林縣,虎尾鎮,廉使里,836,526267,630,431,210,846,630.63,100.18
雲林縣,虎尾鎮,東屯里,270,159078,589,429,192,827,548.46,93.09
雲林縣,虎尾鎮,西屯里,310,177410,572,398,206,686,586.06,102.41
雲林縣,虎尾鎮,芳草里,164,75218,459,320,189,605,426.25,92.94
雲林縣,虎尾鎮,墾地里,496,330972,667,489,214,924,635.89,95.30
雲林縣,虎尾鎮,北溪里,177,100698,569,370,232,731,554.47,97.46
雲林縣,虎尾鎮,三合里,302,195288,647,468,220,853,652.45,100.90
雲林縣,虎尾鎮,建國里,127,71275,561,426,223,721,516.47,92.03
雲林縣,虎尾鎮,立仁里,1204,856478,711,506,244,947,693.24,97.45
雲林縣,西螺鎮,振興里,309,170414,552,363,156,728,661.28,119.91
雲林縣,西螺鎮,大園里,432,245017,567,403,213,750,542.60,95.67
雲林縣,西螺鎮,廣福里,588,395977,673,488,242,901,694.95,103.20
雲林縣,西螺鎮,正興里,769,521508,678,469,211,869,774.64,114.23
雲林縣,西螺鎮,永安里,90,45615,507,384,173,791,400.83,79.08
雲林縣,西螺鎮,中和里,160,93858,587,411,207,764,561.84,95.78
雲林縣,西螺鎮,福興里,160,88730,555,394,203,742,597.58,107.76
雲林縣,西螺鎮,光華里,250,182422,730,447,217,1000,862.66,118.22
雲林縣,西螺鎮,新安里,215,117332,546,386,173,675,601.04,110.14
雲林縣,西螺鎮,新豐里,252,129549,514,365,166,655,515.83,100.34
雲林縣,西螺鎮,中興里,726,454498,626,442,209,833,624.27,99.72
雲林縣,西螺鎮,漢光里,1098,655539,597,434,213,824,570.49,95.56
雲林縣,西螺鎮,詔安里,215,131413,611,428,221,843,603.40,98.72
雲林縣,西螺鎮,河南里,206,126367,613,493,237,824,549.89,89.64
雲林縣,西螺鎮,安定里,306,187005,611,460,219,789,583.96,95.55
雲林縣,西螺鎮,福田里,255,147862,580,389,190,725,659.33,113.71
雲林縣,西螺鎮,吳厝里,227,102840,453,308,141,570,518.92,114.54
雲林縣,西螺鎮,九隆里,155,89795,579,390,179,711,637.34,110.01
雲林縣,西螺鎮,下湳里,126,68199,541,430,146,813,493.24,91.13
雲林縣,西螺鎮,七座里,139,61678,444,342,168,530,410.95,92.61
雲林縣,西螺鎮,公館里,262,134858,515,366,183,666,507.52,98.60
雲林縣,西螺鎮,大新里,262,148609,567,378,159,743,653.90,115.28
雲林縣,西螺鎮,埤頭里,161,96009,596,406,214,736,667.20,111.88
雲林縣,西螺鎮,廣興里,176,120549,685,442,200,905,804.05,117.39
雲林縣,西螺鎮,東興里,185,96182,520,366,170,670,503.30,96.81
雲林縣,西螺鎮,頂湳里,172,85353,496,345,133,672,542.34,109.29
雲林縣,西螺鎮,鹿場里,311,156917,505,371,168,637,518.41,102.75
雲林縣,土庫鎮,忠正里,205,131559,642,467,222,800,629.23,98.05
雲林縣,土庫鎮,順天里,229,159039,694,463,200,915,769.45,110.79
雲林縣,土庫鎮,宮北里,372,249360,670,431,228,814,801.97,119.64
雲林縣,土庫鎮,越港里,324,234529,724,536,258,1018,662.18,91.48
雲林縣,土庫鎮,溪邊里,200,97293,486,392,194,651,412.22,84.74
雲林縣,土庫鎮,興新里,339,196925,581,348,171,785,681.73,117.36
雲林縣,土庫鎮,奮起里,206,117583,571,347,157,593,744.53,130.44
雲林縣,土庫鎮,埤腳里,240,130612,544,376,166,648,630.84,115.92
雲林縣,土庫鎮,大荖里,193,113804,590,341,194,694,675.28,114.52
雲林縣,土庫鎮,石廟里,790,524362,664,460,203,911,664.11,100.05
雲林縣,土庫鎮,東平里,359,208208,580,371,194,756,613.87,105.85
雲林縣,土庫鎮,南平里,372,214114,576,416,209,699,617.30,107.25
雲林縣,土庫鎮,西平里,345,181028,525,379,197,706,514.88,98.13
雲林縣,土庫鎮,北平里,161,86262,536,338,169,651,623.40,116.35
雲林縣,土庫鎮,後埔里,488,243232,498,382,200,616,521.47,104.62
雲林縣,土庫鎮,崙內里,278,121411,437,317,153,561,418.28,95.77
雲林縣,土庫鎮,新庄里,242,136034,562,355,155,694,733.27,130.45
雲林縣,北港鎮,東陽里,167,109142,654,418,192,889,717.04,109.72
雲林縣,北港鎮,光民里,163,81350,499,382,197,671,493.32,98.85
雲林縣,北港鎮,東華里,103,54695,531,372,146,632,623.84,117.48
雲林縣,北港鎮,南安里,201,152951,761,451,216,908,1263.14,166.00
雲林縣,北港鎮,中和里,106,59052,557,374,172,715,708.22,127.13
雲林縣,北港鎮,義民里,98,63883,652,417,223,772,852.91,130.84
雲林縣,北港鎮,共榮里,109,67104,616,328,147,761,863.93,140.33
雲林縣,北港鎮,西勢里,252,151566,601,382,158,726,774.33,128.74
雲林縣,北港鎮,仁和里,140,85191,609,395,199,835,655.00,107.64
雲林縣,北港鎮,賜福里,88,53315,606,414,201,836,692.02,114.22
雲林縣,北港鎮,公館里,109,53079,487,356,213,605,462.27,94.93
雲林縣,北港鎮,大同里,312,170650,547,389,164,726,531.54,97.18
雲林縣,北港鎮,仁安里,129,79690,618,418,212,784,621.75,100.65
雲林縣,北港鎮,華勝里,1408,923202,656,451,200,862,701.34,106.96
雲林縣,北港鎮,光復里,515,342961,666,439,218,881,716.82,107.64
雲林縣,北港鎮,新街里,1894,1289805,681,495,228,936,670.89,98.52
雲林縣,北港鎮,劉厝里,273,151340,554,358,153,695,667.02,120.32
雲林縣,北港鎮,後溝里,193,96196,498,379,163,692,486.92,97.69
雲林縣,北港鎮,新厝里,73,36952,506,463,220,659,362.21,71.55
雲林縣,北港鎮,府番里,147,84948,578,439,217,739,561.58,97.18
雲林縣,北港鎮,草湖里,251,132412,528,350,167,657,580.39,110.02
雲林縣,北港鎮,溝皂里,188,101066,538,410,164,669,584.29,108.69
雲林縣,北港鎮,番溝里,130,64837,499,378,191,621,510.46,102.35
雲林縣,北港鎮,大北里,90,46560,517,349,159,690,501.87,97.01
雲林縣,北港鎮,好收里,312,165965,532,374,176,679,573.28,107.77
雲林縣,北港鎮,樹腳里,772,452047,586,439,203,767,606.88,103.64
雲林縣,北港鎮,扶朝里,175,78460,448,307,165,568,453.85,101.23
雲林縣,北港鎮,水埔里,103,56388,547,426,233,722,522.48,95.44
雲林縣,古坑鄉,古坑村,545,303538,557,358,185,663,980.07,175.97
雲林縣,古坑鄉,朝陽村,545,299354,549,389,194,779,522.96,95.21
雲林縣,古坑鄉,西平村,382,205591,538,383,148,729,553.66,102.87
雲林縣,古坑鄉,永光村,489,271714,556,349,174,670,839.52,151.09
雲林縣,古坑鄉,永昌村,473,247495,523,361,176,674,543.22,103.82
雲林縣,古坑鄉,湳仔村,133,65997,496,331,130,672,506.88,102.15
雲林縣,古坑鄉,水碓村,275,142021,516,354,181,668,569.25,110.23
雲林縣,古坑鄉,田心村,309,177521,575,412,193,769,587.94,102.34
雲林縣,古坑鄉,高林村,264,124688,472,372,185,626,427.15,90.44
雲林縣,古坑鄉,荷苞村,295,181669,616,364,180,683,927.90,150.68
雲林縣,古坑鄉,東和村,770,421365,547,363,185,683,622.32,113.72
雲林縣,古坑鄉,新庄村,289,137634,476,326,166,597,551.18,115.74
雲林縣,古坑鄉,棋盤村,432,216464,501,355,177,637,549.18,109.60
雲林縣,古坑鄉,麻園村,161,86594,538,392,173,661,653.72,121.54
雲林縣,古坑鄉,崁腳村,229,104902,458,349,175,627,391.29,85.42
雲林縣,古坑鄉,華山村,122,63238,518,302,158,676,616.63,118.96
雲林縣,古坑鄉,華南村,58,40611,700,425,214,772,1186.29,169.43
雲林縣,古坑鄉,桂林村,193,99673,516,381,162,646,555.89,107.64
雲林縣,古坑鄉,樟湖村,61,29375,482,338,193,604,462.60,96.06
雲林縣,古坑鄉,草嶺村,76,33754,444,315,184,526,469.62,105.74
雲林縣,大埤鄉,北和村,153,94706,619,383,188,839,806.02,130.21
雲林縣,大埤鄉,南和村,546,302132,553,372,190,692,613.36,110.84
雲林縣,大埤鄉,大德村,193,109812,569,370,187,677,732.02,128.66
雲林縣,大埤鄉,松竹村,208,102688,494,351,174,641,524.41,106.22
雲林縣,大埤鄉,尚義村,383,199144,520,361,184,605,619.79,119.20
雲林縣,大埤鄉,嘉興村,360,188999,525,318,173,618,799.00,152.19
雲林縣,大埤鄉,豐田村,400,211936,530,379,180,662,568.74,107.34
雲林縣,大埤鄉,三結村,272,123911,456,307,161,614,468.84,102.92
雲林縣,大埤鄉,吉田村,147,60832,414,257,124,543,466.42,112.71
雲林縣,大埤鄉,豐岡村,129,63768,494,306,152,587,558.23,112.93
雲林縣,大埤鄉,聯美村,200,117237,586,403,210,773,674.54,115.07
雲林縣,大埤鄉,怡然村,162,109479,676,362,183,732,999.52,147.90
雲林縣,大埤鄉,北鎮村,138,64919,470,359,189,604,535.33,113.80
雲林縣,大埤鄉,興安村,119,66618,560,410,239,737,453.91,81.08
雲林縣,大埤鄉,西鎮村,110,57385,522,384,189,685,518.45,99.38
雲林縣,莿桐鄉,莿桐村,1132,654253,578,408,203,703,676.52,117.05
雲林縣,莿桐鄉,甘厝村,184,84802,461,330,143,583,510.78,110.83
雲林縣,莿桐鄉,甘西村,324,160016,494,330,134,643,586.35,118.72
雲林縣,莿桐鄉,興桐村,263,121447,462,342,169,589,480.05,103.96
雲林縣,莿桐鄉,義和村,206,123806,601,398,199,746,926.15,154.10
雲林縣,莿桐鄉,埔子村,533,284024,533,376,188,689,575.10,107.92
雲林縣,莿桐鄉,大美村,842,458170,544,416,212,695,503.71,92.57
雲林縣,莿桐鄉,埔尾村,349,156324,448,336,184,566,449.04,100.25
雲林縣,莿桐鄉,饒平村,286,154188,539,324,184,572,798.23,148.06
雲林縣,莿桐鄉,興貴村,455,213567,469,345,159,603,459.91,97.98
雲林縣,莿桐鄉,四合村,388,197814,510,367,195,630,494.82,97.06
雲林縣,莿桐鄉,麻園村,285,138750,487,356,192,609,502.14,103.14
雲林縣,莿桐鄉,五華村,261,101309,388,295,163,516,356.35,91.81
雲林縣,莿桐鄉,六合村,455,217689,478,340,184,588,497.43,103.97
雲林縣,林內鄉,林南村,253,112562,445,327,182,552,435.77,97.95
雲林縣,林內鄉,林中村,995,505672,508,367,178,634,551.38,108.49
雲林縣,林內鄉,林北村,534,248319,465,345,176,599,487.00,104.73
雲林縣,林內鄉,坪頂村,99,44613,451,294,158,498,507.98,112.73
雲林縣,林內鄉,林茂村,143,67478,472,364,194,623,440.89,93.43
雲林縣,林內鄉,湖本村,143,52504,367,289,167,484,346.76,94.44
雲林縣,林內鄉,九芎村,640,294749,461,340,160,579,530.74,115.24
雲林縣,林內鄉,烏塗村,303,144505,477,372,187,601,458.64,96.17
雲林縣,林內鄉,烏麻村,256,115336,451,332,168,540,469.10,104.12
雲林縣,林內鄉,重興村,410,206382,503,365,196,608,526.89,104.67
雲林縣,二崙鄉,崙東村,343,193030,563,409,193,733,654.01,116.21
雲林縣,二崙鄉,崙西村,367,235086,641,455,213,843,729.31,113.85
雲林縣,二崙鄉,來惠村,259,140746,543,379,170,736,563.54,103.70
雲林縣,二崙鄉,三和村,275,157329,572,406,146,732,619.14,108.22
雲林縣,二崙鄉,湳仔村,240,121197,505,380,172,591,532.01,105.35
雲林縣,二崙鄉,田尾村,350,196722,562,416,182,741,596.28,106.09
雲林縣,二崙鄉,港後村,295,165547,561,401,199,724,575.24,102.51
雲林縣,二崙鄉,庄西村,131,67108,512,304,129,728,562.33,109.77
雲林縣,二崙鄉,大義村,156,84370,541,403,164,707,542.55,100.32
雲林縣,二崙鄉,大庄村,171,88455,517,360,145,670,547.26,105.79
雲林縣,二崙鄉,復興村,144,79378,551,378,182,783,629.31,114.16
雲林縣,二崙鄉,油車村,395,212865,539,385,166,721,534.98,99.27
雲林縣,二崙鄉,大同村,141,89852,637,374,158,890,817.10,128.22
雲林縣,二崙鄉,大華村,120,72905,608,394,180,721,697.85,114.86
雲林縣,二崙鄉,義庄村,91,49356,542,425,227,744,469.72,86.60
雲林縣,二崙鄉,楊賢村,208,109859,528,372,195,649,498.27,94.34
雲林縣,二崙鄉,定安村,153,65060,425,279,138,478,457.19,107.52
雲林縣,二崙鄉,永定村,255,133717,524,384,169,718,540.99,103.17
雲林縣,崙背鄉,東明村,247,160493,650,413,199,809,710.51,109.35
雲林縣,崙背鄉,西榮村,285,169785,596,371,191,737,719.02,120.70
雲林縣,崙背鄉,南陽村,614,383974,625,449,201,820,613.45,98.10
雲林縣,崙背鄉,崙前村,413,256721,622,438,194,776,672.86,108.25
雲林縣,崙背鄉,羅厝村,403,248301,616,377,177,759,821.87,133.39
雲林縣,崙背鄉,港尾村,245,133957,547,356,165,711,636.00,116.32
雲林縣,崙背鄉,阿勸村,338,193656,573,399,181,750,650.49,113.53
雲林縣,崙背鄉,五魁村,154,88997,578,412,181,785,603.74,104.47
雲林縣,崙背鄉,大有村,254,155283,611,434,186,899,663.20,108.48
雲林縣,崙背鄉,豐榮村,329,219097,666,473,242,996,588.52,88.37
雲林縣,崙背鄉,舊庄村,173,91887,531,396,163,715,506.11,95.29
雲林縣,崙背鄉,草湖村,214,106022,495,358,165,612,538.21,108.63
雲林縣,崙背鄉,水尾村,192,102666,535,426,211,716,469.34,87.77
雲林縣,崙背鄉,枋南村,141,75536,536,419,181,713,507.57,94.75
雲林縣,麥寮鄉,麥豐村,2032,1485163,731,577,252,1010,721.54,98.72
雲林縣,麥寮鄉,麥津村,1043,691100,663,512,209,930,615.11,92.83
雲林縣,麥寮鄉,瓦磘村,463,290080,627,473,226,840,617.74,98.60
雲林縣,麥寮鄉,崙後村,577,364523,632,451,217,860,714.92,113.16
雲林縣,麥寮鄉,興華村,603,330890,549,383,174,759,570.33,103.93
雲林縣,麥寮鄉,後安村,701,425467,607,446,187,819,608.42,100.24
雲林縣,麥寮鄉,海豐村,499,313976,629,429,216,817,752.44,119.58
雲林縣,麥寮鄉,三盛村,495,342491,692,558,240,945,677.36,97.90
雲林縣,麥寮鄉,新吉村,234,118831,508,366,139,735,512.66,100.95
雲林縣,麥寮鄉,橋頭村,997,654658,657,465,217,871,697.56,106.23
雲林縣,麥寮鄉,施厝村,874,654921,749,530,263,970,1769.79,236.18
雲林縣,麥寮鄉,雷厝村,453,250055,552,386,193,772,520.20,94.24
雲林縣,麥寮鄉,中興村,361,227152,629,421,224,794,659.47,104.81
雲林縣,東勢鄉,東北村,292,176219,603,445,223,828,551.13,91.32
雲林縣,東勢鄉,東南村,341,209685,615,513,271,823,517.71,84.19
雲林縣,東勢鄉,嘉隆村,298,176588,593,444,191,817,572.29,96.58
雲林縣,東勢鄉,月眉村,206,133919,650,467,221,865,642.73,98.87
雲林縣,東勢鄉,復興村,107,67256,629,450,179,867,610.94,97.20
雲林縣,東勢鄉,昌南村,170,89826,528,404,221,700,493.24,93.35
雲林縣,東勢鄉,安南村,153,85329,558,431,223,718,489.58,87.79
雲林縣,東勢鄉,新坤村,166,92615,558,504,248,764,399.81,71.66
雲林縣,東勢鄉,四美村,155,79525,513,349,174,708,582.26,113.49
雲林縣,東勢鄉,龍潭村,117,67192,574,350,148,758,665.89,115.95
雲林縣,東勢鄉,程海村,90,42555,473,374,198,699,353.70,74.80
雲林縣,東勢鄉,同安村,297,152544,514,375,184,668,493.78,96.14
雲林縣,褒忠鄉,中民村,473,303863,642,437,191,744,883.66,137.55
雲林縣,褒忠鄉,埔姜村,312,171382,549,405,193,742,552.22,100.53
雲林縣,褒忠鄉,中勝村,352,235902,670,429,197,898,829.39,123.76
雲林縣,褒忠鄉,馬鳴村,282,179254,636,455,198,853,659.26,103.71
雲林縣,褒忠鄉,新湖村,216,108393,502,367,193,646,447.57,89.19
雲林縣,褒忠鄉,有才村,143,74302,520,386,159,634,572.23,110.13
雲林縣,褒忠鄉,田洋村,144,78360,544,339,155,692,631.97,116.14
雲林縣,褒忠鄉,龍岩村,208,100625,484,369,161,615,565.35,116.86
雲林縣,褒忠鄉,潮厝村,170,86622,510,339,164,629,636.49,124.91
雲林縣,臺西鄉,臺西村,305,180658,592,497,210,816,512.09,86.45
雲林縣,臺西鄉,海北村,240,142915,595,354,161,840,702.64,118.00
雲林縣,臺西鄉,海口村,382,226894,594,444,201,786,585.43,98.56
雲林縣,臺西鄉,海南村,243,142690,587,449,228,811,598.71,101.96
雲林縣,臺西鄉,光華村,131,76750,586,431,227,805,521.85,89.07
雲林縣,臺西鄉,山寮村,147,76448,520,361,168,681,620.32,119.28
雲林縣,臺西鄉,五榔村,89,51940,584,357,188,683,908.41,155.66
雲林縣,臺西鄉,泉州村,107,65537,612,452,212,674,731.64,119.45
雲林縣,臺西鄉,牛厝村,275,135961,494,349,165,644,526.03,106.40
雲林縣,臺西鄉,溪頂村,217,113072,521,374,169,685,556.22,106.75
雲林縣,臺西鄉,永豐村,287,171711,598,436,203,774,640.30,107.02
雲林縣,臺西鄉,富琦村,324,191662,592,428,227,751,660.59,111.67
雲林縣,臺西鄉,和豐村,488,276573,567,437,205,764,619.43,109.30
雲林縣,臺西鄉,蚊港村,361,200955,557,461,225,739,529.56,95.13
雲林縣,臺西鄉,五港村,333,180453,542,404,172,772,511.22,94.34
雲林縣,元長鄉,長南村,754,473510,628,439,215,779,777.09,123.74
雲林縣,元長鄉,長北村,293,157634,538,400,199,668,588.30,109.35
雲林縣,元長鄉,子茂村,225,138479,615,443,208,840,672.86,109.33
雲林縣,元長鄉,後湖村,118,66669,565,384,169,727,550.42,97.42
雲林縣,元長鄉,山內村,152,78510,517,400,207,677,451.04,87.32
雲林縣,元長鄉,合和村,166,92008,554,369,199,709,577.52,104.20
雲林縣,元長鄉,五塊村,167,97095,581,386,201,667,620.47,106.72
雲林縣,元長鄉,潭西村,124,66456,536,446,208,812,416.32,77.68
雲林縣,元長鄉,潭東村,92,45664,496,305,163,605,580.36,116.93
雲林縣,元長鄉,客厝村,165,95021,576,393,212,807,607.78,105.54
雲林縣,元長鄉,卓運村,53,33267,628,373,206,607,799.80,127.42
雲林縣,元長鄉,頂寮村,231,123708,536,405,208,669,510.78,95.38
雲林縣,元長鄉,下寮村,268,136214,508,397,167,754,433.50,85.29
雲林縣,元長鄉,龍岩村,168,82278,490,367,175,670,480.53,98.12
雲林縣,元長鄉,西莊村,154,90653,589,422,213,750,607.81,103.25
雲林縣,元長鄉,鹿北村,174,91195,524,377,163,658,616.80,117.69
雲林縣,元長鄉,鹿南村,124,55324,446,311,156,534,549.93,123.26
雲林縣,元長鄉,瓦磘村,222,130648,589,383,171,695,803.63,136.56
雲林縣,元長鄉,內寮村,92,48935,532,432,170,774,460.39,86.56
雲林縣,元長鄉,崙仔村,107,60702,567,381,162,642,808.36,142.49
雲林縣,元長鄉,新吉村,124,71484,576,430,202,749,633.18,109.84
雲林縣,四湖鄉,四湖村,340,195842,576,419,199,804,529.54,91.93
雲林縣,四湖鄉,湖西村,529,306128,579,428,197,790,591.52,102.22
雲林縣,四湖鄉,新庄村,102,59543,584,417,219,752,560.74,96.06
雲林縣,四湖鄉,蔡厝村,128,74117,579,424,240,756,528.07,91.20
雲林縣,四湖鄉,湖寮村,135,74172,549,426,184,722,503.74,91.69
雲林縣,四湖鄉,鹿場村,155,82982,535,363,174,764,528.10,98.64
雲林縣,四湖鄉,施湖村,198,99472,502,353,177,681,492.24,97.98
雲林縣,四湖鄉,羊調村,128,68044,532,422,200,715,479.26,90.16
雲林縣,四湖鄉,溪底村,168,91604,545,430,187,765,514.85,94.42
雲林縣,四湖鄉,溪尾村,109,59620,547,440,203,715,510.98,93.42
雲林縣,四湖鄉,崙南村,128,71928,562,352,180,728,657.58,117.02
雲林縣,四湖鄉,崙北村,302,175596,581,414,189,745,661.09,113.70
雲林縣,四湖鄉,內湖村,113,61878,548,381,210,789,532.75,97.29
雲林縣,四湖鄉,子村,114,59868,525,361,152,701,531.85,101.27
雲林縣,四湖鄉,廣溝村,115,51129,445,366,198,584,355.44,79.95
雲林縣,四湖鄉,飛沙村,170,95253,560,423,162,695,694.21,123.90
雲林縣,四湖鄉,三姓村,68,32961,485,367,239,665,399.01,82.32
雲林縣,四湖鄉,林東村,163,84607,519,384,199,695,483.99,93.24
雲林縣,四湖鄉,林厝村,175,95274,544,355,184,742,576.10,105.82
雲林縣,四湖鄉,飛東村,101,52780,523,360,230,726,464.01,88.79
雲林縣,四湖鄉,東村,146,72824,499,374,193,686,456.67,91.55
雲林縣,口湖鄉,下崙村,363,188867,520,337,176,669,614.45,118.10
雲林縣,口湖鄉,崙中村,289,165302,572,411,154,748,715.96,125.17
雲林縣,口湖鄉,崙東村,277,154669,558,399,208,700,584.83,104.74
雲林縣,口湖鄉,青蚶村,90,42543,473,376,181,631,440.54,93.20
雲林縣,口湖鄉,梧北村,171,77952,456,368,206,602,486.43,106.71
雲林縣,口湖鄉,梧南村,317,160136,505,388,186,704,470.90,93.22
雲林縣,口湖鄉,水井村,142,75103,529,385,179,652,665.74,125.88
雲林縣,口湖鄉,湖口村,138,68616,497,372,132,666,555.82,111.79
雲林縣,口湖鄉,後厝村,120,48621,405,291,115,531,483.21,119.26
雲林縣,口湖鄉,過港村,89,40889,459,299,139,525,548.91,119.48
雲林縣,口湖鄉,埔北村,144,86377,600,349,166,764,777.45,129.61
雲林縣,口湖鄉,埔南村,133,74619,561,426,161,750,559.90,99.80
雲林縣,口湖鄉,謝厝村,185,90580,490,378,159,684,460.70,94.09
雲林縣,口湖鄉,頂湖村,109,64207,589,344,157,780,768.22,130.42
雲林縣,口湖鄉,口湖村,259,141411,546,434,211,736,476.15,87.21
雲林縣,口湖鄉,湖東村,260,142207,547,393,210,744,500.43,91.50
雲林縣,口湖鄉,蚵寮村,210,100857,480,344,165,626,511.34,106.47
雲林縣,口湖鄉,港西村,110,66396,604,414,211,759,631.76,104.67
雲林縣,口湖鄉,港東村,228,117479,515,401,180,669,471.41,91.49
雲林縣,口湖鄉,臺子村,246,132894,540,338,167,669,685.36,126.87
雲林縣,口湖鄉,成龍村,144,89726,623,425,250,754,664.62,106.66
雲林縣,水林鄉,水北村,449,256765,572,404,202,743,586.97,102.64
雲林縣,水林鄉,水南村,391,240671,616,432,210,800,669.35,108.74
雲林縣,水林鄉,海埔村,141,69009,489,378,166,644,488.55,99.82
雲林縣,水林鄉,後寮村,106,46176,436,375,156,603,355.55,81.62
雲林縣,水林鄉,春埔村,166,98051,591,428,185,765,663.29,112.29
雲林縣,水林鄉,西井村,116,52669,454,326,138,568,503.97,111.00
雲林縣,水林鄉,灣西村,133,56155,422,293,123,588,415.77,98.47
雲林縣,水林鄉,灣東村,122,65538,537,412,237,703,463.18,86.22
雲林縣,水林鄉,蘇秦村,158,102443,648,477,242,916,600.30,92.58
雲林縣,水林鄉,車港村,85,47146,555,417,236,652,568.20,102.44
雲林縣,水林鄉,萬興村,114,60763,533,327,176,566,768.15,144.11
雲林縣,水林鄉,尖山村,98,45103,460,344,188,640,394.53,85.72
雲林縣,水林鄉,大山村,159,89676,564,355,138,630,1018.32,180.55
雲林縣,水林鄉,大溝村,161,88037,547,481,213,760,428.60,78.38
雲林縣,水林鄉,順興村,121,62538,517,423,217,666,455.89,88.21
雲林縣,水林鄉,山腳村,129,63335,491,369,205,607,510.70,104.02
雲林縣,水林鄉,蕃薯村,141,72712,516,391,211,629,481.49,93.37
雲林縣,水林鄉,松北村,157,106899,681,407,220,768,792.46,116.39
雲林縣,水林鄉,松中村,84,43095,513,390,204,576,494.59,96.40
雲林縣,水林鄉,松西村,107,53036,496,343,199,688,487.12,98.28
雲林縣,水林鄉,埔村,100,51221,512,392,181,629,626.39,122.29
雲林縣,水林鄉,塭底村,90,52967,589,433,218,693,588.80,100.05
雲林縣,水林鄉,土厝村,228,105324,462,374,155,612,429.57,92.99
雲林縣,水林鄉,溪墘村,128,64106,501,355,170,623,542.84,108.39
嘉義縣,朴子市,安福里,529,349909,661,481,238,916,668.89,101.12
嘉義縣,朴子市,平和里,692,507188,733,514,240,936,820.16,111.90
嘉義縣,朴子市,內厝里,282,173581,616,432,213,830,581.10,94.40
嘉義縣,朴子市,開元里,112,62936,562,448,224,782,481.56,85.70
嘉義縣,朴子市,順天里,162,112529,695,442,204,819,1112.86,160.21
嘉義縣,朴子市,中正里,179,117437,656,420,198,759,792.75,120.83
嘉義縣,朴子市,博厚里,205,145815,711,503,242,1000,669.27,94.09
嘉義縣,朴子市,文化里,522,329019,630,416,186,783,760.33,120.63
嘉義縣,朴子市,永和里,634,350239,552,387,211,726,544.11,98.49
嘉義縣,朴子市,竹圍里,1315,834687,635,448,209,813,678.80,106.94
嘉義縣,朴子市,新寮里,131,65729,502,327,170,587,527.09,105.05
嘉義縣,朴子市,双溪里,104,64004,615,363,248,680,803.57,130.57
嘉義縣,朴子市,溪口里,137,73701,538,442,194,664,643.11,119.55
嘉義縣,朴子市,德興里,224,120500,538,381,179,688,520.55,96.77
嘉義縣,朴子市,仁和里,726,894527,1232,849,458,1357,1424.62,115.62
嘉義縣,朴子市,大鄉里,863,524420,608,407,200,739,826.00,135.93
嘉義縣,朴子市,大葛里,802,635476,792,538,263,1032,850.77,107.37
嘉義縣,朴子市,佳禾里,140,66770,477,354,136,608,478.20,100.27
嘉義縣,朴子市,竹村里,247,136248,552,352,199,642,753.59,136.62
嘉義縣,朴子市,崁前里,131,65282,498,355,194,650,510.96,102.53
嘉義縣,朴子市,崁後里,119,57682,485,396,201,627,375.46,77.46
嘉義縣,朴子市,順安里,42,15372,366,323,150,530,272.05,74.33
嘉義縣,朴子市,德家里,128,55163,431,292,142,531,460.91,106.95
嘉義縣,朴子市,新庄里,142,75140,529,349,164,669,593.94,112.24
嘉義縣,朴子市,松華里,199,100061,503,389,207,617,487.18,96.89
嘉義縣,朴子市,梅華里,150,82000,547,343,173,644,712.45,130.33
嘉義縣,朴子市,南竹里,69,30418,441,317,200,560,389.45,88.34
嘉義縣,布袋鎮,岱江里,106,47294,446,351,179,528,405.07,90.79
嘉義縣,布袋鎮,九龍里,69,31021,450,345,165,662,392.50,87.30
嘉義縣,布袋鎮,岑海里,402,218135,543,423,213,700,486.68,89.69
嘉義縣,布袋鎮,興中里,222,123575,557,446,227,738,484.42,87.03
嘉義縣,布袋鎮,光復里,363,212272,585,427,227,742,633.70,108.37
嘉義縣,布袋鎮,見龍里,184,96797,526,391,208,643,499.01,94.86
嘉義縣,布袋鎮,新厝里,161,91679,569,443,224,762,567.86,99.72
嘉義縣,布袋鎮,龍江里,159,88103,554,422,201,793,469.18,84.67
嘉義縣,布袋鎮,東港里,442,245229,555,434,204,695,623.90,112.45
嘉義縣,布袋鎮,永安里,223,107882,484,381,196,592,430.31,88.95
嘉義縣,布袋鎮,江山里,48,21686,452,379,98,652,424.10,93.87
嘉義縣,布袋鎮,考試里,49,32860,671,358,235,877,822.46,122.64
嘉義縣,布袋鎮,菜舖里,68,43230,636,453,248,752,706.76,111.17
嘉義縣,布袋鎮,振寮里,146,99394,681,474,297,878,641.31,94.20
嘉義縣,布袋鎮,西安里,190,93979,495,369,222,683,423.20,85.56
嘉義縣,布袋鎮,東安里,212,110563,522,383,194,609,575.04,110.26
嘉義縣,布袋鎮,中安里,252,132816,527,365,170,667,605.63,114.91
嘉義縣,布袋鎮,樹林里,72,41592,578,394,161,608,765.02,132.43
嘉義縣,布袋鎮,貴舍里,96,50167,523,337,190,697,473.69,90.65
嘉義縣,布袋鎮,復興里,430,230850,537,352,174,688,637.72,118.79
嘉義縣,布袋鎮,新民里,214,108319,506,351,175,603,572.67,113.14
嘉義縣,布袋鎮,好美里,186,88684,477,334,175,587,563.74,118.24
嘉義縣,布袋鎮,新岑里,184,86917,472,358,206,595,418.56,88.61
嘉義縣,大林鎮,東林里,144,83293,578,392,194,827,551.20,95.29
嘉義縣,大林鎮,西林里,565,346329,613,410,192,802,665.86,108.63
嘉義縣,大林鎮,吉林里,241,153746,638,448,227,891,668.95,104.86
嘉義縣,大林鎮,平林里,1692,1167517,690,431,202,866,839.75,121.70
嘉義縣,大林鎮,明華里,235,144718,616,392,191,716,1051.86,170.81
嘉義縣,大林鎮,明和里,471,291909,620,408,219,821,597.33,96.38
嘉義縣,大林鎮,排路里,113,67880,601,340,182,809,584.25,97.26
嘉義縣,大林鎮,西結里,112,53022,473,318,171,527,511.48,108.04
嘉義縣,大林鎮,湖北里,120,62449,520,359,170,665,533.91,102.59
嘉義縣,大林鎮,大糖里,39,19616,503,291,216,554,549.27,109.20
嘉義縣,大林鎮,大美里,293,149385,510,388,192,686,585.20,114.78
嘉義縣,大林鎮,過溪里,271,146256,540,392,205,754,485.27,89.92
嘉義縣,大林鎮,中坑里,239,148954,623,409,194,761,716.96,115.04
嘉義縣,大林鎮,上林里,135,76812,569,342,184,669,842.80,148.13
嘉義縣,大林鎮,中林里,346,221508,640,388,194,746,808.34,126.26
嘉義縣,大林鎮,三和里,478,242441,507,342,166,602,559.48,110.31
嘉義縣,大林鎮,溝背里,191,101400,531,385,160,630,552.18,104.01
嘉義縣,大林鎮,義和里,139,73101,526,383,200,595,542.14,103.09
嘉義縣,大林鎮,內林里,115,79590,692,449,189,837,937.83,135.51
嘉義縣,大林鎮,三角里,148,75711,512,393,237,620,443.05,86.61
嘉義縣,大林鎮,三村里,186,97311,523,355,203,669,533.64,102.00
嘉義縣,民雄鄉,東榮村,686,494513,721,497,208,928,796.53,110.50
嘉義縣,民雄鄉,中樂村,440,306642,697,465,213,904,825.79,118.49
嘉義縣,民雄鄉,西安村,1032,774443,750,478,226,952,918.17,122.35
嘉義縣,民雄鄉,寮頂村,528,314262,595,392,183,764,676.09,113.59
嘉義縣,民雄鄉,福權村,420,282945,674,458,239,885,714.49,106.06
嘉義縣,民雄鄉,東湖村,428,236905,554,397,180,723,548.97,99.18
嘉義縣,民雄鄉,豐收村,566,343421,607,362,172,691,791.49,130.45
嘉義縣,民雄鄉,頂崙村,364,211892,582,410,197,723,600.35,103.13
嘉義縣,民雄鄉,鎮北村,291,163511,562,398,184,776,561.58,99.94
嘉義縣,民雄鄉,三興村,381,423176,1111,624,293,1542,1236.27,111.31
嘉義縣,民雄鄉,東興村,89,50027,562,356,202,753,743.40,132.26
嘉義縣,民雄鄉,菁埔村,370,196547,531,374,175,669,559.01,105.23
嘉義縣,民雄鄉,中和村,275,164462,598,467,249,799,481.91,80.58
嘉義縣,民雄鄉,西昌村,175,84920,485,343,154,606,545.76,112.47
嘉義縣,民雄鄉,平和村,218,120290,552,409,188,679,543.31,98.46
嘉義縣,民雄鄉,中央村,322,170846,531,377,199,668,525.97,99.13
嘉義縣,民雄鄉,興中村,472,249389,528,380,183,653,551.10,104.30
嘉義縣,民雄鄉,興南村,751,400108,533,388,210,682,524.77,98.50
嘉義縣,民雄鄉,文隆村,700,403806,577,403,177,774,581.28,100.77
嘉義縣,民雄鄉,山中村,869,489371,563,389,182,798,560.83,99.59
嘉義縣,民雄鄉,福興村,489,243741,498,359,168,625,510.80,102.48
嘉義縣,民雄鄉,松山村,375,195232,521,374,167,625,744.97,143.09
嘉義縣,民雄鄉,雙福村,713,460015,645,441,208,884,671.96,104.15
嘉義縣,民雄鄉,北斗村,1385,788522,569,384,182,739,684.82,120.29
嘉義縣,民雄鄉,秀林村,651,340572,523,387,189,662,532.60,101.81
嘉義縣,民雄鄉,大崎村,561,314754,561,361,170,657,822.89,146.67
嘉義縣,民雄鄉,金興村,758,340281,449,360,170,591,401.82,89.51
嘉義縣,民雄鄉,福樂村,2064,1237496,600,411,202,760,669.51,111.67
嘉義縣,溪口鄉,溪東村,286,153793,538,357,183,682,559.78,104.10
嘉義縣,溪口鄉,溪西村,127,64304,506,359,151,610,665.39,131.42
嘉義縣,溪口鄉,溪北村,131,61656,471,341,156,586,462.98,98.37
嘉義縣,溪口鄉,柴林村,146,73798,505,362,165,639,534.69,105.78
嘉義縣,溪口鄉,林腳村,122,58294,478,342,180,592,559.42,117.08
嘉義縣,溪口鄉,美南村,216,120771,559,384,179,742,558.84,99.95
嘉義縣,溪口鄉,美北村,186,97429,524,389,144,611,648.95,123.89
嘉義縣,溪口鄉,本厝村,173,109133,631,359,167,760,997.50,158.13
嘉義縣,溪口鄉,游東村,156,80751,518,339,190,595,532.32,102.84
嘉義縣,溪口鄉,游西村,116,68430,590,343,187,749,932.26,158.03
嘉義縣,溪口鄉,柳溝村,264,122007,462,322,178,612,441.61,95.56
嘉義縣,溪口鄉,疊溪村,223,126302,566,376,182,663,794.09,140.21
嘉義縣,溪口鄉,妙崙村,128,54131,423,338,167,589,363.23,85.89
嘉義縣,溪口鄉,坪頂村,214,107866,504,334,182,648,533.06,105.76
嘉義縣,新港鄉,宮前村,617,430298,697,482,236,974,731.74,104.92
嘉義縣,新港鄉,宮後村,361,242628,672,490,236,875,684.65,101.87
嘉義縣,新港鄉,大興村,377,235305,624,439,179,810,693.07,111.04
嘉義縣,新港鄉,福德村,399,265648,666,453,216,842,802.66,120.56
嘉義縣,新港鄉,古民村,254,153385,604,449,212,777,692.01,114.59
嘉義縣,新港鄉,中庄村,303,178659,590,439,231,769,525.82,89.18
嘉義縣,新港鄉,大潭村,328,179123,546,424,217,686,508.60,93.13
嘉義縣,新港鄉,西庄村,163,103176,633,466,220,884,667.85,105.51
嘉義縣,新港鄉,月眉村,371,237376,640,456,209,898,631.10,98.64
嘉義縣,新港鄉,月潭村,343,203327,593,390,192,728,651.40,109.89
嘉義縣,新港鄉,溪北村,257,139084,541,370,187,653,591.68,109.33
嘉義縣,新港鄉,菜公村,201,114925,572,417,232,761,500.76,87.58
嘉義縣,新港鄉,中洋村,247,145814,590,473,236,784,509.89,86.37
嘉義縣,新港鄉,三間村,428,285798,668,530,261,936,579.31,86.76
嘉義縣,新港鄉,安和村,175,84226,481,363,192,602,478.12,99.34
嘉義縣,新港鄉,潭大村,227,131170,578,385,193,758,678.21,117.37
嘉義縣,新港鄉,南港村,236,136290,577,397,207,723,566.88,98.16
嘉義縣,新港鄉,板頭村,100,58495,585,439,210,779,701.58,119.94
嘉義縣,新港鄉,共和村,146,81295,557,390,151,685,633.09,113.70
嘉義縣,新港鄉,埤子村,83,47019,566,440,205,889,476.28,84.07
嘉義縣,新港鄉,南崙村,140,73906,528,358,177,702,572.23,108.40
嘉義縣,新港鄉,北崙村,75,34934,466,373,174,517,445.51,95.65
嘉義縣,新港鄉,海瀛村,75,45484,606,458,211,701,663.03,109.33
嘉義縣,六腳鄉,蒜東村,165,85821,520,359,209,611,730.73,140.49
嘉義縣,六腳鄉,蒜南村,201,113300,564,410,177,738,616.51,109.37
嘉義縣,六腳鄉,蒜頭村,282,156288,554,423,166,674,635.17,114.61
嘉義縣,六腳鄉,工廠村,64,32849,513,327,194,539,578.01,112.62
嘉義縣,六腳鄉,灣南村,225,136520,607,466,203,826,586.39,96.64
嘉義縣,六腳鄉,灣北村,207,113365,548,398,181,713,601.33,109.80
嘉義縣,六腳鄉,雙涵村,156,72248,463,315,163,661,441.09,95.24
嘉義縣,六腳鄉,塗師村,86,45785,532,339,180,744,491.09,92.24
嘉義縣,六腳鄉,三義村,120,63937,533,387,212,681,506.50,95.06
嘉義縣,六腳鄉,港美村,134,67739,506,378,215,646,488.31,96.60
嘉義縣,六腳鄉,豐美村,202,103739,514,378,220,646,492.98,95.99
嘉義縣,六腳鄉,六斗村,183,97034,530,436,183,687,546.81,103.12
嘉義縣,六腳鄉,崙陽村,230,123164,535,349,171,712,574.73,107.33
嘉義縣,六腳鄉,蘇厝村,311,170707,549,404,176,737,557.32,101.53
嘉義縣,六腳鄉,竹本村,92,39230,426,357,195,608,305.13,71.56
嘉義縣,六腳鄉,永賢村,56,32115,573,396,169,884,505.92,88.22
嘉義縣,六腳鄉,魚寮村,99,52618,531,392,230,725,473.58,89.10
嘉義縣,六腳鄉,潭墘村,161,96286,598,369,169,738,704.17,117.74
嘉義縣,六腳鄉,正義村,277,144486,522,385,208,706,477.10,91.47
嘉義縣,六腳鄉,溪厝村,106,60027,566,435,271,648,578.38,102.13
嘉義縣,六腳鄉,六南村,91,61337,674,457,223,855,823.36,122.15
嘉義縣,六腳鄉,六腳村,154,90631,589,433,184,789,561.91,95.48
嘉義縣,六腳鄉,崩山村,86,43663,508,360,138,671,491.95,96.89
嘉義縣,六腳鄉,古林村,95,57943,610,421,246,765,720.07,118.06
嘉義縣,六腳鄉,更寮村,104,69196,665,449,208,709,816.15,122.67
嘉義縣,東石鄉,東石村,245,121441,496,384,182,598,569.53,114.90
嘉義縣,東石鄉,猿樹村,153,88508,578,413,211,740,604.87,104.56
嘉義縣,東石鄉,塭港村,184,83455,454,310,175,551,488.58,107.72
嘉義縣,東石鄉,型厝村,196,89104,455,351,185,607,424.07,93.28
嘉義縣,東石鄉,三家村,187,94616,506,359,182,642,529.59,104.67
嘉義縣,東石鄉,永屯村,115,56718,493,352,143,613,510.64,103.53
嘉義縣,東石鄉,海埔村,47,21624,460,317,150,518,503.47,109.43
嘉義縣,東石鄉,龍港村,122,61871,507,350,164,609,606.25,119.54
嘉義縣,東石鄉,副瀨村,131,84398,644,492,286,744,609.72,94.64
嘉義縣,東石鄉,下揖村,100,39302,393,279,113,498,387.17,98.51
嘉義縣,東石鄉,頂揖村,45,19904,442,293,185,698,373.80,84.51
嘉義縣,東石鄉,溪下村,138,64972,471,381,156,580,447.58,95.07
嘉義縣,東石鄉,港口村,30,13324,444,277,119,713,409.98,92.31
嘉義縣,東石鄉,鰲鼓村,198,107003,540,370,191,643,647.22,119.76
嘉義縣,東石鄉,港墘村,205,137868,673,436,181,735,1051.52,156.35
嘉義縣,東石鄉,蔦松村,143,71641,501,359,171,666,510.75,101.95
嘉義縣,東石鄉,圍潭村,74,29319,396,328,156,511,333.34,84.13
嘉義縣,東石鄉,洲仔村,135,61199,453,315,148,572,458.64,101.17
嘉義縣,東石鄉,東崙村,134,63662,475,325,150,637,575.20,121.07
嘉義縣,東石鄉,西崙村,200,90385,452,343,180,544,496.93,109.96
嘉義縣,東石鄉,塭仔村,146,62905,431,317,127,564,473.07,109.80
嘉義縣,東石鄉,網寮村,163,85724,526,343,180,623,617.12,117.34
嘉義縣,東石鄉,掌潭村,111,49883,449,327,154,603,407.72,90.73
嘉義縣,義竹鄉,岸腳村,156,88090,565,356,180,727,620.58,109.90
嘉義縣,義竹鄉,義竹村,399,236921,594,421,179,767,652.58,109.90
嘉義縣,義竹鄉,六桂村,275,159097,579,408,215,794,576.78,99.70
嘉義縣,義竹鄉,仁里村,202,118609,587,400,223,780,569.77,97.04
嘉義縣,義竹鄉,傳芳村,157,83311,531,414,218,612,506.77,95.50
嘉義縣,義竹鄉,頭竹村,241,145600,604,426,211,760,680.74,112.68
嘉義縣,義竹鄉,五厝村,71,41416,583,458,236,738,476.26,81.65
嘉義縣,義竹鄉,中平村,56,31990,571,366,188,794,497.76,87.14
嘉義縣,義竹鄉,埤前村,151,100781,667,432,209,768,768.49,115.14
嘉義縣,義竹鄉,平溪村,86,42400,493,325,175,595,574.37,116.50
嘉義縣,義竹鄉,後鎮村,83,42230,509,329,165,679,520.43,102.29
嘉義縣,義竹鄉,北華村,127,52288,412,329,166,496,438.66,106.54
嘉義縣,義竹鄉,新店村,269,151844,564,414,212,761,517.06,91.60
嘉義縣,義竹鄉,東過村,163,84695,520,382,178,627,571.22,109.93
嘉義縣,義竹鄉,西過村,132,55016,417,289,132,521,493.02,118.29
嘉義縣,義竹鄉,官和村,146,65806,451,326,168,634,436.38,96.82
嘉義縣,義竹鄉,官順村,80,35104,439,328,186,491,493.20,112.40
嘉義縣,義竹鄉,新富村,116,67274,580,402,174,804,608.12,104.86
嘉義縣,義竹鄉,東光村,136,74061,545,388,202,740,493.38,90.60
嘉義縣,義竹鄉,東榮村,65,36212,557,420,203,593,658.92,118.28
嘉義縣,義竹鄉,龍蛟村,96,45972,479,345,195,593,541.34,113.04
嘉義縣,義竹鄉,溪洲村,100,50076,501,405,177,690,441.33,88.13
嘉義縣,鹿草鄉,後寮村,99,54581,551,427,206,653,586.51,106.38
嘉義縣,鹿草鄉,鹿東村,123,65377,532,424,206,775,512.28,96.38
嘉義縣,鹿草鄉,鹿草村,303,153546,507,354,205,645,569.25,112.33
嘉義縣,鹿草鄉,西井村,300,191796,639,451,195,799,715.07,111.85
嘉義縣,鹿草鄉,豐稠村,124,65210,526,384,200,712,504.86,96.00
嘉義縣,鹿草鄉,重寮村,181,96745,535,373,177,638,580.32,108.57
嘉義縣,鹿草鄉,施家村,79,33284,421,293,166,535,444.37,105.47
嘉義縣,鹿草鄉,下潭村,111,56715,511,417,151,682,493.76,96.64
嘉義縣,鹿草鄉,光潭村,167,102495,614,419,217,840,591.97,96.45
嘉義縣,鹿草鄉,碧潭村,141,77103,547,345,213,662,557.57,101.96
嘉義縣,鹿草鄉,松竹村,196,92006,469,348,161,602,459.26,97.84
嘉義縣,鹿草鄉,竹山村,168,92482,550,390,158,739,591.74,107.49
嘉義縣,鹿草鄉,後堀村,266,147375,554,433,212,793,500.68,90.37
嘉義縣,鹿草鄉,三角村,311,160421,516,382,164,663,542.36,105.14
嘉義縣,鹿草鄉,下麻村,124,64055,517,304,158,737,529.62,102.52
嘉義縣,太保市,太保里,661,416789,631,434,214,837,702.67,111.44
嘉義縣,太保市,後庄里,89,39541,444,289,132,564,479.40,107.90
嘉義縣,太保市,前潭里,326,182505,560,353,180,658,820.98,146.65
嘉義縣,太保市,後潭里,410,252830,617,428,217,802,626.77,101.64
嘉義縣,太保市,春珠里,287,221630,772,492,236,916,1096.36,141.97
嘉義縣,太保市,崙頂里,208,139471,671,457,186,923,815.63,121.64
嘉義縣,太保市,安仁里,868,740705,853,606,291,1131,902.93,105.81
嘉義縣,太保市,東勢里,511,482718,945,595,281,1265,1037.00,109.78
嘉義縣,太保市,新埤里,278,167024,601,417,185,771,643.82,107.16
嘉義縣,太保市,舊埤里,639,365108,571,406,184,867,555.73,97.26
嘉義縣,太保市,田尾里,162,95280,588,407,199,834,538.45,91.55
嘉義縣,太保市,港尾里,101,56085,555,374,171,803,521.97,94.00
嘉義縣,太保市,過溝里,1070,711637,665,470,231,915,714.99,107.50
嘉義縣,太保市,麻寮里,1336,877241,657,487,232,912,619.41,94.33
嘉義縣,太保市,南新里,451,293133,650,399,201,801,809.76,124.59
嘉義縣,太保市,北新里,797,507727,637,465,232,882,653.29,102.55
嘉義縣,太保市,埤鄉里,146,81604,559,409,206,738,525.23,93.97
嘉義縣,太保市,梅埔里,208,124958,601,372,175,673,1048.58,174.54
嘉義縣,水上鄉,水頭村,695,437260,629,449,223,799,652.20,103.66
嘉義縣,水上鄉,水上村,1092,638959,585,428,206,794,555.60,94.95
嘉義縣,水上鄉,大堀村,370,194970,527,391,191,692,540.11,102.50
嘉義縣,水上鄉,大崙村,454,247385,545,364,174,669,655.67,120.33
嘉義縣,水上鄉,塗溝村,175,93760,536,414,183,702,520.78,97.20
嘉義縣,水上鄉,粗溪村,370,212457,574,368,207,662,726.60,126.54
嘉義縣,水上鄉,下寮村,509,270496,531,369,189,689,530.15,99.76
嘉義縣,水上鄉,回歸村,125,79045,632,380,194,731,769.10,121.62
嘉義縣,水上鄉,三和村,513,354904,692,526,221,935,734.02,106.10
嘉義縣,水上鄉,龍德村,469,287454,613,414,213,880,594.15,96.94
嘉義縣,水上鄉,溪洲村,217,125690,579,408,202,771,621.89,107.37
嘉義縣,水上鄉,三鎮村,139,79963,575,400,178,674,733.54,127.51
嘉義縣,水上鄉,靖和村,115,63343,551,378,157,830,495.41,89.94
嘉義縣,水上鄉,南和村,318,187110,588,387,193,682,805.64,136.92
嘉義縣,水上鄉,柳林村,486,245053,504,357,185,646,598.92,118.78
嘉義縣,水上鄉,柳鄉村,492,251794,512,392,202,635,501.11,97.92
嘉義縣,水上鄉,內溪村,246,114118,464,322,152,608,607.93,131.05
嘉義縣,水上鄉,寬士村,1072,595189,555,374,186,747,604.74,108.92
嘉義縣,水上鄉,國姓村,209,102141,489,341,175,635,604.96,123.79
嘉義縣,水上鄉,三界村,153,82797,541,378,189,643,588.80,108.80
嘉義縣,水上鄉,南鄉村,159,80634,507,352,192,679,524.40,103.41
嘉義縣,水上鄉,忠和村,412,179688,436,335,164,583,430.32,98.67
嘉義縣,水上鄉,義興村,173,100439,581,379,202,678,705.39,121.50
嘉義縣,水上鄉,民生村,677,334781,495,371,185,700,444.56,89.90
嘉義縣,水上鄉,中庄村,372,180394,485,345,195,564,579.53,119.51
嘉義縣,水上鄉,柳新村,379,159093,420,339,186,559,343.75,81.89
嘉義縣,中埔鄉,中埔村,382,203600,533,423,203,725,506.50,95.03
嘉義縣,中埔鄉,塩舘村,187,101018,540,382,190,804,520.16,96.29
嘉義縣,中埔鄉,龍門村,122,64644,530,383,231,751,445.86,84.15
嘉義縣,中埔鄉,裕民村,159,83353,524,377,204,630,515.74,98.38
嘉義縣,中埔鄉,金蘭村,279,149772,537,363,157,630,619.55,115.41
嘉義縣,中埔鄉,富收村,616,309128,502,362,183,634,509.24,101.48
嘉義縣,中埔鄉,和睦村,849,477832,563,404,193,681,649.28,115.36
嘉義縣,中埔鄉,隆興村,344,191297,556,369,179,707,751.37,135.12
嘉義縣,中埔鄉,義仁村,262,129328,494,359,174,645,509.51,103.22
嘉義縣,中埔鄉,社口村,361,168651,467,353,174,606,437.95,93.74
嘉義縣,中埔鄉,灣潭村,153,69487,454,334,165,591,470.46,103.59
嘉義縣,中埔鄉,石硦村,179,90390,505,405,207,633,469.52,92.98
嘉義縣,中埔鄉,頂埔村,136,83290,612,433,260,745,680.45,111.11
嘉義縣,中埔鄉,同仁村,334,155679,466,365,178,668,437.51,93.87
嘉義縣,中埔鄉,深坑村,134,70443,526,364,178,713,541.99,103.10
嘉義縣,中埔鄉,瑞豐村,106,44141,416,328,188,550,343.78,82.56
嘉義縣,中埔鄉,沄水村,132,66007,500,380,164,620,606.77,121.34
嘉義縣,中埔鄉,三層村,105,46947,447,392,182,590,362.21,81.01
嘉義縣,中埔鄉,東興村,35,15482,442,371,180,523,457.41,103.41
嘉義縣,中埔鄉,中崙村,39,25032,642,391,218,829,732.09,114.06
嘉義縣,中埔鄉,和美村,1951,1157098,593,398,199,756,651.41,109.84
嘉義縣,中埔鄉,和興村,1313,678386,517,388,181,692,487.03,94.26
嘉義縣,竹崎鄉,竹崎村,600,308133,514,383,180,655,523.05,101.85
嘉義縣,竹崎鄉,和平村,424,203166,479,367,179,578,526.38,109.85
嘉義縣,竹崎鄉,坑頭村,123,57386,467,329,182,599,455.49,97.63
嘉義縣,竹崎鄉,沙坑村,141,72514,514,354,200,593,576.61,112.12
嘉義縣,竹崎鄉,獅埜村,204,108341,531,380,213,580,765.48,144.13
嘉義縣,竹崎鄉,鹿滿村,319,164747,516,357,178,607,546.93,105.90
嘉義縣,竹崎鄉,紫雲村,237,113869,480,341,171,597,515.89,107.37
嘉義縣,竹崎鄉,灣橋村,1253,700140,559,389,197,713,594.95,106.47
嘉義縣,竹崎鄉,義仁村,179,86331,482,338,158,554,544.64,112.93
嘉義縣,竹崎鄉,義和村,127,76804,605,423,209,692,639.63,105.77
嘉義縣,竹崎鄉,內埔村,315,172000,546,382,182,686,601.67,110.19
嘉義縣,竹崎鄉,昇平村,287,163891,571,379,169,670,834.88,146.20
嘉義縣,竹崎鄉,桃源村,160,74584,466,364,160,674,399.96,85.80
嘉義縣,竹崎鄉,白杞村,90,46424,516,356,185,599,638.00,123.69
嘉義縣,竹崎鄉,龍山村,315,171723,545,364,192,665,574.49,105.38
嘉義縣,竹崎鄉,義隆村,104,73032,702,337,170,669,1406.58,200.30
嘉義縣,竹崎鄉,文峰村,98,57084,582,519,226,747,578.40,99.30
嘉義縣,竹崎鄉,塘興村,117,67873,580,350,195,653,1201.59,207.13
嘉義縣,竹崎鄉,復金村,347,163635,472,353,198,589,521.22,110.53
嘉義縣,竹崎鄉,緞繻村,118,61502,521,390,213,597,524.51,100.63
嘉義縣,竹崎鄉,仁壽村,34,19044,560,310,158,625,653.09,116.60
嘉義縣,竹崎鄉,金獅村,50,29075,582,341,176,701,692.65,119.11
嘉義縣,竹崎鄉,中和村,102,52252,512,361,179,661,506.12,98.80
嘉義縣,竹崎鄉,光華村,71,26283,370,283,157,487,330.44,89.26
嘉義縣,梅山鄉,梅東村,434,260098,599,401,213,705,743.87,124.12
嘉義縣,梅山鄉,梅南村,180,106818,593,393,194,698,710.72,119.76
嘉義縣,梅山鄉,梅北村,998,557650,559,414,204,722,569.09,101.85
嘉義縣,梅山鄉,過山村,85,56257,662,435,273,748,776.81,117.37
嘉義縣,梅山鄉,圳南村,51,18835,369,312,220,436,301.56,81.66
嘉義縣,梅山鄉,圳北村,93,36037,387,314,207,462,327.23,84.45
嘉義縣,梅山鄉,大南村,254,135778,535,360,161,669,619.62,115.91
嘉義縣,梅山鄉,安靖村,131,59472,454,371,218,547,417.64,91.99
嘉義縣,梅山鄉,双溪村,95,47470,500,366,217,675,446.03,89.26
嘉義縣,梅山鄉,半天村,56,30400,543,475,289,627,394.04,72.59
嘉義縣,梅山鄉,太平村,78,52435,672,419,186,719,1136.73,169.09
嘉義縣,梅山鄉,龍眼村,62,30346,489,386,206,525,503.91,102.96
嘉義縣,梅山鄉,太興村,53,21330,402,248,97,489,457.43,113.66
嘉義縣,梅山鄉,瑞里村,64,30602,478,325,124,690,457.44,95.67
嘉義縣,梅山鄉,瑞峰村,60,26510,442,366,176,584,356.94,80.79
嘉義縣,梅山鄉,太和村,80,47473,593,462,246,781,572.31,96.44
嘉義縣,梅山鄉,永興村,84,48372,576,417,170,729,619.79,107.63
嘉義縣,梅山鄉,碧湖村,26,11016,424,375,230,548,286.77,67.68
嘉義縣,番路鄉,內甕村,88,54513,619,378,150,766,841.71,135.88
嘉義縣,番路鄉,江西村,267,158211,593,378,174,733,819.20,138.25
嘉義縣,番路鄉,新福村,205,98001,478,334,145,625,490.87,102.68
嘉義縣,番路鄉,下坑村,382,238907,625,461,191,804,687.40,109.91
嘉義縣,番路鄉,番路村,157,79582,507,379,161,681,516.09,101.81
嘉義縣,番路鄉,民和村,130,59659,459,320,135,657,455.36,99.23
嘉義縣,番路鄉,觸口村,186,83766,450,345,150,586,464.79,103.21
嘉義縣,番路鄉,大湖村,73,36173,496,336,165,521,809.10,163.28
嘉義縣,番路鄉,公田村,122,66843,548,340,144,542,1178.84,215.16
嘉義縣,番路鄉,公興村,54,23446,434,304,151,565,457.72,105.42
嘉義縣,番路鄉,草山村,45,22631,503,321,180,584,532.02,105.79
嘉義縣,大埔鄉,大埔村,288,144190,501,350,178,639,494.16,98.70
嘉義縣,大埔鄉,茄苳村,151,75669,501,367,191,583,497.44,99.27
嘉義縣,大埔鄉,永樂村,68,32516,478,344,191,525,485.05,101.44
嘉義縣,大埔鄉,和平村,91,37330,410,336,166,573,350.33,85.40
嘉義縣,大埔鄉,西興村,123,72110,586,362,173,768,626.44,106.85
嘉義縣,阿里山鄉,中山村,78,73839,947,432,263,736,3814.71,402.97
嘉義縣,阿里山鄉,中正村,51,42615,836,316,209,797,1509.02,180.59
嘉義縣,阿里山鄉,香林村,35,17280,494,338,140,498,593.98,120.31
嘉義縣,阿里山鄉,十字村,36,18698,519,365,160,622,621.63,119.69
嘉義縣,阿里山鄉,達邦村,104,50343,484,421,205,690,382.55,79.03
嘉義縣,阿里山鄉,樂野村,115,52814,459,326,198,564,424.19,92.36
嘉義縣,阿里山鄉,來吉村,47,31472,670,405,223,704,921.51,137.62
嘉義縣,阿里山鄉,里佳村,24,13122,547,414,222,739,389.78,71.29
嘉義縣,阿里山鄉,山美村,49,22880,467,324,210,635,395.02,84.60
嘉義縣,阿里山鄉,新美村,25,9369,375,350,186,477,233.30,62.25
嘉義縣,阿里山鄉,豐山村,34,17673,520,308,154,628,617.09,118.72
嘉義縣,阿里山鄉,茶山村,25,9270,371,350,195,442,273.71,73.82
屏東縣,屏東市,勝豐里,108,59180,548,391,150,650,613.53,111.97
屏東縣,屏東市,金泉里,167,108395,649,352,182,680,1136.66,175.12
屏東縣,屏東市,慶春里,79,39467,500,426,170,733,412.26,82.52
屏東縣,屏東市,平和里,217,139691,644,390,189,757,855.78,132.94
屏東縣,屏東市,楠樹里,112,66719,596,443,189,803,575.21,96.56
屏東縣,屏東市,扶風里,147,107288,730,411,176,832,1016.98,139.34
屏東縣,屏東市,橋南里,421,301138,715,460,202,952,834.86,116.72
屏東縣,屏東市,橋北里,254,144520,569,377,158,738,650.06,114.25
屏東縣,屏東市,長春里,604,398745,660,436,236,800,725.38,109.88
屏東縣,屏東市,豐田里,1314,853637,650,427,195,852,757.16,116.55
屏東縣,屏東市,安樂里,129,97904,759,453,202,886,1102.99,145.33
屏東縣,屏東市,歸心里,241,124839,518,335,168,590,591.90,114.27
屏東縣,屏東市,湖西里,381,214681,563,395,197,703,753.83,133.78
屏東縣,屏東市,瑞光里,2234,1493515,669,452,201,897,712.04,106.51
屏東縣,屏東市,湖南里,272,140525,517,383,202,687,475.07,91.96
屏東縣,屏東市,長安里,405,210774,520,391,190,640,528.16,101.49
屏東縣,屏東市,厚生里,716,383891,536,387,191,696,538.39,100.42
屏東縣,屏東市,大湖里,429,207306,483,320,156,602,541.86,112.13
屏東縣,屏東市,頂宅里,99,51795,523,362,184,606,606.04,115.84
屏東縣,屏東市,新生里,1560,903211,579,423,198,747,592.02,102.25
屏東縣,屏東市,永安里,1989,1147602,577,403,200,751,613.41,106.32
屏東縣,屏東市,萬年里,127,75550,595,386,152,828,682.53,114.73
屏東縣,屏東市,安鎮里,504,269096,534,367,173,710,561.44,105.15
屏東縣,屏東市,永昌里,25,17076,683,374,95,865,1129.84,165.42
屏東縣,屏東市,光華里,160,90570,566,362,191,667,683.38,120.73
屏東縣,屏東市,一心里,437,303747,695,449,207,945,712.70,102.54
屏東縣,屏東市,義勇里,463,408350,882,555,224,1189,989.37,112.18
屏東縣,屏東市,公館里,354,213818,604,427,223,728,703.61,116.49
屏東縣,屏東市,龍華里,551,307278,558,363,191,694,692.05,124.10
屏東縣,屏東市,玉成里,355,189347,533,381,200,637,542.98,101.80
屏東縣,屏東市,新興里,758,459828,607,526,260,807,495.24,81.64
屏東縣,屏東市,頂柳里,266,121426,456,372,162,595,428.29,93.82
屏東縣,屏東市,擇仁里,175,80290,459,319,177,588,444.57,96.90
屏東縣,屏東市,清溪里,1321,759426,575,419,209,761,582.80,101.38
屏東縣,屏東市,前進里,698,373537,535,393,181,690,598.68,111.87
屏東縣,屏東市,大洲里,278,153964,554,376,196,671,601.80,108.66
屏東縣,屏東市,永光里,252,126863,503,368,178,594,569.54,113.13
屏東縣,屏東市,永順里,57,29757,522,370,188,729,514.88,98.62
屏東縣,屏東市,大埔里,157,94589,602,416,200,699,669.58,111.14
屏東縣,屏東市,大同里,175,108883,622,410,201,726,770.79,123.88
屏東縣,屏東市,文明里,77,56925,739,446,251,808,862.58,116.68
屏東縣,屏東市,光榮里,212,131467,620,406,208,704,741.02,119.49
屏東縣,屏東市,端正里,79,71484,905,443,270,1119,1279.60,141.41
屏東縣,屏東市,武廟里,116,103154,889,542,236,1027,1157.55,130.17
屏東縣,屏東市,必信里,141,74453,528,374,170,685,522.03,98.86
屏東縣,屏東市,崇禮里,77,56622,735,483,243,810,930.21,126.50
屏東縣,屏東市,崇智里,129,74793,580,366,184,739,657.66,113.43
屏東縣,屏東市,民權里,169,107344,635,424,227,826,692.96,109.10
屏東縣,屏東市,維新里,638,331102,519,402,180,682,519.58,100.12
屏東縣,屏東市,斯文里,488,365765,750,485,225,900,937.56,125.09
屏東縣,屏東市,泰安里,158,106397,673,411,154,873,789.87,117.30
屏東縣,屏東市,仁義里,249,138421,556,392,211,745,567.84,102.15
屏東縣,屏東市,三山里,309,146900,475,346,176,633,480.19,101.01
屏東縣,屏東市,海豐里,196,97388,497,370,184,640,528.06,106.28
屏東縣,屏東市,和興里,202,96361,477,344,190,637,460.10,96.45
屏東縣,屏東市,崇蘭里,4084,2852645,698,505,239,914,728.23,104.26
屏東縣,屏東市,空翔里,452,302673,670,469,233,876,759.09,113.36
屏東縣,屏東市,廣興里,548,257590,470,361,160,605,479.64,102.04
屏東縣,屏東市,潭墘里,3459,1972851,570,416,203,741,598.52,104.94
屏東縣,屏東市,明正里,219,165829,757,443,173,933,1085.47,143.35
屏東縣,屏東市,溝美里,646,371624,575,407,194,761,616.80,107.22
屏東縣,屏東市,勝利里,1517,1000407,659,447,226,828,729.02,110.55
屏東縣,屏東市,永城里,475,277132,583,394,186,701,761.46,130.51
屏東縣,屏東市,北勢里,718,503557,701,432,228,835,1106.75,157.81
屏東縣,屏東市,華山里,1476,935479,634,444,212,815,687.18,108.42
屏東縣,屏東市,太平里,228,150793,661,439,194,858,844.01,127.61
屏東縣,屏東市,興樂里,233,181770,780,552,242,965,796.93,102.15
屏東縣,屏東市,大武里,2473,1479074,598,412,204,755,664.24,111.06
屏東縣,屏東市,建國里,239,164929,690,427,196,954,789.88,114.46
屏東縣,屏東市,崇武里,875,526493,602,455,211,807,552.75,91.86
屏東縣,屏東市,凌雲里,67,37424,559,311,132,583,789.23,141.30
屏東縣,屏東市,鵬程里,93,69719,750,698,549,889,290.78,38.79
屏東縣,屏東市,豐榮里,807,558177,692,445,208,877,877.95,126.93
屏東縣,屏東市,信和里,368,188672,513,361,185,680,503.13,98.13
屏東縣,屏東市,豐源里,1207,827782,686,487,239,901,731.80,106.70
屏東縣,屏東市,大連里,3341,2459443,736,493,232,942,825.64,112.16
屏東縣,屏東市,仁愛里,660,441739,669,444,200,847,885.14,132.25
屏東縣,屏東市,中正里,1557,1083383,696,478,221,920,737.36,105.97
屏東縣,屏東市,北興里,1869,1147746,614,427,195,808,637.61,103.83
屏東縣,潮州鎮,潮州里,150,102304,682,463,187,836,746.32,109.43
屏東縣,潮州鎮,光華里,1286,772411,601,443,206,788,575.46,95.81
屏東縣,潮州鎮,三星里,1613,976094,605,438,208,787,643.70,106.37
屏東縣,潮州鎮,彭城里,188,86440,460,353,182,578,426.64,92.79
屏東縣,潮州鎮,九塊里,256,125184,489,340,189,577,635.87,130.04
屏東縣,潮州鎮,興美里,174,99000,569,406,194,669,777.79,136.70
屏東縣,潮州鎮,檨子里,53,20668,390,241,123,498,470.01,120.53
屏東縣,潮州鎮,新生里,256,170007,664,467,201,810,745.33,112.23
屏東縣,潮州鎮,新榮里,356,225924,635,440,171,870,703.18,110.80
屏東縣,潮州鎮,同榮里,157,83508,532,329,157,632,742.15,139.53
屏東縣,潮州鎮,三共里,2026,1360704,672,455,200,858,1184.76,176.40
屏東縣,潮州鎮,五魁里,361,185181,513,395,163,696,501.65,97.79
屏東縣,潮州鎮,蓬萊里,593,359078,606,443,216,798,628.44,103.78
屏東縣,潮州鎮,八爺里,601,328115,546,422,190,738,563.99,103.31
屏東縣,潮州鎮,光春里,327,171784,525,378,184,679,622.41,118.48
屏東縣,潮州鎮,泗林里,387,207694,537,400,217,691,551.69,102.80
屏東縣,潮州鎮,四春里,353,172740,489,379,183,605,452.97,92.57
屏東縣,潮州鎮,崙東里,238,104972,441,361,153,561,412.54,93.53
屏東縣,潮州鎮,永春里,1965,1109698,565,398,183,756,589.51,104.39
屏東縣,潮州鎮,三和里,586,375454,641,435,196,822,724.60,113.09
屏東縣,潮州鎮,富春里,227,110867,488,398,174,646,457.56,93.69
屏東縣,東港鎮,八德里,159,84001,528,341,151,662,676.72,128.09
屏東縣,東港鎮,東隆里,252,112505,446,347,160,513,457.26,102.42
屏東縣,東港鎮,共和里,124,91885,741,400,240,810,1108.01,149.53
屏東縣,東港鎮,豐漁里,114,60661,532,403,184,751,566.63,106.49
屏東縣,東港鎮,盛漁里,261,126202,484,352,170,633,539.71,111.62
屏東縣,東港鎮,興漁里,382,178336,467,325,187,603,531.53,113.85
屏東縣,東港鎮,鎮海里,528,245271,465,357,170,574,497.66,107.13
屏東縣,東港鎮,嘉蓮里,314,148538,473,339,198,563,460.78,97.41
屏東縣,東港鎮,南平里,201,99520,495,313,126,679,544.44,109.96
屏東縣,東港鎮,興東里,2482,1570669,633,419,204,796,870.63,137.58
屏東縣,東港鎮,興農里,376,232487,618,404,185,799,1006.18,162.73
屏東縣,東港鎮,興和里,241,130997,544,409,238,744,459.42,84.52
屏東縣,東港鎮,船頭里,1289,776677,603,435,212,799,597.55,99.17
屏東縣,東港鎮,下廍里,387,173984,450,338,175,595,441.45,98.19
屏東縣,東港鎮,新勝里,553,343201,621,400,223,763,704.50,113.52
屏東縣,東港鎮,頂中里,94,51792,551,388,205,612,715.05,129.78
屏東縣,東港鎮,頂新里,127,60350,475,332,129,643,456.87,96.14
屏東縣,東港鎮,東和里,155,66230,427,320,172,583,361.67,84.64
屏東縣,東港鎮,朝安里,337,201096,597,410,202,759,608.30,101.94
屏東縣,東港鎮,興臺里,144,93774,651,434,219,774,793.85,121.90
屏東縣,東港鎮,中興里,159,78749,495,379,166,600,603.00,121.75
屏東縣,東港鎮,大潭里,334,174509,522,387,194,649,611.68,117.07
屏東縣,恆春鎮,城北里,551,291002,528,350,160,714,565.20,107.02
屏東縣,恆春鎮,城西里,239,128660,538,379,188,730,516.06,95.86
屏東縣,恆春鎮,城南里,215,121830,567,393,202,773,581.96,102.70
屏東縣,恆春鎮,山腳里,938,465571,496,338,163,628,588.27,118.52
屏東縣,恆春鎮,網紗里,692,372083,538,340,180,612,993.67,184.80
屏東縣,恆春鎮,仁壽里,164,77813,474,290,148,538,576.81,121.57
屏東縣,恆春鎮,茄湖里,72,27446,381,323,146,497,321.77,84.41
屏東縣,恆春鎮,頭溝里,61,25377,416,311,127,556,371.67,89.34
屏東縣,恆春鎮,四溝里,168,78179,465,330,181,574,439.82,94.51
屏東縣,恆春鎮,德和里,184,93813,510,342,169,635,556.66,109.18
屏東縣,恆春鎮,龍水里,175,218111,1246,358,159,624,9762.96,783.33
屏東縣,恆春鎮,山海里,235,101299,431,286,142,516,486.82,112.94
屏東縣,恆春鎮,大光里,345,166158,482,344,175,590,566.68,117.66
屏東縣,恆春鎮,水泉里,222,105662,476,358,164,556,534.71,112.34
屏東縣,恆春鎮,南灣里,331,237170,717,402,198,850,857.31,119.65
屏東縣,恆春鎮,墾丁里,205,114862,560,399,187,699,632.62,112.91
屏東縣,恆春鎮,鵝鑾里,156,81713,524,324,146,622,691.67,132.05
屏東縣,萬丹鄉,萬安村,169,116311,688,409,206,802,780.20,113.36
屏東縣,萬丹鄉,萬全村,861,522512,607,416,208,749,658.62,108.53
屏東縣,萬丹鄉,萬惠村,216,145363,673,482,229,910,645.18,95.87
屏東縣,萬丹鄉,萬後村,167,105106,629,446,218,810,646.76,102.76
屏東縣,萬丹鄉,萬生村,364,207293,569,412,197,718,641.68,112.68
屏東縣,萬丹鄉,寶厝村,518,297270,574,405,194,706,588.57,102.56
屏東縣,萬丹鄉,四維村,463,237798,514,382,184,668,488.28,95.07
屏東縣,萬丹鄉,竹林村,321,195150,608,361,155,673,890.91,146.55
屏東縣,萬丹鄉,廣安村,569,290559,511,384,199,675,484.99,94.98
屏東縣,萬丹鄉,田厝村,228,141869,622,466,197,782,777.42,124.94
屏東縣,萬丹鄉,崙頂村,434,215786,497,354,175,673,507.08,101.99
屏東縣,萬丹鄉,社上村,403,216035,536,362,179,641,653.19,121.85
屏東縣,萬丹鄉,社中村,353,188727,535,384,169,705,525.17,98.23
屏東縣,萬丹鄉,社皮村,454,247535,545,371,207,675,569.46,104.44
屏東縣,萬丹鄉,磚寮村,218,126516,580,389,210,657,777.88,134.04
屏東縣,萬丹鄉,社口村,368,207527,564,378,199,719,587.95,104.26
屏東縣,萬丹鄉,加興村,286,156059,546,373,206,704,602.81,110.47
屏東縣,萬丹鄉,上村村,180,103065,573,370,164,735,805.83,140.74
屏東縣,萬丹鄉,厦南村,295,156102,529,406,187,714,558.44,105.53
屏東縣,萬丹鄉,厦北村,344,184044,535,399,194,641,627.80,117.34
屏東縣,萬丹鄉,新庄村,492,317427,645,440,227,820,754.71,116.98
屏東縣,萬丹鄉,新鐘村,454,244978,540,399,191,703,503.60,93.33
屏東縣,萬丹鄉,水泉村,491,297777,606,437,206,790,587.33,96.84
屏東縣,萬丹鄉,香社村,332,174856,527,407,211,673,501.57,95.23
屏東縣,萬丹鄉,灣內村,267,137377,515,396,179,654,532.59,103.51
屏東縣,萬丹鄉,後村村,214,106788,499,402,204,711,462.94,92.77
屏東縣,萬丹鄉,水仙村,107,63785,596,496,295,768,476.80,79.98
屏東縣,萬丹鄉,興安村,171,91300,534,404,187,677,468.25,87.70
屏東縣,萬丹鄉,興全村,198,118556,599,406,217,693,738.78,123.38
屏東縣,萬丹鄉,甘棠村,56,25149,449,300,194,554,459.30,102.27
屏東縣,長治鄉,進興村,737,430917,585,434,212,815,539.33,92.24
屏東縣,長治鄉,新潭村,1073,652089,608,434,196,811,599.51,98.65
屏東縣,長治鄉,長興村,283,187582,663,430,202,899,716.19,108.05
屏東縣,長治鄉,潭頭村,578,364911,631,450,228,855,617.41,97.80
屏東縣,長治鄉,香楊村,788,555349,705,456,217,945,748.73,106.24
屏東縣,長治鄉,德協村,275,140534,511,331,170,622,546.89,107.02
屏東縣,長治鄉,德成村,219,122706,560,403,222,812,493.68,88.11
屏東縣,長治鄉,復興村,300,154548,515,374,183,641,512.28,99.44
屏東縣,長治鄉,崙上村,401,234620,585,428,203,772,593.25,101.40
屏東縣,長治鄉,德榮村,272,144448,531,401,172,685,515.78,97.12
屏東縣,長治鄉,德和村,161,70298,437,303,157,532,508.35,116.42
屏東縣,長治鄉,繁隆村,223,122884,551,478,173,775,484.01,87.83
屏東縣,長治鄉,繁華村,462,250087,541,395,192,627,983.04,181.60
屏東縣,長治鄉,繁昌村,337,172373,511,382,183,663,497.12,97.19
屏東縣,長治鄉,繁榮村,266,150309,565,390,177,664,989.14,175.05
屏東縣,長治鄉,榮華村,142,67842,478,347,150,617,499.17,104.48
屏東縣,麟洛鄉,新田村,601,341722,569,418,193,739,549.76,96.69
屏東縣,麟洛鄉,麟頂村,266,173781,653,383,181,810,908.12,139.00
屏東縣,麟洛鄉,麟蹄村,428,227722,532,379,181,673,582.52,109.48
屏東縣,麟洛鄉,麟趾村,700,404452,578,425,208,800,597.66,103.44
屏東縣,麟洛鄉,田心村,220,150705,685,504,272,926,640.24,93.46
屏東縣,麟洛鄉,田中村,315,190951,606,439,234,779,597.62,98.59
屏東縣,麟洛鄉,田道村,168,94876,565,402,189,698,574.24,101.68
屏東縣,九如鄉,九清村,337,187742,557,371,189,759,596.83,107.13
屏東縣,九如鄉,九塊村,318,161584,508,373,193,638,506.67,99.71
屏東縣,九如鄉,九明村,365,185973,510,384,190,639,517.72,101.61
屏東縣,九如鄉,玉水村,220,108514,493,370,189,697,474.48,96.19
屏東縣,九如鄉,玉泉村,360,205953,572,386,195,747,732.11,127.97
屏東縣,九如鄉,東寧村,1029,576380,560,437,218,709,562.88,100.49
屏東縣,九如鄉,大坵村,201,87420,435,353,164,552,428.92,98.62
屏東縣,九如鄉,三塊村,301,133302,443,320,164,585,448.69,101.31
屏東縣,九如鄉,後庄村,355,179911,507,374,182,663,487.43,96.18
屏東縣,九如鄉,耆老村,256,143677,561,387,190,749,579.20,103.20
屏東縣,九如鄉,洽興村,276,126684,459,337,163,646,405.15,88.27
屏東縣,里港鄉,玉田村,792,445678,563,405,191,738,645.84,114.77
屏東縣,里港鄉,大平村,269,153960,572,435,209,692,613.37,107.17
屏東縣,里港鄉,永春村,187,109821,587,424,200,745,686.59,116.91
屏東縣,里港鄉,春林村,289,172214,596,452,227,724,584.73,98.13
屏東縣,里港鄉,過江村,467,257264,551,373,178,656,856.36,155.45
屏東縣,里港鄉,鐵店村,327,174685,534,379,164,706,571.58,107.00
屏東縣,里港鄉,塔樓村,332,187343,564,419,182,713,613.23,108.67
屏東縣,里港鄉,潮厝村,317,161704,510,370,200,660,483.11,94.71
屏東縣,里港鄉,茄苳村,296,151696,512,390,171,680,516.69,100.82
屏東縣,里港鄉,載興村,450,234342,521,392,191,689,484.70,93.07
屏東縣,里港鄉,土庫村,366,226386,619,408,191,706,1093.02,176.71
屏東縣,里港鄉,三廍村,370,200695,542,384,172,624,638.71,117.75
屏東縣,里港鄉,中和村,196,109121,557,364,150,657,1008.22,181.09
屏東縣,里港鄉,瀰力村,98,50036,511,360,182,715,496.10,97.17
屏東縣,鹽埔鄉,鹽北村,369,186780,506,386,187,640,490.71,96.94
屏東縣,鹽埔鄉,鹽中村,431,220446,511,382,185,645,494.98,96.78
屏東縣,鹽埔鄉,鹽南村,330,182603,553,418,207,699,541.59,97.88
屏東縣,鹽埔鄉,仕絨村,214,102497,479,314,143,579,541.56,113.07
屏東縣,鹽埔鄉,高朗村,483,244897,507,371,188,642,498.86,98.39
屏東縣,鹽埔鄉,振興村,286,141659,495,360,215,627,484.86,97.89
屏東縣,鹽埔鄉,久愛村,154,79717,518,356,170,634,557.10,107.62
屏東縣,鹽埔鄉,新圍村,599,287036,479,374,181,623,421.46,87.95
屏東縣,鹽埔鄉,新二村,764,391550,513,370,184,637,651.43,127.11
屏東縣,鹽埔鄉,彭厝村,199,108363,545,423,214,636,523.13,96.07
屏東縣,鹽埔鄉,洛陽村,331,150515,455,324,161,578,447.16,98.34
屏東縣,鹽埔鄉,永隆村,86,41660,484,335,177,598,569.36,117.54
屏東縣,高樹鄉,高樹村,378,206400,546,370,174,643,749.23,137.21
屏東縣,高樹鄉,長榮村,222,123954,558,403,209,663,611.25,109.47
屏東縣,高樹鄉,東振村,70,31725,453,357,192,515,500.88,110.52
屏東縣,高樹鄉,東興村,127,67157,529,372,154,786,504.86,95.47
屏東縣,高樹鄉,大埔村,86,35716,415,343,211,492,377.32,90.85
屏東縣,高樹鄉,源泉村,142,67229,473,375,167,559,497.67,105.12
屏東縣,高樹鄉,建興村,147,70181,477,328,157,619,510.14,106.85
屏東縣,高樹鄉,舊寮村,163,80366,493,321,128,684,520.46,105.56
屏東縣,高樹鄉,司馬村,74,36814,497,416,185,652,440.96,88.64
屏東縣,高樹鄉,菜寮村,106,46210,436,333,168,596,420.94,96.56
屏東縣,高樹鄉,新豐村,211,118585,562,382,155,621,872.63,155.27
屏東縣,高樹鄉,田子村,166,76920,463,340,206,542,486.29,104.95
屏東縣,高樹鄉,舊庄村,146,63004,432,382,164,596,349.50,80.99
屏東縣,高樹鄉,鹽樹村,161,86335,536,397,179,674,632.52,117.95
屏東縣,高樹鄉,新南村,279,130228,467,362,162,563,560.20,120.02
屏東縣,高樹鄉,泰山村,268,123421,461,340,159,588,474.99,103.14
屏東縣,高樹鄉,南華村,198,76206,385,313,123,549,347.73,90.35
屏東縣,高樹鄉,廣興村,167,68535,410,345,174,486,409.31,99.74
屏東縣,高樹鄉,廣福村,160,89230,558,382,174,666,611.78,109.70
屏東縣,萬巒鄉,萬巒村,300,187838,626,432,240,784,692.37,110.58
屏東縣,萬巒鄉,萬全村,184,113244,615,431,194,687,883.99,143.63
屏東縣,萬巒鄉,萬和村,427,244795,573,440,220,761,512.90,89.47
屏東縣,萬巒鄉,鹿寮村,208,113090,544,406,193,787,458.46,84.32
屏東縣,萬巒鄉,硫黃村,107,58403,546,370,215,719,542.88,99.46
屏東縣,萬巒鄉,泗溝村,235,137299,584,430,219,688,571.00,97.73
屏東縣,萬巒鄉,佳佐村,296,141117,477,367,182,607,455.64,95.57
屏東縣,萬巒鄉,佳和村,268,165152,616,368,184,749,775.68,125.87
屏東縣,萬巒鄉,新厝村,204,97052,476,309,180,494,1069.14,224.73
屏東縣,萬巒鄉,新置村,186,88648,477,367,195,598,500.58,105.03
屏東縣,萬巒鄉,赤山村,276,113229,410,335,177,542,397.73,96.95
屏東縣,萬巒鄉,萬金村,289,116402,403,323,175,533,368.90,91.59
屏東縣,萬巒鄉,五溝村,224,144347,644,493,245,797,594.39,92.24
屏東縣,萬巒鄉,成德村,270,142431,528,399,185,662,520.78,98.72
屏東縣,內埔鄉,內埔村,1141,673911,591,420,199,756,609.85,103.25
屏東縣,內埔鄉,興南村,274,144023,526,375,185,671,522.10,99.33
屏東縣,內埔鄉,義亭村,116,59087,509,365,212,612,516.96,101.49
屏東縣,內埔鄉,美和村,558,334373,599,418,208,763,678.35,113.20
屏東縣,內埔鄉,和興村,773,458391,593,416,190,813,594.14,100.19
屏東縣,內埔鄉,豐田村,797,439527,551,413,222,720,519.18,94.14
屏東縣,內埔鄉,竹圍村,430,222933,518,391,199,684,487.66,94.06
屏東縣,內埔鄉,富田村,435,229841,528,392,206,695,518.30,98.09
屏東縣,內埔鄉,東勢村,614,304412,496,367,202,632,522.92,105.47
屏東縣,內埔鄉,東片村,235,130268,554,404,233,717,499.34,90.08
屏東縣,內埔鄉,東寧村,1207,679047,563,413,208,752,541.15,96.19
屏東縣,內埔鄉,上樹村,247,121806,493,358,186,595,529.80,107.43
屏東縣,內埔鄉,老埤村,401,190378,475,359,199,603,482.30,101.59
屏東縣,內埔鄉,中林村,295,123672,419,319,163,502,495.22,118.13
屏東縣,內埔鄉,龍泉村,457,216753,474,338,157,597,614.39,129.54
屏東縣,內埔鄉,建興村,176,84312,479,337,194,593,433.44,90.48
屏東縣,內埔鄉,大新村,319,169263,531,373,198,659,787.57,148.43
屏東縣,內埔鄉,黎明村,416,208713,502,375,211,644,447.81,89.26
屏東縣,內埔鄉,隘寮村,190,79797,420,325,153,552,399.02,95.01
屏東縣,內埔鄉,龍潭村,425,207656,489,369,178,593,479.79,98.20
屏東縣,內埔鄉,內田村,848,485987,573,421,216,737,585.99,102.25
屏東縣,內埔鄉,水門村,141,72821,516,379,180,674,488.43,94.57
屏東縣,內埔鄉,振豐村,390,217208,557,431,205,740,531.13,95.36
屏東縣,竹田鄉,竹田村,363,201460,555,397,184,719,703.13,126.69
屏東縣,竹田鄉,竹南村,188,102930,548,360,192,617,721.90,131.85
屏東縣,竹田鄉,糶糴村,167,109907,658,422,231,799,820.71,124.70
屏東縣,竹田鄉,二崙村,197,115821,588,411,202,759,659.04,112.10
屏東縣,竹田鄉,美崙村,154,69460,451,300,130,613,453.10,100.46
屏東縣,竹田鄉,頭崙村,296,151577,512,409,197,654,607.84,118.70
屏東縣,竹田鄉,履豐村,145,81123,559,428,233,748,492.94,88.11
屏東縣,竹田鄉,泗洲村,222,98636,444,327,168,584,434.53,97.80
屏東縣,竹田鄉,大湖村,244,120809,495,382,159,677,450.60,91.01
屏東縣,竹田鄉,鳳明村,225,104994,467,323,157,562,504.33,108.08
屏東縣,竹田鄉,南勢村,118,52441,444,344,211,659,345.06,77.64
屏東縣,竹田鄉,六巷村,162,96076,593,422,220,760,634.41,106.97
屏東縣,竹田鄉,西勢村,593,331337,559,378,196,728,622.62,111.43
屏東縣,竹田鄉,福田村,114,58910,517,380,174,698,478.83,92.66
屏東縣,竹田鄉,永豐村,193,115266,597,461,208,801,549.99,92.09
屏東縣,新埤鄉,新埤村,406,227880,561,409,202,695,629.34,112.13
屏東縣,新埤鄉,建功村,205,110978,541,377,191,696,604.50,111.66
屏東縣,新埤鄉,打鐵村,193,115078,596,433,216,955,490.50,82.26
屏東縣,新埤鄉,南豐村,130,53798,414,322,195,516,381.35,92.15
屏東縣,新埤鄉,餉潭村,165,59949,363,314,153,520,274.46,75.54
屏東縣,新埤鄉,箕湖村,118,48713,413,356,178,496,349.09,84.56
屏東縣,新埤鄉,萬隆村,234,102836,439,342,183,567,423.61,96.39
屏東縣,枋寮鄉,枋寮村,280,141836,507,386,185,684,454.80,89.78
屏東縣,枋寮鄉,保生村,168,80217,477,403,168,618,429.70,89.99
屏東縣,枋寮鄉,中寮村,98,40510,413,358,193,589,283.09,68.48
屏東縣,枋寮鄉,安樂村,316,167769,531,424,206,683,472.42,88.98
屏東縣,枋寮鄉,天時村,405,227938,563,410,207,699,547.94,97.36
屏東縣,枋寮鄉,地利村,290,160699,554,417,214,711,525.66,94.86
屏東縣,枋寮鄉,人和村,423,221939,525,387,176,696,527.90,100.61
屏東縣,枋寮鄉,內寮村,85,35734,420,333,157,552,407.71,96.98
屏東縣,枋寮鄉,新開村,134,49165,367,272,169,408,351.31,95.75
屏東縣,枋寮鄉,東海村,573,282687,493,365,193,663,451.36,91.49
屏東縣,枋寮鄉,大庄村,98,48380,494,436,226,637,387.02,78.40
屏東縣,枋寮鄉,太源村,146,64031,439,345,183,557,426.38,97.22
屏東縣,枋寮鄉,玉泉村,44,20215,459,380,173,667,408.38,88.89
屏東縣,枋寮鄉,新龍村,132,73703,558,394,209,659,712.49,127.61
屏東縣,枋寮鄉,隆山村,756,405171,536,405,201,670,569.48,106.26
屏東縣,新園鄉,內庄村,200,107451,537,430,195,711,480.46,89.43
屏東縣,新園鄉,瓦磘村,360,199439,554,396,169,692,555.88,100.34
屏東縣,新園鄉,田洋村,473,243247,514,367,185,659,567.76,110.40
屏東縣,新園鄉,仙吉村,629,386470,614,439,221,724,804.95,131.01
屏東縣,新園鄉,港墘村,136,76025,559,351,184,661,630.45,112.78
屏東縣,新園鄉,新東村,530,299553,565,379,202,705,616.03,109.00
屏東縣,新園鄉,新園村,527,281384,534,389,202,681,608.21,113.91
屏東縣,新園鄉,烏龍村,295,174773,592,422,232,736,555.07,93.69
屏東縣,新園鄉,興龍村,544,311899,573,419,207,770,534.57,93.24
屏東縣,新園鄉,南龍村,311,176630,568,401,196,694,833.74,146.80
屏東縣,新園鄉,中洲村,362,183389,507,408,221,666,439.58,86.77
屏東縣,新園鄉,鹽埔村,776,363157,468,348,175,578,482.43,103.09
屏東縣,新園鄉,共和村,412,176145,428,315,151,528,535.80,125.32
屏東縣,新園鄉,五房村,563,267966,476,359,154,644,478.66,100.57
屏東縣,新園鄉,港西村,474,246931,521,382,203,694,498.90,95.77
屏東縣,崁頂鄉,崁頂村,497,265586,534,361,179,653,752.24,140.77
屏東縣,崁頂鄉,園寮村,463,245857,531,405,188,703,556.82,104.86
屏東縣,崁頂鄉,力社村,284,156436,551,380,213,710,528.16,95.88
屏東縣,崁頂鄉,圍內村,282,148599,527,383,183,692,489.17,92.83
屏東縣,崁頂鄉,洲子村,206,96628,469,343,164,621,465.08,99.15
屏東縣,崁頂鄉,北勢村,311,156118,502,378,195,605,525.40,104.66
屏東縣,崁頂鄉,越溪村,229,108818,475,370,183,561,490.75,103.28
屏東縣,崁頂鄉,港東村,405,210920,521,406,183,678,527.63,101.31
屏東縣,林邊鄉,林邊村,339,204761,604,443,221,825,573.57,94.96
屏東縣,林邊鄉,光林村,275,147785,537,373,180,698,664.26,123.61
屏東縣,林邊鄉,仁和村,409,222913,545,378,203,682,628.30,115.28
屏東縣,林邊鄉,中林村,176,93170,529,381,178,730,508.02,95.97
屏東縣,林邊鄉,永樂村,664,387294,583,416,196,787,884.82,151.70
屏東縣,林邊鄉,田厝村,162,85271,526,408,200,709,455.55,86.55
屏東縣,林邊鄉,崎峰村,222,88843,400,314,159,554,353.07,88.22
屏東縣,林邊鄉,水利村,288,138083,479,361,181,621,464.78,96.94
屏東縣,林邊鄉,竹林村,360,176927,491,383,189,656,455.36,92.65
屏東縣,林邊鄉,鎮安村,204,106203,521,419,213,711,438.30,84.19
屏東縣,南州鄉,溪州村,362,185652,513,390,222,663,467.20,91.10
屏東縣,南州鄉,溪南村,251,127319,507,365,162,669,498.38,98.25
屏東縣,南州鄉,仁里村,138,80003,580,392,163,775,616.82,106.40
屏東縣,南州鄉,溪北村,190,102268,538,435,219,725,439.44,81.64
屏東縣,南州鄉,七塊村,182,109252,600,399,215,709,617.82,102.92
屏東縣,南州鄉,萬華村,194,105576,544,440,211,726,480.88,88.36
屏東縣,南州鄉,米崙村,245,139845,571,387,201,640,672.98,117.90
屏東縣,南州鄉,壽元村,181,88776,490,368,193,624,454.07,92.58
屏東縣,南州鄉,同安村,221,120130,544,400,225,692,560.43,103.10
屏東縣,南州鄉,南安村,89,42223,474,369,209,633,417.50,88.00
屏東縣,佳冬鄉,佳冬村,323,189548,587,442,225,794,559.15,95.28
屏東縣,佳冬鄉,六根村,261,118791,455,353,179,595,419.69,92.21
屏東縣,佳冬鄉,賴家村,142,72670,512,397,214,666,471.56,92.14
屏東縣,佳冬鄉,萬建村,380,197324,519,379,187,645,517.34,99.63
屏東縣,佳冬鄉,石光村,371,197353,532,345,169,612,704.71,132.48
屏東縣,佳冬鄉,玉光村,394,189262,480,339,186,630,518.80,108.00
屏東縣,佳冬鄉,昌隆村,167,83520,500,397,195,684,444.22,88.82
屏東縣,佳冬鄉,豐隆村,132,62746,475,336,131,699,447.59,94.16
屏東縣,佳冬鄉,大同村,196,102057,521,374,199,667,508.33,97.62
屏東縣,佳冬鄉,羗園村,188,92377,491,362,207,601,483.13,98.32
屏東縣,佳冬鄉,燄溫村,151,63081,418,286,141,528,436.41,104.47
屏東縣,佳冬鄉,塭豐村,325,131660,405,336,195,541,351.57,86.78
屏東縣,琉球鄉,本福村,366,225309,616,447,249,822,584.76,94.99
屏東縣,琉球鄉,中福村,225,125569,558,350,180,832,525.70,94.20
屏東縣,琉球鄉,漁福村,171,80635,472,365,190,624,430.14,91.22
屏東縣,琉球鄉,大福村,298,157513,529,343,177,661,580.83,109.89
屏東縣,琉球鄉,南福村,179,77495,433,344,161,564,383.60,88.60
屏東縣,琉球鄉,天福村,149,65187,437,339,186,543,416.29,95.15
屏東縣,琉球鄉,上福村,231,126080,546,380,165,663,563.31,103.21
屏東縣,琉球鄉,杉福村,136,74458,547,385,149,714,574.62,104.96
屏東縣,車城鄉,福興村,261,129260,495,363,176,673,453.73,91.62
屏東縣,車城鄉,福安村,97,43045,444,338,130,609,406.33,91.57
屏東縣,車城鄉,統埔村,77,32051,416,310,179,520,381.15,91.57
屏東縣,車城鄉,田中村,98,38967,398,325,181,531,298.74,75.13
屏東縣,車城鄉,海口村,124,70931,572,389,209,819,673.26,117.70
屏東縣,車城鄉,溫泉村,112,44624,398,272,123,501,453.30,113.77
屏東縣,車城鄉,保力村,171,72029,421,333,189,549,345.08,81.92
屏東縣,車城鄉,新街村,57,18277,321,248,170,461,216.68,67.58
屏東縣,車城鄉,埔墘村,86,32928,383,301,109,520,365.55,95.47
屏東縣,車城鄉,射寮村,67,23033,344,191,91,484,363.81,105.83
屏東縣,車城鄉,後灣村,68,30797,453,280,156,526,476.18,105.14
屏東縣,滿州鄉,滿州村,262,126078,481,374,172,559,521.96,108.47
屏東縣,滿州鄉,里德村,55,29008,527,314,153,537,1108.13,210.11
屏東縣,滿州鄉,永靖村,195,89139,457,339,141,592,458.48,100.30
屏東縣,滿州鄉,港口村,208,90272,434,297,162,565,444.63,102.45
屏東縣,滿州鄉,响林村,109,48617,446,304,152,525,609.38,136.62
屏東縣,滿州鄉,長樂村,172,68240,397,319,138,505,346.93,87.44
屏東縣,滿州鄉,九棚村,43,18062,420,333,174,517,376.71,89.68
屏東縣,滿州鄉,港仔村,39,18190,466,381,218,715,359.57,77.09
屏東縣,枋山鄉,枋山村,150,74264,495,351,165,640,607.90,122.78
屏東縣,枋山鄉,加祿村,252,116191,461,384,193,610,395.94,85.87
屏東縣,枋山鄉,楓港村,134,65892,492,298,188,507,619.54,125.99
屏東縣,枋山鄉,善餘村,114,46624,409,294,156,522,420.09,102.72
屏東縣,三地門鄉,三地村,330,156144,473,392,204,563,450.55,95.22
屏東縣,三地門鄉,賽嘉村,119,55350,465,394,196,636,398.02,85.57
屏東縣,三地門鄉,口社村,90,45895,510,427,224,672,419.25,82.22
屏東縣,三地門鄉,安坡村,66,27688,420,383,212,564,318.79,75.99
屏東縣,三地門鄉,青山村,123,65671,534,411,258,643,482.71,90.41
屏東縣,三地門鄉,達來村,44,18026,410,393,204,555,276.29,67.44
屏東縣,三地門鄉,青葉村,90,37730,419,402,216,571,257.40,61.40
屏東縣,三地門鄉,德文村,75,26942,359,319,172,483,261.31,72.74
屏東縣,三地門鄉,大社村,93,38804,417,398,250,548,291.57,69.88
屏東縣,三地門鄉,馬兒村,41,17352,423,375,222,640,268.87,63.53
屏東縣,霧臺鄉,霧臺村,262,128458,490,423,214,677,381.62,77.83
屏東縣,霧臺鄉,好茶村,79,32004,405,383,178,504,320.85,79.20
屏東縣,霧臺鄉,阿禮村,55,26636,484,388,237,664,381.32,78.74
屏東縣,霧臺鄉,大武村,71,32460,457,421,204,576,370.14,80.96
屏東縣,霧臺鄉,吉露村,51,22773,447,419,167,582,351.68,78.76
屏東縣,霧臺鄉,佳暮村,57,25202,442,377,170,541,354.53,80.19
屏東縣,瑪家鄉,瑪家村,82,45589,556,460,240,746,491.25,88.36
屏東縣,瑪家鄉,北葉村,183,88225,482,404,202,645,386.59,80.19
屏東縣,瑪家鄉,凉山村,154,68559,445,386,181,565,388.90,87.36
屏東縣,瑪家鄉,排灣村,84,44721,532,457,294,760,344.03,64.62
屏東縣,瑪家鄉,三和村,444,217699,490,426,208,649,393.04,80.16
屏東縣,瑪家鄉,佳義村,167,86012,515,427,216,675,441.71,85.76
屏東縣,泰武鄉,佳平村,168,91652,546,456,242,651,570.30,104.54
屏東縣,泰武鄉,武潭村,202,99549,493,451,201,663,379.42,76.99
屏東縣,泰武鄉,佳興村,72,33884,471,393,157,571,483.84,102.81
屏東縣,泰武鄉,泰武村,97,40944,422,397,164,546,331.42,78.52
屏東縣,泰武鄉,平和村,137,55586,406,357,165,584,314.01,77.39
屏東縣,泰武鄉,萬安村,137,65293,477,412,220,669,358.81,75.29
屏東縣,來義鄉,丹林村,158,81730,517,442,222,668,439.19,84.90
屏東縣,來義鄉,來義村,175,75828,433,388,194,547,343.38,79.25
屏東縣,來義鄉,古樓村,206,89919,436,331,131,589,423.21,96.96
屏東縣,來義鄉,望嘉村,181,84081,465,390,225,672,379.23,81.64
屏東縣,來義鄉,文樂村,160,89459,559,424,196,772,894.78,160.03
屏東縣,來義鄉,義林村,121,57547,476,380,200,662,389.84,81.97
屏東縣,來義鄉,南和村,206,103592,503,427,230,645,500.55,99.54
屏東縣,春日鄉,春日村,136,73966,544,480,265,677,450.70,82.87
屏東縣,春日鄉,古華村,119,65670,552,387,260,586,998.86,181.00
屏東縣,春日鄉,士文村,33,14873,451,409,267,636,308.57,68.46
屏東縣,春日鄉,力里村,76,34540,454,391,203,633,335.26,73.77
屏東縣,春日鄉,七佳村,190,94864,499,441,227,597,413.50,82.82
屏東縣,春日鄉,歸崇村,114,54037,474,404,225,666,358.47,75.63
屏東縣,獅子鄉,楓林村,129,60249,467,373,163,630,421.35,90.22
屏東縣,獅子鄉,丹路村,120,61737,514,410,196,706,420.25,81.69
屏東縣,獅子鄉,草埔村,143,73978,517,382,168,596,568.71,109.93
屏東縣,獅子鄉,內文村,41,17065,416,313,184,623,356.22,85.59
屏東縣,獅子鄉,竹坑村,56,27663,494,468,282,622,362.73,73.43
屏東縣,獅子鄉,獅子村,56,26731,477,409,192,578,383.52,80.35
屏東縣,獅子鄉,內獅村,111,50963,459,375,220,583,382.11,83.23
屏東縣,獅子鄉,南世村,60,29935,499,447,230,662,349.92,70.13
屏東縣,牡丹鄉,石門村,340,178444,525,395,196,732,455.23,86.74
屏東縣,牡丹鄉,牡丹村,124,59121,477,437,239,630,329.00,69.00
屏東縣,牡丹鄉,東源村,78,44093,565,498,328,681,403.94,71.46
屏東縣,牡丹鄉,旭海村,61,31130,510,410,218,610,430.31,84.32
屏東縣,牡丹鄉,高士村,132,60619,459,353,166,536,639.92,139.35
屏東縣,牡丹鄉,四林村,74,29519,399,282,161,535,414.98,104.03
花蓮縣,花蓮市,民意里,489,269430,551,379,171,714,669.69,121.55
花蓮縣,花蓮市,民政里,1274,903728,709,467,222,879,804.87,113.46
花蓮縣,花蓮市,民運里,625,339146,543,380,190,651,600.18,110.61
花蓮縣,花蓮市,民樂里,199,112745,567,376,187,814,544.37,96.08
花蓮縣,花蓮市,民立里,525,483623,921,545,249,1043,1749.22,189.89
花蓮縣,花蓮市,民勤里,1107,899972,813,522,266,1044,889.44,109.40
花蓮縣,花蓮市,民德里,570,410491,720,452,217,947,782.76,108.69
花蓮縣,花蓮市,民權里,118,70238,595,395,163,850,621.65,104.44
花蓮縣,花蓮市,民有里,169,103872,615,373,173,820,676.77,110.11
花蓮縣,花蓮市,民主里,176,90858,516,380,153,657,532.16,103.08
花蓮縣,花蓮市,民治里,1,545,545,545,545,545,0.00,0.00
花蓮縣,花蓮市,民族里,145,84325,582,394,194,757,674.59,116.00
花蓮縣,花蓮市,民生里,368,229301,623,417,218,744,754.73,121.12
花蓮縣,花蓮市,主商里,195,136049,698,437,188,910,800.35,114.71
花蓮縣,花蓮市,主勤里,259,158056,610,375,185,758,717.33,117.55
花蓮縣,花蓮市,主工里,187,127092,680,462,205,876,702.56,103.37
花蓮縣,花蓮市,主睦里,156,93199,597,425,204,762,596.71,99.88
花蓮縣,花蓮市,主義里,126,81440,646,471,179,760,865.86,133.96
花蓮縣,花蓮市,主計里,227,144025,634,417,198,711,762.67,120.21
花蓮縣,花蓮市,主信里,194,116076,598,436,201,748,595.95,99.60
花蓮縣,花蓮市,主和里,830,413491,498,356,151,640,530.43,106.47
花蓮縣,花蓮市,主學里,596,338787,568,414,191,752,625.53,110.04
花蓮縣,花蓮市,主農里,1145,701181,612,414,195,794,802.22,131.00
花蓮縣,花蓮市,主力里,918,529824,577,396,195,766,599.51,103.87
花蓮縣,花蓮市,主權里,1629,964306,592,396,190,771,696.35,117.63
花蓮縣,花蓮市,國治里,270,201372,746,437,203,993,970.78,130.16
花蓮縣,花蓮市,國風里,1094,676876,619,407,196,809,706.06,114.12
花蓮縣,花蓮市,國威里,464,317480,684,445,193,865,796.93,116.47
花蓮縣,花蓮市,國安里,167,116315,696,474,201,920,794.95,114.14
花蓮縣,花蓮市,國華里,757,528578,698,464,216,900,761.28,109.03
花蓮縣,花蓮市,國魂里,584,369733,633,382,186,809,867.22,136.98
花蓮縣,花蓮市,國聯里,955,554031,580,398,177,783,654.75,112.86
花蓮縣,花蓮市,國富里,1666,1055430,634,404,197,805,784.42,123.82
花蓮縣,花蓮市,國慶里,339,308472,910,460,167,1001,1371.02,150.67
花蓮縣,花蓮市,國福里,357,155241,435,362,160,565,407.77,93.77
花蓮縣,花蓮市,國強里,548,366907,670,497,233,915,668.57,99.85
花蓮縣,花蓮市,國防里,258,144526,560,418,196,742,512.99,91.58
花蓮縣,花蓮市,國光里,364,219856,604,392,177,803,654.66,108.39
花蓮縣,花蓮市,民心里,301,206706,687,453,233,867,790.29,115.08
花蓮縣,花蓮市,民享里,1021,739827,725,485,257,931,865.36,119.42
花蓮縣,花蓮市,國裕里,1418,842592,594,413,190,771,654.97,110.23
花蓮縣,花蓮市,國盛里,1119,593967,531,359,161,672,631.38,118.95
花蓮縣,花蓮市,主安里,796,442958,556,382,168,705,673.24,120.98
花蓮縣,花蓮市,國興里,1441,1195612,830,522,241,1054,951.80,114.72
花蓮縣,花蓮市,民孝里,1139,734773,645,468,243,853,621.97,96.41
花蓮縣,光復鄉,大安村,225,129324,575,388,164,784,629.02,109.44
花蓮縣,光復鄉,大全村,157,71818,457,351,156,607,447.43,97.81
花蓮縣,光復鄉,大平村,172,76350,444,333,176,575,426.32,96.04
花蓮縣,光復鄉,大馬村,188,78044,415,329,162,574,348.31,83.91
花蓮縣,光復鄉,大進村,106,61217,578,375,193,907,557.99,96.62
花蓮縣,光復鄉,大同村,234,109841,469,314,169,603,539.94,115.03
花蓮縣,光復鄉,東富村,196,74313,379,313,151,482,326.77,86.19
花蓮縣,光復鄉,西富村,174,87019,500,387,198,594,606.74,121.32
花蓮縣,光復鄉,南富村,162,72643,448,353,191,560,529.98,118.19
花蓮縣,光復鄉,北富村,144,64745,450,364,191,613,385.99,85.85
花蓮縣,光復鄉,大富村,66,34657,525,322,179,666,577.16,109.91
花蓮縣,光復鄉,大豐村,69,31573,458,256,91,621,613.68,134.11
花蓮縣,光復鄉,大興村,83,36595,441,331,167,533,391.84,88.87
花蓮縣,光復鄉,大華村,283,145558,514,381,214,643,561.81,109.23
花蓮縣,玉里鎮,中城里,1512,959665,635,421,213,856,698.09,109.99
花蓮縣,玉里鎮,國武里,358,214357,599,414,181,783,693.14,115.76
花蓮縣,玉里鎮,啟模里,348,193527,556,349,167,582,887.70,159.63
花蓮縣,玉里鎮,泰昌里,239,160347,671,411,235,742,1029.53,153.45
花蓮縣,玉里鎮,源城里,229,104549,457,326,182,560,459.31,100.60
花蓮縣,玉里鎮,長良里,76,30127,396,284,107,485,493.53,124.50
花蓮縣,玉里鎮,樂合里,148,67506,456,317,162,661,438.50,96.14
花蓮縣,玉里鎮,觀音里,233,93468,401,296,147,495,615.36,153.40
花蓮縣,玉里鎮,松浦里,222,82539,372,310,166,478,314.62,84.62
花蓮縣,玉里鎮,春日里,114,46860,411,325,148,527,455.28,110.76
花蓮縣,玉里鎮,德武里,114,53799,472,349,163,498,691.39,146.51
花蓮縣,玉里鎮,三民里,129,66630,517,345,199,549,621.44,120.31
花蓮縣,玉里鎮,大禹里,200,101054,505,351,193,624,537.47,106.37
花蓮縣,玉里鎮,東豐里,70,26633,380,269,102,522,355.50,93.44
花蓮縣,玉里鎮,永昌里,271,135103,499,360,164,674,483.86,97.06
花蓮縣,新城鄉,新城村,357,198776,557,393,159,664,855.93,153.72
花蓮縣,新城鄉,順安村,200,77577,388,328,129,504,362.67,93.50
花蓮縣,新城鄉,康樂村,727,444714,612,451,217,886,582.35,95.20
花蓮縣,新城鄉,北埔村,1147,609876,532,390,192,679,548.80,103.21
花蓮縣,新城鄉,佳林村,270,166213,616,345,155,694,839.49,136.37
花蓮縣,新城鄉,嘉里村,1211,775985,641,490,252,790,653.29,101.95
花蓮縣,新城鄉,嘉新村,216,96808,448,365,159,589,405.65,90.51
花蓮縣,新城鄉,大漢村,644,267737,416,326,162,550,394.28,94.84
花蓮縣,吉安鄉,仁里村,1901,1025493,539,380,182,706,594.46,110.20
花蓮縣,吉安鄉,東昌村,1622,898318,554,401,204,740,550.79,99.45
花蓮縣,吉安鄉,南昌村,1208,671545,556,410,183,754,570.06,102.55
花蓮縣,吉安鄉,北昌村,2461,1542763,627,431,199,822,674.27,107.56
花蓮縣,吉安鄉,宜昌村,1183,622416,526,377,178,672,558.55,106.16
花蓮縣,吉安鄉,太昌村,951,559466,588,388,190,736,703.10,119.51
花蓮縣,吉安鄉,慶豐村,2232,1424855,638,443,212,869,665.05,104.18
花蓮縣,吉安鄉,吉安村,1665,1071525,644,435,214,878,656.78,102.05
花蓮縣,吉安鄉,福興村,840,526141,626,416,191,785,740.89,118.29
花蓮縣,吉安鄉,稻香村,1013,654475,646,411,202,809,869.42,134.57
花蓮縣,吉安鄉,永興村,732,353751,483,364,170,614,471.90,97.65
花蓮縣,吉安鄉,南華村,359,194951,543,372,155,635,721.09,132.79
花蓮縣,吉安鄉,干城村,290,168640,582,421,213,685,668.95,115.03
花蓮縣,吉安鄉,光華村,546,316993,581,405,191,700,689.75,118.80
花蓮縣,吉安鄉,仁和村,1260,627539,498,392,189,673,506.22,101.64
花蓮縣,吉安鄉,仁安村,661,312206,472,358,172,600,453.89,96.10
花蓮縣,吉安鄉,永安村,1341,850000,634,425,198,850,714.94,112.79
花蓮縣,吉安鄉,勝安村,1671,1103170,660,442,214,876,725.89,109.95
花蓮縣,壽豐鄉,池南村,163,65466,402,292,140,517,395.81,98.55
花蓮縣,壽豐鄉,志學村,663,387951,585,394,204,722,645.19,110.26
花蓮縣,壽豐鄉,光榮村,165,85794,520,346,175,565,1438.97,276.74
花蓮縣,壽豐鄉,平和村,306,160494,524,368,199,592,594.25,113.30
花蓮縣,壽豐鄉,壽豐村,369,186019,504,354,193,659,539.81,107.08
花蓮縣,壽豐鄉,共和村,174,148967,856,418,194,808,1385.69,161.85
花蓮縣,壽豐鄉,豐山村,398,190079,478,352,176,603,485.25,101.61
花蓮縣,壽豐鄉,豐裡村,345,147263,427,321,161,528,436.99,102.38
花蓮縣,壽豐鄉,豐坪村,178,106042,596,357,146,716,721.60,121.13
花蓮縣,壽豐鄉,溪口村,195,91031,467,368,198,603,418.61,89.67
花蓮縣,壽豐鄉,月眉村,178,68763,386,305,167,544,308.93,79.97
花蓮縣,壽豐鄉,米棧村,37,14772,399,303,146,595,345.25,86.48
花蓮縣,壽豐鄉,水璉村,92,37022,402,265,102,517,524.34,130.30
花蓮縣,壽豐鄉,鹽寮村,102,67904,666,364,164,581,1290.30,193.82
花蓮縣,壽豐鄉,樹湖村,66,34360,521,368,149,587,616.10,118.34
花蓮縣,鳳林鎮,鳳仁里,290,167659,578,406,203,763,557.97,96.51
花蓮縣,鳳林鎮,鳳義里,131,82915,633,408,162,683,1011.00,159.73
花蓮縣,鳳林鎮,鳳禮里,155,82496,532,382,226,695,497.75,93.52
花蓮縣,鳳林鎮,鳳智里,291,159941,550,427,205,716,534.05,97.17
花蓮縣,鳳林鎮,鳳信里,307,144332,470,371,192,578,460.72,98.00
花蓮縣,鳳林鎮,林榮里,195,104155,534,320,121,598,954.14,178.63
花蓮縣,鳳林鎮,南平里,99,49723,502,371,179,616,602.93,120.04
花蓮縣,鳳林鎮,北林里,115,59544,518,375,222,777,438.18,84.63
花蓮縣,鳳林鎮,大榮里,266,131856,496,361,165,676,530.91,107.10
花蓮縣,鳳林鎮,山興里,86,34803,405,273,97,542,464.67,114.82
花蓮縣,鳳林鎮,長橋里,191,101960,534,434,223,753,437.42,81.94
花蓮縣,鳳林鎮,森榮里,26,11135,428,383,248,471,311.44,72.72
花蓮縣,豐濱鄉,豐濱村,293,116307,397,304,155,534,369.36,93.05
花蓮縣,豐濱鄉,港口村,116,42894,370,293,167,466,320.15,86.58
花蓮縣,豐濱鄉,靜浦村,93,31447,338,262,102,480,292.42,86.48
花蓮縣,豐濱鄉,新社村,100,43486,435,362,167,511,672.44,154.63
花蓮縣,豐濱鄉,磯崎村,69,26567,385,303,186,542,356.62,92.62
花蓮縣,瑞穗鄉,瑞穗村,396,212909,538,384,183,692,581.00,108.06
花蓮縣,瑞穗鄉,瑞良村,103,49891,484,315,179,577,578.84,119.50
花蓮縣,瑞穗鄉,瑞美村,415,209118,504,363,179,687,476.40,94.54
花蓮縣,瑞穗鄉,瑞祥村,181,112739,623,415,209,659,1215.04,195.07
花蓮縣,瑞穗鄉,瑞北村,88,42230,480,333,100,576,593.17,123.60
花蓮縣,瑞穗鄉,奇美村,54,18187,337,286,138,469,276.63,82.14
花蓮縣,瑞穗鄉,富源村,121,52595,435,271,109,529,515.71,118.64
花蓮縣,瑞穗鄉,富興村,80,41749,522,369,195,686,587.25,112.53
花蓮縣,瑞穗鄉,富民村,133,56397,424,337,183,528,427.92,100.91
花蓮縣,瑞穗鄉,舞鶴村,162,61083,377,322,129,488,395.52,104.90
花蓮縣,瑞穗鄉,鶴岡村,112,48666,435,379,248,531,306.99,70.65
花蓮縣,富里鄉,富里村,252,118859,472,330,178,658,476.94,101.12
花蓮縣,富里鄉,永豐村,70,30035,429,315,200,484,423.60,98.72
花蓮縣,富里鄉,富南村,55,27529,501,395,182,609,531.57,106.20
花蓮縣,富里鄉,學田村,104,49043,472,336,205,557,434.21,92.08
花蓮縣,富里鄉,石牌村,177,72532,410,248,125,584,474.24,115.73
花蓮縣,富里鄉,明里村,53,22345,422,320,189,574,416.90,98.89
花蓮縣,富里鄉,羅山村,76,27332,360,254,155,411,365.95,101.76
花蓮縣,富里鄉,竹田村,214,97105,454,323,158,621,457.08,100.73
花蓮縣,富里鄉,新興村,94,43226,460,370,192,563,401.66,87.35
花蓮縣,富里鄉,萬寧村,91,34371,378,300,132,527,341.31,90.36
花蓮縣,富里鄉,豐南村,74,33955,459,350,152,543,570.97,124.43
花蓮縣,富里鄉,東里村,165,82855,502,347,144,589,646.06,128.66
花蓮縣,富里鄉,吳江村,70,29175,417,302,149,522,417.01,100.06
花蓮縣,秀林鄉,和平村,412,175791,427,343,165,566,418.00,97.97
花蓮縣,秀林鄉,崇德村,330,134510,408,340,149,525,414.74,101.75
花蓮縣,秀林鄉,富世村,476,200747,422,355,178,557,347.42,82.38
花蓮縣,秀林鄉,秀林村,452,198900,440,352,172,555,415.18,94.35
花蓮縣,秀林鄉,景美村,393,169198,431,376,192,538,422.40,98.11
花蓮縣,秀林鄉,佳民村,211,86330,409,340,144,534,416.84,101.88
花蓮縣,秀林鄉,銅門村,309,119676,387,294,130,510,348.58,90.00
花蓮縣,秀林鄉,文蘭村,243,120830,497,393,197,601,486.12,97.76
花蓮縣,秀林鄉,水源村,268,115534,431,350,161,575,371.38,86.15
花蓮縣,萬榮鄉,西林村,261,114471,439,345,196,514,413.19,94.21
花蓮縣,萬榮鄉,見晴村,128,50065,391,360,171,481,327.04,83.62
花蓮縣,萬榮鄉,萬榮村,180,82599,459,372,180,583,414.10,90.24
花蓮縣,萬榮鄉,明利村,132,47637,361,270,124,496,399.44,110.68
花蓮縣,萬榮鄉,馬遠村,288,105225,365,301,152,504,287.21,78.61
花蓮縣,萬榮鄉,紅葉村,239,91745,384,307,157,517,344.53,89.75
花蓮縣,卓溪鄉,崙山村,124,54919,443,368,167,578,394.24,89.01
花蓮縣,卓溪鄉,立山村,217,84531,390,354,191,521,283.24,72.71
花蓮縣,卓溪鄉,太平村,177,82092,464,404,198,575,399.41,86.12
花蓮縣,卓溪鄉,卓溪村,154,71758,466,393,209,555,493.36,105.88
花蓮縣,卓溪鄉,卓清村,195,73958,379,360,176,503,272.97,71.97
花蓮縣,卓溪鄉,古風村,183,72168,394,347,183,548,308.70,78.28
臺東縣,臺東市,中山里,223,118500,531,360,173,727,543.66,102.31
臺東縣,臺東市,文化里,200,138405,692,450,214,943,676.01,97.69
臺東縣,臺東市,中正里,270,196651,728,442,215,906,905.03,124.26
臺東縣,臺東市,中華里,419,214430,512,382,168,678,521.45,101.89
臺東縣,臺東市,成功里,186,93763,504,384,186,632,539.76,107.07
臺東縣,臺東市,大同里,185,105210,569,360,176,695,730.30,128.41
臺東縣,臺東市,寶桑里,205,89667,437,314,143,545,505.92,115.67
臺東縣,臺東市,中心里,1008,791678,785,516,224,1005,1005.50,128.02
臺東縣,臺東市,仁愛里,186,90058,484,380,173,629,506.84,104.68
臺東縣,臺東市,新生里,2081,1320461,635,431,213,845,660.02,104.02
臺東縣,臺東市,復興里,96,53813,561,387,143,684,678.67,121.07
臺東縣,臺東市,豐里里,504,289829,575,404,202,707,629.88,109.53
臺東縣,臺東市,豐年里,777,447693,576,446,218,709,564.12,97.91
臺東縣,臺東市,豐原里,247,135074,547,395,207,671,575.03,105.15
臺東縣,臺東市,康樂里,324,157592,486,365,190,593,495.88,101.95
臺東縣,臺東市,光明里,845,602299,713,533,245,970,721.79,101.26
臺東縣,臺東市,鐵花里,113,75244,666,423,181,892,687.75,103.28
臺東縣,臺東市,四維里,131,60433,461,336,156,611,425.15,92.16
臺東縣,臺東市,新興里,249,151530,609,400,181,776,770.58,126.62
臺東縣,臺東市,豐榮里,2559,1604307,627,461,216,851,609.55,97.23
臺東縣,臺東市,永樂里,563,409472,727,481,231,983,742.77,102.13
臺東縣,臺東市,興國里,194,127294,656,427,216,819,704.90,107.43
臺東縣,臺東市,民族里,494,372367,754,524,232,971,817.35,108.43
臺東縣,臺東市,建國里,244,116094,476,306,110,582,622.12,130.75
臺東縣,臺東市,強國里,133,62100,467,326,156,594,453.58,97.14
臺東縣,臺東市,民生里,971,624829,643,425,222,819,726.12,112.84
臺東縣,臺東市,馬蘭里,815,481590,591,413,193,811,601.79,101.84
臺東縣,臺東市,復國里,110,54331,494,356,198,618,470.93,95.35
臺東縣,臺東市,豐樂里,387,207961,537,372,188,711,519.67,96.71
臺東縣,臺東市,東海里,866,545004,629,429,207,805,702.37,111.61
臺東縣,臺東市,民權里,233,179616,771,586,293,969,762.35,98.89
臺東縣,臺東市,卑南里,917,689714,752,558,253,1054,722.89,96.11
臺東縣,臺東市,南王里,704,391283,556,405,198,763,528.30,95.05
臺東縣,臺東市,建和里,281,121948,434,350,172,548,414.45,95.50
臺東縣,臺東市,知本里,281,131831,469,353,166,636,417.61,89.01
臺東縣,臺東市,富岡里,235,108495,462,320,135,545,537.35,116.39
臺東縣,臺東市,建興里,212,108915,514,332,174,594,596.79,116.16
臺東縣,臺東市,南榮里,655,415845,635,461,225,862,631.63,99.49
臺東縣,臺東市,岩灣里,598,380618,636,464,204,882,642.83,101.00
臺東縣,臺東市,新園里,267,114708,430,354,204,549,386.04,89.86
臺東縣,臺東市,豐田里,423,195568,462,373,172,598,475.43,102.83
臺東縣,臺東市,自強里,1334,916909,687,468,213,933,734.98,106.93
臺東縣,臺東市,豐谷里,1359,767895,565,410,209,734,588.30,104.12
臺東縣,臺東市,建農里,346,161913,468,359,189,597,436.20,93.21
臺東縣,臺東市,建業里,248,108378,437,335,156,547,429.95,98.39
臺東縣,臺東市,富豐里,181,91206,504,420,232,695,373.84,74.19
臺東縣,成功鎮,忠仁里,388,189155,488,372,171,632,481.88,98.85
臺東縣,成功鎮,忠智里,409,224880,550,395,179,754,635.81,115.64
臺東縣,成功鎮,三民里,530,269000,508,371,187,609,632.83,124.68
臺東縣,成功鎮,三仙里,186,86375,464,302,161,492,751.65,161.86
臺東縣,成功鎮,忠孝里,127,48273,380,288,133,483,376.19,98.97
臺東縣,成功鎮,博愛里,71,26049,367,316,213,472,247.46,67.45
臺東縣,成功鎮,信義里,269,130454,485,308,152,506,929.59,191.68
臺東縣,成功鎮,和平里,102,41428,406,364,208,551,303.74,74.78
臺東縣,關山鎮,里壠里,379,200079,528,349,176,715,544.39,103.12
臺東縣,關山鎮,中福里,206,122089,593,440,196,724,630.25,106.34
臺東縣,關山鎮,新福里,171,94201,551,389,206,692,527.65,95.78
臺東縣,關山鎮,德高里,306,144628,473,370,228,556,491.65,104.02
臺東縣,關山鎮,豐泉里,285,175106,614,423,198,763,647.81,105.44
臺東縣,關山鎮,月眉里,110,59131,538,401,226,765,456.93,85.00
臺東縣,關山鎮,電光里,91,36431,400,370,181,506,295.48,73.81
臺東縣,卑南鄉,賓朗村,435,197624,454,349,156,613,429.86,94.62
臺東縣,卑南鄉,美農村,139,64767,466,371,181,648,439.86,94.40
臺東縣,卑南鄉,初鹿村,219,105942,484,333,164,618,534.78,110.55
臺東縣,卑南鄉,嘉豐村,58,26595,459,338,161,606,443.90,96.81
臺東縣,卑南鄉,太平村,682,383639,563,395,197,733,697.34,123.97
臺東縣,卑南鄉,利嘉村,245,120267,491,388,186,622,466.57,95.05
臺東縣,卑南鄉,東興村,238,95146,400,342,191,552,284.19,71.09
臺東縣,卑南鄉,溫泉村,174,81812,470,322,164,585,610.72,129.89
臺東縣,卑南鄉,利吉村,63,31164,495,312,150,536,631.59,127.68
臺東縣,卑南鄉,富源村,61,28273,463,377,202,582,382.96,82.62
臺東縣,卑南鄉,明峰村,205,96822,472,358,172,581,523.07,110.75
臺東縣,卑南鄉,泰安村,195,93756,481,340,170,561,590.68,122.85
臺東縣,卑南鄉,富山村,59,21034,357,234,85,498,364.06,102.12
臺東縣,大武鄉,大武村,266,132886,500,375,199,673,453.16,90.71
臺東縣,大武鄉,尚武村,227,111324,490,352,134,587,548.87,111.92
臺東縣,大武鄉,大鳥村,168,70571,420,370,172,555,337.85,80.43
臺東縣,大武鄉,大竹村,128,69126,540,378,163,669,754.67,139.74
臺東縣,大武鄉,南興村,84,36867,439,327,219,562,364.89,83.14
臺東縣,太麻里鄉,泰和村,285,141903,498,365,186,631,501.80,100.78
臺東縣,太麻里鄉,大王村,312,156601,502,396,213,641,468.68,93.38
臺東縣,太麻里鄉,美和村,197,87676,445,312,171,575,442.75,99.48
臺東縣,太麻里鄉,金崙村,266,120209,452,394,227,594,341.01,75.46
臺東縣,太麻里鄉,多良村,115,54214,471,391,253,565,354.36,75.17
臺東縣,太麻里鄉,華源村,67,27083,404,332,134,598,355.37,87.92
臺東縣,太麻里鄉,三和村,80,35745,447,386,191,573,392.87,87.93
臺東縣,太麻里鄉,北里村,82,33677,411,358,200,535,305.05,74.28
臺東縣,太麻里鄉,香蘭村,117,59706,510,372,166,635,491.39,96.29
臺東縣,東河鄉,東河村,155,75412,487,384,173,617,556.58,114.40
臺東縣,東河鄉,泰源村,165,62871,381,297,148,509,351.41,92.23
臺東縣,東河鄉,北源村,159,67434,424,359,164,645,340.27,80.23
臺東縣,東河鄉,隆昌村,75,30000,400,312,175,620,288.63,72.16
臺東縣,東河鄉,興昌村,136,102226,752,343,197,661,1706.47,227.03
臺東縣,東河鄉,都蘭村,346,186086,538,327,173,574,1635.11,304.03
臺東縣,東河鄉,尚德村,33,13194,400,303,105,583,352.56,88.18
臺東縣,長濱鄉,樟原村,83,32363,390,342,132,571,326.42,83.72
臺東縣,長濱鄉,三間村,171,73819,432,312,153,543,442.21,102.44
臺東縣,長濱鄉,長濱村,349,145536,417,306,120,512,563.77,135.19
臺東縣,長濱鄉,忠勇村,66,28877,438,374,135,606,393.61,89.96
臺東縣,長濱鄉,竹湖村,132,52925,401,304,162,573,354.98,88.54
臺東縣,長濱鄉,寧埔村,185,83979,454,357,189,617,388.79,85.65
臺東縣,鹿野鄉,鹿野村,182,98675,542,381,204,721,639.72,117.99
臺東縣,鹿野鄉,永安村,245,124517,508,392,204,597,547.38,107.70
臺東縣,鹿野鄉,瑞源村,156,72681,466,361,200,615,396.77,85.16
臺東縣,鹿野鄉,瑞豐村,141,69277,491,376,186,575,501.52,102.08
臺東縣,鹿野鄉,龍田村,173,100081,579,347,188,655,773.46,133.70
臺東縣,鹿野鄉,瑞隆村,137,76468,558,414,205,757,638.93,114.47
臺東縣,鹿野鄉,瑞和村,100,46368,464,354,193,595,460.04,99.21
臺東縣,池上鄉,福原村,434,254549,587,381,173,780,645.80,110.11
臺東縣,池上鄉,福文村,163,76493,469,326,172,568,483.09,102.94
臺東縣,池上鄉,慶豐村,115,56286,489,376,238,580,436.62,89.21
臺東縣,池上鄉,大坡村,45,19661,437,316,180,567,436.81,99.98
臺東縣,池上鄉,大埔村,149,76653,514,346,142,723,579.95,112.73
臺東縣,池上鄉,新興村,148,80893,547,328,170,630,671.42,122.84
臺東縣,池上鄉,錦園村,51,20980,411,337,156,542,354.46,86.17
臺東縣,池上鄉,萬安村,58,27922,481,328,148,582,476.87,99.05
臺東縣,池上鄉,富興村,50,17197,344,223,91,481,375.00,109.03
臺東縣,池上鄉,振興村,50,21370,427,372,188,555,371.06,86.82
臺東縣,綠島鄉,中寮村,255,178973,702,490,229,981,734.02,104.58
臺東縣,綠島鄉,公館村,256,160641,628,527,207,841,588.44,93.77
臺東縣,綠島鄉,南寮村,397,251042,632,474,225,792,716.81,113.36
臺東縣,延平鄉,桃源村,210,100518,479,374,181,623,412.65,86.21
臺東縣,延平鄉,紅葉村,105,50673,483,407,249,687,412.91,85.56
臺東縣,延平鄉,武陵村,129,53157,412,374,208,526,311.72,75.65
臺東縣,延平鄉,永康村,69,35926,521,403,268,691,426.90,81.99
臺東縣,延平鄉,鸞山村,128,54713,427,370,223,551,320.22,74.92
臺東縣,海端鄉,海端村,227,103583,456,403,210,592,373.40,81.83
臺東縣,海端鄉,崁頂村,128,54750,428,373,194,564,318.61,74.49
臺東縣,海端鄉,加拿村,95,44403,467,415,229,560,319.20,68.29
臺東縣,海端鄉,霧鹿村,39,19858,509,365,233,701,393.33,77.25
臺東縣,海端鄉,利稻村,46,23811,518,416,310,654,367.98,71.09
臺東縣,海端鄉,廣原村,141,66281,470,398,228,615,361.81,76.97
臺東縣,達仁鄉,土坂村,151,81258,538,430,275,642,453.16,84.21
臺東縣,達仁鄉,臺坂村,91,38518,423,391,229,590,285.77,67.51
臺東縣,達仁鄉,新化村,42,18057,430,378,218,514,326.31,75.90
臺東縣,達仁鄉,安朔村,105,49976,476,418,176,675,388.71,81.67
臺東縣,達仁鄉,森永村,72,37855,526,404,257,760,370.22,70.42
臺東縣,達仁鄉,南田村,62,25345,409,322,195,496,385.63,94.34
臺東縣,金峰鄉,嘉蘭村,236,108764,461,404,237,640,333.40,72.34
臺東縣,金峰鄉,歷坵村,32,15146,473,491,220,663,323.94,68.44
臺東縣,金峰鄉,新興村,105,61725,588,465,265,789,531.22,90.37
臺東縣,金峰鄉,賓茂村,59,32526,551,448,250,703,462.24,83.85
臺東縣,金峰鄉,正興村,119,61506,517,436,245,657,383.09,74.12
臺東縣,蘭嶼鄉,紅頭村,273,166906,611,420,200,812,693.59,113.45
臺東縣,蘭嶼鄉,東清村,207,95207,460,367,180,601,399.31,86.82
臺東縣,蘭嶼鄉,朗島村,115,46480,404,305,130,593,358.97,88.82
臺東縣,蘭嶼鄉,椰油村,209,112810,540,427,180,761,461.71,85.54
澎湖縣,馬公市,長安里,182,128939,708,517,246,892,1002.63,141.52
澎湖縣,馬公市,復興里,282,185555,658,559,370,819,488.15,74.19
澎湖縣,馬公市,新復里,0,0,0,0,0,0,0.00,0.00
澎湖縣,馬公市,中央里,142,101848,717,549,225,1037,628.28,87.60
澎湖縣,馬公市,啓明里,296,253189,855,529,245,1096,1053.67,123.18
澎湖縣,馬公市,重慶里,314,212257,676,450,193,872,795.64,117.70
澎湖縣,馬公市,光復里,627,447180,713,523,246,854,823.68,115.49
澎湖縣,馬公市,光明里,438,336828,769,565,306,969,739.06,96.11
澎湖縣,馬公市,重光里,482,358828,744,577,322,1002,633.41,85.08
澎湖縣,馬公市,西衛里,1519,1197014,788,584,271,1104,806.20,102.31
澎湖縣,馬公市,朝陽里,1720,1248391,726,528,269,1009,686.42,94.57
澎湖縣,馬公市,東文里,1091,771220,707,524,253,910,758.15,107.25
澎湖縣,馬公市,西文里,1124,803243,715,538,261,950,682.89,95.56
澎湖縣,馬公市,案山里,789,550272,697,637,394,905,489.79,70.23
澎湖縣,馬公市,光華里,518,354343,684,629,459,824,402.81,58.88
澎湖縣,馬公市,前寮里,337,319809,949,614,350,998,1266.10,133.42
澎湖縣,馬公市,石泉里,875,633678,724,560,277,1020,640.91,88.50
澎湖縣,馬公市,菜園里,120,70722,589,486,241,754,487.81,82.77
澎湖縣,馬公市,東衛里,702,492561,702,567,315,917,617.02,87.94
澎湖縣,馬公市,安宅里,193,133620,692,526,245,892,619.42,89.47
澎湖縣,馬公市,烏崁里,268,153564,573,496,259,746,483.57,84.39
澎湖縣,馬公市,興仁里,393,259723,661,537,308,865,546.80,82.74
澎湖縣,馬公市,鐵線里,181,110814,612,459,203,754,652.41,106.56
澎湖縣,馬公市,山水里,369,236738,642,478,195,821,731.26,113.98
澎湖縣,馬公市,鎖港里,613,374862,612,493,219,785,578.52,94.60
澎湖縣,馬公市,井垵里,91,48422,532,438,235,654,503.36,94.60
澎湖縣,馬公市,嵵裡里,273,154321,565,460,211,745,560.67,99.18
澎湖縣,馬公市,風櫃里,270,133763,495,403,224,652,421.72,85.12
澎湖縣,馬公市,虎井里,215,123804,576,500,305,707,422.56,73.38
澎湖縣,馬公市,桶盤里,61,34624,568,526,271,777,412.99,72.76
澎湖縣,馬公市,中興里,307,244759,797,610,323,1042,766.65,96.16
澎湖縣,馬公市,五德里,210,116771,556,487,391,603,531.15,95.52
澎湖縣,馬公市,光榮里,1323,1030407,779,565,264,1005,970.91,124.66
澎湖縣,馬公市,陽明里,797,627095,787,551,254,1045,887.13,112.75
澎湖縣,湖西鄉,湖西村,314,201306,641,504,225,817,582.16,90.81
澎湖縣,湖西鄉,湖東村,84,50858,605,462,241,786,548.27,90.56
澎湖縣,湖西鄉,南寮村,152,105122,692,460,204,726,1005.47,145.38
澎湖縣,湖西鄉,白坑村,47,19817,422,279,107,577,460.26,109.16
澎湖縣,湖西鄉,青螺村,53,29357,554,409,217,759,517.46,93.42
澎湖縣,湖西鄉,紅羅村,186,115306,620,509,229,744,560.82,90.47
澎湖縣,湖西鄉,西溪村,319,177152,555,507,313,685,393.99,70.95
澎湖縣,湖西鄉,沙港村,179,114923,642,510,286,864,519.32,80.89
澎湖縣,湖西鄉,成功村,275,165171,601,505,268,784,481.62,80.19
澎湖縣,湖西鄉,東石村,21,10923,520,446,184,723,419.06,80.57
澎湖縣,湖西鄉,鼎灣村,176,116218,660,603,259,879,549.57,83.23
澎湖縣,湖西鄉,中西村,50,42742,855,490,298,1190,857.14,100.27
澎湖縣,湖西鄉,潭邊村,73,40198,551,408,246,687,466.04,84.63
澎湖縣,湖西鄉,許家村,119,78922,663,491,236,948,555.82,83.81
澎湖縣,湖西鄉,隘門村,335,218571,652,566,335,840,481.88,73.86
澎湖縣,湖西鄉,林投村,253,140551,556,428,223,664,500.37,90.07
澎湖縣,湖西鄉,尖山村,157,88047,561,420,245,649,544.64,97.12
澎湖縣,湖西鄉,龍門村,445,251481,565,470,251,768,441.26,78.08
澎湖縣,湖西鄉,菓葉村,165,99757,605,525,237,802,547.51,90.56
澎湖縣,湖西鄉,北寮村,89,49937,561,498,282,752,401.80,71.61
澎湖縣,湖西鄉,城北村,104,59028,568,536,229,745,410.52,72.33
澎湖縣,湖西鄉,太武村,16,9285,580,536,174,778,488.67,84.20
澎湖縣,白沙鄉,中屯村,144,97908,680,542,264,1009,575.80,84.69
澎湖縣,白沙鄉,講美村,188,103762,552,432,230,702,546.72,99.06
澎湖縣,白沙鄉,城前村,34,24766,728,484,203,825,850.22,116.72
澎湖縣,白沙鄉,鎮海村,34,19615,577,378,259,631,661.69,114.69
澎湖縣,白沙鄉,港子村,71,37614,530,360,192,720,486.08,91.75
澎湖縣,白沙鄉,小赤村,41,29025,708,377,225,719,1075.32,151.90
澎湖縣,白沙鄉,岐頭村,51,30451,597,516,187,697,526.04,88.10
澎湖縣,白沙鄉,赤崁村,472,292296,619,504,244,900,494.19,79.80
澎湖縣,白沙鄉,瓦硐村,46,28693,624,471,204,963,561.84,90.07
澎湖縣,白沙鄉,後寮村,174,107906,620,502,251,850,549.55,88.62
澎湖縣,白沙鄉,通梁村,177,103959,587,467,172,730,599.66,102.10
澎湖縣,白沙鄉,吉貝村,209,114566,548,460,250,656,506.63,92.42
澎湖縣,白沙鄉,鳥嶼村,190,91523,482,421,219,618,403.90,83.85
澎湖縣,白沙鄉,員貝村,44,31153,708,566,230,1071,629.41,88.90
澎湖縣,白沙鄉,大倉村,48,24095,502,330,171,590,566.11,112.78
澎湖縣,西嶼鄉,合界村,79,55989,709,534,250,971,701.32,98.95
澎湖縣,西嶼鄉,橫礁村,53,29544,557,475,182,787,531.49,95.34
澎湖縣,西嶼鄉,竹灣村,176,101481,577,432,186,746,621.50,107.79
澎湖縣,西嶼鄉,小門村,57,41911,735,507,263,886,918.86,124.97
澎湖縣,西嶼鄉,大池村,112,66952,598,463,199,668,623.86,104.36
澎湖縣,西嶼鄉,二崁村,21,13096,624,312,178,650,941.15,150.92
澎湖縣,西嶼鄉,池東村,183,128149,700,476,253,979,718.38,102.59
澎湖縣,西嶼鄉,池西村,43,25612,596,398,182,710,728.69,122.34
澎湖縣,西嶼鄉,赤馬村,101,54493,540,472,244,694,446.02,82.67
澎湖縣,西嶼鄉,內垵村,246,130718,531,388,195,755,512.36,96.42
澎湖縣,西嶼鄉,外垵村,374,210250,562,464,231,752,501.27,89.17
澎湖縣,望安鄉,東安村,281,192834,686,563,236,1018,553.37,80.64
澎湖縣,望安鄉,西安村,157,86551,551,389,170,767,552.76,100.27
澎湖縣,望安鄉,將軍村,255,155890,611,472,190,838,606.80,99.26
澎湖縣,望安鄉,中社村,86,57072,664,394,196,640,1010.61,152.28
澎湖縣,望安鄉,花嶼村,59,38624,655,581,371,793,454.57,69.44
澎湖縣,望安鄉,水垵村,103,61237,595,466,236,863,466.08,78.39
澎湖縣,望安鄉,東吉村,46,29792,648,456,206,803,655.77,101.25
澎湖縣,望安鄉,東坪村,81,39514,488,383,164,637,478.36,98.06
澎湖縣,望安鄉,西坪村,49,21828,445,310,152,601,439.09,98.57
澎湖縣,七美鄉,東湖村,52,23007,442,361,251,512,400.85,90.60
澎湖縣,七美鄉,西湖村,118,85737,727,505,213,855,1107.50,152.42
澎湖縣,七美鄉,中和村,179,130609,730,530,291,875,948.40,129.98
澎湖縣,七美鄉,平和村,93,57465,618,516,319,952,450.64,72.93
澎湖縣,七美鄉,南港村,280,186157,665,477,215,821,1103.13,165.92
澎湖縣,七美鄉,海豐村,70,39128,559,353,130,812,584.31,104.53
金門縣,金城鎮,東門里,1574,1133722,720,506,243,957,856.65,118.93
金門縣,金城鎮,南門里,1854,1374585,741,556,258,968,749.00,101.02
金門縣,金城鎮,西門里,3605,2948995,818,580,283,1096,856.01,104.64
金門縣,金城鎮,北門里,1387,1048229,756,524,262,995,777.66,102.90
金門縣,金城鎮,賢庵里,1539,1100473,715,540,259,918,697.20,97.50
金門縣,金城鎮,金水里,781,577954,740,559,268,1017,682.12,92.18
金門縣,金城鎮,古城里,1323,945193,714,525,248,940,843.73,118.10
金門縣,金城鎮,珠沙里,952,644191,677,488,234,872,692.41,102.33
金門縣,金寧鄉,古寧村,1044,728598,698,463,236,884,1077.27,154.36
金門縣,金寧鄉,安美村,1595,1027546,644,479,225,823,685.14,106.35
金門縣,金寧鄉,湖埔村,2267,1651790,729,524,247,952,736.77,101.12
金門縣,金寧鄉,榜林村,1815,1309437,721,508,251,923,815.23,113.00
金門縣,金寧鄉,盤山村,1950,1372816,704,510,225,908,726.14,103.14
金門縣,金寧鄉,后盤村,511,339333,664,490,264,841,623.15,93.84
金門縣,金湖鎮,新市里,1453,1243028,855,571,296,1044,975.37,114.01
金門縣,金湖鎮,山外里,1087,762658,702,512,257,926,681.26,97.10
金門縣,金湖鎮,溪湖里,449,292594,652,439,230,800,935.55,143.56
金門縣,金湖鎮,蓮庵里,592,407227,688,510,267,881,630.06,91.59
金門縣,金湖鎮,料羅里,754,531278,705,647,292,945,550.34,78.10
金門縣,金湖鎮,新湖里,2998,2159841,720,545,286,910,726.54,100.85
金門縣,金湖鎮,正義里,907,658926,726,519,259,857,1051.87,144.79
金門縣,金湖鎮,瓊林里,1047,741876,709,515,261,936,734.01,103.59
金門縣,金沙鎮,汶沙里,1702,1195184,702,505,255,899,722.48,102.88
金門縣,金沙鎮,何斗里,649,448712,691,507,261,904,642.82,92.98
金門縣,金沙鎮,浦山里,761,513829,675,496,249,793,722.64,107.03
金門縣,金沙鎮,西園里,501,340254,679,477,249,810,820.94,120.88
金門縣,金沙鎮,官嶼里,689,519192,754,517,263,983,805.57,106.90
金門縣,金沙鎮,光前里,742,525518,708,518,251,944,882.38,124.59
金門縣,金沙鎮,三山里,604,380403,630,474,231,891,583.00,92.57
金門縣,金沙鎮,大洋里,381,255727,671,471,224,825,768.68,114.52
金門縣,烈嶼鄉,林湖村,1107,745387,673,529,271,852,620.82,92.20
金門縣,烈嶼鄉,黃埔村,547,349431,639,484,244,797,791.12,123.84
金門縣,烈嶼鄉,西口村,756,507599,671,481,243,855,691.62,103.01
金門縣,烈嶼鄉,上林村,447,262878,588,442,212,725,585.97,99.64
金門縣,烈嶼鄉,上岐村,921,621717,675,484,236,841,754.37,111.75
金門縣,烏坵鄉,大坵村,88,64611,734,597,310,1020,733.65,99.92
金門縣,烏坵鄉,小坵村,111,80519,725,561,308,1045,622.84,85.86
連江縣,南竿鄉,介壽村,881,724523,822,620,316,1140,733.13,89.15
連江縣,南竿鄉,復興村,342,275342,805,618,308,1006,741.55,92.11
連江縣,南竿鄉,福沃村,293,220532,753,651,302,964,636.75,84.60
連江縣,南竿鄉,清水村,398,317055,797,607,322,1007,739.38,92.81
連江縣,南竿鄉,珠螺村,50,37854,757,608,366,929,628.03,82.96
連江縣,南竿鄉,仁愛村,190,139260,733,557,311,1001,629.36,85.87
連江縣,南竿鄉,津沙村,145,113746,784,601,432,895,643.98,82.09
連江縣,南竿鄉,馬祖村,195,149187,765,544,323,1012,742.25,97.02
連江縣,南竿鄉,四維村,60,54924,915,659,400,1210,900.73,98.40
連江縣,北竿鄉,塘岐村,397,286264,721,522,263,935,662.26,91.84
連江縣,北竿鄉,后沃村,57,45840,804,583,287,1086,717.01,89.16
連江縣,北竿鄉,橋仔村,114,72123,633,545,279,750,589.27,93.14
連江縣,北竿鄉,芹壁村,77,60011,779,618,330,1014,790.06,101.37
連江縣,北竿鄉,坂里村,90,55339,615,462,334,721,511.58,83.20
連江縣,北竿鄉,白沙村,39,24821,636,595,343,829,509.40,80.04
連江縣,莒光鄉,青帆村,177,151032,853,648,349,1073,795.09,93.18
連江縣,莒光鄉,田沃村,69,56452,818,762,347,1096,664.20,81.18
連江縣,莒光鄉,西坵村,22,12778,581,596,302,772,349.84,60.23
連江縣,莒光鄉,大坪村,193,144964,751,543,299,917,746.71,99.41
連江縣,莒光鄉,福正村,77,49392,641,379,239,776,714.20,111.34
連江縣,東引鄉,中柳村,222,168332,758,679,436,999,488.54,64.43
連江縣,東引鄉,樂華村,268,197247,736,671,349,974,550.33,74.77
嘉義市,東區,中庄里,985,686683,697,465,198,864,806.66,115.71
嘉義市,東區,頂庄里,711,507571,714,452,227,973,723.18,101.30
嘉義市,東區,王田里,820,694156,847,510,246,1054,1036.54,122.45
嘉義市,東區,圳頭里,1302,928437,713,488,223,928,802.88,112.59
嘉義市,東區,鹿寮里,255,164821,646,403,167,808,728.51,112.71
嘉義市,東區,盧厝里,558,553456,992,562,270,1249,1243.49,125.37
嘉義市,東區,短竹里,754,632510,839,509,246,1009,1070.82,127.65
嘉義市,東區,長竹里,1006,1071611,1065,592,282,1268,1460.35,137.09
嘉義市,東區,後庄里,1203,786723,654,469,204,856,651.61,99.64
嘉義市,東區,東川里,634,598630,944,565,237,1173,1196.79,126.75
嘉義市,東區,太平里,1482,1242127,838,509,243,1050,980.04,116.93
嘉義市,東區,興南里,439,299601,682,382,199,841,833.81,122.18
嘉義市,東區,豐年里,384,303378,790,463,221,939,1104.19,139.76
嘉義市,東區,新開里,632,434135,687,456,199,923,746.77,108.71
嘉義市,東區,宣信里,333,209941,630,406,204,723,742.58,117.79
嘉義市,東區,芳草里,956,604902,633,415,212,794,716.67,113.26
嘉義市,東區,安寮里,850,562294,662,433,207,898,695.08,105.07
嘉義市,東區,興村里,1195,792500,663,437,203,849,1261.25,190.18
嘉義市,東區,頂寮里,744,475354,639,440,220,839,648.96,101.57
嘉義市,東區,荖藤里,1456,1044300,717,481,239,939,784.35,109.36
嘉義市,東區,後湖里,1137,677528,596,424,192,775,709.50,119.07
嘉義市,東區,過溝里,676,495587,733,452,202,935,880.85,120.15
嘉義市,東區,民族里,401,254996,636,408,180,791,906.89,142.62
嘉義市,東區,朝陽里,521,320037,614,411,177,820,695.93,113.29
嘉義市,東區,華南里,573,351893,614,384,175,791,819.25,133.40
嘉義市,東區,東興里,619,521659,843,470,214,966,1313.20,155.82
嘉義市,東區,中山里,657,583504,888,522,226,1083,1139.37,128.29
嘉義市,東區,中央里,682,532904,781,401,175,916,1129.39,144.54
嘉義市,東區,林森里,733,657408,897,557,266,1169,1042.92,116.28
嘉義市,東區,北門里,645,465534,722,424,206,830,967.33,134.02
嘉義市,東區,蘭潭里,682,499244,732,419,178,893,1066.89,145.74
嘉義市,東區,文雅里,1338,1439352,1076,605,263,1261,1574.23,146.34
嘉義市,東區,安業里,544,346438,637,448,206,845,673.15,105.70
嘉義市,東區,義教里,846,548545,648,423,198,846,813.56,125.47
嘉義市,東區,興安里,775,493771,637,466,228,855,605.05,94.97
嘉義市,東區,興仁里,1080,656206,608,429,221,791,659.91,108.61
嘉義市,東區,新店里,1406,1252157,891,538,239,1056,1654.01,185.72
嘉義市,東區,仁義里,884,623858,706,450,241,858,900.25,127.56
嘉義市,東區,芳安里,638,483576,758,491,215,1026,848.06,111.89
嘉義市,西區,永和里,455,271495,597,361,163,741,772.16,129.41
嘉義市,西區,新富里,466,308844,663,448,196,865,746.04,112.57
嘉義市,西區,文化里,717,577780,806,480,237,932,1049.80,130.28
嘉義市,西區,西榮里,629,407206,647,431,193,836,787.74,121.68
嘉義市,西區,國華里,453,375110,828,513,242,969,1028.48,124.20
嘉義市,西區,番社里,441,344475,781,465,221,931,961.59,123.10
嘉義市,西區,導明里,433,282046,651,416,176,768,793.91,121.88
嘉義市,西區,慶安里,365,197416,541,354,182,669,746.87,138.09
嘉義市,西區,後驛里,484,290247,600,399,199,730,709.92,118.38
嘉義市,西區,福安里,1340,952587,711,479,229,897,816.14,114.81
嘉義市,西區,獅子里,819,492005,601,397,203,800,640.44,106.61
嘉義市,西區,紅瓦里,470,280944,598,400,176,794,636.31,106.45
嘉義市,西區,保福里,1113,749426,673,441,212,869,795.75,118.18
嘉義市,西區,保生里,1305,871199,668,439,219,850,770.96,115.48
嘉義市,西區,北新里,301,183665,610,437,225,865,585.61,95.97
嘉義市,西區,育英里,534,404176,757,492,214,924,919.95,121.54
嘉義市,西區,湖內里,1191,722418,607,406,183,776,711.99,117.38
嘉義市,西區,美源里,1076,733140,681,419,195,842,905.46,132.89
嘉義市,西區,致遠里,509,343849,676,443,207,857,731.61,108.30
嘉義市,西區,翠岱里,398,288930,726,472,246,916,891.34,122.78
嘉義市,西區,自強里,477,356368,747,461,222,989,826.59,110.64
嘉義市,西區,培元里,461,304094,660,429,194,808,830.53,125.91
嘉義市,西區,車店里,1718,1154323,672,438,199,881,757.29,112.71
嘉義市,西區,光路里,1499,1077313,719,470,223,921,805.50,112.08
嘉義市,西區,香湖里,204,126052,618,464,212,797,650.66,105.30
嘉義市,西區,湖邊里,607,362620,597,384,166,747,805.77,134.88
嘉義市,西區,重興里,483,300528,622,410,188,827,671.58,107.93
嘉義市,西區,北榮里,681,452311,664,416,194,822,959.12,144.40
嘉義市,西區,新厝里,1131,757645,670,440,220,887,708.12,105.71
嘉義市,西區,竹圍里,1266,823322,650,423,200,778,851.79,130.98
嘉義市,西區,保安里,1005,640725,638,441,199,853,698.92,109.63
嘉義市,西區,北湖里,809,506994,627,456,224,845,604.56,96.47
嘉義市,西區,下埤里,422,230471,546,401,185,706,579.45,106.10
嘉義市,西區,竹村里,300,184164,614,406,203,793,664.57,108.26
嘉義市,西區,書院里,598,439591,735,449,201,895,904.85,123.09
嘉義市,西區,福全里,1260,824689,655,395,195,777,941.59,143.86
嘉義市,西區,西平里,1004,715744,713,454,210,931,803.33,112.69
嘉義市,西區,磚磘里,1062,699598,659,444,194,879,774.65,117.59
嘉義市,西區,劉厝里,2056,1597797,777,527,231,1035,864.69,111.27
嘉義市,西區,港坪里,1052,743336,707,494,224,975,726.69,102.84
嘉義市,西區,頭港里,530,327027,617,414,205,786,778.38,126.15
嘉義市,西區,大溪里,548,332837,607,401,222,795,684.28,112.66
嘉義市,西區,垂楊里,516,330325,640,396,178,775,834.81,130.40
嘉義市,西區,新西里,500,294628,589,410,202,739,639.93,108.60
嘉義市,西區,福民里,1696,1195504,705,438,196,923,830.08,117.76
新竹市,東區,榮光里,133,147498,1109,638,248,1347,1301.88,117.39
新竹市,東區,成功里,257,213320,830,482,213,987,1018.78,122.74
新竹市,東區,育賢里,357,539232,1510,739,318,1907,2036.35,134.82
新竹市,東區,親仁里,678,1110025,1637,811,330,2063,2286.42,139.65
新竹市,東區,中正里,207,226255,1093,508,226,1223,1486.07,135.96
新竹市,東區,東門里,219,216850,990,464,206,977,1725.66,174.28
新竹市,東區,三民里,1866,1876226,1005,534,234,1162,1465.45,145.75
新竹市,東區,文華里,1774,1787724,1008,537,234,1221,1473.53,146.22
新竹市,東區,公園里,1169,1554419,1330,703,294,1641,1914.03,143.94
新竹市,東區,東園里,2471,3734293,1511,1108,429,2137,1547.16,102.38
新竹市,東區,復中里,1677,1925649,1148,558,249,1330,1900.46,165.51
新竹市,東區,東勢里,916,1719186,1877,1127,354,2317,2751.24,146.59
新竹市,東區,綠水里,2399,3766830,1570,920,339,2141,2145.27,136.63
新竹市,東區,東山里,1231,1337427,1086,598,270,1371,1443.50,132.86
新竹市,東區,水源里,1119,793875,709,425,208,824,943.35,132.97
新竹市,東區,前溪里,988,673274,681,412,212,810,860.10,126.22
新竹市,東區,光復里,1091,1289467,1182,663,274,1602,1402.50,118.66
新竹市,東區,千甲里,676,503732,745,468,226,858,989.40,132.78
新竹市,東區,仙宮里,509,714590,1404,869,377,1969,1678.47,119.56
新竹市,東區,光明里,1227,2320024,1891,1042,367,2476,2442.31,129.17
新竹市,東區,建功里,1391,1650706,1187,680,282,1715,1320.68,111.29
新竹市,東區,金山里,1974,2661669,1348,749,285,1754,1692.82,125.55
新竹市,東區,埔頂里,2376,4179111,1759,1477,538,2471,1595.87,90.73
新竹市,東區,仙水里,1756,2557960,1457,954,352,1982,1637.64,112.42
新竹市,東區,龍山里,4203,8679317,2065,1687,763,2793,1929.40,93.43
新竹市,東區,新莊里,2187,2910555,1331,836,326,1805,1553.17,116.71
新竹市,東區,南門里,238,199789,839,502,187,970,1368.60,163.04
新竹市,東區,關帝里,148,101338,685,402,199,750,962.69,140.60
新竹市,東區,寺前里,218,133091,611,386,189,742,692.09,113.36
新竹市,東區,福德里,519,450887,869,507,217,1066,1104.07,127.09
新竹市,東區,新興里,1062,792151,746,433,204,920,926.34,124.19
新竹市,東區,南市里,274,182766,667,394,163,787,872.44,130.80
新竹市,東區,振興里,1969,1645506,836,489,219,1031,1139.70,136.38
新竹市,東區,竹蓮里,267,196461,736,487,235,888,791.70,107.60
新竹市,東區,南大里,461,343181,744,438,201,972,824.28,110.73
新竹市,東區,頂竹里,1016,794704,782,465,214,924,1032.54,132.01
新竹市,東區,下竹里,161,108195,672,491,199,945,644.50,95.91
新竹市,東區,高峰里,2152,2570461,1194,518,216,1221,3005.73,251.64
新竹市,東區,柴橋里,2097,3204303,1528,671,282,1699,2874.93,188.14
新竹市,東區,光鎮里,1202,916873,763,429,209,963,1098.63,144.03
新竹市,東區,豐功里,1727,3678072,2130,1348,403,3010,2629.09,123.45
新竹市,東區,軍功里,985,1127556,1145,689,299,1566,1324.66,115.72
新竹市,東區,武功里,1445,1731420,1198,746,318,1699,1265.05,105.58
新竹市,東區,立功里,241,150738,625,396,216,778,744.37,119.01
新竹市,東區,關東里,1750,2507188,1433,701,296,1725,2146.39,149.82
新竹市,東區,科園里,2690,5565381,2069,956,379,2417,5062.74,244.71
新竹市,東區,錦華里,702,973687,1387,651,275,1543,2885.74,208.05
新竹市,東區,建華里,889,905384,1018,526,237,1290,1352.75,132.83
新竹市,東區,復興里,1865,2082245,1116,669,285,1480,1368.45,122.57
新竹市,東區,新光里,1235,907928,735,447,209,875,907.07,123.38
新竹市,東區,湖濱里,1348,1526977,1133,532,256,1289,3105.71,274.17
新竹市,東區,明湖里,1926,1776854,923,502,233,1100,1532.82,166.15
新竹市,東區,關新里,1890,5409971,2862,2348,1361,3686,2764.34,96.57
新竹市,北區,光田里,767,642228,837,455,226,981,1723.81,205.87
新竹市,北區,仁德里,251,172203,686,448,196,807,844.39,123.08
新竹市,北區,中央里,143,81109,567,332,136,737,797.84,140.66
新竹市,北區,西門里,212,189311,893,517,300,1275,948.12,106.17
新竹市,北區,興南里,524,531313,1014,549,225,1287,1351.50,133.29
新竹市,北區,潛園里,259,181174,700,444,195,896,836.57,119.59
新竹市,北區,南勢里,1458,1123636,771,460,216,932,1025.82,133.11
新竹市,北區,崇禮里,360,243637,677,412,202,850,819.10,121.03
新竹市,北區,石坊里,187,117896,630,405,216,851,660.25,104.73
新竹市,北區,西雅里,997,712934,715,458,219,873,825.56,115.45
新竹市,北區,曲溪里,1597,1039210,651,406,186,826,767.44,117.94
新竹市,北區,客雅里,624,422609,677,424,199,796,969.46,143.15
新竹市,北區,中興里,302,357423,1184,660,268,1696,1320.20,111.55
新竹市,北區,大同里,328,635437,1937,679,266,1610,10090.72,520.86
新竹市,北區,中山里,314,384922,1226,499,244,1279,2014.16,164.31
新竹市,北區,北門里,337,333452,989,584,232,1207,1160.67,117.30
新竹市,北區,民富里,1645,1363770,829,504,229,1006,1054.77,127.23
新竹市,北區,新民里,579,490637,847,471,237,1013,1102.36,130.09
新竹市,北區,長和里,477,363954,763,474,216,960,1030.86,135.10
新竹市,北區,文雅里,1437,1241503,864,493,233,1040,1084.47,125.52
新竹市,北區,舊社里,2159,1986912,920,487,225,1082,1625.24,176.60
新竹市,北區,湳雅里,1053,1127813,1071,535,212,1259,1562.25,145.86
新竹市,北區,武陵里,1651,1471044,891,487,205,1052,1429.56,160.44
新竹市,北區,士林里,603,485911,806,501,234,995,976.53,121.18
新竹市,北區,福林里,1381,1320793,956,497,214,1092,1354.17,141.59
新竹市,北區,古賢里,253,173352,685,467,231,875,809.27,118.11
新竹市,北區,康樂里,1076,728073,677,455,217,894,738.84,109.19
新竹市,北區,南寮里,1777,1134767,639,434,198,833,720.39,112.81
新竹市,北區,中寮里,1316,971164,738,508,245,899,1105.43,149.79
新竹市,北區,海濱里,1354,882698,652,461,213,821,742.38,113.88
新竹市,北區,港北里,561,346486,618,399,206,790,795.24,128.76
新竹市,北區,舊港里,148,81638,552,374,200,679,643.79,116.71
新竹市,北區,育英里,1288,1141018,886,517,246,1106,1187.75,134.07
新竹市,北區,水田里,1182,1316200,1114,523,216,1195,2315.06,207.90
新竹市,北區,大鵬里,102,85860,842,770,623,1047,394.69,46.89
新竹市,北區,境福里,1701,1370532,806,483,227,960,1008.14,125.12
新竹市,北區,磐石里,1919,1603392,836,525,224,1069,975.54,116.76
新竹市,北區,新雅里,1468,1009850,688,415,186,853,853.29,124.04
新竹市,北區,光華里,1289,1064296,826,491,213,959,1308.43,158.47
新竹市,北區,金華里,1946,1898989,976,550,241,1180,1368.61,140.25
新竹市,北區,金竹里,2234,2131229,954,544,253,1191,1241.41,130.13
新竹市,北區,湳中里,2671,3267040,1223,741,304,1604,1541.34,126.01
新竹市,北區,金雅里,835,695561,833,524,237,1021,1190.33,142.90
新竹市,北區,臺溪里,586,399727,682,437,173,926,781.71,114.60
新竹市,北區,中雅里,1227,1186402,967,633,305,1310,1042.20,107.79
新竹市,香山區,頂埔里,2111,2106304,998,701,308,1358,1148.92,115.15
新竹市,香山區,中埔里,1117,785099,703,460,208,889,813.70,115.77
新竹市,香山區,埔前里,1244,952427,766,488,225,1014,856.19,111.83
新竹市,香山區,牛埔里,1710,1490946,872,533,259,1096,1166.23,133.76
新竹市,香山區,樹下里,759,407064,536,373,174,675,583.00,108.70
新竹市,香山區,浸水里,812,496961,612,407,201,782,718.87,117.46
新竹市,香山區,虎林里,806,533141,661,416,188,825,746.09,112.79
新竹市,香山區,虎山里,1757,936029,533,362,179,688,586.86,110.16
新竹市,香山區,港南里,793,447856,565,418,203,736,610.31,108.07
新竹市,香山區,香村里,1264,1265211,1001,496,233,1111,1561.84,156.03
新竹市,香山區,東香里,1528,2017347,1320,709,278,1609,2802.05,212.24
新竹市,香山區,香山里,1550,1141910,737,479,217,960,825.03,111.99
新竹市,香山區,大庄里,994,639927,644,394,198,788,826.14,128.32
新竹市,香山區,美山里,344,215376,626,387,210,686,1053.66,168.29
新竹市,香山區,朝山里,701,422399,603,416,204,772,654.40,108.60
新竹市,香山區,海山里,787,480464,611,393,188,750,698.19,114.36
新竹市,香山區,鹽水里,426,254011,596,448,234,776,572.72,96.05
新竹市,香山區,南港里,235,140309,597,429,222,685,662.60,110.98
新竹市,香山區,內湖里,1445,1030881,713,416,206,811,1084.16,151.97
新竹市,香山區,中隘里,586,422426,721,408,215,738,1201.89,166.73
新竹市,香山區,南隘里,253,177390,701,408,198,844,817.56,116.60
新竹市,香山區,大湖里,286,177872,622,434,214,748,761.90,122.51
新竹市,香山區,茄苳里,254,157700,621,374,177,683,866.21,139.52
新竹市,香山區,頂福里,1582,1452727,918,602,262,1231,971.92,105.84
