縣市,鄉鎮市區,村里,納稅單位,綜合所得總額,平均數,中位數,第一分位數,第三分位數,標準差,變異係數
台北市,松山區,中崙里,1438,1892464,1316,727,298,1560,3655.30,277.75
台北市,松山區,自強里,3063,3779338,1234,602,250,1421,2806.64,227.47
台北市,松山區,鵬程里,1844,1948080,1056,532,246,1246,1640.97,155.33
台北市,松山區,東榮里,2864,4331587,1512,723,287,1758,3365.64,222.53
台北市,松山區,介壽里,1545,1976673,1279,694,272,1526,1884.48,147.29
台北市,松山區,東勢里,1589,1929426,1214,606,260,1393,2065.42,170.10
台北市,松山區,東光里,2531,2807353,1109,588,237,1307,1967.25,177.36
台北市,松山區,中正里,3475,5295090,1524,847,340,1839,2281.21,149.71
台北市,松山區,復盛里,2178,1934643,888,531,233,1138,1081.49,121.75
台北市,松山區,復勢里,2340,2671131,1142,658,280,1384,1658.97,145.33
台北市,松山區,美仁里,1240,1527398,1232,689,282,1443,1673.23,135.84
台北市,松山區,吉仁里,1426,1670856,1172,627,264,1448,1623.11,138.53
台北市,松山區,精忠里,1572,2332869,1484,767,288,1674,4132.48,278.47
台北市,松山區,東昌里,937,1197450,1278,706,246,1514,2642.22,206.75
台北市,松山區,福成里,928,1279621,1379,683,281,1611,2151.57,156.03
台北市,松山區,中華里,2323,3750250,1614,840,336,1821,2932.58,181.65
台北市,松山區,吉祥里,3075,3228988,1050,587,263,1223,1542.77,146.92
台北市,松山區,新東里,1744,1676121,961,580,250,1232,1261.73,131.28
台北市,松山區,三民里,2438,2717151,1115,625,260,1320,1692.90,151.90
台北市,松山區,復建里,1631,1945889,1193,668,281,1529,1506.26,126.25
台北市,松山區,敦化里,2435,2951166,1212,650,275,1491,1983.46,163.65
台北市,松山區,安平里,2947,2554844,867,507,226,1063,1415.78,163.31
台北市,松山區,富錦里,1810,2023802,1118,580,262,1346,1688.15,150.98
台北市,松山區,莊敬里,1613,1360919,844,543,242,1054,1231.70,145.98
台北市,松山區,新益里,1634,1501434,919,538,231,1181,1196.40,130.20
台北市,松山區,富泰里,1647,1778738,1080,639,260,1371,1721.31,159.38
台北市,松山區,龍田里,3580,4930465,1377,838,354,1834,1634.41,118.67
台北市,松山區,慈祐里,2472,1957992,792,471,207,1006,994.82,125.60
台北市,松山區,復源里,1091,1357951,1245,692,290,1506,2329.02,187.12
台北市,松山區,民福里,2224,2028564,912,519,230,1099,1473.20,161.51
台北市,松山區,松基里,1381,2331520,1688,617,260,1440,9365.76,554.75
台北市,松山區,新聚里,2871,2768902,964,574,248,1158,1386.85,143.80
台北市,松山區,民有里,3362,4877613,1451,651,272,1489,3881.05,267.51
台北市,大安區,建安里,1877,2697986,1437,705,263,1622,2799.37,194.75
台北市,大安區,通安里,1877,1974883,1052,544,243,1224,1704.95,162.04
台北市,大安區,民輝里,2563,4248300,1658,718,289,1824,2966.17,178.95
台北市,大安區,德安里,2042,3134307,1535,735,293,1726,2774.64,180.77
台北市,大安區,敦安里,2310,3811089,1650,821,346,1902,2715.20,164.58
台北市,大安區,光明里,1336,2117651,1585,849,337,1872,3366.57,212.39
台北市,大安區,永康里,1324,1863844,1408,770,317,1642,2464.48,175.07
台北市,大安區,福住里,2309,3711041,1607,827,324,1862,3225.53,200.69
台北市,大安區,仁愛里,2008,4104398,2044,832,321,1925,6347.72,310.55
台北市,大安區,義村里,2077,2255635,1086,582,238,1298,1570.52,144.61
台北市,大安區,臥龍里,749,1083428,1446,743,292,1699,2397.79,165.77
台北市,大安區,通化里,2118,2121892,1002,540,233,1130,1602.47,159.95
台北市,大安區,龍生里,2397,3568870,1489,752,301,1820,2603.23,174.84
台北市,大安區,新龍里,2402,3294670,1372,745,294,1692,2117.67,154.39
台北市,大安區,住安里,1784,2063123,1156,570,247,1264,2286.99,197.76
台北市,大安區,錦泰里,1384,1965457,1420,832,284,1806,1873.72,131.94
台北市,大安區,建倫里,2254,3828469,1699,783,295,1791,6719.09,395.58
台北市,大安區,錦華里,2107,3110893,1476,856,341,1913,2045.31,138.53
台北市,大安區,光武里,2646,3087181,1167,662,261,1377,2633.21,225.69
台北市,大安區,仁慈里,1929,3062097,1587,799,317,1927,2805.20,176.72
台北市,大安區,黎孝里,2645,2314873,875,541,251,1138,1032.49,117.97
台北市,大安區,民炤里,3093,4933518,1595,810,310,1874,2701.01,169.34
台北市,大安區,昌隆里,1237,1767204,1429,703,282,1596,2412.92,168.90
台北市,大安區,黎和里,1600,1600925,1001,551,242,1267,1258.76,125.80
台北市,大安區,龍雲里,1787,2408371,1348,606,256,1479,2406.43,178.56
台北市,大安區,芳和里,1941,1924233,991,542,228,1178,1475.21,148.81
台北市,大安區,龍安里,2365,4188844,1771,825,292,1895,5230.25,295.30
台北市,大安區,義安里,2057,3370000,1638,757,294,1814,3038.63,185.47
台北市,大安區,虎嘯里,1441,1979154,1373,706,280,1618,2279.33,165.96
台北市,大安區,龍淵里,3233,4310987,1333,803,318,1717,1753.42,131.50
台北市,大安區,龍坡里,2051,2943420,1435,818,316,1859,1959.08,136.51
台北市,大安區,龍門里,1573,2614703,1662,872,339,1953,2946.86,177.28
台北市,大安區,敦煌里,2201,3238832,1472,774,299,1756,2245.99,152.63
台北市,大安區,羣賢里,2161,3044409,1409,628,258,1388,5734.13,407.02
台北市,大安區,車層里,2362,3376519,1430,690,268,1589,2811.47,196.67
台北市,大安區,光信里,2690,3825036,1422,658,277,1508,3271.53,230.07
台北市,大安區,和安里,2398,4322136,1802,811,299,1820,6458.32,358.32
台北市,大安區,正聲里,1758,2831071,1610,671,274,1584,5934.09,368.49
台北市,大安區,誠安里,1521,1604259,1055,562,232,1304,1638.56,155.35
台北市,大安區,華聲里,1534,2237224,1458,649,279,1529,9870.31,676.78
台北市,大安區,臨江里,1341,1099976,820,481,231,1017,1098.23,133.89
台北市,大安區,龍陣里,1332,1795573,1348,672,282,1516,2358.99,175.00
台北市,大安區,龍圖里,2570,3546246,1380,696,274,1541,2372.08,171.91
台北市,大安區,古莊里,2722,3425969,1259,685,283,1565,2016.17,160.19
台北市,大安區,錦安里,2146,3534153,1647,843,342,1893,2883.89,175.12
台北市,大安區,大學里,3121,4167825,1335,700,283,1605,2266.77,169.74
台北市,大安區,古風里,1569,2047392,1305,691,291,1576,1895.09,145.23
台北市,大安區,全安里,1625,2588106,1593,738,291,1734,3237.01,203.24
台北市,大安區,黎元里,1778,1292634,727,481,224,978,787.23,108.28
台北市,大安區,法治里,1661,1849923,1114,574,241,1294,1854.19,166.48
台北市,大安區,龍泉里,1806,2505930,1388,700,272,1639,5528.19,398.41
台北市,大安區,羣英里,2547,2742020,1077,593,244,1392,1469.82,136.53
台北市,大安區,學府里,694,711518,1025,569,264,1232,1263.64,123.25
台北市,中正區,南門里,895,1518646,1697,718,264,1528,6831.02,402.58
台北市,中正區,龍興里,1134,1083207,955,567,244,1238,1196.39,125.25
台北市,中正區,愛國里,1096,1152298,1051,643,236,1309,1319.86,125.54
台北市,中正區,龍光里,1151,1365042,1186,711,275,1510,1735.45,146.33
台北市,中正區,河堤里,1694,1691451,998,559,242,1228,1367.87,136.99
台北市,中正區,龍福里,1825,2215074,1214,734,303,1570,1629.54,134.26
台北市,中正區,螢雪里,1510,1282985,850,519,228,1108,1012.34,119.15
台北市,中正區,永昌里,1484,1117104,753,434,200,939,1085.04,144.14
台北市,中正區,文盛里,925,1030594,1114,687,278,1397,1407.57,126.34
台北市,中正區,忠勤里,1741,968471,556,358,170,681,643.29,115.64
台北市,中正區,永功里,2084,1957372,939,537,228,1180,1341.92,142.87
台北市,中正區,螢圃里,1976,2072954,1049,576,244,1244,2063.90,196.74
台北市,中正區,幸市里,1721,2575075,1496,735,307,1753,2599.18,173.71
台北市,中正區,文祥里,2779,4091517,1472,823,330,1868,2027.52,137.71
台北市,中正區,黎明里,1174,1361046,1159,644,263,1356,2323.48,200.42
台北市,中正區,建國里,540,823823,1526,846,318,1709,2431.27,159.37
台北市,中正區,光復里,1400,1459423,1042,599,270,1225,1527.77,146.56
台北市,中正區,東門里,1395,2164343,1552,732,310,1750,4070.47,262.36
台北市,中正區,板溪里,1158,1147826,991,557,239,1262,1421.56,143.42
台北市,中正區,文北里,2098,4039287,1925,798,323,1928,6124.66,318.11
台北市,中正區,梅花里,1227,1606214,1309,666,270,1453,3442.63,262.99
台北市,中正區,廈安里,1443,1535142,1064,640,264,1344,1355.55,127.42
台北市,中正區,網溪里,2066,2152119,1042,629,257,1320,1413.06,135.65
台北市,中正區,林興里,1638,1917928,1171,676,256,1377,2066.74,176.51
台北市,中正區,幸福里,1716,2202508,1284,664,269,1533,2028.70,158.06
台北市,中正區,水源里,1066,1062140,996,577,277,1229,1227.82,123.23
台北市,中正區,富水里,831,913597,1099,699,323,1337,1302.60,118.48
台北市,中正區,頂東里,2227,2268509,1019,603,261,1280,1282.98,125.95
台北市,中正區,新營里,2967,4395908,1482,908,350,1913,1878.22,126.77
台北市,中正區,南福里,3917,5798752,1480,863,328,1884,2391.20,161.52
台北市,中正區,三愛里,3125,4503392,1441,734,274,1703,2428.36,168.51
台北市,萬華區,柳鄉里,1383,818040,591,391,193,746,661.41,111.82
台北市,萬華區,雙園里,1396,1171278,839,492,211,1050,1055.98,125.86
台北市,萬華區,糖廍里,1692,1267846,749,452,219,930,1079.58,144.07
台北市,萬華區,西門里,1196,1025264,857,510,220,1075,1329.88,155.13
台北市,萬華區,仁德里,1741,1667239,958,493,226,1122,1535.10,160.30
台北市,萬華區,新起里,2357,2149793,912,517,224,1117,1310.01,143.63
台北市,萬華區,日善里,1076,785014,730,459,197,902,1590.00,217.94
台北市,萬華區,菜園里,1974,1587740,804,474,217,997,1134.16,141.01
台北市,萬華區,頂碩里,2233,1611685,722,430,198,907,1312.85,181.90
台北市,萬華區,福音里,1316,983479,747,467,222,948,912.11,122.05
台北市,萬華區,華中里,1764,1220590,692,426,193,851,921.93,133.24
台北市,萬華區,青山里,1558,1161909,746,422,208,880,1095.16,146.85
台北市,萬華區,新和里,2674,2089866,782,480,209,985,978.79,125.24
台北市,萬華區,新安里,1705,1023013,600,386,187,754,711.94,118.66
台北市,萬華區,富民里,1438,1014230,705,444,197,873,962.19,136.42
台北市,萬華區,富福里,1473,1235346,839,457,210,972,1317.87,157.14
台北市,萬華區,綠堤里,974,524353,538,362,180,662,679.87,126.29
台北市,萬華區,忠貞里,1257,763739,608,390,188,762,796.12,131.03
台北市,萬華區,日祥里,1741,1232702,708,435,213,869,882.32,124.61
台北市,萬華區,忠德里,1355,947990,700,442,209,865,815.67,116.59
台北市,萬華區,孝德里,966,627491,650,402,187,791,844.39,129.99
台北市,萬華區,保德里,1010,944540,935,456,218,970,2449.16,261.89
台北市,萬華區,全德里,1316,1155816,878,513,230,1053,1236.46,140.78
台北市,萬華區,興德里,1187,751376,633,408,203,794,803.43,126.92
台北市,萬華區,壽德里,1501,1160245,773,477,231,1011,925.45,119.72
台北市,萬華區,凌霄里,1009,643191,637,408,190,839,770.33,120.84
台北市,萬華區,和平里,1849,1140492,617,402,201,783,750.55,121.68
台北市,萬華區,騰雲里,1013,781307,771,461,223,926,1109.61,143.87
台北市,萬華區,榮德里,965,576753,598,404,196,743,808.99,135.36
台北市,萬華區,福星里,1620,1301387,803,452,190,969,1281.76,159.56
台北市,萬華區,和德里,1675,1018996,608,371,175,744,775.74,127.51
台北市,萬華區,萬壽里,1011,926461,916,509,209,1082,1401.29,152.92
台北市,萬華區,銘德里,1403,968914,691,445,200,831,842.67,122.02
台北市,萬華區,華江里,2483,1562217,629,414,198,795,733.47,116.58
台北市,萬華區,錦德里,1599,1013427,634,406,190,817,730.12,115.20
台北市,萬華區,新忠里,1025,801462,782,478,233,1022,903.81,115.59
台北市,大同區,建泰里,1316,1328965,1010,548,245,1137,1667.66,165.14
台北市,大同區,建明里,1170,1046812,895,479,192,990,1870.72,209.09
台北市,大同區,雙連里,2980,2690492,903,512,230,1058,2553.36,282.81
台北市,大同區,建功里,1574,1387338,881,484,213,1057,1285.48,145.84
台北市,大同區,景星里,701,469672,670,404,210,798,849.96,126.86
台北市,大同區,星明里,2010,1847303,919,559,245,1159,1178.50,128.23
台北市,大同區,朝陽里,1551,1413773,912,481,225,1016,1694.39,185.89
台北市,大同區,大有里,1578,1378087,873,493,222,1013,1268.72,145.28
台北市,大同區,斯文里,1506,1187359,788,437,187,904,1208.07,153.23
台北市,大同區,揚雅里,1138,889060,781,423,200,904,1349.70,172.76
台北市,大同區,國順里,729,411576,565,362,176,704,681.95,120.79
台北市,大同區,國慶里,1613,1524328,945,527,245,1145,1445.67,152.98
台北市,大同區,隆和里,1144,955366,835,473,204,1021,1131.43,135.48
台北市,大同區,南芳里,1285,1038163,808,486,211,1027,985.28,121.95
台北市,大同區,鄰江里,2066,1394087,675,424,202,867,802.03,118.86
台北市,大同區,玉泉里,1042,953329,915,498,238,1161,1280.49,139.96
台北市,大同區,光能里,1709,1622069,949,505,239,1092,2838.52,299.06
台北市,大同區,重慶里,2256,2043379,906,523,228,1134,1353.48,149.43
台北市,大同區,至聖里,2699,2205401,817,465,208,988,1255.33,153.63
台北市,大同區,老師里,1825,1275424,699,447,216,836,870.72,124.59
台北市,大同區,蓬萊里,1739,1638907,942,469,200,1090,1697.36,180.10
台北市,大同區,民權里,2160,2081485,964,584,236,1236,1354.05,140.51
台北市,大同區,延平里,1379,1065081,772,475,226,949,941.72,121.93
台北市,大同區,永樂里,1850,1872329,1012,501,229,1083,2450.13,242.09
台北市,大同區,保安里,1379,1166470,846,494,237,1011,1173.45,138.73
台北市,中山區,聚盛里,1425,1103864,775,430,188,908,1242.54,160.40
台北市,中山區,大佳里,296,210641,712,427,205,869,970.74,136.41
台北市,中山區,恆安里,1835,2123466,1157,549,223,1296,2905.66,251.09
台北市,中山區,集英里,2415,2443643,1012,525,232,1202,2205.95,218.01
台北市,中山區,正守里,1234,1224022,992,560,233,1220,1321.91,133.27
台北市,中山區,正義里,1814,1438232,793,463,197,949,1273.71,160.65
台北市,中山區,新生里,1590,1305665,821,487,215,959,1158.18,141.04
台北市,中山區,松江里,2343,2490711,1063,578,234,1283,1695.47,159.49
台北市,中山區,江山里,2824,2943593,1042,562,247,1212,2178.54,209.00
台北市,中山區,中山里,2586,2395788,926,500,219,1065,1524.83,164.59
台北市,中山區,成功里,2554,5161086,2021,929,348,2136,5524.53,273.39
台北市,中山區,下埤里,2789,2595494,931,532,230,1111,1370.44,147.26
台北市,中山區,中原里,1901,2144604,1128,588,259,1244,1963.64,174.06
台北市,中山區,新庄里,1636,1096608,670,418,194,870,797.05,118.91
台北市,中山區,江寧里,2586,2870718,1110,599,252,1343,1629.77,146.81
台北市,中山區,復華里,1793,2321966,1295,628,264,1455,2162.58,166.99
台北市,中山區,興亞里,2165,2412989,1115,574,238,1311,1656.86,148.66
台北市,中山區,朱園里,1885,2564929,1361,648,282,1403,3490.88,256.55
台北市,中山區,中央里,1336,1417015,1061,572,229,1231,1814.72,171.10
台北市,中山區,新福里,1770,1571747,888,490,217,1019,1634.03,184.01
台北市,中山區,中庄里,1769,1496445,846,480,206,1008,1229.56,145.35
台北市,中山區,康樂里,1000,913151,913,527,197,1097,1417.97,155.28
台北市,中山區,行政里,1989,1608066,808,444,194,990,1189.64,147.14
台北市,中山區,聚葉里,1416,1319718,932,519,223,1127,1515.31,162.59
台北市,中山區,正得里,1387,1509931,1089,590,242,1285,1792.07,164.62
台北市,中山區,中吉里,2081,2354838,1132,632,257,1334,1717.97,151.82
台北市,中山區,新喜里,1748,1448372,829,468,220,1053,1209.27,145.94
台北市,中山區,埤頭里,1211,1297044,1071,522,231,1065,3579.19,334.18
台北市,中山區,大直里,3192,3179348,996,573,242,1223,1461.19,146.70
台北市,中山區,劍潭里,1148,1240027,1080,561,272,1259,2008.38,185.93
台北市,中山區,力行里,2430,3570186,1469,639,257,1433,4309.30,293.31
台北市,中山區,朱崙里,1149,1404028,1222,600,275,1317,2168.35,177.45
台北市,中山區,晴光里,1968,2230652,1133,553,250,1207,3858.38,340.41
台北市,中山區,永安里,3490,5783149,1657,821,328,1891,3044.28,183.72
台北市,中山區,圓山里,1460,1191890,816,530,228,1031,998.03,122.25
台北市,中山區,民安里,1699,1680331,989,509,226,1117,1523.29,154.02
台北市,中山區,行孝里,1399,1075990,769,479,214,990,920.81,119.72
台北市,中山區,龍洲里,1832,1887116,1030,568,244,1215,1625.85,157.84
台北市,中山區,行仁里,2611,2010208,770,475,223,979,940.67,122.18
台北市,中山區,朱馥里,2032,1899839,935,511,227,1103,1385.83,148.22
台北市,中山區,金泰里,2895,5908329,2041,894,348,1994,7023.06,344.12
台北市,中山區,北安里,955,907068,950,581,265,1212,1064.76,112.10
台北市,文山區,景美里,1746,1818434,1041,617,281,1301,1434.03,137.69
台北市,文山區,景行里,2586,2602955,1007,613,265,1211,1783.97,177.24
台北市,文山區,景仁里,1989,2270334,1141,668,276,1441,1509.34,132.23
台北市,文山區,萬有里,1964,2043729,1041,627,272,1302,1505.41,144.67
台北市,文山區,景慶里,2141,1842224,860,541,242,1144,994.07,115.53
台北市,文山區,萬隆里,2470,2518741,1020,604,246,1303,1394.86,136.79
台北市,文山區,萬祥里,1577,1379301,875,526,226,1179,1083.98,123.94
台北市,文山區,萬年里,1891,1851889,979,556,249,1236,1407.12,143.68
台北市,文山區,萬盛里,1640,1553582,947,582,256,1252,1086.29,114.67
台北市,文山區,萬和里,1120,1310801,1170,662,275,1372,1816.49,155.21
台北市,文山區,興福里,1818,1682350,925,571,246,1173,1345.01,145.35
台北市,文山區,興得里,2094,1724555,824,494,224,1078,985.95,119.72
台北市,文山區,興豐里,1676,1876673,1120,589,241,1483,1450.10,129.50
台北市,文山區,興旺里,2913,2540255,872,561,263,1138,1013.68,116.24
台北市,文山區,興光里,1238,1371417,1108,585,272,1252,1723.33,155.57
台北市,文山區,興安里,2350,2679081,1140,633,269,1380,1669.23,146.42
台北市,文山區,興昌里,2381,2778052,1167,637,263,1424,1804.80,154.68
台北市,文山區,興泰里,1491,1408264,945,572,230,1228,1178.58,124.78
台北市,文山區,興業里,1868,1759558,942,576,249,1168,1175.61,124.81
台北市,文山區,景東里,2380,2192984,921,573,258,1207,1213.68,131.72
台北市,文山區,景華里,1903,1838358,966,582,250,1245,1245.69,128.95
台北市,文山區,興家里,2562,2062651,805,508,245,1025,1179.16,146.46
台北市,文山區,萬芳里,2667,2486932,932,540,250,1156,1286.76,137.99
台北市,文山區,木柵里,3189,4103112,1287,614,262,1398,3020.84,234.78
台北市,文山區,博嘉里,1937,2202565,1137,551,240,1219,4028.78,354.30
台北市,文山區,樟腳里,1857,2018162,1087,577,258,1240,1753.83,161.38
台北市,文山區,老泉里,199,94418,474,337,165,658,515.62,108.68
台北市,文山區,木新里,2970,2469457,831,494,222,1010,1101.10,132.43
台北市,文山區,指南里,1271,1300105,1023,550,231,1299,1531.95,149.77
台北市,文山區,華興里,3034,3483228,1148,622,262,1366,1736.02,151.21
台北市,文山區,順興里,2375,1980766,834,485,218,1060,1165.37,139.73
台北市,文山區,萬興里,2885,3437884,1192,610,254,1470,1874.51,157.31
台北市,文山區,明興里,2358,2034393,863,545,240,1108,1220.47,141.46
台北市,文山區,明義里,1169,917106,785,401,164,863,1223.35,155.94
台北市,文山區,試院里,2370,2448933,1033,594,265,1261,1583.09,153.21
台北市,文山區,樟新里,1963,2092251,1066,591,253,1300,1578.16,148.07
台北市,文山區,樟林里,2810,2486063,885,547,236,1138,1439.24,162.68
台北市,文山區,忠順里,1545,1855164,1201,632,273,1406,2339.60,194.84
台北市,文山區,萬美里,2417,2631753,1089,508,218,1227,2285.13,209.87
台北市,文山區,興邦里,1750,1667090,953,576,249,1223,1223.22,128.41
台北市,文山區,樟樹里,1548,1284997,830,497,221,1047,1168.28,140.74
台北市,文山區,政大里,2650,4065613,1534,908,343,1976,2353.61,153.41
台北市,文山區,樟文里,1987,1770865,891,560,246,1189,1060.73,119.02
台北市,南港區,南港里,2062,1959312,950,542,232,1153,1719.97,181.01
台北市,南港區,三重里,2956,5143984,1740,816,312,2030,3185.67,183.06
台北市,南港區,新富里,1311,999146,762,449,218,921,1113.88,146.15
台北市,南港區,中研里,3334,3131126,939,532,245,1129,1437.40,153.05
台北市,南港區,鴻福里,1566,1365714,872,532,255,1108,1224.64,140.42
台北市,南港區,東新里,2384,1870577,785,466,230,958,1048.46,133.62
台北市,南港區,西新里,1607,1192711,742,457,210,915,1059.78,142.79
台北市,南港區,新光里,1220,1111831,911,475,231,954,2700.27,296.30
台北市,南港區,百福里,1712,1272698,743,497,236,962,801.86,107.86
台北市,南港區,玉成里,1643,1327826,808,491,232,1034,1222.61,151.28
台北市,南港區,成福里,2499,2208276,884,520,241,1103,1278.36,144.67
台北市,南港區,中南里,1164,734353,631,424,202,790,720.00,114.12
台北市,南港區,舊庄里,2697,1797927,667,432,203,842,791.43,118.72
台北市,南港區,九如里,2026,1544067,762,466,209,968,953.78,125.15
台北市,南港區,東明里,2088,2106016,1009,516,229,1159,2329.99,231.01
台北市,南港區,合成里,2231,2330540,1045,536,238,1116,1970.45,188.63
台北市,南港區,聯成里,1677,1278697,762,485,222,992,859.09,112.67
台北市,南港區,萬福里,1540,1421085,923,523,235,1100,1516.67,164.36
台北市,南港區,仁福里,1778,1558441,877,512,241,1161,1043.31,119.03
台北市,南港區,重陽里,1973,3162351,1603,810,326,1961,2804.04,174.94
台北市,內湖區,紫陽里,3042,3072483,1010,598,270,1263,1383.68,136.99
台北市,內湖區,紫星里,2812,2536879,902,530,238,1109,1263.55,140.06
台北市,內湖區,湖興里,2665,2433285,913,547,248,1164,1109.49,121.51
台北市,內湖區,大湖里,2059,2375550,1154,645,289,1416,1668.77,144.64
台北市,內湖區,紫雲里,1933,1748078,904,530,239,1121,1186.57,131.21
台北市,內湖區,瑞陽里,2688,2810460,1046,590,262,1278,1683.86,161.05
台北市,內湖區,清白里,3258,4654619,1429,720,289,1734,2279.83,159.58
台北市,內湖區,港墘里,2165,2207108,1019,590,270,1257,1383.93,135.75
台北市,內湖區,西湖里,2517,2038734,810,492,224,1011,1264.50,156.11
台北市,內湖區,石潭里,1532,1992090,1300,614,259,1455,2633.67,202.54
台北市,內湖區,葫洲里,2617,3129808,1196,694,291,1543,1600.54,133.83
台北市,內湖區,五分里,3447,2796970,811,521,246,1064,924.32,113.91
台北市,內湖區,內湖里,2464,2603410,1057,551,235,1247,1736.72,164.37
台北市,內湖區,週美里,3242,4466873,1378,618,260,1484,2621.53,190.27
台北市,內湖區,內溝里,1667,1337482,802,482,220,1013,1049.40,130.79
台北市,內湖區,碧山里,2354,2297126,976,561,239,1174,1924.85,197.25
台北市,內湖區,瑞光里,1625,1380760,850,523,251,1091,1040.65,122.47
台北市,內湖區,金龍里,1845,1488755,807,491,220,988,1005.55,124.62
台北市,內湖區,行善里,2411,2076984,861,519,241,1113,1030.75,119.65
台北市,內湖區,湖濱里,3058,3777076,1235,635,268,1445,2899.83,234.78
台北市,內湖區,東湖里,2722,2025943,744,467,225,939,892.07,119.86
台北市,內湖區,樂康里,2789,2196161,787,519,259,1043,866.47,110.04
台北市,內湖區,西安里,2449,2224799,908,551,259,1144,1166.50,128.40
台北市,內湖區,西康里,3511,3983395,1135,589,265,1303,2513.31,221.53
台北市,內湖區,港富里,3292,3448259,1047,574,263,1244,1603.67,153.10
台北市,內湖區,港華里,3248,3439530,1059,583,264,1275,1755.22,165.75
台北市,內湖區,港都里,1966,2090251,1063,607,265,1268,1880.53,176.87
台北市,內湖區,金瑞里,2341,2074148,886,534,246,1079,1233.55,139.23
台北市,內湖區,湖元里,1994,1871213,938,553,245,1121,1295.33,138.03
台北市,內湖區,安湖里,2713,2565114,945,559,271,1189,1444.51,152.78
台北市,內湖區,秀湖里,2394,2939458,1228,634,258,1412,2122.66,172.88
台北市,內湖區,安泰里,1792,1295667,723,467,230,923,822.60,113.77
台北市,內湖區,金湖里,3661,7012386,1915,924,351,2208,4354.37,227.33
台北市,內湖區,康寧里,3022,3331908,1103,652,283,1472,1380.50,125.21
台北市,內湖區,明湖里,1868,1735130,929,598,275,1202,1090.71,117.42
台北市,內湖區,蘆洲里,375,216357,577,394,211,695,655.90,113.68
台北市,內湖區,麗山里,2047,2161661,1056,589,272,1278,1565.96,148.29
台北市,內湖區,寶湖里,3698,7080104,1915,993,383,2357,3054.24,159.53
台北市,內湖區,南湖里,2068,3139600,1518,833,337,1887,3381.09,222.71
台北市,士林區,仁勇里,1254,1040555,830,502,208,1052,1329.64,160.24
台北市,士林區,福林里,998,1449541,1452,568,230,1256,8822.14,607.40
台北市,士林區,福志里,2808,3039444,1082,570,243,1314,2012.35,185.91
台北市,士林區,福德里,1503,1512134,1006,580,240,1243,1800.97,179.01
台北市,士林區,福佳里,2637,2672750,1014,549,227,1205,1409.41,139.06
台北市,士林區,舊佳里,2210,2051965,928,521,236,1113,1392.19,149.94
台北市,士林區,富光里,1695,1084605,640,410,196,815,748.31,116.94
台北市,士林區,後港里,2706,2212125,817,481,232,1045,1005.96,123.05
台北市,士林區,前港里,1490,1316266,883,498,240,1135,1186.89,134.35
台北市,士林區,福中里,2168,1859898,858,516,247,1091,1082.11,126.14
台北市,士林區,葫蘆里,2304,1678064,728,454,207,963,840.50,115.40
台北市,士林區,福順里,1663,1150344,692,426,195,850,953.14,137.79
台北市,士林區,葫東里,1317,978415,743,466,202,902,960.50,129.29
台北市,士林區,社新里,2607,1675622,643,406,200,840,747.53,116.30
台北市,士林區,社子里,1918,1378335,719,429,209,889,920.93,128.15
台北市,士林區,永倫里,2214,1439603,650,429,208,809,781.77,120.23
台北市,士林區,翠山里,949,911073,960,529,225,1230,1309.38,136.39
台北市,士林區,福安里,1278,748088,585,368,187,721,766.50,130.95
台北市,士林區,富洲里,1758,1096150,624,396,209,747,731.43,117.31
台北市,士林區,承德里,1953,1808106,926,532,228,1151,1301.95,140.63
台北市,士林區,蘭雅里,3097,3651524,1179,613,264,1281,3427.84,290.73
台北市,士林區,德行里,1628,1610030,989,550,230,1163,1462.75,147.91
台北市,士林區,忠誠里,1982,2386334,1204,562,245,1236,2545.38,211.41
台北市,士林區,三玉里,2055,2550919,1241,598,278,1333,2385.01,192.13
台北市,士林區,芝山里,2731,3134431,1148,570,238,1257,2130.68,185.64
台北市,士林區,岩山里,1160,1197192,1032,552,235,1227,1923.41,186.37
台北市,士林區,義信里,1090,1160783,1065,554,251,1176,1866.09,175.23
台北市,士林區,永福里,409,1168745,2858,658,262,1535,14853.61,519.80
台北市,士林區,新安里,638,1069262,1676,466,213,1180,13038.67,777.98
台北市,士林區,公館里,382,398129,1042,437,220,986,2238.36,214.77
台北市,士林區,陽明里,974,1365991,1402,516,235,1220,4920.31,350.84
台北市,士林區,菁山里,440,502367,1142,443,212,874,9545.72,836.06
台北市,士林區,平等里,403,454162,1127,445,241,820,9600.65,851.91
台北市,士林區,溪山里,377,268575,712,406,177,776,1543.42,216.65
台北市,士林區,百齡里,2277,1682077,739,479,216,975,844.38,114.30
台北市,士林區,天玉里,3067,4070797,1327,659,279,1550,2224.33,167.58
台北市,士林區,天福里,2216,2329000,1051,604,261,1315,1431.99,136.25
台北市,士林區,天祿里,1898,2092236,1102,627,252,1351,1740.81,157.92
台北市,士林區,天壽里,1847,2651683,1436,727,319,1707,2324.65,161.92
台北市,士林區,東山里,1712,1988151,1161,566,252,1261,2588.39,222.89
台北市,士林區,福華里,1784,1246143,699,441,202,855,1042.18,149.20
台北市,士林區,聖山里,1780,2139362,1202,638,278,1453,1764.71,146.83
台北市,士林區,天和里,2719,3180446,1170,628,268,1404,1763.47,150.76
台北市,士林區,明勝里,1702,1416193,832,471,219,1031,1067.31,128.27
台北市,士林區,社園里,2138,1323050,619,422,211,814,655.23,105.88
台北市,士林區,蘭興里,2258,2428049,1075,594,245,1306,1458.86,135.67
台北市,士林區,天母里,2431,3548503,1460,672,278,1580,3153.98,216.07
台北市,士林區,名山里,2521,2691162,1067,585,251,1340,1460.51,136.82
台北市,士林區,德華里,1951,1618269,829,516,231,1068,1027.89,123.92
台北市,士林區,天山里,2484,2801158,1128,598,235,1360,1755.37,155.66
台北市,士林區,臨溪里,1087,1954555,1798,657,289,1639,4347.13,241.76
台北市,北投區,湖山里,480,464206,967,452,216,980,2518.23,260.39
台北市,北投區,永欣里,3037,5188432,1708,880,324,2088,2325.83,136.14
台北市,北投區,泉源里,672,481998,717,395,190,724,1861.01,259.46
台北市,北投區,一德里,2409,2052897,852,494,220,1036,1229.28,144.25
台北市,北投區,關渡里,3638,3125376,859,482,218,1007,1622.96,188.92
台北市,北投區,桃源里,2048,1605493,784,475,218,1000,1000.78,127.66
台北市,北投區,文化里,1397,1263940,905,565,251,1203,1043.70,115.36
台北市,北投區,永和里,3218,3869070,1202,634,246,1360,2032.52,169.05
台北市,北投區,立農里,2988,2700047,904,550,250,1165,1231.75,136.31
台北市,北投區,清江里,2733,2146162,785,448,201,909,1597.07,203.38
台北市,北投區,八仙里,1851,1696897,917,512,228,1140,1229.50,134.12
台北市,北投區,洲美里,702,443108,631,432,201,809,693.40,109.85
台北市,北投區,中和里,1634,1448167,886,476,191,1055,2054.11,231.77
台北市,北投區,開明里,2212,2024392,915,496,224,1053,1491.20,162.94
台北市,北投區,長安里,2087,1776736,851,470,197,1003,1435.46,168.61
台北市,北投區,大同里,1935,1787808,924,486,230,1076,1472.69,159.39
台北市,北投區,福興里,2298,2184057,950,548,231,1185,1497.70,157.58
台北市,北投區,石牌里,1776,1558842,878,509,243,1066,1146.02,130.57
台北市,北投區,奇岩里,3848,4429841,1151,592,240,1307,1888.21,164.02
台北市,北投區,稻香里,1705,1285121,754,472,214,945,904.91,120.06
台北市,北投區,中央里,2804,2553624,911,504,237,1073,1353.95,148.67
台北市,北投區,溫泉里,2281,1802372,790,444,197,982,1100.24,139.24
台北市,北投區,立賢里,1826,1590935,871,566,241,1132,1099.36,126.18
台北市,北投區,中心里,2227,1886363,847,487,212,1041,1170.35,138.17
台北市,北投區,智仁里,1923,1370690,713,440,217,897,861.05,120.80
台北市,北投區,吉利里,2232,2029927,909,593,251,1221,994.04,109.30
台北市,北投區,尊賢里,1532,1345768,878,548,255,1114,1113.31,126.74
台北市,北投區,東華里,1496,1451743,970,522,227,1188,1631.05,168.08
台北市,北投區,吉慶里,1709,1640860,960,574,252,1248,1227.99,127.90
台北市,北投區,中庸里,1338,942586,704,460,200,928,753.59,106.97
台北市,北投區,秀山里,978,625923,640,421,188,802,770.45,120.38
台北市,北投區,建民里,1525,1593551,1045,594,256,1261,1390.04,133.02
台北市,北投區,榮光里,2317,1958118,845,515,233,1092,1045.27,123.68
台北市,北投區,裕民里,2791,3141199,1125,580,240,1280,1794.97,159.49
台北市,北投區,振華里,2567,2527494,985,586,245,1253,1223.58,124.27
台北市,北投區,榮華里,2702,3623822,1341,669,280,1503,4905.03,365.73
台北市,北投區,豐年里,1403,977273,697,424,204,866,867.61,124.56
台北市,北投區,林泉里,975,704139,722,470,219,947,850.50,117.77
台北市,北投區,永明里,1614,1664418,1031,610,281,1239,1244.30,120.66
台北市,北投區,文林里,1503,1537015,1023,569,257,1186,1889.48,184.77
台北市,北投區,大屯里,359,318595,887,457,237,997,1317.09,148.41
台北市,北投區,湖田里,223,193887,869,406,218,806,2445.81,281.31
台北市,信義區,松友里,2191,2000919,913,570,260,1188,1104.50,120.94
台北市,信義區,六藝里,1192,949454,797,499,224,1030,990.58,124.36
台北市,信義區,中興里,1284,1477162,1150,634,259,1327,1801.16,156.56
台北市,信義區,永吉里,1007,771962,767,449,228,831,1591.47,207.60
台北市,信義區,敦厚里,1891,1901647,1006,576,265,1234,1415.33,140.74
台北市,信義區,大道里,2110,1906645,904,527,246,1118,1237.76,136.98
台北市,信義區,安康里,3819,7481439,1959,816,315,1918,5626.16,287.19
台北市,信義區,嘉興里,1089,937826,861,484,215,1020,1726.89,200.53
台北市,信義區,五全里,1698,1488098,876,498,241,988,1395.57,159.24
台北市,信義區,新仁里,1210,1405763,1162,590,262,1402,2214.90,190.65
台北市,信義區,正和里,1633,1961118,1201,630,267,1374,1911.63,159.18
台北市,信義區,惠安里,2218,1813598,818,506,233,1006,1031.26,126.12
台北市,信義區,三犁里,1881,2877707,1530,623,253,1468,5489.78,358.84
台北市,信義區,六合里,2382,2874903,1207,552,241,1284,3712.56,307.60
台北市,信義區,泰和里,2543,2165603,852,496,230,1038,1409.04,165.46
台北市,信義區,西村里,1628,1546855,950,571,242,1211,1175.45,123.71
台北市,信義區,興隆里,918,1752137,1909,639,266,1483,8122.34,425.55
台北市,信義區,景新里,1801,2579885,1432,650,262,1444,3308.31,230.95
台北市,信義區,景聯里,1685,1540706,914,513,217,1140,1212.68,132.63
台北市,信義區,景勤里,1225,1045188,853,502,236,1098,1038.93,121.77
台北市,信義區,黎順里,1406,1402865,998,556,244,1219,1433.77,143.70
台北市,信義區,黎平里,2478,2176831,878,521,236,1091,1100.44,125.27
台北市,信義區,黎忠里,1585,1270513,802,503,245,980,954.49,119.07
台北市,信義區,松隆里,672,438247,652,408,193,837,977.93,149.95
台北市,信義區,中坡里,1496,1150630,769,472,218,936,1123.70,146.10
台北市,信義區,永春里,1630,1383039,848,522,250,1061,1044.10,123.05
台北市,信義區,富臺里,1520,1663153,1094,613,245,1376,1652.90,151.06
台北市,信義區,長春里,1357,976773,720,433,212,923,914.01,126.98
台北市,信義區,五常里,1238,1152527,931,507,240,1082,1423.25,152.88
台北市,信義區,四維里,1817,1670691,919,536,239,1086,1547.44,168.30
台北市,信義區,雅祥里,1710,1764489,1032,531,240,1127,1891.32,183.29
台北市,信義區,興雅里,2007,1931776,963,558,253,1181,1197.07,124.37
台北市,信義區,廣居里,2706,2968187,1097,607,266,1347,1831.09,166.93
台北市,信義區,中行里,2525,1869935,741,464,227,910,997.90,134.75
台北市,信義區,四育里,1880,1523583,810,505,232,1003,1389.46,171.45
台北市,信義區,國業里,2533,2644228,1044,599,252,1317,1391.69,133.31
台北市,信義區,松光里,1702,1535043,902,540,255,1093,1464.30,162.36
台北市,信義區,大仁里,1251,895730,716,475,216,889,867.00,121.09
台北市,信義區,雙和里,2445,2188932,895,530,238,1111,1303.48,145.60
台北市,信義區,黎安里,440,317088,721,432,213,797,1194.57,165.76
台北市,信義區,三張里,3104,3377225,1088,542,251,1178,2872.58,264.02
台中市,中區,繼光里,416,298011,716,452,207,909,870.35,121.49
台中市,中區,大墩里,597,440952,739,431,183,881,1030.85,139.57
台中市,中區,綠川里,502,327054,652,374,148,770,911.17,139.86
台中市,中區,公園里,442,349870,792,387,170,892,1242.44,156.96
台中市,中區,光復里,571,514353,901,393,161,880,3050.96,338.70
台中市,中區,柳川里,464,273424,589,379,142,739,819.95,139.15
台中市,中區,大誠里,598,443723,742,412,196,822,1246.51,167.99
台中市,中區,中華里,463,312185,674,399,164,817,895.51,132.81
台中市,東區,新庄里,819,583903,713,409,173,853,919.15,128.92
台中市,東區,泉源里,624,452533,725,447,203,997,819.23,112.96
台中市,東區,東門里,2382,1410172,592,382,172,751,680.95,115.02
台中市,東區,東勢里,705,412887,586,394,172,816,630.62,107.68
台中市,東區,合作里,1139,642281,564,394,177,760,627.28,111.24
台中市,東區,振興里,978,613790,628,390,160,796,838.85,133.66
台中市,東區,東橋里,1259,784062,623,376,166,785,798.61,128.24
台中市,東區,旱溪里,731,464723,636,399,177,780,879.08,138.28
台中市,東區,樂成里,657,397253,605,369,187,799,662.88,109.63
台中市,東區,干城里,620,450702,727,462,197,907,880.08,121.07
台中市,東區,東南里,1064,625523,588,369,179,711,734.53,124.94
台中市,東區,十甲里,1604,1034646,645,408,184,808,777.88,120.59
台中市,東區,富臺里,431,236466,549,334,155,628,1189.81,216.86
台中市,東區,富仁里,1196,828904,693,402,188,902,837.27,120.81
台中市,東區,東興里,984,554688,564,365,166,749,658.85,116.88
台中市,東區,東信里,3003,1862213,620,406,183,803,702.40,113.27
台中市,東區,東英里,2422,1681597,694,419,189,887,878.28,126.50
台中市,西區,民生里,644,541816,841,518,225,1094,945.27,112.35
台中市,西區,利民里,492,496334,1009,611,260,1246,1332.36,132.07
台中市,西區,三民里,630,666214,1057,649,290,1417,1224.69,115.81
台中市,西區,東昇里,888,748686,843,554,214,1076,1019.45,120.91
台中市,西區,廣民里,451,322499,715,421,190,823,1239.59,173.35
台中市,西區,平和里,668,547369,819,488,185,1070,1103.56,134.68
台中市,西區,公民里,1775,1512523,852,478,212,1031,1666.72,195.60
台中市,西區,公舘里,1893,1725729,912,445,190,910,6766.44,742.23
台中市,西區,和龍里,613,377354,616,346,142,729,827.68,134.45
台中市,西區,民龍里,1232,1228700,997,550,210,1206,1423.14,142.70
台中市,西區,後龍里,1215,1223245,1007,511,201,1130,1792.86,178.08
台中市,西區,安龍里,1054,1006278,955,505,212,1073,1348.51,141.25
台中市,西區,忠明里,2141,2168849,1013,519,201,1166,1685.86,166.42
台中市,西區,公正里,2398,2003892,836,502,211,1034,1124.30,134.54
台中市,西區,昇平里,2056,1765572,859,511,232,1027,1202.49,140.03
台中市,西區,土庫里,2152,2386539,1109,533,223,1190,2547.86,229.75
台中市,西區,藍興里,1474,1214083,824,470,215,994,1066.11,129.44
台中市,西區,吉龍里,2468,2347174,951,489,210,1088,1496.24,157.33
台中市,西區,忠誠里,2091,1699742,813,462,206,941,1174.99,144.55
台中市,西區,公益里,898,517084,576,382,171,710,683.06,118.62
台中市,西區,中興里,1313,1338301,1019,477,202,1093,1807.47,177.33
台中市,西區,公平里,1803,1651889,916,469,203,1073,1387.71,151.47
台中市,西區,公德里,1588,1365531,860,509,230,1094,1184.78,137.78
台中市,西區,大忠里,1727,1629400,943,579,246,1201,1234.18,130.81
台中市,西區,双龍里,926,786285,849,453,198,959,1318.37,155.26
台中市,南區,城隍里,1217,855335,703,430,186,909,1100.98,156.65
台中市,南區,南門里,1274,943075,740,439,206,962,956.98,129.28
台中市,南區,德義里,1070,829270,775,462,211,964,985.15,127.11
台中市,南區,積善里,817,507143,621,380,181,769,770.90,124.19
台中市,南區,江川里,1035,823156,795,460,181,973,1123.40,141.25
台中市,南區,新榮里,1649,1177697,714,467,210,934,816.58,114.34
台中市,南區,福興里,1261,847038,672,427,187,878,774.65,115.32
台中市,南區,和平里,1535,1107608,722,471,215,925,881.31,122.14
台中市,南區,永興里,2833,2181031,770,494,234,988,935.30,121.49
台中市,南區,樹義里,4438,3257161,734,486,225,970,784.40,106.88
台中市,南區,樹德里,3130,2538504,811,533,235,1063,898.29,110.76
台中市,南區,西川里,1550,1154787,745,479,216,994,860.00,115.43
台中市,南區,國光里,1305,859941,659,427,193,797,851.30,129.19
台中市,南區,福平里,1825,1178581,646,409,188,804,787.17,121.89
台中市,南區,長榮里,921,610537,663,401,173,866,862.58,130.12
台中市,南區,長春里,660,466648,707,422,202,907,896.98,126.86
台中市,南區,福順里,1992,1468725,737,494,210,977,831.06,112.72
台中市,南區,平和里,1192,865136,726,433,209,886,930.86,128.26
台中市,南區,南和里,2520,1898699,753,470,209,999,864.37,114.72
台中市,南區,永和里,1587,1059288,667,455,209,878,763.05,114.32
台中市,南區,工學里,2487,2013327,810,542,233,1091,897.24,110.83
台中市,南區,崇倫里,2008,1480740,737,478,212,977,846.56,114.80
台中市,北區,光大里,582,370853,637,355,161,756,938.45,147.28
台中市,北區,新興里,433,256353,592,354,172,735,779.29,131.63
台中市,北區,錦村里,1060,724088,683,423,195,849,893.03,130.73
台中市,北區,邱厝里,865,890856,1030,502,218,1119,1657.50,160.94
台中市,北區,賴厝里,1413,1177846,834,504,200,1069,1052.98,126.32
台中市,北區,賴村里,1452,1056854,728,444,188,891,981.60,134.86
台中市,北區,淡溝里,1840,1889929,1027,528,226,1119,3087.65,300.61
台中市,北區,中達里,789,520145,659,383,161,749,947.15,143.67
台中市,北區,新北里,591,550503,931,485,221,1141,1454.90,156.19
台中市,北區,樂英里,648,342219,528,334,148,652,681.08,128.97
台中市,北區,錦洲里,1063,664036,625,403,169,778,812.38,130.05
台中市,北區,金龍里,1324,828665,626,399,175,729,936.91,149.70
台中市,北區,文莊里,1003,617985,616,378,172,764,871.56,141.46
台中市,北區,金華里,987,894104,906,518,219,1106,1212.60,133.86
台中市,北區,五常里,402,286678,713,465,210,893,802.90,112.59
台中市,北區,育德里,1248,1256520,1007,452,189,1071,2132.99,211.85
台中市,北區,頂厝里,1443,1228520,851,468,216,970,1197.36,140.64
台中市,北區,建興里,1874,1307438,698,429,194,847,872.61,125.07
台中市,北區,建成里,1691,916710,542,369,179,687,594.73,109.71
台中市,北區,健行里,2233,2134359,956,487,206,1035,3117.00,326.11
台中市,北區,明德里,1961,1489609,760,474,216,953,972.61,128.04
台中市,北區,長青里,2025,1322523,653,419,180,821,777.97,119.12
台中市,北區,賴興里,1380,961971,697,439,194,890,878.34,126.00
台中市,北區,賴明里,1308,880566,673,400,179,845,921.84,136.93
台中市,北區,錦祥里,1424,1015192,713,435,194,902,960.08,134.67
台中市,北區,建德里,1003,556470,555,383,172,717,633.22,114.13
台中市,北區,崇德里,1203,970090,806,465,207,1006,1102.94,136.78
台中市,北區,賴旺里,1292,779635,603,384,179,733,730.13,121.00
台中市,北區,明新里,849,551728,650,397,180,821,999.28,153.77
台中市,北區,立人里,1342,1018677,759,464,189,963,964.67,127.09
台中市,北區,賴福里,1392,1495938,1075,583,238,1340,1393.15,129.64
台中市,北區,梅川里,1160,963125,830,461,196,1005,1147.65,138.22
台中市,北區,錦平里,606,492272,812,475,218,1013,1041.38,128.20
台中市,北區,中正里,392,260990,666,396,160,820,861.90,129.45
台中市,北區,大湖里,512,253786,496,329,149,627,568.59,114.71
台中市,北區,六合里,502,297605,593,349,151,748,732.58,123.57
台中市,西屯區,西安里,1935,1651601,854,521,246,1070,1095.21,128.31
台中市,西屯區,西墩里,2301,2702913,1175,632,268,1507,1554.17,132.31
台中市,西屯區,潮洋里,2219,2533790,1142,643,266,1420,1461.36,127.98
台中市,西屯區,龍潭里,267,249738,935,510,261,1112,1280.20,136.87
台中市,西屯區,惠來里,6339,11584950,1828,845,313,2099,3536.30,193.50
台中市,西屯區,何安里,1848,1480291,801,472,223,983,1146.69,143.15
台中市,西屯區,何厝里,1112,726415,653,408,174,826,801.97,122.77
台中市,西屯區,上石里,1902,1593756,838,540,244,1076,964.31,115.08
台中市,西屯區,大河里,1290,939229,728,418,195,824,1124.75,154.48
台中市,西屯區,大石里,633,396188,626,419,213,802,652.17,104.20
台中市,西屯區,港尾里,1604,1187706,740,436,207,908,1067.84,144.21
台中市,西屯區,廣福里,712,451800,635,412,179,834,834.54,131.52
台中市,西屯區,林厝里,1214,1381325,1138,554,251,1379,1719.51,151.12
台中市,西屯區,永安里,4745,4683479,987,594,267,1213,1389.91,140.82
台中市,西屯區,福安里,1155,1180977,1022,588,261,1327,1279.89,125.17
台中市,西屯區,協和里,1538,1158325,753,446,211,834,1073.91,142.59
台中市,西屯區,鵬程里,741,449926,607,400,188,741,908.96,149.70
台中市,西屯區,逢甲里,1519,1109065,730,462,213,907,1049.15,143.69
台中市,西屯區,大福里,894,593281,664,400,175,826,804.90,121.29
台中市,西屯區,大鵬里,1493,1026859,688,412,201,846,1022.73,148.70
台中市,西屯區,西平里,1652,1301958,788,470,205,1036,1132.36,143.68
台中市,西屯區,何仁里,2168,1524224,703,440,195,903,876.22,124.63
台中市,西屯區,何德里,1350,1039527,770,490,231,981,1211.64,157.35
台中市,西屯區,何源里,2303,1642920,713,425,200,868,897.60,125.82
台中市,西屯區,何南里,1722,1395175,810,474,207,1040,1293.18,159.61
台中市,西屯區,至善里,1684,1499287,890,537,248,1150,1123.74,126.22
台中市,西屯區,上安里,2045,1806223,883,585,254,1140,1007.36,114.05
台中市,西屯區,上德里,1540,1232009,800,480,218,1041,1007.64,125.95
台中市,西屯區,逢福里,1874,1555575,830,494,241,1030,1076.76,129.72
台中市,西屯區,何明里,1266,878641,694,418,205,826,989.36,142.55
台中市,西屯區,何成里,2745,2216913,808,488,215,1009,1110.16,137.46
台中市,西屯區,何福里,1560,1098823,704,428,201,894,837.77,118.94
台中市,西屯區,福和里,1503,1085088,722,409,207,806,1208.84,167.44
台中市,西屯區,福中里,1199,831942,694,431,205,840,902.82,130.11
台中市,西屯區,福恩里,1931,1717381,889,563,242,1118,1106.16,124.37
台中市,西屯區,福聯里,1099,1083459,986,513,223,1121,2400.67,243.51
台中市,西屯區,福瑞里,1048,975130,930,548,247,1098,1307.38,140.51
台中市,西屯區,福林里,3156,3726131,1181,684,281,1493,1498.31,126.91
台中市,西屯區,福雅里,2216,2134699,963,571,255,1175,1331.40,138.21
台中市,南屯區,南屯里,3246,3141099,968,586,247,1250,1316.46,136.04
台中市,南屯區,豐樂里,4619,5433791,1176,620,258,1421,2064.92,175.53
台中市,南屯區,楓樹里,2064,1707568,827,482,231,1049,1010.92,122.19
台中市,南屯區,中和里,1319,748249,567,388,182,708,671.18,118.31
台中市,南屯區,鎮平里,424,266898,629,385,171,768,776.32,123.33
台中市,南屯區,春社里,1990,1338356,673,447,211,887,773.93,115.07
台中市,南屯區,文山里,4470,3372110,754,548,275,970,819.39,108.62
台中市,南屯區,新生里,945,1148003,1215,668,260,1509,2348.06,193.28
台中市,南屯區,永定里,1845,1510706,819,479,202,1038,1053.50,128.66
台中市,南屯區,三厝里,2574,2476832,962,579,249,1209,1340.86,139.35
台中市,南屯區,溝墘里,2194,2242664,1022,580,258,1302,1424.30,139.34
台中市,南屯區,田心里,2358,2372039,1006,570,238,1225,1427.16,141.87
台中市,南屯區,春安里,469,304028,648,494,245,847,603.57,93.11
台中市,南屯區,黎明里,1477,1086524,736,464,202,938,960.30,130.54
台中市,南屯區,大同里,1849,1469824,795,472,203,1026,1037.72,130.54
台中市,南屯區,文心里,1402,1406424,1003,530,220,1170,1779.62,177.40
台中市,南屯區,同心里,1956,1558413,797,486,211,1021,1098.45,137.87
台中市,南屯區,向心里,1815,1964116,1082,559,242,1371,1513.61,139.87
台中市,南屯區,大業里,2576,2358990,916,529,227,1149,1233.21,134.67
台中市,南屯區,惠中里,3115,3997352,1283,658,256,1492,2289.92,178.45
台中市,南屯區,大誠里,1386,1283188,926,552,260,1185,1114.87,120.42
台中市,南屯區,大興里,1670,1466065,878,503,230,1044,1133.58,129.13
台中市,南屯區,寶山里,2013,1393023,692,488,245,927,690.78,99.82
台中市,南屯區,三和里,3356,3887406,1158,698,280,1400,2703.02,233.35
台中市,南屯區,三義里,2466,2477951,1005,646,274,1316,1228.45,122.25
台中市,北屯區,北屯里,1195,924950,774,468,202,892,1359.18,175.60
台中市,北屯區,三光里,2393,1579270,660,416,188,822,920.63,139.50
台中市,北屯區,舊社里,2383,1793467,753,494,225,981,862.05,114.54
台中市,北屯區,水景里,5003,4329751,865,522,226,1042,1332.04,153.92
台中市,北屯區,軍功里,4234,3453935,816,497,234,1022,993.38,121.77
台中市,北屯區,和平里,3983,3194458,802,515,234,1002,969.01,120.82
台中市,北屯區,平田里,1922,1279682,666,420,183,835,843.48,126.69
台中市,北屯區,東山里,592,404895,684,394,192,842,923.13,134.97
台中市,北屯區,大坑里,541,305335,564,362,160,697,639.59,113.32
台中市,北屯區,民德里,247,171729,695,449,209,952,914.35,131.51
台中市,北屯區,廍子里,5670,4751817,838,586,269,1088,931.39,111.14
台中市,北屯區,平和里,1833,1323841,722,436,201,933,871.52,120.67
台中市,北屯區,民政里,224,190293,850,415,188,836,1575.80,185.49
台中市,北屯區,松竹里,3335,3083359,925,555,237,1169,1272.49,137.63
台中市,北屯區,仁美里,3685,3657610,993,596,253,1253,1362.13,137.23
台中市,北屯區,仁和里,2967,2870876,968,542,232,1223,1304.66,134.83
台中市,北屯區,四民里,474,283796,599,417,187,760,659.50,110.15
台中市,北屯區,同榮里,1779,1222387,687,453,208,877,760.67,110.70
台中市,北屯區,陳平里,1524,1004048,659,433,212,835,725.85,110.17
台中市,北屯區,后庄里,3590,2862872,797,477,214,1013,1033.39,129.59
台中市,北屯區,仁愛里,318,168505,530,331,169,668,696.35,131.41
台中市,北屯區,北興里,1022,639561,626,402,174,796,779.69,124.59
台中市,北屯區,東光里,1409,893533,634,417,182,797,843.80,133.06
台中市,北屯區,新平里,1200,709879,592,380,168,705,766.32,129.54
台中市,北屯區,水湳里,2149,1522579,709,408,202,843,1079.15,152.31
台中市,北屯區,平安里,1741,1274350,732,426,189,844,1128.92,154.23
台中市,北屯區,平德里,2262,1686934,746,463,203,929,925.17,124.06
台中市,北屯區,平順里,1114,721542,648,433,185,844,905.09,139.74
台中市,北屯區,大德里,1586,990278,624,420,185,811,748.78,119.92
台中市,北屯區,松安里,1659,1068396,644,427,192,825,708.15,109.96
台中市,北屯區,松茂里,1801,1213973,674,433,193,834,802.24,119.02
台中市,北屯區,平心里,1667,1119790,672,445,191,861,788.38,117.36
台中市,北屯區,平福里,1349,1161163,861,513,221,1119,1123.11,130.48
台中市,北屯區,平昌里,1422,1038377,730,441,205,911,955.76,130.89
台中市,北屯區,平陽里,1718,1315805,766,442,197,875,1187.41,155.04
台中市,北屯區,忠平里,1306,842448,645,427,208,794,796.67,123.50
台中市,北屯區,松勇里,1767,1190804,674,430,199,843,804.27,119.34
台中市,北屯區,松強里,2524,2386632,946,566,247,1200,1260.05,133.26
台中市,北屯區,松和里,2064,1262335,612,404,185,787,704.89,115.25
台中市,北屯區,平興里,2231,1492213,669,430,191,833,813.82,121.67
台中市,北屯區,北京里,983,671853,683,406,192,828,922.27,134.94
台中市,北屯區,三和里,1767,1035111,586,390,173,736,680.91,116.24
台中市,豐原區,豐原里,757,487635,644,388,168,762,883.39,137.14
台中市,豐原區,頂街里,337,238551,708,397,188,856,1035.47,146.28
台中市,豐原區,中山里,323,242551,751,426,154,812,1185.34,157.85
台中市,豐原區,豐榮里,404,304462,754,436,170,885,1143.15,151.69
台中市,豐原區,下街里,225,166841,742,383,178,835,1204.26,162.41
台中市,豐原區,豐西里,561,388774,693,395,194,820,1053.17,151.97
台中市,豐原區,葫蘆里,212,138541,653,399,190,813,950.67,145.47
台中市,豐原區,富春里,246,151745,617,373,176,773,741.05,120.14
台中市,豐原區,東勢里,473,326258,690,401,171,859,973.15,141.09
台中市,豐原區,西勢里,777,578589,745,435,197,894,953.45,128.04
台中市,豐原區,圳寮里,409,247095,604,366,184,836,676.24,111.93
台中市,豐原區,大湳里,889,576137,648,402,184,826,869.53,134.17
台中市,豐原區,東湳里,1203,617358,513,324,148,608,680.92,132.69
台中市,豐原區,西湳里,3031,1828257,603,381,178,720,797.02,132.14
台中市,豐原區,南陽里,3732,2453978,658,408,191,824,932.67,141.84
台中市,豐原區,北陽里,4501,2880411,640,396,190,786,807.56,126.19
台中市,豐原區,東陽里,484,260738,539,316,159,580,1269.86,235.72
台中市,豐原區,田心里,1976,1243212,629,386,171,762,829.79,131.89
台中市,豐原區,鎌村里,1457,777797,534,363,165,688,575.66,107.84
台中市,豐原區,社皮里,3280,1846084,563,367,175,701,707.22,125.65
台中市,豐原區,三村里,2160,1408220,652,405,185,809,818.88,125.60
台中市,豐原區,南村里,1865,1122012,602,360,161,742,742.55,123.43
台中市,豐原區,南田里,1018,529037,520,354,176,629,617.03,118.73
台中市,豐原區,南嵩里,1051,623228,593,357,166,691,863.23,145.57
台中市,豐原區,翁明里,848,516765,609,385,188,725,763.41,125.27
台中市,豐原區,翁子里,1086,607233,559,401,172,730,596.26,106.64
台中市,豐原區,翁社里,646,358570,555,323,153,618,851.46,153.40
台中市,豐原區,朴子里,962,509052,529,353,164,620,664.71,125.62
台中市,豐原區,豐田里,3318,1833815,553,356,164,690,684.51,123.85
台中市,豐原區,豐圳里,1161,748926,645,403,186,770,1172.46,181.76
台中市,豐原區,北湳里,981,588380,600,367,171,763,702.95,117.20
台中市,豐原區,陽明里,913,629771,690,423,195,835,859.71,124.64
台中市,豐原區,民生里,352,229116,651,383,184,760,885.11,135.98
台中市,豐原區,中陽里,1777,1149076,647,402,194,830,784.43,121.31
台中市,豐原區,西安里,1684,1080351,642,411,202,799,781.23,121.77
台中市,豐原區,中興里,933,562351,603,358,161,721,758.64,125.87
台中市,東勢區,北興里,372,203861,548,380,187,655,625.19,114.08
台中市,東勢區,中寧里,235,120597,513,351,135,643,574.74,112.00
台中市,東勢區,東安里,283,145317,513,307,130,688,565.23,110.08
台中市,東勢區,南平里,511,290843,569,384,173,731,613.69,107.82
台中市,東勢區,新盛里,1299,687334,529,381,182,659,543.41,102.70
台中市,東勢區,詒福里,361,188974,523,346,160,588,663.13,126.68
台中市,東勢區,下城里,184,110357,600,386,178,669,908.07,151.40
台中市,東勢區,上城里,225,131805,586,395,179,716,734.72,125.42
台中市,東勢區,慶東里,364,179702,494,328,155,592,587.51,119.00
台中市,東勢區,慶福里,222,98896,445,336,151,591,476.12,106.88
台中市,東勢區,隆興里,270,135004,500,318,156,599,592.48,118.49
台中市,東勢區,福隆里,1008,526926,523,366,178,651,611.23,116.93
台中市,東勢區,中嵙里,381,187367,492,337,175,633,492.20,100.09
台中市,東勢區,上新里,273,128930,472,321,149,588,545.52,115.51
台中市,東勢區,廣興里,403,255114,633,393,194,814,692.90,109.46
台中市,東勢區,粵寧里,572,300951,526,354,174,675,535.40,101.76
台中市,東勢區,下新里,431,221304,513,333,174,649,543.92,105.93
台中市,東勢區,興隆里,272,114526,421,306,162,555,393.90,93.55
台中市,東勢區,茂興里,422,186257,441,288,144,583,498.37,112.91
台中市,東勢區,泰興里,145,75222,519,392,192,643,507.23,97.78
台中市,東勢區,埤頭里,149,76456,513,314,167,614,624.02,121.61
台中市,東勢區,明正里,209,92677,443,317,142,513,486.79,109.78
台中市,東勢區,泰昌里,992,579695,584,375,179,735,620.59,106.20
台中市,東勢區,延平里,631,375892,596,387,159,721,772.53,129.68
台中市,東勢區,東新里,553,308913,559,387,179,766,563.02,100.79
台中市,大甲區,朝陽里,472,310698,658,429,210,829,773.20,117.46
台中市,大甲區,大甲里,371,285752,770,411,200,925,1133.26,147.13
台中市,大甲區,順天里,482,315212,654,404,173,805,886.04,135.49
台中市,大甲區,孔門里,223,191756,860,430,199,873,2094.34,243.56
台中市,大甲區,岷山里,655,389855,595,379,181,679,848.57,142.57
台中市,大甲區,中山里,1402,842078,601,370,177,743,985.63,164.10
台中市,大甲區,南陽里,226,134967,597,342,195,707,737.18,123.44
台中市,大甲區,薰風里,277,193134,697,418,204,860,893.93,128.21
台中市,大甲區,義和里,1049,664797,634,397,193,744,848.40,133.87
台中市,大甲區,武陵里,347,189288,545,347,174,675,738.49,135.38
台中市,大甲區,文曲里,288,141569,492,346,182,602,500.97,101.91
台中市,大甲區,平安里,686,420807,613,358,183,749,805.26,131.27
台中市,大甲區,庄美里,703,438260,623,382,169,717,889.12,142.62
台中市,大甲區,武曲里,602,399109,663,389,192,722,1063.60,160.43
台中市,大甲區,文武里,1775,1199694,676,427,209,830,813.47,120.36
台中市,大甲區,奉化里,659,419281,636,404,179,816,734.15,115.39
台中市,大甲區,德化里,560,288029,514,346,172,641,586.29,113.99
台中市,大甲區,江南里,437,244211,559,347,171,731,749.47,134.11
台中市,大甲區,頂店里,1479,936489,633,405,193,740,888.76,140.36
台中市,大甲區,太白里,365,172868,474,350,170,627,452.06,95.45
台中市,大甲區,孟春里,1142,620545,543,367,191,691,583.72,107.42
台中市,大甲區,幸福里,715,386037,540,356,169,636,755.32,139.90
台中市,大甲區,日南里,1878,974819,519,366,197,605,1193.30,229.89
台中市,大甲區,龍泉里,415,205593,495,319,162,611,721.79,145.70
台中市,大甲區,銅安里,407,205458,505,351,178,624,536.95,106.37
台中市,大甲區,西岐里,500,251199,502,346,174,630,582.06,115.86
台中市,大甲區,福德里,307,140735,458,319,168,545,593.14,129.39
台中市,大甲區,建興里,351,168914,481,346,177,620,492.87,102.42
台中市,大甲區,新美里,1060,639133,603,379,179,746,738.05,122.41
台中市,清水區,鰲峰里,333,187895,564,367,160,704,703.84,124.74
台中市,清水區,靈泉里,333,231097,694,431,199,904,970.44,139.84
台中市,清水區,清水里,738,482466,654,424,191,883,690.74,105.66
台中市,清水區,南寧里,577,385587,668,433,190,843,810.80,121.33
台中市,清水區,西寧里,484,244718,506,348,169,628,706.08,139.65
台中市,清水區,北寧里,194,106060,547,361,200,685,573.70,104.94
台中市,清水區,中興里,110,63376,576,414,202,783,533.51,92.60
台中市,清水區,西社里,727,477785,657,414,207,824,763.62,116.19
台中市,清水區,南社里,3495,2276112,651,439,205,840,734.28,112.75
台中市,清水區,裕嘉里,479,242276,506,331,171,643,622.90,123.15
台中市,清水區,臨江里,413,211622,512,352,181,660,542.90,105.95
台中市,清水區,秀水里,1459,827398,567,377,189,710,643.77,113.52
台中市,清水區,武鹿里,1059,625533,591,405,205,750,704.32,119.24
台中市,清水區,海濱里,561,269989,481,346,186,587,496.10,103.08
台中市,清水區,槺榔里,2356,1427851,606,448,216,797,656.08,108.26
台中市,清水區,中社里,921,571954,621,487,231,800,721.23,116.14
台中市,清水區,高西里,316,148331,469,289,129,613,567.86,120.97
台中市,清水區,高南里,350,179901,514,353,183,629,551.15,107.23
台中市,清水區,高東里,282,155170,550,344,183,621,1153.65,209.66
台中市,清水區,高北里,308,142666,463,320,166,566,484.64,104.63
台中市,清水區,高美里,321,164430,512,348,156,660,620.03,121.04
台中市,清水區,國姓里,583,288574,495,333,180,579,577.23,116.62
台中市,清水區,菁埔里,675,318631,472,324,158,577,533.11,112.94
台中市,清水區,頂湳里,465,240797,518,340,153,656,698.73,134.93
台中市,清水區,田寮里,725,342764,473,319,162,636,494.21,104.53
台中市,清水區,橋頭里,2538,1517482,598,405,195,753,685.53,114.66
台中市,清水區,下湳里,865,519972,601,343,168,669,864.65,143.84
台中市,清水區,東山里,335,142694,426,287,153,533,455.85,107.02
台中市,清水區,楊厝里,301,131636,437,349,173,520,422.88,96.70
台中市,清水區,海風里,379,196556,519,354,172,635,604.62,116.58
台中市,清水區,吳厝里,392,170258,434,347,182,548,391.04,90.03
台中市,清水區,文昌里,239,182524,764,420,187,807,1318.98,172.71
台中市,沙鹿區,居仁里,443,391684,884,444,202,942,1516.68,171.54
台中市,沙鹿區,洛泉里,658,557125,847,455,218,849,1507.25,178.02
台中市,沙鹿區,沙鹿里,331,310730,939,517,230,1121,1293.51,137.79
台中市,沙鹿區,美仁里,125,81337,651,408,169,837,903.35,138.83
台中市,沙鹿區,興仁里,789,484094,614,367,195,703,832.87,135.74
台中市,沙鹿區,斗抵里,1428,898566,629,400,193,825,725.81,115.35
台中市,沙鹿區,鹿峰里,1769,1187516,671,437,210,858,854.76,127.33
台中市,沙鹿區,鹿寮里,2268,1537241,678,435,206,840,835.87,123.32
台中市,沙鹿區,竹林里,2454,1613995,658,430,204,830,771.90,117.36
台中市,沙鹿區,犂分里,341,174154,511,362,175,705,471.60,92.34
台中市,沙鹿區,福興里,1267,837442,661,437,209,852,806.25,121.98
台中市,沙鹿區,北勢里,1533,1093147,713,440,221,861,1094.38,153.47
台中市,沙鹿區,晉江里,542,359614,663,391,181,781,970.59,146.28
台中市,沙鹿區,六路里,1968,1429611,726,460,208,917,891.83,122.77
台中市,沙鹿區,南勢里,1114,753989,677,446,206,851,863.26,127.54
台中市,沙鹿區,埔子里,2066,1696803,821,551,250,1116,861.36,104.88
台中市,沙鹿區,公明里,1356,811525,598,443,208,781,606.52,101.34
台中市,沙鹿區,西勢里,544,244108,449,334,175,541,470.19,104.78
台中市,沙鹿區,清泉里,766,417606,545,415,202,731,515.22,94.50
台中市,沙鹿區,興安里,1164,854752,734,433,211,826,1560.04,212.45
台中市,沙鹿區,三鹿里,2699,1885698,699,511,258,911,767.62,109.87
台中市,梧棲區,頂寮里,1267,771262,609,459,223,807,708.66,116.42
台中市,梧棲區,下寮里,648,365074,563,395,203,706,614.82,109.13
台中市,梧棲區,中正里,1293,800694,619,393,182,733,911.78,147.24
台中市,梧棲區,中和里,148,103245,698,461,225,800,814.08,116.70
台中市,梧棲區,文化里,365,243817,668,427,163,797,910.08,136.24
台中市,梧棲區,安仁里,218,127821,586,354,181,697,926.82,158.07
台中市,梧棲區,草湳里,2027,1167131,576,409,199,712,650.28,112.94
台中市,梧棲區,南簡里,1797,1101166,613,441,204,809,632.32,103.19
台中市,梧棲區,福德里,1662,1029616,620,421,200,802,724.20,116.90
台中市,梧棲區,大庄里,2584,1546120,598,414,188,755,705.02,117.83
台中市,梧棲區,大村里,1935,1216199,629,408,199,797,786.64,125.16
台中市,梧棲區,永寧里,735,399927,544,379,183,642,656.95,120.74
台中市,梧棲區,永安里,786,431615,549,356,162,713,762.70,138.89
台中市,梧棲區,興農里,721,402124,558,378,186,700,636.84,114.18
台中市,神岡區,神岡里,954,491107,515,362,173,656,534.61,103.85
台中市,神岡區,庄前里,755,455540,603,399,185,746,678.96,112.53
台中市,神岡區,庄後里,700,344670,492,327,168,616,530.10,107.66
台中市,神岡區,北庄里,875,472919,540,343,171,652,723.26,133.82
台中市,神岡區,圳前里,625,386827,619,354,161,685,1355.93,219.08
台中市,神岡區,圳堵里,561,271977,485,349,174,596,507.39,104.66
台中市,神岡區,新庄里,1115,545735,489,347,182,606,520.86,106.42
台中市,神岡區,山皮里,283,139652,493,312,149,581,652.42,132.21
台中市,神岡區,社口里,2535,1371614,541,371,180,677,629.84,116.41
台中市,神岡區,社南里,1812,976479,539,355,175,658,634.25,117.69
台中市,神岡區,三角里,821,479549,584,359,166,654,875.36,149.86
台中市,神岡區,大社里,1437,777345,541,357,167,681,692.11,127.94
台中市,神岡區,岸裡里,1002,572201,571,344,179,635,1465.08,256.55
台中市,神岡區,豐洲里,2394,1296797,542,335,164,652,664.38,122.65
台中市,神岡區,神洲里,851,420724,494,304,146,605,591.70,119.68
台中市,神岡區,溪洲里,829,368124,444,302,149,558,550.00,123.86
台中市,后里區,廣福里,488,217102,445,337,146,583,465.80,104.70
台中市,后里區,仁里里,224,109844,490,371,194,607,486.76,99.26
台中市,后里區,義里里,909,540083,594,402,196,760,639.09,107.56
台中市,后里區,后里里,1131,662303,586,396,197,749,624.48,106.64
台中市,后里區,厚里里,646,355104,550,386,178,724,624.32,113.58
台中市,后里區,墩東里,1481,904304,611,408,213,755,703.33,115.19
台中市,后里區,墩西里,527,312186,592,432,191,799,667.76,112.72
台中市,后里區,墩南里,1075,599380,558,360,177,700,646.47,115.95
台中市,后里區,墩北里,1127,669218,594,392,179,701,763.35,128.55
台中市,后里區,中和里,741,408165,551,360,184,651,655.65,119.03
台中市,后里區,舊社里,621,304107,490,324,144,624,619.86,126.58
台中市,后里區,聯合里,366,200857,549,378,203,685,635.11,115.73
台中市,后里區,太平里,581,295601,509,383,182,635,537.50,105.65
台中市,后里區,眉山里,937,547397,584,406,179,748,615.94,105.43
台中市,后里區,月眉里,532,282615,531,388,176,652,583.58,109.85
台中市,后里區,公館里,574,283936,495,336,168,594,575.83,116.41
台中市,后里區,泰安里,365,183154,502,357,175,631,550.43,109.69
台中市,后里區,義德里,773,409914,530,366,185,670,571.25,107.72
台中市,大雅區,大雅里,1439,914035,635,396,178,785,783.89,123.41
台中市,大雅區,員林里,3111,1945478,625,411,189,772,746.91,119.44
台中市,大雅區,六寶里,1763,1037375,588,358,180,662,3122.52,530.67
台中市,大雅區,秀山里,1033,597719,579,394,192,706,832.42,143.86
台中市,大雅區,橫山里,1451,962090,663,430,203,807,870.95,131.35
台中市,大雅區,三和里,1827,1141481,625,400,195,795,720.91,115.39
台中市,大雅區,西寶里,1570,952647,607,389,188,730,729.98,120.30
台中市,大雅區,上楓里,2141,1196059,559,375,184,680,653.47,116.97
台中市,大雅區,忠義里,852,419540,492,370,173,650,510.84,103.74
台中市,大雅區,四德里,1671,1154284,691,441,195,809,1820.47,263.54
台中市,大雅區,上雅里,2071,1513806,731,459,210,925,933.76,127.75
台中市,大雅區,二和里,2062,1385120,672,408,197,804,900.30,134.03
台中市,大雅區,文雅里,2008,1230733,613,406,199,768,725.15,118.31
台中市,大雅區,大楓里,1670,860229,515,342,170,631,622.53,120.85
台中市,大雅區,雅楓里,1104,541739,491,328,172,597,576.70,117.52
台中市,潭子區,潭秀里,452,311196,688,390,191,827,912.83,132.58
台中市,潭子區,潭北里,754,478239,634,358,175,701,929.40,146.53
台中市,潭子區,潭陽里,3547,1969766,555,382,187,676,674.38,121.44
台中市,潭子區,福仁里,3415,1915591,561,367,184,695,694.88,123.88
台中市,潭子區,頭家里,1784,1107665,621,415,198,778,787.40,126.82
台中市,潭子區,甘蔗里,3280,1965603,599,386,184,737,718.32,119.87
台中市,潭子區,東寶里,4042,2234198,553,367,175,678,682.62,123.50
台中市,潭子區,大富里,930,572380,615,389,190,712,860.24,139.77
台中市,潭子區,大豐里,2166,1405728,649,424,200,820,812.97,125.26
台中市,潭子區,栗林里,1652,924921,560,373,177,691,664.23,118.64
台中市,潭子區,嘉仁里,1289,696078,540,383,183,663,635.04,117.60
台中市,潭子區,新田里,430,194051,451,327,155,555,490.00,108.58
台中市,潭子區,聚興里,1170,719839,615,374,166,707,882.34,143.41
台中市,潭子區,頭家東里,1363,891460,654,416,205,773,855.81,130.85
台中市,潭子區,家興里,2296,1416759,617,417,190,804,678.18,109.91
台中市,潭子區,家福里,1510,977058,647,424,205,846,686.04,106.02
台中市,新社區,新社里,896,511709,571,393,205,731,611.93,107.15
台中市,新社區,復盛里,409,241730,591,415,202,722,952.77,161.20
台中市,新社區,中正里,328,161105,491,342,150,667,495.35,100.85
台中市,新社區,月湖里,204,97825,480,379,187,584,459.73,95.87
台中市,新社區,崑山里,175,86691,495,342,170,631,550.34,111.10
台中市,新社區,慶西里,131,65639,501,303,156,539,686.40,136.99
台中市,新社區,東興里,246,135804,552,371,208,673,611.47,110.76
台中市,新社區,大南里,445,233311,524,354,194,618,574.40,109.56
台中市,新社區,協成里,492,248127,504,335,150,625,694.82,137.77
台中市,新社區,永源里,546,287331,526,349,169,636,632.91,120.27
台中市,新社區,中和里,76,35763,471,350,185,593,459.10,97.56
台中市,新社區,福興里,200,85505,428,298,129,574,459.41,107.46
台中市,新社區,中興里,105,51557,491,305,129,563,646.23,131.61
台中市,石岡區,石岡里,318,171855,540,362,166,614,681.48,126.10
台中市,石岡區,萬安里,448,265518,593,387,199,700,663.62,111.97
台中市,石岡區,九房里,338,183102,542,364,183,706,614.42,113.42
台中市,石岡區,金星里,314,153816,490,372,159,610,513.89,104.91
台中市,石岡區,龍興里,142,74773,527,334,182,626,641.46,121.82
台中市,石岡區,和盛里,331,169658,513,352,156,604,752.75,146.86
台中市,石岡區,德興里,427,219416,514,348,188,636,744.57,144.90
台中市,石岡區,土牛里,277,116197,419,309,130,564,400.24,95.41
台中市,石岡區,梅子里,476,266619,560,368,167,692,697.27,124.48
台中市,石岡區,萬興里,437,226220,518,341,157,635,630.69,121.83
台中市,外埔區,永豐里,312,162825,522,338,172,604,676.80,129.69
台中市,外埔區,六分里,667,332250,498,377,185,648,470.31,94.42
台中市,外埔區,三崁里,493,275772,559,403,177,721,625.97,111.91
台中市,外埔區,大同里,1481,846373,571,405,195,736,609.30,106.62
台中市,外埔區,水美里,1071,627980,586,402,185,722,714.81,121.91
台中市,外埔區,大東里,1859,1041001,560,400,208,706,593.03,105.90
台中市,外埔區,馬鳴里,362,177210,490,309,170,574,574.01,117.26
台中市,外埔區,中山里,342,186072,544,362,184,637,664.50,122.14
台中市,外埔區,鐵山里,563,289884,515,352,180,612,552.61,107.32
台中市,外埔區,土城里,401,182808,456,338,159,591,440.23,96.57
台中市,外埔區,廍子里,265,114905,434,287,145,495,562.52,129.73
台中市,大安區,東安里,363,177213,488,345,156,584,557.77,114.25
台中市,大安區,南埔里,235,115279,491,339,178,637,513.51,104.68
台中市,大安區,南庄里,217,116079,535,364,200,631,530.54,99.18
台中市,大安區,中庄里,745,400109,537,358,167,656,710.21,132.24
台中市,大安區,龜売里,424,204170,482,345,187,575,481.45,99.98
台中市,大安區,福興里,335,197614,590,377,181,657,786.32,133.30
台中市,大安區,頂安里,197,104558,531,328,167,561,784.33,147.78
台中市,大安區,永安里,443,180038,406,314,148,560,370.58,91.19
台中市,大安區,福住里,255,117251,460,351,190,539,486.29,105.76
台中市,大安區,海墘里,385,194819,506,346,162,603,642.24,126.92
台中市,大安區,西安里,514,271407,528,362,192,643,606.88,114.93
台中市,大安區,松雅里,274,170815,623,411,187,799,857.74,137.59
台中市,烏日區,烏日里,3046,2023003,664,443,202,870,766.77,115.45
台中市,烏日區,湖日里,701,392866,560,387,189,734,569.15,101.55
台中市,烏日區,三和里,1964,1391994,709,490,237,888,792.12,111.76
台中市,烏日區,榮泉里,2189,1563497,714,489,229,917,774.56,108.44
台中市,烏日區,學田里,794,579130,729,383,194,734,2380.23,326.34
台中市,烏日區,九德里,4126,2413778,585,402,187,746,656.19,112.17
台中市,烏日區,前竹里,542,365490,674,397,186,742,1244.80,184.60
台中市,烏日區,五光里,499,281865,565,352,185,678,662.12,117.22
台中市,烏日區,光明里,689,328773,477,308,154,588,648.38,135.88
台中市,烏日區,東園里,649,338717,522,337,175,602,631.76,121.05
台中市,烏日區,溪埧里,1358,724186,533,343,176,659,658.12,123.41
台中市,烏日區,螺潭里,711,406068,571,389,176,744,677.60,118.64
台中市,烏日區,北里里,519,292867,564,354,164,723,614.01,108.81
台中市,烏日區,南里里,423,220159,520,362,173,720,519.63,99.84
台中市,烏日區,溪尾里,152,64441,424,267,131,534,546.98,129.02
台中市,烏日區,仁德里,2497,1677466,672,453,204,840,762.85,113.55
台中市,大肚區,王田里,1374,717270,522,348,177,636,708.49,135.72
台中市,大肚區,中和里,252,148867,591,382,207,696,829.04,140.34
台中市,大肚區,福山里,1093,593036,543,356,167,660,763.18,140.66
台中市,大肚區,社腳里,775,405488,523,350,172,684,648.50,123.95
台中市,大肚區,營埔里,439,217902,496,369,188,628,476.99,96.10
台中市,大肚區,新興里,818,430648,526,364,183,646,671.29,127.51
台中市,大肚區,大東里,959,536170,559,393,200,700,623.55,111.53
台中市,大肚區,大肚里,782,541050,692,425,215,840,847.76,122.53
台中市,大肚區,永和里,246,135001,549,373,206,700,562.89,102.57
台中市,大肚區,磺溪里,538,307279,571,398,195,729,620.42,108.63
台中市,大肚區,永順里,462,228959,496,343,172,618,577.84,116.60
台中市,大肚區,成功里,290,156072,538,356,191,636,658.17,122.29
台中市,大肚區,頂街里,2586,1508645,583,413,207,771,590.45,101.21
台中市,大肚區,山陽里,414,224560,542,369,186,621,722.08,133.12
台中市,大肚區,瑞井里,1560,786435,504,356,185,612,612.90,121.58
台中市,大肚區,蔗廍里,1547,861468,557,376,188,678,691.97,124.26
台中市,大肚區,自強里,1008,503752,500,361,181,631,515.14,103.08
台中市,龍井區,竹坑里,1011,543472,538,355,171,629,979.20,182.16
台中市,龍井區,龍東里,898,461140,514,369,175,659,545.55,106.24
台中市,龍井區,龍西里,573,307526,537,370,169,734,592.88,110.47
台中市,龍井區,田中里,1208,638230,528,373,190,713,522.25,98.85
台中市,龍井區,福田里,292,139320,477,330,178,663,438.07,91.81
台中市,龍井區,麗水里,677,325559,481,326,158,616,508.43,105.73
台中市,龍井區,龍津里,1618,786452,486,354,170,616,485.83,99.95
台中市,龍井區,三德里,940,443052,471,337,165,601,504.07,106.94
台中市,龍井區,忠和里,1742,1068453,613,397,194,777,764.89,124.71
台中市,龍井區,山腳里,1863,1013296,544,383,186,705,566.82,104.21
台中市,龍井區,龍泉里,2599,1714566,660,463,230,842,694.19,105.23
台中市,龍井區,龍崗里,845,493740,584,385,175,711,746.78,127.81
台中市,龍井區,新庄里,1982,1173438,592,415,198,781,640.08,108.11
台中市,龍井區,南寮里,453,233288,515,365,178,661,534.23,103.74
台中市,龍井區,新東里,1557,1002740,644,418,200,776,1065.42,165.43
台中市,龍井區,東海里,3098,2313533,747,447,223,902,1479.97,198.18
台中市,霧峰區,桐林里,269,151614,564,349,159,710,735.23,130.45
台中市,霧峰區,吉峰里,2837,1506819,531,337,165,622,805.66,151.69
台中市,霧峰區,甲寅里,1392,745833,536,339,161,676,648.41,121.02
台中市,霧峰區,本鄉里,688,461103,670,408,189,800,869.63,129.75
台中市,霧峰區,中正里,618,363521,588,400,199,792,858.19,145.90
台中市,霧峰區,錦榮里,366,203495,556,385,165,729,637.29,114.62
台中市,霧峰區,本堂里,1916,1193105,623,408,195,780,764.97,122.85
台中市,霧峰區,坑口里,848,441393,521,371,175,637,617.84,118.70
台中市,霧峰區,北柳里,1214,682940,563,368,181,691,641.87,114.10
台中市,霧峰區,南柳里,530,272657,514,332,153,654,599.47,116.53
台中市,霧峰區,四德里,699,381550,546,363,172,647,693.77,127.10
台中市,霧峰區,五福里,761,371557,488,327,157,632,622.83,127.57
台中市,霧峰區,萬豐里,707,353080,499,328,155,595,903.35,180.88
台中市,霧峰區,舊正里,537,291118,542,361,176,726,565.90,104.39
台中市,霧峰區,峰谷里,275,141685,515,350,175,629,596.33,115.74
台中市,霧峰區,六股里,651,302052,464,331,168,597,486.03,104.75
台中市,霧峰區,丁臺里,598,328248,549,366,199,686,594.39,108.29
台中市,霧峰區,北勢里,517,271672,525,363,165,685,563.06,107.15
台中市,霧峰區,南勢里,291,136152,468,328,158,545,547.43,117.00
台中市,霧峰區,萊園里,262,187101,714,373,175,792,2515.95,352.31
台中市,太平區,太平里,1766,1007844,571,346,167,681,828.89,145.24
台中市,太平區,中平里,1216,647302,532,353,154,619,952.46,178.93
台中市,太平區,東平里,1210,604329,499,358,180,624,543.95,108.91
台中市,太平區,坪林里,873,504364,578,368,173,753,736.59,127.50
台中市,太平區,新光里,2376,1464487,616,409,200,787,700.29,113.62
台中市,太平區,頭汴里,394,171828,436,288,127,529,672.95,154.31
台中市,太平區,東汴里,212,97557,460,318,131,589,551.90,119.93
台中市,太平區,興隆里,755,355101,470,317,148,612,500.09,106.33
台中市,太平區,光隆里,816,400793,491,330,159,575,571.34,116.32
台中市,太平區,黃竹里,98,52366,534,341,145,733,574.06,107.43
台中市,太平區,中興里,1053,585292,556,364,174,692,713.98,128.45
台中市,太平區,建國里,854,411199,481,335,146,590,547.84,113.78
台中市,太平區,光華里,1459,751968,515,349,168,640,587.97,114.08
台中市,太平區,中山里,870,444725,511,351,166,609,584.44,114.33
台中市,太平區,宜欣里,1753,889674,508,350,162,626,604.41,119.09
台中市,太平區,新坪里,2382,1451979,610,411,195,804,636.71,104.45
台中市,太平區,新福里,2215,1498749,677,460,221,878,712.96,105.37
台中市,太平區,長億里,1900,971255,511,364,178,667,539.17,105.47
台中市,太平區,德隆里,1346,658640,489,302,153,600,761.97,155.72
台中市,太平區,永成里,2049,1057669,516,365,174,654,552.67,107.07
台中市,太平區,中政里,1012,518287,512,354,177,639,571.04,111.50
台中市,太平區,平安里,624,276075,442,286,143,590,456.50,103.18
台中市,太平區,永平里,1194,674393,565,363,186,660,703.44,124.54
台中市,太平區,建興里,775,365277,471,323,158,578,572.79,121.53
台中市,太平區,成功里,1078,533460,495,350,160,625,569.64,115.11
台中市,太平區,東和里,830,450026,542,351,171,659,643.67,118.72
台中市,太平區,宜佳里,1799,973081,541,379,179,659,608.31,112.46
台中市,太平區,宜昌里,1112,589163,530,373,176,666,613.91,115.87
台中市,太平區,豐年里,1334,750430,563,377,180,708,639.77,113.73
台中市,太平區,大興里,687,342162,498,380,175,625,514.41,103.28
台中市,太平區,勤益里,609,330239,542,355,162,698,636.91,117.45
台中市,太平區,光明里,1093,713338,653,417,196,783,836.25,128.13
台中市,太平區,新吉里,1792,1052465,587,410,192,774,626.96,106.75
台中市,太平區,新城里,1697,1002185,591,416,188,747,701.69,118.82
台中市,太平區,新興里,2119,1702378,803,559,241,1100,876.76,109.13
台中市,太平區,新高里,2902,2292277,790,544,263,984,977.35,123.73
台中市,太平區,聖和里,393,244074,621,345,164,734,987.27,158.97
台中市,太平區,福隆里,993,485459,489,343,166,585,611.74,125.13
台中市,太平區,永隆里,663,305215,460,309,150,573,557.68,121.14
台中市,大里區,大里里,1088,591295,543,367,177,657,639.72,117.71
台中市,大里區,新里里,3316,2343110,707,439,194,909,824.59,116.70
台中市,大里區,樹王里,1136,648162,571,376,175,737,607.70,106.51
台中市,大里區,祥興里,2387,1309087,548,372,182,714,609.49,111.14
台中市,大里區,內新里,2803,1659338,592,395,180,776,669.79,113.14
台中市,大里區,東昇里,1089,631803,580,383,181,742,630.54,108.68
台中市,大里區,大元里,1424,817309,574,354,168,710,728.49,126.93
台中市,大里區,仁化里,2659,1433843,539,353,165,645,1074.26,199.22
台中市,大里區,健民里,1251,566580,453,324,147,558,636.44,140.53
台中市,大里區,塗城里,2461,1149176,467,340,162,582,494.31,105.86
台中市,大里區,東湖里,3274,1749793,534,378,184,668,586.00,109.65
台中市,大里區,西湖里,883,481497,545,359,171,672,614.61,112.71
台中市,大里區,夏田里,283,156819,554,379,178,680,606.44,109.44
台中市,大里區,東興里,2372,1451119,612,393,179,760,724.66,118.45
台中市,大里區,日新里,1247,746818,599,399,184,759,666.10,111.22
台中市,大里區,西榮里,1807,1025803,568,368,165,691,727.59,128.17
台中市,大里區,金城里,2754,1390030,505,346,167,629,583.93,115.69
台中市,大里區,立仁里,1564,806023,515,336,150,630,663.42,128.73
台中市,大里區,新仁里,2325,1162566,500,346,174,644,545.37,109.07
台中市,大里區,瑞城里,3658,2048798,560,380,191,695,683.03,121.95
台中市,大里區,中新里,1791,1138919,636,406,191,802,1132.44,178.08
台中市,大里區,仁德里,1976,1119859,567,377,181,711,666.19,117.55
台中市,大里區,立德里,2488,1503947,604,399,187,786,689.88,114.13
台中市,大里區,國光里,2070,1452208,702,441,210,903,841.42,119.94
台中市,大里區,大明里,1348,796068,591,385,167,721,700.49,118.62
台中市,大里區,永隆里,3785,3311457,875,566,248,1143,1121.53,128.19
台中市,大里區,長榮里,3052,2126965,697,444,208,905,814.99,116.94
台中市,和平區,中坑里,92,49546,539,294,147,569,647.46,120.22
台中市,和平區,自由里,163,87020,534,345,194,627,600.80,112.54
台中市,和平區,平等里,130,65835,506,374,232,711,399.71,78.93
台中市,和平區,南勢里,392,208230,531,381,194,691,533.95,100.52
台中市,和平區,博愛里,348,179158,515,358,171,653,520.82,101.16
台中市,和平區,梨山里,252,119301,473,328,136,595,523.09,110.49
台中市,和平區,天輪里,88,48939,556,391,157,878,503.80,90.59
台中市,和平區,達觀里,166,83810,505,373,209,631,459.06,90.93
基隆市,中正區,德義里,266,179225,674,424,237,931,667.23,99.03
基隆市,中正區,正義里,406,213956,527,339,187,721,554.33,105.19
基隆市,中正區,信義里,262,156771,598,401,179,720,1006.37,168.19
基隆市,中正區,義重里,313,182219,582,405,206,720,638.88,109.74
基隆市,中正區,港通里,481,378240,786,476,236,992,906.77,115.31
基隆市,中正區,中船里,357,205568,576,415,196,747,559.50,97.17
基隆市,中正區,正船里,401,213038,531,385,184,690,548.60,103.26
基隆市,中正區,入船里,214,116576,545,346,200,760,536.46,98.48
基隆市,中正區,中砂里,427,241721,566,400,169,780,585.09,103.36
基隆市,中正區,正砂里,804,515159,641,421,202,831,720.75,112.49
基隆市,中正區,真砂里,436,235935,541,394,218,676,607.45,112.25
基隆市,中正區,砂灣里,603,318894,529,367,177,686,565.52,106.93
基隆市,中正區,中濱里,378,187495,496,336,165,627,537.12,108.29
基隆市,中正區,中正里,498,264626,531,353,170,665,568.84,107.05
基隆市,中正區,正濱里,255,169921,666,387,202,767,1654.93,248.35
基隆市,中正區,社寮里,449,222878,496,350,185,651,529.62,106.69
基隆市,中正區,平寮里,341,152729,448,344,148,577,461.09,102.95
基隆市,中正區,八斗里,374,176874,473,366,189,611,464.20,98.16
基隆市,中正區,長潭里,98,49670,507,262,138,594,645.01,127.26
基隆市,中正區,砂子里,1736,882980,509,378,193,667,508.37,99.95
基隆市,中正區,海濱里,307,138411,451,354,213,547,440.56,97.72
基隆市,中正區,建國里,595,390439,656,433,196,829,732.84,111.68
基隆市,中正區,和憲里,232,107847,465,340,186,581,584.36,125.71
基隆市,中正區,碧砂里,310,150862,487,350,173,575,536.13,110.17
基隆市,中正區,新豐里,2043,1290478,632,451,216,859,717.44,113.58
基隆市,中正區,新富里,1556,805343,518,365,196,669,533.03,102.99
基隆市,七堵區,八德里,541,263885,488,340,168,625,524.22,107.47
基隆市,七堵區,長興里,1250,692547,554,392,208,718,619.65,111.84
基隆市,七堵區,正光里,812,515247,635,375,187,788,779.50,122.85
基隆市,七堵區,永平里,649,396281,611,407,190,816,633.85,103.81
基隆市,七堵區,富民里,1276,772409,605,420,212,782,764.72,126.33
基隆市,七堵區,自強里,377,223615,593,405,186,764,706.43,119.10
基隆市,七堵區,泰安里,1587,889519,561,382,197,711,660.72,117.88
基隆市,七堵區,堵南里,679,343535,506,347,186,610,588.99,116.41
基隆市,七堵區,堵北里,1323,744647,563,384,207,692,628.32,111.63
基隆市,七堵區,六堵里,835,490626,588,403,190,748,691.05,117.61
基隆市,七堵區,友一里,765,590676,772,457,199,982,968.68,125.46
基隆市,七堵區,友二里,115,66783,581,352,178,549,872.05,150.17
基隆市,七堵區,瑪東里,82,41252,503,327,193,612,636.65,126.55
基隆市,七堵區,瑪南里,104,57307,551,412,207,601,654.18,118.72
基隆市,七堵區,瑪西里,86,45981,535,363,200,658,560.08,104.75
基隆市,七堵區,永安里,823,508884,618,427,206,842,642.64,103.93
基隆市,七堵區,百福里,2286,1364042,597,394,186,736,755.22,126.57
基隆市,七堵區,實踐里,1344,645524,480,353,188,635,470.23,97.90
基隆市,七堵區,正明里,672,446979,665,427,205,892,1073.55,161.40
基隆市,七堵區,長安里,819,381366,466,351,175,586,485.01,104.16
基隆市,暖暖區,碇內里,942,574898,610,411,203,785,705.74,115.64
基隆市,暖暖區,過港里,1294,693026,536,353,174,660,782.98,146.20
基隆市,暖暖區,暖暖里,918,544104,593,414,195,779,595.17,100.42
基隆市,暖暖區,暖同里,847,449104,530,378,190,676,551.89,104.09
基隆市,暖暖區,暖西里,1762,1165901,662,424,197,811,983.26,148.60
基隆市,暖暖區,暖東里,106,46616,440,323,197,592,361.66,82.24
基隆市,暖暖區,八西里,431,233885,543,373,175,683,597.30,110.07
基隆市,暖暖區,八堵里,201,104535,520,388,221,678,470.75,90.52
基隆市,暖暖區,八南里,269,145530,541,381,226,668,556.81,102.92
基隆市,暖暖區,八中里,110,49506,450,307,134,562,469.43,104.30
基隆市,暖暖區,碇和里,1083,670972,620,423,214,752,682.78,110.21
基隆市,暖暖區,碇安里,1797,1062548,591,408,201,774,636.96,107.72
基隆市,暖暖區,碇祥里,2048,1210185,591,401,188,746,678.15,114.76
基隆市,仁愛區,仁德里,358,258763,723,452,206,971,879.06,121.62
基隆市,仁愛區,和明里,674,621791,923,571,256,1169,1079.84,117.05
基隆市,仁愛區,水錦里,606,454818,751,511,248,1031,763.71,101.76
基隆市,仁愛區,玉田里,327,215198,658,420,180,875,738.60,112.23
基隆市,仁愛區,新店里,251,185925,741,494,238,956,816.90,110.28
基隆市,仁愛區,文昌里,250,156478,626,445,189,792,672.85,107.50
基隆市,仁愛區,誠仁里,305,164398,539,394,196,643,595.62,110.50
基隆市,仁愛區,林泉里,502,315979,629,455,246,832,623.43,99.05
基隆市,仁愛區,育仁里,197,94262,478,346,150,579,547.11,114.34
基隆市,仁愛區,吉仁里,731,337205,461,353,158,590,467.16,101.27
基隆市,仁愛區,博愛里,514,347623,676,403,200,813,869.93,128.63
基隆市,仁愛區,福仁里,218,112862,518,348,174,683,616.26,119.04
基隆市,仁愛區,智仁里,820,620017,756,502,219,1026,856.64,113.29
基隆市,仁愛區,曲水里,251,152501,608,371,165,724,730.85,120.29
基隆市,仁愛區,德厚里,555,348208,627,410,205,831,648.29,103.33
基隆市,仁愛區,英仁里,349,166123,476,312,166,620,489.39,102.81
基隆市,仁愛區,龍門里,211,106563,505,378,207,602,537.38,106.40
基隆市,仁愛區,花崗里,376,243318,647,443,233,863,663.31,102.50
基隆市,仁愛區,同風里,187,95491,511,355,163,611,521.64,102.15
基隆市,仁愛區,虹橋里,488,343624,704,465,236,884,819.61,116.40
基隆市,仁愛區,書院里,267,129873,486,318,159,570,599.59,123.27
基隆市,仁愛區,獅球里,256,130389,509,307,173,659,540.45,106.11
基隆市,仁愛區,忠勇里,302,205928,682,448,223,867,794.31,116.49
基隆市,仁愛區,文安里,193,87976,456,337,141,625,434.90,95.41
基隆市,仁愛區,明德里,202,117740,583,449,207,776,628.00,107.74
基隆市,仁愛區,兆連里,174,100901,580,432,207,731,588.01,101.40
基隆市,仁愛區,崇文里,271,162180,598,374,209,725,1017.64,170.05
基隆市,仁愛區,朝棟里,865,529732,612,410,203,811,650.15,106.16
基隆市,仁愛區,光華里,731,438985,601,425,205,827,580.08,96.60
基隆市,中山區,安平里,220,130506,593,388,195,746,604.97,101.98
基隆市,中山區,安民里,327,185311,567,396,184,750,606.45,107.01
基隆市,中山區,新建里,239,133480,558,351,184,705,658.36,117.88
基隆市,中山區,中山里,284,149456,526,376,204,658,564.22,107.21
基隆市,中山區,民治里,232,123060,530,368,176,626,648.69,122.29
基隆市,中山區,中興里,404,253949,629,380,184,798,728.20,115.85
基隆市,中山區,仁正里,236,114717,486,313,173,663,475.36,97.79
基隆市,中山區,健民里,307,157958,515,347,155,601,645.00,125.36
基隆市,中山區,通化里,268,129933,485,356,178,593,481.46,99.31
基隆市,中山區,居仁里,342,150790,441,354,167,610,381.89,86.62
基隆市,中山區,通明里,503,257672,512,390,204,643,542.50,105.90
基隆市,中山區,協和里,445,238870,537,364,207,716,530.22,98.78
基隆市,中山區,文化里,294,167199,569,393,195,740,640.01,112.54
基隆市,中山區,和平里,152,90089,593,416,236,808,628.43,106.03
基隆市,中山區,仙洞里,131,72361,552,377,208,659,617.64,111.82
基隆市,中山區,太白里,249,125857,505,372,212,685,455.62,90.14
基隆市,中山區,西榮里,191,97967,513,348,194,657,523.12,101.99
基隆市,中山區,西華里,259,127179,491,347,163,639,486.22,99.02
基隆市,中山區,西定里,254,135494,533,370,184,727,559.37,104.86
基隆市,中山區,西康里,405,203751,503,371,208,645,480.90,95.59
基隆市,中山區,德和里,1972,1345699,682,458,232,878,715.93,104.91
基隆市,中山區,德安里,1332,807867,607,422,218,769,653.66,107.77
基隆市,中山區,中和里,1822,979436,538,385,200,675,635.23,118.17
基隆市,中山區,和慶里,2092,986177,471,351,187,613,517.01,109.68
基隆市,安樂區,嘉仁里,1033,476741,462,329,163,604,454.28,98.43
基隆市,安樂區,樂一里,159,89862,565,352,198,596,980.50,173.49
基隆市,安樂區,定國里,289,144438,500,383,226,665,446.23,89.28
基隆市,安樂區,安和里,281,154143,549,348,163,676,804.51,146.66
基隆市,安樂區,定邦里,318,183596,577,405,218,736,718.44,124.44
基隆市,安樂區,永康里,624,316101,507,358,165,627,576.32,113.77
基隆市,安樂區,慈仁里,264,127694,484,382,220,661,421.45,87.13
基隆市,安樂區,干城里,533,244622,459,327,171,587,484.37,105.54
基隆市,安樂區,外寮里,1323,749623,567,387,204,726,630.52,111.28
基隆市,安樂區,中崙里,614,373950,609,417,200,776,652.94,107.21
基隆市,安樂區,內寮里,1895,1239161,654,413,208,830,792.04,121.12
基隆市,安樂區,西川里,335,161342,482,325,167,600,555.64,115.37
基隆市,安樂區,新西里,387,190194,491,351,192,601,483.79,98.44
基隆市,安樂區,新崙里,1443,877800,608,417,211,765,718.35,118.09
基隆市,安樂區,鶯歌里,933,671186,719,460,215,948,899.89,125.09
基隆市,安樂區,三民里,762,396286,520,375,200,675,513.78,98.79
基隆市,安樂區,四維里,1868,1269876,680,449,212,912,734.38,108.03
基隆市,安樂區,五福里,1200,681855,568,396,198,705,675.77,118.93
基隆市,安樂區,六合里,1489,993994,668,446,216,858,777.04,116.40
基隆市,安樂區,七賢里,799,457592,573,412,218,753,559.93,97.77
基隆市,安樂區,長樂里,1315,1110839,845,541,243,1092,962.10,113.89
基隆市,安樂區,武崙里,1860,1353260,728,510,251,950,1112.76,152.94
基隆市,安樂區,興寮里,1674,1011738,604,425,215,801,628.55,104.00
基隆市,安樂區,鶯安里,2103,1830396,870,576,249,1110,1039.60,119.44
基隆市,安樂區,壯觀里,1736,1423939,820,595,284,1100,825.53,100.64
基隆市,信義區,仁壽里,396,285323,721,463,230,898,896.89,124.48
基隆市,信義區,仁義里,472,337647,715,463,210,904,838.93,117.27
基隆市,信義區,義幸里,861,535004,621,434,200,775,699.16,112.52
基隆市,信義區,義民里,241,136455,566,376,178,753,606.20,107.06
基隆市,信義區,義和里,400,228086,570,384,161,780,605.39,106.17
基隆市,信義區,智慧里,228,171140,751,404,225,1090,780.76,104.02
基隆市,信義區,智誠里,433,202267,467,355,184,645,436.70,93.49
基隆市,信義區,禮儀里,529,334467,632,426,206,747,725.92,114.81
基隆市,信義區,禮東里,533,328844,617,411,187,734,751.32,121.78
基隆市,信義區,信綠里,684,393955,576,427,209,809,558.08,96.90
基隆市,信義區,孝岡里,436,251986,578,436,213,739,596.71,103.25
基隆市,信義區,孝深里,1587,996112,628,423,218,776,750.72,119.60
基隆市,信義區,東光里,620,323636,522,370,172,681,536.85,102.85
基隆市,信義區,東安里,987,529108,536,361,182,696,606.42,113.12
基隆市,信義區,義昭里,474,516771,1090,559,227,1266,1688.93,154.91
基隆市,信義區,東明里,1228,700579,571,388,197,726,620.99,108.85
基隆市,信義區,東信里,1470,952837,648,445,208,879,693.27,106.95
基隆市,信義區,孝賢里,1254,759158,605,426,195,791,641.24,105.92
基隆市,信義區,孝德里,814,381411,469,387,200,631,385.08,82.18
基隆市,信義區,孝忠里,2895,2032464,702,480,231,924,767.78,109.36
台南市,東區,路東里,552,440489,798,493,207,959,1134.67,142.19
台南市,東區,大福里,495,277524,561,373,175,734,583.84,104.14
台南市,東區,東安里,395,289632,733,388,191,818,1393.22,190.01
台南市,東區,德高里,1038,798596,769,464,246,929,985.31,128.07
台南市,東區,小東里,1464,1256811,858,510,234,1024,1229.38,143.20
台南市,東區,後甲里,863,538621,624,427,191,829,658.97,105.58
台南市,東區,關聖里,1732,2123297,1226,692,301,1598,1702.78,138.90
台南市,東區,圍下里,669,653757,977,526,246,1091,1381.10,141.33
台南市,東區,虎尾里,1783,1502379,843,510,231,1043,1063.46,126.21
台南市,東區,中西里,1122,1075652,959,501,209,1104,2608.23,272.06
台南市,東區,泉南里,1672,1561457,934,493,220,1029,1441.66,154.37
台南市,東區,龍山里,1921,2458147,1280,730,296,1508,1825.04,142.62
台南市,東區,忠孝里,1456,1121337,770,457,218,972,1040.64,135.12
台南市,東區,崇誨里,771,451651,586,390,179,767,617.24,105.37
台南市,東區,大學里,455,497906,1094,685,236,1497,1270.88,116.14
台南市,東區,大德里,422,228965,543,351,181,682,592.06,109.12
台南市,東區,東光里,1814,2073993,1143,616,260,1258,1630.49,142.61
台南市,東區,大智里,2254,1563883,694,440,209,884,839.31,120.97
台南市,東區,新東里,886,730430,824,500,227,1049,1169.83,141.90
台南市,東區,仁和里,1417,833878,588,394,209,738,694.17,117.96
台南市,東區,富強里,1552,1245960,803,472,213,987,1105.79,137.74
台南市,東區,衛國里,445,301172,677,422,166,872,936.77,138.41
台南市,東區,自強里,1894,1569109,828,500,232,1004,1063.32,128.35
台南市,東區,崇善里,1825,1544414,846,519,236,1038,1131.24,133.68
台南市,東區,崇學里,988,845190,855,487,217,971,1236.82,144.58
台南市,東區,崇明里,1468,1394351,950,551,214,1229,1186.58,124.93
台南市,東區,裕農里,969,689670,712,426,195,853,922.23,129.58
台南市,東區,莊敬里,1329,1229202,925,523,235,1135,1209.59,130.78
台南市,東區,和平里,1916,1839880,960,593,265,1180,1283.87,133.70
台南市,東區,富裕里,706,457962,649,416,184,837,771.62,118.95
台南市,東區,東明里,1061,882298,832,503,216,999,1255.65,151.00
台南市,東區,崇德里,1611,1265932,786,490,230,1047,944.61,120.21
台南市,東區,東智里,886,698083,788,502,242,974,934.46,118.60
台南市,東區,東聖里,725,462350,638,424,215,793,792.69,124.30
台南市,東區,崇成里,1052,905855,861,482,218,1042,1640.10,190.47
台南市,東區,東門里,629,555705,883,439,195,939,3631.97,411.10
台南市,東區,成大里,592,427303,722,447,222,891,856.01,118.59
台南市,東區,大同里,837,553619,661,381,174,775,1043.72,157.80
台南市,東區,德光里,1525,1392170,913,521,229,1095,1318.20,144.40
台南市,東區,崇信里,1303,959153,736,450,202,976,909.23,123.52
台南市,東區,崇文里,2048,1619369,791,518,242,1016,943.67,119.35
台南市,東區,復興里,1080,728130,674,449,205,861,804.84,119.38
台南市,東區,裕聖里,1904,2421777,1272,811,342,1655,1738.49,136.68
台南市,東區,文聖里,1713,2031100,1186,723,325,1534,1553.39,131.01
台南市,東區,南聖里,942,1078375,1145,697,291,1444,1517.46,132.56
台南市,南區,竹溪里,603,649069,1076,538,233,1251,1769.80,164.42
台南市,南區,新昌里,674,409176,607,384,166,779,771.54,127.09
台南市,南區,田寮里,942,570969,606,408,186,739,728.00,120.11
台南市,南區,明亮里,974,535576,550,361,188,652,643.14,116.96
台南市,南區,光明里,1085,533181,491,354,181,634,508.18,103.41
台南市,南區,喜東里,609,372435,612,404,194,835,622.97,101.87
台南市,南區,喜南里,225,105336,468,348,183,609,442.24,94.46
台南市,南區,喜北里,481,224564,467,317,162,603,495.81,106.20
台南市,南區,省躬里,1076,589142,548,383,190,704,591.45,108.02
台南市,南區,佛壇里,640,334048,522,364,172,654,545.17,104.45
台南市,南區,同安里,555,271803,490,340,171,616,501.78,102.46
台南市,南區,興農里,802,429380,535,396,197,662,600.48,112.16
台南市,南區,明德里,546,449180,823,614,314,1072,812.83,98.80
台南市,南區,廣州里,709,458097,646,395,183,734,836.98,129.54
台南市,南區,新興里,899,633855,705,440,210,843,871.02,123.54
台南市,南區,大成里,652,595451,913,587,284,1171,992.14,108.64
台南市,南區,國宅里,815,454246,557,380,163,721,607.89,109.07
台南市,南區,新生里,973,554633,570,382,180,754,631.37,110.76
台南市,南區,大林里,749,652994,872,479,214,1024,1450.16,166.34
台南市,南區,大忠里,1278,789919,618,397,188,745,771.59,124.83
台南市,南區,大恩里,1021,615488,603,410,213,761,660.10,109.50
台南市,南區,明興里,933,501069,537,357,170,654,697.49,129.87
台南市,南區,文華里,1050,572326,545,360,159,648,694.88,127.48
台南市,南區,再興里,736,490259,666,420,198,802,841.60,126.35
台南市,南區,金華里,1479,934094,632,392,179,775,870.05,137.76
台南市,南區,南都里,621,369324,595,360,183,641,1736.15,291.92
台南市,南區,開南里,1525,725424,476,356,189,603,504.48,106.05
台南市,南區,彰南里,529,431034,815,441,220,897,1255.97,154.14
台南市,南區,建南里,1626,924331,568,387,187,711,614.69,108.13
台南市,南區,郡南里,1076,623108,579,392,200,657,890.44,153.76
台南市,南區,府南里,1483,918385,619,412,207,760,731.69,118.15
台南市,南區,文南里,1749,1199243,686,437,203,885,821.16,119.76
台南市,南區,鯤鯓里,349,157754,452,343,160,541,457.49,101.21
台南市,南區,松安里,421,213617,507,373,182,640,517.64,102.02
台南市,南區,永寧里,326,147876,454,300,164,592,468.04,103.18
台南市,南區,南華里,628,298355,475,341,173,611,493.81,103.94
台南市,南區,鹽埕里,987,514689,521,353,182,630,595.63,114.22
台南市,北區,振興里,612,456282,746,456,185,962,936.39,125.60
台南市,北區,開元里,1005,569172,566,358,162,664,731.60,129.18
台南市,北區,和順里,1852,1594817,861,480,213,1058,1349.28,156.69
台南市,北區,成功里,1625,1363920,839,542,241,1046,1027.02,122.36
台南市,北區,文元里,1210,1076745,890,531,258,1102,1024.24,115.10
台南市,北區,大港里,1678,1033563,616,417,194,770,707.61,114.88
台南市,北區,東興里,641,580261,905,471,185,1003,1368.06,151.13
台南市,北區,力行里,775,531958,686,416,208,847,809.45,117.93
台南市,北區,仁愛里,823,1003388,1219,600,258,1496,1679.58,137.76
台南市,北區,正覺里,833,498641,599,371,166,686,810.18,135.34
台南市,北區,大豐里,1269,912777,719,388,181,760,1145.49,159.25
台南市,北區,重興里,670,589899,880,480,213,994,1419.65,161.24
台南市,北區,中樓里,479,373367,779,437,223,955,1122.62,144.02
台南市,北區,公園里,606,524231,865,457,195,985,1290.17,149.14
台南市,北區,元寶里,1658,1345235,811,556,263,1039,894.40,110.23
台南市,北區,永祥里,815,437561,537,350,169,615,734.76,136.86
台南市,北區,成德里,1754,1902414,1085,651,273,1333,1469.08,135.45
台南市,北區,文成里,992,786011,792,486,229,994,1023.41,129.16
台南市,北區,大和里,1196,795792,665,418,213,835,945.00,142.02
台南市,北區,賢北里,1287,1024151,796,493,229,1039,911.56,114.55
台南市,北區,長勝里,1154,750302,650,395,193,793,890.33,136.94
台南市,北區,合興里,1144,969614,848,479,221,995,1177.24,138.90
台南市,北區,北門里,1471,824351,560,367,179,693,668.13,119.22
台南市,北區,小北里,1125,693554,616,390,187,740,765.62,124.19
台南市,北區,大光里,1331,776698,584,394,199,752,644.35,110.42
台南市,北區,大興里,765,477437,624,422,221,778,672.14,107.70
台南市,北區,長興里,817,577829,707,426,194,877,890.55,125.92
台南市,北區,北華里,996,582140,584,355,166,731,698.17,119.45
台南市,北區,華德里,1498,1750779,1169,744,309,1558,1351.77,115.66
台南市,北區,福德里,1764,2092881,1186,708,286,1560,1452.13,122.39
台南市,北區,立人里,810,525242,648,442,196,907,639.82,98.67
台南市,北區,雙安里,851,892439,1049,593,232,1380,1407.37,134.20
台南市,北區,元美里,1069,1091198,1021,596,261,1304,1303.80,127.73
台南市,安南區,塭南里,1380,761713,552,390,201,681,568.46,102.99
台南市,安南區,東和里,1141,1353490,1186,776,343,1606,1288.59,108.63
台南市,安南區,州北里,1443,892801,619,390,217,748,716.47,115.80
台南市,安南區,州南里,1516,904477,597,419,212,752,627.44,105.17
台南市,安南區,安順里,1597,1091480,683,451,232,879,731.02,106.96
台南市,安南區,新順里,2131,1478250,694,458,221,911,772.99,111.43
台南市,安南區,安東里,802,451867,563,361,195,713,609.39,108.16
台南市,安南區,安西里,1186,857692,723,471,226,910,817.34,113.02
台南市,安南區,安慶里,1989,1265515,636,426,209,808,699.74,109.98
台南市,安南區,頂安里,1534,1096109,715,494,242,923,818.30,114.52
台南市,安南區,原佃里,630,438173,696,393,192,810,1035.45,148.88
台南市,安南區,總頭里,455,285415,627,389,197,655,886.50,141.32
台南市,安南區,長安里,1368,720922,527,371,195,674,559.19,106.11
台南市,安南區,公親里,281,134997,480,349,157,610,498.56,103.78
台南市,安南區,海東里,1676,1123915,671,425,214,805,870.65,129.83
台南市,安南區,海西里,704,386423,549,390,189,730,559.12,101.86
台南市,安南區,海南里,695,434587,625,425,218,759,783.52,125.30
台南市,安南區,溪心里,2325,1500040,645,444,217,814,672.33,104.21
台南市,安南區,淵東里,1344,835438,622,426,219,785,674.85,108.57
台南市,安南區,淵中里,902,507555,563,376,181,686,676.92,120.30
台南市,安南區,淵西里,998,523200,524,374,193,675,509.66,97.22
台南市,安南區,佃東里,898,455546,507,399,197,647,484.30,95.47
台南市,安南區,佃西里,536,281827,526,386,179,695,537.49,102.22
台南市,安南區,公塭里,260,125544,483,345,183,630,441.97,91.53
台南市,安南區,南興里,460,212623,462,346,167,610,443.63,95.98
台南市,安南區,學東里,588,273697,465,343,182,601,457.86,98.37
台南市,安南區,城東里,339,154358,455,327,161,606,450.99,99.05
台南市,安南區,城西里,316,150068,475,344,180,619,479.11,100.89
台南市,安南區,城南里,716,362504,506,360,192,634,561.70,110.94
台南市,安南區,城北里,370,183046,495,348,169,581,548.19,110.81
台南市,安南區,城中里,265,129171,487,333,186,586,521.47,106.98
台南市,安南區,砂崙里,255,123276,483,339,149,554,604.81,125.11
台南市,安南區,青草里,258,111776,433,328,163,544,457.29,105.55
台南市,安南區,四草里,399,227603,570,379,183,702,612.01,107.29
台南市,安南區,塩田里,457,321648,704,454,234,825,882.92,125.45
台南市,安南區,媽祖宮里,372,201666,542,340,179,665,728.44,134.37
台南市,安南區,鹿耳里,189,85389,452,323,177,599,436.42,96.60
台南市,安南區,安和里,632,354556,561,360,181,694,996.37,177.60
台南市,安南區,溪北里,878,533195,607,406,197,780,645.93,106.36
台南市,安南區,溪頂里,1301,755283,581,426,210,750,572.91,98.69
台南市,安南區,溪墘里,861,493134,573,365,186,702,728.33,127.16
台南市,安南區,海佃里,1213,674219,556,385,187,709,626.87,112.78
台南市,安南區,幸福里,962,475177,494,344,168,606,554.31,112.22
台南市,安南區,梅花里,1123,660264,588,417,198,730,635.71,108.12
台南市,安南區,鳳凰里,1258,675628,537,371,176,677,580.75,108.13
台南市,安南區,理想里,1378,828875,602,412,198,729,730.57,121.46
台南市,安南區,溪東里,1224,826726,675,455,218,898,734.97,108.81
台南市,安南區,布袋里,445,241648,543,402,201,715,536.81,98.85
台南市,安南區,國安里,843,634970,753,477,243,991,801.02,106.35
台南市,安南區,安富里,1516,890037,587,388,195,749,665.59,113.37
台南市,安南區,大安里,972,464524,478,323,174,610,524.38,109.72
台南市,安平區,金城里,560,407187,727,433,217,823,1008.55,138.70
台南市,安平區,漁光里,66,25337,384,318,144,547,324.18,84.45
台南市,安平區,建平里,1861,1791286,963,544,231,1106,1610.41,167.31
台南市,安平區,怡平里,1489,1248383,838,482,223,1030,1098.16,130.98
台南市,安平區,華平里,1558,1019362,654,408,187,808,918.64,140.41
台南市,安平區,平通里,2271,1684768,742,466,212,876,1033.26,139.28
台南市,安平區,文平里,1819,1611172,886,483,217,1088,1392.50,157.21
台南市,安平區,國平里,2842,2492465,877,534,244,1068,1129.27,128.76
台南市,安平區,育平里,2617,1956881,748,479,222,935,984.10,131.61
台南市,安平區,億載里,1027,879473,856,520,244,1037,1071.11,125.08
台南市,安平區,平安里,1010,652365,646,403,196,762,858.16,132.86
台南市,安平區,王城里,661,346206,524,327,167,598,698.13,133.29
台南市,安平區,天妃里,793,428287,540,347,177,621,708.45,131.17
台南市,中西區,赤嵌里,1260,1084565,861,469,214,993,1330.39,154.56
台南市,中西區,法華里,985,1033154,1049,591,241,1216,2530.72,241.28
台南市,中西區,郡王里,1217,1204577,990,561,230,1210,1349.46,136.34
台南市,中西區,開山里,776,570287,735,397,172,832,1486.10,202.22
台南市,中西區,永華里,836,590867,707,417,168,887,862.78,122.07
台南市,中西區,藥王里,1019,780920,766,424,187,876,1365.27,178.15
台南市,中西區,大涼里,893,726490,814,471,216,1005,1042.03,128.09
台南市,中西區,光賢里,1175,886384,754,469,220,942,920.31,122.00
台南市,中西區,西賢里,1831,1682706,919,483,217,1069,1584.01,172.36
台南市,中西區,西湖里,2227,2262186,1016,585,265,1243,1385.38,136.38
台南市,中西區,城隍里,1377,1359220,987,522,206,1151,1360.84,137.86
台南市,中西區,南美里,1088,1049554,965,465,201,1030,1957.25,202.89
台南市,中西區,南門里,916,974332,1064,548,264,1156,2163.92,203.44
台南市,中西區,小西門里,1007,668748,664,392,187,771,928.81,139.86
台南市,中西區,五條港里,577,436475,756,376,177,852,1573.20,207.97
台南市,中西區,兌悅里,1029,638721,621,372,176,692,1034.79,166.71
台南市,中西區,淺草里,759,662372,873,411,174,988,1483.13,169.95
台南市,中西區,府前里,557,348691,626,356,137,778,834.40,133.29
台南市,中西區,南廠里,979,626041,639,371,164,742,1020.66,159.61
台南市,中西區,西和里,1261,925061,734,413,184,891,1004.13,136.88
台南市,新營區,忠政里,1726,1245137,721,504,228,957,801.75,111.14
台南市,新營區,民權里,823,624787,759,475,211,978,955.90,125.92
台南市,新營區,三仙里,906,619657,684,440,215,854,822.56,120.27
台南市,新營區,民生里,1011,666746,659,448,215,846,765.93,116.14
台南市,新營區,民榮里,1446,862008,596,406,194,768,676.07,113.41
台南市,新營區,南興里,701,387868,553,391,187,737,566.36,102.36
台南市,新營區,中營里,429,351482,819,533,280,1064,906.01,110.58
台南市,新營區,興業里,639,471873,738,449,211,947,890.01,120.52
台南市,新營區,王公里,1423,1088616,765,502,236,1012,897.12,117.27
台南市,新營區,大宏里,1017,795806,783,527,247,977,923.87,118.07
台南市,新營區,護鎮里,424,229962,542,393,201,644,590.49,108.87
台南市,新營區,埤寮里,480,298203,621,426,198,810,662.95,106.71
台南市,新營區,土庫里,398,231729,582,397,219,720,617.52,106.06
台南市,新營區,太南里,424,207842,490,368,209,643,432.25,88.18
台南市,新營區,太北里,488,263376,540,376,230,665,622.78,115.39
台南市,新營區,南紙里,1245,655981,527,391,198,665,516.29,97.99
台南市,新營區,嘉芳里,613,324669,530,393,193,668,594.02,112.16
台南市,新營區,五興里,326,169154,519,349,174,625,671.94,129.50
台南市,新營區,姑爺里,199,101725,511,374,253,649,452.48,88.52
台南市,新營區,新北里,1813,1314749,725,518,251,957,716.60,98.82
台南市,新營區,新南里,1874,1480649,790,543,252,1070,841.14,106.46
台南市,新營區,新東里,2566,2195818,856,603,283,1180,928.10,108.46
台南市,新營區,永平里,796,442072,555,361,180,678,624.85,112.51
台南市,鹽水區,水秀里,390,232661,597,379,195,611,1682.69,282.06
台南市,鹽水區,橋南里,1071,562804,525,387,204,641,600.25,114.23
台南市,鹽水區,岸內里,1160,644534,556,394,210,699,586.75,105.60
台南市,鹽水區,汫水里,187,105400,564,395,215,627,592.30,105.09
台南市,鹽水區,歡雅里,340,157178,462,331,147,575,512.44,110.85
台南市,鹽水區,津城里,394,242475,615,426,194,773,759.52,123.41
台南市,鹽水區,月港里,475,293461,618,432,236,745,666.82,107.93
台南市,鹽水區,三明里,367,192332,524,362,203,632,601.55,114.78
台南市,鹽水區,義中里,362,187725,519,365,214,654,518.91,100.06
台南市,鹽水區,文昌里,213,102469,481,359,176,569,480.26,99.83
台南市,鹽水區,竹林里,222,108490,489,374,200,570,521.72,106.76
台南市,鹽水區,三和里,153,89408,584,409,196,653,806.36,137.99
台南市,鹽水區,坔頭港里,304,138082,454,342,187,564,460.57,101.40
台南市,白河區,白河里,401,243225,607,419,211,779,652.82,107.63
台南市,白河區,永安里,803,475962,593,421,205,739,652.73,110.12
台南市,白河區,庄內里,374,197110,527,382,182,667,537.56,102.00
台南市,白河區,外角里,324,169581,523,363,160,646,649.98,124.19
台南市,白河區,秀祐里,225,105205,468,325,161,602,471.86,100.92
台南市,白河區,大竹里,265,126398,477,341,146,599,524.96,110.06
台南市,白河區,內角里,129,83523,647,411,211,730,1030.96,159.23
台南市,白河區,竹門里,175,87090,498,391,209,652,428.07,86.02
台南市,白河區,崎內里,130,65248,502,307,149,647,661.77,131.85
台南市,白河區,汴頭里,97,44360,457,355,173,556,409.73,89.59
台南市,白河區,昇安里,282,155444,551,340,150,590,1072.07,194.49
台南市,白河區,河東里,281,152965,544,378,192,723,553.30,101.64
台南市,白河區,虎山里,70,38867,555,398,190,747,597.80,107.67
台南市,白河區,大林里,96,46726,487,350,191,658,444.98,91.42
台南市,白河區,崁頭里,66,27532,417,331,130,569,444.32,106.51
台南市,白河區,六溪里,69,44457,644,425,272,666,1027.66,159.50
台南市,白河區,關嶺里,142,81023,571,361,163,580,835.80,146.48
台南市,白河區,仙草里,138,54776,397,298,153,516,362.71,91.38
台南市,白河區,廣蓮里,297,156774,528,389,204,680,495.64,93.90
台南市,白河區,詔豐里,364,175796,483,370,163,644,449.42,93.06
台南市,白河區,馬稠後里,233,117742,505,355,201,631,541.31,107.12
台南市,柳營區,士林里,590,387281,656,435,229,784,908.71,138.44
台南市,柳營區,光福里,445,244714,550,389,182,663,618.57,112.48
台南市,柳營區,中埕里,352,213229,606,429,220,732,699.50,115.47
台南市,柳營區,東昇里,805,493239,613,420,207,788,675.49,110.25
台南市,柳營區,八翁里,392,206942,528,382,188,718,489.84,92.79
台南市,柳營區,人和里,195,104859,538,369,219,719,572.26,106.42
台南市,柳營區,太康里,404,240719,596,409,228,738,711.68,119.44
台南市,柳營區,重溪里,416,217425,523,392,195,684,496.28,94.95
台南市,柳營區,篤農里,322,172729,536,354,178,661,697.71,130.07
台南市,柳營區,大農里,148,70374,475,366,186,636,394.16,82.89
台南市,柳營區,神農里,302,149947,497,398,190,638,506.36,101.98
台南市,柳營區,果毅里,300,154150,514,397,231,673,495.36,96.40
台南市,柳營區,旭山里,289,147284,510,365,206,577,585.13,114.81
台南市,後壁區,後壁里,475,292660,616,422,219,761,679.68,110.31
台南市,後壁區,嘉苳里,287,165907,578,441,244,765,572.51,99.04
台南市,後壁區,侯伯里,330,185806,563,410,212,675,585.49,103.99
台南市,後壁區,土溝里,273,139680,512,382,173,687,494.87,96.72
台南市,後壁區,頂安里,335,200509,599,451,224,826,552.24,92.27
台南市,後壁區,長安里,327,187823,574,409,197,793,583.82,101.64
台南市,後壁區,福安里,441,252494,573,367,198,721,626.52,109.43
台南市,後壁區,菁寮里,294,181598,618,464,203,792,644.71,104.38
台南市,後壁區,菁豐里,287,175967,613,404,190,826,706.70,115.26
台南市,後壁區,新嘉里,191,95347,499,357,203,697,459.33,92.01
台南市,後壁區,新東里,425,212753,501,369,185,647,531.31,106.14
台南市,後壁區,竹新里,278,133575,480,345,163,619,558.64,116.27
台南市,後壁區,上茄苳里,456,253919,557,405,207,722,542.33,97.39
台南市,後壁區,長短樹里,423,222639,526,396,200,715,476.27,90.49
台南市,東山區,東山里,297,138517,466,353,170,587,409.21,87.74
台南市,東山區,東中里,637,363405,570,382,208,705,695.07,121.84
台南市,東山區,東正里,277,144585,522,384,220,655,503.08,96.38
台南市,東山區,三榮里,169,95220,563,333,205,679,792.49,140.65
台南市,東山區,大客里,189,87809,465,345,195,598,420.13,90.43
台南市,東山區,科里里,214,113027,528,386,208,685,520.62,98.57
台南市,東山區,東河里,176,83271,473,344,172,595,447.16,94.51
台南市,東山區,聖賢里,434,262659,605,399,203,702,712.16,117.67
台南市,東山區,南溪里,75,42466,566,328,149,629,913.48,161.33
台南市,東山區,水雲里,64,35244,551,362,178,588,649.53,117.95
台南市,東山區,林安里,59,24792,420,288,155,539,436.21,103.81
台南市,東山區,東原里,372,194671,523,386,209,639,534.23,102.09
台南市,東山區,嶺南里,77,36877,479,329,218,538,534.28,111.56
台南市,東山區,南勢里,143,65484,458,336,165,550,580.21,126.70
台南市,東山區,青山里,166,70254,423,340,147,541,375.70,88.77
台南市,東山區,高原里,121,54144,447,313,164,512,466.00,104.14
台南市,麻豆區,東角里,912,610042,669,465,230,912,679.52,101.59
台南市,麻豆區,晋江里,791,515066,651,451,233,804,763.17,117.20
台南市,麻豆區,巷口里,709,495870,699,483,230,901,1008.78,144.24
台南市,麻豆區,中興里,600,351740,586,418,222,800,548.96,93.64
台南市,麻豆區,興農里,460,304120,661,449,225,888,690.26,104.41
台南市,麻豆區,油車里,1090,721406,662,437,214,837,862.35,130.30
台南市,麻豆區,北勢里,242,134501,556,406,188,687,597.51,107.51
台南市,麻豆區,大埕里,899,609802,678,449,228,846,761.04,112.20
台南市,麻豆區,寮廍里,447,247303,553,405,220,685,541.36,97.85
台南市,麻豆區,南勢里,705,440896,625,412,208,819,693.19,110.84
台南市,麻豆區,安業里,303,180480,596,396,208,721,666.87,111.96
台南市,麻豆區,安正里,240,120100,500,354,200,639,511.04,102.12
台南市,麻豆區,埤頭里,623,339285,545,375,213,661,575.04,105.59
台南市,麻豆區,海埔里,532,297921,560,384,212,710,582.78,104.07
台南市,麻豆區,港尾里,344,249117,724,393,165,779,1038.92,143.46
台南市,麻豆區,麻口里,301,162459,540,392,212,638,542.10,100.44
台南市,麻豆區,新興里,583,414580,711,431,210,822,938.36,131.96
台南市,麻豆區,謝厝寮里,389,221515,569,392,201,663,692.22,121.56
台南市,麻豆區,井東里,455,251856,554,364,192,685,738.99,133.51
台南市,麻豆區,清水里,434,249638,575,427,227,734,572.34,99.50
台南市,下營區,仁里里,523,296455,567,375,195,667,813.70,143.55
台南市,下營區,宅內里,396,213542,539,374,207,767,531.06,98.48
台南市,下營區,後街里,417,247608,594,406,220,725,651.19,109.67
台南市,下營區,新興里,536,286942,535,411,220,697,519.45,97.03
台南市,下營區,下營里,392,229887,586,395,211,792,568.71,96.98
台南市,下營區,營前里,563,338463,601,458,225,751,672.57,111.88
台南市,下營區,開化里,450,246768,548,404,232,748,455.61,83.08
台南市,下營區,西連里,203,110659,545,396,208,696,507.48,93.10
台南市,下營區,賀建里,311,168290,541,374,173,628,577.95,106.81
台南市,下營區,大吉里,328,174753,533,412,216,652,480.74,90.23
台南市,下營區,茅營里,582,343869,591,379,204,704,706.02,119.49
台南市,下營區,紅甲里,478,265281,555,373,187,683,640.68,115.44
台南市,六甲區,六甲里,836,513204,614,414,219,769,727.49,118.51
台南市,六甲區,甲東里,710,386527,544,376,194,685,622.34,114.32
台南市,六甲區,甲南里,391,223274,571,420,210,767,528.64,92.58
台南市,六甲區,七甲里,499,252764,507,370,183,600,535.12,105.64
台南市,六甲區,二甲里,968,568665,587,419,229,734,674.77,114.86
台南市,六甲區,水林里,580,332148,573,420,244,695,586.64,102.44
台南市,六甲區,中社里,438,238018,543,393,226,717,541.54,99.65
台南市,六甲區,龜港里,328,172617,526,404,242,654,546.97,103.93
台南市,六甲區,菁埔里,153,69959,457,339,192,553,490.62,107.30
台南市,六甲區,王爺里,136,68920,507,373,213,591,506.13,99.87
台南市,六甲區,大丘里,81,41059,507,358,142,649,534.29,105.40
台南市,官田區,官田里,597,326954,548,403,216,677,565.92,103.33
台南市,官田區,隆田里,590,351142,595,426,218,790,595.41,100.04
台南市,官田區,二鎮里,1022,573783,561,404,221,723,545.17,97.10
台南市,官田區,社子里,182,79588,437,305,165,565,446.74,102.16
台南市,官田區,大崎里,73,47200,647,352,219,949,616.80,95.40
台南市,官田區,隆本里,1159,669486,578,430,227,739,595.63,103.11
台南市,官田區,南廍里,334,144467,433,324,147,588,418.49,96.75
台南市,官田區,渡拔里,646,335230,519,368,196,625,547.89,105.58
台南市,官田區,烏山頭里,309,185735,601,379,184,749,859.37,142.97
台南市,官田區,東西庄里,456,232194,509,386,199,637,495.16,97.24
台南市,大內區,石湖里,206,95771,465,338,188,597,455.88,98.06
台南市,大內區,石林里,127,56969,449,329,173,555,479.80,106.96
台南市,大內區,石城里,369,183858,498,340,175,586,590.25,118.46
台南市,大內區,內江里,188,83106,442,362,173,566,405.28,91.68
台南市,大內區,大內里,186,87124,468,357,167,684,450.50,96.18
台南市,大內區,內郭里,137,53994,394,296,152,533,349.06,88.57
台南市,大內區,頭社里,165,73091,443,327,223,515,712.88,160.93
台南市,大內區,二溪里,151,98714,654,395,242,813,749.02,114.58
台南市,大內區,曲溪里,101,41954,415,326,162,586,325.13,78.27
台南市,大內區,環湖里,97,45080,465,318,171,603,477.26,102.70
台南市,佳里區,鎮山里,1647,946309,575,411,219,756,585.15,101.84
台南市,佳里區,東寧里,691,439045,635,405,212,802,704.02,110.80
台南市,佳里區,六安里,1354,953822,704,476,229,920,790.34,112.19
台南市,佳里區,安西里,1962,1217453,621,421,208,795,662.43,106.75
台南市,佳里區,建南里,1337,883772,661,424,206,812,785.95,118.90
台南市,佳里區,佳化里,647,345399,534,352,191,629,768.94,144.04
台南市,佳里區,海澄里,519,261393,504,344,180,638,561.52,111.49
台南市,佳里區,子龍里,576,311988,542,385,186,684,559.45,103.29
台南市,佳里區,民安里,461,252345,547,412,238,731,461.79,84.36
台南市,佳里區,忠仁里,818,490605,600,391,203,760,668.85,111.52
台南市,佳里區,下營里,416,207000,498,383,186,635,455.94,91.63
台南市,佳里區,營溪里,256,139135,543,343,170,676,699.59,128.72
台南市,佳里區,塭內里,561,254179,453,327,171,562,515.24,113.72
台南市,佳里區,佳興里,562,315503,561,402,224,721,630.79,112.36
台南市,佳里區,南勢里,1412,952534,675,476,245,888,710.18,105.27
台南市,佳里區,文新里,1732,1154429,667,443,229,860,909.05,136.39
台南市,西港區,西港里,914,527817,577,400,223,699,664.42,115.05
台南市,西港區,南海里,656,343188,523,369,194,607,774.76,148.09
台南市,西港區,港東里,445,214445,482,356,177,649,474.60,98.49
台南市,西港區,檨林里,355,175656,495,376,181,618,537.75,108.68
台南市,西港區,後營里,363,189274,521,385,199,643,485.87,93.18
台南市,西港區,營西里,364,210845,579,404,198,692,844.30,145.76
台南市,西港區,金砂里,170,87485,515,375,179,613,512.47,99.58
台南市,西港區,劉厝里,326,158697,487,340,190,588,507.74,104.30
台南市,西港區,竹林里,289,145488,503,323,148,578,695.89,138.23
台南市,西港區,永樂里,279,143826,516,343,164,569,804.95,156.15
台南市,西港區,新復里,156,69978,449,337,150,556,506.63,112.94
台南市,西港區,慶安里,1278,737411,577,387,195,727,689.66,119.52
台南市,七股區,後港里,161,94555,587,363,189,758,745.22,126.89
台南市,七股區,大潭里,109,45195,415,288,162,600,383.59,92.51
台南市,七股區,頂山里,124,56445,455,268,121,478,734.48,161.35
台南市,七股區,西寮里,54,21693,402,285,135,503,522.27,130.01
台南市,七股區,篤加里,165,94683,574,316,131,644,1000.26,174.31
台南市,七股區,中寮里,95,47655,502,303,148,567,624.59,124.51
台南市,七股區,塩埕里,46,22793,495,331,150,745,466.35,94.12
台南市,七股區,七股里,197,101290,514,339,181,642,572.25,111.30
台南市,七股區,溪南里,75,44164,589,381,192,689,675.89,114.78
台南市,七股區,玉成里,168,90952,541,400,155,693,646.40,119.40
台南市,七股區,大埕里,605,289369,478,336,163,584,569.65,119.10
台南市,七股區,樹林里,396,182889,462,322,157,559,537.81,116.45
台南市,七股區,竹橋里,254,129006,508,369,174,645,525.06,103.38
台南市,七股區,義合里,381,188979,496,355,181,615,523.16,105.48
台南市,七股區,永吉里,182,85493,470,337,185,629,446.21,94.99
台南市,七股區,三股里,205,95463,466,330,188,622,448.58,96.33
台南市,七股區,十份里,205,119524,583,350,194,590,885.67,151.91
台南市,七股區,龍山里,252,118958,472,379,173,600,439.21,93.04
台南市,將軍區,長榮里,301,159030,528,395,203,681,526.40,99.63
台南市,將軍區,玉山里,120,53040,442,316,201,512,512.49,115.95
台南市,將軍區,廣山里,81,40091,495,329,179,539,586.71,118.54
台南市,將軍區,長沙里,208,88120,424,335,166,567,412.01,97.25
台南市,將軍區,平沙里,195,87497,449,328,146,574,499.24,111.26
台南市,將軍區,鯤鯓里,296,137197,464,333,187,597,520.70,112.34
台南市,將軍區,鯤溟里,119,49029,412,329,132,591,358.67,87.06
台南市,將軍區,西甲里,593,312240,527,381,216,689,502.86,95.50
台南市,將軍區,忠嘉里,543,267877,493,333,185,556,602.87,122.20
台南市,將軍區,苓仔寮里,423,198080,468,343,178,536,543.63,116.09
台南市,將軍區,巷埔里,179,97315,544,368,215,628,608.44,111.92
台南市,將軍區,將軍里,276,141401,512,348,173,581,777.30,151.72
台南市,北門區,北門里,144,78983,548,382,218,660,531.17,96.84
台南市,北門區,永隆里,152,67904,447,323,162,559,454.38,101.71
台南市,北門區,玉港里,131,62908,480,404,193,664,390.35,81.29
台南市,北門區,保吉里,271,133641,493,340,184,575,558.88,113.33
台南市,北門區,雙春里,68,43727,643,360,204,673,1062.08,165.16
台南市,北門區,錦湖里,124,75301,607,382,241,705,697.54,114.87
台南市,北門區,慈安里,136,79083,581,427,210,803,504.57,86.77
台南市,北門區,三光里,197,82851,421,344,183,546,363.79,86.50
台南市,北門區,蚵寮里,271,137944,509,361,162,645,552.03,108.45
台南市,北門區,文山里,235,103941,442,353,188,575,396.39,89.62
台南市,學甲區,仁得里,1152,684468,594,404,207,733,693.06,116.65
台南市,學甲區,新榮里,687,366978,534,397,216,659,512.18,95.88
台南市,學甲區,光華里,300,128307,428,318,162,548,442.34,103.43
台南市,學甲區,宅港里,171,90630,530,386,192,707,516.74,97.50
台南市,學甲區,明宜里,504,264147,524,368,197,665,528.24,100.79
台南市,學甲區,慈福里,562,307115,546,396,188,710,633.55,115.94
台南市,學甲區,新達里,546,286813,525,368,174,668,564.86,107.53
台南市,學甲區,大灣里,247,129225,523,371,189,675,526.39,100.61
台南市,學甲區,中洲里,325,191002,588,326,160,723,1067.50,181.64
台南市,學甲區,平和里,197,82908,421,366,159,536,382.63,90.92
台南市,學甲區,豐和里,299,142746,477,332,170,667,443.67,92.93
台南市,學甲區,三慶里,263,121254,461,341,195,587,421.46,91.42
台南市,學甲區,秀昌里,682,362195,531,367,195,666,618.68,116.49
台南市,新化區,武安里,897,504607,563,381,186,712,619.25,110.08
台南市,新化區,東榮里,1140,677231,594,397,198,765,729.70,122.83
台南市,新化區,護國里,777,471863,607,420,196,746,730.82,120.34
台南市,新化區,太平里,1325,801610,605,412,182,757,695.38,114.94
台南市,新化區,協興里,922,495946,538,350,182,666,638.73,118.75
台南市,新化區,唪口里,604,336820,558,365,194,689,597.50,107.15
台南市,新化區,北勢里,465,244114,525,376,188,684,534.26,101.77
台南市,新化區,豐榮里,954,607846,637,418,206,760,689.02,108.14
台南市,新化區,全興里,877,623701,711,459,216,876,905.63,127.34
台南市,新化區,崙頂里,610,362593,594,396,207,717,748.03,125.84
台南市,新化區,知義里,503,286775,570,357,169,620,776.91,136.27
台南市,新化區,山腳里,475,263849,555,373,186,664,722.05,129.99
台南市,新化區,大坑里,69,25498,370,246,114,452,417.48,112.97
台南市,新化區,𦰡拔里,519,270475,521,356,192,619,574.82,110.30
台南市,新化區,羊林里,194,88794,458,339,161,614,447.35,97.74
台南市,新化區,礁坑里,162,84332,521,324,137,501,901.07,173.09
台南市,善化區,東關里,422,487572,1155,735,350,1783,1137.08,98.42
台南市,善化區,文昌里,928,683794,737,460,236,939,846.95,114.94
台南市,善化區,南關里,554,384018,693,427,201,860,859.83,124.04
台南市,善化區,文正里,537,463105,862,520,251,1065,1083.05,125.59
台南市,善化區,坐駕里,1438,1301010,905,570,257,1191,969.04,107.11
台南市,善化區,胡家里,309,184650,598,439,249,733,636.42,106.50
台南市,善化區,胡厝里,653,440530,675,469,238,846,745.29,110.47
台南市,善化區,什乃里,378,221912,587,448,232,783,551.17,93.88
台南市,善化區,溪美里,597,556568,932,505,246,1035,1643.88,176.33
台南市,善化區,六分里,182,119967,659,414,230,879,657.50,99.75
台南市,善化區,田寮里,481,263572,548,391,210,717,541.37,98.80
台南市,善化區,六德里,274,151595,553,364,205,649,634.88,114.75
台南市,善化區,牛庄里,554,366341,661,441,235,856,698.50,105.63
台南市,善化區,嘉南里,271,167097,617,482,208,824,597.84,96.96
台南市,善化區,嘉北里,482,301301,625,440,232,818,622.62,99.60
台南市,善化區,小新里,1623,1362338,839,524,269,1060,1004.54,119.67
台南市,善化區,光文里,1968,1698511,863,529,256,1089,1102.59,127.75
台南市,善化區,頂街里,364,278529,765,451,219,977,929.57,121.48
台南市,善化區,昌隆里,529,308880,584,376,202,747,640.43,109.68
台南市,善化區,蓮潭里,1721,2802033,1628,1286,664,2195,1535.35,94.30
台南市,新市區,新市里,907,604610,667,441,236,822,719.97,108.01
台南市,新市區,新和里,2414,1845375,764,514,249,959,820.72,107.36
台南市,新市區,社內里,927,617357,666,453,228,896,747.23,112.20
台南市,新市區,大洲里,186,112566,605,405,202,711,784.91,129.70
台南市,新市區,豐華里,235,131057,558,331,175,678,846.16,151.73
台南市,新市區,三舍里,533,559302,1049,554,275,1244,1456.23,138.77
台南市,新市區,大營里,1143,746870,653,419,223,808,740.50,113.33
台南市,新市區,大社里,1507,852321,566,397,202,714,612.67,108.33
台南市,新市區,潭頂里,533,278538,523,345,194,647,640.07,122.48
台南市,新市區,港墘里,1099,587763,535,378,189,664,563.23,105.31
台南市,新市區,永就里,980,635102,648,455,236,854,652.29,100.65
台南市,安定區,蘇林里,531,295099,556,379,194,750,572.60,103.03
台南市,安定區,蘇厝里,605,350758,580,420,215,765,570.03,98.32
台南市,安定區,安定里,375,223785,597,449,223,744,614.95,103.05
台南市,安定區,安加里,582,380094,653,450,226,865,656.92,100.59
台南市,安定區,港尾里,361,218056,604,431,220,758,662.56,109.69
台南市,安定區,中榮里,534,423329,793,504,227,997,885.73,111.73
台南市,安定區,港口里,808,473071,585,425,224,727,604.28,103.21
台南市,安定區,港南里,761,440673,579,387,199,728,648.22,111.94
台南市,安定區,新吉里,707,400356,566,370,197,708,668.99,118.14
台南市,安定區,海寮里,675,361415,535,374,195,676,611.28,114.17
台南市,安定區,中沙里,184,109851,597,372,178,691,826.50,138.44
台南市,安定區,嘉同里,598,278771,466,329,185,593,498.10,106.85
台南市,安定區,文科里,411,231669,564,362,204,671,659.04,116.92
台南市,山上區,山上里,266,133646,502,364,217,688,436.66,86.91
台南市,山上區,南洲里,398,199284,501,363,186,615,532.86,106.42
台南市,山上區,明和里,415,213789,515,360,198,671,551.82,107.12
台南市,山上區,新莊里,289,121785,421,314,167,540,462.95,109.86
台南市,山上區,玉峯里,87,33902,390,304,182,494,339.88,87.22
台南市,山上區,豐德里,87,37028,426,288,130,483,552.00,129.69
台南市,山上區,平陽里,82,34610,422,325,149,611,405.28,96.02
台南市,玉井區,玉井里,294,182454,621,392,204,831,683.89,110.20
台南市,玉井區,玉田里,839,478159,570,396,208,726,706.23,123.92
台南市,玉井區,中正里,227,119940,528,384,230,666,511.18,96.75
台南市,玉井區,竹圍里,267,132780,497,375,207,610,512.92,103.14
台南市,玉井區,沙田里,82,44702,545,427,223,715,489.46,89.79
台南市,玉井區,三埔里,79,48406,613,418,217,760,617.43,100.77
台南市,玉井區,三和里,139,70789,509,336,131,645,546.91,107.39
台南市,玉井區,望明里,261,134294,515,360,180,601,582.85,113.28
台南市,玉井區,層林里,89,43228,486,353,180,651,483.74,99.59
台南市,玉井區,豐里里,169,93178,551,337,182,671,681.06,123.53
台南市,楠西區,楠西里,328,169745,518,382,196,623,538.93,104.14
台南市,楠西區,灣丘里,160,83108,519,320,169,573,823.36,158.51
台南市,楠西區,密枝里,91,51726,568,398,247,670,612.83,107.81
台南市,楠西區,照興里,135,48578,360,290,164,492,290.58,80.75
台南市,楠西區,鹿田里,159,73605,463,326,159,535,480.03,103.70
台南市,楠西區,龜丹里,102,50862,499,365,218,600,464.49,93.15
台南市,楠西區,東勢里,419,201579,481,341,188,622,484.34,100.67
台南市,南化區,南化里,267,138565,519,367,205,623,539.10,103.88
台南市,南化區,小崙里,113,52627,466,382,161,598,420.70,90.33
台南市,南化區,中坑里,75,32904,439,398,165,648,352.09,80.25
台南市,南化區,北平里,83,34184,412,300,155,531,387.35,94.05
台南市,南化區,東和里,98,57493,587,436,192,755,610.63,104.09
台南市,南化區,西埔里,143,69951,489,360,203,628,415.37,84.91
台南市,南化區,北寮里,187,104777,560,449,240,711,526.15,93.90
台南市,南化區,玉山里,172,84740,493,372,220,641,414.52,84.14
台南市,南化區,關山里,182,94330,518,379,196,691,540.31,104.25
台南市,左鎮區,光和里,52,25197,485,311,203,538,508.57,104.95
台南市,左鎮區,榮和里,115,50646,440,336,186,559,414.62,94.15
台南市,左鎮區,左鎮里,86,34574,402,317,168,512,364.67,90.71
台南市,左鎮區,中正里,138,72670,527,326,163,682,599.46,113.84
台南市,左鎮區,睦光里,60,29065,484,265,123,581,564.18,116.47
台南市,左鎮區,內庄里,63,34460,547,406,231,732,427.57,78.17
台南市,左鎮區,岡林里,59,26475,449,278,112,462,582.02,129.71
台南市,左鎮區,草山里,37,15914,430,334,104,678,375.24,87.24
台南市,左鎮區,二寮里,16,8762,548,318,230,476,777.00,141.88
台南市,左鎮區,澄山里,52,19557,376,301,158,511,329.24,87.54
台南市,仁德區,太子里,1607,908822,566,401,198,716,588.18,104.00
台南市,仁德區,土庫里,799,471074,590,385,192,702,746.62,126.64
台南市,仁德區,一甲里,902,668400,741,442,231,923,959.75,129.52
台南市,仁德區,仁德里,2479,1786457,721,495,247,952,763.52,105.95
台南市,仁德區,新田里,1091,631270,579,402,200,761,584.62,101.04
台南市,仁德區,後壁里,2995,1804078,602,425,213,782,590.91,98.10
台南市,仁德區,上崙里,1811,1080061,596,422,222,759,634.35,106.36
台南市,仁德區,保安里,825,481850,584,391,185,722,685.33,117.34
台南市,仁德區,二行里,588,375074,638,398,197,776,803.23,125.92
台南市,仁德區,大甲里,569,300946,529,384,201,700,534.76,101.11
台南市,仁德區,中洲里,666,366775,551,397,197,706,562.15,102.08
台南市,仁德區,仁和里,444,260552,587,434,199,787,638.71,108.84
台南市,仁德區,成功里,1424,986870,693,411,208,792,1054.18,152.11
台南市,仁德區,仁愛里,394,263278,668,499,252,892,712.69,106.66
台南市,仁德區,仁義里,3046,2033311,668,436,212,815,836.89,125.37
台南市,仁德區,文賢里,604,324852,538,361,195,652,633.78,117.84
台南市,歸仁區,南保里,1907,1135018,595,406,218,727,698.50,117.36
台南市,歸仁區,六甲里,1090,591919,543,398,201,675,575.89,106.05
台南市,歸仁區,歸仁里,742,495810,668,427,242,856,721.71,108.01
台南市,歸仁區,後市里,1017,624587,614,420,211,768,694.55,113.09
台南市,歸仁區,辜厝里,968,570833,590,391,200,692,834.47,141.51
台南市,歸仁區,許厝里,964,580342,602,424,226,768,608.07,101.01
台南市,歸仁區,看西里,688,429577,624,437,230,788,670.25,107.35
台南市,歸仁區,看東里,590,355623,603,421,208,758,768.60,127.52
台南市,歸仁區,崙頂里,985,748918,760,477,244,880,1089.37,143.28
台南市,歸仁區,沙崙里,177,88975,503,346,140,607,570.88,113.57
台南市,歸仁區,大潭里,513,300116,585,400,195,693,1031.67,176.35
台南市,歸仁區,武東里,460,317362,690,500,243,872,740.36,107.31
台南市,歸仁區,八甲里,743,462125,622,429,218,764,687.61,110.55
台南市,歸仁區,七甲里,1046,636544,609,441,220,797,652.98,107.30
台南市,歸仁區,媽廟里,517,312188,604,391,207,693,766.73,126.98
台南市,歸仁區,西埔里,504,259894,516,367,190,656,543.05,105.31
台南市,歸仁區,大廟里,901,504864,560,404,208,708,630.98,112.61
台南市,歸仁區,南興里,1373,857992,625,419,218,757,711.16,113.80
台南市,歸仁區,新厝里,732,425212,581,392,209,735,605.83,104.29
台南市,歸仁區,歸南里,651,363678,559,384,184,666,636.35,113.91
台南市,歸仁區,文化里,950,531164,559,384,196,687,716.81,128.20
台南市,關廟區,關廟里,664,400533,603,412,191,752,720.70,119.48
台南市,關廟區,山西里,555,313369,565,392,216,659,677.15,119.93
台南市,關廟區,香洋里,898,536905,598,396,209,763,755.81,126.41
台南市,關廟區,北勢里,660,344543,522,385,192,637,538.79,103.21
台南市,關廟區,新埔里,265,129413,488,347,201,606,506.65,103.75
台南市,關廟區,五甲里,934,470988,504,374,191,666,489.71,97.11
台南市,關廟區,東勢里,814,392625,482,366,208,593,502.06,104.09
台南市,關廟區,松腳里,533,309299,580,356,173,634,931.58,160.53
台南市,關廟區,深坑里,386,178649,463,353,199,570,422.51,91.29
台南市,關廟區,布袋里,281,126089,449,291,139,499,643.40,143.39
台南市,關廟區,埤頭里,504,289235,574,388,207,664,656.91,114.47
台南市,關廟區,下湖里,101,46103,456,365,171,605,412.93,90.46
台南市,關廟區,新光里,116,52902,456,335,227,491,515.87,113.12
台南市,關廟區,南雄里,321,143153,446,322,155,540,482.10,108.10
台南市,關廟區,花園里,900,473568,526,359,180,635,618.62,117.57
台南市,龍崎區,崎頂里,172,96194,559,454,217,703,518.48,92.71
台南市,龍崎區,土崎里,113,52124,461,321,147,568,505.42,109.57
台南市,龍崎區,中坑里,18,13628,757,357,184,634,1224.00,161.67
台南市,龍崎區,楠坑里,62,25246,407,268,161,466,411.46,101.05
台南市,龍崎區,牛埔里,71,39790,560,298,184,630,970.71,173.21
台南市,龍崎區,大坪里,62,26245,423,256,153,540,410.88,97.07
台南市,龍崎區,龍船里,70,39309,562,376,191,723,537.31,95.68
台南市,龍崎區,石𥕢里,61,32001,525,358,200,670,512.77,97.74
台南市,永康區,永康里,2486,1763225,709,453,224,865,870.15,122.68
台南市,永康區,埔園里,2459,1921303,781,493,242,994,925.36,118.43
台南市,永康區,網寮里,2294,1704327,743,461,226,928,1120.79,150.86
台南市,永康區,王行里,747,495362,663,411,208,756,991.67,149.54
台南市,永康區,龍潭里,1937,1287800,665,441,221,857,697.17,104.86
台南市,永康區,大灣里,982,619720,631,393,199,806,725.24,114.92
台南市,永康區,東灣里,966,579276,600,395,192,730,758.51,126.49
台南市,永康區,西灣里,2359,1546778,656,424,217,817,726.26,110.76
台南市,永康區,南灣里,1079,591974,549,392,213,661,578.92,105.52
台南市,永康區,北灣里,1248,765355,613,413,214,771,681.61,111.14
台南市,永康區,西勢里,2001,1307033,653,441,224,829,675.65,103.44
台南市,永康區,新樹里,574,339091,591,428,214,734,569.55,96.41
台南市,永康區,三民里,430,328301,763,467,219,901,1088.12,142.52
台南市,永康區,塩行里,1712,1146068,669,414,198,771,1066.24,159.27
台南市,永康區,蔦松里,568,333623,587,403,215,739,607.00,103.34
台南市,永康區,烏竹里,934,657897,704,488,228,904,740.58,105.14
台南市,永康區,建國里,604,418740,693,460,239,877,730.31,105.34
台南市,永康區,復興里,387,227056,587,391,189,669,744.06,126.82
台南市,永康區,成功里,539,331327,615,425,197,736,804.81,130.93
台南市,永康區,光復里,135,98171,727,418,191,770,1114.61,153.28
台南市,永康區,神洲里,331,167147,505,387,182,703,446.38,88.40
台南市,永康區,勝利里,2333,1587033,680,437,208,880,805.48,118.41
台南市,永康區,大橋里,1963,2070215,1055,449,228,875,13533.70,1283.28
台南市,永康區,五王里,1670,949353,568,399,202,729,596.57,104.94
台南市,永康區,崑山里,1852,1185228,640,413,208,785,744.57,116.34
台南市,永康區,塩洲里,2030,1384860,682,435,224,841,788.40,115.57
台南市,永康區,甲頂里,694,434641,626,441,223,744,820.66,131.04
台南市,永康區,復國里,2648,1601598,605,422,213,761,714.84,118.19
台南市,永康區,中興里,988,602569,610,426,218,769,650.29,106.62
台南市,永康區,正強里,2490,1609420,646,435,217,792,746.73,115.53
台南市,永康區,二王里,2489,1622156,652,433,224,863,706.16,108.35
台南市,永康區,中華里,958,787263,822,493,242,1037,1008.46,122.72
台南市,永康區,東橋里,3121,3517440,1127,778,358,1546,1165.92,103.45
台南市,永康區,安康里,1597,1095175,686,455,216,847,1063.44,155.07
台南市,永康區,西橋里,1005,584483,582,398,190,768,587.36,100.99
台南市,永康區,六合里,1855,1247349,672,440,207,892,760.07,113.03
台南市,永康區,三合里,980,527523,538,389,189,687,548.91,101.97
台南市,永康區,尚頂里,1439,1015899,706,444,209,841,937.55,132.80
台南市,永康區,復華里,2927,1736632,593,408,206,742,674.78,113.73
台南市,永康區,龍埔里,1428,1227272,859,609,282,1173,827.36,96.27
台南市,永康區,永明里,1564,1157269,740,489,247,942,848.56,114.68
台南市,永康區,塩興里,1373,1025645,747,483,243,911,1092.24,146.21
台南市,永康區,北興里,1666,1196804,718,508,245,947,708.54,98.63
高雄市,鹽埕區,藍橋里,394,241373,613,383,165,801,805.27,131.45
高雄市,鹽埕區,慈愛里,86,52332,609,401,224,803,797.05,130.98
高雄市,鹽埕區,博愛里,160,82141,513,265,132,564,722.62,140.76
高雄市,鹽埕區,陸橋里,297,168548,568,396,197,733,653.53,115.16
高雄市,鹽埕區,壽星里,339,219476,647,370,156,751,886.68,136.96
高雄市,鹽埕區,中山里,449,304647,679,459,187,780,929.98,137.06
高雄市,鹽埕區,瀨南里,155,143105,923,385,137,825,2433.37,263.56
高雄市,鹽埕區,新樂里,289,209065,723,377,161,877,1221.48,168.85
高雄市,鹽埕區,教仁里,601,332940,554,348,143,715,699.84,126.33
高雄市,鹽埕區,中原里,202,142645,706,413,176,761,1116.92,158.17
高雄市,鹽埕區,府北里,505,269486,534,369,162,665,602.89,112.98
高雄市,鹽埕區,育仁里,220,147385,670,432,182,916,807.74,120.57
高雄市,鹽埕區,光明里,384,270579,705,421,184,922,869.89,123.45
高雄市,鹽埕區,江西里,321,264047,823,455,204,987,1281.85,155.83
高雄市,鹽埕區,港都里,262,164461,628,330,144,668,1385.73,220.76
高雄市,鹽埕區,新化里,159,78740,495,339,106,606,550.06,111.07
高雄市,鹽埕區,江南里,184,140192,762,362,172,809,1141.03,149.76
高雄市,鹽埕區,河濱里,570,365693,642,411,167,801,763.52,119.01
高雄市,鹽埕區,南端里,312,205694,659,393,175,824,821.61,124.62
高雄市,鹽埕區,沙地里,200,136600,683,429,206,790,973.76,142.57
高雄市,鹽埕區,新豐里,255,151884,596,376,153,845,694.71,116.63
高雄市,鼓山區,前峰里,1311,820983,626,420,191,817,731.79,116.86
高雄市,鼓山區,光榮里,1027,629564,613,386,185,746,790.82,129.01
高雄市,鼓山區,民族里,347,213570,615,405,191,767,936.62,152.18
高雄市,鼓山區,自強里,211,122289,580,441,214,788,516.38,89.10
高雄市,鼓山區,建國里,815,557429,684,456,200,828,880.23,128.70
高雄市,鼓山區,內惟里,311,183339,590,416,213,796,630.19,106.90
高雄市,鼓山區,忠正里,1049,567161,541,389,188,670,575.91,106.52
高雄市,鼓山區,龍井里,323,174297,540,366,168,658,607.24,112.53
高雄市,鼓山區,平和里,1105,682257,617,422,191,767,690.47,111.83
高雄市,鼓山區,龍子里,6103,6571128,1077,679,283,1353,1386.91,128.81
高雄市,鼓山區,鼓岩里,273,119151,436,270,125,570,524.82,120.25
高雄市,鼓山區,樹德里,328,210189,641,403,168,823,771.74,120.43
高雄市,鼓山區,寶樹里,301,142922,475,336,142,644,552.50,116.36
高雄市,鼓山區,綠川里,333,181110,544,351,164,700,698.35,128.40
高雄市,鼓山區,河邊里,348,192796,554,398,202,706,518.05,93.51
高雄市,鼓山區,興宗里,333,175746,528,365,171,678,608.62,115.32
高雄市,鼓山區,光化里,274,153497,560,350,152,599,859.93,153.50
高雄市,鼓山區,山下里,407,273222,671,392,189,822,814.64,121.35
高雄市,鼓山區,登山里,131,90547,691,356,188,711,1038.26,150.21
高雄市,鼓山區,峰南里,204,100485,493,322,149,591,632.42,128.39
高雄市,鼓山區,維生里,374,243232,650,399,184,741,916.54,140.93
高雄市,鼓山區,延平里,228,138496,607,359,150,783,814.85,134.15
高雄市,鼓山區,新民里,232,122248,527,341,177,675,589.21,111.82
高雄市,鼓山區,惠安里,308,251008,815,419,204,763,4378.78,537.30
高雄市,鼓山區,壽山里,312,147219,472,315,169,596,509.26,107.93
高雄市,鼓山區,哨船頭里,262,143476,548,391,181,659,570.67,104.21
高雄市,鼓山區,桃源里,158,113254,717,415,154,970,825.28,115.13
高雄市,鼓山區,正德里,554,302995,547,367,173,670,650.10,118.86
高雄市,鼓山區,厚生里,946,543573,575,386,185,781,600.16,104.45
高雄市,鼓山區,明誠里,6191,5163888,834,536,242,1084,1004.84,120.47
高雄市,鼓山區,民強里,767,397275,518,366,178,662,561.98,108.50
高雄市,鼓山區,裕豐里,877,678006,773,461,224,966,893.09,115.52
高雄市,鼓山區,華豐里,1397,996477,713,452,192,895,945.98,132.62
高雄市,鼓山區,雄峰里,568,310502,547,361,166,689,728.90,133.34
高雄市,鼓山區,鼓峰里,498,229378,461,323,140,595,524.25,113.82
高雄市,鼓山區,麗興里,270,171756,636,387,180,690,1005.90,158.13
高雄市,鼓山區,龍水里,9756,12463311,1278,787,335,1552,1847.94,144.65
高雄市,鼓山區,裕興里,1047,679844,649,409,180,835,868.35,133.73
高雄市,左營區,崇實里,1301,1040600,800,605,274,1026,836.75,104.61
高雄市,左營區,合群里,800,542916,679,479,234,846,759.83,111.96
高雄市,左營區,頂西里,266,148369,558,386,187,764,572.82,102.70
高雄市,左營區,頂北里,136,70008,515,361,177,697,576.27,111.95
高雄市,左營區,中北里,138,74110,537,336,140,620,826.16,153.84
高雄市,左營區,中南里,123,61147,497,324,184,618,506.08,101.80
高雄市,左營區,自助里,212,124048,585,497,225,778,483.98,82.71
高雄市,左營區,尾西里,287,167535,584,380,192,754,576.30,98.73
高雄市,左營區,尾北里,939,640721,682,432,186,818,907.83,133.05
高雄市,左營區,廍南里,155,80777,521,335,181,682,561.16,107.68
高雄市,左營區,廟東里,180,103412,575,372,176,640,747.37,130.09
高雄市,左營區,廟北里,190,91237,480,316,143,626,513.40,106.92
高雄市,左營區,尾南里,176,88801,505,364,159,603,528.56,104.76
高雄市,左營區,廍北里,77,48377,628,366,203,690,1126.94,179.37
高雄市,左營區,埤東里,246,150606,612,342,161,666,1386.53,226.48
高雄市,左營區,埤北里,282,143725,510,327,160,641,638.54,125.29
高雄市,左營區,新上里,9548,8725503,914,550,239,1157,1250.33,136.82
高雄市,左營區,新中里,1541,1123186,729,464,210,929,907.70,124.54
高雄市,左營區,新下里,5023,4370178,870,540,244,1097,1110.40,127.63
高雄市,左營區,聖后里,186,92029,495,338,139,660,536.83,108.50
高雄市,左營區,聖西里,82,65403,798,483,261,1004,1148.11,143.95
高雄市,左營區,聖南里,116,69489,599,404,211,670,686.27,114.56
高雄市,左營區,埤西里,248,143788,580,371,182,734,672.09,115.92
高雄市,左營區,路東里,210,138109,658,404,189,837,831.92,126.50
高雄市,左營區,城南里,132,69246,525,409,151,652,570.94,108.84
高雄市,左營區,進學里,408,224768,551,366,174,732,612.24,111.13
高雄市,左營區,屏山里,344,202469,589,424,186,723,669.76,113.79
高雄市,左營區,果惠里,358,165065,461,349,160,620,476.70,103.39
高雄市,左營區,果貿里,794,426278,537,411,177,745,518.74,96.62
高雄市,左營區,海勝里,1541,785639,510,357,156,659,576.52,113.08
高雄市,左營區,莒光里,492,261368,531,394,192,715,564.18,106.20
高雄市,左營區,永清里,250,206610,826,834,631,994,309.51,37.45
高雄市,左營區,果峰里,361,165251,458,317,142,571,514.36,112.37
高雄市,左營區,光輝里,777,497182,640,423,200,877,704.26,110.06
高雄市,左營區,菜公里,10432,8997260,862,564,261,1107,1038.44,120.40
高雄市,左營區,祥和里,79,38686,490,331,166,618,504.39,103.00
高雄市,左營區,新光里,4937,4203359,851,523,248,1066,1134.71,133.28
高雄市,左營區,明建里,268,212471,793,650,307,1019,721.63,91.02
高雄市,左營區,福山里,12858,10488150,816,541,250,1040,971.46,119.10
高雄市,楠梓區,東寧里,1506,1159578,770,570,267,999,786.37,102.13
高雄市,楠梓區,享平里,1075,663418,617,409,200,794,732.54,118.70
高雄市,楠梓區,五常里,2103,1180761,561,411,214,722,540.78,96.32
高雄市,楠梓區,惠民里,1343,882144,657,449,225,834,718.97,109.46
高雄市,楠梓區,中陽里,1074,678973,632,423,221,724,1113.65,176.16
高雄市,楠梓區,清豐里,7959,5625864,707,510,245,929,862.88,122.07
高雄市,楠梓區,稔田里,402,278948,694,434,214,852,987.54,142.32
高雄市,楠梓區,玉屏里,603,349569,580,412,212,728,587.75,101.39
高雄市,楠梓區,錦屏里,885,506937,573,385,179,769,587.85,102.63
高雄市,楠梓區,金田里,1367,861242,630,437,216,844,721.92,114.59
高雄市,楠梓區,廣昌里,852,456185,535,400,205,693,508.99,95.06
高雄市,楠梓區,福昌里,610,389304,638,443,214,793,763.85,119.69
高雄市,楠梓區,泰昌里,383,229866,600,433,205,749,641.60,106.90
高雄市,楠梓區,興昌里,1543,1093594,709,517,244,920,826.29,116.58
高雄市,楠梓區,建昌里,796,495131,622,414,208,776,695.98,111.89
高雄市,楠梓區,中和里,1574,1098537,698,554,272,896,799.11,114.50
高雄市,楠梓區,中興里,562,412837,735,529,252,942,722.66,98.38
高雄市,楠梓區,藍田里,3193,2599788,814,610,318,1065,793.19,97.42
高雄市,楠梓區,宏毅里,663,456277,688,508,226,1038,622.56,90.46
高雄市,楠梓區,宏南里,245,253754,1036,626,277,1216,1784.96,172.34
高雄市,楠梓區,宏榮里,855,679870,795,566,259,1033,871.16,109.56
高雄市,楠梓區,和昌里,614,378888,617,461,223,788,605.74,98.16
高雄市,楠梓區,隆昌里,1073,660692,616,401,191,765,829.51,134.72
高雄市,楠梓區,惠楠里,815,493254,605,407,174,821,687.07,113.52
高雄市,楠梓區,瑞屏里,1146,718209,627,452,245,816,634.26,101.21
高雄市,楠梓區,大昌里,573,304715,532,388,207,709,511.27,96.14
高雄市,楠梓區,裕昌里,1628,1133336,696,524,253,946,735.50,105.65
高雄市,楠梓區,加昌里,2852,1755144,615,450,229,803,616.03,100.10
高雄市,楠梓區,仁昌里,1747,1058158,606,421,213,762,794.91,131.24
高雄市,楠梓區,惠豐里,1618,966912,598,444,217,834,560.54,93.80
高雄市,楠梓區,翠屏里,5753,3524870,613,440,216,794,660.31,107.77
高雄市,楠梓區,久昌里,865,484603,560,418,203,746,544.78,97.24
高雄市,楠梓區,盛昌里,1933,1278421,661,443,215,865,763.36,115.42
高雄市,楠梓區,宏昌里,1106,730495,660,438,211,858,746.57,113.03
高雄市,楠梓區,秀昌里,699,439949,629,450,228,783,822.57,130.69
高雄市,楠梓區,慶昌里,1097,781086,712,483,232,945,772.65,108.51
高雄市,楠梓區,國昌里,1068,648796,607,412,217,756,694.81,114.37
高雄市,三民區,鼎金里,1143,690337,604,409,205,762,702.61,116.33
高雄市,三民區,鼎西里,2292,1412258,616,441,211,831,658.65,106.89
高雄市,三民區,本館里,2766,1829187,661,455,222,856,737.67,111.55
高雄市,三民區,寶獅里,1118,715739,640,445,202,814,701.97,109.65
高雄市,三民區,灣子里,1276,896461,703,433,214,841,891.78,126.93
高雄市,三民區,安東里,1053,778070,739,490,207,943,898.46,121.59
高雄市,三民區,安生里,436,273310,627,401,172,816,791.72,126.30
高雄市,三民區,港東里,365,203210,557,367,142,758,661.45,118.81
高雄市,三民區,港西里,199,114449,575,386,191,705,691.50,120.24
高雄市,三民區,博愛里,344,228563,664,349,153,821,1311.74,197.42
高雄市,三民區,建東里,319,194172,609,410,166,820,660.87,108.57
高雄市,三民區,鳳南里,238,160618,675,448,225,857,786.62,116.56
高雄市,三民區,鳳北里,377,252694,670,390,169,819,976.40,145.67
高雄市,三民區,德東里,237,173321,731,432,171,970,882.64,120.69
高雄市,三民區,德西里,337,294599,874,444,199,1085,1492.97,170.79
高雄市,三民區,德北里,593,423244,714,453,208,964,809.77,113.46
高雄市,三民區,川東里,333,191128,574,413,186,730,560.87,97.72
高雄市,三民區,千歲里,367,244202,665,453,206,870,802.22,120.56
高雄市,三民區,千北里,308,183056,594,412,180,741,779.48,131.15
高雄市,三民區,興德里,641,497052,775,501,213,994,910.48,117.42
高雄市,三民區,正興里,4231,3274502,774,523,241,1005,900.50,116.35
高雄市,三民區,十全里,548,420682,768,464,213,1008,973.09,126.76
高雄市,三民區,豐裕里,652,350204,537,391,200,677,579.49,107.89
高雄市,三民區,力行里,289,145405,503,328,129,689,558.03,110.91
高雄市,三民區,立誠里,182,145445,799,547,249,1071,961.29,120.29
高雄市,三民區,立德里,376,233693,622,406,169,766,816.37,131.35
高雄市,三民區,達德里,449,375611,837,491,206,1021,1154.52,138.01
高雄市,三民區,灣華里,822,485843,591,387,176,771,647.77,109.60
高雄市,三民區,灣中里,1713,1143145,667,451,220,858,742.82,111.31
高雄市,三民區,灣復里,1037,587085,566,399,200,743,575.17,101.60
高雄市,三民區,灣興里,584,543171,930,526,250,1176,1296.81,139.43
高雄市,三民區,寶珠里,1655,1082866,654,440,183,874,818.11,125.04
高雄市,三民區,民享里,676,484208,716,430,200,824,1058.41,147.76
高雄市,三民區,安宜里,976,667960,684,442,190,858,846.65,123.71
高雄市,三民區,同德里,885,652765,738,442,208,889,940.89,127.56
高雄市,三民區,精華里,470,328245,698,409,188,824,884.61,126.66
高雄市,三民區,長明里,306,205563,672,380,177,798,912.76,135.87
高雄市,三民區,裕民里,429,318243,742,484,213,939,846.85,114.16
高雄市,三民區,寶龍里,1287,999350,776,466,221,950,1221.46,157.30
高雄市,三民區,港新里,490,410131,837,509,212,1080,1018.24,121.65
高雄市,三民區,博惠里,1292,913810,707,467,211,912,838.75,118.59
高雄市,三民區,立業里,253,147190,582,395,187,721,962.55,165.45
高雄市,三民區,十美里,553,359264,650,422,181,813,782.13,120.39
高雄市,三民區,德行里,353,251010,711,451,221,932,821.34,115.51
高雄市,三民區,安邦里,1289,912910,708,472,214,936,856.97,121.00
高雄市,三民區,千秋里,495,234518,474,342,148,605,622.00,131.29
高雄市,三民區,灣勝里,518,268563,518,393,170,704,491.52,94.80
高雄市,三民區,灣利里,905,505393,558,401,172,745,581.20,104.07
高雄市,三民區,達明里,523,408608,781,466,199,987,1055.66,135.12
高雄市,三民區,達勇里,327,226842,694,470,220,830,888.38,128.06
高雄市,三民區,達仁里,501,376486,751,441,199,954,943.91,125.61
高雄市,三民區,灣愛里,743,409135,551,372,177,704,662.97,120.40
高雄市,三民區,安和里,743,645757,869,440,213,860,2582.72,297.16
高雄市,三民區,德智里,688,507413,738,455,206,925,881.30,119.50
高雄市,三民區,寶興里,2201,1479681,672,444,202,869,863.04,128.38
高雄市,三民區,安康里,549,247656,451,318,148,596,481.64,106.77
高雄市,三民區,安寧里,369,165288,448,291,128,571,498.03,111.18
高雄市,三民區,鼎盛里,2450,1593146,650,458,227,837,685.39,105.40
高雄市,三民區,鼎泰里,7808,6887196,882,543,247,1116,1224.40,138.81
高雄市,三民區,本武里,497,348298,701,458,204,976,868.69,123.96
高雄市,三民區,本文里,575,373457,649,464,215,838,670.72,103.27
高雄市,三民區,寶盛里,1672,1246876,746,499,208,995,872.46,116.99
高雄市,三民區,寶華里,1155,846363,733,488,227,959,824.91,112.57
高雄市,三民區,寶民里,1036,764210,738,492,233,947,882.60,119.65
高雄市,三民區,寶中里,882,531787,603,404,194,786,704.57,116.86
高雄市,三民區,寶玉里,2719,1719811,633,441,217,833,652.56,103.17
高雄市,三民區,灣成里,726,470094,648,444,207,833,784.26,121.12
高雄市,三民區,安吉里,1412,980128,694,421,176,883,1025.18,147.69
高雄市,三民區,安泰里,1180,823245,698,490,231,877,745.67,106.88
高雄市,三民區,德仁里,604,469242,777,463,204,853,1363.19,175.47
高雄市,三民區,寶國里,2523,1764104,699,479,218,952,770.36,110.18
高雄市,三民區,正順里,1318,974520,739,450,195,951,921.76,124.66
高雄市,三民區,安發里,1404,987696,703,440,205,849,882.43,125.44
高雄市,三民區,鼎中里,1190,813513,684,449,212,886,782.74,114.50
高雄市,三民區,寶業里,2132,2001065,939,563,239,1179,1166.08,124.24
高雄市,三民區,寶慶里,827,552881,669,464,208,856,711.58,106.44
高雄市,三民區,寶德里,1623,1031391,635,415,202,788,791.37,124.53
高雄市,三民區,寶泰里,1335,963564,722,440,217,848,953.47,132.10
高雄市,三民區,寶安里,2354,1771556,753,465,219,953,992.01,131.82
高雄市,三民區,本元里,1718,1250904,728,464,223,933,860.20,118.14
高雄市,三民區,本安里,1551,1324410,854,533,231,1082,1050.79,123.06
高雄市,三民區,本上里,1699,1436265,845,526,239,1077,1019.87,120.64
高雄市,三民區,本揚里,2655,2207318,831,531,242,1051,1002.65,120.60
高雄市,三民區,鼎力里,1301,897286,690,477,218,901,736.39,106.77
高雄市,三民區,鼎強里,1163,724534,623,436,230,778,647.21,103.89
高雄市,三民區,本和里,2487,1752802,705,469,215,934,754.06,106.99
高雄市,新興區,大明里,281,201023,715,395,164,752,1191.21,166.51
高雄市,新興區,明莊里,210,161721,770,405,187,936,1219.89,158.41
高雄市,新興區,仁聲里,318,206650,650,415,205,848,709.88,109.24
高雄市,新興區,漢民里,228,158867,697,417,202,770,912.92,131.02
高雄市,新興區,華聲里,332,251425,757,439,224,870,976.97,129.01
高雄市,新興區,玉衡里,227,153462,676,420,195,823,854.59,126.41
高雄市,新興區,榮治里,234,429034,1833,612,248,1616,3988.39,217.53
高雄市,新興區,浩然里,647,507778,785,485,228,900,1071.15,136.48
高雄市,新興區,振成里,411,383879,934,466,185,1060,1393.43,149.19
高雄市,新興區,德生里,1176,1248440,1062,556,242,1313,1483.47,139.74
高雄市,新興區,成功里,490,489045,998,495,215,1091,1544.62,154.76
高雄市,新興區,愛平里,348,296607,852,517,232,1018,1031.98,121.08
高雄市,新興區,新江里,355,258903,729,409,163,902,978.88,134.22
高雄市,新興區,黎明里,260,164126,631,384,188,747,758.82,120.21
高雄市,新興區,秋山里,339,218141,643,424,185,870,697.82,108.44
高雄市,新興區,長驛里,284,165510,583,367,161,812,694.79,119.22
高雄市,新興區,建興里,303,205934,680,438,195,847,777.33,114.37
高雄市,新興區,德望里,677,571067,844,467,188,1041,1274.01,151.03
高雄市,新興區,中東里,799,587538,735,418,194,830,1275.87,173.51
高雄市,新興區,東坡里,335,241200,720,442,209,833,1056.68,146.76
高雄市,新興區,蕉園里,256,217512,850,457,229,1030,1151.01,135.47
高雄市,新興區,德政里,203,138392,682,409,166,837,870.32,127.66
高雄市,新興區,南港里,642,437967,682,419,187,833,931.84,136.59
高雄市,新興區,開平里,1313,1246052,949,551,233,1148,1619.51,170.65
高雄市,新興區,光耀里,743,575417,774,473,190,965,1268.65,163.81
高雄市,新興區,永寧里,470,423106,900,521,220,1046,1245.56,138.36
高雄市,新興區,順昌里,688,537143,781,499,203,988,1088.10,139.37
高雄市,新興區,正氣里,456,380282,834,479,190,1028,1250.51,149.95
高雄市,新興區,建華里,245,191851,783,455,216,1016,959.98,122.59
高雄市,新興區,振華里,362,347210,959,563,256,1162,1449.22,151.10
高雄市,新興區,文昌里,1111,1235683,1112,661,258,1387,1384.64,124.49
高雄市,新興區,興昌里,586,460871,786,500,212,986,993.90,126.37
高雄市,前金區,青山里,716,657675,919,548,239,1090,1207.94,131.51
高雄市,前金區,長興里,367,252706,689,460,248,879,692.10,100.51
高雄市,前金區,民生里,292,226732,776,470,224,923,963.98,124.15
高雄市,前金區,東金里,347,368435,1062,523,205,1059,2085.92,196.46
高雄市,前金區,林投里,236,171037,725,368,167,830,1043.94,144.04
高雄市,前金區,後金里,221,202368,916,457,201,1025,1472.92,160.85
高雄市,前金區,文東里,406,373218,919,459,208,1113,1318.44,143.42
高雄市,前金區,長生里,602,606155,1007,555,217,1207,1502.02,149.17
高雄市,前金區,博孝里,346,266557,770,464,196,868,1050.27,136.33
高雄市,前金區,復元里,396,389216,983,530,208,1090,1562.75,159.00
高雄市,前金區,社東里,573,617200,1077,553,220,1135,1995.59,185.27
高雄市,前金區,社西里,372,332556,894,556,206,1044,1255.05,140.39
高雄市,前金區,國民里,330,359934,1091,555,211,1188,1565.71,143.55
高雄市,前金區,新生里,1342,1195214,891,510,228,1055,1327.95,149.10
高雄市,前金區,北金里,240,161469,673,394,181,754,1087.72,161.67
高雄市,前金區,榮復里,362,224043,619,402,197,790,735.00,118.76
高雄市,前金區,文西里,339,263669,778,461,205,931,1181.17,151.86
高雄市,前金區,草江里,354,259636,733,476,178,923,821.35,111.99
高雄市,前金區,長城里,389,284842,732,408,175,814,1153.14,157.48
高雄市,前金區,三川里,167,99697,597,403,190,721,675.37,113.13
高雄市,苓雅區,博仁里,254,277990,1094,530,276,1222,1577.74,144.16
高雄市,苓雅區,苓洲里,509,546176,1073,470,217,1149,3458.39,322.30
高雄市,苓雅區,苓昇里,295,180716,613,394,176,799,727.22,118.71
高雄市,苓雅區,苓雅里,479,296089,618,416,204,763,745.39,120.59
高雄市,苓雅區,苓中里,497,270116,543,394,188,672,605.00,111.32
高雄市,苓雅區,苓東里,434,294323,678,387,173,781,1087.86,160.41
高雄市,苓雅區,城東里,688,549046,798,487,224,966,1096.60,137.41
高雄市,苓雅區,城北里,539,426127,791,493,219,945,1071.53,135.54
高雄市,苓雅區,城西里,149,93270,626,413,192,715,725.53,115.91
高雄市,苓雅區,意誠里,1088,645078,593,405,164,756,746.04,125.83
高雄市,苓雅區,鼓中里,279,201950,724,448,172,852,1220.79,168.66
高雄市,苓雅區,田西里,447,321518,719,453,188,993,886.96,123.31
高雄市,苓雅區,日中里,753,603252,801,459,198,971,1456.80,181.84
高雄市,苓雅區,美田里,352,220159,625,400,166,811,765.78,122.44
高雄市,苓雅區,林西里,503,355915,708,442,205,884,876.83,123.92
高雄市,苓雅區,林南里,1065,988056,928,597,247,1222,1042.63,112.38
高雄市,苓雅區,林德里,592,526745,890,466,202,1036,1210.47,136.04
高雄市,苓雅區,福海里,297,156164,526,348,177,660,606.86,115.42
高雄市,苓雅區,福南里,467,274158,587,397,182,755,693.90,118.20
高雄市,苓雅區,福西里,454,221181,487,355,171,627,513.59,105.42
高雄市,苓雅區,福東里,801,459061,573,415,192,731,607.47,105.99
高雄市,苓雅區,五福里,1107,650779,588,378,172,729,707.46,120.34
高雄市,苓雅區,仁政里,477,455926,956,516,225,1022,2112.95,221.06
高雄市,苓雅區,凱旋里,728,747728,1027,507,222,1120,1594.13,155.21
高雄市,苓雅區,人和里,564,405000,718,444,194,916,872.79,121.54
高雄市,苓雅區,和煦里,653,476198,729,490,200,925,921.59,126.38
高雄市,苓雅區,普照里,1168,1250775,1071,543,245,1211,1730.89,161.63
高雄市,苓雅區,晴朗里,626,663483,1060,625,263,1259,1654.05,156.06
高雄市,苓雅區,廣澤里,542,422521,780,470,229,907,1019.25,130.75
高雄市,苓雅區,奏捷里,505,364089,721,430,193,849,926.28,128.48
高雄市,苓雅區,永康里,694,480407,692,416,191,875,932.43,134.70
高雄市,苓雅區,林圍里,898,930083,1036,592,264,1332,1505.08,145.32
高雄市,苓雅區,林興里,348,220506,634,416,161,828,733.60,115.78
高雄市,苓雅區,林靖里,529,369360,698,485,229,974,689.21,98.71
高雄市,苓雅區,同慶里,782,855629,1094,685,268,1431,1296.63,118.50
高雄市,苓雅區,福隆里,738,477480,647,426,213,845,713.83,110.33
高雄市,苓雅區,福康里,525,309823,590,402,193,786,680.79,115.36
高雄市,苓雅區,福人里,569,319113,561,393,198,730,605.70,108.00
高雄市,苓雅區,福地里,735,390270,531,389,176,695,583.10,109.82
高雄市,苓雅區,福居里,702,377728,538,392,185,718,536.22,99.66
高雄市,苓雅區,五權里,731,568580,778,484,226,1009,909.60,116.94
高雄市,苓雅區,正義里,843,908574,1078,615,255,1296,1308.37,121.39
高雄市,苓雅區,福壽里,420,297842,709,381,182,778,1106.36,156.01
高雄市,苓雅區,林中里,929,623239,671,434,194,824,1007.36,150.16
高雄市,苓雅區,華堂里,971,657790,677,441,216,873,775.42,114.46
高雄市,苓雅區,朝陽里,475,305699,644,410,175,789,798.07,124.01
高雄市,苓雅區,林華里,852,550793,646,418,182,848,775.62,119.98
高雄市,苓雅區,林榮里,1315,841373,640,398,181,805,807.41,126.19
高雄市,苓雅區,正心里,1232,886454,720,469,216,892,809.23,112.47
高雄市,苓雅區,福祥里,365,219923,603,427,177,790,656.84,109.01
高雄市,苓雅區,安祥里,921,984200,1069,629,280,1304,1371.05,128.30
高雄市,苓雅區,中正里,1054,1105739,1049,643,281,1312,1790.45,170.67
高雄市,苓雅區,普天里,1353,1224049,905,575,242,1137,1134.73,125.43
高雄市,苓雅區,林富里,856,974521,1138,710,271,1496,1369.54,120.30
高雄市,苓雅區,民主里,1303,934442,717,428,205,855,1314.99,183.36
高雄市,苓雅區,正仁里,792,482524,609,436,191,804,657.86,107.98
高雄市,苓雅區,林貴里,674,536291,796,526,206,1098,878.99,110.47
高雄市,苓雅區,正大里,1686,1229438,729,444,206,862,1118.49,153.39
高雄市,苓雅區,光華里,172,104419,607,380,239,727,639.27,105.30
高雄市,苓雅區,正道里,1312,802430,612,402,184,756,688.70,112.60
高雄市,苓雅區,衛武里,554,291870,527,373,170,694,547.49,103.92
高雄市,苓雅區,英明里,562,363078,646,444,187,791,754.07,116.72
高雄市,苓雅區,林泉里,709,672530,949,573,243,1252,1104.90,116.48
高雄市,苓雅區,尚義里,553,603963,1092,641,286,1296,1527.38,139.85
高雄市,苓雅區,林安里,500,407301,815,521,241,1061,955.05,117.24
高雄市,苓雅區,正文里,872,696302,799,545,240,1008,1293.94,162.04
高雄市,苓雅區,正言里,938,635575,678,447,201,863,786.53,116.08
高雄市,苓雅區,文昌里,1104,678011,614,446,201,792,640.44,104.28
高雄市,苓雅區,建軍里,582,317614,546,378,189,716,543.72,99.63
高雄市,前鎮區,鎮北里,290,168028,579,373,175,684,798.32,137.78
高雄市,前鎮區,草衙里,2539,1280691,504,364,179,627,555.18,110.07
高雄市,前鎮區,前鎮里,320,162809,509,362,183,646,492.41,96.78
高雄市,前鎮區,興邦里,1024,768553,751,522,250,1025,809.86,107.90
高雄市,前鎮區,興化里,151,80934,536,364,193,672,575.20,107.32
高雄市,前鎮區,鎮中里,227,119739,527,358,174,685,528.26,100.15
高雄市,前鎮區,振興里,845,753661,892,534,231,1085,1237.69,138.77
高雄市,前鎮區,西甲里,695,609471,877,516,225,1077,1151.95,131.36
高雄市,前鎮區,竹內里,796,502864,632,440,179,822,711.88,112.69
高雄市,前鎮區,西山里,1131,809245,716,445,204,869,961.43,134.37
高雄市,前鎮區,良和里,1046,879243,841,522,240,1035,1132.98,134.79
高雄市,前鎮區,建隆里,472,753065,1595,715,258,1865,3008.97,188.59
高雄市,前鎮區,興中里,869,578071,665,417,191,758,1000.98,150.47
高雄市,前鎮區,忠誠里,659,411853,625,531,257,872,525.88,84.15
高雄市,前鎮區,忠純里,1676,1120322,668,453,199,896,729.80,109.18
高雄市,前鎮區,瑞竹里,491,370716,755,565,256,1038,696.71,92.28
高雄市,前鎮區,復國里,797,534582,671,416,193,836,872.30,130.05
高雄市,前鎮區,鎮東里,434,234387,540,399,185,691,576.79,106.80
高雄市,前鎮區,忠孝里,1083,1012432,935,507,217,1067,1663.45,177.94
高雄市,前鎮區,仁愛里,336,171582,511,348,173,601,696.26,136.34
高雄市,前鎮區,興仁里,146,62799,430,337,203,568,375.82,87.37
高雄市,前鎮區,信義里,349,189657,543,367,171,717,782.69,144.03
高雄市,前鎮區,平等里,607,417900,688,458,230,846,785.97,114.16
高雄市,前鎮區,明道里,228,120192,527,385,181,694,517.16,98.10
高雄市,前鎮區,明禮里,339,177793,524,390,177,650,582.86,111.13
高雄市,前鎮區,瑞豐里,829,527036,636,424,199,862,943.84,148.46
高雄市,前鎮區,鎮陽里,215,127541,593,374,168,698,751.46,126.68
高雄市,前鎮區,盛興里,925,672597,727,439,201,880,951.22,130.82
高雄市,前鎮區,鎮榮里,516,268131,520,368,180,706,525.39,101.11
高雄市,前鎮區,瑞南里,1403,919878,656,451,216,858,797.37,121.62
高雄市,前鎮區,瑞崗里,716,422299,590,405,182,740,660.19,111.93
高雄市,前鎮區,瑞東里,696,429036,616,428,209,794,653.10,105.95
高雄市,前鎮區,瑞北里,941,569978,606,411,190,760,787.30,129.98
高雄市,前鎮區,瑞西里,755,438896,581,438,209,769,566.47,97.45
高雄市,前鎮區,瑞興里,726,434654,599,425,188,830,602.12,100.57
高雄市,前鎮區,瑞和里,514,311388,606,422,199,774,749.32,123.69
高雄市,前鎮區,瑞隆里,1006,587876,584,389,193,740,684.94,117.21
高雄市,前鎮區,信德里,510,234701,460,342,166,638,413.01,89.75
高雄市,前鎮區,鎮昌里,515,263444,512,369,202,640,577.64,112.92
高雄市,前鎮區,明正里,1673,1070085,640,447,233,841,645.83,100.97
高雄市,前鎮區,竹西里,1409,965809,685,436,192,884,763.40,111.37
高雄市,前鎮區,平昌里,138,70406,510,356,148,707,485.79,95.22
高雄市,前鎮區,明孝里,629,370596,589,406,194,725,700.84,118.95
高雄市,前鎮區,瑞祥里,1435,925560,645,434,215,840,692.90,107.43
高雄市,前鎮區,瑞平里,1094,686759,628,436,199,815,688.64,109.70
高雄市,前鎮區,德昌里,510,225048,441,359,177,610,377.53,85.56
高雄市,前鎮區,明義里,661,352981,534,394,197,750,494.54,92.61
高雄市,前鎮區,鎮海里,1273,852797,670,446,223,829,752.20,112.28
高雄市,前鎮區,竹東里,607,382230,630,393,165,750,1131.77,179.73
高雄市,前鎮區,竹南里,2570,2313773,900,611,278,1196,972.78,108.05
高雄市,前鎮區,竹北里,821,661984,806,488,202,992,1059.66,131.42
高雄市,前鎮區,瑞誠里,742,388416,523,405,206,717,467.29,89.27
高雄市,前鎮區,瑞華里,1436,982495,684,451,210,936,713.56,104.29
高雄市,前鎮區,瑞昌里,1005,643342,640,471,234,867,637.13,99.53
高雄市,前鎮區,瑞文里,743,407123,548,380,171,715,551.30,100.61
高雄市,前鎮區,竹中里,1191,891188,748,465,208,953,909.04,121.49
高雄市,前鎮區,民權里,1481,1184355,800,535,239,1040,934.37,116.84
高雄市,前鎮區,盛豐里,950,666772,702,430,213,872,1002.52,142.84
高雄市,前鎮區,興東里,2022,1524868,754,511,235,1001,796.46,105.61
高雄市,旗津區,旗下里,287,144853,505,371,164,601,533.99,105.80
高雄市,旗津區,永安里,245,109024,445,313,162,553,428.46,96.28
高雄市,旗津區,振興里,370,187953,508,349,175,623,682.86,134.43
高雄市,旗津區,慈愛里,436,199427,457,340,154,596,481.48,105.26
高雄市,旗津區,復興里,629,287900,458,328,149,585,492.53,107.61
高雄市,旗津區,實踐里,348,150717,433,370,178,557,380.08,87.76
高雄市,旗津區,上竹里,602,320221,532,390,214,643,551.35,103.65
高雄市,旗津區,南汕里,463,245197,530,392,199,665,540.03,101.97
高雄市,旗津區,中洲里,382,203862,534,375,189,639,562.63,105.43
高雄市,旗津區,安順里,156,74237,476,362,185,588,599.30,125.94
高雄市,旗津區,中興里,636,330959,520,390,207,665,493.38,94.81
高雄市,旗津區,北汕里,538,249619,464,322,144,586,610.35,131.55
高雄市,旗津區,中華里,353,163220,462,360,178,610,440.36,95.24
高雄市,小港區,小港里,688,458865,667,415,208,868,767.80,115.12
高雄市,小港區,港墘里,566,337535,596,396,199,786,622.42,104.37
高雄市,小港區,鳳宮里,858,545563,636,479,237,867,564.57,88.79
高雄市,小港區,店鎮里,1881,1199209,638,442,225,825,692.60,108.64
高雄市,小港區,山東里,951,573542,603,435,214,791,632.88,104.94
高雄市,小港區,孔宅里,1500,814037,543,415,204,712,513.87,94.69
高雄市,小港區,高松里,1234,721348,585,441,205,789,543.09,92.91
高雄市,小港區,大坪里,835,482975,578,431,222,792,547.74,94.70
高雄市,小港區,坪頂里,1898,1168567,616,432,209,786,716.45,116.37
高雄市,小港區,鳳森里,703,446726,635,473,246,839,656.99,103.39
高雄市,小港區,鳳林里,928,590708,637,452,220,849,634.95,99.75
高雄市,小港區,鳳興里,804,456718,568,426,217,761,534.39,94.07
高雄市,小港區,鳳源里,1097,652460,595,422,219,827,577.78,97.14
高雄市,小港區,鳳鳴里,915,531073,580,435,227,795,538.94,92.86
高雄市,小港區,青島里,659,351222,533,381,186,756,501.86,94.16
高雄市,小港區,濟南里,1425,927469,651,474,229,905,607.86,93.39
高雄市,小港區,港口里,1166,779768,669,444,218,845,878.35,131.34
高雄市,小港區,港興里,726,437015,602,424,209,825,605.70,100.62
高雄市,小港區,二苓里,1106,660510,597,429,195,767,606.43,101.54
高雄市,小港區,大苓里,777,434918,560,408,187,699,688.17,122.95
高雄市,小港區,中厝里,1139,627157,551,399,195,706,589.54,107.07
高雄市,小港區,山明里,3603,2166447,601,447,216,809,629.50,104.69
高雄市,小港區,廈莊里,1335,826042,619,460,235,839,581.45,93.97
高雄市,小港區,桂林里,2449,1422082,581,403,201,743,633.61,109.12
高雄市,小港區,龍鳳里,1016,659721,649,453,237,848,633.54,97.57
高雄市,小港區,港南里,811,575652,710,506,274,951,657.28,92.60
高雄市,小港區,港明里,901,511209,567,396,200,735,601.64,106.04
高雄市,小港區,港后里,813,488158,600,408,207,797,674.10,112.27
高雄市,小港區,港正里,839,512653,611,425,198,835,628.02,102.78
高雄市,小港區,合作里,735,417833,568,392,190,740,583.10,102.57
高雄市,小港區,松山里,1157,741505,641,444,231,864,607.48,94.79
高雄市,小港區,松金里,798,452667,567,409,208,751,579.52,102.16
高雄市,小港區,泰山里,1114,775013,696,505,231,941,713.78,102.60
高雄市,小港區,三苓里,855,532934,623,425,212,837,633.43,101.62
高雄市,小港區,正苓里,1245,763164,613,427,221,810,616.11,100.51
高雄市,小港區,順苓里,1373,832005,606,433,219,796,629.22,103.84
高雄市,小港區,宏亮里,982,605668,617,457,230,824,602.08,97.62
高雄市,小港區,六苓里,892,610861,685,468,219,943,720.81,105.25
高雄市,鳳山區,成功里,175,113596,649,426,210,840,698.90,107.67
高雄市,鳳山區,和德里,684,538917,788,540,228,1020,1093.33,138.77
高雄市,鳳山區,和興里,1507,982522,652,450,206,869,687.12,105.39
高雄市,鳳山區,南興里,261,165226,633,441,225,828,753.40,119.01
高雄市,鳳山區,鎮南里,1436,895023,623,416,194,808,728.22,116.84
高雄市,鳳山區,興仁里,1058,636453,602,432,198,784,595.30,98.96
高雄市,鳳山區,鳳崗里,335,235042,702,442,225,862,844.93,120.43
高雄市,鳳山區,曹公里,659,456660,693,488,201,915,757.17,109.27
高雄市,鳳山區,鎮北里,3843,2482406,646,490,245,832,647.42,100.23
高雄市,鳳山區,縣衙里,239,124235,520,360,149,778,510.66,98.24
高雄市,鳳山區,文山里,2026,1332257,658,433,209,829,780.48,118.69
高雄市,鳳山區,文英里,1180,754538,639,439,210,870,656.07,102.60
高雄市,鳳山區,中和里,1080,655545,607,405,189,771,647.65,106.70
高雄市,鳳山區,忠義里,1493,1019230,683,439,200,909,769.97,112.79
高雄市,鳳山區,誠義里,1483,1224551,826,576,275,1145,824.63,99.87
高雄市,鳳山區,縣口里,122,74988,615,343,159,714,921.73,149.96
高雄市,鳳山區,光明里,403,353720,878,390,182,839,3442.14,392.17
高雄市,鳳山區,三民里,338,264960,784,479,215,917,930.68,118.72
高雄市,鳳山區,鎮東里,705,419150,595,398,197,734,693.62,116.66
高雄市,鳳山區,鎮西里,1461,898907,615,410,191,793,813.77,132.26
高雄市,鳳山區,興中里,296,205511,694,491,184,1000,706.06,101.69
高雄市,鳳山區,中正里,1106,631793,571,422,203,733,559.71,97.98
高雄市,鳳山區,新興里,458,284454,621,384,172,758,859.09,138.32
高雄市,鳳山區,埤頂里,1832,1139790,622,444,215,774,736.75,118.42
高雄市,鳳山區,過埤里,5039,3634052,721,550,264,969,682.43,94.63
高雄市,鳳山區,生明里,601,324935,541,381,200,691,543.04,100.44
高雄市,鳳山區,誠德里,785,486605,620,438,211,821,663.50,107.04
高雄市,鳳山區,瑞竹里,1550,979688,632,427,209,795,763.78,120.84
高雄市,鳳山區,老爺里,2005,1108301,553,392,195,725,573.42,103.74
高雄市,鳳山區,五福里,908,556926,613,437,201,811,652.06,106.31
高雄市,鳳山區,海光里,927,487350,526,387,190,701,517.98,98.53
高雄市,鳳山區,協和里,1047,770788,736,498,251,1007,817.05,110.98
高雄市,鳳山區,忠誠里,1104,724890,657,438,193,831,734.74,111.90
高雄市,鳳山區,北門里,1120,575013,513,387,177,637,552.51,107.62
高雄市,鳳山區,富甲里,461,215806,468,355,153,570,521.95,111.50
高雄市,鳳山區,南成里,2803,1827353,652,456,214,877,700.94,107.52
高雄市,鳳山區,東門里,1529,827852,541,391,195,735,532.23,98.30
高雄市,鳳山區,一甲里,970,572115,590,422,216,746,668.33,113.31
高雄市,鳳山區,正義里,1820,1040438,572,399,192,749,607.59,106.28
高雄市,鳳山區,武漢里,1471,880187,598,406,200,803,635.88,106.27
高雄市,鳳山區,新甲里,957,569155,595,447,215,773,573.56,96.44
高雄市,鳳山區,福興里,1595,846915,531,377,183,691,529.61,99.74
高雄市,鳳山區,福誠里,1590,1184045,745,504,232,944,914.43,122.79
高雄市,鳳山區,瑞興里,1560,1029897,660,453,214,870,770.08,116.65
高雄市,鳳山區,國泰里,1079,573113,531,391,165,715,544.82,102.57
高雄市,鳳山區,新強里,1762,1292874,734,468,219,984,866.06,118.03
高雄市,鳳山區,天興里,1035,551680,533,385,206,684,526.18,98.72
高雄市,鳳山區,鳳東里,2060,1391028,675,465,212,865,717.67,106.28
高雄市,鳳山區,忠孝里,1668,990141,594,408,201,770,631.57,106.39
高雄市,鳳山區,文德里,3268,2630473,805,503,222,1025,1010.34,125.52
高雄市,鳳山區,文華里,2727,1939375,711,465,206,921,827.10,116.30
高雄市,鳳山區,國光里,977,483701,495,370,174,641,498.80,100.75
高雄市,鳳山區,國隆里,684,337458,493,336,151,657,521.25,105.65
高雄市,鳳山區,新富里,1204,746071,620,402,196,823,738.32,119.15
高雄市,鳳山區,大德里,1336,809112,606,442,208,843,594.02,98.08
高雄市,鳳山區,武松里,778,427340,549,371,187,665,616.73,112.28
高雄市,鳳山區,文衡里,1449,1041856,719,501,232,969,815.70,113.45
高雄市,鳳山區,文福里,3460,2538579,734,502,236,951,859.52,117.15
高雄市,鳳山區,誠信里,659,315885,479,376,176,637,476.72,99.45
高雄市,鳳山區,誠智里,835,460092,551,403,197,737,536.98,97.45
高雄市,鳳山區,國富里,909,584812,643,461,220,872,639.36,99.38
高雄市,鳳山區,武慶里,763,463477,607,404,194,751,726.48,119.60
高雄市,鳳山區,海洋里,1216,806088,663,430,202,876,776.39,117.12
高雄市,鳳山區,新武里,682,393759,577,423,207,768,548.93,95.08
高雄市,鳳山區,新樂里,1460,971986,666,446,204,821,928.52,139.47
高雄市,鳳山區,新泰里,1353,914882,676,456,215,913,754.81,111.63
高雄市,鳳山區,中崙里,812,429922,529,384,176,716,524.94,99.15
高雄市,鳳山區,中榮里,1228,588842,480,350,167,627,507.45,105.83
高雄市,鳳山區,中民里,1340,714178,533,372,193,680,568.27,106.62
高雄市,鳳山區,二甲里,1421,852863,600,400,202,756,663.97,110.63
高雄市,鳳山區,龍成里,809,470242,581,401,176,746,705.79,121.42
高雄市,鳳山區,富榮里,792,452778,572,417,204,769,524.70,91.78
高雄市,鳳山區,善美里,1714,997677,582,408,198,760,677.11,116.33
高雄市,鳳山區,南和里,771,429071,557,370,177,711,597.48,107.36
高雄市,鳳山區,福祥里,776,461706,595,383,169,760,697.83,117.29
高雄市,鳳山區,保安里,2378,1838195,773,560,270,1060,749.72,96.99
高雄市,鳥松區,鳥松里,3659,3493108,955,571,254,1134,1348.97,141.30
高雄市,鳥松區,夢裡里,1842,2103713,1142,616,255,1301,1651.87,144.64
高雄市,鳥松區,大華里,3804,4310049,1133,569,258,1265,1841.11,162.49
高雄市,鳥松區,仁美里,1711,995266,582,402,191,725,790.55,135.91
高雄市,鳥松區,坔埔里,1013,673755,665,447,212,818,809.21,121.67
高雄市,鳥松區,大竹里,192,120528,628,390,193,739,762.65,121.49
高雄市,鳥松區,華美里,1130,671546,594,393,180,767,677.96,114.08
高雄市,仁武區,仁武里,1600,935035,584,414,210,740,603.79,103.32
高雄市,仁武區,文武里,2794,1653204,592,420,210,770,594.38,100.45
高雄市,仁武區,竹後里,598,310738,520,384,171,667,593.20,114.16
高雄市,仁武區,八卦里,6214,4290172,690,492,245,923,698.68,101.20
高雄市,仁武區,大灣里,1443,950740,659,452,197,835,837.57,127.12
高雄市,仁武區,灣內里,2635,1807052,686,457,218,880,774.67,112.96
高雄市,仁武區,考潭里,780,443920,569,389,182,740,649.52,114.12
高雄市,仁武區,烏林里,979,514092,525,374,185,661,569.70,108.49
高雄市,仁武區,仁福里,211,121060,574,324,173,599,806.68,140.60
高雄市,仁武區,高楠里,820,588382,718,480,241,884,789.81,110.07
高雄市,仁武區,後安里,676,327839,485,354,184,644,488.97,100.82
高雄市,仁武區,中華里,410,168928,412,312,155,524,411.04,99.76
高雄市,仁武區,五和里,1650,1004413,609,450,238,779,617.80,101.49
高雄市,仁武區,仁和里,1384,985955,712,465,215,934,853.53,119.81
高雄市,仁武區,赤山里,2357,1801140,764,508,248,999,913.95,119.60
高雄市,仁武區,仁慈里,830,707210,852,484,223,979,1799.96,211.25
高雄市,大社區,大社里,1437,871302,606,411,209,791,626.67,103.35
高雄市,大社區,嘉誠里,185,95017,514,306,142,553,888.82,173.05
高雄市,大社區,保社里,1099,667224,607,406,202,734,807.19,132.95
高雄市,大社區,翠屏里,465,253023,544,376,186,677,579.27,106.46
高雄市,大社區,三奶里,743,409170,551,367,175,707,625.20,113.53
高雄市,大社區,觀音里,1667,953916,572,395,195,715,646.64,113.00
高雄市,大社區,神農里,1469,808117,550,395,176,703,630.22,114.56
高雄市,大社區,中里里,835,428548,513,364,184,658,564.45,109.98
高雄市,大社區,保安里,951,526861,554,403,204,697,619.68,111.85
高雄市,大樹區,大樹里,565,276897,490,353,182,646,491.46,100.28
高雄市,大樹區,九曲里,1385,676533,488,373,173,627,494.61,101.26
高雄市,大樹區,久堂里,1104,592824,537,386,202,670,726.04,135.21
高雄市,大樹區,水安里,647,336313,520,377,167,617,879.81,169.26
高雄市,大樹區,水寮里,547,288224,527,368,198,650,554.31,105.20
高雄市,大樹區,井腳里,317,172403,544,374,183,742,554.24,101.91
高雄市,大樹區,小坪里,333,174416,524,349,170,633,645.39,123.22
高雄市,大樹區,龍目里,354,174140,492,345,180,626,621.85,126.41
高雄市,大樹區,竹寮里,796,402363,505,406,168,642,514.07,101.70
高雄市,大樹區,檨腳里,861,436109,507,361,191,660,482.15,95.19
高雄市,大樹區,興山里,212,107688,508,401,227,590,512.88,100.97
高雄市,大樹區,和山里,213,97774,459,376,219,555,406.13,88.47
高雄市,大樹區,姑山里,229,115541,505,362,203,650,539.14,106.86
高雄市,大樹區,大坑里,343,150420,439,336,159,573,442.86,100.98
高雄市,大樹區,三和里,237,192700,813,440,207,849,1332.36,163.87
高雄市,大樹區,溪埔里,390,224582,576,493,253,792,439.83,76.38
高雄市,大樹區,興田里,389,187534,482,351,146,627,547.35,113.54
高雄市,大樹區,統嶺里,147,72076,490,354,191,650,536.86,109.49
高雄市,大寮區,大寮里,1820,922875,507,351,175,626,620.34,122.34
高雄市,大寮區,義仁里,443,227043,513,347,198,670,514.02,100.29
高雄市,大寮區,新厝里,373,190505,511,389,187,651,483.52,94.67
高雄市,大寮區,會結里,373,185034,496,349,189,650,528.56,106.55
高雄市,大寮區,潮寮里,714,353785,495,353,173,677,493.52,99.60
高雄市,大寮區,拷潭里,363,179865,495,371,191,649,477.63,96.39
高雄市,大寮區,山頂里,2017,1025734,509,361,183,671,508.78,100.05
高雄市,大寮區,三隆里,1226,648291,529,361,173,687,556.67,105.27
高雄市,大寮區,永芳里,1988,1074523,541,381,186,684,616.36,114.04
高雄市,大寮區,昭明里,1062,536950,506,386,187,646,487.04,96.33
高雄市,大寮區,內坑里,1517,776099,512,358,175,630,701.54,137.13
高雄市,大寮區,上寮里,624,376356,603,373,190,649,3024.37,501.44
高雄市,大寮區,會社里,1605,849605,529,380,184,723,523.86,98.96
高雄市,大寮區,後庄里,2254,1217825,540,386,183,705,581.96,107.71
高雄市,大寮區,翁園里,1124,612782,545,407,197,721,554.31,101.67
高雄市,大寮區,琉球里,1387,738545,532,375,189,684,690.83,129.74
高雄市,大寮區,江山里,514,265409,516,370,200,658,512.54,99.26
高雄市,大寮區,溪寮里,397,230885,582,397,206,712,820.42,141.07
高雄市,大寮區,義和里,589,298349,507,377,191,668,535.15,105.65
高雄市,大寮區,前庄里,679,419250,617,416,198,726,741.45,120.08
高雄市,大寮區,中庄里,3086,1659579,538,386,186,713,539.49,100.32
高雄市,大寮區,過溪里,709,365682,516,353,180,630,604.84,117.27
高雄市,大寮區,忠義里,96,38523,401,271,130,533,437.03,108.91
高雄市,大寮區,光武里,17,8139,479,463,154,651,346.21,72.31
高雄市,大寮區,中興里,1854,973209,525,369,182,673,562.61,107.18
高雄市,林園區,林園里,943,550620,584,417,201,749,729.43,124.92
高雄市,林園區,溪州里,1171,573481,490,380,192,656,425.29,86.84
高雄市,林園區,潭頭里,766,403654,527,382,204,657,537.61,102.02
高雄市,林園區,中厝里,777,407563,525,400,186,690,499.62,95.25
高雄市,林園區,林內里,492,250619,509,404,193,646,452.88,88.91
高雄市,林園區,王公里,1338,819291,612,465,239,824,548.25,89.54
高雄市,林園區,林家里,352,208860,593,421,222,734,609.75,102.76
高雄市,林園區,龔厝里,602,312195,519,389,193,657,490.80,94.64
高雄市,林園區,中門里,676,374857,555,394,202,700,773.93,139.57
高雄市,林園區,頂厝里,1354,717401,530,394,201,692,517.92,97.75
高雄市,林園區,港嘴里,427,200256,469,365,192,628,403.10,85.95
高雄市,林園區,西溪里,936,449628,480,363,183,624,454.78,94.67
高雄市,林園區,中芸里,461,240070,521,393,207,710,504.95,96.96
高雄市,林園區,鳳芸里,453,253871,560,423,194,803,501.86,89.55
高雄市,林園區,東汕里,209,101096,484,353,168,669,432.59,89.43
高雄市,林園區,西汕里,151,70864,469,380,182,650,398.33,84.88
高雄市,林園區,北汕里,396,201195,508,377,203,666,628.05,123.62
高雄市,林園區,東林里,801,448228,560,449,228,763,480.95,85.95
高雄市,林園區,港埔里,501,260103,519,377,200,617,608.27,117.16
高雄市,林園區,仁愛里,932,561175,602,421,208,790,584.30,97.04
高雄市,林園區,文賢里,675,400499,593,450,232,795,548.96,92.52
高雄市,林園區,廣應里,1017,599912,590,445,226,778,633.07,107.32
高雄市,林園區,五福里,688,333055,484,372,171,645,493.91,102.03
高雄市,林園區,中汕里,505,254882,505,398,200,713,446.66,88.50
高雄市,岡山區,岡山里,1438,901767,627,385,189,717,941.18,150.08
高雄市,岡山區,維仁里,296,171383,579,381,171,657,702.79,121.38
高雄市,岡山區,壽天里,1114,802151,720,423,224,882,1014.52,140.89
高雄市,岡山區,後紅里,1433,856136,597,416,216,744,688.95,115.32
高雄市,岡山區,程香里,1520,949465,625,421,223,803,757.76,121.31
高雄市,岡山區,嘉興里,1090,593540,545,387,214,671,571.22,104.90
高雄市,岡山區,華崗里,493,261078,530,369,184,656,617.66,116.63
高雄市,岡山區,潭底里,210,99414,473,328,174,553,842.83,178.04
高雄市,岡山區,石潭里,550,353112,642,447,202,822,696.88,108.54
高雄市,岡山區,福興里,315,166554,529,365,189,668,731.40,138.33
高雄市,岡山區,忠孝里,907,582077,642,435,226,826,720.96,112.34
高雄市,岡山區,平安里,384,247114,644,422,185,855,774.77,120.40
高雄市,岡山區,前峰里,909,496092,546,363,176,658,771.55,141.37
高雄市,岡山區,後協里,1846,1052522,570,412,207,714,622.09,109.11
高雄市,岡山區,竹圍里,2529,1648126,652,434,211,807,811.69,124.55
高雄市,岡山區,協和里,1228,702339,572,385,193,690,645.63,112.88
高雄市,岡山區,劉厝里,421,262909,624,424,211,764,752.44,120.49
高雄市,岡山區,灣裡里,669,389161,582,419,205,760,625.26,107.49
高雄市,岡山區,白米里,609,326196,536,428,233,686,466.83,87.16
高雄市,岡山區,大遼里,427,252690,592,436,236,730,575.37,97.23
高雄市,岡山區,臺上里,2031,1264222,622,435,228,794,654.95,105.22
高雄市,岡山區,信義里,510,311198,610,460,229,773,578.12,94.74
高雄市,岡山區,大莊里,251,119223,475,362,166,574,716.06,150.75
高雄市,岡山區,嘉峰里,533,281760,529,351,180,643,656.08,124.11
高雄市,岡山區,和平里,130,68466,527,388,106,682,605.21,114.92
高雄市,岡山區,三和里,224,108817,486,363,157,601,560.92,115.47
高雄市,岡山區,本洲里,539,294317,546,365,199,638,597.14,109.36
高雄市,岡山區,仁壽里,1103,736953,668,447,214,837,761.59,113.99
高雄市,岡山區,協榮里,667,376464,564,402,206,670,734.32,130.10
高雄市,岡山區,碧紅里,1352,849345,628,430,220,835,646.16,102.86
高雄市,岡山區,爲隨里,183,84301,461,333,154,612,442.06,95.96
高雄市,岡山區,壽峰里,767,444876,580,414,192,739,627.43,108.17
高雄市,岡山區,仁義里,565,360287,638,449,210,823,716.48,112.36
高雄市,茄萣區,嘉定里,253,119472,472,326,187,580,517.32,109.55
高雄市,茄萣區,嘉安里,473,240013,507,323,169,589,588.10,115.90
高雄市,茄萣區,保定里,746,364781,489,370,188,606,515.85,105.50
高雄市,茄萣區,嘉福里,186,73796,397,286,147,535,411.51,103.72
高雄市,茄萣區,福德里,231,105496,457,287,156,581,561.54,122.96
高雄市,茄萣區,和協里,250,113407,454,336,170,583,480.19,105.86
高雄市,茄萣區,萬福里,175,88292,505,318,180,657,524.82,104.02
高雄市,茄萣區,吉定里,257,123602,481,354,180,612,524.71,109.10
高雄市,茄萣區,白雲里,399,194738,488,320,166,613,493.61,101.14
高雄市,茄萣區,光定里,206,103024,500,319,176,559,661.66,132.30
高雄市,茄萣區,嘉賜里,1023,516225,505,347,182,621,546.05,108.21
高雄市,茄萣區,崎漏里,1052,492521,468,340,177,592,462.94,98.88
高雄市,茄萣區,大定里,236,109584,464,321,172,576,517.60,111.47
高雄市,茄萣區,嘉泰里,249,112540,452,328,172,553,512.94,113.49
高雄市,茄萣區,嘉樂里,550,253221,460,322,157,599,501.33,108.89
高雄市,永安區,永安里,413,217857,527,359,182,730,580.36,110.02
高雄市,永安區,新港里,546,261674,479,351,172,632,454.49,94.83
高雄市,永安區,永華里,461,235229,510,346,170,670,513.44,100.62
高雄市,永安區,鹽田里,100,50531,505,371,165,673,500.37,99.02
高雄市,永安區,保寧里,768,379679,494,344,185,613,545.96,110.43
高雄市,永安區,維新里,1107,553752,500,363,180,655,503.92,100.74
高雄市,橋頭區,橋頭里,704,544739,774,527,226,1048,822.04,106.24
高雄市,橋頭區,橋南里,360,204153,567,390,189,778,564.07,99.47
高雄市,橋頭區,仕豐里,854,523819,613,424,203,803,658.62,107.38
高雄市,橋頭區,仕隆里,742,504465,680,471,213,903,764.97,112.52
高雄市,橋頭區,新莊里,1737,1445235,832,582,310,1017,997.76,119.92
高雄市,橋頭區,甲南里,756,400025,529,365,190,668,674.66,127.50
高雄市,橋頭區,甲北里,614,345091,562,397,215,669,701.47,124.81
高雄市,橋頭區,頂鹽里,395,206776,523,379,193,706,516.59,98.68
高雄市,橋頭區,中崎里,170,98940,582,400,192,724,899.29,154.52
高雄市,橋頭區,筆秀里,475,271494,572,362,177,642,924.42,161.74
高雄市,橋頭區,白樹里,1084,682311,629,444,226,793,634.48,100.80
高雄市,橋頭區,德松里,478,331273,693,488,218,908,851.78,122.91
高雄市,橋頭區,東林里,773,433114,560,412,219,698,541.57,96.66
高雄市,橋頭區,西林里,432,229767,532,395,180,722,502.83,94.54
高雄市,橋頭區,芋寮里,368,204718,556,380,210,728,522.00,93.83
高雄市,橋頭區,仕和里,1155,730030,632,404,215,758,884.51,139.94
高雄市,橋頭區,三德里,212,103091,486,362,193,667,400.41,82.34
高雄市,梓官區,梓義里,584,312292,535,382,184,665,600.63,112.32
高雄市,梓官區,茄苳里,574,277017,483,369,191,623,427.64,88.61
高雄市,梓官區,禮蚵里,488,223400,458,346,188,569,438.20,95.72
高雄市,梓官區,大舍里,1047,511187,488,367,185,623,518.33,106.16
高雄市,梓官區,梓信里,645,350924,544,387,198,702,539.91,99.23
高雄市,梓官區,智蚵里,717,360591,503,358,188,657,492.43,97.91
高雄市,梓官區,赤崁里,453,232797,514,376,205,599,581.34,113.12
高雄市,梓官區,信蚵里,569,271161,477,349,163,611,482.81,101.31
高雄市,梓官區,梓平里,489,267160,546,391,200,691,612.94,112.19
高雄市,梓官區,赤東里,561,250246,446,333,162,588,456.01,102.23
高雄市,梓官區,赤西里,191,89247,467,359,208,598,460.31,98.51
高雄市,梓官區,同安里,304,172578,568,401,215,665,695.20,122.46
高雄市,梓官區,中崙里,372,193548,520,373,199,650,528.53,101.58
高雄市,梓官區,梓和里,677,362869,536,393,210,714,504.77,94.18
高雄市,梓官區,典寶里,882,505289,573,385,198,680,905.94,158.14
高雄市,田寮區,南安里,174,74938,431,322,172,554,386.76,89.80
高雄市,田寮區,田寮里,82,41609,507,369,192,599,558.94,110.15
高雄市,田寮區,三和里,48,25857,539,366,219,584,603.76,112.08
高雄市,田寮區,古亭里,57,26970,473,358,141,527,560.11,118.38
高雄市,田寮區,大同里,59,19723,334,252,139,397,311.11,93.07
高雄市,田寮區,七星里,98,47329,483,332,168,652,500.92,103.72
高雄市,田寮區,西德里,117,57353,490,359,161,652,493.53,100.68
高雄市,田寮區,崇德里,181,80450,444,313,170,512,481.30,108.28
高雄市,田寮區,新興里,299,163652,547,392,196,680,554.83,101.37
高雄市,田寮區,鹿埔里,60,22671,378,298,138,469,353.42,93.53
高雄市,阿蓮區,阿蓮里,1430,804753,563,369,192,660,676.69,120.24
高雄市,阿蓮區,崗山里,183,102440,560,387,189,702,591.25,105.62
高雄市,阿蓮區,復安里,441,196871,446,305,174,560,438.57,98.24
高雄市,阿蓮區,清蓮里,714,397854,557,364,175,705,687.51,123.38
高雄市,阿蓮區,港後里,567,287062,506,320,179,645,604.67,119.43
高雄市,阿蓮區,石安里,320,161484,505,347,189,584,614.38,121.75
高雄市,阿蓮區,峰山里,278,128156,461,360,180,619,456.65,99.06
高雄市,阿蓮區,青旗里,391,210772,539,340,183,621,755.66,140.18
高雄市,阿蓮區,和蓮里,594,326998,551,371,197,698,576.91,104.80
高雄市,阿蓮區,玉庫里,268,149577,558,353,178,607,988.96,177.19
高雄市,阿蓮區,中路里,491,290457,592,380,194,709,752.35,127.18
高雄市,阿蓮區,南蓮里,837,478444,572,379,191,660,809.03,141.53
高雄市,路竹區,竹東里,1210,816459,675,422,213,825,951.89,141.07
高雄市,路竹區,竹西里,698,400276,573,393,177,711,737.01,128.52
高雄市,路竹區,竹滬里,920,520108,565,401,207,707,683.34,120.87
高雄市,路竹區,竹園里,499,249388,500,376,185,609,557.32,111.51
高雄市,路竹區,文南里,781,489016,626,395,208,765,749.65,119.73
高雄市,路竹區,文北里,936,546376,584,396,211,726,806.65,138.19
高雄市,路竹區,甲南里,999,544754,545,396,211,690,559.28,102.56
高雄市,路竹區,甲北里,619,328289,530,407,219,677,463.64,87.42
高雄市,路竹區,下坑里,679,337507,497,347,185,613,618.90,124.51
高雄市,路竹區,頂寮里,296,162161,548,390,231,658,604.48,110.34
高雄市,路竹區,鴨寮里,686,356802,520,373,188,671,522.50,100.46
高雄市,路竹區,社東里,520,288389,555,385,219,707,532.11,95.95
高雄市,路竹區,社西里,718,422772,589,395,214,724,757.91,128.72
高雄市,路竹區,社中里,243,122124,503,361,187,602,496.92,98.88
高雄市,路竹區,北嶺里,403,212614,528,406,204,662,545.56,103.41
高雄市,路竹區,三爺里,269,209390,778,356,186,703,1467.11,188.48
高雄市,路竹區,後鄉里,371,205295,553,417,212,693,594.16,107.37
高雄市,路竹區,新達里,305,155685,510,380,180,658,513.27,100.55
高雄市,路竹區,竹南里,860,644075,749,431,216,924,1237.40,165.22
高雄市,路竹區,社南里,1651,1088523,659,431,216,807,777.30,117.90
高雄市,燕巢區,東燕里,568,273425,481,355,191,636,443.19,92.07
高雄市,燕巢區,西燕里,929,519949,560,380,197,672,686.57,122.67
高雄市,燕巢區,南燕里,1057,614323,581,399,216,712,637.99,109.77
高雄市,燕巢區,尖山里,244,137533,564,362,197,635,974.86,172.95
高雄市,燕巢區,金山里,97,58495,603,413,221,862,599.12,99.35
高雄市,燕巢區,鳳雄里,651,368458,566,404,201,718,596.83,105.45
高雄市,燕巢區,深水里,548,246010,449,320,162,543,488.33,108.78
高雄市,燕巢區,角宿里,754,405558,538,374,198,664,600.02,111.55
高雄市,燕巢區,橫山里,396,212916,538,347,141,649,706.93,131.48
高雄市,燕巢區,瓊林里,618,288396,467,337,168,602,460.76,98.73
高雄市,燕巢區,安招里,910,489769,538,379,184,724,627.58,116.60
高雄市,彌陀區,彌陀里,489,276348,565,375,194,674,790.71,139.92
高雄市,彌陀區,彌仁里,120,61733,514,381,212,641,448.75,87.23
高雄市,彌陀區,彌壽里,176,94292,536,381,202,707,502.60,93.81
高雄市,彌陀區,舊港里,347,159616,460,326,183,586,473.78,103.00
高雄市,彌陀區,過港里,233,115526,496,348,176,575,773.23,155.95
高雄市,彌陀區,漯底里,286,148945,521,356,180,617,562.30,107.97
高雄市,彌陀區,鹽埕里,543,253338,467,350,168,596,482.72,103.47
高雄市,彌陀區,南寮里,476,222208,467,353,185,598,461.98,98.96
高雄市,彌陀區,文安里,425,182824,430,301,170,537,435.83,101.32
高雄市,彌陀區,光和里,355,167831,473,328,170,611,585.12,123.76
高雄市,彌陀區,海尾里,167,72858,436,283,151,516,445.55,102.13
高雄市,彌陀區,彌靖里,514,247596,482,376,187,602,499.08,103.61
高雄市,湖內區,湖內里,1147,581413,507,363,187,653,525.15,103.60
高雄市,湖內區,逸賢里,297,139453,470,337,180,579,479.17,102.05
高雄市,湖內區,中賢里,569,247537,435,311,161,529,445.30,102.36
高雄市,湖內區,文賢里,337,179515,533,347,196,687,621.84,116.74
高雄市,湖內區,太爺里,222,135956,612,407,177,774,689.84,112.64
高雄市,湖內區,大湖里,1226,677562,553,383,195,686,624.30,112.96
高雄市,湖內區,葉厝里,826,466536,565,368,202,729,601.45,106.49
高雄市,湖內區,田尾里,316,192877,610,392,209,721,840.92,137.77
高雄市,湖內區,海埔里,448,207602,463,334,164,551,492.57,106.30
高雄市,湖內區,劉家里,207,87728,424,294,182,502,441.36,104.14
高雄市,湖內區,公舘里,749,404372,540,386,208,663,557.05,103.18
高雄市,湖內區,海山里,276,157308,570,333,183,580,931.38,163.41
高雄市,湖內區,忠興里,169,79521,471,311,166,562,500.09,106.28
高雄市,湖內區,湖東里,885,477297,539,363,196,633,822.42,152.49
高雄市,旗山區,大林里,253,111888,442,333,163,585,427.48,96.66
高雄市,旗山區,中正里,264,120548,457,350,166,586,450.58,98.68
高雄市,旗山區,圓富里,361,190591,528,378,161,673,661.66,125.32
高雄市,旗山區,永和里,840,455890,543,386,198,702,574.24,105.81
高雄市,旗山區,瑞吉里,487,252849,519,367,190,678,537.69,103.56
高雄市,旗山區,竹峰里,336,212624,633,445,219,821,618.74,97.78
高雄市,旗山區,湄洲里,356,188511,530,398,171,681,598.35,113.00
高雄市,旗山區,大德里,653,362951,556,389,204,699,581.47,104.61
高雄市,旗山區,太平里,503,271433,540,353,169,632,655.16,121.41
高雄市,旗山區,東昌里,236,128813,546,361,221,661,636.74,116.66
高雄市,旗山區,東平里,453,258898,572,420,204,724,543.26,95.05
高雄市,旗山區,廣福里,127,69242,545,398,182,667,562.34,103.14
高雄市,旗山區,三協里,504,281407,558,403,198,685,635.32,113.79
高雄市,旗山區,上洲里,195,123499,633,428,221,769,826.94,130.57
高雄市,旗山區,鯤洲里,133,84851,638,403,175,718,1349.15,211.47
高雄市,旗山區,大山里,270,150231,556,383,175,743,606.27,108.96
高雄市,旗山區,中洲里,123,59708,485,364,171,604,481.97,99.29
高雄市,旗山區,南洲里,276,125892,456,342,177,597,468.97,102.81
高雄市,旗山區,新光里,164,82944,506,353,200,601,561.99,111.12
高雄市,旗山區,中寮里,25,10555,422,310,173,477,382.15,90.51
高雄市,旗山區,南勝里,434,204624,471,324,160,562,522.91,110.91
高雄市,六龜區,六龜里,122,76013,623,352,195,600,1581.88,253.89
高雄市,六龜區,義寶里,205,87773,428,334,172,625,360.65,84.23
高雄市,六龜區,中興里,227,125761,554,375,195,604,950.19,171.51
高雄市,六龜區,興龍里,91,28958,318,234,100,424,417.05,131.06
高雄市,六龜區,新發里,139,62464,449,322,156,545,521.09,115.96
高雄市,六龜區,荖濃里,133,46772,352,259,105,446,385.03,109.49
高雄市,六龜區,寶來里,86,43159,502,396,127,742,473.95,94.44
高雄市,六龜區,新興里,89,50983,573,370,199,685,645.83,112.74
高雄市,六龜區,新威里,115,64952,565,430,282,732,453.10,80.22
高雄市,六龜區,新寮里,87,46875,539,388,210,780,438.25,81.34
高雄市,六龜區,文武里,186,89464,481,372,169,612,475.60,98.88
高雄市,六龜區,大津里,47,24942,531,408,239,563,526.78,99.26
高雄市,內門區,內門里,207,94011,454,345,150,594,415.52,91.49
高雄市,內門區,永富里,164,68221,416,364,129,584,356.15,85.62
高雄市,內門區,永吉里,55,28036,510,373,152,540,554.60,108.80
高雄市,內門區,內南里,56,28976,517,362,152,655,584.05,112.87
高雄市,內門區,永興里,67,27424,409,333,149,620,343.84,84.01
高雄市,內門區,中埔里,88,40968,466,362,181,550,459.63,98.73
高雄市,內門區,東埔里,94,44114,469,325,149,638,539.83,115.03
高雄市,內門區,內豐里,242,102890,425,329,170,524,435.76,102.49
高雄市,內門區,觀亭里,320,155718,487,330,165,610,597.73,122.83
高雄市,內門區,內東里,120,53682,447,318,175,512,543.75,121.55
高雄市,內門區,內興里,75,31656,422,315,167,503,488.14,115.65
高雄市,內門區,木柵里,68,31075,457,361,157,704,381.98,83.59
高雄市,內門區,溝坪里,126,55415,440,314,211,559,421.23,95.78
高雄市,內門區,石坑里,68,29151,429,371,213,571,359.00,83.74
高雄市,內門區,瑞山里,34,15771,464,425,153,717,339.01,73.09
高雄市,內門區,光興里,100,42667,427,308,147,591,419.77,98.38
高雄市,內門區,金竹里,78,39404,505,351,199,615,543.20,107.52
高雄市,內門區,三平里,104,42262,406,301,178,541,360.29,88.66
高雄市,美濃區,泰安里,384,237093,617,432,217,858,614.75,99.57
高雄市,美濃區,瀰濃里,510,323655,635,425,215,831,643.73,101.44
高雄市,美濃區,東門里,241,138287,574,420,199,784,528.34,92.08
高雄市,美濃區,合和里,516,290710,563,378,205,709,618.44,109.77
高雄市,美濃區,中圳里,448,273504,611,452,217,839,557.98,91.40
高雄市,美濃區,福安里,589,350349,595,404,199,739,713.83,120.01
高雄市,美濃區,中壇里,458,249811,545,391,199,682,571.11,104.71
高雄市,美濃區,祿興里,564,302818,537,368,181,680,549.73,102.39
高雄市,美濃區,德興里,319,170422,534,398,210,689,519.52,97.25
高雄市,美濃區,清水里,372,196636,529,395,197,693,483.68,91.50
高雄市,美濃區,吉和里,289,142059,492,375,177,651,454.92,92.55
高雄市,美濃區,吉洋里,350,179053,512,400,211,651,563.39,110.13
高雄市,美濃區,吉東里,362,178891,494,358,166,667,533.71,108.00
高雄市,美濃區,龍肚里,274,157252,574,402,193,777,546.97,95.31
高雄市,美濃區,龍山里,396,227974,576,409,205,773,575.75,100.01
高雄市,美濃區,獅山里,498,261002,524,396,212,655,509.52,97.22
高雄市,美濃區,廣林里,237,123380,521,390,201,643,471.68,90.61
高雄市,美濃區,廣德里,216,106023,491,350,191,610,504.52,102.79
高雄市,美濃區,興隆里,215,113187,526,396,187,697,493.07,93.66
高雄市,杉林區,上平里,266,121479,457,322,149,560,534.79,117.10
高雄市,杉林區,杉林里,78,30638,393,335,219,495,299.58,76.27
高雄市,杉林區,月眉里,290,151956,524,411,192,723,458.68,87.54
高雄市,杉林區,月美里,216,111108,514,333,157,625,779.93,151.62
高雄市,杉林區,新庄里,207,96589,467,348,185,633,422.04,90.45
高雄市,杉林區,集來里,134,58055,433,328,176,540,427.58,98.69
高雄市,杉林區,木梓里,62,25433,410,307,174,440,360.68,87.93
高雄市,杉林區,大愛里,283,111057,392,320,149,513,362.20,92.30
高雄市,甲仙區,東安里,78,45047,578,390,219,699,661.35,114.51
高雄市,甲仙區,西安里,167,90183,540,412,202,727,507.59,94.00
高雄市,甲仙區,和安里,96,49685,518,403,228,637,493.48,95.35
高雄市,甲仙區,關山里,58,23142,399,333,186,606,294.50,73.81
高雄市,甲仙區,小林里,64,27022,422,327,179,576,360.16,85.30
高雄市,甲仙區,大田里,258,96428,374,286,133,505,336.00,89.90
高雄市,甲仙區,寶隆里,84,29178,347,262,135,477,310.73,89.45
高雄市,茂林區,茂林里,162,87688,541,461,248,718,470.53,86.93
高雄市,茂林區,多納里,84,44022,524,465,267,675,396.47,75.65
高雄市,茂林區,萬山里,78,70911,909,522,335,858,1565.98,172.25
高雄市,桃源區,桃源里,145,73874,509,441,218,641,481.42,94.49
高雄市,桃源區,寶山里,76,41930,552,448,268,736,430.65,78.06
高雄市,桃源區,建山里,114,51490,452,402,235,616,354.02,78.38
高雄市,桃源區,高中里,104,59099,568,425,279,667,492.38,86.65
高雄市,桃源區,勤和里,44,21552,490,465,204,660,380.14,77.61
高雄市,桃源區,復興里,47,23511,500,439,253,657,343.90,68.75
高雄市,桃源區,拉芙蘭里,45,22469,499,411,189,779,403.43,80.80
高雄市,桃源區,梅山里,31,12419,401,415,116,523,348.80,87.07
高雄市,那瑪夏區,南沙魯里,66,29964,454,421,203,587,359.58,79.20
高雄市,那瑪夏區,瑪雅里,120,76488,637,565,336,870,439.26,68.91
高雄市,那瑪夏區,達卡努瓦里,223,117732,528,436,233,690,433.82,82.17
新北市,新莊區,海山里,1695,1039947,614,387,176,757,709.87,115.70
新北市,新莊區,全安里,1401,943186,673,422,196,812,836.17,124.20
新北市,新莊區,文衡里,699,536691,768,477,223,953,909.65,118.48
新北市,新莊區,興漢里,1060,732585,691,443,226,867,875.27,126.65
新北市,新莊區,榮和里,1069,803274,751,430,203,872,1272.32,169.32
新北市,新莊區,文德里,548,435992,796,470,217,957,1500.57,188.61
新北市,新莊區,文明里,550,407577,741,423,199,899,1080.64,145.83
新北市,新莊區,中港里,2022,1343091,664,432,199,793,814.67,122.65
新北市,新莊區,頭前里,3629,3918936,1080,621,269,1359,1349.09,124.93
新北市,新莊區,丹鳳里,2722,1714195,630,433,204,817,693.80,110.17
新北市,新莊區,西盛里,4226,2844720,673,454,223,873,753.26,111.90
新北市,新莊區,瓊林里,1628,925871,569,384,197,679,638.65,112.30
新北市,新莊區,營盤里,739,455668,617,394,194,788,763.16,123.77
新北市,新莊區,後港里,2352,1377023,585,382,196,725,743.69,127.02
新北市,新莊區,國泰里,493,267403,542,360,165,688,654.37,120.64
新北市,新莊區,立人里,671,638599,952,534,244,1208,1312.92,137.95
新北市,新莊區,恆安里,1376,933848,679,426,201,840,771.18,113.63
新北市,新莊區,思源里,1685,1043991,620,406,197,789,730.31,117.87
新北市,新莊區,化成里,1394,1079516,774,434,202,930,1053.44,136.03
新北市,新莊區,福基里,2018,2007840,995,573,264,1248,1258.58,126.49
新北市,新莊區,思賢里,1306,862246,660,408,196,825,814.43,123.36
新北市,新莊區,中美里,1783,1183438,664,428,203,836,765.41,115.32
新北市,新莊區,中和里,1359,895829,659,394,190,777,1057.31,160.40
新北市,新莊區,中泰里,1273,695040,546,373,188,691,586.02,107.33
新北市,新莊區,立言里,1629,1037321,637,395,192,782,746.44,117.22
新北市,新莊區,立功里,977,530667,543,363,187,680,622.33,114.58
新北市,新莊區,立德里,838,622297,743,445,215,985,964.14,129.83
新北市,新莊區,豐年里,1091,602378,552,370,189,691,628.15,113.77
新北市,新莊區,忠孝里,1742,1231374,707,433,212,874,855.89,121.08
新北市,新莊區,立志里,1154,675905,586,397,205,713,678.59,115.86
新北市,新莊區,中誠里,620,388234,626,410,192,751,735.12,117.40
新北市,新莊區,自立里,1511,886716,587,374,190,725,690.18,117.61
新北市,新莊區,自強里,646,303808,470,328,161,619,539.28,114.67
新北市,新莊區,幸福里,1218,615402,505,345,168,638,550.84,109.02
新北市,新莊區,仁愛里,719,359705,500,357,178,618,541.75,108.29
新北市,新莊區,信義里,1604,966854,603,389,196,779,668.56,110.91
新北市,新莊區,龍鳳里,3489,2804141,804,531,248,1079,957.95,119.19
新北市,新莊區,民安里,1829,1092251,597,394,199,753,675.32,113.08
新北市,新莊區,光華里,2078,1175708,566,388,195,718,624.67,110.41
新北市,新莊區,富國里,694,358563,517,380,197,657,542.77,105.05
新北市,新莊區,裕民里,1922,1106646,576,361,182,693,829.56,144.08
新北市,新莊區,南港里,1643,940207,572,383,203,677,717.60,125.40
新北市,新莊區,萬安里,1141,587095,515,358,189,643,588.88,114.45
新北市,新莊區,八德里,885,459141,519,339,178,637,640.40,123.44
新北市,新莊區,民本里,819,377040,460,351,181,599,448.16,97.35
新北市,新莊區,光榮里,1249,707802,567,383,196,736,641.23,113.15
新北市,新莊區,光明里,1444,840668,582,391,208,738,616.80,105.95
新北市,新莊區,合鳳里,1283,622980,486,332,169,608,568.59,117.10
新北市,新莊區,雙鳳里,3756,3015924,803,521,246,1041,946.73,117.91
新北市,新莊區,和平里,1513,844514,558,383,184,728,591.69,106.00
新北市,新莊區,自信里,735,475095,646,389,200,773,942.79,145.85
新北市,新莊區,全泰里,1653,1280184,774,483,230,967,1000.29,129.16
新北市,新莊區,立泰里,1577,1041980,661,415,200,861,748.11,113.22
新北市,新莊區,立基里,2007,1549496,772,481,226,954,985.73,127.68
新北市,新莊區,中宏里,1185,731982,618,417,204,795,679.04,109.93
新北市,新莊區,中全里,1031,530686,515,364,192,665,528.71,102.72
新北市,新莊區,中華里,926,730588,789,500,226,1009,893.07,113.19
新北市,新莊區,中隆里,1611,1268035,787,460,217,986,1007.64,128.02
新北市,新莊區,中原里,4416,3971444,899,512,229,1111,1203.20,133.79
新北市,新莊區,中信里,2710,1845025,681,450,213,875,749.83,110.14
新北市,新莊區,仁義里,1024,533243,521,335,173,654,606.33,116.43
新北市,新莊區,建福里,852,419070,492,354,180,665,530.02,107.76
新北市,新莊區,四維里,1275,633084,497,354,175,616,529.22,106.58
新北市,新莊區,文聖里,1176,926955,788,500,230,976,976.13,123.84
新北市,新莊區,福營里,890,542828,610,373,187,711,826.47,135.51
新北市,新莊區,後德里,1050,700247,667,443,212,835,863.83,129.53
新北市,新莊區,建安里,2168,1335842,616,412,206,794,657.57,106.72
新北市,新莊區,龍安里,660,332525,504,350,179,616,623.63,123.78
新北市,新莊區,昌平里,2975,3008445,1011,597,267,1258,1315.16,130.05
新北市,新莊區,昌明里,1109,684530,617,377,177,748,733.09,118.77
新北市,新莊區,成德里,1502,811685,540,379,188,687,571.58,105.77
新北市,新莊區,福興里,1948,1215636,624,390,194,760,753.02,120.67
新北市,新莊區,昌信里,1223,950646,777,490,222,1038,858.31,110.42
新北市,新莊區,昌隆里,1472,1051629,714,462,220,924,807.08,112.97
新北市,新莊區,中平里,2973,2415959,813,523,243,1064,958.53,117.95
新北市,新莊區,立廷里,4068,3848128,946,616,278,1239,1098.49,116.13
新北市,新莊區,泰豐里,750,459934,613,388,203,768,725.49,118.30
新北市,新莊區,富民里,1207,632257,524,363,201,679,527.77,100.75
新北市,新莊區,龍福里,704,412519,586,405,211,783,609.11,103.95
新北市,新莊區,祥鳳里,752,418032,556,384,194,694,588.54,105.87
新北市,新莊區,民全里,1213,696106,574,400,203,739,632.91,110.29
新北市,新莊區,民有里,1257,706265,562,401,196,737,573.21,102.02
新北市,新莊區,光正里,1350,784290,581,391,195,699,695.59,119.73
新北市,新莊區,光和里,759,374755,494,356,192,613,538.15,108.99
新北市,林口區,東林里,1191,633211,532,364,193,602,651.99,122.63
新北市,林口區,林口里,1672,997163,596,374,188,739,755.01,126.60
新北市,林口區,西林里,3443,3190434,927,520,240,1119,1384.66,149.43
新北市,林口區,湖北里,449,279140,622,387,200,771,733.65,118.01
新北市,林口區,菁湖里,1431,1228128,858,480,217,1038,1267.05,147.63
新北市,林口區,湖南里,8611,9715362,1128,703,309,1452,1461.72,129.56
新北市,林口區,南勢里,9000,11585634,1287,817,345,1695,1863.78,144.78
新北市,林口區,頂福里,302,152193,504,374,199,648,524.15,104.01
新北市,林口區,下福里,385,224861,584,389,198,722,821.84,140.71
新北市,林口區,嘉寶里,260,130500,502,363,200,606,597.67,119.08
新北市,林口區,瑞平里,219,116294,531,361,186,592,744.10,140.13
新北市,林口區,太平里,442,235515,533,367,212,642,593.69,111.42
新北市,林口區,中湖里,1451,1106554,763,499,244,945,998.82,130.97
新北市,林口區,東勢里,2333,1732031,742,447,213,887,969.27,130.56
新北市,林口區,仁愛里,2426,2579622,1063,612,266,1388,1395.67,131.26
新北市,林口區,麗林里,2953,2874619,973,567,252,1226,1227.31,126.08
新北市,林口區,麗園里,1343,1117713,832,433,210,916,1866.46,224.27
新北市,五股區,興珍里,1552,925183,596,368,172,698,1100.58,184.62
新北市,五股區,更寮里,292,163597,560,418,188,688,627.32,111.97
新北市,五股區,集福里,1083,553572,511,381,188,668,491.29,96.12
新北市,五股區,觀音里,286,147742,517,363,196,654,504.04,97.57
新北市,五股區,成州里,1622,871591,537,364,182,672,635.70,118.30
新北市,五股區,五股里,1131,646553,572,356,170,676,731.63,127.98
新北市,五股區,五龍里,346,189914,549,348,172,682,674.04,122.80
新北市,五股區,德音里,1693,1248407,737,415,198,827,1450.01,196.64
新北市,五股區,貿商里,864,522016,604,385,189,753,711.00,117.68
新北市,五股區,陸一里,671,394972,589,366,183,725,750.92,127.57
新北市,五股區,成功里,2198,1239015,564,400,201,737,583.94,103.59
新北市,五股區,五福里,1035,505929,489,317,178,584,600.35,122.82
新北市,五股區,成德里,935,515976,552,389,206,678,643.20,116.55
新北市,五股區,德泰里,1361,1530077,1124,394,189,750,18514.44,1646.86
新北市,五股區,六福里,1156,597217,517,348,182,644,573.52,111.01
新北市,五股區,集賢里,1177,569284,484,364,194,620,500.89,103.56
新北市,五股區,民義里,1062,623015,587,390,187,738,702.75,119.79
新北市,五股區,成泰里,3623,2489446,687,459,219,912,750.88,109.28
新北市,五股區,水碓里,2471,1448311,586,384,191,719,673.72,114.95
新北市,五股區,福德里,1042,615343,591,417,206,781,627.38,106.24
新北市,蘆洲區,樓厝里,2147,1433428,668,436,217,846,741.56,111.07
新北市,蘆洲區,保和里,714,437623,613,419,194,797,650.60,106.15
新北市,蘆洲區,得勝里,927,523873,565,367,198,676,746.31,132.06
新北市,蘆洲區,仁復里,562,373427,664,406,175,795,1007.38,151.61
新北市,蘆洲區,溪墘里,897,510278,569,385,189,698,683.56,120.16
新北市,蘆洲區,中路里,1216,704698,580,386,189,715,667.16,115.12
新北市,蘆洲區,正義里,4632,4663624,1007,643,272,1302,1309.71,130.08
新北市,蘆洲區,水湳里,3289,2212388,673,420,205,861,765.64,113.82
新北市,蘆洲區,保佑里,1105,618576,560,371,180,706,611.58,109.25
新北市,蘆洲區,樹德里,953,560497,588,387,200,707,758.69,129.00
新北市,蘆洲區,中原里,1792,1270767,709,415,197,899,893.49,126.00
新北市,蘆洲區,恆德里,1855,1302978,702,425,200,849,885.30,126.04
新北市,蘆洲區,光華里,1565,998231,638,411,191,785,854.05,133.90
新北市,蘆洲區,鷺江里,1672,1154093,690,420,213,814,1093.07,158.36
新北市,蘆洲區,南港里,1698,996260,587,392,201,734,639.64,109.02
新北市,蘆洲區,永樂里,1874,1151324,614,386,195,761,729.61,118.76
新北市,蘆洲區,永康里,2029,1147719,566,379,183,730,593.25,104.88
新北市,蘆洲區,信義里,1095,623284,569,390,206,709,632.57,111.13
新北市,蘆洲區,玉清里,1795,1318598,735,465,216,854,1111.79,151.35
新北市,蘆洲區,復興里,948,507385,535,380,195,656,582.00,108.74
新北市,蘆洲區,水河里,2824,1597798,566,380,192,726,623.79,110.25
新北市,蘆洲區,仁愛里,1640,960909,586,371,195,757,682.83,116.54
新北市,蘆洲區,忠義里,926,558564,603,382,196,723,964.24,159.85
新北市,蘆洲區,九芎里,1584,868800,548,382,197,687,617.55,112.59
新北市,蘆洲區,中華里,943,596385,632,404,196,771,801.48,126.73
新北市,蘆洲區,得仁里,960,541750,564,369,198,700,627.16,111.14
新北市,蘆洲區,仁德里,1618,1005908,622,391,193,774,754.50,121.36
新北市,蘆洲區,仁義里,1304,957487,734,415,202,838,961.69,130.97
新北市,蘆洲區,光明里,1407,882998,628,414,210,803,685.40,109.21
新北市,蘆洲區,保新里,1158,788599,681,422,205,830,803.94,118.05
新北市,蘆洲區,長安里,1407,705518,501,344,174,634,564.72,112.62
新北市,蘆洲區,民和里,746,413950,555,386,187,721,591.25,106.55
新北市,蘆洲區,忠孝里,739,438651,594,411,186,721,696.48,117.34
新北市,蘆洲區,福安里,1019,613966,603,358,182,763,812.83,134.91
新北市,蘆洲區,永安里,1543,868524,563,385,201,725,594.93,105.69
新北市,蘆洲區,延平里,1175,692242,589,390,187,718,785.09,133.26
新北市,蘆洲區,成功里,2240,1299786,580,384,199,717,666.41,114.85
新北市,蘆洲區,永德里,1344,735620,547,385,188,687,771.34,140.93
新北市,三重區,二重里,476,227341,478,347,184,630,457.96,95.89
新北市,三重區,五谷里,679,434226,640,437,211,802,713.47,111.57
新北市,三重區,德厚里,97,57809,596,349,181,815,709.62,119.07
新北市,三重區,福祉里,1921,1479961,770,472,226,974,979.13,127.09
新北市,三重區,過田里,2110,1451250,688,410,195,832,936.85,136.21
新北市,三重區,溪美里,2660,1827741,687,419,208,866,880.81,128.19
新北市,三重區,厚德里,1069,766079,717,438,217,885,965.23,134.69
新北市,三重區,慈化里,707,381813,540,375,187,683,562.23,104.11
新北市,三重區,永安里,1156,715384,619,409,209,777,679.38,109.78
新北市,三重區,六合里,1101,616682,560,379,185,707,631.16,112.68
新北市,三重區,福利里,794,602794,759,455,222,1052,832.58,109.67
新北市,三重區,永興里,473,330032,698,429,222,876,804.75,115.34
新北市,三重區,清和里,1401,1076422,768,467,210,960,924.27,120.30
新北市,三重區,仁德里,557,301371,541,360,153,683,654.59,120.98
新北市,三重區,開元里,481,343285,714,463,212,884,841.65,117.93
新北市,三重區,大德里,249,145035,582,364,206,750,613.47,105.32
新北市,三重區,錦通里,387,187316,484,321,143,609,528.99,109.29
新北市,三重區,光華里,749,556521,743,451,214,908,1175.50,158.21
新北市,三重區,光榮里,468,324858,694,434,188,831,961.85,138.57
新北市,三重區,大園里,785,590369,752,405,190,852,1332.46,177.17
新北市,三重區,長生里,255,159872,627,362,160,811,836.96,133.50
新北市,三重區,長安里,594,340347,573,352,181,658,730.73,127.53
新北市,三重區,同安里,369,174782,474,344,195,603,449.14,94.82
新北市,三重區,光明里,2464,1922828,780,457,225,902,1055.87,135.30
新北市,三重區,菜寮里,633,381637,603,408,207,759,844.20,140.02
新北市,三重區,大同里,649,433251,668,431,216,857,757.14,113.42
新北市,三重區,長泰里,595,327603,551,371,183,663,613.96,111.51
新北市,三重區,長元里,688,357337,519,338,171,649,577.53,111.19
新北市,三重區,介壽里,334,205380,615,359,169,655,853.26,138.76
新北市,三重區,三安里,775,458503,592,381,186,736,702.34,118.71
新北市,三重區,文化里,690,439912,638,375,192,707,956.87,150.08
新北市,三重區,正義里,572,385620,674,398,205,837,976.56,144.86
新北市,三重區,中正里,407,229400,564,397,190,676,697.99,123.84
新北市,三重區,仁義里,386,232654,603,349,158,652,850.59,141.12
新北市,三重區,長江里,597,419980,703,426,206,833,941.96,133.90
新北市,三重區,錦江里,597,293061,491,357,184,604,553.40,112.73
新北市,三重區,龍門里,516,316606,614,380,164,768,780.11,127.14
新北市,三重區,大安里,411,219655,534,363,190,686,541.54,101.33
新北市,三重區,光正里,936,909346,972,583,238,1365,1128.78,116.19
新北市,三重區,重新里,473,270086,571,387,173,706,683.00,119.61
新北市,三重區,民生里,1179,619220,525,351,167,656,595.15,113.32
新北市,三重區,中山里,925,754827,816,402,210,877,2130.44,261.07
新北市,三重區,國隆里,798,499471,626,404,195,787,673.67,107.63
新北市,三重區,重陽里,1057,602262,570,392,199,705,634.11,111.29
新北市,三重區,幸福里,1351,789302,584,372,183,708,713.80,122.18
新北市,三重區,福安里,887,538881,608,417,213,741,731.30,120.37
新北市,三重區,信安里,660,429471,651,406,200,824,748.60,115.04
新北市,三重區,安慶里,593,300818,507,350,170,644,602.53,118.78
新北市,三重區,順德里,597,314502,527,358,180,628,711.32,135.03
新北市,三重區,承德里,475,283169,596,393,189,762,688.73,115.53
新北市,三重區,瑞德里,627,324264,517,336,188,656,557.17,107.73
新北市,三重區,崇德里,1028,548941,534,367,177,675,575.10,107.70
新北市,三重區,尚德里,849,465425,548,361,177,696,650.08,118.58
新北市,三重區,培德里,1126,728512,647,428,216,777,821.00,126.89
新北市,三重區,自強里,529,287952,544,339,183,738,569.32,104.59
新北市,三重區,大有里,1753,1018693,581,400,207,736,677.07,116.51
新北市,三重區,頂崁里,924,699018,757,426,193,869,1047.43,138.45
新北市,三重區,谷王里,299,186569,624,432,220,801,651.99,104.49
新北市,三重區,中興里,1399,971223,694,420,201,821,915.58,131.89
新北市,三重區,成功里,2205,1844736,837,535,239,1090,984.65,117.69
新北市,三重區,重明里,1169,1056088,903,489,231,1125,1358.08,150.33
新北市,三重區,光田里,1407,1004992,714,433,199,860,1083.97,151.76
新北市,三重區,田心里,1197,678091,566,367,191,706,711.28,125.56
新北市,三重區,福隆里,1401,958556,684,436,202,852,841.16,122.94
新北市,三重區,五常里,1210,654798,541,380,189,684,579.50,107.09
新北市,三重區,慈生里,585,309496,529,357,183,676,619.08,117.02
新北市,三重區,碧華里,2990,3101267,1037,597,250,1309,1761.43,169.82
新北市,三重區,永德里,1325,721084,544,369,179,700,609.71,112.04
新北市,三重區,永福里,1527,883022,578,380,187,714,689.12,119.17
新北市,三重區,福星里,397,290535,732,447,248,921,829.01,113.28
新北市,三重區,錦安里,507,274546,542,363,199,660,622.86,115.02
新北市,三重區,光輝里,459,270678,590,360,199,694,827.41,140.31
新北市,三重區,同慶里,533,360122,676,438,209,835,775.36,114.76
新北市,三重區,永春里,580,360050,621,398,208,733,787.34,126.83
新北市,三重區,中民里,354,170972,483,337,153,617,546.61,113.18
新北市,三重區,長福里,466,283783,609,410,213,790,617.48,101.40
新北市,三重區,奕壽里,533,352968,662,407,204,769,911.92,137.70
新北市,三重區,萬壽里,568,355880,627,433,219,772,669.93,106.92
新北市,三重區,中央里,483,273689,567,391,187,721,605.64,106.88
新北市,三重區,雙園里,299,169856,568,330,184,592,868.06,152.80
新北市,三重區,正安里,574,351483,612,388,209,759,696.98,113.82
新北市,三重區,吉利里,415,221972,535,378,205,688,535.09,100.04
新北市,三重區,忠孝里,528,302448,573,384,183,733,656.80,114.66
新北市,三重區,秀江里,357,199954,560,375,178,715,614.74,109.76
新北市,三重區,龍濱里,945,597807,633,373,197,716,875.85,138.45
新北市,三重區,平和里,385,178143,463,296,142,561,579.67,125.28
新北市,三重區,正德里,308,168493,547,347,162,724,612.06,111.88
新北市,三重區,五福里,1154,900435,780,478,224,1006,889.42,113.99
新北市,三重區,富華里,991,684265,690,436,209,873,917.31,132.85
新北市,三重區,田安里,1905,1209225,635,404,193,794,749.92,118.14
新北市,三重區,慈惠里,619,370806,599,400,208,768,674.55,112.60
新北市,三重區,慈福里,566,284426,503,362,183,684,502.07,99.91
新北市,三重區,永盛里,845,473830,561,379,193,689,632.62,112.82
新北市,三重區,福民里,1012,571143,564,367,190,716,643.95,114.10
新北市,三重區,田中里,1890,1229900,651,420,213,824,741.82,114.00
新北市,三重區,永清里,1537,905496,589,404,206,737,658.89,111.84
新北市,三重區,維德里,814,459491,564,391,188,745,618.45,109.56
新北市,三重區,五華里,1606,1441564,898,458,226,1024,1733.15,193.08
新北市,三重區,永煇里,681,357486,525,371,188,648,582.60,110.98
新北市,三重區,三民里,969,652575,673,426,212,854,877.95,130.37
新北市,三重區,錦田里,662,469132,709,410,201,850,1247.26,176.00
新北市,三重區,慈祐里,1436,915497,638,410,197,800,747.42,117.24
新北市,三重區,六福里,1664,970222,583,393,195,750,646.28,110.84
新北市,三重區,光陽里,2142,1614369,754,465,231,904,1055.37,140.03
新北市,三重區,福田里,1096,642758,586,387,197,736,705.53,120.30
新北市,三重區,富福里,563,313682,557,379,199,694,636.60,114.26
新北市,三重區,仁忠里,811,418269,516,361,181,685,554.42,107.50
新北市,三重區,富貴里,2212,2351332,1063,550,247,1258,2180.08,205.09
新北市,三重區,慈愛里,908,438075,482,343,172,651,484.56,100.44
新北市,三重區,福德里,1332,900734,676,400,192,839,902.96,133.53
新北市,三重區,永豐里,1677,940455,561,380,192,716,597.06,106.47
新北市,三重區,博愛里,1370,810925,592,402,193,718,770.36,130.15
新北市,三重區,永吉里,859,526266,613,406,194,746,789.07,128.80
新北市,三重區,永順里,1420,750342,528,356,182,658,613.25,116.05
新北市,三重區,永發里,1978,1309959,662,438,205,872,749.65,113.19
新北市,三重區,立德里,999,610310,611,377,182,775,737.75,120.76
新北市,三重區,福樂里,1016,611653,602,367,192,699,1330.27,220.97
新北市,三重區,仁華里,1301,863192,663,423,203,875,782.81,117.99
新北市,三重區,五順里,1103,594792,539,368,196,669,567.40,105.22
新北市,泰山區,黎明里,1029,606578,589,397,194,743,670.69,113.78
新北市,泰山區,大科里,268,159976,597,411,154,896,580.94,97.32
新北市,泰山區,山腳里,2014,1163314,578,392,190,737,623.77,107.99
新北市,泰山區,楓樹里,1346,912950,678,430,201,848,840.18,123.87
新北市,泰山區,同榮里,1278,773817,605,404,189,822,641.84,106.00
新北市,泰山區,義學里,1488,875783,589,407,205,769,610.17,103.67
新北市,泰山區,明志里,1229,765622,623,406,196,744,855.79,137.37
新北市,泰山區,貴子里,1331,896851,674,446,200,871,722.69,107.25
新北市,泰山區,貴和里,1606,984143,613,412,206,802,702.23,114.60
新北市,泰山區,福泰里,773,394999,511,346,176,636,600.96,117.61
新北市,泰山區,同興里,1175,880736,750,461,216,991,1221.95,163.02
新北市,泰山區,義仁里,2748,2007509,731,482,228,968,798.96,109.37
新北市,泰山區,泰友里,626,351919,562,382,200,763,574.23,102.15
新北市,泰山區,新明里,969,514710,531,338,172,648,600.24,113.00
新北市,泰山區,貴賢里,1262,882150,699,440,226,884,873.03,124.90
新北市,泰山區,福興里,1142,858387,752,479,232,984,829.18,110.31
新北市,泰山區,全興里,2982,2640713,886,607,271,1206,934.17,105.49
新北市,新店區,張北里,3151,3221977,1023,568,246,1240,1450.61,141.87
新北市,新店區,張南里,828,844057,1019,568,242,1267,1403.11,137.64
新北市,新店區,廣明里,294,235657,802,517,256,938,1130.21,141.00
新北市,新店區,江陵里,2077,2338035,1126,584,256,1323,1785.11,158.58
新北市,新店區,百忍里,1255,928125,740,467,244,961,814.31,110.11
新北市,新店區,青潭里,1746,1138883,652,447,215,844,673.87,103.31
新北市,新店區,員潭里,1610,1030236,640,440,211,862,680.33,106.32
新北市,新店區,雙坑里,167,67725,406,306,131,502,400.18,98.68
新北市,新店區,粗坑里,988,789523,799,438,200,1021,1063.22,133.05
新北市,新店區,屈尺里,626,321496,514,371,177,658,524.42,102.11
新北市,新店區,廣興里,301,168893,561,370,171,667,657.88,117.25
新北市,新店區,龜山里,436,251569,577,344,144,708,877.16,152.02
新北市,新店區,直潭里,361,269740,747,401,203,790,1269.47,169.90
新北市,新店區,塗潭里,204,100855,494,329,141,544,764.55,154.64
新北市,新店區,公崙里,4456,3651676,819,512,241,1089,956.89,116.77
新北市,新店區,柴埕里,2923,2098694,718,451,206,911,1193.44,166.22
新北市,新店區,雙城里,1527,845999,554,398,179,726,587.05,105.96
新北市,新店區,頂城里,384,221876,578,367,195,681,654.75,113.32
新北市,新店區,下城里,1036,2145687,2071,642,269,1685,6719.64,324.44
新北市,新店區,文中里,605,545003,901,498,237,1092,1250.95,138.87
新北市,新店區,國校里,840,655783,781,462,222,992,955.01,122.33
新北市,新店區,新生里,2072,1906586,920,525,220,1161,1321.58,143.62
新北市,新店區,中興里,1838,1598469,870,525,231,1102,1092.23,125.59
新北市,新店區,新安里,1574,1333543,847,485,232,1041,1530.83,180.69
新北市,新店區,文明里,818,728394,890,470,219,1001,1410.75,158.43
新北市,新店區,寶興里,2033,2550407,1255,588,250,1410,2374.51,189.28
新北市,新店區,寶安里,1956,1675237,856,495,227,1021,1245.52,145.43
新北市,新店區,信義里,2404,2335911,972,500,227,1143,1571.68,161.75
新北市,新店區,忠孝里,921,766573,832,445,214,852,2567.06,308.42
新北市,新店區,大鵬里,950,924960,974,522,251,1162,2418.65,248.41
新北市,新店區,大豐里,1285,1048809,816,516,228,1056,962.52,117.93
新北市,新店區,明德里,1459,1283466,880,494,232,1020,1444.28,164.18
新北市,新店區,中山里,1780,2563079,1440,783,316,1735,2932.98,203.69
新北市,新店區,和平里,304,143310,471,332,156,624,521.63,110.65
新北市,新店區,仁愛里,706,547704,776,485,224,932,973.37,125.47
新北市,新店區,中正里,2003,1641689,820,514,242,1005,1034.77,126.25
新北市,新店區,美潭里,1706,1188927,697,433,202,867,854.26,122.58
新北市,新店區,德安里,1783,1075312,603,400,203,771,689.99,114.41
新北市,新店區,太平里,1013,772869,763,436,207,944,1101.29,144.35
新北市,新店區,中央里,2287,2888121,1263,680,267,1599,1930.05,152.83
新北市,新店區,百和里,1120,885596,791,476,209,1061,973.70,123.14
新北市,新店區,福德里,1260,966256,767,449,215,910,1630.99,212.68
新北市,新店區,福民里,1436,1285046,895,549,242,1092,1327.81,148.38
新北市,新店區,百福里,1321,1256970,952,552,247,1178,1270.76,133.55
新北市,新店區,國豐里,1067,887957,832,494,231,959,2058.38,247.34
新北市,新店區,新德里,914,703020,769,461,222,918,1002.71,130.36
新北市,新店區,五峰里,2886,2965981,1028,497,222,1131,2025.66,197.10
新北市,新店區,中華里,1467,1510599,1030,487,223,1162,2050.36,199.12
新北市,新店區,忠誠里,903,778158,862,491,231,1092,1291.46,149.87
新北市,新店區,永安里,1591,919139,578,393,205,715,635.80,110.06
新北市,新店區,新店里,568,411920,725,405,178,942,904.10,124.67
新北市,新店區,大同里,1395,1242321,891,506,223,1108,1608.30,180.60
新北市,新店區,玫瑰里,1825,1033465,566,393,190,725,738.71,130.45
新北市,新店區,日興里,1546,775109,501,349,171,623,611.13,121.89
新北市,新店區,寶福里,2513,2543986,1012,528,226,1194,2043.23,201.83
新北市,新店區,安和里,2565,1984729,774,478,218,991,970.48,125.42
新北市,新店區,明城里,1202,1034416,861,486,218,1067,1242.86,144.42
新北市,新店區,吉祥里,1533,1015230,662,431,197,809,833.45,125.85
新北市,新店區,小城里,1235,988664,801,456,222,950,1124.33,140.45
新北市,新店區,香坡里,3644,3129495,859,496,224,1046,1353.73,157.63
新北市,新店區,建國里,992,817222,824,518,202,1036,1285.17,156.00
新北市,新店區,復興里,1063,772846,727,429,203,920,1157.31,159.18
新北市,新店區,美城里,814,445773,548,353,176,666,687.14,125.47
新北市,新店區,安昌里,1853,1415098,764,515,233,1005,858.31,112.39
新北市,新店區,長春里,957,1181775,1235,649,249,1448,4281.85,346.74
新北市,新店區,新和里,1348,827497,614,417,196,786,671.69,109.42
新北市,新店區,永平里,1760,1189331,676,429,201,847,1008.05,149.17
新北市,新店區,達觀里,1436,1040003,724,453,208,943,843.59,116.48
新北市,新店區,華城里,1092,1904760,1744,854,320,2019,2788.22,159.85
新北市,石碇區,石碇里,106,60399,570,337,194,596,997.09,174.99
新北市,石碇區,潭邊里,204,126068,618,380,157,619,977.18,158.12
新北市,石碇區,烏塗里,145,77312,533,363,168,650,629.64,118.09
新北市,石碇區,豐林里,81,40196,496,400,165,601,560.82,113.01
新北市,石碇區,隆盛里,177,101753,575,380,204,717,624.08,108.56
新北市,石碇區,中民里,177,85384,482,376,218,664,371.64,77.04
新北市,石碇區,永定里,129,56074,435,304,144,529,450.12,103.55
新北市,石碇區,光明里,54,29129,539,252,135,542,768.39,142.45
新北市,石碇區,彭山里,67,36068,538,315,141,549,1303.88,242.21
新北市,石碇區,豐田里,94,53551,570,422,170,721,570.06,100.06
新北市,石碇區,格頭里,235,119379,508,338,174,626,591.60,116.46
新北市,石碇區,永安里,211,103008,488,330,183,602,490.39,100.45
新北市,深坑區,深坑里,1033,668992,648,425,195,835,728.73,112.52
新北市,深坑區,萬順里,824,506472,615,386,183,799,715.92,116.48
新北市,深坑區,阿柔里,165,92725,562,395,216,670,685.46,121.98
新北市,深坑區,昇高里,601,362626,603,391,204,755,673.17,111.57
新北市,深坑區,土庫里,897,557299,621,375,201,711,844.64,135.95
新北市,深坑區,埔新里,1928,1350757,701,422,212,874,1271.99,181.56
新北市,深坑區,萬福里,825,601827,729,433,199,830,1191.75,163.37
新北市,深坑區,賴仲里,728,504879,694,465,222,895,762.23,109.91
新北市,坪林區,坪林里,378,203118,537,371,192,673,627.78,116.83
新北市,坪林區,水德里,138,75244,545,441,283,739,422.75,77.53
新北市,坪林區,大林里,286,153840,538,384,157,637,798.79,148.50
新北市,坪林區,上德里,179,96605,540,302,165,529,1142.68,211.73
新北市,坪林區,漁光里,158,77614,491,360,173,664,468.43,95.36
新北市,坪林區,石𥕢里,100,48647,486,321,177,616,475.96,97.84
新北市,坪林區,粗窟里,205,118205,577,407,175,618,747.05,129.56
新北市,烏來區,烏來里,639,396354,620,434,214,791,640.11,103.20
新北市,烏來區,忠治里,420,221536,527,388,201,671,528.22,100.14
新北市,烏來區,孝義里,57,30912,542,380,235,717,508.06,93.68
新北市,烏來區,信賢里,128,66750,521,371,211,578,501.75,96.22
新北市,烏來區,福山里,123,64178,522,404,190,713,467.10,89.52
新北市,板橋區,留侯里,476,317879,668,435,201,914,697.01,104.37
新北市,板橋區,流芳里,476,414597,871,490,229,1010,1221.70,140.26
新北市,板橋區,赤松里,358,320744,896,561,254,1114,1027.67,114.70
新北市,板橋區,黃石里,369,341222,925,503,263,1121,1254.40,135.65
新北市,板橋區,挹秀里,698,830933,1190,605,270,1195,2528.67,212.41
新北市,板橋區,社後里,2017,1357265,673,407,198,828,899.73,133.71
新北市,板橋區,新埔里,669,521067,779,466,236,973,1050.39,134.86
新北市,板橋區,江翠里,1588,1286057,810,469,205,986,1106.81,136.67
新北市,板橋區,松翠里,1035,764147,738,433,220,887,1088.30,147.41
新北市,板橋區,嵐翠里,678,404043,596,397,199,746,795.14,133.43
新北市,板橋區,深丘里,3011,3783431,1257,678,288,1444,2069.72,164.72
新北市,板橋區,埔墘里,2025,1502627,742,469,210,907,939.77,126.65
新北市,板橋區,港嘴里,1851,1261264,681,434,212,848,793.35,116.43
新北市,板橋區,湳興里,1582,1085548,686,450,205,899,779.71,113.63
新北市,板橋區,鄉雲里,1282,1028747,802,509,246,994,988.09,123.13
新北市,板橋區,景星里,1162,887907,764,495,235,990,855.21,111.92
新北市,板橋區,廣福里,1224,833202,681,429,195,847,900.53,132.29
新北市,板橋區,溪洲里,1778,1110429,625,383,192,741,809.39,129.60
新北市,板橋區,崑崙里,2961,1956806,661,429,215,852,815.31,123.37
新北市,板橋區,浮洲里,1032,628503,609,405,211,777,1019.12,167.34
新北市,板橋區,中正里,1632,1211528,742,508,257,982,767.06,103.33
新北市,板橋區,中山里,2160,1369960,634,452,217,873,630.27,99.37
新北市,板橋區,復興里,199,96970,487,382,194,593,449.42,92.23
新北市,板橋區,自強里,1842,1381751,750,473,227,944,898.85,119.83
新北市,板橋區,國光里,1252,1064846,851,518,254,1106,986.57,116.00
新北市,板橋區,新興里,933,638045,684,474,221,886,733.19,107.21
新北市,板橋區,福德里,1559,1231466,790,482,214,1006,1062.43,134.50
新北市,板橋區,和平里,1344,1513452,1126,753,326,1553,1223.43,108.64
新北市,板橋區,仁愛里,917,555635,606,401,189,775,682.99,112.72
新北市,板橋區,福星里,1195,1003602,840,530,227,1108,963.02,114.67
新北市,板橋區,公館里,1140,775992,681,436,202,858,772.46,113.48
新北市,板橋區,新民里,1303,1017249,781,497,247,989,978.32,125.31
新北市,板橋區,振興里,1276,794204,622,395,185,734,862.38,138.55
新北市,板橋區,光復里,1045,767858,735,430,204,906,982.54,133.72
新北市,板橋區,香丘里,1160,854183,736,459,217,970,790.56,107.36
新北市,板橋區,雙玉里,1131,850394,752,464,224,948,878.34,116.82
新北市,板橋區,福壽里,1028,905643,881,485,247,927,1435.72,162.97
新北市,板橋區,玉光里,1606,1120492,698,448,219,899,786.37,112.71
新北市,板橋區,港尾里,994,803690,809,513,246,1046,980.66,121.29
新北市,板橋區,民權里,843,542743,644,429,208,827,689.57,107.11
新北市,板橋區,建國里,1016,587866,579,410,192,712,583.77,100.89
新北市,板橋區,百壽里,804,693864,863,535,262,1123,1016.23,117.75
新北市,板橋區,忠誠里,1353,1220528,902,563,250,1156,1085.53,120.34
新北市,板橋區,幸福里,1115,682957,613,403,191,770,683.56,111.60
新北市,板橋區,漢生里,1395,1192689,855,519,237,1052,1628.70,190.50
新北市,板橋區,聯翠里,1260,1210216,960,578,267,1208,1112.16,115.79
新北市,板橋區,宏翠里,1787,1350626,756,508,242,999,831.73,110.05
新北市,板橋區,華翠里,1140,894571,785,474,236,995,915.20,116.63
新北市,板橋區,福翠里,371,189867,512,386,181,707,476.99,93.20
新北市,板橋區,九如里,831,548180,660,406,208,796,848.75,128.66
新北市,板橋區,埤墘里,1312,1163354,887,507,264,1040,1420.16,160.16
新北市,板橋區,廣新里,930,573139,616,399,203,802,718.65,116.61
新北市,板橋區,福丘里,1867,2837999,1520,824,327,1835,2221.85,146.17
新北市,板橋區,廣德里,2123,1711296,806,487,224,1014,1005.66,124.76
新北市,板橋區,福祿里,1199,922756,770,493,230,1026,838.99,109.02
新北市,板橋區,華興里,1336,984506,737,501,237,957,787.45,106.86
新北市,板橋區,聚安里,1394,855324,614,415,205,752,725.51,118.24
新北市,板橋區,龍翠里,1607,1430577,890,481,236,1084,1430.87,160.73
新北市,板橋區,柏翠里,1617,1533208,948,570,258,1176,1305.60,137.70
新北市,板橋區,文翠里,1275,932674,732,452,219,853,1114.82,152.40
新北市,板橋區,青翠里,814,514253,632,405,210,768,722.80,114.41
新北市,板橋區,香社里,1281,849914,663,425,213,798,918.83,138.49
新北市,板橋區,大安里,1049,611789,583,387,192,692,783.28,134.30
新北市,板橋區,東丘里,1310,986780,753,445,218,876,1049.19,139.29
新北市,板橋區,華德里,2263,1761870,779,498,238,1016,892.79,114.67
新北市,板橋區,國泰里,1100,913386,830,518,213,1085,949.84,114.39
新北市,板橋區,光華里,915,667801,730,441,203,880,925.08,126.75
新北市,板橋區,自立里,827,476649,576,410,208,779,577.64,100.22
新北市,板橋區,重慶里,2660,1736238,653,436,211,883,693.75,106.29
新北市,板橋區,港德里,1330,858935,646,404,201,815,749.23,116.01
新北市,板橋區,忠翠里,3736,4559627,1220,686,288,1580,1574.59,129.02
新北市,板橋區,明翠里,1385,926126,669,425,202,826,818.15,122.35
新北市,板橋區,滿翠里,801,426503,532,369,192,677,565.11,106.13
新北市,板橋區,新翠里,2693,2131187,791,480,221,999,963.17,121.71
新北市,板橋區,溪頭里,1963,1553481,791,489,233,983,1020.44,128.94
新北市,板橋區,華江里,2457,2669937,1087,623,270,1414,1386.58,127.60
新北市,板橋區,海山里,2388,2229576,934,542,257,1139,1200.43,128.57
新北市,板橋區,大豐里,1417,931471,657,425,196,787,772.17,117.47
新北市,板橋區,吉翠里,988,549376,556,375,198,707,637.93,114.73
新北市,板橋區,民族里,1474,1449956,984,613,270,1288,1205.43,122.54
新北市,板橋區,信義里,1287,850366,661,404,200,806,855.07,129.41
新北市,板橋區,純翠里,1739,1286875,740,459,221,924,969.78,131.05
新北市,板橋區,長壽里,908,628856,693,436,202,880,852.21,123.05
新北市,板橋區,振義里,1141,720534,631,437,223,812,656.33,103.93
新北市,板橋區,西安里,834,630851,756,477,223,919,967.28,127.88
新北市,板橋區,光仁里,861,578763,672,449,209,806,905.32,134.68
新北市,板橋區,介壽里,902,634834,704,430,215,938,783.64,111.34
新北市,板橋區,仁翠里,774,406851,526,365,190,654,623.87,118.69
新北市,板橋區,永安里,1048,797178,761,457,228,911,933.56,122.73
新北市,板橋區,懷翠里,1759,1156759,658,402,208,819,832.35,126.57
新北市,板橋區,長安里,1388,1169278,842,491,228,1067,1231.54,146.19
新北市,板橋區,德翠里,2308,1756222,761,486,246,997,844.85,111.03
新北市,板橋區,溪北里,1072,650316,607,418,208,741,641.67,105.77
新北市,板橋區,華中里,1432,711963,497,359,190,635,534.61,107.53
新北市,板橋區,僑中里,1236,749405,606,390,194,728,715.14,117.95
新北市,板橋區,金華里,1152,650810,565,365,190,710,679.52,120.28
新北市,板橋區,華貴里,744,452340,608,403,210,761,699.79,115.10
新北市,板橋區,華東里,2935,3255319,1109,642,284,1377,1561.14,140.75
新北市,板橋區,福安里,2530,1809481,715,512,248,990,699.88,97.86
新北市,板橋區,龍安里,753,385588,512,384,206,631,529.78,103.46
新北市,板橋區,香雅里,791,511405,647,436,206,846,685.83,106.08
新北市,板橋區,光榮里,757,491270,649,420,204,840,787.88,121.40
新北市,板橋區,新生里,1306,809669,620,435,215,807,656.61,105.91
新北市,板橋區,民安里,645,493409,765,458,239,915,1192.67,155.91
新北市,板橋區,後埔里,1275,1239333,972,526,221,1147,3321.95,341.76
新北市,板橋區,五權里,1154,653855,567,395,200,718,653.45,115.33
新北市,板橋區,華福里,644,422990,657,420,199,850,749.57,114.12
新北市,板橋區,大觀里,1037,551520,532,389,184,674,579.88,109.03
新北市,板橋區,歡園里,320,156791,490,389,204,669,414.81,84.66
新北市,板橋區,成和里,2165,1524206,704,486,235,954,691.60,98.24
新北市,板橋區,溪福里,4384,2992423,683,441,215,879,831.18,121.77
新北市,板橋區,堂春里,1274,719262,565,388,211,719,569.85,100.93
新北市,板橋區,文德里,952,722406,759,438,203,1008,952.41,125.51
新北市,板橋區,陽明里,834,585978,703,424,218,819,1026.91,146.16
新北市,板橋區,文化里,1096,964156,880,442,209,993,1264.44,143.73
新北市,板橋區,朝陽里,898,522922,582,382,189,737,673.65,115.68
新北市,板橋區,新海里,986,541370,549,389,188,697,678.81,123.63
新北市,板橋區,松柏里,662,488191,737,459,228,912,853.83,115.78
新北市,板橋區,莒光里,904,735478,814,461,216,1014,1035.22,127.24
新北市,板橋區,文聖里,1222,835001,683,442,213,812,793.26,116.09
新北市,板橋區,富貴里,779,708087,909,506,234,1008,1846.20,203.11
新北市,板橋區,居仁里,1257,979838,780,490,221,1000,935.91,120.06
新北市,板橋區,正泰里,943,629358,667,429,217,849,781.18,117.05
新北市,板橋區,莊敬里,1392,1384977,995,593,278,1227,1946.54,195.64
新北市,板橋區,民生里,714,571169,800,524,245,964,1113.59,139.21
新北市,板橋區,東安里,659,436173,662,416,219,881,748.29,113.06
新北市,三峽區,三峽里,72,43165,600,403,196,664,637.42,106.32
新北市,三峽區,秀川里,164,91842,560,392,165,734,645.98,115.35
新北市,三峽區,八張里,1115,595359,534,367,178,676,622.75,116.63
新北市,三峽區,中埔里,994,640654,645,404,206,765,1760.29,273.12
新北市,三峽區,礁溪里,1684,957791,569,406,201,737,576.93,101.44
新北市,三峽區,永舘里,2123,1375495,648,425,206,790,812.63,125.42
新北市,三峽區,鳶山里,2928,1812481,619,405,196,771,739.18,119.41
新北市,三峽區,龍埔里,2843,1803218,634,425,201,833,709.10,111.80
新北市,三峽區,弘道里,261,134514,515,322,183,630,735.88,142.78
新北市,三峽區,大埔里,1095,615180,562,404,203,795,537.43,95.66
新北市,三峽區,嘉添里,550,311263,566,342,175,661,812.99,143.66
新北市,三峽區,添福里,258,142180,551,360,175,676,623.76,113.19
新北市,三峽區,溪南里,365,185793,509,352,168,584,629.49,123.67
新北市,三峽區,溪北里,565,280543,497,353,177,607,557.10,112.20
新北市,三峽區,溪東里,825,408734,495,335,169,602,678.52,136.95
新北市,三峽區,成福里,229,102567,448,298,160,531,531.74,118.72
新北市,三峽區,安坑里,289,133554,462,333,164,572,453.52,98.14
新北市,三峽區,竹崙里,407,197853,486,327,158,554,639.53,131.56
新北市,三峽區,金圳里,99,46764,472,263,140,529,587.15,124.30
新北市,三峽區,五寮里,152,62011,408,290,151,484,496.48,121.70
新北市,三峽區,插角里,109,66107,606,369,191,746,773.78,127.58
新北市,三峽區,有木里,85,47880,563,348,165,737,658.99,116.99
新北市,三峽區,安溪里,2145,1215102,566,391,186,704,1182.59,208.76
新北市,三峽區,中正里,1367,683320,500,345,183,632,535.52,107.13
新北市,三峽區,介壽里,1728,812649,470,333,167,603,542.70,115.40
新北市,三峽區,二鬮里,978,497907,509,353,164,649,586.94,115.29
新北市,三峽區,龍恩里,2311,2286012,989,621,262,1298,1142.66,115.52
新北市,三峽區,龍學里,5200,5482986,1054,696,292,1411,1227.89,116.45
新北市,鶯歌區,東鶯里,322,208118,646,416,203,833,872.29,134.96
新北市,鶯歌區,西鶯里,663,392413,592,394,208,700,749.23,126.59
新北市,鶯歌區,南鶯里,1670,1053517,631,389,195,769,849.55,134.67
新北市,鶯歌區,北鶯里,1288,1006855,782,498,217,1029,945.75,120.98
新北市,鶯歌區,中鶯里,297,173057,583,387,204,753,564.62,96.90
新北市,鶯歌區,建德里,125,61286,490,356,169,656,481.60,98.23
新北市,鶯歌區,同慶里,457,262391,574,362,176,646,924.44,161.01
新北市,鶯歌區,南靖里,993,548576,552,365,185,669,654.49,118.47
新北市,鶯歌區,尖山里,2745,1555695,567,408,216,717,609.40,107.53
新北市,鶯歌區,二橋里,2364,1297491,549,378,194,687,602.75,109.82
新北市,鶯歌區,二甲里,228,111283,488,346,199,576,532.51,109.10
新北市,鶯歌區,東湖里,59,40370,684,362,200,701,1116.51,163.18
新北市,鶯歌區,中湖里,1640,759804,463,334,172,578,524.09,113.12
新北市,鶯歌區,鳳鳴里,1806,1014469,562,400,203,729,575.64,102.48
新北市,鶯歌區,永昌里,2420,1343182,555,375,188,690,632.48,113.95
新北市,鶯歌區,永吉里,1446,753501,521,371,200,657,522.86,100.34
新北市,鶯歌區,鳳福里,1258,654651,520,381,195,651,589.85,113.35
新北市,鶯歌區,大湖里,1465,776516,530,361,190,655,603.04,113.77
新北市,鶯歌區,建國里,2132,1242573,583,378,190,735,716.83,122.99
新北市,鶯歌區,鳳祥里,1227,635392,518,348,185,623,568.93,109.87
新北市,樹林區,樹東里,361,239322,663,385,172,834,833.67,125.75
新北市,樹林區,彭厝里,1501,735225,490,342,175,625,504.63,103.02
新北市,樹林區,樹西里,1659,1191489,718,444,213,929,824.98,114.87
新北市,樹林區,坡內里,465,229539,494,330,176,551,588.61,119.24
新北市,樹林區,樹北里,292,201249,689,452,199,860,802.15,116.39
新北市,樹林區,潭底里,1236,712340,576,377,195,708,676.30,117.35
新北市,樹林區,獇寮里,1432,727328,508,354,183,625,598.79,117.89
新北市,樹林區,三多里,1198,585991,489,356,186,601,515.82,105.46
新北市,樹林區,東山里,962,475763,495,336,175,640,596.32,120.58
新北市,樹林區,樂山里,558,324150,581,352,197,670,864.75,148.86
新北市,樹林區,東園里,434,257587,594,379,192,687,741.35,124.91
新北市,樹林區,西園里,476,244919,515,380,193,635,549.64,106.82
新北市,樹林區,南園里,5101,5279242,1035,667,285,1370,1227.22,118.58
新北市,樹林區,北園里,612,312151,510,343,177,637,545.66,106.98
新北市,樹林區,柑園里,3289,3572168,1086,660,270,1409,1506.35,138.69
新北市,樹林區,樹南里,1369,833322,609,400,198,772,689.81,113.32
新北市,樹林區,樹德里,1087,686279,631,407,196,787,746.40,118.22
新北市,樹林區,樹人里,1041,695820,668,391,194,795,967.37,144.73
新北市,樹林區,保安里,1887,1129835,599,398,201,753,672.68,112.35
新北市,樹林區,三福里,1091,583743,535,352,176,661,630.32,117.80
新北市,樹林區,三興里,1192,552096,463,333,180,560,551.12,118.99
新北市,樹林區,大同里,1148,683780,596,414,194,794,658.48,110.55
新北市,樹林區,彭福里,1565,941717,602,401,192,769,667.34,110.90
新北市,樹林區,東陽里,1813,1003185,553,370,192,709,600.55,108.53
新北市,樹林區,東昇里,1636,992972,607,392,186,747,729.16,120.14
新北市,樹林區,和平里,1109,582630,525,367,187,653,609.99,116.11
新北市,樹林區,圳福里,1252,686879,549,388,205,671,592.38,107.98
新北市,樹林區,圳安里,1166,604736,519,368,182,654,580.59,111.95
新北市,樹林區,樹興里,1063,642985,605,388,199,783,644.92,106.62
新北市,樹林區,彭興里,1648,760190,461,341,170,599,459.15,99.54
新北市,樹林區,文林里,1511,916468,607,391,207,757,696.43,114.82
新北市,樹林區,光興里,1201,587867,489,363,187,635,503.07,102.78
新北市,樹林區,金寮里,1287,721347,560,394,196,709,736.92,131.48
新北市,樹林區,中山里,1550,915377,591,388,194,743,649.53,109.98
新北市,樹林區,山佳里,1677,939044,560,391,196,706,592.46,105.80
新北市,樹林區,育英里,1000,724836,725,431,229,820,983.14,135.64
新北市,樹林區,樹福里,1226,1113669,908,510,237,1172,1111.85,122.40
新北市,樹林區,中華里,1075,586513,546,376,205,698,553.21,101.40
新北市,樹林區,太順里,802,375335,468,348,183,593,445.19,95.13
新北市,樹林區,圳民里,907,491640,542,375,192,694,843.89,155.68
新北市,樹林區,圳生里,559,290798,520,349,173,592,726.49,139.65
新北市,樹林區,三龍里,734,397122,541,362,183,678,584.21,107.98
新北市,中和區,中原里,2566,2612224,1018,575,254,1280,1456.33,143.06
新北市,中和區,平河里,2995,2212900,739,458,216,970,839.40,113.61
新北市,中和區,力行里,2033,1650834,812,525,235,1063,927.05,114.17
新北市,中和區,枋寮里,1201,912193,760,478,225,934,926.10,121.93
新北市,中和區,廟美里,1410,908485,644,423,208,789,785.12,121.85
新北市,中和區,瓦磘里,1763,1345206,763,483,238,977,902.05,118.22
新北市,中和區,積穗里,2742,2187315,798,500,229,1008,991.63,124.31
新北市,中和區,瑞穗里,755,526842,698,454,208,924,791.25,113.39
新北市,中和區,灰磘里,201,136537,679,376,165,822,1056.64,155.55
新北市,中和區,錦和里,1714,1193678,696,451,214,883,864.52,124.14
新北市,中和區,內南里,1434,804051,561,384,192,706,619.68,110.52
新北市,中和區,外南里,1403,915837,653,427,210,811,769.27,117.85
新北市,中和區,頂南里,902,579798,643,443,214,793,706.13,109.85
新北市,中和區,橫路里,86,42790,498,305,118,585,574.87,115.54
新北市,中和區,連和里,911,740837,813,509,216,1012,1118.09,137.49
新北市,中和區,漳和里,1334,1112007,834,513,243,1000,1197.41,143.64
新北市,中和區,秀山里,1387,920245,663,448,216,845,714.71,107.72
新北市,中和區,員山里,2045,1608955,787,497,239,1008,1123.99,142.86
新北市,中和區,安樂里,1263,1202680,952,556,255,1195,1302.32,136.76
新北市,中和區,壽德里,1364,1013408,743,473,221,995,919.05,123.70
新北市,中和區,新南里,2861,2566524,897,559,251,1162,1069.58,119.23
新北市,中和區,崇南里,1488,1100890,740,493,212,975,816.34,110.34
新北市,中和區,東南里,1298,900100,693,417,204,829,1302.34,187.81
新北市,中和區,秀明里,1664,1297556,780,464,208,984,1130.95,145.03
新北市,中和區,安平里,2236,2235704,1000,567,243,1313,1294.54,129.47
新北市,中和區,景平里,1841,1430523,777,500,227,1062,863.27,111.10
新北市,中和區,嘉穗里,902,539154,598,398,186,740,654.33,109.47
新北市,中和區,景安里,1635,1300140,795,474,213,950,1221.35,153.59
新北市,中和區,連城里,2088,1610964,772,461,230,969,951.29,123.30
新北市,中和區,福美里,1255,743533,592,403,209,751,634.07,107.02
新北市,中和區,安和里,1082,920181,850,515,223,1091,1037.48,121.99
新北市,中和區,中安里,1640,1565481,955,543,244,1187,1335.70,139.93
新北市,中和區,泰安里,1068,749902,702,440,215,888,828.25,117.96
新北市,中和區,華南里,1550,1306724,843,491,229,1006,1141.20,135.37
新北市,中和區,秀峰里,1671,1083994,649,409,208,829,911.49,140.51
新北市,中和區,秀水里,1108,655960,592,412,199,755,648.36,109.52
新北市,中和區,景南里,944,645680,684,407,192,818,898.98,131.43
新北市,中和區,復興里,1471,972191,661,395,194,824,970.31,146.81
新北市,中和區,和興里,1465,1186113,810,445,215,1000,1099.17,135.76
新北市,中和區,南山里,1785,1632869,915,555,239,1135,1147.77,125.47
新北市,中和區,景新里,1082,707149,654,424,213,806,723.65,110.72
新北市,中和區,景福里,1944,1615066,831,507,223,1011,1152.50,138.72
新北市,中和區,清穗里,898,589884,657,435,205,819,791.45,120.48
新北市,中和區,佳和里,1563,1222300,782,455,214,910,1240.47,158.62
新北市,中和區,德穗里,1364,982085,720,438,219,855,1091.94,151.66
新北市,中和區,嘉新里,1165,666940,572,396,201,744,604.80,105.65
新北市,中和區,建和里,1023,673002,658,414,204,823,910.86,138.46
新北市,中和區,仁和里,1125,667329,593,400,190,756,697.44,117.58
新北市,中和區,秀景里,2110,1680701,797,484,216,1000,983.94,123.53
新北市,中和區,中正里,1119,622223,556,387,195,741,566.54,101.89
新北市,中和區,福善里,1408,921362,654,430,217,837,725.15,110.82
新北市,中和區,福真里,1205,797422,662,424,192,821,887.50,134.11
新北市,中和區,秀仁里,1081,920413,851,545,239,1120,1092.27,128.28
新北市,中和區,忠孝里,1368,785808,574,399,194,739,613.79,106.85
新北市,中和區,民享里,726,423294,583,388,200,716,636.27,109.13
新北市,中和區,民生里,1296,964248,744,485,233,940,808.16,108.62
新北市,中和區,國光里,1230,788041,641,430,214,849,660.58,103.11
新北市,中和區,福和里,1133,711747,628,394,199,810,722.71,115.04
新北市,中和區,秀成里,1131,830316,734,447,229,895,981.61,133.71
新北市,中和區,秀福里,1597,1266740,793,495,228,989,1007.77,127.05
新北市,中和區,華新里,2256,1502708,666,452,220,886,702.63,105.49
新北市,中和區,壽南里,708,455005,643,435,214,854,723.77,112.62
新北市,中和區,文元里,1535,878844,573,409,201,734,597.04,104.28
新北市,中和區,明德里,1114,649292,583,398,203,745,665.01,114.10
新北市,中和區,信和里,1187,685243,577,385,191,728,644.03,111.56
新北市,中和區,福祥里,1518,1025644,676,429,196,828,901.02,133.35
新北市,中和區,景文里,1290,1222972,948,531,251,1185,1267.91,133.74
新北市,中和區,錦昌里,690,649493,941,558,236,1133,1308.46,139.01
新北市,中和區,民安里,1479,957961,648,447,217,889,659.64,101.84
新北市,中和區,安穗里,1418,1065819,752,430,208,866,2251.71,299.57
新北市,中和區,明穗里,1440,1011601,703,468,223,918,798.44,113.66
新北市,中和區,自強里,1482,903657,610,422,205,775,670.59,109.98
新北市,中和區,正行里,967,761205,787,517,242,990,930.57,118.21
新北市,中和區,德行里,2352,2219564,944,615,276,1229,1063.52,112.70
新北市,中和區,安順里,1460,1204910,825,513,236,1029,1034.07,125.30
新北市,中和區,宜安里,614,466253,759,485,209,1022,858.69,113.08
新北市,中和區,秀義里,856,707183,826,493,238,940,3319.72,401.83
新北市,中和區,秀士里,701,532171,759,489,238,965,865.20,113.97
新北市,中和區,興南里,862,531701,617,392,192,780,673.46,109.18
新北市,中和區,景本里,608,369885,608,409,191,740,686.73,112.88
新北市,中和區,中興里,2363,2056369,870,548,251,1121,1093.85,125.70
新北市,中和區,吉興里,1012,852545,842,512,239,1153,955.78,113.45
新北市,中和區,福南里,1282,809315,631,391,191,762,831.88,131.77
新北市,中和區,正南里,917,517094,564,395,181,723,596.41,105.77
新北市,中和區,錦盛里,1134,626520,552,384,192,698,570.41,103.24
新北市,中和區,中山里,820,584258,713,468,236,826,1040.36,146.01
新北市,中和區,冠穗里,1056,710309,673,429,222,844,926.60,137.76
新北市,中和區,嘉慶里,1212,728896,601,408,189,743,683.68,113.68
新北市,中和區,錦中里,1225,812364,663,432,217,857,733.11,110.55
新北市,中和區,員富里,1109,762609,688,418,210,838,880.94,128.11
新北市,中和區,民有里,813,452225,556,400,188,681,613.26,110.25
新北市,中和區,碧河里,1638,1496569,914,540,237,1179,1134.31,124.15
新北市,中和區,國華里,1008,653093,648,438,214,838,692.40,106.87
新北市,土城區,埤塘里,1120,645941,577,396,193,715,773.92,134.19
新北市,土城區,土城里,592,367206,620,376,170,727,878.43,141.62
新北市,土城區,員林里,2415,1999757,828,498,231,1017,1153.20,139.27
新北市,土城區,貨饒里,1464,1078638,737,462,224,887,1105.54,150.05
新北市,土城區,柑林里,1201,986628,822,544,244,1066,1244.63,151.51
新北市,土城區,埤林里,2808,2080402,741,466,224,968,844.34,113.96
新北市,土城區,峰廷里,2028,1024829,505,360,181,657,540.02,106.86
新北市,土城區,廷寮里,1364,769388,564,401,202,745,569.64,100.99
新北市,土城區,清水里,2376,1320436,556,379,193,722,586.61,105.55
新北市,土城區,清化里,432,235720,546,368,191,726,633.38,116.08
新北市,土城區,大安里,1536,904967,589,373,189,741,742.87,126.09
新北市,土城區,永寧里,2453,1523337,621,397,202,785,705.94,113.68
新北市,土城區,祖田里,457,213979,468,337,178,555,545.97,116.60
新北市,土城區,頂埔里,1548,942416,609,403,200,783,848.48,139.37
新北市,土城區,沛陂里,1489,869427,584,404,189,742,681.26,116.67
新北市,土城區,頂新里,1021,898210,880,569,256,1141,1579.79,179.58
新北市,土城區,長風里,692,499329,722,445,205,918,911.42,126.31
新北市,土城區,頂福里,1457,800894,550,385,202,673,619.98,112.79
新北市,土城區,員仁里,1674,873950,522,362,183,648,565.16,108.25
新北市,土城區,日新里,1364,763350,560,373,183,709,633.43,113.19
新北市,土城區,瑞興里,854,527542,618,431,218,750,685.53,110.97
新北市,土城區,清溪里,1965,1283553,653,426,203,828,740.18,113.31
新北市,土城區,清和里,1656,800169,483,342,180,633,489.97,101.40
新北市,土城區,永豐里,1340,981845,733,452,226,915,874.37,119.33
新北市,土城區,日和里,1993,1424193,715,434,212,886,845.97,118.38
新北市,土城區,平和里,2091,1114401,533,369,182,691,622.75,116.85
新北市,土城區,樂利里,1558,913492,586,394,213,724,623.36,106.32
新北市,土城區,廣福里,1858,1225658,660,422,201,859,728.72,110.47
新北市,土城區,學府里,1085,687206,633,419,201,773,696.03,109.89
新北市,土城區,延壽里,1256,635354,506,352,183,639,518.05,102.41
新北市,土城區,安和里,1495,822154,550,383,195,698,585.36,106.44
新北市,土城區,青雲里,895,542317,606,406,208,767,673.97,111.23
新北市,土城區,員福里,1673,951511,569,374,189,687,766.41,134.76
新北市,土城區,延吉里,1095,530475,484,331,176,606,541.99,111.88
新北市,土城區,復興里,1427,892033,625,400,212,791,702.75,112.42
新北市,土城區,裕生里,1683,1072684,637,404,199,818,734.58,115.25
新北市,土城區,員信里,1343,761640,567,379,199,701,638.59,112.60
新北市,土城區,延和里,2048,1301371,635,422,210,790,723.23,113.82
新北市,土城區,學成里,1060,628089,593,405,206,761,602.90,101.75
新北市,土城區,永富里,1598,877611,549,381,202,703,564.34,102.76
新北市,土城區,中正里,1032,660173,640,420,199,802,754.24,117.91
新北市,土城區,學士里,1618,1314855,813,492,240,1102,899.28,110.66
新北市,土城區,明德里,2101,1827490,870,538,241,1146,1299.86,149.44
新北市,土城區,廣興里,1170,752552,643,446,205,825,789.07,122.68
新北市,土城區,青山里,830,451898,544,390,177,724,575.40,105.68
新北市,土城區,金城里,1896,1183437,624,424,206,841,660.49,105.82
新北市,土城區,延祿里,1144,592505,518,382,192,671,531.73,102.67
新北市,瑞芳區,龍潭里,241,150956,626,391,211,793,929.27,148.36
新北市,瑞芳區,龍鎮里,346,179306,518,383,200,632,498.78,96.25
新北市,瑞芳區,龍山里,402,191942,477,337,172,630,485.83,101.75
新北市,瑞芳區,龍川里,493,254045,515,328,169,644,556.12,107.92
新北市,瑞芳區,龍安里,173,89027,515,345,161,693,543.92,105.70
新北市,瑞芳區,柑坪里,278,128371,462,319,161,552,540.67,117.09
新北市,瑞芳區,爪峰里,1118,523257,468,352,166,600,536.59,114.65
新北市,瑞芳區,基山里,80,39323,492,303,176,665,532.44,108.32
新北市,瑞芳區,永慶里,88,39601,450,293,152,478,500.03,111.12
新北市,瑞芳區,崇文里,75,35670,476,323,152,584,502.96,105.75
新北市,瑞芳區,福住里,29,44642,1539,618,229,1247,2709.66,176.02
新北市,瑞芳區,頌德里,67,26810,400,307,155,530,419.33,104.79
新北市,瑞芳區,瓜山里,44,27523,626,390,242,738,680.77,108.83
新北市,瑞芳區,石山里,82,50297,613,413,205,809,643.22,104.87
新北市,瑞芳區,新山里,71,32810,462,320,163,657,431.16,93.30
新北市,瑞芳區,銅山里,38,19354,509,267,150,573,688.50,135.18
新北市,瑞芳區,龍興里,634,387589,611,412,178,761,684.38,111.95
新北市,瑞芳區,濓洞里,125,63363,507,324,188,690,493.96,97.45
新北市,瑞芳區,吉慶里,516,245044,475,354,193,615,564.44,118.86
新北市,瑞芳區,傑魚里,541,243799,451,319,171,536,510.16,113.21
新北市,瑞芳區,上天里,363,146965,405,308,165,488,414.21,102.31
新北市,瑞芳區,猴硐里,91,40346,443,335,160,543,454.33,102.47
新北市,瑞芳區,光復里,53,19608,370,241,182,478,367.85,99.43
新北市,瑞芳區,弓橋里,65,29228,450,318,146,617,439.62,97.77
新北市,瑞芳區,碩仁里,31,15071,486,269,98,397,688.57,141.64
新北市,瑞芳區,海濱里,288,134909,468,314,153,669,467.61,99.82
新北市,瑞芳區,深澳里,250,117513,470,342,182,611,487.29,103.67
新北市,瑞芳區,鼻頭里,144,71369,496,284,144,445,908.80,183.37
新北市,瑞芳區,南雅里,49,19421,396,286,122,396,584.35,147.43
新北市,瑞芳區,吉安里,874,423900,485,362,196,601,513.43,105.86
新北市,瑞芳區,濓新里,60,23199,387,255,113,508,389.09,100.63
新北市,瑞芳區,瑞濱里,483,219343,454,334,181,577,427.70,94.18
新北市,瑞芳區,東和里,421,196112,466,337,184,574,477.86,102.58
新北市,瑞芳區,新峰里,953,462991,486,367,182,620,452.49,93.14
新北市,平溪區,薯榔里,84,33173,395,295,155,480,385.91,97.72
新北市,平溪區,白石里,59,21341,362,297,120,476,374.96,103.66
新北市,平溪區,菁桐里,52,19243,370,297,183,534,285.36,77.11
新北市,平溪區,平溪里,59,29714,504,321,187,697,511.09,101.48
新北市,平溪區,石底里,100,60260,603,347,138,614,794.36,131.82
新北市,平溪區,嶺腳里,145,65520,452,349,184,617,428.30,94.79
新北市,平溪區,東勢里,62,41487,669,356,110,705,1060.72,158.52
新北市,平溪區,平湖里,28,15883,567,447,181,644,689.32,121.52
新北市,平溪區,南山里,80,36593,457,322,197,642,384.37,84.03
新北市,平溪區,新寮里,23,10941,476,366,191,601,436.76,91.82
新北市,平溪區,十分里,139,76091,547,372,218,619,676.28,123.54
新北市,平溪區,望古里,39,20543,527,363,183,626,515.29,97.83
新北市,雙溪區,雙溪里,109,80790,741,336,157,671,2810.28,379.16
新北市,雙溪區,共和里,86,42467,494,399,206,606,441.24,89.36
新北市,雙溪區,新基里,158,83857,531,344,172,715,636.81,119.99
新北市,雙溪區,魚行里,173,88668,513,327,148,693,530.24,103.45
新北市,雙溪區,三港里,79,56499,715,483,282,814,1028.05,143.75
新北市,雙溪區,牡丹里,332,150265,453,327,155,589,500.16,110.51
新北市,雙溪區,三貂里,73,33095,453,323,159,681,422.01,93.09
新北市,雙溪區,平林里,242,135745,561,365,170,687,900.84,160.60
新北市,雙溪區,上林里,130,59560,458,320,182,653,413.50,90.25
新北市,雙溪區,外柑里,74,33817,457,343,208,563,445.20,97.42
新北市,雙溪區,長源里,69,39402,571,368,203,690,753.56,131.96
新北市,雙溪區,泰平里,308,176868,574,411,205,744,694.11,120.87
新北市,貢寮區,貢寮里,186,91308,491,389,195,652,429.17,87.43
新北市,貢寮區,雙玉里,137,90548,661,406,239,641,823.64,124.62
新北市,貢寮區,龍崗里,88,39700,451,339,197,560,375.88,83.32
新北市,貢寮區,吉林里,104,54005,519,290,170,483,1043.06,200.87
新北市,貢寮區,龍門里,124,58010,468,341,201,619,430.60,92.04
新北市,貢寮區,福隆里,335,169132,505,377,196,638,512.80,101.57
新北市,貢寮區,福連里,164,82443,503,363,182,627,534.88,106.40
新北市,貢寮區,仁里里,437,213893,489,316,169,623,551.16,112.61
新北市,貢寮區,真理里,418,188859,452,281,157,571,604.14,133.71
新北市,貢寮區,美豐里,152,62712,413,332,142,542,482.74,117.00
新北市,貢寮區,和美里,207,102751,496,322,182,549,575.65,115.97
新北市,金山區,和平里,118,58425,495,333,166,595,544.63,110.00
新北市,金山區,大同里,183,113297,619,362,201,638,1721.07,277.99
新北市,金山區,豐漁里,94,45191,481,317,153,619,538.23,111.96
新北市,金山區,磺港里,365,164366,450,305,171,524,528.28,117.31
新北市,金山區,美田里,1141,588267,516,363,165,698,531.41,103.07
新北市,金山區,五湖里,471,272410,578,392,185,752,707.10,122.26
新北市,金山區,重和里,332,203362,613,336,144,675,1114.66,181.97
新北市,金山區,兩湖里,79,36704,465,228,112,503,697.57,150.14
新北市,金山區,六股里,161,62447,388,291,139,479,394.49,101.71
新北市,金山區,三界里,128,73069,571,309,170,595,1530.98,268.19
新北市,金山區,清泉里,188,93026,495,292,156,520,985.91,199.25
新北市,金山區,西湖里,52,29445,566,338,187,847,573.65,101.31
新北市,金山區,萬壽里,88,38807,441,356,171,614,365.29,82.83
新北市,金山區,永興里,133,62668,471,324,163,593,512.80,108.83
新北市,金山區,金美里,1415,652101,461,328,163,594,502.15,108.96
新北市,萬里區,萬里里,1225,599364,489,342,186,607,548.63,112.13
新北市,萬里區,龜吼里,556,307617,553,344,162,723,899.57,162.59
新北市,萬里區,野柳里,687,338439,493,327,174,581,572.29,116.17
新北市,萬里區,大鵬里,686,346692,505,342,169,608,669.44,132.46
新北市,萬里區,磺潭里,146,74983,514,355,186,603,557.93,108.63
新北市,萬里區,雙興里,195,124357,638,418,228,726,808.01,126.70
新北市,萬里區,溪底里,121,61643,509,364,183,687,476.12,93.46
新北市,萬里區,崁脚里,104,56215,541,326,180,593,742.41,137.35
新北市,萬里區,中幅里,281,128190,456,329,195,534,469.63,102.95
新北市,萬里區,北基里,606,265550,438,320,148,550,545.94,124.59
新北市,淡水區,草東里,245,164088,670,405,168,901,738.63,110.28
新北市,淡水區,長庚里,472,303973,644,390,184,824,822.48,127.71
新北市,淡水區,清文里,340,190804,561,322,168,631,918.14,163.61
新北市,淡水區,鄧公里,2203,1904108,864,533,232,1098,1389.61,160.77
新北市,淡水區,永吉里,255,169573,665,419,177,800,756.09,113.70
新北市,淡水區,協元里,422,215366,510,322,151,648,572.30,112.14
新北市,淡水區,民安里,202,134935,668,337,173,818,936.64,140.22
新北市,淡水區,新生里,162,83120,513,328,173,728,543.59,105.94
新北市,淡水區,文化里,552,345267,625,423,185,841,665.83,106.45
新北市,淡水區,油車里,1714,1043917,609,399,193,756,755.18,123.99
新北市,淡水區,沙崙里,1378,832073,604,381,172,768,694.05,114.94
新北市,淡水區,水碓里,1811,1106054,611,391,182,756,789.56,129.28
新北市,淡水區,北投里,3715,3019256,813,556,245,1083,874.23,107.57
新北市,淡水區,崁頂里,6637,5174507,780,533,230,1018,954.16,122.38
新北市,淡水區,屯山里,286,136578,478,356,173,569,594.11,124.41
新北市,淡水區,中和里,151,69633,461,323,178,562,463.09,100.42
新北市,淡水區,水源里,559,335421,600,353,157,707,1185.57,197.58
新北市,淡水區,忠寮里,314,192623,613,360,187,688,903.79,147.33
新北市,淡水區,樹興里,433,356090,822,415,192,898,1714.60,208.49
新北市,淡水區,埤島里,543,384394,708,465,216,908,829.50,117.18
新北市,淡水區,興仁里,470,277887,591,355,161,598,992.72,167.90
新北市,淡水區,義山里,716,342135,478,343,174,584,603.96,126.39
新北市,淡水區,蕃薯里,282,145452,516,393,184,656,580.61,112.57
新北市,淡水區,忠山里,235,132326,563,412,201,671,654.11,116.17
新北市,淡水區,賢孝里,402,234772,584,341,166,648,1054.60,180.58
新北市,淡水區,竿蓁里,4201,3628558,864,535,228,1095,1189.66,137.73
新北市,淡水區,坪頂里,445,340968,766,467,199,930,1137.78,148.49
新北市,淡水區,八勢里,2638,3019840,1145,614,240,1271,2465.81,215.40
新北市,淡水區,竹圍里,2217,1723152,777,455,207,1017,943.23,121.36
新北市,淡水區,中興里,1131,646423,572,371,178,727,697.88,122.10
新北市,淡水區,福德里,2614,2529702,968,548,242,1118,2728.87,281.98
新北市,淡水區,民生里,2545,1925445,757,477,212,979,904.46,119.55
新北市,淡水區,新興里,2483,1601618,645,410,190,850,763.57,118.38
新北市,淡水區,新義里,1201,624118,520,339,161,650,659.86,126.98
新北市,淡水區,新春里,2999,2153042,718,474,215,976,806.25,112.30
新北市,淡水區,新民里,1457,1128159,774,452,207,926,1229.72,158.82
新北市,淡水區,正德里,1552,1025870,661,434,194,866,809.32,122.44
新北市,淡水區,北新里,915,687506,751,472,211,1022,1018.87,135.60
新北市,淡水區,幸福里,1189,709479,597,388,190,747,747.74,125.31
新北市,淡水區,學府里,1441,897983,623,384,172,806,775.28,124.41
新北市,淡水區,民權里,1638,1462584,893,517,227,1061,1407.41,157.62
新北市,淡水區,大庄里,3297,2557396,776,457,202,939,2629.63,339.01
新北市,汐止區,仁德里,614,342960,559,396,188,700,608.44,108.93
新北市,汐止區,義民里,426,250483,588,365,182,768,639.85,108.82
新北市,汐止區,禮門里,350,236074,674,431,203,865,850.83,126.14
新北市,汐止區,智慧里,1697,1379730,813,506,231,1027,995.57,122.45
新北市,汐止區,信望里,115,74890,651,428,178,857,761.42,116.92
新北市,汐止區,橋東里,1142,815039,714,481,216,949,741.39,103.88
新北市,汐止區,茄苳里,1353,740065,547,391,199,716,560.43,102.46
新北市,汐止區,保安里,525,247850,472,331,184,586,473.64,100.33
新北市,汐止區,保長里,1634,1011114,619,425,222,811,650.47,105.12
新北市,汐止區,鄉長里,738,400150,542,364,180,658,603.87,111.37
新北市,汐止區,江北里,1982,1101894,556,369,194,695,645.41,116.09
新北市,汐止區,烘內里,512,296821,580,354,159,693,842.35,145.30
新北市,汐止區,拱北里,1517,703040,463,332,167,588,512.82,110.65
新北市,汐止區,樟樹里,678,355962,525,384,204,667,546.48,104.09
新北市,汐止區,北峰里,1668,1014287,608,408,211,756,706.01,116.10
新北市,汐止區,北山里,1994,1337992,671,417,209,828,839.40,125.10
新北市,汐止區,八連里,300,167367,558,351,161,675,1202.08,215.47
新北市,汐止區,白雲里,1444,1133222,785,451,213,905,1150.09,146.55
新北市,汐止區,橫科里,1462,954900,653,419,198,829,749.30,114.72
新北市,汐止區,東山里,181,94596,523,313,147,592,737.81,141.17
新北市,汐止區,新昌里,1828,1329903,728,471,233,940,860.81,118.32
新北市,汐止區,秀峰里,1383,925289,669,417,193,865,826.36,123.51
新北市,汐止區,復興里,2661,2628338,988,597,255,1275,1294.09,131.02
新北市,汐止區,長安里,494,258911,524,361,187,636,564.20,107.65
新北市,汐止區,福山里,1360,1395169,1026,518,232,1175,1763.57,171.91
新北市,汐止區,宜興里,1001,842245,841,508,232,1002,1078.62,128.19
新北市,汐止區,中興里,2830,1826072,645,397,201,792,790.82,122.56
新北市,汐止區,湖光里,2311,2071506,896,513,233,1104,1517.12,169.25
新北市,汐止區,厚德里,2410,1495733,621,421,213,790,694.12,111.84
新北市,汐止區,忠孝里,2891,1965118,680,443,210,843,841.05,123.73
新北市,汐止區,文化里,1645,1316703,800,493,228,1048,902.73,112.78
新北市,汐止區,自強里,2094,1850227,884,522,237,1148,1126.76,127.52
新北市,汐止區,金龍里,1803,1227754,681,451,217,854,780.24,114.58
新北市,汐止區,福德里,1107,663393,599,398,194,754,702.97,117.30
新北市,汐止區,興福里,1095,702275,641,416,197,806,733.10,114.31
新北市,汐止區,康福里,1950,1459046,748,498,240,949,846.57,113.14
新北市,汐止區,忠山里,1301,1647985,1267,621,267,1486,2183.78,172.40
新北市,汐止區,環河里,436,242453,556,401,197,733,584.13,105.04
新北市,汐止區,東勢里,1746,1891443,1083,617,269,1346,1564.65,144.43
新北市,汐止區,山光里,929,568566,612,397,210,738,710.34,116.06
新北市,汐止區,大同里,989,709264,717,447,222,894,892.49,124.45
新北市,汐止區,崇德里,1742,1172291,673,444,205,874,817.31,121.45
新北市,汐止區,湖興里,2401,2076300,865,495,239,1017,1344.42,155.47
新北市,汐止區,長青里,333,408137,1226,600,258,1160,2047.08,167.02
新北市,汐止區,福安里,2372,2271157,957,617,288,1290,1063.11,111.03
新北市,汐止區,秀山里,1572,1299924,827,448,200,979,1321.95,159.86
新北市,汐止區,建成里,1921,1446255,753,499,238,1006,852.77,113.27
新北市,汐止區,城中里,1602,1303325,814,533,259,1043,967.59,118.93
新北市,汐止區,湖蓮里,1083,1165607,1076,625,273,1357,1357.48,126.13
新北市,汐止區,保新里,1051,534490,509,378,185,673,502.36,98.78
新北市,三芝區,八賢里,72,30411,422,275,132,457,671.15,158.90
新北市,三芝區,埔頭里,1493,650617,436,302,160,554,469.12,107.65
新北市,三芝區,古庄里,305,144936,475,315,150,553,585.63,123.24
新北市,三芝區,新庄里,176,78786,448,307,145,541,520.29,116.23
新北市,三芝區,埔坪里,1698,738193,435,307,152,547,455.70,104.82
新北市,三芝區,茂長里,165,72394,439,290,127,579,447.54,102.00
新北市,三芝區,橫山里,93,46648,502,411,159,688,497.03,99.09
新北市,三芝區,錫板里,178,87942,494,295,132,620,607.70,123.00
新北市,三芝區,後厝里,671,410931,612,341,146,666,1016.15,165.92
新北市,三芝區,福德里,224,145905,651,366,185,869,917.68,140.89
新北市,三芝區,圓山里,129,63874,495,341,161,638,498.94,100.77
新北市,三芝區,店子里,139,68027,489,359,132,588,556.81,113.77
新北市,三芝區,興華里,331,190603,576,382,180,629,816.20,141.74
新北市,石門區,德茂里,256,112861,441,318,174,526,529.29,120.06
新北市,石門區,富基里,340,170081,500,356,146,605,828.53,165.63
新北市,石門區,老梅里,520,266852,513,306,145,593,1086.71,211.76
新北市,石門區,山溪里,211,101289,480,308,172,601,580.35,120.90
新北市,石門區,石門里,446,245372,550,358,163,672,659.51,119.88
新北市,石門區,尖鹿里,402,180819,450,320,135,559,509.63,113.30
新北市,石門區,乾華里,68,31905,469,265,158,613,532.28,113.45
新北市,石門區,茂林里,190,97059,511,311,143,754,564.27,110.46
新北市,石門區,草里里,209,89457,428,313,169,556,403.52,94.28
新北市,八里區,龍源里,2300,1577144,686,405,201,811,1029.47,150.13
新北市,八里區,米倉里,1069,657403,615,390,182,782,839.17,136.46
新北市,八里區,大崁里,1021,621909,609,395,186,780,800.78,131.46
新北市,八里區,埤頭里,1139,657864,578,385,192,715,693.52,120.07
新北市,八里區,頂罟里,636,353272,555,367,185,678,735.20,132.36
新北市,八里區,舊城里,2063,1040322,504,350,180,649,538.23,106.73
新北市,八里區,訊塘里,1240,732762,591,400,196,729,708.68,119.93
新北市,八里區,荖阡里,474,268504,566,342,171,707,902.04,159.24
新北市,八里區,下罟里,431,207051,480,303,158,582,566.04,117.83
新北市,八里區,長坑里,420,221986,529,352,186,683,579.50,109.64
新北市,永和區,下溪里,1467,1274820,869,507,225,1084,1459.77,167.98
新北市,永和區,中溪里,1644,1331766,810,502,229,1021,985.10,121.61
新北市,永和區,上溪里,652,485861,745,437,214,939,953.99,128.02
新北市,永和區,後溪里,688,703875,1023,566,272,1259,1616.70,158.02
新北市,永和區,頂溪里,851,701936,825,484,223,1056,1071.03,129.85
新北市,永和區,網溪里,366,272549,745,497,237,978,826.45,110.98
新北市,永和區,復興里,797,675170,847,526,239,1071,1084.11,127.97
新北市,永和區,竹林里,1191,928001,779,483,235,1011,923.43,118.51
新北市,永和區,中興里,1011,974940,964,534,237,1154,1372.68,142.34
新北市,永和區,店街里,1397,1417591,1015,562,263,1205,1672.26,164.80
新北市,永和區,潭墘里,1546,1488862,963,546,236,1198,1419.41,147.39
新北市,永和區,水源里,1276,964507,756,461,216,970,937.91,124.08
新北市,永和區,秀朗里,1135,774816,683,455,218,854,813.82,119.21
新北市,永和區,大同里,295,198391,673,435,217,795,803.36,119.46
新北市,永和區,永成里,235,135498,577,399,186,640,762.75,132.29
新北市,永和區,福和里,1871,1844281,986,542,236,1174,2656.99,269.55
新北市,永和區,豫溪里,1197,975662,815,497,219,1067,1041.72,127.80
新北市,永和區,上林里,1117,962959,862,519,238,1067,1090.30,126.47
新北市,永和區,新廍里,721,569000,789,503,240,1030,904.80,114.65
新北市,永和區,和平里,1613,1368454,848,518,243,1018,1103.91,130.12
新北市,永和區,仁愛里,920,784886,853,490,236,1084,1043.97,122.37
新北市,永和區,前溪里,686,600383,875,532,231,1066,1395.36,159.43
新北市,永和區,永興里,984,782369,795,468,230,1008,1051.63,132.27
新北市,永和區,永安里,1434,1390863,970,572,242,1184,1677.55,172.96
新北市,永和區,雙和里,1323,1150255,869,559,246,1068,1113.35,128.06
新北市,永和區,得和里,1491,1299215,871,538,234,1087,1222.98,140.35
新北市,永和區,大新里,933,794769,852,540,249,1128,986.72,115.83
新北市,永和區,桂林里,1166,900087,772,452,217,958,971.29,125.82
新北市,永和區,勵行里,394,274871,698,467,212,956,706.32,101.24
新北市,永和區,光復里,577,474759,823,526,241,1135,867.91,105.48
新北市,永和區,光明里,1030,864006,839,547,234,1070,1068.45,127.37
新北市,永和區,信義里,954,849083,890,532,245,1148,1204.31,135.31
新北市,永和區,正興里,756,645593,854,494,213,1039,1185.29,138.80
新北市,永和區,忠義里,186,114923,618,408,226,713,724.68,117.29
新北市,永和區,新生里,235,201956,859,457,209,944,1560.65,181.60
新北市,永和區,河堤里,1176,1209454,1028,591,269,1273,1342.14,130.50
新北市,永和區,民治里,918,691776,754,455,215,858,1702.79,225.96
新北市,永和區,智光里,932,591350,634,436,188,780,705.36,111.17
新北市,永和區,秀和里,1670,1604774,961,520,244,1087,4541.18,472.58
新北市,永和區,潭安里,1586,1297929,818,520,249,1065,990.26,121.00
新北市,永和區,永貞里,1091,927732,850,520,232,1068,1581.29,185.96
新北市,永和區,福林里,1061,762365,719,437,210,902,824.20,114.71
新北市,永和區,安和里,1325,1150674,868,538,225,1083,1232.94,141.97
新北市,永和區,文化里,868,723348,833,460,211,1054,1325.08,159.01
新北市,永和區,民權里,1473,1238079,841,500,224,1061,1073.35,127.70
新北市,永和區,民生里,1207,884295,733,447,207,954,982.64,134.12
新北市,永和區,永福里,905,804987,889,512,237,1041,1907.86,214.49
新北市,永和區,河濱里,1005,991202,986,505,243,1074,3179.41,322.37
新北市,永和區,永元里,1559,1227762,788,479,221,1003,928.20,117.86
新北市,永和區,秀成里,909,661664,728,456,209,914,1059.55,145.56
新北市,永和區,秀林里,1285,1127789,878,513,239,1140,1058.62,120.62
新北市,永和區,秀得里,866,613518,708,464,209,941,846.90,119.54
新北市,永和區,民族里,1509,1299895,861,528,239,1087,1177.18,136.65
新北市,永和區,民本里,1278,1243186,973,595,242,1142,1283.61,131.96
新北市,永和區,民樂里,1522,1623024,1066,577,241,1202,1877.31,176.05
新北市,永和區,協和里,881,642055,729,458,205,971,848.25,116.39
新北市,永和區,保平里,1537,1405105,914,536,238,1150,1484.83,162.42
新北市,永和區,保安里,2464,2423914,984,593,240,1271,1372.50,139.52
新北市,永和區,民富里,854,632679,741,505,239,959,788.60,106.45
新北市,永和區,秀元里,997,742290,745,461,201,959,907.96,121.95
新北市,永和區,永樂里,812,644978,794,517,230,1040,899.82,113.28
新北市,永和區,保順里,3652,4071907,1115,663,271,1449,1470.89,131.92
宜蘭縣,宜蘭市,南門里,408,229184,562,390,181,775,583.72,103.92
宜蘭縣,宜蘭市,建軍里,532,309934,583,417,199,799,558.20,95.81
宜蘭縣,宜蘭市,民族里,715,457090,639,423,200,823,772.07,120.77
宜蘭縣,宜蘭市,思源里,1653,1340238,811,534,241,1103,858.44,105.88
宜蘭縣,宜蘭市,負郭里,972,613092,631,421,191,818,712.21,112.91
宜蘭縣,宜蘭市,神農里,860,517781,602,419,203,791,591.65,98.27
宜蘭縣,宜蘭市,民權里,514,339395,660,432,217,878,712.70,107.94
宜蘭縣,宜蘭市,慈安里,524,270368,516,404,198,665,494.65,95.87
宜蘭縣,宜蘭市,新民里,454,266001,586,384,188,712,648.96,110.76
宜蘭縣,宜蘭市,東門里,267,181792,681,459,212,802,751.66,110.40
宜蘭縣,宜蘭市,小東里,500,302148,604,419,193,804,617.37,102.16
宜蘭縣,宜蘭市,菜園里,400,246750,617,401,194,714,742.23,120.32
宜蘭縣,宜蘭市,孝廉里,313,174859,559,434,188,745,547.28,97.96
宜蘭縣,宜蘭市,中山里,237,135115,570,381,188,761,635.41,111.46
宜蘭縣,宜蘭市,北門里,320,177430,554,411,213,715,545.29,98.34
宜蘭縣,宜蘭市,西門里,473,255450,540,422,194,680,517.30,95.79
宜蘭縣,宜蘭市,凱旋里,423,276913,655,422,203,784,873.25,133.39
宜蘭縣,宜蘭市,南津里,738,589390,799,526,233,1049,999.53,125.15
宜蘭縣,宜蘭市,建業里,671,681934,1016,582,244,1185,1868.10,183.82
宜蘭縣,宜蘭市,南橋里,395,292137,740,461,192,956,884.45,119.59
宜蘭縣,宜蘭市,進士里,747,493907,661,451,220,839,718.03,108.60
宜蘭縣,宜蘭市,茭白里,677,410821,607,430,218,776,651.58,107.37
宜蘭縣,宜蘭市,新生里,760,401854,529,385,198,652,542.72,102.64
宜蘭縣,宜蘭市,梅洲里,925,455683,493,359,173,629,483.75,98.20
宜蘭縣,宜蘭市,北津里,642,339533,529,383,211,665,488.52,92.37
宜蘭縣,宜蘭市,東村里,794,546308,688,477,233,962,657.48,95.56
宜蘭縣,宜蘭市,延平里,1126,786787,699,470,225,937,750.16,107.36
宜蘭縣,宜蘭市,黎明里,615,474908,772,553,249,986,847.07,109.69
宜蘭縣,宜蘭市,七張里,430,233671,543,371,184,685,656.90,120.88
宜蘭縣,宜蘭市,復興里,881,535721,608,412,196,796,667.38,109.75
宜蘭縣,宜蘭市,文化里,975,686637,704,476,201,894,790.95,112.31
宜蘭縣,宜蘭市,七結里,956,734714,769,531,243,1009,1090.05,141.84
宜蘭縣,宜蘭市,大新里,232,142658,615,385,164,752,907.99,147.66
宜蘭縣,宜蘭市,中興里,851,459050,539,385,200,684,572.16,106.07
宜蘭縣,宜蘭市,成功里,1020,715496,701,508,234,960,665.38,94.86
宜蘭縣,宜蘭市,泰山里,565,297165,526,382,193,676,551.19,104.80
宜蘭縣,宜蘭市,新東里,995,662558,666,441,200,817,950.40,142.73
宜蘭縣,宜蘭市,擺厘里,1053,746927,709,467,228,920,912.38,128.62
宜蘭縣,頭城鎮,石城里,52,24526,472,268,154,444,1000.46,212.11
宜蘭縣,頭城鎮,大里里,110,55808,507,344,172,627,533.31,105.12
宜蘭縣,頭城鎮,大溪里,126,56477,448,328,136,547,568.15,126.75
宜蘭縣,頭城鎮,更新里,269,120683,449,328,144,608,468.45,104.42
宜蘭縣,頭城鎮,合興里,56,22925,409,328,131,517,383.79,93.75
宜蘭縣,頭城鎮,外澳里,180,78802,438,310,149,545,431.16,98.49
宜蘭縣,頭城鎮,港口里,178,92704,521,310,134,629,644.27,123.71
宜蘭縣,頭城鎮,武營里,396,243138,614,428,204,774,660.29,107.54
宜蘭縣,頭城鎮,城東里,180,105688,587,394,200,794,630.94,107.46
宜蘭縣,頭城鎮,城西里,163,90551,556,356,197,579,820.79,147.75
宜蘭縣,頭城鎮,城南里,176,93102,529,373,200,647,548.35,103.66
宜蘭縣,頭城鎮,城北里,118,62960,534,385,186,814,470.01,88.09
宜蘭縣,頭城鎮,大坑里,303,155455,513,406,181,664,546.13,106.45
宜蘭縣,頭城鎮,竹安里,437,189085,433,336,150,539,421.71,97.46
宜蘭縣,頭城鎮,新建里,521,271761,522,354,180,703,538.96,103.33
宜蘭縣,頭城鎮,拔雅里,562,345007,614,401,199,804,682.36,111.15
宜蘭縣,頭城鎮,福成里,238,118113,496,356,204,604,495.84,99.91
宜蘭縣,頭城鎮,金面里,448,235153,525,349,196,695,636.83,121.33
宜蘭縣,頭城鎮,金盈里,186,100817,542,403,160,691,574.45,105.98
宜蘭縣,頭城鎮,頂埔里,338,201652,597,377,182,663,1318.22,220.95
宜蘭縣,頭城鎮,下埔里,202,104856,519,388,198,726,465.44,89.67
宜蘭縣,頭城鎮,中崙里,261,135633,520,338,183,661,570.32,109.75
宜蘭縣,頭城鎮,二城里,288,130720,454,307,151,536,525.22,115.72
宜蘭縣,頭城鎮,龜山里,83,33921,409,284,141,509,398.47,97.50
宜蘭縣,礁溪鄉,大忠村,752,429212,571,381,176,744,675.71,118.39
宜蘭縣,礁溪鄉,大義村,164,89722,547,418,182,712,522.22,95.45
宜蘭縣,礁溪鄉,二龍村,302,169592,562,401,201,690,571.67,101.80
宜蘭縣,礁溪鄉,德陽村,1287,861654,670,462,211,850,834.52,124.65
宜蘭縣,礁溪鄉,白雲村,445,230598,518,379,176,710,529.19,102.12
宜蘭縣,礁溪鄉,玉石村,606,404112,667,439,193,727,1031.70,154.71
宜蘭縣,礁溪鄉,六結村,407,264910,651,446,198,792,774.23,118.95
宜蘭縣,礁溪鄉,時潮村,355,166756,470,314,167,603,504.89,107.48
宜蘭縣,礁溪鄉,林美村,282,137933,489,328,174,621,604.48,123.58
宜蘭縣,礁溪鄉,三民村,635,291549,459,338,169,586,493.04,107.39
宜蘭縣,礁溪鄉,玉田村,574,323381,563,404,184,753,552.96,98.15
宜蘭縣,礁溪鄉,白鵝村,203,113074,557,359,169,688,793.85,142.52
宜蘭縣,礁溪鄉,玉光村,307,180826,589,388,177,761,648.54,110.11
宜蘭縣,礁溪鄉,光武村,415,252209,608,404,180,721,796.04,130.99
宜蘭縣,礁溪鄉,匏崙村,193,77617,402,293,144,539,399.52,99.34
宜蘭縣,礁溪鄉,二結村,93,64044,689,423,184,968,753.41,109.40
宜蘭縣,礁溪鄉,吳沙村,749,438015,585,399,193,716,652.44,111.57
宜蘭縣,礁溪鄉,龍潭村,979,502207,513,360,172,680,530.89,103.49
宜蘭縣,壯圍鄉,東港村,167,66406,398,306,163,515,389.83,98.04
宜蘭縣,壯圍鄉,復興村,341,154281,452,350,189,576,416.92,92.15
宜蘭縣,壯圍鄉,吉祥村,791,466638,590,431,212,758,590.38,100.08
宜蘭縣,壯圍鄉,新南村,237,131816,556,400,204,680,628.05,112.92
宜蘭縣,壯圍鄉,美福村,521,286521,550,393,190,711,594.75,108.15
宜蘭縣,壯圍鄉,大福村,405,207120,511,372,223,646,514.74,100.65
宜蘭縣,壯圍鄉,新社村,277,148455,536,354,175,651,622.36,116.13
宜蘭縣,壯圍鄉,忠孝村,661,363599,550,395,190,641,594.83,108.14
宜蘭縣,壯圍鄉,功勞村,371,236687,638,433,251,832,609.82,95.59
宜蘭縣,壯圍鄉,永鎮村,164,69070,421,289,166,526,434.24,103.11
宜蘭縣,壯圍鄉,過嶺村,302,146347,485,321,159,615,529.02,109.17
宜蘭縣,壯圍鄉,美城村,645,405537,629,415,185,710,907.60,144.35
宜蘭縣,壯圍鄉,古亭村,460,277625,604,407,207,718,764.73,126.71
宜蘭縣,壯圍鄉,古結村,340,173668,511,366,206,634,571.43,111.87
宜蘭縣,員山鄉,員山村,1828,1116712,611,410,207,752,897.04,146.84
宜蘭縣,員山鄉,尚德村,584,316708,542,380,179,674,617.73,113.91
宜蘭縣,員山鄉,內城村,345,176714,512,370,206,602,679.19,132.60
宜蘭縣,員山鄉,惠好村,493,304104,617,395,213,756,733.99,118.99
宜蘭縣,員山鄉,深溝村,560,377291,674,421,184,815,990.98,147.09
宜蘭縣,員山鄉,蓁巷村,299,141147,472,326,175,564,553.05,117.16
宜蘭縣,員山鄉,七賢村,425,242171,570,386,191,703,656.07,115.14
宜蘭縣,員山鄉,永和村,492,231439,470,353,160,599,465.90,99.04
宜蘭縣,員山鄉,枕山村,582,320608,551,382,179,649,659.25,119.67
宜蘭縣,員山鄉,頭分村,376,189170,503,356,191,635,482.70,95.94
宜蘭縣,員山鄉,同樂村,584,269443,461,333,157,630,473.03,102.53
宜蘭縣,員山鄉,湖東村,215,105838,492,356,160,664,623.70,126.70
宜蘭縣,員山鄉,湖西村,292,163195,559,375,192,737,617.56,110.50
宜蘭縣,員山鄉,逸仙村,254,139049,547,344,176,706,606.90,110.86
宜蘭縣,員山鄉,湖北村,257,128765,501,357,179,626,596.63,119.08
宜蘭縣,員山鄉,中華村,101,54699,542,299,155,588,990.93,182.97
宜蘭縣,羅東鎮,成功里,510,317443,622,430,218,827,649.64,104.37
宜蘭縣,羅東鎮,北成里,934,695968,745,472,234,938,846.96,113.66
宜蘭縣,羅東鎮,仁愛里,1195,837104,701,444,223,850,837.84,119.61
宜蘭縣,羅東鎮,竹林里,948,576780,608,409,211,738,675.25,110.98
宜蘭縣,羅東鎮,賢文里,1169,726736,622,427,201,754,725.39,116.68
宜蘭縣,羅東鎮,東安里,1188,722589,608,409,208,767,723.35,118.93
宜蘭縣,羅東鎮,新羣里,881,502347,570,403,190,732,609.54,106.90
宜蘭縣,羅東鎮,羅莊里,1006,567314,564,404,201,726,568.60,100.83
宜蘭縣,羅東鎮,仁德里,343,216559,631,389,205,720,817.90,129.54
宜蘭縣,羅東鎮,漢民里,1120,643168,574,393,191,707,680.33,118.47
宜蘭縣,羅東鎮,西安里,902,520396,577,411,203,786,575.40,99.73
宜蘭縣,羅東鎮,信義里,1062,739306,696,447,231,889,810.54,116.43
宜蘭縣,羅東鎮,公正里,906,650528,718,445,210,897,957.69,133.38
宜蘭縣,羅東鎮,大新里,462,314146,680,415,187,844,835.93,122.94
宜蘭縣,羅東鎮,南昌里,755,451536,598,418,204,741,680.35,113.76
宜蘭縣,羅東鎮,集祥里,303,221673,732,413,188,892,952.64,130.21
宜蘭縣,羅東鎮,南豪里,423,244380,578,404,205,743,561.91,97.26
宜蘭縣,羅東鎮,樹林里,1255,964345,768,508,249,971,852.53,110.95
宜蘭縣,羅東鎮,維揚里,930,557113,599,421,201,753,684.31,114.23
宜蘭縣,羅東鎮,開明里,387,217161,561,395,183,726,654.92,116.71
宜蘭縣,羅東鎮,中山里,400,223773,559,369,181,734,602.37,107.68
宜蘭縣,羅東鎮,仁和里,236,150115,636,421,162,677,918.82,144.45
宜蘭縣,羅東鎮,國華里,1471,1000899,680,447,219,856,813.82,119.60
宜蘭縣,五結鄉,五結村,1182,743585,629,423,214,788,691.32,109.89
宜蘭縣,五結鄉,協和村,1069,675239,632,386,190,717,1233.96,195.35
宜蘭縣,五結鄉,大吉村,1147,603729,526,393,184,679,528.64,100.43
宜蘭縣,五結鄉,福興村,578,345601,598,404,185,743,647.73,108.33
宜蘭縣,五結鄉,三興村,670,418174,624,426,202,764,768.84,123.18
宜蘭縣,五結鄉,鎮安村,878,502890,573,437,216,736,547.84,95.65
宜蘭縣,五結鄉,中興村,423,261357,618,405,180,827,731.34,118.37
宜蘭縣,五結鄉,四結村,901,627210,696,453,212,873,800.48,114.99
宜蘭縣,五結鄉,上四村,494,269143,545,387,175,715,526.38,96.61
宜蘭縣,五結鄉,二結村,625,372716,596,441,225,768,582.06,97.60
宜蘭縣,五結鄉,利澤村,562,273314,486,349,164,630,488.86,100.52
宜蘭縣,五結鄉,季新村,744,342264,460,326,156,574,523.87,113.88
宜蘭縣,五結鄉,成興村,954,465112,488,366,181,600,501.62,102.89
宜蘭縣,五結鄉,孝威村,481,263431,548,383,200,678,597.79,109.15
宜蘭縣,五結鄉,錦衆村,348,168530,484,361,168,609,467.92,96.62
宜蘭縣,冬山鄉,南興村,1000,600164,600,440,218,784,574.39,95.70
宜蘭縣,冬山鄉,冬山村,220,118042,537,387,168,751,516.90,96.34
宜蘭縣,冬山鄉,武淵村,409,252148,616,413,177,755,856.08,138.86
宜蘭縣,冬山鄉,珍珠村,534,361079,676,458,216,807,854.46,126.37
宜蘭縣,冬山鄉,三奇村,290,136977,472,346,187,564,504.52,106.81
宜蘭縣,冬山鄉,補城村,344,200850,584,403,183,792,609.26,104.35
宜蘭縣,冬山鄉,大興村,270,149189,553,400,216,699,620.43,112.28
宜蘭縣,冬山鄉,東城村,434,243588,561,401,219,721,603.26,107.48
宜蘭縣,冬山鄉,香和村,1007,640362,636,416,217,795,770.32,121.14
宜蘭縣,冬山鄉,安平村,180,85876,477,353,211,651,451.44,94.62
宜蘭縣,冬山鄉,太和村,465,255988,551,359,172,678,707.71,128.55
宜蘭縣,冬山鄉,永美村,1065,671854,631,448,228,839,632.10,100.20
宜蘭縣,冬山鄉,八寶村,277,166457,601,370,192,662,875.45,145.68
宜蘭縣,冬山鄉,丸山村,438,241978,552,386,213,667,705.17,127.64
宜蘭縣,冬山鄉,中山村,120,58439,487,328,188,628,542.69,111.44
宜蘭縣,冬山鄉,順安村,1470,803018,546,387,192,655,1088.34,199.23
宜蘭縣,冬山鄉,清溝村,1253,803100,641,433,212,856,671.01,104.69
宜蘭縣,冬山鄉,羣英村,1446,810150,560,396,204,706,602.18,107.48
宜蘭縣,冬山鄉,鹿埔村,748,393070,525,391,201,629,593.88,113.01
宜蘭縣,冬山鄉,得安村,268,146893,548,354,163,621,769.16,140.33
宜蘭縣,冬山鄉,廣興村,758,401612,530,373,196,631,744.95,140.60
宜蘭縣,冬山鄉,廣安村,533,305013,572,382,189,729,618.59,108.10
宜蘭縣,冬山鄉,柯林村,564,368114,653,442,216,830,843.86,129.29
宜蘭縣,冬山鄉,大進村,158,77791,492,306,148,647,541.76,110.04
宜蘭縣,蘇澳鎮,港邊里,302,160015,530,404,199,655,543.85,102.64
宜蘭縣,蘇澳鎮,永春里,127,62490,492,357,208,627,460.39,93.57
宜蘭縣,蘇澳鎮,東澳里,48,25292,527,406,237,626,446.66,84.77
宜蘭縣,蘇澳鎮,聖湖里,681,356997,524,367,200,632,603.32,115.09
宜蘭縣,蘇澳鎮,新城里,456,218104,478,380,190,646,485.25,101.45
宜蘭縣,蘇澳鎮,隘丁里,942,497775,528,412,226,699,459.79,87.01
宜蘭縣,蘇澳鎮,永榮里,1173,641568,547,408,219,720,542.36,99.16
宜蘭縣,蘇澳鎮,存仁里,200,110585,553,409,224,687,518.83,93.83
宜蘭縣,蘇澳鎮,頂寮里,324,164295,507,379,211,601,540.00,106.49
宜蘭縣,蘇澳鎮,永樂里,120,58092,484,355,158,561,619.03,127.87
宜蘭縣,蘇澳鎮,蘇東里,121,54938,454,329,171,580,450.58,99.24
宜蘭縣,蘇澳鎮,朝陽里,97,37175,383,253,152,513,362.09,94.48
宜蘭縣,蘇澳鎮,南強里,138,71600,519,398,224,669,498.01,95.99
宜蘭縣,蘇澳鎮,南寧里,204,98579,483,401,200,661,401.42,83.07
宜蘭縣,蘇澳鎮,南安里,207,125420,606,401,215,739,639.32,105.52
宜蘭縣,蘇澳鎮,南正里,180,96681,537,384,193,649,593.57,110.51
宜蘭縣,蘇澳鎮,蘇西里,642,378075,589,392,207,764,642.78,109.15
宜蘭縣,蘇澳鎮,蘇南里,147,70939,483,412,218,623,447.22,92.67
宜蘭縣,蘇澳鎮,蘇北里,264,151071,572,406,194,657,809.73,141.50
宜蘭縣,蘇澳鎮,長安里,149,70819,475,371,178,686,386.76,81.37
宜蘭縣,蘇澳鎮,永光里,111,78741,709,448,184,704,1240.75,174.91
宜蘭縣,蘇澳鎮,南興里,261,124211,476,317,170,589,621.60,130.61
宜蘭縣,蘇澳鎮,龍德里,995,467328,470,353,189,599,460.76,98.10
宜蘭縣,蘇澳鎮,南成里,182,88886,488,351,166,588,547.04,112.01
宜蘭縣,蘇澳鎮,南建里,215,100602,468,331,170,544,689.90,147.44
宜蘭縣,蘇澳鎮,聖愛里,769,388073,505,375,205,659,496.38,98.36
宜蘭縣,三星鄉,月眉村,216,125492,581,396,168,634,741.04,127.55
宜蘭縣,三星鄉,人和村,88,70305,799,504,204,850,1251.69,156.67
宜蘭縣,三星鄉,義德村,270,160332,594,373,214,765,659.09,110.99
宜蘭縣,三星鄉,雙賢村,115,63462,552,357,173,649,649.96,117.78
宜蘭縣,三星鄉,集慶村,276,135317,490,335,185,629,486.44,99.22
宜蘭縣,三星鄉,萬德村,153,92718,606,385,193,662,823.50,135.89
宜蘭縣,三星鄉,萬富村,173,115875,670,452,259,834,997.64,148.95
宜蘭縣,三星鄉,貴林村,125,60323,483,397,200,636,402.57,83.42
宜蘭縣,三星鄉,大隱村,1267,728040,575,384,175,722,720.55,125.40
宜蘭縣,三星鄉,行健村,229,143971,629,362,158,775,926.47,147.36
宜蘭縣,三星鄉,拱照村,265,154028,581,379,190,693,728.37,125.31
宜蘭縣,三星鄉,大洲村,496,307706,620,407,200,705,782.36,126.11
宜蘭縣,三星鄉,大義村,357,212254,595,394,189,724,729.37,122.68
宜蘭縣,三星鄉,尾塹村,434,242609,559,404,191,720,624.35,111.69
宜蘭縣,三星鄉,尚武村,206,118786,577,355,184,629,689.17,119.52
宜蘭縣,三星鄉,天山村,97,47519,490,378,180,627,500.63,102.19
宜蘭縣,三星鄉,天福村,125,75557,604,386,175,680,1159.35,191.80
宜蘭縣,三星鄉,員山村,51,26081,511,318,135,598,736.68,144.05
宜蘭縣,大同鄉,寒溪村,187,77301,413,324,139,493,428.19,103.59
宜蘭縣,大同鄉,松羅村,123,52639,428,369,181,554,330.29,77.18
宜蘭縣,大同鄉,太平村,8,3680,460,400,288,527,308.28,67.01
宜蘭縣,大同鄉,四季村,110,62097,565,431,292,702,472.22,83.65
宜蘭縣,大同鄉,樂水村,52,19786,380,345,156,444,322.22,84.69
宜蘭縣,大同鄉,南山村,50,24841,497,380,250,660,343.03,69.05
宜蘭縣,大同鄉,崙埤村,134,83731,625,458,246,674,978.47,156.59
宜蘭縣,大同鄉,英士村,46,21133,459,378,120,643,463.05,100.79
宜蘭縣,大同鄉,復興村,39,22164,568,402,213,626,579.30,101.94
宜蘭縣,大同鄉,茂安村,36,15717,437,439,194,632,356.96,81.76
宜蘭縣,南澳鄉,南澳村,306,151293,494,389,204,695,416.75,84.29
宜蘭縣,南澳鄉,碧候村,218,89086,409,317,171,466,910.39,222.78
宜蘭縣,南澳鄉,東岳村,98,52646,537,423,229,759,428.23,79.71
宜蘭縣,南澳鄉,武塔村,103,50242,488,394,165,695,421.38,86.39
宜蘭縣,南澳鄉,金岳村,72,32903,457,434,290,618,298.47,65.31
宜蘭縣,南澳鄉,金洋村,91,39676,436,376,192,625,331.10,75.94
宜蘭縣,南澳鄉,澳花村,180,75641,420,371,140,611,386.80,92.04
桃園市,桃園區,文化里,447,467252,1045,610,241,1284,1317.65,126.05
桃園市,桃園區,武陵里,557,433698,779,492,237,972,1237.98,158.99
桃園市,桃園區,文昌里,283,184299,651,442,193,930,634.72,97.46
桃園市,桃園區,長美里,327,216599,662,388,201,930,778.16,117.48
桃園市,桃園區,永興里,649,449552,693,436,194,868,899.90,129.91
桃園市,桃園區,南門里,2076,1492094,719,447,218,905,879.44,122.36
桃園市,桃園區,東門里,1121,896206,799,479,206,1009,1119.89,140.08
桃園市,桃園區,西門里,556,455988,820,479,197,927,1183.84,144.35
桃園市,桃園區,北門里,562,396344,705,425,185,866,888.78,126.03
桃園市,桃園區,雲林里,2241,1688719,754,475,233,992,875.00,116.12
桃園市,桃園區,豐林里,2167,1451090,670,423,211,840,775.93,115.87
桃園市,桃園區,會稽里,3599,2553542,710,474,228,903,807.70,113.84
桃園市,桃園區,朝陽里,644,439282,682,438,198,882,843.41,123.65
桃園市,桃園區,青溪里,1556,1208367,777,458,220,962,1100.20,141.67
桃園市,桃園區,汴洲里,2386,1724671,723,485,257,917,860.20,119.00
桃園市,桃園區,東埔里,1459,938621,643,410,208,800,755.43,117.42
桃園市,桃園區,中埔里,891,646134,725,433,227,899,933.93,128.79
桃園市,桃園區,西埔里,1031,767780,745,472,232,946,863.35,115.93
桃園市,桃園區,中山里,2558,2078869,813,524,255,1054,907.39,111.65
桃園市,桃園區,中正里,2620,2372296,905,571,256,1134,1166.91,128.88
桃園市,桃園區,龍岡里,2108,1530809,726,488,230,944,838.78,115.50
桃園市,桃園區,東山里,660,451957,685,404,188,823,942.54,137.64
桃園市,桃園區,南華里,423,274655,649,395,195,860,945.30,145.59
桃園市,桃園區,大林里,2819,2109133,748,519,251,992,800.12,106.94
桃園市,桃園區,文明里,511,377104,738,468,203,878,1021.63,138.44
桃園市,桃園區,建國里,1844,1188352,644,438,210,853,678.61,105.30
桃園市,桃園區,成功里,1516,1340507,884,504,241,1062,1476.81,167.02
桃園市,桃園區,忠義里,1299,911659,702,443,215,881,883.94,125.95
桃園市,桃園區,永安里,1513,1067031,705,438,214,869,849.60,120.47
桃園市,桃園區,玉山里,1737,1263155,727,431,215,817,1171.80,161.14
桃園市,桃園區,中興里,2060,1541082,748,482,224,936,894.44,119.56
桃園市,桃園區,西湖里,492,385328,783,423,180,896,1246.73,159.19
桃園市,桃園區,福林里,2157,1668367,773,501,241,983,888.45,114.87
桃園市,桃園區,慈文里,2186,1503722,688,452,221,878,806.08,117.18
桃園市,桃園區,新埔里,3820,3937082,1031,586,259,1244,1970.69,191.21
桃園市,桃園區,萬壽里,317,195610,617,379,196,689,832.79,134.96
桃園市,桃園區,中成里,2051,1693318,826,527,257,963,1144.28,138.60
桃園市,桃園區,長安里,1169,765632,655,425,218,779,835.82,127.62
桃園市,桃園區,光興里,1781,1372844,771,486,236,965,948.46,123.04
桃園市,桃園區,龍山里,1068,614200,575,386,202,693,708.99,123.28
桃園市,桃園區,民生里,637,493015,774,475,223,962,938.82,121.30
桃園市,桃園區,中和里,462,317862,688,395,192,811,968.73,140.80
桃園市,桃園區,大豐里,1762,1189836,675,422,204,864,954.85,141.40
桃園市,桃園區,福安里,1491,1148571,770,488,219,961,1681.99,218.34
桃園市,桃園區,三民里,1647,1575502,957,545,238,1106,1454.45,152.05
桃園市,桃園區,大興里,1992,1382801,694,419,208,835,894.77,128.90
桃園市,桃園區,春日里,2179,1438275,660,442,227,857,718.13,108.80
桃園市,桃園區,信光里,2522,2062639,818,482,236,1003,1375.14,168.14
桃園市,桃園區,中寧里,2400,2376905,990,602,271,1265,1311.99,132.47
桃園市,桃園區,同安里,3692,4513016,1222,649,267,1445,1938.40,158.58
桃園市,桃園區,莊敬里,3364,3690636,1097,572,252,1269,1759.49,160.38
桃園市,桃園區,文中里,1432,1308494,914,596,272,1126,1248.72,136.66
桃園市,桃園區,泰山里,1373,1055826,769,463,218,922,1046.49,136.09
桃園市,桃園區,中路里,1414,1028816,728,489,236,899,831.60,114.29
桃園市,桃園區,中德里,2259,1669988,739,465,218,895,998.93,135.13
桃園市,桃園區,龍祥里,1812,1345976,743,496,256,937,831.86,111.99
桃園市,桃園區,大有里,2413,1923677,797,532,251,1037,928.74,116.50
桃園市,桃園區,寶山里,3041,2079542,684,442,220,862,842.61,123.22
桃園市,桃園區,龍鳳里,2793,2094948,750,497,233,1001,822.91,109.71
桃園市,桃園區,龍安里,2152,1797192,835,546,256,1099,931.54,111.54
桃園市,桃園區,自強里,2830,2762254,976,534,259,1166,2905.63,297.69
桃園市,桃園區,中信里,2066,1625972,787,499,230,989,1001.37,127.24
桃園市,桃園區,長德里,1763,1285714,729,472,230,887,919.09,126.03
桃園市,桃園區,中平里,1641,1122375,684,423,208,871,866.47,126.69
桃園市,桃園區,中原里,1747,1323103,757,479,235,1000,858.05,113.29
桃園市,桃園區,中泰里,1583,1538099,972,573,248,1193,1363.96,140.38
桃園市,桃園區,南埔里,1832,1599964,873,535,246,1107,1070.81,122.61
桃園市,桃園區,寶慶里,2413,2577204,1068,632,277,1364,1336.74,125.16
桃園市,桃園區,北埔里,1840,1565262,851,526,249,1069,1012.55,119.03
桃園市,桃園區,三元里,1402,1000425,714,474,219,906,872.68,122.30
桃園市,桃園區,中聖里,2065,1947906,943,556,247,1165,1249.75,132.49
桃園市,桃園區,龍壽里,2564,1861495,726,515,251,937,763.63,105.18
桃園市,桃園區,瑞慶里,2164,1820239,841,529,252,1043,1104.49,131.31
桃園市,桃園區,寶安里,2971,2482800,836,511,230,1072,1067.13,127.70
桃園市,桃園區,同德里,2422,2661520,1099,672,274,1424,1395.03,126.95
桃園市,桃園區,明德里,1315,1701892,1294,562,269,1363,2929.13,226.32
桃園市,桃園區,大樹里,1323,859978,650,430,204,782,841.57,129.47
桃園市,桃園區,大業里,1915,1780246,930,562,250,1153,2100.56,225.96
桃園市,桃園區,福元里,1769,1651598,934,620,275,1247,1048.77,112.33
桃園市,大溪區,興和里,453,273512,604,420,208,750,622.40,103.08
桃園市,大溪區,福仁里,266,144272,542,360,200,611,668.16,123.19
桃園市,大溪區,一心里,1403,851071,607,403,198,766,756.76,124.75
桃園市,大溪區,月眉里,331,174221,526,349,204,628,584.44,111.04
桃園市,大溪區,康安里,342,189993,556,365,167,608,714.82,128.67
桃園市,大溪區,義和里,437,242593,555,351,183,601,1092.75,196.85
桃園市,大溪區,福安里,529,327537,619,394,205,728,788.30,127.32
桃園市,大溪區,美華里,816,456923,560,372,184,653,772.75,138.00
桃園市,大溪區,復興里,155,86963,561,388,182,623,830.68,148.06
桃園市,大溪區,新峰里,131,64670,494,329,180,593,582.72,118.04
桃園市,大溪區,永福里,263,225304,857,409,191,911,1378.49,160.91
桃園市,大溪區,瑞興里,703,389454,554,367,184,642,969.16,174.94
桃園市,大溪區,中新里,407,190534,468,321,173,559,545.75,116.58
桃園市,大溪區,仁善里,1718,1319343,768,500,239,1015,891.23,116.05
桃園市,大溪區,南興里,1522,800835,526,362,198,628,600.14,114.06
桃園市,大溪區,員林里,506,300804,594,409,215,733,635.00,106.82
桃園市,大溪區,瑞源里,1193,768563,644,448,239,825,692.89,107.55
桃園市,大溪區,僑愛里,807,535923,664,451,241,861,734.70,110.63
桃園市,大溪區,一德里,1578,826734,524,365,178,646,593.27,113.24
桃園市,大溪區,仁愛里,1746,1069804,613,424,219,762,692.48,113.02
桃園市,大溪區,仁義里,744,357341,480,350,166,606,492.76,102.60
桃園市,大溪區,仁武里,1024,633964,619,420,190,778,719.96,116.29
桃園市,大溪區,光明里,726,408987,563,404,209,709,554.44,98.42
桃園市,大溪區,三元里,1015,658922,649,489,263,856,580.38,89.40
桃園市,大溪區,田心里,1377,765314,556,359,191,691,674.76,121.41
桃園市,大溪區,仁文里,1223,707475,578,395,182,735,685.77,118.55
桃園市,大溪區,仁和里,1534,976358,636,425,205,821,708.06,111.25
桃園市,大溪區,仁美里,1003,586152,584,412,199,774,622.90,106.59
桃園市,中壢區,後寮里,1708,1114684,653,463,246,835,667.34,102.26
桃園市,中壢區,石頭里,588,460829,784,496,220,1013,918.99,117.26
桃園市,中壢區,新興里,1323,952652,720,465,247,859,851.27,118.22
桃園市,中壢區,仁美里,1935,1347346,696,468,234,870,775.08,111.31
桃園市,中壢區,普仁里,1314,909791,692,458,226,861,757.36,109.38
桃園市,中壢區,普義里,1492,1172650,786,517,243,1012,931.32,118.50
桃園市,中壢區,內壢里,620,410251,662,427,229,785,838.08,126.66
桃園市,中壢區,內定里,2490,1615101,649,446,227,840,717.22,110.57
桃園市,中壢區,水尾里,1198,859430,717,442,217,886,1204.98,167.97
桃園市,中壢區,青埔里,2934,3147933,1073,732,347,1410,1231.69,114.80
桃園市,中壢區,新街里,886,861974,973,510,233,1138,1650.26,169.63
桃園市,中壢區,興南里,1090,845931,776,459,200,967,1004.08,129.38
桃園市,中壢區,興國里,652,468571,719,451,209,893,927.85,129.11
桃園市,中壢區,中壢里,226,164381,727,454,225,919,896.86,123.30
桃園市,中壢區,中榮里,270,201044,745,405,231,812,1068.29,143.47
桃園市,中壢區,中建里,382,260805,683,406,179,743,1040.36,152.38
桃園市,中壢區,舊明里,503,325410,647,394,189,795,884.35,136.70
桃園市,中壢區,新明里,1278,843818,660,425,218,839,806.64,122.17
桃園市,中壢區,三民里,1034,725154,701,439,213,811,959.56,136.82
桃園市,中壢區,五權里,2235,1952661,874,545,269,1122,1016.91,116.40
桃園市,中壢區,芝芭里,1549,1529668,988,588,274,1222,1242.68,125.84
桃園市,中壢區,內厝里,1713,1364207,796,464,234,955,1172.12,147.18
桃園市,中壢區,月眉里,2013,1249759,621,434,224,785,730.09,117.60
桃園市,中壢區,山東里,1205,722186,599,420,212,733,679.15,113.32
桃園市,中壢區,過嶺里,3209,2683915,836,585,290,1082,880.01,105.22
桃園市,中壢區,興仁里,1147,700235,610,422,205,745,803.58,131.63
桃園市,中壢區,中原里,1224,770320,629,415,218,797,661.17,105.06
桃園市,中壢區,自立里,1600,949062,593,405,214,776,620.41,104.59
桃園市,中壢區,洽溪里,3029,3169747,1046,718,342,1384,1105.17,105.61
桃園市,中壢區,中堅里,1240,849016,685,482,235,916,663.02,96.84
桃園市,中壢區,永興里,320,213426,667,415,198,845,895.84,134.32
桃園市,中壢區,光明里,1928,1590812,825,495,236,1000,1140.98,138.28
桃園市,中壢區,中央里,1342,1088407,811,503,238,989,1045.58,128.92
桃園市,中壢區,龍岡里,1503,984838,655,471,228,830,771.61,117.76
桃園市,中壢區,中正里,1823,1253208,687,454,238,844,833.46,121.24
桃園市,中壢區,篤行里,976,750973,769,481,242,927,914.54,118.86
桃園市,中壢區,信義里,1673,1389440,831,528,260,1071,1059.98,127.63
桃園市,中壢區,忠義里,1556,1155788,743,516,260,970,779.81,104.98
桃園市,中壢區,忠福里,2839,2077197,732,484,236,917,878.07,120.01
桃園市,中壢區,東興里,1228,963153,784,511,236,1023,884.09,112.72
桃園市,中壢區,復興里,3745,2671086,713,512,263,931,728.30,102.11
桃園市,中壢區,自強里,1244,977251,786,483,235,976,1052.99,134.04
桃園市,中壢區,龍平里,822,501511,610,433,214,752,670.82,109.95
桃園市,中壢區,成功里,1481,921467,622,439,236,823,630.90,101.40
桃園市,中壢區,龍興里,1528,988361,647,467,234,842,686.02,106.06
桃園市,中壢區,仁愛里,1103,794071,720,465,226,911,842.02,116.96
桃園市,中壢區,仁德里,937,511940,546,401,215,744,510.19,93.38
桃園市,中壢區,仁祥里,827,427598,517,366,192,643,628.20,121.50
桃園市,中壢區,龍東里,1540,959908,623,423,220,764,718.70,115.30
桃園市,中壢區,龍昌里,1783,1002138,562,415,207,733,545.85,97.12
桃園市,中壢區,文化里,3225,2286714,709,450,234,860,923.32,130.22
桃園市,中壢區,振興里,1653,1058102,640,450,238,802,714.27,111.58
桃園市,中壢區,普慶里,865,567443,656,447,235,834,707.59,107.86
桃園市,中壢區,興和里,894,594262,665,429,217,767,799.83,120.33
桃園市,中壢區,永光里,1984,1577756,795,535,252,1063,870.95,109.52
桃園市,中壢區,復華里,2052,1423538,694,479,241,912,712.32,102.68
桃園市,中壢區,忠孝里,1738,1422504,818,565,276,1088,948.78,115.92
桃園市,中壢區,福德里,995,712215,716,440,215,856,872.03,121.83
桃園市,中壢區,和平里,832,493049,593,420,222,787,572.91,96.68
桃園市,中壢區,普忠里,1126,1021257,907,561,250,1180,1091.70,120.37
桃園市,中壢區,普強里,1404,1063067,757,474,217,879,1138.13,150.31
桃園市,中壢區,明德里,1755,1310698,747,486,224,965,849.39,113.73
桃園市,中壢區,至善里,1257,808989,644,459,235,857,617.55,95.95
桃園市,中壢區,五福里,1145,718968,628,417,206,732,771.01,122.79
桃園市,中壢區,龍德里,1481,1145608,774,527,257,1030,813.18,105.12
桃園市,中壢區,正義里,1619,1100247,680,427,197,880,772.35,113.65
桃園市,中壢區,龍安里,613,350726,572,385,192,709,697.92,121.98
桃園市,中壢區,中山里,1810,1234095,682,466,233,854,829.19,121.61
桃園市,中壢區,德義里,913,625604,685,473,211,886,741.86,108.27
桃園市,中壢區,仁義里,1437,1105925,770,494,248,981,883.19,114.76
桃園市,中壢區,華勛里,1362,751869,552,414,217,710,525.26,95.15
桃園市,中壢區,仁福里,1610,998067,620,417,215,753,1054.06,170.03
桃園市,中壢區,幸福里,2205,1443555,655,430,229,829,723.61,110.53
桃園市,中壢區,永福里,2024,1417713,700,457,234,882,792.33,113.12
桃園市,中壢區,仁和里,1196,704426,589,426,224,763,620.97,105.43
桃園市,中壢區,華愛里,1265,855096,676,449,242,859,819.43,121.22
桃園市,中壢區,莊敬里,1226,834461,681,462,226,857,830.77,122.06
桃園市,中壢區,自治里,1242,941391,758,497,247,1038,838.19,110.58
桃園市,中壢區,健行里,1622,1243028,766,517,250,1015,810.32,105.74
桃園市,中壢區,興平里,806,586373,728,474,236,952,912.33,125.40
桃園市,中壢區,中興里,1251,864620,691,448,224,813,1329.01,192.29
桃園市,中壢區,龍慈里,1742,1160662,666,452,223,880,738.15,110.79
桃園市,中壢區,自信里,2137,1626935,761,510,251,1028,779.03,102.33
桃園市,中壢區,林森里,1336,952881,713,463,221,893,880.86,123.50
桃園市,中壢區,金華里,1757,2366733,1347,761,299,1655,2458.10,182.48
桃園市,楊梅區,楊梅里,1426,952969,668,455,228,884,692.46,103.62
桃園市,楊梅區,楊江里,340,239785,705,484,222,942,733.04,103.94
桃園市,楊梅區,紅梅里,884,514584,582,407,193,772,598.04,102.74
桃園市,楊梅區,水美里,1390,828337,596,398,205,745,688.79,115.58
桃園市,楊梅區,上田里,888,465151,524,358,205,669,506.69,96.73
桃園市,楊梅區,東流里,968,492860,509,372,187,648,546.17,107.27
桃園市,楊梅區,大平里,1050,656357,625,400,206,684,1444.73,231.12
桃園市,楊梅區,永寧里,2580,1860650,721,481,245,937,915.89,127.00
桃園市,楊梅區,瑞原里,1262,607987,482,353,203,604,470.15,97.59
桃園市,楊梅區,員本里,935,554596,593,412,234,720,1156.61,194.99
桃園市,楊梅區,富岡里,566,344984,610,418,214,743,721.13,118.31
桃園市,楊梅區,豐野里,1323,748461,566,401,218,721,712.19,125.89
桃園市,楊梅區,上湖里,2127,1196349,562,415,221,722,642.31,114.20
桃園市,楊梅區,三湖里,976,513472,526,376,212,637,682.53,129.73
桃園市,楊梅區,梅溪里,1665,1167386,701,474,232,862,779.35,111.16
桃園市,楊梅區,瑞塘里,2117,1365960,645,436,215,827,797.11,123.54
桃園市,楊梅區,埔心里,491,305744,623,409,232,728,738.18,118.55
桃園市,楊梅區,高山里,1370,848744,620,441,221,786,651.04,105.09
桃園市,楊梅區,高榮里,1230,796070,647,414,211,732,875.03,135.20
桃園市,楊梅區,金龍里,508,312529,615,461,228,793,701.36,114.00
桃園市,楊梅區,四維里,1836,1592633,867,568,273,1125,1018.61,117.43
桃園市,楊梅區,梅新里,722,479687,664,426,232,811,1112.03,167.38
桃園市,楊梅區,仁美里,1290,734192,569,395,210,730,620.29,108.99
桃園市,楊梅區,光華里,1080,605656,561,372,193,714,626.92,111.79
桃園市,楊梅區,大同里,1242,817735,658,449,238,798,808.98,122.87
桃園市,楊梅區,中山里,1159,776742,670,432,232,796,770.89,115.03
桃園市,楊梅區,楊明里,3139,2238287,713,502,265,918,751.95,105.45
桃園市,楊梅區,金溪里,1647,1789061,1086,588,278,1236,1983.33,182.58
桃園市,楊梅區,裕成里,1210,928966,768,470,222,874,1450.73,188.96
桃園市,楊梅區,秀才里,1187,629799,531,395,209,690,509.77,96.08
桃園市,楊梅區,青山里,1489,766909,515,379,209,665,513.85,99.77
桃園市,楊梅區,新榮里,1230,830993,676,431,221,795,804.89,119.14
桃園市,楊梅區,雙榮里,1221,908144,744,493,254,962,795.52,106.96
桃園市,楊梅區,瑞坪里,2111,1342391,636,451,224,817,643.91,101.26
桃園市,楊梅區,永平里,671,410525,612,394,200,706,1177.99,192.54
桃園市,楊梅區,瑞溪里,1455,996779,685,499,259,886,687.77,100.39
桃園市,楊梅區,高上里,962,496544,516,373,195,644,536.66,103.97
桃園市,楊梅區,富豐里,988,550961,558,402,213,702,608.91,109.19
桃園市,楊梅區,裕新里,804,460764,573,398,202,701,646.52,112.81
桃園市,楊梅區,三民里,1230,789584,642,442,212,849,667.81,104.03
桃園市,楊梅區,頭湖里,979,558271,570,409,212,700,627.95,110.12
桃園市,蘆竹區,新興里,1028,672065,654,418,216,775,867.64,132.71
桃園市,蘆竹區,中福里,1447,890746,616,437,227,768,694.11,112.76
桃園市,蘆竹區,新莊里,1844,1212543,658,445,236,838,784.13,119.25
桃園市,蘆竹區,大竹里,2000,1487023,744,503,260,930,1032.59,138.88
桃園市,蘆竹區,蘆竹里,1349,954800,708,441,226,865,857.25,121.12
桃園市,蘆竹區,南崁里,1452,1384625,954,521,241,1111,1500.71,157.37
桃園市,蘆竹區,錦興里,1513,1174748,776,452,221,954,1044.52,134.53
桃園市,蘆竹區,五福里,995,787797,792,468,245,955,1190.27,150.33
桃園市,蘆竹區,內厝里,774,559393,723,442,236,877,923.85,127.83
桃園市,蘆竹區,山鼻里,604,397212,658,386,212,682,1621.65,246.59
桃園市,蘆竹區,坑子里,504,269541,535,398,228,671,522.86,97.77
桃園市,蘆竹區,外社里,461,257055,558,414,211,682,576.84,103.45
桃園市,蘆竹區,山腳里,1209,678908,562,372,193,683,656.21,116.86
桃園市,蘆竹區,坑口里,832,608190,731,417,230,761,1161.87,158.94
桃園市,蘆竹區,海湖里,1018,495712,487,366,198,639,468.54,96.22
桃園市,蘆竹區,富竹里,464,295940,638,445,245,804,679.30,106.51
桃園市,蘆竹區,上竹里,1306,897377,687,426,221,848,830.83,120.92
桃園市,蘆竹區,宏竹里,973,574598,591,406,223,753,643.27,108.93
桃園市,蘆竹區,南榮里,1416,1259969,890,510,253,1051,1287.60,144.70
桃園市,蘆竹區,南興里,2146,2166009,1009,669,311,1310,1085.34,107.53
桃園市,蘆竹區,長興里,906,496359,548,349,191,644,797.64,145.59
桃園市,蘆竹區,錦中里,1229,1073867,874,504,244,1078,1195.49,136.82
桃園市,蘆竹區,瓦窯里,1282,872672,681,439,210,852,776.49,114.07
桃園市,蘆竹區,營盤里,2020,1706951,845,535,254,1078,1018.11,120.48
桃園市,蘆竹區,羊稠里,1874,2231071,1191,756,363,1503,1386.36,116.45
桃園市,蘆竹區,順興里,1667,1683830,1010,693,337,1363,1023.44,101.32
桃園市,蘆竹區,福昌里,1950,1770391,908,612,303,1188,970.98,106.95
桃園市,蘆竹區,福興里,1396,1347309,965,684,333,1212,1092.12,113.16
桃園市,蘆竹區,蘆興里,579,517695,894,511,228,1135,1176.17,131.55
桃園市,蘆竹區,長壽里,2139,1824109,853,564,265,1128,997.70,116.99
桃園市,蘆竹區,吉祥里,1530,1983398,1296,792,327,1714,1580.56,121.93
桃園市,蘆竹區,中山里,1303,976215,749,502,239,953,873.79,116.63
桃園市,蘆竹區,福祿里,1269,1004583,792,532,269,1000,875.81,110.63
桃園市,蘆竹區,興榮里,1138,923839,812,532,252,1092,900.65,110.94
桃園市,蘆竹區,中興里,2159,1804424,836,591,298,1046,1122.23,134.27
桃園市,蘆竹區,上興里,1322,1088864,824,538,257,1030,931.97,113.15
桃園市,蘆竹區,營福里,1300,985301,758,527,272,963,893.68,117.91
桃園市,蘆竹區,正興里,1597,1130832,708,505,245,929,731.51,103.31
桃園市,蘆竹區,濱海里,719,355249,494,359,180,646,509.73,103.17
桃園市,大園區,大園里,1862,1090533,586,381,200,728,681.15,116.30
桃園市,大園區,田心里,2448,1523072,622,426,227,786,722.29,116.09
桃園市,大園區,溪海里,1483,769038,519,369,202,659,579.30,111.71
桃園市,大園區,和平里,489,250002,511,344,184,582,690.08,134.98
桃園市,大園區,橫峰里,4563,4190356,918,541,258,1109,1304.97,142.10
桃園市,大園區,五權里,1801,1129854,627,431,222,768,752.41,119.94
桃園市,大園區,埔心里,1982,1141933,576,385,199,715,706.87,122.69
桃園市,大園區,大海里,511,349839,685,374,201,718,1404.92,205.21
桃園市,大園區,三石里,997,597449,599,408,229,722,658.18,109.84
桃園市,大園區,菓林里,2501,1457738,583,435,222,763,585.57,100.46
桃園市,大園區,竹圍里,1155,686701,595,402,210,732,734.91,123.61
桃園市,大園區,海口里,592,367957,622,404,209,755,796.29,128.11
桃園市,大園區,沙崙里,798,451574,566,371,194,649,799.35,141.26
桃園市,大園區,後厝里,840,490110,583,386,206,728,620.55,106.36
桃園市,大園區,圳頭里,834,485173,582,389,199,696,727.70,125.09
桃園市,大園區,內海里,717,374232,522,368,197,645,549.90,105.36
桃園市,大園區,北港里,916,423971,463,334,187,583,497.80,107.55
桃園市,大園區,南港里,2064,1105225,535,402,223,700,532.27,99.40
桃園市,龜山區,龜山里,2377,1551905,653,426,214,819,774.65,118.65
桃園市,龜山區,新路里,1741,1068920,614,412,213,772,691.83,112.68
桃園市,龜山區,山頂里,1837,1105592,602,424,221,763,607.06,100.87
桃園市,龜山區,兔坑里,1323,576151,435,323,183,541,443.14,101.76
桃園市,龜山區,舊路里,758,403585,532,353,174,648,633.68,119.01
桃園市,龜山區,嶺頂里,1303,682866,524,348,188,617,695.14,132.64
桃園市,龜山區,龍壽里,482,256367,532,368,187,677,611.86,115.04
桃園市,龜山區,楓樹里,1470,942106,641,422,219,782,746.30,116.45
桃園市,龜山區,大崗里,1438,961507,669,445,237,852,826.65,123.63
桃園市,龜山區,公西里,424,317870,750,440,211,956,906.77,120.95
桃園市,龜山區,樂善里,1736,1145339,660,481,241,870,652.58,98.91
桃園市,龜山區,南上里,678,406719,600,394,186,780,636.94,106.18
桃園市,龜山區,大坑里,604,312320,517,356,196,650,534.06,103.28
桃園市,龜山區,陸光里,1104,736021,667,419,210,865,768.76,115.31
桃園市,龜山區,精忠里,1853,1314940,710,512,254,935,738.56,104.08
桃園市,龜山區,山福里,1130,680670,602,409,202,751,689.42,114.45
桃園市,龜山區,山德里,1582,980261,620,397,192,764,732.32,118.19
桃園市,龜山區,中興里,1565,1001220,640,411,184,762,875.30,136.82
桃園市,龜山區,大同里,2019,1292031,640,412,200,787,782.19,122.23
桃園市,龜山區,文化里,2763,3275894,1186,727,315,1478,1682.49,141.91
桃園市,龜山區,南美里,872,570751,655,470,221,843,682.72,104.31
桃園市,龜山區,幸福里,1470,617692,420,318,172,541,406.57,96.76
桃園市,龜山區,福源里,640,393661,615,354,196,625,2771.03,450.50
桃園市,龜山區,龍華里,1163,561273,483,349,171,613,495.46,102.66
桃園市,龜山區,迴龍里,2029,1212219,597,378,199,728,743.62,124.47
桃園市,龜山區,新嶺里,1220,596605,489,352,187,631,516.28,105.58
桃園市,龜山區,大湖里,2240,2109630,942,599,269,1206,1085.62,115.27
桃園市,龜山區,大華里,3601,3214421,893,590,268,1182,985.22,110.37
桃園市,龜山區,長庚里,2132,2856254,1340,997,659,1576,1304.30,97.36
桃園市,龜山區,新興里,681,413885,608,419,216,762,648.71,106.74
桃園市,龜山區,文青里,3222,2337303,725,541,248,1010,686.96,94.70
桃園市,龜山區,楓福里,1248,983677,788,527,262,1046,844.51,107.14
桃園市,八德區,興仁里,3085,2131490,691,467,236,875,805.26,116.55
桃園市,八德區,福興里,3874,2701809,697,496,251,919,994.87,142.65
桃園市,八德區,瑞豐里,1831,1217051,665,509,260,869,641.76,96.55
桃園市,八德區,廣興里,975,523869,537,387,205,705,531.08,98.84
桃園市,八德區,竹園里,1059,589179,556,375,200,662,689.92,124.01
桃園市,八德區,霄裡里,649,328694,506,384,200,659,575.87,113.71
桃園市,八德區,茄苳里,908,458562,505,349,194,626,533.94,105.73
桃園市,八德區,白鷺里,937,534034,570,411,221,688,630.51,110.63
桃園市,八德區,大湳里,1333,847352,636,442,211,822,672.75,105.83
桃園市,八德區,大安里,1179,705488,598,403,210,729,870.36,145.45
桃園市,八德區,大興里,1316,1018578,774,482,211,941,1959.80,253.21
桃園市,八德區,大福里,1912,1367459,715,465,226,933,796.88,111.42
桃園市,八德區,大同里,386,223259,578,364,198,655,850.25,147.00
桃園市,八德區,大忠里,555,318278,573,420,203,729,590.23,102.92
桃園市,八德區,大勇里,1480,1117134,755,439,219,946,988.35,130.94
桃園市,八德區,大義里,1193,795884,667,423,209,803,830.12,124.43
桃園市,八德區,大成里,1021,592079,580,389,197,702,647.05,111.58
桃園市,八德區,瑞發里,984,524921,533,382,178,682,565.26,105.96
桃園市,八德區,瑞祥里,1056,569652,539,419,207,748,476.30,88.30
桃園市,八德區,瑞德里,1007,530269,527,361,199,685,524.98,99.70
桃園市,八德區,廣隆里,1621,1111663,686,449,220,895,746.17,108.80
桃園市,八德區,高明里,1267,716135,565,402,218,707,572.62,101.31
桃園市,八德區,大和里,2694,1968865,731,482,232,918,838.00,114.66
桃園市,八德區,大信里,901,441157,490,361,196,606,511.47,104.46
桃園市,八德區,大華里,883,508406,576,409,207,736,585.67,101.72
桃園市,八德區,大仁里,1447,794521,549,383,183,680,614.04,111.83
桃園市,八德區,大智里,1545,1462947,947,557,248,1264,1212.18,128.02
桃園市,八德區,瑞泰里,1358,812623,598,404,224,747,718.35,120.05
桃園市,八德區,大昌里,911,456272,501,373,173,654,511.72,102.17
桃園市,八德區,大正里,1674,1169381,699,518,257,882,694.45,99.41
桃園市,八德區,大強里,1061,594945,561,396,209,689,600.85,107.15
桃園市,八德區,大發里,677,373626,552,386,199,682,640.16,116.00
桃園市,八德區,大明里,1277,786104,616,384,207,745,762.81,123.92
桃園市,八德區,大竹里,441,221224,502,350,175,622,585.11,116.64
桃園市,八德區,大慶里,388,230228,593,450,229,747,645.77,108.83
桃園市,八德區,大千里,766,438881,573,394,206,747,590.64,103.09
桃園市,八德區,大榮里,630,351462,558,394,192,690,626.78,112.35
桃園市,八德區,茄明里,1671,981350,587,418,212,758,616.40,104.96
桃園市,八德區,高城里,1061,643525,607,451,244,747,602.28,99.30
桃園市,八德區,瑞興里,994,598655,602,404,208,725,691.35,114.79
桃園市,八德區,大愛里,882,625012,709,471,220,940,739.96,104.42
桃園市,八德區,大宏里,1654,1324900,801,528,257,1056,870.37,108.66
桃園市,八德區,大漢里,1445,793377,549,407,192,703,561.99,102.36
桃園市,八德區,廣德里,943,614563,652,427,211,826,709.42,108.85
桃園市,八德區,龍友里,578,326721,565,397,210,671,1042.25,184.38
桃園市,八德區,陸光里,1205,663574,551,388,207,660,982.35,178.39
桃園市,八德區,永豐里,943,542402,575,387,202,720,763.90,132.81
桃園市,八德區,大順里,772,384774,498,360,162,626,621.14,124.62
桃園市,龍潭區,黃唐里,1469,855010,582,405,207,731,634.12,108.95
桃園市,龍潭區,烏林里,1476,816801,553,393,209,698,602.72,108.91
桃園市,龍潭區,八德里,1359,695616,512,373,210,647,496.15,96.93
桃園市,龍潭區,上林里,1448,919458,635,425,211,779,1106.86,174.31
桃園市,龍潭區,龍潭里,589,370129,628,419,206,792,709.91,112.97
桃園市,龍潭區,九龍里,1220,745052,611,416,215,719,712.32,116.64
桃園市,龍潭區,佳安里,1290,1051303,815,639,289,1134,733.01,89.94
桃園市,龍潭區,三坑里,374,239286,640,410,197,759,1036.83,162.06
桃園市,龍潭區,大平里,711,526637,741,492,224,946,875.37,118.18
桃園市,龍潭區,三林里,1089,833798,766,501,259,994,860.03,112.33
桃園市,龍潭區,高平里,1027,550445,536,373,192,650,645.45,120.43
桃園市,龍潭區,高原里,1557,983056,631,408,204,749,814.29,128.97
桃園市,龍潭區,三和里,942,1246199,1323,667,283,1595,2094.09,158.29
桃園市,龍潭區,三水里,164,100606,613,400,230,651,859.18,140.06
桃園市,龍潭區,中興里,1397,877504,628,396,206,715,838.05,133.42
桃園市,龍潭區,中正里,2007,1687808,841,542,259,1096,1092.34,129.89
桃園市,龍潭區,中山里,1849,1421521,769,486,238,943,934.27,121.52
桃園市,龍潭區,凌雲里,1171,606065,518,397,203,674,514.30,99.37
桃園市,龍潭區,永興里,867,475998,549,371,206,690,656.81,119.63
桃園市,龍潭區,烏樹林里,900,500212,556,405,219,698,596.20,107.27
桃園市,龍潭區,百年里,1537,1279593,833,516,237,1050,1144.99,137.53
桃園市,龍潭區,龍祥里,1108,693643,626,445,218,782,779.39,124.50
桃園市,龍潭區,聖德里,1016,462509,455,327,171,568,528.58,116.11
桃園市,龍潭區,龍星里,1441,1090098,756,507,243,1006,798.07,105.50
桃園市,龍潭區,上華里,1115,811133,727,457,207,912,1071.59,147.30
桃園市,龍潭區,武漢里,435,250188,575,428,210,716,613.88,106.73
桃園市,龍潭區,東興里,1254,932639,744,536,240,1012,717.41,96.46
桃園市,龍潭區,北興里,633,321434,508,375,198,632,616.29,121.37
桃園市,龍潭區,建林里,1326,1103704,832,499,240,984,2383.58,286.37
桃園市,龍潭區,富林里,1133,824055,727,501,257,971,757.50,104.15
桃園市,龍潭區,祥和里,555,311509,561,418,226,676,589.85,105.09
桃園市,平鎮區,忠貞里,503,442635,880,569,280,1179,1027.82,116.80
桃園市,平鎮區,東社里,965,501534,520,379,208,648,531.24,102.22
桃園市,平鎮區,東勢里,1721,993554,577,406,225,699,663.73,114.97
桃園市,平鎮區,山峰里,721,361448,501,354,189,643,523.44,104.41
桃園市,平鎮區,平鎮里,1553,961466,619,430,231,771,681.33,110.05
桃園市,平鎮區,北勢里,865,641826,742,477,238,993,819.58,110.46
桃園市,平鎮區,南勢里,2111,1432201,678,463,231,849,953.28,140.51
桃園市,平鎮區,宋屋里,1558,1027711,660,450,236,845,766.69,116.23
桃園市,平鎮區,高雙里,1503,1207116,803,496,230,1048,901.32,112.22
桃園市,平鎮區,復旦里,2079,1887706,908,558,256,1162,1234.33,135.94
桃園市,平鎮區,新勢里,1246,830205,666,447,214,837,779.17,116.94
桃園市,平鎮區,建安里,1380,745170,540,390,197,673,585.98,108.52
桃園市,平鎮區,中正里,550,411521,748,506,244,978,816.36,109.11
桃園市,平鎮區,貿易里,689,487943,708,502,246,927,725.60,102.46
桃園市,平鎮區,湧光里,1668,910529,546,383,203,701,574.73,105.28
桃園市,平鎮區,義民里,1933,1658180,858,450,221,940,5077.21,591.87
桃園市,平鎮區,雙連里,1518,1030924,679,427,221,798,941.68,138.66
桃園市,平鎮區,東安里,846,442151,523,381,191,624,572.72,109.58
桃園市,平鎮區,龍恩里,797,401665,504,368,209,604,582.32,115.55
桃園市,平鎮區,龍興里,732,418707,572,379,192,721,825.52,144.32
桃園市,平鎮區,廣興里,1957,1522400,778,500,238,978,1030.59,132.48
桃園市,平鎮區,莊敬里,1413,830590,588,413,221,773,651.95,110.91
桃園市,平鎮區,新富里,2134,1621376,760,482,237,959,1004.61,132.22
桃園市,平鎮區,北興里,1297,766572,591,434,218,768,612.42,103.62
桃園市,平鎮區,北貴里,1346,815303,606,415,221,753,653.25,107.85
桃園市,平鎮區,新安里,1393,725792,521,406,226,683,457.40,87.79
桃園市,平鎮區,鎮興里,962,543145,565,402,216,710,556.13,98.50
桃園市,平鎮區,義興里,2443,1757273,719,472,233,898,839.06,116.65
桃園市,平鎮區,湧豐里,575,338172,588,374,202,682,726.99,123.61
桃園市,平鎮區,湧安里,1505,775494,515,406,209,688,465.36,90.31
桃園市,平鎮區,廣達里,1366,969913,710,457,242,932,762.44,107.38
桃園市,平鎮區,福林里,1196,798392,668,469,239,887,724.39,108.51
桃園市,平鎮區,金星里,2502,1792905,717,519,252,905,785.70,109.64
桃園市,平鎮區,廣仁里,1332,679837,510,360,186,637,577.51,113.15
桃園市,平鎮區,新貴里,1022,636944,623,409,215,730,776.81,124.64
桃園市,平鎮區,北富里,1385,939466,678,440,228,806,985.06,145.22
桃園市,平鎮區,新榮里,1884,1258329,668,463,224,844,802.33,120.13
桃園市,平鎮區,華安里,1287,627577,488,364,197,611,458.27,93.98
桃園市,平鎮區,金陵里,1107,874963,790,492,239,1001,893.62,113.06
桃園市,平鎮區,北安里,528,395477,749,470,201,876,922.51,123.16
桃園市,平鎮區,北華里,1457,1226329,842,548,266,1111,917.46,109.00
桃園市,平鎮區,復興里,1786,1341413,751,467,248,921,912.09,121.44
桃園市,平鎮區,平興里,2102,1781989,848,556,256,1091,1046.73,123.47
桃園市,平鎮區,新英里,1417,1035009,730,514,248,978,855.98,117.19
桃園市,平鎮區,平安里,1839,1175798,639,481,240,842,644.64,100.83
桃園市,平鎮區,平南里,2448,1573357,643,458,236,835,673.16,104.74
桃園市,新屋區,新屋里,917,517980,565,408,215,724,552.66,97.84
桃園市,新屋區,新生里,1369,808410,591,420,232,758,599.64,101.55
桃園市,新屋區,後湖里,480,236863,493,377,214,644,442.66,89.71
桃園市,新屋區,清華里,1348,745717,553,366,208,668,617.74,111.67
桃園市,新屋區,石磊里,677,350144,517,389,201,661,520.97,100.73
桃園市,新屋區,東明里,477,246367,516,358,199,660,611.50,118.40
桃園市,新屋區,社子里,418,235899,564,376,205,651,716.32,126.93
桃園市,新屋區,九斗里,741,387021,522,401,205,665,539.71,103.33
桃園市,新屋區,埔頂里,863,432296,501,354,200,590,592.26,118.23
桃園市,新屋區,頭洲里,1548,978644,632,425,219,774,778.50,123.14
桃園市,新屋區,大坡里,364,203140,558,374,187,653,656.57,117.65
桃園市,新屋區,望間里,378,210854,558,386,205,646,778.15,139.50
桃園市,新屋區,後庄里,309,171708,556,380,202,696,582.37,104.80
桃園市,新屋區,槺榔里,302,141850,470,347,200,582,417.22,88.83
桃園市,新屋區,深圳里,152,99210,653,469,248,777,808.70,123.90
桃園市,新屋區,蚵間里,233,126762,544,374,225,671,704.61,129.51
桃園市,新屋區,笨港里,263,145409,553,411,230,667,528.62,95.61
桃園市,新屋區,永興里,281,150980,537,338,180,586,968.11,180.18
桃園市,新屋區,下埔里,213,103017,484,392,200,626,446.48,92.31
桃園市,新屋區,石牌里,256,118409,463,341,179,645,417.53,90.27
桃園市,新屋區,下田里,488,231125,474,338,193,593,509.39,107.55
桃園市,新屋區,赤欄里,398,234917,590,400,218,729,811.31,137.45
桃園市,新屋區,永安里,686,349930,510,363,204,615,608.43,119.28
桃園市,觀音區,觀音里,822,425474,518,400,215,688,481.19,92.96
桃園市,觀音區,廣興里,401,205077,511,378,204,644,507.71,99.28
桃園市,觀音區,白玉里,251,126485,504,394,228,688,450.92,89.48
桃園市,觀音區,武威里,285,160665,564,367,218,684,624.88,110.85
桃園市,觀音區,大潭里,600,300498,501,363,205,603,712.92,142.35
桃園市,觀音區,保生里,717,372498,520,374,186,664,606.25,116.69
桃園市,觀音區,三和里,239,129920,544,388,182,693,564.84,103.91
桃園市,觀音區,新興里,244,128460,526,387,224,658,486.63,92.43
桃園市,觀音區,新坡里,916,494299,540,396,208,671,618.77,114.67
桃園市,觀音區,廣福里,798,434037,544,379,204,676,602.23,110.72
桃園市,觀音區,金湖里,850,445420,524,382,197,633,603.24,115.12
桃園市,觀音區,坑尾里,594,309147,520,390,221,654,513.99,98.76
桃園市,觀音區,藍埔里,834,450683,540,387,211,631,605.66,112.08
桃園市,觀音區,大堀里,483,267487,554,402,210,695,574.81,103.79
桃園市,觀音區,大同里,1062,589979,556,421,209,706,546.99,98.46
桃園市,觀音區,上大里,840,448366,534,377,199,681,586.69,109.91
桃園市,觀音區,崙坪里,1554,859129,553,380,208,663,678.37,122.70
桃園市,觀音區,保障里,640,360018,563,378,203,656,904.51,160.79
桃園市,觀音區,草漯里,990,524815,530,410,236,668,486.96,91.86
桃園市,觀音區,樹林里,1434,654313,456,369,211,592,407.15,89.23
桃園市,觀音區,富林里,603,277112,460,367,208,592,390.20,84.91
桃園市,觀音區,塔腳里,278,156501,563,355,183,643,757.84,134.62
桃園市,觀音區,富源里,1399,787553,563,415,219,733,551.71,98.00
桃園市,觀音區,草新里,2167,1264830,584,452,243,773,518.48,88.83
桃園市,復興區,長興里,86,46369,539,407,213,678,518.24,96.12
桃園市,復興區,三民里,371,203471,548,401,186,667,726.43,132.45
桃園市,復興區,澤仁里,295,159916,542,403,181,718,523.71,96.61
桃園市,復興區,霞雲里,97,47177,486,332,220,660,464.44,95.49
桃園市,復興區,義盛里,112,57159,510,344,201,637,477.19,93.50
桃園市,復興區,高義里,126,51414,408,352,212,560,294.60,72.20
桃園市,復興區,三光里,95,39980,421,344,144,583,374.43,88.97
桃園市,復興區,奎輝里,123,59703,485,396,212,650,397.58,81.91
桃園市,復興區,華陵里,182,92843,510,384,216,583,492.08,96.46
桃園市,復興區,羅浮里,217,107827,497,387,173,668,502.73,101.17
新竹縣,竹東鎮,上坪里,50,28087,562,429,234,739,532.29,94.76
新竹縣,竹東鎮,瑞峰里,101,73184,725,368,185,716,1405.53,193.98
新竹縣,竹東鎮,軟橋里,93,58043,624,371,210,681,836.96,134.10
新竹縣,竹東鎮,員崠里,770,483120,627,427,210,853,656.72,104.67
新竹縣,竹東鎮,上舘里,3250,2332766,718,448,218,914,868.03,120.93
新竹縣,竹東鎮,東寧里,1111,793005,714,462,221,933,773.56,108.38
新竹縣,竹東鎮,大鄉里,1636,1296082,792,458,235,967,1277.60,161.27
新竹縣,竹東鎮,東華里,225,145937,649,423,194,780,862.28,132.94
新竹縣,竹東鎮,商華里,915,556648,608,405,194,753,766.27,125.96
新竹縣,竹東鎮,竹東里,434,258020,595,411,179,761,668.13,112.38
新竹縣,竹東鎮,榮樂里,460,307644,669,427,209,824,816.52,122.09
新竹縣,竹東鎮,鷄林里,1283,878954,685,453,199,876,782.15,114.17
新竹縣,竹東鎮,五豐里,2640,1796704,681,439,213,840,917.29,134.78
新竹縣,竹東鎮,三重里,2451,2259435,922,548,257,1155,1222.89,132.66
新竹縣,竹東鎮,二重里,4854,5622692,1158,746,325,1490,1774.59,153.20
新竹縣,竹東鎮,柯湖里,163,104929,644,414,223,798,747.61,116.14
新竹縣,竹東鎮,頭重里,1644,1977174,1203,605,281,1471,2239.07,186.18
新竹縣,竹東鎮,員山里,691,640619,927,528,258,1069,1255.29,135.40
新竹縣,竹東鎮,仁愛里,1082,806269,745,456,220,971,898.78,120.61
新竹縣,竹東鎮,中山里,526,314819,599,384,180,724,774.49,129.40
新竹縣,竹東鎮,中正里,802,634769,791,502,235,947,952.58,120.35
新竹縣,竹東鎮,南華里,361,274044,759,455,209,985,866.98,114.21
新竹縣,竹東鎮,榮華里,2513,1838898,732,474,220,921,866.15,118.37
新竹縣,竹東鎮,忠孝里,562,358226,637,440,207,825,717.95,112.63
新竹縣,竹東鎮,陸豐里,178,118671,667,483,259,803,746.76,112.01
新竹縣,關西鎮,東興里,150,93071,620,422,208,807,684.68,110.35
新竹縣,關西鎮,西安里,617,340984,553,368,187,737,604.63,109.41
新竹縣,關西鎮,南雄里,199,112827,567,358,152,705,641.15,113.08
新竹縣,關西鎮,北斗里,1209,753572,623,416,211,793,724.15,116.18
新竹縣,關西鎮,仁安里,310,171756,554,369,205,640,820.08,148.02
新竹縣,關西鎮,南山里,292,166261,569,362,209,710,734.48,128.99
新竹縣,關西鎮,北山里,192,106988,557,376,225,603,632.50,113.51
新竹縣,關西鎮,東安里,1229,735650,599,406,212,732,770.61,128.74
新竹縣,關西鎮,東光里,386,259431,672,405,217,776,968.85,144.15
新竹縣,關西鎮,新富里,131,75944,580,381,197,688,920.25,158.74
新竹縣,關西鎮,玉山里,88,45793,520,369,164,599,670.62,128.87
新竹縣,關西鎮,錦山里,184,97457,530,405,216,612,524.74,99.07
新竹縣,關西鎮,金山里,111,56864,512,381,245,620,491.15,95.87
新竹縣,關西鎮,石光里,554,323185,583,421,219,762,579.95,99.41
新竹縣,關西鎮,大同里,224,125074,558,386,230,689,610.13,109.27
新竹縣,關西鎮,上林里,209,144934,693,396,216,803,1098.68,158.43
新竹縣,關西鎮,新力里,141,87729,622,359,185,735,861.61,138.48
新竹縣,關西鎮,南和里,275,166896,607,426,227,772,673.06,110.90
新竹縣,關西鎮,東山里,214,108639,508,404,202,606,461.17,90.84
新竹縣,關西鎮,東平里,271,155797,575,409,212,738,558.61,97.17
新竹縣,關西鎮,南新里,213,117306,551,382,172,653,826.29,150.03
新竹縣,新埔鎮,新埔里,305,223442,733,432,209,843,961.44,131.24
新竹縣,新埔鎮,新生里,170,110434,650,437,235,724,716.58,110.31
新竹縣,新埔鎮,四座里,1124,741187,659,463,226,839,703.47,106.68
新竹縣,新埔鎮,五埔里,622,332642,535,417,228,720,484.93,90.68
新竹縣,新埔鎮,田新里,1230,843407,686,493,242,919,667.66,97.37
新竹縣,新埔鎮,旱坑里,587,339105,578,410,204,708,594.00,102.82
新竹縣,新埔鎮,北平里,188,94224,501,385,192,618,450.85,89.95
新竹縣,新埔鎮,南平里,281,158141,563,370,189,705,623.96,110.87
新竹縣,新埔鎮,上寮里,603,404516,671,414,235,799,901.85,134.44
新竹縣,新埔鎮,下寮里,891,778339,874,445,220,861,2257.38,258.41
新竹縣,新埔鎮,巨埔里,343,200825,585,425,186,729,627.24,107.13
新竹縣,新埔鎮,照門里,370,216965,586,422,220,753,717.86,122.42
新竹縣,新埔鎮,清水里,114,64450,565,432,217,753,521.66,92.27
新竹縣,新埔鎮,鹿鳴里,205,119787,584,419,239,795,519.50,88.91
新竹縣,新埔鎮,新北里,153,88760,580,345,169,701,1054.31,181.74
新竹縣,新埔鎮,內立里,311,170942,550,380,179,689,573.57,104.35
新竹縣,新埔鎮,寶石里,283,186388,659,454,200,797,916.71,139.19
新竹縣,新埔鎮,新民里,337,194668,578,435,212,749,575.06,99.55
新竹縣,新埔鎮,文山里,1652,1366964,827,468,226,957,1448.43,175.05
新竹縣,竹北市,竹北里,3190,3857131,1209,808,330,1593,1389.01,114.88
新竹縣,竹北市,竹仁里,3326,2820577,848,527,241,1103,989.74,116.71
新竹縣,竹北市,竹義里,2116,1756323,830,527,248,1064,1008.28,121.48
新竹縣,竹北市,新社里,2684,2374572,885,546,261,1142,1084.64,122.60
新竹縣,竹北市,新國里,2511,2525868,1006,669,301,1331,1102.33,109.58
新竹縣,竹北市,聯興里,1620,1283510,792,502,248,966,1240.70,156.60
新竹縣,竹北市,斗崙里,3113,5378061,1728,1118,459,2273,2183.07,126.36
新竹縣,竹北市,鹿場里,4790,11292102,2357,1701,682,3096,2819.16,119.59
新竹縣,竹北市,東平里,5776,13736214,2378,1828,834,3222,2481.88,104.36
新竹縣,竹北市,中興里,3713,8897341,2396,1594,591,3220,3116.89,130.07
新竹縣,竹北市,隘口里,1352,2617804,1936,1428,556,2506,3279.45,169.37
新竹縣,竹北市,東海里,1013,719532,710,462,229,911,815.70,114.84
新竹縣,竹北市,十興里,3031,5643514,1862,1398,614,2541,1844.31,99.05
新竹縣,竹北市,麻園里,731,556382,761,487,249,940,856.88,112.58
新竹縣,竹北市,溪州里,865,688469,796,465,233,944,1189.51,149.45
新竹縣,竹北市,白地里,730,441121,604,402,206,732,709.19,117.36
新竹縣,竹北市,新庄里,346,220743,638,400,173,756,1011.43,158.54
新竹縣,竹北市,新港里,373,244889,657,421,215,819,726.02,110.58
新竹縣,竹北市,大義里,523,319923,612,400,201,744,737.15,120.51
新竹縣,竹北市,尚義里,517,341359,660,438,215,815,824.34,124.85
新竹縣,竹北市,崇義里,603,357696,593,416,200,762,689.01,116.15
新竹縣,竹北市,大眉里,663,476047,718,470,221,926,834.97,116.29
新竹縣,竹北市,泰和里,2294,2065865,901,565,280,1144,1040.94,115.59
新竹縣,竹北市,北崙里,1469,1746019,1189,638,275,1445,1771.02,149.00
新竹縣,竹北市,新崙里,2606,2684686,1030,628,279,1336,1254.72,121.79
新竹縣,竹北市,福德里,1151,885083,769,467,217,1009,922.76,120.00
新竹縣,竹北市,興安里,1499,2487267,1659,1063,388,2286,1847.83,111.36
新竹縣,竹北市,東興里,3426,5259983,1535,1106,514,2090,1580.81,102.96
新竹縣,竹北市,北興里,2832,5021337,1773,1343,639,2363,1842.51,103.92
新竹縣,竹北市,文化里,1381,2821922,2043,829,344,1917,19177.44,938.51
新竹縣,竹北市,中崙里,2693,4728787,1756,1150,438,2356,2141.42,121.95
新竹縣,湖口鄉,長嶺村,1072,634596,592,411,218,766,647.26,109.34
新竹縣,湖口鄉,中勢村,1147,783148,683,501,270,904,651.36,95.40
新竹縣,湖口鄉,孝勢村,429,261969,611,429,201,768,719.14,117.77
新竹縣,湖口鄉,仁勢村,254,150976,594,357,184,699,754.07,126.86
新竹縣,湖口鄉,愛勢村,1385,826813,597,419,227,785,606.47,101.59
新竹縣,湖口鄉,信勢村,1848,1227894,664,459,229,836,736.78,110.89
新竹縣,湖口鄉,和興村,935,508013,543,385,202,669,590.01,108.59
新竹縣,湖口鄉,德盛村,1727,1038618,601,436,231,766,606.20,100.80
新竹縣,湖口鄉,波羅村,815,475170,583,414,219,750,602.10,103.27
新竹縣,湖口鄉,鳳山村,1222,657372,538,398,215,685,506.76,94.20
新竹縣,湖口鄉,鳳凰村,1879,1025837,546,405,218,690,541.25,99.14
新竹縣,湖口鄉,湖口村,956,565564,592,391,203,718,705.54,119.26
新竹縣,湖口鄉,湖鏡村,853,522791,613,447,217,803,596.20,97.28
新竹縣,湖口鄉,湖南村,494,274063,555,371,201,653,643.50,115.99
新竹縣,湖口鄉,長安村,329,179632,546,369,200,650,658.13,120.54
新竹縣,湖口鄉,中興村,2362,1402735,594,465,252,755,554.72,93.41
新竹縣,湖口鄉,信義村,1468,975080,664,469,239,839,713.53,107.42
新竹縣,湖口鄉,中正村,1318,1032339,783,563,279,1034,814.55,103.99
新竹縣,湖口鄉,東興村,1581,977872,619,430,228,758,812.13,131.30
新竹縣,湖口鄉,勝利村,1621,891943,550,405,220,702,537.21,97.63
新竹縣,橫山鄉,橫山村,1019,574391,564,390,211,729,616.91,109.44
新竹縣,橫山鄉,內灣村,215,90266,420,310,150,552,372.87,88.81
新竹縣,橫山鄉,新興村,458,274787,600,430,208,767,659.35,109.90
新竹縣,橫山鄉,田寮村,250,155529,622,420,209,754,686.00,110.27
新竹縣,橫山鄉,福興村,102,50869,499,369,149,611,536.55,107.59
新竹縣,橫山鄉,沙坑村,224,109316,488,346,136,634,511.19,104.75
新竹縣,橫山鄉,南昌村,46,29972,652,346,166,750,911.08,139.83
新竹縣,橫山鄉,力行村,206,108311,526,417,221,712,464.09,88.27
新竹縣,橫山鄉,大肚村,517,273074,528,358,190,694,557.73,105.59
新竹縣,橫山鄉,豐鄉村,47,21732,462,292,159,524,593.15,128.28
新竹縣,橫山鄉,豐田村,79,39915,505,446,235,664,412.69,81.68
新竹縣,新豐鄉,重興村,1846,1077787,584,407,215,724,756.35,129.55
新竹縣,新豐鄉,新豐村,572,265992,465,346,188,595,444.39,95.56
新竹縣,新豐鄉,埔和村,894,440344,493,369,200,611,529.68,107.54
新竹縣,新豐鄉,員山村,1026,752101,733,502,245,927,929.99,126.87
新竹縣,新豐鄉,後湖村,555,314420,567,384,208,680,729.26,128.72
新竹縣,新豐鄉,鳳坑村,322,172130,535,375,204,614,658.08,123.11
新竹縣,新豐鄉,中崙村,1217,706922,581,417,217,709,669.81,115.31
新竹縣,新豐鄉,青埔村,628,332683,530,377,216,658,611.02,115.34
新竹縣,新豐鄉,上坑村,511,287011,562,396,215,709,610.43,108.68
新竹縣,新豐鄉,坡頭村,216,101088,468,360,200,567,595.77,127.30
新竹縣,新豐鄉,福興村,355,185505,523,380,222,627,605.25,115.83
新竹縣,新豐鄉,松林村,1648,1354755,822,520,268,1071,955.27,116.20
新竹縣,新豐鄉,瑞興村,604,337888,559,401,222,731,578.94,103.49
新竹縣,新豐鄉,忠孝村,1396,1047474,750,501,254,982,813.52,108.42
新竹縣,新豐鄉,山崎村,1721,1270524,738,507,273,914,895.08,121.24
新竹縣,新豐鄉,松柏村,2456,2173127,885,639,315,1161,883.40,99.84
新竹縣,新豐鄉,崎頂村,1002,571353,570,419,221,728,596.29,104.57
新竹縣,芎林鄉,華龍村,98,49442,505,367,193,586,593.46,117.63
新竹縣,芎林鄉,五龍村,168,89270,531,379,201,633,692.73,130.37
新竹縣,芎林鄉,秀湖村,316,197083,624,406,185,726,753.32,120.79
新竹縣,芎林鄉,永興村,115,67267,585,405,181,799,602.95,103.08
新竹縣,芎林鄉,石潭村,812,533872,657,409,205,768,1246.23,189.55
新竹縣,芎林鄉,新鳳村,464,285829,616,401,200,676,948.39,153.96
新竹縣,芎林鄉,中坑村,170,89508,527,383,211,621,562.37,106.81
新竹縣,芎林鄉,水坑村,188,112972,601,420,231,715,649.10,108.02
新竹縣,芎林鄉,文林村,808,569524,705,457,228,921,868.28,123.19
新竹縣,芎林鄉,芎林村,520,379310,729,471,234,875,1011.76,138.70
新竹縣,芎林鄉,上山村,1773,1849601,1043,562,260,1247,2327.48,223.11
新竹縣,芎林鄉,下山村,344,238847,694,478,232,905,944.61,136.05
新竹縣,寶山鄉,新城村,295,176104,597,400,199,720,723.77,121.24
新竹縣,寶山鄉,寶山村,291,330414,1135,490,232,1047,2094.18,184.44
新竹縣,寶山鄉,雙溪村,1073,978214,912,542,256,1055,1437.10,157.64
新竹縣,寶山鄉,深井村,213,130568,613,447,237,822,575.08,93.82
新竹縣,寶山鄉,三峰村,324,765704,2363,511,210,2211,5540.51,234.44
新竹縣,寶山鄉,寶斗村,206,107165,520,334,175,653,585.17,112.49
新竹縣,寶山鄉,大崎村,815,1497534,1837,804,306,1987,7549.63,410.87
新竹縣,寶山鄉,油田村,147,71088,484,383,218,577,392.64,81.19
新竹縣,寶山鄉,山湖村,179,174479,975,459,229,1048,1360.66,139.59
新竹縣,寶山鄉,雙新村,990,1000746,1011,536,277,1146,1485.94,147.00
新竹縣,北埔鄉,水磜村,200,110174,551,393,207,614,744.76,135.20
新竹縣,北埔鄉,南興村,325,187367,577,404,218,687,637.34,110.55
新竹縣,北埔鄉,大湖村,128,89569,700,484,226,858,755.45,107.96
新竹縣,北埔鄉,埔尾村,780,450934,578,404,203,743,647.45,111.99
新竹縣,北埔鄉,南坑村,69,42675,618,317,205,592,1359.29,219.78
新竹縣,北埔鄉,北埔村,317,189544,598,393,178,762,709.71,118.69
新竹縣,北埔鄉,南埔村,109,67428,619,425,237,765,659.71,106.64
新竹縣,北埔鄉,大林村,226,114665,507,363,209,586,601.90,118.63
新竹縣,北埔鄉,外坪村,63,33795,536,338,138,621,824.12,153.63
新竹縣,峨眉鄉,峨眉村,246,139729,568,377,172,714,652.85,114.94
新竹縣,峨眉鄉,富興村,344,203625,592,387,200,704,687.24,116.10
新竹縣,峨眉鄉,中盛村,185,103630,560,409,224,712,521.98,93.18
新竹縣,峨眉鄉,石井村,150,88940,593,392,215,707,719.37,121.32
新竹縣,峨眉鄉,七星村,135,74778,554,433,226,714,486.70,87.87
新竹縣,峨眉鄉,湖光村,216,102394,474,343,144,640,510.93,107.78
新竹縣,尖石鄉,新樂村,223,100024,449,335,191,591,395.38,88.15
新竹縣,尖石鄉,嘉樂村,164,85292,520,404,212,614,488.42,93.91
新竹縣,尖石鄉,義興村,103,44417,431,351,204,514,364.51,84.53
新竹縣,尖石鄉,梅花村,80,41608,520,333,198,513,824.91,158.61
新竹縣,尖石鄉,錦屏村,182,93371,513,356,178,533,792.96,154.57
新竹縣,尖石鄉,玉峰村,239,112114,469,358,221,565,407.18,86.80
新竹縣,尖石鄉,秀巒村,222,99611,449,339,165,598,431.52,96.17
新竹縣,五峰鄉,大隘村,224,103330,461,344,215,566,433.41,93.96
新竹縣,五峰鄉,桃山村,188,79202,421,362,179,547,357.21,84.79
新竹縣,五峰鄉,花園村,95,39780,419,371,207,534,328.78,78.52
新竹縣,五峰鄉,竹林村,54,21610,400,337,130,551,359.38,89.80
苗栗縣,苗栗市,中苗里,400,294095,735,491,224,1042,853.40,116.07
苗栗縣,苗栗市,青苗里,373,223678,600,442,210,765,595.28,99.27
苗栗縣,苗栗市,玉苗里,244,129370,530,359,139,664,583.00,109.96
苗栗縣,苗栗市,綠苗里,242,149406,617,390,207,766,836.64,135.51
苗栗縣,苗栗市,高苗里,1096,791482,722,422,197,845,2551.17,353.27
苗栗縣,苗栗市,恭敬里,444,302698,682,459,239,880,771.60,113.18
苗栗縣,苗栗市,新苗里,287,158829,553,374,178,665,658.05,118.91
苗栗縣,苗栗市,勝利里,1311,843709,644,468,221,859,650.27,101.04
苗栗縣,苗栗市,維祥里,1154,758914,658,420,206,868,737.45,112.14
苗栗縣,苗栗市,玉清里,770,486144,631,452,226,867,609.82,96.59
苗栗縣,苗栗市,嘉盛里,1206,795367,660,451,225,864,718.12,108.89
苗栗縣,苗栗市,福星里,1493,975985,654,483,243,916,607.71,92.96
苗栗縣,苗栗市,北苗里,1880,1326477,706,493,236,966,717.39,101.68
苗栗縣,苗栗市,上苗里,568,396112,697,503,224,960,715.79,102.64
苗栗縣,苗栗市,福麗里,1871,1341079,717,484,236,946,893.79,124.70
苗栗縣,苗栗市,新川里,325,218552,672,391,182,784,1272.00,189.15
苗栗縣,苗栗市,新英里,478,278382,582,421,190,781,593.07,101.83
苗栗縣,苗栗市,清華里,1148,746579,650,475,220,863,668.53,102.80
苗栗縣,苗栗市,水源里,835,473994,568,405,225,685,602.55,106.15
苗栗縣,苗栗市,文山里,1534,1094101,713,515,236,971,726.59,101.87
苗栗縣,苗栗市,建功里,1447,995374,688,471,215,890,769.06,111.80
苗栗縣,苗栗市,大同里,155,83876,541,329,132,603,915.12,169.11
苗栗縣,苗栗市,玉華里,1222,812688,665,462,213,916,697.91,104.94
苗栗縣,苗栗市,維新里,1166,755320,648,447,223,838,702.55,108.45
苗栗縣,苗栗市,福安里,1221,768044,629,463,220,859,594.41,94.50
苗栗縣,苗栗市,嘉新里,1040,696664,670,469,232,887,726.19,108.41
苗栗縣,苗栗市,南勢里,565,267190,473,351,198,618,431.29,91.20
苗栗縣,苗栗市,文聖里,1218,822831,676,477,247,966,656.50,97.18
苗栗縣,苑裡鎮,苑東里,652,393138,603,373,172,795,700.66,116.20
苗栗縣,苑裡鎮,西平里,483,234173,485,340,172,597,584.38,120.53
苗栗縣,苑裡鎮,苑南里,438,268789,614,449,189,794,637.41,103.87
苗栗縣,苑裡鎮,苑北里,237,145991,616,393,217,778,1078.21,175.04
苗栗縣,苑裡鎮,西勢里,607,316635,522,361,176,657,591.60,113.41
苗栗縣,苑裡鎮,海岸里,272,118085,434,325,170,569,405.05,93.30
苗栗縣,苑裡鎮,客庄里,1363,840259,616,395,198,750,681.88,110.61
苗栗縣,苑裡鎮,苑坑里,231,119648,518,316,174,553,774.05,149.44
苗栗縣,苑裡鎮,水坡里,149,80725,542,302,170,685,582.86,107.58
苗栗縣,苑裡鎮,山腳里,398,197493,496,351,192,609,582.15,117.32
苗栗縣,苑裡鎮,舊社里,556,266096,479,353,150,609,536.52,112.10
苗栗縣,苑裡鎮,福田里,383,194260,507,347,181,595,631.99,124.60
苗栗縣,苑裡鎮,石鎮里,134,80823,603,375,187,658,727.75,120.66
苗栗縣,苑裡鎮,蕉埔里,187,100555,538,319,172,633,1081.55,201.13
苗栗縣,苑裡鎮,社苓里,727,363290,500,338,176,619,559.33,111.93
苗栗縣,苑裡鎮,泰田里,484,235109,486,347,174,632,488.32,100.53
苗栗縣,苑裡鎮,上館里,423,182823,432,297,137,531,462.38,106.98
苗栗縣,苑裡鎮,玉田里,537,247794,461,305,160,559,534.17,115.76
苗栗縣,苑裡鎮,南勢里,172,70808,412,288,101,529,442.99,107.61
苗栗縣,苑裡鎮,山柑里,404,213427,528,344,171,650,693.31,131.24
苗栗縣,苑裡鎮,田心里,619,299915,485,332,149,582,547.65,113.03
苗栗縣,苑裡鎮,新復里,420,255711,609,391,194,714,888.94,146.01
苗栗縣,苑裡鎮,中正里,655,348092,531,349,178,659,663.78,124.90
苗栗縣,苑裡鎮,苑港里,318,134054,422,324,149,513,414.26,98.27
苗栗縣,苑裡鎮,房裡里,617,303866,492,352,170,601,554.45,112.58
苗栗縣,通霄鎮,通東里,316,176591,559,392,179,745,565.88,101.26
苗栗縣,通霄鎮,通西里,567,335305,591,428,167,789,594.15,100.47
苗栗縣,通霄鎮,平元里,565,315346,558,396,181,739,592.16,106.10
苗栗縣,通霄鎮,圳頭里,160,67250,420,319,171,571,412.68,98.19
苗栗縣,通霄鎮,梅南里,415,195411,471,334,165,607,486.25,103.27
苗栗縣,通霄鎮,通灣里,623,295372,474,323,170,614,491.42,103.65
苗栗縣,通霄鎮,新埔里,287,128116,446,319,147,552,446.89,100.11
苗栗縣,通霄鎮,白東里,424,233807,551,394,208,664,638.07,115.71
苗栗縣,通霄鎮,白西里,172,77248,449,344,205,587,433.09,96.43
苗栗縣,通霄鎮,內島里,195,88678,455,335,181,590,416.11,91.50
苗栗縣,通霄鎮,烏眉里,210,124222,592,404,203,713,755.39,127.70
苗栗縣,通霄鎮,楓樹里,92,52683,573,302,147,661,839.36,146.58
苗栗縣,通霄鎮,內湖里,498,242820,488,356,161,658,508.03,104.19
苗栗縣,通霄鎮,福源里,178,108305,608,405,228,644,816.81,134.24
苗栗縣,通霄鎮,城北里,153,83364,545,362,214,617,642.15,117.86
苗栗縣,通霄鎮,城南里,213,123429,579,349,175,695,674.09,116.33
苗栗縣,通霄鎮,南和里,185,110632,598,408,178,681,749.10,125.26
苗栗縣,通霄鎮,福興里,126,74895,594,411,159,639,710.30,119.50
苗栗縣,通霄鎮,坪頂里,315,150997,479,310,156,633,476.50,99.40
苗栗縣,通霄鎮,五北里,340,158422,466,350,181,586,460.20,98.77
苗栗縣,通霄鎮,五南里,358,167962,469,326,159,625,487.88,103.99
苗栗縣,通霄鎮,福龍里,90,38625,429,286,110,541,465.04,108.36
苗栗縣,通霄鎮,通南里,781,337262,432,329,179,547,410.83,95.14
苗栗縣,通霄鎮,平安里,626,329985,527,375,186,677,537.34,101.94
苗栗縣,公館鄉,館中村,489,286693,586,412,200,791,676.62,115.41
苗栗縣,公館鄉,館南村,1173,691263,589,413,222,787,604.87,102.64
苗栗縣,公館鄉,中義村,674,376981,559,427,216,742,529.67,94.70
苗栗縣,公館鄉,玉泉村,785,521560,664,438,228,898,679.34,102.25
苗栗縣,公館鄉,大坑村,263,144707,550,410,212,708,651.18,118.35
苗栗縣,公館鄉,福基村,244,126818,520,385,175,672,486.81,93.66
苗栗縣,公館鄉,福德村,90,47743,530,460,170,769,444.41,83.78
苗栗縣,公館鄉,福星村,667,351869,528,407,212,697,468.28,88.77
苗栗縣,公館鄉,石墻村,434,207140,477,362,191,614,454.46,95.22
苗栗縣,公館鄉,開礦村,67,36455,544,287,151,700,734.68,135.03
苗栗縣,公館鄉,五谷村,728,432425,594,419,204,777,636.54,107.16
苗栗縣,公館鄉,玉谷村,476,250515,526,395,200,674,539.11,102.43
苗栗縣,公館鄉,鶴岡村,519,298328,575,385,214,734,643.69,111.98
苗栗縣,公館鄉,鶴山村,454,255285,562,388,212,676,676.66,120.34
苗栗縣,公館鄉,尖山村,429,263580,614,449,243,784,616.63,100.36
苗栗縣,公館鄉,仁安村,358,219778,614,387,216,712,944.88,153.91
苗栗縣,公館鄉,南河村,52,24275,467,417,177,625,405.60,86.88
苗栗縣,公館鄉,北河村,77,41456,538,315,197,584,568.88,105.66
苗栗縣,公館鄉,館東村,731,453320,620,419,213,813,656.56,105.87
苗栗縣,銅鑼鄉,福興村,282,160246,568,461,217,730,497.63,87.57
苗栗縣,銅鑼鄉,銅鑼村,1460,800135,548,410,225,721,535.92,97.79
苗栗縣,銅鑼鄉,朝陽村,496,252284,509,387,196,654,479.15,94.20
苗栗縣,銅鑼鄉,竹森村,281,149683,533,405,190,645,652.03,122.40
苗栗縣,銅鑼鄉,九湖村,313,144464,462,318,179,550,461.55,100.00
苗栗縣,銅鑼鄉,樟樹村,373,205688,551,394,203,648,736.83,133.62
苗栗縣,銅鑼鄉,興隆村,114,57943,508,370,196,695,470.27,92.52
苗栗縣,銅鑼鄉,盛隆村,85,47242,556,359,176,623,719.52,129.46
苗栗縣,銅鑼鄉,新隆村,123,63710,518,442,198,724,415.62,80.24
苗栗縣,銅鑼鄉,中平村,971,493729,508,381,208,645,519.97,102.26
苗栗縣,三義鄉,廣盛村,1194,630206,528,378,201,687,533.74,101.12
苗栗縣,三義鄉,双湖村,525,287476,548,405,198,729,567.15,103.58
苗栗縣,三義鄉,双潭村,396,223449,564,357,201,657,952.60,168.82
苗栗縣,三義鄉,勝興村,1054,542105,514,378,189,671,573.57,111.52
苗栗縣,三義鄉,西湖村,407,191885,471,354,186,628,423.94,89.92
苗栗縣,三義鄉,龍騰村,96,59913,624,351,234,664,787.92,126.25
苗栗縣,三義鄉,鯉魚潭村,289,144149,499,364,200,605,524.63,105.18
苗栗縣,西湖鄉,高埔村,176,95846,545,369,201,658,649.96,119.35
苗栗縣,西湖鄉,下埔村,148,80304,543,404,188,684,519.66,95.77
苗栗縣,西湖鄉,五湖村,215,124895,581,433,236,727,518.69,89.29
苗栗縣,西湖鄉,四湖村,169,95604,566,442,245,742,501.75,88.69
苗栗縣,西湖鄉,三湖村,230,125215,544,355,186,664,623.47,114.52
苗栗縣,西湖鄉,湖東村,297,149079,502,344,203,655,524.27,104.45
苗栗縣,西湖鄉,二湖村,159,92332,581,427,205,752,585.26,100.78
苗栗縣,西湖鄉,龍洞村,127,61435,484,366,157,682,418.30,86.47
苗栗縣,西湖鄉,金獅村,130,72858,560,437,221,746,518.35,92.49
苗栗縣,頭屋鄉,頭屋村,767,415209,541,392,196,710,607.92,112.30
苗栗縣,頭屋鄉,象山村,535,317916,594,412,201,743,1154.12,194.22
苗栗縣,頭屋鄉,北坑村,197,103722,527,368,190,665,543.06,103.14
苗栗縣,頭屋鄉,獅潭村,546,302314,554,381,202,687,943.44,170.39
苗栗縣,頭屋鄉,曲洞村,253,142232,562,406,222,745,582.13,103.55
苗栗縣,頭屋鄉,飛鳳村,86,49056,570,370,203,727,648.12,113.62
苗栗縣,頭屋鄉,明德村,288,155129,539,375,217,735,506.47,94.03
苗栗縣,頭屋鄉,鳴鳳村,65,48925,753,438,192,899,1350.13,179.37
苗栗縣,竹南鎮,竹南里,754,591727,785,480,213,954,986.07,125.65
苗栗縣,竹南鎮,正南里,959,646432,674,450,197,900,723.69,107.36
苗栗縣,竹南鎮,新南里,1914,1768336,924,605,275,1207,1007.76,109.08
苗栗縣,竹南鎮,大厝里,2080,1764643,848,562,245,1104,902.50,106.38
苗栗縣,竹南鎮,營盤里,1320,1063926,806,503,245,1031,944.62,117.20
苗栗縣,竹南鎮,龍鳳里,729,425593,584,420,207,752,630.85,108.06
苗栗縣,竹南鎮,山佳里,1772,1270246,717,493,255,941,812.62,113.36
苗栗縣,竹南鎮,中港里,371,289087,779,425,199,905,1161.87,149.11
苗栗縣,竹南鎮,聖福里,1269,1100488,867,538,265,1116,1006.13,116.02
苗栗縣,竹南鎮,竹興里,1038,619661,597,408,192,758,665.43,111.47
苗栗縣,竹南鎮,中華里,1066,750348,704,484,238,892,783.54,111.32
苗栗縣,竹南鎮,中英里,553,291546,527,417,189,694,495.62,94.01
苗栗縣,竹南鎮,中美里,664,384626,579,363,194,737,675.37,116.59
苗栗縣,竹南鎮,開元里,496,328690,663,508,268,873,669.92,101.09
苗栗縣,竹南鎮,海口里,1525,1106831,726,483,244,902,877.96,120.97
苗栗縣,竹南鎮,港墘里,766,500798,654,439,235,813,667.91,102.16
苗栗縣,竹南鎮,公舘里,352,187985,534,398,208,640,551.33,103.24
苗栗縣,竹南鎮,大埔里,1744,1342104,770,485,231,984,898.84,116.80
苗栗縣,竹南鎮,崎頂里,1324,838356,633,428,214,760,900.25,142.17
苗栗縣,竹南鎮,頂埔里,677,363121,536,370,199,658,625.99,116.71
苗栗縣,竹南鎮,公義里,335,166861,498,367,178,613,562.53,112.94
苗栗縣,竹南鎮,照南里,1279,1321362,1033,592,257,1346,1302.43,126.07
苗栗縣,竹南鎮,佳興里,1230,973206,791,518,243,993,934.04,118.05
苗栗縣,竹南鎮,天文里,842,645375,766,494,259,984,795.58,103.80
苗栗縣,竹南鎮,龍山里,919,672804,732,454,243,920,846.93,115.69
苗栗縣,頭份市,頭份里,1159,707677,611,434,204,760,675.68,110.66
苗栗縣,頭份市,忠孝里,1117,878694,787,439,226,930,1168.98,148.60
苗栗縣,頭份市,仁愛里,470,247234,526,355,165,696,610.20,116.00
苗栗縣,頭份市,信義里,256,162187,634,414,196,779,830.71,131.12
苗栗縣,頭份市,和平里,359,235118,655,436,201,839,694.22,106.00
苗栗縣,頭份市,民族里,747,446276,597,404,203,773,645.49,108.05
苗栗縣,頭份市,土牛里,323,195820,606,449,239,794,582.68,96.11
苗栗縣,頭份市,上興里,736,361887,492,373,173,628,578.08,117.57
苗栗縣,頭份市,下興里,839,511639,610,407,205,755,722.27,118.44
苗栗縣,頭份市,東庄里,1752,1354437,773,509,258,937,907.04,117.33
苗栗縣,頭份市,田寮里,1594,1156420,725,481,249,922,843.34,116.25
苗栗縣,頭份市,蟠桃里,1375,1275603,928,633,312,1236,896.45,96.63
苗栗縣,頭份市,山下里,1551,1190925,768,523,265,1007,789.63,102.84
苗栗縣,頭份市,後庄里,1745,1693682,971,608,289,1232,1175.20,121.08
苗栗縣,頭份市,新華里,1230,662325,538,382,202,665,582.51,108.18
苗栗縣,頭份市,斗煥里,970,511515,527,397,212,646,535.38,101.53
苗栗縣,頭份市,興隆里,1581,1282601,811,485,233,962,1107.57,136.52
苗栗縣,頭份市,上埔里,873,500769,574,396,219,690,632.02,110.18
苗栗縣,頭份市,珊湖里,501,258840,517,351,177,639,554.37,107.30
苗栗縣,頭份市,流東里,619,319897,517,354,167,621,589.66,114.10
苗栗縣,頭份市,尖山里,421,233351,554,392,201,660,750.60,135.42
苗栗縣,頭份市,廣興里,260,145882,561,375,207,688,634.81,113.14
苗栗縣,頭份市,尖下里,802,411715,513,381,196,678,492.20,95.88
苗栗縣,頭份市,濫坑里,768,364388,474,372,199,631,408.75,86.15
苗栗縣,頭份市,蘆竹里,422,208559,494,345,198,589,561.21,113.55
苗栗縣,頭份市,民權里,876,587921,671,471,242,867,786.15,117.14
苗栗縣,頭份市,民生里,802,461898,576,387,209,686,724.30,125.76
苗栗縣,頭份市,建國里,1300,961866,740,502,257,917,814.62,110.10
苗栗縣,頭份市,成功里,1336,909016,680,453,228,879,772.89,113.59
苗栗縣,頭份市,自強里,681,494100,726,446,226,828,1067.05,147.07
苗栗縣,頭份市,合興里,993,858349,864,567,269,1143,932.69,107.90
苗栗縣,頭份市,文化里,1471,1304012,886,605,301,1176,966.59,109.04
苗栗縣,頭份市,中興里,1168,1057967,906,596,260,1235,1009.00,111.39
苗栗縣,造橋鄉,造橋村,651,374419,575,393,190,752,647.83,112.64
苗栗縣,造橋鄉,平興村,131,60688,463,327,171,596,452.00,97.57
苗栗縣,造橋鄉,豐湖村,307,158738,517,394,206,695,450.08,87.04
苗栗縣,造橋鄉,錦水村,152,81089,533,407,215,700,506.35,94.91
苗栗縣,造橋鄉,大西村,1128,592505,525,411,210,698,459.76,87.53
苗栗縣,造橋鄉,大龍村,156,78408,503,372,176,666,493.22,98.13
苗栗縣,造橋鄉,朝陽村,393,196304,500,350,177,651,501.97,100.49
苗栗縣,造橋鄉,談文村,229,112301,490,359,161,629,555.31,113.24
苗栗縣,造橋鄉,龍昇村,266,120980,455,323,198,529,437.16,96.12
苗栗縣,後龍鎮,南龍里,398,226450,569,366,204,724,590.68,103.81
苗栗縣,後龍鎮,中龍里,219,156942,717,533,255,975,678.46,94.67
苗栗縣,後龍鎮,北龍里,371,213795,576,381,187,709,607.65,105.45
苗栗縣,後龍鎮,大庄里,1291,788377,611,413,202,787,633.80,103.79
苗栗縣,後龍鎮,溪洲里,608,320590,527,388,214,640,515.31,97.73
苗栗縣,後龍鎮,豐富里,395,222791,564,405,216,734,559.61,99.22
苗栗縣,後龍鎮,校椅里,300,213820,713,511,260,954,696.61,97.74
苗栗縣,後龍鎮,埔頂里,799,443635,555,414,217,687,595.98,107.34
苗栗縣,後龍鎮,新民里,385,214878,558,380,201,715,609.39,109.19
苗栗縣,後龍鎮,復興里,186,99243,534,350,160,659,612.57,114.81
苗栗縣,後龍鎮,東明里,394,214116,543,365,189,637,640.04,117.78
苗栗縣,後龍鎮,灣寶里,343,178213,520,352,187,624,650.24,125.15
苗栗縣,後龍鎮,海寶里,218,130131,597,381,198,687,654.61,109.66
苗栗縣,後龍鎮,大山里,405,197467,488,338,173,602,507.96,104.18
苗栗縣,後龍鎮,外埔里,213,121516,570,376,198,688,757.47,132.77
苗栗縣,後龍鎮,海埔里,205,96827,472,332,169,660,452.66,95.84
苗栗縣,後龍鎮,秀水里,152,88052,579,424,209,769,511.93,88.37
苗栗縣,後龍鎮,水尾里,230,96873,421,340,166,572,371.00,88.08
苗栗縣,後龍鎮,龍津里,158,72527,459,328,195,544,515.76,112.36
苗栗縣,後龍鎮,龍坑里,314,173734,553,364,200,647,705.71,127.55
苗栗縣,後龍鎮,福寧里,169,87211,516,432,230,624,471.50,91.37
苗栗縣,後龍鎮,中和里,220,97976,445,329,162,551,462.31,103.81
苗栗縣,後龍鎮,南港里,290,156947,541,389,214,676,755.61,139.62
苗栗縣,三灣鄉,三灣村,652,340143,522,363,183,685,552.33,105.87
苗栗縣,三灣鄉,內灣村,180,90160,501,410,198,640,481.99,96.23
苗栗縣,三灣鄉,銅鏡村,220,113958,518,346,189,686,553.29,106.82
苗栗縣,三灣鄉,頂寮村,48,25024,521,384,196,694,486.18,93.25
苗栗縣,三灣鄉,北埔村,145,69567,480,333,158,607,514.54,107.25
苗栗縣,三灣鄉,大河村,109,53284,489,305,121,633,572.42,117.10
苗栗縣,三灣鄉,大坪村,104,55531,534,405,199,686,505.17,94.61
苗栗縣,三灣鄉,永和村,86,52897,615,309,140,604,1054.73,171.48
苗栗縣,南庄鄉,東村,252,131871,523,384,184,679,554.05,105.88
苗栗縣,南庄鄉,西村,142,74592,525,373,179,604,631.36,120.19
苗栗縣,南庄鄉,南江村,247,121650,493,339,179,643,527.13,107.03
苗栗縣,南庄鄉,田美村,168,81986,488,326,158,616,525.55,107.69
苗栗縣,南庄鄉,獅山村,167,90755,543,348,190,668,800.67,147.33
苗栗縣,南庄鄉,南富村,286,157937,552,358,175,600,1022.06,185.08
苗栗縣,南庄鄉,員林村,263,140742,535,337,186,617,666.80,124.60
苗栗縣,南庄鄉,蓬萊村,129,77434,600,382,215,616,1124.40,187.32
苗栗縣,南庄鄉,東河村,140,67349,481,386,223,588,432.73,89.95
苗栗縣,大湖鄉,大湖村,402,223777,557,393,180,732,673.96,121.07
苗栗縣,大湖鄉,明湖村,140,83441,596,391,173,760,710.36,119.19
苗栗縣,大湖鄉,靜湖村,427,214709,503,386,205,646,443.72,88.25
苗栗縣,大湖鄉,大寮村,284,146594,516,372,189,635,669.54,129.71
苗栗縣,大湖鄉,富興村,296,150113,507,363,205,680,463.82,91.46
苗栗縣,大湖鄉,大南村,93,41834,450,313,153,578,429.87,95.56
苗栗縣,大湖鄉,南湖村,118,74307,630,346,138,750,828.79,131.61
苗栗縣,大湖鄉,義和村,271,124114,458,355,159,627,418.83,91.45
苗栗縣,大湖鄉,東興村,122,67138,550,382,195,719,643.72,116.97
苗栗縣,大湖鄉,武榮村,91,43368,477,439,219,634,369.13,77.45
苗栗縣,大湖鄉,新開村,203,104160,513,387,197,668,674.86,131.52
苗栗縣,大湖鄉,栗林村,184,93694,509,336,157,569,696.28,136.74
苗栗縣,卓蘭鎮,老庄里,389,207105,532,375,200,704,500.61,94.03
苗栗縣,卓蘭鎮,新榮里,219,108511,495,360,177,676,480.27,96.93
苗栗縣,卓蘭鎮,中街里,153,81974,536,401,174,650,528.79,98.70
苗栗縣,卓蘭鎮,新厝里,355,176623,498,350,160,657,542.42,109.02
苗栗縣,卓蘭鎮,豐田里,191,89198,467,339,175,593,475.53,101.83
苗栗縣,卓蘭鎮,西坪里,160,92467,578,368,192,671,773.78,133.89
苗栗縣,卓蘭鎮,上新里,457,227810,498,369,187,646,509.40,102.19
苗栗縣,卓蘭鎮,內灣里,408,209413,513,382,195,679,507.24,98.83
苗栗縣,卓蘭鎮,苗豐里,145,95086,656,415,246,765,792.82,120.90
苗栗縣,卓蘭鎮,坪林里,342,185969,544,380,203,696,799.16,146.97
苗栗縣,卓蘭鎮,景山里,203,98824,487,357,161,700,433.74,89.10
苗栗縣,獅潭鄉,百壽村,49,29978,612,371,230,748,750.79,122.72
苗栗縣,獅潭鄉,永興村,109,63566,583,449,245,673,555.04,95.18
苗栗縣,獅潭鄉,新店村,188,106262,565,412,227,740,551.29,97.53
苗栗縣,獅潭鄉,和興村,115,51577,448,339,209,570,418.40,93.29
苗栗縣,獅潭鄉,豐林村,110,56460,513,355,178,659,540.90,105.38
苗栗縣,獅潭鄉,新豐村,74,34272,463,356,184,565,422.73,91.28
苗栗縣,獅潭鄉,竹木村,132,70849,537,384,200,697,509.75,94.97
苗栗縣,泰安鄉,錦水村,182,101558,558,395,194,694,575.66,103.16
苗栗縣,泰安鄉,清安村,162,87079,538,398,188,672,600.53,111.72
苗栗縣,泰安鄉,大興村,93,50829,547,416,271,672,431.07,78.87
苗栗縣,泰安鄉,象鼻村,97,49641,512,428,260,607,424.92,83.03
苗栗縣,泰安鄉,梅園村,52,28134,541,392,234,777,461.70,85.33
苗栗縣,泰安鄉,八卦村,35,14124,404,337,240,548,254.89,63.16
苗栗縣,泰安鄉,中興村,75,32213,430,345,227,521,325.12,75.70
苗栗縣,泰安鄉,士林村,88,42140,479,422,297,635,312.67,65.29
南投縣,南投市,龍泉里,282,156084,553,357,183,741,572.66,103.46
南投縣,南投市,康壽里,438,276195,631,431,217,763,732.25,116.12
南投縣,南投市,三民里,234,159321,681,433,216,899,771.95,113.38
南投縣,南投市,仁和里,171,109327,639,438,219,673,884.58,138.36
南投縣,南投市,南投里,199,124154,624,408,196,743,734.00,117.65
南投縣,南投市,彰仁里,130,77311,595,384,154,848,635.01,106.78
南投縣,南投市,崇文里,310,205117,662,413,230,738,898.41,135.78
南投縣,南投市,漳興里,830,492060,593,400,182,758,688.80,116.19
南投縣,南投市,漳和里,2360,1392636,590,395,199,739,656.37,111.23
南投縣,南投市,軍功里,1355,736872,544,375,201,700,553.02,101.69
南投縣,南投市,東山里,92,47157,513,346,198,629,552.32,107.75
南投縣,南投市,平和里,1925,1190166,618,420,207,789,718.25,116.17
南投縣,南投市,振興里,585,306925,525,353,173,675,560.46,106.82
南投縣,南投市,千秋里,284,156242,550,404,213,663,567.61,103.17
南投縣,南投市,三興里,1881,1207133,642,435,200,855,683.29,106.47
南投縣,南投市,三和里,925,648047,701,472,219,895,776.78,110.88
南投縣,南投市,嘉興里,562,294006,523,361,177,653,614.05,117.38
南投縣,南投市,嘉和里,1463,851302,582,400,199,726,831.05,142.82
南投縣,南投市,鳳鳴里,135,64206,476,327,189,570,468.73,98.56
南投縣,南投市,鳳山里,249,116273,467,332,172,530,591.09,126.58
南投縣,南投市,平山里,1669,885009,530,369,174,644,608.36,114.73
南投縣,南投市,新興里,1618,806168,498,359,184,640,521.22,104.61
南投縣,南投市,永豐里,871,415789,477,348,166,594,578.89,121.27
南投縣,南投市,福興里,864,444068,514,359,182,595,665.84,129.55
南投縣,南投市,營北里,2268,1889521,833,521,248,1040,1005.73,120.72
南投縣,南投市,營南里,780,476275,611,391,206,745,696.90,114.13
南投縣,南投市,內新里,410,255422,623,458,225,860,630.60,101.22
南投縣,南投市,內興里,2271,1686491,743,495,238,984,836.51,112.64
南投縣,南投市,光華里,216,142820,661,360,170,717,1073.50,162.36
南投縣,南投市,光榮里,306,189177,618,393,141,803,827.97,133.93
南投縣,南投市,光明里,285,186063,653,488,293,857,602.42,92.27
南投縣,南投市,光輝里,167,116312,696,437,214,893,824.02,118.31
南投縣,南投市,福山里,460,215807,469,323,172,605,496.50,105.83
南投縣,南投市,永興里,142,75358,531,341,172,646,638.17,120.25
南投縣,埔里鎮,東門里,642,335491,523,343,160,644,616.73,118.02
南投縣,埔里鎮,西門里,772,378127,490,353,143,651,513.52,104.84
南投縣,埔里鎮,南門里,220,146035,664,431,191,848,748.25,112.72
南投縣,埔里鎮,北門里,550,324282,590,383,177,802,682.87,115.82
南投縣,埔里鎮,薰化里,280,189213,676,414,179,792,1175.75,173.99
南投縣,埔里鎮,清新里,794,407654,513,359,159,661,572.80,111.57
南投縣,埔里鎮,同聲里,472,245689,521,350,146,648,699.19,134.32
南投縣,埔里鎮,大城里,1456,789766,542,389,172,701,591.41,109.03
南投縣,埔里鎮,籃城里,203,108559,535,356,185,623,614.56,114.92
南投縣,埔里鎮,枇杷里,1874,1050754,561,379,169,737,597.48,106.56
南投縣,埔里鎮,杷城里,656,368786,562,372,179,690,630.02,112.07
南投縣,埔里鎮,水頭里,823,442044,537,337,163,682,624.30,116.23
南投縣,埔里鎮,麒麟里,163,81386,499,324,159,587,686.45,137.48
南投縣,埔里鎮,珠格里,198,122227,617,366,145,728,773.15,125.24
南投縣,埔里鎮,溪南里,242,112629,465,333,141,517,613.79,131.88
南投縣,埔里鎮,桃米里,213,121604,571,330,119,662,674.05,118.07
南投縣,埔里鎮,南村里,273,141741,519,345,149,666,595.90,114.77
南投縣,埔里鎮,愛蘭里,306,197584,646,422,208,800,719.65,111.45
南投縣,埔里鎮,鐵山里,353,163750,464,331,153,586,608.36,131.14
南投縣,埔里鎮,房里里,227,107774,475,350,164,623,471.60,99.33
南投縣,埔里鎮,向善里,107,39909,373,265,129,442,427.74,114.68
南投縣,埔里鎮,一新里,155,100485,648,299,116,654,1293.00,199.45
南投縣,埔里鎮,廣成里,188,87962,468,333,145,578,503.93,107.70
南投縣,埔里鎮,史港里,105,55566,529,305,140,603,596.03,112.63
南投縣,埔里鎮,福興里,185,100983,546,287,106,607,1172.42,214.79
南投縣,埔里鎮,牛眠里,518,259049,500,327,154,590,652.24,130.42
南投縣,埔里鎮,大湳里,413,251109,608,416,151,799,828.54,136.27
南投縣,埔里鎮,蜈蚣里,500,257750,516,340,164,660,703.74,136.52
南投縣,埔里鎮,成功里,36,14273,396,360,84,514,426.34,107.54
南投縣,埔里鎮,合成里,207,96665,467,288,128,561,692.03,148.19
南投縣,埔里鎮,北安里,928,510317,550,366,168,688,646.16,117.50
南投縣,埔里鎮,泰安里,541,256773,475,351,141,621,572.38,120.60
南投縣,埔里鎮,北梅里,842,458517,545,369,161,694,604.81,111.07
南投縣,草屯鎮,玉峰里,634,395543,624,418,201,778,727.18,116.56
南投縣,草屯鎮,炎峰里,656,419314,639,450,184,838,669.88,104.80
南投縣,草屯鎮,和平里,402,247465,616,401,202,797,653.41,106.14
南投縣,草屯鎮,敦和里,1967,1208439,614,399,197,731,734.85,119.61
南投縣,草屯鎮,山腳里,2523,1759859,698,443,208,890,928.66,133.14
南投縣,草屯鎮,富寮里,1993,1236940,621,430,201,836,643.29,103.65
南投縣,草屯鎮,御史里,1768,1004740,568,377,184,695,675.57,118.88
南投縣,草屯鎮,新豐里,1097,633799,578,381,181,724,698.38,120.88
南投縣,草屯鎮,明正里,1090,653773,600,395,187,740,721.21,120.24
南投縣,草屯鎮,中正里,191,139997,733,440,182,797,1042.12,142.18
南投縣,草屯鎮,碧峰里,1316,762641,580,407,213,702,626.43,108.10
南投縣,草屯鎮,上林里,1011,627864,621,402,200,749,890.29,143.36
南投縣,草屯鎮,新庄里,1127,663768,589,405,193,718,670.73,113.88
南投縣,草屯鎮,北投里,854,447127,524,356,181,649,592.59,113.18
南投縣,草屯鎮,石川里,442,235095,532,360,197,643,575.30,108.16
南投縣,草屯鎮,加老里,628,331255,527,373,178,690,556.82,105.56
南投縣,草屯鎮,中原里,564,300935,534,385,204,675,600.52,112.55
南投縣,草屯鎮,北勢里,431,220363,511,398,197,662,465.98,91.14
南投縣,草屯鎮,南埔里,1118,614059,549,378,180,679,641.85,116.86
南投縣,草屯鎮,土城里,381,171153,449,316,154,586,436.78,97.23
南投縣,草屯鎮,坪頂里,223,108801,488,288,143,539,719.61,147.49
南投縣,草屯鎮,雙冬里,417,196075,470,350,162,617,482.94,102.71
南投縣,草屯鎮,復興里,788,431424,547,378,189,685,619.35,113.12
南投縣,草屯鎮,平林里,241,135016,560,323,173,652,863.87,154.20
南投縣,草屯鎮,碧洲里,768,432630,563,383,195,703,622.19,110.45
南投縣,草屯鎮,中山里,764,532835,697,456,209,949,733.56,105.18
南投縣,草屯鎮,新厝里,1048,753457,719,463,225,943,793.88,110.42
南投縣,竹山鎮,竹山里,550,305839,556,379,185,710,621.04,111.68
南投縣,竹山鎮,中正里,166,85385,514,302,160,664,690.71,134.28
南投縣,竹山鎮,中山里,1089,643410,591,400,192,715,649.75,109.97
南投縣,竹山鎮,雲林里,924,602295,652,421,197,776,921.21,141.33
南投縣,竹山鎮,硘磘里,413,211314,512,359,161,642,553.01,108.08
南投縣,竹山鎮,桂林里,826,440400,533,364,174,700,594.56,111.51
南投縣,竹山鎮,下坪里,285,181572,637,420,201,805,1016.45,159.55
南投縣,竹山鎮,中和里,198,91915,464,356,161,586,497.16,107.10
南投縣,竹山鎮,中崎里,334,151686,454,337,184,628,448.74,98.81
南投縣,竹山鎮,德興里,146,68194,467,327,136,592,525.43,112.49
南投縣,竹山鎮,延和里,1322,800335,605,424,207,761,661.52,109.27
南投縣,竹山鎮,延正里,311,180310,580,354,146,686,901.74,155.53
南投縣,竹山鎮,延平里,644,331866,515,354,161,610,604.47,117.30
南投縣,竹山鎮,延山里,142,83820,590,422,197,779,894.37,151.52
南投縣,竹山鎮,山崇里,401,221868,553,395,188,710,558.40,100.92
南投縣,竹山鎮,社寮里,294,168258,572,418,181,769,636.25,111.17
南投縣,竹山鎮,中央里,244,135606,556,374,202,669,649.76,116.91
南投縣,竹山鎮,富州里,131,62608,478,394,163,647,446.43,93.41
南投縣,竹山鎮,大鞍里,48,17050,355,296,143,429,313.63,88.30
南投縣,竹山鎮,田子里,85,36256,427,328,209,504,390.76,91.61
南投縣,竹山鎮,福興里,71,36888,520,312,203,556,594.63,114.45
南投縣,竹山鎮,鯉魚里,131,54998,420,304,129,510,464.96,110.75
南投縣,竹山鎮,坪頂里,65,37695,580,468,185,813,552.59,95.29
南投縣,竹山鎮,瑞竹里,98,40393,412,353,175,535,321.84,78.08
南投縣,竹山鎮,桶頭里,99,41793,422,305,147,481,529.28,125.38
南投縣,竹山鎮,秀林里,114,59028,518,386,192,654,453.15,87.52
南投縣,竹山鎮,延祥里,883,425868,482,350,172,621,491.45,101.90
南投縣,竹山鎮,竹圍里,578,285110,493,343,169,633,519.86,105.39
南投縣,集集鎮,集集里,269,158935,591,376,176,724,835.36,141.39
南投縣,集集鎮,和平里,202,116161,575,416,187,719,623.80,108.48
南投縣,集集鎮,林尾里,119,79184,665,444,227,857,697.20,104.78
南投縣,集集鎮,田寮里,292,171866,589,512,182,794,741.81,126.03
南投縣,集集鎮,隘寮里,98,48630,496,400,213,605,430.06,86.67
南投縣,集集鎮,玉映里,114,62953,552,423,194,724,527.75,95.57
南投縣,集集鎮,吳厝里,191,107366,562,413,238,643,569.71,101.35
南投縣,集集鎮,八張里,327,178242,545,377,179,716,596.46,109.42
南投縣,集集鎮,永昌里,239,146687,614,427,198,831,625.23,101.87
南投縣,集集鎮,富山里,108,45866,425,325,137,523,450.29,106.03
南投縣,集集鎮,廣明里,182,106680,586,393,183,707,651.17,111.09
南投縣,名間鄉,南雅村,255,138970,545,357,165,684,669.11,122.78
南投縣,名間鄉,中正村,893,476225,533,396,185,676,564.82,105.91
南投縣,名間鄉,中山村,548,261910,478,330,150,597,532.98,111.52
南投縣,名間鄉,濁水村,315,171211,544,376,194,653,601.91,110.74
南投縣,名間鄉,炭寮村,192,102951,536,395,197,686,554.36,103.39
南投縣,名間鄉,新民村,182,82799,455,361,174,565,421.58,92.67
南投縣,名間鄉,新街村,1130,550895,488,370,200,637,457.12,93.76
南投縣,名間鄉,東湖村,407,199698,491,350,183,649,531.45,108.31
南投縣,名間鄉,仁和村,181,79513,439,339,178,594,397.72,90.54
南投縣,名間鄉,萬丹村,220,102308,465,316,158,626,508.55,109.36
南投縣,名間鄉,田仔村,276,137824,499,368,146,637,556.04,111.35
南投縣,名間鄉,新光村,386,202714,525,387,170,657,599.46,114.15
南投縣,名間鄉,大庄村,347,185185,534,372,192,610,589.59,110.48
南投縣,名間鄉,廍下村,168,87673,522,392,194,637,506.18,96.99
南投縣,名間鄉,大坑村,154,63997,416,291,137,581,410.81,98.86
南投縣,名間鄉,竹圍村,190,91056,479,348,187,576,584.61,121.99
南投縣,名間鄉,赤水村,208,114798,552,366,184,673,603.00,109.26
南投縣,名間鄉,三崙村,294,165552,563,435,218,723,561.78,99.77
南投縣,名間鄉,松山村,326,176094,540,369,221,635,609.40,112.82
南投縣,名間鄉,松柏村,239,119358,499,351,175,601,526.66,105.46
南投縣,名間鄉,埔中村,183,81284,444,306,159,545,534.17,120.26
南投縣,名間鄉,崁腳村,193,86538,448,340,150,549,445.77,99.42
南投縣,名間鄉,新厝村,170,78423,461,297,125,627,483.04,104.71
南投縣,鹿谷鄉,鹿谷村,428,264452,618,401,223,797,722.04,116.86
南投縣,鹿谷鄉,初鄉村,296,171164,578,421,187,758,609.66,105.43
南投縣,鹿谷鄉,彰雅村,273,149427,547,376,203,672,676.49,123.59
南投縣,鹿谷鄉,廣興村,430,259340,603,397,220,736,794.65,131.76
南投縣,鹿谷鄉,內湖村,184,115008,625,314,163,666,1055.44,168.86
南投縣,鹿谷鄉,竹林村,240,134029,558,350,200,672,655.94,117.46
南投縣,鹿谷鄉,竹豐村,152,69813,459,363,168,606,421.68,91.81
南投縣,鹿谷鄉,和雅村,109,58590,538,317,134,796,670.58,124.75
南投縣,鹿谷鄉,鳳凰村,265,147441,556,413,221,712,590.76,106.18
南投縣,鹿谷鄉,永隆村,355,193130,544,383,203,703,529.71,97.37
南投縣,鹿谷鄉,秀峰村,129,78780,611,344,179,662,1078.55,176.61
南投縣,鹿谷鄉,清水村,132,77869,590,368,218,650,936.93,158.82
南投縣,鹿谷鄉,瑞田村,125,81986,656,447,243,713,1238.08,188.76
南投縣,中寮鄉,廣興村,158,74036,469,298,164,524,514.06,109.71
南投縣,中寮鄉,崁頂村,93,48095,517,283,156,609,623.47,120.56
南投縣,中寮鄉,和興村,93,42751,460,295,145,618,496.96,108.11
南投縣,中寮鄉,八仙村,149,74733,502,378,175,673,506.30,100.94
南投縣,中寮鄉,福盛村,109,55823,512,350,167,635,527.94,103.09
南投縣,中寮鄉,永平村,382,194574,509,319,149,647,562.00,110.33
南投縣,中寮鄉,復興村,54,28446,527,337,153,797,470.23,89.27
南投縣,中寮鄉,中寮村,134,61671,460,281,137,560,556.16,120.84
南投縣,中寮鄉,廣福村,85,51387,605,399,233,648,778.44,128.76
南投縣,中寮鄉,永福村,345,164161,476,328,164,595,510.73,107.33
南投縣,中寮鄉,義和村,241,103840,431,303,177,550,438.89,101.86
南投縣,中寮鄉,清水村,130,70576,543,398,204,636,813.02,149.76
南投縣,中寮鄉,龍安村,131,56811,434,372,193,549,359.25,82.84
南投縣,中寮鄉,龍岩村,131,58054,443,289,163,561,450.43,101.64
南投縣,中寮鄉,永和村,91,42181,464,334,177,548,473.46,102.14
南投縣,中寮鄉,內城村,82,39259,479,306,159,511,848.08,177.14
南投縣,中寮鄉,爽文村,104,43634,420,313,183,505,377.64,90.01
南投縣,中寮鄉,永芳村,85,36404,428,331,141,564,460.72,107.57
南投縣,魚池鄉,東池村,343,158120,461,298,156,600,560.88,121.67
南投縣,魚池鄉,魚池村,445,232550,523,385,183,691,495.42,94.80
南投縣,魚池鄉,中明村,173,77484,448,315,169,533,559.64,124.95
南投縣,魚池鄉,新城村,255,118184,463,365,171,582,426.76,92.08
南投縣,魚池鄉,大林村,191,80246,420,280,140,517,476.18,113.34
南投縣,魚池鄉,大雁村,116,73101,630,298,137,549,1307.29,207.45
南投縣,魚池鄉,五城村,140,60333,431,321,174,565,387.21,89.85
南投縣,魚池鄉,東光村,191,99132,519,309,155,570,899.17,173.24
南投縣,魚池鄉,共和村,159,71799,452,297,143,568,528.31,117.00
南投縣,魚池鄉,水社村,167,95747,573,375,164,686,626.31,109.24
南投縣,魚池鄉,頭社村,157,70993,452,321,191,584,471.34,104.24
南投縣,魚池鄉,武登村,93,51058,549,293,140,614,845.54,154.01
南投縣,魚池鄉,日月村,145,72359,499,296,152,576,621.16,124.48
南投縣,國姓鄉,國姓村,320,150042,469,304,174,569,498.82,106.39
南投縣,國姓鄉,石門村,327,156897,480,329,168,590,494.54,103.07
南投縣,國姓鄉,大旗村,104,49967,480,343,170,574,550.37,114.55
南投縣,國姓鄉,北港村,284,126322,445,318,158,590,438.47,98.58
南投縣,國姓鄉,長流村,240,96771,403,338,159,542,340.39,84.42
南投縣,國姓鄉,福龜村,336,155574,463,328,161,563,584.97,126.34
南投縣,國姓鄉,乾溝村,148,70990,480,374,188,636,446.71,93.13
南投縣,國姓鄉,柑林村,214,85242,398,312,132,549,378.71,95.08
南投縣,國姓鄉,南港村,261,116269,445,331,126,596,501.31,112.53
南投縣,國姓鄉,北山村,230,112039,487,323,167,564,574.67,117.97
南投縣,國姓鄉,大石村,128,67133,524,409,207,708,472.52,90.09
南投縣,國姓鄉,長福村,107,43667,408,284,109,518,464.69,113.87
南投縣,國姓鄉,長豐村,105,41277,393,297,158,491,449.54,114.35
南投縣,水里鄉,水里村,135,62250,461,328,151,630,509.28,110.45
南投縣,水里鄉,農富村,108,70515,653,410,192,778,930.25,142.48
南投縣,水里鄉,新城村,303,142795,471,319,142,624,519.06,110.14
南投縣,水里鄉,中央村,130,66648,513,376,166,598,726.28,141.66
南投縣,水里鄉,城中村,181,104486,577,439,192,705,634.07,109.84
南投縣,水里鄉,北埔村,257,152658,594,414,199,714,805.32,135.58
南投縣,水里鄉,鉅工村,253,170793,675,412,180,917,1056.41,156.49
南投縣,水里鄉,永豐村,308,141421,459,347,171,575,423.46,92.22
南投縣,水里鄉,頂崁村,259,130933,506,331,151,621,551.85,109.16
南投縣,水里鄉,車埕村,84,42737,509,341,159,539,793.81,156.02
南投縣,水里鄉,新興村,104,43965,423,335,183,528,446.05,105.52
南投縣,水里鄉,新山村,33,24321,737,573,282,851,774.58,105.10
南投縣,水里鄉,郡坑村,37,16121,436,317,131,606,418.03,95.95
南投縣,水里鄉,上安村,179,74483,416,350,179,556,356.14,85.59
南投縣,水里鄉,民和村,107,48831,456,307,158,586,523.89,114.80
南投縣,水里鄉,永興村,52,22044,424,315,185,470,450.96,106.38
南投縣,水里鄉,玉峰村,134,65919,492,364,176,715,428.17,87.04
南投縣,水里鄉,興隆村,39,30217,775,406,211,634,1528.86,197.33
南投縣,水里鄉,南光村,402,229551,571,393,206,697,604.70,105.90
南投縣,信義鄉,明德村,314,159304,507,385,196,617,487.07,96.00
南投縣,信義鄉,地利村,137,58882,430,389,197,549,330.47,76.89
南投縣,信義鄉,人和村,186,88137,474,433,220,596,423.94,89.47
南投縣,信義鄉,愛國村,91,44095,485,419,219,569,509.00,105.04
南投縣,信義鄉,自強村,126,61644,489,347,193,610,561.30,114.73
南投縣,信義鄉,羅娜村,177,97427,550,451,286,700,417.70,75.89
南投縣,信義鄉,望美村,255,138770,544,408,222,651,638.66,117.36
南投縣,信義鄉,同富村,188,110622,588,438,249,693,613.37,104.24
南投縣,信義鄉,神木村,70,38338,548,385,229,616,815.50,148.90
南投縣,信義鄉,東埔村,146,69532,476,417,210,628,347.46,72.96
南投縣,信義鄉,潭南村,63,30074,477,437,222,663,328.66,68.85
南投縣,信義鄉,雙龍村,66,29744,451,452,254,588,310.30,68.85
南投縣,信義鄉,新鄉村,105,57269,545,480,281,646,404.60,74.18
南投縣,信義鄉,豐丘村,88,50655,576,461,240,821,488.71,84.90
南投縣,仁愛鄉,大同村,323,181862,563,362,204,626,654.32,116.21
南投縣,仁愛鄉,春陽村,154,65224,424,358,217,591,294.67,69.58
南投縣,仁愛鄉,合作村,62,30849,498,381,246,537,493.38,99.16
南投縣,仁愛鄉,發祥村,100,49336,493,373,204,583,438.79,88.94
南投縣,仁愛鄉,力行村,71,34307,483,379,256,631,340.08,70.38
南投縣,仁愛鄉,法治村,84,34578,412,407,192,559,268.16,65.14
南投縣,仁愛鄉,親愛村,198,91763,463,402,215,654,338.92,73.13
南投縣,仁愛鄉,中正村,152,64729,426,328,135,503,544.23,127.80
南投縣,仁愛鄉,互助村,226,125898,557,441,215,771,476.56,85.55
南投縣,仁愛鄉,新生村,89,41581,467,380,205,564,405.43,86.78
南投縣,仁愛鄉,萬豐村,70,31885,456,369,229,582,356.40,78.24
南投縣,仁愛鄉,精英村,104,64269,618,451,234,676,816.15,132.07
南投縣,仁愛鄉,南豐村,226,127050,562,401,188,728,671.58,119.46
南投縣,仁愛鄉,榮興村,4,2019,505,401,237,668,425.01,84.20
南投縣,仁愛鄉,翠華村,40,14896,372,291,100,463,403.59,108.38
南投縣,仁愛鄉,都達村,63,25781,409,362,184,535,325.37,79.51
彰化縣,彰化市,中正里,487,417689,858,404,174,875,3482.67,406.06
彰化縣,彰化市,文化里,383,260525,680,394,164,888,900.55,132.39
彰化縣,彰化市,新興里,1871,1395528,746,478,207,967,901.19,120.82
彰化縣,彰化市,下廍里,1798,1438216,800,496,226,1009,989.16,123.66
彰化縣,彰化市,民生里,475,374104,788,473,197,972,918.51,116.62
彰化縣,彰化市,興北里,567,362626,640,426,200,839,738.83,115.52
彰化縣,彰化市,信義里,287,248302,865,454,194,953,1404.58,162.35
彰化縣,彰化市,陽明里,609,452915,744,422,210,956,965.56,129.83
彰化縣,彰化市,萬安里,1363,903339,663,406,201,849,852.41,128.62
彰化縣,彰化市,新華里,511,326662,639,447,196,818,693.66,108.51
彰化縣,彰化市,光華里,263,203651,774,409,182,948,980.12,126.58
彰化縣,彰化市,光復里,231,189583,821,415,178,859,1302.29,158.68
彰化縣,彰化市,龍山里,657,486425,740,446,206,901,919.92,124.25
彰化縣,彰化市,中山里,213,145590,684,426,154,938,858.96,125.67
彰化縣,彰化市,永福里,298,230788,774,432,178,1025,981.44,126.73
彰化縣,彰化市,永生里,389,233504,600,362,187,694,779.77,129.90
彰化縣,彰化市,桃源里,677,433340,640,356,163,683,1096.93,171.37
彰化縣,彰化市,大同里,340,240327,707,392,171,839,989.38,139.97
彰化縣,彰化市,東興里,561,436138,777,437,187,889,1080.36,138.97
彰化縣,彰化市,卦山里,878,662871,755,448,185,953,1143.46,151.46
彰化縣,彰化市,彰安里,969,695733,718,409,188,825,1231.74,171.55
彰化縣,彰化市,福安里,355,227371,640,417,178,839,729.05,113.83
彰化縣,彰化市,西安里,959,660349,689,432,190,835,904.43,131.35
彰化縣,彰化市,成功里,543,429580,791,432,205,977,1015.37,128.35
彰化縣,彰化市,南瑤里,2761,2015998,730,443,195,885,1148.59,157.30
彰化縣,彰化市,華陽里,542,348974,644,389,170,763,1042.18,161.86
彰化縣,彰化市,延和里,1787,1374819,769,446,206,949,1076.59,139.94
彰化縣,彰化市,延平里,3263,2499772,766,476,215,969,1009.72,131.80
彰化縣,彰化市,華北里,509,353987,695,446,200,833,925.31,133.05
彰化縣,彰化市,南興里,2715,1856442,684,430,196,877,816.11,119.35
彰化縣,彰化市,富貴里,284,179891,633,390,167,828,776.49,122.59
彰化縣,彰化市,介壽里,752,517143,688,437,190,860,854.79,124.30
彰化縣,彰化市,光南里,532,433970,816,456,221,917,1145.21,140.39
彰化縣,彰化市,民權里,338,211302,625,399,176,738,789.42,126.28
彰化縣,彰化市,萬壽里,273,179705,658,389,194,790,825.88,125.46
彰化縣,彰化市,中央里,262,162877,622,379,145,864,794.16,127.75
彰化縣,彰化市,忠孝里,411,342107,832,466,206,983,1208.65,145.21
彰化縣,彰化市,五權里,1431,861086,602,378,176,731,796.99,132.45
彰化縣,彰化市,西興里,1155,811488,703,467,203,914,763.88,108.72
彰化縣,彰化市,忠權里,1105,771799,698,477,209,927,741.78,106.20
彰化縣,彰化市,長樂里,324,226833,700,401,151,798,1108.72,158.37
彰化縣,彰化市,西勢里,1328,972616,732,467,200,951,875.51,119.54
彰化縣,彰化市,莿桐里,1094,659326,603,376,176,712,820.01,136.06
彰化縣,彰化市,南安里,701,326970,466,321,164,619,501.90,107.60
彰化縣,彰化市,東芳里,1118,645826,578,373,177,695,752.69,130.30
彰化縣,彰化市,南美里,623,371273,596,402,202,741,711.35,119.37
彰化縣,彰化市,平和里,1462,902342,617,394,181,789,725.27,117.51
彰化縣,彰化市,磚磘里,1056,581005,550,354,157,685,638.17,115.99
彰化縣,彰化市,阿夷里,2977,2157026,725,469,209,949,853.23,117.76
彰化縣,彰化市,古夷里,732,400908,548,354,172,698,681.27,124.39
彰化縣,彰化市,寶廍里,353,197878,561,318,162,656,754.64,134.62
彰化縣,彰化市,茄苳里,298,159509,535,340,156,653,635.41,118.71
彰化縣,彰化市,茄南里,974,620507,637,394,187,792,774.15,121.52
彰化縣,彰化市,和調里,905,607003,671,431,188,856,811.15,120.94
彰化縣,彰化市,大竹里,1067,659603,618,398,180,776,762.58,123.36
彰化縣,彰化市,竹中里,529,304489,576,374,183,740,649.17,112.78
彰化縣,彰化市,安溪里,599,354561,592,431,209,747,614.64,103.84
彰化縣,彰化市,香山里,1123,683831,609,411,189,764,687.60,112.92
彰化縣,彰化市,牛埔里,939,485873,517,356,176,628,549.38,106.17
彰化縣,彰化市,三村里,347,198381,572,305,132,660,800.27,139.98
彰化縣,彰化市,國聖里,824,461196,560,354,157,649,759.03,135.61
彰化縣,彰化市,福山里,2105,1111779,528,363,173,665,609.81,115.46
彰化縣,彰化市,中庄里,768,465395,606,379,187,744,785.49,129.62
彰化縣,彰化市,快官里,340,222685,655,396,180,730,867.84,132.50
彰化縣,彰化市,竹巷里,242,122753,507,351,162,652,525.66,103.63
彰化縣,彰化市,福田里,368,179999,489,344,157,612,526.60,107.66
彰化縣,彰化市,石牌里,275,150262,546,366,182,595,926.08,169.49
彰化縣,彰化市,田中里,260,131265,505,338,168,621,555.86,110.10
彰化縣,彰化市,建寶里,774,566297,732,468,208,889,953.66,130.34
彰化縣,彰化市,復興里,1415,868591,614,411,197,781,708.97,115.50
彰化縣,彰化市,臺鳳里,1384,694843,502,335,155,648,574.71,114.47
彰化縣,彰化市,向陽里,2028,1605758,792,493,216,997,1039.19,131.24
彰化縣,彰化市,崙平里,1814,1213030,669,433,197,847,827.90,123.81
彰化縣,鹿港鎮,詔安里,641,308603,481,330,159,587,638.24,132.57
彰化縣,鹿港鎮,洋厝里,674,320618,476,320,158,615,529.57,111.33
彰化縣,鹿港鎮,海埔里,1016,504016,496,341,171,616,570.14,114.93
彰化縣,鹿港鎮,山崙里,775,381284,492,307,163,582,600.39,122.04
彰化縣,鹿港鎮,頭南里,644,341994,531,317,160,604,809.27,152.39
彰化縣,鹿港鎮,草中里,913,498568,546,338,163,662,704.75,129.06
彰化縣,鹿港鎮,廖厝里,1346,689823,512,330,154,631,623.74,121.70
彰化縣,鹿港鎮,溝墘里,1318,756606,574,362,172,664,813.72,141.75
彰化縣,鹿港鎮,頭崙里,827,436317,528,332,137,626,687.51,130.31
彰化縣,鹿港鎮,東石里,1298,750257,578,353,165,665,830.32,143.65
彰化縣,鹿港鎮,頂番里,1251,747596,598,362,171,712,766.11,128.20
彰化縣,鹿港鎮,郭厝里,120,62215,518,361,170,666,524.73,101.21
彰化縣,鹿港鎮,玉順里,306,185446,606,356,166,678,899.44,148.41
彰化縣,鹿港鎮,新宮里,224,102272,457,324,125,572,523.23,114.60
彰化縣,鹿港鎮,順興里,263,156602,595,368,196,729,729.64,122.54
彰化縣,鹿港鎮,中興里,174,93178,536,361,173,675,618.60,115.52
彰化縣,鹿港鎮,景福里,338,239486,709,439,213,941,763.24,107.72
彰化縣,鹿港鎮,興化里,158,90511,573,333,170,726,699.23,122.06
彰化縣,鹿港鎮,洛津里,209,126661,606,371,139,793,674.61,111.32
彰化縣,鹿港鎮,街尾里,673,426134,633,406,200,764,791.78,125.05
彰化縣,鹿港鎮,泰興里,411,330012,803,434,212,980,1089.22,135.65
彰化縣,鹿港鎮,埔崙里,1663,980920,590,374,182,721,724.48,122.82
彰化縣,鹿港鎮,菜園里,280,152440,544,366,181,659,603.22,110.80
彰化縣,鹿港鎮,長興里,103,63822,620,394,228,662,702.22,113.33
彰化縣,鹿港鎮,東崎里,1561,829831,532,359,183,645,649.84,122.24
彰化縣,鹿港鎮,龍山里,196,121772,621,307,133,775,930.84,149.82
彰化縣,鹿港鎮,頂厝里,2639,1661512,630,381,186,744,905.06,143.75
彰化縣,鹿港鎮,大有里,322,207749,645,389,182,777,880.59,136.49
彰化縣,鹿港鎮,永安里,1472,957349,650,394,174,760,927.31,142.58
彰化縣,和美鎮,竹營里,2157,1276538,592,384,188,757,689.83,116.56
彰化縣,和美鎮,和東里,1561,1072932,687,399,196,772,1128.46,164.18
彰化縣,和美鎮,和南里,128,74655,583,338,181,643,753.94,129.27
彰化縣,和美鎮,和北里,635,387633,610,382,170,761,737.95,120.89
彰化縣,和美鎮,和西里,1044,694569,665,413,182,815,780.62,117.33
彰化縣,和美鎮,四張里,895,482686,539,368,178,678,669.64,124.17
彰化縣,和美鎮,頭前里,571,277905,487,332,173,616,524.66,107.80
彰化縣,和美鎮,還社里,250,112010,448,331,119,552,505.78,112.89
彰化縣,和美鎮,鎮平里,919,450032,490,330,143,637,529.08,108.04
彰化縣,和美鎮,大霞里,444,240141,541,346,171,597,736.39,136.15
彰化縣,和美鎮,源埤里,570,297408,522,359,168,657,607.74,116.48
彰化縣,和美鎮,南佃里,684,333110,487,330,170,594,600.59,123.32
彰化縣,和美鎮,雅溝里,398,217978,548,347,182,671,628.53,114.76
彰化縣,和美鎮,面前里,711,397088,558,394,178,688,638.07,114.25
彰化縣,和美鎮,山犁里,1811,1205551,666,424,202,845,850.49,127.76
彰化縣,和美鎮,嘉犁里,638,365205,572,347,169,739,698.89,122.09
彰化縣,和美鎮,鐵山里,941,576359,612,370,183,684,856.67,139.87
彰化縣,和美鎮,詔安里,701,384794,549,376,170,661,651.44,118.68
彰化縣,和美鎮,柑井里,1138,654344,575,370,177,695,669.67,116.47
彰化縣,和美鎮,竹園里,287,144220,503,357,168,613,576.92,114.81
彰化縣,和美鎮,新庄里,788,434464,551,365,165,708,617.20,111.94
彰化縣,和美鎮,犁盛里,743,470975,634,387,179,748,859.36,135.57
彰化縣,和美鎮,中寮里,301,163148,542,350,185,657,622.68,114.88
彰化縣,和美鎮,中圍里,868,427294,492,340,168,614,547.78,111.27
彰化縣,和美鎮,糖友里,1570,942536,600,393,187,746,731.41,121.83
彰化縣,和美鎮,塗厝里,544,302607,556,379,181,651,738.61,132.78
彰化縣,和美鎮,地潭里,235,110740,471,351,190,620,421.71,89.49
彰化縣,和美鎮,湖內里,380,165517,436,313,164,517,480.81,110.39
彰化縣,和美鎮,嘉寶里,607,260561,429,287,135,517,530.87,123.67
彰化縣,和美鎮,月眉里,959,449080,468,324,162,601,556.21,118.78
彰化縣,和美鎮,好修里,488,228848,469,351,159,575,595.88,127.07
彰化縣,和美鎮,仁愛里,936,527414,563,369,191,659,698.25,123.92
彰化縣,北斗鎮,光復里,534,338729,634,448,201,871,657.65,103.68
彰化縣,北斗鎮,新政里,261,187481,718,435,209,886,921.19,128.24
彰化縣,北斗鎮,重慶里,135,79445,588,394,171,692,653.75,111.09
彰化縣,北斗鎮,五權里,170,110802,652,401,205,760,904.16,138.72
彰化縣,北斗鎮,七星里,354,212974,602,355,173,744,770.95,128.15
彰化縣,北斗鎮,居仁里,387,233976,605,431,199,787,635.73,105.15
彰化縣,北斗鎮,東光里,638,338209,530,351,159,676,558.08,105.28
彰化縣,北斗鎮,中和里,333,177193,532,329,170,575,777.73,146.16
彰化縣,北斗鎮,文昌里,887,486294,548,357,173,691,604.19,110.20
彰化縣,北斗鎮,西德里,1335,817027,612,389,178,737,1244.26,203.31
彰化縣,北斗鎮,西安里,497,348999,702,453,216,869,787.10,112.09
彰化縣,北斗鎮,中寮里,647,382991,592,408,188,780,601.16,101.56
彰化縣,北斗鎮,大道里,509,296206,582,374,175,763,605.85,104.11
彰化縣,北斗鎮,新生里,472,235402,499,343,159,626,597.79,119.86
彰化縣,北斗鎮,大新里,473,232854,492,368,182,607,547.36,111.19
彰化縣,員林市,東和里,288,205016,712,463,199,907,820.22,115.22
彰化縣,員林市,民生里,788,457937,581,392,174,699,936.89,161.22
彰化縣,員林市,中正里,1043,760878,730,445,217,907,929.14,127.36
彰化縣,員林市,新興里,218,160109,734,535,190,940,780.56,106.28
彰化縣,員林市,仁美里,808,642117,795,514,244,1011,907.96,114.25
彰化縣,員林市,和平里,957,611571,639,390,189,758,1099.31,172.02
彰化縣,員林市,光明里,232,135042,582,370,151,721,750.24,128.89
彰化縣,員林市,中山里,198,149832,757,468,281,959,838.01,110.74
彰化縣,員林市,黎明里,534,344815,646,383,207,795,836.07,129.48
彰化縣,員林市,惠來里,1879,1243680,662,414,176,826,932.52,140.89
彰化縣,員林市,三義里,857,516176,602,398,193,751,724.37,120.27
彰化縣,員林市,南平里,1933,1416544,733,488,219,913,869.70,118.68
彰化縣,員林市,大埔里,548,278357,508,386,178,646,490.15,96.50
彰化縣,員林市,源潭里,502,285602,569,426,213,727,564.82,99.28
彰化縣,員林市,三條里,960,743836,775,442,220,962,956.23,123.41
彰化縣,員林市,三橋里,952,603437,634,443,213,781,680.14,107.30
彰化縣,員林市,溝皂里,856,547216,639,417,208,823,783.16,122.51
彰化縣,員林市,中央里,624,372723,597,403,199,732,758.14,126.92
彰化縣,員林市,大饒里,1022,665091,651,425,214,815,738.62,113.50
彰化縣,員林市,大明里,673,348005,517,333,179,612,713.92,138.06
彰化縣,員林市,萬年里,1217,828246,681,441,212,890,755.12,110.96
彰化縣,員林市,崙雅里,700,395405,565,374,184,695,698.81,123.71
彰化縣,員林市,振興里,770,400559,520,388,172,667,535.72,102.98
彰化縣,員林市,林厝里,759,380035,501,367,172,645,530.27,105.90
彰化縣,員林市,出水里,415,210012,506,348,183,569,685.26,135.41
彰化縣,員林市,湖水里,275,157329,572,370,186,701,703.60,122.98
彰化縣,員林市,大峰里,170,82207,484,333,164,615,511.56,105.79
彰化縣,員林市,鎮興里,492,228784,465,364,164,601,424.35,91.26
彰化縣,員林市,浮圳里,606,345894,571,379,175,739,639.44,112.03
彰化縣,員林市,西東里,535,278986,521,367,203,692,564.41,108.23
彰化縣,員林市,南東里,512,255115,498,328,159,563,645.63,129.57
彰化縣,員林市,中東里,466,285418,612,394,185,731,736.92,120.32
彰化縣,員林市,東北里,634,318065,502,352,168,639,529.55,105.56
彰化縣,員林市,新生里,1391,938794,675,438,201,813,877.19,129.97
彰化縣,員林市,三和里,2044,1484742,726,443,214,930,851.30,117.20
彰化縣,員林市,南興里,1496,925369,619,422,206,771,673.97,108.96
彰化縣,員林市,三愛里,1058,733931,694,469,212,898,788.75,113.70
彰化縣,員林市,三信里,840,676010,805,493,227,1024,950.14,118.06
彰化縣,員林市,三多里,931,859977,924,529,237,1024,2076.64,224.81
彰化縣,員林市,仁愛里,508,410008,807,458,186,1041,1026.91,127.23
彰化縣,員林市,忠孝里,730,474002,649,426,192,828,733.57,112.98
彰化縣,溪湖鎮,光平里,328,195453,596,414,190,778,605.14,101.55
彰化縣,溪湖鎮,平和里,219,157289,718,475,253,885,954.53,132.90
彰化縣,溪湖鎮,太平里,539,346989,644,400,193,863,722.74,112.27
彰化縣,溪湖鎮,光華里,148,71889,486,397,198,629,424.86,87.47
彰化縣,溪湖鎮,東寮里,1081,654192,605,395,204,750,696.75,115.13
彰化縣,溪湖鎮,西寮里,671,376963,562,378,173,718,624.75,111.21
彰化縣,溪湖鎮,大突里,1040,627304,603,392,182,770,682.82,113.20
彰化縣,溪湖鎮,北勢里,368,178016,484,357,161,625,531.45,109.86
彰化縣,溪湖鎮,汴頭里,864,478467,554,392,193,696,579.93,104.72
彰化縣,溪湖鎮,大竹里,749,465207,621,422,192,765,700.14,112.73
彰化縣,溪湖鎮,湖西里,672,419176,624,422,197,767,834.82,133.83
彰化縣,溪湖鎮,田中里,184,86648,471,375,144,599,504.23,107.07
彰化縣,溪湖鎮,河東里,395,166539,422,298,146,534,429.90,101.96
彰化縣,溪湖鎮,中山里,549,307814,561,387,176,725,600.69,107.13
彰化縣,溪湖鎮,中竹里,226,100959,447,316,133,546,516.77,115.68
彰化縣,溪湖鎮,東溪里,338,203254,601,381,165,668,948.60,157.75
彰化縣,溪湖鎮,西溪里,550,302573,550,363,175,653,760.97,138.32
彰化縣,溪湖鎮,湖東里,1345,789761,587,409,186,758,642.42,109.41
彰化縣,溪湖鎮,頂庄里,180,86777,482,310,126,622,511.79,106.16
彰化縣,溪湖鎮,忠覺里,367,185278,505,369,175,647,531.66,105.31
彰化縣,溪湖鎮,湳底里,137,82895,605,343,167,597,1042.52,172.30
彰化縣,溪湖鎮,大庭里,359,185621,517,375,197,657,518.66,100.31
彰化縣,溪湖鎮,媽厝里,251,120814,481,296,123,563,685.44,142.40
彰化縣,溪湖鎮,西勢里,527,290912,552,393,199,719,628.38,113.83
彰化縣,溪湖鎮,番婆里,421,221776,527,397,189,675,495.16,94.00
彰化縣,田中鎮,香山里,179,89420,500,382,173,634,527.36,105.57
彰化縣,田中鎮,碧峰里,212,111670,527,380,211,591,644.77,122.41
彰化縣,田中鎮,東源里,190,98584,519,362,176,699,550.12,106.02
彰化縣,田中鎮,復興里,370,176127,476,381,205,617,405.23,85.13
彰化縣,田中鎮,平和里,339,168325,497,343,167,606,576.44,116.09
彰化縣,田中鎮,頂潭里,316,166591,527,371,215,618,628.07,119.14
彰化縣,田中鎮,中潭里,486,234914,483,337,156,667,501.73,103.80
彰化縣,田中鎮,龍潭里,135,62051,460,334,189,633,390.80,85.02
彰化縣,田中鎮,北路里,944,601428,637,430,233,841,651.74,102.30
彰化縣,田中鎮,西路里,662,444679,672,430,214,820,1000.91,149.01
彰化縣,田中鎮,東路里,302,192255,637,429,204,771,700.96,110.11
彰化縣,田中鎮,南路里,297,167451,564,391,175,700,694.87,123.25
彰化縣,田中鎮,中路里,589,402121,683,476,227,888,733.20,107.39
彰化縣,田中鎮,新庄里,681,390200,573,429,234,733,595.67,103.96
彰化縣,田中鎮,三安里,350,167306,478,325,179,590,565.05,118.21
彰化縣,田中鎮,大崙里,293,144094,492,325,159,604,537.27,109.25
彰化縣,田中鎮,沙崙里,476,266191,559,383,210,642,708.06,126.62
彰化縣,田中鎮,新民里,1324,732244,553,393,198,726,558.47,100.98
彰化縣,田中鎮,梅州里,323,162854,504,390,203,672,450.72,89.39
彰化縣,田中鎮,三民里,374,183838,492,359,185,634,514.40,104.65
彰化縣,田中鎮,三光里,215,103844,483,322,178,612,546.45,113.14
彰化縣,田中鎮,大社里,211,107754,511,334,200,597,593.41,116.20
彰化縣,二林鎮,東和里,553,364686,659,422,200,850,807.61,122.46
彰化縣,二林鎮,南光里,939,603547,643,460,217,813,708.34,110.20
彰化縣,二林鎮,西平里,379,220643,582,419,206,715,686.53,117.93
彰化縣,二林鎮,北平里,794,505445,637,433,224,813,855.87,134.45
彰化縣,二林鎮,中西里,303,153362,506,360,176,643,506.99,100.17
彰化縣,二林鎮,廣興里,254,131900,519,397,196,661,495.35,95.39
彰化縣,二林鎮,香田里,205,109518,534,389,215,602,601.22,112.54
彰化縣,二林鎮,外竹里,178,90118,506,343,189,530,866.92,171.23
彰化縣,二林鎮,興華里,248,121604,490,347,165,660,482.03,98.31
彰化縣,二林鎮,東興里,414,227827,550,400,188,731,539.64,98.06
彰化縣,二林鎮,後厝里,956,607384,635,411,202,835,729.40,114.81
彰化縣,二林鎮,豐田里,591,361553,612,405,195,795,721.58,117.95
彰化縣,二林鎮,頂厝里,269,131775,490,365,205,627,464.12,94.74
彰化縣,二林鎮,趙甲里,262,140467,536,387,184,693,608.75,113.54
彰化縣,二林鎮,振興里,214,98994,463,323,157,554,485.71,105.00
彰化縣,二林鎮,萬興里,172,92939,540,403,187,632,552.13,102.18
彰化縣,二林鎮,永興里,319,170441,534,368,168,670,722.32,135.19
彰化縣,二林鎮,西庄里,255,115414,453,328,149,520,648.85,143.36
彰化縣,二林鎮,梅芳里,191,102147,535,397,183,668,541.97,101.34
彰化縣,二林鎮,華崙里,776,384095,495,357,168,629,510.98,103.24
彰化縣,二林鎮,東勢里,153,77159,504,340,180,719,538.51,106.78
彰化縣,二林鎮,大永里,177,70200,397,302,110,536,379.21,95.61
彰化縣,二林鎮,萬合里,205,120312,587,414,226,705,614.42,104.69
彰化縣,二林鎮,原斗里,269,147534,548,386,233,671,522.61,95.29
彰化縣,二林鎮,西斗里,221,108107,489,379,164,626,501.07,102.43
彰化縣,二林鎮,東華里,178,113204,636,410,218,710,942.83,148.25
彰化縣,二林鎮,復豐里,125,68589,549,364,160,676,567.44,103.41
彰化縣,線西鄉,線西村,653,329000,504,350,174,623,571.04,113.34
彰化縣,線西鄉,頂庄村,344,166864,485,334,169,571,604.90,124.70
彰化縣,線西鄉,寓埔村,707,357404,506,350,159,645,545.55,107.92
彰化縣,線西鄉,塭仔村,373,196417,527,362,160,660,702.85,133.47
彰化縣,線西鄉,溝內村,318,137410,432,313,162,576,428.96,99.27
彰化縣,線西鄉,下犁村,579,286626,495,300,137,586,699.05,141.21
彰化縣,線西鄉,頂犁村,812,442164,545,339,158,665,816.80,150.00
彰化縣,線西鄉,德興村,450,230475,512,363,190,610,633.09,123.61
彰化縣,伸港鄉,新港村,1701,935965,550,360,165,687,709.52,128.95
彰化縣,伸港鄉,什股村,714,351813,493,351,183,612,505.05,102.50
彰化縣,伸港鄉,海尾村,538,263172,489,347,155,601,558.74,114.22
彰化縣,伸港鄉,全興村,434,227492,524,374,176,669,582.23,111.08
彰化縣,伸港鄉,溪底村,579,289489,500,340,181,619,549.31,109.87
彰化縣,伸港鄉,定興村,832,364115,438,308,153,565,467.33,106.78
彰化縣,伸港鄉,泉州村,587,299657,510,367,175,651,518.02,101.48
彰化縣,伸港鄉,泉厝村,394,176137,447,310,146,595,461.09,103.14
彰化縣,伸港鄉,曾家村,460,216377,470,344,176,580,495.02,105.24
彰化縣,伸港鄉,蚵寮村,253,121768,481,358,192,592,615.49,127.88
彰化縣,伸港鄉,埤墘村,486,236043,486,370,192,625,467.39,96.23
彰化縣,伸港鄉,七嘉村,963,462088,480,331,154,611,524.60,109.33
彰化縣,伸港鄉,汴頭村,666,319409,480,309,139,579,705.17,147.03
彰化縣,伸港鄉,大同村,878,479786,546,393,196,701,546.33,99.98
彰化縣,福興鄉,福興村,1164,603503,518,332,169,642,716.21,138.14
彰化縣,福興鄉,外中村,332,177698,535,380,185,718,543.45,101.53
彰化縣,福興鄉,元中村,399,220649,553,341,185,600,704.63,127.42
彰化縣,福興鄉,大崙村,396,213894,540,352,150,676,683.99,126.63
彰化縣,福興鄉,外埔村,453,231307,511,326,173,654,597.64,117.04
彰化縣,福興鄉,三汴村,465,241416,519,366,175,643,576.27,111.00
彰化縣,福興鄉,萬豐村,273,158616,581,336,164,680,907.30,156.16
彰化縣,福興鄉,番社村,430,223566,520,355,205,661,538.09,103.49
彰化縣,福興鄉,社尾村,386,190335,493,339,157,580,566.91,114.97
彰化縣,福興鄉,番婆村,685,340127,497,350,158,613,529.45,106.63
彰化縣,福興鄉,橋頭村,891,529227,594,342,154,615,974.81,164.12
彰化縣,福興鄉,秀厝村,627,291008,464,316,167,567,513.13,110.56
彰化縣,福興鄉,鎮平村,284,134886,475,279,144,567,614.79,129.44
彰化縣,福興鄉,三和村,233,140087,601,367,171,689,810.09,134.74
彰化縣,福興鄉,麥厝村,549,263014,479,327,167,607,524.35,109.45
彰化縣,福興鄉,廈粘村,513,242425,473,350,172,602,494.10,104.56
彰化縣,福興鄉,頂粘村,631,386598,613,326,168,615,999.47,163.13
彰化縣,福興鄉,福寶村,309,159610,517,353,160,630,788.32,152.62
彰化縣,福興鄉,二港村,340,180239,530,343,180,602,629.92,118.83
彰化縣,福興鄉,福南村,780,425295,545,318,163,632,891.96,163.59
彰化縣,福興鄉,西勢村,578,300028,519,348,174,664,602.66,116.10
彰化縣,福興鄉,同安村,687,310032,451,301,149,574,501.40,111.10
彰化縣,秀水鄉,秀水村,483,252614,523,321,149,636,614.53,117.50
彰化縣,秀水鄉,安溪村,656,388390,592,399,185,754,659.27,111.35
彰化縣,秀水鄉,莊雅村,870,502313,577,358,173,684,695.14,120.40
彰化縣,秀水鄉,陜西村,438,219833,502,353,156,606,566.16,112.80
彰化縣,秀水鄉,金興村,511,288142,564,335,168,573,1662.22,294.78
彰化縣,秀水鄉,安東村,1283,752062,586,373,178,720,745.23,127.13
彰化縣,秀水鄉,鶴鳴村,1005,549054,546,352,175,691,611.04,111.85
彰化縣,秀水鄉,馬興村,721,399702,554,354,181,635,728.09,131.34
彰化縣,秀水鄉,義興村,447,230907,517,332,149,644,585.81,113.40
彰化縣,秀水鄉,福安村,1481,860888,581,394,183,730,671.33,115.49
彰化縣,秀水鄉,埔崙村,643,383392,596,399,202,721,742.43,124.52
彰化縣,秀水鄉,曾厝村,544,270589,497,338,181,623,563.45,113.28
彰化縣,秀水鄉,金陵村,561,326533,582,391,179,636,788.65,135.49
彰化縣,秀水鄉,下崙村,579,329904,570,342,169,656,785.13,137.80
彰化縣,花壇鄉,花壇村,1028,586517,571,408,186,718,595.74,104.42
彰化縣,花壇鄉,金墩村,537,294103,548,348,178,674,648.65,118.44
彰化縣,花壇鄉,中庄村,640,350763,548,360,172,665,719.20,131.22
彰化縣,花壇鄉,劉厝村,297,148593,500,339,150,630,581.95,116.32
彰化縣,花壇鄉,崙雅村,414,223690,540,333,154,649,904.21,167.35
彰化縣,花壇鄉,南口村,613,375618,613,403,192,737,763.16,124.55
彰化縣,花壇鄉,岩竹村,364,198422,545,354,150,709,673.70,123.59
彰化縣,花壇鄉,橋頭村,985,491644,499,345,157,607,571.61,114.52
彰化縣,花壇鄉,灣雅村,254,114957,453,316,148,573,563.11,124.42
彰化縣,花壇鄉,灣東村,235,126641,539,357,168,699,607.49,112.73
彰化縣,花壇鄉,三春村,527,242900,461,345,156,586,477.37,103.57
彰化縣,花壇鄉,永春村,581,266260,458,315,164,576,541.33,118.12
彰化縣,花壇鄉,長春村,421,214698,510,353,152,615,596.54,116.98
彰化縣,花壇鄉,中口村,247,142363,576,368,169,705,650.70,112.90
彰化縣,花壇鄉,北口村,588,332668,566,400,194,664,842.27,148.87
彰化縣,花壇鄉,長沙村,1689,994661,589,390,182,753,681.09,115.65
彰化縣,花壇鄉,文德村,956,470688,492,344,175,618,509.90,103.56
彰化縣,花壇鄉,白沙村,1516,1104597,729,396,169,776,1289.44,176.97
彰化縣,芬園鄉,社口村,678,354634,523,354,178,656,582.59,111.38
彰化縣,芬園鄉,竹林村,457,228691,500,360,189,598,521.08,104.13
彰化縣,芬園鄉,楓坑村,108,46179,428,300,158,514,466.03,108.99
彰化縣,芬園鄉,芬園村,225,99916,444,331,186,572,405.36,91.28
彰化縣,芬園鄉,大埔村,332,141079,425,294,157,521,447.62,105.34
彰化縣,芬園鄉,舊社村,420,205832,490,352,168,598,565.85,115.46
彰化縣,芬園鄉,進芬村,248,135680,547,373,164,687,607.00,110.95
彰化縣,芬園鄉,茄荖村,657,303532,462,333,163,560,532.48,115.26
彰化縣,芬園鄉,嘉興村,430,223824,521,337,150,630,626.60,120.38
彰化縣,芬園鄉,縣庄村,284,146669,516,336,176,627,645.86,125.06
彰化縣,芬園鄉,圳墘村,141,83016,589,330,182,551,917.57,155.85
彰化縣,芬園鄉,溪頭村,434,216385,499,354,185,622,505.60,101.41
彰化縣,芬園鄉,同安村,254,106649,420,311,139,551,409.21,97.46
彰化縣,芬園鄉,中崙村,178,98861,555,385,203,759,572.32,103.05
彰化縣,芬園鄉,大竹村,248,126832,511,375,190,578,556.23,108.76
彰化縣,大村鄉,大村村,1070,617549,577,407,189,725,673.97,116.78
彰化縣,大村鄉,田洋村,297,147233,496,393,185,623,494.60,99.77
彰化縣,大村鄉,南勢村,407,190458,468,335,154,594,490.39,104.79
彰化縣,大村鄉,貢旗村,391,185422,474,354,173,592,534.03,112.61
彰化縣,大村鄉,茄苳村,391,208345,533,352,171,603,669.57,125.66
彰化縣,大村鄉,加錫村,409,187136,458,324,144,561,507.76,110.98
彰化縣,大村鄉,大崙村,387,158349,409,303,158,539,378.77,92.57
彰化縣,大村鄉,新興村,283,132384,468,318,153,593,522.97,111.80
彰化縣,大村鄉,擺塘村,687,390112,568,376,178,685,716.66,126.21
彰化縣,大村鄉,村上村,435,255587,588,384,200,652,1055.79,179.69
彰化縣,大村鄉,美港村,940,607128,646,396,192,684,2557.82,396.02
彰化縣,大村鄉,過溝村,974,549590,564,390,195,727,574.28,101.77
彰化縣,大村鄉,大橋村,510,275787,541,351,179,609,752.54,139.16
彰化縣,大村鄉,黃厝村,703,356403,507,368,188,613,524.77,103.51
彰化縣,大村鄉,福興村,609,293734,482,352,163,578,692.62,143.60
彰化縣,大村鄉,平和村,725,369112,509,365,167,629,588.53,115.60
彰化縣,埔鹽鄉,埔鹽村,499,274851,551,393,201,659,641.67,116.50
彰化縣,埔鹽鄉,埔南村,470,259907,553,360,185,686,685.11,123.89
彰化縣,埔鹽鄉,廍子村,366,200405,548,380,170,682,672.25,122.77
彰化縣,埔鹽鄉,出水村,276,139521,506,321,109,623,631.96,125.02
彰化縣,埔鹽鄉,南港村,469,225069,480,331,166,617,553.22,115.28
彰化縣,埔鹽鄉,打廉村,237,111815,472,320,170,560,608.88,129.06
彰化縣,埔鹽鄉,豐澤村,333,144931,435,326,146,534,453.37,104.17
彰化縣,埔鹽鄉,崑崙村,325,184878,569,346,170,707,822.01,144.50
彰化縣,埔鹽鄉,角樹村,188,94895,505,364,185,597,529.28,104.86
彰化縣,埔鹽鄉,瓦磘村,310,158376,511,348,182,626,575.43,112.63
彰化縣,埔鹽鄉,好修村,542,271438,501,325,146,630,642.92,128.38
彰化縣,埔鹽鄉,西湖村,495,248133,501,343,143,639,570.55,113.82
彰化縣,埔鹽鄉,大有村,310,135880,438,281,148,530,490.26,111.85
彰化縣,埔鹽鄉,新興村,128,78064,610,394,174,792,655.98,107.56
彰化縣,埔鹽鄉,永平村,309,180395,584,383,177,666,848.33,145.31
彰化縣,埔鹽鄉,永樂村,222,151772,684,457,185,800,872.91,127.68
彰化縣,埔鹽鄉,石埤村,264,116434,441,333,139,568,427.14,96.85
彰化縣,埔鹽鄉,天盛村,173,101899,589,363,149,720,679.39,115.34
彰化縣,埔鹽鄉,太平村,311,174006,560,313,139,614,839.18,149.99
彰化縣,埔鹽鄉,新水村,330,146810,445,294,144,538,489.20,109.96
彰化縣,埔鹽鄉,三省村,306,160165,523,352,148,658,664.66,126.99
彰化縣,埔鹽鄉,南新村,329,157124,478,334,152,618,501.57,105.02
彰化縣,埔心鄉,東門村,1119,624753,558,364,175,708,643.67,115.29
彰化縣,埔心鄉,埔心村,329,168095,511,343,183,615,573.81,112.31
彰化縣,埔心鄉,義民村,461,244312,530,384,177,687,551.01,103.97
彰化縣,埔心鄉,油車村,352,177137,503,321,154,579,685.88,136.30
彰化縣,埔心鄉,瓦北村,496,295601,596,376,168,739,655.63,110.01
彰化縣,埔心鄉,瓦中村,591,343296,581,381,174,764,607.44,104.57
彰化縣,埔心鄉,瓦南村,419,219878,525,341,150,650,655.19,124.85
彰化縣,埔心鄉,太平村,569,276154,485,354,153,622,578.11,119.12
彰化縣,埔心鄉,經口村,707,375144,531,383,176,711,538.57,101.50
彰化縣,埔心鄉,大華村,169,89132,527,376,171,558,621.79,117.90
彰化縣,埔心鄉,仁里村,332,164534,496,353,187,638,529.19,106.78
彰化縣,埔心鄉,舊館村,445,262938,591,381,174,746,726.09,122.88
彰化縣,埔心鄉,南館村,288,147278,511,335,172,598,604.06,118.12
彰化縣,埔心鄉,新館村,230,108730,473,366,143,635,501.04,105.99
彰化縣,埔心鄉,羅厝村,301,121959,405,303,136,522,475.13,117.26
彰化縣,埔心鄉,芎蕉村,447,222763,498,360,186,621,498.76,100.08
彰化縣,埔心鄉,梧鳳村,182,93138,512,359,156,655,583.43,114.01
彰化縣,埔心鄉,二重村,366,197771,540,370,172,677,623.35,115.36
彰化縣,埔心鄉,埤霞村,202,85749,425,312,132,544,420.58,99.08
彰化縣,埔心鄉,埤腳村,233,104025,446,325,138,554,501.78,112.39
彰化縣,永靖鄉,永東村,204,124629,611,414,195,740,657.12,107.56
彰化縣,永靖鄉,永西村,433,298285,689,426,187,847,937.11,136.03
彰化縣,永靖鄉,永北村,614,353278,575,368,184,669,668.51,116.19
彰化縣,永靖鄉,永南村,491,247603,504,353,169,643,545.50,108.17
彰化縣,永靖鄉,港西村,453,214064,473,336,163,602,460.56,97.46
彰化縣,永靖鄉,五福村,349,186164,533,362,175,669,589.32,110.48
彰化縣,永靖鄉,湳港村,295,154480,524,331,144,535,836.84,159.81
彰化縣,永靖鄉,新莊村,293,157240,537,400,173,707,671.79,125.18
彰化縣,永靖鄉,浮圳村,318,144840,455,339,150,541,525.97,115.48
彰化縣,永靖鄉,瑚璉村,776,423758,546,381,175,722,581.12,106.42
彰化縣,永靖鄉,五汴村,418,240320,575,362,165,718,660.43,114.87
彰化縣,永靖鄉,光雲村,407,194910,479,349,157,598,504.34,105.31
彰化縣,永靖鄉,東寧村,518,263964,510,335,164,605,598.48,117.44
彰化縣,永靖鄉,永興村,411,217871,530,385,187,674,514.12,96.99
彰化縣,永靖鄉,崙子村,435,247849,570,354,182,701,693.68,121.75
彰化縣,永靖鄉,獨鰲村,179,76568,428,337,122,587,411.19,96.13
彰化縣,永靖鄉,敦厚村,172,89854,522,382,193,647,517.37,99.04
彰化縣,永靖鄉,崙美村,153,63854,417,333,124,549,429.90,103.01
彰化縣,永靖鄉,同安村,150,78972,526,382,197,671,505.03,95.92
彰化縣,永靖鄉,同仁村,191,106400,557,349,179,652,650.59,116.79
彰化縣,永靖鄉,四芳村,156,61753,396,311,147,548,331.86,83.84
彰化縣,永靖鄉,湳墘村,177,80558,455,316,135,580,493.33,108.39
彰化縣,永靖鄉,福興村,233,118360,508,345,173,596,591.27,116.40
彰化縣,永靖鄉,竹子村,268,122607,457,330,169,563,490.63,107.24
彰化縣,社頭鄉,社頭村,821,506512,617,437,211,747,710.74,115.20
彰化縣,社頭鄉,廣興村,1288,663115,515,365,173,652,552.79,107.37
彰化縣,社頭鄉,仁雅村,866,492775,569,410,201,716,595.75,104.70
彰化縣,社頭鄉,崙雅村,292,179601,615,393,172,807,689.36,112.08
彰化縣,社頭鄉,美雅村,328,179213,546,423,206,733,489.43,89.58
彰化縣,社頭鄉,里仁村,261,139619,535,368,187,690,514.91,96.26
彰化縣,社頭鄉,舊社村,431,208588,484,356,172,613,482.17,99.63
彰化縣,社頭鄉,松竹村,287,134845,470,344,142,627,490.88,104.48
彰化縣,社頭鄉,東興村,370,172395,466,322,171,563,487.91,104.72
彰化縣,社頭鄉,廣福村,218,105070,482,352,177,599,461.92,95.84
彰化縣,社頭鄉,橋頭村,521,278888,535,363,162,670,583.54,109.01
彰化縣,社頭鄉,湳底村,456,219901,482,317,149,601,541.24,112.23
彰化縣,社頭鄉,新厝村,368,184558,502,392,187,662,428.97,85.53
彰化縣,社頭鄉,張厝村,307,148509,484,337,161,635,575.97,119.07
彰化縣,社頭鄉,埤斗村,235,123312,525,346,183,610,648.96,123.67
彰化縣,社頭鄉,清水村,332,217587,655,361,164,652,2755.00,420.37
彰化縣,社頭鄉,山湖村,294,149842,510,313,141,638,689.52,135.29
彰化縣,社頭鄉,朝興村,269,207717,772,326,164,706,3688.31,477.65
彰化縣,社頭鄉,仁和村,186,86062,463,318,170,576,469.43,101.45
彰化縣,社頭鄉,泰安村,257,130216,507,337,152,657,558.61,110.25
彰化縣,社頭鄉,平和村,240,108009,450,330,145,580,452.92,100.64
彰化縣,社頭鄉,龍井村,183,81532,446,335,173,634,417.93,93.80
彰化縣,社頭鄉,湳雅村,382,185520,486,346,186,636,494.53,101.83
彰化縣,社頭鄉,協和村,545,271957,499,361,170,618,643.85,129.03
彰化縣,二水鄉,十五村,140,61667,440,318,180,569,434.24,98.58
彰化縣,二水鄉,合和村,214,100709,471,371,199,641,418.01,88.82
彰化縣,二水鄉,上豊村,199,93752,471,365,171,574,465.88,98.89
彰化縣,二水鄉,過圳村,130,59134,455,326,158,579,447.78,98.44
彰化縣,二水鄉,五伯村,148,84329,570,378,199,722,602.15,105.68
彰化縣,二水鄉,光化村,251,151552,604,401,223,739,617.77,102.31
彰化縣,二水鄉,文化村,261,155962,598,365,203,687,814.88,136.37
彰化縣,二水鄉,二水村,209,113548,543,372,193,764,498.37,91.73
彰化縣,二水鄉,聖化村,130,70714,544,383,186,738,517.37,95.11
彰化縣,二水鄉,裕民村,252,142143,564,393,198,739,628.81,111.48
彰化縣,二水鄉,惠民村,171,88068,515,392,205,716,439.26,85.29
彰化縣,二水鄉,大園村,188,88273,470,327,146,612,467.77,99.62
彰化縣,二水鄉,修仁村,178,86532,486,330,182,580,541.19,111.32
彰化縣,二水鄉,源泉村,129,92206,715,427,252,774,1078.31,150.86
彰化縣,二水鄉,倡和村,104,49573,477,335,153,663,459.89,96.48
彰化縣,二水鄉,復興村,240,112180,467,328,166,615,480.24,102.74
彰化縣,二水鄉,合興村,155,69264,447,312,174,520,447.75,100.20
彰化縣,田尾鄉,田尾村,297,154511,520,371,162,666,594.27,114.23
彰化縣,田尾鄉,豐田村,184,96991,527,390,195,655,544.42,103.28
彰化縣,田尾鄉,饒平村,732,437284,597,378,169,740,730.03,122.20
彰化縣,田尾鄉,北曾村,387,198962,514,368,172,668,578.16,112.46
彰化縣,田尾鄉,南曾村,303,162766,537,378,177,646,774.78,144.23
彰化縣,田尾鄉,睦宜村,253,136811,541,334,150,647,664.73,122.93
彰化縣,田尾鄉,新生村,350,187693,536,375,168,679,556.78,103.83
彰化縣,田尾鄉,北鎮村,314,163241,520,364,157,677,524.22,100.84
彰化縣,田尾鄉,南鎮村,123,70187,571,326,168,641,687.33,120.45
彰化縣,田尾鄉,福田村,168,87169,519,367,162,665,532.53,102.63
彰化縣,田尾鄉,新興村,226,118579,525,372,207,702,548.30,104.50
彰化縣,田尾鄉,打簾村,345,176833,513,345,160,573,594.60,116.01
彰化縣,田尾鄉,溪畔村,292,164965,565,377,187,739,668.54,118.34
彰化縣,田尾鄉,柳鳳村,190,116226,612,441,174,780,616.21,100.74
彰化縣,田尾鄉,陸豐村,181,91875,508,329,126,602,666.29,131.26
彰化縣,田尾鄉,海豐村,287,153199,534,358,175,631,615.32,115.27
彰化縣,田尾鄉,仁里村,347,159707,460,346,178,580,493.33,107.19
彰化縣,田尾鄉,新厝村,60,24447,407,366,156,598,349.76,85.84
彰化縣,田尾鄉,溪頂村,168,92494,551,341,178,625,639.75,116.20
彰化縣,田尾鄉,正義村,232,142293,613,379,144,729,935.94,152.60
彰化縣,埤頭鄉,和豊村,576,283797,493,345,171,607,535.68,108.72
彰化縣,埤頭鄉,興農村,420,210796,502,335,180,648,524.98,104.60
彰化縣,埤頭鄉,埤頭村,393,207942,529,367,172,700,597.57,112.94
彰化縣,埤頭鄉,豊崙村,543,322979,595,384,184,697,811.80,136.48
彰化縣,埤頭鄉,永豊村,391,223627,572,367,180,676,768.70,134.40
彰化縣,埤頭鄉,崙子村,309,185663,601,394,210,757,726.65,120.94
彰化縣,埤頭鄉,合興村,908,524580,578,369,182,690,762.08,131.91
彰化縣,埤頭鄉,平原村,608,365580,601,394,201,797,679.13,112.95
彰化縣,埤頭鄉,崙腳村,172,90619,527,326,174,629,638.37,121.17
彰化縣,埤頭鄉,元埔村,132,71603,542,380,207,664,700.07,129.06
彰化縣,埤頭鄉,芙朝村,316,153683,486,349,170,615,476.64,98.01
彰化縣,埤頭鄉,新庄村,216,124024,574,400,146,739,668.03,116.34
彰化縣,埤頭鄉,陸嘉村,185,92624,501,307,184,591,656.03,131.03
彰化縣,埤頭鄉,竹圍村,260,127280,490,384,135,633,489.20,99.93
彰化縣,埤頭鄉,中和村,332,205763,620,381,203,750,872.17,140.72
彰化縣,埤頭鄉,庄內村,228,114497,502,336,162,658,591.65,117.82
彰化縣,埤頭鄉,大湖村,206,115450,560,355,169,609,722.37,128.89
彰化縣,芳苑鄉,芳苑村,140,74034,529,397,215,592,574.83,108.70
彰化縣,芳苑鄉,芳中村,50,26115,522,358,220,585,508.52,97.36
彰化縣,芳苑鄉,仁愛村,144,90666,630,448,207,765,691.61,109.85
彰化縣,芳苑鄉,信義村,76,32488,427,321,200,524,396.27,92.70
彰化縣,芳苑鄉,後寮村,228,111931,491,342,206,552,595.60,121.32
彰化縣,芳苑鄉,三合村,524,260828,498,359,187,675,488.95,98.23
彰化縣,芳苑鄉,永興村,227,110319,486,349,195,543,487.82,100.38
彰化縣,芳苑鄉,頂廍村,108,51318,475,347,199,583,461.63,97.15
彰化縣,芳苑鄉,五俊村,67,35533,530,330,128,601,789.96,148.95
彰化縣,芳苑鄉,王功村,318,146838,462,328,175,598,433.52,93.89
彰化縣,芳苑鄉,博愛村,107,58237,544,398,190,661,571.00,104.91
彰化縣,芳苑鄉,和平村,84,33165,395,298,136,547,334.18,84.64
彰化縣,芳苑鄉,興仁村,176,94052,534,359,165,636,630.23,117.94
彰化縣,芳苑鄉,民生村,112,59019,527,363,235,689,481.82,91.44
彰化縣,芳苑鄉,新寶村,247,121151,490,353,172,650,513.03,104.59
彰化縣,芳苑鄉,漢寶村,662,336084,508,324,158,578,696.32,137.16
彰化縣,芳苑鄉,路上村,99,50628,511,419,268,699,347.38,67.93
彰化縣,芳苑鄉,路平村,148,80943,547,427,241,737,431.13,78.83
彰化縣,芳苑鄉,三成村,157,84959,541,348,167,717,542.56,100.26
彰化縣,芳苑鄉,福榮村,90,48619,540,340,204,666,613.96,113.65
彰化縣,芳苑鄉,新街村,108,52719,488,305,108,651,643.07,131.74
彰化縣,芳苑鄉,草湖村,294,153151,521,353,204,565,652.98,125.35
彰化縣,芳苑鄉,建平村,366,154317,422,328,154,549,480.63,113.99
彰化縣,芳苑鄉,新生村,215,91631,426,303,148,540,461.97,108.40
彰化縣,芳苑鄉,文津村,172,71955,418,316,161,504,434.55,103.87
彰化縣,芳苑鄉,崙腳村,126,61820,491,308,166,602,579.62,118.14
彰化縣,大城鄉,潭墘村,182,105060,577,386,192,690,675.82,117.08
彰化縣,大城鄉,上山村,177,88154,498,373,197,578,632.33,126.96
彰化縣,大城鄉,東城村,273,150567,552,381,222,672,574.14,104.10
彰化縣,大城鄉,大城村,208,100523,483,356,197,623,463.86,95.98
彰化縣,大城鄉,西城村,138,75119,544,405,217,687,498.92,91.66
彰化縣,大城鄉,山腳村,194,105723,545,372,194,689,564.21,103.53
彰化縣,大城鄉,永和村,102,58679,575,393,213,671,607.61,105.62
彰化縣,大城鄉,菜寮村,146,81854,561,381,219,671,629.84,112.34
彰化縣,大城鄉,公館村,142,74134,522,411,182,660,519.03,99.42
彰化縣,大城鄉,頂庄村,110,62540,569,371,182,659,857.43,150.81
彰化縣,大城鄉,臺西村,116,49229,424,277,130,494,482.14,113.61
彰化縣,大城鄉,東港村,195,95030,487,379,183,637,438.09,89.90
彰化縣,大城鄉,西港村,128,65899,515,347,214,666,463.19,89.97
彰化縣,大城鄉,豐美村,146,59772,409,336,157,623,325.37,79.48
彰化縣,大城鄉,三豐村,84,43368,516,344,163,566,661.80,128.19
彰化縣,竹塘鄉,竹元村,234,128512,549,399,207,701,621.72,113.21
彰化縣,竹塘鄉,竹塘村,496,304076,613,438,200,759,697.44,113.76
彰化縣,竹塘鄉,小西村,134,73207,546,437,158,761,524.55,96.02
彰化縣,竹塘鄉,五庄村,279,143291,514,340,161,688,559.72,108.98
彰化縣,竹塘鄉,樹腳村,114,56965,500,368,228,561,482.78,96.61
彰化縣,竹塘鄉,田頭村,221,123179,557,401,214,676,527.61,94.66
彰化縣,竹塘鄉,新廣村,228,119229,523,371,186,641,530.23,101.40
彰化縣,竹塘鄉,溪墘村,69,33574,487,452,174,669,382.79,78.67
彰化縣,竹塘鄉,竹林村,139,66651,480,320,146,587,547.79,114.24
彰化縣,竹塘鄉,土庫村,106,54295,512,364,135,623,610.89,119.26
彰化縣,竹塘鄉,內新村,90,52355,582,403,202,781,558.34,95.98
彰化縣,竹塘鄉,長安村,113,53137,470,351,175,616,439.11,93.38
彰化縣,竹塘鄉,永安村,83,37725,455,314,158,616,446.07,98.14
彰化縣,竹塘鄉,民靖村,155,93020,600,376,213,706,706.65,117.75
彰化縣,溪州鄉,溪厝村,416,205847,495,351,145,635,569.60,115.11
彰化縣,溪州鄉,坑厝村,147,72731,495,360,186,670,428.75,86.66
彰化縣,溪州鄉,瓦厝村,224,116892,522,384,160,587,660.45,126.56
彰化縣,溪州鄉,溪州村,414,247160,597,412,208,727,640.16,107.23
彰化縣,溪州鄉,尾厝村,482,287561,597,389,207,744,684.27,114.70
彰化縣,溪州鄉,東州村,509,303280,596,397,200,722,693.12,116.33
彰化縣,溪州鄉,舊眉村,340,192348,566,381,178,655,1197.47,211.67
彰化縣,溪州鄉,圳寮村,285,148653,522,361,184,588,682.12,130.78
彰化縣,溪州鄉,西畔村,356,162768,457,343,173,552,463.30,101.33
彰化縣,溪州鄉,成功村,352,168023,477,338,159,613,501.28,105.02
彰化縣,溪州鄉,大庄村,364,187972,516,355,158,619,635.46,123.06
彰化縣,溪州鄉,柑園村,184,97325,529,301,160,590,774.88,146.50
彰化縣,溪州鄉,潮洋村,142,76173,536,394,166,718,535.11,99.75
彰化縣,溪州鄉,張厝村,121,58655,485,324,147,594,520.82,107.44
彰化縣,溪州鄉,菜公村,150,84161,561,339,164,609,983.04,175.21
彰化縣,溪州鄉,三圳村,253,141065,558,384,164,670,777.11,139.38
彰化縣,溪州鄉,三條村,183,104461,571,428,206,743,571.97,100.20
彰化縣,溪州鄉,水尾村,345,194715,564,374,173,708,647.73,114.77
彰化縣,溪州鄉,榮光村,135,51846,384,306,165,504,327.87,85.37
雲林縣,斗六市,忠孝里,449,329880,735,493,241,915,1028.56,140.00
雲林縣,斗六市,仁愛里,324,246416,761,368,198,799,1269.35,166.90
雲林縣,斗六市,信義里,209,157008,751,420,211,820,1034.36,137.69
雲林縣,斗六市,四維里,194,110302,569,308,134,643,865.86,152.29
雲林縣,斗六市,太平里,262,175832,671,409,177,869,923.80,137.65
雲林縣,斗六市,中和里,245,180674,737,490,197,1062,763.48,103.53
雲林縣,斗六市,光興里,220,126506,575,345,168,703,658.46,114.51
雲林縣,斗六市,三平里,1693,1384971,818,523,245,1083,948.83,115.99
雲林縣,斗六市,八德里,999,597961,599,389,208,745,663.78,110.90
雲林縣,斗六市,鎮北里,868,552514,637,432,214,846,660.91,103.83
雲林縣,斗六市,龍潭里,580,655017,1129,637,274,1500,1367.70,121.11
雲林縣,斗六市,鎮南里,1188,800612,674,451,225,843,744.35,110.45
雲林縣,斗六市,林頭里,1249,740881,593,421,215,782,604.16,101.85
雲林縣,斗六市,重光里,619,309334,500,334,175,586,580.43,116.15
雲林縣,斗六市,溝埧里,232,172407,743,457,241,981,792.85,106.69
雲林縣,斗六市,江厝里,588,306827,522,354,191,650,659.32,126.35
雲林縣,斗六市,三光里,114,73421,644,408,181,788,756.03,117.39
雲林縣,斗六市,崙峰里,830,600798,724,485,233,940,1216.63,168.08
雲林縣,斗六市,嘉東里,484,367235,759,500,262,1024,834.27,109.95
雲林縣,斗六市,久安里,724,438033,605,426,216,799,686.80,113.52
雲林縣,斗六市,長平里,530,300672,567,410,219,719,562.81,99.21
雲林縣,斗六市,保庄里,1902,1407943,740,527,245,973,768.19,103.78
雲林縣,斗六市,虎溪里,1574,1117749,710,434,209,831,1262.95,177.85
雲林縣,斗六市,梅林里,455,286397,629,380,195,647,1793.57,284.95
雲林縣,斗六市,湖山里,245,128458,524,353,173,642,609.45,116.24
雲林縣,斗六市,榴中里,1366,714392,523,382,210,651,682.85,130.57
雲林縣,斗六市,榴北里,287,123429,430,343,182,595,359.42,83.57
雲林縣,斗六市,榴南里,669,344510,515,390,215,632,494.63,96.05
雲林縣,斗六市,長安里,886,521404,588,398,220,680,761.24,129.35
雲林縣,斗六市,溪洲里,925,522934,565,407,210,705,577.20,102.10
雲林縣,斗六市,十三里,252,136773,543,372,173,637,615.56,113.41
雲林縣,斗六市,鎮東里,894,641334,717,510,249,933,737.74,102.84
雲林縣,斗六市,鎮西里,1178,882152,749,469,228,889,1010.96,135.00
雲林縣,斗六市,社口里,730,489675,671,442,218,831,1060.31,158.07
雲林縣,斗六市,公正里,990,672357,679,430,219,859,956.64,140.86
雲林縣,斗六市,成功里,855,644427,754,516,236,964,852.59,113.12
雲林縣,斗六市,明德里,1240,907387,732,478,234,943,783.88,107.12
雲林縣,斗六市,公誠里,686,436914,637,410,210,783,756.40,118.76
雲林縣,斗六市,文化里,788,574521,729,458,229,931,935.14,128.26
雲林縣,斗六市,正心里,116,119211,1028,579,230,1306,1215.40,118.27
雲林縣,斗南鎮,南昌里,598,383044,641,441,215,790,731.18,114.15
雲林縣,斗南鎮,新光里,747,440620,590,421,206,743,607.03,102.91
雲林縣,斗南鎮,小東里,363,209789,578,407,204,724,587.81,101.71
雲林縣,斗南鎮,大東里,206,94514,459,346,172,601,428.13,93.31
雲林縣,斗南鎮,埤麻里,203,109810,541,392,203,703,634.54,117.30
雲林縣,斗南鎮,西伯里,206,107243,521,400,175,705,501.14,96.26
雲林縣,斗南鎮,新崙里,321,154250,481,338,157,596,848.14,176.50
雲林縣,斗南鎮,東仁里,351,217893,621,436,227,816,635.33,102.34
雲林縣,斗南鎮,西岐里,675,457554,678,450,214,879,755.57,111.46
雲林縣,斗南鎮,舊社里,797,492326,618,436,233,832,621.32,100.58
雲林縣,斗南鎮,田頭里,608,355352,584,405,216,695,654.76,112.03
雲林縣,斗南鎮,中天里,398,248656,625,395,198,807,696.27,111.44
雲林縣,斗南鎮,北銘里,442,262783,595,378,187,807,715.28,120.31
雲林縣,斗南鎮,明昌里,1013,606265,598,422,198,782,612.32,102.31
雲林縣,斗南鎮,東明里,224,157855,705,351,184,601,2855.80,405.24
雲林縣,斗南鎮,新南里,128,53236,416,306,143,527,428.29,102.98
雲林縣,斗南鎮,阿丹里,215,114897,534,358,186,725,590.54,110.50
雲林縣,斗南鎮,將軍里,426,253479,595,384,203,720,691.07,116.14
雲林縣,斗南鎮,林子里,337,185586,551,379,202,700,577.58,104.88
雲林縣,斗南鎮,石龜里,171,75210,440,369,187,562,358.55,81.52
雲林縣,斗南鎮,石溪里,197,113691,577,407,231,695,595.45,103.18
雲林縣,斗南鎮,靖興里,228,145108,636,402,208,784,736.66,115.75
雲林縣,斗南鎮,大同里,973,646616,665,431,199,853,752.54,113.24
雲林縣,斗南鎮,僑真里,654,409345,626,473,242,822,579.90,92.65
雲林縣,虎尾鎮,東仁里,802,580420,724,491,220,975,739.78,102.22
雲林縣,虎尾鎮,新興里,487,329428,676,426,229,874,783.76,115.87
雲林縣,虎尾鎮,公安里,905,612917,677,502,219,920,653.54,96.50
雲林縣,虎尾鎮,德興里,664,408625,615,453,222,827,612.41,99.51
雲林縣,虎尾鎮,中山里,270,186296,690,452,189,932,902.29,130.77
雲林縣,虎尾鎮,西安里,1014,721612,712,481,240,936,732.96,102.99
雲林縣,虎尾鎮,安慶里,484,350366,724,450,221,924,919.89,127.07
雲林縣,虎尾鎮,平和里,1571,1413951,900,723,314,1189,859.97,95.55
雲林縣,虎尾鎮,興南里,741,598195,807,559,258,1128,802.93,99.46
雲林縣,虎尾鎮,新吉里,1224,1031159,842,574,251,1183,832.76,98.85
雲林縣,虎尾鎮,穎川里,542,359027,662,467,220,933,648.32,97.87
雲林縣,虎尾鎮,延平里,270,167089,619,433,187,827,748.52,120.95
雲林縣,虎尾鎮,惠來里,489,250934,513,365,190,683,498.79,97.20
雲林縣,虎尾鎮,頂溪里,548,277710,507,370,175,659,504.97,99.64
雲林縣,虎尾鎮,中溪里,358,187125,523,360,175,621,696.39,133.23
雲林縣,虎尾鎮,下溪里,372,226358,608,402,187,801,682.51,112.17
雲林縣,虎尾鎮,埒內里,643,393314,612,439,231,818,601.65,98.36
雲林縣,虎尾鎮,堀頭里,218,130391,598,431,213,776,560.56,93.72
雲林縣,虎尾鎮,安溪里,487,282014,579,395,192,766,608.35,105.05
雲林縣,虎尾鎮,興中里,391,231328,592,380,172,703,678.37,114.66
雲林縣,虎尾鎮,廉使里,877,581622,663,477,220,906,653.09,98.48
雲林縣,虎尾鎮,東屯里,276,163655,593,436,203,815,563.20,94.98
雲林縣,虎尾鎮,西屯里,311,178902,575,403,206,703,588.22,102.25
雲林縣,虎尾鎮,芳草里,166,77950,470,354,179,601,465.09,99.05
雲林縣,虎尾鎮,墾地里,564,424872,753,563,278,1010,778.87,103.39
雲林縣,虎尾鎮,北溪里,179,104870,586,418,202,773,589.65,100.65
雲林縣,虎尾鎮,三合里,322,202431,629,479,225,870,589.27,93.73
雲林縣,虎尾鎮,建國里,125,69455,556,451,199,789,463.28,83.38
雲林縣,虎尾鎮,立仁里,1185,842824,711,490,249,945,723.35,101.70
雲林縣,西螺鎮,振興里,309,162669,526,354,148,707,588.57,111.80
雲林縣,西螺鎮,大園里,422,244039,578,427,228,801,524.99,90.78
雲林縣,西螺鎮,廣福里,590,385699,654,464,219,888,654.23,100.08
雲林縣,西螺鎮,正興里,766,504343,658,435,196,844,766.99,116.49
雲林縣,西螺鎮,永安里,91,47173,518,364,190,782,422.55,81.51
雲林縣,西螺鎮,中和里,156,99538,638,424,212,814,655.99,102.81
雲林縣,西螺鎮,福興里,156,92278,592,398,199,706,721.12,121.91
雲林縣,西螺鎮,光華里,245,173862,710,490,224,907,786.01,110.76
雲林縣,西螺鎮,新安里,208,114054,548,363,192,683,578.36,105.48
雲林縣,西螺鎮,新豐里,275,147499,536,374,160,700,533.38,99.44
雲林縣,西螺鎮,中興里,723,469263,649,440,214,848,663.63,102.25
雲林縣,西螺鎮,漢光里,1124,655964,584,433,192,808,558.10,95.63
雲林縣,西螺鎮,詔安里,229,139807,611,419,224,803,610.79,100.05
雲林縣,西螺鎮,河南里,226,136293,603,443,211,844,573.70,95.13
雲林縣,西螺鎮,安定里,311,196430,632,478,218,829,583.26,92.35
雲林縣,西螺鎮,福田里,275,154236,561,365,198,711,612.24,109.16
雲林縣,西螺鎮,吳厝里,220,97633,444,323,140,545,514.83,116.01
雲林縣,西螺鎮,九隆里,144,86755,602,386,186,726,812.65,134.89
雲林縣,西螺鎮,下湳里,129,72778,564,485,234,788,471.08,83.50
雲林縣,西螺鎮,七座里,136,66130,486,354,163,553,519.74,106.89
雲林縣,西螺鎮,公館里,258,134063,520,369,203,648,523.00,100.65
雲林縣,西螺鎮,大新里,251,148112,590,418,185,711,639.66,108.40
雲林縣,西螺鎮,埤頭里,166,96203,580,409,173,699,663.56,114.50
雲林縣,西螺鎮,廣興里,180,120088,667,372,185,844,822.49,123.28
雲林縣,西螺鎮,東興里,174,82868,476,345,164,615,463.70,97.36
雲林縣,西螺鎮,頂湳里,173,89543,518,357,170,699,543.67,105.04
雲林縣,西螺鎮,鹿場里,312,157576,505,364,170,631,603.95,119.58
雲林縣,土庫鎮,忠正里,208,130297,626,492,227,757,573.70,91.58
雲林縣,土庫鎮,順天里,219,153960,703,481,232,896,751.96,106.96
雲林縣,土庫鎮,宮北里,374,248898,666,438,244,827,735.19,110.47
雲林縣,土庫鎮,越港里,315,237513,754,571,249,1020,744.25,98.71
雲林縣,土庫鎮,溪邊里,207,105036,507,353,190,682,572.81,112.89
雲林縣,土庫鎮,興新里,344,203441,591,381,173,745,661.45,111.84
雲林縣,土庫鎮,奮起里,209,118525,567,340,161,598,756.50,133.40
雲林縣,土庫鎮,埤腳里,237,137444,580,398,199,708,660.78,113.94
雲林縣,土庫鎮,大荖里,193,118234,613,401,221,762,647.37,105.67
雲林縣,土庫鎮,石廟里,795,522100,657,468,222,894,629.88,95.91
雲林縣,土庫鎮,東平里,372,221252,595,383,213,740,662.05,111.31
雲林縣,土庫鎮,南平里,376,224952,598,422,211,734,684.90,114.48
雲林縣,土庫鎮,西平里,347,178950,516,363,177,697,514.50,99.77
雲林縣,土庫鎮,北平里,151,82494,546,333,156,662,669.18,122.49
雲林縣,土庫鎮,後埔里,487,256412,527,411,217,659,514.93,97.80
雲林縣,土庫鎮,崙內里,263,117990,449,328,180,613,413.94,92.27
雲林縣,土庫鎮,新庄里,248,130773,527,373,157,698,573.25,108.71
雲林縣,北港鎮,東陽里,167,111909,670,448,216,925,707.87,105.63
雲林縣,北港鎮,光民里,166,81139,489,373,198,662,465.47,95.23
雲林縣,北港鎮,東華里,103,55486,539,387,167,687,543.03,100.80
雲林縣,北港鎮,南安里,199,144946,728,423,216,786,1359.27,186.62
雲林縣,北港鎮,中和里,93,54210,583,399,186,790,684.28,117.39
雲林縣,北港鎮,義民里,92,58512,636,398,234,738,775.73,121.97
雲林縣,北港鎮,共榮里,103,64787,629,341,153,784,855.91,136.08
雲林縣,北港鎮,西勢里,252,144239,572,357,153,741,777.30,135.80
雲林縣,北港鎮,仁和里,133,77387,582,407,196,717,595.24,102.30
雲林縣,北港鎮,賜福里,84,48222,574,371,202,868,544.34,94.82
雲林縣,北港鎮,公館里,115,56732,493,375,184,617,520.30,105.47
雲林縣,北港鎮,大同里,308,168313,546,385,170,685,574.86,105.20
雲林縣,北港鎮,仁安里,125,81295,650,483,199,857,656.94,101.01
雲林縣,北港鎮,華勝里,1387,873999,630,459,198,842,630.30,100.03
雲林縣,北港鎮,光復里,519,359039,692,450,226,892,802.58,116.02
雲林縣,北港鎮,新街里,1903,1302349,684,493,224,945,675.57,98.71
雲林縣,北港鎮,劉厝里,271,152259,562,370,168,698,651.11,115.89
雲林縣,北港鎮,後溝里,180,110937,616,398,183,745,1172.93,190.31
雲林縣,北港鎮,新厝里,76,37747,497,422,206,683,374.38,75.38
雲林縣,北港鎮,府番里,157,81777,521,397,217,680,468.49,89.94
雲林縣,北港鎮,草湖里,257,139367,542,359,172,667,592.44,109.25
雲林縣,北港鎮,溝皂里,189,103057,545,395,190,646,647.46,118.74
雲林縣,北港鎮,番溝里,127,68310,538,388,198,640,575.85,107.06
雲林縣,北港鎮,大北里,81,53638,662,407,180,778,911.54,137.65
雲林縣,北港鎮,好收里,313,174400,557,396,194,736,577.67,103.68
雲林縣,北港鎮,樹腳里,772,458848,594,447,207,790,573.87,96.55
雲林縣,北港鎮,扶朝里,180,84503,469,336,153,648,465.66,99.19
雲林縣,北港鎮,水埔里,98,58690,599,428,220,754,864.98,144.43
雲林縣,古坑鄉,古坑村,576,297103,516,358,194,648,765.67,148.44
雲林縣,古坑鄉,朝陽村,550,304321,553,374,185,752,586.49,106.00
雲林縣,古坑鄉,西平村,378,207924,550,430,180,762,507.83,92.32
雲林縣,古坑鄉,永光村,495,266091,538,355,165,661,794.22,147.75
雲林縣,古坑鄉,永昌村,478,260040,544,392,170,686,565.73,103.99
雲林縣,古坑鄉,湳仔村,142,79573,560,382,148,819,546.98,97.61
雲林縣,古坑鄉,水碓村,280,143430,512,346,172,673,565.39,110.37
雲林縣,古坑鄉,田心村,308,175307,569,371,177,800,647.10,113.69
雲林縣,古坑鄉,高林村,248,122090,492,387,181,698,423.70,86.06
雲林縣,古坑鄉,荷苞村,299,176712,591,387,212,702,765.93,129.60
雲林縣,古坑鄉,東和村,820,443348,541,366,188,697,580.84,107.43
雲林縣,古坑鄉,新庄村,283,141053,498,342,181,621,603.32,121.05
雲林縣,古坑鄉,棋盤村,418,213790,511,352,160,632,581.72,113.74
雲林縣,古坑鄉,麻園村,165,82613,501,377,166,653,513.68,102.60
雲林縣,古坑鄉,崁腳村,237,116475,491,359,181,594,560.12,113.97
雲林縣,古坑鄉,華山村,118,61099,518,327,147,792,547.98,105.83
雲林縣,古坑鄉,華南村,54,36457,675,403,220,766,1010.94,149.74
雲林縣,古坑鄉,桂林村,193,96569,500,387,164,656,501.87,100.30
雲林縣,古坑鄉,樟湖村,57,26937,473,348,161,621,476.43,100.81
雲林縣,古坑鄉,草嶺村,68,32570,479,341,191,556,532.94,111.27
雲林縣,大埤鄉,北和村,157,94713,603,414,224,734,766.41,127.04
雲林縣,大埤鄉,南和村,546,310988,570,370,197,757,623.31,109.43
雲林縣,大埤鄉,大德村,184,111357,605,402,217,674,844.74,139.58
雲林縣,大埤鄉,松竹村,198,96652,488,389,177,654,451.72,92.54
雲林縣,大埤鄉,尚義村,389,195555,503,347,180,628,583.80,116.13
雲林縣,大埤鄉,嘉興村,378,198684,526,351,169,650,724.37,137.81
雲林縣,大埤鄉,豐田村,400,220149,550,403,202,688,567.03,103.03
雲林縣,大埤鄉,三結村,273,130121,477,338,175,641,466.83,97.94
雲林縣,大埤鄉,吉田村,147,62056,422,275,88,528,529.23,125.37
雲林縣,大埤鄉,豐岡村,127,54088,426,240,136,537,422.41,99.18
雲林縣,大埤鄉,聯美村,207,122464,592,412,214,725,668.00,112.91
雲林縣,大埤鄉,怡然村,153,97591,638,353,186,671,951.19,149.12
雲林縣,大埤鄉,北鎮村,131,62660,478,360,212,581,547.23,114.41
雲林縣,大埤鄉,興安村,123,67252,547,405,228,740,461.57,84.42
雲林縣,大埤鄉,西鎮村,112,56458,504,342,171,696,505.93,100.36
雲林縣,莿桐鄉,莿桐村,1113,672492,604,411,209,724,738.69,122.26
雲林縣,莿桐鄉,甘厝村,181,86538,478,351,165,609,467.70,97.82
雲林縣,莿桐鄉,甘西村,321,159764,498,369,177,652,513.50,103.17
雲林縣,莿桐鄉,興桐村,258,121626,471,343,170,619,477.03,101.19
雲林縣,莿桐鄉,義和村,205,133130,649,389,178,752,1051.47,161.91
雲林縣,莿桐鄉,埔子村,555,293005,528,360,205,669,548.64,103.92
雲林縣,莿桐鄉,大美村,832,473574,569,435,225,744,534.17,93.85
雲林縣,莿桐鄉,埔尾村,344,165689,482,348,177,601,540.80,112.28
雲林縣,莿桐鄉,饒平村,286,146542,512,339,180,642,520.09,101.50
雲林縣,莿桐鄉,興貴村,465,228871,492,350,167,608,501.23,101.84
雲林縣,莿桐鄉,四合村,376,204712,544,387,194,688,524.12,96.27
雲林縣,莿桐鄉,麻園村,283,141718,501,387,213,661,460.34,91.93
雲林縣,莿桐鄉,五華村,258,112528,436,347,183,499,431.57,98.95
雲林縣,莿桐鄉,六合村,461,236653,513,382,210,606,566.41,110.34
雲林縣,林內鄉,林南村,258,115316,447,303,172,581,457.45,102.35
雲林縣,林內鄉,林中村,990,500122,505,363,196,620,540.56,107.00
雲林縣,林內鄉,林北村,501,244909,489,369,200,647,469.27,96.00
雲林縣,林內鄉,坪頂村,97,47518,490,343,184,540,614.29,125.40
雲林縣,林內鄉,林茂村,142,66329,467,352,191,647,442.43,94.72
雲林縣,林內鄉,湖本村,140,56190,401,315,194,527,371.79,92.63
雲林縣,林內鄉,九芎村,644,302490,470,353,181,610,463.00,98.57
雲林縣,林內鄉,烏塗村,304,150025,494,384,199,654,488.46,98.98
雲林縣,林內鄉,烏麻村,247,113509,460,316,166,596,445.26,96.89
雲林縣,林內鄉,重興村,396,203961,515,379,201,600,530.39,102.98
雲林縣,二崙鄉,崙東村,338,184787,547,368,185,717,615.72,112.62
雲林縣,二崙鄉,崙西村,369,233822,634,454,205,802,691.41,109.11
雲林縣,二崙鄉,來惠村,256,138459,541,383,187,706,558.72,103.30
雲林縣,二崙鄉,三和村,284,185472,653,401,194,759,1295.77,198.41
雲林縣,二崙鄉,湳仔村,239,125199,524,404,209,594,562.35,107.35
雲林縣,二崙鄉,田尾村,341,201283,590,432,213,759,600.93,101.81
雲林縣,二崙鄉,港後村,277,154750,559,396,208,705,578.44,103.54
雲林縣,二崙鄉,庄西村,135,65927,488,309,136,695,519.90,106.46
雲林縣,二崙鄉,大義村,148,80514,544,357,163,796,561.01,103.12
雲林縣,二崙鄉,大庄村,171,96401,564,392,193,743,568.15,100.78
雲林縣,二崙鄉,復興村,133,73761,555,379,173,738,655.99,118.28
雲林縣,二崙鄉,油車村,379,208634,550,406,183,762,521.36,94.71
雲林縣,二崙鄉,大同村,146,88600,607,405,149,896,707.06,116.51
雲林縣,二崙鄉,大華村,125,78709,630,433,184,835,748.06,118.80
雲林縣,二崙鄉,義庄村,95,51862,546,412,183,836,478.49,87.65
雲林縣,二崙鄉,楊賢村,215,117120,545,395,204,694,544.60,99.97
雲林縣,二崙鄉,定安村,153,71969,470,313,170,525,513.94,109.26
雲林縣,二崙鄉,永定村,255,137747,540,424,189,695,538.09,99.61
雲林縣,崙背鄉,東明村,257,166254,647,411,198,767,772.17,119.36
雲林縣,崙背鄉,西榮村,311,190522,613,413,197,764,727.34,118.73
雲林縣,崙背鄉,南陽村,591,388323,657,468,230,791,733.43,111.62
雲林縣,崙背鄉,崙前村,418,261709,626,432,198,813,699.37,111.70
雲林縣,崙背鄉,羅厝村,404,240006,594,378,189,779,696.03,117.16
雲林縣,崙背鄉,港尾村,237,126875,535,365,186,709,595.99,111.33
雲林縣,崙背鄉,阿勸村,327,201018,615,440,221,777,729.30,118.64
雲林縣,崙背鄉,五魁村,147,91996,626,395,182,828,759.58,121.37
雲林縣,崙背鄉,大有村,248,152083,613,445,223,929,563.45,91.88
雲林縣,崙背鄉,豐榮村,318,211420,665,523,250,967,575.21,86.52
雲林縣,崙背鄉,舊庄村,171,99295,581,423,162,771,654.30,112.68
雲林縣,崙背鄉,草湖村,206,107222,520,387,178,634,567.70,109.07
雲林縣,崙背鄉,水尾村,197,104806,532,402,206,747,459.81,86.43
雲林縣,崙背鄉,枋南村,141,79363,563,399,169,707,649.01,115.31
雲林縣,麥寮鄉,麥豐村,2104,1540574,732,571,256,1009,696.90,95.18
雲林縣,麥寮鄉,麥津村,1060,694577,655,503,209,925,620.53,94.70
雲林縣,麥寮鄉,瓦磘村,482,290747,603,461,222,803,621.14,102.97
雲林縣,麥寮鄉,崙後村,619,394151,637,446,210,854,702.44,110.32
雲林縣,麥寮鄉,興華村,638,362997,569,384,192,783,584.37,102.71
雲林縣,麥寮鄉,後安村,742,432777,583,419,201,768,597.93,102.52
雲林縣,麥寮鄉,海豐村,528,302706,573,416,220,758,562.83,98.17
雲林縣,麥寮鄉,三盛村,525,353993,674,545,233,963,641.32,95.11
雲林縣,麥寮鄉,新吉村,234,127233,544,386,166,803,560.75,103.13
雲林縣,麥寮鄉,橋頭村,1037,662147,639,452,206,850,664.60,104.08
雲林縣,麥寮鄉,施厝村,894,651989,729,553,260,954,1399.30,191.87
雲林縣,麥寮鄉,雷厝村,465,264624,569,402,208,783,530.74,93.26
雲林縣,麥寮鄉,中興村,384,244863,638,435,232,760,718.58,112.69
雲林縣,東勢鄉,東北村,284,170372,600,466,247,831,508.40,84.75
雲林縣,東勢鄉,東南村,338,211666,626,525,273,864,534.17,85.30
雲林縣,東勢鄉,嘉隆村,286,171809,601,440,179,851,607.85,101.19
雲林縣,東勢鄉,月眉村,206,137876,669,495,244,884,626.60,93.62
雲林縣,東勢鄉,復興村,102,70723,693,455,201,870,725.10,104.58
雲林縣,東勢鄉,昌南村,159,93247,586,409,225,853,501.77,85.56
雲林縣,東勢鄉,安南村,148,88146,596,480,269,794,551.41,92.58
雲林縣,東勢鄉,新坤村,166,93397,563,499,217,826,406.13,72.18
雲林縣,東勢鄉,四美村,147,79413,540,401,191,733,560.27,103.71
雲林縣,東勢鄉,龍潭村,118,67331,571,341,191,765,640.74,112.29
雲林縣,東勢鄉,程海村,97,45068,465,389,169,691,354.11,76.21
雲林縣,東勢鄉,同安村,306,154294,504,354,192,660,516.85,102.50
雲林縣,褒忠鄉,中民村,468,277742,593,421,220,733,627.93,105.81
雲林縣,褒忠鄉,埔姜村,311,176306,567,427,221,759,547.70,96.61
雲林縣,褒忠鄉,中勝村,356,236747,665,436,211,857,836.47,125.78
雲林縣,褒忠鄉,馬鳴村,272,176990,651,440,213,888,672.20,103.30
雲林縣,褒忠鄉,新湖村,215,108306,504,369,177,672,488.07,96.89
雲林縣,褒忠鄉,有才村,131,73086,558,455,194,696,621.63,111.42
雲林縣,褒忠鄉,田洋村,143,74334,520,340,176,660,566.51,108.98
雲林縣,褒忠鄉,龍岩村,212,95723,452,353,161,643,381.17,84.42
雲林縣,褒忠鄉,潮厝村,160,89691,561,378,184,660,661.94,118.08
雲林縣,臺西鄉,臺西村,306,178716,584,496,188,779,517.39,88.59
雲林縣,臺西鄉,海北村,242,137581,569,354,170,813,621.59,109.34
雲林縣,臺西鄉,海口村,381,213535,560,438,227,739,490.85,87.58
雲林縣,臺西鄉,海南村,250,140201,561,445,227,776,525.11,93.64
雲林縣,臺西鄉,光華村,132,74133,562,400,209,707,520.77,92.73
雲林縣,臺西鄉,山寮村,152,79363,522,340,165,706,656.12,125.66
雲林縣,臺西鄉,五榔村,86,51665,601,391,215,670,931.85,155.11
雲林縣,臺西鄉,泉州村,109,72816,668,460,272,747,740.03,110.78
雲林縣,臺西鄉,牛厝村,282,132293,469,348,161,630,467.75,99.71
雲林縣,臺西鄉,溪頂村,213,114443,537,384,199,718,548.70,102.12
雲林縣,臺西鄉,永豐村,273,160591,588,467,180,805,540.04,91.81
雲林縣,臺西鄉,富琦村,324,191444,591,467,260,736,574.71,97.26
雲林縣,臺西鄉,和豐村,493,298712,606,466,231,791,635.27,104.85
雲林縣,臺西鄉,蚊港村,333,198987,598,485,236,782,550.20,92.07
雲林縣,臺西鄉,五港村,331,176457,533,401,180,770,504.59,94.65
雲林縣,元長鄉,長南村,761,473985,623,435,227,776,674.45,108.29
雲林縣,元長鄉,長北村,296,169073,571,414,206,699,619.83,108.51
雲林縣,元長鄉,子茂村,226,148852,659,457,229,888,714.26,108.45
雲林縣,元長鄉,後湖村,132,75369,571,422,200,781,577.68,101.18
雲林縣,元長鄉,山內村,149,78033,524,398,197,707,443.19,84.62
雲林縣,元長鄉,合和村,163,87968,540,397,193,714,508.90,94.30
雲林縣,元長鄉,五塊村,166,86598,522,363,176,654,551.64,105.75
雲林縣,元長鄉,潭西村,117,62515,534,367,188,823,490.67,91.83
雲林縣,元長鄉,潭東村,98,50458,515,356,177,642,584.49,113.52
雲林縣,元長鄉,客厝村,161,85620,532,382,174,684,588.10,110.59
雲林縣,元長鄉,卓運村,54,33532,621,397,168,763,689.57,111.05
雲林縣,元長鄉,頂寮村,232,124110,535,373,178,654,567.37,106.06
雲林縣,元長鄉,下寮村,268,171462,640,400,158,802,1756.58,274.56
雲林縣,元長鄉,龍岩村,160,77345,483,320,172,688,476.75,98.62
雲林縣,元長鄉,西莊村,150,83000,553,401,203,725,580.00,104.82
雲林縣,元長鄉,鹿北村,168,81353,484,371,168,637,456.59,94.29
雲林縣,元長鄉,鹿南村,128,58584,458,316,171,572,488.35,106.70
雲林縣,元長鄉,瓦磘村,219,127450,582,374,161,768,668.86,114.93
雲林縣,元長鄉,內寮村,86,45225,526,320,167,777,544.68,103.58
雲林縣,元長鄉,崙仔村,113,65342,578,382,174,633,809.35,139.97
雲林縣,元長鄉,新吉村,125,73458,588,449,202,738,592.05,100.75
雲林縣,四湖鄉,四湖村,345,195649,567,409,194,784,529.47,93.36
雲林縣,四湖鄉,湖西村,513,291297,568,451,209,746,524.46,92.36
雲林縣,四湖鄉,新庄村,109,58913,540,404,255,646,481.61,89.11
雲林縣,四湖鄉,蔡厝村,136,72915,536,410,229,691,539.32,100.59
雲林縣,四湖鄉,湖寮村,123,71011,577,402,229,738,531.36,92.04
雲林縣,四湖鄉,鹿場村,163,93407,573,368,164,732,657.72,114.78
雲林縣,四湖鄉,施湖村,193,100717,522,384,161,734,495.75,95.00
雲林縣,四湖鄉,羊調村,124,68287,551,430,214,744,482.47,87.61
雲林縣,四湖鄉,溪底村,166,92107,555,447,231,799,447.80,80.71
雲林縣,四湖鄉,溪尾村,115,62916,547,437,208,732,489.63,89.50
雲林縣,四湖鄉,崙南村,127,70998,559,407,195,706,684.25,122.40
雲林縣,四湖鄉,崙北村,300,179913,600,434,200,767,676.43,112.79
雲林縣,四湖鄉,內湖村,110,58623,533,398,184,760,560.54,105.18
雲林縣,四湖鄉,子村,121,62201,514,372,134,668,560.38,109.01
雲林縣,四湖鄉,廣溝村,118,53872,457,360,176,583,410.29,89.87
雲林縣,四湖鄉,飛沙村,166,84254,508,385,170,706,439.62,86.61
雲林縣,四湖鄉,三姓村,71,33491,472,352,186,569,434.97,92.21
雲林縣,四湖鄉,林東村,166,85786,517,382,208,674,453.69,87.79
雲林縣,四湖鄉,林厝村,173,93539,541,326,183,763,574.07,106.17
雲林縣,四湖鄉,飛東村,100,50685,507,391,237,708,374.32,73.85
雲林縣,四湖鄉,東村,155,74990,484,340,204,705,437.90,90.51
雲林縣,口湖鄉,下崙村,363,199636,550,356,183,688,688.82,125.25
雲林縣,口湖鄉,崙中村,278,154573,556,415,171,716,723.46,130.11
雲林縣,口湖鄉,崙東村,254,156216,615,415,220,728,678.29,110.29
雲林縣,口湖鄉,青蚶村,83,39920,481,402,200,596,399.03,82.96
雲林縣,口湖鄉,梧北村,174,72856,419,318,180,580,461.76,110.28
雲林縣,口湖鄉,梧南村,336,170385,507,381,173,684,475.22,93.71
雲林縣,口湖鄉,水井村,140,78620,562,439,218,675,764.14,136.07
雲林縣,口湖鄉,湖口村,140,68352,488,378,172,661,476.00,97.50
雲林縣,口湖鄉,後厝村,111,44405,400,284,123,573,454.20,113.54
雲林縣,口湖鄉,過港村,85,40585,477,355,209,652,449.73,94.19
雲林縣,口湖鄉,埔北村,138,82495,598,362,179,805,716.71,119.89
雲林縣,口湖鄉,埔南村,129,70665,548,391,141,801,551.37,100.65
雲林縣,口湖鄉,謝厝村,185,98256,531,402,171,709,532.41,100.24
雲林縣,口湖鄉,頂湖村,117,68082,582,369,179,765,692.19,118.95
雲林縣,口湖鄉,口湖村,271,142545,526,406,208,713,458.16,87.10
雲林縣,口湖鄉,湖東村,255,139134,546,421,199,771,480.21,88.01
雲林縣,口湖鄉,蚵寮村,208,112204,539,362,183,681,641.50,118.92
雲林縣,口湖鄉,港西村,111,68589,618,392,204,765,674.16,109.10
雲林縣,口湖鄉,港東村,223,122114,548,431,199,668,512.71,93.63
雲林縣,口湖鄉,臺子村,249,120355,483,378,181,637,468.74,96.98
雲林縣,口湖鄉,成龍村,141,82476,585,434,184,772,581.55,99.42
雲林縣,水林鄉,水北村,461,258886,562,382,191,737,588.32,104.76
雲林縣,水林鄉,水南村,405,237944,588,424,200,786,624.97,106.37
雲林縣,水林鄉,海埔村,138,67633,490,328,123,642,630.09,128.56
雲林縣,水林鄉,後寮村,100,47048,470,367,160,652,412.00,87.57
雲林縣,水林鄉,春埔村,169,92087,545,403,178,734,588.08,107.93
雲林縣,水林鄉,西井村,106,45156,426,325,149,585,392.34,92.10
雲林縣,水林鄉,灣西村,129,56823,440,298,182,551,447.68,101.63
雲林縣,水林鄉,灣東村,122,63589,521,390,224,721,455.23,87.34
雲林縣,水林鄉,蘇秦村,154,98205,638,506,229,855,586.06,91.90
雲林縣,水林鄉,車港村,87,52121,599,433,281,678,617.31,103.04
雲林縣,水林鄉,萬興村,110,50498,459,287,143,537,613.53,133.64
雲林縣,水林鄉,尖山村,95,44998,474,354,192,641,402.26,84.93
雲林縣,水林鄉,大山村,159,75584,475,316,126,625,504.44,106.11
雲林縣,水林鄉,大溝村,157,87479,557,469,236,735,447.48,80.31
雲林縣,水林鄉,順興村,112,58583,523,388,195,678,511.74,97.84
雲林縣,水林鄉,山腳村,126,61472,488,358,185,611,551.01,112.94
雲林縣,水林鄉,蕃薯村,136,61510,452,354,148,571,495.56,109.57
雲林縣,水林鄉,松北村,156,110059,706,401,167,844,894.84,126.84
雲林縣,水林鄉,松中村,80,39353,492,422,213,607,427.61,86.93
雲林縣,水林鄉,松西村,117,58547,500,323,197,679,507.59,101.43
雲林縣,水林鄉,埔村,97,56025,578,406,202,751,657.20,113.79
雲林縣,水林鄉,塭底村,93,53544,576,396,188,703,663.09,115.17
雲林縣,水林鄉,土厝村,230,120759,525,398,204,658,489.44,93.22
雲林縣,水林鄉,溪墘村,130,62723,482,327,175,665,540.20,111.96
嘉義縣,朴子市,安福里,539,347761,645,475,222,893,646.61,100.22
嘉義縣,朴子市,平和里,726,514342,708,498,240,927,736.02,103.89
嘉義縣,朴子市,內厝里,289,188095,651,466,222,854,601.04,92.35
嘉義縣,朴子市,開元里,112,61081,545,431,202,772,432.32,79.27
嘉義縣,朴子市,順天里,158,104747,663,443,184,847,1110.28,167.47
嘉義縣,朴子市,中正里,184,117223,637,412,205,797,730.89,114.72
嘉義縣,朴子市,博厚里,212,154961,731,454,212,1016,759.34,103.88
嘉義縣,朴子市,文化里,516,321074,622,429,192,778,739.47,118.84
嘉義縣,朴子市,永和里,640,361142,564,393,210,746,559.72,99.19
嘉義縣,朴子市,竹圍里,1316,861117,654,452,215,827,738.15,112.81
嘉義縣,朴子市,新寮里,130,67789,521,375,189,655,504.56,96.76
嘉義縣,朴子市,双溪里,104,62578,602,410,222,655,753.02,125.15
嘉義縣,朴子市,溪口里,135,66299,491,366,195,647,457.88,93.23
嘉義縣,朴子市,德興里,220,117962,536,380,173,700,509.27,94.98
嘉義縣,朴子市,仁和里,743,898283,1209,844,474,1327,1377.58,113.94
嘉義縣,朴子市,大鄉里,873,526070,603,432,197,754,829.29,137.62
嘉義縣,朴子市,大葛里,807,608342,754,540,239,1055,782.46,103.80
嘉義縣,朴子市,佳禾里,149,77826,522,391,188,668,516.79,98.94
嘉義縣,朴子市,竹村里,250,140114,560,345,193,626,802.19,143.13
嘉義縣,朴子市,崁前里,140,66904,478,341,194,589,524.81,109.82
嘉義縣,朴子市,崁後里,117,51614,441,336,179,622,362.11,82.08
嘉義縣,朴子市,順安里,36,14006,389,346,126,557,299.68,77.03
嘉義縣,朴子市,德家里,127,60727,478,321,177,607,494.24,103.36
嘉義縣,朴子市,新庄里,140,73722,527,348,195,671,562.11,106.75
嘉義縣,朴子市,松華里,197,101905,517,379,195,642,529.82,102.42
嘉義縣,朴子市,梅華里,155,84882,548,373,173,663,629.38,114.93
嘉義縣,朴子市,南竹里,70,31549,451,340,178,552,428.56,95.09
嘉義縣,布袋鎮,岱江里,113,55046,487,344,143,604,531.35,109.08
嘉義縣,布袋鎮,九龍里,63,31045,493,360,115,806,454.19,92.17
嘉義縣,布袋鎮,岑海里,412,237412,576,434,215,716,580.20,100.69
嘉義縣,布袋鎮,興中里,222,129804,585,464,243,734,539.51,92.27
嘉義縣,布袋鎮,光復里,361,203899,565,438,223,725,632.91,112.06
嘉義縣,布袋鎮,見龍里,182,96115,528,394,220,651,520.30,98.52
嘉義縣,布袋鎮,新厝里,160,94024,588,446,188,781,605.80,103.09
嘉義縣,布袋鎮,龍江里,160,85681,536,440,191,732,439.55,82.08
嘉義縣,布袋鎮,東港里,431,229053,531,431,216,673,485.11,91.28
嘉義縣,布袋鎮,永安里,226,110653,490,400,200,581,444.05,90.69
嘉義縣,布袋鎮,江山里,49,23608,482,358,182,597,452.60,93.94
嘉義縣,布袋鎮,考試里,46,30140,655,380,227,878,688.86,105.13
嘉義縣,布袋鎮,菜舖里,66,35139,532,382,244,729,435.90,81.87
嘉義縣,布袋鎮,振寮里,139,90054,648,487,242,866,646.46,99.78
嘉義縣,布袋鎮,西安里,192,93995,490,361,215,698,420.29,85.85
嘉義縣,布袋鎮,東安里,210,111604,531,373,206,634,601.17,113.12
嘉義縣,布袋鎮,中安里,256,130360,509,380,167,674,538.94,105.84
嘉義縣,布袋鎮,樹林里,80,40228,503,351,185,589,583.73,116.08
嘉義縣,布袋鎮,貴舍里,94,54168,576,426,212,739,515.57,89.47
嘉義縣,布袋鎮,復興里,423,237959,563,372,182,710,706.05,125.51
嘉義縣,布袋鎮,新民里,222,112854,508,356,193,651,522.46,102.78
嘉義縣,布袋鎮,好美里,186,92100,495,328,189,644,543.11,109.68
嘉義縣,布袋鎮,新岑里,181,93816,518,349,218,631,677.09,130.63
嘉義縣,大林鎮,東林里,134,79498,593,394,189,804,578.74,97.55
嘉義縣,大林鎮,西林里,569,351091,617,415,202,825,687.10,111.35
嘉義縣,大林鎮,吉林里,249,154238,619,457,229,816,647.75,104.57
嘉義縣,大林鎮,平林里,1726,1182769,685,429,213,841,827.86,120.81
嘉義縣,大林鎮,明華里,240,133028,554,370,179,731,701.57,126.57
嘉義縣,大林鎮,明和里,489,307399,629,414,231,777,691.78,110.05
嘉義縣,大林鎮,排路里,111,65190,587,376,177,844,595.58,101.41
嘉義縣,大林鎮,西結里,110,50088,455,322,178,603,410.13,90.07
嘉義縣,大林鎮,湖北里,112,56966,509,345,169,664,545.38,107.23
嘉義縣,大林鎮,大糖里,38,17871,470,315,161,526,509.74,108.39
嘉義縣,大林鎮,大美里,290,152206,525,406,192,653,696.03,132.61
嘉義縣,大林鎮,過溪里,282,147834,524,387,199,719,479.52,91.47
嘉義縣,大林鎮,中坑里,245,142481,582,401,189,778,584.63,100.53
嘉義縣,大林鎮,上林里,128,65857,515,344,193,668,536.00,104.18
嘉義縣,大林鎮,中林里,356,229387,644,383,200,743,838.40,130.12
嘉義縣,大林鎮,三和里,472,243510,516,333,171,628,568.73,110.24
嘉義縣,大林鎮,溝背里,173,99383,574,425,211,743,554.17,96.47
嘉義縣,大林鎮,義和里,141,79196,562,441,235,663,537.27,95.66
嘉義縣,大林鎮,內林里,122,68544,562,415,182,778,665.76,118.50
嘉義縣,大林鎮,三角里,146,78773,540,394,239,644,522.48,96.84
嘉義縣,大林鎮,三村里,180,96484,536,365,189,684,553.94,103.34
嘉義縣,民雄鄉,東榮村,664,472358,711,496,227,913,737.17,103.62
嘉義縣,民雄鄉,中樂村,444,289255,651,449,197,852,708.09,108.69
嘉義縣,民雄鄉,西安村,1042,737357,708,454,211,918,831.24,117.47
嘉義縣,民雄鄉,寮頂村,522,328833,630,407,194,784,680.54,108.03
嘉義縣,民雄鄉,福權村,428,287810,672,453,232,886,727.02,108.11
嘉義縣,民雄鄉,東湖村,436,233112,535,387,189,699,529.94,99.12
嘉義縣,民雄鄉,豐收村,579,355629,614,383,177,722,759.31,123.62
嘉義縣,民雄鄉,頂崙村,381,221552,582,431,218,745,570.21,98.06
嘉義縣,民雄鄉,鎮北村,318,177194,557,390,191,742,543.36,97.51
嘉義縣,民雄鄉,三興村,398,442443,1112,642,298,1580,1182.78,106.40
嘉義縣,民雄鄉,東興村,90,57010,633,393,185,767,800.90,126.43
嘉義縣,民雄鄉,菁埔村,377,202729,538,388,197,708,516.09,95.97
嘉義縣,民雄鄉,中和村,279,171470,615,500,256,871,475.95,77.44
嘉義縣,民雄鄉,西昌村,174,95481,549,333,146,640,762.34,138.93
嘉義縣,民雄鄉,平和村,217,118186,545,444,222,696,491.82,90.30
嘉義縣,民雄鄉,中央村,334,182094,545,376,189,667,550.77,101.02
嘉義縣,民雄鄉,興中村,460,252724,549,413,221,702,528.81,96.25
嘉義縣,民雄鄉,興南村,759,410627,541,402,212,704,512.86,94.80
嘉義縣,民雄鄉,文隆村,692,415864,601,416,208,750,693.75,115.44
嘉義縣,民雄鄉,山中村,886,497732,562,378,174,783,635.68,113.16
嘉義縣,民雄鄉,福興村,492,244955,498,353,163,681,507.76,101.98
嘉義縣,民雄鄉,松山村,384,190498,496,342,151,612,692.93,139.68
嘉義縣,民雄鄉,雙福村,735,467977,637,430,196,841,682.08,107.13
嘉義縣,民雄鄉,北斗村,1441,814956,566,395,204,745,605.24,107.02
嘉義縣,民雄鄉,秀林村,670,359290,536,406,192,694,562.30,104.86
嘉義縣,民雄鄉,大崎村,561,320415,571,389,182,672,695.00,121.68
嘉義縣,民雄鄉,金興村,750,341939,456,364,172,629,397.61,87.21
嘉義縣,民雄鄉,福樂村,2150,1295453,603,415,209,781,692.76,114.97
嘉義縣,溪口鄉,溪東村,283,156179,552,386,169,692,577.30,104.61
嘉義縣,溪口鄉,溪西村,120,61361,511,361,174,609,629.95,123.20
嘉義縣,溪口鄉,溪北村,119,54379,457,340,170,587,428.32,93.73
嘉義縣,溪口鄉,柴林村,151,81393,539,385,206,669,561.90,104.24
嘉義縣,溪口鄉,林腳村,120,59545,496,359,154,606,574.53,115.78
嘉義縣,溪口鄉,美南村,216,124285,575,360,182,723,639.21,111.09
嘉義縣,溪口鄉,美北村,188,99835,531,355,149,642,657.53,123.82
嘉義縣,溪口鄉,本厝村,165,104804,635,348,137,724,1063.93,167.50
嘉義縣,溪口鄉,游東村,160,84442,528,372,215,619,528.54,100.15
嘉義縣,溪口鄉,游西村,113,69168,612,344,169,757,971.96,158.79
嘉義縣,溪口鄉,柳溝村,274,124640,455,345,184,579,422.31,92.84
嘉義縣,溪口鄉,疊溪村,224,119807,535,388,197,682,598.28,111.86
嘉義縣,溪口鄉,妙崙村,124,52304,422,326,167,556,370.18,87.76
嘉義縣,溪口鄉,坪頂村,212,109793,518,334,191,685,571.19,110.29
嘉義縣,新港鄉,宮前村,636,424856,668,460,214,922,704.15,105.41
嘉義縣,新港鄉,宮後村,381,237771,624,451,224,821,633.19,101.46
嘉義縣,新港鄉,大興村,382,231840,607,420,167,763,662.48,109.16
嘉義縣,新港鄉,福德村,405,273311,675,436,212,890,775.74,114.95
嘉義縣,新港鄉,古民村,257,164905,642,450,206,834,719.06,112.06
嘉義縣,新港鄉,中庄村,293,173643,593,455,236,781,534.15,90.13
嘉義縣,新港鄉,大潭村,337,176896,525,420,208,697,464.70,88.53
嘉義縣,新港鄉,西庄村,160,103082,644,498,230,877,722.75,112.18
嘉義縣,新港鄉,月眉村,385,241158,626,442,189,815,656.32,104.78
嘉義縣,新港鄉,月潭村,353,210643,597,405,179,724,647.68,108.54
嘉義縣,新港鄉,溪北村,258,140790,546,367,168,669,627.77,115.04
嘉義縣,新港鄉,菜公村,202,110270,546,409,211,728,537.29,98.42
嘉義縣,新港鄉,中洋村,248,144198,581,479,171,820,526.42,90.54
嘉義縣,新港鄉,三間村,447,290716,650,525,237,909,568.95,87.48
嘉義縣,新港鄉,安和村,173,87677,507,363,208,679,507.50,100.14
嘉義縣,新港鄉,潭大村,230,132678,577,381,215,688,682.86,118.37
嘉義縣,新港鄉,南港村,237,131641,555,353,168,715,628.58,113.17
嘉義縣,新港鄉,板頭村,103,56782,551,398,166,632,662.17,120.11
嘉義縣,新港鄉,共和村,151,77915,516,349,151,638,601.52,116.57
嘉義縣,新港鄉,埤子村,83,45424,547,415,168,877,469.21,85.74
嘉義縣,新港鄉,南崙村,138,72131,523,358,193,667,525.37,100.51
嘉義縣,新港鄉,北崙村,86,41089,478,350,194,583,447.15,93.59
嘉義縣,新港鄉,海瀛村,78,44663,573,415,221,641,651.76,113.83
嘉義縣,六腳鄉,蒜東村,156,81278,521,383,217,679,570.72,109.54
嘉義縣,六腳鄉,蒜南村,190,110476,581,422,198,731,624.98,107.49
嘉義縣,六腳鄉,蒜頭村,281,158739,565,412,182,696,650.61,115.17
嘉義縣,六腳鄉,工廠村,63,35826,569,348,180,586,773.98,136.11
嘉義縣,六腳鄉,灣南村,233,136742,587,403,198,779,591.37,100.77
嘉義縣,六腳鄉,灣北村,217,114216,526,418,169,690,570.94,108.47
嘉義縣,六腳鄉,雙涵村,158,69401,439,325,160,574,426.27,97.04
嘉義縣,六腳鄉,塗師村,89,45103,507,382,188,720,469.89,92.72
嘉義縣,六腳鄉,三義村,123,67532,549,420,222,659,569.35,103.70
嘉義縣,六腳鄉,港美村,125,70797,566,431,241,704,594.45,104.96
嘉義縣,六腳鄉,豐美村,193,115421,598,463,250,716,572.00,95.65
嘉義縣,六腳鄉,六斗村,187,100391,537,401,176,693,565.29,105.30
嘉義縣,六腳鄉,崙陽村,226,116849,517,333,170,695,606.73,117.35
嘉義縣,六腳鄉,蘇厝村,311,169284,544,412,181,741,544.04,99.95
嘉義縣,六腳鄉,竹本村,90,44138,490,398,220,693,410.10,83.62
嘉義縣,六腳鄉,永賢村,61,34301,562,367,149,954,496.65,88.32
嘉義縣,六腳鄉,魚寮村,104,48486,466,394,184,675,375.80,80.61
嘉義縣,六腳鄉,潭墘村,160,93095,582,397,226,705,625.84,107.56
嘉義縣,六腳鄉,正義村,291,150067,516,388,163,708,481.56,93.38
嘉義縣,六腳鄉,溪厝村,115,62512,544,444,213,638,644.40,118.55
嘉義縣,六腳鄉,六南村,86,51161,595,423,237,809,545.26,91.66
嘉義縣,六腳鄉,六腳村,153,94925,620,421,171,848,667.38,107.57
嘉義縣,六腳鄉,崩山村,95,49694,523,343,194,687,513.58,98.18
嘉義縣,六腳鄉,古林村,99,56450,570,389,171,727,766.30,134.39
嘉義縣,六腳鄉,更寮村,95,57349,604,431,192,778,642.96,106.51
嘉義縣,東石鄉,東石村,252,120096,477,365,169,622,477.44,100.18
嘉義縣,東石鄉,猿樹村,158,83953,531,391,183,693,513.68,96.68
嘉義縣,東石鄉,塭港村,188,86679,461,335,130,539,502.94,109.08
嘉義縣,東石鄉,型厝村,193,93445,484,362,191,662,463.66,95.76
嘉義縣,東石鄉,三家村,185,99212,536,395,213,683,520.56,97.07
嘉義縣,東石鄉,永屯村,117,53793,460,346,182,651,416.15,90.51
嘉義縣,東石鄉,海埔村,43,19188,446,300,157,642,414.34,92.85
嘉義縣,東石鄉,龍港村,119,52331,440,316,133,550,467.49,106.31
嘉義縣,東石鄉,副瀨村,132,80340,609,458,270,740,542.50,89.13
嘉義縣,東石鄉,下揖村,101,39704,393,295,107,537,389.47,99.07
嘉義縣,東石鄉,頂揖村,47,20547,437,309,155,619,379.43,86.79
嘉義縣,東石鄉,溪下村,133,71507,538,400,182,670,522.23,97.13
嘉義縣,東石鄉,港口村,28,13239,473,365,184,609,413.12,87.38
嘉義縣,東石鄉,鰲鼓村,193,106506,552,388,178,673,647.12,117.26
嘉義縣,東石鄉,港墘村,205,123229,601,414,188,735,762.63,126.87
嘉義縣,東石鄉,蔦松村,154,79921,519,365,163,690,538.70,103.80
嘉義縣,東石鄉,圍潭村,71,27701,390,332,166,547,288.27,73.88
嘉義縣,東石鄉,洲仔村,128,58765,459,317,145,575,477.70,104.05
嘉義縣,東石鄉,東崙村,128,66341,518,363,181,688,553.61,106.81
嘉義縣,東石鄉,西崙村,209,89352,428,352,181,561,376.85,88.15
嘉義縣,東石鄉,塭仔村,145,68437,472,341,145,575,509.62,107.98
嘉義縣,東石鄉,網寮村,164,79660,486,322,155,573,592.38,121.96
嘉義縣,東石鄉,掌潭村,115,51686,449,348,158,593,388.70,86.48
嘉義縣,義竹鄉,岸腳村,141,80494,571,363,197,709,599.96,105.09
嘉義縣,義竹鄉,義竹村,380,222921,587,439,187,762,642.85,109.58
嘉義縣,義竹鄉,六桂村,273,146839,538,415,195,697,540.12,100.42
嘉義縣,義竹鄉,仁里村,188,121589,647,406,216,801,767.26,118.63
嘉義縣,義竹鄉,傳芳村,157,82020,522,363,230,665,488.57,93.52
嘉義縣,義竹鄉,頭竹村,229,146642,640,410,232,859,676.66,105.67
嘉義縣,義竹鄉,五厝村,67,43827,654,444,255,782,689.36,105.39
嘉義縣,義竹鄉,中平村,55,32048,583,395,252,833,512.06,87.88
嘉義縣,義竹鄉,埤前村,150,98272,655,439,218,773,701.34,107.05
嘉義縣,義竹鄉,平溪村,89,45030,506,337,175,557,645.91,127.66
嘉義縣,義竹鄉,後鎮村,82,43241,527,328,151,711,557.97,105.81
嘉義縣,義竹鄉,北華村,132,56899,431,314,160,514,445.35,103.32
嘉義縣,義竹鄉,新店村,271,155902,575,405,228,806,523.75,91.04
嘉義縣,義竹鄉,東過村,153,78654,514,394,201,632,465.91,90.63
嘉義縣,義竹鄉,西過村,125,53789,430,304,112,512,498.45,115.83
嘉義縣,義竹鄉,官和村,139,71833,517,382,190,589,867.36,167.84
嘉義縣,義竹鄉,官順村,80,35787,447,327,211,514,472.01,105.52
嘉義縣,義竹鄉,新富村,111,61844,557,368,169,849,513.39,92.14
嘉義縣,義竹鄉,東光村,132,73808,559,408,198,774,501.84,89.75
嘉義縣,義竹鄉,東榮村,63,34527,548,397,181,620,698.44,127.44
嘉義縣,義竹鄉,龍蛟村,98,49044,500,374,163,656,453.96,90.71
嘉義縣,義竹鄉,溪洲村,102,57483,564,456,243,742,483.22,85.74
嘉義縣,鹿草鄉,後寮村,98,54128,552,425,208,641,593.33,107.42
嘉義縣,鹿草鄉,鹿東村,121,67245,556,431,192,740,617.95,111.19
嘉義縣,鹿草鄉,鹿草村,310,153556,495,372,167,624,545.60,110.15
嘉義縣,鹿草鄉,西井村,313,194592,622,439,180,764,682.35,109.76
嘉義縣,鹿草鄉,豊稠村,120,62711,523,379,188,645,513.75,98.31
嘉義縣,鹿草鄉,重寮村,171,96071,562,353,182,672,616.26,109.69
嘉義縣,鹿草鄉,施家村,72,39424,548,394,208,690,586.39,107.09
嘉義縣,鹿草鄉,下潭村,109,54959,504,425,188,658,463.54,91.93
嘉義縣,鹿草鄉,光潭村,171,98966,579,422,225,737,536.34,92.67
嘉義縣,鹿草鄉,碧潭村,141,78948,560,375,192,702,570.62,101.91
嘉義縣,鹿草鄉,松竹村,191,90239,472,355,178,631,451.48,95.56
嘉義縣,鹿草鄉,竹山村,167,86503,518,400,166,690,535.47,103.38
嘉義縣,鹿草鄉,後堀村,270,150264,557,406,233,792,486.00,87.33
嘉義縣,鹿草鄉,三角村,298,156628,526,409,199,683,501.89,95.49
嘉義縣,鹿草鄉,下麻村,127,69428,547,336,155,713,564.45,103.25
嘉義縣,太保市,太保里,673,436076,648,456,205,895,687.98,106.18
嘉義縣,太保市,後庄里,94,43339,461,303,142,516,542.79,117.73
嘉義縣,太保市,前潭里,325,182130,560,345,183,658,812.56,145.00
嘉義縣,太保市,後潭里,419,260460,622,423,211,857,667.29,107.35
嘉義縣,太保市,春珠里,302,223910,741,503,221,895,1111.21,149.88
嘉義縣,太保市,崙頂里,206,139190,676,464,179,960,772.04,114.26
嘉義縣,太保市,安仁里,869,752332,866,637,281,1120,916.61,105.88
嘉義縣,太保市,東勢里,544,505070,928,625,290,1252,994.99,107.17
嘉義縣,太保市,新埤里,271,160011,590,402,197,812,603.35,102.19
嘉義縣,太保市,舊埤里,674,383561,569,410,185,842,560.59,98.51
嘉義縣,太保市,田尾里,155,94470,609,465,211,895,536.04,87.95
嘉義縣,太保市,港尾里,97,55359,571,406,197,857,503.08,88.15
嘉義縣,太保市,過溝里,1117,737933,661,480,230,910,730.83,110.63
嘉義縣,太保市,麻寮里,1379,897222,651,491,230,913,596.43,91.67
嘉義縣,太保市,南新里,480,284997,594,394,197,799,665.51,112.09
嘉義縣,太保市,北新里,829,505888,610,432,225,843,602.14,98.67
嘉義縣,太保市,埤鄉里,146,78493,538,382,205,726,507.56,94.41
嘉義縣,太保市,梅埔里,220,134677,612,377,183,656,1362.99,222.65
嘉義縣,水上鄉,水頭村,681,433871,637,447,241,849,686.06,107.68
嘉義縣,水上鄉,水上村,1141,673870,591,428,207,793,557.75,94.44
嘉義縣,水上鄉,大堀村,370,203053,549,379,192,657,713.74,130.06
嘉義縣,水上鄉,大崙村,491,266145,542,351,173,689,646.06,119.19
嘉義縣,水上鄉,塗溝村,183,105144,575,395,179,770,612.91,106.68
嘉義縣,水上鄉,粗溪村,383,217715,568,385,217,697,574.37,101.04
嘉義縣,水上鄉,下寮村,516,266726,517,379,190,677,493.02,95.38
嘉義縣,水上鄉,回歸村,125,79091,633,404,201,734,770.98,121.85
嘉義縣,水上鄉,三和村,523,337055,644,504,225,890,587.95,91.23
嘉義縣,水上鄉,龍德村,478,296729,621,407,211,851,635.53,102.38
嘉義縣,水上鄉,溪洲村,215,118400,551,385,210,707,592.88,107.66
嘉義縣,水上鄉,三鎮村,142,78569,553,404,169,690,573.92,103.73
嘉義縣,水上鄉,靖和村,107,57932,541,388,174,737,499.38,92.23
嘉義縣,水上鄉,南和村,317,191340,604,422,175,697,875.16,144.99
嘉義縣,水上鄉,柳林村,486,249121,513,368,181,669,595.91,116.25
嘉義縣,水上鄉,柳鄉村,505,264653,524,391,193,651,503.01,95.98
嘉義縣,水上鄉,內溪村,270,123380,457,332,177,618,428.44,93.76
嘉義縣,水上鄉,寬士村,1077,606500,563,392,184,742,595.76,105.79
嘉義縣,水上鄉,國姓村,201,92554,460,323,137,601,490.37,106.49
嘉義縣,水上鄉,三界村,153,77735,508,334,191,601,550.69,108.39
嘉義縣,水上鄉,南鄉村,163,83167,510,344,162,609,548.36,107.47
嘉義縣,水上鄉,忠和村,425,189053,445,327,174,564,452.01,101.61
嘉義縣,水上鄉,義興村,167,94473,566,417,203,676,639.37,113.02
嘉義縣,水上鄉,民生村,683,341762,500,385,199,670,454.85,90.90
嘉義縣,水上鄉,中庄村,367,179186,488,348,182,576,619.04,126.79
嘉義縣,水上鄉,柳新村,417,176996,424,346,163,565,395.87,93.27
嘉義縣,中埔鄉,中埔村,381,194949,512,407,179,757,443.15,86.61
嘉義縣,中埔鄉,塩舘村,185,103839,561,371,183,817,566.18,100.87
嘉義縣,中埔鄉,龍門村,131,68814,525,373,193,716,480.64,91.50
嘉義縣,中埔鄉,裕民村,161,81277,505,380,180,598,515.04,102.02
嘉義縣,中埔鄉,金蘭村,287,153171,534,360,164,618,625.00,117.11
嘉義縣,中埔鄉,富收村,640,320254,500,356,185,624,561.58,112.23
嘉義縣,中埔鄉,和睦村,876,509790,582,421,212,751,590.29,101.43
嘉義縣,中埔鄉,隆興村,351,219826,626,377,182,708,1193.01,190.49
嘉義縣,中埔鄉,義仁村,269,134335,499,358,167,655,514.42,103.01
嘉義縣,中埔鄉,社口村,378,166992,442,315,144,587,441.09,99.84
嘉義縣,中埔鄉,灣潭村,155,77112,497,351,176,603,564.45,113.46
嘉義縣,中埔鄉,石硦村,192,92370,481,363,183,600,498.41,103.60
嘉義縣,中埔鄉,頂埔村,136,77428,569,398,235,820,541.10,95.04
嘉義縣,中埔鄉,同仁村,322,156622,486,380,175,671,465.63,95.73
嘉義縣,中埔鄉,深坑村,130,74415,572,430,187,734,574.36,100.34
嘉義縣,中埔鄉,瑞豐村,108,46892,434,312,191,593,370.08,85.24
嘉義縣,中埔鄉,沄水村,131,68761,525,357,157,611,695.18,132.44
嘉義縣,中埔鄉,三層村,109,49575,455,374,212,601,359.57,79.06
嘉義縣,中埔鄉,東興村,42,16543,394,356,130,582,297.93,75.64
嘉義縣,中埔鄉,中崙村,34,22171,652,479,251,785,666.90,102.27
嘉義縣,中埔鄉,和美村,1988,1174849,591,404,196,766,677.37,114.62
嘉義縣,中埔鄉,和興村,1357,705881,520,384,180,703,501.46,96.40
嘉義縣,竹崎鄉,竹崎村,615,318590,518,379,182,625,535.59,103.39
嘉義縣,竹崎鄉,和平村,430,205995,479,376,172,606,517.97,108.12
嘉義縣,竹崎鄉,坑頭村,127,64827,510,312,173,612,694.17,135.99
嘉義縣,竹崎鄉,沙坑村,140,67613,483,332,180,579,513.49,106.32
嘉義縣,竹崎鄉,獅埜村,206,99656,484,374,200,589,437.28,90.39
嘉義縣,竹崎鄉,鹿滿村,321,172189,536,390,176,686,528.78,98.58
嘉義縣,竹崎鄉,紫雲村,239,113302,474,345,188,588,475.44,100.29
嘉義縣,竹崎鄉,灣橋村,1277,702095,550,385,182,718,566.08,102.96
嘉義縣,竹崎鄉,義仁村,181,85680,473,355,144,563,555.16,117.28
嘉義縣,竹崎鄉,義和村,129,73577,570,375,186,722,594.88,104.30
嘉義縣,竹崎鄉,內埔村,311,171329,551,396,187,672,632.06,114.73
嘉義縣,竹崎鄉,昇平村,299,172758,578,380,162,712,787.90,136.36
嘉義縣,竹崎鄉,桃源村,161,78382,487,354,170,659,512.20,105.21
嘉義縣,竹崎鄉,白杞村,85,40410,475,338,204,583,455.73,95.86
嘉義縣,竹崎鄉,龍山村,304,161200,530,378,199,645,531.74,100.28
嘉義縣,竹崎鄉,義隆村,103,62814,610,332,166,701,798.21,130.89
嘉義縣,竹崎鄉,文峰村,92,56306,612,487,246,843,617.64,100.92
嘉義縣,竹崎鄉,塘興村,111,61385,553,340,161,574,1246.08,225.32
嘉義縣,竹崎鄉,復金村,344,174247,507,364,204,605,683.15,134.87
嘉義縣,竹崎鄉,緞繻村,116,58034,500,391,181,617,537.43,107.42
嘉義縣,竹崎鄉,仁壽村,35,21082,602,305,127,670,980.78,162.83
嘉義縣,竹崎鄉,金獅村,55,31287,569,302,204,659,697.20,122.56
嘉義縣,竹崎鄉,中和村,96,48874,509,363,210,579,504.41,99.08
嘉義縣,竹崎鄉,光華村,67,22043,329,276,116,460,264.97,80.54
嘉義縣,梅山鄉,梅東村,433,242212,559,397,183,693,639.64,114.35
嘉義縣,梅山鄉,梅南村,179,106231,593,395,193,703,675.85,113.88
嘉義縣,梅山鄉,梅北村,1034,588573,569,420,219,753,564.03,99.09
嘉義縣,梅山鄉,過山村,89,64352,723,457,285,857,765.91,105.93
嘉義縣,梅山鄉,圳南村,50,18725,375,325,225,487,256.50,68.49
嘉義縣,梅山鄉,圳北村,90,39026,434,319,200,507,407.98,94.09
嘉義縣,梅山鄉,大南村,253,137335,543,354,128,635,775.07,142.78
嘉義縣,梅山鄉,安靖村,121,50927,421,396,189,588,324.86,77.18
嘉義縣,梅山鄉,双溪村,103,50188,487,408,236,612,374.43,76.84
嘉義縣,梅山鄉,半天村,53,29906,564,448,273,777,442.20,78.37
嘉義縣,梅山鄉,太平村,84,41833,498,326,148,569,588.26,118.12
嘉義縣,梅山鄉,龍眼村,59,28002,475,421,208,549,414.01,87.23
嘉義縣,梅山鄉,太興村,56,21552,385,274,127,510,404.80,105.18
嘉義縣,梅山鄉,瑞里村,65,32808,505,394,158,726,485.28,96.15
嘉義縣,梅山鄉,瑞峰村,62,26740,431,330,157,555,396.64,91.97
嘉義縣,梅山鄉,太和村,87,51054,587,453,249,846,510.92,87.06
嘉義縣,梅山鄉,永興村,91,47311,520,364,160,664,570.56,109.74
嘉義縣,梅山鄉,碧湖村,27,10012,371,346,153,515,318.60,85.92
嘉義縣,番路鄉,內甕村,87,52628,605,315,144,867,868.86,143.63
嘉義縣,番路鄉,江西村,277,173404,626,388,164,715,896.64,143.23
嘉義縣,番路鄉,新福村,209,94780,453,335,170,571,452.85,99.86
嘉義縣,番路鄉,下坑村,392,227075,579,425,176,802,565.64,97.65
嘉義縣,番路鄉,番路村,159,80470,506,366,191,667,504.52,99.69
嘉義縣,番路鄉,民和村,131,63013,481,358,161,673,419.32,87.17
嘉義縣,番路鄉,觸口村,196,82999,423,345,144,594,372.71,88.02
嘉義縣,番路鄉,大湖村,71,34228,482,325,174,503,798.18,165.57
嘉義縣,番路鄉,公田村,129,62945,488,374,154,619,459.65,94.20
嘉義縣,番路鄉,公興村,55,23618,429,313,168,523,436.31,101.61
嘉義縣,番路鄉,草山村,40,22938,573,378,221,777,606.23,105.71
嘉義縣,大埔鄉,大埔村,289,148463,514,355,196,659,510.63,99.40
嘉義縣,大埔鄉,茄苳村,147,72006,490,323,178,600,487.05,99.43
嘉義縣,大埔鄉,永樂村,79,36769,465,361,191,504,467.18,100.38
嘉義縣,大埔鄉,和平村,97,40083,413,314,132,539,447.54,108.30
嘉義縣,大埔鄉,西興村,120,72756,606,394,194,794,640.86,105.70
嘉義縣,阿里山鄉,中山村,81,39160,483,453,186,670,363.73,75.24
嘉義縣,阿里山鄉,中正村,49,45108,921,329,205,671,1553.85,168.79
嘉義縣,阿里山鄉,香林村,32,19154,599,428,257,612,632.46,105.66
嘉義縣,阿里山鄉,十字村,37,18507,500,398,147,629,540.76,108.11
嘉義縣,阿里山鄉,達邦村,112,52998,473,394,220,643,354.71,74.96
嘉義縣,阿里山鄉,樂野村,131,56396,431,338,178,557,398.81,92.64
嘉義縣,阿里山鄉,來吉村,38,25505,671,370,217,625,973.82,145.09
嘉義縣,阿里山鄉,里佳村,26,13736,528,400,225,735,385.13,72.90
嘉義縣,阿里山鄉,山美村,53,23358,441,352,231,615,356.78,80.96
嘉義縣,阿里山鄉,新美村,27,10279,381,356,240,474,246.86,64.84
嘉義縣,阿里山鄉,豐山村,37,17576,475,284,143,503,600.40,126.40
嘉義縣,阿里山鄉,茶山村,28,10750,384,328,211,462,305.83,79.66
屏東縣,屏東市,勝豐里,105,49392,470,326,135,649,482.18,102.51
屏東縣,屏東市,金泉里,161,151006,938,372,199,690,3422.26,364.88
屏東縣,屏東市,慶春里,87,47097,541,367,175,721,589.98,108.98
屏東縣,屏東市,平和里,211,133062,631,361,173,773,796.70,126.34
屏東縣,屏東市,楠樹里,118,73251,621,448,194,891,656.33,105.73
屏東縣,屏東市,扶風里,151,113418,751,347,226,823,1327.10,176.68
屏東縣,屏東市,橋南里,420,314538,749,448,218,973,940.64,125.60
屏東縣,屏東市,橋北里,260,148308,570,368,173,749,662.32,116.11
屏東縣,屏東市,長春里,626,422331,675,458,242,813,739.87,109.67
屏東縣,屏東市,豐田里,1282,813503,635,428,195,831,728.97,114.88
屏東縣,屏東市,安樂里,134,92515,690,403,163,816,985.28,142.71
屏東縣,屏東市,歸心里,259,132753,513,320,170,597,579.13,112.99
屏東縣,屏東市,湖西里,372,202627,545,406,198,722,538.55,98.87
屏東縣,屏東市,瑞光里,2227,1542602,693,475,221,917,748.36,108.04
屏東縣,屏東市,湖南里,284,147356,519,401,219,708,450.26,86.78
屏東縣,屏東市,長安里,447,240157,537,415,199,685,517.48,96.32
屏東縣,屏東市,厚生里,736,377346,513,372,179,644,525.83,102.56
屏東縣,屏東市,大湖里,462,228190,494,337,155,597,553.64,112.09
屏東縣,屏東市,頂宅里,103,53140,516,355,190,634,588.69,114.10
屏東縣,屏東市,新生里,1615,903791,560,406,196,725,552.45,98.72
屏東縣,屏東市,永安里,1998,1139413,570,399,200,744,593.14,104.01
屏東縣,屏東市,萬年里,134,76821,573,424,181,782,525.03,91.58
屏東縣,屏東市,安鎮里,512,280595,548,397,200,706,549.13,100.20
屏東縣,屏東市,永昌里,31,12864,415,280,70,444,496.78,119.72
屏東縣,屏東市,光華里,146,86451,592,393,175,677,854.25,144.27
屏東縣,屏東市,一心里,440,303139,689,464,210,961,697.46,101.24
屏東縣,屏東市,義勇里,443,380475,859,536,227,1143,921.35,107.28
屏東縣,屏東市,公館里,361,214564,594,414,217,720,663.40,111.62
屏東縣,屏東市,龍華里,565,321062,568,376,174,684,768.06,135.16
屏東縣,屏東市,玉成里,390,202451,519,379,188,649,505.61,97.40
屏東縣,屏東市,新興里,751,463829,618,531,264,817,506.69,82.04
屏東縣,屏東市,頂柳里,255,117365,460,373,201,575,397.37,86.34
屏東縣,屏東市,擇仁里,166,77630,468,344,160,583,470.95,100.70
屏東縣,屏東市,清溪里,1326,749346,565,437,215,737,520.17,92.05
屏東縣,屏東市,前進里,711,377105,530,396,177,700,585.00,110.30
屏東縣,屏東市,大洲里,280,163710,585,377,199,730,642.27,109.85
屏東縣,屏東市,永光里,248,123783,499,340,170,581,664.51,133.13
屏東縣,屏東市,永順里,59,29994,508,356,208,611,582.84,114.65
屏東縣,屏東市,大埔里,161,98253,610,432,172,839,657.83,107.79
屏東縣,屏東市,大同里,186,132101,710,412,178,843,900.52,126.79
屏東縣,屏東市,文明里,82,61878,755,495,214,1030,857.90,113.69
屏東縣,屏東市,光榮里,216,132347,613,428,225,745,686.53,112.05
屏東縣,屏東市,端正里,71,48859,688,468,291,940,671.00,97.51
屏東縣,屏東市,武廟里,112,97344,869,510,243,1090,1048.46,120.63
屏東縣,屏東市,必信里,139,80157,577,401,196,752,561.39,97.35
屏東縣,屏東市,崇禮里,74,50844,687,507,256,886,796.65,115.95
屏東縣,屏東市,崇智里,123,73159,595,386,182,734,789.10,132.67
屏東縣,屏東市,民權里,162,103108,636,468,196,861,656.97,103.22
屏東縣,屏東市,維新里,631,342183,542,418,201,714,560.15,103.29
屏東縣,屏東市,斯文里,489,369163,755,494,220,916,928.62,123.01
屏東縣,屏東市,泰安里,151,101659,673,456,201,777,754.29,112.04
屏東縣,屏東市,仁義里,247,133464,540,420,203,722,498.98,92.35
屏東縣,屏東市,三山里,317,150228,474,361,182,627,440.24,92.90
屏東縣,屏東市,海豐里,197,101122,513,403,211,647,508.79,99.12
屏東縣,屏東市,和興里,200,100862,504,372,191,664,478.72,94.93
屏東縣,屏東市,崇蘭里,4197,2923090,696,506,244,918,715.38,102.71
屏東縣,屏東市,空翔里,433,282986,654,457,232,838,722.13,110.49
屏東縣,屏東市,廣興里,565,272925,483,348,164,595,609.27,126.13
屏東縣,屏東市,潭墘里,3546,2008816,567,427,200,746,580.36,102.45
屏東縣,屏東市,明正里,216,156776,726,442,148,853,1051.83,144.92
屏東縣,屏東市,溝美里,653,366830,562,396,199,759,569.41,101.36
屏東縣,屏東市,勝利里,1500,987828,659,449,220,843,745.78,113.25
屏東縣,屏東市,永城里,482,275128,571,378,172,723,804.33,140.91
屏東縣,屏東市,北勢里,708,477658,675,430,224,830,791.06,117.25
屏東縣,屏東市,華山里,1441,919767,638,453,219,816,703.72,110.25
屏東縣,屏東市,太平里,208,129523,623,455,216,829,584.56,93.87
屏東縣,屏東市,興樂里,227,183562,809,540,237,1021,897.44,110.98
屏東縣,屏東市,大武里,2467,1448439,587,417,200,735,668.48,113.86
屏東縣,屏東市,建國里,246,159162,647,445,201,845,670.94,103.70
屏東縣,屏東市,崇武里,909,557083,613,459,216,839,553.00,90.23
屏東縣,屏東市,凌雲里,61,25986,426,298,116,559,464.58,109.05
屏東縣,屏東市,鵬程里,100,78510,785,702,552,874,489.26,62.32
屏東縣,屏東市,豐榮里,795,547423,689,457,202,916,881.48,128.01
屏東縣,屏東市,信和里,383,204195,533,363,186,675,595.48,111.69
屏東縣,屏東市,豐源里,1208,844033,699,479,226,891,787.14,112.66
屏東縣,屏東市,大連里,3306,2414165,730,497,228,954,827.20,113.28
屏東縣,屏東市,仁愛里,662,443994,671,453,200,817,1133.87,169.06
屏東縣,屏東市,中正里,1615,1113702,690,482,211,919,721.03,104.56
屏東縣,屏東市,北興里,1936,1178148,609,427,200,803,637.31,104.73
屏東縣,潮州鎮,潮州里,148,101812,688,445,182,855,739.87,107.55
屏東縣,潮州鎮,光華里,1291,782281,606,428,208,790,626.59,103.41
屏東縣,潮州鎮,三星里,1660,991874,598,436,207,790,588.05,98.42
屏東縣,潮州鎮,彭城里,186,82152,442,347,162,598,401.83,90.98
屏東縣,潮州鎮,九塊里,261,125943,483,333,164,590,614.20,127.28
屏東縣,潮州鎮,興美里,176,100994,574,438,209,671,725.09,126.36
屏東縣,潮州鎮,檨子里,45,18301,407,222,72,516,561.88,138.16
屏東縣,潮州鎮,新生里,266,169540,637,442,205,801,760.45,119.31
屏東縣,潮州鎮,新榮里,344,205868,598,431,160,815,640.29,106.99
屏東縣,潮州鎮,同榮里,154,83239,541,333,128,662,760.63,140.72
屏東縣,潮州鎮,三共里,2042,1318987,646,451,204,850,689.52,106.75
屏東縣,潮州鎮,五魁里,378,197448,522,385,181,676,535.96,102.61
屏東縣,潮州鎮,蓬萊里,640,424777,664,449,211,794,1459.92,219.96
屏東縣,潮州鎮,八爺里,610,328744,539,427,204,732,488.38,90.62
屏東縣,潮州鎮,光春里,350,176653,505,386,202,634,525.52,104.12
屏東縣,潮州鎮,泗林里,393,214251,545,413,202,699,564.28,103.51
屏東縣,潮州鎮,四春里,354,177289,501,387,185,660,463.20,92.49
屏東縣,潮州鎮,崙東里,242,106598,440,350,188,566,404.30,91.78
屏東縣,潮州鎮,永春里,2053,1158472,564,408,198,738,598.90,106.13
屏東縣,潮州鎮,三和里,575,369786,643,447,202,827,734.11,114.15
屏東縣,潮州鎮,富春里,220,105849,481,381,194,637,416.81,86.63
屏東縣,東港鎮,八德里,151,82021,543,341,170,640,723.46,133.19
屏東縣,東港鎮,東隆里,253,114181,451,345,169,514,455.80,100.99
屏東縣,東港鎮,共和里,132,88299,669,418,204,693,1038.05,155.18
屏東縣,東港鎮,豐漁里,110,51602,469,379,172,616,410.98,87.61
屏東縣,東港鎮,盛漁里,263,131613,500,350,175,622,618.26,123.55
屏東縣,東港鎮,興漁里,384,181318,472,336,187,612,483.70,102.44
屏東縣,東港鎮,鎮海里,528,240339,455,345,145,612,469.45,103.13
屏東縣,東港鎮,嘉蓮里,307,147944,482,384,185,599,443.24,91.98
屏東縣,東港鎮,南平里,208,99434,478,334,156,664,496.11,103.78
屏東縣,東港鎮,興東里,2566,1604654,625,434,207,780,754.14,120.59
屏東縣,東港鎮,興農里,381,232672,611,420,182,811,868.28,142.18
屏東縣,東港鎮,興和里,242,127937,529,410,216,669,509.95,96.46
屏東縣,東港鎮,船頭里,1302,775085,595,445,218,786,573.78,96.38
屏東縣,東港鎮,下廍里,393,184289,469,339,145,572,525.58,112.08
屏東縣,東港鎮,新勝里,557,338988,609,401,206,752,661.53,108.70
屏東縣,東港鎮,頂中里,95,51957,547,427,191,583,740.64,135.42
屏東縣,東港鎮,頂新里,121,61317,507,360,142,649,482.91,95.29
屏東縣,東港鎮,東和里,144,60271,419,331,158,574,355.89,85.03
屏東縣,東港鎮,朝安里,324,187139,578,431,190,765,544.48,94.27
屏東縣,東港鎮,興臺里,142,95178,670,454,237,796,801.80,119.62
屏東縣,東港鎮,中興里,157,77577,494,375,171,650,525.76,106.40
屏東縣,東港鎮,大潭里,318,170902,537,380,183,635,688.53,128.12
屏東縣,恆春鎮,城北里,557,293975,528,356,161,717,536.04,101.56
屏東縣,恆春鎮,城西里,238,121641,511,344,188,661,498.37,97.51
屏東縣,恆春鎮,城南里,196,98721,504,372,182,660,529.45,105.12
屏東縣,恆春鎮,山腳里,963,487052,506,366,165,646,504.90,99.83
屏東縣,恆春鎮,網紗里,725,379098,523,342,142,623,666.51,127.47
屏東縣,恆春鎮,仁壽里,165,80568,488,344,151,647,580.33,118.85
屏東縣,恆春鎮,茄湖里,72,27799,386,298,159,510,326.98,84.69
屏東縣,恆春鎮,頭溝里,70,29042,415,285,135,569,410.46,98.93
屏東縣,恆春鎮,四溝里,178,86851,488,342,186,636,446.13,91.43
屏東縣,恆春鎮,德和里,188,95737,509,361,182,641,544.17,106.86
屏東縣,恆春鎮,龍水里,190,191574,1008,344,198,629,6482.66,642.94
屏東縣,恆春鎮,山海里,235,109659,467,328,166,554,619.17,132.69
屏東縣,恆春鎮,大光里,347,164994,475,346,149,610,536.84,112.90
屏東縣,恆春鎮,水泉里,225,101685,452,337,153,565,527.11,116.63
屏東縣,恆春鎮,南灣里,349,257305,737,420,211,923,846.03,114.75
屏東縣,恆春鎮,墾丁里,219,124290,568,391,175,745,688.50,121.31
屏東縣,恆春鎮,鵝鑾里,159,78784,495,353,163,584,589.68,119.01
屏東縣,萬丹鄉,萬安村,180,119830,666,446,203,790,727.12,109.22
屏東縣,萬丹鄉,萬全村,877,524740,598,425,200,775,616.07,102.96
屏東縣,萬丹鄉,萬惠村,210,136034,648,463,240,915,587.38,90.68
屏東縣,萬丹鄉,萬後村,183,111064,607,418,221,770,603.16,99.38
屏東縣,萬丹鄉,萬生村,371,212873,574,418,237,742,560.69,97.72
屏東縣,萬丹鄉,寶厝村,547,311443,569,398,191,727,603.03,105.91
屏東縣,萬丹鄉,四維村,484,258811,535,407,199,680,545.59,102.03
屏東縣,萬丹鄉,竹林村,323,202316,626,377,195,758,819.43,130.82
屏東縣,萬丹鄉,廣安村,598,311423,521,374,195,663,527.05,101.21
屏東縣,萬丹鄉,田厝村,226,137320,608,435,230,705,781.12,128.56
屏東縣,萬丹鄉,崙頂村,431,227586,528,381,186,682,561.37,106.31
屏東縣,萬丹鄉,社上村,398,218180,548,370,197,636,653.30,119.17
屏東縣,萬丹鄉,社中村,355,200304,564,411,205,727,528.52,93.67
屏東縣,萬丹鄉,社皮村,465,239763,516,364,187,681,519.18,100.69
屏東縣,萬丹鄉,磚寮村,219,158760,725,418,244,644,2852.72,393.52
屏東縣,萬丹鄉,社口村,377,208055,552,425,192,702,532.77,96.54
屏東縣,萬丹鄉,加興村,288,166963,580,361,201,721,692.36,119.43
屏東縣,萬丹鄉,上村村,196,108532,554,373,195,742,641.91,115.92
屏東縣,萬丹鄉,厦南村,299,163420,547,396,207,695,617.20,112.92
屏東縣,萬丹鄉,厦北村,347,189712,547,407,199,697,607.78,111.17
屏東縣,萬丹鄉,新庄村,542,326810,603,439,226,765,641.74,106.43
屏東縣,萬丹鄉,新鐘村,474,252724,533,419,200,698,460.96,86.46
屏東縣,萬丹鄉,水泉村,498,294357,591,436,225,743,569.08,96.28
屏東縣,萬丹鄉,香社村,341,184366,541,427,224,677,506.59,93.70
屏東縣,萬丹鄉,灣內村,260,143166,551,437,220,704,504.41,91.60
屏東縣,萬丹鄉,後村村,206,99883,485,395,178,700,412.35,85.04
屏東縣,萬丹鄉,水仙村,108,62962,583,464,245,699,554.19,95.06
屏東縣,萬丹鄉,興安村,168,88917,529,389,197,653,484.77,91.59
屏東縣,萬丹鄉,興全村,199,110575,556,372,179,681,644.12,115.92
屏東縣,萬丹鄉,甘棠村,57,28492,500,325,198,620,460.55,92.14
屏東縣,長治鄉,進興村,754,442931,587,442,225,777,550.99,93.80
屏東縣,長治鄉,新潭村,1083,651295,601,434,184,808,586.87,97.59
屏東縣,長治鄉,長興村,290,198986,686,451,201,881,870.81,126.91
屏東縣,長治鄉,潭頭村,589,378328,642,457,236,870,626.73,97.57
屏東縣,長治鄉,香楊村,822,570896,695,468,204,941,759.87,109.41
屏東縣,長治鄉,德協村,273,149145,546,397,196,676,530.23,97.05
屏東縣,長治鄉,德成村,216,123893,574,433,213,835,507.17,88.42
屏東縣,長治鄉,復興村,310,147706,476,361,178,632,475.68,99.83
屏東縣,長治鄉,崙上村,417,239190,574,418,189,791,565.68,98.62
屏東縣,長治鄉,德榮村,293,155901,532,371,162,681,567.62,106.68
屏東縣,長治鄉,德和村,171,76151,445,300,161,533,594.32,133.46
屏東縣,長治鄉,繁隆村,228,125875,552,464,193,775,478.98,86.76
屏東縣,長治鄉,繁華村,481,244837,509,388,184,635,536.19,105.34
屏東縣,長治鄉,繁昌村,359,176059,490,368,176,611,500.72,102.10
屏東縣,長治鄉,繁榮村,264,146874,556,362,179,665,910.38,163.64
屏東縣,長治鄉,榮華村,158,74948,474,373,148,638,485.77,102.41
屏東縣,麟洛鄉,新田村,600,347137,579,418,189,748,578.98,100.07
屏東縣,麟洛鄉,麟頂村,262,175431,670,390,181,802,937.12,139.96
屏東縣,麟洛鄉,麟蹄村,414,223619,540,387,170,686,618.26,114.46
屏東縣,麟洛鄉,麟趾村,695,405181,583,446,220,780,543.09,93.16
屏東縣,麟洛鄉,田心村,214,140311,656,493,282,911,551.78,84.16
屏東縣,麟洛鄉,田中村,304,180398,593,418,222,797,565.99,95.38
屏東縣,麟洛鄉,田道村,175,97125,555,393,194,675,573.57,103.34
屏東縣,九如鄉,九清村,331,188151,568,407,200,777,554.51,97.55
屏東縣,九如鄉,九塊村,331,164627,497,386,191,641,485.72,97.66
屏東縣,九如鄉,九明村,382,208372,545,399,199,685,600.18,110.03
屏東縣,九如鄉,玉水村,231,109830,475,365,170,656,431.46,90.75
屏東縣,九如鄉,玉泉村,377,200285,531,358,174,691,685.87,129.10
屏東縣,九如鄉,東寧村,1093,633929,580,432,218,726,626.61,108.04
屏東縣,九如鄉,大坵村,203,94497,466,356,194,555,450.54,96.79
屏東縣,九如鄉,三塊村,293,134919,460,341,167,606,442.22,96.04
屏東縣,九如鄉,後庄村,362,194934,538,407,191,711,511.20,94.93
屏東縣,九如鄉,耆老村,263,147910,562,404,190,745,538.46,95.74
屏東縣,九如鄉,洽興村,275,135932,494,378,193,696,425.53,86.09
屏東縣,里港鄉,玉田村,808,446314,552,415,202,736,522.08,94.52
屏東縣,里港鄉,大平村,272,149447,549,385,158,657,680.57,123.87
屏東縣,里港鄉,永春村,197,113625,577,441,231,746,642.84,111.45
屏東縣,里港鄉,春林村,314,190216,606,446,258,727,607.94,100.36
屏東縣,里港鄉,過江村,474,272327,575,386,208,657,946.36,164.72
屏東縣,里港鄉,鐵店村,310,169801,548,407,197,692,509.34,92.99
屏東縣,里港鄉,塔樓村,345,193980,562,414,214,695,611.78,108.81
屏東縣,里港鄉,潮厝村,337,172327,511,361,180,692,487.07,95.25
屏東縣,里港鄉,茄苳村,306,162659,532,387,180,689,566.55,106.58
屏東縣,里港鄉,載興村,445,236232,531,407,211,691,508.50,95.79
屏東縣,里港鄉,土庫村,365,210274,576,392,181,735,684.54,118.82
屏東縣,里港鄉,三廍村,375,193333,516,348,171,621,640.25,124.19
屏東縣,里港鄉,中和村,191,109333,572,391,135,682,1052.14,183.80
屏東縣,里港鄉,瀰力村,101,51231,507,330,160,717,520.12,102.54
屏東縣,鹽埔鄉,鹽北村,363,197591,544,423,225,663,594.80,109.27
屏東縣,鹽埔鄉,鹽中村,431,231277,537,415,196,656,532.36,99.21
屏東縣,鹽埔鄉,鹽南村,346,191522,554,422,210,670,579.71,104.73
屏東縣,鹽埔鄉,仕絨村,212,100253,473,291,130,632,514.83,108.87
屏東縣,鹽埔鄉,高朗村,499,253015,507,377,187,673,493.61,97.35
屏東縣,鹽埔鄉,振興村,276,141064,511,378,207,616,502.57,98.33
屏東縣,鹽埔鄉,久愛村,157,76993,490,342,167,522,600.08,122.36
屏東縣,鹽埔鄉,新圍村,587,270344,461,365,177,609,393.67,85.48
屏東縣,鹽埔鄉,新二村,783,422294,539,392,195,678,772.16,143.17
屏東縣,鹽埔鄉,彭厝村,204,109720,538,420,202,672,493.49,91.75
屏東縣,鹽埔鄉,洛陽村,352,156003,443,301,156,593,448.50,101.20
屏東縣,鹽埔鄉,永隆村,83,37533,452,368,191,584,405.16,89.60
屏東縣,高樹鄉,高樹村,381,210422,552,371,177,656,748.47,135.52
屏東縣,高樹鄉,長榮村,226,119897,531,392,191,688,569.85,107.41
屏東縣,高樹鄉,東振村,73,31618,433,334,137,544,422.80,97.62
屏東縣,高樹鄉,東興村,128,66275,518,366,175,726,477.39,92.20
屏東縣,高樹鄉,大埔村,91,39780,437,360,192,579,366.08,83.75
屏東縣,高樹鄉,源泉村,153,70236,459,317,163,548,466.00,101.51
屏東縣,高樹鄉,建興村,158,75793,480,366,179,594,485.62,101.23
屏東縣,高樹鄉,舊寮村,166,78225,471,307,133,655,530.97,112.68
屏東縣,高樹鄉,司馬村,75,38010,507,373,176,661,460.46,90.86
屏東縣,高樹鄉,菜寮村,90,43570,484,368,183,586,500.48,103.38
屏東縣,高樹鄉,新豐村,212,113962,538,348,151,614,746.96,138.95
屏東縣,高樹鄉,田子村,156,74648,479,361,197,518,566.92,118.47
屏東縣,高樹鄉,舊庄村,146,64079,439,366,162,596,367.87,83.82
屏東縣,高樹鄉,鹽樹村,163,76120,467,333,165,580,508.36,108.86
屏東縣,高樹鄉,新南村,275,127878,465,372,169,585,562.65,121.00
屏東縣,高樹鄉,泰山村,268,137584,513,394,210,662,627.10,122.15
屏東縣,高樹鄉,南華村,194,73148,377,300,134,491,358.67,95.12
屏東縣,高樹鄉,廣興村,176,76003,432,328,198,508,413.90,95.85
屏東縣,高樹鄉,廣福村,158,85976,544,401,198,723,536.25,98.55
屏東縣,萬巒鄉,萬巒村,306,188003,614,434,228,790,667.24,108.60
屏東縣,萬巒鄉,萬全村,180,108139,601,407,213,651,911.73,151.76
屏東縣,萬巒鄉,萬和村,435,248555,571,433,209,737,593.77,103.92
屏東縣,萬巒鄉,鹿寮村,200,111686,558,431,210,851,456.00,81.66
屏東縣,萬巒鄉,硫黃村,114,64274,564,438,243,750,519.81,92.20
屏東縣,萬巒鄉,泗溝村,241,144276,599,446,214,710,602.74,100.68
屏東縣,萬巒鄉,佳佐村,311,143687,462,377,188,615,403.74,87.39
屏東縣,萬巒鄉,佳和村,275,161994,589,388,186,713,735.73,124.90
屏東縣,萬巒鄉,新厝村,195,102284,525,333,149,524,1466.36,279.55
屏東縣,萬巒鄉,新置村,181,91429,505,375,190,651,494.10,97.82
屏東縣,萬巒鄉,赤山村,277,121542,439,382,185,582,393.48,89.68
屏東縣,萬巒鄉,萬金村,307,126732,413,326,164,503,433.63,105.05
屏東縣,萬巒鄉,五溝村,236,139725,592,452,226,736,554.63,93.68
屏東縣,萬巒鄉,成德村,261,148761,570,404,169,706,638.47,112.02
屏東縣,內埔鄉,內埔村,1147,684797,597,427,217,739,604.63,101.27
屏東縣,內埔鄉,興南村,279,151161,542,386,210,680,545.33,100.65
屏東縣,內埔鄉,義亭村,116,59995,517,366,175,621,580.94,112.32
屏東縣,內埔鄉,美和村,560,343115,613,410,224,735,745.04,121.60
屏東縣,內埔鄉,和興村,820,467036,570,406,199,759,550.74,96.70
屏東縣,內埔鄉,豐田村,845,459267,544,435,218,703,506.77,93.24
屏東縣,內埔鄉,竹圍村,464,237925,513,367,196,686,497.53,97.03
屏東縣,內埔鄉,富田村,453,247752,547,389,193,711,590.93,108.05
屏東縣,內埔鄉,東勢村,619,327443,529,377,199,652,701.90,132.69
屏東縣,內埔鄉,東片村,245,130943,534,396,177,710,485.50,90.84
屏東縣,內埔鄉,東寧村,1182,664895,563,420,207,766,540.01,96.00
屏東縣,內埔鄉,上樹村,245,125277,511,360,185,623,523.66,102.41
屏東縣,內埔鄉,老埤村,387,186883,483,354,185,568,562.98,116.58
屏東縣,內埔鄉,中林村,283,117223,414,311,151,520,401.80,97.00
屏東縣,內埔鄉,龍泉村,463,220295,476,354,158,597,565.17,118.78
屏東縣,內埔鄉,建興村,181,89630,495,361,177,677,444.87,89.84
屏東縣,內埔鄉,大新村,331,164388,497,381,198,645,461.02,92.83
屏東縣,內埔鄉,黎明村,452,222823,493,390,202,617,461.67,93.65
屏東縣,內埔鄉,隘寮村,197,77597,394,321,155,521,349.08,88.62
屏東縣,內埔鄉,龍潭村,430,206764,481,390,168,625,460.65,95.80
屏東縣,內埔鄉,內田村,871,473363,543,412,221,697,557.64,102.61
屏東縣,內埔鄉,水門村,152,74980,493,348,176,633,538.04,109.07
屏東縣,內埔鄉,振豐村,381,208691,548,411,205,711,523.98,95.66
屏東縣,竹田鄉,竹田村,368,199867,543,401,171,700,601.38,110.73
屏東縣,竹田鄉,竹南村,191,97373,510,347,175,591,680.02,133.39
屏東縣,竹田鄉,糶糴村,161,93039,578,392,217,850,502.51,86.96
屏東縣,竹田鄉,二崙村,199,110752,557,411,211,712,572.64,102.89
屏東縣,竹田鄉,美崙村,158,71981,456,366,162,659,396.43,87.02
屏東縣,竹田鄉,頭崙村,300,157423,525,412,224,667,588.64,112.18
屏東縣,竹田鄉,履豐村,143,81796,572,407,221,725,614.45,107.42
屏東縣,竹田鄉,泗洲村,223,103749,465,337,186,616,388.68,83.54
屏東縣,竹田鄉,大湖村,234,114062,487,366,162,674,431.45,88.51
屏東縣,竹田鄉,鳳明村,238,118310,497,338,175,581,691.95,139.20
屏東縣,竹田鄉,南勢村,114,53128,466,358,240,693,345.39,74.11
屏東縣,竹田鄉,六巷村,173,91698,530,396,200,751,485.41,91.58
屏東縣,竹田鄉,西勢村,591,332377,562,392,197,716,620.67,110.36
屏東縣,竹田鄉,福田村,109,55685,511,371,241,659,435.90,85.32
屏東縣,竹田鄉,永豐村,187,110063,589,461,190,802,600.23,101.98
屏東縣,新埤鄉,新埤村,412,228102,554,422,203,721,536.99,96.99
屏東縣,新埤鄉,建功村,207,109404,529,393,168,671,569.74,107.80
屏東縣,新埤鄉,打鐵村,191,117361,614,453,241,925,534.20,86.94
屏東縣,新埤鄉,南豐村,131,55301,422,343,166,542,374.18,88.64
屏東縣,新埤鄉,餉潭村,165,64548,391,316,144,531,352.22,90.03
屏東縣,新埤鄉,箕湖村,115,51694,450,357,197,570,393.56,87.55
屏東縣,新埤鄉,萬隆村,247,93395,378,282,115,499,414.15,109.53
屏東縣,枋寮鄉,枋寮村,269,137206,510,407,213,679,413.94,81.16
屏東縣,枋寮鄉,保生村,159,77720,489,402,208,649,418.44,85.60
屏東縣,枋寮鄉,中寮村,104,40904,393,360,148,571,305.40,77.65
屏東縣,枋寮鄉,安樂村,306,158340,517,407,197,681,464.76,89.82
屏東縣,枋寮鄉,天時村,402,222489,553,394,207,690,597.20,107.90
屏東縣,枋寮鄉,地利村,289,159189,551,407,218,821,498.77,90.55
屏東縣,枋寮鄉,人和村,417,221375,531,392,197,676,527.81,99.42
屏東縣,枋寮鄉,內寮村,96,40571,423,356,135,566,411.28,97.32
屏東縣,枋寮鄉,新開村,126,46092,366,275,122,464,379.71,103.80
屏東縣,枋寮鄉,東海村,578,292071,505,376,199,643,503.60,99.66
屏東縣,枋寮鄉,大庄村,98,49835,509,434,192,690,427.25,84.02
屏東縣,枋寮鄉,太源村,144,66957,465,358,214,536,476.41,102.46
屏東縣,枋寮鄉,玉泉村,47,22015,468,387,171,636,432.32,92.30
屏東縣,枋寮鄉,新龍村,136,72551,533,394,207,569,737.64,138.27
屏東縣,枋寮鄉,隆山村,784,415408,530,412,205,671,548.90,103.59
屏東縣,新園鄉,內庄村,194,105988,546,425,185,742,493.20,90.28
屏東縣,新園鄉,瓦磘村,352,196158,557,429,195,683,542.22,97.30
屏東縣,新園鄉,田洋村,480,237944,496,359,183,621,539.87,108.91
屏東縣,新園鄉,仙吉村,616,359976,584,436,205,723,688.53,117.82
屏東縣,新園鄉,港墘村,133,75295,566,366,214,588,615.59,108.74
屏東縣,新園鄉,新東村,535,297736,557,384,196,688,578.80,104.01
屏東縣,新園鄉,新園村,514,274116,533,373,225,652,599.98,112.50
屏東縣,新園鄉,烏龍村,283,169367,598,442,224,784,536.48,89.64
屏東縣,新園鄉,興龍村,538,301423,560,412,211,779,509.15,90.88
屏東縣,新園鄉,南龍村,303,162968,538,400,190,671,635.52,118.16
屏東縣,新園鄉,中洲村,360,179458,498,394,205,657,455.14,91.30
屏東縣,新園鄉,鹽埔村,788,370517,470,338,176,597,474.00,100.81
屏東縣,新園鄉,共和村,402,180492,449,337,159,550,503.90,112.23
屏東縣,新園鄉,五房村,552,262442,475,357,199,660,446.06,93.82
屏東縣,新園鄉,港西村,473,234451,496,349,190,639,482.94,97.43
屏東縣,崁頂鄉,崁頂村,478,249764,523,382,173,670,665.14,127.29
屏東縣,崁頂鄉,園寮村,467,251108,538,398,191,655,627.16,116.64
屏東縣,崁頂鄉,力社村,296,156094,527,381,205,686,501.87,95.17
屏東縣,崁頂鄉,圍內村,264,148358,562,454,235,748,470.84,83.78
屏東縣,崁頂鄉,洲子村,214,96038,449,299,148,575,456.11,101.63
屏東縣,崁頂鄉,北勢村,300,150758,503,360,206,603,491.21,97.75
屏東縣,崁頂鄉,越溪村,232,109231,471,376,177,585,528.78,112.31
屏東縣,崁頂鄉,港東村,404,217346,538,403,197,701,542.86,100.91
屏東縣,林邊鄉,林邊村,356,213375,599,469,222,830,528.72,88.21
屏東縣,林邊鄉,光林村,275,153292,557,374,161,748,712.19,127.76
屏東縣,林邊鄉,仁和村,398,225054,565,403,192,700,646.03,114.25
屏東縣,林邊鄉,中林村,166,88620,534,404,165,725,525.59,98.45
屏東縣,林邊鄉,永樂村,674,393495,584,415,199,738,1069.92,183.26
屏東縣,林邊鄉,田厝村,158,83439,528,430,206,682,440.45,83.40
屏東縣,林邊鄉,崎峰村,210,94326,449,340,154,580,483.23,107.58
屏東縣,林邊鄉,水利村,291,144771,497,371,184,613,506.87,101.88
屏東縣,林邊鄉,竹林村,349,178006,510,409,191,670,475.45,93.22
屏東縣,林邊鄉,鎮安村,218,110125,505,372,196,697,460.26,91.11
屏東縣,南州鄉,溪州村,372,205562,553,397,232,696,621.55,112.48
屏東縣,南州鄉,溪南村,254,124838,491,376,171,649,437.64,89.04
屏東縣,南州鄉,仁里村,142,87528,616,428,201,787,695.78,112.88
屏東縣,南州鄉,溪北村,196,105721,539,454,235,669,437.97,81.20
屏東縣,南州鄉,七塊村,188,108209,576,440,226,734,519.12,90.19
屏東縣,南州鄉,萬華村,196,107079,546,414,201,756,505.67,92.56
屏東縣,南州鄉,米崙村,240,141516,590,409,184,665,1003.77,170.23
屏東縣,南州鄉,壽元村,184,89533,487,381,224,619,399.99,82.20
屏東縣,南州鄉,同安村,217,117905,543,404,248,712,510.68,93.99
屏東縣,南州鄉,南安村,98,46497,474,339,191,649,430.19,90.67
屏東縣,佳冬鄉,佳冬村,337,187970,558,432,210,745,525.49,94.21
屏東縣,佳冬鄉,六根村,257,124377,484,401,181,636,421.00,86.99
屏東縣,佳冬鄉,賴家村,139,63923,460,360,213,578,401.18,87.24
屏東縣,佳冬鄉,萬建村,397,196260,494,374,193,646,468.75,94.82
屏東縣,佳冬鄉,石光村,378,211663,560,363,175,668,858.82,153.37
屏東縣,佳冬鄉,玉光村,390,173609,445,354,180,588,420.38,94.44
屏東縣,佳冬鄉,昌隆村,175,85994,491,384,197,648,453.64,92.32
屏東縣,佳冬鄉,豐隆村,142,62802,442,315,152,618,407.51,92.14
屏東縣,佳冬鄉,大同村,186,105573,568,405,200,770,584.98,103.06
屏東縣,佳冬鄉,羗園村,194,94551,487,383,208,585,439.86,90.25
屏東縣,佳冬鄉,燄溫村,150,64125,428,310,158,508,428.68,100.28
屏東縣,佳冬鄉,塭豐村,326,126717,389,304,149,519,363.92,93.62
屏東縣,琉球鄉,本福村,365,221476,607,445,205,803,594.97,98.05
屏東縣,琉球鄉,中福村,225,123567,549,345,189,774,519.45,94.58
屏東縣,琉球鄉,漁福村,174,89412,514,381,183,656,566.53,110.25
屏東縣,琉球鄉,大福村,308,160111,520,372,147,627,622.69,119.78
屏東縣,琉球鄉,南福村,180,84135,467,394,161,657,404.74,86.59
屏東縣,琉球鄉,天福村,145,61240,422,374,158,550,396.61,93.91
屏東縣,琉球鄉,上福村,232,123269,531,359,174,626,553.07,104.09
屏東縣,琉球鄉,杉福村,133,71200,535,408,157,730,520.53,97.23
屏東縣,車城鄉,福興村,272,132081,486,360,190,635,479.69,98.78
屏東縣,車城鄉,福安村,98,46214,472,416,149,664,434.74,92.19
屏東縣,車城鄉,統埔村,82,36183,441,325,207,486,460.13,104.28
屏東縣,車城鄉,田中村,104,41641,400,328,178,561,301.09,75.20
屏東縣,車城鄉,海口村,113,63955,566,408,213,731,615.39,108.73
屏東縣,車城鄉,溫泉村,120,51304,428,268,114,437,632.81,148.02
屏東縣,車城鄉,保力村,172,75518,439,344,208,534,394.96,89.96
屏東縣,車城鄉,新街村,58,18802,324,288,158,444,247.87,76.46
屏東縣,車城鄉,埔墘村,82,34892,426,294,119,539,424.25,99.70
屏東縣,車城鄉,射寮村,72,25667,356,205,115,468,370.42,103.91
屏東縣,車城鄉,後灣村,71,31739,447,281,159,567,471.05,105.37
屏東縣,滿州鄉,滿州村,252,123636,491,373,166,613,520.44,106.08
屏東縣,滿州鄉,里德村,59,29117,494,341,196,643,653.56,132.43
屏東縣,滿州鄉,永靖村,201,93388,465,353,130,599,485.09,104.41
屏東縣,滿州鄉,港口村,215,89638,417,297,168,561,406.47,97.49
屏東縣,滿州鄉,响林村,89,45038,506,358,193,552,647.98,128.05
屏東縣,滿州鄉,長樂村,170,69964,412,307,149,528,362.71,88.13
屏東縣,滿州鄉,九棚村,47,19200,409,348,179,496,386.73,94.67
屏東縣,滿州鄉,港仔村,46,23746,516,377,259,621,413.39,80.08
屏東縣,枋山鄉,枋山村,146,71100,487,379,150,698,460.11,94.48
屏東縣,枋山鄉,加祿村,262,123989,473,402,184,629,406.13,85.82
屏東縣,枋山鄉,楓港村,131,64570,493,326,191,517,628.88,127.59
屏東縣,枋山鄉,善餘村,104,43904,422,346,203,560,345.45,81.83
屏東縣,三地門鄉,三地村,339,158505,468,369,190,590,457.16,97.77
屏東縣,三地門鄉,賽嘉村,122,60477,496,415,262,671,379.19,76.49
屏東縣,三地門鄉,口社村,91,46959,516,441,230,652,398.65,77.25
屏東縣,三地門鄉,安坡村,58,25629,442,398,238,549,321.55,72.77
屏東縣,三地門鄉,青山村,117,66964,572,438,309,658,592.73,103.56
屏東縣,三地門鄉,達來村,47,18818,400,402,160,522,293.71,73.36
屏東縣,三地門鄉,青葉村,94,39799,423,404,243,597,274.60,64.86
屏東縣,三地門鄉,德文村,76,27250,359,343,118,502,293.17,81.76
屏東縣,三地門鄉,大社村,96,41441,432,370,205,569,366.54,84.91
屏東縣,三地門鄉,馬兒村,32,12159,380,368,163,591,276.19,72.69
屏東縣,霧臺鄉,霧臺村,247,122723,497,421,217,686,374.73,75.42
屏東縣,霧臺鄉,好茶村,74,34527,467,440,208,583,391.86,83.99
屏東縣,霧臺鄉,阿禮村,53,24489,462,392,248,605,357.98,77.48
屏東縣,霧臺鄉,大武村,66,30843,467,434,161,588,417.04,89.24
屏東縣,霧臺鄉,吉露村,41,20235,494,478,358,623,238.77,48.38
屏東縣,霧臺鄉,佳暮村,59,23868,405,393,154,530,322.68,79.76
屏東縣,瑪家鄉,瑪家村,81,43813,541,457,222,791,467.91,86.51
屏東縣,瑪家鄉,北葉村,189,93850,497,409,221,679,381.86,76.90
屏東縣,瑪家鄉,凉山村,162,69418,429,386,177,572,338.03,78.89
屏東縣,瑪家鄉,排灣村,90,47802,531,464,238,730,351.39,66.16
屏東縣,瑪家鄉,三和村,441,233642,530,437,236,680,513.70,96.96
屏東縣,瑪家鄉,佳義村,160,79768,499,437,229,684,368.39,73.89
屏東縣,泰武鄉,佳平村,164,89577,546,466,237,661,536.45,98.22
屏東縣,泰武鄉,武潭村,199,101926,512,467,203,726,387.41,75.64
屏東縣,泰武鄉,佳興村,65,32675,503,419,156,604,443.34,88.19
屏東縣,泰武鄉,泰武村,92,43019,468,435,164,598,409.17,87.50
屏東縣,泰武鄉,平和村,127,54645,430,354,157,627,351.61,81.72
屏東縣,泰武鄉,萬安村,131,65422,499,396,245,668,386.77,77.45
屏東縣,來義鄉,丹林村,147,79661,542,465,227,764,425.36,78.49
屏東縣,來義鄉,來義村,163,70725,434,399,229,575,329.61,75.97
屏東縣,來義鄉,古樓村,206,90247,438,311,113,609,435.90,99.50
屏東縣,來義鄉,望嘉村,172,83753,487,409,218,687,407.10,83.61
屏東縣,來義鄉,文樂村,159,91967,578,428,178,795,730.72,126.33
屏東縣,來義鄉,義林村,116,59171,510,444,245,680,383.57,75.20
屏東縣,來義鄉,南和村,195,97853,502,413,159,618,567.31,113.05
屏東縣,春日鄉,春日村,126,68669,545,484,300,716,343.64,63.05
屏東縣,春日鄉,古華村,108,55373,513,402,224,628,713.04,139.07
屏東縣,春日鄉,士文村,29,14450,498,428,237,677,347.82,69.81
屏東縣,春日鄉,力里村,70,35579,508,382,273,759,348.47,68.56
屏東縣,春日鄉,七佳村,184,94867,516,452,262,625,398.18,77.23
屏東縣,春日鄉,歸崇村,109,56039,514,414,219,713,390.30,75.92
屏東縣,獅子鄉,楓林村,137,69905,510,405,197,722,424.13,83.12
屏東縣,獅子鄉,丹路村,117,61803,528,424,233,699,424.54,80.37
屏東縣,獅子鄉,草埔村,126,65008,516,392,169,699,482.83,93.58
屏東縣,獅子鄉,內文村,37,16294,440,342,218,618,339.46,77.08
屏東縣,獅子鄉,竹坑村,51,23819,467,453,232,684,267.74,57.33
屏東縣,獅子鄉,獅子村,57,26642,467,413,133,628,371.64,79.51
屏東縣,獅子鄉,內獅村,96,49191,512,419,271,669,411.46,80.30
屏東縣,獅子鄉,南世村,58,32702,564,490,341,723,367.07,65.10
屏東縣,牡丹鄉,石門村,346,181662,525,415,176,720,450.85,85.87
屏東縣,牡丹鄉,牡丹村,128,58970,461,419,206,641,312.59,67.85
屏東縣,牡丹鄉,東源村,75,44024,587,513,300,715,401.23,68.35
屏東縣,牡丹鄉,旭海村,60,37912,632,428,276,702,788.45,124.78
屏東縣,牡丹鄉,高士村,131,63443,484,382,198,587,557.52,115.12
屏東縣,牡丹鄉,四林村,75,32336,431,375,199,592,326.73,75.78
花蓮縣,花蓮市,民意里,494,267329,541,369,183,704,593.83,109.73
花蓮縣,花蓮市,民政里,1261,894500,709,451,220,866,882.51,124.41
花蓮縣,花蓮市,民運里,629,335197,533,372,189,652,579.62,108.77
花蓮縣,花蓮市,民樂里,194,117142,604,404,205,732,594.92,98.53
花蓮縣,花蓮市,民立里,553,506786,916,551,242,1095,1576.62,172.04
花蓮縣,花蓮市,民勤里,1122,885420,789,498,235,1009,906.79,114.91
花蓮縣,花蓮市,民德里,583,416645,715,489,209,910,787.38,110.18
花蓮縣,花蓮市,民權里,129,75155,583,328,120,837,658.36,113.00
花蓮縣,花蓮市,民有里,174,111069,638,439,188,807,765.19,119.87
花蓮縣,花蓮市,民主里,177,97823,553,389,186,717,613.07,110.93
花蓮縣,花蓮市,民族里,140,75553,540,380,201,679,653.17,121.03
花蓮縣,花蓮市,民生里,391,250874,642,418,205,814,780.04,121.57
花蓮縣,花蓮市,主商里,195,144894,743,462,172,974,870.85,117.20
花蓮縣,花蓮市,主勤里,245,146417,598,371,159,795,688.02,115.13
花蓮縣,花蓮市,主工里,180,113831,632,455,183,780,641.79,101.49
花蓮縣,花蓮市,主睦里,156,93733,601,416,195,770,666.06,110.85
花蓮縣,花蓮市,主義里,131,81103,619,463,207,763,709.26,114.56
花蓮縣,花蓮市,主計里,229,154896,676,421,173,757,855.32,126.45
花蓮縣,花蓮市,主信里,217,140777,649,441,202,810,701.25,108.09
花蓮縣,花蓮市,主和里,815,422978,519,381,163,668,572.79,110.37
花蓮縣,花蓮市,主學里,597,342128,573,404,192,775,610.05,106.45
花蓮縣,花蓮市,主農里,1139,686258,603,425,210,804,600.32,99.64
花蓮縣,花蓮市,主力里,944,538925,571,404,198,763,563.92,98.78
花蓮縣,花蓮市,主權里,1655,974501,589,392,198,755,738.74,125.46
花蓮縣,花蓮市,國治里,278,201190,724,414,180,969,952.74,131.65
花蓮縣,花蓮市,國風里,1086,675852,622,405,195,805,718.25,115.41
花蓮縣,花蓮市,國威里,477,331023,694,415,195,887,815.86,117.56
花蓮縣,花蓮市,國安里,190,141055,742,486,214,1039,796.13,107.24
花蓮縣,花蓮市,國華里,758,524067,691,451,204,865,790.80,114.38
花蓮縣,花蓮市,國魂里,587,357958,610,403,192,812,649.64,106.53
花蓮縣,花蓮市,國聯里,974,562036,577,406,172,762,636.62,110.33
花蓮縣,花蓮市,國富里,1638,1008454,616,398,201,771,741.15,120.38
花蓮縣,花蓮市,國慶里,360,331211,920,443,193,990,1397.02,151.84
花蓮縣,花蓮市,國福里,366,167328,457,379,179,581,427.54,93.52
花蓮縣,花蓮市,國強里,577,392712,681,475,218,854,781.07,114.76
花蓮縣,花蓮市,國防里,252,150884,599,430,218,754,608.06,101.55
花蓮縣,花蓮市,國光里,364,214524,589,366,180,819,622.89,105.69
花蓮縣,花蓮市,民心里,299,208569,698,427,209,860,828.54,118.78
花蓮縣,花蓮市,民享里,1029,756671,735,501,249,922,874.39,118.91
花蓮縣,花蓮市,國裕里,1471,873535,594,420,197,764,664.75,111.94
花蓮縣,花蓮市,國盛里,1128,610696,541,355,169,661,685.13,126.55
花蓮縣,花蓮市,主安里,809,462267,571,387,185,722,688.32,120.46
花蓮縣,花蓮市,國興里,1477,1219309,826,523,236,1097,925.89,112.16
花蓮縣,花蓮市,民孝里,1128,724158,642,484,241,858,618.35,96.32
花蓮縣,光復鄉,大安村,232,138302,596,381,198,796,649.93,109.03
花蓮縣,光復鄉,大全村,143,70657,494,369,191,675,438.62,88.77
花蓮縣,光復鄉,大平村,183,84548,462,336,200,533,482.25,104.38
花蓮縣,光復鄉,大馬村,190,74218,391,311,139,532,343.59,87.96
花蓮縣,光復鄉,大進村,105,57998,552,388,228,751,489.80,88.67
花蓮縣,光復鄉,大同村,236,108938,462,337,144,554,536.18,116.16
花蓮縣,光復鄉,東富村,199,73219,368,311,173,486,295.29,80.26
花蓮縣,光復鄉,西富村,172,83722,487,372,176,585,540.53,111.05
花蓮縣,光復鄉,南富村,157,71178,453,357,189,596,494.43,109.06
花蓮縣,光復鄉,北富村,143,72842,509,412,239,616,449.85,88.31
花蓮縣,光復鄉,大富村,69,33906,491,312,152,676,485.39,98.78
花蓮縣,光復鄉,大豐村,64,30479,476,323,156,599,629.51,132.18
花蓮縣,光復鄉,大興村,83,33751,407,297,198,508,351.47,86.43
花蓮縣,光復鄉,大華村,289,142944,495,361,189,657,474.14,95.86
花蓮縣,玉里鎮,中城里,1572,978563,622,408,194,849,686.70,110.31
花蓮縣,玉里鎮,國武里,351,218241,622,386,185,815,728.34,117.14
花蓮縣,玉里鎮,啟模里,344,202644,589,371,170,608,918.37,155.90
花蓮縣,玉里鎮,泰昌里,247,156526,634,420,188,757,880.55,138.95
花蓮縣,玉里鎮,源城里,240,110291,460,346,184,592,467.03,101.63
花蓮縣,玉里鎮,長良里,84,34373,409,305,145,500,455.36,111.28
花蓮縣,玉里鎮,樂合里,147,66757,454,358,186,659,426.93,94.01
花蓮縣,玉里鎮,觀音里,236,87206,370,309,163,496,312.65,84.61
花蓮縣,玉里鎮,松浦里,230,89873,391,337,170,489,350.46,89.69
花蓮縣,玉里鎮,春日里,129,51464,399,297,126,536,424.21,106.33
花蓮縣,玉里鎮,德武里,112,48421,432,347,191,549,562.63,130.14
花蓮縣,玉里鎮,三民里,135,70878,525,386,196,624,542.28,103.29
花蓮縣,玉里鎮,大禹里,213,100940,474,357,191,625,477.17,100.69
花蓮縣,玉里鎮,東豐里,68,25081,369,303,83,565,346.33,93.90
花蓮縣,玉里鎮,永昌里,272,131903,485,353,160,660,464.88,95.86
花蓮縣,新城鄉,新城村,346,206363,596,393,172,706,907.84,152.21
花蓮縣,新城鄉,順安村,203,74001,365,306,120,492,325.47,89.28
花蓮縣,新城鄉,康樂村,731,441577,604,459,229,862,520.64,86.19
花蓮縣,新城鄉,北埔村,1196,639608,535,402,187,704,578.01,108.08
花蓮縣,新城鄉,佳林村,264,170020,644,363,184,725,867.83,134.75
花蓮縣,新城鄉,嘉里村,1268,809986,639,507,259,810,600.73,94.04
花蓮縣,新城鄉,嘉新村,232,101944,439,347,150,594,384.71,87.55
花蓮縣,新城鄉,大漢村,652,297511,456,349,172,577,456.80,100.11
花蓮縣,吉安鄉,仁里村,1931,1037167,537,376,182,687,571.83,106.46
花蓮縣,吉安鄉,東昌村,1676,917695,548,398,204,725,538.99,98.44
花蓮縣,吉安鄉,南昌村,1239,684791,553,402,185,734,556.79,100.74
花蓮縣,吉安鄉,北昌村,2500,1542467,617,419,199,802,697.78,113.09
花蓮縣,吉安鄉,宜昌村,1202,647599,539,389,190,675,572.36,106.23
花蓮縣,吉安鄉,太昌村,976,584031,598,403,188,756,728.69,121.77
花蓮縣,吉安鄉,慶豐村,2268,1455379,642,444,210,872,682.19,106.31
花蓮縣,吉安鄉,吉安村,1726,1113177,645,440,206,876,677.67,105.07
花蓮縣,吉安鄉,福興村,865,545039,630,420,198,789,755.64,119.92
花蓮縣,吉安鄉,稻香村,1015,651390,642,411,209,788,900.32,140.29
花蓮縣,吉安鄉,永興村,742,357283,482,362,172,610,544.09,113.00
花蓮縣,吉安鄉,南華村,375,195225,521,370,162,661,631.94,121.39
花蓮縣,吉安鄉,干城村,296,199287,673,430,254,790,816.16,121.22
花蓮縣,吉安鄉,光華村,570,312866,549,381,195,688,595.54,108.50
花蓮縣,吉安鄉,仁和村,1287,672424,522,413,199,710,486.56,93.13
花蓮縣,吉安鄉,仁安村,656,316536,483,371,187,600,488.64,101.27
花蓮縣,吉安鄉,永安村,1383,885653,640,421,201,872,719.40,112.34
花蓮縣,吉安鄉,勝安村,1717,1152430,671,450,208,889,749.84,111.72
花蓮縣,壽豐鄉,池南村,149,60602,407,323,152,508,371.61,91.37
花蓮縣,壽豐鄉,志學村,678,379765,560,396,181,697,614.07,109.63
花蓮縣,壽豐鄉,光榮村,158,71145,450,370,210,573,512.34,113.78
花蓮縣,壽豐鄉,平和村,324,158708,490,353,156,603,543.01,110.85
花蓮縣,壽豐鄉,壽豐村,369,187213,507,369,198,648,559.34,110.25
花蓮縣,壽豐鄉,共和村,181,142729,789,399,200,866,1155.89,146.58
花蓮縣,壽豐鄉,豐山村,401,197602,493,370,190,618,495.97,100.65
花蓮縣,壽豐鄉,豐裡村,344,141613,412,296,160,512,418.28,101.61
花蓮縣,壽豐鄉,豐坪村,177,104216,589,374,199,649,824.74,140.07
花蓮縣,壽豐鄉,溪口村,205,95156,464,356,195,561,445.34,95.94
花蓮縣,壽豐鄉,月眉村,174,70753,407,335,180,539,328.04,80.67
花蓮縣,壽豐鄉,米棧村,36,13783,383,291,174,523,308.79,80.65
花蓮縣,壽豐鄉,水璉村,89,35552,399,273,147,544,478.01,119.66
花蓮縣,壽豐鄉,鹽寮村,102,77895,764,357,151,631,1509.29,197.64
花蓮縣,壽豐鄉,樹湖村,72,33274,462,330,147,561,522.33,113.03
花蓮縣,鳳林鎮,鳳仁里,291,163108,561,406,207,741,508.60,90.74
花蓮縣,鳳林鎮,鳳義里,138,93814,680,435,193,838,1030.07,151.52
花蓮縣,鳳林鎮,鳳禮里,161,84250,523,379,221,686,498.89,95.34
花蓮縣,鳳林鎮,鳳智里,295,158496,537,392,199,698,551.12,102.58
花蓮縣,鳳林鎮,鳳信里,323,150979,467,367,182,598,449.12,96.08
花蓮縣,鳳林鎮,林榮里,200,87691,438,280,128,566,486.97,111.06
花蓮縣,鳳林鎮,南平里,100,54328,543,330,183,593,700.72,128.98
花蓮縣,鳳林鎮,北林里,119,61404,516,334,231,777,446.92,86.61
花蓮縣,鳳林鎮,大榮里,242,113752,470,327,164,620,474.47,100.94
花蓮縣,鳳林鎮,山興里,84,29451,351,262,143,444,320.78,91.49
花蓮縣,鳳林鎮,長橋里,191,101751,533,418,232,744,416.62,78.20
花蓮縣,鳳林鎮,森榮里,18,9220,512,369,232,477,516.92,100.91
花蓮縣,豐濱鄉,豐濱村,309,120579,390,324,133,514,382.50,98.02
花蓮縣,豐濱鄉,港口村,112,40577,362,294,160,464,311.81,86.06
花蓮縣,豐濱鄉,靜浦村,85,36658,431,333,201,527,417.64,96.84
花蓮縣,豐濱鄉,新社村,95,38714,408,305,152,509,601.17,147.52
花蓮縣,豐濱鄉,磯崎村,64,25613,400,338,147,542,351.75,87.89
花蓮縣,瑞穗鄉,瑞穗村,398,209412,526,378,163,706,525.54,99.88
花蓮縣,瑞穗鄉,瑞良村,105,47561,453,342,156,520,554.21,122.35
花蓮縣,瑞穗鄉,瑞美村,423,224156,530,352,183,715,610.57,115.22
花蓮縣,瑞穗鄉,瑞祥村,178,113103,635,437,240,685,1200.08,188.87
花蓮縣,瑞穗鄉,瑞北村,88,41271,469,322,121,614,536.40,114.37
花蓮縣,瑞穗鄉,奇美村,57,22150,389,319,146,548,348.14,89.59
花蓮縣,瑞穗鄉,富源村,125,53809,430,288,162,498,471.83,109.61
花蓮縣,瑞穗鄉,富興村,81,42318,522,351,192,649,629.52,120.50
花蓮縣,瑞穗鄉,富民村,129,52099,404,309,160,481,438.25,108.51
花蓮縣,瑞穗鄉,舞鶴村,157,59445,379,296,149,506,382.74,101.09
花蓮縣,瑞穗鄉,鶴岡村,133,53757,404,355,207,528,312.80,77.39
花蓮縣,富里鄉,富里村,257,121522,473,327,185,621,464.51,98.24
花蓮縣,富里鄉,永豐村,72,30700,426,331,200,611,334.19,78.38
花蓮縣,富里鄉,富南村,60,30510,508,410,194,650,500.50,98.43
花蓮縣,富里鄉,學田村,111,55358,499,344,169,592,533.05,106.88
花蓮縣,富里鄉,石牌村,181,83744,463,314,144,559,551.77,119.26
花蓮縣,富里鄉,明里村,51,23375,458,362,177,632,475.60,103.77
花蓮縣,富里鄉,羅山村,70,28721,410,296,179,519,392.15,95.58
花蓮縣,富里鄉,竹田村,213,96470,453,327,153,605,440.87,97.34
花蓮縣,富里鄉,新興村,94,43138,459,389,182,612,377.16,82.18
花蓮縣,富里鄉,萬寧村,94,33526,357,282,151,510,271.58,76.15
花蓮縣,富里鄉,豐南村,77,33893,440,348,176,454,534.42,121.41
花蓮縣,富里鄉,東里村,165,90316,547,377,169,646,697.81,127.48
花蓮縣,富里鄉,吳江村,74,26680,361,236,114,481,383.60,106.40
花蓮縣,秀林鄉,和平村,424,187569,442,369,173,592,410.18,92.72
花蓮縣,秀林鄉,崇德村,330,142873,433,365,178,553,460.73,106.42
花蓮縣,秀林鄉,富世村,495,220172,445,365,183,564,401.78,90.33
花蓮縣,秀林鄉,秀林村,464,202665,437,342,148,576,387.75,88.78
花蓮縣,秀林鄉,景美村,411,182027,443,373,200,529,395.47,89.29
花蓮縣,秀林鄉,佳民村,222,90283,407,328,170,540,361.45,88.88
花蓮縣,秀林鄉,銅門村,302,126727,420,327,146,557,378.05,90.09
花蓮縣,秀林鄉,文蘭村,268,128660,480,389,205,622,436.67,90.96
花蓮縣,秀林鄉,水源村,269,126828,471,400,200,630,408.26,86.59
花蓮縣,萬榮鄉,西林村,250,108968,436,335,210,515,415.34,95.29
花蓮縣,萬榮鄉,見晴村,121,49915,413,379,167,521,357.49,86.66
花蓮縣,萬榮鄉,萬榮村,180,86962,483,387,218,574,426.21,88.22
花蓮縣,萬榮鄉,明利村,127,45646,359,290,124,484,350.33,97.47
花蓮縣,萬榮鄉,馬遠村,298,105017,352,286,152,498,260.97,74.05
花蓮縣,萬榮鄉,紅葉村,234,98680,422,338,209,527,345.66,81.97
花蓮縣,卓溪鄉,崙山村,131,55826,426,347,171,579,369.32,86.66
花蓮縣,卓溪鄉,立山村,240,98361,410,354,194,531,302.48,73.80
花蓮縣,卓溪鄉,太平村,167,82578,494,437,261,584,401.66,81.23
花蓮縣,卓溪鄉,卓溪村,156,72759,466,406,250,570,338.97,72.68
花蓮縣,卓溪鄉,卓清村,187,71586,383,335,205,524,257.49,67.26
花蓮縣,卓溪鄉,古風村,163,74003,454,391,217,617,327.60,72.16
臺東縣,臺東市,中山里,217,122169,563,364,182,740,654.30,116.22
臺東縣,臺東市,文化里,199,140443,706,438,197,951,711.07,100.75
臺東縣,臺東市,中正里,264,181004,686,362,186,942,785.63,114.59
臺東縣,臺東市,中華里,407,200793,493,379,167,615,475.54,96.39
臺東縣,臺東市,成功里,189,92790,491,368,196,603,524.82,106.90
臺東縣,臺東市,大同里,191,103174,540,371,199,674,537.56,99.52
臺東縣,臺東市,寶桑里,197,90337,459,332,178,576,524.84,114.45
臺東縣,臺東市,中心里,1030,808306,785,494,222,1014,999.18,127.32
臺東縣,臺東市,仁愛里,173,88862,514,378,209,688,501.84,97.70
臺東縣,臺東市,新生里,2110,1351324,640,453,224,855,674.85,105.37
臺東縣,臺東市,復興里,83,49476,596,456,199,748,606.30,101.71
臺東縣,臺東市,豐里里,509,283670,557,421,194,717,562.51,100.93
臺東縣,臺東市,豐年里,810,479240,592,454,213,732,572.17,96.71
臺東縣,臺東市,豐原里,251,137782,549,391,198,697,579.56,105.58
臺東縣,臺東市,康樂里,333,171265,514,382,196,619,521.63,101.42
臺東縣,臺東市,光明里,851,601200,706,526,231,972,714.97,101.20
臺東縣,臺東市,鐵花里,115,75101,653,421,207,809,678.80,103.94
臺東縣,臺東市,四維里,129,59281,460,348,134,630,447.26,97.33
臺東縣,臺東市,新興里,231,150377,651,451,211,828,1001.71,153.88
臺東縣,臺東市,豐榮里,2572,1634614,636,472,224,858,594.34,93.52
臺東縣,臺東市,永樂里,595,420776,707,465,233,953,713.59,100.91
臺東縣,臺東市,興國里,199,128709,647,405,161,795,775.23,119.86
臺東縣,臺東市,民族里,503,383288,762,514,220,990,867.35,113.82
臺東縣,臺東市,建國里,233,113532,487,320,157,602,638.96,131.13
臺東縣,臺東市,強國里,131,65687,501,352,170,627,501.63,100.04
臺東縣,臺東市,民生里,955,610936,640,447,211,825,683.56,106.85
臺東縣,臺東市,馬蘭里,792,479232,605,430,203,827,593.85,98.14
臺東縣,臺東市,復國里,95,49326,519,357,195,616,588.26,113.30
臺東縣,臺東市,豐樂里,384,219451,571,395,210,768,534.40,93.51
臺東縣,臺東市,東海里,840,509383,606,418,206,809,648.90,107.01
臺東縣,臺東市,民權里,237,172360,727,535,257,969,711.73,97.86
臺東縣,臺東市,卑南里,938,709684,757,554,264,1054,773.35,102.21
臺東縣,臺東市,南王里,701,396959,566,413,194,771,565.33,99.83
臺東縣,臺東市,建和里,259,122104,471,376,189,573,443.38,94.05
臺東縣,臺東市,知本里,300,138976,463,347,168,603,447.80,96.66
臺東縣,臺東市,富岡里,232,105848,456,338,159,562,495.69,108.65
臺東縣,臺東市,建興里,221,109118,494,356,179,594,499.87,101.24
臺東縣,臺東市,南榮里,670,432409,645,457,248,850,629.78,97.58
臺東縣,臺東市,岩灣里,642,412620,643,451,219,897,620.55,96.55
臺東縣,臺東市,新園里,282,126777,450,362,180,571,454.99,101.21
臺東縣,臺東市,豐田里,485,228132,470,386,186,597,432.00,91.84
臺東縣,臺東市,自強里,1338,917110,685,462,208,954,697.08,101.70
臺東縣,臺東市,豐谷里,1351,750206,555,411,201,722,536.56,96.63
臺東縣,臺東市,建農里,344,156625,455,354,184,584,395.50,86.86
臺東縣,臺東市,建業里,246,107845,438,330,141,541,445.71,101.67
臺東縣,臺東市,富豐里,180,103279,574,495,256,757,455.22,79.34
臺東縣,成功鎮,忠仁里,371,183218,494,369,180,637,639.93,129.58
臺東縣,成功鎮,忠智里,398,214346,539,371,187,706,543.51,100.92
臺東縣,成功鎮,三民里,518,264964,512,368,213,643,556.01,108.70
臺東縣,成功鎮,三仙里,163,72077,442,360,155,550,444.39,100.50
臺東縣,成功鎮,忠孝里,136,52474,386,290,146,486,393.83,102.07
臺東縣,成功鎮,博愛里,70,26458,378,323,201,547,274.82,72.71
臺東縣,成功鎮,信義里,283,165443,585,292,151,521,2042.07,349.31
臺東縣,成功鎮,和平里,100,45974,460,384,184,591,458.10,99.64
臺東縣,關山鎮,里壠里,379,195853,517,358,178,693,508.17,98.34
臺東縣,關山鎮,中福里,212,126039,595,441,214,770,579.26,97.43
臺東縣,關山鎮,新福里,182,103366,568,397,187,667,638.35,112.40
臺東縣,關山鎮,德高里,316,151680,480,383,211,590,489.23,101.92
臺東縣,關山鎮,豐泉里,292,170379,583,420,217,714,621.67,106.54
臺東縣,關山鎮,月眉里,115,62258,541,370,210,673,506.77,93.61
臺東縣,關山鎮,電光里,83,34557,416,353,174,569,312.97,75.17
臺東縣,卑南鄉,賓朗村,428,201847,472,354,208,608,428.67,90.90
臺東縣,卑南鄉,美農村,146,76355,523,367,194,628,843.42,161.27
臺東縣,卑南鄉,初鹿村,211,106745,506,371,189,641,562.65,111.22
臺東縣,卑南鄉,嘉豐村,55,28110,511,376,192,634,496.84,97.21
臺東縣,卑南鄉,太平村,686,396924,579,388,201,734,696.43,120.36
臺東縣,卑南鄉,利嘉村,253,131261,519,412,208,641,576.92,111.20
臺東縣,卑南鄉,東興村,226,93740,415,355,202,557,284.36,68.56
臺東縣,卑南鄉,溫泉村,181,80310,444,331,108,555,600.29,135.29
臺東縣,卑南鄉,利吉村,63,31816,505,321,207,604,518.30,102.63
臺東縣,卑南鄉,富源村,60,26182,436,341,152,552,446.11,102.24
臺東縣,卑南鄉,明峰村,202,97890,485,344,160,595,574.74,118.60
臺東縣,卑南鄉,泰安村,198,90412,457,355,167,547,453.12,99.23
臺東縣,卑南鄉,富山村,64,29414,460,277,112,524,659.20,143.43
臺東縣,大武鄉,大武村,259,140016,541,408,209,754,475.65,87.99
臺東縣,大武鄉,尚武村,226,107330,475,340,160,554,497.89,104.84
臺東縣,大武鄉,大鳥村,168,69946,416,340,169,513,372.77,89.53
臺東縣,大武鄉,大竹村,119,59742,502,389,204,619,577.23,114.98
臺東縣,大武鄉,南興村,80,37959,474,369,213,688,378.59,79.79
臺東縣,太麻里鄉,泰和村,298,151854,510,367,202,579,566.70,111.21
臺東縣,太麻里鄉,大王村,324,161946,500,398,191,650,470.18,94.07
臺東縣,太麻里鄉,美和村,213,98192,461,358,196,568,442.30,95.94
臺東縣,太麻里鄉,金崙村,272,132635,488,447,251,633,354.54,72.71
臺東縣,太麻里鄉,多良村,114,49849,437,370,235,550,357.32,81.72
臺東縣,太麻里鄉,華源村,75,28198,376,309,150,487,311.56,82.87
臺東縣,太麻里鄉,三和村,78,38448,493,379,178,581,608.19,123.38
臺東縣,太麻里鄉,北里村,81,38136,471,360,161,582,579.91,123.17
臺東縣,太麻里鄉,香蘭村,126,66401,527,389,182,652,513.12,97.37
臺東縣,東河鄉,東河村,159,79342,499,379,183,615,611.29,122.50
臺東縣,東河鄉,泰源村,159,63914,402,306,177,516,363.23,90.36
臺東縣,東河鄉,北源村,163,76526,469,368,220,685,354.20,75.44
臺東縣,東河鄉,隆昌村,76,34055,448,359,230,623,325.36,72.61
臺東縣,東河鄉,興昌村,143,88691,620,297,170,647,1118.46,180.33
臺東縣,東河鄉,都蘭村,335,182753,546,347,183,584,1449.58,265.72
臺東縣,東河鄉,尚德村,33,12234,371,298,143,474,284.33,76.70
臺東縣,長濱鄉,樟原村,83,33644,405,387,192,545,283.97,70.05
臺東縣,長濱鄉,三間村,166,76973,464,292,126,584,585.49,126.27
臺東縣,長濱鄉,長濱村,339,139633,412,308,136,498,537.75,130.55
臺東縣,長濱鄉,忠勇村,68,32173,473,354,158,667,418.89,88.53
臺東縣,長濱鄉,竹湖村,135,55663,412,326,166,544,352.81,85.57
臺東縣,長濱鄉,寧埔村,171,80471,471,380,212,645,393.82,83.69
臺東縣,鹿野鄉,鹿野村,179,96547,539,397,208,696,657.90,121.97
臺東縣,鹿野鄉,永安村,272,140581,517,348,181,602,660.40,127.78
臺東縣,鹿野鄉,瑞源村,164,70598,430,336,167,539,382.45,88.84
臺東縣,鹿野鄉,瑞豐村,139,69872,503,354,163,628,600.48,119.46
臺東縣,鹿野鄉,龍田村,177,97495,551,369,173,637,766.33,139.13
臺東縣,鹿野鄉,瑞隆村,129,68376,530,405,197,676,631.91,119.22
臺東縣,鹿野鄉,瑞和村,106,50353,475,379,220,613,421.05,88.64
臺東縣,池上鄉,福原村,439,255281,582,390,159,767,651.61,112.06
臺東縣,池上鄉,福文村,177,83053,469,313,174,592,471.59,100.50
臺東縣,池上鄉,慶豐村,118,56948,483,387,205,612,418.01,86.61
臺東縣,池上鄉,大坡村,36,16812,467,322,161,662,423.39,90.66
臺東縣,池上鄉,大埔村,146,78884,540,413,205,675,551.70,102.11
臺東縣,池上鄉,新興村,145,75285,519,333,178,530,605.67,116.65
臺東縣,池上鄉,錦園村,50,23294,466,398,278,525,371.56,79.75
臺東縣,池上鄉,萬安村,53,28461,537,328,156,673,538.49,100.28
臺東縣,池上鄉,富興村,50,17192,344,288,111,472,327.70,95.30
臺東縣,池上鄉,振興村,50,19601,392,333,178,537,332.78,84.89
臺東縣,綠島鄉,中寮村,250,169068,676,484,203,986,683.39,101.05
臺東縣,綠島鄉,公館村,258,174838,678,505,202,893,730.56,107.81
臺東縣,綠島鄉,南寮村,419,256874,613,439,204,836,642.45,104.79
臺東縣,延平鄉,桃源村,207,104701,506,397,215,688,460.18,90.98
臺東縣,延平鄉,紅葉村,98,50699,517,410,250,668,444.29,85.88
臺東縣,延平鄉,武陵村,126,52541,417,377,210,519,323.02,77.47
臺東縣,延平鄉,永康村,61,35204,577,444,317,806,436.83,75.69
臺東縣,延平鄉,鸞山村,117,48529,415,389,215,589,274.62,66.21
臺東縣,海端鄉,海端村,225,103702,461,397,192,608,393.12,85.29
臺東縣,海端鄉,崁頂村,125,57783,462,379,249,600,322.90,69.85
臺東縣,海端鄉,加拿村,93,45571,490,439,293,599,302.65,61.76
臺東縣,海端鄉,霧鹿村,34,18439,542,460,271,787,356.17,65.67
臺東縣,海端鄉,利稻村,44,23509,534,452,288,695,363.12,67.96
臺東縣,海端鄉,廣原村,151,72853,482,375,231,619,387.70,80.36
臺東縣,達仁鄉,土坂村,153,80024,523,422,295,598,411.90,78.75
臺東縣,達仁鄉,臺坂村,95,49187,518,424,282,660,404.12,78.05
臺東縣,達仁鄉,新化村,43,17734,412,361,237,500,300.53,72.87
臺東縣,達仁鄉,安朔村,100,49707,497,454,217,676,373.39,75.12
臺東縣,達仁鄉,森永村,68,36655,539,440,277,721,377.86,70.10
臺東縣,達仁鄉,南田村,70,34807,497,380,176,560,586.18,117.89
臺東縣,金峰鄉,嘉蘭村,239,108976,456,406,211,631,352.20,77.24
臺東縣,金峰鄉,歷坵村,42,18798,448,412,234,647,328.91,73.49
臺東縣,金峰鄉,新興村,109,63085,579,477,309,777,472.70,81.67
臺東縣,金峰鄉,賓茂村,60,27618,460,372,194,605,384.53,83.54
臺東縣,金峰鄉,正興村,128,72726,568,485,246,749,433.66,76.33
臺東縣,蘭嶼鄉,紅頭村,296,186928,632,433,199,850,720.02,114.01
臺東縣,蘭嶼鄉,東清村,222,100540,453,379,181,608,397.24,87.71
臺東縣,蘭嶼鄉,朗島村,130,51762,398,323,129,571,346.35,86.99
臺東縣,蘭嶼鄉,椰油村,217,120788,557,445,192,793,499.62,89.76
澎湖縣,馬公市,長安里,178,135749,763,523,284,931,871.08,114.22
澎湖縣,馬公市,復興里,262,184954,706,576,447,837,502.30,71.15
澎湖縣,馬公市,中央里,144,106128,737,574,249,1102,633.49,85.95
澎湖縣,馬公市,啓明里,300,256764,856,522,265,1065,1064.66,124.39
澎湖縣,馬公市,重慶里,293,201593,688,506,205,935,677.69,98.50
澎湖縣,馬公市,光復里,648,448153,692,505,225,868,834.22,120.62
澎湖縣,馬公市,光明里,430,326384,759,584,312,945,703.31,92.66
澎湖縣,馬公市,重光里,491,375907,766,611,325,1040,662.35,86.51
澎湖縣,馬公市,西衛里,1591,1261293,793,589,273,1105,825.78,104.16
澎湖縣,馬公市,朝陽里,1725,1245904,722,545,267,984,684.39,94.76
澎湖縣,馬公市,東文里,1124,811055,722,533,254,960,746.69,103.48
澎湖縣,馬公市,西文里,1191,876297,736,561,298,975,672.45,91.39
澎湖縣,馬公市,案山里,796,559023,702,637,380,919,511.19,72.79
澎湖縣,馬公市,光華里,554,393178,710,606,454,831,515.92,72.70
澎湖縣,馬公市,前寮里,334,301702,903,637,356,989,1094.01,121.11
澎湖縣,馬公市,石泉里,922,683123,741,557,290,1016,753.97,101.76
澎湖縣,馬公市,菜園里,119,75953,638,498,249,829,533.44,83.58
澎湖縣,馬公市,東衛里,736,509155,692,548,303,891,640.55,92.59
澎湖縣,馬公市,安宅里,192,134475,700,541,261,919,656.86,93.78
澎湖縣,馬公市,烏崁里,281,168055,598,501,265,750,514.53,86.03
澎湖縣,馬公市,興仁里,430,290145,675,564,293,864,559.21,82.88
澎湖縣,馬公市,鐵線里,179,112418,628,493,217,870,578.16,92.06
澎湖縣,馬公市,山水里,393,246244,627,439,208,827,675.97,107.88
澎湖縣,馬公市,鎖港里,637,374655,588,465,231,768,545.80,92.80
澎湖縣,馬公市,井垵里,95,49452,521,404,230,638,493.29,94.77
澎湖縣,馬公市,嵵裡里,264,152595,578,461,217,759,590.94,102.24
澎湖縣,馬公市,風櫃里,277,141243,510,404,206,664,453.87,89.01
澎湖縣,馬公市,虎井里,236,140514,595,517,280,716,474.54,79.70
澎湖縣,馬公市,桶盤里,68,42266,622,556,300,879,421.51,67.82
澎湖縣,馬公市,中興里,312,249232,799,621,347,1035,729.59,91.33
澎湖縣,馬公市,五德里,223,123275,553,518,420,615,481.83,87.16
澎湖縣,馬公市,光榮里,1343,1030675,767,547,261,1038,947.71,123.49
澎湖縣,馬公市,陽明里,803,627452,781,566,282,1024,793.73,101.58
澎湖縣,湖西鄉,湖西村,326,208787,640,501,221,809,610.39,95.31
澎湖縣,湖西鄉,湖東村,89,51352,577,434,194,852,490.50,85.01
澎湖縣,湖西鄉,南寮村,155,93363,602,447,204,705,625.74,103.88
澎湖縣,湖西鄉,白坑村,49,21645,442,327,123,575,465.49,105.38
澎湖縣,湖西鄉,青螺村,54,30177,559,431,221,816,506.09,90.56
澎湖縣,湖西鄉,紅羅村,185,119973,649,500,263,772,657.08,101.32
澎湖縣,湖西鄉,西溪村,381,216584,568,487,401,669,399.21,70.23
澎湖縣,湖西鄉,沙港村,193,118516,614,530,243,859,500.01,81.43
澎湖縣,湖西鄉,成功村,311,185528,597,517,256,728,487.39,81.70
澎湖縣,湖西鄉,東石村,20,10912,546,525,196,731,435.01,79.73
澎湖縣,湖西鄉,鼎灣村,177,118615,670,600,264,851,560.82,83.69
澎湖縣,湖西鄉,中西村,53,47092,889,515,305,1137,877.45,98.75
澎湖縣,湖西鄉,潭邊村,75,40710,543,450,254,674,449.63,82.84
澎湖縣,湖西鄉,許家村,138,86141,624,470,183,873,656.59,105.19
澎湖縣,湖西鄉,隘門村,358,240059,671,581,335,865,498.63,74.36
澎湖縣,湖西鄉,林投村,268,157436,587,441,242,738,540.52,92.01
澎湖縣,湖西鄉,尖山村,156,99051,635,461,266,721,697.73,109.89
澎湖縣,湖西鄉,龍門村,455,271147,596,494,268,805,473.06,79.38
澎湖縣,湖西鄉,菓葉村,173,104654,605,514,222,792,566.03,93.57
澎湖縣,湖西鄉,北寮村,88,50271,571,466,231,671,643.12,112.58
澎湖縣,湖西鄉,城北村,118,64429,546,490,194,747,449.58,82.34
澎湖縣,湖西鄉,太武村,15,9606,640,378,134,994,663.21,103.56
澎湖縣,白沙鄉,中屯村,143,106068,742,562,307,1021,667.04,89.93
澎湖縣,白沙鄉,講美村,192,101189,527,441,224,675,520.30,98.72
澎湖縣,白沙鄉,城前村,30,23123,771,446,216,878,994.21,128.99
澎湖縣,白沙鄉,鎮海村,35,22200,634,388,239,745,728.21,114.81
澎湖縣,白沙鄉,港子村,74,36793,497,351,183,620,470.77,94.68
澎湖縣,白沙鄉,小赤村,41,28429,693,383,226,683,1134.17,163.57
澎湖縣,白沙鄉,岐頭村,49,29546,603,516,183,770,544.54,90.31
澎湖縣,白沙鄉,赤崁村,483,301210,624,511,231,894,523.78,83.99
澎湖縣,白沙鄉,瓦硐村,50,32265,645,501,301,966,507.02,78.57
澎湖縣,白沙鄉,後寮村,184,112142,609,491,209,762,566.07,92.88
澎湖縣,白沙鄉,通梁村,175,96377,551,482,201,690,498.10,90.44
澎湖縣,白沙鄉,吉貝村,220,120054,546,466,250,677,489.63,89.73
澎湖縣,白沙鄉,鳥嶼村,198,100652,508,399,218,642,460.54,90.60
澎湖縣,白沙鄉,員貝村,52,35160,676,506,237,983,575.15,85.06
澎湖縣,白沙鄉,大倉村,50,26257,525,375,140,643,577.85,110.04
澎湖縣,西嶼鄉,合界村,79,57729,731,489,266,910,742.31,101.58
澎湖縣,西嶼鄉,橫礁村,58,29156,503,396,158,667,487.77,97.03
澎湖縣,西嶼鄉,竹灣村,178,96160,540,446,201,753,463.63,85.82
澎湖縣,西嶼鄉,小門村,52,35236,678,625,269,941,553.78,81.72
澎湖縣,西嶼鄉,大池村,113,74472,659,499,211,759,659.12,100.01
澎湖縣,西嶼鄉,二崁村,26,21212,816,241,152,601,2138.41,262.11
澎湖縣,西嶼鄉,池東村,198,146570,740,522,257,973,766.40,103.53
澎湖縣,西嶼鄉,池西村,42,27449,654,485,215,732,709.34,108.54
澎湖縣,西嶼鄉,赤馬村,97,52079,537,439,188,694,482.33,89.84
澎湖縣,西嶼鄉,內垵村,241,137763,572,426,200,808,560.97,98.14
澎湖縣,西嶼鄉,外垵村,386,229736,595,487,244,776,546.83,91.88
澎湖縣,望安鄉,東安村,295,210884,715,563,257,1081,575.24,80.47
澎湖縣,望安鄉,西安村,160,87054,544,421,205,727,473.91,87.10
澎湖縣,望安鄉,將軍村,264,170138,644,495,225,859,672.01,104.27
澎湖縣,望安鄉,中社村,93,59622,641,387,184,659,966.57,150.77
澎湖縣,望安鄉,花嶼村,73,41537,569,481,226,719,468.50,82.34
澎湖縣,望安鄉,水垵村,121,68470,566,480,222,795,436.65,77.16
澎湖縣,望安鄉,東吉村,52,32413,623,578,236,807,551.44,88.47
澎湖縣,望安鄉,東坪村,88,46271,526,434,178,686,494.38,94.02
澎湖縣,望安鄉,西坪村,44,23962,545,433,244,650,426.20,78.26
澎湖縣,七美鄉,東湖村,50,23654,473,381,231,542,408.28,86.30
澎湖縣,七美鄉,西湖村,120,85931,716,553,266,931,628.25,87.73
澎湖縣,七美鄉,中和村,193,137578,713,497,229,850,947.65,132.94
澎湖縣,七美鄉,平和村,102,64513,632,525,290,962,449.58,71.08
澎湖縣,七美鄉,南港村,264,187939,712,573,273,871,990.22,139.10
澎湖縣,七美鄉,海豐村,70,44151,631,460,199,882,559.53,88.71
金門縣,金城鎮,東門里,1606,1135372,707,501,224,946,796.92,112.73
金門縣,金城鎮,南門里,1908,1378238,722,535,248,931,763.00,105.63
金門縣,金城鎮,西門里,3618,2941638,813,574,275,1091,855.73,105.25
金門縣,金城鎮,北門里,1404,1041959,742,521,234,948,781.88,105.36
金門縣,金城鎮,賢庵里,1648,1172177,711,524,249,931,721.59,101.45
金門縣,金城鎮,金水里,794,573491,722,556,263,991,679.16,94.03
金門縣,金城鎮,古城里,1365,969769,710,518,234,928,1018.59,143.37
金門縣,金城鎮,珠沙里,979,686912,702,505,248,890,824.32,117.48
金門縣,金寧鄉,古寧村,1069,765995,717,477,246,883,1110.64,155.00
金門縣,金寧鄉,安美村,1742,1107553,636,469,225,803,716.02,112.62
金門縣,金寧鄉,湖埔村,2460,1805394,734,528,253,962,741.97,101.10
金門縣,金寧鄉,榜林村,1872,1314816,702,502,240,902,763.44,108.70
金門縣,金寧鄉,盤山村,2032,1439315,708,501,232,930,751.74,106.13
金門縣,金寧鄉,后盤村,537,352459,656,491,262,847,627.57,95.62
金門縣,金湖鎮,新市里,1469,1313979,894,594,293,1059,1294.51,144.72
金門縣,金湖鎮,山外里,1175,816179,695,525,276,892,663.31,95.49
金門縣,金湖鎮,溪湖里,469,312770,667,417,219,805,1022.44,153.31
金門縣,金湖鎮,蓮庵里,618,403224,652,501,241,850,616.18,94.44
金門縣,金湖鎮,料羅里,774,555217,717,640,306,966,572.44,79.80
金門縣,金湖鎮,新湖里,3060,2189021,715,556,275,911,699.17,97.74
金門縣,金湖鎮,正義里,954,660595,692,501,266,837,837.08,120.89
金門縣,金湖鎮,瓊林里,1118,787212,704,509,241,919,725.24,103.00
金門縣,金沙鎮,汶沙里,1707,1202001,704,503,247,899,747.09,106.10
金門縣,金沙鎮,何斗里,677,476642,704,483,248,895,837.88,119.01
金門縣,金沙鎮,浦山里,772,510226,661,497,228,813,659.24,99.75
金門縣,金沙鎮,西園里,524,351099,670,480,222,811,812.17,121.21
金門縣,金沙鎮,官嶼里,739,550554,745,523,261,983,833.34,111.86
金門縣,金沙鎮,光前里,778,542746,698,483,253,881,804.72,115.35
金門縣,金沙鎮,三山里,611,386455,632,498,238,872,559.64,88.48
金門縣,金沙鎮,大洋里,402,257967,642,439,224,812,722.07,112.52
金門縣,烈嶼鄉,林湖村,1130,785359,695,539,267,851,710.62,102.25
金門縣,烈嶼鄉,黃埔村,560,357170,638,474,231,764,930.54,145.90
金門縣,烈嶼鄉,西口村,769,522787,680,491,268,827,698.20,102.70
金門縣,烈嶼鄉,上林村,439,261868,597,448,226,767,571.33,95.78
金門縣,烈嶼鄉,上岐村,943,647502,687,485,229,859,774.54,112.80
金門縣,烏坵鄉,大坵村,95,68143,717,637,316,987,564.97,78.76
金門縣,烏坵鄉,小坵村,110,79370,722,575,274,1005,621.63,86.15
連江縣,南竿鄉,介壽村,885,752249,850,642,339,1174,766.68,90.20
連江縣,南竿鄉,復興村,351,282347,804,631,353,1051,705.02,87.64
連江縣,南竿鄉,福沃村,324,244961,756,626,337,979,607.99,80.42
連江縣,南竿鄉,清水村,411,327664,797,638,335,1006,710.65,89.14
連江縣,南竿鄉,珠螺村,76,59446,782,678,435,999,583.28,74.57
連江縣,南竿鄉,仁愛村,235,162279,691,571,352,879,567.48,82.18
連江縣,南竿鄉,津沙村,141,112523,798,611,379,964,709.98,88.96
連江縣,南竿鄉,馬祖村,193,155665,807,587,324,1000,796.70,98.78
連江縣,南竿鄉,四維村,54,63241,1171,685,435,1186,1940.62,165.71
連江縣,北竿鄉,塘岐村,404,290323,719,530,281,916,662.18,92.15
連江縣,北竿鄉,后沃村,68,56520,831,636,254,1198,744.45,89.57
連江縣,北竿鄉,橋仔村,121,74935,619,528,307,714,592.00,95.59
連江縣,北竿鄉,芹壁村,153,106233,694,540,408,830,576.47,83.03
連江縣,北竿鄉,坂里村,97,65595,676,498,350,858,563.82,83.38
連江縣,北竿鄉,白沙村,43,26225,610,508,317,815,472.48,77.47
連江縣,莒光鄉,青帆村,179,156118,872,667,417,1041,774.48,88.80
連江縣,莒光鄉,田沃村,72,61368,852,645,319,1169,710.89,83.40
連江縣,莒光鄉,西坵村,34,22321,657,632,498,761,302.30,46.05
連江縣,莒光鄉,大坪村,183,144535,790,604,338,966,738.75,93.54
連江縣,莒光鄉,福正村,63,38828,616,387,159,828,644.90,104.64
連江縣,東引鄉,中柳村,233,176214,756,674,418,947,554.78,73.36
連江縣,東引鄉,樂華村,359,261225,728,623,422,913,517.18,71.08
嘉義市,東區,中庄里,1005,714262,711,467,211,853,851.96,119.88
嘉義市,東區,頂庄里,742,513715,692,461,215,934,706.52,102.05
嘉義市,東區,王田里,843,687987,816,507,257,1003,978.47,119.89
嘉義市,東區,圳頭里,1315,922458,701,479,211,889,799.77,114.01
嘉義市,東區,鹿寮里,271,175637,648,411,214,777,727.31,112.22
嘉義市,東區,盧厝里,604,555607,920,515,241,1134,1167.54,126.92
嘉義市,東區,短竹里,775,653198,843,539,252,1030,1017.57,120.73
嘉義市,東區,長竹里,1004,1069394,1065,634,274,1263,1406.97,132.09
嘉義市,東區,後庄里,1182,765390,648,466,215,867,631.51,97.53
嘉義市,東區,東川里,650,561530,864,517,226,1054,1155.34,133.74
嘉義市,東區,太平里,1494,1203400,805,516,239,983,956.68,118.77
嘉義市,東區,興南里,452,296527,656,394,203,827,790.48,120.49
嘉義市,東區,豐年里,377,275391,730,445,229,893,956.00,130.87
嘉義市,東區,新開里,629,436148,693,446,198,931,765.39,110.38
嘉義市,東區,宣信里,334,206203,617,418,195,747,729.15,118.10
嘉義市,東區,芳草里,945,595450,630,415,202,780,729.03,115.70
嘉義市,東區,安寮里,839,544505,649,433,213,899,675.98,104.16
嘉義市,東區,興村里,1236,805632,652,425,201,827,1175.98,180.42
嘉義市,東區,頂寮里,767,502397,655,431,203,862,711.66,108.65
嘉義市,東區,荖藤里,1461,1069849,732,504,237,955,818.87,111.83
嘉義市,東區,後湖里,1133,684563,604,406,193,792,758.17,125.48
嘉義市,東區,過溝里,680,506924,745,433,198,908,978.83,131.30
嘉義市,東區,民族里,405,238740,589,402,167,762,624.29,105.90
嘉義市,東區,朝陽里,520,313594,603,407,188,808,651.45,108.02
嘉義市,東區,華南里,581,348180,599,389,163,770,756.39,126.22
嘉義市,東區,東興里,622,509804,820,487,215,947,1114.37,135.96
嘉義市,東區,中山里,677,569738,842,531,219,1028,1054.65,125.32
嘉義市,東區,中央里,699,505388,723,380,161,857,1059.78,146.58
嘉義市,東區,林森里,744,621439,835,556,242,1043,995.37,119.17
嘉義市,東區,北門里,663,463109,699,411,195,857,948.27,135.76
嘉義市,東區,蘭潭里,683,496679,727,432,195,913,1077.31,148.14
嘉義市,東區,文雅里,1352,1434708,1061,638,276,1264,1627.36,153.35
嘉義市,東區,安業里,551,337435,612,429,200,787,655.00,106.95
嘉義市,東區,義教里,861,531354,617,392,176,788,761.71,123.43
嘉義市,東區,興安里,870,566182,651,457,208,901,630.73,96.92
嘉義市,東區,興仁里,1094,660261,604,432,217,802,596.41,98.82
嘉義市,東區,新店里,1405,1172495,835,531,247,1041,1061.52,127.20
嘉義市,東區,仁義里,904,618931,685,448,212,835,906.85,132.45
嘉義市,東區,芳安里,672,478835,713,468,199,965,773.11,108.50
嘉義市,西區,永和里,452,273591,605,410,159,767,791.34,130.74
嘉義市,西區,新富里,454,305445,673,452,177,857,895.76,133.14
嘉義市,西區,文化里,727,544683,749,487,245,902,920.53,122.87
嘉義市,西區,西榮里,628,412278,656,438,192,844,804.03,122.47
嘉義市,西區,國華里,457,372009,814,483,211,990,1111.77,136.58
嘉義市,西區,番社里,428,314014,734,440,212,862,868.40,118.36
嘉義市,西區,導明里,433,275948,637,406,167,770,784.14,123.04
嘉義市,西區,慶安里,359,194528,542,379,190,713,720.57,132.98
嘉義市,西區,後驛里,498,320971,645,400,197,776,932.55,144.69
嘉義市,西區,福安里,1345,961650,715,480,240,915,807.15,112.89
嘉義市,西區,獅子里,810,508150,627,424,204,796,679.47,108.31
嘉義市,西區,紅瓦里,471,285151,605,398,183,758,680.60,112.42
嘉義市,西區,保福里,1142,754800,661,438,217,810,821.22,124.25
嘉義市,西區,保生里,1333,899631,675,436,220,809,1166.76,172.88
嘉義市,西區,北新里,310,194492,627,464,234,889,592.61,94.46
嘉義市,西區,育英里,540,400956,743,494,217,923,882.52,118.86
嘉義市,西區,湖內里,1266,804462,635,433,201,831,698.68,109.95
嘉義市,西區,美源里,1069,729691,683,433,210,870,859.79,125.96
嘉義市,西區,致遠里,521,349796,671,438,188,874,769.39,114.60
嘉義市,西區,翠岱里,408,282859,693,459,245,913,812.76,117.23
嘉義市,西區,自強里,487,349735,718,438,200,931,803.33,111.86
嘉義市,西區,培元里,474,310175,654,422,200,784,873.36,133.46
嘉義市,西區,車店里,1736,1132778,653,433,195,881,711.92,109.10
嘉義市,西區,光路里,1573,1124153,715,468,211,944,817.23,114.35
嘉義市,西區,香湖里,229,142809,624,444,185,782,676.21,108.43
嘉義市,西區,湖邊里,634,391275,617,395,182,766,793.84,128.63
嘉義市,西區,重興里,492,317588,646,454,212,855,693.49,107.43
嘉義市,西區,北榮里,680,455267,670,425,195,837,904.39,135.08
嘉義市,西區,新厝里,1175,758579,646,418,203,861,706.95,109.50
嘉義市,西區,竹圍里,1329,838552,631,419,189,793,728.09,115.39
嘉義市,西區,保安里,1008,645897,641,457,201,863,708.90,110.63
嘉義市,西區,北湖里,842,528032,627,449,198,832,628.68,100.25
嘉義市,西區,下埤里,423,241247,570,418,209,725,619.79,108.67
嘉義市,西區,竹村里,297,170724,575,398,207,670,655.67,114.06
嘉義市,西區,書院里,594,427000,719,462,204,899,811.92,112.95
嘉義市,西區,福全里,1283,808280,630,386,187,754,813.52,129.13
嘉義市,西區,西平里,1016,742690,731,468,211,940,821.47,112.38
嘉義市,西區,磚磘里,1097,717032,654,443,200,891,742.99,113.67
嘉義市,西區,劉厝里,2145,1630775,760,513,241,1011,803.05,105.63
嘉義市,西區,港坪里,1078,778954,723,500,231,968,803.80,111.24
嘉義市,西區,頭港里,555,332146,598,402,195,768,778.20,130.03
嘉義市,西區,大溪里,555,344029,620,423,227,861,657.75,106.11
嘉義市,西區,垂楊里,529,337348,638,399,188,787,841.91,132.02
嘉義市,西區,新西里,521,301078,578,397,192,734,602.18,104.20
嘉義市,西區,福民里,1706,1189911,697,430,194,900,851.95,122.15
新竹市,東區,榮光里,128,129799,1014,604,244,1207,1258.62,124.12
新竹市,東區,成功里,236,207994,881,439,228,1109,1084.42,123.04
新竹市,東區,育賢里,405,696623,1720,725,280,2000,3069.27,178.44
新竹市,東區,親仁里,702,1198753,1708,817,323,2007,2755.45,161.36
新竹市,東區,中正里,213,208548,979,535,209,1121,1340.98,136.96
新竹市,東區,東門里,212,186365,879,464,209,930,1259.57,143.28
新竹市,東區,三民里,1871,1882146,1006,536,228,1177,1466.65,145.80
新竹市,東區,文華里,1776,1812136,1020,564,226,1270,1440.21,141.15
新竹市,東區,公園里,1214,1616053,1331,658,268,1642,2088.23,156.87
新竹市,東區,東園里,2519,3956609,1571,1126,419,2216,1672.66,106.49
新竹市,東區,復中里,1672,1920331,1149,535,234,1331,1982.55,172.62
新竹市,東區,東勢里,1260,2395900,1902,1267,451,2400,2637.98,138.73
新竹市,東區,綠水里,2410,3832597,1590,963,361,2156,2284.50,143.65
新竹市,東區,東山里,1222,1427113,1168,628,273,1393,2163.75,185.28
新竹市,東區,水源里,1121,831381,742,432,214,848,1005.77,135.61
新竹市,東區,前溪里,986,710797,721,444,221,855,905.70,125.64
新竹市,東區,光復里,1137,1481495,1303,706,304,1678,1638.43,125.74
新竹市,東區,千甲里,681,528163,776,476,236,921,974.21,125.61
新竹市,東區,仙宮里,517,719937,1393,849,364,1964,1629.98,117.05
新竹市,東區,光明里,1224,2358925,1927,1093,391,2473,2540.11,131.80
新竹市,東區,建功里,1503,1909504,1270,745,291,1837,1423.48,112.04
新竹市,東區,金山里,2064,2945613,1427,754,300,1787,3043.85,213.28
新竹市,東區,埔頂里,2821,5349087,1896,1537,595,2633,1814.71,95.70
新竹市,東區,仙水里,1786,2630309,1473,935,355,2006,1687.80,114.60
新竹市,東區,龍山里,4499,10018732,2227,1788,815,3000,2161.94,97.08
新竹市,東區,新莊里,2217,3075284,1387,848,325,1878,1792.67,129.24
新竹市,東區,南門里,235,193743,824,462,167,947,1427.36,173.13
新竹市,東區,關帝里,145,102787,709,393,171,787,1012.55,142.84
新竹市,東區,寺前里,207,119997,580,330,159,687,722.80,124.69
新竹市,東區,福德里,528,463265,877,471,201,1065,1135.02,129.36
新竹市,東區,新興里,1092,850959,779,451,217,932,994.16,127.58
新竹市,東區,南市里,279,186923,670,398,144,778,976.28,145.72
新竹市,東區,振興里,1970,1651901,839,496,234,1066,1045.78,124.72
新竹市,東區,竹蓮里,265,181039,683,482,242,802,733.17,107.32
新竹市,東區,南大里,458,355084,775,456,192,964,912.58,117.71
新竹市,東區,頂竹里,968,792180,818,485,223,974,1136.87,138.92
新竹市,東區,下竹里,165,120901,733,459,218,1027,761.45,103.92
新竹市,東區,高峰里,2098,2467073,1176,518,222,1244,2730.87,232.23
新竹市,東區,柴橋里,2139,3223648,1507,673,276,1603,2954.01,196.01
新竹市,東區,光鎮里,1270,967788,762,457,211,997,940.11,123.37
新竹市,東區,豐功里,1741,3654385,2099,1231,385,3014,2611.43,124.41
新竹市,東區,軍功里,975,1118751,1147,652,298,1565,1390.70,121.20
新竹市,東區,武功里,1479,1782816,1205,696,287,1713,1353.77,112.31
新竹市,東區,立功里,243,174935,720,401,199,796,1204.75,167.35
新竹市,東區,關東里,1832,2628885,1435,692,297,1684,2199.65,153.29
新竹市,東區,科園里,2714,5646392,2080,926,372,2299,4939.01,237.40
新竹市,東區,錦華里,739,1050339,1421,690,263,1680,2794.02,196.58
新竹市,東區,建華里,857,895458,1045,556,255,1332,1404.39,134.41
新竹市,東區,復興里,1888,2150187,1139,673,280,1516,1457.89,128.01
新竹市,東區,新光里,1229,910724,741,452,209,915,898.60,121.26
新竹市,東區,湖濱里,1354,1598824,1181,545,244,1232,3764.11,318.77
新竹市,東區,明湖里,1959,1792466,915,498,242,1061,1603.51,175.25
新竹市,東區,關新里,1955,5891044,3013,2492,1275,3907,2926.44,97.12
新竹市,北區,光田里,753,633350,841,449,231,1037,1940.03,230.65
新竹市,北區,仁德里,253,164807,651,398,180,787,836.08,128.35
新竹市,北區,中央里,141,81884,581,359,162,708,686.57,118.22
新竹市,北區,西門里,215,193861,902,546,271,1108,1063.88,117.99
新竹市,北區,興南里,500,518272,1037,588,254,1396,1318.83,127.23
新竹市,北區,潛園里,255,170937,670,428,196,901,816.37,121.78
新竹市,北區,南勢里,1472,1194300,811,484,223,991,1033.09,127.33
新竹市,北區,崇禮里,352,240046,682,447,187,846,816.19,119.69
新竹市,北區,石坊里,186,126386,679,440,212,918,766.44,112.79
新竹市,北區,西雅里,995,720817,724,451,214,906,860.35,118.76
新竹市,北區,曲溪里,1579,1113921,705,408,208,840,1264.06,179.18
新竹市,北區,客雅里,565,410427,726,470,218,835,1073.64,147.80
新竹市,北區,中興里,344,448216,1303,704,266,1932,1445.32,110.93
新竹市,北區,大同里,328,550267,1678,640,256,1695,7107.36,423.65
新竹市,北區,中山里,314,427618,1362,554,245,1462,2284.77,167.77
新竹市,北區,北門里,337,344771,1023,600,261,1286,1240.43,121.25
新竹市,北區,民富里,1677,1383778,825,485,230,1004,1043.44,126.45
新竹市,北區,新民里,603,512668,850,492,240,1066,1038.58,122.16
新竹市,北區,長和里,461,365454,793,507,220,957,1037.22,130.84
新竹市,北區,文雅里,1472,1280268,870,484,237,1041,1122.85,129.10
新竹市,北區,舊社里,2191,1969834,899,494,225,1061,1574.02,175.07
新竹市,北區,湳雅里,1087,1135448,1045,543,218,1243,1513.08,144.85
新竹市,北區,武陵里,1653,1493343,903,489,217,1101,1494.25,165.40
新竹市,北區,士林里,643,605640,942,546,247,1155,1210.95,128.57
新竹市,北區,福林里,1371,1349512,984,492,226,1085,1540.74,156.53
新竹市,北區,古賢里,253,185587,734,523,253,954,796.98,108.65
新竹市,北區,康樂里,1074,759709,707,466,220,933,794.67,112.34
新竹市,北區,南寮里,1798,1184406,659,451,209,833,763.75,115.94
新竹市,北區,中寮里,1365,1017975,746,511,255,919,1161.57,155.75
新竹市,北區,海濱里,1431,950563,664,486,234,839,691.63,104.12
新竹市,北區,港北里,627,426130,680,456,223,834,871.15,128.18
新竹市,北區,舊港里,139,74091,533,360,210,669,576.09,108.08
新竹市,北區,育英里,1302,1207734,928,520,232,1097,1665.25,179.52
新竹市,北區,水田里,1192,1373757,1152,550,225,1264,2670.47,231.72
新竹市,北區,大鵬里,99,82896,837,750,595,944,396.83,47.39
新竹市,北區,境福里,1674,1388122,829,492,233,988,1073.49,129.46
新竹市,北區,磐石里,1898,1610566,849,515,221,1060,1016.81,119.83
新竹市,北區,新雅里,1431,1019812,713,425,198,892,874.32,122.68
新竹市,北區,光華里,1303,1073110,824,460,200,967,1431.30,173.79
新竹市,北區,金華里,1928,1917162,994,571,247,1187,1386.94,139.48
新竹市,北區,金竹里,2208,2145255,972,545,252,1201,1275.65,131.30
新竹市,北區,湳中里,2738,3388900,1238,720,276,1600,1692.97,136.78
新竹市,北區,金雅里,1132,1047821,926,608,301,1137,1002.72,108.33
新竹市,北區,臺溪里,582,415108,713,398,172,907,853.90,119.72
新竹市,北區,中雅里,1261,1252064,993,651,302,1325,1075.00,108.27
新竹市,香山區,頂埔里,2137,2137084,1000,689,314,1338,1115.45,111.54
新竹市,香山區,中埔里,1097,790141,720,473,216,941,772.66,107.27
新竹市,香山區,埔前里,1239,940341,759,488,230,1014,805.68,106.16
新竹市,香山區,牛埔里,1695,1486919,877,553,250,1130,1154.23,131.58
新竹市,香山區,樹下里,744,411818,554,380,181,721,587.47,106.13
新竹市,香山區,浸水里,797,499790,627,408,208,837,688.96,109.87
新竹市,香山區,虎林里,811,561644,693,416,197,865,853.39,123.23
新竹市,香山區,虎山里,1841,1037913,564,382,201,678,644.81,114.37
新竹市,香山區,港南里,821,496854,605,428,213,760,676.79,111.83
新竹市,香山區,香村里,1283,1320230,1029,528,247,1128,1578.07,153.36
新竹市,香山區,東香里,1575,1992442,1265,696,265,1568,2403.08,189.96
新竹市,香山區,香山里,1577,1190878,755,483,222,973,961.06,127.27
新竹市,香山區,大庄里,1023,673393,658,401,188,812,867.79,131.83
新竹市,香山區,美山里,350,207511,593,372,186,706,850.41,143.44
新竹市,香山區,朝山里,722,411507,570,421,194,718,589.76,103.47
新竹市,香山區,海山里,760,489232,644,416,192,761,824.93,128.15
新竹市,香山區,鹽水里,484,291924,603,435,214,789,595.63,98.75
新竹市,香山區,南港里,229,142957,624,412,228,745,632.11,101.26
新竹市,香山區,內湖里,1429,1031052,722,432,215,806,1015.66,140.77
新竹市,香山區,中隘里,604,458265,759,401,206,766,1390.65,183.29
新竹市,香山區,南隘里,249,166303,668,381,183,823,803.86,120.36
新竹市,香山區,大湖里,288,187478,651,418,227,797,896.27,137.68
新竹市,香山區,茄苳里,266,154936,582,349,169,624,848.38,145.65
新竹市,香山區,頂福里,1610,1488955,925,583,258,1216,1004.42,108.61
