縣市,鄉鎮市區,村里,納稅單位,綜合所得總額,平均數,中位數,第一分位數,第三分位數,標準差,變異係數
台北市,松山區,中崙里,1439,2452035,1704,817,356,1902,5899.26,346.20
台北市,松山區,自強里,3029,4355839,1438,666,285,1629,3517.94,244.63
台北市,松山區,鵬程里,1675,2131380,1272,629,284,1417,2108.18,165.68
台北市,松山區,東榮里,2848,4864823,1708,850,356,2071,3290.15,192.61
台北市,松山區,介壽里,1502,2273388,1514,842,326,1821,2162.92,142.90
台北市,松山區,東勢里,1542,2465747,1599,739,314,1675,7569.07,473.35
台北市,松山區,東光里,2475,3271246,1322,669,291,1482,2512.34,190.08
台北市,松山區,中正里,3459,6281849,1816,994,382,2182,3612.39,198.91
台北市,松山區,復盛里,2194,2316239,1056,629,270,1272,1370.05,129.77
台北市,松山區,復勢里,2329,3211420,1379,766,331,1616,2181.27,158.19
台北市,松山區,美仁里,1217,1898166,1560,775,353,1737,2515.82,161.30
台北市,松山區,吉仁里,1386,1918760,1384,745,327,1774,1764.47,127.46
台北市,松山區,精忠里,1547,2514123,1625,834,336,1870,3746.22,230.51
台北市,松山區,東昌里,909,1491625,1641,818,311,1948,3743.13,228.11
台北市,松山區,福成里,925,1589180,1718,816,315,1960,2984.66,173.73
台北市,松山區,中華里,2324,4965508,2137,950,397,2268,10579.17,495.14
台北市,松山區,吉祥里,2978,3743134,1257,676,303,1470,2063.95,164.21
台北市,松山區,新東里,1724,2102319,1219,674,286,1451,2479.00,203.29
台北市,松山區,三民里,2420,3086564,1275,686,285,1512,2005.53,157.24
台北市,松山區,復建里,1608,2314511,1439,788,342,1838,1811.60,125.86
台北市,松山區,敦化里,2419,3398274,1405,773,339,1744,2177.49,155.00
台北市,松山區,安平里,2921,3018964,1034,603,272,1211,1603.20,155.12
台北市,松山區,富錦里,1807,2296289,1271,683,284,1553,1883.47,148.21
台北市,松山區,莊敬里,1638,1576821,963,610,272,1204,1353.10,140.56
台北市,松山區,新益里,1632,1787681,1095,602,271,1351,1785.63,163.01
台北市,松山區,富泰里,1650,2088768,1266,731,294,1611,1872.98,147.95
台北市,松山區,龍田里,3678,6204706,1687,977,385,2175,2398.50,142.18
台北市,松山區,慈祐里,2504,2506856,1001,576,246,1219,1372.43,137.09
台北市,松山區,復源里,1156,1790611,1549,796,318,1769,2895.43,186.93
台北市,松山區,民福里,2141,2295420,1072,579,266,1247,2219.39,207.01
台北市,松山區,松基里,1331,3196607,2402,745,335,1860,23884.16,994.49
台北市,松山區,新聚里,2852,3262798,1144,650,281,1357,1748.77,152.86
台北市,松山區,民有里,3372,5784679,1716,791,341,1835,4291.90,250.18
台北市,大安區,建安里,1801,3121211,1733,832,351,1862,4225.39,243.81
台北市,大安區,通安里,1859,2407721,1295,645,277,1416,2354.72,181.81
台北市,大安區,民輝里,2547,5279405,2073,848,339,2107,6844.67,330.21
台北市,大安區,德安里,2006,3373591,1682,770,311,1923,3005.18,178.69
台北市,大安區,敦安里,2269,4486969,1978,936,383,2205,3615.72,182.84
台北市,大安區,光明里,1321,2674318,2024,1035,397,2282,5488.43,271.11
台北市,大安區,永康里,1298,2169398,1671,848,346,1832,3825.38,228.88
台北市,大安區,福住里,2238,4333880,1936,985,365,2194,4341.60,224.20
台北市,大安區,仁愛里,1926,3937178,2044,948,377,2180,4221.70,206.52
台北市,大安區,義村里,2014,2609007,1295,641,267,1495,2303.92,177.85
台北市,大安區,臥龍里,712,1241338,1743,845,318,1940,3050.28,174.96
台北市,大安區,通化里,2123,2360300,1112,635,282,1302,1595.29,143.49
台北市,大安區,龍生里,2372,4242513,1789,934,369,2142,3078.55,172.12
台北市,大安區,新龍里,2394,3872524,1618,874,340,2021,2582.44,159.65
台北市,大安區,住安里,1770,2441572,1379,656,262,1514,2510.40,181.99
台北市,大安區,錦泰里,1330,2324082,1747,1006,392,2230,2262.04,129.45
台北市,大安區,建倫里,2247,4444974,1978,942,368,2199,5231.18,264.44
台北市,大安區,錦華里,2110,3562372,1688,996,392,2210,2209.30,130.86
台北市,大安區,光武里,2708,3802974,1404,739,299,1617,3676.93,261.82
台北市,大安區,仁慈里,1930,3600512,1866,946,367,2219,3857.65,206.78
台北市,大安區,黎孝里,2636,2709973,1028,601,284,1279,1332.38,129.60
台北市,大安區,民炤里,3015,5687673,1886,958,368,2221,2957.20,156.76
台北市,大安區,昌隆里,1183,1861518,1574,853,351,1892,2345.80,149.08
台北市,大安區,黎和里,1661,1994382,1201,650,282,1575,1590.44,132.46
台北市,大安區,龍雲里,1724,2633300,1527,749,323,1737,2521.24,165.06
台北市,大安區,芳和里,1967,2334442,1187,598,264,1329,2221.43,187.18
台北市,大安區,龍安里,2331,4916540,2109,971,374,2251,7415.33,351.57
台北市,大安區,義安里,2029,3788583,1867,841,345,1974,3363.11,180.11
台北市,大安區,虎嘯里,1440,2360829,1639,823,335,1922,2824.12,172.26
台北市,大安區,龍淵里,3185,4981207,1564,922,363,1988,2116.50,135.33
台北市,大安區,龍坡里,2012,3340872,1660,924,350,2105,2482.67,149.52
台北市,大安區,龍門里,1543,2927698,1897,1052,422,2351,2599.51,137.00
台北市,大安區,敦煌里,2222,3826714,1722,917,371,2039,2540.94,147.54
台北市,大安區,群賢里,2084,3103484,1489,738,292,1652,3257.87,218.77
台北市,大安區,車層里,2273,3793475,1669,825,322,1912,2692.91,161.36
台北市,大安區,光信里,2601,4391843,1689,807,350,1834,4473.03,264.91
台北市,大安區,和安里,2326,4745674,2040,913,333,2128,9956.85,488.02
台北市,大安區,正聲里,1699,2927469,1723,802,326,1714,4603.89,267.19
台北市,大安區,誠安里,1449,1787813,1234,669,275,1502,1700.35,137.81
台北市,大安區,華聲里,1468,2909915,1982,743,298,1686,21545.17,1086.92
台北市,大安區,臨江里,1324,1241814,938,545,261,1144,1374.60,146.56
台北市,大安區,龍陣里,1266,1968628,1555,766,339,1743,2686.14,172.74
台北市,大安區,龍圖里,2516,4247900,1688,785,334,1801,3256.19,192.86
台北市,大安區,古莊里,2770,3973668,1435,783,319,1737,2038.53,142.10
台北市,大安區,錦安里,2125,4233626,1992,990,379,2226,4515.14,226.63
台北市,大安區,大學里,3097,4683417,1512,792,324,1771,2606.08,172.33
台北市,大安區,古風里,1517,2429088,1601,844,356,1874,3831.50,239.28
台北市,大安區,全安里,1569,2885084,1839,804,328,2005,3795.01,206.38
台北市,大安區,黎元里,1701,1437513,845,547,260,1088,981.89,116.19
台北市,大安區,法治里,1655,2134768,1290,673,294,1419,2427.89,188.22
台北市,大安區,龍泉里,1737,2521936,1452,804,329,1861,2035.12,140.17
台北市,大安區,群英里,2463,3112505,1264,673,270,1578,1922.76,152.15
台北市,大安區,學府里,662,706568,1067,563,277,1459,1264.08,118.43
台北市,中正區,南門里,892,2000982,2243,759,318,1753,10562.42,470.85
台北市,中正區,龍興里,1098,1197496,1091,632,284,1343,1437.01,131.76
台北市,中正區,愛國里,1121,1447948,1292,715,293,1617,1763.83,136.56
台北市,中正區,龍光里,1097,1464197,1335,790,332,1651,1823.14,136.59
台北市,中正區,河堤里,1654,1980403,1197,660,299,1487,1516.17,126.63
台北市,中正區,龍福里,1743,2446717,1404,820,336,1683,1992.73,141.96
台北市,中正區,螢雪里,1436,1393344,970,583,273,1199,1232.93,127.07
台北市,中正區,永昌里,1403,1214766,866,480,228,1045,1555.75,179.68
台北市,中正區,文盛里,954,1274034,1335,735,302,1590,2170.10,162.50
台北市,中正區,忠勤里,1630,1014010,622,398,199,773,802.55,129.01
台北市,中正區,永功里,2051,2309183,1126,636,275,1349,1704.54,151.40
台北市,中正區,螢圃里,1986,2319729,1168,651,290,1367,1978.14,169.36
台北市,中正區,幸市里,1691,2998881,1773,884,342,2040,4199.73,236.81
台北市,中正區,文祥里,2767,5198737,1879,990,388,2195,6058.50,322.46
台北市,中正區,黎明里,1120,1460493,1304,703,311,1466,2080.97,159.58
台北市,中正區,建國里,582,1043754,1793,955,369,1937,3022.50,168.54
台北市,中正區,光復里,1406,1722578,1225,662,312,1479,1756.79,143.39
台北市,中正區,東門里,1349,2421991,1795,879,358,2127,3322.53,185.06
台北市,中正區,板溪里,1231,1524064,1238,702,306,1505,1787.53,144.38
台北市,中正區,文北里,2052,4348054,2119,973,374,2262,4681.65,220.94
台北市,中正區,梅花里,1196,2042701,1708,740,315,1744,6806.57,398.52
台北市,中正區,廈安里,1427,1809225,1268,755,319,1561,1639.19,129.29
台北市,中正區,網溪里,2028,2571976,1268,716,311,1527,2032.09,160.23
台北市,中正區,林興里,1665,2275228,1367,736,301,1563,2696.88,197.36
台北市,中正區,幸福里,1769,2766426,1564,772,302,1812,2516.51,160.92
台北市,中正區,水源里,1032,1166648,1130,672,307,1383,1564.22,138.37
台北市,中正區,富水里,798,958052,1201,759,333,1587,1422.48,118.48
台北市,中正區,頂東里,2172,2713062,1249,714,306,1474,1836.78,147.05
台北市,中正區,新營里,2958,5177442,1750,1054,413,2206,2252.83,128.71
台北市,中正區,南福里,3930,6754138,1719,994,383,2114,2874.28,167.24
台北市,中正區,三愛里,3079,5092567,1654,879,332,2066,2532.65,153.13
台北市,萬華區,柳鄉里,1324,892024,674,423,213,821,810.11,120.24
台北市,萬華區,雙園里,1408,1352425,961,560,268,1159,1218.45,126.85
台北市,萬華區,糖廍里,1670,1493518,894,516,248,1043,1377.98,154.08
台北市,萬華區,西門里,1169,1143783,978,584,238,1179,1446.60,147.85
台北市,萬華區,仁德里,1714,2036550,1188,592,257,1326,2482.56,208.94
台北市,萬華區,新起里,2442,2734134,1120,607,260,1276,2721.56,243.08
台北市,萬華區,日善里,1039,816550,786,499,231,987,1132.43,144.09
台北市,萬華區,菜園里,1909,1739055,911,549,238,1150,1121.30,123.09
台北市,萬華區,頂碩里,2162,1834479,849,504,233,1033,1479.67,174.38
台北市,萬華區,福音里,1299,1150270,886,564,267,1172,1058.84,119.58
台北市,萬華區,華中里,1762,1366675,776,456,221,958,1069.62,137.90
台北市,萬華區,青山里,1618,1437177,888,490,232,1019,1301.41,146.52
台北市,萬華區,新和里,2634,2406064,913,540,244,1100,1224.94,134.10
台北市,萬華區,新安里,1600,1087570,680,420,213,831,864.55,127.19
台北市,萬華區,富民里,1488,1260853,847,528,250,1058,1044.64,123.28
台北市,萬華區,富福里,1480,1350635,913,496,242,1072,1378.19,151.02
台北市,萬華區,綠堤里,987,596704,605,409,212,761,723.46,119.67
台北市,萬華區,忠貞里,1210,860771,711,452,214,907,835.79,117.49
台北市,萬華區,日祥里,1736,1387437,799,489,228,969,1014.49,126.94
台北市,萬華區,忠德里,1323,1054407,797,503,243,972,1048.74,131.59
台北市,萬華區,孝德里,950,699059,736,449,229,871,973.98,132.36
台北市,萬華區,保德里,972,976233,1004,517,236,1069,2330.02,231.99
台北市,萬華區,全德里,1308,1344882,1028,576,268,1206,1744.46,169.66
台北市,萬華區,興德里,1159,882032,761,484,223,934,1077.17,141.54
台北市,萬華區,壽德里,1511,1326375,878,526,255,1088,1122.93,127.92
台北市,萬華區,凌霄里,989,693829,702,446,202,915,833.78,118.85
台北市,萬華區,和平里,1803,1254701,696,453,214,873,821.34,118.03
台北市,萬華區,騰雲里,980,881848,900,533,241,1023,1385.13,153.93
台北市,萬華區,榮德里,969,679939,702,465,206,848,861.18,122.73
台北市,萬華區,福星里,1660,1539565,927,479,206,1062,1638.85,176.71
台北市,萬華區,和德里,1619,1164347,719,443,202,846,970.49,134.94
台北市,萬華區,萬壽里,982,987264,1005,536,215,1155,1469.47,146.16
台北市,萬華區,銘德里,1351,1109457,821,473,229,994,1344.97,163.78
台北市,萬華區,華江里,2472,1764339,714,461,227,850,911.70,127.74
台北市,萬華區,錦德里,1612,1210369,751,481,227,920,911.76,121.43
台北市,萬華區,新忠里,1024,940789,919,558,249,1090,1149.76,125.14
台北市,大同區,建泰里,1274,1546741,1214,640,282,1349,2035.71,167.68
台北市,大同區,建明里,1155,1111730,963,567,223,1153,1399.63,145.41
台北市,大同區,雙連里,2912,3026644,1039,597,279,1273,1430.04,137.59
台北市,大同區,建功里,1555,1676152,1078,568,254,1235,1625.70,150.82
台北市,大同區,景星里,669,510174,763,469,209,888,1136.19,148.99
台北市,大同區,星明里,1982,2167269,1093,629,268,1333,1410.02,128.95
台北市,大同區,朝陽里,1531,1632449,1066,562,265,1217,1742.23,163.40
台北市,大同區,大有里,1565,1534645,981,565,262,1171,1455.15,148.39
台北市,大同區,斯文里,1572,1368601,871,497,228,1051,1171.06,134.51
台北市,大同區,揚雅里,1092,984070,901,484,225,996,1542.27,171.14
台北市,大同區,國順里,826,596982,723,435,208,935,922.88,127.69
台北市,大同區,國慶里,1627,1817065,1117,612,269,1279,2000.69,179.14
台北市,大同區,隆和里,1203,1237407,1029,574,263,1296,1310.94,127.45
台北市,大同區,南芳里,1319,1270375,963,550,252,1177,1337.83,138.90
台北市,大同區,鄰江里,2073,1633013,788,476,220,973,932.54,118.38
台北市,大同區,玉泉里,981,1088277,1109,603,278,1348,1517.77,136.82
台北市,大同區,光能里,1725,1915436,1110,570,272,1261,1953.20,175.90
台北市,大同區,重慶里,2251,2311127,1027,608,262,1267,1616.43,157.44
台北市,大同區,至聖里,2713,2532640,934,531,244,1095,1403.78,150.37
台北市,大同區,老師里,1807,1434045,794,513,250,1002,991.55,124.94
台北市,大同區,蓬萊里,1701,2001754,1177,581,248,1284,3149.62,267.64
台北市,大同區,民權里,2248,2624989,1168,673,295,1427,1570.45,134.49
台北市,大同區,延平里,1333,1131261,849,512,243,1038,1064.92,125.48
台北市,大同區,永樂里,1874,2292707,1223,623,266,1350,2089.14,170.76
台北市,大同區,保安里,1516,1455154,960,560,262,1104,1438.33,149.85
台北市,中山區,聚盛里,1356,1307255,964,486,219,1101,1741.51,180.65
台北市,中山區,大佳里,293,227102,775,453,230,870,1103.27,142.34
台北市,中山區,恆安里,1885,2426476,1287,711,279,1493,2090.33,162.39
台北市,中山區,集英里,2399,2939920,1225,640,281,1420,2234.14,182.31
台北市,中山區,正守里,1239,1486648,1200,704,293,1439,1669.64,139.15
台北市,中山區,正義里,1815,1650363,909,530,238,1070,1426.60,156.89
台北市,中山區,新生里,1603,1548480,966,550,241,1171,1312.17,135.84
台北市,中山區,松江里,2277,3220446,1414,647,273,1432,6837.54,483.44
台北市,中山區,江山里,2767,3253699,1176,660,294,1393,1718.79,146.17
台北市,中山區,中山里,2657,2782981,1047,576,267,1179,1589.50,151.75
台北市,中山區,成功里,2500,5903927,2362,1073,434,2530,6395.10,270.80
台北市,中山區,下埤里,2755,3085996,1120,636,278,1322,1721.77,153.71
台北市,中山區,中原里,1900,2531431,1332,669,292,1492,2238.16,167.99
台北市,中山區,新庄里,1645,1327617,807,468,228,988,1144.87,141.86
台北市,中山區,江寧里,2526,3352142,1327,713,310,1649,1916.48,144.42
台北市,中山區,復華里,1795,2767425,1542,745,310,1726,2496.77,161.95
台北市,中山區,興亞里,2199,3075685,1399,712,289,1550,2238.34,160.03
台北市,中山區,朱園里,1867,2971239,1591,793,335,1598,3475.24,218.37
台北市,中山區,中央里,1312,1678509,1279,658,290,1467,2156.98,168.60
台北市,中山區,新福里,1733,1797858,1037,535,237,1168,2083.94,200.88
台北市,中山區,中庄里,1756,1893510,1078,556,239,1199,4228.06,392.10
台北市,中山區,康樂里,1009,1161553,1151,599,243,1296,2164.66,188.04
台北市,中山區,行政里,2014,1846376,917,513,235,1118,1351.64,147.44
台北市,中山區,聚葉里,1394,1492884,1071,564,246,1214,1876.35,175.21
台北市,中山區,正得里,1439,1939305,1348,696,296,1550,2741.64,203.43
台北市,中山區,中吉里,2087,2810288,1347,703,291,1589,2085.60,154.88
台北市,中山區,新喜里,1726,1643895,952,552,258,1178,1333.65,140.03
台北市,中山區,埤頭里,1221,1468621,1203,614,272,1234,3345.60,278.15
台北市,中山區,大直里,3016,3606196,1196,689,292,1448,1791.15,149.80
台北市,中山區,劍潭里,1123,1449287,1291,672,327,1450,2552.14,197.76
台北市,中山區,力行里,2391,4220672,1765,721,316,1699,6720.21,380.70
台北市,中山區,朱崙里,1166,1716968,1473,742,303,1560,2947.87,200.19
台北市,中山區,晴光里,2023,2590432,1280,584,275,1321,3818.21,298.18
台北市,中山區,永安里,3450,6783062,1966,911,370,2202,3954.74,201.15
台北市,中山區,圓山里,1433,1413604,986,601,258,1240,1419.81,143.93
台北市,中山區,民安里,1686,1842732,1093,581,247,1288,1663.41,152.19
台北市,中山區,行孝里,1482,1376470,929,567,244,1167,1354.51,145.84
台北市,中山區,龍洲里,1803,2178627,1208,663,295,1395,2427.86,200.93
台北市,中山區,行仁里,2546,2172834,853,520,237,1052,1048.06,122.81
台北市,中山區,朱馥里,1977,2209480,1118,588,270,1271,1753.68,156.92
台北市,中山區,金泰里,2898,6810186,2350,964,374,2256,6884.54,292.96
台北市,中山區,北安里,880,1003096,1140,647,287,1461,1431.86,125.61
台北市,文山區,景美里,1746,2099812,1203,705,315,1448,1743.35,144.96
台北市,文山區,景行里,2592,3113328,1201,691,289,1378,4806.82,400.19
台北市,文山區,景仁里,2070,2795037,1350,770,328,1633,2221.31,164.51
台北市,文山區,萬有里,1942,2312178,1191,706,294,1470,2467.82,207.27
台北市,文山區,景慶里,2121,2161860,1019,614,283,1324,1260.05,123.62
台北市,文山區,萬隆里,2438,2826946,1160,678,288,1425,1580.30,136.29
台北市,文山區,萬祥里,1529,1548232,1013,598,265,1286,1375.18,135.81
台北市,文山區,萬年里,1870,2127269,1138,656,282,1390,1780.04,156.48
台北市,文山區,萬盛里,1640,1766526,1077,637,289,1365,1332.95,123.75
台北市,文山區,萬和里,1170,1585156,1355,814,321,1649,1872.77,138.23
台北市,文山區,興福里,1807,1883950,1043,615,284,1291,1497.84,143.67
台北市,文山區,興得里,2106,2119299,1006,602,283,1276,1245.85,123.80
台北市,文山區,興豐里,1648,2164367,1313,703,286,1565,1804.97,137.43
台北市,文山區,興旺里,2918,3034589,1040,616,299,1305,1409.12,135.50
台北市,文山區,興光里,1389,1852290,1334,697,324,1588,1857.82,139.31
台北市,文山區,興安里,2344,3093363,1320,698,303,1556,2098.52,159.02
台北市,文山區,興昌里,2319,2984407,1287,715,301,1548,1939.16,150.68
台北市,文山區,興泰里,1464,1622087,1108,690,276,1368,1381.26,124.66
台北市,文山區,興業里,1832,1962839,1071,644,294,1320,1455.67,135.86
台北市,文山區,景東里,2342,2474062,1056,632,282,1319,1403.41,132.85
台北市,文山區,景華里,1884,2109251,1120,646,289,1379,1439.73,128.60
台北市,文山區,興家里,2537,2301749,907,573,264,1128,1397.12,153.99
台北市,文山區,萬芳里,2617,2753494,1052,604,269,1285,1416.89,134.67
台北市,文山區,木柵里,3253,5409211,1663,695,300,1603,11285.97,678.72
台北市,文山區,博嘉里,1873,3046941,1627,626,284,1405,19999.36,1229.39
台北市,文山區,樟腳里,1846,2353803,1275,657,292,1393,2228.62,174.78
台北市,文山區,老泉里,206,109915,534,372,180,672,666.63,124.94
台北市,文山區,木新里,2970,2929607,986,543,247,1131,1765.78,179.01
台北市,文山區,指南里,1293,1568140,1213,631,268,1520,1967.55,162.23
台北市,文山區,華興里,3009,4002796,1330,690,298,1587,1969.76,148.07
台北市,文山區,順興里,2375,2321960,978,543,261,1183,1362.91,139.40
台北市,文山區,萬興里,2879,4016013,1395,677,297,1622,2719.88,194.98
台北市,文山區,明興里,2327,2335399,1004,590,264,1211,1650.05,164.41
台北市,文山區,明義里,1086,1002721,923,451,203,1028,1385.65,150.07
台北市,文山區,試院里,2365,2928418,1238,656,293,1409,3894.64,314.53
台北市,文山區,樟新里,1925,2336721,1214,654,281,1418,1939.50,159.78
台北市,文山區,樟林里,2832,2797428,988,605,270,1274,1213.93,122.89
台北市,文山區,忠順里,1513,2120118,1401,691,305,1503,5271.15,376.17
台北市,文山區,萬美里,2348,2962239,1262,573,250,1407,2396.60,189.96
台北市,文山區,興邦里,1780,1907451,1072,648,290,1353,1557.72,145.36
台北市,文山區,樟樹里,1504,1701051,1131,543,251,1259,6153.01,544.02
台北市,文山區,政大里,2715,4729263,1742,1034,414,2303,2236.38,128.39
台北市,文山區,樟文里,1935,2049628,1059,669,292,1335,1318.11,124.44
台北市,南港區,南港里,2077,2272711,1094,597,271,1258,1711.52,156.41
台北市,南港區,三重里,2953,6404645,2169,1028,394,2493,4856.53,223.92
台北市,南港區,新富里,1307,1179968,903,512,244,1092,1292.01,143.11
台北市,南港區,中研里,3305,3539773,1071,620,281,1305,1478.57,138.05
台北市,南港區,鴻福里,1559,1589461,1020,575,269,1200,1605.67,157.49
台北市,南港區,東新里,2313,2184823,945,536,249,1111,1413.31,149.62
台北市,南港區,西新里,1573,1346519,856,517,257,1046,1137.45,132.88
台北市,南港區,新光里,1248,1346413,1079,544,263,1183,2219.50,205.73
台北市,南港區,百福里,1707,1494727,876,541,257,1119,1011.54,115.52
台北市,南港區,玉成里,1591,1494053,939,564,279,1158,1206.65,128.50
台北市,南港區,成福里,2475,2421895,979,559,274,1215,1382.43,141.27
台北市,南港區,中南里,1105,848077,767,485,237,890,1173.45,152.89
台北市,南港區,舊莊里,2784,2132998,766,466,221,910,1012.53,132.16
台北市,南港區,九如里,1993,1775882,891,536,249,1123,1212.93,136.12
台北市,南港區,東明里,2073,2321776,1120,594,280,1265,1738.28,155.20
台北市,南港區,合成里,2157,2643247,1225,610,260,1310,2240.10,182.80
台北市,南港區,聯成里,1621,1448161,893,542,253,1114,1127.60,126.22
台北市,南港區,萬福里,1527,1743950,1142,591,265,1256,1989.06,174.16
台北市,南港區,仁福里,1801,1861584,1034,605,297,1293,1249.92,120.92
台北市,南港區,重陽里,2247,3884842,1729,874,360,2097,3013.77,174.32
台北市,內湖區,紫陽里,3109,3883698,1249,707,321,1513,1775.63,142.14
台北市,內湖區,紫星里,2739,2924055,1068,633,281,1257,1592.54,149.18
台北市,內湖區,湖興里,2750,2925508,1064,624,276,1374,1330.75,125.09
台北市,內湖區,大湖里,2040,2715167,1331,727,324,1552,2168.38,162.92
台北市,內湖區,紫雲里,1920,2029464,1057,594,274,1348,1552.40,146.87
台北市,內湖區,瑞陽里,2695,3286181,1219,679,304,1481,2007.03,164.60
台北市,內湖區,清白里,3245,5224687,1610,808,341,1938,2524.53,156.80
台北市,內湖區,港墘里,2124,2646698,1246,704,316,1513,1926.89,154.63
台北市,內湖區,西湖里,2439,2288749,938,561,276,1160,1263.97,134.69
台北市,內湖區,石潭里,1542,2231959,1447,698,282,1592,2656.36,183.52
台北市,內湖區,葫洲里,2609,3683397,1412,797,343,1732,1857.57,131.57
台北市,內湖區,五分里,3422,3368530,984,609,293,1274,1150.06,116.83
台北市,內湖區,內湖里,2515,3208588,1276,638,288,1418,2088.37,163.69
台北市,內湖區,週美里,3347,5798337,1732,787,341,1892,3514.41,202.86
台北市,內湖區,內溝里,1645,1578390,960,566,259,1223,1233.42,128.55
台北市,內湖區,碧山里,2349,2548068,1085,610,276,1320,1764.24,162.64
台北市,內湖區,瑞光里,1572,1577077,1003,639,276,1278,1214.03,121.01
台北市,內湖區,金龍里,1839,1784312,970,559,267,1142,1273.52,131.25
台北市,內湖區,行善里,2444,2617656,1071,628,292,1324,1355.95,126.60
台北市,內湖區,湖濱里,3040,4591432,1510,761,317,1672,3488.97,231.01
台北市,內湖區,東湖里,2808,2599058,926,558,262,1116,1309.78,141.51
台北市,內湖區,樂康里,2672,2411646,903,580,288,1160,1063.99,117.89
台北市,內湖區,西安里,2389,2606855,1091,665,295,1358,1464.23,134.19
台北市,內湖區,西康里,3534,4726094,1337,713,312,1537,2214.41,165.59
台北市,內湖區,港富里,3194,4093148,1282,689,304,1479,2223.85,173.53
台北市,內湖區,港華里,3241,4191214,1293,701,308,1570,2187.98,169.19
台北市,內湖區,港都里,1964,2455845,1250,710,301,1486,1907.52,152.55
台北市,內湖區,金瑞里,2257,2375828,1053,606,289,1312,1430.54,135.90
台北市,內湖區,湖元里,2358,2285456,969,575,280,1124,1382.06,142.59
台北市,內湖區,安湖里,2695,3015050,1119,646,307,1361,1750.93,156.51
台北市,內湖區,秀湖里,2366,3482014,1472,699,300,1584,3205.06,217.78
台北市,內湖區,安泰里,1719,1457386,848,534,267,1063,1023.91,120.77
台北市,內湖區,金湖里,3670,8090850,2205,1047,418,2551,4362.16,197.87
台北市,內湖區,康寧里,2978,3785304,1271,714,336,1642,1541.40,121.27
台北市,內湖區,明湖里,1876,2056156,1096,677,309,1396,1508.94,137.67
台北市,內湖區,蘆洲里,390,275790,707,449,261,818,811.25,114.72
台北市,內湖區,麗山里,2027,2483456,1225,678,313,1464,1969.04,160.71
台北市,內湖區,寶湖里,3846,9284189,2414,1143,443,2655,15013.93,621.96
台北市,內湖區,南湖里,2081,3578873,1720,949,404,2088,2311.54,134.41
台北市,士林區,仁勇里,1257,1178588,938,546,255,1165,1617.63,172.52
台北市,士林區,福林里,1034,1424644,1378,631,265,1366,3275.68,237.75
台北市,士林區,福志里,2761,3488422,1263,663,288,1477,2143.67,169.67
台北市,士林區,福德里,1518,1659698,1093,653,284,1367,1733.29,158.53
台北市,士林區,福佳里,2691,3202640,1190,633,275,1399,1703.77,143.16
台北市,士林區,舊佳里,2137,2287146,1070,605,274,1282,1445.12,135.03
台北市,士林區,富光里,1709,1245706,729,443,231,901,911.84,125.10
台北市,士林區,後港里,2673,2598767,972,580,272,1195,1244.52,128.01
台北市,士林區,前港里,1481,1472560,994,605,267,1272,1288.71,129.61
台北市,士林區,福中里,2145,2207934,1029,582,266,1254,1488.55,144.61
台北市,士林區,葫蘆里,2214,1905187,861,541,255,1069,1036.95,120.50
台北市,士林區,福順里,1657,1294915,781,471,221,970,974.10,124.65
台北市,士林區,葫東里,1301,1092791,840,488,236,1036,1104.89,131.54
台北市,士林區,社新里,2598,2004186,771,454,228,924,1158.64,150.19
台北市,士林區,社子里,1959,1649756,842,497,241,1023,1142.91,135.71
台北市,士林區,永倫里,2135,1638774,768,466,226,928,1120.27,145.95
台北市,士林區,翠山里,963,1050336,1091,565,237,1274,1657.99,152.01
台北市,士林區,福安里,1315,955421,727,445,215,839,1076.02,148.10
台北市,士林區,富洲里,1787,1328168,743,457,246,887,933.56,125.61
台北市,士林區,承德里,1970,2139697,1086,623,278,1360,1489.90,137.17
台北市,士林區,蘭雅里,3079,4183140,1359,706,302,1493,3626.27,266.91
台北市,士林區,德行里,1621,1935579,1194,640,275,1361,1794.38,150.27
台北市,士林區,忠誠里,1950,2623667,1345,615,275,1383,2843.27,211.32
台北市,士林區,三玉里,2086,3025916,1451,674,299,1494,3145.15,216.82
台北市,士林區,芝山里,2645,3548643,1342,653,284,1475,2543.57,189.59
台北市,士林區,岩山里,1166,1423752,1221,626,278,1339,2998.42,245.56
台北市,士林區,義信里,1064,1269420,1193,604,280,1306,1904.13,159.60
台北市,士林區,永福里,405,1387488,3426,737,310,1597,21053.95,614.55
台北市,士林區,新安里,641,996341,1554,571,258,1245,4021.10,258.70
台北市,士林區,公館里,375,569258,1518,495,269,1009,6627.93,436.62
台北市,士林區,陽明里,946,1484168,1569,600,295,1429,4206.87,268.14
台北市,士林區,菁山里,446,584018,1309,513,252,975,10269.04,784.22
台北市,士林區,平等里,407,335286,824,490,259,957,1573.17,190.97
台北市,士林區,溪山里,362,325291,899,412,208,891,1917.35,213.37
台北市,士林區,百齡里,2170,1895576,874,548,262,1145,1044.09,119.52
台北市,士林區,天玉里,3112,4705267,1512,770,315,1701,2345.10,155.10
台北市,士林區,天福里,2206,2925879,1326,693,292,1475,3606.61,271.92
台北市,士林區,天祿里,1861,2364234,1270,718,313,1501,2003.34,157.69
台北市,士林區,天壽里,1807,2989547,1654,810,354,1836,3435.58,207.66
台北市,士林區,東山里,1644,2059590,1253,665,285,1419,2658.65,212.22
台北市,士林區,福華里,1768,1444559,817,501,226,981,1542.17,188.75
台北市,士林區,聖山里,1765,2406594,1364,721,322,1642,1865.60,136.82
台北市,士林區,天和里,2649,3649120,1378,738,309,1631,2193.61,159.24
台北市,士林區,明勝里,1642,1657984,1010,568,250,1236,1459.38,144.53
台北市,士林區,社園里,2143,1582390,738,478,241,928,824.30,111.63
台北市,士林區,蘭興里,2269,2922860,1288,670,294,1475,1849.56,143.58
台北市,士林區,天母里,2421,4423873,1827,800,331,1794,5877.15,321.63
台北市,士林區,名山里,2554,3136899,1228,667,294,1497,1668.14,135.82
台北市,士林區,德華里,1917,1904552,994,596,261,1235,1227.99,123.60
台北市,士林區,天山里,2434,3390279,1393,698,283,1629,2359.24,169.38
台北市,士林區,臨溪里,1058,2097490,1983,765,316,1831,5454.07,275.11
台北市,北投區,湖山里,459,473708,1032,531,240,1083,1854.19,179.66
台北市,北投區,永欣里,3071,5858631,1908,986,375,2366,2541.79,133.24
台北市,北投區,泉源里,667,541422,812,438,215,841,2190.29,269.83
台北市,北投區,一德里,2415,2399910,994,584,264,1220,1280.40,128.85
台北市,北投區,關渡里,3539,3552061,1004,554,251,1130,1912.02,190.50
台北市,北投區,桃源里,2023,1872943,926,545,262,1132,1448.61,156.47
台北市,北投區,文化里,1344,1348635,1003,589,273,1315,1217.99,121.38
台北市,北投區,永和里,3312,4435783,1339,705,282,1519,2338.44,174.60
台北市,北投區,立農里,3053,3337274,1093,647,296,1381,1817.53,166.27
台北市,北投區,清江里,2769,2621442,947,519,236,1058,2421.36,255.77
台北市,北投區,八仙里,1795,1911549,1065,615,280,1310,1392.46,130.76
台北市,北投區,洲美里,744,571223,768,497,226,957,1008.95,131.41
台北市,北投區,中和里,1630,1762037,1081,528,232,1188,3566.26,329.90
台北市,北投區,開明里,2207,2348544,1064,549,254,1144,2596.66,244.02
台北市,北投區,長安里,2044,2000049,978,542,238,1132,1485.91,151.86
台北市,北投區,大同里,1877,2065187,1100,548,253,1232,1928.19,175.25
台北市,北投區,福興里,2335,2527551,1082,618,272,1332,1481.51,136.86
台北市,北投區,石牌里,1741,1732977,995,595,275,1170,1365.06,137.14
台北市,北投區,奇岩里,4010,5607755,1398,679,292,1530,2363.56,169.01
台北市,北投區,稻香里,1755,1581597,901,525,258,1101,1176.02,130.50
台北市,北投區,中央里,2754,2976911,1081,572,261,1252,2015.83,186.49
台北市,北投區,溫泉里,2222,2071260,932,526,242,1132,1422.76,152.63
台北市,北投區,立賢里,1807,1768644,979,598,273,1263,1176.86,120.24
台北市,北投區,中心里,2246,2128206,948,533,241,1135,1330.81,140.45
台北市,北投區,智仁里,1879,1489909,793,496,242,1007,992.78,125.20
台北市,北投區,吉利里,2290,2562425,1119,667,285,1426,1469.95,131.37
台北市,北投區,尊賢里,1507,1551621,1030,617,278,1310,1303.23,126.58
台北市,北投區,東華里,1472,1587015,1078,578,268,1365,1575.26,146.11
台北市,北投區,吉慶里,1681,1884871,1121,660,282,1437,1595.45,142.29
台北市,北投區,中庸里,1286,1031808,802,522,246,1049,885.33,110.34
台北市,北投區,秀山里,953,759422,797,503,231,972,978.22,122.76
台北市,北投區,建民里,1568,1935062,1234,651,281,1387,2162.81,175.25
台北市,北投區,榮光里,2289,2355722,1029,613,274,1313,1269.45,123.35
台北市,北投區,裕民里,2731,3640468,1333,658,281,1560,2154.89,161.66
台北市,北投區,振華里,2505,2815311,1124,659,294,1429,1451.02,129.11
台北市,北投區,榮華里,2662,4108551,1543,795,345,1825,3449.74,223.51
台北市,北投區,豐年里,1352,1087303,804,498,239,933,998.00,124.10
台北市,北投區,林泉里,978,858556,878,527,262,1048,1978.30,225.35
台北市,北投區,永明里,1644,1891218,1150,672,299,1390,1497.47,130.17
台北市,北投區,文林里,1512,1824499,1207,651,315,1395,1832.88,151.89
台北市,北投區,大屯里,330,334071,1012,547,279,1018,1484.12,146.60
台北市,北投區,湖田里,225,224794,999,478,227,961,2954.42,295.71
台北市,信義區,松友里,2189,2212805,1011,627,279,1316,1189.87,117.71
台北市,信義區,六藝里,1210,1116975,923,559,260,1191,1252.11,135.64
台北市,信義區,中興里,1241,1770774,1427,779,328,1585,2609.25,182.86
台北市,信義區,永吉里,994,899847,905,513,250,973,2233.58,246.73
台北市,信義區,敦厚里,1868,2302414,1233,712,317,1494,1847.19,149.87
台北市,信義區,大道里,2045,2146936,1050,615,271,1310,1432.61,136.46
台北市,信義區,安康里,3823,10119528,2647,945,377,2336,15206.87,574.49
台北市,信義區,嘉興里,1085,1120598,1033,565,258,1176,2610.10,252.72
台北市,信義區,五全里,1665,1699320,1021,563,273,1134,1607.53,157.51
台北市,信義區,新仁里,1184,1681511,1420,661,291,1572,3098.77,218.19
台北市,信義區,正和里,1585,2263923,1428,753,286,1653,2365.23,165.59
台北市,信義區,惠安里,2089,2010544,962,548,257,1156,1335.06,138.72
台北市,信義區,三犁里,1862,3496999,1878,722,306,1629,10506.02,559.40
台北市,信義區,六合里,2368,3233957,1366,649,292,1504,3165.07,231.76
台北市,信義區,泰和里,2534,2487543,982,554,262,1131,1999.15,203.65
台北市,信義區,西村里,1563,1734481,1110,654,276,1387,1478.68,133.25
台北市,信義區,興隆里,888,1716727,1933,693,300,1703,5335.51,275.99
台北市,信義區,景新里,1799,2975073,1654,741,294,1734,3435.15,207.72
台北市,信義區,景聯里,1626,1665162,1024,567,255,1244,1348.95,131.72
台北市,信義區,景勤里,1208,1191998,987,566,270,1182,1350.29,136.84
台北市,信義區,黎順里,1363,1630967,1197,675,287,1413,1643.29,137.33
台北市,信義區,黎平里,2406,2429955,1010,620,292,1257,1310.48,129.76
台北市,信義區,黎忠里,1534,1427261,930,560,260,1143,1149.06,123.50
台北市,信義區,松隆里,664,520205,783,507,259,970,889.04,113.48
台北市,信義區,中坡里,1437,1251175,871,570,268,1097,1022.60,117.45
台北市,信義區,永春里,1589,1595755,1004,605,276,1238,1307.06,130.15
台北市,信義區,富台里,1633,2151126,1317,726,306,1617,1932.25,146.68
台北市,信義區,長春里,1298,1089694,840,492,250,1043,1071.56,127.64
台北市,信義區,五常里,1217,1338964,1100,591,292,1262,1704.96,154.97
台北市,信義區,四維里,1795,1949428,1086,614,290,1265,1695.95,156.16
台北市,信義區,雅祥里,1733,1958230,1130,599,255,1311,1963.70,173.78
台北市,信義區,興雅里,1932,2196736,1137,615,282,1369,1503.82,132.26
台北市,信義區,廣居里,2643,3392006,1283,706,304,1555,2720.82,212.00
台北市,信義區,中行里,2550,2224642,872,517,257,1018,1267.40,145.28
台北市,信義區,四育里,1853,1724192,930,592,271,1165,1136.75,122.17
台北市,信義區,國業里,2480,2946905,1188,672,279,1480,1646.68,138.58
台北市,信義區,松光里,1644,1666264,1014,619,272,1219,1440.36,142.11
台北市,信義區,大仁里,1755,1300364,741,484,242,898,921.45,124.36
台北市,信義區,雙和里,2395,2478837,1035,610,279,1264,1506.42,145.55
台北市,信義區,黎安里,428,341847,799,432,221,830,1553.95,194.56
台北市,信義區,三張里,2993,3841580,1284,628,274,1417,3282.40,255.73
台中市,中區,繼光里,419,338607,808,452,232,920,1151.86,142.53
台中市,中區,大墩里,618,522293,845,484,213,1042,1295.94,153.34
台中市,中區,綠川里,471,319779,679,445,195,895,760.27,111.98
台中市,中區,公園里,451,416069,923,485,233,1122,1227.10,133.01
台中市,中區,光復里,568,503130,886,459,190,1016,1388.55,156.76
台中市,中區,柳川里,471,298219,633,357,142,849,934.94,147.66
台中市,中區,大誠里,606,475068,784,447,208,907,1132.03,144.40
台中市,中區,中華里,464,372621,803,435,210,879,1156.40,144.00
台中市,東區,新庄里,802,698955,872,496,206,982,1357.74,155.79
台中市,東區,泉源里,687,569287,829,490,218,1082,998.72,120.52
台中市,東區,東門里,2571,1831714,712,446,206,892,857.02,120.29
台中市,東區,東勢里,719,477489,664,401,196,848,782.31,117.80
台中市,東區,合作里,1150,751845,654,455,223,847,745.54,114.04
台中市,東區,振興里,955,688357,721,439,207,887,997.68,138.41
台中市,東區,東橋里,1258,904601,719,431,192,879,956.85,133.07
台中市,東區,旱溪里,751,540735,720,421,197,826,1202.49,167.01
台中市,東區,樂成里,776,590823,761,486,214,1001,888.11,116.65
台中市,東區,干城里,721,631077,875,541,238,1092,1334.00,152.41
台中市,東區,東南里,1057,773865,732,424,190,827,1701.63,232.42
台中市,東區,十甲里,1756,1334996,760,488,225,998,913.53,120.16
台中市,東區,富台里,439,271059,617,400,211,721,806.89,130.68
台中市,東區,富仁里,1181,923803,782,461,214,967,936.99,119.79
台中市,東區,東興里,991,673171,679,441,188,893,808.18,118.98
台中市,東區,東信里,3025,2086660,690,448,204,882,783.51,113.58
台中市,東區,東英里,2688,2212611,823,499,234,1011,1179.14,143.25
台中市,西區,民生里,647,581530,899,533,242,1231,1018.02,113.26
台中市,西區,利民里,476,528320,1110,613,251,1301,1477.70,133.14
台中市,西區,三民里,640,752321,1176,722,320,1561,1317.52,112.08
台中市,西區,東昇里,876,822050,938,596,244,1219,1106.36,117.90
台中市,西區,廣民里,447,343889,769,451,181,850,1009.01,131.16
台中市,西區,平和里,690,634248,919,533,222,1122,1313.18,142.86
台中市,西區,公民里,1832,1882786,1028,570,252,1190,1916.33,186.46
台中市,西區,公舘里,1949,2113476,1084,500,213,1056,9098.16,839.01
台中市,西區,和龍里,631,437981,694,427,182,851,885.39,127.56
台中市,西區,民龍里,1337,1521494,1138,615,251,1326,1721.01,151.23
台中市,西區,後龍里,1254,1321934,1054,568,230,1220,1611.59,152.88
台中市,西區,安龍里,1037,1191850,1149,578,257,1219,2251.96,195.94
台中市,西區,忠明里,2152,2529492,1175,577,237,1273,1876.92,159.68
台中市,西區,公正里,2495,2407203,965,559,255,1160,1317.84,136.59
台中市,西區,昇平里,2057,2019760,982,552,241,1110,1631.26,166.13
台中市,西區,土庫里,2156,2589829,1201,584,269,1343,2224.09,185.15
台中市,西區,藍興里,1455,1375123,945,559,242,1174,1183.67,125.24
台中市,西區,吉龍里,2523,2692210,1067,580,250,1238,1667.20,156.24
台中市,西區,忠誠里,2152,1952514,907,516,236,1070,1210.75,133.44
台中市,西區,公益里,865,551403,637,414,185,811,731.64,114.77
台中市,西區,中興里,1333,1542511,1157,555,234,1208,2355.30,203.54
台中市,西區,公平里,1867,1900132,1018,549,238,1230,1515.52,148.91
台中市,西區,公德里,1629,1589880,976,569,259,1195,1342.45,137.55
台中市,西區,大忠里,1784,1877967,1053,647,276,1349,1411.12,134.05
台中市,西區,双龍里,926,892937,964,480,210,1054,1629.80,169.01
台中市,南區,城隍里,1237,931680,753,478,216,990,855.11,113.53
台中市,南區,南門里,1319,1116772,847,459,221,1056,1296.71,153.15
台中市,南區,德義里,1068,914202,856,492,244,1064,1085.59,126.82
台中市,南區,積善里,828,599556,724,466,232,865,904.45,124.91
台中市,南區,江川里,1014,907713,895,520,227,1104,1245.61,139.15
台中市,南區,新榮里,1678,1326431,790,510,235,1031,950.69,120.27
台中市,南區,福興里,1267,975905,770,492,236,965,961.13,124.78
台中市,南區,和平里,1591,1252200,787,518,241,996,933.98,118.67
台中市,南區,永興里,2993,2598691,868,558,260,1086,1122.61,129.30
台中市,南區,樹義里,4614,3935226,853,553,259,1101,979.34,114.83
台中市,南區,樹德里,3250,2995572,922,589,272,1208,1169.23,126.85
台中市,南區,西川里,1568,1300376,829,521,237,1056,997.32,120.26
台中市,南區,國光里,1283,1003521,782,473,230,963,1196.53,152.98
台中市,南區,福平里,1876,1363503,727,459,211,908,873.87,120.23
台中市,南區,長榮里,884,700089,792,479,219,939,1107.35,139.83
台中市,南區,長春里,648,524062,809,472,203,1008,1045.76,129.31
台中市,南區,福順里,2087,1734938,831,556,250,1074,985.16,118.51
台中市,南區,平和里,1170,950371,812,508,236,1007,942.48,116.03
台中市,南區,南和里,2591,2204637,851,508,237,1094,1270.25,149.29
台中市,南區,永和里,1631,1225293,751,505,233,941,891.67,118.69
台中市,南區,工學里,2645,2392483,905,592,266,1160,1052.58,116.37
台中市,南區,崇倫里,2042,1741385,853,557,268,1069,1039.77,121.93
台中市,北區,光大里,587,429694,732,420,187,825,1094.03,149.45
台中市,北區,新興里,424,259370,612,385,196,792,721.63,117.97
台中市,北區,錦村里,1022,784840,768,491,219,925,996.34,129.74
台中市,北區,邱厝里,823,978019,1188,594,243,1300,1898.90,159.79
台中市,北區,賴厝里,1431,1426339,997,576,239,1253,1317.95,132.23
台中市,北區,賴村里,1433,1157817,808,478,214,1003,1054.34,130.49
台中市,北區,淡溝里,1901,2135457,1123,608,260,1305,1579.62,140.62
台中市,北區,中達里,790,558038,706,428,186,862,979.39,138.65
台中市,北區,新北里,573,586133,1023,556,237,1313,1534.77,150.04
台中市,北區,樂英里,643,358301,557,379,172,740,588.96,105.69
台中市,北區,錦洲里,1083,808681,747,445,203,839,1119.56,149.93
台中市,北區,金龍里,1295,893624,690,444,188,809,960.96,139.26
台中市,北區,文莊里,1003,665034,663,435,198,835,806.50,121.64
台中市,北區,金華里,1031,1055260,1024,600,254,1276,1292.62,126.29
台中市,北區,五常里,390,326091,836,511,257,1027,933.32,111.62
台中市,北區,育德里,1250,1461911,1170,526,226,1183,2285.63,195.43
台中市,北區,頂厝里,1494,1366709,915,522,236,1037,1273.50,139.21
台中市,北區,建興里,1868,1453089,778,487,220,937,967.80,124.41
台中市,北區,建成里,1728,1066487,617,409,197,744,715.16,115.88
台中市,北區,健行里,2311,2615328,1132,560,258,1208,2837.74,250.75
台中市,北區,明德里,1961,1735139,885,548,248,1072,1299.45,146.86
台中市,北區,長青里,2062,1546916,750,480,213,929,935.34,124.68
台中市,北區,賴興里,1369,1069703,781,526,245,990,916.72,117.32
台中市,北區,賴明里,1244,981307,789,477,212,1001,1015.11,128.69
台中市,北區,錦祥里,1811,1487713,821,494,231,959,1166.28,141.97
台中市,北區,建德里,972,667052,686,435,194,847,1271.20,185.23
台中市,北區,崇德里,1225,1081298,883,509,228,1085,1229.98,139.34
台中市,北區,賴旺里,1297,894651,690,432,225,833,871.03,126.28
台中市,北區,明新里,867,646122,745,425,198,899,1461.48,196.11
台中市,北區,立人里,1388,1225659,883,529,235,1079,1143.18,129.46
台中市,北區,賴福里,1420,1794520,1264,660,276,1466,1841.65,145.73
台中市,北區,梅川里,1214,1142814,941,531,223,1150,1301.88,138.30
台中市,北區,錦平里,672,577805,860,500,226,1001,1137.90,132.34
台中市,北區,中正里,378,288627,764,478,204,950,882.64,115.60
台中市,北區,大湖里,486,268450,552,355,162,689,649.80,117.64
台中市,北區,六合里,533,395976,743,448,183,922,1420.87,191.25
台中市,西屯區,西安里,2168,2228557,1028,623,283,1256,1389.40,135.16
台中市,西屯區,西墩里,2505,3666360,1464,799,331,1872,1835.05,125.38
台中市,西屯區,潮洋里,2521,3475051,1378,750,327,1631,2238.33,162.38
台中市,西屯區,龍潭里,334,435901,1305,703,332,1647,1697.33,130.05
台中市,西屯區,惠來里,6935,14457272,2085,1005,380,2407,4327.00,207.56
台中市,西屯區,何安里,1926,1795726,932,525,240,1124,1287.07,138.04
台中市,西屯區,何厝里,1088,822731,756,459,214,959,906.27,119.85
台中市,西屯區,上石里,2012,1922871,956,581,263,1164,1168.07,122.22
台中市,西屯區,大河里,1344,1188091,884,498,237,964,1388.97,157.12
台中市,西屯區,大石里,648,464717,717,468,224,929,787.05,109.75
台中市,西屯區,港尾里,1717,1452600,846,488,226,1015,1254.18,148.25
台中市,西屯區,廣福里,674,496771,737,468,217,890,973.40,132.07
台中市,西屯區,林厝里,1250,1586643,1269,691,294,1612,1709.37,134.67
台中市,西屯區,永安里,4916,5949213,1210,678,306,1455,1828.47,151.09
台中市,西屯區,福安里,1270,1626547,1281,670,296,1508,2646.94,206.67
台中市,西屯區,協和里,1614,1350659,837,475,242,960,1194.81,142.78
台中市,西屯區,鵬程里,765,543657,711,462,223,871,812.70,114.36
台中市,西屯區,逢甲里,1747,1564497,896,522,244,1050,1468.88,164.02
台中市,西屯區,大福里,903,711486,788,455,213,919,1160.36,147.27
台中市,西屯區,大鵬里,1555,1223102,787,475,221,989,974.05,123.84
台中市,西屯區,西平里,1719,1540936,896,501,237,1170,1479.47,165.04
台中市,西屯區,何仁里,2180,1826446,838,519,235,1067,1115.36,133.13
台中市,西屯區,何德里,1373,1151961,839,556,246,1090,957.85,114.16
台中市,西屯區,何源里,2360,1867476,791,490,229,983,929.23,117.43
台中市,西屯區,何南里,1722,1562657,907,543,250,1121,1146.97,126.39
台中市,西屯區,至善里,1744,1751391,1004,589,264,1242,1464.73,145.85
台中市,西屯區,上安里,2171,2276406,1049,654,281,1317,1279.27,122.00
台中市,西屯區,上德里,1557,1371837,881,525,253,1133,1046.64,118.79
台中市,西屯區,逢福里,1979,1816084,918,539,252,1131,1179.20,128.50
台中市,西屯區,何明里,1247,1004898,806,473,222,967,1135.93,140.96
台中市,西屯區,何成里,2834,2604291,919,552,253,1135,1244.88,135.47
台中市,西屯區,何福里,1576,1270934,806,487,236,1021,1013.90,125.73
台中市,西屯區,福和里,1527,1311984,859,470,249,980,1290.92,150.25
台中市,西屯區,福中里,1227,970880,791,508,238,927,1049.56,132.64
台中市,西屯區,福恩里,1989,2140909,1076,640,291,1312,1406.49,130.67
台中市,西屯區,福聯里,1173,1301562,1110,593,266,1222,1674.61,150.92
台中市,西屯區,福瑞里,1104,1107543,1003,605,264,1218,1383.10,137.87
台中市,西屯區,福林里,3286,4561356,1388,801,340,1717,1838.05,132.41
台中市,西屯區,福雅里,2309,2574061,1115,621,273,1338,1748.26,156.82
台中市,南屯區,南屯里,3279,3651432,1114,660,282,1357,1618.29,145.32
台中市,南屯區,豐樂里,4783,6619039,1384,713,302,1652,2858.63,206.57
台中市,南屯區,楓樹里,2172,2093515,964,556,263,1152,1306.80,135.58
台中市,南屯區,中和里,1260,815944,648,438,219,782,794.09,122.62
台中市,南屯區,鎮平里,416,324134,779,489,231,911,961.02,123.34
台中市,南屯區,春社里,2037,1582147,777,506,236,962,1005.40,129.44
台中市,南屯區,文山里,4679,4048917,865,620,309,1102,943.60,109.04
台中市,南屯區,新生里,1380,2127045,1541,847,351,1912,2435.49,158.01
台中市,南屯區,永定里,1989,1992834,1002,565,244,1198,1400.69,139.80
台中市,南屯區,三厝里,2774,3022835,1090,638,276,1306,1580.96,145.08
台中市,南屯區,溝墘里,2258,2706954,1199,653,301,1432,1729.53,144.27
台中市,南屯區,田心里,2471,2874009,1163,635,283,1354,1681.15,144.54
台中市,南屯區,春安里,901,707781,786,608,314,1005,749.02,95.35
台中市,南屯區,黎明里,1433,1194128,833,506,219,1041,1060.99,127.32
台中市,南屯區,大同里,1868,1693849,907,541,245,1116,1101.90,121.52
台中市,南屯區,文心里,1498,1725392,1152,582,250,1306,2160.50,187.58
台中市,南屯區,同心里,2025,1940053,958,568,257,1183,1309.54,136.69
台中市,南屯區,向心里,1894,2359546,1246,666,292,1564,1786.77,143.42
台中市,南屯區,大業里,2677,2863625,1070,596,265,1339,1508.87,141.05
台中市,南屯區,惠中里,3393,5119613,1509,766,301,1680,3609.81,239.24
台中市,南屯區,大誠里,1459,1555109,1066,624,273,1344,1363.27,127.90
台中市,南屯區,大興里,1695,1656390,977,528,247,1174,1349.79,138.13
台中市,南屯區,寶山里,2077,1736560,836,567,295,1058,867.46,103.75
台中市,南屯區,三和里,3602,4554743,1265,734,313,1552,1914.49,151.40
台中市,南屯區,三義里,2555,2913020,1140,689,313,1431,1560.34,136.86
台中市,北屯區,北屯里,1242,1107556,892,493,224,961,2484.99,278.66
台中市,北屯區,三光里,2491,1849576,743,460,211,897,1031.20,138.88
台中市,北屯區,舊社里,4762,4892216,1027,672,302,1293,1271.89,123.80
台中市,北屯區,水景里,5155,5066672,983,598,273,1193,1329.55,135.27
台中市,北屯區,軍功里,4511,4166077,924,558,251,1144,1195.41,129.44
台中市,北屯區,和平里,4288,4140229,966,592,281,1177,1287.39,133.33
台中市,北屯區,平田里,1949,1474078,756,452,205,919,1105.56,146.18
台中市,北屯區,東山里,587,427418,728,399,203,856,1033.94,142.00
台中市,北屯區,大坑里,577,389314,675,408,197,772,887.87,131.59
台中市,北屯區,民德里,263,198383,754,478,230,932,967.20,128.22
台中市,北屯區,廍子里,7563,7281203,963,659,315,1194,1168.59,121.38
台中市,北屯區,平和里,1887,1540943,817,515,235,1040,957.38,117.24
台中市,北屯區,民政里,245,228568,933,481,193,1014,1698.41,182.05
台中市,北屯區,松竹里,3432,3730699,1087,621,284,1303,2405.23,221.27
台中市,北屯區,仁美里,3868,4667797,1207,698,301,1495,1765.58,146.31
台中市,北屯區,仁和里,3171,3546036,1118,628,281,1371,1599.55,143.04
台中市,北屯區,四民里,688,587119,853,537,259,1086,984.81,115.40
台中市,北屯區,同榮里,1867,1494809,801,494,241,1019,971.78,121.37
台中市,北屯區,陳平里,1659,1291385,778,497,227,965,906.95,116.51
台中市,北屯區,后庄里,3689,3510554,952,556,254,1168,1311.83,137.85
台中市,北屯區,仁愛里,312,184184,590,361,198,771,807.20,136.74
台中市,北屯區,北興里,1053,731365,695,410,178,845,989.37,142.45
台中市,北屯區,東光里,1487,1064510,716,484,208,921,828.68,115.76
台中市,北屯區,新平里,1220,814421,668,427,205,839,795.81,119.21
台中市,北屯區,水湳里,2291,1882908,822,470,231,968,1282.51,156.05
台中市,北屯區,平安里,1785,1495413,838,478,207,988,1565.18,186.83
台中市,北屯區,平德里,2329,1976235,849,500,227,1008,1123.36,132.39
台中市,北屯區,平順里,1127,790851,702,445,202,921,850.94,121.26
台中市,北屯區,大德里,1578,1110513,704,453,216,904,821.93,116.79
台中市,北屯區,松安里,1689,1236517,732,475,213,910,927.48,126.69
台中市,北屯區,松茂里,1840,1379313,750,478,216,954,899.76,120.03
台中市,北屯區,平心里,1660,1256991,757,489,221,973,888.95,117.40
台中市,北屯區,平福里,1328,1268620,955,599,265,1238,1151.48,120.54
台中市,北屯區,平昌里,1489,1232185,828,512,230,974,1058.68,127.93
台中市,北屯區,平陽里,1766,1525688,864,498,227,1009,1217.60,140.94
台中市,北屯區,忠平里,1343,987127,735,465,217,928,974.81,132.62
台中市,北屯區,松勇里,1799,1357490,755,476,212,895,929.45,123.18
台中市,北屯區,松強里,2603,2820599,1084,653,280,1351,1511.28,139.47
台中市,北屯區,松和里,2151,1496754,696,463,219,902,811.87,116.68
台中市,北屯區,平興里,2297,1809951,788,491,233,947,1070.00,135.79
台中市,北屯區,北京里,1006,768745,764,467,217,900,1089.63,142.59
台中市,北屯區,三和里,1853,1193986,644,426,191,800,785.45,121.90
台中市,豐原區,豐原里,775,561481,724,402,189,892,947.03,130.72
台中市,豐原區,頂街里,329,241091,733,412,204,914,1050.18,143.31
台中市,豐原區,中山里,313,288186,921,508,182,1036,1383.97,150.31
台中市,豐原區,豐榮里,402,377615,939,486,203,1064,1986.49,211.48
台中市,豐原區,下街里,241,194979,809,474,236,959,1225.67,151.50
台中市,豐原區,豐西里,566,462372,817,469,225,954,1270.79,155.56
台中市,豐原區,葫蘆里,195,147238,755,442,243,1037,930.65,123.25
台中市,豐原區,富春里,228,163827,719,423,195,880,868.96,120.93
台中市,豐原區,東勢里,468,355906,760,456,232,961,972.59,127.89
台中市,豐原區,西勢里,788,673049,854,477,230,1028,1124.21,131.62
台中市,豐原區,圳寮里,416,305581,735,435,222,849,886.21,120.64
台中市,豐原區,大湳里,870,704547,810,498,213,1013,1100.31,135.87
台中市,豐原區,東湳里,1263,805036,637,387,197,723,879.30,137.95
台中市,豐原區,西湳里,3240,2350941,726,437,212,853,970.03,133.69
台中市,豐原區,南陽里,3849,2865821,745,467,215,936,945.49,126.99
台中市,豐原區,北陽里,4749,3421331,720,428,202,849,952.06,132.15
台中市,豐原區,東陽里,465,278744,599,383,179,722,774.85,129.26
台中市,豐原區,田心里,2012,1490334,741,455,205,883,1018.51,137.50
台中市,豐原區,鎌村里,1457,927364,636,413,202,775,737.22,115.83
台中市,豐原區,社皮里,3377,2181331,646,404,201,768,882.76,136.66
台中市,豐原區,三村里,2172,1614142,743,455,212,889,949.63,127.78
台中市,豐原區,南村里,1895,1399905,739,441,208,892,944.65,127.87
台中市,豐原區,南田里,1035,650167,628,410,194,715,811.84,129.24
台中市,豐原區,南嵩里,1044,716111,686,424,206,816,1023.80,149.26
台中市,豐原區,翁明里,857,626293,731,434,216,842,1068.29,146.18
台中市,豐原區,翁子里,1163,746362,642,418,193,803,780.40,121.60
台中市,豐原區,翁社里,629,381615,607,395,201,706,750.52,123.71
台中市,豐原區,朴子里,965,617704,640,419,207,749,787.02,122.95
台中市,豐原區,豐田里,3373,2251006,667,429,206,816,880.07,131.87
台中市,豐原區,豐圳里,1169,919164,786,453,219,902,1567.62,199.37
台中市,豐原區,北湳里,1072,759236,708,440,217,916,809.88,114.35
台中市,豐原區,陽明里,934,678576,727,432,211,880,894.71,123.15
台中市,豐原區,民生里,362,242895,671,405,197,839,846.74,126.19
台中市,豐原區,中陽里,1874,1400431,747,473,226,990,846.81,113.32
台中市,豐原區,西安里,1654,1269424,767,479,225,918,1029.65,134.16
台中市,豐原區,中興里,977,708112,725,419,182,884,974.25,134.42
台中市,東勢區,北興里,406,242444,597,440,204,751,590.69,98.92
台中市,東勢區,中寧里,232,132298,570,386,155,677,665.71,116.74
台中市,東勢區,東安里,294,170256,579,360,140,706,663.05,114.50
台中市,東勢區,南平里,509,335053,658,449,215,787,1062.09,161.35
台中市,東勢區,新盛里,1355,769536,568,410,205,719,586.70,103.31
台中市,東勢區,詒福里,370,232496,628,372,170,695,899.95,143.22
台中市,東勢區,下城里,192,130226,678,355,182,710,1577.06,232.52
台中市,東勢區,上城里,231,164036,710,447,173,825,1047.60,147.53
台中市,東勢區,慶東里,389,228162,587,380,182,652,756.42,128.96
台中市,東勢區,慶福里,224,116621,521,364,166,675,542.51,104.20
台中市,東勢區,隆興里,274,150575,550,353,166,666,658.31,119.79
台中市,東勢區,福隆里,1055,617568,585,407,197,740,624.02,106.60
台中市,東勢區,中嵙里,382,219645,575,380,208,753,604.41,105.12
台中市,東勢區,上新里,268,155273,579,423,200,739,624.12,107.72
台中市,東勢區,廣興里,392,285590,729,446,210,959,812.82,111.57
台中市,東勢區,粵寧里,592,353158,597,387,192,720,653.03,109.47
台中市,東勢區,下新里,408,249872,612,397,200,760,663.20,108.29
台中市,東勢區,興隆里,281,141113,502,359,208,632,514.79,102.51
台中市,東勢區,茂興里,425,216865,510,345,171,622,644.01,126.21
台中市,東勢區,泰興里,159,95309,599,439,209,804,616.12,102.79
台中市,東勢區,埤頭里,154,96147,624,323,161,648,1292.25,206.98
台中市,東勢區,明正里,226,118838,526,352,168,640,605.55,115.16
台中市,東勢區,泰昌里,947,609926,644,423,195,826,679.32,105.47
台中市,東勢區,延平里,603,426064,707,445,215,881,946.07,133.90
台中市,東勢區,東新里,571,368601,646,445,211,804,696.11,107.83
台中市,大甲區,朝陽里,462,366835,794,502,217,966,1035.10,130.36
台中市,大甲區,大甲里,357,291109,815,502,234,978,1194.83,146.53
台中市,大甲區,順天里,472,362259,767,487,225,968,911.87,118.81
台中市,大甲區,孔門里,231,220734,956,427,188,932,2357.35,246.70
台中市,大甲區,岷山里,663,450538,680,421,211,810,803.04,118.17
台中市,大甲區,中山里,1559,1074758,689,436,214,830,1640.04,237.90
台中市,大甲區,南陽里,241,166288,690,371,204,820,884.64,128.21
台中市,大甲區,薰風里,273,251680,922,484,262,1041,1337.51,145.08
台中市,大甲區,義和里,1014,766866,756,470,230,927,938.78,124.13
台中市,大甲區,武陵里,339,238816,704,416,220,800,1011.73,143.62
台中市,大甲區,文曲里,280,161927,578,400,222,717,595.85,103.03
台中市,大甲區,平安里,678,479236,707,466,217,814,917.75,129.84
台中市,大甲區,庄美里,699,510372,730,438,218,882,997.43,136.61
台中市,大甲區,武曲里,595,492205,827,462,237,840,1384.84,167.41
台中市,大甲區,文武里,1760,1403492,797,490,242,909,1206.00,151.23
台中市,大甲區,奉化里,667,479337,719,444,215,857,927.30,129.03
台中市,大甲區,德化里,551,332552,604,403,202,738,677.35,112.23
台中市,大甲區,江南里,437,282364,646,430,206,812,798.55,123.59
台中市,大甲區,頂店里,1572,1165123,741,438,227,855,1264.29,170.58
台中市,大甲區,太白里,345,190386,552,420,201,715,529.24,95.90
台中市,大甲區,孟春里,1149,717338,624,421,220,785,698.07,111.81
台中市,大甲區,幸福里,711,465803,655,405,221,712,1011.72,154.43
台中市,大甲區,日南里,1910,1120760,587,415,231,713,959.10,163.45
台中市,大甲區,龍泉里,395,224995,570,363,190,685,686.80,120.57
台中市,大甲區,銅安里,405,228669,565,422,223,698,585.17,103.64
台中市,大甲區,西岐里,512,311737,609,420,215,751,684.40,112.41
台中市,大甲區,福德里,300,172144,574,375,201,677,724.42,126.25
台中市,大甲區,建興里,384,209268,545,398,209,688,563.17,103.34
台中市,大甲區,新美里,1042,720653,692,437,229,842,821.05,118.72
台中市,清水區,鰲峰里,341,236198,693,431,208,771,870.80,125.72
台中市,清水區,靈泉里,318,255500,803,483,232,1032,953.31,118.65
台中市,清水區,清水里,913,683937,749,515,241,1034,748.51,99.92
台中市,清水區,南寧里,591,448898,760,465,230,970,918.02,120.86
台中市,清水區,西寧里,500,285943,572,381,182,720,810.20,141.67
台中市,清水區,北寧里,189,132759,702,435,222,828,781.29,111.23
台中市,清水區,中興里,118,75654,641,392,233,823,675.17,105.31
台中市,清水區,西社里,750,569224,759,465,222,936,873.72,115.12
台中市,清水區,南社里,3718,2872416,773,512,246,983,897.34,116.15
台中市,清水區,裕嘉里,474,267230,564,373,180,713,666.33,118.19
台中市,清水區,臨江里,391,223919,573,406,219,726,554.28,96.79
台中市,清水區,秀水里,1476,1019782,691,457,221,817,817.33,118.30
台中市,清水區,武鹿里,1132,772233,682,453,234,842,781.37,114.54
台中市,清水區,海濱里,586,343650,586,395,208,700,684.61,116.74
台中市,清水區,槺榔里,3011,2238748,744,529,276,943,820.86,110.40
台中市,清水區,中社里,986,708257,718,513,259,879,880.29,122.55
台中市,清水區,高西里,293,189545,647,378,194,689,876.64,135.51
台中市,清水區,高南里,345,193120,560,383,198,644,630.37,112.61
台中市,清水區,高東里,297,198079,667,385,197,716,1613.07,241.86
台中市,清水區,高北里,290,154578,533,408,200,668,549.63,103.11
台中市,清水區,高美里,338,193269,572,381,221,748,547.57,95.76
台中市,清水區,國姓里,562,383069,682,398,230,709,2203.52,323.28
台中市,清水區,菁埔里,657,393390,599,380,183,706,734.51,122.67
台中市,清水區,頂湳里,458,265157,579,368,186,668,754.38,130.30
台中市,清水區,田寮里,706,382755,542,365,189,700,587.84,108.43
台中市,清水區,橋頭里,2530,1795374,710,466,236,867,867.97,122.31
台中市,清水區,下湳里,862,569062,660,395,203,738,888.26,134.55
台中市,清水區,東山里,323,171000,529,377,190,638,576.95,108.98
台中市,清水區,楊厝里,295,150484,510,381,210,664,486.94,95.46
台中市,清水區,海風里,373,227871,611,396,206,724,692.32,113.33
台中市,清水區,吳厝里,415,197984,477,393,208,630,386.79,81.08
台中市,清水區,文昌里,221,204610,926,513,270,1003,1232.68,133.14
台中市,沙鹿區,居仁里,420,405078,964,500,246,947,1558.53,161.59
台中市,沙鹿區,洛泉里,676,626977,927,516,243,983,1468.19,158.30
台中市,沙鹿區,沙鹿里,322,390906,1214,596,264,1277,1887.77,155.50
台中市,沙鹿區,美仁里,129,91472,709,433,220,917,820.37,115.69
台中市,沙鹿區,興仁里,793,579349,731,443,241,821,1280.26,175.24
台中市,沙鹿區,斗抵里,1490,1089932,731,491,236,959,832.56,113.82
台中市,沙鹿區,鹿峰里,1991,1579869,794,515,241,1022,921.06,116.08
台中市,沙鹿區,鹿寮里,2396,2014235,841,515,255,1030,1056.05,125.62
台中市,沙鹿區,竹林里,2647,2061084,779,487,241,954,951.35,122.18
台中市,沙鹿區,犁分里,346,230362,666,476,228,893,672.26,100.97
台中市,沙鹿區,福興里,1308,1019943,780,515,220,997,948.65,121.66
台中市,沙鹿區,北勢里,1659,1457029,878,519,256,1011,1276.87,145.39
台中市,沙鹿區,晉江里,543,420660,775,472,203,884,1086.58,140.26
台中市,沙鹿區,六路里,2066,1847847,894,554,251,1140,1174.63,131.33
台中市,沙鹿區,南勢里,1129,887864,786,502,238,1021,882.27,112.19
台中市,沙鹿區,埔子里,2311,2293750,993,630,293,1300,1117.54,112.59
台中市,沙鹿區,公明里,1361,957354,703,508,265,924,686.16,97.55
台中市,沙鹿區,西勢里,553,292187,528,369,197,650,552.81,104.63
台中市,沙鹿區,清泉里,787,526400,669,496,250,820,716.28,107.09
台中市,沙鹿區,興安里,1186,961499,811,481,236,909,1266.80,156.26
台中市,沙鹿區,三鹿里,2816,2350142,835,590,303,1056,908.71,108.88
台中市,梧棲區,頂寮里,1273,1049791,825,543,251,1126,1169.98,141.87
台中市,梧棲區,下寮里,678,471470,695,449,232,817,915.47,131.65
台中市,梧棲區,中正里,1231,905425,736,478,236,857,988.30,134.37
台中市,梧棲區,中和里,146,111230,762,451,199,909,957.90,125.73
台中市,梧棲區,文化里,372,289251,778,474,223,913,1171.27,150.63
台中市,梧棲區,安仁里,221,149852,678,477,214,857,842.83,124.30
台中市,梧棲區,草湳里,2060,1411072,685,468,224,827,785.64,114.69
台中市,梧棲區,南簡里,2003,1552753,775,514,255,939,923.40,119.12
台中市,梧棲區,福德里,1868,1405922,753,498,253,965,831.02,110.42
台中市,梧棲區,大庄里,2690,1935512,720,474,225,894,849.46,118.06
台中市,梧棲區,大村里,1966,1431113,728,463,229,920,904.95,124.32
台中市,梧棲區,永寧里,748,498133,666,444,217,790,827.15,124.21
台中市,梧棲區,永安里,822,543859,662,431,217,818,895.08,135.28
台中市,梧棲區,興農里,830,542286,653,431,214,789,738.35,113.01
台中市,神岡區,神岡里,972,603495,621,405,203,734,756.74,121.88
台中市,神岡區,庄前里,771,529932,687,437,204,807,828.80,120.58
台中市,神岡區,庄後里,684,411952,602,405,197,754,658.30,109.30
台中市,神岡區,北庄里,880,601758,684,410,212,781,957.73,140.06
台中市,神岡區,圳前里,656,422843,645,398,186,752,896.00,139.01
台中市,神岡區,圳堵里,567,337689,596,403,212,716,693.57,116.45
台中市,神岡區,新庄里,1118,676186,605,434,218,732,695.86,115.05
台中市,神岡區,山皮里,289,176741,612,377,199,687,936.51,153.13
台中市,神岡區,社口里,2668,1767321,662,438,224,799,788.62,119.05
台中市,神岡區,社南里,1830,1146542,627,413,201,790,703.51,112.29
台中市,神岡區,三角里,816,611114,749,440,220,830,1182.41,157.88
台中市,神岡區,大社里,1509,946047,627,410,201,773,812.64,129.62
台中市,神岡區,岸裡里,1028,702958,684,417,207,770,1607.05,235.01
台中市,神岡區,豐洲里,2450,1552442,634,395,195,761,775.84,122.44
台中市,神岡區,神洲里,856,511730,598,347,175,729,745.94,124.78
台中市,神岡區,溪洲里,831,450970,543,363,183,636,625.38,115.24
台中市,后里區,廣福里,505,275090,545,379,179,687,598.66,109.90
台中市,后里區,仁里里,235,126476,538,370,166,724,568.07,105.55
台中市,后里區,義里里,905,626695,692,475,246,873,749.84,108.28
台中市,后里區,后里里,1148,822307,716,468,241,875,819.92,114.47
台中市,后里區,厚里里,665,439527,661,428,226,826,768.21,116.23
台中市,后里區,墩東里,1499,1059253,707,469,236,875,802.72,113.60
台中市,后里區,墩西里,537,365681,681,486,194,920,691.28,101.51
台中市,后里區,墩南里,1087,762543,702,418,200,786,1414.61,201.65
台中市,后里區,墩北里,1137,752161,662,443,197,830,847.77,128.15
台中市,后里區,中和里,753,472755,628,416,210,780,788.60,125.61
台中市,后里區,舊社里,658,392698,597,405,193,737,685.25,114.82
台中市,后里區,聯合里,386,228036,591,399,197,768,765.18,129.52
台中市,后里區,太平里,588,361190,614,440,214,773,658.30,107.17
台中市,后里區,眉山里,1001,665526,665,445,207,829,748.93,112.64
台中市,后里區,月眉里,578,386331,668,465,224,837,732.78,109.63
台中市,后里區,公館里,598,358923,600,396,173,748,679.40,113.20
台中市,后里區,泰安里,409,226970,555,378,202,649,648.33,116.83
台中市,后里區,義德里,766,466477,609,403,196,749,681.64,111.93
台中市,大雅區,大雅里,1491,1089605,731,460,213,909,897.96,122.88
台中市,大雅區,員林里,3293,2462852,748,465,225,906,981.21,131.19
台中市,大雅區,六寶里,1732,1093705,631,412,211,766,842.56,133.43
台中市,大雅區,秀山里,1075,732492,681,431,230,817,900.35,132.13
台中市,大雅區,橫山里,1473,1092287,742,470,218,904,1047.46,141.25
台中市,大雅區,三和里,1873,1407764,752,465,235,888,976.39,129.91
台中市,大雅區,西寶里,1651,1186523,719,452,225,866,947.15,131.79
台中市,大雅區,上楓里,2302,1600230,695,436,217,820,888.55,127.82
台中市,大雅區,忠義里,951,560813,590,400,213,711,703.12,119.23
台中市,大雅區,四德里,1714,1276626,745,498,249,929,818.56,109.90
台中市,大雅區,上雅里,2147,1898273,884,502,255,1068,1366.65,154.57
台中市,大雅區,二和里,2225,1777957,799,481,238,952,1066.02,133.41
台中市,大雅區,文雅里,2036,1452626,713,460,222,872,845.17,118.46
台中市,大雅區,大楓里,1696,1075090,634,410,196,773,838.43,132.27
台中市,大雅區,雅楓里,1112,645366,580,372,191,690,776.82,133.85
台中市,潭子區,潭秀里,462,398793,863,471,236,980,1315.06,152.35
台中市,潭子區,潭北里,821,602280,734,426,215,856,1032.41,140.73
台中市,潭子區,潭陽里,3596,2337030,650,439,222,785,761.47,117.17
台中市,潭子區,福仁里,3558,2346808,660,439,220,794,820.57,124.41
台中市,潭子區,頭家里,1877,1324853,706,469,233,892,802.34,113.67
台中市,潭子區,甘蔗里,3418,2348404,687,445,215,840,857.77,124.84
台中市,潭子區,東寶里,4137,2703974,654,418,209,805,820.98,125.61
台中市,潭子區,大富里,1021,765319,750,449,212,884,1072.93,143.14
台中市,潭子區,大豐里,2252,1711346,760,483,231,933,1047.01,137.78
台中市,潭子區,栗林里,1748,1186906,679,432,211,829,803.16,118.28
台中市,潭子區,嘉仁里,1313,821974,626,436,217,763,733.80,117.22
台中市,潭子區,新田里,420,215689,514,341,171,612,617.27,120.20
台中市,潭子區,聚興里,1196,854172,714,414,203,805,1090.52,152.69
台中市,潭子區,頭家東里,1416,992387,701,449,215,836,876.84,125.11
台中市,潭子區,家興里,2419,1677204,693,447,215,869,856.69,123.56
台中市,潭子區,家福里,1621,1224394,755,477,230,932,880.69,116.60
台中市,新社區,新社里,935,594514,636,433,214,798,691.37,108.73
台中市,新社區,復盛里,419,244018,582,411,197,682,965.81,165.84
台中市,新社區,中正里,325,180357,555,410,197,731,529.97,95.50
台中市,新社區,月湖里,223,121235,544,393,195,644,544.25,100.11
台中市,新社區,崑山里,181,94844,524,370,192,636,546.96,104.38
台中市,新社區,慶西里,138,80218,581,343,177,617,769.74,132.42
台中市,新社區,東興里,234,149045,637,464,260,780,671.50,105.43
台中市,新社區,大南里,446,265153,595,381,207,702,783.08,131.72
台中市,新社區,協成里,509,277452,545,370,165,687,681.27,124.98
台中市,新社區,永源里,574,350169,610,397,163,755,781.97,128.18
台中市,新社區,中和里,80,45369,567,316,170,569,811.07,143.02
台中市,新社區,福興里,203,108876,536,361,167,628,653.53,121.85
台中市,新社區,中興里,112,80664,720,403,202,650,1497.63,207.94
台中市,石岡區,石岡里,318,199899,629,423,229,746,754.73,120.06
台中市,石岡區,萬安里,445,301310,677,457,243,826,738.16,109.02
台中市,石岡區,九房里,339,209499,618,395,202,747,869.46,140.69
台中市,石岡區,金星里,312,182063,584,383,203,688,818.03,140.19
台中市,石岡區,龍興里,150,91104,607,384,223,720,709.45,116.81
台中市,石岡區,和盛里,310,189822,612,420,209,727,842.55,137.60
台中市,石岡區,德興里,424,237263,560,393,216,672,670.51,119.82
台中市,石岡區,土牛里,279,138738,497,329,165,571,607.47,122.16
台中市,石岡區,梅子里,473,304118,643,402,209,763,875.36,136.15
台中市,石岡區,萬興里,438,276833,632,399,199,722,901.68,142.66
台中市,外埔區,永豐里,312,190148,609,397,208,730,900.07,147.69
台中市,外埔區,六分里,665,379196,570,422,232,729,582.77,102.20
台中市,外埔區,三崁里,531,350613,660,443,250,796,856.66,129.74
台中市,外埔區,大同里,1467,973675,664,461,229,827,783.34,118.02
台中市,外埔區,水美里,1073,719325,670,449,218,831,793.06,118.30
台中市,外埔區,大東里,1867,1189637,637,472,244,809,673.19,105.65
台中市,外埔區,馬鳴里,349,205406,589,370,192,667,682.30,115.93
台中市,外埔區,中山里,345,221438,642,415,219,724,771.43,120.19
台中市,外埔區,鐵山里,591,337118,570,387,203,675,653.18,114.51
台中市,外埔區,土城里,384,217278,566,409,197,734,625.25,110.50
台中市,外埔區,廍子里,275,164979,600,374,194,734,798.86,133.16
台中市,大安區,東安里,348,199452,573,376,198,672,663.19,115.71
台中市,大安區,南埔里,243,133394,549,374,193,642,586.02,106.75
台中市,大安區,南庄里,225,154168,685,403,238,851,815.69,119.05
台中市,大安區,中庄里,748,466572,624,407,199,784,769.23,123.32
台中市,大安區,龜売里,411,237937,579,378,205,675,712.14,123.01
台中市,大安區,福興里,319,202000,633,445,228,765,718.31,113.44
台中市,大安區,頂安里,195,111686,573,406,211,651,697.13,121.72
台中市,大安區,永安里,434,210536,485,349,195,637,455.58,93.91
台中市,大安區,福住里,246,127290,517,377,224,657,491.95,95.07
台中市,大安區,海墘里,381,210082,551,377,163,653,739.54,134.12
台中市,大安區,西安里,506,326588,645,409,231,801,756.70,117.24
台中市,大安區,松雅里,280,210659,752,508,264,916,967.66,128.62
台中市,烏日區,烏日里,3097,2408496,778,514,244,1001,921.90,118.54
台中市,烏日區,湖日里,847,633097,747,452,215,868,1093.08,146.24
台中市,烏日區,三和里,2693,2322207,862,594,299,1092,990.46,114.86
台中市,烏日區,榮泉里,2536,2205659,870,594,266,1098,949.74,109.20
台中市,烏日區,學田里,847,690126,815,445,225,868,2228.84,273.55
台中市,烏日區,九德里,4119,2794779,679,447,218,842,834.52,122.99
台中市,烏日區,前竹里,522,382491,733,426,200,796,1258.26,171.72
台中市,烏日區,五光里,540,364865,676,420,203,811,900.53,133.28
台中市,烏日區,光明里,668,409977,614,376,191,735,826.29,134.63
台中市,烏日區,東園里,694,445097,641,412,214,729,840.62,131.07
台中市,烏日區,溪埧里,1370,873994,638,407,206,758,851.35,133.45
台中市,烏日區,螺潭里,733,507803,693,449,213,834,867.14,125.17
台中市,烏日區,北里里,536,351408,656,406,190,830,770.26,117.49
台中市,烏日區,南里里,424,241267,569,425,214,718,546.38,96.02
台中市,烏日區,溪尾里,165,82831,502,325,156,564,756.06,150.61
台中市,烏日區,仁德里,2586,2142931,829,515,236,1011,1069.11,129.02
台中市,大肚區,王田里,1404,850843,606,416,200,740,750.33,123.81
台中市,大肚區,中和里,252,164109,651,430,203,776,824.63,126.63
台中市,大肚區,福山里,1070,704845,659,431,215,820,887.98,134.80
台中市,大肚區,社腳里,760,454418,598,402,211,741,688.09,115.08
台中市,大肚區,營埔里,467,264673,567,400,210,697,611.70,107.93
台中市,大肚區,新興里,799,488057,611,415,208,741,733.75,120.12
台中市,大肚區,大東里,964,608388,631,454,230,774,627.43,99.42
台中市,大肚區,大肚里,783,646452,826,528,259,1056,943.98,114.34
台中市,大肚區,永和里,242,155001,641,429,241,906,629.61,98.30
台中市,大肚區,磺溪里,542,373928,690,464,253,836,804.29,116.58
台中市,大肚區,永順里,497,273834,551,379,204,702,546.17,99.13
台中市,大肚區,成功里,277,172998,625,409,221,742,766.33,122.70
台中市,大肚區,頂街里,2618,1756416,671,464,232,857,703.52,104.86
台中市,大肚區,山陽里,429,261720,610,414,202,740,695.86,114.06
台中市,大肚區,瑞井里,1676,1007801,601,421,214,729,1022.98,170.12
台中市,大肚區,蔗廍里,1630,1060984,651,459,218,783,783.28,120.34
台中市,大肚區,自強里,998,562234,563,396,222,689,565.18,100.32
台中市,龍井區,竹坑里,1087,677625,623,411,206,783,772.37,123.90
台中市,龍井區,龍東里,892,568649,637,430,223,770,793.95,124.54
台中市,龍井區,龍西里,577,377413,654,431,208,887,709.00,108.39
台中市,龍井區,田中里,1321,858314,650,452,234,838,679.88,104.64
台中市,龍井區,福田里,289,173434,600,426,200,753,613.51,102.23
台中市,龍井區,麗水里,686,429773,626,400,196,723,784.64,125.24
台中市,龍井區,龍津里,1612,1017435,631,422,194,798,676.21,107.14
台中市,龍井區,三德里,943,566599,601,408,213,709,667.56,111.10
台中市,龍井區,忠和里,1772,1327858,749,457,228,958,881.73,117.67
台中市,龍井區,山腳里,1891,1263154,668,442,220,811,748.71,112.09
台中市,龍井區,龍泉里,2803,2180431,778,521,256,1006,834.38,107.26
台中市,龍井區,龍崗里,948,625046,659,430,229,818,774.74,117.50
台中市,龍井區,新庄里,2002,1411811,705,468,234,885,828.43,117.47
台中市,龍井區,南寮里,453,259342,572,385,183,704,629.92,110.03
台中市,龍井區,新東里,1600,1203560,752,480,228,912,1135.35,150.93
台中市,龍井區,東海里,3215,2750875,856,501,248,1034,1560.32,182.36
台中市,霧峰區,桐林里,273,160537,588,385,200,788,613.81,104.38
台中市,霧峰區,吉峰里,2835,1732380,611,398,196,726,795.20,130.13
台中市,霧峰區,甲寅里,1455,851667,585,396,185,740,680.79,116.31
台中市,霧峰區,本鄉里,699,499745,715,423,185,902,919.27,128.58
台中市,霧峰區,中正里,640,393857,615,423,196,822,1002.02,162.82
台中市,霧峰區,錦榮里,367,227827,621,434,214,784,652.87,105.17
台中市,霧峰區,本堂里,1959,1459632,745,483,233,904,934.62,125.44
台中市,霧峰區,坑口里,834,507741,609,435,206,712,728.84,119.72
台中市,霧峰區,北柳里,1258,800090,636,426,212,812,687.89,108.16
台中市,霧峰區,南柳里,557,327102,587,394,191,707,722.81,123.08
台中市,霧峰區,四德里,730,484965,664,394,204,773,930.37,140.04
台中市,霧峰區,五福里,762,428254,562,390,186,711,717.99,127.75
台中市,霧峰區,萬豐里,674,397053,589,370,199,697,977.56,165.94
台中市,霧峰區,舊正里,551,348870,633,408,211,836,719.89,113.70
台中市,霧峰區,峰谷里,282,167880,595,411,212,684,717.35,120.50
台中市,霧峰區,六股里,649,342692,528,367,197,631,591.35,111.99
台中市,霧峰區,丁台里,620,371914,600,379,193,752,690.65,115.14
台中市,霧峰區,北勢里,523,315230,603,407,208,777,641.51,106.43
台中市,霧峰區,南勢里,285,169678,595,363,212,642,854.47,143.52
台中市,霧峰區,萊園里,257,170858,665,422,198,800,809.55,121.77
台中市,太平區,太平里,1714,1200917,701,417,202,786,991.19,141.47
台中市,太平區,中平里,1193,720039,604,390,194,708,934.04,154.76
台中市,太平區,東平里,1226,723656,590,409,199,744,745.11,126.24
台中市,太平區,坪林里,902,555517,616,397,186,759,725.41,117.79
台中市,太平區,新光里,2453,1737817,708,470,233,898,810.44,114.40
台中市,太平區,頭汴里,397,221100,557,341,168,620,844.47,151.63
台中市,太平區,東汴里,209,99619,477,331,141,636,523.56,109.84
台中市,太平區,興隆里,779,403512,518,360,165,669,540.67,104.38
台中市,太平區,光隆里,839,461518,550,381,206,649,592.05,107.63
台中市,太平區,黃竹里,96,55894,582,335,155,764,612.65,105.22
台中市,太平區,中興里,1054,694703,659,401,199,795,936.37,142.07
台中市,太平區,建國里,857,456844,533,365,166,636,629.87,118.16
台中市,太平區,光華里,1511,895651,593,394,198,744,682.82,115.19
台中市,太平區,中山里,903,514901,570,380,186,663,688.52,120.75
台中市,太平區,宜欣里,1784,1039068,582,410,203,723,623.92,107.12
台中市,太平區,新坪里,2524,1754364,695,487,234,895,730.91,105.16
台中市,太平區,新福里,2370,1838504,776,520,254,991,863.72,111.34
台中市,太平區,長億里,2010,1239576,617,434,212,757,689.42,111.79
台中市,太平區,德隆里,1339,737870,551,363,189,638,813.49,147.62
台中市,太平區,永成里,2124,1238684,583,407,198,721,626.62,107.45
台中市,太平區,中政里,1020,607163,595,368,185,718,756.84,127.15
台中市,太平區,平安里,605,342262,566,372,185,653,715.97,126.56
台中市,太平區,永平里,1271,834343,656,408,194,767,911.51,138.85
台中市,太平區,建興里,778,426297,548,369,194,624,726.07,132.51
台中市,太平區,成功里,1144,668472,584,394,209,732,672.24,115.04
台中市,太平區,東和里,863,523947,607,404,202,749,693.11,114.16
台中市,太平區,宜佳里,1842,1133229,615,409,203,765,683.90,111.16
台中市,太平區,宜昌里,1376,888510,646,445,223,801,782.12,121.12
台中市,太平區,豐年里,1307,875347,670,429,217,823,810.68,121.04
台中市,太平區,大興里,703,415972,592,393,209,740,656.71,110.99
台中市,太平區,勤益里,618,416802,674,448,207,851,797.73,118.28
台中市,太平區,光明里,1107,788570,712,456,229,869,953.28,133.82
台中市,太平區,新吉里,1851,1239394,670,463,239,877,682.59,101.94
台中市,太平區,新城里,1795,1205075,671,472,233,851,796.22,118.60
台中市,太平區,新興里,2453,2333306,951,650,305,1261,992.92,104.39
台中市,太平區,新高里,3066,2758884,900,634,301,1187,992.85,110.34
台中市,太平區,聖和里,403,332493,825,396,194,863,1499.64,181.76
台中市,太平區,福隆里,1000,549023,549,357,185,673,657.70,119.79
台中市,太平區,永隆里,690,368219,534,336,166,633,760.86,142.58
台中市,大里區,大里里,1182,741945,628,429,200,778,683.76,108.93
台中市,大里區,新里里,3484,2742448,787,487,219,999,973.71,123.70
台中市,大里區,樹王里,1154,768846,666,437,213,818,758.11,113.79
台中市,大里區,祥興里,2521,1585735,629,422,190,806,694.95,110.48
台中市,大里區,內新里,2843,1966459,692,457,204,888,801.68,115.90
台中市,大里區,東昇里,1072,737207,688,430,199,812,874.83,127.21
台中市,大里區,大元里,1391,950110,683,418,199,830,864.80,126.61
台中市,大里區,仁化里,2621,1622294,619,415,199,746,825.39,133.35
台中市,大里區,健民里,1446,733516,507,374,183,655,523.72,103.24
台中市,大里區,塗城里,2458,1352744,550,380,189,667,650.80,118.25
台中市,大里區,東湖里,3471,2152080,620,427,210,782,732.21,118.09
台中市,大里區,西湖里,899,581565,647,406,207,770,833.57,128.86
台中市,大里區,夏田里,270,184773,684,447,216,828,928.80,135.72
台中市,大里區,東興里,2364,1640887,694,439,210,835,836.87,120.57
台中市,大里區,日新里,1410,961868,682,462,223,889,727.32,106.62
台中市,大里區,西榮里,1808,1215912,673,420,198,830,890.08,132.35
台中市,大里區,金城里,2757,1588013,576,387,186,716,685.04,118.93
台中市,大里區,立仁里,1624,971680,598,377,190,720,758.33,126.74
台中市,大里區,新仁里,2375,1365009,575,391,188,715,672.45,117.00
台中市,大里區,瑞城里,3770,2345534,622,419,206,759,734.25,118.02
台中市,大里區,中新里,1840,1315503,715,476,234,916,804.40,112.51
台中市,大里區,仁德里,1948,1294931,665,423,206,811,820.42,123.42
台中市,大里區,立德里,2594,1797983,693,458,214,903,799.52,115.35
台中市,大里區,國光里,2113,1626166,770,478,232,930,975.98,126.82
台中市,大里區,大明里,1393,966793,694,427,202,838,882.83,127.20
台中市,大里區,永隆里,3944,3892826,987,612,280,1259,1363.23,138.12
台中市,大里區,長榮里,3093,2476684,801,502,240,1006,946.09,118.15
台中市,和平區,中坑里,89,55913,628,348,163,593,871.69,138.75
台中市,和平區,自由里,168,93445,556,374,161,700,672.25,120.86
台中市,和平區,平等里,147,84449,574,422,198,822,534.77,93.09
台中市,和平區,南勢里,412,247568,601,421,198,752,647.23,107.71
台中市,和平區,博愛里,360,209306,581,433,221,713,587.84,101.11
台中市,和平區,梨山里,272,148549,546,373,186,677,598.44,109.58
台中市,和平區,天輪里,108,60546,561,374,158,761,575.12,102.59
台中市,和平區,達觀里,160,86471,540,400,182,697,529.59,97.99
基隆市,中正區,德義里,257,218182,849,544,278,1177,885.69,104.33
基隆市,中正區,正義里,390,238358,611,430,217,776,644.24,105.41
基隆市,中正區,信義里,259,219957,849,403,181,803,3695.04,435.09
基隆市,中正區,義重里,282,205226,728,469,248,860,930.93,127.92
基隆市,中正區,港通里,508,434228,855,532,244,1081,1019.43,119.26
基隆市,中正區,中船里,335,243856,728,490,253,877,907.11,124.62
基隆市,中正區,正船里,383,217381,568,398,176,778,573.31,101.01
基隆市,中正區,入船里,228,138103,606,418,203,797,565.73,93.40
基隆市,中正區,中砂里,426,282302,663,442,204,898,764.35,115.34
基隆市,中正區,正砂里,776,587107,757,474,255,923,934.75,123.55
基隆市,中正區,真砂里,426,274499,644,423,214,798,787.14,122.16
基隆市,中正區,砂灣里,627,395897,631,443,207,795,680.09,107.71
基隆市,中正區,中濱里,360,195696,544,391,189,702,596.24,109.68
基隆市,中正區,中正里,480,279556,582,389,196,725,664.83,114.15
基隆市,中正區,正濱里,253,178532,706,399,199,740,1623.68,230.09
基隆市,中正區,社寮里,442,246337,557,408,212,715,629.65,112.98
基隆市,中正區,平寮里,322,166988,519,400,174,678,540.27,104.18
基隆市,中正區,八斗里,358,206038,576,390,216,662,693.47,120.49
基隆市,中正區,長潭里,97,67316,694,336,189,662,1347.14,194.12
基隆市,中正區,砂子里,1807,1074735,595,431,227,746,632.58,106.36
基隆市,中正區,海濱里,277,139313,503,380,219,581,511.77,101.76
基隆市,中正區,建國里,616,438086,711,482,234,905,784.33,110.29
基隆市,中正區,和憲里,226,115365,510,362,210,611,526.72,103.18
基隆市,中正區,碧砂里,284,167420,590,389,177,709,736.74,124.98
基隆市,中正區,新豐里,2394,1752785,732,510,252,940,837.40,114.37
基隆市,中正區,新富里,1588,970409,611,431,225,739,692.31,113.29
基隆市,七堵區,八德里,518,297925,575,392,213,704,622.53,108.24
基隆市,七堵區,長興里,1280,803916,628,440,214,752,699.03,111.30
基隆市,七堵區,正光里,835,606362,726,430,196,831,1021.73,140.70
基隆市,七堵區,永平里,633,448905,709,462,216,901,825.67,116.43
基隆市,七堵區,富民里,1226,841475,686,436,228,855,829.80,120.90
基隆市,七堵區,自強里,384,251037,654,439,212,819,732.30,112.02
基隆市,七堵區,泰安里,1607,1057146,658,446,230,827,799.23,121.49
基隆市,七堵區,堵南里,645,375897,583,411,226,700,647.77,111.15
基隆市,七堵區,堵北里,1364,874014,641,431,227,777,730.90,114.07
基隆市,七堵區,六堵里,839,575985,687,435,218,849,905.76,131.94
基隆市,七堵區,友一里,785,732769,933,523,273,1098,1221.89,130.90
基隆市,七堵區,友二里,110,65889,599,357,208,576,904.45,151.00
基隆市,七堵區,瑪東里,84,45936,547,388,227,627,641.75,117.35
基隆市,七堵區,瑪南里,104,54292,522,363,188,641,503.66,96.48
基隆市,七堵區,瑪西里,85,55971,658,421,220,706,778.28,118.19
基隆市,七堵區,永安里,779,564430,725,472,232,856,865.96,119.52
基隆市,七堵區,百福里,2367,1647289,696,451,223,853,867.28,124.62
基隆市,七堵區,實踐里,1322,753881,570,389,212,697,630.56,110.58
基隆市,七堵區,正明里,670,481967,719,479,229,928,846.74,117.71
基隆市,七堵區,長安里,838,460153,549,394,210,679,589.96,107.44
基隆市,暖暖區,碇內里,917,656788,716,470,239,881,913.75,127.58
基隆市,暖暖區,過港里,1283,818001,638,400,213,727,1307.94,205.15
基隆市,暖暖區,暖暖里,908,626861,690,470,238,898,712.54,103.21
基隆市,暖暖區,暖同里,846,507268,600,434,222,728,655.62,109.34
基隆市,暖暖區,暖西里,1835,1431473,780,477,235,894,1130.34,144.90
基隆市,暖暖區,暖東里,97,50714,523,406,259,665,413.49,79.09
基隆市,暖暖區,八西里,448,275293,614,403,211,811,642.61,104.58
基隆市,暖暖區,八堵里,170,106052,624,468,242,756,671.14,107.58
基隆市,暖暖區,八南里,302,182670,605,420,235,813,596.77,98.66
基隆市,暖暖區,八中里,102,53382,523,347,165,536,620.02,118.47
基隆市,暖暖區,碇和里,1117,824248,738,502,263,891,841.97,114.10
基隆市,暖暖區,碇安里,1842,1235042,670,470,239,859,708.57,105.68
基隆市,暖暖區,碇祥里,2140,1387905,649,428,219,834,729.23,112.44
基隆市,仁愛區,仁德里,346,294409,851,478,251,1009,1165.14,136.93
基隆市,仁愛區,和明里,650,704628,1084,720,324,1344,1284.95,118.53
基隆市,仁愛區,水錦里,590,503279,853,619,274,1125,930.91,109.13
基隆市,仁愛區,玉田里,301,229899,764,466,222,995,858.47,112.40
基隆市,仁愛區,新店里,246,227616,925,573,240,1117,1193.34,128.97
基隆市,仁愛區,文昌里,246,163021,663,464,232,851,724.44,109.32
基隆市,仁愛區,誠仁里,279,169843,609,447,233,772,662.40,108.81
基隆市,仁愛區,林泉里,491,333443,679,471,232,903,717.17,105.60
基隆市,仁愛區,育仁里,192,98463,513,356,155,661,556.63,108.54
基隆市,仁愛區,吉仁里,734,382898,522,374,193,650,552.95,106.00
基隆市,仁愛區,博愛里,500,391100,782,483,215,917,1008.91,128.98
基隆市,仁愛區,福仁里,225,124928,555,397,184,736,550.09,99.07
基隆市,仁愛區,智仁里,811,687457,848,575,230,1135,1050.09,123.88
基隆市,仁愛區,曲水里,229,167005,729,462,217,811,946.24,129.75
基隆市,仁愛區,德厚里,562,390673,695,478,246,885,764.05,109.91
基隆市,仁愛區,英仁里,350,205203,586,371,189,781,669.28,114.15
基隆市,仁愛區,龍門里,209,125842,602,426,221,701,713.33,118.47
基隆市,仁愛區,花崗里,384,291717,760,507,237,960,786.83,103.57
基隆市,仁愛區,同風里,194,116417,600,390,196,793,613.52,102.24
基隆市,仁愛區,虹橋里,483,405488,840,545,247,1012,1106.62,131.82
基隆市,仁愛區,書院里,288,194079,674,412,205,765,1027.03,152.40
基隆市,仁愛區,獅球里,274,145302,530,418,246,651,470.67,88.76
基隆市,仁愛區,忠勇里,292,228010,781,533,237,889,1138.88,145.85
基隆市,仁愛區,文安里,201,105368,524,371,202,647,528.91,100.89
基隆市,仁愛區,明德里,197,124867,634,442,216,877,677.10,106.83
基隆市,仁愛區,兆連里,190,126365,665,480,252,786,905.31,136.12
基隆市,仁愛區,崇文里,276,177943,645,420,213,767,749.00,116.17
基隆市,仁愛區,朝棟里,873,598448,686,463,243,917,713.04,104.02
基隆市,仁愛區,光華里,737,529825,719,459,225,946,803.66,111.79
基隆市,中山區,安平里,226,138851,614,424,199,797,606.44,98.71
基隆市,中山區,安民里,323,211648,655,404,187,806,821.02,125.30
基隆市,中山區,新建里,243,171111,704,418,227,853,847.09,120.30
基隆市,中山區,中山里,264,150107,569,430,219,671,644.51,113.35
基隆市,中山區,民治里,240,141817,591,370,196,666,814.59,137.85
基隆市,中山區,中興里,403,311761,774,431,226,853,1380.56,178.46
基隆市,中山區,仁正里,217,122587,565,396,208,735,516.81,91.48
基隆市,中山區,健民里,291,166872,573,348,201,696,687.30,119.85
基隆市,中山區,通化里,283,153289,542,396,214,648,581.49,107.35
基隆市,中山區,居仁里,323,171058,530,418,225,663,451.49,85.25
基隆市,中山區,通明里,477,271571,569,423,243,738,561.18,98.57
基隆市,中山區,協和里,434,260602,600,434,232,795,576.52,96.01
基隆市,中山區,文化里,289,170574,590,406,218,695,669.54,113.44
基隆市,中山區,和平里,145,92263,636,495,207,933,556.94,87.53
基隆市,中山區,仙洞里,132,72349,548,378,209,675,653.58,119.24
基隆市,中山區,太白里,252,167339,664,460,263,818,689.97,103.90
基隆市,中山區,西榮里,186,116142,624,445,205,790,656.95,105.21
基隆市,中山區,西華里,238,136207,572,422,176,767,577.95,100.99
基隆市,中山區,西定里,238,127197,534,352,199,698,539.51,100.95
基隆市,中山區,西康里,397,223923,564,422,231,727,522.65,92.66
基隆市,中山區,德和里,2022,1583289,783,513,260,992,854.29,109.10
基隆市,中山區,德安里,1362,949164,697,465,249,877,782.21,112.24
基隆市,中山區,中和里,1791,1094706,611,422,223,750,790.54,129.34
基隆市,中山區,和慶里,2115,1113377,526,393,203,676,592.80,112.61
基隆市,安樂區,嘉仁里,1004,553303,551,378,189,719,634.41,115.12
基隆市,安樂區,樂一里,223,174601,783,505,264,881,1009.18,128.89
基隆市,安樂區,定國里,274,152818,558,430,247,732,525.96,94.30
基隆市,安樂區,安和里,287,175434,611,404,190,769,833.70,136.39
基隆市,安樂區,定邦里,301,198439,659,460,231,788,808.58,122.65
基隆市,安樂區,永康里,594,362672,611,419,196,776,747.70,122.46
基隆市,安樂區,慈仁里,250,135537,542,387,204,735,532.89,98.29
基隆市,安樂區,干城里,530,267359,504,358,189,628,551.90,109.41
基隆市,安樂區,外寮里,1325,846140,639,417,216,804,750.13,117.47
基隆市,安樂區,中崙里,619,437445,707,450,244,848,805.71,114.01
基隆市,安樂區,內寮里,1975,1429055,724,475,239,887,847.46,117.12
基隆市,安樂區,西川里,345,190605,552,357,209,662,635.42,115.01
基隆市,安樂區,新西里,353,217806,617,406,216,704,734.71,119.08
基隆市,安樂區,新崙里,1500,1088006,725,474,241,879,1009.94,139.24
基隆市,安樂區,鶯歌里,877,695507,793,532,272,1007,885.17,111.62
基隆市,安樂區,三民里,753,445506,592,421,218,745,640.42,108.24
基隆市,安樂區,四維里,1850,1443201,780,501,238,1021,886.62,113.65
基隆市,安樂區,五福里,1153,765706,664,444,233,792,838.82,126.31
基隆市,安樂區,六合里,1474,1091309,740,495,255,902,841.20,113.62
基隆市,安樂區,七賢里,772,492497,638,447,257,827,670.68,105.13
基隆市,安樂區,長樂里,1364,1277595,937,586,254,1154,1267.87,135.36
基隆市,安樂區,武崙里,1953,1563637,801,561,270,1043,877.10,109.55
基隆市,安樂區,興寮里,1771,1184882,669,467,234,872,719.82,107.59
基隆市,安樂區,鶯安里,2229,2278996,1022,646,289,1263,1230.75,120.37
基隆市,安樂區,壯觀里,1827,1698714,930,628,316,1161,1147.63,123.43
基隆市,信義區,仁壽里,374,323788,866,589,289,1088,989.14,114.25
基隆市,信義區,仁義里,430,346417,806,514,216,1007,938.63,116.51
基隆市,信義區,義幸里,853,630468,739,503,221,922,927.41,125.48
基隆市,信義區,義民里,236,149989,636,410,182,809,714.49,112.42
基隆市,信義區,義和里,412,280435,681,443,208,863,828.40,121.70
基隆市,信義區,智慧里,248,202506,817,493,248,1070,890.84,109.10
基隆市,信義區,智誠里,426,238779,561,377,203,679,619.50,110.52
基隆市,信義區,禮儀里,525,361095,688,438,187,823,909.71,132.26
基隆市,信義區,禮東里,536,370721,692,449,214,840,858.20,124.08
基隆市,信義區,信綠里,641,437027,682,487,239,919,673.46,98.78
基隆市,信義區,孝岡里,452,301180,666,483,252,813,724.25,108.69
基隆市,信義區,孝深里,1825,1385205,759,516,271,953,865.21,113.99
基隆市,信義區,東光里,654,393309,601,448,216,782,611.93,101.75
基隆市,信義區,東安里,960,568209,592,404,207,752,646.77,109.27
基隆市,信義區,義昭里,490,680566,1389,641,269,1593,3691.99,265.82
基隆市,信義區,東明里,1188,810929,683,448,235,856,808.73,118.48
基隆市,信義區,東信里,1534,1107208,722,484,241,939,810.00,112.22
基隆市,信義區,孝賢里,1287,858032,667,465,222,891,681.50,102.22
基隆市,信義區,孝德里,874,482604,552,424,234,723,484.39,87.72
基隆市,信義區,孝忠里,3016,2413481,800,513,254,1016,1015.78,126.94
台南市,東區,路東里,550,508128,924,572,269,1106,1135.68,122.93
台南市,東區,大福里,467,307058,658,445,228,810,729.72,110.98
台南市,東區,東安里,395,335366,849,468,240,976,1332.00,156.88
台南市,東區,德高里,1092,961657,881,536,271,1090,1147.19,130.27
台南市,東區,小東里,1486,1485127,999,575,256,1166,2175.54,217.68
台南市,東區,後甲里,842,675403,802,481,224,969,1461.91,182.25
台南市,東區,關聖里,1798,2598226,1445,751,333,1814,2039.89,141.16
台南市,東區,圍下里,646,719058,1113,578,273,1203,1697.11,152.47
台南市,東區,虎尾里,1815,1863783,1027,598,273,1243,1324.29,128.96
台南市,東區,中西里,1073,1193617,1112,601,279,1313,1992.50,179.12
台南市,東區,泉南里,1692,1826323,1079,557,252,1175,1776.17,164.55
台南市,東區,龍山里,1952,2848986,1460,794,337,1699,2326.68,159.41
台南市,東區,忠孝里,1418,1223371,863,522,246,1097,1104.09,127.97
台南市,東區,崇誨里,765,559189,731,446,218,903,943.88,129.13
台南市,東區,大學里,425,529672,1246,759,276,1637,1424.89,114.33
台南市,東區,大德里,418,274034,656,395,206,745,835.31,127.42
台南市,東區,東光里,1791,2392277,1336,677,301,1459,1969.82,147.47
台南市,東區,大智里,2277,1876202,824,514,262,973,1166.72,141.60
台南市,東區,新東里,865,810848,937,570,273,1172,1139.24,121.53
台南市,東區,仁和里,1480,982400,664,442,235,846,710.43,107.03
台南市,東區,富強里,1540,1512831,982,562,257,1146,1389.10,141.40
台南市,東區,衛國里,457,363049,794,439,197,949,1156.93,145.63
台南市,東區,自強里,1978,1933930,978,570,267,1141,1404.04,143.60
台南市,東區,崇善里,1836,1741029,948,571,279,1133,1237.99,130.55
台南市,東區,崇學里,977,1054360,1079,548,253,1177,2066.76,191.51
台南市,東區,崇明里,1496,1698090,1135,618,260,1338,1690.65,148.94
台南市,東區,裕農里,955,809920,848,496,215,997,1146.12,135.14
台南市,東區,莊敬里,1324,1413877,1068,586,273,1239,1686.29,157.91
台南市,東區,和平里,1964,2228682,1135,685,320,1348,1547.87,136.40
台南市,東區,富裕里,713,549795,771,518,244,929,906.75,117.59
台南市,東區,東明里,1061,1013835,956,566,262,1083,1475.10,154.37
台南市,東區,崇德里,1630,1504226,923,558,276,1148,1176.75,127.51
台南市,東區,東智里,957,883055,923,567,283,1136,1086.91,117.79
台南市,東區,東聖里,685,532157,777,490,248,942,985.42,126.85
台南市,東區,崇成里,1052,1021674,971,558,280,1190,1297.14,133.56
台南市,東區,東門里,603,602041,998,511,214,1030,4048.51,405.50
台南市,東區,成大里,603,512000,849,476,246,1054,1037.43,122.18
台南市,東區,大同里,885,687883,777,439,204,882,1152.65,148.29
台南市,東區,德光里,1478,1517977,1027,607,258,1231,1475.40,143.65
台南市,東區,崇信里,1290,1079823,837,501,222,1072,1043.12,124.61
台南市,東區,崇文里,2050,1870863,913,560,268,1142,1161.23,127.24
台南市,東區,復興里,1089,894152,821,522,229,995,1332.22,162.25
台南市,東區,裕聖里,1966,2965197,1508,941,391,1840,2401.00,159.19
台南市,東區,文聖里,1734,2394403,1381,808,360,1757,1912.60,138.51
台南市,東區,南聖里,962,1275572,1326,824,317,1601,1666.91,125.71
台南市,南區,竹溪里,603,744894,1235,585,258,1412,2600.22,210.49
台南市,南區,新昌里,679,505803,745,459,215,900,947.04,127.13
台南市,南區,田寮里,959,686863,716,462,223,878,1046.82,146.16
台南市,南區,明亮里,958,639792,668,421,226,782,807.29,120.88
台南市,南區,光明里,1078,641594,595,394,203,742,739.69,124.28
台南市,南區,喜東里,595,426700,717,455,226,860,894.62,124.75
台南市,南區,喜南里,211,110158,522,357,174,625,640.11,122.61
台南市,南區,喜北里,503,268511,534,369,185,650,572.75,107.29
台南市,南區,省躬里,1267,825658,652,483,255,851,643.27,98.71
台南市,南區,佛壇里,648,390911,603,419,201,755,643.00,106.59
台南市,南區,同安里,578,348017,602,394,215,682,751.47,124.81
台南市,南區,興農里,872,552306,633,443,220,794,728.16,114.96
台南市,南區,明德里,556,540088,971,713,359,1178,1243.47,128.01
台南市,南區,廣州里,696,539709,775,470,216,926,971.29,125.26
台南市,南區,新興里,919,777427,846,515,227,1002,1222.33,144.49
台南市,南區,大成里,884,937778,1061,684,328,1285,1172.78,110.55
台南市,南區,國宅里,811,528454,652,444,210,844,706.16,108.37
台南市,南區,新生里,1030,682644,663,445,205,808,864.45,130.43
台南市,南區,大林里,743,729943,982,549,255,1123,1352.83,137.70
台南市,南區,大忠里,1321,907822,687,437,213,833,878.00,127.76
台南市,南區,大恩里,1049,752185,717,468,220,866,884.04,123.29
台南市,南區,明興里,914,575020,629,420,209,766,774.78,123.15
台南市,南區,文華里,1022,663020,649,442,217,788,751.84,115.89
台南市,南區,再興里,720,595208,827,488,228,883,1239.43,149.93
台南市,南區,金華里,1467,1143486,779,463,218,947,1061.44,136.17
台南市,南區,南都里,641,407188,635,420,208,749,795.61,125.25
台南市,南區,開南里,1527,849886,557,383,209,709,681.16,122.38
台南市,南區,彰南里,482,463773,962,532,241,1086,1425.52,148.15
台南市,南區,建南里,1603,1091963,681,450,226,830,818.41,120.14
台南市,南區,郡南里,1096,685474,625,424,222,764,729.12,116.58
台南市,南區,府南里,1460,1047452,717,481,227,900,849.55,118.41
台南市,南區,文南里,1816,1448647,798,485,228,994,1049.52,131.57
台南市,南區,鯤鯓里,367,213324,581,368,191,651,747.61,128.62
台南市,南區,松安里,411,262983,640,439,238,781,815.26,127.41
台南市,南區,永寧里,330,174844,530,372,180,658,576.70,108.85
台南市,南區,南華里,622,328611,528,383,192,656,588.67,111.42
台南市,南區,鹽埕里,994,585160,589,390,204,716,692.00,117.55
台南市,北區,振興里,605,542865,897,502,223,1107,1207.88,134.61
台南市,北區,開元里,998,697621,699,417,203,797,988.73,141.45
台南市,北區,和順里,1832,1944647,1061,588,256,1202,2452.23,231.02
台南市,北區,成功里,1680,1611818,959,570,277,1163,1229.84,128.19
台南市,北區,文元里,1202,1293416,1076,634,314,1318,1289.29,119.82
台南市,北區,大港里,1719,1228580,715,491,239,869,837.18,117.14
台南市,北區,東興里,644,696800,1082,576,266,1175,1570.73,145.17
台南市,北區,力行里,770,612665,796,488,219,921,1384.94,174.06
台南市,北區,仁愛里,821,1167977,1423,715,302,1615,2321.02,163.15
台南市,北區,正覺里,824,596135,723,432,219,829,996.87,137.79
台南市,北區,大豐里,1271,1190953,937,504,241,910,2314.37,246.99
台南市,北區,重興里,678,672952,993,559,250,1112,1529.44,154.09
台南市,北區,中樓里,461,411521,893,512,239,1035,1356.48,151.96
台南市,北區,公園里,590,636877,1079,524,228,1095,1961.61,181.72
台南市,北區,元寶里,1684,1553147,922,620,294,1155,1020.80,110.68
台南市,北區,永祥里,790,501702,635,399,212,742,823.15,129.62
台南市,北區,成德里,1740,2256334,1297,708,302,1494,2487.14,191.80
台南市,北區,文成里,973,888525,913,545,265,1153,1116.05,122.22
台南市,北區,大和里,1203,919084,764,474,239,982,838.28,109.72
台南市,北區,賢北里,1296,1173035,905,551,250,1152,1081.82,119.52
台南市,北區,長勝里,1113,846957,761,447,211,896,1015.84,133.49
台南市,北區,合興里,1120,1131640,1010,538,264,1092,1485.18,146.99
台南市,北區,北門里,1453,942073,648,416,205,814,838.02,129.25
台南市,北區,小北里,1114,810169,727,452,225,848,1017.85,139.96
台南市,北區,大光里,1325,904981,683,440,221,840,813.99,119.18
台南市,北區,大興里,749,570108,761,496,247,970,854.41,112.25
台南市,北區,長興里,804,622527,774,480,215,958,996.74,128.73
台南市,北區,北華里,1025,680236,664,403,183,792,865.13,130.36
台南市,北區,華德里,1561,2120245,1358,828,352,1814,1657.89,122.06
台南市,北區,福德里,1899,2834526,1493,887,371,1956,1846.28,123.69
台南市,北區,立人里,848,634677,748,515,251,1000,767.88,102.60
台南市,北區,雙安里,844,1054152,1249,694,287,1614,1820.58,145.76
台南市,北區,元美里,1129,1335333,1183,657,299,1498,1588.77,134.33
台南市,安南區,塭南里,1420,965466,680,438,237,858,771.89,113.53
台南市,安南區,東和里,1270,1960608,1544,952,419,2030,1783.12,115.50
台南市,安南區,州北里,1443,1072122,743,462,251,894,888.53,119.59
台南市,安南區,州南里,1595,1241157,778,487,248,930,933.41,119.95
台南市,安南區,安順里,1722,1446480,840,528,263,991,1340.63,159.60
台南市,安南區,新順里,2329,1970081,846,542,262,1062,965.11,114.09
台南市,安南區,安東里,863,583328,676,462,239,833,753.35,111.45
台南市,安南區,安西里,1285,1110193,864,538,268,1069,1009.83,116.88
台南市,安南區,安慶里,2157,1653930,767,491,249,952,917.16,119.61
台南市,安南區,頂安里,1576,1346918,855,560,290,1089,962.17,112.58
台南市,安南區,原佃里,639,511938,801,441,228,980,977.67,122.03
台南市,安南區,總頭里,467,333167,713,454,226,759,993.41,139.25
台南市,安南區,長安里,1432,931938,651,454,245,792,717.34,110.22
台南市,安南區,公親里,287,153838,536,408,199,706,515.01,96.08
台南市,安南區,海東里,1774,1427162,804,515,259,988,1041.76,129.49
台南市,安南區,海西里,722,472846,655,464,235,845,663.64,101.33
台南市,安南區,海南里,895,779558,871,559,302,1047,1128.53,129.57
台南市,安南區,溪心里,2429,1905203,784,505,259,964,937.00,119.46
台南市,安南區,淵東里,1451,1056559,728,489,246,908,793.77,109.01
台南市,安南區,淵中里,912,601772,660,432,220,820,710.56,107.69
台南市,安南區,淵西里,1124,711237,633,451,228,820,641.66,101.40
台南市,安南區,佃東里,929,544993,587,429,222,718,626.55,106.80
台南市,安南區,佃西里,562,363991,648,468,228,802,671.70,103.71
台南市,安南區,公塭里,273,155538,570,400,206,734,590.44,103.63
台南市,安南區,南興里,522,305317,585,424,217,724,641.71,109.71
台南市,安南區,學東里,715,394516,552,389,203,720,573.44,103.93
台南市,安南區,城東里,365,196075,537,394,205,685,562.58,104.73
台南市,安南區,城西里,316,214132,678,470,261,872,694.36,102.47
台南市,安南區,城南里,792,464926,587,410,224,714,661.31,112.65
台南市,安南區,城北里,393,228956,583,406,211,691,642.93,110.36
台南市,安南區,城中里,258,154074,597,414,215,720,646.66,108.29
台南市,安南區,砂崙里,276,150530,545,379,183,673,607.86,111.45
台南市,安南區,青草里,280,132480,473,358,176,597,518.18,109.52
台南市,安南區,四草里,412,291180,707,450,214,810,801.00,113.34
台南市,安南區,塩田里,479,381072,796,477,237,936,1132.30,142.33
台南市,安南區,媽祖宮里,381,221998,583,390,197,738,766.53,131.55
台南市,安南區,鹿耳里,201,101067,503,346,178,666,508.08,101.05
台南市,安南區,安和里,624,373968,599,417,224,778,612.31,102.17
台南市,安南區,溪北里,881,604672,686,447,224,855,767.09,111.76
台南市,安南區,溪頂里,1387,940132,678,460,236,852,731.70,107.95
台南市,安南區,溪墘里,866,579854,670,430,221,822,862.65,128.83
台南市,安南區,海佃里,1233,836593,679,452,209,825,832.75,122.73
台南市,安南區,幸福里,995,574142,577,407,211,727,608.50,105.46
台南市,安南區,梅花里,1163,857613,737,471,225,878,962.62,130.54
台南市,安南區,鳳凰里,1262,799658,634,412,201,763,770.79,121.64
台南市,安南區,理想里,1395,945644,678,464,231,817,749.69,110.59
台南市,安南區,溪東里,1451,1259671,868,567,284,1082,1093.58,125.97
台南市,安南區,布袋里,545,380043,697,492,230,802,794.85,113.99
台南市,安南區,國安里,1666,1865639,1120,721,354,1419,1204.51,107.56
台南市,安南區,安富里,1510,1095115,725,458,234,890,877.68,121.02
台南市,安南區,大安里,1021,625189,612,393,195,765,745.00,121.67
台南市,安平區,金城里,591,455992,772,473,224,951,1018.75,132.04
台南市,安平區,漁光里,72,34271,476,368,208,599,430.21,90.38
台南市,安平區,建平里,1968,2061635,1048,600,282,1213,1576.97,150.53
台南市,安平區,怡平里,1582,1536443,971,534,249,1133,1371.12,141.18
台南市,安平區,華平里,1661,1296328,780,469,223,888,1196.72,153.34
台南市,安平區,平通里,2465,2101565,853,514,244,987,1706.12,200.12
台南市,安平區,文平里,2112,2274742,1077,586,281,1286,1469.79,136.46
台南市,安平區,國平里,3258,3413544,1048,619,291,1241,1402.73,133.88
台南市,安平區,育平里,2813,2401859,854,521,257,1032,1191.92,139.60
台南市,安平區,億載里,1098,1094590,997,605,278,1229,1206.05,120.98
台南市,安平區,平安里,1039,782913,754,447,217,889,1051.10,139.49
台南市,安平區,王城里,683,421405,617,369,194,724,778.98,126.25
台南市,安平區,天妃里,782,501526,641,405,200,726,859.03,133.94
台南市,中西區,赤嵌里,1247,1581293,1268,558,238,1185,8192.25,646.04
台南市,中西區,法華里,1000,1190051,1190,689,290,1395,1610.71,135.35
台南市,中西區,郡王里,1181,1458377,1235,701,300,1452,1830.44,148.23
台南市,中西區,開山里,761,599424,788,463,202,969,1014.90,128.85
台南市,中西區,永華里,839,756564,902,513,215,1121,1165.04,129.20
台南市,中西區,藥王里,1027,888101,865,486,231,997,1245.38,144.02
台南市,中西區,大涼里,925,999063,1080,592,296,1164,1895.11,175.46
台南市,中西區,光賢里,1216,1130720,930,564,257,1098,1248.23,134.24
台南市,中西區,西賢里,1863,1875128,1007,563,258,1149,1537.75,152.78
台南市,中西區,西湖里,2280,2686603,1178,661,309,1408,1641.67,139.32
台南市,中西區,城隍里,1371,1609137,1174,623,245,1347,1763.42,150.25
台南市,中西區,南美里,1062,1089670,1026,537,247,1190,1510.56,147.22
台南市,中西區,南門里,928,1164583,1255,623,285,1381,2673.62,213.05
台南市,中西區,小西門里,981,754090,769,470,210,917,1032.13,134.27
台南市,中西區,五條港里,554,472240,852,447,210,919,1868.58,219.21
台南市,中西區,兌悅里,1036,735978,710,429,192,828,1102.07,155.13
台南市,中西區,淺草里,781,769058,985,474,182,1073,1527.32,155.10
台南市,中西區,府前里,574,465117,810,460,190,973,1098.77,135.60
台南市,中西區,南廠里,989,682943,691,403,179,772,1088.45,157.62
台南市,中西區,西和里,1398,1430705,1023,532,247,1132,1535.17,150.01
台南市,新營區,忠政里,1690,1343005,795,545,271,1040,938.76,118.13
台南市,新營區,民權里,856,712797,833,507,250,1034,1059.21,127.20
台南市,新營區,三仙里,891,691893,777,503,240,974,981.99,126.46
台南市,新營區,民生里,1016,773953,762,493,230,967,947.23,124.35
台南市,新營區,民榮里,1484,1065292,718,476,224,888,873.21,121.64
台南市,新營區,南興里,652,408351,626,442,222,804,642.86,102.64
台南市,新營區,中營里,418,383068,916,609,295,1165,1023.92,111.73
台南市,新營區,興業里,637,539506,847,501,253,1053,1101.68,130.08
台南市,新營區,王公里,1396,1182157,847,545,273,1116,981.68,115.93
台南市,新營區,大宏里,975,895587,919,586,284,1088,1233.63,134.30
台南市,新營區,護鎮里,438,286313,654,496,259,826,703.28,107.59
台南市,新營區,埤寮里,495,333928,675,474,217,906,738.25,109.44
台南市,新營區,土庫里,395,250498,634,430,236,767,826.41,130.31
台南市,新營區,太南里,438,245688,561,431,230,692,513.02,91.46
台南市,新營區,太北里,501,301058,601,438,259,729,607.21,101.05
台南市,新營區,南紙里,1273,752784,591,440,231,770,572.13,96.75
台南市,新營區,嘉芳里,617,379783,616,451,215,758,782.37,127.10
台南市,新營區,五興里,314,192575,613,385,204,741,734.27,119.73
台南市,新營區,姑爺里,191,113227,593,453,230,718,569.19,96.02
台南市,新營區,新北里,1911,1519272,795,572,289,1024,797.57,100.32
台南市,新營區,新南里,2022,1861777,921,620,290,1181,1044.77,113.47
台南市,新營區,新東里,2680,2585904,965,659,322,1239,1106.15,114.64
台南市,新營區,永平里,758,505346,667,446,213,853,765.80,114.87
台南市,鹽水區,水秀里,414,272429,658,452,217,782,886.68,134.74
台南市,鹽水區,橋南里,1066,670394,629,454,245,757,688.70,109.51
台南市,鹽水區,岸內里,1197,775746,648,453,234,791,723.26,111.60
台南市,鹽水區,汫水里,199,138334,695,435,216,769,901.21,129.64
台南市,鹽水區,歡雅里,342,184705,540,396,186,693,635.05,117.59
台南市,鹽水區,津城里,396,294608,744,476,213,909,967.33,130.02
台南市,鹽水區,月港里,463,327259,707,478,270,812,792.89,112.18
台南市,鹽水區,三明里,369,238846,647,431,242,765,722.97,111.69
台南市,鹽水區,義中里,390,238538,612,424,233,740,724.98,118.53
台南市,鹽水區,文昌里,201,148060,737,461,254,778,1276.60,173.31
台南市,鹽水區,竹林里,202,112577,557,421,237,651,572.70,102.76
台南市,鹽水區,三和里,172,108929,633,432,246,762,697.06,110.07
台南市,鹽水區,坔頭港里,293,162771,556,448,247,702,484.63,87.24
台南市,白河區,白河里,387,280462,725,493,237,906,854.54,117.91
台南市,白河區,永安里,826,544416,659,467,212,852,725.44,110.07
台南市,白河區,庄內里,376,228734,608,441,234,728,648.29,106.57
台南市,白河區,外角里,321,179909,560,400,183,768,622.58,111.08
台南市,白河區,秀祐里,225,119186,530,394,215,711,500.48,94.48
台南市,白河區,大竹里,246,130475,530,377,191,659,516.87,97.45
台南市,白河區,內角里,114,84334,740,480,247,792,1090.67,147.43
台南市,白河區,竹門里,162,89337,551,451,222,708,498.33,90.37
台南市,白河區,崎內里,124,67874,547,390,187,774,515.08,94.10
台南市,白河區,汴頭里,114,57467,504,375,159,675,532.09,105.55
台南市,白河區,昇安里,277,175535,634,406,171,681,1907.16,300.95
台南市,白河區,河東里,284,170593,601,428,218,708,629.42,104.79
台南市,白河區,虎山里,73,45034,617,426,233,724,731.46,118.57
台南市,白河區,大林里,93,53669,577,415,254,805,521.94,90.44
台南市,白河區,崁頭里,68,38186,562,423,201,695,560.28,99.77
台南市,白河區,六溪里,72,43310,602,467,190,674,890.14,147.98
台南市,白河區,關嶺里,153,95036,621,377,188,705,864.65,139.20
台南市,白河區,仙草里,127,67281,530,403,218,727,447.79,84.52
台南市,白河區,廣蓮里,311,176000,566,400,228,678,591.81,104.58
台南市,白河區,詔豐里,380,236404,622,409,206,754,968.67,155.70
台南市,白河區,馬稠後里,216,116531,539,414,203,673,606.86,112.49
台南市,柳營區,士林里,608,450083,740,512,276,843,971.98,131.30
台南市,柳營區,光福里,445,289340,650,469,209,784,677.26,104.16
台南市,柳營區,中埕里,389,274431,705,531,252,920,717.19,101.66
台南市,柳營區,東昇里,841,588421,700,518,271,926,706.60,100.99
台南市,柳營區,八翁里,396,242598,613,453,237,807,581.64,94.94
台南市,柳營區,人和里,189,114452,606,395,246,765,672.16,111.00
台南市,柳營區,太康里,390,279366,716,483,253,858,972.53,135.77
台南市,柳營區,重溪里,416,256032,615,426,246,786,620.73,100.86
台南市,柳營區,篤農里,311,189276,609,427,207,732,773.86,127.15
台南市,柳營區,大農里,154,91128,592,398,228,705,653.55,110.45
台南市,柳營區,神農里,292,182296,624,411,245,746,785.35,125.80
台南市,柳營區,果毅里,301,186394,619,423,239,776,730.07,117.90
台南市,柳營區,旭山里,300,169658,566,399,183,648,708.27,125.24
台南市,後壁區,後壁里,451,309191,686,488,244,806,797.89,116.38
台南市,後壁區,嘉苳里,305,198006,649,484,239,798,685.65,105.62
台南市,後壁區,侯伯里,310,206121,665,494,265,875,659.09,99.13
台南市,後壁區,土溝里,280,166916,596,448,226,765,533.20,89.44
台南市,後壁區,頂安里,350,231469,661,500,277,887,607.40,91.84
台南市,後壁區,長安里,313,199153,636,462,251,807,767.88,120.68
台南市,後壁區,福安里,438,284661,650,415,241,834,715.33,110.07
台南市,後壁區,菁寮里,292,199147,682,499,214,851,746.45,109.45
台南市,後壁區,菁豐里,293,212133,724,470,263,916,811.77,112.12
台南市,後壁區,新嘉里,204,121003,593,453,233,760,555.50,93.65
台南市,後壁區,新東里,438,253555,579,431,229,744,600.69,103.77
台南市,後壁區,竹新里,291,170711,587,442,228,760,597.72,101.89
台南市,後壁區,上茄苳里,443,294137,664,457,241,852,676.80,101.93
台南市,後壁區,長短樹里,417,249832,599,417,251,748,625.46,104.40
台南市,東山區,東山里,333,191036,574,425,211,740,570.67,99.48
台南市,東山區,東中里,641,418039,652,435,231,772,1017.25,155.98
台南市,東山區,東正里,279,165514,593,443,258,805,521.34,87.88
台南市,東山區,三榮里,153,104265,681,418,265,723,897.49,131.70
台南市,東山區,大客里,185,97171,525,417,228,706,439.83,83.74
台南市,東山區,科里里,199,123520,621,488,258,816,587.80,94.70
台南市,東山區,東河里,166,90624,546,382,214,708,564.96,103.49
台南市,東山區,聖賢里,431,258623,600,417,229,723,653.83,108.96
台南市,東山區,南溪里,71,38542,543,376,142,650,668.29,123.11
台南市,東山區,水雲里,65,37421,576,395,195,715,560.17,97.30
台南市,東山區,林安里,82,37738,460,288,187,568,522.60,113.56
台南市,東山區,東原里,354,204681,578,420,216,697,598.15,103.45
台南市,東山區,嶺南里,77,47301,614,409,286,659,790.30,128.65
台南市,東山區,南勢里,159,97353,612,388,130,694,890.74,145.48
台南市,東山區,青山里,168,91305,543,440,230,713,467.59,86.04
台南市,東山區,高原里,117,61982,530,345,144,673,572.63,108.09
台南市,麻豆區,東角里,948,742893,784,506,255,1005,891.76,113.80
台南市,麻豆區,晋江里,815,637797,783,522,292,923,1058.62,135.27
台南市,麻豆區,巷口里,735,644918,877,574,285,1084,1059.02,120.69
台南市,麻豆區,中興里,596,416893,699,501,279,919,674.62,96.45
台南市,麻豆區,興農里,469,374491,798,536,246,946,966.39,121.03
台南市,麻豆區,油車里,1116,849035,761,496,243,973,988.79,129.97
台南市,麻豆區,北勢里,240,148567,619,457,224,692,712.72,115.13
台南市,麻豆區,大埕里,918,736408,802,520,264,959,970.16,120.94
台南市,麻豆區,寮廍里,493,314713,638,460,232,804,624.88,97.89
台南市,麻豆區,南勢里,729,563315,773,480,251,949,907.44,117.43
台南市,麻豆區,安業里,312,211085,677,446,234,816,751.40,111.06
台南市,麻豆區,安正里,242,150415,622,405,230,786,698.18,112.33
台南市,麻豆區,埤頭里,638,402506,631,445,247,762,653.29,103.55
台南市,麻豆區,海埔里,546,371928,681,464,248,827,729.63,107.11
台南市,麻豆區,港尾里,409,342316,837,441,232,880,1173.72,140.24
台南市,麻豆區,麻口里,322,194414,604,422,234,674,595.24,98.59
台南市,麻豆區,新興里,596,505380,848,521,269,1006,1251.09,147.54
台南市,麻豆區,謝厝寮里,393,267737,681,435,214,732,1068.28,156.81
台南市,麻豆區,井東里,448,282820,631,437,217,792,817.15,129.44
台南市,麻豆區,清水里,428,302472,707,538,301,875,688.34,97.40
台南市,下營區,仁里里,519,339442,654,458,239,820,672.50,102.82
台南市,下營區,宅內里,401,248858,621,449,232,834,628.88,101.34
台南市,下營區,後街里,409,278202,680,504,257,896,689.23,101.33
台南市,下營區,新興里,560,344731,616,461,246,773,608.85,98.90
台南市,下營區,下營里,372,243570,655,478,236,851,620.31,94.74
台南市,下營區,營前里,566,387932,685,482,250,899,718.27,104.80
台南市,下營區,開化里,437,270437,619,454,233,852,552.25,89.24
台南市,下營區,西連里,195,125794,645,439,219,778,725.94,112.53
台南市,下營區,賀建里,280,172476,616,406,239,739,666.19,108.15
台南市,下營區,大吉里,324,182952,565,440,220,747,496.76,87.97
台南市,下營區,茅營里,575,377950,657,449,225,822,703.26,106.99
台南市,下營區,紅甲里,483,289440,599,416,208,751,717.76,119.78
台南市,六甲區,六甲里,835,605818,726,483,271,870,925.28,127.53
台南市,六甲區,甲東里,704,430368,611,407,202,731,799.45,130.77
台南市,六甲區,甲南里,406,290443,715,519,241,988,726.33,101.53
台南市,六甲區,七甲里,524,326753,624,427,225,780,696.67,111.72
台南市,六甲區,二甲里,1018,652938,641,453,252,803,735.13,114.61
台南市,六甲區,水林里,566,366588,648,472,269,805,694.93,107.29
台南市,六甲區,中社里,443,267693,604,434,239,772,611.62,101.22
台南市,六甲區,龜港里,418,264677,633,464,251,785,844.99,133.45
台南市,六甲區,菁埔里,159,82587,519,405,201,669,475.90,91.62
台南市,六甲區,王爺里,122,62839,515,381,187,621,498.43,96.77
台南市,六甲區,大丘里,79,45475,576,417,283,731,502.46,87.29
台南市,官田區,官田里,615,400879,652,451,255,807,737.30,113.11
台南市,官田區,隆田里,584,400117,685,492,263,853,771.42,112.60
台南市,官田區,二鎮里,1091,717129,657,484,252,840,654.92,99.64
台南市,官田區,社子里,185,93264,504,368,180,660,548.78,108.86
台南市,官田區,大崎里,75,54752,730,467,241,1296,698.47,95.68
台南市,官田區,隆本里,1235,824140,667,499,266,832,679.22,101.78
台南市,官田區,南廍里,343,175042,510,381,188,697,544.09,106.62
台南市,官田區,渡拔里,622,389195,626,447,234,782,707.09,113.00
台南市,官田區,烏山頭里,335,234906,701,432,236,799,1179.64,168.23
台南市,官田區,東西庄里,414,256605,620,463,227,765,598.18,96.51
台南市,大內區,石湖里,198,104677,529,386,193,628,543.64,102.83
台南市,大內區,石林里,119,66893,562,390,207,649,731.46,130.12
台南市,大內區,石城里,369,192915,523,373,188,655,564.87,108.05
台南市,大內區,內江里,184,98604,536,390,186,687,525.29,98.02
台南市,大內區,大內里,162,97179,600,496,281,857,483.48,80.60
台南市,大內區,內郭里,127,60895,479,369,215,623,386.61,80.63
台南市,大內區,頭社里,173,79397,459,401,218,621,365.01,79.53
台南市,大內區,二溪里,154,108954,707,412,241,767,932.30,131.78
台南市,大內區,曲溪里,107,53757,502,396,236,635,411.34,81.87
台南市,大內區,環湖里,93,51599,555,344,220,761,568.53,102.47
台南市,佳里區,鎮山里,1655,1123736,679,466,247,865,708.08,104.28
台南市,佳里區,東寧里,683,543881,796,502,243,942,1036.58,130.17
台南市,佳里區,六安里,1374,1151603,838,554,267,1057,986.93,117.75
台南市,佳里區,安西里,1918,1372319,715,478,259,898,796.40,111.31
台南市,佳里區,建南里,1359,1048971,772,491,245,974,918.57,119.01
台南市,佳里區,佳化里,656,412975,630,406,230,697,921.35,146.35
台南市,佳里區,海澄里,575,335102,583,403,192,695,784.02,134.53
台南市,佳里區,子龍里,625,431966,691,477,241,816,872.08,126.18
台南市,佳里區,民安里,502,333107,664,514,264,898,587.55,88.54
台南市,佳里區,忠仁里,816,577738,708,470,239,857,848.62,119.86
台南市,佳里區,下營里,415,241805,583,427,211,701,620.00,106.41
台南市,佳里區,營溪里,257,158547,617,444,221,839,615.84,99.83
台南市,佳里區,塭內里,592,328304,555,408,221,651,611.40,110.25
台南市,佳里區,佳興里,599,364002,608,439,222,778,623.10,102.54
台南市,佳里區,南勢里,1533,1198657,782,542,277,993,848.25,108.48
台南市,佳里區,文新里,1750,1350691,772,524,262,968,1035.36,134.14
台南市,西港區,西港里,960,676873,705,475,256,874,927.44,131.54
台南市,西港區,南海里,770,549633,714,483,278,848,807.43,113.12
台南市,西港區,港東里,475,273337,575,411,200,735,568.56,98.80
台南市,西港區,檨林里,346,199000,575,436,248,685,558.43,97.09
台南市,西港區,後營里,393,241947,616,453,238,729,602.11,97.80
台南市,西港區,營西里,382,260290,681,463,234,787,1010.48,148.30
台南市,西港區,金砂里,182,112908,620,391,203,737,625.08,100.76
台南市,西港區,劉厝里,376,222353,591,421,240,725,633.06,107.05
台南市,西港區,竹林里,310,200098,645,381,193,700,926.00,143.46
台南市,西港區,永樂里,297,176051,593,412,228,685,713.99,120.45
台南市,西港區,新復里,168,84492,503,350,171,686,508.53,101.11
台南市,西港區,慶安里,1264,897088,710,470,247,853,842.55,118.72
台南市,七股區,後港里,162,98119,606,406,211,657,705.03,116.40
台南市,七股區,大潭里,125,64773,518,407,196,632,494.21,95.37
台南市,七股區,頂山里,126,63175,501,297,151,523,816.91,162.93
台南市,七股區,西寮里,59,25362,430,371,167,513,355.82,82.77
台南市,七股區,篤加里,167,112467,673,391,191,662,1281.00,190.21
台南市,七股區,中寮里,96,64680,674,402,217,731,967.65,143.62
台南市,七股區,塩埕里,50,27349,547,348,172,805,571.31,104.45
台南市,七股區,七股里,194,120119,619,410,241,764,702.40,113.44
台南市,七股區,溪南里,70,45639,652,517,282,799,605.22,92.83
台南市,七股區,玉成里,166,110190,664,491,191,826,836.51,126.02
台南市,七股區,大埕里,611,351505,575,389,201,715,681.02,118.38
台南市,七股區,樹林里,422,223801,530,355,183,630,623.33,117.54
台南市,七股區,竹橋里,263,152191,579,396,199,691,612.37,105.82
台南市,七股區,義合里,393,222398,566,398,198,689,623.21,110.13
台南市,七股區,永吉里,187,109915,588,391,175,731,720.88,122.64
台南市,七股區,三股里,229,124360,543,381,183,640,640.25,117.90
台南市,七股區,十份里,238,162629,683,408,209,693,1092.05,159.82
台南市,七股區,龍山里,262,167275,638,412,220,707,1181.20,185.01
台南市,將軍區,長榮里,309,205701,666,476,256,801,747.13,112.23
台南市,將軍區,玉山里,138,67942,492,409,255,611,418.43,84.99
台南市,將軍區,廣山里,72,43192,600,382,206,703,676.73,112.81
台南市,將軍區,長沙里,209,116048,555,410,238,726,568.49,102.38
台南市,將軍區,平沙里,194,94542,487,360,178,581,519.61,106.62
台南市,將軍區,鯤鯓里,305,158339,519,385,202,668,541.55,104.32
台南市,將軍區,鯤溟里,141,68923,489,341,185,602,541.82,110.84
台南市,將軍區,西甲里,580,349555,603,444,229,747,642.00,106.52
台南市,將軍區,忠嘉里,566,335549,593,381,221,666,687.14,115.91
台南市,將軍區,苓仔寮里,447,227087,508,368,193,597,575.44,113.27
台南市,將軍區,巷埔里,174,104054,598,455,231,737,553.13,92.49
台南市,將軍區,將軍里,264,145193,550,384,203,660,650.07,118.20
台南市,北門區,北門里,139,79346,571,423,263,684,552.69,96.82
台南市,北門區,永隆里,151,76029,504,400,212,599,496.22,98.55
台南市,北門區,玉港里,136,74138,545,409,221,704,508.92,93.36
台南市,北門區,保吉里,279,155410,557,410,165,676,629.42,113.00
台南市,北門區,雙春里,68,46991,691,434,175,880,945.29,136.79
台南市,北門區,錦湖里,142,97631,688,484,243,744,725.47,105.52
台南市,北門區,慈安里,138,99277,719,496,232,864,756.84,105.20
台南市,北門區,三光里,201,109618,545,394,199,719,553.96,101.58
台南市,北門區,蚵寮里,251,167166,666,435,220,799,713.68,107.16
台南市,北門區,文山里,239,122977,515,377,245,632,492.29,95.67
台南市,學甲區,仁得里,1176,779866,663,461,242,810,770.27,116.15
台南市,學甲區,新榮里,773,484066,626,462,257,797,606.21,96.80
台南市,學甲區,光華里,293,142587,487,349,191,638,523.81,107.64
台南市,學甲區,宅港里,158,98473,623,492,245,799,615.45,98.75
台南市,學甲區,明宜里,500,304940,610,431,229,754,613.99,100.67
台南市,學甲區,慈福里,580,392159,676,468,225,839,960.36,142.04
台南市,學甲區,新達里,534,354094,663,467,250,826,698.05,105.27
台南市,學甲區,大灣里,245,141315,577,418,239,738,534.33,92.64
台南市,學甲區,中洲里,332,223444,673,391,215,846,969.12,143.99
台南市,學甲區,平和里,205,111555,544,393,230,615,619.22,113.79
台南市,學甲區,豐和里,310,176902,571,410,224,713,576.41,101.01
台南市,學甲區,三慶里,274,162400,593,385,211,738,829.47,139.95
台南市,學甲區,秀昌里,687,439045,639,439,236,752,786.90,123.13
台南市,新化區,武安里,932,613857,659,438,226,785,861.92,130.86
台南市,新化區,東榮里,1164,797865,685,452,239,856,789.19,115.13
台南市,新化區,護國里,753,529726,703,480,252,868,812.13,115.44
台南市,新化區,太平里,1367,976590,714,466,229,896,807.55,113.04
台南市,新化區,協興里,950,610231,642,402,203,767,815.60,126.97
台南市,新化區,唪口里,628,388818,619,424,228,757,655.27,105.84
台南市,新化區,北勢里,475,305312,643,440,233,837,640.88,99.71
台南市,新化區,豐榮里,968,757756,783,486,264,933,920.34,117.57
台南市,新化區,全興里,906,711190,785,493,250,942,992.77,126.47
台南市,新化區,崙頂里,614,472208,769,498,250,898,1056.35,137.35
台南市,新化區,知義里,537,356561,664,423,201,772,933.58,140.60
台南市,新化區,山脚里,513,349348,681,435,212,824,1001.72,147.10
台南市,新化區,大坑里,69,31774,460,333,207,567,448.95,97.49
台南市,新化區,𦰡拔里,523,317188,606,393,212,716,713.70,117.68
台南市,新化區,羊林里,205,118443,578,401,206,713,617.57,106.89
台南市,新化區,礁坑里,161,97942,608,380,194,678,768.69,126.36
台南市,善化區,東關里,417,657901,1578,905,372,2171,1727.69,109.51
台南市,善化區,文昌里,945,882817,934,564,278,1180,1061.84,113.66
台南市,善化區,南關里,549,471766,859,532,278,914,1080.52,125.74
台南市,善化區,文正里,551,598220,1086,610,267,1252,1452.12,133.75
台南市,善化區,坐駕里,1454,1784659,1227,691,314,1515,2375.51,193.54
台南市,善化區,胡家里,341,224042,657,480,257,909,593.08,90.27
台南市,善化區,胡厝里,665,599833,902,575,308,1117,978.98,108.53
台南市,善化區,什乃里,392,268372,685,482,287,918,608.20,88.84
台南市,善化區,溪美里,628,729731,1162,633,305,1281,2121.23,182.55
台南市,善化區,六分里,184,136492,742,512,274,950,751.68,101.33
台南市,善化區,田寮里,473,305710,646,448,243,829,677.69,104.85
台南市,善化區,六德里,276,192667,698,439,228,801,859.10,123.07
台南市,善化區,牛庄里,596,491926,825,533,303,1043,873.04,105.77
台南市,善化區,嘉南里,268,208250,777,531,269,999,751.75,96.74
台南市,善化區,嘉北里,496,392660,792,531,259,955,877.20,110.81
台南市,善化區,小新里,1700,1860271,1094,675,342,1321,1375.59,125.71
台南市,善化區,光文里,2038,2314582,1136,659,335,1344,1542.34,135.80
台南市,善化區,頂街里,370,358281,968,571,272,1221,1227.84,126.80
台南市,善化區,昌隆里,553,401715,726,447,239,950,914.73,125.92
台南市,善化區,蓮潭里,2156,4589267,2129,1669,769,2900,2058.71,96.72
台南市,新市區,新市里,965,798183,827,552,291,1002,902.83,109.15
台南市,新市區,新和里,2494,2512674,1007,612,311,1251,1135.22,112.68
台南市,新市區,社內里,1053,945563,898,602,298,1185,909.95,101.33
台南市,新市區,大洲里,207,157108,759,461,213,908,1009.26,132.98
台南市,新市區,豐華里,241,160511,666,427,232,773,795.50,119.44
台南市,新市區,三舍里,556,704590,1267,691,323,1452,1778.08,140.31
台南市,新市區,大營里,1205,1025268,851,534,270,1061,1023.11,120.25
台南市,新市區,大社里,1549,1047821,676,463,241,830,769.53,113.76
台南市,新市區,潭頂里,556,337924,608,447,215,742,650.74,107.07
台南市,新市區,港墘里,1148,771035,672,455,252,797,752.15,111.99
台南市,新市區,永就里,1009,797563,790,521,264,991,878.34,111.12
台南市,安定區,蘇林里,573,425613,743,506,231,936,820.66,110.48
台南市,安定區,蘇厝里,584,427946,733,549,272,949,697.20,95.14
台南市,安定區,安定里,390,291579,748,526,262,885,808.50,108.14
台南市,安定區,安加里,599,465319,777,511,249,987,902.15,116.13
台南市,安定區,港尾里,365,248935,682,503,253,864,735.60,107.86
台南市,安定區,中榮里,573,576189,1006,638,304,1257,1171.27,116.48
台南市,安定區,港口里,865,614307,710,500,254,882,798.27,112.40
台南市,安定區,港南里,778,569457,732,482,262,882,827.50,113.05
台南市,安定區,新吉里,700,510071,729,461,235,867,871.03,119.54
台南市,安定區,海寮里,695,448513,645,433,225,790,749.87,116.20
台南市,安定區,中沙里,184,142273,773,455,215,877,1127.45,145.81
台南市,安定區,嘉同里,609,348835,573,386,194,696,733.38,128.03
台南市,安定區,文科里,418,292255,699,439,210,842,908.18,129.89
台南市,山上區,山上里,330,200717,608,465,237,851,523.69,86.10
台南市,山上區,南洲里,421,240239,571,424,214,723,566.27,99.23
台南市,山上區,明和里,400,259780,649,466,230,779,857.44,132.03
台南市,山上區,新莊里,271,145391,536,379,189,624,633.99,118.17
台南市,山上區,玉峯里,85,51432,605,402,262,706,593.65,98.11
台南市,山上區,豐德里,84,45562,542,370,189,614,630.62,116.26
台南市,山上區,平陽里,86,49807,579,414,204,580,793.35,136.99
台南市,玉井區,玉井里,275,191374,696,467,242,895,762.86,109.62
台南市,玉井區,玉田里,850,547216,644,444,233,813,730.06,113.40
台南市,玉井區,中正里,221,134708,610,421,237,745,740.27,121.45
台南市,玉井區,竹圍里,265,152436,575,422,206,682,629.51,109.44
台南市,玉井區,沙田里,81,50722,626,521,244,749,565.60,90.32
台南市,玉井區,三埔里,86,53182,618,412,235,698,620.53,100.34
台南市,玉井區,三和里,129,74248,576,423,220,687,587.71,102.11
台南市,玉井區,望明里,276,154335,559,384,207,713,607.74,108.68
台南市,玉井區,層林里,93,53692,577,409,215,770,603.15,104.47
台南市,玉井區,豐里里,158,95650,605,387,193,749,655.97,108.36
台南市,楠西區,楠西里,324,173353,535,421,222,699,443.34,82.86
台南市,楠西區,灣丘里,157,92331,588,365,181,694,692.36,117.73
台南市,楠西區,密枝里,80,59466,743,451,275,691,1069.43,143.87
台南市,楠西區,照興里,128,59505,465,364,190,586,432.06,92.94
台南市,楠西區,鹿田里,152,78720,518,405,231,655,451.06,87.10
台南市,楠西區,龜丹里,97,51583,532,379,213,566,646.41,121.55
台南市,楠西區,東勢里,400,217075,543,393,224,612,650.26,119.82
台南市,南化區,南化里,265,163641,618,424,247,715,677.45,109.71
台南市,南化區,小崙里,120,55426,462,362,179,603,433.57,93.87
台南市,南化區,中坑里,72,37974,527,424,213,657,442.63,83.92
台南市,南化區,北平里,80,38434,480,344,213,621,411.70,85.70
台南市,南化區,東和里,100,70993,710,541,317,887,699.45,98.52
台南市,南化區,西埔里,142,77963,549,364,221,739,465.39,84.77
台南市,南化區,北寮里,205,120043,586,430,203,755,664.59,113.49
台南市,南化區,玉山里,186,100786,542,394,208,722,515.15,95.07
台南市,南化區,關山里,201,118024,587,433,203,733,632.71,107.75
台南市,左鎮區,光和里,47,26093,555,366,234,760,517.99,93.30
台南市,左鎮區,榮和里,111,56783,512,357,209,618,482.40,94.30
台南市,左鎮區,左鎮里,86,34606,402,338,151,489,421.27,104.69
台南市,左鎮區,中正里,135,85782,635,331,166,654,812.96,127.94
台南市,左鎮區,睦光里,68,35134,517,394,204,658,461.96,89.41
台南市,左鎮區,內庄里,63,36474,579,452,250,796,457.94,79.10
台南市,左鎮區,岡林里,55,31749,577,382,181,762,562.29,97.41
台南市,左鎮區,草山里,37,20487,554,433,110,716,815.76,147.33
台南市,左鎮區,二寮里,19,6214,327,240,119,349,307.08,93.90
台南市,左鎮區,澄山里,55,24276,441,332,180,670,368.52,83.49
台南市,仁德區,太子里,1633,1114426,682,466,236,859,756.80,110.90
台南市,仁德區,土庫里,857,600488,701,469,235,888,795.14,113.48
台南市,仁德區,一甲里,941,802940,853,503,268,1017,1082.59,126.87
台南市,仁德區,仁德里,3074,2678106,871,580,288,1099,1048.26,120.32
台南市,仁德區,新田里,1110,823712,742,482,247,939,869.26,117.14
台南市,仁德區,後壁里,3139,2245778,715,488,251,895,764.47,106.85
台南市,仁德區,上崙里,1918,1384272,722,493,250,931,812.64,112.60
台南市,仁德區,保安里,834,593083,711,463,240,903,791.76,111.34
台南市,仁德區,二行里,601,424923,707,443,245,843,886.01,125.32
台南市,仁德區,大甲里,619,415726,672,433,218,868,787.20,117.21
台南市,仁德區,中洲里,669,444657,665,458,236,827,737.77,111.00
台南市,仁德區,仁和里,447,282763,633,458,239,805,639.30,101.06
台南市,仁德區,成功里,1463,1261370,862,483,247,966,1479.86,171.64
台南市,仁德區,仁愛里,385,279971,727,518,248,945,720.26,99.05
台南市,仁德區,仁義里,3116,2536211,814,510,251,960,1116.43,137.17
台南市,仁德區,文賢里,615,392686,639,423,222,792,701.42,109.85
台南市,歸仁區,南保里,1902,1333935,701,464,255,867,940.29,134.07
台南市,歸仁區,六甲里,1130,743862,658,452,242,849,691.79,105.09
台南市,歸仁區,歸仁里,742,564740,761,513,269,943,791.93,104.05
台南市,歸仁區,後市里,1020,742025,727,480,236,908,926.60,127.37
台南市,歸仁區,辜厝里,954,690340,724,461,244,843,1038.66,143.53
台南市,歸仁區,許厝里,1044,753641,722,461,247,870,826.24,114.46
台南市,歸仁區,看西里,756,587119,777,515,275,949,958.14,123.37
台南市,歸仁區,看東里,594,430193,724,477,251,905,907.55,125.31
台南市,歸仁區,崙頂里,1051,964895,918,561,281,1095,1349.27,146.97
台南市,歸仁區,沙崙里,209,147108,704,457,235,893,726.22,103.18
台南市,歸仁區,大潭里,527,339683,645,483,239,846,666.37,103.38
台南市,歸仁區,武東里,507,443714,875,559,285,1047,1267.43,144.82
台南市,歸仁區,八甲里,810,607617,750,491,256,912,903.03,120.38
台南市,歸仁區,七甲里,1172,820362,700,477,241,885,819.46,117.07
台南市,歸仁區,媽廟里,504,348716,692,477,257,759,862.14,124.61
台南市,歸仁區,西埔里,503,335411,667,443,254,807,715.62,107.32
台南市,歸仁區,大廟里,977,656606,672,469,251,833,737.69,109.77
台南市,歸仁區,南興里,1366,1058096,775,499,273,930,952.83,123.01
台南市,歸仁區,新厝里,758,507607,670,472,240,852,717.15,107.09
台南市,歸仁區,歸南里,668,443022,663,436,233,789,915.41,138.03
台南市,歸仁區,文化里,929,598086,644,425,205,802,778.44,120.91
台南市,關廟區,關廟里,658,470057,714,484,226,902,793.10,111.02
台南市,關廟區,山西里,582,390179,670,449,226,794,1000.05,149.17
台南市,關廟區,香洋里,926,654890,707,441,233,837,1080.40,152.77
台南市,關廟區,北勢里,660,415366,629,457,233,796,645.48,102.56
台南市,關廟區,新埔里,281,166918,594,425,232,741,622.37,104.77
台南市,關廟區,五甲里,954,554719,581,416,215,772,560.51,96.40
台南市,關廟區,東勢里,799,460613,576,433,228,709,600.96,104.25
台南市,關廟區,松腳里,518,342281,661,419,217,733,1130.06,171.02
台南市,關廟區,深坑里,389,210452,541,401,222,682,526.41,97.30
台南市,關廟區,布袋里,274,137088,500,324,164,549,684.11,136.74
台南市,關廟區,埤頭里,538,350229,651,459,226,775,775.61,119.14
台南市,關廟區,下湖里,99,62925,636,445,233,755,702.28,110.49
台南市,關廟區,新光里,114,59617,523,390,244,617,529.69,101.29
台南市,關廟區,龜洞里,318,171549,539,400,211,629,615.86,114.16
台南市,關廟區,花園里,924,594348,643,427,223,740,1052.97,163.70
台南市,龍崎區,崎頂里,182,117830,647,422,232,814,680.60,105.13
台南市,龍崎區,土崎里,106,53676,506,359,166,624,514.52,101.61
台南市,龍崎區,中坑里,18,11745,653,437,247,628,1052.69,161.33
台南市,龍崎區,楠坑里,66,33787,512,387,249,617,559.60,109.31
台南市,龍崎區,牛埔里,61,38534,632,368,202,790,1075.75,170.29
台南市,龍崎區,大坪里,54,30914,572,385,196,642,749.13,130.86
台南市,龍崎區,龍船里,57,40802,716,510,308,845,838.60,117.15
台南市,龍崎區,石𥕢里,54,32491,602,403,228,738,598.22,99.42
台南市,永康區,永康里,2544,2069771,814,497,253,964,1051.48,129.24
台南市,永康區,埔園里,2490,2406121,966,583,285,1169,1205.04,124.71
台南市,永康區,網寮里,2388,2071165,867,506,250,1015,1236.92,142.61
台南市,永康區,王行里,810,700453,865,488,250,929,1298.97,150.21
台南市,永康區,龍潭里,2037,1684023,827,498,249,987,969.78,117.30
台南市,永康區,大灣里,1018,749551,736,484,233,955,836.17,113.56
台南市,永康區,東灣里,983,736377,749,453,225,876,1304.08,174.08
台南市,永康區,西灣里,2497,1849211,741,467,246,911,853.68,115.27
台南市,永康區,南灣里,1127,756248,671,466,241,806,694.50,103.50
台南市,永康區,北灣里,1259,955077,759,475,241,897,1006.00,132.61
台南市,永康區,西勢里,2072,1640608,792,531,260,1001,864.47,109.18
台南市,永康區,新樹里,595,432476,727,485,255,893,819.89,112.80
台南市,永康區,三民里,450,400941,891,559,282,1047,1364.25,153.12
台南市,永康區,塩行里,1734,1327628,766,460,239,922,1039.73,135.80
台南市,永康區,蔦松里,584,429412,735,475,253,887,813.82,110.68
台南市,永康區,烏竹里,1037,924411,891,582,294,1146,935.33,104.92
台南市,永康區,建國里,602,494581,822,539,264,1038,874.45,106.44
台南市,永康區,復興里,382,272264,713,423,197,698,1095.18,153.66
台南市,永康區,成功里,535,390948,731,474,235,856,1096.67,150.08
台南市,永康區,光復里,251,256847,1023,645,341,1206,1197.36,117.01
台南市,永康區,神洲里,374,244170,653,468,218,851,679.82,104.13
台南市,永康區,勝利里,2527,2057205,814,501,246,1023,950.39,116.74
台南市,永康區,大橋里,1927,1901877,987,509,265,992,5787.17,586.36
台南市,永康區,五王里,1728,1161558,672,466,239,863,750.20,111.60
台南市,永康區,崑山里,1822,1347636,740,463,249,915,867.80,117.33
台南市,永康區,塩洲里,2009,1646294,819,508,247,1017,973.58,118.81
台南市,永康區,甲頂里,689,486671,706,486,257,800,1092.46,154.66
台南市,永康區,復國里,2715,1975157,727,482,245,890,1016.74,139.76
台南市,永康區,中興里,994,746066,751,492,259,915,885.68,118.00
台南市,永康區,正強里,2487,1855221,746,492,247,911,912.49,122.32
台南市,永康區,二王里,2534,1918991,757,502,260,976,827.45,109.26
台南市,永康區,中華里,1007,925408,919,545,241,1134,1298.76,141.33
台南市,永康區,東橋里,3266,4617290,1414,902,399,1870,1583.53,112.01
台南市,永康區,安康里,1604,1244590,776,509,239,963,1020.31,131.49
台南市,永康區,西橋里,1024,700187,684,489,226,904,709.08,103.70
台南市,永康區,六合里,1881,1456915,775,501,256,984,902.15,116.48
台南市,永康區,三合里,968,614420,635,426,210,765,808.20,127.33
台南市,永康區,尚頂里,1507,1269046,842,537,256,976,1086.94,129.07
台南市,永康區,復華里,3056,2063006,675,455,233,835,828.99,122.80
台南市,永康區,龍埔里,1516,1657951,1094,710,324,1463,1233.34,112.77
台南市,永康區,永明里,1653,1402897,849,532,255,1053,1079.37,127.18
台南市,永康區,塩興里,1593,1615357,1014,608,308,1294,1222.31,120.54
台南市,永康區,北興里,1814,1495577,824,545,270,1052,854.87,103.69
高雄市,鹽埕區,藍橋里,381,283060,743,462,204,900,1006.17,135.43
高雄市,鹽埕區,慈愛里,82,55463,676,472,238,882,931.92,137.78
高雄市,鹽埕區,博愛里,164,104708,638,382,201,665,804.61,126.02
高雄市,鹽埕區,陸橋里,281,182806,651,466,213,817,729.47,112.13
高雄市,鹽埕區,壽星里,325,253753,781,418,194,923,1049.58,134.43
高雄市,鹽埕區,中山里,509,446040,876,556,231,1008,1216.31,138.80
高雄市,鹽埕區,瀨南里,149,144774,972,478,194,1122,1505.42,154.94
高雄市,鹽埕區,新樂里,276,225469,817,448,182,937,1189.06,145.55
高雄市,鹽埕區,教仁里,566,386381,683,412,203,797,931.57,136.46
高雄市,鹽埕區,中原里,181,161555,893,497,260,948,1566.45,175.50
高雄市,鹽埕區,府北里,496,304620,614,418,207,766,694.28,113.05
高雄市,鹽埕區,育仁里,212,159068,750,425,187,912,956.22,127.44
高雄市,鹽埕區,光明里,368,318811,866,558,244,1086,998.89,115.30
高雄市,鹽埕區,江西里,306,270843,885,485,240,1123,1165.33,131.66
高雄市,鹽埕區,港都里,269,166423,619,424,209,780,681.27,110.12
高雄市,鹽埕區,新化里,150,87848,586,379,152,717,715.69,122.20
高雄市,鹽埕區,江南里,173,153749,889,457,215,974,1201.60,135.21
高雄市,鹽埕區,河濱里,529,439171,830,478,204,976,1309.09,157.69
高雄市,鹽埕區,南端里,303,263630,870,509,228,1158,1073.78,123.41
高雄市,鹽埕區,沙地里,196,149844,765,498,271,871,946.46,123.80
高雄市,鹽埕區,新豐里,245,170338,695,471,193,947,714.75,102.80
高雄市,鼓山區,前峰里,1290,941062,730,465,222,912,933.00,127.89
高雄市,鼓山區,光榮里,1039,809281,779,447,224,893,1206.16,154.85
高雄市,鼓山區,民族里,357,271814,761,455,239,787,2054.56,269.85
高雄市,鼓山區,自強里,202,131963,653,472,278,819,631.68,96.69
高雄市,鼓山區,建國里,817,632973,775,501,229,985,893.11,115.28
高雄市,鼓山區,內惟里,281,210292,748,481,253,1019,897.04,119.87
高雄市,鼓山區,忠正里,1031,646479,627,437,225,751,696.69,111.11
高雄市,鼓山區,龍井里,324,195582,604,423,199,719,708.86,117.43
高雄市,鼓山區,平和里,1087,772406,711,484,230,847,810.88,114.11
高雄市,鼓山區,龍子里,6296,7896883,1254,761,322,1559,1685.07,134.35
高雄市,鼓山區,鼓岩里,268,138783,518,323,142,577,801.65,154.80
高雄市,鼓山區,樹德里,326,241720,741,470,214,891,958.83,129.31
高雄市,鼓山區,寶樹里,295,181254,614,384,168,812,786.82,128.06
高雄市,鼓山區,綠川里,327,202319,619,423,193,729,750.77,121.34
高雄市,鼓山區,河邊里,283,187934,664,458,261,865,728.88,109.76
高雄市,鼓山區,興宗里,332,210500,634,417,219,784,729.59,115.07
高雄市,鼓山區,光化里,283,178592,631,372,198,767,819.37,129.84
高雄市,鼓山區,山下里,395,336272,851,504,249,1038,1014.47,119.16
高雄市,鼓山區,登山里,131,104039,794,442,249,874,975.35,122.81
高雄市,鼓山區,峰南里,185,118098,638,370,203,710,923.00,144.59
高雄市,鼓山區,維生里,374,293527,785,445,211,959,1190.70,151.71
高雄市,鼓山區,延平里,215,157425,732,384,207,781,1097.54,149.89
高雄市,鼓山區,新民里,229,147841,646,370,203,781,772.30,119.63
高雄市,鼓山區,惠安里,318,387402,1218,432,200,852,9272.21,761.11
高雄市,鼓山區,壽山里,315,168282,534,331,164,687,595.09,111.39
高雄市,鼓山區,哨船頭里,260,168859,649,467,216,815,736.83,113.45
高雄市,鼓山區,桃源里,138,109842,796,490,194,1040,858.23,107.82
高雄市,鼓山區,正德里,553,380922,689,432,208,791,1076.93,156.34
高雄市,鼓山區,厚生里,956,630010,659,444,225,895,690.36,104.76
高雄市,鼓山區,明誠里,6221,5931331,953,591,263,1179,1265.63,132.74
高雄市,鼓山區,民強里,754,472042,626,440,216,783,686.27,109.62
高雄市,鼓山區,裕豐里,872,771295,885,527,234,1061,1138.24,128.69
高雄市,鼓山區,華豐里,1387,1188976,857,527,246,1036,1175.61,137.14
高雄市,鼓山區,雄峰里,554,342018,617,425,188,745,807.87,130.86
高雄市,鼓山區,鼓峰里,461,249316,541,369,193,643,651.83,120.53
高雄市,鼓山區,麗興里,273,219253,803,474,215,924,1226.03,152.66
高雄市,鼓山區,龍水里,10555,16363252,1550,925,394,1870,3682.51,237.54
高雄市,鼓山區,裕興里,1087,852153,784,463,221,972,1034.31,131.94
高雄市,左營區,崇實里,1357,1241957,915,687,306,1160,978.27,106.89
高雄市,左營區,合群里,813,615472,757,516,266,886,916.67,121.09
高雄市,左營區,頂西里,269,176619,657,444,223,783,765.44,116.58
高雄市,左營區,頂北里,133,86467,650,435,228,748,736.12,113.23
高雄市,左營區,中北里,131,88618,676,389,183,708,1026.13,151.69
高雄市,左營區,中南里,121,64104,530,389,236,722,459.25,86.69
高雄市,左營區,自助里,892,724577,812,660,339,1031,802.71,98.82
高雄市,左營區,尾西里,283,206742,731,467,260,835,858.78,117.55
高雄市,左營區,尾北里,969,734032,758,491,241,886,981.88,129.62
高雄市,左營區,廍南里,150,99486,663,435,196,880,710.91,107.19
高雄市,左營區,廟東里,173,115600,668,437,177,680,941.63,140.92
高雄市,左營區,廟北里,184,120571,655,408,208,802,881.73,134.56
高雄市,左營區,尾南里,171,94007,550,366,178,685,594.18,108.08
高雄市,左營區,廍北里,87,55916,643,432,233,648,947.58,147.43
高雄市,左營區,埤東里,235,180375,768,376,187,777,1975.37,257.36
高雄市,左營區,埤北里,275,170087,618,382,182,749,858.10,138.74
高雄市,左營區,新上里,9798,10413127,1063,621,286,1288,1630.81,153.45
高雄市,左營區,新中里,1572,1363332,867,523,251,1050,1167.64,134.64
高雄市,左營區,新下里,5306,5421088,1022,621,281,1284,1306.64,127.89
高雄市,左營區,聖后里,190,119861,631,402,184,855,712.08,112.88
高雄市,左營區,聖西里,78,83087,1065,567,304,1096,1639.58,153.92
高雄市,左營區,聖南里,135,87272,646,428,207,775,742.97,114.93
高雄市,左營區,埤西里,237,163087,688,412,220,883,855.24,124.28
高雄市,左營區,路東里,194,152604,787,484,262,944,1056.65,134.33
高雄市,左營區,城南里,116,71283,615,453,166,726,762.05,124.01
高雄市,左營區,進學里,390,229587,589,407,197,689,647.85,110.05
高雄市,左營區,屏山里,345,225163,653,418,209,732,841.17,128.89
高雄市,左營區,果惠里,356,197761,556,414,193,694,690.57,124.31
高雄市,左營區,果貿里,798,520968,653,476,225,885,666.34,102.07
高雄市,左營區,海勝里,1521,878181,577,411,200,720,651.76,112.88
高雄市,左營區,莒光里,497,303038,610,433,209,771,681.14,111.71
高雄市,左營區,永清里,325,264464,814,758,600,972,366.90,45.09
高雄市,左營區,果峰里,342,177718,520,351,156,616,661.75,127.35
高雄市,左營區,光輝里,783,589944,753,488,218,977,934.22,123.99
高雄市,左營區,菜公里,10859,10663889,982,619,291,1215,1222.31,124.47
高雄市,左營區,祥和里,83,44877,541,342,151,549,912.60,168.79
高雄市,左營區,新光里,5073,5064238,998,581,272,1170,1701.08,170.40
高雄市,左營區,明建里,370,318687,861,701,350,1087,813.56,94.46
高雄市,左營區,福山里,13404,12485877,932,606,284,1161,1146.13,123.04
高雄市,楠梓區,東寧里,1829,1680645,919,669,318,1197,925.43,100.71
高雄市,楠梓區,享平里,1087,783027,720,485,235,942,883.27,122.62
高雄市,楠梓區,五常里,2127,1453343,683,481,244,871,705.96,103.32
高雄市,楠梓區,惠民里,1505,1148112,763,529,265,962,855.22,112.11
高雄市,楠梓區,中陽里,1129,884879,784,494,251,850,2466.50,314.70
高雄市,楠梓區,清豐里,8250,6815843,826,576,285,1062,958.03,115.96
高雄市,楠梓區,稔田里,468,371723,794,507,246,981,1027.84,129.41
高雄市,楠梓區,玉屏里,586,415724,709,517,245,919,724.69,102.15
高雄市,楠梓區,錦屏里,868,583618,672,472,218,870,673.84,100.22
高雄市,楠梓區,金田里,1416,1057714,747,544,276,979,851.13,113.94
高雄市,楠梓區,廣昌里,880,517392,588,420,208,753,602.84,102.53
高雄市,楠梓區,福昌里,636,489500,770,501,252,863,1058.49,137.53
高雄市,楠梓區,泰昌里,380,256479,675,455,230,832,737.60,109.28
高雄市,楠梓區,興昌里,1530,1249867,817,593,290,1055,883.91,108.20
高雄市,楠梓區,建昌里,813,583832,718,476,232,903,814.17,113.38
高雄市,楠梓區,中和里,2121,1739377,820,641,343,1044,1008.68,123.00
高雄市,楠梓區,中興里,839,742571,885,630,343,1110,906.39,102.41
高雄市,楠梓區,藍田里,3681,3648279,991,723,365,1230,1041.23,105.06
高雄市,楠梓區,宏毅里,640,535315,836,583,296,1136,829.11,99.12
高雄市,楠梓區,宏南里,248,300670,1212,757,338,1446,2105.21,173.64
高雄市,楠梓區,宏榮里,874,826674,946,622,306,1203,1203.25,127.21
高雄市,楠梓區,和昌里,587,428186,729,497,240,869,885.25,121.36
高雄市,楠梓區,隆昌里,1029,739607,719,461,241,839,990.75,137.84
高雄市,楠梓區,惠楠里,827,574951,695,446,209,851,812.54,116.88
高雄市,楠梓區,瑞屏里,1134,850008,750,501,267,961,806.63,107.61
高雄市,楠梓區,大昌里,564,362503,643,456,225,843,647.39,100.72
高雄市,楠梓區,裕昌里,1666,1309421,786,567,294,1016,876.00,111.46
高雄市,楠梓區,加昌里,2832,2058528,727,511,272,912,781.58,107.53
高雄市,楠梓區,仁昌里,1834,1294926,706,491,243,868,1003.93,142.19
高雄市,楠梓區,惠豐里,1632,1163407,713,525,271,960,686.84,96.35
高雄市,楠梓區,翠屏里,5984,4279495,715,504,256,913,782.50,109.42
高雄市,楠梓區,久昌里,876,564171,644,482,240,817,625.86,97.18
高雄市,楠梓區,盛昌里,1926,1487171,772,528,266,967,887.17,114.90
高雄市,楠梓區,宏昌里,1126,863943,767,499,244,958,917.42,119.57
高雄市,楠梓區,秀昌里,674,512238,760,508,271,896,1348.86,177.48
高雄市,楠梓區,慶昌里,1047,835334,798,513,254,1034,912.83,114.41
高雄市,楠梓區,國昌里,1059,719978,680,465,249,857,708.21,104.17
高雄市,三民區,鼎金里,1147,827258,721,482,241,884,1004.51,139.28
高雄市,三民區,鼎西里,2268,1617468,713,504,245,932,766.14,107.43
高雄市,三民區,本館里,2787,2100207,754,504,248,958,894.42,118.69
高雄市,三民區,寶獅里,1094,836431,765,485,228,919,984.92,128.82
高雄市,三民區,灣子里,1302,1052821,809,505,242,1014,1011.63,125.11
高雄市,三民區,安東里,1159,1075465,928,574,259,1143,1311.08,141.29
高雄市,三民區,安生里,476,377325,793,497,232,1013,978.26,123.41
高雄市,三民區,港東里,365,262415,719,444,218,828,982.56,136.67
高雄市,三民區,港西里,193,131846,683,471,253,795,813.06,119.02
高雄市,三民區,博愛里,344,277770,807,440,183,935,2008.65,248.76
高雄市,三民區,建東里,318,229203,721,417,190,848,938.76,130.24
高雄市,三民區,鳳南里,295,243263,825,548,268,1037,952.25,115.48
高雄市,三民區,鳳北里,361,288120,798,509,218,1054,1082.86,135.68
高雄市,三民區,德東里,235,197254,839,478,185,1031,1191.11,141.90
高雄市,三民區,德西里,812,735968,906,617,300,1181,923.93,101.94
高雄市,三民區,德北里,772,698048,904,572,267,1163,1020.45,112.86
高雄市,三民區,川東里,326,221304,679,444,217,890,701.74,103.37
高雄市,三民區,千歲里,357,276000,773,510,203,998,1069.97,138.40
高雄市,三民區,千北里,311,213062,685,432,180,875,912.33,133.17
高雄市,三民區,興德里,638,564269,884,549,240,1114,1151.09,130.15
高雄市,三民區,正興里,4445,3929425,884,571,273,1114,1152.61,130.38
高雄市,三民區,十全里,559,479693,858,504,227,1056,1072.09,124.93
高雄市,三民區,豐裕里,651,407765,626,406,179,771,866.47,138.33
高雄市,三民區,力行里,266,160450,603,396,156,807,671.84,111.38
高雄市,三民區,立誠里,197,154467,784,517,211,1165,910.68,116.14
高雄市,三民區,立德里,376,251764,670,431,199,868,718.28,107.27
高雄市,三民區,達德里,448,424329,947,520,259,1195,1217.44,128.54
高雄市,三民區,灣華里,787,564962,718,473,234,904,857.12,119.40
高雄市,三民區,灣中里,1691,1277191,755,499,250,943,871.80,115.43
高雄市,三民區,灣復里,1041,685882,659,454,221,852,750.40,113.89
高雄市,三民區,灣興里,592,579556,979,551,252,1290,1208.25,123.42
高雄市,三民區,寶珠里,1632,1207629,740,516,235,971,915.11,123.67
高雄市,三民區,民享里,625,509338,815,502,241,1035,987.80,121.21
高雄市,三民區,安宜里,991,796081,803,507,230,1021,1001.12,124.62
高雄市,三民區,同德里,857,749523,875,506,224,1049,1170.68,133.86
高雄市,三民區,精華里,467,382214,818,516,238,932,1042.69,127.40
高雄市,三民區,長明里,303,235530,777,474,221,925,974.60,125.38
高雄市,三民區,裕民里,429,354779,827,531,229,1057,922.43,111.54
高雄市,三民區,寶龍里,1282,1113374,868,546,251,1034,1174.39,135.23
高雄市,三民區,港新里,515,521705,1013,573,234,1250,1441.55,142.30
高雄市,三民區,博惠里,1234,983122,797,512,243,1004,937.40,117.66
高雄市,三民區,立業里,250,156424,626,428,183,803,716.47,114.51
高雄市,三民區,十美里,545,418868,769,472,217,947,1014.05,131.94
高雄市,三民區,德行里,356,282978,795,496,258,976,959.87,120.76
高雄市,三民區,安邦里,1300,1080028,831,555,258,1079,947.89,114.10
高雄市,三民區,千秋里,516,278047,539,354,158,668,694.23,128.83
高雄市,三民區,灣勝里,519,313693,604,399,204,753,626.51,103.66
高雄市,三民區,灣利里,907,575540,635,437,210,827,684.43,107.86
高雄市,三民區,達明里,521,499546,959,576,271,1220,1188.56,123.96
高雄市,三民區,達勇里,328,275935,841,503,209,1001,1100.31,130.79
高雄市,三民區,達仁里,474,435322,918,549,260,1127,1214.91,132.29
高雄市,三民區,灣愛里,751,476605,635,426,219,747,781.31,123.11
高雄市,三民區,安和里,868,879616,1013,571,277,1119,2216.65,218.74
高雄市,三民區,德智里,673,570131,847,556,238,1020,1049.31,123.86
高雄市,三民區,寶興里,2217,1653315,746,496,236,950,882.24,118.30
高雄市,三民區,安康里,546,277485,508,363,187,681,502.06,98.79
高雄市,三民區,安寧里,356,180549,507,360,172,570,564.23,111.25
高雄市,三民區,鼎盛里,2469,1861784,754,520,261,960,844.24,111.96
高雄市,三民區,鼎泰里,7925,7945958,1003,620,289,1227,1434.37,143.06
高雄市,三民區,本武里,549,427906,779,529,259,1046,826.12,105.99
高雄市,三民區,本文里,591,411593,696,478,232,906,759.69,109.08
高雄市,三民區,寶盛里,1652,1413218,855,556,253,1060,1065.95,124.61
高雄市,三民區,寶華里,1138,1018344,895,547,265,1124,1112.01,124.27
高雄市,三民區,寶民里,1050,876042,834,544,272,1082,931.13,111.60
高雄市,三民區,寶中里,860,613062,713,452,243,880,884.97,124.14
高雄市,三民區,寶玉里,2688,1929771,718,488,258,918,742.79,103.46
高雄市,三民區,灣成里,849,657586,775,535,243,1007,928.60,119.89
高雄市,三民區,安吉里,1577,1271617,806,518,238,1001,1042.97,129.34
高雄市,三民區,安泰里,1167,962341,825,564,249,1027,961.92,116.65
高雄市,三民區,德仁里,602,503255,836,502,249,956,1119.11,133.87
高雄市,三民區,寶國里,2538,2060690,812,534,251,1062,925.52,113.99
高雄市,三民區,正順里,1290,1090559,845,499,230,1031,1121.70,132.68
高雄市,三民區,安發里,1383,1154697,835,505,227,974,1127.76,135.07
高雄市,三民區,鼎中里,1163,929281,799,518,255,1016,949.26,118.80
高雄市,三民區,寶業里,2273,2609525,1148,678,282,1424,1509.13,131.45
高雄市,三民區,寶慶里,816,650615,797,515,226,970,1054.65,132.27
高雄市,三民區,寶德里,1620,1213409,749,477,251,885,984.38,131.42
高雄市,三民區,寶泰里,1330,1063474,800,501,237,963,1032.56,129.13
高雄市,三民區,寶安里,2383,2016369,846,534,249,1074,1034.87,122.30
高雄市,三民區,本元里,1711,1462859,855,545,262,1088,991.79,116.00
高雄市,三民區,本安里,1566,1585411,1012,603,271,1239,1395.94,137.89
高雄市,三民區,本上里,1687,1598587,948,611,270,1173,1094.92,115.55
高雄市,三民區,本揚里,2683,2664037,993,623,297,1182,1253.23,126.22
高雄市,三民區,鼎力里,1318,1072946,814,541,248,1020,951.17,116.84
高雄市,三民區,鼎強里,1188,853319,718,473,244,895,860.74,119.83
高雄市,三民區,本和里,2564,2057351,802,523,250,1028,913.68,113.87
高雄市,新興區,大明里,290,222417,767,440,203,849,1259.24,164.19
高雄市,新興區,明莊里,211,175960,834,492,218,954,1013.01,121.47
高雄市,新興區,仁聲里,331,257245,777,485,239,1091,800.92,103.06
高雄市,新興區,漢民里,253,239675,947,538,231,1116,1324.04,139.77
高雄市,新興區,華聲里,336,288819,860,524,243,1002,1158.20,134.74
高雄市,新興區,玉衡里,209,168698,807,476,171,927,1114.05,138.02
高雄市,新興區,榮治里,224,415302,1854,677,273,1673,4305.12,232.20
高雄市,新興區,浩然里,659,675416,1025,583,247,1094,1738.60,169.63
高雄市,新興區,振成里,400,442891,1107,510,206,1204,1716.36,155.01
高雄市,新興區,德生里,1131,1417927,1254,654,272,1498,1856.99,148.12
高雄市,新興區,成功里,513,629962,1228,616,261,1228,2058.66,167.64
高雄市,新興區,愛平里,335,362124,1081,634,275,1398,1366.83,126.45
高雄市,新興區,新江里,339,320693,946,511,198,1036,1932.20,204.25
高雄市,新興區,黎明里,249,178969,719,452,218,903,817.37,113.72
高雄市,新興區,秋山里,333,277009,832,539,248,1067,992.62,119.33
高雄市,新興區,長驛里,282,202322,717,457,212,985,777.54,108.38
高雄市,新興區,建興里,297,223665,753,523,233,913,836.23,111.04
高雄市,新興區,德望里,665,671447,1010,572,241,1193,1614.02,159.85
高雄市,新興區,中東里,805,650956,809,523,234,917,1232.63,152.43
高雄市,新興區,東坡里,340,282335,830,488,263,946,1211.13,145.85
高雄市,新興區,蕉園里,252,223037,885,531,246,1104,1009.47,114.06
高雄市,新興區,德政里,193,152248,789,528,216,885,955.30,121.10
高雄市,新興區,南港里,642,504635,786,477,240,919,1027.45,130.71
高雄市,新興區,開平里,1277,1381642,1082,630,259,1300,1609.71,148.78
高雄市,新興區,光耀里,737,653247,886,531,224,1100,1411.06,159.20
高雄市,新興區,永寧里,521,528544,1014,595,274,1163,1311.60,129.29
高雄市,新興區,順昌里,795,729859,918,555,244,1133,1255.78,136.79
高雄市,新興區,正氣里,449,442832,986,583,262,1128,1513.24,153.43
高雄市,新興區,建華里,295,305417,1035,521,227,1009,3821.13,369.08
高雄市,新興區,振華里,371,383779,1034,648,284,1234,1400.79,135.41
高雄市,新興區,文昌里,1170,1531978,1309,766,304,1692,1576.06,120.37
高雄市,新興區,興昌里,580,523972,903,577,259,1047,1191.20,131.86
高雄市,前金區,青山里,776,816700,1052,612,252,1284,1320.22,125.44
高雄市,前金區,長興里,378,285472,755,501,247,941,853.59,113.03
高雄市,前金區,民生里,318,287448,904,555,270,1161,1155.26,127.81
高雄市,前金區,東金里,324,328406,1014,543,226,1229,1314.30,129.67
高雄市,前金區,林投里,233,224961,965,440,197,1096,1796.69,186.09
高雄市,前金區,後金里,203,210452,1037,560,253,1274,1311.67,126.52
高雄市,前金區,文東里,390,373916,959,482,230,1092,1485.31,154.92
高雄市,前金區,長生里,648,765047,1181,650,265,1363,1797.18,152.22
高雄市,前金區,博孝里,329,311006,945,504,222,1088,1711.82,181.09
高雄市,前金區,復元里,407,529008,1300,649,294,1345,2158.21,166.05
高雄市,前金區,社東里,572,639301,1118,597,258,1308,1540.68,137.85
高雄市,前金區,社西里,432,428261,991,604,233,1187,1286.89,129.81
高雄市,前金區,國民里,326,443105,1359,599,240,1308,2521.34,185.50
高雄市,前金區,新生里,1384,1337762,967,568,235,1189,1289.00,133.35
高雄市,前金區,北金里,243,166539,685,437,221,845,851.34,124.22
高雄市,前金區,榮復里,350,253990,726,473,214,885,888.89,122.49
高雄市,前金區,文西里,361,321550,891,521,226,978,1641.55,184.29
高雄市,前金區,草江里,484,400715,828,538,269,1014,962.72,116.28
高雄市,前金區,長城里,379,315381,832,517,206,955,1268.35,152.42
高雄市,前金區,三川里,281,213921,761,573,272,1002,749.62,98.47
高雄市,苓雅區,博仁里,221,263540,1192,644,345,1381,1515.20,127.06
高雄市,苓雅區,苓洲里,557,665067,1194,578,240,1274,2993.50,250.71
高雄市,苓雅區,苓昇里,310,226391,730,459,201,958,845.55,115.78
高雄市,苓雅區,苓雅里,515,421204,818,523,265,960,1037.03,126.80
高雄市,苓雅區,苓中里,480,311963,650,473,241,811,710.22,109.28
高雄市,苓雅區,苓東里,441,350578,795,418,201,843,1281.76,161.24
高雄市,苓雅區,城東里,676,599413,887,533,243,1031,1220.31,137.62
高雄市,苓雅區,城北里,574,516010,899,535,268,1073,1136.20,126.39
高雄市,苓雅區,城西里,150,108697,725,493,227,758,899.93,124.19
高雄市,苓雅區,意誠里,1125,756004,672,444,196,866,812.25,120.87
高雄市,苓雅區,鼓中里,282,277659,985,525,242,983,1982.74,201.37
高雄市,苓雅區,田西里,459,399125,870,532,245,1093,981.24,112.84
高雄市,苓雅區,日中里,734,672317,916,527,240,1128,1255.89,137.11
高雄市,苓雅區,美田里,331,274811,830,498,240,1115,914.47,110.14
高雄市,苓雅區,林西里,494,419139,848,481,234,1014,1241.15,146.28
高雄市,苓雅區,林南里,1046,1205154,1152,721,300,1477,1506.30,130.74
高雄市,苓雅區,林德里,600,661561,1103,592,276,1202,1605.96,145.65
高雄市,苓雅區,福海里,296,187610,634,408,214,763,725.41,114.45
高雄市,苓雅區,福南里,481,328883,684,453,208,858,897.33,131.24
高雄市,苓雅區,福西里,502,335656,669,445,202,836,774.60,115.85
高雄市,苓雅區,福東里,798,505412,633,445,223,784,714.99,112.89
高雄市,苓雅區,五福里,1107,760162,687,436,210,844,813.83,118.52
高雄市,苓雅區,仁政里,472,537793,1139,591,283,1191,2690.79,236.16
高雄市,苓雅區,凱旋里,761,891022,1171,580,262,1360,1861.69,159.00
高雄市,苓雅區,人和里,577,497301,862,523,231,1042,1166.44,135.34
高雄市,苓雅區,和煦里,612,504276,824,561,265,1050,905.37,109.88
高雄市,苓雅區,普照里,1142,1431311,1253,660,276,1382,1999.12,159.50
高雄市,苓雅區,晴朗里,691,811168,1174,690,288,1458,1535.06,130.77
高雄市,苓雅區,廣澤里,548,523003,954,567,268,1098,1240.61,129.99
高雄市,苓雅區,奏捷里,492,379675,772,467,194,974,963.78,124.89
高雄市,苓雅區,永康里,678,574771,848,544,246,981,1271.22,149.95
高雄市,苓雅區,林圍里,875,1044447,1194,716,328,1438,1512.32,126.70
高雄市,苓雅區,林興里,348,260200,748,445,195,897,1070.46,143.17
高雄市,苓雅區,林靖里,571,465549,815,544,261,1083,820.53,100.64
高雄市,苓雅區,同慶里,784,974024,1242,764,324,1653,1394.07,112.21
高雄市,苓雅區,福隆里,880,637454,724,488,223,934,773.88,106.83
高雄市,苓雅區,福康里,516,355096,688,431,207,862,858.53,124.76
高雄市,苓雅區,福人里,556,376558,677,453,205,838,845.24,124.80
高雄市,苓雅區,福地里,724,429120,593,430,196,767,615.91,103.91
高雄市,苓雅區,福居里,707,453278,641,450,209,782,734.59,114.58
高雄市,苓雅區,五權里,730,659305,903,537,226,1063,1189.55,131.71
高雄市,苓雅區,正義里,816,957445,1173,666,301,1327,1487.12,126.74
高雄市,苓雅區,福壽里,410,329901,805,417,202,899,1193.18,148.29
高雄市,苓雅區,林中里,925,724665,783,519,217,1005,858.53,109.59
高雄市,苓雅區,華堂里,945,762777,807,531,261,1000,919.03,113.86
高雄市,苓雅區,朝陽里,461,327139,710,457,191,902,961.84,135.54
高雄市,苓雅區,林華里,829,598191,722,467,217,919,853.32,118.26
高雄市,苓雅區,林榮里,1259,987363,784,466,221,906,1067.26,136.09
高雄市,苓雅區,正心里,1208,1012984,839,531,246,1037,1021.48,121.81
高雄市,苓雅區,福祥里,397,308436,777,519,268,1001,870.60,112.06
高雄市,苓雅區,安祥里,1064,1401108,1317,769,352,1592,1724.86,130.99
高雄市,苓雅區,中正里,1081,1269224,1174,668,289,1433,2083.15,177.42
高雄市,苓雅區,普天里,1318,1433172,1087,661,295,1332,1370.21,126.01
高雄市,苓雅區,林富里,907,1320963,1456,872,356,1802,1821.06,125.04
高雄市,苓雅區,民主里,1338,1204000,900,539,262,1068,1658.48,184.31
高雄市,苓雅區,正仁里,757,519718,687,486,207,908,739.01,107.64
高雄市,苓雅區,林貴里,648,618831,955,641,253,1305,1042.82,109.20
高雄市,苓雅區,正大里,1680,1445179,860,509,240,1039,1263.32,146.86
高雄市,苓雅區,光華里,183,130394,713,457,223,991,836.79,117.44
高雄市,苓雅區,正道里,1279,908306,710,463,205,882,871.99,122.79
高雄市,苓雅區,衛武里,541,341994,632,416,197,812,723.17,114.40
高雄市,苓雅區,英明里,552,425536,771,495,249,927,966.87,125.42
高雄市,苓雅區,林泉里,663,758829,1145,699,303,1397,1718.03,150.11
高雄市,苓雅區,尚義里,587,760589,1296,742,336,1463,1971.10,152.12
高雄市,苓雅區,林安里,521,538010,1033,669,338,1362,1147.91,111.16
高雄市,苓雅區,正文里,924,879162,951,655,290,1261,1076.54,113.14
高雄市,苓雅區,正言里,992,777580,784,502,243,1003,902.42,115.13
高雄市,苓雅區,文昌里,1092,765476,701,489,232,933,750.51,107.06
高雄市,苓雅區,建軍里,573,388159,677,449,207,839,798.74,117.91
高雄市,前鎮區,鎮北里,292,207995,712,438,206,804,1012.95,142.21
高雄市,前鎮區,草衙里,2529,1523781,603,411,205,740,711.92,118.16
高雄市,前鎮區,前鎮里,329,204729,622,419,226,719,760.07,122.14
高雄市,前鎮區,興邦里,1067,964071,904,607,289,1158,1038.20,114.90
高雄市,前鎮區,興化里,146,85726,587,393,194,673,634.65,108.09
高雄市,前鎮區,鎮中里,233,162262,696,456,206,883,782.07,112.30
高雄市,前鎮區,振興里,920,1033247,1123,586,258,1330,1596.00,142.11
高雄市,前鎮區,西甲里,686,694448,1012,587,262,1246,1273.07,125.76
高雄市,前鎮區,竹內里,772,613332,794,521,227,1020,977.98,123.10
高雄市,前鎮區,西山里,1068,900305,843,526,249,1001,1197.10,142.01
高雄市,前鎮區,良和里,1019,1091771,1071,607,258,1223,1821.60,170.02
高雄市,前鎮區,建隆里,509,1047776,2058,778,351,2394,4008.23,194.72
高雄市,前鎮區,興中里,857,680233,794,437,213,820,1661.22,209.29
高雄市,前鎮區,忠誠里,593,400818,676,573,260,876,637.26,94.28
高雄市,前鎮區,忠純里,1648,1452551,881,519,238,1130,1114.31,126.42
高雄市,前鎮區,瑞竹里,795,767709,966,731,375,1287,894.78,92.66
高雄市,前鎮區,復國里,798,603006,756,482,238,939,956.95,126.64
高雄市,前鎮區,鎮東里,427,255415,598,449,217,759,613.14,102.50
高雄市,前鎮區,忠孝里,1229,1262172,1027,568,234,1131,1558.57,151.76
高雄市,前鎮區,仁愛里,317,209167,660,405,205,782,814.76,123.48
高雄市,前鎮區,興仁里,144,72357,502,389,213,615,488.80,97.28
高雄市,前鎮區,信義里,345,233666,677,431,221,815,920.55,135.92
高雄市,前鎮區,平等里,589,501874,852,552,257,1048,1036.69,121.67
高雄市,前鎮區,明道里,221,138971,629,447,237,805,650.35,103.42
高雄市,前鎮區,明禮里,367,221546,604,453,236,735,633.80,104.99
高雄市,前鎮區,瑞豐里,825,658670,798,507,235,1018,1207.29,151.22
高雄市,前鎮區,鎮陽里,215,136306,634,375,195,824,808.30,127.50
高雄市,前鎮區,盛興里,907,830668,916,522,277,1074,1171.91,127.96
高雄市,前鎮區,鎮榮里,507,304228,600,428,207,743,649.42,108.23
高雄市,前鎮區,瑞南里,1381,1083376,784,488,226,956,1019.73,129.99
高雄市,前鎮區,瑞崗里,728,499295,686,479,217,858,805.37,117.43
高雄市,前鎮區,瑞東里,683,528192,773,494,240,951,955.94,123.61
高雄市,前鎮區,瑞北里,955,700050,733,467,233,909,962.00,131.23
高雄市,前鎮區,瑞西里,720,498988,693,494,246,881,698.81,100.83
高雄市,前鎮區,瑞興里,712,512125,719,474,229,923,819.60,113.95
高雄市,前鎮區,瑞和里,527,358535,680,463,235,869,792.62,116.50
高雄市,前鎮區,瑞隆里,1032,721006,699,445,230,875,800.10,114.52
高雄市,前鎮區,信德里,506,280932,555,383,199,726,551.68,99.37
高雄市,前鎮區,鎮昌里,521,312408,600,420,222,755,642.51,107.15
高雄市,前鎮區,明正里,1695,1287870,760,493,261,966,846.62,111.43
高雄市,前鎮區,竹西里,1417,1196384,844,511,233,1012,1046.38,123.93
高雄市,前鎮區,平昌里,142,81463,574,389,196,727,687.94,119.92
高雄市,前鎮區,明孝里,628,409952,653,451,222,800,751.32,115.09
高雄市,前鎮區,瑞祥里,1379,1064394,772,498,256,984,878.48,113.81
高雄市,前鎮區,瑞平里,1026,793861,774,505,230,985,924.70,119.51
高雄市,前鎮區,德昌里,526,277258,527,390,209,674,552.63,104.84
高雄市,前鎮區,明義里,655,428085,654,477,250,847,666.43,101.97
高雄市,前鎮區,鎮海里,1255,1008930,804,508,234,970,1034.54,128.69
高雄市,前鎮區,竹東里,592,446615,754,431,193,858,1677.92,222.41
高雄市,前鎮區,竹南里,2615,2963191,1133,727,331,1457,1359.80,120.00
高雄市,前鎮區,竹北里,872,826565,948,609,273,1143,1240.61,130.88
高雄市,前鎮區,瑞誠里,743,450294,606,475,238,828,566.26,93.43
高雄市,前鎮區,瑞華里,1465,1164732,795,502,251,1001,919.62,115.67
高雄市,前鎮區,瑞昌里,1014,749473,739,517,243,971,785.96,106.34
高雄市,前鎮區,瑞文里,715,470532,658,466,204,820,682.98,103.78
高雄市,前鎮區,竹中里,1222,1068641,875,500,220,1053,1146.03,131.05
高雄市,前鎮區,民權里,1442,1420911,985,602,294,1217,1182.49,120.00
高雄市,前鎮區,盛豐里,1003,791306,789,476,215,1057,986.13,124.99
高雄市,前鎮區,興東里,2080,1874393,901,586,274,1199,977.21,108.44
高雄市,旗津區,旗下里,291,174508,600,384,179,827,705.73,117.68
高雄市,旗津區,永安里,243,116713,480,356,164,599,523.87,109.07
高雄市,旗津區,振興里,351,207863,592,404,194,710,754.81,127.46
高雄市,旗津區,慈愛里,463,237486,513,381,171,651,571.20,111.36
高雄市,旗津區,復興里,641,357970,558,371,168,687,746.68,133.70
高雄市,旗津區,實踐里,348,168575,484,409,209,611,483.78,99.87
高雄市,旗津區,上竹里,597,352385,590,417,212,726,660.12,111.84
高雄市,旗津區,南汕里,455,262972,578,398,213,714,658.13,113.87
高雄市,旗津區,中洲里,380,251081,661,420,210,713,980.51,148.40
高雄市,旗津區,安順里,163,96480,592,408,228,674,846.83,143.07
高雄市,旗津區,中興里,628,401479,639,435,222,758,720.13,112.64
高雄市,旗津區,北汕里,501,272531,544,399,204,674,564.87,103.84
高雄市,旗津區,中華里,336,179515,534,404,219,684,482.97,90.40
高雄市,小港區,小港里,703,582989,829,496,248,995,1020.20,123.02
高雄市,小港區,港墘里,548,394464,720,498,266,934,785.07,109.06
高雄市,小港區,鳳宮里,874,730659,836,553,274,1118,848.66,101.51
高雄市,小港區,店鎮里,1902,1523391,801,504,247,980,973.88,121.59
高雄市,小港區,山東里,958,715890,747,488,241,909,928.58,124.26
高雄市,小港區,孔宅里,1568,1032025,658,463,243,875,647.20,98.33
高雄市,小港區,高松里,1328,972995,733,534,253,979,727.27,99.26
高雄市,小港區,大坪里,888,628404,708,486,262,907,701.02,99.06
高雄市,小港區,坪頂里,1996,1465502,734,498,248,929,853.08,116.19
高雄市,小港區,鳳森里,723,553777,766,540,254,1048,756.61,98.78
高雄市,小港區,鳳林里,997,768540,771,513,240,992,881.80,114.39
高雄市,小港區,鳳興里,832,572905,689,475,232,878,761.38,110.57
高雄市,小港區,鳳源里,1120,839806,750,469,242,954,874.98,116.69
高雄市,小港區,鳳鳴里,963,671012,697,494,263,899,686.71,98.55
高雄市,小港區,青島里,669,448950,671,430,214,858,830.48,123.75
高雄市,小港區,濟南里,1382,1107053,801,537,259,1039,863.90,107.85
高雄市,小港區,港口里,1116,1010571,906,577,287,1095,1180.44,130.36
高雄市,小港區,港興里,689,544036,790,521,237,1028,888.36,112.51
高雄市,小港區,二苓里,1100,787475,716,450,211,927,823.78,115.07
高雄市,小港區,大苓里,768,563923,734,453,232,916,836.12,113.87
高雄市,小港區,中厝里,1131,794760,703,483,234,882,793.39,112.90
高雄市,小港區,山明里,3699,2856980,772,525,247,1027,821.82,106.40
高雄市,小港區,廈莊里,1398,1068936,765,543,268,974,781.15,102.16
高雄市,小港區,桂林里,2459,1729259,703,461,232,893,809.74,115.14
高雄市,小港區,龍鳳里,1041,862506,829,551,277,1055,877.18,105.87
高雄市,小港區,港南里,988,871332,882,600,315,1123,942.47,106.87
高雄市,小港區,港明里,877,590746,674,444,231,851,739.37,109.76
高雄市,小港區,港后里,813,618406,761,476,251,953,989.45,130.08
高雄市,小港區,港正里,801,628581,785,483,237,989,954.66,121.65
高雄市,小港區,合作里,774,550859,712,483,236,895,764.15,107.37
高雄市,小港區,松山里,1171,1002933,856,541,256,1075,1019.11,118.99
高雄市,小港區,松金里,776,564919,728,475,239,864,865.32,118.86
高雄市,小港區,泰山里,1109,966128,871,590,276,1070,955.43,109.67
高雄市,小港區,三苓里,817,638411,781,476,230,1024,955.33,122.26
高雄市,小港區,正苓里,1201,914437,761,458,248,946,897.51,117.88
高雄市,小港區,順苓里,1452,1093974,753,502,258,950,881.63,117.02
高雄市,小港區,宏亮里,993,748764,754,519,250,934,841.16,111.55
高雄市,小港區,六苓里,870,832610,957,601,260,1190,1150.93,120.26
高雄市,鳳山區,成功里,164,125235,764,510,272,942,797.22,104.40
高雄市,鳳山區,和德里,1082,1060331,980,676,300,1220,1252.69,127.83
高雄市,鳳山區,和興里,1464,1121132,766,498,240,964,964.23,125.91
高雄市,鳳山區,南興里,256,199453,779,500,227,977,981.22,125.94
高雄市,鳳山區,鎮南里,1446,1033034,714,476,215,889,853.31,119.44
高雄市,鳳山區,興仁里,1019,740380,727,510,249,936,744.60,102.48
高雄市,鳳山區,鳳崗里,320,233152,729,469,207,939,827.97,113.64
高雄市,鳳山區,曹公里,634,518099,817,553,254,1001,926.62,113.39
高雄市,鳳山區,鎮北里,4014,3047260,759,570,286,964,771.50,101.63
高雄市,鳳山區,縣衙里,233,160529,689,508,237,932,665.30,96.56
高雄市,鳳山區,文山里,2026,1580183,780,495,246,946,1014.17,130.03
高雄市,鳳山區,文英里,1188,883568,744,507,217,981,824.99,110.92
高雄市,鳳山區,中和里,1047,777847,743,472,217,948,833.15,112.14
高雄市,鳳山區,忠義里,1461,1158510,793,502,239,994,948.28,119.59
高雄市,鳳山區,誠義里,1463,1404603,960,659,316,1293,951.60,99.12
高雄市,鳳山區,縣口里,130,99218,763,416,180,810,1061.40,139.07
高雄市,鳳山區,光明里,389,368683,948,463,225,954,2576.23,271.82
高雄市,鳳山區,三民里,374,347226,928,607,283,1076,1100.88,118.58
高雄市,鳳山區,鎮東里,729,520990,715,487,253,937,763.24,106.80
高雄市,鳳山區,鎮西里,1435,1070918,746,466,221,907,1060.07,142.05
高雄市,鳳山區,興中里,303,264758,874,569,244,1131,1042.24,119.28
高雄市,鳳山區,中正里,1145,736554,643,463,220,832,665.72,103.49
高雄市,鳳山區,新興里,443,333070,752,460,225,901,1020.39,135.72
高雄市,鳳山區,埤頂里,1791,1269380,709,505,248,892,885.46,124.93
高雄市,鳳山區,過埤里,5303,4602673,868,627,297,1129,884.97,101.96
高雄市,鳳山區,生明里,590,383441,650,409,215,764,787.81,121.22
高雄市,鳳山區,誠德里,808,598897,741,517,247,945,849.26,114.58
高雄市,鳳山區,瑞竹里,1547,1119949,724,501,248,920,773.13,106.79
高雄市,鳳山區,老爺里,1982,1333506,673,460,227,844,761.87,113.24
高雄市,鳳山區,五福里,909,664454,731,462,229,942,832.52,113.89
高雄市,鳳山區,海光里,923,547276,593,414,216,732,648.12,109.31
高雄市,鳳山區,協和里,982,801291,816,560,279,1085,839.12,102.84
高雄市,鳳山區,忠誠里,1159,929424,802,534,247,976,1125.18,140.31
高雄市,鳳山區,北門里,1117,685339,614,440,199,795,677.64,110.45
高雄市,鳳山區,富甲里,479,268781,561,420,195,677,587.28,104.66
高雄市,鳳山區,南成里,3233,2567799,794,559,272,1066,807.23,101.63
高雄市,鳳山區,東門里,1643,1032548,628,435,213,802,696.39,110.81
高雄市,鳳山區,一甲里,946,687413,727,493,238,910,852.21,117.28
高雄市,鳳山區,正義里,1807,1248254,691,450,227,859,796.38,115.29
高雄市,鳳山區,武漢里,1482,1041811,703,464,231,881,813.76,115.76
高雄市,鳳山區,新甲里,1004,738259,735,503,249,920,779.83,106.05
高雄市,鳳山區,福興里,1620,1002617,619,421,214,787,649.12,104.88
高雄市,鳳山區,福誠里,1696,1559452,919,573,288,1153,1120.22,121.83
高雄市,鳳山區,瑞興里,1562,1557349,997,508,240,925,8918.19,894.48
高雄市,鳳山區,國泰里,1048,707192,675,454,218,807,817.58,121.16
高雄市,鳳山區,新強里,1714,1489575,869,548,259,1076,1067.20,122.80
高雄市,鳳山區,天興里,987,670658,679,471,232,856,815.66,120.04
高雄市,鳳山區,鳳東里,2222,1732808,780,527,254,1049,826.92,106.04
高雄市,鳳山區,忠孝里,1658,1155776,697,472,225,857,812.48,116.55
高雄市,鳳山區,文德里,3340,3050264,913,564,252,1146,1140.27,124.86
高雄市,鳳山區,文華里,2686,2222791,828,516,240,1045,1011.75,122.26
高雄市,鳳山區,國光里,915,543561,594,404,198,737,670.53,112.87
高雄市,鳳山區,國隆里,650,387951,597,399,192,751,722.48,121.05
高雄市,鳳山區,新富里,1151,830122,721,461,226,902,821.17,113.86
高雄市,鳳山區,大德里,1375,934009,679,471,232,926,666.04,98.05
高雄市,鳳山區,武松里,777,493293,635,436,203,786,784.03,123.49
高雄市,鳳山區,文衡里,1485,1270876,856,581,275,1089,1080.18,126.22
高雄市,鳳山區,文福里,3482,2957388,849,565,271,1051,1321.49,155.59
高雄市,鳳山區,誠信里,683,381513,559,406,192,710,604.11,108.15
高雄市,鳳山區,誠智里,820,496801,606,432,210,806,592.68,97.82
高雄市,鳳山區,國富里,905,685041,757,521,232,1007,815.66,107.76
高雄市,鳳山區,武慶里,736,556544,756,483,250,907,946.16,125.12
高雄市,鳳山區,海洋里,1226,919314,750,501,237,924,899.28,119.93
高雄市,鳳山區,新武里,797,568918,714,504,243,885,759.19,106.36
高雄市,鳳山區,新樂里,1464,1107631,757,489,244,938,876.25,115.82
高雄市,鳳山區,新泰里,1351,1087951,805,528,257,1049,907.81,112.73
高雄市,鳳山區,中崙里,819,500472,611,438,220,767,604.67,98.95
高雄市,鳳山區,中榮里,1255,710191,566,409,191,716,605.47,106.99
高雄市,鳳山區,中民里,1357,799974,590,410,221,732,596.91,101.25
高雄市,鳳山區,二甲里,1444,1061244,735,477,246,927,848.14,115.40
高雄市,鳳山區,龍成里,808,562202,696,437,202,876,877.26,126.08
高雄市,鳳山區,富榮里,768,556668,725,508,243,928,750.37,103.52
高雄市,鳳山區,善美里,1760,1218352,692,469,233,886,812.16,117.32
高雄市,鳳山區,南和里,752,510491,679,472,233,868,731.69,107.78
高雄市,鳳山區,福祥里,770,593650,771,465,242,915,974.71,126.43
高雄市,鳳山區,保安里,2371,2186806,922,654,316,1218,954.05,103.44
高雄市,鳥松區,鳥松里,3620,3775465,1043,629,294,1201,1481.99,142.10
高雄市,鳥松區,夢裡里,1912,2471377,1293,716,295,1498,1797.19,139.04
高雄市,鳥松區,大華里,3878,4927422,1271,640,292,1426,2025.10,159.38
高雄市,鳥松區,仁美里,1881,1275926,678,439,215,828,872.67,128.65
高雄市,鳥松區,坔埔里,1021,787328,771,498,242,907,1125.03,145.89
高雄市,鳥松區,大竹里,178,131505,739,460,222,892,884.47,119.72
高雄市,鳥松區,華美里,1114,759363,682,455,215,876,755.20,110.79
高雄市,仁武區,仁武里,1631,1098038,673,469,218,862,740.72,110.02
高雄市,仁武區,文武里,2968,2075465,699,473,238,915,743.45,106.32
高雄市,仁武區,竹後里,600,365180,609,428,205,792,603.13,99.10
高雄市,仁武區,八卦里,7016,5627554,802,575,280,1037,835.91,104.21
高雄市,仁武區,大灣里,1677,1328975,792,511,256,967,1190.21,150.19
高雄市,仁武區,灣內里,2853,2314274,811,528,269,1020,968.72,119.42
高雄市,仁武區,考潭里,770,502162,652,461,228,853,673.89,103.33
高雄市,仁武區,烏林里,948,595144,628,432,213,764,754.71,120.22
高雄市,仁武區,仁福里,210,175239,834,441,225,929,1193.05,142.97
高雄市,仁武區,高楠里,1062,959900,904,596,278,1153,1005.10,111.20
高雄市,仁武區,後安里,694,434800,627,417,224,772,858.03,136.95
高雄市,仁武區,中華里,386,196495,509,372,212,627,511.19,100.42
高雄市,仁武區,五和里,1812,1252322,691,487,251,871,772.23,111.74
高雄市,仁武區,仁和里,1367,1137561,832,549,257,1051,1058.79,127.23
高雄市,仁武區,赤山里,2596,2377154,916,599,286,1131,1194.63,130.46
高雄市,仁武區,仁慈里,878,807755,920,547,261,1038,1337.86,145.42
高雄市,大社區,大社里,1472,1043486,709,480,256,899,749.22,105.69
高雄市,大社區,嘉誠里,167,119204,714,398,193,738,1263.67,177.04
高雄市,大社區,保社里,1128,783935,695,472,237,859,774.99,111.51
高雄市,大社區,翠屏里,466,307970,661,436,224,820,768.47,116.28
高雄市,大社區,三奶里,727,464590,639,429,230,806,741.26,115.99
高雄市,大社區,觀音里,1679,1141425,680,449,222,820,901.23,132.57
高雄市,大社區,神農里,1459,966828,663,454,227,853,785.75,118.57
高雄市,大社區,中里里,877,533158,608,433,220,783,639.43,105.18
高雄市,大社區,保安里,947,625251,660,445,232,794,803.03,121.63
高雄市,大樹區,大樹里,557,299497,538,384,195,706,574.15,106.78
高雄市,大樹區,九曲里,1465,819191,559,404,195,713,599.77,107.26
高雄市,大樹區,久堂里,1145,684806,598,428,217,742,624.69,104.45
高雄市,大樹區,水安里,659,395184,600,433,210,712,691.31,115.28
高雄市,大樹區,水寮里,548,337714,616,439,244,771,609.35,98.88
高雄市,大樹區,井腳里,337,209511,622,434,237,780,676.81,108.87
高雄市,大樹區,小坪里,319,199867,627,436,227,763,703.08,112.22
高雄市,大樹區,龍目里,344,198176,576,413,229,701,613.48,106.49
高雄市,大樹區,竹寮里,795,470530,592,452,225,751,581.21,98.20
高雄市,大樹區,檨腳里,838,500330,597,425,235,774,572.95,95.96
高雄市,大樹區,興山里,212,130035,613,474,243,723,746.57,121.72
高雄市,大樹區,和山里,227,112027,494,400,200,632,416.54,84.40
高雄市,大樹區,姑山里,232,144475,623,419,231,762,760.79,122.17
高雄市,大樹區,大坑里,362,190334,526,418,222,656,466.93,88.81
高雄市,大樹區,三和里,241,239369,993,482,232,1024,1568.74,157.94
高雄市,大樹區,溪埔里,346,239123,691,551,321,854,657.73,95.17
高雄市,大樹區,興田里,366,188725,516,391,199,663,491.15,95.25
高雄市,大樹區,統嶺里,137,78563,573,412,242,726,565.19,98.56
高雄市,大寮區,大寮里,1825,1094795,600,413,208,741,691.73,115.31
高雄市,大寮區,義仁里,427,262121,614,440,222,746,676.45,110.19
高雄市,大寮區,新厝里,397,252040,635,434,205,776,704.01,110.89
高雄市,大寮區,會結里,405,257390,636,434,226,802,743.61,117.01
高雄市,大寮區,潮寮里,707,427392,605,416,198,813,609.65,100.85
高雄市,大寮區,拷潭里,330,197210,598,422,203,758,614.28,102.79
高雄市,大寮區,山頂里,2064,1229364,596,410,217,732,748.84,125.72
高雄市,大寮區,三隆里,1295,816497,630,419,221,789,678.89,107.67
高雄市,大寮區,永芳里,2007,1277595,637,424,220,795,814.63,127.97
高雄市,大寮區,昭明里,1120,662491,592,436,219,776,583.08,98.57
高雄市,大寮區,內坑里,1518,889487,586,411,217,714,814.57,139.02
高雄市,大寮區,上寮里,696,437105,628,445,232,742,1300.67,207.11
高雄市,大寮區,會社里,1613,1000027,620,434,212,810,658.64,106.24
高雄市,大寮區,後庄里,2259,1426277,631,444,214,808,693.29,109.81
高雄市,大寮區,翁園里,1185,745555,629,463,222,824,668.44,106.24
高雄市,大寮區,琉球里,1578,999191,633,454,227,804,707.38,111.72
高雄市,大寮區,江山里,511,316909,620,435,235,783,679.76,109.61
高雄市,大寮區,溪寮里,415,270951,653,455,203,794,769.22,117.82
高雄市,大寮區,義和里,589,338887,575,419,218,744,608.93,105.83
高雄市,大寮區,前庄里,678,482747,712,470,232,870,821.30,115.35
高雄市,大寮區,中庄里,3186,2022797,635,447,226,808,671.53,105.77
高雄市,大寮區,過溪里,694,428267,617,416,226,765,703.96,114.08
高雄市,大寮區,忠義里,90,40015,445,320,154,550,481.33,108.26
高雄市,大寮區,中興里,1838,1110674,604,420,222,752,664.74,110.01
高雄市,林園區,林園里,936,663920,709,476,238,907,881.12,124.22
高雄市,林園區,溪州里,1192,701494,589,438,228,769,554.85,94.28
高雄市,林園區,潭頭里,727,449920,619,426,228,843,643.74,104.02
高雄市,林園區,中厝里,792,487235,615,441,226,834,624.28,101.48
高雄市,林園區,林內里,503,295021,587,426,217,748,563.46,96.07
高雄市,林園區,王公里,1313,968214,737,535,264,981,731.00,99.13
高雄市,林園區,林家里,376,268965,715,485,240,919,785.19,109.77
高雄市,林園區,龔厝里,606,378812,625,436,239,795,651.56,104.23
高雄市,林園區,中門里,674,451294,670,467,249,821,840.94,125.59
高雄市,林園區,頂厝里,1366,876815,642,465,227,853,629.77,98.11
高雄市,林園區,港嘴里,445,270373,608,421,213,829,604.76,99.54
高雄市,林園區,西溪里,931,539273,579,425,220,763,583.70,100.77
高雄市,林園區,中芸里,449,289858,646,418,235,819,758.58,117.51
高雄市,林園區,鳳芸里,456,311333,683,470,235,943,647.58,94.85
高雄市,林園區,東汕里,213,128164,602,399,187,798,607.37,100.94
高雄市,林園區,西汕里,147,79292,539,378,176,731,536.37,99.44
高雄市,林園區,北汕里,363,224362,618,468,243,819,731.91,118.42
高雄市,林園區,東林里,883,604339,684,488,250,908,688.07,100.53
高雄市,林園區,港埔里,493,322026,653,446,221,727,825.72,126.41
高雄市,林園區,仁愛里,957,731344,764,522,270,965,818.28,107.08
高雄市,林園區,文賢里,725,507177,700,483,235,924,752.33,107.54
高雄市,林園區,廣應里,1056,747414,708,515,250,906,771.93,109.06
高雄市,林園區,五福里,689,388059,563,428,207,745,525.43,93.29
高雄市,林園區,中汕里,492,297735,605,430,197,815,604.36,99.87
高雄市,岡山區,岡山里,1440,1045993,726,476,235,858,1003.90,138.21
高雄市,岡山區,維仁里,292,195843,671,447,215,761,804.27,119.92
高雄市,岡山區,壽天里,1093,882199,807,496,236,952,1163.51,144.15
高雄市,岡山區,後紅里,1489,1035156,695,462,236,859,896.11,128.90
高雄市,岡山區,程香里,1528,1116992,731,503,265,950,788.58,107.87
高雄市,岡山區,嘉興里,1042,674314,647,450,230,786,816.02,126.10
高雄市,岡山區,華崗里,464,290456,626,437,223,759,699.73,111.78
高雄市,岡山區,潭底里,215,104950,488,355,204,648,449.46,92.08
高雄市,岡山區,石潭里,597,471889,790,496,238,986,969.62,122.67
高雄市,岡山區,福興里,333,200385,602,414,215,654,832.37,138.32
高雄市,岡山區,忠孝里,938,698881,745,500,256,920,812.86,109.10
高雄市,岡山區,平安里,358,281553,786,506,244,975,933.62,118.71
高雄市,岡山區,前峰里,901,579723,643,439,206,802,893.55,138.87
高雄市,岡山區,後協里,1897,1235233,651,456,233,816,819.76,125.89
高雄市,岡山區,竹圍里,2601,1989226,765,496,248,972,960.08,125.54
高雄市,岡山區,協和里,1263,860872,682,459,226,790,861.48,126.39
高雄市,岡山區,劉厝里,413,291109,705,458,222,866,888.74,126.09
高雄市,岡山區,灣裡里,658,475150,722,492,262,906,859.16,118.98
高雄市,岡山區,白米里,678,427481,631,475,241,787,629.80,99.89
高雄市,岡山區,大遼里,453,304298,672,522,246,885,635.60,94.62
高雄市,岡山區,台上里,2155,1600106,743,504,258,920,841.25,113.30
高雄市,岡山區,信義里,544,364676,670,485,227,859,666.18,99.38
高雄市,岡山區,大莊里,255,146637,575,470,229,686,710.24,123.51
高雄市,岡山區,嘉峰里,543,353708,651,413,217,757,931.92,143.07
高雄市,岡山區,和平里,171,132553,775,586,234,974,776.76,100.21
高雄市,岡山區,三和里,226,141368,626,419,175,817,771.82,123.39
高雄市,岡山區,本洲里,542,339830,627,420,212,737,757.14,120.76
高雄市,岡山區,仁壽里,1090,834312,765,497,247,950,941.20,122.96
高雄市,岡山區,協榮里,698,484074,694,458,237,781,1069.46,154.21
高雄市,岡山區,碧紅里,1393,991246,712,494,256,903,716.46,100.68
高雄市,岡山區,為隨里,201,114328,569,401,179,680,719.26,126.45
高雄市,岡山區,壽峰里,771,533847,692,481,235,868,801.86,115.81
高雄市,岡山區,仁義里,575,410981,715,462,241,895,794.19,111.12
高雄市,茄萣區,嘉定里,250,132264,529,345,201,605,612.03,115.68
高雄市,茄萣區,嘉安里,456,282850,620,389,204,698,730.51,117.77
高雄市,茄萣區,保定里,752,456057,606,408,211,701,759.52,125.24
高雄市,茄萣區,嘉福里,207,90849,439,343,168,555,397.47,90.56
高雄市,茄萣區,福德里,234,132271,565,363,175,632,671.09,118.72
高雄市,茄萣區,和協里,259,146968,567,409,202,699,584.11,102.94
高雄市,茄萣區,萬福里,177,102378,578,372,212,679,600.85,103.88
高雄市,茄萣區,吉定里,265,167510,632,471,250,751,676.83,107.07
高雄市,茄萣區,白雲里,421,243975,580,377,188,713,653.20,112.71
高雄市,茄萣區,光定里,205,118944,580,371,199,591,772.74,133.18
高雄市,茄萣區,嘉賜里,1069,648015,606,415,213,722,709.49,117.04
高雄市,茄萣區,崎漏里,1158,640583,553,411,212,686,574.21,103.80
高雄市,茄萣區,大定里,236,138766,588,371,213,693,663.87,112.90
高雄市,茄萣區,嘉泰里,255,132408,519,355,199,569,627.66,120.88
高雄市,茄萣區,嘉樂里,575,322187,560,380,215,695,630.37,112.50
高雄市,永安區,永安里,426,255830,601,379,209,782,612.99,102.07
高雄市,永安區,新港里,568,319291,562,413,190,745,579.39,103.07
高雄市,永安區,永華里,491,296955,605,413,195,775,658.92,108.95
高雄市,永安區,鹽田里,109,58927,541,387,174,721,535.20,99.00
高雄市,永安區,保寧里,810,484866,599,399,218,729,687.91,114.92
高雄市,永安區,維新里,1103,674490,612,430,205,759,702.70,114.91
高雄市,橋頭區,橋頭里,702,617954,880,571,274,1155,965.26,109.65
高雄市,橋頭區,橋南里,349,249354,714,482,233,865,834.51,116.80
高雄市,橋頭區,仕豐里,864,657826,761,508,268,980,811.08,106.53
高雄市,橋頭區,仕隆里,724,567952,784,528,256,1034,873.69,111.37
高雄市,橋頭區,新莊里,2453,2340234,954,682,358,1183,1051.03,110.17
高雄市,橋頭區,甲南里,785,508274,647,435,236,810,809.14,124.97
高雄市,橋頭區,甲北里,994,681084,685,495,277,802,962.20,140.43
高雄市,橋頭區,頂鹽里,393,238033,606,451,247,781,582.04,96.10
高雄市,橋頭區,中崎里,173,117923,682,433,213,864,910.32,133.55
高雄市,橋頭區,筆秀里,484,305980,632,443,207,821,658.71,104.19
高雄市,橋頭區,白樹里,1091,839658,770,514,280,946,843.86,109.65
高雄市,橋頭區,德松里,518,405455,783,543,283,1025,822.81,105.12
高雄市,橋頭區,東林里,745,543794,730,482,267,868,1379.82,189.04
高雄市,橋頭區,西林里,407,258571,635,456,271,827,609.57,95.95
高雄市,橋頭區,芋寮里,373,276958,743,477,289,906,926.28,124.75
高雄市,橋頭區,仕和里,1176,857580,729,453,233,875,1253.20,171.85
高雄市,橋頭區,三德里,213,135078,634,445,238,841,622.57,98.17
高雄市,梓官區,梓義里,641,411012,641,461,245,787,639.86,99.79
高雄市,梓官區,茄苳里,593,339074,572,392,214,733,564.54,98.73
高雄市,梓官區,禮蚵里,470,253940,540,402,214,670,559.03,103.47
高雄市,梓官區,大舍里,1068,626533,587,426,219,727,625.21,106.57
高雄市,梓官區,梓信里,640,437296,683,448,238,900,757.06,110.80
高雄市,梓官區,智蚵里,712,437881,615,412,214,787,661.56,107.57
高雄市,梓官區,赤崁里,456,267811,587,434,228,689,644.19,109.69
高雄市,梓官區,信蚵里,643,380794,592,430,199,751,783.80,132.35
高雄市,梓官區,梓平里,490,352715,720,468,251,855,1085.41,150.79
高雄市,梓官區,赤東里,564,304003,539,396,204,684,600.28,111.37
高雄市,梓官區,赤西里,188,120589,641,436,202,762,802.81,125.16
高雄市,梓官區,同安里,296,212451,718,500,246,857,891.89,124.26
高雄市,梓官區,中崙里,347,221146,637,468,268,835,593.53,93.13
高雄市,梓官區,梓和里,698,423547,607,434,239,776,599.80,98.85
高雄市,梓官區,典寶里,896,561660,627,439,223,795,665.99,106.24
高雄市,田寮區,南安里,178,91415,514,405,201,697,443.17,86.29
高雄市,田寮區,田寮里,79,46034,583,403,204,808,610.80,104.82
高雄市,田寮區,三和里,48,35939,749,429,277,898,858.55,114.67
高雄市,田寮區,古亭里,59,34322,582,328,197,627,754.79,129.75
高雄市,田寮區,大同里,56,23239,415,312,221,486,366.92,88.42
高雄市,田寮區,七星里,100,60708,607,446,238,759,603.43,99.40
高雄市,田寮區,西德里,125,74811,598,416,203,735,695.31,116.18
高雄市,田寮區,崇德里,184,93099,506,357,188,595,578.15,114.26
高雄市,田寮區,新興里,280,182123,650,446,249,786,733.11,112.71
高雄市,田寮區,鹿埔里,63,28050,445,396,185,530,482.39,108.34
高雄市,阿蓮區,阿蓮里,1433,940393,656,429,223,769,803.31,122.41
高雄市,阿蓮區,崗山里,179,112614,629,467,226,767,629.33,100.03
高雄市,阿蓮區,復安里,433,232408,537,363,213,658,568.85,105.98
高雄市,阿蓮區,清蓮里,707,483459,684,431,209,786,1006.45,147.18
高雄市,阿蓮區,港後里,544,316739,582,395,215,741,637.65,109.52
高雄市,阿蓮區,石安里,315,194123,616,377,216,648,942.37,152.92
高雄市,阿蓮區,峯山里,299,164825,551,420,214,728,550.66,99.89
高雄市,阿蓮區,青旗里,417,254798,611,396,213,720,746.95,122.24
高雄市,阿蓮區,和蓮里,588,381585,649,442,231,784,797.03,122.82
高雄市,阿蓮區,玉庫里,292,192117,658,384,212,735,1273.36,193.54
高雄市,阿蓮區,中路里,496,345522,697,445,230,788,1044.76,149.98
高雄市,阿蓮區,南蓮里,870,566754,651,433,230,783,803.11,123.28
高雄市,路竹區,竹東里,1248,954045,764,529,251,938,922.10,120.62
高雄市,路竹區,竹西里,693,474606,685,426,214,833,958.89,140.01
高雄市,路竹區,竹滬里,981,639943,652,462,230,791,963.86,147.76
高雄市,路竹區,竹園里,488,311133,638,432,246,739,747.44,117.23
高雄市,路竹區,文南里,769,570509,742,495,246,925,869.04,117.14
高雄市,路竹區,文北里,945,686602,727,478,251,816,1069.17,147.15
高雄市,路竹區,甲南里,989,647670,655,470,253,779,753.32,115.03
高雄市,路竹區,甲北里,611,395262,647,476,257,805,614.17,94.94
高雄市,路竹區,下坑里,682,410550,602,411,221,697,725.99,120.60
高雄市,路竹區,頂寮里,290,180537,623,470,239,795,598.96,96.21
高雄市,路竹區,鴨寮里,700,445231,636,449,225,814,701.37,110.27
高雄市,路竹區,社東里,512,342749,669,454,241,815,705.43,105.38
高雄市,路竹區,社西里,714,468978,657,452,247,818,699.65,106.52
高雄市,路竹區,社中里,226,151965,672,502,249,852,604.36,89.88
高雄市,路竹區,北嶺里,400,254802,637,453,232,779,742.00,116.48
高雄市,路竹區,三爺里,261,268802,1030,475,232,837,1997.76,193.98
高雄市,路竹區,後鄉里,357,237622,666,492,250,868,734.11,110.29
高雄市,路竹區,新達里,316,188040,595,413,193,760,618.85,104.00
高雄市,路竹區,竹南里,839,767429,915,520,260,1077,1601.20,175.05
高雄市,路竹區,社南里,1692,1345406,795,510,270,964,988.87,124.36
高雄市,燕巢區,東燕里,601,332796,554,416,200,694,536.48,96.88
高雄市,燕巢區,西燕里,925,602062,651,462,246,771,841.85,129.34
高雄市,燕巢區,南燕里,1092,736248,674,471,247,874,728.55,108.06
高雄市,燕巢區,尖山里,260,180676,695,401,235,792,1281.49,184.41
高雄市,燕巢區,金山里,94,55821,594,408,228,671,608.58,102.48
高雄市,燕巢區,鳳雄里,637,413354,649,435,222,793,789.40,121.65
高雄市,燕巢區,深水里,545,287490,528,382,227,627,529.52,100.38
高雄市,燕巢區,角宿里,806,532833,661,448,232,772,940.80,142.31
高雄市,燕巢區,橫山里,407,254940,626,423,207,729,835.34,133.36
高雄市,燕巢區,瓊林里,628,341569,544,385,199,690,590.41,108.55
高雄市,燕巢區,安招里,945,603644,639,432,212,803,774.38,121.23
高雄市,彌陀區,彌陀里,491,331366,675,463,240,817,876.69,129.90
高雄市,彌陀區,彌仁里,115,67550,587,409,222,654,647.46,110.23
高雄市,彌陀區,彌壽里,193,115078,596,445,218,798,581.25,97.48
高雄市,彌陀區,舊港里,384,195952,510,370,202,669,509.24,99.79
高雄市,彌陀區,過港里,235,126286,537,371,192,690,676.18,125.83
高雄市,彌陀區,漯底里,289,169253,586,405,206,731,603.28,103.01
高雄市,彌陀區,鹽埕里,554,321240,580,394,209,674,665.54,114.78
高雄市,彌陀區,南寮里,492,297759,605,425,220,768,815.17,134.69
高雄市,彌陀區,文安里,422,220419,522,352,200,588,774.32,148.25
高雄市,彌陀區,光和里,351,211023,601,420,219,753,637.68,106.07
高雄市,彌陀區,海尾里,174,96233,553,321,153,679,806.41,145.81
高雄市,彌陀區,彌靖里,515,305712,594,456,218,740,602.07,101.42
高雄市,湖內區,湖內里,1187,697351,587,435,216,746,584.09,99.42
高雄市,湖內區,逸賢里,307,174958,570,390,193,707,612.24,107.43
高雄市,湖內區,中賢里,610,323383,530,376,186,646,638.08,120.36
高雄市,湖內區,文賢里,353,223045,632,442,228,798,769.97,121.86
高雄市,湖內區,太爺里,246,177506,722,445,219,910,887.50,123.00
高雄市,湖內區,大湖里,1272,840825,661,442,224,826,739.88,111.93
高雄市,湖內區,葉厝里,837,552752,660,453,233,830,717.45,108.64
高雄市,湖內區,田尾里,302,215620,714,431,240,802,934.44,130.88
高雄市,湖內區,海埔里,458,251156,548,361,179,676,613.31,111.84
高雄市,湖內區,劉家里,211,110418,523,375,235,632,521.33,99.62
高雄市,湖內區,公舘里,757,511137,675,460,261,810,779.14,115.39
高雄市,湖內區,海山里,280,179192,640,372,205,699,974.85,152.33
高雄市,湖內區,忠興里,182,103374,568,361,222,690,588.33,103.58
高雄市,湖內區,湖東里,878,544276,620,426,229,710,825.28,133.13
高雄市,旗山區,大林里,240,131142,546,381,206,654,626.27,114.61
高雄市,旗山區,中正里,260,129730,499,371,171,621,589.30,118.11
高雄市,旗山區,圓富里,358,207129,579,400,208,705,749.12,129.48
高雄市,旗山區,永和里,841,491559,584,411,224,757,609.26,104.24
高雄市,旗山區,瑞吉里,473,272230,576,412,232,700,619.89,107.70
高雄市,旗山區,竹峰里,335,230026,687,456,237,846,748.04,108.94
高雄市,旗山區,湄洲里,370,233193,630,414,193,799,754.39,119.70
高雄市,旗山區,大德里,626,408001,652,463,231,794,749.91,115.06
高雄市,旗山區,太平里,521,299255,574,404,195,733,649.88,113.14
高雄市,旗山區,東昌里,230,134684,586,434,245,732,567.70,96.95
高雄市,旗山區,東平里,436,284379,652,465,211,812,756.37,115.96
高雄市,旗山區,廣福里,130,91712,705,521,265,828,716.43,101.55
高雄市,旗山區,三協里,520,304510,586,445,228,716,573.51,97.94
高雄市,旗山區,上洲里,204,119042,584,392,208,724,592.90,101.60
高雄市,旗山區,鯤洲里,138,107405,778,435,178,833,1554.68,199.75
高雄市,旗山區,大山里,254,152562,601,462,235,776,608.25,101.27
高雄市,旗山區,中洲里,113,63841,565,409,197,807,567.27,100.41
高雄市,旗山區,南洲里,260,133720,514,399,190,647,522.77,101.64
高雄市,旗山區,新光里,152,94979,625,441,249,728,741.33,118.64
高雄市,旗山區,中寮里,31,16940,546,407,254,600,543.67,99.49
高雄市,旗山區,南勝里,424,252591,596,377,204,704,738.85,124.02
高雄市,六龜區,六龜里,126,63898,507,390,193,653,578.84,114.14
高雄市,六龜區,義寶里,190,94289,496,410,202,639,422.74,85.19
高雄市,六龜區,中興里,220,144675,658,404,229,612,1288.91,196.00
高雄市,六龜區,興龍里,85,39082,460,352,213,506,467.29,101.63
高雄市,六龜區,新發里,143,88308,618,352,205,653,1442.85,233.65
高雄市,六龜區,荖濃里,131,56379,430,349,128,531,463.57,107.71
高雄市,六龜區,寶來里,90,54349,604,409,201,781,629.75,104.28
高雄市,六龜區,新興里,89,51289,576,414,187,723,629.68,109.27
高雄市,六龜區,新威里,113,64711,573,432,214,743,531.70,92.85
高雄市,六龜區,新寮里,83,52189,629,447,214,849,575.23,91.48
高雄市,六龜區,文武里,191,100620,527,395,174,665,549.36,104.28
高雄市,六龜區,大津里,51,29902,586,419,275,611,816.19,139.20
高雄市,內門區,內門里,195,116323,597,422,213,822,669.96,112.31
高雄市,內門區,永富里,153,72838,476,405,154,622,432.71,90.89
高雄市,內門區,永吉里,60,34751,579,409,240,616,613.23,105.88
高雄市,內門區,內南里,57,29808,523,386,228,687,489.88,93.68
高雄市,內門區,永興里,69,30108,436,384,203,560,314.84,72.15
高雄市,內門區,中埔里,86,46084,536,384,226,694,504.36,94.12
高雄市,內門區,東埔里,75,46667,622,436,222,898,603.00,96.91
高雄市,內門區,內豊里,216,94325,437,381,221,576,329.97,75.56
高雄市,內門區,觀亭里,324,195063,602,398,199,667,888.14,147.52
高雄市,內門區,內東里,111,62039,559,379,241,656,594.58,106.38
高雄市,內門區,內興里,72,36008,500,368,184,529,576.20,115.22
高雄市,內門區,木柵里,73,37555,514,417,191,762,430.43,83.67
高雄市,內門區,溝坪里,119,59143,497,347,197,589,536.26,107.90
高雄市,內門區,石坑里,68,34498,507,410,247,683,463.24,91.31
高雄市,內門區,瑞山里,40,18838,471,386,170,661,395.77,84.03
高雄市,內門區,光興里,99,55897,565,401,215,699,550.44,97.49
高雄市,內門區,金竹里,88,40495,460,384,197,557,422.30,91.77
高雄市,內門區,三平里,105,48756,464,356,171,597,410.49,88.40
高雄市,美濃區,泰安里,389,269954,694,518,237,967,672.88,96.96
高雄市,美濃區,瀰濃里,501,375535,750,476,254,954,856.62,114.28
高雄市,美濃區,東門里,234,148740,636,467,237,816,636.73,100.17
高雄市,美濃區,合和里,521,327567,629,421,240,789,643.32,102.32
高雄市,美濃區,中圳里,445,294368,662,478,230,940,612.90,92.65
高雄市,美濃區,福安里,580,386802,667,452,231,778,867.49,130.08
高雄市,美濃區,中壇里,456,281403,617,432,212,740,658.14,106.65
高雄市,美濃區,祿興里,542,334666,617,419,229,743,647.92,104.93
高雄市,美濃區,德興里,315,182800,580,433,256,741,548.37,94.50
高雄市,美濃區,清水里,370,233568,631,440,245,802,648.50,102.73
高雄市,美濃區,吉和里,277,157835,570,433,209,686,584.53,102.59
高雄市,美濃區,吉洋里,315,187338,595,433,261,685,709.70,119.33
高雄市,美濃區,吉東里,335,187155,559,417,195,748,560.71,100.37
高雄市,美濃區,龍肚里,256,164419,642,425,222,842,677.18,105.44
高雄市,美濃區,龍山里,386,247382,641,471,233,868,586.93,91.58
高雄市,美濃區,獅山里,490,302681,618,422,239,788,637.41,103.19
高雄市,美濃區,廣林里,234,136144,582,415,228,720,598.69,102.90
高雄市,美濃區,廣德里,220,122943,559,437,186,684,524.66,93.89
高雄市,美濃區,興隆里,210,131214,625,447,258,824,666.48,106.67
高雄市,杉林區,上平里,237,136914,578,415,247,765,533.23,92.30
高雄市,杉林區,杉林里,71,32636,460,365,200,577,438.50,95.40
高雄市,杉林區,月眉里,271,146353,540,443,192,760,468.98,86.84
高雄市,杉林區,月美里,215,130348,606,361,213,732,666.47,109.93
高雄市,杉林區,新庄里,219,107831,492,374,188,655,480.94,97.68
高雄市,杉林區,集來里,136,68198,501,388,223,574,530.00,105.69
高雄市,杉林區,木梓里,65,33351,513,395,218,646,460.91,89.83
高雄市,杉林區,大愛里,287,116976,408,353,141,554,366.19,89.84
高雄市,甲仙區,東安里,72,54805,761,455,255,818,910.52,119.62
高雄市,甲仙區,西安里,168,94083,560,411,226,765,483.28,86.30
高雄市,甲仙區,和安里,97,66773,688,444,250,874,703.68,102.22
高雄市,甲仙區,關山里,53,20956,395,265,146,560,352.34,89.11
高雄市,甲仙區,小林里,67,31613,472,362,194,591,428.53,90.82
高雄市,甲仙區,大田里,246,107132,435,354,154,584,389.67,89.48
高雄市,甲仙區,寶隆里,72,32519,452,328,220,597,383.88,84.99
高雄市,茂林區,茂林里,162,89116,550,456,246,689,442.26,80.40
高雄市,茂林區,多納里,89,49649,558,470,286,682,556.57,99.77
高雄市,茂林區,萬山里,78,64604,828,599,352,822,1002.13,120.99
高雄市,桃源區,桃源里,109,64049,588,458,250,709,558.44,95.04
高雄市,桃源區,寶山里,78,45662,585,465,283,804,470.47,80.37
高雄市,桃源區,建山里,109,54146,497,428,257,630,434.33,87.43
高雄市,桃源區,高中里,113,66303,587,449,274,729,507.56,86.50
高雄市,桃源區,勤和里,38,23542,620,511,336,758,570.48,92.08
高雄市,桃源區,復興里,41,19828,484,471,193,637,344.85,71.31
高雄市,桃源區,拉芙蘭里,33,20808,631,435,275,854,477.57,75.74
高雄市,桃源區,梅山里,31,15079,486,423,398,524,429.83,88.37
高雄市,那瑪夏區,南沙魯里,67,28520,426,389,210,560,341.81,80.30
高雄市,那瑪夏區,瑪雅里,118,79515,674,571,346,847,535.49,79.47
高雄市,那瑪夏區,達卡努瓦里,228,133556,586,510,262,787,458.56,78.28
新北市,新莊區,海山里,1729,1318321,762,455,222,921,908.21,119.11
新北市,新莊區,全安里,1365,1175678,861,502,249,1016,1229.10,142.70
新北市,新莊區,文衡里,714,642533,900,539,258,1138,1062.47,118.06
新北市,新莊區,興漢里,1049,819490,781,502,235,953,1012.90,129.66
新北市,新莊區,榮和里,1145,1126787,984,546,253,1145,1405.09,142.78
新北市,新莊區,文德里,580,496420,856,528,245,1108,1102.05,128.76
新北市,新莊區,文明里,542,470478,868,475,225,985,1479.43,170.43
新北市,新莊區,中港里,1975,1528084,774,511,251,955,899.64,116.28
新北市,新莊區,頭前里,4161,5773120,1387,795,340,1728,1790.75,129.07
新北市,新莊區,丹鳳里,2794,2041050,731,489,242,908,841.22,115.15
新北市,新莊區,西盛里,4632,3678817,794,522,257,1020,940.98,118.48
新北市,新莊區,瓊林里,1414,1005584,711,445,224,815,1302.12,183.10
新北市,新莊區,營盤里,607,394708,650,439,215,842,701.20,107.83
新北市,新莊區,後港里,2403,1581819,658,440,222,818,773.66,117.53
新北市,新莊區,國泰里,441,297285,674,443,211,810,826.50,122.60
新北市,新莊區,立人里,694,734193,1058,588,253,1279,1518.87,143.57
新北市,新莊區,恆安里,1363,1113678,817,513,243,1039,1064.99,130.34
新北市,新莊區,思源里,1674,1191694,712,469,222,907,788.44,110.75
新北市,新莊區,化成里,1397,1346785,964,505,232,1160,1340.08,139.01
新北市,新莊區,福基里,2134,2637430,1236,726,327,1555,1582.75,128.06
新北市,新莊區,思賢里,1328,1021870,769,482,242,917,921.98,119.82
新北市,新莊區,中美里,1882,1478056,785,497,236,974,954.85,121.58
新北市,新莊區,中和里,1410,1072508,761,436,216,870,1180.72,155.23
新北市,新莊區,中泰里,1259,773449,614,424,207,776,649.54,105.73
新北市,新莊區,立言里,1618,1179199,729,461,229,881,872.03,119.65
新北市,新莊區,立功里,1022,613668,600,390,207,754,718.17,119.60
新北市,新莊區,立德里,825,690314,837,522,245,1091,1014.53,121.25
新北市,新莊區,豐年里,1105,675475,611,392,204,769,708.61,115.92
新北市,新莊區,忠孝里,1808,1574700,871,537,259,1066,1063.62,122.12
新北市,新莊區,立志里,1140,746032,654,449,225,852,734.07,112.17
新北市,新莊區,中誠里,623,433233,695,435,218,782,957.64,137.71
新北市,新莊區,自立里,1523,1056123,693,448,236,830,875.96,126.32
新北市,新莊區,自強里,651,332726,511,353,181,630,572.08,111.93
新北市,新莊區,幸福里,1214,736719,607,402,207,742,758.36,124.97
新北市,新莊區,仁愛里,729,448511,615,405,211,738,766.99,124.66
新北市,新莊區,信義里,1593,1089059,684,427,216,857,815.03,119.22
新北市,新莊區,龍鳳里,3677,3414306,929,605,282,1213,1179.13,126.99
新北市,新莊區,民安里,1859,1291428,695,451,229,842,823.19,118.50
新北市,新莊區,光華里,2144,1413323,659,441,224,821,853.82,129.52
新北市,新莊區,富國里,659,398740,605,430,226,741,669.96,110.73
新北市,新莊區,裕民里,1898,1306449,688,422,222,793,1057.98,153.70
新北市,新莊區,南港里,1662,1065859,641,442,224,781,703.62,109.72
新北市,新莊區,萬安里,1134,680804,600,408,226,774,617.46,102.85
新北市,新莊區,八德里,897,533703,595,400,210,719,672.25,112.99
新北市,新莊區,民本里,811,436893,539,395,198,679,569.13,105.65
新北市,新莊區,光榮里,1292,845829,655,446,232,814,738.59,112.82
新北市,新莊區,光明里,1451,971611,670,441,240,846,750.67,112.10
新北市,新莊區,合鳳里,1277,718847,563,375,192,709,612.11,108.74
新北市,新莊區,雙鳳里,4009,3782962,944,599,281,1196,1210.22,128.25
新北市,新莊區,和平里,1512,989750,655,439,229,816,734.55,112.21
新北市,新莊區,自信里,742,558304,752,432,228,946,1148.54,152.64
新北市,新莊區,全泰里,1604,1374001,857,531,257,1114,979.68,114.37
新北市,新莊區,立泰里,1657,1402934,847,491,236,1034,1513.90,178.81
新北市,新莊區,立基里,2093,1867092,892,528,247,1111,1226.75,137.52
新北市,新莊區,中宏里,1196,873472,730,477,248,923,812.39,111.24
新北市,新莊區,中全里,982,600652,612,426,225,774,834.56,136.44
新北市,新莊區,中華里,945,843996,893,568,268,1137,1019.04,114.10
新北市,新莊區,中隆里,1847,1832888,992,585,273,1239,1215.55,122.49
新北市,新莊區,中原里,5072,5630021,1110,629,280,1331,1587.02,142.97
新北市,新莊區,中信里,2703,2144594,793,492,249,980,975.40,122.94
新北市,新莊區,仁義里,1039,651842,627,390,203,769,764.11,121.79
新北市,新莊區,建福里,824,487384,591,434,213,745,660.22,111.62
新北市,新莊區,四維里,1264,696423,551,388,197,690,583.90,105.98
新北市,新莊區,文聖里,1150,1027141,893,580,286,1098,1029.97,115.32
新北市,新莊區,福營里,844,644697,764,464,235,822,1069.02,139.95
新北市,新莊區,後德里,1055,831137,788,513,238,973,951.68,120.80
新北市,新莊區,建安里,2250,1618498,719,470,229,890,824.47,114.62
新北市,新莊區,龍安里,666,388739,584,393,210,706,707.39,121.19
新北市,新莊區,昌平里,3538,4359145,1232,736,329,1599,1575.73,127.89
新北市,新莊區,昌明里,1132,805849,712,440,220,890,824.19,115.78
新北市,新莊區,成德里,1475,931239,631,426,219,806,727.40,115.21
新北市,新莊區,福興里,2049,1491304,728,467,228,847,905.48,124.41
新北市,新莊區,昌信里,1286,1143213,889,540,259,1124,1052.35,118.38
新北市,新莊區,昌隆里,1543,1301473,843,519,252,1044,1101.97,130.65
新北市,新莊區,中平里,3283,3118243,950,599,284,1237,1112.09,117.09
新北市,新莊區,立廷里,4334,4783557,1104,698,328,1437,1338.53,121.27
新北市,新莊區,泰豐里,781,560226,717,461,233,921,795.02,110.83
新北市,新莊區,富民里,1252,758348,606,424,228,758,624.43,103.09
新北市,新莊區,龍福里,718,453909,632,449,212,843,641.39,101.46
新北市,新莊區,祥鳳里,748,483626,647,442,226,800,715.77,110.71
新北市,新莊區,民全里,1222,803767,658,442,225,845,729.71,110.94
新北市,新莊區,民有里,1287,860189,668,446,227,842,770.77,115.32
新北市,新莊區,光正里,1337,917706,686,434,215,814,855.73,124.67
新北市,新莊區,光和里,806,447040,555,406,198,707,594.28,107.15
新北市,林口區,東林里,1167,811338,695,428,235,745,1166.89,167.84
新北市,林口區,林口里,1701,1222214,719,443,212,841,1003.22,139.62
新北市,林口區,西林里,3766,4009785,1065,582,276,1243,1621.94,152.33
新北市,林口區,湖北里,425,312502,735,427,217,860,941.96,128.11
新北市,林口區,菁湖里,1420,1499571,1056,581,269,1253,1520.49,143.98
新北市,林口區,湖南里,9584,12807512,1336,807,350,1695,1775.50,132.86
新北市,林口區,南勢里,10725,16525877,1541,960,406,1994,2058.39,133.59
新北市,林口區,頂福里,293,192789,658,410,219,768,923.45,140.35
新北市,林口區,下福里,400,261673,654,421,206,788,977.35,149.40
新北市,林口區,嘉寶里,258,158538,614,384,186,753,824.10,134.11
新北市,林口區,瑞平里,225,133970,595,427,222,685,739.34,124.17
新北市,林口區,太平里,469,303931,648,419,238,755,782.92,120.81
新北市,林口區,中湖里,1755,1590209,906,576,298,1134,1079.09,119.09
新北市,林口區,東勢里,2403,2112377,879,523,242,1047,1257.03,143.00
新北市,林口區,仁愛里,2494,3045936,1221,682,296,1533,1639.98,134.28
新北市,林口區,麗林里,3099,3487198,1125,642,291,1406,1457.64,129.54
新北市,林口區,麗園里,1364,1306487,958,479,230,963,2660.71,277.78
新北市,五股區,興珍里,1518,1070194,705,412,199,801,1188.00,168.51
新北市,五股區,更寮里,308,197870,642,418,193,743,862.99,134.33
新北市,五股區,集福里,1105,655871,594,438,214,761,596.19,100.45
新北市,五股區,觀音里,298,176678,593,400,195,723,700.90,118.22
新北市,五股區,成州里,1692,1072601,634,412,207,767,824.08,130.00
新北市,五股區,五股里,1172,765585,653,409,202,744,926.58,141.85
新北市,五股區,五龍里,356,207319,582,406,200,736,736.03,126.39
新北市,五股區,德音里,1825,1505283,825,466,228,902,1643.82,199.30
新北市,五股區,貿商里,894,625720,700,446,206,849,845.31,120.77
新北市,五股區,陸一里,717,490897,685,428,215,849,821.72,120.02
新北市,五股區,成功里,2821,1923526,682,489,247,879,807.56,118.43
新北市,五股區,五福里,1032,582615,565,382,201,676,697.30,123.51
新北市,五股區,成德里,920,605878,659,457,231,851,693.49,105.30
新北市,五股區,德泰里,1406,948287,674,425,208,808,1137.43,168.64
新北市,五股區,六福里,1194,710032,595,397,201,742,659.34,110.87
新北市,五股區,集賢里,1291,705771,547,404,202,707,541.30,99.02
新北市,五股區,民義里,1117,733378,657,425,214,819,815.50,124.21
新北市,五股區,成泰里,4125,3363472,815,547,260,1052,922.87,113.18
新北市,五股區,水碓里,2613,1786438,684,440,220,819,821.70,120.19
新北市,五股區,福德里,1069,716572,670,444,239,880,747.08,111.45
新北市,蘆洲區,樓厝里,2170,1707394,787,501,260,970,959.31,121.92
新北市,蘆洲區,保和里,797,591745,742,485,229,953,854.41,115.08
新北市,蘆洲區,得勝里,954,622123,652,430,219,772,853.78,130.92
新北市,蘆洲區,仁復里,577,449042,778,461,209,903,1208.80,155.33
新北市,蘆洲區,溪墘里,896,633899,707,463,245,853,828.28,117.07
新北市,蘆洲區,中路里,1264,834817,660,435,217,832,836.33,126.63
新北市,蘆洲區,正義里,4934,5801066,1176,725,320,1484,1609.59,136.90
新北市,蘆洲區,水湳里,3476,2740503,788,474,238,991,1017.83,129.10
新北市,蘆洲區,保佑里,1082,722329,668,418,198,852,827.58,123.97
新北市,蘆洲區,樹德里,955,619831,649,421,200,811,826.19,127.29
新北市,蘆洲區,中原里,1850,1541291,833,488,235,998,1116.72,134.04
新北市,蘆洲區,恆德里,1900,1530469,806,466,234,949,1107.49,137.49
新北市,蘆洲區,光華里,1617,1179742,730,450,225,910,881.67,120.84
新北市,蘆洲區,鷺江里,1674,1368479,817,490,247,945,1308.82,160.10
新北市,蘆洲區,南港里,1762,1154100,655,433,219,808,744.48,113.66
新北市,蘆洲區,永樂里,1934,1350219,698,442,224,833,832.08,119.18
新北市,蘆洲區,永康里,2029,1357894,669,442,215,872,723.88,108.16
新北市,蘆洲區,信義里,1086,737865,679,449,236,856,761.52,112.08
新北市,蘆洲區,玉清里,1878,1530152,815,499,240,1005,1085.28,133.20
新北市,蘆洲區,復興里,1009,615946,610,406,216,747,682.66,111.83
新北市,蘆洲區,水河里,2867,1853275,646,426,213,830,744.25,115.13
新北市,蘆洲區,仁愛里,1692,1187088,702,446,222,839,863.57,123.09
新北市,蘆洲區,忠義里,983,668657,680,427,214,790,886.30,130.30
新北市,蘆洲區,九芎里,1645,1024307,623,426,213,765,764.76,122.82
新北市,蘆洲區,中華里,924,667258,722,436,218,862,1009.13,139.74
新北市,蘆洲區,得仁里,927,598911,646,435,226,766,744.19,115.19
新北市,蘆洲區,仁德里,1627,1154889,710,433,223,863,893.88,125.93
新北市,蘆洲區,仁義里,1344,1173459,873,492,226,1006,1157.03,132.52
新北市,蘆洲區,光明里,1392,993166,713,472,229,890,806.95,113.10
新北市,蘆洲區,保新里,1267,1040917,822,475,222,968,1059.22,128.93
新北市,蘆洲區,長安里,1455,857374,589,399,208,720,631.28,107.13
新北市,蘆洲區,民和里,748,457153,611,429,212,768,645.82,105.67
新北市,蘆洲區,忠孝里,751,465519,620,455,226,777,674.81,108.86
新北市,蘆洲區,福安里,1017,703142,691,416,202,875,938.99,135.81
新北市,蘆洲區,永安里,1538,1021014,664,442,234,820,752.65,113.37
新北市,蘆洲區,延平里,1250,828724,663,433,212,809,1001.03,150.99
新北市,蘆洲區,成功里,2301,1489799,647,441,221,823,708.89,109.49
新北市,蘆洲區,永德里,1400,875692,625,446,225,776,752.30,120.27
新北市,三重區,二重里,484,291534,602,431,236,748,598.63,99.38
新北市,三重區,五谷里,705,536334,761,490,231,943,967.33,127.15
新北市,三重區,德厚里,184,175855,956,638,289,1283,972.17,101.72
新北市,三重區,福祉里,2039,1874704,919,573,264,1171,1124.51,122.31
新北市,三重區,過田里,2133,1747166,819,475,237,982,1203.48,146.92
新北市,三重區,溪美里,2722,2121766,779,487,246,985,892.46,114.49
新北市,三重區,厚德里,1066,848336,796,482,244,1026,912.90,114.71
新北市,三重區,慈化里,680,450185,662,427,224,822,742.67,112.18
新北市,三重區,永安里,1164,827685,711,452,222,855,826.04,116.17
新北市,三重區,六合里,1108,711326,642,438,216,833,695.11,108.27
新北市,三重區,福利里,834,732150,878,538,282,1107,1004.44,114.42
新北市,三重區,永興里,527,441379,838,531,257,1038,986.26,117.76
新北市,三重區,清和里,1435,1342226,935,560,273,1152,1179.32,126.08
新北市,三重區,仁德里,544,335222,616,405,188,773,680.33,110.40
新北市,三重區,開元里,587,534660,911,559,249,1076,1159.56,127.31
新北市,三重區,大德里,253,156890,620,411,219,762,707.67,114.12
新北市,三重區,錦通里,378,218461,578,385,188,701,730.88,126.46
新北市,三重區,光華里,834,668019,801,508,242,1038,939.16,117.25
新北市,三重區,光榮里,477,379990,797,481,237,951,1033.13,129.69
新北市,三重區,大園里,817,731852,896,465,229,1007,1655.80,184.84
新北市,三重區,長生里,255,193631,759,439,197,1024,889.15,117.10
新北市,三重區,長安里,592,388891,657,401,201,830,764.68,116.41
新北市,三重區,同安里,376,210578,560,398,207,705,615.21,109.85
新北市,三重區,光明里,2471,2222950,900,525,241,1060,1266.66,140.80
新北市,三重區,菜寮里,645,443278,687,492,210,865,747.54,108.77
新北市,三重區,大同里,659,479115,727,490,207,926,834.18,114.74
新北市,三重區,長泰里,615,384744,626,427,203,759,755.85,120.82
新北市,三重區,長元里,684,429856,628,424,200,777,710.27,113.02
新北市,三重區,介壽里,344,259644,755,411,205,717,1277.56,169.26
新北市,三重區,三安里,782,512367,655,445,198,804,760.72,116.10
新北市,三重區,文化里,673,455243,676,424,212,819,933.30,137.97
新北市,三重區,正義里,577,446283,773,440,211,975,1148.92,148.54
新北市,三重區,中正里,405,275498,680,449,223,842,805.43,118.40
新北市,三重區,仁義里,438,347509,793,425,230,899,1087.00,137.01
新北市,三重區,長江里,617,487179,790,452,232,972,1138.12,144.14
新北市,三重區,錦江里,606,344433,568,395,219,692,758.59,133.47
新北市,三重區,龍門里,517,377909,731,442,228,902,883.61,120.88
新北市,三重區,大安里,454,267899,590,388,199,770,617.29,104.61
新北市,三重區,光正里,988,1161460,1176,708,295,1428,2364.59,201.15
新北市,三重區,重新里,485,353268,728,469,246,883,837.74,115.01
新北市,三重區,民生里,1242,782969,630,409,209,757,734.09,116.45
新北市,三重區,中山里,922,823486,893,508,231,1059,1316.69,147.42
新北市,三重區,國隆里,831,587925,707,453,218,859,798.60,112.88
新北市,三重區,重陽里,1020,664964,652,437,220,780,771.71,118.37
新北市,三重區,幸福里,1386,907978,655,401,204,794,818.81,124.99
新北市,三重區,福安里,912,646974,709,470,225,887,867.16,122.24
新北市,三重區,信安里,664,518531,781,487,204,1008,966.86,123.81
新北市,三重區,安慶里,612,342955,560,374,197,693,718.32,128.18
新北市,三重區,順德里,589,360585,612,422,191,750,749.98,122.51
新北市,三重區,承德里,453,317449,701,469,215,866,745.65,106.40
新北市,三重區,瑞德里,644,381294,592,391,199,754,642.41,108.50
新北市,三重區,崇德里,1043,654107,627,416,194,786,743.38,118.53
新北市,三重區,尚德里,838,545470,651,436,219,811,729.62,112.09
新北市,三重區,培德里,1152,900800,782,493,256,951,1131.59,144.72
新北市,三重區,自強里,526,317343,603,396,187,836,706.22,117.06
新北市,三重區,大有里,1747,1185457,679,461,233,830,920.16,135.60
新北市,三重區,頂崁里,957,835451,873,494,241,1040,1102.48,126.29
新北市,三重區,谷王里,580,547081,943,647,333,1253,942.69,99.94
新北市,三重區,中興里,1444,1157847,802,482,220,916,1076.09,134.20
新北市,三重區,成功里,2662,2626608,987,660,300,1294,1093.24,110.80
新北市,三重區,重明里,1252,1436289,1147,628,296,1402,1685.16,146.89
新北市,三重區,光田里,1471,1271206,864,499,249,965,1613.40,186.70
新北市,三重區,田心里,1204,762575,633,417,209,790,709.88,112.08
新北市,三重區,福隆里,1406,1130780,804,492,232,1011,954.98,118.74
新北市,三重區,五常里,1841,1450669,788,531,259,1026,879.68,111.64
新北市,三重區,慈生里,586,358401,612,408,202,733,836.43,136.76
新北市,三重區,碧華里,3206,3783696,1180,693,299,1495,1520.07,128.80
新北市,三重區,永德里,1302,829379,637,412,218,823,727.94,114.28
新北市,三重區,永福里,1525,995916,653,420,210,791,750.75,114.96
新北市,三重區,福星里,419,331917,792,499,237,964,900.82,113.72
新北市,三重區,錦安里,519,339799,655,431,233,810,749.95,114.55
新北市,三重區,光輝里,449,328587,732,412,224,910,1219.27,166.61
新北市,三重區,同慶里,554,407999,736,473,223,898,925.93,125.73
新北市,三重區,永春里,560,379070,677,421,219,789,905.57,133.78
新北市,三重區,中民里,343,205245,598,378,205,726,738.71,123.45
新北市,三重區,長福里,486,340020,700,469,237,891,723.91,103.47
新北市,三重區,奕壽里,532,417810,785,478,248,934,1032.41,131.46
新北市,三重區,萬壽里,596,434797,730,462,251,908,773.88,106.08
新北市,三重區,中央里,502,357012,711,465,249,876,808.12,113.63
新北市,三重區,雙園里,291,180067,619,405,225,706,702.52,113.53
新北市,三重區,正安里,583,396909,681,417,208,795,867.62,127.44
新北市,三重區,吉利里,411,268758,654,428,223,809,827.76,126.59
新北市,三重區,忠孝里,513,356381,695,450,213,798,989.06,142.37
新北市,三重區,秀江里,355,245014,690,444,188,873,808.61,117.16
新北市,三重區,龍濱里,951,668721,703,439,210,815,874.15,124.31
新北市,三重區,平和里,445,252139,567,370,200,687,663.60,117.12
新北市,三重區,正德里,294,190596,648,412,201,843,757.00,116.77
新北市,三重區,五福里,1208,1109204,918,529,248,1119,1263.87,137.64
新北市,三重區,富華里,1027,815240,794,510,242,1022,933.08,117.55
新北市,三重區,田安里,1900,1428003,752,476,218,903,998.12,132.80
新北市,三重區,慈惠里,641,449282,701,442,232,867,801.85,114.40
新北市,三重區,慈福里,603,355247,589,396,200,784,627.74,106.55
新北市,三重區,永盛里,831,563483,678,431,237,784,824.88,121.65
新北市,三重區,福民里,1032,682464,661,442,213,839,746.32,112.86
新北市,三重區,田中里,1891,1409853,746,485,243,976,820.93,110.11
新北市,三重區,永清里,1553,1053798,679,445,209,801,939.69,138.48
新北市,三重區,維德里,819,543640,664,439,225,835,753.28,113.48
新北市,三重區,五華里,1654,1636077,989,518,256,1181,1389.91,140.51
新北市,三重區,永煇里,675,449398,666,432,224,762,965.43,145.01
新北市,三重區,三民里,1057,865699,819,522,239,1048,1017.04,124.18
新北市,三重區,錦田里,676,578747,856,466,225,1039,1424.79,166.42
新北市,三重區,慈祐里,1429,1042001,729,463,216,898,843.92,115.73
新北市,三重區,六福里,1634,1151033,704,461,224,876,1050.43,149.12
新北市,三重區,光陽里,2173,1883858,867,516,257,1036,1279.09,147.54
新北市,三重區,福田里,1067,707719,663,418,228,831,826.03,124.54
新北市,三重區,富福里,587,359859,613,417,202,721,721.56,117.70
新北市,三重區,仁忠里,807,489050,606,422,204,784,710.71,117.28
新北市,三重區,富貴里,2350,3067458,1305,671,302,1550,1886.81,144.55
新北市,三重區,慈愛里,942,558907,593,408,203,744,662.32,111.63
新北市,三重區,福德里,1360,1105255,813,474,217,933,1176.74,144.80
新北市,三重區,永豐里,1632,1033375,633,421,211,794,695.44,109.83
新北市,三重區,博愛里,1403,910070,649,423,217,804,741.79,114.36
新北市,三重區,永吉里,852,585971,688,457,229,832,781.37,113.61
新北市,三重區,永順里,1455,873378,600,392,201,718,721.19,120.15
新北市,三重區,永發里,1967,1549280,788,479,246,980,952.89,120.98
新北市,三重區,立德里,1025,693561,677,410,195,838,863.26,127.58
新北市,三重區,福樂里,1043,731955,702,438,220,828,1448.95,206.47
新北市,三重區,仁華里,1319,1021081,774,491,241,1002,891.67,115.18
新北市,三重區,五順里,1107,662201,598,413,211,756,618.71,103.43
新北市,泰山區,黎明里,1061,689581,650,430,219,843,726.31,111.75
新北市,泰山區,大科里,257,188461,733,493,238,989,744.02,101.46
新北市,泰山區,山腳里,2087,1461571,700,444,221,865,879.06,125.52
新北市,泰山區,楓樹里,1327,1034230,779,487,223,957,957.73,122.88
新北市,泰山區,同榮里,1284,878189,684,451,232,922,734.80,107.44
新北市,泰山區,義學里,1466,1021461,697,488,228,891,756.30,108.54
新北市,泰山區,明志里,1200,877420,731,452,234,837,1104.58,151.07
新北市,泰山區,貴子里,1336,1050569,786,508,226,1029,1110.48,141.22
新北市,泰山區,貴和里,1689,1193115,706,452,216,900,819.66,116.03
新北市,泰山區,福泰里,749,457554,611,408,208,748,658.16,107.74
新北市,泰山區,同興里,1182,1014697,858,539,262,1144,965.07,112.42
新北市,泰山區,義仁里,2858,2537298,888,567,272,1140,994.37,112.00
新北市,泰山區,泰友里,573,378495,661,455,216,836,751.41,113.75
新北市,泰山區,新明里,958,595490,622,408,223,775,655.84,105.51
新北市,泰山區,貴賢里,1269,1036869,817,492,252,989,1254.45,153.53
新北市,泰山區,福興里,1174,1030689,878,544,266,1111,1072.38,122.15
新北市,泰山區,全興里,3119,3250456,1042,690,305,1373,1257.17,120.63
新北市,新店區,張北里,3227,4013529,1244,652,297,1475,1842.83,148.17
新北市,新店區,張南里,886,1122733,1267,665,286,1505,2046.97,161.54
新北市,新店區,廣明里,293,248795,849,554,259,1172,896.55,105.59
新北市,新店區,江陵里,2076,2689975,1296,652,297,1500,2622.37,202.38
新北市,新店區,百忍里,1214,1104675,910,539,286,1098,1774.56,195.02
新北市,新店區,青潭里,1767,1306065,739,492,225,966,793.32,107.33
新北市,新店區,員潭里,1662,1159645,698,481,236,893,750.78,107.60
新北市,新店區,雙坑里,162,85617,529,366,210,606,548.03,103.70
新北市,新店區,粗坑里,930,830397,893,536,227,1091,1179.58,132.11
新北市,新店區,屈尺里,673,398438,592,415,178,740,639.94,108.09
新北市,新店區,廣興里,317,200300,632,379,202,756,794.67,125.77
新北市,新店區,龜山里,426,262527,616,425,206,761,792.29,128.56
新北市,新店區,直潭里,368,366472,996,466,254,1014,2352.14,236.19
新北市,新店區,塗潭里,209,126461,605,405,181,695,744.45,123.03
新北市,新店區,公崙里,4710,4522714,960,574,268,1206,1225.87,127.66
新北市,新店區,柴埕里,3038,2411361,794,502,237,1023,950.83,119.79
新北市,新店區,雙城里,1583,1003920,634,435,216,813,680.15,107.25
新北市,新店區,頂城里,369,237634,644,417,226,780,696.53,108.16
新北市,新店區,下城里,1082,2758313,2549,734,310,1958,15288.49,599.72
新北市,新店區,文中里,645,670430,1039,590,265,1275,1384.93,133.24
新北市,新店區,國校里,824,762886,926,549,256,1123,1241.27,134.07
新北市,新店區,新生里,2024,2268856,1121,581,270,1277,1921.51,171.41
新北市,新店區,中興里,2066,2307674,1117,584,247,1273,3869.49,346.43
新北市,新店區,新安里,1479,1549813,1048,591,268,1259,2226.62,212.49
新北市,新店區,文明里,813,795819,979,538,229,1122,1639.01,167.44
新北市,新店區,寶興里,2114,3436202,1625,700,295,1604,5778.48,355.50
新北市,新店區,寶安里,1957,1926569,984,588,264,1227,1194.52,121.34
新北市,新店區,信義里,2360,2939500,1246,583,271,1329,5249.35,421.45
新北市,新店區,忠孝里,917,835542,911,525,254,957,2083.65,228.68
新北市,新店區,大鵬里,977,1016307,1040,583,289,1192,2048.96,196.97
新北市,新店區,大豐里,1272,1158823,911,559,253,1215,1122.42,123.20
新北市,新店區,明德里,1426,1477545,1036,575,260,1200,2176.92,210.10
新北市,新店區,中山里,2454,4132575,1684,934,388,2076,2628.87,156.11
新北市,新店區,和平里,438,224610,513,348,183,665,596.37,116.30
新北市,新店區,仁愛里,741,654112,883,536,235,1118,1123.76,127.30
新北市,新店區,中正里,1992,1962188,985,579,267,1178,1388.86,141.00
新北市,新店區,美潭里,1669,1383595,829,476,231,966,1321.67,159.43
新北市,新店區,德安里,1793,1164158,649,443,223,818,791.10,121.84
新北市,新店區,太平里,1032,871721,845,491,239,1034,1073.14,127.05
新北市,新店區,中央里,2228,3342653,1500,821,337,1839,2177.09,145.11
新北市,新店區,百和里,1076,972260,904,527,235,1118,1178.51,130.43
新北市,新店區,福德里,1263,1104703,875,501,246,1014,1414.10,161.67
新北市,新店區,福民里,1482,1499332,1012,584,267,1192,2268.65,224.24
新北市,新店區,百福里,1359,1611592,1186,660,297,1371,1762.61,148.63
新北市,新店區,國豐里,1060,949725,896,570,256,1131,1102.52,123.05
新北市,新店區,新德里,917,832257,908,558,271,1050,1245.75,137.26
新北市,新店區,五峯里,2892,3526696,1219,597,274,1312,2603.12,213.46
新北市,新店區,中華里,1569,1929360,1230,597,277,1355,2343.23,190.56
新北市,新店區,忠誠里,906,874484,965,577,227,1235,1316.36,136.38
新北市,新店區,永安里,1573,1049325,667,451,234,818,757.72,113.59
新北市,新店區,新店里,573,478314,835,470,202,1029,1064.81,127.56
新北市,新店區,大同里,1408,1402723,996,580,260,1195,1715.75,172.22
新北市,新店區,玫瑰里,1838,1135492,618,436,227,796,666.02,107.81
新北市,新店區,日興里,1549,902863,583,388,199,729,753.52,129.28
新北市,新店區,寶福里,2534,3006176,1186,607,270,1356,1873.71,157.94
新北市,新店區,安和里,2623,2341953,893,525,237,1093,1279.49,143.30
新北市,新店區,明城里,1184,1120161,946,553,245,1127,1358.75,143.62
新北市,新店區,吉祥里,1531,1187430,776,490,240,928,1012.49,130.54
新北市,新店區,小城里,1215,1152243,948,548,253,1100,2189.69,230.89
新北市,新店區,香坡里,3905,3799314,973,544,253,1152,1629.88,167.52
新北市,新店區,建國里,986,936662,950,520,238,1084,1857.55,195.54
新北市,新店區,復興里,1072,838442,782,466,220,959,991.47,126.76
新北市,新店區,美城里,837,527727,630,412,218,739,839.28,133.11
新北市,新店區,安昌里,1939,1644823,848,574,251,1087,953.47,112.40
新北市,新店區,長春里,955,1793683,1878,706,296,1480,21375.55,1138.09
新北市,新店區,新和里,1335,929693,696,455,224,872,793.39,113.93
新北市,新店區,永平里,1804,1385631,768,473,237,954,1011.77,131.73
新北市,新店區,達觀里,1467,1205137,821,524,236,1048,942.95,114.78
新北市,新店區,華城里,1156,2177317,1883,859,347,2166,2973.15,157.85
新北市,石碇區,石碇里,112,63968,571,415,199,822,522.66,91.51
新北市,石碇區,潭邊里,195,123467,633,372,176,728,904.77,142.90
新北市,石碇區,烏塗里,123,78757,640,424,210,772,822.73,128.49
新北市,石碇區,豐林里,84,46620,555,387,261,621,646.06,116.41
新北市,石碇區,隆盛里,168,115351,687,402,230,783,861.08,125.41
新北市,石碇區,中民里,187,105621,565,376,236,723,544.21,96.35
新北市,石碇區,永定里,135,77178,572,387,175,633,762.24,133.33
新北市,石碇區,光明里,51,36895,723,385,246,658,1121.47,155.02
新北市,石碇區,彭山里,57,37077,650,385,278,662,1138.01,174.95
新北市,石碇區,豐田里,99,69771,705,462,231,784,808.40,114.71
新北市,石碇區,格頭里,253,142079,562,362,194,742,598.35,106.55
新北市,石碇區,永安里,213,129981,610,348,190,679,915.90,150.09
新北市,深坑區,深坑里,1071,858171,801,444,224,894,2880.69,359.51
新北市,深坑區,萬順里,822,602950,734,463,235,876,903.92,123.23
新北市,深坑區,阿柔里,160,117526,735,470,252,831,1626.14,221.38
新北市,深坑區,昇高里,612,400907,655,422,228,797,719.61,109.85
新北市,深坑區,土庫里,903,617534,684,396,212,757,942.13,137.76
新北市,深坑區,埔新里,2039,1599158,784,473,240,963,1342.15,171.13
新北市,深坑區,萬福里,831,648267,780,477,239,925,1164.42,149.26
新北市,深坑區,賴仲里,746,577237,774,492,245,964,943.65,121.95
新北市,坪林區,坪林里,391,227283,581,391,200,696,709.04,121.98
新北市,坪林區,水德里,159,96910,609,482,239,878,570.83,93.66
新北市,坪林區,大林里,279,176479,633,418,181,776,789.76,124.86
新北市,坪林區,上德里,196,111538,569,377,195,587,824.56,144.90
新北市,坪林區,漁光里,158,94206,596,412,212,721,663.64,111.30
新北市,坪林區,石𥕢里,95,61905,652,348,204,609,1077.56,165.36
新北市,坪林區,粗窟里,193,122812,636,445,215,653,1038.16,163.15
新北市,烏來區,烏來里,651,473747,728,469,228,858,926.87,127.37
新北市,烏來區,忠治里,401,235136,586,416,219,765,627.66,107.04
新北市,烏來區,孝義里,58,41397,714,605,316,1018,564.74,79.12
新北市,烏來區,信賢里,115,74730,650,455,268,872,638.36,98.23
新北市,烏來區,福山里,125,69911,559,429,268,679,527.06,94.24
新北市,板橋區,留侯里,459,351454,766,471,231,1006,834.46,108.98
新北市,板橋區,流芳里,494,488282,988,552,248,1163,1465.63,148.28
新北市,板橋區,赤松里,393,396013,1008,675,299,1392,1041.26,103.33
新北市,板橋區,黃石里,384,437986,1141,576,280,1340,1672.19,146.61
新北市,板橋區,挹秀里,679,860523,1267,708,307,1491,1655.62,130.64
新北市,板橋區,社後里,2000,1615538,808,480,230,977,1168.66,144.68
新北市,板橋區,新埔里,673,589632,876,506,248,1080,1159.15,132.30
新北市,板橋區,江翠里,1643,1559858,949,549,255,1121,1495.88,157.56
新北市,板橋區,松翠里,1053,899978,855,528,263,1049,1010.60,118.24
新北市,板橋區,嵐翠里,655,463466,708,466,241,867,978.00,138.22
新北市,板橋區,深丘里,3028,4636660,1531,785,337,1751,2731.58,178.39
新北市,板橋區,埔墘里,2099,1820090,867,510,246,1045,1590.08,183.37
新北市,板橋區,港嘴里,1899,1543158,813,490,243,978,1052.64,129.54
新北市,板橋區,湳興里,1582,1278953,808,539,244,1057,919.11,113.69
新北市,板橋區,鄉雲里,1318,1237022,939,577,280,1119,1263.81,134.65
新北市,板橋區,景星里,1209,1973438,1632,527,262,1097,25818.43,1581.73
新北市,板橋區,廣福里,1214,911350,751,477,232,914,935.07,124.56
新北市,板橋區,溪洲里,1758,1236750,703,453,231,831,854.30,121.44
新北市,板橋區,崑崙里,2988,2230203,746,479,246,951,922.16,123.55
新北市,板橋區,浮洲里,999,676820,677,425,224,838,820.38,121.09
新北市,板橋區,中正里,2498,2399698,961,650,325,1256,1047.20,109.01
新北市,板橋區,中山里,2232,1694286,759,504,253,990,856.03,112.77
新北市,板橋區,復興里,198,118856,600,437,226,743,592.55,98.71
新北市,板橋區,自強里,1802,1629079,904,588,269,1115,1075.87,119.01
新北市,板橋區,國光里,1253,1220775,974,586,267,1249,1184.95,121.62
新北市,板橋區,新興里,997,750886,753,494,235,965,877.63,116.53
新北市,板橋區,福德里,1577,1407317,892,536,240,1124,1200.01,134.47
新北市,板橋區,和平里,1483,1927720,1300,847,346,1692,1768.59,136.06
新北市,板橋區,仁愛里,910,628838,691,450,220,877,753.66,109.06
新北市,板橋區,福星里,1160,1198415,1033,608,283,1277,1306.95,126.51
新北市,板橋區,公舘里,1148,896218,781,489,233,978,969.97,124.25
新北市,板橋區,新民里,1314,1248825,950,574,268,1191,1273.05,133.95
新北市,板橋區,振興里,1291,924028,716,473,223,884,858.95,120.01
新北市,板橋區,光復里,1048,877102,837,522,227,1035,1118.49,133.64
新北市,板橋區,香丘里,1123,949832,846,505,252,1101,956.88,113.13
新北市,板橋區,雙玉里,1158,991985,857,488,232,1073,1076.81,125.70
新北市,板橋區,福壽里,1043,1074962,1031,568,294,1125,1632.95,158.44
新北市,板橋區,玉光里,1694,1471477,869,519,261,1067,1074.67,123.72
新北市,板橋區,港尾里,1001,901821,901,573,273,1200,1024.99,113.77
新北市,板橋區,民權里,857,679736,793,512,250,1015,944.41,119.07
新北市,板橋區,建國里,1003,672527,671,443,216,818,735.48,109.69
新北市,板橋區,百壽里,845,852768,1009,599,282,1286,1300.11,128.83
新北市,板橋區,忠誠里,1360,1399665,1029,630,290,1255,1309.81,127.27
新北市,板橋區,幸福里,1173,850261,725,475,201,901,828.08,114.24
新北市,板橋區,漢生里,1419,1360227,959,597,274,1208,1168.58,121.91
新北市,板橋區,聯翠里,1293,1441049,1115,686,319,1373,1281.66,115.00
新北市,板橋區,宏翠里,1886,1731693,918,589,279,1176,1057.16,115.14
新北市,板橋區,華翠里,1109,984171,887,555,260,1123,1044.56,117.71
新北市,板橋區,福翠里,366,215705,589,448,216,754,560.59,95.12
新北市,板橋區,九如里,807,609904,756,450,241,888,950.27,125.74
新北市,板橋區,埤墘里,1332,1256152,943,578,280,1165,1132.35,120.07
新北市,板橋區,廣新里,902,625432,693,463,229,862,854.34,123.21
新北市,板橋區,福丘里,1930,3420242,1772,953,403,2187,2623.23,148.03
新北市,板橋區,廣德里,2259,2118102,938,559,264,1135,1354.59,144.47
新北市,板橋區,福祿里,1271,1162828,915,560,256,1187,1062.78,116.16
新北市,板橋區,華興里,1345,1170917,871,554,267,1069,1047.48,120.32
新北市,板橋區,聚安里,1398,980215,701,450,227,795,888.95,126.78
新北市,板橋區,龍翠里,1636,1695881,1037,575,281,1192,1501.67,144.86
新北市,板橋區,柏翠里,1795,2032663,1132,655,301,1349,2055.62,181.53
新北市,板橋區,文翠里,1245,1066819,857,508,259,1000,1207.76,140.95
新北市,板橋區,青翠里,814,564745,694,462,240,856,774.63,111.65
新北市,板橋區,香社里,1451,1106830,763,523,254,999,821.96,107.75
新北市,板橋區,大安里,1056,731869,693,441,216,802,1073.53,154.90
新北市,板橋區,東丘里,1288,1137733,883,516,261,1057,1203.64,136.26
新北市,板橋區,華德里,2302,2029604,882,549,264,1094,1179.14,133.74
新北市,板橋區,國泰里,1116,1039065,931,549,236,1195,1231.05,132.22
新北市,板橋區,光華里,900,743487,826,518,244,1011,958.43,116.02
新北市,板橋區,自立里,798,551545,691,491,238,909,730.08,105.63
新北市,板橋區,重慶里,2756,2079355,754,481,236,981,876.79,116.21
新北市,板橋區,港德里,1304,978199,750,481,236,963,821.23,109.48
新北市,板橋區,忠翠里,3844,5412417,1408,770,322,1725,1925.60,136.76
新北市,板橋區,明翠里,1373,1084242,790,491,227,980,1001.59,126.83
新北市,板橋區,滿翠里,799,468232,586,406,213,746,611.62,104.37
新北市,板橋區,新翠里,2698,2436751,903,553,260,1140,1112.87,123.22
新北市,板橋區,溪頭里,3108,3832693,1233,750,325,1524,1815.93,147.26
新北市,板橋區,華江里,2493,3240469,1300,737,338,1589,1825.74,140.46
新北市,板橋區,海山里,2434,2647982,1088,624,277,1284,1514.56,139.22
新北市,板橋區,大豐里,1378,1053122,764,479,228,939,929.04,121.56
新北市,板橋區,吉翠里,1017,675929,665,429,222,803,953.20,143.42
新北市,板橋區,民族里,1569,1783997,1137,660,314,1437,1395.90,122.77
新北市,板橋區,信義里,1301,1027986,790,475,236,981,985.04,124.66
新北市,板橋區,純翠里,1813,1485613,819,537,254,1026,973.55,118.81
新北市,板橋區,長壽里,882,733923,832,504,243,992,1472.52,176.96
新北市,板橋區,振義里,1182,856532,725,491,250,928,764.85,105.55
新北市,板橋區,西安里,831,785350,945,554,267,1140,1361.01,144.01
新北市,板橋區,光仁里,838,663575,792,497,248,971,995.48,125.71
新北市,板橋區,介壽里,920,811078,882,525,257,1148,992.54,112.58
新北市,板橋區,仁翠里,778,480657,618,439,227,778,631.33,102.19
新北市,板橋區,永安里,1047,976780,933,544,250,1111,1171.00,125.52
新北市,板橋區,懷翠里,1771,1403784,793,462,231,957,1105.53,139.47
新北市,板橋區,長安里,1408,1372600,975,573,275,1251,1399.01,143.51
新北市,板橋區,德翠里,2306,1940727,842,522,263,1055,1045.22,124.19
新北市,板橋區,溪北里,1054,746544,708,465,231,891,812.24,114.67
新北市,板橋區,華中里,1395,815349,584,415,214,721,632.81,108.27
新北市,板橋區,僑中里,1258,888226,706,441,235,849,853.71,120.91
新北市,板橋區,金華里,1136,735662,648,430,232,795,769.60,118.84
新北市,板橋區,華貴里,768,516884,673,440,221,893,713.22,105.97
新北市,板橋區,華東里,2999,3984088,1328,750,323,1661,1750.61,131.78
新北市,板橋區,福安里,2578,2127646,825,570,270,1089,905.45,109.71
新北市,板橋區,龍安里,743,439903,592,402,209,745,675.25,114.05
新北市,板橋區,香雅里,902,713372,791,531,248,1049,857.27,108.39
新北市,板橋區,光榮里,747,543357,727,471,214,1000,785.96,108.05
新北市,板橋區,新生里,1267,914626,722,494,249,913,749.75,103.86
新北市,板橋區,民安里,640,539942,844,497,246,1027,1138.88,134.99
新北市,板橋區,後埔里,1275,1405932,1103,596,262,1262,3128.29,283.70
新北市,板橋區,五權里,1159,829031,715,474,253,863,872.43,121.97
新北市,板橋區,華福里,598,456245,763,499,245,949,884.66,115.95
新北市,板橋區,大觀里,1057,653654,618,407,219,739,806.43,130.40
新北市,板橋區,歡園里,313,182799,584,437,231,707,598.07,102.41
新北市,板橋區,成和里,2208,1847408,837,574,272,1087,869.53,103.93
新北市,板橋區,溪福里,4417,3474075,787,489,244,994,988.14,125.63
新北市,板橋區,堂春里,1277,870973,682,459,228,844,732.93,107.46
新北市,板橋區,文德里,1064,943631,887,537,248,1117,1081.68,121.97
新北市,板橋區,陽明里,853,741820,870,491,229,934,1928.32,221.73
新北市,板橋區,文化里,1080,1185101,1097,525,238,1183,1766.58,160.99
新北市,板橋區,朝陽里,895,581480,650,447,217,822,663.50,102.12
新北市,板橋區,新海里,963,604380,628,433,215,784,790.52,125.96
新北市,板橋區,松柏里,681,592976,871,520,247,1068,1092.35,125.45
新北市,板橋區,莒光里,856,775349,906,548,244,1127,1101.57,121.62
新北市,板橋區,文聖里,1210,988663,817,518,245,988,965.86,118.21
新北市,板橋區,富貴里,801,825479,1031,536,269,1136,1836.34,178.19
新北市,板橋區,居仁里,1294,1242924,961,544,263,1214,1311.30,136.52
新北市,板橋區,正泰里,925,747184,808,493,250,974,992.06,122.82
新北市,板橋區,莊敬里,1435,1637547,1141,676,313,1459,1778.74,155.87
新北市,板橋區,民生里,723,724375,1002,562,285,1128,2327.07,232.27
新北市,板橋區,東安里,658,492489,748,475,226,994,854.04,114.11
新北市,三峽區,三峽里,74,40665,550,387,216,650,640.22,116.50
新北市,三峽區,秀川里,170,106311,625,389,162,818,735.56,117.62
新北市,三峽區,八張里,1107,710110,641,424,210,792,868.07,135.32
新北市,三峽區,中埔里,1023,675274,660,462,213,833,724.10,109.70
新北市,三峽區,礁溪里,1823,1178883,647,447,222,842,674.53,104.31
新北市,三峽區,永舘里,2186,1574940,720,458,229,892,899.59,124.86
新北市,三峽區,鳶山里,2945,2121466,720,463,226,859,929.72,129.06
新北市,三峽區,龍埔里,2997,2161522,721,481,230,926,929.47,128.87
新北市,三峽區,弘道里,259,152923,590,384,217,641,840.78,142.40
新北市,三峽區,大埔里,1143,728343,637,450,230,821,646.58,101.47
新北市,三峽區,嘉添里,516,332114,644,356,207,732,1031.40,160.25
新北市,三峽區,添福里,252,181745,721,471,242,902,942.64,130.70
新北市,三峽區,溪南里,370,221189,598,402,201,665,717.46,120.01
新北市,三峽區,溪北里,581,321568,553,375,185,641,723.95,130.80
新北市,三峽區,溪東里,791,444615,562,387,213,687,789.90,140.53
新北市,三峽區,成福里,238,129770,545,368,193,601,819.68,150.33
新北市,三峽區,安坑里,290,153150,528,393,205,646,514.47,97.42
新北市,三峽區,竹崙里,419,235982,563,373,177,650,738.11,131.05
新北市,三峽區,金圳里,91,52529,577,387,227,664,592.69,102.68
新北市,三峽區,五寮里,141,78778,559,373,195,627,666.53,119.30
新北市,三峽區,插角里,105,87721,835,438,175,779,1339.48,160.33
新北市,三峽區,有木里,85,59973,706,410,160,769,1063.26,150.70
新北市,三峽區,安溪里,2155,1367995,635,430,215,766,990.46,156.03
新北市,三峽區,中正里,1393,768227,551,399,204,707,565.40,102.52
新北市,三峽區,介壽里,1818,1006558,554,397,203,689,588.55,106.30
新北市,三峽區,二鬮里,985,574599,583,389,188,719,732.89,125.64
新北市,三峽區,龍恩里,2426,2772690,1143,689,293,1488,1458.04,127.57
新北市,三峽區,龍學里,5307,6499489,1225,789,335,1582,1476.96,120.60
新北市,鶯歌區,東鶯里,324,282728,873,427,210,1008,1315.56,150.76
新北市,鶯歌區,西鶯里,685,441692,645,432,209,786,711.48,110.34
新北市,鶯歌區,南鶯里,1680,1208489,719,455,225,855,1004.99,139.71
新北市,鶯歌區,北鶯里,1267,1136767,897,535,252,1132,1171.14,130.53
新北市,鶯歌區,中鶯里,283,198356,701,451,236,926,728.19,103.89
新北市,鶯歌區,建德里,139,74209,534,371,211,621,535.68,100.34
新北市,鶯歌區,同慶里,464,324815,700,409,194,867,1111.01,158.71
新北市,鶯歌區,南靖里,965,607843,630,414,214,758,759.53,120.58
新北市,鶯歌區,尖山里,2881,1940472,674,468,242,855,736.64,109.37
新北市,鶯歌區,二橋里,2515,1536118,611,423,228,752,672.96,110.18
新北市,鶯歌區,二甲里,219,124978,571,398,213,681,692.36,121.32
新北市,鶯歌區,東湖里,64,53389,834,481,225,890,1331.87,159.66
新北市,鶯歌區,中湖里,1628,956181,587,409,215,714,727.79,123.91
新北市,鶯歌區,鳳鳴里,2269,1661945,732,507,257,945,787.03,107.45
新北市,鶯歌區,永昌里,2471,1567214,634,417,217,785,756.87,119.33
新北市,鶯歌區,永吉里,1437,859898,598,404,224,745,658.28,110.01
新北市,鶯歌區,鳳福里,1532,1014456,662,476,241,844,708.05,106.93
新北市,鶯歌區,大湖里,1426,855836,600,403,218,745,688.69,114.75
新北市,鶯歌區,建國里,2174,1482976,682,438,215,832,1041.67,152.71
新北市,鶯歌區,鳳祥里,1231,765453,622,409,210,742,718.20,115.50
新北市,樹林區,樹東里,367,277909,757,445,221,847,959.41,126.70
新北市,樹林區,彭厝里,1524,851064,558,390,213,702,559.97,100.27
新北市,樹林區,樹西里,1655,1356146,819,507,238,1073,944.57,115.27
新北市,樹林區,坡內里,479,273788,572,365,189,642,747.75,130.82
新北市,樹林區,樹北里,290,241225,832,556,272,971,953.35,114.61
新北市,樹林區,潭底里,1229,827299,673,428,219,851,808.33,120.08
新北市,樹林區,獇寮里,1471,820756,558,387,204,711,634.06,113.64
新北市,樹林區,三多里,1214,712127,587,398,204,715,664.77,113.33
新北市,樹林區,東山里,961,588749,613,409,204,751,773.11,126.19
新北市,樹林區,樂山里,580,400389,690,418,228,801,1083.20,156.91
新北市,樹林區,東園里,448,287414,642,426,204,767,761.24,118.66
新北市,樹林區,西園里,500,286050,572,387,200,682,651.14,113.81
新北市,樹林區,南園里,5223,6350537,1216,742,316,1583,1606.22,132.10
新北市,樹林區,北園里,632,355381,562,383,191,712,674.98,120.04
新北市,樹林區,柑園里,3406,4357423,1279,769,315,1696,1707.57,133.47
新北市,樹林區,樹南里,1327,935595,705,460,228,898,783.30,111.10
新北市,樹林區,樹德里,1091,868766,796,479,246,899,2141.97,268.99
新北市,樹林區,樹人里,963,745698,774,452,225,898,1083.88,139.97
新北市,樹林區,保安里,1868,1296476,694,454,225,854,914.26,131.73
新北市,樹林區,三福里,1098,669319,610,411,202,738,735.04,120.58
新北市,樹林區,三興里,1164,620905,533,390,198,660,613.11,114.94
新北市,樹林區,大同里,1186,813364,686,453,218,860,821.17,119.74
新北市,樹林區,彭福里,1685,1225523,727,473,238,907,889.47,122.29
新北市,樹林區,東陽里,1857,1171151,631,421,213,788,762.73,120.94
新北市,樹林區,東昇里,1658,1170516,706,457,233,892,823.43,116.64
新北市,樹林區,和平里,1155,724921,628,423,227,723,920.06,146.59
新北市,樹林區,圳福里,1279,792963,620,421,226,771,658.56,106.22
新北市,樹林區,圳安里,1171,680153,581,404,200,744,651.87,112.23
新北市,樹林區,樹興里,1093,760046,695,459,230,883,763.66,109.82
新北市,樹林區,彭興里,1681,907463,540,372,201,691,564.61,104.59
新北市,樹林區,文林里,1528,1057544,692,447,240,847,830.65,120.02
新北市,樹林區,光興里,1196,671305,561,398,213,714,652.46,116.24
新北市,樹林區,金寮里,1293,836404,647,442,222,785,741.24,114.59
新北市,樹林區,中山里,1601,1077384,673,428,224,860,746.73,110.96
新北市,樹林區,山佳里,1743,1084705,622,431,225,781,655.14,105.27
新北市,樹林區,育英里,1068,874165,819,488,252,943,1090.98,133.29
新北市,樹林區,樹福里,1211,1272498,1051,589,272,1309,1406.42,133.85
新北市,樹林區,中華里,1082,701151,648,427,237,826,669.14,103.26
新北市,樹林區,太順里,802,428721,535,383,191,666,545.97,102.13
新北市,樹林區,圳民里,872,558310,640,425,217,769,1398.74,218.46
新北市,樹林區,圳生里,540,307475,569,410,201,738,577.39,101.40
新北市,樹林區,三龍里,749,502384,671,393,197,813,891.09,132.85
新北市,中和區,中原里,3548,4851319,1367,742,331,1619,2829.65,206.95
新北市,中和區,平河里,3063,2563676,837,514,253,1062,969.29,115.81
新北市,中和區,力行里,2104,1913228,909,583,261,1206,1033.92,113.70
新北市,中和區,枋寮里,1204,1022484,849,516,248,1052,1027.44,120.98
新北市,中和區,廟美里,1399,1061717,759,476,237,915,985.12,129.81
新北市,中和區,瓦磘里,1779,1584293,891,544,264,1105,1063.28,119.40
新北市,中和區,積穗里,2752,2498097,908,540,251,1105,1266.43,139.52
新北市,中和區,瑞穗里,771,660786,857,531,235,1088,1039.24,121.26
新北市,中和區,灰磘里,195,147258,755,450,196,934,1278.97,169.36
新北市,中和區,錦和里,1712,1400136,818,484,246,976,1045.43,127.83
新北市,中和區,內南里,1404,930040,662,427,227,811,786.39,118.71
新北市,中和區,外南里,1426,1067982,749,447,223,910,935.15,124.86
新北市,中和區,頂南里,893,663577,743,485,252,917,829.15,111.58
新北市,中和區,橫路里,85,43345,510,340,123,683,612.33,120.08
新北市,中和區,連和里,947,893151,943,594,283,1221,1178.25,124.93
新北市,中和區,漳和里,1319,1322522,1003,589,286,1141,1581.05,157.68
新北市,中和區,秀山里,1409,1124354,798,497,242,985,996.18,124.84
新北市,中和區,員山里,2123,1998402,941,546,270,1170,1555.03,165.20
新北市,中和區,安樂里,1285,1354286,1054,634,281,1361,1394.07,132.27
新北市,中和區,壽德里,1373,1135752,827,528,229,1105,952.43,115.14
新北市,中和區,新南里,2910,2935607,1009,629,270,1304,1170.60,116.04
新北市,中和區,崇南里,1527,1310951,859,549,261,1105,977.32,113.84
新北市,中和區,東南里,1296,1089887,841,451,213,935,2069.33,246.07
新北市,中和區,秀明里,1702,1463876,860,534,240,1036,1129.87,131.37
新北市,中和區,安平里,2200,2619924,1191,666,295,1466,1645.43,138.17
新北市,中和區,景平里,2047,1891503,924,556,266,1150,1341.74,145.20
新北市,中和區,嘉穗里,893,659667,739,445,229,963,859.94,116.41
新北市,中和區,景安里,1636,1508682,922,549,250,1175,1223.81,132.71
新北市,中和區,連城里,2168,1910856,881,525,254,1061,1159.58,131.56
新北市,中和區,福美里,1249,850236,681,456,245,855,746.68,109.69
新北市,中和區,安和里,1073,1080065,1007,588,252,1220,1296.20,128.77
新北市,中和區,中安里,1656,1806924,1091,647,275,1363,1565.55,143.48
新北市,中和區,泰安里,1081,824895,763,465,209,931,968.61,126.93
新北市,中和區,華南里,1552,1554202,1001,561,273,1142,1382.52,138.06
新北市,中和區,秀峰里,1681,1266759,754,462,228,940,1183.23,157.02
新北市,中和區,秀水里,1139,763892,671,468,217,863,745.52,111.16
新北市,中和區,景南里,962,737816,767,462,233,980,934.21,121.81
新北市,中和區,復興里,1505,1165016,774,446,224,925,1301.56,168.14
新北市,中和區,和興里,1444,1364696,945,530,237,1111,1460.51,154.54
新北市,中和區,南山里,1835,1917335,1045,598,272,1278,1557.13,149.03
新北市,中和區,景新里,1091,825611,757,472,238,929,882.98,116.68
新北市,中和區,景福里,2007,1956862,975,581,258,1150,1430.23,146.69
新北市,中和區,清穗里,920,670902,729,472,224,880,909.45,124.71
新北市,中和區,佳和里,1579,1386156,878,535,253,1021,1283.96,146.26
新北市,中和區,德穗里,1408,1151664,818,482,232,987,1022.14,124.96
新北市,中和區,嘉新里,1196,795531,665,462,220,863,763.57,114.80
新北市,中和區,建和里,1046,764754,731,448,217,943,925.35,126.57
新北市,中和區,仁和里,1128,753568,668,445,227,832,725.08,108.54
新北市,中和區,秀景里,2102,1904928,906,538,255,1128,1130.24,124.72
新北市,中和區,中正里,1111,730482,657,436,220,826,735.28,111.83
新北市,中和區,福善里,1432,1089612,761,500,240,921,953.74,125.34
新北市,中和區,福真里,1241,933643,752,490,236,938,959.98,127.60
新北市,中和區,秀仁里,1045,1034957,990,611,279,1236,1263.28,127.55
新北市,中和區,忠孝里,1324,889432,672,438,229,851,782.05,116.41
新北市,中和區,民享里,702,473944,675,447,243,814,794.93,117.74
新北市,中和區,民生里,1281,1077853,841,539,261,1035,986.96,117.30
新北市,中和區,國光里,1208,898822,744,498,246,975,798.14,107.27
新北市,中和區,福和里,1124,823379,733,462,223,907,914.64,124.86
新北市,中和區,秀成里,1136,944424,831,485,261,1008,1181.53,142.12
新北市,中和區,秀福里,1632,1437577,881,560,261,1087,1135.99,128.96
新北市,中和區,華新里,2519,1980465,786,531,267,1008,834.70,106.17
新北市,中和區,壽南里,774,602086,778,502,249,972,1088.65,139.95
新北市,中和區,文元里,1524,994134,652,451,223,832,687.23,105.35
新北市,中和區,明德里,1100,721453,656,447,229,836,748.73,114.16
新北市,中和區,信和里,1143,756061,661,452,226,827,734.69,111.07
新北市,中和區,福祥里,1536,1208214,787,469,222,948,1096.13,139.35
新北市,中和區,景文里,1425,1631003,1145,594,291,1328,1995.12,174.31
新北市,中和區,錦昌里,745,819029,1099,623,282,1328,1443.32,131.29
新北市,中和區,民安里,1582,1199523,758,483,242,1004,844.54,111.38
新北市,中和區,安穗里,1440,1152284,800,509,239,1026,933.31,116.64
新北市,中和區,明穗里,1396,1140608,817,526,252,1018,981.89,120.17
新北市,中和區,自強里,1493,1037385,695,462,220,912,730.83,105.18
新北市,中和區,正行里,1001,874056,873,571,271,1059,1025.57,117.45
新北市,中和區,德行里,2396,2637535,1101,700,329,1405,1362.91,123.81
新北市,中和區,安順里,1503,1380664,919,543,260,1108,1284.90,139.88
新北市,中和區,宜安里,642,608711,948,584,268,1268,1100.44,116.06
新北市,中和區,秀義里,862,761857,884,530,271,1072,1228.52,139.00
新北市,中和區,秀士里,751,634788,845,516,233,1045,1298.89,153.67
新北市,中和區,興南里,868,637608,735,456,236,891,917.79,124.94
新北市,中和區,景本里,596,434750,729,476,213,841,956.05,131.06
新北市,中和區,中興里,2379,2326328,978,600,286,1252,1132.32,115.80
新北市,中和區,吉興里,1048,1050741,1003,615,272,1301,1222.26,121.91
新北市,中和區,福南里,1253,905771,723,452,221,846,940.26,130.07
新北市,中和區,正南里,915,592126,647,439,211,812,725.56,112.12
新北市,中和區,錦盛里,1129,692594,613,424,223,781,639.84,104.30
新北市,中和區,中山里,812,622575,767,505,250,887,977.62,127.51
新北市,中和區,冠穗里,1038,804460,775,495,246,953,989.51,127.68
新北市,中和區,嘉慶里,1172,810235,691,461,225,853,785.33,113.60
新北市,中和區,錦中里,1217,939093,772,498,249,963,902.58,116.97
新北市,中和區,員富里,1155,938170,812,478,238,944,1093.11,134.58
新北市,中和區,民有里,791,546597,691,473,233,849,778.94,112.72
新北市,中和區,碧河里,1867,2008344,1076,616,265,1333,1379.91,128.28
新北市,中和區,國華里,1025,764837,746,482,247,939,838.74,112.40
新北市,土城區,埤塘里,1109,721250,650,421,219,816,682.33,104.92
新北市,土城區,土城里,599,441337,737,408,211,824,1230.00,166.94
新北市,土城區,員林里,3064,3257507,1063,675,308,1342,1273.15,119.75
新北市,土城區,貨饒里,1605,1473491,918,538,272,1088,1465.84,159.67
新北市,土城區,柑林里,1398,1361748,974,646,284,1230,2142.68,219.97
新北市,土城區,埤林里,2831,2457571,868,520,256,1067,1078.14,124.20
新北市,土城區,峯廷里,2019,1167779,578,411,217,739,626.66,108.35
新北市,土城區,廷寮里,1388,936660,675,448,233,845,803.49,119.07
新北市,土城區,清水里,2381,1535614,645,434,224,835,740.25,114.78
新北市,土城區,清化里,432,271393,628,411,203,786,746.82,118.88
新北市,土城區,大安里,1517,1005200,663,411,216,803,882.49,133.18
新北市,土城區,永寧里,2549,1793377,704,448,226,887,795.00,113.00
新北市,土城區,祖田里,441,238628,541,395,194,682,609.27,112.60
新北市,土城區,頂埔里,1523,1097746,721,455,231,891,917.47,127.29
新北市,土城區,沛陂里,1587,1114352,702,460,224,852,888.20,126.49
新北市,土城區,頂新里,1035,1002403,969,653,302,1298,976.24,100.80
新北市,土城區,長風里,691,573746,830,492,248,1029,1009.83,121.62
新北市,土城區,頂福里,1495,977345,654,439,232,813,734.56,112.36
新北市,土城區,員仁里,1754,1067711,609,408,208,778,652.44,107.18
新北市,土城區,日新里,1357,904746,667,432,214,837,808.33,121.24
新北市,土城區,瑞興里,869,617664,711,479,242,852,834.31,117.38
新北市,土城區,清溪里,2036,1503915,739,466,240,923,849.14,114.96
新北市,土城區,清和里,1841,1095097,595,408,220,737,685.14,115.18
新北市,土城區,永豐里,1363,1119144,821,496,251,1062,931.96,113.50
新北市,土城區,日和里,2475,2297735,928,533,255,1131,1225.66,132.02
新北市,土城區,平和里,2116,1355663,641,411,217,763,1186.60,185.21
新北市,土城區,樂利里,1566,1081894,691,473,238,865,769.27,111.35
新北市,土城區,廣福里,1827,1366683,748,490,239,938,960.40,128.39
新北市,土城區,學府里,1070,770141,720,463,245,885,801.23,111.32
新北市,土城區,延壽里,1269,756806,596,404,204,776,628.77,105.43
新北市,土城區,安和里,1522,965856,635,428,227,788,724.62,114.19
新北市,土城區,青雲里,1192,951008,798,517,259,1041,940.35,117.86
新北市,土城區,員福里,1688,1091416,647,429,219,796,797.59,123.36
新北市,土城區,延吉里,1095,618620,565,396,203,722,629.56,111.44
新北市,土城區,復興里,1403,1050847,749,465,235,921,883.56,117.97
新北市,土城區,裕生里,1689,1302849,771,466,230,951,1164.78,151.00
新北市,土城區,員信里,1351,919326,680,440,234,829,846.62,124.42
新北市,土城區,延和里,2124,1525241,718,469,226,891,820.39,114.24
新北市,土城區,學成里,1067,754405,707,455,239,926,768.94,108.76
新北市,土城區,永富里,1654,1053526,637,429,215,802,724.15,113.69
新北市,土城區,中正里,1082,806056,745,467,213,955,872.51,117.12
新北市,土城區,學士里,1651,1492731,904,541,263,1216,1014.66,112.22
新北市,土城區,明德里,2333,2433862,1043,662,275,1349,1656.42,158.78
新北市,土城區,廣興里,1171,888440,759,513,244,941,921.91,121.51
新北市,土城區,青山里,801,508193,634,426,217,804,677.44,106.78
新北市,土城區,金城里,2000,1434400,717,467,227,943,792.82,110.54
新北市,土城區,延祿里,1149,702789,612,425,215,776,683.38,111.73
新北市,瑞芳區,龍潭里,233,165397,710,470,228,861,948.10,133.56
新北市,瑞芳區,龍鎮里,349,202161,579,429,212,722,541.29,93.45
新北市,瑞芳區,龍山里,392,211264,539,379,188,638,594.12,110.24
新北市,瑞芳區,龍川里,499,295123,591,364,185,738,711.62,120.32
新北市,瑞芳區,龍安里,163,95838,588,391,193,730,695.41,118.28
新北市,瑞芳區,柑坪里,287,152465,531,377,186,632,686.87,129.30
新北市,瑞芳區,爪峯里,1107,573014,518,377,193,654,537.70,103.88
新北市,瑞芳區,基山里,90,45740,508,307,137,636,579.64,114.05
新北市,瑞芳區,永慶里,85,48704,573,377,192,698,652.62,113.90
新北市,瑞芳區,崇文里,68,27067,398,317,119,597,355.38,89.28
新北市,瑞芳區,福住里,24,30348,1265,560,267,1051,2006.71,158.70
新北市,瑞芳區,頌德里,75,35736,476,386,223,668,405.08,85.02
新北市,瑞芳區,瓜山里,44,31536,717,477,229,1050,678.59,94.68
新北市,瑞芳區,石山里,71,50356,709,438,216,951,763.07,107.59
新北市,瑞芳區,新山里,77,39514,513,388,237,682,511.19,99.61
新北市,瑞芳區,銅山里,34,18984,558,270,141,577,758.97,135.93
新北市,瑞芳區,龍興里,609,417105,685,430,195,829,889.37,129.85
新北市,瑞芳區,濓洞里,117,65498,560,363,144,686,599.67,107.12
新北市,瑞芳區,吉慶里,527,273144,518,372,191,677,625.47,120.68
新北市,瑞芳區,傑魚里,539,272470,506,373,177,635,672.80,133.09
新北市,瑞芳區,上天里,349,165817,475,358,209,561,504.91,106.27
新北市,瑞芳區,猴硐里,81,43141,533,374,194,663,525.11,98.59
新北市,瑞芳區,光復里,51,23284,457,268,152,524,491.38,107.63
新北市,瑞芳區,弓橋里,77,41952,545,250,178,721,646.28,118.62
新北市,瑞芳區,碩仁里,27,17571,651,309,193,705,814.09,125.09
新北市,瑞芳區,海濱里,271,151595,559,364,191,700,604.17,108.00
新北市,瑞芳區,深澳里,255,133188,522,377,174,664,641.51,122.82
新北市,瑞芳區,鼻頭里,150,86617,577,320,171,667,852.65,147.66
新北市,瑞芳區,南雅里,57,22138,388,315,81,600,354.55,91.29
新北市,瑞芳區,吉安里,845,454997,538,378,200,681,571.18,106.08
新北市,瑞芳區,濓新里,57,21468,377,247,122,499,374.48,99.43
新北市,瑞芳區,瑞濱里,456,232265,509,376,184,647,501.66,98.49
新北市,瑞芳區,東和里,430,211599,492,336,184,629,536.84,109.09
新北市,瑞芳區,新峰里,999,557306,558,409,217,694,553.39,99.20
新北市,平溪區,薯榔里,82,37178,453,348,194,505,437.73,96.55
新北市,平溪區,白石里,55,24418,444,349,190,535,436.64,98.35
新北市,平溪區,菁桐里,58,25862,446,345,243,579,346.60,77.73
新北市,平溪區,平溪里,54,25546,473,336,158,511,501.32,105.97
新北市,平溪區,石底里,95,63405,667,384,204,680,866.59,129.84
新北市,平溪區,嶺腳里,134,65034,485,353,178,655,456.12,93.98
新北市,平溪區,東勢里,64,43592,681,329,135,711,1259.71,184.95
新北市,平溪區,平湖里,29,16623,573,421,254,650,639.12,111.50
新北市,平溪區,南山里,71,38218,538,393,208,655,569.19,105.74
新北市,平溪區,新寮里,23,12710,553,366,217,598,642.25,116.22
新北市,平溪區,十分里,152,96320,634,365,232,645,1081.10,170.61
新北市,平溪區,望古里,32,18115,566,494,263,859,416.00,73.48
新北市,雙溪區,雙溪里,103,50874,494,346,213,666,433.33,87.73
新北市,雙溪區,共和里,88,39909,454,379,151,630,444.94,98.11
新北市,雙溪區,新基里,155,97243,627,400,207,711,867.89,138.34
新北市,雙溪區,魚行里,157,84549,539,387,189,695,539.34,100.15
新北市,雙溪區,三港里,74,54766,740,516,222,968,754.36,101.93
新北市,雙溪區,牡丹里,325,165774,510,372,192,662,554.19,108.65
新北市,雙溪區,三貂里,76,38737,510,339,155,601,603.34,118.37
新北市,雙溪區,平林里,228,133212,584,438,199,705,589.28,100.86
新北市,雙溪區,上林里,130,74158,570,423,258,793,468.69,82.16
新北市,雙溪區,外柑里,82,42634,520,364,186,716,521.24,100.25
新北市,雙溪區,長源里,71,44492,627,401,204,728,908.56,144.99
新北市,雙溪區,泰平里,330,228134,691,459,222,836,1122.80,162.41
新北市,貢寮區,貢寮里,171,88554,518,400,248,701,398.42,76.94
新北市,貢寮區,雙玉里,140,101137,722,433,245,826,888.23,122.95
新北市,貢寮區,龍崗里,95,46902,494,373,212,586,614.92,124.55
新北市,貢寮區,吉林里,110,56935,518,369,197,661,495.41,95.72
新北市,貢寮區,龍門里,129,74080,574,401,210,682,572.43,99.68
新北市,貢寮區,福隆里,351,196670,560,370,195,707,614.54,109.68
新北市,貢寮區,福連里,159,81988,516,370,180,576,633.41,122.84
新北市,貢寮區,仁里里,427,257246,602,387,180,708,708.68,117.63
新北市,貢寮區,真理里,389,209770,539,372,198,692,548.49,101.71
新北市,貢寮區,美豐里,129,65922,511,391,180,725,452.02,88.45
新北市,貢寮區,和美里,199,123582,621,378,205,699,892.51,143.72
新北市,金山區,和平里,117,67599,578,344,186,734,642.40,111.19
新北市,金山區,大同里,176,96743,550,382,216,664,510.20,92.82
新北市,金山區,豐漁里,102,46416,455,292,143,592,514.75,113.12
新北市,金山區,磺港里,379,179269,473,327,169,592,527.54,111.53
新北市,金山區,美田里,1189,696683,586,393,200,739,700.11,119.49
新北市,金山區,五湖里,465,292330,629,388,202,737,820.56,130.52
新北市,金山區,重和里,334,240484,720,366,176,708,1310.57,182.02
新北市,金山區,兩湖里,90,44342,493,234,110,526,765.14,155.30
新北市,金山區,六股里,161,85078,528,362,198,596,640.29,121.17
新北市,金山區,三界里,139,78301,563,349,192,710,1148.79,203.93
新北市,金山區,清泉里,186,112515,605,331,178,684,1201.26,198.58
新北市,金山區,西湖里,44,33586,763,486,203,1012,923.62,121.00
新北市,金山區,萬壽里,89,40943,460,364,180,601,401.94,87.37
新北市,金山區,永興里,118,65151,552,381,184,675,573.69,103.90
新北市,金山區,金美里,1447,787700,544,382,199,671,614.08,112.81
新北市,萬里區,萬里里,1224,689384,563,393,209,669,708.92,125.87
新北市,萬里區,龜吼里,584,362223,620,384,192,782,760.68,122.64
新北市,萬里區,野柳里,686,371360,541,380,206,642,641.79,118.56
新北市,萬里區,大鵬里,713,403139,565,388,194,679,803.49,142.11
新北市,萬里區,磺潭里,147,87618,596,389,231,681,696.70,116.89
新北市,萬里區,雙興里,202,143845,712,473,261,908,789.03,110.80
新北市,萬里區,溪底里,123,75239,612,432,247,705,612.50,100.13
新北市,萬里區,崁脚里,100,57577,576,388,238,705,762.52,132.44
新北市,萬里區,中幅里,280,144928,518,352,191,623,546.05,105.50
新北市,萬里區,北基里,619,291564,471,324,171,578,542.94,115.27
新北市,淡水區,草東里,249,199043,799,439,182,1045,950.97,118.97
新北市,淡水區,長庚里,473,361158,764,455,220,870,1035.58,135.63
新北市,淡水區,清文里,305,202856,665,423,208,744,1000.22,150.39
新北市,淡水區,鄧公里,2196,2074517,945,585,266,1158,1452.95,153.80
新北市,淡水區,永吉里,256,192478,752,463,251,908,839.10,111.60
新北市,淡水區,協元里,401,237396,592,382,172,707,714.18,120.64
新北市,淡水區,民安里,207,213832,1033,402,144,807,3515.49,340.32
新北市,淡水區,新生里,159,102668,646,436,169,844,696.87,107.92
新北市,淡水區,文化里,537,376944,702,472,214,957,758.43,108.05
新北市,淡水區,油車里,1730,1170052,676,420,198,835,887.26,131.19
新北市,淡水區,沙崙里,1494,1080566,723,426,213,842,936.99,129.55
新北市,淡水區,水碓里,1797,1191263,663,426,207,849,802.26,121.02
新北市,淡水區,北投里,3856,3574353,927,627,281,1224,998.33,107.70
新北市,淡水區,崁頂里,8263,7373481,892,595,266,1121,1153.18,129.23
新北市,淡水區,屯山里,293,161568,551,398,221,608,690.86,125.29
新北市,淡水區,中和里,146,78285,536,413,196,702,490.85,91.54
新北市,淡水區,水源里,575,361507,629,389,174,778,957.89,152.36
新北市,淡水區,忠寮里,300,226663,756,462,243,810,1170.82,154.96
新北市,淡水區,樹興里,478,441500,924,495,253,1124,1399.17,151.48
新北市,淡水區,埤島里,620,488546,788,523,232,1003,930.09,118.03
新北市,淡水區,興仁里,454,297987,656,430,207,752,819.85,124.91
新北市,淡水區,義山里,667,361695,542,380,203,636,703.68,129.77
新北市,淡水區,蕃薯里,294,161913,551,363,208,679,674.81,122.53
新北市,淡水區,忠山里,242,167168,691,451,196,825,964.10,139.57
新北市,淡水區,賢孝里,414,249835,603,373,190,651,927.89,153.76
新北市,淡水區,竿蓁里,4388,4343745,990,612,266,1201,1456.09,147.09
新北市,淡水區,坪頂里,435,374156,860,503,242,1037,1226.22,142.56
新北市,淡水區,八勢里,2899,3780679,1304,715,290,1502,2541.19,194.86
新北市,淡水區,竹圍里,2177,1937638,890,498,239,1144,1159.95,130.32
新北市,淡水區,中興里,1114,711956,639,401,186,775,872.37,136.50
新北市,淡水區,福德里,2652,2822708,1064,621,276,1237,1768.55,166.16
新北市,淡水區,民生里,2704,2254938,834,514,239,1070,1007.54,120.82
新北市,淡水區,新興里,2564,1851820,722,472,216,928,885.86,122.65
新北市,淡水區,新義里,1222,728462,596,389,199,727,797.58,133.80
新北市,淡水區,新春里,3188,2534227,795,524,251,1069,849.71,106.89
新北市,淡水區,新民里,1506,1247689,828,493,228,997,1115.80,134.68
新北市,淡水區,正德里,1603,1179707,736,466,227,949,896.50,121.82
新北市,淡水區,北新里,970,797749,822,506,250,1059,1156.86,140.66
新北市,淡水區,幸福里,1167,775509,665,422,206,816,831.68,125.15
新北市,淡水區,學府里,1506,1035301,687,434,186,840,947.84,137.88
新北市,淡水區,民權里,1712,1791877,1047,590,271,1276,1536.85,146.83
新北市,淡水區,大庄里,3885,3381112,870,509,229,1070,2962.80,340.44
新北市,汐止區,仁德里,635,442920,698,453,235,860,801.39,114.89
新北市,汐止區,義民里,419,290985,694,422,191,909,842.20,121.27
新北市,汐止區,禮門里,389,303794,781,487,235,1045,889.51,113.90
新北市,汐止區,智慧里,1796,1697007,945,575,266,1206,1238.40,131.06
新北市,汐止區,信望里,117,92264,789,496,250,973,856.51,108.61
新北市,汐止區,橋東里,1398,1267742,907,596,271,1183,1002.35,110.53
新北市,汐止區,茄苳里,1398,876981,627,438,217,786,716.12,114.16
新北市,汐止區,保安里,547,317785,581,409,203,709,639.15,110.02
新北市,汐止區,保長里,1676,1188376,709,484,256,930,742.01,104.65
新北市,汐止區,鄉長里,776,473757,611,414,209,744,695.48,113.92
新北市,汐止區,江北里,2059,1312152,637,423,229,800,723.51,113.53
新北市,汐止區,烘內里,489,293673,601,400,202,752,744.58,123.98
新北市,汐止區,拱北里,1544,826191,535,372,193,671,629.00,117.55
新北市,汐止區,樟樹里,702,410966,585,409,210,731,663.20,113.29
新北市,汐止區,北峰里,1827,1344985,736,466,252,901,984.82,133.78
新北市,汐止區,北山里,2089,1568707,751,473,241,915,987.82,131.54
新北市,汐止區,八連里,299,216389,724,407,202,722,2999.38,414.45
新北市,汐止區,白雲里,1496,1361962,910,516,239,1036,1454.38,159.75
新北市,汐止區,橫科里,1511,1132584,750,481,239,923,848.45,113.19
新北市,汐止區,東山里,174,104943,603,372,182,654,842.38,139.67
新北市,汐止區,新昌里,1876,1598094,852,534,267,1069,1061.79,124.64
新北市,汐止區,秀峰里,1408,1118218,794,452,223,966,1133.33,142.70
新北市,汐止區,復興里,2752,3199402,1163,669,294,1464,1684.71,144.91
新北市,汐止區,長安里,507,304723,601,442,213,770,629.40,104.72
新北市,汐止區,福山里,1364,1616808,1185,592,273,1349,2104.21,177.52
新北市,汐止區,宜興里,1016,986988,971,587,287,1181,1256.28,129.32
新北市,汐止區,中興里,2860,2142721,749,456,224,911,1049.91,140.14
新北市,汐止區,湖光里,2407,2432410,1011,574,268,1185,1952.71,193.23
新北市,汐止區,厚德里,2514,1813613,721,486,251,913,858.96,119.07
新北市,汐止區,忠孝里,3001,2351055,783,479,239,957,1056.97,134.92
新北市,汐止區,文化里,1682,1619875,963,594,285,1273,1110.50,115.31
新北市,汐止區,自強里,2153,2228103,1035,589,276,1276,1396.62,134.95
新北市,汐止區,金龍里,1904,1504607,790,487,257,970,982.49,124.33
新北市,汐止區,福德里,1206,831509,689,457,234,894,740.57,107.41
新北市,汐止區,興福里,1169,893253,764,494,242,948,929.78,121.68
新北市,汐止區,康福里,2024,1674176,827,546,275,1082,903.44,109.22
新北市,汐止區,忠山里,1338,1889200,1412,668,321,1601,2596.98,183.93
新北市,汐止區,環河里,437,290308,664,442,228,815,759.81,114.37
新北市,汐止區,東勢里,1922,2412905,1255,714,317,1478,2130.38,169.70
新北市,汐止區,山光里,1120,887587,792,520,267,991,903.37,113.99
新北市,汐止區,大同里,1049,852812,813,506,260,1004,950.12,116.87
新北市,汐止區,崇德里,1756,1370388,780,487,253,956,960.26,123.05
新北市,汐止區,湖興里,2450,2370362,967,543,257,1094,1658.76,171.45
新北市,汐止區,長青里,355,492625,1388,669,309,1289,2663.29,191.92
新北市,汐止區,福安里,2446,2709802,1108,692,315,1512,1201.92,108.49
新北市,汐止區,秀山里,1697,1618014,953,523,246,1147,1395.91,146.40
新北市,汐止區,建成里,1950,1685501,864,564,270,1118,981.07,113.50
新北市,汐止區,城中里,1674,1505464,899,596,273,1174,1038.27,115.45
新北市,汐止區,湖蓮里,1136,1453094,1279,756,311,1503,1779.87,139.15
新北市,汐止區,保新里,1039,628025,604,429,225,766,658.14,108.88
新北市,三芝區,八賢里,73,25632,351,271,115,480,315.01,89.72
新北市,三芝區,埔頭里,1519,712499,469,340,175,594,489.38,104.33
新北市,三芝區,古庄里,314,173452,552,355,189,685,619.29,112.11
新北市,三芝區,新庄里,178,94575,531,307,200,670,563.28,106.01
新北市,三芝區,埔坪里,1805,879226,487,338,171,601,525.18,107.82
新北市,三芝區,茂長里,168,91232,543,447,204,688,500.74,92.21
新北市,三芝區,橫山里,107,52229,488,365,149,576,552.39,113.17
新北市,三芝區,錫板里,165,89322,541,337,168,595,657.59,121.47
新北市,三芝區,後厝里,645,465634,722,397,178,776,1287.80,178.39
新北市,三芝區,福德里,225,163857,728,470,204,966,1183.43,162.50
新北市,三芝區,圓山里,119,62521,525,379,176,716,521.35,99.23
新北市,三芝區,店子里,139,76117,548,423,187,680,556.70,101.66
新北市,三芝區,興華里,350,222598,636,397,228,715,990.93,155.81
新北市,石門區,德茂里,267,143531,538,354,196,562,721.23,134.16
新北市,石門區,富基里,329,182156,554,366,180,676,793.91,143.39
新北市,石門區,老梅里,516,290047,562,347,187,615,1167.33,207.67
新北市,石門區,山溪里,217,108729,501,315,176,685,513.51,102.49
新北市,石門區,石門里,445,279463,628,403,178,789,780.41,124.27
新北市,石門區,尖鹿里,407,229545,564,403,196,691,677.33,120.10
新北市,石門區,乾華里,75,39038,521,378,201,614,543.32,104.38
新北市,石門區,茂林里,171,112746,659,379,187,842,861.51,130.66
新北市,石門區,草里里,200,99776,499,376,191,614,490.72,98.36
新北市,八里區,龍源里,2376,1812115,763,455,226,887,1068.20,140.06
新北市,八里區,米倉里,1157,804950,696,435,217,828,940.42,135.17
新北市,八里區,大崁里,1067,771097,723,443,217,923,971.91,134.49
新北市,八里區,埤頭里,1322,887276,671,422,213,815,1137.82,169.53
新北市,八里區,頂罟里,690,455758,661,451,226,810,771.76,116.84
新北市,八里區,舊城里,2114,1200860,568,384,201,726,648.49,114.16
新北市,八里區,訊塘里,1569,1078395,687,454,224,826,861.40,125.33
新北市,八里區,荖阡里,449,320052,713,415,208,820,1106.94,155.29
新北市,八里區,下罟里,447,262943,588,370,192,684,769.42,130.80
新北市,八里區,長坑里,423,258811,612,406,195,732,723.25,118.21
新北市,永和區,下溪里,1531,1639655,1071,609,279,1304,1909.28,178.28
新北市,永和區,中溪里,1670,1523692,912,546,246,1111,1150.34,126.08
新北市,永和區,上溪里,641,575507,898,544,262,1096,1132.39,126.13
新北市,永和區,後溪里,716,799518,1117,616,295,1373,1569.58,140.56
新北市,永和區,頂溪里,827,791694,957,599,277,1238,1160.32,121.21
新北市,永和區,網溪里,361,296962,823,556,246,1019,908.69,110.46
新北市,永和區,復興里,816,761033,933,555,237,1158,1244.44,133.43
新北市,永和區,竹林里,1190,1011313,850,543,260,1043,1034.67,121.75
新北市,永和區,中興里,1101,1295960,1177,629,291,1317,1895.42,161.03
新北市,永和區,店街里,1425,1601760,1124,644,281,1356,1570.29,139.70
新北市,永和區,潭墘里,1549,1721286,1111,621,288,1335,1757.20,158.13
新北市,永和區,水源里,1264,1146423,907,588,271,1131,1130.49,124.64
新北市,永和區,秀朗里,1151,938562,815,517,254,1005,1050.14,128.78
新北市,永和區,大同里,326,282264,866,477,248,954,1222.18,141.15
新北市,永和區,永成里,234,153623,657,459,239,731,807.65,123.02
新北市,永和區,福和里,1892,2212647,1169,628,297,1309,3189.50,272.73
新北市,永和區,豫溪里,1186,1090548,920,554,233,1149,1318.78,143.42
新北市,永和區,上林里,1133,1101392,972,566,259,1162,1724.85,177.43
新北市,永和區,新廍里,695,615580,886,530,254,1118,1071.65,120.99
新北市,永和區,和平里,1590,1508405,949,573,249,1130,1244.43,131.17
新北市,永和區,仁愛里,948,974489,1028,594,271,1290,1252.47,121.84
新北市,永和區,前溪里,696,682629,981,599,259,1209,1340.21,136.65
新北市,永和區,永興里,969,896000,925,544,262,1142,1187.89,128.47
新北市,永和區,永安里,1438,1698409,1181,664,268,1409,2707.71,229.25
新北市,永和區,雙和里,1334,1312577,984,627,284,1224,1220.61,124.05
新北市,永和區,得和里,1470,1497304,1019,606,276,1196,1551.08,152.28
新北市,永和區,大新里,883,928586,1052,618,288,1348,1528.31,145.33
新北市,永和區,桂林里,1183,1015848,859,503,217,1061,1138.42,132.57
新北市,永和區,勵行里,386,326058,845,576,256,1125,901.73,106.75
新北市,永和區,光復里,566,526719,931,599,265,1194,1000.28,107.49
新北市,永和區,光明里,1021,1003711,983,641,288,1230,1148.00,116.78
新北市,永和區,信義里,963,977913,1015,610,269,1262,1356.35,133.57
新北市,永和區,正興里,771,726250,942,536,269,1110,1322.14,140.36
新北市,永和區,忠義里,198,129015,652,416,194,759,833.88,127.98
新北市,永和區,新生里,297,382807,1289,588,258,1378,2350.85,182.39
新北市,永和區,河堤里,1221,1425654,1168,669,293,1375,1850.27,158.47
新北市,永和區,民治里,905,873232,965,506,236,1098,3270.12,338.91
新北市,永和區,智光里,910,673590,740,487,243,953,830.35,112.18
新北市,永和區,秀和里,1641,1798801,1096,590,270,1194,5409.56,493.50
新北市,永和區,潭安里,1572,1458071,928,587,291,1206,1038.87,112.00
新北市,永和區,永貞里,1104,1004620,910,570,257,1126,1101.20,121.01
新北市,永和區,福林里,1063,869437,818,501,237,999,973.11,118.98
新北市,永和區,安和里,1330,1291316,971,593,280,1221,1254.37,129.20
新北市,永和區,文化里,871,844009,969,507,252,1132,1862.97,192.26
新北市,永和區,民權里,1472,1365860,928,565,259,1155,1224.98,132.02
新北市,永和區,民生里,1159,981499,847,528,237,1103,957.46,113.06
新北市,永和區,永福里,875,848778,970,595,295,1102,1299.01,133.91
新北市,永和區,河濱里,1030,1018810,989,566,267,1247,1289.16,130.33
新北市,永和區,永元里,1572,1463546,931,545,252,1134,1272.60,136.69
新北市,永和區,秀成里,867,764978,882,521,245,1006,2138.74,242.40
新北市,永和區,秀林里,1275,1362633,1069,605,290,1334,1524.69,142.66
新北市,永和區,秀得里,875,747408,854,557,253,1103,1116.89,130.76
新北市,永和區,民族里,1463,1520008,1039,630,284,1305,1470.09,141.50
新北市,永和區,民本里,1299,1484530,1143,646,286,1320,1670.28,146.15
新北市,永和區,民樂里,1520,1801737,1185,637,280,1310,2088.34,176.18
新北市,永和區,協和里,881,701972,797,505,242,1017,931.72,116.93
新北市,永和區,保平里,1549,1618221,1045,611,285,1280,1898.58,181.74
新北市,永和區,保安里,2456,2785716,1134,668,296,1420,1542.23,135.97
新北市,永和區,民富里,857,712279,831,565,276,1064,879.34,105.80
新北市,永和區,秀元里,982,825299,840,510,229,1104,987.41,117.49
新北市,永和區,永樂里,804,703825,875,547,248,1063,1074.69,122.76
新北市,永和區,保順里,3779,5009804,1326,769,315,1677,2028.78,153.04
宜蘭縣,宜蘭市,南門里,423,284015,671,437,235,844,708.64,105.54
宜蘭縣,宜蘭市,建軍里,546,375357,687,450,221,909,779.29,113.36
宜蘭縣,宜蘭市,民族里,715,509269,712,478,210,934,854.60,119.98
宜蘭縣,宜蘭市,思源里,1690,1544191,914,592,273,1184,1009.51,110.48
宜蘭縣,宜蘭市,負郭里,950,682548,718,476,230,868,861.39,119.89
宜蘭縣,宜蘭市,神農里,819,562256,687,480,239,854,699.56,101.90
宜蘭縣,宜蘭市,民權里,518,373178,720,473,217,892,800.08,111.06
宜蘭縣,宜蘭市,慈安里,531,295755,557,424,204,688,589.75,105.88
宜蘭縣,宜蘭市,新民里,446,300298,673,440,209,821,875.12,129.97
宜蘭縣,宜蘭市,東門里,271,210953,778,484,220,981,924.27,118.74
宜蘭縣,宜蘭市,小東里,474,341348,720,463,241,965,764.21,106.12
宜蘭縣,宜蘭市,菜園里,409,278470,681,481,211,889,734.68,107.91
宜蘭縣,宜蘭市,孝廉里,299,188662,631,458,230,749,691.60,109.61
宜蘭縣,宜蘭市,中山里,251,158231,630,394,172,849,702.24,111.40
宜蘭縣,宜蘭市,北門里,324,200195,618,444,222,786,631.41,102.19
宜蘭縣,宜蘭市,西門里,496,304938,615,400,206,757,699.10,113.71
宜蘭縣,宜蘭市,凱旋里,504,371644,737,494,240,869,989.62,134.21
宜蘭縣,宜蘭市,南津里,795,776613,977,596,290,1238,1246.08,127.56
宜蘭縣,宜蘭市,建業里,822,971111,1181,685,292,1476,1517.61,128.46
宜蘭縣,宜蘭市,南橋里,409,344524,842,512,248,1092,982.77,116.67
宜蘭縣,宜蘭市,進士里,786,582930,742,486,259,934,830.64,112.00
宜蘭縣,宜蘭市,茭白里,696,456279,656,468,219,857,708.33,108.05
宜蘭縣,宜蘭市,新生里,865,553867,640,469,229,797,666.00,104.01
宜蘭縣,宜蘭市,梅洲里,960,547537,570,408,212,725,594.14,104.17
宜蘭縣,宜蘭市,北津里,662,391387,591,421,213,775,632.99,107.07
宜蘭縣,宜蘭市,東村里,786,591810,753,511,256,1000,789.16,104.81
宜蘭縣,宜蘭市,延平里,1175,914499,778,526,272,1011,869.36,111.70
宜蘭縣,宜蘭市,黎明里,666,548226,823,566,298,979,905.24,109.97
宜蘭縣,宜蘭市,七張里,447,278436,623,452,217,756,702.77,112.82
宜蘭縣,宜蘭市,復興里,859,616663,718,460,239,890,845.00,117.71
宜蘭縣,宜蘭市,文化里,982,748803,763,520,224,979,874.79,114.72
宜蘭縣,宜蘭市,七結里,1001,843848,843,560,273,1086,895.07,106.18
宜蘭縣,宜蘭市,大新里,240,169118,705,438,214,878,1074.75,152.52
宜蘭縣,宜蘭市,中興里,868,540662,623,453,221,769,708.30,113.71
宜蘭縣,宜蘭市,成功里,1088,836580,769,541,274,1013,754.52,98.13
宜蘭縣,宜蘭市,泰山里,588,345447,587,409,201,805,627.70,106.84
宜蘭縣,宜蘭市,新東里,1027,771338,751,472,239,907,1162.38,154.76
宜蘭縣,宜蘭市,擺厘里,1081,865534,801,512,248,1015,950.63,118.73
宜蘭縣,頭城鎮,石城里,59,46188,783,393,245,689,2156.71,275.50
宜蘭縣,頭城鎮,大里里,119,65160,548,348,188,687,618.90,113.03
宜蘭縣,頭城鎮,大溪里,122,62682,514,352,166,601,588.96,114.63
宜蘭縣,頭城鎮,更新里,250,134186,537,411,207,692,578.06,107.70
宜蘭縣,頭城鎮,合興里,62,35869,579,397,169,745,641.43,110.87
宜蘭縣,頭城鎮,外澳里,173,100309,580,403,205,654,659.69,113.78
宜蘭縣,頭城鎮,港口里,186,125164,673,384,198,697,984.86,146.36
宜蘭縣,頭城鎮,武營里,422,293337,695,453,222,871,835.15,120.15
宜蘭縣,頭城鎮,城東里,184,122882,668,421,197,850,784.57,117.48
宜蘭縣,頭城鎮,城西里,158,116588,738,417,234,731,1506.81,204.20
宜蘭縣,頭城鎮,城南里,174,120646,693,398,218,855,923.33,133.17
宜蘭縣,頭城鎮,城北里,118,64816,549,319,171,692,572.77,104.28
宜蘭縣,頭城鎮,大坑里,320,205652,643,448,202,798,818.96,127.43
宜蘭縣,頭城鎮,竹安里,449,215271,479,372,178,622,472.72,98.60
宜蘭縣,頭城鎮,新建里,535,331127,619,437,210,815,639.46,103.32
宜蘭縣,頭城鎮,拔雅里,614,407365,663,442,219,869,740.18,111.56
宜蘭縣,頭城鎮,福成里,227,123920,546,377,203,709,535.25,98.05
宜蘭縣,頭城鎮,金面里,490,268552,548,369,206,672,678.73,123.84
宜蘭縣,頭城鎮,金盈里,186,109682,590,400,202,676,627.21,106.36
宜蘭縣,頭城鎮,頂埔里,355,240624,678,427,225,736,1119.82,165.21
宜蘭縣,頭城鎮,下埔里,216,119116,551,392,203,699,585.29,106.13
宜蘭縣,頭城鎮,中崙里,270,172278,638,398,210,790,819.42,128.42
宜蘭縣,頭城鎮,二城里,272,146494,539,365,176,634,576.07,106.96
宜蘭縣,頭城鎮,龜山里,83,39554,477,347,150,670,454.47,95.36
宜蘭縣,礁溪鄉,大忠村,771,511019,663,424,197,827,766.15,115.59
宜蘭縣,礁溪鄉,大義村,146,93143,638,444,242,824,593.33,93.00
宜蘭縣,礁溪鄉,二龍村,319,210342,659,455,250,798,688.03,104.34
宜蘭縣,礁溪鄉,德陽村,1342,1049818,782,491,241,927,963.65,123.18
宜蘭縣,礁溪鄉,白雲村,434,271321,625,429,180,785,732.57,117.18
宜蘭縣,礁溪鄉,玉石村,634,515980,814,485,229,928,1234.79,151.72
宜蘭縣,礁溪鄉,六結村,406,293560,723,492,252,893,812.34,112.35
宜蘭縣,礁溪鄉,時潮村,361,204897,568,411,225,709,592.39,104.37
宜蘭縣,礁溪鄉,林美村,273,139806,512,419,207,651,478.69,93.47
宜蘭縣,礁溪鄉,三民村,616,320118,520,389,200,632,526.24,101.26
宜蘭縣,礁溪鄉,玉田村,576,372945,647,434,212,818,663.92,102.54
宜蘭縣,礁溪鄉,白鵝村,212,145073,684,428,205,803,876.89,128.14
宜蘭縣,礁溪鄉,玉光村,320,224975,703,478,215,896,743.66,105.78
宜蘭縣,礁溪鄉,光武村,435,293670,675,462,218,846,747.71,110.76
宜蘭縣,礁溪鄉,匏崙村,211,93195,442,349,161,582,422.46,95.65
宜蘭縣,礁溪鄉,二結村,99,65630,663,364,167,867,836.72,126.22
宜蘭縣,礁溪鄉,吳沙村,756,507134,671,464,225,810,815.04,121.50
宜蘭縣,礁溪鄉,龍潭村,1029,620196,603,410,208,766,662.07,109.85
宜蘭縣,壯圍鄉,東港村,163,68344,419,313,168,562,369.03,88.01
宜蘭縣,壯圍鄉,復興村,359,190337,530,407,210,628,579.83,109.36
宜蘭縣,壯圍鄉,吉祥村,812,557640,687,512,271,888,643.68,93.73
宜蘭縣,壯圍鄉,新南村,252,143606,570,447,210,703,571.99,100.37
宜蘭縣,壯圍鄉,美福村,569,348952,613,433,215,739,683.74,111.49
宜蘭縣,壯圍鄉,大福村,413,230304,558,383,217,704,565.85,101.47
宜蘭縣,壯圍鄉,新社村,270,157936,585,416,209,725,655.72,112.10
宜蘭縣,壯圍鄉,忠孝村,675,408479,605,436,216,742,644.19,106.45
宜蘭縣,壯圍鄉,功勞村,382,276854,725,502,255,849,930.44,128.38
宜蘭縣,壯圍鄉,永鎮村,161,74962,466,366,200,631,408.49,87.73
宜蘭縣,壯圍鄉,過嶺村,314,167379,533,339,181,629,591.61,110.98
宜蘭縣,壯圍鄉,美城村,712,495154,695,451,232,795,994.77,143.04
宜蘭縣,壯圍鄉,古亭村,495,326421,659,431,229,773,789.09,119.66
宜蘭縣,壯圍鄉,古結村,348,196693,565,398,215,672,627.40,111.00
宜蘭縣,員山鄉,員山村,1874,1309951,699,456,234,819,1171.30,167.57
宜蘭縣,員山鄉,尚德村,608,365835,602,410,211,740,726.66,120.77
宜蘭縣,員山鄉,內城村,364,203571,559,386,217,652,711.40,127.20
宜蘭縣,員山鄉,惠好村,528,368726,698,475,248,841,862.57,123.52
宜蘭縣,員山鄉,深溝村,604,461634,764,467,253,930,1071.67,140.22
宜蘭縣,員山鄉,蓁巷村,345,190148,551,372,181,621,855.92,155.30
宜蘭縣,員山鄉,七賢村,461,282840,614,433,220,784,622.19,101.41
宜蘭縣,員山鄉,永和村,505,296909,588,416,184,717,665.06,113.12
宜蘭縣,員山鄉,枕山村,603,366654,608,390,200,721,807.77,132.85
宜蘭縣,員山鄉,頭分村,364,209873,577,415,223,728,562.75,97.60
宜蘭縣,員山鄉,同樂村,597,311977,523,361,193,666,570.69,109.21
宜蘭縣,員山鄉,湖東村,211,130939,621,405,200,766,821.11,132.32
宜蘭縣,員山鄉,湖西村,278,169838,611,392,158,777,850.29,139.18
宜蘭縣,員山鄉,逸仙村,267,175050,656,398,209,752,928.82,141.67
宜蘭縣,員山鄉,湖北村,257,156583,609,408,200,693,825.12,135.43
宜蘭縣,員山鄉,中華村,94,59091,629,305,120,615,1128.42,179.50
宜蘭縣,羅東鎮,成功里,494,358378,725,475,231,866,940.66,129.66
宜蘭縣,羅東鎮,北成里,924,785418,850,524,249,1070,1017.22,119.67
宜蘭縣,羅東鎮,仁愛里,1217,962113,791,497,248,951,1134.43,143.50
宜蘭縣,羅東鎮,竹林里,934,670429,718,479,238,847,943.15,131.39
宜蘭縣,羅東鎮,賢文里,1156,812868,703,481,239,835,861.99,122.59
宜蘭縣,羅東鎮,東安里,1231,859326,698,463,229,875,792.42,113.52
宜蘭縣,羅東鎮,新群里,911,583059,640,432,208,789,775.30,121.14
宜蘭縣,羅東鎮,羅莊里,1025,641762,626,431,217,791,646.10,103.19
宜蘭縣,羅東鎮,仁德里,328,204825,624,441,215,768,664.84,106.46
宜蘭縣,羅東鎮,漢民里,1167,748708,642,444,219,780,743.42,115.88
宜蘭縣,羅東鎮,西安里,919,598439,651,444,231,820,731.91,112.40
宜蘭縣,羅東鎮,信義里,1071,832650,777,494,248,1025,869.31,111.81
宜蘭縣,羅東鎮,公正里,879,708261,806,518,252,983,1086.31,134.82
宜蘭縣,羅東鎮,大新里,509,399879,786,489,218,961,1019.41,129.76
宜蘭縣,羅東鎮,南昌里,785,541258,690,452,226,825,879.44,127.55
宜蘭縣,羅東鎮,集祥里,286,242313,847,470,244,1003,1131.35,133.53
宜蘭縣,羅東鎮,南豪里,417,271920,652,454,215,820,660.66,101.31
宜蘭縣,羅東鎮,樹林里,1283,1088517,848,553,264,1081,987.02,116.34
宜蘭縣,羅東鎮,維揚里,946,642005,679,465,247,821,741.72,109.29
宜蘭縣,羅東鎮,開明里,381,230715,606,429,206,766,721.94,119.22
宜蘭縣,羅東鎮,中山里,412,266306,646,435,203,802,715.61,110.71
宜蘭縣,羅東鎮,仁和里,265,163596,617,406,166,790,677.71,109.78
宜蘭縣,羅東鎮,國華里,1502,1126913,750,511,245,959,830.62,110.71
宜蘭縣,五結鄉,五結村,1253,876684,700,464,235,829,850.41,121.54
宜蘭縣,五結鄉,協和村,1098,758871,691,458,226,819,868.46,125.66
宜蘭縣,五結鄉,大吉村,1228,746182,608,439,214,778,644.18,106.01
宜蘭縣,五結鄉,福興村,598,423801,709,476,223,877,790.28,111.51
宜蘭縣,五結鄉,三興村,729,517334,710,491,246,890,765.27,107.84
宜蘭縣,五結鄉,鎮安村,896,602249,672,501,256,875,645.66,96.06
宜蘭縣,五結鄉,中興村,478,327505,685,439,206,894,809.68,118.17
宜蘭縣,五結鄉,四結村,913,745475,817,516,261,1036,972.18,119.06
宜蘭縣,五結鄉,上四村,516,333240,646,496,230,869,602.29,93.26
宜蘭縣,五結鄉,二結村,681,483695,710,519,251,923,745.66,104.98
宜蘭縣,五結鄉,利澤村,569,328342,577,401,209,716,587.71,101.85
宜蘭縣,五結鄉,季新村,738,396499,537,365,179,627,722.79,134.53
宜蘭縣,五結鄉,成興村,1034,586711,567,414,224,685,579.98,102.21
宜蘭縣,五結鄉,孝威村,483,301670,625,461,243,737,687.41,110.06
宜蘭縣,五結鄉,錦眾村,341,187049,549,405,194,723,539.73,98.40
宜蘭縣,冬山鄉,南興村,1031,737353,715,493,249,920,757.89,105.97
宜蘭縣,冬山鄉,冬山村,233,146195,627,430,200,877,634.40,101.11
宜蘭縣,冬山鄉,武淵村,433,308550,713,453,240,779,1228.38,172.38
宜蘭縣,冬山鄉,珍珠村,533,391084,734,490,252,868,879.39,119.85
宜蘭縣,冬山鄉,三奇村,285,146990,516,404,207,657,461.16,89.41
宜蘭縣,冬山鄉,補城村,367,245480,669,446,231,861,733.01,109.59
宜蘭縣,冬山鄉,大興村,273,181259,664,460,256,774,752.82,113.38
宜蘭縣,冬山鄉,東城村,417,269701,647,460,255,833,680.01,105.14
宜蘭縣,冬山鄉,香和村,1007,722862,718,482,245,916,782.31,108.98
宜蘭縣,冬山鄉,安平村,175,98469,563,422,231,719,539.98,95.97
宜蘭縣,冬山鄉,太和村,470,293773,625,435,231,758,673.14,107.69
宜蘭縣,冬山鄉,永美村,1151,832793,724,481,248,975,758.35,104.81
宜蘭縣,冬山鄉,八寶村,257,177413,690,449,213,820,937.50,135.81
宜蘭縣,冬山鄉,丸山村,459,278277,606,450,213,751,688.79,113.61
宜蘭縣,冬山鄉,中山村,109,65049,597,391,183,718,746.52,125.09
宜蘭縣,冬山鄉,順安村,1468,917114,625,439,216,724,1212.60,194.10
宜蘭縣,冬山鄉,清溝村,1291,942682,730,491,238,938,862.36,118.10
宜蘭縣,冬山鄉,群英村,1425,924866,649,449,234,786,720.40,111.00
宜蘭縣,冬山鄉,鹿埔村,787,465366,591,429,210,735,668.12,112.99
宜蘭縣,冬山鄉,得安村,266,172989,650,404,204,762,852.38,131.07
宜蘭縣,冬山鄉,廣興村,753,442620,588,402,199,717,730.73,124.31
宜蘭縣,冬山鄉,廣安村,570,358072,628,419,207,792,727.25,115.77
宜蘭縣,冬山鄉,柯林村,592,451290,762,471,248,923,1144.81,150.17
宜蘭縣,冬山鄉,大進村,159,97437,613,392,202,708,742.39,121.15
宜蘭縣,蘇澳鎮,港邊里,320,191921,600,453,194,788,595.51,99.29
宜蘭縣,蘇澳鎮,永春里,113,62254,551,396,230,697,487.60,88.51
宜蘭縣,蘇澳鎮,東澳里,52,30688,590,476,209,738,541.27,91.72
宜蘭縣,蘇澳鎮,聖湖里,668,403003,603,426,239,706,750.50,124.40
宜蘭縣,蘇澳鎮,新城里,485,296612,612,461,247,765,709.24,115.97
宜蘭縣,蘇澳鎮,隘丁里,1024,648167,633,474,267,786,625.17,98.77
宜蘭縣,蘇澳鎮,永榮里,1178,732702,622,464,230,780,643.04,103.38
宜蘭縣,蘇澳鎮,存仁里,214,134051,626,474,256,786,637.21,101.73
宜蘭縣,蘇澳鎮,頂寮里,340,205519,604,444,253,692,693.77,114.77
宜蘭縣,蘇澳鎮,永樂里,104,63974,615,442,252,600,856.70,139.27
宜蘭縣,蘇澳鎮,蘇東里,116,67383,581,399,206,711,567.63,97.72
宜蘭縣,蘇澳鎮,朝陽里,97,56974,587,341,200,749,678.60,115.53
宜蘭縣,蘇澳鎮,南強里,127,70353,554,393,228,712,566.13,102.20
宜蘭縣,蘇澳鎮,南寧里,197,112588,572,416,187,716,553.07,96.77
宜蘭縣,蘇澳鎮,南安里,200,135532,678,416,204,816,832.62,122.87
宜蘭縣,蘇澳鎮,南正里,161,86293,536,389,195,686,501.54,93.57
宜蘭縣,蘇澳鎮,蘇西里,613,416075,679,448,234,832,783.71,115.46
宜蘭縣,蘇澳鎮,蘇南里,135,72639,538,453,177,698,495.62,92.11
宜蘭縣,蘇澳鎮,蘇北里,261,174878,670,462,240,760,1077.96,160.88
宜蘭縣,蘇澳鎮,長安里,153,85159,557,413,216,786,494.47,88.84
宜蘭縣,蘇澳鎮,永光里,110,86463,786,432,212,748,1460.01,185.75
宜蘭縣,蘇澳鎮,南興里,248,131237,529,370,205,645,560.97,106.01
宜蘭縣,蘇澳鎮,龍德里,984,526972,536,421,221,695,502.19,93.77
宜蘭縣,蘇澳鎮,南成里,177,105464,596,380,201,659,957.87,160.76
宜蘭縣,蘇澳鎮,南建里,192,107821,562,405,220,710,644.85,114.83
宜蘭縣,蘇澳鎮,聖愛里,758,461020,608,413,215,712,830.07,136.48
宜蘭縣,三星鄉,月眉村,208,137074,659,422,194,753,917.77,139.26
宜蘭縣,三星鄉,人和村,97,78355,808,551,247,1019,914.12,113.16
宜蘭縣,三星鄉,義德村,272,175172,644,425,222,730,717.43,111.40
宜蘭縣,三星鄉,雙賢村,131,80943,618,400,207,768,691.88,111.97
宜蘭縣,三星鄉,集慶村,279,152554,547,377,175,715,575.93,105.33
宜蘭縣,三星鄉,萬德村,140,86573,618,413,197,666,805.88,130.32
宜蘭縣,三星鄉,萬富村,178,148195,833,474,228,972,1093.10,131.29
宜蘭縣,三星鄉,貴林村,134,75099,560,379,189,697,574.92,102.58
宜蘭縣,三星鄉,大隱村,1303,802735,616,422,205,780,678.27,110.10
宜蘭縣,三星鄉,行健村,243,227337,936,425,197,1021,2237.91,239.21
宜蘭縣,三星鄉,拱照村,264,174891,662,465,226,775,763.72,115.28
宜蘭縣,三星鄉,大洲村,521,366546,704,439,220,785,935.48,132.97
宜蘭縣,三星鄉,大義村,361,231443,641,430,211,763,732.84,114.31
宜蘭縣,三星鄉,尾塹村,474,307473,649,451,231,811,740.97,114.23
宜蘭縣,三星鄉,尚武村,196,135982,694,423,210,726,1214.87,175.11
宜蘭縣,三星鄉,天山村,93,47354,509,374,188,618,490.78,96.38
宜蘭縣,三星鄉,天福村,136,73396,540,447,181,723,517.93,95.97
宜蘭縣,三星鄉,員山村,58,31604,545,355,149,675,602.29,110.53
宜蘭縣,大同鄉,寒溪村,171,77564,454,366,187,573,430.78,94.97
宜蘭縣,大同鄉,松羅村,137,71719,523,426,232,738,418.43,79.93
宜蘭縣,大同鄉,太平村,6,3508,585,469,349,609,465.47,79.61
宜蘭縣,大同鄉,四季村,106,59949,566,452,285,732,450.35,79.63
宜蘭縣,大同鄉,樂水村,49,19982,408,336,163,584,357.88,87.76
宜蘭縣,大同鄉,南山村,43,21333,496,449,316,697,298.64,60.19
宜蘭縣,大同鄉,崙埤村,147,98816,672,453,243,723,1110.33,165.17
宜蘭縣,大同鄉,英士村,40,18567,464,350,187,616,392.77,84.61
宜蘭縣,大同鄉,復興村,39,29308,751,589,361,960,621.93,82.76
宜蘭縣,大同鄉,茂安村,36,17665,491,361,166,649,489.17,99.69
宜蘭縣,南澳鄉,南澳村,291,155789,535,426,251,733,427.18,79.79
宜蘭縣,南澳鄉,碧候村,219,94986,434,394,187,561,380.00,87.61
宜蘭縣,南澳鄉,東岳村,97,52449,541,483,283,704,466.99,86.37
宜蘭縣,南澳鄉,武塔村,93,49427,531,450,188,723,476.70,89.69
宜蘭縣,南澳鄉,金岳村,74,40478,547,451,324,677,432.83,79.13
宜蘭縣,南澳鄉,金洋村,91,45430,499,417,248,688,371.00,74.31
宜蘭縣,南澳鄉,澳花村,159,67180,423,372,200,567,301.16,71.28
桃園市,桃園區,文化里,473,609924,1289,747,316,1536,1679.60,130.25
桃園市,桃園區,武陵里,600,523057,872,517,270,989,1374.96,157.72
桃園市,桃園區,文昌里,274,224626,820,496,259,988,966.29,117.87
桃園市,桃園區,長美里,347,271737,783,519,256,967,1014.60,129.56
桃園市,桃園區,永興里,674,599178,889,541,284,1067,1483.60,166.89
桃園市,桃園區,南門里,2086,1727366,828,507,254,1017,1043.40,126.00
桃園市,桃園區,東門里,1157,1074371,929,551,250,1112,1778.07,191.48
桃園市,桃園區,西門里,625,638835,1022,566,274,1152,1368.97,133.93
桃園市,桃園區,北門里,582,490864,843,482,236,950,1255.09,148.81
桃園市,桃園區,雲林里,2302,1978524,859,534,252,1084,1074.41,125.01
桃園市,桃園區,豐林里,2196,1718362,782,474,241,938,934.29,119.40
桃園市,桃園區,會稽里,1497,1244833,832,556,249,1065,976.07,117.38
桃園市,桃園區,朝陽里,640,519302,811,474,226,969,1231.09,151.72
桃園市,桃園區,青溪里,1870,1789170,957,559,263,1149,1491.61,155.90
桃園市,桃園區,汴洲里,3005,2676771,891,593,308,1105,1015.53,114.01
桃園市,桃園區,東埔里,1506,1109347,737,476,234,934,846.61,114.93
桃園市,桃園區,中埔里,1148,918921,800,474,231,1000,1027.09,128.31
桃園市,桃園區,西埔里,1065,884292,830,523,251,1049,990.30,119.27
桃園市,桃園區,中山里,2599,2409837,927,590,283,1199,1046.25,112.84
桃園市,桃園區,中正里,3158,3390871,1074,697,332,1325,1445.59,134.63
桃園市,桃園區,龍岡里,2183,1877981,860,540,272,1033,2297.84,267.10
桃園市,桃園區,東山里,647,539997,835,472,222,1020,1186.55,142.17
桃園市,桃園區,南華里,414,317955,768,420,211,939,1154.22,150.29
桃園市,桃園區,大林里,2842,2492128,877,591,294,1123,977.19,111.44
桃園市,桃園區,文明里,591,509322,862,537,258,1018,1107.20,128.48
桃園市,桃園區,建國里,1826,1359172,744,489,247,956,837.14,112.47
桃園市,桃園區,成功里,1575,1552809,986,562,272,1199,1339.89,135.90
桃園市,桃園區,忠義里,1352,1094308,809,488,241,996,1163.88,143.80
桃園市,桃園區,永安里,1536,1252271,815,512,244,999,1057.62,129.72
桃園市,桃園區,玉山里,1711,1390769,813,476,234,954,1146.85,141.09
桃園市,桃園區,中興里,2193,2028601,925,578,270,1133,1253.39,135.50
桃園市,桃園區,西湖里,490,413251,843,477,227,1058,1228.28,145.64
桃園市,桃園區,福林里,2173,1930284,888,557,268,1091,1099.41,123.77
桃園市,桃園區,慈文里,2236,1800211,805,533,266,1050,924.41,114.82
桃園市,桃園區,新埔里,1904,2001249,1051,607,294,1240,1725.80,164.19
桃園市,桃園區,萬壽里,300,220885,736,444,233,848,886.36,120.38
桃園市,桃園區,中成里,2605,2802539,1076,659,305,1307,1540.31,143.17
桃園市,桃園區,長安里,1194,924720,774,495,256,906,955.11,123.32
桃園市,桃園區,光興里,1750,1589980,909,552,260,1096,1376.10,151.46
桃園市,桃園區,龍山里,1110,727928,656,426,221,782,819.24,124.92
桃園市,桃園區,民生里,676,599633,887,568,279,1055,1107.36,124.84
桃園市,桃園區,中和里,472,373799,792,491,219,951,1059.74,133.81
桃園市,桃園區,大豐里,1749,1380766,789,484,234,1007,1332.43,168.78
桃園市,桃園區,福安里,1562,1411030,903,532,250,1051,3192.76,353.44
桃園市,桃園區,三民里,1712,1903462,1112,620,282,1249,1907.41,171.56
桃園市,桃園區,大興里,2042,1679542,822,480,241,967,1095.25,133.16
桃園市,桃園區,春日里,2238,1765487,789,507,242,986,974.92,123.58
桃園市,桃園區,信光里,2586,2498939,966,566,270,1137,1964.56,203.30
桃園市,桃園區,中寧里,2541,2927601,1152,668,289,1507,1379.15,119.70
桃園市,桃園區,同安里,4199,6193152,1475,756,320,1729,2358.25,159.89
桃園市,桃園區,莊敬里,3614,4707983,1303,660,297,1485,2189.18,168.05
桃園市,桃園區,文中里,2389,2879862,1205,804,380,1561,1339.94,111.16
桃園市,桃園區,泰山里,1376,1200298,872,522,245,1090,1309.56,150.13
桃園市,桃園區,中路里,1471,1287232,875,574,276,1044,1059.08,121.03
桃園市,桃園區,中德里,2306,2027643,879,525,250,1043,1242.82,141.34
桃園市,桃園區,龍祥里,1863,1614969,867,552,296,1062,1008.97,116.39
桃園市,桃園區,大有里,2531,2267651,896,593,261,1176,1047.39,116.90
桃園市,桃園區,寶山里,1607,1244052,774,463,236,913,1825.17,235.77
桃園市,桃園區,龍鳳里,2918,2512357,861,546,269,1097,998.23,115.94
桃園市,桃園區,龍安里,2283,2175575,953,620,300,1226,1083.19,113.67
桃園市,桃園區,自強里,2969,3349937,1128,601,288,1273,3545.24,314.21
桃園市,桃園區,中信里,2147,1920171,894,548,267,1120,1199.20,134.09
桃園市,桃園區,長德里,1785,1560735,874,544,256,1044,1171.19,133.95
桃園市,桃園區,中平里,1715,1333489,778,475,243,954,986.79,126.91
桃園市,桃園區,中原里,1769,1468981,830,537,259,1085,922.17,111.05
桃園市,桃園區,中泰里,1645,1728643,1051,626,277,1266,1406.95,133.89
桃園市,桃園區,南埔里,1997,2042875,1023,602,271,1278,1287.46,125.85
桃園市,桃園區,寶慶里,2488,2995683,1204,705,323,1522,1490.72,123.81
桃園市,桃園區,北埔里,1893,1805489,954,599,284,1177,1182.18,123.95
桃園市,桃園區,三元里,1560,1220795,783,524,246,985,919.72,117.53
桃園市,桃園區,中聖里,2127,2268289,1066,627,276,1305,1385.56,129.93
桃園市,桃園區,龍壽里,2665,2262112,849,584,295,1105,947.55,111.63
桃園市,桃園區,瑞慶里,2237,2227418,996,601,289,1183,1800.80,180.85
桃園市,桃園區,寶安里,3065,2954110,964,566,260,1191,1289.79,133.82
桃園市,桃園區,同德里,2461,3228368,1312,772,336,1606,1737.80,132.47
桃園市,桃園區,明德里,1329,2130486,1603,716,326,1636,4841.59,302.02
桃園市,桃園區,大樹里,1329,1006580,757,495,261,930,876.17,115.68
桃園市,桃園區,大業里,2022,2174076,1075,635,299,1293,2614.07,243.12
桃園市,桃園區,福元里,1873,1959641,1046,664,313,1371,1210.86,115.73
桃園市,桃園區,經國里,2119,2762376,1304,752,326,1593,1709.23,131.11
桃園市,桃園區,檜樂里,2324,1949412,839,527,256,1016,1547.43,184.48
桃園市,桃園區,寶民里,1553,1252705,807,511,251,1043,920.50,114.12
桃園市,大溪區,興和里,435,304824,701,447,203,867,768.06,109.61
桃園市,大溪區,福仁里,257,162618,633,446,213,697,830.14,131.20
桃園市,大溪區,一心里,1460,1008278,691,460,217,859,810.85,117.41
桃園市,大溪區,月眉里,343,210371,613,414,232,690,783.42,127.73
桃園市,大溪區,康安里,342,207048,605,395,181,742,680.73,112.44
桃園市,大溪區,義和里,439,267269,609,392,221,678,762.03,125.17
桃園市,大溪區,福安里,542,387143,714,419,229,797,1059.73,148.36
桃園市,大溪區,美華里,820,523854,639,426,205,747,890.75,139.43
桃園市,大溪區,復興里,168,124797,743,421,206,668,1403.84,188.98
桃園市,大溪區,新峰里,134,69567,519,355,181,660,653.53,125.88
桃園市,大溪區,永福里,254,245912,968,510,268,1020,1523.30,157.34
桃園市,大溪區,瑞興里,720,440703,612,394,212,746,991.58,162.00
桃園市,大溪區,中新里,418,226853,543,397,213,645,562.46,103.64
桃園市,大溪區,仁善里,1857,1656415,892,562,272,1119,1105.09,123.89
桃園市,大溪區,南興里,1621,987594,609,421,229,746,706.40,115.95
桃園市,大溪區,員林里,572,395429,691,473,246,901,725.87,105.00
桃園市,大溪區,瑞源里,1203,918520,764,502,267,921,1078.44,141.24
桃園市,大溪區,僑愛里,825,635030,770,488,254,930,1008.97,131.08
桃園市,大溪區,一德里,1627,1015484,624,427,205,735,836.54,134.03
桃園市,大溪區,仁愛里,1794,1307282,729,477,244,887,909.45,124.80
桃園市,大溪區,仁義里,739,421997,571,385,196,705,656.32,114.93
桃園市,大溪區,仁武里,1045,748737,716,473,241,917,862.36,120.36
桃園市,大溪區,光明里,747,487009,652,457,253,805,665.76,102.12
桃園市,大溪區,三元里,984,715693,727,541,272,932,770.24,105.90
桃園市,大溪區,田心里,1380,869100,630,409,197,765,740.48,117.58
桃園市,大溪區,仁文里,1261,842793,668,442,216,825,802.02,120.00
桃園市,大溪區,仁和里,1647,1266180,769,507,247,967,918.34,119.45
桃園市,大溪區,仁美里,1039,687352,662,453,234,788,815.13,123.22
桃園市,中壢區,後寮里,1873,1411941,754,525,278,936,835.47,110.83
桃園市,中壢區,石頭里,574,522306,910,532,240,1068,1216.44,133.68
桃園市,中壢區,新興里,1292,1047735,811,528,274,968,1077.53,132.87
桃園市,中壢區,仁美里,2015,1645206,816,536,270,1030,913.11,111.84
桃園市,中壢區,普仁里,1334,1038939,779,495,251,960,869.79,111.68
桃園市,中壢區,普義里,1496,1320922,883,550,258,1159,1051.43,119.08
桃園市,中壢區,內壢里,648,488579,754,485,248,900,1140.37,151.25
桃園市,中壢區,內定里,2554,1973966,773,520,275,978,900.47,116.51
桃園市,中壢區,水尾里,1302,1099287,844,512,261,1011,1261.08,149.36
桃園市,中壢區,青埔里,4026,5504407,1367,930,433,1773,1528.01,111.76
桃園市,中壢區,新街里,924,1018498,1102,607,284,1300,1568.85,142.33
桃園市,中壢區,興南里,1100,966210,878,519,232,1086,1176.65,133.96
桃園市,中壢區,興國里,640,518522,810,527,264,969,1130.29,139.51
桃園市,中壢區,中壢里,241,187847,779,524,252,1077,850.17,109.07
桃園市,中壢區,中榮里,275,234581,853,494,239,987,1159.01,135.87
桃園市,中壢區,中建里,380,317888,837,458,225,1003,1200.37,143.49
桃園市,中壢區,舊明里,483,401087,830,460,193,907,1251.72,150.74
桃園市,中壢區,新明里,1258,974736,775,485,243,981,944.14,121.85
桃園市,中壢區,三民里,1079,910111,843,485,246,937,1274.81,151.14
桃園市,中壢區,五權里,2398,2424450,1011,633,311,1274,1156.81,114.42
桃園市,中壢區,芝芭里,1956,2411581,1233,756,332,1507,1559.18,126.46
桃園市,中壢區,內厝里,1751,1589312,908,543,286,1068,1288.95,142.01
桃園市,中壢區,月眉里,2146,1584614,738,478,245,907,1067.58,144.58
桃園市,中壢區,山東里,1244,893045,718,474,241,880,796.75,110.99
桃園市,中壢區,過嶺里,3600,3616205,1005,687,355,1287,1195.56,119.02
桃園市,中壢區,興仁里,1165,854075,733,476,237,880,1028.12,140.24
桃園市,中壢區,中原里,1227,895494,730,484,243,913,821.11,112.51
桃園市,中壢區,自立里,1620,1093689,675,479,255,884,670.06,99.25
桃園市,中壢區,洽溪里,2351,2763979,1176,832,402,1501,1315.76,111.92
桃園市,中壢區,中堅里,1301,1021517,785,537,265,1050,791.01,100.74
桃園市,中壢區,永興里,286,232095,812,553,237,980,1193.09,147.02
桃園市,中壢區,光明里,1935,1926775,996,577,274,1204,1506.57,151.30
桃園市,中壢區,中央里,1351,1264619,936,566,270,1099,1253.86,133.95
桃園市,中壢區,龍岡里,1513,1111473,735,510,249,893,906.72,123.43
桃園市,中壢區,中正里,1877,1509666,804,517,279,939,1073.17,133.43
桃園市,中壢區,篤行里,1040,969016,932,563,280,1069,1298.91,139.41
桃園市,中壢區,信義里,1685,1599027,949,590,298,1185,1176.42,123.97
桃園市,中壢區,忠義里,1614,1408017,872,611,307,1121,944.87,108.31
桃園市,中壢區,忠福里,1585,1377512,869,596,308,1135,964.35,110.96
桃園市,中壢區,東興里,1245,1178682,947,571,276,1161,1256.18,132.69
桃園市,中壢區,復興里,1546,1164840,753,565,301,966,737.97,97.95
桃園市,中壢區,自強里,1289,1129195,876,520,254,1098,1156.62,132.03
桃園市,中壢區,龍平里,853,587193,688,445,212,800,1020.80,148.29
桃園市,中壢區,成功里,1547,1154013,746,500,281,929,956.57,128.23
桃園市,中壢區,龍興里,1545,1176077,761,542,272,964,887.36,116.57
桃園市,中壢區,仁愛里,1109,947173,854,543,272,1005,1113.02,130.32
桃園市,中壢區,仁德里,971,621956,641,464,241,831,628.64,98.14
桃園市,中壢區,仁祥里,841,496981,591,428,214,746,697.37,118.01
桃園市,中壢區,龍東里,1595,1119573,702,452,238,843,857.90,122.22
桃園市,中壢區,龍昌里,1993,1248642,627,441,232,772,676.15,107.92
桃園市,中壢區,文化里,3277,2685984,820,523,269,992,981.86,119.79
桃園市,中壢區,振興里,1658,1228641,741,532,280,937,784.72,105.89
桃園市,中壢區,普慶里,868,691180,796,493,251,929,1081.10,135.77
桃園市,中壢區,興和里,951,745427,784,510,248,915,976.87,124.63
桃園市,中壢區,永光里,2084,1915394,919,615,278,1227,1045.57,113.76
桃園市,中壢區,復華里,2062,1711252,830,562,283,1064,899.64,108.40
桃園市,中壢區,忠孝里,1812,1686575,931,600,283,1202,1189.81,127.83
桃園市,中壢區,福德里,1001,865221,864,507,270,975,1153.48,133.45
桃園市,中壢區,和平里,834,607021,728,503,263,927,758.00,104.14
桃園市,中壢區,普忠里,1162,1215293,1046,573,276,1292,1427.48,136.49
桃園市,中壢區,普強里,1368,1163446,850,521,255,1028,1286.26,151.24
桃園市,中壢區,明德里,1737,1482151,853,556,270,1063,984.49,115.38
桃園市,中壢區,至善里,1296,960008,741,514,267,927,815.47,110.09
桃園市,中壢區,五福里,1159,874663,755,461,236,887,973.06,128.94
桃園市,中壢區,龍德里,1488,1297445,872,543,274,1141,969.11,111.14
桃園市,中壢區,正義里,1641,1326107,808,516,240,1018,943.75,116.78
桃園市,中壢區,龍安里,615,402909,655,448,227,790,744.20,113.59
桃園市,中壢區,中山里,1832,1433420,782,508,267,936,1612.95,206.15
桃園市,中壢區,德義里,901,715074,794,525,248,1013,965.81,121.69
桃園市,中壢區,仁義里,1446,1355847,938,583,281,1166,1166.10,124.36
桃園市,中壢區,華勛里,1412,917317,650,479,231,854,675.38,103.96
桃園市,中壢區,仁福里,1666,1120921,673,455,246,834,748.91,111.31
桃園市,中壢區,幸福里,2267,1812342,799,502,249,959,1088.33,136.14
桃園市,中壢區,永福里,2038,1607151,789,510,249,962,943.10,119.59
桃園市,中壢區,仁和里,1213,816135,673,493,250,883,651.50,96.83
桃園市,中壢區,華愛里,1291,1021730,791,500,268,984,1026.87,129.75
桃園市,中壢區,莊敬里,1227,961825,784,530,252,986,914.80,116.70
桃園市,中壢區,自治里,1321,1131760,857,550,283,1113,965.66,112.71
桃園市,中壢區,健行里,1614,1432243,887,595,300,1149,959.29,108.10
桃園市,中壢區,興平里,827,738456,893,572,282,1090,1180.41,132.20
桃園市,中壢區,中興里,1365,1229777,901,506,269,960,4762.26,528.59
桃園市,中壢區,龍慈里,1797,1379545,768,525,269,982,888.31,115.71
桃園市,中壢區,自信里,2175,1928732,887,562,290,1152,986.69,111.27
桃園市,中壢區,林森里,1366,1099942,805,504,245,993,963.00,119.59
桃園市,中壢區,金華里,1815,2716012,1496,840,340,1857,2201.63,147.13
桃園市,中壢區,青溪里,1502,2440829,1625,1021,439,2116,2882.14,177.36
桃園市,中壢區,興華里,2231,2079983,932,628,321,1195,1117.92,119.91
桃園市,中壢區,興福里,1353,1053889,779,503,248,955,1027.14,131.87
桃園市,楊梅區,楊梅里,1456,1275713,876,547,272,1050,2727.60,311.31
桃園市,楊梅區,楊江里,359,277915,774,504,245,990,828.81,107.06
桃園市,楊梅區,紅梅里,847,627768,741,483,254,911,874.35,117.97
桃園市,楊梅區,水美里,1409,954605,678,437,229,847,802.70,118.48
桃園市,楊梅區,上田里,1023,611992,598,424,236,763,602.03,100.63
桃園市,楊梅區,東流里,1003,591539,590,408,212,711,751.02,127.34
桃園市,楊梅區,大平里,1041,695936,669,466,247,771,1434.29,214.54
桃園市,楊梅區,永寧里,2855,2521574,883,548,282,1030,1542.86,174.69
桃園市,楊梅區,瑞原里,1254,715249,570,424,233,718,554.46,97.21
桃園市,楊梅區,員本里,998,657302,659,476,264,840,800.77,121.58
桃園市,楊梅區,富岡里,576,376353,653,428,224,799,809.16,123.84
桃園市,楊梅區,豐野里,1334,873554,655,468,250,853,674.67,103.03
桃園市,楊梅區,上湖里,2225,1493665,671,470,258,841,950.73,141.62
桃園市,楊梅區,三湖里,1042,664174,637,455,248,765,766.93,120.32
桃園市,楊梅區,梅溪里,1723,1406540,816,531,260,965,983.68,120.50
桃園市,楊梅區,瑞塘里,2222,1778314,800,533,267,975,986.53,123.27
桃園市,楊梅區,埔心里,444,307332,692,490,255,852,721.79,104.28
桃園市,楊梅區,高山里,1443,987243,684,479,248,858,741.07,108.32
桃園市,楊梅區,高榮里,1261,934826,741,457,230,806,1146.07,154.59
桃園市,楊梅區,金龍里,687,513765,748,559,300,939,831.14,111.14
桃園市,楊梅區,四維里,2014,2072875,1029,622,301,1258,1319.25,128.18
桃園市,楊梅區,梅新里,718,582488,811,505,262,955,1146.14,141.28
桃園市,楊梅區,仁美里,1310,850973,650,447,235,787,758.68,116.79
桃園市,楊梅區,光華里,1089,680520,625,430,220,784,781.81,125.11
桃園市,楊梅區,大同里,1340,999780,746,515,271,917,869.58,116.55
桃園市,楊梅區,中山里,1142,872580,764,495,252,913,919.04,120.28
桃園市,楊梅區,楊明里,3392,2878694,849,586,307,1054,927.45,109.28
桃園市,楊梅區,金溪里,1706,2016924,1182,645,304,1373,1815.63,153.57
桃園市,楊梅區,裕成里,1255,1128234,899,544,269,1035,1513.82,168.39
桃園市,楊梅區,秀才里,1201,727167,605,436,239,760,614.81,101.54
桃園市,楊梅區,青山里,1615,964124,597,436,231,761,614.84,102.99
桃園市,楊梅區,新榮里,1254,998813,797,489,250,929,1098.12,137.87
桃園市,楊梅區,雙榮里,1211,1006909,831,554,292,1037,896.46,107.82
桃園市,楊梅區,瑞坪里,2335,1754252,751,520,265,969,804.81,107.12
桃園市,楊梅區,永平里,764,498367,652,428,222,759,1191.94,182.73
桃園市,楊梅區,瑞溪里,1536,1260103,820,569,290,1041,867.70,105.77
桃園市,楊梅區,高上里,964,595950,618,424,230,747,737.72,119.33
桃園市,楊梅區,富豐里,1042,656257,630,435,241,789,691.76,109.84
桃園市,楊梅區,裕新里,849,563455,664,452,229,839,777.94,117.22
桃園市,楊梅區,三民里,1304,969205,743,467,243,916,931.70,125.35
桃園市,楊梅區,頭湖里,1044,657002,629,442,227,776,714.62,113.56
桃園市,蘆竹區,新興里,1021,821787,805,497,254,918,1315.24,163.41
桃園市,蘆竹區,中福里,1474,1079306,732,514,261,897,861.07,117.60
桃園市,蘆竹區,新莊里,1888,1477552,783,525,260,985,967.34,123.61
桃園市,蘆竹區,大竹里,2217,1925625,869,580,305,1068,1181.54,136.03
桃園市,蘆竹區,蘆竹里,1352,1124315,832,507,264,1029,1054.85,126.85
桃園市,蘆竹區,南崁里,1517,1657674,1093,605,294,1266,1719.03,157.32
桃園市,蘆竹區,錦興里,1616,1455533,901,530,273,1099,1160.04,128.79
桃園市,蘆竹區,五福里,1022,1021609,1000,520,272,1092,2835.18,283.63
桃園市,蘆竹區,內厝里,774,653740,845,519,272,974,1141.31,135.13
桃園市,蘆竹區,山鼻里,736,539695,733,442,241,788,1614.47,220.17
桃園市,蘆竹區,坑子里,518,310511,599,402,232,750,639.65,106.71
桃園市,蘆竹區,外社里,484,310042,641,446,215,806,676.43,105.60
桃園市,蘆竹區,山腳里,1214,781762,644,430,234,765,734.92,114.13
桃園市,蘆竹區,坑口里,761,526464,692,435,239,801,941.66,136.12
桃園市,蘆竹區,海湖里,1049,598301,570,404,211,735,660.14,115.74
桃園市,蘆竹區,富竹里,481,368418,766,521,275,1002,857.45,111.95
桃園市,蘆竹區,上竹里,1373,1125431,820,507,253,966,1012.82,123.56
桃園市,蘆竹區,宏竹里,1055,686683,651,449,245,817,703.86,108.14
桃園市,蘆竹區,南榮里,1489,1648000,1107,593,276,1234,1835.22,165.82
桃園市,蘆竹區,南興里,2271,2828971,1246,754,347,1544,1505.08,120.82
桃園市,蘆竹區,長興里,944,596333,632,406,225,755,849.36,134.45
桃園市,蘆竹區,錦中里,1253,1293303,1032,607,276,1300,1372.17,132.94
桃園市,蘆竹區,瓦窯里,1378,1116780,810,504,263,965,1037.29,127.99
桃園市,蘆竹區,營盤里,2085,2077294,996,609,282,1251,1284.52,128.93
桃園市,蘆竹區,羊稠里,1933,2817707,1458,832,384,1787,2037.47,139.77
桃園市,蘆竹區,順興里,1795,2280731,1271,818,382,1579,1448.88,114.03
桃園市,蘆竹區,福昌里,2063,2215813,1074,670,334,1314,1281.37,119.30
桃園市,蘆竹區,福興里,1514,1780587,1176,753,341,1441,1433.75,121.91
桃園市,蘆竹區,蘆興里,592,598239,1011,561,281,1201,1400.91,138.63
桃園市,蘆竹區,長壽里,2225,2272273,1021,626,297,1266,1577.21,154.44
桃園市,蘆竹區,吉祥里,1587,2493081,1571,921,380,1985,2145.56,136.58
桃園市,蘆竹區,中山里,1396,1260358,903,612,281,1092,1092.74,121.03
桃園市,蘆竹區,福祿里,1318,1235084,937,631,304,1159,1086.73,115.97
桃園市,蘆竹區,興榮里,1180,1164074,987,600,290,1268,1265.07,128.24
桃園市,蘆竹區,中興里,2341,2164848,925,652,327,1160,991.53,107.22
桃園市,蘆竹區,上興里,1416,1386147,979,609,300,1211,1154.55,117.94
桃園市,蘆竹區,營福里,1327,1188891,896,585,284,1140,1173.00,130.93
桃園市,蘆竹區,正興里,1702,1385675,814,551,273,1050,1002.80,123.17
桃園市,蘆竹區,濱海里,786,461648,587,400,223,774,684.67,116.57
桃園市,大園區,大園里,1989,1429810,719,458,242,857,903.41,125.67
桃園市,大園區,田心里,2655,1961596,739,509,273,923,841.01,113.83
桃園市,大園區,溪海里,1588,960002,605,430,239,727,680.93,112.64
桃園市,大園區,和平里,497,312049,628,413,226,703,910.59,145.03
桃園市,大園區,橫峰里,1656,1100309,664,457,252,805,719.87,108.34
桃園市,大園區,五權里,1895,1388546,733,509,258,892,812.68,110.91
桃園市,大園區,埔心里,1605,1033044,644,440,224,801,759.87,118.06
桃園市,大園區,大海里,227,174378,768,521,279,880,938.03,122.11
桃園市,大園區,三石里,1019,680989,668,460,255,812,710.47,106.31
桃園市,大園區,菓林里,2439,1626372,667,483,263,858,656.55,98.46
桃園市,大園區,竹圍里,357,226257,634,444,260,850,617.68,97.46
桃園市,大園區,海口里,331,222331,672,495,237,888,686.09,102.14
桃園市,大園區,沙崙里,436,263466,604,430,206,760,998.84,165.29
桃園市,大園區,後厝里,273,219310,803,437,248,823,1451.92,180.74
桃園市,大園區,圳頭里,663,440233,664,422,223,742,933.17,140.54
桃園市,大園區,內海里,770,468995,609,430,213,728,688.44,113.03
桃園市,大園區,北港里,987,540062,547,394,211,672,669.73,122.40
桃園市,大園區,南港里,2530,1618894,640,476,261,824,649.94,101.57
桃園市,大園區,青峰里,1760,2134159,1213,795,360,1568,1363.28,112.43
桃園市,大園區,青山里,1532,2244165,1465,913,403,1881,1785.01,121.86
桃園市,龜山區,龜山里,2346,1750138,746,484,245,900,926.87,124.24
桃園市,龜山區,新路里,1714,1211971,707,462,239,844,882.40,124.79
桃園市,龜山區,山頂里,1814,1317490,726,497,259,903,794.54,109.40
桃園市,龜山區,兔坑里,1353,697000,515,369,209,632,599.36,116.35
桃園市,龜山區,舊路里,806,488121,606,407,204,735,691.40,114.17
桃園市,龜山區,嶺頂里,1323,811220,613,406,213,689,1127.82,183.93
桃園市,龜山區,龍壽里,519,303084,584,373,198,758,631.43,108.13
桃園市,龜山區,楓樹里,1470,1124055,765,501,266,950,865.86,113.23
桃園市,龜山區,大崗里,1614,1221891,757,518,276,1009,796.37,105.19
桃園市,龜山區,公西里,445,410011,921,565,243,1143,1099.41,119.32
桃園市,龜山區,樂善里,5166,4686044,907,696,362,1205,818.87,90.27
桃園市,龜山區,南上里,704,499193,709,464,231,918,770.45,108.66
桃園市,龜山區,大坑里,613,366526,598,401,216,764,609.06,101.86
桃園市,龜山區,陸光里,1163,822197,707,440,224,883,859.42,121.56
桃園市,龜山區,精忠里,1968,1586869,806,553,261,1017,892.98,110.75
桃園市,龜山區,山福里,1103,763196,692,446,228,851,818.74,118.33
桃園市,龜山區,山德里,1549,1100012,710,461,231,862,825.45,116.24
桃園市,龜山區,中興里,1556,1227775,789,472,244,957,1064.23,134.87
桃園市,龜山區,大同里,2048,1508470,737,457,236,869,945.13,128.32
桃園市,龜山區,文化里,3236,4135704,1278,764,347,1569,1609.25,125.92
桃園市,龜山區,南美里,906,706731,780,533,260,933,971.20,124.50
桃園市,龜山區,幸福里,1454,695080,478,359,194,596,498.50,104.28
桃園市,龜山區,福源里,594,349821,589,425,240,726,596.16,101.23
桃園市,龜山區,龍華里,1158,666282,575,401,203,757,631.11,109.69
桃園市,龜山區,迴龍里,2078,1418529,683,436,228,839,842.45,123.41
桃園市,龜山區,新嶺里,1231,663615,539,382,203,664,629.28,116.73
桃園市,龜山區,大湖里,2385,2535459,1063,670,315,1319,1235.07,116.18
桃園市,龜山區,大華里,3693,3781949,1024,644,311,1335,1182.77,115.50
桃園市,龜山區,長庚里,2633,3422686,1300,969,600,1512,1379.50,106.12
桃園市,龜山區,新興里,739,543591,736,491,249,876,1024.71,139.31
桃園市,龜山區,文青里,3957,3689320,932,667,317,1259,940.47,100.87
桃園市,龜山區,楓福里,1369,1216683,889,603,303,1147,973.83,109.57
桃園市,八德區,興仁里,1413,1306000,924,577,285,1118,1327.52,143.63
桃園市,八德區,福興里,1857,1466975,790,548,289,995,921.70,116.68
桃園市,八德區,瑞豐里,2067,1656486,801,598,295,1014,813.86,101.55
桃園市,八德區,廣興里,988,594868,602,399,219,781,639.13,106.15
桃園市,八德區,竹園里,1106,669934,606,434,219,746,698.02,115.24
桃園市,八德區,霄裡里,656,386446,589,421,230,752,735.12,124.79
桃園市,八德區,茄苳里,917,540075,589,394,216,709,689.29,117.04
桃園市,八德區,白鷺里,955,609516,638,407,227,802,770.98,120.80
桃園市,八德區,大湳里,1434,1093580,763,479,239,911,906.33,118.85
桃園市,八德區,大安里,1219,796075,653,450,240,797,776.74,118.94
桃園市,八德區,大興里,1372,1219981,889,538,259,1099,1796.73,202.06
桃園市,八德區,大福里,1952,1603197,821,534,254,1044,906.17,110.33
桃園市,八德區,大同里,411,276155,672,425,210,806,891.89,132.74
桃園市,八德區,大忠里,565,377574,668,456,223,845,728.33,108.99
桃園市,八德區,大勇里,1528,1370948,897,518,255,1034,1202.39,134.01
桃園市,八德區,大義里,1243,941983,758,466,237,876,1001.45,132.15
桃園市,八德區,大成里,1027,657069,640,436,210,790,752.35,117.59
桃園市,八德區,瑞發里,967,569929,589,418,196,717,715.90,121.47
桃園市,八德區,瑞祥里,1042,632926,607,480,255,798,520.82,85.74
桃園市,八德區,瑞德里,999,578738,579,402,213,723,667.12,115.16
桃園市,八德區,廣隆里,1663,1343698,808,510,254,1000,1005.48,124.44
桃園市,八德區,高明里,1280,802660,627,424,220,779,660.36,105.31
桃園市,八德區,大和里,2769,2356331,851,542,273,1058,1081.18,127.05
桃園市,八德區,大信里,896,505843,565,389,197,669,750.47,132.93
桃園市,八德區,大華里,863,612023,709,488,241,912,782.83,110.39
桃園市,八德區,大仁里,1435,917603,639,443,223,807,712.39,111.41
桃園市,八德區,大智里,1637,1830891,1118,611,304,1417,1485.82,132.85
桃園市,八德區,瑞泰里,1369,963597,704,465,240,850,864.66,122.84
桃園市,八德區,大昌里,909,555994,612,392,193,757,995.60,162.77
桃園市,八德區,大正里,1720,1408420,819,571,298,1026,863.66,105.47
桃園市,八德區,大強里,1087,715216,658,467,244,814,691.44,105.09
桃園市,八德區,大發里,678,441313,651,447,235,793,767.48,117.91
桃園市,八德區,大明里,1268,917316,723,451,227,886,924.83,127.84
桃園市,八德區,大竹里,488,272209,558,398,203,691,613.91,110.06
桃園市,八德區,大慶里,386,255145,661,485,228,816,734.22,111.08
桃園市,八德區,大千里,779,496454,637,440,221,841,683.59,107.26
桃園市,八德區,大榮里,602,377117,626,419,216,746,760.69,121.43
桃園市,八德區,茄明里,1777,1191509,671,469,250,871,688.73,102.72
桃園市,八德區,高城里,1061,745338,702,497,279,902,698.68,99.46
桃園市,八德區,瑞興里,1004,691672,689,475,241,845,743.21,107.88
桃園市,八德區,大愛里,879,712793,811,510,271,1026,892.79,110.10
桃園市,八德區,大宏里,2092,2133082,1020,667,321,1291,1138.95,111.70
桃園市,八德區,大漢里,1491,969810,650,446,230,824,710.19,109.19
桃園市,八德區,廣德里,959,728058,759,487,250,924,884.07,116.45
桃園市,八德區,龍友里,599,386786,646,430,220,719,1047.98,162.30
桃園市,八德區,陸光里,1242,769517,620,414,212,771,676.12,109.13
桃園市,八德區,永豐里,943,643904,683,442,229,791,904.17,132.42
桃園市,八德區,大順里,761,474037,623,443,216,761,821.19,131.83
桃園市,八德區,福元里,1651,1317194,798,574,282,998,969.79,121.56
桃園市,八德區,福德里,1066,865563,812,512,253,1044,1238.62,152.54
桃園市,八德區,興中里,1649,1369653,831,582,303,1053,839.33,101.05
桃園市,龍潭區,黃唐里,1565,1094414,699,472,237,876,830.82,118.81
桃園市,龍潭區,烏林里,1678,1262342,752,487,249,881,2545.17,338.32
桃園市,龍潭區,八德里,1400,892783,638,451,253,764,720.10,112.92
桃園市,龍潭區,上林里,1493,1112903,745,474,237,920,1309.64,175.69
桃園市,龍潭區,龍潭里,580,426419,735,469,240,902,877.88,119.41
桃園市,龍潭區,九龍里,1255,868423,692,455,240,795,965.64,139.55
桃園市,龍潭區,佳安里,1315,1204361,916,707,319,1239,929.60,101.50
桃園市,龍潭區,三坑里,388,300715,775,438,245,835,1454.94,187.72
桃園市,龍潭區,大平里,847,771619,911,534,257,1010,1305.17,143.27
桃園市,龍潭區,三林里,1128,1017092,902,566,290,1074,1226.36,136.01
桃園市,龍潭區,高平里,1027,654820,638,433,235,761,699.71,109.74
桃園市,龍潭區,高原里,1421,950431,669,443,231,755,944.93,141.28
桃園市,龍潭區,三和里,225,163853,728,445,227,863,912.90,125.36
桃園市,龍潭區,三水里,168,98639,587,404,201,729,629.54,107.22
桃園市,龍潭區,中興里,1414,1008997,714,468,251,811,975.23,136.67
桃園市,龍潭區,中正里,2077,2004356,965,621,307,1202,1305.22,135.25
桃園市,龍潭區,中山里,2082,1976828,949,583,305,1160,1192.03,125.55
桃園市,龍潭區,凌雲里,1193,710142,595,432,233,755,608.13,102.16
桃園市,龍潭區,永興里,825,508719,617,414,222,743,794.63,128.87
桃園市,龍潭區,烏樹林里,906,600107,662,464,244,816,737.19,111.30
桃園市,龍潭區,百年里,1607,1634913,1017,565,294,1145,4214.97,414.30
桃園市,龍潭區,龍祥里,1130,819748,725,481,253,900,884.67,121.95
桃園市,龍潭區,聖德里,973,555788,571,410,235,683,674.54,118.09
桃園市,龍潭區,龍星里,1495,1236530,827,535,273,1077,889.11,107.50
桃園市,龍潭區,上華里,1148,913480,796,504,231,956,1426.07,179.22
桃園市,龍潭區,武漢里,435,289740,666,511,250,800,757.56,113.74
桃園市,龍潭區,東興里,1207,1010734,837,605,299,1079,847.31,101.18
桃園市,龍潭區,北興里,666,371389,558,403,221,695,719.89,129.10
桃園市,龍潭區,建林里,1309,1150671,879,559,280,1067,1514.34,172.27
桃園市,龍潭區,富林里,1110,910828,821,575,289,1052,874.11,106.53
桃園市,龍潭區,祥和里,555,369753,666,476,267,816,696.35,104.52
桃園市,龍潭區,渴望里,958,1679780,1753,953,369,2071,3733.53,212.93
桃園市,平鎮區,忠貞里,567,549030,968,666,332,1266,1075.06,111.03
桃園市,平鎮區,東社里,1000,572727,573,413,229,712,580.51,101.36
桃園市,平鎮區,東勢里,1794,1185171,661,445,234,781,860.15,130.20
桃園市,平鎮區,山峰里,688,413102,600,422,230,759,622.45,103.67
桃園市,平鎮區,平鎮里,1579,1082547,686,452,232,828,811.29,118.33
桃園市,平鎮區,北勢里,843,738774,876,548,272,1097,992.77,113.28
桃園市,平鎮區,南勢里,2132,1668395,783,508,274,970,959.51,122.61
桃園市,平鎮區,宋屋里,1620,1237534,764,501,253,958,894.97,117.16
桃園市,平鎮區,高雙里,1568,1540650,983,589,295,1207,1145.88,116.62
桃園市,平鎮區,復旦里,2145,2231744,1040,627,291,1300,1380.13,132.65
桃園市,平鎮區,新勢里,1239,924613,746,499,260,911,869.78,116.55
桃園市,平鎮區,建安里,1441,925849,643,449,229,797,720.18,112.09
桃園市,平鎮區,中正里,543,456983,842,561,265,1083,982.21,116.71
桃園市,平鎮區,貿易里,701,573503,818,572,304,1059,799.73,97.75
桃園市,平鎮區,湧光里,1642,1081516,659,445,240,800,778.32,118.17
桃園市,平鎮區,義民里,1984,2063418,1040,513,266,1057,7738.22,744.04
桃園市,平鎮區,雙連里,1582,1179130,745,474,250,893,970.68,130.23
桃園市,平鎮區,東安里,864,510784,591,420,218,711,687.29,116.26
桃園市,平鎮區,龍恩里,837,475000,568,425,217,703,584.44,102.98
桃園市,平鎮區,龍興里,747,492147,659,431,237,782,1133.13,171.99
桃園市,平鎮區,廣興里,1962,1775112,905,569,279,1116,1166.73,128.96
桃園市,平鎮區,莊敬里,1582,1146688,725,479,251,880,900.58,124.25
桃園市,平鎮區,新富里,2220,2044148,921,583,287,1151,1300.61,141.25
桃園市,平鎮區,北興里,1289,870410,675,486,257,868,708.06,104.86
桃園市,平鎮區,北貴里,1373,964403,702,463,244,860,804.55,114.54
桃園市,平鎮區,新安里,1457,852145,585,461,250,739,524.80,89.73
桃園市,平鎮區,鎮興里,1012,670404,662,461,252,794,742.48,112.08
桃園市,平鎮區,義興里,2513,2079006,827,534,249,993,1552.82,187.70
桃園市,平鎮區,湧豐里,588,415300,706,425,241,760,1087.34,153.95
桃園市,平鎮區,湧安里,1550,926560,598,464,238,776,570.21,95.39
桃園市,平鎮區,廣達里,1494,1289851,863,580,292,1099,971.32,112.51
桃園市,平鎮區,福林里,1240,963492,777,498,257,970,1093.12,140.68
桃園市,平鎮區,金星里,2612,2141303,820,583,306,1040,858.92,104.77
桃園市,平鎮區,廣仁里,1350,818319,606,412,213,744,734.75,121.21
桃園市,平鎮區,新貴里,1062,756402,712,471,240,853,864.62,121.39
桃園市,平鎮區,北富里,1368,1050037,768,491,261,923,1049.58,136.74
桃園市,平鎮區,新榮里,1924,1498681,779,524,263,916,1095.88,140.69
桃園市,平鎮區,華安里,1300,745286,573,415,237,727,550.48,96.02
桃園市,平鎮區,金陵里,1144,1052945,920,588,282,1171,1026.11,111.48
桃園市,平鎮區,北安里,541,469416,868,527,240,977,1173.35,135.23
桃園市,平鎮區,北華里,1469,1514653,1031,656,299,1291,1280.22,124.16
桃園市,平鎮區,復興里,1828,1602600,877,533,286,1086,1081.64,123.38
桃園市,平鎮區,平興里,2197,2136613,973,618,299,1223,1246.53,128.18
桃園市,平鎮區,新英里,1489,1260564,847,587,271,1107,924.24,109.17
桃園市,平鎮區,平安里,1955,1466238,750,555,273,974,725.68,96.76
桃園市,平鎮區,平南里,2610,1938089,743,520,264,959,801.27,107.91
桃園市,新屋區,新屋里,928,607459,655,472,243,830,679.51,103.81
桃園市,新屋區,新生里,1413,943001,667,469,254,828,699.23,104.77
桃園市,新屋區,後湖里,498,280174,563,399,227,767,535.45,95.18
桃園市,新屋區,清華里,1450,920876,635,436,237,752,718.55,113.14
桃園市,新屋區,石磊里,775,459336,593,441,238,739,621.53,104.87
桃園市,新屋區,東明里,462,296608,642,441,263,786,673.43,104.89
桃園市,新屋區,社子里,400,264057,660,472,250,756,769.15,116.51
桃園市,新屋區,九斗里,741,432401,584,434,232,778,569.36,97.57
桃園市,新屋區,埔頂里,851,488588,574,413,233,682,692.27,120.58
桃園市,新屋區,頭洲里,1615,1196288,741,508,264,915,846.07,114.22
桃園市,新屋區,大坡里,397,250428,631,450,224,746,711.21,112.75
桃園市,新屋區,望間里,405,250342,618,427,218,721,806.45,130.47
桃園市,新屋區,後庄里,303,192430,635,438,235,792,754.82,118.85
桃園市,新屋區,槺榔里,288,155884,541,399,213,696,512.40,94.67
桃園市,新屋區,深圳里,146,104553,716,486,275,929,899.13,125.56
桃園市,新屋區,蚵間里,261,147720,566,439,240,725,500.39,88.41
桃園市,新屋區,笨港里,276,156810,568,427,237,698,564.99,99.44
桃園市,新屋區,永興里,298,165901,557,387,243,675,646.07,116.05
桃園市,新屋區,下埔里,228,133656,586,462,214,781,523.87,89.37
桃園市,新屋區,石牌里,254,140300,552,394,214,729,617.12,111.72
桃園市,新屋區,下田里,483,274406,568,404,219,701,597.34,105.14
桃園市,新屋區,赤欄里,424,269849,636,442,231,775,724.81,113.89
桃園市,新屋區,永安里,669,408211,610,414,222,700,860.47,141.02
桃園市,觀音區,觀音里,847,512253,605,455,242,759,611.44,101.10
桃園市,觀音區,廣興里,407,232719,572,410,216,762,566.30,99.04
桃園市,觀音區,白玉里,235,145622,620,431,237,796,639.75,103.24
桃園市,觀音區,武威里,290,176408,608,430,248,741,599.70,98.58
桃園市,觀音區,大潭里,720,436432,606,425,228,744,721.27,118.99
桃園市,觀音區,保生里,698,443192,635,441,247,809,715.48,112.68
桃園市,觀音區,三和里,259,152722,590,433,238,791,554.58,94.05
桃園市,觀音區,新興里,274,187411,684,507,278,820,615.90,90.05
桃園市,觀音區,新坡里,916,578985,632,459,272,782,736.04,116.45
桃園市,觀音區,廣福里,896,591192,660,449,239,784,777.27,117.80
桃園市,觀音區,金湖里,921,533089,579,422,223,748,573.05,99.00
桃園市,觀音區,坑尾里,638,377297,591,450,254,757,582.40,98.48
桃園市,觀音區,藍埔里,919,597627,650,440,229,757,776.47,119.40
桃園市,觀音區,大堀里,564,356700,632,464,266,816,629.97,99.61
桃園市,觀音區,大同里,1087,731255,673,473,247,840,754.44,112.15
桃園市,觀音區,上大里,886,545822,616,439,223,760,712.96,115.73
桃園市,觀音區,崙坪里,1582,1023748,647,445,251,764,754.59,116.61
桃園市,觀音區,保障里,660,425279,644,464,244,746,884.33,137.24
桃園市,觀音區,草漯里,1368,862546,631,488,260,784,641.56,101.75
桃園市,觀音區,樹林里,1709,921058,539,423,238,666,571.23,105.99
桃園市,觀音區,富林里,686,398573,581,462,254,759,530.29,91.27
桃園市,觀音區,塔腳里,304,194689,640,425,213,717,764.22,119.33
桃園市,觀音區,富源里,1561,1032359,661,482,265,853,645.78,97.65
桃園市,觀音區,草新里,2446,1634598,668,508,273,873,623.00,93.22
桃園市,復興區,長興里,94,53178,566,404,197,659,716.01,126.57
桃園市,復興區,三民里,398,226152,568,454,235,727,508.48,89.49
桃園市,復興區,澤仁里,315,179075,568,403,223,738,538.24,94.68
桃園市,復興區,霞雲里,110,53882,490,384,220,623,402.45,82.16
桃園市,復興區,義盛里,127,61576,485,375,201,670,408.17,84.18
桃園市,復興區,高義里,125,55932,447,376,237,604,322.20,72.01
桃園市,復興區,三光里,100,54988,550,481,226,716,476.30,86.62
桃園市,復興區,奎輝里,146,76153,522,400,220,692,420.21,80.56
桃園市,復興區,華陵里,186,98374,529,421,242,683,494.54,93.50
桃園市,復興區,羅浮里,224,116016,518,381,164,685,567.35,109.54
新竹縣,竹東鎮,上坪里,60,38881,648,500,328,682,630.73,97.33
新竹縣,竹東鎮,瑞峰里,103,89617,870,485,219,800,1771.80,203.64
新竹縣,竹東鎮,軟橋里,87,70697,813,475,237,851,1164.55,143.31
新竹縣,竹東鎮,員崠里,756,575531,761,486,240,966,890.91,117.03
新竹縣,竹東鎮,上舘里,3335,2964508,889,507,261,1053,1235.62,139.00
新竹縣,竹東鎮,東寧里,1230,1082810,880,561,282,1107,1018.09,115.65
新竹縣,竹東鎮,大鄉里,1695,1543305,911,514,265,1093,1281.05,140.70
新竹縣,竹東鎮,東華里,204,171104,839,517,256,937,1118.80,133.39
新竹縣,竹東鎮,商華里,869,632641,728,476,252,882,932.80,128.13
新竹縣,竹東鎮,竹東里,421,303376,721,470,215,943,867.52,120.39
新竹縣,竹東鎮,榮樂里,425,355649,837,539,238,1071,1185.43,141.66
新竹縣,竹東鎮,鷄林里,1246,1088574,874,525,269,1021,1142.31,130.75
新竹縣,竹東鎮,五豐里,2699,2171147,804,499,256,973,1161.21,144.35
新竹縣,竹東鎮,三重里,2472,2870678,1161,634,291,1420,1604.35,138.15
新竹縣,竹東鎮,二重里,4993,7967699,1596,949,414,2059,2095.10,131.29
新竹縣,竹東鎮,柯湖里,159,141226,888,485,257,973,1289.29,145.15
新竹縣,竹東鎮,頭重里,1753,2871089,1638,768,335,1979,3037.60,185.47
新竹縣,竹東鎮,員山里,704,843163,1198,621,282,1238,1820.92,152.04
新竹縣,竹東鎮,仁愛里,1106,1033990,935,546,262,1157,1276.44,136.53
新竹縣,竹東鎮,中山里,525,383654,731,423,217,858,960.18,131.39
新竹縣,竹東鎮,中正里,1036,1136696,1097,664,329,1366,1278.08,116.49
新竹縣,竹東鎮,南華里,363,358067,986,554,230,1244,1242.32,125.94
新竹縣,竹東鎮,榮華里,2646,2532096,957,591,284,1173,1475.15,154.15
新竹縣,竹東鎮,忠孝里,544,394530,725,459,225,881,923.05,127.28
新竹縣,竹東鎮,陸豐里,170,153821,905,566,260,954,1434.69,158.56
新竹縣,關西鎮,東興里,150,115429,770,572,231,882,832.83,108.23
新竹縣,關西鎮,西安里,601,413734,688,434,217,841,862.42,125.28
新竹縣,關西鎮,南雄里,201,132873,661,402,207,803,774.14,117.11
新竹縣,關西鎮,北斗里,1211,903682,746,492,250,922,927.05,124.23
新竹縣,關西鎮,仁安里,298,190114,638,430,247,749,828.86,129.92
新竹縣,關西鎮,南山里,305,190361,624,429,239,747,652.96,104.62
新竹縣,關西鎮,北山里,199,128654,647,429,238,758,737.85,114.13
新竹縣,關西鎮,東安里,1226,882939,720,468,256,919,954.97,132.60
新竹縣,關西鎮,東光里,378,290344,768,485,262,885,1062.48,138.32
新竹縣,關西鎮,新富里,119,78847,663,467,242,719,1224.40,184.79
新竹縣,關西鎮,玉山里,78,44534,571,363,160,672,710.57,124.45
新竹縣,關西鎮,錦山里,191,103778,543,377,228,678,544.27,100.17
新竹縣,關西鎮,金山里,109,58504,537,359,205,747,480.64,89.55
新竹縣,關西鎮,石光里,545,389634,715,494,257,886,771.52,107.92
新竹縣,關西鎮,大同里,212,131433,620,431,254,785,661.91,106.77
新竹縣,關西鎮,上林里,192,156728,816,518,269,942,1116.71,136.80
新竹縣,關西鎮,新力里,151,97851,648,451,259,758,670.84,103.52
新竹縣,關西鎮,南和里,254,167328,659,439,258,806,750.61,113.94
新竹縣,關西鎮,東山里,210,138554,660,464,249,713,775.72,117.57
新竹縣,關西鎮,東平里,270,174822,647,462,243,794,663.76,102.51
新竹縣,關西鎮,南新里,200,119275,596,392,195,666,897.51,150.49
新竹縣,新埔鎮,新埔里,287,267343,932,550,273,1042,1318.00,141.49
新竹縣,新埔鎮,新生里,160,113378,709,492,237,828,784.08,110.65
新竹縣,新埔鎮,四座里,1123,898081,800,518,259,994,936.70,117.13
新竹縣,新埔鎮,五埔里,617,401764,651,492,255,850,627.93,96.43
新竹縣,新埔鎮,田新里,1447,1338625,925,633,325,1211,965.60,104.38
新竹縣,新埔鎮,旱坑里,546,380755,697,465,238,824,794.37,113.91
新竹縣,新埔鎮,北平里,179,117194,655,458,229,753,1063.29,162.41
新竹縣,新埔鎮,南平里,278,190480,685,456,247,767,858.49,125.29
新竹縣,新埔鎮,上寮里,592,458817,775,487,259,865,945.08,121.94
新竹縣,新埔鎮,下寮里,900,1050481,1167,548,281,1085,3122.98,267.56
新竹縣,新埔鎮,巨埔里,332,235169,708,445,205,891,812.73,114.74
新竹縣,新埔鎮,照門里,368,252101,685,470,257,838,869.61,126.94
新竹縣,新埔鎮,清水里,113,70113,620,441,226,754,599.64,96.64
新竹縣,新埔鎮,鹿鳴里,207,148371,717,491,248,846,955.64,133.33
新竹縣,新埔鎮,新北里,160,94077,588,383,213,688,718.86,122.26
新竹縣,新埔鎮,內立里,302,205911,682,440,237,822,753.48,110.51
新竹縣,新埔鎮,寶石里,273,206303,756,494,259,930,1021.25,135.14
新竹縣,新埔鎮,新民里,331,256711,776,508,272,862,1143.59,147.45
新竹縣,新埔鎮,文山里,1885,2348785,1246,638,315,1429,1719.81,138.02
新竹縣,竹北市,竹北里,3822,6182448,1618,1017,421,2062,2017.74,124.74
新竹縣,竹北市,竹仁里,3407,3567685,1047,594,281,1272,1357.92,129.68
新竹縣,竹北市,竹義里,2225,2403279,1080,620,276,1293,1511.88,139.97
新竹縣,竹北市,新社里,2861,3209819,1122,635,299,1362,1534.07,136.74
新竹縣,竹北市,新國里,2656,3567921,1343,829,381,1760,1514.15,112.72
新竹縣,竹北市,聯興里,1690,1667407,987,592,280,1158,1362.81,138.13
新竹縣,竹北市,斗崙里,3420,8265249,2417,1332,529,3102,3575.14,147.93
新竹縣,竹北市,鹿場里,5126,17103161,3337,2039,772,4352,5039.86,151.05
新竹縣,竹北市,東平里,6149,20698561,3366,2403,977,4559,3654.82,108.58
新竹縣,竹北市,中興里,4021,13972896,3475,1985,689,4579,6368.49,183.27
新竹縣,竹北市,隘口里,1690,4869717,2881,1903,698,3818,6195.29,215.00
新竹縣,竹北市,東海里,1010,849787,841,521,254,1047,1009.91,120.03
新竹縣,竹北市,十興里,3174,7805074,2459,1660,666,3245,2911.77,118.41
新竹縣,竹北市,麻園里,737,705909,958,604,285,1182,1160.17,121.13
新竹縣,竹北市,溪州里,913,936680,1026,610,278,1137,2084.91,203.22
新竹縣,竹北市,白地里,779,574711,738,468,251,876,835.45,113.24
新竹縣,竹北市,新庄里,396,303716,767,489,256,874,1186.89,154.75
新竹縣,竹北市,新港里,382,317873,832,520,294,1061,910.40,109.41
新竹縣,竹北市,大義里,558,441012,790,472,268,839,1085.40,137.33
新竹縣,竹北市,尚義里,527,388354,737,521,260,904,907.23,123.11
新竹縣,竹北市,崇義里,588,421678,717,484,247,871,907.96,126.61
新竹縣,竹北市,大眉里,668,578632,866,524,267,1015,1097.91,126.75
新竹縣,竹北市,泰和里,2475,2850364,1152,676,319,1421,1491.12,129.48
新竹縣,竹北市,北崙里,1556,2375619,1527,756,352,1788,2478.92,162.37
新竹縣,竹北市,新崙里,2865,3959598,1382,776,343,1727,1973.71,142.81
新竹縣,竹北市,福德里,1161,1099716,947,577,247,1143,1378.10,145.49
新竹縣,竹北市,興安里,1622,3558583,2194,1222,443,2821,2937.63,133.90
新竹縣,竹北市,東興里,3895,8546045,2194,1449,620,2939,2605.83,118.77
新竹縣,竹北市,北興里,3319,8643965,2604,1800,803,3486,3377.40,129.68
新竹縣,竹北市,文化里,1436,2865348,1995,923,380,2239,3379.53,169.37
新竹縣,竹北市,中崙里,3070,7520749,2450,1522,566,3337,3067.33,125.21
新竹縣,湖口鄉,長嶺村,1099,762628,694,470,250,832,812.48,117.08
新竹縣,湖口鄉,中勢村,1310,1130471,863,601,299,1067,988.35,114.53
新竹縣,湖口鄉,孝勢村,433,317054,732,467,236,911,896.82,122.48
新竹縣,湖口鄉,仁勢村,280,203036,725,461,254,871,844.34,116.44
新竹縣,湖口鄉,愛勢村,1455,1065498,732,497,272,907,952.29,130.04
新竹縣,湖口鄉,信勢村,1891,1519522,804,544,288,1011,865.90,107.76
新竹縣,湖口鄉,和興村,984,655019,666,458,250,799,741.46,111.39
新竹縣,湖口鄉,德盛村,1878,1353757,721,520,282,927,726.13,100.73
新竹縣,湖口鄉,波羅村,829,550721,664,470,250,839,715.80,107.75
新竹縣,湖口鄉,鳳山村,1211,781594,645,476,257,815,630.88,97.75
新竹縣,湖口鄉,鳳凰村,1999,1306653,654,466,268,809,715.27,109.43
新竹縣,湖口鄉,湖口村,963,693481,720,468,254,854,971.58,134.92
新竹縣,湖口鄉,湖鏡村,915,710019,776,499,274,902,952.48,122.75
新竹縣,湖口鄉,湖南村,499,322601,646,429,228,763,795.44,123.04
新竹縣,湖口鄉,長安村,315,197338,626,450,248,720,838.99,133.92
新竹縣,湖口鄉,中興村,2501,1727111,691,530,289,878,719.52,104.19
新竹縣,湖口鄉,信義村,1661,1406684,847,560,297,1011,1024.40,120.96
新竹縣,湖口鄉,中正村,1550,1588969,1025,692,339,1262,1154.08,112.58
新竹縣,湖口鄉,東興村,1804,1359944,754,502,275,894,1144.27,151.79
新竹縣,湖口鄉,勝利村,1622,1072706,661,486,274,836,667.77,100.97
新竹縣,橫山鄉,橫山村,1021,711945,697,460,247,839,888.19,127.38
新竹縣,橫山鄉,內灣村,200,109623,548,422,176,702,604.75,110.33
新竹縣,橫山鄉,新興村,442,338756,766,503,258,940,873.92,114.03
新竹縣,橫山鄉,田寮村,241,182085,756,461,269,937,928.53,122.90
新竹縣,橫山鄉,福興村,98,59420,606,424,186,699,700.40,115.51
新竹縣,橫山鄉,沙坑村,229,134411,587,401,191,692,761.99,129.82
新竹縣,橫山鄉,南昌村,41,27039,659,415,269,731,781.69,118.53
新竹縣,橫山鄉,力行村,197,129977,660,482,240,795,873.39,132.38
新竹縣,橫山鄉,大肚村,557,351512,631,419,231,773,714.51,113.22
新竹縣,橫山鄉,豐鄉村,43,33503,779,378,237,596,1363.83,175.04
新竹縣,橫山鄉,豐田村,76,40461,532,423,241,738,421.40,79.15
新竹縣,新豐鄉,重興村,1989,1399696,704,487,254,892,845.05,120.08
新竹縣,新豐鄉,新豐村,606,339217,560,426,225,704,548.02,97.90
新竹縣,新豐鄉,埔和村,877,531700,606,420,254,739,707.19,116.65
新竹縣,新豐鄉,員山村,1224,1120529,915,575,303,1053,1532.53,167.40
新竹縣,新豐鄉,後湖村,540,357826,663,469,266,781,864.15,130.41
新竹縣,新豐鄉,鳳坑村,323,188572,584,401,235,748,610.08,104.50
新竹縣,新豐鄉,中崙村,1222,847181,693,473,265,817,923.89,133.27
新竹縣,新豐鄉,青埔村,672,436082,649,472,247,772,810.71,124.93
新竹縣,新豐鄉,上坑村,575,378555,658,459,256,781,711.98,108.15
新竹縣,新豐鄉,坡頭村,221,128547,582,404,207,681,740.97,127.39
新竹縣,新豐鄉,福興村,367,228631,623,418,240,784,692.90,111.22
新竹縣,新豐鄉,松林村,1714,1744936,1018,625,320,1265,1293.23,127.03
新竹縣,新豐鄉,瑞興村,620,439718,709,461,260,879,844.36,119.05
新竹縣,新豐鄉,忠孝村,1434,1282767,895,583,280,1160,1038.33,116.07
新竹縣,新豐鄉,山崎村,1732,1541511,890,596,326,1103,975.47,109.60
新竹縣,新豐鄉,松柏村,2854,3109147,1089,759,374,1397,1110.04,101.89
新竹縣,新豐鄉,崎頂村,987,706087,715,475,250,890,848.11,118.55
新竹縣,芎林鄉,華龍村,102,63244,620,453,238,774,648.21,104.54
新竹縣,芎林鄉,五龍村,151,95454,632,491,251,816,527.57,83.46
新竹縣,芎林鄉,秀湖村,312,246893,791,451,266,896,967.96,122.32
新竹縣,芎林鄉,永興村,136,97401,716,417,203,838,894.34,124.88
新竹縣,芎林鄉,石潭村,834,679697,815,479,241,966,1867.92,229.20
新竹縣,芎林鄉,新鳳村,456,379916,833,500,249,927,1258.37,151.04
新竹縣,芎林鄉,中坑村,169,107877,638,424,209,737,799.91,125.31
新竹縣,芎林鄉,水坑村,193,134728,698,499,267,884,701.13,100.44
新竹縣,芎林鄉,文林村,799,675257,845,526,248,1016,1088.85,128.84
新竹縣,芎林鄉,芎林村,520,487040,937,552,279,1086,1417.76,151.37
新竹縣,芎林鄉,上山村,2080,2798858,1346,700,337,1631,2199.84,163.48
新竹縣,芎林鄉,下山村,406,424096,1045,640,291,1280,1228.31,117.59
新竹縣,寶山鄉,新城村,325,222085,683,443,228,865,921.48,134.85
新竹縣,寶山鄉,寶山村,325,582263,1792,748,325,1948,3760.23,209.88
新竹縣,寶山鄉,雙溪村,1113,1342893,1207,623,296,1411,2022.12,167.60
新竹縣,寶山鄉,深井村,214,151029,706,525,296,932,616.05,87.29
新竹縣,寶山鄉,三峰村,332,1091056,3286,666,294,2932,11749.12,357.52
新竹縣,寶山鄉,寶斗村,213,134315,631,431,218,749,788.63,125.06
新竹縣,寶山鄉,大崎村,794,1762838,2220,1120,371,2589,3212.94,144.71
新竹縣,寶山鄉,油田村,145,91587,632,436,257,740,670.19,106.10
新竹縣,寶山鄉,山湖村,188,250776,1334,532,200,1454,2205.04,165.31
新竹縣,寶山鄉,雙新村,1041,1274268,1224,609,316,1316,1894.87,154.80
新竹縣,北埔鄉,水磜村,227,144503,637,433,215,754,824.10,129.46
新竹縣,北埔鄉,南興村,326,223582,686,435,225,779,830.45,121.09
新竹縣,北埔鄉,大湖村,134,91622,684,482,288,852,642.84,94.02
新竹縣,北埔鄉,埔尾村,802,552130,688,470,246,814,791.50,114.97
新竹縣,北埔鄉,南坑村,74,51860,701,372,159,662,1135.24,161.99
新竹縣,北埔鄉,北埔村,306,246715,806,456,236,938,1218.22,151.10
新竹縣,北埔鄉,南埔村,104,74328,715,495,279,915,748.76,104.77
新竹縣,北埔鄉,大林村,221,149863,678,442,248,788,1066.94,157.34
新竹縣,北埔鄉,外坪村,62,44719,721,429,240,840,1018.34,141.19
新竹縣,峨眉鄉,峨眉村,238,184832,777,514,252,895,904.94,116.53
新竹縣,峨眉鄉,富興村,362,269929,746,460,269,890,863.04,115.74
新竹縣,峨眉鄉,中盛村,192,134130,699,475,262,789,1002.09,143.44
新竹縣,峨眉鄉,石井村,143,76022,532,422,200,705,488.42,91.87
新竹縣,峨眉鄉,七星村,133,97646,734,575,265,1018,734.41,100.03
新竹縣,峨眉鄉,湖光村,228,154779,679,423,255,753,967.97,142.59
新竹縣,尖石鄉,新樂村,208,139108,669,419,267,757,1437.49,214.94
新竹縣,尖石鄉,嘉樂村,154,95292,619,479,241,781,567.79,91.76
新竹縣,尖石鄉,義興村,102,51254,502,402,205,685,431.03,85.78
新竹縣,尖石鄉,梅花村,75,45020,600,384,221,685,951.82,158.57
新竹縣,尖石鄉,錦屏村,174,97277,559,346,181,606,906.65,162.17
新竹縣,尖石鄉,玉峰村,228,117398,515,402,213,642,453.90,88.15
新竹縣,尖石鄉,秀巒村,232,117580,507,375,205,669,507.68,100.17
新竹縣,五峰鄉,大隘村,239,113208,474,384,191,646,403.67,85.22
新竹縣,五峰鄉,桃山村,218,113648,521,403,215,697,547.37,105.00
新竹縣,五峰鄉,花園村,101,51260,508,367,196,572,847.86,167.06
新竹縣,五峰鄉,竹林村,47,23804,506,391,242,702,395.49,78.09
苗栗縣,苗栗市,中苗里,413,336987,816,526,247,1079,1056.56,129.49
苗栗縣,苗栗市,青苗里,367,275147,750,521,231,978,791.86,105.62
苗栗縣,苗栗市,玉苗里,240,151621,632,386,182,807,748.70,118.51
苗栗縣,苗栗市,綠苗里,220,145012,659,420,226,757,794.70,120.57
苗栗縣,苗栗市,高苗里,1091,917471,841,513,241,1005,1964.56,233.61
苗栗縣,苗栗市,恭敬里,425,334945,788,516,292,1041,861.22,109.28
苗栗縣,苗栗市,新苗里,286,191224,669,466,210,916,691.47,103.42
苗栗縣,苗栗市,勝利里,1272,946751,744,531,273,987,721.90,96.99
苗栗縣,苗栗市,維祥里,1152,890898,773,486,246,988,866.64,112.06
苗栗縣,苗栗市,玉清里,780,568442,729,511,247,1024,737.05,101.14
苗栗縣,苗栗市,嘉盛里,1236,930329,753,537,252,978,803.88,106.80
苗栗縣,苗栗市,福星里,1535,1194629,778,539,263,1058,766.96,98.55
苗栗縣,苗栗市,北苗里,1927,1605099,833,560,278,1139,875.14,105.06
苗栗縣,苗栗市,上苗里,578,481079,832,539,217,1080,1104.56,132.71
苗栗縣,苗栗市,福麗里,1870,1525932,816,542,263,1074,1177.37,144.28
苗栗縣,苗栗市,新川里,344,300115,872,445,216,891,2597.18,297.70
苗栗縣,苗栗市,新英里,492,317534,645,445,209,835,772.07,119.63
苗栗縣,苗栗市,清華里,1113,832506,748,525,245,998,849.40,113.56
苗栗縣,苗栗市,水源里,831,544431,655,457,240,826,716.22,109.32
苗栗縣,苗栗市,文山里,1693,1471957,869,634,301,1111,1068.18,122.86
苗栗縣,苗栗市,建功里,1438,1089273,757,498,243,1012,835.30,110.27
苗栗縣,苗栗市,大同里,142,95314,671,378,175,819,1042.31,155.28
苗栗縣,苗栗市,玉華里,1190,950654,799,554,286,1102,813.00,101.77
苗栗縣,苗栗市,維新里,1168,873612,748,503,254,1008,784.45,104.88
苗栗縣,苗栗市,福安里,1240,913755,737,512,255,967,930.56,126.28
苗栗縣,苗栗市,嘉新里,994,781025,786,541,266,1024,948.04,120.66
苗栗縣,苗栗市,南勢里,587,323184,551,409,197,733,565.43,102.70
苗栗縣,苗栗市,文聖里,1247,999211,801,552,291,1092,814.73,101.68
苗栗縣,苑裡鎮,苑東里,674,465385,690,434,203,879,885.94,128.31
苗栗縣,苑裡鎮,西平里,491,275453,561,383,205,694,750.66,133.81
苗栗縣,苑裡鎮,苑南里,428,303170,708,503,225,909,749.45,105.80
苗栗縣,苑裡鎮,苑北里,245,161430,659,442,193,817,963.12,146.17
苗栗縣,苑裡鎮,西勢里,630,405630,644,415,219,790,819.36,127.26
苗栗縣,苑裡鎮,海岸里,282,137614,488,349,160,685,455.12,93.26
苗栗縣,苑裡鎮,客庄里,1395,1037087,743,474,236,916,867.70,116.72
苗栗縣,苑裡鎮,苑坑里,261,153718,589,373,220,611,877.62,149.01
苗栗縣,苑裡鎮,水坡里,151,91674,607,395,190,766,623.81,102.75
苗栗縣,苑裡鎮,山脚里,381,220731,579,394,214,763,583.29,100.68
苗栗縣,苑裡鎮,舊社里,560,319977,571,377,192,677,720.45,126.09
苗栗縣,苑裡鎮,福田里,348,218905,629,428,223,722,894.84,142.26
苗栗縣,苑裡鎮,石鎮里,138,89871,651,405,236,751,771.53,118.47
苗栗縣,苑裡鎮,蕉埔里,193,122902,637,386,221,756,1120.21,175.91
苗栗縣,苑裡鎮,社苓里,768,449894,586,408,219,692,673.95,115.05
苗栗縣,苑裡鎮,泰田里,495,271151,548,394,202,684,568.03,103.70
苗栗縣,苑裡鎮,上舘里,414,204224,493,353,177,607,526.36,106.70
苗栗縣,苑裡鎮,玉田里,494,276469,560,397,205,727,570.17,101.88
苗栗縣,苑裡鎮,南勢里,182,94677,520,380,178,615,534.90,102.83
苗栗縣,苑裡鎮,山柑里,417,265252,636,396,204,735,856.30,134.62
苗栗縣,苑裡鎮,田心里,628,348923,556,374,179,660,655.74,118.02
苗栗縣,苑裡鎮,新復里,426,301034,707,461,226,895,976.33,138.16
苗栗縣,苑裡鎮,中正里,714,453105,635,429,219,746,876.96,138.19
苗栗縣,苑裡鎮,苑港里,310,159304,514,392,194,669,490.62,95.47
苗栗縣,苑裡鎮,房裡里,644,372751,579,388,203,677,668.86,115.56
苗栗縣,通霄鎮,通東里,310,191874,619,428,209,800,638.07,103.09
苗栗縣,通霄鎮,通西里,577,387857,672,464,212,866,703.11,104.60
苗栗縣,通霄鎮,平元里,559,370175,662,444,235,790,835.38,126.15
苗栗縣,通霄鎮,圳頭里,164,82760,505,342,187,645,645.56,127.93
苗栗縣,通霄鎮,梅南里,429,236061,550,394,203,675,601.26,109.27
苗栗縣,通霄鎮,通灣里,606,341638,564,398,211,741,586.24,103.99
苗栗縣,通霄鎮,新埔里,266,144701,544,396,192,689,541.93,99.62
苗栗縣,通霄鎮,白東里,418,269910,646,468,247,767,779.61,120.74
苗栗縣,通霄鎮,白西里,172,99443,578,407,222,770,576.10,99.65
苗栗縣,通霄鎮,內島里,183,108662,594,445,214,768,597.61,100.64
苗栗縣,通霄鎮,烏眉里,200,142140,711,444,234,776,973.39,136.96
苗栗縣,通霄鎮,楓樹里,96,65128,678,366,189,819,929.33,136.99
苗栗縣,通霄鎮,內湖里,526,284219,540,404,221,674,547.54,101.33
苗栗縣,通霄鎮,福源里,193,119900,621,381,227,726,729.62,117.44
苗栗縣,通霄鎮,城北里,156,93942,602,423,209,747,693.65,115.19
苗栗縣,通霄鎮,城南里,214,141280,660,403,174,770,823.11,124.68
苗栗縣,通霄鎮,南和里,181,120885,668,424,191,746,861.86,129.04
苗栗縣,通霄鎮,福興里,133,76214,573,402,180,667,740.17,129.17
苗栗縣,通霄鎮,坪頂里,315,175494,557,372,196,724,619.12,111.13
苗栗縣,通霄鎮,五北里,335,183739,548,377,205,664,675.69,123.19
苗栗縣,通霄鎮,五南里,346,181285,524,380,182,670,563.94,107.63
苗栗縣,通霄鎮,福龍里,82,48899,596,366,177,746,700.11,117.40
苗栗縣,通霄鎮,通南里,774,390764,505,379,188,656,481.36,95.34
苗栗縣,通霄鎮,平安里,595,349239,587,399,177,742,664.29,113.18
苗栗縣,公館鄉,館中村,484,321005,663,472,227,892,821.42,123.85
苗栗縣,公館鄉,館南村,1153,815612,707,507,275,914,722.66,102.16
苗栗縣,公館鄉,中義村,704,463462,658,474,232,870,692.39,105.17
苗栗縣,公館鄉,玉泉村,832,648953,780,499,248,996,1008.75,129.33
苗栗縣,公館鄉,大坑村,268,150699,562,408,219,684,583.14,103.70
苗栗縣,公館鄉,福基村,254,155484,612,450,202,800,636.91,104.05
苗栗縣,公館鄉,福德村,89,53549,602,432,203,862,526.30,87.47
苗栗縣,公館鄉,福星村,687,432346,629,463,244,811,641.99,102.01
苗栗縣,公館鄉,石墻村,436,245374,563,425,233,706,530.90,94.33
苗栗縣,公館鄉,開礦村,65,40380,621,277,153,719,983.65,158.34
苗栗縣,公館鄉,五谷村,748,521929,698,492,236,931,732.21,104.94
苗栗縣,公館鄉,玉谷村,488,296559,608,437,233,749,680.63,112.00
苗栗縣,公館鄉,鶴岡村,520,339650,653,447,235,828,704.89,107.92
苗栗縣,公館鄉,鶴山村,449,305134,680,491,239,867,754.28,110.99
苗栗縣,公館鄉,尖山村,437,323604,741,499,258,880,945.04,127.62
苗栗縣,公館鄉,仁安村,375,253097,675,448,243,825,803.51,119.05
苗栗縣,公館鄉,南河村,55,32101,584,464,215,750,521.65,89.38
苗栗縣,公館鄉,北河村,79,52885,669,412,191,865,703.85,105.14
苗栗縣,公館鄉,館東村,751,554900,739,489,254,934,873.43,118.21
苗栗縣,銅鑼鄉,福興村,296,186396,630,461,220,833,581.37,92.32
苗栗縣,銅鑼鄉,銅鑼村,1490,904025,607,451,240,808,577.17,95.13
苗栗縣,銅鑼鄉,朝陽村,516,307065,595,453,231,756,556.85,93.57
苗栗縣,銅鑼鄉,竹森村,266,182417,686,473,246,822,853.78,124.50
苗栗縣,銅鑼鄉,九湖村,310,165726,535,381,206,637,541.49,101.29
苗栗縣,銅鑼鄉,樟樹村,377,243461,646,469,252,770,830.83,128.65
苗栗縣,銅鑼鄉,興隆村,131,90164,688,424,186,765,1012.18,147.06
苗栗縣,銅鑼鄉,盛隆村,99,62177,628,438,207,838,701.94,111.76
苗栗縣,銅鑼鄉,新隆村,119,68590,576,447,213,808,516.23,89.56
苗栗縣,銅鑼鄉,中平村,983,592379,603,446,242,739,692.04,114.84
苗栗縣,三義鄉,廣盛村,1178,732560,622,438,247,752,660.61,106.23
苗栗縣,三義鄉,双湖村,532,328209,617,427,224,808,708.90,114.91
苗栗縣,三義鄉,双潭村,387,230253,595,396,218,711,803.99,135.13
苗栗縣,三義鄉,勝興村,1040,591836,569,406,213,720,685.59,120.48
苗栗縣,三義鄉,西湖村,397,222815,561,441,251,720,472.98,84.27
苗栗縣,三義鄉,龍騰村,87,67601,777,440,230,805,1146.30,147.52
苗栗縣,三義鄉,鯉魚潭村,323,182978,566,401,190,687,674.94,119.14
苗栗縣,西湖鄉,高埔村,177,109000,616,419,240,715,756.80,122.89
苗栗縣,西湖鄉,下埔村,146,93758,642,431,207,759,774.53,120.61
苗栗縣,西湖鄉,五湖村,209,132547,634,451,261,867,571.50,90.11
苗栗縣,西湖鄉,四湖村,166,107100,645,456,279,858,558.47,86.56
苗栗縣,西湖鄉,三湖村,227,145626,642,476,227,790,629.25,98.09
苗栗縣,西湖鄉,湖東村,303,182239,601,410,230,771,624.27,103.79
苗栗縣,西湖鄉,二湖村,171,119802,701,448,253,838,764.15,109.07
苗栗縣,西湖鄉,龍洞村,125,73461,588,445,223,849,518.27,88.19
苗栗縣,西湖鄉,金獅村,133,84845,638,509,197,869,612.79,96.06
苗栗縣,頭屋鄉,頭屋村,779,494566,635,463,229,842,632.71,99.66
苗栗縣,頭屋鄉,象山村,563,360076,640,466,228,810,671.50,104.99
苗栗縣,頭屋鄉,北坑村,188,111081,591,396,180,701,665.40,112.62
苗栗縣,頭屋鄉,獅潭村,537,378192,704,488,270,911,998.26,141.74
苗栗縣,頭屋鄉,曲洞村,247,149603,606,430,214,779,583.72,96.37
苗栗縣,頭屋鄉,飛鳳村,88,57094,649,446,223,840,703.41,108.42
苗栗縣,頭屋鄉,明德村,265,188828,713,465,207,942,816.03,114.52
苗栗縣,頭屋鄉,鳴鳳村,69,59502,862,503,226,981,1465.52,169.95
苗栗縣,竹南鎮,竹南里,744,697559,938,553,266,1096,1186.77,126.58
苗栗縣,竹南鎮,正南里,989,820259,829,505,235,1060,1019.85,122.97
苗栗縣,竹南鎮,新南里,2191,2679547,1223,765,339,1539,1498.28,122.51
苗栗縣,竹南鎮,大厝里,2142,2312644,1080,658,302,1355,1289.95,119.48
苗栗縣,竹南鎮,營盤里,1371,1394451,1017,590,307,1240,1232.31,121.16
苗栗縣,竹南鎮,龍鳳里,730,491298,673,481,236,924,745.34,110.75
苗栗縣,竹南鎮,山佳里,1862,1618074,869,579,295,1112,948.37,109.13
苗栗縣,竹南鎮,中港里,397,336892,849,513,230,991,1193.19,140.61
苗栗縣,竹南鎮,聖福里,1289,1438603,1116,630,323,1328,1617.04,144.89
苗栗縣,竹南鎮,竹興里,1044,826301,791,510,253,996,911.33,115.14
苗栗縣,竹南鎮,中華里,1064,893168,839,585,283,1061,932.35,111.07
苗栗縣,竹南鎮,中英里,564,374124,663,483,249,846,669.99,101.00
苗栗縣,竹南鎮,中美里,657,466195,710,431,239,835,906.65,127.77
苗栗縣,竹南鎮,開元里,543,467210,860,598,324,1074,932.00,108.32
苗栗縣,竹南鎮,海口里,1571,1402756,893,552,293,1078,1180.49,132.21
苗栗縣,竹南鎮,港墘里,834,653279,783,516,262,1006,851.84,108.75
苗栗縣,竹南鎮,公舘里,347,212909,614,453,237,742,672.50,109.60
苗栗縣,竹南鎮,大埔里,2153,2378383,1105,681,344,1388,1272.62,115.20
苗栗縣,竹南鎮,崎頂里,1348,1037124,769,504,258,980,943.80,122.67
苗栗縣,竹南鎮,頂埔里,625,393138,629,448,237,768,683.01,108.58
苗栗縣,竹南鎮,公義里,349,236480,678,435,212,771,979.29,144.53
苗栗縣,竹南鎮,照南里,1315,1654417,1258,708,308,1617,1556.38,123.71
苗栗縣,竹南鎮,佳興里,1268,1243429,981,615,305,1219,1155.53,117.84
苗栗縣,竹南鎮,天文里,838,840002,1002,606,312,1205,1224.29,122.14
苗栗縣,竹南鎮,龍山里,957,874526,914,552,267,1121,1114.28,121.94
苗栗縣,頭份市,頭份里,1161,873380,752,537,262,945,831.67,110.56
苗栗縣,頭份市,忠孝里,1159,1129004,974,552,290,1144,1517.24,155.76
苗栗縣,頭份市,仁愛里,464,309672,667,420,205,784,818.90,122.70
苗栗縣,頭份市,信義里,247,178954,725,440,211,869,1039.75,143.51
苗栗縣,頭份市,和平里,364,319443,878,527,270,1016,1177.67,134.19
苗栗縣,頭份市,民族里,760,587509,773,491,261,929,927.41,119.97
苗栗縣,頭份市,土牛里,362,298847,826,613,326,1069,799.14,96.80
苗栗縣,頭份市,上興里,803,489832,610,428,225,728,744.73,122.09
苗栗縣,頭份市,下興里,844,628222,744,491,245,904,880.43,118.28
苗栗縣,頭份市,東庄里,2079,2173635,1046,686,327,1285,1228.19,117.47
苗栗縣,頭份市,田寮里,1576,1470692,933,583,282,1156,1164.03,124.74
苗栗縣,頭份市,蟠桃里,1463,1783556,1219,798,354,1591,1349.00,110.65
苗栗縣,頭份市,山下里,1649,1659389,1006,635,311,1268,1166.45,115.91
苗栗縣,頭份市,後庄里,2007,2483470,1237,761,354,1562,1517.06,122.60
苗栗縣,頭份市,新華里,1271,843782,664,462,233,827,810.28,122.05
苗栗縣,頭份市,斗煥里,959,614682,641,453,242,748,660.64,103.07
苗栗縣,頭份市,興隆里,1686,1744935,1035,570,282,1106,1788.26,172.79
苗栗縣,頭份市,上埔里,888,638383,719,484,272,873,844.66,117.49
苗栗縣,頭份市,珊湖里,508,325384,641,400,227,768,765.91,119.58
苗栗縣,頭份市,流東里,618,379218,614,411,233,765,689.13,112.31
苗栗縣,頭份市,尖山里,414,268852,649,423,231,803,1011.63,155.78
苗栗縣,頭份市,廣興里,252,173175,687,459,258,817,793.49,115.47
苗栗縣,頭份市,尖下里,778,504890,649,474,241,838,660.92,101.84
苗栗縣,頭份市,濫坑里,766,428825,560,421,219,721,582.57,104.06
苗栗縣,頭份市,蘆竹里,407,253704,623,423,237,708,816.49,130.98
苗栗縣,頭份市,民權里,899,738381,821,559,277,1073,924.73,112.59
苗栗縣,頭份市,民生里,841,592592,705,454,251,855,856.77,121.59
苗栗縣,頭份市,建國里,1282,1155366,901,583,321,1104,1036.94,115.06
苗栗縣,頭份市,成功里,1348,1205588,894,557,283,1084,1288.41,144.06
苗栗縣,頭份市,自強里,682,565158,829,476,245,962,1062.22,128.18
苗栗縣,頭份市,合興里,1024,1105522,1080,667,326,1349,1239.73,114.83
苗栗縣,頭份市,文化里,1495,1686439,1128,705,348,1398,1383.92,122.68
苗栗縣,頭份市,中興里,1227,1449228,1181,717,327,1507,1511.43,127.97
苗栗縣,造橋鄉,造橋村,625,436841,699,475,236,865,825.70,118.14
苗栗縣,造橋鄉,平興村,114,74792,656,476,295,846,619.06,94.36
苗栗縣,造橋鄉,豐湖村,305,191391,628,445,245,838,609.49,97.13
苗栗縣,造橋鄉,錦水村,137,91125,665,468,257,808,688.65,103.53
苗栗縣,造橋鄉,大西村,1075,667521,621,468,247,826,581.67,93.67
苗栗縣,造橋鄉,大龍村,142,84502,595,413,254,799,577.83,97.10
苗栗縣,造橋鄉,朝陽村,383,246298,643,445,227,793,752.77,117.06
苗栗縣,造橋鄉,談文村,243,145565,599,402,203,721,702.80,117.32
苗栗縣,造橋鄉,龍昇村,242,147856,611,422,240,718,628.61,102.89
苗栗縣,後龍鎮,南龍里,400,256055,640,408,225,836,690.57,107.88
苗栗縣,後龍鎮,中龍里,222,170054,766,518,279,949,787.91,102.86
苗栗縣,後龍鎮,北龍里,372,289826,779,501,243,882,895.79,114.98
苗栗縣,後龍鎮,大庄里,1377,978844,711,459,246,889,804.60,113.19
苗栗縣,後龍鎮,溪洲里,603,389304,646,433,248,789,711.49,110.20
苗栗縣,後龍鎮,豐富里,401,294849,735,506,251,939,772.47,105.06
苗栗縣,後龍鎮,校椅里,427,415847,974,628,309,1243,1109.82,113.96
苗栗縣,後龍鎮,埔頂里,788,531277,674,481,255,824,803.70,119.21
苗栗縣,後龍鎮,新民里,373,240797,646,471,251,834,670.83,103.91
苗栗縣,後龍鎮,復興里,178,113577,638,449,234,860,590.83,92.60
苗栗縣,後龍鎮,東明里,435,257167,591,390,227,683,722.22,122.16
苗栗縣,後龍鎮,灣寶里,335,231706,692,443,201,814,969.73,140.20
苗栗縣,後龍鎮,海寶里,243,169064,696,421,252,766,815.32,117.19
苗栗縣,後龍鎮,大山里,407,271347,667,433,228,762,814.00,122.09
苗栗縣,後龍鎮,外埔里,200,144515,723,465,249,849,927.28,128.33
苗栗縣,後龍鎮,海埔里,203,116893,576,413,218,789,578.91,100.54
苗栗縣,後龍鎮,秀水里,162,101031,624,424,245,802,556.92,89.30
苗栗縣,後龍鎮,水尾里,227,116161,512,405,198,653,446.41,87.24
苗栗縣,後龍鎮,龍津里,162,92023,568,397,209,684,631.39,111.15
苗栗縣,後龍鎮,龍坑里,321,200404,624,427,244,768,837.74,134.19
苗栗縣,後龍鎮,福寧里,176,113166,643,463,243,749,658.94,102.48
苗栗縣,後龍鎮,中和里,211,116516,552,399,205,696,574.07,103.96
苗栗縣,後龍鎮,南港里,295,197995,671,434,224,782,1387.57,206.74
苗栗縣,三灣鄉,三灣村,653,401671,615,423,238,769,646.85,105.16
苗栗縣,三灣鄉,內灣村,182,104289,573,419,234,727,661.40,115.42
苗栗縣,三灣鄉,銅鏡村,224,300587,1342,417,212,796,10795.46,804.49
苗栗縣,三灣鄉,頂寮村,52,34595,665,337,180,747,824.25,123.89
苗栗縣,三灣鄉,北埔村,141,81346,577,414,187,703,631.01,109.37
苗栗縣,三灣鄉,大河村,107,59560,557,391,183,636,618.03,111.03
苗栗縣,三灣鄉,大坪村,102,57204,561,394,214,716,532.47,94.94
苗栗縣,三灣鄉,永和村,71,51292,722,385,176,809,1210.66,167.58
苗栗縣,南庄鄉,東村,262,151688,579,432,208,715,612.86,105.86
苗栗縣,南庄鄉,西村,147,89132,606,427,218,703,708.60,116.87
苗栗縣,南庄鄉,南江村,246,138624,564,370,205,683,635.17,112.72
苗栗縣,南庄鄉,田美村,155,97948,632,389,159,664,1204.28,190.57
苗栗縣,南庄鄉,獅山村,158,100117,634,347,175,712,988.38,155.98
苗栗縣,南庄鄉,南富村,283,187535,663,397,209,764,1129.25,170.41
苗栗縣,南庄鄉,員林村,256,161021,629,410,237,751,711.82,113.17
苗栗縣,南庄鄉,蓬萊村,124,73578,593,370,225,694,1062.09,178.99
苗栗縣,南庄鄉,東河村,145,77700,536,430,229,648,473.33,88.33
苗栗縣,大湖鄉,大湖村,397,245160,618,421,218,796,710.93,115.12
苗栗縣,大湖鄉,明湖村,134,86208,643,425,231,850,628.48,97.69
苗栗縣,大湖鄉,靜湖村,412,236786,575,443,240,700,561.24,97.65
苗栗縣,大湖鄉,大寮村,270,149297,553,397,212,719,664.31,120.14
苗栗縣,大湖鄉,富興村,273,158476,580,441,228,790,521.88,89.90
苗栗縣,大湖鄉,大南村,89,45748,514,346,218,648,503.47,97.95
苗栗縣,大湖鄉,南湖村,118,78996,669,402,236,805,767.94,114.71
苗栗縣,大湖鄉,義和村,250,137039,548,389,195,685,555.64,101.37
苗栗縣,大湖鄉,東興村,128,73554,575,382,200,706,738.95,128.59
苗栗縣,大湖鄉,武榮村,96,52605,548,446,237,731,471.92,86.12
苗栗縣,大湖鄉,新開村,213,121392,570,417,239,735,506.85,88.93
苗栗縣,大湖鄉,栗林村,179,92753,518,377,189,684,500.90,96.67
苗栗縣,卓蘭鎮,老庄里,370,234157,633,447,226,808,648.98,102.55
苗栗縣,卓蘭鎮,新榮里,222,132541,597,367,200,794,662.61,110.98
苗栗縣,卓蘭鎮,中街里,158,100230,634,430,205,820,634.32,99.99
苗栗縣,卓蘭鎮,新厝里,326,201942,619,438,216,755,758.32,122.42
苗栗縣,卓蘭鎮,豐田里,187,105811,566,417,232,661,627.70,110.93
苗栗縣,卓蘭鎮,西坪里,171,117247,686,404,224,798,945.47,137.89
苗栗縣,卓蘭鎮,上新里,448,252789,564,417,209,733,598.03,105.98
苗栗縣,卓蘭鎮,內灣里,415,251214,605,435,230,744,789.20,130.37
苗栗縣,卓蘭鎮,苗豐里,140,87674,626,455,297,707,685.51,109.46
苗栗縣,卓蘭鎮,坪林里,350,204606,585,392,242,739,542.85,92.86
苗栗縣,卓蘭鎮,景山里,209,113354,542,387,187,758,496.62,91.57
苗栗縣,獅潭鄉,百壽村,53,33816,638,475,306,768,523.65,82.07
苗栗縣,獅潭鄉,永興村,107,84928,794,480,259,712,1989.37,250.64
苗栗縣,獅潭鄉,新店村,191,132788,695,457,274,868,723.57,104.08
苗栗縣,獅潭鄉,和興村,126,57790,459,323,176,632,424.97,92.66
苗栗縣,獅潭鄉,豐林村,113,70087,620,429,227,842,652.44,105.19
苗栗縣,獅潭鄉,新豐村,73,37513,514,389,213,696,432.48,84.16
苗栗縣,獅潭鄉,竹木村,151,81535,540,382,189,688,537.26,99.50
苗栗縣,泰安鄉,錦水村,170,102830,605,453,235,762,611.01,101.01
苗栗縣,泰安鄉,清安村,163,108063,663,445,244,729,796.65,120.17
苗栗縣,泰安鄉,大興村,84,48042,572,480,281,745,439.22,76.80
苗栗縣,泰安鄉,象鼻村,91,50539,555,455,266,685,451.08,81.22
苗栗縣,泰安鄉,梅園村,61,36769,603,453,282,821,523.63,86.87
苗栗縣,泰安鄉,八卦村,32,14153,442,352,208,663,338.03,76.43
苗栗縣,泰安鄉,中興村,83,42473,512,398,287,616,394.80,77.15
苗栗縣,泰安鄉,士林村,85,44728,526,444,291,669,424.67,80.70
南投縣,南投市,龍泉里,276,164682,597,412,198,717,698.25,117.02
南投縣,南投市,康壽里,433,294210,679,437,231,836,839.89,123.61
南投縣,南投市,三民里,277,222604,804,545,291,968,932.40,116.02
南投縣,南投市,仁和里,173,124774,721,434,216,719,1076.06,149.20
南投縣,南投市,南投里,174,135129,777,451,224,844,982.63,126.53
南投縣,南投市,彰仁里,122,87613,718,479,180,933,807.68,112.47
南投縣,南投市,崇文里,304,223042,734,508,253,833,976.63,133.11
南投縣,南投市,漳興里,822,563450,685,453,226,870,882.48,128.74
南投縣,南投市,漳和里,2387,1618169,678,453,229,828,856.30,126.32
南投縣,南投市,軍功里,1308,790177,604,419,222,759,683.46,113.13
南投縣,南投市,東山里,85,46531,547,392,223,611,579.82,105.92
南投縣,南投市,平和里,1963,1361253,693,464,228,873,918.15,132.40
南投縣,南投市,振興里,584,349069,598,397,192,739,694.04,116.11
南投縣,南投市,千秋里,278,178537,642,450,239,808,664.46,103.46
南投縣,南投市,三興里,1863,1348519,724,481,228,950,781.04,107.90
南投縣,南投市,三和里,926,711386,768,493,234,1009,913.28,118.88
南投縣,南投市,嘉興里,549,328985,599,422,206,751,726.58,121.25
南投縣,南投市,嘉和里,1487,977710,658,457,227,806,896.10,136.29
南投縣,南投市,鳳鳴里,135,80198,594,415,213,733,732.88,123.37
南投縣,南投市,鳳山里,233,131234,563,398,209,651,760.69,135.06
南投縣,南投市,平山里,1683,989146,588,403,221,705,672.54,114.43
南投縣,南投市,新興里,1682,926339,551,396,209,667,568.88,103.29
南投縣,南投市,永豐里,875,469598,537,391,199,670,611.24,113.89
南投縣,南投市,福興里,868,580419,669,408,212,700,2446.55,365.88
南投縣,南投市,營北里,2268,2113745,932,605,287,1187,1113.09,119.43
南投縣,南投市,營南里,791,521405,659,450,237,796,752.39,114.14
南投縣,南投市,內新里,988,642532,650,462,233,885,647.64,99.59
南投縣,南投市,內興里,1880,1591295,846,547,262,1089,1113.36,131.54
南投縣,南投市,光華里,191,134541,704,471,218,885,788.88,111.99
南投縣,南投市,光榮里,265,169443,639,433,173,790,749.07,117.15
南投縣,南投市,光明里,248,177796,717,506,262,954,733.66,102.34
南投縣,南投市,光輝里,162,116625,720,492,218,901,850.62,118.16
南投縣,南投市,福山里,467,251048,538,371,198,655,860.43,160.06
南投縣,南投市,永興里,150,86651,578,371,225,690,651.76,112.83
南投縣,埔里鎮,東門里,628,365657,582,376,184,713,662.63,113.80
南投縣,埔里鎮,西門里,733,408918,558,398,179,736,584.33,104.74
南投縣,埔里鎮,南門里,219,159602,729,469,196,920,858.46,117.80
南投縣,埔里鎮,北門里,560,349790,625,426,193,765,686.01,109.83
南投縣,埔里鎮,薰化里,272,207251,762,477,226,836,1259.96,165.36
南投縣,埔里鎮,清新里,845,494699,585,384,189,705,726.79,124.14
南投縣,埔里鎮,同聲里,462,272371,590,367,157,711,885.59,150.22
南投縣,埔里鎮,大城里,1461,884015,605,426,201,767,691.52,114.29
南投縣,埔里鎮,籃城里,214,131409,614,391,174,778,842.57,137.21
南投縣,埔里鎮,枇杷里,1886,1161069,616,416,195,794,681.14,110.64
南投縣,埔里鎮,杷城里,630,402108,638,436,217,778,690.91,108.25
南投縣,埔里鎮,水頭里,833,471044,565,380,156,696,679.09,120.09
南投縣,埔里鎮,麒麟里,161,87322,542,371,200,669,628.67,115.91
南投縣,埔里鎮,珠格里,203,125905,620,356,186,814,726.55,117.14
南投縣,埔里鎮,溪南里,234,143487,613,411,206,636,932.13,152.01
南投縣,埔里鎮,桃米里,176,108532,617,388,187,726,667.73,108.28
南投縣,埔里鎮,南村里,282,160589,569,354,168,691,678.13,119.08
南投縣,埔里鎮,愛蘭里,333,223892,672,437,183,887,717.86,106.77
南投縣,埔里鎮,鐵山里,361,181229,502,356,206,616,589.52,117.43
南投縣,埔里鎮,房里里,237,137905,582,375,182,700,759.84,130.58
南投縣,埔里鎮,向善里,108,55115,510,312,144,589,853.71,167.29
南投縣,埔里鎮,一新里,156,105464,676,323,146,632,1478.32,218.67
南投縣,埔里鎮,廣成里,180,105084,584,406,205,699,613.91,105.16
南投縣,埔里鎮,史港里,96,61116,637,367,165,777,722.43,113.48
南投縣,埔里鎮,福興里,175,89374,511,328,144,666,596.88,116.87
南投縣,埔里鎮,牛眠里,545,295926,543,328,165,628,711.98,131.12
南投縣,埔里鎮,大湳里,465,323669,696,448,180,864,1064.68,152.96
南投縣,埔里鎮,蜈蚣里,479,263142,549,366,184,703,650.98,118.50
南投縣,埔里鎮,成功里,34,14694,432,364,157,517,491.31,113.68
南投縣,埔里鎮,合成里,223,115093,516,317,132,624,695.94,134.84
南投縣,埔里鎮,北安里,885,549375,621,426,205,779,692.12,111.49
南投縣,埔里鎮,泰安里,522,284364,545,398,190,710,552.43,101.41
南投縣,埔里鎮,北梅里,852,537088,630,427,195,810,731.04,115.97
南投縣,草屯鎮,玉峰里,639,432665,677,472,223,837,781.84,115.47
南投縣,草屯鎮,炎峰里,678,477505,704,493,224,918,732.64,104.03
南投縣,草屯鎮,和平里,379,262011,691,412,215,895,729.95,105.59
南投縣,草屯鎮,敦和里,2010,1385600,689,452,222,790,850.32,123.35
南投縣,草屯鎮,山腳里,2618,1979405,756,484,227,931,1032.04,136.50
南投縣,草屯鎮,富寮里,2142,1487347,694,475,235,925,727.75,104.81
南投縣,草屯鎮,御史里,1796,1164223,648,426,216,797,801.89,123.70
南投縣,草屯鎮,新豐里,1153,741099,643,438,221,815,747.51,116.30
南投縣,草屯鎮,明正里,1083,732663,677,456,218,818,861.19,127.30
南投縣,草屯鎮,中正里,196,159725,815,388,199,922,1637.53,200.94
南投縣,草屯鎮,碧峰里,1426,917477,643,439,224,802,697.72,108.44
南投縣,草屯鎮,上林里,1022,755282,739,458,224,859,1242.31,168.10
南投縣,草屯鎮,新庄里,1116,752145,674,463,222,853,745.97,110.68
南投縣,草屯鎮,北投里,862,518149,601,423,210,723,695.96,115.78
南投縣,草屯鎮,石川里,454,278261,613,416,225,758,672.60,109.74
南投縣,草屯鎮,加老里,638,380335,596,409,206,764,680.11,114.09
南投縣,草屯鎮,中原里,557,341054,612,459,229,819,659.50,107.71
南投縣,草屯鎮,北勢里,441,259377,588,437,225,710,602.95,102.52
南投縣,草屯鎮,南埔里,1156,735133,636,443,223,791,816.91,128.46
南投縣,草屯鎮,土城里,380,187745,494,339,165,644,518.14,104.87
南投縣,草屯鎮,坪頂里,213,130248,611,374,200,624,857.39,140.21
南投縣,草屯鎮,雙冬里,435,241407,555,378,198,697,622.80,112.22
南投縣,草屯鎮,復興里,790,472101,598,421,218,737,690.53,115.55
南投縣,草屯鎮,平林里,231,137053,593,381,202,684,844.15,142.28
南投縣,草屯鎮,碧洲里,803,489217,609,417,216,784,592.78,97.30
南投縣,草屯鎮,中山里,743,621121,836,531,230,1098,949.66,113.60
南投縣,草屯鎮,新厝里,1072,848103,791,504,256,1016,921.84,116.52
南投縣,竹山鎮,竹山里,563,379126,673,440,201,782,1118.12,166.04
南投縣,竹山鎮,中正里,161,89893,558,364,157,702,696.04,124.66
南投縣,竹山鎮,中山里,1121,717210,640,440,206,762,749.66,117.17
南投縣,竹山鎮,雲林里,955,638685,669,485,228,856,720.02,107.66
南投縣,竹山鎮,硘磘里,435,238171,548,408,201,692,572.47,104.56
南投縣,竹山鎮,桂林里,860,512644,596,408,209,758,676.84,113.55
南投縣,竹山鎮,下坪里,294,186355,634,464,224,871,595.54,93.95
南投縣,竹山鎮,中和里,195,112932,579,437,225,708,644.78,111.34
南投縣,竹山鎮,中崎里,339,192465,568,409,229,705,814.69,143.50
南投縣,竹山鎮,德興里,159,86820,546,402,187,743,592.88,108.58
南投縣,竹山鎮,延和里,1314,831083,632,450,218,790,673.40,106.47
南投縣,竹山鎮,延正里,321,194126,605,381,167,720,852.61,140.98
南投縣,竹山鎮,延平里,627,343026,547,388,183,661,615.52,112.51
南投縣,竹山鎮,延山里,148,94824,641,425,205,872,987.24,154.09
南投縣,竹山鎮,山崇里,388,248448,640,435,207,771,868.52,135.64
南投縣,竹山鎮,社寮里,320,187428,586,452,224,774,535.84,91.49
南投縣,竹山鎮,中央里,224,138348,618,416,212,726,890.51,144.18
南投縣,竹山鎮,富州里,126,76279,605,444,243,758,621.37,102.64
南投縣,竹山鎮,大鞍里,47,18032,384,352,74,556,362.27,94.43
南投縣,竹山鎮,田子里,80,40126,502,355,180,641,490.81,97.85
南投縣,竹山鎮,福興里,76,40099,528,339,193,573,619.57,117.43
南投縣,竹山鎮,鯉魚里,133,67090,504,351,162,528,611.34,121.19
南投縣,竹山鎮,坪頂里,66,40813,618,463,251,863,565.18,91.40
南投縣,竹山鎮,瑞竹里,92,43805,476,341,212,614,390.19,81.95
南投縣,竹山鎮,桶頭里,109,53168,488,326,170,515,958.57,196.52
南投縣,竹山鎮,秀林里,110,59793,544,456,168,695,508.11,93.48
南投縣,竹山鎮,延祥里,904,489124,541,386,188,683,614.69,113.61
南投縣,竹山鎮,竹圍里,570,315967,554,374,210,655,614.43,110.84
南投縣,集集鎮,集集里,265,183081,691,454,250,773,1181.51,171.02
南投縣,集集鎮,和平里,200,123061,615,415,221,797,619.24,100.64
南投縣,集集鎮,林尾里,118,87078,738,471,300,919,884.66,119.88
南投縣,集集鎮,田寮里,280,166560,595,486,226,768,733.65,123.33
南投縣,集集鎮,隘寮里,92,46243,503,374,232,622,484.26,96.34
南投縣,集集鎮,玉映里,122,71552,586,366,183,711,653.55,111.43
南投縣,集集鎮,吳厝里,182,119130,655,440,247,748,714.84,109.21
南投縣,集集鎮,八張里,345,218040,632,429,229,770,699.60,110.70
南投縣,集集鎮,永昌里,243,168349,693,476,249,870,697.87,100.73
南投縣,集集鎮,富山里,113,56665,501,377,164,591,606.38,120.92
南投縣,集集鎮,廣明里,189,119684,633,393,200,756,823.66,130.07
南投縣,名間鄉,南雅村,255,148686,583,436,225,735,590.23,101.23
南投縣,名間鄉,中正村,895,555189,620,443,218,763,682.38,110.00
南投縣,名間鄉,中山村,527,275145,522,374,166,644,602.53,115.41
南投縣,名間鄉,濁水村,314,188271,600,411,215,686,708.60,118.18
南投縣,名間鄉,炭寮村,193,109696,568,435,221,710,544.68,95.83
南投縣,名間鄉,新民村,199,101669,511,411,162,650,506.97,99.23
南投縣,名間鄉,新街村,1190,625809,526,396,214,681,490.48,93.27
南投縣,名間鄉,東湖村,413,223027,540,384,198,735,493.13,91.32
南投縣,名間鄉,仁和村,180,95146,529,420,226,659,438.29,82.92
南投縣,名間鄉,萬丹村,223,125771,564,375,182,656,888.71,157.57
南投縣,名間鄉,田仔村,269,150810,561,398,175,682,620.72,110.72
南投縣,名間鄉,新光村,424,239841,566,374,191,675,779.20,137.75
南投縣,名間鄉,大庄村,356,198954,559,363,187,660,650.27,116.36
南投縣,名間鄉,廍下村,180,112179,623,405,200,843,720.52,115.61
南投縣,名間鄉,大坑村,156,76600,491,318,170,562,541.47,110.27
南投縣,名間鄉,竹圍村,189,101636,538,377,219,657,679.16,126.29
南投縣,名間鄉,赤水村,224,140313,626,442,206,812,620.93,99.13
南投縣,名間鄉,三崙村,309,192565,623,476,234,800,593.74,95.28
南投縣,名間鄉,松山村,329,210724,640,439,221,740,886.28,138.37
南投縣,名間鄉,松柏村,242,126050,521,390,168,627,531.65,102.07
南投縣,名間鄉,埔中村,187,101037,540,388,222,653,631.01,116.79
南投縣,名間鄉,崁腳村,177,96063,543,409,221,717,500.48,92.22
南投縣,名間鄉,新厝村,165,86858,526,337,181,727,511.39,97.15
南投縣,鹿谷鄉,鹿谷村,435,293732,675,458,238,789,800.36,118.53
南投縣,鹿谷鄉,初鄉村,305,185605,609,437,210,864,579.94,95.30
南投縣,鹿谷鄉,彰雅村,295,185589,629,392,206,718,1154.89,183.57
南投縣,鹿谷鄉,廣興村,439,283390,646,438,219,797,682.09,105.66
南投縣,鹿谷鄉,內湖村,183,119715,654,376,238,684,969.03,148.13
南投縣,鹿谷鄉,竹林村,253,138252,546,400,193,672,571.07,104.50
南投縣,鹿谷鄉,竹豐村,149,77034,517,397,227,724,409.82,79.27
南投縣,鹿谷鄉,和雅村,112,69586,621,370,208,832,811.06,130.54
南投縣,鹿谷鄉,鳳凰村,248,154955,625,448,225,773,804.33,128.73
南投縣,鹿谷鄉,永隆村,346,204528,591,433,228,723,590.45,99.89
南投縣,鹿谷鄉,秀峰村,129,94161,730,406,211,852,922.05,126.32
南投縣,鹿谷鄉,清水村,134,77372,577,446,229,703,559.25,96.86
南投縣,鹿谷鄉,瑞田村,122,81852,671,431,179,815,1295.75,193.13
南投縣,中寮鄉,廣興村,166,90821,547,375,177,651,580.79,106.15
南投縣,中寮鄉,崁頂村,96,51327,535,296,192,521,729.67,136.48
南投縣,中寮鄉,和興村,94,47729,508,363,211,677,507.97,100.04
南投縣,中寮鄉,八仙村,152,76505,503,378,153,685,477.54,94.88
南投縣,中寮鄉,福盛村,94,61013,649,458,270,888,612.49,94.36
南投縣,中寮鄉,永平村,399,229521,575,363,168,693,685.85,119.23
南投縣,中寮鄉,復興村,56,25970,464,297,158,571,445.36,96.03
南投縣,中寮鄉,中寮村,123,65417,532,348,179,679,548.85,103.20
南投縣,中寮鄉,廣福村,78,48589,623,418,233,740,653.33,104.88
南投縣,中寮鄉,永福村,348,184884,531,374,210,594,620.15,116.73
南投縣,中寮鄉,義和村,227,130621,575,376,209,662,771.57,134.09
南投縣,中寮鄉,清水村,145,81060,559,398,193,618,851.09,152.24
南投縣,中寮鄉,龍安村,139,64174,462,333,226,579,420.23,91.02
南投縣,中寮鄉,龍岩村,131,66330,506,301,156,637,583.50,115.24
南投縣,中寮鄉,永和村,89,52105,585,466,245,735,532.59,90.97
南投縣,中寮鄉,內城村,78,46025,590,354,189,656,1067.50,180.91
南投縣,中寮鄉,爽文村,103,49572,481,352,189,645,453.57,94.24
南投縣,中寮鄉,永芳村,91,43890,482,339,192,612,488.89,101.36
南投縣,魚池鄉,東池村,331,184077,556,373,176,696,650.03,116.89
南投縣,魚池鄉,魚池村,463,275001,594,428,206,747,712.58,119.97
南投縣,魚池鄉,中明村,177,84080,475,290,172,508,623.62,131.28
南投縣,魚池鄉,新城村,266,142171,534,390,179,636,639.23,119.60
南投縣,魚池鄉,大林村,193,88631,459,308,163,580,485.20,105.65
南投縣,魚池鄉,大雁村,128,77760,608,383,192,657,721.54,118.77
南投縣,魚池鄉,五城村,125,63444,508,365,186,588,531.15,104.65
南投縣,魚池鄉,東光村,197,118203,600,347,155,666,1053.77,175.62
南投縣,魚池鄉,共和村,145,79115,546,362,204,625,620.18,113.67
南投縣,魚池鄉,水社村,167,108876,652,391,219,692,853.03,130.84
南投縣,魚池鄉,頭社村,164,82308,502,355,186,641,530.09,105.62
南投縣,魚池鄉,武登村,90,56179,624,332,167,769,1047.23,167.77
南投縣,魚池鄉,日月村,152,91802,604,366,204,794,662.84,109.75
南投縣,國姓鄉,國姓村,306,149037,487,351,177,640,462.60,94.98
南投縣,國姓鄉,石門村,321,177099,552,378,196,685,603.60,109.41
南投縣,國姓鄉,大旗村,97,58440,602,450,239,745,562.52,93.37
南投縣,國姓鄉,北港村,292,157842,541,374,181,698,575.66,106.49
南投縣,國姓鄉,長流村,247,115916,469,376,199,606,434.65,92.62
南投縣,國姓鄉,福龜村,369,199795,541,379,200,656,736.83,136.09
南投縣,國姓鄉,乾溝村,160,83374,521,375,196,647,525.76,100.90
南投縣,國姓鄉,柑林村,201,99309,494,368,168,611,549.02,111.12
南投縣,國姓鄉,南港村,243,132555,545,410,187,706,568.96,104.30
南投縣,國姓鄉,北山村,234,121903,521,340,166,619,627.04,120.36
南投縣,國姓鄉,大石村,130,80828,622,449,214,808,582.33,93.66
南投縣,國姓鄉,長福村,108,50959,472,341,179,555,459.70,97.43
南投縣,國姓鄉,長豐村,109,50518,463,372,173,616,458.99,99.03
南投縣,水里鄉,水里村,131,62857,480,338,198,651,460.19,95.91
南投縣,水里鄉,農富村,96,64720,674,429,222,874,746.90,110.79
南投縣,水里鄉,新城村,297,167992,566,359,193,652,678.85,120.02
南投縣,水里鄉,中央村,128,73159,572,410,220,652,773.52,135.34
南投縣,水里鄉,城中村,178,122068,686,473,237,795,805.00,117.38
南投縣,水里鄉,北埔村,256,147036,574,455,223,726,554.07,96.47
南投縣,水里鄉,鉅工村,226,148450,657,458,224,827,739.86,112.64
南投縣,水里鄉,永豐村,304,168855,555,442,194,695,522.62,94.09
南投縣,水里鄉,頂崁村,255,142640,559,366,184,669,600.27,107.31
南投縣,水里鄉,車埕村,80,45235,565,397,203,637,838.33,148.26
南投縣,水里鄉,新興村,103,53448,519,404,249,592,549.28,105.85
南投縣,水里鄉,新山村,30,23373,779,653,289,997,697.59,89.54
南投縣,水里鄉,郡坑村,42,20505,488,389,189,694,387.56,79.39
南投縣,水里鄉,上安村,188,90098,479,395,164,629,450.32,93.96
南投縣,水里鄉,民和村,112,54901,490,349,191,552,578.76,118.07
南投縣,水里鄉,永興村,49,21702,443,358,211,606,340.39,76.85
南投縣,水里鄉,玉峰村,136,74979,551,437,199,751,508.84,92.30
南投縣,水里鄉,興隆村,38,19544,514,437,174,685,472.49,91.87
南投縣,水里鄉,南光村,400,249034,623,414,221,780,658.04,105.69
南投縣,信義鄉,明德村,317,176073,555,436,226,704,526.41,94.77
南投縣,信義鄉,地利村,142,63238,445,393,239,544,324.74,72.92
南投縣,信義鄉,人和村,165,87631,531,442,279,667,443.22,83.45
南投縣,信義鄉,愛國村,93,55782,600,472,235,717,627.96,104.69
南投縣,信義鄉,自強村,114,54683,480,327,168,628,571.30,119.10
南投縣,信義鄉,羅娜村,206,115018,558,419,272,648,524.73,93.98
南投縣,信義鄉,望美村,160,95322,596,436,251,721,601.84,101.02
南投縣,信義鄉,同富村,196,118948,607,448,237,723,634.54,104.56
南投縣,信義鄉,神木村,73,41112,563,395,163,536,952.95,169.21
南投縣,信義鄉,東埔村,141,75202,533,444,288,680,429.68,80.56
南投縣,信義鄉,潭南村,59,25726,436,435,236,551,269.43,61.79
南投縣,信義鄉,雙龍村,55,25274,460,346,193,584,426.73,92.86
南投縣,信義鄉,新鄉村,107,61233,572,478,364,644,376.66,65.82
南投縣,信義鄉,豐丘村,97,54057,557,433,293,692,394.18,70.73
南投縣,信義鄉,卡里布安村,74,34870,471,418,207,700,332.28,70.51
南投縣,仁愛鄉,大同村,330,219554,665,408,210,738,958.95,144.13
南投縣,仁愛鄉,春陽村,153,74391,486,427,249,608,343.28,70.60
南投縣,仁愛鄉,發祥村,108,60554,561,434,255,711,472.51,84.27
南投縣,仁愛鄉,力行村,75,34307,457,397,223,562,340.44,74.43
南投縣,仁愛鄉,法治村,93,61350,660,398,229,598,1514.59,229.59
南投縣,仁愛鄉,親愛村,210,94994,452,377,190,629,390.67,86.36
南投縣,仁愛鄉,中正村,139,68855,495,387,217,569,647.42,130.70
南投縣,仁愛鄉,互助村,224,128105,572,453,254,740,481.55,84.20
南投縣,仁愛鄉,新生村,79,33756,427,322,135,565,398.56,93.28
南投縣,仁愛鄉,萬豐村,83,47176,568,438,259,633,569.55,100.20
南投縣,仁愛鄉,精英村,89,56497,635,475,217,762,721.61,113.68
南投縣,仁愛鄉,南豐村,219,133916,611,449,213,812,658.54,107.69
南投縣,仁愛鄉,榮興村,2,1521,760,760,576,945,520.77,68.49
南投縣,仁愛鄉,翠華村,40,15285,382,295,119,477,401.01,104.94
南投縣,仁愛鄉,都達村,60,25945,432,432,232,566,287.85,66.57
南投縣,仁愛鄉,德鹿谷村,72,34414,478,390,250,545,395.09,82.66
彰化縣,彰化市,中正里,491,408279,832,420,184,1034,1389.80,167.14
彰化縣,彰化市,文化里,388,268833,693,421,205,776,862.58,124.49
彰化縣,彰化市,新興里,1838,1533638,834,539,246,1058,977.32,117.13
彰化縣,彰化市,下廍里,1823,1673155,918,567,262,1161,1219.76,132.90
彰化縣,彰化市,民生里,461,427245,927,557,213,1136,1142.55,123.28
彰化縣,彰化市,興北里,552,424713,769,519,247,986,862.50,112.10
彰化縣,彰化市,信義里,263,247504,941,502,250,1071,1284.06,136.45
彰化縣,彰化市,陽明里,591,487091,824,516,239,992,1019.48,123.70
彰化縣,彰化市,萬安里,1310,1033514,789,484,236,996,954.66,121.00
彰化縣,彰化市,新華里,502,397119,791,496,255,988,936.03,118.32
彰化縣,彰化市,光華里,257,234716,913,509,219,1042,1211.36,132.64
彰化縣,彰化市,光復里,239,246319,1031,526,214,1143,1504.74,146.00
彰化縣,彰化市,龍山里,652,557960,856,525,216,1042,1206.30,140.96
彰化縣,彰化市,中山里,256,207373,810,461,241,1148,875.72,108.11
彰化縣,彰化市,永福里,294,256804,873,511,227,1120,1041.48,119.23
彰化縣,彰化市,永生里,390,280526,719,430,215,822,969.64,134.80
彰化縣,彰化市,桃源里,681,469826,690,386,181,742,1082.35,156.88
彰化縣,彰化市,大同里,331,248820,752,481,197,936,902.46,120.05
彰化縣,彰化市,東興里,556,457572,823,470,194,972,1111.82,135.10
彰化縣,彰化市,卦山里,849,707096,833,475,216,984,1543.09,185.28
彰化縣,彰化市,彰安里,965,803984,833,449,214,931,1592.91,191.19
彰化縣,彰化市,福安里,352,268387,762,416,203,948,919.56,120.60
彰化縣,彰化市,西安里,943,748873,794,504,224,942,1000.69,126.01
彰化縣,彰化市,成功里,544,476116,875,539,229,1026,1095.20,125.13
彰化縣,彰化市,南瑶里,2758,2263055,821,530,240,1009,1060.10,129.19
彰化縣,彰化市,華陽里,537,404058,752,463,214,834,1174.56,156.10
彰化縣,彰化市,延和里,1803,1578675,876,512,244,1035,1458.68,166.59
彰化縣,彰化市,延平里,3364,2967323,882,541,254,1061,1233.84,139.88
彰化縣,彰化市,華北里,482,328404,681,473,224,899,707.41,103.83
彰化縣,彰化市,南興里,2865,2203270,769,490,231,991,888.33,115.51
彰化縣,彰化市,富貴里,269,203486,756,503,208,959,905.63,119.72
彰化縣,彰化市,介壽里,743,571109,769,510,241,1019,880.39,114.54
彰化縣,彰化市,光南里,506,447307,884,505,250,996,1156.66,130.84
彰化縣,彰化市,民權里,313,231905,741,432,188,821,1024.89,138.33
彰化縣,彰化市,萬壽里,252,220565,875,401,210,898,2474.64,282.73
彰化縣,彰化市,中央里,267,177990,667,404,174,861,763.25,114.49
彰化縣,彰化市,忠孝里,411,417475,1016,555,243,1093,1341.07,132.03
彰化縣,彰化市,五權里,1427,981912,688,428,219,863,856.01,124.40
彰化縣,彰化市,西興里,1175,971275,827,520,232,1022,989.48,119.70
彰化縣,彰化市,忠權里,1128,899538,797,490,234,988,1043.77,130.89
彰化縣,彰化市,長樂里,319,274039,859,531,212,1034,1264.05,147.14
彰化縣,彰化市,西勢里,1342,1110601,828,511,235,1084,993.93,120.10
彰化縣,彰化市,莿桐里,1086,752995,693,447,223,813,932.49,134.49
彰化縣,彰化市,南安里,699,392949,562,370,171,710,687.94,122.37
彰化縣,彰化市,東芳里,1123,756445,674,453,215,825,910.76,135.21
彰化縣,彰化市,南美里,648,429645,663,421,194,791,829.07,125.04
彰化縣,彰化市,平和里,1536,1111585,724,444,219,922,836.23,115.55
彰化縣,彰化市,磚磘里,1094,721722,660,416,201,808,798.05,120.97
彰化縣,彰化市,阿夷里,3010,2441472,811,528,251,1050,918.46,113.23
彰化縣,彰化市,古夷里,737,466467,633,433,183,783,859.41,135.78
彰化縣,彰化市,寶廍里,365,244865,671,372,162,879,982.50,146.45
彰化縣,彰化市,茄苳里,304,206531,679,390,188,786,863.58,127.11
彰化縣,彰化市,茄南里,978,732760,749,481,248,887,939.02,125.33
彰化縣,彰化市,和調里,908,715137,788,474,228,963,982.76,124.78
彰化縣,彰化市,大竹里,1091,732630,672,448,202,849,810.70,120.73
彰化縣,彰化市,竹中里,513,345665,674,448,233,899,680.98,101.06
彰化縣,彰化市,安溪里,592,394345,666,488,247,869,681.76,102.35
彰化縣,彰化市,香山里,1152,818872,711,445,218,862,817.63,115.03
彰化縣,彰化市,牛埔里,954,603623,633,400,204,719,780.80,123.40
彰化縣,彰化市,三村里,337,204826,608,388,178,764,690.99,113.69
彰化縣,彰化市,國聖里,805,514472,639,411,186,760,769.53,120.41
彰化縣,彰化市,福山里,2094,1349957,645,436,218,799,782.25,121.34
彰化縣,彰化市,中庄里,759,527951,696,443,208,868,856.76,123.17
彰化縣,彰化市,快官里,345,263497,764,444,197,892,1060.41,138.84
彰化縣,彰化市,竹巷里,258,139107,539,379,206,688,518.21,96.11
彰化縣,彰化市,福田里,362,205932,569,378,181,702,701.91,123.39
彰化縣,彰化市,石牌里,281,171892,612,401,210,776,653.52,106.83
彰化縣,彰化市,田中里,269,178687,664,405,213,796,802.89,120.87
彰化縣,彰化市,建寶里,743,582608,784,514,221,1005,965.56,123.14
彰化縣,彰化市,復興里,1450,994037,686,448,201,859,814.37,118.79
彰化縣,彰化市,台鳳里,1377,809637,588,369,194,730,996.76,169.53
彰化縣,彰化市,向陽里,2045,1930038,944,565,254,1132,1925.49,204.02
彰化縣,彰化市,崙平里,1803,1365793,758,486,229,982,958.58,126.54
彰化縣,鹿港鎮,詔安里,653,376762,577,369,177,693,764.72,132.54
彰化縣,鹿港鎮,洋厝里,687,406542,592,409,211,703,648.61,109.61
彰化縣,鹿港鎮,海埔里,1039,633193,609,411,205,768,715.88,117.47
彰化縣,鹿港鎮,山崙里,772,454851,589,358,197,668,714.09,121.20
彰化縣,鹿港鎮,頭南里,644,409791,636,397,198,727,1174.24,184.54
彰化縣,鹿港鎮,草中里,942,595504,632,415,184,740,717.25,113.46
彰化縣,鹿港鎮,廖厝里,1373,862856,628,394,195,745,798.67,127.09
彰化縣,鹿港鎮,溝墘里,1333,908334,681,412,201,794,951.79,139.68
彰化縣,鹿港鎮,頭崙里,830,542697,654,396,193,703,880.92,134.73
彰化縣,鹿港鎮,東石里,1322,881328,667,427,207,790,953.45,143.02
彰化縣,鹿港鎮,頂番里,1276,924718,725,424,199,843,1099.97,151.78
彰化縣,鹿港鎮,郭厝里,119,77113,648,461,202,817,744.84,114.94
彰化縣,鹿港鎮,玉順里,310,196627,634,372,203,758,789.43,124.46
彰化縣,鹿港鎮,新宮里,221,124366,563,397,157,713,606.58,107.79
彰化縣,鹿港鎮,順興里,262,172061,657,381,196,782,850.90,129.57
彰化縣,鹿港鎮,中興里,186,135872,730,430,194,782,1267.52,173.52
彰化縣,鹿港鎮,景福里,347,271320,782,447,224,931,1004.30,128.44
彰化縣,鹿港鎮,興化里,150,103128,688,393,212,858,869.85,126.52
彰化縣,鹿港鎮,洛津里,210,151443,721,439,193,963,808.12,112.06
彰化縣,鹿港鎮,街尾里,680,513949,756,460,221,899,982.29,129.97
彰化縣,鹿港鎮,泰興里,398,373512,938,483,252,1079,1314.77,140.10
彰化縣,鹿港鎮,埔崙里,1691,1166482,690,440,216,834,827.86,120.01
彰化縣,鹿港鎮,菜園里,283,169324,598,433,193,762,690.16,115.35
彰化縣,鹿港鎮,長興里,96,75520,787,539,289,883,846.93,107.66
彰化縣,鹿港鎮,東崎里,1609,1069962,665,416,207,800,908.03,136.55
彰化縣,鹿港鎮,龍山里,196,131760,672,364,136,721,948.85,141.15
彰化縣,鹿港鎮,頂厝里,1051,844038,803,462,232,915,1176.01,146.44
彰化縣,鹿港鎮,大有里,317,227853,719,446,200,933,881.50,122.64
彰化縣,鹿港鎮,永安里,1499,1087888,726,453,221,862,907.31,125.02
彰化縣,鹿港鎮,鹿和里,746,528931,709,467,237,839,1002.74,141.43
彰化縣,鹿港鎮,鹿東里,891,633382,711,449,219,873,941.67,132.47
彰化縣,和美鎮,竹營里,2119,1502095,709,470,223,872,850.89,120.03
彰化縣,和美鎮,和東里,1544,1267378,821,490,247,961,1250.24,152.31
彰化縣,和美鎮,和南里,123,86519,703,420,158,780,992.87,141.15
彰化縣,和美鎮,和北里,664,473357,713,437,203,908,887.14,124.44
彰化縣,和美鎮,和西里,1063,818531,770,475,230,926,908.05,117.93
彰化縣,和美鎮,四張里,943,609499,646,410,209,801,754.95,116.80
彰化縣,和美鎮,頭前里,572,350504,613,422,199,710,713.09,116.37
彰化縣,和美鎮,還社里,252,133510,530,399,160,677,558.86,105.48
彰化縣,和美鎮,鎮平里,900,534632,594,390,188,781,648.10,109.10
彰化縣,和美鎮,大霞里,437,273635,626,402,191,740,876.02,139.90
彰化縣,和美鎮,源埤里,599,358160,598,380,181,715,768.64,128.55
彰化縣,和美鎮,南佃里,697,406203,583,379,189,646,774.14,132.83
彰化縣,和美鎮,雅溝里,402,265547,661,401,204,711,850.43,128.74
彰化縣,和美鎮,面前里,750,462796,617,396,205,782,709.30,114.95
彰化縣,和美鎮,山犁里,1872,1434663,766,472,231,962,988.54,128.99
彰化縣,和美鎮,嘉犁里,644,442230,687,407,183,801,898.14,130.79
彰化縣,和美鎮,鐵山里,939,687055,732,430,224,821,1106.05,151.16
彰化縣,和美鎮,詔安里,693,452109,652,443,229,810,809.18,124.03
彰化縣,和美鎮,柑井里,1167,787445,675,437,208,820,842.19,124.81
彰化縣,和美鎮,竹園里,301,202974,674,424,203,793,841.50,124.79
彰化縣,和美鎮,新庄里,785,507511,647,403,190,817,756.20,116.97
彰化縣,和美鎮,犁盛里,747,520436,697,413,197,800,958.35,137.55
彰化縣,和美鎮,中寮里,307,204892,667,438,209,768,768.75,115.19
彰化縣,和美鎮,中圍里,889,500220,563,403,207,736,558.27,99.22
彰化縣,和美鎮,糖友里,1624,1087695,670,439,218,839,776.82,115.98
彰化縣,和美鎮,塗厝里,572,343975,601,397,182,761,689.96,114.73
彰化縣,和美鎮,地潭里,230,133639,581,384,226,760,586.61,100.96
彰化縣,和美鎮,湖內里,374,206401,552,364,202,660,670.43,121.48
彰化縣,和美鎮,嘉寶里,611,299983,491,325,161,590,588.94,119.95
彰化縣,和美鎮,月眉里,940,506451,539,374,178,703,577.24,107.14
彰化縣,和美鎮,好修里,485,288672,595,423,213,702,692.55,116.36
彰化縣,和美鎮,仁愛里,938,641103,683,433,222,809,828.94,121.28
彰化縣,北斗鎮,光復里,547,371409,679,478,208,883,745.92,109.86
彰化縣,北斗鎮,新政里,250,208251,833,524,264,942,1112.76,133.58
彰化縣,北斗鎮,重慶里,142,93448,658,411,194,774,737.07,112.00
彰化縣,北斗鎮,五權里,180,130110,723,516,213,803,868.82,120.20
彰化縣,北斗鎮,七星里,360,221920,616,411,225,825,612.41,99.35
彰化縣,北斗鎮,居仁里,357,265640,744,474,215,940,887.34,119.25
彰化縣,北斗鎮,東光里,644,418051,649,431,216,824,720.53,111.00
彰化縣,北斗鎮,中和里,335,191702,572,391,176,682,789.67,137.99
彰化縣,北斗鎮,文昌里,954,590025,618,433,211,778,643.01,103.97
彰化縣,北斗鎮,西德里,1335,918819,688,418,202,796,2034.37,295.59
彰化縣,北斗鎮,西安里,543,436950,805,531,270,1030,877.78,109.08
彰化縣,北斗鎮,中寮里,665,427732,643,453,197,860,639.22,99.38
彰化縣,北斗鎮,大道里,525,379184,722,465,211,965,782.79,108.38
彰化縣,北斗鎮,新生里,492,271563,552,367,179,678,647.20,117.26
彰化縣,北斗鎮,大新里,504,304726,605,412,210,722,796.28,131.70
彰化縣,員林市,東和里,296,224124,757,492,219,991,786.37,103.86
彰化縣,員林市,民生里,797,521842,655,443,200,846,737.08,112.57
彰化縣,員林市,中正里,1013,798030,788,480,236,978,1011.96,128.46
彰化縣,員林市,新興里,220,193758,881,587,219,1068,993.27,112.78
彰化縣,員林市,仁美里,808,706320,874,545,277,1056,1061.47,121.43
彰化縣,員林市,和平里,960,686340,715,443,224,881,997.77,139.56
彰化縣,員林市,光明里,239,171305,717,445,222,801,909.35,126.87
彰化縣,員林市,中山里,188,155403,827,505,274,1090,946.59,114.51
彰化縣,員林市,黎明里,518,369900,714,454,218,881,921.49,129.04
彰化縣,員林市,惠來里,1965,1517899,772,484,224,937,1089.15,141.00
彰化縣,員林市,三義里,871,581434,668,425,208,817,838.64,125.63
彰化縣,員林市,南平里,2069,1732287,837,540,252,1039,1051.81,125.63
彰化縣,員林市,大埔里,568,332260,585,440,186,734,582.45,99.57
彰化縣,員林市,源潭里,500,332966,666,462,249,862,702.00,105.42
彰化縣,員林市,三條里,971,880576,907,533,258,1168,1088.66,120.05
彰化縣,員林市,三橋里,979,744008,760,494,253,963,892.23,117.40
彰化縣,員林市,溝皂里,936,682796,729,507,243,952,889.55,121.94
彰化縣,員林市,中央里,630,445004,706,446,225,908,903.51,127.91
彰化縣,員林市,大饒里,1076,769736,715,463,232,876,849.01,118.68
彰化縣,員林市,大明里,675,395238,586,382,184,724,781.35,133.44
彰化縣,員林市,萬年里,1267,942990,744,481,227,951,824.05,110.72
彰化縣,員林市,崙雅里,680,445023,654,429,207,797,903.58,138.07
彰化縣,員林市,振興里,771,441036,572,412,221,748,585.93,102.43
彰化縣,員林市,林厝里,761,433667,570,422,203,721,590.62,103.64
彰化縣,員林市,出水里,475,285635,601,394,194,668,921.34,153.21
彰化縣,員林市,湖水里,295,174780,592,383,175,761,730.07,123.22
彰化縣,員林市,大峯里,164,91861,560,361,211,751,570.05,101.77
彰化縣,員林市,鎮興里,510,281600,552,412,205,708,537.38,97.32
彰化縣,員林市,浮圳里,637,406990,639,420,214,789,717.12,112.24
彰化縣,員林市,西東里,536,322179,601,419,215,749,674.80,112.27
彰化縣,員林市,南東里,510,290016,569,367,193,646,702.18,123.48
彰化縣,員林市,中東里,490,332503,679,435,229,764,904.82,133.34
彰化縣,員林市,東北里,620,353056,569,405,192,705,590.43,103.69
彰化縣,員林市,新生里,1397,1071873,767,469,220,920,1029.53,134.18
彰化縣,員林市,三和里,2130,1763341,828,512,250,1030,1023.65,123.65
彰化縣,員林市,南興里,1550,1164459,751,484,235,949,889.18,118.36
彰化縣,員林市,三愛里,1119,849291,759,504,236,985,883.41,116.40
彰化縣,員林市,三信里,877,812162,926,544,270,1169,1185.03,127.96
彰化縣,員林市,三多里,1016,1122978,1105,553,265,1108,3232.20,292.43
彰化縣,員林市,仁愛里,499,425902,854,505,230,1113,1062.75,124.52
彰化縣,員林市,忠孝里,773,601587,778,493,220,965,892.42,114.67
彰化縣,溪湖鎮,光平里,356,239671,673,399,188,865,797.08,118.40
彰化縣,溪湖鎮,平和里,211,172519,818,529,267,984,917.92,112.27
彰化縣,溪湖鎮,太平里,536,393334,734,487,238,967,781.34,106.47
彰化縣,溪湖鎮,光華里,143,90762,635,479,231,779,584.02,92.01
彰化縣,溪湖鎮,東寮里,1151,828914,720,452,236,874,882.14,122.49
彰化縣,溪湖鎮,西寮里,686,448272,653,459,209,850,712.50,109.04
彰化縣,溪湖鎮,大突里,1060,737440,696,446,217,852,889.72,127.89
彰化縣,溪湖鎮,北勢里,397,218774,551,410,191,681,660.45,119.85
彰化縣,溪湖鎮,汴頭里,905,573708,634,438,207,807,702.77,110.86
彰化縣,溪湖鎮,大竹里,751,522265,695,475,216,903,780.30,112.20
彰化縣,溪湖鎮,湖西里,699,447086,640,458,227,812,644.39,100.75
彰化縣,溪湖鎮,田中里,179,99985,559,440,181,741,527.38,94.41
彰化縣,溪湖鎮,河東里,428,202434,473,343,186,575,466.77,98.69
彰化縣,溪湖鎮,中山里,577,369902,641,438,198,840,695.03,108.42
彰化縣,溪湖鎮,中竹里,214,107024,500,373,196,637,458.70,91.72
彰化縣,溪湖鎮,東溪里,352,212275,603,373,180,716,670.85,111.24
彰化縣,溪湖鎮,西溪里,529,332274,628,434,192,756,775.25,123.42
彰化縣,溪湖鎮,湖東里,1379,913864,663,467,224,835,734.90,110.90
彰化縣,溪湖鎮,頂庄里,195,118051,605,394,174,752,669.56,110.60
彰化縣,溪湖鎮,忠覺里,373,208920,560,419,203,727,528.25,94.31
彰化縣,溪湖鎮,湳底里,132,87800,665,416,237,759,775.02,116.52
彰化縣,溪湖鎮,大庭里,355,211223,595,427,201,760,684.94,115.12
彰化縣,溪湖鎮,媽厝里,253,158476,626,357,184,758,783.05,125.01
彰化縣,溪湖鎮,西勢里,542,369982,683,481,231,823,773.55,113.32
彰化縣,溪湖鎮,番婆里,448,264136,590,404,199,757,597.38,101.32
彰化縣,田中鎮,香山里,185,106086,573,430,218,735,645.37,112.54
彰化縣,田中鎮,碧峰里,218,112162,515,377,188,656,596.76,115.99
彰化縣,田中鎮,東源里,189,108418,574,364,219,704,614.42,107.11
彰化縣,田中鎮,復興里,367,210187,573,425,207,781,532.48,92.98
彰化縣,田中鎮,平和里,347,190207,548,389,200,660,617.12,112.58
彰化縣,田中鎮,頂潭里,325,187546,577,391,204,642,1080.74,187.28
彰化縣,田中鎮,中潭里,479,249952,522,356,170,686,575.32,110.25
彰化縣,田中鎮,龍潭里,129,71316,553,425,233,730,499.60,90.37
彰化縣,田中鎮,北路里,959,698880,729,491,254,968,768.61,105.47
彰化縣,田中鎮,西路里,716,463754,648,462,226,825,656.29,101.33
彰化縣,田中鎮,東路里,298,223684,751,502,244,916,829.31,110.48
彰化縣,田中鎮,南路里,311,213488,686,424,184,768,988.83,144.05
彰化縣,田中鎮,中路里,573,414189,723,506,247,920,847.82,117.29
彰化縣,田中鎮,新庄里,702,423139,603,443,229,760,658.28,109.21
彰化縣,田中鎮,三安里,356,191278,537,341,182,647,744.56,138.58
彰化縣,田中鎮,大崙里,319,185010,580,404,194,696,682.45,117.67
彰化縣,田中鎮,沙崙里,530,308570,582,412,211,736,612.01,105.12
彰化縣,田中鎮,新民里,1320,799852,606,437,223,761,697.74,115.15
彰化縣,田中鎮,梅州里,343,193090,563,382,202,770,612.39,108.78
彰化縣,田中鎮,三民里,362,205701,568,434,240,719,596.62,105.00
彰化縣,田中鎮,三光里,211,115389,547,358,198,645,791.32,144.70
彰化縣,田中鎮,大社里,204,114778,563,417,216,701,595.47,105.84
彰化縣,二林鎮,東和里,551,410224,745,458,236,928,877.07,117.80
彰化縣,二林鎮,南光里,957,651826,681,491,247,867,841.37,123.53
彰化縣,二林鎮,西平里,388,247580,638,463,244,803,632.79,99.17
彰化縣,二林鎮,北平里,818,560890,686,432,207,862,1035.26,150.98
彰化縣,二林鎮,中西里,305,171566,563,374,190,689,632.31,112.41
彰化縣,二林鎮,廣興里,261,167234,641,424,246,744,797.93,124.53
彰化縣,二林鎮,香田里,228,138335,607,438,207,725,672.66,110.87
彰化縣,二林鎮,外竹里,182,88981,489,378,147,622,543.45,111.16
彰化縣,二林鎮,興華里,263,143750,547,443,212,749,497.51,91.02
彰化縣,二林鎮,東興里,419,289820,692,451,233,850,977.86,141.37
彰化縣,二林鎮,後厝里,1039,710455,684,464,222,893,794.67,116.22
彰化縣,二林鎮,豐田里,602,401935,668,435,213,801,864.07,129.42
彰化縣,二林鎮,頂厝里,258,153800,596,462,264,746,560.05,93.95
彰化縣,二林鎮,趙甲里,278,176375,634,446,224,780,744.98,117.42
彰化縣,二林鎮,振興里,197,112973,573,420,183,760,577.63,100.73
彰化縣,二林鎮,萬興里,174,101551,584,426,205,752,586.25,100.45
彰化縣,二林鎮,永興里,311,194644,626,390,162,742,1132.32,180.92
彰化縣,二林鎮,西庄里,258,142707,553,382,192,688,560.97,101.42
彰化縣,二林鎮,梅芳里,207,128627,621,497,212,759,610.88,98.31
彰化縣,二林鎮,華崙里,782,453423,580,402,191,697,693.55,119.61
彰化縣,二林鎮,東勢里,168,87794,523,386,220,667,489.36,93.64
彰化縣,二林鎮,大永里,171,78308,458,362,160,608,422.55,92.27
彰化縣,二林鎮,萬合里,197,132278,671,468,250,862,715.33,106.53
彰化縣,二林鎮,原斗里,265,153602,580,405,198,690,681.37,117.55
彰化縣,二林鎮,西斗里,219,123100,562,391,171,698,678.39,120.69
彰化縣,二林鎮,東華里,179,120159,671,437,251,829,726.94,108.29
彰化縣,二林鎮,復豐里,121,73208,605,444,219,709,673.33,111.29
彰化縣,線西鄉,線西村,691,422334,611,411,221,702,960.88,157.21
彰化縣,線西鄉,頂庄村,334,192564,577,411,180,743,648.98,112.56
彰化縣,線西鄉,寓埔村,689,407804,592,429,194,773,608.80,102.86
彰化縣,線西鄉,塭仔村,347,218839,631,437,189,774,857.09,135.90
彰化縣,線西鄉,溝內村,326,170223,522,385,193,712,498.07,95.39
彰化縣,線西鄉,下犁村,557,348943,626,371,183,712,890.11,142.08
彰化縣,線西鄉,頂犁村,808,527477,653,428,205,769,1056.86,161.89
彰化縣,線西鄉,德興村,444,273149,615,444,212,778,730.06,118.67
彰化縣,伸港鄉,新港村,1733,1148358,663,424,210,798,880.19,132.83
彰化縣,伸港鄉,什股村,789,483202,612,444,212,757,716.06,116.92
彰化縣,伸港鄉,海尾村,529,309813,586,403,175,719,688.78,117.61
彰化縣,伸港鄉,全興村,408,259375,636,415,191,730,829.61,130.50
彰化縣,伸港鄉,溪底村,649,398521,614,401,212,695,802.95,130.76
彰化縣,伸港鄉,定興村,877,464991,530,349,175,686,617.67,116.50
彰化縣,伸港鄉,泉州村,562,331544,590,390,202,723,618.58,104.86
彰化縣,伸港鄉,泉厝村,394,213921,543,384,188,690,540.54,99.56
彰化縣,伸港鄉,曾家村,466,252763,542,391,218,641,571.25,105.32
彰化縣,伸港鄉,蚵寮村,268,153369,572,361,201,659,763.62,133.44
彰化縣,伸港鄉,埤墘村,511,293878,575,440,213,755,603.33,104.91
彰化縣,伸港鄉,七嘉村,1021,556932,545,367,169,688,585.84,107.40
彰化縣,伸港鄉,汴頭村,697,393214,564,370,182,681,731.73,129.70
彰化縣,伸港鄉,大同村,994,673416,677,490,246,863,688.06,101.56
彰化縣,福興鄉,福興村,1125,704680,626,408,202,733,804.75,128.48
彰化縣,福興鄉,外中村,340,211768,623,449,217,784,627.44,100.74
彰化縣,福興鄉,元中村,402,254960,634,417,225,714,752.07,118.58
彰化縣,福興鄉,大崙村,419,291494,696,429,184,817,1142.51,164.23
彰化縣,福興鄉,外埔村,477,306621,643,386,209,734,910.15,141.59
彰化縣,福興鄉,三汴村,457,284291,622,439,213,776,732.20,117.70
彰化縣,福興鄉,萬豐村,270,155983,578,374,193,701,692.03,119.79
彰化縣,福興鄉,番社村,415,262556,633,413,236,741,759.82,120.10
彰化縣,福興鄉,社尾村,378,220366,583,407,195,683,660.90,113.37
彰化縣,福興鄉,番婆村,660,398435,604,406,204,717,691.44,114.54
彰化縣,福興鄉,橋頭村,869,641302,738,402,186,776,1174.14,159.10
彰化縣,福興鄉,秀厝村,698,401565,575,366,182,708,720.09,125.17
彰化縣,福興鄉,鎮平村,283,147280,520,337,180,635,634.60,121.94
彰化縣,福興鄉,三和村,244,164794,675,409,179,758,947.06,140.22
彰化縣,福興鄉,麥厝村,527,314201,596,409,191,690,750.19,125.83
彰化縣,福興鄉,廈粘村,525,282497,538,393,182,674,558.46,103.79
彰化縣,福興鄉,頂粘村,614,432307,704,399,194,734,1176.38,167.08
彰化縣,福興鄉,福寶村,306,176101,575,352,162,700,814.83,141.59
彰化縣,福興鄉,二港村,355,221563,624,397,196,630,873.80,140.00
彰化縣,福興鄉,福南村,747,450494,603,389,195,711,762.94,126.51
彰化縣,福興鄉,西勢村,536,350854,655,427,214,773,783.44,119.69
彰化縣,福興鄉,同安村,684,372378,544,368,195,661,661.25,121.46
彰化縣,秀水鄉,秀水村,467,288524,618,391,194,764,755.65,122.31
彰化縣,秀水鄉,安溪村,676,480775,711,449,218,854,825.27,116.04
彰化縣,秀水鄉,莊雅村,888,586011,660,404,193,790,890.76,134.98
彰化縣,秀水鄉,陝西村,434,261212,602,395,202,758,667.14,110.84
彰化縣,秀水鄉,金興村,487,293834,603,408,196,690,820.49,135.99
彰化縣,秀水鄉,安東村,1278,843056,660,422,214,803,793.98,120.36
彰化縣,秀水鄉,鶴鳴村,1042,671438,644,412,213,798,759.77,117.91
彰化縣,秀水鄉,馬興村,738,479263,649,430,209,768,741.09,114.12
彰化縣,秀水鄉,義興村,470,303965,647,371,180,743,931.05,143.96
彰化縣,秀水鄉,福安村,1517,1007883,664,427,223,823,764.30,115.04
彰化縣,秀水鄉,埔崙村,655,432976,661,450,211,783,1028.23,155.55
彰化縣,秀水鄉,曾厝村,569,330762,581,367,204,667,794.77,136.72
彰化縣,秀水鄉,金陵村,555,363948,656,460,229,752,767.17,116.99
彰化縣,秀水鄉,下崙村,612,432805,707,439,203,827,950.45,134.40
彰化縣,花壇鄉,花壇村,1024,667311,652,442,204,821,698.33,107.16
彰化縣,花壇鄉,金墩村,510,346289,679,419,207,731,898.60,132.34
彰化縣,花壇鄉,中庄村,641,366983,573,408,183,712,710.30,124.07
彰化縣,花壇鄉,劉厝村,296,178694,604,364,192,754,800.17,132.55
彰化縣,花壇鄉,崙雅村,411,245950,598,405,175,700,830.47,138.78
彰化縣,花壇鄉,南口村,597,408389,684,468,232,866,775.71,113.40
彰化縣,花壇鄉,岩竹村,341,211747,621,386,189,762,814.11,131.10
彰化縣,花壇鄉,橋頭村,995,557109,560,382,183,693,638.35,114.01
彰化縣,花壇鄉,灣雅村,233,125104,537,343,175,590,735.59,137.00
彰化縣,花壇鄉,灣東村,232,159598,688,412,191,799,943.80,137.20
彰化縣,花壇鄉,三春村,540,289495,536,384,167,699,551.24,102.82
彰化縣,花壇鄉,永春村,582,317356,545,398,196,672,628.38,115.24
彰化縣,花壇鄉,長春村,421,239486,569,365,192,625,723.55,127.20
彰化縣,花壇鄉,中口村,243,168478,693,502,249,831,688.95,99.37
彰化縣,花壇鄉,北口村,600,394970,658,426,205,753,859.64,130.59
彰化縣,花壇鄉,長沙村,1654,1182817,715,461,221,885,902.99,126.27
彰化縣,花壇鄉,文德村,996,565380,568,377,204,711,649.88,114.49
彰化縣,花壇鄉,白沙村,1504,1291916,859,447,221,906,1725.26,200.85
彰化縣,芬園鄉,社口村,675,406006,601,393,208,729,783.24,130.22
彰化縣,芬園鄉,竹林村,463,260284,562,381,193,684,742.46,132.07
彰化縣,芬園鄉,楓坑村,123,59659,485,361,215,560,509.56,105.06
彰化縣,芬園鄉,芬園村,213,112419,528,369,217,627,534.53,101.28
彰化縣,芬園鄉,大埔村,324,164741,508,355,183,601,626.34,123.18
彰化縣,芬園鄉,舊社村,427,237102,555,390,189,684,672.18,121.05
彰化縣,芬園鄉,進芬村,242,156401,646,408,197,759,748.41,115.80
彰化縣,芬園鄉,茄荖村,609,318257,523,368,185,625,594.02,113.67
彰化縣,芬園鄉,嘉興村,416,261669,629,388,211,724,773.16,122.92
彰化縣,芬園鄉,縣庄村,306,183317,599,406,204,694,836.68,139.66
彰化縣,芬園鄉,圳墘村,132,83560,633,367,202,752,808.10,127.66
彰化縣,芬園鄉,溪頭村,451,250783,556,391,211,714,570.88,102.66
彰化縣,芬園鄉,同安村,247,124343,503,334,180,618,517.98,102.89
彰化縣,芬園鄉,中崙村,174,109832,631,440,214,796,798.75,126.54
彰化縣,芬園鄉,大竹村,236,150428,637,404,216,779,735.20,115.34
彰化縣,大村鄉,大村村,1162,785081,676,465,221,827,866.92,128.31
彰化縣,大村鄉,田洋村,335,191920,573,418,240,714,585.53,102.20
彰化縣,大村鄉,南勢村,428,232733,544,393,199,676,546.86,100.57
彰化縣,大村鄉,貢旗村,411,246278,599,437,207,733,675.91,112.80
彰化縣,大村鄉,茄苳村,403,251075,623,429,173,734,816.55,131.06
彰化縣,大村鄉,加錫村,470,271069,577,388,198,708,766.27,132.86
彰化縣,大村鄉,大崙村,458,229008,500,356,185,631,496.94,99.38
彰化縣,大村鄉,新興村,320,183329,573,378,185,636,715.92,124.96
彰化縣,大村鄉,擺塘村,775,485998,627,423,204,769,842.46,134.34
彰化縣,大村鄉,村上村,491,316211,644,466,226,773,734.07,113.98
彰化縣,大村鄉,美港村,983,715996,728,441,203,810,1877.61,257.78
彰化縣,大村鄉,過溝村,1060,707608,668,435,224,840,763.80,114.42
彰化縣,大村鄉,大橋村,537,312243,581,404,195,691,700.53,120.48
彰化縣,大村鄉,黃厝村,754,460585,611,430,226,735,723.94,118.51
彰化縣,大村鄉,福興村,675,364056,539,362,187,635,870.82,161.46
彰化縣,大村鄉,平和村,774,454989,588,414,205,710,759.36,129.18
彰化縣,埔鹽鄉,埔鹽村,497,337207,678,467,240,771,808.22,119.12
彰化縣,埔鹽鄉,埔南村,461,290987,631,390,208,754,786.35,124.58
彰化縣,埔鹽鄉,廍子村,355,224578,633,401,198,740,799.95,126.45
彰化縣,埔鹽鄉,出水村,277,174090,628,373,149,715,918.66,146.17
彰化縣,埔鹽鄉,南港村,485,286049,590,401,204,744,625.77,106.10
彰化縣,埔鹽鄉,打廉村,243,133859,551,387,207,664,644.57,117.01
彰化縣,埔鹽鄉,豐澤村,341,176680,518,377,167,658,545.44,105.27
彰化縣,埔鹽鄉,崑崙村,317,225679,712,450,215,859,1104.96,155.21
彰化縣,埔鹽鄉,角樹村,187,109701,587,460,200,690,603.81,102.93
彰化縣,埔鹽鄉,瓦磘村,324,192349,594,389,191,735,713.59,120.20
彰化縣,埔鹽鄉,好修村,570,329970,579,380,197,718,743.75,128.48
彰化縣,埔鹽鄉,西湖村,501,323414,646,407,192,716,979.80,151.78
彰化縣,埔鹽鄉,大有村,317,186780,589,378,196,735,656.71,111.46
彰化縣,埔鹽鄉,新興村,135,100766,746,449,212,968,855.81,114.66
彰化縣,埔鹽鄉,永平村,322,201466,626,422,218,767,674.93,107.87
彰化縣,埔鹽鄉,永樂村,220,180973,823,516,211,1008,1142.52,138.89
彰化縣,埔鹽鄉,石埤村,278,147193,529,375,180,656,556.69,105.14
彰化縣,埔鹽鄉,天盛村,173,117085,677,394,186,856,775.38,114.57
彰化縣,埔鹽鄉,太平村,321,212497,662,362,168,760,946.68,143.01
彰化縣,埔鹽鄉,新水村,337,182146,540,335,181,695,635.68,117.61
彰化縣,埔鹽鄉,三省村,305,185795,609,406,180,709,845.77,138.84
彰化縣,埔鹽鄉,南新村,337,200991,596,401,185,706,648.01,108.65
彰化縣,埔心鄉,東門村,1116,727855,652,418,204,817,757.88,116.20
彰化縣,埔心鄉,埔心村,327,207540,635,415,221,720,773.69,121.90
彰化縣,埔心鄉,義民村,481,306952,638,448,219,799,745.18,116.77
彰化縣,埔心鄉,油車村,352,196622,559,370,174,672,722.03,129.26
彰化縣,埔心鄉,瓦北村,506,350920,694,443,193,790,865.49,124.80
彰化縣,埔心鄉,瓦中村,708,504147,712,488,232,905,776.31,109.02
彰化縣,埔心鄉,瓦南村,411,261804,637,391,209,746,940.57,147.66
彰化縣,埔心鄉,太平村,611,342583,561,401,184,709,606.32,108.14
彰化縣,埔心鄉,經口村,743,442930,596,431,222,780,600.58,100.74
彰化縣,埔心鄉,大華村,178,102475,576,390,185,625,716.44,124.45
彰化縣,埔心鄉,仁里村,325,199941,615,416,219,759,683.44,111.09
彰化縣,埔心鄉,舊舘村,455,319784,703,455,209,850,939.27,133.64
彰化縣,埔心鄉,南舘村,293,172480,589,379,195,654,849.58,144.32
彰化縣,埔心鄉,新舘村,246,133018,541,386,214,662,666.01,123.17
彰化縣,埔心鄉,羅厝村,304,146314,481,328,154,565,720.11,149.62
彰化縣,埔心鄉,芎蕉村,484,273686,565,416,191,716,592.42,104.77
彰化縣,埔心鄉,梧鳳村,206,118344,574,408,199,738,657.18,114.39
彰化縣,埔心鄉,二重村,393,237986,606,408,199,748,664.13,109.67
彰化縣,埔心鄉,埤霞村,207,108653,525,400,167,622,548.16,104.43
彰化縣,埔心鄉,埤脚村,238,128668,541,349,177,644,632.08,116.92
彰化縣,永靖鄉,永東村,204,145675,714,489,222,886,810.46,113.50
彰化縣,永靖鄉,永西村,460,359024,780,477,226,908,1057.95,135.55
彰化縣,永靖鄉,永北村,621,433946,699,418,200,774,1023.97,146.54
彰化縣,永靖鄉,永南村,495,292410,591,392,189,751,692.46,117.22
彰化縣,永靖鄉,港西村,442,260838,590,398,198,656,956.55,162.09
彰化縣,永靖鄉,五福村,344,205034,596,430,205,741,636.94,106.86
彰化縣,永靖鄉,湳港村,324,196268,606,374,194,647,936.52,154.60
彰化縣,永靖鄉,新莊村,304,163909,539,388,186,711,564.06,104.61
彰化縣,永靖鄉,浮圳村,327,188806,577,347,165,581,1111.23,192.46
彰化縣,永靖鄉,瑚璉村,810,483483,597,439,217,779,578.57,96.93
彰化縣,永靖鄉,五汴村,403,334111,829,443,205,830,1621.62,195.60
彰化縣,永靖鄉,光雲村,430,230136,535,366,163,672,584.55,109.22
彰化縣,永靖鄉,東寧村,532,295946,556,385,200,659,607.93,109.28
彰化縣,永靖鄉,永興村,428,252077,589,390,205,716,697.14,118.37
彰化縣,永靖鄉,崙子村,419,267627,639,433,205,795,812.64,127.23
彰化縣,永靖鄉,獨鰲村,191,86518,453,341,165,629,395.34,87.28
彰化縣,永靖鄉,敦厚村,168,105525,628,436,253,809,644.48,102.60
彰化縣,永靖鄉,崙美村,167,88699,531,373,195,671,594.28,111.89
彰化縣,永靖鄉,同安村,156,79480,509,348,197,567,547.37,107.44
彰化縣,永靖鄉,同仁村,186,124658,670,432,251,795,822.04,122.65
彰化縣,永靖鄉,四芳村,149,68824,462,391,180,617,420.56,91.05
彰化縣,永靖鄉,湳墘村,176,95462,542,377,165,653,582.19,107.34
彰化縣,永靖鄉,福興村,254,145726,574,408,193,670,641.66,111.84
彰化縣,永靖鄉,竹子村,281,156411,557,401,171,639,656.00,117.85
彰化縣,社頭鄉,社頭村,837,572223,684,457,214,853,887.51,129.82
彰化縣,社頭鄉,廣興村,1254,732173,584,396,196,707,662.29,113.43
彰化縣,社頭鄉,仁雅村,877,588603,671,463,254,841,796.42,118.66
彰化縣,社頭鄉,崙雅村,293,205902,703,446,211,950,787.84,112.11
彰化縣,社頭鄉,美雅村,350,225170,643,448,225,794,653.70,101.61
彰化縣,社頭鄉,里仁村,284,166316,586,408,215,716,600.01,102.46
彰化縣,社頭鄉,舊社村,453,257179,568,431,195,727,560.22,98.68
彰化縣,社頭鄉,松竹村,290,154067,531,379,187,708,528.96,99.57
彰化縣,社頭鄉,東興村,383,207853,543,371,203,648,542.54,99.97
彰化縣,社頭鄉,廣福村,212,122807,579,398,250,673,585.05,101.00
彰化縣,社頭鄉,橋頭村,546,336894,617,414,184,761,711.66,115.34
彰化縣,社頭鄉,湳底村,498,301387,605,403,202,756,767.16,126.76
彰化縣,社頭鄉,新厝村,369,212544,576,437,218,812,521.45,90.53
彰化縣,社頭鄉,張厝村,313,176516,564,441,214,724,519.35,92.09
彰化縣,社頭鄉,埤斗村,235,136763,582,390,206,709,830.48,142.70
彰化縣,社頭鄉,清水村,325,229079,705,430,210,733,1843.60,261.56
彰化縣,社頭鄉,山湖村,287,175799,613,406,188,802,665.35,108.62
彰化縣,社頭鄉,朝興村,282,199608,708,423,208,784,1623.06,229.30
彰化縣,社頭鄉,仁和村,179,101120,565,409,214,707,556.14,98.45
彰化縣,社頭鄉,泰安村,260,152225,585,395,189,740,696.94,119.04
彰化縣,社頭鄉,平和村,248,123566,498,345,184,628,515.10,103.38
彰化縣,社頭鄉,龍井村,177,92941,525,404,208,686,449.32,85.57
彰化縣,社頭鄉,湳雅村,381,213400,560,393,204,695,590.12,105.36
彰化縣,社頭鄉,協和村,568,317368,559,383,202,687,724.53,129.67
彰化縣,二水鄉,十五村,149,74057,497,406,187,633,490.12,98.61
彰化縣,二水鄉,合和村,207,117721,569,411,227,764,558.46,98.20
彰化縣,二水鄉,上豊村,201,107646,536,373,194,623,598.03,111.67
彰化縣,二水鄉,過圳村,132,72706,551,366,195,656,560.90,101.83
彰化縣,二水鄉,五伯村,155,98799,637,386,254,780,750.24,117.70
彰化縣,二水鄉,光化村,251,170327,679,442,249,812,771.84,113.74
彰化縣,二水鄉,文化村,268,157720,589,440,192,713,754.58,128.22
彰化縣,二水鄉,二水村,208,134941,649,472,240,942,559.80,86.29
彰化縣,二水鄉,聖化村,115,73406,638,453,257,840,624.32,97.81
彰化縣,二水鄉,裕民村,250,153764,615,439,177,833,765.58,124.47
彰化縣,二水鄉,惠民村,166,103370,623,473,245,839,527.90,84.77
彰化縣,二水鄉,大園村,178,100933,567,419,198,738,569.91,100.51
彰化縣,二水鄉,修仁村,172,96285,560,428,257,662,579.47,103.51
彰化縣,二水鄉,源泉村,136,107020,787,473,238,958,1338.23,170.06
彰化縣,二水鄉,倡和村,99,59138,597,387,208,731,616.62,103.23
彰化縣,二水鄉,復興村,256,131871,515,390,210,624,539.76,104.78
彰化縣,二水鄉,合興村,154,83826,544,401,220,630,527.87,96.98
彰化縣,田尾鄉,田尾村,311,196619,632,372,161,719,905.70,143.26
彰化縣,田尾鄉,豐田村,174,111701,642,430,176,767,870.88,135.66
彰化縣,田尾鄉,饒平村,757,509919,674,419,207,787,1220.49,181.19
彰化縣,田尾鄉,北曾村,394,228042,579,416,194,749,610.08,105.41
彰化縣,田尾鄉,南曾村,330,194968,591,410,226,745,736.18,124.60
彰化縣,田尾鄉,睦宜村,259,148375,573,380,162,656,834.44,145.66
彰化縣,田尾鄉,新生村,346,214152,619,428,197,708,813.39,131.42
彰化縣,田尾鄉,北鎮村,322,190235,591,396,218,762,589.85,99.84
彰化縣,田尾鄉,南鎮村,114,75740,664,379,214,674,794.35,119.56
彰化縣,田尾鄉,福田村,175,102457,585,416,208,718,573.13,97.89
彰化縣,田尾鄉,新興村,236,129980,551,367,220,669,607.64,110.33
彰化縣,田尾鄉,打簾村,368,207935,565,372,180,666,679.78,120.31
彰化縣,田尾鄉,溪畔村,310,201004,648,418,199,784,801.21,123.57
彰化縣,田尾鄉,柳鳳村,215,145079,675,467,212,791,721.67,106.95
彰化縣,田尾鄉,陸豐村,192,103978,542,369,195,661,542.53,100.18
彰化縣,田尾鄉,海豐村,292,156298,535,366,197,665,590.06,110.24
彰化縣,田尾鄉,仁里村,340,174305,513,393,200,650,553.22,107.91
彰化縣,田尾鄉,新厝村,62,37509,605,383,154,612,1032.98,170.74
彰化縣,田尾鄉,溪頂村,162,97986,605,346,180,751,711.02,117.55
彰化縣,田尾鄉,正義村,236,164325,696,459,222,744,965.17,138.62
彰化縣,埤頭鄉,和豊村,593,340116,574,411,199,679,636.71,111.01
彰化縣,埤頭鄉,興農村,435,265907,611,427,226,725,640.01,104.70
彰化縣,埤頭鄉,埤頭村,372,237430,638,423,182,856,744.58,116.66
彰化縣,埤頭鄉,豊崙村,540,374055,693,423,205,730,1209.94,174.67
彰化縣,埤頭鄉,崙子村,319,207256,650,419,218,775,772.65,118.92
彰化縣,埤頭鄉,合興村,924,600841,650,433,199,761,845.99,130.10
彰化縣,埤頭鄉,平原村,663,450369,679,451,192,903,754.65,111.09
彰化縣,埤頭鄉,崙腳村,195,112435,577,382,211,668,705.99,122.44
彰化縣,埤頭鄉,元埔村,141,99920,709,453,240,780,959.48,135.40
彰化縣,埤頭鄉,芙朝村,309,175448,568,395,190,720,664.64,117.06
彰化縣,埤頭鄉,新庄村,216,141100,653,437,216,837,691.97,105.93
彰化縣,埤頭鄉,陸嘉村,190,116384,613,415,208,833,672.67,109.82
彰化縣,埤頭鄉,竹圍村,263,143412,545,394,173,692,561.28,102.93
彰化縣,埤頭鄉,中和村,332,224439,676,460,236,847,721.14,106.67
彰化縣,埤頭鄉,庄內村,244,132530,543,377,189,726,655.83,120.75
彰化縣,埤頭鄉,大湖村,205,108577,530,358,162,657,665.73,125.69
彰化縣,埤頭鄉,永豐村,390,256114,657,433,221,793,775.45,118.08
彰化縣,芳苑鄉,芳苑村,149,87265,586,439,252,784,599.91,102.43
彰化縣,芳苑鄉,芳中村,51,26604,522,378,209,627,484.22,92.83
彰化縣,芳苑鄉,仁愛村,139,95905,690,469,237,749,873.10,126.54
彰化縣,芳苑鄉,信義村,71,35888,505,364,198,662,474.88,93.95
彰化縣,芳苑鄉,後寮村,219,135209,617,386,221,664,1063.01,172.18
彰化縣,芳苑鄉,三合村,510,284855,559,394,212,747,561.09,100.46
彰化縣,芳苑鄉,永興村,221,127946,579,423,267,706,586.20,101.25
彰化縣,芳苑鄉,頂廍村,108,54504,505,390,198,681,455.15,90.19
彰化縣,芳苑鄉,五俊村,72,47026,653,325,147,562,1548.20,237.04
彰化縣,芳苑鄉,王功村,329,181297,551,389,194,745,527.78,95.78
彰化縣,芳苑鄉,博愛村,113,63204,559,352,186,646,733.76,131.18
彰化縣,芳苑鄉,和平村,82,40852,498,392,166,625,497.54,99.87
彰化縣,芳苑鄉,興仁村,183,108081,591,396,187,682,684.41,115.88
彰化縣,芳苑鄉,民生村,124,79994,645,441,234,883,610.35,94.61
彰化縣,芳苑鄉,新寶村,265,138211,522,364,185,592,671.99,128.84
彰化縣,芳苑鄉,漢寶村,694,398771,575,377,186,668,868.34,151.12
彰化縣,芳苑鄉,路上村,92,57240,622,494,255,779,560.53,90.09
彰化縣,芳苑鄉,路平村,164,97880,597,436,254,767,561.17,94.03
彰化縣,芳苑鄉,三成村,172,91326,531,411,219,665,536.57,101.05
彰化縣,芳苑鄉,福榮村,83,48485,584,437,235,767,633.07,108.37
彰化縣,芳苑鄉,新街村,108,68627,635,402,229,819,739.46,116.37
彰化縣,芳苑鄉,草湖村,301,180384,599,407,211,661,724.24,120.85
彰化縣,芳苑鄉,建平村,362,184200,509,380,210,660,489.02,96.10
彰化縣,芳苑鄉,新生村,219,110054,503,359,211,603,514.73,102.43
彰化縣,芳苑鄉,文津村,172,96374,560,393,194,637,659.04,117.62
彰化縣,芳苑鄉,崙腳村,135,76806,569,372,187,753,694.96,122.15
彰化縣,大城鄉,潭墘村,180,116124,645,383,185,661,1042.79,161.64
彰化縣,大城鄉,上山村,181,105952,585,418,244,710,629.78,107.59
彰化縣,大城鄉,東城村,282,183335,650,503,267,834,584.19,89.86
彰化縣,大城鄉,大城村,226,122682,543,401,222,691,520.58,95.90
彰化縣,大城鄉,西城村,151,90032,596,416,207,719,621.35,104.21
彰化縣,大城鄉,山腳村,204,125904,617,405,204,764,664.05,107.60
彰化縣,大城鄉,永和村,110,68247,620,394,218,631,800.11,128.96
彰化縣,大城鄉,菜寮村,155,95059,613,401,190,730,736.21,120.04
彰化縣,大城鄉,公館村,145,80824,557,429,193,702,581.75,104.37
彰化縣,大城鄉,頂庄村,92,59702,649,390,232,747,1036.96,159.80
彰化縣,大城鄉,臺西村,123,61754,502,307,165,599,734.78,146.35
彰化縣,大城鄉,東港村,195,109008,559,410,199,752,544.01,97.32
彰化縣,大城鄉,西港村,129,71261,552,377,185,719,522.46,94.58
彰化縣,大城鄉,豐美村,142,75431,531,416,223,748,434.88,81.87
彰化縣,大城鄉,三豐村,77,40883,531,382,197,642,578.97,109.05
彰化縣,竹塘鄉,竹元村,268,163176,609,417,205,735,729.04,119.74
彰化縣,竹塘鄉,竹塘村,503,343384,683,479,243,847,776.50,113.74
彰化縣,竹塘鄉,小西村,136,84061,618,461,193,797,577.47,93.43
彰化縣,竹塘鄉,五庄村,299,175306,586,400,197,730,608.08,103.71
彰化縣,竹塘鄉,樹腳村,121,63183,522,399,248,636,436.08,83.51
彰化縣,竹塘鄉,田頭村,217,136213,628,457,258,772,588.34,93.73
彰化縣,竹塘鄉,新廣村,224,140279,626,440,216,739,664.95,106.18
彰化縣,竹塘鄉,溪墘村,58,36468,629,449,238,827,596.31,94.84
彰化縣,竹塘鄉,竹林村,144,76740,533,362,155,626,637.33,119.59
彰化縣,竹塘鄉,土庫村,111,59774,539,406,217,672,553.64,102.81
彰化縣,竹塘鄉,內新村,83,58826,709,457,275,837,697.55,98.42
彰化縣,竹塘鄉,長安村,120,60323,503,338,179,677,510.72,101.60
彰化縣,竹塘鄉,永安村,79,46293,586,461,209,783,529.55,90.37
彰化縣,竹塘鄉,民靖村,152,105013,691,429,243,841,959.34,138.86
彰化縣,溪州鄉,溪厝村,423,248518,588,415,184,712,672.16,114.41
彰化縣,溪州鄉,坑厝村,142,87251,614,415,222,738,661.86,107.72
彰化縣,溪州鄉,瓦厝村,240,144164,601,428,192,647,778.24,129.56
彰化縣,溪州鄉,溪州村,407,286138,703,463,245,852,824.81,117.32
彰化縣,溪州鄉,尾厝村,497,336378,677,425,222,833,846.93,125.13
彰化縣,溪州鄉,東州村,542,350072,646,417,220,766,822.95,127.41
彰化縣,溪州鄉,舊眉村,358,275843,771,441,237,769,3175.01,412.07
彰化縣,溪州鄉,圳寮村,277,157185,567,402,184,692,648.00,114.19
彰化縣,溪州鄉,西畔村,365,183249,502,364,201,616,523.54,104.28
彰化縣,溪州鄉,成功村,367,201416,549,384,178,702,653.15,119.01
彰化縣,溪州鄉,大庄村,342,197761,578,383,175,679,829.11,143.38
彰化縣,溪州鄉,柑園村,188,108301,576,373,191,653,772.84,134.16
彰化縣,溪州鄉,潮洋村,135,72541,537,359,185,731,567.03,105.53
彰化縣,溪州鄉,張厝村,121,65539,542,384,179,696,532.40,98.29
彰化縣,溪州鄉,菜公村,145,88578,611,442,209,767,704.84,115.38
彰化縣,溪州鄉,三圳村,258,142918,554,369,184,613,877.45,158.40
彰化縣,溪州鄉,三條村,176,109225,621,446,234,816,609.68,98.24
彰化縣,溪州鄉,水尾村,370,236734,640,409,210,773,772.65,120.76
彰化縣,溪州鄉,榮光村,148,79513,537,380,228,615,909.54,169.30
雲林縣,斗六市,忠孝里,445,352234,792,544,242,1002,878.26,110.96
雲林縣,斗六市,仁愛里,315,264342,839,427,180,880,1414.27,168.53
雲林縣,斗六市,信義里,204,194877,955,508,232,1057,1470.18,153.90
雲林縣,斗六市,四維里,180,117533,653,381,170,794,849.63,130.12
雲林縣,斗六市,太平里,251,222228,885,571,287,1169,1036.34,117.05
雲林縣,斗六市,中和里,253,196270,776,508,222,973,896.96,115.62
雲林縣,斗六市,光興里,212,148950,703,417,213,783,986.20,140.37
雲林縣,斗六市,三平里,1750,1567599,896,574,270,1161,1090.55,121.74
雲林縣,斗六市,八德里,958,621009,648,427,222,837,661.48,102.04
雲林縣,斗六市,鎮北里,878,596611,680,469,249,877,702.28,103.35
雲林縣,斗六市,龍潭里,618,743974,1204,702,303,1528,1497.42,124.39
雲林縣,斗六市,鎮南里,1148,861608,751,488,239,970,843.58,112.40
雲林縣,斗六市,林頭里,1272,823113,647,446,235,848,664.32,102.66
雲林縣,斗六市,重光里,692,389875,563,378,198,657,797.73,141.59
雲林縣,斗六市,溝埧里,221,183190,829,512,293,1025,988.38,119.24
雲林縣,斗六市,江厝里,620,366580,591,405,213,696,705.50,119.32
雲林縣,斗六市,三光里,122,80326,658,403,179,877,754.98,114.67
雲林縣,斗六市,崙峯里,823,636649,774,507,256,1004,853.04,110.27
雲林縣,斗六市,嘉東里,483,395229,818,533,270,1099,879.70,107.51
雲林縣,斗六市,久安里,732,496767,679,478,234,830,815.81,120.21
雲林縣,斗六市,長平里,596,387572,650,462,269,803,752.68,115.74
雲林縣,斗六市,保庄里,1979,1561874,789,550,260,1045,818.57,103.72
雲林縣,斗六市,虎溪里,1035,700897,677,436,220,778,1177.77,173.92
雲林縣,斗六市,梅林里,474,304813,643,424,221,755,801.89,124.70
雲林縣,斗六市,湖山里,255,139835,548,395,193,704,574.86,104.83
雲林縣,斗六市,榴中里,1397,779505,558,410,227,710,585.16,104.87
雲林縣,斗六市,榴北里,288,135214,469,378,196,625,393.93,83.91
雲林縣,斗六市,榴南里,727,420355,578,421,236,699,705.76,122.06
雲林縣,斗六市,長安里,1012,654410,647,455,235,781,781.62,120.87
雲林縣,斗六市,溪洲里,954,593916,623,441,252,754,656.26,105.41
雲林縣,斗六市,十三里,298,181621,609,435,232,762,658.78,108.09
雲林縣,斗六市,鎮東里,848,668637,788,555,293,1017,839.13,106.42
雲林縣,斗六市,鎮西里,1191,984821,827,506,261,1027,1072.26,129.67
雲林縣,斗六市,社口里,732,519212,709,461,216,866,918.05,129.43
雲林縣,斗六市,公正里,1033,738411,715,469,247,886,889.71,124.47
雲林縣,斗六市,成功里,876,717518,819,567,255,1005,907.26,110.77
雲林縣,斗六市,明德里,1301,1091863,839,567,280,1071,956.70,113.99
雲林縣,斗六市,公誠里,713,493041,692,444,216,894,792.79,114.65
雲林縣,斗六市,文化里,811,654338,807,510,255,1028,1063.29,131.79
雲林縣,斗六市,正心里,699,686311,982,547,278,1124,1753.28,178.57
雲林縣,斗南鎮,南昌里,596,446471,749,472,233,898,919.77,122.78
雲林縣,斗南鎮,新光里,818,545936,667,462,234,850,686.92,102.92
雲林縣,斗南鎮,小東里,367,251630,686,468,224,828,742.32,108.27
雲林縣,斗南鎮,大東里,208,103430,497,373,198,660,444.67,89.42
雲林縣,斗南鎮,埤麻里,206,120126,583,411,199,703,837.64,143.64
雲林縣,斗南鎮,西伯里,210,113502,540,413,207,697,473.45,87.60
雲林縣,斗南鎮,新崙里,331,183055,553,392,203,679,551.65,99.75
雲林縣,斗南鎮,東仁里,355,260135,733,500,254,948,760.36,103.76
雲林縣,斗南鎮,西岐里,690,527406,764,499,235,958,887.10,116.06
雲林縣,斗南鎮,舊社里,818,563334,689,481,229,926,785.68,114.09
雲林縣,斗南鎮,田頭里,609,399086,655,456,230,784,802.47,122.46
雲林縣,斗南鎮,中天里,392,295390,754,484,232,918,825.35,109.53
雲林縣,斗南鎮,北銘里,442,294038,665,446,214,878,738.78,111.05
雲林縣,斗南鎮,明昌里,1054,739492,702,480,242,941,785.13,111.90
雲林縣,斗南鎮,東明里,241,185978,772,386,209,658,3140.71,406.99
雲林縣,斗南鎮,新南里,130,59855,460,340,179,592,452.74,98.33
雲林縣,斗南鎮,阿丹里,225,123187,547,398,181,678,583.42,106.56
雲林縣,斗南鎮,將軍里,425,282865,666,422,237,796,772.92,116.13
雲林縣,斗南鎮,林子里,344,200934,584,389,188,707,635.14,108.74
雲林縣,斗南鎮,石龜里,172,90203,524,437,225,701,457.41,87.22
雲林縣,斗南鎮,石溪里,197,120394,611,428,221,726,651.96,106.68
雲林縣,斗南鎮,靖興里,225,165320,735,497,256,902,788.20,107.27
雲林縣,斗南鎮,大同里,1000,753752,754,507,247,961,859.81,114.07
雲林縣,斗南鎮,僑真里,700,469733,671,491,229,870,704.49,104.98
雲林縣,虎尾鎮,東仁里,817,684411,838,572,256,1101,865.84,103.36
雲林縣,虎尾鎮,新興里,513,394152,768,501,268,1013,873.88,113.74
雲林縣,虎尾鎮,公安里,910,725848,798,559,255,1089,816.87,102.41
雲林縣,虎尾鎮,德興里,670,475542,710,491,231,937,840.32,118.39
雲林縣,虎尾鎮,中山里,266,206464,776,461,223,1055,890.93,114.78
雲林縣,虎尾鎮,西安里,984,769332,782,524,263,1003,837.17,107.08
雲林縣,虎尾鎮,安慶里,464,366154,789,548,268,986,867.12,109.88
雲林縣,虎尾鎮,平和里,1663,1669203,1004,758,352,1382,956.28,95.27
雲林縣,虎尾鎮,興南里,738,648893,879,611,292,1126,972.42,110.60
雲林縣,虎尾鎮,新吉里,1289,1232325,956,637,296,1323,1004.19,105.04
雲林縣,虎尾鎮,穎川里,566,432795,765,523,239,1071,784.71,102.62
雲林縣,虎尾鎮,延平里,282,193773,687,491,191,911,967.06,140.74
雲林縣,虎尾鎮,惠來里,499,291493,584,419,217,746,563.29,96.43
雲林縣,虎尾鎮,頂溪里,541,333600,617,441,216,763,659.58,106.96
雲林縣,虎尾鎮,中溪里,335,179310,535,391,182,687,530.81,99.17
雲林縣,虎尾鎮,下溪里,376,252437,671,421,215,801,822.19,122.46
雲林縣,虎尾鎮,埒內里,685,481947,704,467,243,940,738.53,104.97
雲林縣,虎尾鎮,堀頭里,228,160609,704,515,232,945,651.90,92.54
雲林縣,虎尾鎮,安溪里,494,337806,684,452,253,829,768.67,112.41
雲林縣,虎尾鎮,興中里,403,282010,700,422,225,841,887.73,126.86
雲林縣,虎尾鎮,廉使里,1036,826920,798,554,276,1056,829.18,103.88
雲林縣,虎尾鎮,東屯里,287,193793,675,496,270,885,617.21,91.41
雲林縣,虎尾鎮,西屯里,306,197960,647,457,200,805,678.06,104.81
雲林縣,虎尾鎮,芳草里,195,107251,550,391,190,716,549.63,99.93
雲林縣,虎尾鎮,墾地里,691,608538,881,659,341,1180,888.32,100.87
雲林縣,虎尾鎮,北溪里,198,124056,627,434,219,819,613.27,97.88
雲林縣,虎尾鎮,三合里,319,266119,834,560,286,1101,909.19,108.99
雲林縣,虎尾鎮,建國里,129,82944,643,418,245,835,652.97,101.55
雲林縣,虎尾鎮,立仁里,1171,952035,813,572,285,1075,873.69,107.46
雲林縣,西螺鎮,振興里,297,192022,647,414,179,867,752.37,116.37
雲林縣,西螺鎮,大園里,426,282583,663,496,265,941,614.19,92.59
雲林縣,西螺鎮,廣福里,563,417164,741,538,259,961,746.84,100.79
雲林縣,西螺鎮,正興里,780,575282,738,474,231,927,872.95,118.36
雲林縣,西螺鎮,永安里,78,43721,561,374,182,862,479.34,85.52
雲林縣,西螺鎮,中和里,141,109281,775,485,209,906,888.85,114.68
雲林縣,西螺鎮,福興里,169,103678,613,370,193,746,759.38,123.78
雲林縣,西螺鎮,光華里,256,190705,745,503,206,1074,822.92,110.47
雲林縣,西螺鎮,新安里,228,153111,672,451,219,801,745.28,110.98
雲林縣,西螺鎮,新豐里,292,183074,627,448,195,788,712.27,113.61
雲林縣,西螺鎮,中興里,766,569621,744,519,258,954,803.86,108.10
雲林縣,西螺鎮,漢光里,1214,838864,691,519,241,937,682.99,98.84
雲林縣,西螺鎮,詔安里,227,144746,638,450,210,909,594.18,93.18
雲林縣,西螺鎮,河南里,239,158951,665,508,219,902,659.50,99.16
雲林縣,西螺鎮,安定里,322,211634,657,444,225,901,646.78,98.41
雲林縣,西螺鎮,福田里,263,164750,626,410,230,693,786.89,125.62
雲林縣,西螺鎮,吳厝里,221,110731,501,365,185,611,563.23,112.41
雲林縣,西螺鎮,九隆里,145,100924,696,430,242,734,1149.88,165.21
雲林縣,西螺鎮,下湳里,140,86529,618,441,236,843,711.14,115.06
雲林縣,西螺鎮,七座里,145,91205,629,429,225,805,716.73,113.95
雲林縣,西螺鎮,公舘里,275,164005,596,450,230,734,625.69,104.91
雲林縣,西螺鎮,大新里,263,177269,674,398,193,841,1005.05,149.11
雲林縣,西螺鎮,埤頭里,173,124075,717,438,218,856,878.44,122.48
雲林縣,西螺鎮,廣興里,185,140889,762,482,220,987,889.71,116.83
雲林縣,西螺鎮,東興里,187,109436,585,366,202,653,673.49,115.08
雲林縣,西螺鎮,頂湳里,167,96968,581,436,201,828,552.94,95.23
雲林縣,西螺鎮,鹿場里,307,179834,586,405,235,712,618.41,105.57
雲林縣,土庫鎮,忠正里,210,150339,716,546,277,865,681.99,95.26
雲林縣,土庫鎮,順天里,232,172021,741,448,217,784,907.37,122.38
雲林縣,土庫鎮,宮北里,387,308115,796,558,261,920,950.27,119.36
雲林縣,土庫鎮,越港里,322,276007,857,632,305,1132,928.50,108.32
雲林縣,土庫鎮,溪邊里,212,127197,600,430,225,806,641.05,106.84
雲林縣,土庫鎮,興新里,333,233839,702,462,248,914,745.53,106.17
雲林縣,土庫鎮,奮起里,212,126903,599,386,174,705,750.94,125.45
雲林縣,土庫鎮,埤腳里,223,145066,651,413,211,819,712.01,109.45
雲林縣,土庫鎮,大荖里,192,133977,698,452,226,867,745.91,106.89
雲林縣,土庫鎮,石廟里,851,638533,750,532,243,1047,722.40,96.28
雲林縣,土庫鎮,東平里,392,244502,624,425,200,777,751.95,120.56
雲林縣,土庫鎮,南平里,371,226619,611,455,216,763,663.64,108.65
雲林縣,土庫鎮,西平里,366,229064,626,462,241,782,687.37,109.83
雲林縣,土庫鎮,北平里,164,94706,577,408,184,711,626.23,108.44
雲林縣,土庫鎮,後埔里,496,294345,593,439,221,754,598.84,100.91
雲林縣,土庫鎮,崙內里,295,152536,517,366,183,649,580.64,112.29
雲林縣,土庫鎮,新庄里,241,148510,616,349,201,784,706.42,114.64
雲林縣,北港鎮,東陽里,162,108315,669,505,207,952,717.29,107.28
雲林縣,北港鎮,光民里,168,100174,596,458,243,797,515.23,86.41
雲林縣,北港鎮,東華里,89,57063,641,473,265,926,577.66,90.10
雲林縣,北港鎮,南安里,183,149275,816,499,199,973,1659.55,203.45
雲林縣,北港鎮,中和里,107,69186,647,423,231,789,791.21,122.36
雲林縣,北港鎮,義民里,87,64229,738,482,238,945,912.25,123.57
雲林縣,北港鎮,共榮里,110,80711,734,436,224,821,987.83,134.63
雲林縣,北港鎮,西勢里,250,171118,684,422,216,852,909.38,132.86
雲林縣,北港鎮,仁和里,121,80961,669,447,199,775,803.13,120.03
雲林縣,北港鎮,賜福里,80,60492,756,489,245,965,895.34,118.41
雲林縣,北港鎮,公舘里,114,65832,577,406,250,762,638.02,110.48
雲林縣,北港鎮,大同里,297,179078,603,401,196,771,660.78,109.59
雲林縣,北港鎮,仁安里,116,80425,693,510,235,795,699.77,100.93
雲林縣,北港鎮,華勝里,1358,1043552,768,527,245,962,889.72,115.78
雲林縣,北港鎮,光復里,489,384640,787,548,250,1059,938.43,119.30
雲林縣,北港鎮,新街里,1936,1535068,793,545,256,1051,847.48,106.88
雲林縣,北港鎮,劉厝里,256,161387,630,388,179,752,732.78,116.24
雲林縣,北港鎮,後溝里,184,121803,662,489,235,837,766.34,115.77
雲林縣,北港鎮,新厝里,70,37751,539,473,216,747,417.48,77.41
雲林縣,北港鎮,府番里,157,94123,600,429,235,760,627.90,104.74
雲林縣,北港鎮,草湖里,251,149254,595,380,207,760,642.77,108.09
雲林縣,北港鎮,溝皂里,193,121871,631,438,234,756,710.41,112.50
雲林縣,北港鎮,番溝里,122,78106,640,410,201,773,747.33,116.73
雲林縣,北港鎮,大北里,84,65223,776,469,212,872,1219.30,157.03
雲林縣,北港鎮,好收里,345,209751,608,440,220,773,634.16,104.31
雲林縣,北港鎮,樹腳里,757,506401,669,472,243,873,691.14,103.32
雲林縣,北港鎮,扶朝里,192,99311,517,376,193,686,493.40,95.39
雲林縣,北港鎮,水埔里,94,62773,668,483,279,930,897.37,134.38
雲林縣,古坑鄉,古坑村,575,327863,570,392,216,692,794.94,139.42
雲林縣,古坑鄉,朝陽村,556,335707,604,434,221,814,624.63,103.45
雲林縣,古坑鄉,西平村,459,271734,592,429,193,816,577.23,97.50
雲林縣,古坑鄉,永光村,513,289605,565,387,190,736,598.34,105.99
雲林縣,古坑鄉,永昌村,469,292255,623,442,206,780,647.52,103.91
雲林縣,古坑鄉,湳仔村,153,96126,628,434,201,815,636.12,101.25
雲林縣,古坑鄉,水碓村,264,154795,586,420,218,741,766.63,130.75
雲林縣,古坑鄉,田心村,314,194163,618,404,213,806,713.12,115.33
雲林縣,古坑鄉,高林村,262,145926,557,463,225,733,480.27,86.23
雲林縣,古坑鄉,荷苞村,286,188233,658,427,232,782,739.38,112.34
雲林縣,古坑鄉,東和村,830,500462,603,407,215,735,650.20,107.83
雲林縣,古坑鄉,新庄村,288,151084,525,423,228,677,468.87,89.38
雲林縣,古坑鄉,棋盤村,445,244038,548,371,180,676,623.87,113.76
雲林縣,古坑鄉,麻園村,169,98935,585,430,186,667,723.67,123.62
雲林縣,古坑鄉,崁腳村,285,144234,506,382,192,644,512.23,101.21
雲林縣,古坑鄉,華山村,129,64276,498,341,135,588,595.69,119.55
雲林縣,古坑鄉,華南村,41,25850,630,485,201,764,784.23,124.38
雲林縣,古坑鄉,桂林村,179,110238,616,413,212,779,643.13,104.43
雲林縣,古坑鄉,樟湖村,69,37122,538,343,182,687,537.90,99.98
雲林縣,古坑鄉,草嶺村,76,38619,508,400,195,658,491.39,96.70
雲林縣,大埤鄉,北和村,166,106404,641,420,244,829,840.71,131.16
雲林縣,大埤鄉,南和村,566,362797,641,416,209,783,742.61,115.85
雲林縣,大埤鄉,大德村,182,132377,727,404,218,729,1417.29,194.86
雲林縣,大埤鄉,松竹村,204,121159,594,457,227,748,544.79,91.73
雲林縣,大埤鄉,尚義村,450,244727,544,362,190,640,632.27,116.26
雲林縣,大埤鄉,嘉興村,385,238299,619,401,214,743,873.73,141.16
雲林縣,大埤鄉,豐田村,419,246520,588,411,204,703,657.23,111.71
雲林縣,大埤鄉,三結村,287,161880,564,371,202,722,592.16,104.99
雲林縣,大埤鄉,吉田村,139,79160,569,362,176,612,659.43,115.79
雲林縣,大埤鄉,豐岡村,137,80495,588,356,198,671,617.45,105.09
雲林縣,大埤鄉,聯美村,213,134425,631,420,235,724,704.56,111.64
雲林縣,大埤鄉,怡然村,158,111606,706,384,198,751,1039.69,147.19
雲林縣,大埤鄉,北鎮村,139,76341,549,394,214,615,691.15,125.84
雲林縣,大埤鄉,興安村,117,69199,591,458,248,786,480.68,81.27
雲林縣,大埤鄉,西鎮村,120,66236,552,384,183,749,581.95,105.43
雲林縣,莿桐鄉,莿桐村,1129,770428,682,472,239,818,775.01,113.57
雲林縣,莿桐鄉,甘厝村,175,97755,559,388,169,693,627.23,112.29
雲林縣,莿桐鄉,甘西村,326,189424,581,403,211,690,744.34,128.10
雲林縣,莿桐鄉,興桐村,245,128314,524,388,198,647,514.73,98.28
雲林縣,莿桐鄉,義和村,208,151901,730,451,206,814,1212.62,166.05
雲林縣,莿桐鄉,埔子村,559,329026,589,405,221,735,606.94,103.12
雲林縣,莿桐鄉,大美村,862,525513,610,457,242,787,586.81,96.25
雲林縣,莿桐鄉,埔尾村,329,179532,546,413,220,662,589.54,108.04
雲林縣,莿桐鄉,饒平村,262,145865,557,386,196,672,554.72,99.64
雲林縣,莿桐鄉,興貴村,440,234546,533,388,198,686,521.17,97.77
雲林縣,莿桐鄉,四合村,379,226227,597,428,217,723,607.80,101.83
雲林縣,莿桐鄉,麻園村,272,150743,554,392,224,686,531.66,95.93
雲林縣,莿桐鄉,五華村,253,120771,477,370,211,600,415.67,87.08
雲林縣,莿桐鄉,六合村,457,257518,563,428,234,669,698.49,123.96
雲林縣,林內鄉,林南村,254,128934,508,358,190,601,562.86,110.88
雲林縣,林內鄉,林中村,1042,587273,564,417,213,707,563.30,99.95
雲林縣,林內鄉,林北村,510,279399,548,385,209,697,574.53,104.87
雲林縣,林內鄉,坪頂村,97,57572,594,353,163,580,817.91,137.81
雲林縣,林內鄉,林茂村,152,79920,526,361,195,678,504.53,95.96
雲林縣,林內鄉,湖本村,149,65574,440,369,190,557,392.73,89.24
雲林縣,林內鄉,九芎村,641,325719,508,363,196,645,554.80,109.18
雲林縣,林內鄉,烏塗村,288,163689,568,402,233,697,631.71,111.15
雲林縣,林內鄉,烏麻村,255,125668,493,381,185,658,472.05,95.79
雲林縣,林內鄉,重興村,406,243027,599,433,213,714,658.36,109.99
雲林縣,二崙鄉,崙東村,342,237048,693,474,229,895,729.15,105.20
雲林縣,二崙鄉,崙西村,363,271598,748,511,253,994,845.06,112.95
雲林縣,二崙鄉,來惠村,264,164875,625,445,224,795,624.75,100.04
雲林縣,二崙鄉,三和村,285,172048,604,435,181,732,658.21,109.03
雲林縣,二崙鄉,湳仔村,240,157921,658,448,265,897,635.23,96.54
雲林縣,二崙鄉,田尾村,343,241869,705,511,270,852,797.90,113.15
雲林縣,二崙鄉,港後村,296,181639,614,437,215,754,608.89,99.23
雲林縣,二崙鄉,庄西村,137,84628,618,380,156,892,685.73,111.01
雲林縣,二崙鄉,大義村,144,97862,680,432,209,967,687.90,101.22
雲林縣,二崙鄉,大庄村,182,107287,589,390,205,713,606.57,102.90
雲林縣,二崙鄉,復興村,133,82491,620,412,178,767,845.96,136.40
雲林縣,二崙鄉,油車村,379,240204,634,458,205,845,618.29,97.56
雲林縣,二崙鄉,大同村,144,95581,664,453,164,989,696.41,104.92
雲林縣,二崙鄉,大華村,129,92000,713,477,230,897,781.14,109.53
雲林縣,二崙鄉,義庄村,94,59130,629,467,228,927,550.58,87.53
雲林縣,二崙鄉,楊賢村,219,131885,602,423,229,737,655.96,108.92
雲林縣,二崙鄉,定安村,150,85700,571,359,211,697,602.83,105.51
雲林縣,二崙鄉,永定村,249,158588,637,491,208,841,724.52,113.76
雲林縣,崙背鄉,東明村,248,171030,690,407,215,825,809.46,117.37
雲林縣,崙背鄉,西榮村,313,223749,715,463,212,941,863.57,120.80
雲林縣,崙背鄉,南陽村,608,474531,780,523,261,957,960.89,123.12
雲林縣,崙背鄉,崙前村,409,301073,736,533,265,926,785.34,106.69
雲林縣,崙背鄉,羅厝村,440,282344,642,447,237,859,665.09,103.65
雲林縣,崙背鄉,港尾村,243,159132,655,413,240,752,739.88,112.98
雲林縣,崙背鄉,阿勸村,345,245714,712,498,220,927,807.32,113.35
雲林縣,崙背鄉,五魁村,142,97695,688,485,178,1039,728.30,105.86
雲林縣,崙背鄉,大有村,263,185047,704,466,223,1006,699.21,99.38
雲林縣,崙背鄉,豐榮村,307,229766,748,554,263,1084,710.08,94.88
雲林縣,崙背鄉,舊庄村,170,111384,655,473,166,925,661.63,100.98
雲林縣,崙背鄉,草湖村,215,127773,594,425,230,786,588.18,98.97
雲林縣,崙背鄉,水尾村,207,145725,704,483,254,902,881.80,125.26
雲林縣,崙背鄉,枋南村,128,92821,725,483,302,950,781.04,107.71
雲林縣,麥寮鄉,麥豐村,2266,1905732,841,630,285,1191,813.22,96.70
雲林縣,麥寮鄉,麥津村,1144,885610,774,576,249,1078,721.64,93.22
雲林縣,麥寮鄉,瓦磘村,528,377642,715,486,230,910,895.87,125.26
雲林縣,麥寮鄉,崙後村,665,502371,755,527,244,1011,953.60,126.23
雲林縣,麥寮鄉,興華村,723,508383,703,473,249,981,689.43,98.05
雲林縣,麥寮鄉,後安村,786,541316,689,454,225,883,826.81,120.05
雲林縣,麥寮鄉,海豐村,570,393581,690,493,235,923,714.51,103.48
雲林縣,麥寮鄉,三盛村,594,468503,789,595,246,1095,786.94,99.77
雲林縣,麥寮鄉,新吉村,269,182355,678,498,215,973,697.11,102.83
雲林縣,麥寮鄉,橋頭村,1130,831582,736,526,284,978,717.98,97.56
雲林縣,麥寮鄉,施厝村,978,765474,783,582,268,1059,1457.07,186.16
雲林縣,麥寮鄉,雷厝村,537,354895,661,462,231,865,661.79,100.14
雲林縣,麥寮鄉,中興村,388,300120,774,531,242,964,933.31,120.66
雲林縣,東勢鄉,東北村,287,209860,731,496,248,940,1316.93,180.10
雲林縣,東勢鄉,東南村,334,237772,712,556,292,982,620.46,87.16
雲林縣,東勢鄉,嘉隆村,294,194776,663,461,192,934,653.59,98.65
雲林縣,東勢鄉,月眉村,204,145093,711,526,266,929,701.25,98.60
雲林縣,東勢鄉,復興村,111,85079,766,523,199,941,1077.03,140.52
雲林縣,東勢鄉,昌南村,167,105048,629,459,254,902,500.67,79.59
雲林縣,東勢鄉,安南村,149,94630,635,476,238,865,578.44,91.08
雲林縣,東勢鄉,新坤村,167,103401,619,530,232,871,479.99,77.52
雲林縣,東勢鄉,四美村,154,93923,610,458,244,802,557.42,91.40
雲林縣,東勢鄉,龍潭村,117,69942,598,365,154,713,715.71,119.72
雲林縣,東勢鄉,程海村,96,52710,549,458,246,758,401.85,73.19
雲林縣,東勢鄉,同安村,312,178696,573,408,212,731,537.43,93.83
雲林縣,褒忠鄉,中民村,470,330806,704,499,249,879,772.94,109.82
雲林縣,褒忠鄉,埔姜村,321,216716,675,491,245,870,690.87,102.33
雲林縣,褒忠鄉,中勝村,353,252028,714,472,246,908,812.96,113.87
雲林縣,褒忠鄉,馬鳴村,275,197856,719,466,248,955,736.72,102.40
雲林縣,褒忠鄉,新湖村,218,127848,586,436,211,773,545.09,92.95
雲林縣,褒忠鄉,有才村,132,87199,661,490,241,791,937.37,141.90
雲林縣,褒忠鄉,田洋村,144,105879,735,439,232,724,1514.14,205.93
雲林縣,褒忠鄉,龍岩村,215,122233,569,432,199,766,515.41,90.66
雲林縣,褒忠鄉,潮厝村,165,100671,610,386,192,743,768.62,125.98
雲林縣,臺西鄉,台西村,313,220152,703,537,273,943,606.06,86.17
雲林縣,臺西鄉,海北村,260,172470,663,452,190,914,727.27,109.64
雲林縣,臺西鄉,海口村,378,255262,675,548,250,921,597.94,88.54
雲林縣,臺西鄉,海南村,235,152204,648,459,240,875,644.19,99.46
雲林縣,臺西鄉,光華村,137,94372,689,474,259,870,771.95,112.06
雲林縣,臺西鄉,山寮村,150,90855,606,423,205,850,710.11,117.24
雲林縣,臺西鄉,五榔村,86,50362,586,401,195,836,595.05,101.61
雲林縣,臺西鄉,泉州村,99,74316,751,552,350,861,781.08,104.05
雲林縣,臺西鄉,牛厝村,289,152033,526,394,188,660,498.82,94.82
雲林縣,臺西鄉,溪頂村,206,135784,659,448,190,881,763.53,115.84
雲林縣,臺西鄉,永豐村,278,193417,696,525,238,912,661.14,95.03
雲林縣,臺西鄉,富琦村,335,241929,722,552,237,914,793.06,109.81
雲林縣,臺西鄉,和豐村,491,347249,707,526,256,957,713.04,100.82
雲林縣,臺西鄉,蚊港村,341,248607,729,552,266,923,811.20,111.27
雲林縣,臺西鄉,五港村,339,220933,652,487,233,913,587.96,90.22
雲林縣,元長鄉,長南村,764,526630,689,504,263,883,704.13,102.15
雲林縣,元長鄉,長北村,291,180282,620,427,211,717,742.79,119.90
雲林縣,元長鄉,子茂村,236,161223,683,466,243,843,727.20,106.45
雲林縣,元長鄉,後湖村,124,75489,609,431,208,719,622.15,102.20
雲林縣,元長鄉,山內村,145,76951,531,390,216,754,450.85,84.95
雲林縣,元長鄉,合和村,154,97687,634,455,216,856,608.47,95.92
雲林縣,元長鄉,五塊村,146,81376,557,413,229,733,535.23,96.03
雲林縣,元長鄉,潭西村,118,63331,537,401,233,742,436.39,81.31
雲林縣,元長鄉,潭東村,108,66210,613,388,242,662,881.81,143.84
雲林縣,元長鄉,客厝村,158,105004,665,425,247,788,797.23,119.96
雲林縣,元長鄉,卓運村,49,29404,600,375,162,773,649.81,108.29
雲林縣,元長鄉,頂寮村,226,130829,579,421,221,743,547.55,94.59
雲林縣,元長鄉,下寮村,284,174672,615,431,220,897,558.95,90.88
雲林縣,元長鄉,龍岩村,156,98798,633,417,188,757,692.80,109.39
雲林縣,元長鄉,西莊村,167,107411,643,433,221,821,674.17,104.82
雲林縣,元長鄉,鹿北村,164,80018,488,376,195,653,417.73,85.62
雲林縣,元長鄉,鹿南村,137,79509,580,431,214,768,594.17,102.38
雲林縣,元長鄉,瓦磘村,213,156617,735,451,195,834,1547.21,210.42
雲林縣,元長鄉,內寮村,88,63014,716,464,213,1054,661.18,92.33
雲林縣,元長鄉,崙仔村,120,72647,605,409,151,677,912.97,150.81
雲林縣,元長鄉,新吉村,121,77244,638,432,222,738,700.23,109.69
雲林縣,四湖鄉,四湖村,358,218539,610,432,212,817,611.99,100.25
雲林縣,四湖鄉,湖西村,541,347545,642,477,237,849,736.45,114.64
雲林縣,四湖鄉,新庄村,114,76807,674,482,294,877,607.28,90.13
雲林縣,四湖鄉,蔡厝村,126,83190,660,467,332,890,563.14,85.29
雲林縣,四湖鄉,湖寮村,121,74137,613,423,193,825,638.22,104.16
雲林縣,四湖鄉,鹿場村,155,98021,632,442,190,837,708.64,112.06
雲林縣,四湖鄉,施湖村,192,117954,614,418,199,769,701.67,114.21
雲林縣,四湖鄉,羊調村,127,78911,621,484,194,824,577.63,92.96
雲林縣,四湖鄉,溪底村,161,100348,623,390,219,874,614.96,98.67
雲林縣,四湖鄉,溪尾村,113,78574,695,551,254,901,713.80,102.65
雲林縣,四湖鄉,崙南村,139,98093,706,519,229,845,776.08,109.97
雲林縣,四湖鄉,崙北村,311,220241,708,455,227,805,993.28,140.26
雲林縣,四湖鄉,內湖村,120,80935,674,445,224,881,780.06,115.66
雲林縣,四湖鄉,子村,100,65225,652,469,202,818,741.90,113.74
雲林縣,四湖鄉,廣溝村,116,58450,504,384,212,624,503.51,99.93
雲林縣,四湖鄉,飛沙村,149,103467,694,512,232,935,813.31,117.12
雲林縣,四湖鄉,三姓村,70,45113,644,423,246,786,702.36,108.98
雲林縣,四湖鄉,林東村,147,92229,627,430,243,801,583.63,93.02
雲林縣,四湖鄉,林厝村,165,107712,653,377,200,841,719.53,110.22
雲林縣,四湖鄉,飛東村,102,60266,591,452,256,813,476.33,80.62
雲林縣,四湖鄉,東村,151,87841,582,421,266,837,507.55,87.25
雲林縣,口湖鄉,下崙村,366,239556,655,418,212,763,883.74,135.02
雲林縣,口湖鄉,崙中村,269,167940,624,469,196,793,594.84,95.28
雲林縣,口湖鄉,崙東村,272,203826,749,473,237,920,1065.52,142.19
雲林縣,口湖鄉,青蚶村,95,49395,520,447,171,702,449.92,86.53
雲林縣,口湖鄉,梧北村,175,91182,521,431,223,691,434.91,83.47
雲林縣,口湖鄉,梧南村,323,175212,542,399,199,724,498.59,91.91
雲林縣,口湖鄉,水井村,136,85585,629,477,230,733,753.38,119.72
雲林縣,口湖鄉,湖口村,133,68907,518,379,171,680,483.37,93.30
雲林縣,口湖鄉,後厝村,115,55128,479,391,160,664,478.49,99.81
雲林縣,口湖鄉,過港村,76,42452,559,411,222,717,474.74,84.99
雲林縣,口湖鄉,埔北村,162,101402,626,394,172,812,805.44,128.68
雲林縣,口湖鄉,埔南村,130,84771,652,443,244,859,622.08,95.40
雲林縣,口湖鄉,謝厝村,183,115127,629,459,199,823,622.42,98.94
雲林縣,口湖鄉,頂湖村,125,88018,704,475,208,835,1056.56,150.05
雲林縣,口湖鄉,口湖村,258,164959,639,475,212,875,605.84,94.76
雲林縣,口湖鄉,湖東村,253,167262,661,433,223,819,749.70,113.40
雲林縣,口湖鄉,蚵寮村,212,138322,652,406,213,751,875.66,134.21
雲林縣,口湖鄉,港西村,116,80483,694,440,250,937,727.54,104.86
雲林縣,口湖鄉,港東村,224,142401,636,450,221,792,725.88,114.18
雲林縣,口湖鄉,台子村,248,138714,559,426,211,718,618.34,110.55
雲林縣,口湖鄉,成龍村,135,94295,698,470,289,841,711.89,101.92
雲林縣,水林鄉,水北村,467,301641,646,446,216,816,721.69,111.73
雲林縣,水林鄉,水南村,423,261134,617,430,202,789,687.83,111.42
雲林縣,水林鄉,海埔村,135,84054,623,445,190,769,1146.77,184.18
雲林縣,水林鄉,後寮村,100,61311,613,556,277,815,477.46,77.87
雲林縣,水林鄉,春埔村,165,106800,647,447,200,768,812.10,125.47
雲林縣,水林鄉,西井村,106,60714,573,436,207,897,483.61,84.43
雲林縣,水林鄉,灣西村,108,59364,550,371,227,626,723.91,131.70
雲林縣,水林鄉,灣東村,126,75815,602,452,166,792,635.13,105.56
雲林縣,水林鄉,蘇秦村,161,105511,655,458,230,866,666.46,101.70
雲林縣,水林鄉,車港村,76,50343,662,452,206,675,988.66,149.25
雲林縣,水林鄉,萬興村,109,62489,573,366,176,683,641.53,111.90
雲林縣,水林鄉,尖山村,102,55180,541,351,189,783,486.84,89.99
雲林縣,水林鄉,大山村,169,110999,657,431,228,885,651.33,99.17
雲林縣,水林鄉,大溝村,169,109593,648,466,271,846,627.95,96.83
雲林縣,水林鄉,順興村,112,73117,653,430,256,806,667.83,102.30
雲林縣,水林鄉,山腳村,120,59954,500,375,193,656,504.25,100.93
雲林縣,水林鄉,蕃薯村,141,78822,559,473,231,709,483.98,86.58
雲林縣,水林鄉,松北村,160,130893,818,481,271,1021,924.03,112.95
雲林縣,水林鄉,松中村,80,48496,606,416,196,652,647.92,106.88
雲林縣,水林鄉,松西村,110,73616,669,446,269,916,678.26,101.35
雲林縣,水林鄉,埔村,103,75979,738,431,209,835,1088.40,147.55
雲林縣,水林鄉,塭底村,84,53501,637,444,207,743,865.70,135.92
雲林縣,水林鄉,土厝村,226,139479,617,415,206,779,706.74,114.51
雲林縣,水林鄉,溪墘村,136,70340,517,349,229,675,526.94,101.88
嘉義縣,朴子市,安福里,540,378871,702,523,261,931,651.97,92.92
嘉義縣,朴子市,平和里,734,563411,768,521,244,983,956.01,124.55
嘉義縣,朴子市,內厝里,280,203163,726,476,234,938,858.48,118.32
嘉義縣,朴子市,開元里,98,60888,621,534,205,788,567.78,91.38
嘉義縣,朴子市,順天里,164,103530,631,436,203,804,825.99,130.84
嘉義縣,朴子市,中正里,157,121408,773,458,231,913,1022.02,132.16
嘉義縣,朴子市,博厚里,242,192900,797,578,268,1053,856.30,107.43
嘉義縣,朴子市,文化里,520,363309,699,475,260,886,771.22,110.38
嘉義縣,朴子市,永和里,660,416833,632,446,213,810,648.37,102.66
嘉義縣,朴子市,竹圍里,1359,989977,728,531,246,933,808.65,111.01
嘉義縣,朴子市,新寮里,135,80214,594,350,196,641,798.19,134.33
嘉義縣,朴子市,双溪里,113,73333,649,437,239,738,732.84,112.92
嘉義縣,朴子市,溪口里,134,73072,545,416,186,755,466.35,85.52
嘉義縣,朴子市,德興里,216,145025,671,479,259,838,637.36,94.93
嘉義縣,朴子市,仁和里,833,1079452,1296,882,504,1408,1528.55,117.96
嘉義縣,朴子市,大鄉里,873,606855,695,472,234,858,837.57,120.49
嘉義縣,朴子市,大葛里,867,711253,820,569,257,1082,850.28,103.65
嘉義縣,朴子市,佳禾里,145,79384,547,428,213,626,603.26,110.19
嘉義縣,朴子市,竹村里,268,162099,605,417,233,686,754.00,124.66
嘉義縣,朴子市,崁前里,136,82336,605,399,211,693,744.48,122.97
嘉義縣,朴子市,崁後里,124,72673,586,424,207,761,826.64,141.05
嘉義縣,朴子市,順安里,38,18731,493,448,192,676,400.70,81.29
嘉義縣,朴子市,德家里,131,62153,474,323,168,580,517.96,109.17
嘉義縣,朴子市,新庄里,142,81671,575,398,159,742,603.23,104.88
嘉義縣,朴子市,松華里,209,137605,658,421,235,871,681.90,103.57
嘉義縣,朴子市,梅華里,157,97785,623,389,185,726,866.05,139.05
嘉義縣,朴子市,南竹里,67,34276,512,357,201,608,479.18,93.67
嘉義縣,布袋鎮,岱江里,102,55711,546,446,213,618,480.03,87.89
嘉義縣,布袋鎮,九龍里,70,46496,664,367,164,733,1078.11,162.31
嘉義縣,布袋鎮,岑海里,423,259586,614,474,232,798,593.91,96.78
嘉義縣,布袋鎮,興中里,227,161636,712,508,283,825,791.49,111.16
嘉義縣,布袋鎮,光復里,352,240205,682,505,252,824,844.98,123.83
嘉義縣,布袋鎮,見龍里,185,117877,637,495,241,772,652.30,102.37
嘉義縣,布袋鎮,新厝里,152,100966,664,495,241,872,672.59,101.25
嘉義縣,布袋鎮,龍江里,144,80333,558,470,240,761,475.70,85.27
嘉義縣,布袋鎮,東港里,471,282122,599,450,200,788,626.94,104.67
嘉義縣,布袋鎮,永安里,230,125378,545,429,224,698,454.82,83.44
嘉義縣,布袋鎮,江山里,47,32226,686,512,268,974,633.33,92.37
嘉義縣,布袋鎮,考試里,52,37468,721,550,302,988,565.06,78.42
嘉義縣,布袋鎮,菜舖里,64,47938,749,510,309,934,764.08,102.01
嘉義縣,布袋鎮,振寮里,143,110107,770,516,261,1112,831.82,108.03
嘉義縣,布袋鎮,西安里,194,108245,558,437,237,771,472.33,84.65
嘉義縣,布袋鎮,東安里,225,150584,669,456,257,765,793.40,118.55
嘉義縣,布袋鎮,中安里,253,150652,595,429,211,780,671.98,112.85
嘉義縣,布袋鎮,樹林里,88,51392,584,363,165,628,876.09,150.02
嘉義縣,布袋鎮,貴舍里,106,62178,587,346,151,752,659.39,112.41
嘉義縣,布袋鎮,復興里,427,287648,674,446,246,769,848.44,125.95
嘉義縣,布袋鎮,新民里,245,143723,587,398,211,687,631.80,107.70
嘉義縣,布袋鎮,好美里,195,112903,579,419,252,778,486.16,83.97
嘉義縣,布袋鎮,新岑里,186,107479,578,397,264,692,636.11,110.08
嘉義縣,大林鎮,東林里,163,112643,691,467,284,883,621.49,89.93
嘉義縣,大林鎮,西林里,563,403560,717,492,243,883,774.59,108.06
嘉義縣,大林鎮,吉林里,256,163691,639,480,229,792,618.36,96.71
嘉義縣,大林鎮,平林里,1786,1346794,754,489,247,942,900.61,119.43
嘉義縣,大林鎮,明華里,238,171767,722,415,188,886,999.02,138.42
嘉義縣,大林鎮,明和里,516,354674,687,486,255,882,692.14,100.70
嘉義縣,大林鎮,排路里,108,83513,773,401,243,1101,909.69,117.64
嘉義縣,大林鎮,西結里,120,71067,592,414,278,712,528.95,89.32
嘉義縣,大林鎮,湖北里,111,65163,587,417,206,720,627.69,106.92
嘉義縣,大林鎮,大糖里,31,17636,569,482,176,657,548.56,96.42
嘉義縣,大林鎮,大美里,290,177217,611,437,213,753,718.13,117.52
嘉義縣,大林鎮,過溪里,285,164217,576,417,213,751,557.23,96.71
嘉義縣,大林鎮,中坑里,267,175194,656,424,219,780,747.69,113.95
嘉義縣,大林鎮,上林里,141,79343,563,390,218,720,560.92,99.68
嘉義縣,大林鎮,中林里,361,254276,704,460,239,848,842.83,119.66
嘉義縣,大林鎮,三和里,490,286314,584,380,204,732,681.80,116.68
嘉義縣,大林鎮,溝背里,189,105108,556,409,204,733,516.57,92.89
嘉義縣,大林鎮,義和里,141,89271,633,467,293,773,654.61,103.39
嘉義縣,大林鎮,內林里,114,85111,747,434,215,915,1382.78,185.21
嘉義縣,大林鎮,三角里,138,89395,648,431,231,724,784.93,121.17
嘉義縣,大林鎮,三村里,179,103640,579,367,196,734,628.82,108.60
嘉義縣,民雄鄉,東榮村,665,524090,788,524,249,1011,841.41,106.76
嘉義縣,民雄鄉,中樂村,447,315752,706,484,192,884,821.35,116.28
嘉義縣,民雄鄉,西安村,1052,848909,807,536,252,1052,891.28,110.45
嘉義縣,民雄鄉,寮頂村,560,377688,674,467,208,794,752.73,111.61
嘉義縣,民雄鄉,福權村,419,313104,747,506,255,942,773.25,103.48
嘉義縣,民雄鄉,東湖村,449,256537,571,385,188,744,612.73,107.24
嘉義縣,民雄鄉,豊收村,588,396102,674,449,197,791,840.13,124.71
嘉義縣,民雄鄉,頂崙村,389,256505,659,486,238,862,636.52,96.53
嘉義縣,民雄鄉,鎮北村,415,243281,586,458,225,743,535.34,91.32
嘉義縣,民雄鄉,三興村,420,490436,1168,617,285,1666,1380.54,118.23
嘉義縣,民雄鄉,東興村,80,66512,831,462,213,1088,1084.12,130.40
嘉義縣,民雄鄉,菁埔村,365,230469,631,450,229,762,615.93,97.55
嘉義縣,民雄鄉,中和村,310,229616,741,549,284,997,747.96,100.98
嘉義縣,民雄鄉,西昌村,188,117293,624,403,185,741,909.03,145.70
嘉義縣,民雄鄉,平和村,223,137640,617,461,207,809,653.76,105.92
嘉義縣,民雄鄉,中央村,327,208911,639,447,261,847,621.59,97.29
嘉義縣,民雄鄉,興中村,468,285594,610,429,215,735,690.25,113.11
嘉義縣,民雄鄉,興南村,792,488486,617,443,234,775,609.76,98.86
嘉義縣,民雄鄉,文隆村,731,486741,666,442,209,866,742.81,111.56
嘉義縣,民雄鄉,山中村,920,577415,628,423,222,814,627.35,99.96
嘉義縣,民雄鄉,福興村,512,294132,574,413,197,749,619.37,107.82
嘉義縣,民雄鄉,松山村,383,211341,552,340,180,649,751.09,136.12
嘉義縣,民雄鄉,双福村,786,551410,702,475,231,888,741.68,105.72
嘉義縣,民雄鄉,北斗村,1510,961103,636,446,224,791,702.87,110.43
嘉義縣,民雄鄉,秀林村,698,453347,649,461,219,813,750.46,115.54
嘉義縣,民雄鄉,大崎村,560,365924,653,439,236,746,788.41,120.66
嘉義縣,民雄鄉,金興村,745,380390,511,405,196,688,476.18,93.26
嘉義縣,民雄鄉,福樂村,2180,1479612,679,474,239,860,780.65,115.02
嘉義縣,溪口鄉,溪東村,289,169469,586,436,191,739,629.23,107.30
嘉義縣,溪口鄉,溪西村,127,83002,654,425,216,764,876.79,134.16
嘉義縣,溪口鄉,溪北村,116,66223,571,421,226,747,506.57,88.73
嘉義縣,溪口鄉,柴林村,163,94262,578,422,171,654,655.66,113.38
嘉義縣,溪口鄉,林腳村,120,73846,615,443,233,671,954.72,155.14
嘉義縣,溪口鄉,美南村,228,141112,619,440,197,769,655.38,105.89
嘉義縣,溪口鄉,美北村,200,115365,577,373,196,687,657.19,113.93
嘉義縣,溪口鄉,本厝村,168,121561,724,368,172,802,1205.92,166.66
嘉義縣,溪口鄉,游東村,167,91831,550,341,188,706,548.72,99.79
嘉義縣,溪口鄉,游西村,111,70135,632,370,190,822,891.48,141.09
嘉義縣,溪口鄉,柳溝村,252,128591,510,412,224,649,462.92,90.72
嘉義縣,溪口鄉,疊溪村,237,128276,541,394,188,660,594.01,109.75
嘉義縣,溪口鄉,妙崙村,116,62308,537,381,187,687,539.17,100.38
嘉義縣,溪口鄉,坪頂村,221,123916,561,398,230,764,584.22,104.19
嘉義縣,新港鄉,宮前村,626,482608,771,551,260,1075,797.63,103.46
嘉義縣,新港鄉,宮後村,384,278390,725,502,260,948,776.08,107.05
嘉義縣,新港鄉,大興村,370,254937,689,465,203,861,770.23,111.79
嘉義縣,新港鄉,福德村,427,303939,712,467,229,946,778.26,109.34
嘉義縣,新港鄉,古民村,273,222862,816,524,230,978,1639.03,200.78
嘉義縣,新港鄉,中庄村,330,210724,639,491,227,871,555.01,86.92
嘉義縣,新港鄉,大潭村,364,232934,640,459,222,803,690.80,107.95
嘉義縣,新港鄉,西庄村,168,126485,753,515,244,987,889.26,118.11
嘉義縣,新港鄉,月眉村,390,275911,707,482,244,943,697.14,98.54
嘉義縣,新港鄉,月潭村,346,228153,659,451,224,801,790.28,119.85
嘉義縣,新港鄉,溪北村,268,167303,624,415,207,751,715.46,114.61
嘉義縣,新港鄉,菜公村,215,128801,599,442,209,803,596.79,99.62
嘉義縣,新港鄉,中洋村,243,159708,657,510,247,847,617.72,93.99
嘉義縣,新港鄉,三間村,478,352096,737,588,258,1010,685.86,93.11
嘉義縣,新港鄉,安和村,173,102268,591,437,186,763,759.67,128.51
嘉義縣,新港鄉,潭大村,246,168278,684,430,249,853,846.42,123.74
嘉義縣,新港鄉,南港村,231,153479,664,430,252,815,707.35,106.46
嘉義縣,新港鄉,板頭村,114,70933,622,472,245,753,622.42,100.03
嘉義縣,新港鄉,共和村,161,93107,578,376,196,727,660.02,114.13
嘉義縣,新港鄉,埤子村,78,55369,710,557,300,1016,553.92,78.03
嘉義縣,新港鄉,南崙村,141,79929,567,395,241,709,519.08,91.57
嘉義縣,新港鄉,北崙村,81,45665,564,410,226,777,515.84,91.50
嘉義縣,新港鄉,海瀛村,75,53366,712,557,318,759,717.52,100.84
嘉義縣,六腳鄉,蒜東村,153,93681,612,429,243,725,791.89,129.33
嘉義縣,六腳鄉,蒜南村,205,131003,639,438,217,734,713.37,111.63
嘉義縣,六腳鄉,蒜頭村,268,173588,648,483,199,819,796.81,123.02
嘉義縣,六腳鄉,工廠村,58,38619,666,438,203,693,948.55,142.46
嘉義縣,六腳鄉,灣南村,240,163293,680,496,220,871,721.22,106.00
嘉義縣,六腳鄉,灣北村,212,124830,589,431,193,777,668.90,113.60
嘉義縣,六腳鄉,雙涵村,150,82665,551,387,181,735,544.88,98.87
嘉義縣,六腳鄉,塗師村,92,47171,513,360,211,676,482.49,94.10
嘉義縣,六腳鄉,三義村,122,79459,651,485,260,718,1124.31,172.62
嘉義縣,六腳鄉,港美村,122,74335,609,466,282,857,515.40,84.59
嘉義縣,六腳鄉,豐美村,180,116592,648,457,232,800,786.06,121.36
嘉義縣,六腳鄉,六斗村,182,116199,638,454,208,841,733.83,114.94
嘉義縣,六腳鄉,崙陽村,238,148151,622,417,219,787,748.40,120.23
嘉義縣,六腳鄉,蘇厝村,343,201435,587,430,213,776,575.05,97.92
嘉義縣,六腳鄉,竹本村,87,52201,600,405,277,875,536.57,89.43
嘉義縣,六腳鄉,永賢村,52,34796,669,438,197,1021,663.04,99.09
嘉義縣,六腳鄉,魚寮村,96,51690,538,396,202,769,443.39,82.35
嘉義縣,六腳鄉,潭墘村,172,138266,804,457,207,934,1235.82,153.73
嘉義縣,六腳鄉,正義村,289,173805,601,440,184,742,679.60,113.00
嘉義縣,六腳鄉,溪厝村,100,60474,605,480,284,678,584.63,96.67
嘉義縣,六腳鄉,六南村,80,57285,716,440,271,966,707.69,98.83
嘉義縣,六腳鄉,六腳村,144,96348,669,458,193,841,704.15,105.24
嘉義縣,六腳鄉,崩山村,97,64045,660,365,147,782,819.85,124.17
嘉義縣,六腳鄉,古林村,95,62940,663,509,254,748,835.54,126.11
嘉義縣,六腳鄉,更寮村,88,64327,731,461,246,765,963.79,131.85
嘉義縣,東石鄉,東石村,278,152921,550,381,205,673,679.48,123.53
嘉義縣,東石鄉,猿樹村,166,98729,595,385,201,837,597.79,100.51
嘉義縣,東石鄉,塭港村,201,106285,529,380,161,593,627.01,118.58
嘉義縣,東石鄉,型厝村,192,95895,499,386,208,635,493.60,98.83
嘉義縣,東石鄉,三家村,194,107212,553,392,199,713,546.23,98.84
嘉義縣,東石鄉,永屯村,129,71379,553,413,219,782,518.36,93.68
嘉義縣,東石鄉,海埔村,45,26130,581,392,192,740,568.99,97.99
嘉義縣,東石鄉,龍港村,132,78256,593,402,199,686,675.97,114.02
嘉義縣,東石鄉,副瀨村,142,94459,665,501,254,829,636.95,95.75
嘉義縣,東石鄉,下揖村,101,43593,432,283,137,608,440.56,102.07
嘉義縣,東石鄉,頂揖村,49,22456,458,370,187,583,343.47,74.95
嘉義縣,東石鄉,溪下村,137,80359,587,391,164,768,629.74,107.36
嘉義縣,東石鄉,港口村,35,19980,571,407,194,931,499.89,87.57
嘉義縣,東石鄉,鰲鼓村,199,117505,590,435,198,703,650.87,110.23
嘉義縣,東石鄉,港墘村,204,138860,681,450,208,814,892.88,131.17
嘉義縣,東石鄉,蔦松村,153,95761,626,422,190,797,639.10,102.11
嘉義縣,東石鄉,圍潭村,83,36804,443,382,187,611,373.12,84.15
嘉義縣,東石鄉,洲仔村,130,60656,467,348,171,546,594.09,127.33
嘉義縣,東石鄉,東崙村,129,84844,658,481,232,805,987.29,150.11
嘉義縣,東石鄉,西崙村,221,108658,492,395,234,671,387.07,78.73
嘉義縣,東石鄉,塭仔村,155,83458,538,378,175,654,515.02,95.65
嘉義縣,東石鄉,網寮村,167,107599,644,430,207,818,824.44,127.96
嘉義縣,東石鄉,掌潭村,111,52358,472,397,196,598,408.41,86.58
嘉義縣,義竹鄉,岸腳村,131,90465,691,488,224,838,668.68,96.83
嘉義縣,義竹鄉,義竹村,357,234982,658,489,195,902,651.16,98.93
嘉義縣,義竹鄉,六桂村,272,183432,674,478,231,880,742.89,110.16
嘉義縣,義竹鄉,仁里村,202,167963,832,501,253,984,1130.00,135.90
嘉義縣,義竹鄉,傳芳村,166,98700,595,469,254,782,532.65,89.58
嘉義縣,義竹鄉,頭竹村,241,172043,714,460,271,879,780.48,109.33
嘉義縣,義竹鄉,五厝村,74,51096,690,489,249,878,723.93,104.84
嘉義縣,義竹鄉,中平村,51,33649,660,511,263,928,514.99,78.06
嘉義縣,義竹鄉,埤前村,157,113340,722,447,228,874,847.69,117.42
嘉義縣,義竹鄉,平溪村,91,50893,559,378,175,561,798.22,142.73
嘉義縣,義竹鄉,後鎮村,83,51958,626,391,145,796,691.71,110.50
嘉義縣,義竹鄉,北華村,114,59101,518,377,235,624,486.32,93.80
嘉義縣,義竹鄉,新店村,278,177583,639,455,236,844,625.68,97.95
嘉義縣,義竹鄉,東過村,148,102894,695,475,264,757,1089.23,156.67
嘉義縣,義竹鄉,西過村,139,70288,506,355,179,624,581.95,115.09
嘉義縣,義竹鄉,官和村,139,78750,567,390,239,656,701.45,123.81
嘉義縣,義竹鄉,官順村,92,44077,479,368,148,701,456.16,95.21
嘉義縣,義竹鄉,新富村,111,68923,621,487,193,904,555.29,89.43
嘉義縣,義竹鄉,東光村,125,83767,670,461,212,956,592.46,88.41
嘉義縣,義竹鄉,東榮村,68,44539,655,455,242,815,706.42,107.85
嘉義縣,義竹鄉,龍蛟村,103,67610,656,358,212,902,704.22,107.28
嘉義縣,義竹鄉,溪洲村,103,66134,642,505,207,886,630.07,98.13
嘉義縣,鹿草鄉,後寮村,92,61784,672,527,283,835,649.73,96.75
嘉義縣,鹿草鄉,鹿東村,116,75608,652,422,240,927,765.91,117.51
嘉義縣,鹿草鄉,鹿草村,295,178423,605,434,240,735,641.32,106.04
嘉義縣,鹿草鄉,西井村,310,211727,683,448,212,861,819.15,119.94
嘉義縣,鹿草鄉,豊稠村,123,77840,633,434,204,826,836.01,132.10
嘉義縣,鹿草鄉,重寮村,166,100681,607,409,217,742,635.78,104.83
嘉義縣,鹿草鄉,施家村,71,41043,578,391,232,726,588.25,101.76
嘉義縣,鹿草鄉,下潭村,115,62105,540,392,203,689,556.80,103.10
嘉義縣,鹿草鄉,光潭村,171,114264,668,535,233,849,630.92,94.42
嘉義縣,鹿草鄉,碧潭村,151,100327,664,414,190,791,735.18,110.65
嘉義縣,鹿草鄉,松竹村,199,110708,556,392,211,658,566.60,101.85
嘉義縣,鹿草鄉,竹山村,176,102295,581,456,188,758,573.59,98.69
嘉義縣,鹿草鄉,後堀村,254,157795,621,471,279,813,524.10,84.36
嘉義縣,鹿草鄉,三角村,303,166825,551,404,204,728,521.25,94.67
嘉義縣,鹿草鄉,下麻村,124,78375,632,369,179,801,788.08,124.69
嘉義縣,太保市,太保里,719,509745,709,502,233,935,733.96,103.53
嘉義縣,太保市,後庄里,89,48392,544,389,225,619,606.30,111.51
嘉義縣,太保市,前潭里,334,207502,621,422,223,798,760.16,122.36
嘉義縣,太保市,後潭里,442,309430,700,535,245,959,670.59,95.79
嘉義縣,太保市,春珠里,329,291450,886,596,297,1103,1025.87,115.80
嘉義縣,太保市,崙頂里,218,152050,697,467,217,927,818.72,117.38
嘉義縣,太保市,安仁里,935,887347,949,662,303,1232,1093.03,115.17
嘉義縣,太保市,東勢里,612,631656,1032,681,297,1369,1138.00,110.26
嘉義縣,太保市,新埤里,314,200345,638,428,201,814,700.39,109.77
嘉義縣,太保市,舊埤里,738,469767,637,459,219,882,643.50,101.09
嘉義縣,太保市,田尾里,153,113821,744,548,304,1069,679.85,91.39
嘉義縣,太保市,港尾里,99,65309,660,392,163,900,778.19,117.96
嘉義縣,太保市,過溝里,1180,869803,737,529,266,972,826.27,112.09
嘉義縣,太保市,麻寮里,1431,1041638,728,546,274,1014,663.44,91.14
嘉義縣,太保市,南新里,492,343212,698,452,239,828,763.58,109.46
嘉義縣,太保市,北新里,852,586864,689,480,243,944,673.73,97.81
嘉義縣,太保市,埤鄉里,153,84615,553,381,197,687,552.89,99.97
嘉義縣,太保市,梅埔里,229,162901,711,460,195,811,1206.51,169.61
嘉義縣,水上鄉,水頭村,739,524030,709,500,277,932,734.04,103.52
嘉義縣,水上鄉,水上村,1143,740627,648,478,246,865,609.28,94.03
嘉義縣,水上鄉,大堀村,363,235474,649,463,250,820,801.65,123.58
嘉義縣,水上鄉,大崙村,444,287397,647,391,190,749,1079.80,166.82
嘉義縣,水上鄉,塗溝村,197,127802,649,479,224,786,664.08,102.36
嘉義縣,水上鄉,粗溪村,391,249781,639,434,231,762,732.03,114.59
嘉義縣,水上鄉,下寮村,504,304700,605,439,237,798,569.60,94.22
嘉義縣,水上鄉,回歸村,132,99695,755,556,266,925,855.50,113.27
嘉義縣,水上鄉,三和村,498,369853,743,564,279,947,741.10,99.79
嘉義縣,水上鄉,龍德村,467,328901,704,485,256,957,756.38,107.40
嘉義縣,水上鄉,溪洲村,209,134391,643,473,251,800,719.22,111.85
嘉義縣,水上鄉,三鎮村,156,88226,566,388,199,716,556.91,98.47
嘉義縣,水上鄉,靖和村,103,67969,660,519,203,810,629.71,95.43
嘉義縣,水上鄉,南和村,313,199629,638,431,190,735,931.78,146.09
嘉義縣,水上鄉,柳林村,547,335884,614,426,220,758,901.29,146.78
嘉義縣,水上鄉,柳鄉村,499,287598,576,401,200,722,626.42,108.69
嘉義縣,水上鄉,內溪村,281,142298,506,377,189,700,466.07,92.04
嘉義縣,水上鄉,寬士村,1052,632789,602,413,204,762,665.38,110.62
嘉義縣,水上鄉,國姓村,192,104304,543,369,192,651,568.90,104.72
嘉義縣,水上鄉,三界村,173,98925,572,365,173,680,690.18,120.70
嘉義縣,水上鄉,南鄉村,172,95268,554,432,225,730,471.75,85.17
嘉義縣,水上鄉,忠和村,415,207465,500,374,197,622,492.06,98.43
嘉義縣,水上鄉,義興村,166,111719,673,513,265,796,755.57,112.27
嘉義縣,水上鄉,民生村,693,378421,546,403,192,706,531.78,97.38
嘉義縣,水上鄉,中庄村,356,185953,522,391,186,612,612.28,117.22
嘉義縣,水上鄉,柳新村,422,205925,488,382,194,620,459.78,94.22
嘉義縣,中埔鄉,中埔村,361,216995,601,465,244,772,535.21,89.04
嘉義縣,中埔鄉,塩舘村,178,110503,621,449,211,905,556.68,89.67
嘉義縣,中埔鄉,龍門村,129,74468,577,438,203,770,513.00,88.87
嘉義縣,中埔鄉,裕民村,169,105419,624,406,183,794,653.66,104.79
嘉義縣,中埔鄉,金蘭村,290,171522,591,420,212,730,673.10,113.80
嘉義縣,中埔鄉,富收村,615,344469,560,393,196,696,639.64,114.20
嘉義縣,中埔鄉,和睦村,857,540719,631,433,230,782,663.75,105.20
嘉義縣,中埔鄉,隆興村,362,229002,633,431,194,755,1216.69,192.33
嘉義縣,中埔鄉,義仁村,297,189792,639,441,221,826,646.42,101.16
嘉義縣,中埔鄉,社口村,365,203885,559,375,181,688,619.81,110.96
嘉義縣,中埔鄉,灣潭村,155,88159,569,386,180,689,712.71,125.31
嘉義縣,中埔鄉,石硦村,182,97381,535,431,215,671,503.64,94.13
嘉義縣,中埔鄉,頂埔村,145,87749,605,401,205,738,673.15,111.23
嘉義縣,中埔鄉,同仁村,295,176473,598,459,225,744,645.18,107.85
嘉義縣,中埔鄉,深坑村,122,87210,715,469,261,810,877.94,122.82
嘉義縣,中埔鄉,瑞豐村,111,57461,518,391,236,615,455.23,87.94
嘉義縣,中埔鄉,沄水村,137,90583,661,409,205,746,804.76,121.71
嘉義縣,中埔鄉,三層村,98,47617,486,407,192,681,377.32,77.66
嘉義縣,中埔鄉,東興村,46,20459,445,382,221,519,385.50,86.68
嘉義縣,中埔鄉,中崙村,29,16392,565,446,177,653,571.34,101.08
嘉義縣,中埔鄉,和美村,1947,1313149,674,455,228,859,787.95,116.83
嘉義縣,中埔鄉,和興村,1367,794461,581,427,213,752,583.19,100.35
嘉義縣,竹崎鄉,竹崎村,612,352130,575,435,216,737,555.27,96.51
嘉義縣,竹崎鄉,和平村,420,249455,594,448,210,715,674.60,113.58
嘉義縣,竹崎鄉,坑頭村,116,73015,629,380,187,705,939.70,149.29
嘉義縣,竹崎鄉,沙坑村,144,80997,562,395,222,633,569.61,101.27
嘉義縣,竹崎鄉,獅埜村,210,111595,531,404,222,617,541.81,101.96
嘉義縣,竹崎鄉,鹿滿村,324,191602,591,397,214,740,641.42,108.47
嘉義縣,竹崎鄉,紫雲村,237,128994,544,412,204,643,599.64,110.17
嘉義縣,竹崎鄉,灣橋村,1285,777973,605,430,210,766,623.79,103.03
嘉義縣,竹崎鄉,義仁村,178,93290,524,419,210,626,493.89,94.24
嘉義縣,竹崎鄉,義和村,130,82739,636,463,263,785,631.49,99.22
嘉義縣,竹崎鄉,內埔村,321,192156,599,410,171,717,712.23,118.98
嘉義縣,竹崎鄉,昇平村,303,173461,572,410,176,732,692.20,120.91
嘉義縣,竹崎鄉,桃源村,170,90841,534,349,200,644,626.68,117.28
嘉義縣,竹崎鄉,白杞村,82,47607,581,396,193,706,645.76,111.23
嘉義縣,竹崎鄉,龍山村,314,177012,564,432,206,687,556.69,98.75
嘉義縣,竹崎鄉,義隆村,100,69164,692,381,198,700,981.29,141.88
嘉義縣,竹崎鄉,文峯村,104,63218,608,469,166,892,733.09,120.60
嘉義縣,竹崎鄉,塘興村,118,75635,641,418,195,699,1423.27,222.05
嘉義縣,竹崎鄉,復金村,325,189363,583,383,226,644,1109.16,190.36
嘉義縣,竹崎鄉,緞繻村,125,70263,562,420,202,673,596.84,106.18
嘉義縣,竹崎鄉,仁壽村,32,19933,623,400,169,938,615.81,98.86
嘉義縣,竹崎鄉,金獅村,52,24759,476,377,267,522,441.41,92.71
嘉義縣,竹崎鄉,中和村,100,63898,639,421,235,745,715.10,111.91
嘉義縣,竹崎鄉,光華村,74,28403,384,315,176,533,285.06,74.27
嘉義縣,梅山鄉,梅東村,436,279687,641,433,195,761,837.04,130.48
嘉義縣,梅山鄉,梅南村,173,123575,714,474,239,925,786.21,110.07
嘉義縣,梅山鄉,梅北村,997,649292,651,480,246,840,672.30,103.23
嘉義縣,梅山鄉,過山村,83,59183,713,497,269,926,712.88,99.98
嘉義縣,梅山鄉,圳南村,51,25305,496,386,234,642,405.86,81.80
嘉義縣,梅山鄉,圳北村,86,42520,494,415,173,566,586.75,118.67
嘉義縣,梅山鄉,大南村,266,153905,579,369,181,626,793.38,137.12
嘉義縣,梅山鄉,安靖村,125,61881,495,415,207,637,404.72,81.75
嘉義縣,梅山鄉,双溪村,101,64409,638,488,293,793,561.04,87.98
嘉義縣,梅山鄉,半天村,58,35422,611,470,231,759,543.91,89.06
嘉義縣,梅山鄉,太平村,88,54094,615,425,244,664,642.70,104.55
嘉義縣,梅山鄉,龍眼村,63,33625,534,375,154,632,614.47,115.13
嘉義縣,梅山鄉,太興村,58,28099,484,323,147,577,509.65,105.20
嘉義縣,梅山鄉,瑞里村,67,35892,536,355,160,770,499.11,93.17
嘉義縣,梅山鄉,瑞峯村,63,35597,565,408,187,700,594.21,105.16
嘉義縣,梅山鄉,太和村,97,63810,658,389,235,852,671.30,102.05
嘉義縣,梅山鄉,永興村,83,52682,635,387,212,785,713.55,112.42
嘉義縣,梅山鄉,碧湖村,28,14603,522,466,269,631,450.05,86.30
嘉義縣,番路鄉,內甕村,95,59041,621,400,151,779,854.95,137.57
嘉義縣,番路鄉,江西村,295,194668,660,457,216,769,767.96,116.38
嘉義縣,番路鄉,新福村,206,113814,552,365,213,591,684.49,123.89
嘉義縣,番路鄉,下坑村,422,285983,678,458,215,859,747.93,110.37
嘉義縣,番路鄉,番路村,152,82669,544,391,232,681,525.16,96.56
嘉義縣,番路鄉,民和村,143,63662,445,327,154,571,429.27,96.43
嘉義縣,番路鄉,觸口村,206,103026,500,355,184,671,473.11,94.60
嘉義縣,番路鄉,大湖村,74,37000,500,386,202,551,515.92,103.18
嘉義縣,番路鄉,公田村,134,75963,567,443,244,768,486.53,85.82
嘉義縣,番路鄉,公興村,63,28487,452,328,185,537,452.88,100.16
嘉義縣,番路鄉,草山村,43,23538,547,364,199,676,524.67,95.85
嘉義縣,大埔鄉,大埔村,298,179219,601,446,213,748,652.20,108.45
嘉義縣,大埔鄉,茄苳村,163,94125,577,416,198,725,597.43,103.46
嘉義縣,大埔鄉,永樂村,78,49579,636,414,254,701,623.50,98.09
嘉義縣,大埔鄉,和平村,113,64730,573,370,227,643,582.97,101.77
嘉義縣,大埔鄉,西興村,114,89303,783,473,255,864,935.43,119.41
嘉義縣,阿里山鄉,中山村,80,55222,690,472,210,717,1326.01,192.10
嘉義縣,阿里山鄉,中正村,48,59729,1244,414,193,1160,1950.77,156.77
嘉義縣,阿里山鄉,香林村,22,17825,810,548,302,1073,813.81,100.44
嘉義縣,阿里山鄉,十字村,37,19973,540,439,157,710,612.62,113.49
嘉義縣,阿里山鄉,達邦村,108,49980,463,379,242,614,347.64,75.12
嘉義縣,阿里山鄉,樂野村,128,67839,530,398,200,656,604.37,114.03
嘉義縣,阿里山鄉,來吉村,37,25881,699,375,248,707,961.26,137.42
嘉義縣,阿里山鄉,里佳村,25,13394,536,426,175,814,459.29,85.73
嘉義縣,阿里山鄉,山美村,55,21911,398,391,181,502,268.47,67.39
嘉義縣,阿里山鄉,新美村,26,10394,400,329,268,485,247.25,61.85
嘉義縣,阿里山鄉,豐山村,36,15535,432,377,151,592,336.03,77.87
嘉義縣,阿里山鄉,茶山村,32,14691,459,392,245,557,358.05,77.99
屏東縣,屏東市,金泉里,311,199858,643,441,199,765,788.20,122.65
屏東縣,屏東市,楠樹里,679,514867,758,482,211,911,963.90,127.12
屏東縣,屏東市,橋南里,431,383824,891,596,254,1062,1203.29,135.12
屏東縣,屏東市,橋北里,293,191773,655,448,205,837,720.93,110.15
屏東縣,屏東市,長春里,556,403584,726,481,227,893,828.07,114.08
屏東縣,屏東市,豐田里,1217,864146,710,470,232,889,797.96,112.38
屏東縣,屏東市,歸心里,258,140292,544,345,177,647,693.84,127.60
屏東縣,屏東市,湖西里,381,241442,634,463,247,792,611.08,96.43
屏東縣,屏東市,瑞光里,2340,1771715,757,519,244,982,892.94,117.94
屏東縣,屏東市,湖南里,298,175655,589,406,216,775,527.99,89.57
屏東縣,屏東市,長安里,627,415002,662,520,259,784,768.84,116.16
屏東縣,屏東市,厚生里,744,432261,581,440,234,742,556.59,95.80
屏東縣,屏東市,大湖里,464,266064,573,421,218,668,600.56,104.73
屏東縣,屏東市,頂宅里,112,63350,566,413,196,691,618.39,109.33
屏東縣,屏東市,新生里,1620,1020765,630,441,231,772,732.54,116.26
屏東縣,屏東市,永安里,1782,1144728,642,435,220,826,696.30,108.39
屏東縣,屏東市,安鎮里,520,331810,638,455,222,810,701.15,109.88
屏東縣,屏東市,一心里,590,420806,713,448,216,942,757.53,106.21
屏東縣,屏東市,義勇里,573,533789,932,542,256,1094,1817.22,195.07
屏東縣,屏東市,公館里,390,256923,659,464,239,777,759.64,115.31
屏東縣,屏東市,龍華里,559,368634,659,448,234,781,1006.43,152.62
屏東縣,屏東市,玉成里,397,257000,647,425,210,750,940.37,145.26
屏東縣,屏東市,新興里,771,516915,670,571,324,856,576.65,86.01
屏東縣,屏東市,頂柳里,250,142487,570,437,263,690,535.89,94.02
屏東縣,屏東市,清溪里,1357,870958,642,473,241,796,672.15,104.72
屏東縣,屏東市,前進里,747,451398,604,443,196,754,658.32,108.94
屏東縣,屏東市,大洲里,277,193020,697,432,222,752,898.30,128.91
屏東縣,屏東市,永光里,328,184944,564,372,176,646,688.81,122.16
屏東縣,屏東市,大埔里,434,259136,597,400,189,772,585.38,98.04
屏東縣,屏東市,大同里,593,488094,823,495,219,1022,993.82,120.74
屏東縣,屏東市,光榮里,466,331385,711,485,233,873,876.60,123.27
屏東縣,屏東市,維新里,619,378312,611,428,198,771,697.38,114.11
屏東縣,屏東市,斯文里,611,512505,839,543,270,977,1039.39,123.91
屏東縣,屏東市,仁義里,244,149031,611,447,214,780,607.71,99.50
屏東縣,屏東市,三山里,338,179325,531,405,228,680,472.23,89.01
屏東縣,屏東市,海豐里,198,126137,637,477,253,727,651.29,102.23
屏東縣,屏東市,和興里,227,128904,568,437,189,725,583.73,102.80
屏東縣,屏東市,崇蘭里,2862,2214635,774,559,285,994,807.40,104.34
屏東縣,屏東市,空翔里,1104,717644,650,438,204,801,774.22,119.10
屏東縣,屏東市,廣興里,827,485725,587,433,205,745,595.36,101.37
屏東縣,屏東市,潭墘里,1462,809048,553,427,214,710,564.80,102.06
屏東縣,屏東市,溝美里,658,435530,662,458,220,852,731.01,110.44
屏東縣,屏東市,勝利里,1631,1196413,734,509,239,927,846.63,115.42
屏東縣,屏東市,永城里,556,377088,678,435,215,808,988.62,145.77
屏東縣,屏東市,北勢里,720,520826,723,500,237,926,761.90,105.33
屏東縣,屏東市,華山里,1508,1078140,715,493,252,879,838.60,117.29
屏東縣,屏東市,大武里,2461,1639907,666,470,229,825,763.45,114.57
屏東縣,屏東市,建國里,404,260967,646,461,228,820,679.56,105.20
屏東縣,屏東市,崇武里,1182,827976,700,508,246,941,710.53,101.43
屏東縣,屏東市,豐榮里,815,640006,785,483,229,967,993.09,126.46
屏東縣,屏東市,信和里,386,226713,587,398,210,734,658.69,112.15
屏東縣,屏東市,豐源里,1176,858929,730,507,238,978,778.68,106.61
屏東縣,屏東市,大連里,1536,1194220,777,529,244,967,904.82,116.38
屏東縣,屏東市,仁愛里,641,480061,749,478,225,926,937.62,125.20
屏東縣,屏東市,中正里,1480,1139185,770,522,249,1004,827.03,107.45
屏東縣,屏東市,北興里,1975,1356770,687,471,224,874,730.86,106.39
屏東縣,屏東市,崇陽里,2517,1813407,720,530,257,953,729.86,101.30
屏東縣,屏東市,豐年里,1748,1448787,829,540,259,1045,932.61,112.52
屏東縣,屏東市,公園里,651,556617,855,542,240,1049,1032.16,120.72
屏東縣,潮州鎮,潮州里,147,116856,795,554,267,881,1052.81,132.44
屏東縣,潮州鎮,光華里,1265,845449,668,471,246,839,782.10,117.02
屏東縣,潮州鎮,三星里,1678,1144015,682,483,235,876,724.86,106.32
屏東縣,潮州鎮,彭城里,187,94206,504,356,188,657,460.71,91.45
屏東縣,潮州鎮,九塊里,291,157912,543,375,231,626,611.05,112.60
屏東縣,潮州鎮,興美里,194,113614,586,454,237,703,556.34,95.00
屏東縣,潮州鎮,檨子里,50,21248,425,344,225,553,418.70,98.53
屏東縣,潮州鎮,新生里,254,178423,702,472,220,911,783.96,111.60
屏東縣,潮州鎮,新榮里,342,253843,742,450,202,925,1065.79,143.59
屏東縣,潮州鎮,同榮里,153,97547,638,360,187,838,794.02,124.54
屏東縣,潮州鎮,三共里,2011,1481113,737,496,240,951,857.57,116.44
屏東縣,潮州鎮,五魁里,383,213573,558,394,213,741,574.87,103.09
屏東縣,潮州鎮,蓬萊里,621,440538,709,501,257,876,1082.95,152.66
屏東縣,潮州鎮,八爺里,655,399879,611,484,247,803,564.17,92.41
屏東縣,潮州鎮,光春里,377,240197,637,463,271,719,688.34,108.04
屏東縣,潮州鎮,泗林里,381,238455,626,434,225,804,687.02,109.77
屏東縣,潮州鎮,四春里,354,205221,580,427,209,805,565.45,97.54
屏東縣,潮州鎮,崙東里,251,132836,529,402,216,675,546.74,103.31
屏東縣,潮州鎮,永春里,2116,1326819,627,452,220,811,635.54,101.36
屏東縣,潮州鎮,三和里,578,409911,709,497,247,907,759.31,107.07
屏東縣,潮州鎮,富春里,205,100651,491,363,167,690,509.90,103.85
屏東縣,東港鎮,東隆里,274,143306,523,383,178,618,622.54,119.03
屏東縣,東港鎮,共和里,165,128933,781,516,270,909,990.50,126.76
屏東縣,東港鎮,豐漁里,231,127449,552,428,233,693,565.36,102.47
屏東縣,東港鎮,盛漁里,379,221740,585,396,206,679,709.09,121.20
屏東縣,東港鎮,興漁里,314,173347,552,374,202,707,568.91,103.05
屏東縣,東港鎮,鎮海里,402,223459,556,418,214,702,598.26,107.63
屏東縣,東港鎮,嘉蓮里,257,134070,522,403,215,652,476.49,91.34
屏東縣,東港鎮,南平里,231,130042,563,353,166,639,1158.02,205.71
屏東縣,東港鎮,興農里,402,277662,691,461,240,860,902.30,130.64
屏東縣,東港鎮,興和里,244,141119,578,434,249,749,540.90,93.52
屏東縣,東港鎮,船頭里,569,345375,607,441,216,747,673.34,110.93
屏東縣,東港鎮,下廍里,391,212837,544,372,193,674,634.47,116.56
屏東縣,東港鎮,新勝里,552,368805,668,446,229,839,733.91,109.85
屏東縣,東港鎮,頂中里,358,194056,542,416,189,681,631.09,116.42
屏東縣,東港鎮,朝安里,325,216373,666,433,215,840,718.44,107.91
屏東縣,東港鎮,大潭里,325,195371,601,413,209,709,778.83,129.56
屏東縣,東港鎮,福德里,429,272488,635,442,218,765,826.11,130.06
屏東縣,東港鎮,東津里,737,536566,728,526,250,941,862.49,118.47
屏東縣,東港鎮,內關帝里,618,393136,636,467,232,784,725.93,114.11
屏東縣,東港鎮,東新里,651,441570,678,495,256,846,684.40,100.90
屏東縣,東港鎮,新街里,958,657221,686,497,250,854,732.05,106.71
屏東縣,東港鎮,東光里,486,373877,769,483,221,954,1147.62,149.18
屏東縣,恆春鎮,城北里,551,317225,576,390,200,761,575.61,99.98
屏東縣,恆春鎮,城西里,247,143289,580,377,200,763,588.19,101.39
屏東縣,恆春鎮,城南里,185,109029,589,396,182,740,670.17,113.71
屏東縣,恆春鎮,山腳里,983,594554,605,404,200,741,748.04,123.68
屏東縣,恆春鎮,網紗里,772,444179,575,370,182,667,727.90,126.51
屏東縣,恆春鎮,仁壽里,177,101075,571,395,205,685,675.30,118.26
屏東縣,恆春鎮,茄湖里,73,36925,506,375,273,645,453.91,89.74
屏東縣,恆春鎮,頭溝里,79,40841,517,361,161,581,545.71,105.56
屏東縣,恆春鎮,四溝里,180,96690,537,380,205,712,515.83,96.03
屏東縣,恆春鎮,德和里,211,126790,601,416,221,754,606.23,100.89
屏東縣,恆春鎮,龍水里,179,574181,3208,375,191,691,35163.58,1096.22
屏東縣,恆春鎮,山海里,263,125331,477,336,168,609,539.09,113.12
屏東縣,恆春鎮,大光里,356,200197,562,396,214,678,603.44,107.31
屏東縣,恆春鎮,水泉里,223,151867,681,344,193,639,2018.15,296.34
屏東縣,恆春鎮,南灣里,352,273619,777,459,242,982,909.58,117.01
屏東縣,恆春鎮,墾丁里,218,123800,568,378,172,637,733.97,129.25
屏東縣,恆春鎮,鵝鑾里,171,111237,651,369,167,723,955.62,146.90
屏東縣,萬丹鄉,萬安村,181,134881,745,469,178,958,825.57,110.79
屏東縣,萬丹鄉,萬全村,870,616109,708,467,243,818,834.61,117.85
屏東縣,萬丹鄉,萬惠村,212,158456,747,549,294,1025,666.52,89.17
屏東縣,萬丹鄉,萬後村,183,124276,679,439,197,862,727.22,107.08
屏東縣,萬丹鄉,萬生村,376,228768,608,470,239,794,550.90,90.55
屏東縣,萬丹鄉,寶厝村,581,377100,649,457,236,782,708.55,109.17
屏東縣,萬丹鄉,四維村,509,321061,631,448,231,803,634.55,100.60
屏東縣,萬丹鄉,竹林村,335,236454,706,418,216,774,972.04,137.71
屏東縣,萬丹鄉,廣安村,583,359215,616,442,209,734,724.07,117.52
屏東縣,萬丹鄉,田厝村,257,167522,652,462,256,795,780.93,119.80
屏東縣,萬丹鄉,崙頂村,439,262599,598,439,239,775,642.51,107.41
屏東縣,萬丹鄉,社上村,390,246701,633,433,234,699,769.05,121.58
屏東縣,萬丹鄉,社中村,373,282712,758,519,276,818,1313.38,173.28
屏東縣,萬丹鄉,社皮村,511,311711,610,419,217,750,646.67,106.01
屏東縣,萬丹鄉,磚寮村,218,129548,594,460,245,701,577.45,97.17
屏東縣,萬丹鄉,社口村,382,247820,649,464,228,828,680.11,104.84
屏東縣,萬丹鄉,加興村,299,209003,699,423,224,845,954.51,136.55
屏東縣,萬丹鄉,上村村,188,129522,689,487,249,937,679.12,98.57
屏東縣,萬丹鄉,厦南村,300,192183,641,461,261,787,639.49,99.83
屏東縣,萬丹鄉,厦北村,357,221239,620,439,203,743,768.90,124.07
屏東縣,萬丹鄉,新庄村,555,382523,689,499,261,844,754.89,109.53
屏東縣,萬丹鄉,新鐘村,511,309508,606,423,212,743,632.15,104.37
屏東縣,萬丹鄉,水泉村,483,312420,647,487,248,864,602.42,93.13
屏東縣,萬丹鄉,香社村,367,232591,634,482,256,742,635.34,100.25
屏東縣,萬丹鄉,灣內村,276,180781,655,494,230,773,746.78,114.01
屏東縣,萬丹鄉,後村村,217,121550,560,385,185,730,662.49,118.27
屏東縣,萬丹鄉,水仙村,116,76026,655,489,223,805,640.87,97.78
屏東縣,萬丹鄉,興安村,164,96235,587,401,216,734,553.68,94.36
屏東縣,萬丹鄉,興全村,217,127733,589,415,203,730,658.54,111.88
屏東縣,萬丹鄉,甘棠村,53,44052,831,440,248,865,1073.09,129.10
屏東縣,長治鄉,進興村,782,522604,668,489,236,879,649.21,97.14
屏東縣,長治鄉,新潭村,1113,744473,669,493,251,890,628.51,93.96
屏東縣,長治鄉,長興村,317,224143,707,505,236,950,725.16,102.56
屏東縣,長治鄉,潭頭村,576,409081,710,495,261,964,699.70,98.52
屏東縣,長治鄉,香楊村,897,701642,782,511,257,1002,937.13,119.81
屏東縣,長治鄉,德協村,264,170596,646,443,242,860,644.80,99.78
屏東縣,長治鄉,德成村,238,159472,670,444,199,868,766.54,114.40
屏東縣,長治鄉,復興村,308,163311,530,380,205,703,552.62,104.22
屏東縣,長治鄉,崙上村,431,272039,631,454,246,814,656.80,104.06
屏東縣,長治鄉,德榮村,297,172180,580,424,194,701,621.36,107.18
屏東縣,長治鄉,德和村,155,81889,528,409,214,672,535.10,101.28
屏東縣,長治鄉,繁隆村,225,132308,588,441,223,854,478.80,81.42
屏東縣,長治鄉,繁華村,503,279840,556,434,217,699,509.45,91.57
屏東縣,長治鄉,繁昌村,359,191266,533,420,210,719,488.06,91.61
屏東縣,長治鄉,繁榮村,263,162047,616,419,195,776,757.12,122.88
屏東縣,長治鄉,榮華村,149,82162,551,408,184,713,690.54,125.23
屏東縣,麟洛鄉,新田村,600,398043,663,446,240,838,676.86,102.03
屏東縣,麟洛鄉,麟頂村,257,187357,729,421,214,892,1029.76,141.25
屏東縣,麟洛鄉,麟蹄村,406,256476,632,464,220,797,714.34,113.08
屏東縣,麟洛鄉,麟趾村,713,486560,682,476,236,898,706.76,103.57
屏東縣,麟洛鄉,田心村,223,162049,727,544,208,958,746.82,102.77
屏東縣,麟洛鄉,田中村,336,228991,682,462,232,840,746.30,109.51
屏東縣,麟洛鄉,田道村,177,105372,595,447,232,676,631.41,106.06
屏東縣,九如鄉,九清村,334,222914,667,467,245,861,683.64,102.43
屏東縣,九如鄉,九塊村,346,187338,541,411,201,664,535.58,98.92
屏東縣,九如鄉,九明村,404,240601,596,463,228,785,542.64,91.12
屏東縣,九如鄉,玉水村,245,139478,569,411,207,724,626.83,110.11
屏東縣,九如鄉,玉泉村,362,219838,607,399,201,796,761.00,125.31
屏東縣,九如鄉,東寧村,1142,732536,641,460,229,801,735.72,114.70
屏東縣,九如鄉,大坵村,206,129387,628,432,249,722,801.89,127.67
屏東縣,九如鄉,三塊村,293,143348,489,370,197,623,471.89,96.45
屏東縣,九如鄉,後庄村,373,237161,636,448,201,733,851.28,133.89
屏東縣,九如鄉,耆老村,261,162518,623,464,236,801,590.14,94.78
屏東縣,九如鄉,洽興村,303,155929,515,396,204,657,453.90,88.20
屏東縣,里港鄉,玉田村,926,581271,628,472,217,804,687.15,109.47
屏東縣,里港鄉,大平村,272,181439,667,458,226,825,749.76,112.40
屏東縣,里港鄉,永春村,198,128545,649,447,252,823,762.43,117.44
屏東縣,里港鄉,春林村,344,233432,679,491,242,815,773.68,114.01
屏東縣,里港鄉,過江村,485,295532,609,421,230,710,877.66,144.03
屏東縣,里港鄉,鐵店村,334,207115,620,433,209,786,600.61,96.86
屏東縣,里港鄉,塔樓村,344,232455,676,502,260,824,701.50,103.81
屏東縣,里港鄉,潮厝村,323,173377,537,395,219,697,505.14,94.11
屏東縣,里港鄉,茄苳村,300,175561,585,446,215,775,568.23,97.10
屏東縣,里港鄉,載興村,448,279863,625,462,242,796,657.76,105.29
屏東縣,里港鄉,土庫村,395,238731,604,387,173,732,750.22,124.13
屏東縣,里港鄉,三廍村,378,234109,619,416,222,725,750.59,121.19
屏東縣,里港鄉,中和村,180,118922,661,422,180,753,967.85,146.49
屏東縣,里港鄉,瀰力村,109,65984,605,416,219,738,946.44,156.34
屏東縣,鹽埔鄉,鹽北村,360,213950,594,446,229,725,623.58,104.93
屏東縣,鹽埔鄉,鹽中村,464,272940,588,408,212,699,714.19,121.41
屏東縣,鹽埔鄉,鹽南村,342,205110,600,436,208,703,619.09,103.23
屏東縣,鹽埔鄉,仕絨村,212,124949,589,401,180,702,608.41,103.23
屏東縣,鹽埔鄉,高朗村,506,289982,573,423,203,711,652.13,113.79
屏東縣,鹽埔鄉,振興村,284,159428,561,400,245,676,533.57,95.05
屏東縣,鹽埔鄉,久愛村,145,84106,580,367,208,619,710.59,122.51
屏東縣,鹽埔鄉,新圍村,605,310602,513,407,211,686,463.12,90.21
屏東縣,鹽埔鄉,新二村,749,454436,607,446,231,741,802.92,132.34
屏東縣,鹽埔鄉,彭厝村,200,124823,624,462,233,755,670.26,107.39
屏東縣,鹽埔鄉,洛陽村,350,186419,533,402,208,683,491.89,92.35
屏東縣,鹽埔鄉,永隆村,89,43516,489,381,178,652,487.05,99.61
屏東縣,高樹鄉,高樹村,406,253163,624,406,195,729,838.45,134.46
屏東縣,高樹鄉,長榮村,247,150379,609,411,194,728,710.47,116.70
屏東縣,高樹鄉,東振村,76,37831,498,409,168,684,400.99,80.56
屏東縣,高樹鄉,東興村,118,64913,550,345,184,747,588.76,107.02
屏東縣,高樹鄉,大埔村,102,51461,505,336,158,670,538.32,106.70
屏東縣,高樹鄉,源泉村,156,82299,528,334,164,622,659.32,124.98
屏東縣,高樹鄉,建興村,156,84592,542,400,220,615,635.86,117.26
屏東縣,高樹鄉,舊寮村,162,85830,530,380,139,712,612.94,115.69
屏東縣,高樹鄉,司馬村,71,43457,612,381,193,710,867.82,141.79
屏東縣,高樹鄉,菜寮村,93,47682,513,371,199,647,564.00,110.00
屏東縣,高樹鄉,新豐村,207,123477,597,395,219,698,858.47,143.92
屏東縣,高樹鄉,田子村,170,84879,499,400,230,632,436.72,87.47
屏東縣,高樹鄉,舊庄村,152,84702,557,416,187,683,610.22,109.51
屏東縣,高樹鄉,鹽樹村,175,103141,589,379,208,669,647.05,109.79
屏東縣,高樹鄉,新南村,273,152493,559,392,211,641,793.71,142.09
屏東縣,高樹鄉,泰山村,270,152946,566,433,232,662,666.50,117.66
屏東縣,高樹鄉,南華村,195,94446,484,364,186,649,524.20,108.23
屏東縣,高樹鄉,廣興村,177,87597,495,379,225,578,530.57,107.21
屏東縣,高樹鄉,廣福村,171,108610,635,413,233,754,728.35,114.67
屏東縣,萬巒鄉,萬巒村,300,233848,779,540,263,1004,797.56,102.32
屏東縣,萬巒鄉,萬全村,176,128167,728,445,258,740,1360.50,186.82
屏東縣,萬巒鄉,萬和村,440,276130,628,440,239,776,772.66,123.12
屏東縣,萬巒鄉,鹿寮村,192,117170,610,467,245,890,516.29,84.60
屏東縣,萬巒鄉,硫黃村,106,73206,691,486,265,868,658.17,95.30
屏東縣,萬巒鄉,泗溝村,235,152352,648,456,225,794,669.73,103.30
屏東縣,萬巒鄉,佳佐村,318,162244,510,392,206,651,462.05,90.56
屏東縣,萬巒鄉,佳和村,261,176367,676,404,204,785,1050.15,155.41
屏東縣,萬巒鄉,新厝村,210,109694,522,347,172,545,758.55,145.22
屏東縣,萬巒鄉,新置村,193,98075,508,388,186,655,531.79,104.65
屏東縣,萬巒鄉,赤山村,272,139225,512,410,211,669,470.14,91.85
屏東縣,萬巒鄉,萬金村,304,136797,450,366,201,607,378.31,84.07
屏東縣,萬巒鄉,五溝村,228,160600,704,473,242,860,739.33,104.96
屏東縣,萬巒鄉,成德村,261,158115,606,441,216,701,620.39,102.41
屏東縣,內埔鄉,內埔村,1168,790234,677,484,249,855,701.17,103.64
屏東縣,內埔鄉,興南村,260,163519,629,476,259,739,673.86,107.15
屏東縣,內埔鄉,義亭村,114,68031,597,399,162,783,629.66,105.51
屏東縣,內埔鄉,美和村,571,350734,614,423,208,733,795.38,129.49
屏東縣,內埔鄉,和興村,881,614738,698,497,236,929,727.75,104.30
屏東縣,內埔鄉,豐田村,916,583834,637,476,238,791,699.66,109.77
屏東縣,內埔鄉,竹圍村,479,296951,620,443,245,740,664.52,107.19
屏東縣,內埔鄉,富田村,442,289454,655,458,246,841,744.95,113.76
屏東縣,內埔鄉,東勢村,599,394310,658,455,237,800,956.93,145.37
屏東縣,內埔鄉,東片村,232,136826,590,402,243,672,600.69,101.85
屏東縣,內埔鄉,東寧村,1208,738066,611,456,229,801,588.16,96.26
屏東縣,內埔鄉,上樹村,246,136988,557,422,262,667,520.94,93.55
屏東縣,內埔鄉,老埤村,395,226913,574,408,224,678,754.54,131.35
屏東縣,內埔鄉,中林村,285,150065,527,345,186,642,814.13,154.62
屏東縣,內埔鄉,龍泉村,455,254772,560,400,204,676,627.29,112.03
屏東縣,內埔鄉,建興村,158,87815,556,362,190,759,590.61,106.27
屏東縣,內埔鄉,大新村,323,182040,564,392,199,693,636.44,112.93
屏東縣,內埔鄉,黎明村,438,237240,542,411,204,646,521.09,96.21
屏東縣,內埔鄉,隘寮村,196,92857,474,399,190,600,438.25,92.51
屏東縣,內埔鄉,龍潭村,419,219304,523,397,182,635,558.54,106.71
屏東縣,內埔鄉,內田村,930,580677,624,457,224,754,807.20,129.28
屏東縣,內埔鄉,水門村,145,80388,554,413,178,696,639.35,115.32
屏東縣,內埔鄉,振豐村,402,236248,588,425,224,753,606.30,103.17
屏東縣,竹田鄉,竹田村,366,204790,560,413,220,734,510.96,91.32
屏東縣,竹田鄉,竹南村,184,103741,564,385,216,691,598.68,106.18
屏東縣,竹田鄉,糶糴村,162,111044,685,444,248,922,686.19,100.11
屏東縣,竹田鄉,二崙村,203,119414,588,424,202,678,645.20,109.68
屏東縣,竹田鄉,美崙村,162,89215,551,406,188,695,523.18,95.00
屏東縣,竹田鄉,頭崙村,319,188817,592,452,264,719,629.44,106.34
屏東縣,竹田鄉,履豐村,141,89275,633,481,235,794,555.17,87.68
屏東縣,竹田鄉,泗洲村,238,128276,539,388,213,728,468.37,86.90
屏東縣,竹田鄉,大湖村,225,123603,549,412,210,730,487.69,88.78
屏東縣,竹田鄉,鳳明村,237,142621,602,408,222,614,1051.10,174.67
屏東縣,竹田鄉,南勢村,113,74178,656,528,290,848,528.86,80.56
屏東縣,竹田鄉,六巷村,164,98003,598,470,207,837,570.03,95.39
屏東縣,竹田鄉,西勢村,581,370365,637,435,201,814,826.54,129.66
屏東縣,竹田鄉,福田村,106,65936,622,430,243,763,603.60,97.04
屏東縣,竹田鄉,永豐村,174,116869,672,518,245,935,679.42,101.15
屏東縣,新埤鄉,新埤村,447,275944,617,442,220,769,614.38,99.52
屏東縣,新埤鄉,建功村,208,124366,598,408,189,721,818.12,136.83
屏東縣,新埤鄉,打鐵村,197,131263,666,469,255,923,628.17,94.28
屏東縣,新埤鄉,南豐村,135,62850,466,370,239,632,331.35,71.17
屏東縣,新埤鄉,餉潭村,152,60684,399,336,148,577,325.98,81.65
屏東縣,新埤鄉,箕湖村,133,62986,474,338,173,629,467.04,98.62
屏東縣,新埤鄉,萬隆村,248,117682,475,378,166,565,622.67,131.22
屏東縣,枋寮鄉,枋寮村,252,155845,618,441,235,760,618.26,99.97
屏東縣,枋寮鄉,保生村,142,76148,536,448,217,632,484.15,90.28
屏東縣,枋寮鄉,中寮村,107,49626,464,364,233,602,402.55,86.80
屏東縣,枋寮鄉,安樂村,299,166963,558,414,223,700,545.19,97.63
屏東縣,枋寮鄉,天時村,388,246027,634,440,228,784,706.39,111.40
屏東縣,枋寮鄉,地利村,292,174996,599,473,247,856,541.83,90.41
屏東縣,枋寮鄉,人和村,427,259480,608,442,221,764,635.89,104.64
屏東縣,枋寮鄉,內寮村,90,39642,440,383,193,567,369.48,83.88
屏東縣,枋寮鄉,新開村,120,53816,448,353,139,496,568.08,126.67
屏東縣,枋寮鄉,東海村,582,321624,553,411,228,711,556.48,100.70
屏東縣,枋寮鄉,大庄村,99,60473,611,487,252,740,576.19,94.33
屏東縣,枋寮鄉,太源村,129,67987,527,404,245,565,636.64,120.80
屏東縣,枋寮鄉,玉泉村,46,24828,540,380,236,663,545.08,100.99
屏東縣,枋寮鄉,新龍村,140,96335,688,485,253,687,845.69,122.90
屏東縣,枋寮鄉,隆山村,786,441799,562,423,213,721,577.03,102.66
屏東縣,新園鄉,內庄村,191,120788,632,464,220,857,612.46,96.85
屏東縣,新園鄉,瓦磘村,355,223432,629,449,201,766,701.15,111.40
屏東縣,新園鄉,田洋村,495,276178,558,396,207,669,647.95,116.13
屏東縣,新園鄉,仙吉村,654,412640,631,448,227,749,727.41,115.29
屏東縣,新園鄉,港墘村,144,75831,527,405,221,592,539.31,102.41
屏東縣,新園鄉,新東村,541,352315,651,452,229,796,710.22,109.06
屏東縣,新園鄉,新園村,524,317920,607,424,223,724,800.64,131.96
屏東縣,新園鄉,烏龍村,281,187528,667,446,229,845,679.81,101.87
屏東縣,新園鄉,興龍村,551,343475,623,430,227,821,625.51,100.34
屏東縣,新園鄉,南龍村,293,188507,643,459,222,836,916.30,142.42
屏東縣,新園鄉,中洲村,365,213308,584,423,223,708,614.79,105.20
屏東縣,新園鄉,鹽埔村,828,457280,552,379,192,694,631.74,114.39
屏東縣,新園鄉,共和村,389,210421,541,403,200,685,598.47,110.64
屏東縣,新園鄉,五房村,575,317919,553,396,200,732,542.99,98.21
屏東縣,新園鄉,港西村,463,268621,580,411,209,747,614.45,105.91
屏東縣,崁頂鄉,崁頂村,479,279119,583,415,203,717,685.38,117.62
屏東縣,崁頂鄉,園寮村,476,284155,597,453,222,740,728.97,122.11
屏東縣,崁頂鄉,力社村,319,193121,605,449,229,776,585.30,96.68
屏東縣,崁頂鄉,圍內村,268,157145,586,438,260,774,495.91,84.57
屏東縣,崁頂鄉,洲子村,237,118128,498,360,164,613,529.78,106.29
屏東縣,崁頂鄉,北勢村,313,185718,593,424,248,698,671.42,113.16
屏東縣,崁頂鄉,越溪村,213,121508,570,409,227,634,922.94,161.79
屏東縣,崁頂鄉,港東村,409,231866,567,422,212,712,570.29,100.60
屏東縣,林邊鄉,林邊村,339,242491,715,509,251,947,762.41,106.58
屏東縣,林邊鄉,光林村,278,178872,643,425,207,826,831.04,129.16
屏東縣,林邊鄉,仁和村,411,251291,611,425,230,721,756.01,123.65
屏東縣,林邊鄉,中林村,152,94373,621,456,242,835,552.18,88.94
屏東縣,林邊鄉,永樂村,699,423481,606,428,220,823,597.33,98.60
屏東縣,林邊鄉,田厝村,177,91663,518,398,186,679,479.82,92.65
屏東縣,林邊鄉,崎峯村,204,101512,498,383,208,618,467.90,94.03
屏東縣,林邊鄉,水利村,288,155467,540,422,209,699,495.08,91.71
屏東縣,林邊鄉,竹林村,354,209876,593,404,220,707,796.09,134.28
屏東縣,林邊鄉,鎮安村,197,113384,576,436,268,772,458.00,79.57
屏東縣,南州鄉,溪洲村,369,241664,655,494,240,820,859.62,131.26
屏東縣,南州鄉,溪南村,239,152720,639,481,267,784,647.08,101.26
屏東縣,南州鄉,仁里村,141,94300,669,472,194,799,889.55,133.01
屏東縣,南州鄉,溪北村,195,115329,591,463,231,769,529.96,89.61
屏東縣,南州鄉,七塊村,195,142004,728,488,257,850,918.64,126.15
屏東縣,南州鄉,萬華村,200,120976,605,425,228,856,583.30,96.43
屏東縣,南州鄉,米崙村,232,151053,651,481,273,726,673.61,103.46
屏東縣,南州鄉,壽元村,182,104899,576,428,245,752,498.39,86.47
屏東縣,南州鄉,同安村,213,121090,568,442,227,729,522.41,91.89
屏東縣,南州鄉,南安村,88,47226,537,407,212,636,549.34,102.36
屏東縣,佳冬鄉,佳冬村,346,206512,597,505,235,802,557.00,93.32
屏東縣,佳冬鄉,六根村,257,139638,543,435,207,694,480.79,88.49
屏東縣,佳冬鄉,賴家村,141,76712,544,466,263,673,408.20,75.03
屏東縣,佳冬鄉,萬建村,391,232849,596,430,235,768,601.64,101.03
屏東縣,佳冬鄉,石光村,356,227849,640,406,211,691,1300.48,203.19
屏東縣,佳冬鄉,玉光村,385,198056,514,395,197,645,500.37,97.27
屏東縣,佳冬鄉,昌隆村,179,97839,547,397,199,715,556.94,101.89
屏東縣,佳冬鄉,豐隆村,141,71285,506,404,182,720,436.01,86.24
屏東縣,佳冬鄉,大同村,219,134633,615,403,215,775,713.48,116.06
屏東縣,佳冬鄉,羌園村,199,112783,567,439,213,654,596.71,105.29
屏東縣,佳冬鄉,燄溫村,158,77023,487,344,161,589,646.18,132.55
屏東縣,佳冬鄉,塭豐村,336,151300,450,357,190,598,380.51,84.50
屏東縣,琉球鄉,本福村,376,273479,727,505,195,988,741.05,101.89
屏東縣,琉球鄉,中福村,229,152661,667,442,215,898,721.11,108.17
屏東縣,琉球鄉,漁福村,190,108853,573,454,209,724,569.13,99.34
屏東縣,琉球鄉,大福村,317,195720,617,407,180,772,729.98,118.23
屏東縣,琉球鄉,南福村,180,94691,526,373,191,684,507.64,96.50
屏東縣,琉球鄉,天福村,166,81012,488,380,148,660,468.04,95.91
屏東縣,琉球鄉,上福村,260,144034,554,371,142,698,626.65,113.12
屏東縣,琉球鄉,杉福村,132,84394,639,424,181,786,686.16,107.32
屏東縣,車城鄉,福興村,273,149921,549,365,197,653,571.64,104.09
屏東縣,車城鄉,福安村,94,45639,486,361,137,631,490.57,101.04
屏東縣,車城鄉,統埔村,71,34175,481,334,175,579,605.63,125.82
屏東縣,車城鄉,田中村,116,51429,443,356,169,566,396.04,89.33
屏東縣,車城鄉,海口村,111,76468,689,467,297,776,1056.03,153.29
屏東縣,車城鄉,溫泉村,107,64340,601,341,188,551,1093.17,181.80
屏東縣,車城鄉,保力村,183,92378,505,396,221,630,420.77,83.35
屏東縣,車城鄉,新街村,79,32978,417,352,206,525,349.88,83.81
屏東縣,車城鄉,埔墘村,79,39450,499,392,176,615,437.65,87.64
屏東縣,車城鄉,射寮村,86,34797,405,291,128,494,413.60,102.22
屏東縣,車城鄉,後灣村,87,55823,642,400,197,700,769.40,119.91
屏東縣,滿州鄉,滿州村,286,140895,493,363,164,620,533.57,108.31
屏東縣,滿州鄉,里德村,50,24871,497,366,202,629,477.93,96.08
屏東縣,滿州鄉,永靖村,218,109566,503,365,217,646,469.18,93.35
屏東縣,滿州鄉,港口村,220,113970,518,366,184,626,579.16,111.80
屏東縣,滿州鄉,响林村,98,50936,520,362,200,613,614.10,118.15
屏東縣,滿州鄉,長樂村,175,81960,468,365,227,597,375.55,80.19
屏東縣,滿州鄉,九棚村,46,21977,478,440,256,664,307.11,64.28
屏東縣,滿州鄉,港仔村,53,33439,631,465,269,934,603.20,95.61
屏東縣,枋山鄉,枋山村,151,87046,576,430,212,770,710.58,123.27
屏東縣,枋山鄉,加祿村,255,143563,563,404,225,705,533.82,94.82
屏東縣,枋山鄉,楓港村,132,76227,577,373,221,603,729.05,126.25
屏東縣,枋山鄉,善餘村,128,55567,434,352,193,550,376.73,86.78
屏東縣,三地門鄉,三地村,329,177355,539,404,223,682,595.91,110.54
屏東縣,三地門鄉,賽嘉村,123,66067,537,462,299,692,431.86,80.40
屏東縣,三地門鄉,口社村,109,58574,537,457,243,746,390.71,72.71
屏東縣,三地門鄉,安坡村,61,29556,485,392,278,598,320.61,66.17
屏東縣,三地門鄉,青山村,124,93413,753,492,328,749,994.33,131.99
屏東縣,三地門鄉,達來村,45,21780,484,496,220,619,327.07,67.58
屏東縣,三地門鄉,青葉村,86,43405,505,432,283,667,334.38,66.25
屏東縣,三地門鄉,德文村,70,33597,480,443,260,593,299.16,62.33
屏東縣,三地門鄉,大社村,93,44134,475,449,282,605,299.75,63.16
屏東縣,三地門鄉,馬兒村,35,13346,381,348,191,518,266.24,69.82
屏東縣,霧臺鄉,霧台村,251,137776,549,452,250,742,439.21,80.01
屏東縣,霧臺鄉,好茶村,80,38245,478,413,189,692,404.67,84.65
屏東縣,霧臺鄉,阿禮村,62,30713,495,381,199,651,581.70,117.43
屏東縣,霧臺鄉,大武村,68,36318,534,426,239,674,421.98,79.01
屏東縣,霧臺鄉,吉露村,41,23580,575,523,308,667,409.20,71.15
屏東縣,霧臺鄉,佳暮村,67,32453,484,439,189,578,393.71,81.28
屏東縣,瑪家鄉,瑪家村,74,44158,597,481,254,811,492.81,82.58
屏東縣,瑪家鄉,北葉村,178,99654,560,485,283,722,395.54,70.65
屏東縣,瑪家鄉,凉山村,142,73866,520,441,254,688,387.55,74.50
屏東縣,瑪家鄉,排灣村,79,41788,529,461,253,738,382.24,72.26
屏東縣,瑪家鄉,三和村,405,244730,604,477,289,771,586.13,97.00
屏東縣,瑪家鄉,佳義村,156,96512,619,464,252,730,733.44,118.55
屏東縣,泰武鄉,佳平村,155,90960,587,468,260,734,538.54,91.77
屏東縣,泰武鄉,武潭村,188,102813,547,501,282,767,346.35,63.33
屏東縣,泰武鄉,佳興村,61,33356,547,494,281,805,392.17,71.72
屏東縣,泰武鄉,泰武村,84,43826,522,429,261,621,506.30,97.04
屏東縣,泰武鄉,平和村,115,57462,500,426,247,682,353.42,70.73
屏東縣,泰武鄉,萬安村,123,65707,534,460,214,730,433.78,81.20
屏東縣,來義鄉,丹林村,139,79987,575,470,230,810,472.50,82.11
屏東縣,來義鄉,來義村,158,81646,517,464,250,666,399.22,77.26
屏東縣,來義鄉,古樓村,197,96103,488,368,166,641,474.88,97.34
屏東縣,來義鄉,望嘉村,168,86725,516,438,231,669,452.34,87.63
屏東縣,來義鄉,文樂村,154,93995,610,425,225,763,922.54,151.15
屏東縣,來義鄉,義林村,115,64252,559,467,249,748,414.91,74.26
屏東縣,來義鄉,南和村,190,107736,567,459,216,711,623.93,110.04
屏東縣,春日鄉,春日村,122,65215,535,486,254,674,402.07,75.22
屏東縣,春日鄉,古華村,110,66550,605,458,308,685,796.14,131.59
屏東縣,春日鄉,士文村,29,17061,588,489,260,720,442.55,75.22
屏東縣,春日鄉,力里村,69,37245,540,428,255,746,395.58,73.28
屏東縣,春日鄉,七佳村,192,94273,491,449,285,613,344.83,70.23
屏東縣,春日鄉,歸崇村,101,58096,575,473,279,763,428.95,74.57
屏東縣,獅子鄉,楓林村,147,75792,516,425,246,668,417.06,80.89
屏東縣,獅子鄉,丹路村,118,61030,517,406,256,664,420.34,81.27
屏東縣,獅子鄉,草埔村,122,73029,599,480,258,727,573.16,95.75
屏東縣,獅子鄉,內文村,39,17057,437,341,218,620,309.25,70.71
屏東縣,獅子鄉,竹坑村,58,33458,577,539,276,758,405.72,70.33
屏東縣,獅子鄉,獅子村,60,31998,533,453,282,626,448.28,84.06
屏東縣,獅子鄉,內獅村,85,44899,528,444,237,721,431.78,81.74
屏東縣,獅子鄉,南世村,64,30690,480,423,225,677,370.64,77.29
屏東縣,牡丹鄉,石門村,336,195980,583,450,237,769,477.21,81.82
屏東縣,牡丹鄉,牡丹村,118,66003,559,474,235,739,533.93,95.46
屏東縣,牡丹鄉,東源村,57,31649,555,476,254,728,405.42,73.02
屏東縣,牡丹鄉,旭海村,69,40662,589,441,275,711,510.04,86.55
屏東縣,牡丹鄉,高士村,133,65226,490,392,185,638,553.46,112.85
屏東縣,牡丹鄉,四林村,81,40815,504,464,216,718,346.20,68.71
花蓮縣,花蓮市,民意里,497,294266,592,385,194,750,741.02,125.15
花蓮縣,花蓮市,民政里,1295,1012931,782,508,227,966,958.06,122.49
花蓮縣,花蓮市,民運里,610,364492,598,429,220,724,719.68,120.44
花蓮縣,花蓮市,民樂里,205,125751,613,424,216,792,578.78,94.35
花蓮縣,花蓮市,民立里,516,497400,964,594,288,1148,1275.24,132.29
花蓮縣,花蓮市,民勤里,1135,966415,851,567,277,1102,924.57,108.59
花蓮縣,花蓮市,民德里,569,482943,849,586,282,1093,930.13,109.59
花蓮縣,花蓮市,民權里,122,74726,613,369,217,753,678.67,110.80
花蓮縣,花蓮市,民有里,164,128238,782,484,242,945,894.83,114.44
花蓮縣,花蓮市,民主里,157,100882,643,411,234,834,750.45,116.79
花蓮縣,花蓮市,民族里,130,78247,602,401,189,760,661.54,109.91
花蓮縣,花蓮市,民生里,376,265222,705,443,205,868,935.29,132.59
花蓮縣,花蓮市,主商里,187,160181,857,603,280,1171,945.02,110.32
花蓮縣,花蓮市,主勤里,235,172146,733,478,244,931,768.93,104.97
花蓮縣,花蓮市,主工里,178,123209,692,451,241,865,775.18,111.99
花蓮縣,花蓮市,主睦里,159,104327,656,442,171,868,679.12,103.50
花蓮縣,花蓮市,主義里,121,86774,717,500,195,952,866.02,120.76
花蓮縣,花蓮市,主計里,231,172775,748,440,194,836,1025.39,137.09
花蓮縣,花蓮市,主信里,230,162542,707,477,216,911,749.62,106.07
花蓮縣,花蓮市,主和里,787,467469,594,455,221,758,594.62,100.11
花蓮縣,花蓮市,主學里,612,381409,623,452,185,830,650.83,104.43
花蓮縣,花蓮市,主農里,1141,785138,688,449,232,865,813.50,118.22
花蓮縣,花蓮市,主力里,905,585740,647,447,226,835,738.99,114.18
花蓮縣,花蓮市,主權里,1655,1076144,650,443,227,818,829.60,127.58
花蓮縣,花蓮市,國治里,267,216429,811,470,217,873,1234.75,152.33
花蓮縣,花蓮市,國風里,1078,737230,684,433,214,884,786.92,115.07
花蓮縣,花蓮市,國威里,453,362232,800,501,221,985,981.83,122.79
花蓮縣,花蓮市,國安里,183,141045,771,625,269,1016,801.50,103.99
花蓮縣,花蓮市,國華里,739,551950,747,521,222,953,821.51,109.99
花蓮縣,花蓮市,國魂里,571,408573,716,449,204,882,1093.61,152.84
花蓮縣,花蓮市,國聯里,944,619237,656,449,225,820,756.87,115.38
花蓮縣,花蓮市,國富里,1615,1123153,695,454,225,846,845.97,121.64
花蓮縣,花蓮市,國慶里,362,381385,1054,569,297,1163,1461.68,138.74
花蓮縣,花蓮市,國福里,346,173450,501,369,182,634,477.03,95.16
花蓮縣,花蓮市,國強里,618,444337,719,520,250,883,814.09,113.23
花蓮縣,花蓮市,國防里,242,144972,599,437,239,732,561.62,93.75
花蓮縣,花蓮市,國光里,336,211330,629,387,161,866,700.08,111.31
花蓮縣,花蓮市,民心里,296,245540,830,516,259,981,1041.85,125.60
花蓮縣,花蓮市,民享里,1055,827179,784,531,266,983,865.64,110.41
花蓮縣,花蓮市,國裕里,1499,1016056,678,471,225,853,885.33,130.61
花蓮縣,花蓮市,國盛里,1146,668319,583,405,207,702,702.11,120.39
花蓮縣,花蓮市,主安里,809,509113,629,422,210,813,753.64,119.76
花蓮縣,花蓮市,國興里,1520,1289979,849,535,249,1080,974.69,114.85
花蓮縣,花蓮市,民孝里,1090,800305,734,503,267,922,1160.27,158.03
花蓮縣,光復鄉,大安村,202,139183,689,465,229,912,715.50,103.84
花蓮縣,光復鄉,大全村,148,74653,504,374,180,688,481.62,95.48
花蓮縣,光復鄉,大平村,183,98581,539,385,207,685,533.12,98.96
花蓮縣,光復鄉,大馬村,197,87607,445,350,189,598,382.05,85.91
花蓮縣,光復鄉,大進村,98,59822,610,461,217,883,556.22,91.12
花蓮縣,光復鄉,大同村,226,125676,556,401,202,685,575.33,103.46
花蓮縣,光復鄉,東富村,160,72377,452,356,211,601,384.80,85.06
花蓮縣,光復鄉,西富村,170,99476,585,401,204,627,926.21,158.29
花蓮縣,光復鄉,南富村,157,72648,463,328,176,610,548.58,118.55
花蓮縣,光復鄉,北富村,137,65994,482,381,172,631,438.30,90.99
花蓮縣,光復鄉,大富村,59,32474,550,399,164,791,536.85,97.54
花蓮縣,光復鄉,大豐村,62,34275,553,289,160,768,701.52,126.90
花蓮縣,光復鄉,大興村,76,32022,421,362,162,507,374.29,88.83
花蓮縣,光復鄉,大華村,279,144520,518,416,214,636,465.89,89.94
花蓮縣,玉里鎮,中城里,1533,1059724,691,474,229,924,772.87,111.80
花蓮縣,玉里鎮,國武里,346,225386,651,438,239,836,711.07,109.16
花蓮縣,玉里鎮,啟模里,321,212504,662,387,161,703,1200.45,181.34
花蓮縣,玉里鎮,泰昌里,238,171868,722,436,232,817,1109.29,153.61
花蓮縣,玉里鎮,源城里,248,123567,498,367,195,633,473.33,95.00
花蓮縣,玉里鎮,長良里,77,38892,505,331,194,592,648.63,128.42
花蓮縣,玉里鎮,樂合里,134,66081,493,382,206,650,411.48,83.44
花蓮縣,玉里鎮,觀音里,241,105014,436,345,192,567,368.99,84.68
花蓮縣,玉里鎮,松浦里,207,93527,452,357,211,549,449.62,99.51
花蓮縣,玉里鎮,春日里,129,55875,433,366,195,611,325.76,75.21
花蓮縣,玉里鎮,德武里,111,58891,531,367,226,589,824.78,155.46
花蓮縣,玉里鎮,三民里,136,79376,584,448,253,710,556.99,95.43
花蓮縣,玉里鎮,大禹里,199,108059,543,370,193,636,668.55,123.12
花蓮縣,玉里鎮,東豐里,67,29919,447,366,182,647,354.47,79.38
花蓮縣,玉里鎮,永昌里,274,139270,508,390,182,661,474.23,93.30
花蓮縣,新城鄉,新城村,348,240797,692,427,201,765,1143.22,165.22
花蓮縣,新城鄉,順安村,193,85081,441,358,171,568,421.88,95.70
花蓮縣,新城鄉,康樂村,704,435111,618,492,256,874,517.78,83.78
花蓮縣,新城鄉,北埔村,938,574775,613,460,230,802,601.05,98.09
花蓮縣,新城鄉,佳林村,288,184556,641,404,246,698,872.66,136.18
花蓮縣,新城鄉,嘉里村,1261,868288,689,550,270,871,662.90,96.27
花蓮縣,新城鄉,嘉新村,223,118454,531,429,217,699,451.95,85.08
花蓮縣,新城鄉,大漢村,664,347460,523,378,198,662,605.28,115.67
花蓮縣,新城鄉,新秀村,560,275582,492,413,224,642,412.24,83.77
花蓮縣,吉安鄉,仁里村,1884,1143138,607,440,211,790,652.16,107.48
花蓮縣,吉安鄉,東昌村,1723,1023560,594,436,216,787,609.52,102.60
花蓮縣,吉安鄉,南昌村,1229,764540,622,445,221,805,678.49,109.07
花蓮縣,吉安鄉,北昌村,2392,1605947,671,459,223,857,726.13,108.15
花蓮縣,吉安鄉,宜昌村,1210,699817,578,423,224,735,599.27,103.61
花蓮縣,吉安鄉,太昌村,996,626314,629,435,219,788,692.22,110.08
花蓮縣,吉安鄉,慶豐村,2303,1628259,707,495,238,963,773.36,109.38
花蓮縣,吉安鄉,吉安村,1747,1244375,712,485,245,951,776.64,109.03
花蓮縣,吉安鄉,福興村,899,604363,672,456,238,861,777.25,115.62
花蓮縣,吉安鄉,稻香村,1041,731219,702,458,231,870,1212.90,172.67
花蓮縣,吉安鄉,永興村,782,424083,542,391,202,678,563.56,103.92
花蓮縣,吉安鄉,南華村,373,238706,640,422,198,752,817.55,127.75
花蓮縣,吉安鄉,干城村,290,194140,669,445,245,813,764.57,114.21
花蓮縣,吉安鄉,光華村,583,363151,623,447,224,793,674.07,108.22
花蓮縣,吉安鄉,仁和村,1318,776014,589,444,240,749,598.45,101.64
花蓮縣,吉安鄉,仁安村,686,392357,572,399,222,661,711.42,124.38
花蓮縣,吉安鄉,永安村,1394,1002840,719,472,233,954,824.64,114.63
花蓮縣,吉安鄉,勝安村,1768,1320245,747,502,235,941,855.12,114.51
花蓮縣,壽豐鄉,池南村,146,76077,521,366,194,638,592.58,113.72
花蓮縣,壽豐鄉,志學村,687,434743,633,425,225,776,803.25,126.93
花蓮縣,壽豐鄉,光榮村,141,76819,545,427,227,698,497.15,91.25
花蓮縣,壽豐鄉,平和村,327,189549,580,419,209,696,617.82,106.58
花蓮縣,壽豐鄉,壽豐村,366,209178,572,399,184,699,679.07,118.82
花蓮縣,壽豐鄉,共和村,190,182646,961,479,239,1282,1152.63,119.90
花蓮縣,壽豐鄉,豐山村,409,222296,544,399,204,700,632.83,116.43
花蓮縣,壽豐鄉,豐裡村,332,166539,502,351,201,632,498.71,99.42
花蓮縣,壽豐鄉,豐坪村,168,115374,687,412,218,754,1146.36,166.92
花蓮縣,壽豐鄉,溪口村,187,99397,532,425,227,610,507.20,95.42
花蓮縣,壽豐鄉,月眉村,170,80453,473,374,219,598,417.70,88.26
花蓮縣,壽豐鄉,米棧村,42,23211,553,383,232,603,519.44,93.99
花蓮縣,壽豐鄉,水璉村,92,35255,383,290,156,496,380.02,99.17
花蓮縣,壽豐鄉,鹽寮村,112,93677,836,369,199,641,1795.02,214.61
花蓮縣,壽豐鄉,樹湖村,61,45392,744,348,240,711,1101.74,148.06
花蓮縣,鳳林鎮,鳳仁里,294,171377,583,418,196,839,534.93,91.77
花蓮縣,鳳林鎮,鳳義里,135,82472,611,452,234,739,586.79,96.05
花蓮縣,鳳林鎮,鳳禮里,164,91254,556,407,228,756,497.44,89.40
花蓮縣,鳳林鎮,鳳智里,274,163957,598,428,232,751,625.77,104.58
花蓮縣,鳳林鎮,鳳信里,322,163368,507,412,230,585,528.20,104.11
花蓮縣,鳳林鎮,林榮里,197,99469,505,362,160,631,514.68,101.93
花蓮縣,鳳林鎮,南平里,99,57768,584,409,265,623,586.51,100.51
花蓮縣,鳳林鎮,北林里,116,66819,576,380,267,726,599.15,104.01
花蓮縣,鳳林鎮,大榮里,246,128433,522,372,205,672,483.45,92.60
花蓮縣,鳳林鎮,山興里,81,33867,418,351,195,548,325.71,77.90
花蓮縣,鳳林鎮,長橋里,192,111941,583,445,235,765,546.57,93.75
花蓮縣,鳳林鎮,森榮里,17,6786,399,235,91,606,401.09,100.48
花蓮縣,豐濱鄉,豐濱村,281,119087,424,371,191,578,329.18,77.67
花蓮縣,豐濱鄉,港口村,110,49648,451,352,220,536,435.95,96.59
花蓮縣,豐濱鄉,靜浦村,82,34830,425,356,181,541,350.05,82.41
花蓮縣,豐濱鄉,新社村,100,46708,467,341,231,542,592.84,126.93
花蓮縣,豐濱鄉,磯崎村,64,29546,462,383,227,530,392.09,84.93
花蓮縣,瑞穗鄉,瑞穗村,380,227346,598,443,247,733,633.38,105.87
花蓮縣,瑞穗鄉,瑞良村,107,59693,558,398,168,637,679.69,121.83
花蓮縣,瑞穗鄉,瑞美村,448,267831,598,416,207,730,674.45,112.81
花蓮縣,瑞穗鄉,瑞祥村,174,119719,688,401,182,676,1354.82,196.91
花蓮縣,瑞穗鄉,瑞北村,94,44393,472,279,163,578,660.35,139.83
花蓮縣,瑞穗鄉,奇美村,45,20691,460,421,203,639,347.51,75.58
花蓮縣,瑞穗鄉,富源村,125,52760,422,328,160,509,415.78,98.51
花蓮縣,瑞穗鄉,富興村,76,43125,567,397,209,689,682.22,120.23
花蓮縣,瑞穗鄉,富民村,129,60058,466,358,206,588,442.79,95.11
花蓮縣,瑞穗鄉,舞鶴村,166,67995,410,343,165,542,359.58,87.79
花蓮縣,瑞穗鄉,鶴岡村,128,57560,450,382,206,565,411.29,91.46
花蓮縣,富里鄉,富里村,259,149365,577,381,177,733,683.02,118.44
花蓮縣,富里鄉,永豐村,66,28208,427,328,207,562,363.96,85.16
花蓮縣,富里鄉,富南村,51,28408,557,417,251,694,448.85,80.58
花蓮縣,富里鄉,學田村,111,58726,529,412,205,606,554.33,104.78
花蓮縣,富里鄉,石牌村,178,97579,548,377,201,671,565.76,103.20
花蓮縣,富里鄉,明里村,51,28310,555,332,273,662,617.81,111.30
花蓮縣,富里鄉,羅山村,67,38736,578,336,201,623,948.86,164.12
花蓮縣,富里鄉,竹田村,200,107350,537,419,204,750,464.11,86.47
花蓮縣,富里鄉,新興村,101,48776,483,406,194,610,422.91,87.57
花蓮縣,富里鄉,萬寧村,88,36002,409,318,192,520,314.72,76.93
花蓮縣,富里鄉,豐南村,84,40162,478,369,240,517,665.34,139.16
花蓮縣,富里鄉,東里村,160,107008,669,427,228,686,1103.48,165.00
花蓮縣,富里鄉,吳江村,65,29099,448,333,132,572,441.20,98.55
花蓮縣,秀林鄉,和平村,483,242822,503,406,191,685,458.03,91.11
花蓮縣,秀林鄉,崇德村,303,151900,501,414,239,631,459.59,91.68
花蓮縣,秀林鄉,富世村,484,242571,501,405,208,631,490.69,97.91
花蓮縣,秀林鄉,秀林村,481,232169,483,380,213,609,406.22,84.16
花蓮縣,秀林鄉,景美村,418,213444,511,420,242,576,709.60,138.96
花蓮縣,秀林鄉,佳民村,233,108185,464,355,205,533,691.10,148.84
花蓮縣,秀林鄉,銅門村,301,151783,504,386,218,650,448.49,88.94
花蓮縣,秀林鄉,文蘭村,274,133263,486,403,215,646,438.78,90.22
花蓮縣,秀林鄉,水源村,271,135333,499,411,204,634,416.30,83.36
花蓮縣,萬榮鄉,西林村,246,111286,452,372,204,567,395.55,87.44
花蓮縣,萬榮鄉,見晴村,123,55065,448,383,225,566,375.10,83.79
花蓮縣,萬榮鄉,萬榮村,177,96301,544,423,237,650,485.70,89.27
花蓮縣,萬榮鄉,明利村,132,63467,481,376,224,614,483.21,100.50
花蓮縣,萬榮鄉,馬遠村,280,109057,389,344,190,557,270.92,69.56
花蓮縣,萬榮鄉,紅葉村,214,107642,503,393,255,629,417.46,82.99
花蓮縣,卓溪鄉,崙山村,119,59629,501,420,228,663,406.09,81.04
花蓮縣,卓溪鄉,立山村,236,101925,432,352,198,558,389.08,90.09
花蓮縣,卓溪鄉,太平村,165,82707,501,426,241,598,420.17,83.82
花蓮縣,卓溪鄉,卓溪村,154,72713,472,419,205,636,353.87,74.95
花蓮縣,卓溪鄉,卓清村,175,76324,436,382,260,571,268.58,61.58
花蓮縣,卓溪鄉,古風村,176,86417,491,400,249,666,362.42,73.81
臺東縣,臺東市,中山里,526,349184,664,423,196,830,800.31,120.56
臺東縣,臺東市,文化里,403,307510,763,558,263,976,746.76,97.86
臺東縣,臺東市,中正里,580,382614,660,413,207,787,759.26,115.10
臺東縣,臺東市,中華里,551,301899,548,402,194,699,543.47,99.19
臺東縣,臺東市,成功里,412,256214,622,431,233,759,776.57,124.87
臺東縣,臺東市,寶桑里,353,206647,585,423,208,768,604.66,103.29
臺東縣,臺東市,中心里,892,595351,667,449,230,891,676.45,101.35
臺東縣,臺東市,新生里,1196,907732,759,514,266,1003,784.92,103.42
臺東縣,臺東市,豐里里,527,333027,632,444,219,801,643.08,101.76
臺東縣,臺東市,豐年里,845,549431,650,490,231,842,630.42,96.96
臺東縣,臺東市,豐原里,278,176931,636,462,238,827,643.06,101.04
臺東縣,臺東市,康樂里,343,187930,548,430,204,687,516.41,94.25
臺東縣,臺東市,光明里,873,652405,747,526,242,966,868.77,116.25
臺東縣,臺東市,新興里,344,225971,657,472,246,876,651.33,99.15
臺東縣,臺東市,豐榮里,929,636865,686,493,276,875,679.22,99.08
臺東縣,臺東市,永樂里,734,523905,714,473,272,927,707.21,99.08
臺東縣,臺東市,民族里,746,553664,742,509,246,920,873.24,117.66
臺東縣,臺東市,建國里,367,200157,545,401,174,730,593.50,108.82
臺東縣,臺東市,民生里,841,590050,702,487,239,938,753.77,107.43
臺東縣,臺東市,馬蘭里,733,481970,658,455,219,862,720.52,109.58
臺東縣,臺東市,豐樂里,463,296198,640,438,204,868,653.37,102.13
臺東縣,臺東市,東海里,642,428338,667,466,242,845,798.53,119.68
臺東縣,臺東市,卑南里,1005,800344,796,575,294,1079,749.91,94.17
臺東縣,臺東市,南王里,749,449480,600,450,221,772,575.43,95.89
臺東縣,臺東市,建和里,254,126350,497,389,206,643,483.91,97.28
臺東縣,臺東市,知本里,465,231661,498,377,202,639,483.77,97.10
臺東縣,臺東市,富岡里,386,202901,526,412,203,684,501.44,95.39
臺東縣,臺東市,建興里,300,163843,546,395,219,683,552.46,101.16
臺東縣,臺東市,南榮里,695,477348,687,469,225,875,830.13,120.86
臺東縣,臺東市,岩灣里,675,476904,707,509,261,936,793.09,112.25
臺東縣,臺東市,新園里,289,143632,497,364,207,623,539.07,108.47
臺東縣,臺東市,豐田里,580,287477,496,402,196,653,448.28,90.44
臺東縣,臺東市,自強里,1146,1020482,890,584,276,1146,1010.48,113.48
臺東縣,臺東市,豐谷里,969,579713,598,420,227,791,608.59,101.73
臺東縣,臺東市,建農里,365,182977,501,393,195,615,469.91,93.74
臺東縣,臺東市,仁和里,898,565257,629,465,222,846,636.91,101.18
臺東縣,臺東市,豐盛里,1090,755395,693,509,252,967,653.51,94.30
臺東縣,臺東市,豐安里,932,610642,655,503,240,888,587.21,89.62
臺東縣,成功鎮,忠仁里,368,218685,594,418,231,702,923.80,155.45
臺東縣,成功鎮,忠智里,420,268996,640,434,242,837,641.68,100.19
臺東縣,成功鎮,三民里,531,286276,539,403,212,690,553.52,102.67
臺東縣,成功鎮,三仙里,157,75685,482,362,179,617,460.25,95.47
臺東縣,成功鎮,忠孝里,118,47231,400,316,146,522,356.58,89.09
臺東縣,成功鎮,博愛里,68,34871,513,363,244,535,644.71,125.72
臺東縣,成功鎮,信義里,263,163388,621,345,199,601,1253.67,201.80
臺東縣,成功鎮,和平里,102,60102,589,350,177,551,1578.97,267.97
臺東縣,關山鎮,里壠里,388,220478,568,389,196,830,527.89,92.90
臺東縣,關山鎮,中福里,204,128744,631,434,199,754,705.58,111.80
臺東縣,關山鎮,新福里,165,111767,677,449,228,781,855.16,126.25
臺東縣,關山鎮,德高里,312,181475,582,429,258,714,691.86,118.95
臺東縣,關山鎮,豐泉里,296,195048,659,465,279,824,639.87,97.11
臺東縣,關山鎮,月眉里,109,68331,627,499,293,892,510.56,81.44
臺東縣,關山鎮,電光里,78,34282,440,364,223,622,316.33,71.97
臺東縣,卑南鄉,賓朗村,429,218111,508,414,215,633,455.67,89.63
臺東縣,卑南鄉,美農村,157,85350,544,405,180,599,1007.28,185.29
臺東縣,卑南鄉,初鹿村,226,120806,535,371,188,659,641.68,120.04
臺東縣,卑南鄉,嘉豐村,60,30430,507,297,153,717,575.19,113.41
臺東縣,卑南鄉,太平村,727,459899,633,433,236,793,841.15,132.97
臺東縣,卑南鄉,利嘉村,256,150305,587,412,226,701,867.32,147.72
臺東縣,卑南鄉,東興村,232,104362,450,384,214,567,336.11,74.72
臺東縣,卑南鄉,溫泉村,193,87983,456,369,162,613,394.28,86.49
臺東縣,卑南鄉,利吉村,66,39969,606,357,148,539,1214.99,200.63
臺東縣,卑南鄉,富源村,56,32849,587,503,286,800,429.93,73.29
臺東縣,卑南鄉,明峰村,203,113194,558,396,206,679,595.77,106.84
臺東縣,卑南鄉,泰安村,206,93947,456,357,197,575,467.34,102.47
臺東縣,卑南鄉,富山村,59,29557,501,361,171,618,589.50,117.67
臺東縣,大武鄉,大武村,262,147239,562,397,223,714,555.73,98.89
臺東縣,大武鄉,尚武村,222,116677,526,382,168,659,539.58,102.67
臺東縣,大武鄉,大鳥村,166,77276,466,382,202,620,365.40,78.49
臺東縣,大武鄉,大竹村,126,69190,549,464,256,718,508.43,92.59
臺東縣,大武鄉,南興村,100,49921,499,379,214,601,428.58,85.85
臺東縣,太麻里鄉,泰和村,282,156281,554,395,204,650,643.17,116.06
臺東縣,太麻里鄉,大王村,347,201254,580,419,230,692,639.52,110.27
臺東縣,太麻里鄉,美和村,195,99505,510,370,203,587,485.14,95.07
臺東縣,太麻里鄉,金崙村,281,157967,562,455,270,692,562.02,99.98
臺東縣,太麻里鄉,多良村,121,64198,531,419,232,592,544.27,102.58
臺東縣,太麻里鄉,華源村,83,40139,484,331,172,527,658.59,136.18
臺東縣,太麻里鄉,三和村,90,51989,578,392,174,666,762.32,131.97
臺東縣,太麻里鄉,北里村,69,31832,461,352,204,615,464.73,100.74
臺東縣,太麻里鄉,香蘭村,129,69976,542,411,176,716,533.83,98.41
臺東縣,東河鄉,東河村,162,105328,650,451,254,712,1181.16,181.67
臺東縣,東河鄉,泰源村,148,65876,445,374,202,567,382.69,85.98
臺東縣,東河鄉,北源村,173,88273,510,423,238,672,388.89,76.22
臺東縣,東河鄉,隆昌村,71,31894,449,357,154,691,372.87,83.00
臺東縣,東河鄉,興昌村,155,115621,746,414,187,759,1464.93,196.39
臺東縣,東河鄉,都蘭村,362,194983,539,391,189,638,870.73,161.66
臺東縣,東河鄉,尚德村,28,15435,551,499,282,713,371.08,67.32
臺東縣,長濱鄉,樟原村,79,33657,426,319,202,517,397.10,93.21
臺東縣,長濱鄉,三間村,145,87203,601,373,169,632,1222.26,203.23
臺東縣,長濱鄉,長濱村,345,184247,534,372,176,591,957.32,179.26
臺東縣,長濱鄉,忠勇村,67,56612,845,498,335,778,1433.71,169.68
臺東縣,長濱鄉,竹湖村,134,68137,508,351,195,614,535.83,105.38
臺東縣,長濱鄉,寧埔村,177,101009,571,382,247,671,854.92,149.81
臺東縣,鹿野鄉,鹿野村,164,87564,534,379,167,664,583.04,109.20
臺東縣,鹿野鄉,永安村,285,163044,572,388,203,658,700.75,122.49
臺東縣,鹿野鄉,瑞源村,148,83235,562,465,244,732,452.48,80.45
臺東縣,鹿野鄉,瑞豐村,140,80114,572,356,207,630,768.67,134.33
臺東縣,鹿野鄉,龍田村,165,111157,674,450,222,717,966.38,143.45
臺東縣,鹿野鄉,瑞隆村,123,73745,600,411,192,661,724.68,120.87
臺東縣,鹿野鄉,瑞和村,109,62983,578,454,194,676,807.38,139.73
臺東縣,池上鄉,福原村,455,308776,679,419,190,863,876.12,129.10
臺東縣,池上鄉,福文村,175,92524,529,358,190,637,659.25,124.69
臺東縣,池上鄉,慶豐村,120,71930,599,376,213,627,827.28,138.01
臺東縣,池上鄉,大坡村,48,22545,470,345,118,627,657.48,139.98
臺東縣,池上鄉,大埔村,154,95141,618,452,252,778,613.81,99.35
臺東縣,池上鄉,新興村,163,87233,535,373,171,609,664.76,124.21
臺東縣,池上鄉,錦園村,56,28562,510,432,199,533,506.38,99.28
臺東縣,池上鄉,萬安村,54,38510,713,465,223,904,760.86,106.69
臺東縣,池上鄉,富興村,53,25545,482,370,156,705,428.65,88.94
臺東縣,池上鄉,振興村,46,28898,628,445,262,745,707.47,112.62
臺東縣,綠島鄉,中寮村,251,176496,703,468,219,994,752.98,107.08
臺東縣,綠島鄉,公舘村,298,188474,632,523,219,825,594.97,94.07
臺東縣,綠島鄉,南寮村,463,271282,586,450,195,778,572.91,97.78
臺東縣,延平鄉,桃源村,219,113079,516,406,247,670,450.11,87.17
臺東縣,延平鄉,紅葉村,94,51105,544,427,252,664,471.78,86.78
臺東縣,延平鄉,武陵村,126,61364,487,416,255,655,345.29,70.90
臺東縣,延平鄉,永康村,76,40336,531,425,247,691,410.19,77.29
臺東縣,延平鄉,鸞山村,132,60989,462,410,272,574,356.41,77.14
臺東縣,海端鄉,海端村,222,116765,526,441,250,700,407.82,77.54
臺東縣,海端鄉,崁頂村,142,69590,490,429,250,677,338.59,69.09
臺東縣,海端鄉,加拿村,95,45082,475,446,266,621,307.63,64.83
臺東縣,海端鄉,霧鹿村,38,20277,534,403,255,725,432.81,81.11
臺東縣,海端鄉,利稻村,46,28344,616,477,360,832,395.83,64.24
臺東縣,海端鄉,廣原村,144,73146,508,421,245,627,409.53,80.62
臺東縣,達仁鄉,土坂村,154,83660,543,439,277,674,418.53,77.04
臺東縣,達仁鄉,台坂村,102,48514,476,402,250,625,370.46,77.89
臺東縣,達仁鄉,新化村,57,27283,479,429,239,588,346.87,72.47
臺東縣,達仁鄉,安朔村,101,58806,582,501,298,760,399.99,68.70
臺東縣,達仁鄉,森永村,70,42464,607,490,255,804,459.07,75.68
臺東縣,達仁鄉,南田村,72,32649,453,405,220,601,347.58,76.65
臺東縣,金峰鄉,嘉蘭村,237,112824,476,423,237,644,374.26,78.62
臺東縣,金峰鄉,歷坵村,39,18891,484,467,287,685,317.57,65.56
臺東縣,金峰鄉,新興村,127,81674,643,499,311,745,903.72,140.52
臺東縣,金峰鄉,賓茂村,70,30150,431,344,170,632,337.46,78.35
臺東縣,金峰鄉,正興村,146,75878,520,397,188,697,484.08,93.14
臺東縣,蘭嶼鄉,紅頭村,287,201778,703,511,238,909,746.71,106.21
臺東縣,蘭嶼鄉,東清村,232,107985,465,388,180,614,401.10,86.18
臺東縣,蘭嶼鄉,朗島村,125,50090,401,330,178,543,316.57,79.00
臺東縣,蘭嶼鄉,椰油村,223,124418,558,462,246,781,447.38,80.19
澎湖縣,馬公市,長安里,178,139334,783,586,284,1072,740.71,94.63
澎湖縣,馬公市,復興里,239,182550,764,616,474,866,597.36,78.21
澎湖縣,馬公市,中央里,157,115641,737,514,244,1114,711.48,96.59
澎湖縣,馬公市,啓明里,294,290934,990,663,292,1169,1210.99,122.38
澎湖縣,馬公市,重慶里,310,247374,798,592,233,1021,910.08,114.05
澎湖縣,馬公市,光復里,648,497727,768,524,239,897,944.95,123.03
澎湖縣,馬公市,光明里,426,354130,831,612,313,1045,831.76,100.06
澎湖縣,馬公市,重光里,509,402390,791,587,320,1001,770.69,97.49
澎湖縣,馬公市,西衛里,1753,1461540,834,612,319,1124,790.85,94.86
澎湖縣,馬公市,朝陽里,1729,1356638,785,578,300,1024,820.93,104.63
澎湖縣,馬公市,東文里,1174,879428,749,544,261,987,821.97,109.73
澎湖縣,馬公市,西文里,1218,971801,798,589,312,1035,867.71,108.75
澎湖縣,馬公市,案山里,791,577291,730,645,406,942,553.84,75.89
澎湖縣,馬公市,光華里,521,396325,761,646,482,895,562.70,73.97
澎湖縣,馬公市,前寮里,384,350242,912,619,308,1004,1124.11,123.25
澎湖縣,馬公市,石泉里,977,764570,783,586,328,1048,888.73,113.57
澎湖縣,馬公市,菜園里,114,83233,730,496,341,998,628.48,86.08
澎湖縣,馬公市,東衛里,785,598692,763,596,341,943,812.61,106.55
澎湖縣,馬公市,安宅里,219,173693,793,576,306,962,859.07,108.32
澎湖縣,馬公市,烏崁里,315,199348,633,525,244,792,555.75,87.82
澎湖縣,馬公市,興仁里,503,393159,782,638,356,981,737.37,94.34
澎湖縣,馬公市,鐵線里,217,136523,629,495,228,785,626.85,99.64
澎湖縣,馬公市,山水里,418,283728,679,486,224,873,765.12,112.72
澎湖縣,馬公市,鎖港里,689,439715,638,502,240,840,621.51,97.39
澎湖縣,馬公市,井垵里,99,58129,587,498,301,659,499.05,84.99
澎湖縣,馬公市,嵵裡里,298,184657,620,459,246,789,581.07,93.77
澎湖縣,馬公市,風櫃里,283,158929,562,473,239,707,514.52,91.62
澎湖縣,馬公市,虎井里,264,180273,683,564,350,832,539.70,79.04
澎湖縣,馬公市,桶盤里,69,45596,661,547,373,861,432.36,65.43
澎湖縣,馬公市,中興里,319,263055,825,593,327,1127,782.17,94.85
澎湖縣,馬公市,五德里,231,136751,592,539,440,646,484.65,81.87
澎湖縣,馬公市,光榮里,1362,1093242,803,568,265,1052,874.16,108.91
澎湖縣,馬公市,陽明里,851,697098,819,577,293,1094,823.74,100.56
澎湖縣,湖西鄉,湖西村,385,283840,737,558,283,876,987.36,133.93
澎湖縣,湖西鄉,湖東村,115,73929,643,546,299,807,570.70,88.77
澎湖縣,湖西鄉,南寮村,178,120999,680,462,240,768,745.48,109.67
澎湖縣,湖西鄉,白坑村,63,37375,593,409,230,671,647.27,109.11
澎湖縣,湖西鄉,青螺村,59,38923,660,495,277,1008,540.36,81.91
澎湖縣,湖西鄉,紅羅村,210,152361,726,550,283,849,754.15,103.94
澎湖縣,湖西鄉,西溪村,419,261495,624,521,433,673,495.84,79.45
澎湖縣,湖西鄉,沙港村,208,141212,679,533,301,927,598.66,88.18
澎湖縣,湖西鄉,成功村,386,243223,630,511,318,776,496.78,78.84
澎湖縣,湖西鄉,東石村,21,14923,711,523,299,775,697.47,98.15
澎湖縣,湖西鄉,鼎灣村,188,129322,688,587,280,879,634.14,92.19
澎湖縣,湖西鄉,中西村,64,54862,857,536,330,1046,844.43,98.51
澎湖縣,湖西鄉,潭邊村,85,53131,625,512,189,837,540.09,86.40
澎湖縣,湖西鄉,許家村,171,121554,711,581,325,965,585.54,82.37
澎湖縣,湖西鄉,隘門村,385,269915,701,581,370,891,553.45,78.94
澎湖縣,湖西鄉,林投村,294,186290,634,473,246,767,603.32,95.21
澎湖縣,湖西鄉,尖山村,172,110188,641,509,235,807,607.72,94.86
澎湖縣,湖西鄉,龍門村,476,301239,633,516,244,837,561.87,88.78
澎湖縣,湖西鄉,菓葉村,180,113978,633,523,252,828,595.15,93.99
澎湖縣,湖西鄉,北寮村,92,61204,665,564,281,888,503.63,75.71
澎湖縣,湖西鄉,城北村,144,80712,561,480,241,731,454.83,81.15
澎湖縣,湖西鄉,太武村,16,10279,642,461,295,810,538.41,83.80
澎湖縣,白沙鄉,中屯村,161,130347,810,573,296,1157,756.96,93.50
澎湖縣,白沙鄉,講美村,191,111860,586,458,247,695,609.31,104.04
澎湖縣,白沙鄉,城前村,32,26709,835,473,254,724,1473.40,176.53
澎湖縣,白沙鄉,鎮海村,35,23011,657,449,172,675,792.20,120.49
澎湖縣,白沙鄉,港子村,79,42855,542,434,223,726,428.72,79.03
澎湖縣,白沙鄉,小赤村,38,34650,912,516,291,844,1335.42,146.45
澎湖縣,白沙鄉,岐頭村,52,37290,717,563,296,946,571.95,79.76
澎湖縣,白沙鄉,赤崁村,509,341708,671,568,281,922,537.56,80.07
澎湖縣,白沙鄉,瓦硐村,64,38026,594,460,222,691,570.96,96.10
澎湖縣,白沙鄉,後寮村,203,118390,583,489,202,741,524.16,89.88
澎湖縣,白沙鄉,通梁村,165,98177,595,495,270,713,501.40,84.27
澎湖縣,白沙鄉,吉貝村,222,134016,604,508,274,678,591.61,98.00
澎湖縣,白沙鄉,鳥嶼村,226,125360,555,411,217,722,514.45,92.75
澎湖縣,白沙鄉,員貝村,51,30347,595,481,181,768,517.35,86.94
澎湖縣,白沙鄉,大倉村,54,32008,593,507,243,710,486.54,82.08
澎湖縣,西嶼鄉,合界村,80,66739,834,560,362,1123,691.97,82.95
澎湖縣,西嶼鄉,橫礁村,62,35593,574,456,219,716,651.49,113.48
澎湖縣,西嶼鄉,竹灣村,185,120070,649,460,242,808,747.18,115.12
澎湖縣,西嶼鄉,小門村,51,43113,845,699,348,1002,702.42,83.09
澎湖縣,西嶼鄉,大池村,121,92008,760,527,227,928,903.74,118.85
澎湖縣,西嶼鄉,二崁村,31,15781,509,398,274,732,395.59,77.71
澎湖縣,西嶼鄉,池東村,211,164929,782,553,282,981,815.60,104.34
澎湖縣,西嶼鄉,池西村,47,32187,685,481,197,914,841.86,122.93
澎湖縣,西嶼鄉,赤馬村,101,61780,612,490,312,769,516.72,84.48
澎湖縣,西嶼鄉,內垵村,250,159206,637,511,221,859,615.00,96.57
澎湖縣,西嶼鄉,外垵村,405,259929,642,539,268,832,568.09,88.52
澎湖縣,望安鄉,東安村,289,209102,724,608,315,1081,536.65,74.17
澎湖縣,望安鄉,西安村,164,117902,719,500,212,987,815.62,113.45
澎湖縣,望安鄉,將軍村,286,185399,648,468,202,827,665.53,102.67
澎湖縣,望安鄉,中社村,101,78776,780,486,194,834,1206.61,154.70
澎湖縣,望安鄉,花嶼村,64,41645,651,501,338,798,503.61,77.39
澎湖縣,望安鄉,水垵村,124,84328,680,551,287,851,546.25,80.32
澎湖縣,望安鄉,東吉村,65,49164,756,722,295,1163,550.87,72.83
澎湖縣,望安鄉,東坪村,103,60558,588,414,246,744,589.10,100.20
澎湖縣,望安鄉,西坪村,54,30403,563,460,219,704,484.39,86.03
澎湖縣,七美鄉,東湖村,51,26613,522,329,200,634,515.08,98.71
澎湖縣,七美鄉,西湖村,136,98461,724,546,293,1053,644.80,89.06
澎湖縣,七美鄉,中和村,196,148598,758,562,290,863,1041.90,137.43
澎湖縣,七美鄉,平和村,101,79777,790,576,391,1132,663.72,84.03
澎湖縣,七美鄉,南港村,290,237009,817,624,265,1036,1150.40,140.76
澎湖縣,七美鄉,海豐村,70,47464,678,509,219,1075,578.37,85.30
金門縣,金城鎮,東門里,1656,1317594,796,563,280,1042,813.58,102.25
金門縣,金城鎮,南門里,1883,1545561,821,582,290,1015,984.10,119.90
金門縣,金城鎮,西門里,3648,3378937,926,622,322,1205,1134.90,122.53
金門縣,金城鎮,北門里,1391,1197776,861,553,275,1045,996.10,115.68
金門縣,金城鎮,賢庵里,1773,1344131,758,546,272,971,775.41,102.28
金門縣,金城鎮,金水里,816,618273,758,559,276,1006,791.29,104.43
金門縣,金城鎮,古城里,1380,1061330,769,563,274,994,784.78,102.04
金門縣,金城鎮,珠沙里,1060,822819,776,558,264,967,874.88,112.71
金門縣,金寧鄉,古寧村,1130,909062,804,531,253,1026,1238.16,153.91
金門縣,金寧鄉,安美村,2019,1450125,718,537,252,879,815.72,113.57
金門縣,金寧鄉,湖埔村,2676,2120928,793,560,275,993,988.82,124.76
金門縣,金寧鄉,榜林村,1990,1579445,794,549,272,981,909.08,114.54
金門縣,金寧鄉,盤山村,2309,1806486,782,538,260,977,954.34,121.98
金門縣,金寧鄉,后盤村,592,446177,754,564,288,972,738.17,97.94
金門縣,金湖鎮,新市里,1464,1428354,976,623,330,1125,1433.72,146.95
金門縣,金湖鎮,山外里,1310,998612,762,567,310,913,773.21,101.43
金門縣,金湖鎮,溪湖里,491,350952,715,458,233,836,1241.41,173.68
金門縣,金湖鎮,蓮庵里,668,495625,742,554,297,940,747.21,100.71
金門縣,金湖鎮,料羅里,885,707665,800,661,319,984,874.71,109.39
金門縣,金湖鎮,新湖里,3174,2562266,807,595,308,1013,898.98,111.36
金門縣,金湖鎮,正義里,1004,751654,749,543,293,899,927.02,123.82
金門縣,金湖鎮,瓊林里,1194,963790,807,567,279,1040,856.45,106.10
金門縣,金沙鎮,汶沙里,1760,1373760,781,565,276,1026,780.11,99.94
金門縣,金沙鎮,何斗里,689,583227,846,545,296,1062,1090.65,128.84
金門縣,金沙鎮,浦山里,805,598611,744,501,236,918,952.34,128.07
金門縣,金沙鎮,西園里,511,399599,782,552,276,959,921.23,117.81
金門縣,金沙鎮,官嶼里,784,656714,838,554,312,1041,943.58,112.65
金門縣,金沙鎮,光前里,824,641134,778,575,275,988,844.30,108.51
金門縣,金沙鎮,三山里,657,467688,712,526,254,956,726.39,102.04
金門縣,金沙鎮,大洋里,432,336890,780,539,272,922,960.47,123.16
金門縣,烈嶼鄉,林湖村,1153,892367,774,571,300,950,911.79,117.81
金門縣,烈嶼鄉,黃埔村,581,417750,719,522,272,867,1022.43,142.20
金門縣,烈嶼鄉,西口村,764,585328,766,552,300,903,805.07,105.08
金門縣,烈嶼鄉,上林村,469,340116,725,508,240,929,837.79,115.53
金門縣,烈嶼鄉,上岐村,1037,789977,762,528,281,916,899.78,118.11
金門縣,烏坵鄉,大坵村,112,83669,747,526,245,1011,716.50,95.91
金門縣,烏坵鄉,小坵村,106,95106,897,702,306,1128,810.52,90.34
連江縣,南竿鄉,介壽村,854,785538,920,685,374,1190,861.45,93.65
連江縣,南竿鄉,復興村,324,293450,906,691,344,1167,842.10,92.98
連江縣,南竿鄉,福沃村,325,282374,869,708,389,1109,718.16,82.66
連江縣,南竿鄉,清水村,454,400504,882,660,382,1154,790.02,89.55
連江縣,南竿鄉,珠螺村,116,79497,685,609,434,814,477.91,69.73
連江縣,南竿鄉,仁愛村,317,238892,754,614,461,825,659.09,87.46
連江縣,南竿鄉,津沙村,131,105245,803,644,321,1021,749.00,93.23
連江縣,南竿鄉,馬祖村,187,161106,862,554,333,990,910.11,105.64
連江縣,南竿鄉,四維村,59,84269,1428,620,285,1204,4068.84,284.87
連江縣,北竿鄉,塘岐村,432,338712,784,605,309,1010,737.93,94.12
連江縣,北竿鄉,后沃村,76,64792,853,587,306,1155,749.96,87.97
連江縣,北竿鄉,橋仔村,160,106951,668,582,296,829,647.16,96.82
連江縣,北竿鄉,芹壁村,237,178079,751,603,490,795,659.25,87.74
連江縣,北竿鄉,坂里村,119,79685,670,498,310,799,630.76,94.20
連江縣,北竿鄉,白沙村,57,38877,682,483,289,883,732.63,107.41
連江縣,莒光鄉,青帆村,146,122578,840,727,352,1127,671.71,80.01
連江縣,莒光鄉,田沃村,84,63434,755,629,218,1149,625.98,82.89
連江縣,莒光鄉,西坵村,43,30361,706,656,509,788,379.82,53.79
連江縣,莒光鄉,大坪村,190,152830,804,618,371,1042,692.66,86.11
連江縣,莒光鄉,福正村,62,45736,738,464,332,891,802.07,108.73
連江縣,東引鄉,中柳村,283,223158,789,636,484,973,589.55,74.76
連江縣,東引鄉,樂華村,407,318737,783,657,491,924,632.27,80.74
嘉義市,東區,中庄里,1011,802510,794,506,225,986,976.90,123.07
嘉義市,東區,頂庄里,731,590223,807,545,251,1086,869.34,107.67
嘉義市,東區,王田里,823,768349,934,562,267,1177,1212.33,129.86
嘉義市,東區,圳頭里,1336,1056240,791,527,248,997,891.92,112.82
嘉義市,東區,鹿寮里,283,202164,714,522,223,841,816.78,114.34
嘉義市,東區,盧厝里,656,685742,1045,576,281,1219,1352.90,129.42
嘉義市,東區,短竹里,810,814899,1006,629,283,1200,1348.75,134.06
嘉義市,東區,長竹里,1061,1158286,1092,632,283,1310,1492.45,136.71
嘉義市,東區,後庄里,1199,862239,719,486,236,932,754.02,104.85
嘉義市,東區,東川里,622,625933,1006,643,286,1204,1252.84,124.50
嘉義市,東區,太平里,1523,1369357,899,557,265,1088,1112.88,123.77
嘉義市,東區,興南里,440,325581,740,487,214,906,913.75,123.49
嘉義市,東區,豐年里,367,309446,843,494,222,1034,1108.03,131.41
嘉義市,東區,新開里,619,490790,793,565,232,1057,846.07,106.71
嘉義市,東區,宣信里,325,226152,696,426,186,820,1029.14,147.90
嘉義市,東區,芳草里,975,681630,699,479,232,874,787.64,112.66
嘉義市,東區,安寮里,851,610736,718,461,209,936,806.49,112.38
嘉義市,東區,興村里,1258,882446,701,483,239,875,846.87,120.73
嘉義市,東區,頂寮里,773,593699,768,502,240,951,910.22,118.51
嘉義市,東區,荖藤里,1522,1201868,790,541,280,1034,857.03,108.53
嘉義市,東區,後湖里,1157,858658,742,498,237,928,937.04,126.26
嘉義市,東區,過溝里,681,560564,823,483,228,988,1113.25,135.24
嘉義市,東區,民族里,392,298667,762,506,202,931,1037.34,136.15
嘉義市,東區,朝陽里,521,372165,714,475,209,910,821.27,114.97
嘉義市,東區,華南里,590,403281,684,456,221,884,917.67,134.26
嘉義市,東區,東興里,605,561128,927,558,263,1112,1262.13,136.08
嘉義市,東區,中山里,677,672630,994,572,251,1123,1441.22,145.06
嘉義市,東區,中央里,682,534442,784,419,211,860,1171.17,149.45
嘉義市,東區,林森里,733,666843,910,573,253,1131,1175.93,129.26
嘉義市,東區,北門里,626,485413,775,446,224,937,1006.89,129.85
嘉義市,東區,蘭潭里,736,576596,783,452,213,938,1092.38,139.44
嘉義市,東區,文雅里,1404,1619695,1154,672,299,1354,1966.06,170.42
嘉義市,東區,安業里,621,440254,709,500,233,961,757.37,106.83
嘉義市,東區,義教里,879,630433,717,439,200,849,1008.97,140.68
嘉義市,東區,興安里,1063,821025,772,540,257,1026,803.46,104.03
嘉義市,東區,興仁里,1091,764157,700,497,238,902,784.93,112.07
嘉義市,東區,新店里,1450,1345077,928,577,281,1137,1167.60,125.87
嘉義市,東區,仁義里,901,704403,782,531,278,948,922.32,117.97
嘉義市,東區,芳安里,672,558010,830,549,232,1014,1034.19,124.55
嘉義市,西區,永和里,440,287220,653,428,215,849,734.74,112.56
嘉義市,西區,新富里,471,338941,720,501,191,1004,757.05,105.20
嘉義市,西區,文化里,728,591112,812,531,232,1054,964.30,118.76
嘉義市,西區,西榮里,635,468670,738,473,220,925,917.17,124.27
嘉義市,西區,國華里,434,408976,942,530,233,1119,1365.02,144.85
嘉義市,西區,番社里,437,385170,881,534,252,995,1125.93,127.74
嘉義市,西區,導明里,427,310057,726,458,175,955,811.49,111.76
嘉義市,西區,慶安里,380,231536,609,420,224,766,608.95,99.94
嘉義市,西區,後驛里,520,325944,627,443,207,802,681.85,108.78
嘉義市,西區,福安里,1420,1140688,803,520,256,1025,922.92,114.89
嘉義市,西區,獅子里,846,622690,736,474,256,878,1057.00,143.61
嘉義市,西區,紅瓦里,448,342698,765,470,245,958,1178.19,154.02
嘉義市,西區,保福里,1211,901531,744,502,238,925,941.90,126.52
嘉義市,西區,保生里,1350,1009743,748,492,246,920,878.82,117.50
嘉義市,西區,北新里,344,244776,712,541,245,876,736.16,103.46
嘉義市,西區,育英里,529,446265,844,539,243,1010,975.99,115.69
嘉義市,西區,湖內里,1536,1091599,711,476,223,907,796.69,112.10
嘉義市,西區,美源里,1084,831110,767,482,220,972,951.11,124.05
嘉義市,西區,致遠里,535,411441,769,512,207,1031,819.45,106.55
嘉義市,西區,翠岱里,409,314044,768,476,227,954,1030.13,134.16
嘉義市,西區,自強里,504,429400,852,517,249,1078,939.90,110.32
嘉義市,西區,培元里,475,339032,714,473,216,915,905.02,126.80
嘉義市,西區,車店里,1751,1302844,744,495,225,984,833.77,112.06
嘉義市,西區,光路里,1611,1290348,801,542,256,1000,908.39,113.41
嘉義市,西區,香湖里,221,178713,809,528,279,993,911.81,112.76
嘉義市,西區,湖邊里,667,445681,668,409,187,832,824.72,123.43
嘉義市,西區,重興里,537,370133,689,464,231,850,798.17,115.80
嘉義市,西區,北榮里,668,488406,731,469,229,924,800.21,109.45
嘉義市,西區,新厝里,1225,918926,750,486,237,985,871.41,116.17
嘉義市,西區,竹圍里,1391,992493,714,478,222,901,834.60,116.97
嘉義市,西區,保安里,1064,758655,713,481,228,926,874.48,122.64
嘉義市,西區,北湖里,877,617853,705,503,258,900,697.53,99.01
嘉義市,西區,下埤里,463,320663,693,507,234,894,755.42,109.07
嘉義市,西區,竹村里,317,210424,664,430,254,782,828.13,124.76
嘉義市,西區,書院里,593,475860,802,491,221,923,1047.48,130.53
嘉義市,西區,福全里,1349,999640,741,458,235,882,910.84,122.92
嘉義市,西區,西平里,1072,891252,831,531,247,1050,1062.89,127.84
嘉義市,西區,磚磘里,1125,801467,712,507,227,984,733.87,103.01
嘉義市,西區,劉厝里,2275,1954913,859,546,270,1113,940.52,109.45
嘉義市,西區,港坪里,1118,872468,780,532,242,1024,865.87,110.96
嘉義市,西區,頭港里,565,401742,711,484,242,901,898.04,126.30
嘉義市,西區,大溪里,612,416314,680,465,263,879,716.84,105.38
嘉義市,西區,垂楊里,531,372713,702,434,195,867,880.92,125.50
嘉義市,西區,新西里,519,338393,652,457,208,815,698.11,107.07
嘉義市,西區,福民里,1728,1459318,845,520,238,1083,1044.17,123.64
新竹市,東區,榮光里,119,141235,1187,699,292,1434,1548.51,130.47
新竹市,東區,成功里,223,230400,1033,535,280,1233,1335.90,129.30
新竹市,東區,育賢里,446,1123661,2519,1018,373,3061,4807.50,190.82
新竹市,東區,親仁里,745,1718844,2307,972,364,2564,3660.35,158.65
新竹市,東區,中正里,220,239952,1091,561,216,1306,1377.27,126.27
新竹市,東區,東門里,213,224571,1054,503,262,1148,1441.16,136.69
新竹市,東區,三民里,1932,2550557,1320,664,276,1424,2244.87,170.04
新竹市,東區,文華里,1784,2219458,1244,637,270,1557,1735.39,139.49
新竹市,東區,公園里,1227,2250218,1834,805,326,1991,3673.61,200.31
新竹市,東區,東園里,2524,5364382,2125,1352,522,2900,2419.79,113.85
新竹市,東區,復中里,1673,2448804,1464,664,299,1579,2838.09,193.90
新竹市,東區,東勢里,1780,4578251,2572,1834,678,3367,3459.71,134.51
新竹市,東區,綠水里,2506,5279074,2107,1102,391,2581,3809.21,180.83
新竹市,東區,東山里,1209,1742547,1441,742,318,1737,2361.36,163.83
新竹市,東區,水源里,1137,1099782,967,521,250,1087,1384.34,143.12
新竹市,東區,前溪里,968,887847,917,497,256,1014,1304.07,142.18
新竹市,東區,光復里,1182,2086223,1765,866,377,2248,2390.00,135.41
新竹市,東區,千甲里,698,718473,1029,594,303,1205,1365.08,132.62
新竹市,東區,仙宮里,523,916525,1752,887,350,2354,2382.86,135.97
新竹市,東區,光明里,1227,2881595,2348,1192,427,2873,3637.93,154.91
新竹市,東區,建功里,1529,2741988,1793,938,364,2585,2114.64,117.92
新竹市,東區,金山里,2185,4174953,1911,978,397,2501,2695.33,141.06
新竹市,東區,埔頂里,3484,9878310,2835,2140,812,3885,2795.99,98.61
新竹市,東區,仙水里,1840,3700333,2011,1103,436,2716,2535.87,126.10
新竹市,東區,龍山里,4633,15207850,3283,2496,971,4539,3373.25,102.76
新竹市,東區,新莊里,2208,4158818,1884,1022,381,2450,2484.99,131.93
新竹市,東區,南門里,242,251759,1040,605,237,1129,1656.24,159.20
新竹市,東區,關帝里,137,128501,938,529,289,944,1323.82,141.14
新竹市,東區,寺前里,230,195699,851,515,269,961,955.92,112.35
新竹市,東區,福德里,556,606092,1090,573,270,1199,1524.46,139.85
新竹市,東區,新興里,1164,1224272,1052,567,260,1162,1422.11,135.21
新竹市,東區,南市里,269,219759,817,477,215,1011,1187.05,145.30
新竹市,東區,振興里,2037,2170916,1066,582,266,1217,1473.11,138.22
新竹市,東區,竹蓮里,247,232095,940,595,302,1003,1308.10,139.21
新竹市,東區,南大里,430,412550,959,524,242,1146,1232.02,128.41
新竹市,東區,頂竹里,993,1082681,1090,595,268,1207,1810.06,166.01
新竹市,東區,下竹里,152,127700,840,505,214,1089,943.31,112.28
新竹市,東區,高峰里,2118,3100741,1464,639,279,1606,3137.61,214.32
新竹市,東區,柴橋里,2179,4419469,2028,811,335,2013,4512.96,222.51
新竹市,東區,光鎮里,1330,1384793,1041,567,247,1251,1646.39,158.12
新竹市,東區,豐功里,1773,4863056,2743,1411,460,3611,3854.34,140.52
新竹市,東區,軍功里,974,1471121,1510,756,331,1889,2653.26,175.67
新竹市,東區,武功里,1508,2341837,1553,799,343,2030,1967.99,126.73
新竹市,東區,立功里,243,187914,773,485,221,888,1039.34,134.40
新竹市,東區,關東里,1940,4079742,2103,835,355,2337,3779.46,179.72
新竹市,東區,科園里,2720,7933839,2917,1086,411,2940,10441.14,357.96
新竹市,東區,錦華里,751,1482926,1975,802,340,2027,7342.26,371.84
新竹市,東區,建華里,881,1119771,1271,661,312,1513,1769.32,139.20
新竹市,東區,復興里,1924,2771229,1440,735,311,1796,2157.94,149.82
新竹市,東區,新光里,1222,1140774,934,550,275,1119,1199.39,128.48
新竹市,東區,湖濱里,1329,1910104,1437,708,318,1614,2696.06,187.58
新竹市,東區,明湖里,2030,2489282,1226,593,287,1275,2790.04,227.53
新竹市,東區,關新里,2064,9498030,4602,3542,1641,5977,5285.91,114.87
新竹市,北區,光田里,771,834579,1082,544,275,1170,2613.20,241.41
新竹市,北區,仁德里,241,212186,880,504,242,1145,1219.55,138.52
新竹市,北區,中央里,154,137050,890,531,253,1048,1017.66,114.35
新竹市,北區,西門里,235,268966,1145,588,283,1490,1444.68,126.22
新竹市,北區,興南里,507,656606,1295,597,268,1611,1849.29,142.79
新竹市,北區,潛園里,254,194003,764,473,193,892,1081.93,141.65
新竹市,北區,南勢里,1572,1670582,1063,594,259,1207,1425.90,134.18
新竹市,北區,崇禮里,353,326438,925,559,279,1035,1222.76,132.23
新竹市,北區,石坊里,193,144247,747,448,173,1034,900.65,120.51
新竹市,北區,西雅里,1000,891634,892,540,257,1103,1090.56,122.31
新竹市,北區,曲溪里,1669,1500730,899,503,246,1040,1250.02,139.02
新竹市,北區,客雅里,624,602108,965,555,242,1052,1470.31,152.38
新竹市,北區,中興里,369,699694,1896,1067,366,2886,2187.36,115.36
新竹市,北區,大同里,333,1286355,3863,730,296,1898,37451.71,969.52
新竹市,北區,中山里,361,627901,1739,759,321,2029,2749.18,158.06
新竹市,北區,北門里,362,452390,1250,665,290,1526,1686.06,134.92
新竹市,北區,民富里,1711,1796233,1050,543,257,1197,1531.49,145.88
新竹市,北區,新民里,600,617572,1029,555,258,1256,1409.50,136.94
新竹市,北區,長和里,488,451514,925,559,230,1076,1280.41,138.39
新竹市,北區,文雅里,1507,1711530,1136,577,275,1317,1686.15,148.47
新竹市,北區,舊社里,2283,2570651,1126,561,274,1232,2176.18,193.27
新竹市,北區,湳雅里,1080,1324167,1226,632,253,1379,1915.28,156.21
新竹市,北區,武陵里,1626,1974457,1214,593,276,1325,2352.80,193.76
新竹市,北區,士林里,708,829478,1172,596,267,1299,1617.34,138.05
新竹市,北區,福林里,1400,1762278,1259,601,272,1360,2001.94,159.04
新竹市,北區,古賢里,248,207397,836,593,279,1046,927.09,110.86
新竹市,北區,康樂里,1283,1210574,944,572,275,1166,1234.96,130.88
新竹市,北區,南寮里,1893,1539243,813,520,239,976,1046.36,128.68
新竹市,北區,中寮里,1499,1325053,884,563,279,1048,1360.73,153.94
新竹市,北區,海濱里,1622,1332309,821,544,254,1030,918.36,111.80
新竹市,北區,港北里,733,610146,832,573,284,1006,969.60,116.48
新竹市,北區,舊港里,135,101378,751,460,222,931,970.24,129.20
新竹市,北區,育英里,1293,1417546,1096,590,281,1275,1799.53,164.14
新竹市,北區,水田里,1383,2026376,1465,639,277,1586,3622.37,247.23
新竹市,北區,大鵬里,106,95252,899,786,613,1069,464.41,51.68
新竹市,北區,境福里,1625,1713730,1055,569,281,1176,1450.03,137.50
新竹市,北區,磐石里,1961,2068104,1055,617,267,1262,1347.50,127.77
新竹市,北區,新雅里,1479,1320783,893,489,231,1038,1223.80,137.04
新竹市,北區,光華里,1265,1263913,999,534,251,1110,1851.80,185.34
新竹市,北區,金華里,1969,2462530,1251,665,297,1417,1942.79,155.34
新竹市,北區,金竹里,2311,2708577,1172,603,274,1390,1792.80,152.96
新竹市,北區,湳中里,2772,4209115,1518,803,333,1865,2384.86,157.06
新竹市,北區,金雅里,1487,2021781,1360,821,400,1779,1566.62,115.22
新竹市,北區,台溪里,588,554781,944,523,234,1133,1293.14,137.06
新竹市,北區,中雅里,1353,1781566,1317,781,343,1675,1692.35,128.52
新竹市,香山區,頂埔里,2163,2751069,1272,790,340,1643,1484.23,116.70
新竹市,香山區,中埔里,1097,979058,892,551,249,1138,1087.43,121.84
新竹市,香山區,埔前里,1206,1251949,1038,599,285,1286,1260.72,121.44
新竹市,香山區,牛埔里,1829,2005393,1096,638,298,1325,1578.20,143.94
新竹市,香山區,樹下里,737,517913,703,460,232,869,823.45,117.18
新竹市,香山區,浸水里,823,646785,786,522,243,1003,896.28,114.05
新竹市,香山區,虎林里,821,731860,891,503,254,1003,1296.15,145.40
新竹市,香山區,虎山里,1844,1255783,681,452,232,834,770.33,113.12
新竹市,香山區,港南里,861,654740,760,528,259,942,1039.45,136.69
新竹市,香山區,香村里,1402,1760052,1255,616,303,1338,2112.19,168.25
新竹市,香山區,東香里,1604,2440558,1522,799,341,1882,2152.70,141.48
新竹市,香山區,香山里,1606,1442637,898,533,260,1087,1147.37,127.73
新竹市,香山區,大庄里,1044,920964,882,528,248,1042,1241.74,140.76
新竹市,香山區,美山里,354,262382,741,462,249,813,1001.91,135.17
新竹市,香山區,朝山里,767,549759,717,477,242,828,854.00,119.15
新竹市,香山區,海山里,748,572557,765,469,241,908,943.78,123.30
新竹市,香山區,鹽水里,510,407746,800,527,263,971,885.28,110.73
新竹市,香山區,南港里,240,188589,786,518,250,873,984.75,125.32
新竹市,香山區,內湖里,1461,1290135,883,502,243,977,1346.80,152.52
新竹市,香山區,中隘里,654,601072,919,469,248,954,1905.65,207.35
新竹市,香山區,南隘里,247,245005,992,507,238,1049,1354.69,136.57
新竹市,香山區,大湖里,278,196902,708,482,268,895,758.55,107.10
新竹市,香山區,茄苳里,295,216481,734,463,216,778,1065.01,145.13
新竹市,香山區,頂福里,1710,2032690,1189,706,313,1557,1398.72,117.67
