縣市,鄉鎮市區,村里,納稅單位,綜合所得總額,平均數,中位數,第一分位數,第三分位數,標準差,變異係數
台北市,松山區,中崙里,1470,2758818,1877,857,382,2009,7436.57,396.25
台北市,松山區,自強里,3086,4489567,1455,700,316,1714,4308.61,296.16
台北市,松山區,鵬程里,1651,2101529,1273,643,284,1468,1809.43,142.15
台北市,松山區,東榮里,2870,4951999,1725,878,376,2031,2952.78,171.13
台北市,松山區,介壽里,1538,2393411,1556,860,350,1881,2195.27,141.07
台北市,松山區,東勢里,1593,2220764,1394,734,310,1679,2270.81,162.89
台北市,松山區,東光里,2538,3384784,1334,699,312,1543,2238.90,167.88
台北市,松山區,中正里,3495,6656986,1905,1021,416,2267,3621.05,190.11
台北市,松山區,復盛里,2181,2362484,1083,629,289,1272,1500.79,138.55
台北市,松山區,復勢里,2383,3335209,1400,802,350,1667,2049.83,146.46
台北市,松山區,美仁里,1232,1924298,1562,860,383,1889,2165.95,138.67
台北市,松山區,吉仁里,1403,2027280,1445,808,349,1858,1858.33,128.61
台北市,松山區,精忠里,1567,2618987,1671,863,340,1788,4797.65,287.05
台北市,松山區,東昌里,892,1606335,1801,934,373,1967,5342.03,296.64
台北市,松山區,福成里,950,1676739,1765,892,396,1969,2863.83,162.26
台北市,松山區,中華里,2360,12426966,5266,984,428,2329,162939.40,3094.38
台北市,松山區,吉祥里,3010,3805439,1264,702,312,1515,1924.76,152.24
台北市,松山區,新東里,1746,2102713,1204,682,295,1463,2207.71,183.32
台北市,松山區,三民里,2483,3210560,1293,716,308,1511,1966.65,152.10
台北市,松山區,復建里,1632,2440401,1495,827,377,1918,1888.10,126.27
台北市,松山區,敦化里,2438,3517928,1443,808,345,1777,2168.43,150.28
台北市,松山區,安平里,2964,3138907,1059,616,286,1243,1719.53,162.37
台北市,松山區,富錦里,1849,2331522,1261,684,307,1550,1695.34,134.45
台北市,松山區,莊敬里,1638,1647528,1006,636,311,1267,1682.28,167.25
台北市,松山區,新益里,1632,1779714,1091,637,286,1364,1573.59,144.30
台北市,松山區,富泰里,1671,2055168,1230,704,303,1609,1588.93,129.19
台北市,松山區,龍田里,3726,6419927,1723,1003,410,2227,2383.43,138.33
台北市,松山區,慈祐里,2644,2703820,1023,592,258,1238,1431.48,139.98
台北市,松山區,復源里,1152,1753325,1522,804,343,1831,2831.16,186.02
台北市,松山區,民福里,2199,2299484,1046,600,274,1238,1658.68,158.62
台北市,松山區,松基里,1330,3136639,2358,789,347,1802,25446.67,1078.99
台北市,松山區,新聚里,2856,3250196,1138,667,294,1364,1525.39,134.04
台北市,松山區,民有里,3415,5950397,1742,832,375,1894,4264.81,244.76
台北市,大安區,建安里,1801,3297683,1831,929,383,1928,4426.78,241.76
台北市,大安區,通安里,1873,2399487,1281,634,287,1436,2094.72,163.51
台北市,大安區,民輝里,2580,5201949,2016,861,359,2054,4122.19,204.45
台北市,大安區,德安里,2018,3585086,1777,848,352,2012,2971.69,167.27
台北市,大安區,敦安里,2300,4672448,2031,950,406,2215,3723.52,183.29
台北市,大安區,光明里,1347,2889579,2145,1046,423,2317,7099.85,330.97
台北市,大安區,永康里,1305,2155169,1651,883,380,1816,3944.30,238.84
台北市,大安區,福住里,2263,4307604,1903,982,412,2105,4171.85,219.17
台北市,大安區,仁愛里,1940,4777077,2462,1020,415,2417,8726.23,354.38
台北市,大安區,義村里,1996,2755296,1380,692,304,1573,2752.53,199.40
台北市,大安區,臥龍里,726,1435529,1977,910,360,2201,5156.78,260.80
台北市,大安區,通化里,2116,2566048,1213,667,299,1382,2224.07,183.40
台北市,大安區,龍生里,2425,4360332,1798,928,392,2148,3237.94,180.08
台北市,大安區,新龍里,2409,3868753,1606,909,366,2019,2479.04,154.37
台北市,大安區,住安里,1770,2632656,1487,703,286,1570,4245.80,285.46
台北市,大安區,錦泰里,1338,2340249,1749,1056,394,2294,2310.47,132.10
台北市,大安區,建倫里,2289,4486250,1960,963,370,2217,5275.94,269.19
台北市,大安區,錦華里,2136,3613244,1692,1027,400,2209,2107.40,124.58
台北市,大安區,光武里,2715,4037544,1487,788,344,1679,3820.27,256.89
台北市,大安區,仁慈里,1946,3798355,1952,965,399,2230,4491.54,230.11
台北市,大安區,黎孝里,2627,2841193,1082,650,296,1316,1411.84,130.54
台北市,大安區,民炤里,3035,5471299,1803,939,382,2184,2960.09,164.20
台北市,大安區,昌隆里,1210,1972461,1630,864,340,1927,2376.77,145.80
台北市,大安區,黎和里,1693,2137608,1263,699,311,1607,1665.80,131.93
台北市,大安區,龍雲里,1741,2645030,1519,777,340,1767,2267.90,149.28
台北市,大安區,芳和里,1953,2386173,1222,625,289,1373,2583.74,211.47
台北市,大安區,龍安里,2362,4928475,2087,998,370,2286,6440.17,308.65
台北市,大安區,義安里,2012,3796028,1887,899,373,2021,3366.81,178.45
台北市,大安區,虎嘯里,1463,2383701,1629,830,328,1914,2669.71,163.85
台北市,大安區,龍淵里,3211,5151197,1604,916,377,1982,2342.64,146.03
台北市,大安區,龍坡里,2030,3376770,1663,903,377,2172,2248.85,135.19
台北市,大安區,龍門里,1564,2982067,1907,1079,422,2275,2774.91,145.54
台北市,大安區,敦煌里,2201,3983460,1810,955,391,2097,3069.09,169.58
台北市,大安區,群賢里,2095,3129050,1494,755,324,1708,2164.84,144.94
台北市,大安區,車層里,2298,3847042,1674,848,340,1956,3066.89,183.20
台北市,大安區,光信里,2637,4437338,1683,840,363,1849,4348.43,258.42
台北市,大安區,和安里,2359,4769634,2022,946,359,2221,6746.67,333.68
台北市,大安區,正聲里,1697,3040228,1792,835,353,1805,4278.65,238.83
台北市,大安區,誠安里,1462,1904589,1303,717,296,1565,1959.03,150.38
台北市,大安區,華聲里,1487,2375022,1597,774,306,1713,5284.14,330.84
台北市,大安區,臨江里,1363,1279774,939,533,266,1151,1319.25,140.50
台北市,大安區,龍陣里,1282,2155085,1681,813,357,1864,3114.78,185.29
台北市,大安區,龍圖里,2525,4200015,1663,799,351,1841,2833.21,170.33
台北市,大安區,古莊里,2790,4144799,1486,847,352,1842,1993.49,134.19
台北市,大安區,錦安里,2127,4417984,2077,1051,424,2349,4539.05,218.53
台北市,大安區,大學里,3157,4907466,1554,811,342,1823,2468.32,158.79
台北市,大安區,古風里,1565,2691601,1720,848,363,2034,5704.05,331.66
台北市,大安區,全安里,1607,3061158,1905,864,343,2147,3914.70,205.51
台北市,大安區,黎元里,1729,1515667,877,556,272,1131,1027.23,117.18
台北市,大安區,法治里,1662,2069211,1245,692,315,1433,1928.85,154.93
台北市,大安區,龍泉里,1817,2663786,1466,852,317,1887,1835.88,125.23
台北市,大安區,群英里,2510,3114316,1241,679,287,1563,1785.14,143.87
台北市,大安區,學府里,645,694815,1077,607,268,1370,1302.96,120.95
台北市,中正區,南門里,926,1873652,2023,780,322,1751,8161.62,403.37
台北市,中正區,龍興里,1066,1181724,1109,660,305,1431,1486.77,134.12
台北市,中正區,愛國里,1127,1454720,1291,738,319,1593,1687.26,130.72
台北市,中正區,龍光里,1106,1581164,1430,815,352,1716,2628.96,183.89
台北市,中正區,河堤里,1678,2011892,1199,669,298,1463,1506.08,125.61
台北市,中正區,龍福里,1763,2442367,1385,847,341,1716,1750.57,126.36
台北市,中正區,螢雪里,1423,1429803,1005,607,299,1224,1206.33,120.06
台北市,中正區,永昌里,1449,1225481,846,521,249,1027,1042.93,123.31
台北市,中正區,文盛里,969,1336740,1380,745,311,1718,2228.14,161.52
台北市,中正區,忠勤里,1675,1084592,648,411,195,809,927.45,143.23
台北市,中正區,永功里,2044,2333363,1142,660,302,1401,1536.36,134.58
台北市,中正區,螢圃里,2017,2376101,1178,656,301,1404,1761.21,149.50
台北市,中正區,幸市里,1710,3065818,1793,905,387,2133,3004.03,167.55
台北市,中正區,文祥里,2843,5918001,2082,1030,408,2233,15970.31,767.21
台北市,中正區,黎明里,1152,1516183,1316,759,286,1534,1949.14,148.10
台北市,中正區,建國里,579,998592,1725,1031,378,2095,2757.77,159.90
台北市,中正區,光復里,1426,1937080,1358,727,336,1631,2248.27,165.51
台北市,中正區,東門里,1333,2491119,1869,971,418,2136,3087.70,165.22
台北市,中正區,板溪里,1255,1563721,1246,720,310,1487,1919.55,154.06
台北市,中正區,文北里,2114,4752574,2248,1001,423,2324,5704.82,253.76
台北市,中正區,梅花里,1223,2119967,1733,827,345,1968,6062.15,349.72
台北市,中正區,廈安里,1426,1788225,1254,780,343,1553,1518.37,121.08
台北市,中正區,網溪里,2066,2675992,1295,736,329,1561,1950.59,150.60
台北市,中正區,林興里,1722,2385196,1385,770,325,1599,2081.77,150.29
台北市,中正區,幸福里,1811,2867081,1583,809,337,1736,2902.29,183.32
台北市,中正區,水源里,1060,1211635,1143,677,321,1340,1596.48,139.67
台北市,中正區,富水里,803,1024478,1276,750,345,1598,1591.54,124.75
台北市,中正區,頂東里,2177,2711335,1245,718,319,1442,1803.46,144.80
台北市,中正區,新營里,2955,5330358,1804,1097,429,2301,2375.73,131.70
台北市,中正區,南福里,4058,7313567,1802,1020,410,2228,2859.32,158.65
台北市,中正區,三愛里,3148,5456253,1733,916,352,2056,2916.69,168.28
台北市,萬華區,柳鄉里,1362,928693,682,439,207,838,836.46,122.67
台北市,萬華區,雙園里,1498,1482433,990,571,253,1205,1324.76,133.87
台北市,萬華區,糖廍里,1665,1492234,896,545,267,1093,1338.87,149.39
台北市,萬華區,西門里,1203,1248518,1038,587,258,1242,1706.32,164.41
台北市,萬華區,仁德里,1746,2030238,1163,646,298,1382,1756.81,151.09
台北市,萬華區,新起里,2504,2838026,1133,649,288,1392,1547.32,136.52
台北市,萬華區,日善里,1081,894131,827,504,224,982,1538.65,186.02
台北市,萬華區,菜園里,1948,1835790,942,580,262,1144,1242.16,131.81
台北市,萬華區,頂碩里,2159,1834113,850,510,244,1022,1528.86,179.97
台北市,萬華區,福音里,1359,1233767,908,579,263,1140,1096.75,120.81
台北市,萬華區,華中里,1768,1446356,818,471,236,954,1440.51,176.09
台北市,萬華區,青山里,1672,1527594,914,511,249,1062,1327.47,145.30
台北市,萬華區,新和里,2707,2503399,925,554,262,1111,1262.58,136.53
台北市,萬華區,新安里,1642,1181137,719,452,231,866,941.27,130.85
台北市,萬華區,富民里,1516,1312183,866,548,254,1112,1000.52,115.59
台北市,萬華區,富福里,1473,1355765,920,537,250,1087,1323.87,143.83
台北市,萬華區,綠堤里,1043,626481,601,415,218,765,626.24,104.26
台北市,萬華區,忠貞里,1218,864808,710,447,213,861,843.70,118.83
台北市,萬華區,日祥里,1825,1499860,822,503,239,1006,1049.41,127.69
台北市,萬華區,忠德里,1351,1120326,829,521,237,1032,1094.84,132.03
台北市,萬華區,孝德里,1007,773300,768,480,241,903,939.85,122.39
台北市,萬華區,保德里,982,991282,1009,512,252,1085,2412.92,239.03
台北市,萬華區,全德里,1329,1360221,1023,603,286,1260,1508.25,147.36
台北市,萬華區,興德里,1160,909118,784,495,236,952,1071.46,136.71
台北市,萬華區,壽德里,1553,1380238,889,523,243,1085,1139.39,128.20
台北市,萬華區,凌霄里,1025,729888,712,465,233,929,817.72,114.83
台北市,萬華區,和平里,1817,1315465,724,467,227,922,902.52,124.66
台北市,萬華區,騰雲里,1004,953018,949,563,274,1041,1385.55,145.97
台北市,萬華區,榮德里,967,704428,728,470,223,919,1069.75,146.85
台北市,萬華區,福星里,1660,1609935,970,530,231,1114,1465.00,151.06
台北市,萬華區,和德里,1624,1212249,746,472,227,896,943.94,126.46
台北市,萬華區,萬壽里,987,1059706,1074,580,248,1257,1560.64,145.36
台北市,萬華區,銘德里,1378,1128165,819,501,250,980,1311.36,160.18
台北市,萬華區,華江里,2499,1779819,712,475,230,871,847.54,119.00
台北市,萬華區,錦德里,1627,1257724,773,478,244,964,935.04,120.96
台北市,萬華區,新忠里,1028,978206,952,560,271,1134,1343.58,141.20
台北市,大同區,建泰里,1316,1657006,1259,665,297,1380,2112.71,167.79
台北市,大同區,建明里,1220,1180692,968,569,237,1204,1299.97,134.33
台北市,大同區,雙連里,3003,3254322,1084,632,291,1325,1543.25,142.41
台北市,大同區,建功里,1599,1782891,1115,611,285,1299,1622.50,145.52
台北市,大同區,景星里,665,513715,773,492,243,917,1040.60,134.70
台北市,大同區,星明里,2018,2284237,1132,667,282,1345,1562.46,138.04
台北市,大同區,朝陽里,1600,1752535,1095,587,277,1231,1812.40,165.47
台北市,大同區,大有里,1589,1641852,1033,581,268,1207,1593.96,154.26
台北市,大同區,斯文里,1649,1492300,905,507,238,1073,1284.68,141.96
台北市,大同區,揚雅里,1093,1009459,924,496,249,1030,1563.86,169.33
台北市,大同區,國順里,931,736028,791,467,225,1003,990.54,125.29
台北市,大同區,國慶里,1640,1902891,1160,641,300,1365,1661.93,143.23
台北市,大同區,隆和里,1254,1305358,1041,614,271,1326,1293.66,124.28
台北市,大同區,南芳里,1382,1361430,985,579,259,1247,1287.77,130.72
台北市,大同區,鄰江里,2093,1726058,825,498,233,1002,1048.97,127.20
台北市,大同區,玉泉里,1037,1210093,1167,628,300,1370,1597.46,136.90
台北市,大同區,光能里,1814,2097361,1156,601,296,1298,2617.16,226.36
台北市,大同區,重慶里,2289,2422840,1058,626,286,1314,1595.46,150.73
台北市,大同區,至聖里,2727,2629866,964,547,260,1126,1668.29,172.99
台北市,大同區,老師里,1853,1506657,813,510,254,1013,1016.64,125.03
台北市,大同區,蓬萊里,1762,2081861,1182,584,268,1328,2264.27,191.64
台北市,大同區,民權里,2298,2772224,1206,713,313,1491,1598.20,132.48
台北市,大同區,延平里,1333,1221615,916,543,251,1119,1171.99,127.88
台北市,大同區,永樂里,1876,2352727,1254,629,286,1324,2123.68,169.34
台北市,大同區,保安里,1528,1476545,966,574,270,1099,1516.62,156.95
台北市,中山區,聚盛里,1385,1309844,946,518,230,1118,1358.08,143.60
台北市,中山區,大佳里,248,194554,784,459,264,817,1084.82,138.28
台北市,中山區,恆安里,1933,2653662,1373,743,299,1589,2326.48,169.47
台北市,中山區,集英里,2483,3065688,1235,668,299,1494,1827.69,148.03
台北市,中山區,正守里,1255,1590345,1267,737,325,1515,1745.72,137.76
台北市,中山區,正義里,1867,1805330,967,586,253,1114,1461.20,151.11
台北市,中山區,新生里,1600,1563999,977,580,257,1218,1383.47,141.53
台北市,中山區,松江里,2305,3219324,1397,683,304,1536,3481.55,249.27
台北市,中山區,江山里,2819,3598124,1276,674,311,1508,2150.80,168.51
台北市,中山區,中山里,2803,3088719,1102,624,281,1245,1691.20,153.48
台北市,中山區,成功里,2584,6202553,2400,1088,452,2570,6911.10,287.92
台北市,中山區,下埤里,2786,3143457,1128,649,284,1367,1690.37,149.81
台北市,中山區,中原里,1881,2500278,1329,688,304,1484,2232.07,167.92
台北市,中山區,新庄里,1639,1366739,834,501,245,996,1167.43,140.00
台北市,中山區,江寧里,2599,3433927,1321,735,323,1635,1793.18,135.72
台北市,中山區,復華里,1784,2860944,1604,816,344,1855,2611.62,162.85
台北市,中山區,興亞里,2238,3283924,1467,705,290,1629,2471.42,168.43
台北市,中山區,朱園里,1904,3208633,1685,826,369,1671,3852.94,228.63
台北市,中山區,中央里,1367,1808771,1323,700,289,1523,2151.86,162.63
台北市,中山區,新福里,1803,2057904,1141,603,270,1249,2391.97,209.57
台北市,中山區,中庄里,1805,1918327,1063,573,251,1225,2172.54,204.42
台北市,中山區,康樂里,1017,1197673,1178,657,255,1380,1875.87,159.29
台北市,中山區,行政里,2077,1972596,950,533,245,1171,1356.66,142.85
台北市,中山區,聚葉里,1445,1619073,1120,610,278,1289,1933.94,172.60
台北市,中山區,正得里,1491,2056034,1379,722,321,1548,3523.63,255.53
台北市,中山區,中吉里,2127,3032101,1426,742,324,1623,2765.90,194.03
台北市,中山區,新喜里,1732,1637561,945,571,249,1206,1184.56,125.29
台北市,中山區,埤頭里,1249,1722646,1379,638,285,1332,6842.22,496.09
台北市,中山區,大直里,3062,3699988,1208,724,319,1485,1582.57,130.97
台北市,中山區,劍潭里,1161,1458281,1256,665,331,1429,2281.56,181.64
台北市,中山區,力行里,2420,3860757,1595,776,345,1758,3216.02,201.59
台北市,中山區,朱崙里,1170,1775140,1517,754,317,1609,2657.36,175.15
台北市,中山區,晴光里,2113,2708267,1282,618,285,1322,3053.37,238.22
台北市,中山區,永安里,3539,6987327,1974,959,403,2239,3929.03,199.00
台北市,中山區,圓山里,1482,1516788,1023,632,284,1275,1464.34,143.08
台北市,中山區,民安里,1702,1966417,1155,629,269,1336,1679.99,145.41
台北市,中山區,行孝里,1548,1511694,977,592,265,1217,1485.82,152.15
台北市,中山區,龍洲里,1811,2249811,1242,687,316,1468,2726.89,219.50
台北市,中山區,行仁里,2569,2258574,879,531,251,1108,1082.70,123.15
台北市,中山區,朱馥里,1971,2245779,1139,610,276,1389,1606.59,141.00
台北市,中山區,金泰里,2989,7358250,2462,993,400,2333,9338.74,379.35
台北市,中山區,北安里,879,995242,1132,664,301,1419,1402.17,123.84
台北市,文山區,景美里,1799,2188578,1217,734,335,1505,1653.24,135.90
台北市,文山區,景行里,2661,3151030,1184,720,302,1463,2423.43,204.65
台北市,文山區,景仁里,2145,2873333,1340,771,343,1642,2174.12,162.30
台北市,文山區,萬有里,1952,2377304,1218,715,318,1500,2424.45,199.07
台北市,文山區,景慶里,2110,2155162,1021,626,291,1290,1259.54,123.32
台北市,文山區,萬隆里,2460,2813908,1144,709,310,1463,1384.69,121.05
台北市,文山區,萬祥里,1598,1591140,996,594,284,1252,1293.29,129.89
台北市,文山區,萬年里,1899,2081098,1096,664,283,1370,1562.48,142.58
台北市,文山區,萬盛里,1701,1827904,1075,683,322,1362,1208.27,112.44
台北市,文山區,萬和里,1226,1739857,1419,815,359,1730,1948.34,137.29
台北市,文山區,興福里,1854,1928919,1040,615,287,1276,1411.80,135.70
台北市,文山區,興得里,2150,2200408,1023,610,298,1275,1272.15,124.30
台北市,文山區,興豐里,1716,2290199,1335,712,301,1613,1849.12,138.55
台北市,文山區,興旺里,2957,3071264,1039,617,300,1281,1538.28,148.10
台北市,文山區,興光里,1435,1864375,1299,677,328,1568,1945.41,149.74
台北市,文山區,興安里,2396,3196275,1334,704,315,1557,2108.87,158.09
台北市,文山區,興昌里,2340,3040240,1299,731,304,1596,1893.31,145.72
台北市,文山區,興泰里,1478,1679817,1137,690,307,1454,1400.27,123.20
台北市,文山區,興業里,1821,1926035,1058,653,300,1300,1324.60,125.24
台北市,文山區,景東里,2376,2572700,1083,643,291,1349,1546.58,142.83
台北市,文山區,景華里,1895,2155455,1137,679,308,1425,1422.32,125.04
台北市,文山區,興家里,2547,2398093,942,611,288,1161,1397.07,148.38
台北市,文山區,萬芳里,2748,2945120,1072,627,277,1281,1541.09,143.79
台北市,文山區,木柵里,3439,4992277,1452,745,325,1671,2343.28,161.42
台北市,文山區,博嘉里,1943,2342482,1206,631,286,1407,2039.97,169.21
台北市,文山區,樟腳里,1861,2475593,1330,660,304,1452,2380.93,178.98
台北市,文山區,老泉里,212,122614,578,421,195,728,657.87,113.75
台北市,文山區,木新里,3023,2956107,978,556,248,1140,1615.84,165.24
台北市,文山區,指南里,1345,1619194,1204,633,290,1516,1901.87,157.98
台北市,文山區,華興里,3051,4117100,1349,714,293,1614,2259.28,167.42
台北市,文山區,順興里,2399,2400469,1001,572,266,1199,1389.41,138.86
台北市,文山區,萬興里,2908,3954843,1360,684,317,1624,2183.44,160.55
台北市,文山區,明興里,2364,2312913,978,590,282,1259,1395.49,142.63
台北市,文山區,明義里,1109,1019933,920,469,216,985,1432.23,155.73
台北市,文山區,試院里,2364,2730375,1155,659,292,1413,1670.83,144.66
台北市,文山區,樟新里,1948,2388582,1226,673,297,1446,1945.42,158.66
台北市,文山區,樟林里,2857,2917500,1021,613,285,1269,1648.78,161.46
台北市,文山區,忠順里,1532,1972809,1288,712,339,1516,2622.58,203.66
台北市,文山區,萬美里,2446,3017721,1234,565,277,1370,2345.28,190.10
台北市,文山區,興邦里,1811,1959688,1082,660,308,1346,1428.09,131.97
台北市,文山區,樟樹里,1517,1577756,1040,594,270,1244,2749.43,264.36
台北市,文山區,政大里,2747,4857348,1768,1044,419,2281,2283.54,129.14
台北市,文山區,樟文里,2001,2084844,1042,657,296,1336,1358.81,130.42
台北市,南港區,南港里,2119,2326055,1098,626,283,1279,1594.21,145.23
台北市,南港區,三重里,3037,6956481,2291,1099,448,2590,5004.29,218.47
台北市,南港區,新富里,1284,1189922,927,539,270,1080,1327.60,143.26
台北市,南港區,中研里,3309,3605098,1089,640,283,1340,1517.42,139.28
台北市,南港區,鴻福里,1573,1560784,992,604,276,1209,1398.10,140.90
台北市,南港區,東新里,2365,2290907,969,560,263,1159,1316.97,135.96
台北市,南港區,西新里,1575,1407489,894,541,272,1080,1235.51,138.26
台北市,南港區,新光里,1215,1384468,1139,555,291,1247,2370.01,207.99
台北市,南港區,百福里,1706,1522676,893,590,279,1113,1001.76,112.24
台北市,南港區,玉成里,1640,1555613,949,575,274,1187,1172.67,123.63
台北市,南港區,成福里,2513,2596855,1033,578,282,1190,2280.60,220.70
台北市,南港區,中南里,1116,867408,777,472,238,928,1008.05,129.69
台北市,南港區,舊莊里,2823,2162305,766,484,239,930,959.19,125.23
台北市,南港區,九如里,2040,1881055,922,549,255,1137,1930.94,209.41
台北市,南港區,東明里,2142,2379373,1111,586,265,1279,1694.08,152.51
台北市,南港區,合成里,2182,2699191,1237,628,276,1287,2375.48,192.03
台北市,南港區,聯成里,1617,1459377,903,557,260,1127,1062.01,117.67
台北市,南港區,萬福里,1568,1794556,1144,643,303,1317,1732.41,151.37
台北市,南港區,仁福里,1849,1976491,1069,631,306,1334,1324.16,123.87
台北市,南港區,重陽里,2315,4054460,1751,900,384,2147,2603.27,148.64
台北市,內湖區,紫陽里,3169,4144222,1308,745,334,1568,2073.41,158.55
台北市,內湖區,紫星里,2740,2938548,1072,638,299,1308,1482.61,138.24
台北市,內湖區,湖興里,2795,2997913,1073,638,289,1366,1334.95,124.46
台北市,內湖區,大湖里,2061,2818656,1368,733,341,1563,2415.03,176.59
台北市,內湖區,紫雲里,1972,2146688,1089,618,283,1311,1579.89,145.13
台北市,內湖區,瑞陽里,2786,3450347,1238,671,314,1522,1936.36,156.35
台北市,內湖區,清白里,3335,5481091,1644,826,353,1984,2612.65,158.97
台北市,內湖區,港墘里,2147,2665657,1242,747,330,1544,1751.19,141.05
台北市,內湖區,西湖里,2480,2405489,970,595,284,1181,1295.33,133.55
台北市,內湖區,石潭里,1600,2296524,1435,709,304,1639,2866.36,199.70
台北市,內湖區,葫洲里,2688,3935245,1464,816,356,1829,1941.67,132.63
台北市,內湖區,五分里,3486,3507674,1006,645,313,1308,1146.76,113.97
台北市,內湖區,內湖里,2510,3305748,1317,682,293,1482,2178.53,165.41
台北市,內湖區,週美里,3455,6139447,1777,812,341,2016,3070.20,172.78
台北市,內湖區,內溝里,1638,1614260,986,588,272,1244,1304.47,132.37
台北市,內湖區,碧山里,2390,2706152,1132,617,287,1421,1848.84,163.28
台北市,內湖區,瑞光里,1577,1595767,1012,647,287,1252,1210.73,119.65
台北市,內湖區,金龍里,1842,1874816,1018,581,275,1171,1451.82,142.64
台北市,內湖區,行善里,2574,2840083,1103,649,294,1382,1708.33,154.83
台北市,內湖區,湖濱里,3090,4626213,1497,776,332,1687,3003.41,200.61
台北市,內湖區,東湖里,2805,2669285,952,579,286,1130,1351.05,141.97
台北市,內湖區,樂康里,2714,2520316,929,608,291,1214,1073.30,115.58
台北市,內湖區,西安里,2443,2712972,1111,660,308,1387,1495.05,134.63
台北市,內湖區,西康里,3639,5186332,1425,774,344,1618,2479.83,174.00
台北市,內湖區,港富里,3304,4350594,1317,713,319,1494,2616.33,198.69
台北市,內湖區,港華里,3253,4315636,1327,722,335,1534,2444.47,184.26
台北市,內湖區,港都里,1941,2433498,1254,749,342,1533,1644.14,131.14
台北市,內湖區,金瑞里,2340,2501418,1069,639,298,1312,1757.96,164.45
台北市,內湖區,湖元里,2484,2434221,980,590,283,1153,1421.55,145.06
台北市,內湖區,安湖里,2733,3088843,1130,654,309,1401,1664.27,147.25
台北市,內湖區,秀湖里,2400,3492055,1455,713,321,1593,3056.63,210.07
台北市,內湖區,安泰里,1762,1504560,854,554,277,1102,939.13,109.98
台北市,內湖區,金湖里,3764,8392666,2230,1053,438,2574,4907.82,220.11
台北市,內湖區,康寧里,3031,3908454,1289,724,344,1629,1712.61,132.81
台北市,內湖區,明湖里,1907,2104975,1104,668,306,1445,1369.05,124.03
台北市,內湖區,蘆洲里,374,271597,726,480,277,827,866.86,119.37
台北市,內湖區,麗山里,2051,2672927,1303,717,335,1509,2301.63,176.61
台北市,內湖區,寶湖里,3914,9108031,2327,1191,471,2727,5518.86,237.16
台北市,內湖區,南湖里,2138,3642558,1704,979,398,2072,2272.83,133.40
台北市,士林區,仁勇里,1297,1193588,920,534,249,1147,1489.75,161.88
台北市,士林區,福林里,1063,1540118,1449,671,296,1468,3309.49,228.42
台北市,士林區,福志里,2752,3401843,1236,680,294,1475,1901.80,153.85
台北市,士林區,福德里,1549,1693024,1093,644,301,1384,1636.95,149.77
台北市,士林區,福佳里,2738,3355083,1225,647,293,1430,1804.81,147.29
台北市,士林區,舊佳里,2131,2357137,1106,623,272,1314,1533.05,138.60
台北市,士林區,富光里,1784,1279857,717,461,229,926,828.89,115.54
台北市,士林區,後港里,2697,2738632,1015,587,289,1238,1373.07,135.22
台北市,士林區,前港里,1494,1560928,1045,621,284,1265,1527.96,146.24
台北市,士林區,福中里,2192,2273517,1037,584,278,1260,1446.57,139.47
台北市,士林區,葫蘆里,2289,1990280,869,541,261,1107,1034.88,119.02
台北市,士林區,福順里,1661,1298490,782,480,238,959,988.30,126.42
台北市,士林區,葫東里,1292,1133885,878,533,258,1039,1161.89,132.39
台北市,士林區,社新里,2668,2087194,782,479,240,964,1099.25,140.51
台北市,士林區,社子里,1986,1692622,852,516,243,1056,1113.59,130.66
台北市,士林區,永倫里,2151,1686860,784,493,243,953,1033.41,131.78
台北市,士林區,翠山里,973,1060937,1090,587,274,1277,1616.65,148.27
台北市,士林區,福安里,1382,1014440,734,441,218,874,1153.49,157.14
台北市,士林區,富洲里,1846,1362921,738,472,245,877,938.16,127.07
台北市,士林區,承德里,2059,2268196,1102,628,289,1353,1489.19,135.18
台北市,士林區,蘭雅里,3145,4211805,1339,723,314,1488,3462.36,258.54
台北市,士林區,德行里,1620,2086982,1288,688,295,1490,1994.80,154.84
台北市,士林區,忠誠里,1974,2751837,1394,628,281,1450,2892.95,207.52
台北市,士林區,三玉里,2151,3253935,1513,713,313,1534,3579.32,236.61
台北市,士林區,芝山里,2685,3748222,1396,698,300,1523,2821.37,202.11
台北市,士林區,岩山里,1159,1424219,1229,645,298,1381,2375.64,193.32
台北市,士林區,義信里,1080,1405430,1301,629,295,1336,2634.80,202.47
台北市,士林區,永福里,417,1443021,3460,803,317,1644,23258.45,672.12
台北市,士林區,新安里,658,966246,1468,540,269,1287,4253.65,289.67
台北市,士林區,公館里,394,515011,1307,526,255,1012,3756.44,287.38
台北市,士林區,陽明里,964,1437515,1491,595,280,1363,4146.38,278.06
台北市,士林區,菁山里,449,591520,1317,496,239,929,10971.86,832.83
台北市,士林區,平等里,424,359042,847,495,269,959,1658.59,195.87
台北市,士林區,溪山里,391,364588,932,459,230,908,2286.16,245.18
台北市,士林區,百齡里,2184,1945727,891,570,275,1181,1025.98,115.16
台北市,士林區,天玉里,3120,4880454,1564,811,347,1784,2764.89,176.76
台北市,士林區,天福里,2189,3017444,1378,732,313,1567,3264.04,236.79
台北市,士林區,天祿里,1870,2538526,1358,742,346,1634,2227.44,164.08
台北市,士林區,天壽里,1828,3235389,1770,895,391,1960,3931.73,222.14
台北市,士林區,東山里,1708,2188719,1281,696,307,1442,2259.01,176.29
台北市,士林區,福華里,1807,1463217,810,507,240,979,1363.54,168.39
台北市,士林區,聖山里,1807,2484552,1375,734,337,1601,2019.86,146.90
台北市,士林區,天和里,2652,4041846,1524,791,337,1693,4715.21,309.38
台北市,士林區,明勝里,1704,1684901,989,578,274,1211,1285.18,129.97
台北市,士林區,社園里,2142,1631363,762,482,247,972,869.31,114.14
台北市,士林區,蘭興里,2279,3076555,1350,734,340,1608,1848.78,136.95
台北市,士林區,天母里,2468,5270803,2136,833,360,1900,10421.46,487.97
台北市,士林區,名山里,2597,3241455,1248,687,327,1539,1632.97,130.83
台北市,士林區,德華里,1941,1956603,1008,632,268,1234,1293.64,128.33
台北市,士林區,天山里,2469,3478948,1409,705,306,1634,2509.83,178.12
台北市,士林區,臨溪里,1073,2084145,1942,802,329,1904,4809.15,247.59
台北市,北投區,湖山里,450,467548,1039,554,253,1145,1588.84,152.92
台北市,北投區,永欣里,3056,6108000,1999,1034,394,2450,2842.11,142.20
台北市,北投區,泉源里,695,578451,832,473,239,898,2060.42,247.56
台北市,北投區,一德里,2466,2475610,1004,612,280,1256,1258.72,125.38
台北市,北投區,關渡里,3597,3580343,995,554,260,1151,1497.01,150.40
台北市,北投區,桃源里,2060,1914812,930,576,275,1134,1232.08,132.55
台北市,北投區,文化里,1342,1422896,1060,605,275,1303,2058.23,194.12
台北市,北投區,永和里,3381,4532211,1340,722,309,1545,2247.50,167.66
台北市,北投區,立農里,3121,3442648,1103,667,308,1416,1347.43,122.15
台北市,北投區,清江里,2863,2715398,948,519,251,1080,1703.63,179.62
台北市,北投區,八仙里,1823,1956939,1073,622,277,1339,1481.88,138.05
台北市,北投區,洲美里,767,626307,817,523,250,1001,1010.11,123.70
台北市,北投區,中和里,1628,1734761,1066,568,259,1213,3570.58,335.08
台北市,北投區,開明里,2223,2344119,1054,584,274,1177,1766.44,167.52
台北市,北投區,長安里,2101,2089178,994,555,241,1148,1450.51,145.87
台北市,北投區,大同里,1940,2241686,1156,616,276,1316,1797.84,155.59
台北市,北投區,福興里,2435,2647503,1087,621,283,1388,1390.87,127.92
台北市,北投區,石牌里,1761,1772926,1007,621,281,1210,1299.91,129.12
台北市,北投區,奇岩里,4093,5798143,1417,711,323,1564,2447.49,172.77
台北市,北投區,稻香里,1844,1733414,940,562,276,1139,1218.63,129.64
台北市,北投區,中央里,2747,2970780,1081,586,281,1265,1640.30,151.67
台北市,北投區,溫泉里,2229,2123387,953,539,251,1155,1323.62,138.95
台北市,北投區,立賢里,1834,1877609,1024,629,285,1297,1224.11,119.57
台北市,北投區,中心里,2307,2251005,976,549,257,1161,1473.08,150.97
台北市,北投區,智仁里,1911,1524153,798,494,237,1025,960.66,120.45
台北市,北投區,吉利里,2301,2607937,1133,702,304,1471,1537.72,135.67
台北市,北投區,尊賢里,1527,1550664,1015,619,302,1274,1255.21,123.61
台北市,北投區,東華里,1503,1611322,1072,611,291,1366,1331.90,124.24
台北市,北投區,吉慶里,1738,2063403,1187,687,298,1481,1720.57,144.92
台北市,北投區,中庸里,1293,1078635,834,558,271,1082,907.14,108.74
台北市,北投區,秀山里,968,777073,803,481,234,988,1032.57,128.63
台北市,北投區,建民里,1577,2064055,1309,716,318,1503,2013.46,153.83
台北市,北投區,榮光里,2302,2487994,1081,650,301,1350,1463.15,135.38
台北市,北投區,裕民里,2763,3689515,1335,678,291,1553,2031.42,152.13
台北市,北投區,振華里,2579,2972083,1152,679,305,1454,1490.05,129.30
台北市,北投區,榮華里,2697,4215214,1563,818,357,1917,2398.12,153.44
台北市,北投區,豐年里,1341,1112160,829,511,232,971,1034.75,124.77
台北市,北投區,林泉里,1006,886904,882,502,246,1030,2349.77,266.53
台北市,北投區,永明里,1694,2077629,1226,730,331,1487,1574.11,128.35
台北市,北投區,文林里,1530,1915033,1252,669,321,1390,2125.44,169.81
台北市,北投區,大屯里,347,335030,966,543,261,963,1466.26,151.86
台北市,北投區,湖田里,228,238856,1048,508,240,955,3766.27,359.51
台北市,信義區,松友里,2202,2239686,1017,625,297,1314,1221.62,120.11
台北市,信義區,六藝里,1215,1101738,907,560,259,1143,1137.89,125.49
台北市,信義區,中興里,1271,1923510,1513,829,347,1636,2924.36,193.23
台北市,信義區,永吉里,993,857920,864,552,254,1025,1060.33,122.73
台北市,信義區,敦厚里,1876,2328327,1241,725,316,1514,1728.88,139.30
台北市,信義區,大道里,2099,2213765,1055,622,292,1308,1504.32,142.63
台北市,信義區,安康里,3858,9571515,2481,1015,412,2437,6361.56,256.42
台北市,信義區,嘉興里,1081,1158570,1072,577,282,1225,2375.44,221.64
台北市,信義區,五全里,1748,1854867,1061,607,289,1236,1487.68,140.20
台北市,信義區,新仁里,1192,1786483,1499,723,314,1641,3788.59,252.79
台北市,信義區,正和里,1620,2350370,1451,750,311,1671,2568.52,177.04
台北市,信義區,惠安里,2139,2095379,980,573,277,1185,1353.66,138.18
台北市,信義區,三犁里,1892,3331123,1761,739,333,1715,7460.63,423.75
台北市,信義區,六合里,2454,3329981,1357,661,301,1507,3159.93,232.87
台北市,信義區,泰和里,2610,2579709,988,563,277,1154,1991.68,201.51
台北市,信義區,西村里,1555,1793535,1153,686,287,1474,1479.35,128.26
台北市,信義區,興隆里,913,1703281,1866,767,338,1758,4517.25,242.14
台北市,信義區,景新里,1850,3230527,1746,745,317,1669,4049.62,231.91
台北市,信義區,景聯里,1623,1760580,1085,606,272,1274,1485.15,136.91
台北市,信義區,景勤里,1215,1214205,999,612,294,1204,1236.87,123.77
台北市,信義區,黎順里,1397,1706105,1221,699,310,1485,1682.36,137.76
台北市,信義區,黎平里,2417,2539831,1051,652,296,1317,1325.12,126.10
台北市,信義區,黎忠里,1539,1412101,918,554,257,1116,1160.89,126.52
台北市,信義區,松隆里,678,522747,771,497,238,982,961.30,124.68
台北市,信義區,中坡里,1482,1342387,906,593,266,1160,1076.45,118.84
台北市,信義區,永春里,1637,1718538,1050,619,287,1258,1440.08,137.18
台北市,信義區,富台里,1663,2338843,1406,718,309,1738,2132.45,151.62
台北市,信義區,長春里,1316,1136238,863,502,251,1086,1085.29,125.70
台北市,信義區,五常里,1265,1433869,1133,612,306,1275,1779.68,157.01
台北市,信義區,四維里,1762,1909841,1084,634,285,1254,1736.84,160.24
台北市,信義區,雅祥里,1775,2074588,1169,602,271,1352,2138.62,182.98
台北市,信義區,興雅里,1942,2258134,1163,651,301,1381,1572.40,135.23
台北市,信義區,廣居里,2627,3434326,1307,726,325,1522,3306.29,252.91
台北市,信義區,中行里,2562,2347598,916,537,273,1086,1339.69,146.20
台北市,信義區,四育里,1860,1791052,963,593,274,1218,1249.42,129.75
台北市,信義區,國業里,2526,3076030,1218,691,295,1486,1887.89,155.03
台北市,信義區,松光里,1700,1756116,1033,622,285,1283,1440.66,139.46
台北市,信義區,大仁里,1948,1467583,753,497,242,928,931.13,123.59
台北市,信義區,雙和里,2423,2557097,1055,623,280,1280,1516.86,143.73
台北市,信義區,黎安里,445,366461,824,463,224,844,1334.36,162.03
台北市,信義區,三張里,3021,4091701,1354,655,301,1428,4377.42,323.20
台中市,中區,繼光里,429,352810,822,447,191,957,1192.16,144.96
台中市,中區,大墩里,633,507329,801,487,232,1027,1086.34,135.54
台中市,中區,綠川里,467,313222,671,430,199,889,753.13,112.29
台中市,中區,公園里,453,431564,953,519,226,1124,1274.26,133.75
台中市,中區,光復里,552,526341,954,457,198,971,2702.29,283.40
台中市,中區,柳川里,504,318917,633,380,155,810,906.16,143.21
台中市,中區,大誠里,645,549872,853,492,217,957,1254.76,147.18
台中市,中區,中華里,520,410570,790,451,210,907,1150.37,145.70
台中市,東區,新庄里,822,697367,848,514,226,980,1172.63,138.22
台中市,東區,泉源里,703,609000,866,556,252,1138,1027.57,118.62
台中市,東區,東門里,2774,2033581,733,469,213,923,859.61,117.26
台中市,東區,東勢里,740,493024,666,399,191,853,785.36,117.88
台中市,東區,合作里,1216,817214,672,460,223,874,795.00,118.29
台中市,東區,振興里,968,716488,740,441,194,898,1024.82,138.46
台中市,東區,東橋里,1288,925127,718,427,204,871,904.82,125.97
台中市,東區,旱溪里,772,587149,761,467,206,897,1230.46,161.79
台中市,東區,樂成里,867,706594,815,519,231,1060,926.77,113.72
台中市,東區,干城里,844,755502,895,555,246,1107,1451.21,162.12
台中市,東區,東南里,1247,893718,717,457,213,898,926.26,129.24
台中市,東區,十甲里,1812,1374681,759,492,225,977,905.64,119.37
台中市,東區,富台里,440,282497,642,382,198,732,941.79,146.69
台中市,東區,富仁里,1262,962715,763,454,209,951,922.02,120.87
台中市,東區,東興里,1036,723407,698,463,192,903,788.86,112.97
台中市,東區,東信里,3130,2182632,697,451,213,884,800.92,114.86
台中市,東區,東英里,2838,2362712,833,513,250,1035,1078.16,129.50
台中市,西區,民生里,630,572967,909,582,256,1182,1050.24,115.48
台中市,西區,利民里,487,598493,1229,706,298,1415,1743.96,141.91
台中市,西區,三民里,669,789462,1180,717,308,1465,1512.94,128.21
台中市,西區,東昇里,872,823910,945,575,258,1290,1091.00,115.47
台中市,西區,廣民里,465,354946,763,466,195,949,971.00,127.21
台中市,西區,平和里,691,652679,945,525,218,1131,1355.14,143.47
台中市,西區,公民里,1927,2030200,1054,577,260,1235,2110.13,200.29
台中市,西區,公舘里,2002,2363056,1180,499,221,1028,13951.76,1182.00
台中市,西區,和龍里,635,442843,697,418,190,818,903.64,129.57
台中市,西區,民龍里,1413,1619558,1146,641,266,1350,1560.41,136.14
台中市,西區,後龍里,1271,1379900,1086,579,253,1265,1646.82,151.69
台中市,西區,安龍里,1092,1217226,1115,588,273,1242,1980.26,177.65
台中市,西區,忠明里,2234,2698696,1208,589,257,1366,1867.83,154.62
台中市,西區,公正里,2566,2503852,976,588,258,1216,1319.46,135.22
台中市,西區,昇平里,2114,2145968,1015,572,246,1141,1544.18,152.12
台中市,西區,土庫里,2205,2806942,1273,609,290,1341,2854.32,224.22
台中市,西區,藍興里,1544,1502769,973,597,271,1240,1109.78,114.02
台中市,西區,吉龍里,2572,2696429,1048,586,255,1248,1474.60,140.66
台中市,西區,忠誠里,2156,2004875,930,522,243,1086,1413.05,151.96
台中市,西區,公益里,883,599103,678,449,215,828,822.42,121.21
台中市,西區,中興里,1370,1643927,1200,539,221,1229,2120.95,176.75
台中市,西區,公平里,1898,2034188,1072,591,259,1245,1736.88,162.06
台中市,西區,公德里,1668,1579112,947,568,250,1199,1251.73,132.22
台中市,西區,大忠里,1818,1942569,1069,651,280,1330,1725.74,161.51
台中市,西區,双龍里,939,919962,980,507,237,1071,1576.77,160.94
台中市,南區,城隍里,1271,1001542,788,514,235,1041,899.09,114.10
台中市,南區,南門里,1325,1143009,863,494,242,1087,1173.20,136.00
台中市,南區,德義里,1104,948223,859,514,250,1086,1067.19,124.25
台中市,南區,積善里,851,617571,726,483,220,872,927.02,127.74
台中市,南區,江川里,1049,925932,883,519,224,1121,1191.66,135.00
台中市,南區,新榮里,1909,1589253,833,537,248,1042,1157.66,139.06
台中市,南區,福興里,1291,944023,731,495,223,914,867.92,118.69
台中市,南區,和平里,1736,1444760,832,552,258,1090,922.07,110.79
台中市,南區,永興里,3140,2712230,864,546,268,1080,1029.18,119.15
台中市,南區,樹義里,4957,4286375,865,561,268,1121,981.85,113.55
台中市,南區,樹德里,3439,3211434,934,590,273,1252,1074.77,115.09
台中市,南區,西川里,1611,1323674,822,518,239,1075,1015.96,123.65
台中市,南區,國光里,1347,1062999,789,475,237,943,1296.59,164.30
台中市,南區,福平里,1993,1485705,745,480,228,921,880.57,118.12
台中市,南區,長榮里,911,714876,785,522,229,987,947.31,120.72
台中市,南區,長春里,652,544635,835,496,230,1048,1084.75,129.86
台中市,南區,福順里,2219,1932956,871,590,258,1141,982.33,112.77
台中市,南區,平和里,1205,984396,817,523,252,1032,967.92,118.48
台中市,南區,南和里,2693,2333860,867,517,235,1107,1161.14,133.98
台中市,南區,永和里,1691,1287129,761,504,224,947,957.64,125.81
台中市,南區,工學里,2741,2531495,924,606,279,1195,1098.45,118.94
台中市,南區,崇倫里,2108,1838248,872,563,267,1080,1098.13,125.93
台中市,北區,光大里,613,452783,739,427,190,873,1083.68,146.71
台中市,北區,新興里,413,270124,654,417,188,815,779.11,119.12
台中市,北區,錦村里,1036,776271,749,489,223,918,908.53,121.25
台中市,北區,邱厝里,853,1028799,1206,564,252,1307,2033.25,168.58
台中市,北區,賴厝里,1503,1473721,981,566,239,1264,1384.93,141.24
台中市,北區,賴村里,1473,1257121,853,481,219,1046,1230.08,144.13
台中市,北區,淡溝里,1958,2261783,1155,610,277,1345,1704.29,147.54
台中市,北區,中達里,788,571641,725,441,201,854,986.07,135.93
台中市,北區,新北里,593,612884,1034,577,239,1302,1593.95,154.22
台中市,北區,樂英里,644,350740,545,355,168,709,634.36,116.48
台中市,北區,錦洲里,1115,837482,751,463,202,875,1174.50,156.37
台中市,北區,金龍里,1519,1151213,758,482,209,923,969.37,127.91
台中市,北區,文莊里,1021,697249,683,421,218,841,892.48,130.69
台中市,北區,金華里,1131,1190237,1052,632,271,1319,1410.33,134.01
台中市,北區,五常里,396,335813,848,506,240,977,1014.51,119.63
台中市,北區,育德里,1280,1530513,1196,536,228,1202,2417.35,202.17
台中市,北區,頂厝里,1542,1444043,936,546,242,1093,1282.11,136.91
台中市,北區,建興里,1904,1480600,778,470,208,943,985.42,126.72
台中市,北區,建成里,1838,1174712,639,421,207,757,765.18,119.72
台中市,北區,健行里,2389,2676354,1120,566,264,1252,2609.05,232.89
台中市,北區,明德里,2021,1822073,902,547,255,1105,1228.11,136.22
台中市,北區,長青里,2086,1612779,773,490,208,948,1006.12,130.13
台中市,北區,賴興里,1449,1163042,803,533,243,1006,993.16,123.73
台中市,北區,賴明里,1298,1050265,809,459,218,983,1244.51,153.81
台中市,北區,錦祥里,1917,1621404,846,507,234,995,1203.68,142.31
台中市,北區,建德里,1016,654354,644,429,207,836,705.98,109.62
台中市,北區,崇德里,1208,1107141,917,516,236,1123,1236.85,134.95
台中市,北區,賴旺里,1335,927978,695,443,203,856,865.93,124.57
台中市,北區,明新里,917,675481,737,465,197,900,1096.32,148.83
台中市,北區,立人里,1407,1281803,911,551,250,1103,1191.64,130.80
台中市,北區,賴福里,1474,1828632,1241,663,275,1496,1664.08,134.14
台中市,北區,梅川里,1249,1215434,973,551,227,1137,1401.19,143.99
台中市,北區,錦平里,705,671877,953,548,255,1178,1264.29,132.66
台中市,北區,中正里,358,309243,864,507,261,1003,1058.05,122.49
台中市,北區,大湖里,499,298431,598,364,185,680,858.64,143.57
台中市,北區,六合里,537,402210,749,470,203,943,998.56,133.32
台中市,西屯區,西安里,2321,2387122,1028,641,278,1258,1295.48,125.96
台中市,西屯區,西墩里,2650,3930968,1483,783,345,1840,1993.95,134.42
台中市,西屯區,潮洋里,2724,3968486,1457,770,315,1676,3342.61,229.44
台中市,西屯區,龍潭里,397,614374,1548,775,366,2013,2030.59,131.21
台中市,西屯區,惠來里,7280,15648029,2149,1047,404,2488,4289.93,199.58
台中市,西屯區,何安里,2019,1878563,930,534,239,1128,1285.55,138.17
台中市,西屯區,何厝里,1130,898839,795,459,234,975,1018.22,128.01
台中市,西屯區,上石里,2098,2006280,956,577,273,1161,1138.02,119.00
台中市,西屯區,大河里,1391,1359055,977,516,257,1046,2255.80,230.88
台中市,西屯區,大石里,687,509546,742,491,235,1007,769.36,103.73
台中市,西屯區,港尾里,1825,1583889,868,516,245,1032,1199.99,138.27
台中市,西屯區,廣福里,713,548007,769,470,217,955,1065.73,138.66
台中市,西屯區,林厝里,1279,1698000,1328,699,297,1615,2091.01,157.50
台中市,西屯區,永安里,5043,6202241,1230,693,306,1468,1745.56,141.93
台中市,西屯區,福安里,1313,1648927,1256,664,292,1459,2264.93,180.35
台中市,西屯區,協和里,1678,1356014,808,474,236,989,1036.80,128.30
台中市,西屯區,鵬程里,813,614414,756,493,228,918,1104.52,146.15
台中市,西屯區,逢甲里,1810,1611482,890,523,242,1076,1454.76,163.40
台中市,西屯區,大福里,955,797269,835,443,200,972,1627.27,194.92
台中市,西屯區,大鵬里,1604,1231432,768,491,222,961,888.66,115.75
台中市,西屯區,西平里,1841,1692076,919,529,235,1166,1403.92,152.75
台中市,西屯區,何仁里,2262,1925550,851,510,235,1038,1410.49,165.69
台中市,西屯區,何德里,1408,1191450,846,541,243,1072,1027.69,121.45
台中市,西屯區,何源里,2432,1992517,819,497,233,990,1083.68,132.27
台中市,西屯區,何南里,1755,1610222,918,562,261,1151,1086.96,118.47
台中市,西屯區,至善里,1814,1827874,1008,579,269,1222,1642.26,162.98
台中市,西屯區,上安里,2271,2414038,1063,662,288,1341,1259.65,118.50
台中市,西屯區,上德里,1633,1487450,911,577,266,1144,1089.74,119.64
台中市,西屯區,逢福里,2042,1897875,929,539,264,1180,1191.51,128.20
台中市,西屯區,何明里,1283,1016202,792,465,244,945,1048.48,132.38
台中市,西屯區,何成里,2955,2723415,922,554,255,1153,1214.97,131.83
台中市,西屯區,何福里,1567,1304291,832,513,238,1032,1040.43,125.00
台中市,西屯區,福和里,1596,1359766,852,472,232,963,1250.16,146.74
台中市,西屯區,福中里,1260,1035396,822,520,246,944,1185.32,144.24
台中市,西屯區,福恩里,2084,2249880,1080,630,286,1287,1447.48,134.08
台中市,西屯區,福聯里,1259,1347794,1071,563,264,1214,1562.97,146.00
台中市,西屯區,福瑞里,1160,1124976,970,599,281,1222,1236.40,127.49
台中市,西屯區,福林里,3459,4834833,1398,804,337,1741,1863.75,133.34
台中市,西屯區,福雅里,2376,2674500,1126,629,291,1345,1685.90,149.77
台中市,南屯區,南屯里,3394,3831110,1129,672,290,1375,1747.88,154.85
台中市,南屯區,豐樂里,5001,6959151,1392,729,306,1657,2997.98,215.44
台中市,南屯區,楓樹里,2314,2384648,1031,593,273,1202,1455.41,141.23
台中市,南屯區,中和里,1308,869689,665,438,212,804,864.86,130.07
台中市,南屯區,鎮平里,425,340257,801,500,251,930,932.28,116.45
台中市,南屯區,春社里,2131,1656183,777,501,235,975,916.66,117.95
台中市,南屯區,文山里,4940,4364967,884,619,315,1125,962.99,108.99
台中市,南屯區,新生里,1649,2696225,1635,914,380,2012,2658.47,162.59
台中市,南屯區,永定里,2092,2126094,1016,579,256,1259,1507.49,148.33
台中市,南屯區,三厝里,2999,3205831,1069,626,267,1311,1557.08,145.66
台中市,南屯區,溝墘里,2350,2912929,1240,674,295,1511,1865.33,150.49
台中市,南屯區,田心里,2754,3317584,1205,681,304,1451,1701.41,141.24
台中市,南屯區,春安里,1194,976120,818,623,326,1121,731.49,89.48
台中市,南屯區,黎明里,1441,1239860,860,507,240,1056,1166.63,135.59
台中市,南屯區,大同里,1944,1749217,900,532,242,1123,1129.73,125.55
台中市,南屯區,文心里,1570,1827771,1164,607,262,1278,2263.09,194.39
台中市,南屯區,同心里,2155,2124352,986,591,264,1182,1321.78,134.09
台中市,南屯區,向心里,2018,2621228,1299,705,301,1592,1798.17,138.44
台中市,南屯區,大業里,2780,3030636,1090,636,267,1357,1667.77,152.98
台中市,南屯區,惠中里,3600,5570512,1547,764,308,1705,4220.83,272.78
台中市,南屯區,大誠里,1505,1632745,1085,624,304,1365,1381.34,127.33
台中市,南屯區,大興里,1744,1717667,985,544,261,1149,1355.69,137.65
台中市,南屯區,寶山里,2209,1847078,836,576,284,1097,879.31,105.16
台中市,南屯區,三和里,3798,4893289,1288,745,323,1562,1812.44,140.68
台中市,南屯區,三義里,2645,3016409,1140,700,310,1415,1573.70,137.99
台中市,北屯區,北屯里,1295,1179510,911,524,224,1018,2097.76,230.32
台中市,北屯區,三光里,2578,1928161,748,467,225,931,989.20,132.26
台中市,北屯區,舊社里,6002,6797643,1133,742,336,1405,1825.41,161.17
台中市,北屯區,水景里,5299,5450730,1029,624,280,1251,1369.12,133.10
台中市,北屯區,軍功里,4706,4385359,932,566,266,1149,1140.89,122.43
台中市,北屯區,和平里,4601,4485117,975,608,290,1225,1246.54,127.87
台中市,北屯區,平田里,2029,1554150,766,475,228,910,1101.49,143.80
台中市,北屯區,東山里,595,468829,788,454,224,888,1208.15,153.33
台中市,北屯區,大坑里,606,384398,634,399,189,759,783.30,123.49
台中市,北屯區,民德里,265,205286,775,452,237,1057,979.22,126.41
台中市,北屯區,廍子里,8431,8274307,981,671,316,1222,1192.95,121.55
台中市,北屯區,平和里,1996,1651991,828,501,237,1037,1072.17,129.54
台中市,北屯區,民政里,264,239582,908,484,178,1016,1382.42,152.33
台中市,北屯區,松竹里,3572,3897343,1091,638,285,1361,1405.62,128.83
台中市,北屯區,仁美里,4036,5060375,1254,728,313,1566,1966.02,156.80
台中市,北屯區,仁和里,3288,3822274,1162,668,290,1448,1618.70,139.24
台中市,北屯區,四民里,885,895842,1012,626,291,1236,1552.03,153.32
台中市,北屯區,同榮里,1964,1653837,842,511,243,1051,1111.10,131.95
台中市,北屯區,陳平里,1708,1341042,785,509,238,1005,895.10,114.00
台中市,北屯區,后庄里,3879,3713573,957,559,250,1167,1503.64,157.06
台中市,北屯區,仁愛里,311,193973,624,383,201,760,912.55,146.31
台中市,北屯區,北興里,1094,755314,690,427,198,856,881.99,127.75
台中市,北屯區,東光里,1530,1118126,731,484,216,938,834.45,114.18
台中市,北屯區,新平里,1357,1029082,758,445,219,929,1011.59,133.39
台中市,北屯區,水湳里,2404,2014270,838,487,235,989,1261.18,150.52
台中市,北屯區,平安里,1787,1487343,832,488,218,986,1091.01,131.08
台中市,北屯區,平德里,2368,2101917,888,518,240,1049,1152.72,129.86
台中市,北屯區,平順里,1162,836246,720,467,224,923,798.77,110.99
台中市,北屯區,大德里,1581,1161129,734,484,230,951,847.66,115.42
台中市,北屯區,松安里,1744,1293257,742,489,228,947,878.50,118.47
台中市,北屯區,松茂里,1848,1396533,756,481,220,967,882.36,116.76
台中市,北屯區,平心里,1727,1320485,765,519,232,974,942.83,123.31
台中市,北屯區,平福里,1377,1340214,973,609,284,1215,1302.05,133.78
台中市,北屯區,平昌里,1515,1291218,852,521,245,1029,1142.22,134.02
台中市,北屯區,平陽里,1799,1598484,889,508,234,1016,1332.62,149.98
台中市,北屯區,忠平里,1353,1036893,766,489,233,955,1021.60,133.31
台中市,北屯區,松勇里,1832,1426844,779,480,235,927,998.92,128.26
台中市,北屯區,松強里,2702,3075530,1138,664,293,1359,1903.87,167.26
台中市,北屯區,松和里,2297,1671324,728,472,221,939,886.35,121.82
台中市,北屯區,平興里,2480,1946088,785,499,237,965,967.48,123.29
台中市,北屯區,北京里,1026,781904,762,448,222,893,1116.75,146.54
台中市,北屯區,三和里,1873,1262728,674,444,218,816,829.88,123.10
台中市,豐原區,豐原里,794,593013,747,418,194,895,1012.89,135.62
台中市,豐原區,頂街里,341,281767,826,412,219,935,1358.50,164.41
台中市,豐原區,中山里,313,292914,936,456,195,1120,1686.90,180.26
台中市,豐原區,豐榮里,424,384966,908,469,225,1046,1621.64,178.61
台中市,豐原區,下街里,242,205743,850,458,235,982,1519.27,178.70
台中市,豐原區,豐西里,583,472983,811,466,218,954,1276.89,157.39
台中市,豐原區,葫蘆里,197,137810,700,497,239,917,681.16,97.37
台中市,豐原區,富春里,242,175504,725,412,193,815,1040.88,143.53
台中市,豐原區,東勢里,502,351889,701,444,208,889,821.72,117.22
台中市,豐原區,西勢里,792,701513,886,497,221,1037,1172.37,132.36
台中市,豐原區,圳寮里,422,300836,713,439,235,814,854.33,119.84
台中市,豐原區,大湳里,881,719843,817,502,232,1039,1085.68,132.87
台中市,豐原區,東湳里,1298,807745,622,395,198,749,817.49,131.37
台中市,豐原區,西湳里,3378,2494386,738,454,226,870,959.49,129.94
台中市,豐原區,南陽里,3930,2915643,742,459,211,910,955.19,128.75
台中市,豐原區,北陽里,4784,3614923,756,461,219,898,1067.75,141.31
台中市,豐原區,東陽里,472,275936,585,365,203,702,766.93,131.19
台中市,豐原區,田心里,2045,1586016,776,467,224,926,1082.75,139.61
台中市,豐原區,鎌村里,1499,944474,630,414,196,771,751.26,119.23
台中市,豐原區,社皮里,3505,2274469,649,423,215,780,842.76,129.87
台中市,豐原區,三村里,2253,1703818,756,463,213,898,1028.84,136.05
台中市,豐原區,南村里,1960,1481131,756,451,203,896,977.79,129.39
台中市,豐原區,南田里,1082,684740,633,401,189,753,783.22,123.76
台中市,豐原區,南嵩里,1065,739791,695,435,196,781,1083.74,156.02
台中市,豐原區,翁明里,892,645216,723,428,199,832,1159.63,160.32
台中市,豐原區,翁子里,1208,785656,650,434,200,824,751.61,115.57
台中市,豐原區,翁社里,635,393370,619,387,216,705,795.01,128.34
台中市,豐原區,朴子里,1018,647037,636,411,201,745,798.56,125.64
台中市,豐原區,豐田里,3464,2280286,658,415,204,810,842.99,128.06
台中市,豐原區,豐圳里,1210,905214,748,445,209,856,1160.68,155.15
台中市,豐原區,北湳里,1119,840141,751,470,229,932,858.17,114.30
台中市,豐原區,陽明里,943,704052,747,463,220,899,900.53,120.62
台中市,豐原區,民生里,354,251138,709,437,219,802,1096.08,154.50
台中市,豐原區,中陽里,1933,1484701,768,498,230,978,880.05,114.58
台中市,豐原區,西安里,1708,1247514,730,467,227,881,921.72,126.19
台中市,豐原區,中興里,1016,758935,747,449,216,890,919.32,123.07
台中市,東勢區,北興里,437,268886,615,456,210,799,600.47,97.59
台中市,東勢區,中寧里,246,147760,601,363,175,687,739.32,123.09
台中市,東勢區,東安里,306,180517,590,382,167,753,627.59,106.38
台中市,東勢區,南平里,528,344858,653,420,204,789,851.94,130.44
台中市,東勢區,新盛里,1364,803624,589,427,207,739,641.08,108.81
台中市,東勢區,詒福里,392,233545,596,384,176,669,849.74,142.63
台中市,東勢區,下城里,190,117676,619,367,198,707,1045.52,168.81
台中市,東勢區,上城里,248,161964,653,449,191,804,882.35,135.11
台中市,東勢區,慶東里,389,218843,563,365,170,672,733.17,130.32
台中市,東勢區,慶福里,232,118641,511,327,167,638,561.32,109.77
台中市,東勢區,隆興里,274,138332,505,330,164,618,521.54,103.30
台中市,東勢區,福隆里,1077,636373,591,409,201,755,654.62,110.79
台中市,東勢區,中嵙里,412,236379,574,375,207,760,610.29,106.37
台中市,東勢區,上新里,274,159932,584,395,199,687,733.56,125.68
台中市,東勢區,廣興里,401,274293,684,426,204,922,750.33,109.69
台中市,東勢區,粵寧里,593,360217,607,402,196,745,719.45,118.44
台中市,東勢區,下新里,424,252431,595,407,195,766,612.23,102.83
台中市,東勢區,興隆里,298,153342,515,384,200,616,524.40,101.91
台中市,東勢區,茂興里,454,229383,505,339,161,624,621.51,123.01
台中市,東勢區,泰興里,158,96378,610,467,214,781,582.33,95.47
台中市,東勢區,埤頭里,150,91545,610,332,169,606,962.38,157.69
台中市,東勢區,明正里,233,123027,528,374,189,625,640.85,121.37
台中市,東勢區,泰昌里,968,638221,659,444,210,824,692.13,104.98
台中市,東勢區,延平里,604,433891,718,456,220,852,907.29,126.30
台中市,東勢區,東新里,575,388716,676,463,213,835,741.78,109.73
台中市,大甲區,朝陽里,459,376840,821,507,224,946,1081.09,131.68
台中市,大甲區,大甲里,372,292465,786,470,245,895,1002.61,127.53
台中市,大甲區,順天里,467,361891,775,543,237,995,829.30,107.02
台中市,大甲區,孔門里,230,215795,938,461,243,980,2131.35,227.16
台中市,大甲區,岷山里,649,464097,715,446,238,835,945.10,132.16
台中市,大甲區,中山里,1599,1153821,722,432,214,825,2958.41,409.98
台中市,大甲區,南陽里,249,158162,635,381,184,775,780.97,122.95
台中市,大甲區,薰風里,297,252880,851,470,259,1013,1142.11,134.14
台中市,大甲區,義和里,1057,748165,708,450,224,895,812.45,114.78
台中市,大甲區,武陵里,351,239577,683,392,194,685,1050.22,153.87
台中市,大甲區,文曲里,283,180173,637,439,242,763,670.29,105.28
台中市,大甲區,平安里,667,481026,721,460,222,865,994.74,137.93
台中市,大甲區,庄美里,727,539987,743,431,227,894,1089.53,146.69
台中市,大甲區,武曲里,609,540873,888,485,253,888,2210.41,248.88
台中市,大甲區,文武里,1871,1493193,798,506,245,966,1117.70,140.05
台中市,大甲區,奉化里,709,506608,715,471,230,841,877.48,122.80
台中市,大甲區,德化里,585,359448,614,393,197,724,733.41,119.36
台中市,大甲區,江南里,459,294687,642,435,204,790,660.90,102.94
台中市,大甲區,頂店里,1610,1181198,734,451,223,864,1065.18,145.19
台中市,大甲區,太白里,353,201035,570,393,173,743,603.98,106.05
台中市,大甲區,孟春里,1193,745953,625,424,219,771,711.17,113.74
台中市,大甲區,幸福里,747,510370,683,411,224,745,1069.55,156.54
台中市,大甲區,日南里,1993,1204518,604,411,220,721,944.89,156.34
台中市,大甲區,龍泉里,413,223064,540,354,204,651,632.70,117.14
台中市,大甲區,銅安里,423,239890,567,414,239,729,569.15,100.36
台中市,大甲區,西岐里,537,320052,596,391,196,714,681.09,114.28
台中市,大甲區,福德里,310,152071,491,356,185,607,506.32,103.22
台中市,大甲區,建興里,392,201445,514,380,211,647,537.06,104.51
台中市,大甲區,新美里,1067,742709,696,435,219,850,844.50,121.32
台中市,清水區,鰲峰里,348,227196,653,406,199,808,771.54,118.18
台中市,清水區,靈泉里,325,260260,801,473,243,1042,992.11,123.89
台中市,清水區,清水里,946,747496,790,546,250,1047,831.11,105.18
台中市,清水區,南寧里,615,472943,769,500,238,936,967.21,125.77
台中市,清水區,西寧里,501,307952,615,406,188,728,1049.60,170.76
台中市,清水區,北寧里,196,143410,732,437,233,845,868.38,118.68
台中市,清水區,中興里,113,73291,649,419,241,817,764.58,117.88
台中市,清水區,西社里,746,571691,766,475,232,924,883.79,115.33
台中市,清水區,南社里,3928,3074568,783,509,239,997,927.89,118.55
台中市,清水區,裕嘉里,476,267555,562,375,193,692,710.79,126.45
台中市,清水區,臨江里,407,234700,577,410,220,707,584.60,101.38
台中市,清水區,秀水里,1532,1102578,720,453,230,904,906.55,125.96
台中市,清水區,武鹿里,1266,860298,680,475,248,873,753.44,110.88
台中市,清水區,海濱里,609,379818,624,417,214,682,946.19,151.71
台中市,清水區,槺榔里,3393,2535461,747,545,276,972,789.44,105.64
台中市,清水區,中社里,1005,731596,728,537,271,884,890.71,122.36
台中市,清水區,高西里,320,188491,589,342,191,654,936.67,159.02
台中市,清水區,高南里,338,204723,606,384,210,723,734.25,121.23
台中市,清水區,高東里,307,201954,658,398,193,696,1509.12,229.41
台中市,清水區,高北里,296,157765,533,420,212,692,504.73,94.70
台中市,清水區,高美里,361,204251,566,395,215,731,599.66,105.99
台中市,清水區,國姓里,567,385524,680,390,207,712,1940.24,285.36
台中市,清水區,菁埔里,696,412104,592,389,193,694,704.20,118.93
台中市,清水區,頂湳里,482,290185,602,348,190,679,868.63,144.28
台中市,清水區,田寮里,710,386124,544,375,191,695,580.02,106.65
台中市,清水區,橋頭里,2583,1800874,697,469,243,867,828.29,118.80
台中市,清水區,下湳里,902,599036,664,402,197,751,937.07,141.10
台中市,清水區,東山里,336,196957,586,384,208,685,745.97,127.26
台中市,清水區,楊厝里,298,159950,537,417,214,703,480.45,89.51
台中市,清水區,海風里,392,254149,648,400,195,767,788.58,121.63
台中市,清水區,吳厝里,432,213260,494,373,205,647,433.44,87.80
台中市,清水區,文昌里,234,211176,902,513,284,978,1223.61,135.59
台中市,沙鹿區,居仁里,426,432579,1015,522,247,1016,1714.92,168.88
台中市,沙鹿區,洛泉里,681,628764,923,479,253,990,1462.10,158.36
台中市,沙鹿區,沙鹿里,318,378479,1190,609,292,1346,1677.91,140.98
台中市,沙鹿區,美仁里,137,102054,745,456,228,912,909.40,122.08
台中市,沙鹿區,興仁里,815,597512,733,445,235,811,1091.13,148.83
台中市,沙鹿區,斗抵里,1607,1196741,745,511,256,971,828.50,111.25
台中市,沙鹿區,鹿峰里,2141,1709589,799,547,268,1046,926.99,116.09
台中市,沙鹿區,鹿寮里,2625,2133229,813,515,246,1017,1014.12,124.79
台中市,沙鹿區,竹林里,2789,2161249,775,499,248,975,918.87,118.58
台中市,沙鹿區,犁分里,356,233839,657,485,248,883,716.59,109.09
台中市,沙鹿區,福興里,1425,1105742,776,513,228,985,912.73,117.63
台中市,沙鹿區,北勢里,1718,1485240,865,521,260,1015,1183.93,136.95
台中市,沙鹿區,晉江里,565,451125,798,465,223,922,1138.18,142.55
台中市,沙鹿區,六路里,2187,1900716,869,550,250,1108,1087.16,125.09
台中市,沙鹿區,南勢里,1180,924516,783,508,233,1018,927.81,118.42
台中市,沙鹿區,埔子里,2428,2412131,993,633,301,1288,1135.70,114.32
台中市,沙鹿區,公明里,1433,1007127,703,514,255,887,718.24,102.20
台中市,沙鹿區,西勢里,587,329817,562,396,198,677,629.47,112.03
台中市,沙鹿區,清泉里,851,596728,701,505,274,829,806.36,115.00
台中市,沙鹿區,興安里,1252,1025044,819,490,249,942,1397.56,170.70
台中市,沙鹿區,三鹿里,3026,2517150,832,587,298,1064,926.70,111.40
台中市,梧棲區,頂寮里,1590,1155181,727,531,254,980,827.90,113.95
台中市,梧棲區,下寮里,679,505148,744,476,272,874,1019.40,137.02
台中市,梧棲區,中正里,1270,919337,724,469,227,888,1002.45,138.48
台中市,梧棲區,中和里,143,116816,817,558,276,927,962.65,117.84
台中市,梧棲區,文化里,382,302314,791,492,229,959,1122.59,141.85
台中市,梧棲區,安仁里,240,158283,660,442,241,854,735.45,111.51
台中市,梧棲區,草湳里,2090,1453186,695,482,234,851,820.45,118.00
台中市,梧棲區,南簡里,2118,1587152,749,513,250,946,920.33,122.82
台中市,梧棲區,福德里,1957,1476958,755,514,250,968,862.20,114.24
台中市,梧棲區,大庄里,2840,2022245,712,471,231,904,830.92,116.69
台中市,梧棲區,大村里,2064,1509655,731,486,243,923,821.52,112.32
台中市,梧棲區,永寧里,761,522417,686,468,215,805,864.90,125.99
台中市,梧棲區,永安里,839,578625,690,430,217,809,1012.09,146.75
台中市,梧棲區,興農里,925,580492,628,437,242,787,653.47,104.13
台中市,神岡區,神岡里,996,589866,592,405,196,740,627.74,105.99
台中市,神岡區,庄前里,805,565448,702,437,207,800,1044.31,148.67
台中市,神岡區,庄後里,688,417948,607,405,199,768,652.00,107.33
台中市,神岡區,北庄里,918,629268,685,427,219,779,882.40,128.73
台中市,神岡區,圳前里,677,435855,644,384,177,735,932.17,144.79
台中市,神岡區,圳堵里,609,363360,597,391,199,734,744.49,124.78
台中市,神岡區,新庄里,1180,748091,634,424,202,703,1136.74,179.30
台中市,神岡區,山皮里,291,187093,643,399,204,719,934.33,145.32
台中市,神岡區,社口里,2743,1856358,677,445,229,814,865.74,127.92
台中市,神岡區,社南里,1882,1204330,640,407,219,789,737.49,115.25
台中市,神岡區,三角里,906,656936,725,430,213,840,1046.89,144.38
台中市,神岡區,大社里,1561,951720,610,401,206,768,710.61,116.55
台中市,神岡區,岸裡里,1028,693904,675,419,216,774,1205.94,178.66
台中市,神岡區,豐洲里,2503,1600880,640,408,201,785,768.97,120.23
台中市,神岡區,神洲里,873,522999,599,372,184,729,730.69,121.97
台中市,神岡區,溪洲里,846,476964,564,381,205,696,678.18,120.29
台中市,后里區,廣福里,501,269533,538,394,174,637,591.87,110.02
台中市,后里區,仁里里,251,131433,524,355,174,652,623.08,118.99
台中市,后里區,義里里,948,644479,680,475,228,838,770.95,113.40
台中市,后里區,后里里,1165,807463,693,474,234,886,734.72,106.01
台中市,后里區,厚里里,684,424923,621,408,222,801,633.79,102.02
台中市,后里區,墩東里,1564,1091884,698,479,244,871,769.71,110.25
台中市,后里區,墩西里,562,390676,695,486,217,921,737.43,106.08
台中市,后里區,墩南里,1127,765989,680,463,230,809,815.87,120.04
台中市,后里區,墩北里,1183,767516,649,434,222,811,786.85,121.28
台中市,后里區,中和里,781,476373,610,400,193,777,762.52,125.01
台中市,后里區,舊社里,693,414425,598,400,215,727,688.44,115.12
台中市,后里區,聯合里,412,244490,593,408,188,786,660.39,111.29
台中市,后里區,太平里,618,359330,581,432,216,728,631.35,108.58
台中市,后里區,眉山里,1060,702829,663,446,217,847,728.70,109.90
台中市,后里區,月眉里,618,402777,652,463,219,849,672.24,103.15
台中市,后里區,公館里,636,380620,598,411,201,747,686.49,114.71
台中市,后里區,泰安里,428,253944,593,384,204,705,779.73,131.42
台中市,后里區,義德里,777,471777,607,410,198,770,665.49,109.60
台中市,大雅區,大雅里,1500,1130671,754,485,239,946,874.00,115.95
台中市,大雅區,員林里,3458,2598519,751,460,232,899,961.81,127.99
台中市,大雅區,六寶里,1776,1152593,649,422,206,764,1048.37,161.54
台中市,大雅區,秀山里,1103,770578,699,443,229,804,933.94,133.68
台中市,大雅區,橫山里,1507,1112529,738,473,224,905,999.52,135.39
台中市,大雅區,三和里,1961,1468228,749,478,240,910,933.66,124.70
台中市,大雅區,西寶里,1702,1219239,716,445,227,841,1015.56,141.77
台中市,大雅區,上楓里,2425,1666509,687,437,221,813,924.30,134.50
台中市,大雅區,忠義里,969,573014,591,394,193,690,736.30,124.51
台中市,大雅區,四德里,1743,1306009,749,501,232,927,872.01,116.38
台中市,大雅區,上雅里,2247,2081046,926,525,251,1109,1397.00,150.84
台中市,大雅區,二和里,2315,1911366,826,495,238,994,1106.07,133.96
台中市,大雅區,文雅里,2137,1581902,740,473,229,889,1067.21,144.17
台中市,大雅區,大楓里,1741,1101967,633,406,196,745,823.48,130.10
台中市,大雅區,雅楓里,1123,688323,613,388,212,700,836.73,136.51
台中市,潭子區,潭秀里,467,438175,938,472,226,1051,1606.51,171.22
台中市,潭子區,潭北里,842,597006,709,441,217,823,969.12,136.68
台中市,潭子區,潭陽里,3725,2403176,645,452,214,794,774.33,120.02
台中市,潭子區,福仁里,3758,2461257,655,442,222,811,794.56,121.32
台中市,潭子區,頭家里,1997,1419881,711,460,223,933,777.93,109.41
台中市,潭子區,甘蔗里,3544,2454841,693,449,218,843,884.16,127.64
台中市,潭子區,東寶里,4295,2862334,666,428,206,806,871.16,130.72
台中市,潭子區,大富里,1090,801674,735,449,204,905,992.58,134.96
台中市,潭子區,大豐里,2321,1739876,750,501,236,929,900.60,120.14
台中市,潭子區,栗林里,1825,1273968,698,439,225,837,861.73,123.45
台中市,潭子區,嘉仁里,1341,837723,625,430,210,726,760.55,121.75
台中市,潭子區,新田里,434,228304,526,353,175,654,582.21,110.68
台中市,潭子區,聚興里,1229,872675,710,431,206,830,988.07,139.15
台中市,潭子區,頭家東里,1497,1060408,708,450,216,863,916.57,129.39
台中市,潭子區,家興里,2515,1774023,705,478,212,894,860.97,122.06
台中市,潭子區,家福里,1691,1278548,756,493,240,962,854.54,113.02
台中市,新社區,新社里,951,576631,606,420,204,802,604.18,99.64
台中市,新社區,復盛里,443,253749,573,419,221,671,841.33,146.88
台中市,新社區,中正里,346,203211,587,408,183,727,684.53,116.55
台中市,新社區,月湖里,234,130325,557,402,171,724,591.26,106.16
台中市,新社區,崑山里,196,104016,531,369,170,616,576.80,108.69
台中市,新社區,慶西里,152,87437,575,357,180,644,773.61,134.48
台中市,新社區,東興里,268,162376,606,413,219,706,721.16,119.03
台中市,新社區,大南里,450,264035,587,390,230,681,664.12,113.19
台中市,新社區,協成里,553,294954,533,368,185,651,657.78,123.33
台中市,新社區,永源里,603,369817,613,371,168,705,914.55,149.12
台中市,新社區,中和里,81,47095,581,345,178,632,845.02,145.34
台中市,新社區,福興里,204,99560,488,322,147,645,571.74,117.15
台中市,新社區,中興里,121,68453,566,394,189,651,792.20,140.03
台中市,石岡區,石岡里,324,203293,627,442,225,743,722.70,115.18
台中市,石岡區,萬安里,452,307861,681,432,247,844,744.74,109.34
台中市,石岡區,九房里,362,218194,603,408,210,732,658.18,109.20
台中市,石岡區,金星里,332,189345,570,397,195,695,641.51,112.48
台中市,石岡區,龍興里,148,87450,591,381,208,693,714.37,120.90
台中市,石岡區,和盛里,325,182851,563,402,198,729,582.04,103.45
台中市,石岡區,德興里,425,234560,552,394,213,716,579.53,105.01
台中市,石岡區,土牛里,278,147762,532,347,176,663,672.11,126.45
台中市,石岡區,梅子里,496,314024,633,409,202,753,825.83,130.44
台中市,石岡區,萬興里,471,286014,607,395,189,713,809.43,133.29
台中市,外埔區,永豐里,332,202251,609,383,214,746,742.49,121.88
台中市,外埔區,六分里,681,388159,570,432,210,726,545.48,95.70
台中市,外埔區,三崁里,569,363420,639,438,225,783,763.71,119.57
台中市,外埔區,大同里,1524,1025631,673,473,233,854,769.33,114.32
台中市,外埔區,水美里,1097,736340,671,438,210,824,848.15,126.36
台中市,外埔區,大東里,1944,1241456,639,452,231,814,671.45,105.14
台中市,外埔區,馬鳴里,364,208248,572,368,207,670,663.76,116.02
台中市,外埔區,中山里,370,225581,610,427,230,764,649.66,106.56
台中市,外埔區,鐵山里,622,364669,586,414,213,743,634.63,108.25
台中市,外埔區,土城里,400,231924,580,413,192,723,621.48,107.19
台中市,外埔區,廍子里,277,165159,596,391,200,689,821.69,137.81
台中市,大安區,東安里,354,206803,584,382,193,718,678.94,116.22
台中市,大安區,南埔里,256,137765,538,403,205,634,539.56,100.26
台中市,大安區,南庄里,229,134041,585,382,224,734,664.67,113.56
台中市,大安區,中庄里,757,469537,620,386,204,739,824.82,132.98
台中市,大安區,龜売里,428,250340,585,378,200,659,794.44,135.82
台中市,大安區,福興里,313,206559,660,434,223,713,869.06,131.69
台中市,大安區,頂安里,202,115182,570,366,194,672,737.33,129.31
台中市,大安區,永安里,446,217483,488,368,196,661,459.97,94.33
台中市,大安區,福住里,267,129048,483,363,167,659,452.36,93.59
台中市,大安區,海墘里,395,212952,539,356,184,658,673.86,124.99
台中市,大安區,西安里,520,334706,644,417,222,782,806.97,125.37
台中市,大安區,松雅里,310,224038,723,507,223,942,874.48,121.00
台中市,烏日區,烏日里,3179,2511945,790,509,240,1021,935.99,118.45
台中市,烏日區,湖日里,911,704486,773,467,218,927,1112.45,143.86
台中市,烏日區,三和里,3439,3058650,889,616,289,1113,1047.25,117.75
台中市,烏日區,榮泉里,2652,2505405,945,627,288,1179,1622.80,171.77
台中市,烏日區,學田里,869,835763,962,469,240,879,3131.72,325.63
台中市,烏日區,九德里,4258,2960062,695,452,226,870,864.44,124.35
台中市,烏日區,前竹里,518,372164,718,431,204,841,1083.19,150.77
台中市,烏日區,五光里,575,370794,645,412,205,785,777.68,120.60
台中市,烏日區,光明里,683,428421,627,381,185,720,853.48,136.06
台中市,烏日區,東園里,738,487862,661,393,205,717,1107.18,167.49
台中市,烏日區,溪埧里,1438,914435,636,413,207,751,947.24,148.96
台中市,烏日區,螺潭里,752,529453,704,451,223,848,901.94,128.10
台中市,烏日區,北里里,529,350417,662,422,199,826,783.06,118.21
台中市,烏日區,南里里,445,254303,571,410,207,722,561.07,98.18
台中市,烏日區,溪尾里,176,88016,500,332,135,573,834.20,166.81
台中市,烏日區,仁德里,2667,2207342,828,526,247,988,1106.30,133.67
台中市,大肚區,王田里,1415,899448,636,426,220,771,841.92,132.45
台中市,大肚區,中和里,276,177527,643,416,188,753,772.96,120.17
台中市,大肚區,福山里,1113,724160,651,435,214,796,861.44,132.40
台中市,大肚區,社腳里,770,474580,616,424,224,760,695.81,112.89
台中市,大肚區,營埔里,490,273722,559,395,211,686,602.31,107.82
台中市,大肚區,新興里,831,514873,620,404,208,739,803.96,129.76
台中市,大肚區,大東里,1003,614989,613,439,238,783,610.10,99.50
台中市,大肚區,大肚里,779,649907,834,529,264,1031,987.75,118.40
台中市,大肚區,永和里,247,149947,607,412,221,822,593.98,97.84
台中市,大肚區,磺溪里,549,371135,676,464,233,803,747.55,110.58
台中市,大肚區,永順里,508,277057,545,395,186,684,584.70,107.21
台中市,大肚區,成功里,280,185628,663,429,276,765,865.58,130.56
台中市,大肚區,頂街里,2731,1848423,677,473,236,868,734.70,108.55
台中市,大肚區,山陽里,417,278866,669,450,222,790,1141.14,170.64
台中市,大肚區,瑞井里,1731,1039004,600,423,215,752,701.39,116.85
台中市,大肚區,蔗廍里,1712,1117945,653,469,234,802,759.22,116.26
台中市,大肚區,自強里,1040,599668,577,418,225,716,577.26,100.11
台中市,龍井區,竹坑里,1107,672084,607,418,213,733,775.85,127.79
台中市,龍井區,龍東里,1008,636501,631,437,223,752,829.88,131.43
台中市,龍井區,龍西里,584,384975,659,461,226,901,704.29,106.84
台中市,龍井區,田中里,1419,914082,644,452,232,853,699.21,108.54
台中市,龍井區,福田里,310,180307,582,403,200,756,661.40,113.71
台中市,龍井區,麗水里,680,411321,605,411,193,796,668.99,110.60
台中市,龍井區,龍津里,1651,1013498,614,431,210,776,665.78,108.46
台中市,龍井區,三德里,963,581042,603,419,214,730,683.16,113.22
台中市,龍井區,忠和里,1808,1339918,741,475,221,947,903.38,121.90
台中市,龍井區,山腳里,2007,1302614,649,428,222,788,774.96,119.40
台中市,龍井區,龍泉里,3048,2367912,777,525,266,1002,835.61,107.56
台中市,龍井區,龍崗里,969,633477,654,431,214,811,786.23,120.27
台中市,龍井區,新庄里,2064,1469874,712,474,243,910,810.57,113.82
台中市,龍井區,南寮里,460,261533,569,376,203,723,593.13,104.32
台中市,龍井區,新東里,1688,1295042,767,479,237,910,1143.67,149.07
台中市,龍井區,東海里,3406,2982841,876,523,250,1085,1380.47,157.63
台中市,霧峰區,桐林里,290,185257,639,416,205,804,696.31,109.00
台中市,霧峰區,吉峰里,2898,1728215,596,395,199,713,750.10,125.78
台中市,霧峰區,甲寅里,1503,944327,628,413,204,780,744.11,118.43
台中市,霧峰區,本鄉里,739,540981,732,439,186,854,950.05,129.78
台中市,霧峰區,中正里,656,413166,630,449,215,788,812.54,129.01
台中市,霧峰區,錦榮里,361,222702,617,435,246,782,593.91,96.27
台中市,霧峰區,本堂里,1992,1467249,737,482,221,909,894.26,121.41
台中市,霧峰區,坑口里,871,531685,610,430,203,727,703.34,115.22
台中市,霧峰區,北柳里,1296,841369,649,411,214,799,768.84,118.43
台中市,霧峰區,南柳里,562,349176,621,378,202,733,827.98,133.26
台中市,霧峰區,四德里,764,504513,660,411,191,793,939.00,142.20
台中市,霧峰區,五福里,782,452278,578,405,199,727,615.68,106.45
台中市,霧峰區,萬豐里,706,431790,612,375,184,693,1176.46,192.36
台中市,霧峰區,舊正里,556,360388,648,432,223,799,822.91,126.96
台中市,霧峰區,峰谷里,294,195367,665,401,208,649,1434.92,215.94
台中市,霧峰區,六股里,680,363977,535,377,190,661,579.90,108.34
台中市,霧峰區,丁台里,624,398149,638,392,197,768,845.85,132.57
台中市,霧峰區,北勢里,531,321397,605,413,214,775,612.40,101.18
台中市,霧峰區,南勢里,293,180406,616,362,176,635,1043.24,169.43
台中市,霧峰區,萊園里,257,166133,646,432,188,856,831.22,128.59
台中市,太平區,太平里,1724,1250189,725,432,210,821,1046.32,144.29
台中市,太平區,中平里,1213,761514,628,407,197,713,1613.59,257.03
台中市,太平區,東平里,1257,769133,612,416,195,745,762.13,124.56
台中市,太平區,坪林里,933,566768,607,421,197,769,658.90,108.47
台中市,太平區,新光里,2517,1794161,713,483,245,880,824.11,115.61
台中市,太平區,頭汴里,413,228993,554,339,166,654,791.68,142.78
台中市,太平區,東汴里,224,97350,435,278,145,543,487.04,112.07
台中市,太平區,興隆里,820,435026,531,354,168,663,612.98,115.54
台中市,太平區,光隆里,875,502923,575,389,201,723,622.12,108.24
台中市,太平區,黃竹里,96,50341,524,325,154,668,532.35,101.52
台中市,太平區,中興里,1071,704011,657,413,191,798,875.43,133.18
台中市,太平區,建國里,883,473786,537,372,174,649,616.79,114.95
台中市,太平區,光華里,1670,1006607,603,419,221,747,768.51,127.50
台中市,太平區,中山里,947,553423,584,387,199,703,711.31,121.72
台中市,太平區,宜欣里,1876,1121648,598,401,197,744,697.42,116.65
台中市,太平區,新坪里,2661,1864067,701,477,237,906,741.54,105.86
台中市,太平區,新福里,2522,1965053,779,518,244,997,868.87,111.51
台中市,太平區,長億里,2155,1332883,619,423,209,758,720.61,116.51
台中市,太平區,德隆里,1383,747604,541,356,177,633,825.00,152.62
台中市,太平區,永成里,2217,1304105,588,417,200,744,605.81,102.99
台中市,太平區,中政里,1092,673799,617,390,188,731,848.76,137.56
台中市,太平區,平安里,626,342801,548,366,185,633,678.25,123.86
台中市,太平區,永平里,1315,880361,669,412,215,778,887.59,132.58
台中市,太平區,建興里,819,443551,542,360,197,630,703.46,129.89
台中市,太平區,成功里,1183,689375,583,391,196,731,712.30,122.23
台中市,太平區,東和里,883,548800,622,406,201,751,746.23,120.07
台中市,太平區,宜佳里,1918,1216752,634,413,211,794,757.14,119.35
台中市,太平區,宜昌里,1462,967768,662,436,220,822,816.92,123.41
台中市,太平區,豐年里,1338,876936,655,430,213,803,823.96,125.72
台中市,太平區,大興里,753,439495,584,391,198,729,639.76,109.61
台中市,太平區,勤益里,653,431322,661,418,201,870,766.20,116.00
台中市,太平區,光明里,1159,826616,713,458,233,886,913.15,128.03
台中市,太平區,新吉里,1884,1319513,700,467,235,893,749.20,106.97
台中市,太平區,新城里,2079,1421842,684,488,247,865,735.42,107.53
台中市,太平區,新興里,2634,2640003,1002,692,298,1289,1223.28,122.05
台中市,太平區,新高里,3602,3253127,903,637,289,1173,991.37,109.77
台中市,太平區,聖和里,416,325715,783,380,186,797,1285.97,164.24
台中市,太平區,福隆里,1083,575527,531,359,167,641,620.88,116.84
台中市,太平區,永隆里,715,378630,530,338,175,609,796.54,150.42
台中市,大里區,大里里,1251,813779,651,438,201,819,699.45,107.53
台中市,大里區,新里里,3671,2927228,797,499,229,994,951.37,119.31
台中市,大里區,樹王里,1183,810839,685,429,206,873,916.26,133.68
台中市,大里區,祥興里,2651,1771513,668,449,209,842,761.53,113.96
台中市,大里區,內新里,2951,2033020,689,453,211,886,817.52,118.67
台中市,大里區,東昇里,1116,748877,671,449,207,825,771.98,115.04
台中市,大里區,大元里,1449,973535,672,407,203,811,834.00,124.13
台中市,大里區,仁化里,2680,1659187,619,411,203,752,820.63,132.55
台中市,大里區,健民里,1553,825731,532,368,184,663,667.70,125.58
台中市,大里區,塗城里,2535,1416442,559,390,191,677,652.03,116.69
台中市,大里區,東湖里,3669,2305784,628,430,207,793,745.65,118.65
台中市,大里區,西湖里,932,593707,637,415,199,770,750.69,117.84
台中市,大里區,夏田里,280,181221,647,456,200,845,706.06,109.09
台中市,大里區,東興里,2397,1665110,695,453,218,846,805.97,116.02
台中市,大里區,日新里,1464,984177,672,443,219,885,705.58,104.96
台中市,大里區,西榮里,1853,1239743,669,430,193,848,846.90,126.58
台中市,大里區,金城里,2849,1655466,581,381,182,714,805.40,138.61
台中市,大里區,立仁里,1723,1047627,608,400,190,718,848.49,139.55
台中市,大里區,新仁里,2459,1412393,574,400,193,727,655.83,114.18
台中市,大里區,瑞城里,3995,2588091,648,437,220,800,756.71,116.81
台中市,大里區,中新里,1919,1373624,716,481,227,918,809.39,113.07
台中市,大里區,仁德里,1983,1374032,693,434,216,828,1026.62,148.16
台中市,大里區,立德里,2719,1893237,696,459,209,885,882.77,126.78
台中市,大里區,國光里,2155,1699885,789,482,228,991,1028.75,130.42
台中市,大里區,大明里,1455,984487,677,438,193,808,834.08,123.27
台中市,大里區,永隆里,4142,4067604,982,620,270,1267,1481.16,150.83
台中市,大里區,長榮里,3185,2478337,778,489,229,980,952.62,122.42
台中市,和平區,中坑里,86,56882,661,392,200,643,897.77,135.73
台中市,和平區,自由里,167,90840,544,398,188,632,666.03,122.44
台中市,和平區,平等里,157,91601,583,383,179,836,625.31,107.18
台中市,和平區,南勢里,436,248973,571,412,193,743,569.51,99.73
台中市,和平區,博愛里,355,202957,572,459,222,708,576.42,100.82
台中市,和平區,梨山里,294,154929,527,356,160,635,666.94,126.56
台中市,和平區,天輪里,109,60220,552,361,162,704,561.29,101.60
台中市,和平區,達觀里,167,89662,537,369,174,708,544.93,101.50
基隆市,中正區,德義里,259,232511,898,508,281,1096,1008.50,112.34
基隆市,中正區,正義里,392,233934,597,410,209,750,603.71,101.16
基隆市,中正區,信義里,262,192436,734,423,197,830,2359.80,321.28
基隆市,中正區,義重里,284,205485,724,471,228,838,1055.16,145.83
基隆市,中正區,港通里,522,514628,986,585,289,1187,1276.14,129.44
基隆市,中正區,中船里,338,228738,677,444,248,806,761.07,112.46
基隆市,中正區,正船里,394,242290,615,420,211,807,663.60,107.91
基隆市,中正區,入船里,226,145918,646,443,237,880,687.80,106.53
基隆市,中正區,中砂里,462,306784,664,459,222,826,876.52,132.00
基隆市,中正區,正砂里,771,601518,780,510,254,950,943.24,120.90
基隆市,中正區,真砂里,428,279063,652,461,230,847,693.24,106.32
基隆市,中正區,砂灣里,637,411482,646,434,222,817,707.32,109.50
基隆市,中正區,中濱里,361,200608,556,374,214,732,608.70,109.54
基隆市,中正區,中正里,498,290482,583,401,198,711,669.34,114.75
基隆市,中正區,正濱里,276,196658,713,401,212,765,1789.15,251.10
基隆市,中正區,社寮里,453,273202,603,418,212,726,705.03,116.90
基隆市,中正區,平寮里,323,180503,559,407,227,673,548.37,98.13
基隆市,中正區,八斗里,360,207107,575,417,222,732,583.52,101.43
基隆市,中正區,長潭里,102,65381,641,337,189,692,1132.69,176.71
基隆市,中正區,砂子里,1928,1155113,599,433,209,767,650.18,108.52
基隆市,中正區,海濱里,278,138698,499,390,207,590,466.22,93.45
基隆市,中正區,建國里,602,432078,718,508,243,943,764.50,106.52
基隆市,中正區,和憲里,213,118736,557,401,224,679,586.32,105.18
基隆市,中正區,碧砂里,294,165261,562,370,173,743,606.26,107.85
基隆市,中正區,新豐里,2606,1920860,737,514,255,948,825.06,111.93
基隆市,中正區,新富里,1683,1025276,609,421,214,752,696.83,114.39
基隆市,七堵區,八德里,515,296026,575,392,207,742,587.82,102.26
基隆市,七堵區,長興里,1301,838591,645,450,242,800,680.78,105.62
基隆市,七堵區,正光里,829,640579,773,476,227,929,971.39,125.71
基隆市,七堵區,永平里,643,432968,673,458,217,869,727.47,108.04
基隆市,七堵區,富民里,1233,867124,703,452,235,881,849.81,120.84
基隆市,七堵區,自強里,398,261636,657,446,217,834,739.84,112.54
基隆市,七堵區,泰安里,1688,1141780,676,464,236,857,792.54,117.17
基隆市,七堵區,堵南里,699,427864,612,425,224,762,721.01,117.79
基隆市,七堵區,堵北里,1363,900504,661,447,239,790,722.90,109.42
基隆市,七堵區,六堵里,856,571067,667,449,227,824,789.55,118.35
基隆市,七堵區,友一里,815,759919,932,523,253,1114,1295.75,138.97
基隆市,七堵區,友二里,111,61847,557,373,205,636,693.15,124.40
基隆市,七堵區,瑪東里,84,46569,554,336,228,638,703.83,126.96
基隆市,七堵區,瑪南里,109,65559,601,382,179,690,794.62,132.12
基隆市,七堵區,瑪西里,85,59870,704,430,211,766,899.94,127.77
基隆市,七堵區,永安里,802,592189,738,479,245,935,822.19,111.35
基隆市,七堵區,百福里,2396,1667329,696,459,243,861,795.07,114.25
基隆市,七堵區,實踐里,1343,787956,587,400,217,699,640.53,109.17
基隆市,七堵區,正明里,682,494525,725,491,230,939,809.53,111.64
基隆市,七堵區,長安里,853,462610,542,385,218,666,585.90,108.03
基隆市,暖暖區,碇內里,965,692660,718,473,247,898,819.50,114.17
基隆市,暖暖區,過港里,1307,800205,612,423,217,735,761.95,124.45
基隆市,暖暖區,暖暖里,942,676658,718,467,240,908,800.25,111.41
基隆市,暖暖區,暖同里,876,549449,627,447,232,756,667.32,106.39
基隆市,暖暖區,暖西里,1873,1509438,806,491,250,952,1124.23,139.50
基隆市,暖暖區,暖東里,94,53455,569,455,275,712,465.22,81.81
基隆市,暖暖區,八西里,442,294289,666,433,247,894,685.96,103.03
基隆市,暖暖區,八堵里,175,97119,555,412,224,683,534.78,96.36
基隆市,暖暖區,八南里,286,199430,697,463,272,839,826.78,118.57
基隆市,暖暖區,八中里,96,55635,580,377,184,601,665.27,114.80
基隆市,暖暖區,碇和里,1156,848581,734,490,243,901,973.10,132.56
基隆市,暖暖區,碇安里,1879,1302495,693,481,247,880,753.98,108.77
基隆市,暖暖區,碇祥里,2232,1479024,663,449,226,841,719.44,108.57
基隆市,仁愛區,仁德里,348,303904,873,527,262,1033,1138.56,130.38
基隆市,仁愛區,和明里,680,704037,1035,666,316,1317,1206.34,116.52
基隆市,仁愛區,水錦里,623,513503,824,580,277,1117,809.59,98.22
基隆市,仁愛區,玉田里,311,255063,820,504,235,1105,903.97,110.22
基隆市,仁愛區,新店里,235,203133,864,533,224,1050,1045.09,120.90
基隆市,仁愛區,文昌里,249,170331,684,483,234,871,668.77,97.77
基隆市,仁愛區,誠仁里,285,180495,633,464,268,800,649.89,102.62
基隆市,仁愛區,林泉里,496,353567,713,497,224,946,824.36,115.65
基隆市,仁愛區,育仁里,190,108474,571,369,187,664,721.93,126.45
基隆市,仁愛區,吉仁里,749,387810,518,383,200,637,529.22,102.21
基隆市,仁愛區,博愛里,487,378155,776,508,232,960,891.80,114.85
基隆市,仁愛區,福仁里,224,127323,568,389,205,766,562.62,98.98
基隆市,仁愛區,智仁里,816,688195,843,571,238,1160,888.35,105.33
基隆市,仁愛區,曲水里,232,167844,723,475,256,795,867.22,119.87
基隆市,仁愛區,德厚里,573,411204,718,492,257,878,771.88,107.56
基隆市,仁愛區,英仁里,334,193136,578,402,215,849,528.16,91.34
基隆市,仁愛區,龍門里,210,132896,633,420,222,734,844.93,133.52
基隆市,仁愛區,花崗里,391,318940,816,513,250,1034,867.59,106.36
基隆市,仁愛區,同風里,198,123459,624,374,223,830,651.56,104.50
基隆市,仁愛區,虹橋里,494,412177,834,578,272,1073,937.09,112.31
基隆市,仁愛區,書院里,315,198122,629,415,211,754,779.74,123.97
基隆市,仁愛區,獅球里,281,155317,553,431,207,719,494.68,89.50
基隆市,仁愛區,忠勇里,309,237404,768,542,236,918,982.39,127.87
基隆市,仁愛區,文安里,208,112581,541,401,226,658,527.75,97.50
基隆市,仁愛區,明德里,198,135115,682,485,196,919,722.75,105.91
基隆市,仁愛區,兆連里,201,128621,640,466,267,773,669.28,104.59
基隆市,仁愛區,崇文里,277,184197,665,482,201,848,726.45,109.25
基隆市,仁愛區,朝棟里,878,622838,709,468,219,943,768.71,108.36
基隆市,仁愛區,光華里,747,561662,752,470,229,935,945.48,125.75
基隆市,中山區,安平里,231,143205,620,416,191,799,657.77,106.10
基隆市,中山區,安民里,332,215263,648,410,200,795,724.70,111.77
基隆市,中山區,新建里,250,178129,713,466,242,883,831.48,116.70
基隆市,中山區,中山里,279,153857,551,409,218,701,626.67,113.64
基隆市,中山區,民治里,224,137040,612,389,202,689,881.41,144.07
基隆市,中山區,中興里,401,321636,802,485,238,921,1525.87,190.24
基隆市,中山區,仁正里,220,125796,572,396,187,766,557.54,97.51
基隆市,中山區,健民里,302,171324,567,384,212,671,666.18,117.43
基隆市,中山區,通化里,286,160054,560,391,202,707,757.92,135.43
基隆市,中山區,居仁里,331,177210,535,409,222,697,471.72,88.11
基隆市,中山區,通明里,487,272355,559,415,223,712,573.44,102.54
基隆市,中山區,協和里,422,255328,605,420,208,772,611.75,101.11
基隆市,中山區,文化里,296,179680,607,398,201,683,936.25,154.23
基隆市,中山區,和平里,148,98380,665,493,250,903,617.93,92.96
基隆市,中山區,仙洞里,131,77440,591,405,231,686,663.10,112.17
基隆市,中山區,太白里,254,166770,657,442,265,795,747.93,113.91
基隆市,中山區,西榮里,189,108849,576,409,215,747,555.01,96.37
基隆市,中山區,西華里,254,150925,594,447,223,791,557.42,93.81
基隆市,中山區,西定里,257,132494,516,360,194,598,544.97,105.71
基隆市,中山區,西康里,421,232621,553,412,232,672,547.43,99.07
基隆市,中山區,德和里,2568,2071300,807,541,284,1021,841.83,104.37
基隆市,中山區,德安里,1379,982899,713,478,257,877,800.17,112.26
基隆市,中山區,中和里,1852,1125200,608,432,229,750,642.90,105.82
基隆市,中山區,和慶里,2178,1166549,536,401,216,692,550.56,102.79
基隆市,安樂區,嘉仁里,1001,579289,579,406,194,716,722.05,124.77
基隆市,安樂區,樂一里,226,184800,818,514,296,915,940.51,115.02
基隆市,安樂區,定國里,285,158177,555,412,222,741,554.62,99.93
基隆市,安樂區,安和里,298,181210,608,404,194,706,828.69,136.28
基隆市,安樂區,定邦里,303,197472,652,472,239,800,643.29,98.71
基隆市,安樂區,永康里,585,376299,643,440,207,774,906.27,140.89
基隆市,安樂區,慈仁里,254,140086,552,394,196,719,589.27,106.84
基隆市,安樂區,干城里,562,294217,524,365,196,644,545.98,104.29
基隆市,安樂區,外寮里,1349,846964,628,425,226,818,662.66,105.55
基隆市,安樂區,中崙里,696,481976,692,455,235,882,776.56,112.14
基隆市,安樂區,內寮里,2047,1531705,748,469,233,928,884.68,118.23
基隆市,安樂區,西川里,345,187643,544,382,198,649,624.07,114.74
基隆市,安樂區,新西里,367,225545,615,426,221,656,849.91,138.29
基隆市,安樂區,新崙里,1583,1141247,721,482,243,911,844.52,117.14
基隆市,安樂區,鶯歌里,879,711946,810,546,285,1007,842.30,103.99
基隆市,安樂區,三民里,752,442012,588,423,234,753,596.41,101.47
基隆市,安樂區,四維里,1831,1437586,785,536,257,1044,833.67,106.18
基隆市,安樂區,五福里,1157,772559,668,460,236,790,814.19,121.93
基隆市,安樂區,六合里,1515,1137347,751,509,260,932,836.08,111.37
基隆市,安樂區,七賢里,762,490031,643,458,251,805,672.73,104.61
基隆市,安樂區,長樂里,1418,1333498,940,584,279,1154,1167.35,124.13
基隆市,安樂區,武崙里,2089,1946976,932,573,280,1081,4810.38,516.13
基隆市,安樂區,興寮里,1804,1241676,688,468,245,886,763.29,110.90
基隆市,安樂區,鶯安里,2326,2437155,1048,650,299,1270,1293.02,123.41
基隆市,安樂區,壯觀里,1874,1712685,914,626,313,1176,1078.96,118.06
基隆市,信義區,仁壽里,372,321638,865,592,290,1049,984.89,113.91
基隆市,信義區,仁義里,453,367914,812,552,258,1025,856.13,105.41
基隆市,信義區,義幸里,828,599297,724,514,236,957,752.18,103.92
基隆市,信義區,義民里,235,163084,694,401,189,852,887.13,127.83
基隆市,信義區,義和里,422,282379,669,450,222,847,732.27,109.43
基隆市,信義區,智慧里,251,212011,845,560,247,1067,911.04,107.86
基隆市,信義區,智誠里,412,234419,569,406,217,714,565.35,99.36
基隆市,信義區,禮儀里,529,366605,693,434,211,844,942.03,135.93
基隆市,信義區,禮東里,531,398202,750,479,234,890,928.37,123.80
基隆市,信義區,信綠里,653,435449,667,485,234,872,640.74,96.09
基隆市,信義區,孝岡里,483,309099,640,469,246,829,635.68,99.33
基隆市,信義區,孝深里,1947,1487478,764,498,252,978,897.75,117.51
基隆市,信義區,東光里,646,407539,631,459,220,804,652.80,103.48
基隆市,信義區,東安里,990,600833,607,415,221,765,663.75,109.37
基隆市,信義區,義昭里,489,673311,1377,721,280,1606,2298.83,166.96
基隆市,信義區,東明里,1212,814383,672,442,221,863,735.10,109.40
基隆市,信義區,東信里,1529,1084892,710,474,236,925,771.58,108.74
基隆市,信義區,孝賢里,1356,908182,670,478,229,905,715.48,106.83
基隆市,信義區,孝德里,957,571761,597,435,227,788,540.99,90.55
基隆市,信義區,孝忠里,3126,2536629,811,541,268,1015,975.76,120.25
台南市,東區,路東里,581,533372,918,554,243,1090,1183.97,128.97
台南市,東區,大福里,493,338309,686,450,234,838,754.08,109.89
台南市,東區,東安里,392,332147,847,464,231,941,1545.29,182.37
台南市,東區,德高里,1161,1055334,909,535,272,1092,1365.13,150.18
台南市,東區,小東里,1489,1420854,954,586,267,1127,1362.98,142.83
台南市,東區,後甲里,904,688301,761,482,218,937,909.60,119.47
台南市,東區,關聖里,1819,2650642,1457,765,341,1752,2087.72,143.27
台南市,東區,圍下里,659,754026,1144,595,234,1170,1758.24,153.67
台南市,東區,虎尾里,1888,1961259,1039,589,278,1284,1316.55,126.74
台南市,東區,中西里,1093,1207245,1105,586,265,1305,1840.56,166.64
台南市,東區,泉南里,1727,1907007,1104,539,249,1169,1830.51,165.77
台南市,東區,龍山里,1977,2985133,1510,791,336,1743,2707.89,179.34
台南市,東區,忠孝里,1454,1294315,890,515,244,1062,1255.77,141.07
台南市,東區,崇誨里,773,589632,763,465,196,958,1002.41,131.41
台南市,東區,大學里,420,559022,1331,758,315,1694,1720.93,129.30
台南市,東區,大德里,424,286040,675,419,208,776,841.20,124.69
台南市,東區,東光里,1816,2450084,1349,683,317,1494,1937.20,143.59
台南市,東區,大智里,2332,1926758,826,534,263,999,1118.44,135.37
台南市,東區,新東里,875,839764,960,553,282,1162,1233.01,128.47
台南市,東區,仁和里,1550,1050715,678,446,223,849,744.72,109.86
台南市,東區,富強里,1568,1595444,1018,583,283,1170,1435.57,141.09
台南市,東區,衛國里,477,371568,779,462,218,943,1033.85,132.72
台南市,東區,自強里,2005,2078406,1037,605,292,1215,1506.18,145.30
台南市,東區,崇善里,1876,1874897,999,592,274,1201,1488.32,148.92
台南市,東區,崇學里,1025,1033340,1008,544,249,1165,1523.87,151.16
台南市,東區,崇明里,1528,1758385,1151,655,278,1365,1736.10,150.86
台南市,東區,裕農里,1010,856227,848,491,218,986,1130.55,133.36
台南市,東區,莊敬里,1345,1397048,1039,578,271,1220,1376.17,132.49
台南市,東區,和平里,2018,2346521,1163,698,300,1397,1705.42,146.67
台南市,東區,富裕里,742,580546,782,485,234,955,980.04,125.26
台南市,東區,東明里,1063,1075955,1012,588,275,1140,1707.54,168.70
台南市,東區,崇德里,1675,1579010,943,579,279,1161,1257.76,133.42
台南市,東區,東智里,1103,1061853,963,546,275,1156,1362.34,141.51
台南市,東區,東聖里,737,551105,748,511,253,931,886.10,118.50
台南市,東區,崇成里,1033,1059078,1025,621,300,1211,1430.52,139.53
台南市,東區,東門里,616,624494,1014,503,221,1074,3803.51,375.18
台南市,東區,成大里,612,560075,915,562,254,1101,1199.97,131.12
台南市,東區,大同里,904,739048,818,445,213,887,1239.50,151.61
台南市,東區,德光里,1515,1556914,1028,589,260,1203,1508.58,146.80
台南市,東區,崇信里,1308,1109160,848,512,235,1043,1064.95,125.59
台南市,東區,崇文里,2169,1977655,912,558,267,1149,1157.10,126.91
台南市,東區,復興里,1137,954991,840,490,226,1020,1575.23,187.54
台南市,東區,裕聖里,2037,3033581,1489,860,381,1860,3016.16,202.53
台南市,東區,文聖里,1824,2517501,1380,806,358,1719,1836.75,133.08
台南市,東區,南聖里,990,1347644,1361,782,338,1576,1950.71,143.30
台南市,南區,竹溪里,623,774264,1243,603,276,1332,2297.50,184.86
台南市,南區,新昌里,730,557047,763,474,212,905,996.90,130.64
台南市,南區,田寮里,999,746516,747,480,254,906,1023.60,136.98
台南市,南區,明亮里,995,660791,664,427,221,780,776.85,116.98
台南市,南區,光明里,1114,660242,593,404,202,735,699.18,117.97
台南市,南區,喜東里,615,430946,701,439,231,854,859.97,122.73
台南市,南區,喜南里,223,114795,515,335,177,643,678.42,131.79
台南市,南區,喜北里,500,265808,532,366,178,682,559.87,105.31
台南市,南區,省躬里,1324,906860,685,504,268,882,685.20,100.04
台南市,南區,佛壇里,672,404242,602,413,224,777,599.70,99.69
台南市,南區,同安里,609,354719,582,410,203,718,653.45,112.19
台南市,南區,興農里,961,655325,682,472,255,856,772.81,113.33
台南市,南區,明德里,587,545406,929,721,333,1146,914.79,98.46
台南市,南區,廣州里,724,537703,743,464,221,919,864.10,116.35
台南市,南區,新興里,916,774608,846,512,255,1016,1079.80,127.69
台南市,南區,大成里,945,1037698,1098,705,332,1364,1228.98,111.92
台南市,南區,國宅里,844,555225,658,427,208,848,730.84,111.09
台南市,南區,新生里,1050,693164,660,459,218,884,730.08,110.59
台南市,南區,大林里,789,758403,961,539,251,1102,1321.45,137.48
台南市,南區,大忠里,1364,967994,710,448,227,829,951.94,134.14
台南市,南區,大恩里,1084,776870,717,447,219,909,799.50,111.56
台南市,南區,明興里,963,610446,634,422,201,761,975.42,153.88
台南市,南區,文華里,1054,694833,659,444,235,776,776.09,117.73
台南市,南區,再興里,733,627289,856,504,251,999,1183.37,138.28
台南市,南區,金華里,1512,1190513,787,483,238,920,1266.84,160.89
台南市,南區,南都里,673,437978,651,436,212,764,765.62,117.65
台南市,南區,開南里,1566,913643,583,408,212,746,683.79,117.20
台南市,南區,彰南里,478,470738,985,501,249,1101,1547.24,157.11
台南市,南區,建南里,1683,1211637,720,467,234,872,920.04,127.80
台南市,南區,郡南里,1118,713574,638,444,230,781,744.17,116.59
台南市,南區,府南里,1503,1087630,724,480,233,895,864.18,119.42
台南市,南區,文南里,1795,1475958,822,519,251,999,999.03,121.50
台南市,南區,鯤鯓里,377,214301,568,372,191,665,705.45,124.10
台南市,南區,松安里,448,265164,592,415,206,766,602.75,101.84
台南市,南區,永寧里,347,183632,529,356,183,613,595.09,112.45
台南市,南區,南華里,632,344265,545,387,209,652,608.50,111.71
台南市,南區,鹽埕里,1015,622450,613,419,219,732,722.43,117.80
台南市,北區,振興里,606,552219,911,529,237,1044,1284.22,140.93
台南市,北區,開元里,1015,705967,696,426,209,800,965.33,138.79
台南市,北區,和順里,1889,1948095,1031,571,262,1220,1697.87,164.64
台南市,北區,成功里,1757,1725742,982,587,275,1191,1326.20,135.02
台南市,北區,文元里,1246,1386349,1113,610,290,1403,1391.76,125.09
台南市,北區,大港里,1775,1290887,727,488,229,901,849.36,116.79
台南市,北區,東興里,670,716532,1069,550,258,1151,1612.45,150.77
台南市,北區,力行里,783,630555,805,483,243,965,1387.68,172.32
台南市,北區,仁愛里,838,1229796,1468,711,292,1686,2557.40,174.26
台南市,北區,正覺里,839,609474,726,419,225,837,967.84,133.23
台南市,北區,大豐里,1307,1212702,928,479,234,914,2282.28,245.97
台南市,北區,重興里,758,835495,1102,623,289,1275,1833.88,166.38
台南市,北區,中樓里,474,422220,891,496,253,996,1467.65,164.76
台南市,北區,公園里,601,645805,1075,528,225,1157,1922.23,178.89
台南市,北區,元寶里,1783,1698546,953,604,302,1157,1151.10,120.83
台南市,北區,永祥里,819,500126,611,409,210,730,782.48,128.14
台南市,北區,成德里,1785,2297798,1287,717,312,1514,2029.48,157.66
台南市,北區,文成里,1012,932869,922,541,260,1110,1250.53,135.66
台南市,北區,大和里,1237,961482,777,484,239,967,891.57,114.70
台南市,北區,賢北里,1351,1233791,913,540,256,1119,1125.63,123.26
台南市,北區,長勝里,1175,919818,783,458,211,908,1015.44,129.72
台南市,北區,合興里,1153,1197615,1039,565,255,1150,1593.26,153.39
台南市,北區,北門里,1491,957851,642,424,211,781,812.44,126.47
台南市,北區,小北里,1134,802402,708,445,205,853,869.98,122.95
台南市,北區,大光里,1359,969158,713,463,235,899,834.11,116.96
台南市,北區,大興里,806,618848,768,498,236,936,933.08,121.53
台南市,北區,長興里,829,637687,769,459,208,952,1077.04,140.02
台南市,北區,北華里,1037,701557,677,406,197,799,907.06,134.08
台南市,北區,華德里,1619,2248989,1389,827,358,1793,1752.56,126.16
台南市,北區,福德里,2184,3420929,1566,938,382,2020,1910.36,121.96
台南市,北區,立人里,878,669104,762,488,218,989,934.45,122.62
台南市,北區,雙安里,873,1115243,1277,708,296,1580,2032.70,159.12
台南市,北區,元美里,1166,1428559,1225,649,306,1560,1715.03,139.98
台南市,安南區,塭南里,1477,983650,666,440,229,826,746.25,112.05
台南市,安南區,東和里,1300,2204798,1696,1019,447,2260,1923.70,113.43
台南市,安南區,州北里,1483,1120246,755,479,258,909,891.61,118.03
台南市,安南區,州南里,1724,1480900,859,519,268,1013,1103.44,128.46
台南市,安南區,安順里,1785,1546085,866,551,285,1054,1033.82,119.36
台南市,安南區,新順里,2508,2162301,862,543,273,1056,1004.93,116.56
台南市,安南區,安東里,901,634015,704,467,236,881,790.30,112.31
台南市,安南區,安西里,1333,1188758,892,558,285,1095,1029.89,115.49
台南市,安南區,安慶里,2265,1787623,789,487,241,962,989.71,125.40
台南市,安南區,頂安里,1672,1443818,864,584,288,1079,946.19,109.57
台南市,安南區,原佃里,692,613349,886,470,246,1072,1270.58,143.35
台南市,安南區,總頭里,495,366622,741,437,214,781,1178.53,159.12
台南市,安南區,長安里,1486,1029223,693,463,242,819,860.23,124.20
台南市,安南區,公親里,295,168376,571,396,203,718,578.53,101.36
台南市,安南區,海東里,1837,1474921,803,496,241,951,1080.76,134.61
台南市,安南區,海西里,759,488230,643,452,227,837,687.00,106.80
台南市,安南區,海南里,1052,1062592,1010,626,323,1237,1305.82,129.28
台南市,安南區,溪心里,2572,1971824,767,490,251,925,909.40,118.62
台南市,安南區,淵東里,1482,1095153,739,489,258,920,794.91,107.57
台南市,安南區,淵中里,932,636842,683,438,218,795,787.16,115.20
台南市,安南區,淵西里,1223,842851,689,469,234,863,866.88,125.79
台南市,安南區,佃東里,992,600392,605,451,232,762,662.09,109.39
台南市,安南區,佃西里,626,415472,664,483,236,851,667.25,100.54
台南市,安南區,公塭里,271,155984,576,408,220,724,579.73,100.72
台南市,安南區,南興里,527,316120,600,423,229,793,654.47,109.11
台南市,安南區,學東里,806,450224,559,394,209,708,621.96,111.34
台南市,安南區,城東里,386,207757,538,379,198,640,639.21,118.76
台南市,安南區,城西里,353,239688,679,435,226,890,822.01,121.06
台南市,安南區,城南里,847,523384,618,430,233,730,723.66,117.11
台南市,安南區,城北里,431,242490,563,409,205,700,563.46,100.15
台南市,安南區,城中里,264,172362,653,464,213,761,742.34,113.70
台南市,安南區,砂崙里,296,172576,583,401,205,659,852.18,146.17
台南市,安南區,青草里,298,141202,474,337,178,612,483.78,102.10
台南市,安南區,四草里,433,297080,686,444,216,783,812.79,118.47
台南市,安南區,塩田里,500,395043,790,482,209,952,1071.31,135.59
台南市,安南區,媽祖宮里,387,262040,677,391,199,744,1175.09,173.55
台南市,安南區,鹿耳里,212,102927,486,320,163,621,556.71,114.67
台南市,安南區,安和里,657,407377,620,433,222,769,651.13,105.01
台南市,安南區,溪北里,909,639839,704,459,238,848,797.13,113.25
台南市,安南區,溪頂里,1415,965846,683,464,226,858,751.69,110.13
台南市,安南區,溪墘里,885,617904,698,443,226,822,892.12,127.78
台南市,安南區,海佃里,1237,838075,678,440,214,811,865.82,127.79
台南市,安南區,幸福里,1028,596110,580,399,220,722,621.27,107.14
台南市,安南區,梅花里,1241,904216,729,490,241,861,840.42,115.34
台南市,安南區,鳳凰里,1297,829090,639,404,195,764,842.84,131.85
台南市,安南區,理想里,1426,963467,676,463,221,832,781.34,115.64
台南市,安南區,溪東里,1545,1374873,890,585,281,1084,1081.48,121.53
台南市,安南區,布袋里,579,430319,743,509,277,895,817.41,109.98
台南市,安南區,國安里,1989,2447034,1230,778,364,1668,1304.61,106.04
台南市,安南區,安富里,1572,1133118,721,457,226,880,916.39,127.13
台南市,安南區,大安里,1164,800852,688,433,211,838,822.90,119.60
台南市,安平區,金城里,610,520608,853,490,232,1037,1297.23,152.00
台南市,安平區,漁光里,72,38953,541,312,166,645,696.46,128.73
台南市,安平區,建平里,2067,2183141,1056,601,281,1198,1669.47,158.07
台南市,安平區,怡平里,1649,1662910,1008,543,265,1162,1712.01,169.77
台南市,安平區,華平里,1705,1375145,807,492,236,885,1304.84,161.78
台南市,安平區,平通里,2579,2197102,852,517,259,1001,1222.74,143.53
台南市,安平區,文平里,2212,2497075,1129,601,290,1321,1639.96,145.27
台南市,安平區,國平里,3494,3700194,1059,620,283,1226,1495.52,141.22
台南市,安平區,育平里,2939,2531329,861,536,253,1037,1229.97,142.81
台南市,安平區,億載里,1160,1186817,1023,627,292,1251,1275.19,124.64
台南市,安平區,平安里,1061,824184,777,448,242,883,1105.75,142.35
台南市,安平區,王城里,693,416408,601,392,211,706,694.96,115.66
台南市,安平區,天妃里,804,502684,625,402,201,714,774.57,123.89
台南市,中西區,赤嵌里,1248,1241018,994,563,245,1181,1738.26,174.80
台南市,中西區,法華里,1015,1165689,1148,664,295,1379,1450.62,126.31
台南市,中西區,郡王里,1220,1581257,1296,725,320,1466,2015.34,155.49
台南市,中西區,開山里,780,657303,843,464,211,1007,1162.11,137.90
台南市,中西區,永華里,859,771784,898,501,227,1124,1165.96,129.77
台南市,中西區,藥王里,1019,927218,910,516,257,1021,1490.77,163.83
台南市,中西區,大涼里,989,1000377,1012,573,280,1186,1446.61,143.02
台南市,中西區,光賢里,1259,1133628,900,571,279,1090,1098.74,122.03
台南市,中西區,西賢里,1879,1949994,1038,603,278,1196,1539.70,148.36
台南市,中西區,西湖里,2443,3020730,1236,692,316,1509,1708.77,138.20
台南市,中西區,城隍里,1349,1642226,1217,636,277,1389,1774.03,145.73
台南市,中西區,南美里,1082,1190157,1100,579,250,1244,1723.08,156.65
台南市,中西區,南門里,920,1234420,1342,624,274,1396,3307.30,246.49
台南市,中西區,小西門里,978,771549,789,465,228,930,1071.27,135.79
台南市,中西區,五條港里,542,482137,890,454,219,958,1623.51,182.51
台南市,中西區,兌悅里,1034,732723,709,425,199,839,932.11,131.54
台南市,中西區,淺草里,813,832921,1025,503,196,1086,1631.05,159.20
台南市,中西區,府前里,605,495017,818,469,208,1069,1037.08,126.75
台南市,中西區,南廠里,1031,689050,668,419,172,779,1042.62,156.00
台南市,中西區,西和里,1473,1677537,1139,557,270,1232,1828.37,160.54
台南市,新營區,忠政里,1713,1338782,782,551,250,983,905.06,115.80
台南市,新營區,民權里,866,746068,862,525,254,1046,1183.09,137.33
台南市,新營區,三仙里,900,704389,783,510,254,971,971.64,124.15
台南市,新營區,民生里,1047,810739,774,500,249,942,1030.19,133.04
台南市,新營區,民榮里,1519,1093194,720,477,242,928,811.47,112.75
台南市,新營區,南興里,662,420194,635,460,223,828,620.97,97.83
台南市,新營區,中營里,429,363296,847,573,254,1068,939.30,110.92
台南市,新營區,興業里,657,532673,811,508,259,929,1070.51,132.04
台南市,新營區,王公里,1416,1211843,856,536,279,1057,1099.48,128.47
台南市,新營區,大宏里,991,932421,941,599,280,1112,1247.52,132.59
台南市,新營區,護鎮里,455,295494,649,489,247,833,724.62,111.58
台南市,新營區,埤寮里,506,352548,697,469,247,970,765.23,109.83
台南市,新營區,土庫里,410,241631,589,405,207,763,637.16,108.11
台南市,新營區,太南里,442,255745,579,430,250,738,514.65,88.95
台南市,新營區,太北里,519,325745,628,451,258,724,723.10,115.21
台南市,新營區,南紙里,1318,796631,604,449,247,782,587.97,97.28
台南市,新營區,嘉芳里,635,407078,641,458,240,843,763.45,119.09
台南市,新營區,五興里,337,209456,622,375,206,742,801.68,128.99
台南市,新營區,姑爺里,195,116072,595,444,254,781,552.81,92.87
台南市,新營區,新北里,1995,1649466,827,603,293,1073,827.90,100.13
台南市,新營區,新南里,2114,2029977,960,642,294,1214,1146.35,119.38
台南市,新營區,新東里,2794,2708627,969,670,326,1267,1132.39,116.81
台南市,新營區,永平里,779,518975,666,453,218,841,764.14,114.70
台南市,鹽水區,水秀里,414,268147,648,456,240,783,799.94,123.51
台南市,鹽水區,橋南里,1116,676991,607,438,235,745,623.15,102.72
台南市,鹽水區,岸內里,1259,801075,636,467,238,816,685.28,107.70
台南市,鹽水區,汫水里,198,146367,739,468,250,755,1300.95,175.99
台南市,鹽水區,歡雅里,367,200672,547,391,205,711,594.67,108.76
台南市,鹽水區,津城里,419,303208,724,460,233,826,985.27,136.15
台南市,鹽水區,月港里,476,348192,731,502,280,889,947.78,129.57
台南市,鹽水區,三明里,384,235074,612,407,226,746,687.63,112.33
台南市,鹽水區,義中里,412,245895,597,435,244,728,658.34,110.31
台南市,鹽水區,文昌里,220,168218,765,480,245,786,1695.74,221.77
台南市,鹽水區,竹林里,220,123808,563,394,221,654,633.29,112.53
台南市,鹽水區,三和里,170,108937,641,428,235,743,711.70,111.06
台南市,鹽水區,坔頭港里,314,169776,541,393,207,706,583.02,107.83
台南市,白河區,白河里,392,291145,743,514,233,948,863.87,116.31
台南市,白河區,永安里,862,571600,663,465,231,832,701.14,105.73
台南市,白河區,庄內里,402,235106,585,426,214,750,606.36,103.68
台南市,白河區,外角里,327,194802,596,405,213,777,749.62,125.83
台南市,白河區,秀祐里,231,126869,549,429,197,715,517.79,94.28
台南市,白河區,大竹里,250,133756,535,421,218,651,522.69,97.69
台南市,白河區,內角里,112,82542,737,547,244,945,1013.98,137.58
台南市,白河區,竹門里,165,90034,546,443,207,705,481.91,88.32
台南市,白河區,崎內里,122,72847,597,377,197,749,826.44,138.41
台南市,白河區,汴頭里,115,70216,611,424,271,790,665.04,108.92
台南市,白河區,昇安里,293,199812,682,430,208,696,2242.67,328.86
台南市,白河區,河東里,300,196925,656,452,260,773,705.12,107.42
台南市,白河區,虎山里,78,49488,634,404,199,736,712.16,112.25
台南市,白河區,大林里,95,49147,517,379,173,669,519.26,100.37
台南市,白河區,崁頭里,69,36982,536,389,212,673,549.06,102.44
台南市,白河區,六溪里,79,50365,638,508,240,742,903.36,141.70
台南市,白河區,關嶺里,163,122330,750,473,238,861,1049.45,139.84
台南市,白河區,仙草里,139,79564,572,388,212,797,544.87,95.19
台南市,白河區,廣蓮里,302,169678,562,414,217,718,557.42,99.21
台南市,白河區,詔豐里,406,242902,598,408,195,759,863.87,144.39
台南市,白河區,馬稠後里,216,120685,559,429,224,707,607.03,108.65
台南市,柳營區,士林里,637,471954,741,521,257,884,1011.19,136.48
台南市,柳營區,光福里,466,308180,661,455,221,830,718.68,108.67
台南市,柳營區,中埕里,408,296034,726,488,253,905,855.77,117.94
台南市,柳營區,東昇里,872,617960,709,505,267,936,770.88,108.78
台南市,柳營區,八翁里,402,252074,627,443,232,857,623.77,99.48
台南市,柳營區,人和里,194,111678,576,399,197,761,673.82,117.05
台南市,柳營區,太康里,414,291827,705,492,250,859,820.39,116.38
台南市,柳營區,重溪里,432,272609,631,444,240,813,714.71,113.26
台南市,柳營區,篤農里,319,198697,623,393,201,725,835.50,134.14
台南市,柳營區,大農里,167,90684,543,373,219,727,520.65,95.88
台南市,柳營區,神農里,310,211421,682,430,225,744,1251.49,183.50
台南市,柳營區,果毅里,299,189443,634,447,255,754,691.93,109.21
台南市,柳營區,旭山里,302,177753,589,412,187,669,732.40,124.43
台南市,後壁區,後壁里,469,322838,688,493,270,844,760.50,110.48
台南市,後壁區,嘉苳里,317,197166,622,463,222,778,656.94,105.62
台南市,後壁區,侯伯里,310,210544,679,512,239,884,692.70,101.99
台南市,後壁區,土溝里,289,166579,576,447,236,727,516.43,89.60
台南市,後壁區,頂安里,375,243417,649,494,264,851,547.58,84.36
台南市,後壁區,長安里,314,214019,682,476,249,852,853.23,125.18
台南市,後壁區,福安里,458,311878,681,438,244,885,847.21,124.42
台南市,後壁區,菁寮里,296,210164,710,514,252,896,765.57,107.82
台南市,後壁區,菁豐里,299,197325,660,448,237,898,659.46,99.92
台南市,後壁區,新嘉里,201,116296,579,405,240,764,536.73,92.77
台南市,後壁區,新東里,443,250752,566,439,230,693,568.61,100.46
台南市,後壁區,竹新里,299,184909,618,501,245,839,544.82,88.10
台南市,後壁區,上茄苳里,476,316086,664,407,205,865,743.73,112.00
台南市,後壁區,長短樹里,436,262700,603,428,233,763,630.25,104.60
台南市,東山區,東山里,351,197656,563,418,202,751,513.41,91.17
台南市,東山區,東中里,657,417510,635,431,228,775,824.85,129.80
台南市,東山區,東正里,280,167928,600,442,247,814,536.46,89.45
台南市,東山區,三榮里,177,106067,599,397,179,714,902.30,150.57
台南市,東山區,大客里,196,106004,541,405,218,661,516.51,95.50
台南市,東山區,科里里,207,130319,630,467,242,837,615.60,97.78
台南市,東山區,東河里,165,91501,555,426,219,757,501.32,90.40
台南市,東山區,聖賢里,463,276711,598,445,214,753,621.92,104.06
台南市,東山區,南溪里,69,42965,623,416,198,827,669.58,107.53
台南市,東山區,水雲里,66,35979,545,412,210,698,479.15,87.90
台南市,東山區,林安里,68,30211,444,320,163,557,522.21,117.54
台南市,東山區,東原里,350,196297,561,442,216,725,533.31,95.09
台南市,東山區,嶺南里,82,51216,625,460,253,718,694.31,111.16
台南市,東山區,南勢里,160,95248,595,400,216,663,782.44,131.44
台南市,東山區,青山里,171,87884,514,389,220,665,464.26,90.33
台南市,東山區,高原里,124,66927,540,366,233,684,504.69,93.51
台南市,麻豆區,東角里,953,784627,823,527,264,1066,962.44,116.90
台南市,麻豆區,晋江里,830,664279,800,518,274,915,1135.35,141.86
台南市,麻豆區,巷口里,769,682827,888,577,280,1119,1016.09,114.43
台南市,麻豆區,中興里,606,429368,709,494,307,906,694.89,98.07
台南市,麻豆區,興農里,532,496184,933,591,256,1100,1145.17,122.78
台南市,麻豆區,油車里,1139,877469,770,509,253,972,951.66,123.53
台南市,麻豆區,北勢里,229,150577,658,496,264,777,702.61,106.85
台南市,麻豆區,大埕里,946,756948,800,515,268,938,969.20,121.13
台南市,麻豆區,寮廍里,514,331283,645,475,246,798,613.11,95.13
台南市,麻豆區,南勢里,741,591732,799,503,276,999,924.58,115.78
台南市,麻豆區,安業里,339,228788,675,440,234,784,787.48,116.68
台南市,麻豆區,安正里,269,186866,695,396,232,783,914.14,131.59
台南市,麻豆區,埤頭里,704,432908,615,413,213,733,708.17,115.16
台南市,麻豆區,海埔里,546,365872,670,461,248,853,687.84,102.65
台南市,麻豆區,港尾里,429,376345,877,499,222,991,1267.15,144.44
台南市,麻豆區,麻口里,329,211143,642,431,244,683,852.00,132.76
台南市,麻豆區,新興里,653,552362,846,536,268,968,1110.62,131.30
台南市,麻豆區,謝厝寮里,415,288137,694,444,236,771,1141.76,164.45
台南市,麻豆區,井東里,471,310242,659,435,228,780,971.83,147.54
台南市,麻豆區,清水里,445,345972,777,576,295,932,809.14,104.07
台南市,下營區,仁里里,520,358597,690,466,248,864,770.06,111.67
台南市,下營區,宅內里,401,251033,626,419,229,853,637.53,101.84
台南市,下營區,後街里,413,279492,677,494,271,872,669.81,98.98
台南市,下營區,新興里,597,362431,607,446,241,795,622.98,102.62
台南市,下營區,下營里,368,241475,656,497,258,827,622.77,94.91
台南市,下營區,營前里,583,406199,697,507,251,928,669.99,96.16
台南市,下營區,開化里,465,273663,589,448,226,761,524.94,89.20
台南市,下營區,西連里,198,125865,636,470,261,830,627.85,98.77
台南市,下營區,賀建里,297,177347,597,404,222,716,691.57,115.82
台南市,下營區,大吉里,350,204574,584,425,216,737,571.29,97.74
台南市,下營區,茅營里,585,405193,693,448,234,885,847.37,122.34
台南市,下營區,紅甲里,498,304084,611,427,209,749,755.79,123.78
台南市,六甲區,六甲里,861,613115,712,450,257,854,1002.17,140.74
台南市,六甲區,甲東里,717,456273,636,429,211,773,851.36,133.79
台南市,六甲區,甲南里,416,290258,698,501,248,940,678.06,97.18
台南市,六甲區,七甲里,542,345337,637,419,233,777,757.82,118.94
台南市,六甲區,二甲里,1047,699246,668,474,267,818,811.91,121.57
台南市,六甲區,水林里,565,362690,642,471,266,789,686.04,106.87
台南市,六甲區,中社里,443,265680,600,454,242,761,570.48,95.12
台南市,六甲區,龜港里,441,288781,655,483,260,804,838.35,128.03
台南市,六甲區,菁埔里,154,80509,523,406,203,665,515.72,98.65
台南市,六甲區,王爺里,128,74503,582,391,190,711,750.15,128.88
台南市,六甲區,大丘里,75,44674,596,405,234,667,795.68,133.58
台南市,官田區,官田里,653,428649,656,461,267,776,865.57,131.86
台南市,官田區,隆田里,605,415307,686,502,271,886,752.86,109.67
台南市,官田區,二鎮里,1140,787263,691,483,274,867,730.06,105.72
台南市,官田區,社子里,182,89658,493,362,162,625,578.71,117.47
台南市,官田區,大崎里,73,49746,681,447,222,925,662.25,97.18
台南市,官田區,隆本里,1273,867551,682,495,262,871,651.44,95.59
台南市,官田區,南廍里,358,187303,523,398,222,665,496.79,94.95
台南市,官田區,渡拔里,649,411724,634,461,239,780,695.22,109.59
台南市,官田區,烏山頭里,317,213541,674,398,248,755,1103.96,163.88
台南市,官田區,東西庄里,441,266072,603,429,227,753,624.29,103.47
台南市,大內區,石湖里,203,118018,581,385,239,621,709.06,121.96
台南市,大內區,石林里,123,73784,600,438,243,710,721.29,120.24
台南市,大內區,石城里,370,194834,527,389,196,668,546.93,103.87
台南市,大內區,內江里,183,100332,548,440,224,700,488.84,89.16
台南市,大內區,大內里,175,106853,611,494,267,859,534.24,87.50
台南市,大內區,內郭里,131,66751,510,391,211,670,454.51,89.20
台南市,大內區,頭社里,171,88171,516,389,238,657,474.31,91.99
台南市,大內區,二溪里,162,123235,761,440,210,806,1288.70,169.41
台南市,大內區,曲溪里,99,49546,500,429,246,601,403.34,80.59
台南市,大內區,環湖里,111,59688,538,386,213,704,523.46,97.35
台南市,佳里區,鎮山里,1736,1196549,689,479,250,870,745.46,108.15
台南市,佳里區,東寧里,673,561289,834,514,263,982,1253.55,150.30
台南市,佳里區,六安里,1409,1183371,840,526,260,1046,1108.43,131.98
台南市,佳里區,安西里,1932,1383989,716,486,248,911,777.77,108.57
台南市,佳里區,建南里,1421,1128420,794,481,250,960,1092.92,137.63
台南市,佳里區,佳化里,653,402056,616,404,242,737,697.17,113.23
台南市,佳里區,海澄里,602,347554,577,418,217,715,653.64,113.22
台南市,佳里區,子龍里,724,502231,694,458,228,811,972.65,140.21
台南市,佳里區,民安里,535,363236,679,495,255,917,613.15,90.31
台南市,佳里區,忠仁里,832,577029,694,462,234,865,775.60,111.83
台南市,佳里區,下營里,421,234453,557,396,235,658,558.25,100.24
台南市,佳里區,營溪里,277,160548,580,422,167,754,592.57,102.24
台南市,佳里區,塭內里,624,358520,575,412,228,669,644.65,112.20
台南市,佳里區,佳興里,633,406577,642,454,257,782,653.38,101.73
台南市,佳里區,南勢里,1637,1329671,812,543,281,1027,935.80,115.21
台南市,佳里區,文新里,1790,1368317,764,519,254,983,1024.88,134.07
台南市,西港區,西港里,990,700615,708,477,265,855,971.54,137.28
台南市,西港區,南海里,829,601852,726,476,268,885,845.78,116.50
台南市,西港區,港東里,477,293300,615,436,201,781,650.34,105.77
台南市,西港區,檨林里,384,229576,598,425,232,711,745.90,124.76
台南市,西港區,後營里,405,244055,603,441,235,705,607.33,100.78
台南市,西港區,營西里,397,279865,705,485,239,821,1059.94,150.36
台南市,西港區,金砂里,177,129082,729,501,249,864,738.27,101.23
台南市,西港區,劉厝里,422,256317,607,457,237,757,596.63,98.23
台南市,西港區,竹林里,325,201437,620,376,189,695,873.15,140.88
台南市,西港區,永樂里,348,213565,614,417,229,748,705.86,115.02
台南市,西港區,新復里,185,101018,546,363,203,709,559.69,102.50
台南市,西港區,慶安里,1341,975427,727,478,243,887,910.53,125.18
台南市,七股區,後港里,160,90421,565,377,197,680,646.21,114.35
台南市,七股區,大潭里,132,69289,525,377,193,696,504.37,96.09
台南市,七股區,頂山里,126,64194,509,304,169,556,790.51,155.16
台南市,七股區,西寮里,61,27707,454,279,136,577,566.52,124.73
台南市,七股區,篤加里,171,123513,722,398,210,673,1378.09,190.79
台南市,七股區,中寮里,96,56757,591,348,192,633,858.23,145.16
台南市,七股區,塩埕里,53,26254,495,303,159,732,514.49,103.86
台南市,七股區,七股里,194,114647,591,420,201,778,611.40,103.46
台南市,七股區,溪南里,70,48277,690,506,268,889,673.14,97.60
台南市,七股區,玉成里,172,102303,595,427,151,800,680.54,114.42
台南市,七股區,大埕里,626,370728,592,382,182,689,740.05,124.96
台南市,七股區,樹林里,450,248050,551,383,201,664,618.69,112.24
台南市,七股區,竹橋里,280,168500,602,429,249,711,622.17,103.39
台南市,七股區,義合里,412,211517,513,400,213,687,447.38,87.14
台南市,七股區,永吉里,203,117015,576,449,176,767,609.30,105.70
台南市,七股區,三股里,232,135992,586,372,194,719,655.26,111.79
台南市,七股區,十份里,262,172161,657,379,198,674,1232.88,187.62
台南市,七股區,龍山里,270,153310,568,407,216,659,609.28,107.30
台南市,將軍區,長榮里,305,192655,632,471,257,796,724.01,114.62
台南市,將軍區,玉山里,138,70075,508,421,245,561,455.74,89.75
台南市,將軍區,廣山里,84,46045,548,359,203,605,599.13,109.30
台南市,將軍區,長沙里,209,117411,562,414,215,662,614.36,109.36
台南市,將軍區,平沙里,199,101643,511,369,177,663,566.71,110.95
台南市,將軍區,鯤鯓里,318,163012,513,375,216,633,538.23,105.00
台南市,將軍區,鯤溟里,151,72412,480,412,197,615,411.91,85.90
台南市,將軍區,西甲里,595,366167,615,460,250,789,576.41,93.66
台南市,將軍區,忠嘉里,596,353560,593,393,212,667,740.96,124.90
台南市,將軍區,苓仔寮里,468,240514,514,386,201,620,573.06,111.51
台南市,將軍區,巷埔里,193,114663,594,423,235,747,621.41,104.60
台南市,將軍區,將軍里,275,136687,497,382,178,629,538.90,108.42
台南市,北門區,北門里,158,87942,557,422,224,712,577.69,103.79
台南市,北門區,永隆里,154,71646,465,329,158,614,498.18,107.08
台南市,北門區,玉港里,126,76521,607,465,265,790,532.39,87.66
台南市,北門區,保吉里,278,160929,579,420,219,693,605.77,104.65
台南市,北門區,雙春里,65,45273,697,474,239,877,915.66,131.47
台南市,北門區,錦湖里,148,103189,697,476,239,776,767.50,110.08
台南市,北門區,慈安里,152,91759,604,435,231,770,580.29,96.13
台南市,北門區,三光里,211,101923,483,365,207,638,435.01,90.06
台南市,北門區,蚵寮里,256,171651,671,455,230,788,761.21,113.53
台南市,北門區,文山里,234,132049,564,422,234,698,523.73,92.81
台南市,學甲區,仁得里,1200,800223,667,469,238,800,754.91,113.20
台南市,學甲區,新榮里,834,542500,650,486,270,813,670.86,103.13
台南市,學甲區,光華里,295,158942,539,367,192,658,734.01,136.23
台南市,學甲區,宅港里,181,106904,591,430,188,763,621.82,105.28
台南市,學甲區,明宜里,512,323322,631,444,233,797,670.51,106.18
台南市,學甲區,慈福里,599,413164,690,471,241,833,1025.20,148.63
台南市,學甲區,新達里,525,359398,685,486,242,867,729.44,106.55
台南市,學甲區,大灣里,246,140773,572,432,217,752,512.46,89.55
台南市,學甲區,中洲里,335,234561,700,409,197,799,1213.75,173.35
台南市,學甲區,平和里,210,131396,626,401,216,684,931.10,148.81
台南市,學甲區,豐和里,311,174748,562,394,224,709,537.52,95.66
台南市,學甲區,三慶里,275,165496,602,404,205,739,727.50,120.89
台南市,學甲區,秀昌里,717,459561,641,435,230,754,856.65,133.65
台南市,新化區,武安里,958,641978,670,451,229,827,795.48,118.71
台南市,新化區,東榮里,1184,822655,695,447,226,846,826.10,118.90
台南市,新化區,護國里,761,527043,693,486,249,887,753.81,108.84
台南市,新化區,太平里,1436,1086667,757,483,243,935,876.80,115.87
台南市,新化區,協興里,1004,647452,645,410,217,773,771.37,119.62
台南市,新化區,唪口里,634,397839,628,440,232,794,670.58,106.86
台南市,新化區,北勢里,475,299854,631,450,216,827,614.51,97.34
台南市,新化區,豐榮里,1015,790651,779,500,265,940,832.05,106.81
台南市,新化區,全興里,927,730272,788,493,247,932,1020.91,129.59
台南市,新化區,崙頂里,626,469670,750,475,236,890,1060.62,141.36
台南市,新化區,知義里,533,339766,637,427,219,762,762.80,119.66
台南市,新化區,山脚里,712,555352,780,516,248,926,1044.30,133.89
台南市,新化區,大坑里,65,26877,413,375,131,555,367.71,88.93
台南市,新化區,𦰡拔里,532,330986,622,410,228,776,710.19,114.15
台南市,新化區,羊林里,205,118597,579,403,219,694,622.15,107.54
台南市,新化區,礁坑里,170,97410,573,394,213,670,743.88,129.82
台南市,善化區,東關里,410,630858,1539,827,316,2167,1691.08,109.90
台南市,善化區,文昌里,982,963962,982,563,270,1181,1270.21,129.40
台南市,善化區,南關里,587,540656,921,536,272,991,1300.67,141.22
台南市,善化區,文正里,568,628801,1107,566,295,1249,1612.06,145.62
台南市,善化區,坐駕里,1464,1901156,1299,687,327,1526,2837.63,218.51
台南市,善化區,胡家里,349,247825,710,500,271,885,735.30,103.55
台南市,善化區,胡厝里,694,686037,989,629,328,1249,1063.94,107.63
台南市,善化區,什乃里,413,280876,680,485,259,917,640.50,94.18
台南市,善化區,溪美里,663,840264,1267,637,301,1261,2674.83,211.05
台南市,善化區,六分里,198,145695,736,461,259,959,738.72,100.39
台南市,善化區,田寮里,487,330445,679,456,244,861,759.02,111.86
台南市,善化區,六德里,265,196096,740,470,231,775,992.98,134.19
台南市,善化區,牛庄里,630,592186,940,563,297,1137,1045.82,111.26
台南市,善化區,嘉南里,278,229221,825,559,281,1063,863.67,104.75
台南市,善化區,嘉北里,523,420453,804,529,290,972,851.21,105.88
台南市,善化區,小新里,1726,1936091,1122,651,340,1349,1492.64,133.07
台南市,善化區,光文里,2121,2465680,1163,639,320,1365,1669.02,143.57
台南市,善化區,頂街里,469,549519,1172,658,324,1485,1416.61,120.90
台南市,善化區,昌隆里,627,486912,777,474,254,1018,855.62,110.18
台南市,善化區,蓮潭里,2317,5432536,2345,1795,801,3223,2240.76,95.57
台南市,新市區,新市里,990,843793,852,546,288,1043,982.06,115.22
台南市,新市區,新和里,2540,2655655,1046,631,313,1262,1219.76,116.66
台南市,新市區,社內里,1147,1158111,1010,665,317,1315,1018.16,100.84
台南市,新市區,大洲里,225,185629,825,482,246,1051,886.90,107.50
台南市,新市區,豐華里,240,175925,733,471,266,888,905.11,123.48
台南市,新市區,三舍里,596,792460,1330,674,333,1557,1996.82,150.18
台南市,新市區,大營里,1313,1153524,879,545,277,1066,1037.05,118.04
台南市,新市區,大社里,1622,1125217,694,486,240,846,789.77,113.85
台南市,新市區,潭頂里,596,381072,639,426,234,789,726.26,113.59
台南市,新市區,港墘里,1188,859303,723,483,254,851,821.42,113.56
台南市,新市區,永就里,1052,827802,787,491,256,991,970.52,123.34
台南市,安定區,蘇林里,585,470815,805,541,278,1000,840.38,104.42
台南市,安定區,蘇厝里,601,444679,740,520,250,913,761.25,102.89
台南市,安定區,安定里,395,283895,719,513,280,913,731.58,101.79
台南市,安定區,安加里,600,497089,828,535,284,1010,946.03,114.19
台南市,安定區,港尾里,387,271177,701,478,248,867,864.06,123.31
台南市,安定區,中榮里,589,612847,1040,602,283,1290,1336.00,128.40
台南市,安定區,港口里,928,700317,755,498,274,913,840.61,111.39
台南市,安定區,港南里,841,610507,726,473,242,897,853.83,117.62
台南市,安定區,新吉里,729,535268,734,471,236,839,913.17,124.37
台南市,安定區,海寮里,700,444040,634,447,231,782,672.18,105.96
台南市,安定區,中沙里,187,145606,779,512,230,984,978.36,125.65
台南市,安定區,嘉同里,638,376570,590,382,191,696,843.59,142.93
台南市,安定區,文科里,449,312985,697,481,240,855,787.02,112.90
台南市,山上區,山上里,350,218087,623,482,259,814,554.59,89.00
台南市,山上區,南洲里,429,249585,582,401,226,716,566.13,97.31
台南市,山上區,明和里,406,280671,691,462,270,788,927.11,134.11
台南市,山上區,新莊里,283,142872,505,357,173,638,577.64,114.42
台南市,山上區,玉峯里,91,51627,567,325,195,628,607.79,107.13
台南市,山上區,豐德里,96,52251,544,340,193,565,719.94,132.27
台南市,山上區,平陽里,91,46354,509,448,217,628,411.19,80.72
台南市,玉井區,玉井里,293,198523,678,423,208,805,922.35,136.13
台南市,玉井區,玉田里,893,567953,636,429,231,811,654.06,102.84
台南市,玉井區,中正里,234,134700,576,425,215,752,592.90,103.00
台南市,玉井區,竹圍里,271,147928,546,405,195,690,594.31,108.88
台南市,玉井區,沙田里,83,63231,762,590,290,1012,861.06,113.03
台南市,玉井區,三埔里,90,62318,692,461,236,736,758.97,109.61
台南市,玉井區,三和里,139,77743,559,390,171,655,627.95,112.27
台南市,玉井區,望明里,293,172082,587,413,216,743,675.61,115.03
台南市,玉井區,層林里,87,48687,560,335,217,757,575.53,102.84
台南市,玉井區,豐里里,168,99986,595,397,191,742,659.73,110.85
台南市,楠西區,楠西里,336,182061,542,436,248,717,459.85,84.87
台南市,楠西區,灣丘里,160,93481,584,378,186,709,670.66,114.79
台南市,楠西區,密枝里,99,62954,636,413,249,680,798.63,125.59
台南市,楠西區,照興里,138,68299,495,390,215,613,422.56,85.38
台南市,楠西區,鹿田里,154,82235,534,408,232,665,481.75,90.22
台南市,楠西區,龜丹里,105,57107,544,424,231,669,516.24,94.92
台南市,楠西區,東勢里,413,225321,546,402,196,654,702.29,128.73
台南市,南化區,南化里,283,176066,622,439,261,733,693.05,111.40
台南市,南化區,小崙里,132,58620,444,320,174,523,488.68,110.04
台南市,南化區,中坑里,75,41649,555,444,234,621,505.04,90.95
台南市,南化區,北平里,89,43610,490,346,161,691,438.15,89.42
台南市,南化區,東和里,103,70809,687,533,298,859,680.86,99.04
台南市,南化區,西埔里,128,73507,574,401,251,753,514.58,89.61
台南市,南化區,北寮里,214,120333,562,421,237,714,628.30,111.74
台南市,南化區,玉山里,185,113696,615,424,229,795,610.49,99.34
台南市,南化區,關山里,213,130080,611,436,235,750,669.66,109.65
台南市,左鎮區,光和里,52,28643,551,421,241,761,517.95,94.03
台南市,左鎮區,榮和里,123,60157,489,366,208,606,449.81,91.97
台南市,左鎮區,左鎮里,93,40169,432,373,179,541,382.25,88.50
台南市,左鎮區,中正里,135,87481,648,352,179,754,774.94,119.59
台南市,左鎮區,睦光里,63,31292,497,406,193,588,451.36,90.87
台南市,左鎮區,內庄里,68,38594,568,421,249,742,475.97,83.86
台南市,左鎮區,岡林里,56,33192,593,391,190,772,621.27,104.82
台南市,左鎮區,草山里,34,19681,579,385,170,782,607.70,104.98
台南市,左鎮區,二寮里,19,8197,431,379,174,670,330.80,76.68
台南市,左鎮區,澄山里,62,26806,432,307,120,589,397.87,92.02
台南市,仁德區,太子里,1688,1152566,683,452,238,863,794.60,116.37
台南市,仁德區,土庫里,895,634763,709,477,229,869,811.25,114.38
台南市,仁德區,一甲里,955,786605,824,489,256,1013,1067.87,129.65
台南市,仁德區,仁德里,3266,2892177,886,609,297,1104,1014.02,114.51
台南市,仁德區,新田里,1155,800133,693,486,239,876,719.55,103.87
台南市,仁德區,後壁里,3293,2371734,720,499,252,904,750.36,104.18
台南市,仁德區,上崙里,2012,1405442,699,489,240,908,757.28,108.41
台南市,仁德區,保安里,880,607065,690,462,239,887,729.45,105.74
台南市,仁德區,二行里,602,442968,736,466,245,842,998.83,135.74
台南市,仁德區,大甲里,648,436983,674,439,237,826,783.84,116.23
台南市,仁德區,中洲里,689,441622,641,449,234,782,702.24,109.56
台南市,仁德區,仁和里,469,317834,678,496,240,851,693.39,102.32
台南市,仁德區,成功里,1498,1318200,880,487,234,973,1709.86,194.31
台南市,仁德區,仁愛里,400,282383,706,503,228,862,754.91,106.93
台南市,仁德區,仁義里,3189,2611153,819,510,252,989,1208.51,147.59
台南市,仁德區,文賢里,648,398980,616,435,225,767,636.38,103.36
台南市,歸仁區,南保里,1976,1373893,695,487,254,866,733.78,105.54
台南市,歸仁區,六甲里,1251,841907,673,474,261,841,739.21,109.84
台南市,歸仁區,歸仁里,784,606746,774,502,253,967,872.13,112.69
台南市,歸仁區,後市里,1058,785929,743,486,249,928,960.88,129.35
台南市,歸仁區,辜厝里,974,698931,718,465,239,830,996.56,138.88
台南市,歸仁區,許厝里,1079,793098,735,483,260,898,810.20,110.23
台南市,歸仁區,看西里,776,602126,776,524,294,965,888.59,114.52
台南市,歸仁區,看東里,627,427423,682,472,256,871,815.73,119.66
台南市,歸仁區,崙頂里,1092,1026500,940,562,299,1134,1408.90,149.88
台南市,歸仁區,沙崙里,311,276012,887,579,288,1060,1336.95,150.64
台南市,歸仁區,大潭里,559,383675,686,474,235,866,1390.03,202.52
台南市,歸仁區,武東里,603,557097,924,589,293,1066,1204.88,130.42
台南市,歸仁區,八甲里,863,642545,745,520,256,923,843.96,113.35
台南市,歸仁區,七甲里,1212,854634,705,493,252,891,814.48,115.51
台南市,歸仁區,媽廟里,524,367179,701,479,273,766,841.29,120.06
台南市,歸仁區,西埔里,522,356651,683,426,228,817,901.50,131.94
台南市,歸仁區,大廟里,1029,707282,687,468,235,855,778.15,113.21
台南市,歸仁區,南興里,1441,1098702,762,495,261,889,966.02,126.70
台南市,歸仁區,新厝里,791,543130,687,491,240,873,741.44,107.98
台南市,歸仁區,歸南里,700,454216,649,429,220,741,839.06,129.31
台南市,歸仁區,文化里,938,601777,642,442,220,813,745.28,116.17
台南市,關廟區,關廟里,719,497361,692,469,223,878,802.47,116.01
台南市,關廟區,山西里,614,399088,650,461,238,811,714.37,109.91
台南市,關廟區,香洋里,955,658826,690,448,248,848,846.22,122.66
台南市,關廟區,北勢里,705,437631,621,439,235,752,623.27,100.40
台南市,關廟區,新埔里,324,196394,606,410,225,768,615.47,101.54
台南市,關廟區,五甲里,1008,597286,593,426,211,755,623.81,105.28
台南市,關廟區,東勢里,823,487828,593,444,244,691,648.37,109.38
台南市,關廟區,松腳里,534,351014,657,437,219,767,1120.52,170.47
台南市,關廟區,深坑里,397,215415,543,408,234,657,516.57,95.20
台南市,關廟區,布袋里,271,140440,518,345,182,583,740.64,142.92
台南市,關廟區,埤頭里,559,358446,641,431,233,792,812.65,126.73
台南市,關廟區,下湖里,106,63070,595,455,235,687,597.54,100.43
台南市,關廟區,新光里,120,60085,501,377,193,583,551.29,110.10
台南市,關廟區,龜洞里,318,168049,528,415,190,619,623.31,117.95
台南市,關廟區,花園里,992,603066,608,422,226,722,705.41,116.03
台南市,龍崎區,崎頂里,180,108536,603,405,226,723,636.18,105.51
台南市,龍崎區,土崎里,101,52902,524,352,160,562,598.68,114.30
台南市,龍崎區,中坑里,17,11371,669,363,205,638,1137.83,170.10
台南市,龍崎區,楠坑里,68,33117,487,363,231,605,436.90,89.71
台南市,龍崎區,牛埔里,63,45501,722,384,199,677,1379.16,190.96
台南市,龍崎區,大坪里,55,27448,499,338,196,586,530.52,106.30
台南市,龍崎區,龍船里,53,37197,702,461,246,768,900.42,128.29
台南市,龍崎區,石𥕢里,56,32268,576,394,254,718,524.82,91.08
台南市,永康區,永康里,2665,2217659,832,513,261,973,1204.06,144.69
台南市,永康區,埔園里,2664,2633602,989,603,289,1172,1292.82,130.77
台南市,永康區,網寮里,2475,2135884,863,526,256,1020,1185.71,137.40
台南市,永康區,王行里,826,678905,822,485,256,931,1132.73,137.81
台南市,永康區,龍潭里,2059,1764811,857,510,256,1009,1094.17,127.66
台南市,永康區,大灣里,1063,767609,722,444,224,928,843.30,116.78
台南市,永康區,東灣里,1002,731196,730,443,234,855,935.23,128.16
台南市,永康區,西灣里,2610,1994609,764,483,252,929,942.09,123.28
台南市,永康區,南灣里,1148,765431,667,454,244,816,723.53,108.52
台南市,永康區,北灣里,1294,1006917,778,499,253,913,1060.99,136.35
台南市,永康區,西勢里,2169,1714714,791,522,263,977,889.77,112.55
台南市,永康區,新樹里,625,452410,724,460,239,888,841.36,116.23
台南市,永康區,三民里,469,448921,957,546,264,1045,1580.76,165.15
台南市,永康區,塩行里,1742,1363652,783,482,239,914,1363.73,174.21
台南市,永康區,蔦松里,607,444729,733,455,243,840,919.44,125.49
台南市,永康區,烏竹里,1100,1044975,950,597,300,1153,1079.95,113.68
台南市,永康區,建國里,638,542972,851,535,289,1078,987.11,115.99
台南市,永康區,復興里,405,284346,702,424,197,780,1028.62,146.51
台南市,永康區,成功里,579,419497,725,475,225,906,863.21,119.14
台南市,永康區,光復里,316,337828,1069,690,352,1254,1180.99,110.47
台南市,永康區,神洲里,386,271946,705,476,210,889,805.80,114.37
台南市,永康區,勝利里,2738,2304264,842,526,255,1045,975.64,115.93
台南市,永康區,大橋里,2018,2002318,992,512,256,1005,5950.58,599.72
台南市,永康區,五王里,1811,1204520,665,473,229,864,744.37,111.92
台南市,永康區,崑山里,1887,1420197,753,475,246,870,929.31,123.48
台南市,永康區,塩洲里,2055,1773139,863,531,264,1051,1124.22,130.29
台南市,永康區,甲頂里,720,529122,735,491,250,798,1219.06,165.88
台南市,永康區,復國里,2818,2048479,727,473,241,896,938.80,129.15
台南市,永康區,中興里,1012,768136,759,484,258,900,952.03,125.43
台南市,永康區,正強里,2570,1924863,749,491,248,902,922.16,123.12
台南市,永康區,二王里,2651,2007740,757,489,246,956,883.72,116.69
台南市,永康區,中華里,1026,947137,923,549,240,1073,1342.28,145.40
台南市,永康區,東橋里,3510,5227514,1489,924,414,1982,1642.69,110.30
台南市,永康區,安康里,1648,1301850,790,518,243,973,1061.45,134.37
台南市,永康區,西橋里,1046,737330,705,480,243,913,723.38,102.62
台南市,永康區,六合里,1975,1575521,798,503,246,977,1004.09,125.87
台南市,永康區,三合里,1024,637992,623,424,220,760,810.63,130.11
台南市,永康區,尚頂里,1543,1304534,845,521,264,960,1099.64,130.06
台南市,永康區,復華里,3194,2147675,672,453,233,819,829.79,123.41
台南市,永康區,龍埔里,1635,1841146,1126,692,327,1495,1266.33,112.45
台南市,永康區,永明里,1760,1514366,860,519,270,1042,1187.05,137.96
台南市,永康區,塩興里,1703,1842472,1082,635,320,1318,1463.90,135.31
台南市,永康區,北興里,1866,1577463,845,561,280,1060,915.44,108.29
高雄市,鹽埕區,藍橋里,396,283914,717,461,210,920,1015.35,141.62
高雄市,鹽埕區,慈愛里,72,47204,656,475,256,784,911.34,139.01
高雄市,鹽埕區,博愛里,163,105590,648,393,233,710,737.30,113.82
高雄市,鹽埕區,陸橋里,289,176110,609,438,188,753,671.10,110.13
高雄市,鹽埕區,壽星里,336,251719,749,423,199,885,999.77,133.45
高雄市,鹽埕區,中山里,510,439379,862,582,252,1003,1075.56,124.84
高雄市,鹽埕區,瀨南里,158,187524,1187,558,221,1046,2984.18,251.43
高雄市,鹽埕區,新樂里,266,217527,818,513,184,1010,1116.17,136.49
高雄市,鹽埕區,教仁里,606,418975,691,402,206,745,1162.45,168.13
高雄市,鹽埕區,中原里,184,142491,774,469,221,906,998.59,128.95
高雄市,鹽埕區,府北里,547,370043,676,458,218,830,863.92,127.70
高雄市,鹽埕區,育仁里,222,171467,772,460,227,946,969.42,125.51
高雄市,鹽埕區,光明里,381,361519,949,570,255,1086,1620.86,170.82
高雄市,鹽埕區,江西里,303,290285,958,535,255,1136,1285.66,134.20
高雄市,鹽埕區,港都里,266,160871,605,392,201,759,695.18,114.95
高雄市,鹽埕區,新化里,159,87648,551,358,142,671,663.36,120.34
高雄市,鹽埕區,江南里,184,159026,864,498,237,940,1248.35,144.44
高雄市,鹽埕區,河濱里,550,454987,827,493,218,909,1344.38,162.51
高雄市,鹽埕區,南端里,303,287728,950,579,246,1198,1150.22,121.13
高雄市,鹽埕區,沙地里,194,148317,765,497,274,866,982.11,128.46
高雄市,鹽埕區,新豐里,276,206622,749,510,206,968,807.93,107.92
高雄市,鼓山區,前峰里,1276,931606,730,481,226,920,871.43,119.36
高雄市,鼓山區,光榮里,1100,897010,815,468,227,933,1315.36,161.30
高雄市,鼓山區,民族里,362,275950,762,465,234,834,1793.94,235.34
高雄市,鼓山區,自強里,205,143492,700,481,270,830,946.05,135.16
高雄市,鼓山區,建國里,851,659213,775,477,221,960,983.95,127.02
高雄市,鼓山區,內惟里,283,212209,750,475,251,998,951.53,126.90
高雄市,鼓山區,忠正里,1062,681961,642,438,233,775,894.26,139.26
高雄市,鼓山區,龍井里,332,205721,620,428,212,748,822.27,132.70
高雄市,鼓山區,平和里,1130,781174,691,482,238,866,745.86,107.89
高雄市,鼓山區,龍子里,6518,8201499,1258,771,334,1586,1607.98,127.79
高雄市,鼓山區,鼓岩里,279,145863,523,320,145,612,696.61,133.24
高雄市,鼓山區,樹德里,320,243465,761,505,233,890,981.58,129.02
高雄市,鼓山區,寶樹里,309,179061,579,418,161,762,645.85,111.45
高雄市,鼓山區,綠川里,346,212480,614,377,167,751,776.05,126.37
高雄市,鼓山區,河邊里,290,182098,628,462,226,830,611.79,97.43
高雄市,鼓山區,興宗里,339,207143,611,396,216,731,731.30,119.68
高雄市,鼓山區,光化里,277,186804,674,418,197,759,941.78,139.65
高雄市,鼓山區,山下里,413,331507,803,463,225,1031,955.83,119.08
高雄市,鼓山區,登山里,132,96899,734,449,255,851,842.09,114.71
高雄市,鼓山區,峰南里,192,128213,668,382,191,719,950.34,142.31
高雄市,鼓山區,維生里,382,300342,786,479,234,881,1145.72,145.72
高雄市,鼓山區,延平里,223,171440,769,427,206,776,1087.27,141.43
高雄市,鼓山區,新民里,236,151242,641,415,207,795,875.11,136.55
高雄市,鼓山區,惠安里,316,387968,1228,429,202,882,9778.56,796.46
高雄市,鼓山區,壽山里,321,175181,546,334,187,639,654.19,119.87
高雄市,鼓山區,哨船頭里,263,171151,651,459,232,802,722.95,111.09
高雄市,鼓山區,桃源里,137,110230,805,459,190,870,987.30,122.71
高雄市,鼓山區,正德里,579,409410,707,450,227,825,1047.12,148.09
高雄市,鼓山區,厚生里,974,665128,683,450,238,886,723.15,105.90
高雄市,鼓山區,明誠里,6430,6119252,952,599,266,1187,1218.01,127.99
高雄市,鼓山區,民強里,765,452940,592,427,210,753,639.63,108.03
高雄市,鼓山區,裕豐里,896,796452,889,526,254,1080,1132.20,127.37
高雄市,鼓山區,華豐里,1400,1161017,829,512,245,981,1125.81,135.75
高雄市,鼓山區,雄峰里,559,337253,603,406,193,746,744.68,123.43
高雄市,鼓山區,鼓峰里,485,267044,551,383,186,634,682.49,123.95
高雄市,鼓山區,麗興里,272,214191,787,480,216,850,1310.05,166.36
高雄市,鼓山區,龍水里,11253,17861890,1587,944,396,1906,3375.16,212.64
高雄市,鼓山區,裕興里,1076,870673,809,499,233,1012,1021.74,126.27
高雄市,左營區,崇實里,1390,1265631,911,677,300,1150,1003.20,110.18
高雄市,左營區,合群里,848,637822,752,506,252,899,944.38,125.56
高雄市,左營區,頂西里,271,174407,644,487,224,754,751.76,116.81
高雄市,左營區,頂北里,128,79147,618,417,230,738,638.92,103.33
高雄市,左營區,中北里,130,91488,704,425,193,823,1076.48,152.96
高雄市,左營區,中南里,112,60503,540,400,210,813,472.38,87.45
高雄市,左營區,自助里,1031,868977,843,690,353,1083,770.88,91.46
高雄市,左營區,尾西里,291,202114,695,453,224,791,830.24,119.54
高雄市,左營區,尾北里,977,771984,790,501,260,930,1030.56,130.42
高雄市,左營區,廍南里,155,100786,650,438,201,879,705.27,108.46
高雄市,左營區,廟東里,184,117071,636,390,173,708,971.51,152.69
高雄市,左營區,廟北里,193,115954,601,393,178,755,744.47,123.91
高雄市,左營區,尾南里,190,108849,573,354,162,673,666.85,116.40
高雄市,左營區,廍北里,91,58915,647,336,220,651,1006.04,155.39
高雄市,左營區,埤東里,238,192767,810,387,203,766,2018.86,249.26
高雄市,左營區,埤北里,277,169055,610,384,192,713,902.70,147.91
高雄市,左營區,新上里,10164,10796815,1062,625,287,1290,1686.33,158.75
高雄市,左營區,新中里,1609,1404228,873,522,244,1028,1260.93,144.48
高雄市,左營區,新下里,5456,5691210,1043,617,292,1285,1336.25,128.10
高雄市,左營區,聖后里,191,124036,649,390,203,869,806.02,124.12
高雄市,左營區,聖西里,79,87236,1104,657,326,1203,1450.55,131.36
高雄市,左營區,聖南里,133,101136,760,447,235,827,1161.37,152.73
高雄市,左營區,埤西里,235,162930,693,449,232,835,843.99,121.73
高雄市,左營區,路東里,202,171122,847,540,287,953,1142.33,134.85
高雄市,左營區,城南里,122,71944,590,393,213,781,640.05,108.54
高雄市,左營區,進學里,400,248968,622,418,217,764,680.50,109.33
高雄市,左營區,屏山里,354,229395,648,421,203,757,904.22,139.54
高雄市,左營區,果惠里,369,190309,516,380,147,667,522.76,101.36
高雄市,左營區,果貿里,821,553037,674,481,212,896,747.84,111.02
高雄市,左營區,海勝里,1617,930519,575,398,196,745,650.74,113.08
高雄市,左營區,莒光里,496,310451,626,443,231,781,710.75,113.55
高雄市,左營區,永清里,440,356854,811,759,561,951,434.63,53.59
高雄市,左營區,果峰里,344,193982,564,372,187,669,684.87,121.45
高雄市,左營區,光輝里,778,553235,711,484,242,887,795.31,111.84
高雄市,左營區,菜公里,11321,11081790,979,619,292,1215,1230.03,125.66
高雄市,左營區,祥和里,82,41272,503,366,195,535,703.87,139.85
高雄市,左營區,新光里,5239,5172410,987,583,280,1194,1497.69,151.70
高雄市,左營區,明建里,378,321392,850,706,350,1090,754.37,88.72
高雄市,左營區,福山里,13939,13022439,934,609,282,1165,1140.13,122.04
高雄市,楠梓區,東寧里,1882,1741919,926,672,316,1189,986.85,106.62
高雄市,楠梓區,享平里,1075,785223,730,495,246,946,846.00,115.82
高雄市,楠梓區,五常里,2180,1434555,658,479,244,838,655.22,99.57
高雄市,楠梓區,惠民里,1792,1387186,774,550,277,979,836.31,108.04
高雄市,楠梓區,中陽里,1186,901095,760,489,243,830,2149.46,282.91
高雄市,楠梓區,清豐里,8617,7085680,822,576,286,1060,936.07,113.84
高雄市,楠梓區,稔田里,487,367586,755,487,230,972,1006.43,133.34
高雄市,楠梓區,玉屏里,600,400642,668,498,235,859,654.15,97.97
高雄市,楠梓區,錦屏里,904,626934,694,458,233,845,739.04,106.57
高雄市,楠梓區,金田里,1732,1355512,783,564,278,1013,906.10,115.78
高雄市,楠梓區,廣昌里,907,526828,581,432,221,758,567.18,97.65
高雄市,楠梓區,福昌里,657,481139,732,508,263,853,937.28,127.99
高雄市,楠梓區,泰昌里,386,257236,666,475,220,838,744.84,111.77
高雄市,楠梓區,興昌里,1549,1268399,819,596,301,1050,904.30,110.44
高雄市,楠梓區,建昌里,845,574169,679,467,243,898,665.46,97.93
高雄市,楠梓區,中和里,2433,2020698,831,676,361,1032,897.53,108.07
高雄市,楠梓區,中興里,998,883076,885,632,341,1106,905.97,102.39
高雄市,楠梓區,藍田里,3849,3852105,1001,730,367,1256,1036.36,103.55
高雄市,楠梓區,宏毅里,658,568306,864,598,280,1163,936.24,108.40
高雄市,楠梓區,宏南里,248,298278,1203,774,371,1410,2132.39,177.30
高雄市,楠梓區,宏榮里,914,819106,896,635,291,1177,1075.27,119.98
高雄市,楠梓區,和昌里,580,494676,853,518,265,931,3328.70,390.28
高雄市,楠梓區,隆昌里,1056,766024,725,481,251,875,982.17,135.40
高雄市,楠梓區,惠楠里,842,582390,692,434,197,848,919.00,132.87
高雄市,楠梓區,瑞屏里,1138,861733,757,507,270,937,824.24,108.85
高雄市,楠梓區,大昌里,576,364254,632,436,223,844,639.14,101.07
高雄市,楠梓區,裕昌里,1699,1368394,805,595,303,1034,942.43,117.01
高雄市,楠梓區,加昌里,2942,2078759,707,501,256,885,795.26,112.55
高雄市,楠梓區,仁昌里,1853,1315483,710,503,252,869,843.51,118.82
高雄市,楠梓區,惠豐里,1673,1150869,688,501,250,939,657.75,95.62
高雄市,楠梓區,翠屏里,6120,4392330,718,508,261,901,862.24,120.14
高雄市,楠梓區,久昌里,923,581167,630,461,237,796,630.96,100.21
高雄市,楠梓區,盛昌里,1963,1506952,768,523,260,971,852.96,111.11
高雄市,楠梓區,宏昌里,1138,840946,739,485,245,903,892.20,120.74
高雄市,楠梓區,秀昌里,676,496571,735,488,241,889,1214.15,165.29
高雄市,楠梓區,慶昌里,1044,820669,786,526,264,1046,898.66,114.32
高雄市,楠梓區,國昌里,1105,720043,652,464,242,822,670.40,102.88
高雄市,三民區,鼎金里,1207,866035,718,488,251,855,892.92,124.45
高雄市,三民區,鼎西里,2351,1707308,726,500,245,930,801.79,110.41
高雄市,三民區,本館里,2846,2131145,749,506,240,954,915.97,122.32
高雄市,三民區,寶獅里,1125,821619,730,453,229,900,912.41,124.93
高雄市,三民區,灣子里,1329,1109271,835,527,245,1022,1062.33,127.28
高雄市,三民區,安東里,1178,1158496,983,623,288,1250,1138.27,115.74
高雄市,三民區,安生里,601,494291,822,534,246,960,1038.71,126.30
高雄市,三民區,港東里,383,286039,747,435,188,890,1076.68,144.17
高雄市,三民區,港西里,190,115555,608,402,204,726,735.69,120.97
高雄市,三民區,博愛里,358,276812,773,416,203,917,1860.72,240.65
高雄市,三民區,建東里,336,229867,684,413,169,811,896.04,130.97
高雄市,三民區,鳳南里,309,247858,802,553,256,1038,914.29,113.98
高雄市,三民區,鳳北里,386,306714,795,466,207,1011,1125.58,141.65
高雄市,三民區,德東里,237,209781,885,503,189,1026,1487.38,168.04
高雄市,三民區,德西里,984,961666,977,654,316,1227,1121.52,114.76
高雄市,三民區,德北里,787,735397,934,599,300,1160,1024.63,109.65
高雄市,三民區,川東里,346,228444,660,436,212,815,668.01,101.18
高雄市,三民區,千歲里,366,269170,735,516,211,1002,794.42,108.02
高雄市,三民區,千北里,308,215366,699,465,197,897,793.72,113.51
高雄市,三民區,興德里,676,595077,880,528,231,1039,1163.94,132.22
高雄市,三民區,正興里,4627,4017581,868,563,268,1104,1096.55,126.29
高雄市,三民區,十全里,554,485906,877,541,246,1077,1069.40,121.93
高雄市,三民區,豐裕里,678,418143,617,419,208,746,740.57,120.08
高雄市,三民區,力行里,273,174780,640,441,190,858,658.39,102.84
高雄市,三民區,立誠里,210,179341,854,528,222,1083,1086.31,127.20
高雄市,三民區,立德里,385,257115,668,448,208,900,758.61,113.59
高雄市,三民區,達德里,443,439902,993,578,258,1142,1455.30,146.55
高雄市,三民區,灣華里,807,568061,704,465,236,920,764.62,108.62
高雄市,三民區,灣中里,1728,1335987,773,525,254,964,948.13,122.63
高雄市,三民區,灣復里,1068,717304,672,445,214,861,802.81,119.53
高雄市,三民區,灣興里,612,609336,996,534,240,1309,1235.33,124.07
高雄市,三民區,寶珠里,1665,1176822,707,498,229,969,713.96,101.01
高雄市,三民區,民享里,638,527430,827,516,249,987,1115.50,134.93
高雄市,三民區,安宜里,1024,838858,819,508,225,1029,1084.57,132.39
高雄市,三民區,同德里,870,720533,828,512,235,1038,998.80,120.60
高雄市,三民區,精華里,475,394664,831,529,226,1014,1086.31,130.74
高雄市,三民區,長明里,295,248315,842,506,251,989,1124.09,133.54
高雄市,三民區,裕民里,439,361805,824,543,233,1062,966.82,117.31
高雄市,三民區,寶龍里,1286,1090617,848,547,271,1019,1029.26,121.36
高雄市,三民區,港新里,579,599159,1035,639,271,1324,1424.86,137.69
高雄市,三民區,博惠里,1264,1006492,796,503,241,979,956.55,120.13
高雄市,三民區,立業里,250,162020,648,473,206,822,643.88,99.35
高雄市,三民區,十美里,546,446203,817,517,243,997,1049.89,128.47
高雄市,三民區,德行里,362,307736,850,518,264,1069,1062.29,124.96
高雄市,三民區,安邦里,1308,1133993,867,572,274,1116,983.14,113.40
高雄市,三民區,千秋里,534,275869,517,359,166,628,633.73,122.67
高雄市,三民區,灣勝里,539,335445,622,416,210,755,669.80,107.63
高雄市,三民區,灣利里,973,596854,613,428,201,785,656.76,107.07
高雄市,三民區,達明里,530,549449,1037,591,267,1384,1360.12,131.20
高雄市,三民區,達勇里,333,277712,834,494,213,1030,1062.86,127.45
高雄市,三民區,達仁里,476,469471,986,557,260,1060,2291.91,232.38
高雄市,三民區,灣愛里,796,518660,652,414,216,783,823.20,126.34
高雄市,三民區,安和里,879,906569,1031,590,259,1154,2007.18,194.61
高雄市,三民區,德智里,731,629404,861,541,237,1071,999.24,116.05
高雄市,三民區,寶興里,2231,1681554,754,509,246,977,868.93,115.28
高雄市,三民區,安康里,574,299169,521,360,173,687,581.26,111.52
高雄市,三民區,安寧里,352,185839,528,369,173,633,541.37,102.54
高雄市,三民區,鼎盛里,2586,1942311,751,520,257,972,831.86,110.75
高雄市,三民區,鼎泰里,8169,8000257,979,613,294,1205,1385.69,141.49
高雄市,三民區,本武里,574,461756,804,548,282,1048,860.96,107.02
高雄市,三民區,本文里,595,423331,711,493,250,919,761.09,106.97
高雄市,三民區,寶盛里,1713,1457194,851,554,257,1071,1023.31,120.29
高雄市,三民區,寶華里,1122,1003126,894,558,273,1109,1117.81,125.03
高雄市,三民區,寶民里,1095,881830,805,539,265,1052,893.58,110.96
高雄市,三民區,寶中里,874,625909,716,486,256,953,792.29,110.63
高雄市,三民區,寶玉里,2834,2049456,723,496,240,951,746.58,103.24
高雄市,三民區,灣成里,966,738779,765,560,261,1001,807.93,105.64
高雄市,三民區,安吉里,1637,1321587,807,528,225,1053,1025.10,126.97
高雄市,三民區,安泰里,1210,977538,808,548,233,1006,915.92,113.37
高雄市,三民區,德仁里,619,540678,873,535,236,1025,1182.23,135.35
高雄市,三民區,寶國里,2617,2058194,786,532,242,1034,862.95,109.72
高雄市,三民區,正順里,1295,1113305,860,522,258,1052,1070.78,124.55
高雄市,三民區,安發里,1407,1192593,848,527,230,1001,1111.61,131.15
高雄市,三民區,鼎中里,1301,1046024,804,544,259,1016,908.14,112.95
高雄市,三民區,寶業里,2295,2658635,1158,697,307,1437,1446.23,124.84
高雄市,三民區,寶慶里,846,639252,756,519,234,922,876.76,116.03
高雄市,三民區,寶德里,1665,1236417,743,499,267,937,878.93,118.36
高雄市,三民區,寶泰里,1369,1119006,817,499,242,997,1078.11,131.90
高雄市,三民區,寶安里,2448,2061626,842,536,257,1062,1007.37,119.62
高雄市,三民區,本元里,1745,1439351,825,537,250,1050,951.46,115.35
高雄市,三民區,本安里,1584,1528849,965,601,270,1186,1254.29,129.95
高雄市,三民區,本上里,1714,1634133,953,629,285,1182,1117.19,117.18
高雄市,三民區,本揚里,2720,2646293,973,629,311,1171,1295.81,133.19
高雄市,三民區,鼎力里,1350,1051673,779,528,246,973,951.66,122.16
高雄市,三民區,鼎強里,1215,841604,693,461,228,878,779.48,112.53
高雄市,三民區,本和里,2623,2140747,816,535,259,1020,957.26,117.29
高雄市,新興區,大明里,309,252893,818,463,189,895,1538.94,188.04
高雄市,新興區,明莊里,213,183811,863,517,231,983,1117.68,129.52
高雄市,新興區,仁聲里,340,258027,759,479,242,1003,764.59,100.75
高雄市,新興區,漢民里,272,256801,944,543,241,1199,1289.13,136.54
高雄市,新興區,華聲里,325,271732,836,487,260,1054,1072.21,128.24
高雄市,新興區,玉衡里,202,165572,820,487,208,931,1136.56,138.66
高雄市,新興區,榮治里,238,423823,1781,624,311,1621,4437.82,249.21
高雄市,新興區,浩然里,655,655482,1001,603,249,1111,1460.63,145.96
高雄市,新興區,振成里,415,426200,1027,525,214,1186,1491.50,145.23
高雄市,新興區,德生里,1130,1363836,1207,630,262,1447,1695.27,140.46
高雄市,新興區,成功里,510,597873,1172,553,262,1214,1974.19,168.40
高雄市,新興區,愛平里,338,380378,1125,670,278,1316,1695.99,150.70
高雄市,新興區,新江里,341,297782,873,530,200,1102,1320.34,151.20
高雄市,新興區,黎明里,263,196084,746,446,195,906,957.95,128.49
高雄市,新興區,秋山里,339,283835,837,527,238,986,951.10,113.60
高雄市,新興區,長驛里,284,202520,713,441,218,983,841.94,118.07
高雄市,新興區,建興里,297,221780,747,530,226,923,803.19,107.56
高雄市,新興區,德望里,679,697807,1028,553,240,1183,1649.93,160.55
高雄市,新興區,中東里,820,627050,765,506,235,933,1002.12,131.05
高雄市,新興區,東坡里,346,311793,901,522,264,1009,1292.98,143.48
高雄市,新興區,蕉園里,256,236110,922,510,278,1174,1035.26,112.25
高雄市,新興區,德政里,195,159558,818,538,229,984,941.79,115.10
高雄市,新興區,南港里,645,522318,810,510,247,967,1040.45,128.48
高雄市,新興區,開平里,1301,1419697,1091,636,271,1330,1692.89,155.13
高雄市,新興區,光耀里,738,677550,918,553,211,1088,1591.21,173.32
高雄市,新興區,永寧里,540,520145,963,574,300,1125,1174.33,121.92
高雄市,新興區,順昌里,801,718350,897,550,259,1063,1239.55,138.22
高雄市,新興區,正氣里,447,456668,1022,568,286,1149,1577.66,154.43
高雄市,新興區,建華里,272,276394,1016,494,259,1137,2594.72,255.35
高雄市,新興區,振華里,380,413329,1088,688,281,1243,1542.11,141.78
高雄市,新興區,文昌里,1201,1594443,1328,755,320,1658,1603.20,120.76
高雄市,新興區,興昌里,591,540692,915,586,273,1099,1099.53,120.18
高雄市,前金區,青山里,798,912529,1144,645,288,1267,1652.78,144.53
高雄市,前金區,長興里,383,306893,801,555,241,976,904.17,112.84
高雄市,前金區,民生里,321,280197,873,532,284,1037,1086.19,124.44
高雄市,前金區,東金里,342,368105,1076,546,244,1278,1691.00,157.11
高雄市,前金區,林投里,243,232355,956,477,212,1076,1813.57,189.67
高雄市,前金區,後金里,207,222342,1074,527,269,1319,1403.73,130.69
高雄市,前金區,文東里,411,403844,983,529,223,1061,1444.85,147.04
高雄市,前金區,長生里,629,731560,1163,666,268,1365,1678.64,144.33
高雄市,前金區,博孝里,350,325857,931,528,200,1082,1309.93,140.70
高雄市,前金區,復元里,407,558519,1372,696,329,1576,2044.99,149.02
高雄市,前金區,社東里,570,761672,1336,635,273,1366,4413.28,330.27
高雄市,前金區,社西里,438,443563,1013,623,288,1194,1343.27,132.64
高雄市,前金區,國民里,348,422771,1215,612,264,1257,1899.62,156.37
高雄市,前金區,新生里,1439,1413884,983,592,250,1182,1354.33,137.84
高雄市,前金區,北金里,249,188996,759,452,176,962,1445.13,190.39
高雄市,前金區,榮復里,366,270829,740,462,209,912,1053.26,142.34
高雄市,前金區,文西里,378,336407,890,510,220,972,1534.97,172.47
高雄市,前金區,草江里,519,425842,821,564,290,992,926.20,112.88
高雄市,前金區,長城里,401,323734,807,507,221,922,1337.81,165.71
高雄市,前金區,三川里,306,236635,773,566,294,976,813.56,105.20
高雄市,苓雅區,博仁里,222,281855,1270,699,332,1513,1669.76,131.52
高雄市,苓雅區,苓洲里,565,702349,1243,584,265,1309,3462.05,278.50
高雄市,苓雅區,苓昇里,308,226706,736,506,204,963,828.77,112.60
高雄市,苓雅區,苓雅里,529,424153,802,534,259,943,971.89,121.21
高雄市,苓雅區,苓中里,507,337583,666,475,232,846,771.00,115.79
高雄市,苓雅區,苓東里,423,345121,816,436,186,888,1258.75,154.28
高雄市,苓雅區,城東里,707,592256,838,554,252,1023,1051.99,125.58
高雄市,苓雅區,城北里,608,537244,884,520,253,1031,1172.53,132.70
高雄市,苓雅區,城西里,139,99957,719,462,259,862,785.55,109.24
高雄市,苓雅區,意誠里,1203,801719,666,447,217,867,808.84,121.37
高雄市,苓雅區,鼓中里,282,259562,920,483,206,962,1922.28,208.85
高雄市,苓雅區,田西里,455,410441,902,565,260,1117,1113.33,123.42
高雄市,苓雅區,日中里,735,658139,895,522,238,1080,1341.23,149.79
高雄市,苓雅區,美田里,338,297356,880,510,235,1032,1547.37,175.89
高雄市,苓雅區,林西里,506,408086,806,498,259,941,1052.04,130.45
高雄市,苓雅區,林南里,1047,1243207,1187,724,302,1455,1752.07,147.55
高雄市,苓雅區,林德里,609,646126,1061,602,241,1257,1454.47,137.09
高雄市,苓雅區,福海里,307,188275,613,394,190,742,761.75,124.21
高雄市,苓雅區,福南里,522,360569,691,500,239,877,826.21,119.61
高雄市,苓雅區,福西里,534,346497,649,477,192,815,706.41,108.87
高雄市,苓雅區,福東里,795,528281,665,468,228,827,734.30,110.50
高雄市,苓雅區,五福里,1098,747771,681,452,214,882,756.48,111.08
高雄市,苓雅區,仁政里,472,536780,1137,636,291,1239,2509.79,220.69
高雄市,苓雅區,凱旋里,776,884742,1140,655,275,1320,1634.09,143.32
高雄市,苓雅區,人和里,588,482599,821,512,223,1064,1041.21,126.86
高雄市,苓雅區,和煦里,618,519116,840,572,261,1105,913.77,108.78
高雄市,苓雅區,普照里,1162,1492490,1284,640,291,1365,2204.59,171.64
高雄市,苓雅區,晴朗里,727,878797,1209,687,314,1415,1624.65,134.40
高雄市,苓雅區,廣澤里,557,529306,950,566,266,1101,1238.86,130.37
高雄市,苓雅區,奏捷里,501,426432,851,523,225,987,1251.38,147.02
高雄市,苓雅區,永康里,686,561705,819,531,243,990,1365.23,166.73
高雄市,苓雅區,林圍里,887,1053514,1188,684,300,1479,1729.87,145.65
高雄市,苓雅區,林興里,376,260067,692,451,202,901,860.85,124.46
高雄市,苓雅區,林靖里,580,478313,825,528,272,1122,849.15,102.97
高雄市,苓雅區,同慶里,791,1006814,1273,813,350,1739,1454.99,114.31
高雄市,苓雅區,福隆里,906,666737,736,492,237,946,783.10,106.41
高雄市,苓雅區,福康里,522,344264,660,432,243,808,729.56,110.62
高雄市,苓雅區,福人里,576,388190,674,446,218,843,789.25,117.11
高雄市,苓雅區,福地里,751,441260,588,417,196,757,624.37,106.26
高雄市,苓雅區,福居里,725,435904,601,439,222,759,585.97,97.46
高雄市,苓雅區,五權里,817,787034,963,574,272,1122,1321.29,137.16
高雄市,苓雅區,正義里,816,977191,1198,667,292,1370,1554.45,129.80
高雄市,苓雅區,福壽里,418,330056,790,453,208,928,1114.57,141.16
高雄市,苓雅區,林中里,916,704083,769,530,228,1013,834.18,108.53
高雄市,苓雅區,華堂里,963,747051,776,522,248,988,845.62,109.01
高雄市,苓雅區,朝陽里,470,346142,736,458,188,895,1005.58,136.54
高雄市,苓雅區,林華里,837,610588,729,476,233,968,879.43,120.55
高雄市,苓雅區,林榮里,1343,1052587,784,491,229,939,999.58,127.54
高雄市,苓雅區,正心里,1211,1014749,838,545,258,1053,962.49,114.86
高雄市,苓雅區,福祥里,411,318495,775,504,242,936,862.86,111.35
高雄市,苓雅區,安祥里,1105,1420372,1285,779,377,1563,1481.56,115.26
高雄市,苓雅區,中正里,1077,1255558,1166,680,286,1424,1878.70,161.15
高雄市,苓雅區,普天里,1376,1475214,1072,662,285,1343,1479.52,138.00
高雄市,苓雅區,林富里,926,1388162,1499,866,385,1829,1944.42,129.71
高雄市,苓雅區,民主里,1490,1334459,896,556,272,1080,1544.51,172.45
高雄市,苓雅區,正仁里,785,542238,691,495,214,892,730.48,105.75
高雄市,苓雅區,林貴里,671,650426,969,618,268,1279,1082.29,111.65
高雄市,苓雅區,正大里,1750,1492460,853,546,251,1034,1202.11,140.95
高雄市,苓雅區,光華里,184,133060,723,442,244,947,782.54,108.21
高雄市,苓雅區,正道里,1276,920121,721,475,209,908,841.43,116.69
高雄市,苓雅區,衛武里,550,342330,622,451,210,801,654.28,105.12
高雄市,苓雅區,英明里,577,430105,745,465,226,906,902.37,121.06
高雄市,苓雅區,林泉里,669,731965,1094,694,309,1400,1248.98,114.15
高雄市,苓雅區,尚義里,596,761347,1277,718,299,1525,1759.88,137.77
高雄市,苓雅區,林安里,583,673630,1155,746,347,1505,1425.91,123.41
高雄市,苓雅區,正文里,982,942675,960,675,312,1263,1047.41,109.11
高雄市,苓雅區,正言里,1059,844498,797,538,264,991,912.30,114.40
高雄市,苓雅區,文昌里,1116,800105,717,500,234,897,817.03,113.96
高雄市,苓雅區,建軍里,577,380883,660,431,208,847,753.09,114.08
高雄市,前鎮區,鎮北里,322,230347,715,443,222,877,910.53,127.28
高雄市,前鎮區,草衙里,2651,1582858,597,422,211,740,671.89,112.53
高雄市,前鎮區,前鎮里,337,203505,604,412,221,678,805.12,133.33
高雄市,前鎮區,興邦里,1141,1033741,906,603,298,1148,1055.13,116.46
高雄市,前鎮區,興化里,134,80421,600,399,214,678,737.73,122.92
高雄市,前鎮區,鎮中里,227,163816,722,506,254,949,698.13,96.74
高雄市,前鎮區,振興里,978,1146224,1172,637,270,1349,1888.92,161.17
高雄市,前鎮區,西甲里,725,712519,983,568,281,1205,1186.08,120.69
高雄市,前鎮區,竹內里,786,568770,724,485,230,931,793.53,109.66
高雄市,前鎮區,西山里,1084,887755,819,503,230,963,1292.05,157.77
高雄市,前鎮區,良和里,1012,1016435,1004,599,253,1184,1386.88,138.08
高雄市,前鎮區,建隆里,549,1242658,2263,969,382,2454,4297.94,189.88
高雄市,前鎮區,興中里,901,679400,754,461,212,840,1250.13,165.79
高雄市,前鎮區,忠誠里,589,398734,677,577,257,928,591.76,87.41
高雄市,前鎮區,忠純里,1703,1409835,828,502,244,1052,1036.18,125.16
高雄市,前鎮區,瑞竹里,878,814112,927,739,352,1265,811.65,87.53
高雄市,前鎮區,復國里,806,630148,782,495,262,931,994.66,127.22
高雄市,前鎮區,鎮東里,432,246599,571,431,204,744,541.27,94.82
高雄市,前鎮區,忠孝里,1321,1350006,1022,564,261,1130,1482.44,145.06
高雄市,前鎮區,仁愛里,327,211188,646,417,194,799,793.52,122.87
高雄市,前鎮區,興仁里,147,65995,449,387,192,521,421.73,93.94
高雄市,前鎮區,信義里,360,231256,642,442,228,772,718.05,111.78
高雄市,前鎮區,平等里,631,517703,820,521,256,1051,999.57,121.83
高雄市,前鎮區,明道里,237,151760,640,405,210,771,740.46,115.64
高雄市,前鎮區,明禮里,424,271967,641,483,243,804,688.77,107.38
高雄市,前鎮區,瑞豐里,828,640625,774,513,228,949,1514.75,195.78
高雄市,前鎮區,鎮陽里,227,142961,630,380,188,722,873.84,138.75
高雄市,前鎮區,盛興里,926,812898,878,544,272,1037,1099.97,125.30
高雄市,前鎮區,鎮榮里,515,302115,587,418,192,731,623.18,106.23
高雄市,前鎮區,瑞南里,1424,1112444,781,496,261,986,985.00,126.09
高雄市,前鎮區,瑞崗里,734,522267,712,457,215,866,992.95,139.55
高雄市,前鎮區,瑞東里,724,536709,741,480,226,894,939.49,126.73
高雄市,前鎮區,瑞北里,979,699963,715,471,226,886,847.66,118.56
高雄市,前鎮區,瑞西里,747,477813,640,464,230,817,665.91,104.11
高雄市,前鎮區,瑞興里,710,495877,698,467,214,906,798.26,114.29
高雄市,前鎮區,瑞和里,542,356531,658,454,224,830,744.07,113.11
高雄市,前鎮區,瑞隆里,1036,686361,663,456,231,848,722.60,109.07
高雄市,前鎮區,信德里,533,284980,535,371,195,694,561.35,104.99
高雄市,前鎮區,鎮昌里,546,329186,603,435,222,772,639.38,106.05
高雄市,前鎮區,明正里,1756,1303816,742,498,254,977,825.85,111.23
高雄市,前鎮區,竹西里,1427,1118361,784,521,233,980,900.73,114.93
高雄市,前鎮區,平昌里,165,95318,578,399,189,767,641.98,111.13
高雄市,前鎮區,明孝里,661,428530,648,441,229,780,832.44,128.40
高雄市,前鎮區,瑞祥里,1422,1035625,728,491,252,922,768.81,105.56
高雄市,前鎮區,瑞平里,1045,756557,724,489,227,918,840.43,116.09
高雄市,前鎮區,德昌里,513,261513,510,384,211,670,523.31,102.65
高雄市,前鎮區,明義里,683,438137,641,483,256,839,582.59,90.82
高雄市,前鎮區,鎮海里,1273,993805,781,503,237,941,956.06,122.47
高雄市,前鎮區,竹東里,619,438110,708,443,197,879,1091.96,154.28
高雄市,前鎮區,竹南里,2666,2872329,1077,723,325,1425,1174.60,109.02
高雄市,前鎮區,竹北里,919,849874,925,639,285,1179,1134.97,122.73
高雄市,前鎮區,瑞誠里,761,469849,617,459,232,831,550.17,89.11
高雄市,前鎮區,瑞華里,1463,1167960,798,515,247,1023,957.36,119.92
高雄市,前鎮區,瑞昌里,1051,794024,755,530,258,980,831.44,110.05
高雄市,前鎮區,瑞文里,741,478574,646,458,224,810,651.81,100.92
高雄市,前鎮區,竹中里,1240,1017270,820,516,237,1034,966.96,117.87
高雄市,前鎮區,民權里,1463,1357136,928,598,277,1175,1076.75,116.07
高雄市,前鎮區,盛豐里,1030,797060,774,477,247,977,901.63,116.51
高雄市,前鎮區,興東里,2100,1833507,873,599,273,1167,894.32,102.43
高雄市,旗津區,旗下里,288,163048,566,385,150,747,698.16,123.32
高雄市,旗津區,永安里,235,118668,505,382,182,644,524.14,103.80
高雄市,旗津區,振興里,353,215289,610,374,190,743,874.87,143.45
高雄市,旗津區,慈愛里,465,251435,541,381,190,676,591.54,109.40
高雄市,旗津區,復興里,684,362268,530,355,184,668,638.75,120.60
高雄市,旗津區,實踐里,380,189467,499,420,220,640,486.12,97.50
高雄市,旗津區,上竹里,613,360485,588,420,222,727,614.23,104.45
高雄市,旗津區,南汕里,483,270534,560,420,212,705,602.19,107.51
高雄市,旗津區,中洲里,392,232601,593,429,221,744,704.54,118.74
高雄市,旗津區,安順里,160,97392,609,402,209,665,975.01,160.18
高雄市,旗津區,中興里,669,413058,617,425,232,753,646.11,104.65
高雄市,旗津區,北汕里,553,299677,542,395,194,684,548.06,101.14
高雄市,旗津區,中華里,348,184145,529,438,175,713,487.38,92.11
高雄市,小港區,小港里,726,568830,784,528,254,940,926.91,118.30
高雄市,小港區,港墘里,589,384139,652,468,238,848,617.07,94.62
高雄市,小港區,鳳宮里,893,692473,775,543,269,1032,758.48,97.81
高雄市,小港區,店鎮里,1918,1422205,742,507,251,929,886.96,119.62
高雄市,小港區,山東里,966,667894,691,487,243,913,725.68,104.96
高雄市,小港區,孔宅里,1625,1050641,647,477,247,864,618.21,95.62
高雄市,小港區,高松里,1442,1020714,708,519,256,948,635.22,89.74
高雄市,小港區,大坪里,946,650968,688,495,253,894,677.47,98.45
高雄市,小港區,坪頂里,2108,1555414,738,507,251,920,895.56,121.37
高雄市,小港區,鳳森里,739,549428,743,539,281,1009,718.02,96.58
高雄市,小港區,鳳林里,1027,758695,739,526,254,939,780.81,105.69
高雄市,小港區,鳳興里,860,576510,670,483,248,848,730.88,109.03
高雄市,小港區,鳳源里,1190,836393,703,464,242,911,758.49,107.92
高雄市,小港區,鳳鳴里,976,669388,686,494,258,886,665.12,96.98
高雄市,小港區,青島里,663,433718,654,436,215,815,782.84,119.67
高雄市,小港區,濟南里,1436,1060463,738,516,256,1004,708.54,95.95
高雄市,小港區,港口里,1124,858802,764,539,267,997,985.14,128.93
高雄市,小港區,港興里,715,521179,729,507,252,965,762.00,104.54
高雄市,小港區,二苓里,1107,787724,712,488,227,923,742.38,104.33
高雄市,小港區,大苓里,789,547812,694,448,238,874,899.57,129.56
高雄市,小港區,中厝里,1169,771781,660,478,230,841,704.20,106.66
高雄市,小港區,山明里,3896,2811194,722,521,248,974,738.16,102.30
高雄市,小港區,廈莊里,1674,1227774,733,545,282,966,727.40,99.18
高雄市,小港區,桂林里,2522,1717816,681,461,237,865,771.59,113.28
高雄市,小港區,龍鳳里,1083,817925,755,543,273,991,737.28,97.62
高雄市,小港區,港南里,1070,858071,802,600,315,1008,807.31,100.67
高雄市,小港區,港明里,896,543747,607,438,223,775,608.70,100.30
高雄市,小港區,港后里,831,573297,690,487,248,881,762.59,110.54
高雄市,小港區,港正里,834,599501,719,482,217,914,840.44,116.92
高雄市,小港區,合作里,833,572730,688,493,218,858,745.93,108.49
高雄市,小港區,松山里,1191,927170,778,530,252,1063,786.56,101.04
高雄市,小港區,松金里,797,539871,677,492,258,835,701.57,103.57
高雄市,小港區,泰山里,1128,924424,820,566,263,1053,918.57,112.09
高雄市,小港區,三苓里,830,607536,732,486,239,965,824.72,112.67
高雄市,小港區,正苓里,1232,852176,692,475,231,878,763.61,110.40
高雄市,小港區,順苓里,1504,1042563,693,503,259,911,692.46,99.89
高雄市,小港區,宏亮里,999,687974,689,492,247,925,678.62,98.54
高雄市,小港區,六苓里,900,743261,826,571,266,1101,881.02,106.68
高雄市,鳳山區,成功里,172,131317,763,533,251,878,831.83,108.95
高雄市,鳳山區,和德里,1166,1119868,960,660,284,1227,1171.48,121.97
高雄市,鳳山區,和興里,1461,1089258,746,487,242,944,909.74,122.02
高雄市,鳳山區,南興里,246,199836,812,511,259,957,1113.05,137.02
高雄市,鳳山區,鎮南里,1493,1089172,730,483,234,917,918.45,125.90
高雄市,鳳山區,興仁里,1047,756001,722,505,243,933,746.75,103.42
高雄市,鳳山區,鳳崗里,329,246904,750,527,222,960,799.67,106.56
高雄市,鳳山區,曹公里,665,552280,830,590,276,1045,1035.15,124.64
高雄市,鳳山區,鎮北里,4155,3181071,766,577,291,978,765.45,99.98
高雄市,鳳山區,縣衙里,236,162091,687,485,221,972,682.98,99.44
高雄市,鳳山區,文山里,2105,1654657,786,526,250,985,903.07,114.89
高雄市,鳳山區,文英里,1193,875951,734,520,242,986,739.96,100.78
高雄市,鳳山區,中和里,1081,783902,725,467,214,930,811.33,111.88
高雄市,鳳山區,忠義里,1497,1201424,803,519,262,981,970.44,120.92
高雄市,鳳山區,誠義里,1490,1358632,912,656,315,1231,872.62,95.70
高雄市,鳳山區,縣口里,131,97586,745,450,182,828,995.29,133.61
高雄市,鳳山區,光明里,415,393290,948,469,205,957,2397.95,253.03
高雄市,鳳山區,三民里,372,321826,865,562,263,1082,1012.57,117.04
高雄市,鳳山區,鎮東里,798,550267,690,491,244,915,697.88,101.21
高雄市,鳳山區,鎮西里,1459,1052424,721,472,219,901,945.27,131.04
高雄市,鳳山區,興中里,307,256076,834,582,268,1130,878.04,105.26
高雄市,鳳山區,中正里,1206,795419,660,473,237,866,694.59,105.31
高雄市,鳳山區,新興里,448,305469,682,440,213,826,918.14,134.65
高雄市,鳳山區,埤頂里,1864,1308607,702,488,248,905,862.87,122.91
高雄市,鳳山區,過埤里,5551,4669671,841,617,287,1120,871.61,103.61
高雄市,鳳山區,生明里,619,396413,640,444,226,802,681.74,106.45
高雄市,鳳山區,誠德里,832,608721,732,495,231,945,794.84,108.64
高雄市,鳳山區,瑞竹里,1705,1194239,700,474,243,870,778.67,111.17
高雄市,鳳山區,老爺里,2069,1329436,643,451,224,831,686.40,106.82
高雄市,鳳山區,五福里,920,630758,686,476,226,895,755.88,110.25
高雄市,鳳山區,海光里,932,545128,585,424,209,737,632.79,108.19
高雄市,鳳山區,協和里,991,819251,827,578,262,1093,856.20,103.57
高雄市,鳳山區,忠誠里,1173,933779,796,514,261,1011,974.73,122.44
高雄市,鳳山區,北門里,1136,704713,620,433,199,820,700.07,112.85
高雄市,鳳山區,富甲里,510,278500,546,399,185,690,632.32,115.79
高雄市,鳳山區,南成里,3493,2704608,774,557,273,1051,754.27,97.41
高雄市,鳳山區,東門里,1709,1047902,613,422,223,818,648.04,105.69
高雄市,鳳山區,一甲里,951,666049,700,484,242,879,813.33,116.13
高雄市,鳳山區,正義里,1866,1220454,654,449,215,823,725.87,110.98
高雄市,鳳山區,武漢里,1532,1042959,681,469,230,882,761.69,111.88
高雄市,鳳山區,新甲里,1021,746505,731,512,241,920,836.63,114.43
高雄市,鳳山區,福興里,1675,1028141,614,431,217,770,627.79,102.28
高雄市,鳳山區,福誠里,1754,1540708,878,598,279,1143,962.41,109.56
高雄市,鳳山區,瑞興里,1624,1253990,772,500,241,962,963.04,124.72
高雄市,鳳山區,國泰里,1044,689156,660,460,227,838,784.65,118.87
高雄市,鳳山區,新強里,1805,1519802,842,532,254,1075,1026.83,121.95
高雄市,鳳山區,天興里,1011,648785,642,466,227,815,735.34,114.59
高雄市,鳳山區,鳳東里,2282,1772499,777,538,259,1009,834.43,107.43
高雄市,鳳山區,忠孝里,1683,1158596,688,486,240,887,738.15,107.23
高雄市,鳳山區,文德里,3394,3123102,920,567,266,1145,1156.13,125.64
高雄市,鳳山區,文華里,2728,2241392,822,525,249,1048,965.21,117.48
高雄市,鳳山區,國光里,925,549420,594,409,195,731,704.81,118.66
高雄市,鳳山區,國隆里,669,404642,605,400,207,787,656.97,108.62
高雄市,鳳山區,新富里,1165,834383,716,478,241,897,811.97,113.37
高雄市,鳳山區,大德里,1430,951317,665,477,243,864,651.36,97.91
高雄市,鳳山區,武松里,787,497887,633,428,210,772,740.08,116.98
高雄市,鳳山區,文衡里,1511,1276717,845,583,280,1054,1046.94,123.91
高雄市,鳳山區,文福里,3569,3001185,841,563,269,1062,1064.90,126.64
高雄市,鳳山區,誠信里,709,397184,560,415,199,702,597.85,106.72
高雄市,鳳山區,誠智里,862,536004,622,438,215,846,629.75,101.28
高雄市,鳳山區,國富里,923,680044,737,541,249,957,815.29,110.66
高雄市,鳳山區,武慶里,741,564682,762,505,240,927,898.46,117.90
高雄市,鳳山區,海洋里,1232,911088,740,515,244,943,876.83,118.57
高雄市,鳳山區,新武里,808,563519,697,512,245,875,731.66,104.91
高雄市,鳳山區,新樂里,1513,1088768,720,487,239,922,774.84,107.68
高雄市,鳳山區,新泰里,1371,1072615,782,512,252,1026,894.44,114.33
高雄市,鳳山區,中崙里,814,489308,601,430,226,785,587.80,97.78
高雄市,鳳山區,中榮里,1311,730964,558,402,201,725,579.73,103.98
高雄市,鳳山區,中民里,1404,811643,578,402,207,747,596.05,103.11
高雄市,鳳山區,二甲里,1471,1064625,724,475,243,905,885.21,122.31
高雄市,鳳山區,龍成里,858,594988,693,460,218,895,813.47,117.31
高雄市,鳳山區,富榮里,775,531630,686,512,246,908,659.21,96.10
高雄市,鳳山區,善美里,1824,1219766,669,468,229,861,764.21,114.28
高雄市,鳳山區,南和里,771,508273,659,468,220,829,682.62,103.55
高雄市,鳳山區,福祥里,793,580358,732,464,226,903,895.71,122.39
高雄市,鳳山區,保安里,2512,2287342,911,651,302,1204,969.36,106.46
高雄市,鳥松區,鳥松里,3774,3895584,1032,635,282,1175,1533.02,148.52
高雄市,鳥松區,夢裡里,2015,2637446,1309,727,305,1575,1820.39,139.08
高雄市,鳥松區,大華里,3921,5158337,1316,665,309,1498,2346.56,178.37
高雄市,鳥松區,仁美里,1989,1391939,700,457,216,835,895.34,127.94
高雄市,鳥松區,坔埔里,1028,788340,767,495,251,937,1025.48,133.72
高雄市,鳥松區,大竹里,178,133307,749,550,270,902,771.53,103.02
高雄市,鳥松區,華美里,1146,790390,690,475,227,844,805.83,116.84
高雄市,仁武區,仁武里,1686,1135702,674,472,233,857,717.80,106.56
高雄市,仁武區,文武里,3116,2117100,679,470,228,878,732.38,107.79
高雄市,仁武區,竹後里,636,383350,603,426,221,788,582.00,96.56
高雄市,仁武區,八卦里,7660,6212810,811,590,279,1070,822.90,101.46
高雄市,仁武區,大灣里,1785,1429365,801,536,265,995,1195.21,149.26
高雄市,仁武區,灣內里,3005,2369415,788,518,260,998,975.35,123.70
高雄市,仁武區,考潭里,779,520573,668,461,216,835,778.50,116.50
高雄市,仁武區,烏林里,989,595113,602,416,208,721,728.75,121.11
高雄市,仁武區,仁福里,220,175425,797,431,211,849,1101.86,138.18
高雄市,仁武區,高楠里,1145,1039856,908,619,275,1126,1032.57,113.70
高雄市,仁武區,後安里,704,436245,620,411,202,782,859.87,138.76
高雄市,仁武區,中華里,408,203795,499,375,206,592,505.10,101.12
高雄市,仁武區,五和里,1974,1369849,694,506,257,894,749.79,108.05
高雄市,仁武區,仁和里,1450,1187229,819,552,261,1041,1051.53,128.43
高雄市,仁武區,赤山里,2799,2651760,947,615,291,1147,1308.60,138.13
高雄市,仁武區,仁慈里,908,841753,927,591,294,1103,1129.84,121.88
高雄市,大社區,大社里,1490,1046725,702,479,242,896,749.01,106.62
高雄市,大社區,嘉誠里,176,128033,727,385,204,767,1454.33,199.92
高雄市,大社區,保社里,1181,839483,711,486,249,885,824.51,115.99
高雄市,大社區,翠屏里,468,292117,624,444,226,806,666.15,106.72
高雄市,大社區,三奶里,754,485111,643,448,217,798,804.23,125.00
高雄市,大社區,觀音里,1691,1105975,654,462,236,802,817.70,125.02
高雄市,大社區,神農里,1518,990904,653,454,215,819,754.49,115.58
高雄市,大社區,中里里,961,576731,600,422,218,764,668.49,111.39
高雄市,大社區,保安里,1010,640622,634,436,209,789,734.34,115.78
高雄市,大樹區,大樹里,592,309155,522,384,203,679,527.63,101.04
高雄市,大樹區,九曲里,1577,857090,543,399,195,702,567.96,104.50
高雄市,大樹區,久堂里,1210,701946,580,421,223,703,595.70,102.69
高雄市,大樹區,水安里,679,392433,578,419,211,710,637.33,110.27
高雄市,大樹區,水寮里,558,341505,612,449,240,765,588.72,96.19
高雄市,大樹區,井腳里,328,204662,624,434,231,714,751.23,120.40
高雄市,大樹區,小坪里,331,199462,603,391,229,731,637.47,105.79
高雄市,大樹區,龍目里,372,215702,580,424,209,711,799.29,137.85
高雄市,大樹區,竹寮里,823,479029,582,453,211,766,572.92,98.43
高雄市,大樹區,檨腳里,877,523118,596,427,225,776,582.61,97.67
高雄市,大樹區,興山里,222,136320,614,476,272,789,609.27,99.22
高雄市,大樹區,和山里,240,118867,495,414,210,631,421.66,85.14
高雄市,大樹區,姑山里,255,141357,554,434,208,711,553.53,99.85
高雄市,大樹區,大坑里,341,199342,585,428,244,732,630.82,107.91
高雄市,大樹區,三和里,258,281578,1091,508,257,922,2379.95,218.07
高雄市,大樹區,溪埔里,344,221918,645,543,292,820,555.02,86.04
高雄市,大樹區,興田里,382,203341,532,405,213,697,477.22,89.65
高雄市,大樹區,統嶺里,142,81695,575,431,219,774,533.32,92.70
高雄市,大寮區,大寮里,1972,1160280,588,409,214,755,633.82,107.72
高雄市,大寮區,義仁里,439,251247,572,413,233,703,626.78,109.52
高雄市,大寮區,新厝里,415,251534,606,414,197,765,773.98,127.70
高雄市,大寮區,會結里,416,254775,612,403,215,774,712.26,116.30
高雄市,大寮區,潮寮里,744,440767,592,443,213,803,546.87,92.31
高雄市,大寮區,拷潭里,355,197072,555,424,192,756,548.00,98.71
高雄市,大寮區,山頂里,2137,1237160,579,399,209,723,613.48,105.97
高雄市,大寮區,三隆里,1339,834629,623,415,227,748,724.86,116.29
高雄市,大寮區,永芳里,2090,1327305,635,433,224,794,791.55,124.64
高雄市,大寮區,昭明里,1138,650231,571,445,214,737,562.80,98.50
高雄市,大寮區,內坑里,1655,959486,580,418,221,704,870.16,150.09
高雄市,大寮區,上寮里,724,513488,709,447,265,780,2788.88,393.22
高雄市,大寮區,會社里,1671,1002889,600,426,201,786,616.74,102.76
高雄市,大寮區,後庄里,2371,1471591,621,443,216,795,704.08,113.44
高雄市,大寮區,翁園里,1277,794030,622,456,227,805,673.01,108.24
高雄市,大寮區,琉球里,1720,1061418,617,438,234,776,692.19,112.17
高雄市,大寮區,江山里,510,312833,613,448,245,780,645.80,105.28
高雄市,大寮區,溪寮里,435,289138,665,431,236,782,1208.95,181.88
高雄市,大寮區,義和里,611,353102,578,413,209,748,605.46,104.77
高雄市,大寮區,前庄里,708,482809,682,468,222,855,722.37,105.93
高雄市,大寮區,中庄里,3360,2096095,624,446,223,812,627.83,100.64
高雄市,大寮區,過溪里,757,441459,583,422,220,774,571.27,97.96
高雄市,大寮區,忠義里,83,38741,467,368,168,580,473.98,101.55
高雄市,大寮區,中興里,1900,1119459,589,415,210,734,703.89,119.47
高雄市,林園區,林園里,983,647929,659,475,230,845,778.68,118.14
高雄市,林園區,溪州里,1229,678556,552,451,223,744,461.95,83.67
高雄市,林園區,潭頭里,762,457731,601,422,211,781,634.56,105.64
高雄市,林園區,中厝里,823,495142,602,432,211,796,585.42,97.31
高雄市,林園區,林內里,540,313996,581,426,207,747,555.05,95.46
高雄市,林園區,王公里,1352,910420,673,519,268,909,582.43,86.49
高雄市,林園區,林家里,374,242191,648,482,203,857,689.81,106.52
高雄市,林園區,龔厝里,603,344592,571,456,215,732,529.91,92.73
高雄市,林園區,中門里,730,433857,594,459,219,771,556.89,93.70
高雄市,林園區,頂厝里,1442,885967,614,479,238,834,580.60,94.50
高雄市,林園區,港嘴里,473,258157,546,384,209,710,525.79,96.34
高雄市,林園區,西溪里,949,534321,563,414,223,747,518.00,92.00
高雄市,林園區,中芸里,468,273458,584,437,212,795,651.22,111.45
高雄市,林園區,鳳芸里,458,284715,622,452,227,882,586.75,94.39
高雄市,林園區,東汕里,214,124492,582,427,219,807,515.28,88.57
高雄市,林園區,西汕里,160,82279,514,382,168,702,493.74,96.01
高雄市,林園區,北汕里,374,234108,626,474,244,831,726.13,116.00
高雄市,林園區,東林里,915,582966,637,464,236,861,610.45,95.81
高雄市,林園區,港埔里,507,319531,630,453,200,739,849.84,134.84
高雄市,林園區,仁愛里,984,691467,703,504,246,932,683.52,97.27
高雄市,林園區,文賢里,762,495644,650,493,248,865,612.04,94.09
高雄市,林園區,廣應里,1096,704209,643,489,255,850,578.52,90.04
高雄市,林園區,五福里,770,414203,538,427,214,722,474.27,88.17
高雄市,林園區,中汕里,487,282997,581,437,207,778,544.30,93.67
高雄市,岡山區,岡山里,1485,1102945,743,468,239,895,1010.22,136.02
高雄市,岡山區,維仁里,293,183131,625,438,231,804,652.49,104.39
高雄市,岡山區,壽天里,1113,947230,851,481,233,963,1862.49,218.84
高雄市,岡山區,後紅里,1551,1057857,682,431,231,826,871.20,127.73
高雄市,岡山區,程香里,1553,1116099,719,498,249,926,773.36,107.61
高雄市,岡山區,嘉興里,1073,683894,637,446,233,782,791.10,124.12
高雄市,岡山區,華崗里,476,298834,628,420,218,770,903.13,143.86
高雄市,岡山區,潭底里,220,113485,516,395,212,681,510.48,98.96
高雄市,岡山區,石潭里,608,470137,773,496,238,978,867.20,112.15
高雄市,岡山區,福興里,368,212830,578,441,222,666,755.59,130.65
高雄市,岡山區,忠孝里,958,692423,723,504,246,927,808.16,111.81
高雄市,岡山區,平安里,361,279742,775,550,254,988,920.12,118.74
高雄市,岡山區,前峰里,926,572049,618,437,211,792,655.48,106.11
高雄市,岡山區,後協里,2000,1309564,655,472,244,839,763.94,116.67
高雄市,岡山區,竹圍里,2685,2062680,768,486,246,953,1124.77,146.41
高雄市,岡山區,協和里,1267,844090,666,433,236,799,811.13,121.75
高雄市,岡山區,劉厝里,432,312706,724,463,222,914,870.68,120.28
高雄市,岡山區,灣裡里,693,496314,716,490,249,881,857.53,119.74
高雄市,岡山區,白米里,776,476597,614,463,246,766,592.78,96.52
高雄市,岡山區,大遼里,462,311038,673,498,233,855,679.12,100.87
高雄市,岡山區,台上里,2203,1643027,746,506,258,909,864.47,115.91
高雄市,岡山區,信義里,571,398913,699,491,245,914,709.50,101.56
高雄市,岡山區,大莊里,252,130765,519,412,177,659,517.81,99.79
高雄市,岡山區,嘉峰里,563,335059,595,404,199,675,858.69,144.29
高雄市,岡山區,和平里,203,166827,822,606,232,1016,1143.73,139.17
高雄市,岡山區,三和里,224,135711,606,392,171,669,825.68,136.28
高雄市,岡山區,本洲里,554,337126,609,397,215,732,742.27,121.98
高雄市,岡山區,仁壽里,1120,906194,809,508,261,972,1127.15,139.31
高雄市,岡山區,協榮里,716,486350,679,454,230,784,1200.04,176.67
高雄市,岡山區,碧紅里,1439,1014149,705,477,237,901,755.49,107.20
高雄市,岡山區,為隨里,208,111255,535,396,188,684,616.28,115.22
高雄市,岡山區,壽峰里,779,522763,671,457,234,835,729.61,108.72
高雄市,岡山區,仁義里,594,427264,719,484,237,869,831.54,115.60
高雄市,茄萣區,嘉定里,259,142429,550,371,201,695,594.27,108.06
高雄市,茄萣區,嘉安里,460,288312,627,386,211,731,756.14,120.64
高雄市,茄萣區,保定里,763,444951,583,400,215,690,656.37,112.55
高雄市,茄萣區,嘉福里,203,101743,501,389,195,595,539.97,107.74
高雄市,茄萣區,福德里,241,141336,586,339,177,682,713.79,121.71
高雄市,茄萣區,和協里,272,153463,564,406,201,724,598.31,106.05
高雄市,茄萣區,萬福里,187,108311,579,365,210,674,640.77,110.63
高雄市,茄萣區,吉定里,269,162839,605,410,226,713,720.04,118.95
高雄市,茄萣區,白雲里,440,254208,578,378,195,704,632.68,109.51
高雄市,茄萣區,光定里,199,117137,589,368,214,629,817.13,138.82
高雄市,茄萣區,嘉賜里,1100,653415,594,421,221,749,645.44,108.66
高雄市,茄萣區,崎漏里,1238,677827,548,387,202,666,586.87,107.19
高雄市,茄萣區,大定里,243,139915,576,372,212,661,662.72,115.10
高雄市,茄萣區,嘉泰里,263,141562,538,337,191,588,693.38,128.82
高雄市,茄萣區,嘉樂里,593,316472,534,375,194,682,614.48,115.14
高雄市,永安區,永安里,449,285651,636,404,210,780,767.22,120.60
高雄市,永安區,新港里,611,352930,578,423,223,763,552.33,95.62
高雄市,永安區,永華里,526,323899,616,428,203,766,662.86,107.65
高雄市,永安區,鹽田里,125,65701,526,350,180,667,570.52,108.55
高雄市,永安區,保寧里,863,513166,595,419,237,742,641.30,107.85
高雄市,永安區,維新里,1148,685967,598,410,219,752,630.74,105.56
高雄市,橋頭區,橋頭里,722,626919,868,572,260,1148,958.54,110.39
高雄市,橋頭區,橋南里,349,236607,678,466,211,856,770.22,113.61
高雄市,橋頭區,仕豐里,917,698818,762,497,247,988,852.05,111.81
高雄市,橋頭區,仕隆里,726,572028,788,493,252,1074,968.45,122.91
高雄市,橋頭區,新莊里,2965,2804323,946,680,368,1181,961.11,101.62
高雄市,橋頭區,甲南里,778,500125,643,442,227,782,859.66,133.73
高雄市,橋頭區,甲北里,1165,801777,688,522,278,826,811.96,117.98
高雄市,橋頭區,頂鹽里,413,248659,602,426,231,790,607.07,100.83
高雄市,橋頭區,中崎里,175,100008,571,441,239,716,527.63,92.33
高雄市,橋頭區,筆秀里,481,292686,608,439,222,808,596.75,98.07
高雄市,橋頭區,白樹里,1158,842484,728,505,261,884,858.04,117.94
高雄市,橋頭區,德松里,539,428281,795,529,285,1003,972.70,122.42
高雄市,橋頭區,東林里,772,537668,696,474,262,801,887.51,127.43
高雄市,橋頭區,西林里,417,276566,663,486,293,819,672.74,101.43
高雄市,橋頭區,芋寮里,386,267855,694,480,274,877,757.20,109.12
高雄市,橋頭區,仕和里,1236,859364,695,452,239,850,896.17,128.89
高雄市,橋頭區,三德里,218,124998,573,425,224,771,544.36,94.94
高雄市,梓官區,梓義里,668,417613,625,463,234,754,666.53,106.62
高雄市,梓官區,茄苳里,612,341770,558,405,210,707,562.09,100.65
高雄市,梓官區,禮蚵里,491,262579,535,402,224,673,508.98,95.18
高雄市,梓官區,大舍里,1100,635825,578,412,219,721,631.30,109.22
高雄市,梓官區,梓信里,679,429514,633,457,237,840,638.07,100.87
高雄市,梓官區,智蚵里,712,433248,608,432,219,764,634.44,104.26
高雄市,梓官區,赤崁里,481,302133,628,442,241,750,711.84,113.33
高雄市,梓官區,信蚵里,693,413804,597,444,215,772,648.22,108.56
高雄市,梓官區,梓平里,523,344112,658,453,234,831,806.23,122.54
高雄市,梓官區,赤東里,577,317670,551,405,208,734,573.32,104.14
高雄市,梓官區,赤西里,201,114441,569,394,203,704,614.25,107.88
高雄市,梓官區,同安里,302,198359,657,495,235,825,744.79,113.39
高雄市,梓官區,中崙里,360,218061,606,451,234,829,553.37,91.36
高雄市,梓官區,梓和里,683,409672,600,447,250,755,563.41,93.93
高雄市,梓官區,典寶里,924,594982,644,460,237,811,675.44,104.90
高雄市,田寮區,南安里,180,89614,498,372,212,644,495.96,99.62
高雄市,田寮區,田寮里,78,46801,600,340,190,635,866.66,144.44
高雄市,田寮區,三和里,49,28477,581,437,240,698,524.57,90.26
高雄市,田寮區,古亭里,58,36254,625,394,224,731,736.02,117.75
高雄市,田寮區,大同里,60,25623,427,338,152,499,439.42,102.90
高雄市,田寮區,七星里,102,60464,593,418,215,783,603.94,101.88
高雄市,田寮區,西德里,147,78240,532,354,172,686,586.67,110.23
高雄市,田寮區,崇德里,191,91778,481,338,176,520,571.97,119.03
高雄市,田寮區,新興里,282,175172,621,430,234,776,651.76,104.92
高雄市,田寮區,鹿埔里,65,27640,425,368,178,505,381.82,89.79
高雄市,阿蓮區,阿蓮里,1479,957319,647,425,221,803,750.75,115.99
高雄市,阿蓮區,崗山里,173,109915,635,462,252,852,590.70,92.97
高雄市,阿蓮區,復安里,458,247241,540,368,206,672,577.59,107.00
高雄市,阿蓮區,清蓮里,724,494424,683,413,209,759,1208.90,177.02
高雄市,阿蓮區,港後里,568,322872,568,370,197,742,594.44,104.57
高雄市,阿蓮區,石安里,326,192192,590,397,225,655,922.16,156.42
高雄市,阿蓮區,峯山里,310,169893,548,416,180,685,567.40,103.53
高雄市,阿蓮區,青旗里,431,264122,613,390,216,680,766.76,125.12
高雄市,阿蓮區,和蓮里,638,420845,660,444,236,807,785.32,119.05
高雄市,阿蓮區,玉庫里,302,185297,614,382,208,662,1167.45,190.27
高雄市,阿蓮區,中路里,519,380998,734,411,235,792,1551.18,211.30
高雄市,阿蓮區,南蓮里,878,574262,654,431,244,792,820.27,125.41
高雄市,路竹區,竹東里,1279,953406,745,507,258,919,879.87,118.03
高雄市,路竹區,竹西里,704,481360,684,443,207,819,1003.57,146.78
高雄市,路竹區,竹滬里,992,633193,638,463,244,801,802.24,125.68
高雄市,路竹區,竹園里,532,320224,602,433,247,725,661.44,109.89
高雄市,路竹區,文南里,794,633940,798,500,240,930,1074.11,134.53
高雄市,路竹區,文北里,983,697048,709,453,233,803,1115.60,157.33
高雄市,路竹區,甲南里,987,665042,674,453,242,788,856.04,127.05
高雄市,路竹區,甲北里,651,407757,626,457,253,799,637.55,101.79
高雄市,路竹區,下坑里,703,413911,589,417,208,689,770.95,130.94
高雄市,路竹區,頂寮里,299,182715,611,467,251,756,574.82,94.06
高雄市,路竹區,鴨寮里,730,466617,639,438,228,814,708.87,110.90
高雄市,路竹區,社東里,516,347284,673,453,249,843,658.73,97.87
高雄市,路竹區,社西里,709,477013,673,451,263,813,743.25,110.47
高雄市,路竹區,社中里,235,147871,629,450,253,809,576.43,91.61
高雄市,路竹區,北嶺里,408,250778,615,429,245,780,607.14,98.78
高雄市,路竹區,三爺里,274,262914,960,435,213,780,1911.85,199.25
高雄市,路竹區,後鄉里,388,249777,644,442,251,744,934.59,145.18
高雄市,路竹區,新達里,317,184584,582,398,201,753,603.37,103.62
高雄市,路竹區,竹南里,857,790512,922,511,262,1012,1753.19,190.07
高雄市,路竹區,社南里,1714,1375513,803,508,273,948,1025.98,127.85
高雄市,燕巢區,東燕里,613,344585,562,408,226,688,565.20,100.55
高雄市,燕巢區,西燕里,968,626166,647,461,244,776,870.46,134.57
高雄市,燕巢區,南燕里,1121,743588,663,473,233,836,714.18,107.67
高雄市,燕巢區,尖山里,250,188834,755,411,223,782,1552.75,205.57
高雄市,燕巢區,金山里,81,49187,607,377,233,743,589.30,97.04
高雄市,燕巢區,鳳雄里,655,433461,662,466,234,801,789.99,119.37
高雄市,燕巢區,深水里,560,294281,526,373,229,616,533.93,101.60
高雄市,燕巢區,角宿里,840,556747,663,438,220,785,1187.11,179.11
高雄市,燕巢區,橫山里,437,258170,591,412,207,714,746.88,126.42
高雄市,燕巢區,瓊林里,652,366431,562,405,199,705,615.22,109.47
高雄市,燕巢區,安招里,967,583927,604,418,206,779,626.77,103.79
高雄市,彌陀區,彌陀里,505,319152,632,450,227,775,832.27,131.69
高雄市,彌陀區,彌仁里,119,65019,546,393,211,619,547.23,100.16
高雄市,彌陀區,彌壽里,205,127129,620,478,265,790,557.90,89.96
高雄市,彌陀區,舊港里,386,208595,540,373,203,628,707.06,130.84
高雄市,彌陀區,過港里,250,141685,567,390,188,676,750.68,132.46
高雄市,彌陀區,漯底里,306,177025,579,409,209,693,648.41,112.08
高雄市,彌陀區,鹽埕里,588,346950,590,390,198,703,765.24,129.69
高雄市,彌陀區,南寮里,513,276907,540,381,207,696,515.21,95.45
高雄市,彌陀區,文安里,447,238858,534,349,197,609,773.82,144.81
高雄市,彌陀區,光和里,352,212656,604,433,207,734,676.76,112.02
高雄市,彌陀區,海尾里,176,90874,516,365,172,672,658.07,127.45
高雄市,彌陀區,彌靖里,502,279461,557,436,228,733,511.36,91.86
高雄市,湖內區,湖內里,1242,758243,611,440,227,770,685.75,112.33
高雄市,湖內區,逸賢里,316,189159,599,405,221,668,685.55,114.52
高雄市,湖內區,中賢里,618,322516,522,364,186,649,611.77,117.23
高雄市,湖內區,文賢里,371,217295,586,419,219,784,559.23,95.48
高雄市,湖內區,太爺里,241,175602,729,452,201,866,876.28,120.26
高雄市,湖內區,大湖里,1339,894558,668,454,219,831,775.44,116.07
高雄市,湖內區,葉厝里,871,555740,638,437,224,804,682.81,107.02
高雄市,湖內區,田尾里,329,249060,757,474,274,817,1063.14,140.44
高雄市,湖內區,海埔里,460,249159,542,381,184,693,578.73,106.85
高雄市,湖內區,劉家里,220,114499,520,354,198,632,590.91,113.54
高雄市,湖內區,公舘里,788,530067,673,454,239,827,773.35,114.97
高雄市,湖內區,海山里,281,163323,581,381,216,674,794.07,136.62
高雄市,湖內區,忠興里,190,109365,576,354,206,720,657.40,114.21
高雄市,湖內區,湖東里,888,579355,652,421,220,738,991.09,151.91
高雄市,旗山區,大林里,234,133017,568,403,205,713,638.08,112.25
高雄市,旗山區,中正里,271,126911,468,336,174,592,594.26,126.90
高雄市,旗山區,圓富里,360,203606,566,413,203,730,629.06,111.23
高雄市,旗山區,永和里,838,484485,578,418,230,761,583.93,101.00
高雄市,旗山區,瑞吉里,480,275238,573,415,223,709,602.76,105.12
高雄市,旗山區,竹峰里,357,237580,665,447,228,816,757.03,113.76
高雄市,旗山區,湄洲里,347,238208,686,441,208,851,875.48,127.53
高雄市,旗山區,大德里,659,436577,662,453,228,825,826.25,124.72
高雄市,旗山區,太平里,542,333569,615,396,223,785,685.73,111.42
高雄市,旗山區,東昌里,245,139118,568,433,238,701,516.68,90.99
高雄市,旗山區,東平里,463,296443,640,462,217,834,621.75,97.11
高雄市,旗山區,廣福里,128,88352,690,448,220,739,820.10,118.81
高雄市,旗山區,三協里,549,328878,599,423,226,740,649.00,108.34
高雄市,旗山區,上洲里,204,118967,583,418,210,705,579.40,99.35
高雄市,旗山區,鯤洲里,146,107708,738,483,234,859,1168.81,158.43
高雄市,旗山區,大山里,265,153138,578,438,220,745,588.30,101.80
高雄市,旗山區,中洲里,128,66471,519,322,155,703,587.03,113.04
高雄市,旗山區,南洲里,264,143978,545,439,195,710,536.47,98.37
高雄市,旗山區,新光里,156,91223,585,420,237,730,688.82,117.79
高雄市,旗山區,中寮里,31,14565,470,365,222,595,403.01,85.78
高雄市,旗山區,南勝里,418,244280,584,419,228,726,569.60,97.47
高雄市,六龜區,六龜里,124,61513,496,387,219,604,478.93,96.55
高雄市,六龜區,義寶里,198,101656,513,394,206,651,476.28,92.77
高雄市,六龜區,中興里,229,155303,678,435,222,724,1173.99,173.11
高雄市,六龜區,興龍里,87,39116,450,327,148,532,536.86,119.40
高雄市,六龜區,新發里,139,87148,627,356,177,636,1296.57,206.80
高雄市,六龜區,荖濃里,137,68108,497,377,167,561,596.11,119.91
高雄市,六龜區,寶來里,104,69034,664,451,237,905,671.35,101.14
高雄市,六龜區,新興里,81,42217,521,367,192,570,531.15,101.91
高雄市,六龜區,新威里,119,64969,546,440,218,785,451.35,82.67
高雄市,六龜區,新寮里,87,49749,572,493,183,774,489.65,85.63
高雄市,六龜區,文武里,195,99194,509,381,193,642,570.53,112.16
高雄市,六龜區,大津里,53,31760,599,436,321,688,684.90,114.29
高雄市,內門區,內門里,195,104703,537,382,212,724,505.73,94.19
高雄市,內門區,永富里,161,76872,477,356,141,623,464.01,97.18
高雄市,內門區,永吉里,66,33458,507,385,186,535,552.26,108.94
高雄市,內門區,內南里,68,40217,591,385,174,760,684.94,115.81
高雄市,內門區,永興里,64,30702,480,385,232,624,359.51,74.94
高雄市,內門區,中埔里,97,52353,540,427,251,640,468.97,86.89
高雄市,內門區,東埔里,76,35597,468,369,152,721,423.46,90.41
高雄市,內門區,內豊里,235,105244,448,381,213,553,372.46,83.17
高雄市,內門區,觀亭里,331,190486,575,412,187,699,732.42,127.27
高雄市,內門區,內東里,117,61452,525,361,178,623,569.36,108.40
高雄市,內門區,內興里,70,33034,472,349,165,504,565.59,119.85
高雄市,內門區,木柵里,71,34002,479,340,143,712,453.36,94.67
高雄市,內門區,溝坪里,134,76749,573,390,173,641,926.38,161.74
高雄市,內門區,石坑里,69,37270,540,395,270,742,496.77,91.97
高雄市,內門區,瑞山里,39,18975,487,347,136,676,428.66,88.10
高雄市,內門區,光興里,108,54942,509,366,209,635,539.43,106.04
高雄市,內門區,金竹里,96,43743,456,356,189,527,413.10,90.66
高雄市,內門區,三平里,113,54291,480,353,167,598,457.07,95.13
高雄市,美濃區,泰安里,422,278455,660,480,214,936,644.96,97.74
高雄市,美濃區,瀰濃里,532,381382,717,490,252,967,733.40,102.30
高雄市,美濃區,東門里,245,140348,573,425,201,730,551.62,96.29
高雄市,美濃區,合和里,549,330495,602,422,217,753,643.23,106.85
高雄市,美濃區,中圳里,466,296850,637,462,236,864,588.48,92.38
高雄市,美濃區,福安里,586,380313,649,433,219,780,892.35,137.50
高雄市,美濃區,中壇里,451,284680,631,446,234,762,678.51,107.49
高雄市,美濃區,祿興里,560,344435,615,426,224,767,659.86,107.28
高雄市,美濃區,德興里,310,187264,604,438,260,752,568.44,94.10
高雄市,美濃區,清水里,383,223567,584,433,236,723,586.74,100.52
高雄市,美濃區,吉和里,289,155549,538,433,197,705,506.61,94.13
高雄市,美濃區,吉洋里,335,194399,580,398,240,701,754.17,129.96
高雄市,美濃區,吉東里,347,189278,545,387,157,703,646.88,118.59
高雄市,美濃區,龍肚里,255,164889,647,411,205,854,707.30,109.38
高雄市,美濃區,龍山里,400,238679,597,459,203,826,530.78,88.95
高雄市,美濃區,獅山里,526,308502,587,390,216,757,630.74,107.54
高雄市,美濃區,廣林里,242,144342,596,413,239,677,639.75,107.26
高雄市,美濃區,廣德里,234,126644,541,403,210,646,529.16,97.77
高雄市,美濃區,興隆里,204,127968,627,442,241,736,729.29,116.26
高雄市,杉林區,上平里,248,133506,538,414,208,692,544.50,101.15
高雄市,杉林區,杉林里,68,28574,420,302,174,544,413.77,98.47
高雄市,杉林區,月眉里,299,163143,546,402,215,750,484.40,88.78
高雄市,杉林區,月美里,219,126637,578,350,207,632,933.15,161.37
高雄市,杉林區,新庄里,224,122813,548,378,202,627,795.80,145.15
高雄市,杉林區,集來里,138,65039,471,388,221,568,412.64,87.55
高雄市,杉林區,木梓里,72,38097,529,369,214,618,614.59,116.15
高雄市,杉林區,大愛里,311,126571,407,329,138,548,374.26,91.96
高雄市,甲仙區,東安里,82,55003,671,449,235,753,819.85,122.23
高雄市,甲仙區,西安里,186,106414,572,418,221,742,580.08,101.39
高雄市,甲仙區,和安里,99,68669,694,462,244,870,688.40,99.25
高雄市,甲仙區,關山里,55,24877,452,356,219,572,383.23,84.73
高雄市,甲仙區,小林里,71,34535,486,382,201,617,454.44,93.43
高雄市,甲仙區,大田里,263,122070,464,366,184,653,419.18,90.31
高雄市,甲仙區,寶隆里,69,30843,447,327,124,564,541.81,121.21
高雄市,茂林區,茂林里,166,88026,530,462,215,724,413.79,78.03
高雄市,茂林區,多納里,91,49881,548,469,222,719,556.26,101.48
高雄市,茂林區,萬山里,85,61219,720,456,229,747,1205.62,167.40
高雄市,桃源區,桃源里,118,69048,585,465,258,671,504.64,86.24
高雄市,桃源區,寶山里,80,50394,630,466,268,798,595.38,94.52
高雄市,桃源區,建山里,117,55994,479,427,251,637,375.16,78.39
高雄市,桃源區,高中里,119,65705,552,424,273,721,472.18,85.52
高雄市,桃源區,勤和里,44,25258,574,526,417,653,313.93,54.69
高雄市,桃源區,復興里,42,21305,507,531,347,628,292.84,57.73
高雄市,桃源區,拉芙蘭里,38,20816,548,404,189,797,505.35,92.25
高雄市,桃源區,梅山里,36,17503,486,416,157,667,470.02,96.67
高雄市,那瑪夏區,南沙魯里,72,34928,485,409,216,554,548.26,113.02
高雄市,那瑪夏區,瑪雅里,121,81114,670,497,316,870,510.26,76.12
高雄市,那瑪夏區,達卡努瓦里,246,138130,562,504,234,743,457.87,81.54
新北市,新莊區,海山里,1823,1373864,754,455,220,905,899.23,119.32
新北市,新莊區,全安里,1420,1187917,837,473,249,974,1273.45,152.22
新北市,新莊區,文衡里,730,654402,896,553,266,1120,1081.77,120.67
新北市,新莊區,興漢里,1062,841842,793,510,257,963,1042.12,131.47
新北市,新莊區,榮和里,1176,1216618,1035,550,265,1263,1483.42,143.39
新北市,新莊區,文德里,584,520389,891,554,256,1124,1144.91,128.49
新北市,新莊區,文明里,541,460671,852,469,228,984,1241.44,145.79
新北市,新莊區,中港里,2028,1678465,828,535,261,1016,977.45,118.10
新北市,新莊區,頭前里,4530,6496967,1434,842,356,1844,1847.84,128.84
新北市,新莊區,丹鳳里,2877,2151612,748,489,248,944,839.85,112.30
新北市,新莊區,西盛里,4785,3940413,823,548,273,1028,965.17,117.20
新北市,新莊區,瓊林里,1482,990719,669,445,219,804,806.36,120.62
新北市,新莊區,營盤里,617,433047,702,468,235,942,720.39,102.64
新北市,新莊區,後港里,2476,1661879,671,441,236,835,784.42,116.87
新北市,新莊區,國泰里,460,318331,692,423,212,849,900.05,130.06
新北市,新莊區,立人里,701,750192,1070,598,289,1317,1470.81,137.44
新北市,新莊區,恆安里,1416,1127251,796,496,252,1045,887.07,111.43
新北市,新莊區,思源里,1729,1285592,744,491,233,910,855.57,115.07
新北市,新莊區,化成里,1487,1559084,1048,561,257,1278,1544.22,147.28
新北市,新莊區,福基里,2487,3155234,1269,747,346,1608,1527.53,120.40
新北市,新莊區,思賢里,1362,1091463,801,501,253,982,994.79,124.14
新北市,新莊區,中美里,1973,1621084,822,514,253,1031,992.22,120.76
新北市,新莊區,中和里,1415,1068238,755,437,230,892,1107.90,146.75
新北市,新莊區,中泰里,1264,809854,641,444,221,836,676.12,105.53
新北市,新莊區,立言里,1635,1307619,800,481,238,946,1327.92,166.04
新北市,新莊區,立功里,1046,626775,599,388,209,802,628.63,104.91
新北市,新莊區,立德里,861,711935,827,500,240,1038,1010.84,122.25
新北市,新莊區,豐年里,1110,703861,634,413,214,785,736.51,116.15
新北市,新莊區,忠孝里,1862,1674257,899,550,273,1093,1135.13,126.24
新北市,新莊區,立志里,1173,779837,665,452,220,846,717.46,107.92
新北市,新莊區,中誠里,609,442070,726,456,234,838,1003.70,138.27
新北市,新莊區,自立里,1570,1113498,709,447,228,850,952.32,134.27
新北市,新莊區,自強里,653,352894,540,383,185,681,617.08,114.19
新北市,新莊區,幸福里,1176,733690,624,429,218,765,724.33,116.10
新北市,新莊區,仁愛里,726,437744,603,414,214,738,723.06,119.92
新北市,新莊區,信義里,1637,1148328,701,447,229,865,817.11,116.48
新北市,新莊區,龍鳳里,3806,3543158,931,603,289,1242,1047.74,112.55
新北市,新莊區,民安里,1930,1355654,702,475,238,851,842.06,119.88
新北市,新莊區,光華里,2216,1448029,653,451,236,827,779.91,119.35
新北市,新莊區,富國里,678,421736,622,435,227,769,685.02,110.13
新北市,新莊區,裕民里,2002,1404954,702,421,211,779,1556.56,221.80
新北市,新莊區,南港里,1715,1137933,664,439,233,795,813.53,122.61
新北市,新莊區,萬安里,1159,715410,617,450,251,793,606.86,98.31
新北市,新莊區,八德里,928,546543,589,407,211,747,652.50,110.79
新北市,新莊區,民本里,823,463517,563,405,205,692,625.47,111.06
新北市,新莊區,光榮里,1348,908208,674,453,231,838,796.46,118.21
新北市,新莊區,光明里,1541,1040304,675,456,240,856,705.26,104.47
新北市,新莊區,合鳳里,1324,765045,578,391,188,716,654.07,113.19
新北市,新莊區,雙鳳里,4150,4018253,968,596,285,1241,1285.28,132.74
新北市,新莊區,和平里,1527,1007395,660,447,231,812,740.14,112.19
新北市,新莊區,自信里,781,612026,784,462,215,882,1170.72,149.39
新北市,新莊區,全泰里,1651,1403729,850,539,269,1085,979.82,115.24
新北市,新莊區,立泰里,1696,1432983,845,515,262,1036,1000.97,118.47
新北市,新莊區,立基里,2099,1886406,899,540,270,1093,1273.33,141.68
新北市,新莊區,中宏里,1237,931467,753,506,257,940,893.72,118.69
新北市,新莊區,中全里,1013,634917,627,420,201,781,845.50,134.90
新北市,新莊區,中華里,983,876762,892,564,258,1181,1035.90,116.14
新北市,新莊區,中隆里,2002,2137527,1068,603,281,1292,1439.99,134.87
新北市,新莊區,中原里,5434,6048362,1113,634,290,1362,1529.58,137.42
新北市,新莊區,中信里,2779,2255068,811,515,263,1014,938.26,115.62
新北市,新莊區,仁義里,1073,680185,634,398,206,768,764.54,120.61
新北市,新莊區,建福里,833,493632,593,440,214,767,621.71,104.91
新北市,新莊區,四維里,1304,773725,593,413,219,739,650.08,109.56
新北市,新莊區,文聖里,1238,1125936,909,591,272,1119,1127.73,124.00
新北市,新莊區,福營里,842,651470,774,474,244,889,1128.04,145.79
新北市,新莊區,後德里,1061,855024,806,535,274,979,1012.49,125.64
新北市,新莊區,建安里,2308,1688138,731,481,241,917,809.93,110.73
新北市,新莊區,龍安里,701,416206,594,420,203,733,729.79,122.92
新北市,新莊區,昌平里,3918,4908818,1253,762,334,1625,1522.44,121.51
新北市,新莊區,昌明里,1136,823539,725,455,236,908,835.54,115.26
新北市,新莊區,成德里,1508,956196,634,428,214,824,698.48,110.16
新北市,新莊區,福興里,2144,1614026,753,472,227,883,1001.54,133.04
新北市,新莊區,昌信里,1324,1198002,905,552,264,1128,1130.35,124.92
新北市,新莊區,昌隆里,1589,1340804,844,524,258,1058,975.82,115.65
新北市,新莊區,中平里,3481,3291255,945,588,282,1209,1100.20,116.36
新北市,新莊區,立廷里,4466,4800958,1075,691,336,1426,1263.04,117.49
新北市,新莊區,泰豐里,819,591789,723,466,231,917,803.84,111.25
新北市,新莊區,富民里,1294,826905,639,436,228,796,691.84,108.26
新北市,新莊區,龍福里,762,488921,642,450,222,866,631.65,98.44
新北市,新莊區,祥鳳里,777,494962,637,438,234,810,671.81,105.46
新北市,新莊區,民全里,1274,833936,655,434,227,832,708.49,108.24
新北市,新莊區,民有里,1341,873263,651,424,231,827,722.18,110.90
新北市,新莊區,光正里,1404,1012064,721,460,243,848,881.99,122.36
新北市,新莊區,光和里,835,484391,580,400,215,733,649.98,112.04
新北市,林口區,東林里,1175,808609,688,425,243,764,900.07,130.79
新北市,林口區,林口里,1785,1334257,747,439,222,877,1074.28,143.72
新北市,林口區,西林里,3937,4427913,1125,609,282,1296,1830.02,162.71
新北市,林口區,湖北里,440,314228,714,422,213,886,840.66,117.71
新北市,林口區,菁湖里,1458,1534535,1052,598,280,1274,1506.98,143.18
新北市,林口區,湖南里,10175,14140361,1390,838,365,1749,1931.69,139.00
新北市,林口區,南勢里,11647,18613705,1598,1004,426,2059,2553.69,159.79
新北市,林口區,頂福里,307,185925,606,446,236,741,641.62,105.95
新北市,林口區,下福里,422,291622,691,450,216,782,958.51,138.70
新北市,林口區,嘉寶里,288,187205,650,405,209,758,849.18,130.64
新北市,林口區,瑞平里,250,149444,598,392,190,714,760.37,127.20
新北市,林口區,太平里,484,355036,734,423,218,797,1633.08,222.63
新北市,林口區,中湖里,1870,1736022,928,609,303,1152,1119.22,120.56
新北市,林口區,東勢里,2463,2171620,882,529,253,1050,1241.69,140.83
新北市,林口區,仁愛里,2551,3113997,1221,676,298,1500,1647.20,134.94
新北市,林口區,麗林里,3261,3647762,1119,651,297,1423,1424.70,127.36
新北市,林口區,麗園里,1441,1379864,958,495,251,1060,2295.86,239.76
新北市,五股區,興珍里,1577,1145952,727,446,216,812,1259.43,173.32
新北市,五股區,更寮里,331,216239,653,428,193,757,865.19,132.44
新北市,五股區,集福里,1180,690571,585,416,205,778,604.88,103.36
新北市,五股區,觀音里,329,199966,608,435,209,731,717.47,118.04
新北市,五股區,成州里,1829,1146896,627,410,200,792,764.03,121.84
新北市,五股區,五股里,1198,809597,676,422,220,798,892.45,132.06
新北市,五股區,五龍里,347,214106,617,399,213,708,817.40,132.48
新北市,五股區,德音里,1867,1479504,792,477,243,897,1281.38,161.70
新北市,五股區,貿商里,938,678422,723,435,208,835,1097.20,151.70
新北市,五股區,陸一里,738,500686,678,416,206,783,916.05,135.02
新北市,五股區,成功里,3064,2105826,687,495,245,899,695.69,101.22
新北市,五股區,五福里,1074,600087,559,382,209,707,629.95,112.74
新北市,五股區,成德里,1012,700706,692,468,242,866,718.44,103.76
新北市,五股區,德泰里,1470,1061264,722,431,223,817,2060.94,285.47
新北市,五股區,六福里,1237,742545,600,408,213,698,685.55,114.21
新北市,五股區,集賢里,1324,741552,560,424,211,738,542.02,96.77
新北市,五股區,民義里,1153,766601,665,452,211,847,783.56,117.85
新北市,五股區,成泰里,4794,3971938,829,555,273,1073,1023.28,123.51
新北市,五股區,水碓里,2673,1857260,695,445,227,839,847.33,121.95
新北市,五股區,福德里,1100,758803,690,458,230,885,891.72,129.27
新北市,蘆洲區,樓厝里,2295,1803794,786,502,262,1011,905.56,115.22
新北市,蘆洲區,保和里,804,592150,737,469,233,994,828.80,112.53
新北市,蘆洲區,得勝里,991,682139,688,432,230,791,1001.76,145.53
新北市,蘆洲區,仁復里,585,462121,790,472,205,898,1230.36,155.75
新北市,蘆洲區,溪墘里,918,665416,725,461,245,873,870.91,120.15
新北市,蘆洲區,中路里,1265,836138,661,438,226,824,783.89,118.60
新北市,蘆洲區,正義里,5186,6150154,1186,721,320,1503,1766.43,148.95
新北市,蘆洲區,水湳里,3625,2976369,821,500,251,1029,1175.67,143.19
新北市,蘆洲區,保佑里,1126,801731,712,444,223,874,860.12,120.80
新北市,蘆洲區,樹德里,1011,674208,667,434,228,871,870.92,130.60
新北市,蘆洲區,中原里,1937,1673590,864,511,244,1068,1108.42,128.29
新北市,蘆洲區,恆德里,1979,1641841,830,502,254,959,1115.48,134.46
新北市,蘆洲區,光華里,1659,1252895,755,462,221,909,915.16,121.18
新北市,蘆洲區,鷺江里,1744,1468414,842,503,256,968,1334.66,158.51
新北市,蘆洲區,南港里,1790,1216086,679,439,234,843,809.83,119.20
新北市,蘆洲區,永樂里,2001,1427533,713,461,232,855,815.82,114.36
新北市,蘆洲區,永康里,2195,1542974,703,453,220,871,826.48,117.57
新北市,蘆洲區,信義里,1137,769468,677,446,233,828,873.36,129.05
新北市,蘆洲區,玉清里,1971,1576728,800,500,236,1011,965.31,120.67
新北市,蘆洲區,復興里,1036,635888,614,435,225,775,628.60,102.41
新北市,蘆洲區,水河里,3008,2006939,667,440,225,861,755.91,113.30
新北市,蘆洲區,仁愛里,1726,1223622,709,456,237,879,863.41,121.79
新北市,蘆洲區,忠義里,1017,711772,700,449,224,832,960.63,137.26
新北市,蘆洲區,九芎里,1706,1052823,617,444,219,794,627.43,101.67
新北市,蘆洲區,中華里,964,702083,728,457,236,860,984.57,135.19
新北市,蘆洲區,得仁里,937,646155,690,458,227,848,823.87,119.47
新北市,蘆洲區,仁德里,1679,1222368,728,460,242,884,871.72,119.74
新北市,蘆洲區,仁義里,1354,1288622,952,524,261,1064,1267.20,133.15
新北市,蘆洲區,光明里,1439,1043323,725,480,246,898,823.44,113.57
新北市,蘆洲區,保新里,1349,1171592,868,509,238,952,1392.65,160.35
新北市,蘆洲區,長安里,1543,944190,612,422,218,763,661.18,108.05
新北市,蘆洲區,民和里,751,490586,653,449,227,835,736.62,112.76
新北市,蘆洲區,忠孝里,782,491101,628,460,233,784,683.03,108.76
新北市,蘆洲區,福安里,1082,753343,696,414,202,866,1058.95,152.09
新北市,蘆洲區,永安里,1590,1097053,690,466,235,862,770.05,111.61
新北市,蘆洲區,延平里,1335,882826,661,444,217,799,963.23,145.66
新北市,蘆洲區,成功里,2383,1613934,677,448,240,831,819.86,121.05
新北市,蘆洲區,永德里,1458,927824,636,450,233,798,746.02,117.23
新北市,三重區,二重里,496,317931,641,441,248,799,635.09,99.08
新北市,三重區,五谷里,713,561969,788,534,260,979,944.98,119.89
新北市,三重區,德厚里,326,370854,1138,822,415,1484,1120.02,98.46
新北市,三重區,福祉里,2110,2014443,955,591,282,1181,1339.91,140.35
新北市,三重區,過田里,2254,1830650,812,479,232,964,1259.84,155.12
新北市,三重區,溪美里,2816,2280473,810,496,253,1031,996.99,123.11
新北市,三重區,厚德里,1134,926618,817,518,244,1057,940.94,115.15
新北市,三重區,慈化里,694,468418,675,458,235,852,727.31,107.76
新北市,三重區,永安里,1190,853832,718,454,217,875,869.40,121.17
新北市,三重區,六合里,1160,733759,633,434,203,865,685.55,108.38
新北市,三重區,福利里,865,786138,909,545,280,1135,1077.95,118.61
新北市,三重區,永興里,549,484212,882,556,287,1090,1035.63,117.42
新北市,三重區,清和里,1501,1381760,921,573,262,1142,1074.95,116.77
新北市,三重區,仁德里,563,358286,636,429,199,837,694.51,109.13
新北市,三重區,開元里,604,575078,952,554,256,1123,1261.02,132.44
新北市,三重區,大德里,251,154856,617,423,228,806,619.70,100.45
新北市,三重區,錦通里,397,209734,528,356,181,692,563.29,106.62
新北市,三重區,光華里,870,729880,839,523,252,1040,988.25,117.80
新北市,三重區,光榮里,490,399949,816,501,259,976,1078.94,132.19
新北市,三重區,大園里,836,777068,930,467,233,968,2058.39,221.45
新北市,三重區,長生里,272,205957,757,381,157,928,1073.69,141.80
新北市,三重區,長安里,603,394039,653,436,199,802,742.99,113.70
新北市,三重區,同安里,449,275436,613,416,224,829,664.94,108.40
新北市,三重區,光明里,2519,2354018,935,533,262,1070,1364.57,146.02
新北市,三重區,菜寮里,644,463668,720,527,250,898,738.96,102.64
新北市,三重區,大同里,694,511923,738,487,231,907,845.11,114.57
新北市,三重區,長泰里,642,421309,656,430,213,824,742.88,113.20
新北市,三重區,長元里,730,448922,615,419,190,788,671.90,109.26
新北市,三重區,介壽里,360,253127,703,429,206,770,924.50,131.48
新北市,三重區,三安里,817,575010,704,456,228,872,786.27,111.72
新北市,三重區,文化里,678,476202,702,419,211,830,1059.29,150.82
新北市,三重區,正義里,595,480939,808,470,237,953,1161.57,143.70
新北市,三重區,中正里,434,294110,678,439,218,857,793.31,117.06
新北市,三重區,仁義里,461,397819,863,472,248,980,1199.73,139.03
新北市,三重區,長江里,627,526993,840,493,248,1050,1283.43,152.70
新北市,三重區,錦江里,646,378603,586,409,206,713,671.31,114.54
新北市,三重區,龍門里,541,430706,796,473,235,906,1150.84,144.55
新北市,三重區,大安里,480,303159,632,423,210,811,658.67,104.29
新北市,三重區,光正里,1038,1237398,1192,685,298,1472,2683.74,225.13
新北市,三重區,重新里,501,373958,746,519,250,870,877.85,117.61
新北市,三重區,民生里,1286,851855,662,422,224,776,830.04,125.31
新北市,三重區,中山里,935,864866,925,507,242,1080,1325.46,143.29
新北市,三重區,國隆里,1029,907788,882,527,253,1084,1084.77,122.96
新北市,三重區,重陽里,1102,730726,663,429,208,829,850.24,128.22
新北市,三重區,幸福里,1436,966935,673,444,234,815,799.23,118.69
新北市,三重區,福安里,964,692829,719,482,237,907,825.86,114.91
新北市,三重區,信安里,690,547992,794,476,226,1036,955.56,120.32
新北市,三重區,安慶里,619,361414,584,389,211,729,662.46,113.46
新北市,三重區,順德里,605,368041,608,424,216,775,645.25,106.07
新北市,三重區,承德里,484,351091,725,490,218,921,796.89,109.86
新北市,三重區,瑞德里,648,399703,617,420,236,770,651.73,105.66
新北市,三重區,崇德里,1117,723688,648,440,214,809,735.41,113.51
新北市,三重區,尚德里,888,571953,644,429,226,800,698.23,108.40
新北市,三重區,培德里,1181,969591,821,511,261,1018,1062.29,129.39
新北市,三重區,自強里,550,335485,610,395,198,835,668.80,109.64
新北市,三重區,大有里,1789,1251931,700,482,248,882,895.14,127.91
新北市,三重區,頂崁里,988,878069,889,497,249,1030,1149.05,129.29
新北市,三重區,谷王里,800,883412,1104,805,396,1428,1042.37,94.39
新北市,三重區,中興里,1453,1227507,845,511,249,998,1116.61,132.17
新北市,三重區,成功里,2779,2862572,1030,677,307,1327,1175.79,114.15
新北市,三重區,重明里,1312,1468453,1119,625,307,1367,1521.91,135.98
新北市,三重區,光田里,1528,1340614,877,498,246,976,1582.38,180.36
新北市,三重區,田心里,1232,823938,669,433,229,827,829.79,124.08
新北市,三重區,福隆里,1447,1205242,833,525,256,1040,928.34,111.46
新北市,三重區,五常里,2514,2409843,959,638,303,1272,1199.80,125.17
新北市,三重區,慈生里,589,378173,642,442,221,791,799.18,124.47
新北市,三重區,碧華里,3279,4001272,1220,716,332,1558,1575.82,129.14
新北市,三重區,永德里,1340,832459,621,424,225,807,688.49,110.83
新北市,三重區,永福里,1554,1019528,656,420,210,795,782.68,119.30
新北市,三重區,福星里,418,359733,861,545,269,1167,925.28,107.52
新北市,三重區,錦安里,510,352740,692,460,237,899,778.09,112.50
新北市,三重區,光輝里,464,330463,712,436,221,834,1108.89,155.70
新北市,三重區,同慶里,556,414921,746,484,257,893,833.93,111.75
新北市,三重區,永春里,560,381035,680,444,223,816,816.05,119.93
新北市,三重區,中民里,367,226328,617,394,210,750,783.54,127.05
新北市,三重區,長福里,499,357319,716,449,233,882,806.13,112.58
新北市,三重區,奕壽里,545,446567,819,479,252,976,1115.63,136.15
新北市,三重區,萬壽里,606,464961,767,481,249,957,869.75,113.36
新北市,三重區,中央里,505,363840,720,478,248,876,821.27,113.99
新北市,三重區,雙園里,297,197702,666,440,230,823,801.61,120.42
新北市,三重區,正安里,589,428057,727,444,244,880,959.19,131.98
新北市,三重區,吉利里,422,262687,622,435,227,806,770.39,123.76
新北市,三重區,忠孝里,539,369435,685,492,220,912,872.39,127.28
新北市,三重區,秀江里,365,249144,683,452,200,853,753.03,110.32
新北市,三重區,龍濱里,987,699319,709,460,225,831,880.71,124.30
新北市,三重區,平和里,466,273219,586,403,219,749,613.47,104.63
新北市,三重區,正德里,317,214629,677,486,224,894,683.32,100.92
新北市,三重區,五福里,1232,1160391,942,529,265,1191,1268.80,134.71
新北市,三重區,富華里,1059,841818,795,513,261,1084,819.49,103.09
新北市,三重區,田安里,1952,1453571,745,479,241,905,877.13,117.79
新北市,三重區,慈惠里,652,486073,746,465,249,950,870.46,116.76
新北市,三重區,慈福里,610,358459,588,409,207,781,604.10,102.80
新北市,三重區,永盛里,874,594538,680,448,230,832,802.25,117.93
新北市,三重區,福民里,1060,703787,664,451,215,848,722.82,108.87
新北市,三重區,田中里,1912,1462213,765,501,251,981,836.78,109.42
新北市,三重區,永清里,1606,1098447,684,430,221,822,916.10,133.94
新北市,三重區,維德里,849,565641,666,442,225,825,807.11,121.14
新北市,三重區,五華里,1682,1712714,1018,538,278,1155,1462.43,143.62
新北市,三重區,永煇里,709,433686,612,428,216,756,659.58,107.83
新北市,三重區,三民里,1093,906545,829,529,244,1061,991.00,119.48
新北市,三重區,錦田里,702,696897,993,516,236,1081,2296.30,231.31
新北市,三重區,慈祐里,1478,1100796,745,485,223,922,864.81,116.11
新北市,三重區,六福里,1684,1162047,690,459,229,877,796.63,115.45
新北市,三重區,光陽里,2205,1948528,884,527,263,1056,1226.45,138.79
新北市,三重區,福田里,1092,744320,682,424,228,852,788.20,115.64
新北市,三重區,富福里,614,379650,618,414,225,765,726.35,117.47
新北市,三重區,仁忠里,823,504376,613,439,213,789,672.79,109.78
新北市,三重區,富貴里,2485,3154571,1269,705,329,1555,1650.37,130.01
新北市,三重區,慈愛里,983,598459,609,391,208,745,701.15,115.17
新北市,三重區,福德里,1417,1217811,859,511,229,1011,1186.63,138.07
新北市,三重區,永豐里,1698,1096999,646,433,229,834,696.96,107.88
新北市,三重區,博愛里,1407,921510,655,446,222,808,727.48,111.07
新北市,三重區,永吉里,873,630223,722,465,237,874,832.07,115.26
新北市,三重區,永順里,1462,899598,615,405,221,730,727.19,118.18
新北市,三重區,永發里,1970,1565364,795,505,248,978,933.63,117.50
新北市,三重區,立德里,1083,722962,668,421,210,827,798.05,119.55
新北市,三重區,福樂里,1092,832632,762,450,235,879,1934.61,253.72
新北市,三重區,仁華里,1375,1089161,792,513,253,1008,862.19,108.85
新北市,三重區,五順里,1123,679644,605,417,212,770,621.08,102.62
新北市,泰山區,黎明里,1084,734501,678,453,229,868,734.63,108.42
新北市,泰山區,大科里,257,162284,631,447,207,908,600.28,95.06
新北市,泰山區,山腳里,2097,1492376,712,464,228,857,852.49,119.79
新北市,泰山區,楓樹里,1390,1116874,804,485,231,1016,1036.55,129.00
新北市,泰山區,同榮里,1400,987021,705,479,244,940,789.43,111.97
新北市,泰山區,義學里,1494,1069294,716,486,243,906,954.94,133.42
新北市,泰山區,明志里,1209,895693,741,458,227,851,1308.46,176.61
新北市,泰山區,貴子里,1353,1039842,769,524,233,1030,858.56,111.71
新北市,泰山區,貴和里,1716,1245814,726,460,235,940,843.51,116.19
新北市,泰山區,福泰里,784,478807,611,405,217,766,646.81,105.91
新北市,泰山區,同興里,1190,1048931,881,573,279,1167,954.20,108.25
新北市,泰山區,義仁里,3142,2844815,905,597,291,1187,971.82,107.33
新北市,泰山區,泰友里,584,382758,655,473,228,800,803.38,122.58
新北市,泰山區,新明里,968,626456,647,418,230,812,706.58,109.18
新北市,泰山區,貴賢里,1302,1036423,796,512,266,960,1020.57,128.21
新北市,泰山區,福興里,1223,1084292,887,545,268,1119,1097.24,123.76
新北市,泰山區,全興里,3216,3412730,1061,707,310,1395,1201.67,113.24
新北市,新店區,張北里,3317,4184526,1262,696,320,1477,1740.68,137.98
新北市,新店區,張南里,947,1078805,1139,672,288,1403,1508.12,132.39
新北市,新店區,廣明里,324,294840,910,522,276,1201,1001.82,110.09
新北市,新店區,江陵里,2120,2816754,1329,696,315,1506,2355.14,177.26
新北市,新店區,百忍里,1245,1037709,834,527,278,1026,1038.40,124.58
新北市,新店區,青潭里,1844,1401260,760,492,237,957,951.38,125.20
新北市,新店區,員潭里,1772,1235803,697,466,229,936,714.70,102.48
新北市,新店區,雙坑里,165,88038,534,357,166,638,614.43,115.16
新北市,新店區,粗坑里,987,895729,908,521,227,1088,1390.36,153.20
新北市,新店區,屈尺里,685,443558,648,422,199,797,801.24,123.74
新北市,新店區,廣興里,312,200388,642,407,206,760,822.58,128.07
新北市,新店區,龜山里,453,296761,655,421,203,810,888.19,135.58
新北市,新店區,直潭里,381,413580,1086,560,256,992,2537.05,233.72
新北市,新店區,塗潭里,222,119189,537,363,198,726,554.13,103.21
新北市,新店區,公崙里,4849,4753249,980,598,288,1242,1219.19,124.37
新北市,新店區,柴埕里,3104,2529025,815,521,249,1079,937.77,115.10
新北市,新店區,雙城里,1732,1153224,666,469,227,831,716.77,107.65
新北市,新店區,頂城里,401,253412,632,399,218,778,678.96,107.44
新北市,新店區,下城里,1132,2424290,2142,761,321,2030,4904.86,229.03
新北市,新店區,文中里,681,735862,1081,581,272,1287,1507.00,139.46
新北市,新店區,國校里,844,770736,913,546,257,1138,1215.68,133.12
新北市,新店區,新生里,2109,2418552,1147,628,294,1314,1770.49,154.39
新北市,新店區,中興里,2146,2282617,1064,575,251,1296,1598.42,150.27
新北市,新店區,新安里,1499,1604303,1070,595,284,1219,2240.36,209.33
新北市,新店區,文明里,849,856174,1008,554,268,1180,1677.69,166.36
新北市,新店區,寶興里,2116,3340805,1579,729,314,1643,3478.67,220.33
新北市,新店區,寶安里,1965,1994147,1015,628,278,1261,1262.12,124.37
新北市,新店區,信義里,2458,2868529,1167,585,272,1323,2651.15,227.17
新北市,新店區,忠孝里,950,897984,945,557,275,1000,2067.45,218.72
新北市,新店區,大鵬里,1006,1072697,1066,587,296,1252,2035.17,190.86
新北市,新店區,大豐里,1301,1254172,964,596,279,1214,1128.36,117.05
新北市,新店區,明德里,1428,1470973,1030,549,269,1229,2040.28,198.07
新北市,新店區,中山里,3385,5644523,1668,986,416,2097,2289.11,137.28
新北市,新店區,和平里,469,242271,517,361,189,658,689.40,133.46
新北市,新店區,仁愛里,758,645949,852,523,254,1044,1018.48,119.51
新北市,新店區,中正里,2045,2041063,998,591,277,1141,1475.17,147.80
新北市,新店區,美潭里,1773,1427206,805,489,239,978,1139.15,141.51
新北市,新店區,德安里,1853,1219845,658,433,226,819,772.51,117.35
新北市,新店區,太平里,1068,928361,869,498,246,1082,1137.54,130.86
新北市,新店區,中央里,2299,3430386,1492,798,343,1856,2078.42,139.29
新北市,新店區,百和里,1080,976883,905,557,269,1115,1110.32,122.75
新北市,新店區,福德里,1277,1095500,858,529,260,1073,1062.18,123.82
新北市,新店區,福民里,1532,1548882,1011,595,270,1216,2346.77,232.12
新北市,新店區,百福里,1402,1662357,1186,676,299,1402,1641.29,138.42
新北市,新店區,國豐里,1061,1004828,947,594,279,1184,1138.41,120.20
新北市,新店區,新德里,898,825866,920,580,274,1117,1135.77,123.50
新北市,新店區,五峯里,2952,3735834,1266,639,283,1377,2638.19,208.47
新北市,新店區,中華里,1647,2066645,1255,636,282,1440,2486.94,198.20
新北市,新店區,忠誠里,895,882637,986,615,242,1230,1330.75,134.94
新北市,新店區,永安里,1627,1083203,666,456,223,838,727.17,109.22
新北市,新店區,新店里,592,491139,830,479,232,1047,1040.41,125.41
新北市,新店區,大同里,1399,1481076,1059,597,272,1289,1788.62,168.95
新北市,新店區,玫瑰里,1910,1178655,617,447,229,804,667.50,108.17
新北市,新店區,日興里,1594,943273,592,394,204,731,739.93,125.04
新北市,新店區,寶福里,2572,3049664,1186,606,287,1363,1865.66,157.34
新北市,新店區,安和里,2707,2426267,896,532,250,1107,1243.84,138.78
新北市,新店區,明城里,1239,1221112,986,557,266,1176,1867.69,189.50
新北市,新店區,吉祥里,1582,1244070,786,490,243,925,1056.45,134.34
新北市,新店區,小城里,1237,1160361,938,541,254,1134,1521.58,162.21
新北市,新店區,香坡里,4098,4010389,979,571,261,1175,1483.97,151.64
新北市,新店區,建國里,969,925472,955,568,258,1156,1547.15,161.99
新北市,新店區,復興里,1076,903322,840,493,255,1024,1029.88,122.68
新北市,新店區,美城里,840,562104,669,445,226,790,818.68,122.34
新北市,新店區,安昌里,1973,1716304,870,572,265,1148,963.29,110.74
新北市,新店區,長春里,988,1204814,1219,681,307,1545,1769.22,145.08
新北市,新店區,新和里,1358,985882,726,491,251,938,822.30,113.27
新北市,新店區,永平里,1848,1446176,783,495,257,950,996.26,127.31
新北市,新店區,達觀里,1506,1221010,811,525,231,1009,937.08,115.58
新北市,新店區,華城里,1209,2394243,1980,1006,383,2443,2906.65,146.77
新北市,石碇區,石碇里,113,59805,529,356,185,686,559.45,105.71
新北市,石碇區,潭邊里,215,134952,628,362,180,633,980.82,156.26
新北市,石碇區,烏塗里,132,76272,578,359,209,684,707.92,122.51
新北市,石碇區,豐林里,93,52065,560,390,218,684,661.27,118.12
新北市,石碇區,隆盛里,172,121180,705,447,230,824,772.66,109.67
新北市,石碇區,中民里,187,107209,573,402,228,741,556.62,97.09
新北市,石碇區,永定里,143,76020,532,341,173,626,587.79,110.57
新北市,石碇區,光明里,59,37947,643,346,226,631,865.13,134.51
新北市,石碇區,彭山里,66,40456,613,370,253,724,1145.76,186.92
新北市,石碇區,豐田里,96,70380,733,483,273,907,778.06,106.13
新北市,石碇區,格頭里,260,146530,564,398,216,714,521.10,92.46
新北市,石碇區,永安里,224,137229,613,372,206,709,736.77,120.26
新北市,深坑區,深坑里,1155,909189,787,444,222,898,2894.87,367.75
新北市,深坑區,萬順里,853,646382,758,465,247,889,949.56,125.31
新北市,深坑區,阿柔里,166,113097,681,449,258,804,1062.49,155.95
新北市,深坑區,昇高里,631,424033,672,432,243,802,764.53,113.77
新北市,深坑區,土庫里,947,615044,649,416,213,747,837.32,128.92
新北市,深坑區,埔新里,2136,1639284,767,490,240,931,1144.31,149.10
新北市,深坑區,萬福里,867,696594,803,480,233,947,1224.65,152.42
新北市,深坑區,賴仲里,786,630012,802,504,266,917,1073.95,133.99
新北市,坪林區,坪林里,402,244197,607,399,235,676,743.70,122.43
新北市,坪林區,水德里,154,95967,623,481,254,872,532.20,85.40
新北市,坪林區,大林里,279,183055,656,408,197,780,861.51,131.31
新北市,坪林區,上德里,197,109657,557,370,186,588,761.70,136.84
新北市,坪林區,漁光里,158,102233,647,424,243,737,902.28,139.45
新北市,坪林區,石𥕢里,115,62233,541,383,191,638,577.14,106.65
新北市,坪林區,粗窟里,213,159905,751,410,225,682,1876.34,249.93
新北市,烏來區,烏來里,664,483362,728,482,243,907,872.92,119.91
新北市,烏來區,忠治里,417,240335,576,434,219,705,600.21,104.14
新北市,烏來區,孝義里,60,48998,817,597,291,1138,734.88,89.99
新北市,烏來區,信賢里,124,85749,692,435,236,903,783.31,113.27
新北市,烏來區,福山里,125,59211,474,384,163,570,485.92,102.58
新北市,板橋區,留侯里,484,370154,765,510,233,994,810.58,105.99
新北市,板橋區,流芳里,494,506566,1025,580,263,1184,1407.80,137.29
新北市,板橋區,赤松里,402,442880,1102,671,309,1408,1377.70,125.05
新北市,板橋區,黃石里,398,468367,1177,593,312,1463,1528.39,129.88
新北市,板橋區,挹秀里,670,934014,1394,747,318,1664,2493.96,178.90
新北市,板橋區,社後里,2027,1642301,810,487,231,976,1142.86,141.06
新北市,板橋區,新埔里,684,622445,910,516,275,1117,1247.93,137.13
新北市,板橋區,江翠里,1748,1705289,976,542,266,1143,1495.74,153.32
新北市,板橋區,松翠里,1058,911460,861,560,268,1099,979.84,113.74
新北市,板橋區,嵐翠里,686,478940,698,456,226,839,969.40,138.85
新北市,板橋區,深丘里,3126,4787225,1531,818,349,1802,2645.47,172.75
新北市,板橋區,埔墘里,2145,1880554,877,535,263,1062,1274.32,145.35
新北市,板橋區,港嘴里,1959,1638614,836,516,250,1021,1051.20,125.67
新北市,板橋區,湳興里,1670,1383269,828,543,251,1067,904.38,109.18
新北市,板橋區,鄉雲里,1342,1309848,976,581,270,1125,1431.71,146.69
新北市,板橋區,景星里,1277,1313495,1029,540,270,1047,5651.75,549.47
新北市,板橋區,廣福里,1235,930060,753,492,236,932,916.20,121.66
新北市,板橋區,溪洲里,1790,1289623,720,449,229,876,870.32,120.80
新北市,板橋區,崑崙里,3112,2331039,749,481,232,969,987.61,131.85
新北市,板橋區,浮洲里,1028,716864,697,451,239,832,837.58,120.11
新北市,板橋區,中正里,2740,2745031,1002,699,336,1326,1048.24,104.63
新北市,板橋區,中山里,2327,1764503,758,512,249,987,861.93,113.67
新北市,板橋區,復興里,214,135480,633,444,248,702,698.45,110.33
新北市,板橋區,自強里,1814,1701529,938,608,280,1169,1157.00,123.35
新北市,板橋區,國光里,1287,1254290,975,596,282,1243,1160.39,119.07
新北市,板橋區,新興里,1053,817889,777,525,245,1018,867.00,111.62
新北市,板橋區,福德里,1637,1447813,884,565,250,1144,1056.72,119.48
新北市,板橋區,和平里,1559,2077784,1333,860,380,1716,2017.14,151.35
新北市,板橋區,仁愛里,873,626664,718,494,240,908,766.67,106.80
新北市,板橋區,福星里,1201,1218478,1015,603,274,1250,1301.20,128.25
新北市,板橋區,公舘里,1177,938699,798,509,248,1027,884.54,110.91
新北市,板橋區,新民里,1340,1268045,946,609,278,1209,1087.37,114.91
新北市,板橋區,振興里,1313,941670,717,471,238,869,954.90,133.14
新北市,板橋區,光復里,1067,925828,868,509,237,1100,1230.59,141.82
新北市,板橋區,香丘里,1132,989514,874,532,267,1112,1025.15,117.28
新北市,板橋區,雙玉里,1184,1004368,848,516,239,1062,1032.95,121.77
新北市,板橋區,福壽里,1071,1144269,1068,576,271,1122,2064.14,193.20
新北市,板橋區,玉光里,1799,1567242,871,528,266,1091,1034.87,118.79
新北市,板橋區,港尾里,1026,931362,908,596,268,1198,1013.32,111.63
新北市,板橋區,民權里,858,664177,774,520,237,1059,802.64,103.69
新北市,板橋區,建國里,1044,696341,667,456,214,845,726.17,108.87
新北市,板橋區,百壽里,855,932017,1090,624,292,1291,1740.90,159.70
新北市,板橋區,忠誠里,1414,1510105,1068,651,301,1346,1299.55,121.68
新北市,板橋區,幸福里,1213,931987,768,498,216,928,973.71,126.73
新北市,板橋區,漢生里,1490,1483558,996,619,290,1267,1232.27,123.76
新北市,板橋區,聯翠里,1303,1490479,1144,703,313,1402,1355.76,118.52
新北市,板橋區,宏翠里,2099,2067313,985,627,290,1226,1387.37,140.86
新北市,板橋區,華翠里,1150,1068592,929,569,272,1155,1220.31,131.33
新北市,板橋區,福翠里,356,225030,632,430,221,808,648.49,102.59
新北市,板橋區,九如里,851,620585,729,451,233,881,952.59,130.63
新北市,板橋區,埤墘里,1361,1316608,967,602,296,1245,1120.04,115.78
新北市,板橋區,廣新里,950,677079,713,468,238,870,861.07,120.82
新北市,板橋區,福丘里,1970,3680532,1868,996,417,2285,2886.47,154.50
新北市,板橋區,廣德里,2301,2287355,994,591,273,1230,1622.96,163.26
新北市,板橋區,福祿里,1307,1231613,942,577,273,1253,1059.40,112.42
新北市,板橋區,華興里,1389,1250018,900,551,281,1112,1057.25,117.48
新北市,板橋區,聚安里,1406,979218,696,462,249,827,839.77,120.58
新北市,板橋區,龍翠里,1670,1803981,1080,602,309,1275,1484.77,137.45
新北市,板橋區,柏翠里,1982,2275151,1148,670,300,1396,1874.22,163.27
新北市,板橋區,文翠里,1279,1087070,850,523,262,979,1210.52,142.42
新北市,板橋區,青翠里,858,594194,693,460,239,878,748.16,108.03
新北市,板橋區,香社里,1464,1149794,785,524,263,973,907.97,115.61
新北市,板橋區,大安里,1098,744949,678,422,216,812,960.14,141.52
新北市,板橋區,東丘里,1355,1187348,876,539,273,1014,1103.54,125.94
新北市,板橋區,華德里,2349,2095525,892,553,263,1100,1152.76,129.22
新北市,板橋區,國泰里,1119,1024599,916,557,260,1190,1136.78,124.15
新北市,板橋區,光華里,890,757845,852,546,260,1081,948.11,111.34
新北市,板橋區,自立里,808,573219,709,481,249,931,772.16,108.84
新北市,板橋區,重慶里,2810,2169272,772,502,248,1013,865.29,112.09
新北市,板橋區,港德里,1338,1030889,770,508,244,964,850.05,110.33
新北市,板橋區,忠翠里,3940,5565094,1412,766,323,1773,1905.88,134.93
新北市,板橋區,明翠里,1406,1152717,820,493,228,1008,1030.79,125.73
新北市,板橋區,滿翠里,804,503030,626,440,238,792,657.90,105.15
新北市,板橋區,新翠里,2784,2542976,913,570,269,1135,1097.80,120.19
新北市,板橋區,溪頭里,3684,4884513,1326,841,368,1726,1638.08,123.55
新北市,板橋區,華江里,2575,3321385,1290,772,339,1667,1562.05,121.10
新北市,板橋區,海山里,2556,2822688,1104,628,299,1296,1597.36,144.64
新北市,板橋區,大豐里,1415,1100707,778,488,245,961,983.61,126.45
新北市,板橋區,吉翠里,1044,694608,665,447,231,823,830.54,124.83
新北市,板橋區,民族里,1575,1824518,1158,698,323,1495,1421.00,122.67
新北市,板橋區,信義里,1340,1067101,796,480,237,987,1056.98,132.73
新北市,板橋區,純翠里,1951,1680840,862,558,270,1079,957.66,111.16
新北市,板橋區,長壽里,908,730676,805,526,254,1008,972.89,120.90
新北市,板橋區,振義里,1243,910280,732,512,253,950,758.65,103.59
新北市,板橋區,西安里,848,816672,963,568,278,1189,1221.61,126.85
新北市,板橋區,光仁里,864,694485,804,496,247,986,985.05,122.55
新北市,板橋區,介壽里,1006,975536,970,549,250,1193,1211.26,124.91
新北市,板橋區,仁翠里,775,487433,629,450,223,792,633.86,100.78
新北市,板橋區,永安里,1119,1055544,943,568,268,1117,1191.81,126.35
新北市,板橋區,懷翠里,1879,1549882,825,477,239,947,1773.77,215.04
新北市,板橋區,長安里,1431,1413586,988,583,280,1208,1408.03,142.54
新北市,板橋區,德翠里,2317,1976269,853,528,266,1082,963.71,112.99
新北市,板橋區,溪北里,1070,780313,729,493,251,913,815.46,111.82
新北市,板橋區,華中里,1416,844938,597,433,219,759,619.07,103.75
新北市,板橋區,僑中里,1278,938863,735,476,249,895,857.61,116.74
新北市,板橋區,金華里,1154,745928,646,444,234,808,729.47,112.85
新北市,板橋區,華貴里,773,565699,732,466,246,917,808.71,110.51
新北市,板橋區,華東里,3108,4344844,1398,805,343,1732,1967.17,140.72
新北市,板橋區,福安里,2707,2252527,832,580,279,1106,898.65,108.00
新北市,板橋區,龍安里,749,454882,607,405,208,765,737.05,121.36
新北市,板橋區,香雅里,917,735579,802,536,259,1067,840.34,104.76
新北市,板橋區,光榮里,741,538469,727,487,225,989,771.77,106.20
新北市,板橋區,新生里,1254,939991,750,524,267,970,771.11,102.87
新北市,板橋區,民安里,656,589554,899,558,260,1164,1101.88,122.61
新北市,板橋區,後埔里,1328,1499834,1129,623,257,1269,3712.77,328.74
新北市,板橋區,五權里,1163,862706,742,495,246,892,891.98,120.25
新北市,板橋區,華福里,612,485974,794,540,249,1023,912.04,114.86
新北市,板橋區,大觀里,1083,700605,647,433,236,803,773.13,119.51
新北市,板橋區,歡園里,323,178271,552,451,233,692,511.55,92.69
新北市,板橋區,成和里,2303,1941708,843,583,281,1123,859.04,101.89
新北市,板橋區,溪福里,4603,3693342,802,514,253,1002,1006.59,125.45
新北市,板橋區,堂春里,1319,971477,737,468,241,868,1620.53,220.02
新北市,板橋區,文德里,1194,1144971,959,584,256,1184,1230.76,128.35
新北市,板橋區,陽明里,856,769145,899,519,234,1006,2142.24,238.41
新北市,板橋區,文化里,1110,1213479,1093,531,251,1190,1760.76,161.06
新北市,板橋區,朝陽里,917,595051,649,456,225,830,650.87,100.30
新北市,板橋區,新海里,980,630280,643,442,213,778,882.06,137.15
新北市,板橋區,松柏里,730,665711,912,490,256,1065,1225.94,134.43
新北市,板橋區,莒光里,865,798028,923,574,253,1183,1093.23,118.50
新北市,板橋區,文聖里,1259,1053785,837,526,258,1039,976.34,116.65
新北市,板橋區,富貴里,830,830894,1001,570,265,1165,1490.46,148.89
新北市,板橋區,居仁里,1327,1265038,953,549,268,1214,1161.13,121.80
新北市,板橋區,正泰里,968,801443,828,526,250,999,1049.72,126.79
新北市,板橋區,莊敬里,1461,1790237,1225,713,331,1568,2449.93,199.94
新北市,板橋區,民生里,742,723950,976,589,299,1129,1848.60,189.47
新北市,板橋區,東安里,661,508130,769,503,256,1031,866.16,112.67
新北市,三峽區,三峽里,74,45363,613,475,208,927,515.75,84.13
新北市,三峽區,秀川里,173,119142,689,443,229,936,798.83,115.99
新北市,三峽區,八張里,1174,753076,641,422,202,799,835.83,130.30
新北市,三峽區,中埔里,1104,735435,666,465,224,862,695.45,104.40
新北市,三峽區,礁溪里,1934,1245714,644,443,219,826,679.14,105.44
新北市,三峽區,永舘里,2267,1688404,745,474,228,910,960.26,128.93
新北市,三峽區,鳶山里,3086,2224821,721,449,227,892,928.76,128.83
新北市,三峽區,龍埔里,3148,2330960,740,494,232,952,967.50,130.66
新北市,三峽區,弘道里,261,165029,632,422,253,706,951.91,150.55
新北市,三峽區,大埔里,1199,739817,617,460,225,809,581.62,94.26
新北市,三峽區,嘉添里,522,339403,650,405,214,726,947.83,145.78
新北市,三峽區,添福里,246,174673,710,420,226,846,967.09,136.20
新北市,三峽區,溪南里,383,244275,638,440,202,729,818.98,128.41
新北市,三峽區,溪北里,600,347939,580,375,202,677,723.45,124.75
新北市,三峽區,溪東里,845,489668,579,385,205,698,817.22,141.02
新北市,三峽區,成福里,250,127002,508,382,187,660,498.36,98.10
新北市,三峽區,安坑里,297,170120,573,399,185,709,595.42,103.95
新北市,三峽區,竹崙里,418,242076,579,355,186,637,836.37,144.42
新北市,三峽區,金圳里,101,58343,578,354,133,716,737.45,127.66
新北市,三峽區,五寮里,144,81980,569,404,188,630,739.96,129.98
新北市,三峽區,插角里,110,88740,807,448,221,722,1250.65,155.03
新北市,三峽區,有木里,76,52212,687,495,225,856,723.02,105.24
新北市,三峽區,安溪里,2247,1418224,631,435,213,791,825.12,130.73
新北市,三峽區,中正里,1465,836449,571,405,205,731,602.43,105.51
新北市,三峽區,介壽里,1907,1065323,559,397,198,694,617.00,110.45
新北市,三峽區,二鬮里,1037,596511,575,385,185,695,695.63,120.93
新北市,三峽區,龍恩里,2545,2936934,1154,699,301,1484,1428.65,123.80
新北市,三峽區,龍學里,5570,6937550,1246,789,350,1595,1537.56,123.45
新北市,鶯歌區,東鶯里,326,273585,839,478,215,978,1128.66,134.49
新北市,鶯歌區,西鶯里,700,447656,640,460,226,767,698.57,109.24
新北市,鶯歌區,南鶯里,1780,1305274,733,457,225,860,1049.44,143.11
新北市,鶯歌區,北鶯里,1326,1172960,885,520,250,1103,1221.58,138.10
新北市,鶯歌區,中鶯里,292,215154,737,483,230,882,851.97,115.63
新北市,鶯歌區,建德里,139,80225,577,422,222,673,610.66,105.80
新北市,鶯歌區,同慶里,463,320601,692,411,207,864,1101.63,159.09
新北市,鶯歌區,南靖里,1013,671034,662,428,219,785,803.90,121.36
新北市,鶯歌區,尖山里,3201,2273195,710,479,248,886,810.62,114.15
新北市,鶯歌區,二橋里,2630,1639338,623,433,223,782,693.26,111.22
新北市,鶯歌區,二甲里,242,135829,561,409,210,671,683.38,121.75
新北市,鶯歌區,東湖里,72,56203,781,452,216,839,1162.51,148.93
新北市,鶯歌區,中湖里,1677,1037261,619,410,215,722,1605.88,259.63
新北市,鶯歌區,鳳鳴里,2447,1915220,783,531,263,1007,841.93,107.57
新北市,鶯歌區,永昌里,2538,1669073,658,438,229,802,811.87,123.45
新北市,鶯歌區,永吉里,1475,887430,602,413,227,780,582.57,96.83
新北市,鶯歌區,鳳福里,1587,1106447,697,487,244,892,859.77,123.32
新北市,鶯歌區,大湖里,1460,928021,636,409,215,781,746.32,117.41
新北市,鶯歌區,建國里,2292,1603342,700,439,224,845,1069.67,152.91
新北市,鶯歌區,鳳祥里,1293,808846,626,419,207,757,733.66,117.28
新北市,樹林區,樹東里,382,298919,783,479,222,878,979.93,125.23
新北市,樹林區,彭厝里,1558,876532,563,395,208,703,574.66,102.14
新北市,樹林區,樹西里,1665,1399983,841,541,259,1087,918.37,109.22
新北市,樹林區,坡內里,499,301032,603,373,194,660,805.10,133.46
新北市,樹林區,樹北里,303,268679,887,551,224,1062,1110.74,125.26
新北市,樹林區,潭底里,1306,907398,695,429,228,833,955.17,137.48
新北市,樹林區,獇寮里,1551,891488,575,408,208,730,650.22,113.12
新北市,樹林區,三多里,1264,763028,604,395,216,741,721.57,119.53
新北市,樹林區,東山里,986,598786,607,406,205,749,724.46,119.29
新北市,樹林區,樂山里,578,418359,724,456,237,804,1217.53,168.21
新北市,樹林區,東園里,498,312845,628,438,232,786,669.85,106.63
新北市,樹林區,西園里,508,288853,569,392,197,693,652.81,114.81
新北市,樹林區,南園里,5373,6683316,1244,774,335,1616,1530.84,123.07
新北市,樹林區,北園里,641,390635,609,403,192,718,794.16,130.32
新北市,樹林區,柑園里,3546,4674852,1318,776,323,1698,1888.03,143.21
新北市,樹林區,樹南里,1381,962560,697,470,238,862,749.42,107.52
新北市,樹林區,樹德里,1115,863975,775,500,248,936,1143.55,147.58
新北市,樹林區,樹人里,997,774508,777,457,229,903,988.24,127.21
新北市,樹林區,保安里,1939,1388124,716,454,226,866,1005.32,140.43
新北市,樹林區,三福里,1114,696013,625,417,213,762,743.52,119.00
新北市,樹林區,三興里,1181,641682,543,385,200,672,613.86,112.98
新北市,樹林區,大同里,1178,835090,709,476,235,906,767.63,108.28
新北市,樹林區,彭福里,1760,1290474,733,484,241,915,919.90,125.46
新北市,樹林區,東陽里,1906,1215270,638,428,216,802,748.54,117.40
新北市,樹林區,東昇里,1697,1238869,730,473,239,898,906.49,124.17
新北市,樹林區,和平里,1147,734615,640,438,235,806,730.31,114.03
新北市,樹林區,圳福里,1351,853327,632,421,213,784,735.60,116.46
新北市,樹林區,圳安里,1205,733400,609,411,214,743,757.47,124.46
新北市,樹林區,樹興里,1141,793326,695,440,219,841,817.96,117.64
新北市,樹林區,彭興里,1755,967171,551,379,207,707,585.75,106.29
新北市,樹林區,文林里,1624,1114176,686,469,228,836,820.97,119.66
新北市,樹林區,光興里,1275,699524,549,391,204,696,586.16,106.84
新北市,樹林區,金寮里,1339,863138,645,444,218,769,887.83,137.73
新北市,樹林區,中山里,1677,1177802,702,440,235,861,882.69,125.68
新北市,樹林區,山佳里,1781,1113288,625,427,228,797,690.31,110.43
新北市,樹林區,育英里,1110,950844,857,491,256,959,1289.05,150.48
新北市,樹林區,樹福里,1256,1309413,1043,589,281,1351,1248.45,119.75
新北市,樹林區,中華里,1121,710970,634,437,223,848,626.34,98.76
新北市,樹林區,太順里,831,470525,566,391,205,696,654.90,115.66
新北市,樹林區,圳民里,909,601092,661,440,232,782,1162.69,175.83
新北市,樹林區,圳生里,546,323095,592,379,189,710,850.27,143.69
新北市,樹林區,三龍里,755,500460,663,415,207,809,796.20,120.12
新北市,中和區,中原里,3750,5298333,1413,794,341,1723,2708.57,191.70
新北市,中和區,平河里,3165,2650636,837,512,262,1075,946.81,113.05
新北市,中和區,力行里,2185,1994089,913,590,274,1191,1055.81,115.69
新北市,中和區,枋寮里,1216,1044858,859,544,264,1018,1095.78,127.53
新北市,中和區,廟美里,1434,1131295,789,503,239,957,1005.53,127.46
新北市,中和區,瓦磘里,1839,1658584,902,548,281,1127,1080.42,119.79
新北市,中和區,積穗里,2842,2593860,913,563,263,1102,1218.51,133.51
新北市,中和區,瑞穗里,772,645764,836,532,256,1043,1044.73,124.90
新北市,中和區,灰磘里,197,147557,749,429,208,865,1536.77,205.17
新北市,中和區,錦和里,1764,1472727,835,524,243,1013,1036.27,124.12
新北市,中和區,內南里,1448,950246,656,448,222,816,758.47,115.58
新北市,中和區,外南里,1439,1093431,760,469,240,923,905.38,119.15
新北市,中和區,頂南里,914,696644,762,501,253,918,864.24,113.39
新北市,中和區,橫路里,84,39811,474,329,141,592,546.47,115.30
新北市,中和區,連和里,1005,983401,979,632,286,1211,1206.26,123.28
新北市,中和區,漳和里,1354,1418468,1048,616,291,1211,1928.36,184.07
新北市,中和區,秀山里,1449,1152537,795,514,256,982,952.06,119.70
新北市,中和區,員山里,2176,2059531,946,546,278,1155,1425.63,150.63
新北市,中和區,安樂里,1278,1350550,1057,669,317,1367,1204.12,113.94
新北市,中和區,壽德里,1440,1216816,845,542,242,1126,919.22,108.78
新北市,中和區,新南里,3013,3065337,1017,648,282,1331,1145.54,112.60
新北市,中和區,崇南里,1554,1377964,887,563,271,1145,997.74,112.52
新北市,中和區,東南里,1309,1131440,864,473,232,925,1936.84,224.08
新北市,中和區,秀明里,1772,1552500,876,569,253,1078,1125.56,128.47
新北市,中和區,安平里,2280,2697415,1183,678,309,1474,1566.24,132.39
新北市,中和區,景平里,2213,2090711,945,590,274,1198,1158.36,122.61
新北市,中和區,嘉穗里,922,675660,733,475,230,937,876.64,119.63
新北市,中和區,景安里,1701,1559790,917,548,255,1154,1239.32,135.15
新北市,中和區,連城里,2205,1962790,890,530,260,1075,1247.89,140.19
新北市,中和區,福美里,1284,898071,699,475,247,869,887.41,126.88
新北市,中和區,安和里,1074,1086368,1012,620,286,1207,1295.76,128.10
新北市,中和區,中安里,1697,1817485,1071,645,296,1333,1464.74,136.76
新北市,中和區,泰安里,1118,854589,764,487,221,961,928.97,121.53
新北市,中和區,華南里,1593,1605717,1008,545,263,1194,1315.95,130.55
新北市,中和區,秀峰里,1769,1357462,767,478,242,967,1061.53,138.34
新北市,中和區,秀水里,1176,830824,706,485,235,889,747.23,105.77
新北市,中和區,景南里,972,751062,773,467,229,942,970.33,125.58
新北市,中和區,復興里,1517,1195078,788,480,241,916,1599.20,203.00
新北市,中和區,和興里,1493,1408129,943,550,256,1142,1360.87,144.29
新北市,中和區,南山里,1880,1911952,1017,609,277,1282,1329.48,130.73
新北市,中和區,景新里,1124,849261,756,465,221,896,933.74,123.58
新北市,中和區,景福里,2232,2217148,993,594,275,1171,1412.64,142.21
新北市,中和區,清穗里,1066,808219,758,496,254,959,840.44,110.85
新北市,中和區,佳和里,1655,1449210,876,545,243,1050,1176.95,134.41
新北市,中和區,德穗里,1418,1187814,838,508,239,1010,1071.99,127.97
新北市,中和區,嘉新里,1208,833327,690,470,233,878,787.30,114.13
新北市,中和區,建和里,1151,903310,785,491,235,996,982.42,125.18
新北市,中和區,仁和里,1216,854421,703,470,239,908,778.13,110.74
新北市,中和區,秀景里,2196,2029891,924,551,265,1145,1193.10,129.07
新北市,中和區,中正里,1155,770369,667,427,220,849,759.38,113.85
新北市,中和區,福善里,1456,1119454,769,497,241,936,970.49,126.23
新北市,中和區,福真里,1270,975611,768,500,249,946,958.56,124.78
新北市,中和區,秀仁里,1060,1076589,1016,624,269,1315,1332.85,131.23
新北市,中和區,忠孝里,1364,920254,675,463,216,858,788.34,116.85
新北市,中和區,民享里,749,510346,681,472,239,834,796.00,116.82
新北市,中和區,民生里,1326,1119637,844,547,265,1025,985.96,116.77
新北市,中和區,國光里,1285,952536,741,489,244,983,772.57,104.22
新北市,中和區,福和里,1120,840764,751,480,239,927,878.30,117.00
新北市,中和區,秀成里,1106,949861,859,538,276,1042,1200.90,139.83
新北市,中和區,秀福里,1726,1521054,881,565,267,1085,1070.12,121.43
新北市,中和區,華新里,2603,2022983,777,534,264,1033,801.52,103.13
新北市,中和區,壽南里,795,637474,802,516,269,1037,901.70,112.45
新北市,中和區,文元里,1534,1040936,679,469,245,830,805.15,118.65
新北市,中和區,明德里,1140,760977,668,453,238,855,777.17,116.43
新北市,中和區,信和里,1175,793313,675,446,234,846,800.50,118.56
新北市,中和區,福祥里,1568,1232750,786,469,232,965,1019.97,129.74
新北市,中和區,景文里,1500,1709192,1139,619,294,1360,1689.38,148.26
新北市,中和區,錦昌里,763,843533,1106,595,274,1300,1507.59,136.37
新北市,中和區,民安里,1648,1279373,776,508,243,1010,834.75,107.53
新北市,中和區,安穗里,1500,1245417,830,524,256,1012,995.65,119.92
新北市,中和區,明穗里,1465,1206570,824,504,242,1053,985.60,119.67
新北市,中和區,自強里,1507,1103515,732,493,250,940,751.49,102.63
新北市,中和區,正行里,1014,923231,910,566,274,1114,1178.17,129.40
新北市,中和區,德行里,2389,2613343,1094,707,338,1420,1212.40,110.83
新北市,中和區,安順里,1570,1466951,934,573,280,1114,1313.10,140.53
新北市,中和區,宜安里,693,640344,924,599,284,1155,1036.95,112.22
新北市,中和區,秀義里,879,729588,830,540,275,1084,954.49,115.00
新北市,中和區,秀士里,771,626911,813,529,246,1030,983.16,120.91
新北市,中和區,興南里,880,636356,723,473,248,869,864.00,119.48
新北市,中和區,景本里,617,445386,722,472,218,885,915.32,126.80
新北市,中和區,中興里,2437,2450805,1006,621,289,1295,1187.26,118.06
新北市,中和區,吉興里,1077,1090072,1012,604,286,1307,1187.54,117.33
新北市,中和區,福南里,1319,979393,743,456,226,861,1020.36,137.42
新北市,中和區,正南里,934,622745,667,454,219,839,744.27,111.63
新北市,中和區,錦盛里,1134,729295,643,451,242,830,643.32,100.03
新北市,中和區,中山里,849,680829,802,502,254,925,1092.21,136.20
新北市,中和區,冠穗里,1042,829829,796,516,251,932,967.81,121.53
新北市,中和區,嘉慶里,1235,856970,694,456,223,844,802.90,115.71
新北市,中和區,錦中里,1239,957716,773,496,244,982,961.08,124.33
新北市,中和區,員富里,1208,1007077,834,526,252,976,1055.53,126.61
新北市,中和區,民有里,822,561484,683,472,219,852,730.20,106.90
新北市,中和區,碧河里,1930,2092062,1084,609,284,1338,1395.63,128.75
新北市,中和區,國華里,1033,795473,770,516,261,997,804.38,104.46
新北市,土城區,埤塘里,1142,768029,673,450,224,847,706.26,105.02
新北市,土城區,土城里,608,461803,760,438,225,899,1142.26,150.39
新北市,土城區,員林里,3347,3856774,1152,721,326,1418,2598.73,225.52
新北市,土城區,貨饒里,1669,1538519,922,561,275,1127,1195.65,129.71
新北市,土城區,柑林里,1768,1732942,980,662,304,1278,1077.19,109.90
新北市,土城區,埤林里,2903,2476429,853,539,258,1050,1031.60,120.93
新北市,土城區,峯廷里,2110,1274440,604,433,225,760,699.65,115.84
新北市,土城區,廷寮里,1442,965835,670,463,231,855,718.95,107.34
新北市,土城區,清水里,2454,1625702,662,439,223,846,752.22,113.55
新北市,土城區,清化里,448,279651,624,411,184,814,768.14,123.06
新北市,土城區,大安里,1596,1143008,716,454,239,868,909.51,127.00
新北市,土城區,永寧里,2623,1918140,731,476,234,940,847.34,115.87
新北市,土城區,祖田里,466,242617,521,391,209,672,474.73,91.18
新北市,土城區,頂埔里,1622,1220911,753,482,242,931,944.54,125.48
新北市,土城區,沛陂里,1658,1197167,722,446,235,869,1018.10,141.00
新北市,土城區,頂新里,1097,1113626,1015,664,305,1327,1110.27,109.37
新北市,土城區,長風里,695,578080,832,495,248,1022,1011.66,121.63
新北市,土城區,頂福里,1652,1085211,657,454,235,810,729.31,111.02
新北市,土城區,員仁里,1810,1162370,642,413,208,780,785.65,122.34
新北市,土城區,日新里,1398,937398,671,424,209,852,823.15,122.76
新北市,土城區,瑞興里,863,683956,793,476,238,863,2473.72,312.13
新北市,土城區,清溪里,2097,1572233,750,489,238,937,915.00,122.04
新北市,土城區,清和里,1901,1172348,617,424,226,763,699.38,113.41
新北市,土城區,永豐里,1424,1226348,861,511,276,1080,1042.68,121.07
新北市,土城區,日和里,2725,2649482,972,561,274,1198,1242.83,127.83
新北市,土城區,平和里,2172,1402423,646,434,225,781,1341.46,207.76
新北市,土城區,樂利里,1603,1145239,714,494,251,906,773.73,108.30
新北市,土城區,廣福里,1893,1449907,766,514,257,976,828.83,108.21
新北市,土城區,學府里,1079,800285,742,482,251,912,846.88,114.18
新北市,土城區,延壽里,1335,818789,613,423,225,772,641.16,104.54
新北市,土城區,安和里,1651,1131546,685,452,238,852,785.26,114.57
新北市,土城區,青雲里,1272,1035094,814,557,273,1087,835.88,102.72
新北市,土城區,員福里,1738,1169356,673,436,225,827,800.07,118.91
新北市,土城區,延吉里,1114,637935,573,403,202,752,618.96,108.09
新北市,土城區,復興里,1437,1086230,756,470,247,912,889.13,117.63
新北市,土城區,裕生里,1767,1379532,781,476,224,991,1129.87,144.72
新北市,土城區,員信里,1456,1054528,724,453,234,880,941.70,130.02
新北市,土城區,延和里,2179,1610521,739,474,238,909,876.45,118.58
新北市,土城區,學成里,1079,778696,722,482,252,923,759.36,105.22
新北市,土城區,永富里,1686,1097303,651,443,226,839,711.35,109.30
新北市,土城區,中正里,1092,832183,762,498,235,989,866.17,113.66
新北市,土城區,學士里,1752,1626798,929,572,272,1267,1024.67,110.35
新北市,土城區,明德里,2411,2589276,1074,659,298,1370,1589.28,147.99
新北市,土城區,廣興里,1193,882923,740,486,255,987,743.77,100.50
新北市,土城區,青山里,824,539473,655,453,225,852,663.13,101.29
新北市,土城區,金城里,2035,1484112,729,467,229,963,841.10,115.33
新北市,土城區,延祿里,1200,721651,601,435,210,777,659.96,109.74
新北市,瑞芳區,龍潭里,241,174109,722,434,244,883,1016.59,140.72
新北市,瑞芳區,龍鎮里,365,219737,602,440,220,781,594.95,98.83
新北市,瑞芳區,龍山里,401,220493,550,401,195,706,545.43,99.20
新北市,瑞芳區,龍川里,519,310412,598,387,191,764,680.61,113.80
新北市,瑞芳區,龍安里,163,100593,617,379,224,796,695.78,112.74
新北市,瑞芳區,柑坪里,303,168180,555,405,211,666,599.43,108.00
新北市,瑞芳區,爪峯里,1123,583848,520,391,210,671,502.26,96.61
新北市,瑞芳區,基山里,85,44565,524,323,173,658,577.34,110.12
新北市,瑞芳區,永慶里,80,41658,521,375,168,685,559.66,107.48
新北市,瑞芳區,崇文里,71,31137,439,275,162,697,397.88,90.73
新北市,瑞芳區,福住里,20,24929,1246,580,371,918,2017.99,161.90
新北市,瑞芳區,頌德里,72,30209,420,362,161,609,314.34,74.92
新北市,瑞芳區,瓜山里,47,39502,840,469,273,1185,903.43,107.49
新北市,瑞芳區,石山里,69,54061,783,454,229,914,902.62,115.20
新北市,瑞芳區,新山里,84,47034,560,420,283,703,505.64,90.30
新北市,瑞芳區,銅山里,33,19396,588,327,160,645,761.96,129.64
新北市,瑞芳區,龍興里,628,438226,698,446,220,894,781.50,111.99
新北市,瑞芳區,濓洞里,113,63827,565,363,174,694,614.81,108.85
新北市,瑞芳區,吉慶里,539,273328,507,388,203,677,460.71,90.85
新北市,瑞芳區,傑魚里,560,288335,515,369,177,619,834.61,162.10
新北市,瑞芳區,上天里,361,175525,486,382,210,571,500.92,103.02
新北市,瑞芳區,猴硐里,80,42144,527,442,226,688,458.29,86.99
新北市,瑞芳區,光復里,51,24641,483,335,150,615,493.06,102.05
新北市,瑞芳區,弓橋里,72,41372,575,312,141,687,728.50,126.78
新北市,瑞芳區,碩仁里,24,15945,664,338,147,701,861.47,129.67
新北市,瑞芳區,海濱里,308,170312,553,371,175,671,614.69,111.16
新北市,瑞芳區,深澳里,271,154619,571,368,169,735,810.62,142.08
新北市,瑞芳區,鼻頭里,162,98314,607,350,162,739,800.49,131.90
新北市,瑞芳區,南雅里,56,28615,511,367,148,693,524.27,102.60
新北市,瑞芳區,吉安里,876,489609,559,405,212,712,605.31,108.30
新北市,瑞芳區,濓新里,61,22783,373,247,111,532,340.63,91.20
新北市,瑞芳區,瑞濱里,468,242763,519,397,208,658,476.43,91.85
新北市,瑞芳區,東和里,460,229340,499,354,189,641,502.12,100.71
新北市,瑞芳區,新峰里,1053,612015,581,420,215,763,576.46,99.18
新北市,平溪區,薯榔里,88,39564,450,371,199,569,408.08,90.77
新北市,平溪區,白石里,61,27539,451,346,190,576,401.20,88.87
新北市,平溪區,菁桐里,55,27490,500,392,244,645,420.03,84.04
新北市,平溪區,平溪里,44,23183,527,347,208,564,563.59,106.96
新北市,平溪區,石底里,92,63314,688,408,235,821,776.83,112.88
新北市,平溪區,嶺腳里,132,66364,503,379,159,626,502.07,99.86
新北市,平溪區,東勢里,73,56576,775,319,181,700,1332.49,171.93
新北市,平溪區,平湖里,33,20513,622,458,247,709,692.83,111.46
新北市,平溪區,南山里,81,51777,639,423,203,664,1113.41,174.18
新北市,平溪區,新寮里,23,13561,590,364,189,567,783.31,132.85
新北市,平溪區,十分里,146,89339,612,402,219,663,930.56,152.07
新北市,平溪區,望古里,30,21539,718,520,239,952,741.28,103.25
新北市,雙溪區,雙溪里,108,54107,501,370,172,712,452.84,90.39
新北市,雙溪區,共和里,84,42388,505,406,199,698,464.12,91.97
新北市,雙溪區,新基里,171,109183,638,438,237,677,889.48,139.31
新北市,雙溪區,魚行里,160,98834,618,422,221,797,638.37,103.34
新北市,雙溪區,三港里,76,53304,701,481,253,801,729.57,104.02
新北市,雙溪區,牡丹里,331,169389,512,390,206,662,509.13,99.49
新北市,雙溪區,三貂里,68,48623,715,406,230,864,835.25,116.81
新北市,雙溪區,平林里,235,135999,579,405,180,722,592.64,102.41
新北市,雙溪區,上林里,137,75930,554,424,245,758,474.32,85.58
新北市,雙溪區,外柑里,69,41460,601,413,218,717,691.16,115.03
新北市,雙溪區,長源里,73,51252,702,436,255,812,887.22,126.37
新北市,雙溪區,泰平里,343,246679,719,441,212,825,1218.81,169.47
新北市,貢寮區,貢寮里,179,93710,524,394,221,642,498.49,95.22
新北市,貢寮區,雙玉里,145,128009,883,441,227,848,1478.06,167.43
新北市,貢寮區,龍崗里,90,40814,453,342,216,614,348.55,76.86
新北市,貢寮區,吉林里,96,49065,511,368,249,689,423.00,82.76
新北市,貢寮區,龍門里,128,69112,540,375,208,726,504.31,93.40
新北市,貢寮區,福隆里,344,203432,591,399,198,733,695.55,117.62
新北市,貢寮區,福連里,154,82076,533,371,169,625,707.30,132.71
新北市,貢寮區,仁里里,428,250157,584,373,195,688,703.65,120.39
新北市,貢寮區,真理里,411,238595,581,389,209,722,684.53,117.92
新北市,貢寮區,美豐里,133,67497,507,377,203,679,470.02,92.62
新北市,貢寮區,和美里,196,120673,616,424,206,711,985.18,160.02
新北市,金山區,和平里,110,75678,688,449,230,765,813.23,118.20
新北市,金山區,大同里,178,106375,598,412,227,746,712.60,119.24
新北市,金山區,豐漁里,102,49675,487,323,172,691,511.19,104.97
新北市,金山區,磺港里,390,194763,499,356,189,611,546.91,109.52
新北市,金山區,美田里,1229,763174,621,414,203,799,727.96,117.23
新北市,金山區,五湖里,478,304744,638,395,217,713,940.73,147.56
新北市,金山區,重和里,343,235552,687,396,208,712,1199.56,174.67
新北市,金山區,兩湖里,86,44775,521,258,142,490,740.34,142.20
新北市,金山區,六股里,160,92432,578,433,217,681,573.66,99.30
新北市,金山區,三界里,139,87254,628,347,166,717,1753.17,279.29
新北市,金山區,清泉里,191,119085,623,382,188,670,1231.32,197.49
新北市,金山區,西湖里,47,37785,804,381,215,824,1247.48,155.17
新北市,金山區,萬壽里,102,46596,457,318,142,609,432.20,94.61
新北市,金山區,永興里,122,66766,547,378,185,738,553.35,101.11
新北市,金山區,金美里,1519,860180,566,395,208,714,632.26,111.65
新北市,萬里區,萬里里,1270,730883,575,393,217,679,759.95,132.05
新北市,萬里區,龜吼里,631,390049,618,374,194,758,769.94,124.56
新北市,萬里區,野柳里,712,400585,563,391,213,691,632.24,112.37
新北市,萬里區,大鵬里,719,416716,580,402,210,712,732.11,126.32
新北市,萬里區,磺潭里,148,92956,628,422,231,758,696.00,110.81
新北市,萬里區,雙興里,222,157627,710,475,250,855,835.49,117.67
新北市,萬里區,溪底里,127,83961,661,495,302,787,605.68,91.62
新北市,萬里區,崁脚里,93,52645,566,378,193,658,836.60,147.79
新北市,萬里區,中幅里,270,152516,565,385,206,672,651.34,115.31
新北市,萬里區,北基里,668,311861,467,344,176,598,468.65,100.38
新北市,淡水區,草東里,258,215112,834,448,207,1065,1030.22,123.56
新北市,淡水區,長庚里,474,383780,810,488,228,958,1030.66,127.29
新北市,淡水區,清文里,330,216973,657,409,185,729,1008.18,153.34
新北市,淡水區,鄧公里,2244,2183005,973,587,255,1178,1854.67,190.65
新北市,淡水區,永吉里,278,191250,688,449,259,906,682.52,99.21
新北市,淡水區,協元里,407,242651,596,390,183,752,691.63,116.01
新北市,淡水區,民安里,208,185671,893,407,176,921,2030.61,227.48
新北市,淡水區,新生里,167,106427,637,425,207,801,709.87,111.39
新北市,淡水區,文化里,544,375492,690,480,208,921,717.64,103.97
新北市,淡水區,油車里,1774,1237310,697,431,211,849,981.47,140.72
新北市,淡水區,沙崙里,1781,1377751,774,455,226,924,1133.45,146.52
新北市,淡水區,水碓里,1841,1263620,686,450,214,842,858.02,125.01
新北市,淡水區,北投里,3972,3674220,925,633,284,1225,987.70,106.78
新北市,淡水區,崁頂里,9310,8431529,906,609,269,1141,1251.66,138.21
新北市,淡水區,屯山里,296,162670,550,409,216,642,651.76,118.60
新北市,淡水區,中和里,147,79810,543,405,170,683,544.58,100.30
新北市,淡水區,水源里,583,390594,670,392,206,797,1165.92,174.02
新北市,淡水區,忠寮里,288,214617,745,482,244,796,1180.09,158.36
新北市,淡水區,樹興里,529,504692,954,565,282,1157,1329.04,139.31
新北市,淡水區,埤島里,725,586698,809,533,248,1026,901.90,111.45
新北市,淡水區,興仁里,443,313620,708,435,217,781,963.75,136.13
新北市,淡水區,義山里,701,392431,560,377,197,683,771.75,137.86
新北市,淡水區,蕃薯里,302,165668,549,381,189,630,676.83,123.38
新北市,淡水區,忠山里,256,169961,664,415,185,805,861.72,129.79
新北市,淡水區,賢孝里,431,266306,618,370,187,708,986.24,159.62
新北市,淡水區,竿蓁里,4636,4747907,1024,636,279,1262,1759.30,171.78
新北市,淡水區,坪頂里,480,418558,872,495,231,1030,1252.03,143.58
新北市,淡水區,八勢里,3040,3934895,1294,752,314,1494,2301.39,177.80
新北市,淡水區,竹圍里,2253,2029043,901,524,254,1154,1138.47,126.41
新北市,淡水區,中興里,1174,733380,625,410,208,763,691.74,110.73
新北市,淡水區,福德里,2736,2992332,1094,642,302,1318,1686.18,154.17
新北市,淡水區,民生里,2767,2430893,879,557,258,1105,1045.12,118.96
新北市,淡水區,新興里,2673,1936892,725,465,219,945,895.51,123.58
新北市,淡水區,新義里,1255,763811,609,396,204,735,859.12,141.16
新北市,淡水區,新春里,3412,2793763,819,544,258,1074,895.84,109.41
新北市,淡水區,新民里,1555,1282018,824,494,236,1006,1074.79,130.36
新北市,淡水區,正德里,1712,1250459,730,475,225,973,823.96,112.81
新北市,淡水區,北新里,1015,827209,815,495,245,1035,1152.46,141.41
新北市,淡水區,幸福里,1164,805043,692,450,222,877,846.45,122.39
新北市,淡水區,學府里,1550,1070519,691,433,204,865,838.36,121.39
新北市,淡水區,民權里,1780,1868334,1050,592,267,1290,1602.12,152.64
新北市,淡水區,大庄里,4311,3637992,844,511,239,1054,1643.92,194.80
新北市,汐止區,仁德里,646,474155,734,482,242,912,846.24,115.29
新北市,汐止區,義民里,430,297642,692,449,223,899,842.93,121.78
新北市,汐止區,禮門里,397,362493,913,533,240,1078,2739.07,299.98
新北市,汐止區,智慧里,1815,1736153,957,585,279,1204,1227.07,128.28
新北市,汐止區,信望里,121,97960,810,502,315,985,855.67,105.69
新北市,汐止區,橋東里,1446,1330794,920,614,268,1207,1006.37,109.35
新北市,汐止區,茄苳里,1552,1009642,651,460,243,835,678.20,104.25
新北市,汐止區,保安里,554,322299,582,413,223,743,600.25,103.18
新北市,汐止區,保長里,1744,1300079,745,506,249,957,845.14,113.37
新北市,汐止區,鄉長里,803,498062,620,397,202,780,737.53,118.91
新北市,汐止區,江北里,2120,1433695,676,451,225,839,784.72,116.04
新北市,汐止區,烘內里,504,308121,611,428,208,794,712.15,116.49
新北市,汐止區,拱北里,1629,867573,533,389,208,690,539.59,101.32
新北市,汐止區,樟樹里,706,434086,615,428,205,767,642.41,104.48
新北市,汐止區,北峰里,1859,1403026,755,487,255,951,855.55,113.36
新北市,汐止區,北山里,2146,1634241,762,487,247,943,931.20,122.28
新北市,汐止區,八連里,319,214453,672,425,187,734,1953.49,290.58
新北市,汐止區,白雲里,1685,1594489,946,536,253,1052,1301.53,137.54
新北市,汐止區,橫科里,1527,1187108,777,503,258,958,951.92,122.45
新北市,汐止區,東山里,187,101922,545,327,194,608,697.12,127.90
新北市,汐止區,新昌里,1917,1654972,863,561,272,1117,991.29,114.82
新北市,汐止區,秀峰里,1437,1167608,813,468,233,997,1143.25,140.70
新北市,汐止區,復興里,2871,3280312,1143,669,289,1451,1566.18,137.08
新北市,汐止區,長安里,532,331216,623,458,223,772,645.65,103.70
新北市,汐止區,福山里,1407,1638802,1165,618,274,1368,1949.47,167.37
新北市,汐止區,宜興里,1023,1031177,1008,621,292,1230,1328.97,131.84
新北市,汐止區,中興里,2936,2304539,785,472,238,946,1431.80,182.41
新北市,汐止區,湖光里,2504,2470502,987,594,269,1181,1431.71,145.11
新北市,汐止區,厚德里,2604,1891137,726,483,249,939,785.21,108.12
新北市,汐止區,忠孝里,3118,2524522,810,502,245,997,1143.50,141.23
新北市,汐止區,文化里,1736,1751505,1009,608,288,1244,1224.33,121.35
新北市,汐止區,自強里,2199,2358674,1073,614,285,1294,1431.92,133.50
新北市,汐止區,金龍里,1983,1621011,817,528,262,1033,1028.88,125.86
新北市,汐止區,福德里,1256,895904,713,465,245,918,788.22,110.50
新北市,汐止區,興福里,1252,944757,755,497,251,932,918.04,121.66
新北市,汐止區,康福里,2154,1830001,850,565,288,1130,905.33,106.56
新北市,汐止區,忠山里,1354,1988990,1469,717,319,1637,2720.47,185.20
新北市,汐止區,環河里,443,317702,717,437,234,918,874.24,121.90
新北市,汐止區,東勢里,1982,2424766,1223,738,334,1524,1639.58,134.02
新北市,汐止區,山光里,1197,990978,828,542,275,1090,872.35,105.37
新北市,汐止區,大同里,1090,915835,840,537,279,1043,996.95,118.65
新北市,汐止區,崇德里,1801,1443816,802,495,257,991,989.14,123.38
新北市,汐止區,湖興里,2579,2547139,988,561,267,1111,1808.82,183.15
新北市,汐止區,長青里,356,500386,1406,700,340,1532,2654.92,188.88
新北市,汐止區,福安里,2507,2852198,1138,714,329,1526,1240.33,109.02
新北市,汐止區,秀山里,1765,1778867,1008,555,261,1213,1479.96,146.84
新北市,汐止區,建成里,2034,1825479,897,561,274,1150,1198.84,133.58
新北市,汐止區,城中里,1736,1571471,905,589,274,1148,1079.37,119.24
新北市,汐止區,湖蓮里,1202,1540876,1282,783,347,1579,1767.07,137.84
新北市,汐止區,保新里,1099,700206,637,455,223,793,808.33,126.87
新北市,三芝區,八賢里,69,25519,370,303,116,439,448.67,121.31
新北市,三芝區,埔頭里,1557,753000,484,360,186,633,468.04,96.78
新北市,三芝區,古庄里,334,182884,548,377,185,712,576.80,105.34
新北市,三芝區,新庄里,192,97489,508,341,195,696,482.18,94.96
新北市,三芝區,埔坪里,1852,940459,508,340,178,638,556.67,109.62
新北市,三芝區,茂長里,170,104999,618,454,206,801,664.96,107.66
新北市,三芝區,橫山里,99,61953,626,415,211,810,644.35,102.97
新北市,三芝區,錫板里,170,96396,567,371,180,716,646.88,114.08
新北市,三芝區,後厝里,653,499828,765,419,190,801,1473.03,192.44
新北市,三芝區,福德里,227,178853,788,449,208,969,1420.93,180.34
新北市,三芝區,圓山里,126,71760,570,377,210,729,598.87,105.15
新北市,三芝區,店子里,146,82208,563,415,190,714,613.54,108.96
新北市,三芝區,興華里,353,230005,652,415,210,736,906.48,139.12
新北市,石門區,德茂里,280,147976,528,346,209,628,702.21,132.87
新北市,石門區,富基里,349,184408,528,384,192,694,517.38,97.92
新北市,石門區,老梅里,523,311753,596,372,189,708,994.40,166.82
新北市,石門區,山溪里,232,119721,516,343,179,650,594.54,115.21
新北市,石門區,石門里,452,288818,639,404,202,787,790.37,123.69
新北市,石門區,尖鹿里,424,239903,566,368,205,687,666.35,117.77
新北市,石門區,乾華里,70,40364,577,389,232,681,591.27,102.54
新北市,石門區,茂林里,169,101566,601,396,199,790,730.64,121.57
新北市,石門區,草里里,210,119533,569,375,185,686,1053.08,185.01
新北市,八里區,龍源里,2543,1967360,774,461,231,895,1053.03,136.11
新北市,八里區,米倉里,1235,893863,724,463,210,866,981.97,135.67
新北市,八里區,大崁里,1143,827405,724,480,230,901,854.44,118.04
新北市,八里區,埤頭里,1501,980967,654,425,213,787,944.19,144.47
新北市,八里區,頂罟里,754,520164,690,449,226,863,766.22,111.07
新北市,八里區,舊城里,2201,1253990,570,402,211,707,603.18,105.87
新北市,八里區,訊塘里,1789,1267293,708,470,236,868,856.73,120.94
新北市,八里區,荖阡里,481,335378,697,409,214,826,989.26,141.88
新北市,八里區,下罟里,480,302061,629,395,197,722,843.09,133.97
新北市,八里區,長坑里,426,270383,635,439,227,749,741.13,116.77
新北市,永和區,下溪里,1572,1717427,1093,657,289,1349,1776.42,162.60
新北市,永和區,中溪里,1718,1569390,913,540,269,1083,1114.29,121.98
新北市,永和區,上溪里,681,617883,907,565,253,1164,1121.22,123.58
新北市,永和區,後溪里,757,867811,1146,662,302,1404,1387.31,121.02
新北市,永和區,頂溪里,858,797164,929,595,264,1220,1123.12,120.88
新北市,永和區,網溪里,369,296406,803,568,252,1044,849.91,105.81
新北市,永和區,復興里,840,761282,906,547,234,1124,1077.09,118.85
新北市,永和區,竹林里,1224,1078085,881,570,275,1095,1041.41,118.24
新北市,永和區,中興里,1142,1319570,1155,610,291,1296,2058.02,178.11
新北市,永和區,店街里,1465,1738355,1187,676,301,1429,1733.47,146.09
新北市,永和區,潭墘里,1600,1781137,1113,636,287,1378,1586.15,142.48
新北市,永和區,水源里,1294,1151302,890,563,280,1135,1002.25,112.65
新北市,永和區,秀朗里,1171,970192,829,537,268,1043,945.63,114.14
新北市,永和區,大同里,326,306089,939,541,280,1058,1290.22,137.41
新北市,永和區,永成里,249,149061,599,450,202,769,582.34,97.28
新北市,永和區,福和里,1906,2051931,1077,671,306,1328,1346.11,125.04
新北市,永和區,豫溪里,1219,1169602,959,587,261,1161,1430.07,149.05
新北市,永和區,上林里,1163,1107856,953,592,281,1203,1207.41,126.75
新北市,永和區,新廍里,713,647470,908,551,249,1154,1146.73,126.28
新北市,永和區,和平里,1639,1529099,933,549,251,1105,1239.76,132.89
新北市,永和區,仁愛里,960,998747,1040,593,274,1247,1284.01,123.42
新北市,永和區,前溪里,708,706224,997,604,277,1207,1640.98,164.51
新北市,永和區,永興里,984,927999,943,567,268,1194,1167.13,123.76
新北市,永和區,永安里,1443,1749498,1212,661,303,1398,2872.18,236.90
新北市,永和區,雙和里,1371,1331085,971,621,283,1214,1226.29,126.31
新北市,永和區,得和里,1498,1544409,1031,609,297,1241,1518.49,147.29
新北市,永和區,大新里,934,947983,1015,616,309,1286,1538.18,151.55
新北市,永和區,桂林里,1205,1098546,912,555,256,1051,1198.73,131.49
新北市,永和區,勵行里,401,346476,864,590,277,1156,897.02,103.82
新北市,永和區,光復里,587,559475,953,616,274,1237,1083.53,113.68
新北市,永和區,光明里,1041,998244,959,640,303,1223,1073.42,111.94
新北市,永和區,信義里,936,969283,1036,651,277,1321,1249.24,120.63
新北市,永和區,正興里,800,752384,940,574,264,1136,1180.83,125.56
新北市,永和區,忠義里,193,139801,724,458,225,846,947.36,130.79
新北市,永和區,新生里,286,375853,1314,596,257,1552,2265.67,172.40
新北市,永和區,河堤里,1248,1482026,1188,667,304,1380,1932.85,162.76
新北市,永和區,民治里,929,831980,896,516,232,1089,1459.52,162.97
新北市,永和區,智光里,944,700454,742,489,237,938,835.22,112.56
新北市,永和區,秀和里,1687,2080561,1233,569,280,1190,9608.81,779.12
新北市,永和區,潭安里,1607,1465344,912,579,290,1237,990.44,108.62
新北市,永和區,永貞里,1119,1059342,947,587,274,1187,1142.16,120.65
新北市,永和區,福林里,1090,875634,803,509,240,1011,922.49,114.83
新北市,永和區,安和里,1367,1314771,962,616,282,1188,1228.59,127.74
新北市,永和區,文化里,904,877407,971,512,242,1104,2017.56,207.87
新北市,永和區,民權里,1516,1431597,944,562,262,1162,1263.88,133.84
新北市,永和區,民生里,1206,995371,825,517,240,1085,945.65,114.58
新北市,永和區,永福里,900,910635,1012,609,287,1174,1664.49,164.51
新北市,永和區,河濱里,1083,1111648,1026,577,265,1224,1744.34,169.94
新北市,永和區,永元里,1593,1501947,943,565,275,1175,1194.72,126.71
新北市,永和區,秀成里,894,750832,840,537,257,1034,981.80,116.90
新北市,永和區,秀林里,1293,1456398,1126,637,289,1415,1773.57,157.46
新北市,永和區,秀得里,896,731031,816,568,265,1132,828.14,101.50
新北市,永和區,民族里,1482,1535896,1036,617,282,1278,1471.91,142.03
新北市,永和區,民本里,1310,1475891,1127,660,300,1325,1549.39,137.52
新北市,永和區,民樂里,1505,1962003,1304,660,289,1326,4796.23,367.91
新北市,永和區,協和里,875,713296,815,540,263,1034,949.57,116.48
新北市,永和區,保平里,1585,1649731,1041,623,276,1299,1701.74,163.50
新北市,永和區,保安里,2509,2791132,1112,648,309,1388,1444.83,129.88
新北市,永和區,民富里,854,740796,867,568,275,1139,947.92,109.28
新北市,永和區,秀元里,987,839438,850,529,238,1122,987.55,116.11
新北市,永和區,永樂里,813,708440,871,530,262,1080,1094.04,125.55
新北市,永和區,保順里,3930,5110141,1300,752,329,1684,1739.02,133.74
宜蘭縣,宜蘭市,南門里,417,265392,636,443,201,806,671.93,105.58
宜蘭縣,宜蘭市,建軍里,588,390979,665,459,223,889,644.47,96.92
宜蘭縣,宜蘭市,民族里,719,519921,723,489,224,947,835.81,115.58
宜蘭縣,宜蘭市,思源里,1795,1677994,935,611,277,1219,1047.20,112.02
宜蘭縣,宜蘭市,負郭里,990,709270,716,471,232,889,872.41,121.77
宜蘭縣,宜蘭市,神農里,847,562859,665,488,237,888,646.02,97.21
宜蘭縣,宜蘭市,民權里,512,369264,721,487,236,918,764.18,105.96
宜蘭縣,宜蘭市,慈安里,566,318693,563,425,208,709,603.32,107.15
宜蘭縣,宜蘭市,新民里,479,318542,665,434,214,814,793.63,119.34
宜蘭縣,宜蘭市,東門里,268,220377,822,502,243,932,1035.92,125.98
宜蘭縣,宜蘭市,小東里,484,362024,748,516,254,975,776.30,103.79
宜蘭縣,宜蘭市,菜園里,409,285014,697,456,227,897,799.08,114.67
宜蘭縣,宜蘭市,孝廉里,304,178296,587,441,237,769,513.86,87.61
宜蘭縣,宜蘭市,中山里,246,148531,604,396,171,782,641.08,106.18
宜蘭縣,宜蘭市,北門里,323,198707,615,463,197,805,605.37,98.40
宜蘭縣,宜蘭市,西門里,495,302319,611,411,196,808,661.34,108.28
宜蘭縣,宜蘭市,凱旋里,529,401710,759,479,233,909,1010.85,133.12
宜蘭縣,宜蘭市,南津里,833,809944,972,599,286,1209,1282.27,131.88
宜蘭縣,宜蘭市,建業里,885,1030686,1165,673,315,1462,1500.15,128.81
宜蘭縣,宜蘭市,南橋里,430,366353,852,505,237,1009,1037.90,121.82
宜蘭縣,宜蘭市,進士里,791,593900,751,504,254,973,806.35,107.40
宜蘭縣,宜蘭市,茭白里,729,480364,659,446,221,831,716.10,108.68
宜蘭縣,宜蘭市,新生里,928,591903,638,455,222,795,674.09,105.69
宜蘭縣,宜蘭市,梅洲里,1029,606509,589,400,209,748,657.01,111.47
宜蘭縣,宜蘭市,北津里,685,423689,619,448,250,817,584.71,94.53
宜蘭縣,宜蘭市,東村里,803,601190,749,531,266,1004,733.10,97.92
宜蘭縣,宜蘭市,延平里,1221,958529,785,532,271,1005,862.57,109.88
宜蘭縣,宜蘭市,黎明里,684,583155,853,563,291,980,972.15,114.03
宜蘭縣,宜蘭市,七張里,480,322020,671,449,226,801,879.87,131.15
宜蘭縣,宜蘭市,復興里,879,668646,761,473,246,941,984.23,129.39
宜蘭縣,宜蘭市,文化里,1006,789693,785,524,244,987,890.42,113.43
宜蘭縣,宜蘭市,七結里,1054,910415,864,581,294,1107,915.58,106.00
宜蘭縣,宜蘭市,大新里,239,173722,727,412,212,863,1108.47,152.50
宜蘭縣,宜蘭市,中興里,879,566071,644,470,241,810,726.53,112.82
宜蘭縣,宜蘭市,成功里,1097,854934,779,542,274,1040,763.42,97.96
宜蘭縣,宜蘭市,泰山里,601,355041,591,412,213,779,637.92,107.98
宜蘭縣,宜蘭市,新東里,1054,829145,787,489,247,931,1489.38,189.33
宜蘭縣,宜蘭市,擺厘里,1114,865902,777,517,252,1017,899.33,115.70
宜蘭縣,頭城鎮,石城里,61,35771,586,386,216,773,630.97,107.60
宜蘭縣,頭城鎮,大里里,129,73115,567,377,191,667,751.80,132.64
宜蘭縣,頭城鎮,大溪里,133,67005,504,375,117,644,667.74,132.54
宜蘭縣,頭城鎮,更新里,285,146724,515,403,203,667,476.86,92.63
宜蘭縣,頭城鎮,合興里,65,31338,482,362,167,545,505.86,104.92
宜蘭縣,頭城鎮,外澳里,186,111188,598,404,197,691,701.77,117.40
宜蘭縣,頭城鎮,港口里,196,138119,705,408,218,702,1043.58,148.09
宜蘭縣,頭城鎮,武營里,444,335646,756,501,231,906,1253.86,165.86
宜蘭縣,頭城鎮,城東里,202,150411,745,432,182,995,1019.69,136.94
宜蘭縣,頭城鎮,城西里,161,137006,851,440,247,713,2261.83,265.80
宜蘭縣,頭城鎮,城南里,186,140599,756,426,230,852,1365.37,180.63
宜蘭縣,頭城鎮,城北里,123,65362,531,360,154,673,526.12,99.01
宜蘭縣,頭城鎮,大坑里,342,226413,662,432,227,813,854.92,129.14
宜蘭縣,頭城鎮,竹安里,492,254023,516,407,192,680,478.21,92.62
宜蘭縣,頭城鎮,新建里,566,358164,633,433,218,836,660.03,104.30
宜蘭縣,頭城鎮,拔雅里,677,476770,704,492,231,906,772.61,109.71
宜蘭縣,頭城鎮,福成里,240,134653,561,384,203,704,598.83,106.73
宜蘭縣,頭城鎮,金面里,477,274838,576,384,204,698,691.14,119.95
宜蘭縣,頭城鎮,金盈里,182,109866,604,400,214,738,602.94,99.88
宜蘭縣,頭城鎮,頂埔里,376,252118,671,449,232,766,960.61,143.26
宜蘭縣,頭城鎮,下埔里,234,128673,550,367,169,709,619.54,112.67
宜蘭縣,頭城鎮,中崙里,269,173154,644,419,242,785,815.06,126.62
宜蘭縣,頭城鎮,二城里,281,144423,514,334,168,674,547.32,106.49
宜蘭縣,頭城鎮,龜山里,85,40320,474,307,111,654,510.10,107.54
宜蘭縣,礁溪鄉,大忠村,823,570835,694,439,202,877,853.51,123.05
宜蘭縣,礁溪鄉,大義村,149,94310,633,373,203,824,677.53,107.04
宜蘭縣,礁溪鄉,二龍村,325,204451,629,465,265,814,557.75,88.66
宜蘭縣,礁溪鄉,德陽村,1384,1103313,797,511,242,952,1046.79,131.31
宜蘭縣,礁溪鄉,白雲村,481,298673,621,408,187,820,714.08,115.00
宜蘭縣,礁溪鄉,玉石村,686,540384,788,473,231,941,1066.83,135.43
宜蘭縣,礁溪鄉,六結村,414,316283,764,517,286,963,1055.56,138.17
宜蘭縣,礁溪鄉,時潮村,379,219008,578,402,212,707,612.79,106.04
宜蘭縣,礁溪鄉,林美村,280,156856,560,431,207,708,567.40,101.29
宜蘭縣,礁溪鄉,三民村,651,346354,532,406,218,643,508.81,95.63
宜蘭縣,礁溪鄉,玉田村,605,405972,671,438,223,853,717.71,106.96
宜蘭縣,礁溪鄉,白鵝村,226,159340,705,417,245,854,993.80,140.96
宜蘭縣,礁溪鄉,玉光村,330,224400,680,490,208,868,657.86,96.74
宜蘭縣,礁溪鄉,光武村,496,344414,694,479,235,883,762.53,109.81
宜蘭縣,礁溪鄉,匏崙村,216,100353,465,339,183,602,431.48,92.87
宜蘭縣,礁溪鄉,二結村,98,70812,723,372,158,921,858.95,118.87
宜蘭縣,礁溪鄉,吳沙村,788,542021,688,467,244,839,749.87,109.02
宜蘭縣,礁溪鄉,龍潭村,1082,654686,605,402,215,775,659.25,108.95
宜蘭縣,壯圍鄉,東港村,158,73256,464,375,204,598,388.89,83.88
宜蘭縣,壯圍鄉,復興村,399,217778,546,406,189,663,608.57,111.50
宜蘭縣,壯圍鄉,吉祥村,865,595700,689,518,270,879,624.66,90.71
宜蘭縣,壯圍鄉,新南村,257,156476,609,470,247,730,638.72,104.91
宜蘭縣,壯圍鄉,美福村,589,377694,641,426,223,787,835.79,130.34
宜蘭縣,壯圍鄉,大福村,442,256209,580,425,200,715,617.31,106.50
宜蘭縣,壯圍鄉,新社村,280,163794,585,410,218,701,659.87,112.80
宜蘭縣,壯圍鄉,忠孝村,684,434958,636,435,224,776,729.72,114.75
宜蘭縣,壯圍鄉,功勞村,417,292375,701,480,230,887,813.74,116.06
宜蘭縣,壯圍鄉,永鎮村,165,85285,517,379,219,675,559.67,108.28
宜蘭縣,壯圍鄉,過嶺村,324,170538,526,342,177,665,560.16,106.42
宜蘭縣,壯圍鄉,美城村,753,522629,694,451,207,810,929.30,133.89
宜蘭縣,壯圍鄉,古亭村,526,371077,705,462,235,812,919.99,130.41
宜蘭縣,壯圍鄉,古結村,381,217597,571,404,218,717,640.46,112.14
宜蘭縣,員山鄉,員山村,1998,1417005,709,469,237,857,1549.93,218.54
宜蘭縣,員山鄉,尚德村,646,402901,624,428,224,779,748.19,119.96
宜蘭縣,員山鄉,內城村,369,208115,564,391,205,670,789.33,139.95
宜蘭縣,員山鄉,惠好村,550,393697,716,496,256,883,874.77,122.21
宜蘭縣,員山鄉,深溝村,670,547348,817,505,268,957,1544.32,189.04
宜蘭縣,員山鄉,蓁巷村,363,219841,606,391,198,641,867.73,143.28
宜蘭縣,員山鄉,七賢村,511,346262,678,458,236,811,927.14,136.82
宜蘭縣,員山鄉,永和村,527,324928,617,425,190,751,710.37,115.22
宜蘭縣,員山鄉,枕山村,596,394848,662,435,207,748,844.83,127.52
宜蘭縣,員山鄉,頭分村,383,220443,576,420,234,724,546.60,94.97
宜蘭縣,員山鄉,同樂村,648,354767,547,383,202,717,563.16,102.86
宜蘭縣,員山鄉,湖東村,219,136104,621,452,196,760,784.87,126.29
宜蘭縣,員山鄉,湖西村,285,187988,660,400,185,791,933.44,141.51
宜蘭縣,員山鄉,逸仙村,253,167490,662,462,251,755,831.45,125.59
宜蘭縣,員山鄉,湖北村,263,163194,621,406,216,704,934.15,150.55
宜蘭縣,員山鄉,中華村,102,66786,655,329,149,668,1189.41,181.65
宜蘭縣,羅東鎮,成功里,499,373029,748,516,245,937,804.95,107.68
宜蘭縣,羅東鎮,北成里,947,820587,867,517,253,1094,1055.36,121.79
宜蘭縣,羅東鎮,仁愛里,1268,1017359,802,496,245,938,1109.00,138.22
宜蘭縣,羅東鎮,竹林里,939,685953,731,483,248,910,829.97,113.61
宜蘭縣,羅東鎮,賢文里,1194,857367,718,485,240,878,901.97,125.61
宜蘭縣,羅東鎮,東安里,1299,946121,728,493,241,913,805.66,110.62
宜蘭縣,羅東鎮,新群里,957,628488,657,441,220,815,762.62,116.12
宜蘭縣,羅東鎮,羅莊里,1052,662799,630,452,223,823,619.95,98.40
宜蘭縣,羅東鎮,仁德里,335,237212,708,444,240,821,1118.98,158.03
宜蘭縣,羅東鎮,漢民里,1163,784612,675,460,224,822,815.98,120.95
宜蘭縣,羅東鎮,西安里,956,621032,650,463,245,838,669.10,103.00
宜蘭縣,羅東鎮,信義里,1094,853199,780,511,264,1003,846.20,108.50
宜蘭縣,羅東鎮,公正里,905,722658,799,533,250,1010,955.94,119.71
宜蘭縣,羅東鎮,大新里,514,396480,771,481,242,963,958.34,124.24
宜蘭縣,羅東鎮,南昌里,836,575801,689,462,211,859,832.19,120.82
宜蘭縣,羅東鎮,集祥里,295,262917,891,524,275,990,1526.52,171.28
宜蘭縣,羅東鎮,南豪里,417,297393,713,481,250,869,744.34,104.37
宜蘭縣,羅東鎮,樹林里,1305,1165352,893,581,290,1090,1080.01,120.94
宜蘭縣,羅東鎮,維揚里,1004,694636,692,480,247,829,808.49,116.86
宜蘭縣,羅東鎮,開明里,380,242468,638,416,205,831,743.88,116.58
宜蘭縣,羅東鎮,中山里,410,267284,652,426,223,808,701.92,107.67
宜蘭縣,羅東鎮,仁和里,266,179398,674,444,197,757,811.06,120.26
宜蘭縣,羅東鎮,國華里,1544,1180316,764,519,251,958,852.52,111.52
宜蘭縣,五結鄉,五結村,1261,909594,721,464,237,867,934.01,129.48
宜蘭縣,五結鄉,協和村,1145,807549,705,462,239,833,876.19,124.23
宜蘭縣,五結鄉,大吉村,1310,797348,609,452,216,805,628.93,103.33
宜蘭縣,五結鄉,福興村,623,433266,695,463,229,845,799.26,114.93
宜蘭縣,五結鄉,三興村,785,561225,715,482,253,897,827.57,115.75
宜蘭縣,五結鄉,鎮安村,976,656157,672,491,243,867,659.30,98.07
宜蘭縣,五結鄉,中興村,468,328707,702,457,216,920,811.57,115.55
宜蘭縣,五結鄉,四結村,985,819427,832,520,253,1035,1031.91,124.04
宜蘭縣,五結鄉,上四村,528,365145,692,486,224,924,698.46,101.00
宜蘭縣,五結鄉,二結村,686,503766,734,513,263,969,809.03,110.17
宜蘭縣,五結鄉,利澤村,591,335535,568,391,204,687,609.28,107.32
宜蘭縣,五結鄉,季新村,790,436626,553,382,197,659,707.96,128.09
宜蘭縣,五結鄉,成興村,1094,621240,568,421,232,719,551.06,97.04
宜蘭縣,五結鄉,孝威村,537,338128,630,457,239,772,657.09,104.36
宜蘭縣,五結鄉,錦眾村,364,192409,529,368,190,748,495.54,93.75
宜蘭縣,冬山鄉,南興村,1060,749515,707,503,253,940,712.80,100.81
宜蘭縣,冬山鄉,冬山村,232,154678,667,393,192,903,819.27,122.88
宜蘭縣,冬山鄉,武淵村,447,318411,712,481,234,821,966.10,135.63
宜蘭縣,冬山鄉,珍珠村,559,407197,728,495,230,808,883.73,121.32
宜蘭縣,冬山鄉,三奇村,328,174192,531,425,236,668,438.17,82.51
宜蘭縣,冬山鄉,補城村,391,303139,775,492,254,911,996.50,128.53
宜蘭縣,冬山鄉,大興村,281,194959,694,452,242,729,1035.54,149.26
宜蘭縣,冬山鄉,東城村,426,287291,674,457,265,835,780.59,115.75
宜蘭縣,冬山鄉,香和村,1068,782068,732,497,251,983,771.13,105.31
宜蘭縣,冬山鄉,安平村,182,110991,610,468,271,749,575.72,94.41
宜蘭縣,冬山鄉,太和村,485,308338,636,433,224,778,746.38,117.40
宜蘭縣,冬山鄉,永美村,1203,858637,714,512,262,956,694.65,97.32
宜蘭縣,冬山鄉,八寶村,300,203867,680,431,216,792,942.35,138.67
宜蘭縣,冬山鄉,丸山村,485,288341,595,469,223,756,655.77,110.30
宜蘭縣,冬山鄉,中山村,105,61845,589,392,210,687,735.60,124.89
宜蘭縣,冬山鄉,順安村,1546,955278,618,456,230,765,897.34,145.22
宜蘭縣,冬山鄉,清溝村,1343,1020092,760,504,264,959,913.89,120.32
宜蘭縣,冬山鄉,群英村,1495,981452,656,457,226,822,806.93,122.92
宜蘭縣,冬山鄉,鹿埔村,819,511560,625,438,222,744,711.90,113.97
宜蘭縣,冬山鄉,得安村,282,184554,654,379,209,706,962.95,147.14
宜蘭縣,冬山鄉,廣興村,791,487930,617,419,216,745,910.22,147.56
宜蘭縣,冬山鄉,廣安村,595,342744,576,376,202,735,619.64,107.57
宜蘭縣,冬山鄉,柯林村,624,478949,768,488,255,909,1084.69,141.32
宜蘭縣,冬山鄉,大進村,160,111719,698,420,202,918,874.97,125.31
宜蘭縣,蘇澳鎮,港邊里,327,202403,619,457,214,788,638.91,103.22
宜蘭縣,蘇澳鎮,永春里,119,64849,545,390,213,633,544.47,99.91
宜蘭縣,蘇澳鎮,東澳里,58,36462,629,487,193,973,609.98,97.03
宜蘭縣,蘇澳鎮,聖湖里,664,409205,616,444,251,739,806.70,130.90
宜蘭縣,蘇澳鎮,新城里,486,297649,612,485,243,768,647.44,105.71
宜蘭縣,蘇澳鎮,隘丁里,1065,653755,614,479,248,804,589.76,96.07
宜蘭縣,蘇澳鎮,永榮里,1214,789064,650,484,241,802,710.48,109.31
宜蘭縣,蘇澳鎮,存仁里,211,127507,604,455,241,754,568.19,94.02
宜蘭縣,蘇澳鎮,頂寮里,359,211911,590,456,254,716,600.60,101.75
宜蘭縣,蘇澳鎮,永樂里,107,66007,617,402,235,668,834.36,135.25
宜蘭縣,蘇澳鎮,蘇東里,116,70136,605,449,230,754,553.82,91.60
宜蘭縣,蘇澳鎮,朝陽里,102,69058,677,412,204,827,858.39,126.78
宜蘭縣,蘇澳鎮,南強里,137,78109,570,394,224,667,596.27,104.58
宜蘭縣,蘇澳鎮,南寧里,202,112500,557,394,195,749,531.59,95.45
宜蘭縣,蘇澳鎮,南安里,198,129650,655,446,234,786,743.90,113.61
宜蘭縣,蘇澳鎮,南正里,162,86733,535,398,221,685,504.13,94.16
宜蘭縣,蘇澳鎮,蘇西里,614,404940,660,429,218,811,803.70,121.86
宜蘭縣,蘇澳鎮,蘇南里,146,77790,533,436,181,717,478.57,89.82
宜蘭縣,蘇澳鎮,蘇北里,254,180607,711,491,265,787,1166.89,164.11
宜蘭縣,蘇澳鎮,長安里,160,96331,602,412,243,785,728.14,120.94
宜蘭縣,蘇澳鎮,永光里,106,85024,802,422,194,849,1301.65,162.28
宜蘭縣,蘇澳鎮,南興里,264,131602,498,364,181,646,508.57,102.02
宜蘭縣,蘇澳鎮,龍德里,1024,570556,557,428,230,747,536.59,96.30
宜蘭縣,蘇澳鎮,南成里,181,106556,589,402,218,680,652.74,110.88
宜蘭縣,蘇澳鎮,南建里,199,122747,617,406,240,724,948.33,153.75
宜蘭縣,蘇澳鎮,聖愛里,793,485560,612,426,238,702,789.36,128.92
宜蘭縣,三星鄉,月眉村,222,145697,656,384,184,773,1055.33,160.80
宜蘭縣,三星鄉,人和村,98,78567,802,505,291,997,952.20,118.77
宜蘭縣,三星鄉,義德村,272,184375,678,468,255,778,748.65,110.44
宜蘭縣,三星鄉,雙賢村,158,102161,647,428,235,766,744.53,115.15
宜蘭縣,三星鄉,集慶村,280,156472,559,388,216,724,542.21,97.03
宜蘭縣,三星鄉,萬德村,141,94767,672,454,224,745,817.82,121.68
宜蘭縣,三星鄉,萬富村,185,144349,780,534,284,1027,885.13,113.44
宜蘭縣,三星鄉,貴林村,143,84027,588,403,193,689,643.25,109.47
宜蘭縣,三星鄉,大隱村,1400,887199,634,425,212,803,732.09,115.52
宜蘭縣,三星鄉,行健村,254,242399,954,401,194,1063,2601.94,272.65
宜蘭縣,三星鄉,拱照村,277,179277,647,412,236,754,769.00,118.82
宜蘭縣,三星鄉,大洲村,530,393540,743,464,234,885,971.11,130.78
宜蘭縣,三星鄉,大義村,375,268143,715,444,219,807,980.41,137.11
宜蘭縣,三星鄉,尾塹村,506,342539,677,453,256,821,798.13,117.90
宜蘭縣,三星鄉,尚武村,202,129792,643,418,208,745,836.56,130.20
宜蘭縣,三星鄉,天山村,98,59140,603,343,180,687,932.34,154.50
宜蘭縣,三星鄉,天福村,138,79472,576,398,184,707,1122.86,194.98
宜蘭縣,三星鄉,員山村,53,30403,574,387,262,686,614.79,107.17
宜蘭縣,大同鄉,寒溪村,177,87762,496,373,160,625,605.86,122.19
宜蘭縣,大同鄉,松羅村,135,69808,517,393,213,765,415.16,80.29
宜蘭縣,大同鄉,太平村,6,4484,747,597,533,1049,486.69,65.12
宜蘭縣,大同鄉,四季村,98,58720,599,474,239,819,475.52,79.36
宜蘭縣,大同鄉,樂水村,41,15907,388,310,112,585,335.12,86.38
宜蘭縣,大同鄉,南山村,55,21581,392,319,186,534,300.35,76.54
宜蘭縣,大同鄉,崙埤村,156,97362,624,446,218,667,1152.72,184.70
宜蘭縣,大同鄉,英士村,38,17477,460,319,181,613,429.26,93.33
宜蘭縣,大同鄉,復興村,46,36394,791,519,274,1045,827.62,104.61
宜蘭縣,大同鄉,茂安村,42,20350,485,410,147,700,494.69,102.10
宜蘭縣,南澳鄉,南澳村,288,148321,515,428,220,686,424.59,82.44
宜蘭縣,南澳鄉,碧候村,220,94821,431,364,185,563,415.36,96.37
宜蘭縣,南澳鄉,東岳村,101,56248,557,462,249,751,486.59,87.37
宜蘭縣,南澳鄉,武塔村,103,52378,509,415,208,697,444.82,87.47
宜蘭縣,南澳鄉,金岳村,88,38217,434,398,206,637,305.41,70.33
宜蘭縣,南澳鄉,金洋村,93,46910,504,450,228,712,378.06,74.95
宜蘭縣,南澳鄉,澳花村,152,65420,430,369,201,586,367.33,85.35
桃園市,桃園區,文化里,504,662182,1314,754,312,1509,1840.34,140.07
桃園市,桃園區,武陵里,621,544358,877,531,253,1055,1138.57,129.89
桃園市,桃園區,文昌里,282,241369,856,555,273,1071,910.47,106.37
桃園市,桃園區,長美里,359,291563,812,502,252,1009,1016.20,125.12
桃園市,桃園區,永興里,708,632206,893,526,239,1069,1420.92,159.13
桃園市,桃園區,南門里,2159,1806166,837,519,254,1053,1017.37,121.61
桃園市,桃園區,東門里,1207,1139708,944,563,278,1099,1620.89,171.66
桃園市,桃園區,西門里,667,705373,1058,574,261,1235,1360.63,128.66
桃園市,桃園區,北門里,589,510549,867,490,237,986,1357.85,156.65
桃園市,桃園區,雲林里,2341,1993414,852,525,258,1090,1042.97,122.48
桃園市,桃園區,豐林里,2224,1786303,803,498,246,984,976.64,121.59
桃園市,桃園區,會稽里,1565,1328186,849,559,259,1083,1019.48,120.13
桃園市,桃園區,朝陽里,646,506099,783,484,242,949,1030.20,131.50
桃園市,桃園區,青溪里,2459,2701276,1099,682,319,1356,1618.29,147.31
桃園市,桃園區,汴洲里,3190,3031173,950,659,325,1193,1077.99,113.45
桃園市,桃園區,東埔里,1634,1239451,759,483,233,983,875.50,115.42
桃園市,桃園區,中埔里,1291,1054651,817,529,257,1019,1129.17,138.22
桃園市,桃園區,西埔里,1114,922261,828,534,248,1064,936.17,113.08
桃園市,桃園區,中山里,2647,2504151,946,602,273,1198,1128.43,119.28
桃園市,桃園區,中正里,3254,3669260,1128,725,331,1399,1542.75,136.82
桃園市,桃園區,龍岡里,2243,1833490,817,554,275,1048,941.23,115.15
桃園市,桃園區,東山里,668,547209,819,489,251,992,1175.78,143.53
桃園市,桃園區,南華里,421,325674,774,433,215,993,1291.71,166.98
桃園市,桃園區,大林里,2938,2706281,921,632,293,1207,1012.87,109.96
桃園市,桃園區,文明里,621,553823,892,553,268,1057,1098.45,123.17
桃園市,桃園區,建國里,1868,1407955,754,508,263,986,828.77,109.96
桃園市,桃園區,成功里,1613,1603877,994,581,284,1224,1413.67,142.17
桃園市,桃園區,忠義里,1374,1136932,827,525,246,1012,1078.75,130.37
桃園市,桃園區,永安里,1591,1265241,795,497,237,966,971.81,122.20
桃園市,桃園區,玉山里,1739,1411031,811,484,244,979,1103.03,135.94
桃園市,桃園區,中興里,2308,2169036,940,588,279,1173,1231.88,131.08
桃園市,桃園區,西湖里,510,421528,827,491,234,1013,1149.47,139.07
桃園市,桃園區,福林里,2230,2011984,902,560,275,1127,1143.90,126.78
桃園市,桃園區,慈文里,2307,1926953,835,565,275,1088,951.13,113.87
桃園市,桃園區,新埔里,1974,2099717,1064,610,289,1267,2011.64,189.12
桃園市,桃園區,萬壽里,303,252030,832,505,270,940,1011.52,121.61
桃園市,桃園區,中成里,2896,3367970,1163,712,332,1443,1687.91,145.14
桃園市,桃園區,長安里,1191,971381,816,517,261,972,992.60,121.70
桃園市,桃園區,光興里,1770,1771236,1001,572,276,1170,3315.82,331.35
桃園市,桃園區,龍山里,1160,777804,671,425,216,777,955.64,142.52
桃園市,桃園區,民生里,691,609242,882,587,286,1073,1002.69,113.72
桃園市,桃園區,中和里,471,391057,830,509,212,992,1042.59,125.57
桃園市,桃園區,大豐里,1805,1433204,794,488,238,1003,1068.48,134.57
桃園市,桃園區,福安里,1614,1455234,902,529,262,1059,2999.04,332.62
桃園市,桃園區,三民里,1719,2020253,1175,655,312,1331,2025.57,172.35
桃園市,桃園區,大興里,2067,1660488,803,486,239,995,998.84,124.34
桃園市,桃園區,春日里,2291,1815631,793,521,248,1023,907.92,114.56
桃園市,桃園區,信光里,2695,2615761,971,566,267,1143,2016.38,207.75
桃園市,桃園區,中寧里,2615,3100640,1186,681,306,1517,1489.32,125.61
桃園市,桃園區,同安里,4360,6858817,1573,794,330,1805,2941.48,186.98
桃園市,桃園區,莊敬里,3763,4902968,1303,662,302,1496,2906.88,223.10
桃園市,桃園區,文中里,2708,3610455,1333,893,400,1746,1505.83,112.94
桃園市,桃園區,泰山里,1409,1271298,902,536,253,1133,1261.43,139.81
桃園市,桃園區,中路里,1498,1312102,876,571,268,1064,1032.00,117.82
桃園市,桃園區,中德里,2366,2067171,874,524,266,1066,1165.23,133.37
桃園市,桃園區,龍祥里,1969,1743124,885,570,296,1067,1042.44,117.75
桃園市,桃園區,大有里,2694,2459135,913,617,283,1179,1125.90,123.34
桃園市,桃園區,寶山里,1646,1250885,760,467,246,903,1673.20,220.17
桃園市,桃園區,龍鳳里,3065,2618792,854,540,255,1072,1028.50,120.37
桃園市,桃園區,龍安里,2363,2328994,986,652,304,1277,1108.01,112.42
桃園市,桃園區,自強里,3124,3507338,1123,619,291,1291,3983.91,354.85
桃園市,桃園區,中信里,2226,2035078,914,558,264,1111,1224.79,133.97
桃園市,桃園區,長德里,1824,1647113,903,556,264,1068,1234.77,136.74
桃園市,桃園區,中平里,1756,1437361,819,516,257,1008,968.07,118.27
桃園市,桃園區,中原里,1827,1568710,859,561,270,1113,953.32,111.03
桃園市,桃園區,中泰里,1719,1821553,1060,628,280,1255,1471.82,138.90
桃園市,桃園區,南埔里,2361,2453076,1039,656,299,1299,1356.63,130.57
桃園市,桃園區,寶慶里,2580,3137632,1216,715,321,1520,1729.09,142.18
桃園市,桃園區,北埔里,2009,1975944,984,600,275,1239,1197.87,121.79
桃園市,桃園區,三元里,1658,1333150,804,567,250,988,933.96,116.15
桃園市,桃園區,中聖里,2209,2337726,1058,631,280,1260,1414.49,133.66
桃園市,桃園區,龍壽里,2757,2346986,851,597,290,1128,902.79,106.05
桃園市,桃園區,瑞慶里,2361,2273657,963,597,286,1214,1269.65,131.84
桃園市,桃園區,寶安里,3243,3122472,963,555,255,1207,1295.65,134.57
桃園市,桃園區,同德里,2556,3396196,1329,786,313,1664,2075.82,156.23
桃園市,桃園區,明德里,1388,2249695,1621,726,338,1758,4845.64,298.96
桃園市,桃園區,大樹里,1397,1061659,760,514,258,955,863.62,113.64
桃園市,桃園區,大業里,2125,2379072,1120,643,308,1311,2732.14,244.04
桃園市,桃園區,福元里,2005,2107568,1051,680,299,1326,1240.44,118.01
桃園市,桃園區,經國里,2208,2854422,1293,731,331,1587,1681.56,130.07
桃園市,桃園區,檜樂里,2399,1951512,813,527,258,1045,952.90,117.14
桃園市,桃園區,寶民里,1662,1360222,818,512,255,1026,1285.10,157.02
桃園市,大溪區,興和里,423,292633,692,474,223,824,738.13,106.70
桃園市,大溪區,福仁里,276,172823,626,435,220,736,787.71,125.80
桃園市,大溪區,一心里,1505,1068323,710,463,230,884,860.52,121.23
桃園市,大溪區,月眉里,375,224270,598,391,207,731,717.33,119.94
桃園市,大溪區,康安里,358,235264,657,409,225,757,767.17,116.74
桃園市,大溪區,義和里,466,300758,645,402,203,712,935.56,144.96
桃園市,大溪區,福安里,575,402730,700,436,202,808,937.89,133.91
桃園市,大溪區,美華里,875,590908,675,427,225,795,949.65,140.62
桃園市,大溪區,復興里,163,112492,690,378,204,655,1340.21,194.20
桃園市,大溪區,新峰里,132,81752,619,394,174,742,775.56,125.23
桃園市,大溪區,永福里,254,285965,1126,545,262,1150,1970.42,175.02
桃園市,大溪區,瑞興里,734,489849,667,432,214,753,1166.49,174.79
桃園市,大溪區,中新里,422,238206,564,407,233,657,609.56,107.99
桃園市,大溪區,仁善里,1953,1734657,888,557,280,1125,1067.92,120.23
桃園市,大溪區,南興里,1679,991836,591,429,229,729,624.64,105.74
桃園市,大溪區,員林里,597,412574,691,480,255,883,706.02,102.16
桃園市,大溪區,瑞源里,1270,954549,752,516,265,920,1055.87,140.48
桃園市,大溪區,僑愛里,831,655639,789,508,268,970,990.57,125.55
桃園市,大溪區,一德里,1692,1090916,645,417,204,763,1016.56,157.67
桃園市,大溪區,仁愛里,1867,1389485,744,486,252,914,921.47,123.81
桃園市,大溪區,仁義里,769,442317,575,404,218,676,677.09,117.72
桃園市,大溪區,仁武里,1079,771749,715,473,229,894,899.06,125.70
桃園市,大溪區,光明里,829,539140,650,451,248,828,649.98,99.94
桃園市,大溪區,三元里,1031,734591,713,541,282,918,733.95,103.01
桃園市,大溪區,田心里,1452,930629,641,424,211,791,745.34,116.29
桃園市,大溪區,仁文里,1311,897185,684,451,213,867,849.80,124.18
桃園市,大溪區,仁和里,1777,1370477,771,512,238,976,895.99,116.18
桃園市,大溪區,仁美里,1092,719120,659,453,228,842,686.62,104.27
桃園市,中壢區,後寮里,1976,1494387,756,524,274,948,821.00,108.56
桃園市,中壢區,石頭里,597,563096,943,542,230,1084,1267.04,134.33
桃園市,中壢區,新興里,1342,1093589,815,523,259,992,1006.68,123.53
桃園市,中壢區,仁美里,2081,1698913,816,532,258,1010,986.60,120.85
桃園市,中壢區,普仁里,1379,1075875,780,490,235,994,894.44,114.64
桃園市,中壢區,普義里,1544,1413110,915,563,268,1181,1129.67,123.43
桃園市,中壢區,內壢里,655,487300,744,484,253,887,971.42,130.57
桃園市,中壢區,內定里,2678,2149878,803,535,273,985,1095.82,136.50
桃園市,中壢區,水尾里,1340,1169405,873,545,274,1039,1233.65,141.36
桃園市,中壢區,青埔里,5072,7291414,1438,996,479,1885,1539.49,107.09
桃園市,中壢區,新街里,972,1130434,1163,621,295,1304,1753.88,150.81
桃園市,中壢區,興南里,1134,992863,876,526,232,1054,1186.60,135.53
桃園市,中壢區,興國里,683,574743,841,539,247,999,1467.58,174.40
桃園市,中壢區,中壢里,251,188628,752,456,250,1089,771.91,102.72
桃園市,中壢區,中榮里,278,254285,915,541,264,1203,1182.88,129.32
桃園市,中壢區,中建里,394,315814,802,466,208,969,1119.98,139.73
桃園市,中壢區,舊明里,480,419006,873,483,233,964,1297.89,148.68
桃園市,中壢區,新明里,1264,1022526,809,489,243,998,1030.84,127.43
桃園市,中壢區,三民里,1112,982293,883,510,261,945,1495.34,169.28
桃園市,中壢區,五權里,2446,2505931,1025,633,316,1288,1214.41,118.54
桃園市,中壢區,芝芭里,2169,2813663,1297,782,351,1608,1596.86,123.10
桃園市,中壢區,內厝里,1823,1670439,916,557,287,1071,1179.38,128.71
桃園市,中壢區,月眉里,2334,1793181,768,520,266,937,1017.45,132.43
桃園市,中壢區,山東里,1332,1018297,764,485,261,911,1009.41,132.04
桃園市,中壢區,過嶺里,3889,3959288,1018,706,367,1295,1228.19,120.64
桃園市,中壢區,興仁里,1221,939939,770,490,248,918,1117.74,145.20
桃園市,中壢區,中原里,1275,957395,751,495,257,947,872.10,116.14
桃園市,中壢區,自立里,1678,1179609,703,487,261,880,772.83,109.94
桃園市,中壢區,洽溪里,2562,3110625,1214,874,410,1560,1238.68,102.02
桃園市,中壢區,中堅里,1367,1098783,804,553,273,1063,809.27,100.68
桃園市,中壢區,永興里,297,271797,915,581,262,1033,1666.08,182.06
桃園市,中壢區,光明里,1992,2035475,1022,600,285,1214,1721.51,168.47
桃園市,中壢區,中央里,1380,1314040,952,583,272,1152,1428.12,149.98
桃園市,中壢區,龍岡里,1571,1157174,737,505,254,906,888.46,120.62
桃園市,中壢區,中正里,1955,1579228,808,532,280,962,1022.52,126.58
桃園市,中壢區,篤行里,1089,1051021,965,594,290,1149,1282.12,132.84
桃園市,中壢區,信義里,1718,1652783,962,600,315,1170,1317.93,136.99
桃園市,中壢區,忠義里,1687,1474292,874,615,285,1130,1008.93,115.45
桃園市,中壢區,忠福里,1634,1475967,903,615,315,1110,1212.57,134.24
桃園市,中壢區,東興里,1273,1221946,960,582,271,1225,1177.91,122.71
桃園市,中壢區,復興里,1603,1251325,781,585,307,1013,808.09,103.52
桃園市,中壢區,自強里,1332,1129428,848,505,255,1045,1091.51,128.73
桃園市,中壢區,龍平里,861,600293,697,433,223,779,1121.60,160.87
桃園市,中壢區,成功里,1684,1236028,734,515,267,946,748.79,102.02
桃園市,中壢區,龍興里,1546,1183370,765,541,270,965,910.46,118.95
桃園市,中壢區,仁愛里,1120,987382,882,560,273,992,1234.14,139.99
桃園市,中壢區,仁德里,1017,657020,646,465,233,874,630.30,97.56
桃園市,中壢區,仁祥里,880,540705,614,439,229,751,709.54,115.48
桃園市,中壢區,龍東里,1637,1196498,731,481,250,847,1016.07,139.01
桃園市,中壢區,龍昌里,2108,1336903,634,455,238,791,657.09,103.61
桃園市,中壢區,文化里,3362,2885002,858,545,275,1066,1035.38,120.66
桃園市,中壢區,振興里,1715,1296117,756,544,278,954,802.50,106.19
桃園市,中壢區,普慶里,963,840156,872,526,278,994,1297.02,148.67
桃園市,中壢區,興和里,939,819372,873,549,277,1031,1188.20,136.17
桃園市,中壢區,永光里,2133,1954918,917,622,291,1187,1024.44,111.78
桃園市,中壢區,復華里,2138,1787555,836,558,279,1075,903.41,108.05
桃園市,中壢區,忠孝里,1836,1716009,935,621,301,1227,1049.32,112.27
桃園市,中壢區,福德里,1027,894914,871,520,254,994,1138.49,130.65
桃園市,中壢區,和平里,886,654446,739,498,274,979,766.89,103.82
桃園市,中壢區,普忠里,1185,1252238,1057,604,298,1278,1447.40,136.97
桃園市,中壢區,普強里,1403,1231641,878,522,259,1037,1406.71,160.24
桃園市,中壢區,明德里,1765,1535268,870,570,270,1064,1203.41,138.35
桃園市,中壢區,至善里,1398,1022588,731,516,262,938,782.91,107.03
桃園市,中壢區,五福里,1187,884613,745,475,260,866,891.74,119.66
桃園市,中壢區,龍德里,1516,1371348,905,573,273,1162,1039.24,114.89
桃園市,中壢區,正義里,1677,1398908,834,533,250,1036,1028.71,123.32
桃園市,中壢區,龍安里,620,424365,684,469,254,820,748.00,109.28
桃園市,中壢區,中山里,1910,1476218,773,504,277,975,871.97,112.82
桃園市,中壢區,德義里,928,744259,802,520,251,1081,876.75,109.32
桃園市,中壢區,仁義里,1492,1412105,946,579,280,1187,1192.26,125.97
桃園市,中壢區,華勛里,1417,942628,665,487,240,866,668.89,100.55
桃園市,中壢區,仁福里,1698,1170125,689,476,246,850,830.65,120.54
桃園市,中壢區,幸福里,2385,1875501,786,496,252,982,966.85,122.95
桃園市,中壢區,永福里,2153,1774648,824,518,264,971,1168.19,141.72
桃園市,中壢區,仁和里,1264,831354,658,493,248,841,671.83,102.15
桃園市,中壢區,華愛里,1341,1050055,783,496,266,959,1026.47,131.09
桃園市,中壢區,莊敬里,1276,1008450,790,518,253,976,915.37,115.82
桃園市,中壢區,自治里,1344,1180603,878,552,277,1131,1030.25,117.28
桃園市,中壢區,健行里,1654,1478676,894,613,284,1158,936.76,104.78
桃園市,中壢區,興平里,842,768166,912,615,303,1149,1004.54,110.11
桃園市,中壢區,中興里,1430,1126437,788,538,274,991,855.07,108.55
桃園市,中壢區,龍慈里,1926,1531726,795,540,272,1013,987.47,124.17
桃園市,中壢區,自信里,2248,1990445,885,576,285,1162,964.92,108.98
桃園市,中壢區,林森里,1424,1133498,796,515,245,989,915.16,114.97
桃園市,中壢區,金華里,1853,3385870,1827,838,345,1881,13990.68,765.67
桃園市,中壢區,青溪里,1686,2709886,1607,1033,455,2208,1759.90,109.49
桃園市,中壢區,興華里,2357,2191980,930,646,315,1207,1051.52,113.07
桃園市,中壢區,興福里,1410,1134278,804,499,257,977,1133.60,140.92
桃園市,楊梅區,楊梅里,1532,1394821,910,548,274,1060,3112.41,341.85
桃園市,楊梅區,楊江里,350,284203,812,557,294,999,845.98,104.18
桃園市,楊梅區,紅梅里,885,661106,747,498,240,965,858.68,114.95
桃園市,楊梅區,水美里,1452,1020637,703,462,237,846,850.31,120.97
桃園市,楊梅區,上田里,1112,701985,631,439,251,803,649.83,102.94
桃園市,楊梅區,東流里,1049,636507,607,422,235,727,757.06,124.77
桃園市,楊梅區,大平里,1072,746957,697,480,244,828,1565.34,224.65
桃園市,楊梅區,永寧里,2950,2619407,888,553,281,1075,1389.17,156.45
桃園市,楊梅區,瑞原里,1278,717165,561,417,235,703,551.63,98.30
桃園市,楊梅區,員本里,1053,707128,672,489,266,823,789.58,117.58
桃園市,楊梅區,富岡里,593,409064,690,456,225,872,784.37,113.71
桃園市,楊梅區,豐野里,1387,928160,669,470,251,839,703.32,105.10
桃園市,楊梅區,上湖里,2360,1617416,685,482,258,853,798.32,116.48
桃園市,楊梅區,三湖里,1122,719772,642,455,248,794,703.18,109.61
桃園市,楊梅區,梅溪里,1772,1415223,799,529,274,991,893.31,111.85
桃園市,楊梅區,瑞塘里,2331,1898200,814,533,276,1002,1030.42,126.54
桃園市,楊梅區,埔心里,476,337678,709,512,287,855,742.30,104.64
桃園市,楊梅區,高山里,1507,1027618,682,473,250,864,735.80,107.91
桃園市,楊梅區,高榮里,1300,975290,750,474,245,835,1056.75,140.86
桃園市,楊梅區,金龍里,759,552204,728,550,282,918,757.43,104.11
桃園市,楊梅區,四維里,2057,2138326,1040,625,305,1285,1352.05,130.06
桃園市,楊梅區,梅新里,722,589872,817,513,278,952,1374.03,168.18
桃園市,楊梅區,仁美里,1341,887225,662,461,242,784,791.81,119.68
桃園市,楊梅區,光華里,1094,714837,653,437,236,809,764.06,116.93
桃園市,楊梅區,大同里,1411,1088530,771,524,282,942,867.26,112.42
桃園市,楊梅區,中山里,1259,1005286,798,536,272,952,898.47,112.52
桃園市,楊梅區,楊明里,3556,3105259,873,606,315,1096,956.36,109.52
桃園市,楊梅區,金溪里,1791,2137714,1194,657,321,1389,1756.60,147.17
桃園市,楊梅區,裕成里,1284,1183568,922,523,273,985,1879.19,203.86
桃園市,楊梅區,秀才里,1243,764688,615,450,249,751,644.12,104.70
桃園市,楊梅區,青山里,1753,1063814,607,439,230,761,623.68,102.77
桃園市,楊梅區,新榮里,1260,999969,794,497,265,944,949.92,119.69
桃園市,楊梅區,雙榮里,1240,1098096,886,570,292,1077,1076.33,121.54
桃園市,楊梅區,瑞坪里,2481,1885154,760,526,273,951,803.11,105.70
桃園市,楊梅區,永平里,788,523154,664,431,217,771,1418.28,213.63
桃園市,楊梅區,瑞溪里,1563,1293425,828,566,292,1072,861.27,104.08
桃園市,楊梅區,高上里,1028,636785,619,433,236,761,661.40,106.77
桃園市,楊梅區,富豐里,1108,704888,636,441,236,791,686.99,107.99
桃園市,楊梅區,裕新里,931,621601,668,417,224,836,838.62,125.60
桃園市,楊梅區,三民里,1344,1001937,745,475,241,925,966.50,129.65
桃園市,楊梅區,頭湖里,1099,685149,623,424,233,800,679.97,109.07
桃園市,蘆竹區,新興里,1043,820869,787,483,261,927,1173.02,149.04
桃園市,蘆竹區,中福里,1524,1255419,824,533,263,963,1273.31,154.57
桃園市,蘆竹區,新莊里,1994,1620589,813,570,281,1037,946.17,116.42
桃園市,蘆竹區,大竹里,2300,2012897,875,596,314,1075,1102.37,125.96
桃園市,蘆竹區,蘆竹里,1412,1197801,848,516,261,1006,1359.74,160.29
桃園市,蘆竹區,南崁里,1547,1742327,1126,660,306,1345,1518.21,134.80
桃園市,蘆竹區,錦興里,1669,1555765,932,547,282,1114,1230.22,131.98
桃園市,蘆竹區,五福里,1003,932294,930,557,283,1069,1742.36,187.45
桃園市,蘆竹區,內厝里,770,687304,893,553,264,1091,1168.71,130.93
桃園市,蘆竹區,山鼻里,963,753260,782,496,258,893,1420.46,181.60
桃園市,蘆竹區,坑子里,516,320714,622,440,247,758,660.57,106.28
桃園市,蘆竹區,外社里,494,340145,689,467,238,840,875.19,127.11
桃園市,蘆竹區,山腳里,1239,817806,660,440,231,808,740.41,112.17
桃園市,蘆竹區,坑口里,748,551097,737,460,252,845,980.58,133.09
桃園市,蘆竹區,海湖里,1075,647667,602,431,224,734,809.70,134.39
桃園市,蘆竹區,富竹里,599,468441,782,581,292,999,782.50,100.06
桃園市,蘆竹區,上竹里,1392,1182276,849,517,264,1007,1114.60,131.23
桃園市,蘆竹區,宏竹里,1102,753627,684,443,241,898,748.43,109.44
桃園市,蘆竹區,南榮里,1526,1690730,1108,633,302,1274,1745.14,157.51
桃園市,蘆竹區,南興里,2329,2833331,1217,800,349,1583,1339.36,110.10
桃園市,蘆竹區,長興里,946,634206,670,432,240,808,867.38,129.38
桃園市,蘆竹區,錦中里,1306,1380428,1057,609,281,1270,1731.30,163.80
桃園市,蘆竹區,瓦窯里,1395,1128290,809,525,262,1009,923.95,114.24
桃園市,蘆竹區,營盤里,2117,2141709,1012,630,288,1255,1385.10,136.91
桃園市,蘆竹區,羊稠里,2015,2892299,1435,872,414,1799,1829.49,127.46
桃園市,蘆竹區,順興里,1861,2278803,1225,848,374,1660,1244.00,101.59
桃園市,蘆竹區,福昌里,2156,2240707,1039,703,337,1343,1110.30,106.83
桃園市,蘆竹區,福興里,1554,1740475,1120,780,332,1411,1294.15,115.55
桃園市,蘆竹區,蘆興里,596,618638,1038,595,296,1257,1397.54,134.64
桃園市,蘆竹區,長壽里,2301,2302298,1001,617,298,1282,1484.04,148.32
桃園市,蘆竹區,吉祥里,1661,2582205,1555,932,380,1974,2074.91,133.47
桃園市,蘆竹區,中山里,1501,1387950,925,649,299,1119,1062.51,114.91
桃園市,蘆竹區,福祿里,1389,1273297,917,612,297,1202,982.72,107.20
桃園市,蘆竹區,興榮里,1200,1180549,984,613,294,1320,1128.87,114.75
桃園市,蘆竹區,中興里,2405,2249079,935,662,319,1188,988.20,105.67
桃園市,蘆竹區,上興里,1528,1526276,999,643,311,1236,1197.03,119.84
桃園市,蘆竹區,營福里,1369,1229678,898,593,286,1157,1073.77,119.54
桃園市,蘆竹區,正興里,1781,1459690,820,584,269,1033,916.88,111.87
桃園市,蘆竹區,濱海里,781,480071,615,432,239,763,681.57,110.88
桃園市,大園區,大園里,2048,1516222,740,470,237,893,964.60,130.29
桃園市,大園區,田心里,2727,2109492,774,528,285,946,943.85,122.01
桃園市,大園區,溪海里,1655,1031193,623,440,228,759,715.29,114.80
桃園市,大園區,和平里,504,331542,658,464,244,751,891.19,135.48
桃園市,大園區,橫峰里,1626,1099363,676,472,259,831,725.62,107.32
桃園市,大園區,五權里,1995,1521361,763,537,266,945,835.40,109.55
桃園市,大園區,埔心里,1644,1088936,662,476,236,826,737.76,111.38
桃園市,大園區,大海里,227,183204,807,526,254,815,1188.66,147.28
桃園市,大園區,三石里,1020,698958,685,491,260,853,671.70,98.02
桃園市,大園區,菓林里,2618,1836476,701,507,270,899,711.91,101.49
桃園市,大園區,竹圍里,363,237719,655,464,255,828,633.65,96.76
桃園市,大園區,海口里,335,236791,707,479,248,900,773.03,109.36
桃園市,大園區,沙崙里,428,258341,604,430,211,791,626.89,103.86
桃園市,大園區,後厝里,277,215073,776,480,267,962,881.10,113.48
桃園市,大園區,圳頭里,691,471577,682,456,249,787,925.26,135.58
桃園市,大園區,內海里,791,493034,623,446,221,761,700.49,112.38
桃園市,大園區,北港里,1088,589440,542,379,207,674,600.50,110.84
桃園市,大園區,南港里,2952,2002319,678,516,272,880,633.87,93.45
桃園市,大園區,青峰里,1981,2523519,1274,868,376,1647,1452.35,114.01
桃園市,大園區,青山里,1743,2681176,1538,969,445,2030,1823.06,118.51
桃園市,龜山區,龜山里,2402,1855356,772,476,238,926,1096.83,142.00
桃園市,龜山區,新路里,1735,1207430,696,472,242,847,799.36,114.86
桃園市,龜山區,山頂里,1862,1337357,718,490,248,889,835.43,116.32
桃園市,龜山區,兔坑里,1448,735269,508,366,210,612,571.06,112.46
桃園市,龜山區,舊路里,847,575326,679,440,220,803,854.77,125.84
桃園市,龜山區,嶺頂里,1364,862051,632,414,215,753,773.19,122.34
桃園市,龜山區,龍壽里,550,313964,571,376,199,703,661.58,115.89
桃園市,龜山區,楓樹里,1506,1162287,772,505,266,934,911.19,118.07
桃園市,龜山區,大崗里,1702,1372477,806,542,275,1010,906.51,112.42
桃園市,龜山區,公西里,467,426734,914,543,238,1154,1136.26,124.35
桃園市,龜山區,樂善里,6341,6034791,952,721,376,1265,845.31,88.82
桃園市,龜山區,南上里,704,509191,723,496,249,916,765.77,105.87
桃園市,龜山區,大坑里,668,399904,599,400,212,761,623.29,104.11
桃園市,龜山區,陸光里,1203,891000,741,460,239,918,868.60,117.28
桃園市,龜山區,精忠里,2055,1661273,808,550,267,1008,924.39,114.35
桃園市,龜山區,山福里,1127,788649,700,454,236,865,801.21,114.50
桃園市,龜山區,山德里,1558,1143618,734,458,244,861,861.71,117.39
桃園市,龜山區,中興里,1589,1281237,806,482,243,973,1134.57,140.71
桃園市,龜山區,大同里,2191,1620007,739,475,234,875,950.58,128.56
桃園市,龜山區,文化里,3563,4579140,1285,766,348,1560,1669.71,129.92
桃園市,龜山區,南美里,928,717671,773,545,253,956,837.46,108.29
桃園市,龜山區,幸福里,1484,744057,501,366,202,634,529.49,105.61
桃園市,龜山區,福源里,636,387457,609,430,225,757,824.61,135.36
桃園市,龜山區,龍華里,1218,706203,580,407,199,743,633.58,109.27
桃園市,龜山區,迴龍里,2165,1517582,701,448,223,852,895.85,127.80
桃園市,龜山區,新嶺里,1268,693711,547,395,205,691,603.73,110.35
桃園市,龜山區,大湖里,2613,2774039,1062,676,313,1349,1213.97,114.35
桃園市,龜山區,大華里,3805,3880381,1020,651,319,1299,1204.70,118.13
桃園市,龜山區,長庚里,2857,3636582,1273,946,565,1523,1403.11,110.23
桃園市,龜山區,新興里,803,587615,732,513,249,929,762.62,104.22
桃園市,龜山區,文青里,4486,4306621,960,692,332,1296,941.22,98.04
桃園市,龜山區,楓福里,1416,1307280,923,604,300,1188,1031.78,111.76
桃園市,八德區,興仁里,1467,1370048,934,589,292,1117,1191.08,127.54
桃園市,八德區,福興里,2066,1690445,818,581,294,1014,883.73,108.01
桃園市,八德區,瑞豐里,2381,1941539,815,605,289,1060,817.49,100.25
桃園市,八德區,廣興里,997,634447,636,439,233,806,664.14,104.37
桃園市,八德區,竹園里,1164,715987,615,429,231,740,688.13,111.87
桃園市,八德區,霄裡里,697,418575,601,425,225,770,792.05,131.89
桃園市,八德區,茄苳里,932,570217,612,410,228,736,680.19,111.18
桃園市,八德區,白鷺里,949,667921,704,438,257,831,851.26,120.95
桃園市,八德區,大湳里,1465,1164346,795,516,258,972,874.38,110.02
桃園市,八德區,大安里,1262,847875,672,463,240,826,788.02,117.29
桃園市,八德區,大興里,1534,1373086,895,569,286,1151,1015.59,113.46
桃園市,八德區,大福里,2026,1694159,836,525,258,1076,974.25,116.51
桃園市,八德區,大同里,427,278163,651,416,212,823,848.47,130.25
桃園市,八德區,大忠里,578,383587,664,452,227,832,718.29,108.23
桃園市,八德區,大勇里,1594,1555561,976,541,265,1118,1575.77,161.47
桃園市,八德區,大義里,1264,953035,754,462,251,875,1073.56,142.39
桃園市,八德區,大成里,1043,703483,674,430,222,812,837.35,124.15
桃園市,八德區,瑞發里,1008,615831,611,434,222,764,696.73,114.04
桃園市,八德區,瑞祥里,1051,661805,630,497,258,841,543.01,86.23
桃園市,八德區,瑞德里,1064,612215,575,414,214,720,572.94,99.57
桃園市,八德區,廣隆里,1704,1403081,823,520,256,1049,928.66,112.78
桃園市,八德區,高明里,1300,834950,642,439,235,799,707.43,110.15
桃園市,八德區,大和里,2832,2409051,851,542,266,1063,1006.58,118.33
桃園市,八德區,大信里,936,542572,580,403,209,694,762.98,131.62
桃園市,八德區,大華里,886,635776,718,479,257,912,834.31,116.27
桃園市,八德區,大仁里,1495,1002476,671,444,227,828,816.39,121.75
桃園市,八德區,大智里,1693,1854446,1095,581,286,1289,1513.67,138.19
桃園市,八德區,瑞泰里,1426,981914,689,453,232,838,890.79,129.37
桃園市,八德區,大昌里,942,563533,598,413,206,771,653.91,109.31
桃園市,八德區,大正里,1814,1547884,853,596,311,1063,920.52,107.88
桃園市,八德區,大強里,1142,753429,660,461,250,815,667.54,101.18
桃園市,八德區,大發里,684,473906,693,469,252,843,816.21,117.81
桃園市,八德區,大明里,1317,944335,717,445,228,892,850.48,118.61
桃園市,八德區,大竹里,516,318509,617,445,227,779,693.44,112.34
桃園市,八德區,大慶里,387,262597,679,470,229,873,803.08,118.35
桃園市,八德區,大千里,801,522460,652,464,221,846,744.71,114.17
桃園市,八德區,大榮里,620,384125,620,407,203,739,776.71,125.37
桃園市,八德區,茄明里,1884,1339999,711,494,248,911,831.42,116.90
桃園市,八德區,高城里,1119,830605,742,520,280,919,826.64,111.37
桃園市,八德區,瑞興里,1027,757906,738,505,249,889,852.77,115.55
桃園市,八德區,大愛里,888,735066,828,542,268,1085,933.39,112.76
桃園市,八德區,大宏里,2120,2258412,1065,672,322,1361,1243.29,116.71
桃園市,八德區,大漢里,1591,1050241,660,451,233,822,740.26,112.14
桃園市,八德區,廣德里,995,730199,734,487,256,928,807.52,110.04
桃園市,八德區,龍友里,614,381104,621,414,209,750,934.61,150.58
桃園市,八德區,陸光里,1313,936866,714,422,212,804,3536.52,495.64
桃園市,八德區,永豐里,1123,846991,754,508,254,906,907.31,120.30
桃園市,八德區,大順里,760,487685,642,439,249,775,926.87,144.44
桃園市,八德區,福元里,1721,1393782,810,569,279,1013,931.47,115.01
桃園市,八德區,福德里,1108,898692,811,530,279,1049,1007.12,124.17
桃園市,八德區,興中里,1898,1597399,842,577,301,1048,888.23,105.54
桃園市,龍潭區,黃唐里,1606,1104798,688,473,232,851,861.78,125.27
桃園市,龍潭區,烏林里,1748,1312192,751,494,257,907,2047.21,272.71
桃園市,龍潭區,八德里,1444,937101,649,446,255,790,692.10,106.65
桃園市,龍潭區,上林里,1504,1110666,738,493,238,896,1332.78,180.48
桃園市,龍潭區,龍潭里,588,463815,789,480,241,958,1016.65,128.88
桃園市,龍潭區,九龍里,1308,904441,691,452,237,815,889.55,128.65
桃園市,龍潭區,佳安里,1356,1251470,923,698,330,1264,943.07,102.18
桃園市,龍潭區,三坑里,443,351016,792,477,241,969,1109.44,140.02
桃園市,龍潭區,大平里,965,904386,937,540,238,1107,1362.39,145.37
桃園市,龍潭區,三林里,1198,1081115,902,587,276,1137,1261.57,139.80
桃園市,龍潭區,高平里,1052,688143,654,434,237,791,820.79,125.48
桃園市,龍潭區,高原里,1469,972498,662,448,240,761,903.82,136.53
桃園市,龍潭區,三和里,223,144625,649,429,222,809,674.87,104.06
桃園市,龍潭區,三水里,175,107820,616,430,219,784,616.04,99.99
桃園市,龍潭區,中興里,1443,1048626,727,461,242,844,997.22,137.23
桃園市,龍潭區,中正里,2164,2116632,978,635,301,1242,1493.93,152.74
桃園市,龍潭區,中山里,2335,2311493,990,618,305,1215,1210.29,122.26
桃園市,龍潭區,凌雲里,1246,761248,611,440,246,768,622.16,101.83
桃園市,龍潭區,永興里,846,532445,629,422,229,747,794.22,126.19
桃園市,龍潭區,烏樹林里,953,640198,672,462,261,810,745.00,110.90
桃園市,龍潭區,百年里,1674,1683982,1006,568,288,1169,3480.96,346.03
桃園市,龍潭區,龍祥里,1175,853079,726,479,250,888,892.81,122.97
桃園市,龍潭區,聖德里,992,583613,588,420,233,707,727.11,123.59
桃園市,龍潭區,龍星里,1537,1322327,860,539,271,1098,1073.04,124.72
桃園市,龍潭區,上華里,1138,917891,807,522,259,979,1268.12,157.22
桃園市,龍潭區,武漢里,461,326027,707,511,255,836,988.14,139.72
桃園市,龍潭區,東興里,1284,1060198,826,603,288,1108,802.50,97.19
桃園市,龍潭區,北興里,688,372083,541,399,218,646,650.36,120.25
桃園市,龍潭區,建林里,1305,1125132,862,577,301,1088,1146.76,133.01
桃園市,龍潭區,富林里,1127,921753,818,553,274,1059,907.71,110.98
桃園市,龍潭區,祥和里,671,452230,674,513,271,889,674.92,100.14
桃園市,龍潭區,渴望里,996,1781521,1789,955,401,2077,4242.43,237.18
桃園市,平鎮區,忠貞里,597,589074,987,664,343,1292,999.82,101.33
桃園市,平鎮區,東社里,1031,583509,566,401,216,719,569.33,100.60
桃園市,平鎮區,東勢里,1932,1274999,660,456,228,809,796.73,120.73
桃園市,平鎮區,山峰里,706,437091,619,433,238,733,685.23,110.68
桃園市,平鎮區,平鎮里,1603,1139045,711,476,241,862,833.39,117.28
桃園市,平鎮區,北勢里,857,750898,876,557,285,1089,969.23,110.62
桃園市,平鎮區,南勢里,2232,1816404,814,531,282,993,1007.98,123.86
桃園市,平鎮區,宋屋里,1683,1292356,768,498,254,936,942.58,122.75
桃園市,平鎮區,高雙里,1677,1696639,1012,624,302,1229,1209.03,119.50
桃園市,平鎮區,復旦里,2245,2393595,1066,636,305,1275,1456.44,136.60
桃園市,平鎮區,新勢里,1260,982677,780,521,253,969,930.96,119.37
桃園市,平鎮區,建安里,1504,960826,639,454,226,808,703.43,110.11
桃園市,平鎮區,中正里,591,495460,838,559,266,1072,1035.87,123.56
桃園市,平鎮區,貿易里,721,600778,833,571,288,1112,851.32,102.17
桃園市,平鎮區,湧光里,1698,1092633,643,430,226,789,855.57,132.96
桃園市,平鎮區,義民里,2051,1809675,882,521,271,1069,1137.47,128.92
桃園市,平鎮區,雙連里,1668,1283028,769,494,253,927,1016.00,132.08
桃園市,平鎮區,東安里,909,546481,601,426,230,744,648.22,107.82
桃園市,平鎮區,龍恩里,878,518073,590,446,241,743,582.05,98.64
桃園市,平鎮區,龍興里,756,500778,662,440,230,827,1007.58,152.11
桃園市,平鎮區,廣興里,2049,1839179,898,558,272,1121,1087.38,121.14
桃園市,平鎮區,莊敬里,1710,1224415,716,475,245,863,893.82,124.83
桃園市,平鎮區,新富里,2274,2133740,938,600,286,1191,1311.05,139.72
桃園市,平鎮區,北興里,1298,867384,668,487,240,857,662.19,99.09
桃園市,平鎮區,北貴里,1422,1006985,708,472,253,883,773.40,109.22
桃園市,平鎮區,新安里,1513,908044,600,470,247,746,575.84,95.95
桃園市,平鎮區,鎮興里,1028,682648,664,458,248,799,769.50,115.88
桃園市,平鎮區,義興里,2578,2140157,830,535,253,1013,1215.52,146.42
桃園市,平鎮區,湧豐里,621,452114,728,452,255,819,904.58,124.25
桃園市,平鎮區,湧安里,1628,958282,589,456,234,777,548.99,93.27
桃園市,平鎮區,廣達里,1554,1375935,885,575,278,1136,1029.03,116.22
桃園市,平鎮區,福林里,1263,983048,778,504,242,974,1047.37,134.56
桃園市,平鎮區,金星里,2750,2212495,805,578,296,1038,838.14,104.18
桃園市,平鎮區,廣仁里,1407,875156,622,430,220,747,758.87,122.00
桃園市,平鎮區,新貴里,1096,796602,727,464,249,870,822.30,113.14
桃園市,平鎮區,北富里,1395,1097091,786,504,276,987,965.45,122.76
桃園市,平鎮區,新榮里,1994,1545792,775,529,264,954,950.82,122.65
桃園市,平鎮區,華安里,1342,795011,592,432,236,736,597.70,100.89
桃園市,平鎮區,金陵里,1171,1137002,971,608,292,1245,1111.61,114.49
桃園市,平鎮區,北安里,579,556387,961,549,263,1087,1381.15,143.73
桃園市,平鎮區,北華里,1511,1544156,1022,628,303,1283,1226.36,120.00
桃園市,平鎮區,復興里,1898,1703598,898,568,280,1087,1067.86,118.97
桃園市,平鎮區,平興里,2280,2207822,968,628,303,1217,1282.46,132.44
桃園市,平鎮區,新英里,1522,1325317,871,590,295,1118,882.77,101.38
桃園市,平鎮區,平安里,2036,1588973,780,575,289,1006,762.06,97.65
桃園市,平鎮區,平南里,2708,2076372,767,525,270,976,874.21,114.01
桃園市,新屋區,新屋里,969,653159,674,463,253,850,694.37,103.01
桃園市,新屋區,新生里,1493,983683,659,478,255,828,682.01,103.51
桃園市,新屋區,後湖里,517,302365,585,431,219,757,597.37,102.14
桃園市,新屋區,清華里,1538,992794,646,442,240,777,761.01,117.89
桃園市,新屋區,石磊里,821,502610,612,457,256,758,634.68,103.67
桃園市,新屋區,東明里,505,309534,613,460,214,753,605.16,98.73
桃園市,新屋區,社子里,412,271240,658,452,247,772,802.89,121.95
桃園市,新屋區,九斗里,777,497946,641,468,243,788,791.32,123.48
桃園市,新屋區,埔頂里,873,513994,589,405,236,699,734.24,124.71
桃園市,新屋區,頭洲里,1752,1342401,766,518,272,952,873.33,113.98
桃園市,新屋區,大坡里,408,275724,676,427,227,776,869.69,128.69
桃園市,新屋區,望間里,383,250852,655,462,239,750,862.98,131.76
桃園市,新屋區,後庄里,293,204435,698,452,237,809,858.40,123.03
桃園市,新屋區,槺榔里,308,169014,549,403,211,686,550.38,100.30
桃園市,新屋區,深圳里,143,93482,654,438,251,864,792.12,121.17
桃園市,新屋區,蚵間里,274,160486,586,460,262,759,510.43,87.15
桃園市,新屋區,笨港里,270,160599,595,420,236,722,717.98,120.71
桃園市,新屋區,永興里,303,179724,593,421,246,720,640.53,107.99
桃園市,新屋區,下埔里,221,124878,565,417,199,749,541.28,95.79
桃園市,新屋區,石牌里,257,150780,587,408,222,775,624.20,106.39
桃園市,新屋區,下田里,510,285149,559,389,198,723,602.61,107.78
桃園市,新屋區,赤欄里,462,305497,661,451,249,825,837.70,126.68
桃園市,新屋區,永安里,704,414992,589,420,232,693,648.59,110.03
桃園市,觀音區,觀音里,900,549568,611,464,258,777,599.78,98.22
桃園市,觀音區,廣興里,443,253152,571,414,229,755,531.36,92.99
桃園市,觀音區,白玉里,246,151167,614,450,230,777,641.65,104.42
桃園市,觀音區,武威里,312,198544,636,440,247,780,633.15,99.49
桃園市,觀音區,大潭里,813,496334,610,452,242,739,637.38,104.40
桃園市,觀音區,保生里,732,468229,640,465,266,793,666.95,104.27
桃園市,觀音區,三和里,256,166014,648,496,256,796,716.76,110.53
桃園市,觀音區,新興里,271,186024,686,507,308,851,683.46,99.57
桃園市,觀音區,新坡里,997,639200,641,489,265,785,742.82,115.86
桃園市,觀音區,廣福里,962,622451,647,454,243,783,749.37,115.81
桃園市,觀音區,金湖里,952,565076,594,432,223,754,603.13,101.61
桃園市,觀音區,坑尾里,682,396656,582,443,238,735,626.34,107.69
桃園市,觀音區,藍埔里,946,621313,657,458,247,771,760.78,115.84
桃園市,觀音區,大堀里,571,369359,647,482,244,829,772.01,119.35
桃園市,觀音區,大同里,1104,761356,690,479,247,843,770.38,111.71
桃園市,觀音區,上大里,955,596749,625,454,254,773,655.96,104.98
桃園市,觀音區,崙坪里,1661,1102153,664,451,264,787,799.41,120.48
桃園市,觀音區,保障里,726,454248,626,437,231,746,713.98,114.11
桃園市,觀音區,草漯里,1548,991039,640,488,253,807,693.62,108.34
桃園市,觀音區,樹林里,1863,1009673,542,423,230,694,575.10,106.12
桃園市,觀音區,富林里,809,458646,567,456,248,744,538.66,95.01
桃園市,觀音區,塔腳里,332,233787,704,431,238,811,849.64,120.66
桃園市,觀音區,富源里,1628,1087805,668,492,261,852,650.74,97.39
桃園市,觀音區,草新里,2641,1772121,671,506,271,880,655.34,97.67
桃園市,復興區,長興里,106,59100,558,407,223,662,578.25,103.71
桃園市,復興區,三民里,437,249535,571,445,191,766,537.72,94.17
桃園市,復興區,澤仁里,330,185584,562,410,219,756,543.19,96.59
桃園市,復興區,霞雲里,150,60463,403,307,146,507,360.12,89.34
桃園市,復興區,義盛里,143,69486,486,345,151,693,447.95,92.19
桃園市,復興區,高義里,150,57861,386,355,216,521,290.05,75.19
桃園市,復興區,三光里,111,62085,559,482,280,744,462.69,82.72
桃園市,復興區,奎輝里,146,80773,553,429,240,750,455.47,82.33
桃園市,復興區,華陵里,215,113671,529,419,189,675,500.14,94.60
桃園市,復興區,羅浮里,257,135183,526,388,180,627,569.17,108.21
新竹縣,竹東鎮,上坪里,66,38685,586,426,256,695,593.87,101.32
新竹縣,竹東鎮,瑞峰里,96,99014,1031,546,223,982,2074.03,201.09
新竹縣,竹東鎮,軟橋里,88,70860,805,519,235,978,1133.22,140.73
新竹縣,竹東鎮,員崠里,773,581943,753,477,231,949,929.00,123.40
新竹縣,竹東鎮,上舘里,3466,3048394,880,513,256,1042,1155.05,131.33
新竹縣,竹東鎮,東寧里,1266,1154897,912,547,280,1122,1173.13,128.60
新竹縣,竹東鎮,大鄉里,1703,1577247,926,522,268,1084,1294.29,139.75
新竹縣,竹東鎮,東華里,217,186774,861,506,246,1017,1089.60,126.59
新竹縣,竹東鎮,商華里,874,621982,712,453,254,894,869.85,122.23
新竹縣,竹東鎮,竹東里,437,300991,689,460,193,869,815.57,118.41
新竹縣,竹東鎮,榮樂里,433,339001,783,540,220,1029,952.98,121.72
新竹縣,竹東鎮,鷄林里,1263,1098887,870,536,258,1068,1065.92,122.51
新竹縣,竹東鎮,五豐里,2860,2323358,812,499,259,978,1171.94,144.26
新竹縣,竹東鎮,三重里,2565,2962631,1155,649,305,1438,1543.14,133.60
新竹縣,竹東鎮,二重里,5299,8656541,1634,991,420,2167,2163.16,132.42
新竹縣,竹東鎮,柯湖里,169,132120,782,445,239,989,1013.02,129.58
新竹縣,竹東鎮,頭重里,1839,2980861,1621,761,326,1958,2856.76,176.24
新竹縣,竹東鎮,員山里,701,853653,1218,617,305,1377,1775.40,145.79
新竹縣,竹東鎮,仁愛里,1174,1053409,897,532,249,1072,1262.26,140.68
新竹縣,竹東鎮,中山里,537,405969,756,456,215,896,996.83,131.86
新竹縣,竹東鎮,中正里,1074,1240517,1155,709,340,1482,1380.96,119.56
新竹縣,竹東鎮,南華里,356,364527,1024,568,244,1298,1275.75,124.59
新竹縣,竹東鎮,榮華里,2843,2734383,962,593,277,1225,1115.80,116.01
新竹縣,竹東鎮,忠孝里,536,399814,746,473,266,884,949.67,127.31
新竹縣,竹東鎮,陸豐里,172,160469,933,604,328,1040,1237.46,132.64
新竹縣,關西鎮,東興里,134,91623,684,548,250,817,696.27,101.83
新竹縣,關西鎮,西安里,616,414472,673,441,219,852,751.48,111.69
新竹縣,關西鎮,南雄里,209,135650,649,392,202,824,777.00,119.71
新竹縣,關西鎮,北斗里,1250,942834,754,514,262,944,898.66,119.14
新竹縣,關西鎮,仁安里,298,202211,679,451,257,804,905.68,133.47
新竹縣,關西鎮,南山里,304,193139,635,450,238,727,663.01,104.36
新竹縣,關西鎮,北山里,200,142379,712,473,279,748,862.51,121.16
新竹縣,關西鎮,東安里,1286,937004,729,467,259,916,1001.65,137.47
新竹縣,關西鎮,東光里,394,313890,797,461,237,974,1367.36,171.63
新竹縣,關西鎮,新富里,126,98422,781,457,264,866,1491.61,190.96
新竹縣,關西鎮,玉山里,74,42699,577,399,208,672,683.19,118.40
新竹縣,關西鎮,錦山里,205,110856,541,376,228,636,539.46,99.76
新竹縣,關西鎮,金山里,110,60664,551,379,219,710,553.02,100.28
新竹縣,關西鎮,石光里,547,403861,738,482,250,927,848.71,114.95
新竹縣,關西鎮,大同里,217,143622,662,480,277,807,692.74,104.67
新竹縣,關西鎮,上林里,205,157037,766,474,239,894,1249.16,163.07
新竹縣,關西鎮,新力里,151,95108,630,474,318,728,606.62,96.31
新竹縣,關西鎮,南和里,258,177287,687,472,266,823,859.53,125.08
新竹縣,關西鎮,東山里,221,140271,635,466,250,693,770.85,121.45
新竹縣,關西鎮,東平里,274,171774,627,419,230,766,640.40,102.15
新竹縣,關西鎮,南新里,223,134161,602,423,233,718,642.78,106.84
新竹縣,新埔鎮,新埔里,300,287957,960,537,255,995,1497.96,156.06
新竹縣,新埔鎮,新生里,165,110451,669,490,255,795,696.95,104.11
新竹縣,新埔鎮,四座里,1140,941366,826,528,270,1004,966.70,117.07
新竹縣,新埔鎮,五埔里,639,416002,651,472,248,839,649.17,99.72
新竹縣,新埔鎮,田新里,1671,1637573,980,663,323,1328,999.96,102.04
新竹縣,新埔鎮,旱坑里,538,378238,703,465,253,807,801.10,113.95
新竹縣,新埔鎮,北平里,177,115734,654,462,242,779,855.30,130.81
新竹縣,新埔鎮,南平里,280,196131,700,439,246,788,1073.29,153.22
新竹縣,新埔鎮,上寮里,582,476074,818,508,252,969,1062.39,129.88
新竹縣,新埔鎮,下寮里,933,1118314,1199,604,288,1154,2893.60,241.41
新竹縣,新埔鎮,巨埔里,341,243847,715,478,221,921,803.92,112.42
新竹縣,新埔鎮,照門里,386,251182,651,469,244,837,828.72,127.35
新竹縣,新埔鎮,清水里,113,68919,610,451,243,733,584.63,95.86
新竹縣,新埔鎮,鹿鳴里,215,163147,759,547,265,920,926.84,122.14
新竹縣,新埔鎮,新北里,156,88093,565,367,206,648,668.01,118.29
新竹縣,新埔鎮,內立里,314,201656,642,429,235,746,726.45,113.12
新竹縣,新埔鎮,寶石里,285,214224,752,500,237,958,954.20,126.94
新竹縣,新埔鎮,新民里,341,252411,740,516,262,860,835.39,112.86
新竹縣,新埔鎮,文山里,1961,2738033,1396,688,336,1576,3170.83,227.10
新竹縣,竹北市,竹北里,4059,6543151,1612,1039,424,2143,1925.90,119.47
新竹縣,竹北市,竹仁里,3548,3747497,1056,618,295,1325,1323.63,125.32
新竹縣,竹北市,竹義里,2331,2697245,1157,653,309,1409,1465.70,126.67
新竹縣,竹北市,新社里,3064,3528169,1151,643,311,1411,1707.18,148.26
新竹縣,竹北市,新國里,2832,3853268,1361,870,384,1823,1571.64,115.51
新竹縣,竹北市,聯興里,1763,1698937,964,583,286,1166,1292.26,134.10
新竹縣,竹北市,斗崙里,3540,8708564,2460,1410,526,3109,3813.26,155.01
新竹縣,竹北市,鹿場里,5314,17464353,3286,2056,732,4239,5064.59,154.10
新竹縣,竹北市,東平里,6362,21735054,3416,2430,983,4636,3889.80,113.86
新竹縣,竹北市,中興里,4245,14066230,3314,1919,664,4360,4851.81,146.42
新竹縣,竹北市,隘口里,1847,5507280,2982,2074,726,3966,5407.75,181.36
新竹縣,竹北市,東海里,1065,971656,912,549,271,1135,1103.49,120.95
新竹縣,竹北市,十興里,3282,8093210,2466,1660,641,3167,3198.92,129.72
新竹縣,竹北市,麻園里,756,722587,956,584,295,1202,1113.55,116.50
新竹縣,竹北市,溪州里,956,1010138,1057,607,281,1204,2182.82,206.58
新竹縣,竹北市,白地里,807,600522,744,494,254,928,845.87,113.67
新竹縣,竹北市,新庄里,410,351777,858,556,255,965,1330.98,155.13
新竹縣,竹北市,新港里,414,320700,775,497,271,955,878.34,113.39
新竹縣,竹北市,大義里,595,447995,753,459,241,848,1036.76,137.70
新竹縣,竹北市,尚義里,573,433464,756,505,275,923,967.49,127.89
新竹縣,竹北市,崇義里,630,442150,702,464,236,836,952.06,135.65
新竹縣,竹北市,大眉里,723,672957,931,575,278,1090,1228.02,131.93
新竹縣,竹北市,泰和里,2567,3069580,1196,708,317,1499,1534.89,128.36
新竹縣,竹北市,北崙里,1643,2503305,1524,746,335,1696,2762.08,181.28
新竹縣,竹北市,新崙里,3144,4474542,1423,815,357,1806,1898.87,133.42
新竹縣,竹北市,福德里,1212,1118147,923,561,247,1128,1424.27,154.38
新竹縣,竹北市,興安里,1668,3608101,2163,1201,453,2748,2891.27,133.66
新竹縣,竹北市,東興里,4107,9166450,2232,1550,638,3050,2478.84,111.06
新竹縣,竹北市,北興里,3524,9266528,2630,1918,863,3568,2727.60,103.73
新竹縣,竹北市,文化里,1453,2879681,1982,960,408,2277,3161.74,159.53
新竹縣,竹北市,中崙里,3187,7850372,2463,1529,554,3313,3186.63,129.37
新竹縣,湖口鄉,長嶺村,1137,790274,695,480,260,868,774.02,111.36
新竹縣,湖口鄉,中勢村,1437,1267928,882,606,310,1139,940.34,106.57
新竹縣,湖口鄉,孝勢村,440,340653,774,496,238,940,942.48,121.73
新竹縣,湖口鄉,仁勢村,282,204957,727,434,245,899,862.06,118.61
新竹縣,湖口鄉,愛勢村,1476,1102983,747,511,275,943,955.65,127.88
新竹縣,湖口鄉,信勢村,1961,1568313,800,541,290,1029,887.58,110.98
新竹縣,湖口鄉,和興村,1048,711256,679,476,251,822,766.38,112.92
新竹縣,湖口鄉,德盛村,1966,1414017,719,521,281,924,728.20,101.25
新竹縣,湖口鄉,波羅村,868,592207,682,473,264,857,733.14,107.46
新竹縣,湖口鄉,鳳山村,1263,830933,658,472,258,827,689.58,104.81
新竹縣,湖口鄉,鳳凰村,2113,1432626,678,483,266,847,727.43,107.29
新竹縣,湖口鄉,湖口村,1016,703122,692,475,252,817,892.48,128.96
新竹縣,湖口鄉,湖鏡村,948,719503,759,519,274,962,776.88,102.36
新竹縣,湖口鄉,湖南村,532,342019,643,450,251,777,730.81,113.68
新竹縣,湖口鄉,長安村,328,198710,606,423,247,729,790.79,130.53
新竹縣,湖口鄉,中興村,2609,1793782,688,525,286,877,656.25,95.45
新竹縣,湖口鄉,信義村,1774,1581769,892,592,313,1052,1082.64,121.42
新竹縣,湖口鄉,中正村,1677,1781985,1063,722,349,1333,1162.33,109.39
新竹縣,湖口鄉,東興村,1965,1493464,760,532,282,913,1072.79,141.15
新竹縣,湖口鄉,勝利村,1673,1118887,669,493,271,819,668.99,100.03
新竹縣,橫山鄉,橫山村,1047,738492,705,474,259,843,923.33,130.91
新竹縣,橫山鄉,內灣村,219,114187,521,380,173,637,569.55,109.23
新竹縣,橫山鄉,新興村,462,346255,749,541,269,948,815.97,108.87
新竹縣,橫山鄉,田寮村,248,180490,728,479,232,823,1026.09,140.99
新竹縣,橫山鄉,福興村,107,65045,608,373,193,752,727.93,119.75
新竹縣,橫山鄉,沙坑村,240,136811,570,389,181,699,690.39,121.11
新竹縣,橫山鄉,南昌村,34,25116,739,395,283,869,887.01,120.08
新竹縣,橫山鄉,力行村,193,128618,666,482,244,904,755.21,113.32
新竹縣,橫山鄉,大肚村,585,362433,620,413,215,773,674.70,108.90
新竹縣,橫山鄉,豐鄉村,50,34935,699,390,198,686,1067.84,152.83
新竹縣,橫山鄉,豐田村,84,44443,529,464,232,684,436.29,82.46
新竹縣,新豐鄉,重興村,2052,1463229,713,496,272,917,743.49,104.27
新竹縣,新豐鄉,新豐村,660,374250,567,449,219,736,519.12,91.55
新竹縣,新豐鄉,埔和村,917,572882,625,447,250,762,746.18,119.44
新竹縣,新豐鄉,員山村,1268,1196822,944,592,309,1117,1410.28,149.42
新竹縣,新豐鄉,後湖村,570,346436,608,447,244,759,641.10,105.48
新竹縣,新豐鄉,鳳坑村,348,219565,631,415,236,756,785.95,124.57
新竹縣,新豐鄉,中崙村,1278,882644,691,477,264,821,966.00,139.87
新竹縣,新豐鄉,青埔村,684,448359,655,487,274,799,828.63,126.41
新竹縣,新豐鄉,上坑村,618,396522,642,486,255,803,612.07,95.39
新竹縣,新豐鄉,坡頭村,228,129782,569,375,186,655,755.29,132.69
新竹縣,新豐鄉,福興村,366,231427,632,421,252,830,677.98,107.22
新竹縣,新豐鄉,松林村,1804,1841495,1021,638,315,1272,1339.75,131.25
新竹縣,新豐鄉,瑞興村,614,431744,703,468,257,874,791.36,112.54
新竹縣,新豐鄉,忠孝村,1475,1331357,903,591,283,1142,1099.17,121.78
新竹縣,新豐鄉,山崎村,1774,1567399,884,614,325,1086,951.82,107.73
新竹縣,新豐鄉,松柏村,2982,3289120,1103,801,370,1427,1116.64,101.24
新竹縣,新豐鄉,崎頂村,973,721324,741,494,267,891,868.55,117.16
新竹縣,芎林鄉,華龍村,105,74752,712,506,313,914,776.16,109.02
新竹縣,芎林鄉,五龍村,146,93648,641,464,252,747,587.21,91.55
新竹縣,芎林鄉,秀湖村,325,259171,797,468,252,897,1123.77,140.92
新竹縣,芎林鄉,永興村,150,103499,690,404,232,803,858.71,124.45
新竹縣,芎林鄉,石潭村,836,707686,847,504,253,934,2022.66,238.94
新竹縣,芎林鄉,新鳳村,459,371695,810,530,263,915,1222.61,150.98
新竹縣,芎林鄉,中坑村,165,106402,645,480,240,713,857.27,132.94
新竹縣,芎林鄉,水坑村,203,132321,652,466,255,811,639.85,98.16
新竹縣,芎林鄉,文林村,818,689574,843,521,261,987,1170.14,138.81
新竹縣,芎林鄉,芎林村,531,483699,911,553,267,1145,1284.64,141.03
新竹縣,芎林鄉,上山村,2232,3064370,1373,739,356,1736,1872.28,136.37
新竹縣,芎林鄉,下山村,448,528315,1179,724,325,1506,1386.53,117.57
新竹縣,寶山鄉,新城村,339,235120,694,451,223,842,842.17,121.43
新竹縣,寶山鄉,寶山村,375,737620,1967,952,390,2391,3763.05,191.31
新竹縣,寶山鄉,雙溪村,1133,1424098,1257,653,328,1458,2022.33,160.89
新竹縣,寶山鄉,深井村,223,154601,693,487,271,868,712.11,102.72
新竹縣,寶山鄉,三峰村,336,1132531,3371,664,311,2704,11086.35,328.91
新竹縣,寶山鄉,寶斗村,221,150387,680,448,232,859,748.96,110.06
新竹縣,寶山鄉,大崎村,827,1798257,2174,1081,401,2639,3158.50,145.26
新竹縣,寶山鄉,油田村,149,97356,653,490,254,755,653.22,99.97
新竹縣,寶山鄉,山湖村,190,250895,1321,585,239,1413,2233.18,169.12
新竹縣,寶山鄉,雙新村,1102,1394014,1265,626,272,1372,2065.85,163.31
新竹縣,北埔鄉,水磜村,211,145595,690,492,231,838,839.27,121.63
新竹縣,北埔鄉,南興村,343,230869,673,443,223,862,761.22,113.09
新竹縣,北埔鄉,大湖村,134,83956,627,466,272,783,568.00,90.66
新竹縣,北埔鄉,埔尾村,825,580228,703,497,258,908,751.38,106.84
新竹縣,北埔鄉,南坑村,71,41302,582,422,191,659,799.93,137.51
新竹縣,北埔鄉,北埔村,324,231020,713,415,214,849,834.33,117.01
新竹縣,北埔鄉,南埔村,112,78041,697,456,249,872,802.83,115.22
新竹縣,北埔鄉,大林村,226,146478,648,423,235,765,1032.00,159.23
新竹縣,北埔鄉,外坪村,62,43395,700,482,265,688,912.78,130.41
新竹縣,峨眉鄉,峨眉村,233,185867,798,499,251,922,985.50,123.54
新竹縣,峨眉鄉,富興村,359,258117,719,468,267,851,812.61,113.02
新竹縣,峨眉鄉,中盛村,206,145817,708,492,268,823,1003.41,141.75
新竹縣,峨眉鄉,石井村,141,80994,574,430,193,727,602.61,104.91
新竹縣,峨眉鄉,七星村,138,105879,767,484,283,916,957.18,124.76
新竹縣,峨眉鄉,湖光村,219,136506,623,402,224,703,787.16,126.29
新竹縣,尖石鄉,新樂村,205,110431,539,414,251,682,480.18,89.14
新竹縣,尖石鄉,嘉樂村,146,94936,650,466,252,888,610.65,93.91
新竹縣,尖石鄉,義興村,109,51193,470,339,193,682,426.76,90.86
新竹縣,尖石鄉,梅花村,89,46205,519,388,188,684,487.98,94.00
新竹縣,尖石鄉,錦屏村,190,107067,564,356,196,591,962.93,170.88
新竹縣,尖石鄉,玉峰村,238,117009,492,376,213,581,458.09,93.18
新竹縣,尖石鄉,秀巒村,246,127628,519,392,235,691,494.32,95.28
新竹縣,五峰鄉,大隘村,250,117569,470,374,229,547,433.14,92.10
新竹縣,五峰鄉,桃山村,224,116179,519,398,211,600,563.57,108.66
新竹縣,五峰鄉,花園村,114,53149,466,363,176,582,463.73,99.47
新竹縣,五峰鄉,竹林村,57,26791,470,364,190,549,439.39,93.49
苗栗縣,苗栗市,中苗里,435,353053,812,535,239,1085,1045.37,128.80
苗栗縣,苗栗市,青苗里,369,292575,793,509,221,960,979.59,123.55
苗栗縣,苗栗市,玉苗里,240,155981,650,402,215,850,715.42,110.08
苗栗縣,苗栗市,綠苗里,219,138196,631,409,214,769,771.59,122.27
苗栗縣,苗栗市,高苗里,1124,949838,845,504,249,1004,2009.15,237.75
苗栗縣,苗栗市,恭敬里,430,348703,811,561,274,1053,831.90,102.59
苗栗縣,苗栗市,新苗里,284,190527,671,427,237,859,737.93,110.00
苗栗縣,苗栗市,勝利里,1305,978608,750,516,260,997,762.49,101.68
苗栗縣,苗栗市,維祥里,1172,890727,760,498,241,969,858.57,112.97
苗栗縣,苗栗市,玉清里,775,571269,737,542,274,996,736.78,99.95
苗栗縣,苗栗市,嘉盛里,1246,934778,750,535,250,959,809.31,107.88
苗栗縣,苗栗市,福星里,1589,1223460,770,553,257,1045,740.82,96.22
苗栗縣,苗栗市,北苗里,1986,1646829,829,566,284,1114,891.88,107.56
苗栗縣,苗栗市,上苗里,592,478561,808,543,252,1015,1034.34,127.95
苗栗縣,苗栗市,福麗里,1929,1558512,808,537,269,1046,970.80,120.16
苗栗縣,苗栗市,新川里,352,303223,861,462,261,944,2227.61,258.59
苗栗縣,苗栗市,新英里,515,326892,635,446,217,809,675.82,106.47
苗栗縣,苗栗市,清華里,1122,825337,736,525,246,1004,747.37,101.60
苗栗縣,苗栗市,水源里,853,560570,657,445,227,864,708.62,107.83
苗栗縣,苗栗市,文山里,1757,1591816,906,652,309,1138,1205.08,133.01
苗栗縣,苗栗市,建功里,1476,1152809,781,516,251,1006,909.26,116.42
苗栗縣,苗栗市,大同里,145,92218,636,395,176,744,1032.14,162.29
苗栗縣,苗栗市,玉華里,1250,1006690,805,546,280,1071,872.82,108.38
苗栗縣,苗栗市,維新里,1172,876741,748,514,261,962,783.39,104.72
苗栗縣,苗栗市,福安里,1333,972627,730,532,257,957,876.46,120.12
苗栗縣,苗栗市,嘉新里,981,754858,769,536,272,1016,789.91,102.66
苗栗縣,苗栗市,南勢里,587,336096,573,431,232,734,536.93,93.78
苗栗縣,苗栗市,文聖里,1320,1026095,777,544,272,1081,758.59,97.59
苗栗縣,苑裡鎮,苑東里,693,498651,720,446,199,883,915.72,127.26
苗栗縣,苑裡鎮,西平里,487,279006,573,384,203,685,779.09,135.99
苗栗縣,苑裡鎮,苑南里,413,309062,748,509,245,944,839.16,112.14
苗栗縣,苑裡鎮,苑北里,252,159677,634,423,222,845,925.84,146.11
苗栗縣,苑裡鎮,西勢里,681,412754,606,416,219,751,708.32,116.87
苗栗縣,苑裡鎮,海岸里,294,143192,487,385,192,614,456.40,93.71
苗栗縣,苑裡鎮,客庄里,1421,1078332,759,478,230,926,927.01,122.16
苗栗縣,苑裡鎮,苑坑里,265,153209,578,346,200,670,777.15,134.42
苗栗縣,苑裡鎮,水坡里,168,103498,616,389,198,800,632.87,102.73
苗栗縣,苑裡鎮,山脚里,369,212531,576,385,190,734,706.22,122.62
苗栗縣,苑裡鎮,舊社里,573,327854,572,388,193,706,740.12,129.35
苗栗縣,苑裡鎮,福田里,373,238172,639,448,231,724,976.99,153.01
苗栗縣,苑裡鎮,石鎮里,142,89700,632,416,219,731,765.70,121.21
苗栗縣,苑裡鎮,蕉埔里,193,118243,613,387,219,820,729.41,119.06
苗栗縣,苑裡鎮,社苓里,789,441667,560,376,194,708,644.07,115.06
苗栗縣,苑裡鎮,泰田里,488,274427,562,410,214,710,551.51,98.07
苗栗縣,苑裡鎮,上舘里,430,220146,512,359,191,620,556.05,108.61
苗栗縣,苑裡鎮,玉田里,540,303629,562,391,202,721,623.48,110.88
苗栗縣,苑裡鎮,南勢里,175,80272,459,310,180,607,456.13,99.44
苗栗縣,苑裡鎮,山柑里,428,256539,599,383,202,709,731.79,122.09
苗栗縣,苑裡鎮,田心里,677,388871,574,375,195,710,645.53,112.38
苗栗縣,苑裡鎮,新復里,427,327396,767,459,245,845,1270.08,165.65
苗栗縣,苑裡鎮,中正里,732,454161,620,434,209,778,757.52,122.09
苗栗縣,苑裡鎮,苑港里,313,160019,511,367,183,650,513.96,100.53
苗栗縣,苑裡鎮,房裡里,644,396655,616,407,210,695,798.21,129.60
苗栗縣,通霄鎮,通東里,295,193256,655,470,219,843,659.94,100.74
苗栗縣,通霄鎮,通西里,577,381365,661,431,199,870,707.71,107.08
苗栗縣,通霄鎮,平元里,579,373038,644,434,212,826,937.01,145.44
苗栗縣,通霄鎮,圳頭里,172,88467,514,359,174,663,650.25,126.42
苗栗縣,通霄鎮,梅南里,442,250484,567,389,185,681,799.51,141.08
苗栗縣,通霄鎮,通灣里,636,349709,550,383,192,725,561.32,102.09
苗栗縣,通霄鎮,新埔里,277,145842,527,381,191,670,532.33,101.11
苗栗縣,通霄鎮,白東里,433,266946,617,444,232,785,661.15,107.24
苗栗縣,通霄鎮,白西里,173,109773,635,443,246,799,671.25,105.79
苗栗縣,通霄鎮,內島里,203,123124,607,448,201,764,684.46,112.85
苗栗縣,通霄鎮,烏眉里,210,146915,700,468,237,794,903.73,129.18
苗栗縣,通霄鎮,楓樹里,96,69138,720,393,209,820,826.01,114.69
苗栗縣,通霄鎮,內湖里,542,302877,559,406,206,704,598.39,107.08
苗栗縣,通霄鎮,福源里,198,119610,604,356,228,688,693.72,114.84
苗栗縣,通霄鎮,城北里,164,99507,607,396,223,751,628.62,103.60
苗栗縣,通霄鎮,城南里,211,145821,691,403,180,818,954.12,138.06
苗栗縣,通霄鎮,南和里,194,137809,710,427,185,698,1025.37,144.35
苗栗縣,通霄鎮,福興里,138,76146,552,381,185,618,725.01,131.39
苗栗縣,通霄鎮,坪頂里,318,176685,556,375,181,695,599.96,107.98
苗栗縣,通霄鎮,五北里,330,180335,546,379,198,691,573.38,104.92
苗栗縣,通霄鎮,五南里,369,187274,508,391,193,634,534.04,105.22
苗栗縣,通霄鎮,福龍里,86,57315,666,347,197,805,853.06,128.00
苗栗縣,通霄鎮,通南里,781,412139,528,392,185,695,524.70,99.43
苗栗縣,通霄鎮,平安里,612,361267,590,414,207,727,650.88,110.26
苗栗縣,公館鄉,館中村,500,333794,668,479,230,893,853.35,127.83
苗栗縣,公館鄉,館南村,1186,843829,711,516,271,920,718.18,100.94
苗栗縣,公館鄉,中義村,739,482039,652,452,230,866,691.87,106.07
苗栗縣,公館鄉,玉泉村,868,674821,777,515,254,1003,956.12,122.98
苗栗縣,公館鄉,大坑村,270,158937,589,432,234,736,601.30,102.15
苗栗縣,公館鄉,福基村,271,183496,677,458,245,844,691.35,102.10
苗栗縣,公館鄉,福德村,90,56468,627,479,236,880,529.13,84.33
苗栗縣,公館鄉,福星村,688,417490,607,461,245,780,595.73,98.17
苗栗縣,公館鄉,石墻村,436,245157,562,422,227,712,536.17,95.35
苗栗縣,公館鄉,開礦村,59,35344,599,310,131,629,1023.83,170.91
苗栗縣,公館鄉,五谷村,750,519198,692,478,246,942,748.44,108.11
苗栗縣,公館鄉,玉谷村,491,309225,630,455,232,788,726.60,115.37
苗栗縣,公館鄉,鶴岡村,540,349828,648,464,244,833,634.49,97.94
苗栗縣,公館鄉,鶴山村,460,327915,713,494,238,899,837.00,117.41
苗栗縣,公館鄉,尖山村,434,323837,746,520,281,921,1041.12,139.53
苗栗縣,公館鄉,仁安村,396,264085,667,440,226,839,749.81,112.44
苗栗縣,公館鄉,南河村,55,30235,550,474,251,777,431.20,78.44
苗栗縣,公館鄉,北河村,73,54426,746,416,177,937,773.02,103.68
苗栗縣,公館鄉,館東村,772,569524,738,499,264,904,896.64,121.54
苗栗縣,銅鑼鄉,福興村,281,183501,653,492,245,854,601.59,92.12
苗栗縣,銅鑼鄉,銅鑼村,1482,948881,640,475,249,857,609.94,95.26
苗栗縣,銅鑼鄉,朝陽村,528,312821,592,461,235,753,539.58,91.07
苗栗縣,銅鑼鄉,竹森村,272,183007,673,451,256,800,825.82,122.74
苗栗縣,銅鑼鄉,九湖村,322,177131,550,401,211,701,533.08,96.91
苗栗縣,銅鑼鄉,樟樹村,380,247612,652,468,265,796,828.11,127.09
苗栗縣,銅鑼鄉,興隆村,119,78590,660,472,220,750,909.95,137.78
苗栗縣,銅鑼鄉,盛隆村,99,66247,669,472,235,908,636.93,95.18
苗栗縣,銅鑼鄉,新隆村,122,69213,567,443,231,799,475.15,83.75
苗栗縣,銅鑼鄉,中平村,1007,614185,610,448,234,747,671.79,110.14
苗栗縣,三義鄉,廣盛村,1174,747672,637,453,236,772,689.89,108.33
苗栗縣,三義鄉,双湖村,557,349049,627,442,223,791,681.69,108.78
苗栗縣,三義鄉,双潭村,381,242759,637,411,225,752,823.57,129.26
苗栗縣,三義鄉,勝興村,1036,600560,580,399,209,718,777.17,134.07
苗栗縣,三義鄉,西湖村,398,229476,577,453,247,750,521.18,90.39
苗栗縣,三義鄉,龍騰村,92,69059,751,445,211,862,948.48,126.36
苗栗縣,三義鄉,鯉魚潭村,331,190967,577,402,205,706,632.55,109.64
苗栗縣,西湖鄉,高埔村,168,104447,622,406,255,697,799.56,128.61
苗栗縣,西湖鄉,下埔村,153,93069,608,447,221,763,655.33,107.73
苗栗縣,西湖鄉,五湖村,212,122850,579,437,234,750,538.69,92.96
苗栗縣,西湖鄉,四湖村,170,106116,624,459,268,819,553.47,88.67
苗栗縣,西湖鄉,三湖村,225,140627,625,446,239,785,605.94,96.95
苗栗縣,西湖鄉,湖東村,294,186091,633,385,218,758,781.79,123.51
苗栗縣,西湖鄉,二湖村,166,107895,650,472,283,801,629.89,96.91
苗栗縣,西湖鄉,龍洞村,126,73948,587,454,239,829,475.71,81.06
苗栗縣,西湖鄉,金獅村,133,94497,711,482,245,834,818.32,115.17
苗栗縣,頭屋鄉,頭屋村,819,501484,612,447,239,802,588.82,96.16
苗栗縣,頭屋鄉,象山村,564,371544,659,457,234,816,768.30,116.63
苗栗縣,頭屋鄉,北坑村,183,109832,600,455,210,754,598.04,99.64
苗栗縣,頭屋鄉,獅潭村,557,386233,693,482,256,853,948.72,136.82
苗栗縣,頭屋鄉,曲洞村,239,144284,604,442,211,820,611.42,101.28
苗栗縣,頭屋鄉,飛鳳村,87,59774,687,466,220,781,762.11,110.92
苗栗縣,頭屋鄉,明德村,264,190357,721,487,219,976,786.63,109.10
苗栗縣,頭屋鄉,鳴鳳村,66,61513,932,403,252,1093,1867.06,200.33
苗栗縣,竹南鎮,竹南里,771,681724,884,562,278,1080,1079.87,122.13
苗栗縣,竹南鎮,正南里,1004,841123,838,540,250,1094,998.26,119.16
苗栗縣,竹南鎮,新南里,2273,2790668,1228,777,362,1588,1418.46,115.53
苗栗縣,竹南鎮,大厝里,2209,2382147,1078,661,301,1370,1277.91,118.50
苗栗縣,竹南鎮,營盤里,1439,1466448,1019,594,283,1166,1289.59,126.55
苗栗縣,竹南鎮,龍鳳里,747,513974,688,481,250,854,736.63,107.06
苗栗縣,竹南鎮,山佳里,1930,1694913,878,613,291,1124,949.80,108.15
苗栗縣,竹南鎮,中港里,399,339989,852,518,240,947,1191.23,139.80
苗栗縣,竹南鎮,聖福里,1323,1498073,1132,649,326,1366,1833.21,161.90
苗栗縣,竹南鎮,竹興里,1100,851517,774,517,233,914,908.81,117.40
苗栗縣,竹南鎮,中華里,1077,931410,865,596,291,1103,970.98,112.28
苗栗縣,竹南鎮,中英里,583,409016,702,498,258,870,676.56,96.43
苗栗縣,竹南鎮,中美里,665,471081,708,449,217,854,876.48,123.73
苗栗縣,竹南鎮,開元里,588,540539,919,640,345,1158,964.72,104.94
苗栗縣,竹南鎮,海口里,1786,1573225,881,584,296,1076,1141.59,129.60
苗栗縣,竹南鎮,港墘里,847,672990,795,516,254,987,914.68,115.12
苗栗縣,竹南鎮,公舘里,353,214262,607,463,231,720,643.20,105.97
苗栗縣,竹南鎮,大埔里,2381,2870860,1206,744,346,1525,1395.85,115.77
苗栗縣,竹南鎮,崎頂里,1394,1089937,782,515,270,967,1000.07,127.91
苗栗縣,竹南鎮,頂埔里,652,414492,636,465,251,793,647.13,101.79
苗栗縣,竹南鎮,公義里,354,246086,695,434,221,840,977.36,140.60
苗栗縣,竹南鎮,照南里,1355,1785408,1318,710,325,1616,1857.37,140.96
苗栗縣,竹南鎮,佳興里,1303,1255504,964,608,290,1236,1110.26,115.23
苗栗縣,竹南鎮,天文里,879,874922,995,632,327,1227,1135.78,114.11
苗栗縣,竹南鎮,龍山里,988,904534,916,566,263,1131,1157.88,126.47
苗栗縣,頭份市,頭份里,1240,972636,784,525,264,981,911.20,116.17
苗栗縣,頭份市,忠孝里,1188,1130442,952,550,282,1115,1383.93,145.44
苗栗縣,頭份市,仁愛里,464,317406,684,435,219,845,858.16,125.45
苗栗縣,頭份市,信義里,271,215341,795,460,209,937,1264.52,159.14
苗栗縣,頭份市,和平里,379,316992,836,536,248,1037,994.95,118.96
苗栗縣,頭份市,民族里,792,593909,750,507,260,969,815.14,108.70
苗栗縣,頭份市,土牛里,389,332303,854,625,336,1106,776.97,90.95
苗栗縣,頭份市,上興里,850,508801,599,434,229,739,731.70,122.24
苗栗縣,頭份市,下興里,874,666257,762,478,242,936,979.10,128.44
苗栗縣,頭份市,東庄里,2226,2443869,1098,738,350,1352,1286.48,117.18
苗栗縣,頭份市,田寮里,1644,1560709,949,590,306,1158,1233.37,129.92
苗栗縣,頭份市,蟠桃里,1497,1823558,1218,791,338,1637,1338.61,109.89
苗栗縣,頭份市,山下里,1717,1769673,1031,636,309,1274,1235.03,119.83
苗栗縣,頭份市,後庄里,2237,2876256,1286,795,369,1609,1613.06,125.46
苗栗縣,頭份市,新華里,1304,895190,686,468,250,861,767.89,111.86
苗栗縣,頭份市,斗煥里,968,634793,656,447,245,777,711.75,108.53
苗栗縣,頭份市,興隆里,1717,1755123,1022,571,288,1157,1491.92,145.95
苗栗縣,頭份市,上埔里,913,682360,747,506,268,890,905.51,121.16
苗栗縣,頭份市,珊湖里,508,311216,613,408,230,756,655.26,106.96
苗栗縣,頭份市,流東里,639,394734,618,398,232,738,778.59,126.04
苗栗縣,頭份市,尖山里,411,264751,644,466,253,811,797.69,123.83
苗栗縣,頭份市,廣興里,256,176498,689,495,246,821,771.88,111.96
苗栗縣,頭份市,尖下里,787,522851,664,463,253,852,645.09,97.10
苗栗縣,頭份市,濫坑里,772,449695,583,435,223,736,631.55,108.42
苗栗縣,頭份市,蘆竹里,405,256393,633,417,239,739,748.15,118.18
苗栗縣,頭份市,民權里,957,776975,812,561,284,1048,900.50,110.91
苗栗縣,頭份市,民生里,866,623323,720,475,260,827,894.92,124.33
苗栗縣,頭份市,建國里,1314,1187764,904,596,311,1117,1066.29,117.96
苗栗縣,頭份市,成功里,1422,1235087,869,560,290,1043,1042.90,120.07
苗栗縣,頭份市,自強里,696,590826,849,519,262,1030,1055.78,124.37
苗栗縣,頭份市,合興里,1067,1109642,1040,630,294,1325,1222.22,117.52
苗栗縣,頭份市,文化里,1637,1942168,1186,762,356,1488,1427.19,120.29
苗栗縣,頭份市,中興里,1285,1525969,1188,718,345,1505,1424.92,119.99
苗栗縣,造橋鄉,造橋村,621,440359,709,472,245,896,835.35,117.80
苗栗縣,造橋鄉,平興村,126,73291,582,385,235,743,635.14,109.19
苗栗縣,造橋鄉,豐湖村,318,203302,639,493,251,800,591.30,92.49
苗栗縣,造橋鄉,錦水村,136,84786,623,441,225,824,578.63,92.82
苗栗縣,造橋鄉,大西村,1110,683104,615,457,232,795,631.78,102.66
苗栗縣,造橋鄉,大龍村,142,90543,638,488,238,852,627.22,98.37
苗栗縣,造橋鄉,朝陽村,401,259131,646,439,229,776,777.78,120.36
苗栗縣,造橋鄉,談文村,261,156346,599,362,195,709,716.56,119.62
苗栗縣,造橋鄉,龍昇村,246,156224,635,405,234,767,685.27,107.91
苗栗縣,後龍鎮,南龍里,422,267933,635,423,214,840,669.76,105.49
苗栗縣,後龍鎮,中龍里,234,193193,826,537,263,1026,999.37,121.05
苗栗縣,後龍鎮,北龍里,406,307158,757,485,216,885,843.63,111.51
苗栗縣,後龍鎮,大庄里,1418,1034207,729,478,249,920,803.61,110.18
苗栗縣,後龍鎮,溪洲里,612,392003,641,455,253,819,628.69,98.15
苗栗縣,後龍鎮,豐富里,393,292857,745,545,290,916,768.31,103.10
苗栗縣,後龍鎮,校椅里,477,461621,968,603,315,1329,1003.41,103.68
苗栗縣,後龍鎮,埔頂里,830,565735,682,477,241,823,872.48,128.00
苗栗縣,後龍鎮,新民里,379,251151,663,497,254,861,649.59,98.03
苗栗縣,後龍鎮,復興里,198,124859,631,453,190,806,652.17,103.42
苗栗縣,後龍鎮,東明里,445,265805,597,410,237,707,746.26,124.94
苗栗縣,後龍鎮,灣寶里,331,209319,632,441,224,808,638.66,100.99
苗栗縣,後龍鎮,海寶里,248,175237,707,436,272,784,796.98,112.79
苗栗縣,後龍鎮,大山里,419,281808,673,451,204,808,769.07,114.35
苗栗縣,後龍鎮,外埔里,188,131336,699,453,221,868,807.56,115.60
苗栗縣,後龍鎮,海埔里,200,116595,583,462,253,792,477.65,81.93
苗栗縣,後龍鎮,秀水里,164,105858,645,454,229,853,570.02,88.31
苗栗縣,後龍鎮,水尾里,227,118822,523,386,204,657,499.81,95.48
苗栗縣,後龍鎮,龍津里,163,89045,546,388,209,701,584.07,106.92
苗栗縣,後龍鎮,龍坑里,327,194897,596,447,227,746,648.93,108.88
苗栗縣,後龍鎮,福寧里,173,121724,704,497,273,801,763.13,108.46
苗栗縣,後龍鎮,中和里,204,116728,572,414,200,720,644.28,112.60
苗栗縣,後龍鎮,南港里,295,193549,656,422,224,764,1277.87,194.77
苗栗縣,三灣鄉,三灣村,648,408235,630,455,232,797,660.59,104.86
苗栗縣,三灣鄉,內灣村,179,103450,578,410,247,738,633.28,109.58
苗栗縣,三灣鄉,銅鏡村,224,339961,1518,425,209,830,13201.62,869.85
苗栗縣,三灣鄉,頂寮村,50,35578,712,354,172,784,835.70,117.45
苗栗縣,三灣鄉,北埔村,135,73649,546,397,228,761,504.68,92.51
苗栗縣,三灣鄉,大河村,102,63183,619,423,228,729,642.36,103.70
苗栗縣,三灣鄉,大坪村,101,56477,559,430,222,678,538.50,96.30
苗栗縣,三灣鄉,永和村,70,53190,760,417,171,925,965.69,127.09
苗栗縣,南庄鄉,東村,269,177577,660,466,239,764,812.01,123.01
苗栗縣,南庄鄉,西村,152,94757,623,414,242,673,763.29,122.44
苗栗縣,南庄鄉,南江村,252,138060,548,384,191,696,560.95,102.39
苗栗縣,南庄鄉,田美村,153,80446,526,367,191,624,598.41,113.81
苗栗縣,南庄鄉,獅山村,161,101414,630,364,175,713,999.72,158.71
苗栗縣,南庄鄉,南富村,261,177913,682,399,208,845,1182.36,173.45
苗栗縣,南庄鄉,員林村,253,162208,641,397,210,754,770.11,120.12
苗栗縣,南庄鄉,蓬萊村,134,85209,636,382,224,672,1052.69,165.55
苗栗縣,南庄鄉,東河村,150,77741,518,392,234,593,490.37,94.62
苗栗縣,大湖鄉,大湖村,416,253486,609,448,212,792,662.04,108.65
苗栗縣,大湖鄉,明湖村,123,85020,691,456,214,877,768.86,111.23
苗栗縣,大湖鄉,靜湖村,422,252782,599,430,234,749,645.48,107.76
苗栗縣,大湖鄉,大寮村,277,147569,533,381,179,727,546.31,102.55
苗栗縣,大湖鄉,富興村,267,169858,636,444,224,787,725.87,114.10
苗栗縣,大湖鄉,大南村,93,52194,561,358,215,609,774.40,137.98
苗栗縣,大湖鄉,南湖村,104,74852,720,441,266,972,818.59,113.73
苗栗縣,大湖鄉,義和村,269,146991,546,402,217,702,556.68,101.88
苗栗縣,大湖鄉,東興村,141,92354,655,400,142,698,1923.74,293.70
苗栗縣,大湖鄉,武榮村,96,53724,560,450,259,769,485.69,86.79
苗栗縣,大湖鄉,新開村,211,128296,608,462,246,769,562.76,92.55
苗栗縣,大湖鄉,栗林村,189,94469,500,384,190,667,481.59,96.35
苗栗縣,卓蘭鎮,老庄里,370,234530,634,450,236,820,668.30,105.43
苗栗縣,卓蘭鎮,新榮里,224,129606,579,371,201,715,616.40,106.53
苗栗縣,卓蘭鎮,中街里,163,109652,673,459,245,946,644.13,95.75
苗栗縣,卓蘭鎮,新厝里,325,193699,596,431,219,730,645.44,108.30
苗栗縣,卓蘭鎮,豐田里,190,106472,560,403,223,712,562.07,100.30
苗栗縣,卓蘭鎮,西坪里,170,124064,730,408,205,852,1094.29,149.95
苗栗縣,卓蘭鎮,上新里,454,257560,567,411,193,735,606.04,106.83
苗栗縣,卓蘭鎮,內灣里,417,251546,603,422,216,718,724.46,120.10
苗栗縣,卓蘭鎮,苗豐里,133,85102,640,530,301,757,508.17,79.42
苗栗縣,卓蘭鎮,坪林里,365,212468,582,405,225,735,595.37,102.28
苗栗縣,卓蘭鎮,景山里,210,117274,558,366,197,729,558.16,99.95
苗栗縣,獅潭鄉,百壽村,53,30840,582,418,281,752,487.98,83.86
苗栗縣,獅潭鄉,永興村,111,89886,810,483,261,791,1979.32,244.43
苗栗縣,獅潭鄉,新店村,202,136009,673,419,255,801,810.90,120.44
苗栗縣,獅潭鄉,和興村,134,71548,534,343,211,620,546.06,102.27
苗栗縣,獅潭鄉,豐林村,103,70050,680,426,250,843,761.73,112.00
苗栗縣,獅潭鄉,新豐村,69,35390,513,392,267,638,366.90,71.53
苗栗縣,獅潭鄉,竹木村,154,85140,553,367,171,710,613.61,110.99
苗栗縣,泰安鄉,錦水村,202,120096,595,402,185,683,1091.88,183.65
苗栗縣,泰安鄉,清安村,158,112289,711,505,246,761,919.20,129.34
苗栗縣,泰安鄉,大興村,92,44390,482,376,249,687,378.61,78.47
苗栗縣,泰安鄉,象鼻村,95,43192,455,373,178,586,398.69,87.69
苗栗縣,泰安鄉,梅園村,56,33787,603,470,203,889,514.52,85.28
苗栗縣,泰安鄉,八卦村,34,16539,486,354,205,618,474.17,97.48
苗栗縣,泰安鄉,中興村,90,46182,513,456,275,617,421.20,82.08
苗栗縣,泰安鄉,士林村,87,47128,542,449,277,680,441.56,81.52
南投縣,南投市,龍泉里,292,168631,578,415,205,710,661.53,114.55
南投縣,南投市,康壽里,449,317828,708,454,249,886,875.93,123.74
南投縣,南投市,三民里,298,220514,740,532,257,936,835.70,112.94
南投縣,南投市,仁和里,176,127280,723,417,256,731,1072.57,148.31
南投縣,南投市,南投里,163,123218,756,489,242,828,865.28,114.46
南投縣,南投市,彰仁里,123,87142,708,491,194,845,842.77,118.96
南投縣,南投市,崇文里,288,237379,824,528,307,874,1077.88,130.77
南投縣,南投市,漳興里,836,559466,669,452,218,848,810.66,121.13
南投縣,南投市,漳和里,2443,1816088,743,458,236,853,1890.31,254.28
南投縣,南投市,軍功里,1377,836058,607,421,220,774,684.35,112.71
南投縣,南投市,東山里,93,51344,552,332,202,614,599.08,108.51
南投縣,南投市,平和里,2029,1418222,699,463,232,882,826.31,118.22
南投縣,南投市,振興里,588,341072,580,398,194,778,604.92,104.29
南投縣,南投市,千秋里,293,190473,650,455,233,771,734.07,112.92
南投縣,南投市,三興里,1884,1422559,755,507,235,982,911.83,120.76
南投縣,南投市,三和里,962,715114,743,473,222,972,875.43,117.77
南投縣,南投市,嘉興里,596,324048,544,403,200,712,573.06,105.40
南投縣,南投市,嘉和里,1524,996144,654,455,214,820,843.19,129.00
南投縣,南投市,鳳鳴里,132,78586,595,450,247,671,727.75,122.24
南投縣,南投市,鳳山里,243,135661,558,371,195,624,800.65,143.41
南投縣,南投市,平山里,1778,1065714,599,413,206,707,707.39,118.02
南投縣,南投市,新興里,1770,977310,552,386,211,692,573.55,103.88
南投縣,南投市,永豐里,885,500665,566,407,208,684,837.97,148.12
南投縣,南投市,福興里,914,524731,574,400,211,662,726.58,126.56
南投縣,南投市,營北里,2219,2199687,991,608,302,1213,1365.98,137.80
南投縣,南投市,營南里,843,563116,668,454,237,801,759.95,113.77
南投縣,南投市,內新里,1016,684688,674,498,241,940,656.04,97.35
南投縣,南投市,內興里,1926,1673443,869,567,278,1112,1185.02,136.39
南投縣,南投市,光華里,181,123903,685,421,197,886,777.50,113.58
南投縣,南投市,光榮里,258,172213,667,407,183,811,885.05,132.59
南投縣,南投市,光明里,245,177797,726,491,251,885,825.12,113.70
南投縣,南投市,光輝里,160,107214,670,483,216,944,631.22,94.20
南投縣,南投市,福山里,488,251931,516,353,191,637,588.34,113.96
南投縣,南投市,永興里,160,84888,531,354,186,623,627.04,118.19
南投縣,埔里鎮,東門里,642,377102,587,395,176,727,700.69,119.29
南投縣,埔里鎮,西門里,761,425902,560,406,193,726,580.49,103.72
南投縣,埔里鎮,南門里,226,162344,718,470,191,927,824.13,114.73
南投縣,埔里鎮,北門里,598,380285,636,432,187,783,705.68,110.97
南投縣,埔里鎮,薰化里,285,215922,758,421,214,845,1173.02,154.83
南投縣,埔里鎮,清新里,862,509638,591,416,198,724,729.15,123.33
南投縣,埔里鎮,同聲里,483,277865,575,353,178,739,686.57,119.34
南投縣,埔里鎮,大城里,1487,943634,635,448,225,803,690.84,108.86
南投縣,埔里鎮,籃城里,230,137970,600,348,146,756,939.52,156.62
南投縣,埔里鎮,枇杷里,1986,1235513,622,415,196,792,713.22,114.65
南投縣,埔里鎮,杷城里,638,405758,636,437,208,762,784.05,123.28
南投縣,埔里鎮,水頭里,866,489428,565,400,186,708,623.62,110.34
南投縣,埔里鎮,麒麟里,159,86321,543,381,191,638,705.96,130.04
南投縣,埔里鎮,珠格里,212,135504,639,380,171,797,771.82,120.75
南投縣,埔里鎮,溪南里,234,132721,567,376,188,672,689.15,121.50
南投縣,埔里鎮,桃米里,189,114463,606,433,219,782,602.88,99.55
南投縣,埔里鎮,南村里,307,172538,562,389,196,628,651.55,115.93
南投縣,埔里鎮,愛蘭里,340,229384,675,446,204,871,728.59,107.99
南投縣,埔里鎮,鐵山里,378,195129,516,371,221,650,549.36,106.42
南投縣,埔里鎮,房里里,246,140698,572,375,185,762,639.03,111.73
南投縣,埔里鎮,向善里,119,64869,545,319,189,614,866.02,158.87
南投縣,埔里鎮,一新里,159,95889,603,337,162,593,1117.68,185.33
南投縣,埔里鎮,廣成里,185,106787,577,363,199,676,642.72,111.35
南投縣,埔里鎮,史港里,105,70417,671,381,209,706,836.87,124.79
南投縣,埔里鎮,福興里,193,114490,593,335,161,684,800.77,134.99
南投縣,埔里鎮,牛眠里,582,295606,508,332,174,615,603.73,118.86
南投縣,埔里鎮,大湳里,504,350877,696,438,187,918,1040.37,149.44
南投縣,埔里鎮,蜈蚣里,483,263161,545,373,180,690,663.57,121.79
南投縣,埔里鎮,成功里,40,13016,325,245,100,410,329.26,101.19
南投縣,埔里鎮,合成里,229,118415,517,306,143,629,695.87,134.57
南投縣,埔里鎮,北安里,906,561103,619,413,206,782,725.94,117.22
南投縣,埔里鎮,泰安里,547,286369,524,380,165,692,541.20,103.38
南投縣,埔里鎮,北梅里,884,566035,640,445,217,829,736.09,114.96
南投縣,草屯鎮,玉峰里,656,463616,707,475,213,880,823.32,116.50
南投縣,草屯鎮,炎峰里,658,482184,733,479,221,924,805.06,109.86
南投縣,草屯鎮,和平里,368,267924,728,474,238,902,809.41,111.17
南投縣,草屯鎮,敦和里,2033,1438860,708,462,233,831,902.09,127.46
南投縣,草屯鎮,山腳里,2708,2099012,775,497,234,959,1083.33,139.76
南投縣,草屯鎮,富寮里,2373,1665405,702,497,227,918,738.42,105.22
南投縣,草屯鎮,御史里,1900,1255508,661,426,228,810,798.16,120.79
南投縣,草屯鎮,新豐里,1189,785236,660,436,209,819,866.42,131.19
南投縣,草屯鎮,明正里,1094,724556,662,443,203,812,779.64,117.72
南投縣,草屯鎮,中正里,196,160851,821,459,185,892,1730.13,210.82
南投縣,草屯鎮,碧峰里,1468,953700,650,440,223,808,737.43,113.51
南投縣,草屯鎮,上林里,1045,799748,765,473,229,915,1386.00,181.10
南投縣,草屯鎮,新庄里,1150,777215,676,448,222,831,803.69,118.92
南投縣,草屯鎮,北投里,869,531449,612,429,211,765,690.36,112.88
南投縣,草屯鎮,石川里,477,294157,617,421,227,740,679.64,110.21
南投縣,草屯鎮,加老里,667,414710,622,420,210,767,728.50,117.17
南投縣,草屯鎮,中原里,590,365408,619,436,216,845,706.74,114.11
南投縣,草屯鎮,北勢里,449,276293,615,466,232,787,579.88,94.24
南投縣,草屯鎮,南埔里,1212,772364,637,434,217,771,1068.82,167.72
南投縣,草屯鎮,土城里,400,206916,517,346,169,677,577.39,111.62
南投縣,草屯鎮,坪頂里,217,137495,634,366,178,716,853.22,134.66
南投縣,草屯鎮,雙冬里,461,248170,538,384,168,672,578.18,107.40
南投縣,草屯鎮,復興里,825,509049,617,441,234,742,704.25,114.14
南投縣,草屯鎮,平林里,241,146536,608,385,190,723,827.30,136.06
南投縣,草屯鎮,碧洲里,827,540914,654,456,235,813,670.85,102.57
南投縣,草屯鎮,中山里,758,637744,841,527,254,1115,1015.84,120.74
南投縣,草屯鎮,新厝里,1100,870905,792,523,266,1042,872.85,110.25
南投縣,竹山鎮,竹山里,580,365792,631,426,205,781,747.39,118.51
南投縣,竹山鎮,中正里,166,88592,534,375,158,692,627.40,117.56
南投縣,竹山鎮,中山里,1146,742680,648,451,212,790,713.31,110.07
南投縣,竹山鎮,雲林里,953,665812,699,505,227,881,812.91,116.36
南投縣,竹山鎮,硘磘里,459,265603,579,409,203,741,680.43,117.59
南投縣,竹山鎮,桂林里,907,543961,600,408,214,737,658.96,109.88
南投縣,竹山鎮,下坪里,299,196553,657,482,246,823,666.08,101.33
南投縣,竹山鎮,中和里,199,112555,566,466,237,717,539.51,95.39
南投縣,竹山鎮,中崎里,371,202757,547,398,174,682,907.05,165.97
南投縣,竹山鎮,德興里,168,86044,512,343,156,714,541.87,105.80
南投縣,竹山鎮,延和里,1375,889136,647,452,229,796,712.47,110.18
南投縣,竹山鎮,延正里,348,205569,591,359,188,724,780.57,132.14
南投縣,竹山鎮,延平里,665,380782,573,401,187,696,700.36,122.31
南投縣,竹山鎮,延山里,157,100823,642,436,196,889,907.55,141.32
南投縣,竹山鎮,山崇里,393,252780,643,468,216,857,685.53,106.58
南投縣,竹山鎮,社寮里,335,199867,597,445,207,799,561.58,94.13
南投縣,竹山鎮,中央里,223,125758,564,411,249,703,499.19,88.52
南投縣,竹山鎮,富州里,117,75057,642,421,214,766,751.29,117.11
南投縣,竹山鎮,大鞍里,55,28825,524,456,129,728,487.72,93.06
南投縣,竹山鎮,田子里,94,48788,519,358,234,644,552.00,106.35
南投縣,竹山鎮,福興里,75,43557,581,402,238,673,619.14,106.61
南投縣,竹山鎮,鯉魚里,130,69231,533,384,186,596,658.85,123.72
南投縣,竹山鎮,坪頂里,69,43378,629,464,162,985,650.11,103.41
南投縣,竹山鎮,瑞竹里,83,38761,467,370,172,642,373.23,79.92
南投縣,竹山鎮,桶頭里,114,49450,434,356,176,514,357.16,82.34
南投縣,竹山鎮,秀林里,109,60919,559,405,197,597,634.73,113.57
南投縣,竹山鎮,延祥里,947,536576,567,404,208,695,639.43,112.85
南投縣,竹山鎮,竹圍里,620,325106,524,396,199,657,577.36,110.11
南投縣,集集鎮,集集里,265,192667,727,468,299,832,1030.23,141.70
南投縣,集集鎮,和平里,202,126518,626,423,239,784,642.67,102.61
南投縣,集集鎮,林尾里,119,88555,744,454,261,926,874.70,117.54
南投縣,集集鎮,田寮里,276,159654,578,508,219,733,570.21,98.57
南投縣,集集鎮,隘寮里,98,48783,498,374,217,621,466.64,93.74
南投縣,集集鎮,玉映里,116,74084,639,455,231,743,638.89,100.04
南投縣,集集鎮,吳厝里,195,141708,727,422,194,759,1209.55,166.44
南投縣,集集鎮,八張里,364,230125,632,425,220,811,710.26,112.34
南投縣,集集鎮,永昌里,236,168173,713,491,240,941,720.49,101.11
南投縣,集集鎮,富山里,110,48337,439,327,168,596,427.61,97.31
南投縣,集集鎮,廣明里,199,119524,601,399,210,721,692.10,115.23
南投縣,名間鄉,南雅村,266,160621,604,421,206,710,800.89,132.63
南投縣,名間鄉,中正村,931,569485,612,443,216,759,664.69,108.66
南投縣,名間鄉,中山村,542,293073,541,390,179,655,623.88,115.38
南投縣,名間鄉,濁水村,329,201416,612,411,207,750,697.89,114.00
南投縣,名間鄉,炭寮村,192,118891,619,463,226,789,616.43,99.55
南投縣,名間鄉,新民村,196,98296,502,404,207,652,461.51,92.02
南投縣,名間鄉,新街村,1203,658565,547,406,227,685,561.69,102.60
南投縣,名間鄉,東湖村,419,221530,529,386,190,668,501.17,94.79
南投縣,名間鄉,仁和村,186,97720,525,423,207,644,485.05,92.32
南投縣,名間鄉,萬丹村,219,129102,590,407,200,657,934.54,158.53
南投縣,名間鄉,田仔村,263,159091,605,376,195,689,730.52,120.77
南投縣,名間鄉,新光村,429,241629,563,398,197,697,636.16,112.95
南投縣,名間鄉,大庄村,379,226327,597,400,203,706,728.23,121.95
南投縣,名間鄉,廍下村,182,118290,650,406,199,822,950.20,146.20
南投縣,名間鄉,大坑村,159,78318,493,367,179,613,479.98,97.45
南投縣,名間鄉,竹圍村,199,110256,554,404,200,655,762.39,137.60
南投縣,名間鄉,赤水村,231,143467,621,442,242,787,613.98,98.86
南投縣,名間鄉,三崙村,318,202518,637,420,208,749,744.54,116.91
南投縣,名間鄉,松山村,343,230937,673,440,215,758,939.45,139.53
南投縣,名間鄉,松柏村,257,144130,561,402,175,675,651.89,116.24
南投縣,名間鄉,埔中村,198,99138,501,360,185,632,474.49,94.77
南投縣,名間鄉,崁腳村,183,94136,514,373,190,656,485.36,94.35
南投縣,名間鄉,新厝村,171,95719,560,374,188,741,556.69,99.45
南投縣,鹿谷鄉,鹿谷村,463,321808,695,464,243,860,800.19,115.13
南投縣,鹿谷鄉,初鄉村,317,189612,598,419,206,790,594.33,99.36
南投縣,鹿谷鄉,彰雅村,311,186860,601,415,199,661,1129.19,187.94
南投縣,鹿谷鄉,廣興村,451,309219,686,471,224,806,974.51,142.13
南投縣,鹿谷鄉,內湖村,189,120617,638,416,202,729,846.66,132.67
南投縣,鹿谷鄉,竹林村,248,134191,541,373,197,695,592.05,109.42
南投縣,鹿谷鄉,竹豐村,150,86380,576,448,258,779,535.11,92.92
南投縣,鹿谷鄉,和雅村,119,76431,642,349,211,741,939.10,146.22
南投縣,鹿谷鄉,鳳凰村,273,168437,617,446,193,761,820.63,133.01
南投縣,鹿谷鄉,永隆村,361,214462,594,392,216,722,686.98,115.64
南投縣,鹿谷鄉,秀峰村,143,95028,665,376,191,837,807.29,121.48
南投縣,鹿谷鄉,清水村,131,81935,625,462,224,752,700.92,112.06
南投縣,鹿谷鄉,瑞田村,114,83009,728,423,204,806,1507.37,207.01
南投縣,中寮鄉,廣興村,165,91498,555,360,183,645,607.69,109.59
南投縣,中寮鄉,崁頂村,103,49982,485,248,135,577,635.21,130.90
南投縣,中寮鄉,和興村,92,49125,534,392,210,735,586.49,109.84
南投縣,中寮鄉,八仙村,145,74883,516,344,195,665,498.41,96.51
南投縣,中寮鄉,福盛村,97,63109,651,415,275,838,616.23,94.71
南投縣,中寮鄉,永平村,395,235267,596,386,190,705,688.74,115.64
南投縣,中寮鄉,復興村,48,22121,461,288,122,645,450.60,97.77
南投縣,中寮鄉,中寮村,117,55628,475,351,164,593,493.76,103.85
南投縣,中寮鄉,廣福村,87,55405,637,411,232,757,728.27,114.36
南投縣,中寮鄉,永福村,337,181691,539,372,206,626,652.34,121.00
南投縣,中寮鄉,義和村,246,127622,519,363,202,593,581.24,112.04
南投縣,中寮鄉,清水村,149,86949,584,419,211,706,842.33,144.35
南投縣,中寮鄉,龍安村,138,63919,463,373,220,627,362.74,78.31
南投縣,中寮鄉,龍岩村,129,63160,490,328,168,579,561.53,114.69
南投縣,中寮鄉,永和村,94,54188,576,419,218,752,544.20,94.40
南投縣,中寮鄉,內城村,93,54079,581,346,174,679,1227.07,211.02
南投縣,中寮鄉,爽文村,106,46212,436,352,179,536,382.43,87.72
南投縣,中寮鄉,永芳村,87,40851,470,327,159,662,517.36,110.18
南投縣,魚池鄉,東池村,347,195297,563,378,190,758,636.64,113.12
南投縣,魚池鄉,魚池村,468,275082,588,427,208,741,611.61,104.05
南投縣,魚池鄉,中明村,199,87322,439,310,186,523,504.86,115.05
南投縣,魚池鄉,新城村,270,158558,587,399,203,707,666.53,113.50
南投縣,魚池鄉,大林村,207,108476,524,356,190,640,574.38,109.61
南投縣,魚池鄉,大雁村,125,79047,632,367,218,648,725.21,114.68
南投縣,魚池鄉,五城村,132,70724,536,354,193,648,563.13,105.10
南投縣,魚池鄉,東光村,214,124969,584,330,159,619,1100.55,188.46
南投縣,魚池鄉,共和村,165,86838,526,384,207,661,520.75,98.95
南投縣,魚池鄉,水社村,162,111557,689,446,247,766,737.97,107.17
南投縣,魚池鄉,頭社村,184,101980,554,421,239,701,577.11,104.13
南投縣,魚池鄉,武登村,91,58558,643,357,159,629,1236.72,192.19
南投縣,魚池鄉,日月村,151,101740,674,439,219,802,760.58,112.88
南投縣,國姓鄉,國姓村,317,154701,488,349,200,619,473.51,97.03
南投縣,國姓鄉,石門村,339,198075,584,404,196,730,670.47,114.75
南投縣,國姓鄉,大旗村,109,59352,545,410,203,698,497.67,91.40
南投縣,國姓鄉,北港村,307,160938,524,363,169,623,664.15,126.69
南投縣,國姓鄉,長流村,246,118838,483,395,222,592,469.90,97.27
南投縣,國姓鄉,福龜村,386,220193,570,390,212,671,840.48,147.34
南投縣,國姓鄉,乾溝村,161,85642,532,390,201,663,510.15,95.90
南投縣,國姓鄉,柑林村,219,101852,465,347,158,601,487.15,104.74
南投縣,國姓鄉,南港村,245,125374,512,389,166,677,532.44,104.05
南投縣,國姓鄉,北山村,239,136682,572,374,191,662,677.36,118.44
南投縣,國姓鄉,大石村,117,81642,698,539,256,840,676.25,96.91
南投縣,國姓鄉,長福村,119,59796,502,349,176,590,590.66,117.55
南投縣,國姓鄉,長豐村,105,48378,461,309,182,606,449.44,97.55
南投縣,水里鄉,水里村,135,60300,447,366,208,605,379.97,85.07
南投縣,水里鄉,農富村,103,62852,610,339,176,884,743.77,121.89
南投縣,水里鄉,新城村,305,170189,558,371,186,669,632.07,113.27
南投縣,水里鄉,中央村,129,81525,632,450,237,717,948.70,150.12
南投縣,水里鄉,城中村,179,119073,665,450,216,856,775.40,116.56
南投縣,水里鄉,北埔村,264,163138,618,481,243,773,628.12,101.65
南投縣,水里鄉,鉅工村,235,151080,643,434,181,831,745.56,115.97
南投縣,水里鄉,永豐村,319,170853,536,417,185,730,477.89,89.23
南投縣,水里鄉,頂崁村,265,141608,534,375,176,704,537.74,100.63
南投縣,水里鄉,車埕村,80,43416,543,345,184,642,819.42,150.99
南投縣,水里鄉,新興村,102,50531,495,420,264,585,521.07,105.18
南投縣,水里鄉,新山村,32,26673,834,677,328,951,873.60,104.81
南投縣,水里鄉,郡坑村,42,20525,489,390,136,640,515.34,105.45
南投縣,水里鄉,上安村,193,93805,486,365,155,580,510.36,105.00
南投縣,水里鄉,民和村,115,51900,451,338,175,565,529.88,117.41
南投縣,水里鄉,永興村,52,22461,432,348,155,642,385.01,89.13
南投縣,水里鄉,玉峰村,151,81246,538,387,137,700,640.90,119.11
南投縣,水里鄉,興隆村,39,24019,616,431,235,870,593.23,96.32
南投縣,水里鄉,南光村,405,259306,640,449,214,802,712.28,111.25
南投縣,信義鄉,明德村,310,166485,537,421,214,659,504.36,93.91
南投縣,信義鄉,地利村,158,72085,456,435,266,578,284.19,62.29
南投縣,信義鄉,人和村,176,95681,544,451,284,695,500.39,92.04
南投縣,信義鄉,愛國村,102,56289,552,444,222,719,513.59,93.07
南投縣,信義鄉,自強村,123,57125,464,348,180,688,415.05,89.37
南投縣,信義鄉,羅娜村,210,117447,559,441,249,655,494.57,88.43
南投縣,信義鄉,望美村,167,103703,621,439,271,762,609.07,98.08
南投縣,信義鄉,同富村,210,119843,571,423,194,745,592.95,103.90
南投縣,信義鄉,神木村,80,36180,452,398,202,587,335.42,74.17
南投縣,信義鄉,東埔村,143,72588,508,432,236,648,426.49,84.02
南投縣,信義鄉,潭南村,63,27182,431,375,196,550,353.15,81.85
南投縣,信義鄉,雙龍村,64,28294,442,371,131,589,468.62,106.00
南投縣,信義鄉,新鄉村,108,60230,558,500,318,661,391.65,70.23
南投縣,信義鄉,豐丘村,106,54929,518,448,220,666,395.73,76.37
南投縣,信義鄉,卡里布安村,81,38201,472,393,199,656,384.64,81.56
南投縣,仁愛鄉,大同村,318,208684,656,442,256,764,814.18,124.07
南投縣,仁愛鄉,春陽村,175,81471,466,406,218,627,338.00,72.60
南投縣,仁愛鄉,發祥村,120,59748,498,412,224,654,418.66,84.09
南投縣,仁愛鄉,力行村,85,39453,464,384,253,561,366.00,78.85
南投縣,仁愛鄉,法治村,102,56113,550,428,237,615,611.03,111.07
南投縣,仁愛鄉,親愛村,218,100993,463,373,184,657,387.72,83.69
南投縣,仁愛鄉,中正村,137,57672,421,389,194,578,336.99,80.05
南投縣,仁愛鄉,互助村,247,137400,556,444,219,715,556.01,99.95
南投縣,仁愛鄉,新生村,89,35147,395,350,139,526,330.76,83.76
南投縣,仁愛鄉,萬豐村,98,47839,488,409,176,656,470.82,96.45
南投縣,仁愛鄉,精英村,99,69984,707,467,254,785,921.43,130.35
南投縣,仁愛鄉,南豐村,245,144871,591,420,236,746,590.62,99.88
南投縣,仁愛鄉,榮興村,1,1400,1400,1400,1400,1400,0.00,0.00
南投縣,仁愛鄉,翠華村,54,19916,369,291,115,484,411.73,111.64
南投縣,仁愛鄉,都達村,67,29227,436,441,160,593,321.44,73.69
南投縣,仁愛鄉,德鹿谷村,69,24598,356,337,197,436,290.83,81.58
彰化縣,彰化市,中正里,472,399791,847,422,214,1039,1429.42,168.76
彰化縣,彰化市,文化里,385,292562,760,428,209,863,1099.86,144.74
彰化縣,彰化市,新興里,1897,1582889,834,528,244,1030,996.51,119.43
彰化縣,彰化市,下廍里,1869,1762034,943,578,268,1137,1473.81,156.33
彰化縣,彰化市,民生里,465,457288,983,537,250,1104,1408.15,143.19
彰化縣,彰化市,興北里,588,446795,760,521,262,963,848.95,111.72
彰化縣,彰化市,信義里,258,237303,920,537,229,1131,1223.05,132.97
彰化縣,彰化市,陽明里,587,491686,838,517,234,1016,1063.96,127.02
彰化縣,彰化市,萬安里,1329,1029042,774,479,236,966,1017.01,131.35
彰化縣,彰化市,新華里,525,401242,764,500,230,1009,855.68,111.96
彰化縣,彰化市,光華里,261,239571,918,556,237,1176,1139.38,124.13
彰化縣,彰化市,光復里,237,255916,1080,553,213,1220,1645.09,152.35
彰化縣,彰化市,龍山里,679,572920,844,503,223,1070,1148.40,136.10
彰化縣,彰化市,中山里,248,205031,827,491,261,1165,862.42,104.32
彰化縣,彰化市,永福里,292,264464,906,527,233,1164,1136.88,125.53
彰化縣,彰化市,永生里,380,285887,752,430,220,834,1114.99,148.20
彰化縣,彰化市,桃源里,671,462274,689,397,190,741,980.81,142.37
彰化縣,彰化市,大同里,320,250799,784,517,239,993,890.73,113.65
彰化縣,彰化市,東興里,563,524487,932,483,210,1003,1492.67,160.23
彰化縣,彰化市,卦山里,856,710538,830,516,244,1037,1102.05,132.77
彰化縣,彰化市,彰安里,996,827372,831,450,214,939,1416.40,170.51
彰化縣,彰化市,福安里,392,297244,758,472,246,932,877.15,115.68
彰化縣,彰化市,西安里,956,749727,784,506,232,945,952.01,121.39
彰化縣,彰化市,成功里,550,472440,859,517,233,1045,1068.61,124.40
彰化縣,彰化市,南瑶里,2855,2381947,834,509,228,1007,1125.17,134.86
彰化縣,彰化市,華陽里,549,435600,793,473,211,896,1449.96,182.74
彰化縣,彰化市,延和里,1877,1702715,907,524,249,1070,1444.92,159.28
彰化縣,彰化市,延平里,3488,3108271,891,539,251,1064,1267.77,142.27
彰化縣,彰化市,華北里,510,357673,701,471,227,880,833.11,118.79
彰化縣,彰化市,南興里,2989,2318538,776,482,242,977,993.01,128.02
彰化縣,彰化市,富貴里,276,220577,799,485,226,966,1007.39,126.05
彰化縣,彰化市,介壽里,742,560726,756,492,240,972,854.13,113.03
彰化縣,彰化市,光南里,510,485107,951,509,248,1045,1458.21,153.30
彰化縣,彰化市,民權里,324,229764,709,423,202,869,941.58,132.78
彰化縣,彰化市,萬壽里,250,201198,805,443,255,945,1101.27,136.84
彰化縣,彰化市,中央里,252,176121,699,448,205,931,763.41,109.23
彰化縣,彰化市,忠孝里,441,422940,959,562,254,1166,1197.28,124.84
彰化縣,彰化市,五權里,1459,1019241,699,440,216,888,895.02,128.12
彰化縣,彰化市,西興里,1186,977511,824,533,229,1030,1006.60,122.13
彰化縣,彰化市,忠權里,1147,937896,818,511,241,1011,983.64,120.29
彰化縣,彰化市,長樂里,326,294271,903,521,213,1000,1442.76,159.83
彰化縣,彰化市,西勢里,1380,1160659,841,538,249,1103,993.23,118.09
彰化縣,彰化市,莿桐里,1105,793187,718,446,224,850,963.86,134.28
彰化縣,彰化市,南安里,700,386826,553,377,171,663,630.23,114.05
彰化縣,彰化市,東芳里,1144,788430,689,446,227,852,863.87,125.35
彰化縣,彰化市,南美里,658,449353,683,439,201,807,847.10,124.04
彰化縣,彰化市,平和里,1595,1205482,756,453,226,958,916.53,121.27
彰化縣,彰化市,磚磘里,1113,727455,654,411,196,807,837.12,128.08
彰化縣,彰化市,阿夷里,3123,2519707,807,543,251,1028,902.02,111.80
彰化縣,彰化市,古夷里,770,438656,570,406,185,762,601.37,105.56
彰化縣,彰化市,寶廍里,381,238036,625,368,181,804,741.45,118.68
彰化縣,彰化市,茄苳里,292,187684,643,415,210,813,728.64,113.36
彰化縣,彰化市,茄南里,1015,756657,745,476,227,857,1031.33,138.35
彰化縣,彰化市,和調里,912,692283,759,466,216,916,898.12,118.32
彰化縣,彰化市,大竹里,1109,767146,692,441,215,845,854.16,123.48
彰化縣,彰化市,竹中里,518,356574,688,449,238,902,721.41,104.80
彰化縣,彰化市,安溪里,636,417891,657,481,234,847,698.38,106.29
彰化縣,彰化市,香山里,1178,845790,718,445,216,860,916.44,127.64
彰化縣,彰化市,牛埔里,981,612907,625,421,220,760,734.58,117.57
彰化縣,彰化市,三村里,352,222876,633,355,166,689,791.87,125.06
彰化縣,彰化市,國聖里,871,577865,663,412,207,781,858.45,129.39
彰化縣,彰化市,福山里,2151,1400381,651,424,208,804,843.26,129.53
彰化縣,彰化市,中庄里,791,544764,689,425,205,866,920.00,133.58
彰化縣,彰化市,快官里,365,287149,787,441,185,850,1190.16,151.28
彰化縣,彰化市,竹巷里,248,134158,541,392,209,685,531.85,98.32
彰化縣,彰化市,福田里,387,219700,568,355,171,696,751.51,132.38
彰化縣,彰化市,石牌里,288,170557,592,380,224,741,738.49,124.70
彰化縣,彰化市,田中里,260,164488,633,445,226,785,690.47,109.14
彰化縣,彰化市,建寶里,761,605195,795,527,219,1025,1001.73,125.96
彰化縣,彰化市,復興里,1420,968967,682,455,211,858,762.28,111.71
彰化縣,彰化市,台鳳里,1401,829449,592,383,203,751,687.44,116.11
彰化縣,彰化市,向陽里,2149,2055556,957,552,248,1119,2931.92,306.52
彰化縣,彰化市,崙平里,1829,1382553,756,488,220,978,940.07,124.36
彰化縣,鹿港鎮,詔安里,672,398081,592,375,199,701,756.27,127.67
彰化縣,鹿港鎮,洋厝里,719,402110,559,392,201,676,591.74,105.81
彰化縣,鹿港鎮,海埔里,1070,635258,594,397,199,745,676.22,113.90
彰化縣,鹿港鎮,山崙里,799,458336,574,374,194,663,670.37,116.86
彰化縣,鹿港鎮,頭南里,674,455939,676,393,193,731,2003.69,296.20
彰化縣,鹿港鎮,草中里,976,623506,639,405,197,782,746.01,116.78
彰化縣,鹿港鎮,廖厝里,1455,955054,656,420,215,746,871.72,132.80
彰化縣,鹿港鎮,溝墘里,1374,931835,678,417,205,782,963.56,142.08
彰化縣,鹿港鎮,頭崙里,845,572994,678,397,198,762,876.54,129.26
彰化縣,鹿港鎮,東石里,1392,901766,648,397,199,791,874.04,134.92
彰化縣,鹿港鎮,頂番里,1286,948400,737,446,219,820,1105.07,149.84
彰化縣,鹿港鎮,郭厝里,129,80732,626,371,179,816,669.79,107.03
彰化縣,鹿港鎮,玉順里,314,201231,641,389,187,786,832.06,129.83
彰化縣,鹿港鎮,新宮里,224,127952,571,408,161,763,589.50,103.20
彰化縣,鹿港鎮,順興里,262,167333,639,374,195,788,830.07,129.97
彰化縣,鹿港鎮,中興里,181,122675,678,431,178,813,897.18,132.37
彰化縣,鹿港鎮,景福里,339,264607,781,446,243,987,964.99,123.63
彰化縣,鹿港鎮,興化里,161,104880,651,377,215,803,857.04,131.56
彰化縣,鹿港鎮,洛津里,213,154385,725,383,184,796,894.53,123.42
彰化縣,鹿港鎮,街尾里,698,564852,809,482,235,955,1034.12,127.79
彰化縣,鹿港鎮,泰興里,401,390858,975,502,262,1164,1375.48,141.12
彰化縣,鹿港鎮,埔崙里,1738,1200553,691,442,219,840,848.65,122.86
彰化縣,鹿港鎮,菜園里,278,183034,658,427,213,752,882.44,134.03
彰化縣,鹿港鎮,長興里,94,81423,866,535,259,1023,1190.23,137.41
彰化縣,鹿港鎮,東崎里,1681,1030589,613,405,203,756,780.14,127.25
彰化縣,鹿港鎮,龍山里,190,124187,654,336,179,779,772.43,118.18
彰化縣,鹿港鎮,頂厝里,1078,891080,827,449,213,899,1394.34,168.68
彰化縣,鹿港鎮,大有里,339,241141,711,456,200,927,804.51,113.10
彰化縣,鹿港鎮,永安里,1520,1098964,723,445,220,868,958.44,132.56
彰化縣,鹿港鎮,鹿和里,790,537008,680,454,217,837,793.27,116.70
彰化縣,鹿港鎮,鹿東里,919,684167,744,432,228,896,1087.70,146.10
彰化縣,和美鎮,竹營里,2175,1528632,703,466,241,890,814.14,115.84
彰化縣,和美鎮,和東里,1574,1243993,790,484,236,941,1085.00,137.28
彰化縣,和美鎮,和南里,112,83303,744,465,213,790,1146.46,154.14
彰化縣,和美鎮,和北里,676,498318,737,464,221,947,936.89,127.09
彰化縣,和美鎮,和西里,1082,830541,768,481,230,954,889.29,115.85
彰化縣,和美鎮,四張里,957,613513,641,419,211,798,770.70,120.22
彰化縣,和美鎮,頭前里,595,344213,579,393,212,697,625.75,108.17
彰化縣,和美鎮,還社里,264,129443,490,350,134,591,566.13,115.46
彰化縣,和美鎮,鎮平里,937,556897,594,399,196,746,663.69,111.67
彰化縣,和美鎮,大霞里,443,282540,638,412,204,753,832.99,130.61
彰化縣,和美鎮,源埤里,602,369140,613,386,195,745,835.66,136.28
彰化縣,和美鎮,南佃里,692,429911,621,411,200,706,789.55,127.09
彰化縣,和美鎮,雅溝里,401,261983,653,408,228,728,781.39,119.60
彰化縣,和美鎮,面前里,778,504785,649,437,206,796,807.38,124.44
彰化縣,和美鎮,山犁里,1971,1515763,769,464,226,922,1044.57,135.83
彰化縣,和美鎮,嘉犁里,625,449503,719,382,184,834,1111.88,154.60
彰化縣,和美鎮,鐵山里,948,701954,740,426,221,803,1093.23,147.64
彰化縣,和美鎮,詔安里,723,488697,676,437,215,809,931.22,137.77
彰化縣,和美鎮,柑井里,1207,849450,704,460,217,838,889.29,126.36
彰化縣,和美鎮,竹園里,307,207294,675,457,221,758,880.44,130.39
彰化縣,和美鎮,新庄里,797,532030,668,437,216,826,759.96,113.84
彰化縣,和美鎮,犁盛里,751,538111,717,425,214,862,981.93,137.04
彰化縣,和美鎮,中寮里,315,208373,662,390,207,747,850.77,128.61
彰化縣,和美鎮,中圍里,906,521208,575,413,214,740,596.12,103.62
彰化縣,和美鎮,糖友里,1674,1112914,665,436,212,848,742.37,111.66
彰化縣,和美鎮,塗厝里,578,353504,612,418,205,751,723.11,118.23
彰化縣,和美鎮,地潭里,236,128682,545,393,216,658,557.47,102.24
彰化縣,和美鎮,湖內里,386,208097,539,388,211,653,589.93,109.43
彰化縣,和美鎮,嘉寶里,601,306917,511,371,182,611,590.83,115.70
彰化縣,和美鎮,月眉里,974,533547,548,369,199,726,619.66,113.12
彰化縣,和美鎮,好修里,472,297929,631,427,226,709,914.83,144.93
彰化縣,和美鎮,仁愛里,995,682905,686,434,207,807,898.33,130.89
彰化縣,北斗鎮,光復里,546,366189,671,460,215,892,699.75,104.34
彰化縣,北斗鎮,新政里,250,232978,932,556,244,1042,1728.14,185.44
彰化縣,北斗鎮,重慶里,148,105695,714,445,221,928,782.50,109.57
彰化縣,北斗鎮,五權里,181,140172,774,514,222,858,1054.85,136.21
彰化縣,北斗鎮,七星里,366,245692,671,412,219,810,873.26,130.09
彰化縣,北斗鎮,居仁里,379,272572,719,467,211,955,839.48,116.73
彰化縣,北斗鎮,東光里,672,446324,664,444,231,833,703.37,105.90
彰化縣,北斗鎮,中和里,339,189303,558,391,181,664,661.89,118.53
彰化縣,北斗鎮,文昌里,990,637702,644,456,235,809,674.12,104.65
彰化縣,北斗鎮,西德里,1334,974033,730,432,209,830,3049.82,417.69
彰化縣,北斗鎮,西安里,558,473521,849,536,264,1130,1004.24,118.34
彰化縣,北斗鎮,中寮里,697,453283,650,462,221,897,636.72,97.91
彰化縣,北斗鎮,大道里,575,418172,727,481,228,866,788.13,108.37
彰化縣,北斗鎮,新生里,490,277583,566,396,195,678,661.32,116.74
彰化縣,北斗鎮,大新里,537,332719,620,408,212,715,1072.82,173.15
彰化縣,員林市,東和里,301,226423,752,477,228,986,890.37,118.36
彰化縣,員林市,民生里,784,513903,655,438,209,788,734.68,112.08
彰化縣,員林市,中正里,1032,845068,819,492,240,941,1135.39,138.65
彰化縣,員林市,新興里,229,206079,900,556,265,1121,1012.59,112.52
彰化縣,員林市,仁美里,828,739921,894,571,266,1143,1021.33,114.29
彰化縣,員林市,和平里,952,664602,698,433,221,871,898.40,128.69
彰化縣,員林市,光明里,241,165065,685,435,215,748,1023.85,149.48
彰化縣,員林市,中山里,184,156812,852,562,323,1042,926.41,108.70
彰化縣,員林市,黎明里,545,402023,738,412,218,872,1011.24,137.09
彰化縣,員林市,惠來里,2010,1515354,754,484,237,925,934.73,123.98
彰化縣,員林市,三義里,868,594204,685,445,214,825,842.37,123.05
彰化縣,員林市,南平里,2142,1798375,840,556,266,1085,983.57,117.15
彰化縣,員林市,大埔里,621,354821,571,421,207,740,573.59,100.39
彰化縣,員林市,源潭里,502,347940,693,452,237,909,772.74,111.49
彰化縣,員林市,三條里,1026,922915,900,558,268,1129,1000.62,111.24
彰化縣,員林市,三橋里,1023,798628,781,501,256,963,919.81,117.82
彰化縣,員林市,溝皂里,986,748336,759,523,255,1002,848.81,111.84
彰化縣,員林市,中央里,632,460139,728,487,225,862,1050.48,144.28
彰化縣,員林市,大饒里,1117,812705,728,483,243,908,803.29,110.41
彰化縣,員林市,大明里,693,392771,567,377,181,713,656.69,115.86
彰化縣,員林市,萬年里,1302,1023636,786,500,234,974,904.23,115.01
彰化縣,員林市,崙雅里,696,445030,639,425,205,804,752.14,117.63
彰化縣,員林市,振興里,785,452850,577,430,218,724,590.14,102.30
彰化縣,員林市,林厝里,803,473918,590,407,202,731,766.93,129.95
彰化縣,員林市,出水里,491,325405,663,410,199,720,1045.40,157.74
彰化縣,員林市,湖水里,294,187439,638,375,166,790,1005.42,157.70
彰化縣,員林市,大峯里,178,86777,488,353,168,600,511.81,104.98
彰化縣,員林市,鎮興里,526,286430,545,379,207,703,543.78,99.86
彰化縣,員林市,浮圳里,662,422514,638,438,214,803,674.87,105.74
彰化縣,員林市,西東里,559,346677,620,424,210,800,700.68,112.98
彰化縣,員林市,南東里,499,281237,564,340,194,654,771.30,136.85
彰化縣,員林市,中東里,498,328571,660,451,215,763,892.73,135.31
彰化縣,員林市,東北里,652,370582,568,400,194,745,573.79,100.95
彰化縣,員林市,新生里,1444,1078164,747,460,216,912,937.57,125.57
彰化縣,員林市,三和里,2224,1858243,836,525,254,1034,1022.41,122.36
彰化縣,員林市,南興里,1627,1220131,750,500,250,925,879.41,117.27
彰化縣,員林市,三愛里,1128,894125,793,541,248,992,952.26,120.13
彰化縣,員林市,三信里,890,888756,999,588,257,1166,1371.34,137.33
彰化縣,員林市,三多里,1140,1262175,1107,571,262,1131,3072.57,277.52
彰化縣,員林市,仁愛里,504,448400,890,508,244,1180,1130.63,127.08
彰化縣,員林市,忠孝里,783,611659,781,508,220,1002,870.57,111.44
彰化縣,溪湖鎮,光平里,364,235696,648,427,204,840,663.65,102.49
彰化縣,溪湖鎮,平和里,213,172005,808,516,289,967,886.51,109.78
彰化縣,溪湖鎮,太平里,564,415720,737,484,230,938,788.48,106.97
彰化縣,溪湖鎮,光華里,143,91746,642,488,246,947,532.16,82.94
彰化縣,溪湖鎮,東寮里,1232,955631,776,469,247,967,1018.94,131.36
彰化縣,溪湖鎮,西寮里,684,455525,666,466,204,849,764.81,114.84
彰化縣,溪湖鎮,大突里,1142,773936,678,453,213,834,777.47,114.72
彰化縣,溪湖鎮,北勢里,397,208837,526,379,177,657,583.06,110.84
彰化縣,溪湖鎮,汴頭里,934,592233,634,432,222,787,717.45,113.15
彰化縣,溪湖鎮,大竹里,777,564971,727,473,208,899,933.83,128.43
彰化縣,溪湖鎮,湖西里,721,463686,643,478,220,825,638.04,99.21
彰化縣,溪湖鎮,田中里,179,97042,542,402,168,677,549.98,101.45
彰化縣,溪湖鎮,河東里,437,211776,485,351,173,577,533.50,110.09
彰化縣,溪湖鎮,中山里,616,397737,646,417,183,797,979.86,151.76
彰化縣,溪湖鎮,中竹里,210,107007,510,401,215,665,454.66,89.23
彰化縣,溪湖鎮,東溪里,391,234318,599,388,192,733,688.18,114.83
彰化縣,溪湖鎮,西溪里,552,350980,636,421,211,766,852.23,134.03
彰化縣,溪湖鎮,湖東里,1403,969470,691,489,232,906,763.31,110.46
彰化縣,溪湖鎮,頂庄里,193,114544,593,386,212,730,577.46,97.30
彰化縣,溪湖鎮,忠覺里,374,232679,622,455,216,787,696.01,111.87
彰化縣,溪湖鎮,湳底里,133,91084,685,434,198,794,1037.26,151.46
彰化縣,溪湖鎮,大庭里,347,218253,629,438,222,806,739.41,117.56
彰化縣,溪湖鎮,媽厝里,250,156713,627,356,164,725,1024.28,163.40
彰化縣,溪湖鎮,西勢里,580,369449,637,437,199,817,735.04,115.39
彰化縣,溪湖鎮,番婆里,477,273348,573,399,185,734,634.03,110.64
彰化縣,田中鎮,香山里,185,102020,551,448,197,756,522.54,94.76
彰化縣,田中鎮,碧峰里,219,119887,547,400,222,664,653.00,119.29
彰化縣,田中鎮,東源里,192,120618,628,438,222,835,820.40,130.59
彰化縣,田中鎮,復興里,360,225978,628,447,240,770,612.58,97.59
彰化縣,田中鎮,平和里,359,195728,545,406,188,645,654.01,119.96
彰化縣,田中鎮,頂潭里,329,189281,575,370,204,676,884.25,153.70
彰化縣,田中鎮,中潭里,491,264813,539,393,159,693,619.01,114.77
彰化縣,田中鎮,龍潭里,130,66563,512,394,193,669,451.94,88.27
彰化縣,田中鎮,北路里,1007,705721,701,486,260,889,706.52,100.81
彰化縣,田中鎮,西路里,746,494547,663,476,239,862,683.12,103.04
彰化縣,田中鎮,東路里,305,219598,720,518,243,916,757.03,105.14
彰化縣,田中鎮,南路里,324,226727,700,458,207,785,882.11,126.06
彰化縣,田中鎮,中路里,591,440729,746,504,244,921,914.95,122.69
彰化縣,田中鎮,新庄里,714,442503,620,457,239,757,668.41,107.85
彰化縣,田中鎮,三安里,360,189401,526,367,188,634,723.25,137.47
彰化縣,田中鎮,大崙里,317,174683,551,417,207,675,551.51,100.08
彰化縣,田中鎮,沙崙里,541,350311,648,468,245,774,782.00,120.77
彰化縣,田中鎮,新民里,1357,821617,605,443,210,778,644.93,106.52
彰化縣,田中鎮,梅州里,346,201544,582,391,199,797,628.73,107.94
彰化縣,田中鎮,三民里,383,217360,568,425,202,689,685.21,120.74
彰化縣,田中鎮,三光里,211,115865,549,386,188,672,700.87,127.63
彰化縣,田中鎮,大社里,198,119992,606,459,243,775,559.24,92.28
彰化縣,二林鎮,東和里,582,473153,813,462,232,938,1936.78,238.23
彰化縣,二林鎮,南光里,977,669513,685,481,243,883,778.84,113.65
彰化縣,二林鎮,西平里,402,259082,644,484,241,864,601.96,93.40
彰化縣,二林鎮,北平里,840,563489,671,435,219,847,864.29,128.84
彰化縣,二林鎮,中西里,312,172912,554,406,203,686,587.19,105.95
彰化縣,二林鎮,廣興里,266,162262,610,407,247,680,711.89,116.70
彰化縣,二林鎮,香田里,230,139504,607,423,221,730,689.05,113.60
彰化縣,二林鎮,外竹里,173,95151,550,385,213,678,606.74,110.32
彰化縣,二林鎮,興華里,270,149664,554,400,193,709,585.51,105.63
彰化縣,二林鎮,東興里,432,279796,648,472,239,842,666.36,102.88
彰化縣,二林鎮,後厝里,1124,781839,696,474,230,861,889.01,127.81
彰化縣,二林鎮,豐田里,647,417617,645,437,209,815,814.95,126.26
彰化縣,二林鎮,頂厝里,280,168773,603,460,243,755,604.34,100.26
彰化縣,二林鎮,趙甲里,301,184732,614,429,202,796,741.55,120.83
彰化縣,二林鎮,振興里,203,113380,559,428,188,716,575.36,103.02
彰化縣,二林鎮,萬興里,165,100822,611,441,203,812,613.20,100.35
彰化縣,二林鎮,永興里,325,197413,607,375,171,674,1150.04,189.33
彰化縣,二林鎮,西庄里,270,145809,540,419,209,673,483.14,89.46
彰化縣,二林鎮,梅芳里,221,129195,585,432,212,727,613.52,104.95
彰化縣,二林鎮,華崙里,783,450706,576,409,179,711,654.37,113.68
彰化縣,二林鎮,東勢里,186,94582,509,386,210,656,492.98,96.95
彰化縣,二林鎮,大永里,180,87989,489,348,175,621,503.31,102.96
彰化縣,二林鎮,萬合里,195,123746,635,444,187,766,756.46,119.20
彰化縣,二林鎮,原斗里,258,164179,636,430,248,738,722.73,113.57
彰化縣,二林鎮,西斗里,213,127695,600,394,175,747,724.67,120.88
彰化縣,二林鎮,東華里,192,133480,695,440,229,808,1050.28,151.07
彰化縣,二林鎮,復豐里,131,77274,590,443,203,659,701.95,119.00
彰化縣,線西鄉,線西村,727,439621,605,419,215,714,802.25,132.67
彰化縣,線西鄉,頂庄村,344,196451,571,402,211,691,631.73,110.62
彰化縣,線西鄉,寓埔村,673,418533,622,427,209,803,668.17,107.44
彰化縣,線西鄉,塭仔村,354,231650,654,454,205,821,852.78,130.32
彰化縣,線西鄉,溝內村,341,185272,543,399,171,732,595.28,109.56
彰化縣,線西鄉,下犁村,578,380992,659,410,182,774,1220.58,185.17
彰化縣,線西鄉,頂犁村,824,532966,647,441,218,779,781.30,120.79
彰化縣,線西鄉,德興村,470,285284,607,437,219,774,729.97,120.26
彰化縣,伸港鄉,新港村,1754,1186099,676,441,227,819,843.94,124.80
彰化縣,伸港鄉,什股村,848,517220,610,426,214,769,710.67,116.52
彰化縣,伸港鄉,海尾村,555,317871,573,378,181,727,714.97,124.83
彰化縣,伸港鄉,全興村,440,257710,586,388,176,702,737.40,125.90
彰化縣,伸港鄉,溪底村,670,412576,616,425,226,675,909.29,147.66
彰化縣,伸港鄉,定興村,917,478572,522,361,186,678,580.83,111.29
彰化縣,伸港鄉,泉州村,581,368359,634,408,214,812,676.11,106.64
彰化縣,伸港鄉,泉厝村,413,225013,545,373,185,662,555.61,101.98
彰化縣,伸港鄉,曾家村,489,272943,558,391,225,660,638.71,114.43
彰化縣,伸港鄉,蚵寮村,259,149910,579,398,200,669,704.76,121.76
彰化縣,伸港鄉,埤墘村,532,304676,573,438,210,705,612.78,107.00
彰化縣,伸港鄉,七嘉村,1070,617048,577,392,191,709,616.29,106.87
彰化縣,伸港鄉,汴頭村,708,411791,582,367,192,691,787.13,135.33
彰化縣,伸港鄉,大同村,1083,732460,676,484,239,885,706.62,104.48
彰化縣,福興鄉,福興村,1185,747511,631,395,204,752,893.08,141.58
彰化縣,福興鄉,外中村,354,239836,678,457,253,852,746.13,110.13
彰化縣,福興鄉,元中村,404,267805,663,425,233,740,944.75,142.52
彰化縣,福興鄉,大崙村,427,281599,659,417,196,797,930.68,141.12
彰化縣,福興鄉,外埔村,482,307712,638,405,213,729,830.17,130.04
彰化縣,福興鄉,三汴村,459,292813,638,421,220,772,728.45,114.19
彰化縣,福興鄉,萬豐村,279,171920,616,366,189,771,801.86,130.13
彰化縣,福興鄉,番社村,439,271389,618,411,215,773,739.50,119.62
彰化縣,福興鄉,社尾村,398,232236,584,409,213,657,647.65,110.99
彰化縣,福興鄉,番婆村,681,401762,590,369,190,721,665.17,112.75
彰化縣,福興鄉,橋頭村,904,633201,700,412,174,754,1136.75,162.29
彰化縣,福興鄉,秀厝村,737,416670,565,355,193,711,710.27,125.63
彰化縣,福興鄉,鎮平村,300,166393,555,325,168,569,1067.26,192.42
彰化縣,福興鄉,三和村,257,185950,724,382,166,786,1225.43,169.37
彰化縣,福興鄉,麥厝村,540,311930,578,382,193,676,741.79,128.42
彰化縣,福興鄉,廈粘村,524,292601,558,402,212,663,585.53,104.86
彰化縣,福興鄉,頂粘村,647,486561,752,397,200,793,1559.74,207.40
彰化縣,福興鄉,福寶村,305,180100,590,382,185,689,777.30,131.64
彰化縣,福興鄉,二港村,356,217900,612,372,202,630,804.42,131.42
彰化縣,福興鄉,福南村,791,502187,635,396,194,718,1100.43,173.33
彰化縣,福興鄉,西勢村,568,365622,644,404,201,778,892.58,138.66
彰化縣,福興鄉,同安村,693,361681,522,359,185,657,562.76,107.83
彰化縣,秀水鄉,秀水村,490,319466,652,411,215,764,773.86,118.70
彰化縣,秀水鄉,安溪村,687,499040,726,467,223,855,881.36,121.33
彰化縣,秀水鄉,莊雅村,864,591716,685,427,206,834,863.61,126.10
彰化縣,秀水鄉,陝西村,451,272393,604,367,189,728,684.93,113.40
彰化縣,秀水鄉,金興村,510,303104,594,397,183,711,737.78,124.14
彰化縣,秀水鄉,安東村,1287,850406,661,425,204,794,830.41,125.67
彰化縣,秀水鄉,鶴鳴村,1076,699579,650,417,217,803,751.48,115.58
彰化縣,秀水鄉,馬興村,762,494581,649,409,215,767,879.82,135.55
彰化縣,秀水鄉,義興村,472,300905,638,373,204,690,935.43,146.73
彰化縣,秀水鄉,福安村,1554,1078076,694,464,230,866,836.06,120.51
彰化縣,秀水鄉,埔崙村,684,449514,657,455,216,795,788.54,119.99
彰化縣,秀水鄉,曾厝村,595,359350,604,399,203,743,850.89,140.89
彰化縣,秀水鄉,金陵村,566,379462,670,442,223,752,864.67,128.97
彰化縣,秀水鄉,下崙村,624,441414,707,420,217,796,949.40,134.21
彰化縣,花壇鄉,花壇村,1035,691458,668,455,220,833,721.04,107.93
彰化縣,花壇鄉,金墩村,528,340491,645,420,211,718,804.40,124.74
彰化縣,花壇鄉,中庄村,652,372393,571,402,194,712,658.88,115.36
彰化縣,花壇鄉,劉厝村,309,201079,651,424,187,763,957.84,147.19
彰化縣,花壇鄉,崙雅村,411,259129,630,408,189,743,989.01,156.87
彰化縣,花壇鄉,南口村,614,431434,703,480,238,880,776.30,110.48
彰化縣,花壇鄉,岩竹村,349,218276,625,380,191,750,767.81,122.77
彰化縣,花壇鄉,橋頭村,1018,571518,561,384,182,701,676.49,120.50
彰化縣,花壇鄉,灣雅村,248,129722,523,358,189,601,634.84,121.37
彰化縣,花壇鄉,灣東村,226,142182,629,383,182,899,806.07,128.13
彰化縣,花壇鄉,三春村,568,329643,580,389,189,680,696.66,120.04
彰化縣,花壇鄉,永春村,593,327516,552,400,194,671,616.93,111.70
彰化縣,花壇鄉,長春村,451,249872,554,371,186,632,719.54,129.87
彰化縣,花壇鄉,中口村,236,163102,691,510,230,838,681.75,98.65
彰化縣,花壇鄉,北口村,616,417605,678,419,218,822,1010.89,149.11
彰化縣,花壇鄉,長沙村,1697,1206506,711,453,219,887,862.36,121.29
彰化縣,花壇鄉,文德村,1001,583059,582,399,208,709,661.96,113.65
彰化縣,花壇鄉,白沙村,1543,1410001,914,466,221,920,2796.56,306.03
彰化縣,芬園鄉,社口村,714,446462,625,407,202,747,767.09,122.68
彰化縣,芬園鄉,竹林村,485,272480,562,397,195,682,691.88,123.15
彰化縣,芬園鄉,楓坑村,124,61701,498,353,171,580,549.93,110.52
彰化縣,芬園鄉,芬園村,216,112223,520,354,189,628,544.93,104.89
彰化縣,芬園鄉,大埔村,351,182682,520,350,179,620,703.24,135.12
彰化縣,芬園鄉,舊社村,451,252077,559,404,217,672,682.49,122.11
彰化縣,芬園鄉,進芬村,250,156859,627,408,196,801,695.05,110.78
彰化縣,芬園鄉,茄荖村,609,334547,549,364,196,653,645.23,117.46
彰化縣,芬園鄉,嘉興村,437,273694,626,400,210,771,800.62,127.83
彰化縣,芬園鄉,縣庄村,300,183283,611,438,210,734,733.72,120.10
彰化縣,芬園鄉,圳墘村,130,90481,696,370,197,659,1614.76,232.00
彰化縣,芬園鄉,溪頭村,462,264104,572,411,233,722,594.07,103.92
彰化縣,芬園鄉,同安村,258,129258,501,351,177,614,501.92,100.18
彰化縣,芬園鄉,中崙村,184,114365,622,404,189,834,739.82,119.03
彰化縣,芬園鄉,大竹村,228,163044,715,435,218,800,862.30,120.58
彰化縣,大村鄉,大村村,1238,834093,674,476,236,841,766.47,113.76
彰化縣,大村鄉,田洋村,345,206107,597,415,212,713,1041.97,174.41
彰化縣,大村鄉,南勢村,445,256158,576,406,202,660,655.80,113.93
彰化縣,大村鄉,貢旗村,434,262425,605,440,224,770,656.17,108.52
彰化縣,大村鄉,茄苳村,422,263471,624,406,176,732,847.71,135.78
彰化縣,大村鄉,加錫村,518,314533,607,390,186,701,1056.07,173.92
彰化縣,大村鄉,大崙村,467,239635,513,382,190,635,478.24,93.20
彰化縣,大村鄉,新興村,349,189469,543,360,180,661,622.86,114.73
彰化縣,大村鄉,擺塘村,785,517256,659,441,211,771,1109.26,168.34
彰化縣,大村鄉,村上村,489,333502,682,440,211,860,864.98,126.83
彰化縣,大村鄉,美港村,976,761817,781,442,234,795,2384.99,305.55
彰化縣,大村鄉,過溝村,1096,717068,654,455,219,817,685.20,104.73
彰化縣,大村鄉,大橋村,543,343148,632,412,210,737,871.57,137.92
彰化縣,大村鄉,黃厝村,764,439643,575,414,213,706,585.44,101.74
彰化縣,大村鄉,福興村,693,341217,492,357,175,611,535.75,108.81
彰化縣,大村鄉,平和村,787,458071,582,402,205,714,759.79,130.54
彰化縣,埔鹽鄉,埔鹽村,532,349878,658,455,226,779,771.86,117.36
彰化縣,埔鹽鄉,埔南村,469,303452,647,436,208,801,824.36,127.41
彰化縣,埔鹽鄉,廍子村,371,227531,613,414,217,710,692.80,112.96
彰化縣,埔鹽鄉,出水村,295,170243,577,374,175,683,804.44,139.39
彰化縣,埔鹽鄉,南港村,486,283536,583,400,213,744,607.31,104.10
彰化縣,埔鹽鄉,打廉村,248,137164,553,394,233,627,625.44,113.08
彰化縣,埔鹽鄉,豐澤村,339,175713,518,366,193,675,527.73,101.81
彰化縣,埔鹽鄉,崑崙村,318,240487,756,493,222,914,975.35,128.97
彰化縣,埔鹽鄉,角樹村,190,117034,616,448,210,695,818.79,132.93
彰化縣,埔鹽鄉,瓦磘村,338,209316,619,400,195,765,756.76,122.20
彰化縣,埔鹽鄉,好修村,610,369278,605,390,202,746,764.53,126.29
彰化縣,埔鹽鄉,西湖村,520,329912,634,413,200,756,855.12,134.78
彰化縣,埔鹽鄉,大有村,303,176187,581,378,202,730,650.59,111.89
彰化縣,埔鹽鄉,新興村,136,93634,688,457,196,847,825.99,119.97
彰化縣,埔鹽鄉,永平村,317,205113,647,445,194,833,763.05,117.93
彰化縣,埔鹽鄉,永樂村,222,173373,781,511,232,956,1128.30,144.48
彰化縣,埔鹽鄉,石埤村,282,145201,515,355,162,646,574.02,111.48
彰化縣,埔鹽鄉,天盛村,184,120488,655,393,159,801,800.27,122.21
彰化縣,埔鹽鄉,太平村,353,193772,549,357,151,645,699.73,127.47
彰化縣,埔鹽鄉,新水村,348,187921,540,354,181,699,604.55,111.95
彰化縣,埔鹽鄉,三省村,329,197359,600,447,189,704,737.37,122.92
彰化縣,埔鹽鄉,南新村,356,199751,561,358,172,712,626.35,111.63
彰化縣,埔心鄉,東門村,1139,726719,638,419,202,802,738.70,115.78
彰化縣,埔心鄉,埔心村,323,202443,627,394,189,745,778.06,124.14
彰化縣,埔心鄉,義民村,473,295091,624,469,231,836,615.15,98.60
彰化縣,埔心鄉,油車村,362,216700,599,372,182,678,917.28,153.23
彰化縣,埔心鄉,瓦北村,516,367036,711,447,214,867,885.08,124.43
彰化縣,埔心鄉,瓦中村,710,491881,693,457,244,927,723.11,104.38
彰化縣,埔心鄉,瓦南村,416,275168,661,423,215,729,935.65,141.45
彰化縣,埔心鄉,太平村,615,335096,545,368,194,688,614.38,112.76
彰化縣,埔心鄉,經口村,734,442571,603,429,214,776,637.73,105.77
彰化縣,埔心鄉,大華村,171,107835,631,432,218,666,789.18,125.15
彰化縣,埔心鄉,仁里村,327,197207,603,424,203,783,655.85,108.75
彰化縣,埔心鄉,舊舘村,469,349667,746,463,215,931,954.65,128.05
彰化縣,埔心鄉,南舘村,301,178826,594,391,219,671,860.04,144.76
彰化縣,埔心鄉,新舘村,252,137496,546,378,211,673,608.45,111.52
彰化縣,埔心鄉,羅厝村,319,162639,510,366,174,593,810.53,158.98
彰化縣,埔心鄉,芎蕉村,505,288298,571,427,216,703,581.33,101.83
彰化縣,埔心鄉,梧鳳村,212,115531,545,365,179,636,700.08,128.46
彰化縣,埔心鄉,二重村,408,251997,618,432,185,759,708.80,114.76
彰化縣,埔心鄉,埤霞村,201,108747,541,421,160,756,521.33,96.36
彰化縣,埔心鄉,埤脚村,261,133009,510,343,154,646,598.04,117.35
彰化縣,永靖鄉,永東村,219,155741,711,452,212,872,838.17,117.86
彰化縣,永靖鄉,永西村,470,353646,752,460,212,885,1073.60,142.68
彰化縣,永靖鄉,永北村,634,435931,688,412,185,759,1043.96,151.83
彰化縣,永靖鄉,永南村,505,298534,591,400,184,748,729.78,123.45
彰化縣,永靖鄉,港西村,453,250863,554,382,206,674,617.80,111.56
彰化縣,永靖鄉,五福村,354,208415,589,399,199,773,637.49,108.28
彰化縣,永靖鄉,湳港村,333,183387,551,361,177,656,749.72,136.14
彰化縣,永靖鄉,新莊村,312,173600,556,392,194,639,615.58,110.63
彰化縣,永靖鄉,浮圳村,353,200368,568,351,197,613,1083.91,190.96
彰化縣,永靖鄉,瑚璉村,842,523207,621,463,213,814,610.91,98.31
彰化縣,永靖鄉,五汴村,414,286418,692,439,203,756,1167.42,168.74
彰化縣,永靖鄉,光雲村,430,228307,531,371,168,694,538.65,101.45
彰化縣,永靖鄉,東寧村,539,310212,576,421,236,687,575.74,100.04
彰化縣,永靖鄉,永興村,444,273086,615,405,204,751,778.26,126.53
彰化縣,永靖鄉,崙子村,425,271580,639,402,196,808,758.73,118.74
彰化縣,永靖鄉,獨鰲村,196,97751,499,366,170,651,468.37,93.91
彰化縣,永靖鄉,敦厚村,182,123229,677,424,228,809,1157.31,170.92
彰化縣,永靖鄉,崙美村,182,97731,537,389,169,653,652.87,121.58
彰化縣,永靖鄉,同安村,159,79186,498,353,193,625,557.51,111.94
彰化縣,永靖鄉,同仁村,181,100345,554,391,213,725,587.10,105.90
彰化縣,永靖鄉,四芳村,154,75626,491,376,159,659,515.08,104.89
彰化縣,永靖鄉,湳墘村,193,96083,498,345,170,624,512.87,103.02
彰化縣,永靖鄉,福興村,275,154615,562,375,192,641,719.60,127.99
彰化縣,永靖鄉,竹子村,271,151923,561,420,188,751,565.57,100.89
彰化縣,社頭鄉,社頭村,849,596202,702,480,220,876,943.93,134.42
彰化縣,社頭鄉,廣興村,1290,783772,608,402,203,726,720.98,118.66
彰化縣,社頭鄉,仁雅村,903,617847,684,496,251,864,779.11,113.87
彰化縣,社頭鄉,崙雅村,290,202461,698,494,241,1002,650.82,93.22
彰化縣,社頭鄉,美雅村,362,232356,642,489,237,834,567.29,88.38
彰化縣,社頭鄉,里仁村,302,177619,588,429,210,707,645.31,109.72
彰化縣,社頭鄉,舊社村,495,289323,584,415,197,755,612.94,104.87
彰化縣,社頭鄉,松竹村,296,159337,538,394,198,685,533.15,99.04
彰化縣,社頭鄉,東興村,391,211205,540,397,207,643,555.38,102.82
彰化縣,社頭鄉,廣福村,234,132864,568,398,231,667,654.23,115.22
彰化縣,社頭鄉,橋頭村,559,346133,619,383,202,745,790.34,127.64
彰化縣,社頭鄉,湳底村,518,300568,580,396,201,722,684.77,118.01
彰化縣,社頭鄉,新厝村,371,223322,602,467,229,822,524.63,87.16
彰化縣,社頭鄉,張厝村,313,181004,578,427,204,740,568.96,98.39
彰化縣,社頭鄉,埤斗村,252,143710,570,383,208,694,713.96,125.20
彰化縣,社頭鄉,清水村,328,236002,720,452,220,759,1643.76,228.45
彰化縣,社頭鄉,山湖村,307,183749,599,389,198,725,682.10,113.96
彰化縣,社頭鄉,朝興村,293,206351,704,422,226,725,1571.70,223.17
彰化縣,社頭鄉,仁和村,191,106669,558,413,176,700,633.92,113.51
彰化縣,社頭鄉,泰安村,283,154591,546,369,171,650,702.59,128.62
彰化縣,社頭鄉,平和村,252,127362,505,363,184,616,567.99,112.38
彰化縣,社頭鄉,龍井村,172,92998,541,429,228,708,462.42,85.52
彰化縣,社頭鄉,湳雅村,408,226748,556,394,221,713,535.51,96.36
彰化縣,社頭鄉,協和村,592,347810,588,398,202,666,895.80,152.47
彰化縣,二水鄉,十五村,143,75814,530,406,217,688,510.02,96.20
彰化縣,二水鄉,合和村,215,115755,538,385,208,723,544.58,101.15
彰化縣,二水鄉,上豊村,210,115045,548,382,205,643,624.70,114.03
彰化縣,二水鄉,過圳村,136,86520,636,453,234,731,715.32,112.44
彰化縣,二水鄉,五伯村,171,98578,576,383,210,682,615.38,106.75
彰化縣,二水鄉,光化村,253,171575,678,452,245,877,725.57,106.99
彰化縣,二水鄉,文化村,266,163592,615,444,213,775,761.18,123.77
彰化縣,二水鄉,二水村,218,137398,630,444,199,961,569.01,90.28
彰化縣,二水鄉,聖化村,113,73365,649,484,274,779,570.33,87.84
彰化縣,二水鄉,裕民村,244,156364,641,447,217,817,785.29,122.54
彰化縣,二水鄉,惠民村,147,101885,693,495,284,934,642.13,92.65
彰化縣,二水鄉,大園村,174,102056,587,436,239,749,557.62,95.07
彰化縣,二水鄉,修仁村,182,95999,527,419,193,635,608.40,115.34
彰化縣,二水鄉,源泉村,125,112470,900,522,257,931,1841.23,204.64
彰化縣,二水鄉,倡和村,97,61733,636,434,225,772,694.03,109.05
彰化縣,二水鄉,復興村,255,124876,490,361,190,609,494.18,100.91
彰化縣,二水鄉,合興村,156,90526,580,402,221,651,583.63,100.58
彰化縣,田尾鄉,田尾村,327,200849,614,368,185,705,820.91,133.65
彰化縣,田尾鄉,豐田村,179,110093,615,444,200,793,717.81,116.71
彰化縣,田尾鄉,饒平村,774,511477,661,435,213,840,912.27,138.05
彰化縣,田尾鄉,北曾村,425,246504,580,383,202,723,674.80,116.34
彰化縣,田尾鄉,南曾村,336,205802,613,432,214,778,718.58,117.32
彰化縣,田尾鄉,睦宜村,267,162354,608,403,186,708,829.01,136.34
彰化縣,田尾鄉,新生村,363,221848,611,388,187,726,780.86,127.77
彰化縣,田尾鄉,北鎮村,342,192534,563,392,189,694,594.30,105.57
彰化縣,田尾鄉,南鎮村,135,78327,580,315,166,612,724.01,124.79
彰化縣,田尾鄉,福田村,180,109642,609,430,208,770,607.62,99.75
彰化縣,田尾鄉,新興村,242,139523,577,371,213,646,666.64,115.63
彰化縣,田尾鄉,打簾村,381,225661,592,390,154,646,780.02,131.70
彰化縣,田尾鄉,溪畔村,323,203804,631,430,202,843,720.36,114.17
彰化縣,田尾鄉,柳鳳村,222,149059,671,457,200,848,748.26,111.44
彰化縣,田尾鄉,陸豐村,201,101299,504,362,183,670,473.05,93.86
彰化縣,田尾鄉,海豐村,303,181385,599,405,187,730,971.31,162.26
彰化縣,田尾鄉,仁里村,359,188991,526,371,197,625,625.18,118.76
彰化縣,田尾鄉,新厝村,63,40707,646,407,173,656,1270.70,196.66
彰化縣,田尾鄉,溪頂村,170,108677,639,350,182,719,876.50,137.11
彰化縣,田尾鄉,正義村,255,174093,683,458,237,755,847.15,124.09
彰化縣,埤頭鄉,和豊村,596,347461,583,413,213,711,623.19,106.90
彰化縣,埤頭鄉,興農村,467,302782,648,442,246,786,709.90,109.49
彰化縣,埤頭鄉,埤頭村,386,243669,631,402,200,801,760.80,120.52
彰化縣,埤頭鄉,豊崙村,538,368787,685,443,209,788,1058.25,154.38
彰化縣,埤頭鄉,崙子村,328,210227,641,402,216,819,752.56,117.42
彰化縣,埤頭鄉,合興村,940,595739,634,441,192,752,806.16,127.20
彰化縣,埤頭鄉,平原村,677,467159,690,465,214,888,767.44,111.22
彰化縣,埤頭鄉,崙腳村,196,124611,636,390,210,756,823.99,129.60
彰化縣,埤頭鄉,元埔村,147,95592,650,449,209,752,942.01,144.86
彰化縣,埤頭鄉,芙朝村,330,187987,570,404,194,728,676.33,118.72
彰化縣,埤頭鄉,新庄村,229,152838,667,461,226,816,724.06,108.49
彰化縣,埤頭鄉,陸嘉村,199,126652,636,414,233,829,754.35,118.53
彰化縣,埤頭鄉,竹圍村,271,150563,556,425,169,691,531.13,95.60
彰化縣,埤頭鄉,中和村,334,233162,698,464,232,807,912.91,130.77
彰化縣,埤頭鄉,庄內村,248,149413,602,391,208,743,771.28,128.02
彰化縣,埤頭鄉,大湖村,213,115630,543,356,171,639,955.36,175.98
彰化縣,埤頭鄉,永豐村,400,282808,707,447,203,871,934.96,132.24
彰化縣,芳苑鄉,芳苑村,151,86563,573,383,196,658,701.37,122.35
彰化縣,芳苑鄉,芳中村,59,26852,455,411,182,614,402.23,88.38
彰化縣,芳苑鄉,仁愛村,146,97629,669,435,224,722,975.29,145.85
彰化縣,芳苑鄉,信義村,79,46233,585,377,193,644,648.94,110.89
彰化縣,芳苑鄉,後寮村,214,128324,600,368,232,674,830.78,138.55
彰化縣,芳苑鄉,三合村,522,287574,551,385,217,692,609.59,110.65
彰化縣,芳苑鄉,永興村,239,145901,610,409,247,760,691.00,113.19
彰化縣,芳苑鄉,頂廍村,113,63039,558,471,216,719,490.28,87.89
彰化縣,芳苑鄉,五俊村,77,52636,684,316,163,537,1389.36,203.25
彰化縣,芳苑鄉,王功村,334,193538,579,409,234,775,546.17,94.26
彰化縣,芳苑鄉,博愛村,116,66093,570,340,188,689,843.72,148.08
彰化縣,芳苑鄉,和平村,101,45705,453,351,148,537,461.48,101.98
彰化縣,芳苑鄉,興仁村,188,114607,610,405,177,694,748.16,122.73
彰化縣,芳苑鄉,民生村,119,88983,748,504,266,912,942.76,126.08
彰化縣,芳苑鄉,新寶村,264,142286,539,350,166,597,1024.28,190.05
彰化縣,芳苑鄉,漢寶村,719,421056,586,369,186,658,937.88,160.15
彰化縣,芳苑鄉,路上村,97,51536,531,429,199,679,422.93,79.60
彰化縣,芳苑鄉,路平村,176,99453,565,424,199,746,525.54,93.00
彰化縣,芳苑鄉,三成村,192,107952,562,385,179,634,688.81,122.51
彰化縣,芳苑鄉,福榮村,89,57241,643,444,265,789,722.13,112.28
彰化縣,芳苑鄉,新街村,100,58803,588,410,247,742,646.05,109.87
彰化縣,芳苑鄉,草湖村,303,181138,598,395,200,710,744.69,124.57
彰化縣,芳苑鄉,建平村,410,195295,476,353,182,630,451.89,94.87
彰化縣,芳苑鄉,新生村,207,105854,511,383,192,651,536.43,104.90
彰化縣,芳苑鄉,文津村,178,94926,533,374,186,645,611.00,114.57
彰化縣,芳苑鄉,崙腳村,148,80141,541,383,205,685,580.74,107.25
彰化縣,大城鄉,潭墘村,176,116730,663,369,157,647,1235.61,186.30
彰化縣,大城鄉,上山村,192,114607,597,420,193,751,682.57,114.35
彰化縣,大城鄉,東城村,299,189898,635,452,246,748,666.94,105.01
彰化縣,大城鄉,大城村,230,120508,524,396,202,661,558.76,106.64
彰化縣,大城鄉,西城村,156,84320,541,348,196,674,555.32,102.74
彰化縣,大城鄉,山腳村,219,129230,590,384,208,752,633.72,107.39
彰化縣,大城鄉,永和村,115,75472,656,427,238,765,753.10,114.75
彰化縣,大城鄉,菜寮村,155,97378,628,381,197,722,756.92,120.48
彰化縣,大城鄉,公館村,146,80661,552,381,209,689,530.55,96.03
彰化縣,大城鄉,頂庄村,87,55899,643,404,241,824,714.64,111.22
彰化縣,大城鄉,臺西村,122,62469,512,296,182,591,665.18,129.91
彰化縣,大城鄉,東港村,195,105458,541,380,220,693,530.98,98.18
彰化縣,大城鄉,西港村,128,70883,554,397,195,671,538.83,97.30
彰化縣,大城鄉,豐美村,142,73251,516,398,224,719,397.36,77.03
彰化縣,大城鄉,三豐村,85,42591,501,333,135,695,584.23,116.59
彰化縣,竹塘鄉,竹元村,284,167924,591,402,206,768,660.75,111.75
彰化縣,竹塘鄉,竹塘村,520,358769,690,455,235,857,845.04,122.48
彰化縣,竹塘鄉,小西村,143,91168,638,506,220,817,561.05,88.00
彰化縣,竹塘鄉,五庄村,305,172715,566,403,205,712,554.59,97.94
彰化縣,竹塘鄉,樹腳村,131,70828,541,414,237,669,456.42,84.42
彰化縣,竹塘鄉,田頭村,215,135445,630,477,244,823,573.05,90.96
彰化縣,竹塘鄉,新廣村,227,136326,601,427,214,762,587.21,97.78
彰化縣,竹塘鄉,溪墘村,63,36836,585,442,260,742,520.16,88.96
彰化縣,竹塘鄉,竹林村,154,86944,565,372,176,593,734.77,130.15
彰化縣,竹塘鄉,土庫村,103,54207,526,410,167,664,644.86,122.53
彰化縣,竹塘鄉,內新村,85,58962,694,470,274,888,650.46,93.77
彰化縣,竹塘鄉,長安村,124,67873,547,352,159,688,651.54,119.03
彰化縣,竹塘鄉,永安村,85,46745,550,420,152,850,523.71,95.23
彰化縣,竹塘鄉,民靖村,149,104220,699,444,280,815,851.98,121.81
彰化縣,溪州鄉,溪厝村,447,243186,544,382,203,673,615.48,113.13
彰化縣,溪州鄉,坑厝村,144,85009,590,420,240,737,585.81,99.23
彰化縣,溪州鄉,瓦厝村,231,138188,598,447,230,726,697.63,116.62
彰化縣,溪州鄉,溪州村,406,285409,703,482,266,870,794.38,113.00
彰化縣,溪州鄉,尾厝村,505,345881,685,442,215,881,846.34,123.57
彰化縣,溪州鄉,東州村,565,378763,670,409,209,747,976.88,145.72
彰化縣,溪州鄉,舊眉村,373,237241,636,410,205,681,1231.22,193.58
彰化縣,溪州鄉,圳寮村,291,161615,555,407,173,708,630.56,113.54
彰化縣,溪州鄉,西畔村,371,193056,520,381,205,658,548.24,105.36
彰化縣,溪州鄉,成功村,374,199757,534,364,153,714,582.26,109.01
彰化縣,溪州鄉,大庄村,349,205038,588,391,176,709,922.06,156.95
彰化縣,溪州鄉,柑園村,196,114075,582,370,177,613,907.87,155.99
彰化縣,溪州鄉,潮洋村,144,82156,571,385,186,771,577.90,101.29
彰化縣,溪州鄉,張厝村,113,67495,597,426,157,734,645.02,107.99
彰化縣,溪州鄉,菜公村,156,92837,595,429,214,750,624.29,104.90
彰化縣,溪州鄉,三圳村,271,156874,579,386,201,657,944.09,163.09
彰化縣,溪州鄉,三條村,181,117309,648,455,206,843,659.47,101.75
彰化縣,溪州鄉,水尾村,372,238106,640,434,196,768,856.97,133.89
彰化縣,溪州鄉,榮光村,145,69513,479,396,225,623,430.39,89.78
雲林縣,斗六市,忠孝里,437,380711,871,580,273,1057,1262.92,144.96
雲林縣,斗六市,仁愛里,332,269471,812,458,224,852,1276.11,157.22
雲林縣,斗六市,信義里,212,188360,888,482,241,996,1286.72,144.82
雲林縣,斗六市,四維里,184,117164,637,437,176,747,827.29,129.92
雲林縣,斗六市,太平里,261,226160,867,565,278,1048,1060.59,122.40
雲林縣,斗六市,中和里,238,192517,809,579,239,1072,872.31,107.84
雲林縣,斗六市,光興里,219,156667,715,438,236,778,976.24,136.46
雲林縣,斗六市,三平里,1838,1664451,906,586,277,1194,1037.75,114.60
雲林縣,斗六市,八德里,1051,676298,643,439,236,801,714.29,111.00
雲林縣,斗六市,鎮北里,930,645390,694,470,249,883,752.94,108.50
雲林縣,斗六市,龍潭里,649,799297,1232,720,337,1643,1497.76,121.61
雲林縣,斗六市,鎮南里,1198,906764,757,512,258,945,815.21,107.70
雲林縣,斗六市,林頭里,1326,893979,674,460,238,863,711.62,105.55
雲林縣,斗六市,重光里,721,437163,606,407,207,679,877.01,144.64
雲林縣,斗六市,溝埧里,244,193942,795,517,258,1074,799.29,100.56
雲林縣,斗六市,江厝里,657,366877,558,396,191,682,669.98,119.98
雲林縣,斗六市,三光里,122,73260,600,381,184,808,717.47,119.48
雲林縣,斗六市,崙峯里,853,683597,801,530,272,1040,918.78,114.65
雲林縣,斗六市,嘉東里,541,426650,789,523,261,1051,839.99,106.51
雲林縣,斗六市,久安里,765,538746,704,483,218,870,867.46,123.18
雲林縣,斗六市,長平里,629,421471,670,509,291,848,713.15,106.43
雲林縣,斗六市,保庄里,1991,1662394,835,588,277,1103,892.58,106.90
雲林縣,斗六市,虎溪里,1068,770169,721,455,233,819,1367.77,189.67
雲林縣,斗六市,梅林里,498,342894,689,429,232,768,1258.34,182.75
雲林縣,斗六市,湖山里,250,140060,560,383,200,711,624.14,111.41
雲林縣,斗六市,榴中里,1466,866263,591,419,237,706,739.71,125.18
雲林縣,斗六市,榴北里,289,141607,490,386,212,638,424.42,86.62
雲林縣,斗六市,榴南里,753,457638,608,458,255,736,691.35,113.75
雲林縣,斗六市,長安里,1105,741479,671,467,233,829,797.10,118.79
雲林縣,斗六市,溪洲里,1012,618634,611,458,246,732,596.32,97.55
雲林縣,斗六市,十三里,324,217455,671,444,235,786,832.46,124.03
雲林縣,斗六市,鎮東里,863,669574,776,533,266,1023,777.09,100.16
雲林縣,斗六市,鎮西里,1214,1016630,837,507,253,1013,1178.64,140.75
雲林縣,斗六市,社口里,749,549549,734,474,240,924,927.41,126.40
雲林縣,斗六市,公正里,1059,788057,744,496,252,953,934.77,125.62
雲林縣,斗六市,成功里,909,789249,868,574,270,1046,1052.70,121.24
雲林縣,斗六市,明德里,1357,1161123,856,581,282,1085,963.45,112.60
雲林縣,斗六市,公誠里,714,552995,775,484,259,972,908.69,117.33
雲林縣,斗六市,文化里,827,673899,815,524,287,1054,907.77,111.40
雲林縣,斗六市,正心里,720,728576,1012,582,294,1121,1590.79,157.21
雲林縣,斗南鎮,南昌里,641,487325,760,477,226,929,941.33,123.82
雲林縣,斗南鎮,新光里,872,596151,684,486,239,897,695.69,101.76
雲林縣,斗南鎮,小東里,380,257001,676,447,205,830,758.37,112.13
雲林縣,斗南鎮,大東里,220,117243,533,354,199,637,736.79,138.25
雲林縣,斗南鎮,埤麻里,205,121261,592,401,191,722,738.06,124.77
雲林縣,斗南鎮,西伯里,233,120291,516,371,211,659,527.04,102.09
雲林縣,斗南鎮,新崙里,336,193035,575,401,200,725,642.90,111.91
雲林縣,斗南鎮,東仁里,357,264601,741,497,253,991,837.00,112.93
雲林縣,斗南鎮,西岐里,699,553329,792,519,252,982,1000.51,126.39
雲林縣,斗南鎮,舊社里,856,574403,671,466,229,895,724.52,107.97
雲林縣,斗南鎮,田頭里,642,407968,635,455,229,771,717.91,112.97
雲林縣,斗南鎮,中天里,419,315796,754,518,252,917,837.44,111.11
雲林縣,斗南鎮,北銘里,457,293812,643,433,212,858,797.37,124.03
雲林縣,斗南鎮,明昌里,1095,776934,710,476,233,943,747.51,105.35
雲林縣,斗南鎮,東明里,263,156475,595,414,184,650,787.38,132.34
雲林縣,斗南鎮,新南里,145,67855,468,345,151,611,514.12,109.86
雲林縣,斗南鎮,阿丹里,229,125056,546,383,181,709,580.03,106.21
雲林縣,斗南鎮,將軍里,427,285360,668,486,251,819,686.93,102.79
雲林縣,斗南鎮,林子里,348,191792,551,402,210,716,576.38,104.58
雲林縣,斗南鎮,石龜里,186,100142,538,437,232,705,445.07,82.67
雲林縣,斗南鎮,石溪里,195,124363,638,441,217,781,712.30,111.69
雲林縣,斗南鎮,靖興里,232,171739,740,473,269,888,943.58,127.47
雲林縣,斗南鎮,大同里,1029,783712,762,524,260,997,841.91,110.54
雲林縣,斗南鎮,僑真里,729,491895,675,487,241,867,721.90,106.99
雲林縣,虎尾鎮,東仁里,842,687004,816,513,237,1074,873.63,107.07
雲林縣,虎尾鎮,新興里,533,418673,786,516,254,1049,912.21,116.13
雲林縣,虎尾鎮,公安里,938,735138,784,538,250,1049,822.45,104.94
雲林縣,虎尾鎮,德興里,692,487678,705,483,233,950,731.93,103.86
雲林縣,虎尾鎮,中山里,277,203174,733,447,215,918,834.60,113.79
雲林縣,虎尾鎮,西安里,1023,781841,764,503,260,982,845.75,110.66
雲林縣,虎尾鎮,安慶里,472,394871,837,568,282,1028,951.02,113.68
雲林縣,虎尾鎮,平和里,1763,1758779,998,765,351,1354,891.85,89.40
雲林縣,虎尾鎮,興南里,747,646007,865,602,284,1169,882.23,102.02
雲林縣,虎尾鎮,新吉里,1370,1282421,936,651,284,1241,953.44,101.86
雲林縣,虎尾鎮,穎川里,603,475990,789,547,236,1033,859.74,108.91
雲林縣,虎尾鎮,延平里,301,214985,714,484,243,976,965.19,135.14
雲林縣,虎尾鎮,惠來里,534,314129,588,421,209,747,581.34,98.82
雲林縣,虎尾鎮,頂溪里,576,348298,605,439,206,775,699.82,115.73
雲林縣,虎尾鎮,中溪里,358,198624,555,399,209,703,705.96,127.24
雲林縣,虎尾鎮,下溪里,404,270142,669,416,197,818,866.37,129.57
雲林縣,虎尾鎮,埒內里,704,489920,696,479,250,940,687.36,98.77
雲林縣,虎尾鎮,堀頭里,238,165062,694,524,230,981,647.69,93.39
雲林縣,虎尾鎮,安溪里,518,350615,677,447,241,862,786.72,116.23
雲林縣,虎尾鎮,興中里,431,308728,716,459,218,921,842.41,117.61
雲林縣,虎尾鎮,廉使里,1178,934526,793,553,271,1083,821.29,103.53
雲林縣,虎尾鎮,東屯里,300,199435,665,514,258,886,623.00,93.71
雲林縣,虎尾鎮,西屯里,332,214581,646,430,211,851,667.02,103.20
雲林縣,虎尾鎮,芳草里,200,105303,527,374,192,703,478.60,90.90
雲林縣,虎尾鎮,墾地里,820,706868,862,640,319,1135,876.77,101.71
雲林縣,虎尾鎮,北溪里,209,132146,632,482,221,812,619.95,98.05
雲林縣,虎尾鎮,三合里,339,263499,777,553,266,998,810.60,104.29
雲林縣,虎尾鎮,建國里,128,83041,649,462,263,936,592.54,91.33
雲林縣,虎尾鎮,立仁里,1194,980385,821,573,289,1058,934.71,113.84
雲林縣,西螺鎮,振興里,304,211275,695,427,171,851,888.88,127.90
雲林縣,西螺鎮,大園里,451,294815,654,490,230,887,615.20,94.11
雲林縣,西螺鎮,廣福里,581,415362,715,521,234,941,740.85,103.63
雲林縣,西螺鎮,正興里,802,576748,719,468,240,916,808.33,112.40
雲林縣,西螺鎮,永安里,79,44966,569,396,149,788,546.77,96.06
雲林縣,西螺鎮,中和里,148,104229,704,488,250,885,696.61,98.91
雲林縣,西螺鎮,福興里,165,104816,635,390,180,806,784.21,123.45
雲林縣,西螺鎮,光華里,272,204884,753,484,244,1024,806.67,107.09
雲林縣,西螺鎮,新安里,236,150353,637,440,200,775,687.84,107.97
雲林縣,西螺鎮,新豐里,299,184551,617,428,208,774,645.70,104.61
雲林縣,西螺鎮,中興里,801,616281,769,546,259,1044,764.80,99.40
雲林縣,西螺鎮,漢光里,1289,891835,692,512,243,945,687.74,99.40
雲林縣,西螺鎮,詔安里,236,160584,680,444,213,883,688.20,101.14
雲林縣,西螺鎮,河南里,256,172018,672,489,227,893,664.30,98.86
雲林縣,西螺鎮,安定里,368,234673,638,451,205,795,722.92,113.36
雲林縣,西螺鎮,福田里,285,176236,618,436,222,734,732.63,118.48
雲林縣,西螺鎮,吳厝里,226,109710,485,371,179,621,544.55,112.18
雲林縣,西螺鎮,九隆里,149,85190,572,405,165,754,586.64,102.61
雲林縣,西螺鎮,下湳里,154,91430,594,425,202,756,609.32,102.63
雲林縣,西螺鎮,七座里,162,95770,591,417,215,622,774.82,131.06
雲林縣,西螺鎮,公舘里,295,173904,590,416,236,737,615.49,104.41
雲林縣,西螺鎮,大新里,279,168075,602,399,170,792,697.81,115.83
雲林縣,西螺鎮,埤頭里,183,118488,647,424,231,694,824.69,127.37
雲林縣,西螺鎮,廣興里,188,137796,733,463,208,986,807.24,110.14
雲林縣,西螺鎮,東興里,194,119105,614,390,204,726,685.81,111.71
雲林縣,西螺鎮,頂湳里,177,108118,611,381,173,824,691.03,113.13
雲林縣,西螺鎮,鹿場里,331,199222,602,422,225,717,710.38,118.03
雲林縣,土庫鎮,忠正里,219,173424,792,511,225,878,1548.51,195.55
雲林縣,土庫鎮,順天里,225,175094,778,488,264,876,887.73,114.07
雲林縣,土庫鎮,宮北里,391,302548,774,515,263,973,935.04,120.84
雲林縣,土庫鎮,越港里,333,285905,859,641,280,1107,973.79,113.42
雲林縣,土庫鎮,溪邊里,242,128723,532,364,188,711,593.75,111.63
雲林縣,土庫鎮,興新里,347,237316,684,456,248,870,762.01,111.42
雲林縣,土庫鎮,奮起里,227,132522,584,388,186,680,732.72,125.51
雲林縣,土庫鎮,埤腳里,232,153357,661,423,214,799,733.75,111.00
雲林縣,土庫鎮,大荖里,206,132574,644,409,221,774,706.58,109.79
雲林縣,土庫鎮,石廟里,925,705636,763,576,261,1040,731.62,95.91
雲林縣,土庫鎮,東平里,401,255283,637,442,211,817,707.05,111.06
雲林縣,土庫鎮,南平里,381,243661,640,471,241,811,711.05,111.18
雲林縣,土庫鎮,西平里,372,228886,615,452,225,786,662.77,107.72
雲林縣,土庫鎮,北平里,172,95732,557,393,187,726,599.77,107.76
雲林縣,土庫鎮,後埔里,520,301022,579,435,237,758,570.09,98.48
雲林縣,土庫鎮,崙內里,309,169302,548,398,212,715,595.16,108.63
雲林縣,土庫鎮,新庄里,249,176755,710,412,219,832,927.80,130.70
雲林縣,北港鎮,東陽里,151,100585,666,464,236,957,646.30,97.02
雲林縣,北港鎮,光民里,178,102426,575,441,224,763,524.41,91.13
雲林縣,北港鎮,東華里,86,61485,715,468,224,972,731.42,102.31
雲林縣,北港鎮,南安里,196,185224,945,502,254,946,2013.54,213.07
雲林縣,北港鎮,中和里,103,65530,636,457,192,886,776.31,122.02
雲林縣,北港鎮,義民里,89,63487,713,516,235,960,961.79,134.83
雲林縣,北港鎮,共榮里,113,76651,678,420,222,923,697.32,102.80
雲林縣,北港鎮,西勢里,256,178808,698,440,231,880,981.20,140.48
雲林縣,北港鎮,仁和里,131,88795,678,453,209,810,810.62,119.59
雲林縣,北港鎮,賜福里,75,52017,694,417,190,798,939.95,135.52
雲林縣,北港鎮,公舘里,121,70732,585,410,219,707,794.22,135.87
雲林縣,北港鎮,大同里,297,186433,628,430,224,823,650.23,103.59
雲林縣,北港鎮,仁安里,118,82414,698,467,243,807,794.36,113.74
雲林縣,北港鎮,華勝里,1441,1037199,720,503,226,928,756.28,105.07
雲林縣,北港鎮,光復里,535,405294,758,547,248,1016,734.36,96.94
雲林縣,北港鎮,新街里,2008,1556041,775,554,251,1025,815.87,105.28
雲林縣,北港鎮,劉厝里,269,165950,617,405,198,764,866.91,140.52
雲林縣,北港鎮,後溝里,196,123789,632,464,216,763,650.05,102.92
雲林縣,北港鎮,新厝里,77,41947,545,405,198,719,543.90,99.84
雲林縣,北港鎮,府番里,163,101694,624,472,248,813,602.30,96.54
雲林縣,北港鎮,草湖里,284,175276,617,392,200,749,677.33,109.75
雲林縣,北港鎮,溝皂里,201,134413,669,428,195,761,929.16,138.95
雲林縣,北港鎮,番溝里,130,80262,617,385,210,713,754.38,122.19
雲林縣,北港鎮,大北里,82,69690,850,480,231,866,1434.93,168.84
雲林縣,北港鎮,好收里,327,196248,600,437,231,768,600.06,99.99
雲林縣,北港鎮,樹腳里,785,533028,679,516,255,874,684.91,100.87
雲林縣,北港鎮,扶朝里,196,101005,515,388,193,689,503.44,97.69
雲林縣,北港鎮,水埔里,94,59571,634,431,210,941,717.75,113.26
雲林縣,古坑鄉,古坑村,588,345840,588,414,224,754,701.89,119.34
雲林縣,古坑鄉,朝陽村,579,344392,595,439,229,843,557.56,93.74
雲林縣,古坑鄉,西平村,463,289337,625,450,212,882,582.82,93.26
雲林縣,古坑鄉,永光村,542,311100,574,386,205,746,624.46,108.79
雲林縣,古坑鄉,永昌村,493,313387,636,432,220,824,675.17,106.21
雲林縣,古坑鄉,湳仔村,162,104211,643,478,189,820,593.34,92.24
雲林縣,古坑鄉,水碓村,272,147259,541,409,231,748,457.42,84.49
雲林縣,古坑鄉,田心村,329,213249,648,440,231,846,761.62,117.50
雲林縣,古坑鄉,高林村,282,149756,531,397,204,705,486.51,91.61
雲林縣,古坑鄉,荷苞村,307,214702,699,441,226,822,1219.93,174.44
雲林縣,古坑鄉,東和村,864,516016,597,421,221,716,613.79,102.77
雲林縣,古坑鄉,新庄村,283,158135,559,441,254,715,480.58,86.01
雲林縣,古坑鄉,棋盤村,469,262080,559,386,200,680,611.23,109.38
雲林縣,古坑鄉,麻園村,172,99054,576,377,194,694,778.06,135.10
雲林縣,古坑鄉,崁腳村,292,152550,522,393,194,670,535.74,102.55
雲林縣,古坑鄉,華山村,127,68150,537,348,188,568,698.63,130.19
雲林縣,古坑鄉,華南村,46,28377,617,405,153,679,967.04,156.76
雲林縣,古坑鄉,桂林村,177,116900,660,540,204,772,812.56,123.03
雲林縣,古坑鄉,樟湖村,65,35358,544,343,176,738,570.25,104.83
雲林縣,古坑鄉,草嶺村,67,36346,542,345,168,717,541.41,99.80
雲林縣,大埤鄉,北和村,171,109325,639,457,265,802,707.31,110.63
雲林縣,大埤鄉,南和村,575,354735,617,411,221,772,641.57,103.99
雲林縣,大埤鄉,大德村,183,147775,808,439,258,793,1683.69,208.50
雲林縣,大埤鄉,松竹村,205,124236,606,451,224,749,570.45,94.13
雲林縣,大埤鄉,尚義村,460,266176,579,393,205,699,719.04,124.26
雲林縣,大埤鄉,嘉興村,399,246317,617,410,223,725,971.18,157.32
雲林縣,大埤鄉,豐田村,450,262923,584,421,218,712,585.23,100.16
雲林縣,大埤鄉,三結村,279,155333,557,377,203,733,598.38,107.48
雲林縣,大埤鄉,吉田村,135,67898,503,313,135,604,583.71,116.06
雲林縣,大埤鄉,豐岡村,144,79477,552,375,179,660,564.48,102.27
雲林縣,大埤鄉,聯美村,215,132237,615,435,190,739,714.88,116.23
雲林縣,大埤鄉,怡然村,163,111725,685,374,181,697,1164.77,169.93
雲林縣,大埤鄉,北鎮村,146,80629,552,387,209,650,662.55,119.97
雲林縣,大埤鄉,興安村,122,73649,604,449,255,760,550.51,91.19
雲林縣,大埤鄉,西鎮村,118,68978,585,376,208,745,667.63,114.21
雲林縣,莿桐鄉,莿桐村,1179,813888,690,481,242,858,782.43,113.34
雲林縣,莿桐鄉,甘厝村,186,112916,607,411,200,731,660.18,108.75
雲林縣,莿桐鄉,甘西村,354,207192,585,386,204,742,696.01,118.92
雲林縣,莿桐鄉,興桐村,263,142172,541,375,204,697,548.56,101.48
雲林縣,莿桐鄉,義和村,226,161725,716,440,204,882,1139.18,159.19
雲林縣,莿桐鄉,埔子村,563,341719,607,424,233,793,626.55,103.23
雲林縣,莿桐鄉,大美村,882,562882,638,472,228,815,638.41,100.04
雲林縣,莿桐鄉,埔尾村,334,189147,566,423,218,699,629.58,111.17
雲林縣,莿桐鄉,饒平村,269,149019,554,399,217,664,573.18,103.47
雲林縣,莿桐鄉,興貴村,439,240245,547,388,187,750,545.51,99.68
雲林縣,莿桐鄉,四合村,382,227855,596,447,224,735,609.72,102.22
雲林縣,莿桐鄉,麻園村,285,163574,574,417,228,730,516.14,89.93
雲林縣,莿桐鄉,五華村,271,124426,459,346,196,590,440.79,96.01
雲林縣,莿桐鄉,六合村,459,251960,549,407,219,668,944.47,172.06
雲林縣,林內鄉,林南村,252,134554,534,387,223,654,564.97,105.81
雲林縣,林內鄉,林中村,1053,607191,577,429,216,713,582.18,100.96
雲林縣,林內鄉,林北村,510,279612,548,390,203,736,554.08,101.06
雲林縣,林內鄉,坪頂村,96,53940,562,367,206,621,732.45,130.36
雲林縣,林內鄉,林茂村,167,86869,520,348,172,670,506.78,97.43
雲林縣,林內鄉,湖本村,153,92201,603,364,190,591,1184.88,196.62
雲林縣,林內鄉,九芎村,688,358309,521,371,199,654,600.05,115.22
雲林縣,林內鄉,烏塗村,275,154780,563,428,222,675,566.64,100.68
雲林縣,林內鄉,烏麻村,256,135511,529,393,202,668,512.06,96.74
雲林縣,林內鄉,重興村,403,239044,593,431,223,734,581.56,98.04
雲林縣,二崙鄉,崙東村,356,241006,677,484,233,896,732.89,108.26
雲林縣,二崙鄉,崙西村,380,277569,730,506,212,965,845.10,115.70
雲林縣,二崙鄉,來惠村,275,169248,615,412,185,766,669.50,108.78
雲林縣,二崙鄉,三和村,294,189055,643,443,193,832,697.20,108.42
雲林縣,二崙鄉,湳仔村,249,154675,621,442,257,824,590.78,95.10
雲林縣,二崙鄉,田尾村,357,247884,694,491,260,874,820.96,118.23
雲林縣,二崙鄉,港後村,298,219749,737,467,265,851,1306.56,177.18
雲林縣,二崙鄉,庄西村,148,81293,549,353,164,681,644.09,117.26
雲林縣,二崙鄉,大義村,154,102112,663,450,201,932,690.88,104.19
雲林縣,二崙鄉,大庄村,200,121724,609,394,211,738,637.75,104.79
雲林縣,二崙鄉,復興村,148,85590,578,384,189,726,742.39,128.37
雲林縣,二崙鄉,油車村,394,255626,649,467,194,863,675.52,104.12
雲林縣,二崙鄉,大同村,157,107813,687,428,174,907,786.52,114.54
雲林縣,二崙鄉,大華村,139,94145,677,448,199,906,695.23,102.65
雲林縣,二崙鄉,義庄村,104,56708,545,412,179,731,494.57,90.70
雲林縣,二崙鄉,楊賢村,238,129215,543,406,195,736,493.20,90.84
雲林縣,二崙鄉,定安村,157,89817,572,375,186,762,582.57,101.83
雲林縣,二崙鄉,永定村,261,150834,578,434,211,815,542.57,93.88
雲林縣,崙背鄉,東明村,252,183900,730,421,206,884,904.79,123.98
雲林縣,崙背鄉,西榮村,317,222311,701,457,212,905,912.99,130.19
雲林縣,崙背鄉,南陽村,608,454999,748,533,263,901,873.45,116.72
雲林縣,崙背鄉,崙前村,424,301428,711,489,250,927,776.49,109.22
雲林縣,崙背鄉,羅厝村,469,289746,618,460,197,810,676.74,109.54
雲林縣,崙背鄉,港尾村,260,173397,667,400,251,806,718.77,107.78
雲林縣,崙背鄉,阿勸村,363,245532,676,456,206,872,784.24,115.94
雲林縣,崙背鄉,五魁村,148,104593,707,465,180,979,882.36,124.85
雲林縣,崙背鄉,大有村,263,168443,640,449,235,908,569.71,88.95
雲林縣,崙背鄉,豐榮村,309,225698,730,545,273,1006,708.65,97.02
雲林縣,崙背鄉,舊庄村,174,116411,669,502,213,888,690.57,103.22
雲林縣,崙背鄉,草湖村,231,125846,545,420,237,694,496.59,91.15
雲林縣,崙背鄉,水尾村,220,147338,670,441,221,805,837.37,125.03
雲林縣,崙背鄉,枋南村,135,102408,759,541,298,984,801.81,105.70
雲林縣,麥寮鄉,麥豐村,2377,1964438,826,632,284,1112,811.21,98.16
雲林縣,麥寮鄉,麥津村,1236,936325,758,556,243,1032,741.23,97.85
雲林縣,麥寮鄉,瓦磘村,548,387813,708,491,222,896,875.45,123.71
雲林縣,麥寮鄉,崙後村,719,526185,732,512,233,958,941.97,128.71
雲林縣,麥寮鄉,興華村,773,528007,683,498,253,938,650.32,95.21
雲林縣,麥寮鄉,後安村,854,579880,679,455,218,882,785.72,115.71
雲林縣,麥寮鄉,海豐村,617,414633,672,491,239,891,739.77,110.08
雲林縣,麥寮鄉,三盛村,627,491042,783,616,274,1058,776.95,99.21
雲林縣,麥寮鄉,新吉村,303,185626,613,453,191,903,561.00,91.57
雲林縣,麥寮鄉,橋頭村,1190,862188,725,539,255,946,768.19,106.03
雲林縣,麥寮鄉,施厝村,1043,775747,744,550,250,976,1179.19,158.54
雲林縣,麥寮鄉,雷厝村,585,384694,658,484,229,866,642.41,97.69
雲林縣,麥寮鄉,中興村,407,325858,801,518,261,999,981.67,122.61
雲林縣,東勢鄉,東北村,290,213619,737,542,277,898,1376.21,186.83
雲林縣,東勢鄉,東南村,347,241835,697,551,224,945,712.34,102.21
雲林縣,東勢鄉,嘉隆村,305,202614,664,449,211,929,711.37,107.08
雲林縣,東勢鄉,月眉村,216,149630,693,491,235,901,719.22,103.82
雲林縣,東勢鄉,復興村,112,79837,713,447,181,1007,803.57,112.73
雲林縣,東勢鄉,昌南村,172,116054,675,515,272,908,543.65,80.57
雲林縣,東勢鄉,安南村,153,98113,641,472,244,874,632.03,98.56
雲林縣,東勢鄉,新坤村,174,106042,609,510,265,838,500.66,82.15
雲林縣,東勢鄉,四美村,154,102657,667,452,236,829,730.70,109.62
雲林縣,東勢鄉,龍潭村,126,68623,545,345,140,642,635.24,116.64
雲林縣,東勢鄉,程海村,97,53746,554,478,217,791,456.36,82.36
雲林縣,東勢鄉,同安村,321,182540,569,393,219,738,553.40,97.32
雲林縣,褒忠鄉,中民村,491,345442,704,478,231,903,754.28,107.21
雲林縣,褒忠鄉,埔姜村,336,220368,656,506,246,817,656.19,100.05
雲林縣,褒忠鄉,中勝村,368,265202,721,480,226,908,935.32,129.79
雲林縣,褒忠鄉,馬鳴村,283,203100,718,491,252,905,840.41,117.10
雲林縣,褒忠鄉,新湖村,238,142065,597,484,212,783,571.42,95.73
雲林縣,褒忠鄉,有才村,142,86950,612,436,185,810,859.41,140.35
雲林縣,褒忠鄉,田洋村,149,78093,524,395,205,651,542.04,103.42
雲林縣,褒忠鄉,龍岩村,227,123618,545,405,184,748,530.99,97.51
雲林縣,褒忠鄉,潮厝村,164,97901,597,402,217,753,616.84,103.33
雲林縣,臺西鄉,台西村,334,220747,661,516,242,859,589.49,89.19
雲林縣,臺西鄉,海北村,267,184813,692,475,212,916,771.87,111.51
雲林縣,臺西鄉,海口村,405,279618,690,542,235,920,734.96,106.45
雲林縣,臺西鄉,海南村,237,159603,673,515,260,861,717.14,106.49
雲林縣,臺西鄉,光華村,136,93440,687,446,210,905,739.42,107.62
雲林縣,臺西鄉,山寮村,160,99438,621,421,184,785,826.77,133.03
雲林縣,臺西鄉,五榔村,96,58172,606,397,187,832,677.09,111.74
雲林縣,臺西鄉,泉州村,102,79044,775,520,289,845,1062.11,137.06
雲林縣,臺西鄉,牛厝村,303,158059,522,386,208,683,466.44,89.42
雲林縣,臺西鄉,溪頂村,229,151538,662,444,206,889,704.44,106.45
雲林縣,臺西鄉,永豐村,291,194754,669,490,217,864,670.05,100.12
雲林縣,臺西鄉,富琦村,348,247861,712,532,221,942,713.43,100.17
雲林縣,臺西鄉,和豐村,504,350719,696,515,240,971,699.15,100.47
雲林縣,臺西鄉,蚊港村,333,230188,691,530,244,911,751.01,108.64
雲林縣,臺西鄉,五港村,348,215759,620,454,206,869,598.67,96.56
雲林縣,元長鄉,長南村,786,551422,702,503,251,886,784.67,111.85
雲林縣,元長鄉,長北村,310,185358,598,419,212,722,661.00,110.55
雲林縣,元長鄉,子茂村,249,156902,630,458,194,879,669.18,106.20
雲林縣,元長鄉,後湖村,127,76616,603,461,234,707,601.49,99.71
雲林縣,元長鄉,山內村,152,87272,574,435,186,801,504.19,87.81
雲林縣,元長鄉,合和村,163,100500,617,431,204,741,677.93,109.95
雲林縣,元長鄉,五塊村,154,93499,607,432,218,681,684.26,112.70
雲林縣,元長鄉,潭西村,119,64297,540,406,187,725,559.25,103.51
雲林縣,元長鄉,潭東村,117,62906,538,383,210,619,773.63,143.89
雲林縣,元長鄉,客厝村,168,113838,678,432,221,847,808.73,119.35
雲林縣,元長鄉,卓運村,42,26676,635,392,152,838,719.66,113.31
雲林縣,元長鄉,頂寮村,227,135327,596,417,212,740,625.04,104.85
雲林縣,元長鄉,下寮村,297,196258,661,465,246,920,635.50,96.17
雲林縣,元長鄉,龍岩村,152,94299,620,427,195,744,741.74,119.56
雲林縣,元長鄉,西莊村,175,116405,665,421,245,840,777.76,116.93
雲林縣,元長鄉,鹿北村,168,92805,552,397,208,741,531.98,96.30
雲林縣,元長鄉,鹿南村,140,82784,591,421,216,670,658.47,111.36
雲林縣,元長鄉,瓦磘村,220,144392,656,370,200,765,1051.93,160.28
雲林縣,元長鄉,內寮村,86,60394,702,458,209,974,709.98,101.10
雲林縣,元長鄉,崙仔村,134,77788,581,367,176,650,1007.52,173.56
雲林縣,元長鄉,新吉村,117,77780,665,496,179,844,711.63,107.05
雲林縣,四湖鄉,四湖村,381,228222,599,422,234,829,550.89,91.97
雲林縣,四湖鄉,湖西村,545,355620,653,519,261,880,622.24,95.36
雲林縣,四湖鄉,新庄村,121,78725,651,492,296,840,566.35,87.05
雲林縣,四湖鄉,蔡厝村,130,89157,686,510,304,931,626.30,91.32
雲林縣,四湖鄉,湖寮村,135,87487,648,469,196,824,719.07,110.96
雲林縣,四湖鄉,鹿場村,152,92775,610,428,168,831,685.70,112.34
雲林縣,四湖鄉,施湖村,193,119038,617,426,192,827,701.80,113.78
雲林縣,四湖鄉,羊調村,139,89310,643,432,217,923,598.54,93.16
雲林縣,四湖鄉,溪底村,161,102272,635,440,248,871,580.50,91.38
雲林縣,四湖鄉,溪尾村,117,78087,667,518,238,878,652.65,97.79
雲林縣,四湖鄉,崙南村,142,91552,645,469,215,829,731.62,113.48
雲林縣,四湖鄉,崙北村,313,214946,687,492,233,874,795.21,115.80
雲林縣,四湖鄉,內湖村,119,93416,785,511,245,990,1018.97,129.80
雲林縣,四湖鄉,子村,103,66607,647,405,146,836,767.22,118.64
雲林縣,四湖鄉,廣溝村,105,59526,567,419,252,770,511.44,90.21
雲林縣,四湖鄉,飛沙村,145,93781,647,486,250,861,587.26,90.80
雲林縣,四湖鄉,三姓村,68,34887,513,319,170,623,641.10,124.96
雲林縣,四湖鄉,林東村,158,96777,613,432,216,786,575.54,93.96
雲林縣,四湖鄉,林厝村,176,118986,676,382,220,831,848.27,125.47
雲林縣,四湖鄉,飛東村,96,58094,605,434,312,843,454.01,75.02
雲林縣,四湖鄉,東村,158,93259,590,445,237,821,552.39,93.59
雲林縣,口湖鄉,下崙村,387,237228,613,390,213,731,728.11,118.78
雲林縣,口湖鄉,崙中村,282,164869,585,448,206,767,564.27,96.52
雲林縣,口湖鄉,崙東村,270,209819,777,506,255,1009,990.84,127.50
雲林縣,口湖鄉,青蚶村,88,47100,535,450,202,699,480.02,89.69
雲林縣,口湖鄉,梧北村,195,102413,525,427,212,729,459.01,87.40
雲林縣,口湖鄉,梧南村,343,183340,535,404,223,734,486.46,91.01
雲林縣,口湖鄉,水井村,144,82978,576,440,265,698,571.15,99.12
雲林縣,口湖鄉,湖口村,141,77895,552,371,209,717,514.80,93.18
雲林縣,口湖鄉,後厝村,117,47819,409,307,173,543,360.23,88.14
雲林縣,口湖鄉,過港村,84,47916,570,446,238,744,490.10,85.92
雲林縣,口湖鄉,埔北村,162,99714,616,388,199,743,756.83,122.96
雲林縣,口湖鄉,埔南村,129,89922,697,487,206,957,658.88,94.52
雲林縣,口湖鄉,謝厝村,203,127116,626,440,219,819,628.10,100.31
雲林縣,口湖鄉,頂湖村,123,82339,669,473,224,755,1079.30,161.23
雲林縣,口湖鄉,口湖村,273,182112,667,522,260,889,644.64,96.64
雲林縣,口湖鄉,湖東村,261,180368,691,463,226,814,902.07,130.53
雲林縣,口湖鄉,蚵寮村,208,134051,644,420,222,724,779.68,120.98
雲林縣,口湖鄉,港西村,122,81391,667,466,247,796,722.60,108.31
雲林縣,口湖鄉,港東村,243,135351,557,400,195,710,612.43,109.95
雲林縣,口湖鄉,台子村,262,139030,531,407,204,688,559.62,105.46
雲林縣,口湖鄉,成龍村,136,88333,650,412,201,903,664.95,102.38
雲林縣,水林鄉,水北村,465,303521,653,459,231,803,748.64,114.69
雲林縣,水林鄉,水南村,447,292602,655,444,197,796,804.55,122.91
雲林縣,水林鄉,海埔村,156,94656,607,379,148,726,1074.75,177.13
雲林縣,水林鄉,後寮村,108,66927,620,539,257,814,557.63,89.98
雲林縣,水林鄉,春埔村,166,106790,643,452,201,807,798.72,124.16
雲林縣,水林鄉,西井村,109,56773,521,372,171,717,485.32,93.18
雲林縣,水林鄉,灣西村,119,61309,515,345,171,674,573.02,111.22
雲林縣,水林鄉,灣東村,124,75673,610,415,159,824,862.74,141.37
雲林縣,水林鄉,蘇秦村,160,102269,639,515,251,845,611.47,95.66
雲林縣,水林鄉,車港村,84,50837,605,464,261,718,688.47,113.76
雲林縣,水林鄉,萬興村,120,69433,579,364,172,696,653.42,112.93
雲林縣,水林鄉,尖山村,100,54806,548,387,182,774,498.52,90.96
雲林縣,水林鄉,大山村,174,107990,621,405,213,750,728.07,117.31
雲林縣,水林鄉,大溝村,179,107372,600,414,219,814,592.42,98.76
雲林縣,水林鄉,順興村,111,78955,711,495,229,872,819.51,115.21
雲林縣,水林鄉,山腳村,120,64375,536,407,186,664,580.33,108.18
雲林縣,水林鄉,蕃薯村,150,83313,555,495,232,704,483.51,87.05
雲林縣,水林鄉,松北村,156,116006,744,449,242,783,920.52,123.79
雲林縣,水林鄉,松中村,84,48703,580,456,207,686,563.67,97.22
雲林縣,水林鄉,松西村,111,65222,588,386,178,721,644.77,109.73
雲林縣,水林鄉,埔村,101,71458,708,362,178,826,1052.78,148.80
雲林縣,水林鄉,塭底村,90,53097,590,367,195,631,803.60,136.21
雲林縣,水林鄉,土厝村,225,135885,604,428,225,782,606.19,100.37
雲林縣,水林鄉,溪墘村,145,67511,466,348,180,580,500.68,107.54
嘉義縣,朴子市,安福里,537,393507,733,529,257,961,754.94,103.02
嘉義縣,朴子市,平和里,766,581973,760,522,264,991,848.44,111.67
嘉義縣,朴子市,內厝里,293,196269,670,496,236,853,659.27,98.42
嘉義縣,朴子市,開元里,99,67316,680,531,220,842,684.26,100.63
嘉義縣,朴子市,順天里,163,109690,673,447,200,883,1026.03,152.47
嘉義縣,朴子市,中正里,162,115804,715,419,216,810,871.71,121.95
嘉義縣,朴子市,博厚里,270,204986,759,527,242,1043,820.52,108.08
嘉義縣,朴子市,文化里,521,380022,729,544,295,938,766.04,105.02
嘉義縣,朴子市,永和里,697,443826,637,437,219,809,714.72,112.24
嘉義縣,朴子市,竹圍里,1390,1001227,720,539,243,947,771.65,107.13
嘉義縣,朴子市,新寮里,138,74760,542,360,213,705,556.58,102.74
嘉義縣,朴子市,双溪里,126,87924,698,489,290,837,738.69,105.86
嘉義縣,朴子市,溪口里,144,74186,515,412,192,661,453.31,87.99
嘉義縣,朴子市,德興里,222,150100,676,484,205,818,687.15,101.63
嘉義縣,朴子市,仁和里,863,1127752,1307,926,498,1409,1535.08,117.47
嘉義縣,朴子市,大鄉里,912,609351,668,471,244,855,734.80,109.98
嘉義縣,朴子市,大葛里,904,777586,860,606,280,1129,886.46,103.06
嘉義縣,朴子市,佳禾里,161,82873,515,397,181,611,631.76,122.73
嘉義縣,朴子市,竹村里,274,173887,635,400,212,770,900.17,141.84
嘉義縣,朴子市,崁前里,140,83870,599,407,205,702,778.42,129.94
嘉義縣,朴子市,崁後里,111,64316,579,409,241,661,934.54,161.29
嘉義縣,朴子市,順安里,35,19936,570,503,325,692,423.72,74.39
嘉義縣,朴子市,德家里,145,75429,520,403,225,634,497.82,95.70
嘉義縣,朴子市,新庄里,156,87983,564,403,194,746,574.09,101.79
嘉義縣,朴子市,松華里,209,138813,664,436,248,824,740.26,111.46
嘉義縣,朴子市,梅華里,164,96064,586,389,181,769,714.85,122.04
嘉義縣,朴子市,南竹里,68,41596,612,385,200,855,597.71,97.71
嘉義縣,布袋鎮,岱江里,100,57421,574,433,254,838,517.82,90.18
嘉義縣,布袋鎮,九龍里,65,32282,497,300,151,704,562.54,113.27
嘉義縣,布袋鎮,岑海里,464,289324,624,481,226,776,771.90,123.79
嘉義縣,布袋鎮,興中里,240,160596,669,496,280,814,674.08,100.74
嘉義縣,布袋鎮,光復里,350,231128,660,490,235,862,748.88,113.40
嘉義縣,布袋鎮,見龍里,179,116074,648,489,225,788,697.88,107.62
嘉義縣,布袋鎮,新厝里,168,105819,630,492,231,883,606.94,96.36
嘉義縣,布袋鎮,龍江里,160,91130,570,466,213,781,481.40,84.52
嘉義縣,布袋鎮,東港里,464,280186,604,464,221,805,563.31,93.29
嘉義縣,布袋鎮,永安里,237,136680,577,438,242,726,600.74,104.17
嘉義縣,布袋鎮,江山里,57,34909,612,440,189,753,648.11,105.83
嘉義縣,布袋鎮,考試里,49,38257,781,663,309,1003,631.97,80.94
嘉義縣,布袋鎮,菜舖里,61,42864,703,543,273,944,516.24,73.47
嘉義縣,布袋鎮,振寮里,154,113363,736,529,250,955,750.60,101.97
嘉義縣,布袋鎮,西安里,196,108499,554,431,217,789,466.66,84.30
嘉義縣,布袋鎮,東安里,228,153893,675,457,229,755,866.92,128.44
嘉義縣,布袋鎮,中安里,264,144492,547,421,187,741,518.85,94.80
嘉義縣,布袋鎮,樹林里,90,56796,631,386,214,605,1026.60,162.68
嘉義縣,布袋鎮,貴舍里,107,63173,590,376,183,773,642.01,108.74
嘉義縣,布袋鎮,復興里,438,295337,674,451,246,784,887.44,131.61
嘉義縣,布袋鎮,新民里,260,156373,601,405,239,695,621.70,103.37
嘉義縣,布袋鎮,好美里,191,114045,597,416,205,703,649.72,108.81
嘉義縣,布袋鎮,新岑里,189,108844,576,413,238,698,545.24,94.68
嘉義縣,大林鎮,東林里,174,118467,681,473,233,953,633.13,92.99
嘉義縣,大林鎮,西林里,586,433638,740,523,242,927,804.90,108.77
嘉義縣,大林鎮,吉林里,255,172554,677,475,219,800,860.32,127.14
嘉義縣,大林鎮,平林里,1918,1435135,748,485,255,908,880.32,117.65
嘉義縣,大林鎮,明華里,249,175565,705,453,232,830,1056.63,149.86
嘉義縣,大林鎮,明和里,571,372297,652,494,234,888,605.13,92.81
嘉義縣,大林鎮,排路里,105,74178,706,423,250,1083,682.68,96.63
嘉義縣,大林鎮,西結里,125,68184,545,388,208,697,515.09,94.43
嘉義縣,大林鎮,湖北里,107,60367,564,407,203,809,565.57,100.25
嘉義縣,大林鎮,大糖里,35,18540,530,413,171,670,519.17,98.01
嘉義縣,大林鎮,大美里,310,183808,593,446,217,722,765.02,129.02
嘉義縣,大林鎮,過溪里,302,175763,582,440,230,789,541.46,93.04
嘉義縣,大林鎮,中坑里,273,192170,704,453,214,933,805.85,114.48
嘉義縣,大林鎮,上林里,148,81027,547,387,200,687,576.89,105.37
嘉義縣,大林鎮,中林里,362,268906,743,459,241,905,903.09,121.57
嘉義縣,大林鎮,三和里,509,298934,587,408,193,761,703.29,119.75
嘉義縣,大林鎮,溝背里,203,113467,559,412,185,756,543.12,97.17
嘉義縣,大林鎮,義和里,142,97314,685,494,299,820,772.46,112.72
嘉義縣,大林鎮,內林里,124,89941,725,430,175,827,1164.59,160.56
嘉義縣,大林鎮,三角里,168,106832,636,474,244,812,641.36,100.86
嘉義縣,大林鎮,三村里,191,111414,583,390,188,725,674.27,115.59
嘉義縣,民雄鄉,東榮村,701,577704,824,503,247,1013,993.79,120.59
嘉義縣,民雄鄉,中樂村,476,339177,713,469,234,862,845.25,118.62
嘉義縣,民雄鄉,西安村,1107,877954,793,548,259,1056,850.81,107.28
嘉義縣,民雄鄉,寮頂村,575,394676,686,432,218,805,941.22,137.13
嘉義縣,民雄鄉,福權村,435,320813,738,507,251,997,801.49,108.68
嘉義縣,民雄鄉,東湖村,455,268577,590,402,205,747,621.47,105.28
嘉義縣,民雄鄉,豊收村,621,410917,662,465,223,832,698.90,105.62
嘉義縣,民雄鄉,頂崙村,399,270960,679,501,243,864,658.84,97.02
嘉義縣,民雄鄉,鎮北村,497,285725,575,445,215,755,538.58,93.68
嘉義縣,民雄鄉,三興村,436,482984,1108,629,275,1452,1331.61,120.21
嘉義縣,民雄鄉,東興村,90,61984,689,406,191,973,815.47,118.41
嘉義縣,民雄鄉,菁埔村,381,235817,619,445,222,776,603.96,97.58
嘉義縣,民雄鄉,中和村,312,223284,716,566,291,1021,618.93,86.48
嘉義縣,民雄鄉,西昌村,193,122951,637,443,214,793,780.76,122.56
嘉義縣,民雄鄉,平和村,229,131485,574,429,203,740,585.50,101.97
嘉義縣,民雄鄉,中央村,336,213225,635,456,253,832,596.55,94.00
嘉義縣,民雄鄉,興中村,479,287433,600,438,202,732,641.36,106.88
嘉義縣,民雄鄉,興南村,799,482960,604,446,235,779,574.28,95.01
嘉義縣,民雄鄉,文隆村,777,513201,660,457,206,837,781.25,118.28
嘉義縣,民雄鄉,山中村,943,575366,610,439,211,810,609.69,99.93
嘉義縣,民雄鄉,福興村,526,310126,590,441,227,728,648.25,109.95
嘉義縣,民雄鄉,松山村,392,216376,552,368,180,650,747.69,135.46
嘉義縣,民雄鄉,双福村,811,550610,679,454,224,870,714.51,105.24
嘉義縣,民雄鄉,北斗村,1574,1001331,636,461,234,778,683.01,107.36
嘉義縣,民雄鄉,秀林村,756,480023,635,460,223,823,687.72,108.31
嘉義縣,民雄鄉,大崎村,609,393187,646,438,221,742,885.55,137.16
嘉義縣,民雄鄉,金興村,781,404317,518,404,209,694,452.42,87.39
嘉義縣,民雄鄉,福樂村,2321,1554001,670,461,234,828,785.80,117.36
嘉義縣,溪口鄉,溪東村,306,179145,585,420,192,772,587.96,100.43
嘉義縣,溪口鄉,溪西村,136,96522,710,471,218,756,997.36,140.53
嘉義縣,溪口鄉,溪北村,120,72304,603,454,258,771,509.36,84.54
嘉義縣,溪口鄉,柴林村,170,90162,530,388,179,613,651.69,122.88
嘉義縣,溪口鄉,林腳村,132,68997,523,382,181,642,735.41,140.69
嘉義縣,溪口鄉,美南村,233,137623,591,404,207,752,638.57,108.11
嘉義縣,溪口鄉,美北村,194,116641,601,366,215,716,672.09,111.78
嘉義縣,溪口鄉,本厝村,183,124927,683,391,173,729,1238.02,181.35
嘉義縣,溪口鄉,游東村,184,103927,565,361,207,679,583.62,103.33
嘉義縣,溪口鄉,游西村,120,78961,658,429,230,844,804.08,122.20
嘉義縣,溪口鄉,柳溝村,272,139405,513,422,234,670,440.36,85.92
嘉義縣,溪口鄉,疊溪村,242,134980,558,397,194,739,667.26,119.63
嘉義縣,溪口鄉,妙崙村,129,74063,574,371,179,672,647.07,112.70
嘉義縣,溪口鄉,坪頂村,228,130113,571,390,200,734,670.12,117.43
嘉義縣,新港鄉,宮前村,670,504787,753,508,254,1057,788.20,104.62
嘉義縣,新港鄉,宮後村,386,262420,680,464,238,906,806.51,118.63
嘉義縣,新港鄉,大興村,390,267960,687,464,210,811,813.77,118.44
嘉義縣,新港鄉,福德村,427,309443,725,488,228,980,728.85,100.57
嘉義縣,新港鄉,古民村,282,195841,694,456,222,822,811.10,116.79
嘉義縣,新港鄉,中庄村,359,213872,596,447,209,853,541.96,90.97
嘉義縣,新港鄉,大潭村,369,230639,625,440,212,795,694.85,111.17
嘉義縣,新港鄉,西庄村,177,120045,678,465,247,898,774.64,114.22
嘉義縣,新港鄉,月眉村,383,263503,688,478,236,857,742.28,107.89
嘉義縣,新港鄉,月潭村,371,235756,635,442,222,753,814.17,128.12
嘉義縣,新港鄉,溪北村,276,176678,640,426,228,778,717.48,112.08
嘉義縣,新港鄉,菜公村,222,128030,577,415,193,798,556.67,96.52
嘉義縣,新港鄉,中洋村,255,152755,599,462,215,764,588.25,98.20
嘉義縣,新港鄉,三間村,521,347158,666,534,254,888,637.53,95.68
嘉義縣,新港鄉,安和村,174,100694,579,434,222,751,622.38,107.55
嘉義縣,新港鄉,潭大村,251,165988,661,427,219,810,849.84,128.51
嘉義縣,新港鄉,南港村,230,140544,611,413,206,748,650.63,106.48
嘉義縣,新港鄉,板頭村,113,76646,678,502,220,947,699.75,103.16
嘉義縣,新港鄉,共和村,166,88984,536,413,158,747,546.36,101.92
嘉義縣,新港鄉,埤子村,85,59066,695,591,225,990,573.87,82.58
嘉義縣,新港鄉,南崙村,148,79104,534,372,214,713,497.79,93.13
嘉義縣,新港鄉,北崙村,81,47246,583,414,264,916,495.32,84.92
嘉義縣,新港鄉,海瀛村,74,56002,757,553,358,960,735.69,97.21
嘉義縣,六腳鄉,蒜東村,156,94331,605,408,196,824,704.91,116.57
嘉義縣,六腳鄉,蒜南村,230,131084,570,384,150,660,713.46,125.18
嘉義縣,六腳鄉,蒜頭村,284,185450,653,445,204,806,938.30,143.69
嘉義縣,六腳鄉,工廠村,58,39437,680,424,207,623,1093.32,160.79
嘉義縣,六腳鄉,灣南村,236,161002,682,460,207,858,759.53,111.33
嘉義縣,六腳鄉,灣北村,215,131587,612,442,231,815,695.04,113.56
嘉義縣,六腳鄉,雙涵村,157,89236,568,367,177,713,585.51,103.01
嘉義縣,六腳鄉,塗師村,95,48515,511,355,200,777,429.57,84.12
嘉義縣,六腳鄉,三義村,119,82341,692,501,227,759,1422.37,205.56
嘉義縣,六腳鄉,港美村,128,81696,638,441,228,786,634.64,99.43
嘉義縣,六腳鄉,豐美村,188,140847,749,490,250,835,1138.38,151.95
嘉義縣,六腳鄉,六斗村,195,122365,628,448,222,862,682.69,108.79
嘉義縣,六腳鄉,崙陽村,236,139002,589,380,191,792,670.83,113.90
嘉義縣,六腳鄉,蘇厝村,356,215740,606,443,200,768,636.49,105.03
嘉義縣,六腳鄉,竹本村,93,55648,598,380,195,755,761.72,127.30
嘉義縣,六腳鄉,永賢村,58,37090,639,385,220,851,620.21,96.99
嘉義縣,六腳鄉,魚寮村,107,49021,458,340,149,623,406.83,88.80
嘉義縣,六腳鄉,潭墘村,182,119263,655,435,228,795,1021.88,155.94
嘉義縣,六腳鄉,正義村,283,173984,615,450,236,781,651.92,106.04
嘉義縣,六腳鄉,溪厝村,100,62974,630,469,248,740,633.39,100.58
嘉義縣,六腳鄉,六南村,78,56371,723,378,208,992,805.79,111.50
嘉義縣,六腳鄉,六腳村,144,103440,718,506,230,871,785.35,109.33
嘉義縣,六腳鄉,崩山村,102,61349,601,352,140,634,783.76,130.31
嘉義縣,六腳鄉,古林村,98,69212,706,512,233,855,855.59,121.15
嘉義縣,六腳鄉,更寮村,91,56414,620,436,162,791,706.49,113.96
嘉義縣,東石鄉,東石村,290,162403,560,403,204,680,699.32,124.88
嘉義縣,東石鄉,猿樹村,167,102401,613,432,222,841,587.73,95.85
嘉義縣,東石鄉,塭港村,193,110000,570,390,197,641,698.10,122.49
嘉義縣,東石鄉,型厝村,186,94792,510,396,218,646,508.63,99.80
嘉義縣,東石鄉,三家村,206,114020,553,392,216,695,628.26,113.51
嘉義縣,東石鄉,永屯村,144,74405,517,419,177,725,460.33,89.09
嘉義縣,東石鄉,海埔村,49,32562,665,441,225,800,675.99,101.73
嘉義縣,東石鄉,龍港村,142,78172,551,389,204,693,530.10,96.29
嘉義縣,東石鄉,副瀨村,148,101204,684,481,230,795,876.53,128.18
嘉義縣,東石鄉,下揖村,101,46838,464,321,188,631,422.07,91.01
嘉義縣,東石鄉,頂揖村,50,24225,484,400,188,678,395.54,81.64
嘉義縣,東石鄉,溪下村,156,88817,569,403,220,676,579.81,101.84
嘉義縣,東石鄉,港口村,35,20722,592,452,271,753,532.78,89.99
嘉義縣,東石鄉,鰲鼓村,207,118168,571,443,236,706,613.70,107.50
嘉義縣,東石鄉,港墘村,214,142107,664,470,277,734,747.45,112.56
嘉義縣,東石鄉,蔦松村,155,102897,664,423,187,812,746.75,112.49
嘉義縣,東石鄉,圍潭村,80,37876,473,387,178,590,401.83,84.87
嘉義縣,東石鄉,洲仔村,139,64326,463,328,168,600,510.51,110.31
嘉義縣,東石鄉,東崙村,136,79165,582,428,187,710,769.08,132.12
嘉義縣,東石鄉,西崙村,212,110270,520,388,244,716,425.88,81.88
嘉義縣,東石鄉,塭仔村,165,95129,577,411,189,672,648.57,112.49
嘉義縣,東石鄉,網寮村,167,106332,637,469,188,793,720.89,113.22
嘉義縣,東石鄉,掌潭村,115,58130,505,386,220,659,436.76,86.41
嘉義縣,義竹鄉,岸腳村,139,100223,721,490,257,873,743.76,103.15
嘉義縣,義竹鄉,義竹村,368,245836,668,512,214,933,648.05,97.01
嘉義縣,義竹鄉,六桂村,259,178642,690,469,221,861,824.99,119.61
嘉義縣,義竹鄉,仁里村,213,164773,774,482,244,844,1155.47,149.37
嘉義縣,義竹鄉,傳芳村,166,101845,614,488,294,724,546.64,89.10
嘉義縣,義竹鄉,頭竹村,233,168629,724,480,242,847,827.48,114.34
嘉義縣,義竹鄉,五厝村,78,60836,780,508,270,979,892.39,114.42
嘉義縣,義竹鄉,中平村,55,39070,710,493,268,919,596.29,83.94
嘉義縣,義竹鄉,埤前村,160,120552,753,493,216,831,952.73,126.45
嘉義縣,義竹鄉,平溪村,100,58477,585,386,217,652,846.25,144.71
嘉義縣,義竹鄉,後鎮村,82,52686,643,479,220,869,629.68,98.00
嘉義縣,義竹鄉,北華村,127,66333,522,371,168,694,565.05,108.18
嘉義縣,義竹鄉,新店村,303,199123,657,470,239,808,651.69,99.17
嘉義縣,義竹鄉,東過村,157,110285,702,474,249,817,1155.10,164.44
嘉義縣,義竹鄉,西過村,141,65747,466,338,171,593,527.08,113.04
嘉義縣,義竹鄉,官和村,142,83594,589,419,230,748,577.67,98.13
嘉義縣,義竹鄉,官順村,84,52160,621,402,228,719,775.21,124.84
嘉義縣,義竹鄉,新富村,116,69850,602,474,228,832,499.96,83.03
嘉義縣,義竹鄉,東光村,132,88198,668,445,187,905,655.20,98.06
嘉義縣,義竹鄉,東榮村,64,47260,738,471,270,864,847.26,114.74
嘉義縣,義竹鄉,龍蛟村,108,64750,600,398,182,753,589.85,98.38
嘉義縣,義竹鄉,溪洲村,106,65982,622,464,190,874,572.33,91.95
嘉義縣,鹿草鄉,後寮村,98,65304,666,440,292,802,641.60,96.28
嘉義縣,鹿草鄉,鹿東村,116,73401,633,404,212,811,813.90,128.63
嘉義縣,鹿草鄉,鹿草村,303,194124,641,476,235,815,677.49,105.75
嘉義縣,鹿草鄉,西井村,315,210931,670,434,248,819,786.16,117.40
嘉義縣,鹿草鄉,豊稠村,124,70179,566,416,220,673,625.45,110.51
嘉義縣,鹿草鄉,重寮村,173,105293,609,403,222,718,696.20,114.39
嘉義縣,鹿草鄉,施家村,73,41483,568,405,202,784,640.28,112.67
嘉義縣,鹿草鄉,下潭村,118,63628,539,408,223,671,529.61,98.22
嘉義縣,鹿草鄉,光潭村,179,107243,599,497,238,796,519.39,86.69
嘉義縣,鹿草鄉,碧潭村,163,97591,599,413,191,697,652.86,109.04
嘉義縣,鹿草鄉,松竹村,176,97354,553,414,232,658,554.34,100.21
嘉義縣,鹿草鄉,竹山村,184,106759,580,445,181,716,605.95,104.44
嘉義縣,鹿草鄉,後堀村,263,171090,651,483,285,826,559.24,85.97
嘉義縣,鹿草鄉,三角村,318,196572,618,409,223,748,1041.10,168.42
嘉義縣,鹿草鄉,下麻村,124,71293,575,400,209,759,530.04,92.19
嘉義縣,太保市,太保里,765,557649,729,509,240,997,780.34,107.05
嘉義縣,太保市,後庄里,89,54518,613,472,244,781,657.62,107.36
嘉義縣,太保市,前潭里,334,210131,629,444,222,770,822.75,130.77
嘉義縣,太保市,後潭里,488,350677,719,530,249,994,720.12,100.21
嘉義縣,太保市,春珠里,356,306505,861,592,311,1048,918.69,106.70
嘉義縣,太保市,崙頂里,226,162754,720,483,229,977,851.03,118.17
嘉義縣,太保市,安仁里,1006,951749,946,695,298,1243,1061.29,112.18
嘉義縣,太保市,東勢里,644,632718,982,644,288,1279,1179.98,120.10
嘉義縣,太保市,新埤里,335,212737,635,427,229,845,765.47,120.54
嘉義縣,太保市,舊埤里,783,484282,618,441,228,866,711.52,115.04
嘉義縣,太保市,田尾里,155,108479,700,477,222,967,712.54,101.81
嘉義縣,太保市,港尾里,98,59617,608,349,162,852,561.65,92.33
嘉義縣,太保市,過溝里,1224,852519,697,517,264,932,747.44,107.31
嘉義縣,太保市,麻寮里,1521,1032254,679,522,261,937,599.16,88.28
嘉義縣,太保市,南新里,503,340182,676,443,244,847,774.85,114.57
嘉義縣,太保市,北新里,964,645658,670,484,263,872,708.31,105.75
嘉義縣,太保市,埤鄉里,156,90721,582,433,210,805,547.62,94.17
嘉義縣,太保市,梅埔里,238,167663,704,427,224,913,947.15,134.45
嘉義縣,水上鄉,水頭村,769,527528,686,496,264,891,689.99,100.58
嘉義縣,水上鄉,水上村,1218,796716,654,481,245,859,636.77,97.35
嘉義縣,水上鄉,大堀村,384,244251,636,447,234,769,706.84,111.13
嘉義縣,水上鄉,大崙村,469,300257,640,397,189,742,1064.95,166.34
嘉義縣,水上鄉,塗溝村,207,137720,665,472,232,842,684.80,102.93
嘉義縣,水上鄉,粗溪村,405,262649,649,446,225,794,722.07,111.34
嘉義縣,水上鄉,下寮村,549,321241,585,439,210,762,557.15,95.22
嘉義縣,水上鄉,回歸村,133,99773,750,520,286,935,857.07,114.25
嘉義縣,水上鄉,三和村,504,378396,751,576,282,978,709.21,94.46
嘉義縣,水上鄉,龍德村,497,342083,688,473,244,846,838.35,121.80
嘉義縣,水上鄉,溪洲村,221,138642,627,461,242,754,686.62,109.45
嘉義縣,水上鄉,三鎮村,157,90976,579,426,224,726,632.04,109.07
嘉義縣,水上鄉,靖和村,112,77026,688,448,231,828,843.32,122.62
嘉義縣,水上鄉,南和村,328,198909,606,415,202,730,743.22,122.56
嘉義縣,水上鄉,柳林村,571,332270,582,445,230,787,524.89,90.20
嘉義縣,水上鄉,柳鄉村,537,304290,567,414,195,670,669.50,118.15
嘉義縣,水上鄉,內溪村,303,169156,558,405,185,759,567.65,101.68
嘉義縣,水上鄉,寬士村,1128,671530,595,427,209,776,627.24,105.36
嘉義縣,水上鄉,國姓村,215,106445,495,358,193,582,551.01,111.30
嘉義縣,水上鄉,三界村,182,108081,594,405,215,667,694.94,117.02
嘉義縣,水上鄉,南鄉村,188,109970,585,408,253,729,566.05,96.77
嘉義縣,水上鄉,忠和村,422,214559,508,377,188,644,528.88,104.02
嘉義縣,水上鄉,義興村,176,123772,703,511,248,817,744.36,105.85
嘉義縣,水上鄉,民生村,737,390126,529,405,181,699,499.07,94.28
嘉義縣,水上鄉,中庄村,382,200028,524,394,176,619,658.21,125.70
嘉義縣,水上鄉,柳新村,448,226205,505,382,202,629,493.38,97.71
嘉義縣,中埔鄉,中埔村,378,225636,597,446,219,808,547.16,91.66
嘉義縣,中埔鄉,塩舘村,197,124579,632,426,235,841,651.51,103.03
嘉義縣,中埔鄉,龍門村,135,79842,591,438,200,845,524.22,88.64
嘉義縣,中埔鄉,裕民村,180,107084,595,403,205,731,578.62,97.26
嘉義縣,中埔鄉,金蘭村,344,192829,561,373,193,670,620.71,110.73
嘉義縣,中埔鄉,富收村,637,361366,567,407,197,751,570.34,100.54
嘉義縣,中埔鄉,和睦村,865,555932,643,463,231,810,675.76,105.15
嘉義縣,中埔鄉,隆興村,383,256717,670,452,206,764,1142.34,170.43
嘉義縣,中埔鄉,義仁村,320,208549,652,465,241,829,673.55,103.35
嘉義縣,中埔鄉,社口村,388,211828,546,393,189,697,572.88,104.93
嘉義縣,中埔鄉,灣潭村,164,95489,582,392,210,704,690.20,118.54
嘉義縣,中埔鄉,石硦村,186,101153,544,398,202,711,557.23,102.46
嘉義縣,中埔鄉,頂埔村,153,89534,585,439,242,753,549.30,93.87
嘉義縣,中埔鄉,同仁村,324,183990,568,435,203,712,678.95,119.56
嘉義縣,中埔鄉,深坑村,119,79676,670,400,235,768,761.58,113.75
嘉義縣,中埔鄉,瑞豐村,113,58997,522,371,218,675,477.73,91.50
嘉義縣,中埔鄉,沄水村,139,96490,694,429,217,742,1028.90,148.22
嘉義縣,中埔鄉,三層村,99,53155,537,404,205,799,483.93,90.13
嘉義縣,中埔鄉,東興村,53,21664,409,317,137,536,364.94,89.28
嘉義縣,中埔鄉,中崙村,29,19979,689,486,273,932,639.82,92.87
嘉義縣,中埔鄉,和美村,2052,1361222,663,470,228,869,714.33,107.68
嘉義縣,中埔鄉,和興村,1418,836758,590,422,210,757,642.89,108.95
嘉義縣,竹崎鄉,竹崎村,623,382435,614,453,222,779,660.63,107.62
嘉義縣,竹崎鄉,和平村,440,262570,597,462,244,728,686.14,114.98
嘉義縣,竹崎鄉,坑頭村,118,68969,584,358,169,729,842.69,144.18
嘉義縣,竹崎鄉,沙坑村,159,84899,534,396,206,654,540.67,101.26
嘉義縣,竹崎鄉,獅埜村,225,128262,570,402,189,637,893.33,156.71
嘉義縣,竹崎鄉,鹿滿村,316,185630,587,403,219,744,594.64,101.23
嘉義縣,竹崎鄉,紫雲村,263,141311,537,385,188,654,569.20,105.94
嘉義縣,竹崎鄉,灣橋村,1289,787548,611,444,217,779,629.59,103.05
嘉義縣,竹崎鄉,義仁村,182,96607,531,421,181,669,575.98,108.51
嘉義縣,竹崎鄉,義和村,123,74448,605,411,238,750,596.90,98.62
嘉義縣,竹崎鄉,內埔村,331,196284,593,387,177,735,737.93,124.44
嘉義縣,竹崎鄉,昇平村,313,191837,613,445,183,734,773.46,126.20
嘉義縣,竹崎鄉,桃源村,184,95400,518,343,177,646,599.95,115.71
嘉義縣,竹崎鄉,白杞村,86,50029,582,428,250,678,530.39,91.17
嘉義縣,竹崎鄉,龍山村,332,173208,522,383,192,650,522.50,100.15
嘉義縣,竹崎鄉,義隆村,100,68475,685,425,219,727,907.75,132.57
嘉義縣,竹崎鄉,文峯村,114,69340,608,391,167,793,780.44,128.31
嘉義縣,竹崎鄉,塘興村,132,82463,625,401,176,651,1412.33,226.07
嘉義縣,竹崎鄉,復金村,325,189912,584,407,222,696,973.95,166.67
嘉義縣,竹崎鄉,緞繻村,124,73713,594,401,191,741,688.86,115.88
嘉義縣,竹崎鄉,仁壽村,39,20447,524,297,124,761,576.04,109.87
嘉義縣,竹崎鄉,金獅村,58,29526,509,377,224,558,604.94,118.83
嘉義縣,竹崎鄉,中和村,108,66662,617,375,223,684,778.37,126.10
嘉義縣,竹崎鄉,光華村,70,29715,425,383,183,547,344.24,81.09
嘉義縣,梅山鄉,梅東村,451,282423,626,410,194,723,757.68,120.99
嘉義縣,梅山鄉,梅南村,178,126729,712,479,223,857,812.70,114.15
嘉義縣,梅山鄉,梅北村,1053,678933,645,478,238,828,678.20,105.19
嘉義縣,梅山鄉,過山村,92,58541,636,452,225,760,623.20,97.94
嘉義縣,梅山鄉,圳南村,56,25971,464,394,202,616,384.41,82.89
嘉義縣,梅山鄉,圳北村,92,50537,549,397,184,583,775.67,141.21
嘉義縣,梅山鄉,大南村,282,170947,606,362,190,680,944.82,155.86
嘉義縣,梅山鄉,安靖村,123,55505,451,382,184,596,377.13,83.57
嘉義縣,梅山鄉,双溪村,105,71577,682,500,258,860,625.78,91.80
嘉義縣,梅山鄉,半天村,54,32501,602,531,306,693,503.44,83.65
嘉義縣,梅山鄉,太平村,92,67263,731,461,221,735,1183.47,161.87
嘉義縣,梅山鄉,龍眼村,59,38754,657,402,149,766,913.49,139.07
嘉義縣,梅山鄉,太興村,63,29411,467,338,157,629,455.32,97.53
嘉義縣,梅山鄉,瑞里村,75,37722,503,334,135,769,534.21,106.21
嘉義縣,梅山鄉,瑞峯村,78,39162,502,329,149,692,568.19,113.17
嘉義縣,梅山鄉,太和村,104,64415,619,408,221,733,660.80,106.69
嘉義縣,梅山鄉,永興村,90,51705,575,390,167,660,666.34,115.99
嘉義縣,梅山鄉,碧湖村,29,14577,503,400,170,625,534.54,106.34
嘉義縣,番路鄉,內甕村,90,57413,638,416,193,810,897.96,140.76
嘉義縣,番路鄉,江西村,299,203266,680,498,237,848,717.61,105.56
嘉義縣,番路鄉,新福村,213,118511,556,391,214,681,685.13,123.14
嘉義縣,番路鄉,下坑村,449,298580,665,477,231,804,740.30,111.33
嘉義縣,番路鄉,番路村,161,81583,507,361,191,639,516.01,101.83
嘉義縣,番路鄉,民和村,143,70234,491,388,178,663,420.97,85.71
嘉義縣,番路鄉,觸口村,207,102860,497,383,186,652,436.84,87.91
嘉義縣,番路鄉,大湖村,78,34789,446,377,213,558,374.77,84.03
嘉義縣,番路鄉,公田村,144,75039,521,384,141,759,510.03,97.87
嘉義縣,番路鄉,公興村,61,27878,457,369,221,535,378.35,82.79
嘉義縣,番路鄉,草山村,43,22427,522,385,189,773,470.22,90.16
嘉義縣,大埔鄉,大埔村,328,198189,604,445,231,720,641.16,106.11
嘉義縣,大埔鄉,茄苳村,169,95604,566,396,224,687,589.09,104.13
嘉義縣,大埔鄉,永樂村,84,47324,563,387,208,660,615.09,109.18
嘉義縣,大埔鄉,和平村,120,69286,577,382,173,709,756.48,131.02
嘉義縣,大埔鄉,西興村,131,98050,748,456,218,985,834.21,111.46
嘉義縣,阿里山鄉,中山村,81,56570,698,442,227,800,1449.13,207.49
嘉義縣,阿里山鄉,中正村,43,57054,1327,577,298,1384,1918.33,144.58
嘉義縣,阿里山鄉,香林村,23,18172,790,377,244,1078,1012.51,128.16
嘉義縣,阿里山鄉,十字村,37,20965,567,441,140,637,672.84,118.75
嘉義縣,阿里山鄉,達邦村,124,59747,482,388,223,593,494.36,102.60
嘉義縣,阿里山鄉,樂野村,129,69753,541,389,177,642,605.81,112.04
嘉義縣,阿里山鄉,來吉村,39,28111,721,462,302,744,999.65,138.69
嘉義縣,阿里山鄉,里佳村,22,12543,570,460,340,671,429.77,75.38
嘉義縣,阿里山鄉,山美村,65,26322,405,352,140,613,329.76,81.43
嘉義縣,阿里山鄉,新美村,26,9779,376,342,203,504,246.69,65.59
嘉義縣,阿里山鄉,豐山村,35,15942,455,291,164,648,369.92,81.22
嘉義縣,阿里山鄉,茶山村,36,14440,401,386,166,564,285.77,71.25
屏東縣,屏東市,金泉里,314,206652,658,417,195,748,864.25,131.32
屏東縣,屏東市,楠樹里,661,528181,799,499,231,956,1022.70,127.99
屏東縣,屏東市,橋南里,437,360922,826,520,217,1042,1030.67,124.79
屏東縣,屏東市,橋北里,309,200648,649,432,211,855,683.86,105.32
屏東縣,屏東市,長春里,578,418609,724,486,251,850,794.29,109.67
屏東縣,屏東市,豐田里,1243,872215,702,482,246,891,793.60,113.10
屏東縣,屏東市,歸心里,271,156955,579,394,200,710,639.44,110.41
屏東縣,屏東市,湖西里,391,236597,605,445,228,793,589.46,97.41
屏東縣,屏東市,瑞光里,2426,1854412,764,513,249,1007,872.82,114.19
屏東縣,屏東市,湖南里,320,194564,608,428,225,731,611.18,100.52
屏東縣,屏東市,長安里,671,424515,633,502,239,761,764.31,120.81
屏東縣,屏東市,厚生里,777,454678,585,442,232,740,555.25,94.89
屏東縣,屏東市,大湖里,482,278336,577,419,226,723,554.46,96.02
屏東縣,屏東市,頂宅里,115,66702,580,421,183,723,617.82,106.52
屏東縣,屏東市,新生里,1624,992130,611,442,221,776,635.55,104.03
屏東縣,屏東市,永安里,1887,1171476,621,447,218,799,650.54,104.79
屏東縣,屏東市,安鎮里,527,327910,622,441,220,801,654.49,105.19
屏東縣,屏東市,一心里,592,446490,754,489,244,1005,770.84,102.21
屏東縣,屏東市,義勇里,580,482113,831,541,249,1074,924.14,111.18
屏東縣,屏東市,公館里,395,262116,664,472,226,772,807.00,121.61
屏東縣,屏東市,龍華里,585,377149,645,432,220,759,1222.61,189.64
屏東縣,屏東市,玉成里,418,261614,626,432,234,768,662.90,105.92
屏東縣,屏東市,新興里,787,504322,641,548,290,827,547.85,85.49
屏東縣,屏東市,頂柳里,273,165561,606,456,248,778,586.22,96.66
屏東縣,屏東市,清溪里,1379,895328,649,479,251,817,664.49,102.35
屏東縣,屏東市,前進里,812,477654,588,424,212,750,591.58,100.57
屏東縣,屏東市,大洲里,284,195666,689,441,231,751,819.56,118.96
屏東縣,屏東市,永光里,326,190390,584,411,183,695,673.84,115.38
屏東縣,屏東市,大埔里,474,313043,660,465,211,871,689.13,104.35
屏東縣,屏東市,大同里,575,480574,836,529,231,1000,1023.93,122.51
屏東縣,屏東市,光榮里,492,340319,692,488,222,852,814.10,117.69
屏東縣,屏東市,維新里,610,385229,632,438,215,798,725.25,114.84
屏東縣,屏東市,斯文里,621,531672,856,543,270,1011,1155.65,134.98
屏東縣,屏東市,仁義里,248,165727,668,511,254,926,627.47,93.90
屏東縣,屏東市,三山里,369,195763,531,423,235,699,442.35,83.38
屏東縣,屏東市,海豐里,203,131453,648,475,286,760,656.32,101.35
屏東縣,屏東市,和興里,255,156460,614,401,222,771,686.76,111.93
屏東縣,屏東市,崇蘭里,3022,2301098,761,548,276,992,805.68,105.81
屏東縣,屏東市,空翔里,1151,773385,672,468,216,831,762.75,113.52
屏東縣,屏東市,廣興里,871,534970,614,456,221,776,633.59,103.16
屏東縣,屏東市,潭墘里,1500,832352,555,431,218,720,545.43,98.29
屏東縣,屏東市,溝美里,683,451378,661,452,212,827,690.19,104.44
屏東縣,屏東市,勝利里,1683,1248233,742,508,247,949,949.75,128.06
屏東縣,屏東市,永城里,583,384612,660,444,210,814,932.75,141.39
屏東縣,屏東市,北勢里,726,497310,685,479,228,859,717.88,104.80
屏東縣,屏東市,華山里,1550,1110410,716,498,240,897,898.73,125.45
屏東縣,屏東市,大武里,2496,1656887,664,485,241,822,734.94,110.71
屏東縣,屏東市,建國里,417,260089,624,462,216,782,636.34,102.02
屏東縣,屏東市,崇武里,1244,867971,698,492,224,927,793.91,113.79
屏東縣,屏東市,豐榮里,825,637563,773,460,225,967,958.93,124.08
屏東縣,屏東市,信和里,384,235615,614,434,224,735,759.17,123.73
屏東縣,屏東市,豐源里,1168,871300,746,539,260,1000,756.51,101.41
屏東縣,屏東市,大連里,1527,1170648,767,510,247,947,942.52,122.94
屏東縣,屏東市,仁愛里,650,478949,737,498,224,929,905.29,122.86
屏東縣,屏東市,中正里,1524,1195464,784,533,252,1024,862.64,109.97
屏東縣,屏東市,北興里,2045,1411461,690,469,222,905,742.07,107.51
屏東縣,屏東市,崇陽里,2651,1907263,719,529,263,955,715.96,99.51
屏東縣,屏東市,豐年里,1767,1477455,836,531,253,1049,1104.29,132.07
屏東縣,屏東市,公園里,648,570486,880,547,240,1063,1150.29,130.66
屏東縣,潮州鎮,潮州里,145,113083,780,559,280,865,808.55,103.68
屏東縣,潮州鎮,光華里,1366,918330,672,474,247,865,772.58,114.92
屏東縣,潮州鎮,三星里,1736,1190078,686,492,238,899,748.89,109.24
屏東縣,潮州鎮,彭城里,187,96171,514,356,152,656,602.11,117.08
屏東縣,潮州鎮,九塊里,331,181968,550,428,189,708,585.06,106.42
屏東縣,潮州鎮,興美里,198,117734,595,461,233,760,570.90,96.01
屏東縣,潮州鎮,檨子里,53,22956,433,350,179,526,424.85,98.09
屏東縣,潮州鎮,新生里,256,185253,724,503,227,963,841.47,116.28
屏東縣,潮州鎮,新榮里,355,249272,702,433,222,909,812.42,115.70
屏東縣,潮州鎮,同榮里,154,97344,632,362,193,732,768.34,121.55
屏東縣,潮州鎮,三共里,2094,1517195,725,503,242,908,816.41,112.68
屏東縣,潮州鎮,五魁里,413,227950,552,421,218,728,555.43,100.63
屏東縣,潮州鎮,蓬萊里,665,455211,685,511,244,922,681.65,99.58
屏東縣,潮州鎮,八爺里,678,423681,625,480,251,791,577.09,92.35
屏東縣,潮州鎮,光春里,385,245601,638,471,244,768,926.98,145.31
屏東縣,潮州鎮,泗林里,395,226339,573,420,222,714,577.21,100.73
屏東縣,潮州鎮,四春里,373,209314,561,418,213,699,563.40,100.40
屏東縣,潮州鎮,崙東里,262,129553,494,386,168,625,460.39,93.11
屏東縣,潮州鎮,永春里,2197,1362856,620,443,227,828,602.06,97.06
屏東縣,潮州鎮,三和里,635,437495,689,485,227,919,746.86,108.40
屏東縣,潮州鎮,富春里,217,108029,498,406,186,707,432.95,86.97
屏東縣,東港鎮,東隆里,282,137131,486,392,131,626,508.32,104.53
屏東縣,東港鎮,共和里,168,136533,813,550,274,854,1063.63,130.88
屏東縣,東港鎮,豐漁里,256,146292,571,433,209,702,624.70,109.32
屏東縣,東港鎮,盛漁里,402,221732,552,398,183,669,712.36,129.15
屏東縣,東港鎮,興漁里,338,188623,558,374,211,702,581.31,104.17
屏東縣,東港鎮,鎮海里,430,225150,524,388,198,657,581.07,110.97
屏東縣,東港鎮,嘉蓮里,261,136258,522,416,215,693,449.98,86.19
屏東縣,東港鎮,南平里,222,107303,483,369,165,646,494.73,102.36
屏東縣,東港鎮,興農里,414,294446,711,480,283,893,938.34,131.93
屏東縣,東港鎮,興和里,242,141349,584,446,265,747,500.22,85.64
屏東縣,東港鎮,船頭里,599,351580,587,428,205,756,634.28,108.06
屏東縣,東港鎮,下廍里,399,213645,535,388,185,666,551.25,102.95
屏東縣,東港鎮,新勝里,536,398350,743,489,261,920,944.79,127.13
屏東縣,東港鎮,頂中里,347,194374,560,424,196,718,611.77,109.21
屏東縣,東港鎮,朝安里,333,211623,636,421,205,795,664.27,104.53
屏東縣,東港鎮,大潭里,328,179348,547,393,198,705,624.35,114.18
屏東縣,東港鎮,福德里,439,263906,601,407,202,748,808.92,134.56
屏東縣,東港鎮,東津里,776,555392,716,521,242,956,745.89,104.22
屏東縣,東港鎮,內關帝里,700,435954,623,458,223,780,718.38,115.35
屏東縣,東港鎮,東新里,702,458176,653,481,209,846,661.06,101.28
屏東縣,東港鎮,新街里,1025,736308,718,500,237,928,832.61,115.91
屏東縣,東港鎮,東光里,480,372887,777,492,245,972,1155.75,148.77
屏東縣,恆春鎮,城北里,579,326335,564,381,194,735,583.65,103.55
屏東縣,恆春鎮,城西里,263,146213,556,377,188,722,560.30,100.78
屏東縣,恆春鎮,城南里,189,121816,645,400,210,781,879.10,136.39
屏東縣,恆春鎮,山腳里,1059,628924,594,400,200,709,671.67,113.10
屏東縣,恆春鎮,網紗里,825,472031,572,381,183,682,739.14,129.19
屏東縣,恆春鎮,仁壽里,178,88090,495,387,190,694,433.71,87.64
屏東縣,恆春鎮,茄湖里,73,34108,467,426,190,599,394.39,84.41
屏東縣,恆春鎮,頭溝里,71,38032,536,345,191,705,505.22,94.32
屏東縣,恆春鎮,四溝里,187,100737,539,371,204,672,514.67,95.54
屏東縣,恆春鎮,德和里,241,162154,673,425,213,795,841.84,125.12
屏東縣,恆春鎮,龍水里,194,108542,559,339,166,581,1072.98,191.78
屏東縣,恆春鎮,山海里,294,152799,520,361,201,569,687.12,132.21
屏東縣,恆春鎮,大光里,393,234049,596,411,220,749,610.99,102.59
屏東縣,恆春鎮,水泉里,241,127077,527,333,151,633,719.39,136.43
屏東縣,恆春鎮,南灣里,374,274956,735,446,209,846,875.15,119.04
屏東縣,恆春鎮,墾丁里,235,131597,560,375,180,612,722.99,129.11
屏東縣,恆春鎮,鵝鑾里,172,108475,631,369,197,682,1161.56,184.18
屏東縣,萬丹鄉,萬安村,187,135091,722,477,208,891,835.16,115.61
屏東縣,萬丹鄉,萬全村,900,615353,684,478,253,828,720.11,105.32
屏東縣,萬丹鄉,萬惠村,220,163826,745,513,282,1035,697.29,93.64
屏東縣,萬丹鄉,萬後村,186,128140,689,489,201,990,715.69,103.88
屏東縣,萬丹鄉,萬生村,391,255563,654,492,215,882,659.63,100.92
屏東縣,萬丹鄉,寶厝村,612,398520,651,483,237,811,659.68,101.31
屏東縣,萬丹鄉,四維村,530,315385,595,458,229,771,547.00,91.92
屏東縣,萬丹鄉,竹林村,360,262920,730,425,207,820,1058.95,145.00
屏東縣,萬丹鄉,廣安村,598,359780,602,438,237,735,634.17,105.41
屏東縣,萬丹鄉,田厝村,277,205317,741,452,241,812,1290.41,174.09
屏東縣,萬丹鄉,崙頂村,470,263139,560,422,238,735,507.36,90.62
屏東縣,萬丹鄉,社上村,412,265996,646,462,261,731,764.33,118.39
屏東縣,萬丹鄉,社中村,397,309934,781,528,266,825,1938.32,248.28
屏東縣,萬丹鄉,社皮村,540,324594,601,408,226,751,659.23,109.67
屏東縣,萬丹鄉,磚寮村,227,137328,605,463,259,762,623.53,103.07
屏東縣,萬丹鄉,社口村,394,260306,661,457,231,868,723.95,109.58
屏東縣,萬丹鄉,加興村,314,226061,720,452,239,853,982.18,136.43
屏東縣,萬丹鄉,上村村,201,138053,687,475,269,930,693.35,100.95
屏東縣,萬丹鄉,厦南村,324,200036,617,448,237,764,766.34,124.12
屏東縣,萬丹鄉,厦北村,383,227517,594,415,208,731,737.35,124.13
屏東縣,萬丹鄉,新庄村,565,397014,703,517,248,888,780.62,111.09
屏東縣,萬丹鄉,新鐘村,528,311953,591,449,232,744,583.04,98.68
屏東縣,萬丹鄉,水泉村,502,335245,668,504,246,829,637.03,95.39
屏東縣,萬丹鄉,香社村,370,228488,618,484,233,819,555.61,89.97
屏東縣,萬丹鄉,灣內村,288,193789,673,494,241,799,817.23,121.45
屏東縣,萬丹鄉,後村村,223,126090,565,359,190,722,661.89,117.06
屏東縣,萬丹鄉,水仙村,112,75206,671,504,246,838,644.18,95.93
屏東縣,萬丹鄉,興安村,167,103324,619,436,219,749,589.78,95.32
屏東縣,萬丹鄉,興全村,229,134693,588,447,234,722,608.82,103.51
屏東縣,萬丹鄉,甘棠村,65,50483,777,429,239,1006,904.73,116.49
屏東縣,長治鄉,進興村,804,525614,654,463,222,875,650.58,99.52
屏東縣,長治鄉,新潭村,1159,771365,666,496,242,878,703.12,105.65
屏東縣,長治鄉,長興村,318,239950,755,515,252,938,802.98,106.42
屏東縣,長治鄉,潭頭村,616,430974,700,494,237,943,681.74,97.44
屏東縣,長治鄉,香楊村,970,718431,741,489,233,918,959.40,129.53
屏東縣,長治鄉,德協村,266,164782,619,465,256,798,568.66,91.80
屏東縣,長治鄉,德成村,220,144358,656,424,218,942,687.97,104.85
屏東縣,長治鄉,復興村,310,159473,514,368,213,680,528.04,102.65
屏東縣,長治鄉,崙上村,461,267398,580,417,199,770,565.53,97.50
屏東縣,長治鄉,德榮村,308,174609,567,390,188,685,663.90,117.11
屏東縣,長治鄉,德和村,151,84604,560,432,225,683,646.90,115.46
屏東縣,長治鄉,繁隆村,225,139873,622,469,232,785,641.59,103.21
屏東縣,長治鄉,繁華村,517,290001,561,439,217,704,522.71,93.19
屏東縣,長治鄉,繁昌村,369,203368,551,410,206,733,512.38,92.97
屏東縣,長治鄉,繁榮村,275,164532,598,420,211,699,697.52,116.58
屏東縣,長治鄉,榮華村,172,88570,515,418,193,670,521.96,101.36
屏東縣,麟洛鄉,新田村,638,430337,675,454,229,856,745.30,110.49
屏東縣,麟洛鄉,麟頂村,271,205801,759,473,250,846,1358.08,178.83
屏東縣,麟洛鄉,麟蹄村,410,267782,653,464,208,831,762.91,116.81
屏東縣,麟洛鄉,麟趾村,722,493249,683,491,252,888,675.16,98.83
屏東縣,麟洛鄉,田心村,244,163082,668,469,228,816,673.37,100.75
屏東縣,麟洛鄉,田中村,361,245004,679,464,228,918,758.89,111.82
屏東縣,麟洛鄉,田道村,185,104471,565,452,218,693,552.23,97.79
屏東縣,九如鄉,九清村,346,236960,685,493,247,877,737.25,107.65
屏東縣,九如鄉,九塊村,348,194251,558,425,213,672,555.92,99.59
屏東縣,九如鄉,九明村,434,260695,601,452,227,776,563.67,93.84
屏東縣,九如鄉,玉水村,257,145242,565,389,208,694,679.81,120.29
屏東縣,九如鄉,玉泉村,386,229363,594,413,205,748,731.24,123.06
屏東縣,九如鄉,東寧村,1211,756741,625,461,228,764,721.17,115.41
屏東縣,九如鄉,大坵村,228,128077,562,405,234,635,624.44,111.16
屏東縣,九如鄉,三塊村,310,173376,559,409,215,659,666.09,119.10
屏東縣,九如鄉,後庄村,394,248104,630,453,212,702,783.94,124.49
屏東縣,九如鄉,耆老村,285,169151,594,443,209,779,588.59,99.17
屏東縣,九如鄉,洽興村,321,171887,535,388,215,692,480.52,89.74
屏東縣,里港鄉,玉田村,925,600077,649,473,241,813,674.74,104.01
屏東縣,里港鄉,大平村,286,184679,646,449,228,804,797.33,123.48
屏東縣,里港鄉,永春村,217,131082,604,464,207,726,772.21,127.84
屏東縣,里港鄉,春林村,343,221762,647,466,251,816,663.55,102.63
屏東縣,里港鄉,過江村,497,293334,590,426,219,723,669.75,113.48
屏東縣,里港鄉,鐵店村,351,228540,651,450,231,821,721.99,110.89
屏東縣,里港鄉,塔樓村,348,237930,684,505,271,839,797.51,116.65
屏東縣,里港鄉,潮厝村,351,182977,521,377,215,709,489.19,93.84
屏東縣,里港鄉,茄苳村,303,181987,601,452,228,805,568.46,94.65
屏東縣,里港鄉,載興村,467,304219,651,471,232,834,716.98,110.06
屏東縣,里港鄉,土庫村,400,256753,642,418,194,785,788.09,122.78
屏東縣,里港鄉,三廍村,389,247835,637,393,221,780,799.86,125.54
屏東縣,里港鄉,中和村,193,114454,593,370,160,695,815.76,137.56
屏東縣,里港鄉,瀰力村,118,83356,706,394,232,696,2319.18,328.31
屏東縣,鹽埔鄉,鹽北村,378,219228,580,418,203,738,618.31,106.61
屏東縣,鹽埔鄉,鹽中村,476,274594,577,403,203,738,604.01,104.70
屏東縣,鹽埔鄉,鹽南村,361,224064,621,466,235,774,625.56,100.79
屏東縣,鹽埔鄉,仕絨村,226,128643,569,392,200,648,609.22,107.03
屏東縣,鹽埔鄉,高朗村,515,288242,560,432,198,697,639.88,114.33
屏東縣,鹽埔鄉,振興村,301,157680,524,412,225,688,456.01,87.05
屏東縣,鹽埔鄉,久愛村,148,79811,539,364,187,629,558.56,103.58
屏東縣,鹽埔鄉,新圍村,631,328752,521,406,193,682,508.97,97.69
屏東縣,鹽埔鄉,新二村,764,460552,603,447,223,736,711.26,117.99
屏東縣,鹽埔鄉,彭厝村,206,131325,638,452,222,814,704.58,110.52
屏東縣,鹽埔鄉,洛陽村,343,184404,538,398,207,684,547.28,101.80
屏東縣,鹽埔鄉,永隆村,94,44835,477,337,202,611,497.74,104.35
屏東縣,高樹鄉,高樹村,425,267720,630,402,193,738,894.06,141.93
屏東縣,高樹鄉,長榮村,258,158198,613,444,209,702,664.80,108.42
屏東縣,高樹鄉,東振村,79,37049,469,351,153,638,417.28,88.98
屏東縣,高樹鄉,東興村,115,67892,590,437,236,815,490.76,83.13
屏東縣,高樹鄉,大埔村,101,47471,470,351,153,595,475.64,101.20
屏東縣,高樹鄉,源泉村,164,79438,484,320,159,604,521.22,107.61
屏東縣,高樹鄉,建興村,170,84583,498,374,221,569,533.09,107.14
屏東縣,高樹鄉,舊寮村,167,86702,519,335,153,683,677.00,130.40
屏東縣,高樹鄉,司馬村,75,41162,549,328,177,678,817.14,148.89
屏東縣,高樹鄉,菜寮村,96,68987,719,385,196,655,2377.07,330.79
屏東縣,高樹鄉,新豐村,211,127438,604,424,227,701,706.54,116.98
屏東縣,高樹鄉,田子村,185,83769,453,373,196,601,391.78,86.52
屏東縣,高樹鄉,舊庄村,158,84967,538,394,221,707,534.58,99.41
屏東縣,高樹鄉,鹽樹村,190,103475,545,362,194,640,663.26,121.79
屏東縣,高樹鄉,新南村,289,156550,542,392,217,652,779.32,143.87
屏東縣,高樹鄉,泰山村,289,173194,599,423,229,640,938.48,156.60
屏東縣,高樹鄉,南華村,203,92764,457,347,177,576,435.21,95.24
屏東縣,高樹鄉,廣興村,176,88921,505,399,231,606,493.44,97.67
屏東縣,高樹鄉,廣福村,173,104587,605,406,222,717,620.84,102.70
屏東縣,萬巒鄉,萬巒村,295,227274,770,534,271,985,807.01,104.75
屏東縣,萬巒鄉,萬全村,191,123157,645,461,225,744,822.53,127.56
屏東縣,萬巒鄉,萬和村,454,290268,639,475,257,776,688.33,107.66
屏東縣,萬巒鄉,鹿寮村,197,117732,598,466,216,835,524.99,87.85
屏東縣,萬巒鄉,硫黃村,110,65146,592,431,208,719,569.73,96.20
屏東縣,萬巒鄉,泗溝村,237,142816,603,460,221,787,598.56,99.33
屏東縣,萬巒鄉,佳佐村,345,165684,480,373,180,601,455.33,94.81
屏東縣,萬巒鄉,佳和村,274,178407,651,414,183,769,965.21,148.24
屏東縣,萬巒鄉,新厝村,203,109453,539,334,168,581,999.13,185.31
屏東縣,萬巒鄉,新置村,211,113174,536,409,213,664,553.06,103.11
屏東縣,萬巒鄉,赤山村,283,140640,497,391,216,683,456.77,91.91
屏東縣,萬巒鄉,萬金村,335,145216,433,365,188,573,373.47,86.16
屏東縣,萬巒鄉,五溝村,223,158342,710,496,248,877,720.71,101.50
屏東縣,萬巒鄉,成德村,268,157081,586,429,227,689,572.75,97.72
屏東縣,內埔鄉,內埔村,1220,810902,665,478,247,852,671.57,101.04
屏東縣,內埔鄉,興南村,267,151810,569,456,236,693,525.51,92.42
屏東縣,內埔鄉,義亭村,119,70748,595,411,194,727,689.09,115.91
屏東縣,內埔鄉,美和村,605,353019,584,439,205,754,589.32,101.00
屏東縣,內埔鄉,和興村,924,630140,682,499,246,904,744.31,109.14
屏東縣,內埔鄉,豐田村,963,590745,613,462,245,784,614.60,100.19
屏東縣,內埔鄉,竹圍村,505,299717,593,448,224,730,623.77,105.10
屏東縣,內埔鄉,富田村,462,291210,630,431,231,772,707.48,112.24
屏東縣,內埔鄉,東勢村,628,405714,646,439,236,793,945.24,146.31
屏東縣,內埔鄉,東片村,228,133801,587,413,248,713,570.52,97.22
屏東縣,內埔鄉,東寧村,1288,807545,627,452,232,807,622.52,99.29
屏東縣,內埔鄉,上樹村,258,146317,567,413,254,706,528.65,93.22
屏東縣,內埔鄉,老埤村,397,228646,576,422,211,689,759.73,131.91
屏東縣,內埔鄉,中林村,317,162168,512,345,205,608,652.88,127.62
屏東縣,內埔鄉,龍泉村,480,272385,567,413,208,674,667.77,117.67
屏東縣,內埔鄉,建興村,155,83989,542,384,208,742,507.15,93.59
屏東縣,內埔鄉,大新村,345,184829,536,385,211,647,558.11,104.18
屏東縣,內埔鄉,黎明村,454,241567,532,405,214,641,544.35,102.31
屏東縣,內埔鄉,隘寮村,215,103468,481,386,195,633,419.37,87.14
屏東縣,內埔鄉,龍潭村,438,227197,519,364,190,641,552.47,106.51
屏東縣,內埔鄉,內田村,985,586028,595,465,228,769,712.51,119.76
屏東縣,內埔鄉,水門村,147,73189,498,373,132,667,535.44,107.54
屏東縣,內埔鄉,振豐村,412,237467,576,434,226,696,701.44,121.70
屏東縣,竹田鄉,竹田村,359,205785,573,452,216,772,513.48,89.58
屏東縣,竹田鄉,竹南村,204,115540,566,388,171,659,651.67,115.06
屏東縣,竹田鄉,糶糴村,172,114062,663,451,230,891,655.18,98.80
屏東縣,竹田鄉,二崙村,207,124389,601,422,200,708,699.50,116.41
屏東縣,竹田鄉,美崙村,168,90903,541,397,197,691,507.22,93.74
屏東縣,竹田鄉,頭崙村,338,189068,559,435,215,722,612.94,109.58
屏東縣,竹田鄉,履豐村,128,86995,680,475,268,819,758.09,111.54
屏東縣,竹田鄉,泗洲村,251,137251,547,372,187,683,580.79,106.21
屏東縣,竹田鄉,大湖村,241,127849,530,404,172,798,459.84,86.68
屏東縣,竹田鄉,鳳明村,248,151045,609,383,210,661,921.73,151.34
屏東縣,竹田鄉,南勢村,112,71785,641,494,282,851,567.50,88.54
屏東縣,竹田鄉,六巷村,162,90962,561,435,218,793,479.27,85.36
屏東縣,竹田鄉,西勢村,584,371708,636,435,208,822,777.84,122.21
屏東縣,竹田鄉,福田村,112,62651,559,394,210,708,535.90,95.80
屏東縣,竹田鄉,永豐村,174,112434,646,489,232,947,594.02,91.93
屏東縣,新埤鄉,新埤村,456,262459,576,429,212,779,560.39,97.36
屏東縣,新埤鄉,建功村,216,128829,596,399,199,733,771.02,129.27
屏東縣,新埤鄉,打鐵村,192,118401,617,439,232,846,520.41,84.39
屏東縣,新埤鄉,南豐村,143,68712,481,404,255,637,378.43,78.76
屏東縣,新埤鄉,餉潭村,152,63623,419,321,155,546,459.30,109.73
屏東縣,新埤鄉,箕湖村,136,60396,444,322,179,569,448.49,100.99
屏東縣,新埤鄉,萬隆村,272,131874,485,348,180,621,543.83,112.17
屏東縣,枋寮鄉,枋寮村,265,154415,583,450,237,765,560.38,96.17
屏東縣,枋寮鄉,保生村,140,70523,504,440,259,656,381.83,75.80
屏東縣,枋寮鄉,中寮村,110,56017,509,379,238,634,709.33,139.29
屏東縣,枋寮鄉,安樂村,297,168625,568,415,219,752,564.94,99.50
屏東縣,枋寮鄉,天時村,388,243667,628,460,251,762,680.45,108.35
屏東縣,枋寮鄉,地利村,293,165016,563,419,201,784,509.71,90.50
屏東縣,枋寮鄉,人和村,422,247840,587,439,207,756,588.15,100.15
屏東縣,枋寮鄉,內寮村,105,54800,522,426,206,728,446.03,85.46
屏東縣,枋寮鄉,新開村,120,52655,439,347,190,524,494.86,112.78
屏東縣,枋寮鄉,東海村,586,312362,533,395,222,695,501.13,94.01
屏東縣,枋寮鄉,大庄村,101,67457,668,533,261,780,713.73,106.86
屏東縣,枋寮鄉,太源村,128,69421,542,383,203,587,676.54,124.74
屏東縣,枋寮鄉,玉泉村,50,24441,489,364,226,587,414.51,84.80
屏東縣,枋寮鄉,新龍村,151,105065,696,438,197,763,1165.19,167.46
屏東縣,枋寮鄉,隆山村,885,499163,564,419,207,701,614.11,108.88
屏東縣,新園鄉,內庄村,189,118018,624,492,246,773,576.05,92.25
屏東縣,新園鄉,瓦磘村,389,238160,612,431,205,772,670.38,109.50
屏東縣,新園鄉,田洋村,524,301190,575,405,220,737,689.03,119.88
屏東縣,新園鄉,仙吉村,676,406871,602,443,243,758,617.68,102.62
屏東縣,新園鄉,港墘村,162,87150,538,407,220,633,539.14,100.22
屏東縣,新園鄉,新東村,537,338111,630,467,236,756,667.90,106.08
屏東縣,新園鄉,新園村,533,317120,595,465,255,726,720.52,121.10
屏東縣,新園鄉,烏龍村,292,188854,647,454,216,808,668.73,103.40
屏東縣,新園鄉,興龍村,559,345547,618,430,240,792,621.88,100.60
屏東縣,新園鄉,南龍村,309,184887,598,410,211,817,576.38,96.33
屏東縣,新園鄉,中洲村,370,206987,559,421,222,697,557.76,99.70
屏東縣,新園鄉,鹽埔村,853,464067,544,404,198,691,558.82,102.72
屏東縣,新園鄉,共和村,428,217707,509,380,188,678,500.78,98.45
屏東縣,新園鄉,五房村,586,312331,533,400,191,710,505.53,94.85
屏東縣,新園鄉,港西村,484,278487,575,431,207,730,595.39,103.48
屏東縣,崁頂鄉,崁頂村,515,288869,561,396,216,713,658.43,117.39
屏東縣,崁頂鄉,園寮村,510,297770,584,436,210,719,745.53,127.69
屏東縣,崁頂鄉,力社村,334,200372,600,454,220,781,561.25,93.55
屏東縣,崁頂鄉,圍內村,268,152910,571,446,274,744,487.05,85.36
屏東縣,崁頂鄉,洲子村,244,126360,518,371,175,643,548.49,105.91
屏東縣,崁頂鄉,北勢村,324,184791,570,440,243,727,590.22,103.48
屏東縣,崁頂鄉,越溪村,224,121958,544,392,188,661,659.13,121.06
屏東縣,崁頂鄉,港東村,402,236760,589,445,213,757,584.16,99.19
屏東縣,林邊鄉,林邊村,337,241924,718,564,252,914,753.97,105.03
屏東縣,林邊鄉,光林村,290,181696,627,442,229,804,797.19,127.24
屏東縣,林邊鄉,仁和村,411,245331,597,449,240,743,642.58,107.65
屏東縣,林邊鄉,中林村,163,97982,601,385,185,784,603.68,100.43
屏東縣,林邊鄉,永樂村,703,431221,613,450,225,797,656.74,107.07
屏東縣,林邊鄉,田厝村,178,93964,528,395,196,691,498.40,94.41
屏東縣,林邊鄉,崎峯村,202,100452,497,381,186,629,467.21,93.95
屏東縣,林邊鄉,水利村,308,166621,541,408,215,707,580.47,107.30
屏東縣,林邊鄉,竹林村,365,221300,606,417,222,723,851.74,140.48
屏東縣,林邊鄉,鎮安村,206,116712,567,470,241,797,419.46,74.04
屏東縣,南州鄉,溪洲村,380,242145,637,482,239,783,824.27,129.35
屏東縣,南州鄉,溪南村,251,152507,608,482,220,769,600.69,98.86
屏東縣,南州鄉,仁里村,135,94029,697,463,183,814,903.40,129.70
屏東縣,南州鄉,溪北村,195,122854,630,490,270,830,518.69,82.33
屏東縣,南州鄉,七塊村,204,143684,704,478,273,860,897.61,127.44
屏東縣,南州鄉,萬華村,200,129697,648,444,281,860,582.57,89.84
屏東縣,南州鄉,米崙村,239,170689,714,460,250,711,1457.59,204.09
屏東縣,南州鄉,壽元村,186,105431,567,426,204,789,519.88,91.72
屏東縣,南州鄉,同安村,232,133572,576,426,228,712,545.42,94.73
屏東縣,南州鄉,南安村,88,47278,537,405,210,687,497.21,92.55
屏東縣,佳冬鄉,佳冬村,374,237162,634,469,222,810,929.96,146.65
屏東縣,佳冬鄉,六根村,248,139703,563,457,228,707,491.49,87.25
屏東縣,佳冬鄉,賴家村,143,75728,530,446,232,739,386.08,72.90
屏東縣,佳冬鄉,萬建村,421,269795,641,414,221,765,866.24,135.17
屏東縣,佳冬鄉,石光村,378,298530,790,433,234,759,3334.11,422.17
屏東縣,佳冬鄉,玉光村,399,225840,566,421,222,728,592.91,104.75
屏東縣,佳冬鄉,昌隆村,189,104236,552,413,189,722,606.30,109.93
屏東縣,佳冬鄉,豐隆村,148,72985,493,392,219,686,405.74,82.28
屏東縣,佳冬鄉,大同村,218,127216,584,418,225,705,601.22,103.03
屏東縣,佳冬鄉,羌園村,208,114023,548,438,238,699,497.02,90.67
屏東縣,佳冬鄉,燄溫村,164,78106,476,337,187,584,629.13,132.10
屏東縣,佳冬鄉,塭豐村,353,161856,459,350,173,610,461.91,100.74
屏東縣,琉球鄉,本福村,405,272749,673,475,188,962,702.68,104.34
屏東縣,琉球鄉,中福村,243,151884,625,446,205,914,597.32,95.57
屏東縣,琉球鄉,漁福村,190,102865,541,447,203,729,444.31,82.07
屏東縣,琉球鄉,大福村,342,206851,605,361,177,717,829.49,137.15
屏東縣,琉球鄉,南福村,184,98399,535,365,181,725,514.78,96.26
屏東縣,琉球鄉,天福村,180,91407,508,320,132,718,519.52,102.31
屏東縣,琉球鄉,上福村,278,162266,584,424,168,703,691.95,118.55
屏東縣,琉球鄉,杉福村,156,84142,539,294,147,647,655.60,121.55
屏東縣,車城鄉,福興村,283,155450,549,379,184,663,628.22,114.37
屏東縣,車城鄉,福安村,98,53594,547,444,204,738,551.14,100.78
屏東縣,車城鄉,統埔村,70,30767,440,310,167,558,467.11,106.27
屏東縣,車城鄉,田中村,116,52900,456,343,178,596,404.94,88.79
屏東縣,車城鄉,海口村,135,71328,528,427,162,686,508.90,96.32
屏東縣,車城鄉,溫泉村,108,69667,645,349,170,577,1354.78,210.02
屏東縣,車城鄉,保力村,209,104259,499,394,193,569,468.58,93.93
屏東縣,車城鄉,新街村,76,29699,391,318,195,538,313.77,80.29
屏東縣,車城鄉,埔墘村,85,39973,470,352,205,624,405.96,86.33
屏東縣,車城鄉,射寮村,85,34924,411,261,129,472,545.15,132.68
屏東縣,車城鄉,後灣村,89,43986,494,334,170,629,502.38,101.65
屏東縣,滿州鄉,滿州村,285,142859,501,361,157,593,714.96,142.63
屏東縣,滿州鄉,里德村,53,23869,450,378,215,541,420.74,93.42
屏東縣,滿州鄉,永靖村,222,107778,485,347,153,607,549.31,113.15
屏東縣,滿州鄉,港口村,231,109226,473,356,191,604,478.69,101.24
屏東縣,滿州鄉,响林村,96,62305,649,455,248,723,851.98,131.27
屏東縣,滿州鄉,長樂村,188,78572,418,341,194,507,335.91,80.37
屏東縣,滿州鄉,九棚村,50,27661,553,400,269,647,637.56,115.25
屏東縣,滿州鄉,港仔村,52,34843,670,505,347,1007,505.76,75.48
屏東縣,枋山鄉,枋山村,168,96187,573,405,202,768,623.69,108.93
屏東縣,枋山鄉,加祿村,271,152524,563,433,216,736,525.25,93.33
屏東縣,枋山鄉,楓港村,136,72637,534,350,222,570,762.66,142.79
屏東縣,枋山鄉,善餘村,136,59458,437,364,198,561,384.81,88.02
屏東縣,三地門鄉,三地村,323,166703,516,415,237,686,453.11,87.79
屏東縣,三地門鄉,賽嘉村,125,62537,500,462,240,656,373.19,74.59
屏東縣,三地門鄉,口社村,112,61261,547,461,204,720,463.12,84.67
屏東縣,三地門鄉,安坡村,68,33277,489,423,273,608,352.90,72.11
屏東縣,三地門鄉,青山村,131,83638,638,476,325,737,727.49,113.94
屏東縣,三地門鄉,達來村,50,21401,428,367,159,620,330.03,77.11
屏東縣,三地門鄉,青葉村,101,45178,447,385,215,613,337.35,75.42
屏東縣,三地門鄉,德文村,69,29092,422,363,239,503,306.20,72.62
屏東縣,三地門鄉,大社村,103,39974,388,348,204,572,256.22,66.02
屏東縣,三地門鄉,馬兒村,37,13199,357,327,129,554,284.77,79.83
屏東縣,霧臺鄉,霧台村,244,130578,535,437,251,741,420.38,78.55
屏東縣,霧臺鄉,好茶村,83,40565,489,401,205,651,564.77,115.56
屏東縣,霧臺鄉,阿禮村,64,26404,413,371,197,528,287.21,69.62
屏東縣,霧臺鄉,大武村,77,38438,499,407,247,626,383.98,76.92
屏東縣,霧臺鄉,吉露村,41,24584,600,481,305,721,503.41,83.96
屏東縣,霧臺鄉,佳暮村,67,30176,450,394,150,593,380.06,84.38
屏東縣,瑪家鄉,瑪家村,69,38299,555,541,278,713,430.28,77.52
屏東縣,瑪家鄉,北葉村,187,99851,534,441,245,709,416.44,77.99
屏東縣,瑪家鄉,凉山村,165,83597,507,445,210,646,407.33,80.40
屏東縣,瑪家鄉,排灣村,80,41838,523,450,235,804,363.69,69.54
屏東縣,瑪家鄉,三和村,409,245959,601,474,271,775,599.03,99.61
屏東縣,瑪家鄉,佳義村,173,98703,571,451,231,697,728.38,127.67
屏東縣,泰武鄉,佳平村,176,93406,531,427,241,652,509.83,96.06
屏東縣,泰武鄉,武潭村,193,99416,515,457,230,685,404.71,78.57
屏東縣,泰武鄉,佳興村,48,32064,668,616,290,955,443.30,66.36
屏東縣,泰武鄉,泰武村,107,56266,526,422,235,629,719.30,136.79
屏東縣,泰武鄉,平和村,129,61067,473,386,207,683,348.08,73.53
屏東縣,泰武鄉,萬安村,138,70510,511,421,234,684,415.91,81.40
屏東縣,來義鄉,丹林村,139,83246,599,514,221,840,528.53,88.25
屏東縣,來義鄉,來義村,160,81909,512,458,204,734,399.90,78.11
屏東縣,來義鄉,古樓村,219,103305,472,354,144,587,489.97,103.87
屏東縣,來義鄉,望嘉村,173,83876,485,385,198,646,468.13,96.56
屏東縣,來義鄉,文樂村,167,113002,677,460,279,778,1385.65,204.78
屏東縣,來義鄉,義林村,121,61762,510,435,207,725,398.31,78.03
屏東縣,來義鄉,南和村,186,99632,536,440,210,646,627.92,117.23
屏東縣,春日鄉,春日村,131,70718,540,466,273,667,450.02,83.36
屏東縣,春日鄉,古華村,127,71206,561,457,258,717,720.19,128.45
屏東縣,春日鄉,士文村,30,16352,545,501,177,689,443.20,81.31
屏東縣,春日鄉,力里村,82,39290,479,396,185,758,367.55,76.71
屏東縣,春日鄉,七佳村,214,105464,493,428,271,610,376.61,76.42
屏東縣,春日鄉,歸崇村,116,57589,496,395,143,699,447.30,90.10
屏東縣,獅子鄉,楓林村,150,80062,534,468,245,702,395.54,74.11
屏東縣,獅子鄉,丹路村,124,61805,498,392,200,626,471.85,94.67
屏東縣,獅子鄉,草埔村,137,65559,479,404,195,584,500.54,104.60
屏東縣,獅子鄉,內文村,43,19014,442,430,227,579,299.30,67.69
屏東縣,獅子鄉,竹坑村,60,33864,564,556,249,733,415.40,73.60
屏東縣,獅子鄉,獅子村,65,31642,487,445,235,644,367.83,75.56
屏東縣,獅子鄉,內獅村,99,50510,510,456,221,660,443.36,86.90
屏東縣,獅子鄉,南世村,61,31973,524,480,305,704,330.31,63.02
屏東縣,牡丹鄉,石門村,335,187307,559,421,232,743,492.79,88.14
屏東縣,牡丹鄉,牡丹村,130,61518,473,431,188,675,376.54,79.57
屏東縣,牡丹鄉,東源村,66,34077,516,483,244,715,368.83,71.44
屏東縣,牡丹鄉,旭海村,71,40533,571,429,237,719,498.01,87.23
屏東縣,牡丹鄉,高士村,144,71308,495,381,222,580,704.83,142.33
屏東縣,牡丹鄉,四林村,80,41048,513,409,209,679,411.51,80.20
花蓮縣,花蓮市,民意里,505,285294,565,383,193,731,683.75,121.03
花蓮縣,花蓮市,民政里,1333,1091697,819,518,254,969,1148.18,140.20
花蓮縣,花蓮市,民運里,637,375299,589,430,221,714,679.14,115.27
花蓮縣,花蓮市,民樂里,215,137262,638,459,247,875,581.81,91.13
花蓮縣,花蓮市,民立里,536,611864,1142,611,295,1261,2717.00,238.01
花蓮縣,花蓮市,民勤里,1128,947109,840,596,258,1073,916.18,109.12
花蓮縣,花蓮市,民德里,580,529084,912,593,279,1145,1066.83,116.95
花蓮縣,花蓮市,民權里,128,77377,605,393,181,762,675.44,111.73
花蓮縣,花蓮市,民有里,164,126412,771,459,228,996,963.81,125.04
花蓮縣,花蓮市,民主里,169,123721,732,510,261,1094,703.46,96.09
花蓮縣,花蓮市,民族里,135,87415,648,409,235,741,751.65,116.08
花蓮縣,花蓮市,民生里,357,232828,652,435,210,842,764.86,117.28
花蓮縣,花蓮市,主商里,195,152146,780,543,277,1010,792.87,101.62
花蓮縣,花蓮市,主勤里,253,193732,766,480,239,991,946.73,123.64
花蓮縣,花蓮市,主工里,180,136441,758,486,260,927,869.60,114.72
花蓮縣,花蓮市,主睦里,169,113533,672,414,159,873,777.05,115.67
花蓮縣,花蓮市,主義里,125,84582,677,415,219,847,926.17,136.87
花蓮縣,花蓮市,主計里,248,168282,679,415,181,819,882.43,130.04
花蓮縣,花蓮市,主信里,232,176684,762,524,216,973,987.35,129.65
花蓮縣,花蓮市,主和里,805,502339,624,466,248,799,644.74,103.32
花蓮縣,花蓮市,主學里,635,387846,611,436,210,789,620.58,101.60
花蓮縣,花蓮市,主農里,1181,817702,692,449,219,882,1134.93,163.92
花蓮縣,花蓮市,主力里,884,571287,646,430,222,865,688.56,106.55
花蓮縣,花蓮市,主權里,1713,1125096,657,454,226,840,817.35,124.45
花蓮縣,花蓮市,國治里,291,226734,779,494,219,903,1017.72,130.62
花蓮縣,花蓮市,國風里,1081,766560,709,453,212,930,834.09,117.62
花蓮縣,花蓮市,國威里,459,343792,749,459,203,926,951.39,127.02
花蓮縣,花蓮市,國安里,183,151606,828,637,279,1069,926.25,111.81
花蓮縣,花蓮市,國華里,748,553526,740,515,231,933,864.51,116.82
花蓮縣,花蓮市,國魂里,556,389718,701,455,221,921,752.46,107.35
花蓮縣,花蓮市,國聯里,977,663170,679,463,223,884,754.59,111.17
花蓮縣,花蓮市,國富里,1692,1221886,722,457,224,872,955.01,132.24
花蓮縣,花蓮市,國慶里,384,400933,1044,565,272,1188,1675.80,160.50
花蓮縣,花蓮市,國福里,363,191779,528,416,223,662,491.79,93.09
花蓮縣,花蓮市,國強里,661,468476,709,520,259,928,732.00,103.28
花蓮縣,花蓮市,國防里,261,163013,625,448,226,794,732.67,117.31
花蓮縣,花蓮市,國光里,361,235700,653,400,192,851,741.26,113.53
花蓮縣,花蓮市,民心里,316,274743,869,516,253,1034,1116.30,128.39
花蓮縣,花蓮市,民享里,1118,892220,798,532,269,970,957.37,119.96
花蓮縣,花蓮市,國裕里,1550,1098741,709,495,248,841,983.05,138.68
花蓮縣,花蓮市,國盛里,1184,666294,563,395,195,691,620.36,110.24
花蓮縣,花蓮市,主安里,808,514966,637,440,205,837,760.94,119.39
花蓮縣,花蓮市,國興里,1571,1398331,890,550,272,1105,1073.72,120.63
花蓮縣,花蓮市,民孝里,1129,791337,701,523,265,922,687.80,98.13
花蓮縣,光復鄉,大安村,209,143318,686,456,194,886,801.06,116.82
花蓮縣,光復鄉,大全村,148,70109,474,343,193,660,434.75,91.78
花蓮縣,光復鄉,大平村,193,101369,525,412,175,682,489.46,93.19
花蓮縣,光復鄉,大馬村,188,91771,488,387,175,632,478.50,98.02
花蓮縣,光復鄉,大進村,95,66092,696,418,249,890,1031.50,148.27
花蓮縣,光復鄉,大同村,216,122562,567,427,212,689,634.97,111.90
花蓮縣,光復鄉,東富村,178,82132,461,378,207,616,381.04,82.58
花蓮縣,光復鄉,西富村,179,90764,507,397,222,591,660.95,130.35
花蓮縣,光復鄉,南富村,167,81143,486,355,214,676,583.74,120.14
花蓮縣,光復鄉,北富村,141,68784,488,389,139,652,465.16,95.35
花蓮縣,光復鄉,大富村,62,34276,553,335,164,711,558.48,101.02
花蓮縣,光復鄉,大豐村,64,34387,537,279,175,627,624.75,116.28
花蓮縣,光復鄉,大興村,73,36425,499,385,212,556,456.51,91.49
花蓮縣,光復鄉,大華村,274,155937,569,416,206,650,634.44,111.48
花蓮縣,玉里鎮,中城里,1562,1108661,710,493,235,945,780.17,109.92
花蓮縣,玉里鎮,國武里,363,242981,669,433,199,878,836.63,124.99
花蓮縣,玉里鎮,啟模里,334,183569,550,350,169,636,888.98,161.75
花蓮縣,玉里鎮,泰昌里,239,175624,735,440,216,839,1181.64,160.81
花蓮縣,玉里鎮,源城里,260,117064,450,350,185,577,421.76,93.67
花蓮縣,玉里鎮,長良里,77,36781,478,338,156,571,633.72,132.67
花蓮縣,玉里鎮,樂合里,132,66196,501,384,200,729,424.00,84.55
花蓮縣,玉里鎮,觀音里,253,109933,435,324,187,543,413.71,95.21
花蓮縣,玉里鎮,松浦里,206,91665,445,346,196,535,473.71,106.46
花蓮縣,玉里鎮,春日里,129,55239,428,350,210,595,341.02,79.64
花蓮縣,玉里鎮,德武里,112,56111,501,381,170,622,643.92,128.53
花蓮縣,玉里鎮,三民里,142,79423,559,400,218,684,561.79,100.44
花蓮縣,玉里鎮,大禹里,214,122524,573,407,218,702,684.85,119.61
花蓮縣,玉里鎮,東豐里,69,34363,498,371,192,769,394.09,79.13
花蓮縣,玉里鎮,永昌里,289,157047,543,425,217,726,470.56,86.59
花蓮縣,新城鄉,新城村,336,240594,716,417,239,800,1097.37,153.25
花蓮縣,新城鄉,順安村,203,90596,446,366,149,607,392.53,87.95
花蓮縣,新城鄉,康樂村,745,483380,649,498,246,914,629.95,97.09
花蓮縣,新城鄉,北埔村,988,598343,606,452,219,809,622.48,102.79
花蓮縣,新城鄉,佳林村,315,193135,613,402,217,685,759.22,123.83
花蓮縣,新城鄉,嘉里村,1281,874647,683,521,270,875,669.81,98.10
花蓮縣,新城鄉,嘉新村,235,117193,499,399,213,662,426.58,85.54
花蓮縣,新城鄉,大漢村,684,364062,532,382,204,683,620.61,116.60
花蓮縣,新城鄉,新秀村,632,329225,521,426,229,683,456.56,87.64
花蓮縣,吉安鄉,仁里村,1977,1248300,631,451,218,808,725.76,114.94
花蓮縣,吉安鄉,東昌村,1771,1061393,599,450,229,783,580.53,96.87
花蓮縣,吉安鄉,南昌村,1333,816241,612,415,208,806,648.16,105.85
花蓮縣,吉安鄉,北昌村,2443,1672767,685,478,235,886,742.36,108.42
花蓮縣,吉安鄉,宜昌村,1235,728656,590,431,211,763,606.39,102.78
花蓮縣,吉安鄉,太昌村,1052,661631,629,433,211,798,683.56,108.69
花蓮縣,吉安鄉,慶豐村,2408,1720578,715,489,243,943,812.83,113.76
花蓮縣,吉安鄉,吉安村,1771,1302329,735,508,246,996,778.01,105.80
花蓮縣,吉安鄉,福興村,968,646039,667,457,224,867,793.14,118.84
花蓮縣,吉安鄉,稻香村,1100,765613,696,479,246,875,861.07,123.72
花蓮縣,吉安鄉,永興村,824,441294,536,403,202,661,550.46,102.78
花蓮縣,吉安鄉,南華村,400,246903,617,418,193,729,781.02,126.53
花蓮縣,吉安鄉,干城村,290,212205,732,459,240,864,969.02,132.43
花蓮縣,吉安鄉,光華村,604,389404,645,444,218,839,684.94,106.24
花蓮縣,吉安鄉,仁和村,1362,797966,586,457,232,735,549.78,93.84
花蓮縣,吉安鄉,仁安村,703,421922,600,414,225,730,680.80,113.43
花蓮縣,吉安鄉,永安村,1434,1058778,738,479,234,940,887.83,120.25
花蓮縣,吉安鄉,勝安村,1874,1405321,750,499,228,954,849.49,113.28
花蓮縣,壽豐鄉,池南村,155,81768,528,413,232,693,499.97,94.77
花蓮縣,壽豐鄉,志學村,744,439046,590,422,218,706,684.94,116.07
花蓮縣,壽豐鄉,光榮村,170,85052,500,376,181,668,483.63,96.67
花蓮縣,壽豐鄉,平和村,334,202072,605,423,218,683,806.79,133.35
花蓮縣,壽豐鄉,壽豐村,367,210865,575,405,191,699,661.32,115.10
花蓮縣,壽豐鄉,共和村,201,173212,862,441,232,1000,1097.72,127.38
花蓮縣,壽豐鄉,豐山村,448,244174,545,377,197,694,599.15,109.93
花蓮縣,壽豐鄉,豐裡村,339,184430,544,394,229,622,569.46,104.67
花蓮縣,壽豐鄉,豐坪村,187,115376,617,432,220,830,585.13,94.84
花蓮縣,壽豐鄉,溪口村,214,109038,510,382,180,617,535.67,105.13
花蓮縣,壽豐鄉,月眉村,178,80517,452,368,191,616,414.18,91.56
花蓮縣,壽豐鄉,米棧村,38,17843,470,334,155,679,433.55,92.33
花蓮縣,壽豐鄉,水璉村,93,47703,513,330,167,549,886.97,172.92
花蓮縣,壽豐鄉,鹽寮村,114,94049,825,367,222,696,1637.43,198.48
花蓮縣,壽豐鄉,樹湖村,72,52495,729,385,224,694,1045.21,143.36
花蓮縣,鳳林鎮,鳳仁里,291,172360,592,430,202,804,550.83,93.00
花蓮縣,鳳林鎮,鳳義里,159,95024,598,418,197,712,715.71,119.76
花蓮縣,鳳林鎮,鳳禮里,169,97374,576,414,252,733,524.86,91.09
花蓮縣,鳳林鎮,鳳智里,278,175876,633,458,223,827,641.35,101.38
花蓮縣,鳳林鎮,鳳信里,343,177466,517,407,183,638,533.93,103.20
花蓮縣,鳳林鎮,林榮里,207,101944,492,370,187,594,511.04,103.77
花蓮縣,鳳林鎮,南平里,105,63294,603,452,266,669,636.19,105.54
花蓮縣,鳳林鎮,北林里,124,79095,638,401,273,747,728.17,114.16
花蓮縣,鳳林鎮,大榮里,246,143926,585,423,239,714,574.65,98.22
花蓮縣,鳳林鎮,山興里,87,36015,414,335,192,482,352.94,85.26
花蓮縣,鳳林鎮,長橋里,199,111826,562,440,242,789,473.86,84.33
花蓮縣,鳳林鎮,森榮里,16,5463,341,289,151,538,273.21,80.02
花蓮縣,豐濱鄉,豐濱村,281,118365,421,371,189,550,326.18,77.44
花蓮縣,豐濱鄉,港口村,110,48832,444,344,155,569,439.40,98.98
花蓮縣,豐濱鄉,靜浦村,80,35745,447,318,142,674,433.93,97.12
花蓮縣,豐濱鄉,新社村,97,49515,510,375,230,557,686.26,134.44
花蓮縣,豐濱鄉,磯崎村,65,37681,580,404,235,589,623.66,107.58
花蓮縣,瑞穗鄉,瑞穗村,389,234703,603,459,229,792,669.69,110.99
花蓮縣,瑞穗鄉,瑞良村,105,61493,586,412,192,674,691.68,118.11
花蓮縣,瑞穗鄉,瑞美村,486,284268,585,399,204,730,665.95,113.85
花蓮縣,瑞穗鄉,瑞祥村,171,139674,817,450,220,752,1652.43,202.30
花蓮縣,瑞穗鄉,瑞北村,92,42585,463,353,184,535,622.83,134.55
花蓮縣,瑞穗鄉,奇美村,42,21272,506,431,332,687,358.07,70.70
花蓮縣,瑞穗鄉,富源村,120,58882,491,337,190,581,515.74,105.11
花蓮縣,瑞穗鄉,富興村,81,39687,490,313,174,649,498.09,101.66
花蓮縣,瑞穗鄉,富民村,135,59509,441,346,196,496,437.15,99.17
花蓮縣,瑞穗鄉,舞鶴村,154,68963,448,347,166,593,500.54,111.77
花蓮縣,瑞穗鄉,鶴岡村,130,62127,478,361,190,589,513.14,107.37
花蓮縣,富里鄉,富里村,280,155054,554,345,156,747,609.81,110.12
花蓮縣,富里鄉,永豐村,70,27488,393,352,172,507,309.14,78.72
花蓮縣,富里鄉,富南村,61,30243,496,351,229,587,408.03,82.30
花蓮縣,富里鄉,學田村,121,66126,546,395,219,673,572.12,104.69
花蓮縣,富里鄉,石牌村,190,109980,579,417,211,737,582.98,100.71
花蓮縣,富里鄉,明里村,58,30702,529,338,238,575,642.23,121.33
花蓮縣,富里鄉,羅山村,72,37249,517,403,227,696,433.34,83.76
花蓮縣,富里鄉,竹田村,207,109642,530,379,188,708,484.66,91.50
花蓮縣,富里鄉,新興村,109,49080,450,330,199,570,398.30,88.46
花蓮縣,富里鄉,萬寧村,89,36742,413,350,213,517,327.92,79.43
花蓮縣,富里鄉,豐南村,85,40778,480,339,203,524,746.57,155.62
花蓮縣,富里鄉,東里村,180,104726,582,429,174,701,751.05,129.09
花蓮縣,富里鄉,吳江村,73,33038,453,298,185,486,543.61,120.11
花蓮縣,秀林鄉,和平村,520,257664,496,398,184,650,475.92,96.05
花蓮縣,秀林鄉,崇德村,333,153930,462,369,180,567,485.45,105.02
花蓮縣,秀林鄉,富世村,530,252015,476,374,178,594,521.86,109.75
花蓮縣,秀林鄉,秀林村,522,255074,489,400,214,640,414.97,84.92
花蓮縣,秀林鄉,景美村,449,213879,476,382,204,551,606.02,127.22
花蓮縣,秀林鄉,佳民村,251,113976,454,357,180,544,777.70,171.27
花蓮縣,秀林鄉,銅門村,303,158313,522,388,200,705,495.12,94.76
花蓮縣,秀林鄉,文蘭村,268,136936,511,426,201,683,458.45,89.73
花蓮縣,秀林鄉,水源村,274,140934,514,418,258,665,429.71,83.54
花蓮縣,萬榮鄉,西林村,251,113736,453,374,213,582,361.04,79.68
花蓮縣,萬榮鄉,見晴村,139,61763,444,372,207,551,422.29,95.04
花蓮縣,萬榮鄉,萬榮村,190,101834,536,418,228,655,509.37,95.04
花蓮縣,萬榮鄉,明利村,137,65800,480,361,186,604,519.49,108.16
花蓮縣,萬榮鄉,馬遠村,269,109684,408,341,200,585,286.08,70.16
花蓮縣,萬榮鄉,紅葉村,236,105266,446,377,197,557,389.88,87.41
花蓮縣,卓溪鄉,崙山村,120,58355,486,405,215,611,385.83,79.34
花蓮縣,卓溪鄉,立山村,228,101216,444,374,196,574,404.21,91.05
花蓮縣,卓溪鄉,太平村,171,80837,473,412,182,610,427.23,90.37
花蓮縣,卓溪鄉,卓溪村,153,78470,513,408,268,654,405.26,79.02
花蓮縣,卓溪鄉,卓清村,179,76136,425,378,225,577,295.77,69.54
花蓮縣,卓溪鄉,古風村,178,86929,488,402,220,646,403.02,82.52
臺東縣,臺東市,中山里,535,371792,695,423,218,815,897.43,129.14
臺東縣,臺東市,文化里,414,311650,753,549,247,952,732.82,97.35
臺東縣,臺東市,中正里,579,402568,695,444,216,853,814.48,117.14
臺東縣,臺東市,中華里,574,317950,554,404,199,687,573.98,103.62
臺東縣,臺東市,成功里,424,264862,625,424,231,745,743.53,119.03
臺東縣,臺東市,寶桑里,373,225011,603,420,210,791,638.57,105.86
臺東縣,臺東市,中心里,936,636083,680,471,226,878,665.86,97.98
臺東縣,臺東市,新生里,1201,943367,785,523,270,1032,853.16,108.62
臺東縣,臺東市,豐里里,563,352195,626,428,232,807,636.10,101.68
臺東縣,臺東市,豐年里,917,594870,649,489,231,821,638.13,98.37
臺東縣,臺東市,豐原里,276,168467,610,442,219,772,606.17,99.31
臺東縣,臺東市,康樂里,353,189723,537,426,196,685,529.42,98.50
臺東縣,臺東市,光明里,901,684993,760,558,257,1008,797.66,104.92
臺東縣,臺東市,新興里,355,229536,647,463,240,872,642.93,99.43
臺東縣,臺東市,豐榮里,952,651557,684,487,254,871,708.12,103.46
臺東縣,臺東市,永樂里,780,533995,685,459,247,863,695.19,101.55
臺東縣,臺東市,民族里,758,562281,742,505,216,937,878.38,118.41
臺東縣,臺東市,建國里,399,224430,562,378,167,747,624.20,110.97
臺東縣,臺東市,民生里,905,660208,730,479,235,949,888.45,121.79
臺東縣,臺東市,馬蘭里,717,472921,660,464,215,878,756.45,114.69
臺東縣,臺東市,豐樂里,491,312483,636,411,206,847,652.09,102.46
臺東縣,臺東市,東海里,647,424003,655,473,244,855,726.96,110.93
臺東縣,臺東市,卑南里,1064,869282,817,610,285,1143,773.52,94.68
臺東縣,臺東市,南王里,785,490870,625,452,243,830,587.19,93.90
臺東縣,臺東市,建和里,269,132558,493,384,209,649,478.88,97.18
臺東縣,臺東市,知本里,496,249516,503,383,202,664,482.23,95.86
臺東縣,臺東市,富岡里,420,220064,524,413,191,698,502.24,95.85
臺東縣,臺東市,建興里,314,182822,582,420,224,691,644.74,110.73
臺東縣,臺東市,南榮里,715,509656,713,470,211,899,958.41,134.46
臺東縣,臺東市,岩灣里,744,512034,688,516,244,924,685.74,99.64
臺東縣,臺東市,新園里,346,168048,486,354,176,589,679.99,140.01
臺東縣,臺東市,豐田里,603,318053,527,429,227,679,518.33,98.27
臺東縣,臺東市,自強里,1130,1051382,930,606,305,1184,1081.22,116.21
臺東縣,臺東市,豐谷里,999,607596,608,431,229,784,610.49,100.38
臺東縣,臺東市,建農里,405,200796,496,388,193,614,460.74,92.93
臺東縣,臺東市,仁和里,944,616681,653,472,230,856,711.81,108.96
臺東縣,臺東市,豐盛里,1110,759567,684,486,245,937,642.16,93.84
臺東縣,臺東市,豐安里,1037,703795,679,526,263,939,582.44,85.82
臺東縣,成功鎮,忠仁里,385,194299,505,407,223,670,432.40,85.68
臺東縣,成功鎮,忠智里,437,294740,674,419,249,784,1025.74,152.08
臺東縣,成功鎮,三民里,560,304510,544,400,212,701,572.92,105.36
臺東縣,成功鎮,三仙里,188,79752,424,319,133,553,387.61,91.37
臺東縣,成功鎮,忠孝里,125,50397,403,318,149,468,400.12,99.24
臺東縣,成功鎮,博愛里,68,36571,538,427,235,644,652.56,121.34
臺東縣,成功鎮,信義里,281,148185,527,341,172,609,839.64,159.22
臺東縣,成功鎮,和平里,109,76992,706,400,181,670,1903.25,269.45
臺東縣,關山鎮,里壠里,378,216082,572,387,196,768,541.12,94.66
臺東縣,關山鎮,中福里,202,129381,640,439,183,800,735.70,114.86
臺東縣,關山鎮,新福里,179,123792,692,451,218,707,1085.00,156.89
臺東縣,關山鎮,德高里,329,189021,575,420,243,725,679.62,118.29
臺東縣,關山鎮,豐泉里,322,199190,619,428,244,750,667.92,107.97
臺東縣,關山鎮,月眉里,116,72034,621,487,231,845,553.30,89.10
臺東縣,關山鎮,電光里,86,36371,423,323,200,609,354.70,83.87
臺東縣,卑南鄉,賓朗村,461,227787,494,382,179,596,514.50,104.12
臺東縣,卑南鄉,美農村,169,92708,549,355,161,588,1240.41,226.12
臺東縣,卑南鄉,初鹿村,229,127234,556,351,188,721,630.10,113.41
臺東縣,卑南鄉,嘉豐村,61,27812,456,338,167,625,532.67,116.83
臺東縣,卑南鄉,太平村,784,480064,612,423,209,789,736.06,120.21
臺東縣,卑南鄉,利嘉村,261,149788,574,425,216,668,1097.43,191.22
臺東縣,卑南鄉,東興村,232,107815,465,400,236,596,338.21,72.78
臺東縣,卑南鄉,溫泉村,206,91639,445,321,154,609,398.63,89.61
臺東縣,卑南鄉,利吉村,69,35967,521,290,114,553,1021.38,195.95
臺東縣,卑南鄉,富源村,61,33034,542,451,197,674,439.78,81.21
臺東縣,卑南鄉,明峰村,210,121021,576,403,168,667,817.30,141.82
臺東縣,卑南鄉,泰安村,217,97470,449,358,182,579,450.28,100.25
臺東縣,卑南鄉,富山村,60,32093,535,367,227,683,567.39,106.08
臺東縣,大武鄉,大武村,273,150838,553,410,187,710,523.86,94.81
臺東縣,大武鄉,尚武村,236,118326,501,384,180,596,521.98,104.11
臺東縣,大武鄉,大鳥村,180,79064,439,384,198,573,358.04,81.51
臺東縣,大武鄉,大竹村,130,63870,491,417,244,606,387.35,78.84
臺東縣,大武鄉,南興村,113,56616,501,384,233,617,421.00,84.03
臺東縣,太麻里鄉,泰和村,294,162427,552,405,201,685,600.84,108.75
臺東縣,太麻里鄉,大王村,361,216434,600,418,242,702,697.88,116.40
臺東縣,太麻里鄉,美和村,200,102255,511,366,197,639,504.06,98.59
臺東縣,太麻里鄉,金崙村,303,161302,532,417,210,639,602.26,113.13
臺東縣,太麻里鄉,多良村,136,66162,486,390,224,573,426.99,87.77
臺東縣,太麻里鄉,華源村,93,43834,471,382,236,580,412.50,87.52
臺東縣,太麻里鄉,三和村,93,54256,583,439,205,617,924.42,158.46
臺東縣,太麻里鄉,北里村,83,29255,352,303,117,473,351.71,99.78
臺東縣,太麻里鄉,香蘭村,150,74462,496,365,160,614,511.75,103.09
臺東縣,東河鄉,東河村,183,105315,575,436,220,759,630.88,109.62
臺東縣,東河鄉,泰源村,166,75974,458,353,169,586,453.19,99.02
臺東縣,東河鄉,北源村,185,89934,486,390,156,710,427.93,88.03
臺東縣,東河鄉,隆昌村,76,34799,458,350,173,645,488.81,106.75
臺東縣,東河鄉,興昌村,169,134694,797,452,216,836,1533.79,192.45
臺東縣,東河鄉,都蘭村,387,212151,548,386,168,626,1037.66,189.29
臺東縣,東河鄉,尚德村,33,16355,496,432,225,544,424.60,85.67
臺東縣,長濱鄉,樟原村,76,33083,435,331,177,577,402.85,92.54
臺東縣,長濱鄉,三間村,162,89847,555,308,161,588,1234.01,222.50
臺東縣,長濱鄉,長濱村,369,188606,511,359,183,633,790.63,154.68
臺東縣,長濱鄉,忠勇村,67,45204,675,464,253,759,762.24,112.98
臺東縣,長濱鄉,竹湖村,138,72274,524,387,210,673,653.00,124.68
臺東縣,長濱鄉,寧埔村,181,101019,558,388,220,672,1038.45,186.06
臺東縣,鹿野鄉,鹿野村,178,96212,541,376,193,679,583.87,108.02
臺東縣,鹿野鄉,永安村,290,162890,562,371,195,636,720.24,128.23
臺東縣,鹿野鄉,瑞源村,159,89001,560,397,229,658,542.49,96.92
臺東縣,鹿野鄉,瑞豐村,152,83444,549,370,213,671,785.39,143.07
臺東縣,鹿野鄉,龍田村,178,122849,690,426,244,709,1171.95,169.81
臺東縣,鹿野鄉,瑞隆村,142,80849,569,419,203,672,681.18,119.64
臺東縣,鹿野鄉,瑞和村,114,65635,576,399,197,681,814.24,141.42
臺東縣,池上鄉,福原村,470,305401,650,399,210,858,709.44,109.18
臺東縣,池上鄉,福文村,188,97680,520,374,186,677,658.93,126.82
臺東縣,池上鄉,慶豐村,106,63745,601,417,214,686,816.50,135.77
臺東縣,池上鄉,大坡村,47,23465,499,369,185,598,764.70,153.17
臺東縣,池上鄉,大埔村,159,90491,569,434,196,767,595.85,104.70
臺東縣,池上鄉,新興村,171,100203,586,358,191,657,812.10,138.59
臺東縣,池上鄉,錦園村,53,28039,529,366,182,568,660.19,124.79
臺東縣,池上鄉,萬安村,55,34231,622,414,169,651,746.50,119.94
臺東縣,池上鄉,富興村,55,25663,467,315,183,658,426.35,91.37
臺東縣,池上鄉,振興村,56,31916,570,418,270,690,525.09,92.13
臺東縣,綠島鄉,中寮村,274,189106,690,471,211,917,720.50,104.40
臺東縣,綠島鄉,公舘村,331,214307,647,539,219,865,604.99,93.44
臺東縣,綠島鄉,南寮村,479,278957,582,452,198,785,541.77,93.03
臺東縣,延平鄉,桃源村,233,122903,527,423,267,657,463.19,87.81
臺東縣,延平鄉,紅葉村,90,47898,532,450,264,645,434.18,81.58
臺東縣,延平鄉,武陵村,135,71014,526,440,308,660,351.21,66.77
臺東縣,延平鄉,永康村,64,35645,557,445,254,768,463.69,83.25
臺東縣,延平鄉,鸞山村,138,62060,450,400,215,593,390.85,86.91
臺東縣,海端鄉,海端村,240,124690,520,443,250,688,403.47,77.66
臺東縣,海端鄉,崁頂村,146,72746,498,414,212,705,381.22,76.51
臺東縣,海端鄉,加拿村,95,44314,466,451,249,626,321.24,68.87
臺東縣,海端鄉,霧鹿村,41,19458,475,371,162,668,381.65,80.42
臺東縣,海端鄉,利稻村,54,29669,549,401,210,760,435.64,79.29
臺東縣,海端鄉,廣原村,149,73472,493,397,250,629,385.15,78.11
臺東縣,達仁鄉,土坂村,152,81282,535,455,250,666,427.40,79.93
臺東縣,達仁鄉,台坂村,107,58102,543,438,266,720,417.14,76.82
臺東縣,達仁鄉,新化村,55,25567,465,364,217,605,386.22,83.09
臺東縣,達仁鄉,安朔村,102,60073,589,523,271,805,411.67,69.90
臺東縣,達仁鄉,森永村,72,42609,592,493,233,916,478.70,80.89
臺東縣,達仁鄉,南田村,70,30194,431,362,198,613,336.15,77.93
臺東縣,金峰鄉,嘉蘭村,250,118193,473,443,252,627,355.56,75.21
臺東縣,金峰鄉,歷坵村,46,26081,567,436,242,688,557.22,98.28
臺東縣,金峰鄉,新興村,142,92545,652,406,222,779,1212.54,186.05
臺東縣,金峰鄉,賓茂村,71,30983,436,339,155,539,402.67,92.27
臺東縣,金峰鄉,正興村,165,83485,506,402,222,694,461.24,91.16
臺東縣,蘭嶼鄉,紅頭村,311,205732,662,473,233,858,712.26,107.67
臺東縣,蘭嶼鄉,東清村,256,115845,453,401,150,631,380.54,84.09
臺東縣,蘭嶼鄉,朗島村,144,64100,445,303,155,572,590.25,132.60
臺東縣,蘭嶼鄉,椰油村,235,143107,609,495,264,812,467.66,76.80
澎湖縣,馬公市,長安里,168,143695,855,612,327,1084,852.53,99.67
澎湖縣,馬公市,復興里,225,167014,742,620,456,845,608.40,81.96
澎湖縣,馬公市,中央里,141,110799,786,571,271,1155,772.46,98.30
澎湖縣,馬公市,啓明里,310,291640,941,635,292,1132,1243.86,132.22
澎湖縣,馬公市,重慶里,299,247347,827,623,261,1005,851.47,102.93
澎湖縣,馬公市,光復里,666,523350,786,555,256,945,963.49,122.61
澎湖縣,馬公市,光明里,430,352536,820,615,270,1071,767.92,93.67
澎湖縣,馬公市,重光里,520,404455,778,605,298,1015,725.16,93.23
澎湖縣,馬公市,西衛里,1833,1547162,844,616,301,1142,825.56,97.81
澎湖縣,馬公市,朝陽里,1790,1424322,796,598,298,1043,782.93,98.39
澎湖縣,馬公市,東文里,1266,931161,736,559,262,977,762.75,103.70
澎湖縣,馬公市,西文里,1217,980721,806,592,289,1072,799.67,99.23
澎湖縣,馬公市,案山里,790,572820,725,645,377,923,548.27,75.61
澎湖縣,馬公市,光華里,527,407737,774,661,494,902,598.03,77.30
澎湖縣,馬公市,前寮里,415,367592,886,622,354,982,1075.65,121.44
澎湖縣,馬公市,石泉里,1015,814315,802,604,319,1051,840.52,104.77
澎湖縣,馬公市,菜園里,132,94974,720,565,332,897,600.00,83.39
澎湖縣,馬公市,東衛里,837,652747,780,607,313,981,831.38,106.61
澎湖縣,馬公市,安宅里,222,181009,815,594,313,1115,806.22,98.88
澎湖縣,馬公市,烏崁里,326,219375,673,513,230,861,684.34,101.70
澎湖縣,馬公市,興仁里,564,414866,736,614,329,988,624.33,84.88
澎湖縣,馬公市,鐵線里,238,157253,661,518,244,810,706.13,106.87
澎湖縣,馬公市,山水里,439,289026,658,488,227,853,748.63,113.71
澎湖縣,馬公市,鎖港里,737,467594,634,501,220,825,616.17,97.12
澎湖縣,馬公市,井垵里,109,58016,532,495,247,694,422.03,79.29
澎湖縣,馬公市,嵵裡里,304,188669,621,477,231,805,582.33,93.83
澎湖縣,馬公市,風櫃里,286,166390,582,474,249,737,573.81,98.63
澎湖縣,馬公市,虎井里,272,176228,648,558,314,807,525.69,81.14
澎湖縣,馬公市,桶盤里,68,42940,631,537,326,808,466.19,73.83
澎湖縣,馬公市,中興里,309,257009,832,605,369,1085,817.93,98.34
澎湖縣,馬公市,五德里,261,147676,566,546,361,654,566.27,100.08
澎湖縣,馬公市,光榮里,1373,1162918,847,599,283,1083,978.42,115.52
澎湖縣,馬公市,陽明里,878,731131,833,594,310,1096,836.30,100.43
澎湖縣,湖西鄉,湖西村,413,302403,732,595,302,953,663.55,90.62
澎湖縣,湖西鄉,湖東村,127,74335,585,510,253,714,506.55,86.54
澎湖縣,湖西鄉,南寮村,196,136056,694,470,264,743,885.13,127.51
澎湖縣,湖西鄉,白坑村,61,33166,544,398,185,680,505.87,93.04
澎湖縣,湖西鄉,青螺村,56,37979,678,476,308,1034,518.20,76.41
澎湖縣,湖西鄉,紅羅村,214,140865,658,490,188,842,741.41,112.63
澎湖縣,湖西鄉,西溪村,430,267861,623,544,422,691,460.14,73.87
澎湖縣,湖西鄉,沙港村,210,143484,683,554,280,935,575.33,84.20
澎湖縣,湖西鄉,成功村,433,271705,627,535,320,758,479.46,76.41
澎湖縣,湖西鄉,東石村,23,17285,752,504,325,856,832.38,110.76
澎湖縣,湖西鄉,鼎灣村,197,146516,744,643,385,953,593.95,79.86
澎湖縣,湖西鄉,中西村,61,58583,960,562,301,1055,1477.05,153.80
澎湖縣,湖西鄉,潭邊村,86,59186,688,579,244,834,682.81,99.22
澎湖縣,湖西鄉,許家村,197,138208,702,592,281,969,592.47,84.45
澎湖縣,湖西鄉,隘門村,403,282702,701,578,333,893,579.78,82.65
澎湖縣,湖西鄉,林投村,308,201713,655,497,268,771,627.83,95.87
澎湖縣,湖西鄉,尖山村,195,127027,651,529,263,807,605.76,92.99
澎湖縣,湖西鄉,龍門村,492,321725,654,532,240,824,612.01,93.59
澎湖縣,湖西鄉,菓葉村,189,120611,638,498,286,818,600.92,94.17
澎湖縣,湖西鄉,北寮村,89,59523,669,582,270,853,587.45,87.84
澎湖縣,湖西鄉,城北村,164,103081,629,514,325,778,540.25,85.95
澎湖縣,湖西鄉,太武村,21,11466,546,438,236,644,413.51,75.73
澎湖縣,白沙鄉,中屯村,169,145753,862,568,287,1164,1184.03,137.29
澎湖縣,白沙鄉,講美村,194,109874,566,441,217,740,612.31,108.11
澎湖縣,白沙鄉,城前村,34,21471,632,500,202,757,645.78,102.26
澎湖縣,白沙鄉,鎮海村,35,22398,640,394,152,780,793.20,123.95
澎湖縣,白沙鄉,港子村,78,43202,554,414,201,798,472.08,85.23
澎湖縣,白沙鄉,小赤村,40,35344,884,554,329,931,1203.22,136.17
澎湖縣,白沙鄉,岐頭村,53,35537,671,543,275,812,600.26,89.52
澎湖縣,白沙鄉,赤崁村,535,364626,682,572,282,954,559.39,82.08
澎湖縣,白沙鄉,瓦硐村,75,48221,643,540,294,814,520.57,80.97
澎湖縣,白沙鄉,後寮村,215,128686,599,522,204,769,568.24,94.94
澎湖縣,白沙鄉,通梁村,179,114175,638,502,242,774,600.83,94.20
澎湖縣,白沙鄉,吉貝村,243,141272,581,491,249,695,524.70,90.25
澎湖縣,白沙鄉,鳥嶼村,250,152444,610,516,278,799,508.42,83.38
澎湖縣,白沙鄉,員貝村,58,36453,628,474,175,919,567.82,90.35
澎湖縣,白沙鄉,大倉村,61,36526,599,478,222,718,577.20,96.39
澎湖縣,西嶼鄉,合界村,90,71275,792,529,296,926,867.85,109.58
澎湖縣,西嶼鄉,橫礁村,68,38324,564,499,242,699,596.87,105.91
澎湖縣,西嶼鄉,竹灣村,196,120004,612,495,228,886,520.88,85.07
澎湖縣,西嶼鄉,小門村,51,42312,830,656,344,1067,646.41,77.91
澎湖縣,西嶼鄉,大池村,131,105595,806,560,226,1041,908.46,112.70
澎湖縣,西嶼鄉,二崁村,31,19312,623,485,274,814,574.62,92.24
澎湖縣,西嶼鄉,池東村,216,184390,854,583,319,1038,929.31,108.86
澎湖縣,西嶼鄉,池西村,51,33838,663,454,194,824,791.05,119.23
澎湖縣,西嶼鄉,赤馬村,101,66304,656,534,229,813,680.43,103.65
澎湖縣,西嶼鄉,內垵村,271,183896,679,508,237,876,682.00,100.50
澎湖縣,西嶼鄉,外垵村,413,262013,634,537,270,822,595.98,93.94
澎湖縣,望安鄉,東安村,288,221075,768,635,386,1099,559.25,72.85
澎湖縣,望安鄉,西安村,177,111614,631,493,200,916,629.63,99.85
澎湖縣,望安鄉,將軍村,279,190064,681,491,231,873,737.37,108.24
澎湖縣,望安鄉,中社村,109,78134,717,436,207,845,906.54,126.47
澎湖縣,望安鄉,花嶼村,56,34798,621,528,323,758,480.48,77.32
澎湖縣,望安鄉,水垵村,124,83246,671,537,271,962,530.22,78.98
澎湖縣,望安鄉,東吉村,79,51461,651,610,178,951,524.81,80.57
澎湖縣,望安鄉,東坪村,115,71304,620,502,267,770,605.66,97.68
澎湖縣,望安鄉,西坪村,56,46711,834,533,301,799,1708.14,204.78
澎湖縣,七美鄉,東湖村,57,30778,540,346,177,736,552.14,102.25
澎湖縣,七美鄉,西湖村,142,117894,830,622,254,1165,806.14,97.10
澎湖縣,七美鄉,中和村,195,141015,723,572,307,887,818.54,113.19
澎湖縣,七美鄉,平和村,107,86336,807,572,406,1128,671.84,83.26
澎湖縣,七美鄉,南港村,304,214361,705,560,251,948,725.04,102.82
澎湖縣,七美鄉,海豐村,79,53500,677,489,205,1030,613.27,90.56
金門縣,金城鎮,東門里,1762,1402887,796,555,273,1040,830.03,104.25
金門縣,金城鎮,南門里,1943,1582890,815,590,281,1035,901.22,110.63
金門縣,金城鎮,西門里,3733,3447178,923,627,310,1225,973.12,105.38
金門縣,金城鎮,北門里,1438,1254954,873,557,281,1076,1005.57,115.22
金門縣,金城鎮,賢庵里,1826,1411328,773,544,277,973,840.49,108.74
金門縣,金城鎮,金水里,852,675989,793,589,285,1066,800.01,100.83
金門縣,金城鎮,古城里,1476,1139287,772,556,264,980,822.25,106.53
金門縣,金城鎮,珠沙里,1105,870924,788,546,274,978,929.46,117.93
金門縣,金寧鄉,古寧村,1173,955121,814,540,263,1000,1280.60,157.27
金門縣,金寧鄉,安美村,2161,1599583,740,546,259,915,980.02,132.40
金門縣,金寧鄉,湖埔村,2832,2282047,806,557,274,1028,885.25,109.86
金門縣,金寧鄉,榜林村,2071,1621704,783,557,282,982,813.30,103.86
金門縣,金寧鄉,盤山村,2427,1905669,785,535,270,981,894.02,113.86
金門縣,金寧鄉,后盤村,613,474237,774,597,290,1013,747.78,96.66
金門縣,金湖鎮,新市里,1499,1457077,972,640,315,1131,1463.31,150.54
金門縣,金湖鎮,山外里,1371,1051864,767,588,330,910,798.90,104.13
金門縣,金湖鎮,溪湖里,538,378726,704,465,232,818,1078.25,153.17
金門縣,金湖鎮,蓮庵里,691,531458,769,566,304,944,833.90,108.42
金門縣,金湖鎮,料羅里,931,739706,795,673,344,1033,704.01,88.61
金門縣,金湖鎮,新湖里,3306,2797383,846,611,310,1050,1001.39,118.35
金門縣,金湖鎮,正義里,1037,790236,762,558,297,938,871.56,114.37
金門縣,金湖鎮,瓊林里,1243,1037247,834,590,306,1048,902.22,108.12
金門縣,金沙鎮,汶沙里,1790,1444969,807,566,289,1042,828.74,102.66
金門縣,金沙鎮,何斗里,706,581795,824,545,288,1007,923.85,112.11
金門縣,金沙鎮,浦山里,854,630258,738,527,260,912,759.84,102.96
金門縣,金沙鎮,西園里,528,420723,797,538,289,959,1011.65,126.96
金門縣,金沙鎮,官嶼里,820,660598,806,536,273,992,993.30,123.30
金門縣,金沙鎮,光前里,868,680821,784,551,289,973,914.87,116.64
金門縣,金沙鎮,三山里,691,496627,719,541,254,982,697.91,97.11
金門縣,金沙鎮,大洋里,444,360684,812,542,289,983,1025.82,126.28
金門縣,烈嶼鄉,林湖村,1190,936460,787,572,299,948,933.77,118.66
金門縣,烈嶼鄉,黃埔村,594,419515,706,531,278,859,996.84,141.14
金門縣,烈嶼鄉,西口村,806,606101,752,546,296,896,765.78,101.83
金門縣,烈嶼鄉,上林村,490,357841,730,524,248,919,771.22,105.60
金門縣,烈嶼鄉,上岐村,1069,839388,785,529,276,932,980.47,124.87
金門縣,烏坵鄉,大坵村,112,85123,760,579,279,931,706.48,92.95
金門縣,烏坵鄉,小坵村,108,97549,903,713,289,1178,855.62,94.73
連江縣,南竿鄉,介壽村,878,839776,956,707,401,1247,971.17,101.54
連江縣,南竿鄉,復興村,357,318737,893,684,336,1195,803.61,90.01
連江縣,南竿鄉,福沃村,330,273347,828,667,358,1088,711.68,85.92
連江縣,南竿鄉,清水村,475,418979,882,650,389,1131,826.11,93.66
連江縣,南竿鄉,珠螺村,127,84506,665,617,426,838,456.01,68.53
連江縣,南竿鄉,仁愛村,287,218952,763,638,485,863,581.55,76.23
連江縣,南竿鄉,津沙村,132,108179,820,645,299,1126,741.46,90.47
連江縣,南竿鄉,馬祖村,204,165343,811,575,351,931,838.21,103.42
連江縣,南竿鄉,四維村,54,76739,1421,696,421,1263,3197.21,224.98
連江縣,北竿鄉,塘岐村,457,369638,809,602,320,1051,764.60,94.53
連江縣,北竿鄉,后沃村,78,60065,770,625,295,1030,666.55,86.56
連江縣,北竿鄉,橋仔村,160,96389,602,518,259,790,500.87,83.14
連江縣,北竿鄉,芹壁村,237,186942,789,629,522,847,676.56,85.77
連江縣,北竿鄉,坂里村,123,84176,684,505,302,818,688.50,100.61
連江縣,北竿鄉,白沙村,54,41391,766,560,371,911,794.74,103.69
連江縣,莒光鄉,青帆村,148,125817,850,715,381,1096,701.36,82.50
連江縣,莒光鄉,田沃村,96,77447,807,657,289,1167,633.19,78.49
連江縣,莒光鄉,西坵村,65,46791,720,662,581,859,269.35,37.42
連江縣,莒光鄉,大坪村,212,160076,755,604,294,927,694.13,91.93
連江縣,莒光鄉,福正村,68,48969,720,471,251,765,994.20,138.06
連江縣,東引鄉,中柳村,321,258212,804,667,473,1023,598.26,74.37
連江縣,東引鄉,樂華村,393,302694,770,646,472,939,597.69,77.60
嘉義市,東區,中庄里,1032,816968,792,510,247,975,954.89,120.62
嘉義市,東區,頂庄里,748,586618,784,541,252,1034,798.19,101.78
嘉義市,東區,王田里,863,832230,964,587,271,1083,1439.81,149.30
嘉義市,東區,圳頭里,1409,1136270,806,524,259,1027,926.34,114.87
嘉義市,東區,鹿寮里,276,209742,760,528,241,876,882.63,116.15
嘉義市,東區,盧厝里,737,761725,1034,608,273,1264,1398.38,135.30
嘉義市,東區,短竹里,832,846544,1017,599,271,1185,1345.32,132.22
嘉義市,東區,長竹里,1103,1224182,1110,659,291,1276,1469.79,132.43
嘉義市,東區,後庄里,1251,891138,712,484,218,935,733.29,102.94
嘉義市,東區,東川里,643,659594,1026,623,250,1268,1304.63,127.18
嘉義市,東區,太平里,1557,1391195,894,564,268,1108,1151.89,128.92
嘉義市,東區,興南里,447,350711,785,486,231,954,937.83,119.53
嘉義市,東區,豐年里,361,313076,867,521,232,1104,1153.37,132.99
嘉義市,東區,新開里,646,506077,783,498,219,1047,858.79,109.62
嘉義市,東區,宣信里,327,218795,669,421,179,902,816.87,122.08
嘉義市,東區,芳草里,1065,722990,679,465,217,833,791.42,116.58
嘉義市,東區,安寮里,878,652912,744,476,222,947,855.91,115.10
嘉義市,東區,興村里,1305,889793,682,485,241,911,703.91,103.24
嘉義市,東區,頂寮里,773,594199,769,494,240,970,978.18,127.25
嘉義市,東區,荖藤里,1621,1293493,798,546,267,1037,898.91,112.65
嘉義市,東區,後湖里,1155,895346,775,522,262,967,940.54,121.33
嘉義市,東區,過溝里,690,588494,853,487,242,1020,1177.52,138.06
嘉義市,東區,民族里,410,304404,742,490,209,936,975.32,131.37
嘉義市,東區,朝陽里,515,362619,704,469,212,895,847.25,120.33
嘉義市,東區,華南里,594,412025,694,438,232,825,975.33,140.61
嘉義市,東區,東興里,612,555939,908,534,239,1110,1156.84,127.35
嘉義市,東區,中山里,669,627148,937,585,269,1111,1103.63,117.73
嘉義市,東區,中央里,695,571666,823,470,215,923,1363.33,165.75
嘉義市,東區,林森里,741,683335,922,562,284,1164,1194.59,129.54
嘉義市,東區,北門里,635,514928,811,465,234,997,1045.27,128.90
嘉義市,東區,蘭潭里,795,601593,757,455,199,883,1040.93,137.56
嘉義市,東區,文雅里,1462,1647192,1127,658,320,1362,1549.53,137.53
嘉義市,東區,安業里,646,456273,706,507,231,907,799.02,113.13
嘉義市,東區,義教里,857,593993,693,454,215,835,799.40,115.34
嘉義市,東區,興安里,1138,901474,792,565,256,1040,848.68,107.14
嘉義市,東區,興仁里,1148,787372,686,462,218,879,780.35,113.78
嘉義市,東區,新店里,1519,1416543,933,567,275,1136,1240.93,133.07
嘉義市,東區,仁義里,949,738821,779,524,258,961,999.50,128.38
嘉義市,東區,芳安里,687,577844,841,560,255,1052,1028.01,122.22
嘉義市,西區,永和里,468,300132,641,431,182,861,701.39,109.37
嘉義市,西區,新富里,478,365066,764,499,196,1015,882.50,115.55
嘉義市,西區,文化里,733,605920,827,529,218,1014,1055.57,127.70
嘉義市,西區,西榮里,676,495462,733,464,219,942,912.97,124.56
嘉義市,西區,國華里,458,442843,967,547,243,1120,1569.36,162.31
嘉義市,西區,番社里,447,402811,901,552,276,1019,1196.16,132.74
嘉義市,西區,導明里,432,325175,753,494,244,949,834.03,110.80
嘉義市,西區,慶安里,376,234278,623,431,221,788,691.54,110.99
嘉義市,西區,後驛里,529,338008,639,435,224,825,711.72,111.39
嘉義市,西區,福安里,1471,1179686,802,532,264,1025,862.99,107.61
嘉義市,西區,獅子里,862,641422,744,504,247,907,893.05,120.02
嘉義市,西區,紅瓦里,469,351431,749,473,246,1001,804.01,107.30
嘉義市,西區,保福里,1243,942534,758,508,234,959,924.60,121.93
嘉義市,西區,保生里,1399,1063699,760,496,251,927,928.38,122.10
嘉義市,西區,北新里,361,266542,738,545,260,916,786.36,106.50
嘉義市,西區,育英里,537,442507,824,553,261,1021,990.23,120.17
嘉義市,西區,湖內里,1751,1258477,719,485,245,893,827.40,115.12
嘉義市,西區,美源里,1119,893911,799,467,232,972,1059.23,132.59
嘉義市,西區,致遠里,550,441661,803,534,241,1049,882.37,109.88
嘉義市,西區,翠岱里,419,327070,781,500,240,1003,936.59,119.98
嘉義市,西區,自強里,508,451546,889,559,262,1118,1012.14,113.87
嘉義市,西區,培元里,490,370810,757,470,229,939,930.78,123.00
嘉義市,西區,車店里,1830,1352925,739,481,235,961,825.34,111.64
嘉義市,西區,光路里,1681,1386719,825,546,273,1012,999.43,121.15
嘉義市,西區,香湖里,223,171210,768,525,262,1016,853.69,111.19
嘉義市,西區,湖邊里,657,459299,699,432,225,877,877.61,125.54
嘉義市,西區,重興里,540,376766,698,452,223,847,848.20,121.57
嘉義市,西區,北榮里,702,504710,719,479,239,935,777.21,108.10
嘉義市,西區,新厝里,1267,933489,737,464,240,948,863.87,117.25
嘉義市,西區,竹圍里,1445,1087775,753,490,227,939,960.20,127.55
嘉義市,西區,保安里,1112,792241,712,513,231,922,779.43,109.40
嘉義市,西區,北湖里,935,642825,688,480,230,910,700.09,101.83
嘉義市,西區,下埤里,491,326370,665,498,252,848,624.72,93.98
嘉義市,西區,竹村里,332,198833,599,440,236,779,610.87,102.00
嘉義市,西區,書院里,602,524194,871,503,220,983,1323.00,151.94
嘉義市,西區,福全里,1396,1010992,724,466,230,912,877.02,121.10
嘉義市,西區,西平里,1105,903439,818,542,239,1028,1043.64,127.65
嘉義市,西區,磚磘里,1164,822257,706,489,218,976,712.72,100.89
嘉義市,西區,劉厝里,2404,2094965,871,562,270,1106,996.82,114.39
嘉義市,西區,港坪里,1232,990720,804,530,253,1033,950.61,118.21
嘉義市,西區,頭港里,605,429123,709,468,220,884,1079.57,152.20
嘉義市,西區,大溪里,661,453543,686,474,242,901,716.03,104.36
嘉義市,西區,垂楊里,532,375609,706,428,205,890,895.00,126.76
嘉義市,西區,新西里,533,348763,654,443,204,778,707.20,108.08
嘉義市,西區,福民里,1759,1483132,843,535,239,1084,1013.56,120.21
新竹市,東區,榮光里,126,160433,1273,673,320,1407,1646.09,129.28
新竹市,東區,成功里,222,210457,948,534,246,1284,1104.50,116.51
新竹市,東區,育賢里,453,1164573,2571,1110,372,3229,4487.25,174.55
新竹市,東區,親仁里,748,1870367,2500,1037,411,2721,4172.63,166.87
新竹市,東區,中正里,228,260644,1143,613,266,1407,1535.94,134.36
新竹市,東區,東門里,204,221460,1086,606,294,1266,1395.98,128.59
新竹市,東區,三民里,1999,2702336,1352,686,300,1540,2202.33,162.91
新竹市,東區,文華里,1830,2283950,1248,653,277,1568,1764.86,141.41
新竹市,東區,公園里,1288,2277469,1768,799,347,1921,3334.30,188.57
新竹市,東區,東園里,2542,5482543,2157,1403,535,2910,2478.78,114.93
新竹市,東區,復中里,1702,2621586,1540,689,313,1635,3309.83,214.88
新竹市,東區,東勢里,1844,4922611,2670,1858,688,3550,3728.38,139.66
新竹市,東區,綠水里,2550,5433009,2131,1047,408,2626,3905.94,183.33
新竹市,東區,東山里,1222,1770730,1449,738,335,1716,2622.99,181.02
新竹市,東區,水源里,1150,1120967,975,561,266,1178,1264.05,129.68
新竹市,東區,前溪里,1005,947621,943,514,260,1050,1358.80,144.11
新竹市,東區,光復里,1211,2213086,1827,873,351,2313,2626.06,143.70
新竹市,東區,千甲里,708,748539,1057,610,294,1243,1416.43,133.97
新竹市,東區,仙宮里,542,921395,1700,887,366,2292,2204.37,129.67
新竹市,東區,光明里,1261,2989737,2371,1230,452,2814,3566.97,150.45
新竹市,東區,建功里,1577,2873128,1822,1026,381,2549,2112.82,115.97
新竹市,東區,金山里,2226,4388621,1972,1021,414,2600,2837.69,143.93
新竹市,東區,埔頂里,3983,11462350,2878,2220,861,3962,2835.18,98.52
新竹市,東區,仙水里,2051,4414822,2153,1306,463,2904,3172.24,147.37
新竹市,東區,龍山里,4665,15664376,3358,2558,982,4625,3495.43,104.10
新竹市,東區,新莊里,2213,4293150,1940,1049,383,2517,2865.35,147.70
新竹市,東區,南門里,251,266069,1060,571,259,1218,1752.45,165.32
新竹市,東區,關帝里,140,116259,830,500,233,913,1153.72,138.93
新竹市,東區,寺前里,243,216060,889,503,262,1046,1087.68,122.33
新竹市,東區,福德里,545,605106,1110,586,277,1264,1570.17,141.42
新竹市,東區,新興里,1180,1302586,1104,601,284,1274,1514.77,137.22
新竹市,東區,南市里,276,224552,814,472,227,955,1219.72,149.92
新竹市,東區,振興里,2062,2173000,1054,603,276,1230,1412.10,134.00
新竹市,東區,竹蓮里,245,235214,960,549,237,1062,1384.23,144.18
新竹市,東區,南大里,430,422961,984,556,241,1212,1275.16,129.64
新竹市,東區,頂竹里,994,1103029,1110,605,282,1269,1815.79,163.63
新竹市,東區,下竹里,157,127214,810,487,207,1072,921.05,113.67
新竹市,東區,高峰里,2208,3369806,1526,661,293,1582,3692.49,241.94
新竹市,東區,柴橋里,2336,4798752,2054,831,351,2095,4253.08,207.04
新竹市,東區,光鎮里,1338,1389588,1039,553,255,1299,1495.41,143.99
新竹市,東區,豐功里,1805,4934294,2734,1341,447,3526,4056.31,148.38
新竹市,東區,軍功里,1042,1498252,1438,759,301,1853,2148.08,149.39
新竹市,東區,武功里,1561,2431035,1557,839,363,2041,1902.72,122.18
新竹市,東區,立功里,253,203391,804,495,239,927,1039.79,129.34
新竹市,東區,關東里,2000,4185517,2093,888,366,2399,3587.66,171.43
新竹市,東區,科園里,2747,7607576,2769,1082,426,2812,9343.73,337.39
新竹市,東區,錦華里,796,1571746,1975,819,322,2029,6656.31,337.10
新竹市,東區,建華里,902,1192998,1323,664,322,1558,2412.77,182.42
新竹市,東區,復興里,1989,2910955,1464,770,330,1831,2188.72,149.55
新竹市,東區,新光里,1263,1198047,949,554,274,1164,1249.24,131.70
新竹市,東區,湖濱里,1357,1856036,1368,694,310,1437,2701.69,197.53
新竹市,東區,明湖里,2095,2758725,1317,630,303,1331,3635.86,276.11
新竹市,東區,關新里,2098,9680457,4614,3479,1527,5885,6135.79,132.98
新竹市,北區,光田里,789,862338,1093,582,274,1221,2523.54,230.89
新竹市,北區,仁德里,248,217693,878,545,242,1012,1162.17,132.40
新竹市,北區,中央里,156,128320,823,463,210,1050,1047.97,127.40
新竹市,北區,西門里,232,292066,1259,641,311,1507,1768.50,140.48
新竹市,北區,興南里,520,641394,1233,615,277,1509,1735.16,140.68
新竹市,北區,潛園里,254,213526,841,495,219,1071,1115.29,132.67
新竹市,北區,南勢里,1609,1774511,1103,612,268,1312,1491.79,135.27
新竹市,北區,崇禮里,370,345069,933,535,256,1109,1191.32,127.74
新竹市,北區,石坊里,192,141158,735,475,202,987,793.70,107.96
新竹市,北區,西雅里,1044,920666,882,540,263,1073,1046.09,118.62
新竹市,北區,曲溪里,1748,1619166,926,503,236,1055,1302.06,140.57
新竹市,北區,客雅里,668,668665,1001,605,250,1182,1418.34,141.69
新竹市,北區,中興里,384,723322,1884,1067,371,2684,2162.59,114.81
新竹市,北區,大同里,338,677797,2005,810,324,1921,6256.33,311.99
新竹市,北區,中山里,368,642390,1746,751,336,1912,2638.20,151.13
新竹市,北區,北門里,362,468082,1293,741,294,1526,1710.39,132.28
新竹市,北區,民富里,1753,1870181,1067,556,265,1254,1575.59,147.69
新竹市,北區,新民里,617,639633,1037,554,262,1203,1494.79,144.19
新竹市,北區,長和里,495,501163,1012,585,268,1136,1467.90,144.99
新竹市,北區,文雅里,1525,1793860,1176,579,278,1369,1756.12,149.29
新竹市,北區,舊社里,2344,2606716,1112,571,273,1265,2027.37,182.30
新竹市,北區,湳雅里,1117,1465690,1312,662,268,1451,2166.66,165.12
新竹市,北區,武陵里,1672,2048910,1225,625,289,1353,2351.04,191.86
新竹市,北區,士林里,778,947019,1217,665,273,1447,1667.12,136.96
新竹市,北區,福林里,1406,1788087,1272,607,285,1330,2079.91,163.55
新竹市,北區,古賢里,242,218572,903,634,344,1113,972.56,107.68
新竹市,北區,康樂里,1323,1263353,955,602,283,1197,1230.39,128.85
新竹市,北區,南寮里,1950,1598557,820,533,253,1018,979.00,119.42
新竹市,北區,中寮里,1636,1462962,894,571,277,1092,1491.87,166.83
新竹市,北區,海濱里,1791,1471930,822,557,261,1057,920.61,112.02
新竹市,北區,港北里,859,756472,881,586,277,1121,1083.48,123.03
新竹市,北區,舊港里,153,114035,745,448,207,845,1059.17,142.11
新竹市,北區,育英里,1330,1490079,1120,590,286,1271,2025.56,180.80
新竹市,北區,水田里,1431,2107852,1473,666,280,1636,2938.78,199.51
新竹市,北區,大鵬里,114,107070,939,803,620,1079,630.90,67.17
新竹市,北區,境福里,1689,1770818,1048,594,270,1185,1422.89,135.72
新竹市,北區,磐石里,1964,2082977,1061,636,286,1289,1300.87,122.66
新竹市,北區,新雅里,1593,1464150,919,520,241,1119,1259.50,137.03
新竹市,北區,光華里,1279,1306591,1022,549,253,1113,1827.70,178.91
新竹市,北區,金華里,1996,2549889,1277,666,309,1456,1969.68,154.18
新竹市,北區,金竹里,2376,2746974,1156,607,278,1344,1890.97,163.56
新竹市,北區,湳中里,2937,4618700,1573,845,355,1938,2566.79,163.22
新竹市,北區,金雅里,1682,2467393,1467,909,416,1952,1681.62,114.63
新竹市,北區,台溪里,607,588819,970,548,236,1243,1258.99,129.79
新竹市,北區,中雅里,1392,1791885,1287,802,352,1672,1500.42,116.56
新竹市,香山區,頂埔里,2287,3005622,1314,818,355,1707,1560.04,118.70
新竹市,香山區,中埔里,1135,1047701,923,551,261,1203,1091.49,118.24
新竹市,香山區,埔前里,1234,1289835,1045,609,305,1264,1243.07,118.93
新竹市,香山區,牛埔里,1938,2344927,1210,700,322,1443,1927.73,159.32
新竹市,香山區,樹下里,750,544026,725,498,225,903,797.61,109.96
新竹市,香山區,浸水里,851,673824,792,505,259,985,932.26,117.74
新竹市,香山區,虎林里,838,707425,844,520,261,1063,1001.72,118.66
新竹市,香山區,虎山里,1878,1293407,689,467,243,854,759.37,110.26
新竹市,香山區,港南里,914,720878,789,508,268,970,1006.86,127.66
新竹市,香山區,香村里,1480,1933679,1307,635,316,1454,2149.30,164.50
新竹市,香山區,東香里,1656,2503323,1512,808,332,1826,2214.43,146.49
新竹市,香山區,香山里,1689,1531315,907,537,258,1121,1091.12,120.35
新竹市,香山區,大庄里,1090,957434,878,524,260,1017,1346.41,153.28
新竹市,香山區,美山里,365,265733,728,489,254,854,854.68,117.39
新竹市,香山區,朝山里,786,579928,738,495,233,847,861.74,116.79
新竹市,香山區,海山里,788,632409,803,491,256,927,998.69,124.44
新竹市,香山區,鹽水里,534,431438,808,522,239,1039,884.52,109.48
新竹市,香山區,南港里,259,190028,734,519,252,853,765.56,104.34
新竹市,香山區,內湖里,1500,1327737,885,492,250,969,1273.27,143.85
新竹市,香山區,中隘里,680,617607,908,487,237,931,1503.64,165.55
新竹市,香山區,南隘里,245,251895,1028,526,287,1090,1387.86,134.99
新竹市,香山區,大湖里,290,221263,763,496,243,928,974.98,127.79
新竹市,香山區,茄苳里,317,223351,705,444,217,784,1019.59,144.71
新竹市,香山區,頂福里,1748,2127148,1217,704,314,1564,1429.24,117.45
